Name,Address,Description,Website,Google Maps URL,Year,Genre,Genre Slug,Release Date
ロビンズインドキッチン,千葉県船橋市本中山4-25-16,食べログ アジア・エスニック EAST 百名店 2023,https://tabelog.com/chiba/A1202/A120201/12056250/,https://www.google.com/maps/search/?api=1&query=%E3%83%AD%E3%83%93%E3%83%B3%E3%82%BA%E3%82%A4%E3%83%B3%E3%83%89%E3%82%AD%E3%83%83%E3%83%81%E3%83%B3%20%E5%8D%83%E8%91%89%E7%9C%8C%E8%88%B9%E6%A9%8B%E5%B8%82%E6%9C%AC%E4%B8%AD%E5%B1%B14-25-16,2023,アジア・エスニック EAST,asia_ethnic_east,発表日：2023年9月26日
Salaam Curry,群馬県伊勢崎市柳原町54,食べログ アジア・エスニック EAST 百名店 2023,https://tabelog.com/gunma/A1002/A100202/10022154/,https://www.google.com/maps/search/?api=1&query=Salaam%20Curry%20%E7%BE%A4%E9%A6%AC%E7%9C%8C%E4%BC%8A%E5%8B%A2%E5%B4%8E%E5%B8%82%E6%9F%B3%E5%8E%9F%E7%94%BA54,2023,アジア・エスニック EAST,asia_ethnic_east,発表日：2023年9月26日
レストラン サダフ,千葉県佐倉市吉見602-32,食べログ アジア・エスニック EAST 百名店 2023,https://tabelog.com/chiba/A1204/A120402/12040017/,https://www.google.com/maps/search/?api=1&query=%E3%83%AC%E3%82%B9%E3%83%88%E3%83%A9%E3%83%B3%20%E3%82%B5%E3%83%80%E3%83%95%20%E5%8D%83%E8%91%89%E7%9C%8C%E4%BD%90%E5%80%89%E5%B8%82%E5%90%89%E8%A6%8B602-32,2023,アジア・エスニック EAST,asia_ethnic_east,発表日：2023年9月26日
クウシ,千葉県柏市泉町6-38 サポーレ柏101,食べログ アジア・エスニック EAST 百名店 2023,https://tabelog.com/chiba/A1203/A120301/12020792/,https://www.google.com/maps/search/?api=1&query=%E3%82%AF%E3%82%A6%E3%82%B7%20%E5%8D%83%E8%91%89%E7%9C%8C%E6%9F%8F%E5%B8%82%E6%B3%89%E7%94%BA6-38%20%E3%82%B5%E3%83%9D%E3%83%BC%E3%83%AC%E6%9F%8F101,2023,アジア・エスニック EAST,asia_ethnic_east,発表日：2023年9月26日
マドラスミールス,神奈川県川崎市中原区上丸子八幡町816 山本ビル1F,食べログ アジア・エスニック EAST 百名店 2023,https://tabelog.com/kanagawa/A1405/A140504/14043719/,https://www.google.com/maps/search/?api=1&query=%E3%83%9E%E3%83%89%E3%83%A9%E3%82%B9%E3%83%9F%E3%83%BC%E3%83%AB%E3%82%B9%20%E7%A5%9E%E5%A5%88%E5%B7%9D%E7%9C%8C%E5%B7%9D%E5%B4%8E%E5%B8%82%E4%B8%AD%E5%8E%9F%E5%8C%BA%E4%B8%8A%E4%B8%B8%E5%AD%90%E5%85%AB%E5%B9%A1%E7%94%BA816%20%E5%B1%B1%E6%9C%AC%E3%83%93%E3%83%AB1F,2023,アジア・エスニック EAST,asia_ethnic_east,発表日：2023年9月26日
シナモンガーデン 関内店,神奈川県横浜市中区常盤町3-22-3 徳栄ビル 2F,食べログ アジア・エスニック EAST 百名店 2023,https://tabelog.com/kanagawa/A1401/A140104/14089904/,https://www.google.com/maps/search/?api=1&query=%E3%82%B7%E3%83%8A%E3%83%A2%E3%83%B3%E3%82%AC%E3%83%BC%E3%83%87%E3%83%B3%20%E9%96%A2%E5%86%85%E5%BA%97%20%E7%A5%9E%E5%A5%88%E5%B7%9D%E7%9C%8C%E6%A8%AA%E6%B5%9C%E5%B8%82%E4%B8%AD%E5%8C%BA%E5%B8%B8%E7%9B%A4%E7%94%BA3-22-3%20%E5%BE%B3%E6%A0%84%E3%83%93%E3%83%AB%202F,2023,アジア・エスニック EAST,asia_ethnic_east,発表日：2023年9月26日
ムムターズレストラン,千葉県白井市河原子228-11,食べログ アジア・エスニック EAST 百名店 2023,https://tabelog.com/chiba/A1203/A120303/12043760/,https://www.google.com/maps/search/?api=1&query=%E3%83%A0%E3%83%A0%E3%82%BF%E3%83%BC%E3%82%BA%E3%83%AC%E3%82%B9%E3%83%88%E3%83%A9%E3%83%B3%20%E5%8D%83%E8%91%89%E7%9C%8C%E7%99%BD%E4%BA%95%E5%B8%82%E6%B2%B3%E5%8E%9F%E5%AD%90228-11,2023,アジア・エスニック EAST,asia_ethnic_east,発表日：2023年9月26日
アーユーボーワン,千葉県柏市東上町2-24 1F,食べログ アジア・エスニック EAST 百名店 2023,https://tabelog.com/chiba/A1203/A120301/12033520/,https://www.google.com/maps/search/?api=1&query=%E3%82%A2%E3%83%BC%E3%83%A6%E3%83%BC%E3%83%9C%E3%83%BC%E3%83%AF%E3%83%B3%20%E5%8D%83%E8%91%89%E7%9C%8C%E6%9F%8F%E5%B8%82%E6%9D%B1%E4%B8%8A%E7%94%BA2-24%201F,2023,アジア・エスニック EAST,asia_ethnic_east,発表日：2023年9月26日
Handi レストラン,千葉県野田市目吹1508-1,食べログ アジア・エスニック EAST 百名店 2023,https://tabelog.com/chiba/A1203/A120305/12026828/,https://www.google.com/maps/search/?api=1&query=Handi%20%E3%83%AC%E3%82%B9%E3%83%88%E3%83%A9%E3%83%B3%20%E5%8D%83%E8%91%89%E7%9C%8C%E9%87%8E%E7%94%B0%E5%B8%82%E7%9B%AE%E5%90%B91508-1,2023,アジア・エスニック EAST,asia_ethnic_east,発表日：2023年9月26日
フォー ラスカル,神奈川県鎌倉市小町1-15-5,食べログ アジア・エスニック EAST 百名店 2023,https://tabelog.com/kanagawa/A1404/A140402/14072831/,https://www.google.com/maps/search/?api=1&query=%E3%83%95%E3%82%A9%E3%83%BC%20%E3%83%A9%E3%82%B9%E3%82%AB%E3%83%AB%20%E7%A5%9E%E5%A5%88%E5%B7%9D%E7%9C%8C%E9%8E%8C%E5%80%89%E5%B8%82%E5%B0%8F%E7%94%BA1-15-5,2023,アジア・エスニック EAST,asia_ethnic_east,発表日：2023年9月26日
コジコジ,茨城県水戸市渡里町2305-6 オザワビル 2F,食べログ アジア・エスニック EAST 百名店 2023,https://tabelog.com/ibaraki/A0801/A080101/8014163/,https://www.google.com/maps/search/?api=1&query=%E3%82%B3%E3%82%B8%E3%82%B3%E3%82%B8%20%E8%8C%A8%E5%9F%8E%E7%9C%8C%E6%B0%B4%E6%88%B8%E5%B8%82%E6%B8%A1%E9%87%8C%E7%94%BA2305-6%20%E3%82%AA%E3%82%B6%E3%83%AF%E3%83%93%E3%83%AB%202F,2023,アジア・エスニック EAST,asia_ethnic_east,発表日：2023年9月26日
Spice Drunker やぶや,神奈川県横浜市中区伊勢佐木町1-3-7 沼田ビル 3F,食べログ アジア・エスニック EAST 百名店 2023,https://tabelog.com/kanagawa/A1401/A140104/14082117/,https://www.google.com/maps/search/?api=1&query=Spice%20Drunker%20%E3%82%84%E3%81%B6%E3%82%84%20%E7%A5%9E%E5%A5%88%E5%B7%9D%E7%9C%8C%E6%A8%AA%E6%B5%9C%E5%B8%82%E4%B8%AD%E5%8C%BA%E4%BC%8A%E5%8B%A2%E4%BD%90%E6%9C%A8%E7%94%BA1-3-7%20%E6%B2%BC%E7%94%B0%E3%83%93%E3%83%AB%203F,2023,アジア・エスニック EAST,asia_ethnic_east,発表日：2023年9月26日
ランディワ,茨城県常総市向石下899-3,食べログ アジア・エスニック EAST 百名店 2023,https://tabelog.com/ibaraki/A0806/A080603/8011256/,https://www.google.com/maps/search/?api=1&query=%E3%83%A9%E3%83%B3%E3%83%87%E3%82%A3%E3%83%AF%20%E8%8C%A8%E5%9F%8E%E7%9C%8C%E5%B8%B8%E7%B7%8F%E5%B8%82%E5%90%91%E7%9F%B3%E4%B8%8B899-3,2023,アジア・エスニック EAST,asia_ethnic_east,発表日：2023年9月26日
マカン マカン,神奈川県大和市中央1-6-19,食べログ アジア・エスニック EAST 百名店 2023,https://tabelog.com/kanagawa/A1407/A140702/14004173/,https://www.google.com/maps/search/?api=1&query=%E3%83%9E%E3%82%AB%E3%83%B3%20%E3%83%9E%E3%82%AB%E3%83%B3%20%E7%A5%9E%E5%A5%88%E5%B7%9D%E7%9C%8C%E5%A4%A7%E5%92%8C%E5%B8%82%E4%B8%AD%E5%A4%AE1-6-19,2023,アジア・エスニック EAST,asia_ethnic_east,発表日：2023年9月26日
バンセンストア,茨城県水戸市平戸町367-1,食べログ アジア・エスニック EAST 百名店 2023,https://tabelog.com/ibaraki/A0801/A080102/8012548/,https://www.google.com/maps/search/?api=1&query=%E3%83%90%E3%83%B3%E3%82%BB%E3%83%B3%E3%82%B9%E3%83%88%E3%82%A2%20%E8%8C%A8%E5%9F%8E%E7%9C%8C%E6%B0%B4%E6%88%B8%E5%B8%82%E5%B9%B3%E6%88%B8%E7%94%BA367-1,2023,アジア・エスニック EAST,asia_ethnic_east,発表日：2023年9月26日
カレーレストラン ヘラディワ 北条2号店,茨城県つくば市北条5124-2,食べログ アジア・エスニック EAST 百名店 2023,https://tabelog.com/ibaraki/A0802/A080201/8024547/,https://www.google.com/maps/search/?api=1&query=%E3%82%AB%E3%83%AC%E3%83%BC%E3%83%AC%E3%82%B9%E3%83%88%E3%83%A9%E3%83%B3%20%E3%83%98%E3%83%A9%E3%83%87%E3%82%A3%E3%83%AF%20%E5%8C%97%E6%9D%A12%E5%8F%B7%E5%BA%97%20%E8%8C%A8%E5%9F%8E%E7%9C%8C%E3%81%A4%E3%81%8F%E3%81%B0%E5%B8%82%E5%8C%97%E6%9D%A15124-2,2023,アジア・エスニック EAST,asia_ethnic_east,発表日：2023年9月26日
インド食堂 チャラカラ,群馬県前橋市総社町総社2014-5 大山マンション 104,食べログ アジア・エスニック EAST 百名店 2023,https://tabelog.com/gunma/A1001/A100101/10015770/,https://www.google.com/maps/search/?api=1&query=%E3%82%A4%E3%83%B3%E3%83%89%E9%A3%9F%E5%A0%82%20%E3%83%81%E3%83%A3%E3%83%A9%E3%82%AB%E3%83%A9%20%E7%BE%A4%E9%A6%AC%E7%9C%8C%E5%89%8D%E6%A9%8B%E5%B8%82%E7%B7%8F%E7%A4%BE%E7%94%BA%E7%B7%8F%E7%A4%BE2014-5%20%E5%A4%A7%E5%B1%B1%E3%83%9E%E3%83%B3%E3%82%B7%E3%83%A7%E3%83%B3%20104,2023,アジア・エスニック EAST,asia_ethnic_east,発表日：2023年9月26日
DEWAN 幕張店,千葉県千葉市美浜区浜田2-33 グルメ大江戸ビル　 2F,食べログ アジア・エスニック EAST 百名店 2023,https://tabelog.com/chiba/A1201/A120102/12000695/,https://www.google.com/maps/search/?api=1&query=DEWAN%20%E5%B9%95%E5%BC%B5%E5%BA%97%20%E5%8D%83%E8%91%89%E7%9C%8C%E5%8D%83%E8%91%89%E5%B8%82%E7%BE%8E%E6%B5%9C%E5%8C%BA%E6%B5%9C%E7%94%B02-33%20%E3%82%B0%E3%83%AB%E3%83%A1%E5%A4%A7%E6%B1%9F%E6%88%B8%E3%83%93%E3%83%AB%E3%80%80%202F,2023,アジア・エスニック EAST,asia_ethnic_east,発表日：2023年9月26日
パンジャビ ダバ,神奈川県川崎市中原区小杉町1-519 田原ビル 1F,食べログ アジア・エスニック EAST 百名店 2023,https://tabelog.com/kanagawa/A1405/A140504/14048892/,https://www.google.com/maps/search/?api=1&query=%E3%83%91%E3%83%B3%E3%82%B8%E3%83%A3%E3%83%93%20%E3%83%80%E3%83%90%20%E7%A5%9E%E5%A5%88%E5%B7%9D%E7%9C%8C%E5%B7%9D%E5%B4%8E%E5%B8%82%E4%B8%AD%E5%8E%9F%E5%8C%BA%E5%B0%8F%E6%9D%89%E7%94%BA1-519%20%E7%94%B0%E5%8E%9F%E3%83%93%E3%83%AB%201F,2023,アジア・エスニック EAST,asia_ethnic_east,発表日：2023年9月26日
サティヤム,埼玉県さいたま市緑区道祖土1-27-10 サイドプラザ １F,食べログ アジア・エスニック EAST 百名店 2023,https://tabelog.com/saitama/A1101/A110102/11023701/,https://www.google.com/maps/search/?api=1&query=%E3%82%B5%E3%83%86%E3%82%A3%E3%83%A4%E3%83%A0%20%E5%9F%BC%E7%8E%89%E7%9C%8C%E3%81%95%E3%81%84%E3%81%9F%E3%81%BE%E5%B8%82%E7%B7%91%E5%8C%BA%E9%81%93%E7%A5%96%E5%9C%9F1-27-10%20%E3%82%B5%E3%82%A4%E3%83%89%E3%83%97%E3%83%A9%E3%82%B6%20%EF%BC%91F,2023,アジア・エスニック EAST,asia_ethnic_east,発表日：2023年9月26日
印度料理シタール,千葉県千葉市花見川区検見川町1-106-16,食べログ アジア・エスニック EAST 百名店 2023,https://tabelog.com/chiba/A1201/A120104/12000109/,https://www.google.com/maps/search/?api=1&query=%E5%8D%B0%E5%BA%A6%E6%96%99%E7%90%86%E3%82%B7%E3%82%BF%E3%83%BC%E3%83%AB%20%E5%8D%83%E8%91%89%E7%9C%8C%E5%8D%83%E8%91%89%E5%B8%82%E8%8A%B1%E8%A6%8B%E5%B7%9D%E5%8C%BA%E6%A4%9C%E8%A6%8B%E5%B7%9D%E7%94%BA1-106-16,2023,アジア・エスニック EAST,asia_ethnic_east,発表日：2023年9月26日
カルマ,茨城県水戸市中央2-8-10,食べログ アジア・エスニック EAST 百名店 2023,https://tabelog.com/ibaraki/A0801/A080101/8000263/,https://www.google.com/maps/search/?api=1&query=%E3%82%AB%E3%83%AB%E3%83%9E%20%E8%8C%A8%E5%9F%8E%E7%9C%8C%E6%B0%B4%E6%88%B8%E5%B8%82%E4%B8%AD%E5%A4%AE2-8-10,2023,アジア・エスニック EAST,asia_ethnic_east,発表日：2023年9月26日
湘南韓国料理GOKAN,神奈川県藤沢市片瀬海岸1-13-12,食べログ アジア・エスニック EAST 百名店 2023,https://tabelog.com/kanagawa/A1404/A140403/14066068/,https://www.google.com/maps/search/?api=1&query=%E6%B9%98%E5%8D%97%E9%9F%93%E5%9B%BD%E6%96%99%E7%90%86GOKAN%20%E7%A5%9E%E5%A5%88%E5%B7%9D%E7%9C%8C%E8%97%A4%E6%B2%A2%E5%B8%82%E7%89%87%E7%80%AC%E6%B5%B7%E5%B2%B81-13-12,2023,アジア・エスニック EAST,asia_ethnic_east,発表日：2023年9月26日
アルカラム,埼玉県八潮市中央1-8-10,食べログ アジア・エスニック EAST 百名店 2023,https://tabelog.com/saitama/A1102/A110205/11021841/,https://www.google.com/maps/search/?api=1&query=%E3%82%A2%E3%83%AB%E3%82%AB%E3%83%A9%E3%83%A0%20%E5%9F%BC%E7%8E%89%E7%9C%8C%E5%85%AB%E6%BD%AE%E5%B8%82%E4%B8%AD%E5%A4%AE1-8-10,2023,アジア・エスニック EAST,asia_ethnic_east,発表日：2023年9月26日
ボージャン,神奈川県茅ヶ崎市浜須賀1-44,食べログ アジア・エスニック EAST 百名店 2023,https://tabelog.com/kanagawa/A1404/A140406/14002527/,https://www.google.com/maps/search/?api=1&query=%E3%83%9C%E3%83%BC%E3%82%B8%E3%83%A3%E3%83%B3%20%E7%A5%9E%E5%A5%88%E5%B7%9D%E7%9C%8C%E8%8C%85%E3%83%B6%E5%B4%8E%E5%B8%82%E6%B5%9C%E9%A0%88%E8%B3%801-44,2023,アジア・エスニック EAST,asia_ethnic_east,発表日：2023年9月26日
タンハー,神奈川県横浜市泉区上飯田町3050,食べログ アジア・エスニック EAST 百名店 2023,https://tabelog.com/kanagawa/A1407/A140702/14051586/,https://www.google.com/maps/search/?api=1&query=%E3%82%BF%E3%83%B3%E3%83%8F%E3%83%BC%20%E7%A5%9E%E5%A5%88%E5%B7%9D%E7%9C%8C%E6%A8%AA%E6%B5%9C%E5%B8%82%E6%B3%89%E5%8C%BA%E4%B8%8A%E9%A3%AF%E7%94%B0%E7%94%BA3050,2023,アジア・エスニック EAST,asia_ethnic_east,発表日：2023年9月26日
アキフーズ,埼玉県さいたま市緑区三室1629-9,食べログ アジア・エスニック EAST 百名店 2023,https://tabelog.com/saitama/A1101/A110102/11053628/,https://www.google.com/maps/search/?api=1&query=%E3%82%A2%E3%82%AD%E3%83%95%E3%83%BC%E3%82%BA%20%E5%9F%BC%E7%8E%89%E7%9C%8C%E3%81%95%E3%81%84%E3%81%9F%E3%81%BE%E5%B8%82%E7%B7%91%E5%8C%BA%E4%B8%89%E5%AE%A41629-9,2023,アジア・エスニック EAST,asia_ethnic_east,発表日：2023年9月26日
マッサマン タイキッチン,神奈川県中郡大磯町大磯1045-6,食べログ アジア・エスニック EAST 百名店 2023,https://tabelog.com/kanagawa/A1404/A140408/14048869/,https://www.google.com/maps/search/?api=1&query=%E3%83%9E%E3%83%83%E3%82%B5%E3%83%9E%E3%83%B3%20%E3%82%BF%E3%82%A4%E3%82%AD%E3%83%83%E3%83%81%E3%83%B3%20%E7%A5%9E%E5%A5%88%E5%B7%9D%E7%9C%8C%E4%B8%AD%E9%83%A1%E5%A4%A7%E7%A3%AF%E7%94%BA%E5%A4%A7%E7%A3%AF1045-6,2023,アジア・エスニック EAST,asia_ethnic_east,発表日：2023年9月26日
カーサ パスカーレ,千葉県柏市藤心3-3-8,食べログ アジア・エスニック EAST 百名店 2023,https://tabelog.com/chiba/A1203/A120301/12049084/,https://www.google.com/maps/search/?api=1&query=%E3%82%AB%E3%83%BC%E3%82%B5%20%E3%83%91%E3%82%B9%E3%82%AB%E3%83%BC%E3%83%AC%20%E5%8D%83%E8%91%89%E7%9C%8C%E6%9F%8F%E5%B8%82%E8%97%A4%E5%BF%833-3-8,2023,アジア・エスニック EAST,asia_ethnic_east,発表日：2023年9月26日
アユタヤ,千葉県船橋市本町3-36-34 石井ビル 3F,食べログ アジア・エスニック EAST 百名店 2023,https://tabelog.com/chiba/A1202/A120201/12000203/,https://www.google.com/maps/search/?api=1&query=%E3%82%A2%E3%83%A6%E3%82%BF%E3%83%A4%20%E5%8D%83%E8%91%89%E7%9C%8C%E8%88%B9%E6%A9%8B%E5%B8%82%E6%9C%AC%E7%94%BA3-36-34%20%E7%9F%B3%E4%BA%95%E3%83%93%E3%83%AB%203F,2023,アジア・エスニック EAST,asia_ethnic_east,発表日：2023年9月26日
サンサール 本八幡店,千葉県市川市八幡2-7-11 岡ビル 2F,食べログ アジア・エスニック EAST 百名店 2023,https://tabelog.com/chiba/A1202/A120202/12038344/,https://www.google.com/maps/search/?api=1&query=%E3%82%B5%E3%83%B3%E3%82%B5%E3%83%BC%E3%83%AB%20%E6%9C%AC%E5%85%AB%E5%B9%A1%E5%BA%97%20%E5%8D%83%E8%91%89%E7%9C%8C%E5%B8%82%E5%B7%9D%E5%B8%82%E5%85%AB%E5%B9%A12-7-11%20%E5%B2%A1%E3%83%93%E3%83%AB%202F,2023,アジア・エスニック EAST,asia_ethnic_east,発表日：2023年9月26日
バングラキッチン西千葉,千葉県千葉市中央区春日2-26-9,食べログ アジア・エスニック EAST 百名店 2023,https://tabelog.com/chiba/A1201/A120101/12054864/,https://www.google.com/maps/search/?api=1&query=%E3%83%90%E3%83%B3%E3%82%B0%E3%83%A9%E3%82%AD%E3%83%83%E3%83%81%E3%83%B3%E8%A5%BF%E5%8D%83%E8%91%89%20%E5%8D%83%E8%91%89%E7%9C%8C%E5%8D%83%E8%91%89%E5%B8%82%E4%B8%AD%E5%A4%AE%E5%8C%BA%E6%98%A5%E6%97%A52-26-9,2023,アジア・エスニック EAST,asia_ethnic_east,発表日：2023年9月26日
アジアンレストラン&バー マウンテン,埼玉県草加市草加3-9-43,食べログ アジア・エスニック EAST 百名店 2023,https://tabelog.com/saitama/A1102/A110203/11044572/,https://www.google.com/maps/search/?api=1&query=%E3%82%A2%E3%82%B8%E3%82%A2%E3%83%B3%E3%83%AC%E3%82%B9%E3%83%88%E3%83%A9%E3%83%B3%26%E3%83%90%E3%83%BC%20%E3%83%9E%E3%82%A6%E3%83%B3%E3%83%86%E3%83%B3%20%E5%9F%BC%E7%8E%89%E7%9C%8C%E8%8D%89%E5%8A%A0%E5%B8%82%E8%8D%89%E5%8A%A03-9-43,2023,アジア・エスニック EAST,asia_ethnic_east,発表日：2023年9月26日
ナーガ・ラジャ,神奈川県横須賀市久里浜4-3-15 メゾンドアヤ　１０２,食べログ アジア・エスニック EAST 百名店 2023,https://tabelog.com/kanagawa/A1406/A140601/14003967/,https://www.google.com/maps/search/?api=1&query=%E3%83%8A%E3%83%BC%E3%82%AC%E3%83%BB%E3%83%A9%E3%82%B8%E3%83%A3%20%E7%A5%9E%E5%A5%88%E5%B7%9D%E7%9C%8C%E6%A8%AA%E9%A0%88%E8%B3%80%E5%B8%82%E4%B9%85%E9%87%8C%E6%B5%9C4-3-15%20%E3%83%A1%E3%82%BE%E3%83%B3%E3%83%89%E3%82%A2%E3%83%A4%E3%80%80%EF%BC%91%EF%BC%90%EF%BC%92,2023,アジア・エスニック EAST,asia_ethnic_east,発表日：2023年9月26日
ランマイ,埼玉県川越市田町5-1 田町ビル　２Ｆ,食べログ アジア・エスニック EAST 百名店 2023,https://tabelog.com/saitama/A1103/A110303/11000183/,https://www.google.com/maps/search/?api=1&query=%E3%83%A9%E3%83%B3%E3%83%9E%E3%82%A4%20%E5%9F%BC%E7%8E%89%E7%9C%8C%E5%B7%9D%E8%B6%8A%E5%B8%82%E7%94%B0%E7%94%BA5-1%20%E7%94%B0%E7%94%BA%E3%83%93%E3%83%AB%E3%80%80%EF%BC%92%EF%BC%A6,2023,アジア・エスニック EAST,asia_ethnic_east,発表日：2023年9月26日
タージ・マハル,茨城県つくば市二の宮2-14-15,食べログ アジア・エスニック EAST 百名店 2023,https://tabelog.com/ibaraki/A0802/A080201/8023792/,https://www.google.com/maps/search/?api=1&query=%E3%82%BF%E3%83%BC%E3%82%B8%E3%83%BB%E3%83%9E%E3%83%8F%E3%83%AB%20%E8%8C%A8%E5%9F%8E%E7%9C%8C%E3%81%A4%E3%81%8F%E3%81%B0%E5%B8%82%E4%BA%8C%E3%81%AE%E5%AE%AE2-14-15,2023,アジア・エスニック EAST,asia_ethnic_east,発表日：2023年9月26日
シムランダバ,千葉県船橋市習志野台1-12-1,食べログ アジア・エスニック EAST 百名店 2023,https://tabelog.com/chiba/A1202/A120201/12054984/,https://www.google.com/maps/search/?api=1&query=%E3%82%B7%E3%83%A0%E3%83%A9%E3%83%B3%E3%83%80%E3%83%90%20%E5%8D%83%E8%91%89%E7%9C%8C%E8%88%B9%E6%A9%8B%E5%B8%82%E7%BF%92%E5%BF%97%E9%87%8E%E5%8F%B01-12-1,2023,アジア・エスニック EAST,asia_ethnic_east,発表日：2023年9月26日
ナマステキッチン,埼玉県上尾市原市中3-1-1,食べログ アジア・エスニック EAST 百名店 2023,https://tabelog.com/saitama/A1104/A110401/11037766/,https://www.google.com/maps/search/?api=1&query=%E3%83%8A%E3%83%9E%E3%82%B9%E3%83%86%E3%82%AD%E3%83%83%E3%83%81%E3%83%B3%20%E5%9F%BC%E7%8E%89%E7%9C%8C%E4%B8%8A%E5%B0%BE%E5%B8%82%E5%8E%9F%E5%B8%82%E4%B8%AD3-1-1,2023,アジア・エスニック EAST,asia_ethnic_east,発表日：2023年9月26日
冷めんの店 たかひ 高関店,群馬県高崎市高関町407,食べログ アジア・エスニック EAST 百名店 2023,https://tabelog.com/gunma/A1001/A100102/10011425/,https://www.google.com/maps/search/?api=1&query=%E5%86%B7%E3%82%81%E3%82%93%E3%81%AE%E5%BA%97%20%E3%81%9F%E3%81%8B%E3%81%B2%20%E9%AB%98%E9%96%A2%E5%BA%97%20%E7%BE%A4%E9%A6%AC%E7%9C%8C%E9%AB%98%E5%B4%8E%E5%B8%82%E9%AB%98%E9%96%A2%E7%94%BA407,2023,アジア・エスニック EAST,asia_ethnic_east,発表日：2023年9月26日
(食)越南,神奈川県川崎市中原区上小田中3丁目27-10,食べログ アジア・エスニック EAST 百名店 2023,https://tabelog.com/kanagawa/A1405/A140504/14011047/,https://www.google.com/maps/search/?api=1&query=%28%E9%A3%9F%29%E8%B6%8A%E5%8D%97%20%E7%A5%9E%E5%A5%88%E5%B7%9D%E7%9C%8C%E5%B7%9D%E5%B4%8E%E5%B8%82%E4%B8%AD%E5%8E%9F%E5%8C%BA%E4%B8%8A%E5%B0%8F%E7%94%B0%E4%B8%AD3%E4%B8%81%E7%9B%AE27-10,2023,アジア・エスニック EAST,asia_ethnic_east,発表日：2023年9月26日
南インド料理店 ボーディセナ,神奈川県横浜市中区住吉町3-28 新井ビル 1F,食べログ アジア・エスニック EAST 百名店 2023,https://tabelog.com/kanagawa/A1401/A140104/14076991/,https://www.google.com/maps/search/?api=1&query=%E5%8D%97%E3%82%A4%E3%83%B3%E3%83%89%E6%96%99%E7%90%86%E5%BA%97%20%E3%83%9C%E3%83%BC%E3%83%87%E3%82%A3%E3%82%BB%E3%83%8A%20%E7%A5%9E%E5%A5%88%E5%B7%9D%E7%9C%8C%E6%A8%AA%E6%B5%9C%E5%B8%82%E4%B8%AD%E5%8C%BA%E4%BD%8F%E5%90%89%E7%94%BA3-28%20%E6%96%B0%E4%BA%95%E3%83%93%E3%83%AB%201F,2023,アジア・エスニック EAST,asia_ethnic_east,発表日：2023年9月26日
タイ料理レストラン きんめだい,千葉県船橋市山野町68-5 パストラル弐番館 1F,食べログ アジア・エスニック EAST 百名店 2023,https://tabelog.com/chiba/A1202/A120201/12045774/,https://www.google.com/maps/search/?api=1&query=%E3%82%BF%E3%82%A4%E6%96%99%E7%90%86%E3%83%AC%E3%82%B9%E3%83%88%E3%83%A9%E3%83%B3%20%E3%81%8D%E3%82%93%E3%82%81%E3%81%A0%E3%81%84%20%E5%8D%83%E8%91%89%E7%9C%8C%E8%88%B9%E6%A9%8B%E5%B8%82%E5%B1%B1%E9%87%8E%E7%94%BA68-5%20%E3%83%91%E3%82%B9%E3%83%88%E3%83%A9%E3%83%AB%E5%BC%90%E7%95%AA%E9%A4%A8%201F,2023,アジア・エスニック EAST,asia_ethnic_east,発表日：2023年9月26日
バナナリーフ,茨城県土浦市中村東2-17-17,食べログ アジア・エスニック EAST 百名店 2023,https://tabelog.com/ibaraki/A0802/A080202/8013873/,https://www.google.com/maps/search/?api=1&query=%E3%83%90%E3%83%8A%E3%83%8A%E3%83%AA%E3%83%BC%E3%83%95%20%E8%8C%A8%E5%9F%8E%E7%9C%8C%E5%9C%9F%E6%B5%A6%E5%B8%82%E4%B8%AD%E6%9D%91%E6%9D%B12-17-17,2023,アジア・エスニック EAST,asia_ethnic_east,発表日：2023年9月26日
テコテコ,千葉県成田市上町858-1,食べログ アジア・エスニック EAST 百名店 2023,https://tabelog.com/chiba/A1204/A120401/12002649/,https://www.google.com/maps/search/?api=1&query=%E3%83%86%E3%82%B3%E3%83%86%E3%82%B3%20%E5%8D%83%E8%91%89%E7%9C%8C%E6%88%90%E7%94%B0%E5%B8%82%E4%B8%8A%E7%94%BA858-1,2023,アジア・エスニック EAST,asia_ethnic_east,発表日：2023年9月26日
サールナート,千葉県船橋市宮本5-1-8,食べログ アジア・エスニック EAST 百名店 2023,https://tabelog.com/chiba/A1202/A120201/12000128/,https://www.google.com/maps/search/?api=1&query=%E3%82%B5%E3%83%BC%E3%83%AB%E3%83%8A%E3%83%BC%E3%83%88%20%E5%8D%83%E8%91%89%E7%9C%8C%E8%88%B9%E6%A9%8B%E5%B8%82%E5%AE%AE%E6%9C%AC5-1-8,2023,アジア・エスニック EAST,asia_ethnic_east,発表日：2023年9月26日
ボンベイ,神奈川県厚木市水引1-17-17,食べログ アジア・エスニック EAST 百名店 2023,https://tabelog.com/kanagawa/A1408/A140802/14003773/,https://www.google.com/maps/search/?api=1&query=%E3%83%9C%E3%83%B3%E3%83%99%E3%82%A4%20%E7%A5%9E%E5%A5%88%E5%B7%9D%E7%9C%8C%E5%8E%9A%E6%9C%A8%E5%B8%82%E6%B0%B4%E5%BC%951-17-17,2023,アジア・エスニック EAST,asia_ethnic_east,発表日：2023年9月26日
ヒマラヤユキノシタ,千葉県柏市旭町1-7-17 中山ビル 1F,食べログ アジア・エスニック EAST 百名店 2023,https://tabelog.com/chiba/A1203/A120301/12049220/,https://www.google.com/maps/search/?api=1&query=%E3%83%92%E3%83%9E%E3%83%A9%E3%83%A4%E3%83%A6%E3%82%AD%E3%83%8E%E3%82%B7%E3%82%BF%20%E5%8D%83%E8%91%89%E7%9C%8C%E6%9F%8F%E5%B8%82%E6%97%AD%E7%94%BA1-7-17%20%E4%B8%AD%E5%B1%B1%E3%83%93%E3%83%AB%201F,2023,アジア・エスニック EAST,asia_ethnic_east,発表日：2023年9月26日
カラチの空,埼玉県八潮市中央1-7-11 三木ビル,食べログ アジア・エスニック EAST 百名店 2023,https://tabelog.com/saitama/A1102/A110205/11020803/,https://www.google.com/maps/search/?api=1&query=%E3%82%AB%E3%83%A9%E3%83%81%E3%81%AE%E7%A9%BA%20%E5%9F%BC%E7%8E%89%E7%9C%8C%E5%85%AB%E6%BD%AE%E5%B8%82%E4%B8%AD%E5%A4%AE1-7-11%20%E4%B8%89%E6%9C%A8%E3%83%93%E3%83%AB,2023,アジア・エスニック EAST,asia_ethnic_east,発表日：2023年9月26日
シルクロード ムラト,埼玉県さいたま市桜区栄和3-20-13,食べログ アジア・エスニック EAST 百名店 2023,https://tabelog.com/saitama/A1101/A110101/11002026/,https://www.google.com/maps/search/?api=1&query=%E3%82%B7%E3%83%AB%E3%82%AF%E3%83%AD%E3%83%BC%E3%83%89%20%E3%83%A0%E3%83%A9%E3%83%88%20%E5%9F%BC%E7%8E%89%E7%9C%8C%E3%81%95%E3%81%84%E3%81%9F%E3%81%BE%E5%B8%82%E6%A1%9C%E5%8C%BA%E6%A0%84%E5%92%8C3-20-13,2023,アジア・エスニック EAST,asia_ethnic_east,発表日：2023年9月26日
ボエチェー,千葉県船橋市本町2-11-22 友山ビル 2F,食べログ アジア・エスニック EAST 百名店 2023,https://tabelog.com/chiba/A1202/A120201/12055840/,https://www.google.com/maps/search/?api=1&query=%E3%83%9C%E3%82%A8%E3%83%81%E3%82%A7%E3%83%BC%20%E5%8D%83%E8%91%89%E7%9C%8C%E8%88%B9%E6%A9%8B%E5%B8%82%E6%9C%AC%E7%94%BA2-11-22%20%E5%8F%8B%E5%B1%B1%E3%83%93%E3%83%AB%202F,2023,アジア・エスニック EAST,asia_ethnic_east,発表日：2023年9月26日
ペンタイ,神奈川県大和市南林間2-10-17,食べログ アジア・エスニック EAST 百名店 2023,https://tabelog.com/kanagawa/A1407/A140702/14003708/,https://www.google.com/maps/search/?api=1&query=%E3%83%9A%E3%83%B3%E3%82%BF%E3%82%A4%20%E7%A5%9E%E5%A5%88%E5%B7%9D%E7%9C%8C%E5%A4%A7%E5%92%8C%E5%B8%82%E5%8D%97%E6%9E%97%E9%96%932-10-17,2023,アジア・エスニック EAST,asia_ethnic_east,発表日：2023年9月26日
ニランカフェ,埼玉県戸田市本町4-4-16,食べログ アジア・エスニック EAST 百名店 2023,https://tabelog.com/saitama/A1102/A110202/11033908/,https://www.google.com/maps/search/?api=1&query=%E3%83%8B%E3%83%A9%E3%83%B3%E3%82%AB%E3%83%95%E3%82%A7%20%E5%9F%BC%E7%8E%89%E7%9C%8C%E6%88%B8%E7%94%B0%E5%B8%82%E6%9C%AC%E7%94%BA4-4-16,2023,アジア・エスニック EAST,asia_ethnic_east,発表日：2023年9月26日
タイ国料理レストラン コワタイ,茨城県つくば市南中妻826-5,食べログ アジア・エスニック EAST 百名店 2023,https://tabelog.com/ibaraki/A0802/A080201/8019630/,https://www.google.com/maps/search/?api=1&query=%E3%82%BF%E3%82%A4%E5%9B%BD%E6%96%99%E7%90%86%E3%83%AC%E3%82%B9%E3%83%88%E3%83%A9%E3%83%B3%20%E3%82%B3%E3%83%AF%E3%82%BF%E3%82%A4%20%E8%8C%A8%E5%9F%8E%E7%9C%8C%E3%81%A4%E3%81%8F%E3%81%B0%E5%B8%82%E5%8D%97%E4%B8%AD%E5%A6%BB826-5,2023,アジア・エスニック EAST,asia_ethnic_east,発表日：2023年9月26日
ニュールドリ,埼玉県草加市谷塚1-21-1 メルヘンシャトー草加 1F,食べログ アジア・エスニック EAST 百名店 2023,https://tabelog.com/saitama/A1102/A110203/11035816/,https://www.google.com/maps/search/?api=1&query=%E3%83%8B%E3%83%A5%E3%83%BC%E3%83%AB%E3%83%89%E3%83%AA%20%E5%9F%BC%E7%8E%89%E7%9C%8C%E8%8D%89%E5%8A%A0%E5%B8%82%E8%B0%B7%E5%A1%9A1-21-1%20%E3%83%A1%E3%83%AB%E3%83%98%E3%83%B3%E3%82%B7%E3%83%A3%E3%83%88%E3%83%BC%E8%8D%89%E5%8A%A0%201F,2023,アジア・エスニック EAST,asia_ethnic_east,発表日：2023年9月26日
冨ノ家 本八幡本店,千葉県市川市八幡1-11-13 シャトー森井　１Ｆ,食べログ アジア・エスニック EAST 百名店 2023,https://tabelog.com/chiba/A1202/A120202/12003209/,https://www.google.com/maps/search/?api=1&query=%E5%86%A8%E3%83%8E%E5%AE%B6%20%E6%9C%AC%E5%85%AB%E5%B9%A1%E6%9C%AC%E5%BA%97%20%E5%8D%83%E8%91%89%E7%9C%8C%E5%B8%82%E5%B7%9D%E5%B8%82%E5%85%AB%E5%B9%A11-11-13%20%E3%82%B7%E3%83%A3%E3%83%88%E3%83%BC%E6%A3%AE%E4%BA%95%E3%80%80%EF%BC%91%EF%BC%A6,2023,アジア・エスニック EAST,asia_ethnic_east,発表日：2023年9月26日
南インド料理 葉菜,千葉県八千代市勝田台1-13-32 MTビル １F,食べログ アジア・エスニック EAST 百名店 2023,https://tabelog.com/chiba/A1202/A120204/12012667/,https://www.google.com/maps/search/?api=1&query=%E5%8D%97%E3%82%A4%E3%83%B3%E3%83%89%E6%96%99%E7%90%86%20%E8%91%89%E8%8F%9C%20%E5%8D%83%E8%91%89%E7%9C%8C%E5%85%AB%E5%8D%83%E4%BB%A3%E5%B8%82%E5%8B%9D%E7%94%B0%E5%8F%B01-13-32%20MT%E3%83%93%E3%83%AB%20%EF%BC%91F,2023,アジア・エスニック EAST,asia_ethnic_east,発表日：2023年9月26日
アリ インディアン レストラン,千葉県野田市木間ケ瀬4700-1,食べログ アジア・エスニック EAST 百名店 2023,https://tabelog.com/chiba/A1203/A120305/12042207/,https://www.google.com/maps/search/?api=1&query=%E3%82%A2%E3%83%AA%20%E3%82%A4%E3%83%B3%E3%83%87%E3%82%A3%E3%82%A2%E3%83%B3%20%E3%83%AC%E3%82%B9%E3%83%88%E3%83%A9%E3%83%B3%20%E5%8D%83%E8%91%89%E7%9C%8C%E9%87%8E%E7%94%B0%E5%B8%82%E6%9C%A8%E9%96%93%E3%82%B1%E7%80%AC4700-1,2023,アジア・エスニック EAST,asia_ethnic_east,発表日：2023年9月26日
きむち屋,群馬県前橋市元総社町2-20-10,食べログ アジア・エスニック EAST 百名店 2023,https://tabelog.com/gunma/A1001/A100101/10014070/,https://www.google.com/maps/search/?api=1&query=%E3%81%8D%E3%82%80%E3%81%A1%E5%B1%8B%20%E7%BE%A4%E9%A6%AC%E7%9C%8C%E5%89%8D%E6%A9%8B%E5%B8%82%E5%85%83%E7%B7%8F%E7%A4%BE%E7%94%BA2-20-10,2023,アジア・エスニック EAST,asia_ethnic_east,発表日：2023年9月26日
ハラール ドーサ ビリヤニ,千葉県成田市ウィング土屋24 イオンモール成田 2F,食べログ アジア・エスニック EAST 百名店 2023,https://tabelog.com/chiba/A1204/A120401/12046523/,https://www.google.com/maps/search/?api=1&query=%E3%83%8F%E3%83%A9%E3%83%BC%E3%83%AB%20%E3%83%89%E3%83%BC%E3%82%B5%20%E3%83%93%E3%83%AA%E3%83%A4%E3%83%8B%20%E5%8D%83%E8%91%89%E7%9C%8C%E6%88%90%E7%94%B0%E5%B8%82%E3%82%A6%E3%82%A3%E3%83%B3%E3%82%B0%E5%9C%9F%E5%B1%8B24%20%E3%82%A4%E3%82%AA%E3%83%B3%E3%83%A2%E3%83%BC%E3%83%AB%E6%88%90%E7%94%B0%202F,2023,アジア・エスニック EAST,asia_ethnic_east,発表日：2023年9月26日
ガンディー,千葉県船橋市本町4-42-4,食べログ アジア・エスニック EAST 百名店 2023,https://tabelog.com/chiba/A1202/A120201/12000107/,https://www.google.com/maps/search/?api=1&query=%E3%82%AC%E3%83%B3%E3%83%87%E3%82%A3%E3%83%BC%20%E5%8D%83%E8%91%89%E7%9C%8C%E8%88%B9%E6%A9%8B%E5%B8%82%E6%9C%AC%E7%94%BA4-42-4,2023,アジア・エスニック EAST,asia_ethnic_east,発表日：2023年9月26日
アムリタ インドスパイスカレーとナンと,埼玉県川越市鯨井新田12-27 トレニアコーポ 1F,食べログ アジア・エスニック EAST 百名店 2023,https://tabelog.com/saitama/A1103/A110303/11051903/,https://www.google.com/maps/search/?api=1&query=%E3%82%A2%E3%83%A0%E3%83%AA%E3%82%BF%20%E3%82%A4%E3%83%B3%E3%83%89%E3%82%B9%E3%83%91%E3%82%A4%E3%82%B9%E3%82%AB%E3%83%AC%E3%83%BC%E3%81%A8%E3%83%8A%E3%83%B3%E3%81%A8%20%E5%9F%BC%E7%8E%89%E7%9C%8C%E5%B7%9D%E8%B6%8A%E5%B8%82%E9%AF%A8%E4%BA%95%E6%96%B0%E7%94%B012-27%20%E3%83%88%E3%83%AC%E3%83%8B%E3%82%A2%E3%82%B3%E3%83%BC%E3%83%9D%201F,2023,アジア・エスニック EAST,asia_ethnic_east,発表日：2023年9月26日
クルワ・プリックタイ,神奈川県川崎市中原区上丸子山王町1-1401,食べログ アジア・エスニック EAST 百名店 2023,https://tabelog.com/kanagawa/A1405/A140504/14062017/,https://www.google.com/maps/search/?api=1&query=%E3%82%AF%E3%83%AB%E3%83%AF%E3%83%BB%E3%83%97%E3%83%AA%E3%83%83%E3%82%AF%E3%82%BF%E3%82%A4%20%E7%A5%9E%E5%A5%88%E5%B7%9D%E7%9C%8C%E5%B7%9D%E5%B4%8E%E5%B8%82%E4%B8%AD%E5%8E%9F%E5%8C%BA%E4%B8%8A%E4%B8%B8%E5%AD%90%E5%B1%B1%E7%8E%8B%E7%94%BA1-1401,2023,アジア・エスニック EAST,asia_ethnic_east,発表日：2023年9月26日
行徳ビリヤーニーハウス,千葉県市川市行徳駅前3-7-12 1F,食べログ アジア・エスニック EAST 百名店 2023,https://tabelog.com/chiba/A1202/A120202/12045066/,https://www.google.com/maps/search/?api=1&query=%E8%A1%8C%E5%BE%B3%E3%83%93%E3%83%AA%E3%83%A4%E3%83%BC%E3%83%8B%E3%83%BC%E3%83%8F%E3%82%A6%E3%82%B9%20%E5%8D%83%E8%91%89%E7%9C%8C%E5%B8%82%E5%B7%9D%E5%B8%82%E8%A1%8C%E5%BE%B3%E9%A7%85%E5%89%8D3-7-12%201F,2023,アジア・エスニック EAST,asia_ethnic_east,発表日：2023年9月26日
ブラジル グリル,群馬県高崎市鞘町63-1 さやもーる通り,食べログ アジア・エスニック EAST 百名店 2023,https://tabelog.com/gunma/A1001/A100102/10011057/,https://www.google.com/maps/search/?api=1&query=%E3%83%96%E3%83%A9%E3%82%B8%E3%83%AB%20%E3%82%B0%E3%83%AA%E3%83%AB%20%E7%BE%A4%E9%A6%AC%E7%9C%8C%E9%AB%98%E5%B4%8E%E5%B8%82%E9%9E%98%E7%94%BA63-1%20%E3%81%95%E3%82%84%E3%82%82%E3%83%BC%E3%82%8B%E9%80%9A%E3%82%8A,2023,アジア・エスニック EAST,asia_ethnic_east,発表日：2023年9月26日
ランラサ,千葉県白井市折立528-1,食べログ アジア・エスニック EAST 百名店 2023,https://tabelog.com/chiba/A1203/A120303/12033291/,https://www.google.com/maps/search/?api=1&query=%E3%83%A9%E3%83%B3%E3%83%A9%E3%82%B5%20%E5%8D%83%E8%91%89%E7%9C%8C%E7%99%BD%E4%BA%95%E5%B8%82%E6%8A%98%E7%AB%8B528-1,2023,アジア・エスニック EAST,asia_ethnic_east,発表日：2023年9月26日
サンライズレストラン,千葉県船橋市本町4-5-18 小泉ビル 3F,食べログ アジア・エスニック EAST 百名店 2023,https://tabelog.com/chiba/A1202/A120201/12044078/,https://www.google.com/maps/search/?api=1&query=%E3%82%B5%E3%83%B3%E3%83%A9%E3%82%A4%E3%82%BA%E3%83%AC%E3%82%B9%E3%83%88%E3%83%A9%E3%83%B3%20%E5%8D%83%E8%91%89%E7%9C%8C%E8%88%B9%E6%A9%8B%E5%B8%82%E6%9C%AC%E7%94%BA4-5-18%20%E5%B0%8F%E6%B3%89%E3%83%93%E3%83%AB%203F,2023,アジア・エスニック EAST,asia_ethnic_east,発表日：2023年9月26日
ヘラディワ,茨城県つくば市天久保1-8-6 グリーン天久保 2F,食べログ アジア・エスニック EAST 百名店 2023,https://tabelog.com/ibaraki/A0802/A080201/8017310/,https://www.google.com/maps/search/?api=1&query=%E3%83%98%E3%83%A9%E3%83%87%E3%82%A3%E3%83%AF%20%E8%8C%A8%E5%9F%8E%E7%9C%8C%E3%81%A4%E3%81%8F%E3%81%B0%E5%B8%82%E5%A4%A9%E4%B9%85%E4%BF%9D1-8-6%20%E3%82%B0%E3%83%AA%E3%83%BC%E3%83%B3%E5%A4%A9%E4%B9%85%E4%BF%9D%202F,2023,アジア・エスニック EAST,asia_ethnic_east,発表日：2023年9月26日
ピアーズ 東浦和店,埼玉県さいたま市緑区東浦和6-9-3 東浦和グルメ館 1F,食べログ アジア・エスニック EAST 百名店 2023,https://tabelog.com/saitama/A1101/A110102/11028975/,https://www.google.com/maps/search/?api=1&query=%E3%83%94%E3%82%A2%E3%83%BC%E3%82%BA%20%E6%9D%B1%E6%B5%A6%E5%92%8C%E5%BA%97%20%E5%9F%BC%E7%8E%89%E7%9C%8C%E3%81%95%E3%81%84%E3%81%9F%E3%81%BE%E5%B8%82%E7%B7%91%E5%8C%BA%E6%9D%B1%E6%B5%A6%E5%92%8C6-9-3%20%E6%9D%B1%E6%B5%A6%E5%92%8C%E3%82%B0%E3%83%AB%E3%83%A1%E9%A4%A8%201F,2023,アジア・エスニック EAST,asia_ethnic_east,発表日：2023年9月26日
ガネーシュ,神奈川県横浜市金沢区能見台通8-5,食べログ アジア・エスニック EAST 百名店 2023,https://tabelog.com/kanagawa/A1401/A140310/14012113/,https://www.google.com/maps/search/?api=1&query=%E3%82%AC%E3%83%8D%E3%83%BC%E3%82%B7%E3%83%A5%20%E7%A5%9E%E5%A5%88%E5%B7%9D%E7%9C%8C%E6%A8%AA%E6%B5%9C%E5%B8%82%E9%87%91%E6%B2%A2%E5%8C%BA%E8%83%BD%E8%A6%8B%E5%8F%B0%E9%80%9A8-5,2023,アジア・エスニック EAST,asia_ethnic_east,発表日：2023年9月26日
インド・バングラデシュ料理 スターカリーハウス,埼玉県蕨市塚越1-4-18,食べログ アジア・エスニック EAST 百名店 2023,https://tabelog.com/saitama/A1102/A110202/11054085/,https://www.google.com/maps/search/?api=1&query=%E3%82%A4%E3%83%B3%E3%83%89%E3%83%BB%E3%83%90%E3%83%B3%E3%82%B0%E3%83%A9%E3%83%87%E3%82%B7%E3%83%A5%E6%96%99%E7%90%86%20%E3%82%B9%E3%82%BF%E3%83%BC%E3%82%AB%E3%83%AA%E3%83%BC%E3%83%8F%E3%82%A6%E3%82%B9%20%E5%9F%BC%E7%8E%89%E7%9C%8C%E8%95%A8%E5%B8%82%E5%A1%9A%E8%B6%8A1-4-18,2023,アジア・エスニック EAST,asia_ethnic_east,発表日：2023年9月26日
マーフレストラン,茨城県常総市馬場441-8,食べログ アジア・エスニック EAST 百名店 2023,https://tabelog.com/ibaraki/A0806/A080602/8015291/,https://www.google.com/maps/search/?api=1&query=%E3%83%9E%E3%83%BC%E3%83%95%E3%83%AC%E3%82%B9%E3%83%88%E3%83%A9%E3%83%B3%20%E8%8C%A8%E5%9F%8E%E7%9C%8C%E5%B8%B8%E7%B7%8F%E5%B8%82%E9%A6%AC%E5%A0%B4441-8,2023,アジア・エスニック EAST,asia_ethnic_east,発表日：2023年9月26日
カリカキッチン,埼玉県さいたま市大宮区桜木町4-209,食べログ アジア・エスニック EAST 百名店 2023,https://tabelog.com/saitama/A1101/A110101/11051760/,https://www.google.com/maps/search/?api=1&query=%E3%82%AB%E3%83%AA%E3%82%AB%E3%82%AD%E3%83%83%E3%83%81%E3%83%B3%20%E5%9F%BC%E7%8E%89%E7%9C%8C%E3%81%95%E3%81%84%E3%81%9F%E3%81%BE%E5%B8%82%E5%A4%A7%E5%AE%AE%E5%8C%BA%E6%A1%9C%E6%9C%A8%E7%94%BA4-209,2023,アジア・エスニック EAST,asia_ethnic_east,発表日：2023年9月26日
セイロン キッチン,埼玉県桶川市川田谷2817-17,食べログ アジア・エスニック EAST 百名店 2023,https://tabelog.com/saitama/A1104/A110401/11054822/,https://www.google.com/maps/search/?api=1&query=%E3%82%BB%E3%82%A4%E3%83%AD%E3%83%B3%20%E3%82%AD%E3%83%83%E3%83%81%E3%83%B3%20%E5%9F%BC%E7%8E%89%E7%9C%8C%E6%A1%B6%E5%B7%9D%E5%B8%82%E5%B7%9D%E7%94%B0%E8%B0%B72817-17,2023,アジア・エスニック EAST,asia_ethnic_east,発表日：2023年9月26日
ニャウ 西川口店,埼玉県川口市並木3-1-1 小山ビル 2F,食べログ アジア・エスニック EAST 百名店 2023,https://tabelog.com/saitama/A1102/A110201/11054017/,https://www.google.com/maps/search/?api=1&query=%E3%83%8B%E3%83%A3%E3%82%A6%20%E8%A5%BF%E5%B7%9D%E5%8F%A3%E5%BA%97%20%E5%9F%BC%E7%8E%89%E7%9C%8C%E5%B7%9D%E5%8F%A3%E5%B8%82%E4%B8%A6%E6%9C%A83-1-1%20%E5%B0%8F%E5%B1%B1%E3%83%93%E3%83%AB%202F,2023,アジア・エスニック EAST,asia_ethnic_east,発表日：2023年9月26日
シナモンガーデン,神奈川県大和市林間2-22-19,食べログ アジア・エスニック EAST 百名店 2023,https://tabelog.com/kanagawa/A1407/A140702/14055360/,https://www.google.com/maps/search/?api=1&query=%E3%82%B7%E3%83%8A%E3%83%A2%E3%83%B3%E3%82%AC%E3%83%BC%E3%83%87%E3%83%B3%20%E7%A5%9E%E5%A5%88%E5%B7%9D%E7%9C%8C%E5%A4%A7%E5%92%8C%E5%B8%82%E6%9E%97%E9%96%932-22-19,2023,アジア・エスニック EAST,asia_ethnic_east,発表日：2023年9月26日
ガラムマサラ,東京都世田谷区経堂1-22-18 タイムポート経堂 2Ｆ,食べログ アジア・エスニック TOKYO 百名店 2023,https://tabelog.com/tokyo/A1318/A131813/13013124/,https://www.google.com/maps/search/?api=1&query=%E3%82%AC%E3%83%A9%E3%83%A0%E3%83%9E%E3%82%B5%E3%83%A9%20%E6%9D%B1%E4%BA%AC%E9%83%BD%E4%B8%96%E7%94%B0%E8%B0%B7%E5%8C%BA%E7%B5%8C%E5%A0%821-22-18%20%E3%82%BF%E3%82%A4%E3%83%A0%E3%83%9D%E3%83%BC%E3%83%88%E7%B5%8C%E5%A0%82%202%EF%BC%A6,2023,アジア・エスニック TOKYO,asia_ethnic_tokyo,発表日：2023年9月26日
タンドールバル カマル2号,東京都江東区亀戸6-24-8 ニューハウス亀戸 1F,食べログ アジア・エスニック TOKYO 百名店 2023,https://tabelog.com/tokyo/A1312/A131202/13231356/,https://www.google.com/maps/search/?api=1&query=%E3%82%BF%E3%83%B3%E3%83%89%E3%83%BC%E3%83%AB%E3%83%90%E3%83%AB%20%E3%82%AB%E3%83%9E%E3%83%AB2%E5%8F%B7%20%E6%9D%B1%E4%BA%AC%E9%83%BD%E6%B1%9F%E6%9D%B1%E5%8C%BA%E4%BA%80%E6%88%B86-24-8%20%E3%83%8B%E3%83%A5%E3%83%BC%E3%83%8F%E3%82%A6%E3%82%B9%E4%BA%80%E6%88%B8%201F,2023,アジア・エスニック TOKYO,asia_ethnic_tokyo,発表日：2023年9月26日
ハリマ・ケバブ・ビリヤニ,東京都台東区東上野3-36-7 1F,食べログ アジア・エスニック TOKYO 百名店 2023,https://tabelog.com/tokyo/A1311/A131101/13168753/,https://www.google.com/maps/search/?api=1&query=%E3%83%8F%E3%83%AA%E3%83%9E%E3%83%BB%E3%82%B1%E3%83%90%E3%83%96%E3%83%BB%E3%83%93%E3%83%AA%E3%83%A4%E3%83%8B%20%E6%9D%B1%E4%BA%AC%E9%83%BD%E5%8F%B0%E6%9D%B1%E5%8C%BA%E6%9D%B1%E4%B8%8A%E9%87%8E3-36-7%201F,2023,アジア・エスニック TOKYO,asia_ethnic_tokyo,発表日：2023年9月26日
HASUO,東京都渋谷区広尾5-10-3 フロストバード広尾 1F,食べログ アジア・エスニック TOKYO 百名店 2023,https://tabelog.com/tokyo/A1307/A130703/13227361/,https://www.google.com/maps/search/?api=1&query=HASUO%20%E6%9D%B1%E4%BA%AC%E9%83%BD%E6%B8%8B%E8%B0%B7%E5%8C%BA%E5%BA%83%E5%B0%BE5-10-3%20%E3%83%95%E3%83%AD%E3%82%B9%E3%83%88%E3%83%90%E3%83%BC%E3%83%89%E5%BA%83%E5%B0%BE%201F,2023,アジア・エスニック TOKYO,asia_ethnic_tokyo,発表日：2023年9月26日
馬来風光美食,東京都杉並区天沼2-3-7 ＳＡＫＡＩビルディング　Ｂ１Ｆ,食べログ アジア・エスニック TOKYO 百名店 2023,https://tabelog.com/tokyo/A1319/A131906/13005578/,https://www.google.com/maps/search/?api=1&query=%E9%A6%AC%E6%9D%A5%E9%A2%A8%E5%85%89%E7%BE%8E%E9%A3%9F%20%E6%9D%B1%E4%BA%AC%E9%83%BD%E6%9D%89%E4%B8%A6%E5%8C%BA%E5%A4%A9%E6%B2%BC2-3-7%20%EF%BC%B3%EF%BC%A1%EF%BC%AB%EF%BC%A1%EF%BC%A9%E3%83%93%E3%83%AB%E3%83%87%E3%82%A3%E3%83%B3%E3%82%B0%E3%80%80%EF%BC%A2%EF%BC%91%EF%BC%A6,2023,アジア・エスニック TOKYO,asia_ethnic_tokyo,発表日：2023年9月26日
グルガオン,東京都中央区銀座1-6-13 銀座１０６ビル　Ｂ１Ｆ,食べログ アジア・エスニック TOKYO 百名店 2023,https://tabelog.com/tokyo/A1301/A130101/13002457/,https://www.google.com/maps/search/?api=1&query=%E3%82%B0%E3%83%AB%E3%82%AC%E3%82%AA%E3%83%B3%20%E6%9D%B1%E4%BA%AC%E9%83%BD%E4%B8%AD%E5%A4%AE%E5%8C%BA%E9%8A%80%E5%BA%A71-6-13%20%E9%8A%80%E5%BA%A7%EF%BC%91%EF%BC%90%EF%BC%96%E3%83%93%E3%83%AB%E3%80%80%EF%BC%A2%EF%BC%91%EF%BC%A6,2023,アジア・エスニック TOKYO,asia_ethnic_tokyo,発表日：2023年9月26日
スパイスバル コザブロ,東京都文京区向丘2-34-8 1F,食べログ アジア・エスニック TOKYO 百名店 2023,https://tabelog.com/tokyo/A1323/A132301/13207647/,https://www.google.com/maps/search/?api=1&query=%E3%82%B9%E3%83%91%E3%82%A4%E3%82%B9%E3%83%90%E3%83%AB%20%E3%82%B3%E3%82%B6%E3%83%96%E3%83%AD%20%E6%9D%B1%E4%BA%AC%E9%83%BD%E6%96%87%E4%BA%AC%E5%8C%BA%E5%90%91%E4%B8%982-34-8%201F,2023,アジア・エスニック TOKYO,asia_ethnic_tokyo,発表日：2023年9月26日
SEABIRD COLONY 銀座本店,東京都中央区銀座5-4-15 西五ビル 3F,食べログ アジア・エスニック TOKYO 百名店 2023,https://tabelog.com/tokyo/A1301/A130101/13257559/,https://www.google.com/maps/search/?api=1&query=SEABIRD%20COLONY%20%E9%8A%80%E5%BA%A7%E6%9C%AC%E5%BA%97%20%E6%9D%B1%E4%BA%AC%E9%83%BD%E4%B8%AD%E5%A4%AE%E5%8C%BA%E9%8A%80%E5%BA%A75-4-15%20%E8%A5%BF%E4%BA%94%E3%83%93%E3%83%AB%203F,2023,アジア・エスニック TOKYO,asia_ethnic_tokyo,発表日：2023年9月26日
デリー 銀座店,東京都中央区銀座6-3-11 西銀座ビル 3F,食べログ アジア・エスニック TOKYO 百名店 2023,https://tabelog.com/tokyo/A1301/A130101/13002616/,https://www.google.com/maps/search/?api=1&query=%E3%83%87%E3%83%AA%E3%83%BC%20%E9%8A%80%E5%BA%A7%E5%BA%97%20%E6%9D%B1%E4%BA%AC%E9%83%BD%E4%B8%AD%E5%A4%AE%E5%8C%BA%E9%8A%80%E5%BA%A76-3-11%20%E8%A5%BF%E9%8A%80%E5%BA%A7%E3%83%93%E3%83%AB%203F,2023,アジア・エスニック TOKYO,asia_ethnic_tokyo,発表日：2023年9月26日
大岩食堂,東京都杉並区西荻南3-24-1,食べログ アジア・エスニック TOKYO 百名店 2023,https://tabelog.com/tokyo/A1319/A131907/13171369/,https://www.google.com/maps/search/?api=1&query=%E5%A4%A7%E5%B2%A9%E9%A3%9F%E5%A0%82%20%E6%9D%B1%E4%BA%AC%E9%83%BD%E6%9D%89%E4%B8%A6%E5%8C%BA%E8%A5%BF%E8%8D%BB%E5%8D%973-24-1,2023,アジア・エスニック TOKYO,asia_ethnic_tokyo,発表日：2023年9月26日
砂の岬,東京都世田谷区新町2-6-14,食べログ アジア・エスニック TOKYO 百名店 2023,https://tabelog.com/tokyo/A1317/A131707/13120204/,https://www.google.com/maps/search/?api=1&query=%E7%A0%82%E3%81%AE%E5%B2%AC%20%E6%9D%B1%E4%BA%AC%E9%83%BD%E4%B8%96%E7%94%B0%E8%B0%B7%E5%8C%BA%E6%96%B0%E7%94%BA2-6-14,2023,アジア・エスニック TOKYO,asia_ethnic_tokyo,発表日：2023年9月26日
アーンドラ・ダバ,東京都千代田区内神田3-7-8 サトウハウスビル 2F,食べログ アジア・エスニック TOKYO 百名店 2023,https://tabelog.com/tokyo/A1310/A131002/13199412/,https://www.google.com/maps/search/?api=1&query=%E3%82%A2%E3%83%BC%E3%83%B3%E3%83%89%E3%83%A9%E3%83%BB%E3%83%80%E3%83%90%20%E6%9D%B1%E4%BA%AC%E9%83%BD%E5%8D%83%E4%BB%A3%E7%94%B0%E5%8C%BA%E5%86%85%E7%A5%9E%E7%94%B03-7-8%20%E3%82%B5%E3%83%88%E3%82%A6%E3%83%8F%E3%82%A6%E3%82%B9%E3%83%93%E3%83%AB%202F,2023,アジア・エスニック TOKYO,asia_ethnic_tokyo,発表日：2023年9月26日
カーン・ケバブ・ビリヤニ,東京都中央区銀座8-8-11 銀座博品館 6F,食べログ アジア・エスニック TOKYO 百名店 2023,https://tabelog.com/tokyo/A1301/A130103/13170211/,https://www.google.com/maps/search/?api=1&query=%E3%82%AB%E3%83%BC%E3%83%B3%E3%83%BB%E3%82%B1%E3%83%90%E3%83%96%E3%83%BB%E3%83%93%E3%83%AA%E3%83%A4%E3%83%8B%20%E6%9D%B1%E4%BA%AC%E9%83%BD%E4%B8%AD%E5%A4%AE%E5%8C%BA%E9%8A%80%E5%BA%A78-8-11%20%E9%8A%80%E5%BA%A7%E5%8D%9A%E5%93%81%E9%A4%A8%206F,2023,アジア・エスニック TOKYO,asia_ethnic_tokyo,発表日：2023年9月26日
ロス・バルバドス,東京都渋谷区宇田川町41-26 パピエビル１０４,食べログ アジア・エスニック TOKYO 百名店 2023,https://tabelog.com/tokyo/A1303/A130301/13111493/,https://www.google.com/maps/search/?api=1&query=%E3%83%AD%E3%82%B9%E3%83%BB%E3%83%90%E3%83%AB%E3%83%90%E3%83%89%E3%82%B9%20%E6%9D%B1%E4%BA%AC%E9%83%BD%E6%B8%8B%E8%B0%B7%E5%8C%BA%E5%AE%87%E7%94%B0%E5%B7%9D%E7%94%BA41-26%20%E3%83%91%E3%83%94%E3%82%A8%E3%83%93%E3%83%AB%EF%BC%91%EF%BC%90%EF%BC%94,2023,アジア・エスニック TOKYO,asia_ethnic_tokyo,発表日：2023年9月26日
エリックサウス 高円寺カレー＆ビリヤニセンター,東京都杉並区高円寺南4-49-1,食べログ アジア・エスニック TOKYO 百名店 2023,https://tabelog.com/tokyo/A1319/A131904/13245273/,https://www.google.com/maps/search/?api=1&query=%E3%82%A8%E3%83%AA%E3%83%83%E3%82%AF%E3%82%B5%E3%82%A6%E3%82%B9%20%E9%AB%98%E5%86%86%E5%AF%BA%E3%82%AB%E3%83%AC%E3%83%BC%EF%BC%86%E3%83%93%E3%83%AA%E3%83%A4%E3%83%8B%E3%82%BB%E3%83%B3%E3%82%BF%E3%83%BC%20%E6%9D%B1%E4%BA%AC%E9%83%BD%E6%9D%89%E4%B8%A6%E5%8C%BA%E9%AB%98%E5%86%86%E5%AF%BA%E5%8D%974-49-1,2023,アジア・エスニック TOKYO,asia_ethnic_tokyo,発表日：2023年9月26日
ミ・レイ,東京都大田区蒲田5-1-4 関根ビル　２Ｆ,食べログ アジア・エスニック TOKYO 百名店 2023,https://tabelog.com/tokyo/A1315/A131503/13003307/,https://www.google.com/maps/search/?api=1&query=%E3%83%9F%E3%83%BB%E3%83%AC%E3%82%A4%20%E6%9D%B1%E4%BA%AC%E9%83%BD%E5%A4%A7%E7%94%B0%E5%8C%BA%E8%92%B2%E7%94%B05-1-4%20%E9%96%A2%E6%A0%B9%E3%83%93%E3%83%AB%E3%80%80%EF%BC%92%EF%BC%A6,2023,アジア・エスニック TOKYO,asia_ethnic_tokyo,発表日：2023年9月26日
南インド料理 なんどり,東京都荒川区西尾久7-29-9,食べログ アジア・エスニック TOKYO 百名店 2023,https://tabelog.com/tokyo/A1323/A132303/13151371/,https://www.google.com/maps/search/?api=1&query=%E5%8D%97%E3%82%A4%E3%83%B3%E3%83%89%E6%96%99%E7%90%86%20%E3%81%AA%E3%82%93%E3%81%A9%E3%82%8A%20%E6%9D%B1%E4%BA%AC%E9%83%BD%E8%8D%92%E5%B7%9D%E5%8C%BA%E8%A5%BF%E5%B0%BE%E4%B9%857-29-9,2023,アジア・エスニック TOKYO,asia_ethnic_tokyo,発表日：2023年9月26日
ベジキッチン,東京都台東区台東3-44-8,食べログ アジア・エスニック TOKYO 百名店 2023,https://tabelog.com/tokyo/A1311/A131101/13168026/,https://www.google.com/maps/search/?api=1&query=%E3%83%99%E3%82%B8%E3%82%AD%E3%83%83%E3%83%81%E3%83%B3%20%E6%9D%B1%E4%BA%AC%E9%83%BD%E5%8F%B0%E6%9D%B1%E5%8C%BA%E5%8F%B0%E6%9D%B13-44-8,2023,アジア・エスニック TOKYO,asia_ethnic_tokyo,発表日：2023年9月26日
シルクロード,東京都荒川区西日暮里4-23-1,食べログ アジア・エスニック TOKYO 百名店 2023,https://tabelog.com/tokyo/A1311/A131105/13204354/,https://www.google.com/maps/search/?api=1&query=%E3%82%B7%E3%83%AB%E3%82%AF%E3%83%AD%E3%83%BC%E3%83%89%20%E6%9D%B1%E4%BA%AC%E9%83%BD%E8%8D%92%E5%B7%9D%E5%8C%BA%E8%A5%BF%E6%97%A5%E6%9A%AE%E9%87%8C4-23-1,2023,アジア・エスニック TOKYO,asia_ethnic_tokyo,発表日：2023年9月26日
シターラ 青山店,東京都港区南青山5-7-17 小原流会館 B1F,食べログ アジア・エスニック TOKYO 百名店 2023,https://tabelog.com/tokyo/A1306/A130602/13009705/,https://www.google.com/maps/search/?api=1&query=%E3%82%B7%E3%82%BF%E3%83%BC%E3%83%A9%20%E9%9D%92%E5%B1%B1%E5%BA%97%20%E6%9D%B1%E4%BA%AC%E9%83%BD%E6%B8%AF%E5%8C%BA%E5%8D%97%E9%9D%92%E5%B1%B15-7-17%20%E5%B0%8F%E5%8E%9F%E6%B5%81%E4%BC%9A%E9%A4%A8%20B1F,2023,アジア・エスニック TOKYO,asia_ethnic_tokyo,発表日：2023年9月26日
バーン・タム,東京都新宿区大久保2-19-1 セントラル大久保ビル B1F,食べログ アジア・エスニック TOKYO 百名店 2023,https://tabelog.com/tokyo/A1304/A130404/13198074/,https://www.google.com/maps/search/?api=1&query=%E3%83%90%E3%83%BC%E3%83%B3%E3%83%BB%E3%82%BF%E3%83%A0%20%E6%9D%B1%E4%BA%AC%E9%83%BD%E6%96%B0%E5%AE%BF%E5%8C%BA%E5%A4%A7%E4%B9%85%E4%BF%9D2-19-1%20%E3%82%BB%E3%83%B3%E3%83%88%E3%83%A9%E3%83%AB%E5%A4%A7%E4%B9%85%E4%BF%9D%E3%83%93%E3%83%AB%20B1F,2023,アジア・エスニック TOKYO,asia_ethnic_tokyo,発表日：2023年9月26日
マロロガ バワン,東京都中野区新井1-35-12,食べログ アジア・エスニック TOKYO 百名店 2023,https://tabelog.com/tokyo/A1321/A132104/13242332/,https://www.google.com/maps/search/?api=1&query=%E3%83%9E%E3%83%AD%E3%83%AD%E3%82%AC%20%E3%83%90%E3%83%AF%E3%83%B3%20%E6%9D%B1%E4%BA%AC%E9%83%BD%E4%B8%AD%E9%87%8E%E5%8C%BA%E6%96%B0%E4%BA%951-35-12,2023,アジア・エスニック TOKYO,asia_ethnic_tokyo,発表日：2023年9月26日
タイ料理 みもっと,東京都目黒区目黒1-24-7,食べログ アジア・エスニック TOKYO 百名店 2023,https://tabelog.com/tokyo/A1316/A131601/13238530/,https://www.google.com/maps/search/?api=1&query=%E3%82%BF%E3%82%A4%E6%96%99%E7%90%86%20%E3%81%BF%E3%82%82%E3%81%A3%E3%81%A8%20%E6%9D%B1%E4%BA%AC%E9%83%BD%E7%9B%AE%E9%BB%92%E5%8C%BA%E7%9B%AE%E9%BB%921-24-7,2023,アジア・エスニック TOKYO,asia_ethnic_tokyo,発表日：2023年9月26日
ナンディニ 虎ノ門店,東京都港区西新橋2-22-1 ル・グラシエルBLDG4 1F,食べログ アジア・エスニック TOKYO 百名店 2023,https://tabelog.com/tokyo/A1301/A130103/13206264/,https://www.google.com/maps/search/?api=1&query=%E3%83%8A%E3%83%B3%E3%83%87%E3%82%A3%E3%83%8B%20%E8%99%8E%E3%83%8E%E9%96%80%E5%BA%97%20%E6%9D%B1%E4%BA%AC%E9%83%BD%E6%B8%AF%E5%8C%BA%E8%A5%BF%E6%96%B0%E6%A9%8B2-22-1%20%E3%83%AB%E3%83%BB%E3%82%B0%E3%83%A9%E3%82%B7%E3%82%A8%E3%83%ABBLDG4%201F,2023,アジア・エスニック TOKYO,asia_ethnic_tokyo,発表日：2023年9月26日
TOKYO BHAVAN,東京都千代田区飯田橋1-12-7 MSビル,食べログ アジア・エスニック TOKYO 百名店 2023,https://tabelog.com/tokyo/A1309/A130905/13284013/,https://www.google.com/maps/search/?api=1&query=TOKYO%20BHAVAN%20%E6%9D%B1%E4%BA%AC%E9%83%BD%E5%8D%83%E4%BB%A3%E7%94%B0%E5%8C%BA%E9%A3%AF%E7%94%B0%E6%A9%8B1-12-7%20MS%E3%83%93%E3%83%AB,2023,アジア・エスニック TOKYO,asia_ethnic_tokyo,発表日：2023年9月26日
GRAVY,東京都千代田区神田小川町3-11-2 インペリアル御茶の水 1F,食べログ アジア・エスニック TOKYO 百名店 2023,https://tabelog.com/tokyo/A1310/A131002/13258062/,https://www.google.com/maps/search/?api=1&query=GRAVY%20%E6%9D%B1%E4%BA%AC%E9%83%BD%E5%8D%83%E4%BB%A3%E7%94%B0%E5%8C%BA%E7%A5%9E%E7%94%B0%E5%B0%8F%E5%B7%9D%E7%94%BA3-11-2%20%E3%82%A4%E3%83%B3%E3%83%9A%E3%83%AA%E3%82%A2%E3%83%AB%E5%BE%A1%E8%8C%B6%E3%81%AE%E6%B0%B4%201F,2023,アジア・エスニック TOKYO,asia_ethnic_tokyo,発表日：2023年9月26日
やっぱりインディア,東京都豊島区南大塚3-50-3 運来ビル 2F,食べログ アジア・エスニック TOKYO 百名店 2023,https://tabelog.com/tokyo/A1323/A132302/13207605/,https://www.google.com/maps/search/?api=1&query=%E3%82%84%E3%81%A3%E3%81%B1%E3%82%8A%E3%82%A4%E3%83%B3%E3%83%87%E3%82%A3%E3%82%A2%20%E6%9D%B1%E4%BA%AC%E9%83%BD%E8%B1%8A%E5%B3%B6%E5%8C%BA%E5%8D%97%E5%A4%A7%E5%A1%9A3-50-3%20%E9%81%8B%E6%9D%A5%E3%83%93%E3%83%AB%202F,2023,アジア・エスニック TOKYO,asia_ethnic_tokyo,発表日：2023年9月26日
李南河 代官山店,東京都渋谷区代官山町20-20 モンシェリー代官山 B1F,食べログ アジア・エスニック TOKYO 百名店 2023,https://tabelog.com/tokyo/A1303/A130303/13004636/,https://www.google.com/maps/search/?api=1&query=%E6%9D%8E%E5%8D%97%E6%B2%B3%20%E4%BB%A3%E5%AE%98%E5%B1%B1%E5%BA%97%20%E6%9D%B1%E4%BA%AC%E9%83%BD%E6%B8%8B%E8%B0%B7%E5%8C%BA%E4%BB%A3%E5%AE%98%E5%B1%B1%E7%94%BA20-20%20%E3%83%A2%E3%83%B3%E3%82%B7%E3%82%A7%E3%83%AA%E3%83%BC%E4%BB%A3%E5%AE%98%E5%B1%B1%20B1F,2023,アジア・エスニック TOKYO,asia_ethnic_tokyo,発表日：2023年9月26日
カリ～ アンド スパイスバル カリ～ビト,東京都千代田区飯田橋3-2-6 フィルパーク飯田橋 1F,食べログ アジア・エスニック TOKYO 百名店 2023,https://tabelog.com/tokyo/A1309/A130905/13186472/,https://www.google.com/maps/search/?api=1&query=%E3%82%AB%E3%83%AA%EF%BD%9E%20%E3%82%A2%E3%83%B3%E3%83%89%20%E3%82%B9%E3%83%91%E3%82%A4%E3%82%B9%E3%83%90%E3%83%AB%20%E3%82%AB%E3%83%AA%EF%BD%9E%E3%83%93%E3%83%88%20%E6%9D%B1%E4%BA%AC%E9%83%BD%E5%8D%83%E4%BB%A3%E7%94%B0%E5%8C%BA%E9%A3%AF%E7%94%B0%E6%A9%8B3-2-6%20%E3%83%95%E3%82%A3%E3%83%AB%E3%83%91%E3%83%BC%E3%82%AF%E9%A3%AF%E7%94%B0%E6%A9%8B%201F,2023,アジア・エスニック TOKYO,asia_ethnic_tokyo,発表日：2023年9月26日
バーワルチー,東京都北区赤羽1-18-2 石井ビル 1F,食べログ アジア・エスニック TOKYO 百名店 2023,https://tabelog.com/tokyo/A1323/A132305/13112191/,https://www.google.com/maps/search/?api=1&query=%E3%83%90%E3%83%BC%E3%83%AF%E3%83%AB%E3%83%81%E3%83%BC%20%E6%9D%B1%E4%BA%AC%E9%83%BD%E5%8C%97%E5%8C%BA%E8%B5%A4%E7%BE%BD1-18-2%20%E7%9F%B3%E4%BA%95%E3%83%93%E3%83%AB%201F,2023,アジア・エスニック TOKYO,asia_ethnic_tokyo,発表日：2023年9月26日
はすの里 新御徒町本店,東京都台東区台東4-3-1,食べログ アジア・エスニック TOKYO 百名店 2023,https://tabelog.com/tokyo/A1311/A131101/13181146/,https://www.google.com/maps/search/?api=1&query=%E3%81%AF%E3%81%99%E3%81%AE%E9%87%8C%20%E6%96%B0%E5%BE%A1%E5%BE%92%E7%94%BA%E6%9C%AC%E5%BA%97%20%E6%9D%B1%E4%BA%AC%E9%83%BD%E5%8F%B0%E6%9D%B1%E5%8C%BA%E5%8F%B0%E6%9D%B14-3-1,2023,アジア・エスニック TOKYO,asia_ethnic_tokyo,発表日：2023年9月26日
Curry&Spice青い鳥,東京都渋谷区幡ヶ谷2-47-12 2F,食べログ アジア・エスニック TOKYO 百名店 2023,https://tabelog.com/tokyo/A1318/A131807/13190512/,https://www.google.com/maps/search/?api=1&query=Curry%26Spice%E9%9D%92%E3%81%84%E9%B3%A5%20%E6%9D%B1%E4%BA%AC%E9%83%BD%E6%B8%8B%E8%B0%B7%E5%8C%BA%E5%B9%A1%E3%83%B6%E8%B0%B72-47-12%202F,2023,アジア・エスニック TOKYO,asia_ethnic_tokyo,発表日：2023年9月26日
ベトナムちゃん,東京都新宿区百人町1-19-17,食べログ アジア・エスニック TOKYO 百名店 2023,https://tabelog.com/tokyo/A1304/A130404/13122530/,https://www.google.com/maps/search/?api=1&query=%E3%83%99%E3%83%88%E3%83%8A%E3%83%A0%E3%81%A1%E3%82%83%E3%82%93%20%E6%9D%B1%E4%BA%AC%E9%83%BD%E6%96%B0%E5%AE%BF%E5%8C%BA%E7%99%BE%E4%BA%BA%E7%94%BA1-19-17,2023,アジア・エスニック TOKYO,asia_ethnic_tokyo,発表日：2023年9月26日
すぱいす暮らし,東京都目黒区鷹番2-20-14,食べログ アジア・エスニック TOKYO 百名店 2023,https://tabelog.com/tokyo/A1317/A131702/13195314/,https://www.google.com/maps/search/?api=1&query=%E3%81%99%E3%81%B1%E3%81%84%E3%81%99%E6%9A%AE%E3%82%89%E3%81%97%20%E6%9D%B1%E4%BA%AC%E9%83%BD%E7%9B%AE%E9%BB%92%E5%8C%BA%E9%B7%B9%E7%95%AA2-20-14,2023,アジア・エスニック TOKYO,asia_ethnic_tokyo,発表日：2023年9月26日
サンバレーホテル,東京都世田谷区上馬1-15-10 オリエント三軒茶屋ハウス1F,食べログ アジア・エスニック TOKYO 百名店 2023,https://tabelog.com/tokyo/A1317/A131706/13195313/,https://www.google.com/maps/search/?api=1&query=%E3%82%B5%E3%83%B3%E3%83%90%E3%83%AC%E3%83%BC%E3%83%9B%E3%83%86%E3%83%AB%20%E6%9D%B1%E4%BA%AC%E9%83%BD%E4%B8%96%E7%94%B0%E8%B0%B7%E5%8C%BA%E4%B8%8A%E9%A6%AC1-15-10%20%E3%82%AA%E3%83%AA%E3%82%A8%E3%83%B3%E3%83%88%E4%B8%89%E8%BB%92%E8%8C%B6%E5%B1%8B%E3%83%8F%E3%82%A6%E3%82%B91F,2023,アジア・エスニック TOKYO,asia_ethnic_tokyo,発表日：2023年9月26日
三燈舎,東京都千代田区神田小川町3-2 古室ビル 2F,食べログ アジア・エスニック TOKYO 百名店 2023,https://tabelog.com/tokyo/A1310/A131002/13234867/,https://www.google.com/maps/search/?api=1&query=%E4%B8%89%E7%87%88%E8%88%8E%20%E6%9D%B1%E4%BA%AC%E9%83%BD%E5%8D%83%E4%BB%A3%E7%94%B0%E5%8C%BA%E7%A5%9E%E7%94%B0%E5%B0%8F%E5%B7%9D%E7%94%BA3-2%20%E5%8F%A4%E5%AE%A4%E3%83%93%E3%83%AB%202F,2023,アジア・エスニック TOKYO,asia_ethnic_tokyo,発表日：2023年9月26日
マンダラ,東京都千代田区神田神保町2-17 集英社共同ビル Ｂ１,食べログ アジア・エスニック TOKYO 百名店 2023,https://tabelog.com/tokyo/A1310/A131003/13000442/,https://www.google.com/maps/search/?api=1&query=%E3%83%9E%E3%83%B3%E3%83%80%E3%83%A9%20%E6%9D%B1%E4%BA%AC%E9%83%BD%E5%8D%83%E4%BB%A3%E7%94%B0%E5%8C%BA%E7%A5%9E%E7%94%B0%E7%A5%9E%E4%BF%9D%E7%94%BA2-17%20%E9%9B%86%E8%8B%B1%E7%A4%BE%E5%85%B1%E5%90%8C%E3%83%93%E3%83%AB%20%EF%BC%A2%EF%BC%91,2023,アジア・エスニック TOKYO,asia_ethnic_tokyo,発表日：2023年9月26日
スパイスボックス,東京都千代田区内神田1-15-12 第二斉木ビル 1F,食べログ アジア・エスニック TOKYO 百名店 2023,https://tabelog.com/tokyo/A1310/A131002/13191118/,https://www.google.com/maps/search/?api=1&query=%E3%82%B9%E3%83%91%E3%82%A4%E3%82%B9%E3%83%9C%E3%83%83%E3%82%AF%E3%82%B9%20%E6%9D%B1%E4%BA%AC%E9%83%BD%E5%8D%83%E4%BB%A3%E7%94%B0%E5%8C%BA%E5%86%85%E7%A5%9E%E7%94%B01-15-12%20%E7%AC%AC%E4%BA%8C%E6%96%89%E6%9C%A8%E3%83%93%E3%83%AB%201F,2023,アジア・エスニック TOKYO,asia_ethnic_tokyo,発表日：2023年9月26日
ADI,東京都目黒区上目黒2-46-7,食べログ アジア・エスニック TOKYO 百名店 2023,https://tabelog.com/tokyo/A1317/A131701/13248455/,https://www.google.com/maps/search/?api=1&query=ADI%20%E6%9D%B1%E4%BA%AC%E9%83%BD%E7%9B%AE%E9%BB%92%E5%8C%BA%E4%B8%8A%E7%9B%AE%E9%BB%922-46-7,2023,アジア・エスニック TOKYO,asia_ethnic_tokyo,発表日：2023年9月26日
ネパリコ 渋谷店,東京都渋谷区桜丘町30-18 メイサ南平台 １Ｆ,食べログ アジア・エスニック TOKYO 百名店 2023,https://tabelog.com/tokyo/A1303/A130301/13116418/,https://www.google.com/maps/search/?api=1&query=%E3%83%8D%E3%83%91%E3%83%AA%E3%82%B3%20%E6%B8%8B%E8%B0%B7%E5%BA%97%20%E6%9D%B1%E4%BA%AC%E9%83%BD%E6%B8%8B%E8%B0%B7%E5%8C%BA%E6%A1%9C%E4%B8%98%E7%94%BA30-18%20%E3%83%A1%E3%82%A4%E3%82%B5%E5%8D%97%E5%B9%B3%E5%8F%B0%20%EF%BC%91%EF%BC%A6,2023,アジア・エスニック TOKYO,asia_ethnic_tokyo,発表日：2023年9月26日
okudo 東京,東京都新宿区新宿1-15-14 オムニビル 1F,食べログ アジア・エスニック TOKYO 百名店 2023,https://tabelog.com/tokyo/A1304/A130402/13174128/,https://www.google.com/maps/search/?api=1&query=okudo%20%E6%9D%B1%E4%BA%AC%20%E6%9D%B1%E4%BA%AC%E9%83%BD%E6%96%B0%E5%AE%BF%E5%8C%BA%E6%96%B0%E5%AE%BF1-15-14%20%E3%82%AA%E3%83%A0%E3%83%8B%E3%83%93%E3%83%AB%201F,2023,アジア・エスニック TOKYO,asia_ethnic_tokyo,発表日：2023年9月26日
ナンディニ 清澄白河店,東京都江東区三好3-11-8 三好3丁目ビル 1F,食べログ アジア・エスニック TOKYO 百名店 2023,https://tabelog.com/tokyo/A1313/A131303/13178308/,https://www.google.com/maps/search/?api=1&query=%E3%83%8A%E3%83%B3%E3%83%87%E3%82%A3%E3%83%8B%20%E6%B8%85%E6%BE%84%E7%99%BD%E6%B2%B3%E5%BA%97%20%E6%9D%B1%E4%BA%AC%E9%83%BD%E6%B1%9F%E6%9D%B1%E5%8C%BA%E4%B8%89%E5%A5%BD3-11-8%20%E4%B8%89%E5%A5%BD3%E4%B8%81%E7%9B%AE%E3%83%93%E3%83%AB%201F,2023,アジア・エスニック TOKYO,asia_ethnic_tokyo,発表日：2023年9月26日
イズミル,東京都杉並区阿佐谷北2-13-2 阿佐谷北口駅前ビル（パサージュ） 2F,食べログ アジア・エスニック TOKYO 百名店 2023,https://tabelog.com/tokyo/A1319/A131905/13000663/,https://www.google.com/maps/search/?api=1&query=%E3%82%A4%E3%82%BA%E3%83%9F%E3%83%AB%20%E6%9D%B1%E4%BA%AC%E9%83%BD%E6%9D%89%E4%B8%A6%E5%8C%BA%E9%98%BF%E4%BD%90%E8%B0%B7%E5%8C%972-13-2%20%E9%98%BF%E4%BD%90%E8%B0%B7%E5%8C%97%E5%8F%A3%E9%A7%85%E5%89%8D%E3%83%93%E3%83%AB%EF%BC%88%E3%83%91%E3%82%B5%E3%83%BC%E3%82%B8%E3%83%A5%EF%BC%89%202F,2023,アジア・エスニック TOKYO,asia_ethnic_tokyo,発表日：2023年9月26日
フォーティントーキョー,東京都豊島区東池袋1-12-14 ハヤカワビル B1F,食べログ アジア・エスニック TOKYO 百名店 2023,https://tabelog.com/tokyo/A1305/A130501/13232077/,https://www.google.com/maps/search/?api=1&query=%E3%83%95%E3%82%A9%E3%83%BC%E3%83%86%E3%82%A3%E3%83%B3%E3%83%88%E3%83%BC%E3%82%AD%E3%83%A7%E3%83%BC%20%E6%9D%B1%E4%BA%AC%E9%83%BD%E8%B1%8A%E5%B3%B6%E5%8C%BA%E6%9D%B1%E6%B1%A0%E8%A2%8B1-12-14%20%E3%83%8F%E3%83%A4%E3%82%AB%E3%83%AF%E3%83%93%E3%83%AB%20B1F,2023,アジア・エスニック TOKYO,asia_ethnic_tokyo,発表日：2023年9月26日
韓灯,東京都中央区月島2-8-12 AS ONE月島 B1F,食べログ アジア・エスニック TOKYO 百名店 2023,https://tabelog.com/tokyo/A1313/A131302/13019721/,https://www.google.com/maps/search/?api=1&query=%E9%9F%93%E7%81%AF%20%E6%9D%B1%E4%BA%AC%E9%83%BD%E4%B8%AD%E5%A4%AE%E5%8C%BA%E6%9C%88%E5%B3%B62-8-12%20AS%20ONE%E6%9C%88%E5%B3%B6%20B1F,2023,アジア・エスニック TOKYO,asia_ethnic_tokyo,発表日：2023年9月26日
草原の料理 スヨリト,東京都新宿区矢来町82,食べログ アジア・エスニック TOKYO 百名店 2023,https://tabelog.com/tokyo/A1309/A130905/13281095/,https://www.google.com/maps/search/?api=1&query=%E8%8D%89%E5%8E%9F%E3%81%AE%E6%96%99%E7%90%86%20%E3%82%B9%E3%83%A8%E3%83%AA%E3%83%88%20%E6%9D%B1%E4%BA%AC%E9%83%BD%E6%96%B0%E5%AE%BF%E5%8C%BA%E7%9F%A2%E6%9D%A5%E7%94%BA82,2023,アジア・エスニック TOKYO,asia_ethnic_tokyo,発表日：2023年9月26日
ヒマラヤテーブル,東京都千代田区内神田3-5-5 大同ビル  2F,食べログ アジア・エスニック TOKYO 百名店 2023,https://tabelog.com/tokyo/A1310/A131002/13153700/,https://www.google.com/maps/search/?api=1&query=%E3%83%92%E3%83%9E%E3%83%A9%E3%83%A4%E3%83%86%E3%83%BC%E3%83%96%E3%83%AB%20%E6%9D%B1%E4%BA%AC%E9%83%BD%E5%8D%83%E4%BB%A3%E7%94%B0%E5%8C%BA%E5%86%85%E7%A5%9E%E7%94%B03-5-5%20%E5%A4%A7%E5%90%8C%E3%83%93%E3%83%AB%20%202F,2023,アジア・エスニック TOKYO,asia_ethnic_tokyo,発表日：2023年9月26日
ペルー料理 bepocah,東京都渋谷区神宮前2-17-6,食べログ アジア・エスニック TOKYO 百名店 2023,https://tabelog.com/tokyo/A1306/A130601/13153983/,https://www.google.com/maps/search/?api=1&query=%E3%83%9A%E3%83%AB%E3%83%BC%E6%96%99%E7%90%86%20bepocah%20%E6%9D%B1%E4%BA%AC%E9%83%BD%E6%B8%8B%E8%B0%B7%E5%8C%BA%E7%A5%9E%E5%AE%AE%E5%89%8D2-17-6,2023,アジア・エスニック TOKYO,asia_ethnic_tokyo,発表日：2023年9月26日
ゼロワンカレーA.o.D,東京都港区三田3-2-9 杉浦ビル 1F,食べログ アジア・エスニック TOKYO 百名店 2023,https://tabelog.com/tokyo/A1314/A131402/13239329/,https://www.google.com/maps/search/?api=1&query=%E3%82%BC%E3%83%AD%E3%83%AF%E3%83%B3%E3%82%AB%E3%83%AC%E3%83%BCA.o.D%20%E6%9D%B1%E4%BA%AC%E9%83%BD%E6%B8%AF%E5%8C%BA%E4%B8%89%E7%94%B03-2-9%20%E6%9D%89%E6%B5%A6%E3%83%93%E3%83%AB%201F,2023,アジア・エスニック TOKYO,asia_ethnic_tokyo,発表日：2023年9月26日
對馬流 南インド系辛口料理店 タリカロ,東京都杉並区西荻南3-15-13 高梨ビル 1F,食べログ アジア・エスニック TOKYO 百名店 2023,https://tabelog.com/tokyo/A1319/A131907/13255518/,https://www.google.com/maps/search/?api=1&query=%E5%B0%8D%E9%A6%AC%E6%B5%81%20%E5%8D%97%E3%82%A4%E3%83%B3%E3%83%89%E7%B3%BB%E8%BE%9B%E5%8F%A3%E6%96%99%E7%90%86%E5%BA%97%20%E3%82%BF%E3%83%AA%E3%82%AB%E3%83%AD%20%E6%9D%B1%E4%BA%AC%E9%83%BD%E6%9D%89%E4%B8%A6%E5%8C%BA%E8%A5%BF%E8%8D%BB%E5%8D%973-15-13%20%E9%AB%98%E6%A2%A8%E3%83%93%E3%83%AB%201F,2023,アジア・エスニック TOKYO,asia_ethnic_tokyo,発表日：2023年9月26日
ゼロツー ナシカンダール トーキョー,東京都千代田区大手町1-9-2 グランキューブ 1F,食べログ アジア・エスニック TOKYO 百名店 2023,https://tabelog.com/tokyo/A1302/A130201/13266576/,https://www.google.com/maps/search/?api=1&query=%E3%82%BC%E3%83%AD%E3%83%84%E3%83%BC%20%E3%83%8A%E3%82%B7%E3%82%AB%E3%83%B3%E3%83%80%E3%83%BC%E3%83%AB%20%E3%83%88%E3%83%BC%E3%82%AD%E3%83%A7%E3%83%BC%20%E6%9D%B1%E4%BA%AC%E9%83%BD%E5%8D%83%E4%BB%A3%E7%94%B0%E5%8C%BA%E5%A4%A7%E6%89%8B%E7%94%BA1-9-2%20%E3%82%B0%E3%83%A9%E3%83%B3%E3%82%AD%E3%83%A5%E3%83%BC%E3%83%96%201F,2023,アジア・エスニック TOKYO,asia_ethnic_tokyo,発表日：2023年9月26日
アジャンタ,東京都千代田区二番町3-11,食べログ アジア・エスニック TOKYO 百名店 2023,https://tabelog.com/tokyo/A1308/A130803/13000438/,https://www.google.com/maps/search/?api=1&query=%E3%82%A2%E3%82%B8%E3%83%A3%E3%83%B3%E3%82%BF%20%E6%9D%B1%E4%BA%AC%E9%83%BD%E5%8D%83%E4%BB%A3%E7%94%B0%E5%8C%BA%E4%BA%8C%E7%95%AA%E7%94%BA3-11,2023,アジア・エスニック TOKYO,asia_ethnic_tokyo,発表日：2023年9月26日
ブルガズ アダ,東京都港区麻布十番3-7-4 麻布六堂　３Ｆ,食べログ アジア・エスニック TOKYO 百名店 2023,https://tabelog.com/tokyo/A1307/A130702/13055381/,https://www.google.com/maps/search/?api=1&query=%E3%83%96%E3%83%AB%E3%82%AC%E3%82%BA%20%E3%82%A2%E3%83%80%20%E6%9D%B1%E4%BA%AC%E9%83%BD%E6%B8%AF%E5%8C%BA%E9%BA%BB%E5%B8%83%E5%8D%81%E7%95%AA3-7-4%20%E9%BA%BB%E5%B8%83%E5%85%AD%E5%A0%82%E3%80%80%EF%BC%93%EF%BC%A6,2023,アジア・エスニック TOKYO,asia_ethnic_tokyo,発表日：2023年9月26日
バンダラ ランカ,東京都新宿区大京町12-9 アートコンプレックスセンター 1F,食べログ アジア・エスニック TOKYO 百名店 2023,https://tabelog.com/tokyo/A1309/A130903/13227101/,https://www.google.com/maps/search/?api=1&query=%E3%83%90%E3%83%B3%E3%83%80%E3%83%A9%20%E3%83%A9%E3%83%B3%E3%82%AB%20%E6%9D%B1%E4%BA%AC%E9%83%BD%E6%96%B0%E5%AE%BF%E5%8C%BA%E5%A4%A7%E4%BA%AC%E7%94%BA12-9%20%E3%82%A2%E3%83%BC%E3%83%88%E3%82%B3%E3%83%B3%E3%83%97%E3%83%AC%E3%83%83%E3%82%AF%E3%82%B9%E3%82%BB%E3%83%B3%E3%82%BF%E3%83%BC%201F,2023,アジア・エスニック TOKYO,asia_ethnic_tokyo,発表日：2023年9月26日
スパイスカフェ,東京都墨田区文花1-6-10,食べログ アジア・エスニック TOKYO 百名店 2023,https://tabelog.com/tokyo/A1312/A131203/13002935/,https://www.google.com/maps/search/?api=1&query=%E3%82%B9%E3%83%91%E3%82%A4%E3%82%B9%E3%82%AB%E3%83%95%E3%82%A7%20%E6%9D%B1%E4%BA%AC%E9%83%BD%E5%A2%A8%E7%94%B0%E5%8C%BA%E6%96%87%E8%8A%B11-6-10,2023,アジア・エスニック TOKYO,asia_ethnic_tokyo,発表日：2023年9月26日
スパイスバル猫六,東京都墨田区東向島2-14-2,食べログ アジア・エスニック TOKYO 百名店 2023,https://tabelog.com/tokyo/A1312/A131203/13167391/,https://www.google.com/maps/search/?api=1&query=%E3%82%B9%E3%83%91%E3%82%A4%E3%82%B9%E3%83%90%E3%83%AB%E7%8C%AB%E5%85%AD%20%E6%9D%B1%E4%BA%AC%E9%83%BD%E5%A2%A8%E7%94%B0%E5%8C%BA%E6%9D%B1%E5%90%91%E5%B3%B62-14-2,2023,アジア・エスニック TOKYO,asia_ethnic_tokyo,発表日：2023年9月26日
スパイスバザール アチャカナ,東京都新宿区西新宿7-12-23 松沢ビル 3F,食べログ アジア・エスニック TOKYO 百名店 2023,https://tabelog.com/tokyo/A1304/A130401/13233798/,https://www.google.com/maps/search/?api=1&query=%E3%82%B9%E3%83%91%E3%82%A4%E3%82%B9%E3%83%90%E3%82%B6%E3%83%BC%E3%83%AB%20%E3%82%A2%E3%83%81%E3%83%A3%E3%82%AB%E3%83%8A%20%E6%9D%B1%E4%BA%AC%E9%83%BD%E6%96%B0%E5%AE%BF%E5%8C%BA%E8%A5%BF%E6%96%B0%E5%AE%BF7-12-23%20%E6%9D%BE%E6%B2%A2%E3%83%93%E3%83%AB%203F,2023,アジア・エスニック TOKYO,asia_ethnic_tokyo,発表日：2023年9月26日
アチャラナータ,東京都中野区中野2-27-14 丸萬ビル 3F,食べログ アジア・エスニック TOKYO 百名店 2023,https://tabelog.com/tokyo/A1319/A131902/13156154/,https://www.google.com/maps/search/?api=1&query=%E3%82%A2%E3%83%81%E3%83%A3%E3%83%A9%E3%83%8A%E3%83%BC%E3%82%BF%20%E6%9D%B1%E4%BA%AC%E9%83%BD%E4%B8%AD%E9%87%8E%E5%8C%BA%E4%B8%AD%E9%87%8E2-27-14%20%E4%B8%B8%E8%90%AC%E3%83%93%E3%83%AB%203F,2023,アジア・エスニック TOKYO,asia_ethnic_tokyo,発表日：2023年9月26日
いなかむら,東京都江戸川区南小岩7-26-21 ペガサス・ステーション・プラザ小岩 1F,食べログ アジア・エスニック TOKYO 百名店 2023,https://tabelog.com/tokyo/A1312/A131204/13120179/,https://www.google.com/maps/search/?api=1&query=%E3%81%84%E3%81%AA%E3%81%8B%E3%82%80%E3%82%89%20%E6%9D%B1%E4%BA%AC%E9%83%BD%E6%B1%9F%E6%88%B8%E5%B7%9D%E5%8C%BA%E5%8D%97%E5%B0%8F%E5%B2%A97-26-21%20%E3%83%9A%E3%82%AC%E3%82%B5%E3%82%B9%E3%83%BB%E3%82%B9%E3%83%86%E3%83%BC%E3%82%B7%E3%83%A7%E3%83%B3%E3%83%BB%E3%83%97%E3%83%A9%E3%82%B6%E5%B0%8F%E5%B2%A9%201F,2023,アジア・エスニック TOKYO,asia_ethnic_tokyo,発表日：2023年9月26日
ビリヤニ大澤,東京都千代田区内神田1-15-12 内神田サトウビル B1F,食べログ アジア・エスニック TOKYO 百名店 2023,https://tabelog.com/tokyo/A1310/A131002/13262438/,https://www.google.com/maps/search/?api=1&query=%E3%83%93%E3%83%AA%E3%83%A4%E3%83%8B%E5%A4%A7%E6%BE%A4%20%E6%9D%B1%E4%BA%AC%E9%83%BD%E5%8D%83%E4%BB%A3%E7%94%B0%E5%8C%BA%E5%86%85%E7%A5%9E%E7%94%B01-15-12%20%E5%86%85%E7%A5%9E%E7%94%B0%E3%82%B5%E3%83%88%E3%82%A6%E3%83%93%E3%83%AB%20B1F,2023,アジア・エスニック TOKYO,asia_ethnic_tokyo,発表日：2023年9月26日
サンサール 小岩店,東京都江戸川区南小岩5-18-16 ニューシャトレー　１０３,食べログ アジア・エスニック TOKYO 百名店 2023,https://tabelog.com/tokyo/A1312/A131204/13009589/,https://www.google.com/maps/search/?api=1&query=%E3%82%B5%E3%83%B3%E3%82%B5%E3%83%BC%E3%83%AB%20%E5%B0%8F%E5%B2%A9%E5%BA%97%20%E6%9D%B1%E4%BA%AC%E9%83%BD%E6%B1%9F%E6%88%B8%E5%B7%9D%E5%8C%BA%E5%8D%97%E5%B0%8F%E5%B2%A95-18-16%20%E3%83%8B%E3%83%A5%E3%83%BC%E3%82%B7%E3%83%A3%E3%83%88%E3%83%AC%E3%83%BC%E3%80%80%EF%BC%91%EF%BC%90%EF%BC%93,2023,アジア・エスニック TOKYO,asia_ethnic_tokyo,発表日：2023年9月26日
エリックサウスマサラダイナー,東京都渋谷区神宮前6-19-17 GEMS神宮前 5F,食べログ アジア・エスニック TOKYO 百名店 2023,https://tabelog.com/tokyo/A1303/A130301/13220984/,https://www.google.com/maps/search/?api=1&query=%E3%82%A8%E3%83%AA%E3%83%83%E3%82%AF%E3%82%B5%E3%82%A6%E3%82%B9%E3%83%9E%E3%82%B5%E3%83%A9%E3%83%80%E3%82%A4%E3%83%8A%E3%83%BC%20%E6%9D%B1%E4%BA%AC%E9%83%BD%E6%B8%8B%E8%B0%B7%E5%8C%BA%E7%A5%9E%E5%AE%AE%E5%89%8D6-19-17%20GEMS%E7%A5%9E%E5%AE%AE%E5%89%8D%205F,2023,アジア・エスニック TOKYO,asia_ethnic_tokyo,発表日：2023年9月26日
ラヒ パンジャービー･キッチン,東京都杉並区西荻南3-15-17 2F,食べログ アジア・エスニック TOKYO 百名店 2023,https://tabelog.com/tokyo/A1319/A131907/13051190/,https://www.google.com/maps/search/?api=1&query=%E3%83%A9%E3%83%92%20%E3%83%91%E3%83%B3%E3%82%B8%E3%83%A3%E3%83%BC%E3%83%93%E3%83%BC%EF%BD%A5%E3%82%AD%E3%83%83%E3%83%81%E3%83%B3%20%E6%9D%B1%E4%BA%AC%E9%83%BD%E6%9D%89%E4%B8%A6%E5%8C%BA%E8%A5%BF%E8%8D%BB%E5%8D%973-15-17%202F,2023,アジア・エスニック TOKYO,asia_ethnic_tokyo,発表日：2023年9月26日
バインミー☆サンドイッチ,東京都新宿区高田馬場4-9-18 畔上セブンビル 1F,食べログ アジア・エスニック TOKYO 百名店 2023,https://tabelog.com/tokyo/A1305/A130503/13103176/,https://www.google.com/maps/search/?api=1&query=%E3%83%90%E3%82%A4%E3%83%B3%E3%83%9F%E3%83%BC%E2%98%86%E3%82%B5%E3%83%B3%E3%83%89%E3%82%A4%E3%83%83%E3%83%81%20%E6%9D%B1%E4%BA%AC%E9%83%BD%E6%96%B0%E5%AE%BF%E5%8C%BA%E9%AB%98%E7%94%B0%E9%A6%AC%E5%A0%B44-9-18%20%E7%95%94%E4%B8%8A%E3%82%BB%E3%83%96%E3%83%B3%E3%83%93%E3%83%AB%201F,2023,アジア・エスニック TOKYO,asia_ethnic_tokyo,発表日：2023年9月26日
エリックサウス 八重洲店,東京都中央区八重洲2-1 八重洲地下街 中4号 (八重洲地下二番通り),食べログ アジア・エスニック TOKYO 百名店 2023,https://tabelog.com/tokyo/A1302/A130202/13130363/,https://www.google.com/maps/search/?api=1&query=%E3%82%A8%E3%83%AA%E3%83%83%E3%82%AF%E3%82%B5%E3%82%A6%E3%82%B9%20%E5%85%AB%E9%87%8D%E6%B4%B2%E5%BA%97%20%E6%9D%B1%E4%BA%AC%E9%83%BD%E4%B8%AD%E5%A4%AE%E5%8C%BA%E5%85%AB%E9%87%8D%E6%B4%B22-1%20%E5%85%AB%E9%87%8D%E6%B4%B2%E5%9C%B0%E4%B8%8B%E8%A1%97%20%E4%B8%AD4%E5%8F%B7%20%28%E5%85%AB%E9%87%8D%E6%B4%B2%E5%9C%B0%E4%B8%8B%E4%BA%8C%E7%95%AA%E9%80%9A%E3%82%8A%29,2023,アジア・エスニック TOKYO,asia_ethnic_tokyo,発表日：2023年9月26日
メーヤウ,東京都新宿区信濃町21 大門ビル　Ｂ１Ｆ,食べログ アジア・エスニック TOKYO 百名店 2023,https://tabelog.com/tokyo/A1309/A130901/13000930/,https://www.google.com/maps/search/?api=1&query=%E3%83%A1%E3%83%BC%E3%83%A4%E3%82%A6%20%E6%9D%B1%E4%BA%AC%E9%83%BD%E6%96%B0%E5%AE%BF%E5%8C%BA%E4%BF%A1%E6%BF%83%E7%94%BA21%20%E5%A4%A7%E9%96%80%E3%83%93%E3%83%AB%E3%80%80%EF%BC%A2%EF%BC%91%EF%BC%A6,2023,アジア・エスニック TOKYO,asia_ethnic_tokyo,発表日：2023年9月26日
初台スパイス食堂 和魂印才たんどーる,東京都新宿区西新宿4-41-10 スカイコート西新宿 １Ｆ,食べログ アジア・エスニック TOKYO 百名店 2023,https://tabelog.com/tokyo/A1318/A131807/13195398/,https://www.google.com/maps/search/?api=1&query=%E5%88%9D%E5%8F%B0%E3%82%B9%E3%83%91%E3%82%A4%E3%82%B9%E9%A3%9F%E5%A0%82%20%E5%92%8C%E9%AD%82%E5%8D%B0%E6%89%8D%E3%81%9F%E3%82%93%E3%81%A9%E3%83%BC%E3%82%8B%20%E6%9D%B1%E4%BA%AC%E9%83%BD%E6%96%B0%E5%AE%BF%E5%8C%BA%E8%A5%BF%E6%96%B0%E5%AE%BF4-41-10%20%E3%82%B9%E3%82%AB%E3%82%A4%E3%82%B3%E3%83%BC%E3%83%88%E8%A5%BF%E6%96%B0%E5%AE%BF%20%EF%BC%91%EF%BC%A6,2023,アジア・エスニック TOKYO,asia_ethnic_tokyo,発表日：2023年9月26日
インド料理 想いの木,東京都新宿区神楽坂5-22 KS神楽坂　 2F,食べログ アジア・エスニック TOKYO 百名店 2023,https://tabelog.com/tokyo/A1309/A130905/13023967/,https://www.google.com/maps/search/?api=1&query=%E3%82%A4%E3%83%B3%E3%83%89%E6%96%99%E7%90%86%20%E6%83%B3%E3%81%84%E3%81%AE%E6%9C%A8%20%E6%9D%B1%E4%BA%AC%E9%83%BD%E6%96%B0%E5%AE%BF%E5%8C%BA%E7%A5%9E%E6%A5%BD%E5%9D%825-22%20KS%E7%A5%9E%E6%A5%BD%E5%9D%82%E3%80%80%202F,2023,アジア・エスニック TOKYO,asia_ethnic_tokyo,発表日：2023年9月26日
ロス タコス アスーレス,東京都世田谷区上馬1-17-9,食べログ アジア・エスニック TOKYO 百名店 2023,https://tabelog.com/tokyo/A1317/A131706/13227066/,https://www.google.com/maps/search/?api=1&query=%E3%83%AD%E3%82%B9%20%E3%82%BF%E3%82%B3%E3%82%B9%20%E3%82%A2%E3%82%B9%E3%83%BC%E3%83%AC%E3%82%B9%20%E6%9D%B1%E4%BA%AC%E9%83%BD%E4%B8%96%E7%94%B0%E8%B0%B7%E5%8C%BA%E4%B8%8A%E9%A6%AC1-17-9,2023,アジア・エスニック TOKYO,asia_ethnic_tokyo,発表日：2023年9月26日
南印度ダイニング ポンディバワン 武蔵新田,東京都大田区矢口1-7-9,食べログ アジア・エスニック TOKYO 百名店 2023,https://tabelog.com/tokyo/A1317/A131716/13105113/,https://www.google.com/maps/search/?api=1&query=%E5%8D%97%E5%8D%B0%E5%BA%A6%E3%83%80%E3%82%A4%E3%83%8B%E3%83%B3%E3%82%B0%20%E3%83%9D%E3%83%B3%E3%83%87%E3%82%A3%E3%83%90%E3%83%AF%E3%83%B3%20%E6%AD%A6%E8%94%B5%E6%96%B0%E7%94%B0%20%E6%9D%B1%E4%BA%AC%E9%83%BD%E5%A4%A7%E7%94%B0%E5%8C%BA%E7%9F%A2%E5%8F%A31-7-9,2023,アジア・エスニック TOKYO,asia_ethnic_tokyo,発表日：2023年9月26日
アロマズ オブ インディア,東京都千代田区神田須田町1-21-4 神田NKビル B1F・1F,食べログ アジア・エスニック TOKYO 百名店 2023,https://tabelog.com/tokyo/A1310/A131002/13193476/,https://www.google.com/maps/search/?api=1&query=%E3%82%A2%E3%83%AD%E3%83%9E%E3%82%BA%20%E3%82%AA%E3%83%96%20%E3%82%A4%E3%83%B3%E3%83%87%E3%82%A3%E3%82%A2%20%E6%9D%B1%E4%BA%AC%E9%83%BD%E5%8D%83%E4%BB%A3%E7%94%B0%E5%8C%BA%E7%A5%9E%E7%94%B0%E9%A0%88%E7%94%B0%E7%94%BA1-21-4%20%E7%A5%9E%E7%94%B0NK%E3%83%93%E3%83%AB%20B1F%E3%83%BB1F,2023,アジア・エスニック TOKYO,asia_ethnic_tokyo,発表日：2023年9月26日
西インドスパイス ガヤバジ,東京都台東区西浅草1-6-2,食べログ アジア・エスニック TOKYO 百名店 2023,https://tabelog.com/tokyo/A1311/A131102/13255851/,https://www.google.com/maps/search/?api=1&query=%E8%A5%BF%E3%82%A4%E3%83%B3%E3%83%89%E3%82%B9%E3%83%91%E3%82%A4%E3%82%B9%20%E3%82%AC%E3%83%A4%E3%83%90%E3%82%B8%20%E6%9D%B1%E4%BA%AC%E9%83%BD%E5%8F%B0%E6%9D%B1%E5%8C%BA%E8%A5%BF%E6%B5%85%E8%8D%891-6-2,2023,アジア・エスニック TOKYO,asia_ethnic_tokyo,発表日：2023年9月26日
バンタイ,東京都新宿区歌舞伎町1-23-14 第１メトロビル 3Ｆ,食べログ アジア・エスニック TOKYO 百名店 2023,https://tabelog.com/tokyo/A1304/A130401/13000085/,https://www.google.com/maps/search/?api=1&query=%E3%83%90%E3%83%B3%E3%82%BF%E3%82%A4%20%E6%9D%B1%E4%BA%AC%E9%83%BD%E6%96%B0%E5%AE%BF%E5%8C%BA%E6%AD%8C%E8%88%9E%E4%BC%8E%E7%94%BA1-23-14%20%E7%AC%AC%EF%BC%91%E3%83%A1%E3%83%88%E3%83%AD%E3%83%93%E3%83%AB%203%EF%BC%A6,2023,アジア・エスニック TOKYO,asia_ethnic_tokyo,発表日：2023年9月26日
アジアカレーハウス,東京都墨田区江東橋3-9-24,食べログ アジア・エスニック TOKYO 百名店 2023,https://tabelog.com/tokyo/A1312/A131201/13168072/,https://www.google.com/maps/search/?api=1&query=%E3%82%A2%E3%82%B8%E3%82%A2%E3%82%AB%E3%83%AC%E3%83%BC%E3%83%8F%E3%82%A6%E3%82%B9%20%E6%9D%B1%E4%BA%AC%E9%83%BD%E5%A2%A8%E7%94%B0%E5%8C%BA%E6%B1%9F%E6%9D%B1%E6%A9%8B3-9-24,2023,アジア・エスニック TOKYO,asia_ethnic_tokyo,発表日：2023年9月26日
OLD NEPAL TOKYO,東京都世田谷区豪徳寺1-42-11,食べログ アジア・エスニック TOKYO 百名店 2023,https://tabelog.com/tokyo/A1318/A131813/13248272/,https://www.google.com/maps/search/?api=1&query=OLD%20NEPAL%20TOKYO%20%E6%9D%B1%E4%BA%AC%E9%83%BD%E4%B8%96%E7%94%B0%E8%B0%B7%E5%8C%BA%E8%B1%AA%E5%BE%B3%E5%AF%BA1-42-11,2023,アジア・エスニック TOKYO,asia_ethnic_tokyo,発表日：2023年9月26日
シバカリーワラ,東京都世田谷区太子堂4-28-6 2F,食べログ アジア・エスニック TOKYO 百名店 2023,https://tabelog.com/tokyo/A1317/A131706/13151738/,https://www.google.com/maps/search/?api=1&query=%E3%82%B7%E3%83%90%E3%82%AB%E3%83%AA%E3%83%BC%E3%83%AF%E3%83%A9%20%E6%9D%B1%E4%BA%AC%E9%83%BD%E4%B8%96%E7%94%B0%E8%B0%B7%E5%8C%BA%E5%A4%AA%E5%AD%90%E5%A0%824-28-6%202F,2023,アジア・エスニック TOKYO,asia_ethnic_tokyo,発表日：2023年9月26日
SPICE LAB TOKYO,東京都中央区銀座6-4-3 GICROS GINZA GEMS 10F,食べログ アジア・エスニック TOKYO 百名店 2023,https://tabelog.com/tokyo/A1301/A130101/13240579/,https://www.google.com/maps/search/?api=1&query=SPICE%20LAB%20TOKYO%20%E6%9D%B1%E4%BA%AC%E9%83%BD%E4%B8%AD%E5%A4%AE%E5%8C%BA%E9%8A%80%E5%BA%A76-4-3%20GICROS%20GINZA%20GEMS%2010F,2023,アジア・エスニック TOKYO,asia_ethnic_tokyo,発表日：2023年9月26日
アラリヤ ランカ 五反田本店,東京都品川区西五反田2-12-15 五反田リーラハイタウン 1F,食べログ アジア・エスニック TOKYO 百名店 2023,https://tabelog.com/tokyo/A1316/A131603/13245471/,https://www.google.com/maps/search/?api=1&query=%E3%82%A2%E3%83%A9%E3%83%AA%E3%83%A4%20%E3%83%A9%E3%83%B3%E3%82%AB%20%E4%BA%94%E5%8F%8D%E7%94%B0%E6%9C%AC%E5%BA%97%20%E6%9D%B1%E4%BA%AC%E9%83%BD%E5%93%81%E5%B7%9D%E5%8C%BA%E8%A5%BF%E4%BA%94%E5%8F%8D%E7%94%B02-12-15%20%E4%BA%94%E5%8F%8D%E7%94%B0%E3%83%AA%E3%83%BC%E3%83%A9%E3%83%8F%E3%82%A4%E3%82%BF%E3%82%A6%E3%83%B3%201F,2023,アジア・エスニック TOKYO,asia_ethnic_tokyo,発表日：2023年9月26日
ソルティーモード,東京都渋谷区恵比寿西2-8-9 代官山宝ビルⅢ５Ｆ,食べログ アジア・エスニック TOKYO 百名店 2023,https://tabelog.com/tokyo/A1303/A130302/13001747/,https://www.google.com/maps/search/?api=1&query=%E3%82%BD%E3%83%AB%E3%83%86%E3%82%A3%E3%83%BC%E3%83%A2%E3%83%BC%E3%83%89%20%E6%9D%B1%E4%BA%AC%E9%83%BD%E6%B8%8B%E8%B0%B7%E5%8C%BA%E6%81%B5%E6%AF%94%E5%AF%BF%E8%A5%BF2-8-9%20%E4%BB%A3%E5%AE%98%E5%B1%B1%E5%AE%9D%E3%83%93%E3%83%AB%E2%85%A2%EF%BC%95%EF%BC%A6,2023,アジア・エスニック TOKYO,asia_ethnic_tokyo,発表日：2023年9月26日
アンジュナ,東京都日野市高幡3-7 ユニバーサルビル　１Ｆ,食べログ アジア・エスニック TOKYO 百名店 2023,https://tabelog.com/tokyo/A1329/A132903/13006010/,https://www.google.com/maps/search/?api=1&query=%E3%82%A2%E3%83%B3%E3%82%B8%E3%83%A5%E3%83%8A%20%E6%9D%B1%E4%BA%AC%E9%83%BD%E6%97%A5%E9%87%8E%E5%B8%82%E9%AB%98%E5%B9%A13-7%20%E3%83%A6%E3%83%8B%E3%83%90%E3%83%BC%E3%82%B5%E3%83%AB%E3%83%93%E3%83%AB%E3%80%80%EF%BC%91%EF%BC%A6,2023,アジア・エスニック TOKYO,asia_ethnic_tokyo,発表日：2023年9月26日
プルジャ ダイニング,東京都豊島区巣鴨1-34-4 メゾン春日 1F,食べログ アジア・エスニック TOKYO 百名店 2023,https://tabelog.com/tokyo/A1323/A132301/13173945/,https://www.google.com/maps/search/?api=1&query=%E3%83%97%E3%83%AB%E3%82%B8%E3%83%A3%20%E3%83%80%E3%82%A4%E3%83%8B%E3%83%B3%E3%82%B0%20%E6%9D%B1%E4%BA%AC%E9%83%BD%E8%B1%8A%E5%B3%B6%E5%8C%BA%E5%B7%A3%E9%B4%A81-34-4%20%E3%83%A1%E3%82%BE%E3%83%B3%E6%98%A5%E6%97%A5%201F,2023,アジア・エスニック TOKYO,asia_ethnic_tokyo,発表日：2023年9月26日
アーンドラ・ダイニング 銀座,東京都中央区銀座1-8-2 銀座プルミエビル２Ｆ,食べログ アジア・エスニック TOKYO 百名店 2023,https://tabelog.com/tokyo/A1301/A130101/13136701/,https://www.google.com/maps/search/?api=1&query=%E3%82%A2%E3%83%BC%E3%83%B3%E3%83%89%E3%83%A9%E3%83%BB%E3%83%80%E3%82%A4%E3%83%8B%E3%83%B3%E3%82%B0%20%E9%8A%80%E5%BA%A7%20%E6%9D%B1%E4%BA%AC%E9%83%BD%E4%B8%AD%E5%A4%AE%E5%8C%BA%E9%8A%80%E5%BA%A71-8-2%20%E9%8A%80%E5%BA%A7%E3%83%97%E3%83%AB%E3%83%9F%E3%82%A8%E3%83%93%E3%83%AB%EF%BC%92%EF%BC%A6,2023,アジア・エスニック TOKYO,asia_ethnic_tokyo,発表日：2023年9月26日
カッチャル バッチャル,東京都豊島区南大塚3-2-10 林ビル 2F,食べログ アジア・エスニック TOKYO 百名店 2023,https://tabelog.com/tokyo/A1323/A132302/13120294/,https://www.google.com/maps/search/?api=1&query=%E3%82%AB%E3%83%83%E3%83%81%E3%83%A3%E3%83%AB%20%E3%83%90%E3%83%83%E3%83%81%E3%83%A3%E3%83%AB%20%E6%9D%B1%E4%BA%AC%E9%83%BD%E8%B1%8A%E5%B3%B6%E5%8C%BA%E5%8D%97%E5%A4%A7%E5%A1%9A3-2-10%20%E6%9E%97%E3%83%93%E3%83%AB%202F,2023,アジア・エスニック TOKYO,asia_ethnic_tokyo,発表日：2023年9月26日
HOPPERS,東京都中央区日本橋兜町7-1 KABUTO ONE 1F,食べログ アジア・エスニック TOKYO 百名店 2023,https://tabelog.com/tokyo/A1302/A130203/13266235/,https://www.google.com/maps/search/?api=1&query=HOPPERS%20%E6%9D%B1%E4%BA%AC%E9%83%BD%E4%B8%AD%E5%A4%AE%E5%8C%BA%E6%97%A5%E6%9C%AC%E6%A9%8B%E5%85%9C%E7%94%BA7-1%20KABUTO%20ONE%201F,2023,アジア・エスニック TOKYO,asia_ethnic_tokyo,発表日：2023年9月26日
An Di,東京都渋谷区神宮前3-42-12 1F,食べログ アジア・エスニック TOKYO 百名店 2023,https://tabelog.com/tokyo/A1306/A130603/13209346/,https://www.google.com/maps/search/?api=1&query=An%20Di%20%E6%9D%B1%E4%BA%AC%E9%83%BD%E6%B8%8B%E8%B0%B7%E5%8C%BA%E7%A5%9E%E5%AE%AE%E5%89%8D3-42-12%201F,2023,アジア・エスニック TOKYO,asia_ethnic_tokyo,発表日：2023年9月26日
バンゲラズキッチン,東京都中央区銀座西2-2 銀座インズ2 2F,食べログ アジア・エスニック TOKYO 百名店 2023,https://tabelog.com/tokyo/A1301/A130101/13217211/,https://www.google.com/maps/search/?api=1&query=%E3%83%90%E3%83%B3%E3%82%B2%E3%83%A9%E3%82%BA%E3%82%AD%E3%83%83%E3%83%81%E3%83%B3%20%E6%9D%B1%E4%BA%AC%E9%83%BD%E4%B8%AD%E5%A4%AE%E5%8C%BA%E9%8A%80%E5%BA%A7%E8%A5%BF2-2%20%E9%8A%80%E5%BA%A7%E3%82%A4%E3%83%B3%E3%82%BA2%202F,2023,アジア・エスニック TOKYO,asia_ethnic_tokyo,発表日：2023年9月26日
アーンドラ・キッチン,東京都台東区上野3-20-2 水野ビル　B1F,食べログ アジア・エスニック TOKYO 百名店 2023,https://tabelog.com/tokyo/A1311/A131101/13096305/,https://www.google.com/maps/search/?api=1&query=%E3%82%A2%E3%83%BC%E3%83%B3%E3%83%89%E3%83%A9%E3%83%BB%E3%82%AD%E3%83%83%E3%83%81%E3%83%B3%20%E6%9D%B1%E4%BA%AC%E9%83%BD%E5%8F%B0%E6%9D%B1%E5%8C%BA%E4%B8%8A%E9%87%8E3-20-2%20%E6%B0%B4%E9%87%8E%E3%83%93%E3%83%AB%E3%80%80B1F,2023,アジア・エスニック TOKYO,asia_ethnic_tokyo,発表日：2023年9月26日
オールドタイランド 飯田橋店,東京都千代田区富士見2-3-8 横江ビル２階,食べログ アジア・エスニック TOKYO 百名店 2023,https://tabelog.com/tokyo/A1309/A130905/13039587/,https://www.google.com/maps/search/?api=1&query=%E3%82%AA%E3%83%BC%E3%83%AB%E3%83%89%E3%82%BF%E3%82%A4%E3%83%A9%E3%83%B3%E3%83%89%20%E9%A3%AF%E7%94%B0%E6%A9%8B%E5%BA%97%20%E6%9D%B1%E4%BA%AC%E9%83%BD%E5%8D%83%E4%BB%A3%E7%94%B0%E5%8C%BA%E5%AF%8C%E5%A3%AB%E8%A6%8B2-3-8%20%E6%A8%AA%E6%B1%9F%E3%83%93%E3%83%AB%EF%BC%92%E9%9A%8E,2023,アジア・エスニック TOKYO,asia_ethnic_tokyo,発表日：2023年9月26日
ラジャ,東京都渋谷区代々木4-2-8 ピースビル　１Ｆ,食べログ アジア・エスニック TOKYO 百名店 2023,https://tabelog.com/tokyo/A1318/A131810/13009199/,https://www.google.com/maps/search/?api=1&query=%E3%83%A9%E3%82%B8%E3%83%A3%20%E6%9D%B1%E4%BA%AC%E9%83%BD%E6%B8%8B%E8%B0%B7%E5%8C%BA%E4%BB%A3%E3%80%85%E6%9C%A84-2-8%20%E3%83%94%E3%83%BC%E3%82%B9%E3%83%93%E3%83%AB%E3%80%80%EF%BC%91%EF%BC%A6,2023,アジア・エスニック TOKYO,asia_ethnic_tokyo,発表日：2023年9月26日
鳳仙花,東京都港区麻布十番2-21-12 麻布コート　１Ｆ,食べログ アジア・エスニック TOKYO 百名店 2023,https://tabelog.com/tokyo/A1307/A130702/13001662/,https://www.google.com/maps/search/?api=1&query=%E9%B3%B3%E4%BB%99%E8%8A%B1%20%E6%9D%B1%E4%BA%AC%E9%83%BD%E6%B8%AF%E5%8C%BA%E9%BA%BB%E5%B8%83%E5%8D%81%E7%95%AA2-21-12%20%E9%BA%BB%E5%B8%83%E3%82%B3%E3%83%BC%E3%83%88%E3%80%80%EF%BC%91%EF%BC%A6,2023,アジア・エスニック TOKYO,asia_ethnic_tokyo,発表日：2023年9月26日
セレンディッブ,東京都台東区寿3-8-3 1F,食べログ アジア・エスニック TOKYO 百名店 2023,https://tabelog.com/tokyo/A1311/A131103/13252301/,https://www.google.com/maps/search/?api=1&query=%E3%82%BB%E3%83%AC%E3%83%B3%E3%83%87%E3%82%A3%E3%83%83%E3%83%96%20%E6%9D%B1%E4%BA%AC%E9%83%BD%E5%8F%B0%E6%9D%B1%E5%8C%BA%E5%AF%BF3-8-3%201F,2023,アジア・エスニック TOKYO,asia_ethnic_tokyo,発表日：2023年9月26日
ネパール民族料理 アーガン,東京都新宿区大久保2-32-3 リスボンビル4F,食べログ アジア・エスニック TOKYO 百名店 2023,https://tabelog.com/tokyo/A1304/A130404/13196997/,https://www.google.com/maps/search/?api=1&query=%E3%83%8D%E3%83%91%E3%83%BC%E3%83%AB%E6%B0%91%E6%97%8F%E6%96%99%E7%90%86%20%E3%82%A2%E3%83%BC%E3%82%AC%E3%83%B3%20%E6%9D%B1%E4%BA%AC%E9%83%BD%E6%96%B0%E5%AE%BF%E5%8C%BA%E5%A4%A7%E4%B9%85%E4%BF%9D2-32-3%20%E3%83%AA%E3%82%B9%E3%83%9C%E3%83%B3%E3%83%93%E3%83%AB4F,2023,アジア・エスニック TOKYO,asia_ethnic_tokyo,発表日：2023年9月26日
カレーリーブス カフェ＆レストラン,東京都墨田区錦糸3-13-1,食べログ アジア・エスニック TOKYO 百名店 2023,https://tabelog.com/tokyo/A1312/A131201/13274212/,https://www.google.com/maps/search/?api=1&query=%E3%82%AB%E3%83%AC%E3%83%BC%E3%83%AA%E3%83%BC%E3%83%96%E3%82%B9%20%E3%82%AB%E3%83%95%E3%82%A7%EF%BC%86%E3%83%AC%E3%82%B9%E3%83%88%E3%83%A9%E3%83%B3%20%E6%9D%B1%E4%BA%AC%E9%83%BD%E5%A2%A8%E7%94%B0%E5%8C%BA%E9%8C%A6%E7%B3%B83-13-1,2023,アジア・エスニック TOKYO,asia_ethnic_tokyo,発表日：2023年9月26日
タンドールバル カマルプール 木場店,東京都江東区東陽3-20-9 鈴木ビル 1F,食べログ アジア・エスニック TOKYO 百名店 2023,https://tabelog.com/tokyo/A1313/A131303/13128960/,https://www.google.com/maps/search/?api=1&query=%E3%82%BF%E3%83%B3%E3%83%89%E3%83%BC%E3%83%AB%E3%83%90%E3%83%AB%20%E3%82%AB%E3%83%9E%E3%83%AB%E3%83%97%E3%83%BC%E3%83%AB%20%E6%9C%A8%E5%A0%B4%E5%BA%97%20%E6%9D%B1%E4%BA%AC%E9%83%BD%E6%B1%9F%E6%9D%B1%E5%8C%BA%E6%9D%B1%E9%99%BD3-20-9%20%E9%88%B4%E6%9C%A8%E3%83%93%E3%83%AB%201F,2023,アジア・エスニック TOKYO,asia_ethnic_tokyo,発表日：2023年9月26日
エリックサウス 東京ガーデンテラス店,東京都千代田区紀尾井町1-3 東京ガーデンテラス紀尾井町 2F,食べログ アジア・エスニック TOKYO 百名店 2023,https://tabelog.com/tokyo/A1308/A130801/13195343/,https://www.google.com/maps/search/?api=1&query=%E3%82%A8%E3%83%AA%E3%83%83%E3%82%AF%E3%82%B5%E3%82%A6%E3%82%B9%20%E6%9D%B1%E4%BA%AC%E3%82%AC%E3%83%BC%E3%83%87%E3%83%B3%E3%83%86%E3%83%A9%E3%82%B9%E5%BA%97%20%E6%9D%B1%E4%BA%AC%E9%83%BD%E5%8D%83%E4%BB%A3%E7%94%B0%E5%8C%BA%E7%B4%80%E5%B0%BE%E4%BA%95%E7%94%BA1-3%20%E6%9D%B1%E4%BA%AC%E3%82%AC%E3%83%BC%E3%83%87%E3%83%B3%E3%83%86%E3%83%A9%E3%82%B9%E7%B4%80%E5%B0%BE%E4%BA%95%E7%94%BA%202F,2023,アジア・エスニック TOKYO,asia_ethnic_tokyo,発表日：2023年9月26日
馬来西亜マレー,東京都世田谷区祖師谷4-21-1,食べログ アジア・エスニック TOKYO 百名店 2023,https://tabelog.com/tokyo/A1318/A131814/13091996/,https://www.google.com/maps/search/?api=1&query=%E9%A6%AC%E6%9D%A5%E8%A5%BF%E4%BA%9C%E3%83%9E%E3%83%AC%E3%83%BC%20%E6%9D%B1%E4%BA%AC%E9%83%BD%E4%B8%96%E7%94%B0%E8%B0%B7%E5%8C%BA%E7%A5%96%E5%B8%AB%E8%B0%B74-21-1,2023,アジア・エスニック TOKYO,asia_ethnic_tokyo,発表日：2023年9月26日
サンサール 新宿店,東京都新宿区新宿6-13-8,食べログ アジア・エスニック TOKYO 百名店 2023,https://tabelog.com/tokyo/A1304/A130401/13006805/,https://www.google.com/maps/search/?api=1&query=%E3%82%B5%E3%83%B3%E3%82%B5%E3%83%BC%E3%83%AB%20%E6%96%B0%E5%AE%BF%E5%BA%97%20%E6%9D%B1%E4%BA%AC%E9%83%BD%E6%96%B0%E5%AE%BF%E5%8C%BA%E6%96%B0%E5%AE%BF6-13-8,2023,アジア・エスニック TOKYO,asia_ethnic_tokyo,発表日：2023年9月26日
ケララの風モーニング,東京都大田区山王3-1-10,食べログ アジア・エスニック TOKYO 百名店 2023,https://tabelog.com/tokyo/A1315/A131502/13230241/,https://www.google.com/maps/search/?api=1&query=%E3%82%B1%E3%83%A9%E3%83%A9%E3%81%AE%E9%A2%A8%E3%83%A2%E3%83%BC%E3%83%8B%E3%83%B3%E3%82%B0%20%E6%9D%B1%E4%BA%AC%E9%83%BD%E5%A4%A7%E7%94%B0%E5%8C%BA%E5%B1%B1%E7%8E%8B3-1-10,2023,アジア・エスニック TOKYO,asia_ethnic_tokyo,発表日：2023年9月26日
コチン ニヴァース,東京都新宿区西新宿5-9-17 1F,食べログ アジア・エスニック TOKYO 百名店 2023,https://tabelog.com/tokyo/A1304/A130401/13056242/,https://www.google.com/maps/search/?api=1&query=%E3%82%B3%E3%83%81%E3%83%B3%20%E3%83%8B%E3%83%B4%E3%82%A1%E3%83%BC%E3%82%B9%20%E6%9D%B1%E4%BA%AC%E9%83%BD%E6%96%B0%E5%AE%BF%E5%8C%BA%E8%A5%BF%E6%96%B0%E5%AE%BF5-9-17%201F,2023,アジア・エスニック TOKYO,asia_ethnic_tokyo,発表日：2023年9月26日
ベンガル料理プージャー,東京都荒川区町屋3-2-1 ライオンズプラザ町屋　Ｂ１Ｆ,食べログ アジア・エスニック TOKYO 百名店 2023,https://tabelog.com/tokyo/A1324/A132401/13036794/,https://www.google.com/maps/search/?api=1&query=%E3%83%99%E3%83%B3%E3%82%AC%E3%83%AB%E6%96%99%E7%90%86%E3%83%97%E3%83%BC%E3%82%B8%E3%83%A3%E3%83%BC%20%E6%9D%B1%E4%BA%AC%E9%83%BD%E8%8D%92%E5%B7%9D%E5%8C%BA%E7%94%BA%E5%B1%8B3-2-1%20%E3%83%A9%E3%82%A4%E3%82%AA%E3%83%B3%E3%82%BA%E3%83%97%E3%83%A9%E3%82%B6%E7%94%BA%E5%B1%8B%E3%80%80%EF%BC%A2%EF%BC%91%EF%BC%A6,2023,アジア・エスニック TOKYO,asia_ethnic_tokyo,発表日：2023年9月26日
翆陽 エクシブ箱根離宮,神奈川県足柄下郡箱根町宮ノ下112-2 エクシブ箱根離宮,食べログ 中国料理 EAST 百名店 2023,https://tabelog.com/kanagawa/A1410/A141001/14039889/,https://www.google.com/maps/search/?api=1&query=%E7%BF%86%E9%99%BD%20%E3%82%A8%E3%82%AF%E3%82%B7%E3%83%96%E7%AE%B1%E6%A0%B9%E9%9B%A2%E5%AE%AE%20%E7%A5%9E%E5%A5%88%E5%B7%9D%E7%9C%8C%E8%B6%B3%E6%9F%84%E4%B8%8B%E9%83%A1%E7%AE%B1%E6%A0%B9%E7%94%BA%E5%AE%AE%E3%83%8E%E4%B8%8B112-2%20%E3%82%A8%E3%82%AF%E3%82%B7%E3%83%96%E7%AE%B1%E6%A0%B9%E9%9B%A2%E5%AE%AE,2023,中国料理 EAST,chinese_east,発表日：2023年3月27日
シルクロードガーデン,千葉県浦安市舞浜1-13 東京ディズニー・シーホテルミラコスタ,食べログ 中国料理 EAST 百名店 2023,https://tabelog.com/chiba/A1202/A120203/12002798/,https://www.google.com/maps/search/?api=1&query=%E3%82%B7%E3%83%AB%E3%82%AF%E3%83%AD%E3%83%BC%E3%83%89%E3%82%AC%E3%83%BC%E3%83%87%E3%83%B3%20%E5%8D%83%E8%91%89%E7%9C%8C%E6%B5%A6%E5%AE%89%E5%B8%82%E8%88%9E%E6%B5%9C1-13%20%E6%9D%B1%E4%BA%AC%E3%83%87%E3%82%A3%E3%82%BA%E3%83%8B%E3%83%BC%E3%83%BB%E3%82%B7%E3%83%BC%E3%83%9B%E3%83%86%E3%83%AB%E3%83%9F%E3%83%A9%E3%82%B3%E3%82%B9%E3%82%BF,2023,中国料理 EAST,chinese_east,発表日：2023年3月27日
文菜華,千葉県柏市東上町2-2,食べログ 中国料理 EAST 百名店 2023,https://tabelog.com/chiba/A1203/A120301/12004381/,https://www.google.com/maps/search/?api=1&query=%E6%96%87%E8%8F%9C%E8%8F%AF%20%E5%8D%83%E8%91%89%E7%9C%8C%E6%9F%8F%E5%B8%82%E6%9D%B1%E4%B8%8A%E7%94%BA2-2,2023,中国料理 EAST,chinese_east,発表日：2023年3月27日
小籠包 真,千葉県柏市中原1-7-2,食べログ 中国料理 EAST 百名店 2023,https://tabelog.com/chiba/A1203/A120301/12045417/,https://www.google.com/maps/search/?api=1&query=%E5%B0%8F%E7%B1%A0%E5%8C%85%20%E7%9C%9F%20%E5%8D%83%E8%91%89%E7%9C%8C%E6%9F%8F%E5%B8%82%E4%B8%AD%E5%8E%9F1-7-2,2023,中国料理 EAST,chinese_east,発表日：2023年3月27日
第一亭,神奈川県横浜市中区日ノ出町1-20,食べログ 中国料理 EAST 百名店 2023,https://tabelog.com/kanagawa/A1401/A140102/14004194/,https://www.google.com/maps/search/?api=1&query=%E7%AC%AC%E4%B8%80%E4%BA%AD%20%E7%A5%9E%E5%A5%88%E5%B7%9D%E7%9C%8C%E6%A8%AA%E6%B5%9C%E5%B8%82%E4%B8%AD%E5%8C%BA%E6%97%A5%E3%83%8E%E5%87%BA%E7%94%BA1-20,2023,中国料理 EAST,chinese_east,発表日：2023年3月27日
中国料理 堀内,神奈川県横浜市青葉区青葉台1-29-36 若葉ハイツ　１Ｆ,食べログ 中国料理 EAST 百名店 2023,https://tabelog.com/kanagawa/A1401/A140202/14007887/,https://www.google.com/maps/search/?api=1&query=%E4%B8%AD%E5%9B%BD%E6%96%99%E7%90%86%20%E5%A0%80%E5%86%85%20%E7%A5%9E%E5%A5%88%E5%B7%9D%E7%9C%8C%E6%A8%AA%E6%B5%9C%E5%B8%82%E9%9D%92%E8%91%89%E5%8C%BA%E9%9D%92%E8%91%89%E5%8F%B01-29-36%20%E8%8B%A5%E8%91%89%E3%83%8F%E3%82%A4%E3%83%84%E3%80%80%EF%BC%91%EF%BC%A6,2023,中国料理 EAST,chinese_east,発表日：2023年3月27日
中国料理 三鶴,神奈川県川崎市川崎区小川町16-10,食べログ 中国料理 EAST 百名店 2023,https://tabelog.com/kanagawa/A1405/A140501/14016280/,https://www.google.com/maps/search/?api=1&query=%E4%B8%AD%E5%9B%BD%E6%96%99%E7%90%86%20%E4%B8%89%E9%B6%B4%20%E7%A5%9E%E5%A5%88%E5%B7%9D%E7%9C%8C%E5%B7%9D%E5%B4%8E%E5%B8%82%E5%B7%9D%E5%B4%8E%E5%8C%BA%E5%B0%8F%E5%B7%9D%E7%94%BA16-10,2023,中国料理 EAST,chinese_east,発表日：2023年3月27日
中国料理 竜苑,群馬県北群馬郡吉岡町大久保3476-1,食べログ 中国料理 EAST 百名店 2023,https://tabelog.com/gunma/A1004/A100401/10002504/,https://www.google.com/maps/search/?api=1&query=%E4%B8%AD%E5%9B%BD%E6%96%99%E7%90%86%20%E7%AB%9C%E8%8B%91%20%E7%BE%A4%E9%A6%AC%E7%9C%8C%E5%8C%97%E7%BE%A4%E9%A6%AC%E9%83%A1%E5%90%89%E5%B2%A1%E7%94%BA%E5%A4%A7%E4%B9%85%E4%BF%9D3476-1,2023,中国料理 EAST,chinese_east,発表日：2023年3月27日
中国料理 天廣堂,千葉県松戸市松戸1339-1,食べログ 中国料理 EAST 百名店 2023,https://tabelog.com/chiba/A1203/A120302/12032118/,https://www.google.com/maps/search/?api=1&query=%E4%B8%AD%E5%9B%BD%E6%96%99%E7%90%86%20%E5%A4%A9%E5%BB%A3%E5%A0%82%20%E5%8D%83%E8%91%89%E7%9C%8C%E6%9D%BE%E6%88%B8%E5%B8%82%E6%9D%BE%E6%88%B81339-1,2023,中国料理 EAST,chinese_east,発表日：2023年3月27日
龍の子,埼玉県北足立郡伊奈町寿2-87-3,食べログ 中国料理 EAST 百名店 2023,https://tabelog.com/saitama/A1104/A110402/11019467/,https://www.google.com/maps/search/?api=1&query=%E9%BE%8D%E3%81%AE%E5%AD%90%20%E5%9F%BC%E7%8E%89%E7%9C%8C%E5%8C%97%E8%B6%B3%E7%AB%8B%E9%83%A1%E4%BC%8A%E5%A5%88%E7%94%BA%E5%AF%BF2-87-3,2023,中国料理 EAST,chinese_east,発表日：2023年3月27日
台湾小吃店 慶龍,千葉県船橋市湊町3-6-24,食べログ 中国料理 EAST 百名店 2023,https://tabelog.com/chiba/A1202/A120201/12003459/,https://www.google.com/maps/search/?api=1&query=%E5%8F%B0%E6%B9%BE%E5%B0%8F%E5%90%83%E5%BA%97%20%E6%85%B6%E9%BE%8D%20%E5%8D%83%E8%91%89%E7%9C%8C%E8%88%B9%E6%A9%8B%E5%B8%82%E6%B9%8A%E7%94%BA3-6-24,2023,中国料理 EAST,chinese_east,発表日：2023年3月27日
中国料理 翆陽,神奈川県足柄下郡湯河原町宮上631-1 エクシブ湯河原離宮 1F,食べログ 中国料理 EAST 百名店 2023,https://tabelog.com/kanagawa/A1410/A141002/14070214/,https://www.google.com/maps/search/?api=1&query=%E4%B8%AD%E5%9B%BD%E6%96%99%E7%90%86%20%E7%BF%86%E9%99%BD%20%E7%A5%9E%E5%A5%88%E5%B7%9D%E7%9C%8C%E8%B6%B3%E6%9F%84%E4%B8%8B%E9%83%A1%E6%B9%AF%E6%B2%B3%E5%8E%9F%E7%94%BA%E5%AE%AE%E4%B8%8A631-1%20%E3%82%A8%E3%82%AF%E3%82%B7%E3%83%96%E6%B9%AF%E6%B2%B3%E5%8E%9F%E9%9B%A2%E5%AE%AE%201F,2023,中国料理 EAST,chinese_east,発表日：2023年3月27日
ほんわ華や,千葉県柏市西原2-4-10,食べログ 中国料理 EAST 百名店 2023,https://tabelog.com/chiba/A1203/A120305/12001753/,https://www.google.com/maps/search/?api=1&query=%E3%81%BB%E3%82%93%E3%82%8F%E8%8F%AF%E3%82%84%20%E5%8D%83%E8%91%89%E7%9C%8C%E6%9F%8F%E5%B8%82%E8%A5%BF%E5%8E%9F2-4-10,2023,中国料理 EAST,chinese_east,発表日：2023年3月27日
家庭中華料理 しんちゃん,茨城県つくば市宝陽台18-8,食べログ 中国料理 EAST 百名店 2023,https://tabelog.com/ibaraki/A0803/A080302/8008463/,https://www.google.com/maps/search/?api=1&query=%E5%AE%B6%E5%BA%AD%E4%B8%AD%E8%8F%AF%E6%96%99%E7%90%86%20%E3%81%97%E3%82%93%E3%81%A1%E3%82%83%E3%82%93%20%E8%8C%A8%E5%9F%8E%E7%9C%8C%E3%81%A4%E3%81%8F%E3%81%B0%E5%B8%82%E5%AE%9D%E9%99%BD%E5%8F%B018-8,2023,中国料理 EAST,chinese_east,発表日：2023年3月27日
中国旬菜 茶馬燕,神奈川県藤沢市南藤沢20-15 第一興産18号館ビル 6F,食べログ 中国料理 EAST 百名店 2023,https://tabelog.com/kanagawa/A1404/A140404/14031172/,https://www.google.com/maps/search/?api=1&query=%E4%B8%AD%E5%9B%BD%E6%97%AC%E8%8F%9C%20%E8%8C%B6%E9%A6%AC%E7%87%95%20%E7%A5%9E%E5%A5%88%E5%B7%9D%E7%9C%8C%E8%97%A4%E6%B2%A2%E5%B8%82%E5%8D%97%E8%97%A4%E6%B2%A220-15%20%E7%AC%AC%E4%B8%80%E8%88%88%E7%94%A318%E5%8F%B7%E9%A4%A8%E3%83%93%E3%83%AB%206F,2023,中国料理 EAST,chinese_east,発表日：2023年3月27日
炎神,茨城県水戸市桜川2-1-6 アイランドビル 1Ｆ,食べログ 中国料理 EAST 百名店 2023,https://tabelog.com/ibaraki/A0801/A080101/8000134/,https://www.google.com/maps/search/?api=1&query=%E7%82%8E%E7%A5%9E%20%E8%8C%A8%E5%9F%8E%E7%9C%8C%E6%B0%B4%E6%88%B8%E5%B8%82%E6%A1%9C%E5%B7%9D2-1-6%20%E3%82%A2%E3%82%A4%E3%83%A9%E3%83%B3%E3%83%89%E3%83%93%E3%83%AB%201%EF%BC%A6,2023,中国料理 EAST,chinese_east,発表日：2023年3月27日
李園,神奈川県横浜市中区本郷町1-18,食べログ 中国料理 EAST 百名店 2023,https://tabelog.com/kanagawa/A1401/A140106/14000539/,https://www.google.com/maps/search/?api=1&query=%E6%9D%8E%E5%9C%92%20%E7%A5%9E%E5%A5%88%E5%B7%9D%E7%9C%8C%E6%A8%AA%E6%B5%9C%E5%B8%82%E4%B8%AD%E5%8C%BA%E6%9C%AC%E9%83%B7%E7%94%BA1-18,2023,中国料理 EAST,chinese_east,発表日：2023年3月27日
中国料理 彩龍 (横浜ベイシェラトン ホテル&タワーズ),神奈川県横浜市西区北幸1-3-23 横浜ベイシェラトン ホテル＆タワーズ 3F,食べログ 中国料理 EAST 百名店 2023,https://tabelog.com/kanagawa/A1401/A140101/14001312/,https://www.google.com/maps/search/?api=1&query=%E4%B8%AD%E5%9B%BD%E6%96%99%E7%90%86%20%E5%BD%A9%E9%BE%8D%20%28%E6%A8%AA%E6%B5%9C%E3%83%99%E3%82%A4%E3%82%B7%E3%82%A7%E3%83%A9%E3%83%88%E3%83%B3%20%E3%83%9B%E3%83%86%E3%83%AB%26%E3%82%BF%E3%83%AF%E3%83%BC%E3%82%BA%29%20%E7%A5%9E%E5%A5%88%E5%B7%9D%E7%9C%8C%E6%A8%AA%E6%B5%9C%E5%B8%82%E8%A5%BF%E5%8C%BA%E5%8C%97%E5%B9%B81-3-23%20%E6%A8%AA%E6%B5%9C%E3%83%99%E3%82%A4%E3%82%B7%E3%82%A7%E3%83%A9%E3%83%88%E3%83%B3%20%E3%83%9B%E3%83%86%E3%83%AB%EF%BC%86%E3%82%BF%E3%83%AF%E3%83%BC%E3%82%BA%203F,2023,中国料理 EAST,chinese_east,発表日：2023年3月27日
旬彩中華工房,埼玉県坂戸市戸口354-1,食べログ 中国料理 EAST 百名店 2023,https://tabelog.com/saitama/A1103/A110304/11034617/,https://www.google.com/maps/search/?api=1&query=%E6%97%AC%E5%BD%A9%E4%B8%AD%E8%8F%AF%E5%B7%A5%E6%88%BF%20%E5%9F%BC%E7%8E%89%E7%9C%8C%E5%9D%82%E6%88%B8%E5%B8%82%E6%88%B8%E5%8F%A3354-1,2023,中国料理 EAST,chinese_east,発表日：2023年3月27日
チャイナダイニング 喰う 喰う,神奈川県逗子市逗子1-10-26,食べログ 中国料理 EAST 百名店 2023,https://tabelog.com/kanagawa/A1406/A140602/14009413/,https://www.google.com/maps/search/?api=1&query=%E3%83%81%E3%83%A3%E3%82%A4%E3%83%8A%E3%83%80%E3%82%A4%E3%83%8B%E3%83%B3%E3%82%B0%20%E5%96%B0%E3%81%86%20%E5%96%B0%E3%81%86%20%E7%A5%9E%E5%A5%88%E5%B7%9D%E7%9C%8C%E9%80%97%E5%AD%90%E5%B8%82%E9%80%97%E5%AD%901-10-26,2023,中国料理 EAST,chinese_east,発表日：2023年3月27日
中華菜館 同發 本館,神奈川県横浜市中区山下町148,食べログ 中国料理 EAST 百名店 2023,https://tabelog.com/kanagawa/A1401/A140105/14000152/,https://www.google.com/maps/search/?api=1&query=%E4%B8%AD%E8%8F%AF%E8%8F%9C%E9%A4%A8%20%E5%90%8C%E7%99%BC%20%E6%9C%AC%E9%A4%A8%20%E7%A5%9E%E5%A5%88%E5%B7%9D%E7%9C%8C%E6%A8%AA%E6%B5%9C%E5%B8%82%E4%B8%AD%E5%8C%BA%E5%B1%B1%E4%B8%8B%E7%94%BA148,2023,中国料理 EAST,chinese_east,発表日：2023年3月27日
中国料理 皇苑,神奈川県横浜市西区みなとみらい2-2-1-3 横浜ロイヤルパークホテル 68F,食べログ 中国料理 EAST 百名店 2023,https://tabelog.com/kanagawa/A1401/A140103/14000374/,https://www.google.com/maps/search/?api=1&query=%E4%B8%AD%E5%9B%BD%E6%96%99%E7%90%86%20%E7%9A%87%E8%8B%91%20%E7%A5%9E%E5%A5%88%E5%B7%9D%E7%9C%8C%E6%A8%AA%E6%B5%9C%E5%B8%82%E8%A5%BF%E5%8C%BA%E3%81%BF%E3%81%AA%E3%81%A8%E3%81%BF%E3%82%89%E3%81%842-2-1-3%20%E6%A8%AA%E6%B5%9C%E3%83%AD%E3%82%A4%E3%83%A4%E3%83%AB%E3%83%91%E3%83%BC%E3%82%AF%E3%83%9B%E3%83%86%E3%83%AB%2068F,2023,中国料理 EAST,chinese_east,発表日：2023年3月27日
Chinese restaurant KUE,神奈川県鎌倉市岡本1-2-35 大船プラザ 204,食べログ 中国料理 EAST 百名店 2023,https://tabelog.com/kanagawa/A1404/A140401/14085564/,https://www.google.com/maps/search/?api=1&query=Chinese%20restaurant%20KUE%20%E7%A5%9E%E5%A5%88%E5%B7%9D%E7%9C%8C%E9%8E%8C%E5%80%89%E5%B8%82%E5%B2%A1%E6%9C%AC1-2-35%20%E5%A4%A7%E8%88%B9%E3%83%97%E3%83%A9%E3%82%B6%20204,2023,中国料理 EAST,chinese_east,発表日：2023年3月27日
南粤美食,神奈川県横浜市中区山下町165-2 INビル,食べログ 中国料理 EAST 百名店 2023,https://tabelog.com/kanagawa/A1401/A140105/14064517/,https://www.google.com/maps/search/?api=1&query=%E5%8D%97%E7%B2%A4%E7%BE%8E%E9%A3%9F%20%E7%A5%9E%E5%A5%88%E5%B7%9D%E7%9C%8C%E6%A8%AA%E6%B5%9C%E5%B8%82%E4%B8%AD%E5%8C%BA%E5%B1%B1%E4%B8%8B%E7%94%BA165-2%20IN%E3%83%93%E3%83%AB,2023,中国料理 EAST,chinese_east,発表日：2023年3月27日
柏ノ木,茨城県水戸市飯富町字中割5328-1,食べログ 中国料理 EAST 百名店 2023,https://tabelog.com/ibaraki/A0801/A080101/8018947/,https://www.google.com/maps/search/?api=1&query=%E6%9F%8F%E3%83%8E%E6%9C%A8%20%E8%8C%A8%E5%9F%8E%E7%9C%8C%E6%B0%B4%E6%88%B8%E5%B8%82%E9%A3%AF%E5%AF%8C%E7%94%BA%E5%AD%97%E4%B8%AD%E5%89%B25328-1,2023,中国料理 EAST,chinese_east,発表日：2023年3月27日
小城,埼玉県川口市西青木1-12-11,食べログ 中国料理 EAST 百名店 2023,https://tabelog.com/saitama/A1102/A110201/11043531/,https://www.google.com/maps/search/?api=1&query=%E5%B0%8F%E5%9F%8E%20%E5%9F%BC%E7%8E%89%E7%9C%8C%E5%B7%9D%E5%8F%A3%E5%B8%82%E8%A5%BF%E9%9D%92%E6%9C%A81-12-11,2023,中国料理 EAST,chinese_east,発表日：2023年3月27日
fu-fu shisen,神奈川県藤沢市鵠沼橘1-1-15 富洋ビル 1F,食べログ 中国料理 EAST 百名店 2023,https://tabelog.com/kanagawa/A1404/A140404/14073110/,https://www.google.com/maps/search/?api=1&query=fu-fu%20shisen%20%E7%A5%9E%E5%A5%88%E5%B7%9D%E7%9C%8C%E8%97%A4%E6%B2%A2%E5%B8%82%E9%B5%A0%E6%B2%BC%E6%A9%981-1-15%20%E5%AF%8C%E6%B4%8B%E3%83%93%E3%83%AB%201F,2023,中国料理 EAST,chinese_east,発表日：2023年3月27日
中国小麦粉料理専門店恵泉,千葉県千葉市若葉区都賀3-24-8 都賀プラザ1Ｆ,食べログ 中国料理 EAST 百名店 2023,https://tabelog.com/chiba/A1201/A120105/12024951/,https://www.google.com/maps/search/?api=1&query=%E4%B8%AD%E5%9B%BD%E5%B0%8F%E9%BA%A6%E7%B2%89%E6%96%99%E7%90%86%E5%B0%82%E9%96%80%E5%BA%97%E6%81%B5%E6%B3%89%20%E5%8D%83%E8%91%89%E7%9C%8C%E5%8D%83%E8%91%89%E5%B8%82%E8%8B%A5%E8%91%89%E5%8C%BA%E9%83%BD%E8%B3%803-24-8%20%E9%83%BD%E8%B3%80%E3%83%97%E3%83%A9%E3%82%B61%EF%BC%A6,2023,中国料理 EAST,chinese_east,発表日：2023年3月27日
中国菜 一燈火,埼玉県東松山市大字上野本196-2,食べログ 中国料理 EAST 百名店 2023,https://tabelog.com/saitama/A1105/A110502/11029128/,https://www.google.com/maps/search/?api=1&query=%E4%B8%AD%E5%9B%BD%E8%8F%9C%20%E4%B8%80%E7%87%88%E7%81%AB%20%E5%9F%BC%E7%8E%89%E7%9C%8C%E6%9D%B1%E6%9D%BE%E5%B1%B1%E5%B8%82%E5%A4%A7%E5%AD%97%E4%B8%8A%E9%87%8E%E6%9C%AC196-2,2023,中国料理 EAST,chinese_east,発表日：2023年3月27日
啓徳,埼玉県さいたま市浦和区上木崎1-10-15 入江ビル１F,食べログ 中国料理 EAST 百名店 2023,https://tabelog.com/saitama/A1101/A110101/11004552/,https://www.google.com/maps/search/?api=1&query=%E5%95%93%E5%BE%B3%20%E5%9F%BC%E7%8E%89%E7%9C%8C%E3%81%95%E3%81%84%E3%81%9F%E3%81%BE%E5%B8%82%E6%B5%A6%E5%92%8C%E5%8C%BA%E4%B8%8A%E6%9C%A8%E5%B4%8E1-10-15%20%E5%85%A5%E6%B1%9F%E3%83%93%E3%83%AB%EF%BC%91F,2023,中国料理 EAST,chinese_east,発表日：2023年3月27日
萬珍樓點心舗,神奈川県横浜市中区山下町156,食べログ 中国料理 EAST 百名店 2023,https://tabelog.com/kanagawa/A1401/A140104/14000128/,https://www.google.com/maps/search/?api=1&query=%E8%90%AC%E7%8F%8D%E6%A8%93%E9%BB%9E%E5%BF%83%E8%88%97%20%E7%A5%9E%E5%A5%88%E5%B7%9D%E7%9C%8C%E6%A8%AA%E6%B5%9C%E5%B8%82%E4%B8%AD%E5%8C%BA%E5%B1%B1%E4%B8%8B%E7%94%BA156,2023,中国料理 EAST,chinese_east,発表日：2023年3月27日
海員閣,神奈川県横浜市中区山下町147,食べログ 中国料理 EAST 百名店 2023,https://tabelog.com/kanagawa/A1401/A140105/14000137/,https://www.google.com/maps/search/?api=1&query=%E6%B5%B7%E5%93%A1%E9%96%A3%20%E7%A5%9E%E5%A5%88%E5%B7%9D%E7%9C%8C%E6%A8%AA%E6%B5%9C%E5%B8%82%E4%B8%AD%E5%8C%BA%E5%B1%B1%E4%B8%8B%E7%94%BA147,2023,中国料理 EAST,chinese_east,発表日：2023年3月27日
中国四川酒家 蔓山,千葉県千葉市花見川区幕張本郷6-25-4 マリオット本郷 1F,食べログ 中国料理 EAST 百名店 2023,https://tabelog.com/chiba/A1201/A120102/12020350/,https://www.google.com/maps/search/?api=1&query=%E4%B8%AD%E5%9B%BD%E5%9B%9B%E5%B7%9D%E9%85%92%E5%AE%B6%20%E8%94%93%E5%B1%B1%20%E5%8D%83%E8%91%89%E7%9C%8C%E5%8D%83%E8%91%89%E5%B8%82%E8%8A%B1%E8%A6%8B%E5%B7%9D%E5%8C%BA%E5%B9%95%E5%BC%B5%E6%9C%AC%E9%83%B76-25-4%20%E3%83%9E%E3%83%AA%E3%82%AA%E3%83%83%E3%83%88%E6%9C%AC%E9%83%B7%201F,2023,中国料理 EAST,chinese_east,発表日：2023年3月27日
萬珍樓 本店,神奈川県横浜市中区山下町153,食べログ 中国料理 EAST 百名店 2023,https://tabelog.com/kanagawa/A1401/A140104/14000144/,https://www.google.com/maps/search/?api=1&query=%E8%90%AC%E7%8F%8D%E6%A8%93%20%E6%9C%AC%E5%BA%97%20%E7%A5%9E%E5%A5%88%E5%B7%9D%E7%9C%8C%E6%A8%AA%E6%B5%9C%E5%B8%82%E4%B8%AD%E5%8C%BA%E5%B1%B1%E4%B8%8B%E7%94%BA153,2023,中国料理 EAST,chinese_east,発表日：2023年3月27日
関琳,群馬県太田市龍舞町5348 シンフォニア州栄別東 1F,食べログ 中国料理 EAST 百名店 2023,https://tabelog.com/gunma/A1002/A100203/10001558/,https://www.google.com/maps/search/?api=1&query=%E9%96%A2%E7%90%B3%20%E7%BE%A4%E9%A6%AC%E7%9C%8C%E5%A4%AA%E7%94%B0%E5%B8%82%E9%BE%8D%E8%88%9E%E7%94%BA5348%20%E3%82%B7%E3%83%B3%E3%83%95%E3%82%A9%E3%83%8B%E3%82%A2%E5%B7%9E%E6%A0%84%E5%88%A5%E6%9D%B1%201F,2023,中国料理 EAST,chinese_east,発表日：2023年3月27日
イチリン ハナレ,神奈川県鎌倉市扇ガ谷2-17-6,食べログ 中国料理 EAST 百名店 2023,https://tabelog.com/kanagawa/A1404/A140402/14066990/,https://www.google.com/maps/search/?api=1&query=%E3%82%A4%E3%83%81%E3%83%AA%E3%83%B3%20%E3%83%8F%E3%83%8A%E3%83%AC%20%E7%A5%9E%E5%A5%88%E5%B7%9D%E7%9C%8C%E9%8E%8C%E5%80%89%E5%B8%82%E6%89%87%E3%82%AC%E8%B0%B72-17-6,2023,中国料理 EAST,chinese_east,発表日：2023年3月27日
安記,神奈川県横浜市中区山下町147,食べログ 中国料理 EAST 百名店 2023,https://tabelog.com/kanagawa/A1401/A140104/14000104/,https://www.google.com/maps/search/?api=1&query=%E5%AE%89%E8%A8%98%20%E7%A5%9E%E5%A5%88%E5%B7%9D%E7%9C%8C%E6%A8%AA%E6%B5%9C%E5%B8%82%E4%B8%AD%E5%8C%BA%E5%B1%B1%E4%B8%8B%E7%94%BA147,2023,中国料理 EAST,chinese_east,発表日：2023年3月27日
愛群,神奈川県横浜市中区山下町138,食べログ 中国料理 EAST 百名店 2023,https://tabelog.com/kanagawa/A1401/A140105/14001179/,https://www.google.com/maps/search/?api=1&query=%E6%84%9B%E7%BE%A4%20%E7%A5%9E%E5%A5%88%E5%B7%9D%E7%9C%8C%E6%A8%AA%E6%B5%9C%E5%B8%82%E4%B8%AD%E5%8C%BA%E5%B1%B1%E4%B8%8B%E7%94%BA138,2023,中国料理 EAST,chinese_east,発表日：2023年3月27日
橋頭 私家菜,埼玉県川口市西川口1-25-3 1F,食べログ 中国料理 EAST 百名店 2023,https://tabelog.com/saitama/A1102/A110201/11042171/,https://www.google.com/maps/search/?api=1&query=%E6%A9%8B%E9%A0%AD%20%E7%A7%81%E5%AE%B6%E8%8F%9C%20%E5%9F%BC%E7%8E%89%E7%9C%8C%E5%B7%9D%E5%8F%A3%E5%B8%82%E8%A5%BF%E5%B7%9D%E5%8F%A31-25-3%201F,2023,中国料理 EAST,chinese_east,発表日：2023年3月27日
景徳鎮,神奈川県横浜市中区山下町190,食べログ 中国料理 EAST 百名店 2023,https://tabelog.com/kanagawa/A1401/A140105/14000499/,https://www.google.com/maps/search/?api=1&query=%E6%99%AF%E5%BE%B3%E9%8E%AE%20%E7%A5%9E%E5%A5%88%E5%B7%9D%E7%9C%8C%E6%A8%AA%E6%B5%9C%E5%B8%82%E4%B8%AD%E5%8C%BA%E5%B1%B1%E4%B8%8B%E7%94%BA190,2023,中国料理 EAST,chinese_east,発表日：2023年3月27日
獅門酒楼,神奈川県横浜市中区山下町145,食べログ 中国料理 EAST 百名店 2023,https://tabelog.com/kanagawa/A1401/A140105/14007196/,https://www.google.com/maps/search/?api=1&query=%E7%8D%85%E9%96%80%E9%85%92%E6%A5%BC%20%E7%A5%9E%E5%A5%88%E5%B7%9D%E7%9C%8C%E6%A8%AA%E6%B5%9C%E5%B8%82%E4%B8%AD%E5%8C%BA%E5%B1%B1%E4%B8%8B%E7%94%BA145,2023,中国料理 EAST,chinese_east,発表日：2023年3月27日
薫風飯店,茨城県守谷市久保ケ丘4-17-1,食べログ 中国料理 EAST 百名店 2023,https://tabelog.com/ibaraki/A0803/A080301/8012795/,https://www.google.com/maps/search/?api=1&query=%E8%96%AB%E9%A2%A8%E9%A3%AF%E5%BA%97%20%E8%8C%A8%E5%9F%8E%E7%9C%8C%E5%AE%88%E8%B0%B7%E5%B8%82%E4%B9%85%E4%BF%9D%E3%82%B1%E4%B8%984-17-1,2023,中国料理 EAST,chinese_east,発表日：2023年3月27日
牡丹園,神奈川県横浜市中区山下町147,食べログ 中国料理 EAST 百名店 2023,https://tabelog.com/kanagawa/A1401/A140105/14000479/,https://www.google.com/maps/search/?api=1&query=%E7%89%A1%E4%B8%B9%E5%9C%92%20%E7%A5%9E%E5%A5%88%E5%B7%9D%E7%9C%8C%E6%A8%AA%E6%B5%9C%E5%B8%82%E4%B8%AD%E5%8C%BA%E5%B1%B1%E4%B8%8B%E7%94%BA147,2023,中国料理 EAST,chinese_east,発表日：2023年3月27日
華正樓 鎌倉店,神奈川県鎌倉市長谷3-1-14,食べログ 中国料理 EAST 百名店 2023,https://tabelog.com/kanagawa/A1404/A140402/14002761/,https://www.google.com/maps/search/?api=1&query=%E8%8F%AF%E6%AD%A3%E6%A8%93%20%E9%8E%8C%E5%80%89%E5%BA%97%20%E7%A5%9E%E5%A5%88%E5%B7%9D%E7%9C%8C%E9%8E%8C%E5%80%89%E5%B8%82%E9%95%B7%E8%B0%B73-1-14,2023,中国料理 EAST,chinese_east,発表日：2023年3月27日
菜香新館,神奈川県横浜市中区山下町192,食べログ 中国料理 EAST 百名店 2023,https://tabelog.com/kanagawa/A1401/A140105/14003055/,https://www.google.com/maps/search/?api=1&query=%E8%8F%9C%E9%A6%99%E6%96%B0%E9%A4%A8%20%E7%A5%9E%E5%A5%88%E5%B7%9D%E7%9C%8C%E6%A8%AA%E6%B5%9C%E5%B8%82%E4%B8%AD%E5%8C%BA%E5%B1%B1%E4%B8%8B%E7%94%BA192,2023,中国料理 EAST,chinese_east,発表日：2023年3月27日
天啓,神奈川県横浜市都筑区中川中央1-1-5 7F,食べログ 中国料理 EAST 百名店 2023,https://tabelog.com/kanagawa/A1401/A140203/14001480/,https://www.google.com/maps/search/?api=1&query=%E5%A4%A9%E5%95%93%20%E7%A5%9E%E5%A5%88%E5%B7%9D%E7%9C%8C%E6%A8%AA%E6%B5%9C%E5%B8%82%E9%83%BD%E7%AD%91%E5%8C%BA%E4%B8%AD%E5%B7%9D%E4%B8%AD%E5%A4%AE1-1-5%207F,2023,中国料理 EAST,chinese_east,発表日：2023年3月27日
China Table 花木蘭,神奈川県横浜市戸塚区戸塚町121-7,食べログ 中国料理 EAST 百名店 2023,https://tabelog.com/kanagawa/A1401/A140305/14011856/,https://www.google.com/maps/search/?api=1&query=China%20Table%20%E8%8A%B1%E6%9C%A8%E8%98%AD%20%E7%A5%9E%E5%A5%88%E5%B7%9D%E7%9C%8C%E6%A8%AA%E6%B5%9C%E5%B8%82%E6%88%B8%E5%A1%9A%E5%8C%BA%E6%88%B8%E5%A1%9A%E7%94%BA121-7,2023,中国料理 EAST,chinese_east,発表日：2023年3月27日
陳麻婆豆腐 マエジマ,埼玉県志木市本町6-27-12,食べログ 中国料理 EAST 百名店 2023,https://tabelog.com/saitama/A1103/A110302/11052302/,https://www.google.com/maps/search/?api=1&query=%E9%99%B3%E9%BA%BB%E5%A9%86%E8%B1%86%E8%85%90%20%E3%83%9E%E3%82%A8%E3%82%B8%E3%83%9E%20%E5%9F%BC%E7%8E%89%E7%9C%8C%E5%BF%97%E6%9C%A8%E5%B8%82%E6%9C%AC%E7%94%BA6-27-12,2023,中国料理 EAST,chinese_east,発表日：2023年3月27日
粥菜坊,神奈川県川崎市中原区今井南町4-12,食べログ 中国料理 EAST 百名店 2023,https://tabelog.com/kanagawa/A1405/A140504/14009596/,https://www.google.com/maps/search/?api=1&query=%E7%B2%A5%E8%8F%9C%E5%9D%8A%20%E7%A5%9E%E5%A5%88%E5%B7%9D%E7%9C%8C%E5%B7%9D%E5%B4%8E%E5%B8%82%E4%B8%AD%E5%8E%9F%E5%8C%BA%E4%BB%8A%E4%BA%95%E5%8D%97%E7%94%BA4-12,2023,中国料理 EAST,chinese_east,発表日：2023年3月27日
中華料理 龍鳳酒家,神奈川県横浜市中区山下町152,食べログ 中国料理 EAST 百名店 2023,https://tabelog.com/kanagawa/A1401/A140105/14013831/,https://www.google.com/maps/search/?api=1&query=%E4%B8%AD%E8%8F%AF%E6%96%99%E7%90%86%20%E9%BE%8D%E9%B3%B3%E9%85%92%E5%AE%B6%20%E7%A5%9E%E5%A5%88%E5%B7%9D%E7%9C%8C%E6%A8%AA%E6%B5%9C%E5%B8%82%E4%B8%AD%E5%8C%BA%E5%B1%B1%E4%B8%8B%E7%94%BA152,2023,中国料理 EAST,chinese_east,発表日：2023年3月27日
礼華,東京都新宿区新宿1-3-12 壱丁目参番館　１Ｆ,食べログ 中国料理 TOKYO 百名店 2023,https://tabelog.com/tokyo/A1304/A130402/13004304/,https://www.google.com/maps/search/?api=1&query=%E7%A4%BC%E8%8F%AF%20%E6%9D%B1%E4%BA%AC%E9%83%BD%E6%96%B0%E5%AE%BF%E5%8C%BA%E6%96%B0%E5%AE%BF1-3-12%20%E5%A3%B1%E4%B8%81%E7%9B%AE%E5%8F%82%E7%95%AA%E9%A4%A8%E3%80%80%EF%BC%91%EF%BC%A6,2023,中国料理 TOKYO,chinese_tokyo,発表日：2023年3月27日
みこころ 無添加チャイナ935,東京都千代田区神田小川町3-22 細野ビル 2F,食べログ 中国料理 TOKYO 百名店 2023,https://tabelog.com/tokyo/A1310/A131003/13241715/,https://www.google.com/maps/search/?api=1&query=%E3%81%BF%E3%81%93%E3%81%93%E3%82%8D%20%E7%84%A1%E6%B7%BB%E5%8A%A0%E3%83%81%E3%83%A3%E3%82%A4%E3%83%8A935%20%E6%9D%B1%E4%BA%AC%E9%83%BD%E5%8D%83%E4%BB%A3%E7%94%B0%E5%8C%BA%E7%A5%9E%E7%94%B0%E5%B0%8F%E5%B7%9D%E7%94%BA3-22%20%E7%B4%B0%E9%87%8E%E3%83%93%E3%83%AB%202F,2023,中国料理 TOKYO,chinese_tokyo,発表日：2023年3月27日
趙楊,東京都港区新橋1-5-5 グランベル銀座ビル2   7F,食べログ 中国料理 TOKYO 百名店 2023,https://tabelog.com/tokyo/A1301/A130103/13172920/,https://www.google.com/maps/search/?api=1&query=%E8%B6%99%E6%A5%8A%20%E6%9D%B1%E4%BA%AC%E9%83%BD%E6%B8%AF%E5%8C%BA%E6%96%B0%E6%A9%8B1-5-5%20%E3%82%B0%E3%83%A9%E3%83%B3%E3%83%99%E3%83%AB%E9%8A%80%E5%BA%A7%E3%83%93%E3%83%AB2%20%20%207F,2023,中国料理 TOKYO,chinese_tokyo,発表日：2023年3月27日
春秋,東京都港区南青山7-14-5 針村ビル 1F,食べログ 中国料理 TOKYO 百名店 2023,https://tabelog.com/tokyo/A1307/A130703/13001307/,https://www.google.com/maps/search/?api=1&query=%E6%98%A5%E7%A7%8B%20%E6%9D%B1%E4%BA%AC%E9%83%BD%E6%B8%AF%E5%8C%BA%E5%8D%97%E9%9D%92%E5%B1%B17-14-5%20%E9%87%9D%E6%9D%91%E3%83%93%E3%83%AB%201F,2023,中国料理 TOKYO,chinese_tokyo,発表日：2023年3月27日
家寶 跳龍門,東京都中央区銀座6-10-1 銀座シックス 6F,食べログ 中国料理 TOKYO 百名店 2023,https://tabelog.com/tokyo/A1301/A130101/13263227/,https://www.google.com/maps/search/?api=1&query=%E5%AE%B6%E5%AF%B6%20%E8%B7%B3%E9%BE%8D%E9%96%80%20%E6%9D%B1%E4%BA%AC%E9%83%BD%E4%B8%AD%E5%A4%AE%E5%8C%BA%E9%8A%80%E5%BA%A76-10-1%20%E9%8A%80%E5%BA%A7%E3%82%B7%E3%83%83%E3%82%AF%E3%82%B9%206F,2023,中国料理 TOKYO,chinese_tokyo,発表日：2023年3月27日
對馬,東京都港区元麻布3-2-3 けやき坂 NEST 1F,食べログ 中国料理 TOKYO 百名店 2023,https://tabelog.com/tokyo/A1307/A130701/13245835/,https://www.google.com/maps/search/?api=1&query=%E5%B0%8D%E9%A6%AC%20%E6%9D%B1%E4%BA%AC%E9%83%BD%E6%B8%AF%E5%8C%BA%E5%85%83%E9%BA%BB%E5%B8%833-2-3%20%E3%81%91%E3%82%84%E3%81%8D%E5%9D%82%20NEST%201F,2023,中国料理 TOKYO,chinese_tokyo,発表日：2023年3月27日
蜀郷香,東京都新宿区舟町5-25 TSI FUNAMACHI 2F,食べログ 中国料理 TOKYO 百名店 2023,https://tabelog.com/tokyo/A1309/A130903/13115724/,https://www.google.com/maps/search/?api=1&query=%E8%9C%80%E9%83%B7%E9%A6%99%20%E6%9D%B1%E4%BA%AC%E9%83%BD%E6%96%B0%E5%AE%BF%E5%8C%BA%E8%88%9F%E7%94%BA5-25%20TSI%20FUNAMACHI%202F,2023,中国料理 TOKYO,chinese_tokyo,発表日：2023年3月27日
中国料理 琥珀,東京都新宿区高田馬場3-13-3 高田馬場ファミリービル 1F,食べログ 中国料理 TOKYO 百名店 2023,https://tabelog.com/tokyo/A1305/A130503/13173418/,https://www.google.com/maps/search/?api=1&query=%E4%B8%AD%E5%9B%BD%E6%96%99%E7%90%86%20%E7%90%A5%E7%8F%80%20%E6%9D%B1%E4%BA%AC%E9%83%BD%E6%96%B0%E5%AE%BF%E5%8C%BA%E9%AB%98%E7%94%B0%E9%A6%AC%E5%A0%B43-13-3%20%E9%AB%98%E7%94%B0%E9%A6%AC%E5%A0%B4%E3%83%95%E3%82%A1%E3%83%9F%E3%83%AA%E3%83%BC%E3%83%93%E3%83%AB%201F,2023,中国料理 TOKYO,chinese_tokyo,発表日：2023年3月27日
飄香 広尾店,東京都渋谷区広尾5-19-1 HIROO VILLAGE 1-2F,食べログ 中国料理 TOKYO 百名店 2023,https://tabelog.com/tokyo/A1307/A130703/13274033/,https://www.google.com/maps/search/?api=1&query=%E9%A3%84%E9%A6%99%20%E5%BA%83%E5%B0%BE%E5%BA%97%20%E6%9D%B1%E4%BA%AC%E9%83%BD%E6%B8%8B%E8%B0%B7%E5%8C%BA%E5%BA%83%E5%B0%BE5-19-1%20HIROO%20VILLAGE%201-2F,2023,中国料理 TOKYO,chinese_tokyo,発表日：2023年3月27日
ワキヤ 一笑美茶樓,東京都港区赤坂6-11-10,食べログ 中国料理 TOKYO 百名店 2023,https://tabelog.com/tokyo/A1308/A130801/13005033/,https://www.google.com/maps/search/?api=1&query=%E3%83%AF%E3%82%AD%E3%83%A4%20%E4%B8%80%E7%AC%91%E7%BE%8E%E8%8C%B6%E6%A8%93%20%E6%9D%B1%E4%BA%AC%E9%83%BD%E6%B8%AF%E5%8C%BA%E8%B5%A4%E5%9D%826-11-10,2023,中国料理 TOKYO,chinese_tokyo,発表日：2023年3月27日
隼,東京都港区六本木4-4-2 ヒルサイドパレス六本木 B1F,食べログ 中国料理 TOKYO 百名店 2023,https://tabelog.com/tokyo/A1307/A130701/13225413/,https://www.google.com/maps/search/?api=1&query=%E9%9A%BC%20%E6%9D%B1%E4%BA%AC%E9%83%BD%E6%B8%AF%E5%8C%BA%E5%85%AD%E6%9C%AC%E6%9C%A84-4-2%20%E3%83%92%E3%83%AB%E3%82%B5%E3%82%A4%E3%83%89%E3%83%91%E3%83%AC%E3%82%B9%E5%85%AD%E6%9C%AC%E6%9C%A8%20B1F,2023,中国料理 TOKYO,chinese_tokyo,発表日：2023年3月27日
ミモザ,東京都港区南青山3-10-40 フィオラ南青山ビル 2F,食べログ 中国料理 TOKYO 百名店 2023,https://tabelog.com/tokyo/A1306/A130602/13197047/,https://www.google.com/maps/search/?api=1&query=%E3%83%9F%E3%83%A2%E3%82%B6%20%E6%9D%B1%E4%BA%AC%E9%83%BD%E6%B8%AF%E5%8C%BA%E5%8D%97%E9%9D%92%E5%B1%B13-10-40%20%E3%83%95%E3%82%A3%E3%82%AA%E3%83%A9%E5%8D%97%E9%9D%92%E5%B1%B1%E3%83%93%E3%83%AB%202F,2023,中国料理 TOKYO,chinese_tokyo,発表日：2023年3月27日
四川家庭料理 珍々,東京都江戸川区西小岩4-9-20 島村ビル,食べログ 中国料理 TOKYO 百名店 2023,https://tabelog.com/tokyo/A1312/A131204/13020918/,https://www.google.com/maps/search/?api=1&query=%E5%9B%9B%E5%B7%9D%E5%AE%B6%E5%BA%AD%E6%96%99%E7%90%86%20%E7%8F%8D%E3%80%85%20%E6%9D%B1%E4%BA%AC%E9%83%BD%E6%B1%9F%E6%88%B8%E5%B7%9D%E5%8C%BA%E8%A5%BF%E5%B0%8F%E5%B2%A94-9-20%20%E5%B3%B6%E6%9D%91%E3%83%93%E3%83%AB,2023,中国料理 TOKYO,chinese_tokyo,発表日：2023年3月27日
遊猿,東京都新宿区荒木町6-39 GARDEN TREE 2F,食べログ 中国料理 TOKYO 百名店 2023,https://tabelog.com/tokyo/A1309/A130903/13199959/,https://www.google.com/maps/search/?api=1&query=%E9%81%8A%E7%8C%BF%20%E6%9D%B1%E4%BA%AC%E9%83%BD%E6%96%B0%E5%AE%BF%E5%8C%BA%E8%8D%92%E6%9C%A8%E7%94%BA6-39%20GARDEN%20TREE%202F,2023,中国料理 TOKYO,chinese_tokyo,発表日：2023年3月27日
小熊飯店,東京都渋谷区千駄ヶ谷3-14-10 Chez Castor B1F,食べログ 中国料理 TOKYO 百名店 2023,https://tabelog.com/tokyo/A1309/A130901/13142019/,https://www.google.com/maps/search/?api=1&query=%E5%B0%8F%E7%86%8A%E9%A3%AF%E5%BA%97%20%E6%9D%B1%E4%BA%AC%E9%83%BD%E6%B8%8B%E8%B0%B7%E5%8C%BA%E5%8D%83%E9%A7%84%E3%83%B6%E8%B0%B73-14-10%20Chez%20Castor%20B1F,2023,中国料理 TOKYO,chinese_tokyo,発表日：2023年3月27日
シェフス,東京都新宿区新宿1-24-1 藤和ハイタウン　１Ｆ,食べログ 中国料理 TOKYO 百名店 2023,https://tabelog.com/tokyo/A1304/A130402/13000884/,https://www.google.com/maps/search/?api=1&query=%E3%82%B7%E3%82%A7%E3%83%95%E3%82%B9%20%E6%9D%B1%E4%BA%AC%E9%83%BD%E6%96%B0%E5%AE%BF%E5%8C%BA%E6%96%B0%E5%AE%BF1-24-1%20%E8%97%A4%E5%92%8C%E3%83%8F%E3%82%A4%E3%82%BF%E3%82%A6%E3%83%B3%E3%80%80%EF%BC%91%EF%BC%A6,2023,中国料理 TOKYO,chinese_tokyo,発表日：2023年3月27日
CINA New Modern Chinese,東京都渋谷区恵比寿南1-17-17 TimeZoneテラスビル 2F,食べログ 中国料理 TOKYO 百名店 2023,https://tabelog.com/tokyo/A1303/A130302/13200117/,https://www.google.com/maps/search/?api=1&query=CINA%20New%20Modern%20Chinese%20%E6%9D%B1%E4%BA%AC%E9%83%BD%E6%B8%8B%E8%B0%B7%E5%8C%BA%E6%81%B5%E6%AF%94%E5%AF%BF%E5%8D%971-17-17%20TimeZone%E3%83%86%E3%83%A9%E3%82%B9%E3%83%93%E3%83%AB%202F,2023,中国料理 TOKYO,chinese_tokyo,発表日：2023年3月27日
神田 雲林,東京都千代田区神田須田町1-17 2F,食べログ 中国料理 TOKYO 百名店 2023,https://tabelog.com/tokyo/A1310/A131002/13023052/,https://www.google.com/maps/search/?api=1&query=%E7%A5%9E%E7%94%B0%20%E9%9B%B2%E6%9E%97%20%E6%9D%B1%E4%BA%AC%E9%83%BD%E5%8D%83%E4%BB%A3%E7%94%B0%E5%8C%BA%E7%A5%9E%E7%94%B0%E9%A0%88%E7%94%B0%E7%94%BA1-17%202F,2023,中国料理 TOKYO,chinese_tokyo,発表日：2023年3月27日
赤坂 四川飯店,東京都千代田区平河町2-5-5 全国旅館会館ビル　５Ｆ・６Ｆ,食べログ 中国料理 TOKYO 百名店 2023,https://tabelog.com/tokyo/A1308/A130803/13000434/,https://www.google.com/maps/search/?api=1&query=%E8%B5%A4%E5%9D%82%20%E5%9B%9B%E5%B7%9D%E9%A3%AF%E5%BA%97%20%E6%9D%B1%E4%BA%AC%E9%83%BD%E5%8D%83%E4%BB%A3%E7%94%B0%E5%8C%BA%E5%B9%B3%E6%B2%B3%E7%94%BA2-5-5%20%E5%85%A8%E5%9B%BD%E6%97%85%E9%A4%A8%E4%BC%9A%E9%A4%A8%E3%83%93%E3%83%AB%E3%80%80%EF%BC%95%EF%BC%A6%E3%83%BB%EF%BC%96%EF%BC%A6,2023,中国料理 TOKYO,chinese_tokyo,発表日：2023年3月27日
の弥七,東京都新宿区荒木町2-9 MIT四ッ谷三丁目ビル 1F,食べログ 中国料理 TOKYO 百名店 2023,https://tabelog.com/tokyo/A1309/A130903/13209784/,https://www.google.com/maps/search/?api=1&query=%E3%81%AE%E5%BC%A5%E4%B8%83%20%E6%9D%B1%E4%BA%AC%E9%83%BD%E6%96%B0%E5%AE%BF%E5%8C%BA%E8%8D%92%E6%9C%A8%E7%94%BA2-9%20MIT%E5%9B%9B%E3%83%83%E8%B0%B7%E4%B8%89%E4%B8%81%E7%9B%AE%E3%83%93%E3%83%AB%201F,2023,中国料理 TOKYO,chinese_tokyo,発表日：2023年3月27日
中国飯店 六本木店,東京都港区西麻布1-1-5 オリエンタルビル　１Ｆ・２Ｆ,食べログ 中国料理 TOKYO 百名店 2023,https://tabelog.com/tokyo/A1307/A130701/13001954/,https://www.google.com/maps/search/?api=1&query=%E4%B8%AD%E5%9B%BD%E9%A3%AF%E5%BA%97%20%E5%85%AD%E6%9C%AC%E6%9C%A8%E5%BA%97%20%E6%9D%B1%E4%BA%AC%E9%83%BD%E6%B8%AF%E5%8C%BA%E8%A5%BF%E9%BA%BB%E5%B8%831-1-5%20%E3%82%AA%E3%83%AA%E3%82%A8%E3%83%B3%E3%82%BF%E3%83%AB%E3%83%93%E3%83%AB%E3%80%80%EF%BC%91%EF%BC%A6%E3%83%BB%EF%BC%92%EF%BC%A6,2023,中国料理 TOKYO,chinese_tokyo,発表日：2023年3月27日
黒猫夜 六本木店,東京都港区六本木4-9-1 佐竹ビル ４F,食べログ 中国料理 TOKYO 百名店 2023,https://tabelog.com/tokyo/A1307/A130701/13115202/,https://www.google.com/maps/search/?api=1&query=%E9%BB%92%E7%8C%AB%E5%A4%9C%20%E5%85%AD%E6%9C%AC%E6%9C%A8%E5%BA%97%20%E6%9D%B1%E4%BA%AC%E9%83%BD%E6%B8%AF%E5%8C%BA%E5%85%AD%E6%9C%AC%E6%9C%A84-9-1%20%E4%BD%90%E7%AB%B9%E3%83%93%E3%83%AB%20%EF%BC%94F,2023,中国料理 TOKYO,chinese_tokyo,発表日：2023年3月27日
ジュウバー,東京都新宿区神楽坂2-12 神楽坂ビル 3F,食べログ 中国料理 TOKYO 百名店 2023,https://tabelog.com/tokyo/A1309/A130905/13207885/,https://www.google.com/maps/search/?api=1&query=%E3%82%B8%E3%83%A5%E3%82%A6%E3%83%90%E3%83%BC%20%E6%9D%B1%E4%BA%AC%E9%83%BD%E6%96%B0%E5%AE%BF%E5%8C%BA%E7%A5%9E%E6%A5%BD%E5%9D%822-12%20%E7%A5%9E%E6%A5%BD%E5%9D%82%E3%83%93%E3%83%AB%203F,2023,中国料理 TOKYO,chinese_tokyo,発表日：2023年3月27日
中国料理 仙ノ孫,東京都杉並区西荻北4-4-2,食べログ 中国料理 TOKYO 百名店 2023,https://tabelog.com/tokyo/A1319/A131907/13103891/,https://www.google.com/maps/search/?api=1&query=%E4%B8%AD%E5%9B%BD%E6%96%99%E7%90%86%20%E4%BB%99%E3%83%8E%E5%AD%AB%20%E6%9D%B1%E4%BA%AC%E9%83%BD%E6%9D%89%E4%B8%A6%E5%8C%BA%E8%A5%BF%E8%8D%BB%E5%8C%974-4-2,2023,中国料理 TOKYO,chinese_tokyo,発表日：2023年3月27日
南方中華料理 南三,東京都新宿区荒木町10-14 伍番館ビル 2F B,食べログ 中国料理 TOKYO 百名店 2023,https://tabelog.com/tokyo/A1309/A130903/13221235/,https://www.google.com/maps/search/?api=1&query=%E5%8D%97%E6%96%B9%E4%B8%AD%E8%8F%AF%E6%96%99%E7%90%86%20%E5%8D%97%E4%B8%89%20%E6%9D%B1%E4%BA%AC%E9%83%BD%E6%96%B0%E5%AE%BF%E5%8C%BA%E8%8D%92%E6%9C%A8%E7%94%BA10-14%20%E4%BC%8D%E7%95%AA%E9%A4%A8%E3%83%93%E3%83%AB%202F%20B,2023,中国料理 TOKYO,chinese_tokyo,発表日：2023年3月27日
桃仙閣 東京,東京都港区六本木4-8-7 嶋田ビル B1F,食べログ 中国料理 TOKYO 百名店 2023,https://tabelog.com/tokyo/A1307/A130701/13250092/,https://www.google.com/maps/search/?api=1&query=%E6%A1%83%E4%BB%99%E9%96%A3%20%E6%9D%B1%E4%BA%AC%20%E6%9D%B1%E4%BA%AC%E9%83%BD%E6%B8%AF%E5%8C%BA%E5%85%AD%E6%9C%AC%E6%9C%A84-8-7%20%E5%B6%8B%E7%94%B0%E3%83%93%E3%83%AB%20B1F,2023,中国料理 TOKYO,chinese_tokyo,発表日：2023年3月27日
中国飯店 富麗華,東京都港区東麻布3-7-5,食べログ 中国料理 TOKYO 百名店 2023,https://tabelog.com/tokyo/A1307/A130702/13004967/,https://www.google.com/maps/search/?api=1&query=%E4%B8%AD%E5%9B%BD%E9%A3%AF%E5%BA%97%20%E5%AF%8C%E9%BA%97%E8%8F%AF%20%E6%9D%B1%E4%BA%AC%E9%83%BD%E6%B8%AF%E5%8C%BA%E6%9D%B1%E9%BA%BB%E5%B8%833-7-5,2023,中国料理 TOKYO,chinese_tokyo,発表日：2023年3月27日
蜃気楼,東京都板橋区板橋1-33-1,食べログ 中国料理 TOKYO 百名店 2023,https://tabelog.com/tokyo/A1322/A132201/13008896/,https://www.google.com/maps/search/?api=1&query=%E8%9C%83%E6%B0%97%E6%A5%BC%20%E6%9D%B1%E4%BA%AC%E9%83%BD%E6%9D%BF%E6%A9%8B%E5%8C%BA%E6%9D%BF%E6%A9%8B1-33-1,2023,中国料理 TOKYO,chinese_tokyo,発表日：2023年3月27日
敦煌,東京都新宿区舟町15 野方ビル　１Ｆ,食べログ 中国料理 TOKYO 百名店 2023,https://tabelog.com/tokyo/A1309/A130903/13000935/,https://www.google.com/maps/search/?api=1&query=%E6%95%A6%E7%85%8C%20%E6%9D%B1%E4%BA%AC%E9%83%BD%E6%96%B0%E5%AE%BF%E5%8C%BA%E8%88%9F%E7%94%BA15%20%E9%87%8E%E6%96%B9%E3%83%93%E3%83%AB%E3%80%80%EF%BC%91%EF%BC%A6,2023,中国料理 TOKYO,chinese_tokyo,発表日：2023年3月27日
中国飯店 市ヶ谷店,東京都千代田区九段北4-1-7 九段センタービル B1F,食べログ 中国料理 TOKYO 百名店 2023,https://tabelog.com/tokyo/A1309/A130904/13000553/,https://www.google.com/maps/search/?api=1&query=%E4%B8%AD%E5%9B%BD%E9%A3%AF%E5%BA%97%20%E5%B8%82%E3%83%B6%E8%B0%B7%E5%BA%97%20%E6%9D%B1%E4%BA%AC%E9%83%BD%E5%8D%83%E4%BB%A3%E7%94%B0%E5%8C%BA%E4%B9%9D%E6%AE%B5%E5%8C%974-1-7%20%E4%B9%9D%E6%AE%B5%E3%82%BB%E3%83%B3%E3%82%BF%E3%83%BC%E3%83%93%E3%83%AB%20B1F,2023,中国料理 TOKYO,chinese_tokyo,発表日：2023年3月27日
エンジン,東京都新宿区神楽坂5-43-2 ROJI神楽坂 1F,食べログ 中国料理 TOKYO 百名店 2023,https://tabelog.com/tokyo/A1309/A130905/13178164/,https://www.google.com/maps/search/?api=1&query=%E3%82%A8%E3%83%B3%E3%82%B8%E3%83%B3%20%E6%9D%B1%E4%BA%AC%E9%83%BD%E6%96%B0%E5%AE%BF%E5%8C%BA%E7%A5%9E%E6%A5%BD%E5%9D%825-43-2%20ROJI%E7%A5%9E%E6%A5%BD%E5%9D%82%201F,2023,中国料理 TOKYO,chinese_tokyo,発表日：2023年3月27日
筑紫樓 恵比寿店,東京都渋谷区恵比寿南1-10-2 恵比寿３２山京ビル　１Ｆ・２Ｆ,食べログ 中国料理 TOKYO 百名店 2023,https://tabelog.com/tokyo/A1303/A130302/13003323/,https://www.google.com/maps/search/?api=1&query=%E7%AD%91%E7%B4%AB%E6%A8%93%20%E6%81%B5%E6%AF%94%E5%AF%BF%E5%BA%97%20%E6%9D%B1%E4%BA%AC%E9%83%BD%E6%B8%8B%E8%B0%B7%E5%8C%BA%E6%81%B5%E6%AF%94%E5%AF%BF%E5%8D%971-10-2%20%E6%81%B5%E6%AF%94%E5%AF%BF%EF%BC%93%EF%BC%92%E5%B1%B1%E4%BA%AC%E3%83%93%E3%83%AB%E3%80%80%EF%BC%91%EF%BC%A6%E3%83%BB%EF%BC%92%EF%BC%A6,2023,中国料理 TOKYO,chinese_tokyo,発表日：2023年3月27日
旬華 なか村,東京都中央区東日本橋2-11-7 ラスパシオ東日本橋リバーサイド 1F,食べログ 中国料理 TOKYO 百名店 2023,https://tabelog.com/tokyo/A1302/A130204/13261122/,https://www.google.com/maps/search/?api=1&query=%E6%97%AC%E8%8F%AF%20%E3%81%AA%E3%81%8B%E6%9D%91%20%E6%9D%B1%E4%BA%AC%E9%83%BD%E4%B8%AD%E5%A4%AE%E5%8C%BA%E6%9D%B1%E6%97%A5%E6%9C%AC%E6%A9%8B2-11-7%20%E3%83%A9%E3%82%B9%E3%83%91%E3%82%B7%E3%82%AA%E6%9D%B1%E6%97%A5%E6%9C%AC%E6%A9%8B%E3%83%AA%E3%83%90%E3%83%BC%E3%82%B5%E3%82%A4%E3%83%89%201F,2023,中国料理 TOKYO,chinese_tokyo,発表日：2023年3月27日
蟹王府,東京都中央区日本橋室町2-1-1 三井二号館 1F,食べログ 中国料理 TOKYO 百名店 2023,https://tabelog.com/tokyo/A1302/A130202/13253305/,https://www.google.com/maps/search/?api=1&query=%E8%9F%B9%E7%8E%8B%E5%BA%9C%20%E6%9D%B1%E4%BA%AC%E9%83%BD%E4%B8%AD%E5%A4%AE%E5%8C%BA%E6%97%A5%E6%9C%AC%E6%A9%8B%E5%AE%A4%E7%94%BA2-1-1%20%E4%B8%89%E4%BA%95%E4%BA%8C%E5%8F%B7%E9%A4%A8%201F,2023,中国料理 TOKYO,chinese_tokyo,発表日：2023年3月27日
中国飯店 琥珀宮,東京都千代田区丸の内 1-1-1 パレスホテル東京 5F,食べログ 中国料理 TOKYO 百名店 2023,https://tabelog.com/tokyo/A1302/A130201/13141135/,https://www.google.com/maps/search/?api=1&query=%E4%B8%AD%E5%9B%BD%E9%A3%AF%E5%BA%97%20%E7%90%A5%E7%8F%80%E5%AE%AE%20%E6%9D%B1%E4%BA%AC%E9%83%BD%E5%8D%83%E4%BB%A3%E7%94%B0%E5%8C%BA%E4%B8%B8%E3%81%AE%E5%86%85%201-1-1%20%E3%83%91%E3%83%AC%E3%82%B9%E3%83%9B%E3%83%86%E3%83%AB%E6%9D%B1%E4%BA%AC%205F,2023,中国料理 TOKYO,chinese_tokyo,発表日：2023年3月27日
O2,東京都江東区三好2-15-12 峯岸ビル1F,食べログ 中国料理 TOKYO 百名店 2023,https://tabelog.com/tokyo/A1313/A131303/13219958/,https://www.google.com/maps/search/?api=1&query=O2%20%E6%9D%B1%E4%BA%AC%E9%83%BD%E6%B1%9F%E6%9D%B1%E5%8C%BA%E4%B8%89%E5%A5%BD2-15-12%20%E5%B3%AF%E5%B2%B8%E3%83%93%E3%83%AB1F,2023,中国料理 TOKYO,chinese_tokyo,発表日：2023年3月27日
カントニーズ 燕,東京都千代田区丸の内1-9-1 東京ステーションホテル B1F,食べログ 中国料理 TOKYO 百名店 2023,https://tabelog.com/tokyo/A1302/A130201/13147494/,https://www.google.com/maps/search/?api=1&query=%E3%82%AB%E3%83%B3%E3%83%88%E3%83%8B%E3%83%BC%E3%82%BA%20%E7%87%95%20%E6%9D%B1%E4%BA%AC%E9%83%BD%E5%8D%83%E4%BB%A3%E7%94%B0%E5%8C%BA%E4%B8%B8%E3%81%AE%E5%86%851-9-1%20%E6%9D%B1%E4%BA%AC%E3%82%B9%E3%83%86%E3%83%BC%E3%82%B7%E3%83%A7%E3%83%B3%E3%83%9B%E3%83%86%E3%83%AB%20B1F,2023,中国料理 TOKYO,chinese_tokyo,発表日：2023年3月27日
私厨房 勇,東京都港区白金6-5-5 モリハウス 1F,食べログ 中国料理 TOKYO 百名店 2023,https://tabelog.com/tokyo/A1316/A131602/13168401/,https://www.google.com/maps/search/?api=1&query=%E7%A7%81%E5%8E%A8%E6%88%BF%20%E5%8B%87%20%E6%9D%B1%E4%BA%AC%E9%83%BD%E6%B8%AF%E5%8C%BA%E7%99%BD%E9%87%916-5-5%20%E3%83%A2%E3%83%AA%E3%83%8F%E3%82%A6%E3%82%B9%201F,2023,中国料理 TOKYO,chinese_tokyo,発表日：2023年3月27日
銀座 やまの辺 江戸中華,東京都中央区銀座6-7-6 ラペビル 9F,食べログ 中国料理 TOKYO 百名店 2023,https://tabelog.com/tokyo/A1301/A130101/13251366/,https://www.google.com/maps/search/?api=1&query=%E9%8A%80%E5%BA%A7%20%E3%82%84%E3%81%BE%E3%81%AE%E8%BE%BA%20%E6%B1%9F%E6%88%B8%E4%B8%AD%E8%8F%AF%20%E6%9D%B1%E4%BA%AC%E9%83%BD%E4%B8%AD%E5%A4%AE%E5%8C%BA%E9%8A%80%E5%BA%A76-7-6%20%E3%83%A9%E3%83%9A%E3%83%93%E3%83%AB%209F,2023,中国料理 TOKYO,chinese_tokyo,発表日：2023年3月27日
好好,東京都品川区西五反田3-8-14,食べログ 中国料理 TOKYO 百名店 2023,https://tabelog.com/tokyo/A1317/A131710/13007471/,https://www.google.com/maps/search/?api=1&query=%E5%A5%BD%E5%A5%BD%20%E6%9D%B1%E4%BA%AC%E9%83%BD%E5%93%81%E5%B7%9D%E5%8C%BA%E8%A5%BF%E4%BA%94%E5%8F%8D%E7%94%B03-8-14,2023,中国料理 TOKYO,chinese_tokyo,発表日：2023年3月27日
Ji-Cube,東京都港区西麻布3-18-10,食べログ 中国料理 TOKYO 百名店 2023,https://tabelog.com/tokyo/A1307/A130701/13259432/,https://www.google.com/maps/search/?api=1&query=Ji-Cube%20%E6%9D%B1%E4%BA%AC%E9%83%BD%E6%B8%AF%E5%8C%BA%E8%A5%BF%E9%BA%BB%E5%B8%833-18-10,2023,中国料理 TOKYO,chinese_tokyo,発表日：2023年3月27日
珉亭,東京都世田谷区北沢2-8-8,食べログ 中国料理 TOKYO 百名店 2023,https://tabelog.com/tokyo/A1318/A131802/13001826/,https://www.google.com/maps/search/?api=1&query=%E7%8F%89%E4%BA%AD%20%E6%9D%B1%E4%BA%AC%E9%83%BD%E4%B8%96%E7%94%B0%E8%B0%B7%E5%8C%BA%E5%8C%97%E6%B2%A22-8-8,2023,中国料理 TOKYO,chinese_tokyo,発表日：2023年3月27日
龍天門,東京都目黒区三田1-4-1 ウェスティンホテル東京 2F,食べログ 中国料理 TOKYO 百名店 2023,https://tabelog.com/tokyo/A1303/A130302/13004490/,https://www.google.com/maps/search/?api=1&query=%E9%BE%8D%E5%A4%A9%E9%96%80%20%E6%9D%B1%E4%BA%AC%E9%83%BD%E7%9B%AE%E9%BB%92%E5%8C%BA%E4%B8%89%E7%94%B01-4-1%20%E3%82%A6%E3%82%A7%E3%82%B9%E3%83%86%E3%82%A3%E3%83%B3%E3%83%9B%E3%83%86%E3%83%AB%E6%9D%B1%E4%BA%AC%202F,2023,中国料理 TOKYO,chinese_tokyo,発表日：2023年3月27日
MASA’S KITCHEN 恵比寿,東京都渋谷区恵比寿1-21-13 BPRレジデンス恵比寿 B1F,食べログ 中国料理 TOKYO 百名店 2023,https://tabelog.com/tokyo/A1303/A130302/13054526/,https://www.google.com/maps/search/?api=1&query=MASA%E2%80%99S%20KITCHEN%20%E6%81%B5%E6%AF%94%E5%AF%BF%20%E6%9D%B1%E4%BA%AC%E9%83%BD%E6%B8%8B%E8%B0%B7%E5%8C%BA%E6%81%B5%E6%AF%94%E5%AF%BF1-21-13%20BPR%E3%83%AC%E3%82%B8%E3%83%87%E3%83%B3%E3%82%B9%E6%81%B5%E6%AF%94%E5%AF%BF%20B1F,2023,中国料理 TOKYO,chinese_tokyo,発表日：2023年3月27日
新富町 湯浅,東京都中央区新富2-7-4 growth ginza east 1F,食べログ 中国料理 TOKYO 百名店 2023,https://tabelog.com/tokyo/A1313/A131301/13231936/,https://www.google.com/maps/search/?api=1&query=%E6%96%B0%E5%AF%8C%E7%94%BA%20%E6%B9%AF%E6%B5%85%20%E6%9D%B1%E4%BA%AC%E9%83%BD%E4%B8%AD%E5%A4%AE%E5%8C%BA%E6%96%B0%E5%AF%8C2-7-4%20growth%20ginza%20east%201F,2023,中国料理 TOKYO,chinese_tokyo,発表日：2023年3月27日
中国酒家 大三元,東京都墨田区太平3-4-1 ＹＳビル　１Ｆ,食べログ 中国料理 TOKYO 百名店 2023,https://tabelog.com/tokyo/A1312/A131201/13007985/,https://www.google.com/maps/search/?api=1&query=%E4%B8%AD%E5%9B%BD%E9%85%92%E5%AE%B6%20%E5%A4%A7%E4%B8%89%E5%85%83%20%E6%9D%B1%E4%BA%AC%E9%83%BD%E5%A2%A8%E7%94%B0%E5%8C%BA%E5%A4%AA%E5%B9%B33-4-1%20%EF%BC%B9%EF%BC%B3%E3%83%93%E3%83%AB%E3%80%80%EF%BC%91%EF%BC%A6,2023,中国料理 TOKYO,chinese_tokyo,発表日：2023年3月27日
ロウホウトイ,東京都港区白金5-14-8,食べログ 中国料理 TOKYO 百名店 2023,https://tabelog.com/tokyo/A1307/A130703/13203446/,https://www.google.com/maps/search/?api=1&query=%E3%83%AD%E3%82%A6%E3%83%9B%E3%82%A6%E3%83%88%E3%82%A4%20%E6%9D%B1%E4%BA%AC%E9%83%BD%E6%B8%AF%E5%8C%BA%E7%99%BD%E9%87%915-14-8,2023,中国料理 TOKYO,chinese_tokyo,発表日：2023年3月27日
フルタ,東京都中央区銀座1-21-14,食べログ 中国料理 TOKYO 百名店 2023,https://tabelog.com/tokyo/A1313/A131301/13176780/,https://www.google.com/maps/search/?api=1&query=%E3%83%95%E3%83%AB%E3%82%BF%20%E6%9D%B1%E4%BA%AC%E9%83%BD%E4%B8%AD%E5%A4%AE%E5%8C%BA%E9%8A%80%E5%BA%A71-21-14,2023,中国料理 TOKYO,chinese_tokyo,発表日：2023年3月27日
個室中華 頤和園 霞が関店,東京都千代田区霞が関3-2-6 東京倶楽部ビルディング霞ダイニングフロア3F,食べログ 中国料理 TOKYO 百名店 2023,https://tabelog.com/tokyo/A1308/A130802/13047864/,https://www.google.com/maps/search/?api=1&query=%E5%80%8B%E5%AE%A4%E4%B8%AD%E8%8F%AF%20%E9%A0%A4%E5%92%8C%E5%9C%92%20%E9%9C%9E%E3%81%8C%E9%96%A2%E5%BA%97%20%E6%9D%B1%E4%BA%AC%E9%83%BD%E5%8D%83%E4%BB%A3%E7%94%B0%E5%8C%BA%E9%9C%9E%E3%81%8C%E9%96%A23-2-6%20%E6%9D%B1%E4%BA%AC%E5%80%B6%E6%A5%BD%E9%83%A8%E3%83%93%E3%83%AB%E3%83%87%E3%82%A3%E3%83%B3%E3%82%B0%E9%9C%9E%E3%83%80%E3%82%A4%E3%83%8B%E3%83%B3%E3%82%B0%E3%83%95%E3%83%AD%E3%82%A23F,2023,中国料理 TOKYO,chinese_tokyo,発表日：2023年3月27日
黒猫夜 赤坂店,東京都港区赤坂3-9-8 篠原ビル　３Ｆ,食べログ 中国料理 TOKYO 百名店 2023,https://tabelog.com/tokyo/A1308/A130801/13019152/,https://www.google.com/maps/search/?api=1&query=%E9%BB%92%E7%8C%AB%E5%A4%9C%20%E8%B5%A4%E5%9D%82%E5%BA%97%20%E6%9D%B1%E4%BA%AC%E9%83%BD%E6%B8%AF%E5%8C%BA%E8%B5%A4%E5%9D%823-9-8%20%E7%AF%A0%E5%8E%9F%E3%83%93%E3%83%AB%E3%80%80%EF%BC%93%EF%BC%A6,2023,中国料理 TOKYO,chinese_tokyo,発表日：2023年3月27日
萬来園,東京都品川区東大井5-6-8,食べログ 中国料理 TOKYO 百名店 2023,https://tabelog.com/tokyo/A1315/A131501/13001657/,https://www.google.com/maps/search/?api=1&query=%E8%90%AC%E6%9D%A5%E5%9C%92%20%E6%9D%B1%E4%BA%AC%E9%83%BD%E5%93%81%E5%B7%9D%E5%8C%BA%E6%9D%B1%E5%A4%A7%E4%BA%955-6-8,2023,中国料理 TOKYO,chinese_tokyo,発表日：2023年3月27日
一平飯店,東京都港区元麻布3-12-41,食べログ 中国料理 TOKYO 百名店 2023,https://tabelog.com/tokyo/A1307/A130702/13268624/,https://www.google.com/maps/search/?api=1&query=%E4%B8%80%E5%B9%B3%E9%A3%AF%E5%BA%97%20%E6%9D%B1%E4%BA%AC%E9%83%BD%E6%B8%AF%E5%8C%BA%E5%85%83%E9%BA%BB%E5%B8%833-12-41,2023,中国料理 TOKYO,chinese_tokyo,発表日：2023年3月27日
馥香 浅草橋本店,東京都台東区柳橋2-14-2 アリス・マナーガーデン浅草橋　１Ｆ,食べログ 中国料理 TOKYO 百名店 2023,https://tabelog.com/tokyo/A1311/A131103/13010780/,https://www.google.com/maps/search/?api=1&query=%E9%A6%A5%E9%A6%99%20%E6%B5%85%E8%8D%89%E6%A9%8B%E6%9C%AC%E5%BA%97%20%E6%9D%B1%E4%BA%AC%E9%83%BD%E5%8F%B0%E6%9D%B1%E5%8C%BA%E6%9F%B3%E6%A9%8B2-14-2%20%E3%82%A2%E3%83%AA%E3%82%B9%E3%83%BB%E3%83%9E%E3%83%8A%E3%83%BC%E3%82%AC%E3%83%BC%E3%83%87%E3%83%B3%E6%B5%85%E8%8D%89%E6%A9%8B%E3%80%80%EF%BC%91%EF%BC%A6,2023,中国料理 TOKYO,chinese_tokyo,発表日：2023年3月27日
北京遊膳,東京都杉並区荻窪5-24-7 富士ビル　２Ｆ,食べログ 中国料理 TOKYO 百名店 2023,https://tabelog.com/tokyo/A1319/A131906/13001102/,https://www.google.com/maps/search/?api=1&query=%E5%8C%97%E4%BA%AC%E9%81%8A%E8%86%B3%20%E6%9D%B1%E4%BA%AC%E9%83%BD%E6%9D%89%E4%B8%A6%E5%8C%BA%E8%8D%BB%E7%AA%AA5-24-7%20%E5%AF%8C%E5%A3%AB%E3%83%93%E3%83%AB%E3%80%80%EF%BC%92%EF%BC%A6,2023,中国料理 TOKYO,chinese_tokyo,発表日：2023年3月27日
虎峰,東京都港区六本木3-8-7 PALビル 1F,食べログ 中国料理 TOKYO 百名店 2023,https://tabelog.com/tokyo/A1307/A130701/13194122/,https://www.google.com/maps/search/?api=1&query=%E8%99%8E%E5%B3%B0%20%E6%9D%B1%E4%BA%AC%E9%83%BD%E6%B8%AF%E5%8C%BA%E5%85%AD%E6%9C%AC%E6%9C%A83-8-7%20PAL%E3%83%93%E3%83%AB%201F,2023,中国料理 TOKYO,chinese_tokyo,発表日：2023年3月27日
港式料理 鴻禧,東京都港区西新橋2-13-6 ミタニビル 1F,食べログ 中国料理 TOKYO 百名店 2023,https://tabelog.com/tokyo/A1308/A130802/13274319/,https://www.google.com/maps/search/?api=1&query=%E6%B8%AF%E5%BC%8F%E6%96%99%E7%90%86%20%E9%B4%BB%E7%A6%A7%20%E6%9D%B1%E4%BA%AC%E9%83%BD%E6%B8%AF%E5%8C%BA%E8%A5%BF%E6%96%B0%E6%A9%8B2-13-6%20%E3%83%9F%E3%82%BF%E3%83%8B%E3%83%93%E3%83%AB%201F,2023,中国料理 TOKYO,chinese_tokyo,発表日：2023年3月27日
farm studio #203,東京都目黒区鷹番2-20-4 学大十字街ビル 2F,食べログ 中国料理 TOKYO 百名店 2023,https://tabelog.com/tokyo/A1317/A131702/13236333/,https://www.google.com/maps/search/?api=1&query=farm%20studio%20%23203%20%E6%9D%B1%E4%BA%AC%E9%83%BD%E7%9B%AE%E9%BB%92%E5%8C%BA%E9%B7%B9%E7%95%AA2-20-4%20%E5%AD%A6%E5%A4%A7%E5%8D%81%E5%AD%97%E8%A1%97%E3%83%93%E3%83%AB%202F,2023,中国料理 TOKYO,chinese_tokyo,発表日：2023年3月27日
茶禅華,東京都港区南麻布4-7-5,食べログ 中国料理 TOKYO 百名店 2023,https://tabelog.com/tokyo/A1307/A130703/13205298/,https://www.google.com/maps/search/?api=1&query=%E8%8C%B6%E7%A6%85%E8%8F%AF%20%E6%9D%B1%E4%BA%AC%E9%83%BD%E6%B8%AF%E5%8C%BA%E5%8D%97%E9%BA%BB%E5%B8%834-7-5,2023,中国料理 TOKYO,chinese_tokyo,発表日：2023年3月27日
レンゲ,東京都中央区銀座7-4-5 GINZA745ビル 9F,食べログ 中国料理 TOKYO 百名店 2023,https://tabelog.com/tokyo/A1301/A130101/13183555/,https://www.google.com/maps/search/?api=1&query=%E3%83%AC%E3%83%B3%E3%82%B2%20%E6%9D%B1%E4%BA%AC%E9%83%BD%E4%B8%AD%E5%A4%AE%E5%8C%BA%E9%8A%80%E5%BA%A77-4-5%20GINZA745%E3%83%93%E3%83%AB%209F,2023,中国料理 TOKYO,chinese_tokyo,発表日：2023年3月27日
彩雲瑞,東京都世田谷区経堂2-15-11 第２松原マンション　１Ｆ,食べログ 中国料理 TOKYO 百名店 2023,https://tabelog.com/tokyo/A1318/A131813/13045859/,https://www.google.com/maps/search/?api=1&query=%E5%BD%A9%E9%9B%B2%E7%91%9E%20%E6%9D%B1%E4%BA%AC%E9%83%BD%E4%B8%96%E7%94%B0%E8%B0%B7%E5%8C%BA%E7%B5%8C%E5%A0%822-15-11%20%E7%AC%AC%EF%BC%92%E6%9D%BE%E5%8E%9F%E3%83%9E%E3%83%B3%E3%82%B7%E3%83%A7%E3%83%B3%E3%80%80%EF%BC%91%EF%BC%A6,2023,中国料理 TOKYO,chinese_tokyo,発表日：2023年3月27日
SEN YO,東京都杉並区和田3-18-9,食べログ 中国料理 TOKYO 百名店 2023,https://tabelog.com/tokyo/A1319/A131904/13135036/,https://www.google.com/maps/search/?api=1&query=SEN%20YO%20%E6%9D%B1%E4%BA%AC%E9%83%BD%E6%9D%89%E4%B8%A6%E5%8C%BA%E5%92%8C%E7%94%B03-18-9,2023,中国料理 TOKYO,chinese_tokyo,発表日：2023年3月27日
筑紫樓 銀座店,東京都中央区銀座7-10-1 ＳＴＲＡＴＡ　ＧＩＮＺＡ　Ｂ１Ｆ,食べログ 中国料理 TOKYO 百名店 2023,https://tabelog.com/tokyo/A1301/A130101/13030770/,https://www.google.com/maps/search/?api=1&query=%E7%AD%91%E7%B4%AB%E6%A8%93%20%E9%8A%80%E5%BA%A7%E5%BA%97%20%E6%9D%B1%E4%BA%AC%E9%83%BD%E4%B8%AD%E5%A4%AE%E5%8C%BA%E9%8A%80%E5%BA%A77-10-1%20%EF%BC%B3%EF%BC%B4%EF%BC%B2%EF%BC%A1%EF%BC%B4%EF%BC%A1%E3%80%80%EF%BC%A7%EF%BC%A9%EF%BC%AE%EF%BC%BA%EF%BC%A1%E3%80%80%EF%BC%A2%EF%BC%91%EF%BC%A6,2023,中国料理 TOKYO,chinese_tokyo,発表日：2023年3月27日
東京チャイニーズ 一凛,東京都中央区築地1-5-8 樋泉ビル 1F,食べログ 中国料理 TOKYO 百名店 2023,https://tabelog.com/tokyo/A1313/A131301/13153417/,https://www.google.com/maps/search/?api=1&query=%E6%9D%B1%E4%BA%AC%E3%83%81%E3%83%A3%E3%82%A4%E3%83%8B%E3%83%BC%E3%82%BA%20%E4%B8%80%E5%87%9B%20%E6%9D%B1%E4%BA%AC%E9%83%BD%E4%B8%AD%E5%A4%AE%E5%8C%BA%E7%AF%89%E5%9C%B01-5-8%20%E6%A8%8B%E6%B3%89%E3%83%93%E3%83%AB%201F,2023,中国料理 TOKYO,chinese_tokyo,発表日：2023年3月27日
龍口酒家 本店,東京都渋谷区幡ケ谷1-3-1 幡ヶ谷ゴールデンセンター　Ｂ１Ｆ,食べログ 中国料理 TOKYO 百名店 2023,https://tabelog.com/tokyo/A1318/A131807/13004350/,https://www.google.com/maps/search/?api=1&query=%E9%BE%8D%E5%8F%A3%E9%85%92%E5%AE%B6%20%E6%9C%AC%E5%BA%97%20%E6%9D%B1%E4%BA%AC%E9%83%BD%E6%B8%8B%E8%B0%B7%E5%8C%BA%E5%B9%A1%E3%82%B1%E8%B0%B71-3-1%20%E5%B9%A1%E3%83%B6%E8%B0%B7%E3%82%B4%E3%83%BC%E3%83%AB%E3%83%87%E3%83%B3%E3%82%BB%E3%83%B3%E3%82%BF%E3%83%BC%E3%80%80%EF%BC%A2%EF%BC%91%EF%BC%A6,2023,中国料理 TOKYO,chinese_tokyo,発表日：2023年3月27日
虎穴,東京都中央区東日本橋3-5-16 仙石ビル 1F,食べログ 中国料理 TOKYO 百名店 2023,https://tabelog.com/tokyo/A1302/A130204/13098919/,https://www.google.com/maps/search/?api=1&query=%E8%99%8E%E7%A9%B4%20%E6%9D%B1%E4%BA%AC%E9%83%BD%E4%B8%AD%E5%A4%AE%E5%8C%BA%E6%9D%B1%E6%97%A5%E6%9C%AC%E6%A9%8B3-5-16%20%E4%BB%99%E7%9F%B3%E3%83%93%E3%83%AB%201F,2023,中国料理 TOKYO,chinese_tokyo,発表日：2023年3月27日
チャイナ 三丁目,東京都港区西麻布3-20-3 1F2F,食べログ 中国料理 TOKYO 百名店 2023,https://tabelog.com/tokyo/A1307/A130701/13142055/,https://www.google.com/maps/search/?api=1&query=%E3%83%81%E3%83%A3%E3%82%A4%E3%83%8A%20%E4%B8%89%E4%B8%81%E7%9B%AE%20%E6%9D%B1%E4%BA%AC%E9%83%BD%E6%B8%AF%E5%8C%BA%E8%A5%BF%E9%BA%BB%E5%B8%833-20-3%201F2F,2023,中国料理 TOKYO,chinese_tokyo,発表日：2023年3月27日
新華,東京都港区赤坂9-5-26 パレ乃木坂 1F,食べログ 中国料理 TOKYO 百名店 2023,https://tabelog.com/tokyo/A1307/A130701/13255926/,https://www.google.com/maps/search/?api=1&query=%E6%96%B0%E8%8F%AF%20%E6%9D%B1%E4%BA%AC%E9%83%BD%E6%B8%AF%E5%8C%BA%E8%B5%A4%E5%9D%829-5-26%20%E3%83%91%E3%83%AC%E4%B9%83%E6%9C%A8%E5%9D%82%201F,2023,中国料理 TOKYO,chinese_tokyo,発表日：2023年3月27日
黒猫夜 銀座店,東京都中央区銀座7-8-15 第2新橋会館 8F,食べログ 中国料理 TOKYO 百名店 2023,https://tabelog.com/tokyo/A1301/A130101/13162692/,https://www.google.com/maps/search/?api=1&query=%E9%BB%92%E7%8C%AB%E5%A4%9C%20%E9%8A%80%E5%BA%A7%E5%BA%97%20%E6%9D%B1%E4%BA%AC%E9%83%BD%E4%B8%AD%E5%A4%AE%E5%8C%BA%E9%8A%80%E5%BA%A77-8-15%20%E7%AC%AC2%E6%96%B0%E6%A9%8B%E4%BC%9A%E9%A4%A8%208F,2023,中国料理 TOKYO,chinese_tokyo,発表日：2023年3月27日
福満苑 鼓楼,東京都豊島区要町1-14-9,食べログ 中国料理 TOKYO 百名店 2023,https://tabelog.com/tokyo/A1322/A132202/13228727/,https://www.google.com/maps/search/?api=1&query=%E7%A6%8F%E6%BA%80%E8%8B%91%20%E9%BC%93%E6%A5%BC%20%E6%9D%B1%E4%BA%AC%E9%83%BD%E8%B1%8A%E5%B3%B6%E5%8C%BA%E8%A6%81%E7%94%BA1-14-9,2023,中国料理 TOKYO,chinese_tokyo,発表日：2023年3月27日
維新號 赤坂店,東京都千代田区紀尾井町1-11,食べログ 中国料理 TOKYO 百名店 2023,https://tabelog.com/tokyo/A1308/A130801/13000408/,https://www.google.com/maps/search/?api=1&query=%E7%B6%AD%E6%96%B0%E8%99%9F%20%E8%B5%A4%E5%9D%82%E5%BA%97%20%E6%9D%B1%E4%BA%AC%E9%83%BD%E5%8D%83%E4%BB%A3%E7%94%B0%E5%8C%BA%E7%B4%80%E5%B0%BE%E4%BA%95%E7%94%BA1-11,2023,中国料理 TOKYO,chinese_tokyo,発表日：2023年3月27日
中華寝台,東京都渋谷区道玄坂2-23-13 渋谷デリタワー 2Ｆ,食べログ 中国料理 TOKYO 百名店 2023,https://tabelog.com/tokyo/A1303/A130301/13240037/,https://www.google.com/maps/search/?api=1&query=%E4%B8%AD%E8%8F%AF%E5%AF%9D%E5%8F%B0%20%E6%9D%B1%E4%BA%AC%E9%83%BD%E6%B8%8B%E8%B0%B7%E5%8C%BA%E9%81%93%E7%8E%84%E5%9D%822-23-13%20%E6%B8%8B%E8%B0%B7%E3%83%87%E3%83%AA%E3%82%BF%E3%83%AF%E3%83%BC%202%EF%BC%A6,2023,中国料理 TOKYO,chinese_tokyo,発表日：2023年3月27日
series,東京都港区麻布台3-4-11 麻布エスビル 1F,食べログ 中国料理 TOKYO 百名店 2023,https://tabelog.com/tokyo/A1307/A130701/13246575/,https://www.google.com/maps/search/?api=1&query=series%20%E6%9D%B1%E4%BA%AC%E9%83%BD%E6%B8%AF%E5%8C%BA%E9%BA%BB%E5%B8%83%E5%8F%B03-4-11%20%E9%BA%BB%E5%B8%83%E3%82%A8%E3%82%B9%E3%83%93%E3%83%AB%201F,2023,中国料理 TOKYO,chinese_tokyo,発表日：2023年3月27日
ShinoiS,東京都港区白金台4-2-7 bld桜なみき 2F,食べログ 中国料理 TOKYO 百名店 2023,https://tabelog.com/tokyo/A1316/A131602/13241948/,https://www.google.com/maps/search/?api=1&query=ShinoiS%20%E6%9D%B1%E4%BA%AC%E9%83%BD%E6%B8%AF%E5%8C%BA%E7%99%BD%E9%87%91%E5%8F%B04-2-7%20bld%E6%A1%9C%E3%81%AA%E3%81%BF%E3%81%8D%202F,2023,中国料理 TOKYO,chinese_tokyo,発表日：2023年3月27日
赤坂璃宮 赤坂本店,東京都港区赤坂5-3-1 赤坂Bizタワー 2F,食べログ 中国料理 TOKYO 百名店 2023,https://tabelog.com/tokyo/A1308/A130801/13005028/,https://www.google.com/maps/search/?api=1&query=%E8%B5%A4%E5%9D%82%E7%92%83%E5%AE%AE%20%E8%B5%A4%E5%9D%82%E6%9C%AC%E5%BA%97%20%E6%9D%B1%E4%BA%AC%E9%83%BD%E6%B8%AF%E5%8C%BA%E8%B5%A4%E5%9D%825-3-1%20%E8%B5%A4%E5%9D%82Biz%E3%82%BF%E3%83%AF%E3%83%BC%202F,2023,中国料理 TOKYO,chinese_tokyo,発表日：2023年3月27日
中国四川料理 梅香,東京都新宿区横寺町37-39 中島第一ビル　１Ｆ,食べログ 中国料理 TOKYO 百名店 2023,https://tabelog.com/tokyo/A1309/A130905/13059767/,https://www.google.com/maps/search/?api=1&query=%E4%B8%AD%E5%9B%BD%E5%9B%9B%E5%B7%9D%E6%96%99%E7%90%86%20%E6%A2%85%E9%A6%99%20%E6%9D%B1%E4%BA%AC%E9%83%BD%E6%96%B0%E5%AE%BF%E5%8C%BA%E6%A8%AA%E5%AF%BA%E7%94%BA37-39%20%E4%B8%AD%E5%B3%B6%E7%AC%AC%E4%B8%80%E3%83%93%E3%83%AB%E3%80%80%EF%BC%91%EF%BC%A6,2023,中国料理 TOKYO,chinese_tokyo,発表日：2023年3月27日
古月 新宿,東京都新宿区新宿1-5-5 2F,食べログ 中国料理 TOKYO 百名店 2023,https://tabelog.com/tokyo/A1304/A130402/13030918/,https://www.google.com/maps/search/?api=1&query=%E5%8F%A4%E6%9C%88%20%E6%96%B0%E5%AE%BF%20%E6%9D%B1%E4%BA%AC%E9%83%BD%E6%96%B0%E5%AE%BF%E5%8C%BA%E6%96%B0%E5%AE%BF1-5-5%202F,2023,中国料理 TOKYO,chinese_tokyo,発表日：2023年3月27日
慈華,東京都港区南青山2-14-15 AOYAMA FUSION Bldg. 2F,食べログ 中国料理 TOKYO 百名店 2023,https://tabelog.com/tokyo/A1306/A130603/13242634/,https://www.google.com/maps/search/?api=1&query=%E6%85%88%E8%8F%AF%20%E6%9D%B1%E4%BA%AC%E9%83%BD%E6%B8%AF%E5%8C%BA%E5%8D%97%E9%9D%92%E5%B1%B12-14-15%20AOYAMA%20FUSION%20Bldg.%202F,2023,中国料理 TOKYO,chinese_tokyo,発表日：2023年3月27日
ヤウメイ,東京都千代田区丸の内3-2-3 二重橋スクエア 2F,食べログ 中国料理 TOKYO 百名店 2023,https://tabelog.com/tokyo/A1301/A130102/13228215/,https://www.google.com/maps/search/?api=1&query=%E3%83%A4%E3%82%A6%E3%83%A1%E3%82%A4%20%E6%9D%B1%E4%BA%AC%E9%83%BD%E5%8D%83%E4%BB%A3%E7%94%B0%E5%8C%BA%E4%B8%B8%E3%81%AE%E5%86%853-2-3%20%E4%BA%8C%E9%87%8D%E6%A9%8B%E3%82%B9%E3%82%AF%E3%82%A8%E3%82%A2%202F,2023,中国料理 TOKYO,chinese_tokyo,発表日：2023年3月27日
スーツァン・レストラン陳 渋谷店,東京都渋谷区桜丘町26-1 セルリアンタワー東急ホテル 2F,食べログ 中国料理 TOKYO 百名店 2023,https://tabelog.com/tokyo/A1303/A130301/13001909/,https://www.google.com/maps/search/?api=1&query=%E3%82%B9%E3%83%BC%E3%83%84%E3%82%A1%E3%83%B3%E3%83%BB%E3%83%AC%E3%82%B9%E3%83%88%E3%83%A9%E3%83%B3%E9%99%B3%20%E6%B8%8B%E8%B0%B7%E5%BA%97%20%E6%9D%B1%E4%BA%AC%E9%83%BD%E6%B8%8B%E8%B0%B7%E5%8C%BA%E6%A1%9C%E4%B8%98%E7%94%BA26-1%20%E3%82%BB%E3%83%AB%E3%83%AA%E3%82%A2%E3%83%B3%E3%82%BF%E3%83%AF%E3%83%BC%E6%9D%B1%E6%80%A5%E3%83%9B%E3%83%86%E3%83%AB%202F,2023,中国料理 TOKYO,chinese_tokyo,発表日：2023年3月27日
銀座嘉禅,東京都中央区銀座6-3-11 西銀座ビル 2F,食べログ 中国料理 TOKYO 百名店 2023,https://tabelog.com/tokyo/A1301/A130101/13270780/,https://www.google.com/maps/search/?api=1&query=%E9%8A%80%E5%BA%A7%E5%98%89%E7%A6%85%20%E6%9D%B1%E4%BA%AC%E9%83%BD%E4%B8%AD%E5%A4%AE%E5%8C%BA%E9%8A%80%E5%BA%A76-3-11%20%E8%A5%BF%E9%8A%80%E5%BA%A7%E3%83%93%E3%83%AB%202F,2023,中国料理 TOKYO,chinese_tokyo,発表日：2023年3月27日
西亀有 ギャラリー,東京都葛飾区西亀有2-45-16 1-2F,食べログ 中国料理 TOKYO 百名店 2023,https://tabelog.com/tokyo/A1324/A132403/13231088/,https://www.google.com/maps/search/?api=1&query=%E8%A5%BF%E4%BA%80%E6%9C%89%20%E3%82%AE%E3%83%A3%E3%83%A9%E3%83%AA%E3%83%BC%20%E6%9D%B1%E4%BA%AC%E9%83%BD%E8%91%9B%E9%A3%BE%E5%8C%BA%E8%A5%BF%E4%BA%80%E6%9C%892-45-16%201-2F,2023,中国料理 TOKYO,chinese_tokyo,発表日：2023年3月27日
REIKASAI GINZA,東京都中央区銀座1-7-7 ポーラ銀座ビル ９F,食べログ 中国料理 TOKYO 百名店 2023,https://tabelog.com/tokyo/A1301/A130101/13196687/,https://www.google.com/maps/search/?api=1&query=REIKASAI%20GINZA%20%E6%9D%B1%E4%BA%AC%E9%83%BD%E4%B8%AD%E5%A4%AE%E5%8C%BA%E9%8A%80%E5%BA%A71-7-7%20%E3%83%9D%E3%83%BC%E3%83%A9%E9%8A%80%E5%BA%A7%E3%83%93%E3%83%AB%20%EF%BC%99F,2023,中国料理 TOKYO,chinese_tokyo,発表日：2023年3月27日
4000 Chinese Restaurant,東京都港区南青山7-10-10 パークアクシス南青山7丁目 1F,食べログ 中国料理 TOKYO 百名店 2023,https://tabelog.com/tokyo/A1307/A130703/13229559/,https://www.google.com/maps/search/?api=1&query=4000%20Chinese%20Restaurant%20%E6%9D%B1%E4%BA%AC%E9%83%BD%E6%B8%AF%E5%8C%BA%E5%8D%97%E9%9D%92%E5%B1%B17-10-10%20%E3%83%91%E3%83%BC%E3%82%AF%E3%82%A2%E3%82%AF%E3%82%B7%E3%82%B9%E5%8D%97%E9%9D%92%E5%B1%B17%E4%B8%81%E7%9B%AE%201F,2023,中国料理 TOKYO,chinese_tokyo,発表日：2023年3月27日
Ino Cantonese 日本橋 たかせ,東京都中央区日本橋堀留町1-8-11 人形町スクエア 1F,食べログ 中国料理 TOKYO 百名店 2023,https://tabelog.com/tokyo/A1302/A130204/13273526/,https://www.google.com/maps/search/?api=1&query=Ino%20Cantonese%20%E6%97%A5%E6%9C%AC%E6%A9%8B%20%E3%81%9F%E3%81%8B%E3%81%9B%20%E6%9D%B1%E4%BA%AC%E9%83%BD%E4%B8%AD%E5%A4%AE%E5%8C%BA%E6%97%A5%E6%9C%AC%E6%A9%8B%E5%A0%80%E7%95%99%E7%94%BA1-8-11%20%E4%BA%BA%E5%BD%A2%E7%94%BA%E3%82%B9%E3%82%AF%E3%82%A8%E3%82%A2%201F,2023,中国料理 TOKYO,chinese_tokyo,発表日：2023年3月27日
ヘイフンテラス,東京都千代田区有楽町1-8-1 ザ・ペニンシュラ東京　２Ｆ,食べログ 中国料理 TOKYO 百名店 2023,https://tabelog.com/tokyo/A1301/A130102/13042931/,https://www.google.com/maps/search/?api=1&query=%E3%83%98%E3%82%A4%E3%83%95%E3%83%B3%E3%83%86%E3%83%A9%E3%82%B9%20%E6%9D%B1%E4%BA%AC%E9%83%BD%E5%8D%83%E4%BB%A3%E7%94%B0%E5%8C%BA%E6%9C%89%E6%A5%BD%E7%94%BA1-8-1%20%E3%82%B6%E3%83%BB%E3%83%9A%E3%83%8B%E3%83%B3%E3%82%B7%E3%83%A5%E3%83%A9%E6%9D%B1%E4%BA%AC%E3%80%80%EF%BC%92%EF%BC%A6,2023,中国料理 TOKYO,chinese_tokyo,発表日：2023年3月27日
銀座 上瀧,東京都中央区銀座7-5-15 AG1ビル 3F,食べログ 中国料理 TOKYO 百名店 2023,https://tabelog.com/tokyo/A1301/A130101/13267801/,https://www.google.com/maps/search/?api=1&query=%E9%8A%80%E5%BA%A7%20%E4%B8%8A%E7%80%A7%20%E6%9D%B1%E4%BA%AC%E9%83%BD%E4%B8%AD%E5%A4%AE%E5%8C%BA%E9%8A%80%E5%BA%A77-5-15%20AG1%E3%83%93%E3%83%AB%203F,2023,中国料理 TOKYO,chinese_tokyo,発表日：2023年3月27日
錦福 香港美食,東京都千代田区九段北1-9-12,食べログ 中国料理 TOKYO 百名店 2023,https://tabelog.com/tokyo/A1309/A130906/13218085/,https://www.google.com/maps/search/?api=1&query=%E9%8C%A6%E7%A6%8F%20%E9%A6%99%E6%B8%AF%E7%BE%8E%E9%A3%9F%20%E6%9D%B1%E4%BA%AC%E9%83%BD%E5%8D%83%E4%BB%A3%E7%94%B0%E5%8C%BA%E4%B9%9D%E6%AE%B5%E5%8C%971-9-12,2023,中国料理 TOKYO,chinese_tokyo,発表日：2023年3月27日
中国名菜酒家 つる見,東京都新宿区神楽坂3-6-40 かぐらビル 3F,食べログ 中国料理 TOKYO 百名店 2023,https://tabelog.com/tokyo/A1309/A130905/13192011/,https://www.google.com/maps/search/?api=1&query=%E4%B8%AD%E5%9B%BD%E5%90%8D%E8%8F%9C%E9%85%92%E5%AE%B6%20%E3%81%A4%E3%82%8B%E8%A6%8B%20%E6%9D%B1%E4%BA%AC%E9%83%BD%E6%96%B0%E5%AE%BF%E5%8C%BA%E7%A5%9E%E6%A5%BD%E5%9D%823-6-40%20%E3%81%8B%E3%81%90%E3%82%89%E3%83%93%E3%83%AB%203F,2023,中国料理 TOKYO,chinese_tokyo,発表日：2023年3月27日
サエキ飯店,東京都目黒区三田2-10-30 荒井ビル 1F,食べログ 中国料理 TOKYO 百名店 2023,https://tabelog.com/tokyo/A1316/A131601/13233311/,https://www.google.com/maps/search/?api=1&query=%E3%82%B5%E3%82%A8%E3%82%AD%E9%A3%AF%E5%BA%97%20%E6%9D%B1%E4%BA%AC%E9%83%BD%E7%9B%AE%E9%BB%92%E5%8C%BA%E4%B8%89%E7%94%B02-10-30%20%E8%8D%92%E4%BA%95%E3%83%93%E3%83%AB%201F,2023,中国料理 TOKYO,chinese_tokyo,発表日：2023年3月27日
中国菜 智林,東京都新宿区白銀町12-5 白銀ビル 1F,食べログ 中国料理 TOKYO 百名店 2023,https://tabelog.com/tokyo/A1309/A130905/13233789/,https://www.google.com/maps/search/?api=1&query=%E4%B8%AD%E5%9B%BD%E8%8F%9C%20%E6%99%BA%E6%9E%97%20%E6%9D%B1%E4%BA%AC%E9%83%BD%E6%96%B0%E5%AE%BF%E5%8C%BA%E7%99%BD%E9%8A%80%E7%94%BA12-5%20%E7%99%BD%E9%8A%80%E3%83%93%E3%83%AB%201F,2023,中国料理 TOKYO,chinese_tokyo,発表日：2023年3月27日
わさ,東京都渋谷区東3-16-1 ベルザ恵比寿 1F,食べログ 中国料理 TOKYO 百名店 2023,https://tabelog.com/tokyo/A1303/A130302/13251804/,https://www.google.com/maps/search/?api=1&query=%E3%82%8F%E3%81%95%20%E6%9D%B1%E4%BA%AC%E9%83%BD%E6%B8%8B%E8%B0%B7%E5%8C%BA%E6%9D%B13-16-1%20%E3%83%99%E3%83%AB%E3%82%B6%E6%81%B5%E6%AF%94%E5%AF%BF%201F,2023,中国料理 TOKYO,chinese_tokyo,発表日：2023年3月27日
52,東京都港区六本木4-6-4 第５一越ビル 2F,食べログ 中国料理 TOKYO 百名店 2023,https://tabelog.com/tokyo/A1307/A130701/13150543/,https://www.google.com/maps/search/?api=1&query=52%20%E6%9D%B1%E4%BA%AC%E9%83%BD%E6%B8%AF%E5%8C%BA%E5%85%AD%E6%9C%AC%E6%9C%A84-6-4%20%E7%AC%AC%EF%BC%95%E4%B8%80%E8%B6%8A%E3%83%93%E3%83%AB%202F,2023,中国料理 TOKYO,chinese_tokyo,発表日：2023年3月27日
マツシマ,東京都渋谷区上原1-35-6 第16菊地ビル B1F,食べログ 中国料理 TOKYO 百名店 2023,https://tabelog.com/tokyo/A1318/A131811/13195689/,https://www.google.com/maps/search/?api=1&query=%E3%83%9E%E3%83%84%E3%82%B7%E3%83%9E%20%E6%9D%B1%E4%BA%AC%E9%83%BD%E6%B8%8B%E8%B0%B7%E5%8C%BA%E4%B8%8A%E5%8E%9F1-35-6%20%E7%AC%AC16%E8%8F%8A%E5%9C%B0%E3%83%93%E3%83%AB%20B1F,2023,中国料理 TOKYO,chinese_tokyo,発表日：2023年3月27日
龍圓,東京都台東区西浅草3-1-9,食べログ 中国料理 TOKYO 百名店 2023,https://tabelog.com/tokyo/A1311/A131102/13003700/,https://www.google.com/maps/search/?api=1&query=%E9%BE%8D%E5%9C%93%20%E6%9D%B1%E4%BA%AC%E9%83%BD%E5%8F%B0%E6%9D%B1%E5%8C%BA%E8%A5%BF%E6%B5%85%E8%8D%893-1-9,2023,中国料理 TOKYO,chinese_tokyo,発表日：2023年3月27日
中国飯店 三田店,東京都港区芝5-13-18 いちご三田ビル 1F,食べログ 中国料理 TOKYO 百名店 2023,https://tabelog.com/tokyo/A1314/A131402/13003506/,https://www.google.com/maps/search/?api=1&query=%E4%B8%AD%E5%9B%BD%E9%A3%AF%E5%BA%97%20%E4%B8%89%E7%94%B0%E5%BA%97%20%E6%9D%B1%E4%BA%AC%E9%83%BD%E6%B8%AF%E5%8C%BA%E8%8A%9D5-13-18%20%E3%81%84%E3%81%A1%E3%81%94%E4%B8%89%E7%94%B0%E3%83%93%E3%83%AB%201F,2023,中国料理 TOKYO,chinese_tokyo,発表日：2023年3月27日
中華ダイニング 一途一心,東京都葛飾区亀有4-37-8,食べログ 中国料理 TOKYO 百名店 2023,https://tabelog.com/tokyo/A1324/A132403/13258320/,https://www.google.com/maps/search/?api=1&query=%E4%B8%AD%E8%8F%AF%E3%83%80%E3%82%A4%E3%83%8B%E3%83%B3%E3%82%B0%20%E4%B8%80%E9%80%94%E4%B8%80%E5%BF%83%20%E6%9D%B1%E4%BA%AC%E9%83%BD%E8%91%9B%E9%A3%BE%E5%8C%BA%E4%BA%80%E6%9C%894-37-8,2023,中国料理 TOKYO,chinese_tokyo,発表日：2023年3月27日
赤坂璃宮 銀座店,東京都中央区銀座6-8-7 交詢ビル 5F,食べログ 中国料理 TOKYO 百名店 2023,https://tabelog.com/tokyo/A1301/A130101/13013346/,https://www.google.com/maps/search/?api=1&query=%E8%B5%A4%E5%9D%82%E7%92%83%E5%AE%AE%20%E9%8A%80%E5%BA%A7%E5%BA%97%20%E6%9D%B1%E4%BA%AC%E9%83%BD%E4%B8%AD%E5%A4%AE%E5%8C%BA%E9%8A%80%E5%BA%A76-8-7%20%E4%BA%A4%E8%A9%A2%E3%83%93%E3%83%AB%205F,2023,中国料理 TOKYO,chinese_tokyo,発表日：2023年3月27日
蓮香,東京都港区白金4-1-7,食べログ 中国料理 TOKYO 百名店 2023,https://tabelog.com/tokyo/A1316/A131602/13190771/,https://www.google.com/maps/search/?api=1&query=%E8%93%AE%E9%A6%99%20%E6%9D%B1%E4%BA%AC%E9%83%BD%E6%B8%AF%E5%8C%BA%E7%99%BD%E9%87%914-1-7,2023,中国料理 TOKYO,chinese_tokyo,発表日：2023年3月27日
広東料理 センス,東京都中央区日本橋室町2-1-1 マンダリン オリエンタル 東京 37F,食べログ 中国料理 TOKYO 百名店 2023,https://tabelog.com/tokyo/A1302/A130202/13020361/,https://www.google.com/maps/search/?api=1&query=%E5%BA%83%E6%9D%B1%E6%96%99%E7%90%86%20%E3%82%BB%E3%83%B3%E3%82%B9%20%E6%9D%B1%E4%BA%AC%E9%83%BD%E4%B8%AD%E5%A4%AE%E5%8C%BA%E6%97%A5%E6%9C%AC%E6%A9%8B%E5%AE%A4%E7%94%BA2-1-1%20%E3%83%9E%E3%83%B3%E3%83%80%E3%83%AA%E3%83%B3%20%E3%82%AA%E3%83%AA%E3%82%A8%E3%83%B3%E3%82%BF%E3%83%AB%20%E6%9D%B1%E4%BA%AC%2037F,2023,中国料理 TOKYO,chinese_tokyo,発表日：2023年3月27日
メゾン・ド・ユーロン,東京都港区赤坂4-13-18,食べログ 中国料理 TOKYO 百名店 2023,https://tabelog.com/tokyo/A1308/A130801/13002871/,https://www.google.com/maps/search/?api=1&query=%E3%83%A1%E3%82%BE%E3%83%B3%E3%83%BB%E3%83%89%E3%83%BB%E3%83%A6%E3%83%BC%E3%83%AD%E3%83%B3%20%E6%9D%B1%E4%BA%AC%E9%83%BD%E6%B8%AF%E5%8C%BA%E8%B5%A4%E5%9D%824-13-18,2023,中国料理 TOKYO,chinese_tokyo,発表日：2023年3月27日
キャラウェイ,神奈川県鎌倉市小町2-12-20,食べログ カレー EAST 百名店 2023,https://tabelog.com/kanagawa/A1404/A140402/14000589/,https://www.google.com/maps/search/?api=1&query=%E3%82%AD%E3%83%A3%E3%83%A9%E3%82%A6%E3%82%A7%E3%82%A4%20%E7%A5%9E%E5%A5%88%E5%B7%9D%E7%9C%8C%E9%8E%8C%E5%80%89%E5%B8%82%E5%B0%8F%E7%94%BA2-12-20,2023,カレー EAST,curry_east,発表日：2023年10月10日
negombo33,埼玉県所沢市星の宮1-9-1,食べログ カレー EAST 百名店 2023,https://tabelog.com/saitama/A1106/A110601/11015014/,https://www.google.com/maps/search/?api=1&query=negombo33%20%E5%9F%BC%E7%8E%89%E7%9C%8C%E6%89%80%E6%B2%A2%E5%B8%82%E6%98%9F%E3%81%AE%E5%AE%AE1-9-1,2023,カレー EAST,curry_east,発表日：2023年10月10日
キャラウェイ,神奈川県平塚市錦町1-16,食べログ カレー EAST 百名店 2023,https://tabelog.com/kanagawa/A1404/A140407/14004751/,https://www.google.com/maps/search/?api=1&query=%E3%82%AD%E3%83%A3%E3%83%A9%E3%82%A6%E3%82%A7%E3%82%A4%20%E7%A5%9E%E5%A5%88%E5%B7%9D%E7%9C%8C%E5%B9%B3%E5%A1%9A%E5%B8%82%E9%8C%A6%E7%94%BA1-16,2023,カレー EAST,curry_east,発表日：2023年10月10日
アジョワン,神奈川県横浜市都筑区中川中央1-28-21,食べログ カレー EAST 百名店 2023,https://tabelog.com/kanagawa/A1401/A140203/14000168/,https://www.google.com/maps/search/?api=1&query=%E3%82%A2%E3%82%B8%E3%83%A7%E3%83%AF%E3%83%B3%20%E7%A5%9E%E5%A5%88%E5%B7%9D%E7%9C%8C%E6%A8%AA%E6%B5%9C%E5%B8%82%E9%83%BD%E7%AD%91%E5%8C%BA%E4%B8%AD%E5%B7%9D%E4%B8%AD%E5%A4%AE1-28-21,2023,カレー EAST,curry_east,発表日：2023年10月10日
カレーの店 マボロシ,神奈川県相模原市中央区中央3-7-1,食べログ カレー EAST 百名店 2023,https://tabelog.com/kanagawa/A1407/A140701/14040492/,https://www.google.com/maps/search/?api=1&query=%E3%82%AB%E3%83%AC%E3%83%BC%E3%81%AE%E5%BA%97%20%E3%83%9E%E3%83%9C%E3%83%AD%E3%82%B7%20%E7%A5%9E%E5%A5%88%E5%B7%9D%E7%9C%8C%E7%9B%B8%E6%A8%A1%E5%8E%9F%E5%B8%82%E4%B8%AD%E5%A4%AE%E5%8C%BA%E4%B8%AD%E5%A4%AE3-7-1,2023,カレー EAST,curry_east,発表日：2023年10月10日
かれーの店 ポカラ,神奈川県相模原市中央区千代田3-18-14,食べログ カレー EAST 百名店 2023,https://tabelog.com/kanagawa/A1407/A140701/14006400/,https://www.google.com/maps/search/?api=1&query=%E3%81%8B%E3%82%8C%E3%83%BC%E3%81%AE%E5%BA%97%20%E3%83%9D%E3%82%AB%E3%83%A9%20%E7%A5%9E%E5%A5%88%E5%B7%9D%E7%9C%8C%E7%9B%B8%E6%A8%A1%E5%8E%9F%E5%B8%82%E4%B8%AD%E5%A4%AE%E5%8C%BA%E5%8D%83%E4%BB%A3%E7%94%B03-18-14,2023,カレー EAST,curry_east,発表日：2023年10月10日
Curry&herb Cherry blossom,神奈川県川崎市麻生区上麻生1-20-1 新百合ヶ丘駅構内南口,食べログ カレー EAST 百名店 2023,https://tabelog.com/kanagawa/A1405/A140508/14000777/,https://www.google.com/maps/search/?api=1&query=Curry%26herb%20Cherry%20blossom%20%E7%A5%9E%E5%A5%88%E5%B7%9D%E7%9C%8C%E5%B7%9D%E5%B4%8E%E5%B8%82%E9%BA%BB%E7%94%9F%E5%8C%BA%E4%B8%8A%E9%BA%BB%E7%94%9F1-20-1%20%E6%96%B0%E7%99%BE%E5%90%88%E3%83%B6%E4%B8%98%E9%A7%85%E6%A7%8B%E5%86%85%E5%8D%97%E5%8F%A3,2023,カレー EAST,curry_east,発表日：2023年10月10日
Kikuya Curry,神奈川県横浜市中区野毛町4-173 天悦ビル　１０１,食べログ カレー EAST 百名店 2023,https://tabelog.com/kanagawa/A1401/A140102/14004143/,https://www.google.com/maps/search/?api=1&query=Kikuya%20Curry%20%E7%A5%9E%E5%A5%88%E5%B7%9D%E7%9C%8C%E6%A8%AA%E6%B5%9C%E5%B8%82%E4%B8%AD%E5%8C%BA%E9%87%8E%E6%AF%9B%E7%94%BA4-173%20%E5%A4%A9%E6%82%A6%E3%83%93%E3%83%AB%E3%80%80%EF%BC%91%EF%BC%90%EF%BC%91,2023,カレー EAST,curry_east,発表日：2023年10月10日
コスギカレー,神奈川県川崎市中原区新丸子東2-897-11 ラポール新丸子102,食べログ カレー EAST 百名店 2023,https://tabelog.com/kanagawa/A1405/A140504/14042207/,https://www.google.com/maps/search/?api=1&query=%E3%82%B3%E3%82%B9%E3%82%AE%E3%82%AB%E3%83%AC%E3%83%BC%20%E7%A5%9E%E5%A5%88%E5%B7%9D%E7%9C%8C%E5%B7%9D%E5%B4%8E%E5%B8%82%E4%B8%AD%E5%8E%9F%E5%8C%BA%E6%96%B0%E4%B8%B8%E5%AD%90%E6%9D%B12-897-11%20%E3%83%A9%E3%83%9D%E3%83%BC%E3%83%AB%E6%96%B0%E4%B8%B8%E5%AD%90102,2023,カレー EAST,curry_east,発表日：2023年10月10日
スパイス・ツリー,神奈川県逗子市逗子7-6-25,食べログ カレー EAST 百名店 2023,https://tabelog.com/kanagawa/A1406/A140602/14053565/,https://www.google.com/maps/search/?api=1&query=%E3%82%B9%E3%83%91%E3%82%A4%E3%82%B9%E3%83%BB%E3%83%84%E3%83%AA%E3%83%BC%20%E7%A5%9E%E5%A5%88%E5%B7%9D%E7%9C%8C%E9%80%97%E5%AD%90%E5%B8%82%E9%80%97%E5%AD%907-6-25,2023,カレー EAST,curry_east,発表日：2023年10月10日
カレー専門店 KEN,神奈川県横浜市青葉区つつじが丘10-18,食べログ カレー EAST 百名店 2023,https://tabelog.com/kanagawa/A1401/A140202/14010409/,https://www.google.com/maps/search/?api=1&query=%E3%82%AB%E3%83%AC%E3%83%BC%E5%B0%82%E9%96%80%E5%BA%97%20KEN%20%E7%A5%9E%E5%A5%88%E5%B7%9D%E7%9C%8C%E6%A8%AA%E6%B5%9C%E5%B8%82%E9%9D%92%E8%91%89%E5%8C%BA%E3%81%A4%E3%81%A4%E3%81%98%E3%81%8C%E4%B8%9810-18,2023,カレー EAST,curry_east,発表日：2023年10月10日
丸祇羅,神奈川県横浜市中区福富町仲通4-2 一和ビル 3F,食べログ カレー EAST 百名店 2023,https://tabelog.com/kanagawa/A1401/A140104/14079157/,https://www.google.com/maps/search/?api=1&query=%E4%B8%B8%E7%A5%87%E7%BE%85%20%E7%A5%9E%E5%A5%88%E5%B7%9D%E7%9C%8C%E6%A8%AA%E6%B5%9C%E5%B8%82%E4%B8%AD%E5%8C%BA%E7%A6%8F%E5%AF%8C%E7%94%BA%E4%BB%B2%E9%80%9A4-2%20%E4%B8%80%E5%92%8C%E3%83%93%E3%83%AB%203F,2023,カレー EAST,curry_east,発表日：2023年10月10日
カレーレストラン シバ,千葉県千葉市稲毛区稲毛東3-19-15 ｍｆビル　１Ｆ,食べログ カレー EAST 百名店 2023,https://tabelog.com/chiba/A1201/A120104/12000017/,https://www.google.com/maps/search/?api=1&query=%E3%82%AB%E3%83%AC%E3%83%BC%E3%83%AC%E3%82%B9%E3%83%88%E3%83%A9%E3%83%B3%20%E3%82%B7%E3%83%90%20%E5%8D%83%E8%91%89%E7%9C%8C%E5%8D%83%E8%91%89%E5%B8%82%E7%A8%B2%E6%AF%9B%E5%8C%BA%E7%A8%B2%E6%AF%9B%E6%9D%B13-19-15%20%EF%BD%8D%EF%BD%86%E3%83%93%E3%83%AB%E3%80%80%EF%BC%91%EF%BC%A6,2023,カレー EAST,curry_east,発表日：2023年10月10日
モアナマカイ珊瑚礁,神奈川県鎌倉市七里ガ浜1-3-22,食べログ カレー EAST 百名店 2023,https://tabelog.com/kanagawa/A1404/A140402/14000586/,https://www.google.com/maps/search/?api=1&query=%E3%83%A2%E3%82%A2%E3%83%8A%E3%83%9E%E3%82%AB%E3%82%A4%E7%8F%8A%E7%91%9A%E7%A4%81%20%E7%A5%9E%E5%A5%88%E5%B7%9D%E7%9C%8C%E9%8E%8C%E5%80%89%E5%B8%82%E4%B8%83%E9%87%8C%E3%82%AC%E6%B5%9C1-3-22,2023,カレー EAST,curry_east,発表日：2023年10月10日
アルペンジロー 本店,神奈川県横浜市中区弥生町3-26,食べログ カレー EAST 百名店 2023,https://tabelog.com/kanagawa/A1401/A140306/14000553/,https://www.google.com/maps/search/?api=1&query=%E3%82%A2%E3%83%AB%E3%83%9A%E3%83%B3%E3%82%B8%E3%83%AD%E3%83%BC%20%E6%9C%AC%E5%BA%97%20%E7%A5%9E%E5%A5%88%E5%B7%9D%E7%9C%8C%E6%A8%AA%E6%B5%9C%E5%B8%82%E4%B8%AD%E5%8C%BA%E5%BC%A5%E7%94%9F%E7%94%BA3-26,2023,カレー EAST,curry_east,発表日：2023年10月10日
中華 大島,千葉県柏市中央1-6-4,食べログ カレー EAST 百名店 2023,https://tabelog.com/chiba/A1203/A120301/12009777/,https://www.google.com/maps/search/?api=1&query=%E4%B8%AD%E8%8F%AF%20%E5%A4%A7%E5%B3%B6%20%E5%8D%83%E8%91%89%E7%9C%8C%E6%9F%8F%E5%B8%82%E4%B8%AD%E5%A4%AE1-6-4,2023,カレー EAST,curry_east,発表日：2023年10月10日
Bay&Leaf 横浜,神奈川県横浜市戸塚区戸塚町120 斉藤ビル 2F,食べログ カレー EAST 百名店 2023,https://tabelog.com/kanagawa/A1401/A140305/14000620/,https://www.google.com/maps/search/?api=1&query=Bay%26Leaf%20%E6%A8%AA%E6%B5%9C%20%E7%A5%9E%E5%A5%88%E5%B7%9D%E7%9C%8C%E6%A8%AA%E6%B5%9C%E5%B8%82%E6%88%B8%E5%A1%9A%E5%8C%BA%E6%88%B8%E5%A1%9A%E7%94%BA120%20%E6%96%89%E8%97%A4%E3%83%93%E3%83%AB%202F,2023,カレー EAST,curry_east,発表日：2023年10月10日
オクシモロン コマチ,神奈川県鎌倉市雪ノ下1-5-38 2Ｆ,食べログ カレー EAST 百名店 2023,https://tabelog.com/kanagawa/A1404/A140402/14014612/,https://www.google.com/maps/search/?api=1&query=%E3%82%AA%E3%82%AF%E3%82%B7%E3%83%A2%E3%83%AD%E3%83%B3%20%E3%82%B3%E3%83%9E%E3%83%81%20%E7%A5%9E%E5%A5%88%E5%B7%9D%E7%9C%8C%E9%8E%8C%E5%80%89%E5%B8%82%E9%9B%AA%E3%83%8E%E4%B8%8B1-5-38%202%EF%BC%A6,2023,カレー EAST,curry_east,発表日：2023年10月10日
しまや,神奈川県川崎市川崎区南町1-12,食べログ カレー EAST 百名店 2023,https://tabelog.com/kanagawa/A1405/A140501/14068355/,https://www.google.com/maps/search/?api=1&query=%E3%81%97%E3%81%BE%E3%82%84%20%E7%A5%9E%E5%A5%88%E5%B7%9D%E7%9C%8C%E5%B7%9D%E5%B4%8E%E5%B8%82%E5%B7%9D%E5%B4%8E%E5%8C%BA%E5%8D%97%E7%94%BA1-12,2023,カレー EAST,curry_east,発表日：2023年10月10日
CURRY CLUB キュイエール,神奈川県鎌倉市大船1-13-11 岡本ビル 1F,食べログ カレー EAST 百名店 2023,https://tabelog.com/kanagawa/A1404/A140401/14054482/,https://www.google.com/maps/search/?api=1&query=CURRY%20CLUB%20%E3%82%AD%E3%83%A5%E3%82%A4%E3%82%A8%E3%83%BC%E3%83%AB%20%E7%A5%9E%E5%A5%88%E5%B7%9D%E7%9C%8C%E9%8E%8C%E5%80%89%E5%B8%82%E5%A4%A7%E8%88%B91-13-11%20%E5%B2%A1%E6%9C%AC%E3%83%93%E3%83%AB%201F,2023,カレー EAST,curry_east,発表日：2023年10月10日
らっきょ＆Star,神奈川県横浜市港北区綱島西1-2-9 ゴールデンパーク 1F,食べログ カレー EAST 百名店 2023,https://tabelog.com/kanagawa/A1401/A140204/14009431/,https://www.google.com/maps/search/?api=1&query=%E3%82%89%E3%81%A3%E3%81%8D%E3%82%87%EF%BC%86Star%20%E7%A5%9E%E5%A5%88%E5%B7%9D%E7%9C%8C%E6%A8%AA%E6%B5%9C%E5%B8%82%E6%B8%AF%E5%8C%97%E5%8C%BA%E7%B6%B1%E5%B3%B6%E8%A5%BF1-2-9%20%E3%82%B4%E3%83%BC%E3%83%AB%E3%83%87%E3%83%B3%E3%83%91%E3%83%BC%E3%82%AF%201F,2023,カレー EAST,curry_east,発表日：2023年10月10日
カレーの店 ボンベイ 本店,千葉県柏市柏3-6-16 磯野ビル 1F,食べログ カレー EAST 百名店 2023,https://tabelog.com/chiba/A1203/A120301/12026182/,https://www.google.com/maps/search/?api=1&query=%E3%82%AB%E3%83%AC%E3%83%BC%E3%81%AE%E5%BA%97%20%E3%83%9C%E3%83%B3%E3%83%99%E3%82%A4%20%E6%9C%AC%E5%BA%97%20%E5%8D%83%E8%91%89%E7%9C%8C%E6%9F%8F%E5%B8%82%E6%9F%8F3-6-16%20%E7%A3%AF%E9%87%8E%E3%83%93%E3%83%AB%201F,2023,カレー EAST,curry_east,発表日：2023年10月10日
スパイスカレー モクロミ,埼玉県越谷市千間台西5-2-30 2F,食べログ カレー EAST 百名店 2023,https://tabelog.com/saitama/A1102/A110203/11045458/,https://www.google.com/maps/search/?api=1&query=%E3%82%B9%E3%83%91%E3%82%A4%E3%82%B9%E3%82%AB%E3%83%AC%E3%83%BC%20%E3%83%A2%E3%82%AF%E3%83%AD%E3%83%9F%20%E5%9F%BC%E7%8E%89%E7%9C%8C%E8%B6%8A%E8%B0%B7%E5%B8%82%E5%8D%83%E9%96%93%E5%8F%B0%E8%A5%BF5-2-30%202F,2023,カレー EAST,curry_east,発表日：2023年10月10日
珊瑚礁 本店,神奈川県鎌倉市七里ガ浜東3-1-2,食べログ カレー EAST 百名店 2023,https://tabelog.com/kanagawa/A1404/A140402/14000276/,https://www.google.com/maps/search/?api=1&query=%E7%8F%8A%E7%91%9A%E7%A4%81%20%E6%9C%AC%E5%BA%97%20%E7%A5%9E%E5%A5%88%E5%B7%9D%E7%9C%8C%E9%8E%8C%E5%80%89%E5%B8%82%E4%B8%83%E9%87%8C%E3%82%AC%E6%B5%9C%E6%9D%B13-1-2,2023,カレー EAST,curry_east,発表日：2023年10月10日
ハイ，ハウ アー ユー,神奈川県横浜市港北区日吉本町1-21-5 西之蔵ビル　３Ｆ,食べログ カレー EAST 百名店 2023,https://tabelog.com/kanagawa/A1401/A140204/14040637/,https://www.google.com/maps/search/?api=1&query=%E3%83%8F%E3%82%A4%EF%BC%8C%E3%83%8F%E3%82%A6%20%E3%82%A2%E3%83%BC%20%E3%83%A6%E3%83%BC%20%E7%A5%9E%E5%A5%88%E5%B7%9D%E7%9C%8C%E6%A8%AA%E6%B5%9C%E5%B8%82%E6%B8%AF%E5%8C%97%E5%8C%BA%E6%97%A5%E5%90%89%E6%9C%AC%E7%94%BA1-21-5%20%E8%A5%BF%E4%B9%8B%E8%94%B5%E3%83%93%E3%83%AB%E3%80%80%EF%BC%93%EF%BC%A6,2023,カレー EAST,curry_east,発表日：2023年10月10日
ラマイ 横浜伊勢佐木モール店,神奈川県横浜市中区伊勢佐木町1-6-5 亀楽ビル 7F,食べログ カレー EAST 百名店 2023,https://tabelog.com/kanagawa/A1401/A140104/14045095/,https://www.google.com/maps/search/?api=1&query=%E3%83%A9%E3%83%9E%E3%82%A4%20%E6%A8%AA%E6%B5%9C%E4%BC%8A%E5%8B%A2%E4%BD%90%E6%9C%A8%E3%83%A2%E3%83%BC%E3%83%AB%E5%BA%97%20%E7%A5%9E%E5%A5%88%E5%B7%9D%E7%9C%8C%E6%A8%AA%E6%B5%9C%E5%B8%82%E4%B8%AD%E5%8C%BA%E4%BC%8A%E5%8B%A2%E4%BD%90%E6%9C%A8%E7%94%BA1-6-5%20%E4%BA%80%E6%A5%BD%E3%83%93%E3%83%AB%207F,2023,カレー EAST,curry_east,発表日：2023年10月10日
Curry House MUMBAI 松戸店,千葉県松戸市松戸1150 ニューハイム松戸ビル 2F,食べログ カレー EAST 百名店 2023,https://tabelog.com/chiba/A1203/A120302/12034462/,https://www.google.com/maps/search/?api=1&query=Curry%20House%20MUMBAI%20%E6%9D%BE%E6%88%B8%E5%BA%97%20%E5%8D%83%E8%91%89%E7%9C%8C%E6%9D%BE%E6%88%B8%E5%B8%82%E6%9D%BE%E6%88%B81150%20%E3%83%8B%E3%83%A5%E3%83%BC%E3%83%8F%E3%82%A4%E3%83%A0%E6%9D%BE%E6%88%B8%E3%83%93%E3%83%AB%202F,2023,カレー EAST,curry_east,発表日：2023年10月10日
サリサリカリー,神奈川県横浜市神奈川区西神奈川3-9-2,食べログ カレー EAST 百名店 2023,https://tabelog.com/kanagawa/A1401/A140205/14064834/,https://www.google.com/maps/search/?api=1&query=%E3%82%B5%E3%83%AA%E3%82%B5%E3%83%AA%E3%82%AB%E3%83%AA%E3%83%BC%20%E7%A5%9E%E5%A5%88%E5%B7%9D%E7%9C%8C%E6%A8%AA%E6%B5%9C%E5%B8%82%E7%A5%9E%E5%A5%88%E5%B7%9D%E5%8C%BA%E8%A5%BF%E7%A5%9E%E5%A5%88%E5%B7%9D3-9-2,2023,カレー EAST,curry_east,発表日：2023年10月10日
カレーハウス チリチリ,埼玉県戸田市本町4-11-19,食べログ カレー EAST 百名店 2023,https://tabelog.com/saitama/A1102/A110202/11052130/,https://www.google.com/maps/search/?api=1&query=%E3%82%AB%E3%83%AC%E3%83%BC%E3%83%8F%E3%82%A6%E3%82%B9%20%E3%83%81%E3%83%AA%E3%83%81%E3%83%AA%20%E5%9F%BC%E7%8E%89%E7%9C%8C%E6%88%B8%E7%94%B0%E5%B8%82%E6%9C%AC%E7%94%BA4-11-19,2023,カレー EAST,curry_east,発表日：2023年10月10日
gii,埼玉県さいたま市見沼区大和田町1-1527-1,食べログ カレー EAST 百名店 2023,https://tabelog.com/saitama/A1101/A110103/11003352/,https://www.google.com/maps/search/?api=1&query=gii%20%E5%9F%BC%E7%8E%89%E7%9C%8C%E3%81%95%E3%81%84%E3%81%9F%E3%81%BE%E5%B8%82%E8%A6%8B%E6%B2%BC%E5%8C%BA%E5%A4%A7%E5%92%8C%E7%94%B0%E7%94%BA1-1527-1,2023,カレー EAST,curry_east,発表日：2023年10月10日
インド風カリーライス すぱいす,東京都杉並区荻窪5-16-20,食べログ カレー TOKYO 百名店 2023,https://tabelog.com/tokyo/A1319/A131906/13004379/,https://www.google.com/maps/search/?api=1&query=%E3%82%A4%E3%83%B3%E3%83%89%E9%A2%A8%E3%82%AB%E3%83%AA%E3%83%BC%E3%83%A9%E3%82%A4%E3%82%B9%20%E3%81%99%E3%81%B1%E3%81%84%E3%81%99%20%E6%9D%B1%E4%BA%AC%E9%83%BD%E6%9D%89%E4%B8%A6%E5%8C%BA%E8%8D%BB%E7%AA%AA5-16-20,2023,カレー TOKYO,curry_tokyo,発表日：2023年10月10日
negombo33 高円寺,東京都杉並区高円寺南4-44-3 マーキュリービル 1F,食べログ カレー TOKYO 百名店 2023,https://tabelog.com/tokyo/A1319/A131904/13228221/,https://www.google.com/maps/search/?api=1&query=negombo33%20%E9%AB%98%E5%86%86%E5%AF%BA%20%E6%9D%B1%E4%BA%AC%E9%83%BD%E6%9D%89%E4%B8%A6%E5%8C%BA%E9%AB%98%E5%86%86%E5%AF%BA%E5%8D%974-44-3%20%E3%83%9E%E3%83%BC%E3%82%AD%E3%83%A5%E3%83%AA%E3%83%BC%E3%83%93%E3%83%AB%201F,2023,カレー TOKYO,curry_tokyo,発表日：2023年10月10日
スパイシーカリーハウス半月,東京都新宿区西新宿7-6-9 コンフォート・セゾン 1F,食べログ カレー TOKYO 百名店 2023,https://tabelog.com/tokyo/A1304/A130401/13211678/,https://www.google.com/maps/search/?api=1&query=%E3%82%B9%E3%83%91%E3%82%A4%E3%82%B7%E3%83%BC%E3%82%AB%E3%83%AA%E3%83%BC%E3%83%8F%E3%82%A6%E3%82%B9%E5%8D%8A%E6%9C%88%20%E6%9D%B1%E4%BA%AC%E9%83%BD%E6%96%B0%E5%AE%BF%E5%8C%BA%E8%A5%BF%E6%96%B0%E5%AE%BF7-6-9%20%E3%82%B3%E3%83%B3%E3%83%95%E3%82%A9%E3%83%BC%E3%83%88%E3%83%BB%E3%82%BB%E3%82%BE%E3%83%B3%201F,2023,カレー TOKYO,curry_tokyo,発表日：2023年10月10日
ジャパニーズスパイスカレー カリッシュ,東京都中央区新川1-9-9,食べログ カレー TOKYO 百名店 2023,https://tabelog.com/tokyo/A1302/A130203/13020472/,https://www.google.com/maps/search/?api=1&query=%E3%82%B8%E3%83%A3%E3%83%91%E3%83%8B%E3%83%BC%E3%82%BA%E3%82%B9%E3%83%91%E3%82%A4%E3%82%B9%E3%82%AB%E3%83%AC%E3%83%BC%20%E3%82%AB%E3%83%AA%E3%83%83%E3%82%B7%E3%83%A5%20%E6%9D%B1%E4%BA%AC%E9%83%BD%E4%B8%AD%E5%A4%AE%E5%8C%BA%E6%96%B0%E5%B7%9D1-9-9,2023,カレー TOKYO,curry_tokyo,発表日：2023年10月10日
ガネー舎,東京都港区新橋5-12-2 鴻盟社ビル　Ｂ１Ｆ,食べログ カレー TOKYO 百名店 2023,https://tabelog.com/tokyo/A1301/A130103/13001507/,https://www.google.com/maps/search/?api=1&query=%E3%82%AC%E3%83%8D%E3%83%BC%E8%88%8E%20%E6%9D%B1%E4%BA%AC%E9%83%BD%E6%B8%AF%E5%8C%BA%E6%96%B0%E6%A9%8B5-12-2%20%E9%B4%BB%E7%9B%9F%E7%A4%BE%E3%83%93%E3%83%AB%E3%80%80%EF%BC%A2%EF%BC%91%EF%BC%A6,2023,カレー TOKYO,curry_tokyo,発表日：2023年10月10日
カレーの惑星,東京都世田谷区北沢3-34-3 石川荘 1F,食べログ カレー TOKYO 百名店 2023,https://tabelog.com/tokyo/A1318/A131802/13194397/,https://www.google.com/maps/search/?api=1&query=%E3%82%AB%E3%83%AC%E3%83%BC%E3%81%AE%E6%83%91%E6%98%9F%20%E6%9D%B1%E4%BA%AC%E9%83%BD%E4%B8%96%E7%94%B0%E8%B0%B7%E5%8C%BA%E5%8C%97%E6%B2%A23-34-3%20%E7%9F%B3%E5%B7%9D%E8%8D%98%201F,2023,カレー TOKYO,curry_tokyo,発表日：2023年10月10日
みのりんご,東京都渋谷区神宮前1-22-7 ウエストビル 1F,食べログ カレー TOKYO 百名店 2023,https://tabelog.com/tokyo/A1306/A130601/13108716/,https://www.google.com/maps/search/?api=1&query=%E3%81%BF%E3%81%AE%E3%82%8A%E3%82%93%E3%81%94%20%E6%9D%B1%E4%BA%AC%E9%83%BD%E6%B8%8B%E8%B0%B7%E5%8C%BA%E7%A5%9E%E5%AE%AE%E5%89%8D1-22-7%20%E3%82%A6%E3%82%A8%E3%82%B9%E3%83%88%E3%83%93%E3%83%AB%201F,2023,カレー TOKYO,curry_tokyo,発表日：2023年10月10日
curry 草枕,東京都新宿区新宿2-4-9 中江ビル 2F,食べログ カレー TOKYO 百名店 2023,https://tabelog.com/tokyo/A1304/A130402/13042970/,https://www.google.com/maps/search/?api=1&query=curry%20%E8%8D%89%E6%9E%95%20%E6%9D%B1%E4%BA%AC%E9%83%BD%E6%96%B0%E5%AE%BF%E5%8C%BA%E6%96%B0%E5%AE%BF2-4-9%20%E4%B8%AD%E6%B1%9F%E3%83%93%E3%83%AB%202F,2023,カレー TOKYO,curry_tokyo,発表日：2023年10月10日
GOOD LUCK CURRY 恵比寿,東京都渋谷区東3-21-1 アティモント恵比寿ビル 2F,食べログ カレー TOKYO 百名店 2023,https://tabelog.com/tokyo/A1303/A130302/13209474/,https://www.google.com/maps/search/?api=1&query=GOOD%20LUCK%20CURRY%20%E6%81%B5%E6%AF%94%E5%AF%BF%20%E6%9D%B1%E4%BA%AC%E9%83%BD%E6%B8%8B%E8%B0%B7%E5%8C%BA%E6%9D%B13-21-1%20%E3%82%A2%E3%83%86%E3%82%A3%E3%83%A2%E3%83%B3%E3%83%88%E6%81%B5%E6%AF%94%E5%AF%BF%E3%83%93%E3%83%AB%202F,2023,カレー TOKYO,curry_tokyo,発表日：2023年10月10日
ムルギー,東京都渋谷区道玄坂2-19-2,食べログ カレー TOKYO 百名店 2023,https://tabelog.com/tokyo/A1303/A130301/13001732/,https://www.google.com/maps/search/?api=1&query=%E3%83%A0%E3%83%AB%E3%82%AE%E3%83%BC%20%E6%9D%B1%E4%BA%AC%E9%83%BD%E6%B8%8B%E8%B0%B7%E5%8C%BA%E9%81%93%E7%8E%84%E5%9D%822-19-2,2023,カレー TOKYO,curry_tokyo,発表日：2023年10月10日
パンチマハル,東京都千代田区神田神保町1-64-2 野間ビル,食べログ カレー TOKYO 百名店 2023,https://tabelog.com/tokyo/A1310/A131003/13026681/,https://www.google.com/maps/search/?api=1&query=%E3%83%91%E3%83%B3%E3%83%81%E3%83%9E%E3%83%8F%E3%83%AB%20%E6%9D%B1%E4%BA%AC%E9%83%BD%E5%8D%83%E4%BB%A3%E7%94%B0%E5%8C%BA%E7%A5%9E%E7%94%B0%E7%A5%9E%E4%BF%9D%E7%94%BA1-64-2%20%E9%87%8E%E9%96%93%E3%83%93%E3%83%AB,2023,カレー TOKYO,curry_tokyo,発表日：2023年10月10日
エチオピアカリーキッチン 御茶ノ水ソラシティ店,東京都千代田区神田駿河台4-6 御茶ノ水ソラシティ B1F,食べログ カレー TOKYO 百名店 2023,https://tabelog.com/tokyo/A1310/A131002/13154753/,https://www.google.com/maps/search/?api=1&query=%E3%82%A8%E3%83%81%E3%82%AA%E3%83%94%E3%82%A2%E3%82%AB%E3%83%AA%E3%83%BC%E3%82%AD%E3%83%83%E3%83%81%E3%83%B3%20%E5%BE%A1%E8%8C%B6%E3%83%8E%E6%B0%B4%E3%82%BD%E3%83%A9%E3%82%B7%E3%83%86%E3%82%A3%E5%BA%97%20%E6%9D%B1%E4%BA%AC%E9%83%BD%E5%8D%83%E4%BB%A3%E7%94%B0%E5%8C%BA%E7%A5%9E%E7%94%B0%E9%A7%BF%E6%B2%B3%E5%8F%B04-6%20%E5%BE%A1%E8%8C%B6%E3%83%8E%E6%B0%B4%E3%82%BD%E3%83%A9%E3%82%B7%E3%83%86%E3%82%A3%20B1F,2023,カレー TOKYO,curry_tokyo,発表日：2023年10月10日
CURRY SHOP くじら 高円寺,東京都杉並区高円寺北3-22-8 大一市場 1Ｆ,食べログ カレー TOKYO 百名店 2023,https://tabelog.com/tokyo/A1319/A131904/13149528/,https://www.google.com/maps/search/?api=1&query=CURRY%20SHOP%20%E3%81%8F%E3%81%98%E3%82%89%20%E9%AB%98%E5%86%86%E5%AF%BA%20%E6%9D%B1%E4%BA%AC%E9%83%BD%E6%9D%89%E4%B8%A6%E5%8C%BA%E9%AB%98%E5%86%86%E5%AF%BA%E5%8C%973-22-8%20%E5%A4%A7%E4%B8%80%E5%B8%82%E5%A0%B4%201%EF%BC%A6,2023,カレー TOKYO,curry_tokyo,発表日：2023年10月10日
スマトラカレー 共栄堂,東京都千代田区神田神保町1-6 神保町サンビルディング Ｂ１,食べログ カレー TOKYO 百名店 2023,https://tabelog.com/tokyo/A1310/A131003/13000596/,https://www.google.com/maps/search/?api=1&query=%E3%82%B9%E3%83%9E%E3%83%88%E3%83%A9%E3%82%AB%E3%83%AC%E3%83%BC%20%E5%85%B1%E6%A0%84%E5%A0%82%20%E6%9D%B1%E4%BA%AC%E9%83%BD%E5%8D%83%E4%BB%A3%E7%94%B0%E5%8C%BA%E7%A5%9E%E7%94%B0%E7%A5%9E%E4%BF%9D%E7%94%BA1-6%20%E7%A5%9E%E4%BF%9D%E7%94%BA%E3%82%B5%E3%83%B3%E3%83%93%E3%83%AB%E3%83%87%E3%82%A3%E3%83%B3%E3%82%B0%20%EF%BC%A2%EF%BC%91,2023,カレー TOKYO,curry_tokyo,発表日：2023年10月10日
欧風カレー ボンディ 神保町本店,東京都千代田区神田神保町2-3 神田古書センター ２Ｆ,食べログ カレー TOKYO 百名店 2023,https://tabelog.com/tokyo/A1310/A131003/13000439/,https://www.google.com/maps/search/?api=1&query=%E6%AC%A7%E9%A2%A8%E3%82%AB%E3%83%AC%E3%83%BC%20%E3%83%9C%E3%83%B3%E3%83%87%E3%82%A3%20%E7%A5%9E%E4%BF%9D%E7%94%BA%E6%9C%AC%E5%BA%97%20%E6%9D%B1%E4%BA%AC%E9%83%BD%E5%8D%83%E4%BB%A3%E7%94%B0%E5%8C%BA%E7%A5%9E%E7%94%B0%E7%A5%9E%E4%BF%9D%E7%94%BA2-3%20%E7%A5%9E%E7%94%B0%E5%8F%A4%E6%9B%B8%E3%82%BB%E3%83%B3%E3%82%BF%E3%83%BC%20%EF%BC%92%EF%BC%A6,2023,カレー TOKYO,curry_tokyo,発表日：2023年10月10日
ムーンボウ,東京都渋谷区代々木2-30-4 ヨシダペアランドＢ　１０２,食べログ カレー TOKYO 百名店 2023,https://tabelog.com/tokyo/A1304/A130403/13006570/,https://www.google.com/maps/search/?api=1&query=%E3%83%A0%E3%83%BC%E3%83%B3%E3%83%9C%E3%82%A6%20%E6%9D%B1%E4%BA%AC%E9%83%BD%E6%B8%8B%E8%B0%B7%E5%8C%BA%E4%BB%A3%E3%80%85%E6%9C%A82-30-4%20%E3%83%A8%E3%82%B7%E3%83%80%E3%83%9A%E3%82%A2%E3%83%A9%E3%83%B3%E3%83%89%EF%BC%A2%E3%80%80%EF%BC%91%EF%BC%90%EF%BC%92,2023,カレー TOKYO,curry_tokyo,発表日：2023年10月10日
まめ蔵,東京都武蔵野市吉祥寺本町2-18-15,食べログ カレー TOKYO 百名店 2023,https://tabelog.com/tokyo/A1320/A132001/13005789/,https://www.google.com/maps/search/?api=1&query=%E3%81%BE%E3%82%81%E8%94%B5%20%E6%9D%B1%E4%BA%AC%E9%83%BD%E6%AD%A6%E8%94%B5%E9%87%8E%E5%B8%82%E5%90%89%E7%A5%A5%E5%AF%BA%E6%9C%AC%E7%94%BA2-18-15,2023,カレー TOKYO,curry_tokyo,発表日：2023年10月10日
旧ヤム邸  シモキタ荘,東京都世田谷区代沢5-29-9 ナイスビル 1F,食べログ カレー TOKYO 百名店 2023,https://tabelog.com/tokyo/A1318/A131802/13211142/,https://www.google.com/maps/search/?api=1&query=%E6%97%A7%E3%83%A4%E3%83%A0%E9%82%B8%20%20%E3%82%B7%E3%83%A2%E3%82%AD%E3%82%BF%E8%8D%98%20%E6%9D%B1%E4%BA%AC%E9%83%BD%E4%B8%96%E7%94%B0%E8%B0%B7%E5%8C%BA%E4%BB%A3%E6%B2%A25-29-9%20%E3%83%8A%E3%82%A4%E3%82%B9%E3%83%93%E3%83%AB%201F,2023,カレー TOKYO,curry_tokyo,発表日：2023年10月10日
マリーアイランガニー,東京都渋谷区宇田川町34-6 M&Iビル 5F,食べログ カレー TOKYO 百名店 2023,https://tabelog.com/tokyo/A1303/A130301/13166471/,https://www.google.com/maps/search/?api=1&query=%E3%83%9E%E3%83%AA%E3%83%BC%E3%82%A2%E3%82%A4%E3%83%A9%E3%83%B3%E3%82%AC%E3%83%8B%E3%83%BC%20%E6%9D%B1%E4%BA%AC%E9%83%BD%E6%B8%8B%E8%B0%B7%E5%8C%BA%E5%AE%87%E7%94%B0%E5%B7%9D%E7%94%BA34-6%20M%26I%E3%83%93%E3%83%AB%205F,2023,カレー TOKYO,curry_tokyo,発表日：2023年10月10日
本石亭,東京都中央区日本橋本石町4-4-16,食べログ カレー TOKYO 百名店 2023,https://tabelog.com/tokyo/A1302/A130202/13046781/,https://www.google.com/maps/search/?api=1&query=%E6%9C%AC%E7%9F%B3%E4%BA%AD%20%E6%9D%B1%E4%BA%AC%E9%83%BD%E4%B8%AD%E5%A4%AE%E5%8C%BA%E6%97%A5%E6%9C%AC%E6%A9%8B%E6%9C%AC%E7%9F%B3%E7%94%BA4-4-16,2023,カレー TOKYO,curry_tokyo,発表日：2023年10月10日
オイシイカレー,東京都世田谷区北沢2-27-10,食べログ カレー TOKYO 百名店 2023,https://tabelog.com/tokyo/A1318/A131802/13258223/,https://www.google.com/maps/search/?api=1&query=%E3%82%AA%E3%82%A4%E3%82%B7%E3%82%A4%E3%82%AB%E3%83%AC%E3%83%BC%20%E6%9D%B1%E4%BA%AC%E9%83%BD%E4%B8%96%E7%94%B0%E8%B0%B7%E5%8C%BA%E5%8C%97%E6%B2%A22-27-10,2023,カレー TOKYO,curry_tokyo,発表日：2023年10月10日
カリカル 新橋本店,東京都港区新橋2-20-15 新橋駅前ビル1号館 B1F,食べログ カレー TOKYO 百名店 2023,https://tabelog.com/tokyo/A1301/A130103/13013413/,https://www.google.com/maps/search/?api=1&query=%E3%82%AB%E3%83%AA%E3%82%AB%E3%83%AB%20%E6%96%B0%E6%A9%8B%E6%9C%AC%E5%BA%97%20%E6%9D%B1%E4%BA%AC%E9%83%BD%E6%B8%AF%E5%8C%BA%E6%96%B0%E6%A9%8B2-20-15%20%E6%96%B0%E6%A9%8B%E9%A7%85%E5%89%8D%E3%83%93%E3%83%AB1%E5%8F%B7%E9%A4%A8%20B1F,2023,カレー TOKYO,curry_tokyo,発表日：2023年10月10日
Kalpasi,東京都世田谷区経堂4-3-10 1F,食べログ カレー TOKYO 百名店 2023,https://tabelog.com/tokyo/A1318/A131813/13202529/,https://www.google.com/maps/search/?api=1&query=Kalpasi%20%E6%9D%B1%E4%BA%AC%E9%83%BD%E4%B8%96%E7%94%B0%E8%B0%B7%E5%8C%BA%E7%B5%8C%E5%A0%824-3-10%201F,2023,カレー TOKYO,curry_tokyo,発表日：2023年10月10日
ビートイート,東京都世田谷区喜多見9-2-18 喜多見城和ハイツ B1F,食べログ カレー TOKYO 百名店 2023,https://tabelog.com/tokyo/A1318/A131814/13196455/,https://www.google.com/maps/search/?api=1&query=%E3%83%93%E3%83%BC%E3%83%88%E3%82%A4%E3%83%BC%E3%83%88%20%E6%9D%B1%E4%BA%AC%E9%83%BD%E4%B8%96%E7%94%B0%E8%B0%B7%E5%8C%BA%E5%96%9C%E5%A4%9A%E8%A6%8B9-2-18%20%E5%96%9C%E5%A4%9A%E8%A6%8B%E5%9F%8E%E5%92%8C%E3%83%8F%E3%82%A4%E3%83%84%20B1F,2023,カレー TOKYO,curry_tokyo,発表日：2023年10月10日
カレー食堂 リトルスパイス,東京都武蔵野市吉祥寺本町2-14-1 山田ビル　２Ｆ,食べログ カレー TOKYO 百名店 2023,https://tabelog.com/tokyo/A1320/A132001/13009943/,https://www.google.com/maps/search/?api=1&query=%E3%82%AB%E3%83%AC%E3%83%BC%E9%A3%9F%E5%A0%82%20%E3%83%AA%E3%83%88%E3%83%AB%E3%82%B9%E3%83%91%E3%82%A4%E3%82%B9%20%E6%9D%B1%E4%BA%AC%E9%83%BD%E6%AD%A6%E8%94%B5%E9%87%8E%E5%B8%82%E5%90%89%E7%A5%A5%E5%AF%BA%E6%9C%AC%E7%94%BA2-14-1%20%E5%B1%B1%E7%94%B0%E3%83%93%E3%83%AB%E3%80%80%EF%BC%92%EF%BC%A6,2023,カレー TOKYO,curry_tokyo,発表日：2023年10月10日
きんもち,東京都新宿区西新宿3-9-1 西新宿ティーオービル 1F,食べログ カレー TOKYO 百名店 2023,https://tabelog.com/tokyo/A1318/A131807/13009223/,https://www.google.com/maps/search/?api=1&query=%E3%81%8D%E3%82%93%E3%82%82%E3%81%A1%20%E6%9D%B1%E4%BA%AC%E9%83%BD%E6%96%B0%E5%AE%BF%E5%8C%BA%E8%A5%BF%E6%96%B0%E5%AE%BF3-9-1%20%E8%A5%BF%E6%96%B0%E5%AE%BF%E3%83%86%E3%82%A3%E3%83%BC%E3%82%AA%E3%83%BC%E3%83%93%E3%83%AB%201F,2023,カレー TOKYO,curry_tokyo,発表日：2023年10月10日
カレーショップ初恋,東京都渋谷区道玄坂1-17-11 ミナミビル B1F,食べログ カレー TOKYO 百名店 2023,https://tabelog.com/tokyo/A1303/A130301/13240190/,https://www.google.com/maps/search/?api=1&query=%E3%82%AB%E3%83%AC%E3%83%BC%E3%82%B7%E3%83%A7%E3%83%83%E3%83%97%E5%88%9D%E6%81%8B%20%E6%9D%B1%E4%BA%AC%E9%83%BD%E6%B8%8B%E8%B0%B7%E5%8C%BA%E9%81%93%E7%8E%84%E5%9D%821-17-11%20%E3%83%9F%E3%83%8A%E3%83%9F%E3%83%93%E3%83%AB%20B1F,2023,カレー TOKYO,curry_tokyo,発表日：2023年10月10日
ハルダモンカレー,東京都渋谷区上原1-33-12 ちとせビル 1F,食べログ カレー TOKYO 百名店 2023,https://tabelog.com/tokyo/A1318/A131811/13234284/,https://www.google.com/maps/search/?api=1&query=%E3%83%8F%E3%83%AB%E3%83%80%E3%83%A2%E3%83%B3%E3%82%AB%E3%83%AC%E3%83%BC%20%E6%9D%B1%E4%BA%AC%E9%83%BD%E6%B8%8B%E8%B0%B7%E5%8C%BA%E4%B8%8A%E5%8E%9F1-33-12%20%E3%81%A1%E3%81%A8%E3%81%9B%E3%83%93%E3%83%AB%201F,2023,カレー TOKYO,curry_tokyo,発表日：2023年10月10日
札幌ドミニカ 銀座店,東京都中央区京橋3-4-1 ＴＭ銀座ビル　２Ｆ,食べログ カレー TOKYO 百名店 2023,https://tabelog.com/tokyo/A1302/A130202/13025381/,https://www.google.com/maps/search/?api=1&query=%E6%9C%AD%E5%B9%8C%E3%83%89%E3%83%9F%E3%83%8B%E3%82%AB%20%E9%8A%80%E5%BA%A7%E5%BA%97%20%E6%9D%B1%E4%BA%AC%E9%83%BD%E4%B8%AD%E5%A4%AE%E5%8C%BA%E4%BA%AC%E6%A9%8B3-4-1%20%EF%BC%B4%EF%BC%AD%E9%8A%80%E5%BA%A7%E3%83%93%E3%83%AB%E3%80%80%EF%BC%92%EF%BC%A6,2023,カレー TOKYO,curry_tokyo,発表日：2023年10月10日
エチオピアカリーキッチン 高田馬場店,東京都新宿区西早稲田3-28-1 ミスミビル　１Ｆ,食べログ カレー TOKYO 百名店 2023,https://tabelog.com/tokyo/A1305/A130503/13006165/,https://www.google.com/maps/search/?api=1&query=%E3%82%A8%E3%83%81%E3%82%AA%E3%83%94%E3%82%A2%E3%82%AB%E3%83%AA%E3%83%BC%E3%82%AD%E3%83%83%E3%83%81%E3%83%B3%20%E9%AB%98%E7%94%B0%E9%A6%AC%E5%A0%B4%E5%BA%97%20%E6%9D%B1%E4%BA%AC%E9%83%BD%E6%96%B0%E5%AE%BF%E5%8C%BA%E8%A5%BF%E6%97%A9%E7%A8%B2%E7%94%B03-28-1%20%E3%83%9F%E3%82%B9%E3%83%9F%E3%83%93%E3%83%AB%E3%80%80%EF%BC%91%EF%BC%A6,2023,カレー TOKYO,curry_tokyo,発表日：2023年10月10日
プティフ・ア・ラ・カンパーニュ,東京都千代田区一番町8-13 日興ロイヤルパレス一番町　１Ｆ,食べログ カレー TOKYO 百名店 2023,https://tabelog.com/tokyo/A1308/A130803/13000254/,https://www.google.com/maps/search/?api=1&query=%E3%83%97%E3%83%86%E3%82%A3%E3%83%95%E3%83%BB%E3%82%A2%E3%83%BB%E3%83%A9%E3%83%BB%E3%82%AB%E3%83%B3%E3%83%91%E3%83%BC%E3%83%8B%E3%83%A5%20%E6%9D%B1%E4%BA%AC%E9%83%BD%E5%8D%83%E4%BB%A3%E7%94%B0%E5%8C%BA%E4%B8%80%E7%95%AA%E7%94%BA8-13%20%E6%97%A5%E8%88%88%E3%83%AD%E3%82%A4%E3%83%A4%E3%83%AB%E3%83%91%E3%83%AC%E3%82%B9%E4%B8%80%E7%95%AA%E7%94%BA%E3%80%80%EF%BC%91%EF%BC%A6,2023,カレー TOKYO,curry_tokyo,発表日：2023年10月10日
牛すじカレー 小さなカレー家,東京都新宿区百人町1-24-10,食べログ カレー TOKYO 百名店 2023,https://tabelog.com/tokyo/A1304/A130404/13048031/,https://www.google.com/maps/search/?api=1&query=%E7%89%9B%E3%81%99%E3%81%98%E3%82%AB%E3%83%AC%E3%83%BC%20%E5%B0%8F%E3%81%95%E3%81%AA%E3%82%AB%E3%83%AC%E3%83%BC%E5%AE%B6%20%E6%9D%B1%E4%BA%AC%E9%83%BD%E6%96%B0%E5%AE%BF%E5%8C%BA%E7%99%BE%E4%BA%BA%E7%94%BA1-24-10,2023,カレー TOKYO,curry_tokyo,発表日：2023年10月10日
ライスカレー まんてん,東京都千代田区神田神保町1-54,食べログ カレー TOKYO 百名店 2023,https://tabelog.com/tokyo/A1310/A131003/13000603/,https://www.google.com/maps/search/?api=1&query=%E3%83%A9%E3%82%A4%E3%82%B9%E3%82%AB%E3%83%AC%E3%83%BC%20%E3%81%BE%E3%82%93%E3%81%A6%E3%82%93%20%E6%9D%B1%E4%BA%AC%E9%83%BD%E5%8D%83%E4%BB%A3%E7%94%B0%E5%8C%BA%E7%A5%9E%E7%94%B0%E7%A5%9E%E4%BF%9D%E7%94%BA1-54,2023,カレー TOKYO,curry_tokyo,発表日：2023年10月10日
とんかつ檍のカレー屋 いっぺこっぺ 蒲田本店,東京都大田区蒲田5-43-7,食べログ カレー TOKYO 百名店 2023,https://tabelog.com/tokyo/A1315/A131503/13178494/,https://www.google.com/maps/search/?api=1&query=%E3%81%A8%E3%82%93%E3%81%8B%E3%81%A4%E6%AA%8D%E3%81%AE%E3%82%AB%E3%83%AC%E3%83%BC%E5%B1%8B%20%E3%81%84%E3%81%A3%E3%81%BA%E3%81%93%E3%81%A3%E3%81%BA%20%E8%92%B2%E7%94%B0%E6%9C%AC%E5%BA%97%20%E6%9D%B1%E4%BA%AC%E9%83%BD%E5%A4%A7%E7%94%B0%E5%8C%BA%E8%92%B2%E7%94%B05-43-7,2023,カレー TOKYO,curry_tokyo,発表日：2023年10月10日
カリーアップ,東京都渋谷区神宮前2-35-9 原宿リビン 105,食べログ カレー TOKYO 百名店 2023,https://tabelog.com/tokyo/A1306/A130601/13103835/,https://www.google.com/maps/search/?api=1&query=%E3%82%AB%E3%83%AA%E3%83%BC%E3%82%A2%E3%83%83%E3%83%97%20%E6%9D%B1%E4%BA%AC%E9%83%BD%E6%B8%8B%E8%B0%B7%E5%8C%BA%E7%A5%9E%E5%AE%AE%E5%89%8D2-35-9%20%E5%8E%9F%E5%AE%BF%E3%83%AA%E3%83%93%E3%83%B3%20105,2023,カレー TOKYO,curry_tokyo,発表日：2023年10月10日
ヘンドリクス カリー バー,東京都渋谷区神宮前2-13-2 ユハラアネックスビル　１Ｆ,食べログ カレー TOKYO 百名店 2023,https://tabelog.com/tokyo/A1309/A130901/13007422/,https://www.google.com/maps/search/?api=1&query=%E3%83%98%E3%83%B3%E3%83%89%E3%83%AA%E3%82%AF%E3%82%B9%20%E3%82%AB%E3%83%AA%E3%83%BC%20%E3%83%90%E3%83%BC%20%E6%9D%B1%E4%BA%AC%E9%83%BD%E6%B8%8B%E8%B0%B7%E5%8C%BA%E7%A5%9E%E5%AE%AE%E5%89%8D2-13-2%20%E3%83%A6%E3%83%8F%E3%83%A9%E3%82%A2%E3%83%8D%E3%83%83%E3%82%AF%E3%82%B9%E3%83%93%E3%83%AB%E3%80%80%EF%BC%91%EF%BC%A6,2023,カレー TOKYO,curry_tokyo,発表日：2023年10月10日
火星カレー,東京都豊島区西池袋3-27-3 S&Kビル B1F,食べログ カレー TOKYO 百名店 2023,https://tabelog.com/tokyo/A1305/A130501/13170490/,https://www.google.com/maps/search/?api=1&query=%E7%81%AB%E6%98%9F%E3%82%AB%E3%83%AC%E3%83%BC%20%E6%9D%B1%E4%BA%AC%E9%83%BD%E8%B1%8A%E5%B3%B6%E5%8C%BA%E8%A5%BF%E6%B1%A0%E8%A2%8B3-27-3%20S%26K%E3%83%93%E3%83%AB%20B1F,2023,カレー TOKYO,curry_tokyo,発表日：2023年10月10日
ザ・カリ,東京都港区新橋5-31-7 中村ビル １Ｆ,食べログ カレー TOKYO 百名店 2023,https://tabelog.com/tokyo/A1301/A130103/13007129/,https://www.google.com/maps/search/?api=1&query=%E3%82%B6%E3%83%BB%E3%82%AB%E3%83%AA%20%E6%9D%B1%E4%BA%AC%E9%83%BD%E6%B8%AF%E5%8C%BA%E6%96%B0%E6%A9%8B5-31-7%20%E4%B8%AD%E6%9D%91%E3%83%93%E3%83%AB%20%EF%BC%91%EF%BC%A6,2023,カレー TOKYO,curry_tokyo,発表日：2023年10月10日
カレーの店 プーさん,東京都小金井市前原町3-40-27,食べログ カレー TOKYO 百名店 2023,https://tabelog.com/tokyo/A1325/A132501/13005962/,https://www.google.com/maps/search/?api=1&query=%E3%82%AB%E3%83%AC%E3%83%BC%E3%81%AE%E5%BA%97%20%E3%83%97%E3%83%BC%E3%81%95%E3%82%93%20%E6%9D%B1%E4%BA%AC%E9%83%BD%E5%B0%8F%E9%87%91%E4%BA%95%E5%B8%82%E5%89%8D%E5%8E%9F%E7%94%BA3-40-27,2023,カレー TOKYO,curry_tokyo,発表日：2023年10月10日
ホットスプーン 五反田店,東京都品川区東五反田1-14-8 KCビル 1F,食べログ カレー TOKYO 百名店 2023,https://tabelog.com/tokyo/A1316/A131603/13024328/,https://www.google.com/maps/search/?api=1&query=%E3%83%9B%E3%83%83%E3%83%88%E3%82%B9%E3%83%97%E3%83%BC%E3%83%B3%20%E4%BA%94%E5%8F%8D%E7%94%B0%E5%BA%97%20%E6%9D%B1%E4%BA%AC%E9%83%BD%E5%93%81%E5%B7%9D%E5%8C%BA%E6%9D%B1%E4%BA%94%E5%8F%8D%E7%94%B01-14-8%20KC%E3%83%93%E3%83%AB%201F,2023,カレー TOKYO,curry_tokyo,発表日：2023年10月10日
３丁目のカレー屋さん,東京都中央区京橋3-9-9 ウィンド京橋ビル B1F,食べログ カレー TOKYO 百名店 2023,https://tabelog.com/tokyo/A1302/A130202/13025962/,https://www.google.com/maps/search/?api=1&query=%EF%BC%93%E4%B8%81%E7%9B%AE%E3%81%AE%E3%82%AB%E3%83%AC%E3%83%BC%E5%B1%8B%E3%81%95%E3%82%93%20%E6%9D%B1%E4%BA%AC%E9%83%BD%E4%B8%AD%E5%A4%AE%E5%8C%BA%E4%BA%AC%E6%A9%8B3-9-9%20%E3%82%A6%E3%82%A3%E3%83%B3%E3%83%89%E4%BA%AC%E6%A9%8B%E3%83%93%E3%83%AB%20B1F,2023,カレー TOKYO,curry_tokyo,発表日：2023年10月10日
キッチン アンド カリー,東京都世田谷区羽根木1-21-24 亀甲新い52,食べログ カレー TOKYO 百名店 2023,https://tabelog.com/tokyo/A1318/A131803/13224066/,https://www.google.com/maps/search/?api=1&query=%E3%82%AD%E3%83%83%E3%83%81%E3%83%B3%20%E3%82%A2%E3%83%B3%E3%83%89%20%E3%82%AB%E3%83%AA%E3%83%BC%20%E6%9D%B1%E4%BA%AC%E9%83%BD%E4%B8%96%E7%94%B0%E8%B0%B7%E5%8C%BA%E7%BE%BD%E6%A0%B9%E6%9C%A81-21-24%20%E4%BA%80%E7%94%B2%E6%96%B0%E3%81%8452,2023,カレー TOKYO,curry_tokyo,発表日：2023年10月10日
ストーン,東京都台東区浅草橋1-10-12,食べログ カレー TOKYO 百名店 2023,https://tabelog.com/tokyo/A1311/A131103/13031461/,https://www.google.com/maps/search/?api=1&query=%E3%82%B9%E3%83%88%E3%83%BC%E3%83%B3%20%E6%9D%B1%E4%BA%AC%E9%83%BD%E5%8F%B0%E6%9D%B1%E5%8C%BA%E6%B5%85%E8%8D%89%E6%A9%8B1-10-12,2023,カレー TOKYO,curry_tokyo,発表日：2023年10月10日
BLAKES for JOURNEY,東京都渋谷区神宮前2-20-13 神宮前TNビル 2F,食べログ カレー TOKYO 百名店 2023,https://tabelog.com/tokyo/A1306/A130601/13195491/,https://www.google.com/maps/search/?api=1&query=BLAKES%20for%20JOURNEY%20%E6%9D%B1%E4%BA%AC%E9%83%BD%E6%B8%8B%E8%B0%B7%E5%8C%BA%E7%A5%9E%E5%AE%AE%E5%89%8D2-20-13%20%E7%A5%9E%E5%AE%AE%E5%89%8DTN%E3%83%93%E3%83%AB%202F,2023,カレー TOKYO,curry_tokyo,発表日：2023年10月10日
ホールスパイスカレー青藍,東京都杉並区高円寺北2-41-15,食べログ カレー TOKYO 百名店 2023,https://tabelog.com/tokyo/A1319/A131904/13215450/,https://www.google.com/maps/search/?api=1&query=%E3%83%9B%E3%83%BC%E3%83%AB%E3%82%B9%E3%83%91%E3%82%A4%E3%82%B9%E3%82%AB%E3%83%AC%E3%83%BC%E9%9D%92%E8%97%8D%20%E6%9D%B1%E4%BA%AC%E9%83%BD%E6%9D%89%E4%B8%A6%E5%8C%BA%E9%AB%98%E5%86%86%E5%AF%BA%E5%8C%972-41-15,2023,カレー TOKYO,curry_tokyo,発表日：2023年10月10日
ベンガル,東京都千代田区外神田3-6-1 丸山ビル 1F,食べログ カレー TOKYO 百名店 2023,https://tabelog.com/tokyo/A1311/A131101/13006361/,https://www.google.com/maps/search/?api=1&query=%E3%83%99%E3%83%B3%E3%82%AC%E3%83%AB%20%E6%9D%B1%E4%BA%AC%E9%83%BD%E5%8D%83%E4%BB%A3%E7%94%B0%E5%8C%BA%E5%A4%96%E7%A5%9E%E7%94%B03-6-1%20%E4%B8%B8%E5%B1%B1%E3%83%93%E3%83%AB%201F,2023,カレー TOKYO,curry_tokyo,発表日：2023年10月10日
チャントーヤ ココナッツカリー,東京都千代田区神田小川町3-28-7 昇龍館ビル 1F,食べログ カレー TOKYO 百名店 2023,https://tabelog.com/tokyo/A1310/A131002/13131134/,https://www.google.com/maps/search/?api=1&query=%E3%83%81%E3%83%A3%E3%83%B3%E3%83%88%E3%83%BC%E3%83%A4%20%E3%82%B3%E3%82%B3%E3%83%8A%E3%83%83%E3%83%84%E3%82%AB%E3%83%AA%E3%83%BC%20%E6%9D%B1%E4%BA%AC%E9%83%BD%E5%8D%83%E4%BB%A3%E7%94%B0%E5%8C%BA%E7%A5%9E%E7%94%B0%E5%B0%8F%E5%B7%9D%E7%94%BA3-28-7%20%E6%98%87%E9%BE%8D%E9%A4%A8%E3%83%93%E3%83%AB%201F,2023,カレー TOKYO,curry_tokyo,発表日：2023年10月10日
Cuit Bonne,東京都中央区日本橋茅場町1-4-6 木村実業第２ビル B1F,食べログ カレー TOKYO 百名店 2023,https://tabelog.com/tokyo/A1302/A130203/13003029/,https://www.google.com/maps/search/?api=1&query=Cuit%20Bonne%20%E6%9D%B1%E4%BA%AC%E9%83%BD%E4%B8%AD%E5%A4%AE%E5%8C%BA%E6%97%A5%E6%9C%AC%E6%A9%8B%E8%8C%85%E5%A0%B4%E7%94%BA1-4-6%20%E6%9C%A8%E6%9D%91%E5%AE%9F%E6%A5%AD%E7%AC%AC%EF%BC%92%E3%83%93%E3%83%AB%20B1F,2023,カレー TOKYO,curry_tokyo,発表日：2023年10月10日
東京 京橋屋カレー,東京都中央区京橋3-4-3 千成ビル２F,食べログ カレー TOKYO 百名店 2023,https://tabelog.com/tokyo/A1302/A130202/13027104/,https://www.google.com/maps/search/?api=1&query=%E6%9D%B1%E4%BA%AC%20%E4%BA%AC%E6%A9%8B%E5%B1%8B%E3%82%AB%E3%83%AC%E3%83%BC%20%E6%9D%B1%E4%BA%AC%E9%83%BD%E4%B8%AD%E5%A4%AE%E5%8C%BA%E4%BA%AC%E6%A9%8B3-4-3%20%E5%8D%83%E6%88%90%E3%83%93%E3%83%AB%EF%BC%92F,2023,カレー TOKYO,curry_tokyo,発表日：2023年10月10日
イエローカンパニー 恵比寿本店,東京都渋谷区東3-14-19 オークヒルズ　１Ｆ,食べログ カレー TOKYO 百名店 2023,https://tabelog.com/tokyo/A1303/A130302/13014312/,https://www.google.com/maps/search/?api=1&query=%E3%82%A4%E3%82%A8%E3%83%AD%E3%83%BC%E3%82%AB%E3%83%B3%E3%83%91%E3%83%8B%E3%83%BC%20%E6%81%B5%E6%AF%94%E5%AF%BF%E6%9C%AC%E5%BA%97%20%E6%9D%B1%E4%BA%AC%E9%83%BD%E6%B8%8B%E8%B0%B7%E5%8C%BA%E6%9D%B13-14-19%20%E3%82%AA%E3%83%BC%E3%82%AF%E3%83%92%E3%83%AB%E3%82%BA%E3%80%80%EF%BC%91%EF%BC%A6,2023,カレー TOKYO,curry_tokyo,発表日：2023年10月10日
ブラウニー,東京都千代田区外神田3-7-9 サンビュー外神田　１Ｆ,食べログ カレー TOKYO 百名店 2023,https://tabelog.com/tokyo/A1311/A131101/13006343/,https://www.google.com/maps/search/?api=1&query=%E3%83%96%E3%83%A9%E3%82%A6%E3%83%8B%E3%83%BC%20%E6%9D%B1%E4%BA%AC%E9%83%BD%E5%8D%83%E4%BB%A3%E7%94%B0%E5%8C%BA%E5%A4%96%E7%A5%9E%E7%94%B03-7-9%20%E3%82%B5%E3%83%B3%E3%83%93%E3%83%A5%E3%83%BC%E5%A4%96%E7%A5%9E%E7%94%B0%E3%80%80%EF%BC%91%EF%BC%A6,2023,カレー TOKYO,curry_tokyo,発表日：2023年10月10日
ホンカトリー,東京都文京区湯島2-7-9,食べログ カレー TOKYO 百名店 2023,https://tabelog.com/tokyo/A1310/A131002/13210157/,https://www.google.com/maps/search/?api=1&query=%E3%83%9B%E3%83%B3%E3%82%AB%E3%83%88%E3%83%AA%E3%83%BC%20%E6%9D%B1%E4%BA%AC%E9%83%BD%E6%96%87%E4%BA%AC%E5%8C%BA%E6%B9%AF%E5%B3%B62-7-9,2023,カレー TOKYO,curry_tokyo,発表日：2023年10月10日
スパイスパレット,東京都台東区台東1-9-4 松浦ビル 2F,食べログ カレー TOKYO 百名店 2023,https://tabelog.com/tokyo/A1311/A131101/13240357/,https://www.google.com/maps/search/?api=1&query=%E3%82%B9%E3%83%91%E3%82%A4%E3%82%B9%E3%83%91%E3%83%AC%E3%83%83%E3%83%88%20%E6%9D%B1%E4%BA%AC%E9%83%BD%E5%8F%B0%E6%9D%B1%E5%8C%BA%E5%8F%B0%E6%9D%B11-9-4%20%E6%9D%BE%E6%B5%A6%E3%83%93%E3%83%AB%202F,2023,カレー TOKYO,curry_tokyo,発表日：2023年10月10日
ニューキャッスル,東京都中央区銀座2-11-1 銀座ランドビル Ｂ1Ｆ,食べログ カレー TOKYO 百名店 2023,https://tabelog.com/tokyo/A1301/A130101/13002424/,https://www.google.com/maps/search/?api=1&query=%E3%83%8B%E3%83%A5%E3%83%BC%E3%82%AD%E3%83%A3%E3%83%83%E3%82%B9%E3%83%AB%20%E6%9D%B1%E4%BA%AC%E9%83%BD%E4%B8%AD%E5%A4%AE%E5%8C%BA%E9%8A%80%E5%BA%A72-11-1%20%E9%8A%80%E5%BA%A7%E3%83%A9%E3%83%B3%E3%83%89%E3%83%93%E3%83%AB%20%EF%BC%A21%EF%BC%A6,2023,カレー TOKYO,curry_tokyo,発表日：2023年10月10日
ハブモアカレー,東京都渋谷区猿楽町2-13 F93 Daikanyama 1F,食べログ カレー TOKYO 百名店 2023,https://tabelog.com/tokyo/A1303/A130301/13254583/,https://www.google.com/maps/search/?api=1&query=%E3%83%8F%E3%83%96%E3%83%A2%E3%82%A2%E3%82%AB%E3%83%AC%E3%83%BC%20%E6%9D%B1%E4%BA%AC%E9%83%BD%E6%B8%8B%E8%B0%B7%E5%8C%BA%E7%8C%BF%E6%A5%BD%E7%94%BA2-13%20F93%20Daikanyama%201F,2023,カレー TOKYO,curry_tokyo,発表日：2023年10月10日
トマト,東京都杉並区荻窪5-20-7 吉田ビル 1F,食べログ カレー TOKYO 百名店 2023,https://tabelog.com/tokyo/A1319/A131906/13001113/,https://www.google.com/maps/search/?api=1&query=%E3%83%88%E3%83%9E%E3%83%88%20%E6%9D%B1%E4%BA%AC%E9%83%BD%E6%9D%89%E4%B8%A6%E5%8C%BA%E8%8D%BB%E7%AA%AA5-20-7%20%E5%90%89%E7%94%B0%E3%83%93%E3%83%AB%201F,2023,カレー TOKYO,curry_tokyo,発表日：2023年10月10日
けらら,東京都新宿区富久町16-14 シティフラット富久町　１０２,食べログ カレー TOKYO 百名店 2023,https://tabelog.com/tokyo/A1304/A130402/13006680/,https://www.google.com/maps/search/?api=1&query=%E3%81%91%E3%82%89%E3%82%89%20%E6%9D%B1%E4%BA%AC%E9%83%BD%E6%96%B0%E5%AE%BF%E5%8C%BA%E5%AF%8C%E4%B9%85%E7%94%BA16-14%20%E3%82%B7%E3%83%86%E3%82%A3%E3%83%95%E3%83%A9%E3%83%83%E3%83%88%E5%AF%8C%E4%B9%85%E7%94%BA%E3%80%80%EF%BC%91%EF%BC%90%EF%BC%92,2023,カレー TOKYO,curry_tokyo,発表日：2023年10月10日
カリガリ 秋葉原,東京都千代田区外神田3-6-9 沖村ビル 1F,食べログ カレー TOKYO 百名店 2023,https://tabelog.com/tokyo/A1311/A131101/13178599/,https://www.google.com/maps/search/?api=1&query=%E3%82%AB%E3%83%AA%E3%82%AC%E3%83%AA%20%E7%A7%8B%E8%91%89%E5%8E%9F%20%E6%9D%B1%E4%BA%AC%E9%83%BD%E5%8D%83%E4%BB%A3%E7%94%B0%E5%8C%BA%E5%A4%96%E7%A5%9E%E7%94%B03-6-9%20%E6%B2%96%E6%9D%91%E3%83%93%E3%83%AB%201F,2023,カレー TOKYO,curry_tokyo,発表日：2023年10月10日
ジンコック,東京都千代田区神田須田町1-2-3 山勝ビル 1F,食べログ カレー TOKYO 百名店 2023,https://tabelog.com/tokyo/A1310/A131002/13102075/,https://www.google.com/maps/search/?api=1&query=%E3%82%B8%E3%83%B3%E3%82%B3%E3%83%83%E3%82%AF%20%E6%9D%B1%E4%BA%AC%E9%83%BD%E5%8D%83%E4%BB%A3%E7%94%B0%E5%8C%BA%E7%A5%9E%E7%94%B0%E9%A0%88%E7%94%B0%E7%94%BA1-2-3%20%E5%B1%B1%E5%8B%9D%E3%83%93%E3%83%AB%201F,2023,カレー TOKYO,curry_tokyo,発表日：2023年10月10日
東京ドミニカ,東京都新宿区新宿3-31-1 第２大伸ビルB1F,食べログ カレー TOKYO 百名店 2023,https://tabelog.com/tokyo/A1304/A130401/13124113/,https://www.google.com/maps/search/?api=1&query=%E6%9D%B1%E4%BA%AC%E3%83%89%E3%83%9F%E3%83%8B%E3%82%AB%20%E6%9D%B1%E4%BA%AC%E9%83%BD%E6%96%B0%E5%AE%BF%E5%8C%BA%E6%96%B0%E5%AE%BF3-31-1%20%E7%AC%AC%EF%BC%92%E5%A4%A7%E4%BC%B8%E3%83%93%E3%83%ABB1F,2023,カレー TOKYO,curry_tokyo,発表日：2023年10月10日
MOKUBAZA,東京都渋谷区神宮前2-28-12 １Ｆ,食べログ カレー TOKYO 百名店 2023,https://tabelog.com/tokyo/A1309/A130901/13154685/,https://www.google.com/maps/search/?api=1&query=MOKUBAZA%20%E6%9D%B1%E4%BA%AC%E9%83%BD%E6%B8%8B%E8%B0%B7%E5%8C%BA%E7%A5%9E%E5%AE%AE%E5%89%8D2-28-12%20%EF%BC%91%EF%BC%A6,2023,カレー TOKYO,curry_tokyo,発表日：2023年10月10日
ロダン,東京都中央区八丁堀3-8-4,食べログ カレー TOKYO 百名店 2023,https://tabelog.com/tokyo/A1302/A130203/13048485/,https://www.google.com/maps/search/?api=1&query=%E3%83%AD%E3%83%80%E3%83%B3%20%E6%9D%B1%E4%BA%AC%E9%83%BD%E4%B8%AD%E5%A4%AE%E5%8C%BA%E5%85%AB%E4%B8%81%E5%A0%803-8-4,2023,カレー TOKYO,curry_tokyo,発表日：2023年10月10日
カリー＆ワイン ビストロべっぴん舎 お茶の水店,東京都千代田区神田小川町3-10-1 駿台ビル 2F,食べログ カレー TOKYO 百名店 2023,https://tabelog.com/tokyo/A1310/A131002/13198751/,https://www.google.com/maps/search/?api=1&query=%E3%82%AB%E3%83%AA%E3%83%BC%EF%BC%86%E3%83%AF%E3%82%A4%E3%83%B3%20%E3%83%93%E3%82%B9%E3%83%88%E3%83%AD%E3%81%B9%E3%81%A3%E3%81%B4%E3%82%93%E8%88%8E%20%E3%81%8A%E8%8C%B6%E3%81%AE%E6%B0%B4%E5%BA%97%20%E6%9D%B1%E4%BA%AC%E9%83%BD%E5%8D%83%E4%BB%A3%E7%94%B0%E5%8C%BA%E7%A5%9E%E7%94%B0%E5%B0%8F%E5%B7%9D%E7%94%BA3-10-1%20%E9%A7%BF%E5%8F%B0%E3%83%93%E3%83%AB%202F,2023,カレー TOKYO,curry_tokyo,発表日：2023年10月10日
東京らっきょブラザーズ,東京都新宿区馬場下町61-9 山口ビル　１Ｆ,食べログ カレー TOKYO 百名店 2023,https://tabelog.com/tokyo/A1305/A130504/13040401/,https://www.google.com/maps/search/?api=1&query=%E6%9D%B1%E4%BA%AC%E3%82%89%E3%81%A3%E3%81%8D%E3%82%87%E3%83%96%E3%83%A9%E3%82%B6%E3%83%BC%E3%82%BA%20%E6%9D%B1%E4%BA%AC%E9%83%BD%E6%96%B0%E5%AE%BF%E5%8C%BA%E9%A6%AC%E5%A0%B4%E4%B8%8B%E7%94%BA61-9%20%E5%B1%B1%E5%8F%A3%E3%83%93%E3%83%AB%E3%80%80%EF%BC%91%EF%BC%A6,2023,カレー TOKYO,curry_tokyo,発表日：2023年10月10日
リッチなカレーの店 アサノ,東京都町田市原町田4-5-19 町田仲見世飲食街,食べログ カレー TOKYO 百名店 2023,https://tabelog.com/tokyo/A1327/A132701/13006035/,https://www.google.com/maps/search/?api=1&query=%E3%83%AA%E3%83%83%E3%83%81%E3%81%AA%E3%82%AB%E3%83%AC%E3%83%BC%E3%81%AE%E5%BA%97%20%E3%82%A2%E3%82%B5%E3%83%8E%20%E6%9D%B1%E4%BA%AC%E9%83%BD%E7%94%BA%E7%94%B0%E5%B8%82%E5%8E%9F%E7%94%BA%E7%94%B04-5-19%20%E7%94%BA%E7%94%B0%E4%BB%B2%E8%A6%8B%E4%B8%96%E9%A3%B2%E9%A3%9F%E8%A1%97,2023,カレー TOKYO,curry_tokyo,発表日：2023年10月10日
Curry Spice Gelateria KALPASI,東京都世田谷区北沢2-12-2 サウスウェーブ下北沢 1F,食べログ カレー TOKYO 百名店 2023,https://tabelog.com/tokyo/A1318/A131802/13247887/,https://www.google.com/maps/search/?api=1&query=Curry%20Spice%20Gelateria%20KALPASI%20%E6%9D%B1%E4%BA%AC%E9%83%BD%E4%B8%96%E7%94%B0%E8%B0%B7%E5%8C%BA%E5%8C%97%E6%B2%A22-12-2%20%E3%82%B5%E3%82%A6%E3%82%B9%E3%82%A6%E3%82%A7%E3%83%BC%E3%83%96%E4%B8%8B%E5%8C%97%E6%B2%A2%201F,2023,カレー TOKYO,curry_tokyo,発表日：2023年10月10日
ヨゴロウ,東京都渋谷区神宮前2-20-10 小松ビル 1F,食べログ カレー TOKYO 百名店 2023,https://tabelog.com/tokyo/A1306/A130601/13076645/,https://www.google.com/maps/search/?api=1&query=%E3%83%A8%E3%82%B4%E3%83%AD%E3%82%A6%20%E6%9D%B1%E4%BA%AC%E9%83%BD%E6%B8%8B%E8%B0%B7%E5%8C%BA%E7%A5%9E%E5%AE%AE%E5%89%8D2-20-10%20%E5%B0%8F%E6%9D%BE%E3%83%93%E3%83%AB%201F,2023,カレー TOKYO,curry_tokyo,発表日：2023年10月10日
スープカレー屋 鴻 神田駿河台店,東京都千代田区神田小川町3-10-18,食べログ カレー TOKYO 百名店 2023,https://tabelog.com/tokyo/A1310/A131003/13040204/,https://www.google.com/maps/search/?api=1&query=%E3%82%B9%E3%83%BC%E3%83%97%E3%82%AB%E3%83%AC%E3%83%BC%E5%B1%8B%20%E9%B4%BB%20%E7%A5%9E%E7%94%B0%E9%A7%BF%E6%B2%B3%E5%8F%B0%E5%BA%97%20%E6%9D%B1%E4%BA%AC%E9%83%BD%E5%8D%83%E4%BB%A3%E7%94%B0%E5%8C%BA%E7%A5%9E%E7%94%B0%E5%B0%8F%E5%B7%9D%E7%94%BA3-10-18,2023,カレー TOKYO,curry_tokyo,発表日：2023年10月10日
般゜若 PANNYA CAFE CURRY,東京都世田谷区北沢2-33-6 スズキビル1Ｆ,食べログ カレー TOKYO 百名店 2023,https://tabelog.com/tokyo/A1318/A131802/13215255/,https://www.google.com/maps/search/?api=1&query=%E8%88%AC%E3%82%9C%E8%8B%A5%20PANNYA%20CAFE%20CURRY%20%E6%9D%B1%E4%BA%AC%E9%83%BD%E4%B8%96%E7%94%B0%E8%B0%B7%E5%8C%BA%E5%8C%97%E6%B2%A22-33-6%20%E3%82%B9%E3%82%BA%E3%82%AD%E3%83%93%E3%83%AB1%EF%BC%A6,2023,カレー TOKYO,curry_tokyo,発表日：2023年10月10日
タイカリーピキヌー,東京都世田谷区駒沢1-4-10 サエキビル　１Ｆ,食べログ カレー TOKYO 百名店 2023,https://tabelog.com/tokyo/A1317/A131707/13001446/,https://www.google.com/maps/search/?api=1&query=%E3%82%BF%E3%82%A4%E3%82%AB%E3%83%AA%E3%83%BC%E3%83%94%E3%82%AD%E3%83%8C%E3%83%BC%20%E6%9D%B1%E4%BA%AC%E9%83%BD%E4%B8%96%E7%94%B0%E8%B0%B7%E5%8C%BA%E9%A7%92%E6%B2%A21-4-10%20%E3%82%B5%E3%82%A8%E3%82%AD%E3%83%93%E3%83%AB%E3%80%80%EF%BC%91%EF%BC%A6,2023,カレー TOKYO,curry_tokyo,発表日：2023年10月10日
ジャパニーズ スパイス カリー ワッカ,東京都中央区八丁堀2-19-7 庄司ビル 1F,食べログ カレー TOKYO 百名店 2023,https://tabelog.com/tokyo/A1302/A130203/13254664/,https://www.google.com/maps/search/?api=1&query=%E3%82%B8%E3%83%A3%E3%83%91%E3%83%8B%E3%83%BC%E3%82%BA%20%E3%82%B9%E3%83%91%E3%82%A4%E3%82%B9%20%E3%82%AB%E3%83%AA%E3%83%BC%20%E3%83%AF%E3%83%83%E3%82%AB%20%E6%9D%B1%E4%BA%AC%E9%83%BD%E4%B8%AD%E5%A4%AE%E5%8C%BA%E5%85%AB%E4%B8%81%E5%A0%802-19-7%20%E5%BA%84%E5%8F%B8%E3%83%93%E3%83%AB%201F,2023,カレー TOKYO,curry_tokyo,発表日：2023年10月10日
ヒナタ屋,東京都千代田区神田小川町3-10 振天堂ビル4Ｆ,食べログ カレー TOKYO 百名店 2023,https://tabelog.com/tokyo/A1310/A131002/13057210/,https://www.google.com/maps/search/?api=1&query=%E3%83%92%E3%83%8A%E3%82%BF%E5%B1%8B%20%E6%9D%B1%E4%BA%AC%E9%83%BD%E5%8D%83%E4%BB%A3%E7%94%B0%E5%8C%BA%E7%A5%9E%E7%94%B0%E5%B0%8F%E5%B7%9D%E7%94%BA3-10%20%E6%8C%AF%E5%A4%A9%E5%A0%82%E3%83%93%E3%83%AB4%EF%BC%A6,2023,カレー TOKYO,curry_tokyo,発表日：2023年10月10日
ラッフルズ カリー,東京都台東区台東4-29-10 第二さたけビル 1F,食べログ カレー TOKYO 百名店 2023,https://tabelog.com/tokyo/A1311/A131101/13033116/,https://www.google.com/maps/search/?api=1&query=%E3%83%A9%E3%83%83%E3%83%95%E3%83%AB%E3%82%BA%20%E3%82%AB%E3%83%AA%E3%83%BC%20%E6%9D%B1%E4%BA%AC%E9%83%BD%E5%8F%B0%E6%9D%B1%E5%8C%BA%E5%8F%B0%E6%9D%B14-29-10%20%E7%AC%AC%E4%BA%8C%E3%81%95%E3%81%9F%E3%81%91%E3%83%93%E3%83%AB%201F,2023,カレー TOKYO,curry_tokyo,発表日：2023年10月10日
エピタフカレー,東京都新宿区新宿3-7-5 第2シグマビル B1F,食べログ カレー TOKYO 百名店 2023,https://tabelog.com/tokyo/A1304/A130401/13246903/,https://www.google.com/maps/search/?api=1&query=%E3%82%A8%E3%83%94%E3%82%BF%E3%83%95%E3%82%AB%E3%83%AC%E3%83%BC%20%E6%9D%B1%E4%BA%AC%E9%83%BD%E6%96%B0%E5%AE%BF%E5%8C%BA%E6%96%B0%E5%AE%BF3-7-5%20%E7%AC%AC2%E3%82%B7%E3%82%B0%E3%83%9E%E3%83%93%E3%83%AB%20B1F,2023,カレー TOKYO,curry_tokyo,発表日：2023年10月10日
ポークビンダルー食べる副大統領,東京都渋谷区宇田川町41-26 パピエビル 2F,食べログ カレー TOKYO 百名店 2023,https://tabelog.com/tokyo/A1303/A130301/13235448/,https://www.google.com/maps/search/?api=1&query=%E3%83%9D%E3%83%BC%E3%82%AF%E3%83%93%E3%83%B3%E3%83%80%E3%83%AB%E3%83%BC%E9%A3%9F%E3%81%B9%E3%82%8B%E5%89%AF%E5%A4%A7%E7%B5%B1%E9%A0%98%20%E6%9D%B1%E4%BA%AC%E9%83%BD%E6%B8%8B%E8%B0%B7%E5%8C%BA%E5%AE%87%E7%94%B0%E5%B7%9D%E7%94%BA41-26%20%E3%83%91%E3%83%94%E3%82%A8%E3%83%93%E3%83%AB%202F,2023,カレー TOKYO,curry_tokyo,発表日：2023年10月10日
月と亀,東京都江東区新大橋3-7-3,食べログ カレー TOKYO 百名店 2023,https://tabelog.com/tokyo/A1312/A131201/13262828/,https://www.google.com/maps/search/?api=1&query=%E6%9C%88%E3%81%A8%E4%BA%80%20%E6%9D%B1%E4%BA%AC%E9%83%BD%E6%B1%9F%E6%9D%B1%E5%8C%BA%E6%96%B0%E5%A4%A7%E6%A9%8B3-7-3,2023,カレー TOKYO,curry_tokyo,発表日：2023年10月10日
マジックスパイス 東京下北沢店,東京都世田谷区北沢1-40-15 北沢ゴルフマンション 1F,食べログ カレー TOKYO 百名店 2023,https://tabelog.com/tokyo/A1318/A131802/13004603/,https://www.google.com/maps/search/?api=1&query=%E3%83%9E%E3%82%B8%E3%83%83%E3%82%AF%E3%82%B9%E3%83%91%E3%82%A4%E3%82%B9%20%E6%9D%B1%E4%BA%AC%E4%B8%8B%E5%8C%97%E6%B2%A2%E5%BA%97%20%E6%9D%B1%E4%BA%AC%E9%83%BD%E4%B8%96%E7%94%B0%E8%B0%B7%E5%8C%BA%E5%8C%97%E6%B2%A21-40-15%20%E5%8C%97%E6%B2%A2%E3%82%B4%E3%83%AB%E3%83%95%E3%83%9E%E3%83%B3%E3%82%B7%E3%83%A7%E3%83%B3%201F,2023,カレー TOKYO,curry_tokyo,発表日：2023年10月10日
東新宿 サンラサー,東京都新宿区新宿6-27-17 カノープス新宿 3Ｆ,食べログ カレー TOKYO 百名店 2023,https://tabelog.com/tokyo/A1304/A130401/13215551/,https://www.google.com/maps/search/?api=1&query=%E6%9D%B1%E6%96%B0%E5%AE%BF%20%E3%82%B5%E3%83%B3%E3%83%A9%E3%82%B5%E3%83%BC%20%E6%9D%B1%E4%BA%AC%E9%83%BD%E6%96%B0%E5%AE%BF%E5%8C%BA%E6%96%B0%E5%AE%BF6-27-17%20%E3%82%AB%E3%83%8E%E3%83%BC%E3%83%97%E3%82%B9%E6%96%B0%E5%AE%BF%203%EF%BC%A6,2023,カレー TOKYO,curry_tokyo,発表日：2023年10月10日
カレーの店 ガン爺,東京都港区西新橋2-13-1 2F,食べログ カレー TOKYO 百名店 2023,https://tabelog.com/tokyo/A1308/A130802/13226045/,https://www.google.com/maps/search/?api=1&query=%E3%82%AB%E3%83%AC%E3%83%BC%E3%81%AE%E5%BA%97%20%E3%82%AC%E3%83%B3%E7%88%BA%20%E6%9D%B1%E4%BA%AC%E9%83%BD%E6%B8%AF%E5%8C%BA%E8%A5%BF%E6%96%B0%E6%A9%8B2-13-1%202F,2023,カレー TOKYO,curry_tokyo,発表日：2023年10月10日
ガンジー,東京都新宿区新宿3-17-21 新三ビル 2F,食べログ カレー TOKYO 百名店 2023,https://tabelog.com/tokyo/A1304/A130401/13000880/,https://www.google.com/maps/search/?api=1&query=%E3%82%AC%E3%83%B3%E3%82%B8%E3%83%BC%20%E6%9D%B1%E4%BA%AC%E9%83%BD%E6%96%B0%E5%AE%BF%E5%8C%BA%E6%96%B0%E5%AE%BF3-17-21%20%E6%96%B0%E4%B8%89%E3%83%93%E3%83%AB%202F,2023,カレー TOKYO,curry_tokyo,発表日：2023年10月10日
フレンチカレー スプーン,東京都杉並区松庵3-38-19 リヴェール西荻　1F,食べログ カレー TOKYO 百名店 2023,https://tabelog.com/tokyo/A1319/A131907/13093699/,https://www.google.com/maps/search/?api=1&query=%E3%83%95%E3%83%AC%E3%83%B3%E3%83%81%E3%82%AB%E3%83%AC%E3%83%BC%20%E3%82%B9%E3%83%97%E3%83%BC%E3%83%B3%20%E6%9D%B1%E4%BA%AC%E9%83%BD%E6%9D%89%E4%B8%A6%E5%8C%BA%E6%9D%BE%E5%BA%B53-38-19%20%E3%83%AA%E3%83%B4%E3%82%A7%E3%83%BC%E3%83%AB%E8%A5%BF%E8%8D%BB%E3%80%801F,2023,カレー TOKYO,curry_tokyo,発表日：2023年10月10日
レインボウスパイス,東京都立川市柴崎町3-3-4 英ビル 1F,食べログ カレー TOKYO 百名店 2023,https://tabelog.com/tokyo/A1329/A132901/13147181/,https://www.google.com/maps/search/?api=1&query=%E3%83%AC%E3%82%A4%E3%83%B3%E3%83%9C%E3%82%A6%E3%82%B9%E3%83%91%E3%82%A4%E3%82%B9%20%E6%9D%B1%E4%BA%AC%E9%83%BD%E7%AB%8B%E5%B7%9D%E5%B8%82%E6%9F%B4%E5%B4%8E%E7%94%BA3-3-4%20%E8%8B%B1%E3%83%93%E3%83%AB%201F,2023,カレー TOKYO,curry_tokyo,発表日：2023年10月10日
BLOCK HOUSE 水曜カレー,東京都渋谷区神宮前6-12-9 BLOCK HOUSE 3F,食べログ カレー TOKYO 百名店 2023,https://tabelog.com/tokyo/A1306/A130601/13183182/,https://www.google.com/maps/search/?api=1&query=BLOCK%20HOUSE%20%E6%B0%B4%E6%9B%9C%E3%82%AB%E3%83%AC%E3%83%BC%20%E6%9D%B1%E4%BA%AC%E9%83%BD%E6%B8%8B%E8%B0%B7%E5%8C%BA%E7%A5%9E%E5%AE%AE%E5%89%8D6-12-9%20BLOCK%20HOUSE%203F,2023,カレー TOKYO,curry_tokyo,発表日：2023年10月10日
スパイシーカリーハウス 銀座半月,東京都中央区銀座6-4-15 銀座数寄屋橋ビル 1F,食べログ カレー TOKYO 百名店 2023,https://tabelog.com/tokyo/A1301/A130101/13246897/,https://www.google.com/maps/search/?api=1&query=%E3%82%B9%E3%83%91%E3%82%A4%E3%82%B7%E3%83%BC%E3%82%AB%E3%83%AA%E3%83%BC%E3%83%8F%E3%82%A6%E3%82%B9%20%E9%8A%80%E5%BA%A7%E5%8D%8A%E6%9C%88%20%E6%9D%B1%E4%BA%AC%E9%83%BD%E4%B8%AD%E5%A4%AE%E5%8C%BA%E9%8A%80%E5%BA%A76-4-15%20%E9%8A%80%E5%BA%A7%E6%95%B0%E5%AF%84%E5%B1%8B%E6%A9%8B%E3%83%93%E3%83%AB%201F,2023,カレー TOKYO,curry_tokyo,発表日：2023年10月10日
欧風カレー ソレイユ,東京都千代田区二番町11-20 グンショウ二番町ビル 1F,食べログ カレー TOKYO 百名店 2023,https://tabelog.com/tokyo/A1309/A130904/13164006/,https://www.google.com/maps/search/?api=1&query=%E6%AC%A7%E9%A2%A8%E3%82%AB%E3%83%AC%E3%83%BC%20%E3%82%BD%E3%83%AC%E3%82%A4%E3%83%A6%20%E6%9D%B1%E4%BA%AC%E9%83%BD%E5%8D%83%E4%BB%A3%E7%94%B0%E5%8C%BA%E4%BA%8C%E7%95%AA%E7%94%BA11-20%20%E3%82%B0%E3%83%B3%E3%82%B7%E3%83%A7%E3%82%A6%E4%BA%8C%E7%95%AA%E7%94%BA%E3%83%93%E3%83%AB%201F,2023,カレー TOKYO,curry_tokyo,発表日：2023年10月10日
カレーライス専門店 ブラザー,東京都新宿区高田馬場2-19-7 タックイレブン1Ｆ,食べログ カレー TOKYO 百名店 2023,https://tabelog.com/tokyo/A1305/A130503/13212319/,https://www.google.com/maps/search/?api=1&query=%E3%82%AB%E3%83%AC%E3%83%BC%E3%83%A9%E3%82%A4%E3%82%B9%E5%B0%82%E9%96%80%E5%BA%97%20%E3%83%96%E3%83%A9%E3%82%B6%E3%83%BC%20%E6%9D%B1%E4%BA%AC%E9%83%BD%E6%96%B0%E5%AE%BF%E5%8C%BA%E9%AB%98%E7%94%B0%E9%A6%AC%E5%A0%B42-19-7%20%E3%82%BF%E3%83%83%E3%82%AF%E3%82%A4%E3%83%AC%E3%83%96%E3%83%B31%EF%BC%A6,2023,カレー TOKYO,curry_tokyo,発表日：2023年10月10日
カレーノトリコ,東京都千代田区神田鍛冶町3-5 一八ビル 1F,食べログ カレー TOKYO 百名店 2023,https://tabelog.com/tokyo/A1310/A131002/13224725/,https://www.google.com/maps/search/?api=1&query=%E3%82%AB%E3%83%AC%E3%83%BC%E3%83%8E%E3%83%88%E3%83%AA%E3%82%B3%20%E6%9D%B1%E4%BA%AC%E9%83%BD%E5%8D%83%E4%BB%A3%E7%94%B0%E5%8C%BA%E7%A5%9E%E7%94%B0%E9%8D%9B%E5%86%B6%E7%94%BA3-5%20%E4%B8%80%E5%85%AB%E3%83%93%E3%83%AB%201F,2023,カレー TOKYO,curry_tokyo,発表日：2023年10月10日
カリーライス専門店エチオピア 本店,東京都千代田区神田小川町3-10-6,食べログ カレー TOKYO 百名店 2023,https://tabelog.com/tokyo/A1310/A131003/13000638/,https://www.google.com/maps/search/?api=1&query=%E3%82%AB%E3%83%AA%E3%83%BC%E3%83%A9%E3%82%A4%E3%82%B9%E5%B0%82%E9%96%80%E5%BA%97%E3%82%A8%E3%83%81%E3%82%AA%E3%83%94%E3%82%A2%20%E6%9C%AC%E5%BA%97%20%E6%9D%B1%E4%BA%AC%E9%83%BD%E5%8D%83%E4%BB%A3%E7%94%B0%E5%8C%BA%E7%A5%9E%E7%94%B0%E5%B0%8F%E5%B7%9D%E7%94%BA3-10-6,2023,カレー TOKYO,curry_tokyo,発表日：2023年10月10日
フィッシュ 新宿店,東京都新宿区西新宿7-5-6 新宿ダイカンプラザ756 2F,食べログ カレー TOKYO 百名店 2023,https://tabelog.com/tokyo/A1304/A130401/13222551/,https://www.google.com/maps/search/?api=1&query=%E3%83%95%E3%82%A3%E3%83%83%E3%82%B7%E3%83%A5%20%E6%96%B0%E5%AE%BF%E5%BA%97%20%E6%9D%B1%E4%BA%AC%E9%83%BD%E6%96%B0%E5%AE%BF%E5%8C%BA%E8%A5%BF%E6%96%B0%E5%AE%BF7-5-6%20%E6%96%B0%E5%AE%BF%E3%83%80%E3%82%A4%E3%82%AB%E3%83%B3%E3%83%97%E3%83%A9%E3%82%B6756%202F,2023,カレー TOKYO,curry_tokyo,発表日：2023年10月10日
かえる食堂,東京都豊島区池袋3-6-1 第2京花荘 1F,食べログ カレー TOKYO 百名店 2023,https://tabelog.com/tokyo/A1322/A132202/13030312/,https://www.google.com/maps/search/?api=1&query=%E3%81%8B%E3%81%88%E3%82%8B%E9%A3%9F%E5%A0%82%20%E6%9D%B1%E4%BA%AC%E9%83%BD%E8%B1%8A%E5%B3%B6%E5%8C%BA%E6%B1%A0%E8%A2%8B3-6-1%20%E7%AC%AC2%E4%BA%AC%E8%8A%B1%E8%8D%98%201F,2023,カレー TOKYO,curry_tokyo,発表日：2023年10月10日
かれーの店 うどん,東京都品川区西五反田2-31-5,食べログ カレー TOKYO 百名店 2023,https://tabelog.com/tokyo/A1316/A131603/13004531/,https://www.google.com/maps/search/?api=1&query=%E3%81%8B%E3%82%8C%E3%83%BC%E3%81%AE%E5%BA%97%20%E3%81%86%E3%81%A9%E3%82%93%20%E6%9D%B1%E4%BA%AC%E9%83%BD%E5%93%81%E5%B7%9D%E5%8C%BA%E8%A5%BF%E4%BA%94%E5%8F%8D%E7%94%B02-31-5,2023,カレー TOKYO,curry_tokyo,発表日：2023年10月10日
幸正,東京都港区新橋5-8-13,食べログ カレー TOKYO 百名店 2023,https://tabelog.com/tokyo/A1301/A130103/13201590/,https://www.google.com/maps/search/?api=1&query=%E5%B9%B8%E6%AD%A3%20%E6%9D%B1%E4%BA%AC%E9%83%BD%E6%B8%AF%E5%8C%BA%E6%96%B0%E6%A9%8B5-8-13,2023,カレー TOKYO,curry_tokyo,発表日：2023年10月10日
スパイスポスト,東京都渋谷区富ヶ谷1-52-2,食べログ カレー TOKYO 百名店 2023,https://tabelog.com/tokyo/A1318/A131810/13210691/,https://www.google.com/maps/search/?api=1&query=%E3%82%B9%E3%83%91%E3%82%A4%E3%82%B9%E3%83%9D%E3%82%B9%E3%83%88%20%E6%9D%B1%E4%BA%AC%E9%83%BD%E6%B8%8B%E8%B0%B7%E5%8C%BA%E5%AF%8C%E3%83%B6%E8%B0%B71-52-2,2023,カレー TOKYO,curry_tokyo,発表日：2023年10月10日
タケウチ 神保町本店,東京都千代田区神田神保町1-20-3 1F,食べログ カレー TOKYO 百名店 2023,https://tabelog.com/tokyo/A1310/A131003/13160882/,https://www.google.com/maps/search/?api=1&query=%E3%82%BF%E3%82%B1%E3%82%A6%E3%83%81%20%E7%A5%9E%E4%BF%9D%E7%94%BA%E6%9C%AC%E5%BA%97%20%E6%9D%B1%E4%BA%AC%E9%83%BD%E5%8D%83%E4%BB%A3%E7%94%B0%E5%8C%BA%E7%A5%9E%E7%94%B0%E7%A5%9E%E4%BF%9D%E7%94%BA1-20-3%201F,2023,カレー TOKYO,curry_tokyo,発表日：2023年10月10日
ガヴィアル,東京都千代田区神田神保町1-9 稲垣ビル 2Ｆ,食べログ カレー TOKYO 百名店 2023,https://tabelog.com/tokyo/A1310/A131003/13000358/,https://www.google.com/maps/search/?api=1&query=%E3%82%AC%E3%83%B4%E3%82%A3%E3%82%A2%E3%83%AB%20%E6%9D%B1%E4%BA%AC%E9%83%BD%E5%8D%83%E4%BB%A3%E7%94%B0%E5%8C%BA%E7%A5%9E%E7%94%B0%E7%A5%9E%E4%BF%9D%E7%94%BA1-9%20%E7%A8%B2%E5%9E%A3%E3%83%93%E3%83%AB%202%EF%BC%A6,2023,カレー TOKYO,curry_tokyo,発表日：2023年10月10日
デリー 上野店,東京都文京区湯島3-42-2,食べログ カレー TOKYO 百名店 2023,https://tabelog.com/tokyo/A1311/A131101/13003605/,https://www.google.com/maps/search/?api=1&query=%E3%83%87%E3%83%AA%E3%83%BC%20%E4%B8%8A%E9%87%8E%E5%BA%97%20%E6%9D%B1%E4%BA%AC%E9%83%BD%E6%96%87%E4%BA%AC%E5%8C%BA%E6%B9%AF%E5%B3%B63-42-2,2023,カレー TOKYO,curry_tokyo,発表日：2023年10月10日
アッチャカーナ,東京都世田谷区玉川3-17-1 玉川タカシマヤ 1F,食べログ カレー TOKYO 百名店 2023,https://tabelog.com/tokyo/A1317/A131708/13003136/,https://www.google.com/maps/search/?api=1&query=%E3%82%A2%E3%83%83%E3%83%81%E3%83%A3%E3%82%AB%E3%83%BC%E3%83%8A%20%E6%9D%B1%E4%BA%AC%E9%83%BD%E4%B8%96%E7%94%B0%E8%B0%B7%E5%8C%BA%E7%8E%89%E5%B7%9D3-17-1%20%E7%8E%89%E5%B7%9D%E3%82%BF%E3%82%AB%E3%82%B7%E3%83%9E%E3%83%A4%201F,2023,カレー TOKYO,curry_tokyo,発表日：2023年10月10日
吉田カレー,東京都杉並区天沼3-8-2 2Ｆ,食べログ カレー TOKYO 百名店 2023,https://tabelog.com/tokyo/A1319/A131906/13132405/,https://www.google.com/maps/search/?api=1&query=%E5%90%89%E7%94%B0%E3%82%AB%E3%83%AC%E3%83%BC%20%E6%9D%B1%E4%BA%AC%E9%83%BD%E6%9D%89%E4%B8%A6%E5%8C%BA%E5%A4%A9%E6%B2%BC3-8-2%202%EF%BC%A6,2023,カレー TOKYO,curry_tokyo,発表日：2023年10月10日
トプカ 神田本店,東京都千代田区神田須田町1-11 竹内ビル 1F,食べログ カレー TOKYO 百名店 2023,https://tabelog.com/tokyo/A1310/A131002/13000377/,https://www.google.com/maps/search/?api=1&query=%E3%83%88%E3%83%97%E3%82%AB%20%E7%A5%9E%E7%94%B0%E6%9C%AC%E5%BA%97%20%E6%9D%B1%E4%BA%AC%E9%83%BD%E5%8D%83%E4%BB%A3%E7%94%B0%E5%8C%BA%E7%A5%9E%E7%94%B0%E9%A0%88%E7%94%B0%E7%94%BA1-11%20%E7%AB%B9%E5%86%85%E3%83%93%E3%83%AB%201F,2023,カレー TOKYO,curry_tokyo,発表日：2023年10月10日
東京ボンベイ 恵比寿本店,東京都渋谷区恵比寿南1-23-1 ABC亜米利加橋ビル 1F,食べログ カレー TOKYO 百名店 2023,https://tabelog.com/tokyo/A1303/A130302/13221284/,https://www.google.com/maps/search/?api=1&query=%E6%9D%B1%E4%BA%AC%E3%83%9C%E3%83%B3%E3%83%99%E3%82%A4%20%E6%81%B5%E6%AF%94%E5%AF%BF%E6%9C%AC%E5%BA%97%20%E6%9D%B1%E4%BA%AC%E9%83%BD%E6%B8%8B%E8%B0%B7%E5%8C%BA%E6%81%B5%E6%AF%94%E5%AF%BF%E5%8D%971-23-1%20ABC%E4%BA%9C%E7%B1%B3%E5%88%A9%E5%8A%A0%E6%A9%8B%E3%83%93%E3%83%AB%201F,2023,カレー TOKYO,curry_tokyo,発表日：2023年10月10日
Restaurant Takashi Tanno par 長谷紫‐ゆかり,神奈川県鎌倉市長谷2-11-44,食べログ フレンチ EAST 百名店 2023,https://tabelog.com/kanagawa/A1404/A140402/14083850/,https://www.google.com/maps/search/?api=1&query=Restaurant%20Takashi%20Tanno%20par%20%E9%95%B7%E8%B0%B7%E7%B4%AB%E2%80%90%E3%82%86%E3%81%8B%E3%82%8A%20%E7%A5%9E%E5%A5%88%E5%B7%9D%E7%9C%8C%E9%8E%8C%E5%80%89%E5%B8%82%E9%95%B7%E8%B0%B72-11-44,2023,フレンチ EAST,french_east,発表日：2023年6月12日
古我邸,神奈川県鎌倉市扇ガ谷1-7-23,食べログ フレンチ EAST 百名店 2023,https://tabelog.com/kanagawa/A1404/A140402/14058520/,https://www.google.com/maps/search/?api=1&query=%E5%8F%A4%E6%88%91%E9%82%B8%20%E7%A5%9E%E5%A5%88%E5%B7%9D%E7%9C%8C%E9%8E%8C%E5%80%89%E5%B8%82%E6%89%87%E3%82%AC%E8%B0%B71-7-23,2023,フレンチ EAST,french_east,発表日：2023年6月12日
エピセ,千葉県千葉市中央区新田町3-13 久和ビル 1F,食べログ フレンチ EAST 百名店 2023,https://tabelog.com/chiba/A1201/A120101/12001097/,https://www.google.com/maps/search/?api=1&query=%E3%82%A8%E3%83%94%E3%82%BB%20%E5%8D%83%E8%91%89%E7%9C%8C%E5%8D%83%E8%91%89%E5%B8%82%E4%B8%AD%E5%A4%AE%E5%8C%BA%E6%96%B0%E7%94%B0%E7%94%BA3-13%20%E4%B9%85%E5%92%8C%E3%83%93%E3%83%AB%201F,2023,フレンチ EAST,french_east,発表日：2023年6月12日
イリエスケープ,神奈川県横浜市中区桜木町1-1-7 コレットマーレ 7F,食べログ フレンチ EAST 百名店 2023,https://tabelog.com/kanagawa/A1401/A140102/14085197/,https://www.google.com/maps/search/?api=1&query=%E3%82%A4%E3%83%AA%E3%82%A8%E3%82%B9%E3%82%B1%E3%83%BC%E3%83%97%20%E7%A5%9E%E5%A5%88%E5%B7%9D%E7%9C%8C%E6%A8%AA%E6%B5%9C%E5%B8%82%E4%B8%AD%E5%8C%BA%E6%A1%9C%E6%9C%A8%E7%94%BA1-1-7%20%E3%82%B3%E3%83%AC%E3%83%83%E3%83%88%E3%83%9E%E3%83%BC%E3%83%AC%207F,2023,フレンチ EAST,french_east,発表日：2023年6月12日
ビストロ セレニテ,群馬県前橋市西大室町3026-3,食べログ フレンチ EAST 百名店 2023,https://tabelog.com/gunma/A1001/A100101/10020591/,https://www.google.com/maps/search/?api=1&query=%E3%83%93%E3%82%B9%E3%83%88%E3%83%AD%20%E3%82%BB%E3%83%AC%E3%83%8B%E3%83%86%20%E7%BE%A4%E9%A6%AC%E7%9C%8C%E5%89%8D%E6%A9%8B%E5%B8%82%E8%A5%BF%E5%A4%A7%E5%AE%A4%E7%94%BA3026-3,2023,フレンチ EAST,french_east,発表日：2023年6月12日
ete,神奈川県鎌倉市由比ガ浜2-7-20 山口ビル 1F,食べログ フレンチ EAST 百名店 2023,https://tabelog.com/kanagawa/A1404/A140402/14039956/,https://www.google.com/maps/search/?api=1&query=ete%20%E7%A5%9E%E5%A5%88%E5%B7%9D%E7%9C%8C%E9%8E%8C%E5%80%89%E5%B8%82%E7%94%B1%E6%AF%94%E3%82%AC%E6%B5%9C2-7-20%20%E5%B1%B1%E5%8F%A3%E3%83%93%E3%83%AB%201F,2023,フレンチ EAST,french_east,発表日：2023年6月12日
ミッシェル ナカジマ,神奈川県鎌倉市常盤648-4,食べログ フレンチ EAST 百名店 2023,https://tabelog.com/kanagawa/A1404/A140402/14004587/,https://www.google.com/maps/search/?api=1&query=%E3%83%9F%E3%83%83%E3%82%B7%E3%82%A7%E3%83%AB%20%E3%83%8A%E3%82%AB%E3%82%B8%E3%83%9E%20%E7%A5%9E%E5%A5%88%E5%B7%9D%E7%9C%8C%E9%8E%8C%E5%80%89%E5%B8%82%E5%B8%B8%E7%9B%A4648-4,2023,フレンチ EAST,french_east,発表日：2023年6月12日
レストラン ラ・マーレ,神奈川県三浦郡葉山町堀内24-2,食べログ フレンチ EAST 百名店 2023,https://tabelog.com/kanagawa/A1406/A140602/14000742/,https://www.google.com/maps/search/?api=1&query=%E3%83%AC%E3%82%B9%E3%83%88%E3%83%A9%E3%83%B3%20%E3%83%A9%E3%83%BB%E3%83%9E%E3%83%BC%E3%83%AC%20%E7%A5%9E%E5%A5%88%E5%B7%9D%E7%9C%8C%E4%B8%89%E6%B5%A6%E9%83%A1%E8%91%89%E5%B1%B1%E7%94%BA%E5%A0%80%E5%86%8524-2,2023,フレンチ EAST,french_east,発表日：2023年6月12日
サラマンジェ ド ヨシノ,神奈川県鎌倉市御成町20-45,食べログ フレンチ EAST 百名店 2023,https://tabelog.com/kanagawa/A1404/A140402/14058250/,https://www.google.com/maps/search/?api=1&query=%E3%82%B5%E3%83%A9%E3%83%9E%E3%83%B3%E3%82%B8%E3%82%A7%20%E3%83%89%20%E3%83%A8%E3%82%B7%E3%83%8E%20%E7%A5%9E%E5%A5%88%E5%B7%9D%E7%9C%8C%E9%8E%8C%E5%80%89%E5%B8%82%E5%BE%A1%E6%88%90%E7%94%BA20-45,2023,フレンチ EAST,french_east,発表日：2023年6月12日
メシモ,神奈川県小田原市栄町2-5-22 木戸ビル 1F,食べログ フレンチ EAST 百名店 2023,https://tabelog.com/kanagawa/A1409/A140901/14073231/,https://www.google.com/maps/search/?api=1&query=%E3%83%A1%E3%82%B7%E3%83%A2%20%E7%A5%9E%E5%A5%88%E5%B7%9D%E7%9C%8C%E5%B0%8F%E7%94%B0%E5%8E%9F%E5%B8%82%E6%A0%84%E7%94%BA2-5-22%20%E6%9C%A8%E6%88%B8%E3%83%93%E3%83%AB%201F,2023,フレンチ EAST,french_east,発表日：2023年6月12日
ル・ニコ・ア・オーミナミ,神奈川県茅ヶ崎市柳島2-9-17,食べログ フレンチ EAST 百名店 2023,https://tabelog.com/kanagawa/A1404/A140406/14045997/,https://www.google.com/maps/search/?api=1&query=%E3%83%AB%E3%83%BB%E3%83%8B%E3%82%B3%E3%83%BB%E3%82%A2%E3%83%BB%E3%82%AA%E3%83%BC%E3%83%9F%E3%83%8A%E3%83%9F%20%E7%A5%9E%E5%A5%88%E5%B7%9D%E7%9C%8C%E8%8C%85%E3%83%B6%E5%B4%8E%E5%B8%82%E6%9F%B3%E5%B3%B62-9-17,2023,フレンチ EAST,french_east,発表日：2023年6月12日
レストラン オオツ,茨城県水戸市白梅1-5-4,食べログ フレンチ EAST 百名店 2023,https://tabelog.com/ibaraki/A0801/A080101/8000180/,https://www.google.com/maps/search/?api=1&query=%E3%83%AC%E3%82%B9%E3%83%88%E3%83%A9%E3%83%B3%20%E3%82%AA%E3%82%AA%E3%83%84%20%E8%8C%A8%E5%9F%8E%E7%9C%8C%E6%B0%B4%E6%88%B8%E5%B8%82%E7%99%BD%E6%A2%851-5-4,2023,フレンチ EAST,french_east,発表日：2023年6月12日
カジュアルフレンチ　アミー,埼玉県さいたま市浦和区東高砂町20-20 T-BRICKビル　2階,食べログ フレンチ EAST 百名店 2023,https://tabelog.com/saitama/A1101/A110102/11026800/,https://www.google.com/maps/search/?api=1&query=%E3%82%AB%E3%82%B8%E3%83%A5%E3%82%A2%E3%83%AB%E3%83%95%E3%83%AC%E3%83%B3%E3%83%81%E3%80%80%E3%82%A2%E3%83%9F%E3%83%BC%20%E5%9F%BC%E7%8E%89%E7%9C%8C%E3%81%95%E3%81%84%E3%81%9F%E3%81%BE%E5%B8%82%E6%B5%A6%E5%92%8C%E5%8C%BA%E6%9D%B1%E9%AB%98%E7%A0%82%E7%94%BA20-20%20T-BRICK%E3%83%93%E3%83%AB%E3%80%802%E9%9A%8E,2023,フレンチ EAST,french_east,発表日：2023年6月12日
エルルカン・ビス,神奈川県足柄下郡湯河原町宮上744-49,食べログ フレンチ EAST 百名店 2023,https://tabelog.com/kanagawa/A1410/A141002/14009626/,https://www.google.com/maps/search/?api=1&query=%E3%82%A8%E3%83%AB%E3%83%AB%E3%82%AB%E3%83%B3%E3%83%BB%E3%83%93%E3%82%B9%20%E7%A5%9E%E5%A5%88%E5%B7%9D%E7%9C%8C%E8%B6%B3%E6%9F%84%E4%B8%8B%E9%83%A1%E6%B9%AF%E6%B2%B3%E5%8E%9F%E7%94%BA%E5%AE%AE%E4%B8%8A744-49,2023,フレンチ EAST,french_east,発表日：2023年6月12日
ポアジェ,神奈川県鎌倉市小町1-11-9,食べログ フレンチ EAST 百名店 2023,https://tabelog.com/kanagawa/A1404/A140402/14048268/,https://www.google.com/maps/search/?api=1&query=%E3%83%9D%E3%82%A2%E3%82%B8%E3%82%A7%20%E7%A5%9E%E5%A5%88%E5%B7%9D%E7%9C%8C%E9%8E%8C%E5%80%89%E5%B8%82%E5%B0%8F%E7%94%BA1-11-9,2023,フレンチ EAST,french_east,発表日：2023年6月12日
サンク・オ・ピエ,千葉県千葉市花見川区幕張本郷7-5-14 ファーストビル　２Ｆ,食べログ フレンチ EAST 百名店 2023,https://tabelog.com/chiba/A1201/A120102/12000226/,https://www.google.com/maps/search/?api=1&query=%E3%82%B5%E3%83%B3%E3%82%AF%E3%83%BB%E3%82%AA%E3%83%BB%E3%83%94%E3%82%A8%20%E5%8D%83%E8%91%89%E7%9C%8C%E5%8D%83%E8%91%89%E5%B8%82%E8%8A%B1%E8%A6%8B%E5%B7%9D%E5%8C%BA%E5%B9%95%E5%BC%B5%E6%9C%AC%E9%83%B77-5-14%20%E3%83%95%E3%82%A1%E3%83%BC%E3%82%B9%E3%83%88%E3%83%93%E3%83%AB%E3%80%80%EF%BC%92%EF%BC%A6,2023,フレンチ EAST,french_east,発表日：2023年6月12日
雪村庵,茨城県常陸大宮市下村田150-1,食べログ フレンチ EAST 百名店 2023,https://tabelog.com/ibaraki/A0805/A080502/8001285/,https://www.google.com/maps/search/?api=1&query=%E9%9B%AA%E6%9D%91%E5%BA%B5%20%E8%8C%A8%E5%9F%8E%E7%9C%8C%E5%B8%B8%E9%99%B8%E5%A4%A7%E5%AE%AE%E5%B8%82%E4%B8%8B%E6%9D%91%E7%94%B0150-1,2023,フレンチ EAST,french_east,発表日：2023年6月12日
restaurant KAM﻿,埼玉県川口市戸塚3-1-13﻿,食べログ フレンチ EAST 百名店 2023,https://tabelog.com/saitama/A1102/A110201/11054898/,https://www.google.com/maps/search/?api=1&query=restaurant%20KAM%EF%BB%BF%20%E5%9F%BC%E7%8E%89%E7%9C%8C%E5%B7%9D%E5%8F%A3%E5%B8%82%E6%88%B8%E5%A1%9A3-1-13%EF%BB%BF,2023,フレンチ EAST,french_east,発表日：2023年6月12日
クイーン・アリス 横浜店,神奈川県横浜市西区みなとみらい2-3-7 横浜ベイホテル東急 3F,食べログ フレンチ EAST 百名店 2023,https://tabelog.com/kanagawa/A1401/A140103/14000156/,https://www.google.com/maps/search/?api=1&query=%E3%82%AF%E3%82%A4%E3%83%BC%E3%83%B3%E3%83%BB%E3%82%A2%E3%83%AA%E3%82%B9%20%E6%A8%AA%E6%B5%9C%E5%BA%97%20%E7%A5%9E%E5%A5%88%E5%B7%9D%E7%9C%8C%E6%A8%AA%E6%B5%9C%E5%B8%82%E8%A5%BF%E5%8C%BA%E3%81%BF%E3%81%AA%E3%81%A8%E3%81%BF%E3%82%89%E3%81%842-3-7%20%E6%A8%AA%E6%B5%9C%E3%83%99%E3%82%A4%E3%83%9B%E3%83%86%E3%83%AB%E6%9D%B1%E6%80%A5%203F,2023,フレンチ EAST,french_east,発表日：2023年6月12日
コンヴィヴィアリテ・イチノセ,群馬県太田市只上町1321-1,食べログ フレンチ EAST 百名店 2023,https://tabelog.com/gunma/A1002/A100203/10010657/,https://www.google.com/maps/search/?api=1&query=%E3%82%B3%E3%83%B3%E3%83%B4%E3%82%A3%E3%83%B4%E3%82%A3%E3%82%A2%E3%83%AA%E3%83%86%E3%83%BB%E3%82%A4%E3%83%81%E3%83%8E%E3%82%BB%20%E7%BE%A4%E9%A6%AC%E7%9C%8C%E5%A4%AA%E7%94%B0%E5%B8%82%E5%8F%AA%E4%B8%8A%E7%94%BA1321-1,2023,フレンチ EAST,french_east,発表日：2023年6月12日
ル・クープル,千葉県柏市柏3-9-20 ２Ｆ,食べログ フレンチ EAST 百名店 2023,https://tabelog.com/chiba/A1203/A120301/12000296/,https://www.google.com/maps/search/?api=1&query=%E3%83%AB%E3%83%BB%E3%82%AF%E3%83%BC%E3%83%97%E3%83%AB%20%E5%8D%83%E8%91%89%E7%9C%8C%E6%9F%8F%E5%B8%82%E6%9F%8F3-9-20%20%EF%BC%92%EF%BC%A6,2023,フレンチ EAST,french_east,発表日：2023年6月12日
デュ・ヴァン・ハッシシ,神奈川県横浜市中区山下町210-3 パークアクシス山下町 1F,食べログ フレンチ EAST 百名店 2023,https://tabelog.com/kanagawa/A1401/A140105/14051554/,https://www.google.com/maps/search/?api=1&query=%E3%83%87%E3%83%A5%E3%83%BB%E3%83%B4%E3%82%A1%E3%83%B3%E3%83%BB%E3%83%8F%E3%83%83%E3%82%B7%E3%82%B7%20%E7%A5%9E%E5%A5%88%E5%B7%9D%E7%9C%8C%E6%A8%AA%E6%B5%9C%E5%B8%82%E4%B8%AD%E5%8C%BA%E5%B1%B1%E4%B8%8B%E7%94%BA210-3%20%E3%83%91%E3%83%BC%E3%82%AF%E3%82%A2%E3%82%AF%E3%82%B7%E3%82%B9%E5%B1%B1%E4%B8%8B%E7%94%BA%201F,2023,フレンチ EAST,french_east,発表日：2023年6月12日
オトワ レストラン,栃木県宇都宮市西原町3554-7,食べログ フレンチ EAST 百名店 2023,https://tabelog.com/tochigi/A0901/A090101/9002357/,https://www.google.com/maps/search/?api=1&query=%E3%82%AA%E3%83%88%E3%83%AF%20%E3%83%AC%E3%82%B9%E3%83%88%E3%83%A9%E3%83%B3%20%E6%A0%83%E6%9C%A8%E7%9C%8C%E5%AE%87%E9%83%BD%E5%AE%AE%E5%B8%82%E8%A5%BF%E5%8E%9F%E7%94%BA3554-7,2023,フレンチ EAST,french_east,発表日：2023年6月12日
フランス料理 ル・クール,千葉県千葉市中央区新田町23-17,食べログ フレンチ EAST 百名店 2023,https://tabelog.com/chiba/A1201/A120101/12030737/,https://www.google.com/maps/search/?api=1&query=%E3%83%95%E3%83%A9%E3%83%B3%E3%82%B9%E6%96%99%E7%90%86%20%E3%83%AB%E3%83%BB%E3%82%AF%E3%83%BC%E3%83%AB%20%E5%8D%83%E8%91%89%E7%9C%8C%E5%8D%83%E8%91%89%E5%B8%82%E4%B8%AD%E5%A4%AE%E5%8C%BA%E6%96%B0%E7%94%B0%E7%94%BA23-17,2023,フレンチ EAST,french_east,発表日：2023年6月12日
オーベルジュ・オー・ミラドー,神奈川県足柄下郡箱根町元箱根159-15,食べログ フレンチ EAST 百名店 2023,https://tabelog.com/kanagawa/A1410/A141001/14001428/,https://www.google.com/maps/search/?api=1&query=%E3%82%AA%E3%83%BC%E3%83%99%E3%83%AB%E3%82%B8%E3%83%A5%E3%83%BB%E3%82%AA%E3%83%BC%E3%83%BB%E3%83%9F%E3%83%A9%E3%83%89%E3%83%BC%20%E7%A5%9E%E5%A5%88%E5%B7%9D%E7%9C%8C%E8%B6%B3%E6%9F%84%E4%B8%8B%E9%83%A1%E7%AE%B1%E6%A0%B9%E7%94%BA%E5%85%83%E7%AE%B1%E6%A0%B9159-15,2023,フレンチ EAST,french_east,発表日：2023年6月12日
フィエルテ,神奈川県鎌倉市御成町2-14-2 Onari Ever Village B 2F,食べログ フレンチ EAST 百名店 2023,https://tabelog.com/kanagawa/A1404/A140402/14076020/,https://www.google.com/maps/search/?api=1&query=%E3%83%95%E3%82%A3%E3%82%A8%E3%83%AB%E3%83%86%20%E7%A5%9E%E5%A5%88%E5%B7%9D%E7%9C%8C%E9%8E%8C%E5%80%89%E5%B8%82%E5%BE%A1%E6%88%90%E7%94%BA2-14-2%20Onari%20Ever%20Village%20B%202F,2023,フレンチ EAST,french_east,発表日：2023年6月12日
レストラン アルティザン（restaurant Artisan）,神奈川県横浜市中区日本大通36 シティタワー横濱 2F,食べログ フレンチ EAST 百名店 2023,https://tabelog.com/kanagawa/A1401/A140104/14070514/,https://www.google.com/maps/search/?api=1&query=%E3%83%AC%E3%82%B9%E3%83%88%E3%83%A9%E3%83%B3%20%E3%82%A2%E3%83%AB%E3%83%86%E3%82%A3%E3%82%B6%E3%83%B3%EF%BC%88restaurant%20Artisan%EF%BC%89%20%E7%A5%9E%E5%A5%88%E5%B7%9D%E7%9C%8C%E6%A8%AA%E6%B5%9C%E5%B8%82%E4%B8%AD%E5%8C%BA%E6%97%A5%E6%9C%AC%E5%A4%A7%E9%80%9A36%20%E3%82%B7%E3%83%86%E3%82%A3%E3%82%BF%E3%83%AF%E3%83%BC%E6%A8%AA%E6%BF%B1%202F,2023,フレンチ EAST,french_east,発表日：2023年6月12日
横濱元町 霧笛楼,神奈川県横浜市中区元町2-96,食べログ フレンチ EAST 百名店 2023,https://tabelog.com/kanagawa/A1401/A140105/14001146/,https://www.google.com/maps/search/?api=1&query=%E6%A8%AA%E6%BF%B1%E5%85%83%E7%94%BA%20%E9%9C%A7%E7%AC%9B%E6%A5%BC%20%E7%A5%9E%E5%A5%88%E5%B7%9D%E7%9C%8C%E6%A8%AA%E6%B5%9C%E5%B8%82%E4%B8%AD%E5%8C%BA%E5%85%83%E7%94%BA2-96,2023,フレンチ EAST,french_east,発表日：2023年6月12日
クラフタル,東京都目黒区青葉台1-16-11 2F,食べログ フレンチ TOKYO 百名店 2023,https://tabelog.com/tokyo/A1317/A131701/13186719/,https://www.google.com/maps/search/?api=1&query=%E3%82%AF%E3%83%A9%E3%83%95%E3%82%BF%E3%83%AB%20%E6%9D%B1%E4%BA%AC%E9%83%BD%E7%9B%AE%E9%BB%92%E5%8C%BA%E9%9D%92%E8%91%89%E5%8F%B01-16-11%202F,2023,フレンチ TOKYO,french_tokyo,発表日：2023年6月12日
ル・ブルギニオン,東京都港区西麻布3-3-1,食べログ フレンチ TOKYO 百名店 2023,https://tabelog.com/tokyo/A1307/A130701/13005328/,https://www.google.com/maps/search/?api=1&query=%E3%83%AB%E3%83%BB%E3%83%96%E3%83%AB%E3%82%AE%E3%83%8B%E3%82%AA%E3%83%B3%20%E6%9D%B1%E4%BA%AC%E9%83%BD%E6%B8%AF%E5%8C%BA%E8%A5%BF%E9%BA%BB%E5%B8%833-3-1,2023,フレンチ TOKYO,french_tokyo,発表日：2023年6月12日
ジョンティ アッシュ,東京都港区白金台5-18-17 ゴールドフォレストビル2階,食べログ フレンチ TOKYO 百名店 2023,https://tabelog.com/tokyo/A1316/A131602/13056132/,https://www.google.com/maps/search/?api=1&query=%E3%82%B8%E3%83%A7%E3%83%B3%E3%83%86%E3%82%A3%20%E3%82%A2%E3%83%83%E3%82%B7%E3%83%A5%20%E6%9D%B1%E4%BA%AC%E9%83%BD%E6%B8%AF%E5%8C%BA%E7%99%BD%E9%87%91%E5%8F%B05-18-17%20%E3%82%B4%E3%83%BC%E3%83%AB%E3%83%89%E3%83%95%E3%82%A9%E3%83%AC%E3%82%B9%E3%83%88%E3%83%93%E3%83%AB2%E9%9A%8E,2023,フレンチ TOKYO,french_tokyo,発表日：2023年6月12日
ラ・トゥーエル,東京都新宿区神楽坂6-8 ボルゴ大〆 2F,食べログ フレンチ TOKYO 百名店 2023,https://tabelog.com/tokyo/A1309/A130905/13000457/,https://www.google.com/maps/search/?api=1&query=%E3%83%A9%E3%83%BB%E3%83%88%E3%82%A5%E3%83%BC%E3%82%A8%E3%83%AB%20%E6%9D%B1%E4%BA%AC%E9%83%BD%E6%96%B0%E5%AE%BF%E5%8C%BA%E7%A5%9E%E6%A5%BD%E5%9D%826-8%20%E3%83%9C%E3%83%AB%E3%82%B4%E5%A4%A7%E3%80%86%202F,2023,フレンチ TOKYO,french_tokyo,発表日：2023年6月12日
Lien,東京都世田谷区池尻3-5-22 グレースマンション 1F,食べログ フレンチ TOKYO 百名店 2023,https://tabelog.com/tokyo/A1317/A131705/13176808/,https://www.google.com/maps/search/?api=1&query=Lien%20%E6%9D%B1%E4%BA%AC%E9%83%BD%E4%B8%96%E7%94%B0%E8%B0%B7%E5%8C%BA%E6%B1%A0%E5%B0%BB3-5-22%20%E3%82%B0%E3%83%AC%E3%83%BC%E3%82%B9%E3%83%9E%E3%83%B3%E3%82%B7%E3%83%A7%E3%83%B3%201F,2023,フレンチ TOKYO,french_tokyo,発表日：2023年6月12日
アーティショー,東京都渋谷区恵比寿2-6-29 アコルタTS 1F,食べログ フレンチ TOKYO 百名店 2023,https://tabelog.com/tokyo/A1303/A130302/13042337/,https://www.google.com/maps/search/?api=1&query=%E3%82%A2%E3%83%BC%E3%83%86%E3%82%A3%E3%82%B7%E3%83%A7%E3%83%BC%20%E6%9D%B1%E4%BA%AC%E9%83%BD%E6%B8%8B%E8%B0%B7%E5%8C%BA%E6%81%B5%E6%AF%94%E5%AF%BF2-6-29%20%E3%82%A2%E3%82%B3%E3%83%AB%E3%82%BFTS%201F,2023,フレンチ TOKYO,french_tokyo,発表日：2023年6月12日
ピエール・ガニェール,東京都港区赤坂1-12-33 ANAインターコンチネンタルホテル東京　36F,食べログ フレンチ TOKYO 百名店 2023,https://tabelog.com/tokyo/A1308/A130802/13103993/,https://www.google.com/maps/search/?api=1&query=%E3%83%94%E3%82%A8%E3%83%BC%E3%83%AB%E3%83%BB%E3%82%AC%E3%83%8B%E3%82%A7%E3%83%BC%E3%83%AB%20%E6%9D%B1%E4%BA%AC%E9%83%BD%E6%B8%AF%E5%8C%BA%E8%B5%A4%E5%9D%821-12-33%20ANA%E3%82%A4%E3%83%B3%E3%82%BF%E3%83%BC%E3%82%B3%E3%83%B3%E3%83%81%E3%83%8D%E3%83%B3%E3%82%BF%E3%83%AB%E3%83%9B%E3%83%86%E3%83%AB%E6%9D%B1%E4%BA%AC%E3%80%8036F,2023,フレンチ TOKYO,french_tokyo,発表日：2023年6月12日
a table,東京都文京区湯島3-1-1 木村ビル 1F,食べログ フレンチ TOKYO 百名店 2023,https://tabelog.com/tokyo/A1310/A131004/13156948/,https://www.google.com/maps/search/?api=1&query=a%20table%20%E6%9D%B1%E4%BA%AC%E9%83%BD%E6%96%87%E4%BA%AC%E5%8C%BA%E6%B9%AF%E5%B3%B63-1-1%20%E6%9C%A8%E6%9D%91%E3%83%93%E3%83%AB%201F,2023,フレンチ TOKYO,french_tokyo,発表日：2023年6月12日
ラルジャン,東京都中央区銀座5-8-1 GINZA PLACE 7F,食べログ フレンチ TOKYO 百名店 2023,https://tabelog.com/tokyo/A1301/A130101/13253764/,https://www.google.com/maps/search/?api=1&query=%E3%83%A9%E3%83%AB%E3%82%B8%E3%83%A3%E3%83%B3%20%E6%9D%B1%E4%BA%AC%E9%83%BD%E4%B8%AD%E5%A4%AE%E5%8C%BA%E9%8A%80%E5%BA%A75-8-1%20GINZA%20PLACE%207F,2023,フレンチ TOKYO,french_tokyo,発表日：2023年6月12日
メゾン ポール・ボキューズ,東京都渋谷区猿楽町17-16 代官山フォーラム　Ｂ１Ｆ,食べログ フレンチ TOKYO 百名店 2023,https://tabelog.com/tokyo/A1303/A130303/13040327/,https://www.google.com/maps/search/?api=1&query=%E3%83%A1%E3%82%BE%E3%83%B3%20%E3%83%9D%E3%83%BC%E3%83%AB%E3%83%BB%E3%83%9C%E3%82%AD%E3%83%A5%E3%83%BC%E3%82%BA%20%E6%9D%B1%E4%BA%AC%E9%83%BD%E6%B8%8B%E8%B0%B7%E5%8C%BA%E7%8C%BF%E6%A5%BD%E7%94%BA17-16%20%E4%BB%A3%E5%AE%98%E5%B1%B1%E3%83%95%E3%82%A9%E3%83%BC%E3%83%A9%E3%83%A0%E3%80%80%EF%BC%A2%EF%BC%91%EF%BC%A6,2023,フレンチ TOKYO,french_tokyo,発表日：2023年6月12日
レストランユニック,東京都目黒区目黒3-12-3 松田ビル １階,食べログ フレンチ TOKYO 百名店 2023,https://tabelog.com/tokyo/A1316/A131601/13163184/,https://www.google.com/maps/search/?api=1&query=%E3%83%AC%E3%82%B9%E3%83%88%E3%83%A9%E3%83%B3%E3%83%A6%E3%83%8B%E3%83%83%E3%82%AF%20%E6%9D%B1%E4%BA%AC%E9%83%BD%E7%9B%AE%E9%BB%92%E5%8C%BA%E7%9B%AE%E9%BB%923-12-3%20%E6%9D%BE%E7%94%B0%E3%83%93%E3%83%AB%20%EF%BC%91%E9%9A%8E,2023,フレンチ TOKYO,french_tokyo,発表日：2023年6月12日
レストランひらまつ 広尾,東京都港区南麻布5-15-13,食べログ フレンチ TOKYO 百名店 2023,https://tabelog.com/tokyo/A1307/A130703/13001590/,https://www.google.com/maps/search/?api=1&query=%E3%83%AC%E3%82%B9%E3%83%88%E3%83%A9%E3%83%B3%E3%81%B2%E3%82%89%E3%81%BE%E3%81%A4%20%E5%BA%83%E5%B0%BE%20%E6%9D%B1%E4%BA%AC%E9%83%BD%E6%B8%AF%E5%8C%BA%E5%8D%97%E9%BA%BB%E5%B8%835-15-13,2023,フレンチ TOKYO,french_tokyo,発表日：2023年6月12日
レストラン ラフィナージュ,東京都中央区銀座5-9-16 GINZA-A-5 2F,食べログ フレンチ TOKYO 百名店 2023,https://tabelog.com/tokyo/A1301/A130101/13227264/,https://www.google.com/maps/search/?api=1&query=%E3%83%AC%E3%82%B9%E3%83%88%E3%83%A9%E3%83%B3%20%E3%83%A9%E3%83%95%E3%82%A3%E3%83%8A%E3%83%BC%E3%82%B8%E3%83%A5%20%E6%9D%B1%E4%BA%AC%E9%83%BD%E4%B8%AD%E5%A4%AE%E5%8C%BA%E9%8A%80%E5%BA%A75-9-16%20GINZA-A-5%202F,2023,フレンチ TOKYO,french_tokyo,発表日：2023年6月12日
サラマンジェ ド イザシ ワキサカ,東京都中央区銀座7-2-8 TAKAYA-GINZAビル B1F,食べログ フレンチ TOKYO 百名店 2023,https://tabelog.com/tokyo/A1301/A130101/13151302/,https://www.google.com/maps/search/?api=1&query=%E3%82%B5%E3%83%A9%E3%83%9E%E3%83%B3%E3%82%B8%E3%82%A7%20%E3%83%89%20%E3%82%A4%E3%82%B6%E3%82%B7%20%E3%83%AF%E3%82%AD%E3%82%B5%E3%82%AB%20%E6%9D%B1%E4%BA%AC%E9%83%BD%E4%B8%AD%E5%A4%AE%E5%8C%BA%E9%8A%80%E5%BA%A77-2-8%20TAKAYA-GINZA%E3%83%93%E3%83%AB%20B1F,2023,フレンチ TOKYO,french_tokyo,発表日：2023年6月12日
au deco,東京都渋谷区恵比寿2-23-3,食べログ フレンチ TOKYO 百名店 2023,https://tabelog.com/tokyo/A1307/A130703/13232146/,https://www.google.com/maps/search/?api=1&query=au%20deco%20%E6%9D%B1%E4%BA%AC%E9%83%BD%E6%B8%8B%E8%B0%B7%E5%8C%BA%E6%81%B5%E6%AF%94%E5%AF%BF2-23-3,2023,フレンチ TOKYO,french_tokyo,発表日：2023年6月12日
ラ ペ,東京都中央区日本橋室町1-9-4 井上第3ビル B1F,食べログ フレンチ TOKYO 百名店 2023,https://tabelog.com/tokyo/A1302/A130202/13173559/,https://www.google.com/maps/search/?api=1&query=%E3%83%A9%20%E3%83%9A%20%E6%9D%B1%E4%BA%AC%E9%83%BD%E4%B8%AD%E5%A4%AE%E5%8C%BA%E6%97%A5%E6%9C%AC%E6%A9%8B%E5%AE%A4%E7%94%BA1-9-4%20%E4%BA%95%E4%B8%8A%E7%AC%AC3%E3%83%93%E3%83%AB%20B1F,2023,フレンチ TOKYO,french_tokyo,発表日：2023年6月12日
ナベノ-イズム,東京都台東区駒形2-1-17,食べログ フレンチ TOKYO 百名店 2023,https://tabelog.com/tokyo/A1311/A131102/13194700/,https://www.google.com/maps/search/?api=1&query=%E3%83%8A%E3%83%99%E3%83%8E-%E3%82%A4%E3%82%BA%E3%83%A0%20%E6%9D%B1%E4%BA%AC%E9%83%BD%E5%8F%B0%E6%9D%B1%E5%8C%BA%E9%A7%92%E5%BD%A22-1-17,2023,フレンチ TOKYO,french_tokyo,発表日：2023年6月12日
レストラン ラリューム,東京都港区白金台4-9-23 ツツイビル B1F,食べログ フレンチ TOKYO 百名店 2023,https://tabelog.com/tokyo/A1316/A131602/13224188/,https://www.google.com/maps/search/?api=1&query=%E3%83%AC%E3%82%B9%E3%83%88%E3%83%A9%E3%83%B3%20%E3%83%A9%E3%83%AA%E3%83%A5%E3%83%BC%E3%83%A0%20%E6%9D%B1%E4%BA%AC%E9%83%BD%E6%B8%AF%E5%8C%BA%E7%99%BD%E9%87%91%E5%8F%B04-9-23%20%E3%83%84%E3%83%84%E3%82%A4%E3%83%93%E3%83%AB%20B1F,2023,フレンチ TOKYO,french_tokyo,発表日：2023年6月12日
recte,東京都渋谷区恵比寿西2-17-5 サンビレッジ代官山 2F,食べログ フレンチ TOKYO 百名店 2023,https://tabelog.com/tokyo/A1303/A130303/13036041/,https://www.google.com/maps/search/?api=1&query=recte%20%E6%9D%B1%E4%BA%AC%E9%83%BD%E6%B8%8B%E8%B0%B7%E5%8C%BA%E6%81%B5%E6%AF%94%E5%AF%BF%E8%A5%BF2-17-5%20%E3%82%B5%E3%83%B3%E3%83%93%E3%83%AC%E3%83%83%E3%82%B8%E4%BB%A3%E5%AE%98%E5%B1%B1%202F,2023,フレンチ TOKYO,french_tokyo,発表日：2023年6月12日
ALLIE,東京都港区麻布十番3-7-4 COMS Azabujuban 4F,食べログ フレンチ TOKYO 百名店 2023,https://tabelog.com/tokyo/A1307/A130702/13192025/,https://www.google.com/maps/search/?api=1&query=ALLIE%20%E6%9D%B1%E4%BA%AC%E9%83%BD%E6%B8%AF%E5%8C%BA%E9%BA%BB%E5%B8%83%E5%8D%81%E7%95%AA3-7-4%20COMS%20Azabujuban%204F,2023,フレンチ TOKYO,french_tokyo,発表日：2023年6月12日
NeMo,東京都港区南青山6-15-4 B1F,食べログ フレンチ TOKYO 百名店 2023,https://tabelog.com/tokyo/A1306/A130602/13260539/,https://www.google.com/maps/search/?api=1&query=NeMo%20%E6%9D%B1%E4%BA%AC%E9%83%BD%E6%B8%AF%E5%8C%BA%E5%8D%97%E9%9D%92%E5%B1%B16-15-4%20B1F,2023,フレンチ TOKYO,french_tokyo,発表日：2023年6月12日
ビストロ・シンバ,東京都中央区銀座1-27-8,食べログ フレンチ TOKYO 百名店 2023,https://tabelog.com/tokyo/A1313/A131301/13186713/,https://www.google.com/maps/search/?api=1&query=%E3%83%93%E3%82%B9%E3%83%88%E3%83%AD%E3%83%BB%E3%82%B7%E3%83%B3%E3%83%90%20%E6%9D%B1%E4%BA%AC%E9%83%BD%E4%B8%AD%E5%A4%AE%E5%8C%BA%E9%8A%80%E5%BA%A71-27-8,2023,フレンチ TOKYO,french_tokyo,発表日：2023年6月12日
フロレゾン,東京都新宿区神楽坂3-6-29 MIビル 2F,食べログ フレンチ TOKYO 百名店 2023,https://tabelog.com/tokyo/A1309/A130905/13234388/,https://www.google.com/maps/search/?api=1&query=%E3%83%95%E3%83%AD%E3%83%AC%E3%82%BE%E3%83%B3%20%E6%9D%B1%E4%BA%AC%E9%83%BD%E6%96%B0%E5%AE%BF%E5%8C%BA%E7%A5%9E%E6%A5%BD%E5%9D%823-6-29%20MI%E3%83%93%E3%83%AB%202F,2023,フレンチ TOKYO,french_tokyo,発表日：2023年6月12日
レ セゾン,東京都千代田区内幸町1-1-1 帝国ホテル東京 本館 中2F,食べログ フレンチ TOKYO 百名店 2023,https://tabelog.com/tokyo/A1301/A130102/13002294/,https://www.google.com/maps/search/?api=1&query=%E3%83%AC%20%E3%82%BB%E3%82%BE%E3%83%B3%20%E6%9D%B1%E4%BA%AC%E9%83%BD%E5%8D%83%E4%BB%A3%E7%94%B0%E5%8C%BA%E5%86%85%E5%B9%B8%E7%94%BA1-1-1%20%E5%B8%9D%E5%9B%BD%E3%83%9B%E3%83%86%E3%83%AB%E6%9D%B1%E4%BA%AC%20%E6%9C%AC%E9%A4%A8%20%E4%B8%AD2F,2023,フレンチ TOKYO,french_tokyo,発表日：2023年6月12日
コントワール ミサゴ,東京都港区西麻布4-17-22 アビターレ西麻布　2F,食べログ フレンチ TOKYO 百名店 2023,https://tabelog.com/tokyo/A1307/A130703/13114321/,https://www.google.com/maps/search/?api=1&query=%E3%82%B3%E3%83%B3%E3%83%88%E3%83%AF%E3%83%BC%E3%83%AB%20%E3%83%9F%E3%82%B5%E3%82%B4%20%E6%9D%B1%E4%BA%AC%E9%83%BD%E6%B8%AF%E5%8C%BA%E8%A5%BF%E9%BA%BB%E5%B8%834-17-22%20%E3%82%A2%E3%83%93%E3%82%BF%E3%83%BC%E3%83%AC%E8%A5%BF%E9%BA%BB%E5%B8%83%E3%80%802F,2023,フレンチ TOKYO,french_tokyo,発表日：2023年6月12日
ウラノ,東京都千代田区九段南3-5-4 コーブ九段 1F,食べログ フレンチ TOKYO 百名店 2023,https://tabelog.com/tokyo/A1309/A130904/13232449/,https://www.google.com/maps/search/?api=1&query=%E3%82%A6%E3%83%A9%E3%83%8E%20%E6%9D%B1%E4%BA%AC%E9%83%BD%E5%8D%83%E4%BB%A3%E7%94%B0%E5%8C%BA%E4%B9%9D%E6%AE%B5%E5%8D%973-5-4%20%E3%82%B3%E3%83%BC%E3%83%96%E4%B9%9D%E6%AE%B5%201F,2023,フレンチ TOKYO,french_tokyo,発表日：2023年6月12日
ラ ターブル ドゥ ジョエル・ロブション,東京都目黒区三田1-13-1 恵比寿ガーデンプレイス　シャトーレストラン　ジョエル・ロブション　１Ｆ,食べログ フレンチ TOKYO 百名店 2023,https://tabelog.com/tokyo/A1303/A130302/13010725/,https://www.google.com/maps/search/?api=1&query=%E3%83%A9%20%E3%82%BF%E3%83%BC%E3%83%96%E3%83%AB%20%E3%83%89%E3%82%A5%20%E3%82%B8%E3%83%A7%E3%82%A8%E3%83%AB%E3%83%BB%E3%83%AD%E3%83%96%E3%82%B7%E3%83%A7%E3%83%B3%20%E6%9D%B1%E4%BA%AC%E9%83%BD%E7%9B%AE%E9%BB%92%E5%8C%BA%E4%B8%89%E7%94%B01-13-1%20%E6%81%B5%E6%AF%94%E5%AF%BF%E3%82%AC%E3%83%BC%E3%83%87%E3%83%B3%E3%83%97%E3%83%AC%E3%82%A4%E3%82%B9%E3%80%80%E3%82%B7%E3%83%A3%E3%83%88%E3%83%BC%E3%83%AC%E3%82%B9%E3%83%88%E3%83%A9%E3%83%B3%E3%80%80%E3%82%B8%E3%83%A7%E3%82%A8%E3%83%AB%E3%83%BB%E3%83%AD%E3%83%96%E3%82%B7%E3%83%A7%E3%83%B3%E3%80%80%EF%BC%91%EF%BC%A6,2023,フレンチ TOKYO,french_tokyo,発表日：2023年6月12日
FRANZ,東京都港区白金6-2-17,食べログ フレンチ TOKYO 百名店 2023,https://tabelog.com/tokyo/A1307/A130703/13210554/,https://www.google.com/maps/search/?api=1&query=FRANZ%20%E6%9D%B1%E4%BA%AC%E9%83%BD%E6%B8%AF%E5%8C%BA%E7%99%BD%E9%87%916-2-17,2023,フレンチ TOKYO,french_tokyo,発表日：2023年6月12日
FURUYA　augastronome,東京都港区赤坂4-3-9 赤坂藤マンション1F,食べログ フレンチ TOKYO 百名店 2023,https://tabelog.com/tokyo/A1308/A130801/13188159/,https://www.google.com/maps/search/?api=1&query=FURUYA%E3%80%80augastronome%20%E6%9D%B1%E4%BA%AC%E9%83%BD%E6%B8%AF%E5%8C%BA%E8%B5%A4%E5%9D%824-3-9%20%E8%B5%A4%E5%9D%82%E8%97%A4%E3%83%9E%E3%83%B3%E3%82%B7%E3%83%A7%E3%83%B31F,2023,フレンチ TOKYO,french_tokyo,発表日：2023年6月12日
ラ・ファソン 古賀,東京都渋谷区上原1-32-5 ロイヤルテラス 1F,食べログ フレンチ TOKYO 百名店 2023,https://tabelog.com/tokyo/A1318/A131811/13155778/,https://www.google.com/maps/search/?api=1&query=%E3%83%A9%E3%83%BB%E3%83%95%E3%82%A1%E3%82%BD%E3%83%B3%20%E5%8F%A4%E8%B3%80%20%E6%9D%B1%E4%BA%AC%E9%83%BD%E6%B8%8B%E8%B0%B7%E5%8C%BA%E4%B8%8A%E5%8E%9F1-32-5%20%E3%83%AD%E3%82%A4%E3%83%A4%E3%83%AB%E3%83%86%E3%83%A9%E3%82%B9%201F,2023,フレンチ TOKYO,french_tokyo,発表日：2023年6月12日
シュマン,東京都港区赤坂2-17-7 赤坂溜池タワーＡＮＮＥＸ　１Ｆ,食べログ フレンチ TOKYO 百名店 2023,https://tabelog.com/tokyo/A1308/A130801/13001336/,https://www.google.com/maps/search/?api=1&query=%E3%82%B7%E3%83%A5%E3%83%9E%E3%83%B3%20%E6%9D%B1%E4%BA%AC%E9%83%BD%E6%B8%AF%E5%8C%BA%E8%B5%A4%E5%9D%822-17-7%20%E8%B5%A4%E5%9D%82%E6%BA%9C%E6%B1%A0%E3%82%BF%E3%83%AF%E3%83%BC%EF%BC%A1%EF%BC%AE%EF%BC%AE%EF%BC%A5%EF%BC%B8%E3%80%80%EF%BC%91%EF%BC%A6,2023,フレンチ TOKYO,french_tokyo,発表日：2023年6月12日
北島亭,東京都新宿区四谷三栄町15-2 ＪＨＣビル 1F,食べログ フレンチ TOKYO 百名店 2023,https://tabelog.com/tokyo/A1309/A130902/13000945/,https://www.google.com/maps/search/?api=1&query=%E5%8C%97%E5%B3%B6%E4%BA%AD%20%E6%9D%B1%E4%BA%AC%E9%83%BD%E6%96%B0%E5%AE%BF%E5%8C%BA%E5%9B%9B%E8%B0%B7%E4%B8%89%E6%A0%84%E7%94%BA15-2%20%EF%BC%AA%EF%BC%A8%EF%BC%A3%E3%83%93%E3%83%AB%201F,2023,フレンチ TOKYO,french_tokyo,発表日：2023年6月12日
カンテサンス,東京都品川区北品川6-7-29 ガーデンシティ品川 御殿山 1F,食べログ フレンチ TOKYO 百名店 2023,https://tabelog.com/tokyo/A1314/A131405/13159567/,https://www.google.com/maps/search/?api=1&query=%E3%82%AB%E3%83%B3%E3%83%86%E3%82%B5%E3%83%B3%E3%82%B9%20%E6%9D%B1%E4%BA%AC%E9%83%BD%E5%93%81%E5%B7%9D%E5%8C%BA%E5%8C%97%E5%93%81%E5%B7%9D6-7-29%20%E3%82%AC%E3%83%BC%E3%83%87%E3%83%B3%E3%82%B7%E3%83%86%E3%82%A3%E5%93%81%E5%B7%9D%20%E5%BE%A1%E6%AE%BF%E5%B1%B1%201F,2023,フレンチ TOKYO,french_tokyo,発表日：2023年6月12日
サンプリシテ,東京都渋谷区猿楽町3-9 アヴェニューサイド代官山1 2F,食べログ フレンチ TOKYO 百名店 2023,https://tabelog.com/tokyo/A1303/A130303/13216899/,https://www.google.com/maps/search/?api=1&query=%E3%82%B5%E3%83%B3%E3%83%97%E3%83%AA%E3%82%B7%E3%83%86%20%E6%9D%B1%E4%BA%AC%E9%83%BD%E6%B8%8B%E8%B0%B7%E5%8C%BA%E7%8C%BF%E6%A5%BD%E7%94%BA3-9%20%E3%82%A2%E3%83%B4%E3%82%A7%E3%83%8B%E3%83%A5%E3%83%BC%E3%82%B5%E3%82%A4%E3%83%89%E4%BB%A3%E5%AE%98%E5%B1%B11%202F,2023,フレンチ TOKYO,french_tokyo,発表日：2023年6月12日
プレヴナンス,東京都港区南青山2-13-7 マトリス 1F,食べログ フレンチ TOKYO 百名店 2023,https://tabelog.com/tokyo/A1306/A130603/13162493/,https://www.google.com/maps/search/?api=1&query=%E3%83%97%E3%83%AC%E3%83%B4%E3%83%8A%E3%83%B3%E3%82%B9%20%E6%9D%B1%E4%BA%AC%E9%83%BD%E6%B8%AF%E5%8C%BA%E5%8D%97%E9%9D%92%E5%B1%B12-13-7%20%E3%83%9E%E3%83%88%E3%83%AA%E3%82%B9%201F,2023,フレンチ TOKYO,french_tokyo,発表日：2023年6月12日
Ata,東京都渋谷区猿楽町2-5 佐藤エステートビル 1F,食べログ フレンチ TOKYO 百名店 2023,https://tabelog.com/tokyo/A1303/A130303/13150975/,https://www.google.com/maps/search/?api=1&query=Ata%20%E6%9D%B1%E4%BA%AC%E9%83%BD%E6%B8%8B%E8%B0%B7%E5%8C%BA%E7%8C%BF%E6%A5%BD%E7%94%BA2-5%20%E4%BD%90%E8%97%A4%E3%82%A8%E3%82%B9%E3%83%86%E3%83%BC%E3%83%88%E3%83%93%E3%83%AB%201F,2023,フレンチ TOKYO,french_tokyo,発表日：2023年6月12日
L'EAU,東京都港区南青山2-14-14 南青山KFKビル B1F,食べログ フレンチ TOKYO 百名店 2023,https://tabelog.com/tokyo/A1306/A130603/13228902/,https://www.google.com/maps/search/?api=1&query=L%27EAU%20%E6%9D%B1%E4%BA%AC%E9%83%BD%E6%B8%AF%E5%8C%BA%E5%8D%97%E9%9D%92%E5%B1%B12-14-14%20%E5%8D%97%E9%9D%92%E5%B1%B1KFK%E3%83%93%E3%83%AB%20B1F,2023,フレンチ TOKYO,french_tokyo,発表日：2023年6月12日
サンフォコン,東京都渋谷区西原3-5-3 小林ビル1F,食べログ フレンチ TOKYO 百名店 2023,https://tabelog.com/tokyo/A1318/A131811/13140057/,https://www.google.com/maps/search/?api=1&query=%E3%82%B5%E3%83%B3%E3%83%95%E3%82%A9%E3%82%B3%E3%83%B3%20%E6%9D%B1%E4%BA%AC%E9%83%BD%E6%B8%8B%E8%B0%B7%E5%8C%BA%E8%A5%BF%E5%8E%9F3-5-3%20%E5%B0%8F%E6%9E%97%E3%83%93%E3%83%AB1F,2023,フレンチ TOKYO,french_tokyo,発表日：2023年6月12日
レストラン コバヤシ,東京都江戸川区平井5-9-4,食べログ フレンチ TOKYO 百名店 2023,https://tabelog.com/tokyo/A1312/A131202/13002939/,https://www.google.com/maps/search/?api=1&query=%E3%83%AC%E3%82%B9%E3%83%88%E3%83%A9%E3%83%B3%20%E3%82%B3%E3%83%90%E3%83%A4%E3%82%B7%20%E6%9D%B1%E4%BA%AC%E9%83%BD%E6%B1%9F%E6%88%B8%E5%B7%9D%E5%8C%BA%E5%B9%B3%E4%BA%955-9-4,2023,フレンチ TOKYO,french_tokyo,発表日：2023年6月12日
レストラン リューズ,東京都港区六本木4-2-35 VORT六本木Dual's B1F (旧 URABAN STYLE ROPPONGI MIKAWADAI),食べログ フレンチ TOKYO 百名店 2023,https://tabelog.com/tokyo/A1307/A130701/13122126/,https://www.google.com/maps/search/?api=1&query=%E3%83%AC%E3%82%B9%E3%83%88%E3%83%A9%E3%83%B3%20%E3%83%AA%E3%83%A5%E3%83%BC%E3%82%BA%20%E6%9D%B1%E4%BA%AC%E9%83%BD%E6%B8%AF%E5%8C%BA%E5%85%AD%E6%9C%AC%E6%9C%A84-2-35%20VORT%E5%85%AD%E6%9C%AC%E6%9C%A8Dual%27s%20B1F%20%28%E6%97%A7%20URABAN%20STYLE%20ROPPONGI%20MIKAWADAI%29,2023,フレンチ TOKYO,french_tokyo,発表日：2023年6月12日
ル・マンジュ・トゥー,東京都新宿区納戸町22,食べログ フレンチ TOKYO 百名店 2023,https://tabelog.com/tokyo/A1309/A130905/13000469/,https://www.google.com/maps/search/?api=1&query=%E3%83%AB%E3%83%BB%E3%83%9E%E3%83%B3%E3%82%B8%E3%83%A5%E3%83%BB%E3%83%88%E3%82%A5%E3%83%BC%20%E6%9D%B1%E4%BA%AC%E9%83%BD%E6%96%B0%E5%AE%BF%E5%8C%BA%E7%B4%8D%E6%88%B8%E7%94%BA22,2023,フレンチ TOKYO,french_tokyo,発表日：2023年6月12日
AZUR et MASA UEKI,東京都港区西麻布2-24-7 西麻布MAビル 1F,食べログ フレンチ TOKYO 百名店 2023,https://tabelog.com/tokyo/A1307/A130701/13206559/,https://www.google.com/maps/search/?api=1&query=AZUR%20et%20MASA%20UEKI%20%E6%9D%B1%E4%BA%AC%E9%83%BD%E6%B8%AF%E5%8C%BA%E8%A5%BF%E9%BA%BB%E5%B8%832-24-7%20%E8%A5%BF%E9%BA%BB%E5%B8%83MA%E3%83%93%E3%83%AB%201F,2023,フレンチ TOKYO,french_tokyo,発表日：2023年6月12日
モンプチコションローズ,東京都文京区千石4-40-3 コーポメジューブ 1F,食べログ フレンチ TOKYO 百名店 2023,https://tabelog.com/tokyo/A1323/A132301/13147009/,https://www.google.com/maps/search/?api=1&query=%E3%83%A2%E3%83%B3%E3%83%97%E3%83%81%E3%82%B3%E3%82%B7%E3%83%A7%E3%83%B3%E3%83%AD%E3%83%BC%E3%82%BA%20%E6%9D%B1%E4%BA%AC%E9%83%BD%E6%96%87%E4%BA%AC%E5%8C%BA%E5%8D%83%E7%9F%B34-40-3%20%E3%82%B3%E3%83%BC%E3%83%9D%E3%83%A1%E3%82%B8%E3%83%A5%E3%83%BC%E3%83%96%201F,2023,フレンチ TOKYO,french_tokyo,発表日：2023年6月12日
ロオジエ,東京都中央区銀座7-5-5,食べログ フレンチ TOKYO 百名店 2023,https://tabelog.com/tokyo/A1301/A130101/13002607/,https://www.google.com/maps/search/?api=1&query=%E3%83%AD%E3%82%AA%E3%82%B8%E3%82%A8%20%E6%9D%B1%E4%BA%AC%E9%83%BD%E4%B8%AD%E5%A4%AE%E5%8C%BA%E9%8A%80%E5%BA%A77-5-5,2023,フレンチ TOKYO,french_tokyo,発表日：2023年6月12日
ルカンケ,東京都港区白金台5-17-11,食べログ フレンチ TOKYO 百名店 2023,https://tabelog.com/tokyo/A1316/A131602/13099717/,https://www.google.com/maps/search/?api=1&query=%E3%83%AB%E3%82%AB%E3%83%B3%E3%82%B1%20%E6%9D%B1%E4%BA%AC%E9%83%BD%E6%B8%AF%E5%8C%BA%E7%99%BD%E9%87%91%E5%8F%B05-17-11,2023,フレンチ TOKYO,french_tokyo,発表日：2023年6月12日
レザンファン ギャテ,東京都渋谷区猿楽町2-3,食べログ フレンチ TOKYO 百名店 2023,https://tabelog.com/tokyo/A1303/A130303/13039567/,https://www.google.com/maps/search/?api=1&query=%E3%83%AC%E3%82%B6%E3%83%B3%E3%83%95%E3%82%A1%E3%83%B3%20%E3%82%AE%E3%83%A3%E3%83%86%20%E6%9D%B1%E4%BA%AC%E9%83%BD%E6%B8%8B%E8%B0%B7%E5%8C%BA%E7%8C%BF%E6%A5%BD%E7%94%BA2-3,2023,フレンチ TOKYO,french_tokyo,発表日：2023年6月12日
ラ クレリエール,東京都港区白金3-14-10 ベルパラーゾシロカネ 1F,食べログ フレンチ TOKYO 百名店 2023,https://tabelog.com/tokyo/A1316/A131602/13194179/,https://www.google.com/maps/search/?api=1&query=%E3%83%A9%20%E3%82%AF%E3%83%AC%E3%83%AA%E3%82%A8%E3%83%BC%E3%83%AB%20%E6%9D%B1%E4%BA%AC%E9%83%BD%E6%B8%AF%E5%8C%BA%E7%99%BD%E9%87%913-14-10%20%E3%83%99%E3%83%AB%E3%83%91%E3%83%A9%E3%83%BC%E3%82%BE%E3%82%B7%E3%83%AD%E3%82%AB%E3%83%8D%201F,2023,フレンチ TOKYO,french_tokyo,発表日：2023年6月12日
TAIAN,東京都港区西麻布4-8-12 マノワール西麻布 B1F,食べログ フレンチ TOKYO 百名店 2023,https://tabelog.com/tokyo/A1307/A130703/13221963/,https://www.google.com/maps/search/?api=1&query=TAIAN%20%E6%9D%B1%E4%BA%AC%E9%83%BD%E6%B8%AF%E5%8C%BA%E8%A5%BF%E9%BA%BB%E5%B8%834-8-12%20%E3%83%9E%E3%83%8E%E3%83%AF%E3%83%BC%E3%83%AB%E8%A5%BF%E9%BA%BB%E5%B8%83%20B1F,2023,フレンチ TOKYO,french_tokyo,発表日：2023年6月12日
ル スプートニク,東京都港区六本木7-9-9 リッモーネ六本木1階,食べログ フレンチ TOKYO 百名店 2023,https://tabelog.com/tokyo/A1307/A130701/13184105/,https://www.google.com/maps/search/?api=1&query=%E3%83%AB%20%E3%82%B9%E3%83%97%E3%83%BC%E3%83%88%E3%83%8B%E3%82%AF%20%E6%9D%B1%E4%BA%AC%E9%83%BD%E6%B8%AF%E5%8C%BA%E5%85%AD%E6%9C%AC%E6%9C%A87-9-9%20%E3%83%AA%E3%83%83%E3%83%A2%E3%83%BC%E3%83%8D%E5%85%AD%E6%9C%AC%E6%9C%A81%E9%9A%8E,2023,フレンチ TOKYO,french_tokyo,発表日：2023年6月12日
レストランエール,東京都中央区銀座5-7-10 EXIT MELSA 8F,食べログ フレンチ TOKYO 百名店 2023,https://tabelog.com/tokyo/A1301/A130101/13186624/,https://www.google.com/maps/search/?api=1&query=%E3%83%AC%E3%82%B9%E3%83%88%E3%83%A9%E3%83%B3%E3%82%A8%E3%83%BC%E3%83%AB%20%E6%9D%B1%E4%BA%AC%E9%83%BD%E4%B8%AD%E5%A4%AE%E5%8C%BA%E9%8A%80%E5%BA%A75-7-10%20EXIT%20MELSA%208F,2023,フレンチ TOKYO,french_tokyo,発表日：2023年6月12日
レフェルヴェソンス,東京都港区西麻布2-26-4,食べログ フレンチ TOKYO 百名店 2023,https://tabelog.com/tokyo/A1306/A130602/13116356/,https://www.google.com/maps/search/?api=1&query=%E3%83%AC%E3%83%95%E3%82%A7%E3%83%AB%E3%83%B4%E3%82%A7%E3%82%BD%E3%83%B3%E3%82%B9%20%E6%9D%B1%E4%BA%AC%E9%83%BD%E6%B8%AF%E5%8C%BA%E8%A5%BF%E9%BA%BB%E5%B8%832-26-4,2023,フレンチ TOKYO,french_tokyo,発表日：2023年6月12日
KOTARO Hasegawa DOWNTOWN CUISINE,東京都台東区台東4-2-11,食べログ フレンチ TOKYO 百名店 2023,https://tabelog.com/tokyo/A1311/A131101/13229542/,https://www.google.com/maps/search/?api=1&query=KOTARO%20Hasegawa%20DOWNTOWN%20CUISINE%20%E6%9D%B1%E4%BA%AC%E9%83%BD%E5%8F%B0%E6%9D%B1%E5%8C%BA%E5%8F%B0%E6%9D%B14-2-11,2023,フレンチ TOKYO,french_tokyo,発表日：2023年6月12日
フロリレージュ,東京都渋谷区神宮前2-5-4 SEIZAN外苑 B1,食べログ フレンチ TOKYO 百名店 2023,https://tabelog.com/tokyo/A1306/A130601/13093814/,https://www.google.com/maps/search/?api=1&query=%E3%83%95%E3%83%AD%E3%83%AA%E3%83%AC%E3%83%BC%E3%82%B8%E3%83%A5%20%E6%9D%B1%E4%BA%AC%E9%83%BD%E6%B8%8B%E8%B0%B7%E5%8C%BA%E7%A5%9E%E5%AE%AE%E5%89%8D2-5-4%20SEIZAN%E5%A4%96%E8%8B%91%20B1,2023,フレンチ TOKYO,french_tokyo,発表日：2023年6月12日
ル・ジャルダン・デ・サヴール,東京都中央区銀座6-16-11 銀座山本ビル B１F,食べログ フレンチ TOKYO 百名店 2023,https://tabelog.com/tokyo/A1301/A130101/13002341/,https://www.google.com/maps/search/?api=1&query=%E3%83%AB%E3%83%BB%E3%82%B8%E3%83%A3%E3%83%AB%E3%83%80%E3%83%B3%E3%83%BB%E3%83%87%E3%83%BB%E3%82%B5%E3%83%B4%E3%83%BC%E3%83%AB%20%E6%9D%B1%E4%BA%AC%E9%83%BD%E4%B8%AD%E5%A4%AE%E5%8C%BA%E9%8A%80%E5%BA%A76-16-11%20%E9%8A%80%E5%BA%A7%E5%B1%B1%E6%9C%AC%E3%83%93%E3%83%AB%20B%EF%BC%91F,2023,フレンチ TOKYO,french_tokyo,発表日：2023年6月12日
ボニュ,東京都渋谷区代々木4-22-17 クイーンズ代々木 1F,食べログ フレンチ TOKYO 百名店 2023,https://tabelog.com/tokyo/A1304/A130401/13184186/,https://www.google.com/maps/search/?api=1&query=%E3%83%9C%E3%83%8B%E3%83%A5%20%E6%9D%B1%E4%BA%AC%E9%83%BD%E6%B8%8B%E8%B0%B7%E5%8C%BA%E4%BB%A3%E3%80%85%E6%9C%A84-22-17%20%E3%82%AF%E3%82%A4%E3%83%BC%E3%83%B3%E3%82%BA%E4%BB%A3%E3%80%85%E6%9C%A8%201F,2023,フレンチ TOKYO,french_tokyo,発表日：2023年6月12日
フランス料理 タンモア,東京都港区赤坂8-13-19 インペリアル赤坂壱番館 B1F,食べログ フレンチ TOKYO 百名店 2023,https://tabelog.com/tokyo/A1307/A130701/13225590/,https://www.google.com/maps/search/?api=1&query=%E3%83%95%E3%83%A9%E3%83%B3%E3%82%B9%E6%96%99%E7%90%86%20%E3%82%BF%E3%83%B3%E3%83%A2%E3%82%A2%20%E6%9D%B1%E4%BA%AC%E9%83%BD%E6%B8%AF%E5%8C%BA%E8%B5%A4%E5%9D%828-13-19%20%E3%82%A4%E3%83%B3%E3%83%9A%E3%83%AA%E3%82%A2%E3%83%AB%E8%B5%A4%E5%9D%82%E5%A3%B1%E7%95%AA%E9%A4%A8%20B1F,2023,フレンチ TOKYO,french_tokyo,発表日：2023年6月12日
L'Octave Hayato KOBAYASHI,東京都渋谷区千駄ヶ谷3-30-9 モデリアブリュット 101,食べログ フレンチ TOKYO 百名店 2023,https://tabelog.com/tokyo/A1309/A130901/13186978/,https://www.google.com/maps/search/?api=1&query=L%27Octave%20Hayato%20KOBAYASHI%20%E6%9D%B1%E4%BA%AC%E9%83%BD%E6%B8%8B%E8%B0%B7%E5%8C%BA%E5%8D%83%E9%A7%84%E3%83%B6%E8%B0%B73-30-9%20%E3%83%A2%E3%83%87%E3%83%AA%E3%82%A2%E3%83%96%E3%83%AA%E3%83%A5%E3%83%83%E3%83%88%20101,2023,フレンチ TOKYO,french_tokyo,発表日：2023年6月12日
ラ・ボンヌターブル,東京都中央区日本橋室町2-3-1 コレド室町2 1F,食べログ フレンチ TOKYO 百名店 2023,https://tabelog.com/tokyo/A1302/A130202/13166325/,https://www.google.com/maps/search/?api=1&query=%E3%83%A9%E3%83%BB%E3%83%9C%E3%83%B3%E3%83%8C%E3%82%BF%E3%83%BC%E3%83%96%E3%83%AB%20%E6%9D%B1%E4%BA%AC%E9%83%BD%E4%B8%AD%E5%A4%AE%E5%8C%BA%E6%97%A5%E6%9C%AC%E6%A9%8B%E5%AE%A4%E7%94%BA2-3-1%20%E3%82%B3%E3%83%AC%E3%83%89%E5%AE%A4%E7%94%BA2%201F,2023,フレンチ TOKYO,french_tokyo,発表日：2023年6月12日
トゥールダルジャン 東京,東京都千代田区紀尾井町4-1 ホテルニューオータニ東京 ロビィ階,食べログ フレンチ TOKYO 百名店 2023,https://tabelog.com/tokyo/A1308/A130803/13000288/,https://www.google.com/maps/search/?api=1&query=%E3%83%88%E3%82%A5%E3%83%BC%E3%83%AB%E3%83%80%E3%83%AB%E3%82%B8%E3%83%A3%E3%83%B3%20%E6%9D%B1%E4%BA%AC%20%E6%9D%B1%E4%BA%AC%E9%83%BD%E5%8D%83%E4%BB%A3%E7%94%B0%E5%8C%BA%E7%B4%80%E5%B0%BE%E4%BA%95%E7%94%BA4-1%20%E3%83%9B%E3%83%86%E3%83%AB%E3%83%8B%E3%83%A5%E3%83%BC%E3%82%AA%E3%83%BC%E3%82%BF%E3%83%8B%E6%9D%B1%E4%BA%AC%20%E3%83%AD%E3%83%93%E3%82%A3%E9%9A%8E,2023,フレンチ TOKYO,french_tokyo,発表日：2023年6月12日
ダム・ジャンヌ,東京都渋谷区円山町23-4 サトウ コーポラス 1F,食べログ フレンチ TOKYO 百名店 2023,https://tabelog.com/tokyo/A1303/A130301/13053893/,https://www.google.com/maps/search/?api=1&query=%E3%83%80%E3%83%A0%E3%83%BB%E3%82%B8%E3%83%A3%E3%83%B3%E3%83%8C%20%E6%9D%B1%E4%BA%AC%E9%83%BD%E6%B8%8B%E8%B0%B7%E5%8C%BA%E5%86%86%E5%B1%B1%E7%94%BA23-4%20%E3%82%B5%E3%83%88%E3%82%A6%20%E3%82%B3%E3%83%BC%E3%83%9D%E3%83%A9%E3%82%B9%201F,2023,フレンチ TOKYO,french_tokyo,発表日：2023年6月12日
Takumi,東京都港区西麻布1-11-10 ビルマーサ 1F,食べログ フレンチ TOKYO 百名店 2023,https://tabelog.com/tokyo/A1307/A130701/13204624/,https://www.google.com/maps/search/?api=1&query=Takumi%20%E6%9D%B1%E4%BA%AC%E9%83%BD%E6%B8%AF%E5%8C%BA%E8%A5%BF%E9%BA%BB%E5%B8%831-11-10%20%E3%83%93%E3%83%AB%E3%83%9E%E3%83%BC%E3%82%B5%201F,2023,フレンチ TOKYO,french_tokyo,発表日：2023年6月12日
シェ・イノ,東京都中央区京橋2-4-16 明治京橋ビル1F,食べログ フレンチ TOKYO 百名店 2023,https://tabelog.com/tokyo/A1302/A130202/13000510/,https://www.google.com/maps/search/?api=1&query=%E3%82%B7%E3%82%A7%E3%83%BB%E3%82%A4%E3%83%8E%20%E6%9D%B1%E4%BA%AC%E9%83%BD%E4%B8%AD%E5%A4%AE%E5%8C%BA%E4%BA%AC%E6%A9%8B2-4-16%20%E6%98%8E%E6%B2%BB%E4%BA%AC%E6%A9%8B%E3%83%93%E3%83%AB1F,2023,フレンチ TOKYO,french_tokyo,発表日：2023年6月12日
モノリス,東京都渋谷区渋谷2-6-1 ウィンド渋谷 1F,食べログ フレンチ TOKYO 百名店 2023,https://tabelog.com/tokyo/A1303/A130301/13108686/,https://www.google.com/maps/search/?api=1&query=%E3%83%A2%E3%83%8E%E3%83%AA%E3%82%B9%20%E6%9D%B1%E4%BA%AC%E9%83%BD%E6%B8%8B%E8%B0%B7%E5%8C%BA%E6%B8%8B%E8%B0%B72-6-1%20%E3%82%A6%E3%82%A3%E3%83%B3%E3%83%89%E6%B8%8B%E8%B0%B7%201F,2023,フレンチ TOKYO,french_tokyo,発表日：2023年6月12日
ラ・ブランシュ,東京都渋谷区渋谷2-3-1 青山ポニーハイム　２Ｆ,食べログ フレンチ TOKYO 百名店 2023,https://tabelog.com/tokyo/A1303/A130301/13002111/,https://www.google.com/maps/search/?api=1&query=%E3%83%A9%E3%83%BB%E3%83%96%E3%83%A9%E3%83%B3%E3%82%B7%E3%83%A5%20%E6%9D%B1%E4%BA%AC%E9%83%BD%E6%B8%8B%E8%B0%B7%E5%8C%BA%E6%B8%8B%E8%B0%B72-3-1%20%E9%9D%92%E5%B1%B1%E3%83%9D%E3%83%8B%E3%83%BC%E3%83%8F%E3%82%A4%E3%83%A0%E3%80%80%EF%BC%92%EF%BC%A6,2023,フレンチ TOKYO,french_tokyo,発表日：2023年6月12日
ラール・エ・ラ・マニエール,東京都中央区銀座3-4-17 オプティカ　Ｂ１Ｆ,食べログ フレンチ TOKYO 百名店 2023,https://tabelog.com/tokyo/A1301/A130101/13095732/,https://www.google.com/maps/search/?api=1&query=%E3%83%A9%E3%83%BC%E3%83%AB%E3%83%BB%E3%82%A8%E3%83%BB%E3%83%A9%E3%83%BB%E3%83%9E%E3%83%8B%E3%82%A8%E3%83%BC%E3%83%AB%20%E6%9D%B1%E4%BA%AC%E9%83%BD%E4%B8%AD%E5%A4%AE%E5%8C%BA%E9%8A%80%E5%BA%A73-4-17%20%E3%82%AA%E3%83%97%E3%83%86%E3%82%A3%E3%82%AB%E3%80%80%EF%BC%A2%EF%BC%91%EF%BC%A6,2023,フレンチ TOKYO,french_tokyo,発表日：2023年6月12日
Alchimiste,東京都港区白金台5-17-10,食べログ フレンチ TOKYO 百名店 2023,https://tabelog.com/tokyo/A1316/A131602/13256112/,https://www.google.com/maps/search/?api=1&query=Alchimiste%20%E6%9D%B1%E4%BA%AC%E9%83%BD%E6%B8%AF%E5%8C%BA%E7%99%BD%E9%87%91%E5%8F%B05-17-10,2023,フレンチ TOKYO,french_tokyo,発表日：2023年6月12日
ガストロノミー ジョエル・ロブション,東京都目黒区三田1-13-1 恵比寿ガーデンプレイス,食べログ フレンチ TOKYO 百名店 2023,https://tabelog.com/tokyo/A1303/A130302/13009310/,https://www.google.com/maps/search/?api=1&query=%E3%82%AC%E3%82%B9%E3%83%88%E3%83%AD%E3%83%8E%E3%83%9F%E3%83%BC%20%E3%82%B8%E3%83%A7%E3%82%A8%E3%83%AB%E3%83%BB%E3%83%AD%E3%83%96%E3%82%B7%E3%83%A7%E3%83%B3%20%E6%9D%B1%E4%BA%AC%E9%83%BD%E7%9B%AE%E9%BB%92%E5%8C%BA%E4%B8%89%E7%94%B01-13-1%20%E6%81%B5%E6%AF%94%E5%AF%BF%E3%82%AC%E3%83%BC%E3%83%87%E3%83%B3%E3%83%97%E3%83%AC%E3%82%A4%E3%82%B9,2023,フレンチ TOKYO,french_tokyo,発表日：2023年6月12日
オマージュ,東京都台東区浅草4-10-5,食べログ フレンチ TOKYO 百名店 2023,https://tabelog.com/tokyo/A1311/A131102/13008700/,https://www.google.com/maps/search/?api=1&query=%E3%82%AA%E3%83%9E%E3%83%BC%E3%82%B8%E3%83%A5%20%E6%9D%B1%E4%BA%AC%E9%83%BD%E5%8F%B0%E6%9D%B1%E5%8C%BA%E6%B5%85%E8%8D%894-10-5,2023,フレンチ TOKYO,french_tokyo,発表日：2023年6月12日
ラシェット・ブランシュ,東京都港区白金3-2-2 パール白金　１Ｆ,食べログ フレンチ TOKYO 百名店 2023,https://tabelog.com/tokyo/A1316/A131602/13004471/,https://www.google.com/maps/search/?api=1&query=%E3%83%A9%E3%82%B7%E3%82%A7%E3%83%83%E3%83%88%E3%83%BB%E3%83%96%E3%83%A9%E3%83%B3%E3%82%B7%E3%83%A5%20%E6%9D%B1%E4%BA%AC%E9%83%BD%E6%B8%AF%E5%8C%BA%E7%99%BD%E9%87%913-2-2%20%E3%83%91%E3%83%BC%E3%83%AB%E7%99%BD%E9%87%91%E3%80%80%EF%BC%91%EF%BC%A6,2023,フレンチ TOKYO,french_tokyo,発表日：2023年6月12日
レストラン ラ フィネス,東京都港区新橋4-9-1 新橋プラザビル B1F,食べログ フレンチ TOKYO 百名店 2023,https://tabelog.com/tokyo/A1301/A130103/13139171/,https://www.google.com/maps/search/?api=1&query=%E3%83%AC%E3%82%B9%E3%83%88%E3%83%A9%E3%83%B3%20%E3%83%A9%20%E3%83%95%E3%82%A3%E3%83%8D%E3%82%B9%20%E6%9D%B1%E4%BA%AC%E9%83%BD%E6%B8%AF%E5%8C%BA%E6%96%B0%E6%A9%8B4-9-1%20%E6%96%B0%E6%A9%8B%E3%83%97%E3%83%A9%E3%82%B6%E3%83%93%E3%83%AB%20B1F,2023,フレンチ TOKYO,french_tokyo,発表日：2023年6月12日
abysse,東京都渋谷区恵比寿西1-30-12 EBISU-HILLS 1F,食べログ フレンチ TOKYO 百名店 2023,https://tabelog.com/tokyo/A1303/A130302/13232482/,https://www.google.com/maps/search/?api=1&query=abysse%20%E6%9D%B1%E4%BA%AC%E9%83%BD%E6%B8%8B%E8%B0%B7%E5%8C%BA%E6%81%B5%E6%AF%94%E5%AF%BF%E8%A5%BF1-30-12%20EBISU-HILLS%201F,2023,フレンチ TOKYO,french_tokyo,発表日：2023年6月12日
ASAHINA Gastronome,東京都中央区日本橋兜町1-4 M-SQUAREビル 1F,食べログ フレンチ TOKYO 百名店 2023,https://tabelog.com/tokyo/A1302/A130203/13227385/,https://www.google.com/maps/search/?api=1&query=ASAHINA%20Gastronome%20%E6%9D%B1%E4%BA%AC%E9%83%BD%E4%B8%AD%E5%A4%AE%E5%8C%BA%E6%97%A5%E6%9C%AC%E6%A9%8B%E5%85%9C%E7%94%BA1-4%20M-SQUARE%E3%83%93%E3%83%AB%201F,2023,フレンチ TOKYO,french_tokyo,発表日：2023年6月12日
エディション・コウジ シモムラ,東京都港区六本木3-1-1 六本木ティーキューブ1F,食べログ フレンチ TOKYO 百名店 2023,https://tabelog.com/tokyo/A1307/A130701/13042074/,https://www.google.com/maps/search/?api=1&query=%E3%82%A8%E3%83%87%E3%82%A3%E3%82%B7%E3%83%A7%E3%83%B3%E3%83%BB%E3%82%B3%E3%82%A6%E3%82%B8%20%E3%82%B7%E3%83%A2%E3%83%A0%E3%83%A9%20%E6%9D%B1%E4%BA%AC%E9%83%BD%E6%B8%AF%E5%8C%BA%E5%85%AD%E6%9C%AC%E6%9C%A83-1-1%20%E5%85%AD%E6%9C%AC%E6%9C%A8%E3%83%86%E3%82%A3%E3%83%BC%E3%82%AD%E3%83%A5%E3%83%BC%E3%83%961F,2023,フレンチ TOKYO,french_tokyo,発表日：2023年6月12日
銀座 大石,東京都中央区銀座2-10-11 マロニエ通り銀座館 2F,食べログ フレンチ TOKYO 百名店 2023,https://tabelog.com/tokyo/A1301/A130101/13238352/,https://www.google.com/maps/search/?api=1&query=%E9%8A%80%E5%BA%A7%20%E5%A4%A7%E7%9F%B3%20%E6%9D%B1%E4%BA%AC%E9%83%BD%E4%B8%AD%E5%A4%AE%E5%8C%BA%E9%8A%80%E5%BA%A72-10-11%20%E3%83%9E%E3%83%AD%E3%83%8B%E3%82%A8%E9%80%9A%E3%82%8A%E9%8A%80%E5%BA%A7%E9%A4%A8%202F,2023,フレンチ TOKYO,french_tokyo,発表日：2023年6月12日
L'éclaireur,東京都渋谷区代官山町6-6 SPT代官山ビルディング 1F,食べログ フレンチ TOKYO 百名店 2023,https://tabelog.com/tokyo/A1303/A130303/13261607/,https://www.google.com/maps/search/?api=1&query=L%27%C3%A9claireur%20%E6%9D%B1%E4%BA%AC%E9%83%BD%E6%B8%8B%E8%B0%B7%E5%8C%BA%E4%BB%A3%E5%AE%98%E5%B1%B1%E7%94%BA6-6%20SPT%E4%BB%A3%E5%AE%98%E5%B1%B1%E3%83%93%E3%83%AB%E3%83%87%E3%82%A3%E3%83%B3%E3%82%B0%201F,2023,フレンチ TOKYO,french_tokyo,発表日：2023年6月12日
エスキス,東京都中央区銀座5-4-6 ロイヤルクリスタル銀座 9Ｆ,食べログ フレンチ TOKYO 百名店 2023,https://tabelog.com/tokyo/A1301/A130101/13142530/,https://www.google.com/maps/search/?api=1&query=%E3%82%A8%E3%82%B9%E3%82%AD%E3%82%B9%20%E6%9D%B1%E4%BA%AC%E9%83%BD%E4%B8%AD%E5%A4%AE%E5%8C%BA%E9%8A%80%E5%BA%A75-4-6%20%E3%83%AD%E3%82%A4%E3%83%A4%E3%83%AB%E3%82%AF%E3%83%AA%E3%82%B9%E3%82%BF%E3%83%AB%E9%8A%80%E5%BA%A7%209%EF%BC%A6,2023,フレンチ TOKYO,french_tokyo,発表日：2023年6月12日
SEZANNE,東京都千代田区丸の内1-11-1 パシフィックセンチュリープレイス,食べログ フレンチ TOKYO 百名店 2023,https://tabelog.com/tokyo/A1302/A130201/13256878/,https://www.google.com/maps/search/?api=1&query=SEZANNE%20%E6%9D%B1%E4%BA%AC%E9%83%BD%E5%8D%83%E4%BB%A3%E7%94%B0%E5%8C%BA%E4%B8%B8%E3%81%AE%E5%86%851-11-1%20%E3%83%91%E3%82%B7%E3%83%95%E3%82%A3%E3%83%83%E3%82%AF%E3%82%BB%E3%83%B3%E3%83%81%E3%83%A5%E3%83%AA%E3%83%BC%E3%83%97%E3%83%AC%E3%82%A4%E3%82%B9,2023,フレンチ TOKYO,french_tokyo,発表日：2023年6月12日
アジュール フォーティーファイブ,東京都港区赤坂9-7-1 ザ・リッツ・カールトン東京 45F,食べログ フレンチ TOKYO 百名店 2023,https://tabelog.com/tokyo/A1307/A130701/13117620/,https://www.google.com/maps/search/?api=1&query=%E3%82%A2%E3%82%B8%E3%83%A5%E3%83%BC%E3%83%AB%20%E3%83%95%E3%82%A9%E3%83%BC%E3%83%86%E3%82%A3%E3%83%BC%E3%83%95%E3%82%A1%E3%82%A4%E3%83%96%20%E6%9D%B1%E4%BA%AC%E9%83%BD%E6%B8%AF%E5%8C%BA%E8%B5%A4%E5%9D%829-7-1%20%E3%82%B6%E3%83%BB%E3%83%AA%E3%83%83%E3%83%84%E3%83%BB%E3%82%AB%E3%83%BC%E3%83%AB%E3%83%88%E3%83%B3%E6%9D%B1%E4%BA%AC%2045F,2023,フレンチ TOKYO,french_tokyo,発表日：2023年6月12日
ラチュレ,東京都渋谷区渋谷2-2-2 青山ルカビル B1F,食べログ フレンチ TOKYO 百名店 2023,https://tabelog.com/tokyo/A1303/A130301/13198692/,https://www.google.com/maps/search/?api=1&query=%E3%83%A9%E3%83%81%E3%83%A5%E3%83%AC%20%E6%9D%B1%E4%BA%AC%E9%83%BD%E6%B8%8B%E8%B0%B7%E5%8C%BA%E6%B8%8B%E8%B0%B72-2-2%20%E9%9D%92%E5%B1%B1%E3%83%AB%E3%82%AB%E3%83%93%E3%83%AB%20B1F,2023,フレンチ TOKYO,french_tokyo,発表日：2023年6月12日
AMOUR,東京都渋谷区広尾1-6-13,食べログ フレンチ TOKYO 百名店 2023,https://tabelog.com/tokyo/A1303/A130302/13142028/,https://www.google.com/maps/search/?api=1&query=AMOUR%20%E6%9D%B1%E4%BA%AC%E9%83%BD%E6%B8%8B%E8%B0%B7%E5%8C%BA%E5%BA%83%E5%B0%BE1-6-13,2023,フレンチ TOKYO,french_tokyo,発表日：2023年6月12日
unis,東京都港区虎ノ門1-23-3 虎ノ門ヒルズガーデンハウス 1F,食べログ フレンチ TOKYO 百名店 2023,https://tabelog.com/tokyo/A1308/A130802/13253159/,https://www.google.com/maps/search/?api=1&query=unis%20%E6%9D%B1%E4%BA%AC%E9%83%BD%E6%B8%AF%E5%8C%BA%E8%99%8E%E3%83%8E%E9%96%801-23-3%20%E8%99%8E%E3%83%8E%E9%96%80%E3%83%92%E3%83%AB%E3%82%BA%E3%82%AC%E3%83%BC%E3%83%87%E3%83%B3%E3%83%8F%E3%82%A6%E3%82%B9%201F,2023,フレンチ TOKYO,french_tokyo,発表日：2023年6月12日
銀座 レカン,東京都中央区銀座4-5-5 ミキモトビル Ｂ１Ｆ,食べログ フレンチ TOKYO 百名店 2023,https://tabelog.com/tokyo/A1301/A130101/13002444/,https://www.google.com/maps/search/?api=1&query=%E9%8A%80%E5%BA%A7%20%E3%83%AC%E3%82%AB%E3%83%B3%20%E6%9D%B1%E4%BA%AC%E9%83%BD%E4%B8%AD%E5%A4%AE%E5%8C%BA%E9%8A%80%E5%BA%A74-5-5%20%E3%83%9F%E3%82%AD%E3%83%A2%E3%83%88%E3%83%93%E3%83%AB%20%EF%BC%A2%EF%BC%91%EF%BC%A6,2023,フレンチ TOKYO,french_tokyo,発表日：2023年6月12日
シャントレル,東京都渋谷区元代々木町24-1 アブニ―ル元代々木 1F,食べログ フレンチ TOKYO 百名店 2023,https://tabelog.com/tokyo/A1318/A131810/13128296/,https://www.google.com/maps/search/?api=1&query=%E3%82%B7%E3%83%A3%E3%83%B3%E3%83%88%E3%83%AC%E3%83%AB%20%E6%9D%B1%E4%BA%AC%E9%83%BD%E6%B8%8B%E8%B0%B7%E5%8C%BA%E5%85%83%E4%BB%A3%E3%80%85%E6%9C%A8%E7%94%BA24-1%20%E3%82%A2%E3%83%96%E3%83%8B%E2%80%95%E3%83%AB%E5%85%83%E4%BB%A3%E3%80%85%E6%9C%A8%201F,2023,フレンチ TOKYO,french_tokyo,発表日：2023年6月12日
マダム・トキ,東京都渋谷区鉢山町14-7,食べログ フレンチ TOKYO 百名店 2023,https://tabelog.com/tokyo/A1303/A130303/13001707/,https://www.google.com/maps/search/?api=1&query=%E3%83%9E%E3%83%80%E3%83%A0%E3%83%BB%E3%83%88%E3%82%AD%20%E6%9D%B1%E4%BA%AC%E9%83%BD%E6%B8%8B%E8%B0%B7%E5%8C%BA%E9%89%A2%E5%B1%B1%E7%94%BA14-7,2023,フレンチ TOKYO,french_tokyo,発表日：2023年6月12日
レストラン マノワ,東京都渋谷区広尾1-10-6 プロスペクト グラーサ広尾 1F,食べログ フレンチ TOKYO 百名店 2023,https://tabelog.com/tokyo/A1303/A130302/13133477/,https://www.google.com/maps/search/?api=1&query=%E3%83%AC%E3%82%B9%E3%83%88%E3%83%A9%E3%83%B3%20%E3%83%9E%E3%83%8E%E3%83%AF%20%E6%9D%B1%E4%BA%AC%E9%83%BD%E6%B8%8B%E8%B0%B7%E5%8C%BA%E5%BA%83%E5%B0%BE1-10-6%20%E3%83%97%E3%83%AD%E3%82%B9%E3%83%9A%E3%82%AF%E3%83%88%20%E3%82%B0%E3%83%A9%E3%83%BC%E3%82%B5%E5%BA%83%E5%B0%BE%201F,2023,フレンチ TOKYO,french_tokyo,発表日：2023年6月12日
アン ファス,東京都中央区日本橋人形町2-11-9,食べログ フレンチ TOKYO 百名店 2023,https://tabelog.com/tokyo/A1302/A130204/13238193/,https://www.google.com/maps/search/?api=1&query=%E3%82%A2%E3%83%B3%20%E3%83%95%E3%82%A1%E3%82%B9%20%E6%9D%B1%E4%BA%AC%E9%83%BD%E4%B8%AD%E5%A4%AE%E5%8C%BA%E6%97%A5%E6%9C%AC%E6%A9%8B%E4%BA%BA%E5%BD%A2%E7%94%BA2-11-9,2023,フレンチ TOKYO,french_tokyo,発表日：2023年6月12日
オルグイユ,東京都港区南青山4-3-23 オリエンタル南青山 201,食べログ フレンチ TOKYO 百名店 2023,https://tabelog.com/tokyo/A1306/A130603/13192399/,https://www.google.com/maps/search/?api=1&query=%E3%82%AA%E3%83%AB%E3%82%B0%E3%82%A4%E3%83%A6%20%E6%9D%B1%E4%BA%AC%E9%83%BD%E6%B8%AF%E5%8C%BA%E5%8D%97%E9%9D%92%E5%B1%B14-3-23%20%E3%82%AA%E3%83%AA%E3%82%A8%E3%83%B3%E3%82%BF%E3%83%AB%E5%8D%97%E9%9D%92%E5%B1%B1%20201,2023,フレンチ TOKYO,french_tokyo,発表日：2023年6月12日
アルゴリズム,東京都港区白金6-5-3 さくら白金102,食べログ フレンチ TOKYO 百名店 2023,https://tabelog.com/tokyo/A1316/A131602/13213150/,https://www.google.com/maps/search/?api=1&query=%E3%82%A2%E3%83%AB%E3%82%B4%E3%83%AA%E3%82%BA%E3%83%A0%20%E6%9D%B1%E4%BA%AC%E9%83%BD%E6%B8%AF%E5%8C%BA%E7%99%BD%E9%87%916-5-3%20%E3%81%95%E3%81%8F%E3%82%89%E7%99%BD%E9%87%91102,2023,フレンチ TOKYO,french_tokyo,発表日：2023年6月12日
ソンブルイユ TOKYO,東京都千代田区富士見1-8-12,食べログ フレンチ TOKYO 百名店 2023,https://tabelog.com/tokyo/A1309/A130905/13211031/,https://www.google.com/maps/search/?api=1&query=%E3%82%BD%E3%83%B3%E3%83%96%E3%83%AB%E3%82%A4%E3%83%A6%20TOKYO%20%E6%9D%B1%E4%BA%AC%E9%83%BD%E5%8D%83%E4%BB%A3%E7%94%B0%E5%8C%BA%E5%AF%8C%E5%A3%AB%E8%A6%8B1-8-12,2023,フレンチ TOKYO,french_tokyo,発表日：2023年6月12日
グルマンディーズ,東京都港区西麻布3丁目17-23 プティコワン西麻布2F,食べログ フレンチ TOKYO 百名店 2023,https://tabelog.com/tokyo/A1307/A130701/13190448/,https://www.google.com/maps/search/?api=1&query=%E3%82%B0%E3%83%AB%E3%83%9E%E3%83%B3%E3%83%87%E3%82%A3%E3%83%BC%E3%82%BA%20%E6%9D%B1%E4%BA%AC%E9%83%BD%E6%B8%AF%E5%8C%BA%E8%A5%BF%E9%BA%BB%E5%B8%833%E4%B8%81%E7%9B%AE17-23%20%E3%83%97%E3%83%86%E3%82%A3%E3%82%B3%E3%83%AF%E3%83%B3%E8%A5%BF%E9%BA%BB%E5%B8%832F,2023,フレンチ TOKYO,french_tokyo,発表日：2023年6月12日
sincere,東京都渋谷区千駄ヶ谷3-7-13 原宿東急アパートメントＢ１,食べログ フレンチ TOKYO 百名店 2023,https://tabelog.com/tokyo/A1309/A130901/13194253/,https://www.google.com/maps/search/?api=1&query=sincere%20%E6%9D%B1%E4%BA%AC%E9%83%BD%E6%B8%8B%E8%B0%B7%E5%8C%BA%E5%8D%83%E9%A7%84%E3%83%B6%E8%B0%B73-7-13%20%E5%8E%9F%E5%AE%BF%E6%9D%B1%E6%80%A5%E3%82%A2%E3%83%91%E3%83%BC%E3%83%88%E3%83%A1%E3%83%B3%E3%83%88%EF%BC%A2%EF%BC%91,2023,フレンチ TOKYO,french_tokyo,発表日：2023年6月12日
フィリップ・ミル 東京,東京都港区赤坂9-7-4 東京ミッドタウン ガレリア ガーデンテラス4F,食べログ フレンチ TOKYO 百名店 2023,https://tabelog.com/tokyo/A1307/A130701/13205772/,https://www.google.com/maps/search/?api=1&query=%E3%83%95%E3%82%A3%E3%83%AA%E3%83%83%E3%83%97%E3%83%BB%E3%83%9F%E3%83%AB%20%E6%9D%B1%E4%BA%AC%20%E6%9D%B1%E4%BA%AC%E9%83%BD%E6%B8%AF%E5%8C%BA%E8%B5%A4%E5%9D%829-7-4%20%E6%9D%B1%E4%BA%AC%E3%83%9F%E3%83%83%E3%83%89%E3%82%BF%E3%82%A6%E3%83%B3%20%E3%82%AC%E3%83%AC%E3%83%AA%E3%82%A2%20%E3%82%AC%E3%83%BC%E3%83%87%E3%83%B3%E3%83%86%E3%83%A9%E3%82%B94F,2023,フレンチ TOKYO,french_tokyo,発表日：2023年6月12日
アピシウス,東京都千代田区有楽町1-9-4 蚕糸会館　Ｂ１Ｆ,食べログ フレンチ TOKYO 百名店 2023,https://tabelog.com/tokyo/A1301/A130102/13000145/,https://www.google.com/maps/search/?api=1&query=%E3%82%A2%E3%83%94%E3%82%B7%E3%82%A6%E3%82%B9%20%E6%9D%B1%E4%BA%AC%E9%83%BD%E5%8D%83%E4%BB%A3%E7%94%B0%E5%8C%BA%E6%9C%89%E6%A5%BD%E7%94%BA1-9-4%20%E8%9A%95%E7%B3%B8%E4%BC%9A%E9%A4%A8%E3%80%80%EF%BC%A2%EF%BC%91%EF%BC%A6,2023,フレンチ TOKYO,french_tokyo,発表日：2023年6月12日
ライラ,東京都港区赤坂7-5-34 インペリアル赤坂フォーラム 1Ｆ,食べログ フレンチ TOKYO 百名店 2023,https://tabelog.com/tokyo/A1308/A130801/13156381/,https://www.google.com/maps/search/?api=1&query=%E3%83%A9%E3%82%A4%E3%83%A9%20%E6%9D%B1%E4%BA%AC%E9%83%BD%E6%B8%AF%E5%8C%BA%E8%B5%A4%E5%9D%827-5-34%20%E3%82%A4%E3%83%B3%E3%83%9A%E3%83%AA%E3%82%A2%E3%83%AB%E8%B5%A4%E5%9D%82%E3%83%95%E3%82%A9%E3%83%BC%E3%83%A9%E3%83%A0%201%EF%BC%A6,2023,フレンチ TOKYO,french_tokyo,発表日：2023年6月12日
コート ドール,東京都港区三田5-2-18 三田ハウス 1F,食べログ フレンチ TOKYO 百名店 2023,https://tabelog.com/tokyo/A1316/A131602/13001681/,https://www.google.com/maps/search/?api=1&query=%E3%82%B3%E3%83%BC%E3%83%88%20%E3%83%89%E3%83%BC%E3%83%AB%20%E6%9D%B1%E4%BA%AC%E9%83%BD%E6%B8%AF%E5%8C%BA%E4%B8%89%E7%94%B05-2-18%20%E4%B8%89%E7%94%B0%E3%83%8F%E3%82%A6%E3%82%B9%201F,2023,フレンチ TOKYO,french_tokyo,発表日：2023年6月12日
ドミニク・ブシェ トーキョー,東京都中央区銀座1-5-6 銀座レンガ通り福神ビル 2F,食べログ フレンチ TOKYO 百名店 2023,https://tabelog.com/tokyo/A1301/A130101/13183610/,https://www.google.com/maps/search/?api=1&query=%E3%83%89%E3%83%9F%E3%83%8B%E3%82%AF%E3%83%BB%E3%83%96%E3%82%B7%E3%82%A7%20%E3%83%88%E3%83%BC%E3%82%AD%E3%83%A7%E3%83%BC%20%E6%9D%B1%E4%BA%AC%E9%83%BD%E4%B8%AD%E5%A4%AE%E5%8C%BA%E9%8A%80%E5%BA%A71-5-6%20%E9%8A%80%E5%BA%A7%E3%83%AC%E3%83%B3%E3%82%AC%E9%80%9A%E3%82%8A%E7%A6%8F%E7%A5%9E%E3%83%93%E3%83%AB%202F,2023,フレンチ TOKYO,french_tokyo,発表日：2023年6月12日
レストラン アラジン,東京都渋谷区恵比寿2-22-10 広尾リバーサイドＧ　１Ｆ,食べログ フレンチ TOKYO 百名店 2023,https://tabelog.com/tokyo/A1307/A130703/13004454/,https://www.google.com/maps/search/?api=1&query=%E3%83%AC%E3%82%B9%E3%83%88%E3%83%A9%E3%83%B3%20%E3%82%A2%E3%83%A9%E3%82%B8%E3%83%B3%20%E6%9D%B1%E4%BA%AC%E9%83%BD%E6%B8%8B%E8%B0%B7%E5%8C%BA%E6%81%B5%E6%AF%94%E5%AF%BF2-22-10%20%E5%BA%83%E5%B0%BE%E3%83%AA%E3%83%90%E3%83%BC%E3%82%B5%E3%82%A4%E3%83%89%EF%BC%A7%E3%80%80%EF%BC%91%EF%BC%A6,2023,フレンチ TOKYO,french_tokyo,発表日：2023年6月12日
フランス料理 エステール by アラン・デュカス,東京都千代田区丸の内1-1-1 Palace Hotel Tokyo 6F,食べログ フレンチ TOKYO 百名店 2023,https://tabelog.com/tokyo/A1302/A130201/13239843/,https://www.google.com/maps/search/?api=1&query=%E3%83%95%E3%83%A9%E3%83%B3%E3%82%B9%E6%96%99%E7%90%86%20%E3%82%A8%E3%82%B9%E3%83%86%E3%83%BC%E3%83%AB%20by%20%E3%82%A2%E3%83%A9%E3%83%B3%E3%83%BB%E3%83%87%E3%83%A5%E3%82%AB%E3%82%B9%20%E6%9D%B1%E4%BA%AC%E9%83%BD%E5%8D%83%E4%BB%A3%E7%94%B0%E5%8C%BA%E4%B8%B8%E3%81%AE%E5%86%851-1-1%20Palace%20Hotel%20Tokyo%206F,2023,フレンチ TOKYO,french_tokyo,発表日：2023年6月12日
キノシタ,東京都渋谷区代々木3-37-1 代々木エステートビル 1Ｆ,食べログ フレンチ TOKYO 百名店 2023,https://tabelog.com/tokyo/A1318/A131810/13001058/,https://www.google.com/maps/search/?api=1&query=%E3%82%AD%E3%83%8E%E3%82%B7%E3%82%BF%20%E6%9D%B1%E4%BA%AC%E9%83%BD%E6%B8%8B%E8%B0%B7%E5%8C%BA%E4%BB%A3%E3%80%85%E6%9C%A83-37-1%20%E4%BB%A3%E3%80%85%E6%9C%A8%E3%82%A8%E3%82%B9%E3%83%86%E3%83%BC%E3%83%88%E3%83%93%E3%83%AB%201%EF%BC%A6,2023,フレンチ TOKYO,french_tokyo,発表日：2023年6月12日
ジェラテリア・イル・ブリガンテ,神奈川県鎌倉市小町2-9-6 1Ｆ,食べログ アイス・ジェラート 百名店 2023,https://tabelog.com/kanagawa/A1404/A140402/14011873/,https://www.google.com/maps/search/?api=1&query=%E3%82%B8%E3%82%A7%E3%83%A9%E3%83%86%E3%83%AA%E3%82%A2%E3%83%BB%E3%82%A4%E3%83%AB%E3%83%BB%E3%83%96%E3%83%AA%E3%82%AC%E3%83%B3%E3%83%86%20%E7%A5%9E%E5%A5%88%E5%B7%9D%E7%9C%8C%E9%8E%8C%E5%80%89%E5%B8%82%E5%B0%8F%E7%94%BA2-9-6%201%EF%BC%A6,2023,アイス・ジェラート,ice_gelato,発表日：2023年8月1日
横須賀ジェラートファクトリー,神奈川県横須賀市新港町6 いちご よこすかポートマーケット,食べログ アイス・ジェラート 百名店 2023,https://tabelog.com/kanagawa/A1406/A140601/14050403/,https://www.google.com/maps/search/?api=1&query=%E6%A8%AA%E9%A0%88%E8%B3%80%E3%82%B8%E3%82%A7%E3%83%A9%E3%83%BC%E3%83%88%E3%83%95%E3%82%A1%E3%82%AF%E3%83%88%E3%83%AA%E3%83%BC%20%E7%A5%9E%E5%A5%88%E5%B7%9D%E7%9C%8C%E6%A8%AA%E9%A0%88%E8%B3%80%E5%B8%82%E6%96%B0%E6%B8%AF%E7%94%BA6%20%E3%81%84%E3%81%A1%E3%81%94%20%E3%82%88%E3%81%93%E3%81%99%E3%81%8B%E3%83%9D%E3%83%BC%E3%83%88%E3%83%9E%E3%83%BC%E3%82%B1%E3%83%83%E3%83%88,2023,アイス・ジェラート,ice_gelato,発表日：2023年8月1日
壽々喜園 浅草本店,東京都台東区浅草3-4-3,食べログ アイス・ジェラート 百名店 2023,https://tabelog.com/tokyo/A1311/A131102/13153620/,https://www.google.com/maps/search/?api=1&query=%E5%A3%BD%E3%80%85%E5%96%9C%E5%9C%92%20%E6%B5%85%E8%8D%89%E6%9C%AC%E5%BA%97%20%E6%9D%B1%E4%BA%AC%E9%83%BD%E5%8F%B0%E6%9D%B1%E5%8C%BA%E6%B5%85%E8%8D%893-4-3,2023,アイス・ジェラート,ice_gelato,発表日：2023年8月1日
Hilo Homemade Ice Cream,神奈川県藤沢市鵠沼海岸5-13-30,食べログ アイス・ジェラート 百名店 2023,https://tabelog.com/kanagawa/A1404/A140403/14062675/,https://www.google.com/maps/search/?api=1&query=Hilo%20Homemade%20Ice%20Cream%20%E7%A5%9E%E5%A5%88%E5%B7%9D%E7%9C%8C%E8%97%A4%E6%B2%A2%E5%B8%82%E9%B5%A0%E6%B2%BC%E6%B5%B7%E5%B2%B85-13-30,2023,アイス・ジェラート,ice_gelato,発表日：2023年8月1日
スペールフルッタ,東京都文京区小石川5-31-5 びらしんび　１Ｆ,食べログ アイス・ジェラート 百名店 2023,https://tabelog.com/tokyo/A1323/A132302/13008466/,https://www.google.com/maps/search/?api=1&query=%E3%82%B9%E3%83%9A%E3%83%BC%E3%83%AB%E3%83%95%E3%83%AB%E3%83%83%E3%82%BF%20%E6%9D%B1%E4%BA%AC%E9%83%BD%E6%96%87%E4%BA%AC%E5%8C%BA%E5%B0%8F%E7%9F%B3%E5%B7%9D5-31-5%20%E3%81%B3%E3%82%89%E3%81%97%E3%82%93%E3%81%B3%E3%80%80%EF%BC%91%EF%BC%A6,2023,アイス・ジェラート,ice_gelato,発表日：2023年8月1日
アイス工房メーリア,神奈川県横浜市戸塚区品濃町836-2,食べログ アイス・ジェラート 百名店 2023,https://tabelog.com/kanagawa/A1401/A140305/14000338/,https://www.google.com/maps/search/?api=1&query=%E3%82%A2%E3%82%A4%E3%82%B9%E5%B7%A5%E6%88%BF%E3%83%A1%E3%83%BC%E3%83%AA%E3%82%A2%20%E7%A5%9E%E5%A5%88%E5%B7%9D%E7%9C%8C%E6%A8%AA%E6%B5%9C%E5%B8%82%E6%88%B8%E5%A1%9A%E5%8C%BA%E5%93%81%E6%BF%83%E7%94%BA836-2,2023,アイス・ジェラート,ice_gelato,発表日：2023年8月1日
ジェラート フィレンツェ,神奈川県横浜市西区みなとみらい2-2-1 ランドマークプラザ 3F,食べログ アイス・ジェラート 百名店 2023,https://tabelog.com/kanagawa/A1401/A140103/14000855/,https://www.google.com/maps/search/?api=1&query=%E3%82%B8%E3%82%A7%E3%83%A9%E3%83%BC%E3%83%88%20%E3%83%95%E3%82%A3%E3%83%AC%E3%83%B3%E3%83%84%E3%82%A7%20%E7%A5%9E%E5%A5%88%E5%B7%9D%E7%9C%8C%E6%A8%AA%E6%B5%9C%E5%B8%82%E8%A5%BF%E5%8C%BA%E3%81%BF%E3%81%AA%E3%81%A8%E3%81%BF%E3%82%89%E3%81%842-2-1%20%E3%83%A9%E3%83%B3%E3%83%89%E3%83%9E%E3%83%BC%E3%82%AF%E3%83%97%E3%83%A9%E3%82%B6%203F,2023,アイス・ジェラート,ice_gelato,発表日：2023年8月1日
moomoo's,神奈川県逗子市逗子2-7-4,食べログ アイス・ジェラート 百名店 2023,https://tabelog.com/kanagawa/A1406/A140602/14004313/,https://www.google.com/maps/search/?api=1&query=moomoo%27s%20%E7%A5%9E%E5%A5%88%E5%B7%9D%E7%9C%8C%E9%80%97%E5%AD%90%E5%B8%82%E9%80%97%E5%AD%902-7-4,2023,アイス・ジェラート,ice_gelato,発表日：2023年8月1日
東毛酪農 63℃,東京都墨田区押上1-1-2 東京ソラマチ 4F,食べログ アイス・ジェラート 百名店 2023,https://tabelog.com/tokyo/A1312/A131203/13141281/,https://www.google.com/maps/search/?api=1&query=%E6%9D%B1%E6%AF%9B%E9%85%AA%E8%BE%B2%2063%E2%84%83%20%E6%9D%B1%E4%BA%AC%E9%83%BD%E5%A2%A8%E7%94%B0%E5%8C%BA%E6%8A%BC%E4%B8%8A1-1-2%20%E6%9D%B1%E4%BA%AC%E3%82%BD%E3%83%A9%E3%83%9E%E3%83%81%204F,2023,アイス・ジェラート,ice_gelato,発表日：2023年8月1日
ジェラテリア アクオリーナ,東京都目黒区五本木1-11-10,食べログ アイス・ジェラート 百名店 2023,https://tabelog.com/tokyo/A1317/A131701/13141364/,https://www.google.com/maps/search/?api=1&query=%E3%82%B8%E3%82%A7%E3%83%A9%E3%83%86%E3%83%AA%E3%82%A2%20%E3%82%A2%E3%82%AF%E3%82%AA%E3%83%AA%E3%83%BC%E3%83%8A%20%E6%9D%B1%E4%BA%AC%E9%83%BD%E7%9B%AE%E9%BB%92%E5%8C%BA%E4%BA%94%E6%9C%AC%E6%9C%A81-11-10,2023,アイス・ジェラート,ice_gelato,発表日：2023年8月1日
レティエ,東京都渋谷区千駄ヶ谷1-22-7 1F,食べログ アイス・ジェラート 百名店 2023,https://tabelog.com/tokyo/A1309/A130901/13188523/,https://www.google.com/maps/search/?api=1&query=%E3%83%AC%E3%83%86%E3%82%A3%E3%82%A8%20%E6%9D%B1%E4%BA%AC%E9%83%BD%E6%B8%8B%E8%B0%B7%E5%8C%BA%E5%8D%83%E9%A7%84%E3%83%B6%E8%B0%B71-22-7%201F,2023,アイス・ジェラート,ice_gelato,発表日：2023年8月1日
南ヶ丘牧場 ミルク茶屋,栃木県那須郡那須町湯本579 南ヶ丘牧場内,食べログ アイス・ジェラート 百名店 2023,https://tabelog.com/tochigi/A0905/A090501/9002887/,https://www.google.com/maps/search/?api=1&query=%E5%8D%97%E3%83%B6%E4%B8%98%E7%89%A7%E5%A0%B4%20%E3%83%9F%E3%83%AB%E3%82%AF%E8%8C%B6%E5%B1%8B%20%E6%A0%83%E6%9C%A8%E7%9C%8C%E9%82%A3%E9%A0%88%E9%83%A1%E9%82%A3%E9%A0%88%E7%94%BA%E6%B9%AF%E6%9C%AC579%20%E5%8D%97%E3%83%B6%E4%B8%98%E7%89%A7%E5%A0%B4%E5%86%85,2023,アイス・ジェラート,ice_gelato,発表日：2023年8月1日
ジャパニーズアイス櫻花,東京都渋谷区恵比寿1-6-7 animo ebisu1F,食べログ アイス・ジェラート 百名店 2023,https://tabelog.com/tokyo/A1303/A130302/13040777/,https://www.google.com/maps/search/?api=1&query=%E3%82%B8%E3%83%A3%E3%83%91%E3%83%8B%E3%83%BC%E3%82%BA%E3%82%A2%E3%82%A4%E3%82%B9%E6%AB%BB%E8%8A%B1%20%E6%9D%B1%E4%BA%AC%E9%83%BD%E6%B8%8B%E8%B0%B7%E5%8C%BA%E6%81%B5%E6%AF%94%E5%AF%BF1-6-7%20animo%20ebisu1F,2023,アイス・ジェラート,ice_gelato,発表日：2023年8月1日
IDEBOK 海老名SA上り店,神奈川県海老名市大谷南5-1-1 海老名サービスエリア上り,食べログ アイス・ジェラート 百名店 2023,https://tabelog.com/kanagawa/A1408/A140801/14012266/,https://www.google.com/maps/search/?api=1&query=IDEBOK%20%E6%B5%B7%E8%80%81%E5%90%8DSA%E4%B8%8A%E3%82%8A%E5%BA%97%20%E7%A5%9E%E5%A5%88%E5%B7%9D%E7%9C%8C%E6%B5%B7%E8%80%81%E5%90%8D%E5%B8%82%E5%A4%A7%E8%B0%B7%E5%8D%975-1-1%20%E6%B5%B7%E8%80%81%E5%90%8D%E3%82%B5%E3%83%BC%E3%83%93%E3%82%B9%E3%82%A8%E3%83%AA%E3%82%A2%E4%B8%8A%E3%82%8A,2023,アイス・ジェラート,ice_gelato,発表日：2023年8月1日
デイリーチコ,東京都中野区中野5-52-15 中野ブロードウェイ B1F,食べログ アイス・ジェラート 百名店 2023,https://tabelog.com/tokyo/A1319/A131902/13001083/,https://www.google.com/maps/search/?api=1&query=%E3%83%87%E3%82%A4%E3%83%AA%E3%83%BC%E3%83%81%E3%82%B3%20%E6%9D%B1%E4%BA%AC%E9%83%BD%E4%B8%AD%E9%87%8E%E5%8C%BA%E4%B8%AD%E9%87%8E5-52-15%20%E4%B8%AD%E9%87%8E%E3%83%96%E3%83%AD%E3%83%BC%E3%83%89%E3%82%A6%E3%82%A7%E3%82%A4%20B1F,2023,アイス・ジェラート,ice_gelato,発表日：2023年8月1日
ザ マーケット エスイーワン,神奈川県藤沢市片瀬海岸1-6-6,食べログ アイス・ジェラート 百名店 2023,https://tabelog.com/kanagawa/A1404/A140403/14029135/,https://www.google.com/maps/search/?api=1&query=%E3%82%B6%20%E3%83%9E%E3%83%BC%E3%82%B1%E3%83%83%E3%83%88%20%E3%82%A8%E3%82%B9%E3%82%A4%E3%83%BC%E3%83%AF%E3%83%B3%20%E7%A5%9E%E5%A5%88%E5%B7%9D%E7%9C%8C%E8%97%A4%E6%B2%A2%E5%B8%82%E7%89%87%E7%80%AC%E6%B5%B7%E5%B2%B81-6-6,2023,アイス・ジェラート,ice_gelato,発表日：2023年8月1日
伊太利亜のじぇらぁとや,東京都台東区浅草1-1-7 中山ビル 1F,食べログ アイス・ジェラート 百名店 2023,https://tabelog.com/tokyo/A1311/A131102/13038982/,https://www.google.com/maps/search/?api=1&query=%E4%BC%8A%E5%A4%AA%E5%88%A9%E4%BA%9C%E3%81%AE%E3%81%98%E3%81%87%E3%82%89%E3%81%81%E3%81%A8%E3%82%84%20%E6%9D%B1%E4%BA%AC%E9%83%BD%E5%8F%B0%E6%9D%B1%E5%8C%BA%E6%B5%85%E8%8D%891-1-7%20%E4%B8%AD%E5%B1%B1%E3%83%93%E3%83%AB%201F,2023,アイス・ジェラート,ice_gelato,発表日：2023年8月1日
ホーム オブ マザーズ,千葉県旭市井戸野3420-3,食べログ アイス・ジェラート 百名店 2023,https://tabelog.com/chiba/A1205/A120502/12001976/,https://www.google.com/maps/search/?api=1&query=%E3%83%9B%E3%83%BC%E3%83%A0%20%E3%82%AA%E3%83%96%20%E3%83%9E%E3%82%B6%E3%83%BC%E3%82%BA%20%E5%8D%83%E8%91%89%E7%9C%8C%E6%97%AD%E5%B8%82%E4%BA%95%E6%88%B8%E9%87%8E3420-3,2023,アイス・ジェラート,ice_gelato,発表日：2023年8月1日
ウッドベリーズ マルシェ,東京都武蔵野市吉祥寺本町1-20-14 クスミビル 1F,食べログ アイス・ジェラート 百名店 2023,https://tabelog.com/tokyo/A1320/A132001/13161095/,https://www.google.com/maps/search/?api=1&query=%E3%82%A6%E3%83%83%E3%83%89%E3%83%99%E3%83%AA%E3%83%BC%E3%82%BA%20%E3%83%9E%E3%83%AB%E3%82%B7%E3%82%A7%20%E6%9D%B1%E4%BA%AC%E9%83%BD%E6%AD%A6%E8%94%B5%E9%87%8E%E5%B8%82%E5%90%89%E7%A5%A5%E5%AF%BA%E6%9C%AC%E7%94%BA1-20-14%20%E3%82%AF%E3%82%B9%E3%83%9F%E3%83%93%E3%83%AB%201F,2023,アイス・ジェラート,ice_gelato,発表日：2023年8月1日
ウッドベリーズ 本店,東京都武蔵野市吉祥寺南町1-4-1 井の頭ビル 1F,食べログ アイス・ジェラート 百名店 2023,https://tabelog.com/tokyo/A1320/A132001/13005904/,https://www.google.com/maps/search/?api=1&query=%E3%82%A6%E3%83%83%E3%83%89%E3%83%99%E3%83%AA%E3%83%BC%E3%82%BA%20%E6%9C%AC%E5%BA%97%20%E6%9D%B1%E4%BA%AC%E9%83%BD%E6%AD%A6%E8%94%B5%E9%87%8E%E5%B8%82%E5%90%89%E7%A5%A5%E5%AF%BA%E5%8D%97%E7%94%BA1-4-1%20%E4%BA%95%E3%81%AE%E9%A0%AD%E3%83%93%E3%83%AB%201F,2023,アイス・ジェラート,ice_gelato,発表日：2023年8月1日
プレミアム マリオジェラテリア 新宿伊勢丹店,東京都新宿区新宿3-14-1 伊勢丹新宿店 B1F,食べログ アイス・ジェラート 百名店 2023,https://tabelog.com/tokyo/A1304/A130401/13012042/,https://www.google.com/maps/search/?api=1&query=%E3%83%97%E3%83%AC%E3%83%9F%E3%82%A2%E3%83%A0%20%E3%83%9E%E3%83%AA%E3%82%AA%E3%82%B8%E3%82%A7%E3%83%A9%E3%83%86%E3%83%AA%E3%82%A2%20%E6%96%B0%E5%AE%BF%E4%BC%8A%E5%8B%A2%E4%B8%B9%E5%BA%97%20%E6%9D%B1%E4%BA%AC%E9%83%BD%E6%96%B0%E5%AE%BF%E5%8C%BA%E6%96%B0%E5%AE%BF3-14-1%20%E4%BC%8A%E5%8B%A2%E4%B8%B9%E6%96%B0%E5%AE%BF%E5%BA%97%20B1F,2023,アイス・ジェラート,ice_gelato,発表日：2023年8月1日
茶の池田や,東京都新宿区西新宿1-1 小田急エース 南館,食べログ アイス・ジェラート 百名店 2023,https://tabelog.com/tokyo/A1304/A130401/13049584/,https://www.google.com/maps/search/?api=1&query=%E8%8C%B6%E3%81%AE%E6%B1%A0%E7%94%B0%E3%82%84%20%E6%9D%B1%E4%BA%AC%E9%83%BD%E6%96%B0%E5%AE%BF%E5%8C%BA%E8%A5%BF%E6%96%B0%E5%AE%BF1-1%20%E5%B0%8F%E7%94%B0%E6%80%A5%E3%82%A8%E3%83%BC%E3%82%B9%20%E5%8D%97%E9%A4%A8,2023,アイス・ジェラート,ice_gelato,発表日：2023年8月1日
石田牧場のジェラート屋 めぐり,神奈川県伊勢原市上谷777,食べログ アイス・ジェラート 百名店 2023,https://tabelog.com/kanagawa/A1408/A140803/14040647/,https://www.google.com/maps/search/?api=1&query=%E7%9F%B3%E7%94%B0%E7%89%A7%E5%A0%B4%E3%81%AE%E3%82%B8%E3%82%A7%E3%83%A9%E3%83%BC%E3%83%88%E5%B1%8B%20%E3%82%81%E3%81%90%E3%82%8A%20%E7%A5%9E%E5%A5%88%E5%B7%9D%E7%9C%8C%E4%BC%8A%E5%8B%A2%E5%8E%9F%E5%B8%82%E4%B8%8A%E8%B0%B7777,2023,アイス・ジェラート,ice_gelato,発表日：2023年8月1日
ピネキ,千葉県館山市下真倉236-3,食べログ アイス・ジェラート 百名店 2023,https://tabelog.com/chiba/A1207/A120704/12005224/,https://www.google.com/maps/search/?api=1&query=%E3%83%94%E3%83%8D%E3%82%AD%20%E5%8D%83%E8%91%89%E7%9C%8C%E9%A4%A8%E5%B1%B1%E5%B8%82%E4%B8%8B%E7%9C%9F%E5%80%89236-3,2023,アイス・ジェラート,ice_gelato,発表日：2023年8月1日
プレマルシェ・ジェラテリア 東京中目黒駅前店,東京都目黒区上目黒2-9-36,食べログ アイス・ジェラート 百名店 2023,https://tabelog.com/tokyo/A1317/A131701/13223646/,https://www.google.com/maps/search/?api=1&query=%E3%83%97%E3%83%AC%E3%83%9E%E3%83%AB%E3%82%B7%E3%82%A7%E3%83%BB%E3%82%B8%E3%82%A7%E3%83%A9%E3%83%86%E3%83%AA%E3%82%A2%20%E6%9D%B1%E4%BA%AC%E4%B8%AD%E7%9B%AE%E9%BB%92%E9%A7%85%E5%89%8D%E5%BA%97%20%E6%9D%B1%E4%BA%AC%E9%83%BD%E7%9B%AE%E9%BB%92%E5%8C%BA%E4%B8%8A%E7%9B%AE%E9%BB%922-9-36,2023,アイス・ジェラート,ice_gelato,発表日：2023年8月1日
ダ ルチアーノ,東京都八王子市堀之内2丁目16番9号,食べログ アイス・ジェラート 百名店 2023,https://tabelog.com/tokyo/A1329/A132904/13043497/,https://www.google.com/maps/search/?api=1&query=%E3%83%80%20%E3%83%AB%E3%83%81%E3%82%A2%E3%83%BC%E3%83%8E%20%E6%9D%B1%E4%BA%AC%E9%83%BD%E5%85%AB%E7%8E%8B%E5%AD%90%E5%B8%82%E5%A0%80%E4%B9%8B%E5%86%852%E4%B8%81%E7%9B%AE16%E7%95%AA9%E5%8F%B7,2023,アイス・ジェラート,ice_gelato,発表日：2023年8月1日
アンティカ ジェラテリア 玉川店,東京都世田谷区玉川3-17-1 玉川タカシマヤ B1F,食べログ アイス・ジェラート 百名店 2023,https://tabelog.com/tokyo/A1317/A131708/13018929/,https://www.google.com/maps/search/?api=1&query=%E3%82%A2%E3%83%B3%E3%83%86%E3%82%A3%E3%82%AB%20%E3%82%B8%E3%82%A7%E3%83%A9%E3%83%86%E3%83%AA%E3%82%A2%20%E7%8E%89%E5%B7%9D%E5%BA%97%20%E6%9D%B1%E4%BA%AC%E9%83%BD%E4%B8%96%E7%94%B0%E8%B0%B7%E5%8C%BA%E7%8E%89%E5%B7%9D3-17-1%20%E7%8E%89%E5%B7%9D%E3%82%BF%E3%82%AB%E3%82%B7%E3%83%9E%E3%83%A4%20B1F,2023,アイス・ジェラート,ice_gelato,発表日：2023年8月1日
白一   渋谷店,東京都渋谷区神南1-7-7 アンドスビル2 1F,食べログ アイス・ジェラート 百名店 2023,https://tabelog.com/tokyo/A1303/A130301/13049692/,https://www.google.com/maps/search/?api=1&query=%E7%99%BD%E4%B8%80%20%20%20%E6%B8%8B%E8%B0%B7%E5%BA%97%20%E6%9D%B1%E4%BA%AC%E9%83%BD%E6%B8%8B%E8%B0%B7%E5%8C%BA%E7%A5%9E%E5%8D%971-7-7%20%E3%82%A2%E3%83%B3%E3%83%89%E3%82%B9%E3%83%93%E3%83%AB2%201F,2023,アイス・ジェラート,ice_gelato,発表日：2023年8月1日
アテスウェイ グラスエショコラ,東京都武蔵野市吉祥寺東町3-8-9,食べログ アイス・ジェラート 百名店 2023,https://tabelog.com/tokyo/A1320/A132001/13207906/,https://www.google.com/maps/search/?api=1&query=%E3%82%A2%E3%83%86%E3%82%B9%E3%82%A6%E3%82%A7%E3%82%A4%20%E3%82%B0%E3%83%A9%E3%82%B9%E3%82%A8%E3%82%B7%E3%83%A7%E3%82%B3%E3%83%A9%20%E6%9D%B1%E4%BA%AC%E9%83%BD%E6%AD%A6%E8%94%B5%E9%87%8E%E5%B8%82%E5%90%89%E7%A5%A5%E5%AF%BA%E6%9D%B1%E7%94%BA3-8-9,2023,アイス・ジェラート,ice_gelato,発表日：2023年8月1日
服部牧場アイスクリーム工房「カサリンガ」,神奈川県愛甲郡愛川町半原6087,食べログ アイス・ジェラート 百名店 2023,https://tabelog.com/kanagawa/A1407/A140704/14009152/,https://www.google.com/maps/search/?api=1&query=%E6%9C%8D%E9%83%A8%E7%89%A7%E5%A0%B4%E3%82%A2%E3%82%A4%E3%82%B9%E3%82%AF%E3%83%AA%E3%83%BC%E3%83%A0%E5%B7%A5%E6%88%BF%E3%80%8C%E3%82%AB%E3%82%B5%E3%83%AA%E3%83%B3%E3%82%AC%E3%80%8D%20%E7%A5%9E%E5%A5%88%E5%B7%9D%E7%9C%8C%E6%84%9B%E7%94%B2%E9%83%A1%E6%84%9B%E5%B7%9D%E7%94%BA%E5%8D%8A%E5%8E%9F6087,2023,アイス・ジェラート,ice_gelato,発表日：2023年8月1日
リビスコ 銀座店,東京都中央区銀座3-7-12 2F,食べログ アイス・ジェラート 百名店 2023,https://tabelog.com/tokyo/A1301/A130101/13212493/,https://www.google.com/maps/search/?api=1&query=%E3%83%AA%E3%83%93%E3%82%B9%E3%82%B3%20%E9%8A%80%E5%BA%A7%E5%BA%97%20%E6%9D%B1%E4%BA%AC%E9%83%BD%E4%B8%AD%E5%A4%AE%E5%8C%BA%E9%8A%80%E5%BA%A73-7-12%202F,2023,アイス・ジェラート,ice_gelato,発表日：2023年8月1日
佐久間あいすくりーむ工房,千葉県船橋市三咲町433,食べログ アイス・ジェラート 百名店 2023,https://tabelog.com/chiba/A1202/A120201/12001248/,https://www.google.com/maps/search/?api=1&query=%E4%BD%90%E4%B9%85%E9%96%93%E3%81%82%E3%81%84%E3%81%99%E3%81%8F%E3%82%8A%E3%83%BC%E3%82%80%E5%B7%A5%E6%88%BF%20%E5%8D%83%E8%91%89%E7%9C%8C%E8%88%B9%E6%A9%8B%E5%B8%82%E4%B8%89%E5%92%B2%E7%94%BA433,2023,アイス・ジェラート,ice_gelato,発表日：2023年8月1日
ジェラテリア シンチェリータ,東京都杉並区阿佐谷北1-43-7,食べログ アイス・ジェラート 百名店 2023,https://tabelog.com/tokyo/A1319/A131905/13108556/,https://www.google.com/maps/search/?api=1&query=%E3%82%B8%E3%82%A7%E3%83%A9%E3%83%86%E3%83%AA%E3%82%A2%20%E3%82%B7%E3%83%B3%E3%83%81%E3%82%A7%E3%83%AA%E3%83%BC%E3%82%BF%20%E6%9D%B1%E4%BA%AC%E9%83%BD%E6%9D%89%E4%B8%A6%E5%8C%BA%E9%98%BF%E4%BD%90%E8%B0%B7%E5%8C%971-43-7,2023,アイス・ジェラート,ice_gelato,発表日：2023年8月1日
伊太利亜のじぇらぁとや,神奈川県横浜市西区南幸1-4 ジョイナス,食べログ アイス・ジェラート 百名店 2023,https://tabelog.com/kanagawa/A1401/A140101/14003860/,https://www.google.com/maps/search/?api=1&query=%E4%BC%8A%E5%A4%AA%E5%88%A9%E4%BA%9C%E3%81%AE%E3%81%98%E3%81%87%E3%82%89%E3%81%81%E3%81%A8%E3%82%84%20%E7%A5%9E%E5%A5%88%E5%B7%9D%E7%9C%8C%E6%A8%AA%E6%B5%9C%E5%B8%82%E8%A5%BF%E5%8C%BA%E5%8D%97%E5%B9%B81-4%20%E3%82%B8%E3%83%A7%E3%82%A4%E3%83%8A%E3%82%B9,2023,アイス・ジェラート,ice_gelato,発表日：2023年8月1日
パンチェーラ 新宿高島屋店,東京都渋谷区千駄ヶ谷5-24-2 新宿タカシマヤ B1F,食べログ アイス・ジェラート 百名店 2023,https://tabelog.com/tokyo/A1304/A130401/13004262/,https://www.google.com/maps/search/?api=1&query=%E3%83%91%E3%83%B3%E3%83%81%E3%82%A7%E3%83%BC%E3%83%A9%20%E6%96%B0%E5%AE%BF%E9%AB%98%E5%B3%B6%E5%B1%8B%E5%BA%97%20%E6%9D%B1%E4%BA%AC%E9%83%BD%E6%B8%8B%E8%B0%B7%E5%8C%BA%E5%8D%83%E9%A7%84%E3%83%B6%E8%B0%B75-24-2%20%E6%96%B0%E5%AE%BF%E3%82%BF%E3%82%AB%E3%82%B7%E3%83%9E%E3%83%A4%20B1F,2023,アイス・ジェラート,ice_gelato,発表日：2023年8月1日
飯田牧場,神奈川県藤沢市西俣野981,食べログ アイス・ジェラート 百名店 2023,https://tabelog.com/kanagawa/A1404/A140405/14000798/,https://www.google.com/maps/search/?api=1&query=%E9%A3%AF%E7%94%B0%E7%89%A7%E5%A0%B4%20%E7%A5%9E%E5%A5%88%E5%B7%9D%E7%9C%8C%E8%97%A4%E6%B2%A2%E5%B8%82%E8%A5%BF%E4%BF%A3%E9%87%8E981,2023,アイス・ジェラート,ice_gelato,発表日：2023年8月1日
鎌倉茶々,神奈川県鎌倉市雪ノ下1-6-8,食べログ アイス・ジェラート 百名店 2023,https://tabelog.com/kanagawa/A1404/A140402/14057490/,https://www.google.com/maps/search/?api=1&query=%E9%8E%8C%E5%80%89%E8%8C%B6%E3%80%85%20%E7%A5%9E%E5%A5%88%E5%B7%9D%E7%9C%8C%E9%8E%8C%E5%80%89%E5%B8%82%E9%9B%AA%E3%83%8E%E4%B8%8B1-6-8,2023,アイス・ジェラート,ice_gelato,発表日：2023年8月1日
祇園辻利 東京スカイツリータウン・ソラマチ店,東京都墨田区押上1-1-2 東京ソラマチ 6F,食べログ アイス・ジェラート 百名店 2023,https://tabelog.com/tokyo/A1312/A131203/13141261/,https://www.google.com/maps/search/?api=1&query=%E7%A5%87%E5%9C%92%E8%BE%BB%E5%88%A9%20%E6%9D%B1%E4%BA%AC%E3%82%B9%E3%82%AB%E3%82%A4%E3%83%84%E3%83%AA%E3%83%BC%E3%82%BF%E3%82%A6%E3%83%B3%E3%83%BB%E3%82%BD%E3%83%A9%E3%83%9E%E3%83%81%E5%BA%97%20%E6%9D%B1%E4%BA%AC%E9%83%BD%E5%A2%A8%E7%94%B0%E5%8C%BA%E6%8A%BC%E4%B8%8A1-1-2%20%E6%9D%B1%E4%BA%AC%E3%82%BD%E3%83%A9%E3%83%9E%E3%83%81%206F,2023,アイス・ジェラート,ice_gelato,発表日：2023年8月1日
ジェラテリア・ヴィタリ,東京都目黒区自由が丘1-14-8 1F,食べログ アイス・ジェラート 百名店 2023,https://tabelog.com/tokyo/A1317/A131703/13207900/,https://www.google.com/maps/search/?api=1&query=%E3%82%B8%E3%82%A7%E3%83%A9%E3%83%86%E3%83%AA%E3%82%A2%E3%83%BB%E3%83%B4%E3%82%A3%E3%82%BF%E3%83%AA%20%E6%9D%B1%E4%BA%AC%E9%83%BD%E7%9B%AE%E9%BB%92%E5%8C%BA%E8%87%AA%E7%94%B1%E3%81%8C%E4%B8%981-14-8%201F,2023,アイス・ジェラート,ice_gelato,発表日：2023年8月1日
ジェラテリア テオブロマ,東京都新宿区神楽坂6-8 BORGO大〆　１Ｆ,食べログ アイス・ジェラート 百名店 2023,https://tabelog.com/tokyo/A1309/A130905/13043391/,https://www.google.com/maps/search/?api=1&query=%E3%82%B8%E3%82%A7%E3%83%A9%E3%83%86%E3%83%AA%E3%82%A2%20%E3%83%86%E3%82%AA%E3%83%96%E3%83%AD%E3%83%9E%20%E6%9D%B1%E4%BA%AC%E9%83%BD%E6%96%B0%E5%AE%BF%E5%8C%BA%E7%A5%9E%E6%A5%BD%E5%9D%826-8%20BORGO%E5%A4%A7%E3%80%86%E3%80%80%EF%BC%91%EF%BC%A6,2023,アイス・ジェラート,ice_gelato,発表日：2023年8月1日
オ・プレチェネッラ,神奈川県横浜市西区北幸2-13-1,食べログ イタリアン EAST 百名店 2023,https://tabelog.com/kanagawa/A1401/A140101/14000055/,https://www.google.com/maps/search/?api=1&query=%E3%82%AA%E3%83%BB%E3%83%97%E3%83%AC%E3%83%81%E3%82%A7%E3%83%8D%E3%83%83%E3%83%A9%20%E7%A5%9E%E5%A5%88%E5%B7%9D%E7%9C%8C%E6%A8%AA%E6%B5%9C%E5%B8%82%E8%A5%BF%E5%8C%BA%E5%8C%97%E5%B9%B82-13-1,2023,イタリアン EAST,italian_east,発表日：2023年4月11日
イル・リフージョ・ハヤマ,神奈川県三浦郡葉山町一色2179,食べログ イタリアン EAST 百名店 2023,https://tabelog.com/kanagawa/A1406/A140602/14036164/,https://www.google.com/maps/search/?api=1&query=%E3%82%A4%E3%83%AB%E3%83%BB%E3%83%AA%E3%83%95%E3%83%BC%E3%82%B8%E3%83%A7%E3%83%BB%E3%83%8F%E3%83%A4%E3%83%9E%20%E7%A5%9E%E5%A5%88%E5%B7%9D%E7%9C%8C%E4%B8%89%E6%B5%A6%E9%83%A1%E8%91%89%E5%B1%B1%E7%94%BA%E4%B8%80%E8%89%B22179,2023,イタリアン EAST,italian_east,発表日：2023年4月11日
Vv.lab,千葉県千葉市花見川区幕張町5-417-18,食べログ イタリアン EAST 百名店 2023,https://tabelog.com/chiba/A1201/A120102/12026385/,https://www.google.com/maps/search/?api=1&query=Vv.lab%20%E5%8D%83%E8%91%89%E7%9C%8C%E5%8D%83%E8%91%89%E5%B8%82%E8%8A%B1%E8%A6%8B%E5%B7%9D%E5%8C%BA%E5%B9%95%E5%BC%B5%E7%94%BA5-417-18,2023,イタリアン EAST,italian_east,発表日：2023年4月11日
トラットリア イル レガーロ,千葉県松戸市本町14-14 1F～3F,食べログ イタリアン EAST 百名店 2023,https://tabelog.com/chiba/A1203/A120302/12034570/,https://www.google.com/maps/search/?api=1&query=%E3%83%88%E3%83%A9%E3%83%83%E3%83%88%E3%83%AA%E3%82%A2%20%E3%82%A4%E3%83%AB%20%E3%83%AC%E3%82%AC%E3%83%BC%E3%83%AD%20%E5%8D%83%E8%91%89%E7%9C%8C%E6%9D%BE%E6%88%B8%E5%B8%82%E6%9C%AC%E7%94%BA14-14%201F%EF%BD%9E3F,2023,イタリアン EAST,italian_east,発表日：2023年4月11日
RISTORANTE IL NODO,神奈川県鎌倉市小町2-6-12 くすの木443 2F3号,食べログ イタリアン EAST 百名店 2023,https://tabelog.com/kanagawa/A1404/A140402/14072960/,https://www.google.com/maps/search/?api=1&query=RISTORANTE%20IL%20NODO%20%E7%A5%9E%E5%A5%88%E5%B7%9D%E7%9C%8C%E9%8E%8C%E5%80%89%E5%B8%82%E5%B0%8F%E7%94%BA2-6-12%20%E3%81%8F%E3%81%99%E3%81%AE%E6%9C%A8443%202F3%E5%8F%B7,2023,イタリアン EAST,italian_east,発表日：2023年4月11日
PRIMO,神奈川県横浜市中区常盤町5-72-1 GM横浜馬車道ビル 1F,食べログ イタリアン EAST 百名店 2023,https://tabelog.com/kanagawa/A1401/A140104/14068940/,https://www.google.com/maps/search/?api=1&query=PRIMO%20%E7%A5%9E%E5%A5%88%E5%B7%9D%E7%9C%8C%E6%A8%AA%E6%B5%9C%E5%B8%82%E4%B8%AD%E5%8C%BA%E5%B8%B8%E7%9B%A4%E7%94%BA5-72-1%20GM%E6%A8%AA%E6%B5%9C%E9%A6%AC%E8%BB%8A%E9%81%93%E3%83%93%E3%83%AB%201F,2023,イタリアン EAST,italian_east,発表日：2023年4月11日
ヴィア デル サーレ,埼玉県東松山市美原町2-9-26,食べログ イタリアン EAST 百名店 2023,https://tabelog.com/saitama/A1105/A110502/11041000/,https://www.google.com/maps/search/?api=1&query=%E3%83%B4%E3%82%A3%E3%82%A2%20%E3%83%87%E3%83%AB%20%E3%82%B5%E3%83%BC%E3%83%AC%20%E5%9F%BC%E7%8E%89%E7%9C%8C%E6%9D%B1%E6%9D%BE%E5%B1%B1%E5%B8%82%E7%BE%8E%E5%8E%9F%E7%94%BA2-9-26,2023,イタリアン EAST,italian_east,発表日：2023年4月11日
イナカーザ,神奈川県横浜市神奈川区神奈川2-1-1,食べログ イタリアン EAST 百名店 2023,https://tabelog.com/kanagawa/A1401/A140212/14070150/,https://www.google.com/maps/search/?api=1&query=%E3%82%A4%E3%83%8A%E3%82%AB%E3%83%BC%E3%82%B6%20%E7%A5%9E%E5%A5%88%E5%B7%9D%E7%9C%8C%E6%A8%AA%E6%B5%9C%E5%B8%82%E7%A5%9E%E5%A5%88%E5%B7%9D%E5%8C%BA%E7%A5%9E%E5%A5%88%E5%B7%9D2-1-1,2023,イタリアン EAST,italian_east,発表日：2023年4月11日
カステッロ,千葉県佐倉市臼井1567-2,食べログ イタリアン EAST 百名店 2023,https://tabelog.com/chiba/A1204/A120402/12000104/,https://www.google.com/maps/search/?api=1&query=%E3%82%AB%E3%82%B9%E3%83%86%E3%83%83%E3%83%AD%20%E5%8D%83%E8%91%89%E7%9C%8C%E4%BD%90%E5%80%89%E5%B8%82%E8%87%BC%E4%BA%951567-2,2023,イタリアン EAST,italian_east,発表日：2023年4月11日
オステリア　パーチェ,神奈川県横浜市青葉区荏田町1476-1 カーサビラ 3F,食べログ イタリアン EAST 百名店 2023,https://tabelog.com/kanagawa/A1401/A140201/14030876/,https://www.google.com/maps/search/?api=1&query=%E3%82%AA%E3%82%B9%E3%83%86%E3%83%AA%E3%82%A2%E3%80%80%E3%83%91%E3%83%BC%E3%83%81%E3%82%A7%20%E7%A5%9E%E5%A5%88%E5%B7%9D%E7%9C%8C%E6%A8%AA%E6%B5%9C%E5%B8%82%E9%9D%92%E8%91%89%E5%8C%BA%E8%8D%8F%E7%94%B0%E7%94%BA1476-1%20%E3%82%AB%E3%83%BC%E3%82%B5%E3%83%93%E3%83%A9%203F,2023,イタリアン EAST,italian_east,発表日：2023年4月11日
zoe's,千葉県柏市柏4-6-23 ＡＫビル 1F,食べログ イタリアン EAST 百名店 2023,https://tabelog.com/chiba/A1203/A120301/12000870/,https://www.google.com/maps/search/?api=1&query=zoe%27s%20%E5%8D%83%E8%91%89%E7%9C%8C%E6%9F%8F%E5%B8%82%E6%9F%8F4-6-23%20%EF%BC%A1%EF%BC%AB%E3%83%93%E3%83%AB%201F,2023,イタリアン EAST,italian_east,発表日：2023年4月11日
ウシマル,千葉県山武市松尾町木刀1307-2,食べログ イタリアン EAST 百名店 2023,https://tabelog.com/chiba/A1205/A120502/12000598/,https://www.google.com/maps/search/?api=1&query=%E3%82%A6%E3%82%B7%E3%83%9E%E3%83%AB%20%E5%8D%83%E8%91%89%E7%9C%8C%E5%B1%B1%E6%AD%A6%E5%B8%82%E6%9D%BE%E5%B0%BE%E7%94%BA%E6%9C%A8%E5%88%801307-2,2023,イタリアン EAST,italian_east,発表日：2023年4月11日
THE HIRAMATSU HOTELS&RESORTS 仙石原,神奈川県足柄下郡箱根町仙石原1245-337,食べログ イタリアン EAST 百名店 2023,https://tabelog.com/kanagawa/A1410/A141001/14067639/,https://www.google.com/maps/search/?api=1&query=THE%20HIRAMATSU%20HOTELS%26RESORTS%20%E4%BB%99%E7%9F%B3%E5%8E%9F%20%E7%A5%9E%E5%A5%88%E5%B7%9D%E7%9C%8C%E8%B6%B3%E6%9F%84%E4%B8%8B%E9%83%A1%E7%AE%B1%E6%A0%B9%E7%94%BA%E4%BB%99%E7%9F%B3%E5%8E%9F1245-337,2023,イタリアン EAST,italian_east,発表日：2023年4月11日
SALONE 2007,神奈川県横浜市中区山下町36-1 B1F,食べログ イタリアン EAST 百名店 2023,https://tabelog.com/kanagawa/A1401/A140105/14010542/,https://www.google.com/maps/search/?api=1&query=SALONE%202007%20%E7%A5%9E%E5%A5%88%E5%B7%9D%E7%9C%8C%E6%A8%AA%E6%B5%9C%E5%B8%82%E4%B8%AD%E5%8C%BA%E5%B1%B1%E4%B8%8B%E7%94%BA36-1%20B1F,2023,イタリアン EAST,italian_east,発表日：2023年4月11日
Akizuki,神奈川県鎌倉市山ノ内1386-2,食べログ イタリアン EAST 百名店 2023,https://tabelog.com/kanagawa/A1404/A140401/14074527/,https://www.google.com/maps/search/?api=1&query=Akizuki%20%E7%A5%9E%E5%A5%88%E5%B7%9D%E7%9C%8C%E9%8E%8C%E5%80%89%E5%B8%82%E5%B1%B1%E3%83%8E%E5%86%851386-2,2023,イタリアン EAST,italian_east,発表日：2023年4月11日
トラットリア エ ピッツェリア アミーチ,茨城県つくば市手代木286-1,食べログ イタリアン EAST 百名店 2023,https://tabelog.com/ibaraki/A0802/A080201/8000842/,https://www.google.com/maps/search/?api=1&query=%E3%83%88%E3%83%A9%E3%83%83%E3%83%88%E3%83%AA%E3%82%A2%20%E3%82%A8%20%E3%83%94%E3%83%83%E3%83%84%E3%82%A7%E3%83%AA%E3%82%A2%20%E3%82%A2%E3%83%9F%E3%83%BC%E3%83%81%20%E8%8C%A8%E5%9F%8E%E7%9C%8C%E3%81%A4%E3%81%8F%E3%81%B0%E5%B8%82%E6%89%8B%E4%BB%A3%E6%9C%A8286-1,2023,イタリアン EAST,italian_east,発表日：2023年4月11日
クラリタ ダ マリッティマ,神奈川県藤沢市片瀬海岸1-6-11 １Ｆ,食べログ イタリアン EAST 百名店 2023,https://tabelog.com/kanagawa/A1404/A140403/14015527/,https://www.google.com/maps/search/?api=1&query=%E3%82%AF%E3%83%A9%E3%83%AA%E3%82%BF%20%E3%83%80%20%E3%83%9E%E3%83%AA%E3%83%83%E3%83%86%E3%82%A3%E3%83%9E%20%E7%A5%9E%E5%A5%88%E5%B7%9D%E7%9C%8C%E8%97%A4%E6%B2%A2%E5%B8%82%E7%89%87%E7%80%AC%E6%B5%B7%E5%B2%B81-6-11%20%EF%BC%91%EF%BC%A6,2023,イタリアン EAST,italian_east,発表日：2023年4月11日
カンブーザ,神奈川県横浜市神奈川区鶴屋町2-11-2,食べログ イタリアン EAST 百名店 2023,https://tabelog.com/kanagawa/A1401/A140101/14035347/,https://www.google.com/maps/search/?api=1&query=%E3%82%AB%E3%83%B3%E3%83%96%E3%83%BC%E3%82%B6%20%E7%A5%9E%E5%A5%88%E5%B7%9D%E7%9C%8C%E6%A8%AA%E6%B5%9C%E5%B8%82%E7%A5%9E%E5%A5%88%E5%B7%9D%E5%8C%BA%E9%B6%B4%E5%B1%8B%E7%94%BA2-11-2,2023,イタリアン EAST,italian_east,発表日：2023年4月11日
ラ タベルネッタ アッラ チヴィテッリーナ,千葉県千葉市中央区中央2-8-14,食べログ イタリアン EAST 百名店 2023,https://tabelog.com/chiba/A1201/A120101/12001180/,https://www.google.com/maps/search/?api=1&query=%E3%83%A9%20%E3%82%BF%E3%83%99%E3%83%AB%E3%83%8D%E3%83%83%E3%82%BF%20%E3%82%A2%E3%83%83%E3%83%A9%20%E3%83%81%E3%83%B4%E3%82%A3%E3%83%86%E3%83%83%E3%83%AA%E3%83%BC%E3%83%8A%20%E5%8D%83%E8%91%89%E7%9C%8C%E5%8D%83%E8%91%89%E5%B8%82%E4%B8%AD%E5%A4%AE%E5%8C%BA%E4%B8%AD%E5%A4%AE2-8-14,2023,イタリアン EAST,italian_east,発表日：2023年4月11日
セラフィーノ,神奈川県藤沢市鵠沼橘1-16-14 ヤマキビル１Ａ,食べログ イタリアン EAST 百名店 2023,https://tabelog.com/kanagawa/A1404/A140404/14039203/,https://www.google.com/maps/search/?api=1&query=%E3%82%BB%E3%83%A9%E3%83%95%E3%82%A3%E3%83%BC%E3%83%8E%20%E7%A5%9E%E5%A5%88%E5%B7%9D%E7%9C%8C%E8%97%A4%E6%B2%A2%E5%B8%82%E9%B5%A0%E6%B2%BC%E6%A9%981-16-14%20%E3%83%A4%E3%83%9E%E3%82%AD%E3%83%93%E3%83%AB%EF%BC%91%EF%BC%A1,2023,イタリアン EAST,italian_east,発表日：2023年4月11日
トラットリア・バンビーナ 筑縄店,群馬県高崎市筑縄町13-8,食べログ イタリアン EAST 百名店 2023,https://tabelog.com/gunma/A1001/A100102/10020326/,https://www.google.com/maps/search/?api=1&query=%E3%83%88%E3%83%A9%E3%83%83%E3%83%88%E3%83%AA%E3%82%A2%E3%83%BB%E3%83%90%E3%83%B3%E3%83%93%E3%83%BC%E3%83%8A%20%E7%AD%91%E7%B8%84%E5%BA%97%20%E7%BE%A4%E9%A6%AC%E7%9C%8C%E9%AB%98%E5%B4%8E%E5%B8%82%E7%AD%91%E7%B8%84%E7%94%BA13-8,2023,イタリアン EAST,italian_east,発表日：2023年4月11日
チャコール クッキング ツクバ マイス,茨城県つくば市竹園2-11-21,食べログ イタリアン EAST 百名店 2023,https://tabelog.com/ibaraki/A0802/A080201/8018820/,https://www.google.com/maps/search/?api=1&query=%E3%83%81%E3%83%A3%E3%82%B3%E3%83%BC%E3%83%AB%20%E3%82%AF%E3%83%83%E3%82%AD%E3%83%B3%E3%82%B0%20%E3%83%84%E3%82%AF%E3%83%90%20%E3%83%9E%E3%82%A4%E3%82%B9%20%E8%8C%A8%E5%9F%8E%E7%9C%8C%E3%81%A4%E3%81%8F%E3%81%B0%E5%B8%82%E7%AB%B9%E5%9C%922-11-21,2023,イタリアン EAST,italian_east,発表日：2023年4月11日
イルマーレ,神奈川県小田原市早川1-11-6,食べログ イタリアン EAST 百名店 2023,https://tabelog.com/kanagawa/A1409/A140901/14000188/,https://www.google.com/maps/search/?api=1&query=%E3%82%A4%E3%83%AB%E3%83%9E%E3%83%BC%E3%83%AC%20%E7%A5%9E%E5%A5%88%E5%B7%9D%E7%9C%8C%E5%B0%8F%E7%94%B0%E5%8E%9F%E5%B8%82%E6%97%A9%E5%B7%9D1-11-6,2023,イタリアン EAST,italian_east,発表日：2023年4月11日
ヴェッキオ コンヴェンティーノ,埼玉県越谷市袋山878-1 山崎店舗住宅,食べログ イタリアン EAST 百名店 2023,https://tabelog.com/saitama/A1102/A110203/11038566/,https://www.google.com/maps/search/?api=1&query=%E3%83%B4%E3%82%A7%E3%83%83%E3%82%AD%E3%82%AA%20%E3%82%B3%E3%83%B3%E3%83%B4%E3%82%A7%E3%83%B3%E3%83%86%E3%82%A3%E3%83%BC%E3%83%8E%20%E5%9F%BC%E7%8E%89%E7%9C%8C%E8%B6%8A%E8%B0%B7%E5%B8%82%E8%A2%8B%E5%B1%B1878-1%20%E5%B1%B1%E5%B4%8E%E5%BA%97%E8%88%97%E4%BD%8F%E5%AE%85,2023,イタリアン EAST,italian_east,発表日：2023年4月11日
リオス ボングスタイオ,神奈川県横浜市中区元町1-23-1 リバーサイド元町 1F,食べログ イタリアン EAST 百名店 2023,https://tabelog.com/kanagawa/A1401/A140105/14055323/,https://www.google.com/maps/search/?api=1&query=%E3%83%AA%E3%82%AA%E3%82%B9%20%E3%83%9C%E3%83%B3%E3%82%B0%E3%82%B9%E3%82%BF%E3%82%A4%E3%82%AA%20%E7%A5%9E%E5%A5%88%E5%B7%9D%E7%9C%8C%E6%A8%AA%E6%B5%9C%E5%B8%82%E4%B8%AD%E5%8C%BA%E5%85%83%E7%94%BA1-23-1%20%E3%83%AA%E3%83%90%E3%83%BC%E3%82%B5%E3%82%A4%E3%83%89%E5%85%83%E7%94%BA%201F,2023,イタリアン EAST,italian_east,発表日：2023年4月11日
ソットテット,埼玉県春日部市粕壁東1-21-2,食べログ イタリアン EAST 百名店 2023,https://tabelog.com/saitama/A1102/A110204/11034543/,https://www.google.com/maps/search/?api=1&query=%E3%82%BD%E3%83%83%E3%83%88%E3%83%86%E3%83%83%E3%83%88%20%E5%9F%BC%E7%8E%89%E7%9C%8C%E6%98%A5%E6%97%A5%E9%83%A8%E5%B8%82%E7%B2%95%E5%A3%81%E6%9D%B11-21-2,2023,イタリアン EAST,italian_east,発表日：2023年4月11日
IZA,神奈川県鎌倉市御成町11-13 第一興産26号館 2F,食べログ イタリアン EAST 百名店 2023,https://tabelog.com/kanagawa/A1404/A140402/14083066/,https://www.google.com/maps/search/?api=1&query=IZA%20%E7%A5%9E%E5%A5%88%E5%B7%9D%E7%9C%8C%E9%8E%8C%E5%80%89%E5%B8%82%E5%BE%A1%E6%88%90%E7%94%BA11-13%20%E7%AC%AC%E4%B8%80%E8%88%88%E7%94%A326%E5%8F%B7%E9%A4%A8%202F,2023,イタリアン EAST,italian_east,発表日：2023年4月11日
リストランテ ソルジェンテ,群馬県前橋市三俣町1-1-11 藤田マンション 1F,食べログ イタリアン EAST 百名店 2023,https://tabelog.com/gunma/A1001/A100101/10000471/,https://www.google.com/maps/search/?api=1&query=%E3%83%AA%E3%82%B9%E3%83%88%E3%83%A9%E3%83%B3%E3%83%86%20%E3%82%BD%E3%83%AB%E3%82%B8%E3%82%A7%E3%83%B3%E3%83%86%20%E7%BE%A4%E9%A6%AC%E7%9C%8C%E5%89%8D%E6%A9%8B%E5%B8%82%E4%B8%89%E4%BF%A3%E7%94%BA1-1-11%20%E8%97%A4%E7%94%B0%E3%83%9E%E3%83%B3%E3%82%B7%E3%83%A7%E3%83%B3%201F,2023,イタリアン EAST,italian_east,発表日：2023年4月11日
イタリアン オット,埼玉県所沢市日吉町10-18 2F,食べログ イタリアン EAST 百名店 2023,https://tabelog.com/saitama/A1106/A110601/11026106/,https://www.google.com/maps/search/?api=1&query=%E3%82%A4%E3%82%BF%E3%83%AA%E3%82%A2%E3%83%B3%20%E3%82%AA%E3%83%83%E3%83%88%20%E5%9F%BC%E7%8E%89%E7%9C%8C%E6%89%80%E6%B2%A2%E5%B8%82%E6%97%A5%E5%90%89%E7%94%BA10-18%202F,2023,イタリアン EAST,italian_east,発表日：2023年4月11日
ソリスアグリトゥーリズモ,神奈川県横須賀市湘南国際村1-2-8,食べログ イタリアン EAST 百名店 2023,https://tabelog.com/kanagawa/A1406/A140602/14059426/,https://www.google.com/maps/search/?api=1&query=%E3%82%BD%E3%83%AA%E3%82%B9%E3%82%A2%E3%82%B0%E3%83%AA%E3%83%88%E3%82%A5%E3%83%BC%E3%83%AA%E3%82%BA%E3%83%A2%20%E7%A5%9E%E5%A5%88%E5%B7%9D%E7%9C%8C%E6%A8%AA%E9%A0%88%E8%B3%80%E5%B8%82%E6%B9%98%E5%8D%97%E5%9B%BD%E9%9A%9B%E6%9D%911-2-8,2023,イタリアン EAST,italian_east,発表日：2023年4月11日
トラットリアビコローレヨコハマ,神奈川県横浜市西区平沼1-40-17 モンテベルデ横浜 101,食べログ イタリアン EAST 百名店 2023,https://tabelog.com/kanagawa/A1401/A140102/14051360/,https://www.google.com/maps/search/?api=1&query=%E3%83%88%E3%83%A9%E3%83%83%E3%83%88%E3%83%AA%E3%82%A2%E3%83%93%E3%82%B3%E3%83%AD%E3%83%BC%E3%83%AC%E3%83%A8%E3%82%B3%E3%83%8F%E3%83%9E%20%E7%A5%9E%E5%A5%88%E5%B7%9D%E7%9C%8C%E6%A8%AA%E6%B5%9C%E5%B8%82%E8%A5%BF%E5%8C%BA%E5%B9%B3%E6%B2%BC1-40-17%20%E3%83%A2%E3%83%B3%E3%83%86%E3%83%99%E3%83%AB%E3%83%87%E6%A8%AA%E6%B5%9C%20101,2023,イタリアン EAST,italian_east,発表日：2023年4月11日
イノウエ グリリア,神奈川県横浜市西区平沼1-13-26,食べログ イタリアン EAST 百名店 2023,https://tabelog.com/kanagawa/A1401/A140102/14010249/,https://www.google.com/maps/search/?api=1&query=%E3%82%A4%E3%83%8E%E3%82%A6%E3%82%A8%20%E3%82%B0%E3%83%AA%E3%83%AA%E3%82%A2%20%E7%A5%9E%E5%A5%88%E5%B7%9D%E7%9C%8C%E6%A8%AA%E6%B5%9C%E5%B8%82%E8%A5%BF%E5%8C%BA%E5%B9%B3%E6%B2%BC1-13-26,2023,イタリアン EAST,italian_east,発表日：2023年4月11日
mondo,東京都目黒区自由が丘3-13-11,食べログ イタリアン TOKYO 百名店 2023,https://tabelog.com/tokyo/A1317/A131703/13054007/,https://www.google.com/maps/search/?api=1&query=mondo%20%E6%9D%B1%E4%BA%AC%E9%83%BD%E7%9B%AE%E9%BB%92%E5%8C%BA%E8%87%AA%E7%94%B1%E3%81%8C%E4%B8%983-13-11,2023,イタリアン TOKYO,italian_tokyo,発表日：2023年4月11日
リ・カーリカ,東京都目黒区鷹番2-16-14 B1F,食べログ イタリアン TOKYO 百名店 2023,https://tabelog.com/tokyo/A1317/A131702/13152745/,https://www.google.com/maps/search/?api=1&query=%E3%83%AA%E3%83%BB%E3%82%AB%E3%83%BC%E3%83%AA%E3%82%AB%20%E6%9D%B1%E4%BA%AC%E9%83%BD%E7%9B%AE%E9%BB%92%E5%8C%BA%E9%B7%B9%E7%95%AA2-16-14%20B1F,2023,イタリアン TOKYO,italian_tokyo,発表日：2023年4月11日
インカント,東京都港区南麻布4-12-2 ピュアーレ広尾　２Ｆ,食べログ イタリアン TOKYO 百名店 2023,https://tabelog.com/tokyo/A1307/A130703/13043684/,https://www.google.com/maps/search/?api=1&query=%E3%82%A4%E3%83%B3%E3%82%AB%E3%83%B3%E3%83%88%20%E6%9D%B1%E4%BA%AC%E9%83%BD%E6%B8%AF%E5%8C%BA%E5%8D%97%E9%BA%BB%E5%B8%834-12-2%20%E3%83%94%E3%83%A5%E3%82%A2%E3%83%BC%E3%83%AC%E5%BA%83%E5%B0%BE%E3%80%80%EF%BC%92%EF%BC%A6,2023,イタリアン TOKYO,italian_tokyo,発表日：2023年4月11日
クッチーナ アッラ バーバ,東京都港区六本木5-9-14 第7ビル　3F,食べログ イタリアン TOKYO 百名店 2023,https://tabelog.com/tokyo/A1307/A130701/13170144/,https://www.google.com/maps/search/?api=1&query=%E3%82%AF%E3%83%83%E3%83%81%E3%83%BC%E3%83%8A%20%E3%82%A2%E3%83%83%E3%83%A9%20%E3%83%90%E3%83%BC%E3%83%90%20%E6%9D%B1%E4%BA%AC%E9%83%BD%E6%B8%AF%E5%8C%BA%E5%85%AD%E6%9C%AC%E6%9C%A85-9-14%20%E7%AC%AC7%E3%83%93%E3%83%AB%E3%80%803F,2023,イタリアン TOKYO,italian_tokyo,発表日：2023年4月11日
笠井,東京都目黒区八雲3-6-22 1F,食べログ イタリアン TOKYO 百名店 2023,https://tabelog.com/tokyo/A1317/A131702/13242439/,https://www.google.com/maps/search/?api=1&query=%E7%AC%A0%E4%BA%95%20%E6%9D%B1%E4%BA%AC%E9%83%BD%E7%9B%AE%E9%BB%92%E5%8C%BA%E5%85%AB%E9%9B%B23-6-22%201F,2023,イタリアン TOKYO,italian_tokyo,発表日：2023年4月11日
ロッツォシチリア,東京都港区白金1-1-12 内野マンション 1F,食べログ イタリアン TOKYO 百名店 2023,https://tabelog.com/tokyo/A1316/A131602/13131551/,https://www.google.com/maps/search/?api=1&query=%E3%83%AD%E3%83%83%E3%83%84%E3%82%A9%E3%82%B7%E3%83%81%E3%83%AA%E3%82%A2%20%E6%9D%B1%E4%BA%AC%E9%83%BD%E6%B8%AF%E5%8C%BA%E7%99%BD%E9%87%911-1-12%20%E5%86%85%E9%87%8E%E3%83%9E%E3%83%B3%E3%82%B7%E3%83%A7%E3%83%B3%201F,2023,イタリアン TOKYO,italian_tokyo,発表日：2023年4月11日
ビンゴ,東京都港区西麻布4-19-9 ウォール西麻布 B1F,食べログ イタリアン TOKYO 百名店 2023,https://tabelog.com/tokyo/A1307/A130703/13016523/,https://www.google.com/maps/search/?api=1&query=%E3%83%93%E3%83%B3%E3%82%B4%20%E6%9D%B1%E4%BA%AC%E9%83%BD%E6%B8%AF%E5%8C%BA%E8%A5%BF%E9%BA%BB%E5%B8%834-19-9%20%E3%82%A6%E3%82%A9%E3%83%BC%E3%83%AB%E8%A5%BF%E9%BA%BB%E5%B8%83%20B1F,2023,イタリアン TOKYO,italian_tokyo,発表日：2023年4月11日
フィオッキ,東京都世田谷区祖師谷3-4-9 松紀ビル　１Ｆ,食べログ イタリアン TOKYO 百名店 2023,https://tabelog.com/tokyo/A1318/A131814/13003427/,https://www.google.com/maps/search/?api=1&query=%E3%83%95%E3%82%A3%E3%82%AA%E3%83%83%E3%82%AD%20%E6%9D%B1%E4%BA%AC%E9%83%BD%E4%B8%96%E7%94%B0%E8%B0%B7%E5%8C%BA%E7%A5%96%E5%B8%AB%E8%B0%B73-4-9%20%E6%9D%BE%E7%B4%80%E3%83%93%E3%83%AB%E3%80%80%EF%BC%91%EF%BC%A6,2023,イタリアン TOKYO,italian_tokyo,発表日：2023年4月11日
ラ・ビスボッチャ,東京都渋谷区恵比寿2-36-13 広尾MTRビル 1F,食べログ イタリアン TOKYO 百名店 2023,https://tabelog.com/tokyo/A1307/A130703/13001647/,https://www.google.com/maps/search/?api=1&query=%E3%83%A9%E3%83%BB%E3%83%93%E3%82%B9%E3%83%9C%E3%83%83%E3%83%81%E3%83%A3%20%E6%9D%B1%E4%BA%AC%E9%83%BD%E6%B8%8B%E8%B0%B7%E5%8C%BA%E6%81%B5%E6%AF%94%E5%AF%BF2-36-13%20%E5%BA%83%E5%B0%BEMTR%E3%83%93%E3%83%AB%201F,2023,イタリアン TOKYO,italian_tokyo,発表日：2023年4月11日
チニャーレエノテカ,東京都目黒区駒場1-5-11,食べログ イタリアン TOKYO 百名店 2023,https://tabelog.com/tokyo/A1318/A131801/13189915/,https://www.google.com/maps/search/?api=1&query=%E3%83%81%E3%83%8B%E3%83%A3%E3%83%BC%E3%83%AC%E3%82%A8%E3%83%8E%E3%83%86%E3%82%AB%20%E6%9D%B1%E4%BA%AC%E9%83%BD%E7%9B%AE%E9%BB%92%E5%8C%BA%E9%A7%92%E5%A0%B41-5-11,2023,イタリアン TOKYO,italian_tokyo,発表日：2023年4月11日
シチリア屋,東京都文京区白山1-5-5 MC白山ビル 1F,食べログ イタリアン TOKYO 百名店 2023,https://tabelog.com/tokyo/A1323/A132301/13172747/,https://www.google.com/maps/search/?api=1&query=%E3%82%B7%E3%83%81%E3%83%AA%E3%82%A2%E5%B1%8B%20%E6%9D%B1%E4%BA%AC%E9%83%BD%E6%96%87%E4%BA%AC%E5%8C%BA%E7%99%BD%E5%B1%B11-5-5%20MC%E7%99%BD%E5%B1%B1%E3%83%93%E3%83%AB%201F,2023,イタリアン TOKYO,italian_tokyo,発表日：2023年4月11日
イル・ジョット,東京都世田谷区駒沢5-21-9,食べログ イタリアン TOKYO 百名店 2023,https://tabelog.com/tokyo/A1317/A131707/13001389/,https://www.google.com/maps/search/?api=1&query=%E3%82%A4%E3%83%AB%E3%83%BB%E3%82%B8%E3%83%A7%E3%83%83%E3%83%88%20%E6%9D%B1%E4%BA%AC%E9%83%BD%E4%B8%96%E7%94%B0%E8%B0%B7%E5%8C%BA%E9%A7%92%E6%B2%A25-21-9,2023,イタリアン TOKYO,italian_tokyo,発表日：2023年4月11日
TATSUMI,東京都港区白金6-16-41 ゼクス白金 2F,食べログ イタリアン TOKYO 百名店 2023,https://tabelog.com/tokyo/A1316/A131602/13266170/,https://www.google.com/maps/search/?api=1&query=TATSUMI%20%E6%9D%B1%E4%BA%AC%E9%83%BD%E6%B8%AF%E5%8C%BA%E7%99%BD%E9%87%916-16-41%20%E3%82%BC%E3%82%AF%E3%82%B9%E7%99%BD%E9%87%91%202F,2023,イタリアン TOKYO,italian_tokyo,発表日：2023年4月11日
LOVAT,東京都渋谷区東3-16-6 1F,食べログ イタリアン TOKYO 百名店 2023,https://tabelog.com/tokyo/A1303/A130302/13188570/,https://www.google.com/maps/search/?api=1&query=LOVAT%20%E6%9D%B1%E4%BA%AC%E9%83%BD%E6%B8%8B%E8%B0%B7%E5%8C%BA%E6%9D%B13-16-6%201F,2023,イタリアン TOKYO,italian_tokyo,発表日：2023年4月11日
TACUBO,東京都渋谷区恵比寿西2-13-16 ラングス代官山 1F,食べログ イタリアン TOKYO 百名店 2023,https://tabelog.com/tokyo/A1303/A130303/13109940/,https://www.google.com/maps/search/?api=1&query=TACUBO%20%E6%9D%B1%E4%BA%AC%E9%83%BD%E6%B8%8B%E8%B0%B7%E5%8C%BA%E6%81%B5%E6%AF%94%E5%AF%BF%E8%A5%BF2-13-16%20%E3%83%A9%E3%83%B3%E3%82%B0%E3%82%B9%E4%BB%A3%E5%AE%98%E5%B1%B1%201F,2023,イタリアン TOKYO,italian_tokyo,発表日：2023年4月11日
ロマンティコ,東京都港区白金台5-14-8 タイニービル 2F,食べログ イタリアン TOKYO 百名店 2023,https://tabelog.com/tokyo/A1316/A131602/13021521/,https://www.google.com/maps/search/?api=1&query=%E3%83%AD%E3%83%9E%E3%83%B3%E3%83%86%E3%82%A3%E3%82%B3%20%E6%9D%B1%E4%BA%AC%E9%83%BD%E6%B8%AF%E5%8C%BA%E7%99%BD%E9%87%91%E5%8F%B05-14-8%20%E3%82%BF%E3%82%A4%E3%83%8B%E3%83%BC%E3%83%93%E3%83%AB%202F,2023,イタリアン TOKYO,italian_tokyo,発表日：2023年4月11日
セルサルサーレ,東京都渋谷区恵比寿西1-16-7 ハギワラビル 1F,食べログ イタリアン TOKYO 百名店 2023,https://tabelog.com/tokyo/A1303/A130302/13166739/,https://www.google.com/maps/search/?api=1&query=%E3%82%BB%E3%83%AB%E3%82%B5%E3%83%AB%E3%82%B5%E3%83%BC%E3%83%AC%20%E6%9D%B1%E4%BA%AC%E9%83%BD%E6%B8%8B%E8%B0%B7%E5%8C%BA%E6%81%B5%E6%AF%94%E5%AF%BF%E8%A5%BF1-16-7%20%E3%83%8F%E3%82%AE%E3%83%AF%E3%83%A9%E3%83%93%E3%83%AB%201F,2023,イタリアン TOKYO,italian_tokyo,発表日：2023年4月11日
nerisa,東京都品川区小山6-7-6 タクシティハイツ西小山 1F,食べログ イタリアン TOKYO 百名店 2023,https://tabelog.com/tokyo/A1317/A131710/13266632/,https://www.google.com/maps/search/?api=1&query=nerisa%20%E6%9D%B1%E4%BA%AC%E9%83%BD%E5%93%81%E5%B7%9D%E5%8C%BA%E5%B0%8F%E5%B1%B16-7-6%20%E3%82%BF%E3%82%AF%E3%82%B7%E3%83%86%E3%82%A3%E3%83%8F%E3%82%A4%E3%83%84%E8%A5%BF%E5%B0%8F%E5%B1%B1%201F,2023,イタリアン TOKYO,italian_tokyo,発表日：2023年4月11日
K+,東京都港区西麻布4-5-8,食べログ イタリアン TOKYO 百名店 2023,https://tabelog.com/tokyo/A1307/A130703/13213748/,https://www.google.com/maps/search/?api=1&query=K%2B%20%E6%9D%B1%E4%BA%AC%E9%83%BD%E6%B8%AF%E5%8C%BA%E8%A5%BF%E9%BA%BB%E5%B8%834-5-8,2023,イタリアン TOKYO,italian_tokyo,発表日：2023年4月11日
SALONE TOKYO,東京都千代田区有楽町1-1-2 東京ミッドタウン日比谷 3F,食べログ イタリアン TOKYO 百名店 2023,https://tabelog.com/tokyo/A1301/A130102/13218266/,https://www.google.com/maps/search/?api=1&query=SALONE%20TOKYO%20%E6%9D%B1%E4%BA%AC%E9%83%BD%E5%8D%83%E4%BB%A3%E7%94%B0%E5%8C%BA%E6%9C%89%E6%A5%BD%E7%94%BA1-1-2%20%E6%9D%B1%E4%BA%AC%E3%83%9F%E3%83%83%E3%83%89%E3%82%BF%E3%82%A6%E3%83%B3%E6%97%A5%E6%AF%94%E8%B0%B7%203F,2023,イタリアン TOKYO,italian_tokyo,発表日：2023年4月11日
Regalo,東京都渋谷区代々木4-6-2 宍戸ビル　B1F,食べログ イタリアン TOKYO 百名店 2023,https://tabelog.com/tokyo/A1318/A131810/13057629/,https://www.google.com/maps/search/?api=1&query=Regalo%20%E6%9D%B1%E4%BA%AC%E9%83%BD%E6%B8%8B%E8%B0%B7%E5%8C%BA%E4%BB%A3%E3%80%85%E6%9C%A84-6-2%20%E5%AE%8D%E6%88%B8%E3%83%93%E3%83%AB%E3%80%80B1F,2023,イタリアン TOKYO,italian_tokyo,発表日：2023年4月11日
クオーレアズーロ,東京都目黒区上目黒2-42-12 渋谷ビル 1F,食べログ イタリアン TOKYO 百名店 2023,https://tabelog.com/tokyo/A1317/A131701/13140792/,https://www.google.com/maps/search/?api=1&query=%E3%82%AF%E3%82%AA%E3%83%BC%E3%83%AC%E3%82%A2%E3%82%BA%E3%83%BC%E3%83%AD%20%E6%9D%B1%E4%BA%AC%E9%83%BD%E7%9B%AE%E9%BB%92%E5%8C%BA%E4%B8%8A%E7%9B%AE%E9%BB%922-42-12%20%E6%B8%8B%E8%B0%B7%E3%83%93%E3%83%AB%201F,2023,イタリアン TOKYO,italian_tokyo,発表日：2023年4月11日
トラットリア ダイ パエサーニ,東京都新宿区西早稲田2-18-19,食べログ イタリアン TOKYO 百名店 2023,https://tabelog.com/tokyo/A1305/A130503/13172879/,https://www.google.com/maps/search/?api=1&query=%E3%83%88%E3%83%A9%E3%83%83%E3%83%88%E3%83%AA%E3%82%A2%20%E3%83%80%E3%82%A4%20%E3%83%91%E3%82%A8%E3%82%B5%E3%83%BC%E3%83%8B%20%E6%9D%B1%E4%BA%AC%E9%83%BD%E6%96%B0%E5%AE%BF%E5%8C%BA%E8%A5%BF%E6%97%A9%E7%A8%B2%E7%94%B02-18-19,2023,イタリアン TOKYO,italian_tokyo,発表日：2023年4月11日
リストランテ シンティッラ,東京都目黒区上目黒2-44-9 クレストモア B1F,食べログ イタリアン TOKYO 百名店 2023,https://tabelog.com/tokyo/A1317/A131701/13240309/,https://www.google.com/maps/search/?api=1&query=%E3%83%AA%E3%82%B9%E3%83%88%E3%83%A9%E3%83%B3%E3%83%86%20%E3%82%B7%E3%83%B3%E3%83%86%E3%82%A3%E3%83%83%E3%83%A9%20%E6%9D%B1%E4%BA%AC%E9%83%BD%E7%9B%AE%E9%BB%92%E5%8C%BA%E4%B8%8A%E7%9B%AE%E9%BB%922-44-9%20%E3%82%AF%E3%83%AC%E3%82%B9%E3%83%88%E3%83%A2%E3%82%A2%20B1F,2023,イタリアン TOKYO,italian_tokyo,発表日：2023年4月11日
クリマ ディ トスカーナ,東京都文京区本郷1-28-32 101,食べログ イタリアン TOKYO 百名店 2023,https://tabelog.com/tokyo/A1310/A131004/13215781/,https://www.google.com/maps/search/?api=1&query=%E3%82%AF%E3%83%AA%E3%83%9E%20%E3%83%87%E3%82%A3%20%E3%83%88%E3%82%B9%E3%82%AB%E3%83%BC%E3%83%8A%20%E6%9D%B1%E4%BA%AC%E9%83%BD%E6%96%87%E4%BA%AC%E5%8C%BA%E6%9C%AC%E9%83%B71-28-32%20101,2023,イタリアン TOKYO,italian_tokyo,発表日：2023年4月11日
ピアッティ カステリーナ,東京都新宿区天神町68-3 橋本ビル 1F,食べログ イタリアン TOKYO 百名店 2023,https://tabelog.com/tokyo/A1309/A130905/13130769/,https://www.google.com/maps/search/?api=1&query=%E3%83%94%E3%82%A2%E3%83%83%E3%83%86%E3%82%A3%20%E3%82%AB%E3%82%B9%E3%83%86%E3%83%AA%E3%83%BC%E3%83%8A%20%E6%9D%B1%E4%BA%AC%E9%83%BD%E6%96%B0%E5%AE%BF%E5%8C%BA%E5%A4%A9%E7%A5%9E%E7%94%BA68-3%20%E6%A9%8B%E6%9C%AC%E3%83%93%E3%83%AB%201F,2023,イタリアン TOKYO,italian_tokyo,発表日：2023年4月11日
L'appartamento di NAOKI,東京都中央区日本橋人形町2-10-11 KYOE PLAZA日本橋人形町 4F,食べログ イタリアン TOKYO 百名店 2023,https://tabelog.com/tokyo/A1302/A130202/13259645/,https://www.google.com/maps/search/?api=1&query=L%27appartamento%20di%20NAOKI%20%E6%9D%B1%E4%BA%AC%E9%83%BD%E4%B8%AD%E5%A4%AE%E5%8C%BA%E6%97%A5%E6%9C%AC%E6%A9%8B%E4%BA%BA%E5%BD%A2%E7%94%BA2-10-11%20KYOE%20PLAZA%E6%97%A5%E6%9C%AC%E6%A9%8B%E4%BA%BA%E5%BD%A2%E7%94%BA%204F,2023,イタリアン TOKYO,italian_tokyo,発表日：2023年4月11日
トルナヴェント,東京都港区西麻布3-21-14 覚張ビル　Ｂ１Ｆ,食べログ イタリアン TOKYO 百名店 2023,https://tabelog.com/tokyo/A1307/A130701/13022053/,https://www.google.com/maps/search/?api=1&query=%E3%83%88%E3%83%AB%E3%83%8A%E3%83%B4%E3%82%A7%E3%83%B3%E3%83%88%20%E6%9D%B1%E4%BA%AC%E9%83%BD%E6%B8%AF%E5%8C%BA%E8%A5%BF%E9%BA%BB%E5%B8%833-21-14%20%E8%A6%9A%E5%BC%B5%E3%83%93%E3%83%AB%E3%80%80%EF%BC%A2%EF%BC%91%EF%BC%A6,2023,イタリアン TOKYO,italian_tokyo,発表日：2023年4月11日
マンサルヴァ,東京都渋谷区恵比寿4-23-7 恵比寿レーベン 2F,食べログ イタリアン TOKYO 百名店 2023,https://tabelog.com/tokyo/A1303/A130302/13114704/,https://www.google.com/maps/search/?api=1&query=%E3%83%9E%E3%83%B3%E3%82%B5%E3%83%AB%E3%83%B4%E3%82%A1%20%E6%9D%B1%E4%BA%AC%E9%83%BD%E6%B8%8B%E8%B0%B7%E5%8C%BA%E6%81%B5%E6%AF%94%E5%AF%BF4-23-7%20%E6%81%B5%E6%AF%94%E5%AF%BF%E3%83%AC%E3%83%BC%E3%83%99%E3%83%B3%202F,2023,イタリアン TOKYO,italian_tokyo,発表日：2023年4月11日
Lemon,東京都渋谷区恵比寿1-26-14 ACTビル 1F,食べログ イタリアン TOKYO 百名店 2023,https://tabelog.com/tokyo/A1303/A130302/13257993/,https://www.google.com/maps/search/?api=1&query=Lemon%20%E6%9D%B1%E4%BA%AC%E9%83%BD%E6%B8%8B%E8%B0%B7%E5%8C%BA%E6%81%B5%E6%AF%94%E5%AF%BF1-26-14%20ACT%E3%83%93%E3%83%AB%201F,2023,イタリアン TOKYO,italian_tokyo,発表日：2023年4月11日
サーラ アマービレ,東京都中央区銀座2-6-5 銀座トレシャス 12F,食べログ イタリアン TOKYO 百名店 2023,https://tabelog.com/tokyo/A1301/A130101/13113809/,https://www.google.com/maps/search/?api=1&query=%E3%82%B5%E3%83%BC%E3%83%A9%20%E3%82%A2%E3%83%9E%E3%83%BC%E3%83%93%E3%83%AC%20%E6%9D%B1%E4%BA%AC%E9%83%BD%E4%B8%AD%E5%A4%AE%E5%8C%BA%E9%8A%80%E5%BA%A72-6-5%20%E9%8A%80%E5%BA%A7%E3%83%88%E3%83%AC%E3%82%B7%E3%83%A3%E3%82%B9%2012F,2023,イタリアン TOKYO,italian_tokyo,発表日：2023年4月11日
ポンテ デル ピアット,東京都渋谷区広尾5-19-7 協和ビル 1F,食べログ イタリアン TOKYO 百名店 2023,https://tabelog.com/tokyo/A1307/A130703/13166111/,https://www.google.com/maps/search/?api=1&query=%E3%83%9D%E3%83%B3%E3%83%86%20%E3%83%87%E3%83%AB%20%E3%83%94%E3%82%A2%E3%83%83%E3%83%88%20%E6%9D%B1%E4%BA%AC%E9%83%BD%E6%B8%8B%E8%B0%B7%E5%8C%BA%E5%BA%83%E5%B0%BE5-19-7%20%E5%8D%94%E5%92%8C%E3%83%93%E3%83%AB%201F,2023,イタリアン TOKYO,italian_tokyo,発表日：2023年4月11日
ボッテガ,東京都渋谷区広尾5-17-8 アプリシエ広尾 B1F,食べログ イタリアン TOKYO 百名店 2023,https://tabelog.com/tokyo/A1307/A130703/13204358/,https://www.google.com/maps/search/?api=1&query=%E3%83%9C%E3%83%83%E3%83%86%E3%82%AC%20%E6%9D%B1%E4%BA%AC%E9%83%BD%E6%B8%8B%E8%B0%B7%E5%8C%BA%E5%BA%83%E5%B0%BE5-17-8%20%E3%82%A2%E3%83%97%E3%83%AA%E3%82%B7%E3%82%A8%E5%BA%83%E5%B0%BE%20B1F,2023,イタリアン TOKYO,italian_tokyo,発表日：2023年4月11日
ワインレストラン ラ・マルゲリータ,東京都大田区西六郷2-39-5,食べログ イタリアン TOKYO 百名店 2023,https://tabelog.com/tokyo/A1315/A131503/13193685/,https://www.google.com/maps/search/?api=1&query=%E3%83%AF%E3%82%A4%E3%83%B3%E3%83%AC%E3%82%B9%E3%83%88%E3%83%A9%E3%83%B3%20%E3%83%A9%E3%83%BB%E3%83%9E%E3%83%AB%E3%82%B2%E3%83%AA%E3%83%BC%E3%82%BF%20%E6%9D%B1%E4%BA%AC%E9%83%BD%E5%A4%A7%E7%94%B0%E5%8C%BA%E8%A5%BF%E5%85%AD%E9%83%B72-39-5,2023,イタリアン TOKYO,italian_tokyo,発表日：2023年4月11日
ヴィンチェロ,東京都新宿区新宿5-1-13 ＭＯＡビル 1F,食べログ イタリアン TOKYO 百名店 2023,https://tabelog.com/tokyo/A1304/A130402/13004299/,https://www.google.com/maps/search/?api=1&query=%E3%83%B4%E3%82%A3%E3%83%B3%E3%83%81%E3%82%A7%E3%83%AD%20%E6%9D%B1%E4%BA%AC%E9%83%BD%E6%96%B0%E5%AE%BF%E5%8C%BA%E6%96%B0%E5%AE%BF5-1-13%20%EF%BC%AD%EF%BC%AF%EF%BC%A1%E3%83%93%E3%83%AB%201F,2023,イタリアン TOKYO,italian_tokyo,発表日：2023年4月11日
リストランテ ペガソ,東京都港区南青山7-12-12 ムジカーサ南青山 1F,食べログ イタリアン TOKYO 百名店 2023,https://tabelog.com/tokyo/A1307/A130703/13152248/,https://www.google.com/maps/search/?api=1&query=%E3%83%AA%E3%82%B9%E3%83%88%E3%83%A9%E3%83%B3%E3%83%86%20%E3%83%9A%E3%82%AC%E3%82%BD%20%E6%9D%B1%E4%BA%AC%E9%83%BD%E6%B8%AF%E5%8C%BA%E5%8D%97%E9%9D%92%E5%B1%B17-12-12%20%E3%83%A0%E3%82%B8%E3%82%AB%E3%83%BC%E3%82%B5%E5%8D%97%E9%9D%92%E5%B1%B1%201F,2023,イタリアン TOKYO,italian_tokyo,発表日：2023年4月11日
トルッキオ,東京都千代田区九段南2-1-32 第３青葉ビル　Ｂ１Ｆ,食べログ イタリアン TOKYO 百名店 2023,https://tabelog.com/tokyo/A1309/A130906/13002401/,https://www.google.com/maps/search/?api=1&query=%E3%83%88%E3%83%AB%E3%83%83%E3%82%AD%E3%82%AA%20%E6%9D%B1%E4%BA%AC%E9%83%BD%E5%8D%83%E4%BB%A3%E7%94%B0%E5%8C%BA%E4%B9%9D%E6%AE%B5%E5%8D%972-1-32%20%E7%AC%AC%EF%BC%93%E9%9D%92%E8%91%89%E3%83%93%E3%83%AB%E3%80%80%EF%BC%A2%EF%BC%91%EF%BC%A6,2023,イタリアン TOKYO,italian_tokyo,発表日：2023年4月11日
Convivio,東京都渋谷区千駄ヶ谷3-17-12 カミムラビル 1F,食べログ イタリアン TOKYO 百名店 2023,https://tabelog.com/tokyo/A1309/A130901/13149817/,https://www.google.com/maps/search/?api=1&query=Convivio%20%E6%9D%B1%E4%BA%AC%E9%83%BD%E6%B8%8B%E8%B0%B7%E5%8C%BA%E5%8D%83%E9%A7%84%E3%83%B6%E8%B0%B73-17-12%20%E3%82%AB%E3%83%9F%E3%83%A0%E3%83%A9%E3%83%93%E3%83%AB%201F,2023,イタリアン TOKYO,italian_tokyo,発表日：2023年4月11日
TRATTORIA GANZO,東京都中央区銀座6-3-12 数寄屋ビル 2F,食べログ イタリアン TOKYO 百名店 2023,https://tabelog.com/tokyo/A1301/A130101/13145331/,https://www.google.com/maps/search/?api=1&query=TRATTORIA%20GANZO%20%E6%9D%B1%E4%BA%AC%E9%83%BD%E4%B8%AD%E5%A4%AE%E5%8C%BA%E9%8A%80%E5%BA%A76-3-12%20%E6%95%B0%E5%AF%84%E5%B1%8B%E3%83%93%E3%83%AB%202F,2023,イタリアン TOKYO,italian_tokyo,発表日：2023年4月11日
アロマクラシコ,東京都港区港南2-16-3 品川グランドセントラルタワー 1F,食べログ イタリアン TOKYO 百名店 2023,https://tabelog.com/tokyo/A1314/A131403/13005730/,https://www.google.com/maps/search/?api=1&query=%E3%82%A2%E3%83%AD%E3%83%9E%E3%82%AF%E3%83%A9%E3%82%B7%E3%82%B3%20%E6%9D%B1%E4%BA%AC%E9%83%BD%E6%B8%AF%E5%8C%BA%E6%B8%AF%E5%8D%972-16-3%20%E5%93%81%E5%B7%9D%E3%82%B0%E3%83%A9%E3%83%B3%E3%83%89%E3%82%BB%E3%83%B3%E3%83%88%E3%83%A9%E3%83%AB%E3%82%BF%E3%83%AF%E3%83%BC%201F,2023,イタリアン TOKYO,italian_tokyo,発表日：2023年4月11日
ARMONICO,東京都渋谷区代官山町12-16 シンフォニー代官山 102,食べログ イタリアン TOKYO 百名店 2023,https://tabelog.com/tokyo/A1303/A130303/13156479/,https://www.google.com/maps/search/?api=1&query=ARMONICO%20%E6%9D%B1%E4%BA%AC%E9%83%BD%E6%B8%8B%E8%B0%B7%E5%8C%BA%E4%BB%A3%E5%AE%98%E5%B1%B1%E7%94%BA12-16%20%E3%82%B7%E3%83%B3%E3%83%95%E3%82%A9%E3%83%8B%E3%83%BC%E4%BB%A3%E5%AE%98%E5%B1%B1%20102,2023,イタリアン TOKYO,italian_tokyo,発表日：2023年4月11日
エリオ・ロカンダ・イタリアーナ,東京都千代田区麹町2-5-2 半蔵門ハウス　１Ｆ,食べログ イタリアン TOKYO 百名店 2023,https://tabelog.com/tokyo/A1308/A130803/13000293/,https://www.google.com/maps/search/?api=1&query=%E3%82%A8%E3%83%AA%E3%82%AA%E3%83%BB%E3%83%AD%E3%82%AB%E3%83%B3%E3%83%80%E3%83%BB%E3%82%A4%E3%82%BF%E3%83%AA%E3%82%A2%E3%83%BC%E3%83%8A%20%E6%9D%B1%E4%BA%AC%E9%83%BD%E5%8D%83%E4%BB%A3%E7%94%B0%E5%8C%BA%E9%BA%B9%E7%94%BA2-5-2%20%E5%8D%8A%E8%94%B5%E9%96%80%E3%83%8F%E3%82%A6%E3%82%B9%E3%80%80%EF%BC%91%EF%BC%A6,2023,イタリアン TOKYO,italian_tokyo,発表日：2023年4月11日
イル バロンドーロ,東京都渋谷区恵比寿1-24-10 アリエス恵比寿ビル 1F,食べログ イタリアン TOKYO 百名店 2023,https://tabelog.com/tokyo/A1303/A130302/13229964/,https://www.google.com/maps/search/?api=1&query=%E3%82%A4%E3%83%AB%20%E3%83%90%E3%83%AD%E3%83%B3%E3%83%89%E3%83%BC%E3%83%AD%20%E6%9D%B1%E4%BA%AC%E9%83%BD%E6%B8%8B%E8%B0%B7%E5%8C%BA%E6%81%B5%E6%AF%94%E5%AF%BF1-24-10%20%E3%82%A2%E3%83%AA%E3%82%A8%E3%82%B9%E6%81%B5%E6%AF%94%E5%AF%BF%E3%83%93%E3%83%AB%201F,2023,イタリアン TOKYO,italian_tokyo,発表日：2023年4月11日
プリンチピオ,東京都港区麻布十番2-4-8 麻布十番舘 2F,食べログ イタリアン TOKYO 百名店 2023,https://tabelog.com/tokyo/A1307/A130702/13144481/,https://www.google.com/maps/search/?api=1&query=%E3%83%97%E3%83%AA%E3%83%B3%E3%83%81%E3%83%94%E3%82%AA%20%E6%9D%B1%E4%BA%AC%E9%83%BD%E6%B8%AF%E5%8C%BA%E9%BA%BB%E5%B8%83%E5%8D%81%E7%95%AA2-4-8%20%E9%BA%BB%E5%B8%83%E5%8D%81%E7%95%AA%E8%88%98%202F,2023,イタリアン TOKYO,italian_tokyo,発表日：2023年4月11日
unito,東京都目黒区青葉台1-23-3 青葉台東和ビル　2Ｆ,食べログ イタリアン TOKYO 百名店 2023,https://tabelog.com/tokyo/A1317/A131701/13020531/,https://www.google.com/maps/search/?api=1&query=unito%20%E6%9D%B1%E4%BA%AC%E9%83%BD%E7%9B%AE%E9%BB%92%E5%8C%BA%E9%9D%92%E8%91%89%E5%8F%B01-23-3%20%E9%9D%92%E8%91%89%E5%8F%B0%E6%9D%B1%E5%92%8C%E3%83%93%E3%83%AB%E3%80%802%EF%BC%A6,2023,イタリアン TOKYO,italian_tokyo,発表日：2023年4月11日
トラットリア タンタボッカ,東京都渋谷区千駄ヶ谷4-5-1 ニュー外苑ハイツ 1F,食べログ イタリアン TOKYO 百名店 2023,https://tabelog.com/tokyo/A1304/A130403/13058484/,https://www.google.com/maps/search/?api=1&query=%E3%83%88%E3%83%A9%E3%83%83%E3%83%88%E3%83%AA%E3%82%A2%20%E3%82%BF%E3%83%B3%E3%82%BF%E3%83%9C%E3%83%83%E3%82%AB%20%E6%9D%B1%E4%BA%AC%E9%83%BD%E6%B8%8B%E8%B0%B7%E5%8C%BA%E5%8D%83%E9%A7%84%E3%83%B6%E8%B0%B74-5-1%20%E3%83%8B%E3%83%A5%E3%83%BC%E5%A4%96%E8%8B%91%E3%83%8F%E3%82%A4%E3%83%84%201F,2023,イタリアン TOKYO,italian_tokyo,発表日：2023年4月11日
aniko,東京都港区赤坂6-3-8 高松ビル B1F,食べログ イタリアン TOKYO 百名店 2023,https://tabelog.com/tokyo/A1308/A130801/13240038/,https://www.google.com/maps/search/?api=1&query=aniko%20%E6%9D%B1%E4%BA%AC%E9%83%BD%E6%B8%AF%E5%8C%BA%E8%B5%A4%E5%9D%826-3-8%20%E9%AB%98%E6%9D%BE%E3%83%93%E3%83%AB%20B1F,2023,イタリアン TOKYO,italian_tokyo,発表日：2023年4月11日
テアトロアッカ,東京都渋谷区円山町25-7 1F,食べログ イタリアン TOKYO 百名店 2023,https://tabelog.com/tokyo/A1303/A130301/13266141/,https://www.google.com/maps/search/?api=1&query=%E3%83%86%E3%82%A2%E3%83%88%E3%83%AD%E3%82%A2%E3%83%83%E3%82%AB%20%E6%9D%B1%E4%BA%AC%E9%83%BD%E6%B8%8B%E8%B0%B7%E5%8C%BA%E5%86%86%E5%B1%B1%E7%94%BA25-7%201F,2023,イタリアン TOKYO,italian_tokyo,発表日：2023年4月11日
La Brianza,東京都港区六本木6-12-3 六本木ヒルズけやき坂通り 六本木ヒルズレジデンスＣ棟 3F,食べログ イタリアン TOKYO 百名店 2023,https://tabelog.com/tokyo/A1307/A130701/13194346/,https://www.google.com/maps/search/?api=1&query=La%20Brianza%20%E6%9D%B1%E4%BA%AC%E9%83%BD%E6%B8%AF%E5%8C%BA%E5%85%AD%E6%9C%AC%E6%9C%A86-12-3%20%E5%85%AD%E6%9C%AC%E6%9C%A8%E3%83%92%E3%83%AB%E3%82%BA%E3%81%91%E3%82%84%E3%81%8D%E5%9D%82%E9%80%9A%E3%82%8A%20%E5%85%AD%E6%9C%AC%E6%9C%A8%E3%83%92%E3%83%AB%E3%82%BA%E3%83%AC%E3%82%B8%E3%83%87%E3%83%B3%E3%82%B9%EF%BC%A3%E6%A3%9F%203F,2023,イタリアン TOKYO,italian_tokyo,発表日：2023年4月11日
リナシメント,東京都目黒区下目黒2-23-2 1F,食べログ イタリアン TOKYO 百名店 2023,https://tabelog.com/tokyo/A1317/A131701/13201061/,https://www.google.com/maps/search/?api=1&query=%E3%83%AA%E3%83%8A%E3%82%B7%E3%83%A1%E3%83%B3%E3%83%88%20%E6%9D%B1%E4%BA%AC%E9%83%BD%E7%9B%AE%E9%BB%92%E5%8C%BA%E4%B8%8B%E7%9B%AE%E9%BB%922-23-2%201F,2023,イタリアン TOKYO,italian_tokyo,発表日：2023年4月11日
リストランテ･ヒロ  青山,東京都港区南青山5-5-25 Ｔ－ＰＬＡＣＥ　Ｂ１Ｆ,食べログ イタリアン TOKYO 百名店 2023,https://tabelog.com/tokyo/A1306/A130602/13002025/,https://www.google.com/maps/search/?api=1&query=%E3%83%AA%E3%82%B9%E3%83%88%E3%83%A9%E3%83%B3%E3%83%86%EF%BD%A5%E3%83%92%E3%83%AD%20%20%E9%9D%92%E5%B1%B1%20%E6%9D%B1%E4%BA%AC%E9%83%BD%E6%B8%AF%E5%8C%BA%E5%8D%97%E9%9D%92%E5%B1%B15-5-25%20%EF%BC%B4%EF%BC%8D%EF%BC%B0%EF%BC%AC%EF%BC%A1%EF%BC%A3%EF%BC%A5%E3%80%80%EF%BC%A2%EF%BC%91%EF%BC%A6,2023,イタリアン TOKYO,italian_tokyo,発表日：2023年4月11日
カーザ ヴィニタリア,東京都港区南麻布1-7-31 Ｍ　ＴＯＷＥＲ　2Ｆ,食べログ イタリアン TOKYO 百名店 2023,https://tabelog.com/tokyo/A1307/A130702/13010456/,https://www.google.com/maps/search/?api=1&query=%E3%82%AB%E3%83%BC%E3%82%B6%20%E3%83%B4%E3%82%A3%E3%83%8B%E3%82%BF%E3%83%AA%E3%82%A2%20%E6%9D%B1%E4%BA%AC%E9%83%BD%E6%B8%AF%E5%8C%BA%E5%8D%97%E9%BA%BB%E5%B8%831-7-31%20%EF%BC%AD%E3%80%80%EF%BC%B4%EF%BC%AF%EF%BC%B7%EF%BC%A5%EF%BC%B2%E3%80%802%EF%BC%A6,2023,イタリアン TOKYO,italian_tokyo,発表日：2023年4月11日
三和,東京都港区白金台5-13-14 白金台THE1000 Ｂ1F,食べログ イタリアン TOKYO 百名店 2023,https://tabelog.com/tokyo/A1316/A131602/13264755/,https://www.google.com/maps/search/?api=1&query=%E4%B8%89%E5%92%8C%20%E6%9D%B1%E4%BA%AC%E9%83%BD%E6%B8%AF%E5%8C%BA%E7%99%BD%E9%87%91%E5%8F%B05-13-14%20%E7%99%BD%E9%87%91%E5%8F%B0THE1000%20%EF%BC%A21F,2023,イタリアン TOKYO,italian_tokyo,発表日：2023年4月11日
リストランテASO,東京都渋谷区猿楽町29-3,食べログ イタリアン TOKYO 百名店 2023,https://tabelog.com/tokyo/A1303/A130303/13003356/,https://www.google.com/maps/search/?api=1&query=%E3%83%AA%E3%82%B9%E3%83%88%E3%83%A9%E3%83%B3%E3%83%86ASO%20%E6%9D%B1%E4%BA%AC%E9%83%BD%E6%B8%8B%E8%B0%B7%E5%8C%BA%E7%8C%BF%E6%A5%BD%E7%94%BA29-3,2023,イタリアン TOKYO,italian_tokyo,発表日：2023年4月11日
ドンブラボー,東京都調布市国領町3-6-43,食べログ イタリアン TOKYO 百名店 2023,https://tabelog.com/tokyo/A1326/A132601/13144681/,https://www.google.com/maps/search/?api=1&query=%E3%83%89%E3%83%B3%E3%83%96%E3%83%A9%E3%83%9C%E3%83%BC%20%E6%9D%B1%E4%BA%AC%E9%83%BD%E8%AA%BF%E5%B8%83%E5%B8%82%E5%9B%BD%E9%A0%98%E7%94%BA3-6-43,2023,イタリアン TOKYO,italian_tokyo,発表日：2023年4月11日
フレーゴリ,東京都渋谷区恵比寿2-8-9,食べログ イタリアン TOKYO 百名店 2023,https://tabelog.com/tokyo/A1303/A130302/13016521/,https://www.google.com/maps/search/?api=1&query=%E3%83%95%E3%83%AC%E3%83%BC%E3%82%B4%E3%83%AA%20%E6%9D%B1%E4%BA%AC%E9%83%BD%E6%B8%8B%E8%B0%B7%E5%8C%BA%E6%81%B5%E6%AF%94%E5%AF%BF2-8-9,2023,イタリアン TOKYO,italian_tokyo,発表日：2023年4月11日
グッチオステリアダマッシモボットゥーラ トウキョウ,東京都中央区銀座6-6-12 グッチ並木 4F,食べログ イタリアン TOKYO 百名店 2023,https://tabelog.com/tokyo/A1301/A130101/13257180/,https://www.google.com/maps/search/?api=1&query=%E3%82%B0%E3%83%83%E3%83%81%E3%82%AA%E3%82%B9%E3%83%86%E3%83%AA%E3%82%A2%E3%83%80%E3%83%9E%E3%83%83%E3%82%B7%E3%83%A2%E3%83%9C%E3%83%83%E3%83%88%E3%82%A5%E3%83%BC%E3%83%A9%20%E3%83%88%E3%82%A6%E3%82%AD%E3%83%A7%E3%82%A6%20%E6%9D%B1%E4%BA%AC%E9%83%BD%E4%B8%AD%E5%A4%AE%E5%8C%BA%E9%8A%80%E5%BA%A76-6-12%20%E3%82%B0%E3%83%83%E3%83%81%E4%B8%A6%E6%9C%A8%204F,2023,イタリアン TOKYO,italian_tokyo,発表日：2023年4月11日
FARO,東京都中央区銀座8-8-3 東京銀座資生堂ビル 10F,食べログ イタリアン TOKYO 百名店 2023,https://tabelog.com/tokyo/A1301/A130101/13002640/,https://www.google.com/maps/search/?api=1&query=FARO%20%E6%9D%B1%E4%BA%AC%E9%83%BD%E4%B8%AD%E5%A4%AE%E5%8C%BA%E9%8A%80%E5%BA%A78-8-3%20%E6%9D%B1%E4%BA%AC%E9%8A%80%E5%BA%A7%E8%B3%87%E7%94%9F%E5%A0%82%E3%83%93%E3%83%AB%2010F,2023,イタリアン TOKYO,italian_tokyo,発表日：2023年4月11日
イル・テアトロ,東京都文京区関口2-10-8 ホテル椿山荘東京 3Ｆ,食べログ イタリアン TOKYO 百名店 2023,https://tabelog.com/tokyo/A1309/A130905/13003823/,https://www.google.com/maps/search/?api=1&query=%E3%82%A4%E3%83%AB%E3%83%BB%E3%83%86%E3%82%A2%E3%83%88%E3%83%AD%20%E6%9D%B1%E4%BA%AC%E9%83%BD%E6%96%87%E4%BA%AC%E5%8C%BA%E9%96%A2%E5%8F%A32-10-8%20%E3%83%9B%E3%83%86%E3%83%AB%E6%A4%BF%E5%B1%B1%E8%8D%98%E6%9D%B1%E4%BA%AC%203%EF%BC%A6,2023,イタリアン TOKYO,italian_tokyo,発表日：2023年4月11日
リストランティーノ ルベロ,東京都品川区上大崎3-5-18,食べログ イタリアン TOKYO 百名店 2023,https://tabelog.com/tokyo/A1316/A131601/13045711/,https://www.google.com/maps/search/?api=1&query=%E3%83%AA%E3%82%B9%E3%83%88%E3%83%A9%E3%83%B3%E3%83%86%E3%82%A3%E3%83%BC%E3%83%8E%20%E3%83%AB%E3%83%99%E3%83%AD%20%E6%9D%B1%E4%BA%AC%E9%83%BD%E5%93%81%E5%B7%9D%E5%8C%BA%E4%B8%8A%E5%A4%A7%E5%B4%8E3-5-18,2023,イタリアン TOKYO,italian_tokyo,発表日：2023年4月11日
アンティカ オステリア カルネヤ,東京都新宿区南山伏町3-6 市ヶ谷NHビル1F,食べログ イタリアン TOKYO 百名店 2023,https://tabelog.com/tokyo/A1309/A130905/13045549/,https://www.google.com/maps/search/?api=1&query=%E3%82%A2%E3%83%B3%E3%83%86%E3%82%A3%E3%82%AB%20%E3%82%AA%E3%82%B9%E3%83%86%E3%83%AA%E3%82%A2%20%E3%82%AB%E3%83%AB%E3%83%8D%E3%83%A4%20%E6%9D%B1%E4%BA%AC%E9%83%BD%E6%96%B0%E5%AE%BF%E5%8C%BA%E5%8D%97%E5%B1%B1%E4%BC%8F%E7%94%BA3-6%20%E5%B8%82%E3%83%B6%E8%B0%B7NH%E3%83%93%E3%83%AB1F,2023,イタリアン TOKYO,italian_tokyo,発表日：2023年4月11日
ICARO miyamoto,東京都目黒区上目黒2-44-24 ＣＯＭＳ中目黒　4Ｆ,食べログ イタリアン TOKYO 百名店 2023,https://tabelog.com/tokyo/A1317/A131701/13050216/,https://www.google.com/maps/search/?api=1&query=ICARO%20miyamoto%20%E6%9D%B1%E4%BA%AC%E9%83%BD%E7%9B%AE%E9%BB%92%E5%8C%BA%E4%B8%8A%E7%9B%AE%E9%BB%922-44-24%20%EF%BC%A3%EF%BC%AF%EF%BC%AD%EF%BC%B3%E4%B8%AD%E7%9B%AE%E9%BB%92%E3%80%804%EF%BC%A6,2023,イタリアン TOKYO,italian_tokyo,発表日：2023年4月11日
トラットリア ピッツェリア ラルテ,東京都世田谷区三軒茶屋1-35-17 1Ｆ,食べログ イタリアン TOKYO 百名店 2023,https://tabelog.com/tokyo/A1317/A131706/13128533/,https://www.google.com/maps/search/?api=1&query=%E3%83%88%E3%83%A9%E3%83%83%E3%83%88%E3%83%AA%E3%82%A2%20%E3%83%94%E3%83%83%E3%83%84%E3%82%A7%E3%83%AA%E3%82%A2%20%E3%83%A9%E3%83%AB%E3%83%86%20%E6%9D%B1%E4%BA%AC%E9%83%BD%E4%B8%96%E7%94%B0%E8%B0%B7%E5%8C%BA%E4%B8%89%E8%BB%92%E8%8C%B6%E5%B1%8B1-35-17%201%EF%BC%A6,2023,イタリアン TOKYO,italian_tokyo,発表日：2023年4月11日
オステリア セルヴァジーナ,東京都豊島区駒込3-2-7 リトル駒込 1F,食べログ イタリアン TOKYO 百名店 2023,https://tabelog.com/tokyo/A1323/A132301/13135740/,https://www.google.com/maps/search/?api=1&query=%E3%82%AA%E3%82%B9%E3%83%86%E3%83%AA%E3%82%A2%20%E3%82%BB%E3%83%AB%E3%83%B4%E3%82%A1%E3%82%B8%E3%83%BC%E3%83%8A%20%E6%9D%B1%E4%BA%AC%E9%83%BD%E8%B1%8A%E5%B3%B6%E5%8C%BA%E9%A7%92%E8%BE%BC3-2-7%20%E3%83%AA%E3%83%88%E3%83%AB%E9%A7%92%E8%BE%BC%201F,2023,イタリアン TOKYO,italian_tokyo,発表日：2023年4月11日
プリズマ,東京都港区南青山6-4-6 青山ＡＬＬＥＹ 1F,食べログ イタリアン TOKYO 百名店 2023,https://tabelog.com/tokyo/A1306/A130602/13123890/,https://www.google.com/maps/search/?api=1&query=%E3%83%97%E3%83%AA%E3%82%BA%E3%83%9E%20%E6%9D%B1%E4%BA%AC%E9%83%BD%E6%B8%AF%E5%8C%BA%E5%8D%97%E9%9D%92%E5%B1%B16-4-6%20%E9%9D%92%E5%B1%B1%EF%BC%A1%EF%BC%AC%EF%BC%AC%EF%BC%A5%EF%BC%B9%201F,2023,イタリアン TOKYO,italian_tokyo,発表日：2023年4月11日
OGGI,東京都港区西麻布1-10-8 第2大晃ビル1F,食べログ イタリアン TOKYO 百名店 2023,https://tabelog.com/tokyo/A1307/A130701/13057753/,https://www.google.com/maps/search/?api=1&query=OGGI%20%E6%9D%B1%E4%BA%AC%E9%83%BD%E6%B8%AF%E5%8C%BA%E8%A5%BF%E9%BA%BB%E5%B8%831-10-8%20%E7%AC%AC2%E5%A4%A7%E6%99%83%E3%83%93%E3%83%AB1F,2023,イタリアン TOKYO,italian_tokyo,発表日：2023年4月11日
アッピア アルタ 西麻布,東京都港区西麻布4-22-7 西麻布グランディアビル B1F,食べログ イタリアン TOKYO 百名店 2023,https://tabelog.com/tokyo/A1307/A130703/13054090/,https://www.google.com/maps/search/?api=1&query=%E3%82%A2%E3%83%83%E3%83%94%E3%82%A2%20%E3%82%A2%E3%83%AB%E3%82%BF%20%E8%A5%BF%E9%BA%BB%E5%B8%83%20%E6%9D%B1%E4%BA%AC%E9%83%BD%E6%B8%AF%E5%8C%BA%E8%A5%BF%E9%BA%BB%E5%B8%834-22-7%20%E8%A5%BF%E9%BA%BB%E5%B8%83%E3%82%B0%E3%83%A9%E3%83%B3%E3%83%87%E3%82%A3%E3%82%A2%E3%83%93%E3%83%AB%20B1F,2023,イタリアン TOKYO,italian_tokyo,発表日：2023年4月11日
マジカメンテ,東京都渋谷区恵比寿3-41-9 恵比寿台ハイツ 1F,食べログ イタリアン TOKYO 百名店 2023,https://tabelog.com/tokyo/A1303/A130302/13121950/,https://www.google.com/maps/search/?api=1&query=%E3%83%9E%E3%82%B8%E3%82%AB%E3%83%A1%E3%83%B3%E3%83%86%20%E6%9D%B1%E4%BA%AC%E9%83%BD%E6%B8%8B%E8%B0%B7%E5%8C%BA%E6%81%B5%E6%AF%94%E5%AF%BF3-41-9%20%E6%81%B5%E6%AF%94%E5%AF%BF%E5%8F%B0%E3%83%8F%E3%82%A4%E3%83%84%201F,2023,イタリアン TOKYO,italian_tokyo,発表日：2023年4月11日
草片,東京都港区西麻布4-4-16 NISHIAZABU4416 B1F,食べログ イタリアン TOKYO 百名店 2023,https://tabelog.com/tokyo/A1307/A130703/13191105/,https://www.google.com/maps/search/?api=1&query=%E8%8D%89%E7%89%87%20%E6%9D%B1%E4%BA%AC%E9%83%BD%E6%B8%AF%E5%8C%BA%E8%A5%BF%E9%BA%BB%E5%B8%834-4-16%20NISHIAZABU4416%20B1F,2023,イタリアン TOKYO,italian_tokyo,発表日：2023年4月11日
IL TEATRINO DA SALONE,東京都港区南青山7-11-5 HOUSE7115 B1F,食べログ イタリアン TOKYO 百名店 2023,https://tabelog.com/tokyo/A1307/A130703/13110652/,https://www.google.com/maps/search/?api=1&query=IL%20TEATRINO%20DA%20SALONE%20%E6%9D%B1%E4%BA%AC%E9%83%BD%E6%B8%AF%E5%8C%BA%E5%8D%97%E9%9D%92%E5%B1%B17-11-5%20HOUSE7115%20B1F,2023,イタリアン TOKYO,italian_tokyo,発表日：2023年4月11日
テストキッチンエイチ,東京都港区南青山5-12-13,食べログ イタリアン TOKYO 百名店 2023,https://tabelog.com/tokyo/A1306/A130602/13220384/,https://www.google.com/maps/search/?api=1&query=%E3%83%86%E3%82%B9%E3%83%88%E3%82%AD%E3%83%83%E3%83%81%E3%83%B3%E3%82%A8%E3%82%A4%E3%83%81%20%E6%9D%B1%E4%BA%AC%E9%83%BD%E6%B8%AF%E5%8C%BA%E5%8D%97%E9%9D%92%E5%B1%B15-12-13,2023,イタリアン TOKYO,italian_tokyo,発表日：2023年4月11日
ブルガリ イル・リストランテ ルカ・ファンティン,東京都中央区銀座2-7-12 ブルガリ銀座タワー　９Ｆ,食べログ イタリアン TOKYO 百名店 2023,https://tabelog.com/tokyo/A1301/A130101/13045135/,https://www.google.com/maps/search/?api=1&query=%E3%83%96%E3%83%AB%E3%82%AC%E3%83%AA%20%E3%82%A4%E3%83%AB%E3%83%BB%E3%83%AA%E3%82%B9%E3%83%88%E3%83%A9%E3%83%B3%E3%83%86%20%E3%83%AB%E3%82%AB%E3%83%BB%E3%83%95%E3%82%A1%E3%83%B3%E3%83%86%E3%82%A3%E3%83%B3%20%E6%9D%B1%E4%BA%AC%E9%83%BD%E4%B8%AD%E5%A4%AE%E5%8C%BA%E9%8A%80%E5%BA%A72-7-12%20%E3%83%96%E3%83%AB%E3%82%AC%E3%83%AA%E9%8A%80%E5%BA%A7%E3%82%BF%E3%83%AF%E3%83%BC%E3%80%80%EF%BC%99%EF%BC%A6,2023,イタリアン TOKYO,italian_tokyo,発表日：2023年4月11日
ペレグリーノ,東京都渋谷区恵比寿2-3-4,食べログ イタリアン TOKYO 百名店 2023,https://tabelog.com/tokyo/A1303/A130302/13072775/,https://www.google.com/maps/search/?api=1&query=%E3%83%9A%E3%83%AC%E3%82%B0%E3%83%AA%E3%83%BC%E3%83%8E%20%E6%9D%B1%E4%BA%AC%E9%83%BD%E6%B8%8B%E8%B0%B7%E5%8C%BA%E6%81%B5%E6%AF%94%E5%AF%BF2-3-4,2023,イタリアン TOKYO,italian_tokyo,発表日：2023年4月11日
ラ・ピッコラ・ターヴォラ,東京都杉並区永福4-2-4,食べログ イタリアン TOKYO 百名店 2023,https://tabelog.com/tokyo/A1318/A131805/13005575/,https://www.google.com/maps/search/?api=1&query=%E3%83%A9%E3%83%BB%E3%83%94%E3%83%83%E3%82%B3%E3%83%A9%E3%83%BB%E3%82%BF%E3%83%BC%E3%83%B4%E3%82%A9%E3%83%A9%20%E6%9D%B1%E4%BA%AC%E9%83%BD%E6%9D%89%E4%B8%A6%E5%8C%BA%E6%B0%B8%E7%A6%8F4-2-4,2023,イタリアン TOKYO,italian_tokyo,発表日：2023年4月11日
アンティカ オステリア デル ポンテ,東京都千代田区丸の内2-4-1 丸の内ビルディング 36F,食べログ イタリアン TOKYO 百名店 2023,https://tabelog.com/tokyo/A1302/A130201/13004061/,https://www.google.com/maps/search/?api=1&query=%E3%82%A2%E3%83%B3%E3%83%86%E3%82%A3%E3%82%AB%20%E3%82%AA%E3%82%B9%E3%83%86%E3%83%AA%E3%82%A2%20%E3%83%87%E3%83%AB%20%E3%83%9D%E3%83%B3%E3%83%86%20%E6%9D%B1%E4%BA%AC%E9%83%BD%E5%8D%83%E4%BB%A3%E7%94%B0%E5%8C%BA%E4%B8%B8%E3%81%AE%E5%86%852-4-1%20%E4%B8%B8%E3%81%AE%E5%86%85%E3%83%93%E3%83%AB%E3%83%87%E3%82%A3%E3%83%B3%E3%82%B0%2036F,2023,イタリアン TOKYO,italian_tokyo,発表日：2023年4月11日
ペペロッソ,東京都世田谷区代沢2-46-7 エクセル桃井 1F,食べログ イタリアン TOKYO 百名店 2023,https://tabelog.com/tokyo/A1318/A131801/13243643/,https://www.google.com/maps/search/?api=1&query=%E3%83%9A%E3%83%9A%E3%83%AD%E3%83%83%E3%82%BD%20%E6%9D%B1%E4%BA%AC%E9%83%BD%E4%B8%96%E7%94%B0%E8%B0%B7%E5%8C%BA%E4%BB%A3%E6%B2%A22-46-7%20%E3%82%A8%E3%82%AF%E3%82%BB%E3%83%AB%E6%A1%83%E4%BA%95%201F,2023,イタリアン TOKYO,italian_tokyo,発表日：2023年4月11日
Shin Harada,東京都中央区銀座2-6-5 GINZA TRECIOUS 12F,食べログ イタリアン TOKYO 百名店 2023,https://tabelog.com/tokyo/A1301/A130101/13129298/,https://www.google.com/maps/search/?api=1&query=Shin%20Harada%20%E6%9D%B1%E4%BA%AC%E9%83%BD%E4%B8%AD%E5%A4%AE%E5%8C%BA%E9%8A%80%E5%BA%A72-6-5%20GINZA%20TRECIOUS%2012F,2023,イタリアン TOKYO,italian_tokyo,発表日：2023年4月11日
リストランテ アクアパッツァ,東京都港区南青山2-27-18 青山エムズタワーパサージュ青山 2F,食べログ イタリアン TOKYO 百名店 2023,https://tabelog.com/tokyo/A1306/A130603/13004578/,https://www.google.com/maps/search/?api=1&query=%E3%83%AA%E3%82%B9%E3%83%88%E3%83%A9%E3%83%B3%E3%83%86%20%E3%82%A2%E3%82%AF%E3%82%A2%E3%83%91%E3%83%83%E3%83%84%E3%82%A1%20%E6%9D%B1%E4%BA%AC%E9%83%BD%E6%B8%AF%E5%8C%BA%E5%8D%97%E9%9D%92%E5%B1%B12-27-18%20%E9%9D%92%E5%B1%B1%E3%82%A8%E3%83%A0%E3%82%BA%E3%82%BF%E3%83%AF%E3%83%BC%E3%83%91%E3%82%B5%E3%83%BC%E3%82%B8%E3%83%A5%E9%9D%92%E5%B1%B1%202F,2023,イタリアン TOKYO,italian_tokyo,発表日：2023年4月11日
ダペピ,東京都文京区千石4-25-6 荒井マンション 101,食べログ イタリアン TOKYO 百名店 2023,https://tabelog.com/tokyo/A1323/A132301/13124157/,https://www.google.com/maps/search/?api=1&query=%E3%83%80%E3%83%9A%E3%83%94%20%E6%9D%B1%E4%BA%AC%E9%83%BD%E6%96%87%E4%BA%AC%E5%8C%BA%E5%8D%83%E7%9F%B34-25-6%20%E8%8D%92%E4%BA%95%E3%83%9E%E3%83%B3%E3%82%B7%E3%83%A7%E3%83%B3%20101,2023,イタリアン TOKYO,italian_tokyo,発表日：2023年4月11日
malca,東京都港区南青山2-27-16 篠塚ビル B1F,食べログ イタリアン TOKYO 百名店 2023,https://tabelog.com/tokyo/A1306/A130603/13277748/,https://www.google.com/maps/search/?api=1&query=malca%20%E6%9D%B1%E4%BA%AC%E9%83%BD%E6%B8%AF%E5%8C%BA%E5%8D%97%E9%9D%92%E5%B1%B12-27-16%20%E7%AF%A0%E5%A1%9A%E3%83%93%E3%83%AB%20B1F,2023,イタリアン TOKYO,italian_tokyo,発表日：2023年4月11日
merachi,東京都港区西麻布1-4-23 アルゴ西麻布 1F,食べログ イタリアン TOKYO 百名店 2023,https://tabelog.com/tokyo/A1307/A130701/13266913/,https://www.google.com/maps/search/?api=1&query=merachi%20%E6%9D%B1%E4%BA%AC%E9%83%BD%E6%B8%AF%E5%8C%BA%E8%A5%BF%E9%BA%BB%E5%B8%831-4-23%20%E3%82%A2%E3%83%AB%E3%82%B4%E8%A5%BF%E9%BA%BB%E5%B8%83%201F,2023,イタリアン TOKYO,italian_tokyo,発表日：2023年4月11日
Il Lato,東京都新宿区新宿3-6-2 栄ビル 4F,食べログ イタリアン TOKYO 百名店 2023,https://tabelog.com/tokyo/A1304/A130401/13256289/,https://www.google.com/maps/search/?api=1&query=Il%20Lato%20%E6%9D%B1%E4%BA%AC%E9%83%BD%E6%96%B0%E5%AE%BF%E5%8C%BA%E6%96%B0%E5%AE%BF3-6-2%20%E6%A0%84%E3%83%93%E3%83%AB%204F,2023,イタリアン TOKYO,italian_tokyo,発表日：2023年4月11日
biodinamico,東京都渋谷区神南1-19-14 クリスタルポイントビル 3F,食べログ イタリアン TOKYO 百名店 2023,https://tabelog.com/tokyo/A1303/A130301/13096558/,https://www.google.com/maps/search/?api=1&query=biodinamico%20%E6%9D%B1%E4%BA%AC%E9%83%BD%E6%B8%8B%E8%B0%B7%E5%8C%BA%E7%A5%9E%E5%8D%971-19-14%20%E3%82%AF%E3%83%AA%E3%82%B9%E3%82%BF%E3%83%AB%E3%83%9D%E3%82%A4%E3%83%B3%E3%83%88%E3%83%93%E3%83%AB%203F,2023,イタリアン TOKYO,italian_tokyo,発表日：2023年4月11日
イル プレージョ,東京都渋谷区上原1-17-7 フレニティハウス 2F,食べログ イタリアン TOKYO 百名店 2023,https://tabelog.com/tokyo/A1318/A131811/13147391/,https://www.google.com/maps/search/?api=1&query=%E3%82%A4%E3%83%AB%20%E3%83%97%E3%83%AC%E3%83%BC%E3%82%B8%E3%83%A7%20%E6%9D%B1%E4%BA%AC%E9%83%BD%E6%B8%8B%E8%B0%B7%E5%8C%BA%E4%B8%8A%E5%8E%9F1-17-7%20%E3%83%95%E3%83%AC%E3%83%8B%E3%83%86%E3%82%A3%E3%83%8F%E3%82%A6%E3%82%B9%202F,2023,イタリアン TOKYO,italian_tokyo,発表日：2023年4月11日
falò,東京都渋谷区代官山町14-10 LUZ代官山 B1F,食べログ イタリアン TOKYO 百名店 2023,https://tabelog.com/tokyo/A1303/A130303/13197255/,https://www.google.com/maps/search/?api=1&query=fal%C3%B2%20%E6%9D%B1%E4%BA%AC%E9%83%BD%E6%B8%8B%E8%B0%B7%E5%8C%BA%E4%BB%A3%E5%AE%98%E5%B1%B1%E7%94%BA14-10%20LUZ%E4%BB%A3%E5%AE%98%E5%B1%B1%20B1F,2023,イタリアン TOKYO,italian_tokyo,発表日：2023年4月11日
ピアット・スズキ,東京都港区麻布十番1-7-7 はせべやビル　４Ｆ,食べログ イタリアン TOKYO 百名店 2023,https://tabelog.com/tokyo/A1307/A130702/13004441/,https://www.google.com/maps/search/?api=1&query=%E3%83%94%E3%82%A2%E3%83%83%E3%83%88%E3%83%BB%E3%82%B9%E3%82%BA%E3%82%AD%20%E6%9D%B1%E4%BA%AC%E9%83%BD%E6%B8%AF%E5%8C%BA%E9%BA%BB%E5%B8%83%E5%8D%81%E7%95%AA1-7-7%20%E3%81%AF%E3%81%9B%E3%81%B9%E3%82%84%E3%83%93%E3%83%AB%E3%80%80%EF%BC%94%EF%BC%A6,2023,イタリアン TOKYO,italian_tokyo,発表日：2023年4月11日
S'ACCAPAU,東京都港区西麻布1-12-4 nishiazabu1124ビル B1F,食べログ イタリアン TOKYO 百名店 2023,https://tabelog.com/tokyo/A1307/A130701/13195700/,https://www.google.com/maps/search/?api=1&query=S%27ACCAPAU%20%E6%9D%B1%E4%BA%AC%E9%83%BD%E6%B8%AF%E5%8C%BA%E8%A5%BF%E9%BA%BB%E5%B8%831-12-4%20nishiazabu1124%E3%83%93%E3%83%AB%20B1F,2023,イタリアン TOKYO,italian_tokyo,発表日：2023年4月11日
アッピア 本店,東京都港区南麻布4-11-35 インペリアル広尾 B101,食べログ イタリアン TOKYO 百名店 2023,https://tabelog.com/tokyo/A1307/A130703/13001593/,https://www.google.com/maps/search/?api=1&query=%E3%82%A2%E3%83%83%E3%83%94%E3%82%A2%20%E6%9C%AC%E5%BA%97%20%E6%9D%B1%E4%BA%AC%E9%83%BD%E6%B8%AF%E5%8C%BA%E5%8D%97%E9%BA%BB%E5%B8%834-11-35%20%E3%82%A4%E3%83%B3%E3%83%9A%E3%83%AA%E3%82%A2%E3%83%AB%E5%BA%83%E5%B0%BE%20B101,2023,イタリアン TOKYO,italian_tokyo,発表日：2023年4月11日
エミリア,東京都渋谷区神宮前2-25-4 パストラーレ神宮前　１Ｆ,食べログ イタリアン TOKYO 百名店 2023,https://tabelog.com/tokyo/A1306/A130601/13099554/,https://www.google.com/maps/search/?api=1&query=%E3%82%A8%E3%83%9F%E3%83%AA%E3%82%A2%20%E6%9D%B1%E4%BA%AC%E9%83%BD%E6%B8%8B%E8%B0%B7%E5%8C%BA%E7%A5%9E%E5%AE%AE%E5%89%8D2-25-4%20%E3%83%91%E3%82%B9%E3%83%88%E3%83%A9%E3%83%BC%E3%83%AC%E7%A5%9E%E5%AE%AE%E5%89%8D%E3%80%80%EF%BC%91%EF%BC%A6,2023,イタリアン TOKYO,italian_tokyo,発表日：2023年4月11日
Felicelina,東京都目黒区青葉台1-15-2 AK-3 building 2-a,食べログ イタリアン TOKYO 百名店 2023,https://tabelog.com/tokyo/A1317/A131701/13130019/,https://www.google.com/maps/search/?api=1&query=Felicelina%20%E6%9D%B1%E4%BA%AC%E9%83%BD%E7%9B%AE%E9%BB%92%E5%8C%BA%E9%9D%92%E8%91%89%E5%8F%B01-15-2%20AK-3%20building%202-a,2023,イタリアン TOKYO,italian_tokyo,発表日：2023年4月11日
WAJO×朗,東京都渋谷区代官山町18-6 ACN代官山ビル B1F,食べログ イタリアン TOKYO 百名店 2023,https://tabelog.com/tokyo/A1303/A130303/13254957/,https://www.google.com/maps/search/?api=1&query=WAJO%C3%97%E6%9C%97%20%E6%9D%B1%E4%BA%AC%E9%83%BD%E6%B8%8B%E8%B0%B7%E5%8C%BA%E4%BB%A3%E5%AE%98%E5%B1%B1%E7%94%BA18-6%20ACN%E4%BB%A3%E5%AE%98%E5%B1%B1%E3%83%93%E3%83%AB%20B1F,2023,イタリアン TOKYO,italian_tokyo,発表日：2023年4月11日
リストランテ ラ チャウ,東京都港区芝浦2-16-7 中野第3ビル B1F,食べログ イタリアン TOKYO 百名店 2023,https://tabelog.com/tokyo/A1314/A131402/13044737/,https://www.google.com/maps/search/?api=1&query=%E3%83%AA%E3%82%B9%E3%83%88%E3%83%A9%E3%83%B3%E3%83%86%20%E3%83%A9%20%E3%83%81%E3%83%A3%E3%82%A6%20%E6%9D%B1%E4%BA%AC%E9%83%BD%E6%B8%AF%E5%8C%BA%E8%8A%9D%E6%B5%A62-16-7%20%E4%B8%AD%E9%87%8E%E7%AC%AC3%E3%83%93%E3%83%AB%20B1F,2023,イタリアン TOKYO,italian_tokyo,発表日：2023年4月11日
リストランテ ラ・バリック トウキョウ,東京都文京区水道2-12-2,食べログ イタリアン TOKYO 百名店 2023,https://tabelog.com/tokyo/A1309/A130905/13044652/,https://www.google.com/maps/search/?api=1&query=%E3%83%AA%E3%82%B9%E3%83%88%E3%83%A9%E3%83%B3%E3%83%86%20%E3%83%A9%E3%83%BB%E3%83%90%E3%83%AA%E3%83%83%E3%82%AF%20%E3%83%88%E3%82%A6%E3%82%AD%E3%83%A7%E3%82%A6%20%E6%9D%B1%E4%BA%AC%E9%83%BD%E6%96%87%E4%BA%AC%E5%8C%BA%E6%B0%B4%E9%81%932-12-2,2023,イタリアン TOKYO,italian_tokyo,発表日：2023年4月11日
ラ スフォリーナ,東京都港区六本木7-3-22 やまうちビル 1F,食べログ イタリアン TOKYO 百名店 2023,https://tabelog.com/tokyo/A1306/A130603/13157731/,https://www.google.com/maps/search/?api=1&query=%E3%83%A9%20%E3%82%B9%E3%83%95%E3%82%A9%E3%83%AA%E3%83%BC%E3%83%8A%20%E6%9D%B1%E4%BA%AC%E9%83%BD%E6%B8%AF%E5%8C%BA%E5%85%AD%E6%9C%AC%E6%9C%A87-3-22%20%E3%82%84%E3%81%BE%E3%81%86%E3%81%A1%E3%83%93%E3%83%AB%201F,2023,イタリアン TOKYO,italian_tokyo,発表日：2023年4月11日
オステリア・オリエーラ,東京都新宿区新宿3-7-5 一兆ビル　２F,食べログ イタリアン TOKYO 百名店 2023,https://tabelog.com/tokyo/A1304/A130401/13099830/,https://www.google.com/maps/search/?api=1&query=%E3%82%AA%E3%82%B9%E3%83%86%E3%83%AA%E3%82%A2%E3%83%BB%E3%82%AA%E3%83%AA%E3%82%A8%E3%83%BC%E3%83%A9%20%E6%9D%B1%E4%BA%AC%E9%83%BD%E6%96%B0%E5%AE%BF%E5%8C%BA%E6%96%B0%E5%AE%BF3-7-5%20%E4%B8%80%E5%85%86%E3%83%93%E3%83%AB%E3%80%80%EF%BC%92F,2023,イタリアン TOKYO,italian_tokyo,発表日：2023年4月11日
RODEO,東京都目黒区中目黒3-5-1 中目黒プレアタワー 1F,食べログ イタリアン TOKYO 百名店 2023,https://tabelog.com/tokyo/A1317/A131701/13213575/,https://www.google.com/maps/search/?api=1&query=RODEO%20%E6%9D%B1%E4%BA%AC%E9%83%BD%E7%9B%AE%E9%BB%92%E5%8C%BA%E4%B8%AD%E7%9B%AE%E9%BB%923-5-1%20%E4%B8%AD%E7%9B%AE%E9%BB%92%E3%83%97%E3%83%AC%E3%82%A2%E3%82%BF%E3%83%AF%E3%83%BC%201F,2023,イタリアン TOKYO,italian_tokyo,発表日：2023年4月11日
クチーナ ヒラタ,東京都港区麻布十番2-13-10 エンドウビル　３Ｆ,食べログ イタリアン TOKYO 百名店 2023,https://tabelog.com/tokyo/A1307/A130702/13001690/,https://www.google.com/maps/search/?api=1&query=%E3%82%AF%E3%83%81%E3%83%BC%E3%83%8A%20%E3%83%92%E3%83%A9%E3%82%BF%20%E6%9D%B1%E4%BA%AC%E9%83%BD%E6%B8%AF%E5%8C%BA%E9%BA%BB%E5%B8%83%E5%8D%81%E7%95%AA2-13-10%20%E3%82%A8%E3%83%B3%E3%83%89%E3%82%A6%E3%83%93%E3%83%AB%E3%80%80%EF%BC%93%EF%BC%A6,2023,イタリアン TOKYO,italian_tokyo,発表日：2023年4月11日
代官山ASO チェレステ 二子玉川店,東京都世田谷区玉川3-17-1 玉川タカシマヤ 11F,食べログ イタリアン TOKYO 百名店 2023,https://tabelog.com/tokyo/A1317/A131708/13005519/,https://www.google.com/maps/search/?api=1&query=%E4%BB%A3%E5%AE%98%E5%B1%B1ASO%20%E3%83%81%E3%82%A7%E3%83%AC%E3%82%B9%E3%83%86%20%E4%BA%8C%E5%AD%90%E7%8E%89%E5%B7%9D%E5%BA%97%20%E6%9D%B1%E4%BA%AC%E9%83%BD%E4%B8%96%E7%94%B0%E8%B0%B7%E5%8C%BA%E7%8E%89%E5%B7%9D3-17-1%20%E7%8E%89%E5%B7%9D%E3%82%BF%E3%82%AB%E3%82%B7%E3%83%9E%E3%83%A4%2011F,2023,イタリアン TOKYO,italian_tokyo,発表日：2023年4月11日
メグリヴァ,東京都目黒区上目黒1-10-5 フィールドストーン104,食べログ イタリアン TOKYO 百名店 2023,https://tabelog.com/tokyo/A1317/A131701/13225445/,https://www.google.com/maps/search/?api=1&query=%E3%83%A1%E3%82%B0%E3%83%AA%E3%83%B4%E3%82%A1%20%E6%9D%B1%E4%BA%AC%E9%83%BD%E7%9B%AE%E9%BB%92%E5%8C%BA%E4%B8%8A%E7%9B%AE%E9%BB%921-10-5%20%E3%83%95%E3%82%A3%E3%83%BC%E3%83%AB%E3%83%89%E3%82%B9%E3%83%88%E3%83%BC%E3%83%B3104,2023,イタリアン TOKYO,italian_tokyo,発表日：2023年4月11日
インフィニート ヒロ,東京都港区赤坂5-1-38 赤坂東商ビル 3F,食べログ イタリアン TOKYO 百名店 2023,https://tabelog.com/tokyo/A1308/A130801/13253595/,https://www.google.com/maps/search/?api=1&query=%E3%82%A4%E3%83%B3%E3%83%95%E3%82%A3%E3%83%8B%E3%83%BC%E3%83%88%20%E3%83%92%E3%83%AD%20%E6%9D%B1%E4%BA%AC%E9%83%BD%E6%B8%AF%E5%8C%BA%E8%B5%A4%E5%9D%825-1-38%20%E8%B5%A4%E5%9D%82%E6%9D%B1%E5%95%86%E3%83%93%E3%83%AB%203F,2023,イタリアン TOKYO,italian_tokyo,発表日：2023年4月11日
日本料理 梅林,神奈川県横浜市中区吉田町52,食べログ 日本料理 EAST 百名店 2023,https://tabelog.com/kanagawa/A1401/A140102/14000447/,https://www.google.com/maps/search/?api=1&query=%E6%97%A5%E6%9C%AC%E6%96%99%E7%90%86%20%E6%A2%85%E6%9E%97%20%E7%A5%9E%E5%A5%88%E5%B7%9D%E7%9C%8C%E6%A8%AA%E6%B5%9C%E5%B8%82%E4%B8%AD%E5%8C%BA%E5%90%89%E7%94%B0%E7%94%BA52,2023,日本料理 EAST,japanese_east,発表日：2023年3月2日
馬車道 大かわ,神奈川県横浜市中区太田町4-48 川島ビルディング 1F,食べログ 日本料理 EAST 百名店 2023,https://tabelog.com/kanagawa/A1401/A140104/14061395/,https://www.google.com/maps/search/?api=1&query=%E9%A6%AC%E8%BB%8A%E9%81%93%20%E5%A4%A7%E3%81%8B%E3%82%8F%20%E7%A5%9E%E5%A5%88%E5%B7%9D%E7%9C%8C%E6%A8%AA%E6%B5%9C%E5%B8%82%E4%B8%AD%E5%8C%BA%E5%A4%AA%E7%94%B0%E7%94%BA4-48%20%E5%B7%9D%E5%B3%B6%E3%83%93%E3%83%AB%E3%83%87%E3%82%A3%E3%83%B3%E3%82%B0%201F,2023,日本料理 EAST,japanese_east,発表日：2023年3月2日
よし町,茨城県土浦市中央2-9-28,食べログ 日本料理 EAST 百名店 2023,https://tabelog.com/ibaraki/A0802/A080202/8004634/,https://www.google.com/maps/search/?api=1&query=%E3%82%88%E3%81%97%E7%94%BA%20%E8%8C%A8%E5%9F%8E%E7%9C%8C%E5%9C%9F%E6%B5%A6%E5%B8%82%E4%B8%AD%E5%A4%AE2-9-28,2023,日本料理 EAST,japanese_east,発表日：2023年3月2日
おか田,神奈川県横浜市神奈川区沢渡2-4 YSビル2F,食べログ 日本料理 EAST 百名店 2023,https://tabelog.com/kanagawa/A1401/A140101/14072866/,https://www.google.com/maps/search/?api=1&query=%E3%81%8A%E3%81%8B%E7%94%B0%20%E7%A5%9E%E5%A5%88%E5%B7%9D%E7%9C%8C%E6%A8%AA%E6%B5%9C%E5%B8%82%E7%A5%9E%E5%A5%88%E5%B7%9D%E5%8C%BA%E6%B2%A2%E6%B8%A12-4%20YS%E3%83%93%E3%83%AB2F,2023,日本料理 EAST,japanese_east,発表日：2023年3月2日
京亭,埼玉県大里郡寄居町寄居547,食べログ 日本料理 EAST 百名店 2023,https://tabelog.com/saitama/A1105/A110605/11000249/,https://www.google.com/maps/search/?api=1&query=%E4%BA%AC%E4%BA%AD%20%E5%9F%BC%E7%8E%89%E7%9C%8C%E5%A4%A7%E9%87%8C%E9%83%A1%E5%AF%84%E5%B1%85%E7%94%BA%E5%AF%84%E5%B1%85547,2023,日本料理 EAST,japanese_east,発表日：2023年3月2日
馳走 なか川,群馬県高崎市和田町12-3,食べログ 日本料理 EAST 百名店 2023,https://tabelog.com/gunma/A1001/A100102/10010965/,https://www.google.com/maps/search/?api=1&query=%E9%A6%B3%E8%B5%B0%20%E3%81%AA%E3%81%8B%E5%B7%9D%20%E7%BE%A4%E9%A6%AC%E7%9C%8C%E9%AB%98%E5%B4%8E%E5%B8%82%E5%92%8C%E7%94%B0%E7%94%BA12-3,2023,日本料理 EAST,japanese_east,発表日：2023年3月2日
日本料理 幸庵,神奈川県藤沢市鵠沼花沢町2-8 ルート鵠沼　１Ｆ,食べログ 日本料理 EAST 百名店 2023,https://tabelog.com/kanagawa/A1404/A140404/14004298/,https://www.google.com/maps/search/?api=1&query=%E6%97%A5%E6%9C%AC%E6%96%99%E7%90%86%20%E5%B9%B8%E5%BA%B5%20%E7%A5%9E%E5%A5%88%E5%B7%9D%E7%9C%8C%E8%97%A4%E6%B2%A2%E5%B8%82%E9%B5%A0%E6%B2%BC%E8%8A%B1%E6%B2%A2%E7%94%BA2-8%20%E3%83%AB%E3%83%BC%E3%83%88%E9%B5%A0%E6%B2%BC%E3%80%80%EF%BC%91%EF%BC%A6,2023,日本料理 EAST,japanese_east,発表日：2023年3月2日
かまくら和久,神奈川県鎌倉市由比ガ浜2-3-28,食べログ 日本料理 EAST 百名店 2023,https://tabelog.com/kanagawa/A1404/A140402/14066296/,https://www.google.com/maps/search/?api=1&query=%E3%81%8B%E3%81%BE%E3%81%8F%E3%82%89%E5%92%8C%E4%B9%85%20%E7%A5%9E%E5%A5%88%E5%B7%9D%E7%9C%8C%E9%8E%8C%E5%80%89%E5%B8%82%E7%94%B1%E6%AF%94%E3%82%AC%E6%B5%9C2-3-28,2023,日本料理 EAST,japanese_east,発表日：2023年3月2日
菊華荘,神奈川県足柄下郡箱根町宮ノ下359 富士屋ホテル,食べログ 日本料理 EAST 百名店 2023,https://tabelog.com/kanagawa/A1410/A141001/14002822/,https://www.google.com/maps/search/?api=1&query=%E8%8F%8A%E8%8F%AF%E8%8D%98%20%E7%A5%9E%E5%A5%88%E5%B7%9D%E7%9C%8C%E8%B6%B3%E6%9F%84%E4%B8%8B%E9%83%A1%E7%AE%B1%E6%A0%B9%E7%94%BA%E5%AE%AE%E3%83%8E%E4%B8%8B359%20%E5%AF%8C%E5%A3%AB%E5%B1%8B%E3%83%9B%E3%83%86%E3%83%AB,2023,日本料理 EAST,japanese_east,発表日：2023年3月2日
一平,神奈川県鎌倉市由比ガ浜1-3-7,食べログ 日本料理 EAST 百名店 2023,https://tabelog.com/kanagawa/A1404/A140402/14050450/,https://www.google.com/maps/search/?api=1&query=%E4%B8%80%E5%B9%B3%20%E7%A5%9E%E5%A5%88%E5%B7%9D%E7%9C%8C%E9%8E%8C%E5%80%89%E5%B8%82%E7%94%B1%E6%AF%94%E3%82%AC%E6%B5%9C1-3-7,2023,日本料理 EAST,japanese_east,発表日：2023年3月2日
鎌倉 北じま,神奈川県鎌倉市大町4-3-18,食べログ 日本料理 EAST 百名店 2023,https://tabelog.com/kanagawa/A1404/A140402/14083457/,https://www.google.com/maps/search/?api=1&query=%E9%8E%8C%E5%80%89%20%E5%8C%97%E3%81%98%E3%81%BE%20%E7%A5%9E%E5%A5%88%E5%B7%9D%E7%9C%8C%E9%8E%8C%E5%80%89%E5%B8%82%E5%A4%A7%E7%94%BA4-3-18,2023,日本料理 EAST,japanese_east,発表日：2023年3月2日
はまぐり屋,茨城県ひたちなか市阿字ケ浦町552-24,食べログ 日本料理 EAST 百名店 2023,https://tabelog.com/ibaraki/A0801/A080102/8001184/,https://www.google.com/maps/search/?api=1&query=%E3%81%AF%E3%81%BE%E3%81%90%E3%82%8A%E5%B1%8B%20%E8%8C%A8%E5%9F%8E%E7%9C%8C%E3%81%B2%E3%81%9F%E3%81%A1%E3%81%AA%E3%81%8B%E5%B8%82%E9%98%BF%E5%AD%97%E3%82%B1%E6%B5%A6%E7%94%BA552-24,2023,日本料理 EAST,japanese_east,発表日：2023年3月2日
龢,群馬県前橋市千代田町3-12-9 ライオンズマンション前橋千代田町１F,食べログ 日本料理 EAST 百名店 2023,https://tabelog.com/gunma/A1001/A100101/10010261/,https://www.google.com/maps/search/?api=1&query=%E9%BE%A2%20%E7%BE%A4%E9%A6%AC%E7%9C%8C%E5%89%8D%E6%A9%8B%E5%B8%82%E5%8D%83%E4%BB%A3%E7%94%B0%E7%94%BA3-12-9%20%E3%83%A9%E3%82%A4%E3%82%AA%E3%83%B3%E3%82%BA%E3%83%9E%E3%83%B3%E3%82%B7%E3%83%A7%E3%83%B3%E5%89%8D%E6%A9%8B%E5%8D%83%E4%BB%A3%E7%94%B0%E7%94%BA%EF%BC%91F,2023,日本料理 EAST,japanese_east,発表日：2023年3月2日
茶つぼ,神奈川県横浜市中区元町3-147-7,食べログ 日本料理 EAST 百名店 2023,https://tabelog.com/kanagawa/A1401/A140105/14031767/,https://www.google.com/maps/search/?api=1&query=%E8%8C%B6%E3%81%A4%E3%81%BC%20%E7%A5%9E%E5%A5%88%E5%B7%9D%E7%9C%8C%E6%A8%AA%E6%B5%9C%E5%B8%82%E4%B8%AD%E5%8C%BA%E5%85%83%E7%94%BA3-147-7,2023,日本料理 EAST,japanese_east,発表日：2023年3月2日
馳走 筏や,群馬県桐生市広沢町間ノ島389-1,食べログ 日本料理 EAST 百名店 2023,https://tabelog.com/gunma/A1002/A100201/10010117/,https://www.google.com/maps/search/?api=1&query=%E9%A6%B3%E8%B5%B0%20%E7%AD%8F%E3%82%84%20%E7%BE%A4%E9%A6%AC%E7%9C%8C%E6%A1%90%E7%94%9F%E5%B8%82%E5%BA%83%E6%B2%A2%E7%94%BA%E9%96%93%E3%83%8E%E5%B3%B6389-1,2023,日本料理 EAST,japanese_east,発表日：2023年3月2日
お料理 とみやま,神奈川県鎌倉市小町2-10-18 二の鳥居ビル2階,食べログ 日本料理 EAST 百名店 2023,https://tabelog.com/kanagawa/A1404/A140402/14068100/,https://www.google.com/maps/search/?api=1&query=%E3%81%8A%E6%96%99%E7%90%86%20%E3%81%A8%E3%81%BF%E3%82%84%E3%81%BE%20%E7%A5%9E%E5%A5%88%E5%B7%9D%E7%9C%8C%E9%8E%8C%E5%80%89%E5%B8%82%E5%B0%8F%E7%94%BA2-10-18%20%E4%BA%8C%E3%81%AE%E9%B3%A5%E5%B1%85%E3%83%93%E3%83%AB2%E9%9A%8E,2023,日本料理 EAST,japanese_east,発表日：2023年3月2日
お料理なかき,千葉県柏市東上町1-17 KⅡビル 1F,食べログ 日本料理 EAST 百名店 2023,https://tabelog.com/chiba/A1203/A120301/12029495/,https://www.google.com/maps/search/?api=1&query=%E3%81%8A%E6%96%99%E7%90%86%E3%81%AA%E3%81%8B%E3%81%8D%20%E5%8D%83%E8%91%89%E7%9C%8C%E6%9F%8F%E5%B8%82%E6%9D%B1%E4%B8%8A%E7%94%BA1-17%20K%E2%85%A1%E3%83%93%E3%83%AB%201F,2023,日本料理 EAST,japanese_east,発表日：2023年3月2日
日本料理 みや,埼玉県所沢市東住吉7-9 ティーイングビル　１Ｆ,食べログ 日本料理 EAST 百名店 2023,https://tabelog.com/saitama/A1106/A110601/11001653/,https://www.google.com/maps/search/?api=1&query=%E6%97%A5%E6%9C%AC%E6%96%99%E7%90%86%20%E3%81%BF%E3%82%84%20%E5%9F%BC%E7%8E%89%E7%9C%8C%E6%89%80%E6%B2%A2%E5%B8%82%E6%9D%B1%E4%BD%8F%E5%90%897-9%20%E3%83%86%E3%82%A3%E3%83%BC%E3%82%A4%E3%83%B3%E3%82%B0%E3%83%93%E3%83%AB%E3%80%80%EF%BC%91%EF%BC%A6,2023,日本料理 EAST,japanese_east,発表日：2023年3月2日
樋山,埼玉県川口市東川口2-6-8,食べログ 日本料理 EAST 百名店 2023,https://tabelog.com/saitama/A1102/A110201/11010989/,https://www.google.com/maps/search/?api=1&query=%E6%A8%8B%E5%B1%B1%20%E5%9F%BC%E7%8E%89%E7%9C%8C%E5%B7%9D%E5%8F%A3%E5%B8%82%E6%9D%B1%E5%B7%9D%E5%8F%A32-6-8,2023,日本料理 EAST,japanese_east,発表日：2023年3月2日
恵比寿 くろいわ,東京都渋谷区恵比寿4-11-12,食べログ 日本料理 TOKYO 百名店 2023,https://tabelog.com/tokyo/A1303/A130302/13186582/,https://www.google.com/maps/search/?api=1&query=%E6%81%B5%E6%AF%94%E5%AF%BF%20%E3%81%8F%E3%82%8D%E3%81%84%E3%82%8F%20%E6%9D%B1%E4%BA%AC%E9%83%BD%E6%B8%8B%E8%B0%B7%E5%8C%BA%E6%81%B5%E6%AF%94%E5%AF%BF4-11-12,2023,日本料理 TOKYO,japanese_tokyo,発表日：2023年3月2日
霞庭 まつばら,東京都港区西麻布1-7-2 アデッソ西麻布 ３F,食べログ 日本料理 TOKYO 百名店 2023,https://tabelog.com/tokyo/A1307/A130701/13118905/,https://www.google.com/maps/search/?api=1&query=%E9%9C%9E%E5%BA%AD%20%E3%81%BE%E3%81%A4%E3%81%B0%E3%82%89%20%E6%9D%B1%E4%BA%AC%E9%83%BD%E6%B8%AF%E5%8C%BA%E8%A5%BF%E9%BA%BB%E5%B8%831-7-2%20%E3%82%A2%E3%83%87%E3%83%83%E3%82%BD%E8%A5%BF%E9%BA%BB%E5%B8%83%20%EF%BC%93F,2023,日本料理 TOKYO,japanese_tokyo,発表日：2023年3月2日
懐石 辻留,東京都港区元赤坂1-5-8 虎屋第２ビル B1F,食べログ 日本料理 TOKYO 百名店 2023,https://tabelog.com/tokyo/A1308/A130801/13001228/,https://www.google.com/maps/search/?api=1&query=%E6%87%90%E7%9F%B3%20%E8%BE%BB%E7%95%99%20%E6%9D%B1%E4%BA%AC%E9%83%BD%E6%B8%AF%E5%8C%BA%E5%85%83%E8%B5%A4%E5%9D%821-5-8%20%E8%99%8E%E5%B1%8B%E7%AC%AC%EF%BC%92%E3%83%93%E3%83%AB%20B1F,2023,日本料理 TOKYO,japanese_tokyo,発表日：2023年3月2日
ふしきの,東京都新宿区神楽坂4-3-11 神楽坂つなしょうテラス 2F,食べログ 日本料理 TOKYO 百名店 2023,https://tabelog.com/tokyo/A1309/A130905/13130697/,https://www.google.com/maps/search/?api=1&query=%E3%81%B5%E3%81%97%E3%81%8D%E3%81%AE%20%E6%9D%B1%E4%BA%AC%E9%83%BD%E6%96%B0%E5%AE%BF%E5%8C%BA%E7%A5%9E%E6%A5%BD%E5%9D%824-3-11%20%E7%A5%9E%E6%A5%BD%E5%9D%82%E3%81%A4%E3%81%AA%E3%81%97%E3%82%87%E3%81%86%E3%83%86%E3%83%A9%E3%82%B9%202F,2023,日本料理 TOKYO,japanese_tokyo,発表日：2023年3月2日
銀座 よし澤,東京都中央区銀座1-13-8 ハビウル銀座ビル B1F,食べログ 日本料理 TOKYO 百名店 2023,https://tabelog.com/tokyo/A1301/A130101/13175030/,https://www.google.com/maps/search/?api=1&query=%E9%8A%80%E5%BA%A7%20%E3%82%88%E3%81%97%E6%BE%A4%20%E6%9D%B1%E4%BA%AC%E9%83%BD%E4%B8%AD%E5%A4%AE%E5%8C%BA%E9%8A%80%E5%BA%A71-13-8%20%E3%83%8F%E3%83%93%E3%82%A6%E3%83%AB%E9%8A%80%E5%BA%A7%E3%83%93%E3%83%AB%20B1F,2023,日本料理 TOKYO,japanese_tokyo,発表日：2023年3月2日
麻布 かどわき,東京都港区麻布十番2-7-2 ローズハウス 1F,食べログ 日本料理 TOKYO 百名店 2023,https://tabelog.com/tokyo/A1307/A130702/13001664/,https://www.google.com/maps/search/?api=1&query=%E9%BA%BB%E5%B8%83%20%E3%81%8B%E3%81%A9%E3%82%8F%E3%81%8D%20%E6%9D%B1%E4%BA%AC%E9%83%BD%E6%B8%AF%E5%8C%BA%E9%BA%BB%E5%B8%83%E5%8D%81%E7%95%AA2-7-2%20%E3%83%AD%E3%83%BC%E3%82%BA%E3%83%8F%E3%82%A6%E3%82%B9%201F,2023,日本料理 TOKYO,japanese_tokyo,発表日：2023年3月2日
鈴田式,東京都港区三田1-10-17,食べログ 日本料理 TOKYO 百名店 2023,https://tabelog.com/tokyo/A1307/A130702/13234010/,https://www.google.com/maps/search/?api=1&query=%E9%88%B4%E7%94%B0%E5%BC%8F%20%E6%9D%B1%E4%BA%AC%E9%83%BD%E6%B8%AF%E5%8C%BA%E4%B8%89%E7%94%B01-10-17,2023,日本料理 TOKYO,japanese_tokyo,発表日：2023年3月2日
日本料理 柳燕,東京都中央区日本橋人形町2-10-11 KYOE PLAZA日本橋人形町 7F,食べログ 日本料理 TOKYO 百名店 2023,https://tabelog.com/tokyo/A1302/A130204/13258874/,https://www.google.com/maps/search/?api=1&query=%E6%97%A5%E6%9C%AC%E6%96%99%E7%90%86%20%E6%9F%B3%E7%87%95%20%E6%9D%B1%E4%BA%AC%E9%83%BD%E4%B8%AD%E5%A4%AE%E5%8C%BA%E6%97%A5%E6%9C%AC%E6%A9%8B%E4%BA%BA%E5%BD%A2%E7%94%BA2-10-11%20KYOE%20PLAZA%E6%97%A5%E6%9C%AC%E6%A9%8B%E4%BA%BA%E5%BD%A2%E7%94%BA%207F,2023,日本料理 TOKYO,japanese_tokyo,発表日：2023年3月2日
茜坂大沼,東京都港区赤坂3-12-2 赤坂慶和ビル 3F,食べログ 日本料理 TOKYO 百名店 2023,https://tabelog.com/tokyo/A1308/A130801/13244397/,https://www.google.com/maps/search/?api=1&query=%E8%8C%9C%E5%9D%82%E5%A4%A7%E6%B2%BC%20%E6%9D%B1%E4%BA%AC%E9%83%BD%E6%B8%AF%E5%8C%BA%E8%B5%A4%E5%9D%823-12-2%20%E8%B5%A4%E5%9D%82%E6%85%B6%E5%92%8C%E3%83%93%E3%83%AB%203F,2023,日本料理 TOKYO,japanese_tokyo,発表日：2023年3月2日
味享,東京都港区西新橋1-18-8 報徳ビル 1F,食べログ 日本料理 TOKYO 百名店 2023,https://tabelog.com/tokyo/A1301/A130103/13228116/,https://www.google.com/maps/search/?api=1&query=%E5%91%B3%E4%BA%AB%20%E6%9D%B1%E4%BA%AC%E9%83%BD%E6%B8%AF%E5%8C%BA%E8%A5%BF%E6%96%B0%E6%A9%8B1-18-8%20%E5%A0%B1%E5%BE%B3%E3%83%93%E3%83%AB%201F,2023,日本料理 TOKYO,japanese_tokyo,発表日：2023年3月2日
御成門はる,東京都港区芝大門1-2-2 中川ビル 1F,食べログ 日本料理 TOKYO 百名店 2023,https://tabelog.com/tokyo/A1314/A131401/13233057/,https://www.google.com/maps/search/?api=1&query=%E5%BE%A1%E6%88%90%E9%96%80%E3%81%AF%E3%82%8B%20%E6%9D%B1%E4%BA%AC%E9%83%BD%E6%B8%AF%E5%8C%BA%E8%8A%9D%E5%A4%A7%E9%96%801-2-2%20%E4%B8%AD%E5%B7%9D%E3%83%93%E3%83%AB%201F,2023,日本料理 TOKYO,japanese_tokyo,発表日：2023年3月2日
くろぎ,東京都港区芝公園1-7-10,食べログ 日本料理 TOKYO 百名店 2023,https://tabelog.com/tokyo/A1314/A131401/13094789/,https://www.google.com/maps/search/?api=1&query=%E3%81%8F%E3%82%8D%E3%81%8E%20%E6%9D%B1%E4%BA%AC%E9%83%BD%E6%B8%AF%E5%8C%BA%E8%8A%9D%E5%85%AC%E5%9C%921-7-10,2023,日本料理 TOKYO,japanese_tokyo,発表日：2023年3月2日
車力門 おの澤,東京都新宿区荒木町6-39 ガーデンツリー 1F,食べログ 日本料理 TOKYO 百名店 2023,https://tabelog.com/tokyo/A1309/A130903/13247076/,https://www.google.com/maps/search/?api=1&query=%E8%BB%8A%E5%8A%9B%E9%96%80%20%E3%81%8A%E3%81%AE%E6%BE%A4%20%E6%9D%B1%E4%BA%AC%E9%83%BD%E6%96%B0%E5%AE%BF%E5%8C%BA%E8%8D%92%E6%9C%A8%E7%94%BA6-39%20%E3%82%AC%E3%83%BC%E3%83%87%E3%83%B3%E3%83%84%E3%83%AA%E3%83%BC%201F,2023,日本料理 TOKYO,japanese_tokyo,発表日：2023年3月2日
鉄板焼き いわ倉,東京都新宿区岩戸町1 M's神楽坂 3Ｆ,食べログ 日本料理 TOKYO 百名店 2023,https://tabelog.com/tokyo/A1309/A130905/13189075/,https://www.google.com/maps/search/?api=1&query=%E9%89%84%E6%9D%BF%E7%84%BC%E3%81%8D%20%E3%81%84%E3%82%8F%E5%80%89%20%E6%9D%B1%E4%BA%AC%E9%83%BD%E6%96%B0%E5%AE%BF%E5%8C%BA%E5%B2%A9%E6%88%B8%E7%94%BA1%20M%27s%E7%A5%9E%E6%A5%BD%E5%9D%82%203%EF%BC%A6,2023,日本料理 TOKYO,japanese_tokyo,発表日：2023年3月2日
銀座 奥田,東京都中央区銀座5-4-8 カリオカビルB1Ｆ,食べログ 日本料理 TOKYO 百名店 2023,https://tabelog.com/tokyo/A1301/A130101/13129763/,https://www.google.com/maps/search/?api=1&query=%E9%8A%80%E5%BA%A7%20%E5%A5%A5%E7%94%B0%20%E6%9D%B1%E4%BA%AC%E9%83%BD%E4%B8%AD%E5%A4%AE%E5%8C%BA%E9%8A%80%E5%BA%A75-4-8%20%E3%82%AB%E3%83%AA%E3%82%AA%E3%82%AB%E3%83%93%E3%83%ABB1%EF%BC%A6,2023,日本料理 TOKYO,japanese_tokyo,発表日：2023年3月2日
わたなべ,東京都港区白金1-29-9 ライオンズマンション白金東 102,食べログ 日本料理 TOKYO 百名店 2023,https://tabelog.com/tokyo/A1316/A131602/13254996/,https://www.google.com/maps/search/?api=1&query=%E3%82%8F%E3%81%9F%E3%81%AA%E3%81%B9%20%E6%9D%B1%E4%BA%AC%E9%83%BD%E6%B8%AF%E5%8C%BA%E7%99%BD%E9%87%911-29-9%20%E3%83%A9%E3%82%A4%E3%82%AA%E3%83%B3%E3%82%BA%E3%83%9E%E3%83%B3%E3%82%B7%E3%83%A7%E3%83%B3%E7%99%BD%E9%87%91%E6%9D%B1%20102,2023,日本料理 TOKYO,japanese_tokyo,発表日：2023年3月2日
寿修,東京都港区西麻布2-16-1 斎田ビル1階,食べログ 日本料理 TOKYO 百名店 2023,https://tabelog.com/tokyo/A1306/A130602/13119927/,https://www.google.com/maps/search/?api=1&query=%E5%AF%BF%E4%BF%AE%20%E6%9D%B1%E4%BA%AC%E9%83%BD%E6%B8%AF%E5%8C%BA%E8%A5%BF%E9%BA%BB%E5%B8%832-16-1%20%E6%96%8E%E7%94%B0%E3%83%93%E3%83%AB1%E9%9A%8E,2023,日本料理 TOKYO,japanese_tokyo,発表日：2023年3月2日
虎白,東京都新宿区神楽坂3-4,食べログ 日本料理 TOKYO 百名店 2023,https://tabelog.com/tokyo/A1309/A130905/13049130/,https://www.google.com/maps/search/?api=1&query=%E8%99%8E%E7%99%BD%20%E6%9D%B1%E4%BA%AC%E9%83%BD%E6%96%B0%E5%AE%BF%E5%8C%BA%E7%A5%9E%E6%A5%BD%E5%9D%823-4,2023,日本料理 TOKYO,japanese_tokyo,発表日：2023年3月2日
よし澤,東京都港区六本木6-10-1 六本木ヒルズ ウエストウォーク 5F,食べログ 日本料理 TOKYO 百名店 2023,https://tabelog.com/tokyo/A1307/A130701/13226102/,https://www.google.com/maps/search/?api=1&query=%E3%82%88%E3%81%97%E6%BE%A4%20%E6%9D%B1%E4%BA%AC%E9%83%BD%E6%B8%AF%E5%8C%BA%E5%85%AD%E6%9C%AC%E6%9C%A86-10-1%20%E5%85%AD%E6%9C%AC%E6%9C%A8%E3%83%92%E3%83%AB%E3%82%BA%20%E3%82%A6%E3%82%A8%E3%82%B9%E3%83%88%E3%82%A6%E3%82%A9%E3%83%BC%E3%82%AF%205F,2023,日本料理 TOKYO,japanese_tokyo,発表日：2023年3月2日
日本料理 久丹,東京都中央区新富2-5-5 新富MSビル 1F,食べログ 日本料理 TOKYO 百名店 2023,https://tabelog.com/tokyo/A1313/A131301/13220750/,https://www.google.com/maps/search/?api=1&query=%E6%97%A5%E6%9C%AC%E6%96%99%E7%90%86%20%E4%B9%85%E4%B8%B9%20%E6%9D%B1%E4%BA%AC%E9%83%BD%E4%B8%AD%E5%A4%AE%E5%8C%BA%E6%96%B0%E5%AF%8C2-5-5%20%E6%96%B0%E5%AF%8CMS%E3%83%93%E3%83%AB%201F,2023,日本料理 TOKYO,japanese_tokyo,発表日：2023年3月2日
松川,東京都港区赤坂1-11-6 赤坂テラスハウス １階,食べログ 日本料理 TOKYO 百名店 2023,https://tabelog.com/tokyo/A1307/A130701/13124391/,https://www.google.com/maps/search/?api=1&query=%E6%9D%BE%E5%B7%9D%20%E6%9D%B1%E4%BA%AC%E9%83%BD%E6%B8%AF%E5%8C%BA%E8%B5%A4%E5%9D%821-11-6%20%E8%B5%A4%E5%9D%82%E3%83%86%E3%83%A9%E3%82%B9%E3%83%8F%E3%82%A6%E3%82%B9%20%EF%BC%91%E9%9A%8E,2023,日本料理 TOKYO,japanese_tokyo,発表日：2023年3月2日
日本料理 太月,東京都港区北青山3-13-1 北青山関根ビル B1F,食べログ 日本料理 TOKYO 百名店 2023,https://tabelog.com/tokyo/A1306/A130602/13160021/,https://www.google.com/maps/search/?api=1&query=%E6%97%A5%E6%9C%AC%E6%96%99%E7%90%86%20%E5%A4%AA%E6%9C%88%20%E6%9D%B1%E4%BA%AC%E9%83%BD%E6%B8%AF%E5%8C%BA%E5%8C%97%E9%9D%92%E5%B1%B13-13-1%20%E5%8C%97%E9%9D%92%E5%B1%B1%E9%96%A2%E6%A0%B9%E3%83%93%E3%83%AB%20B1F,2023,日本料理 TOKYO,japanese_tokyo,発表日：2023年3月2日
おかもと,東京都港区虎ノ門5-2-8 サクシード虎ノ門 B1F,食べログ 日本料理 TOKYO 百名店 2023,https://tabelog.com/tokyo/A1307/A130704/13144115/,https://www.google.com/maps/search/?api=1&query=%E3%81%8A%E3%81%8B%E3%82%82%E3%81%A8%20%E6%9D%B1%E4%BA%AC%E9%83%BD%E6%B8%AF%E5%8C%BA%E8%99%8E%E3%83%8E%E9%96%805-2-8%20%E3%82%B5%E3%82%AF%E3%82%B7%E3%83%BC%E3%83%89%E8%99%8E%E3%83%8E%E9%96%80%20B1F,2023,日本料理 TOKYO,japanese_tokyo,発表日：2023年3月2日
茂松,東京都中央区銀座6-5-15 銀座能楽堂ビル 4F,食べログ 日本料理 TOKYO 百名店 2023,https://tabelog.com/tokyo/A1301/A130101/13200102/,https://www.google.com/maps/search/?api=1&query=%E8%8C%82%E6%9D%BE%20%E6%9D%B1%E4%BA%AC%E9%83%BD%E4%B8%AD%E5%A4%AE%E5%8C%BA%E9%8A%80%E5%BA%A76-5-15%20%E9%8A%80%E5%BA%A7%E8%83%BD%E6%A5%BD%E5%A0%82%E3%83%93%E3%83%AB%204F,2023,日本料理 TOKYO,japanese_tokyo,発表日：2023年3月2日
うぶか,東京都新宿区荒木町2-14 アイエス2ビル　 1Ｆ,食べログ 日本料理 TOKYO 百名店 2023,https://tabelog.com/tokyo/A1309/A130903/13139225/,https://www.google.com/maps/search/?api=1&query=%E3%81%86%E3%81%B6%E3%81%8B%20%E6%9D%B1%E4%BA%AC%E9%83%BD%E6%96%B0%E5%AE%BF%E5%8C%BA%E8%8D%92%E6%9C%A8%E7%94%BA2-14%20%E3%82%A2%E3%82%A4%E3%82%A8%E3%82%B92%E3%83%93%E3%83%AB%E3%80%80%201%EF%BC%A6,2023,日本料理 TOKYO,japanese_tokyo,発表日：2023年3月2日
蓮 三四七,東京都中央区銀座7-3-13 ニューギンザビル B1F,食べログ 日本料理 TOKYO 百名店 2023,https://tabelog.com/tokyo/A1301/A130101/13221959/,https://www.google.com/maps/search/?api=1&query=%E8%93%AE%20%E4%B8%89%E5%9B%9B%E4%B8%83%20%E6%9D%B1%E4%BA%AC%E9%83%BD%E4%B8%AD%E5%A4%AE%E5%8C%BA%E9%8A%80%E5%BA%A77-3-13%20%E3%83%8B%E3%83%A5%E3%83%BC%E3%82%AE%E3%83%B3%E3%82%B6%E3%83%93%E3%83%AB%20B1F,2023,日本料理 TOKYO,japanese_tokyo,発表日：2023年3月2日
はらまさ,東京都新宿区四谷4-8 ライオンズ四谷タワーゲート店舗棟 B1F,食べログ 日本料理 TOKYO 百名店 2023,https://tabelog.com/tokyo/A1309/A130903/13151542/,https://www.google.com/maps/search/?api=1&query=%E3%81%AF%E3%82%89%E3%81%BE%E3%81%95%20%E6%9D%B1%E4%BA%AC%E9%83%BD%E6%96%B0%E5%AE%BF%E5%8C%BA%E5%9B%9B%E8%B0%B74-8%20%E3%83%A9%E3%82%A4%E3%82%AA%E3%83%B3%E3%82%BA%E5%9B%9B%E8%B0%B7%E3%82%BF%E3%83%AF%E3%83%BC%E3%82%B2%E3%83%BC%E3%83%88%E5%BA%97%E8%88%97%E6%A3%9F%20B1F,2023,日本料理 TOKYO,japanese_tokyo,発表日：2023年3月2日
麻布室井,東京都港区三田1-10-15,食べログ 日本料理 TOKYO 百名店 2023,https://tabelog.com/tokyo/A1307/A130702/13274103/,https://www.google.com/maps/search/?api=1&query=%E9%BA%BB%E5%B8%83%E5%AE%A4%E4%BA%95%20%E6%9D%B1%E4%BA%AC%E9%83%BD%E6%B8%AF%E5%8C%BA%E4%B8%89%E7%94%B01-10-15,2023,日本料理 TOKYO,japanese_tokyo,発表日：2023年3月2日
赤坂おぎ乃,東京都港区赤坂6-3-13,食べログ 日本料理 TOKYO 百名店 2023,https://tabelog.com/tokyo/A1308/A130801/13245499/,https://www.google.com/maps/search/?api=1&query=%E8%B5%A4%E5%9D%82%E3%81%8A%E3%81%8E%E4%B9%83%20%E6%9D%B1%E4%BA%AC%E9%83%BD%E6%B8%AF%E5%8C%BA%E8%B5%A4%E5%9D%826-3-13,2023,日本料理 TOKYO,japanese_tokyo,発表日：2023年3月2日
新ばし 笹田,東京都港区西新橋1-23-7 プレシャスコート虎ノ門1F,食べログ 日本料理 TOKYO 百名店 2023,https://tabelog.com/tokyo/A1301/A130103/13020781/,https://www.google.com/maps/search/?api=1&query=%E6%96%B0%E3%81%B0%E3%81%97%20%E7%AC%B9%E7%94%B0%20%E6%9D%B1%E4%BA%AC%E9%83%BD%E6%B8%AF%E5%8C%BA%E8%A5%BF%E6%96%B0%E6%A9%8B1-23-7%20%E3%83%97%E3%83%AC%E3%82%B7%E3%83%A3%E3%82%B9%E3%82%B3%E3%83%BC%E3%83%88%E8%99%8E%E3%83%8E%E9%96%801F,2023,日本料理 TOKYO,japanese_tokyo,発表日：2023年3月2日
六寛,東京都中央区,食べログ 日本料理 TOKYO 百名店 2023,https://tabelog.com/tokyo/A1313/A131301/13178685/,https://www.google.com/maps/search/?api=1&query=%E5%85%AD%E5%AF%9B%20%E6%9D%B1%E4%BA%AC%E9%83%BD%E4%B8%AD%E5%A4%AE%E5%8C%BA,2023,日本料理 TOKYO,japanese_tokyo,発表日：2023年3月2日
寿こう,東京都中央区銀座5-6-13 西五番街ビル 6F,食べログ 日本料理 TOKYO 百名店 2023,https://tabelog.com/tokyo/A1301/A130101/13225134/,https://www.google.com/maps/search/?api=1&query=%E5%AF%BF%E3%81%93%E3%81%86%20%E6%9D%B1%E4%BA%AC%E9%83%BD%E4%B8%AD%E5%A4%AE%E5%8C%BA%E9%8A%80%E5%BA%A75-6-13%20%E8%A5%BF%E4%BA%94%E7%95%AA%E8%A1%97%E3%83%93%E3%83%AB%206F,2023,日本料理 TOKYO,japanese_tokyo,発表日：2023年3月2日
かんだ,東京都港区愛宕1-1-1 虎ノ門ヒルズレジデンシャルタワー 1F,食べログ 日本料理 TOKYO 百名店 2023,https://tabelog.com/tokyo/A1308/A130802/13270674/,https://www.google.com/maps/search/?api=1&query=%E3%81%8B%E3%82%93%E3%81%A0%20%E6%9D%B1%E4%BA%AC%E9%83%BD%E6%B8%AF%E5%8C%BA%E6%84%9B%E5%AE%951-1-1%20%E8%99%8E%E3%83%8E%E9%96%80%E3%83%92%E3%83%AB%E3%82%BA%E3%83%AC%E3%82%B8%E3%83%87%E3%83%B3%E3%82%B7%E3%83%A3%E3%83%AB%E3%82%BF%E3%83%AF%E3%83%BC%201F,2023,日本料理 TOKYO,japanese_tokyo,発表日：2023年3月2日
霞町 やまがみ,東京都港区西麻布4-2-13 八幡ビル 3F,食べログ 日本料理 TOKYO 百名店 2023,https://tabelog.com/tokyo/A1307/A130703/13220317/,https://www.google.com/maps/search/?api=1&query=%E9%9C%9E%E7%94%BA%20%E3%82%84%E3%81%BE%E3%81%8C%E3%81%BF%20%E6%9D%B1%E4%BA%AC%E9%83%BD%E6%B8%AF%E5%8C%BA%E8%A5%BF%E9%BA%BB%E5%B8%834-2-13%20%E5%85%AB%E5%B9%A1%E3%83%93%E3%83%AB%203F,2023,日本料理 TOKYO,japanese_tokyo,発表日：2023年3月2日
西麻布 大竹,東京都港区西麻布1-4-23 コア西麻布 1F,食べログ 日本料理 TOKYO 百名店 2023,https://tabelog.com/tokyo/A1307/A130701/13215804/,https://www.google.com/maps/search/?api=1&query=%E8%A5%BF%E9%BA%BB%E5%B8%83%20%E5%A4%A7%E7%AB%B9%20%E6%9D%B1%E4%BA%AC%E9%83%BD%E6%B8%AF%E5%8C%BA%E8%A5%BF%E9%BA%BB%E5%B8%831-4-23%20%E3%82%B3%E3%82%A2%E8%A5%BF%E9%BA%BB%E5%B8%83%201F,2023,日本料理 TOKYO,japanese_tokyo,発表日：2023年3月2日
紀茂登,東京都新宿区東五軒町5-5,食べログ 日本料理 TOKYO 百名店 2023,https://tabelog.com/tokyo/A1309/A130905/13226856/,https://www.google.com/maps/search/?api=1&query=%E7%B4%80%E8%8C%82%E7%99%BB%20%E6%9D%B1%E4%BA%AC%E9%83%BD%E6%96%B0%E5%AE%BF%E5%8C%BA%E6%9D%B1%E4%BA%94%E8%BB%92%E7%94%BA5-5,2023,日本料理 TOKYO,japanese_tokyo,発表日：2023年3月2日
あき山,東京都港区白金6-5-3 さくら白金101,食べログ 日本料理 TOKYO 百名店 2023,https://tabelog.com/tokyo/A1316/A131602/13218136/,https://www.google.com/maps/search/?api=1&query=%E3%81%82%E3%81%8D%E5%B1%B1%20%E6%9D%B1%E4%BA%AC%E9%83%BD%E6%B8%AF%E5%8C%BA%E7%99%BD%E9%87%916-5-3%20%E3%81%95%E3%81%8F%E3%82%89%E7%99%BD%E9%87%91101,2023,日本料理 TOKYO,japanese_tokyo,発表日：2023年3月2日
炎水,東京都目黒区中目黒1-5-12 ATRIO 1F,食べログ 日本料理 TOKYO 百名店 2023,https://tabelog.com/tokyo/A1317/A131701/13254619/,https://www.google.com/maps/search/?api=1&query=%E7%82%8E%E6%B0%B4%20%E6%9D%B1%E4%BA%AC%E9%83%BD%E7%9B%AE%E9%BB%92%E5%8C%BA%E4%B8%AD%E7%9B%AE%E9%BB%921-5-12%20ATRIO%201F,2023,日本料理 TOKYO,japanese_tokyo,発表日：2023年3月2日
味ひろ,東京都中央区湊3-13-15,食べログ 日本料理 TOKYO 百名店 2023,https://tabelog.com/tokyo/A1313/A131301/13200027/,https://www.google.com/maps/search/?api=1&query=%E5%91%B3%E3%81%B2%E3%82%8D%20%E6%9D%B1%E4%BA%AC%E9%83%BD%E4%B8%AD%E5%A4%AE%E5%8C%BA%E6%B9%8A3-13-15,2023,日本料理 TOKYO,japanese_tokyo,発表日：2023年3月2日
ぎんざ 一二岐,東京都中央区銀座2-14-6 第２松岡ビル　Ｂ１Ｆ,食べログ 日本料理 TOKYO 百名店 2023,https://tabelog.com/tokyo/A1313/A131301/13115557/,https://www.google.com/maps/search/?api=1&query=%E3%81%8E%E3%82%93%E3%81%96%20%E4%B8%80%E4%BA%8C%E5%B2%90%20%E6%9D%B1%E4%BA%AC%E9%83%BD%E4%B8%AD%E5%A4%AE%E5%8C%BA%E9%8A%80%E5%BA%A72-14-6%20%E7%AC%AC%EF%BC%92%E6%9D%BE%E5%B2%A1%E3%83%93%E3%83%AB%E3%80%80%EF%BC%A2%EF%BC%91%EF%BC%A6,2023,日本料理 TOKYO,japanese_tokyo,発表日：2023年3月2日
時喰み,東京都中央区銀座3-11-6 鈴木ビル 2F,食べログ 日本料理 TOKYO 百名店 2023,https://tabelog.com/tokyo/A1301/A130101/13233337/,https://www.google.com/maps/search/?api=1&query=%E6%99%82%E5%96%B0%E3%81%BF%20%E6%9D%B1%E4%BA%AC%E9%83%BD%E4%B8%AD%E5%A4%AE%E5%8C%BA%E9%8A%80%E5%BA%A73-11-6%20%E9%88%B4%E6%9C%A8%E3%83%93%E3%83%AB%202F,2023,日本料理 TOKYO,japanese_tokyo,発表日：2023年3月2日
膳処末富,東京都港区三田1-10-16,食べログ 日本料理 TOKYO 百名店 2023,https://tabelog.com/tokyo/A1307/A130702/13275869/,https://www.google.com/maps/search/?api=1&query=%E8%86%B3%E5%87%A6%E6%9C%AB%E5%AF%8C%20%E6%9D%B1%E4%BA%AC%E9%83%BD%E6%B8%AF%E5%8C%BA%E4%B8%89%E7%94%B01-10-16,2023,日本料理 TOKYO,japanese_tokyo,発表日：2023年3月2日
白金台こばやし,東京都港区白金台5-11-3 バルビゾン91 102,食べログ 日本料理 TOKYO 百名店 2023,https://tabelog.com/tokyo/A1303/A130302/13162454/,https://www.google.com/maps/search/?api=1&query=%E7%99%BD%E9%87%91%E5%8F%B0%E3%81%93%E3%81%B0%E3%82%84%E3%81%97%20%E6%9D%B1%E4%BA%AC%E9%83%BD%E6%B8%AF%E5%8C%BA%E7%99%BD%E9%87%91%E5%8F%B05-11-3%20%E3%83%90%E3%83%AB%E3%83%93%E3%82%BE%E3%83%B391%20102,2023,日本料理 TOKYO,japanese_tokyo,発表日：2023年3月2日
銀座 座屋,東京都中央区銀座2-11-2 銀座2112ビル　B1F,食べログ 日本料理 TOKYO 百名店 2023,https://tabelog.com/tokyo/A1301/A130101/13060453/,https://www.google.com/maps/search/?api=1&query=%E9%8A%80%E5%BA%A7%20%E5%BA%A7%E5%B1%8B%20%E6%9D%B1%E4%BA%AC%E9%83%BD%E4%B8%AD%E5%A4%AE%E5%8C%BA%E9%8A%80%E5%BA%A72-11-2%20%E9%8A%80%E5%BA%A72112%E3%83%93%E3%83%AB%E3%80%80B1F,2023,日本料理 TOKYO,japanese_tokyo,発表日：2023年3月2日
乃木坂 しん,東京都港区赤坂8-11-19 エクレール乃木坂 1F,食べログ 日本料理 TOKYO 百名店 2023,https://tabelog.com/tokyo/A1307/A130701/13196404/,https://www.google.com/maps/search/?api=1&query=%E4%B9%83%E6%9C%A8%E5%9D%82%20%E3%81%97%E3%82%93%20%E6%9D%B1%E4%BA%AC%E9%83%BD%E6%B8%AF%E5%8C%BA%E8%B5%A4%E5%9D%828-11-19%20%E3%82%A8%E3%82%AF%E3%83%AC%E3%83%BC%E3%83%AB%E4%B9%83%E6%9C%A8%E5%9D%82%201F,2023,日本料理 TOKYO,japanese_tokyo,発表日：2023年3月2日
銀座 稲葉,東京都中央区銀座8-12-15,食べログ 日本料理 TOKYO 百名店 2023,https://tabelog.com/tokyo/A1301/A130101/13259495/,https://www.google.com/maps/search/?api=1&query=%E9%8A%80%E5%BA%A7%20%E7%A8%B2%E8%91%89%20%E6%9D%B1%E4%BA%AC%E9%83%BD%E4%B8%AD%E5%A4%AE%E5%8C%BA%E9%8A%80%E5%BA%A78-12-15,2023,日本料理 TOKYO,japanese_tokyo,発表日：2023年3月2日
豊後もん 江とう,東京都新宿区神楽坂5-37 高村ビル 1F,食べログ 日本料理 TOKYO 百名店 2023,https://tabelog.com/tokyo/A1309/A130905/13268276/,https://www.google.com/maps/search/?api=1&query=%E8%B1%8A%E5%BE%8C%E3%82%82%E3%82%93%20%E6%B1%9F%E3%81%A8%E3%81%86%20%E6%9D%B1%E4%BA%AC%E9%83%BD%E6%96%B0%E5%AE%BF%E5%8C%BA%E7%A5%9E%E6%A5%BD%E5%9D%825-37%20%E9%AB%98%E6%9D%91%E3%83%93%E3%83%AB%201F,2023,日本料理 TOKYO,japanese_tokyo,発表日：2023年3月2日
川田,東京都中央区日本橋人形町1-5-5 B1F,食べログ 日本料理 TOKYO 百名店 2023,https://tabelog.com/tokyo/A1302/A130204/13232330/,https://www.google.com/maps/search/?api=1&query=%E5%B7%9D%E7%94%B0%20%E6%9D%B1%E4%BA%AC%E9%83%BD%E4%B8%AD%E5%A4%AE%E5%8C%BA%E6%97%A5%E6%9C%AC%E6%A9%8B%E4%BA%BA%E5%BD%A2%E7%94%BA1-5-5%20B1F,2023,日本料理 TOKYO,japanese_tokyo,発表日：2023年3月2日
青華こばやし,東京都新宿区荒木町10-17 101,食べログ 日本料理 TOKYO 百名店 2023,https://tabelog.com/tokyo/A1309/A130903/13193077/,https://www.google.com/maps/search/?api=1&query=%E9%9D%92%E8%8F%AF%E3%81%93%E3%81%B0%E3%82%84%E3%81%97%20%E6%9D%B1%E4%BA%AC%E9%83%BD%E6%96%B0%E5%AE%BF%E5%8C%BA%E8%8D%92%E6%9C%A8%E7%94%BA10-17%20101,2023,日本料理 TOKYO,japanese_tokyo,発表日：2023年3月2日
麻布 幸村,東京都港区麻布十番1-5-5 湯建麻布十番ビル 3F,食べログ 日本料理 TOKYO 百名店 2023,https://tabelog.com/tokyo/A1307/A130702/13005316/,https://www.google.com/maps/search/?api=1&query=%E9%BA%BB%E5%B8%83%20%E5%B9%B8%E6%9D%91%20%E6%9D%B1%E4%BA%AC%E9%83%BD%E6%B8%AF%E5%8C%BA%E9%BA%BB%E5%B8%83%E5%8D%81%E7%95%AA1-5-5%20%E6%B9%AF%E5%BB%BA%E9%BA%BB%E5%B8%83%E5%8D%81%E7%95%AA%E3%83%93%E3%83%AB%203F,2023,日本料理 TOKYO,japanese_tokyo,発表日：2023年3月2日
井雪,東京都中央区,食べログ 日本料理 TOKYO 百名店 2023,https://tabelog.com/tokyo/A1301/A130101/13030881/,https://www.google.com/maps/search/?api=1&query=%E4%BA%95%E9%9B%AA%20%E6%9D%B1%E4%BA%AC%E9%83%BD%E4%B8%AD%E5%A4%AE%E5%8C%BA,2023,日本料理 TOKYO,japanese_tokyo,発表日：2023年3月2日
日本料理四四A2,東京都渋谷区恵比寿2-13-10 レンブラント広尾 1F,食べログ 日本料理 TOKYO 百名店 2023,https://tabelog.com/tokyo/A1303/A130302/13190091/,https://www.google.com/maps/search/?api=1&query=%E6%97%A5%E6%9C%AC%E6%96%99%E7%90%86%E5%9B%9B%E5%9B%9BA2%20%E6%9D%B1%E4%BA%AC%E9%83%BD%E6%B8%8B%E8%B0%B7%E5%8C%BA%E6%81%B5%E6%AF%94%E5%AF%BF2-13-10%20%E3%83%AC%E3%83%B3%E3%83%96%E3%83%A9%E3%83%B3%E3%83%88%E5%BA%83%E5%B0%BE%201F,2023,日本料理 TOKYO,japanese_tokyo,発表日：2023年3月2日
銀座ふじやま,東京都中央区銀座3-3-6 銀座モリタビル 7F,食べログ 日本料理 TOKYO 百名店 2023,https://tabelog.com/tokyo/A1301/A130101/13232735/,https://www.google.com/maps/search/?api=1&query=%E9%8A%80%E5%BA%A7%E3%81%B5%E3%81%98%E3%82%84%E3%81%BE%20%E6%9D%B1%E4%BA%AC%E9%83%BD%E4%B8%AD%E5%A4%AE%E5%8C%BA%E9%8A%80%E5%BA%A73-3-6%20%E9%8A%80%E5%BA%A7%E3%83%A2%E3%83%AA%E3%82%BF%E3%83%93%E3%83%AB%207F,2023,日本料理 TOKYO,japanese_tokyo,発表日：2023年3月2日
しんせん 割烹 佐乃家,東京都渋谷区神泉町2-9 シャルム神泉 B1F,食べログ 日本料理 TOKYO 百名店 2023,https://tabelog.com/tokyo/A1303/A130301/13203305/,https://www.google.com/maps/search/?api=1&query=%E3%81%97%E3%82%93%E3%81%9B%E3%82%93%20%E5%89%B2%E7%83%B9%20%E4%BD%90%E4%B9%83%E5%AE%B6%20%E6%9D%B1%E4%BA%AC%E9%83%BD%E6%B8%8B%E8%B0%B7%E5%8C%BA%E7%A5%9E%E6%B3%89%E7%94%BA2-9%20%E3%82%B7%E3%83%A3%E3%83%AB%E3%83%A0%E7%A5%9E%E6%B3%89%20B1F,2023,日本料理 TOKYO,japanese_tokyo,発表日：2023年3月2日
NK,東京都新宿区神楽坂5-37 相良ビル 1F,食べログ 日本料理 TOKYO 百名店 2023,https://tabelog.com/tokyo/A1309/A130905/13249655/,https://www.google.com/maps/search/?api=1&query=NK%20%E6%9D%B1%E4%BA%AC%E9%83%BD%E6%96%B0%E5%AE%BF%E5%8C%BA%E7%A5%9E%E6%A5%BD%E5%9D%825-37%20%E7%9B%B8%E8%89%AF%E3%83%93%E3%83%AB%201F,2023,日本料理 TOKYO,japanese_tokyo,発表日：2023年3月2日
森ふじ,東京都新宿区納戸町32-3 ザ・フィガロ市ヶ谷 1F,食べログ 日本料理 TOKYO 百名店 2023,https://tabelog.com/tokyo/A1309/A130905/13240181/,https://www.google.com/maps/search/?api=1&query=%E6%A3%AE%E3%81%B5%E3%81%98%20%E6%9D%B1%E4%BA%AC%E9%83%BD%E6%96%B0%E5%AE%BF%E5%8C%BA%E7%B4%8D%E6%88%B8%E7%94%BA32-3%20%E3%82%B6%E3%83%BB%E3%83%95%E3%82%A3%E3%82%AC%E3%83%AD%E5%B8%82%E3%83%B6%E8%B0%B7%201F,2023,日本料理 TOKYO,japanese_tokyo,発表日：2023年3月2日
新ばし 久,東京都港区新橋2-15-13,食べログ 日本料理 TOKYO 百名店 2023,https://tabelog.com/tokyo/A1301/A130103/13030766/,https://www.google.com/maps/search/?api=1&query=%E6%96%B0%E3%81%B0%E3%81%97%20%E4%B9%85%20%E6%9D%B1%E4%BA%AC%E9%83%BD%E6%B8%AF%E5%8C%BA%E6%96%B0%E6%A9%8B2-15-13,2023,日本料理 TOKYO,japanese_tokyo,発表日：2023年3月2日
まる富,東京都新宿区袋町3-4 クレール神楽坂14 1F,食べログ 日本料理 TOKYO 百名店 2023,https://tabelog.com/tokyo/A1309/A130905/13269432/,https://www.google.com/maps/search/?api=1&query=%E3%81%BE%E3%82%8B%E5%AF%8C%20%E6%9D%B1%E4%BA%AC%E9%83%BD%E6%96%B0%E5%AE%BF%E5%8C%BA%E8%A2%8B%E7%94%BA3-4%20%E3%82%AF%E3%83%AC%E3%83%BC%E3%83%AB%E7%A5%9E%E6%A5%BD%E5%9D%8214%201F,2023,日本料理 TOKYO,japanese_tokyo,発表日：2023年3月2日
とく山,東京都港区西麻布4-11-28 麻布エンパイヤマンション B1F,食べログ 日本料理 TOKYO 百名店 2023,https://tabelog.com/tokyo/A1307/A130703/13002088/,https://www.google.com/maps/search/?api=1&query=%E3%81%A8%E3%81%8F%E5%B1%B1%20%E6%9D%B1%E4%BA%AC%E9%83%BD%E6%B8%AF%E5%8C%BA%E8%A5%BF%E9%BA%BB%E5%B8%834-11-28%20%E9%BA%BB%E5%B8%83%E3%82%A8%E3%83%B3%E3%83%91%E3%82%A4%E3%83%A4%E3%83%9E%E3%83%B3%E3%82%B7%E3%83%A7%E3%83%B3%20B1F,2023,日本料理 TOKYO,japanese_tokyo,発表日：2023年3月2日
あらいかわ,東京都港区麻布十番1-5-7 1F,食べログ 日本料理 TOKYO 百名店 2023,https://tabelog.com/tokyo/A1307/A130702/13218481/,https://www.google.com/maps/search/?api=1&query=%E3%81%82%E3%82%89%E3%81%84%E3%81%8B%E3%82%8F%20%E6%9D%B1%E4%BA%AC%E9%83%BD%E6%B8%AF%E5%8C%BA%E9%BA%BB%E5%B8%83%E5%8D%81%E7%95%AA1-5-7%201F,2023,日本料理 TOKYO,japanese_tokyo,発表日：2023年3月2日
赤坂 渡なべ,東京都港区赤坂2-17-59 エスポワール赤坂 2F,食べログ 日本料理 TOKYO 百名店 2023,https://tabelog.com/tokyo/A1308/A130801/13224478/,https://www.google.com/maps/search/?api=1&query=%E8%B5%A4%E5%9D%82%20%E6%B8%A1%E3%81%AA%E3%81%B9%20%E6%9D%B1%E4%BA%AC%E9%83%BD%E6%B8%AF%E5%8C%BA%E8%B5%A4%E5%9D%822-17-59%20%E3%82%A8%E3%82%B9%E3%83%9D%E3%83%AF%E3%83%BC%E3%83%AB%E8%B5%A4%E5%9D%82%202F,2023,日本料理 TOKYO,japanese_tokyo,発表日：2023年3月2日
小熊,東京都中央区銀座5-5-13 坂口ビル3F,食べログ 日本料理 TOKYO 百名店 2023,https://tabelog.com/tokyo/A1301/A130101/13169901/,https://www.google.com/maps/search/?api=1&query=%E5%B0%8F%E7%86%8A%20%E6%9D%B1%E4%BA%AC%E9%83%BD%E4%B8%AD%E5%A4%AE%E5%8C%BA%E9%8A%80%E5%BA%A75-5-13%20%E5%9D%82%E5%8F%A3%E3%83%93%E3%83%AB3F,2023,日本料理 TOKYO,japanese_tokyo,発表日：2023年3月2日
新ばし 星野,東京都港区新橋5-31-3,食べログ 日本料理 TOKYO 百名店 2023,https://tabelog.com/tokyo/A1314/A131401/13136847/,https://www.google.com/maps/search/?api=1&query=%E6%96%B0%E3%81%B0%E3%81%97%20%E6%98%9F%E9%87%8E%20%E6%9D%B1%E4%BA%AC%E9%83%BD%E6%B8%AF%E5%8C%BA%E6%96%B0%E6%A9%8B5-31-3,2023,日本料理 TOKYO,japanese_tokyo,発表日：2023年3月2日
礒田,東京都中央区日本橋人形町2-6-11 五十番ビル 2F,食べログ 日本料理 TOKYO 百名店 2023,https://tabelog.com/tokyo/A1302/A130204/13258330/,https://www.google.com/maps/search/?api=1&query=%E7%A4%92%E7%94%B0%20%E6%9D%B1%E4%BA%AC%E9%83%BD%E4%B8%AD%E5%A4%AE%E5%8C%BA%E6%97%A5%E6%9C%AC%E6%A9%8B%E4%BA%BA%E5%BD%A2%E7%94%BA2-6-11%20%E4%BA%94%E5%8D%81%E7%95%AA%E3%83%93%E3%83%AB%202F,2023,日本料理 TOKYO,japanese_tokyo,発表日：2023年3月2日
銀座 きた川,東京都中央区銀座2-10-11 マロニエ通り銀座館 3F,食べログ 日本料理 TOKYO 百名店 2023,https://tabelog.com/tokyo/A1301/A130101/13275790/,https://www.google.com/maps/search/?api=1&query=%E9%8A%80%E5%BA%A7%20%E3%81%8D%E3%81%9F%E5%B7%9D%20%E6%9D%B1%E4%BA%AC%E9%83%BD%E4%B8%AD%E5%A4%AE%E5%8C%BA%E9%8A%80%E5%BA%A72-10-11%20%E3%83%9E%E3%83%AD%E3%83%8B%E3%82%A8%E9%80%9A%E3%82%8A%E9%8A%80%E5%BA%A7%E9%A4%A8%203F,2023,日本料理 TOKYO,japanese_tokyo,発表日：2023年3月2日
帝国ホテル 寅黒,東京都千代田区内幸町1-1-1 帝国ホテル東京 タワー館 B1F,食べログ 日本料理 TOKYO 百名店 2023,https://tabelog.com/tokyo/A1301/A130101/13265482/,https://www.google.com/maps/search/?api=1&query=%E5%B8%9D%E5%9B%BD%E3%83%9B%E3%83%86%E3%83%AB%20%E5%AF%85%E9%BB%92%20%E6%9D%B1%E4%BA%AC%E9%83%BD%E5%8D%83%E4%BB%A3%E7%94%B0%E5%8C%BA%E5%86%85%E5%B9%B8%E7%94%BA1-1-1%20%E5%B8%9D%E5%9B%BD%E3%83%9B%E3%83%86%E3%83%AB%E6%9D%B1%E4%BA%AC%20%E3%82%BF%E3%83%AF%E3%83%BC%E9%A4%A8%20B1F,2023,日本料理 TOKYO,japanese_tokyo,発表日：2023年3月2日
宮坂,東京都港区南青山5-4-30 ヴィラソレイユE号,食べログ 日本料理 TOKYO 百名店 2023,https://tabelog.com/tokyo/A1306/A130602/13264981/,https://www.google.com/maps/search/?api=1&query=%E5%AE%AE%E5%9D%82%20%E6%9D%B1%E4%BA%AC%E9%83%BD%E6%B8%AF%E5%8C%BA%E5%8D%97%E9%9D%92%E5%B1%B15-4-30%20%E3%83%B4%E3%82%A3%E3%83%A9%E3%82%BD%E3%83%AC%E3%82%A4%E3%83%A6E%E5%8F%B7,2023,日本料理 TOKYO,japanese_tokyo,発表日：2023年3月2日
愚直に,東京都新宿区神楽坂4-3 近江屋ビル 4F,食べログ 日本料理 TOKYO 百名店 2023,https://tabelog.com/tokyo/A1309/A130905/13251541/,https://www.google.com/maps/search/?api=1&query=%E6%84%9A%E7%9B%B4%E3%81%AB%20%E6%9D%B1%E4%BA%AC%E9%83%BD%E6%96%B0%E5%AE%BF%E5%8C%BA%E7%A5%9E%E6%A5%BD%E5%9D%824-3%20%E8%BF%91%E6%B1%9F%E5%B1%8B%E3%83%93%E3%83%AB%204F,2023,日本料理 TOKYO,japanese_tokyo,発表日：2023年3月2日
麻布十番 ふくだ,東京都港区麻布十番3-7-5 マスコビル麻布弐番館 1F,食べログ 日本料理 TOKYO 百名店 2023,https://tabelog.com/tokyo/A1307/A130702/13174951/,https://www.google.com/maps/search/?api=1&query=%E9%BA%BB%E5%B8%83%E5%8D%81%E7%95%AA%20%E3%81%B5%E3%81%8F%E3%81%A0%20%E6%9D%B1%E4%BA%AC%E9%83%BD%E6%B8%AF%E5%8C%BA%E9%BA%BB%E5%B8%83%E5%8D%81%E7%95%AA3-7-5%20%E3%83%9E%E3%82%B9%E3%82%B3%E3%83%93%E3%83%AB%E9%BA%BB%E5%B8%83%E5%BC%90%E7%95%AA%E9%A4%A8%201F,2023,日本料理 TOKYO,japanese_tokyo,発表日：2023年3月2日
御料理 かつ志,東京都中央区銀座8-7-19 すずりゅうビル 3F,食べログ 日本料理 TOKYO 百名店 2023,https://tabelog.com/tokyo/A1301/A130103/13235679/,https://www.google.com/maps/search/?api=1&query=%E5%BE%A1%E6%96%99%E7%90%86%20%E3%81%8B%E3%81%A4%E5%BF%97%20%E6%9D%B1%E4%BA%AC%E9%83%BD%E4%B8%AD%E5%A4%AE%E5%8C%BA%E9%8A%80%E5%BA%A78-7-19%20%E3%81%99%E3%81%9A%E3%82%8A%E3%82%85%E3%81%86%E3%83%93%E3%83%AB%203F,2023,日本料理 TOKYO,japanese_tokyo,発表日：2023年3月2日
ひろ作,東京都港区新橋3-6-13,食べログ 日本料理 TOKYO 百名店 2023,https://tabelog.com/tokyo/A1301/A130103/13015266/,https://www.google.com/maps/search/?api=1&query=%E3%81%B2%E3%82%8D%E4%BD%9C%20%E6%9D%B1%E4%BA%AC%E9%83%BD%E6%B8%AF%E5%8C%BA%E6%96%B0%E6%A9%8B3-6-13,2023,日本料理 TOKYO,japanese_tokyo,発表日：2023年3月2日
と村,東京都港区虎ノ門1-11-14 第二ジェスペールビル　１Ｆ,食べログ 日本料理 TOKYO 百名店 2023,https://tabelog.com/tokyo/A1308/A130802/13005027/,https://www.google.com/maps/search/?api=1&query=%E3%81%A8%E6%9D%91%20%E6%9D%B1%E4%BA%AC%E9%83%BD%E6%B8%AF%E5%8C%BA%E8%99%8E%E3%83%8E%E9%96%801-11-14%20%E7%AC%AC%E4%BA%8C%E3%82%B8%E3%82%A7%E3%82%B9%E3%83%9A%E3%83%BC%E3%83%AB%E3%83%93%E3%83%AB%E3%80%80%EF%BC%91%EF%BC%A6,2023,日本料理 TOKYO,japanese_tokyo,発表日：2023年3月2日
多仁本,東京都新宿区荒木町3-21 宮内ビル 2F,食べログ 日本料理 TOKYO 百名店 2023,https://tabelog.com/tokyo/A1309/A130903/13207060/,https://www.google.com/maps/search/?api=1&query=%E5%A4%9A%E4%BB%81%E6%9C%AC%20%E6%9D%B1%E4%BA%AC%E9%83%BD%E6%96%B0%E5%AE%BF%E5%8C%BA%E8%8D%92%E6%9C%A8%E7%94%BA3-21%20%E5%AE%AE%E5%86%85%E3%83%93%E3%83%AB%202F,2023,日本料理 TOKYO,japanese_tokyo,発表日：2023年3月2日
御料理 無窮,東京都港区六本木6-12-2 六本木ヒルズ レジデンスB棟 3F,食べログ 日本料理 TOKYO 百名店 2023,https://tabelog.com/tokyo/A1307/A130701/13216329/,https://www.google.com/maps/search/?api=1&query=%E5%BE%A1%E6%96%99%E7%90%86%20%E7%84%A1%E7%AA%AE%20%E6%9D%B1%E4%BA%AC%E9%83%BD%E6%B8%AF%E5%8C%BA%E5%85%AD%E6%9C%AC%E6%9C%A86-12-2%20%E5%85%AD%E6%9C%AC%E6%9C%A8%E3%83%92%E3%83%AB%E3%82%BA%20%E3%83%AC%E3%82%B8%E3%83%87%E3%83%B3%E3%82%B9B%E6%A3%9F%203F,2023,日本料理 TOKYO,japanese_tokyo,発表日：2023年3月2日
まき村,東京都品川区南大井3-11-5 MAKIMURA BLD 1F,食べログ 日本料理 TOKYO 百名店 2023,https://tabelog.com/tokyo/A1315/A131502/13003338/,https://www.google.com/maps/search/?api=1&query=%E3%81%BE%E3%81%8D%E6%9D%91%20%E6%9D%B1%E4%BA%AC%E9%83%BD%E5%93%81%E5%B7%9D%E5%8C%BA%E5%8D%97%E5%A4%A7%E4%BA%953-11-5%20MAKIMURA%20BLD%201F,2023,日本料理 TOKYO,japanese_tokyo,発表日：2023年3月2日
神楽坂 石かわ,東京都新宿区神楽坂5-37 高村ビル　１Ｆ,食べログ 日本料理 TOKYO 百名店 2023,https://tabelog.com/tokyo/A1309/A130905/13004079/,https://www.google.com/maps/search/?api=1&query=%E7%A5%9E%E6%A5%BD%E5%9D%82%20%E7%9F%B3%E3%81%8B%E3%82%8F%20%E6%9D%B1%E4%BA%AC%E9%83%BD%E6%96%B0%E5%AE%BF%E5%8C%BA%E7%A5%9E%E6%A5%BD%E5%9D%825-37%20%E9%AB%98%E6%9D%91%E3%83%93%E3%83%AB%E3%80%80%EF%BC%91%EF%BC%A6,2023,日本料理 TOKYO,japanese_tokyo,発表日：2023年3月2日
馳創吼龍,東京都中央区銀座5-14-14 サンリット銀座ビルⅢ5F,食べログ 日本料理 TOKYO 百名店 2023,https://tabelog.com/tokyo/A1301/A130101/13225838/,https://www.google.com/maps/search/?api=1&query=%E9%A6%B3%E5%89%B5%E5%90%BC%E9%BE%8D%20%E6%9D%B1%E4%BA%AC%E9%83%BD%E4%B8%AD%E5%A4%AE%E5%8C%BA%E9%8A%80%E5%BA%A75-14-14%20%E3%82%B5%E3%83%B3%E3%83%AA%E3%83%83%E3%83%88%E9%8A%80%E5%BA%A7%E3%83%93%E3%83%AB%E2%85%A25F,2023,日本料理 TOKYO,japanese_tokyo,発表日：2023年3月2日
末冨,東京都渋谷区,食べログ 日本料理 TOKYO 百名店 2023,https://tabelog.com/tokyo/A1303/A130301/13259485/,https://www.google.com/maps/search/?api=1&query=%E6%9C%AB%E5%86%A8%20%E6%9D%B1%E4%BA%AC%E9%83%BD%E6%B8%8B%E8%B0%B7%E5%8C%BA,2023,日本料理 TOKYO,japanese_tokyo,発表日：2023年3月2日
明寂,東京都港区西麻布3-2-34 西麻布ヒルズ B1F,食べログ 日本料理 TOKYO 百名店 2023,https://tabelog.com/tokyo/A1307/A130701/13270958/,https://www.google.com/maps/search/?api=1&query=%E6%98%8E%E5%AF%82%20%E6%9D%B1%E4%BA%AC%E9%83%BD%E6%B8%AF%E5%8C%BA%E8%A5%BF%E9%BA%BB%E5%B8%833-2-34%20%E8%A5%BF%E9%BA%BB%E5%B8%83%E3%83%92%E3%83%AB%E3%82%BA%20B1F,2023,日本料理 TOKYO,japanese_tokyo,発表日：2023年3月2日
伯雲,東京都港区南青山4-11-2 南青山Kビル 1F,食べログ 日本料理 TOKYO 百名店 2023,https://tabelog.com/tokyo/A1306/A130603/13255456/,https://www.google.com/maps/search/?api=1&query=%E4%BC%AF%E9%9B%B2%20%E6%9D%B1%E4%BA%AC%E9%83%BD%E6%B8%AF%E5%8C%BA%E5%8D%97%E9%9D%92%E5%B1%B14-11-2%20%E5%8D%97%E9%9D%92%E5%B1%B1K%E3%83%93%E3%83%AB%201F,2023,日本料理 TOKYO,japanese_tokyo,発表日：2023年3月2日
御料理 辻,東京都港区東麻布3-3-9 アネックス麻布十番 B1F,食べログ 日本料理 TOKYO 百名店 2023,https://tabelog.com/tokyo/A1307/A130702/13209899/,https://www.google.com/maps/search/?api=1&query=%E5%BE%A1%E6%96%99%E7%90%86%20%E8%BE%BB%20%E6%9D%B1%E4%BA%AC%E9%83%BD%E6%B8%AF%E5%8C%BA%E6%9D%B1%E9%BA%BB%E5%B8%833-3-9%20%E3%82%A2%E3%83%8D%E3%83%83%E3%82%AF%E3%82%B9%E9%BA%BB%E5%B8%83%E5%8D%81%E7%95%AA%20B1F,2023,日本料理 TOKYO,japanese_tokyo,発表日：2023年3月2日
龍吟,東京都千代田区有楽町1-1-2 ミッドタウン日比谷 7F,食べログ 日本料理 TOKYO 百名店 2023,https://tabelog.com/tokyo/A1301/A130102/13001457/,https://www.google.com/maps/search/?api=1&query=%E9%BE%8D%E5%90%9F%20%E6%9D%B1%E4%BA%AC%E9%83%BD%E5%8D%83%E4%BB%A3%E7%94%B0%E5%8C%BA%E6%9C%89%E6%A5%BD%E7%94%BA1-1-2%20%E3%83%9F%E3%83%83%E3%83%89%E3%82%BF%E3%82%A6%E3%83%B3%E6%97%A5%E6%AF%94%E8%B0%B7%207F,2023,日本料理 TOKYO,japanese_tokyo,発表日：2023年3月2日
江戸前芝浜,東京都港区芝2-22-23,食べログ 日本料理 TOKYO 百名店 2023,https://tabelog.com/tokyo/A1314/A131401/13260165/,https://www.google.com/maps/search/?api=1&query=%E6%B1%9F%E6%88%B8%E5%89%8D%E8%8A%9D%E6%B5%9C%20%E6%9D%B1%E4%BA%AC%E9%83%BD%E6%B8%AF%E5%8C%BA%E8%8A%9D2-22-23,2023,日本料理 TOKYO,japanese_tokyo,発表日：2023年3月2日
いち太,東京都港区南青山3-4-6 AOYAMA346 101,食べログ 日本料理 TOKYO 百名店 2023,https://tabelog.com/tokyo/A1306/A130603/13176396/,https://www.google.com/maps/search/?api=1&query=%E3%81%84%E3%81%A1%E5%A4%AA%20%E6%9D%B1%E4%BA%AC%E9%83%BD%E6%B8%AF%E5%8C%BA%E5%8D%97%E9%9D%92%E5%B1%B13-4-6%20AOYAMA346%20101,2023,日本料理 TOKYO,japanese_tokyo,発表日：2023年3月2日
赤坂 詠月,東京都港区赤坂3-11-7 ソシアル赤坂ビル 4F,食べログ 日本料理 TOKYO 百名店 2023,https://tabelog.com/tokyo/A1308/A130801/13116523/,https://www.google.com/maps/search/?api=1&query=%E8%B5%A4%E5%9D%82%20%E8%A9%A0%E6%9C%88%20%E6%9D%B1%E4%BA%AC%E9%83%BD%E6%B8%AF%E5%8C%BA%E8%B5%A4%E5%9D%823-11-7%20%E3%82%BD%E3%82%B7%E3%82%A2%E3%83%AB%E8%B5%A4%E5%9D%82%E3%83%93%E3%83%AB%204F,2023,日本料理 TOKYO,japanese_tokyo,発表日：2023年3月2日
樋口,東京都渋谷区神宮前2-19-12,食べログ 日本料理 TOKYO 百名店 2023,https://tabelog.com/tokyo/A1306/A130601/13001215/,https://www.google.com/maps/search/?api=1&query=%E6%A8%8B%E5%8F%A3%20%E6%9D%B1%E4%BA%AC%E9%83%BD%E6%B8%8B%E8%B0%B7%E5%8C%BA%E7%A5%9E%E5%AE%AE%E5%89%8D2-19-12,2023,日本料理 TOKYO,japanese_tokyo,発表日：2023年3月2日
赤坂 菊乃井,東京都港区赤坂6-13-8,食べログ 日本料理 TOKYO 百名店 2023,https://tabelog.com/tokyo/A1308/A130801/13002514/,https://www.google.com/maps/search/?api=1&query=%E8%B5%A4%E5%9D%82%20%E8%8F%8A%E4%B9%83%E4%BA%95%20%E6%9D%B1%E4%BA%AC%E9%83%BD%E6%B8%AF%E5%8C%BA%E8%B5%A4%E5%9D%826-13-8,2023,日本料理 TOKYO,japanese_tokyo,発表日：2023年3月2日
日本料理 晴山,東京都港区三田2-17-29 グランデ三田 B1F,食べログ 日本料理 TOKYO 百名店 2023,https://tabelog.com/tokyo/A1314/A131402/13127807/,https://www.google.com/maps/search/?api=1&query=%E6%97%A5%E6%9C%AC%E6%96%99%E7%90%86%20%E6%99%B4%E5%B1%B1%20%E6%9D%B1%E4%BA%AC%E9%83%BD%E6%B8%AF%E5%8C%BA%E4%B8%89%E7%94%B02-17-29%20%E3%82%B0%E3%83%A9%E3%83%B3%E3%83%87%E4%B8%89%E7%94%B0%20B1F,2023,日本料理 TOKYO,japanese_tokyo,発表日：2023年3月2日
感情,東京都港区六本木4-12-5 六本木144ビル 3F,食べログ 日本料理 TOKYO 百名店 2023,https://tabelog.com/tokyo/A1307/A130701/13267945/,https://www.google.com/maps/search/?api=1&query=%E6%84%9F%E6%83%85%20%E6%9D%B1%E4%BA%AC%E9%83%BD%E6%B8%AF%E5%8C%BA%E5%85%AD%E6%9C%AC%E6%9C%A84-12-5%20%E5%85%AD%E6%9C%AC%E6%9C%A8144%E3%83%93%E3%83%AB%203F,2023,日本料理 TOKYO,japanese_tokyo,発表日：2023年3月2日
寛幸,東京都中央区銀座4-10-1 HOLON-GINZA 6F,食べログ 日本料理 TOKYO 百名店 2023,https://tabelog.com/tokyo/A1301/A130101/13187102/,https://www.google.com/maps/search/?api=1&query=%E5%AF%9B%E5%B9%B8%20%E6%9D%B1%E4%BA%AC%E9%83%BD%E4%B8%AD%E5%A4%AE%E5%8C%BA%E9%8A%80%E5%BA%A74-10-1%20HOLON-GINZA%206F,2023,日本料理 TOKYO,japanese_tokyo,発表日：2023年3月2日
山﨑,東京都港区西麻布1-15-3 西麻布UOUビル 1F,食べログ 日本料理 TOKYO 百名店 2023,https://tabelog.com/tokyo/A1307/A130701/13225691/,https://www.google.com/maps/search/?api=1&query=%E5%B1%B1%EF%A8%91%20%E6%9D%B1%E4%BA%AC%E9%83%BD%E6%B8%AF%E5%8C%BA%E8%A5%BF%E9%BA%BB%E5%B8%831-15-3%20%E8%A5%BF%E9%BA%BB%E5%B8%83UOU%E3%83%93%E3%83%AB%201F,2023,日本料理 TOKYO,japanese_tokyo,発表日：2023年3月2日
常,東京都港区西麻布4-11-25 モダンフォルム西麻布ビル 2F,食べログ 日本料理 TOKYO 百名店 2023,https://tabelog.com/tokyo/A1307/A130703/13220791/,https://www.google.com/maps/search/?api=1&query=%E5%B8%B8%20%E6%9D%B1%E4%BA%AC%E9%83%BD%E6%B8%AF%E5%8C%BA%E8%A5%BF%E9%BA%BB%E5%B8%834-11-25%20%E3%83%A2%E3%83%80%E3%83%B3%E3%83%95%E3%82%A9%E3%83%AB%E3%83%A0%E8%A5%BF%E9%BA%BB%E5%B8%83%E3%83%93%E3%83%AB%202F,2023,日本料理 TOKYO,japanese_tokyo,発表日：2023年3月2日
津の守坂 小柴,東京都新宿区荒木町15 サンシャトー四谷203,食べログ 日本料理 TOKYO 百名店 2023,https://tabelog.com/tokyo/A1309/A130903/13200286/,https://www.google.com/maps/search/?api=1&query=%E6%B4%A5%E3%81%AE%E5%AE%88%E5%9D%82%20%E5%B0%8F%E6%9F%B4%20%E6%9D%B1%E4%BA%AC%E9%83%BD%E6%96%B0%E5%AE%BF%E5%8C%BA%E8%8D%92%E6%9C%A8%E7%94%BA15%20%E3%82%B5%E3%83%B3%E3%82%B7%E3%83%A3%E3%83%88%E3%83%BC%E5%9B%9B%E8%B0%B7203,2023,日本料理 TOKYO,japanese_tokyo,発表日：2023年3月2日
銀座 しのはら,東京都中央区銀座2-8-17 ハビウル銀座2 B1,食べログ 日本料理 TOKYO 百名店 2023,https://tabelog.com/tokyo/A1301/A130101/13200949/,https://www.google.com/maps/search/?api=1&query=%E9%8A%80%E5%BA%A7%20%E3%81%97%E3%81%AE%E3%81%AF%E3%82%89%20%E6%9D%B1%E4%BA%AC%E9%83%BD%E4%B8%AD%E5%A4%AE%E5%8C%BA%E9%8A%80%E5%BA%A72-8-17%20%E3%83%8F%E3%83%93%E3%82%A6%E3%83%AB%E9%8A%80%E5%BA%A72%20B1,2023,日本料理 TOKYO,japanese_tokyo,発表日：2023年3月2日
喰善 あべ,東京都中央区銀座5-6-10 都ビル 4F,食べログ 日本料理 TOKYO 百名店 2023,https://tabelog.com/tokyo/A1301/A130101/13162190/,https://www.google.com/maps/search/?api=1&query=%E5%96%B0%E5%96%84%20%E3%81%82%E3%81%B9%20%E6%9D%B1%E4%BA%AC%E9%83%BD%E4%B8%AD%E5%A4%AE%E5%8C%BA%E9%8A%80%E5%BA%A75-6-10%20%E9%83%BD%E3%83%93%E3%83%AB%204F,2023,日本料理 TOKYO,japanese_tokyo,発表日：2023年3月2日
銀座うち山,東京都中央区銀座2-12-3 ライトビル B1F,食べログ 日本料理 TOKYO 百名店 2023,https://tabelog.com/tokyo/A1301/A130101/13002322/,https://www.google.com/maps/search/?api=1&query=%E9%8A%80%E5%BA%A7%E3%81%86%E3%81%A1%E5%B1%B1%20%E6%9D%B1%E4%BA%AC%E9%83%BD%E4%B8%AD%E5%A4%AE%E5%8C%BA%E9%8A%80%E5%BA%A72-12-3%20%E3%83%A9%E3%82%A4%E3%83%88%E3%83%93%E3%83%AB%20B1F,2023,日本料理 TOKYO,japanese_tokyo,発表日：2023年3月2日
いづく,東京都中央区銀座1-22-12 マドリガル銀座 1F,食べログ 日本料理 TOKYO 百名店 2023,https://tabelog.com/tokyo/A1302/A130202/13265112/,https://www.google.com/maps/search/?api=1&query=%E3%81%84%E3%81%A5%E3%81%8F%20%E6%9D%B1%E4%BA%AC%E9%83%BD%E4%B8%AD%E5%A4%AE%E5%8C%BA%E9%8A%80%E5%BA%A71-22-12%20%E3%83%9E%E3%83%89%E3%83%AA%E3%82%AC%E3%83%AB%E9%8A%80%E5%BA%A7%201F,2023,日本料理 TOKYO,japanese_tokyo,発表日：2023年3月2日
銀座くどう,東京都中央区銀座5-14-14 サンリット銀座ビルⅢ 3F,食べログ 日本料理 TOKYO 百名店 2023,https://tabelog.com/tokyo/A1301/A130101/13212919/,https://www.google.com/maps/search/?api=1&query=%E9%8A%80%E5%BA%A7%E3%81%8F%E3%81%A9%E3%81%86%20%E6%9D%B1%E4%BA%AC%E9%83%BD%E4%B8%AD%E5%A4%AE%E5%8C%BA%E9%8A%80%E5%BA%A75-14-14%20%E3%82%B5%E3%83%B3%E3%83%AA%E3%83%83%E3%83%88%E9%8A%80%E5%BA%A7%E3%83%93%E3%83%AB%E2%85%A2%203F,2023,日本料理 TOKYO,japanese_tokyo,発表日：2023年3月2日
銀座 小十,東京都中央区銀座5-4-8 カリオカビル 4F,食べログ 日本料理 TOKYO 百名店 2023,https://tabelog.com/tokyo/A1301/A130101/13005683/,https://www.google.com/maps/search/?api=1&query=%E9%8A%80%E5%BA%A7%20%E5%B0%8F%E5%8D%81%20%E6%9D%B1%E4%BA%AC%E9%83%BD%E4%B8%AD%E5%A4%AE%E5%8C%BA%E9%8A%80%E5%BA%A75-4-8%20%E3%82%AB%E3%83%AA%E3%82%AA%E3%82%AB%E3%83%93%E3%83%AB%204F,2023,日本料理 TOKYO,japanese_tokyo,発表日：2023年3月2日
さ行,東京都港区赤坂,食べログ 日本料理 TOKYO 百名店 2023,https://tabelog.com/tokyo/A1308/A130801/13118721/,https://www.google.com/maps/search/?api=1&query=%E3%81%95%E8%A1%8C%20%E6%9D%B1%E4%BA%AC%E9%83%BD%E6%B8%AF%E5%8C%BA%E8%B5%A4%E5%9D%82,2023,日本料理 TOKYO,japanese_tokyo,発表日：2023年3月2日
USHIO,東京都港区六本木3-10-9 かじかわ誠志堂ビル 2F,食べログ お好み焼き 百名店 2023,https://tabelog.com/tokyo/A1307/A130701/13038559/,https://www.google.com/maps/search/?api=1&query=USHIO%20%E6%9D%B1%E4%BA%AC%E9%83%BD%E6%B8%AF%E5%8C%BA%E5%85%AD%E6%9C%AC%E6%9C%A83-10-9%20%E3%81%8B%E3%81%98%E3%81%8B%E3%82%8F%E8%AA%A0%E5%BF%97%E5%A0%82%E3%83%93%E3%83%AB%202F,2023,お好み焼き,okonomiyaki,発表日：2023年5月23日
浪花,東京都練馬区豊玉北5-15-1 小泉ビル　２Ｆ,食べログ お好み焼き 百名店 2023,https://tabelog.com/tokyo/A1321/A132102/13008999/,https://www.google.com/maps/search/?api=1&query=%E6%B5%AA%E8%8A%B1%20%E6%9D%B1%E4%BA%AC%E9%83%BD%E7%B7%B4%E9%A6%AC%E5%8C%BA%E8%B1%8A%E7%8E%89%E5%8C%975-15-1%20%E5%B0%8F%E6%B3%89%E3%83%93%E3%83%AB%E3%80%80%EF%BC%92%EF%BC%A6,2023,お好み焼き,okonomiyaki,発表日：2023年5月23日
お好み焼き 福竹,東京都大田区東矢口1-17-11,食べログ お好み焼き 百名店 2023,https://tabelog.com/tokyo/A1317/A131714/13003312/,https://www.google.com/maps/search/?api=1&query=%E3%81%8A%E5%A5%BD%E3%81%BF%E7%84%BC%E3%81%8D%20%E7%A6%8F%E7%AB%B9%20%E6%9D%B1%E4%BA%AC%E9%83%BD%E5%A4%A7%E7%94%B0%E5%8C%BA%E6%9D%B1%E7%9F%A2%E5%8F%A31-17-11,2023,お好み焼き,okonomiyaki,発表日：2023年5月23日
お好み焼 きじ 品川店,東京都港区港南2-3-13 品川フロントビル 2F,食べログ お好み焼き 百名店 2023,https://tabelog.com/tokyo/A1314/A131403/13120197/,https://www.google.com/maps/search/?api=1&query=%E3%81%8A%E5%A5%BD%E3%81%BF%E7%84%BC%20%E3%81%8D%E3%81%98%20%E5%93%81%E5%B7%9D%E5%BA%97%20%E6%9D%B1%E4%BA%AC%E9%83%BD%E6%B8%AF%E5%8C%BA%E6%B8%AF%E5%8D%972-3-13%20%E5%93%81%E5%B7%9D%E3%83%95%E3%83%AD%E3%83%B3%E3%83%88%E3%83%93%E3%83%AB%202F,2023,お好み焼き,okonomiyaki,発表日：2023年5月23日
子ぐま,神奈川県横浜市青葉区美しが丘2-17-26,食べログ お好み焼き 百名店 2023,https://tabelog.com/kanagawa/A1401/A140201/14076732/,https://www.google.com/maps/search/?api=1&query=%E5%AD%90%E3%81%90%E3%81%BE%20%E7%A5%9E%E5%A5%88%E5%B7%9D%E7%9C%8C%E6%A8%AA%E6%B5%9C%E5%B8%82%E9%9D%92%E8%91%89%E5%8C%BA%E7%BE%8E%E3%81%97%E3%81%8C%E4%B8%982-17-26,2023,お好み焼き,okonomiyaki,発表日：2023年5月23日
キャベツ畑,神奈川県鎌倉市大船1-20-4,食べログ お好み焼き 百名店 2023,https://tabelog.com/kanagawa/A1404/A140401/14002209/,https://www.google.com/maps/search/?api=1&query=%E3%82%AD%E3%83%A3%E3%83%99%E3%83%84%E7%95%91%20%E7%A5%9E%E5%A5%88%E5%B7%9D%E7%9C%8C%E9%8E%8C%E5%80%89%E5%B8%82%E5%A4%A7%E8%88%B91-20-4,2023,お好み焼き,okonomiyaki,発表日：2023年5月23日
八昌,東京都世田谷区経堂1-21-18 ＨＡＲＡＤＡビル 2F,食べログ お好み焼き 百名店 2023,https://tabelog.com/tokyo/A1318/A131813/13013135/,https://www.google.com/maps/search/?api=1&query=%E5%85%AB%E6%98%8C%20%E6%9D%B1%E4%BA%AC%E9%83%BD%E4%B8%96%E7%94%B0%E8%B0%B7%E5%8C%BA%E7%B5%8C%E5%A0%821-21-18%20%EF%BC%A8%EF%BC%A1%EF%BC%B2%EF%BC%A1%EF%BC%A4%EF%BC%A1%E3%83%93%E3%83%AB%202F,2023,お好み焼き,okonomiyaki,発表日：2023年5月23日
なんばん亭 下北沢店,東京都世田谷区北沢2-12-3 石川ビル 2F,食べログ お好み焼き 百名店 2023,https://tabelog.com/tokyo/A1318/A131802/13037445/,https://www.google.com/maps/search/?api=1&query=%E3%81%AA%E3%82%93%E3%81%B0%E3%82%93%E4%BA%AD%20%E4%B8%8B%E5%8C%97%E6%B2%A2%E5%BA%97%20%E6%9D%B1%E4%BA%AC%E9%83%BD%E4%B8%96%E7%94%B0%E8%B0%B7%E5%8C%BA%E5%8C%97%E6%B2%A22-12-3%20%E7%9F%B3%E5%B7%9D%E3%83%93%E3%83%AB%202F,2023,お好み焼き,okonomiyaki,発表日：2023年5月23日
源亀,東京都墨田区錦糸4-14-9 本間ビル　１Ｆ,食べログ お好み焼き 百名店 2023,https://tabelog.com/tokyo/A1312/A131201/13072955/,https://www.google.com/maps/search/?api=1&query=%E6%BA%90%E4%BA%80%20%E6%9D%B1%E4%BA%AC%E9%83%BD%E5%A2%A8%E7%94%B0%E5%8C%BA%E9%8C%A6%E7%B3%B84-14-9%20%E6%9C%AC%E9%96%93%E3%83%93%E3%83%AB%E3%80%80%EF%BC%91%EF%BC%A6,2023,お好み焼き,okonomiyaki,発表日：2023年5月23日
広島お好み焼き おこたろう,東京都葛飾区亀有3-31-8,食べログ お好み焼き 百名店 2023,https://tabelog.com/tokyo/A1324/A132403/13061247/,https://www.google.com/maps/search/?api=1&query=%E5%BA%83%E5%B3%B6%E3%81%8A%E5%A5%BD%E3%81%BF%E7%84%BC%E3%81%8D%20%E3%81%8A%E3%81%93%E3%81%9F%E3%82%8D%E3%81%86%20%E6%9D%B1%E4%BA%AC%E9%83%BD%E8%91%9B%E9%A3%BE%E5%8C%BA%E4%BA%80%E6%9C%893-31-8,2023,お好み焼き,okonomiyaki,発表日：2023年5月23日
ラ フィーリア デル プレジデンテ,神奈川県横浜市中区常盤町5-59,食べログ ピザ 百名店 2023,https://tabelog.com/kanagawa/A1401/A140104/14064550/,https://www.google.com/maps/search/?api=1&query=%E3%83%A9%20%E3%83%95%E3%82%A3%E3%83%BC%E3%83%AA%E3%82%A2%20%E3%83%87%E3%83%AB%20%E3%83%97%E3%83%AC%E3%82%B8%E3%83%87%E3%83%B3%E3%83%86%20%E7%A5%9E%E5%A5%88%E5%B7%9D%E7%9C%8C%E6%A8%AA%E6%B5%9C%E5%B8%82%E4%B8%AD%E5%8C%BA%E5%B8%B8%E7%9B%A4%E7%94%BA5-59,2023,ピザ,pizza,発表日：2023年4月24日
ヴィア ナポリ,栃木県矢板市中417-6,食べログ ピザ 百名店 2023,https://tabelog.com/tochigi/A0905/A090502/9002912/,https://www.google.com/maps/search/?api=1&query=%E3%83%B4%E3%82%A3%E3%82%A2%20%E3%83%8A%E3%83%9D%E3%83%AA%20%E6%A0%83%E6%9C%A8%E7%9C%8C%E7%9F%A2%E6%9D%BF%E5%B8%82%E4%B8%AD417-6,2023,ピザ,pizza,発表日：2023年4月24日
ナポリスタカ 駒沢店,東京都世田谷区上馬4-5-1,食べログ ピザ 百名店 2023,https://tabelog.com/tokyo/A1317/A131707/13188330/,https://www.google.com/maps/search/?api=1&query=%E3%83%8A%E3%83%9D%E3%83%AA%E3%82%B9%E3%82%BF%E3%82%AB%20%E9%A7%92%E6%B2%A2%E5%BA%97%20%E6%9D%B1%E4%BA%AC%E9%83%BD%E4%B8%96%E7%94%B0%E8%B0%B7%E5%8C%BA%E4%B8%8A%E9%A6%AC4-5-1,2023,ピザ,pizza,発表日：2023年4月24日
PIZZA BORSA,東京都豊島区西池袋3-30-8 渡辺ビル 1F,食べログ ピザ 百名店 2023,https://tabelog.com/tokyo/A1305/A130501/13170403/,https://www.google.com/maps/search/?api=1&query=PIZZA%20BORSA%20%E6%9D%B1%E4%BA%AC%E9%83%BD%E8%B1%8A%E5%B3%B6%E5%8C%BA%E8%A5%BF%E6%B1%A0%E8%A2%8B3-30-8%20%E6%B8%A1%E8%BE%BA%E3%83%93%E3%83%AB%201F,2023,ピザ,pizza,発表日：2023年4月24日
ナポリピッツァ Pizzeria la Rossa,東京都目黒区目黒本町5-33-25,食べログ ピザ 百名店 2023,https://tabelog.com/tokyo/A1317/A131702/13130666/,https://www.google.com/maps/search/?api=1&query=%E3%83%8A%E3%83%9D%E3%83%AA%E3%83%94%E3%83%83%E3%83%84%E3%82%A1%20Pizzeria%20la%20Rossa%20%E6%9D%B1%E4%BA%AC%E9%83%BD%E7%9B%AE%E9%BB%92%E5%8C%BA%E7%9B%AE%E9%BB%92%E6%9C%AC%E7%94%BA5-33-25,2023,ピザ,pizza,発表日：2023年4月24日
ピッツェリア・ロマーナ・イル・ペンティート,東京都渋谷区代々木3-1-1 ＡＸＩＳ　１Ｆ,食べログ ピザ 百名店 2023,https://tabelog.com/tokyo/A1318/A131810/13000684/,https://www.google.com/maps/search/?api=1&query=%E3%83%94%E3%83%83%E3%83%84%E3%82%A7%E3%83%AA%E3%82%A2%E3%83%BB%E3%83%AD%E3%83%9E%E3%83%BC%E3%83%8A%E3%83%BB%E3%82%A4%E3%83%AB%E3%83%BB%E3%83%9A%E3%83%B3%E3%83%86%E3%82%A3%E3%83%BC%E3%83%88%20%E6%9D%B1%E4%BA%AC%E9%83%BD%E6%B8%8B%E8%B0%B7%E5%8C%BA%E4%BB%A3%E3%80%85%E6%9C%A83-1-1%20%EF%BC%A1%EF%BC%B8%EF%BC%A9%EF%BC%B3%E3%80%80%EF%BC%91%EF%BC%A6,2023,ピザ,pizza,発表日：2023年4月24日
ピッツァ ストラーダ,東京都港区麻布十番3-6-2 NS麻布十番ビル 1F,食べログ ピザ 百名店 2023,https://tabelog.com/tokyo/A1307/A130702/13131245/,https://www.google.com/maps/search/?api=1&query=%E3%83%94%E3%83%83%E3%83%84%E3%82%A1%20%E3%82%B9%E3%83%88%E3%83%A9%E3%83%BC%E3%83%80%20%E6%9D%B1%E4%BA%AC%E9%83%BD%E6%B8%AF%E5%8C%BA%E9%BA%BB%E5%B8%83%E5%8D%81%E7%95%AA3-6-2%20NS%E9%BA%BB%E5%B8%83%E5%8D%81%E7%95%AA%E3%83%93%E3%83%AB%201F,2023,ピザ,pizza,発表日：2023年4月24日
Pizzeria LUMEN,東京都新宿区歌舞伎町2-8-3 最上ビル新宿　１Ｆ,食べログ ピザ 百名店 2023,https://tabelog.com/tokyo/A1304/A130401/13025499/,https://www.google.com/maps/search/?api=1&query=Pizzeria%20LUMEN%20%E6%9D%B1%E4%BA%AC%E9%83%BD%E6%96%B0%E5%AE%BF%E5%8C%BA%E6%AD%8C%E8%88%9E%E4%BC%8E%E7%94%BA2-8-3%20%E6%9C%80%E4%B8%8A%E3%83%93%E3%83%AB%E6%96%B0%E5%AE%BF%E3%80%80%EF%BC%91%EF%BC%A6,2023,ピザ,pizza,発表日：2023年4月24日
窯焼きピザの店ラ・ビエール,群馬県利根郡みなかみ町湯原681-3,食べログ ピザ 百名店 2023,https://tabelog.com/gunma/A1003/A100302/10001239/,https://www.google.com/maps/search/?api=1&query=%E7%AA%AF%E7%84%BC%E3%81%8D%E3%83%94%E3%82%B6%E3%81%AE%E5%BA%97%E3%83%A9%E3%83%BB%E3%83%93%E3%82%A8%E3%83%BC%E3%83%AB%20%E7%BE%A4%E9%A6%AC%E7%9C%8C%E5%88%A9%E6%A0%B9%E9%83%A1%E3%81%BF%E3%81%AA%E3%81%8B%E3%81%BF%E7%94%BA%E6%B9%AF%E5%8E%9F681-3,2023,ピザ,pizza,発表日：2023年4月24日
ピッツエリア エ トラットリア ダ イーサ,東京都目黒区青葉台1-28-9,食べログ ピザ 百名店 2023,https://tabelog.com/tokyo/A1317/A131701/13103245/,https://www.google.com/maps/search/?api=1&query=%E3%83%94%E3%83%83%E3%83%84%E3%82%A8%E3%83%AA%E3%82%A2%20%E3%82%A8%20%E3%83%88%E3%83%A9%E3%83%83%E3%83%88%E3%83%AA%E3%82%A2%20%E3%83%80%20%E3%82%A4%E3%83%BC%E3%82%B5%20%E6%9D%B1%E4%BA%AC%E9%83%BD%E7%9B%AE%E9%BB%92%E5%8C%BA%E9%9D%92%E8%91%89%E5%8F%B01-28-9,2023,ピザ,pizza,発表日：2023年4月24日
ピッツェリア　スペリアーモ！,神奈川県横浜市西区藤棚町1-121,食べログ ピザ 百名店 2023,https://tabelog.com/kanagawa/A1401/A140301/14002481/,https://www.google.com/maps/search/?api=1&query=%E3%83%94%E3%83%83%E3%83%84%E3%82%A7%E3%83%AA%E3%82%A2%E3%80%80%E3%82%B9%E3%83%9A%E3%83%AA%E3%82%A2%E3%83%BC%E3%83%A2%EF%BC%81%20%E7%A5%9E%E5%A5%88%E5%B7%9D%E7%9C%8C%E6%A8%AA%E6%B5%9C%E5%B8%82%E8%A5%BF%E5%8C%BA%E8%97%A4%E6%A3%9A%E7%94%BA1-121,2023,ピザ,pizza,発表日：2023年4月24日
いんば学舎 オソロク倶楽部,千葉県印西市草深485-3,食べログ ピザ 百名店 2023,https://tabelog.com/chiba/A1203/A120304/12004443/,https://www.google.com/maps/search/?api=1&query=%E3%81%84%E3%82%93%E3%81%B0%E5%AD%A6%E8%88%8E%20%E3%82%AA%E3%82%BD%E3%83%AD%E3%82%AF%E5%80%B6%E6%A5%BD%E9%83%A8%20%E5%8D%83%E8%91%89%E7%9C%8C%E5%8D%B0%E8%A5%BF%E5%B8%82%E8%8D%89%E6%B7%B1485-3,2023,ピザ,pizza,発表日：2023年4月24日
聖林館,東京都目黒区上目黒2-6-4,食べログ ピザ 百名店 2023,https://tabelog.com/tokyo/A1317/A131701/13003188/,https://www.google.com/maps/search/?api=1&query=%E8%81%96%E6%9E%97%E9%A4%A8%20%E6%9D%B1%E4%BA%AC%E9%83%BD%E7%9B%AE%E9%BB%92%E5%8C%BA%E4%B8%8A%E7%9B%AE%E9%BB%922-6-4,2023,ピザ,pizza,発表日：2023年4月24日
Bosco,千葉県四街道市物井1777,食べログ ピザ 百名店 2023,https://tabelog.com/chiba/A1204/A120402/12045538/,https://www.google.com/maps/search/?api=1&query=Bosco%20%E5%8D%83%E8%91%89%E7%9C%8C%E5%9B%9B%E8%A1%97%E9%81%93%E5%B8%82%E7%89%A9%E4%BA%951777,2023,ピザ,pizza,発表日：2023年4月24日
ピッツァダバッボ,東京都中央区日本橋人形町2-21-1 FSビル １Ｆ,食べログ ピザ 百名店 2023,https://tabelog.com/tokyo/A1302/A130204/13025362/,https://www.google.com/maps/search/?api=1&query=%E3%83%94%E3%83%83%E3%83%84%E3%82%A1%E3%83%80%E3%83%90%E3%83%83%E3%83%9C%20%E6%9D%B1%E4%BA%AC%E9%83%BD%E4%B8%AD%E5%A4%AE%E5%8C%BA%E6%97%A5%E6%9C%AC%E6%A9%8B%E4%BA%BA%E5%BD%A2%E7%94%BA2-21-1%20FS%E3%83%93%E3%83%AB%20%EF%BC%91%EF%BC%A6,2023,ピザ,pizza,発表日：2023年4月24日
ピッツェリア パーレンテッシ,東京都目黒区東山3-6-8 エクセル東山 2F,食べログ ピザ 百名店 2023,https://tabelog.com/tokyo/A1317/A131705/13006076/,https://www.google.com/maps/search/?api=1&query=%E3%83%94%E3%83%83%E3%83%84%E3%82%A7%E3%83%AA%E3%82%A2%20%E3%83%91%E3%83%BC%E3%83%AC%E3%83%B3%E3%83%86%E3%83%83%E3%82%B7%20%E6%9D%B1%E4%BA%AC%E9%83%BD%E7%9B%AE%E9%BB%92%E5%8C%BA%E6%9D%B1%E5%B1%B13-6-8%20%E3%82%A8%E3%82%AF%E3%82%BB%E3%83%AB%E6%9D%B1%E5%B1%B1%202F,2023,ピザ,pizza,発表日：2023年4月24日
ピッツェリア ジターリア ダ フィリッポ,東京都練馬区石神井町2-13-5 グリーンハイム たちばな 1F,食べログ ピザ 百名店 2023,https://tabelog.com/tokyo/A1321/A132103/13149962/,https://www.google.com/maps/search/?api=1&query=%E3%83%94%E3%83%83%E3%83%84%E3%82%A7%E3%83%AA%E3%82%A2%20%E3%82%B8%E3%82%BF%E3%83%BC%E3%83%AA%E3%82%A2%20%E3%83%80%20%E3%83%95%E3%82%A3%E3%83%AA%E3%83%83%E3%83%9D%20%E6%9D%B1%E4%BA%AC%E9%83%BD%E7%B7%B4%E9%A6%AC%E5%8C%BA%E7%9F%B3%E7%A5%9E%E4%BA%95%E7%94%BA2-13-5%20%E3%82%B0%E3%83%AA%E3%83%BC%E3%83%B3%E3%83%8F%E3%82%A4%E3%83%A0%20%E3%81%9F%E3%81%A1%E3%81%B0%E3%81%AA%201F,2023,ピザ,pizza,発表日：2023年4月24日
DADA,神奈川県鎌倉市雪ノ下1-11-2 雪ノ下ビル　１Ｆ,食べログ ピザ 百名店 2023,https://tabelog.com/kanagawa/A1404/A140402/14039433/,https://www.google.com/maps/search/?api=1&query=DADA%20%E7%A5%9E%E5%A5%88%E5%B7%9D%E7%9C%8C%E9%8E%8C%E5%80%89%E5%B8%82%E9%9B%AA%E3%83%8E%E4%B8%8B1-11-2%20%E9%9B%AA%E3%83%8E%E4%B8%8B%E3%83%93%E3%83%AB%E3%80%80%EF%BC%91%EF%BC%A6,2023,ピザ,pizza,発表日：2023年4月24日
PST 東麻布,東京都港区東麻布1-24-6 1F,食べログ ピザ 百名店 2023,https://tabelog.com/tokyo/A1314/A131401/13205741/,https://www.google.com/maps/search/?api=1&query=PST%20%E6%9D%B1%E9%BA%BB%E5%B8%83%20%E6%9D%B1%E4%BA%AC%E9%83%BD%E6%B8%AF%E5%8C%BA%E6%9D%B1%E9%BA%BB%E5%B8%831-24-6%201F,2023,ピザ,pizza,発表日：2023年4月24日
ラッテリア ベベ  カマクラ,神奈川県鎌倉市御成町11-17,食べログ ピザ 百名店 2023,https://tabelog.com/kanagawa/A1404/A140402/14058636/,https://www.google.com/maps/search/?api=1&query=%E3%83%A9%E3%83%83%E3%83%86%E3%83%AA%E3%82%A2%20%E3%83%99%E3%83%99%20%20%E3%82%AB%E3%83%9E%E3%82%AF%E3%83%A9%20%E7%A5%9E%E5%A5%88%E5%B7%9D%E7%9C%8C%E9%8E%8C%E5%80%89%E5%B8%82%E5%BE%A1%E6%88%90%E7%94%BA11-17,2023,ピザ,pizza,発表日：2023年4月24日
アランジャルシ,東京都文京区湯島4-6-17 丸島ビル１F,食べログ ピザ 百名店 2023,https://tabelog.com/tokyo/A1311/A131101/13057017/,https://www.google.com/maps/search/?api=1&query=%E3%82%A2%E3%83%A9%E3%83%B3%E3%82%B8%E3%83%A3%E3%83%AB%E3%82%B7%20%E6%9D%B1%E4%BA%AC%E9%83%BD%E6%96%87%E4%BA%AC%E5%8C%BA%E6%B9%AF%E5%B3%B64-6-17%20%E4%B8%B8%E5%B3%B6%E3%83%93%E3%83%AB%EF%BC%91F,2023,ピザ,pizza,発表日：2023年4月24日
トニーズピザ,東京都武蔵野市吉祥寺南町1-6-9,食べログ ピザ 百名店 2023,https://tabelog.com/tokyo/A1320/A132001/13005912/,https://www.google.com/maps/search/?api=1&query=%E3%83%88%E3%83%8B%E3%83%BC%E3%82%BA%E3%83%94%E3%82%B6%20%E6%9D%B1%E4%BA%AC%E9%83%BD%E6%AD%A6%E8%94%B5%E9%87%8E%E5%B8%82%E5%90%89%E7%A5%A5%E5%AF%BA%E5%8D%97%E7%94%BA1-6-9,2023,ピザ,pizza,発表日：2023年4月24日
マッシモッタヴィオ,東京都杉並区永福4-4-4 永福町ファイブビル,食べログ ピザ 百名店 2023,https://tabelog.com/tokyo/A1318/A131805/13132982/,https://www.google.com/maps/search/?api=1&query=%E3%83%9E%E3%83%83%E3%82%B7%E3%83%A2%E3%83%83%E3%82%BF%E3%83%B4%E3%82%A3%E3%82%AA%20%E6%9D%B1%E4%BA%AC%E9%83%BD%E6%9D%89%E4%B8%A6%E5%8C%BA%E6%B0%B8%E7%A6%8F4-4-4%20%E6%B0%B8%E7%A6%8F%E7%94%BA%E3%83%95%E3%82%A1%E3%82%A4%E3%83%96%E3%83%93%E3%83%AB,2023,ピザ,pizza,発表日：2023年4月24日
ピッツェリア　ポジターノ,千葉県成田市花崎町533,食べログ ピザ 百名店 2023,https://tabelog.com/chiba/A1204/A120401/12025528/,https://www.google.com/maps/search/?api=1&query=%E3%83%94%E3%83%83%E3%83%84%E3%82%A7%E3%83%AA%E3%82%A2%E3%80%80%E3%83%9D%E3%82%B8%E3%82%BF%E3%83%BC%E3%83%8E%20%E5%8D%83%E8%91%89%E7%9C%8C%E6%88%90%E7%94%B0%E5%B8%82%E8%8A%B1%E5%B4%8E%E7%94%BA533,2023,ピザ,pizza,発表日：2023年4月24日
ナポリスタカ 神谷町店,東京都港区麻布台1-11-4 いんなあとりっぷビル１Ｆ,食べログ ピザ 百名店 2023,https://tabelog.com/tokyo/A1307/A130704/13132020/,https://www.google.com/maps/search/?api=1&query=%E3%83%8A%E3%83%9D%E3%83%AA%E3%82%B9%E3%82%BF%E3%82%AB%20%E7%A5%9E%E8%B0%B7%E7%94%BA%E5%BA%97%20%E6%9D%B1%E4%BA%AC%E9%83%BD%E6%B8%AF%E5%8C%BA%E9%BA%BB%E5%B8%83%E5%8F%B01-11-4%20%E3%81%84%E3%82%93%E3%81%AA%E3%81%82%E3%81%A8%E3%82%8A%E3%81%A3%E3%81%B7%E3%83%93%E3%83%AB%EF%BC%91%EF%BC%A6,2023,ピザ,pizza,発表日：2023年4月24日
ピッツェリア ロッコ,埼玉県川越市連雀町10-3,食べログ ピザ 百名店 2023,https://tabelog.com/saitama/A1103/A110303/11047507/,https://www.google.com/maps/search/?api=1&query=%E3%83%94%E3%83%83%E3%83%84%E3%82%A7%E3%83%AA%E3%82%A2%20%E3%83%AD%E3%83%83%E3%82%B3%20%E5%9F%BC%E7%8E%89%E7%9C%8C%E5%B7%9D%E8%B6%8A%E5%B8%82%E9%80%A3%E9%9B%80%E7%94%BA10-3,2023,ピザ,pizza,発表日：2023年4月24日
ピッツェリア カント デッラ テッラ,千葉県市川市南八幡3-7-10,食べログ ピザ 百名店 2023,https://tabelog.com/chiba/A1202/A120202/12042493/,https://www.google.com/maps/search/?api=1&query=%E3%83%94%E3%83%83%E3%83%84%E3%82%A7%E3%83%AA%E3%82%A2%20%E3%82%AB%E3%83%B3%E3%83%88%20%E3%83%87%E3%83%83%E3%83%A9%20%E3%83%86%E3%83%83%E3%83%A9%20%E5%8D%83%E8%91%89%E7%9C%8C%E5%B8%82%E5%B7%9D%E5%B8%82%E5%8D%97%E5%85%AB%E5%B9%A13-7-10,2023,ピザ,pizza,発表日：2023年4月24日
ベントエマーレ,東京都品川区西五反田5-26-10 1F,食べログ ピザ 百名店 2023,https://tabelog.com/tokyo/A1317/A131710/13114520/,https://www.google.com/maps/search/?api=1&query=%E3%83%99%E3%83%B3%E3%83%88%E3%82%A8%E3%83%9E%E3%83%BC%E3%83%AC%20%E6%9D%B1%E4%BA%AC%E9%83%BD%E5%93%81%E5%B7%9D%E5%8C%BA%E8%A5%BF%E4%BA%94%E5%8F%8D%E7%94%B05-26-10%201F,2023,ピザ,pizza,発表日：2023年4月24日
ペルテ,千葉県千葉市稲毛区小仲台2-12-15,食べログ ピザ 百名店 2023,https://tabelog.com/chiba/A1201/A120104/12046318/,https://www.google.com/maps/search/?api=1&query=%E3%83%9A%E3%83%AB%E3%83%86%20%E5%8D%83%E8%91%89%E7%9C%8C%E5%8D%83%E8%91%89%E5%B8%82%E7%A8%B2%E6%AF%9B%E5%8C%BA%E5%B0%8F%E4%BB%B2%E5%8F%B02-12-15,2023,ピザ,pizza,発表日：2023年4月24日
Pizzeria Bakka M'unica,東京都品川区東大井1-3-17 コーポマルイノ 1F,食べログ ピザ 百名店 2023,https://tabelog.com/tokyo/A1315/A131501/13182694/,https://www.google.com/maps/search/?api=1&query=Pizzeria%20Bakka%20M%27unica%20%E6%9D%B1%E4%BA%AC%E9%83%BD%E5%93%81%E5%B7%9D%E5%8C%BA%E6%9D%B1%E5%A4%A7%E4%BA%951-3-17%20%E3%82%B3%E3%83%BC%E3%83%9D%E3%83%9E%E3%83%AB%E3%82%A4%E3%83%8E%201F,2023,ピザ,pizza,発表日：2023年4月24日
ピッツェリア　デラチッタ,群馬県高崎市新保町35-1,食べログ ピザ 百名店 2023,https://tabelog.com/gunma/A1001/A100102/10010617/,https://www.google.com/maps/search/?api=1&query=%E3%83%94%E3%83%83%E3%83%84%E3%82%A7%E3%83%AA%E3%82%A2%E3%80%80%E3%83%87%E3%83%A9%E3%83%81%E3%83%83%E3%82%BF%20%E7%BE%A4%E9%A6%AC%E7%9C%8C%E9%AB%98%E5%B4%8E%E5%B8%82%E6%96%B0%E4%BF%9D%E7%94%BA35-1,2023,ピザ,pizza,発表日：2023年4月24日
ピッツェリア イル・タンブレッロ,東京都中央区日本橋堀留町1-2-9 DIG DUG１階,食べログ ピザ 百名店 2023,https://tabelog.com/tokyo/A1302/A130204/13114239/,https://www.google.com/maps/search/?api=1&query=%E3%83%94%E3%83%83%E3%83%84%E3%82%A7%E3%83%AA%E3%82%A2%20%E3%82%A4%E3%83%AB%E3%83%BB%E3%82%BF%E3%83%B3%E3%83%96%E3%83%AC%E3%83%83%E3%83%AD%20%E6%9D%B1%E4%BA%AC%E9%83%BD%E4%B8%AD%E5%A4%AE%E5%8C%BA%E6%97%A5%E6%9C%AC%E6%A9%8B%E5%A0%80%E7%95%99%E7%94%BA1-2-9%20DIG%20DUG%EF%BC%91%E9%9A%8E,2023,ピザ,pizza,発表日：2023年4月24日
SAVOY とまととちーず店,東京都港区麻布十番3-3-13 M2Kステージ 1F,食べログ ピザ 百名店 2023,https://tabelog.com/tokyo/A1307/A130702/13155593/,https://www.google.com/maps/search/?api=1&query=SAVOY%20%E3%81%A8%E3%81%BE%E3%81%A8%E3%81%A8%E3%81%A1%E3%83%BC%E3%81%9A%E5%BA%97%20%E6%9D%B1%E4%BA%AC%E9%83%BD%E6%B8%AF%E5%8C%BA%E9%BA%BB%E5%B8%83%E5%8D%81%E7%95%AA3-3-13%20M2K%E3%82%B9%E3%83%86%E3%83%BC%E3%82%B8%201F,2023,ピザ,pizza,発表日：2023年4月24日
ピッツェリアGG 吉祥寺,東京都武蔵野市吉祥寺南町1-17-1 プレジール B1F,食べログ ピザ 百名店 2023,https://tabelog.com/tokyo/A1320/A132001/13047308/,https://www.google.com/maps/search/?api=1&query=%E3%83%94%E3%83%83%E3%83%84%E3%82%A7%E3%83%AA%E3%82%A2GG%20%E5%90%89%E7%A5%A5%E5%AF%BA%20%E6%9D%B1%E4%BA%AC%E9%83%BD%E6%AD%A6%E8%94%B5%E9%87%8E%E5%B8%82%E5%90%89%E7%A5%A5%E5%AF%BA%E5%8D%97%E7%94%BA1-17-1%20%E3%83%97%E3%83%AC%E3%82%B8%E3%83%BC%E3%83%AB%20B1F,2023,ピザ,pizza,発表日：2023年4月24日
カトリカ,東京都墨田区東向島5丁目29-6,食べログ ピザ 百名店 2023,https://tabelog.com/tokyo/A1312/A131203/13040601/,https://www.google.com/maps/search/?api=1&query=%E3%82%AB%E3%83%88%E3%83%AA%E3%82%AB%20%E6%9D%B1%E4%BA%AC%E9%83%BD%E5%A2%A8%E7%94%B0%E5%8C%BA%E6%9D%B1%E5%90%91%E5%B3%B65%E4%B8%81%E7%9B%AE29-6,2023,ピザ,pizza,発表日：2023年4月24日
ピッツェリア ダ マキ,群馬県桐生市錦町3-9-4,食べログ ピザ 百名店 2023,https://tabelog.com/gunma/A1002/A100201/10021794/,https://www.google.com/maps/search/?api=1&query=%E3%83%94%E3%83%83%E3%83%84%E3%82%A7%E3%83%AA%E3%82%A2%20%E3%83%80%20%E3%83%9E%E3%82%AD%20%E7%BE%A4%E9%A6%AC%E7%9C%8C%E6%A1%90%E7%94%9F%E5%B8%82%E9%8C%A6%E7%94%BA3-9-4,2023,ピザ,pizza,発表日：2023年4月24日
シシリヤ,神奈川県横浜市中区相生町1-7 和同ビル　１Ｆ,食べログ ピザ 百名店 2023,https://tabelog.com/kanagawa/A1401/A140104/14001040/,https://www.google.com/maps/search/?api=1&query=%E3%82%B7%E3%82%B7%E3%83%AA%E3%83%A4%20%E7%A5%9E%E5%A5%88%E5%B7%9D%E7%9C%8C%E6%A8%AA%E6%B5%9C%E5%B8%82%E4%B8%AD%E5%8C%BA%E7%9B%B8%E7%94%9F%E7%94%BA1-7%20%E5%92%8C%E5%90%8C%E3%83%93%E3%83%AB%E3%80%80%EF%BC%91%EF%BC%A6,2023,ピザ,pizza,発表日：2023年4月24日
ラ・トリプレッタ,東京都品川区小山3-13-12,食べログ ピザ 百名店 2023,https://tabelog.com/tokyo/A1317/A131710/13165472/,https://www.google.com/maps/search/?api=1&query=%E3%83%A9%E3%83%BB%E3%83%88%E3%83%AA%E3%83%97%E3%83%AC%E3%83%83%E3%82%BF%20%E6%9D%B1%E4%BA%AC%E9%83%BD%E5%93%81%E5%B7%9D%E5%8C%BA%E5%B0%8F%E5%B1%B13-13-12,2023,ピザ,pizza,発表日：2023年4月24日
ピッツェリア チーロ 東中野店,東京都中野区東中野3-8-3 フェニックスビル1Ｆ,食べログ ピザ 百名店 2023,https://tabelog.com/tokyo/A1319/A131901/13115030/,https://www.google.com/maps/search/?api=1&query=%E3%83%94%E3%83%83%E3%83%84%E3%82%A7%E3%83%AA%E3%82%A2%20%E3%83%81%E3%83%BC%E3%83%AD%20%E6%9D%B1%E4%B8%AD%E9%87%8E%E5%BA%97%20%E6%9D%B1%E4%BA%AC%E9%83%BD%E4%B8%AD%E9%87%8E%E5%8C%BA%E6%9D%B1%E4%B8%AD%E9%87%8E3-8-3%20%E3%83%95%E3%82%A7%E3%83%8B%E3%83%83%E3%82%AF%E3%82%B9%E3%83%93%E3%83%AB1%EF%BC%A6,2023,ピザ,pizza,発表日：2023年4月24日
アンティーカ・ピッツェリア・ダ・ミケーレ 恵比寿,東京都渋谷区恵比寿4-4-7,食べログ ピザ 百名店 2023,https://tabelog.com/tokyo/A1303/A130302/13136144/,https://www.google.com/maps/search/?api=1&query=%E3%82%A2%E3%83%B3%E3%83%86%E3%82%A3%E3%83%BC%E3%82%AB%E3%83%BB%E3%83%94%E3%83%83%E3%83%84%E3%82%A7%E3%83%AA%E3%82%A2%E3%83%BB%E3%83%80%E3%83%BB%E3%83%9F%E3%82%B1%E3%83%BC%E3%83%AC%20%E6%81%B5%E6%AF%94%E5%AF%BF%20%E6%9D%B1%E4%BA%AC%E9%83%BD%E6%B8%8B%E8%B0%B7%E5%8C%BA%E6%81%B5%E6%AF%94%E5%AF%BF4-4-7,2023,ピザ,pizza,発表日：2023年4月24日
ファカロー ピッツァ ギャラリー,東京都台東区小島2-2-5 歌代ビル 1F,食べログ ピザ 百名店 2023,https://tabelog.com/tokyo/A1311/A131101/13269491/,https://www.google.com/maps/search/?api=1&query=%E3%83%95%E3%82%A1%E3%82%AB%E3%83%AD%E3%83%BC%20%E3%83%94%E3%83%83%E3%83%84%E3%82%A1%20%E3%82%AE%E3%83%A3%E3%83%A9%E3%83%AA%E3%83%BC%20%E6%9D%B1%E4%BA%AC%E9%83%BD%E5%8F%B0%E6%9D%B1%E5%8C%BA%E5%B0%8F%E5%B3%B62-2-5%20%E6%AD%8C%E4%BB%A3%E3%83%93%E3%83%AB%201F,2023,ピザ,pizza,発表日：2023年4月24日
ピッツェリアGG 鎌倉,神奈川県鎌倉市由比ガ浜2-9-62 1F,食べログ ピザ 百名店 2023,https://tabelog.com/kanagawa/A1404/A140402/14051790/,https://www.google.com/maps/search/?api=1&query=%E3%83%94%E3%83%83%E3%83%84%E3%82%A7%E3%83%AA%E3%82%A2GG%20%E9%8E%8C%E5%80%89%20%E7%A5%9E%E5%A5%88%E5%B7%9D%E7%9C%8C%E9%8E%8C%E5%80%89%E5%B8%82%E7%94%B1%E6%AF%94%E3%82%AC%E6%B5%9C2-9-62%201F,2023,ピザ,pizza,発表日：2023年4月24日
ピッツェリア アミーチ,茨城県つくば市手代木261-10,食べログ ピザ 百名店 2023,https://tabelog.com/ibaraki/A0802/A080201/8014912/,https://www.google.com/maps/search/?api=1&query=%E3%83%94%E3%83%83%E3%83%84%E3%82%A7%E3%83%AA%E3%82%A2%20%E3%82%A2%E3%83%9F%E3%83%BC%E3%83%81%20%E8%8C%A8%E5%9F%8E%E7%9C%8C%E3%81%A4%E3%81%8F%E3%81%B0%E5%B8%82%E6%89%8B%E4%BB%A3%E6%9C%A8261-10,2023,ピザ,pizza,発表日：2023年4月24日
ゑんぞ,東京都台東区浅草橋1-17-2,食べログ ピザ 百名店 2023,https://tabelog.com/tokyo/A1311/A131103/13141862/,https://www.google.com/maps/search/?api=1&query=%E3%82%91%E3%82%93%E3%81%9E%20%E6%9D%B1%E4%BA%AC%E9%83%BD%E5%8F%B0%E6%9D%B1%E5%8C%BA%E6%B5%85%E8%8D%89%E6%A9%8B1-17-2,2023,ピザ,pizza,発表日：2023年4月24日
ZUZU,東京都板橋区徳丸3-15-2,食べログ ピザ 百名店 2023,https://tabelog.com/tokyo/A1322/A132203/13169429/,https://www.google.com/maps/search/?api=1&query=ZUZU%20%E6%9D%B1%E4%BA%AC%E9%83%BD%E6%9D%BF%E6%A9%8B%E5%8C%BA%E5%BE%B3%E4%B8%B83-15-2,2023,ピザ,pizza,発表日：2023年4月24日
ピッツェリア・エ・バール・レガーメ,千葉県成田市公津の杜4-12 CO-Z東館Ｄ号 1F,食べログ ピザ 百名店 2023,https://tabelog.com/chiba/A1204/A120401/12030015/,https://www.google.com/maps/search/?api=1&query=%E3%83%94%E3%83%83%E3%83%84%E3%82%A7%E3%83%AA%E3%82%A2%E3%83%BB%E3%82%A8%E3%83%BB%E3%83%90%E3%83%BC%E3%83%AB%E3%83%BB%E3%83%AC%E3%82%AC%E3%83%BC%E3%83%A1%20%E5%8D%83%E8%91%89%E7%9C%8C%E6%88%90%E7%94%B0%E5%B8%82%E5%85%AC%E6%B4%A5%E3%81%AE%E6%9D%9C4-12%20CO-Z%E6%9D%B1%E9%A4%A8%EF%BC%A4%E5%8F%B7%201F,2023,ピザ,pizza,発表日：2023年4月24日
ピッツァ ケベロス 明治神宮前店,東京都渋谷区神宮前6-12-4 ヒダノビル 1F,食べログ ピザ 百名店 2023,https://tabelog.com/tokyo/A1306/A130601/13171079/,https://www.google.com/maps/search/?api=1&query=%E3%83%94%E3%83%83%E3%83%84%E3%82%A1%20%E3%82%B1%E3%83%99%E3%83%AD%E3%82%B9%20%E6%98%8E%E6%B2%BB%E7%A5%9E%E5%AE%AE%E5%89%8D%E5%BA%97%20%E6%9D%B1%E4%BA%AC%E9%83%BD%E6%B8%8B%E8%B0%B7%E5%8C%BA%E7%A5%9E%E5%AE%AE%E5%89%8D6-12-4%20%E3%83%92%E3%83%80%E3%83%8E%E3%83%93%E3%83%AB%201F,2023,ピザ,pizza,発表日：2023年4月24日
ベッラ・ナポリ,東京都江東区高橋9-3,食べログ ピザ 百名店 2023,https://tabelog.com/tokyo/A1312/A131201/13005043/,https://www.google.com/maps/search/?api=1&query=%E3%83%99%E3%83%83%E3%83%A9%E3%83%BB%E3%83%8A%E3%83%9D%E3%83%AA%20%E6%9D%B1%E4%BA%AC%E9%83%BD%E6%B1%9F%E6%9D%B1%E5%8C%BA%E9%AB%98%E6%A9%8B9-3,2023,ピザ,pizza,発表日：2023年4月24日
da GIORGIO,東京都文京区湯島3-37-14 ソルミオビル 1F 2F,食べログ ピザ 百名店 2023,https://tabelog.com/tokyo/A1311/A131101/13170979/,https://www.google.com/maps/search/?api=1&query=da%20GIORGIO%20%E6%9D%B1%E4%BA%AC%E9%83%BD%E6%96%87%E4%BA%AC%E5%8C%BA%E6%B9%AF%E5%B3%B63-37-14%20%E3%82%BD%E3%83%AB%E3%83%9F%E3%82%AA%E3%83%93%E3%83%AB%201F%202F,2023,ピザ,pizza,発表日：2023年4月24日
リンシエメ,東京都江東区亀戸1-31-7,食べログ ピザ 百名店 2023,https://tabelog.com/tokyo/A1312/A131202/13193917/,https://www.google.com/maps/search/?api=1&query=%E3%83%AA%E3%83%B3%E3%82%B7%E3%82%A8%E3%83%A1%20%E6%9D%B1%E4%BA%AC%E9%83%BD%E6%B1%9F%E6%9D%B1%E5%8C%BA%E4%BA%80%E6%88%B81-31-7,2023,ピザ,pizza,発表日：2023年4月24日
hectopascal,神奈川県横浜市旭区南本宿町39-3,食べログ ピザ 百名店 2023,https://tabelog.com/kanagawa/A1401/A140303/14085676/,https://www.google.com/maps/search/?api=1&query=hectopascal%20%E7%A5%9E%E5%A5%88%E5%B7%9D%E7%9C%8C%E6%A8%AA%E6%B5%9C%E5%B8%82%E6%97%AD%E5%8C%BA%E5%8D%97%E6%9C%AC%E5%AE%BF%E7%94%BA39-3,2023,ピザ,pizza,発表日：2023年4月24日
ザ ピッツァバー ON 38TH,東京都中央区日本橋室町2-1-1 マンダリンオリエンタル東京 38F,食べログ ピザ 百名店 2023,https://tabelog.com/tokyo/A1302/A130202/13167573/,https://www.google.com/maps/search/?api=1&query=%E3%82%B6%20%E3%83%94%E3%83%83%E3%83%84%E3%82%A1%E3%83%90%E3%83%BC%20ON%2038TH%20%E6%9D%B1%E4%BA%AC%E9%83%BD%E4%B8%AD%E5%A4%AE%E5%8C%BA%E6%97%A5%E6%9C%AC%E6%A9%8B%E5%AE%A4%E7%94%BA2-1-1%20%E3%83%9E%E3%83%B3%E3%83%80%E3%83%AA%E3%83%B3%E3%82%AA%E3%83%AA%E3%82%A8%E3%83%B3%E3%82%BF%E3%83%AB%E6%9D%B1%E4%BA%AC%2038F,2023,ピザ,pizza,発表日：2023年4月24日
高崎 芸術野菜とイタリアンピッツァ マーロ,群馬県高崎市中泉町123-2,食べログ ピザ 百名店 2023,https://tabelog.com/gunma/A1001/A100102/10013958/,https://www.google.com/maps/search/?api=1&query=%E9%AB%98%E5%B4%8E%20%E8%8A%B8%E8%A1%93%E9%87%8E%E8%8F%9C%E3%81%A8%E3%82%A4%E3%82%BF%E3%83%AA%E3%82%A2%E3%83%B3%E3%83%94%E3%83%83%E3%83%84%E3%82%A1%20%E3%83%9E%E3%83%BC%E3%83%AD%20%E7%BE%A4%E9%A6%AC%E7%9C%8C%E9%AB%98%E5%B4%8E%E5%B8%82%E4%B8%AD%E6%B3%89%E7%94%BA123-2,2023,ピザ,pizza,発表日：2023年4月24日
ピッツェリア　オオサキ 本店,埼玉県戸田市下戸田2-24-23,食べログ ピザ 百名店 2023,https://tabelog.com/saitama/A1102/A110202/11018647/,https://www.google.com/maps/search/?api=1&query=%E3%83%94%E3%83%83%E3%83%84%E3%82%A7%E3%83%AA%E3%82%A2%E3%80%80%E3%82%AA%E3%82%AA%E3%82%B5%E3%82%AD%20%E6%9C%AC%E5%BA%97%20%E5%9F%BC%E7%8E%89%E7%9C%8C%E6%88%B8%E7%94%B0%E5%B8%82%E4%B8%8B%E6%88%B8%E7%94%B02-24-23,2023,ピザ,pizza,発表日：2023年4月24日
丿貫 福富町本店,神奈川県横浜市中区福富町仲通2-4,食べログ ラーメン EAST 百名店 2023,https://tabelog.com/kanagawa/A1401/A140104/14062435/,https://www.google.com/maps/search/?api=1&query=%E4%B8%BF%E8%B2%AB%20%E7%A6%8F%E5%AF%8C%E7%94%BA%E6%9C%AC%E5%BA%97%20%E7%A5%9E%E5%A5%88%E5%B7%9D%E7%9C%8C%E6%A8%AA%E6%B5%9C%E5%B8%82%E4%B8%AD%E5%8C%BA%E7%A6%8F%E5%AF%8C%E7%94%BA%E4%BB%B2%E9%80%9A2-4,2023,ラーメン EAST,ramen_east,発表日：2023年12月5日
らーめん芝浜,群馬県桐生市相生町1-303-1,食べログ ラーメン EAST 百名店 2023,https://tabelog.com/gunma/A1002/A100201/10014488/,https://www.google.com/maps/search/?api=1&query=%E3%82%89%E3%83%BC%E3%82%81%E3%82%93%E8%8A%9D%E6%B5%9C%20%E7%BE%A4%E9%A6%AC%E7%9C%8C%E6%A1%90%E7%94%9F%E5%B8%82%E7%9B%B8%E7%94%9F%E7%94%BA1-303-1,2023,ラーメン EAST,ramen_east,発表日：2023年12月5日
麺処 秋もと,神奈川県-横浜市青葉区市ヶ尾町1157-1 アネックスショッピングビル 1F,食べログ ラーメン EAST 百名店 2023,https://tabelog.com/kanagawa/A1401/A140201/14086053/,https://www.google.com/maps/search/?api=1&query=%E9%BA%BA%E5%87%A6%20%E7%A7%8B%E3%82%82%E3%81%A8%20%E7%A5%9E%E5%A5%88%E5%B7%9D%E7%9C%8C-%E6%A8%AA%E6%B5%9C%E5%B8%82%E9%9D%92%E8%91%89%E5%8C%BA%E5%B8%82%E3%83%B6%E5%B0%BE%E7%94%BA1157-1%20%E3%82%A2%E3%83%8D%E3%83%83%E3%82%AF%E3%82%B9%E3%82%B7%E3%83%A7%E3%83%83%E3%83%94%E3%83%B3%E3%82%B0%E3%83%93%E3%83%AB%201F,2023,ラーメン EAST,ramen_east,発表日：2023年12月5日
うずとかみなり,神奈川県藤沢市鵠沼桜が岡3-5-7,食べログ ラーメン EAST 百名店 2023,https://tabelog.com/kanagawa/A1404/A140404/14086414/,https://www.google.com/maps/search/?api=1&query=%E3%81%86%E3%81%9A%E3%81%A8%E3%81%8B%E3%81%BF%E3%81%AA%E3%82%8A%20%E7%A5%9E%E5%A5%88%E5%B7%9D%E7%9C%8C%E8%97%A4%E6%B2%A2%E5%B8%82%E9%B5%A0%E6%B2%BC%E6%A1%9C%E3%81%8C%E5%B2%A13-5-7,2023,ラーメン EAST,ramen_east,発表日：2023年12月5日
中華そば 四つ葉,埼玉県比企郡川島町伊草298-20,食べログ ラーメン EAST 百名店 2023,https://tabelog.com/saitama/A1105/A110502/11034264/,https://www.google.com/maps/search/?api=1&query=%E4%B8%AD%E8%8F%AF%E3%81%9D%E3%81%B0%20%E5%9B%9B%E3%81%A4%E8%91%89%20%E5%9F%BC%E7%8E%89%E7%9C%8C%E6%AF%94%E4%BC%81%E9%83%A1%E5%B7%9D%E5%B3%B6%E7%94%BA%E4%BC%8A%E8%8D%89298-20,2023,ラーメン EAST,ramen_east,発表日：2023年12月5日
ラーメン二郎 中山駅前店,神奈川県横浜市緑区台村町309-1 土井ビル 1F,食べログ ラーメン EAST 百名店 2023,https://tabelog.com/kanagawa/A1401/A140207/14038422/,https://www.google.com/maps/search/?api=1&query=%E3%83%A9%E3%83%BC%E3%83%A1%E3%83%B3%E4%BA%8C%E9%83%8E%20%E4%B8%AD%E5%B1%B1%E9%A7%85%E5%89%8D%E5%BA%97%20%E7%A5%9E%E5%A5%88%E5%B7%9D%E7%9C%8C%E6%A8%AA%E6%B5%9C%E5%B8%82%E7%B7%91%E5%8C%BA%E5%8F%B0%E6%9D%91%E7%94%BA309-1%20%E5%9C%9F%E4%BA%95%E3%83%93%E3%83%AB%201F,2023,ラーメン EAST,ramen_east,発表日：2023年12月5日
中華ソバ 篤々,千葉県八千代市勝田台1-5-27,食べログ ラーメン EAST 百名店 2023,https://tabelog.com/chiba/A1202/A120204/12040080/,https://www.google.com/maps/search/?api=1&query=%E4%B8%AD%E8%8F%AF%E3%82%BD%E3%83%90%20%E7%AF%A4%E3%80%85%20%E5%8D%83%E8%91%89%E7%9C%8C%E5%85%AB%E5%8D%83%E4%BB%A3%E5%B8%82%E5%8B%9D%E7%94%B0%E5%8F%B01-5-27,2023,ラーメン EAST,ramen_east,発表日：2023年12月5日
中華蕎麦 とみ田,千葉県松戸市松戸1339 高橋ビル 1F,食べログ ラーメン EAST 百名店 2023,https://tabelog.com/chiba/A1203/A120302/12000422/,https://www.google.com/maps/search/?api=1&query=%E4%B8%AD%E8%8F%AF%E8%95%8E%E9%BA%A6%20%E3%81%A8%E3%81%BF%E7%94%B0%20%E5%8D%83%E8%91%89%E7%9C%8C%E6%9D%BE%E6%88%B8%E5%B8%82%E6%9D%BE%E6%88%B81339%20%E9%AB%98%E6%A9%8B%E3%83%93%E3%83%AB%201F,2023,ラーメン EAST,ramen_east,発表日：2023年12月5日
麺処 有彩,埼玉県川口市西川口1-8-5,食べログ ラーメン EAST 百名店 2023,https://tabelog.com/saitama/A1102/A110201/11038476/,https://www.google.com/maps/search/?api=1&query=%E9%BA%BA%E5%87%A6%20%E6%9C%89%E5%BD%A9%20%E5%9F%BC%E7%8E%89%E7%9C%8C%E5%B7%9D%E5%8F%A3%E5%B8%82%E8%A5%BF%E5%B7%9D%E5%8F%A31-8-5,2023,ラーメン EAST,ramen_east,発表日：2023年12月5日
和風楽麺 四代目 ひのでや,埼玉県蓮田市本町2-21 田中電機ビル 1F・2F,食べログ ラーメン EAST 百名店 2023,https://tabelog.com/saitama/A1104/A110402/11030891/,https://www.google.com/maps/search/?api=1&query=%E5%92%8C%E9%A2%A8%E6%A5%BD%E9%BA%BA%20%E5%9B%9B%E4%BB%A3%E7%9B%AE%20%E3%81%B2%E3%81%AE%E3%81%A7%E3%82%84%20%E5%9F%BC%E7%8E%89%E7%9C%8C%E8%93%AE%E7%94%B0%E5%B8%82%E6%9C%AC%E7%94%BA2-21%20%E7%94%B0%E4%B8%AD%E9%9B%BB%E6%A9%9F%E3%83%93%E3%83%AB%201F%E3%83%BB2F,2023,ラーメン EAST,ramen_east,発表日：2023年12月5日
くり山,神奈川県横浜市神奈川区六角橋1-17-29,食べログ ラーメン EAST 百名店 2023,https://tabelog.com/kanagawa/A1401/A140205/14012001/,https://www.google.com/maps/search/?api=1&query=%E3%81%8F%E3%82%8A%E5%B1%B1%20%E7%A5%9E%E5%A5%88%E5%B7%9D%E7%9C%8C%E6%A8%AA%E6%B5%9C%E5%B8%82%E7%A5%9E%E5%A5%88%E5%B7%9D%E5%8C%BA%E5%85%AD%E8%A7%92%E6%A9%8B1-17-29,2023,ラーメン EAST,ramen_east,発表日：2023年12月5日
ぜんや,埼玉県新座市野火止4-10-5,食べログ ラーメン EAST 百名店 2023,https://tabelog.com/saitama/A1103/A110301/11000014/,https://www.google.com/maps/search/?api=1&query=%E3%81%9C%E3%82%93%E3%82%84%20%E5%9F%BC%E7%8E%89%E7%9C%8C%E6%96%B0%E5%BA%A7%E5%B8%82%E9%87%8E%E7%81%AB%E6%AD%A24-10-5,2023,ラーメン EAST,ramen_east,発表日：2023年12月5日
Sagamihara 欅,神奈川県相模原市南区相南4-1-33,食べログ ラーメン EAST 百名店 2023,https://tabelog.com/kanagawa/A1407/A140701/14068944/,https://www.google.com/maps/search/?api=1&query=Sagamihara%20%E6%AC%85%20%E7%A5%9E%E5%A5%88%E5%B7%9D%E7%9C%8C%E7%9B%B8%E6%A8%A1%E5%8E%9F%E5%B8%82%E5%8D%97%E5%8C%BA%E7%9B%B8%E5%8D%974-1-33,2023,ラーメン EAST,ramen_east,発表日：2023年12月5日
らーめん 鶏喰,神奈川県横浜市南区吉野町4-20,食べログ ラーメン EAST 百名店 2023,https://tabelog.com/kanagawa/A1401/A140306/14048864/,https://www.google.com/maps/search/?api=1&query=%E3%82%89%E3%83%BC%E3%82%81%E3%82%93%20%E9%B6%8F%E5%96%B0%20%E7%A5%9E%E5%A5%88%E5%B7%9D%E7%9C%8C%E6%A8%AA%E6%B5%9C%E5%B8%82%E5%8D%97%E5%8C%BA%E5%90%89%E9%87%8E%E7%94%BA4-20,2023,ラーメン EAST,ramen_east,発表日：2023年12月5日
青竹手打ラーメン 日向屋,栃木県佐野市免鳥町548-7,食べログ ラーメン EAST 百名店 2023,https://tabelog.com/tochigi/A0902/A090202/9009352/,https://www.google.com/maps/search/?api=1&query=%E9%9D%92%E7%AB%B9%E6%89%8B%E6%89%93%E3%83%A9%E3%83%BC%E3%83%A1%E3%83%B3%20%E6%97%A5%E5%90%91%E5%B1%8B%20%E6%A0%83%E6%9C%A8%E7%9C%8C%E4%BD%90%E9%87%8E%E5%B8%82%E5%85%8D%E9%B3%A5%E7%94%BA548-7,2023,ラーメン EAST,ramen_east,発表日：2023年12月5日
らーめん いのうえ,神奈川県横浜市鶴見区矢向1-7-26,食べログ ラーメン EAST 百名店 2023,https://tabelog.com/kanagawa/A1401/A140210/14054147/,https://www.google.com/maps/search/?api=1&query=%E3%82%89%E3%83%BC%E3%82%81%E3%82%93%20%E3%81%84%E3%81%AE%E3%81%86%E3%81%88%20%E7%A5%9E%E5%A5%88%E5%B7%9D%E7%9C%8C%E6%A8%AA%E6%B5%9C%E5%B8%82%E9%B6%B4%E8%A6%8B%E5%8C%BA%E7%9F%A2%E5%90%911-7-26,2023,ラーメン EAST,ramen_east,発表日：2023年12月5日
煮干中華ソバ イチカワ,茨城県つくば市天久保2-9-2 A101,食べログ ラーメン EAST 百名店 2023,https://tabelog.com/ibaraki/A0802/A080201/8014295/,https://www.google.com/maps/search/?api=1&query=%E7%85%AE%E5%B9%B2%E4%B8%AD%E8%8F%AF%E3%82%BD%E3%83%90%20%E3%82%A4%E3%83%81%E3%82%AB%E3%83%AF%20%E8%8C%A8%E5%9F%8E%E7%9C%8C%E3%81%A4%E3%81%8F%E3%81%B0%E5%B8%82%E5%A4%A9%E4%B9%85%E4%BF%9D2-9-2%20A101,2023,ラーメン EAST,ramen_east,発表日：2023年12月5日
厚木本丸亭,神奈川県厚木市幸町4-10,食べログ ラーメン EAST 百名店 2023,https://tabelog.com/kanagawa/A1408/A140802/14000181/,https://www.google.com/maps/search/?api=1&query=%E5%8E%9A%E6%9C%A8%E6%9C%AC%E4%B8%B8%E4%BA%AD%20%E7%A5%9E%E5%A5%88%E5%B7%9D%E7%9C%8C%E5%8E%9A%E6%9C%A8%E5%B8%82%E5%B9%B8%E7%94%BA4-10,2023,ラーメン EAST,ramen_east,発表日：2023年12月5日
中華そば 麺や食堂 本店,神奈川県厚木市幸町9-6,食べログ ラーメン EAST 百名店 2023,https://tabelog.com/kanagawa/A1408/A140802/14001610/,https://www.google.com/maps/search/?api=1&query=%E4%B8%AD%E8%8F%AF%E3%81%9D%E3%81%B0%20%E9%BA%BA%E3%82%84%E9%A3%9F%E5%A0%82%20%E6%9C%AC%E5%BA%97%20%E7%A5%9E%E5%A5%88%E5%B7%9D%E7%9C%8C%E5%8E%9A%E6%9C%A8%E5%B8%82%E5%B9%B8%E7%94%BA9-6,2023,ラーメン EAST,ramen_east,発表日：2023年12月5日
寿々喜家 本店,神奈川県横浜市保土ケ谷区上星川2-3-1 1F,食べログ ラーメン EAST 百名店 2023,https://tabelog.com/kanagawa/A1401/A140302/14000063/,https://www.google.com/maps/search/?api=1&query=%E5%AF%BF%E3%80%85%E5%96%9C%E5%AE%B6%20%E6%9C%AC%E5%BA%97%20%E7%A5%9E%E5%A5%88%E5%B7%9D%E7%9C%8C%E6%A8%AA%E6%B5%9C%E5%B8%82%E4%BF%9D%E5%9C%9F%E3%82%B1%E8%B0%B7%E5%8C%BA%E4%B8%8A%E6%98%9F%E5%B7%9D2-3-1%201F,2023,ラーメン EAST,ramen_east,発表日：2023年12月5日
煮干乱舞,埼玉県春日部市大場1114-1,食べログ ラーメン EAST 百名店 2023,https://tabelog.com/saitama/A1102/A110204/11043059/,https://www.google.com/maps/search/?api=1&query=%E7%85%AE%E5%B9%B2%E4%B9%B1%E8%88%9E%20%E5%9F%BC%E7%8E%89%E7%9C%8C%E6%98%A5%E6%97%A5%E9%83%A8%E5%B8%82%E5%A4%A7%E5%A0%B41114-1,2023,ラーメン EAST,ramen_east,発表日：2023年12月5日
麺屋 ようすけ,栃木県佐野市田島町232,食べログ ラーメン EAST 百名店 2023,https://tabelog.com/tochigi/A0902/A090202/9012617/,https://www.google.com/maps/search/?api=1&query=%E9%BA%BA%E5%B1%8B%20%E3%82%88%E3%81%86%E3%81%99%E3%81%91%20%E6%A0%83%E6%9C%A8%E7%9C%8C%E4%BD%90%E9%87%8E%E5%B8%82%E7%94%B0%E5%B3%B6%E7%94%BA232,2023,ラーメン EAST,ramen_east,発表日：2023年12月5日
横浜中華そば 維新商店 本店,神奈川県横浜市西区北幸2-10-21 横浜太陽ビル 1F,食べログ ラーメン EAST 百名店 2023,https://tabelog.com/kanagawa/A1401/A140102/14051850/,https://www.google.com/maps/search/?api=1&query=%E6%A8%AA%E6%B5%9C%E4%B8%AD%E8%8F%AF%E3%81%9D%E3%81%B0%20%E7%B6%AD%E6%96%B0%E5%95%86%E5%BA%97%20%E6%9C%AC%E5%BA%97%20%E7%A5%9E%E5%A5%88%E5%B7%9D%E7%9C%8C%E6%A8%AA%E6%B5%9C%E5%B8%82%E8%A5%BF%E5%8C%BA%E5%8C%97%E5%B9%B82-10-21%20%E6%A8%AA%E6%B5%9C%E5%A4%AA%E9%99%BD%E3%83%93%E3%83%AB%201F,2023,ラーメン EAST,ramen_east,発表日：2023年12月5日
味処 むさし野,千葉県松戸市松戸新田133-4,食べログ ラーメン EAST 百名店 2023,https://tabelog.com/chiba/A1203/A120302/12000080/,https://www.google.com/maps/search/?api=1&query=%E5%91%B3%E5%87%A6%20%E3%82%80%E3%81%95%E3%81%97%E9%87%8E%20%E5%8D%83%E8%91%89%E7%9C%8C%E6%9D%BE%E6%88%B8%E5%B8%82%E6%9D%BE%E6%88%B8%E6%96%B0%E7%94%B0133-4,2023,ラーメン EAST,ramen_east,発表日：2023年12月5日
ラーメン 厚木家,神奈川県厚木市妻田東2-25-11,食べログ ラーメン EAST 百名店 2023,https://tabelog.com/kanagawa/A1408/A140802/14013886/,https://www.google.com/maps/search/?api=1&query=%E3%83%A9%E3%83%BC%E3%83%A1%E3%83%B3%20%E5%8E%9A%E6%9C%A8%E5%AE%B6%20%E7%A5%9E%E5%A5%88%E5%B7%9D%E7%9C%8C%E5%8E%9A%E6%9C%A8%E5%B8%82%E5%A6%BB%E7%94%B0%E6%9D%B12-25-11,2023,ラーメン EAST,ramen_east,発表日：2023年12月5日
狼煙 本店,埼玉県さいたま市北区東大成町1-544,食べログ ラーメン EAST 百名店 2023,https://tabelog.com/saitama/A1101/A110101/11004115/,https://www.google.com/maps/search/?api=1&query=%E7%8B%BC%E7%85%99%20%E6%9C%AC%E5%BA%97%20%E5%9F%BC%E7%8E%89%E7%9C%8C%E3%81%95%E3%81%84%E3%81%9F%E3%81%BE%E5%B8%82%E5%8C%97%E5%8C%BA%E6%9D%B1%E5%A4%A7%E6%88%90%E7%94%BA1-544,2023,ラーメン EAST,ramen_east,発表日：2023年12月5日
支那ソバ 小むろ,千葉県市川市末広1-18-13 SATOMI-4番館,食べログ ラーメン EAST 百名店 2023,https://tabelog.com/chiba/A1202/A120202/12035648/,https://www.google.com/maps/search/?api=1&query=%E6%94%AF%E9%82%A3%E3%82%BD%E3%83%90%20%E5%B0%8F%E3%82%80%E3%82%8D%20%E5%8D%83%E8%91%89%E7%9C%8C%E5%B8%82%E5%B7%9D%E5%B8%82%E6%9C%AB%E5%BA%831-18-13%20SATOMI-4%E7%95%AA%E9%A4%A8,2023,ラーメン EAST,ramen_east,発表日：2023年12月5日
支那そばや 本店,神奈川県横浜市戸塚区戸塚町4081-1,食べログ ラーメン EAST 百名店 2023,https://tabelog.com/kanagawa/A1401/A140305/14014445/,https://www.google.com/maps/search/?api=1&query=%E6%94%AF%E9%82%A3%E3%81%9D%E3%81%B0%E3%82%84%20%E6%9C%AC%E5%BA%97%20%E7%A5%9E%E5%A5%88%E5%B7%9D%E7%9C%8C%E6%A8%AA%E6%B5%9C%E5%B8%82%E6%88%B8%E5%A1%9A%E5%8C%BA%E6%88%B8%E5%A1%9A%E7%94%BA4081-1,2023,ラーメン EAST,ramen_east,発表日：2023年12月5日
ラーメン 末廣家,神奈川県横浜市神奈川区六角橋1-14-7,食べログ ラーメン EAST 百名店 2023,https://tabelog.com/kanagawa/A1401/A140205/14051496/,https://www.google.com/maps/search/?api=1&query=%E3%83%A9%E3%83%BC%E3%83%A1%E3%83%B3%20%E6%9C%AB%E5%BB%A3%E5%AE%B6%20%E7%A5%9E%E5%A5%88%E5%B7%9D%E7%9C%8C%E6%A8%AA%E6%B5%9C%E5%B8%82%E7%A5%9E%E5%A5%88%E5%B7%9D%E5%8C%BA%E5%85%AD%E8%A7%92%E6%A9%8B1-14-7,2023,ラーメン EAST,ramen_east,発表日：2023年12月5日
オランダ軒,埼玉県さいたま市岩槻区東岩槻6-1-4 1F,食べログ ラーメン EAST 百名店 2023,https://tabelog.com/saitama/A1101/A110103/11057845/,https://www.google.com/maps/search/?api=1&query=%E3%82%AA%E3%83%A9%E3%83%B3%E3%83%80%E8%BB%92%20%E5%9F%BC%E7%8E%89%E7%9C%8C%E3%81%95%E3%81%84%E3%81%9F%E3%81%BE%E5%B8%82%E5%B2%A9%E6%A7%BB%E5%8C%BA%E6%9D%B1%E5%B2%A9%E6%A7%BB6-1-4%201F,2023,ラーメン EAST,ramen_east,発表日：2023年12月5日
らーめん森や。,神奈川県横浜市栄区長沼町339 二本松ハイツ 105,食べログ ラーメン EAST 百名店 2023,https://tabelog.com/kanagawa/A1401/A140309/14055421/,https://www.google.com/maps/search/?api=1&query=%E3%82%89%E3%83%BC%E3%82%81%E3%82%93%E6%A3%AE%E3%82%84%E3%80%82%20%E7%A5%9E%E5%A5%88%E5%B7%9D%E7%9C%8C%E6%A8%AA%E6%B5%9C%E5%B8%82%E6%A0%84%E5%8C%BA%E9%95%B7%E6%B2%BC%E7%94%BA339%20%E4%BA%8C%E6%9C%AC%E6%9D%BE%E3%83%8F%E3%82%A4%E3%83%84%20105,2023,ラーメン EAST,ramen_east,発表日：2023年12月5日
ZUND-BAR,神奈川県厚木市七沢1954-7,食べログ ラーメン EAST 百名店 2023,https://tabelog.com/kanagawa/A1408/A140802/14000184/,https://www.google.com/maps/search/?api=1&query=ZUND-BAR%20%E7%A5%9E%E5%A5%88%E5%B7%9D%E7%9C%8C%E5%8E%9A%E6%9C%A8%E5%B8%82%E4%B8%83%E6%B2%A21954-7,2023,ラーメン EAST,ramen_east,発表日：2023年12月5日
中村麺三郎商店,神奈川県相模原市中央区淵野辺4-37-23,食べログ ラーメン EAST 百名店 2023,https://tabelog.com/kanagawa/A1407/A140701/14063423/,https://www.google.com/maps/search/?api=1&query=%E4%B8%AD%E6%9D%91%E9%BA%BA%E4%B8%89%E9%83%8E%E5%95%86%E5%BA%97%20%E7%A5%9E%E5%A5%88%E5%B7%9D%E7%9C%8C%E7%9B%B8%E6%A8%A1%E5%8E%9F%E5%B8%82%E4%B8%AD%E5%A4%AE%E5%8C%BA%E6%B7%B5%E9%87%8E%E8%BE%BA4-37-23,2023,ラーメン EAST,ramen_east,発表日：2023年12月5日
中華そば 深緑,埼玉県東松山市今泉297-11,食べログ ラーメン EAST 百名店 2023,https://tabelog.com/saitama/A1105/A110502/11053248/,https://www.google.com/maps/search/?api=1&query=%E4%B8%AD%E8%8F%AF%E3%81%9D%E3%81%B0%20%E6%B7%B1%E7%B7%91%20%E5%9F%BC%E7%8E%89%E7%9C%8C%E6%9D%B1%E6%9D%BE%E5%B1%B1%E5%B8%82%E4%BB%8A%E6%B3%89297-11,2023,ラーメン EAST,ramen_east,発表日：2023年12月5日
ラーメン星印,神奈川県横浜市神奈川区反町1-3-4 ルミノ反町 1F,食べログ ラーメン EAST 百名店 2023,https://tabelog.com/kanagawa/A1401/A140205/14054005/,https://www.google.com/maps/search/?api=1&query=%E3%83%A9%E3%83%BC%E3%83%A1%E3%83%B3%E6%98%9F%E5%8D%B0%20%E7%A5%9E%E5%A5%88%E5%B7%9D%E7%9C%8C%E6%A8%AA%E6%B5%9C%E5%B8%82%E7%A5%9E%E5%A5%88%E5%B7%9D%E5%8C%BA%E5%8F%8D%E7%94%BA1-3-4%20%E3%83%AB%E3%83%9F%E3%83%8E%E5%8F%8D%E7%94%BA%201F,2023,ラーメン EAST,ramen_east,発表日：2023年12月5日
らぁ麺 すぎ本,神奈川県横浜市青葉区桜台26-1 第3アサキビル 1F,食べログ ラーメン EAST 百名店 2023,https://tabelog.com/kanagawa/A1401/A140202/14080372/,https://www.google.com/maps/search/?api=1&query=%E3%82%89%E3%81%81%E9%BA%BA%20%E3%81%99%E3%81%8E%E6%9C%AC%20%E7%A5%9E%E5%A5%88%E5%B7%9D%E7%9C%8C%E6%A8%AA%E6%B5%9C%E5%B8%82%E9%9D%92%E8%91%89%E5%8C%BA%E6%A1%9C%E5%8F%B026-1%20%E7%AC%AC3%E3%82%A2%E3%82%B5%E3%82%AD%E3%83%93%E3%83%AB%201F,2023,ラーメン EAST,ramen_east,発表日：2023年12月5日
櫻井中華そば店,神奈川県横浜市保土ケ谷区岩井町53 稲村ビル 1F,食べログ ラーメン EAST 百名店 2023,https://tabelog.com/kanagawa/A1401/A140301/14068897/,https://www.google.com/maps/search/?api=1&query=%E6%AB%BB%E4%BA%95%E4%B8%AD%E8%8F%AF%E3%81%9D%E3%81%B0%E5%BA%97%20%E7%A5%9E%E5%A5%88%E5%B7%9D%E7%9C%8C%E6%A8%AA%E6%B5%9C%E5%B8%82%E4%BF%9D%E5%9C%9F%E3%82%B1%E8%B0%B7%E5%8C%BA%E5%B2%A9%E4%BA%95%E7%94%BA53%20%E7%A8%B2%E6%9D%91%E3%83%93%E3%83%AB%201F,2023,ラーメン EAST,ramen_east,発表日：2023年12月5日
豚星。,神奈川県川崎市中原区木月4-5-20 1F,食べログ ラーメン EAST 百名店 2023,https://tabelog.com/kanagawa/A1405/A140504/14058333/,https://www.google.com/maps/search/?api=1&query=%E8%B1%9A%E6%98%9F%E3%80%82%20%E7%A5%9E%E5%A5%88%E5%B7%9D%E7%9C%8C%E5%B7%9D%E5%B4%8E%E5%B8%82%E4%B8%AD%E5%8E%9F%E5%8C%BA%E6%9C%A8%E6%9C%884-5-20%201F,2023,ラーメン EAST,ramen_east,発表日：2023年12月5日
中華そば 笑歩,神奈川県横浜市港北区綱島西3-22-14,食べログ ラーメン EAST 百名店 2023,https://tabelog.com/kanagawa/A1401/A140204/14070233/,https://www.google.com/maps/search/?api=1&query=%E4%B8%AD%E8%8F%AF%E3%81%9D%E3%81%B0%20%E7%AC%91%E6%AD%A9%20%E7%A5%9E%E5%A5%88%E5%B7%9D%E7%9C%8C%E6%A8%AA%E6%B5%9C%E5%B8%82%E6%B8%AF%E5%8C%97%E5%8C%BA%E7%B6%B1%E5%B3%B6%E8%A5%BF3-22-14,2023,ラーメン EAST,ramen_east,発表日：2023年12月5日
ラーメン二郎 横浜関内店,神奈川県横浜市中区長者町6-94,食べログ ラーメン EAST 百名店 2023,https://tabelog.com/kanagawa/A1401/A140104/14001518/,https://www.google.com/maps/search/?api=1&query=%E3%83%A9%E3%83%BC%E3%83%A1%E3%83%B3%E4%BA%8C%E9%83%8E%20%E6%A8%AA%E6%B5%9C%E9%96%A2%E5%86%85%E5%BA%97%20%E7%A5%9E%E5%A5%88%E5%B7%9D%E7%9C%8C%E6%A8%AA%E6%B5%9C%E5%B8%82%E4%B8%AD%E5%8C%BA%E9%95%B7%E8%80%85%E7%94%BA6-94,2023,ラーメン EAST,ramen_east,発表日：2023年12月5日
日陰,神奈川県川崎市幸区南加瀬4-16-2,食べログ ラーメン EAST 百名店 2023,https://tabelog.com/kanagawa/A1405/A140503/14081996/,https://www.google.com/maps/search/?api=1&query=%E6%97%A5%E9%99%B0%20%E7%A5%9E%E5%A5%88%E5%B7%9D%E7%9C%8C%E5%B7%9D%E5%B4%8E%E5%B8%82%E5%B9%B8%E5%8C%BA%E5%8D%97%E5%8A%A0%E7%80%AC4-16-2,2023,ラーメン EAST,ramen_east,発表日：2023年12月5日
中華蕎麦 鳴神食堂,群馬県高崎市中泉町142-1,食べログ ラーメン EAST 百名店 2023,https://tabelog.com/gunma/A1001/A100102/10021905/,https://www.google.com/maps/search/?api=1&query=%E4%B8%AD%E8%8F%AF%E8%95%8E%E9%BA%A6%20%E9%B3%B4%E7%A5%9E%E9%A3%9F%E5%A0%82%20%E7%BE%A4%E9%A6%AC%E7%9C%8C%E9%AB%98%E5%B4%8E%E5%B8%82%E4%B8%AD%E6%B3%89%E7%94%BA142-1,2023,ラーメン EAST,ramen_east,発表日：2023年12月5日
中華そば専門 とんちぼ,埼玉県日高市栗坪26-46,食べログ ラーメン EAST 百名店 2023,https://tabelog.com/saitama/A1106/A110603/11045493/,https://www.google.com/maps/search/?api=1&query=%E4%B8%AD%E8%8F%AF%E3%81%9D%E3%81%B0%E5%B0%82%E9%96%80%20%E3%81%A8%E3%82%93%E3%81%A1%E3%81%BC%20%E5%9F%BC%E7%8E%89%E7%9C%8C%E6%97%A5%E9%AB%98%E5%B8%82%E6%A0%97%E5%9D%AA26-46,2023,ラーメン EAST,ramen_east,発表日：2023年12月5日
らーめん かねかつ,埼玉県さいたま市浦和区北浦和3-1-6,食べログ ラーメン EAST 百名店 2023,https://tabelog.com/saitama/A1101/A110102/11058235/,https://www.google.com/maps/search/?api=1&query=%E3%82%89%E3%83%BC%E3%82%81%E3%82%93%20%E3%81%8B%E3%81%AD%E3%81%8B%E3%81%A4%20%E5%9F%BC%E7%8E%89%E7%9C%8C%E3%81%95%E3%81%84%E3%81%9F%E3%81%BE%E5%B8%82%E6%B5%A6%E5%92%8C%E5%8C%BA%E5%8C%97%E6%B5%A6%E5%92%8C3-1-6,2023,ラーメン EAST,ramen_east,発表日：2023年12月5日
ラーメン 杉田家 千葉祐光店,千葉県千葉市中央区祐光4-17-7,食べログ ラーメン EAST 百名店 2023,https://tabelog.com/chiba/A1201/A120101/12025333/,https://www.google.com/maps/search/?api=1&query=%E3%83%A9%E3%83%BC%E3%83%A1%E3%83%B3%20%E6%9D%89%E7%94%B0%E5%AE%B6%20%E5%8D%83%E8%91%89%E7%A5%90%E5%85%89%E5%BA%97%20%E5%8D%83%E8%91%89%E7%9C%8C%E5%8D%83%E8%91%89%E5%B8%82%E4%B8%AD%E5%A4%AE%E5%8C%BA%E7%A5%90%E5%85%894-17-7,2023,ラーメン EAST,ramen_east,発表日：2023年12月5日
次念序,埼玉県鴻巣市滝馬室214-1,食べログ ラーメン EAST 百名店 2023,https://tabelog.com/saitama/A1104/A110401/11001881/,https://www.google.com/maps/search/?api=1&query=%E6%AC%A1%E5%BF%B5%E5%BA%8F%20%E5%9F%BC%E7%8E%89%E7%9C%8C%E9%B4%BB%E5%B7%A3%E5%B8%82%E6%BB%9D%E9%A6%AC%E5%AE%A4214-1,2023,ラーメン EAST,ramen_east,発表日：2023年12月5日
麺処 懐や,神奈川県川崎市宮前区鷺沼3-3-12,食べログ ラーメン EAST 百名店 2023,https://tabelog.com/kanagawa/A1405/A140507/14049709/,https://www.google.com/maps/search/?api=1&query=%E9%BA%BA%E5%87%A6%20%E6%87%90%E3%82%84%20%E7%A5%9E%E5%A5%88%E5%B7%9D%E7%9C%8C%E5%B7%9D%E5%B4%8E%E5%B8%82%E5%AE%AE%E5%89%8D%E5%8C%BA%E9%B7%BA%E6%B2%BC3-3-12,2023,ラーメン EAST,ramen_east,発表日：2023年12月5日
支那蕎麦屋 藤花,神奈川県横浜市都筑区池辺町4800-6,食べログ ラーメン EAST 百名店 2023,https://tabelog.com/kanagawa/A1401/A140207/14070248/,https://www.google.com/maps/search/?api=1&query=%E6%94%AF%E9%82%A3%E8%95%8E%E9%BA%A6%E5%B1%8B%20%E8%97%A4%E8%8A%B1%20%E7%A5%9E%E5%A5%88%E5%B7%9D%E7%9C%8C%E6%A8%AA%E6%B5%9C%E5%B8%82%E9%83%BD%E7%AD%91%E5%8C%BA%E6%B1%A0%E8%BE%BA%E7%94%BA4800-6,2023,ラーメン EAST,ramen_east,発表日：2023年12月5日
食煅 もみじ,埼玉県久喜市樋ノ口584-4,食べログ ラーメン EAST 百名店 2023,https://tabelog.com/saitama/A1104/A110402/11050143/,https://www.google.com/maps/search/?api=1&query=%E9%A3%9F%E7%85%85%20%E3%82%82%E3%81%BF%E3%81%98%20%E5%9F%BC%E7%8E%89%E7%9C%8C%E4%B9%85%E5%96%9C%E5%B8%82%E6%A8%8B%E3%83%8E%E5%8F%A3584-4,2023,ラーメン EAST,ramen_east,発表日：2023年12月5日
ラーメン フリーバーズ,神奈川県横浜市栄区桂町181-12,食べログ ラーメン EAST 百名店 2023,https://tabelog.com/kanagawa/A1401/A140309/14072025/,https://www.google.com/maps/search/?api=1&query=%E3%83%A9%E3%83%BC%E3%83%A1%E3%83%B3%20%E3%83%95%E3%83%AA%E3%83%BC%E3%83%90%E3%83%BC%E3%82%BA%20%E7%A5%9E%E5%A5%88%E5%B7%9D%E7%9C%8C%E6%A8%AA%E6%B5%9C%E5%B8%82%E6%A0%84%E5%8C%BA%E6%A1%82%E7%94%BA181-12,2023,ラーメン EAST,ramen_east,発表日：2023年12月5日
寿製麺 よしかわ 川越店,埼玉県川越市今福1738-14,食べログ ラーメン EAST 百名店 2023,https://tabelog.com/saitama/A1103/A110303/11040851/,https://www.google.com/maps/search/?api=1&query=%E5%AF%BF%E8%A3%BD%E9%BA%BA%20%E3%82%88%E3%81%97%E3%81%8B%E3%82%8F%20%E5%B7%9D%E8%B6%8A%E5%BA%97%20%E5%9F%BC%E7%8E%89%E7%9C%8C%E5%B7%9D%E8%B6%8A%E5%B8%82%E4%BB%8A%E7%A6%8F1738-14,2023,ラーメン EAST,ramen_east,発表日：2023年12月5日
中華そば 髙野,神奈川県横浜市神奈川区大口通135-11,食べログ ラーメン EAST 百名店 2023,https://tabelog.com/kanagawa/A1401/A140211/14071663/,https://www.google.com/maps/search/?api=1&query=%E4%B8%AD%E8%8F%AF%E3%81%9D%E3%81%B0%20%E9%AB%99%E9%87%8E%20%E7%A5%9E%E5%A5%88%E5%B7%9D%E7%9C%8C%E6%A8%AA%E6%B5%9C%E5%B8%82%E7%A5%9E%E5%A5%88%E5%B7%9D%E5%8C%BA%E5%A4%A7%E5%8F%A3%E9%80%9A135-11,2023,ラーメン EAST,ramen_east,発表日：2023年12月5日
濃麺 海月,千葉県千葉市中央区要町1-4,食べログ ラーメン EAST 百名店 2023,https://tabelog.com/chiba/A1201/A120101/12033982/,https://www.google.com/maps/search/?api=1&query=%E6%BF%83%E9%BA%BA%20%E6%B5%B7%E6%9C%88%20%E5%8D%83%E8%91%89%E7%9C%8C%E5%8D%83%E8%91%89%E5%B8%82%E4%B8%AD%E5%A4%AE%E5%8C%BA%E8%A6%81%E7%94%BA1-4,2023,ラーメン EAST,ramen_east,発表日：2023年12月5日
はりけんラーメン 本店,茨城県つくば市栗原2857-8,食べログ ラーメン EAST 百名店 2023,https://tabelog.com/ibaraki/A0802/A080201/8012178/,https://www.google.com/maps/search/?api=1&query=%E3%81%AF%E3%82%8A%E3%81%91%E3%82%93%E3%83%A9%E3%83%BC%E3%83%A1%E3%83%B3%20%E6%9C%AC%E5%BA%97%20%E8%8C%A8%E5%9F%8E%E7%9C%8C%E3%81%A4%E3%81%8F%E3%81%B0%E5%B8%82%E6%A0%97%E5%8E%9F2857-8,2023,ラーメン EAST,ramen_east,発表日：2023年12月5日
中華そば よしかわ 上尾店,埼玉県上尾市南97-5,食べログ ラーメン EAST 百名店 2023,https://tabelog.com/saitama/A1104/A110401/11036997/,https://www.google.com/maps/search/?api=1&query=%E4%B8%AD%E8%8F%AF%E3%81%9D%E3%81%B0%20%E3%82%88%E3%81%97%E3%81%8B%E3%82%8F%20%E4%B8%8A%E5%B0%BE%E5%BA%97%20%E5%9F%BC%E7%8E%89%E7%9C%8C%E4%B8%8A%E5%B0%BE%E5%B8%82%E5%8D%9797-5,2023,ラーメン EAST,ramen_east,発表日：2023年12月5日
流星軒,神奈川県横浜市南区日枝町4-97-2,食べログ ラーメン EAST 百名店 2023,https://tabelog.com/kanagawa/A1401/A140306/14000569/,https://www.google.com/maps/search/?api=1&query=%E6%B5%81%E6%98%9F%E8%BB%92%20%E7%A5%9E%E5%A5%88%E5%B7%9D%E7%9C%8C%E6%A8%AA%E6%B5%9C%E5%B8%82%E5%8D%97%E5%8C%BA%E6%97%A5%E6%9E%9D%E7%94%BA4-97-2,2023,ラーメン EAST,ramen_east,発表日：2023年12月5日
うまいヨゆうちゃんラーメン,神奈川県大和市上草柳3-15-15,食べログ ラーメン EAST 百名店 2023,https://tabelog.com/kanagawa/A1407/A140702/14057313/,https://www.google.com/maps/search/?api=1&query=%E3%81%86%E3%81%BE%E3%81%84%E3%83%A8%E3%82%86%E3%81%86%E3%81%A1%E3%82%83%E3%82%93%E3%83%A9%E3%83%BC%E3%83%A1%E3%83%B3%20%E7%A5%9E%E5%A5%88%E5%B7%9D%E7%9C%8C%E5%A4%A7%E5%92%8C%E5%B8%82%E4%B8%8A%E8%8D%89%E6%9F%B33-15-15,2023,ラーメン EAST,ramen_east,発表日：2023年12月5日
豚骨醤油ラーメン 王道家 柏店,千葉県柏市明原1-7-26,食べログ ラーメン EAST 百名店 2023,https://tabelog.com/chiba/A1203/A120301/12047768/,https://www.google.com/maps/search/?api=1&query=%E8%B1%9A%E9%AA%A8%E9%86%A4%E6%B2%B9%E3%83%A9%E3%83%BC%E3%83%A1%E3%83%B3%20%E7%8E%8B%E9%81%93%E5%AE%B6%20%E6%9F%8F%E5%BA%97%20%E5%8D%83%E8%91%89%E7%9C%8C%E6%9F%8F%E5%B8%82%E6%98%8E%E5%8E%9F1-7-26,2023,ラーメン EAST,ramen_east,発表日：2023年12月5日
貝ガラ屋,神奈川県相模原市中央区淵野辺本町3-24-3 マンション色利 101,食べログ ラーメン EAST 百名店 2023,https://tabelog.com/kanagawa/A1407/A140701/14056997/,https://www.google.com/maps/search/?api=1&query=%E8%B2%9D%E3%82%AC%E3%83%A9%E5%B1%8B%20%E7%A5%9E%E5%A5%88%E5%B7%9D%E7%9C%8C%E7%9B%B8%E6%A8%A1%E5%8E%9F%E5%B8%82%E4%B8%AD%E5%A4%AE%E5%8C%BA%E6%B7%B5%E9%87%8E%E8%BE%BA%E6%9C%AC%E7%94%BA3-24-3%20%E3%83%9E%E3%83%B3%E3%82%B7%E3%83%A7%E3%83%B3%E8%89%B2%E5%88%A9%20101,2023,ラーメン EAST,ramen_east,発表日：2023年12月5日
ラーメン 郷,神奈川県大和市鶴間2-12-32,食べログ ラーメン EAST 百名店 2023,https://tabelog.com/kanagawa/A1407/A140702/14088100/,https://www.google.com/maps/search/?api=1&query=%E3%83%A9%E3%83%BC%E3%83%A1%E3%83%B3%20%E9%83%B7%20%E7%A5%9E%E5%A5%88%E5%B7%9D%E7%9C%8C%E5%A4%A7%E5%92%8C%E5%B8%82%E9%B6%B4%E9%96%932-12-32,2023,ラーメン EAST,ramen_east,発表日：2023年12月5日
家系ラーメン とらきち家,神奈川県横浜市神奈川区西神奈川3-1-1,食べログ ラーメン EAST 百名店 2023,https://tabelog.com/kanagawa/A1401/A140205/14053454/,https://www.google.com/maps/search/?api=1&query=%E5%AE%B6%E7%B3%BB%E3%83%A9%E3%83%BC%E3%83%A1%E3%83%B3%20%E3%81%A8%E3%82%89%E3%81%8D%E3%81%A1%E5%AE%B6%20%E7%A5%9E%E5%A5%88%E5%B7%9D%E7%9C%8C%E6%A8%AA%E6%B5%9C%E5%B8%82%E7%A5%9E%E5%A5%88%E5%B7%9D%E5%8C%BA%E8%A5%BF%E7%A5%9E%E5%A5%88%E5%B7%9D3-1-1,2023,ラーメン EAST,ramen_east,発表日：2023年12月5日
飯田商店,神奈川県足柄下郡湯河原町土肥2-12-14,食べログ ラーメン EAST 百名店 2023,https://tabelog.com/kanagawa/A1410/A141002/14038776/,https://www.google.com/maps/search/?api=1&query=%E9%A3%AF%E7%94%B0%E5%95%86%E5%BA%97%20%E7%A5%9E%E5%A5%88%E5%B7%9D%E7%9C%8C%E8%B6%B3%E6%9F%84%E4%B8%8B%E9%83%A1%E6%B9%AF%E6%B2%B3%E5%8E%9F%E7%94%BA%E5%9C%9F%E8%82%A52-12-14,2023,ラーメン EAST,ramen_east,発表日：2023年12月5日
啜磨専科,神奈川県横浜市港南区上大岡西2-14-15,食べログ ラーメン EAST 百名店 2023,https://tabelog.com/kanagawa/A1401/A140307/14043755/,https://www.google.com/maps/search/?api=1&query=%E5%95%9C%E7%A3%A8%E5%B0%82%E7%A7%91%20%E7%A5%9E%E5%A5%88%E5%B7%9D%E7%9C%8C%E6%A8%AA%E6%B5%9C%E5%B8%82%E6%B8%AF%E5%8D%97%E5%8C%BA%E4%B8%8A%E5%A4%A7%E5%B2%A1%E8%A5%BF2-14-15,2023,ラーメン EAST,ramen_east,発表日：2023年12月5日
らぁめん鴇,神奈川県藤沢市藤沢1034,食べログ ラーメン EAST 百名店 2023,https://tabelog.com/kanagawa/A1404/A140404/14059192/,https://www.google.com/maps/search/?api=1&query=%E3%82%89%E3%81%81%E3%82%81%E3%82%93%E9%B4%87%20%E7%A5%9E%E5%A5%88%E5%B7%9D%E7%9C%8C%E8%97%A4%E6%B2%A2%E5%B8%82%E8%97%A4%E6%B2%A21034,2023,ラーメン EAST,ramen_east,発表日：2023年12月5日
とら食堂 松戸分店,千葉県松戸市紙敷1-8-6,食べログ ラーメン EAST 百名店 2023,https://tabelog.com/chiba/A1203/A120302/12026940/,https://www.google.com/maps/search/?api=1&query=%E3%81%A8%E3%82%89%E9%A3%9F%E5%A0%82%20%E6%9D%BE%E6%88%B8%E5%88%86%E5%BA%97%20%E5%8D%83%E8%91%89%E7%9C%8C%E6%9D%BE%E6%88%B8%E5%B8%82%E7%B4%99%E6%95%B71-8-6,2023,ラーメン EAST,ramen_east,発表日：2023年12月5日
中華蕎麦 時雨 伊勢佐木長者町本店,神奈川県横浜市中区不老町2-10-5 三陣ビル 1F,食べログ ラーメン EAST 百名店 2023,https://tabelog.com/kanagawa/A1401/A140104/14067138/,https://www.google.com/maps/search/?api=1&query=%E4%B8%AD%E8%8F%AF%E8%95%8E%E9%BA%A6%20%E6%99%82%E9%9B%A8%20%E4%BC%8A%E5%8B%A2%E4%BD%90%E6%9C%A8%E9%95%B7%E8%80%85%E7%94%BA%E6%9C%AC%E5%BA%97%20%E7%A5%9E%E5%A5%88%E5%B7%9D%E7%9C%8C%E6%A8%AA%E6%B5%9C%E5%B8%82%E4%B8%AD%E5%8C%BA%E4%B8%8D%E8%80%81%E7%94%BA2-10-5%20%E4%B8%89%E9%99%A3%E3%83%93%E3%83%AB%201F,2023,ラーメン EAST,ramen_east,発表日：2023年12月5日
らぁめん夢,神奈川県横浜市神奈川区二ツ谷町1-21,食べログ ラーメン EAST 百名店 2023,https://tabelog.com/kanagawa/A1401/A140212/14053385/,https://www.google.com/maps/search/?api=1&query=%E3%82%89%E3%81%81%E3%82%81%E3%82%93%E5%A4%A2%20%E7%A5%9E%E5%A5%88%E5%B7%9D%E7%9C%8C%E6%A8%AA%E6%B5%9C%E5%B8%82%E7%A5%9E%E5%A5%88%E5%B7%9D%E5%8C%BA%E4%BA%8C%E3%83%84%E8%B0%B7%E7%94%BA1-21,2023,ラーメン EAST,ramen_east,発表日：2023年12月5日
ラーメン 環2家,神奈川県横浜市港南区下永谷3-3-21,食べログ ラーメン EAST 百名店 2023,https://tabelog.com/kanagawa/A1401/A140307/14000161/,https://www.google.com/maps/search/?api=1&query=%E3%83%A9%E3%83%BC%E3%83%A1%E3%83%B3%20%E7%92%B02%E5%AE%B6%20%E7%A5%9E%E5%A5%88%E5%B7%9D%E7%9C%8C%E6%A8%AA%E6%B5%9C%E5%B8%82%E6%B8%AF%E5%8D%97%E5%8C%BA%E4%B8%8B%E6%B0%B8%E8%B0%B73-3-21,2023,ラーメン EAST,ramen_east,発表日：2023年12月5日
兎に角 松戸本店,千葉県松戸市根本462 比嘉ビル　1F,食べログ ラーメン EAST 百名店 2023,https://tabelog.com/chiba/A1203/A120302/12001198/,https://www.google.com/maps/search/?api=1&query=%E5%85%8E%E3%81%AB%E8%A7%92%20%E6%9D%BE%E6%88%B8%E6%9C%AC%E5%BA%97%20%E5%8D%83%E8%91%89%E7%9C%8C%E6%9D%BE%E6%88%B8%E5%B8%82%E6%A0%B9%E6%9C%AC462%20%E6%AF%94%E5%98%89%E3%83%93%E3%83%AB%E3%80%801F,2023,ラーメン EAST,ramen_east,発表日：2023年12月5日
頑者 本店,埼玉県川越市新富町1-1-8,食べログ ラーメン EAST 百名店 2023,https://tabelog.com/saitama/A1103/A110303/11000150/,https://www.google.com/maps/search/?api=1&query=%E9%A0%91%E8%80%85%20%E6%9C%AC%E5%BA%97%20%E5%9F%BC%E7%8E%89%E7%9C%8C%E5%B7%9D%E8%B6%8A%E5%B8%82%E6%96%B0%E5%AF%8C%E7%94%BA1-1-8,2023,ラーメン EAST,ramen_east,発表日：2023年12月5日
自家製手もみ麺 鈴ノ木,埼玉県所沢市狭山ヶ丘1-3003-83,食べログ ラーメン EAST 百名店 2023,https://tabelog.com/saitama/A1106/A110601/11048539/,https://www.google.com/maps/search/?api=1&query=%E8%87%AA%E5%AE%B6%E8%A3%BD%E6%89%8B%E3%82%82%E3%81%BF%E9%BA%BA%20%E9%88%B4%E3%83%8E%E6%9C%A8%20%E5%9F%BC%E7%8E%89%E7%9C%8C%E6%89%80%E6%B2%A2%E5%B8%82%E7%8B%AD%E5%B1%B1%E3%83%B6%E4%B8%981-3003-83,2023,ラーメン EAST,ramen_east,発表日：2023年12月5日
ラーメン 杉田家 本店,神奈川県横浜市磯子区新杉田町3-5,食べログ ラーメン EAST 百名店 2023,https://tabelog.com/kanagawa/A1401/A140308/14000917/,https://www.google.com/maps/search/?api=1&query=%E3%83%A9%E3%83%BC%E3%83%A1%E3%83%B3%20%E6%9D%89%E7%94%B0%E5%AE%B6%20%E6%9C%AC%E5%BA%97%20%E7%A5%9E%E5%A5%88%E5%B7%9D%E7%9C%8C%E6%A8%AA%E6%B5%9C%E5%B8%82%E7%A3%AF%E5%AD%90%E5%8C%BA%E6%96%B0%E6%9D%89%E7%94%B0%E7%94%BA3-5,2023,ラーメン EAST,ramen_east,発表日：2023年12月5日
らぁ麺やまぐち,東京都新宿区西早稲田3-13-4 1F,食べログ ラーメン TOKYO 百名店 2023,https://tabelog.com/tokyo/A1305/A130504/13151200/,https://www.google.com/maps/search/?api=1&query=%E3%82%89%E3%81%81%E9%BA%BA%E3%82%84%E3%81%BE%E3%81%90%E3%81%A1%20%E6%9D%B1%E4%BA%AC%E9%83%BD%E6%96%B0%E5%AE%BF%E5%8C%BA%E8%A5%BF%E6%97%A9%E7%A8%B2%E7%94%B03-13-4%201F,2023,ラーメン TOKYO,ramen_tokyo,発表日：2023年12月5日
ジャパニーズ ラーメン 五感,東京都豊島区東池袋2-57-2 コスモ東池袋 101,食べログ ラーメン TOKYO 百名店 2023,https://tabelog.com/tokyo/A1305/A130501/13284009/,https://www.google.com/maps/search/?api=1&query=%E3%82%B8%E3%83%A3%E3%83%91%E3%83%8B%E3%83%BC%E3%82%BA%20%E3%83%A9%E3%83%BC%E3%83%A1%E3%83%B3%20%E4%BA%94%E6%84%9F%20%E6%9D%B1%E4%BA%AC%E9%83%BD%E8%B1%8A%E5%B3%B6%E5%8C%BA%E6%9D%B1%E6%B1%A0%E8%A2%8B2-57-2%20%E3%82%B3%E3%82%B9%E3%83%A2%E6%9D%B1%E6%B1%A0%E8%A2%8B%20101,2023,ラーメン TOKYO,ramen_tokyo,発表日：2023年12月5日
らーめん亭 ひなり竜王,東京都大田区大森中2-14-17,食べログ ラーメン TOKYO 百名店 2023,https://tabelog.com/tokyo/A1315/A131503/13276299/,https://www.google.com/maps/search/?api=1&query=%E3%82%89%E3%83%BC%E3%82%81%E3%82%93%E4%BA%AD%20%E3%81%B2%E3%81%AA%E3%82%8A%E7%AB%9C%E7%8E%8B%20%E6%9D%B1%E4%BA%AC%E9%83%BD%E5%A4%A7%E7%94%B0%E5%8C%BA%E5%A4%A7%E6%A3%AE%E4%B8%AD2-14-17,2023,ラーメン TOKYO,ramen_tokyo,発表日：2023年12月5日
中華そば 和渦 TOKYO,東京都品川区北品川3-2-1 MTM STUDIO 2F,食べログ ラーメン TOKYO 百名店 2023,https://tabelog.com/tokyo/A1314/A131405/13233678/,https://www.google.com/maps/search/?api=1&query=%E4%B8%AD%E8%8F%AF%E3%81%9D%E3%81%B0%20%E5%92%8C%E6%B8%A6%20TOKYO%20%E6%9D%B1%E4%BA%AC%E9%83%BD%E5%93%81%E5%B7%9D%E5%8C%BA%E5%8C%97%E5%93%81%E5%B7%9D3-2-1%20MTM%20STUDIO%202F,2023,ラーメン TOKYO,ramen_tokyo,発表日：2023年12月5日
鴨中華そば 楓,東京都八王子市明神町3-24-12 フィシオ京王八王子 1F,食べログ ラーメン TOKYO 百名店 2023,https://tabelog.com/tokyo/A1329/A132904/13261010/,https://www.google.com/maps/search/?api=1&query=%E9%B4%A8%E4%B8%AD%E8%8F%AF%E3%81%9D%E3%81%B0%20%E6%A5%93%20%E6%9D%B1%E4%BA%AC%E9%83%BD%E5%85%AB%E7%8E%8B%E5%AD%90%E5%B8%82%E6%98%8E%E7%A5%9E%E7%94%BA3-24-12%20%E3%83%95%E3%82%A3%E3%82%B7%E3%82%AA%E4%BA%AC%E7%8E%8B%E5%85%AB%E7%8E%8B%E5%AD%90%201F,2023,ラーメン TOKYO,ramen_tokyo,発表日：2023年12月5日
Japanese Soba Noodles 蔦,東京都渋谷区西原3-2-4 フロンティア代々木上原 B1F,食べログ ラーメン TOKYO 百名店 2023,https://tabelog.com/tokyo/A1318/A131811/13241560/,https://www.google.com/maps/search/?api=1&query=Japanese%20Soba%20Noodles%20%E8%94%A6%20%E6%9D%B1%E4%BA%AC%E9%83%BD%E6%B8%8B%E8%B0%B7%E5%8C%BA%E8%A5%BF%E5%8E%9F3-2-4%20%E3%83%95%E3%83%AD%E3%83%B3%E3%83%86%E3%82%A3%E3%82%A2%E4%BB%A3%E3%80%85%E6%9C%A8%E4%B8%8A%E5%8E%9F%20B1F,2023,ラーメン TOKYO,ramen_tokyo,発表日：2023年12月5日
らぁめん 山と樹,東京都杉並区高円寺南5-21-7 高円寺マンション 107,食べログ ラーメン TOKYO 百名店 2023,https://tabelog.com/tokyo/A1319/A131904/13204607/,https://www.google.com/maps/search/?api=1&query=%E3%82%89%E3%81%81%E3%82%81%E3%82%93%20%E5%B1%B1%E3%81%A8%E6%A8%B9%20%E6%9D%B1%E4%BA%AC%E9%83%BD%E6%9D%89%E4%B8%A6%E5%8C%BA%E9%AB%98%E5%86%86%E5%AF%BA%E5%8D%975-21-7%20%E9%AB%98%E5%86%86%E5%AF%BA%E3%83%9E%E3%83%B3%E3%82%B7%E3%83%A7%E3%83%B3%20107,2023,ラーメン TOKYO,ramen_tokyo,発表日：2023年12月5日
らぁめん 葉月,東京都大田区雪谷大塚町11-8,食べログ ラーメン TOKYO 百名店 2023,https://tabelog.com/tokyo/A1317/A131714/13008248/,https://www.google.com/maps/search/?api=1&query=%E3%82%89%E3%81%81%E3%82%81%E3%82%93%20%E8%91%89%E6%9C%88%20%E6%9D%B1%E4%BA%AC%E9%83%BD%E5%A4%A7%E7%94%B0%E5%8C%BA%E9%9B%AA%E8%B0%B7%E5%A4%A7%E5%A1%9A%E7%94%BA11-8,2023,ラーメン TOKYO,ramen_tokyo,発表日：2023年12月5日
Ramen Break Beats,東京都目黒区目黒4-21-19 アイビーハイツ 1F,食べログ ラーメン TOKYO 百名店 2023,https://tabelog.com/tokyo/A1317/A131701/13267329/,https://www.google.com/maps/search/?api=1&query=Ramen%20Break%20Beats%20%E6%9D%B1%E4%BA%AC%E9%83%BD%E7%9B%AE%E9%BB%92%E5%8C%BA%E7%9B%AE%E9%BB%924-21-19%20%E3%82%A2%E3%82%A4%E3%83%93%E3%83%BC%E3%83%8F%E3%82%A4%E3%83%84%201F,2023,ラーメン TOKYO,ramen_tokyo,発表日：2023年12月5日
六厘舎 東京駅東京ラーメンストリート,東京都千代田区丸の内1-9-1 東京駅一番街 B1F 東京ラーメンストリート内,食べログ ラーメン TOKYO 百名店 2023,https://tabelog.com/tokyo/A1302/A130201/13093047/,https://www.google.com/maps/search/?api=1&query=%E5%85%AD%E5%8E%98%E8%88%8E%20%E6%9D%B1%E4%BA%AC%E9%A7%85%E6%9D%B1%E4%BA%AC%E3%83%A9%E3%83%BC%E3%83%A1%E3%83%B3%E3%82%B9%E3%83%88%E3%83%AA%E3%83%BC%E3%83%88%20%E6%9D%B1%E4%BA%AC%E9%83%BD%E5%8D%83%E4%BB%A3%E7%94%B0%E5%8C%BA%E4%B8%B8%E3%81%AE%E5%86%851-9-1%20%E6%9D%B1%E4%BA%AC%E9%A7%85%E4%B8%80%E7%95%AA%E8%A1%97%20B1F%20%E6%9D%B1%E4%BA%AC%E3%83%A9%E3%83%BC%E3%83%A1%E3%83%B3%E3%82%B9%E3%83%88%E3%83%AA%E3%83%BC%E3%83%88%E5%86%85,2023,ラーメン TOKYO,ramen_tokyo,発表日：2023年12月5日
there is ramen,東京都杉並区天沼3-10-16,食べログ ラーメン TOKYO 百名店 2023,https://tabelog.com/tokyo/A1319/A131906/13277729/,https://www.google.com/maps/search/?api=1&query=there%20is%20ramen%20%E6%9D%B1%E4%BA%AC%E9%83%BD%E6%9D%89%E4%B8%A6%E5%8C%BA%E5%A4%A9%E6%B2%BC3-10-16,2023,ラーメン TOKYO,ramen_tokyo,発表日：2023年12月5日
メヂカそば 吟魚,東京都日野市石田2-9-1,食べログ ラーメン TOKYO 百名店 2023,https://tabelog.com/tokyo/A1329/A132903/13272366/,https://www.google.com/maps/search/?api=1&query=%E3%83%A1%E3%83%82%E3%82%AB%E3%81%9D%E3%81%B0%20%E5%90%9F%E9%AD%9A%20%E6%9D%B1%E4%BA%AC%E9%83%BD%E6%97%A5%E9%87%8E%E5%B8%82%E7%9F%B3%E7%94%B02-9-1,2023,ラーメン TOKYO,ramen_tokyo,発表日：2023年12月5日
宍道湖しじみ中華蕎麦 琥珀 東京本店,東京都大田区西六郷2-1-3,食べログ ラーメン TOKYO 百名店 2023,https://tabelog.com/tokyo/A1315/A131503/13234195/,https://www.google.com/maps/search/?api=1&query=%E5%AE%8D%E9%81%93%E6%B9%96%E3%81%97%E3%81%98%E3%81%BF%E4%B8%AD%E8%8F%AF%E8%95%8E%E9%BA%A6%20%E7%90%A5%E7%8F%80%20%E6%9D%B1%E4%BA%AC%E6%9C%AC%E5%BA%97%20%E6%9D%B1%E4%BA%AC%E9%83%BD%E5%A4%A7%E7%94%B0%E5%8C%BA%E8%A5%BF%E5%85%AD%E9%83%B72-1-3,2023,ラーメン TOKYO,ramen_tokyo,発表日：2023年12月5日
そらのいろ麹町本舗,東京都千代田区平河町1-3-10 ブルービル本館1B,食べログ ラーメン TOKYO 百名店 2023,https://tabelog.com/tokyo/A1308/A130803/13126816/,https://www.google.com/maps/search/?api=1&query=%E3%81%9D%E3%82%89%E3%81%AE%E3%81%84%E3%82%8D%E9%BA%B9%E7%94%BA%E6%9C%AC%E8%88%97%20%E6%9D%B1%E4%BA%AC%E9%83%BD%E5%8D%83%E4%BB%A3%E7%94%B0%E5%8C%BA%E5%B9%B3%E6%B2%B3%E7%94%BA1-3-10%20%E3%83%96%E3%83%AB%E3%83%BC%E3%83%93%E3%83%AB%E6%9C%AC%E9%A4%A81B,2023,ラーメン TOKYO,ramen_tokyo,発表日：2023年12月5日
中華そば 児ノ木,東京都新宿区上落合1-5-3,食べログ ラーメン TOKYO 百名店 2023,https://tabelog.com/tokyo/A1319/A131901/13154006/,https://www.google.com/maps/search/?api=1&query=%E4%B8%AD%E8%8F%AF%E3%81%9D%E3%81%B0%20%E5%85%90%E3%83%8E%E6%9C%A8%20%E6%9D%B1%E4%BA%AC%E9%83%BD%E6%96%B0%E5%AE%BF%E5%8C%BA%E4%B8%8A%E8%90%BD%E5%90%881-5-3,2023,ラーメン TOKYO,ramen_tokyo,発表日：2023年12月5日
銀座 八五,東京都中央区銀座3-14-2 第一はなぶさビル 1F,食べログ ラーメン TOKYO 百名店 2023,https://tabelog.com/tokyo/A1301/A130101/13228602/,https://www.google.com/maps/search/?api=1&query=%E9%8A%80%E5%BA%A7%20%E5%85%AB%E4%BA%94%20%E6%9D%B1%E4%BA%AC%E9%83%BD%E4%B8%AD%E5%A4%AE%E5%8C%BA%E9%8A%80%E5%BA%A73-14-2%20%E7%AC%AC%E4%B8%80%E3%81%AF%E3%81%AA%E3%81%B6%E3%81%95%E3%83%93%E3%83%AB%201F,2023,ラーメン TOKYO,ramen_tokyo,発表日：2023年12月5日
ラーメン巌哲,東京都新宿区西早稲田1-10-4,食べログ ラーメン TOKYO 百名店 2023,https://tabelog.com/tokyo/A1305/A130504/13167439/,https://www.google.com/maps/search/?api=1&query=%E3%83%A9%E3%83%BC%E3%83%A1%E3%83%B3%E5%B7%8C%E5%93%B2%20%E6%9D%B1%E4%BA%AC%E9%83%BD%E6%96%B0%E5%AE%BF%E5%8C%BA%E8%A5%BF%E6%97%A9%E7%A8%B2%E7%94%B01-10-4,2023,ラーメン TOKYO,ramen_tokyo,発表日：2023年12月5日
中華そば屋 伊藤,東京都北区豊島4-5-3,食べログ ラーメン TOKYO 百名店 2023,https://tabelog.com/tokyo/A1323/A132304/13008779/,https://www.google.com/maps/search/?api=1&query=%E4%B8%AD%E8%8F%AF%E3%81%9D%E3%81%B0%E5%B1%8B%20%E4%BC%8A%E8%97%A4%20%E6%9D%B1%E4%BA%AC%E9%83%BD%E5%8C%97%E5%8C%BA%E8%B1%8A%E5%B3%B64-5-3,2023,ラーメン TOKYO,ramen_tokyo,発表日：2023年12月5日
タンタン,東京都八王子市子安町1-30-6,食べログ ラーメン TOKYO 百名店 2023,https://tabelog.com/tokyo/A1329/A132904/13046007/,https://www.google.com/maps/search/?api=1&query=%E3%82%BF%E3%83%B3%E3%82%BF%E3%83%B3%20%E6%9D%B1%E4%BA%AC%E9%83%BD%E5%85%AB%E7%8E%8B%E5%AD%90%E5%B8%82%E5%AD%90%E5%AE%89%E7%94%BA1-30-6,2023,ラーメン TOKYO,ramen_tokyo,発表日：2023年12月5日
中洲屋台長浜ラーメン初代 健太 東京高円寺本店,東京都中野区大和町1-66-6,食べログ ラーメン TOKYO 百名店 2023,https://tabelog.com/tokyo/A1319/A131904/13183596/,https://www.google.com/maps/search/?api=1&query=%E4%B8%AD%E6%B4%B2%E5%B1%8B%E5%8F%B0%E9%95%B7%E6%B5%9C%E3%83%A9%E3%83%BC%E3%83%A1%E3%83%B3%E5%88%9D%E4%BB%A3%20%E5%81%A5%E5%A4%AA%20%E6%9D%B1%E4%BA%AC%E9%AB%98%E5%86%86%E5%AF%BA%E6%9C%AC%E5%BA%97%20%E6%9D%B1%E4%BA%AC%E9%83%BD%E4%B8%AD%E9%87%8E%E5%8C%BA%E5%A4%A7%E5%92%8C%E7%94%BA1-66-6,2023,ラーメン TOKYO,ramen_tokyo,発表日：2023年12月5日
つけめん金龍,東京都千代田区神田司町2-15-16 サトウビル 1F,食べログ ラーメン TOKYO 百名店 2023,https://tabelog.com/tokyo/A1310/A131002/13259807/,https://www.google.com/maps/search/?api=1&query=%E3%81%A4%E3%81%91%E3%82%81%E3%82%93%E9%87%91%E9%BE%8D%20%E6%9D%B1%E4%BA%AC%E9%83%BD%E5%8D%83%E4%BB%A3%E7%94%B0%E5%8C%BA%E7%A5%9E%E7%94%B0%E5%8F%B8%E7%94%BA2-15-16%20%E3%82%B5%E3%83%88%E3%82%A6%E3%83%93%E3%83%AB%201F,2023,ラーメン TOKYO,ramen_tokyo,発表日：2023年12月5日
ラーメン屋 トイ・ボックス,東京都荒川区東日暮里1-1-3 1階,食べログ ラーメン TOKYO 百名店 2023,https://tabelog.com/tokyo/A1324/A132401/13162973/,https://www.google.com/maps/search/?api=1&query=%E3%83%A9%E3%83%BC%E3%83%A1%E3%83%B3%E5%B1%8B%20%E3%83%88%E3%82%A4%E3%83%BB%E3%83%9C%E3%83%83%E3%82%AF%E3%82%B9%20%E6%9D%B1%E4%BA%AC%E9%83%BD%E8%8D%92%E5%B7%9D%E5%8C%BA%E6%9D%B1%E6%97%A5%E6%9A%AE%E9%87%8C1-1-3%201%E9%9A%8E,2023,ラーメン TOKYO,ramen_tokyo,発表日：2023年12月5日
麺処 びぎ屋 学芸大学本店,東京都目黒区鷹番2-4-9,食べログ ラーメン TOKYO 百名店 2023,https://tabelog.com/tokyo/A1317/A131702/13093976/,https://www.google.com/maps/search/?api=1&query=%E9%BA%BA%E5%87%A6%20%E3%81%B3%E3%81%8E%E5%B1%8B%20%E5%AD%A6%E8%8A%B8%E5%A4%A7%E5%AD%A6%E6%9C%AC%E5%BA%97%20%E6%9D%B1%E4%BA%AC%E9%83%BD%E7%9B%AE%E9%BB%92%E5%8C%BA%E9%B7%B9%E7%95%AA2-4-9,2023,ラーメン TOKYO,ramen_tokyo,発表日：2023年12月5日
中華蕎麦にし乃,東京都文京区本郷3-30-7 熊野ビル B101,食べログ ラーメン TOKYO 百名店 2023,https://tabelog.com/tokyo/A1310/A131004/13218311/,https://www.google.com/maps/search/?api=1&query=%E4%B8%AD%E8%8F%AF%E8%95%8E%E9%BA%A6%E3%81%AB%E3%81%97%E4%B9%83%20%E6%9D%B1%E4%BA%AC%E9%83%BD%E6%96%87%E4%BA%AC%E5%8C%BA%E6%9C%AC%E9%83%B73-30-7%20%E7%86%8A%E9%87%8E%E3%83%93%E3%83%AB%20B101,2023,ラーメン TOKYO,ramen_tokyo,発表日：2023年12月5日
麺屋吉左右,東京都江東区東陽1-11-3,食べログ ラーメン TOKYO 百名店 2023,https://tabelog.com/tokyo/A1313/A131303/13021140/,https://www.google.com/maps/search/?api=1&query=%E9%BA%BA%E5%B1%8B%E5%90%89%E5%B7%A6%E5%8F%B3%20%E6%9D%B1%E4%BA%AC%E9%83%BD%E6%B1%9F%E6%9D%B1%E5%8C%BA%E6%9D%B1%E9%99%BD1-11-3,2023,ラーメン TOKYO,ramen_tokyo,発表日：2023年12月5日
ラーメン二郎 三田本店,東京都港区三田2-16-4,食べログ ラーメン TOKYO 百名店 2023,https://tabelog.com/tokyo/A1314/A131402/13006051/,https://www.google.com/maps/search/?api=1&query=%E3%83%A9%E3%83%BC%E3%83%A1%E3%83%B3%E4%BA%8C%E9%83%8E%20%E4%B8%89%E7%94%B0%E6%9C%AC%E5%BA%97%20%E6%9D%B1%E4%BA%AC%E9%83%BD%E6%B8%AF%E5%8C%BA%E4%B8%89%E7%94%B02-16-4,2023,ラーメン TOKYO,ramen_tokyo,発表日：2023年12月5日
麺創庵 砂田,東京都豊島区巣鴨4-24-6 富士ビル,食べログ ラーメン TOKYO 百名店 2023,https://tabelog.com/tokyo/A1322/A132201/13246362/,https://www.google.com/maps/search/?api=1&query=%E9%BA%BA%E5%89%B5%E5%BA%B5%20%E7%A0%82%E7%94%B0%20%E6%9D%B1%E4%BA%AC%E9%83%BD%E8%B1%8A%E5%B3%B6%E5%8C%BA%E5%B7%A3%E9%B4%A84-24-6%20%E5%AF%8C%E5%A3%AB%E3%83%93%E3%83%AB,2023,ラーメン TOKYO,ramen_tokyo,発表日：2023年12月5日
Tokyo Style Noodle ほたて日和,東京都千代田区神田佐久間町2-25,食べログ ラーメン TOKYO 百名店 2023,https://tabelog.com/tokyo/A1310/A131001/13280086/,https://www.google.com/maps/search/?api=1&query=Tokyo%20Style%20Noodle%20%E3%81%BB%E3%81%9F%E3%81%A6%E6%97%A5%E5%92%8C%20%E6%9D%B1%E4%BA%AC%E9%83%BD%E5%8D%83%E4%BB%A3%E7%94%B0%E5%8C%BA%E7%A5%9E%E7%94%B0%E4%BD%90%E4%B9%85%E9%96%93%E7%94%BA2-25,2023,ラーメン TOKYO,ramen_tokyo,発表日：2023年12月5日
中華そば べんてん,東京都練馬区旭町3-25-2,食べログ ラーメン TOKYO 百名店 2023,https://tabelog.com/tokyo/A1322/A132204/13200351/,https://www.google.com/maps/search/?api=1&query=%E4%B8%AD%E8%8F%AF%E3%81%9D%E3%81%B0%20%E3%81%B9%E3%82%93%E3%81%A6%E3%82%93%20%E6%9D%B1%E4%BA%AC%E9%83%BD%E7%B7%B4%E9%A6%AC%E5%8C%BA%E6%97%AD%E7%94%BA3-25-2,2023,ラーメン TOKYO,ramen_tokyo,発表日：2023年12月5日
支那ソバ おさだ,東京都板橋区大山金井町38-1,食べログ ラーメン TOKYO 百名店 2023,https://tabelog.com/tokyo/A1322/A132203/13266841/,https://www.google.com/maps/search/?api=1&query=%E6%94%AF%E9%82%A3%E3%82%BD%E3%83%90%20%E3%81%8A%E3%81%95%E3%81%A0%20%E6%9D%B1%E4%BA%AC%E9%83%BD%E6%9D%BF%E6%A9%8B%E5%8C%BA%E5%A4%A7%E5%B1%B1%E9%87%91%E4%BA%95%E7%94%BA38-1,2023,ラーメン TOKYO,ramen_tokyo,発表日：2023年12月5日
らぁ麺や 嶋,東京都渋谷区本町3-41-12,食べログ ラーメン TOKYO 百名店 2023,https://tabelog.com/tokyo/A1304/A130401/13247487/,https://www.google.com/maps/search/?api=1&query=%E3%82%89%E3%81%81%E9%BA%BA%E3%82%84%20%E5%B6%8B%20%E6%9D%B1%E4%BA%AC%E9%83%BD%E6%B8%8B%E8%B0%B7%E5%8C%BA%E6%9C%AC%E7%94%BA3-41-12,2023,ラーメン TOKYO,ramen_tokyo,発表日：2023年12月5日
Ramen にじゅうぶんのいち,東京都荒川区東尾久2-19-10 西脇ビル 1F,食べログ ラーメン TOKYO 百名店 2023,https://tabelog.com/tokyo/A1324/A132401/13147594/,https://www.google.com/maps/search/?api=1&query=Ramen%20%E3%81%AB%E3%81%98%E3%82%85%E3%81%86%E3%81%B6%E3%82%93%E3%81%AE%E3%81%84%E3%81%A1%20%E6%9D%B1%E4%BA%AC%E9%83%BD%E8%8D%92%E5%B7%9D%E5%8C%BA%E6%9D%B1%E5%B0%BE%E4%B9%852-19-10%20%E8%A5%BF%E8%84%87%E3%83%93%E3%83%AB%201F,2023,ラーメン TOKYO,ramen_tokyo,発表日：2023年12月5日
町田汁場 しおらーめん進化 本店,東京都町田市森野3-18-17 ウイング森野 1F,食べログ ラーメン TOKYO 百名店 2023,https://tabelog.com/tokyo/A1327/A132701/13050023/,https://www.google.com/maps/search/?api=1&query=%E7%94%BA%E7%94%B0%E6%B1%81%E5%A0%B4%20%E3%81%97%E3%81%8A%E3%82%89%E3%83%BC%E3%82%81%E3%82%93%E9%80%B2%E5%8C%96%20%E6%9C%AC%E5%BA%97%20%E6%9D%B1%E4%BA%AC%E9%83%BD%E7%94%BA%E7%94%B0%E5%B8%82%E6%A3%AE%E9%87%8E3-18-17%20%E3%82%A6%E3%82%A4%E3%83%B3%E3%82%B0%E6%A3%AE%E9%87%8E%201F,2023,ラーメン TOKYO,ramen_tokyo,発表日：2023年12月5日
麺や金時,東京都練馬区小竹町1-2-7,食べログ ラーメン TOKYO 百名店 2023,https://tabelog.com/tokyo/A1321/A132101/13139195/,https://www.google.com/maps/search/?api=1&query=%E9%BA%BA%E3%82%84%E9%87%91%E6%99%82%20%E6%9D%B1%E4%BA%AC%E9%83%BD%E7%B7%B4%E9%A6%AC%E5%8C%BA%E5%B0%8F%E7%AB%B9%E7%94%BA1-2-7,2023,ラーメン TOKYO,ramen_tokyo,発表日：2023年12月5日
寿製麺 よしかわ 西台駅前店,東京都板橋区蓮根3-8-14,食べログ ラーメン TOKYO 百名店 2023,https://tabelog.com/tokyo/A1322/A132205/13228611/,https://www.google.com/maps/search/?api=1&query=%E5%AF%BF%E8%A3%BD%E9%BA%BA%20%E3%82%88%E3%81%97%E3%81%8B%E3%82%8F%20%E8%A5%BF%E5%8F%B0%E9%A7%85%E5%89%8D%E5%BA%97%20%E6%9D%B1%E4%BA%AC%E9%83%BD%E6%9D%BF%E6%A9%8B%E5%8C%BA%E8%93%AE%E6%A0%B93-8-14,2023,ラーメン TOKYO,ramen_tokyo,発表日：2023年12月5日
三ん寅,東京都新宿区山吹町362 プレステージ362,食べログ ラーメン TOKYO 百名店 2023,https://tabelog.com/tokyo/A1309/A130905/13240660/,https://www.google.com/maps/search/?api=1&query=%E4%B8%89%E3%82%93%E5%AF%85%20%E6%9D%B1%E4%BA%AC%E9%83%BD%E6%96%B0%E5%AE%BF%E5%8C%BA%E5%B1%B1%E5%90%B9%E7%94%BA362%20%E3%83%97%E3%83%AC%E3%82%B9%E3%83%86%E3%83%BC%E3%82%B8362,2023,ラーメン TOKYO,ramen_tokyo,発表日：2023年12月5日
味噌っ子 ふっく,東京都杉並区上荻2-40-11 四面道ビル 1F,食べログ ラーメン TOKYO 百名店 2023,https://tabelog.com/tokyo/A1319/A131906/13226777/,https://www.google.com/maps/search/?api=1&query=%E5%91%B3%E5%99%8C%E3%81%A3%E5%AD%90%20%E3%81%B5%E3%81%A3%E3%81%8F%20%E6%9D%B1%E4%BA%AC%E9%83%BD%E6%9D%89%E4%B8%A6%E5%8C%BA%E4%B8%8A%E8%8D%BB2-40-11%20%E5%9B%9B%E9%9D%A2%E9%81%93%E3%83%93%E3%83%AB%201F,2023,ラーメン TOKYO,ramen_tokyo,発表日：2023年12月5日
柴崎亭 つつじヶ丘本店,東京都調布市西つつじケ丘3-25-52,食べログ ラーメン TOKYO 百名店 2023,https://tabelog.com/tokyo/A1326/A132601/13135162/,https://www.google.com/maps/search/?api=1&query=%E6%9F%B4%E5%B4%8E%E4%BA%AD%20%E3%81%A4%E3%81%A4%E3%81%98%E3%83%B6%E4%B8%98%E6%9C%AC%E5%BA%97%20%E6%9D%B1%E4%BA%AC%E9%83%BD%E8%AA%BF%E5%B8%83%E5%B8%82%E8%A5%BF%E3%81%A4%E3%81%A4%E3%81%98%E3%82%B1%E4%B8%983-25-52,2023,ラーメン TOKYO,ramen_tokyo,発表日：2023年12月5日
中華そば 西川,東京都世田谷区砧2-15-10 メゾンドオーポン 1F,食べログ ラーメン TOKYO 百名店 2023,https://tabelog.com/tokyo/A1318/A131813/13213036/,https://www.google.com/maps/search/?api=1&query=%E4%B8%AD%E8%8F%AF%E3%81%9D%E3%81%B0%20%E8%A5%BF%E5%B7%9D%20%E6%9D%B1%E4%BA%AC%E9%83%BD%E4%B8%96%E7%94%B0%E8%B0%B7%E5%8C%BA%E7%A0%A72-15-10%20%E3%83%A1%E3%82%BE%E3%83%B3%E3%83%89%E3%82%AA%E3%83%BC%E3%83%9D%E3%83%B3%201F,2023,ラーメン TOKYO,ramen_tokyo,発表日：2023年12月5日
手打麺祭 かめ囲,東京都調布市菊野台1-55-1 コーポえびすい 1F,食べログ ラーメン TOKYO 百名店 2023,https://tabelog.com/tokyo/A1326/A132601/13273350/,https://www.google.com/maps/search/?api=1&query=%E6%89%8B%E6%89%93%E9%BA%BA%E7%A5%AD%20%E3%81%8B%E3%82%81%E5%9B%B2%20%E6%9D%B1%E4%BA%AC%E9%83%BD%E8%AA%BF%E5%B8%83%E5%B8%82%E8%8F%8A%E9%87%8E%E5%8F%B01-55-1%20%E3%82%B3%E3%83%BC%E3%83%9D%E3%81%88%E3%81%B3%E3%81%99%E3%81%84%201F,2023,ラーメン TOKYO,ramen_tokyo,発表日：2023年12月5日
はやし,東京都渋谷区道玄坂1-14-9 ソシアル道玄坂 1F,食べログ ラーメン TOKYO 百名店 2023,https://tabelog.com/tokyo/A1303/A130301/13003367/,https://www.google.com/maps/search/?api=1&query=%E3%81%AF%E3%82%84%E3%81%97%20%E6%9D%B1%E4%BA%AC%E9%83%BD%E6%B8%8B%E8%B0%B7%E5%8C%BA%E9%81%93%E7%8E%84%E5%9D%821-14-9%20%E3%82%BD%E3%82%B7%E3%82%A2%E3%83%AB%E9%81%93%E7%8E%84%E5%9D%82%201F,2023,ラーメン TOKYO,ramen_tokyo,発表日：2023年12月5日
スパイス・ラー麺 卍力 西葛西店,東京都江戸川区西葛西3-16-5 スワームマンションⅡ 1F,食べログ ラーメン TOKYO 百名店 2023,https://tabelog.com/tokyo/A1313/A131305/13168253/,https://www.google.com/maps/search/?api=1&query=%E3%82%B9%E3%83%91%E3%82%A4%E3%82%B9%E3%83%BB%E3%83%A9%E3%83%BC%E9%BA%BA%20%E5%8D%8D%E5%8A%9B%20%E8%A5%BF%E8%91%9B%E8%A5%BF%E5%BA%97%20%E6%9D%B1%E4%BA%AC%E9%83%BD%E6%B1%9F%E6%88%B8%E5%B7%9D%E5%8C%BA%E8%A5%BF%E8%91%9B%E8%A5%BF3-16-5%20%E3%82%B9%E3%83%AF%E3%83%BC%E3%83%A0%E3%83%9E%E3%83%B3%E3%82%B7%E3%83%A7%E3%83%B3%E2%85%A1%201F,2023,ラーメン TOKYO,ramen_tokyo,発表日：2023年12月5日
中華麺店 喜楽,東京都渋谷区道玄坂2-17-6,食べログ ラーメン TOKYO 百名店 2023,https://tabelog.com/tokyo/A1303/A130301/13001705/,https://www.google.com/maps/search/?api=1&query=%E4%B8%AD%E8%8F%AF%E9%BA%BA%E5%BA%97%20%E5%96%9C%E6%A5%BD%20%E6%9D%B1%E4%BA%AC%E9%83%BD%E6%B8%8B%E8%B0%B7%E5%8C%BA%E9%81%93%E7%8E%84%E5%9D%822-17-6,2023,ラーメン TOKYO,ramen_tokyo,発表日：2023年12月5日
Ramen FeeL,東京都青梅市梅郷4-695-1,食べログ ラーメン TOKYO 百名店 2023,https://tabelog.com/tokyo/A1330/A133003/13254631/,https://www.google.com/maps/search/?api=1&query=Ramen%20FeeL%20%E6%9D%B1%E4%BA%AC%E9%83%BD%E9%9D%92%E6%A2%85%E5%B8%82%E6%A2%85%E9%83%B74-695-1,2023,ラーメン TOKYO,ramen_tokyo,発表日：2023年12月5日
ほっこり中華そば もつけ,東京都八王子市万町34-1,食べログ ラーメン TOKYO 百名店 2023,https://tabelog.com/tokyo/A1329/A132904/13192847/,https://www.google.com/maps/search/?api=1&query=%E3%81%BB%E3%81%A3%E3%81%93%E3%82%8A%E4%B8%AD%E8%8F%AF%E3%81%9D%E3%81%B0%20%E3%82%82%E3%81%A4%E3%81%91%20%E6%9D%B1%E4%BA%AC%E9%83%BD%E5%85%AB%E7%8E%8B%E5%AD%90%E5%B8%82%E4%B8%87%E7%94%BA34-1,2023,ラーメン TOKYO,ramen_tokyo,発表日：2023年12月5日
麺処 ほん田 秋葉原本店,東京都千代田区神田花岡町1-19,食べログ ラーメン TOKYO 百名店 2023,https://tabelog.com/tokyo/A1310/A131001/13246285/,https://www.google.com/maps/search/?api=1&query=%E9%BA%BA%E5%87%A6%20%E3%81%BB%E3%82%93%E7%94%B0%20%E7%A7%8B%E8%91%89%E5%8E%9F%E6%9C%AC%E5%BA%97%20%E6%9D%B1%E4%BA%AC%E9%83%BD%E5%8D%83%E4%BB%A3%E7%94%B0%E5%8C%BA%E7%A5%9E%E7%94%B0%E8%8A%B1%E5%B2%A1%E7%94%BA1-19,2023,ラーメン TOKYO,ramen_tokyo,発表日：2023年12月5日
西永福の煮干箱,東京都杉並区永福3-55-3,食べログ ラーメン TOKYO 百名店 2023,https://tabelog.com/tokyo/A1318/A131805/13263789/,https://www.google.com/maps/search/?api=1&query=%E8%A5%BF%E6%B0%B8%E7%A6%8F%E3%81%AE%E7%85%AE%E5%B9%B2%E7%AE%B1%20%E6%9D%B1%E4%BA%AC%E9%83%BD%E6%9D%89%E4%B8%A6%E5%8C%BA%E6%B0%B8%E7%A6%8F3-55-3,2023,ラーメン TOKYO,ramen_tokyo,発表日：2023年12月5日
函館塩ラーメン 五稜郭,東京都杉並区天沼3-28-7,食べログ ラーメン TOKYO 百名店 2023,https://tabelog.com/tokyo/A1319/A131906/13154596/,https://www.google.com/maps/search/?api=1&query=%E5%87%BD%E9%A4%A8%E5%A1%A9%E3%83%A9%E3%83%BC%E3%83%A1%E3%83%B3%20%E4%BA%94%E7%A8%9C%E9%83%AD%20%E6%9D%B1%E4%BA%AC%E9%83%BD%E6%9D%89%E4%B8%A6%E5%8C%BA%E5%A4%A9%E6%B2%BC3-28-7,2023,ラーメン TOKYO,ramen_tokyo,発表日：2023年12月5日
つけ麺 道,東京都葛飾区亀有5-28-17,食べログ ラーメン TOKYO 百名店 2023,https://tabelog.com/tokyo/A1324/A132403/13094595/,https://www.google.com/maps/search/?api=1&query=%E3%81%A4%E3%81%91%E9%BA%BA%20%E9%81%93%20%E6%9D%B1%E4%BA%AC%E9%83%BD%E8%91%9B%E9%A3%BE%E5%8C%BA%E4%BA%80%E6%9C%895-28-17,2023,ラーメン TOKYO,ramen_tokyo,発表日：2023年12月5日
RAMEN CiQUE,東京都杉並区阿佐谷南3-10-8,食べログ ラーメン TOKYO 百名店 2023,https://tabelog.com/tokyo/A1319/A131905/13048520/,https://www.google.com/maps/search/?api=1&query=RAMEN%20CiQUE%20%E6%9D%B1%E4%BA%AC%E9%83%BD%E6%9D%89%E4%B8%A6%E5%8C%BA%E9%98%BF%E4%BD%90%E8%B0%B7%E5%8D%973-10-8,2023,ラーメン TOKYO,ramen_tokyo,発表日：2023年12月5日
長男、ほそのたかし,東京都練馬区旭丘1-68-12 第4正道江古田ビル 1F,食べログ ラーメン TOKYO 百名店 2023,https://tabelog.com/tokyo/A1321/A132101/13261549/,https://www.google.com/maps/search/?api=1&query=%E9%95%B7%E7%94%B7%E3%80%81%E3%81%BB%E3%81%9D%E3%81%AE%E3%81%9F%E3%81%8B%E3%81%97%20%E6%9D%B1%E4%BA%AC%E9%83%BD%E7%B7%B4%E9%A6%AC%E5%8C%BA%E6%97%AD%E4%B8%981-68-12%20%E7%AC%AC4%E6%AD%A3%E9%81%93%E6%B1%9F%E5%8F%A4%E7%94%B0%E3%83%93%E3%83%AB%201F,2023,ラーメン TOKYO,ramen_tokyo,発表日：2023年12月5日
青島食堂 秋葉原店,東京都千代田区神田佐久間町3-20-1,食べログ ラーメン TOKYO 百名店 2023,https://tabelog.com/tokyo/A1310/A131001/13094776/,https://www.google.com/maps/search/?api=1&query=%E9%9D%92%E5%B3%B6%E9%A3%9F%E5%A0%82%20%E7%A7%8B%E8%91%89%E5%8E%9F%E5%BA%97%20%E6%9D%B1%E4%BA%AC%E9%83%BD%E5%8D%83%E4%BB%A3%E7%94%B0%E5%8C%BA%E7%A5%9E%E7%94%B0%E4%BD%90%E4%B9%85%E9%96%93%E7%94%BA3-20-1,2023,ラーメン TOKYO,ramen_tokyo,発表日：2023年12月5日
成城青果,東京都世田谷区南烏山3-1-11 芦花パークヒル 1F,食べログ ラーメン TOKYO 百名店 2023,https://tabelog.com/tokyo/A1318/A131809/13247939/,https://www.google.com/maps/search/?api=1&query=%E6%88%90%E5%9F%8E%E9%9D%92%E6%9E%9C%20%E6%9D%B1%E4%BA%AC%E9%83%BD%E4%B8%96%E7%94%B0%E8%B0%B7%E5%8C%BA%E5%8D%97%E7%83%8F%E5%B1%B13-1-11%20%E8%8A%A6%E8%8A%B1%E3%83%91%E3%83%BC%E3%82%AF%E3%83%92%E3%83%AB%201F,2023,ラーメン TOKYO,ramen_tokyo,発表日：2023年12月5日
中華蕎麦 蘭鋳,東京都杉並区堀ノ内2-13-13,食べログ ラーメン TOKYO 百名店 2023,https://tabelog.com/tokyo/A1319/A131903/13113532/,https://www.google.com/maps/search/?api=1&query=%E4%B8%AD%E8%8F%AF%E8%95%8E%E9%BA%A6%20%E8%98%AD%E9%8B%B3%20%E6%9D%B1%E4%BA%AC%E9%83%BD%E6%9D%89%E4%B8%A6%E5%8C%BA%E5%A0%80%E3%83%8E%E5%86%852-13-13,2023,ラーメン TOKYO,ramen_tokyo,発表日：2023年12月5日
煮干鰮らーめん 圓 八王子本店,東京都八王子市横山町21-21,食べログ ラーメン TOKYO 百名店 2023,https://tabelog.com/tokyo/A1329/A132904/13091258/,https://www.google.com/maps/search/?api=1&query=%E7%85%AE%E5%B9%B2%E9%B0%AE%E3%82%89%E3%83%BC%E3%82%81%E3%82%93%20%E5%9C%93%20%E5%85%AB%E7%8E%8B%E5%AD%90%E6%9C%AC%E5%BA%97%20%E6%9D%B1%E4%BA%AC%E9%83%BD%E5%85%AB%E7%8E%8B%E5%AD%90%E5%B8%82%E6%A8%AA%E5%B1%B1%E7%94%BA21-21,2023,ラーメン TOKYO,ramen_tokyo,発表日：2023年12月5日
麺処 しろくろ,東京都杉並区上高井戸1-1-7,食べログ ラーメン TOKYO 百名店 2023,https://tabelog.com/tokyo/A1318/A131809/13242508/,https://www.google.com/maps/search/?api=1&query=%E9%BA%BA%E5%87%A6%20%E3%81%97%E3%82%8D%E3%81%8F%E3%82%8D%20%E6%9D%B1%E4%BA%AC%E9%83%BD%E6%9D%89%E4%B8%A6%E5%8C%BA%E4%B8%8A%E9%AB%98%E4%BA%95%E6%88%B81-1-7,2023,ラーメン TOKYO,ramen_tokyo,発表日：2023年12月5日
中華そば 多賀野,東京都品川区中延2-15-10,食べログ ラーメン TOKYO 百名店 2023,https://tabelog.com/tokyo/A1317/A131712/13003421/,https://www.google.com/maps/search/?api=1&query=%E4%B8%AD%E8%8F%AF%E3%81%9D%E3%81%B0%20%E5%A4%9A%E8%B3%80%E9%87%8E%20%E6%9D%B1%E4%BA%AC%E9%83%BD%E5%93%81%E5%B7%9D%E5%8C%BA%E4%B8%AD%E5%BB%B62-15-10,2023,ラーメン TOKYO,ramen_tokyo,発表日：2023年12月5日
らーめん飛粋,東京都大田区蒲田5-2-5,食べログ ラーメン TOKYO 百名店 2023,https://tabelog.com/tokyo/A1315/A131503/13217922/,https://www.google.com/maps/search/?api=1&query=%E3%82%89%E3%83%BC%E3%82%81%E3%82%93%E9%A3%9B%E7%B2%8B%20%E6%9D%B1%E4%BA%AC%E9%83%BD%E5%A4%A7%E7%94%B0%E5%8C%BA%E8%92%B2%E7%94%B05-2-5,2023,ラーメン TOKYO,ramen_tokyo,発表日：2023年12月5日
キング製麺,東京都北区王子本町1-14-1 高崎ビル 1F,食べログ ラーメン TOKYO 百名店 2023,https://tabelog.com/tokyo/A1323/A132303/13232817/,https://www.google.com/maps/search/?api=1&query=%E3%82%AD%E3%83%B3%E3%82%B0%E8%A3%BD%E9%BA%BA%20%E6%9D%B1%E4%BA%AC%E9%83%BD%E5%8C%97%E5%8C%BA%E7%8E%8B%E5%AD%90%E6%9C%AC%E7%94%BA1-14-1%20%E9%AB%98%E5%B4%8E%E3%83%93%E3%83%AB%201F,2023,ラーメン TOKYO,ramen_tokyo,発表日：2023年12月5日
神名備,東京都文京区千駄木4-21-3,食べログ ラーメン TOKYO 百名店 2023,https://tabelog.com/tokyo/A1311/A131105/13006070/,https://www.google.com/maps/search/?api=1&query=%E7%A5%9E%E5%90%8D%E5%82%99%20%E6%9D%B1%E4%BA%AC%E9%83%BD%E6%96%87%E4%BA%AC%E5%8C%BA%E5%8D%83%E9%A7%84%E6%9C%A84-21-3,2023,ラーメン TOKYO,ramen_tokyo,発表日：2023年12月5日
入鹿TOKYO,東京都東久留米市本町1-4-28,食べログ ラーメン TOKYO 百名店 2023,https://tabelog.com/tokyo/A1328/A132802/13234223/,https://www.google.com/maps/search/?api=1&query=%E5%85%A5%E9%B9%BFTOKYO%20%E6%9D%B1%E4%BA%AC%E9%83%BD%E6%9D%B1%E4%B9%85%E7%95%99%E7%B1%B3%E5%B8%82%E6%9C%AC%E7%94%BA1-4-28,2023,ラーメン TOKYO,ramen_tokyo,発表日：2023年12月5日
カネキッチン ヌードル,東京都豊島区南長崎5-26-15 マチテラス南長崎 2F,食べログ ラーメン TOKYO 百名店 2023,https://tabelog.com/tokyo/A1321/A132101/13203355/,https://www.google.com/maps/search/?api=1&query=%E3%82%AB%E3%83%8D%E3%82%AD%E3%83%83%E3%83%81%E3%83%B3%20%E3%83%8C%E3%83%BC%E3%83%89%E3%83%AB%20%E6%9D%B1%E4%BA%AC%E9%83%BD%E8%B1%8A%E5%B3%B6%E5%8C%BA%E5%8D%97%E9%95%B7%E5%B4%8E5-26-15%20%E3%83%9E%E3%83%81%E3%83%86%E3%83%A9%E3%82%B9%E5%8D%97%E9%95%B7%E5%B4%8E%202F,2023,ラーメン TOKYO,ramen_tokyo,発表日：2023年12月5日
田中商店 本店,東京都足立区一ツ家2-14-6,食べログ ラーメン TOKYO 百名店 2023,https://tabelog.com/tokyo/A1324/A132404/13003726/,https://www.google.com/maps/search/?api=1&query=%E7%94%B0%E4%B8%AD%E5%95%86%E5%BA%97%20%E6%9C%AC%E5%BA%97%20%E6%9D%B1%E4%BA%AC%E9%83%BD%E8%B6%B3%E7%AB%8B%E5%8C%BA%E4%B8%80%E3%83%84%E5%AE%B62-14-6,2023,ラーメン TOKYO,ramen_tokyo,発表日：2023年12月5日
麺や 七彩,東京都中央区八丁堀2-13-2 ドミノビル 1F,食べログ ラーメン TOKYO 百名店 2023,https://tabelog.com/tokyo/A1302/A130203/13184399/,https://www.google.com/maps/search/?api=1&query=%E9%BA%BA%E3%82%84%20%E4%B8%83%E5%BD%A9%20%E6%9D%B1%E4%BA%AC%E9%83%BD%E4%B8%AD%E5%A4%AE%E5%8C%BA%E5%85%AB%E4%B8%81%E5%A0%802-13-2%20%E3%83%89%E3%83%9F%E3%83%8E%E3%83%93%E3%83%AB%201F,2023,ラーメン TOKYO,ramen_tokyo,発表日：2023年12月5日
麺屋 翔 本店,東京都新宿区西新宿7-22-34,食べログ ラーメン TOKYO 百名店 2023,https://tabelog.com/tokyo/A1304/A130401/13040181/,https://www.google.com/maps/search/?api=1&query=%E9%BA%BA%E5%B1%8B%20%E7%BF%94%20%E6%9C%AC%E5%BA%97%20%E6%9D%B1%E4%BA%AC%E9%83%BD%E6%96%B0%E5%AE%BF%E5%8C%BA%E8%A5%BF%E6%96%B0%E5%AE%BF7-22-34,2023,ラーメン TOKYO,ramen_tokyo,発表日：2023年12月5日
煮干しつけ麺 宮元,東京都大田区西蒲田7-8-1 1F,食べログ ラーメン TOKYO 百名店 2023,https://tabelog.com/tokyo/A1315/A131503/13180862/,https://www.google.com/maps/search/?api=1&query=%E7%85%AE%E5%B9%B2%E3%81%97%E3%81%A4%E3%81%91%E9%BA%BA%20%E5%AE%AE%E5%85%83%20%E6%9D%B1%E4%BA%AC%E9%83%BD%E5%A4%A7%E7%94%B0%E5%8C%BA%E8%A5%BF%E8%92%B2%E7%94%B07-8-1%201F,2023,ラーメン TOKYO,ramen_tokyo,発表日：2023年12月5日
こうかいぼう,東京都江東区深川2-13-10 ニックハイム深川 1F,食べログ ラーメン TOKYO 百名店 2023,https://tabelog.com/tokyo/A1313/A131303/13005052/,https://www.google.com/maps/search/?api=1&query=%E3%81%93%E3%81%86%E3%81%8B%E3%81%84%E3%81%BC%E3%81%86%20%E6%9D%B1%E4%BA%AC%E9%83%BD%E6%B1%9F%E6%9D%B1%E5%8C%BA%E6%B7%B1%E5%B7%9D2-13-10%20%E3%83%8B%E3%83%83%E3%82%AF%E3%83%8F%E3%82%A4%E3%83%A0%E6%B7%B1%E5%B7%9D%201F,2023,ラーメン TOKYO,ramen_tokyo,発表日：2023年12月5日
燦燦斗,東京都北区中十条3-16-15,食べログ ラーメン TOKYO 百名店 2023,https://tabelog.com/tokyo/A1323/A132304/13038064/,https://www.google.com/maps/search/?api=1&query=%E7%87%A6%E7%87%A6%E6%96%97%20%E6%9D%B1%E4%BA%AC%E9%83%BD%E5%8C%97%E5%8C%BA%E4%B8%AD%E5%8D%81%E6%9D%A13-16-15,2023,ラーメン TOKYO,ramen_tokyo,発表日：2023年12月5日
中華ソバ ちゃるめ,東京都大田区萩中2-1-4 丸栄ビルEAST 1F,食べログ ラーメン TOKYO 百名店 2023,https://tabelog.com/tokyo/A1315/A131504/13231202/,https://www.google.com/maps/search/?api=1&query=%E4%B8%AD%E8%8F%AF%E3%82%BD%E3%83%90%20%E3%81%A1%E3%82%83%E3%82%8B%E3%82%81%20%E6%9D%B1%E4%BA%AC%E9%83%BD%E5%A4%A7%E7%94%B0%E5%8C%BA%E8%90%A9%E4%B8%AD2-1-4%20%E4%B8%B8%E6%A0%84%E3%83%93%E3%83%ABEAST%201F,2023,ラーメン TOKYO,ramen_tokyo,発表日：2023年12月5日
かしわぎ,東京都中野区東中野1-36-7,食べログ ラーメン TOKYO 百名店 2023,https://tabelog.com/tokyo/A1319/A131901/13209326/,https://www.google.com/maps/search/?api=1&query=%E3%81%8B%E3%81%97%E3%82%8F%E3%81%8E%20%E6%9D%B1%E4%BA%AC%E9%83%BD%E4%B8%AD%E9%87%8E%E5%8C%BA%E6%9D%B1%E4%B8%AD%E9%87%8E1-36-7,2023,ラーメン TOKYO,ramen_tokyo,発表日：2023年12月5日
MENSHO,東京都文京区音羽1-17-16 中銀音羽マンシオン１F,食べログ ラーメン TOKYO 百名店 2023,https://tabelog.com/tokyo/A1323/A132302/13203848/,https://www.google.com/maps/search/?api=1&query=MENSHO%20%E6%9D%B1%E4%BA%AC%E9%83%BD%E6%96%87%E4%BA%AC%E5%8C%BA%E9%9F%B3%E7%BE%BD1-17-16%20%E4%B8%AD%E9%8A%80%E9%9F%B3%E7%BE%BD%E3%83%9E%E3%83%B3%E3%82%B7%E3%82%AA%E3%83%B3%EF%BC%91F,2023,ラーメン TOKYO,ramen_tokyo,発表日：2023年12月5日
一番いちばん,東京都町田市中町1-28-24 大成ビル　１Ｆ,食べログ ラーメン TOKYO 百名店 2023,https://tabelog.com/tokyo/A1327/A132701/13001469/,https://www.google.com/maps/search/?api=1&query=%E4%B8%80%E7%95%AA%E3%81%84%E3%81%A1%E3%81%B0%E3%82%93%20%E6%9D%B1%E4%BA%AC%E9%83%BD%E7%94%BA%E7%94%B0%E5%B8%82%E4%B8%AD%E7%94%BA1-28-24%20%E5%A4%A7%E6%88%90%E3%83%93%E3%83%AB%E3%80%80%EF%BC%91%EF%BC%A6,2023,ラーメン TOKYO,ramen_tokyo,発表日：2023年12月5日
中華蕎麦 ひら井,東京都府中市栄町2-11-7,食べログ ラーメン TOKYO 百名店 2023,https://tabelog.com/tokyo/A1326/A132602/13259078/,https://www.google.com/maps/search/?api=1&query=%E4%B8%AD%E8%8F%AF%E8%95%8E%E9%BA%A6%20%E3%81%B2%E3%82%89%E4%BA%95%20%E6%9D%B1%E4%BA%AC%E9%83%BD%E5%BA%9C%E4%B8%AD%E5%B8%82%E6%A0%84%E7%94%BA2-11-7,2023,ラーメン TOKYO,ramen_tokyo,発表日：2023年12月5日
あさひ町内会,東京都板橋区板橋3-5-1 リビオタワー板橋 1F,食べログ ラーメン TOKYO 百名店 2023,https://tabelog.com/tokyo/A1322/A132205/13244535/,https://www.google.com/maps/search/?api=1&query=%E3%81%82%E3%81%95%E3%81%B2%E7%94%BA%E5%86%85%E4%BC%9A%20%E6%9D%B1%E4%BA%AC%E9%83%BD%E6%9D%BF%E6%A9%8B%E5%8C%BA%E6%9D%BF%E6%A9%8B3-5-1%20%E3%83%AA%E3%83%93%E3%82%AA%E3%82%BF%E3%83%AF%E3%83%BC%E6%9D%BF%E6%A9%8B%201F,2023,ラーメン TOKYO,ramen_tokyo,発表日：2023年12月5日
中華そば しば田,東京都調布市若葉町2-25-20,食べログ ラーメン TOKYO 百名店 2023,https://tabelog.com/tokyo/A1326/A132601/13162681/,https://www.google.com/maps/search/?api=1&query=%E4%B8%AD%E8%8F%AF%E3%81%9D%E3%81%B0%20%E3%81%97%E3%81%B0%E7%94%B0%20%E6%9D%B1%E4%BA%AC%E9%83%BD%E8%AA%BF%E5%B8%83%E5%B8%82%E8%8B%A5%E8%91%89%E7%94%BA2-25-20,2023,ラーメン TOKYO,ramen_tokyo,発表日：2023年12月5日
桜上水 船越,東京都杉並区下高井戸1-21-10 1F,食べログ ラーメン TOKYO 百名店 2023,https://tabelog.com/tokyo/A1318/A131809/13281101/,https://www.google.com/maps/search/?api=1&query=%E6%A1%9C%E4%B8%8A%E6%B0%B4%20%E8%88%B9%E8%B6%8A%20%E6%9D%B1%E4%BA%AC%E9%83%BD%E6%9D%89%E4%B8%A6%E5%8C%BA%E4%B8%8B%E9%AB%98%E4%BA%95%E6%88%B81-21-10%201F,2023,ラーメン TOKYO,ramen_tokyo,発表日：2023年12月5日
風雲児 新宿本店,東京都渋谷区代々木2-14-3 北斗第一ビルB1F,食べログ ラーメン TOKYO 百名店 2023,https://tabelog.com/tokyo/A1304/A130401/13044091/,https://www.google.com/maps/search/?api=1&query=%E9%A2%A8%E9%9B%B2%E5%85%90%20%E6%96%B0%E5%AE%BF%E6%9C%AC%E5%BA%97%20%E6%9D%B1%E4%BA%AC%E9%83%BD%E6%B8%8B%E8%B0%B7%E5%8C%BA%E4%BB%A3%E3%80%85%E6%9C%A82-14-3%20%E5%8C%97%E6%96%97%E7%AC%AC%E4%B8%80%E3%83%93%E3%83%ABB1F,2023,ラーメン TOKYO,ramen_tokyo,発表日：2023年12月5日
創作麺工房 鳴龍,東京都豊島区南大塚2-34-4 SKY南大塚 1F,食べログ ラーメン TOKYO 百名店 2023,https://tabelog.com/tokyo/A1323/A132302/13141302/,https://www.google.com/maps/search/?api=1&query=%E5%89%B5%E4%BD%9C%E9%BA%BA%E5%B7%A5%E6%88%BF%20%E9%B3%B4%E9%BE%8D%20%E6%9D%B1%E4%BA%AC%E9%83%BD%E8%B1%8A%E5%B3%B6%E5%8C%BA%E5%8D%97%E5%A4%A7%E5%A1%9A2-34-4%20SKY%E5%8D%97%E5%A4%A7%E5%A1%9A%201F,2023,ラーメン TOKYO,ramen_tokyo,発表日：2023年12月5日
竹末東京Premium,東京都墨田区業平5-14-7 フラーリシ押上 1F,食べログ ラーメン TOKYO 百名店 2023,https://tabelog.com/tokyo/A1312/A131203/13167920/,https://www.google.com/maps/search/?api=1&query=%E7%AB%B9%E6%9C%AB%E6%9D%B1%E4%BA%ACPremium%20%E6%9D%B1%E4%BA%AC%E9%83%BD%E5%A2%A8%E7%94%B0%E5%8C%BA%E6%A5%AD%E5%B9%B35-14-7%20%E3%83%95%E3%83%A9%E3%83%BC%E3%83%AA%E3%82%B7%E6%8A%BC%E4%B8%8A%201F,2023,ラーメン TOKYO,ramen_tokyo,発表日：2023年12月5日
一条流がんこ総本家分家四谷荒木町,東京都新宿区舟町4-1 メゾンド四谷 106,食べログ ラーメン TOKYO 百名店 2023,https://tabelog.com/tokyo/A1309/A130903/13126058/,https://www.google.com/maps/search/?api=1&query=%E4%B8%80%E6%9D%A1%E6%B5%81%E3%81%8C%E3%82%93%E3%81%93%E7%B7%8F%E6%9C%AC%E5%AE%B6%E5%88%86%E5%AE%B6%E5%9B%9B%E8%B0%B7%E8%8D%92%E6%9C%A8%E7%94%BA%20%E6%9D%B1%E4%BA%AC%E9%83%BD%E6%96%B0%E5%AE%BF%E5%8C%BA%E8%88%9F%E7%94%BA4-1%20%E3%83%A1%E3%82%BE%E3%83%B3%E3%83%89%E5%9B%9B%E8%B0%B7%20106,2023,ラーメン TOKYO,ramen_tokyo,発表日：2023年12月5日
麺屋ひょっとこ 交通会館店,東京都千代田区有楽町2-10-1 東京交通会館 B1F,食べログ ラーメン TOKYO 百名店 2023,https://tabelog.com/tokyo/A1301/A130102/13046637/,https://www.google.com/maps/search/?api=1&query=%E9%BA%BA%E5%B1%8B%E3%81%B2%E3%82%87%E3%81%A3%E3%81%A8%E3%81%93%20%E4%BA%A4%E9%80%9A%E4%BC%9A%E9%A4%A8%E5%BA%97%20%E6%9D%B1%E4%BA%AC%E9%83%BD%E5%8D%83%E4%BB%A3%E7%94%B0%E5%8C%BA%E6%9C%89%E6%A5%BD%E7%94%BA2-10-1%20%E6%9D%B1%E4%BA%AC%E4%BA%A4%E9%80%9A%E4%BC%9A%E9%A4%A8%20B1F,2023,ラーメン TOKYO,ramen_tokyo,発表日：2023年12月5日
らぁめん小池,東京都世田谷区上北沢4-19-18 上北沢ハイネスコーポ1F,食べログ ラーメン TOKYO 百名店 2023,https://tabelog.com/tokyo/A1318/A131809/13172994/,https://www.google.com/maps/search/?api=1&query=%E3%82%89%E3%81%81%E3%82%81%E3%82%93%E5%B0%8F%E6%B1%A0%20%E6%9D%B1%E4%BA%AC%E9%83%BD%E4%B8%96%E7%94%B0%E8%B0%B7%E5%8C%BA%E4%B8%8A%E5%8C%97%E6%B2%A24-19-18%20%E4%B8%8A%E5%8C%97%E6%B2%A2%E3%83%8F%E3%82%A4%E3%83%8D%E3%82%B9%E3%82%B3%E3%83%BC%E3%83%9D1F,2023,ラーメン TOKYO,ramen_tokyo,発表日：2023年12月5日
麺屋 さくら井,東京都武蔵野市西久保2-15-27,食べログ ラーメン TOKYO 百名店 2023,https://tabelog.com/tokyo/A1320/A132002/13202438/,https://www.google.com/maps/search/?api=1&query=%E9%BA%BA%E5%B1%8B%20%E3%81%95%E3%81%8F%E3%82%89%E4%BA%95%20%E6%9D%B1%E4%BA%AC%E9%83%BD%E6%AD%A6%E8%94%B5%E9%87%8E%E5%B8%82%E8%A5%BF%E4%B9%85%E4%BF%9D2-15-27,2023,ラーメン TOKYO,ramen_tokyo,発表日：2023年12月5日
自家製中華そば としおか,東京都新宿区弁天町20,食べログ ラーメン TOKYO 百名店 2023,https://tabelog.com/tokyo/A1305/A130504/13182315/,https://www.google.com/maps/search/?api=1&query=%E8%87%AA%E5%AE%B6%E8%A3%BD%E4%B8%AD%E8%8F%AF%E3%81%9D%E3%81%B0%20%E3%81%A8%E3%81%97%E3%81%8A%E3%81%8B%20%E6%9D%B1%E4%BA%AC%E9%83%BD%E6%96%B0%E5%AE%BF%E5%8C%BA%E5%BC%81%E5%A4%A9%E7%94%BA20,2023,ラーメン TOKYO,ramen_tokyo,発表日：2023年12月5日
らーめんMAIKAGURA,東京都世田谷区船橋1-38-4,食べログ ラーメン TOKYO 百名店 2023,https://tabelog.com/tokyo/A1318/A131813/13218425/,https://www.google.com/maps/search/?api=1&query=%E3%82%89%E3%83%BC%E3%82%81%E3%82%93MAIKAGURA%20%E6%9D%B1%E4%BA%AC%E9%83%BD%E4%B8%96%E7%94%B0%E8%B0%B7%E5%8C%BA%E8%88%B9%E6%A9%8B1-38-4,2023,ラーメン TOKYO,ramen_tokyo,発表日：2023年12月5日
入鹿TOKYO 六本木,東京都港区六本木4-12-12 穂高ビル 1F,食べログ ラーメン TOKYO 百名店 2023,https://tabelog.com/tokyo/A1307/A130701/13264260/,https://www.google.com/maps/search/?api=1&query=%E5%85%A5%E9%B9%BFTOKYO%20%E5%85%AD%E6%9C%AC%E6%9C%A8%20%E6%9D%B1%E4%BA%AC%E9%83%BD%E6%B8%AF%E5%8C%BA%E5%85%AD%E6%9C%AC%E6%9C%A84-12-12%20%E7%A9%82%E9%AB%98%E3%83%93%E3%83%AB%201F,2023,ラーメン TOKYO,ramen_tokyo,発表日：2023年12月5日
中華ソバ 伊吹,東京都板橋区前野町4-58-10 見次パークマンション 1F,食べログ ラーメン TOKYO 百名店 2023,https://tabelog.com/tokyo/A1322/A132205/13163874/,https://www.google.com/maps/search/?api=1&query=%E4%B8%AD%E8%8F%AF%E3%82%BD%E3%83%90%20%E4%BC%8A%E5%90%B9%20%E6%9D%B1%E4%BA%AC%E9%83%BD%E6%9D%BF%E6%A9%8B%E5%8C%BA%E5%89%8D%E9%87%8E%E7%94%BA4-58-10%20%E8%A6%8B%E6%AC%A1%E3%83%91%E3%83%BC%E3%82%AF%E3%83%9E%E3%83%B3%E3%82%B7%E3%83%A7%E3%83%B3%201F,2023,ラーメン TOKYO,ramen_tokyo,発表日：2023年12月5日
支那そば たんたん亭,東京都杉並区浜田山3-31-4,食べログ ラーメン TOKYO 百名店 2023,https://tabelog.com/tokyo/A1318/A131805/13000705/,https://www.google.com/maps/search/?api=1&query=%E6%94%AF%E9%82%A3%E3%81%9D%E3%81%B0%20%E3%81%9F%E3%82%93%E3%81%9F%E3%82%93%E4%BA%AD%20%E6%9D%B1%E4%BA%AC%E9%83%BD%E6%9D%89%E4%B8%A6%E5%8C%BA%E6%B5%9C%E7%94%B0%E5%B1%B13-31-4,2023,ラーメン TOKYO,ramen_tokyo,発表日：2023年12月5日
純手打ち だるま,東京都杉並区和田1-18-3,食べログ ラーメン TOKYO 百名店 2023,https://tabelog.com/tokyo/A1319/A131903/13218715/,https://www.google.com/maps/search/?api=1&query=%E7%B4%94%E6%89%8B%E6%89%93%E3%81%A1%20%E3%81%A0%E3%82%8B%E3%81%BE%20%E6%9D%B1%E4%BA%AC%E9%83%BD%E6%9D%89%E4%B8%A6%E5%8C%BA%E5%92%8C%E7%94%B01-18-3,2023,ラーメン TOKYO,ramen_tokyo,発表日：2023年12月5日
らーめん改,東京都台東区蔵前4-20-10 宮内ビル 1F,食べログ ラーメン TOKYO 百名店 2023,https://tabelog.com/tokyo/A1311/A131103/13191776/,https://www.google.com/maps/search/?api=1&query=%E3%82%89%E3%83%BC%E3%82%81%E3%82%93%E6%94%B9%20%E6%9D%B1%E4%BA%AC%E9%83%BD%E5%8F%B0%E6%9D%B1%E5%8C%BA%E8%94%B5%E5%89%8D4-20-10%20%E5%AE%AE%E5%86%85%E3%83%93%E3%83%AB%201F,2023,ラーメン TOKYO,ramen_tokyo,発表日：2023年12月5日
つけ麺 五ノ神製作所,東京都渋谷区千駄ヶ谷5-33-16 シャトレー新宿御苑第一 1F,食べログ ラーメン TOKYO 百名店 2023,https://tabelog.com/tokyo/A1304/A130401/13120708/,https://www.google.com/maps/search/?api=1&query=%E3%81%A4%E3%81%91%E9%BA%BA%20%E4%BA%94%E3%83%8E%E7%A5%9E%E8%A3%BD%E4%BD%9C%E6%89%80%20%E6%9D%B1%E4%BA%AC%E9%83%BD%E6%B8%8B%E8%B0%B7%E5%8C%BA%E5%8D%83%E9%A7%84%E3%83%B6%E8%B0%B75-33-16%20%E3%82%B7%E3%83%A3%E3%83%88%E3%83%AC%E3%83%BC%E6%96%B0%E5%AE%BF%E5%BE%A1%E8%8B%91%E7%AC%AC%E4%B8%80%201F,2023,ラーメン TOKYO,ramen_tokyo,発表日：2023年12月5日
麺屋一燈,東京都葛飾区東新小岩1-4-17,食べログ ラーメン TOKYO 百名店 2023,https://tabelog.com/tokyo/A1312/A131204/13111737/,https://www.google.com/maps/search/?api=1&query=%E9%BA%BA%E5%B1%8B%E4%B8%80%E7%87%88%20%E6%9D%B1%E4%BA%AC%E9%83%BD%E8%91%9B%E9%A3%BE%E5%8C%BA%E6%9D%B1%E6%96%B0%E5%B0%8F%E5%B2%A91-4-17,2023,ラーメン TOKYO,ramen_tokyo,発表日：2023年12月5日
むかん,東京都中野区中央2-2-24 大江戸コーポ 1F,食べログ ラーメン TOKYO 百名店 2023,https://tabelog.com/tokyo/A1319/A131903/13271524/,https://www.google.com/maps/search/?api=1&query=%E3%82%80%E3%81%8B%E3%82%93%20%E6%9D%B1%E4%BA%AC%E9%83%BD%E4%B8%AD%E9%87%8E%E5%8C%BA%E4%B8%AD%E5%A4%AE2-2-24%20%E5%A4%A7%E6%B1%9F%E6%88%B8%E3%82%B3%E3%83%BC%E3%83%9D%201F,2023,ラーメン TOKYO,ramen_tokyo,発表日：2023年12月5日
はつね,東京都杉並区西荻南3-11-9,食べログ ラーメン TOKYO 百名店 2023,https://tabelog.com/tokyo/A1319/A131907/13000717/,https://www.google.com/maps/search/?api=1&query=%E3%81%AF%E3%81%A4%E3%81%AD%20%E6%9D%B1%E4%BA%AC%E9%83%BD%E6%9D%89%E4%B8%A6%E5%8C%BA%E8%A5%BF%E8%8D%BB%E5%8D%973-11-9,2023,ラーメン TOKYO,ramen_tokyo,発表日：2023年12月5日
むぎとオリーブ 銀座本店,東京都中央区銀座6-12-12 銀座ステラビル 1F,食べログ ラーメン TOKYO 百名店 2023,https://tabelog.com/tokyo/A1301/A130101/13164932/,https://www.google.com/maps/search/?api=1&query=%E3%82%80%E3%81%8E%E3%81%A8%E3%82%AA%E3%83%AA%E3%83%BC%E3%83%96%20%E9%8A%80%E5%BA%A7%E6%9C%AC%E5%BA%97%20%E6%9D%B1%E4%BA%AC%E9%83%BD%E4%B8%AD%E5%A4%AE%E5%8C%BA%E9%8A%80%E5%BA%A76-12-12%20%E9%8A%80%E5%BA%A7%E3%82%B9%E3%83%86%E3%83%A9%E3%83%93%E3%83%AB%201F,2023,ラーメン TOKYO,ramen_tokyo,発表日：2023年12月5日
ラーメン 健やか,東京都武蔵野市中町1-28-1 矢島ビル 102,食べログ ラーメン TOKYO 百名店 2023,https://tabelog.com/tokyo/A1320/A132002/13207054/,https://www.google.com/maps/search/?api=1&query=%E3%83%A9%E3%83%BC%E3%83%A1%E3%83%B3%20%E5%81%A5%E3%82%84%E3%81%8B%20%E6%9D%B1%E4%BA%AC%E9%83%BD%E6%AD%A6%E8%94%B5%E9%87%8E%E5%B8%82%E4%B8%AD%E7%94%BA1-28-1%20%E7%9F%A2%E5%B3%B6%E3%83%93%E3%83%AB%20102,2023,ラーメン TOKYO,ramen_tokyo,発表日：2023年12月5日
麺処 晴,東京都台東区下谷1-11-7,食べログ ラーメン TOKYO 百名店 2023,https://tabelog.com/tokyo/A1311/A131104/13143115/,https://www.google.com/maps/search/?api=1&query=%E9%BA%BA%E5%87%A6%20%E6%99%B4%20%E6%9D%B1%E4%BA%AC%E9%83%BD%E5%8F%B0%E6%9D%B1%E5%8C%BA%E4%B8%8B%E8%B0%B71-11-7,2023,ラーメン TOKYO,ramen_tokyo,発表日：2023年12月5日
麺処 銀笹,東京都中央区銀座8-15-2 藤ビル 1F,食べログ ラーメン TOKYO 百名店 2023,https://tabelog.com/tokyo/A1301/A130103/13119563/,https://www.google.com/maps/search/?api=1&query=%E9%BA%BA%E5%87%A6%20%E9%8A%80%E7%AC%B9%20%E6%9D%B1%E4%BA%AC%E9%83%BD%E4%B8%AD%E5%A4%AE%E5%8C%BA%E9%8A%80%E5%BA%A78-15-2%20%E8%97%A4%E3%83%93%E3%83%AB%201F,2023,ラーメン TOKYO,ramen_tokyo,発表日：2023年12月5日
Homemade Ramen 麦苗,東京都品川区南大井6-11-10,食べログ ラーメン TOKYO 百名店 2023,https://tabelog.com/tokyo/A1315/A131502/13194812/,https://www.google.com/maps/search/?api=1&query=Homemade%20Ramen%20%E9%BA%A6%E8%8B%97%20%E6%9D%B1%E4%BA%AC%E9%83%BD%E5%93%81%E5%B7%9D%E5%8C%BA%E5%8D%97%E5%A4%A7%E4%BA%956-11-10,2023,ラーメン TOKYO,ramen_tokyo,発表日：2023年12月5日
銀座 朧月,東京都中央区銀座6-3-5 第一高橋ビル 1F,食べログ ラーメン TOKYO 百名店 2023,https://tabelog.com/tokyo/A1301/A130101/13118141/,https://www.google.com/maps/search/?api=1&query=%E9%8A%80%E5%BA%A7%20%E6%9C%A7%E6%9C%88%20%E6%9D%B1%E4%BA%AC%E9%83%BD%E4%B8%AD%E5%A4%AE%E5%8C%BA%E9%8A%80%E5%BA%A76-3-5%20%E7%AC%AC%E4%B8%80%E9%AB%98%E6%A9%8B%E3%83%93%E3%83%AB%201F,2023,ラーメン TOKYO,ramen_tokyo,発表日：2023年12月5日
阿左美冷蔵 金崎本店,埼玉県秩父郡皆野町金崎27-1,食べログ スイーツ EAST 百名店 2023,https://tabelog.com/saitama/A1107/A110704/11000259/,https://www.google.com/maps/search/?api=1&query=%E9%98%BF%E5%B7%A6%E7%BE%8E%E5%86%B7%E8%94%B5%20%E9%87%91%E5%B4%8E%E6%9C%AC%E5%BA%97%20%E5%9F%BC%E7%8E%89%E7%9C%8C%E7%A7%A9%E7%88%B6%E9%83%A1%E7%9A%86%E9%87%8E%E7%94%BA%E9%87%91%E5%B4%8E27-1,2023,スイーツ EAST,sweets_east,発表日：2023年8月15日
エシレ・パティスリー オ ブール 横浜高島屋店,神奈川県横浜市西区南幸1-6-31 横浜タカシマヤ B1F,食べログ スイーツ EAST 百名店 2023,https://tabelog.com/kanagawa/A1401/A140101/14082517/,https://www.google.com/maps/search/?api=1&query=%E3%82%A8%E3%82%B7%E3%83%AC%E3%83%BB%E3%83%91%E3%83%86%E3%82%A3%E3%82%B9%E3%83%AA%E3%83%BC%20%E3%82%AA%20%E3%83%96%E3%83%BC%E3%83%AB%20%E6%A8%AA%E6%B5%9C%E9%AB%98%E5%B3%B6%E5%B1%8B%E5%BA%97%20%E7%A5%9E%E5%A5%88%E5%B7%9D%E7%9C%8C%E6%A8%AA%E6%B5%9C%E5%B8%82%E8%A5%BF%E5%8C%BA%E5%8D%97%E5%B9%B81-6-31%20%E6%A8%AA%E6%B5%9C%E3%82%BF%E3%82%AB%E3%82%B7%E3%83%9E%E3%83%A4%20B1F,2023,スイーツ EAST,sweets_east,発表日：2023年8月15日
Un Petit Paquet,神奈川県横浜市青葉区みすずが丘19-1,食べログ スイーツ EAST 百名店 2023,https://tabelog.com/kanagawa/A1401/A140201/14000173/,https://www.google.com/maps/search/?api=1&query=Un%20Petit%20Paquet%20%E7%A5%9E%E5%A5%88%E5%B7%9D%E7%9C%8C%E6%A8%AA%E6%B5%9C%E5%B8%82%E9%9D%92%E8%91%89%E5%8C%BA%E3%81%BF%E3%81%99%E3%81%9A%E3%81%8C%E4%B8%9819-1,2023,スイーツ EAST,sweets_east,発表日：2023年8月15日
アカシエ 北浦和本店,埼玉県さいたま市浦和区常盤10-6-11,食べログ スイーツ EAST 百名店 2023,https://tabelog.com/saitama/A1101/A110102/11048460/,https://www.google.com/maps/search/?api=1&query=%E3%82%A2%E3%82%AB%E3%82%B7%E3%82%A8%20%E5%8C%97%E6%B5%A6%E5%92%8C%E6%9C%AC%E5%BA%97%20%E5%9F%BC%E7%8E%89%E7%9C%8C%E3%81%95%E3%81%84%E3%81%9F%E3%81%BE%E5%B8%82%E6%B5%A6%E5%92%8C%E5%8C%BA%E5%B8%B8%E7%9B%A410-6-11,2023,スイーツ EAST,sweets_east,発表日：2023年8月15日
BASCULE,神奈川県-横浜市都筑区茅ヶ崎中央22-15 ルーナレガーロ 1F,食べログ スイーツ EAST 百名店 2023,https://tabelog.com/kanagawa/A1401/A140203/14087319/,https://www.google.com/maps/search/?api=1&query=BASCULE%20%E7%A5%9E%E5%A5%88%E5%B7%9D%E7%9C%8C-%E6%A8%AA%E6%B5%9C%E5%B8%82%E9%83%BD%E7%AD%91%E5%8C%BA%E8%8C%85%E3%83%B6%E5%B4%8E%E4%B8%AD%E5%A4%AE22-15%20%E3%83%AB%E3%83%BC%E3%83%8A%E3%83%AC%E3%82%AC%E3%83%BC%E3%83%AD%201F,2023,スイーツ EAST,sweets_east,発表日：2023年8月15日
華正樓 横浜中華街新館売店,神奈川県横浜市中区山下町164,食べログ スイーツ EAST 百名店 2023,https://tabelog.com/kanagawa/A1401/A140105/14000109/,https://www.google.com/maps/search/?api=1&query=%E8%8F%AF%E6%AD%A3%E6%A8%93%20%E6%A8%AA%E6%B5%9C%E4%B8%AD%E8%8F%AF%E8%A1%97%E6%96%B0%E9%A4%A8%E5%A3%B2%E5%BA%97%20%E7%A5%9E%E5%A5%88%E5%B7%9D%E7%9C%8C%E6%A8%AA%E6%B5%9C%E5%B8%82%E4%B8%AD%E5%8C%BA%E5%B1%B1%E4%B8%8B%E7%94%BA164,2023,スイーツ EAST,sweets_east,発表日：2023年8月15日
一夜城 ヨロイヅカ・ファーム,神奈川県小田原市早川1352-110,食べログ スイーツ EAST 百名店 2023,https://tabelog.com/kanagawa/A1409/A140901/14043156/,https://www.google.com/maps/search/?api=1&query=%E4%B8%80%E5%A4%9C%E5%9F%8E%20%E3%83%A8%E3%83%AD%E3%82%A4%E3%83%85%E3%82%AB%E3%83%BB%E3%83%95%E3%82%A1%E3%83%BC%E3%83%A0%20%E7%A5%9E%E5%A5%88%E5%B7%9D%E7%9C%8C%E5%B0%8F%E7%94%B0%E5%8E%9F%E5%B8%82%E6%97%A9%E5%B7%9D1352-110,2023,スイーツ EAST,sweets_east,発表日：2023年8月15日
レナーズ 横浜ワールドポーターズ店,神奈川県横浜市中区新港2-2-1 横浜ワールドポーターズ 1F,食べログ スイーツ EAST 百名店 2023,https://tabelog.com/kanagawa/A1401/A140104/14014796/,https://www.google.com/maps/search/?api=1&query=%E3%83%AC%E3%83%8A%E3%83%BC%E3%82%BA%20%E6%A8%AA%E6%B5%9C%E3%83%AF%E3%83%BC%E3%83%AB%E3%83%89%E3%83%9D%E3%83%BC%E3%82%BF%E3%83%BC%E3%82%BA%E5%BA%97%20%E7%A5%9E%E5%A5%88%E5%B7%9D%E7%9C%8C%E6%A8%AA%E6%B5%9C%E5%B8%82%E4%B8%AD%E5%8C%BA%E6%96%B0%E6%B8%AF2-2-1%20%E6%A8%AA%E6%B5%9C%E3%83%AF%E3%83%BC%E3%83%AB%E3%83%89%E3%83%9D%E3%83%BC%E3%82%BF%E3%83%BC%E3%82%BA%201F,2023,スイーツ EAST,sweets_east,発表日：2023年8月15日
ル・パティシエ ヨコヤマ 京成大久保店,千葉県習志野市大久保1-1-34,食べログ スイーツ EAST 百名店 2023,https://tabelog.com/chiba/A1202/A120204/12000513/,https://www.google.com/maps/search/?api=1&query=%E3%83%AB%E3%83%BB%E3%83%91%E3%83%86%E3%82%A3%E3%82%B7%E3%82%A8%20%E3%83%A8%E3%82%B3%E3%83%A4%E3%83%9E%20%E4%BA%AC%E6%88%90%E5%A4%A7%E4%B9%85%E4%BF%9D%E5%BA%97%20%E5%8D%83%E8%91%89%E7%9C%8C%E7%BF%92%E5%BF%97%E9%87%8E%E5%B8%82%E5%A4%A7%E4%B9%85%E4%BF%9D1-1-34,2023,スイーツ EAST,sweets_east,発表日：2023年8月15日
シンフラ,埼玉県志木市幸町3-4-50,食べログ スイーツ EAST 百名店 2023,https://tabelog.com/saitama/A1103/A110302/11035335/,https://www.google.com/maps/search/?api=1&query=%E3%82%B7%E3%83%B3%E3%83%95%E3%83%A9%20%E5%9F%BC%E7%8E%89%E7%9C%8C%E5%BF%97%E6%9C%A8%E5%B8%82%E5%B9%B8%E7%94%BA3-4-50,2023,スイーツ EAST,sweets_east,発表日：2023年8月15日
シャンドワゾー,埼玉県川口市幸町1-1-26,食べログ スイーツ EAST 百名店 2023,https://tabelog.com/saitama/A1102/A110201/11025121/,https://www.google.com/maps/search/?api=1&query=%E3%82%B7%E3%83%A3%E3%83%B3%E3%83%89%E3%83%AF%E3%82%BE%E3%83%BC%20%E5%9F%BC%E7%8E%89%E7%9C%8C%E5%B7%9D%E5%8F%A3%E5%B8%82%E5%B9%B8%E7%94%BA1-1-26,2023,スイーツ EAST,sweets_east,発表日：2023年8月15日
ナッシュカッツェ,神奈川県横浜市青葉区荏田西2-15-1,食べログ スイーツ EAST 百名店 2023,https://tabelog.com/kanagawa/A1401/A140201/14010007/,https://www.google.com/maps/search/?api=1&query=%E3%83%8A%E3%83%83%E3%82%B7%E3%83%A5%E3%82%AB%E3%83%83%E3%83%84%E3%82%A7%20%E7%A5%9E%E5%A5%88%E5%B7%9D%E7%9C%8C%E6%A8%AA%E6%B5%9C%E5%B8%82%E9%9D%92%E8%91%89%E5%8C%BA%E8%8D%8F%E7%94%B0%E8%A5%BF2-15-1,2023,スイーツ EAST,sweets_east,発表日：2023年8月15日
パティスリー ロタンティック,埼玉県さいたま市南区文蔵2-29-19 ksマンション文蔵 1Ｆ,食べログ スイーツ EAST 百名店 2023,https://tabelog.com/saitama/A1101/A110102/11035023/,https://www.google.com/maps/search/?api=1&query=%E3%83%91%E3%83%86%E3%82%A3%E3%82%B9%E3%83%AA%E3%83%BC%20%E3%83%AD%E3%82%BF%E3%83%B3%E3%83%86%E3%82%A3%E3%83%83%E3%82%AF%20%E5%9F%BC%E7%8E%89%E7%9C%8C%E3%81%95%E3%81%84%E3%81%9F%E3%81%BE%E5%B8%82%E5%8D%97%E5%8C%BA%E6%96%87%E8%94%B52-29-19%20ks%E3%83%9E%E3%83%B3%E3%82%B7%E3%83%A7%E3%83%B3%E6%96%87%E8%94%B5%201%EF%BC%A6,2023,スイーツ EAST,sweets_east,発表日：2023年8月15日
フリューリング,神奈川県三浦郡葉山町堀内563,食べログ スイーツ EAST 百名店 2023,https://tabelog.com/kanagawa/A1406/A140602/14051665/,https://www.google.com/maps/search/?api=1&query=%E3%83%95%E3%83%AA%E3%83%A5%E3%83%BC%E3%83%AA%E3%83%B3%E3%82%B0%20%E7%A5%9E%E5%A5%88%E5%B7%9D%E7%9C%8C%E4%B8%89%E6%B5%A6%E9%83%A1%E8%91%89%E5%B1%B1%E7%94%BA%E5%A0%80%E5%86%85563,2023,スイーツ EAST,sweets_east,発表日：2023年8月15日
霧原,神奈川県三浦郡葉山町一色653,食べログ スイーツ EAST 百名店 2023,https://tabelog.com/kanagawa/A1406/A140602/14041988/,https://www.google.com/maps/search/?api=1&query=%E9%9C%A7%E5%8E%9F%20%E7%A5%9E%E5%A5%88%E5%B7%9D%E7%9C%8C%E4%B8%89%E6%B5%A6%E9%83%A1%E8%91%89%E5%B1%B1%E7%94%BA%E4%B8%80%E8%89%B2653,2023,スイーツ EAST,sweets_east,発表日：2023年8月15日
さがみや,神奈川県足柄下郡箱根町湯本706-35,食べログ スイーツ EAST 百名店 2023,https://tabelog.com/kanagawa/A1410/A141001/14031326/,https://www.google.com/maps/search/?api=1&query=%E3%81%95%E3%81%8C%E3%81%BF%E3%82%84%20%E7%A5%9E%E5%A5%88%E5%B7%9D%E7%9C%8C%E8%B6%B3%E6%9F%84%E4%B8%8B%E9%83%A1%E7%AE%B1%E6%A0%B9%E7%94%BA%E6%B9%AF%E6%9C%AC706-35,2023,スイーツ EAST,sweets_east,発表日：2023年8月15日
スイーツガーデン ユウジアジキ,神奈川県横浜市都筑区北山田2-1-11 ベニシア　１Ｆ,食べログ スイーツ EAST 百名店 2023,https://tabelog.com/kanagawa/A1401/A140203/14035784/,https://www.google.com/maps/search/?api=1&query=%E3%82%B9%E3%82%A4%E3%83%BC%E3%83%84%E3%82%AC%E3%83%BC%E3%83%87%E3%83%B3%20%E3%83%A6%E3%82%A6%E3%82%B8%E3%82%A2%E3%82%B8%E3%82%AD%20%E7%A5%9E%E5%A5%88%E5%B7%9D%E7%9C%8C%E6%A8%AA%E6%B5%9C%E5%B8%82%E9%83%BD%E7%AD%91%E5%8C%BA%E5%8C%97%E5%B1%B1%E7%94%B02-1-11%20%E3%83%99%E3%83%8B%E3%82%B7%E3%82%A2%E3%80%80%EF%BC%91%EF%BC%A6,2023,スイーツ EAST,sweets_east,発表日：2023年8月15日
バニラビーンズ みなとみらい本店,神奈川県横浜市中区海岸通5-25-2 シャレール海岸通 1F,食べログ スイーツ EAST 百名店 2023,https://tabelog.com/kanagawa/A1401/A140104/14053382/,https://www.google.com/maps/search/?api=1&query=%E3%83%90%E3%83%8B%E3%83%A9%E3%83%93%E3%83%BC%E3%83%B3%E3%82%BA%20%E3%81%BF%E3%81%AA%E3%81%A8%E3%81%BF%E3%82%89%E3%81%84%E6%9C%AC%E5%BA%97%20%E7%A5%9E%E5%A5%88%E5%B7%9D%E7%9C%8C%E6%A8%AA%E6%B5%9C%E5%B8%82%E4%B8%AD%E5%8C%BA%E6%B5%B7%E5%B2%B8%E9%80%9A5-25-2%20%E3%82%B7%E3%83%A3%E3%83%AC%E3%83%BC%E3%83%AB%E6%B5%B7%E5%B2%B8%E9%80%9A%201F,2023,スイーツ EAST,sweets_east,発表日：2023年8月15日
水信フルーツパーラーラボ,神奈川県横浜市中区桜木町1-1-7 Colette-Mare 2F,食べログ スイーツ EAST 百名店 2023,https://tabelog.com/kanagawa/A1401/A140102/14070565/,https://www.google.com/maps/search/?api=1&query=%E6%B0%B4%E4%BF%A1%E3%83%95%E3%83%AB%E3%83%BC%E3%83%84%E3%83%91%E3%83%BC%E3%83%A9%E3%83%BC%E3%83%A9%E3%83%9C%20%E7%A5%9E%E5%A5%88%E5%B7%9D%E7%9C%8C%E6%A8%AA%E6%B5%9C%E5%B8%82%E4%B8%AD%E5%8C%BA%E6%A1%9C%E6%9C%A8%E7%94%BA1-1-7%20Colette-Mare%202F,2023,スイーツ EAST,sweets_east,発表日：2023年8月15日
レ・ザンジュ 鎌倉本店,神奈川県鎌倉市御成町13-35,食べログ スイーツ EAST 百名店 2023,https://tabelog.com/kanagawa/A1404/A140402/14002658/,https://www.google.com/maps/search/?api=1&query=%E3%83%AC%E3%83%BB%E3%82%B6%E3%83%B3%E3%82%B8%E3%83%A5%20%E9%8E%8C%E5%80%89%E6%9C%AC%E5%BA%97%20%E7%A5%9E%E5%A5%88%E5%B7%9D%E7%9C%8C%E9%8E%8C%E5%80%89%E5%B8%82%E5%BE%A1%E6%88%90%E7%94%BA13-35,2023,スイーツ EAST,sweets_east,発表日：2023年8月15日
オークウッド,埼玉県春日部市八丁目966-51,食べログ スイーツ EAST 百名店 2023,https://tabelog.com/saitama/A1102/A110204/11000265/,https://www.google.com/maps/search/?api=1&query=%E3%82%AA%E3%83%BC%E3%82%AF%E3%82%A6%E3%83%83%E3%83%89%20%E5%9F%BC%E7%8E%89%E7%9C%8C%E6%98%A5%E6%97%A5%E9%83%A8%E5%B8%82%E5%85%AB%E4%B8%81%E7%9B%AE966-51,2023,スイーツ EAST,sweets_east,発表日：2023年8月15日
MAISON GIVRÉE,神奈川県大和市中央林間4-27-18,食べログ スイーツ EAST 百名店 2023,https://tabelog.com/kanagawa/A1407/A140702/14067993/,https://www.google.com/maps/search/?api=1&query=MAISON%20GIVR%C3%89E%20%E7%A5%9E%E5%A5%88%E5%B7%9D%E7%9C%8C%E5%A4%A7%E5%92%8C%E5%B8%82%E4%B8%AD%E5%A4%AE%E6%9E%97%E9%96%934-27-18,2023,スイーツ EAST,sweets_east,発表日：2023年8月15日
アトリエうかい たまプラーザ,神奈川県横浜市青葉区新石川2-4-10 モリテックスたまプラーザビル 1F,食べログ スイーツ EAST 百名店 2023,https://tabelog.com/kanagawa/A1401/A140201/14054070/,https://www.google.com/maps/search/?api=1&query=%E3%82%A2%E3%83%88%E3%83%AA%E3%82%A8%E3%81%86%E3%81%8B%E3%81%84%20%E3%81%9F%E3%81%BE%E3%83%97%E3%83%A9%E3%83%BC%E3%82%B6%20%E7%A5%9E%E5%A5%88%E5%B7%9D%E7%9C%8C%E6%A8%AA%E6%B5%9C%E5%B8%82%E9%9D%92%E8%91%89%E5%8C%BA%E6%96%B0%E7%9F%B3%E5%B7%9D2-4-10%20%E3%83%A2%E3%83%AA%E3%83%86%E3%83%83%E3%82%AF%E3%82%B9%E3%81%9F%E3%81%BE%E3%83%97%E3%83%A9%E3%83%BC%E3%82%B6%E3%83%93%E3%83%AB%201F,2023,スイーツ EAST,sweets_east,発表日：2023年8月15日
ラ・コート・ダジュール 本店,茨城県つくば市東新井19-26,食べログ スイーツ EAST 百名店 2023,https://tabelog.com/ibaraki/A0802/A080201/8000029/,https://www.google.com/maps/search/?api=1&query=%E3%83%A9%E3%83%BB%E3%82%B3%E3%83%BC%E3%83%88%E3%83%BB%E3%83%80%E3%82%B8%E3%83%A5%E3%83%BC%E3%83%AB%20%E6%9C%AC%E5%BA%97%20%E8%8C%A8%E5%9F%8E%E7%9C%8C%E3%81%A4%E3%81%8F%E3%81%B0%E5%B8%82%E6%9D%B1%E6%96%B0%E4%BA%9519-26,2023,スイーツ EAST,sweets_east,発表日：2023年8月15日
ラトリエヒロワキサカ,神奈川県川崎市中原区小杉町2-276-1 パークシティ武蔵小杉ザガーデンタワーズイースト 1F,食べログ スイーツ EAST 百名店 2023,https://tabelog.com/kanagawa/A1405/A140504/14072460/,https://www.google.com/maps/search/?api=1&query=%E3%83%A9%E3%83%88%E3%83%AA%E3%82%A8%E3%83%92%E3%83%AD%E3%83%AF%E3%82%AD%E3%82%B5%E3%82%AB%20%E7%A5%9E%E5%A5%88%E5%B7%9D%E7%9C%8C%E5%B7%9D%E5%B4%8E%E5%B8%82%E4%B8%AD%E5%8E%9F%E5%8C%BA%E5%B0%8F%E6%9D%89%E7%94%BA2-276-1%20%E3%83%91%E3%83%BC%E3%82%AF%E3%82%B7%E3%83%86%E3%82%A3%E6%AD%A6%E8%94%B5%E5%B0%8F%E6%9D%89%E3%82%B6%E3%82%AC%E3%83%BC%E3%83%87%E3%83%B3%E3%82%BF%E3%83%AF%E3%83%BC%E3%82%BA%E3%82%A4%E3%83%BC%E3%82%B9%E3%83%88%201F,2023,スイーツ EAST,sweets_east,発表日：2023年8月15日
ロミユニ・コンフィチュール,神奈川県鎌倉市小町2-15-11,食べログ スイーツ EAST 百名店 2023,https://tabelog.com/kanagawa/A1404/A140402/14060662/,https://www.google.com/maps/search/?api=1&query=%E3%83%AD%E3%83%9F%E3%83%A6%E3%83%8B%E3%83%BB%E3%82%B3%E3%83%B3%E3%83%95%E3%82%A3%E3%83%81%E3%83%A5%E3%83%BC%E3%83%AB%20%E7%A5%9E%E5%A5%88%E5%B7%9D%E7%9C%8C%E9%8E%8C%E5%80%89%E5%B8%82%E5%B0%8F%E7%94%BA2-15-11,2023,スイーツ EAST,sweets_east,発表日：2023年8月15日
喜久家洋菓子舗 元町本店,神奈川県横浜市中区元町2-86,食べログ スイーツ EAST 百名店 2023,https://tabelog.com/kanagawa/A1401/A140105/14002810/,https://www.google.com/maps/search/?api=1&query=%E5%96%9C%E4%B9%85%E5%AE%B6%E6%B4%8B%E8%8F%93%E5%AD%90%E8%88%97%20%E5%85%83%E7%94%BA%E6%9C%AC%E5%BA%97%20%E7%A5%9E%E5%A5%88%E5%B7%9D%E7%9C%8C%E6%A8%AA%E6%B5%9C%E5%B8%82%E4%B8%AD%E5%8C%BA%E5%85%83%E7%94%BA2-86,2023,スイーツ EAST,sweets_east,発表日：2023年8月15日
アカシエ 浦和店,埼玉県さいたま市浦和区仲町4-1-12 プリマベーラ １Ｆ,食べログ スイーツ EAST 百名店 2023,https://tabelog.com/saitama/A1101/A110102/11003500/,https://www.google.com/maps/search/?api=1&query=%E3%82%A2%E3%82%AB%E3%82%B7%E3%82%A8%20%E6%B5%A6%E5%92%8C%E5%BA%97%20%E5%9F%BC%E7%8E%89%E7%9C%8C%E3%81%95%E3%81%84%E3%81%9F%E3%81%BE%E5%B8%82%E6%B5%A6%E5%92%8C%E5%8C%BA%E4%BB%B2%E7%94%BA4-1-12%20%E3%83%97%E3%83%AA%E3%83%9E%E3%83%99%E3%83%BC%E3%83%A9%20%EF%BC%91%EF%BC%A6,2023,スイーツ EAST,sweets_east,発表日：2023年8月15日
パティスリー イケダ,神奈川県横浜市都筑区茅ケ崎中央46-14,食べログ スイーツ EAST 百名店 2023,https://tabelog.com/kanagawa/A1401/A140203/14038154/,https://www.google.com/maps/search/?api=1&query=%E3%83%91%E3%83%86%E3%82%A3%E3%82%B9%E3%83%AA%E3%83%BC%20%E3%82%A4%E3%82%B1%E3%83%80%20%E7%A5%9E%E5%A5%88%E5%B7%9D%E7%9C%8C%E6%A8%AA%E6%B5%9C%E5%B8%82%E9%83%BD%E7%AD%91%E5%8C%BA%E8%8C%85%E3%82%B1%E5%B4%8E%E4%B8%AD%E5%A4%AE46-14,2023,スイーツ EAST,sweets_east,発表日：2023年8月15日
見波亭 金谷本店,千葉県富津市金谷2288 ザ・フィッシュ内,食べログ スイーツ EAST 百名店 2023,https://tabelog.com/chiba/A1206/A120603/12005007/,https://www.google.com/maps/search/?api=1&query=%E8%A6%8B%E6%B3%A2%E4%BA%AD%20%E9%87%91%E8%B0%B7%E6%9C%AC%E5%BA%97%20%E5%8D%83%E8%91%89%E7%9C%8C%E5%AF%8C%E6%B4%A5%E5%B8%82%E9%87%91%E8%B0%B72288%20%E3%82%B6%E3%83%BB%E3%83%95%E3%82%A3%E3%83%83%E3%82%B7%E3%83%A5%E5%86%85,2023,スイーツ EAST,sweets_east,発表日：2023年8月15日
パティスリー サツキ,千葉県千葉市美浜区ひび野2-120-3 ホテルニューオータニ幕張 1F,食べログ スイーツ EAST 百名店 2023,https://tabelog.com/chiba/A1201/A120102/12005210/,https://www.google.com/maps/search/?api=1&query=%E3%83%91%E3%83%86%E3%82%A3%E3%82%B9%E3%83%AA%E3%83%BC%20%E3%82%B5%E3%83%84%E3%82%AD%20%E5%8D%83%E8%91%89%E7%9C%8C%E5%8D%83%E8%91%89%E5%B8%82%E7%BE%8E%E6%B5%9C%E5%8C%BA%E3%81%B2%E3%81%B3%E9%87%8E2-120-3%20%E3%83%9B%E3%83%86%E3%83%AB%E3%83%8B%E3%83%A5%E3%83%BC%E3%82%AA%E3%83%BC%E3%82%BF%E3%83%8B%E5%B9%95%E5%BC%B5%201F,2023,スイーツ EAST,sweets_east,発表日：2023年8月15日
CALVA,神奈川県鎌倉市大船1-12-18 エミールビル 1F,食べログ スイーツ EAST 百名店 2023,https://tabelog.com/kanagawa/A1404/A140401/14030857/,https://www.google.com/maps/search/?api=1&query=CALVA%20%E7%A5%9E%E5%A5%88%E5%B7%9D%E7%9C%8C%E9%8E%8C%E5%80%89%E5%B8%82%E5%A4%A7%E8%88%B91-12-18%20%E3%82%A8%E3%83%9F%E3%83%BC%E3%83%AB%E3%83%93%E3%83%AB%201F,2023,スイーツ EAST,sweets_east,発表日：2023年8月15日
ベイク ルーム,神奈川県横浜市中区吉田町6-2 山下･呉ビル 101,食べログ スイーツ EAST 百名店 2023,https://tabelog.com/kanagawa/A1401/A140102/14064844/,https://www.google.com/maps/search/?api=1&query=%E3%83%99%E3%82%A4%E3%82%AF%20%E3%83%AB%E3%83%BC%E3%83%A0%20%E7%A5%9E%E5%A5%88%E5%B7%9D%E7%9C%8C%E6%A8%AA%E6%B5%9C%E5%B8%82%E4%B8%AD%E5%8C%BA%E5%90%89%E7%94%B0%E7%94%BA6-2%20%E5%B1%B1%E4%B8%8B%EF%BD%A5%E5%91%89%E3%83%93%E3%83%AB%20101,2023,スイーツ EAST,sweets_east,発表日：2023年8月15日
コクリコクレープ店,神奈川県鎌倉市雪ノ下1-6-4,食べログ スイーツ EAST 百名店 2023,https://tabelog.com/kanagawa/A1404/A140402/14002246/,https://www.google.com/maps/search/?api=1&query=%E3%82%B3%E3%82%AF%E3%83%AA%E3%82%B3%E3%82%AF%E3%83%AC%E3%83%BC%E3%83%97%E5%BA%97%20%E7%A5%9E%E5%A5%88%E5%B7%9D%E7%9C%8C%E9%8E%8C%E5%80%89%E5%B8%82%E9%9B%AA%E3%83%8E%E4%B8%8B1-6-4,2023,スイーツ EAST,sweets_east,発表日：2023年8月15日
聚楽,神奈川県横浜市中区山下町143,食べログ スイーツ EAST 百名店 2023,https://tabelog.com/kanagawa/A1401/A140105/14010383/,https://www.google.com/maps/search/?api=1&query=%E8%81%9A%E6%A5%BD%20%E7%A5%9E%E5%A5%88%E5%B7%9D%E7%9C%8C%E6%A8%AA%E6%B5%9C%E5%B8%82%E4%B8%AD%E5%8C%BA%E5%B1%B1%E4%B8%8B%E7%94%BA143,2023,スイーツ EAST,sweets_east,発表日：2023年8月15日
ル・パティシエ ヨコヤマ 谷津店,千葉県習志野市谷津4-8-45,食べログ スイーツ EAST 百名店 2023,https://tabelog.com/chiba/A1202/A120204/12000255/,https://www.google.com/maps/search/?api=1&query=%E3%83%AB%E3%83%BB%E3%83%91%E3%83%86%E3%82%A3%E3%82%B7%E3%82%A8%20%E3%83%A8%E3%82%B3%E3%83%A4%E3%83%9E%20%E8%B0%B7%E6%B4%A5%E5%BA%97%20%E5%8D%83%E8%91%89%E7%9C%8C%E7%BF%92%E5%BF%97%E9%87%8E%E5%B8%82%E8%B0%B7%E6%B4%A54-8-45,2023,スイーツ EAST,sweets_east,発表日：2023年8月15日
アングランパ,埼玉県さいたま市大宮区吉敷町4-187-1,食べログ スイーツ EAST 百名店 2023,https://tabelog.com/saitama/A1101/A110101/11035130/,https://www.google.com/maps/search/?api=1&query=%E3%82%A2%E3%83%B3%E3%82%B0%E3%83%A9%E3%83%B3%E3%83%91%20%E5%9F%BC%E7%8E%89%E7%9C%8C%E3%81%95%E3%81%84%E3%81%9F%E3%81%BE%E5%B8%82%E5%A4%A7%E5%AE%AE%E5%8C%BA%E5%90%89%E6%95%B7%E7%94%BA4-187-1,2023,スイーツ EAST,sweets_east,発表日：2023年8月15日
リリエンベルグ,神奈川県川崎市麻生区上麻生4-18-17,食べログ スイーツ EAST 百名店 2023,https://tabelog.com/kanagawa/A1405/A140508/14000034/,https://www.google.com/maps/search/?api=1&query=%E3%83%AA%E3%83%AA%E3%82%A8%E3%83%B3%E3%83%99%E3%83%AB%E3%82%B0%20%E7%A5%9E%E5%A5%88%E5%B7%9D%E7%9C%8C%E5%B7%9D%E5%B4%8E%E5%B8%82%E9%BA%BB%E7%94%9F%E5%8C%BA%E4%B8%8A%E9%BA%BB%E7%94%9F4-18-17,2023,スイーツ EAST,sweets_east,発表日：2023年8月15日
オ・プティ・マタン,神奈川県横浜市金沢区大川7-4 レイディアントシティ横浜　１Ｆ,食べログ スイーツ EAST 百名店 2023,https://tabelog.com/kanagawa/A1401/A140310/14011336/,https://www.google.com/maps/search/?api=1&query=%E3%82%AA%E3%83%BB%E3%83%97%E3%83%86%E3%82%A3%E3%83%BB%E3%83%9E%E3%82%BF%E3%83%B3%20%E7%A5%9E%E5%A5%88%E5%B7%9D%E7%9C%8C%E6%A8%AA%E6%B5%9C%E5%B8%82%E9%87%91%E6%B2%A2%E5%8C%BA%E5%A4%A7%E5%B7%9D7-4%20%E3%83%AC%E3%82%A4%E3%83%87%E3%82%A3%E3%82%A2%E3%83%B3%E3%83%88%E3%82%B7%E3%83%86%E3%82%A3%E6%A8%AA%E6%B5%9C%E3%80%80%EF%BC%91%EF%BC%A6,2023,スイーツ EAST,sweets_east,発表日：2023年8月15日
グランディール アンサンブル,神奈川県鎌倉市由比ガ浜1-1-30,食べログ スイーツ EAST 百名店 2023,https://tabelog.com/kanagawa/A1404/A140402/14061044/,https://www.google.com/maps/search/?api=1&query=%E3%82%B0%E3%83%A9%E3%83%B3%E3%83%87%E3%82%A3%E3%83%BC%E3%83%AB%20%E3%82%A2%E3%83%B3%E3%82%B5%E3%83%B3%E3%83%96%E3%83%AB%20%E7%A5%9E%E5%A5%88%E5%B7%9D%E7%9C%8C%E9%8E%8C%E5%80%89%E5%B8%82%E7%94%B1%E6%AF%94%E3%82%AC%E6%B5%9C1-1-30,2023,スイーツ EAST,sweets_east,発表日：2023年8月15日
パティスリー オランジュ,埼玉県朝霞市西弁財2-2-24 かつみビル1階,食べログ スイーツ EAST 百名店 2023,https://tabelog.com/saitama/A1103/A110301/11024456/,https://www.google.com/maps/search/?api=1&query=%E3%83%91%E3%83%86%E3%82%A3%E3%82%B9%E3%83%AA%E3%83%BC%20%E3%82%AA%E3%83%A9%E3%83%B3%E3%82%B8%E3%83%A5%20%E5%9F%BC%E7%8E%89%E7%9C%8C%E6%9C%9D%E9%9C%9E%E5%B8%82%E8%A5%BF%E5%BC%81%E8%B2%A12-2-24%20%E3%81%8B%E3%81%A4%E3%81%BF%E3%83%93%E3%83%AB1%E9%9A%8E,2023,スイーツ EAST,sweets_east,発表日：2023年8月15日
ミセスエリザベスマフィン ランドマークプラザ店,神奈川県横浜市西区みなとみらい2-2-1 ランドマークプラザ 1F,食べログ スイーツ EAST 百名店 2023,https://tabelog.com/kanagawa/A1401/A140103/14002570/,https://www.google.com/maps/search/?api=1&query=%E3%83%9F%E3%82%BB%E3%82%B9%E3%82%A8%E3%83%AA%E3%82%B6%E3%83%99%E3%82%B9%E3%83%9E%E3%83%95%E3%82%A3%E3%83%B3%20%E3%83%A9%E3%83%B3%E3%83%89%E3%83%9E%E3%83%BC%E3%82%AF%E3%83%97%E3%83%A9%E3%82%B6%E5%BA%97%20%E7%A5%9E%E5%A5%88%E5%B7%9D%E7%9C%8C%E6%A8%AA%E6%B5%9C%E5%B8%82%E8%A5%BF%E5%8C%BA%E3%81%BF%E3%81%AA%E3%81%A8%E3%81%BF%E3%82%89%E3%81%842-2-1%20%E3%83%A9%E3%83%B3%E3%83%89%E3%83%9E%E3%83%BC%E3%82%AF%E3%83%97%E3%83%A9%E3%82%B6%201F,2023,スイーツ EAST,sweets_east,発表日：2023年8月15日
パブロフ 元町本店,神奈川県横浜市中区山下町105 1F,食べログ スイーツ EAST 百名店 2023,https://tabelog.com/kanagawa/A1401/A140105/14046956/,https://www.google.com/maps/search/?api=1&query=%E3%83%91%E3%83%96%E3%83%AD%E3%83%95%20%E5%85%83%E7%94%BA%E6%9C%AC%E5%BA%97%20%E7%A5%9E%E5%A5%88%E5%B7%9D%E7%9C%8C%E6%A8%AA%E6%B5%9C%E5%B8%82%E4%B8%AD%E5%8C%BA%E5%B1%B1%E4%B8%8B%E7%94%BA105%201F,2023,スイーツ EAST,sweets_east,発表日：2023年8月15日
タダシ ヤナギ マルイファミリー海老名店,神奈川県海老名市中央1-295-1 マルイファミリー海老名店 １Ｆ,食べログ スイーツ EAST 百名店 2023,https://tabelog.com/kanagawa/A1408/A140801/14000712/,https://www.google.com/maps/search/?api=1&query=%E3%82%BF%E3%83%80%E3%82%B7%20%E3%83%A4%E3%83%8A%E3%82%AE%20%E3%83%9E%E3%83%AB%E3%82%A4%E3%83%95%E3%82%A1%E3%83%9F%E3%83%AA%E3%83%BC%E6%B5%B7%E8%80%81%E5%90%8D%E5%BA%97%20%E7%A5%9E%E5%A5%88%E5%B7%9D%E7%9C%8C%E6%B5%B7%E8%80%81%E5%90%8D%E5%B8%82%E4%B8%AD%E5%A4%AE1-295-1%20%E3%83%9E%E3%83%AB%E3%82%A4%E3%83%95%E3%82%A1%E3%83%9F%E3%83%AA%E3%83%BC%E6%B5%B7%E8%80%81%E5%90%8D%E5%BA%97%20%EF%BC%91%EF%BC%A6,2023,スイーツ EAST,sweets_east,発表日：2023年8月15日
MAISON CACAO 鎌倉小町店,神奈川県鎌倉市小町2-9-7 中杉ビル 1F,食べログ スイーツ EAST 百名店 2023,https://tabelog.com/kanagawa/A1404/A140402/14058460/,https://www.google.com/maps/search/?api=1&query=MAISON%20CACAO%20%E9%8E%8C%E5%80%89%E5%B0%8F%E7%94%BA%E5%BA%97%20%E7%A5%9E%E5%A5%88%E5%B7%9D%E7%9C%8C%E9%8E%8C%E5%80%89%E5%B8%82%E5%B0%8F%E7%94%BA2-9-7%20%E4%B8%AD%E6%9D%89%E3%83%93%E3%83%AB%201F,2023,スイーツ EAST,sweets_east,発表日：2023年8月15日
ハウス オブ フレーバーズ,神奈川県鎌倉市鎌倉山3-2-10,食べログ スイーツ EAST 百名店 2023,https://tabelog.com/kanagawa/A1404/A140402/14001208/,https://www.google.com/maps/search/?api=1&query=%E3%83%8F%E3%82%A6%E3%82%B9%20%E3%82%AA%E3%83%96%20%E3%83%95%E3%83%AC%E3%83%BC%E3%83%90%E3%83%BC%E3%82%BA%20%E7%A5%9E%E5%A5%88%E5%B7%9D%E7%9C%8C%E9%8E%8C%E5%80%89%E5%B8%82%E9%8E%8C%E5%80%89%E5%B1%B13-2-10,2023,スイーツ EAST,sweets_east,発表日：2023年8月15日
パティスリー アプラノス,埼玉県さいたま市南区沼影1-1-20,食べログ スイーツ EAST 百名店 2023,https://tabelog.com/saitama/A1101/A110102/11027913/,https://www.google.com/maps/search/?api=1&query=%E3%83%91%E3%83%86%E3%82%A3%E3%82%B9%E3%83%AA%E3%83%BC%20%E3%82%A2%E3%83%97%E3%83%A9%E3%83%8E%E3%82%B9%20%E5%9F%BC%E7%8E%89%E7%9C%8C%E3%81%95%E3%81%84%E3%81%9F%E3%81%BE%E5%B8%82%E5%8D%97%E5%8C%BA%E6%B2%BC%E5%BD%B11-1-20,2023,スイーツ EAST,sweets_east,発表日：2023年8月15日
松月氷室,栃木県日光市今市379,食べログ スイーツ EAST 百名店 2023,https://tabelog.com/tochigi/A0903/A090302/9003227/,https://www.google.com/maps/search/?api=1&query=%E6%9D%BE%E6%9C%88%E6%B0%B7%E5%AE%A4%20%E6%A0%83%E6%9C%A8%E7%9C%8C%E6%97%A5%E5%85%89%E5%B8%82%E4%BB%8A%E5%B8%82379,2023,スイーツ EAST,sweets_east,発表日：2023年8月15日
パティスリー・レ・ビアン・エメ,神奈川県横浜市中区石川町2-78-15,食べログ スイーツ EAST 百名店 2023,https://tabelog.com/kanagawa/A1401/A140105/14066478/,https://www.google.com/maps/search/?api=1&query=%E3%83%91%E3%83%86%E3%82%A3%E3%82%B9%E3%83%AA%E3%83%BC%E3%83%BB%E3%83%AC%E3%83%BB%E3%83%93%E3%82%A2%E3%83%B3%E3%83%BB%E3%82%A8%E3%83%A1%20%E7%A5%9E%E5%A5%88%E5%B7%9D%E7%9C%8C%E6%A8%AA%E6%B5%9C%E5%B8%82%E4%B8%AD%E5%8C%BA%E7%9F%B3%E5%B7%9D%E7%94%BA2-78-15,2023,スイーツ EAST,sweets_east,発表日：2023年8月15日
アルカイク,埼玉県川口市戸塚4-7-1,食べログ スイーツ EAST 百名店 2023,https://tabelog.com/saitama/A1102/A110201/11000266/,https://www.google.com/maps/search/?api=1&query=%E3%82%A2%E3%83%AB%E3%82%AB%E3%82%A4%E3%82%AF%20%E5%9F%BC%E7%8E%89%E7%9C%8C%E5%B7%9D%E5%8F%A3%E5%B8%82%E6%88%B8%E5%A1%9A4-7-1,2023,スイーツ EAST,sweets_east,発表日：2023年8月15日
ベルグの４月 本店,神奈川県横浜市青葉区美しが丘2-19-5,食べログ スイーツ EAST 百名店 2023,https://tabelog.com/kanagawa/A1401/A140201/14000432/,https://www.google.com/maps/search/?api=1&query=%E3%83%99%E3%83%AB%E3%82%B0%E3%81%AE%EF%BC%94%E6%9C%88%20%E6%9C%AC%E5%BA%97%20%E7%A5%9E%E5%A5%88%E5%B7%9D%E7%9C%8C%E6%A8%AA%E6%B5%9C%E5%B8%82%E9%9D%92%E8%91%89%E5%8C%BA%E7%BE%8E%E3%81%97%E3%81%8C%E4%B8%982-19-5,2023,スイーツ EAST,sweets_east,発表日：2023年8月15日
ロア レギューム 朝霞本店,埼玉県朝霞市三原3-32-10,食べログ スイーツ EAST 百名店 2023,https://tabelog.com/saitama/A1103/A110302/11000029/,https://www.google.com/maps/search/?api=1&query=%E3%83%AD%E3%82%A2%20%E3%83%AC%E3%82%AE%E3%83%A5%E3%83%BC%E3%83%A0%20%E6%9C%9D%E9%9C%9E%E6%9C%AC%E5%BA%97%20%E5%9F%BC%E7%8E%89%E7%9C%8C%E6%9C%9D%E9%9C%9E%E5%B8%82%E4%B8%89%E5%8E%9F3-32-10,2023,スイーツ EAST,sweets_east,発表日：2023年8月15日
シャンドワゾー・グラシエ・ショコラティエ,埼玉県川口市栄町2-2-21,食べログ スイーツ EAST 百名店 2023,https://tabelog.com/saitama/A1102/A110201/11045467/,https://www.google.com/maps/search/?api=1&query=%E3%82%B7%E3%83%A3%E3%83%B3%E3%83%89%E3%83%AF%E3%82%BE%E3%83%BC%E3%83%BB%E3%82%B0%E3%83%A9%E3%82%B7%E3%82%A8%E3%83%BB%E3%82%B7%E3%83%A7%E3%82%B3%E3%83%A9%E3%83%86%E3%82%A3%E3%82%A8%20%E5%9F%BC%E7%8E%89%E7%9C%8C%E5%B7%9D%E5%8F%A3%E5%B8%82%E6%A0%84%E7%94%BA2-2-21,2023,スイーツ EAST,sweets_east,発表日：2023年8月15日
エチエンヌ,神奈川県川崎市麻生区万福寺6-7-13 マスターアリーナ新百合ヶ丘 1F,食べログ スイーツ EAST 百名店 2023,https://tabelog.com/kanagawa/A1405/A140508/14042063/,https://www.google.com/maps/search/?api=1&query=%E3%82%A8%E3%83%81%E3%82%A8%E3%83%B3%E3%83%8C%20%E7%A5%9E%E5%A5%88%E5%B7%9D%E7%9C%8C%E5%B7%9D%E5%B4%8E%E5%B8%82%E9%BA%BB%E7%94%9F%E5%8C%BA%E4%B8%87%E7%A6%8F%E5%AF%BA6-7-13%20%E3%83%9E%E3%82%B9%E3%82%BF%E3%83%BC%E3%82%A2%E3%83%AA%E3%83%BC%E3%83%8A%E6%96%B0%E7%99%BE%E5%90%88%E3%83%B6%E4%B8%98%201F,2023,スイーツ EAST,sweets_east,発表日：2023年8月15日
レタンプリュス 本店,千葉県流山市市野谷543-1,食べログ スイーツ EAST 百名店 2023,https://tabelog.com/chiba/A1203/A120305/12046938/,https://www.google.com/maps/search/?api=1&query=%E3%83%AC%E3%82%BF%E3%83%B3%E3%83%97%E3%83%AA%E3%83%A5%E3%82%B9%20%E6%9C%AC%E5%BA%97%20%E5%8D%83%E8%91%89%E7%9C%8C%E6%B5%81%E5%B1%B1%E5%B8%82%E5%B8%82%E9%87%8E%E8%B0%B7543-1,2023,スイーツ EAST,sweets_east,発表日：2023年8月15日
阿左美冷蔵 寶登山道店,埼玉県秩父郡長瀞町大字長瀞781-4,食べログ スイーツ EAST 百名店 2023,https://tabelog.com/saitama/A1107/A110704/11000617/,https://www.google.com/maps/search/?api=1&query=%E9%98%BF%E5%B7%A6%E7%BE%8E%E5%86%B7%E8%94%B5%20%E5%AF%B6%E7%99%BB%E5%B1%B1%E9%81%93%E5%BA%97%20%E5%9F%BC%E7%8E%89%E7%9C%8C%E7%A7%A9%E7%88%B6%E9%83%A1%E9%95%B7%E7%80%9E%E7%94%BA%E5%A4%A7%E5%AD%97%E9%95%B7%E7%80%9E781-4,2023,スイーツ EAST,sweets_east,発表日：2023年8月15日
ピュイサンス,神奈川県横浜市青葉区みたけ台31-29,食べログ スイーツ EAST 百名店 2023,https://tabelog.com/kanagawa/A1401/A140202/14003354/,https://www.google.com/maps/search/?api=1&query=%E3%83%94%E3%83%A5%E3%82%A4%E3%82%B5%E3%83%B3%E3%82%B9%20%E7%A5%9E%E5%A5%88%E5%B7%9D%E7%9C%8C%E6%A8%AA%E6%B5%9C%E5%B8%82%E9%9D%92%E8%91%89%E5%8C%BA%E3%81%BF%E3%81%9F%E3%81%91%E5%8F%B031-29,2023,スイーツ EAST,sweets_east,発表日：2023年8月15日
デリカ＆ラウンジ コフレ,神奈川県横浜市西区みなとみらい2-2-1-3 横浜ロイヤルパークホテル 1F,食べログ スイーツ EAST 百名店 2023,https://tabelog.com/kanagawa/A1401/A140103/14000632/,https://www.google.com/maps/search/?api=1&query=%E3%83%87%E3%83%AA%E3%82%AB%EF%BC%86%E3%83%A9%E3%82%A6%E3%83%B3%E3%82%B8%20%E3%82%B3%E3%83%95%E3%83%AC%20%E7%A5%9E%E5%A5%88%E5%B7%9D%E7%9C%8C%E6%A8%AA%E6%B5%9C%E5%B8%82%E8%A5%BF%E5%8C%BA%E3%81%BF%E3%81%AA%E3%81%A8%E3%81%BF%E3%82%89%E3%81%842-2-1-3%20%E6%A8%AA%E6%B5%9C%E3%83%AD%E3%82%A4%E3%83%A4%E3%83%AB%E3%83%91%E3%83%BC%E3%82%AF%E3%83%9B%E3%83%86%E3%83%AB%201F,2023,スイーツ EAST,sweets_east,発表日：2023年8月15日
パティスリー レザネフォール 恵比寿本店,東京都渋谷区恵比寿西1-21-3 グレイス代官山 1F,食べログ スイーツ TOKYO 百名店 2023,https://tabelog.com/tokyo/A1303/A130302/13149501/,https://www.google.com/maps/search/?api=1&query=%E3%83%91%E3%83%86%E3%82%A3%E3%82%B9%E3%83%AA%E3%83%BC%20%E3%83%AC%E3%82%B6%E3%83%8D%E3%83%95%E3%82%A9%E3%83%BC%E3%83%AB%20%E6%81%B5%E6%AF%94%E5%AF%BF%E6%9C%AC%E5%BA%97%20%E6%9D%B1%E4%BA%AC%E9%83%BD%E6%B8%8B%E8%B0%B7%E5%8C%BA%E6%81%B5%E6%AF%94%E5%AF%BF%E8%A5%BF1-21-3%20%E3%82%B0%E3%83%AC%E3%82%A4%E3%82%B9%E4%BB%A3%E5%AE%98%E5%B1%B1%201F,2023,スイーツ TOKYO,sweets_tokyo,発表日：2023年8月15日
クレープリー チロル,東京都世田谷区砧8-7-17,食べログ スイーツ TOKYO 百名店 2023,https://tabelog.com/tokyo/A1318/A131814/13205650/,https://www.google.com/maps/search/?api=1&query=%E3%82%AF%E3%83%AC%E3%83%BC%E3%83%97%E3%83%AA%E3%83%BC%20%E3%83%81%E3%83%AD%E3%83%AB%20%E6%9D%B1%E4%BA%AC%E9%83%BD%E4%B8%96%E7%94%B0%E8%B0%B7%E5%8C%BA%E7%A0%A78-7-17,2023,スイーツ TOKYO,sweets_tokyo,発表日：2023年8月15日
ミニマル 富ヶ谷本店,東京都渋谷区富ヶ谷2-1-9,食べログ スイーツ TOKYO 百名店 2023,https://tabelog.com/tokyo/A1303/A130301/13175834/,https://www.google.com/maps/search/?api=1&query=%E3%83%9F%E3%83%8B%E3%83%9E%E3%83%AB%20%E5%AF%8C%E3%83%B6%E8%B0%B7%E6%9C%AC%E5%BA%97%20%E6%9D%B1%E4%BA%AC%E9%83%BD%E6%B8%8B%E8%B0%B7%E5%8C%BA%E5%AF%8C%E3%83%B6%E8%B0%B72-1-9,2023,スイーツ TOKYO,sweets_tokyo,発表日：2023年8月15日
スタイルズケイクス＆カンパニー,東京都千代田区神田小川町3-16-5 第二岩崎ビル 1Ｆ,食べログ スイーツ TOKYO 百名店 2023,https://tabelog.com/tokyo/A1310/A131003/13125138/,https://www.google.com/maps/search/?api=1&query=%E3%82%B9%E3%82%BF%E3%82%A4%E3%83%AB%E3%82%BA%E3%82%B1%E3%82%A4%E3%82%AF%E3%82%B9%EF%BC%86%E3%82%AB%E3%83%B3%E3%83%91%E3%83%8B%E3%83%BC%20%E6%9D%B1%E4%BA%AC%E9%83%BD%E5%8D%83%E4%BB%A3%E7%94%B0%E5%8C%BA%E7%A5%9E%E7%94%B0%E5%B0%8F%E5%B7%9D%E7%94%BA3-16-5%20%E7%AC%AC%E4%BA%8C%E5%B2%A9%E5%B4%8E%E3%83%93%E3%83%AB%201%EF%BC%A6,2023,スイーツ TOKYO,sweets_tokyo,発表日：2023年8月15日
Mont St. Clair,東京都目黒区自由が丘2-22-4,食べログ スイーツ TOKYO 百名店 2023,https://tabelog.com/tokyo/A1317/A131703/13003221/,https://www.google.com/maps/search/?api=1&query=Mont%20St.%20Clair%20%E6%9D%B1%E4%BA%AC%E9%83%BD%E7%9B%AE%E9%BB%92%E5%8C%BA%E8%87%AA%E7%94%B1%E3%81%8C%E4%B8%982-22-4,2023,スイーツ TOKYO,sweets_tokyo,発表日：2023年8月15日
パティスリー イル・プルー・シュル・ラ・セーヌ,東京都渋谷区猿楽町17-16 代官山フォーラム　２Ｆ,食べログ スイーツ TOKYO 百名店 2023,https://tabelog.com/tokyo/A1303/A130303/13001912/,https://www.google.com/maps/search/?api=1&query=%E3%83%91%E3%83%86%E3%82%A3%E3%82%B9%E3%83%AA%E3%83%BC%20%E3%82%A4%E3%83%AB%E3%83%BB%E3%83%97%E3%83%AB%E3%83%BC%E3%83%BB%E3%82%B7%E3%83%A5%E3%83%AB%E3%83%BB%E3%83%A9%E3%83%BB%E3%82%BB%E3%83%BC%E3%83%8C%20%E6%9D%B1%E4%BA%AC%E9%83%BD%E6%B8%8B%E8%B0%B7%E5%8C%BA%E7%8C%BF%E6%A5%BD%E7%94%BA17-16%20%E4%BB%A3%E5%AE%98%E5%B1%B1%E3%83%95%E3%82%A9%E3%83%BC%E3%83%A9%E3%83%A0%E3%80%80%EF%BC%92%EF%BC%A6,2023,スイーツ TOKYO,sweets_tokyo,発表日：2023年8月15日
ザ・ペニンシュラ ブティック＆カフェ,東京都千代田区有楽町1-8-1 ザ・ペニンシュラ東京 B1F,食べログ スイーツ TOKYO 百名店 2023,https://tabelog.com/tokyo/A1301/A130102/13043019/,https://www.google.com/maps/search/?api=1&query=%E3%82%B6%E3%83%BB%E3%83%9A%E3%83%8B%E3%83%B3%E3%82%B7%E3%83%A5%E3%83%A9%20%E3%83%96%E3%83%86%E3%82%A3%E3%83%83%E3%82%AF%EF%BC%86%E3%82%AB%E3%83%95%E3%82%A7%20%E6%9D%B1%E4%BA%AC%E9%83%BD%E5%8D%83%E4%BB%A3%E7%94%B0%E5%8C%BA%E6%9C%89%E6%A5%BD%E7%94%BA1-8-1%20%E3%82%B6%E3%83%BB%E3%83%9A%E3%83%8B%E3%83%B3%E3%82%B7%E3%83%A5%E3%83%A9%E6%9D%B1%E4%BA%AC%20B1F,2023,スイーツ TOKYO,sweets_tokyo,発表日：2023年8月15日
メゾン・ダーニ,東京都港区白金1-11-15 1F,食べログ スイーツ TOKYO 百名店 2023,https://tabelog.com/tokyo/A1316/A131602/13183428/,https://www.google.com/maps/search/?api=1&query=%E3%83%A1%E3%82%BE%E3%83%B3%E3%83%BB%E3%83%80%E3%83%BC%E3%83%8B%20%E6%9D%B1%E4%BA%AC%E9%83%BD%E6%B8%AF%E5%8C%BA%E7%99%BD%E9%87%911-11-15%201F,2023,スイーツ TOKYO,sweets_tokyo,発表日：2023年8月15日
おかしやうっちー,東京都渋谷区千駄ヶ谷3-27-9 ウエスト青山 1F,食べログ スイーツ TOKYO 百名店 2023,https://tabelog.com/tokyo/A1309/A130901/13238644/,https://www.google.com/maps/search/?api=1&query=%E3%81%8A%E3%81%8B%E3%81%97%E3%82%84%E3%81%86%E3%81%A3%E3%81%A1%E3%83%BC%20%E6%9D%B1%E4%BA%AC%E9%83%BD%E6%B8%8B%E8%B0%B7%E5%8C%BA%E5%8D%83%E9%A7%84%E3%83%B6%E8%B0%B73-27-9%20%E3%82%A6%E3%82%A8%E3%82%B9%E3%83%88%E9%9D%92%E5%B1%B1%201F,2023,スイーツ TOKYO,sweets_tokyo,発表日：2023年8月15日
オーボンヴュータン 日本橋高島屋店,東京都中央区日本橋2-4-1 日本橋タカシマヤ B1F,食べログ スイーツ TOKYO 百名店 2023,https://tabelog.com/tokyo/A1302/A130202/13023670/,https://www.google.com/maps/search/?api=1&query=%E3%82%AA%E3%83%BC%E3%83%9C%E3%83%B3%E3%83%B4%E3%83%A5%E3%83%BC%E3%82%BF%E3%83%B3%20%E6%97%A5%E6%9C%AC%E6%A9%8B%E9%AB%98%E5%B3%B6%E5%B1%8B%E5%BA%97%20%E6%9D%B1%E4%BA%AC%E9%83%BD%E4%B8%AD%E5%A4%AE%E5%8C%BA%E6%97%A5%E6%9C%AC%E6%A9%8B2-4-1%20%E6%97%A5%E6%9C%AC%E6%A9%8B%E3%82%BF%E3%82%AB%E3%82%B7%E3%83%9E%E3%83%A4%20B1F,2023,スイーツ TOKYO,sweets_tokyo,発表日：2023年8月15日
パーラー ローレル,東京都世田谷区奥沢7-24-3 九品仏スカイハイツ 1F,食べログ スイーツ TOKYO 百名店 2023,https://tabelog.com/tokyo/A1317/A131715/13003097/,https://www.google.com/maps/search/?api=1&query=%E3%83%91%E3%83%BC%E3%83%A9%E3%83%BC%20%E3%83%AD%E3%83%BC%E3%83%AC%E3%83%AB%20%E6%9D%B1%E4%BA%AC%E9%83%BD%E4%B8%96%E7%94%B0%E8%B0%B7%E5%8C%BA%E5%A5%A5%E6%B2%A27-24-3%20%E4%B9%9D%E5%93%81%E4%BB%8F%E3%82%B9%E3%82%AB%E3%82%A4%E3%83%8F%E3%82%A4%E3%83%84%201F,2023,スイーツ TOKYO,sweets_tokyo,発表日：2023年8月15日
オーボンヴュータン 尾山台店,東京都世田谷区等々力2-1-3,食べログ スイーツ TOKYO 百名店 2023,https://tabelog.com/tokyo/A1317/A131715/13181654/,https://www.google.com/maps/search/?api=1&query=%E3%82%AA%E3%83%BC%E3%83%9C%E3%83%B3%E3%83%B4%E3%83%A5%E3%83%BC%E3%82%BF%E3%83%B3%20%E5%B0%BE%E5%B1%B1%E5%8F%B0%E5%BA%97%20%E6%9D%B1%E4%BA%AC%E9%83%BD%E4%B8%96%E7%94%B0%E8%B0%B7%E5%8C%BA%E7%AD%89%E3%80%85%E5%8A%9B2-1-3,2023,スイーツ TOKYO,sweets_tokyo,発表日：2023年8月15日
パティスリー・スリール,東京都目黒区五本木2-40-8,食べログ スイーツ TOKYO 百名店 2023,https://tabelog.com/tokyo/A1317/A131701/13018799/,https://www.google.com/maps/search/?api=1&query=%E3%83%91%E3%83%86%E3%82%A3%E3%82%B9%E3%83%AA%E3%83%BC%E3%83%BB%E3%82%B9%E3%83%AA%E3%83%BC%E3%83%AB%20%E6%9D%B1%E4%BA%AC%E9%83%BD%E7%9B%AE%E9%BB%92%E5%8C%BA%E4%BA%94%E6%9C%AC%E6%9C%A82-40-8,2023,スイーツ TOKYO,sweets_tokyo,発表日：2023年8月15日
アトリエコータ 神楽坂店,東京都新宿区神楽坂6-25,食べログ スイーツ TOKYO 百名店 2023,https://tabelog.com/tokyo/A1309/A130905/13136823/,https://www.google.com/maps/search/?api=1&query=%E3%82%A2%E3%83%88%E3%83%AA%E3%82%A8%E3%82%B3%E3%83%BC%E3%82%BF%20%E7%A5%9E%E6%A5%BD%E5%9D%82%E5%BA%97%20%E6%9D%B1%E4%BA%AC%E9%83%BD%E6%96%B0%E5%AE%BF%E5%8C%BA%E7%A5%9E%E6%A5%BD%E5%9D%826-25,2023,スイーツ TOKYO,sweets_tokyo,発表日：2023年8月15日
パティスリー ユウ ササゲ,東京都世田谷区南烏山6-28-13,食べログ スイーツ TOKYO 百名店 2023,https://tabelog.com/tokyo/A1318/A131809/13155662/,https://www.google.com/maps/search/?api=1&query=%E3%83%91%E3%83%86%E3%82%A3%E3%82%B9%E3%83%AA%E3%83%BC%20%E3%83%A6%E3%82%A6%20%E3%82%B5%E3%82%B5%E3%82%B2%20%E6%9D%B1%E4%BA%AC%E9%83%BD%E4%B8%96%E7%94%B0%E8%B0%B7%E5%8C%BA%E5%8D%97%E7%83%8F%E5%B1%B16-28-13,2023,スイーツ TOKYO,sweets_tokyo,発表日：2023年8月15日
エーグルドゥース,東京都新宿区下落合3-22-13,食べログ スイーツ TOKYO 百名店 2023,https://tabelog.com/tokyo/A1305/A130502/13005641/,https://www.google.com/maps/search/?api=1&query=%E3%82%A8%E3%83%BC%E3%82%B0%E3%83%AB%E3%83%89%E3%82%A5%E3%83%BC%E3%82%B9%20%E6%9D%B1%E4%BA%AC%E9%83%BD%E6%96%B0%E5%AE%BF%E5%8C%BA%E4%B8%8B%E8%90%BD%E5%90%883-22-13,2023,スイーツ TOKYO,sweets_tokyo,発表日：2023年8月15日
アディクト オ シュクル,東京都目黒区八雲1-10-6,食べログ スイーツ TOKYO 百名店 2023,https://tabelog.com/tokyo/A1317/A131702/13171753/,https://www.google.com/maps/search/?api=1&query=%E3%82%A2%E3%83%87%E3%82%A3%E3%82%AF%E3%83%88%20%E3%82%AA%20%E3%82%B7%E3%83%A5%E3%82%AF%E3%83%AB%20%E6%9D%B1%E4%BA%AC%E9%83%BD%E7%9B%AE%E9%BB%92%E5%8C%BA%E5%85%AB%E9%9B%B21-10-6,2023,スイーツ TOKYO,sweets_tokyo,発表日：2023年8月15日
パティスリー ラ・グリシーヌ,東京都目黒区青葉台3-17-7 佐藤マンション 1F,食べログ スイーツ TOKYO 百名店 2023,https://tabelog.com/tokyo/A1317/A131705/13150993/,https://www.google.com/maps/search/?api=1&query=%E3%83%91%E3%83%86%E3%82%A3%E3%82%B9%E3%83%AA%E3%83%BC%20%E3%83%A9%E3%83%BB%E3%82%B0%E3%83%AA%E3%82%B7%E3%83%BC%E3%83%8C%20%E6%9D%B1%E4%BA%AC%E9%83%BD%E7%9B%AE%E9%BB%92%E5%8C%BA%E9%9D%92%E8%91%89%E5%8F%B03-17-7%20%E4%BD%90%E8%97%A4%E3%83%9E%E3%83%B3%E3%82%B7%E3%83%A7%E3%83%B3%201F,2023,スイーツ TOKYO,sweets_tokyo,発表日：2023年8月15日
松之助 N.Y. 東京・代官山店,東京都渋谷区猿楽町29-9 ヒルサイドテラスD-11,食べログ スイーツ TOKYO 百名店 2023,https://tabelog.com/tokyo/A1303/A130303/13005179/,https://www.google.com/maps/search/?api=1&query=%E6%9D%BE%E4%B9%8B%E5%8A%A9%20N.Y.%20%E6%9D%B1%E4%BA%AC%E3%83%BB%E4%BB%A3%E5%AE%98%E5%B1%B1%E5%BA%97%20%E6%9D%B1%E4%BA%AC%E9%83%BD%E6%B8%8B%E8%B0%B7%E5%8C%BA%E7%8C%BF%E6%A5%BD%E7%94%BA29-9%20%E3%83%92%E3%83%AB%E3%82%B5%E3%82%A4%E3%83%89%E3%83%86%E3%83%A9%E3%82%B9D-11,2023,スイーツ TOKYO,sweets_tokyo,発表日：2023年8月15日
フルーツパーラーゴトー,東京都台東区浅草2-15-4,食べログ スイーツ TOKYO 百名店 2023,https://tabelog.com/tokyo/A1311/A131102/13095672/,https://www.google.com/maps/search/?api=1&query=%E3%83%95%E3%83%AB%E3%83%BC%E3%83%84%E3%83%91%E3%83%BC%E3%83%A9%E3%83%BC%E3%82%B4%E3%83%88%E3%83%BC%20%E6%9D%B1%E4%BA%AC%E9%83%BD%E5%8F%B0%E6%9D%B1%E5%8C%BA%E6%B5%85%E8%8D%892-15-4,2023,スイーツ TOKYO,sweets_tokyo,発表日：2023年8月15日
シュークリー,東京都中央区日本橋人形町1-5-5 セントハイム人形町源　１Ｆ,食べログ スイーツ TOKYO 百名店 2023,https://tabelog.com/tokyo/A1302/A130204/13050996/,https://www.google.com/maps/search/?api=1&query=%E3%82%B7%E3%83%A5%E3%83%BC%E3%82%AF%E3%83%AA%E3%83%BC%20%E6%9D%B1%E4%BA%AC%E9%83%BD%E4%B8%AD%E5%A4%AE%E5%8C%BA%E6%97%A5%E6%9C%AC%E6%A9%8B%E4%BA%BA%E5%BD%A2%E7%94%BA1-5-5%20%E3%82%BB%E3%83%B3%E3%83%88%E3%83%8F%E3%82%A4%E3%83%A0%E4%BA%BA%E5%BD%A2%E7%94%BA%E6%BA%90%E3%80%80%EF%BC%91%EF%BC%A6,2023,スイーツ TOKYO,sweets_tokyo,発表日：2023年8月15日
ロートンヌ 秋津本店,東京都東村山市秋津町5-13-4,食べログ スイーツ TOKYO 百名店 2023,https://tabelog.com/tokyo/A1328/A132806/13005967/,https://www.google.com/maps/search/?api=1&query=%E3%83%AD%E3%83%BC%E3%83%88%E3%83%B3%E3%83%8C%20%E7%A7%8B%E6%B4%A5%E6%9C%AC%E5%BA%97%20%E6%9D%B1%E4%BA%AC%E9%83%BD%E6%9D%B1%E6%9D%91%E5%B1%B1%E5%B8%82%E7%A7%8B%E6%B4%A5%E7%94%BA5-13-4,2023,スイーツ TOKYO,sweets_tokyo,発表日：2023年8月15日
フィオレンティーナ ペストリーブティック,東京都港区六本木6-10-3 グランド ハイアット 東京 1F ロビーフロア,食べログ スイーツ TOKYO 百名店 2023,https://tabelog.com/tokyo/A1307/A130701/13060521/,https://www.google.com/maps/search/?api=1&query=%E3%83%95%E3%82%A3%E3%82%AA%E3%83%AC%E3%83%B3%E3%83%86%E3%82%A3%E3%83%BC%E3%83%8A%20%E3%83%9A%E3%82%B9%E3%83%88%E3%83%AA%E3%83%BC%E3%83%96%E3%83%86%E3%82%A3%E3%83%83%E3%82%AF%20%E6%9D%B1%E4%BA%AC%E9%83%BD%E6%B8%AF%E5%8C%BA%E5%85%AD%E6%9C%AC%E6%9C%A86-10-3%20%E3%82%B0%E3%83%A9%E3%83%B3%E3%83%89%20%E3%83%8F%E3%82%A4%E3%82%A2%E3%83%83%E3%83%88%20%E6%9D%B1%E4%BA%AC%201F%20%E3%83%AD%E3%83%93%E3%83%BC%E3%83%95%E3%83%AD%E3%82%A2,2023,スイーツ TOKYO,sweets_tokyo,発表日：2023年8月15日
ブロンディール,東京都練馬区石神井町4-28-12,食べログ スイーツ TOKYO 百名店 2023,https://tabelog.com/tokyo/A1321/A132103/13184127/,https://www.google.com/maps/search/?api=1&query=%E3%83%96%E3%83%AD%E3%83%B3%E3%83%87%E3%82%A3%E3%83%BC%E3%83%AB%20%E6%9D%B1%E4%BA%AC%E9%83%BD%E7%B7%B4%E9%A6%AC%E5%8C%BA%E7%9F%B3%E7%A5%9E%E4%BA%95%E7%94%BA4-28-12,2023,スイーツ TOKYO,sweets_tokyo,発表日：2023年8月15日
Patisserie JUN UJITA,東京都目黒区碑文谷4-6-6,食べログ スイーツ TOKYO 百名店 2023,https://tabelog.com/tokyo/A1317/A131702/13133033/,https://www.google.com/maps/search/?api=1&query=Patisserie%20JUN%20UJITA%20%E6%9D%B1%E4%BA%AC%E9%83%BD%E7%9B%AE%E9%BB%92%E5%8C%BA%E7%A2%91%E6%96%87%E8%B0%B74-6-6,2023,スイーツ TOKYO,sweets_tokyo,発表日：2023年8月15日
和栗や 谷中店,東京都台東区谷中3-9-14,食べログ スイーツ TOKYO 百名店 2023,https://tabelog.com/tokyo/A1311/A131106/13130539/,https://www.google.com/maps/search/?api=1&query=%E5%92%8C%E6%A0%97%E3%82%84%20%E8%B0%B7%E4%B8%AD%E5%BA%97%20%E6%9D%B1%E4%BA%AC%E9%83%BD%E5%8F%B0%E6%9D%B1%E5%8C%BA%E8%B0%B7%E4%B8%AD3-9-14,2023,スイーツ TOKYO,sweets_tokyo,発表日：2023年8月15日
ア コテ パティスリー,東京都港区白金台2-5-11,食べログ スイーツ TOKYO 百名店 2023,https://tabelog.com/tokyo/A1316/A131602/13051424/,https://www.google.com/maps/search/?api=1&query=%E3%82%A2%20%E3%82%B3%E3%83%86%20%E3%83%91%E3%83%86%E3%82%A3%E3%82%B9%E3%83%AA%E3%83%BC%20%E6%9D%B1%E4%BA%AC%E9%83%BD%E6%B8%AF%E5%8C%BA%E7%99%BD%E9%87%91%E5%8F%B02-5-11,2023,スイーツ TOKYO,sweets_tokyo,発表日：2023年8月15日
アテスウェイ,東京都武蔵野市吉祥寺東町3-8-8 カサ吉祥寺２,食べログ スイーツ TOKYO 百名店 2023,https://tabelog.com/tokyo/A1320/A132001/13005853/,https://www.google.com/maps/search/?api=1&query=%E3%82%A2%E3%83%86%E3%82%B9%E3%82%A6%E3%82%A7%E3%82%A4%20%E6%9D%B1%E4%BA%AC%E9%83%BD%E6%AD%A6%E8%94%B5%E9%87%8E%E5%B8%82%E5%90%89%E7%A5%A5%E5%AF%BA%E6%9D%B1%E7%94%BA3-8-8%20%E3%82%AB%E3%82%B5%E5%90%89%E7%A5%A5%E5%AF%BA%EF%BC%92,2023,スイーツ TOKYO,sweets_tokyo,発表日：2023年8月15日
ビヤンネートル,東京都渋谷区上原1-21-10 上原坂の上21番館 1F,食べログ スイーツ TOKYO 百名店 2023,https://tabelog.com/tokyo/A1318/A131811/13113676/,https://www.google.com/maps/search/?api=1&query=%E3%83%93%E3%83%A4%E3%83%B3%E3%83%8D%E3%83%BC%E3%83%88%E3%83%AB%20%E6%9D%B1%E4%BA%AC%E9%83%BD%E6%B8%8B%E8%B0%B7%E5%8C%BA%E4%B8%8A%E5%8E%9F1-21-10%20%E4%B8%8A%E5%8E%9F%E5%9D%82%E3%81%AE%E4%B8%8A21%E7%95%AA%E9%A4%A8%201F,2023,スイーツ TOKYO,sweets_tokyo,発表日：2023年8月15日
PATISSERIE ASAKO IWAYANAGI,東京都世田谷区等々力4-4-5,食べログ スイーツ TOKYO 百名店 2023,https://tabelog.com/tokyo/A1317/A131715/13189509/,https://www.google.com/maps/search/?api=1&query=PATISSERIE%20ASAKO%20IWAYANAGI%20%E6%9D%B1%E4%BA%AC%E9%83%BD%E4%B8%96%E7%94%B0%E8%B0%B7%E5%8C%BA%E7%AD%89%E3%80%85%E5%8A%9B4-4-5,2023,スイーツ TOKYO,sweets_tokyo,発表日：2023年8月15日
チリムーロ,東京都渋谷区猿楽町1-3,食べログ スイーツ TOKYO 百名店 2023,https://tabelog.com/tokyo/A1303/A130301/13164533/,https://www.google.com/maps/search/?api=1&query=%E3%83%81%E3%83%AA%E3%83%A0%E3%83%BC%E3%83%AD%20%E6%9D%B1%E4%BA%AC%E9%83%BD%E6%B8%8B%E8%B0%B7%E5%8C%BA%E7%8C%BF%E6%A5%BD%E7%94%BA1-3,2023,スイーツ TOKYO,sweets_tokyo,発表日：2023年8月15日
パティスリィ ドゥ・ボン・クーフゥ 武蔵小山本店,東京都品川区小山3-11-2,食べログ スイーツ TOKYO 百名店 2023,https://tabelog.com/tokyo/A1317/A131710/13032289/,https://www.google.com/maps/search/?api=1&query=%E3%83%91%E3%83%86%E3%82%A3%E3%82%B9%E3%83%AA%E3%82%A3%20%E3%83%89%E3%82%A5%E3%83%BB%E3%83%9C%E3%83%B3%E3%83%BB%E3%82%AF%E3%83%BC%E3%83%95%E3%82%A5%20%E6%AD%A6%E8%94%B5%E5%B0%8F%E5%B1%B1%E6%9C%AC%E5%BA%97%20%E6%9D%B1%E4%BA%AC%E9%83%BD%E5%93%81%E5%B7%9D%E5%8C%BA%E5%B0%8F%E5%B1%B13-11-2,2023,スイーツ TOKYO,sweets_tokyo,発表日：2023年8月15日
ル・コワンヴェール パトリック・ルメル,東京都新宿区神楽坂2-20-14,食べログ スイーツ TOKYO 百名店 2023,https://tabelog.com/tokyo/A1309/A130905/13058480/,https://www.google.com/maps/search/?api=1&query=%E3%83%AB%E3%83%BB%E3%82%B3%E3%83%AF%E3%83%B3%E3%83%B4%E3%82%A7%E3%83%BC%E3%83%AB%20%E3%83%91%E3%83%88%E3%83%AA%E3%83%83%E3%82%AF%E3%83%BB%E3%83%AB%E3%83%A1%E3%83%AB%20%E6%9D%B1%E4%BA%AC%E9%83%BD%E6%96%B0%E5%AE%BF%E5%8C%BA%E7%A5%9E%E6%A5%BD%E5%9D%822-20-14,2023,スイーツ TOKYO,sweets_tokyo,発表日：2023年8月15日
アステリスク,東京都渋谷区上原1-26-16 タマテクノビル 1F,食べログ スイーツ TOKYO 百名店 2023,https://tabelog.com/tokyo/A1318/A131811/13140735/,https://www.google.com/maps/search/?api=1&query=%E3%82%A2%E3%82%B9%E3%83%86%E3%83%AA%E3%82%B9%E3%82%AF%20%E6%9D%B1%E4%BA%AC%E9%83%BD%E6%B8%8B%E8%B0%B7%E5%8C%BA%E4%B8%8A%E5%8E%9F1-26-16%20%E3%82%BF%E3%83%9E%E3%83%86%E3%82%AF%E3%83%8E%E3%83%93%E3%83%AB%201F,2023,スイーツ TOKYO,sweets_tokyo,発表日：2023年8月15日
トシ・ヨロイヅカ 東京,東京都中央区京橋2-2-1 京橋エドグラン 1F・2F,食べログ スイーツ TOKYO 百名店 2023,https://tabelog.com/tokyo/A1302/A130202/13202758/,https://www.google.com/maps/search/?api=1&query=%E3%83%88%E3%82%B7%E3%83%BB%E3%83%A8%E3%83%AD%E3%82%A4%E3%83%85%E3%82%AB%20%E6%9D%B1%E4%BA%AC%20%E6%9D%B1%E4%BA%AC%E9%83%BD%E4%B8%AD%E5%A4%AE%E5%8C%BA%E4%BA%AC%E6%A9%8B2-2-1%20%E4%BA%AC%E6%A9%8B%E3%82%A8%E3%83%89%E3%82%B0%E3%83%A9%E3%83%B3%201F%E3%83%BB2F,2023,スイーツ TOKYO,sweets_tokyo,発表日：2023年8月15日
フジウ,東京都日野市高幡17-8,食べログ スイーツ TOKYO 百名店 2023,https://tabelog.com/tokyo/A1329/A132903/13006009/,https://www.google.com/maps/search/?api=1&query=%E3%83%95%E3%82%B8%E3%82%A6%20%E6%9D%B1%E4%BA%AC%E9%83%BD%E6%97%A5%E9%87%8E%E5%B8%82%E9%AB%98%E5%B9%A117-8,2023,スイーツ TOKYO,sweets_tokyo,発表日：2023年8月15日
リュードパッシー,東京都目黒区鷹番3-17-6,食べログ スイーツ TOKYO 百名店 2023,https://tabelog.com/tokyo/A1317/A131702/13005155/,https://www.google.com/maps/search/?api=1&query=%E3%83%AA%E3%83%A5%E3%83%BC%E3%83%89%E3%83%91%E3%83%83%E3%82%B7%E3%83%BC%20%E6%9D%B1%E4%BA%AC%E9%83%BD%E7%9B%AE%E9%BB%92%E5%8C%BA%E9%B7%B9%E7%95%AA3-17-6,2023,スイーツ TOKYO,sweets_tokyo,発表日：2023年8月15日
成城アルプス,東京都世田谷区成城6-8-1,食べログ スイーツ TOKYO 百名店 2023,https://tabelog.com/tokyo/A1318/A131814/13002002/,https://www.google.com/maps/search/?api=1&query=%E6%88%90%E5%9F%8E%E3%82%A2%E3%83%AB%E3%83%97%E3%82%B9%20%E6%9D%B1%E4%BA%AC%E9%83%BD%E4%B8%96%E7%94%B0%E8%B0%B7%E5%8C%BA%E6%88%90%E5%9F%8E6-8-1,2023,スイーツ TOKYO,sweets_tokyo,発表日：2023年8月15日
ピエール・エルメ・パリ Aoyama,東京都渋谷区神宮前5-51-8 ラ・ポルト青山　1・2F,食べログ スイーツ TOKYO 百名店 2023,https://tabelog.com/tokyo/A1306/A130602/13014316/,https://www.google.com/maps/search/?api=1&query=%E3%83%94%E3%82%A8%E3%83%BC%E3%83%AB%E3%83%BB%E3%82%A8%E3%83%AB%E3%83%A1%E3%83%BB%E3%83%91%E3%83%AA%20Aoyama%20%E6%9D%B1%E4%BA%AC%E9%83%BD%E6%B8%8B%E8%B0%B7%E5%8C%BA%E7%A5%9E%E5%AE%AE%E5%89%8D5-51-8%20%E3%83%A9%E3%83%BB%E3%83%9D%E3%83%AB%E3%83%88%E9%9D%92%E5%B1%B1%E3%80%801%E3%83%BB2F,2023,スイーツ TOKYO,sweets_tokyo,発表日：2023年8月15日
パティスリー タダシ ヤナギ 八雲店,東京都目黒区八雲2-8-11,食べログ スイーツ TOKYO 百名店 2023,https://tabelog.com/tokyo/A1317/A131702/13019733/,https://www.google.com/maps/search/?api=1&query=%E3%83%91%E3%83%86%E3%82%A3%E3%82%B9%E3%83%AA%E3%83%BC%20%E3%82%BF%E3%83%80%E3%82%B7%20%E3%83%A4%E3%83%8A%E3%82%AE%20%E5%85%AB%E9%9B%B2%E5%BA%97%20%E6%9D%B1%E4%BA%AC%E9%83%BD%E7%9B%AE%E9%BB%92%E5%8C%BA%E5%85%AB%E9%9B%B22-8-11,2023,スイーツ TOKYO,sweets_tokyo,発表日：2023年8月15日
ラ・プレシューズ 紀尾井町店,東京都千代田区紀尾井町1-2 東京ガーデンテラス紀尾井町 4F,食べログ スイーツ TOKYO 百名店 2023,https://tabelog.com/tokyo/A1308/A130801/13198490/,https://www.google.com/maps/search/?api=1&query=%E3%83%A9%E3%83%BB%E3%83%97%E3%83%AC%E3%82%B7%E3%83%A5%E3%83%BC%E3%82%BA%20%E7%B4%80%E5%B0%BE%E4%BA%95%E7%94%BA%E5%BA%97%20%E6%9D%B1%E4%BA%AC%E9%83%BD%E5%8D%83%E4%BB%A3%E7%94%B0%E5%8C%BA%E7%B4%80%E5%B0%BE%E4%BA%95%E7%94%BA1-2%20%E6%9D%B1%E4%BA%AC%E3%82%AC%E3%83%BC%E3%83%87%E3%83%B3%E3%83%86%E3%83%A9%E3%82%B9%E7%B4%80%E5%B0%BE%E4%BA%95%E7%94%BA%204F,2023,スイーツ TOKYO,sweets_tokyo,発表日：2023年8月15日
クリオロ 中目黒店,東京都目黒区上目黒1-23-1 中目黒アリーナ103,食べログ スイーツ TOKYO 百名店 2023,https://tabelog.com/tokyo/A1317/A131701/13077927/,https://www.google.com/maps/search/?api=1&query=%E3%82%AF%E3%83%AA%E3%82%AA%E3%83%AD%20%E4%B8%AD%E7%9B%AE%E9%BB%92%E5%BA%97%20%E6%9D%B1%E4%BA%AC%E9%83%BD%E7%9B%AE%E9%BB%92%E5%8C%BA%E4%B8%8A%E7%9B%AE%E9%BB%921-23-1%20%E4%B8%AD%E7%9B%AE%E9%BB%92%E3%82%A2%E3%83%AA%E3%83%BC%E3%83%8A103,2023,スイーツ TOKYO,sweets_tokyo,発表日：2023年8月15日
ロートンヌ 中野店,東京都中野区江原町2-30-1,食べログ スイーツ TOKYO 百名店 2023,https://tabelog.com/tokyo/A1321/A132101/13118933/,https://www.google.com/maps/search/?api=1&query=%E3%83%AD%E3%83%BC%E3%83%88%E3%83%B3%E3%83%8C%20%E4%B8%AD%E9%87%8E%E5%BA%97%20%E6%9D%B1%E4%BA%AC%E9%83%BD%E4%B8%AD%E9%87%8E%E5%8C%BA%E6%B1%9F%E5%8E%9F%E7%94%BA2-30-1,2023,スイーツ TOKYO,sweets_tokyo,発表日：2023年8月15日
リョウラ,東京都世田谷区用賀4-29-5 グリーンヒルズ用賀ST 1F,食べログ スイーツ TOKYO 百名店 2023,https://tabelog.com/tokyo/A1317/A131707/13188208/,https://www.google.com/maps/search/?api=1&query=%E3%83%AA%E3%83%A7%E3%82%A6%E3%83%A9%20%E6%9D%B1%E4%BA%AC%E9%83%BD%E4%B8%96%E7%94%B0%E8%B0%B7%E5%8C%BA%E7%94%A8%E8%B3%804-29-5%20%E3%82%B0%E3%83%AA%E3%83%BC%E3%83%B3%E3%83%92%E3%83%AB%E3%82%BA%E7%94%A8%E8%B3%80ST%201F,2023,スイーツ TOKYO,sweets_tokyo,発表日：2023年8月15日
フランス菓子 パティシエ ショコラティエ イナムラショウゾウ,東京都台東区谷中7-19-5,食べログ スイーツ TOKYO 百名店 2023,https://tabelog.com/tokyo/A1311/A131105/13047298/,https://www.google.com/maps/search/?api=1&query=%E3%83%95%E3%83%A9%E3%83%B3%E3%82%B9%E8%8F%93%E5%AD%90%20%E3%83%91%E3%83%86%E3%82%A3%E3%82%B7%E3%82%A8%20%E3%82%B7%E3%83%A7%E3%82%B3%E3%83%A9%E3%83%86%E3%82%A3%E3%82%A8%20%E3%82%A4%E3%83%8A%E3%83%A0%E3%83%A9%E3%82%B7%E3%83%A7%E3%82%A6%E3%82%BE%E3%82%A6%20%E6%9D%B1%E4%BA%AC%E9%83%BD%E5%8F%B0%E6%9D%B1%E5%8C%BA%E8%B0%B7%E4%B8%AD7-19-5,2023,スイーツ TOKYO,sweets_tokyo,発表日：2023年8月15日
ホットケーキパーラー フルフル 赤坂店,東京都港区赤坂2-17-52 パラッツォ赤坂 1F,食べログ スイーツ TOKYO 百名店 2023,https://tabelog.com/tokyo/A1308/A130801/13155288/,https://www.google.com/maps/search/?api=1&query=%E3%83%9B%E3%83%83%E3%83%88%E3%82%B1%E3%83%BC%E3%82%AD%E3%83%91%E3%83%BC%E3%83%A9%E3%83%BC%20%E3%83%95%E3%83%AB%E3%83%95%E3%83%AB%20%E8%B5%A4%E5%9D%82%E5%BA%97%20%E6%9D%B1%E4%BA%AC%E9%83%BD%E6%B8%AF%E5%8C%BA%E8%B5%A4%E5%9D%822-17-52%20%E3%83%91%E3%83%A9%E3%83%83%E3%83%84%E3%82%A9%E8%B5%A4%E5%9D%82%201F,2023,スイーツ TOKYO,sweets_tokyo,発表日：2023年8月15日
アルノー・ラエール 広尾本店,東京都渋谷区広尾5-19-9,食べログ スイーツ TOKYO 百名店 2023,https://tabelog.com/tokyo/A1307/A130703/13217253/,https://www.google.com/maps/search/?api=1&query=%E3%82%A2%E3%83%AB%E3%83%8E%E3%83%BC%E3%83%BB%E3%83%A9%E3%82%A8%E3%83%BC%E3%83%AB%20%E5%BA%83%E5%B0%BE%E6%9C%AC%E5%BA%97%20%E6%9D%B1%E4%BA%AC%E9%83%BD%E6%B8%8B%E8%B0%B7%E5%8C%BA%E5%BA%83%E5%B0%BE5-19-9,2023,スイーツ TOKYO,sweets_tokyo,発表日：2023年8月15日
ノワ・ドゥ・ブール 新宿伊勢丹店,東京都新宿区新宿3-14-1 伊勢丹新宿店 B1F,食べログ スイーツ TOKYO 百名店 2023,https://tabelog.com/tokyo/A1304/A130401/13124571/,https://www.google.com/maps/search/?api=1&query=%E3%83%8E%E3%83%AF%E3%83%BB%E3%83%89%E3%82%A5%E3%83%BB%E3%83%96%E3%83%BC%E3%83%AB%20%E6%96%B0%E5%AE%BF%E4%BC%8A%E5%8B%A2%E4%B8%B9%E5%BA%97%20%E6%9D%B1%E4%BA%AC%E9%83%BD%E6%96%B0%E5%AE%BF%E5%8C%BA%E6%96%B0%E5%AE%BF3-14-1%20%E4%BC%8A%E5%8B%A2%E4%B8%B9%E6%96%B0%E5%AE%BF%E5%BA%97%20B1F,2023,スイーツ TOKYO,sweets_tokyo,発表日：2023年8月15日
アルカション 本店,東京都練馬区南大泉5-34-4,食べログ スイーツ TOKYO 百名店 2023,https://tabelog.com/tokyo/A1321/A132103/13023168/,https://www.google.com/maps/search/?api=1&query=%E3%82%A2%E3%83%AB%E3%82%AB%E3%82%B7%E3%83%A7%E3%83%B3%20%E6%9C%AC%E5%BA%97%20%E6%9D%B1%E4%BA%AC%E9%83%BD%E7%B7%B4%E9%A6%AC%E5%8C%BA%E5%8D%97%E5%A4%A7%E6%B3%895-34-4,2023,スイーツ TOKYO,sweets_tokyo,発表日：2023年8月15日
ラトリエ ア マ ファソン,東京都世田谷区上野毛1-26-14,食べログ スイーツ TOKYO 百名店 2023,https://tabelog.com/tokyo/A1317/A131715/13242556/,https://www.google.com/maps/search/?api=1&query=%E3%83%A9%E3%83%88%E3%83%AA%E3%82%A8%20%E3%82%A2%20%E3%83%9E%20%E3%83%95%E3%82%A1%E3%82%BD%E3%83%B3%20%E6%9D%B1%E4%BA%AC%E9%83%BD%E4%B8%96%E7%94%B0%E8%B0%B7%E5%8C%BA%E4%B8%8A%E9%87%8E%E6%AF%9B1-26-14,2023,スイーツ TOKYO,sweets_tokyo,発表日：2023年8月15日
西洋菓子 しろたえ,東京都港区赤坂4-1-4,食べログ スイーツ TOKYO 百名店 2023,https://tabelog.com/tokyo/A1308/A130801/13002850/,https://www.google.com/maps/search/?api=1&query=%E8%A5%BF%E6%B4%8B%E8%8F%93%E5%AD%90%20%E3%81%97%E3%82%8D%E3%81%9F%E3%81%88%20%E6%9D%B1%E4%BA%AC%E9%83%BD%E6%B8%AF%E5%8C%BA%E8%B5%A4%E5%9D%824-1-4,2023,スイーツ TOKYO,sweets_tokyo,発表日：2023年8月15日
和kitchen かんな,東京都世田谷区下馬2-43-11 2F,食べログ スイーツ TOKYO 百名店 2023,https://tabelog.com/tokyo/A1317/A131706/13156812/,https://www.google.com/maps/search/?api=1&query=%E5%92%8Ckitchen%20%E3%81%8B%E3%82%93%E3%81%AA%20%E6%9D%B1%E4%BA%AC%E9%83%BD%E4%B8%96%E7%94%B0%E8%B0%B7%E5%8C%BA%E4%B8%8B%E9%A6%AC2-43-11%202F,2023,スイーツ TOKYO,sweets_tokyo,発表日：2023年8月15日
パティスリーサロン・ドゥ・テ アミティエ,東京都新宿区築地町8-10 KDXレジデンス神楽坂 1F,食べログ スイーツ TOKYO 百名店 2023,https://tabelog.com/tokyo/A1309/A130905/13047005/,https://www.google.com/maps/search/?api=1&query=%E3%83%91%E3%83%86%E3%82%A3%E3%82%B9%E3%83%AA%E3%83%BC%E3%82%B5%E3%83%AD%E3%83%B3%E3%83%BB%E3%83%89%E3%82%A5%E3%83%BB%E3%83%86%20%E3%82%A2%E3%83%9F%E3%83%86%E3%82%A3%E3%82%A8%20%E6%9D%B1%E4%BA%AC%E9%83%BD%E6%96%B0%E5%AE%BF%E5%8C%BA%E7%AF%89%E5%9C%B0%E7%94%BA8-10%20KDX%E3%83%AC%E3%82%B8%E3%83%87%E3%83%B3%E3%82%B9%E7%A5%9E%E6%A5%BD%E5%9D%82%201F,2023,スイーツ TOKYO,sweets_tokyo,発表日：2023年8月15日
リベルターブル 赤坂店,東京都港区赤坂2-6-24 1F,食べログ スイーツ TOKYO 百名店 2023,https://tabelog.com/tokyo/A1308/A130801/13160987/,https://www.google.com/maps/search/?api=1&query=%E3%83%AA%E3%83%99%E3%83%AB%E3%82%BF%E3%83%BC%E3%83%96%E3%83%AB%20%E8%B5%A4%E5%9D%82%E5%BA%97%20%E6%9D%B1%E4%BA%AC%E9%83%BD%E6%B8%AF%E5%8C%BA%E8%B5%A4%E5%9D%822-6-24%201F,2023,スイーツ TOKYO,sweets_tokyo,発表日：2023年8月15日
マテリエル,東京都板橋区大山町21-6 白樹舘壱番館 1F,食べログ スイーツ TOKYO 百名店 2023,https://tabelog.com/tokyo/A1322/A132203/13110008/,https://www.google.com/maps/search/?api=1&query=%E3%83%9E%E3%83%86%E3%83%AA%E3%82%A8%E3%83%AB%20%E6%9D%B1%E4%BA%AC%E9%83%BD%E6%9D%BF%E6%A9%8B%E5%8C%BA%E5%A4%A7%E5%B1%B1%E7%94%BA21-6%20%E7%99%BD%E6%A8%B9%E8%88%98%E5%A3%B1%E7%95%AA%E9%A4%A8%201F,2023,スイーツ TOKYO,sweets_tokyo,発表日：2023年8月15日
パティスリー・パリセヴェイユ,東京都目黒区自由が丘2-14-5 館山ビル 1F,食べログ スイーツ TOKYO 百名店 2023,https://tabelog.com/tokyo/A1317/A131703/13005198/,https://www.google.com/maps/search/?api=1&query=%E3%83%91%E3%83%86%E3%82%A3%E3%82%B9%E3%83%AA%E3%83%BC%E3%83%BB%E3%83%91%E3%83%AA%E3%82%BB%E3%83%B4%E3%82%A7%E3%82%A4%E3%83%A6%20%E6%9D%B1%E4%BA%AC%E9%83%BD%E7%9B%AE%E9%BB%92%E5%8C%BA%E8%87%AA%E7%94%B1%E3%81%8C%E4%B8%982-14-5%20%E9%A4%A8%E5%B1%B1%E3%83%93%E3%83%AB%201F,2023,スイーツ TOKYO,sweets_tokyo,発表日：2023年8月15日
レピキュリアン,東京都武蔵野市吉祥寺南町1-9-5 1F,食べログ スイーツ TOKYO 百名店 2023,https://tabelog.com/tokyo/A1320/A132001/13005891/,https://www.google.com/maps/search/?api=1&query=%E3%83%AC%E3%83%94%E3%82%AD%E3%83%A5%E3%83%AA%E3%82%A2%E3%83%B3%20%E6%9D%B1%E4%BA%AC%E9%83%BD%E6%AD%A6%E8%94%B5%E9%87%8E%E5%B8%82%E5%90%89%E7%A5%A5%E5%AF%BA%E5%8D%97%E7%94%BA1-9-5%201F,2023,スイーツ TOKYO,sweets_tokyo,発表日：2023年8月15日
パティスリートレカルム,東京都文京区千石4-40-25,食べログ スイーツ TOKYO 百名店 2023,https://tabelog.com/tokyo/A1323/A132301/13175122/,https://www.google.com/maps/search/?api=1&query=%E3%83%91%E3%83%86%E3%82%A3%E3%82%B9%E3%83%AA%E3%83%BC%E3%83%88%E3%83%AC%E3%82%AB%E3%83%AB%E3%83%A0%20%E6%9D%B1%E4%BA%AC%E9%83%BD%E6%96%87%E4%BA%AC%E5%8C%BA%E5%8D%83%E7%9F%B34-40-25,2023,スイーツ TOKYO,sweets_tokyo,発表日：2023年8月15日
パンケーキママカフェ VoiVoi,東京都世田谷区三軒茶屋1-35-15 １Ｆ,食べログ スイーツ TOKYO 百名店 2023,https://tabelog.com/tokyo/A1317/A131706/13038342/,https://www.google.com/maps/search/?api=1&query=%E3%83%91%E3%83%B3%E3%82%B1%E3%83%BC%E3%82%AD%E3%83%9E%E3%83%9E%E3%82%AB%E3%83%95%E3%82%A7%20VoiVoi%20%E6%9D%B1%E4%BA%AC%E9%83%BD%E4%B8%96%E7%94%B0%E8%B0%B7%E5%8C%BA%E4%B8%89%E8%BB%92%E8%8C%B6%E5%B1%8B1-35-15%20%EF%BC%91%EF%BC%A6,2023,スイーツ TOKYO,sweets_tokyo,発表日：2023年8月15日
ショコラティエ パレ ド オール 東京,東京都千代田区丸の内1-5-1 新丸の内ビルディング 1F,食べログ スイーツ TOKYO 百名店 2023,https://tabelog.com/tokyo/A1302/A130201/13038473/,https://www.google.com/maps/search/?api=1&query=%E3%82%B7%E3%83%A7%E3%82%B3%E3%83%A9%E3%83%86%E3%82%A3%E3%82%A8%20%E3%83%91%E3%83%AC%20%E3%83%89%20%E3%82%AA%E3%83%BC%E3%83%AB%20%E6%9D%B1%E4%BA%AC%20%E6%9D%B1%E4%BA%AC%E9%83%BD%E5%8D%83%E4%BB%A3%E7%94%B0%E5%8C%BA%E4%B8%B8%E3%81%AE%E5%86%851-5-1%20%E6%96%B0%E4%B8%B8%E3%81%AE%E5%86%85%E3%83%93%E3%83%AB%E3%83%87%E3%82%A3%E3%83%B3%E3%82%B0%201F,2023,スイーツ TOKYO,sweets_tokyo,発表日：2023年8月15日
レ・カカオ 本店,東京都品川区東五反田2-19-2 第2東都ビル 1F,食べログ スイーツ TOKYO 百名店 2023,https://tabelog.com/tokyo/A1316/A131603/13203619/,https://www.google.com/maps/search/?api=1&query=%E3%83%AC%E3%83%BB%E3%82%AB%E3%82%AB%E3%82%AA%20%E6%9C%AC%E5%BA%97%20%E6%9D%B1%E4%BA%AC%E9%83%BD%E5%93%81%E5%B7%9D%E5%8C%BA%E6%9D%B1%E4%BA%94%E5%8F%8D%E7%94%B02-19-2%20%E7%AC%AC2%E6%9D%B1%E9%83%BD%E3%83%93%E3%83%AB%201F,2023,スイーツ TOKYO,sweets_tokyo,発表日：2023年8月15日
ヨハン 本店,東京都目黒区上目黒1-18-15,食べログ スイーツ TOKYO 百名店 2023,https://tabelog.com/tokyo/A1317/A131701/13003450/,https://www.google.com/maps/search/?api=1&query=%E3%83%A8%E3%83%8F%E3%83%B3%20%E6%9C%AC%E5%BA%97%20%E6%9D%B1%E4%BA%AC%E9%83%BD%E7%9B%AE%E9%BB%92%E5%8C%BA%E4%B8%8A%E7%9B%AE%E9%BB%921-18-15,2023,スイーツ TOKYO,sweets_tokyo,発表日：2023年8月15日
ラデュレ サロン・ド・テ 銀座三越店,東京都中央区銀座4-6-16 銀座三越 2F,食べログ スイーツ TOKYO 百名店 2023,https://tabelog.com/tokyo/A1301/A130101/13053865/,https://www.google.com/maps/search/?api=1&query=%E3%83%A9%E3%83%87%E3%83%A5%E3%83%AC%20%E3%82%B5%E3%83%AD%E3%83%B3%E3%83%BB%E3%83%89%E3%83%BB%E3%83%86%20%E9%8A%80%E5%BA%A7%E4%B8%89%E8%B6%8A%E5%BA%97%20%E6%9D%B1%E4%BA%AC%E9%83%BD%E4%B8%AD%E5%A4%AE%E5%8C%BA%E9%8A%80%E5%BA%A74-6-16%20%E9%8A%80%E5%BA%A7%E4%B8%89%E8%B6%8A%202F,2023,スイーツ TOKYO,sweets_tokyo,発表日：2023年8月15日
ラ・ヴィエイユ・フランス 本店,東京都世田谷区粕谷4-15-6 グランデュール千歳烏山　１Ｆ,食べログ スイーツ TOKYO 百名店 2023,https://tabelog.com/tokyo/A1318/A131809/13043939/,https://www.google.com/maps/search/?api=1&query=%E3%83%A9%E3%83%BB%E3%83%B4%E3%82%A3%E3%82%A8%E3%82%A4%E3%83%A6%E3%83%BB%E3%83%95%E3%83%A9%E3%83%B3%E3%82%B9%20%E6%9C%AC%E5%BA%97%20%E6%9D%B1%E4%BA%AC%E9%83%BD%E4%B8%96%E7%94%B0%E8%B0%B7%E5%8C%BA%E7%B2%95%E8%B0%B74-15-6%20%E3%82%B0%E3%83%A9%E3%83%B3%E3%83%87%E3%83%A5%E3%83%BC%E3%83%AB%E5%8D%83%E6%AD%B3%E7%83%8F%E5%B1%B1%E3%80%80%EF%BC%91%EF%BC%A6,2023,スイーツ TOKYO,sweets_tokyo,発表日：2023年8月15日
ラ・プレシューズ 四谷店,東京都新宿区四谷1-5-25 アトレ四谷 1F,食べログ スイーツ TOKYO 百名店 2023,https://tabelog.com/tokyo/A1309/A130902/13138331/,https://www.google.com/maps/search/?api=1&query=%E3%83%A9%E3%83%BB%E3%83%97%E3%83%AC%E3%82%B7%E3%83%A5%E3%83%BC%E3%82%BA%20%E5%9B%9B%E8%B0%B7%E5%BA%97%20%E6%9D%B1%E4%BA%AC%E9%83%BD%E6%96%B0%E5%AE%BF%E5%8C%BA%E5%9B%9B%E8%B0%B71-5-25%20%E3%82%A2%E3%83%88%E3%83%AC%E5%9B%9B%E8%B0%B7%201F,2023,スイーツ TOKYO,sweets_tokyo,発表日：2023年8月15日
パティスリー リョーコ,東京都港区高輪3-2-8,食べログ スイーツ TOKYO 百名店 2023,https://tabelog.com/tokyo/A1316/A131603/13137010/,https://www.google.com/maps/search/?api=1&query=%E3%83%91%E3%83%86%E3%82%A3%E3%82%B9%E3%83%AA%E3%83%BC%20%E3%83%AA%E3%83%A7%E3%83%BC%E3%82%B3%20%E6%9D%B1%E4%BA%AC%E9%83%BD%E6%B8%AF%E5%8C%BA%E9%AB%98%E8%BC%AA3-2-8,2023,スイーツ TOKYO,sweets_tokyo,発表日：2023年8月15日
フルーフ・デゥ・セゾン,東京都千代田区外神田4-11-2,食べログ スイーツ TOKYO 百名店 2023,https://tabelog.com/tokyo/A1311/A131101/13009142/,https://www.google.com/maps/search/?api=1&query=%E3%83%95%E3%83%AB%E3%83%BC%E3%83%95%E3%83%BB%E3%83%87%E3%82%A5%E3%83%BB%E3%82%BB%E3%82%BE%E3%83%B3%20%E6%9D%B1%E4%BA%AC%E9%83%BD%E5%8D%83%E4%BB%A3%E7%94%B0%E5%8C%BA%E5%A4%96%E7%A5%9E%E7%94%B04-11-2,2023,スイーツ TOKYO,sweets_tokyo,発表日：2023年8月15日
ノリエット,東京都世田谷区赤堤5-43-1,食べログ スイーツ TOKYO 百名店 2023,https://tabelog.com/tokyo/A1318/A131809/13000687/,https://www.google.com/maps/search/?api=1&query=%E3%83%8E%E3%83%AA%E3%82%A8%E3%83%83%E3%83%88%20%E6%9D%B1%E4%BA%AC%E9%83%BD%E4%B8%96%E7%94%B0%E8%B0%B7%E5%8C%BA%E8%B5%A4%E5%A0%A45-43-1,2023,スイーツ TOKYO,sweets_tokyo,発表日：2023年8月15日
LESS Labo,東京都目黒区三田1-12-25 金子ビル 1F,食べログ スイーツ TOKYO 百名店 2023,https://tabelog.com/tokyo/A1303/A130302/13239458/,https://www.google.com/maps/search/?api=1&query=LESS%20Labo%20%E6%9D%B1%E4%BA%AC%E9%83%BD%E7%9B%AE%E9%BB%92%E5%8C%BA%E4%B8%89%E7%94%B01-12-25%20%E9%87%91%E5%AD%90%E3%83%93%E3%83%AB%201F,2023,スイーツ TOKYO,sweets_tokyo,発表日：2023年8月15日
ナタ・デ・クリスチアノ,東京都渋谷区富ヶ谷1-14-16-103,食べログ スイーツ TOKYO 百名店 2023,https://tabelog.com/tokyo/A1318/A131810/13153384/,https://www.google.com/maps/search/?api=1&query=%E3%83%8A%E3%82%BF%E3%83%BB%E3%83%87%E3%83%BB%E3%82%AF%E3%83%AA%E3%82%B9%E3%83%81%E3%82%A2%E3%83%8E%20%E6%9D%B1%E4%BA%AC%E9%83%BD%E6%B8%8B%E8%B0%B7%E5%8C%BA%E5%AF%8C%E3%83%B6%E8%B0%B71-14-16-103,2023,スイーツ TOKYO,sweets_tokyo,発表日：2023年8月15日
パティシェリア,東京都渋谷区千駄ヶ谷5-24-2 新宿タカシマヤ B1F,食べログ スイーツ TOKYO 百名店 2023,https://tabelog.com/tokyo/A1304/A130401/13039063/,https://www.google.com/maps/search/?api=1&query=%E3%83%91%E3%83%86%E3%82%A3%E3%82%B7%E3%82%A7%E3%83%AA%E3%82%A2%20%E6%9D%B1%E4%BA%AC%E9%83%BD%E6%B8%8B%E8%B0%B7%E5%8C%BA%E5%8D%83%E9%A7%84%E3%83%B6%E8%B0%B75-24-2%20%E6%96%B0%E5%AE%BF%E3%82%BF%E3%82%AB%E3%82%B7%E3%83%9E%E3%83%A4%20B1F,2023,スイーツ TOKYO,sweets_tokyo,発表日：2023年8月15日
エシレ・メゾン デュ ブール,東京都千代田区丸の内2-6-1 丸の内ブリックスクエア 1F,食べログ スイーツ TOKYO 百名店 2023,https://tabelog.com/tokyo/A1302/A130201/13096439/,https://www.google.com/maps/search/?api=1&query=%E3%82%A8%E3%82%B7%E3%83%AC%E3%83%BB%E3%83%A1%E3%82%BE%E3%83%B3%20%E3%83%87%E3%83%A5%20%E3%83%96%E3%83%BC%E3%83%AB%20%E6%9D%B1%E4%BA%AC%E9%83%BD%E5%8D%83%E4%BB%A3%E7%94%B0%E5%8C%BA%E4%B8%B8%E3%81%AE%E5%86%852-6-1%20%E4%B8%B8%E3%81%AE%E5%86%85%E3%83%96%E3%83%AA%E3%83%83%E3%82%AF%E3%82%B9%E3%82%AF%E3%82%A8%E3%82%A2%201F,2023,スイーツ TOKYO,sweets_tokyo,発表日：2023年8月15日
GAZTA,東京都港区白金1-14-10 1F,食べログ スイーツ TOKYO 百名店 2023,https://tabelog.com/tokyo/A1316/A131602/13223261/,https://www.google.com/maps/search/?api=1&query=GAZTA%20%E6%9D%B1%E4%BA%AC%E9%83%BD%E6%B8%AF%E5%8C%BA%E7%99%BD%E9%87%911-14-10%201F,2023,スイーツ TOKYO,sweets_tokyo,発表日：2023年8月15日
パティスリー プレジール,東京都世田谷区代沢4-7-3,食べログ スイーツ TOKYO 百名店 2023,https://tabelog.com/tokyo/A1317/A131706/13045491/,https://www.google.com/maps/search/?api=1&query=%E3%83%91%E3%83%86%E3%82%A3%E3%82%B9%E3%83%AA%E3%83%BC%20%E3%83%97%E3%83%AC%E3%82%B8%E3%83%BC%E3%83%AB%20%E6%9D%B1%E4%BA%AC%E9%83%BD%E4%B8%96%E7%94%B0%E8%B0%B7%E5%8C%BA%E4%BB%A3%E6%B2%A24-7-3,2023,スイーツ TOKYO,sweets_tokyo,発表日：2023年8月15日
ダンデライオン・チョコレート ファクトリー&カフェ蔵前,東京都台東区蔵前4-14-6,食べログ スイーツ TOKYO 百名店 2023,https://tabelog.com/tokyo/A1311/A131103/13191976/,https://www.google.com/maps/search/?api=1&query=%E3%83%80%E3%83%B3%E3%83%87%E3%83%A9%E3%82%A4%E3%82%AA%E3%83%B3%E3%83%BB%E3%83%81%E3%83%A7%E3%82%B3%E3%83%AC%E3%83%BC%E3%83%88%20%E3%83%95%E3%82%A1%E3%82%AF%E3%83%88%E3%83%AA%E3%83%BC%26%E3%82%AB%E3%83%95%E3%82%A7%E8%94%B5%E5%89%8D%20%E6%9D%B1%E4%BA%AC%E9%83%BD%E5%8F%B0%E6%9D%B1%E5%8C%BA%E8%94%B5%E5%89%8D4-14-6,2023,スイーツ TOKYO,sweets_tokyo,発表日：2023年8月15日
パティスリー カカオエット・パリ,東京都目黒区東山1-9-6,食べログ スイーツ TOKYO 百名店 2023,https://tabelog.com/tokyo/A1317/A131701/13039525/,https://www.google.com/maps/search/?api=1&query=%E3%83%91%E3%83%86%E3%82%A3%E3%82%B9%E3%83%AA%E3%83%BC%20%E3%82%AB%E3%82%AB%E3%82%AA%E3%82%A8%E3%83%83%E3%83%88%E3%83%BB%E3%83%91%E3%83%AA%20%E6%9D%B1%E4%BA%AC%E9%83%BD%E7%9B%AE%E9%BB%92%E5%8C%BA%E6%9D%B1%E5%B1%B11-9-6,2023,スイーツ TOKYO,sweets_tokyo,発表日：2023年8月15日
ラトリエ モトゾー,東京都目黒区東山3-1-4 ニューリバー東山　1Ｆ,食べログ スイーツ TOKYO 百名店 2023,https://tabelog.com/tokyo/A1317/A131705/13199223/,https://www.google.com/maps/search/?api=1&query=%E3%83%A9%E3%83%88%E3%83%AA%E3%82%A8%20%E3%83%A2%E3%83%88%E3%82%BE%E3%83%BC%20%E6%9D%B1%E4%BA%AC%E9%83%BD%E7%9B%AE%E9%BB%92%E5%8C%BA%E6%9D%B1%E5%B1%B13-1-4%20%E3%83%8B%E3%83%A5%E3%83%BC%E3%83%AA%E3%83%90%E3%83%BC%E6%9D%B1%E5%B1%B1%E3%80%801%EF%BC%A6,2023,スイーツ TOKYO,sweets_tokyo,発表日：2023年8月15日
パティシエ・ヒロ ヤマモト,東京都江戸川区篠崎町1-7-23-1 ピラトゥス篠崎1号室,食べログ スイーツ TOKYO 百名店 2023,https://tabelog.com/tokyo/A1312/A131205/13121679/,https://www.google.com/maps/search/?api=1&query=%E3%83%91%E3%83%86%E3%82%A3%E3%82%B7%E3%82%A8%E3%83%BB%E3%83%92%E3%83%AD%20%E3%83%A4%E3%83%9E%E3%83%A2%E3%83%88%20%E6%9D%B1%E4%BA%AC%E9%83%BD%E6%B1%9F%E6%88%B8%E5%B7%9D%E5%8C%BA%E7%AF%A0%E5%B4%8E%E7%94%BA1-7-23-1%20%E3%83%94%E3%83%A9%E3%83%88%E3%82%A5%E3%82%B9%E7%AF%A0%E5%B4%8E1%E5%8F%B7%E5%AE%A4,2023,スイーツ TOKYO,sweets_tokyo,発表日：2023年8月15日
ザ マンダリン オリエンタル グルメショップ,東京都中央区日本橋室町2-1-1 マンダリン オリエンタル 東京 1F,食べログ スイーツ TOKYO 百名店 2023,https://tabelog.com/tokyo/A1302/A130202/13022977/,https://www.google.com/maps/search/?api=1&query=%E3%82%B6%20%E3%83%9E%E3%83%B3%E3%83%80%E3%83%AA%E3%83%B3%20%E3%82%AA%E3%83%AA%E3%82%A8%E3%83%B3%E3%82%BF%E3%83%AB%20%E3%82%B0%E3%83%AB%E3%83%A1%E3%82%B7%E3%83%A7%E3%83%83%E3%83%97%20%E6%9D%B1%E4%BA%AC%E9%83%BD%E4%B8%AD%E5%A4%AE%E5%8C%BA%E6%97%A5%E6%9C%AC%E6%A9%8B%E5%AE%A4%E7%94%BA2-1-1%20%E3%83%9E%E3%83%B3%E3%83%80%E3%83%AA%E3%83%B3%20%E3%82%AA%E3%83%AA%E3%82%A8%E3%83%B3%E3%82%BF%E3%83%AB%20%E6%9D%B1%E4%BA%AC%201F,2023,スイーツ TOKYO,sweets_tokyo,発表日：2023年8月15日
果実園リーベル 東京店,東京都千代田区丸の内1-9-1 東京駅 グランスタ 八重北食堂,食べログ スイーツ TOKYO 百名店 2023,https://tabelog.com/tokyo/A1302/A130201/13131338/,https://www.google.com/maps/search/?api=1&query=%E6%9E%9C%E5%AE%9F%E5%9C%92%E3%83%AA%E3%83%BC%E3%83%99%E3%83%AB%20%E6%9D%B1%E4%BA%AC%E5%BA%97%20%E6%9D%B1%E4%BA%AC%E9%83%BD%E5%8D%83%E4%BB%A3%E7%94%B0%E5%8C%BA%E4%B8%B8%E3%81%AE%E5%86%851-9-1%20%E6%9D%B1%E4%BA%AC%E9%A7%85%20%E3%82%B0%E3%83%A9%E3%83%B3%E3%82%B9%E3%82%BF%20%E5%85%AB%E9%87%8D%E5%8C%97%E9%A3%9F%E5%A0%82,2023,スイーツ TOKYO,sweets_tokyo,発表日：2023年8月15日
ラ･メゾン･デュ･ショコラ 丸の内店,東京都千代田区丸の内3-4-1 新国際ビル 1F,食べログ スイーツ TOKYO 百名店 2023,https://tabelog.com/tokyo/A1301/A130102/13000036/,https://www.google.com/maps/search/?api=1&query=%E3%83%A9%EF%BD%A5%E3%83%A1%E3%82%BE%E3%83%B3%EF%BD%A5%E3%83%87%E3%83%A5%EF%BD%A5%E3%82%B7%E3%83%A7%E3%82%B3%E3%83%A9%20%E4%B8%B8%E3%81%AE%E5%86%85%E5%BA%97%20%E6%9D%B1%E4%BA%AC%E9%83%BD%E5%8D%83%E4%BB%A3%E7%94%B0%E5%8C%BA%E4%B8%B8%E3%81%AE%E5%86%853-4-1%20%E6%96%B0%E5%9B%BD%E9%9A%9B%E3%83%93%E3%83%AB%201F,2023,スイーツ TOKYO,sweets_tokyo,発表日：2023年8月15日
クリオロ 本店,東京都板橋区向原3-9-2 サントスビル 1F,食べログ スイーツ TOKYO 百名店 2023,https://tabelog.com/tokyo/A1322/A132202/13194959/,https://www.google.com/maps/search/?api=1&query=%E3%82%AF%E3%83%AA%E3%82%AA%E3%83%AD%20%E6%9C%AC%E5%BA%97%20%E6%9D%B1%E4%BA%AC%E9%83%BD%E6%9D%BF%E6%A9%8B%E5%8C%BA%E5%90%91%E5%8E%9F3-9-2%20%E3%82%B5%E3%83%B3%E3%83%88%E3%82%B9%E3%83%93%E3%83%AB%201F,2023,スイーツ TOKYO,sweets_tokyo,発表日：2023年8月15日
ひみつ堂,東京都台東区谷中3-11-18,食べログ スイーツ TOKYO 百名店 2023,https://tabelog.com/tokyo/A1311/A131106/13126796/,https://www.google.com/maps/search/?api=1&query=%E3%81%B2%E3%81%BF%E3%81%A4%E5%A0%82%20%E6%9D%B1%E4%BA%AC%E9%83%BD%E5%8F%B0%E6%9D%B1%E5%8C%BA%E8%B0%B7%E4%B8%AD3-11-18,2023,スイーツ TOKYO,sweets_tokyo,発表日：2023年8月15日
巴裡 小川軒 新橋店,東京都港区新橋2-20-15 新橋駅前ビル1号館 1F,食べログ スイーツ TOKYO 百名店 2023,https://tabelog.com/tokyo/A1301/A130103/13024996/,https://www.google.com/maps/search/?api=1&query=%E5%B7%B4%E8%A3%A1%20%E5%B0%8F%E5%B7%9D%E8%BB%92%20%E6%96%B0%E6%A9%8B%E5%BA%97%20%E6%9D%B1%E4%BA%AC%E9%83%BD%E6%B8%AF%E5%8C%BA%E6%96%B0%E6%A9%8B2-20-15%20%E6%96%B0%E6%A9%8B%E9%A7%85%E5%89%8D%E3%83%93%E3%83%AB1%E5%8F%B7%E9%A4%A8%201F,2023,スイーツ TOKYO,sweets_tokyo,発表日：2023年8月15日
ハリッツ 上原店,東京都渋谷区上原1-34-2,食べログ スイーツ TOKYO 百名店 2023,https://tabelog.com/tokyo/A1318/A131811/13023466/,https://www.google.com/maps/search/?api=1&query=%E3%83%8F%E3%83%AA%E3%83%83%E3%83%84%20%E4%B8%8A%E5%8E%9F%E5%BA%97%20%E6%9D%B1%E4%BA%AC%E9%83%BD%E6%B8%8B%E8%B0%B7%E5%8C%BA%E4%B8%8A%E5%8E%9F1-34-2,2023,スイーツ TOKYO,sweets_tokyo,発表日：2023年8月15日
パティスリー カーヴァンソン,東京都新宿区筑土八幡町1-2 第３ＮＫビル 1Ｆ,食べログ スイーツ TOKYO 百名店 2023,https://tabelog.com/tokyo/A1309/A130905/13035194/,https://www.google.com/maps/search/?api=1&query=%E3%83%91%E3%83%86%E3%82%A3%E3%82%B9%E3%83%AA%E3%83%BC%20%E3%82%AB%E3%83%BC%E3%83%B4%E3%82%A1%E3%83%B3%E3%82%BD%E3%83%B3%20%E6%9D%B1%E4%BA%AC%E9%83%BD%E6%96%B0%E5%AE%BF%E5%8C%BA%E7%AD%91%E5%9C%9F%E5%85%AB%E5%B9%A1%E7%94%BA1-2%20%E7%AC%AC%EF%BC%93%EF%BC%AE%EF%BC%AB%E3%83%93%E3%83%AB%201%EF%BC%A6,2023,スイーツ TOKYO,sweets_tokyo,発表日：2023年8月15日
Toshi Yoroizuka Mid Town,東京都港区赤坂9-7-2 東京ミッドタウン･イースト 1F,食べログ スイーツ TOKYO 百名店 2023,https://tabelog.com/tokyo/A1307/A130701/13037382/,https://www.google.com/maps/search/?api=1&query=Toshi%20Yoroizuka%20Mid%20Town%20%E6%9D%B1%E4%BA%AC%E9%83%BD%E6%B8%AF%E5%8C%BA%E8%B5%A4%E5%9D%829-7-2%20%E6%9D%B1%E4%BA%AC%E3%83%9F%E3%83%83%E3%83%89%E3%82%BF%E3%82%A6%E3%83%B3%EF%BD%A5%E3%82%A4%E3%83%BC%E3%82%B9%E3%83%88%201F,2023,スイーツ TOKYO,sweets_tokyo,発表日：2023年8月15日
フレデリック カッセル 銀座三越店,東京都中央区銀座4-6-16 銀座三越 B2F,食べログ スイーツ TOKYO 百名店 2023,https://tabelog.com/tokyo/A1301/A130101/13116839/,https://www.google.com/maps/search/?api=1&query=%E3%83%95%E3%83%AC%E3%83%87%E3%83%AA%E3%83%83%E3%82%AF%20%E3%82%AB%E3%83%83%E3%82%BB%E3%83%AB%20%E9%8A%80%E5%BA%A7%E4%B8%89%E8%B6%8A%E5%BA%97%20%E6%9D%B1%E4%BA%AC%E9%83%BD%E4%B8%AD%E5%A4%AE%E5%8C%BA%E9%8A%80%E5%BA%A74-6-16%20%E9%8A%80%E5%BA%A7%E4%B8%89%E8%B6%8A%20B2F,2023,スイーツ TOKYO,sweets_tokyo,発表日：2023年8月15日
パティスリー ラブリコチエ,東京都中野区大和町1-66-3,食べログ スイーツ TOKYO 百名店 2023,https://tabelog.com/tokyo/A1319/A131904/13100828/,https://www.google.com/maps/search/?api=1&query=%E3%83%91%E3%83%86%E3%82%A3%E3%82%B9%E3%83%AA%E3%83%BC%20%E3%83%A9%E3%83%96%E3%83%AA%E3%82%B3%E3%83%81%E3%82%A8%20%E6%9D%B1%E4%BA%AC%E9%83%BD%E4%B8%AD%E9%87%8E%E5%8C%BA%E5%A4%A7%E5%92%8C%E7%94%BA1-66-3,2023,スイーツ TOKYO,sweets_tokyo,発表日：2023年8月15日
アヴランシュ・ゲネー,東京都文京区本郷4-17-6 1F,食べログ スイーツ TOKYO 百名店 2023,https://tabelog.com/tokyo/A1310/A131004/13186450/,https://www.google.com/maps/search/?api=1&query=%E3%82%A2%E3%83%B4%E3%83%A9%E3%83%B3%E3%82%B7%E3%83%A5%E3%83%BB%E3%82%B2%E3%83%8D%E3%83%BC%20%E6%9D%B1%E4%BA%AC%E9%83%BD%E6%96%87%E4%BA%AC%E5%8C%BA%E6%9C%AC%E9%83%B74-17-6%201F,2023,スイーツ TOKYO,sweets_tokyo,発表日：2023年8月15日
近江屋洋菓子店,東京都千代田区神田淡路町2-4,食べログ スイーツ TOKYO 百名店 2023,https://tabelog.com/tokyo/A1310/A131002/13000337/,https://www.google.com/maps/search/?api=1&query=%E8%BF%91%E6%B1%9F%E5%B1%8B%E6%B4%8B%E8%8F%93%E5%AD%90%E5%BA%97%20%E6%9D%B1%E4%BA%AC%E9%83%BD%E5%8D%83%E4%BB%A3%E7%94%B0%E5%8C%BA%E7%A5%9E%E7%94%B0%E6%B7%A1%E8%B7%AF%E7%94%BA2-4,2023,スイーツ TOKYO,sweets_tokyo,発表日：2023年8月15日
パティスリー SATSUKI,東京都千代田区紀尾井町4-1 ホテルニューオータニ東京 ロビィ階,食べログ スイーツ TOKYO 百名店 2023,https://tabelog.com/tokyo/A1308/A130803/13000178/,https://www.google.com/maps/search/?api=1&query=%E3%83%91%E3%83%86%E3%82%A3%E3%82%B9%E3%83%AA%E3%83%BC%20SATSUKI%20%E6%9D%B1%E4%BA%AC%E9%83%BD%E5%8D%83%E4%BB%A3%E7%94%B0%E5%8C%BA%E7%B4%80%E5%B0%BE%E4%BA%95%E7%94%BA4-1%20%E3%83%9B%E3%83%86%E3%83%AB%E3%83%8B%E3%83%A5%E3%83%BC%E3%82%AA%E3%83%BC%E3%82%BF%E3%83%8B%E6%9D%B1%E4%BA%AC%20%E3%83%AD%E3%83%93%E3%82%A3%E9%9A%8E,2023,スイーツ TOKYO,sweets_tokyo,発表日：2023年8月15日
クラブハリエ 日本橋三越店,東京都中央区日本橋室町1-3-10 日本橋三越本店 新館 B2F,食べログ スイーツ TOKYO 百名店 2023,https://tabelog.com/tokyo/A1302/A130202/13004023/,https://www.google.com/maps/search/?api=1&query=%E3%82%AF%E3%83%A9%E3%83%96%E3%83%8F%E3%83%AA%E3%82%A8%20%E6%97%A5%E6%9C%AC%E6%A9%8B%E4%B8%89%E8%B6%8A%E5%BA%97%20%E6%9D%B1%E4%BA%AC%E9%83%BD%E4%B8%AD%E5%A4%AE%E5%8C%BA%E6%97%A5%E6%9C%AC%E6%A9%8B%E5%AE%A4%E7%94%BA1-3-10%20%E6%97%A5%E6%9C%AC%E6%A9%8B%E4%B8%89%E8%B6%8A%E6%9C%AC%E5%BA%97%20%E6%96%B0%E9%A4%A8%20B2F,2023,スイーツ TOKYO,sweets_tokyo,発表日：2023年8月15日
ツッカベッカライ カヤヌマ,東京都港区赤坂1-4-5 栢沼ビル 1F,食べログ スイーツ TOKYO 百名店 2023,https://tabelog.com/tokyo/A1308/A130802/13002756/,https://www.google.com/maps/search/?api=1&query=%E3%83%84%E3%83%83%E3%82%AB%E3%83%99%E3%83%83%E3%82%AB%E3%83%A9%E3%82%A4%20%E3%82%AB%E3%83%A4%E3%83%8C%E3%83%9E%20%E6%9D%B1%E4%BA%AC%E9%83%BD%E6%B8%AF%E5%8C%BA%E8%B5%A4%E5%9D%821-4-5%20%E6%A0%A2%E6%B2%BC%E3%83%93%E3%83%AB%201F,2023,スイーツ TOKYO,sweets_tokyo,発表日：2023年8月15日
オクシタニアル 東京本店,東京都中央区日本橋蛎殻町1-39-7,食べログ スイーツ TOKYO 百名店 2023,https://tabelog.com/tokyo/A1302/A130204/13164246/,https://www.google.com/maps/search/?api=1&query=%E3%82%AA%E3%82%AF%E3%82%B7%E3%82%BF%E3%83%8B%E3%82%A2%E3%83%AB%20%E6%9D%B1%E4%BA%AC%E6%9C%AC%E5%BA%97%20%E6%9D%B1%E4%BA%AC%E9%83%BD%E4%B8%AD%E5%A4%AE%E5%8C%BA%E6%97%A5%E6%9C%AC%E6%A9%8B%E8%9B%8E%E6%AE%BB%E7%94%BA1-39-7,2023,スイーツ TOKYO,sweets_tokyo,発表日：2023年8月15日
フレンチ パウンド ハウス 大和郷本店,東京都豊島区巣鴨1-4-4 マンション サンビップ巣鴨　1F,食べログ スイーツ TOKYO 百名店 2023,https://tabelog.com/tokyo/A1323/A132301/13003828/,https://www.google.com/maps/search/?api=1&query=%E3%83%95%E3%83%AC%E3%83%B3%E3%83%81%20%E3%83%91%E3%82%A6%E3%83%B3%E3%83%89%20%E3%83%8F%E3%82%A6%E3%82%B9%20%E5%A4%A7%E5%92%8C%E9%83%B7%E6%9C%AC%E5%BA%97%20%E6%9D%B1%E4%BA%AC%E9%83%BD%E8%B1%8A%E5%B3%B6%E5%8C%BA%E5%B7%A3%E9%B4%A81-4-4%20%E3%83%9E%E3%83%B3%E3%82%B7%E3%83%A7%E3%83%B3%20%E3%82%B5%E3%83%B3%E3%83%93%E3%83%83%E3%83%97%E5%B7%A3%E9%B4%A8%E3%80%801F,2023,スイーツ TOKYO,sweets_tokyo,発表日：2023年8月15日
マッターホーン,東京都目黒区鷹番3-5-1,食べログ スイーツ TOKYO 百名店 2023,https://tabelog.com/tokyo/A1317/A131702/13003197/,https://www.google.com/maps/search/?api=1&query=%E3%83%9E%E3%83%83%E3%82%BF%E3%83%BC%E3%83%9B%E3%83%BC%E3%83%B3%20%E6%9D%B1%E4%BA%AC%E9%83%BD%E7%9B%AE%E9%BB%92%E5%8C%BA%E9%B7%B9%E7%95%AA3-5-1,2023,スイーツ TOKYO,sweets_tokyo,発表日：2023年8月15日
ケンズカフェ東京 総本店,東京都新宿区新宿1-23-3 御苑コーポビアネーズ 1F,食べログ スイーツ TOKYO 百名店 2023,https://tabelog.com/tokyo/A1304/A130402/13024643/,https://www.google.com/maps/search/?api=1&query=%E3%82%B1%E3%83%B3%E3%82%BA%E3%82%AB%E3%83%95%E3%82%A7%E6%9D%B1%E4%BA%AC%20%E7%B7%8F%E6%9C%AC%E5%BA%97%20%E6%9D%B1%E4%BA%AC%E9%83%BD%E6%96%B0%E5%AE%BF%E5%8C%BA%E6%96%B0%E5%AE%BF1-23-3%20%E5%BE%A1%E8%8B%91%E3%82%B3%E3%83%BC%E3%83%9D%E3%83%93%E3%82%A2%E3%83%8D%E3%83%BC%E3%82%BA%201F,2023,スイーツ TOKYO,sweets_tokyo,発表日：2023年8月15日
カカオサンパカ 丸の内本店,東京都千代田区丸の内2-6-1 丸の内ブリックスクエア １F,食べログ スイーツ TOKYO 百名店 2023,https://tabelog.com/tokyo/A1302/A130201/13096438/,https://www.google.com/maps/search/?api=1&query=%E3%82%AB%E3%82%AB%E3%82%AA%E3%82%B5%E3%83%B3%E3%83%91%E3%82%AB%20%E4%B8%B8%E3%81%AE%E5%86%85%E6%9C%AC%E5%BA%97%20%E6%9D%B1%E4%BA%AC%E9%83%BD%E5%8D%83%E4%BB%A3%E7%94%B0%E5%8C%BA%E4%B8%B8%E3%81%AE%E5%86%852-6-1%20%E4%B8%B8%E3%81%AE%E5%86%85%E3%83%96%E3%83%AA%E3%83%83%E3%82%AF%E3%82%B9%E3%82%AF%E3%82%A8%E3%82%A2%20%EF%BC%91F,2023,スイーツ TOKYO,sweets_tokyo,発表日：2023年8月15日
テオブロマ 渋谷本店,東京都渋谷区富ヶ谷1-14-9 グリーンコアＬ渋谷 1F,食べログ スイーツ TOKYO 百名店 2023,https://tabelog.com/tokyo/A1318/A131810/13005471/,https://www.google.com/maps/search/?api=1&query=%E3%83%86%E3%82%AA%E3%83%96%E3%83%AD%E3%83%9E%20%E6%B8%8B%E8%B0%B7%E6%9C%AC%E5%BA%97%20%E6%9D%B1%E4%BA%AC%E9%83%BD%E6%B8%8B%E8%B0%B7%E5%8C%BA%E5%AF%8C%E3%83%B6%E8%B0%B71-14-9%20%E3%82%B0%E3%83%AA%E3%83%BC%E3%83%B3%E3%82%B3%E3%82%A2%EF%BC%AC%E6%B8%8B%E8%B0%B7%201F,2023,スイーツ TOKYO,sweets_tokyo,発表日：2023年8月15日
天ぷら 元吉,東京都渋谷区恵比寿西2-8-11 グランベル恵比寿Ⅳ 3F,食べログ 天ぷら 百名店 2023,https://tabelog.com/tokyo/A1303/A130302/13270939/,https://www.google.com/maps/search/?api=1&query=%E5%A4%A9%E3%81%B7%E3%82%89%20%E5%85%83%E5%90%89%20%E6%9D%B1%E4%BA%AC%E9%83%BD%E6%B8%8B%E8%B0%B7%E5%8C%BA%E6%81%B5%E6%AF%94%E5%AF%BF%E8%A5%BF2-8-11%20%E3%82%B0%E3%83%A9%E3%83%B3%E3%83%99%E3%83%AB%E6%81%B5%E6%AF%94%E5%AF%BF%E2%85%A3%203F,2023,天ぷら,tempura,発表日：2023年5月10日
天麩羅 巽,東京都千代田区丸の内 1-1-1 パレスホテル東京 6F,食べログ 天ぷら 百名店 2023,https://tabelog.com/tokyo/A1302/A130201/13141129/,https://www.google.com/maps/search/?api=1&query=%E5%A4%A9%E9%BA%A9%E7%BE%85%20%E5%B7%BD%20%E6%9D%B1%E4%BA%AC%E9%83%BD%E5%8D%83%E4%BB%A3%E7%94%B0%E5%8C%BA%E4%B8%B8%E3%81%AE%E5%86%85%201-1-1%20%E3%83%91%E3%83%AC%E3%82%B9%E3%83%9B%E3%83%86%E3%83%AB%E6%9D%B1%E4%BA%AC%206F,2023,天ぷら,tempura,発表日：2023年5月10日
なかがわ,東京都中央区築地2-14-2 築地ＮＹビル １Ｆ,食べログ 天ぷら 百名店 2023,https://tabelog.com/tokyo/A1313/A131301/13002379/,https://www.google.com/maps/search/?api=1&query=%E3%81%AA%E3%81%8B%E3%81%8C%E3%82%8F%20%E6%9D%B1%E4%BA%AC%E9%83%BD%E4%B8%AD%E5%A4%AE%E5%8C%BA%E7%AF%89%E5%9C%B02-14-2%20%E7%AF%89%E5%9C%B0%EF%BC%AE%EF%BC%B9%E3%83%93%E3%83%AB%20%EF%BC%91%EF%BC%A6,2023,天ぷら,tempura,発表日：2023年5月10日
天寿ゞ,東京都台東区上野2-6-7,食べログ 天ぷら 百名店 2023,https://tabelog.com/tokyo/A1311/A131101/13008518/,https://www.google.com/maps/search/?api=1&query=%E5%A4%A9%E5%AF%BF%E3%82%9E%20%E6%9D%B1%E4%BA%AC%E9%83%BD%E5%8F%B0%E6%9D%B1%E5%8C%BA%E4%B8%8A%E9%87%8E2-6-7,2023,天ぷら,tempura,発表日：2023年5月10日
司,群馬県藤岡市下栗須175-1,食べログ 天ぷら 百名店 2023,https://tabelog.com/gunma/A1005/A100502/10014231/,https://www.google.com/maps/search/?api=1&query=%E5%8F%B8%20%E7%BE%A4%E9%A6%AC%E7%9C%8C%E8%97%A4%E5%B2%A1%E5%B8%82%E4%B8%8B%E6%A0%97%E9%A0%88175-1,2023,天ぷら,tempura,発表日：2023年5月10日
登良屋,神奈川県横浜市中区吉田町2-3,食べログ 天ぷら 百名店 2023,https://tabelog.com/kanagawa/A1401/A140104/14001494/,https://www.google.com/maps/search/?api=1&query=%E7%99%BB%E8%89%AF%E5%B1%8B%20%E7%A5%9E%E5%A5%88%E5%B7%9D%E7%9C%8C%E6%A8%AA%E6%B5%9C%E5%B8%82%E4%B8%AD%E5%8C%BA%E5%90%89%E7%94%B0%E7%94%BA2-3,2023,天ぷら,tempura,発表日：2023年5月10日
天ぷら 荒川,埼玉県さいたま市浦和区仲町2-5-1 浦和ロイヤルパインズホテル　５Ｆ,食べログ 天ぷら 百名店 2023,https://tabelog.com/saitama/A1101/A110102/11000276/,https://www.google.com/maps/search/?api=1&query=%E5%A4%A9%E3%81%B7%E3%82%89%20%E8%8D%92%E5%B7%9D%20%E5%9F%BC%E7%8E%89%E7%9C%8C%E3%81%95%E3%81%84%E3%81%9F%E3%81%BE%E5%B8%82%E6%B5%A6%E5%92%8C%E5%8C%BA%E4%BB%B2%E7%94%BA2-5-1%20%E6%B5%A6%E5%92%8C%E3%83%AD%E3%82%A4%E3%83%A4%E3%83%AB%E3%83%91%E3%82%A4%E3%83%B3%E3%82%BA%E3%83%9B%E3%83%86%E3%83%AB%E3%80%80%EF%BC%95%EF%BC%A6,2023,天ぷら,tempura,発表日：2023年5月10日
たきや,東京都港区麻布十番2-8-6 ラベイユ麻布十番 2F,食べログ 天ぷら 百名店 2023,https://tabelog.com/tokyo/A1307/A130702/13185763/,https://www.google.com/maps/search/?api=1&query=%E3%81%9F%E3%81%8D%E3%82%84%20%E6%9D%B1%E4%BA%AC%E9%83%BD%E6%B8%AF%E5%8C%BA%E9%BA%BB%E5%B8%83%E5%8D%81%E7%95%AA2-8-6%20%E3%83%A9%E3%83%99%E3%82%A4%E3%83%A6%E9%BA%BB%E5%B8%83%E5%8D%81%E7%95%AA%202F,2023,天ぷら,tempura,発表日：2023年5月10日
日本橋 蕎ノ字,東京都中央区日本橋人形町2-22-11 井上ビル 1F,食べログ 天ぷら 百名店 2023,https://tabelog.com/tokyo/A1302/A130204/13201969/,https://www.google.com/maps/search/?api=1&query=%E6%97%A5%E6%9C%AC%E6%A9%8B%20%E8%95%8E%E3%83%8E%E5%AD%97%20%E6%9D%B1%E4%BA%AC%E9%83%BD%E4%B8%AD%E5%A4%AE%E5%8C%BA%E6%97%A5%E6%9C%AC%E6%A9%8B%E4%BA%BA%E5%BD%A2%E7%94%BA2-22-11%20%E4%BA%95%E4%B8%8A%E3%83%93%E3%83%AB%201F,2023,天ぷら,tempura,発表日：2023年5月10日
てんぷら 高七,東京都新宿区若松町36-27,食べログ 天ぷら 百名店 2023,https://tabelog.com/tokyo/A1305/A130504/13010870/,https://www.google.com/maps/search/?api=1&query=%E3%81%A6%E3%82%93%E3%81%B7%E3%82%89%20%E9%AB%98%E4%B8%83%20%E6%9D%B1%E4%BA%AC%E9%83%BD%E6%96%B0%E5%AE%BF%E5%8C%BA%E8%8B%A5%E6%9D%BE%E7%94%BA36-27,2023,天ぷら,tempura,発表日：2023年5月10日
てんぷら 拓,埼玉県春日部市粕壁6995-1,食べログ 天ぷら 百名店 2023,https://tabelog.com/saitama/A1102/A110204/11056966/,https://www.google.com/maps/search/?api=1&query=%E3%81%A6%E3%82%93%E3%81%B7%E3%82%89%20%E6%8B%93%20%E5%9F%BC%E7%8E%89%E7%9C%8C%E6%98%A5%E6%97%A5%E9%83%A8%E5%B8%82%E7%B2%95%E5%A3%816995-1,2023,天ぷら,tempura,発表日：2023年5月10日
茂竹,東京都中央区銀座6-5-16 三楽ビル 2F,食べログ 天ぷら 百名店 2023,https://tabelog.com/tokyo/A1301/A130101/13007760/,https://www.google.com/maps/search/?api=1&query=%E8%8C%82%E7%AB%B9%20%E6%9D%B1%E4%BA%AC%E9%83%BD%E4%B8%AD%E5%A4%AE%E5%8C%BA%E9%8A%80%E5%BA%A76-5-16%20%E4%B8%89%E6%A5%BD%E3%83%93%E3%83%AB%202F,2023,天ぷら,tempura,発表日：2023年5月10日
てんぷらと和食 山の上 本店・御茶ノ水,東京都千代田区神田駿河台1-1 山の上ホテル　１Ｆ,食べログ 天ぷら 百名店 2023,https://tabelog.com/tokyo/A1310/A131002/13000621/,https://www.google.com/maps/search/?api=1&query=%E3%81%A6%E3%82%93%E3%81%B7%E3%82%89%E3%81%A8%E5%92%8C%E9%A3%9F%20%E5%B1%B1%E3%81%AE%E4%B8%8A%20%E6%9C%AC%E5%BA%97%E3%83%BB%E5%BE%A1%E8%8C%B6%E3%83%8E%E6%B0%B4%20%E6%9D%B1%E4%BA%AC%E9%83%BD%E5%8D%83%E4%BB%A3%E7%94%B0%E5%8C%BA%E7%A5%9E%E7%94%B0%E9%A7%BF%E6%B2%B3%E5%8F%B01-1%20%E5%B1%B1%E3%81%AE%E4%B8%8A%E3%83%9B%E3%83%86%E3%83%AB%E3%80%80%EF%BC%91%EF%BC%A6,2023,天ぷら,tempura,発表日：2023年5月10日
天ぷら 車,群馬県館林市野辺町703-2,食べログ 天ぷら 百名店 2023,https://tabelog.com/gunma/A1002/A100204/10014909/,https://www.google.com/maps/search/?api=1&query=%E5%A4%A9%E3%81%B7%E3%82%89%20%E8%BB%8A%20%E7%BE%A4%E9%A6%AC%E7%9C%8C%E9%A4%A8%E6%9E%97%E5%B8%82%E9%87%8E%E8%BE%BA%E7%94%BA703-2,2023,天ぷら,tempura,発表日：2023年5月10日
天婦羅 みやしろ,東京都目黒区上目黒2-18-11,食べログ 天ぷら 百名店 2023,https://tabelog.com/tokyo/A1317/A131701/13220479/,https://www.google.com/maps/search/?api=1&query=%E5%A4%A9%E5%A9%A6%E7%BE%85%20%E3%81%BF%E3%82%84%E3%81%97%E3%82%8D%20%E6%9D%B1%E4%BA%AC%E9%83%BD%E7%9B%AE%E9%BB%92%E5%8C%BA%E4%B8%8A%E7%9B%AE%E9%BB%922-18-11,2023,天ぷら,tempura,発表日：2023年5月10日
天ぷら岡本,東京都立川市曙町2-5-19 ジュピタルビル　２Ｆ,食べログ 天ぷら 百名店 2023,https://tabelog.com/tokyo/A1329/A132901/13005992/,https://www.google.com/maps/search/?api=1&query=%E5%A4%A9%E3%81%B7%E3%82%89%E5%B2%A1%E6%9C%AC%20%E6%9D%B1%E4%BA%AC%E9%83%BD%E7%AB%8B%E5%B7%9D%E5%B8%82%E6%9B%99%E7%94%BA2-5-19%20%E3%82%B8%E3%83%A5%E3%83%94%E3%82%BF%E3%83%AB%E3%83%93%E3%83%AB%E3%80%80%EF%BC%92%EF%BC%A6,2023,天ぷら,tempura,発表日：2023年5月10日
天一坊,神奈川県平塚市龍城ケ丘8-3,食べログ 天ぷら 百名店 2023,https://tabelog.com/kanagawa/A1404/A140407/14024267/,https://www.google.com/maps/search/?api=1&query=%E5%A4%A9%E4%B8%80%E5%9D%8A%20%E7%A5%9E%E5%A5%88%E5%B7%9D%E7%9C%8C%E5%B9%B3%E5%A1%9A%E5%B8%82%E9%BE%8D%E5%9F%8E%E3%82%B1%E4%B8%988-3,2023,天ぷら,tempura,発表日：2023年5月10日
天 よこた,東京都港区元麻布3-10-5 カドル元麻布 202,食べログ 天ぷら 百名店 2023,https://tabelog.com/tokyo/A1307/A130702/13258792/,https://www.google.com/maps/search/?api=1&query=%E5%A4%A9%20%E3%82%88%E3%81%93%E3%81%9F%20%E6%9D%B1%E4%BA%AC%E9%83%BD%E6%B8%AF%E5%8C%BA%E5%85%83%E9%BA%BB%E5%B8%833-10-5%20%E3%82%AB%E3%83%89%E3%83%AB%E5%85%83%E9%BA%BB%E5%B8%83%20202,2023,天ぷら,tempura,発表日：2023年5月10日
てんぷら山の上 Ginza,東京都中央区銀座6-10-1 GINZA SIX 13F,食べログ 天ぷら 百名店 2023,https://tabelog.com/tokyo/A1301/A130101/13207702/,https://www.google.com/maps/search/?api=1&query=%E3%81%A6%E3%82%93%E3%81%B7%E3%82%89%E5%B1%B1%E3%81%AE%E4%B8%8A%20Ginza%20%E6%9D%B1%E4%BA%AC%E9%83%BD%E4%B8%AD%E5%A4%AE%E5%8C%BA%E9%8A%80%E5%BA%A76-10-1%20GINZA%20SIX%2013F,2023,天ぷら,tempura,発表日：2023年5月10日
天ぷら 福たろう,東京都台東区谷中1-2-17,食べログ 天ぷら 百名店 2023,https://tabelog.com/tokyo/A1311/A131106/13204299/,https://www.google.com/maps/search/?api=1&query=%E5%A4%A9%E3%81%B7%E3%82%89%20%E7%A6%8F%E3%81%9F%E3%82%8D%E3%81%86%20%E6%9D%B1%E4%BA%AC%E9%83%BD%E5%8F%B0%E6%9D%B1%E5%8C%BA%E8%B0%B7%E4%B8%AD1-2-17,2023,天ぷら,tempura,発表日：2023年5月10日
天一 本店,東京都中央区銀座6-6-5,食べログ 天ぷら 百名店 2023,https://tabelog.com/tokyo/A1301/A130101/13002572/,https://www.google.com/maps/search/?api=1&query=%E5%A4%A9%E4%B8%80%20%E6%9C%AC%E5%BA%97%20%E6%9D%B1%E4%BA%AC%E9%83%BD%E4%B8%AD%E5%A4%AE%E5%8C%BA%E9%8A%80%E5%BA%A76-6-5,2023,天ぷら,tempura,発表日：2023年5月10日
てんぷら 下村,東京都台東区三筋1-11-13,食べログ 天ぷら 百名店 2023,https://tabelog.com/tokyo/A1311/A131101/13213663/,https://www.google.com/maps/search/?api=1&query=%E3%81%A6%E3%82%93%E3%81%B7%E3%82%89%20%E4%B8%8B%E6%9D%91%20%E6%9D%B1%E4%BA%AC%E9%83%BD%E5%8F%B0%E6%9D%B1%E5%8C%BA%E4%B8%89%E7%AD%8B1-11-13,2023,天ぷら,tempura,発表日：2023年5月10日
まつむら,栃木県足利市有楽町834-27,食べログ 天ぷら 百名店 2023,https://tabelog.com/tochigi/A0902/A090202/9004726/,https://www.google.com/maps/search/?api=1&query=%E3%81%BE%E3%81%A4%E3%82%80%E3%82%89%20%E6%A0%83%E6%9C%A8%E7%9C%8C%E8%B6%B3%E5%88%A9%E5%B8%82%E6%9C%89%E6%A5%BD%E7%94%BA834-27,2023,天ぷら,tempura,発表日：2023年5月10日
くすのき 本店,東京都新宿区四谷1-9-4,食べログ 天ぷら 百名店 2023,https://tabelog.com/tokyo/A1309/A130902/13223239/,https://www.google.com/maps/search/?api=1&query=%E3%81%8F%E3%81%99%E3%81%AE%E3%81%8D%20%E6%9C%AC%E5%BA%97%20%E6%9D%B1%E4%BA%AC%E9%83%BD%E6%96%B0%E5%AE%BF%E5%8C%BA%E5%9B%9B%E8%B0%B71-9-4,2023,天ぷら,tempura,発表日：2023年5月10日
天ぷら 逢坂,東京都港区西新橋2-13-16 多田ビル　１Ｆ,食べログ 天ぷら 百名店 2023,https://tabelog.com/tokyo/A1308/A130802/13007533/,https://www.google.com/maps/search/?api=1&query=%E5%A4%A9%E3%81%B7%E3%82%89%20%E9%80%A2%E5%9D%82%20%E6%9D%B1%E4%BA%AC%E9%83%BD%E6%B8%AF%E5%8C%BA%E8%A5%BF%E6%96%B0%E6%A9%8B2-13-16%20%E5%A4%9A%E7%94%B0%E3%83%93%E3%83%AB%E3%80%80%EF%BC%91%EF%BC%A6,2023,天ぷら,tempura,発表日：2023年5月10日
天七,神奈川県横浜市中区常盤町5-57 竹内ビル 1F,食べログ 天ぷら 百名店 2023,https://tabelog.com/kanagawa/A1401/A140104/14003291/,https://www.google.com/maps/search/?api=1&query=%E5%A4%A9%E4%B8%83%20%E7%A5%9E%E5%A5%88%E5%B7%9D%E7%9C%8C%E6%A8%AA%E6%B5%9C%E5%B8%82%E4%B8%AD%E5%8C%BA%E5%B8%B8%E7%9B%A4%E7%94%BA5-57%20%E7%AB%B9%E5%86%85%E3%83%93%E3%83%AB%201F,2023,天ぷら,tempura,発表日：2023年5月10日
江戸前晋作,東京都中央区日本橋人形町2-10-11 KYOE PLAZA 日本橋人形町 6F,食べログ 天ぷら 百名店 2023,https://tabelog.com/tokyo/A1302/A130204/13270572/,https://www.google.com/maps/search/?api=1&query=%E6%B1%9F%E6%88%B8%E5%89%8D%E6%99%8B%E4%BD%9C%20%E6%9D%B1%E4%BA%AC%E9%83%BD%E4%B8%AD%E5%A4%AE%E5%8C%BA%E6%97%A5%E6%9C%AC%E6%A9%8B%E4%BA%BA%E5%BD%A2%E7%94%BA2-10-11%20KYOE%20PLAZA%20%E6%97%A5%E6%9C%AC%E6%A9%8B%E4%BA%BA%E5%BD%A2%E7%94%BA%206F,2023,天ぷら,tempura,発表日：2023年5月10日
てんぷら 近藤,東京都中央区銀座5-5-13 坂口ビル　9Ｆ,食べログ 天ぷら 百名店 2023,https://tabelog.com/tokyo/A1301/A130101/13004993/,https://www.google.com/maps/search/?api=1&query=%E3%81%A6%E3%82%93%E3%81%B7%E3%82%89%20%E8%BF%91%E8%97%A4%20%E6%9D%B1%E4%BA%AC%E9%83%BD%E4%B8%AD%E5%A4%AE%E5%8C%BA%E9%8A%80%E5%BA%A75-5-13%20%E5%9D%82%E5%8F%A3%E3%83%93%E3%83%AB%E3%80%809%EF%BC%A6,2023,天ぷら,tempura,発表日：2023年5月10日
みかわ 是山居,東京都江東区福住1-3-1,食べログ 天ぷら 百名店 2023,https://tabelog.com/tokyo/A1313/A131303/13090866/,https://www.google.com/maps/search/?api=1&query=%E3%81%BF%E3%81%8B%E3%82%8F%20%E6%98%AF%E5%B1%B1%E5%B1%85%20%E6%9D%B1%E4%BA%AC%E9%83%BD%E6%B1%9F%E6%9D%B1%E5%8C%BA%E7%A6%8F%E4%BD%8F1-3-1,2023,天ぷら,tempura,発表日：2023年5月10日
天ぷら浅沼,東京都中央区日本橋2-10-11 ordin日本橋ビル 6F,食べログ 天ぷら 百名店 2023,https://tabelog.com/tokyo/A1302/A130202/13275655/,https://www.google.com/maps/search/?api=1&query=%E5%A4%A9%E3%81%B7%E3%82%89%E6%B5%85%E6%B2%BC%20%E6%9D%B1%E4%BA%AC%E9%83%BD%E4%B8%AD%E5%A4%AE%E5%8C%BA%E6%97%A5%E6%9C%AC%E6%A9%8B2-10-11%20ordin%E6%97%A5%E6%9C%AC%E6%A9%8B%E3%83%93%E3%83%AB%206F,2023,天ぷら,tempura,発表日：2023年5月10日
天冨良 よこ田,東京都港区元麻布3-11-3 パティオ麻布十番Ⅱ 3F,食べログ 天ぷら 百名店 2023,https://tabelog.com/tokyo/A1307/A130702/13001340/,https://www.google.com/maps/search/?api=1&query=%E5%A4%A9%E5%86%A8%E8%89%AF%20%E3%82%88%E3%81%93%E7%94%B0%20%E6%9D%B1%E4%BA%AC%E9%83%BD%E6%B8%AF%E5%8C%BA%E5%85%83%E9%BA%BB%E5%B8%833-11-3%20%E3%83%91%E3%83%86%E3%82%A3%E3%82%AA%E9%BA%BB%E5%B8%83%E5%8D%81%E7%95%AA%E2%85%A1%203F,2023,天ぷら,tempura,発表日：2023年5月10日
天ぷら 元吉 的場,東京都港区南青山3-2-4 セントラル No6B-A,食べログ 天ぷら 百名店 2023,https://tabelog.com/tokyo/A1306/A130603/13215414/,https://www.google.com/maps/search/?api=1&query=%E5%A4%A9%E3%81%B7%E3%82%89%20%E5%85%83%E5%90%89%20%E7%9A%84%E5%A0%B4%20%E6%9D%B1%E4%BA%AC%E9%83%BD%E6%B8%AF%E5%8C%BA%E5%8D%97%E9%9D%92%E5%B1%B13-2-4%20%E3%82%BB%E3%83%B3%E3%83%88%E3%83%A9%E3%83%AB%20No6B-A,2023,天ぷら,tempura,発表日：2023年5月10日
美かさ,神奈川県川崎市宮前区宮崎2-9-15,食べログ 天ぷら 百名店 2023,https://tabelog.com/kanagawa/A1405/A140507/14000813/,https://www.google.com/maps/search/?api=1&query=%E7%BE%8E%E3%81%8B%E3%81%95%20%E7%A5%9E%E5%A5%88%E5%B7%9D%E7%9C%8C%E5%B7%9D%E5%B4%8E%E5%B8%82%E5%AE%AE%E5%89%8D%E5%8C%BA%E5%AE%AE%E5%B4%8E2-9-15,2023,天ぷら,tempura,発表日：2023年5月10日
天冨良 いわ井,東京都中央区銀座7-4-5 銀座745ビル 6F,食べログ 天ぷら 百名店 2023,https://tabelog.com/tokyo/A1301/A130101/13183675/,https://www.google.com/maps/search/?api=1&query=%E5%A4%A9%E5%86%A8%E8%89%AF%20%E3%81%84%E3%82%8F%E4%BA%95%20%E6%9D%B1%E4%BA%AC%E9%83%BD%E4%B8%AD%E5%A4%AE%E5%8C%BA%E9%8A%80%E5%BA%A77-4-5%20%E9%8A%80%E5%BA%A7745%E3%83%93%E3%83%AB%206F,2023,天ぷら,tempura,発表日：2023年5月10日
てんぷら銀座天亭,東京都中央区銀座8-6-3 新橋会館　Ｂ１Ｆ,食べログ 天ぷら 百名店 2023,https://tabelog.com/tokyo/A1301/A130103/13002621/,https://www.google.com/maps/search/?api=1&query=%E3%81%A6%E3%82%93%E3%81%B7%E3%82%89%E9%8A%80%E5%BA%A7%E5%A4%A9%E4%BA%AD%20%E6%9D%B1%E4%BA%AC%E9%83%BD%E4%B8%AD%E5%A4%AE%E5%8C%BA%E9%8A%80%E5%BA%A78-6-3%20%E6%96%B0%E6%A9%8B%E4%BC%9A%E9%A4%A8%E3%80%80%EF%BC%A2%EF%BC%91%EF%BC%A6,2023,天ぷら,tempura,発表日：2023年5月10日
からさわ,東京都港区西麻布4-15-18 高木ビル　１Ｆ,食べログ 天ぷら 百名店 2023,https://tabelog.com/tokyo/A1307/A130703/13024283/,https://www.google.com/maps/search/?api=1&query=%E3%81%8B%E3%82%89%E3%81%95%E3%82%8F%20%E6%9D%B1%E4%BA%AC%E9%83%BD%E6%B8%AF%E5%8C%BA%E8%A5%BF%E9%BA%BB%E5%B8%834-15-18%20%E9%AB%98%E6%9C%A8%E3%83%93%E3%83%AB%E3%80%80%EF%BC%91%EF%BC%A6,2023,天ぷら,tempura,発表日：2023年5月10日
天ぷら 銀屋,東京都港区白金台5-17-9 コスモ白金ヒルズ B1F,食べログ 天ぷら 百名店 2023,https://tabelog.com/tokyo/A1316/A131602/13153190/,https://www.google.com/maps/search/?api=1&query=%E5%A4%A9%E3%81%B7%E3%82%89%20%E9%8A%80%E5%B1%8B%20%E6%9D%B1%E4%BA%AC%E9%83%BD%E6%B8%AF%E5%8C%BA%E7%99%BD%E9%87%91%E5%8F%B05-17-9%20%E3%82%B3%E3%82%B9%E3%83%A2%E7%99%BD%E9%87%91%E3%83%92%E3%83%AB%E3%82%BA%20B1F,2023,天ぷら,tempura,発表日：2023年5月10日
てんぷら前平,東京都港区麻布十番2-8-16 ISIビル 4F,食べログ 天ぷら 百名店 2023,https://tabelog.com/tokyo/A1307/A130702/13212060/,https://www.google.com/maps/search/?api=1&query=%E3%81%A6%E3%82%93%E3%81%B7%E3%82%89%E5%89%8D%E5%B9%B3%20%E6%9D%B1%E4%BA%AC%E9%83%BD%E6%B8%AF%E5%8C%BA%E9%BA%BB%E5%B8%83%E5%8D%81%E7%95%AA2-8-16%20ISI%E3%83%93%E3%83%AB%204F,2023,天ぷら,tempura,発表日：2023年5月10日
旬恵庵 あら垣,東京都中央区湊3-5-10,食べログ 天ぷら 百名店 2023,https://tabelog.com/tokyo/A1313/A131301/13210026/,https://www.google.com/maps/search/?api=1&query=%E6%97%AC%E6%81%B5%E5%BA%B5%20%E3%81%82%E3%82%89%E5%9E%A3%20%E6%9D%B1%E4%BA%AC%E9%83%BD%E4%B8%AD%E5%A4%AE%E5%8C%BA%E6%B9%8A3-5-10,2023,天ぷら,tempura,発表日：2023年5月10日
天ぷら もっこす,群馬県高崎市中大類町426-7,食べログ 天ぷら 百名店 2023,https://tabelog.com/gunma/A1001/A100102/10000668/,https://www.google.com/maps/search/?api=1&query=%E5%A4%A9%E3%81%B7%E3%82%89%20%E3%82%82%E3%81%A3%E3%81%93%E3%81%99%20%E7%BE%A4%E9%A6%AC%E7%9C%8C%E9%AB%98%E5%B4%8E%E5%B8%82%E4%B8%AD%E5%A4%A7%E9%A1%9E%E7%94%BA426-7,2023,天ぷら,tempura,発表日：2023年5月10日
天白,千葉県千葉市中央区本町2-1-21 石井ビル 1F,食べログ 天ぷら 百名店 2023,https://tabelog.com/chiba/A1201/A120101/12037698/,https://www.google.com/maps/search/?api=1&query=%E5%A4%A9%E7%99%BD%20%E5%8D%83%E8%91%89%E7%9C%8C%E5%8D%83%E8%91%89%E5%B8%82%E4%B8%AD%E5%A4%AE%E5%8C%BA%E6%9C%AC%E7%94%BA2-1-21%20%E7%9F%B3%E4%BA%95%E3%83%93%E3%83%AB%201F,2023,天ぷら,tempura,発表日：2023年5月10日
天雅,東京都目黒区上目黒3-16-13 キューブＭ B1F,食べログ 天ぷら 百名店 2023,https://tabelog.com/tokyo/A1317/A131701/13147445/,https://www.google.com/maps/search/?api=1&query=%E5%A4%A9%E9%9B%85%20%E6%9D%B1%E4%BA%AC%E9%83%BD%E7%9B%AE%E9%BB%92%E5%8C%BA%E4%B8%8A%E7%9B%AE%E9%BB%923-16-13%20%E3%82%AD%E3%83%A5%E3%83%BC%E3%83%96%EF%BC%AD%20B1F,2023,天ぷら,tempura,発表日：2023年5月10日
天ぷら はせ川,東京都墨田区江東橋2-7-10,食べログ 天ぷら 百名店 2023,https://tabelog.com/tokyo/A1312/A131201/13143482/,https://www.google.com/maps/search/?api=1&query=%E5%A4%A9%E3%81%B7%E3%82%89%20%E3%81%AF%E3%81%9B%E5%B7%9D%20%E6%9D%B1%E4%BA%AC%E9%83%BD%E5%A2%A8%E7%94%B0%E5%8C%BA%E6%B1%9F%E6%9D%B1%E6%A9%8B2-7-10,2023,天ぷら,tempura,発表日：2023年5月10日
天ぷら 蕎楽亭,東京都新宿区余丁町1-14,食べログ 天ぷら 百名店 2023,https://tabelog.com/tokyo/A1309/A130903/13171952/,https://www.google.com/maps/search/?api=1&query=%E5%A4%A9%E3%81%B7%E3%82%89%20%E8%95%8E%E6%A5%BD%E4%BA%AD%20%E6%9D%B1%E4%BA%AC%E9%83%BD%E6%96%B0%E5%AE%BF%E5%8C%BA%E4%BD%99%E4%B8%81%E7%94%BA1-14,2023,天ぷら,tempura,発表日：2023年5月10日
清壽,東京都中央区築地3-16-9 アーバンメイツビル B1F,食べログ 天ぷら 百名店 2023,https://tabelog.com/tokyo/A1313/A131301/13058904/,https://www.google.com/maps/search/?api=1&query=%E6%B8%85%E5%A3%BD%20%E6%9D%B1%E4%BA%AC%E9%83%BD%E4%B8%AD%E5%A4%AE%E5%8C%BA%E7%AF%89%E5%9C%B03-16-9%20%E3%82%A2%E3%83%BC%E3%83%90%E3%83%B3%E3%83%A1%E3%82%A4%E3%83%84%E3%83%93%E3%83%AB%20B1F,2023,天ぷら,tempura,発表日：2023年5月10日
葉むら,神奈川県横須賀市秋谷4293,食べログ 天ぷら 百名店 2023,https://tabelog.com/kanagawa/A1406/A140602/14000311/,https://www.google.com/maps/search/?api=1&query=%E8%91%89%E3%82%80%E3%82%89%20%E7%A5%9E%E5%A5%88%E5%B7%9D%E7%9C%8C%E6%A8%AA%E9%A0%88%E8%B3%80%E5%B8%82%E7%A7%8B%E8%B0%B74293,2023,天ぷら,tempura,発表日：2023年5月10日
てんぷら 深町,東京都中央区京橋2-5-2 A・M京橋ビル 1F,食べログ 天ぷら 百名店 2023,https://tabelog.com/tokyo/A1302/A130202/13004105/,https://www.google.com/maps/search/?api=1&query=%E3%81%A6%E3%82%93%E3%81%B7%E3%82%89%20%E6%B7%B1%E7%94%BA%20%E6%9D%B1%E4%BA%AC%E9%83%BD%E4%B8%AD%E5%A4%AE%E5%8C%BA%E4%BA%AC%E6%A9%8B2-5-2%20A%E3%83%BBM%E4%BA%AC%E6%A9%8B%E3%83%93%E3%83%AB%201F,2023,天ぷら,tempura,発表日：2023年5月10日
香雲堂本店,栃木県足利市通4丁目2570,食べログ 和菓子・甘味処 EAST 百名店 2023,https://tabelog.com/tochigi/A0902/A090202/9002883/,https://www.google.com/maps/search/?api=1&query=%E9%A6%99%E9%9B%B2%E5%A0%82%E6%9C%AC%E5%BA%97%20%E6%A0%83%E6%9C%A8%E7%9C%8C%E8%B6%B3%E5%88%A9%E5%B8%82%E9%80%9A4%E4%B8%81%E7%9B%AE2570,2023,和菓子・甘味処 EAST,wagashi_east,発表日：2023年8月29日
菊川商店,神奈川県足柄下郡箱根町湯本706-17,食べログ 和菓子・甘味処 EAST 百名店 2023,https://tabelog.com/kanagawa/A1410/A141001/14006390/,https://www.google.com/maps/search/?api=1&query=%E8%8F%8A%E5%B7%9D%E5%95%86%E5%BA%97%20%E7%A5%9E%E5%A5%88%E5%B7%9D%E7%9C%8C%E8%B6%B3%E6%9F%84%E4%B8%8B%E9%83%A1%E7%AE%B1%E6%A0%B9%E7%94%BA%E6%B9%AF%E6%9C%AC706-17,2023,和菓子・甘味処 EAST,wagashi_east,発表日：2023年8月29日
三好家,千葉県木更津市朝日1丁目1-48,食べログ 和菓子・甘味処 EAST 百名店 2023,https://tabelog.com/chiba/A1206/A120602/12007514/,https://www.google.com/maps/search/?api=1&query=%E4%B8%89%E5%A5%BD%E5%AE%B6%20%E5%8D%83%E8%91%89%E7%9C%8C%E6%9C%A8%E6%9B%B4%E6%B4%A5%E5%B8%82%E6%9C%9D%E6%97%A51%E4%B8%81%E7%9B%AE1-48,2023,和菓子・甘味処 EAST,wagashi_east,発表日：2023年8月29日
松むら饅頭,群馬県吾妻郡草津町草津389,食べログ 和菓子・甘味処 EAST 百名店 2023,https://tabelog.com/gunma/A1004/A100402/10001631/,https://www.google.com/maps/search/?api=1&query=%E6%9D%BE%E3%82%80%E3%82%89%E9%A5%85%E9%A0%AD%20%E7%BE%A4%E9%A6%AC%E7%9C%8C%E5%90%BE%E5%A6%BB%E9%83%A1%E8%8D%89%E6%B4%A5%E7%94%BA%E8%8D%89%E6%B4%A5389,2023,和菓子・甘味処 EAST,wagashi_east,発表日：2023年8月29日
住吉屋総本店,神奈川県川崎市川崎区大師本町8-16,食べログ 和菓子・甘味処 EAST 百名店 2023,https://tabelog.com/kanagawa/A1405/A140502/14009183/,https://www.google.com/maps/search/?api=1&query=%E4%BD%8F%E5%90%89%E5%B1%8B%E7%B7%8F%E6%9C%AC%E5%BA%97%20%E7%A5%9E%E5%A5%88%E5%B7%9D%E7%9C%8C%E5%B7%9D%E5%B4%8E%E5%B8%82%E5%B7%9D%E5%B4%8E%E5%8C%BA%E5%A4%A7%E5%B8%AB%E6%9C%AC%E7%94%BA8-16,2023,和菓子・甘味処 EAST,wagashi_east,発表日：2023年8月29日
日の出園,神奈川県三浦郡葉山町長柄1413-212,食べログ 和菓子・甘味処 EAST 百名店 2023,https://tabelog.com/kanagawa/A1406/A140602/14042196/,https://www.google.com/maps/search/?api=1&query=%E6%97%A5%E3%81%AE%E5%87%BA%E5%9C%92%20%E7%A5%9E%E5%A5%88%E5%B7%9D%E7%9C%8C%E4%B8%89%E6%B5%A6%E9%83%A1%E8%91%89%E5%B1%B1%E7%94%BA%E9%95%B7%E6%9F%841413-212,2023,和菓子・甘味処 EAST,wagashi_east,発表日：2023年8月29日
小倉屋,茨城県水戸市笠原町101-5,食べログ 和菓子・甘味処 EAST 百名店 2023,https://tabelog.com/ibaraki/A0801/A080101/8000238/,https://www.google.com/maps/search/?api=1&query=%E5%B0%8F%E5%80%89%E5%B1%8B%20%E8%8C%A8%E5%9F%8E%E7%9C%8C%E6%B0%B4%E6%88%B8%E5%B8%82%E7%AC%A0%E5%8E%9F%E7%94%BA101-5,2023,和菓子・甘味処 EAST,wagashi_east,発表日：2023年8月29日
麩帆,神奈川県鎌倉市長谷1-7-7,食べログ 和菓子・甘味処 EAST 百名店 2023,https://tabelog.com/kanagawa/A1404/A140402/14000595/,https://www.google.com/maps/search/?api=1&query=%E9%BA%A9%E5%B8%86%20%E7%A5%9E%E5%A5%88%E5%B7%9D%E7%9C%8C%E9%8E%8C%E5%80%89%E5%B8%82%E9%95%B7%E8%B0%B71-7-7,2023,和菓子・甘味処 EAST,wagashi_east,発表日：2023年8月29日
ちもと 駅前通り店,神奈川県足柄下郡箱根町湯本690,食べログ 和菓子・甘味処 EAST 百名店 2023,https://tabelog.com/kanagawa/A1410/A141001/14011112/,https://www.google.com/maps/search/?api=1&query=%E3%81%A1%E3%82%82%E3%81%A8%20%E9%A7%85%E5%89%8D%E9%80%9A%E3%82%8A%E5%BA%97%20%E7%A5%9E%E5%A5%88%E5%B7%9D%E7%9C%8C%E8%B6%B3%E6%9F%84%E4%B8%8B%E9%83%A1%E7%AE%B1%E6%A0%B9%E7%94%BA%E6%B9%AF%E6%9C%AC690,2023,和菓子・甘味処 EAST,wagashi_east,発表日：2023年8月29日
細井,埼玉県春日部市上金崎18,食べログ 和菓子・甘味処 EAST 百名店 2023,https://tabelog.com/saitama/A1102/A110204/11022003/,https://www.google.com/maps/search/?api=1&query=%E7%B4%B0%E4%BA%95%20%E5%9F%BC%E7%8E%89%E7%9C%8C%E6%98%A5%E6%97%A5%E9%83%A8%E5%B8%82%E4%B8%8A%E9%87%91%E5%B4%8E18,2023,和菓子・甘味処 EAST,wagashi_east,発表日：2023年8月29日
沼田屋 本店,茨城県つくば市沼田1400,食べログ 和菓子・甘味処 EAST 百名店 2023,https://tabelog.com/ibaraki/A0802/A080201/8009094/,https://www.google.com/maps/search/?api=1&query=%E6%B2%BC%E7%94%B0%E5%B1%8B%20%E6%9C%AC%E5%BA%97%20%E8%8C%A8%E5%9F%8E%E7%9C%8C%E3%81%A4%E3%81%8F%E3%81%B0%E5%B8%82%E6%B2%BC%E7%94%B01400,2023,和菓子・甘味処 EAST,wagashi_east,発表日：2023年8月29日
納言志るこ店,神奈川県鎌倉市小町1-5-10,食べログ 和菓子・甘味処 EAST 百名店 2023,https://tabelog.com/kanagawa/A1404/A140402/14001525/,https://www.google.com/maps/search/?api=1&query=%E7%B4%8D%E8%A8%80%E5%BF%97%E3%82%8B%E3%81%93%E5%BA%97%20%E7%A5%9E%E5%A5%88%E5%B7%9D%E7%9C%8C%E9%8E%8C%E5%80%89%E5%B8%82%E5%B0%8F%E7%94%BA1-5-10,2023,和菓子・甘味処 EAST,wagashi_east,発表日：2023年8月29日
アルブルノワールヤクミ,神奈川県鎌倉市雪ノ下1-8-39,食べログ 和菓子・甘味処 EAST 百名店 2023,https://tabelog.com/kanagawa/A1404/A140402/14044997/,https://www.google.com/maps/search/?api=1&query=%E3%82%A2%E3%83%AB%E3%83%96%E3%83%AB%E3%83%8E%E3%83%AF%E3%83%BC%E3%83%AB%E3%83%A4%E3%82%AF%E3%83%9F%20%E7%A5%9E%E5%A5%88%E5%B7%9D%E7%9C%8C%E9%8E%8C%E5%80%89%E5%B8%82%E9%9B%AA%E3%83%8E%E4%B8%8B1-8-39,2023,和菓子・甘味処 EAST,wagashi_east,発表日：2023年8月29日
力餅家,神奈川県鎌倉市坂の下18-18,食べログ 和菓子・甘味処 EAST 百名店 2023,https://tabelog.com/kanagawa/A1404/A140402/14007758/,https://www.google.com/maps/search/?api=1&query=%E5%8A%9B%E9%A4%85%E5%AE%B6%20%E7%A5%9E%E5%A5%88%E5%B7%9D%E7%9C%8C%E9%8E%8C%E5%80%89%E5%B8%82%E5%9D%82%E3%81%AE%E4%B8%8B18-18,2023,和菓子・甘味処 EAST,wagashi_east,発表日：2023年8月29日
ういろう,神奈川県小田原市本町1-13-17,食べログ 和菓子・甘味処 EAST 百名店 2023,https://tabelog.com/kanagawa/A1409/A140901/14009640/,https://www.google.com/maps/search/?api=1&query=%E3%81%86%E3%81%84%E3%82%8D%E3%81%86%20%E7%A5%9E%E5%A5%88%E5%B7%9D%E7%9C%8C%E5%B0%8F%E7%94%B0%E5%8E%9F%E5%B8%82%E6%9C%AC%E7%94%BA1-13-17,2023,和菓子・甘味処 EAST,wagashi_east,発表日：2023年8月29日
甘酒茶屋,神奈川県足柄下郡箱根町畑宿二子山395-1,食べログ 和菓子・甘味処 EAST 百名店 2023,https://tabelog.com/kanagawa/A1410/A141001/14001260/,https://www.google.com/maps/search/?api=1&query=%E7%94%98%E9%85%92%E8%8C%B6%E5%B1%8B%20%E7%A5%9E%E5%A5%88%E5%B7%9D%E7%9C%8C%E8%B6%B3%E6%9F%84%E4%B8%8B%E9%83%A1%E7%AE%B1%E6%A0%B9%E7%94%BA%E7%95%91%E5%AE%BF%E4%BA%8C%E5%AD%90%E5%B1%B1395-1,2023,和菓子・甘味処 EAST,wagashi_east,発表日：2023年8月29日
久寿餅本舗 住吉,神奈川県川崎市川崎区大師町4-47,食べログ 和菓子・甘味処 EAST 百名店 2023,https://tabelog.com/kanagawa/A1405/A140502/14001714/,https://www.google.com/maps/search/?api=1&query=%E4%B9%85%E5%AF%BF%E9%A4%85%E6%9C%AC%E8%88%97%20%E4%BD%8F%E5%90%89%20%E7%A5%9E%E5%A5%88%E5%B7%9D%E7%9C%8C%E5%B7%9D%E5%B4%8E%E5%B8%82%E5%B7%9D%E5%B4%8E%E5%8C%BA%E5%A4%A7%E5%B8%AB%E7%94%BA4-47,2023,和菓子・甘味処 EAST,wagashi_east,発表日：2023年8月29日
みのわ,神奈川県鎌倉市佐助2-6-1,食べログ 和菓子・甘味処 EAST 百名店 2023,https://tabelog.com/kanagawa/A1404/A140402/14002574/,https://www.google.com/maps/search/?api=1&query=%E3%81%BF%E3%81%AE%E3%82%8F%20%E7%A5%9E%E5%A5%88%E5%B7%9D%E7%9C%8C%E9%8E%8C%E5%80%89%E5%B8%82%E4%BD%90%E5%8A%A92-6-1,2023,和菓子・甘味処 EAST,wagashi_east,発表日：2023年8月29日
補陀洛本舗 石屋町店,栃木県日光市石屋町406-4,食べログ 和菓子・甘味処 EAST 百名店 2023,https://tabelog.com/tochigi/A0903/A090301/9011706/,https://www.google.com/maps/search/?api=1&query=%E8%A3%9C%E9%99%80%E6%B4%9B%E6%9C%AC%E8%88%97%20%E7%9F%B3%E5%B1%8B%E7%94%BA%E5%BA%97%20%E6%A0%83%E6%9C%A8%E7%9C%8C%E6%97%A5%E5%85%89%E5%B8%82%E7%9F%B3%E5%B1%8B%E7%94%BA406-4,2023,和菓子・甘味処 EAST,wagashi_east,発表日：2023年8月29日
金時の甘太郎焼,千葉県成田市花崎町525,食べログ 和菓子・甘味処 EAST 百名店 2023,https://tabelog.com/chiba/A1204/A120401/12000897/,https://www.google.com/maps/search/?api=1&query=%E9%87%91%E6%99%82%E3%81%AE%E7%94%98%E5%A4%AA%E9%83%8E%E7%84%BC%20%E5%8D%83%E8%91%89%E7%9C%8C%E6%88%90%E7%94%B0%E5%B8%82%E8%8A%B1%E5%B4%8E%E7%94%BA525,2023,和菓子・甘味処 EAST,wagashi_east,発表日：2023年8月29日
勝月堂,群馬県渋川市伊香保町伊香保9,食べログ 和菓子・甘味処 EAST 百名店 2023,https://tabelog.com/gunma/A1004/A100401/10001197/,https://www.google.com/maps/search/?api=1&query=%E5%8B%9D%E6%9C%88%E5%A0%82%20%E7%BE%A4%E9%A6%AC%E7%9C%8C%E6%B8%8B%E5%B7%9D%E5%B8%82%E4%BC%8A%E9%A6%99%E4%BF%9D%E7%94%BA%E4%BC%8A%E9%A6%99%E4%BF%9D9,2023,和菓子・甘味処 EAST,wagashi_east,発表日：2023年8月29日
鎌倉 浪花家,神奈川県鎌倉市小町1-7-8 TAK鎌倉ビル 1F,食べログ 和菓子・甘味処 EAST 百名店 2023,https://tabelog.com/kanagawa/A1404/A140402/14061955/,https://www.google.com/maps/search/?api=1&query=%E9%8E%8C%E5%80%89%20%E6%B5%AA%E8%8A%B1%E5%AE%B6%20%E7%A5%9E%E5%A5%88%E5%B7%9D%E7%9C%8C%E9%8E%8C%E5%80%89%E5%B8%82%E5%B0%8F%E7%94%BA1-7-8%20TAK%E9%8E%8C%E5%80%89%E3%83%93%E3%83%AB%201F,2023,和菓子・甘味処 EAST,wagashi_east,発表日：2023年8月29日
たい焼き なみへい,神奈川県鎌倉市長谷1-8-10,食べログ 和菓子・甘味処 EAST 百名店 2023,https://tabelog.com/kanagawa/A1404/A140402/14032944/,https://www.google.com/maps/search/?api=1&query=%E3%81%9F%E3%81%84%E7%84%BC%E3%81%8D%20%E3%81%AA%E3%81%BF%E3%81%B8%E3%81%84%20%E7%A5%9E%E5%A5%88%E5%B7%9D%E7%9C%8C%E9%8E%8C%E5%80%89%E5%B8%82%E9%95%B7%E8%B0%B71-8-10,2023,和菓子・甘味処 EAST,wagashi_east,発表日：2023年8月29日
蔵出・焼き芋かいつか つくば店,茨城県つくば市松野木93-18,食べログ 和菓子・甘味処 EAST 百名店 2023,https://tabelog.com/ibaraki/A0802/A080201/8015932/,https://www.google.com/maps/search/?api=1&query=%E8%94%B5%E5%87%BA%E3%83%BB%E7%84%BC%E3%81%8D%E8%8A%8B%E3%81%8B%E3%81%84%E3%81%A4%E3%81%8B%20%E3%81%A4%E3%81%8F%E3%81%B0%E5%BA%97%20%E8%8C%A8%E5%9F%8E%E7%9C%8C%E3%81%A4%E3%81%8F%E3%81%B0%E5%B8%82%E6%9D%BE%E9%87%8E%E6%9C%A893-18,2023,和菓子・甘味処 EAST,wagashi_east,発表日：2023年8月29日
さかえや,栃木県日光市松原町10-1,食べログ 和菓子・甘味処 EAST 百名店 2023,https://tabelog.com/tochigi/A0903/A090301/9003450/,https://www.google.com/maps/search/?api=1&query=%E3%81%95%E3%81%8B%E3%81%88%E3%82%84%20%E6%A0%83%E6%9C%A8%E7%9C%8C%E6%97%A5%E5%85%89%E5%B8%82%E6%9D%BE%E5%8E%9F%E7%94%BA10-1,2023,和菓子・甘味処 EAST,wagashi_east,発表日：2023年8月29日
茶のちもと,神奈川県足柄下郡箱根町湯本690,食べログ 和菓子・甘味処 EAST 百名店 2023,https://tabelog.com/kanagawa/A1410/A141001/14036099/,https://www.google.com/maps/search/?api=1&query=%E8%8C%B6%E3%81%AE%E3%81%A1%E3%82%82%E3%81%A8%20%E7%A5%9E%E5%A5%88%E5%B7%9D%E7%9C%8C%E8%B6%B3%E6%9F%84%E4%B8%8B%E9%83%A1%E7%AE%B1%E6%A0%B9%E7%94%BA%E6%B9%AF%E6%9C%AC690,2023,和菓子・甘味処 EAST,wagashi_east,発表日：2023年8月29日
微笑庵,群馬県高崎市剣崎町1038-4,食べログ 和菓子・甘味処 EAST 百名店 2023,https://tabelog.com/gunma/A1001/A100102/10008608/,https://www.google.com/maps/search/?api=1&query=%E5%BE%AE%E7%AC%91%E5%BA%B5%20%E7%BE%A4%E9%A6%AC%E7%9C%8C%E9%AB%98%E5%B4%8E%E5%B8%82%E5%89%A3%E5%B4%8E%E7%94%BA1038-4,2023,和菓子・甘味処 EAST,wagashi_east,発表日：2023年8月29日
茶寮 煉,千葉県市川市八幡2-5-6 糸信ビル 1F,食べログ 和菓子・甘味処 EAST 百名店 2023,https://tabelog.com/chiba/A1202/A120202/12029078/,https://www.google.com/maps/search/?api=1&query=%E8%8C%B6%E5%AF%AE%20%E7%85%89%20%E5%8D%83%E8%91%89%E7%9C%8C%E5%B8%82%E5%B7%9D%E5%B8%82%E5%85%AB%E5%B9%A12-5-6%20%E7%B3%B8%E4%BF%A1%E3%83%93%E3%83%AB%201F,2023,和菓子・甘味処 EAST,wagashi_east,発表日：2023年8月29日
菊園,千葉県千葉市若葉区若松町360-24,食べログ 和菓子・甘味処 EAST 百名店 2023,https://tabelog.com/chiba/A1201/A120105/12028342/,https://www.google.com/maps/search/?api=1&query=%E8%8F%8A%E5%9C%92%20%E5%8D%83%E8%91%89%E7%9C%8C%E5%8D%83%E8%91%89%E5%B8%82%E8%8B%A5%E8%91%89%E5%8C%BA%E8%8B%A5%E6%9D%BE%E7%94%BA360-24,2023,和菓子・甘味処 EAST,wagashi_east,発表日：2023年8月29日
あさひ 本店,神奈川県藤沢市江の島1-4-10,食べログ 和菓子・甘味処 EAST 百名店 2023,https://tabelog.com/kanagawa/A1404/A140403/14022338/,https://www.google.com/maps/search/?api=1&query=%E3%81%82%E3%81%95%E3%81%B2%20%E6%9C%AC%E5%BA%97%20%E7%A5%9E%E5%A5%88%E5%B7%9D%E7%9C%8C%E8%97%A4%E6%B2%A2%E5%B8%82%E6%B1%9F%E3%81%AE%E5%B3%B61-4-10,2023,和菓子・甘味処 EAST,wagashi_east,発表日：2023年8月29日
木村屋本店,茨城県水戸市南町1-2-21,食べログ 和菓子・甘味処 EAST 百名店 2023,https://tabelog.com/ibaraki/A0801/A080101/8000367/,https://www.google.com/maps/search/?api=1&query=%E6%9C%A8%E6%9D%91%E5%B1%8B%E6%9C%AC%E5%BA%97%20%E8%8C%A8%E5%9F%8E%E7%9C%8C%E6%B0%B4%E6%88%B8%E5%B8%82%E5%8D%97%E7%94%BA1-2-21,2023,和菓子・甘味処 EAST,wagashi_east,発表日：2023年8月29日
多摩川菓子店,神奈川県川崎市川崎区大島2-1-2,食べログ 和菓子・甘味処 EAST 百名店 2023,https://tabelog.com/kanagawa/A1405/A140502/14001845/,https://www.google.com/maps/search/?api=1&query=%E5%A4%9A%E6%91%A9%E5%B7%9D%E8%8F%93%E5%AD%90%E5%BA%97%20%E7%A5%9E%E5%A5%88%E5%B7%9D%E7%9C%8C%E5%B7%9D%E5%B4%8E%E5%B8%82%E5%B7%9D%E5%B4%8E%E5%8C%BA%E5%A4%A7%E5%B3%B62-1-2,2023,和菓子・甘味処 EAST,wagashi_east,発表日：2023年8月29日
菓匠 白妙 習志野台本店,千葉県船橋市習志野台2-72-14,食べログ 和菓子・甘味処 EAST 百名店 2023,https://tabelog.com/chiba/A1202/A120201/12000092/,https://www.google.com/maps/search/?api=1&query=%E8%8F%93%E5%8C%A0%20%E7%99%BD%E5%A6%99%20%E7%BF%92%E5%BF%97%E9%87%8E%E5%8F%B0%E6%9C%AC%E5%BA%97%20%E5%8D%83%E8%91%89%E7%9C%8C%E8%88%B9%E6%A9%8B%E5%B8%82%E7%BF%92%E5%BF%97%E9%87%8E%E5%8F%B02-72-14,2023,和菓子・甘味処 EAST,wagashi_east,発表日：2023年8月29日
甘味処 楓,千葉県千葉市稲毛区緑町1-20-7,食べログ 和菓子・甘味処 EAST 百名店 2023,https://tabelog.com/chiba/A1201/A120104/12000183/,https://www.google.com/maps/search/?api=1&query=%E7%94%98%E5%91%B3%E5%87%A6%20%E6%A5%93%20%E5%8D%83%E8%91%89%E7%9C%8C%E5%8D%83%E8%91%89%E5%B8%82%E7%A8%B2%E6%AF%9B%E5%8C%BA%E7%B7%91%E7%94%BA1-20-7,2023,和菓子・甘味処 EAST,wagashi_east,発表日：2023年8月29日
ういろう 駅前調剤薬局,神奈川県小田原市栄町1-2-10 秋山ビル 1F,食べログ 和菓子・甘味処 EAST 百名店 2023,https://tabelog.com/kanagawa/A1409/A140901/14030345/,https://www.google.com/maps/search/?api=1&query=%E3%81%86%E3%81%84%E3%82%8D%E3%81%86%20%E9%A7%85%E5%89%8D%E8%AA%BF%E5%89%A4%E8%96%AC%E5%B1%80%20%E7%A5%9E%E5%A5%88%E5%B7%9D%E7%9C%8C%E5%B0%8F%E7%94%B0%E5%8E%9F%E5%B8%82%E6%A0%84%E7%94%BA1-2-10%20%E7%A7%8B%E5%B1%B1%E3%83%93%E3%83%AB%201F,2023,和菓子・甘味処 EAST,wagashi_east,発表日：2023年8月29日
御菓子司 角八本店,千葉県長生郡一宮町一宮3012,食べログ 和菓子・甘味処 EAST 百名店 2023,https://tabelog.com/chiba/A1205/A120504/12001158/,https://www.google.com/maps/search/?api=1&query=%E5%BE%A1%E8%8F%93%E5%AD%90%E5%8F%B8%20%E8%A7%92%E5%85%AB%E6%9C%AC%E5%BA%97%20%E5%8D%83%E8%91%89%E7%9C%8C%E9%95%B7%E7%94%9F%E9%83%A1%E4%B8%80%E5%AE%AE%E7%94%BA%E4%B8%80%E5%AE%AE3012,2023,和菓子・甘味処 EAST,wagashi_east,発表日：2023年8月29日
さのや 今川焼店,千葉県銚子市飯沼町6-7,食べログ 和菓子・甘味処 EAST 百名店 2023,https://tabelog.com/chiba/A1205/A120501/12003565/,https://www.google.com/maps/search/?api=1&query=%E3%81%95%E3%81%AE%E3%82%84%20%E4%BB%8A%E5%B7%9D%E7%84%BC%E5%BA%97%20%E5%8D%83%E8%91%89%E7%9C%8C%E9%8A%9A%E5%AD%90%E5%B8%82%E9%A3%AF%E6%B2%BC%E7%94%BA6-7,2023,和菓子・甘味処 EAST,wagashi_east,発表日：2023年8月29日
豊島屋菓寮 八十小路,神奈川県鎌倉市小町2-9-20,食べログ 和菓子・甘味処 EAST 百名店 2023,https://tabelog.com/kanagawa/A1404/A140402/14004948/,https://www.google.com/maps/search/?api=1&query=%E8%B1%8A%E5%B3%B6%E5%B1%8B%E8%8F%93%E5%AF%AE%20%E5%85%AB%E5%8D%81%E5%B0%8F%E8%B7%AF%20%E7%A5%9E%E5%A5%88%E5%B7%9D%E7%9C%8C%E9%8E%8C%E5%80%89%E5%B8%82%E5%B0%8F%E7%94%BA2-9-20,2023,和菓子・甘味処 EAST,wagashi_east,発表日：2023年8月29日
茶房 雲母,神奈川県鎌倉市御成町16-7,食べログ 和菓子・甘味処 EAST 百名店 2023,https://tabelog.com/kanagawa/A1404/A140402/14000248/,https://www.google.com/maps/search/?api=1&query=%E8%8C%B6%E6%88%BF%20%E9%9B%B2%E6%AF%8D%20%E7%A5%9E%E5%A5%88%E5%B7%9D%E7%9C%8C%E9%8E%8C%E5%80%89%E5%B8%82%E5%BE%A1%E6%88%90%E7%94%BA16-7,2023,和菓子・甘味処 EAST,wagashi_east,発表日：2023年8月29日
虎ノ門 岡埜榮泉 新宿タカシマヤ店,東京都渋谷区千駄ヶ谷5-24-2 新宿タカシマヤ B1F,食べログ 和菓子・甘味処 TOKYO 百名店 2023,https://tabelog.com/tokyo/A1304/A130401/13056538/,https://www.google.com/maps/search/?api=1&query=%E8%99%8E%E3%83%8E%E9%96%80%20%E5%B2%A1%E5%9F%9C%E6%A6%AE%E6%B3%89%20%E6%96%B0%E5%AE%BF%E3%82%BF%E3%82%AB%E3%82%B7%E3%83%9E%E3%83%A4%E5%BA%97%20%E6%9D%B1%E4%BA%AC%E9%83%BD%E6%B8%8B%E8%B0%B7%E5%8C%BA%E5%8D%83%E9%A7%84%E3%83%B6%E8%B0%B75-24-2%20%E6%96%B0%E5%AE%BF%E3%82%BF%E3%82%AB%E3%82%B7%E3%83%9E%E3%83%A4%20B1F,2023,和菓子・甘味処 TOKYO,wagashi_tokyo,発表日：2023年8月29日
初音,東京都中央区日本橋人形町1-15-6 五番街ビル 1F,食べログ 和菓子・甘味処 TOKYO 百名店 2023,https://tabelog.com/tokyo/A1302/A130204/13003045/,https://www.google.com/maps/search/?api=1&query=%E5%88%9D%E9%9F%B3%20%E6%9D%B1%E4%BA%AC%E9%83%BD%E4%B8%AD%E5%A4%AE%E5%8C%BA%E6%97%A5%E6%9C%AC%E6%A9%8B%E4%BA%BA%E5%BD%A2%E7%94%BA1-15-6%20%E4%BA%94%E7%95%AA%E8%A1%97%E3%83%93%E3%83%AB%201F,2023,和菓子・甘味処 TOKYO,wagashi_tokyo,発表日：2023年8月29日
甘味おかめ 交通会館店,東京都千代田区有楽町2-10-1 東京交通会館 B1F,食べログ 和菓子・甘味処 TOKYO 百名店 2023,https://tabelog.com/tokyo/A1301/A130102/13042986/,https://www.google.com/maps/search/?api=1&query=%E7%94%98%E5%91%B3%E3%81%8A%E3%81%8B%E3%82%81%20%E4%BA%A4%E9%80%9A%E4%BC%9A%E9%A4%A8%E5%BA%97%20%E6%9D%B1%E4%BA%AC%E9%83%BD%E5%8D%83%E4%BB%A3%E7%94%B0%E5%8C%BA%E6%9C%89%E6%A5%BD%E7%94%BA2-10-1%20%E6%9D%B1%E4%BA%AC%E4%BA%A4%E9%80%9A%E4%BC%9A%E9%A4%A8%20B1F,2023,和菓子・甘味処 TOKYO,wagashi_tokyo,発表日：2023年8月29日
菓匠 菊家,東京都港区南青山5-13-2 菊家BLDG 9F,食べログ 和菓子・甘味処 TOKYO 百名店 2023,https://tabelog.com/tokyo/A1306/A130602/13006970/,https://www.google.com/maps/search/?api=1&query=%E8%8F%93%E5%8C%A0%20%E8%8F%8A%E5%AE%B6%20%E6%9D%B1%E4%BA%AC%E9%83%BD%E6%B8%AF%E5%8C%BA%E5%8D%97%E9%9D%92%E5%B1%B15-13-2%20%E8%8F%8A%E5%AE%B6BLDG%209F,2023,和菓子・甘味処 TOKYO,wagashi_tokyo,発表日：2023年8月29日
宝来屋本店,東京都千代田区九段南2-4-15 坂の上テラス 1F・2F,食べログ 和菓子・甘味処 TOKYO 百名店 2023,https://tabelog.com/tokyo/A1309/A130906/13006396/,https://www.google.com/maps/search/?api=1&query=%E5%AE%9D%E6%9D%A5%E5%B1%8B%E6%9C%AC%E5%BA%97%20%E6%9D%B1%E4%BA%AC%E9%83%BD%E5%8D%83%E4%BB%A3%E7%94%B0%E5%8C%BA%E4%B9%9D%E6%AE%B5%E5%8D%972-4-15%20%E5%9D%82%E3%81%AE%E4%B8%8A%E3%83%86%E3%83%A9%E3%82%B9%201F%E3%83%BB2F,2023,和菓子・甘味処 TOKYO,wagashi_tokyo,発表日：2023年8月29日
すずめや,東京都豊島区南池袋2-18-5,食べログ 和菓子・甘味処 TOKYO 百名店 2023,https://tabelog.com/tokyo/A1305/A130501/13009255/,https://www.google.com/maps/search/?api=1&query=%E3%81%99%E3%81%9A%E3%82%81%E3%82%84%20%E6%9D%B1%E4%BA%AC%E9%83%BD%E8%B1%8A%E5%B3%B6%E5%8C%BA%E5%8D%97%E6%B1%A0%E8%A2%8B2-18-5,2023,和菓子・甘味処 TOKYO,wagashi_tokyo,発表日：2023年8月29日
浅田家,東京都港区赤坂2-10-4,食べログ 和菓子・甘味処 TOKYO 百名店 2023,https://tabelog.com/tokyo/A1308/A130802/13024135/,https://www.google.com/maps/search/?api=1&query=%E6%B5%85%E7%94%B0%E5%AE%B6%20%E6%9D%B1%E4%BA%AC%E9%83%BD%E6%B8%AF%E5%8C%BA%E8%B5%A4%E5%9D%822-10-4,2023,和菓子・甘味処 TOKYO,wagashi_tokyo,発表日：2023年8月29日
甘いっ子,東京都杉並区西荻南2-20-4,食べログ 和菓子・甘味処 TOKYO 百名店 2023,https://tabelog.com/tokyo/A1319/A131907/13006646/,https://www.google.com/maps/search/?api=1&query=%E7%94%98%E3%81%84%E3%81%A3%E5%AD%90%20%E6%9D%B1%E4%BA%AC%E9%83%BD%E6%9D%89%E4%B8%A6%E5%8C%BA%E8%A5%BF%E8%8D%BB%E5%8D%972-20-4,2023,和菓子・甘味処 TOKYO,wagashi_tokyo,発表日：2023年8月29日
かどや,東京都足立区千住5-5-10,食べログ 和菓子・甘味処 TOKYO 百名店 2023,https://tabelog.com/tokyo/A1324/A132402/13008735/,https://www.google.com/maps/search/?api=1&query=%E3%81%8B%E3%81%A9%E3%82%84%20%E6%9D%B1%E4%BA%AC%E9%83%BD%E8%B6%B3%E7%AB%8B%E5%8C%BA%E5%8D%83%E4%BD%8F5-5-10,2023,和菓子・甘味処 TOKYO,wagashi_tokyo,発表日：2023年8月29日
一元屋,東京都千代田区麹町1-6-6,食べログ 和菓子・甘味処 TOKYO 百名店 2023,https://tabelog.com/tokyo/A1308/A130803/13006404/,https://www.google.com/maps/search/?api=1&query=%E4%B8%80%E5%85%83%E5%B1%8B%20%E6%9D%B1%E4%BA%AC%E9%83%BD%E5%8D%83%E4%BB%A3%E7%94%B0%E5%8C%BA%E9%BA%B9%E7%94%BA1-6-6,2023,和菓子・甘味処 TOKYO,wagashi_tokyo,発表日：2023年8月29日
うさぎや,東京都台東区上野1-10-10,食べログ 和菓子・甘味処 TOKYO 百名店 2023,https://tabelog.com/tokyo/A1311/A131101/13003599/,https://www.google.com/maps/search/?api=1&query=%E3%81%86%E3%81%95%E3%81%8E%E3%82%84%20%E6%9D%B1%E4%BA%AC%E9%83%BD%E5%8F%B0%E6%9D%B1%E5%8C%BA%E4%B8%8A%E9%87%8E1-10-10,2023,和菓子・甘味処 TOKYO,wagashi_tokyo,発表日：2023年8月29日
瑞穂,東京都渋谷区神宮前6-8-7,食べログ 和菓子・甘味処 TOKYO 百名店 2023,https://tabelog.com/tokyo/A1306/A130601/13001154/,https://www.google.com/maps/search/?api=1&query=%E7%91%9E%E7%A9%82%20%E6%9D%B1%E4%BA%AC%E9%83%BD%E6%B8%8B%E8%B0%B7%E5%8C%BA%E7%A5%9E%E5%AE%AE%E5%89%8D6-8-7,2023,和菓子・甘味処 TOKYO,wagashi_tokyo,発表日：2023年8月29日
越後屋若狭,東京都墨田区千歳1-8-4,食べログ 和菓子・甘味処 TOKYO 百名店 2023,https://tabelog.com/tokyo/A1312/A131201/13046248/,https://www.google.com/maps/search/?api=1&query=%E8%B6%8A%E5%BE%8C%E5%B1%8B%E8%8B%A5%E7%8B%AD%20%E6%9D%B1%E4%BA%AC%E9%83%BD%E5%A2%A8%E7%94%B0%E5%8C%BA%E5%8D%83%E6%AD%B31-8-4,2023,和菓子・甘味処 TOKYO,wagashi_tokyo,発表日：2023年8月29日
天野屋,東京都千代田区外神田2-18-15,食べログ 和菓子・甘味処 TOKYO 百名店 2023,https://tabelog.com/tokyo/A1310/A131002/13006339/,https://www.google.com/maps/search/?api=1&query=%E5%A4%A9%E9%87%8E%E5%B1%8B%20%E6%9D%B1%E4%BA%AC%E9%83%BD%E5%8D%83%E4%BB%A3%E7%94%B0%E5%8C%BA%E5%A4%96%E7%A5%9E%E7%94%B02-18-15,2023,和菓子・甘味処 TOKYO,wagashi_tokyo,発表日：2023年8月29日
羽二重団子 本店,東京都荒川区東日暮里5-54-3,食べログ 和菓子・甘味処 TOKYO 百名店 2023,https://tabelog.com/tokyo/A1311/A131105/13003775/,https://www.google.com/maps/search/?api=1&query=%E7%BE%BD%E4%BA%8C%E9%87%8D%E5%9B%A3%E5%AD%90%20%E6%9C%AC%E5%BA%97%20%E6%9D%B1%E4%BA%AC%E9%83%BD%E8%8D%92%E5%B7%9D%E5%8C%BA%E6%9D%B1%E6%97%A5%E6%9A%AE%E9%87%8C5-54-3,2023,和菓子・甘味処 TOKYO,wagashi_tokyo,発表日：2023年8月29日
柳屋,東京都中央区日本橋人形町2-11-3,食べログ 和菓子・甘味処 TOKYO 百名店 2023,https://tabelog.com/tokyo/A1302/A130204/13003065/,https://www.google.com/maps/search/?api=1&query=%E6%9F%B3%E5%B1%8B%20%E6%9D%B1%E4%BA%AC%E9%83%BD%E4%B8%AD%E5%A4%AE%E5%8C%BA%E6%97%A5%E6%9C%AC%E6%A9%8B%E4%BA%BA%E5%BD%A2%E7%94%BA2-11-3,2023,和菓子・甘味処 TOKYO,wagashi_tokyo,発表日：2023年8月29日
菊丸,東京都台東区西浅草2-4-1 福島ビル1F,食べログ 和菓子・甘味処 TOKYO 百名店 2023,https://tabelog.com/tokyo/A1311/A131102/13092157/,https://www.google.com/maps/search/?api=1&query=%E8%8F%8A%E4%B8%B8%20%E6%9D%B1%E4%BA%AC%E9%83%BD%E5%8F%B0%E6%9D%B1%E5%8C%BA%E8%A5%BF%E6%B5%85%E8%8D%892-4-1%20%E7%A6%8F%E5%B3%B6%E3%83%93%E3%83%AB1F,2023,和菓子・甘味処 TOKYO,wagashi_tokyo,発表日：2023年8月29日
追分だんご本舗 新宿本店,東京都新宿区新宿3-1-22 ＮＳＯビル　１Ｆ,食べログ 和菓子・甘味処 TOKYO 百名店 2023,https://tabelog.com/tokyo/A1304/A130401/13000836/,https://www.google.com/maps/search/?api=1&query=%E8%BF%BD%E5%88%86%E3%81%A0%E3%82%93%E3%81%94%E6%9C%AC%E8%88%97%20%E6%96%B0%E5%AE%BF%E6%9C%AC%E5%BA%97%20%E6%9D%B1%E4%BA%AC%E9%83%BD%E6%96%B0%E5%AE%BF%E5%8C%BA%E6%96%B0%E5%AE%BF3-1-22%20%EF%BC%AE%EF%BC%B3%EF%BC%AF%E3%83%93%E3%83%AB%E3%80%80%EF%BC%91%EF%BC%A6,2023,和菓子・甘味処 TOKYO,wagashi_tokyo,発表日：2023年8月29日
塩野,東京都港区赤坂2-13-2,食べログ 和菓子・甘味処 TOKYO 百名店 2023,https://tabelog.com/tokyo/A1308/A130801/13002747/,https://www.google.com/maps/search/?api=1&query=%E5%A1%A9%E9%87%8E%20%E6%9D%B1%E4%BA%AC%E9%83%BD%E6%B8%AF%E5%8C%BA%E8%B5%A4%E5%9D%822-13-2,2023,和菓子・甘味処 TOKYO,wagashi_tokyo,発表日：2023年8月29日
京菓子 岬屋,東京都-渋谷区富ケ谷2-17-7,食べログ 和菓子・甘味処 TOKYO 百名店 2023,https://tabelog.com/tokyo/A1318/A131801/13007329/,https://www.google.com/maps/search/?api=1&query=%E4%BA%AC%E8%8F%93%E5%AD%90%20%E5%B2%AC%E5%B1%8B%20%E6%9D%B1%E4%BA%AC%E9%83%BD-%E6%B8%8B%E8%B0%B7%E5%8C%BA%E5%AF%8C%E3%82%B1%E8%B0%B72-17-7,2023,和菓子・甘味処 TOKYO,wagashi_tokyo,発表日：2023年8月29日
だるまや餅菓子店,東京都北区十条仲原1-3-6,食べログ 和菓子・甘味処 TOKYO 百名店 2023,https://tabelog.com/tokyo/A1323/A132304/13008769/,https://www.google.com/maps/search/?api=1&query=%E3%81%A0%E3%82%8B%E3%81%BE%E3%82%84%E9%A4%85%E8%8F%93%E5%AD%90%E5%BA%97%20%E6%9D%B1%E4%BA%AC%E9%83%BD%E5%8C%97%E5%8C%BA%E5%8D%81%E6%9D%A1%E4%BB%B2%E5%8E%9F1-3-6,2023,和菓子・甘味処 TOKYO,wagashi_tokyo,発表日：2023年8月29日
徳太樓,東京都台東区浅草3-36-2,食べログ 和菓子・甘味処 TOKYO 百名店 2023,https://tabelog.com/tokyo/A1311/A131102/13008704/,https://www.google.com/maps/search/?api=1&query=%E5%BE%B3%E5%A4%AA%E6%A8%93%20%E6%9D%B1%E4%BA%AC%E9%83%BD%E5%8F%B0%E6%9D%B1%E5%8C%BA%E6%B5%85%E8%8D%893-36-2,2023,和菓子・甘味処 TOKYO,wagashi_tokyo,発表日：2023年8月29日
亀十,東京都台東区雷門2-18-11,食べログ 和菓子・甘味処 TOKYO 百名店 2023,https://tabelog.com/tokyo/A1311/A131102/13003655/,https://www.google.com/maps/search/?api=1&query=%E4%BA%80%E5%8D%81%20%E6%9D%B1%E4%BA%AC%E9%83%BD%E5%8F%B0%E6%9D%B1%E5%8C%BA%E9%9B%B7%E9%96%802-18-11,2023,和菓子・甘味処 TOKYO,wagashi_tokyo,発表日：2023年8月29日
うさぎや 本店,東京都中央区日本橋1-2-19 日本橋ファーストビル　１Ｆ,食べログ 和菓子・甘味処 TOKYO 百名店 2023,https://tabelog.com/tokyo/A1302/A130202/13003250/,https://www.google.com/maps/search/?api=1&query=%E3%81%86%E3%81%95%E3%81%8E%E3%82%84%20%E6%9C%AC%E5%BA%97%20%E6%9D%B1%E4%BA%AC%E9%83%BD%E4%B8%AD%E5%A4%AE%E5%8C%BA%E6%97%A5%E6%9C%AC%E6%A9%8B1-2-19%20%E6%97%A5%E6%9C%AC%E6%A9%8B%E3%83%95%E3%82%A1%E3%83%BC%E3%82%B9%E3%83%88%E3%83%93%E3%83%AB%E3%80%80%EF%BC%91%EF%BC%A6,2023,和菓子・甘味処 TOKYO,wagashi_tokyo,発表日：2023年8月29日
北斎茶房,東京都墨田区亀沢4-8-5,食べログ 和菓子・甘味処 TOKYO 百名店 2023,https://tabelog.com/tokyo/A1312/A131201/13009563/,https://www.google.com/maps/search/?api=1&query=%E5%8C%97%E6%96%8E%E8%8C%B6%E6%88%BF%20%E6%9D%B1%E4%BA%AC%E9%83%BD%E5%A2%A8%E7%94%B0%E5%8C%BA%E4%BA%80%E6%B2%A24-8-5,2023,和菓子・甘味処 TOKYO,wagashi_tokyo,発表日：2023年8月29日
小ざさ,東京都武蔵野市吉祥寺本町1-1-8,食べログ 和菓子・甘味処 TOKYO 百名店 2023,https://tabelog.com/tokyo/A1320/A132001/13005817/,https://www.google.com/maps/search/?api=1&query=%E5%B0%8F%E3%81%96%E3%81%95%20%E6%9D%B1%E4%BA%AC%E9%83%BD%E6%AD%A6%E8%94%B5%E9%87%8E%E5%B8%82%E5%90%89%E7%A5%A5%E5%AF%BA%E6%9C%AC%E7%94%BA1-1-8,2023,和菓子・甘味処 TOKYO,wagashi_tokyo,発表日：2023年8月29日
甘味処 みつばち 本店,東京都文京区湯島3-38-10 ハニービル 1F,食べログ 和菓子・甘味処 TOKYO 百名店 2023,https://tabelog.com/tokyo/A1311/A131101/13003590/,https://www.google.com/maps/search/?api=1&query=%E7%94%98%E5%91%B3%E5%87%A6%20%E3%81%BF%E3%81%A4%E3%81%B0%E3%81%A1%20%E6%9C%AC%E5%BA%97%20%E6%9D%B1%E4%BA%AC%E9%83%BD%E6%96%87%E4%BA%AC%E5%8C%BA%E6%B9%AF%E5%B3%B63-38-10%20%E3%83%8F%E3%83%8B%E3%83%BC%E3%83%93%E3%83%AB%201F,2023,和菓子・甘味処 TOKYO,wagashi_tokyo,発表日：2023年8月29日
天音,東京都武蔵野市吉祥寺本町1-1-9 ハモニカ横丁,食べログ 和菓子・甘味処 TOKYO 百名店 2023,https://tabelog.com/tokyo/A1320/A132001/13019467/,https://www.google.com/maps/search/?api=1&query=%E5%A4%A9%E9%9F%B3%20%E6%9D%B1%E4%BA%AC%E9%83%BD%E6%AD%A6%E8%94%B5%E9%87%8E%E5%B8%82%E5%90%89%E7%A5%A5%E5%AF%BA%E6%9C%AC%E7%94%BA1-1-9%20%E3%83%8F%E3%83%A2%E3%83%8B%E3%82%AB%E6%A8%AA%E4%B8%81,2023,和菓子・甘味処 TOKYO,wagashi_tokyo,発表日：2023年8月29日
翠江堂 本店,東京都中央区新川2-17-13,食べログ 和菓子・甘味処 TOKYO 百名店 2023,https://tabelog.com/tokyo/A1302/A130203/13007680/,https://www.google.com/maps/search/?api=1&query=%E7%BF%A0%E6%B1%9F%E5%A0%82%20%E6%9C%AC%E5%BA%97%20%E6%9D%B1%E4%BA%AC%E9%83%BD%E4%B8%AD%E5%A4%AE%E5%8C%BA%E6%96%B0%E5%B7%9D2-17-13,2023,和菓子・甘味処 TOKYO,wagashi_tokyo,発表日：2023年8月29日
福尾商店,東京都千代田区神田須田町1-34 1F,食べログ 和菓子・甘味処 TOKYO 百名店 2023,https://tabelog.com/tokyo/A1310/A131002/13044318/,https://www.google.com/maps/search/?api=1&query=%E7%A6%8F%E5%B0%BE%E5%95%86%E5%BA%97%20%E6%9D%B1%E4%BA%AC%E9%83%BD%E5%8D%83%E4%BB%A3%E7%94%B0%E5%8C%BA%E7%A5%9E%E7%94%B0%E9%A0%88%E7%94%B0%E7%94%BA1-34%201F,2023,和菓子・甘味処 TOKYO,wagashi_tokyo,発表日：2023年8月29日
かりんとう ゆしま花月,東京都文京区湯島3-39-6,食べログ 和菓子・甘味処 TOKYO 百名店 2023,https://tabelog.com/tokyo/A1311/A131101/13008524/,https://www.google.com/maps/search/?api=1&query=%E3%81%8B%E3%82%8A%E3%82%93%E3%81%A8%E3%81%86%20%E3%82%86%E3%81%97%E3%81%BE%E8%8A%B1%E6%9C%88%20%E6%9D%B1%E4%BA%AC%E9%83%BD%E6%96%87%E4%BA%AC%E5%8C%BA%E6%B9%AF%E5%B3%B63-39-6,2023,和菓子・甘味処 TOKYO,wagashi_tokyo,発表日：2023年8月29日
茶庭 然花抄院 渋谷ヒカリエ ShinQs店,東京都渋谷区渋谷2-21-1 渋谷ヒカリエShinQs 5F,食べログ 和菓子・甘味処 TOKYO 百名店 2023,https://tabelog.com/tokyo/A1303/A130301/13140148/,https://www.google.com/maps/search/?api=1&query=%E8%8C%B6%E5%BA%AD%20%E7%84%B6%E8%8A%B1%E6%8A%84%E9%99%A2%20%E6%B8%8B%E8%B0%B7%E3%83%92%E3%82%AB%E3%83%AA%E3%82%A8%20ShinQs%E5%BA%97%20%E6%9D%B1%E4%BA%AC%E9%83%BD%E6%B8%8B%E8%B0%B7%E5%8C%BA%E6%B8%8B%E8%B0%B72-21-1%20%E6%B8%8B%E8%B0%B7%E3%83%92%E3%82%AB%E3%83%AA%E3%82%A8ShinQs%205F,2023,和菓子・甘味処 TOKYO,wagashi_tokyo,発表日：2023年8月29日
越後鶴屋,東京都杉並区松庵3-38-20,食べログ 和菓子・甘味処 TOKYO 百名店 2023,https://tabelog.com/tokyo/A1319/A131907/13006656/,https://www.google.com/maps/search/?api=1&query=%E8%B6%8A%E5%BE%8C%E9%B6%B4%E5%B1%8B%20%E6%9D%B1%E4%BA%AC%E9%83%BD%E6%9D%89%E4%B8%A6%E5%8C%BA%E6%9D%BE%E5%BA%B53-38-20,2023,和菓子・甘味処 TOKYO,wagashi_tokyo,発表日：2023年8月29日
うさぎや 中央通り店,東京都中央区日本橋1-3-8 ディアマントビル　1F,食べログ 和菓子・甘味処 TOKYO 百名店 2023,https://tabelog.com/tokyo/A1302/A130202/13041161/,https://www.google.com/maps/search/?api=1&query=%E3%81%86%E3%81%95%E3%81%8E%E3%82%84%20%E4%B8%AD%E5%A4%AE%E9%80%9A%E3%82%8A%E5%BA%97%20%E6%9D%B1%E4%BA%AC%E9%83%BD%E4%B8%AD%E5%A4%AE%E5%8C%BA%E6%97%A5%E6%9C%AC%E6%A9%8B1-3-8%20%E3%83%87%E3%82%A3%E3%82%A2%E3%83%9E%E3%83%B3%E3%83%88%E3%83%93%E3%83%AB%E3%80%801F,2023,和菓子・甘味処 TOKYO,wagashi_tokyo,発表日：2023年8月29日
清寿軒,東京都中央区日本橋堀留町1-4-16 ピーコス日本橋ビル1F,食べログ 和菓子・甘味処 TOKYO 百名店 2023,https://tabelog.com/tokyo/A1302/A130204/13213772/,https://www.google.com/maps/search/?api=1&query=%E6%B8%85%E5%AF%BF%E8%BB%92%20%E6%9D%B1%E4%BA%AC%E9%83%BD%E4%B8%AD%E5%A4%AE%E5%8C%BA%E6%97%A5%E6%9C%AC%E6%A9%8B%E5%A0%80%E7%95%99%E7%94%BA1-4-16%20%E3%83%94%E3%83%BC%E3%82%B3%E3%82%B9%E6%97%A5%E6%9C%AC%E6%A9%8B%E3%83%93%E3%83%AB1F,2023,和菓子・甘味処 TOKYO,wagashi_tokyo,発表日：2023年8月29日
雅庵,東京都目黒区東山1-13-4,食べログ 和菓子・甘味処 TOKYO 百名店 2023,https://tabelog.com/tokyo/A1317/A131701/13073813/,https://www.google.com/maps/search/?api=1&query=%E9%9B%85%E5%BA%B5%20%E6%9D%B1%E4%BA%AC%E9%83%BD%E7%9B%AE%E9%BB%92%E5%8C%BA%E6%9D%B1%E5%B1%B11-13-4,2023,和菓子・甘味処 TOKYO,wagashi_tokyo,発表日：2023年8月29日
目黒ひいらぎ 碑文谷公園通り店,東京都目黒区鷹番3-18-3,食べログ 和菓子・甘味処 TOKYO 百名店 2023,https://tabelog.com/tokyo/A1317/A131702/13135121/,https://www.google.com/maps/search/?api=1&query=%E7%9B%AE%E9%BB%92%E3%81%B2%E3%81%84%E3%82%89%E3%81%8E%20%E7%A2%91%E6%96%87%E8%B0%B7%E5%85%AC%E5%9C%92%E9%80%9A%E3%82%8A%E5%BA%97%20%E6%9D%B1%E4%BA%AC%E9%83%BD%E7%9B%AE%E9%BB%92%E5%8C%BA%E9%B7%B9%E7%95%AA3-18-3,2023,和菓子・甘味処 TOKYO,wagashi_tokyo,発表日：2023年8月29日
ちもと,東京都目黒区八雲1-4-6,食べログ 和菓子・甘味処 TOKYO 百名店 2023,https://tabelog.com/tokyo/A1317/A131702/13003218/,https://www.google.com/maps/search/?api=1&query=%E3%81%A1%E3%82%82%E3%81%A8%20%E6%9D%B1%E4%BA%AC%E9%83%BD%E7%9B%AE%E9%BB%92%E5%8C%BA%E5%85%AB%E9%9B%B21-4-6,2023,和菓子・甘味処 TOKYO,wagashi_tokyo,発表日：2023年8月29日
浅草浪花家,東京都台東区浅草2-12-4,食べログ 和菓子・甘味処 TOKYO 百名店 2023,https://tabelog.com/tokyo/A1311/A131102/13120735/,https://www.google.com/maps/search/?api=1&query=%E6%B5%85%E8%8D%89%E6%B5%AA%E8%8A%B1%E5%AE%B6%20%E6%9D%B1%E4%BA%AC%E9%83%BD%E5%8F%B0%E6%9D%B1%E5%8C%BA%E6%B5%85%E8%8D%892-12-4,2023,和菓子・甘味処 TOKYO,wagashi_tokyo,発表日：2023年8月29日
日本橋 長門,東京都中央区日本橋3-1-3 日本橋長門ビル　1F,食べログ 和菓子・甘味処 TOKYO 百名店 2023,https://tabelog.com/tokyo/A1302/A130202/13011481/,https://www.google.com/maps/search/?api=1&query=%E6%97%A5%E6%9C%AC%E6%A9%8B%20%E9%95%B7%E9%96%80%20%E6%9D%B1%E4%BA%AC%E9%83%BD%E4%B8%AD%E5%A4%AE%E5%8C%BA%E6%97%A5%E6%9C%AC%E6%A9%8B3-1-3%20%E6%97%A5%E6%9C%AC%E6%A9%8B%E9%95%B7%E9%96%80%E3%83%93%E3%83%AB%E3%80%801F,2023,和菓子・甘味処 TOKYO,wagashi_tokyo,発表日：2023年8月29日
甘味おかめ 有楽町店,東京都千代田区有楽町2-7-1 有楽町イトシア イトシアプラザ 1F,食べログ 和菓子・甘味処 TOKYO 百名店 2023,https://tabelog.com/tokyo/A1301/A130102/13011479/,https://www.google.com/maps/search/?api=1&query=%E7%94%98%E5%91%B3%E3%81%8A%E3%81%8B%E3%82%81%20%E6%9C%89%E6%A5%BD%E7%94%BA%E5%BA%97%20%E6%9D%B1%E4%BA%AC%E9%83%BD%E5%8D%83%E4%BB%A3%E7%94%B0%E5%8C%BA%E6%9C%89%E6%A5%BD%E7%94%BA2-7-1%20%E6%9C%89%E6%A5%BD%E7%94%BA%E3%82%A4%E3%83%88%E3%82%B7%E3%82%A2%20%E3%82%A4%E3%83%88%E3%82%B7%E3%82%A2%E3%83%97%E3%83%A9%E3%82%B6%201F,2023,和菓子・甘味処 TOKYO,wagashi_tokyo,発表日：2023年8月29日
つ久し,東京都目黒区八雲4-5-6,食べログ 和菓子・甘味処 TOKYO 百名店 2023,https://tabelog.com/tokyo/A1317/A131702/13035752/,https://www.google.com/maps/search/?api=1&query=%E3%81%A4%E4%B9%85%E3%81%97%20%E6%9D%B1%E4%BA%AC%E9%83%BD%E7%9B%AE%E9%BB%92%E5%8C%BA%E5%85%AB%E9%9B%B24-5-6,2023,和菓子・甘味処 TOKYO,wagashi_tokyo,発表日：2023年8月29日
菊見せんべい総本店,東京都文京区千駄木3-37-16,食べログ 和菓子・甘味処 TOKYO 百名店 2023,https://tabelog.com/tokyo/A1311/A131106/13018372/,https://www.google.com/maps/search/?api=1&query=%E8%8F%8A%E8%A6%8B%E3%81%9B%E3%82%93%E3%81%B9%E3%81%84%E7%B7%8F%E6%9C%AC%E5%BA%97%20%E6%9D%B1%E4%BA%AC%E9%83%BD%E6%96%87%E4%BA%AC%E5%8C%BA%E5%8D%83%E9%A7%84%E6%9C%A83-37-16,2023,和菓子・甘味処 TOKYO,wagashi_tokyo,発表日：2023年8月29日
喫茶去,東京都台東区上野公園4-59,食べログ 和菓子・甘味処 TOKYO 百名店 2023,https://tabelog.com/tokyo/A1311/A131101/13049802/,https://www.google.com/maps/search/?api=1&query=%E5%96%AB%E8%8C%B6%E5%8E%BB%20%E6%9D%B1%E4%BA%AC%E9%83%BD%E5%8F%B0%E6%9D%B1%E5%8C%BA%E4%B8%8A%E9%87%8E%E5%85%AC%E5%9C%924-59,2023,和菓子・甘味処 TOKYO,wagashi_tokyo,発表日：2023年8月29日
桃太郎,東京都台東区西浅草2-13-10,食べログ 和菓子・甘味処 TOKYO 百名店 2023,https://tabelog.com/tokyo/A1311/A131102/13008578/,https://www.google.com/maps/search/?api=1&query=%E6%A1%83%E5%A4%AA%E9%83%8E%20%E6%9D%B1%E4%BA%AC%E9%83%BD%E5%8F%B0%E6%9D%B1%E5%8C%BA%E8%A5%BF%E6%B5%85%E8%8D%892-13-10,2023,和菓子・甘味処 TOKYO,wagashi_tokyo,発表日：2023年8月29日
虎ノ門 岡埜榮泉,東京都港区虎ノ門3-8-24,食べログ 和菓子・甘味処 TOKYO 百名店 2023,https://tabelog.com/tokyo/A1308/A130802/13001513/,https://www.google.com/maps/search/?api=1&query=%E8%99%8E%E3%83%8E%E9%96%80%20%E5%B2%A1%E5%9F%9C%E6%A6%AE%E6%B3%89%20%E6%9D%B1%E4%BA%AC%E9%83%BD%E6%B8%AF%E5%8C%BA%E8%99%8E%E3%83%8E%E9%96%803-8-24,2023,和菓子・甘味処 TOKYO,wagashi_tokyo,発表日：2023年8月29日
吉野家,東京都葛飾区柴又7-6-18,食べログ 和菓子・甘味処 TOKYO 百名店 2023,https://tabelog.com/tokyo/A1324/A132403/13047535/,https://www.google.com/maps/search/?api=1&query=%E5%90%89%E9%87%8E%E5%AE%B6%20%E6%9D%B1%E4%BA%AC%E9%83%BD%E8%91%9B%E9%A3%BE%E5%8C%BA%E6%9F%B4%E5%8F%887-6-18,2023,和菓子・甘味処 TOKYO,wagashi_tokyo,発表日：2023年8月29日
玉英堂彦九郎,東京都中央区日本橋人形町2-3-2 玉英堂ビル 1F,食べログ 和菓子・甘味処 TOKYO 百名店 2023,https://tabelog.com/tokyo/A1302/A130204/13006478/,https://www.google.com/maps/search/?api=1&query=%E7%8E%89%E8%8B%B1%E5%A0%82%E5%BD%A6%E4%B9%9D%E9%83%8E%20%E6%9D%B1%E4%BA%AC%E9%83%BD%E4%B8%AD%E5%A4%AE%E5%8C%BA%E6%97%A5%E6%9C%AC%E6%A9%8B%E4%BA%BA%E5%BD%A2%E7%94%BA2-3-2%20%E7%8E%89%E8%8B%B1%E5%A0%82%E3%83%93%E3%83%AB%201F,2023,和菓子・甘味処 TOKYO,wagashi_tokyo,発表日：2023年8月29日
HIGASHIYA man,東京都港区南青山3-17-14 中山ビルディング 1F,食べログ 和菓子・甘味処 TOKYO 百名店 2023,https://tabelog.com/tokyo/A1306/A130602/13050885/,https://www.google.com/maps/search/?api=1&query=HIGASHIYA%20man%20%E6%9D%B1%E4%BA%AC%E9%83%BD%E6%B8%AF%E5%8C%BA%E5%8D%97%E9%9D%92%E5%B1%B13-17-14%20%E4%B8%AD%E5%B1%B1%E3%83%93%E3%83%AB%E3%83%87%E3%82%A3%E3%83%B3%E3%82%B0%201F,2023,和菓子・甘味処 TOKYO,wagashi_tokyo,発表日：2023年8月29日
高木屋老舗,東京都葛飾区柴又7-7-4,食べログ 和菓子・甘味処 TOKYO 百名店 2023,https://tabelog.com/tokyo/A1324/A132403/13018079/,https://www.google.com/maps/search/?api=1&query=%E9%AB%98%E6%9C%A8%E5%B1%8B%E8%80%81%E8%88%97%20%E6%9D%B1%E4%BA%AC%E9%83%BD%E8%91%9B%E9%A3%BE%E5%8C%BA%E6%9F%B4%E5%8F%887-7-4,2023,和菓子・甘味処 TOKYO,wagashi_tokyo,発表日：2023年8月29日
赤坂青野 本店,東京都港区赤坂7-11-9,食べログ 和菓子・甘味処 TOKYO 百名店 2023,https://tabelog.com/tokyo/A1308/A130801/13002803/,https://www.google.com/maps/search/?api=1&query=%E8%B5%A4%E5%9D%82%E9%9D%92%E9%87%8E%20%E6%9C%AC%E5%BA%97%20%E6%9D%B1%E4%BA%AC%E9%83%BD%E6%B8%AF%E5%8C%BA%E8%B5%A4%E5%9D%827-11-9,2023,和菓子・甘味処 TOKYO,wagashi_tokyo,発表日：2023年8月29日
かりんとう 小桜,東京都台東区浅草4-14-10,食べログ 和菓子・甘味処 TOKYO 百名店 2023,https://tabelog.com/tokyo/A1311/A131102/13009553/,https://www.google.com/maps/search/?api=1&query=%E3%81%8B%E3%82%8A%E3%82%93%E3%81%A8%E3%81%86%20%E5%B0%8F%E6%A1%9C%20%E6%9D%B1%E4%BA%AC%E9%83%BD%E5%8F%B0%E6%9D%B1%E5%8C%BA%E6%B5%85%E8%8D%894-14-10,2023,和菓子・甘味処 TOKYO,wagashi_tokyo,発表日：2023年8月29日
言問団子,東京都墨田区向島5-5-22,食べログ 和菓子・甘味処 TOKYO 百名店 2023,https://tabelog.com/tokyo/A1312/A131203/13002945/,https://www.google.com/maps/search/?api=1&query=%E8%A8%80%E5%95%8F%E5%9B%A3%E5%AD%90%20%E6%9D%B1%E4%BA%AC%E9%83%BD%E5%A2%A8%E7%94%B0%E5%8C%BA%E5%90%91%E5%B3%B65-5-22,2023,和菓子・甘味処 TOKYO,wagashi_tokyo,発表日：2023年8月29日
時屋 新宿小田急ハルク店,東京都新宿区西新宿1-5-1 新宿西口ハルク 1Ｆ,食べログ 和菓子・甘味処 TOKYO 百名店 2023,https://tabelog.com/tokyo/A1304/A130401/13006696/,https://www.google.com/maps/search/?api=1&query=%E6%99%82%E5%B1%8B%20%E6%96%B0%E5%AE%BF%E5%B0%8F%E7%94%B0%E6%80%A5%E3%83%8F%E3%83%AB%E3%82%AF%E5%BA%97%20%E6%9D%B1%E4%BA%AC%E9%83%BD%E6%96%B0%E5%AE%BF%E5%8C%BA%E8%A5%BF%E6%96%B0%E5%AE%BF1-5-1%20%E6%96%B0%E5%AE%BF%E8%A5%BF%E5%8F%A3%E3%83%8F%E3%83%AB%E3%82%AF%201%EF%BC%A6,2023,和菓子・甘味処 TOKYO,wagashi_tokyo,発表日：2023年8月29日
空也,東京都中央区銀座6-7-19,食べログ 和菓子・甘味処 TOKYO 百名店 2023,https://tabelog.com/tokyo/A1301/A130101/13002591/,https://www.google.com/maps/search/?api=1&query=%E7%A9%BA%E4%B9%9F%20%E6%9D%B1%E4%BA%AC%E9%83%BD%E4%B8%AD%E5%A4%AE%E5%8C%BA%E9%8A%80%E5%BA%A76-7-19,2023,和菓子・甘味処 TOKYO,wagashi_tokyo,発表日：2023年8月29日
いちょうの木,東京都品川区北品川1-28-14,食べログ 和菓子・甘味処 TOKYO 百名店 2023,https://tabelog.com/tokyo/A1314/A131405/13087366/,https://www.google.com/maps/search/?api=1&query=%E3%81%84%E3%81%A1%E3%82%87%E3%81%86%E3%81%AE%E6%9C%A8%20%E6%9D%B1%E4%BA%AC%E9%83%BD%E5%93%81%E5%B7%9D%E5%8C%BA%E5%8C%97%E5%93%81%E5%B7%9D1-28-14,2023,和菓子・甘味処 TOKYO,wagashi_tokyo,発表日：2023年8月29日
あんや,東京都世田谷区成城6-5-27,食べログ 和菓子・甘味処 TOKYO 百名店 2023,https://tabelog.com/tokyo/A1318/A131814/13007428/,https://www.google.com/maps/search/?api=1&query=%E3%81%82%E3%82%93%E3%82%84%20%E6%9D%B1%E4%BA%AC%E9%83%BD%E4%B8%96%E7%94%B0%E8%B0%B7%E5%8C%BA%E6%88%90%E5%9F%8E6-5-27,2023,和菓子・甘味処 TOKYO,wagashi_tokyo,発表日：2023年8月29日
高橋の酒まんじゅう,東京都杉並区天沼3-1-9,食べログ 和菓子・甘味処 TOKYO 百名店 2023,https://tabelog.com/tokyo/A1319/A131906/13044820/,https://www.google.com/maps/search/?api=1&query=%E9%AB%98%E6%A9%8B%E3%81%AE%E9%85%92%E3%81%BE%E3%82%93%E3%81%98%E3%82%85%E3%81%86%20%E6%9D%B1%E4%BA%AC%E9%83%BD%E6%9D%89%E4%B8%A6%E5%8C%BA%E5%A4%A9%E6%B2%BC3-1-9,2023,和菓子・甘味処 TOKYO,wagashi_tokyo,発表日：2023年8月29日
高尾山スミカ,東京都八王子市高尾町2181,食べログ 和菓子・甘味処 TOKYO 百名店 2023,https://tabelog.com/tokyo/A1329/A132905/13042628/,https://www.google.com/maps/search/?api=1&query=%E9%AB%98%E5%B0%BE%E5%B1%B1%E3%82%B9%E3%83%9F%E3%82%AB%20%E6%9D%B1%E4%BA%AC%E9%83%BD%E5%85%AB%E7%8E%8B%E5%AD%90%E5%B8%82%E9%AB%98%E5%B0%BE%E7%94%BA2181,2023,和菓子・甘味処 TOKYO,wagashi_tokyo,発表日：2023年8月29日
和菓子処 大角玉屋 銀座店,東京都中央区銀座西3-1 銀座インズ1 1Ｆ,食べログ 和菓子・甘味処 TOKYO 百名店 2023,https://tabelog.com/tokyo/A1301/A130102/13060712/,https://www.google.com/maps/search/?api=1&query=%E5%92%8C%E8%8F%93%E5%AD%90%E5%87%A6%20%E5%A4%A7%E8%A7%92%E7%8E%89%E5%B1%8B%20%E9%8A%80%E5%BA%A7%E5%BA%97%20%E6%9D%B1%E4%BA%AC%E9%83%BD%E4%B8%AD%E5%A4%AE%E5%8C%BA%E9%8A%80%E5%BA%A7%E8%A5%BF3-1%20%E9%8A%80%E5%BA%A7%E3%82%A4%E3%83%B3%E3%82%BA1%201%EF%BC%A6,2023,和菓子・甘味処 TOKYO,wagashi_tokyo,発表日：2023年8月29日
根津のたいやき,東京都文京区根津1-23-9-104,食べログ 和菓子・甘味処 TOKYO 百名店 2023,https://tabelog.com/tokyo/A1311/A131106/13003570/,https://www.google.com/maps/search/?api=1&query=%E6%A0%B9%E6%B4%A5%E3%81%AE%E3%81%9F%E3%81%84%E3%82%84%E3%81%8D%20%E6%9D%B1%E4%BA%AC%E9%83%BD%E6%96%87%E4%BA%AC%E5%8C%BA%E6%A0%B9%E6%B4%A51-23-9-104,2023,和菓子・甘味処 TOKYO,wagashi_tokyo,発表日：2023年8月29日
たいやき ひいらぎ,東京都渋谷区恵比寿1-4-1 恵比寿アーバンハウス 1F,食べログ 和菓子・甘味処 TOKYO 百名店 2023,https://tabelog.com/tokyo/A1303/A130302/13026096/,https://www.google.com/maps/search/?api=1&query=%E3%81%9F%E3%81%84%E3%82%84%E3%81%8D%20%E3%81%B2%E3%81%84%E3%82%89%E3%81%8E%20%E6%9D%B1%E4%BA%AC%E9%83%BD%E6%B8%8B%E8%B0%B7%E5%8C%BA%E6%81%B5%E6%AF%94%E5%AF%BF1-4-1%20%E6%81%B5%E6%AF%94%E5%AF%BF%E3%82%A2%E3%83%BC%E3%83%90%E3%83%B3%E3%83%8F%E3%82%A6%E3%82%B9%201F,2023,和菓子・甘味処 TOKYO,wagashi_tokyo,発表日：2023年8月29日
喜田屋,東京都杉並区西荻北3-31-15,食べログ 和菓子・甘味処 TOKYO 百名店 2023,https://tabelog.com/tokyo/A1319/A131907/13044291/,https://www.google.com/maps/search/?api=1&query=%E5%96%9C%E7%94%B0%E5%B1%8B%20%E6%9D%B1%E4%BA%AC%E9%83%BD%E6%9D%89%E4%B8%A6%E5%8C%BA%E8%A5%BF%E8%8D%BB%E5%8C%973-31-15,2023,和菓子・甘味処 TOKYO,wagashi_tokyo,発表日：2023年8月29日
たい焼 写楽,東京都台東区浅草3-9-10 キャピタルプラザ浅草1階,食べログ 和菓子・甘味処 TOKYO 百名店 2023,https://tabelog.com/tokyo/A1311/A131102/13045299/,https://www.google.com/maps/search/?api=1&query=%E3%81%9F%E3%81%84%E7%84%BC%20%E5%86%99%E6%A5%BD%20%E6%9D%B1%E4%BA%AC%E9%83%BD%E5%8F%B0%E6%9D%B1%E5%8C%BA%E6%B5%85%E8%8D%893-9-10%20%E3%82%AD%E3%83%A3%E3%83%94%E3%82%BF%E3%83%AB%E3%83%97%E3%83%A9%E3%82%B6%E6%B5%85%E8%8D%891%E9%9A%8E,2023,和菓子・甘味処 TOKYO,wagashi_tokyo,発表日：2023年8月29日
い志い,東京都葛飾区柴又7-6-20 柴又帝釈天参道,食べログ 和菓子・甘味処 TOKYO 百名店 2023,https://tabelog.com/tokyo/A1324/A132403/13098265/,https://www.google.com/maps/search/?api=1&query=%E3%81%84%E5%BF%97%E3%81%84%20%E6%9D%B1%E4%BA%AC%E9%83%BD%E8%91%9B%E9%A3%BE%E5%8C%BA%E6%9F%B4%E5%8F%887-6-20%20%E6%9F%B4%E5%8F%88%E5%B8%9D%E9%87%88%E5%A4%A9%E5%8F%82%E9%81%93,2023,和菓子・甘味処 TOKYO,wagashi_tokyo,発表日：2023年8月29日
浪花家総本店,東京都港区麻布十番1-8-14,食べログ 和菓子・甘味処 TOKYO 百名店 2023,https://tabelog.com/tokyo/A1307/A130702/13002775/,https://www.google.com/maps/search/?api=1&query=%E6%B5%AA%E8%8A%B1%E5%AE%B6%E7%B7%8F%E6%9C%AC%E5%BA%97%20%E6%9D%B1%E4%BA%AC%E9%83%BD%E6%B8%AF%E5%8C%BA%E9%BA%BB%E5%B8%83%E5%8D%81%E7%95%AA1-8-14,2023,和菓子・甘味処 TOKYO,wagashi_tokyo,発表日：2023年8月29日
麻布 昇月堂,東京都港区西麻布4-22-12,食べログ 和菓子・甘味処 TOKYO 百名店 2023,https://tabelog.com/tokyo/A1307/A130703/13036997/,https://www.google.com/maps/search/?api=1&query=%E9%BA%BB%E5%B8%83%20%E6%98%87%E6%9C%88%E5%A0%82%20%E6%9D%B1%E4%BA%AC%E9%83%BD%E6%B8%AF%E5%8C%BA%E8%A5%BF%E9%BA%BB%E5%B8%834-22-12,2023,和菓子・甘味処 TOKYO,wagashi_tokyo,発表日：2023年8月29日
竹むら,東京都千代田区神田須田町1-19,食べログ 和菓子・甘味処 TOKYO 百名店 2023,https://tabelog.com/tokyo/A1310/A131002/13000342/,https://www.google.com/maps/search/?api=1&query=%E7%AB%B9%E3%82%80%E3%82%89%20%E6%9D%B1%E4%BA%AC%E9%83%BD%E5%8D%83%E4%BB%A3%E7%94%B0%E5%8C%BA%E7%A5%9E%E7%94%B0%E9%A0%88%E7%94%B0%E7%94%BA1-19,2023,和菓子・甘味処 TOKYO,wagashi_tokyo,発表日：2023年8月29日
日本橋 錦豊琳 かりんとう専門店,東京都千代田区丸の内1-9-1 東京駅 グランスタ B1F,食べログ 和菓子・甘味処 TOKYO 百名店 2023,https://tabelog.com/tokyo/A1302/A130201/13045125/,https://www.google.com/maps/search/?api=1&query=%E6%97%A5%E6%9C%AC%E6%A9%8B%20%E9%8C%A6%E8%B1%8A%E7%90%B3%20%E3%81%8B%E3%82%8A%E3%82%93%E3%81%A8%E3%81%86%E5%B0%82%E9%96%80%E5%BA%97%20%E6%9D%B1%E4%BA%AC%E9%83%BD%E5%8D%83%E4%BB%A3%E7%94%B0%E5%8C%BA%E4%B8%B8%E3%81%AE%E5%86%851-9-1%20%E6%9D%B1%E4%BA%AC%E9%A7%85%20%E3%82%B0%E3%83%A9%E3%83%B3%E3%82%B9%E3%82%BF%20B1F,2023,和菓子・甘味処 TOKYO,wagashi_tokyo,発表日：2023年8月29日
今川焼　かしわや,東京都世田谷区太子堂4-1-1 キャロットビル101,食べログ 和菓子・甘味処 TOKYO 百名店 2023,https://tabelog.com/tokyo/A1317/A131706/13114710/,https://www.google.com/maps/search/?api=1&query=%E4%BB%8A%E5%B7%9D%E7%84%BC%E3%80%80%E3%81%8B%E3%81%97%E3%82%8F%E3%82%84%20%E6%9D%B1%E4%BA%AC%E9%83%BD%E4%B8%96%E7%94%B0%E8%B0%B7%E5%8C%BA%E5%A4%AA%E5%AD%90%E5%A0%824-1-1%20%E3%82%AD%E3%83%A3%E3%83%AD%E3%83%83%E3%83%88%E3%83%93%E3%83%AB101,2023,和菓子・甘味処 TOKYO,wagashi_tokyo,発表日：2023年8月29日
いり江,東京都江東区門前仲町2-6-6,食べログ 和菓子・甘味処 TOKYO 百名店 2023,https://tabelog.com/tokyo/A1313/A131303/13008019/,https://www.google.com/maps/search/?api=1&query=%E3%81%84%E3%82%8A%E6%B1%9F%20%E6%9D%B1%E4%BA%AC%E9%83%BD%E6%B1%9F%E6%9D%B1%E5%8C%BA%E9%96%80%E5%89%8D%E4%BB%B2%E7%94%BA2-6-6,2023,和菓子・甘味処 TOKYO,wagashi_tokyo,発表日：2023年8月29日
しろいくろ,東京都港区麻布十番2-8-1,食べログ 和菓子・甘味処 TOKYO 百名店 2023,https://tabelog.com/tokyo/A1307/A130702/13151089/,https://www.google.com/maps/search/?api=1&query=%E3%81%97%E3%82%8D%E3%81%84%E3%81%8F%E3%82%8D%20%E6%9D%B1%E4%BA%AC%E9%83%BD%E6%B8%AF%E5%8C%BA%E9%BA%BB%E5%B8%83%E5%8D%81%E7%95%AA2-8-1,2023,和菓子・甘味処 TOKYO,wagashi_tokyo,発表日：2023年8月29日
中里,東京都北区中里1-6-11 中里鈴木ビル　１Ｆ,食べログ 和菓子・甘味処 TOKYO 百名店 2023,https://tabelog.com/tokyo/A1323/A132301/13022864/,https://www.google.com/maps/search/?api=1&query=%E4%B8%AD%E9%87%8C%20%E6%9D%B1%E4%BA%AC%E9%83%BD%E5%8C%97%E5%8C%BA%E4%B8%AD%E9%87%8C1-6-11%20%E4%B8%AD%E9%87%8C%E9%88%B4%E6%9C%A8%E3%83%93%E3%83%AB%E3%80%80%EF%BC%91%EF%BC%A6,2023,和菓子・甘味処 TOKYO,wagashi_tokyo,発表日：2023年8月29日
芋甚,東京都文京区根津2-30-4,食べログ 和菓子・甘味処 TOKYO 百名店 2023,https://tabelog.com/tokyo/A1311/A131106/13003559/,https://www.google.com/maps/search/?api=1&query=%E8%8A%8B%E7%94%9A%20%E6%9D%B1%E4%BA%AC%E9%83%BD%E6%96%87%E4%BA%AC%E5%8C%BA%E6%A0%B9%E6%B4%A52-30-4,2023,和菓子・甘味処 TOKYO,wagashi_tokyo,発表日：2023年8月29日
廚 くろぎ,東京都台東区上野3-24-6 パルコヤ1Ｆ,食べログ 和菓子・甘味処 TOKYO 百名店 2023,https://tabelog.com/tokyo/A1311/A131101/13214654/,https://www.google.com/maps/search/?api=1&query=%E5%BB%9A%20%E3%81%8F%E3%82%8D%E3%81%8E%20%E6%9D%B1%E4%BA%AC%E9%83%BD%E5%8F%B0%E6%9D%B1%E5%8C%BA%E4%B8%8A%E9%87%8E3-24-6%20%E3%83%91%E3%83%AB%E3%82%B3%E3%83%A41%EF%BC%A6,2023,和菓子・甘味処 TOKYO,wagashi_tokyo,発表日：2023年8月29日
松島屋,東京都港区高輪1-5-25,食べログ 和菓子・甘味処 TOKYO 百名店 2023,https://tabelog.com/tokyo/A1314/A131403/13007137/,https://www.google.com/maps/search/?api=1&query=%E6%9D%BE%E5%B3%B6%E5%B1%8B%20%E6%9D%B1%E4%BA%AC%E9%83%BD%E6%B8%AF%E5%8C%BA%E9%AB%98%E8%BC%AA1-5-25,2023,和菓子・甘味処 TOKYO,wagashi_tokyo,発表日：2023年8月29日
梅花亭 神楽坂本店,東京都新宿区神楽坂6-15,食べログ 和菓子・甘味処 TOKYO 百名店 2023,https://tabelog.com/tokyo/A1309/A130905/13040265/,https://www.google.com/maps/search/?api=1&query=%E6%A2%85%E8%8A%B1%E4%BA%AD%20%E7%A5%9E%E6%A5%BD%E5%9D%82%E6%9C%AC%E5%BA%97%20%E6%9D%B1%E4%BA%AC%E9%83%BD%E6%96%B0%E5%AE%BF%E5%8C%BA%E7%A5%9E%E6%A5%BD%E5%9D%826-15,2023,和菓子・甘味処 TOKYO,wagashi_tokyo,発表日：2023年8月29日
梅むら,東京都台東区浅草3-22-12,食べログ 和菓子・甘味処 TOKYO 百名店 2023,https://tabelog.com/tokyo/A1311/A131102/13008698/,https://www.google.com/maps/search/?api=1&query=%E6%A2%85%E3%82%80%E3%82%89%20%E6%9D%B1%E4%BA%AC%E9%83%BD%E5%8F%B0%E6%9D%B1%E5%8C%BA%E6%B5%85%E8%8D%893-22-12,2023,和菓子・甘味処 TOKYO,wagashi_tokyo,発表日：2023年8月29日
浪花家 江戸川橋,東京都文京区関口1-5-8,食べログ 和菓子・甘味処 TOKYO 百名店 2023,https://tabelog.com/tokyo/A1309/A130905/13006453/,https://www.google.com/maps/search/?api=1&query=%E6%B5%AA%E8%8A%B1%E5%AE%B6%20%E6%B1%9F%E6%88%B8%E5%B7%9D%E6%A9%8B%20%E6%9D%B1%E4%BA%AC%E9%83%BD%E6%96%87%E4%BA%AC%E5%8C%BA%E9%96%A2%E5%8F%A31-5-8,2023,和菓子・甘味処 TOKYO,wagashi_tokyo,発表日：2023年8月29日
目白 志むら,東京都豊島区目白3-13-3,食べログ 和菓子・甘味処 TOKYO 百名店 2023,https://tabelog.com/tokyo/A1305/A130502/13003855/,https://www.google.com/maps/search/?api=1&query=%E7%9B%AE%E7%99%BD%20%E5%BF%97%E3%82%80%E3%82%89%20%E6%9D%B1%E4%BA%AC%E9%83%BD%E8%B1%8A%E5%B3%B6%E5%8C%BA%E7%9B%AE%E7%99%BD3-13-3,2023,和菓子・甘味処 TOKYO,wagashi_tokyo,発表日：2023年8月29日
五十鈴,東京都新宿区神楽坂5-34,食べログ 和菓子・甘味処 TOKYO 百名店 2023,https://tabelog.com/tokyo/A1309/A130905/13023132/,https://www.google.com/maps/search/?api=1&query=%E4%BA%94%E5%8D%81%E9%88%B4%20%E6%9D%B1%E4%BA%AC%E9%83%BD%E6%96%B0%E5%AE%BF%E5%8C%BA%E7%A5%9E%E6%A5%BD%E5%9D%825-34,2023,和菓子・甘味処 TOKYO,wagashi_tokyo,発表日：2023年8月29日
亀澤堂,東京都千代田区神田神保町1-12-1 帆刈ビル １Ｆ,食べログ 和菓子・甘味処 TOKYO 百名店 2023,https://tabelog.com/tokyo/A1310/A131003/13021812/,https://www.google.com/maps/search/?api=1&query=%E4%BA%80%E6%BE%A4%E5%A0%82%20%E6%9D%B1%E4%BA%AC%E9%83%BD%E5%8D%83%E4%BB%A3%E7%94%B0%E5%8C%BA%E7%A5%9E%E7%94%B0%E7%A5%9E%E4%BF%9D%E7%94%BA1-12-1%20%E5%B8%86%E5%88%88%E3%83%93%E3%83%AB%20%EF%BC%91%EF%BC%A6,2023,和菓子・甘味処 TOKYO,wagashi_tokyo,発表日：2023年8月29日
元祖塩大福 みずの,東京都豊島区巣鴨3-33-3,食べログ 和菓子・甘味処 TOKYO 百名店 2023,https://tabelog.com/tokyo/A1323/A132301/13044660/,https://www.google.com/maps/search/?api=1&query=%E5%85%83%E7%A5%96%E5%A1%A9%E5%A4%A7%E7%A6%8F%20%E3%81%BF%E3%81%9A%E3%81%AE%20%E6%9D%B1%E4%BA%AC%E9%83%BD%E8%B1%8A%E5%B3%B6%E5%8C%BA%E5%B7%A3%E9%B4%A83-33-3,2023,和菓子・甘味処 TOKYO,wagashi_tokyo,発表日：2023年8月29日
銀座甘楽 銀座本店,東京都中央区銀座6-2 銀座コリドー通り,食べログ 和菓子・甘味処 TOKYO 百名店 2023,https://tabelog.com/tokyo/A1301/A130101/13051031/,https://www.google.com/maps/search/?api=1&query=%E9%8A%80%E5%BA%A7%E7%94%98%E6%A5%BD%20%E9%8A%80%E5%BA%A7%E6%9C%AC%E5%BA%97%20%E6%9D%B1%E4%BA%AC%E9%83%BD%E4%B8%AD%E5%A4%AE%E5%8C%BA%E9%8A%80%E5%BA%A76-2%20%E9%8A%80%E5%BA%A7%E3%82%B3%E3%83%AA%E3%83%89%E3%83%BC%E9%80%9A%E3%82%8A,2023,和菓子・甘味処 TOKYO,wagashi_tokyo,発表日：2023年8月29日
茶寮都路里 大丸東京店,東京都千代田区丸の内1-9-1 大丸東京店 10F,食べログ 和菓子・甘味処 TOKYO 百名店 2023,https://tabelog.com/tokyo/A1302/A130201/13044461/,https://www.google.com/maps/search/?api=1&query=%E8%8C%B6%E5%AF%AE%E9%83%BD%E8%B7%AF%E9%87%8C%20%E5%A4%A7%E4%B8%B8%E6%9D%B1%E4%BA%AC%E5%BA%97%20%E6%9D%B1%E4%BA%AC%E9%83%BD%E5%8D%83%E4%BB%A3%E7%94%B0%E5%8C%BA%E4%B8%B8%E3%81%AE%E5%86%851-9-1%20%E5%A4%A7%E4%B8%B8%E6%9D%B1%E4%BA%AC%E5%BA%97%2010F,2023,和菓子・甘味処 TOKYO,wagashi_tokyo,発表日：2023年8月29日
たいやき わかば,東京都新宿区若葉1-10 小沢ビル　１Ｆ,食べログ 和菓子・甘味処 TOKYO 百名店 2023,https://tabelog.com/tokyo/A1309/A130902/13000848/,https://www.google.com/maps/search/?api=1&query=%E3%81%9F%E3%81%84%E3%82%84%E3%81%8D%20%E3%82%8F%E3%81%8B%E3%81%B0%20%E6%9D%B1%E4%BA%AC%E9%83%BD%E6%96%B0%E5%AE%BF%E5%8C%BA%E8%8B%A5%E8%91%891-10%20%E5%B0%8F%E6%B2%A2%E3%83%93%E3%83%AB%E3%80%80%EF%BC%91%EF%BC%A6,2023,和菓子・甘味処 TOKYO,wagashi_tokyo,発表日：2023年8月29日
たちばな,東京都中央区銀座8-7-19 江安ビル １Ｆ,食べログ 和菓子・甘味処 TOKYO 百名店 2023,https://tabelog.com/tokyo/A1301/A130103/13022189/,https://www.google.com/maps/search/?api=1&query=%E3%81%9F%E3%81%A1%E3%81%B0%E3%81%AA%20%E6%9D%B1%E4%BA%AC%E9%83%BD%E4%B8%AD%E5%A4%AE%E5%8C%BA%E9%8A%80%E5%BA%A78-7-19%20%E6%B1%9F%E5%AE%89%E3%83%93%E3%83%AB%20%EF%BC%91%EF%BC%A6,2023,和菓子・甘味処 TOKYO,wagashi_tokyo,発表日：2023年8月29日
石田屋,東京都板橋区上板橋2-32-16,食べログ 和菓子・甘味処 TOKYO 百名店 2023,https://tabelog.com/tokyo/A1322/A132203/13003807/,https://www.google.com/maps/search/?api=1&query=%E7%9F%B3%E7%94%B0%E5%B1%8B%20%E6%9D%B1%E4%BA%AC%E9%83%BD%E6%9D%BF%E6%A9%8B%E5%8C%BA%E4%B8%8A%E6%9D%BF%E6%A9%8B2-32-16,2023,和菓子・甘味処 TOKYO,wagashi_tokyo,発表日：2023年8月29日
千葉屋,東京都台東区浅草3-9-10,食べログ 和菓子・甘味処 TOKYO 百名店 2023,https://tabelog.com/tokyo/A1311/A131102/13008691/,https://www.google.com/maps/search/?api=1&query=%E5%8D%83%E8%91%89%E5%B1%8B%20%E6%9D%B1%E4%BA%AC%E9%83%BD%E5%8F%B0%E6%9D%B1%E5%8C%BA%E6%B5%85%E8%8D%893-9-10,2023,和菓子・甘味処 TOKYO,wagashi_tokyo,発表日：2023年8月29日
鳴門金時本舗 栗尾商店 グランスタ店,東京都千代田区丸の内1-9-1 東京駅 グランスタ B1F,食べログ 和菓子・甘味処 TOKYO 百名店 2023,https://tabelog.com/tokyo/A1302/A130201/13143553/,https://www.google.com/maps/search/?api=1&query=%E9%B3%B4%E9%96%80%E9%87%91%E6%99%82%E6%9C%AC%E8%88%97%20%E6%A0%97%E5%B0%BE%E5%95%86%E5%BA%97%20%E3%82%B0%E3%83%A9%E3%83%B3%E3%82%B9%E3%82%BF%E5%BA%97%20%E6%9D%B1%E4%BA%AC%E9%83%BD%E5%8D%83%E4%BB%A3%E7%94%B0%E5%8C%BA%E4%B8%B8%E3%81%AE%E5%86%851-9-1%20%E6%9D%B1%E4%BA%AC%E9%A7%85%20%E3%82%B0%E3%83%A9%E3%83%B3%E3%82%B9%E3%82%BF%20B1F,2023,和菓子・甘味処 TOKYO,wagashi_tokyo,発表日：2023年8月29日
御菓子処 さゝま,東京都千代田区神田神保町1-23,食べログ 和菓子・甘味処 TOKYO 百名店 2023,https://tabelog.com/tokyo/A1310/A131003/13000627/,https://www.google.com/maps/search/?api=1&query=%E5%BE%A1%E8%8F%93%E5%AD%90%E5%87%A6%20%E3%81%95%E3%82%9D%E3%81%BE%20%E6%9D%B1%E4%BA%AC%E9%83%BD%E5%8D%83%E4%BB%A3%E7%94%B0%E5%8C%BA%E7%A5%9E%E7%94%B0%E7%A5%9E%E4%BF%9D%E7%94%BA1-23,2023,和菓子・甘味処 TOKYO,wagashi_tokyo,発表日：2023年8月29日
森乃園,東京都中央区日本橋人形町2-4-9,食べログ 和菓子・甘味処 TOKYO 百名店 2023,https://tabelog.com/tokyo/A1302/A130204/13041947/,https://www.google.com/maps/search/?api=1&query=%E6%A3%AE%E4%B9%83%E5%9C%92%20%E6%9D%B1%E4%BA%AC%E9%83%BD%E4%B8%AD%E5%A4%AE%E5%8C%BA%E6%97%A5%E6%9C%AC%E6%A9%8B%E4%BA%BA%E5%BD%A2%E7%94%BA2-4-9,2023,和菓子・甘味処 TOKYO,wagashi_tokyo,発表日：2023年8月29日
つる瀬 湯島本店,東京都文京区湯島3-35-8 コア湯島 1F,食べログ 和菓子・甘味処 TOKYO 百名店 2023,https://tabelog.com/tokyo/A1311/A131101/13003616/,https://www.google.com/maps/search/?api=1&query=%E3%81%A4%E3%82%8B%E7%80%AC%20%E6%B9%AF%E5%B3%B6%E6%9C%AC%E5%BA%97%20%E6%9D%B1%E4%BA%AC%E9%83%BD%E6%96%87%E4%BA%AC%E5%8C%BA%E6%B9%AF%E5%B3%B63-35-8%20%E3%82%B3%E3%82%A2%E6%B9%AF%E5%B3%B6%201F,2023,和菓子・甘味処 TOKYO,wagashi_tokyo,発表日：2023年8月29日
天まめ,東京都中央区築地2-8-1 築地永谷タウンプラザ 107,食べログ 和菓子・甘味処 TOKYO 百名店 2023,https://tabelog.com/tokyo/A1313/A131301/13168055/,https://www.google.com/maps/search/?api=1&query=%E5%A4%A9%E3%81%BE%E3%82%81%20%E6%9D%B1%E4%BA%AC%E9%83%BD%E4%B8%AD%E5%A4%AE%E5%8C%BA%E7%AF%89%E5%9C%B02-8-1%20%E7%AF%89%E5%9C%B0%E6%B0%B8%E8%B0%B7%E3%82%BF%E3%82%A6%E3%83%B3%E3%83%97%E3%83%A9%E3%82%B6%20107,2023,和菓子・甘味処 TOKYO,wagashi_tokyo,発表日：2023年8月29日
黒松本舗 草月,東京都北区東十条2-15-16,食べログ 和菓子・甘味処 TOKYO 百名店 2023,https://tabelog.com/tokyo/A1323/A132304/13003793/,https://www.google.com/maps/search/?api=1&query=%E9%BB%92%E6%9D%BE%E6%9C%AC%E8%88%97%20%E8%8D%89%E6%9C%88%20%E6%9D%B1%E4%BA%AC%E9%83%BD%E5%8C%97%E5%8C%BA%E6%9D%B1%E5%8D%81%E6%9D%A12-15-16,2023,和菓子・甘味処 TOKYO,wagashi_tokyo,発表日：2023年8月29日
長命寺 桜もち,東京都墨田区向島5-1-14,食べログ 和菓子・甘味処 TOKYO 百名店 2023,https://tabelog.com/tokyo/A1312/A131203/13002949/,https://www.google.com/maps/search/?api=1&query=%E9%95%B7%E5%91%BD%E5%AF%BA%20%E6%A1%9C%E3%82%82%E3%81%A1%20%E6%9D%B1%E4%BA%AC%E9%83%BD%E5%A2%A8%E7%94%B0%E5%8C%BA%E5%90%91%E5%B3%B65-1-14,2023,和菓子・甘味処 TOKYO,wagashi_tokyo,発表日：2023年8月29日
ナニワヤ・カフェ,東京都港区麻布十番1-8-14 浪花家総本店　２Ｆ,食べログ 和菓子・甘味処 TOKYO 百名店 2023,https://tabelog.com/tokyo/A1307/A130702/13021127/,https://www.google.com/maps/search/?api=1&query=%E3%83%8A%E3%83%8B%E3%83%AF%E3%83%A4%E3%83%BB%E3%82%AB%E3%83%95%E3%82%A7%20%E6%9D%B1%E4%BA%AC%E9%83%BD%E6%B8%AF%E5%8C%BA%E9%BA%BB%E5%B8%83%E5%8D%81%E7%95%AA1-8-14%20%E6%B5%AA%E8%8A%B1%E5%AE%B6%E7%B7%8F%E6%9C%AC%E5%BA%97%E3%80%80%EF%BC%92%EF%BC%A6,2023,和菓子・甘味処 TOKYO,wagashi_tokyo,発表日：2023年8月29日
うさぎや,東京都杉並区阿佐谷北1-3-7,食べログ 和菓子・甘味処 TOKYO 百名店 2023,https://tabelog.com/tokyo/A1319/A131905/13000731/,https://www.google.com/maps/search/?api=1&query=%E3%81%86%E3%81%95%E3%81%8E%E3%82%84%20%E6%9D%B1%E4%BA%AC%E9%83%BD%E6%9D%89%E4%B8%A6%E5%8C%BA%E9%98%BF%E4%BD%90%E8%B0%B7%E5%8C%971-3-7,2023,和菓子・甘味処 TOKYO,wagashi_tokyo,発表日：2023年8月29日
坂本屋,東京都新宿区四谷1-18,食べログ 和菓子・甘味処 TOKYO 百名店 2023,https://tabelog.com/tokyo/A1309/A130902/13006759/,https://www.google.com/maps/search/?api=1&query=%E5%9D%82%E6%9C%AC%E5%B1%8B%20%E6%9D%B1%E4%BA%AC%E9%83%BD%E6%96%B0%E5%AE%BF%E5%8C%BA%E5%9B%9B%E8%B0%B71-18,2023,和菓子・甘味処 TOKYO,wagashi_tokyo,発表日：2023年8月29日
志”満ん草餅,東京都墨田区堤通1-5-9,食べログ 和菓子・甘味処 TOKYO 百名店 2023,https://tabelog.com/tokyo/A1312/A131203/13002934/,https://www.google.com/maps/search/?api=1&query=%E5%BF%97%E2%80%9D%E6%BA%80%E3%82%93%E8%8D%89%E9%A4%85%20%E6%9D%B1%E4%BA%AC%E9%83%BD%E5%A2%A8%E7%94%B0%E5%8C%BA%E5%A0%A4%E9%80%9A1-5-9,2023,和菓子・甘味処 TOKYO,wagashi_tokyo,発表日：2023年8月29日
龍苑,神奈川県川崎市川崎区渡田4-6-9,食べログ 焼肉 EAST 百名店 2023,https://tabelog.com/kanagawa/A1405/A140502/14001654/,https://www.google.com/maps/search/?api=1&query=%E9%BE%8D%E8%8B%91%20%E7%A5%9E%E5%A5%88%E5%B7%9D%E7%9C%8C%E5%B7%9D%E5%B4%8E%E5%B8%82%E5%B7%9D%E5%B4%8E%E5%8C%BA%E6%B8%A1%E7%94%B04-6-9,2023,焼肉 EAST,yakiniku_east,発表日：2023年11月7日
今久 鹿嶋店,茨城県鹿嶋市宮中360-6,食べログ 焼肉 EAST 百名店 2023,https://tabelog.com/ibaraki/A0804/A080401/8014631/,https://www.google.com/maps/search/?api=1&query=%E4%BB%8A%E4%B9%85%20%E9%B9%BF%E5%B6%8B%E5%BA%97%20%E8%8C%A8%E5%9F%8E%E7%9C%8C%E9%B9%BF%E5%B6%8B%E5%B8%82%E5%AE%AE%E4%B8%AD360-6,2023,焼肉 EAST,yakiniku_east,発表日：2023年11月7日
焼肉あがり 本店,千葉県松戸市本町20-1 新角ビル 7F,食べログ 焼肉 EAST 百名店 2023,https://tabelog.com/chiba/A1203/A120302/12043932/,https://www.google.com/maps/search/?api=1&query=%E7%84%BC%E8%82%89%E3%81%82%E3%81%8C%E3%82%8A%20%E6%9C%AC%E5%BA%97%20%E5%8D%83%E8%91%89%E7%9C%8C%E6%9D%BE%E6%88%B8%E5%B8%82%E6%9C%AC%E7%94%BA20-1%20%E6%96%B0%E8%A7%92%E3%83%93%E3%83%AB%207F,2023,焼肉 EAST,yakiniku_east,発表日：2023年11月7日
焼肉 牛者,千葉県船橋市本町4-40-23 サドヤサザンテラス 201,食べログ 焼肉 EAST 百名店 2023,https://tabelog.com/chiba/A1202/A120201/12039731/,https://www.google.com/maps/search/?api=1&query=%E7%84%BC%E8%82%89%20%E7%89%9B%E8%80%85%20%E5%8D%83%E8%91%89%E7%9C%8C%E8%88%B9%E6%A9%8B%E5%B8%82%E6%9C%AC%E7%94%BA4-40-23%20%E3%82%B5%E3%83%89%E3%83%A4%E3%82%B5%E3%82%B6%E3%83%B3%E3%83%86%E3%83%A9%E3%82%B9%20201,2023,焼肉 EAST,yakiniku_east,発表日：2023年11月7日
焼肉グレート 宇都宮駅前店,栃木県宇都宮市駅前通り1-4-6 宇都宮西口東横イン向かい,食べログ 焼肉 EAST 百名店 2023,https://tabelog.com/tochigi/A0901/A090101/9011956/,https://www.google.com/maps/search/?api=1&query=%E7%84%BC%E8%82%89%E3%82%B0%E3%83%AC%E3%83%BC%E3%83%88%20%E5%AE%87%E9%83%BD%E5%AE%AE%E9%A7%85%E5%89%8D%E5%BA%97%20%E6%A0%83%E6%9C%A8%E7%9C%8C%E5%AE%87%E9%83%BD%E5%AE%AE%E5%B8%82%E9%A7%85%E5%89%8D%E9%80%9A%E3%82%8A1-4-6%20%E5%AE%87%E9%83%BD%E5%AE%AE%E8%A5%BF%E5%8F%A3%E6%9D%B1%E6%A8%AA%E3%82%A4%E3%83%B3%E5%90%91%E3%81%8B%E3%81%84,2023,焼肉 EAST,yakiniku_east,発表日：2023年11月7日
完全個室焼肉 GYU FUNABASHI,千葉県船橋市本町1-11-25 2F,食べログ 焼肉 EAST 百名店 2023,https://tabelog.com/chiba/A1202/A120201/12050053/,https://www.google.com/maps/search/?api=1&query=%E5%AE%8C%E5%85%A8%E5%80%8B%E5%AE%A4%E7%84%BC%E8%82%89%20GYU%20FUNABASHI%20%E5%8D%83%E8%91%89%E7%9C%8C%E8%88%B9%E6%A9%8B%E5%B8%82%E6%9C%AC%E7%94%BA1-11-25%202F,2023,焼肉 EAST,yakiniku_east,発表日：2023年11月7日
焼肉処 くらちゃん,千葉県柏市高田837-1,食べログ 焼肉 EAST 百名店 2023,https://tabelog.com/chiba/A1203/A120301/12001809/,https://www.google.com/maps/search/?api=1&query=%E7%84%BC%E8%82%89%E5%87%A6%20%E3%81%8F%E3%82%89%E3%81%A1%E3%82%83%E3%82%93%20%E5%8D%83%E8%91%89%E7%9C%8C%E6%9F%8F%E5%B8%82%E9%AB%98%E7%94%B0837-1,2023,焼肉 EAST,yakiniku_east,発表日：2023年11月7日
ぼたん,千葉県松戸市金ヶ作27 泉第６ビル１F,食べログ 焼肉 EAST 百名店 2023,https://tabelog.com/chiba/A1203/A120302/12023107/,https://www.google.com/maps/search/?api=1&query=%E3%81%BC%E3%81%9F%E3%82%93%20%E5%8D%83%E8%91%89%E7%9C%8C%E6%9D%BE%E6%88%B8%E5%B8%82%E9%87%91%E3%83%B6%E4%BD%9C27%20%E6%B3%89%E7%AC%AC%EF%BC%96%E3%83%93%E3%83%AB%EF%BC%91F,2023,焼肉 EAST,yakiniku_east,発表日：2023年11月7日
三味園,千葉県松戸市根本89,食べログ 焼肉 EAST 百名店 2023,https://tabelog.com/chiba/A1203/A120302/12005547/,https://www.google.com/maps/search/?api=1&query=%E4%B8%89%E5%91%B3%E5%9C%92%20%E5%8D%83%E8%91%89%E7%9C%8C%E6%9D%BE%E6%88%B8%E5%B8%82%E6%A0%B9%E6%9C%AC89,2023,焼肉 EAST,yakiniku_east,発表日：2023年11月7日
焼肉宝来軒,群馬県藤岡市藤岡327-1,食べログ 焼肉 EAST 百名店 2023,https://tabelog.com/gunma/A1005/A100502/10003191/,https://www.google.com/maps/search/?api=1&query=%E7%84%BC%E8%82%89%E5%AE%9D%E6%9D%A5%E8%BB%92%20%E7%BE%A4%E9%A6%AC%E7%9C%8C%E8%97%A4%E5%B2%A1%E5%B8%82%E8%97%A4%E5%B2%A1327-1,2023,焼肉 EAST,yakiniku_east,発表日：2023年11月7日
やきにくグレート&ホルモン 宇都宮本町店,栃木県宇都宮市本町13-13 本町ビル 1F,食べログ 焼肉 EAST 百名店 2023,https://tabelog.com/tochigi/A0901/A090101/9003126/,https://www.google.com/maps/search/?api=1&query=%E3%82%84%E3%81%8D%E3%81%AB%E3%81%8F%E3%82%B0%E3%83%AC%E3%83%BC%E3%83%88%26%E3%83%9B%E3%83%AB%E3%83%A2%E3%83%B3%20%E5%AE%87%E9%83%BD%E5%AE%AE%E6%9C%AC%E7%94%BA%E5%BA%97%20%E6%A0%83%E6%9C%A8%E7%9C%8C%E5%AE%87%E9%83%BD%E5%AE%AE%E5%B8%82%E6%9C%AC%E7%94%BA13-13%20%E6%9C%AC%E7%94%BA%E3%83%93%E3%83%AB%201F,2023,焼肉 EAST,yakiniku_east,発表日：2023年11月7日
肉八や,茨城県つくば市館野5-1,食べログ 焼肉 EAST 百名店 2023,https://tabelog.com/ibaraki/A0802/A080201/8015609/,https://www.google.com/maps/search/?api=1&query=%E8%82%89%E5%85%AB%E3%82%84%20%E8%8C%A8%E5%9F%8E%E7%9C%8C%E3%81%A4%E3%81%8F%E3%81%B0%E5%B8%82%E9%A4%A8%E9%87%8E5-1,2023,焼肉 EAST,yakiniku_east,発表日：2023年11月7日
しげ吉 横浜元町店,神奈川県横浜市中区石川町1-15 ＳＡＺＡビルＢ１Ｆ,食べログ 焼肉 EAST 百名店 2023,https://tabelog.com/kanagawa/A1401/A140105/14014011/,https://www.google.com/maps/search/?api=1&query=%E3%81%97%E3%81%92%E5%90%89%20%E6%A8%AA%E6%B5%9C%E5%85%83%E7%94%BA%E5%BA%97%20%E7%A5%9E%E5%A5%88%E5%B7%9D%E7%9C%8C%E6%A8%AA%E6%B5%9C%E5%B8%82%E4%B8%AD%E5%8C%BA%E7%9F%B3%E5%B7%9D%E7%94%BA1-15%20%EF%BC%B3%EF%BC%A1%EF%BC%BA%EF%BC%A1%E3%83%93%E3%83%AB%EF%BC%A2%EF%BC%91%EF%BC%A6,2023,焼肉 EAST,yakiniku_east,発表日：2023年11月7日
焼肉 炭こう,群馬県高崎市下和田町4-5-13,食べログ 焼肉 EAST 百名店 2023,https://tabelog.com/gunma/A1001/A100102/10012132/,https://www.google.com/maps/search/?api=1&query=%E7%84%BC%E8%82%89%20%E7%82%AD%E3%81%93%E3%81%86%20%E7%BE%A4%E9%A6%AC%E7%9C%8C%E9%AB%98%E5%B4%8E%E5%B8%82%E4%B8%8B%E5%92%8C%E7%94%B0%E7%94%BA4-5-13,2023,焼肉 EAST,yakiniku_east,発表日：2023年11月7日
焼肉 喰心,埼玉県さいたま市大宮区宮町2-17 パインズビル1F,食べログ 焼肉 EAST 百名店 2023,https://tabelog.com/saitama/A1101/A110101/11048196/,https://www.google.com/maps/search/?api=1&query=%E7%84%BC%E8%82%89%20%E5%96%B0%E5%BF%83%20%E5%9F%BC%E7%8E%89%E7%9C%8C%E3%81%95%E3%81%84%E3%81%9F%E3%81%BE%E5%B8%82%E5%A4%A7%E5%AE%AE%E5%8C%BA%E5%AE%AE%E7%94%BA2-17%20%E3%83%91%E3%82%A4%E3%83%B3%E3%82%BA%E3%83%93%E3%83%AB1F,2023,焼肉 EAST,yakiniku_east,発表日：2023年11月7日
焼肉にくがとう 千葉駅前店,千葉県千葉市中央区富士見町2-4-16 金子ビル 3F,食べログ 焼肉 EAST 百名店 2023,https://tabelog.com/chiba/A1201/A120101/12046569/,https://www.google.com/maps/search/?api=1&query=%E7%84%BC%E8%82%89%E3%81%AB%E3%81%8F%E3%81%8C%E3%81%A8%E3%81%86%20%E5%8D%83%E8%91%89%E9%A7%85%E5%89%8D%E5%BA%97%20%E5%8D%83%E8%91%89%E7%9C%8C%E5%8D%83%E8%91%89%E5%B8%82%E4%B8%AD%E5%A4%AE%E5%8C%BA%E5%AF%8C%E5%A3%AB%E8%A6%8B%E7%94%BA2-4-16%20%E9%87%91%E5%AD%90%E3%83%93%E3%83%AB%203F,2023,焼肉 EAST,yakiniku_east,発表日：2023年11月7日
横浜 うしみつ,神奈川県横浜市神奈川区鶴屋町1-8-1 ALPS横浜ビル 1F,食べログ 焼肉 EAST 百名店 2023,https://tabelog.com/kanagawa/A1401/A140101/14083688/,https://www.google.com/maps/search/?api=1&query=%E6%A8%AA%E6%B5%9C%20%E3%81%86%E3%81%97%E3%81%BF%E3%81%A4%20%E7%A5%9E%E5%A5%88%E5%B7%9D%E7%9C%8C%E6%A8%AA%E6%B5%9C%E5%B8%82%E7%A5%9E%E5%A5%88%E5%B7%9D%E5%8C%BA%E9%B6%B4%E5%B1%8B%E7%94%BA1-8-1%20ALPS%E6%A8%AA%E6%B5%9C%E3%83%93%E3%83%AB%201F,2023,焼肉 EAST,yakiniku_east,発表日：2023年11月7日
富光,群馬県伊勢崎市宮子町3599,食べログ 焼肉 EAST 百名店 2023,https://tabelog.com/gunma/A1002/A100202/10003144/,https://www.google.com/maps/search/?api=1&query=%E5%AF%8C%E5%85%89%20%E7%BE%A4%E9%A6%AC%E7%9C%8C%E4%BC%8A%E5%8B%A2%E5%B4%8E%E5%B8%82%E5%AE%AE%E5%AD%90%E7%94%BA3599,2023,焼肉 EAST,yakiniku_east,発表日：2023年11月7日
炭火焼肉ホルモン うらら,神奈川県横浜市青葉区美しが丘2-17-40,食べログ 焼肉 EAST 百名店 2023,https://tabelog.com/kanagawa/A1401/A140201/14084640/,https://www.google.com/maps/search/?api=1&query=%E7%82%AD%E7%81%AB%E7%84%BC%E8%82%89%E3%83%9B%E3%83%AB%E3%83%A2%E3%83%B3%20%E3%81%86%E3%82%89%E3%82%89%20%E7%A5%9E%E5%A5%88%E5%B7%9D%E7%9C%8C%E6%A8%AA%E6%B5%9C%E5%B8%82%E9%9D%92%E8%91%89%E5%8C%BA%E7%BE%8E%E3%81%97%E3%81%8C%E4%B8%982-17-40,2023,焼肉 EAST,yakiniku_east,発表日：2023年11月7日
ホルモン屋 壺亭,栃木県宇都宮市東宿郷2-17-10 東口屋台村,食べログ 焼肉 EAST 百名店 2023,https://tabelog.com/tochigi/A0901/A090101/9011043/,https://www.google.com/maps/search/?api=1&query=%E3%83%9B%E3%83%AB%E3%83%A2%E3%83%B3%E5%B1%8B%20%E5%A3%BA%E4%BA%AD%20%E6%A0%83%E6%9C%A8%E7%9C%8C%E5%AE%87%E9%83%BD%E5%AE%AE%E5%B8%82%E6%9D%B1%E5%AE%BF%E9%83%B72-17-10%20%E6%9D%B1%E5%8F%A3%E5%B1%8B%E5%8F%B0%E6%9D%91,2023,焼肉 EAST,yakiniku_east,発表日：2023年11月7日
焼肉 はせ川,神奈川県相模原市南区相模台4-11-6,食べログ 焼肉 EAST 百名店 2023,https://tabelog.com/kanagawa/A1407/A140701/14033424/,https://www.google.com/maps/search/?api=1&query=%E7%84%BC%E8%82%89%20%E3%81%AF%E3%81%9B%E5%B7%9D%20%E7%A5%9E%E5%A5%88%E5%B7%9D%E7%9C%8C%E7%9B%B8%E6%A8%A1%E5%8E%9F%E5%B8%82%E5%8D%97%E5%8C%BA%E7%9B%B8%E6%A8%A1%E5%8F%B04-11-6,2023,焼肉 EAST,yakiniku_east,発表日：2023年11月7日
今久 本店,千葉県旭市川口3435-7,食べログ 焼肉 EAST 百名店 2023,https://tabelog.com/chiba/A1205/A120502/12006170/,https://www.google.com/maps/search/?api=1&query=%E4%BB%8A%E4%B9%85%20%E6%9C%AC%E5%BA%97%20%E5%8D%83%E8%91%89%E7%9C%8C%E6%97%AD%E5%B8%82%E5%B7%9D%E5%8F%A33435-7,2023,焼肉 EAST,yakiniku_east,発表日：2023年11月7日
炭火焼肉市場 済州家 本店,群馬県高崎市栄町12-8,食べログ 焼肉 EAST 百名店 2023,https://tabelog.com/gunma/A1001/A100102/10001876/,https://www.google.com/maps/search/?api=1&query=%E7%82%AD%E7%81%AB%E7%84%BC%E8%82%89%E5%B8%82%E5%A0%B4%20%E6%B8%88%E5%B7%9E%E5%AE%B6%20%E6%9C%AC%E5%BA%97%20%E7%BE%A4%E9%A6%AC%E7%9C%8C%E9%AB%98%E5%B4%8E%E5%B8%82%E6%A0%84%E7%94%BA12-8,2023,焼肉 EAST,yakiniku_east,発表日：2023年11月7日
大石,神奈川県横浜市保土ケ谷区天王町2-46-11,食べログ 焼肉 EAST 百名店 2023,https://tabelog.com/kanagawa/A1401/A140301/14056734/,https://www.google.com/maps/search/?api=1&query=%E5%A4%A7%E7%9F%B3%20%E7%A5%9E%E5%A5%88%E5%B7%9D%E7%9C%8C%E6%A8%AA%E6%B5%9C%E5%B8%82%E4%BF%9D%E5%9C%9F%E3%82%B1%E8%B0%B7%E5%8C%BA%E5%A4%A9%E7%8E%8B%E7%94%BA2-46-11,2023,焼肉 EAST,yakiniku_east,発表日：2023年11月7日
肉の匠 将泰庵  船橋本店,千葉県船橋市本町3-5-31 石田ビル 1F,食べログ 焼肉 EAST 百名店 2023,https://tabelog.com/chiba/A1202/A120201/12026157/,https://www.google.com/maps/search/?api=1&query=%E8%82%89%E3%81%AE%E5%8C%A0%20%E5%B0%86%E6%B3%B0%E5%BA%B5%20%20%E8%88%B9%E6%A9%8B%E6%9C%AC%E5%BA%97%20%E5%8D%83%E8%91%89%E7%9C%8C%E8%88%B9%E6%A9%8B%E5%B8%82%E6%9C%AC%E7%94%BA3-5-31%20%E7%9F%B3%E7%94%B0%E3%83%93%E3%83%AB%201F,2023,焼肉 EAST,yakiniku_east,発表日：2023年11月7日
酒場 カワゴエパーキング,埼玉県川越市菅原町22-2 第二MSビル 4F,食べログ 焼肉 EAST 百名店 2023,https://tabelog.com/saitama/A1103/A110303/11053024/,https://www.google.com/maps/search/?api=1&query=%E9%85%92%E5%A0%B4%20%E3%82%AB%E3%83%AF%E3%82%B4%E3%82%A8%E3%83%91%E3%83%BC%E3%82%AD%E3%83%B3%E3%82%B0%20%E5%9F%BC%E7%8E%89%E7%9C%8C%E5%B7%9D%E8%B6%8A%E5%B8%82%E8%8F%85%E5%8E%9F%E7%94%BA22-2%20%E7%AC%AC%E4%BA%8CMS%E3%83%93%E3%83%AB%204F,2023,焼肉 EAST,yakiniku_east,発表日：2023年11月7日
肉の匠 将泰庵 船橋駅前 はなれ店,千葉県船橋市本町4-3-5 大西園ビル 1・2F,食べログ 焼肉 EAST 百名店 2023,https://tabelog.com/chiba/A1202/A120201/12032975/,https://www.google.com/maps/search/?api=1&query=%E8%82%89%E3%81%AE%E5%8C%A0%20%E5%B0%86%E6%B3%B0%E5%BA%B5%20%E8%88%B9%E6%A9%8B%E9%A7%85%E5%89%8D%20%E3%81%AF%E3%81%AA%E3%82%8C%E5%BA%97%20%E5%8D%83%E8%91%89%E7%9C%8C%E8%88%B9%E6%A9%8B%E5%B8%82%E6%9C%AC%E7%94%BA4-3-5%20%E5%A4%A7%E8%A5%BF%E5%9C%92%E3%83%93%E3%83%AB%201%E3%83%BB2F,2023,焼肉 EAST,yakiniku_east,発表日：2023年11月7日
圭 本店,千葉県市川市八幡2-12-5,食べログ 焼肉 EAST 百名店 2023,https://tabelog.com/chiba/A1202/A120202/12030709/,https://www.google.com/maps/search/?api=1&query=%E5%9C%AD%20%E6%9C%AC%E5%BA%97%20%E5%8D%83%E8%91%89%E7%9C%8C%E5%B8%82%E5%B7%9D%E5%B8%82%E5%85%AB%E5%B9%A12-12-5,2023,焼肉 EAST,yakiniku_east,発表日：2023年11月7日
炭火焼肉 肉の匠 ひうち,埼玉県さいたま市大宮区桜木町2-177-10 クレセント小山ビル 1F,食べログ 焼肉 EAST 百名店 2023,https://tabelog.com/saitama/A1101/A110101/11055462/,https://www.google.com/maps/search/?api=1&query=%E7%82%AD%E7%81%AB%E7%84%BC%E8%82%89%20%E8%82%89%E3%81%AE%E5%8C%A0%20%E3%81%B2%E3%81%86%E3%81%A1%20%E5%9F%BC%E7%8E%89%E7%9C%8C%E3%81%95%E3%81%84%E3%81%9F%E3%81%BE%E5%B8%82%E5%A4%A7%E5%AE%AE%E5%8C%BA%E6%A1%9C%E6%9C%A8%E7%94%BA2-177-10%20%E3%82%AF%E3%83%AC%E3%82%BB%E3%83%B3%E3%83%88%E5%B0%8F%E5%B1%B1%E3%83%93%E3%83%AB%201F,2023,焼肉 EAST,yakiniku_east,発表日：2023年11月7日
やきにく穏和  つくば学園店,茨城県つくば市手代木716-1,食べログ 焼肉 EAST 百名店 2023,https://tabelog.com/ibaraki/A0802/A080201/8019828/,https://www.google.com/maps/search/?api=1&query=%E3%82%84%E3%81%8D%E3%81%AB%E3%81%8F%E7%A9%8F%E5%92%8C%20%20%E3%81%A4%E3%81%8F%E3%81%B0%E5%AD%A6%E5%9C%92%E5%BA%97%20%E8%8C%A8%E5%9F%8E%E7%9C%8C%E3%81%A4%E3%81%8F%E3%81%B0%E5%B8%82%E6%89%8B%E4%BB%A3%E6%9C%A8716-1,2023,焼肉 EAST,yakiniku_east,発表日：2023年11月7日
焼肉うしごろ 横浜店,神奈川県横浜市神奈川区鶴屋町2-15 CRANE YOKOHAMA ビル 5F-E,食べログ 焼肉 EAST 百名店 2023,https://tabelog.com/kanagawa/A1401/A140101/14080409/,https://www.google.com/maps/search/?api=1&query=%E7%84%BC%E8%82%89%E3%81%86%E3%81%97%E3%81%94%E3%82%8D%20%E6%A8%AA%E6%B5%9C%E5%BA%97%20%E7%A5%9E%E5%A5%88%E5%B7%9D%E7%9C%8C%E6%A8%AA%E6%B5%9C%E5%B8%82%E7%A5%9E%E5%A5%88%E5%B7%9D%E5%8C%BA%E9%B6%B4%E5%B1%8B%E7%94%BA2-15%20CRANE%20YOKOHAMA%20%E3%83%93%E3%83%AB%205F-E,2023,焼肉 EAST,yakiniku_east,発表日：2023年11月7日
SATOブリアン にごう,東京都杉並区阿佐ヶ谷南2-17-2,食べログ 焼肉 TOKYO 百名店 2023,https://tabelog.com/tokyo/A1319/A131905/13159782/,https://www.google.com/maps/search/?api=1&query=SATO%E3%83%96%E3%83%AA%E3%82%A2%E3%83%B3%20%E3%81%AB%E3%81%94%E3%81%86%20%E6%9D%B1%E4%BA%AC%E9%83%BD%E6%9D%89%E4%B8%A6%E5%8C%BA%E9%98%BF%E4%BD%90%E3%83%B6%E8%B0%B7%E5%8D%972-17-2,2023,焼肉 TOKYO,yakiniku_tokyo,発表日：2023年11月7日
おやじ,東京都港区南青山1-3-23,食べログ 焼肉 TOKYO 百名店 2023,https://tabelog.com/tokyo/A1306/A130603/13042753/,https://www.google.com/maps/search/?api=1&query=%E3%81%8A%E3%82%84%E3%81%98%20%E6%9D%B1%E4%BA%AC%E9%83%BD%E6%B8%AF%E5%8C%BA%E5%8D%97%E9%9D%92%E5%B1%B11-3-23,2023,焼肉 TOKYO,yakiniku_tokyo,発表日：2023年11月7日
うし松,東京都港区西麻布3-13-14 LA・RES 西麻布 B1F,食べログ 焼肉 TOKYO 百名店 2023,https://tabelog.com/tokyo/A1307/A130703/13242515/,https://www.google.com/maps/search/?api=1&query=%E3%81%86%E3%81%97%E6%9D%BE%20%E6%9D%B1%E4%BA%AC%E9%83%BD%E6%B8%AF%E5%8C%BA%E8%A5%BF%E9%BA%BB%E5%B8%833-13-14%20LA%E3%83%BBRES%20%E8%A5%BF%E9%BA%BB%E5%B8%83%20B1F,2023,焼肉 TOKYO,yakiniku_tokyo,発表日：2023年11月7日
焼肉しみず,東京都品川区西五反田4-29-13 TYビル 2F,食べログ 焼肉 TOKYO 百名店 2023,https://tabelog.com/tokyo/A1317/A131710/13096548/,https://www.google.com/maps/search/?api=1&query=%E7%84%BC%E8%82%89%E3%81%97%E3%81%BF%E3%81%9A%20%E6%9D%B1%E4%BA%AC%E9%83%BD%E5%93%81%E5%B7%9D%E5%8C%BA%E8%A5%BF%E4%BA%94%E5%8F%8D%E7%94%B04-29-13%20TY%E3%83%93%E3%83%AB%202F,2023,焼肉 TOKYO,yakiniku_tokyo,発表日：2023年11月7日
USHIGORO S. NISHIAZABU,東京都港区西麻布2-24-14 バルビゾン73 B1F,食べログ 焼肉 TOKYO 百名店 2023,https://tabelog.com/tokyo/A1307/A130701/13209611/,https://www.google.com/maps/search/?api=1&query=USHIGORO%20S.%20NISHIAZABU%20%E6%9D%B1%E4%BA%AC%E9%83%BD%E6%B8%AF%E5%8C%BA%E8%A5%BF%E9%BA%BB%E5%B8%832-24-14%20%E3%83%90%E3%83%AB%E3%83%93%E3%82%BE%E3%83%B373%20B1F,2023,焼肉 TOKYO,yakiniku_tokyo,発表日：2023年11月7日
米山,東京都北区赤羽1-64-7,食べログ 焼肉 TOKYO 百名店 2023,https://tabelog.com/tokyo/A1323/A132305/13046148/,https://www.google.com/maps/search/?api=1&query=%E7%B1%B3%E5%B1%B1%20%E6%9D%B1%E4%BA%AC%E9%83%BD%E5%8C%97%E5%8C%BA%E8%B5%A4%E7%BE%BD1-64-7,2023,焼肉 TOKYO,yakiniku_tokyo,発表日：2023年11月7日
好ちゃん 飯田橋本店,東京都千代田区富士見2-3-12 飯田橋西口ビル 2F,食べログ 焼肉 TOKYO 百名店 2023,https://tabelog.com/tokyo/A1309/A130905/13030762/,https://www.google.com/maps/search/?api=1&query=%E5%A5%BD%E3%81%A1%E3%82%83%E3%82%93%20%E9%A3%AF%E7%94%B0%E6%A9%8B%E6%9C%AC%E5%BA%97%20%E6%9D%B1%E4%BA%AC%E9%83%BD%E5%8D%83%E4%BB%A3%E7%94%B0%E5%8C%BA%E5%AF%8C%E5%A3%AB%E8%A6%8B2-3-12%20%E9%A3%AF%E7%94%B0%E6%A9%8B%E8%A5%BF%E5%8F%A3%E3%83%93%E3%83%AB%202F,2023,焼肉 TOKYO,yakiniku_tokyo,発表日：2023年11月7日
サトブリDA,東京都杉並区阿佐谷南3-57-1,食べログ 焼肉 TOKYO 百名店 2023,https://tabelog.com/tokyo/A1319/A131905/13216529/,https://www.google.com/maps/search/?api=1&query=%E3%82%B5%E3%83%88%E3%83%96%E3%83%AADA%20%E6%9D%B1%E4%BA%AC%E9%83%BD%E6%9D%89%E4%B8%A6%E5%8C%BA%E9%98%BF%E4%BD%90%E8%B0%B7%E5%8D%973-57-1,2023,焼肉 TOKYO,yakiniku_tokyo,発表日：2023年11月7日
ビーフキッチン 中目黒本店,東京都目黒区上目黒2-44-8 ロ・カーサ上目黒 B1F,食べログ 焼肉 TOKYO 百名店 2023,https://tabelog.com/tokyo/A1317/A131701/13054178/,https://www.google.com/maps/search/?api=1&query=%E3%83%93%E3%83%BC%E3%83%95%E3%82%AD%E3%83%83%E3%83%81%E3%83%B3%20%E4%B8%AD%E7%9B%AE%E9%BB%92%E6%9C%AC%E5%BA%97%20%E6%9D%B1%E4%BA%AC%E9%83%BD%E7%9B%AE%E9%BB%92%E5%8C%BA%E4%B8%8A%E7%9B%AE%E9%BB%922-44-8%20%E3%83%AD%E3%83%BB%E3%82%AB%E3%83%BC%E3%82%B5%E4%B8%8A%E7%9B%AE%E9%BB%92%20B1F,2023,焼肉 TOKYO,yakiniku_tokyo,発表日：2023年11月7日
みやび 六本木店,東京都港区六本木5-18-21 ファイブプラザビル １F,食べログ 焼肉 TOKYO 百名店 2023,https://tabelog.com/tokyo/A1307/A130702/13095890/,https://www.google.com/maps/search/?api=1&query=%E3%81%BF%E3%82%84%E3%81%B3%20%E5%85%AD%E6%9C%AC%E6%9C%A8%E5%BA%97%20%E6%9D%B1%E4%BA%AC%E9%83%BD%E6%B8%AF%E5%8C%BA%E5%85%AD%E6%9C%AC%E6%9C%A85-18-21%20%E3%83%95%E3%82%A1%E3%82%A4%E3%83%96%E3%83%97%E3%83%A9%E3%82%B6%E3%83%93%E3%83%AB%20%EF%BC%91F,2023,焼肉 TOKYO,yakiniku_tokyo,発表日：2023年11月7日
Nose to Tail,東京都新宿区神楽坂3-2-6 神楽坂越後屋ビル 3F,食べログ 焼肉 TOKYO 百名店 2023,https://tabelog.com/tokyo/A1309/A130905/13265713/,https://www.google.com/maps/search/?api=1&query=Nose%20to%20Tail%20%E6%9D%B1%E4%BA%AC%E9%83%BD%E6%96%B0%E5%AE%BF%E5%8C%BA%E7%A5%9E%E6%A5%BD%E5%9D%823-2-6%20%E7%A5%9E%E6%A5%BD%E5%9D%82%E8%B6%8A%E5%BE%8C%E5%B1%8B%E3%83%93%E3%83%AB%203F,2023,焼肉 TOKYO,yakiniku_tokyo,発表日：2023年11月7日
西麻布けんしろう,東京都港区西麻布4-2-2 Barbizon92 1F,食べログ 焼肉 TOKYO 百名店 2023,https://tabelog.com/tokyo/A1307/A130703/13184885/,https://www.google.com/maps/search/?api=1&query=%E8%A5%BF%E9%BA%BB%E5%B8%83%E3%81%91%E3%82%93%E3%81%97%E3%82%8D%E3%81%86%20%E6%9D%B1%E4%BA%AC%E9%83%BD%E6%B8%AF%E5%8C%BA%E8%A5%BF%E9%BA%BB%E5%B8%834-2-2%20Barbizon92%201F,2023,焼肉 TOKYO,yakiniku_tokyo,発表日：2023年11月7日
SATOブリアン七番,東京都杉並区阿佐谷北2-3-2 BMビル,食べログ 焼肉 TOKYO 百名店 2023,https://tabelog.com/tokyo/A1319/A131905/13267452/,https://www.google.com/maps/search/?api=1&query=SATO%E3%83%96%E3%83%AA%E3%82%A2%E3%83%B3%E4%B8%83%E7%95%AA%20%E6%9D%B1%E4%BA%AC%E9%83%BD%E6%9D%89%E4%B8%A6%E5%8C%BA%E9%98%BF%E4%BD%90%E8%B0%B7%E5%8C%972-3-2%20BM%E3%83%93%E3%83%AB,2023,焼肉 TOKYO,yakiniku_tokyo,発表日：2023年11月7日
正泰苑 銀座店,東京都中央区銀座5-9-5 チアーズ銀座 9F,食べログ 焼肉 TOKYO 百名店 2023,https://tabelog.com/tokyo/A1301/A130101/13016578/,https://www.google.com/maps/search/?api=1&query=%E6%AD%A3%E6%B3%B0%E8%8B%91%20%E9%8A%80%E5%BA%A7%E5%BA%97%20%E6%9D%B1%E4%BA%AC%E9%83%BD%E4%B8%AD%E5%A4%AE%E5%8C%BA%E9%8A%80%E5%BA%A75-9-5%20%E3%83%81%E3%82%A2%E3%83%BC%E3%82%BA%E9%8A%80%E5%BA%A7%209F,2023,焼肉 TOKYO,yakiniku_tokyo,発表日：2023年11月7日
焼肉 鶯谷園,東京都台東区根岸1-5-15,食べログ 焼肉 TOKYO 百名店 2023,https://tabelog.com/tokyo/A1311/A131104/13012243/,https://www.google.com/maps/search/?api=1&query=%E7%84%BC%E8%82%89%20%E9%B6%AF%E8%B0%B7%E5%9C%92%20%E6%9D%B1%E4%BA%AC%E9%83%BD%E5%8F%B0%E6%9D%B1%E5%8C%BA%E6%A0%B9%E5%B2%B81-5-15,2023,焼肉 TOKYO,yakiniku_tokyo,発表日：2023年11月7日
焼肉 思食,東京都港区赤坂3-19-5,食べログ 焼肉 TOKYO 百名店 2023,https://tabelog.com/tokyo/A1308/A130801/13247485/,https://www.google.com/maps/search/?api=1&query=%E7%84%BC%E8%82%89%20%E6%80%9D%E9%A3%9F%20%E6%9D%B1%E4%BA%AC%E9%83%BD%E6%B8%AF%E5%8C%BA%E8%B5%A4%E5%9D%823-19-5,2023,焼肉 TOKYO,yakiniku_tokyo,発表日：2023年11月7日
焼肉牛印 銀座8丁目店,東京都中央区銀座8-3-10 トミタビル B1F,食べログ 焼肉 TOKYO 百名店 2023,https://tabelog.com/tokyo/A1301/A130103/13278307/,https://www.google.com/maps/search/?api=1&query=%E7%84%BC%E8%82%89%E7%89%9B%E5%8D%B0%20%E9%8A%80%E5%BA%A78%E4%B8%81%E7%9B%AE%E5%BA%97%20%E6%9D%B1%E4%BA%AC%E9%83%BD%E4%B8%AD%E5%A4%AE%E5%8C%BA%E9%8A%80%E5%BA%A78-3-10%20%E3%83%88%E3%83%9F%E3%82%BF%E3%83%93%E3%83%AB%20B1F,2023,焼肉 TOKYO,yakiniku_tokyo,発表日：2023年11月7日
炭焼 金竜山,東京都港区白金3-14-1 第１マンション　１Ｆ,食べログ 焼肉 TOKYO 百名店 2023,https://tabelog.com/tokyo/A1316/A131602/13001625/,https://www.google.com/maps/search/?api=1&query=%E7%82%AD%E7%84%BC%20%E9%87%91%E7%AB%9C%E5%B1%B1%20%E6%9D%B1%E4%BA%AC%E9%83%BD%E6%B8%AF%E5%8C%BA%E7%99%BD%E9%87%913-14-1%20%E7%AC%AC%EF%BC%91%E3%83%9E%E3%83%B3%E3%82%B7%E3%83%A7%E3%83%B3%E3%80%80%EF%BC%91%EF%BC%A6,2023,焼肉 TOKYO,yakiniku_tokyo,発表日：2023年11月7日
焼肉ジャンボ 白金,東京都港区白金3-1-1 第一麻布ビル1F,食べログ 焼肉 TOKYO 百名店 2023,https://tabelog.com/tokyo/A1316/A131602/13026377/,https://www.google.com/maps/search/?api=1&query=%E7%84%BC%E8%82%89%E3%82%B8%E3%83%A3%E3%83%B3%E3%83%9C%20%E7%99%BD%E9%87%91%20%E6%9D%B1%E4%BA%AC%E9%83%BD%E6%B8%AF%E5%8C%BA%E7%99%BD%E9%87%913-1-1%20%E7%AC%AC%E4%B8%80%E9%BA%BB%E5%B8%83%E3%83%93%E3%83%AB1F,2023,焼肉 TOKYO,yakiniku_tokyo,発表日：2023年11月7日
赤坂 らいもん,東京都港区赤坂3-9-12 メトロビル 4F,食べログ 焼肉 TOKYO 百名店 2023,https://tabelog.com/tokyo/A1308/A130801/13224635/,https://www.google.com/maps/search/?api=1&query=%E8%B5%A4%E5%9D%82%20%E3%82%89%E3%81%84%E3%82%82%E3%82%93%20%E6%9D%B1%E4%BA%AC%E9%83%BD%E6%B8%AF%E5%8C%BA%E8%B5%A4%E5%9D%823-9-12%20%E3%83%A1%E3%83%88%E3%83%AD%E3%83%93%E3%83%AB%204F,2023,焼肉 TOKYO,yakiniku_tokyo,発表日：2023年11月7日
神泉ホルモン 三百屋,東京都渋谷区神泉町12-4,食べログ 焼肉 TOKYO 百名店 2023,https://tabelog.com/tokyo/A1303/A130301/13024281/,https://www.google.com/maps/search/?api=1&query=%E7%A5%9E%E6%B3%89%E3%83%9B%E3%83%AB%E3%83%A2%E3%83%B3%20%E4%B8%89%E7%99%BE%E5%B1%8B%20%E6%9D%B1%E4%BA%AC%E9%83%BD%E6%B8%8B%E8%B0%B7%E5%8C%BA%E7%A5%9E%E6%B3%89%E7%94%BA12-4,2023,焼肉 TOKYO,yakiniku_tokyo,発表日：2023年11月7日
焼肉ヒロミヤ 3号店,東京都新宿区住吉町2-9,食べログ 焼肉 TOKYO 百名店 2023,https://tabelog.com/tokyo/A1309/A130903/13201547/,https://www.google.com/maps/search/?api=1&query=%E7%84%BC%E8%82%89%E3%83%92%E3%83%AD%E3%83%9F%E3%83%A4%203%E5%8F%B7%E5%BA%97%20%E6%9D%B1%E4%BA%AC%E9%83%BD%E6%96%B0%E5%AE%BF%E5%8C%BA%E4%BD%8F%E5%90%89%E7%94%BA2-9,2023,焼肉 TOKYO,yakiniku_tokyo,発表日：2023年11月7日
USHIGORO S. GINZA,東京都中央区銀座7-7-7 GINZA777 ADC BUILDING 6F,食べログ 焼肉 TOKYO 百名店 2023,https://tabelog.com/tokyo/A1301/A130101/13222093/,https://www.google.com/maps/search/?api=1&query=USHIGORO%20S.%20GINZA%20%E6%9D%B1%E4%BA%AC%E9%83%BD%E4%B8%AD%E5%A4%AE%E5%8C%BA%E9%8A%80%E5%BA%A77-7-7%20GINZA777%20ADC%20BUILDING%206F,2023,焼肉 TOKYO,yakiniku_tokyo,発表日：2023年11月7日
焼肉 ジャンボ はなれ,東京都文京区本郷3-27-9 アンリツビル B1F～1F,食べログ 焼肉 TOKYO 百名店 2023,https://tabelog.com/tokyo/A1310/A131004/13160962/,https://www.google.com/maps/search/?api=1&query=%E7%84%BC%E8%82%89%20%E3%82%B8%E3%83%A3%E3%83%B3%E3%83%9C%20%E3%81%AF%E3%81%AA%E3%82%8C%20%E6%9D%B1%E4%BA%AC%E9%83%BD%E6%96%87%E4%BA%AC%E5%8C%BA%E6%9C%AC%E9%83%B73-27-9%20%E3%82%A2%E3%83%B3%E3%83%AA%E3%83%84%E3%83%93%E3%83%AB%20B1F%EF%BD%9E1F,2023,焼肉 TOKYO,yakiniku_tokyo,発表日：2023年11月7日
焼肉うしごろ 新宿三丁目店,東京都新宿区新宿3-17-10 HULIC &New SHINJUKU 12F,食べログ 焼肉 TOKYO 百名店 2023,https://tabelog.com/tokyo/A1304/A130401/13258565/,https://www.google.com/maps/search/?api=1&query=%E7%84%BC%E8%82%89%E3%81%86%E3%81%97%E3%81%94%E3%82%8D%20%E6%96%B0%E5%AE%BF%E4%B8%89%E4%B8%81%E7%9B%AE%E5%BA%97%20%E6%9D%B1%E4%BA%AC%E9%83%BD%E6%96%B0%E5%AE%BF%E5%8C%BA%E6%96%B0%E5%AE%BF3-17-10%20HULIC%20%26New%20SHINJUKU%2012F,2023,焼肉 TOKYO,yakiniku_tokyo,発表日：2023年11月7日
USHIMITSU NISHIAZABU,東京都港区西麻布1-4-22 PRESTIGE西麻布 1F,食べログ 焼肉 TOKYO 百名店 2023,https://tabelog.com/tokyo/A1307/A130701/13234449/,https://www.google.com/maps/search/?api=1&query=USHIMITSU%20NISHIAZABU%20%E6%9D%B1%E4%BA%AC%E9%83%BD%E6%B8%AF%E5%8C%BA%E8%A5%BF%E9%BA%BB%E5%B8%831-4-22%20PRESTIGE%E8%A5%BF%E9%BA%BB%E5%B8%83%201F,2023,焼肉 TOKYO,yakiniku_tokyo,発表日：2023年11月7日
西麻布 焼肉 X,東京都港区西麻布1-4-46 カーサスプレンディッド西麻布 B1F,食べログ 焼肉 TOKYO 百名店 2023,https://tabelog.com/tokyo/A1307/A130701/13233427/,https://www.google.com/maps/search/?api=1&query=%E8%A5%BF%E9%BA%BB%E5%B8%83%20%E7%84%BC%E8%82%89%20X%20%E6%9D%B1%E4%BA%AC%E9%83%BD%E6%B8%AF%E5%8C%BA%E8%A5%BF%E9%BA%BB%E5%B8%831-4-46%20%E3%82%AB%E3%83%BC%E3%82%B5%E3%82%B9%E3%83%97%E3%83%AC%E3%83%B3%E3%83%87%E3%82%A3%E3%83%83%E3%83%89%E8%A5%BF%E9%BA%BB%E5%B8%83%20B1F,2023,焼肉 TOKYO,yakiniku_tokyo,発表日：2023年11月7日
焼肉 ジャンボ 本郷店,東京都文京区本郷3-38-1 本郷信徳ビル 1F,食べログ 焼肉 TOKYO 百名店 2023,https://tabelog.com/tokyo/A1310/A131004/13110601/,https://www.google.com/maps/search/?api=1&query=%E7%84%BC%E8%82%89%20%E3%82%B8%E3%83%A3%E3%83%B3%E3%83%9C%20%E6%9C%AC%E9%83%B7%E5%BA%97%20%E6%9D%B1%E4%BA%AC%E9%83%BD%E6%96%87%E4%BA%AC%E5%8C%BA%E6%9C%AC%E9%83%B73-38-1%20%E6%9C%AC%E9%83%B7%E4%BF%A1%E5%BE%B3%E3%83%93%E3%83%AB%201F,2023,焼肉 TOKYO,yakiniku_tokyo,発表日：2023年11月7日
うしごろバンビーナ 恵比寿本店,東京都渋谷区恵比寿南2-1-2 ＲＫＦ恵比寿 1Ｆ,食べログ 焼肉 TOKYO 百名店 2023,https://tabelog.com/tokyo/A1303/A130302/13144971/,https://www.google.com/maps/search/?api=1&query=%E3%81%86%E3%81%97%E3%81%94%E3%82%8D%E3%83%90%E3%83%B3%E3%83%93%E3%83%BC%E3%83%8A%20%E6%81%B5%E6%AF%94%E5%AF%BF%E6%9C%AC%E5%BA%97%20%E6%9D%B1%E4%BA%AC%E9%83%BD%E6%B8%8B%E8%B0%B7%E5%8C%BA%E6%81%B5%E6%AF%94%E5%AF%BF%E5%8D%972-1-2%20%EF%BC%B2%EF%BC%AB%EF%BC%A6%E6%81%B5%E6%AF%94%E5%AF%BF%201%EF%BC%A6,2023,焼肉 TOKYO,yakiniku_tokyo,発表日：2023年11月7日
炭火焼肉 なかはら,東京都千代田区六番町4-3 GEMS市ヶ谷 9F,食べログ 焼肉 TOKYO 百名店 2023,https://tabelog.com/tokyo/A1309/A130904/13175110/,https://www.google.com/maps/search/?api=1&query=%E7%82%AD%E7%81%AB%E7%84%BC%E8%82%89%20%E3%81%AA%E3%81%8B%E3%81%AF%E3%82%89%20%E6%9D%B1%E4%BA%AC%E9%83%BD%E5%8D%83%E4%BB%A3%E7%94%B0%E5%8C%BA%E5%85%AD%E7%95%AA%E7%94%BA4-3%20GEMS%E5%B8%82%E3%83%B6%E8%B0%B7%209F,2023,焼肉 TOKYO,yakiniku_tokyo,発表日：2023年11月7日
Hodori 用賀店,東京都世田谷区用賀2-28-19 １F,食べログ 焼肉 TOKYO 百名店 2023,https://tabelog.com/tokyo/A1317/A131707/13098101/,https://www.google.com/maps/search/?api=1&query=Hodori%20%E7%94%A8%E8%B3%80%E5%BA%97%20%E6%9D%B1%E4%BA%AC%E9%83%BD%E4%B8%96%E7%94%B0%E8%B0%B7%E5%8C%BA%E7%94%A8%E8%B3%802-28-19%20%EF%BC%91F,2023,焼肉 TOKYO,yakiniku_tokyo,発表日：2023年11月7日
焼肉くにもと 本店,東京都港区浜松町2-12-2,食べログ 焼肉 TOKYO 百名店 2023,https://tabelog.com/tokyo/A1314/A131401/13007842/,https://www.google.com/maps/search/?api=1&query=%E7%84%BC%E8%82%89%E3%81%8F%E3%81%AB%E3%82%82%E3%81%A8%20%E6%9C%AC%E5%BA%97%20%E6%9D%B1%E4%BA%AC%E9%83%BD%E6%B8%AF%E5%8C%BA%E6%B5%9C%E6%9D%BE%E7%94%BA2-12-2,2023,焼肉 TOKYO,yakiniku_tokyo,発表日：2023年11月7日
亀戸ホルモン 本店,東京都江東区亀戸5-4-9 第2ドミール 1F,食べログ 焼肉 TOKYO 百名店 2023,https://tabelog.com/tokyo/A1312/A131202/13008099/,https://www.google.com/maps/search/?api=1&query=%E4%BA%80%E6%88%B8%E3%83%9B%E3%83%AB%E3%83%A2%E3%83%B3%20%E6%9C%AC%E5%BA%97%20%E6%9D%B1%E4%BA%AC%E9%83%BD%E6%B1%9F%E6%9D%B1%E5%8C%BA%E4%BA%80%E6%88%B85-4-9%20%E7%AC%AC2%E3%83%89%E3%83%9F%E3%83%BC%E3%83%AB%201F,2023,焼肉 TOKYO,yakiniku_tokyo,発表日：2023年11月7日
正泰苑 総本店,東京都荒川区町屋8-7-6,食べログ 焼肉 TOKYO 百名店 2023,https://tabelog.com/tokyo/A1324/A132401/13003776/,https://www.google.com/maps/search/?api=1&query=%E6%AD%A3%E6%B3%B0%E8%8B%91%20%E7%B7%8F%E6%9C%AC%E5%BA%97%20%E6%9D%B1%E4%BA%AC%E9%83%BD%E8%8D%92%E5%B7%9D%E5%8C%BA%E7%94%BA%E5%B1%8B8-7-6,2023,焼肉 TOKYO,yakiniku_tokyo,発表日：2023年11月7日
焼肉うしごろ 表参道店,東京都渋谷区神宮前5-50-3 アーバンテラス青山 2F,食べログ 焼肉 TOKYO 百名店 2023,https://tabelog.com/tokyo/A1306/A130602/13252182/,https://www.google.com/maps/search/?api=1&query=%E7%84%BC%E8%82%89%E3%81%86%E3%81%97%E3%81%94%E3%82%8D%20%E8%A1%A8%E5%8F%82%E9%81%93%E5%BA%97%20%E6%9D%B1%E4%BA%AC%E9%83%BD%E6%B8%8B%E8%B0%B7%E5%8C%BA%E7%A5%9E%E5%AE%AE%E5%89%8D5-50-3%20%E3%82%A2%E3%83%BC%E3%83%90%E3%83%B3%E3%83%86%E3%83%A9%E3%82%B9%E9%9D%92%E5%B1%B1%202F,2023,焼肉 TOKYO,yakiniku_tokyo,発表日：2023年11月7日
焼肉 静龍苑,東京都江東区常盤2-14-11,食べログ 焼肉 TOKYO 百名店 2023,https://tabelog.com/tokyo/A1313/A131303/13237978/,https://www.google.com/maps/search/?api=1&query=%E7%84%BC%E8%82%89%20%E9%9D%99%E9%BE%8D%E8%8B%91%20%E6%9D%B1%E4%BA%AC%E9%83%BD%E6%B1%9F%E6%9D%B1%E5%8C%BA%E5%B8%B8%E7%9B%A42-14-11,2023,焼肉 TOKYO,yakiniku_tokyo,発表日：2023年11月7日
焼肉 大貫,東京都新宿区新宿2-18-1,食べログ 焼肉 TOKYO 百名店 2023,https://tabelog.com/tokyo/A1304/A130402/13191277/,https://www.google.com/maps/search/?api=1&query=%E7%84%BC%E8%82%89%20%E5%A4%A7%E8%B2%AB%20%E6%9D%B1%E4%BA%AC%E9%83%BD%E6%96%B0%E5%AE%BF%E5%8C%BA%E6%96%B0%E5%AE%BF2-18-1,2023,焼肉 TOKYO,yakiniku_tokyo,発表日：2023年11月7日
SATOブリアン 本店,東京都杉並区阿佐谷南3-44-2 新井ビル　1F,食べログ 焼肉 TOKYO 百名店 2023,https://tabelog.com/tokyo/A1319/A131905/13127046/,https://www.google.com/maps/search/?api=1&query=SATO%E3%83%96%E3%83%AA%E3%82%A2%E3%83%B3%20%E6%9C%AC%E5%BA%97%20%E6%9D%B1%E4%BA%AC%E9%83%BD%E6%9D%89%E4%B8%A6%E5%8C%BA%E9%98%BF%E4%BD%90%E8%B0%B7%E5%8D%973-44-2%20%E6%96%B0%E4%BA%95%E3%83%93%E3%83%AB%E3%80%801F,2023,焼肉 TOKYO,yakiniku_tokyo,発表日：2023年11月7日
炭火焼肉ホルモン うしごろ 中目黒店,東京都目黒区上目黒2-12-11 TODA BLD 1F,食べログ 焼肉 TOKYO 百名店 2023,https://tabelog.com/tokyo/A1317/A131701/13278133/,https://www.google.com/maps/search/?api=1&query=%E7%82%AD%E7%81%AB%E7%84%BC%E8%82%89%E3%83%9B%E3%83%AB%E3%83%A2%E3%83%B3%20%E3%81%86%E3%81%97%E3%81%94%E3%82%8D%20%E4%B8%AD%E7%9B%AE%E9%BB%92%E5%BA%97%20%E6%9D%B1%E4%BA%AC%E9%83%BD%E7%9B%AE%E9%BB%92%E5%8C%BA%E4%B8%8A%E7%9B%AE%E9%BB%922-12-11%20TODA%20BLD%201F,2023,焼肉 TOKYO,yakiniku_tokyo,発表日：2023年11月7日
焼肉ヒロミヤ 四谷4号店,東京都新宿区四谷2-8-8 第5三和ビル B1F,食べログ 焼肉 TOKYO 百名店 2023,https://tabelog.com/tokyo/A1309/A130903/13257352/,https://www.google.com/maps/search/?api=1&query=%E7%84%BC%E8%82%89%E3%83%92%E3%83%AD%E3%83%9F%E3%83%A4%20%E5%9B%9B%E8%B0%B74%E5%8F%B7%E5%BA%97%20%E6%9D%B1%E4%BA%AC%E9%83%BD%E6%96%B0%E5%AE%BF%E5%8C%BA%E5%9B%9B%E8%B0%B72-8-8%20%E7%AC%AC5%E4%B8%89%E5%92%8C%E3%83%93%E3%83%AB%20B1F,2023,焼肉 TOKYO,yakiniku_tokyo,発表日：2023年11月7日
炭火焼肉 ふちおか,東京都世田谷区経堂1-5-8 ロイヤルハイツ経堂 1F,食べログ 焼肉 TOKYO 百名店 2023,https://tabelog.com/tokyo/A1318/A131813/13208137/,https://www.google.com/maps/search/?api=1&query=%E7%82%AD%E7%81%AB%E7%84%BC%E8%82%89%20%E3%81%B5%E3%81%A1%E3%81%8A%E3%81%8B%20%E6%9D%B1%E4%BA%AC%E9%83%BD%E4%B8%96%E7%94%B0%E8%B0%B7%E5%8C%BA%E7%B5%8C%E5%A0%821-5-8%20%E3%83%AD%E3%82%A4%E3%83%A4%E3%83%AB%E3%83%8F%E3%82%A4%E3%83%84%E7%B5%8C%E5%A0%82%201F,2023,焼肉 TOKYO,yakiniku_tokyo,発表日：2023年11月7日
SATOブリアン さんごう,東京都杉並区阿佐ヶ谷北1-37-6 1F,食べログ 焼肉 TOKYO 百名店 2023,https://tabelog.com/tokyo/A1319/A131905/13223460/,https://www.google.com/maps/search/?api=1&query=SATO%E3%83%96%E3%83%AA%E3%82%A2%E3%83%B3%20%E3%81%95%E3%82%93%E3%81%94%E3%81%86%20%E6%9D%B1%E4%BA%AC%E9%83%BD%E6%9D%89%E4%B8%A6%E5%8C%BA%E9%98%BF%E4%BD%90%E3%83%B6%E8%B0%B7%E5%8C%971-37-6%201F,2023,焼肉 TOKYO,yakiniku_tokyo,発表日：2023年11月7日
ホルモン焼 婁熊東京,東京都渋谷区恵比寿西2-3-5 ISHII BLDG B1F,食べログ 焼肉 TOKYO 百名店 2023,https://tabelog.com/tokyo/A1303/A130302/13132685/,https://www.google.com/maps/search/?api=1&query=%E3%83%9B%E3%83%AB%E3%83%A2%E3%83%B3%E7%84%BC%20%E5%A9%81%E7%86%8A%E6%9D%B1%E4%BA%AC%20%E6%9D%B1%E4%BA%AC%E9%83%BD%E6%B8%8B%E8%B0%B7%E5%8C%BA%E6%81%B5%E6%AF%94%E5%AF%BF%E8%A5%BF2-3-5%20ISHII%20BLDG%20B1F,2023,焼肉 TOKYO,yakiniku_tokyo,発表日：2023年11月7日
正泰苑 芝大門店,東京都港区芝大門1-7-4 パークサイド芝大門 1F,食べログ 焼肉 TOKYO 百名店 2023,https://tabelog.com/tokyo/A1314/A131401/13005213/,https://www.google.com/maps/search/?api=1&query=%E6%AD%A3%E6%B3%B0%E8%8B%91%20%E8%8A%9D%E5%A4%A7%E9%96%80%E5%BA%97%20%E6%9D%B1%E4%BA%AC%E9%83%BD%E6%B8%AF%E5%8C%BA%E8%8A%9D%E5%A4%A7%E9%96%801-7-4%20%E3%83%91%E3%83%BC%E3%82%AF%E3%82%B5%E3%82%A4%E3%83%89%E8%8A%9D%E5%A4%A7%E9%96%80%201F,2023,焼肉 TOKYO,yakiniku_tokyo,発表日：2023年11月7日
ら・ぼうふ 用賀本店,東京都世田谷区中町5-21-8,食べログ 焼肉 TOKYO 百名店 2023,https://tabelog.com/tokyo/A1317/A131707/13005123/,https://www.google.com/maps/search/?api=1&query=%E3%82%89%E3%83%BB%E3%81%BC%E3%81%86%E3%81%B5%20%E7%94%A8%E8%B3%80%E6%9C%AC%E5%BA%97%20%E6%9D%B1%E4%BA%AC%E9%83%BD%E4%B8%96%E7%94%B0%E8%B0%B7%E5%8C%BA%E4%B8%AD%E7%94%BA5-21-8,2023,焼肉 TOKYO,yakiniku_tokyo,発表日：2023年11月7日
ホルモンまさる,東京都港区芝5-21-14,食べログ 焼肉 TOKYO 百名店 2023,https://tabelog.com/tokyo/A1314/A131402/13150755/,https://www.google.com/maps/search/?api=1&query=%E3%83%9B%E3%83%AB%E3%83%A2%E3%83%B3%E3%81%BE%E3%81%95%E3%82%8B%20%E6%9D%B1%E4%BA%AC%E9%83%BD%E6%B8%AF%E5%8C%BA%E8%8A%9D5-21-14,2023,焼肉 TOKYO,yakiniku_tokyo,発表日：2023年11月7日
The INNOCENT CARVERY,東京都港区西麻布1-4-28 カルハ西麻布 101,食べログ 焼肉 TOKYO 百名店 2023,https://tabelog.com/tokyo/A1307/A130701/13189539/,https://www.google.com/maps/search/?api=1&query=The%20INNOCENT%20CARVERY%20%E6%9D%B1%E4%BA%AC%E9%83%BD%E6%B8%AF%E5%8C%BA%E8%A5%BF%E9%BA%BB%E5%B8%831-4-28%20%E3%82%AB%E3%83%AB%E3%83%8F%E8%A5%BF%E9%BA%BB%E5%B8%83%20101,2023,焼肉 TOKYO,yakiniku_tokyo,発表日：2023年11月7日
赤坂 みすじ,東京都港区赤坂3-16-3 伊勢幸ビル 2F,食べログ 焼肉 TOKYO 百名店 2023,https://tabelog.com/tokyo/A1308/A130801/13114946/,https://www.google.com/maps/search/?api=1&query=%E8%B5%A4%E5%9D%82%20%E3%81%BF%E3%81%99%E3%81%98%20%E6%9D%B1%E4%BA%AC%E9%83%BD%E6%B8%AF%E5%8C%BA%E8%B5%A4%E5%9D%823-16-3%20%E4%BC%8A%E5%8B%A2%E5%B9%B8%E3%83%93%E3%83%AB%202F,2023,焼肉 TOKYO,yakiniku_tokyo,発表日：2023年11月7日
肉と日本酒,東京都台東区谷中3-1-5 ミハマビル 1F,食べログ 焼肉 TOKYO 百名店 2023,https://tabelog.com/tokyo/A1311/A131106/13194197/,https://www.google.com/maps/search/?api=1&query=%E8%82%89%E3%81%A8%E6%97%A5%E6%9C%AC%E9%85%92%20%E6%9D%B1%E4%BA%AC%E9%83%BD%E5%8F%B0%E6%9D%B1%E5%8C%BA%E8%B0%B7%E4%B8%AD3-1-5%20%E3%83%9F%E3%83%8F%E3%83%9E%E3%83%93%E3%83%AB%201F,2023,焼肉 TOKYO,yakiniku_tokyo,発表日：2023年11月7日
在市 月島本店,"東京都中央区月島2-14-8 AMビル1,2F",食べログ 焼肉 TOKYO 百名店 2023,https://tabelog.com/tokyo/A1313/A131302/13095398/,https://www.google.com/maps/search/?api=1&query=%E5%9C%A8%E5%B8%82%20%E6%9C%88%E5%B3%B6%E6%9C%AC%E5%BA%97%20%E6%9D%B1%E4%BA%AC%E9%83%BD%E4%B8%AD%E5%A4%AE%E5%8C%BA%E6%9C%88%E5%B3%B62-14-8%20AM%E3%83%93%E3%83%AB1%2C2F,2023,焼肉 TOKYO,yakiniku_tokyo,発表日：2023年11月7日
焼肉 凛,東京都中央区月島1-27-1 フロリスオーランティウム3 1F,食べログ 焼肉 TOKYO 百名店 2023,https://tabelog.com/tokyo/A1313/A131302/13002240/,https://www.google.com/maps/search/?api=1&query=%E7%84%BC%E8%82%89%20%E5%87%9B%20%E6%9D%B1%E4%BA%AC%E9%83%BD%E4%B8%AD%E5%A4%AE%E5%8C%BA%E6%9C%88%E5%B3%B61-27-1%20%E3%83%95%E3%83%AD%E3%83%AA%E3%82%B9%E3%82%AA%E3%83%BC%E3%83%A9%E3%83%B3%E3%83%86%E3%82%A3%E3%82%A6%E3%83%A03%201F,2023,焼肉 TOKYO,yakiniku_tokyo,発表日：2023年11月7日
雪月花 銀座,東京都中央区銀座6-4-3 GICROS GINZA GEMS 9F,食べログ 焼肉 TOKYO 百名店 2023,https://tabelog.com/tokyo/A1301/A130101/13249568/,https://www.google.com/maps/search/?api=1&query=%E9%9B%AA%E6%9C%88%E8%8A%B1%20%E9%8A%80%E5%BA%A7%20%E6%9D%B1%E4%BA%AC%E9%83%BD%E4%B8%AD%E5%A4%AE%E5%8C%BA%E9%8A%80%E5%BA%A76-4-3%20GICROS%20GINZA%20GEMS%209F,2023,焼肉 TOKYO,yakiniku_tokyo,発表日：2023年11月7日
煌 焼肉,東京都港区南青山2-12-15 2F,食べログ 焼肉 TOKYO 百名店 2023,https://tabelog.com/tokyo/A1306/A130603/13236356/,https://www.google.com/maps/search/?api=1&query=%E7%85%8C%20%E7%84%BC%E8%82%89%20%E6%9D%B1%E4%BA%AC%E9%83%BD%E6%B8%AF%E5%8C%BA%E5%8D%97%E9%9D%92%E5%B1%B12-12-15%202F,2023,焼肉 TOKYO,yakiniku_tokyo,発表日：2023年11月7日
きらく亭,東京都港区南麻布4-11-26 南麻布ビル B1F～1F,食べログ 焼肉 TOKYO 百名店 2023,https://tabelog.com/tokyo/A1307/A130703/13007145/,https://www.google.com/maps/search/?api=1&query=%E3%81%8D%E3%82%89%E3%81%8F%E4%BA%AD%20%E6%9D%B1%E4%BA%AC%E9%83%BD%E6%B8%AF%E5%8C%BA%E5%8D%97%E9%BA%BB%E5%B8%834-11-26%20%E5%8D%97%E9%BA%BB%E5%B8%83%E3%83%93%E3%83%AB%20B1F%EF%BD%9E1F,2023,焼肉 TOKYO,yakiniku_tokyo,発表日：2023年11月7日
うしごろ 貫 恵比寿本店,東京都渋谷区恵比寿南1-8-1 STM恵比寿ビル 1F,食べログ 焼肉 TOKYO 百名店 2023,https://tabelog.com/tokyo/A1303/A130302/13160330/,https://www.google.com/maps/search/?api=1&query=%E3%81%86%E3%81%97%E3%81%94%E3%82%8D%20%E8%B2%AB%20%E6%81%B5%E6%AF%94%E5%AF%BF%E6%9C%AC%E5%BA%97%20%E6%9D%B1%E4%BA%AC%E9%83%BD%E6%B8%8B%E8%B0%B7%E5%8C%BA%E6%81%B5%E6%AF%94%E5%AF%BF%E5%8D%971-8-1%20STM%E6%81%B5%E6%AF%94%E5%AF%BF%E3%83%93%E3%83%AB%201F,2023,焼肉 TOKYO,yakiniku_tokyo,発表日：2023年11月7日
銀座 山科,東京都中央区銀座6-4-3 GICROS GINZA GEMS 7F,食べログ 焼肉 TOKYO 百名店 2023,https://tabelog.com/tokyo/A1301/A130101/13240197/,https://www.google.com/maps/search/?api=1&query=%E9%8A%80%E5%BA%A7%20%E5%B1%B1%E7%A7%91%20%E6%9D%B1%E4%BA%AC%E9%83%BD%E4%B8%AD%E5%A4%AE%E5%8C%BA%E9%8A%80%E5%BA%A76-4-3%20GICROS%20GINZA%20GEMS%207F,2023,焼肉 TOKYO,yakiniku_tokyo,発表日：2023年11月7日
お肉屋 けいすけ 三男坊,東京都渋谷区広尾5-2-25 HONGOKUビル B1F,食べログ 焼肉 TOKYO 百名店 2023,https://tabelog.com/tokyo/A1307/A130703/13196643/,https://www.google.com/maps/search/?api=1&query=%E3%81%8A%E8%82%89%E5%B1%8B%20%E3%81%91%E3%81%84%E3%81%99%E3%81%91%20%E4%B8%89%E7%94%B7%E5%9D%8A%20%E6%9D%B1%E4%BA%AC%E9%83%BD%E6%B8%8B%E8%B0%B7%E5%8C%BA%E5%BA%83%E5%B0%BE5-2-25%20HONGOKU%E3%83%93%E3%83%AB%20B1F,2023,焼肉 TOKYO,yakiniku_tokyo,発表日：2023年11月7日
焼肉ホルモン 新井屋 渋谷,東京都渋谷区道玄坂2-19-13,食べログ 焼肉 TOKYO 百名店 2023,https://tabelog.com/tokyo/A1303/A130301/13237382/,https://www.google.com/maps/search/?api=1&query=%E7%84%BC%E8%82%89%E3%83%9B%E3%83%AB%E3%83%A2%E3%83%B3%20%E6%96%B0%E4%BA%95%E5%B1%8B%20%E6%B8%8B%E8%B0%B7%20%E6%9D%B1%E4%BA%AC%E9%83%BD%E6%B8%8B%E8%B0%B7%E5%8C%BA%E9%81%93%E7%8E%84%E5%9D%822-19-13,2023,焼肉 TOKYO,yakiniku_tokyo,発表日：2023年11月7日
東京園,東京都中央区銀座5-9-5,食べログ 焼肉 TOKYO 百名店 2023,https://tabelog.com/tokyo/A1301/A130101/13002566/,https://www.google.com/maps/search/?api=1&query=%E6%9D%B1%E4%BA%AC%E5%9C%92%20%E6%9D%B1%E4%BA%AC%E9%83%BD%E4%B8%AD%E5%A4%AE%E5%8C%BA%E9%8A%80%E5%BA%A75-9-5,2023,焼肉 TOKYO,yakiniku_tokyo,発表日：2023年11月7日
焼肉うしごろ 銀座店,東京都中央区銀座1-8-19 ONE GINZA 7F,食べログ 焼肉 TOKYO 百名店 2023,https://tabelog.com/tokyo/A1301/A130101/13263391/,https://www.google.com/maps/search/?api=1&query=%E7%84%BC%E8%82%89%E3%81%86%E3%81%97%E3%81%94%E3%82%8D%20%E9%8A%80%E5%BA%A7%E5%BA%97%20%E6%9D%B1%E4%BA%AC%E9%83%BD%E4%B8%AD%E5%A4%AE%E5%8C%BA%E9%8A%80%E5%BA%A71-8-19%20ONE%20GINZA%207F,2023,焼肉 TOKYO,yakiniku_tokyo,発表日：2023年11月7日
焼肉 ジャンボ 篠崎本店,東京都江戸川区篠崎町4-13-19,食べログ 焼肉 TOKYO 百名店 2023,https://tabelog.com/tokyo/A1312/A131205/13003075/,https://www.google.com/maps/search/?api=1&query=%E7%84%BC%E8%82%89%20%E3%82%B8%E3%83%A3%E3%83%B3%E3%83%9C%20%E7%AF%A0%E5%B4%8E%E6%9C%AC%E5%BA%97%20%E6%9D%B1%E4%BA%AC%E9%83%BD%E6%B1%9F%E6%88%B8%E5%B7%9D%E5%8C%BA%E7%AF%A0%E5%B4%8E%E7%94%BA4-13-19,2023,焼肉 TOKYO,yakiniku_tokyo,発表日：2023年11月7日
焼肉問屋 牛蔵,東京都練馬区貫井3-10-2 コイケビル　２Ｆ,食べログ 焼肉 TOKYO 百名店 2023,https://tabelog.com/tokyo/A1321/A132102/13008910/,https://www.google.com/maps/search/?api=1&query=%E7%84%BC%E8%82%89%E5%95%8F%E5%B1%8B%20%E7%89%9B%E8%94%B5%20%E6%9D%B1%E4%BA%AC%E9%83%BD%E7%B7%B4%E9%A6%AC%E5%8C%BA%E8%B2%AB%E4%BA%953-10-2%20%E3%82%B3%E3%82%A4%E3%82%B1%E3%83%93%E3%83%AB%E3%80%80%EF%BC%92%EF%BC%A6,2023,焼肉 TOKYO,yakiniku_tokyo,発表日：2023年11月7日
焼肉ホルモン 稲田,東京都品川区上大崎2-13-45 トラストリンク第Ⅲビル 2F,食べログ 焼肉 TOKYO 百名店 2023,https://tabelog.com/tokyo/A1316/A131601/13049914/,https://www.google.com/maps/search/?api=1&query=%E7%84%BC%E8%82%89%E3%83%9B%E3%83%AB%E3%83%A2%E3%83%B3%20%E7%A8%B2%E7%94%B0%20%E6%9D%B1%E4%BA%AC%E9%83%BD%E5%93%81%E5%B7%9D%E5%8C%BA%E4%B8%8A%E5%A4%A7%E5%B4%8E2-13-45%20%E3%83%88%E3%83%A9%E3%82%B9%E3%83%88%E3%83%AA%E3%83%B3%E3%82%AF%E7%AC%AC%E2%85%A2%E3%83%93%E3%83%AB%202F,2023,焼肉 TOKYO,yakiniku_tokyo,発表日：2023年11月7日
よろにく,東京都港区南青山6-6-22 ルナロッサ　Ｂ１Ｆ,食べログ 焼肉 TOKYO 百名店 2023,https://tabelog.com/tokyo/A1306/A130602/13042979/,https://www.google.com/maps/search/?api=1&query=%E3%82%88%E3%82%8D%E3%81%AB%E3%81%8F%20%E6%9D%B1%E4%BA%AC%E9%83%BD%E6%B8%AF%E5%8C%BA%E5%8D%97%E9%9D%92%E5%B1%B16-6-22%20%E3%83%AB%E3%83%8A%E3%83%AD%E3%83%83%E3%82%B5%E3%80%80%EF%BC%A2%EF%BC%91%EF%BC%A6,2023,焼肉 TOKYO,yakiniku_tokyo,発表日：2023年11月7日
びーふてい 中目黒店,東京都目黒区上目黒2-6-9 マルモビル　１Ｆ,食べログ 焼肉 TOKYO 百名店 2023,https://tabelog.com/tokyo/A1317/A131701/13003237/,https://www.google.com/maps/search/?api=1&query=%E3%81%B3%E3%83%BC%E3%81%B5%E3%81%A6%E3%81%84%20%E4%B8%AD%E7%9B%AE%E9%BB%92%E5%BA%97%20%E6%9D%B1%E4%BA%AC%E9%83%BD%E7%9B%AE%E9%BB%92%E5%8C%BA%E4%B8%8A%E7%9B%AE%E9%BB%922-6-9%20%E3%83%9E%E3%83%AB%E3%83%A2%E3%83%93%E3%83%AB%E3%80%80%EF%BC%91%EF%BC%A6,2023,焼肉 TOKYO,yakiniku_tokyo,発表日：2023年11月7日
山田屋 日暮里店,東京都荒川区西日暮里2-25-1 日暮里ステーションガーデンタワー 3F,食べログ 焼肉 TOKYO 百名店 2023,https://tabelog.com/tokyo/A1311/A131105/13091831/,https://www.google.com/maps/search/?api=1&query=%E5%B1%B1%E7%94%B0%E5%B1%8B%20%E6%97%A5%E6%9A%AE%E9%87%8C%E5%BA%97%20%E6%9D%B1%E4%BA%AC%E9%83%BD%E8%8D%92%E5%B7%9D%E5%8C%BA%E8%A5%BF%E6%97%A5%E6%9A%AE%E9%87%8C2-25-1%20%E6%97%A5%E6%9A%AE%E9%87%8C%E3%82%B9%E3%83%86%E3%83%BC%E3%82%B7%E3%83%A7%E3%83%B3%E3%82%AC%E3%83%BC%E3%83%87%E3%83%B3%E3%82%BF%E3%83%AF%E3%83%BC%203F,2023,焼肉 TOKYO,yakiniku_tokyo,発表日：2023年11月7日
志村 徳寿園,東京都板橋区志村2-9-4,食べログ 焼肉 TOKYO 百名店 2023,https://tabelog.com/tokyo/A1322/A132205/13043209/,https://www.google.com/maps/search/?api=1&query=%E5%BF%97%E6%9D%91%20%E5%BE%B3%E5%AF%BF%E5%9C%92%20%E6%9D%B1%E4%BA%AC%E9%83%BD%E6%9D%BF%E6%A9%8B%E5%8C%BA%E5%BF%97%E6%9D%912-9-4,2023,焼肉 TOKYO,yakiniku_tokyo,発表日：2023年11月7日
赤坂大関 本店,東京都港区赤坂3-18-12,食べログ 焼肉 TOKYO 百名店 2023,https://tabelog.com/tokyo/A1308/A130801/13015197/,https://www.google.com/maps/search/?api=1&query=%E8%B5%A4%E5%9D%82%E5%A4%A7%E9%96%A2%20%E6%9C%AC%E5%BA%97%20%E6%9D%B1%E4%BA%AC%E9%83%BD%E6%B8%AF%E5%8C%BA%E8%B5%A4%E5%9D%823-18-12,2023,焼肉 TOKYO,yakiniku_tokyo,発表日：2023年11月7日
生粋,東京都千代田区外神田6-14-7 VORT末広町 2F,食べログ 焼肉 TOKYO 百名店 2023,https://tabelog.com/tokyo/A1311/A131101/13165294/,https://www.google.com/maps/search/?api=1&query=%E7%94%9F%E7%B2%8B%20%E6%9D%B1%E4%BA%AC%E9%83%BD%E5%8D%83%E4%BB%A3%E7%94%B0%E5%8C%BA%E5%A4%96%E7%A5%9E%E7%94%B06-14-7%20VORT%E6%9C%AB%E5%BA%83%E7%94%BA%202F,2023,焼肉 TOKYO,yakiniku_tokyo,発表日：2023年11月7日
楽酔苑,東京都練馬区田柄2-33-18 1F,食べログ 焼肉 TOKYO 百名店 2023,https://tabelog.com/tokyo/A1322/A132204/13193192/,https://www.google.com/maps/search/?api=1&query=%E6%A5%BD%E9%85%94%E8%8B%91%20%E6%9D%B1%E4%BA%AC%E9%83%BD%E7%B7%B4%E9%A6%AC%E5%8C%BA%E7%94%B0%E6%9F%842-33-18%201F,2023,焼肉 TOKYO,yakiniku_tokyo,発表日：2023年11月7日
焼肉幸泉,東京都葛飾区立石1-18-5,食べログ 焼肉 TOKYO 百名店 2023,https://tabelog.com/tokyo/A1324/A132403/13133997/,https://www.google.com/maps/search/?api=1&query=%E7%84%BC%E8%82%89%E5%B9%B8%E6%B3%89%20%E6%9D%B1%E4%BA%AC%E9%83%BD%E8%91%9B%E9%A3%BE%E5%8C%BA%E7%AB%8B%E7%9F%B31-18-5,2023,焼肉 TOKYO,yakiniku_tokyo,発表日：2023年11月7日
焼肉うしごろ 西麻布本店,東京都港区西麻布2-24-14 Barbizon73 1F,食べログ 焼肉 TOKYO 百名店 2023,https://tabelog.com/tokyo/A1307/A130701/13124592/,https://www.google.com/maps/search/?api=1&query=%E7%84%BC%E8%82%89%E3%81%86%E3%81%97%E3%81%94%E3%82%8D%20%E8%A5%BF%E9%BA%BB%E5%B8%83%E6%9C%AC%E5%BA%97%20%E6%9D%B1%E4%BA%AC%E9%83%BD%E6%B8%AF%E5%8C%BA%E8%A5%BF%E9%BA%BB%E5%B8%832-24-14%20Barbizon73%201F,2023,焼肉 TOKYO,yakiniku_tokyo,発表日：2023年11月7日
焼肉 銀座コバウ 特別室,東京都中央区銀座6-7-6 ラペビル 8F,食べログ 焼肉 TOKYO 百名店 2023,https://tabelog.com/tokyo/A1301/A130101/13005008/,https://www.google.com/maps/search/?api=1&query=%E7%84%BC%E8%82%89%20%E9%8A%80%E5%BA%A7%E3%82%B3%E3%83%90%E3%82%A6%20%E7%89%B9%E5%88%A5%E5%AE%A4%20%E6%9D%B1%E4%BA%AC%E9%83%BD%E4%B8%AD%E5%A4%AE%E5%8C%BA%E9%8A%80%E5%BA%A76-7-6%20%E3%83%A9%E3%83%9A%E3%83%93%E3%83%AB%208F,2023,焼肉 TOKYO,yakiniku_tokyo,発表日：2023年11月7日
焼肉赤身にくがとう 人形町本店,東京都中央区日本橋堀留町1-6-7,食べログ 焼肉 TOKYO 百名店 2023,https://tabelog.com/tokyo/A1302/A130204/13168436/,https://www.google.com/maps/search/?api=1&query=%E7%84%BC%E8%82%89%E8%B5%A4%E8%BA%AB%E3%81%AB%E3%81%8F%E3%81%8C%E3%81%A8%E3%81%86%20%E4%BA%BA%E5%BD%A2%E7%94%BA%E6%9C%AC%E5%BA%97%20%E6%9D%B1%E4%BA%AC%E9%83%BD%E4%B8%AD%E5%A4%AE%E5%8C%BA%E6%97%A5%E6%9C%AC%E6%A9%8B%E5%A0%80%E7%95%99%E7%94%BA1-6-7,2023,焼肉 TOKYO,yakiniku_tokyo,発表日：2023年11月7日
本とさや,東京都台東区西浅草3-1-9,食べログ 焼肉 TOKYO 百名店 2023,https://tabelog.com/tokyo/A1311/A131102/13003711/,https://www.google.com/maps/search/?api=1&query=%E6%9C%AC%E3%81%A8%E3%81%95%E3%82%84%20%E6%9D%B1%E4%BA%AC%E9%83%BD%E5%8F%B0%E6%9D%B1%E5%8C%BA%E8%A5%BF%E6%B5%85%E8%8D%893-1-9,2023,焼肉 TOKYO,yakiniku_tokyo,発表日：2023年11月7日
ビーフキッチン 恵比寿店,東京都渋谷区恵比寿南1-13-3 GOLD 1F,食べログ 焼肉 TOKYO 百名店 2023,https://tabelog.com/tokyo/A1303/A130302/13262681/,https://www.google.com/maps/search/?api=1&query=%E3%83%93%E3%83%BC%E3%83%95%E3%82%AD%E3%83%83%E3%83%81%E3%83%B3%20%E6%81%B5%E6%AF%94%E5%AF%BF%E5%BA%97%20%E6%9D%B1%E4%BA%AC%E9%83%BD%E6%B8%8B%E8%B0%B7%E5%8C%BA%E6%81%B5%E6%AF%94%E5%AF%BF%E5%8D%971-13-3%20GOLD%201F,2023,焼肉 TOKYO,yakiniku_tokyo,発表日：2023年11月7日
高麗亭,東京都渋谷区渋谷2-14-13 Ｂ１Ｆ,食べログ 焼肉 TOKYO 百名店 2023,https://tabelog.com/tokyo/A1303/A130301/13013023/,https://www.google.com/maps/search/?api=1&query=%E9%AB%98%E9%BA%97%E4%BA%AD%20%E6%9D%B1%E4%BA%AC%E9%83%BD%E6%B8%8B%E8%B0%B7%E5%8C%BA%E6%B8%8B%E8%B0%B72-14-13%20%EF%BC%A2%EF%BC%91%EF%BC%A6,2023,焼肉 TOKYO,yakiniku_tokyo,発表日：2023年11月7日
銀座 ちかみつ 六丁目,東京都中央区銀座6-13-16 ヒューリック銀座ウォールビル 1F,食べログ 焼肉 TOKYO 百名店 2023,https://tabelog.com/tokyo/A1301/A130101/13259532/,https://www.google.com/maps/search/?api=1&query=%E9%8A%80%E5%BA%A7%20%E3%81%A1%E3%81%8B%E3%81%BF%E3%81%A4%20%E5%85%AD%E4%B8%81%E7%9B%AE%20%E6%9D%B1%E4%BA%AC%E9%83%BD%E4%B8%AD%E5%A4%AE%E5%8C%BA%E9%8A%80%E5%BA%A76-13-16%20%E3%83%92%E3%83%A5%E3%83%BC%E3%83%AA%E3%83%83%E3%82%AF%E9%8A%80%E5%BA%A7%E3%82%A6%E3%82%A9%E3%83%BC%E3%83%AB%E3%83%93%E3%83%AB%201F,2023,焼肉 TOKYO,yakiniku_tokyo,発表日：2023年11月7日
スタミナ苑,東京都足立区鹿浜3-13-4,食べログ 焼肉 TOKYO 百名店 2023,https://tabelog.com/tokyo/A1323/A132305/13003777/,https://www.google.com/maps/search/?api=1&query=%E3%82%B9%E3%82%BF%E3%83%9F%E3%83%8A%E8%8B%91%20%E6%9D%B1%E4%BA%AC%E9%83%BD%E8%B6%B3%E7%AB%8B%E5%8C%BA%E9%B9%BF%E6%B5%9C3-13-4,2023,焼肉 TOKYO,yakiniku_tokyo,発表日：2023年11月7日
初代吉田,東京都江東区亀戸5-13-6 東栄ビル 1F・2F,食べログ 焼肉 TOKYO 百名店 2023,https://tabelog.com/tokyo/A1312/A131202/13059640/,https://www.google.com/maps/search/?api=1&query=%E5%88%9D%E4%BB%A3%E5%90%89%E7%94%B0%20%E6%9D%B1%E4%BA%AC%E9%83%BD%E6%B1%9F%E6%9D%B1%E5%8C%BA%E4%BA%80%E6%88%B85-13-6%20%E6%9D%B1%E6%A0%84%E3%83%93%E3%83%AB%201F%E3%83%BB2F,2023,焼肉 TOKYO,yakiniku_tokyo,発表日：2023年11月7日
焼肉うしごろ 銀座並木通り店,東京都中央区銀座5-4-9 ニュー銀座5ビル 7F,食べログ 焼肉 TOKYO 百名店 2023,https://tabelog.com/tokyo/A1301/A130101/13226719/,https://www.google.com/maps/search/?api=1&query=%E7%84%BC%E8%82%89%E3%81%86%E3%81%97%E3%81%94%E3%82%8D%20%E9%8A%80%E5%BA%A7%E4%B8%A6%E6%9C%A8%E9%80%9A%E3%82%8A%E5%BA%97%20%E6%9D%B1%E4%BA%AC%E9%83%BD%E4%B8%AD%E5%A4%AE%E5%8C%BA%E9%8A%80%E5%BA%A75-4-9%20%E3%83%8B%E3%83%A5%E3%83%BC%E9%8A%80%E5%BA%A75%E3%83%93%E3%83%AB%207F,2023,焼肉 TOKYO,yakiniku_tokyo,発表日：2023年11月7日
炭火焼肉 牛和鹿 本店,東京都江東区門前仲町2-9-5 あずまビル　２Ｆ,食べログ 焼肉 TOKYO 百名店 2023,https://tabelog.com/tokyo/A1313/A131303/13038809/,https://www.google.com/maps/search/?api=1&query=%E7%82%AD%E7%81%AB%E7%84%BC%E8%82%89%20%E7%89%9B%E5%92%8C%E9%B9%BF%20%E6%9C%AC%E5%BA%97%20%E6%9D%B1%E4%BA%AC%E9%83%BD%E6%B1%9F%E6%9D%B1%E5%8C%BA%E9%96%80%E5%89%8D%E4%BB%B2%E7%94%BA2-9-5%20%E3%81%82%E3%81%9A%E3%81%BE%E3%83%93%E3%83%AB%E3%80%80%EF%BC%92%EF%BC%A6,2023,焼肉 TOKYO,yakiniku_tokyo,発表日：2023年11月7日
江戸焼肉,東京都中央区銀座6-6-5 HULIC & New GINZA NAMIKI 6 4F B,食べログ 焼肉 TOKYO 百名店 2023,https://tabelog.com/tokyo/A1301/A130101/13270037/,https://www.google.com/maps/search/?api=1&query=%E6%B1%9F%E6%88%B8%E7%84%BC%E8%82%89%20%E6%9D%B1%E4%BA%AC%E9%83%BD%E4%B8%AD%E5%A4%AE%E5%8C%BA%E9%8A%80%E5%BA%A76-6-5%20HULIC%20%26%20New%20GINZA%20NAMIKI%206%204F%20B,2023,焼肉 TOKYO,yakiniku_tokyo,発表日：2023年11月7日
焼肉くにもと 新館,東京都港区浜松町2-8-9 カノウビル　１Ｆ,食べログ 焼肉 TOKYO 百名店 2023,https://tabelog.com/tokyo/A1314/A131401/13035852/,https://www.google.com/maps/search/?api=1&query=%E7%84%BC%E8%82%89%E3%81%8F%E3%81%AB%E3%82%82%E3%81%A8%20%E6%96%B0%E9%A4%A8%20%E6%9D%B1%E4%BA%AC%E9%83%BD%E6%B8%AF%E5%8C%BA%E6%B5%9C%E6%9D%BE%E7%94%BA2-8-9%20%E3%82%AB%E3%83%8E%E3%82%A6%E3%83%93%E3%83%AB%E3%80%80%EF%BC%91%EF%BC%A6,2023,焼肉 TOKYO,yakiniku_tokyo,発表日：2023年11月7日
肉匠堀越,東京都港区南青山7-11-4 ＨＴ南青山ビル2Ｆ,食べログ 焼肉 TOKYO 百名店 2023,https://tabelog.com/tokyo/A1307/A130703/13183716/,https://www.google.com/maps/search/?api=1&query=%E8%82%89%E5%8C%A0%E5%A0%80%E8%B6%8A%20%E6%9D%B1%E4%BA%AC%E9%83%BD%E6%B8%AF%E5%8C%BA%E5%8D%97%E9%9D%92%E5%B1%B17-11-4%20%EF%BC%A8%EF%BC%B4%E5%8D%97%E9%9D%92%E5%B1%B1%E3%83%93%E3%83%AB2%EF%BC%A6,2023,焼肉 TOKYO,yakiniku_tokyo,発表日：2023年11月7日
たん清,東京都千代田区神田練塀町45番 ライオンズマンション秋葉原 B1F,食べログ 焼肉 TOKYO 百名店 2023,https://tabelog.com/tokyo/A1310/A131001/13000384/,https://www.google.com/maps/search/?api=1&query=%E3%81%9F%E3%82%93%E6%B8%85%20%E6%9D%B1%E4%BA%AC%E9%83%BD%E5%8D%83%E4%BB%A3%E7%94%B0%E5%8C%BA%E7%A5%9E%E7%94%B0%E7%B7%B4%E5%A1%80%E7%94%BA45%E7%95%AA%20%E3%83%A9%E3%82%A4%E3%82%AA%E3%83%B3%E3%82%BA%E3%83%9E%E3%83%B3%E3%82%B7%E3%83%A7%E3%83%B3%E7%A7%8B%E8%91%89%E5%8E%9F%20B1F,2023,焼肉 TOKYO,yakiniku_tokyo,発表日：2023年11月7日
蕃 YORONIKU,東京都渋谷区恵比寿1-11-5 GEMS恵比寿 8F,食べログ 焼肉 TOKYO 百名店 2023,https://tabelog.com/tokyo/A1303/A130302/13211927/,https://www.google.com/maps/search/?api=1&query=%E8%95%83%20YORONIKU%20%E6%9D%B1%E4%BA%AC%E9%83%BD%E6%B8%8B%E8%B0%B7%E5%8C%BA%E6%81%B5%E6%AF%94%E5%AF%BF1-11-5%20GEMS%E6%81%B5%E6%AF%94%E5%AF%BF%208F,2023,焼肉 TOKYO,yakiniku_tokyo,発表日：2023年11月7日
游玄亭 新宿,東京都新宿区歌舞伎町1-10-7 叙々苑ビル,食べログ 焼肉 TOKYO 百名店 2023,https://tabelog.com/tokyo/A1304/A130401/13004152/,https://www.google.com/maps/search/?api=1&query=%E6%B8%B8%E7%8E%84%E4%BA%AD%20%E6%96%B0%E5%AE%BF%20%E6%9D%B1%E4%BA%AC%E9%83%BD%E6%96%B0%E5%AE%BF%E5%8C%BA%E6%AD%8C%E8%88%9E%E4%BC%8E%E7%94%BA1-10-7%20%E5%8F%99%E3%80%85%E8%8B%91%E3%83%93%E3%83%AB,2023,焼肉 TOKYO,yakiniku_tokyo,発表日：2023年11月7日
焼肉五鉄 八丁堀本店,東京都中央区八丁堀3-7-1 宝ビル本館　Ｂ１Ｆ,食べログ 焼肉 TOKYO 百名店 2023,https://tabelog.com/tokyo/A1302/A130203/13002399/,https://www.google.com/maps/search/?api=1&query=%E7%84%BC%E8%82%89%E4%BA%94%E9%89%84%20%E5%85%AB%E4%B8%81%E5%A0%80%E6%9C%AC%E5%BA%97%20%E6%9D%B1%E4%BA%AC%E9%83%BD%E4%B8%AD%E5%A4%AE%E5%8C%BA%E5%85%AB%E4%B8%81%E5%A0%803-7-1%20%E5%AE%9D%E3%83%93%E3%83%AB%E6%9C%AC%E9%A4%A8%E3%80%80%EF%BC%A2%EF%BC%91%EF%BC%A6,2023,焼肉 TOKYO,yakiniku_tokyo,発表日：2023年11月7日
焼肉あきら 本郷本店,東京都文京区本郷1-10-12 カルム本郷 2F,食べログ 焼肉 TOKYO 百名店 2023,https://tabelog.com/tokyo/A1310/A131003/13251014/,https://www.google.com/maps/search/?api=1&query=%E7%84%BC%E8%82%89%E3%81%82%E3%81%8D%E3%82%89%20%E6%9C%AC%E9%83%B7%E6%9C%AC%E5%BA%97%20%E6%9D%B1%E4%BA%AC%E9%83%BD%E6%96%87%E4%BA%AC%E5%8C%BA%E6%9C%AC%E9%83%B71-10-12%20%E3%82%AB%E3%83%AB%E3%83%A0%E6%9C%AC%E9%83%B7%202F,2023,焼肉 TOKYO,yakiniku_tokyo,発表日：2023年11月7日
大幸園 小宮本店,東京都八王子市小宮町863-3,食べログ 焼肉 TOKYO 百名店 2023,https://tabelog.com/tokyo/A1329/A132904/13107594/,https://www.google.com/maps/search/?api=1&query=%E5%A4%A7%E5%B9%B8%E5%9C%92%20%E5%B0%8F%E5%AE%AE%E6%9C%AC%E5%BA%97%20%E6%9D%B1%E4%BA%AC%E9%83%BD%E5%85%AB%E7%8E%8B%E5%AD%90%E5%B8%82%E5%B0%8F%E5%AE%AE%E7%94%BA863-3,2023,焼肉 TOKYO,yakiniku_tokyo,発表日：2023年11月7日
誇味山,東京都港区西麻布1丁目15-9 ラ・アルタ西麻布1F,食べログ 焼肉 TOKYO 百名店 2023,https://tabelog.com/tokyo/A1307/A130701/13230924/,https://www.google.com/maps/search/?api=1&query=%E8%AA%87%E5%91%B3%E5%B1%B1%20%E6%9D%B1%E4%BA%AC%E9%83%BD%E6%B8%AF%E5%8C%BA%E8%A5%BF%E9%BA%BB%E5%B8%831%E4%B8%81%E7%9B%AE15-9%20%E3%83%A9%E3%83%BB%E3%82%A2%E3%83%AB%E3%82%BF%E8%A5%BF%E9%BA%BB%E5%B8%831F,2023,焼肉 TOKYO,yakiniku_tokyo,発表日：2023年11月7日
肉のすずき,東京都台東区浅草4-11-8,食べログ 焼肉 TOKYO 百名店 2023,https://tabelog.com/tokyo/A1311/A131102/13057827/,https://www.google.com/maps/search/?api=1&query=%E8%82%89%E3%81%AE%E3%81%99%E3%81%9A%E3%81%8D%20%E6%9D%B1%E4%BA%AC%E9%83%BD%E5%8F%B0%E6%9D%B1%E5%8C%BA%E6%B5%85%E8%8D%894-11-8,2023,焼肉 TOKYO,yakiniku_tokyo,発表日：2023年11月7日
USHIGORO S. SHINJUKU,東京都新宿区新宿3-17-10 HULIC & New SHINJUKU 11F,食べログ 焼肉 TOKYO 百名店 2023,https://tabelog.com/tokyo/A1304/A130401/13268688/,https://www.google.com/maps/search/?api=1&query=USHIGORO%20S.%20SHINJUKU%20%E6%9D%B1%E4%BA%AC%E9%83%BD%E6%96%B0%E5%AE%BF%E5%8C%BA%E6%96%B0%E5%AE%BF3-17-10%20HULIC%20%26%20New%20SHINJUKU%2011F,2023,焼肉 TOKYO,yakiniku_tokyo,発表日：2023年11月7日
焼肉 矢澤 東京,東京都中央区八重洲1-5-10 トーイン八重洲ビル 1F,食べログ 焼肉 TOKYO 百名店 2023,https://tabelog.com/tokyo/A1302/A130202/13168322/,https://www.google.com/maps/search/?api=1&query=%E7%84%BC%E8%82%89%20%E7%9F%A2%E6%BE%A4%20%E6%9D%B1%E4%BA%AC%20%E6%9D%B1%E4%BA%AC%E9%83%BD%E4%B8%AD%E5%A4%AE%E5%8C%BA%E5%85%AB%E9%87%8D%E6%B4%B21-5-10%20%E3%83%88%E3%83%BC%E3%82%A4%E3%83%B3%E5%85%AB%E9%87%8D%E6%B4%B2%E3%83%93%E3%83%AB%201F,2023,焼肉 TOKYO,yakiniku_tokyo,発表日：2023年11月7日
三宿トラジ,東京都目黒区祐天寺2-14-7 AIビル　Ｂ１Ｆ,食べログ 焼肉 TOKYO 百名店 2023,https://tabelog.com/tokyo/A1317/A131701/13004517/,https://www.google.com/maps/search/?api=1&query=%E4%B8%89%E5%AE%BF%E3%83%88%E3%83%A9%E3%82%B8%20%E6%9D%B1%E4%BA%AC%E9%83%BD%E7%9B%AE%E9%BB%92%E5%8C%BA%E7%A5%90%E5%A4%A9%E5%AF%BA2-14-7%20AI%E3%83%93%E3%83%AB%E3%80%80%EF%BC%A2%EF%BC%91%EF%BC%A6,2023,焼肉 TOKYO,yakiniku_tokyo,発表日：2023年11月7日
炭火焼 ゆうじ,東京都渋谷区宇田川町11-1 松沼ビル　１Ｆ,食べログ 焼肉 TOKYO 百名店 2023,https://tabelog.com/tokyo/A1303/A130301/13001794/,https://www.google.com/maps/search/?api=1&query=%E7%82%AD%E7%81%AB%E7%84%BC%20%E3%82%86%E3%81%86%E3%81%98%20%E6%9D%B1%E4%BA%AC%E9%83%BD%E6%B8%8B%E8%B0%B7%E5%8C%BA%E5%AE%87%E7%94%B0%E5%B7%9D%E7%94%BA11-1%20%E6%9D%BE%E6%B2%BC%E3%83%93%E3%83%AB%E3%80%80%EF%BC%91%EF%BC%A6,2023,焼肉 TOKYO,yakiniku_tokyo,発表日：2023年11月7日
代官山 焼肉かねこ,東京都渋谷区猿楽町17-17 1F,食べログ 焼肉 TOKYO 百名店 2023,https://tabelog.com/tokyo/A1303/A130303/13178613/,https://www.google.com/maps/search/?api=1&query=%E4%BB%A3%E5%AE%98%E5%B1%B1%20%E7%84%BC%E8%82%89%E3%81%8B%E3%81%AD%E3%81%93%20%E6%9D%B1%E4%BA%AC%E9%83%BD%E6%B8%8B%E8%B0%B7%E5%8C%BA%E7%8C%BF%E6%A5%BD%E7%94%BA17-17%201F,2023,焼肉 TOKYO,yakiniku_tokyo,発表日：2023年11月7日
本牧亭。,東京都大田区上池台1-10-7 コアビル 1F,食べログ 焼肉 TOKYO 百名店 2023,https://tabelog.com/tokyo/A1317/A131714/13010448/,https://www.google.com/maps/search/?api=1&query=%E6%9C%AC%E7%89%A7%E4%BA%AD%E3%80%82%20%E6%9D%B1%E4%BA%AC%E9%83%BD%E5%A4%A7%E7%94%B0%E5%8C%BA%E4%B8%8A%E6%B1%A0%E5%8F%B01-10-7%20%E3%82%B3%E3%82%A2%E3%83%93%E3%83%AB%201F,2023,焼肉 TOKYO,yakiniku_tokyo,発表日：2023年11月7日
ホルモン青木 亀戸店,東京都江東区亀戸5-13-1,食べログ 焼肉 TOKYO 百名店 2023,https://tabelog.com/tokyo/A1312/A131202/13059962/,https://www.google.com/maps/search/?api=1&query=%E3%83%9B%E3%83%AB%E3%83%A2%E3%83%B3%E9%9D%92%E6%9C%A8%20%E4%BA%80%E6%88%B8%E5%BA%97%20%E6%9D%B1%E4%BA%AC%E9%83%BD%E6%B1%9F%E6%9D%B1%E5%8C%BA%E4%BA%80%E6%88%B85-13-1,2023,焼肉 TOKYO,yakiniku_tokyo,発表日：2023年11月7日
地葉,神奈川県横浜市中区常盤町5-72-1 GM横浜馬車道ビル 3F,食べログ 焼き鳥 EAST 百名店 2023,https://tabelog.com/kanagawa/A1401/A140104/14070995/,https://www.google.com/maps/search/?api=1&query=%E5%9C%B0%E8%91%89%20%E7%A5%9E%E5%A5%88%E5%B7%9D%E7%9C%8C%E6%A8%AA%E6%B5%9C%E5%B8%82%E4%B8%AD%E5%8C%BA%E5%B8%B8%E7%9B%A4%E7%94%BA5-72-1%20GM%E6%A8%AA%E6%B5%9C%E9%A6%AC%E8%BB%8A%E9%81%93%E3%83%93%E3%83%AB%203F,2023,焼き鳥 EAST,yakitori_east,発表日：2023年7月18日
焼鳥 うの,東京都世田谷区奥沢3-30-11,食べログ 焼き鳥 EAST 百名店 2023,https://tabelog.com/tokyo/A1317/A131711/13130757/,https://www.google.com/maps/search/?api=1&query=%E7%84%BC%E9%B3%A5%20%E3%81%86%E3%81%AE%20%E6%9D%B1%E4%BA%AC%E9%83%BD%E4%B8%96%E7%94%B0%E8%B0%B7%E5%8C%BA%E5%A5%A5%E6%B2%A23-30-11,2023,焼き鳥 EAST,yakitori_east,発表日：2023年7月18日
白金 酉玉 本館,東京都港区白金6-22-19,食べログ 焼き鳥 EAST 百名店 2023,https://tabelog.com/tokyo/A1316/A131602/13005504/,https://www.google.com/maps/search/?api=1&query=%E7%99%BD%E9%87%91%20%E9%85%89%E7%8E%89%20%E6%9C%AC%E9%A4%A8%20%E6%9D%B1%E4%BA%AC%E9%83%BD%E6%B8%AF%E5%8C%BA%E7%99%BD%E9%87%916-22-19,2023,焼き鳥 EAST,yakitori_east,発表日：2023年7月18日
白金 酉玉 神楽坂店,東京都新宿区神楽坂5-7 山桝ハウス B1F,食べログ 焼き鳥 EAST 百名店 2023,https://tabelog.com/tokyo/A1309/A130905/13059154/,https://www.google.com/maps/search/?api=1&query=%E7%99%BD%E9%87%91%20%E9%85%89%E7%8E%89%20%E7%A5%9E%E6%A5%BD%E5%9D%82%E5%BA%97%20%E6%9D%B1%E4%BA%AC%E9%83%BD%E6%96%B0%E5%AE%BF%E5%8C%BA%E7%A5%9E%E6%A5%BD%E5%9D%825-7%20%E5%B1%B1%E6%A1%9D%E3%83%8F%E3%82%A6%E3%82%B9%20B1F,2023,焼き鳥 EAST,yakitori_east,発表日：2023年7月18日
鍈輝,東京都渋谷区恵比寿2-10-5 ROZIS 1F,食べログ 焼き鳥 EAST 百名店 2023,https://tabelog.com/tokyo/A1303/A130302/13230923/,https://www.google.com/maps/search/?api=1&query=%E9%8D%88%E8%BC%9D%20%E6%9D%B1%E4%BA%AC%E9%83%BD%E6%B8%8B%E8%B0%B7%E5%8C%BA%E6%81%B5%E6%AF%94%E5%AF%BF2-10-5%20ROZIS%201F,2023,焼き鳥 EAST,yakitori_east,発表日：2023年7月18日
やきとり まさ吉,東京都目黒区目黒本町5-2-8,食べログ 焼き鳥 EAST 百名店 2023,https://tabelog.com/tokyo/A1317/A131710/13024966/,https://www.google.com/maps/search/?api=1&query=%E3%82%84%E3%81%8D%E3%81%A8%E3%82%8A%20%E3%81%BE%E3%81%95%E5%90%89%20%E6%9D%B1%E4%BA%AC%E9%83%BD%E7%9B%AE%E9%BB%92%E5%8C%BA%E7%9B%AE%E9%BB%92%E6%9C%AC%E7%94%BA5-2-8,2023,焼き鳥 EAST,yakitori_east,発表日：2023年7月18日
焼き鳥 峠,東京都新宿区細工町3-5 荘 1F,食べログ 焼き鳥 EAST 百名店 2023,https://tabelog.com/tokyo/A1309/A130905/13225479/,https://www.google.com/maps/search/?api=1&query=%E7%84%BC%E3%81%8D%E9%B3%A5%20%E5%B3%A0%20%E6%9D%B1%E4%BA%AC%E9%83%BD%E6%96%B0%E5%AE%BF%E5%8C%BA%E7%B4%B0%E5%B7%A5%E7%94%BA3-5%20%E8%8D%98%201F,2023,焼き鳥 EAST,yakitori_east,発表日：2023年7月18日
やき鳥 たかはし,神奈川県平塚市宮の前1-33 ファーイーストビル 1F,食べログ 焼き鳥 EAST 百名店 2023,https://tabelog.com/kanagawa/A1404/A140407/14067337/,https://www.google.com/maps/search/?api=1&query=%E3%82%84%E3%81%8D%E9%B3%A5%20%E3%81%9F%E3%81%8B%E3%81%AF%E3%81%97%20%E7%A5%9E%E5%A5%88%E5%B7%9D%E7%9C%8C%E5%B9%B3%E5%A1%9A%E5%B8%82%E5%AE%AE%E3%81%AE%E5%89%8D1-33%20%E3%83%95%E3%82%A1%E3%83%BC%E3%82%A4%E3%83%BC%E3%82%B9%E3%83%88%E3%83%93%E3%83%AB%201F,2023,焼き鳥 EAST,yakitori_east,発表日：2023年7月18日
かさ原,東京都新宿区東五軒町5-5 2F,食べログ 焼き鳥 EAST 百名店 2023,https://tabelog.com/tokyo/A1309/A130905/13266251/,https://www.google.com/maps/search/?api=1&query=%E3%81%8B%E3%81%95%E5%8E%9F%20%E6%9D%B1%E4%BA%AC%E9%83%BD%E6%96%B0%E5%AE%BF%E5%8C%BA%E6%9D%B1%E4%BA%94%E8%BB%92%E7%94%BA5-5%202F,2023,焼き鳥 EAST,yakitori_east,発表日：2023年7月18日
伊勢廣 ニューオータニ店,東京都千代田区紀尾井町4-1 ホテルニューオータニ東京 アーケード階,食べログ 焼き鳥 EAST 百名店 2023,https://tabelog.com/tokyo/A1308/A130803/13000174/,https://www.google.com/maps/search/?api=1&query=%E4%BC%8A%E5%8B%A2%E5%BB%A3%20%E3%83%8B%E3%83%A5%E3%83%BC%E3%82%AA%E3%83%BC%E3%82%BF%E3%83%8B%E5%BA%97%20%E6%9D%B1%E4%BA%AC%E9%83%BD%E5%8D%83%E4%BB%A3%E7%94%B0%E5%8C%BA%E7%B4%80%E5%B0%BE%E4%BA%95%E7%94%BA4-1%20%E3%83%9B%E3%83%86%E3%83%AB%E3%83%8B%E3%83%A5%E3%83%BC%E3%82%AA%E3%83%BC%E3%82%BF%E3%83%8B%E6%9D%B1%E4%BA%AC%20%E3%82%A2%E3%83%BC%E3%82%B1%E3%83%BC%E3%83%89%E9%9A%8E,2023,焼き鳥 EAST,yakitori_east,発表日：2023年7月18日
やき鳥 宮川,東京都中央区日本橋茅場町3-5-1,食べログ 焼き鳥 EAST 百名店 2023,https://tabelog.com/tokyo/A1302/A130203/13008082/,https://www.google.com/maps/search/?api=1&query=%E3%82%84%E3%81%8D%E9%B3%A5%20%E5%AE%AE%E5%B7%9D%20%E6%9D%B1%E4%BA%AC%E9%83%BD%E4%B8%AD%E5%A4%AE%E5%8C%BA%E6%97%A5%E6%9C%AC%E6%A9%8B%E8%8C%85%E5%A0%B4%E7%94%BA3-5-1,2023,焼き鳥 EAST,yakitori_east,発表日：2023年7月18日
地葉はなれ,神奈川県横浜市神奈川区鶴屋町1-7-1 デリス横浜ビル 4F,食べログ 焼き鳥 EAST 百名店 2023,https://tabelog.com/kanagawa/A1401/A140101/14074964/,https://www.google.com/maps/search/?api=1&query=%E5%9C%B0%E8%91%89%E3%81%AF%E3%81%AA%E3%82%8C%20%E7%A5%9E%E5%A5%88%E5%B7%9D%E7%9C%8C%E6%A8%AA%E6%B5%9C%E5%B8%82%E7%A5%9E%E5%A5%88%E5%B7%9D%E5%8C%BA%E9%B6%B4%E5%B1%8B%E7%94%BA1-7-1%20%E3%83%87%E3%83%AA%E3%82%B9%E6%A8%AA%E6%B5%9C%E3%83%93%E3%83%AB%204F,2023,焼き鳥 EAST,yakitori_east,発表日：2023年7月18日
文ちゃん,東京都新宿区神楽坂3-6 高橋ビル２　Ｂ１Ｆ,食べログ 焼き鳥 EAST 百名店 2023,https://tabelog.com/tokyo/A1309/A130905/13011406/,https://www.google.com/maps/search/?api=1&query=%E6%96%87%E3%81%A1%E3%82%83%E3%82%93%20%E6%9D%B1%E4%BA%AC%E9%83%BD%E6%96%B0%E5%AE%BF%E5%8C%BA%E7%A5%9E%E6%A5%BD%E5%9D%823-6%20%E9%AB%98%E6%A9%8B%E3%83%93%E3%83%AB%EF%BC%92%E3%80%80%EF%BC%A2%EF%BC%91%EF%BC%A6,2023,焼き鳥 EAST,yakitori_east,発表日：2023年7月18日
焼鶏 ひらこ,東京都港区西麻布1-5-23 東ビル 1F,食べログ 焼き鳥 EAST 百名店 2023,https://tabelog.com/tokyo/A1307/A130701/13232545/,https://www.google.com/maps/search/?api=1&query=%E7%84%BC%E9%B6%8F%20%E3%81%B2%E3%82%89%E3%81%93%20%E6%9D%B1%E4%BA%AC%E9%83%BD%E6%B8%AF%E5%8C%BA%E8%A5%BF%E9%BA%BB%E5%B8%831-5-23%20%E6%9D%B1%E3%83%93%E3%83%AB%201F,2023,焼き鳥 EAST,yakitori_east,発表日：2023年7月18日
床島,東京都世田谷区三軒茶屋2-8-10 ルナパーク三軒茶屋１０５,食べログ 焼き鳥 EAST 百名店 2023,https://tabelog.com/tokyo/A1317/A131706/13114433/,https://www.google.com/maps/search/?api=1&query=%E5%BA%8A%E5%B3%B6%20%E6%9D%B1%E4%BA%AC%E9%83%BD%E4%B8%96%E7%94%B0%E8%B0%B7%E5%8C%BA%E4%B8%89%E8%BB%92%E8%8C%B6%E5%B1%8B2-8-10%20%E3%83%AB%E3%83%8A%E3%83%91%E3%83%BC%E3%82%AF%E4%B8%89%E8%BB%92%E8%8C%B6%E5%B1%8B%EF%BC%91%EF%BC%90%EF%BC%95,2023,焼き鳥 EAST,yakitori_east,発表日：2023年7月18日
瀧口,東京都港区高輪2-16-35 1F,食べログ 焼き鳥 EAST 百名店 2023,https://tabelog.com/tokyo/A1314/A131403/13171563/,https://www.google.com/maps/search/?api=1&query=%E7%80%A7%E5%8F%A3%20%E6%9D%B1%E4%BA%AC%E9%83%BD%E6%B8%AF%E5%8C%BA%E9%AB%98%E8%BC%AA2-16-35%201F,2023,焼き鳥 EAST,yakitori_east,発表日：2023年7月18日
焼鳥 本田,東京都中央区湊3-5-1 エス・ユービル 1F,食べログ 焼き鳥 EAST 百名店 2023,https://tabelog.com/tokyo/A1313/A131301/13143142/,https://www.google.com/maps/search/?api=1&query=%E7%84%BC%E9%B3%A5%20%E6%9C%AC%E7%94%B0%20%E6%9D%B1%E4%BA%AC%E9%83%BD%E4%B8%AD%E5%A4%AE%E5%8C%BA%E6%B9%8A3-5-1%20%E3%82%A8%E3%82%B9%E3%83%BB%E3%83%A6%E3%83%BC%E3%83%93%E3%83%AB%201F,2023,焼き鳥 EAST,yakitori_east,発表日：2023年7月18日
鳥匠いし井ひな,東京都港区南麻布1-27-7 クリフサイドビル 1F,食べログ 焼き鳥 EAST 百名店 2023,https://tabelog.com/tokyo/A1307/A130702/13271040/,https://www.google.com/maps/search/?api=1&query=%E9%B3%A5%E5%8C%A0%E3%81%84%E3%81%97%E4%BA%95%E3%81%B2%E3%81%AA%20%E6%9D%B1%E4%BA%AC%E9%83%BD%E6%B8%AF%E5%8C%BA%E5%8D%97%E9%BA%BB%E5%B8%831-27-7%20%E3%82%AF%E3%83%AA%E3%83%95%E3%82%B5%E3%82%A4%E3%83%89%E3%83%93%E3%83%AB%201F,2023,焼き鳥 EAST,yakitori_east,発表日：2023年7月18日
益子,東京都港区新橋2-10-8 関口ビル　１Ｆ,食べログ 焼き鳥 EAST 百名店 2023,https://tabelog.com/tokyo/A1301/A130103/13002213/,https://www.google.com/maps/search/?api=1&query=%E7%9B%8A%E5%AD%90%20%E6%9D%B1%E4%BA%AC%E9%83%BD%E6%B8%AF%E5%8C%BA%E6%96%B0%E6%A9%8B2-10-8%20%E9%96%A2%E5%8F%A3%E3%83%93%E3%83%AB%E3%80%80%EF%BC%91%EF%BC%A6,2023,焼き鳥 EAST,yakitori_east,発表日：2023年7月18日
蒼天 南口店,東京都豊島区南大塚3-39-13 嵯峨・加藤ビル 1F,食べログ 焼き鳥 EAST 百名店 2023,https://tabelog.com/tokyo/A1323/A132302/13092061/,https://www.google.com/maps/search/?api=1&query=%E8%92%BC%E5%A4%A9%20%E5%8D%97%E5%8F%A3%E5%BA%97%20%E6%9D%B1%E4%BA%AC%E9%83%BD%E8%B1%8A%E5%B3%B6%E5%8C%BA%E5%8D%97%E5%A4%A7%E5%A1%9A3-39-13%20%E5%B5%AF%E5%B3%A8%E3%83%BB%E5%8A%A0%E8%97%A4%E3%83%93%E3%83%AB%201F,2023,焼き鳥 EAST,yakitori_east,発表日：2023年7月18日
興,東京都荒川区東日暮里1-32-3 1F,食べログ 焼き鳥 EAST 百名店 2023,https://tabelog.com/tokyo/A1324/A132401/13115926/,https://www.google.com/maps/search/?api=1&query=%E8%88%88%20%E6%9D%B1%E4%BA%AC%E9%83%BD%E8%8D%92%E5%B7%9D%E5%8C%BA%E6%9D%B1%E6%97%A5%E6%9A%AE%E9%87%8C1-32-3%201F,2023,焼き鳥 EAST,yakitori_east,発表日：2023年7月18日
やきとり 陽火,東京都港区白金5-8-13 白金ハイツ 1F,食べログ 焼き鳥 EAST 百名店 2023,https://tabelog.com/tokyo/A1316/A131602/13247688/,https://www.google.com/maps/search/?api=1&query=%E3%82%84%E3%81%8D%E3%81%A8%E3%82%8A%20%E9%99%BD%E7%81%AB%20%E6%9D%B1%E4%BA%AC%E9%83%BD%E6%B8%AF%E5%8C%BA%E7%99%BD%E9%87%915-8-13%20%E7%99%BD%E9%87%91%E3%83%8F%E3%82%A4%E3%83%84%201F,2023,焼き鳥 EAST,yakitori_east,発表日：2023年7月18日
地鶏と酒肴　音音,茨城県つくば市二の宮1-1-10 101,食べログ 焼き鳥 EAST 百名店 2023,https://tabelog.com/ibaraki/A0802/A080201/8008741/,https://www.google.com/maps/search/?api=1&query=%E5%9C%B0%E9%B6%8F%E3%81%A8%E9%85%92%E8%82%B4%E3%80%80%E9%9F%B3%E9%9F%B3%20%E8%8C%A8%E5%9F%8E%E7%9C%8C%E3%81%A4%E3%81%8F%E3%81%B0%E5%B8%82%E4%BA%8C%E3%81%AE%E5%AE%AE1-1-10%20101,2023,焼き鳥 EAST,yakitori_east,発表日：2023年7月18日
鳥しき,東京都品川区上大崎2-14-12,食べログ 焼き鳥 EAST 百名店 2023,https://tabelog.com/tokyo/A1316/A131601/13041029/,https://www.google.com/maps/search/?api=1&query=%E9%B3%A5%E3%81%97%E3%81%8D%20%E6%9D%B1%E4%BA%AC%E9%83%BD%E5%93%81%E5%B7%9D%E5%8C%BA%E4%B8%8A%E5%A4%A7%E5%B4%8E2-14-12,2023,焼き鳥 EAST,yakitori_east,発表日：2023年7月18日
鳥長,東京都練馬区豊玉北4-31-8,食べログ 焼き鳥 EAST 百名店 2023,https://tabelog.com/tokyo/A1321/A132102/13058892/,https://www.google.com/maps/search/?api=1&query=%E9%B3%A5%E9%95%B7%20%E6%9D%B1%E4%BA%AC%E9%83%BD%E7%B7%B4%E9%A6%AC%E5%8C%BA%E8%B1%8A%E7%8E%89%E5%8C%974-31-8,2023,焼き鳥 EAST,yakitori_east,発表日：2023年7月18日
YAKITORI 燃 es,東京都港区六本木7-13-10 宮下ビル 1F,食べログ 焼き鳥 EAST 百名店 2023,https://tabelog.com/tokyo/A1307/A130701/13259508/,https://www.google.com/maps/search/?api=1&query=YAKITORI%20%E7%87%83%20es%20%E6%9D%B1%E4%BA%AC%E9%83%BD%E6%B8%AF%E5%8C%BA%E5%85%AD%E6%9C%AC%E6%9C%A87-13-10%20%E5%AE%AE%E4%B8%8B%E3%83%92%E3%82%99%E3%83%AB%201F,2023,焼き鳥 EAST,yakitori_east,発表日：2023年7月18日
やきとり房州,千葉県八千代市八千代台東1-21-16,食べログ 焼き鳥 EAST 百名店 2023,https://tabelog.com/chiba/A1202/A120204/12009361/,https://www.google.com/maps/search/?api=1&query=%E3%82%84%E3%81%8D%E3%81%A8%E3%82%8A%E6%88%BF%E5%B7%9E%20%E5%8D%83%E8%91%89%E7%9C%8C%E5%85%AB%E5%8D%83%E4%BB%A3%E5%B8%82%E5%85%AB%E5%8D%83%E4%BB%A3%E5%8F%B0%E6%9D%B11-21-16,2023,焼き鳥 EAST,yakitori_east,発表日：2023年7月18日
焼鳥 篠原,東京都港区西麻布1-4-40 SHINOビル 1F,食べログ 焼き鳥 EAST 百名店 2023,https://tabelog.com/tokyo/A1307/A130701/13254666/,https://www.google.com/maps/search/?api=1&query=%E7%84%BC%E9%B3%A5%20%E7%AF%A0%E5%8E%9F%20%E6%9D%B1%E4%BA%AC%E9%83%BD%E6%B8%AF%E5%8C%BA%E8%A5%BF%E9%BA%BB%E5%B8%831-4-40%20SHINO%E3%83%93%E3%83%AB%201F,2023,焼き鳥 EAST,yakitori_east,発表日：2023年7月18日
1000,神奈川県横浜市中区相生町2-52 金子ビル 3F,食べログ 焼き鳥 EAST 百名店 2023,https://tabelog.com/kanagawa/A1401/A140104/14083143/,https://www.google.com/maps/search/?api=1&query=1000%20%E7%A5%9E%E5%A5%88%E5%B7%9D%E7%9C%8C%E6%A8%AA%E6%B5%9C%E5%B8%82%E4%B8%AD%E5%8C%BA%E7%9B%B8%E7%94%9F%E7%94%BA2-52%20%E9%87%91%E5%AD%90%E3%83%93%E3%83%AB%203F,2023,焼き鳥 EAST,yakitori_east,発表日：2023年7月18日
鳥よし 銀座店,東京都中央区銀座7-2 銀座コリドー 街 1F,食べログ 焼き鳥 EAST 百名店 2023,https://tabelog.com/tokyo/A1301/A130101/13016582/,https://www.google.com/maps/search/?api=1&query=%E9%B3%A5%E3%82%88%E3%81%97%20%E9%8A%80%E5%BA%A7%E5%BA%97%20%E6%9D%B1%E4%BA%AC%E9%83%BD%E4%B8%AD%E5%A4%AE%E5%8C%BA%E9%8A%80%E5%BA%A77-2%20%E9%8A%80%E5%BA%A7%E3%82%B3%E3%83%AA%E3%83%89%E3%83%BC%20%E8%A1%97%201F,2023,焼き鳥 EAST,yakitori_east,発表日：2023年7月18日
焼鳥どろまみれ 四谷本店,東京都新宿区荒木町20 ヤカタビル ２Ｆ,食べログ 焼き鳥 EAST 百名店 2023,https://tabelog.com/tokyo/A1309/A130903/13116757/,https://www.google.com/maps/search/?api=1&query=%E7%84%BC%E9%B3%A5%E3%81%A9%E3%82%8D%E3%81%BE%E3%81%BF%E3%82%8C%20%E5%9B%9B%E8%B0%B7%E6%9C%AC%E5%BA%97%20%E6%9D%B1%E4%BA%AC%E9%83%BD%E6%96%B0%E5%AE%BF%E5%8C%BA%E8%8D%92%E6%9C%A8%E7%94%BA20%20%E3%83%A4%E3%82%AB%E3%82%BF%E3%83%93%E3%83%AB%20%EF%BC%92%EF%BC%A6,2023,焼き鳥 EAST,yakitori_east,発表日：2023年7月18日
銀座バードランド,東京都中央区銀座4-2-15 塚本素山ビル　Ｂ１Ｆ,食べログ 焼き鳥 EAST 百名店 2023,https://tabelog.com/tokyo/A1301/A130101/13004097/,https://www.google.com/maps/search/?api=1&query=%E9%8A%80%E5%BA%A7%E3%83%90%E3%83%BC%E3%83%89%E3%83%A9%E3%83%B3%E3%83%89%20%E6%9D%B1%E4%BA%AC%E9%83%BD%E4%B8%AD%E5%A4%AE%E5%8C%BA%E9%8A%80%E5%BA%A74-2-15%20%E5%A1%9A%E6%9C%AC%E7%B4%A0%E5%B1%B1%E3%83%93%E3%83%AB%E3%80%80%EF%BC%A2%EF%BC%91%EF%BC%A6,2023,焼き鳥 EAST,yakitori_east,発表日：2023年7月18日
とり澤,東京都目黒区上目黒1-5-13 メゾン中目黒 1F,食べログ 焼き鳥 EAST 百名店 2023,https://tabelog.com/tokyo/A1317/A131701/13248473/,https://www.google.com/maps/search/?api=1&query=%E3%81%A8%E3%82%8A%E6%BE%A4%20%E6%9D%B1%E4%BA%AC%E9%83%BD%E7%9B%AE%E9%BB%92%E5%8C%BA%E4%B8%8A%E7%9B%AE%E9%BB%921-5-13%20%E3%83%A1%E3%82%BE%E3%83%B3%E4%B8%AD%E7%9B%AE%E9%BB%92%201F,2023,焼き鳥 EAST,yakitori_east,発表日：2023年7月18日
鳥さわ22,東京都港区西麻布4-18-17,食べログ 焼き鳥 EAST 百名店 2023,https://tabelog.com/tokyo/A1307/A130703/13222625/,https://www.google.com/maps/search/?api=1&query=%E9%B3%A5%E3%81%95%E3%82%8F22%20%E6%9D%B1%E4%BA%AC%E9%83%BD%E6%B8%AF%E5%8C%BA%E8%A5%BF%E9%BA%BB%E5%B8%834-18-17,2023,焼き鳥 EAST,yakitori_east,発表日：2023年7月18日
世良田,東京都港区麻布十番1-7-7 はせべやビル 5F,食べログ 焼き鳥 EAST 百名店 2023,https://tabelog.com/tokyo/A1307/A130702/13012994/,https://www.google.com/maps/search/?api=1&query=%E4%B8%96%E8%89%AF%E7%94%B0%20%E6%9D%B1%E4%BA%AC%E9%83%BD%E6%B8%AF%E5%8C%BA%E9%BA%BB%E5%B8%83%E5%8D%81%E7%95%AA1-7-7%20%E3%81%AF%E3%81%9B%E3%81%B9%E3%82%84%E3%83%93%E3%83%AB%205F,2023,焼き鳥 EAST,yakitori_east,発表日：2023年7月18日
焼鳥今井,東京都渋谷区神宮前3-42-11 ローザビアンカ 1F,食べログ 焼き鳥 EAST 百名店 2023,https://tabelog.com/tokyo/A1306/A130603/13025995/,https://www.google.com/maps/search/?api=1&query=%E7%84%BC%E9%B3%A5%E4%BB%8A%E4%BA%95%20%E6%9D%B1%E4%BA%AC%E9%83%BD%E6%B8%8B%E8%B0%B7%E5%8C%BA%E7%A5%9E%E5%AE%AE%E5%89%8D3-42-11%20%E3%83%AD%E3%83%BC%E3%82%B6%E3%83%93%E3%82%A2%E3%83%B3%E3%82%AB%201F,2023,焼き鳥 EAST,yakitori_east,発表日：2023年7月18日
焼鳥 おみ乃,東京都墨田区押上1-38-4 清流ビル１Ｆ,食べログ 焼き鳥 EAST 百名店 2023,https://tabelog.com/tokyo/A1312/A131203/13206654/,https://www.google.com/maps/search/?api=1&query=%E7%84%BC%E9%B3%A5%20%E3%81%8A%E3%81%BF%E4%B9%83%20%E6%9D%B1%E4%BA%AC%E9%83%BD%E5%A2%A8%E7%94%B0%E5%8C%BA%E6%8A%BC%E4%B8%8A1-38-4%20%E6%B8%85%E6%B5%81%E3%83%93%E3%83%AB%EF%BC%91%EF%BC%A6,2023,焼き鳥 EAST,yakitori_east,発表日：2023年7月18日
おみ乃 神谷町,東京都港区虎ノ門3-17-1 TOKYU REIT虎ノ門ﾋﾞﾙ 104,食べログ 焼き鳥 EAST 百名店 2023,https://tabelog.com/tokyo/A1307/A130704/13255846/,https://www.google.com/maps/search/?api=1&query=%E3%81%8A%E3%81%BF%E4%B9%83%20%E7%A5%9E%E8%B0%B7%E7%94%BA%20%E6%9D%B1%E4%BA%AC%E9%83%BD%E6%B8%AF%E5%8C%BA%E8%99%8E%E3%83%8E%E9%96%803-17-1%20TOKYU%20REIT%E8%99%8E%E3%83%8E%E9%96%80%EF%BE%8B%EF%BE%9E%EF%BE%99%20104,2023,焼き鳥 EAST,yakitori_east,発表日：2023年7月18日
鳥はな,東京都新宿区新宿5丁目18-18,食べログ 焼き鳥 EAST 百名店 2023,https://tabelog.com/tokyo/A1304/A130401/13058653/,https://www.google.com/maps/search/?api=1&query=%E9%B3%A5%E3%81%AF%E3%81%AA%20%E6%9D%B1%E4%BA%AC%E9%83%BD%E6%96%B0%E5%AE%BF%E5%8C%BA%E6%96%B0%E5%AE%BF5%E4%B8%81%E7%9B%AE18-18,2023,焼き鳥 EAST,yakitori_east,発表日：2023年7月18日
三酉屋,神奈川県横浜市南区弘明寺町267-3 弘明寺第2ビル B1F,食べログ 焼き鳥 EAST 百名店 2023,https://tabelog.com/kanagawa/A1401/A140306/14078769/,https://www.google.com/maps/search/?api=1&query=%E4%B8%89%E9%85%89%E5%B1%8B%20%E7%A5%9E%E5%A5%88%E5%B7%9D%E7%9C%8C%E6%A8%AA%E6%B5%9C%E5%B8%82%E5%8D%97%E5%8C%BA%E5%BC%98%E6%98%8E%E5%AF%BA%E7%94%BA267-3%20%E5%BC%98%E6%98%8E%E5%AF%BA%E7%AC%AC2%E3%83%93%E3%83%AB%20B1F,2023,焼き鳥 EAST,yakitori_east,発表日：2023年7月18日
門司港,埼玉県さいたま市北区土呂町1-5-7 ペノーネ土呂,食べログ 焼き鳥 EAST 百名店 2023,https://tabelog.com/saitama/A1101/A110103/11038935/,https://www.google.com/maps/search/?api=1&query=%E9%96%80%E5%8F%B8%E6%B8%AF%20%E5%9F%BC%E7%8E%89%E7%9C%8C%E3%81%95%E3%81%84%E3%81%9F%E3%81%BE%E5%B8%82%E5%8C%97%E5%8C%BA%E5%9C%9F%E5%91%82%E7%94%BA1-5-7%20%E3%83%9A%E3%83%8E%E3%83%BC%E3%83%8D%E5%9C%9F%E5%91%82,2023,焼き鳥 EAST,yakitori_east,発表日：2023年7月18日
焼鳥 ひら野,東京都中央区銀座8-12-15 全国燃料会館 1F,食べログ 焼き鳥 EAST 百名店 2023,https://tabelog.com/tokyo/A1301/A130103/13267696/,https://www.google.com/maps/search/?api=1&query=%E7%84%BC%E9%B3%A5%20%E3%81%B2%E3%82%89%E9%87%8E%20%E6%9D%B1%E4%BA%AC%E9%83%BD%E4%B8%AD%E5%A4%AE%E5%8C%BA%E9%8A%80%E5%BA%A78-12-15%20%E5%85%A8%E5%9B%BD%E7%87%83%E6%96%99%E4%BC%9A%E9%A4%A8%201F,2023,焼き鳥 EAST,yakitori_east,発表日：2023年7月18日
伸喜,神奈川県横浜市中区野毛町2-80,食べログ 焼き鳥 EAST 百名店 2023,https://tabelog.com/kanagawa/A1401/A140102/14000552/,https://www.google.com/maps/search/?api=1&query=%E4%BC%B8%E5%96%9C%20%E7%A5%9E%E5%A5%88%E5%B7%9D%E7%9C%8C%E6%A8%AA%E6%B5%9C%E5%B8%82%E4%B8%AD%E5%8C%BA%E9%87%8E%E6%AF%9B%E7%94%BA2-80,2023,焼き鳥 EAST,yakitori_east,発表日：2023年7月18日
焼鳥　瀬尾,東京都千代田区丸の内1-9-1 東京ステーションホテル B1F,食べログ 焼き鳥 EAST 百名店 2023,https://tabelog.com/tokyo/A1302/A130201/13147468/,https://www.google.com/maps/search/?api=1&query=%E7%84%BC%E9%B3%A5%E3%80%80%E7%80%AC%E5%B0%BE%20%E6%9D%B1%E4%BA%AC%E9%83%BD%E5%8D%83%E4%BB%A3%E7%94%B0%E5%8C%BA%E4%B8%B8%E3%81%AE%E5%86%851-9-1%20%E6%9D%B1%E4%BA%AC%E3%82%B9%E3%83%86%E3%83%BC%E3%82%B7%E3%83%A7%E3%83%B3%E3%83%9B%E3%83%86%E3%83%AB%20B1F,2023,焼き鳥 EAST,yakitori_east,発表日：2023年7月18日
鳥焼 笹や,東京都目黒区目黒1-24-6 室井ビル 1F,食べログ 焼き鳥 EAST 百名店 2023,https://tabelog.com/tokyo/A1316/A131601/13045529/,https://www.google.com/maps/search/?api=1&query=%E9%B3%A5%E7%84%BC%20%E7%AC%B9%E3%82%84%20%E6%9D%B1%E4%BA%AC%E9%83%BD%E7%9B%AE%E9%BB%92%E5%8C%BA%E7%9B%AE%E9%BB%921-24-6%20%E5%AE%A4%E4%BA%95%E3%83%93%E3%83%AB%201F,2023,焼き鳥 EAST,yakitori_east,発表日：2023年7月18日
鳥恵 上野広小路店,東京都文京区湯島3-40-8 栗田ビル 1F,食べログ 焼き鳥 EAST 百名店 2023,https://tabelog.com/tokyo/A1311/A131101/13128870/,https://www.google.com/maps/search/?api=1&query=%E9%B3%A5%E6%81%B5%20%E4%B8%8A%E9%87%8E%E5%BA%83%E5%B0%8F%E8%B7%AF%E5%BA%97%20%E6%9D%B1%E4%BA%AC%E9%83%BD%E6%96%87%E4%BA%AC%E5%8C%BA%E6%B9%AF%E5%B3%B63-40-8%20%E6%A0%97%E7%94%B0%E3%83%93%E3%83%AB%201F,2023,焼き鳥 EAST,yakitori_east,発表日：2023年7月18日
やきとりshira,東京都世田谷区梅丘1-22-1 y'sステート B1F,食べログ 焼き鳥 EAST 百名店 2023,https://tabelog.com/tokyo/A1318/A131812/13193012/,https://www.google.com/maps/search/?api=1&query=%E3%82%84%E3%81%8D%E3%81%A8%E3%82%8Ashira%20%E6%9D%B1%E4%BA%AC%E9%83%BD%E4%B8%96%E7%94%B0%E8%B0%B7%E5%8C%BA%E6%A2%85%E4%B8%981-22-1%20y%27s%E3%82%B9%E3%83%86%E3%83%BC%E3%83%88%20B1F,2023,焼き鳥 EAST,yakitori_east,発表日：2023年7月18日
花見川 大富,千葉県千葉市花見川区幕張本郷1-10-8 サントルビレッジ 1A,食べログ 焼き鳥 EAST 百名店 2023,https://tabelog.com/chiba/A1201/A120102/12052353/,https://www.google.com/maps/search/?api=1&query=%E8%8A%B1%E8%A6%8B%E5%B7%9D%20%E5%A4%A7%E5%AF%8C%20%E5%8D%83%E8%91%89%E7%9C%8C%E5%8D%83%E8%91%89%E5%B8%82%E8%8A%B1%E8%A6%8B%E5%B7%9D%E5%8C%BA%E5%B9%95%E5%BC%B5%E6%9C%AC%E9%83%B71-10-8%20%E3%82%B5%E3%83%B3%E3%83%88%E3%83%AB%E3%83%93%E3%83%AC%E3%83%83%E3%82%B8%201A,2023,焼き鳥 EAST,yakitori_east,発表日：2023年7月18日
焼鳥 はちまん,東京都新宿区西早稲田3-1-1 八幡鮨　Ｂ１Ｆ,食べログ 焼き鳥 EAST 百名店 2023,https://tabelog.com/tokyo/A1305/A130504/13000055/,https://www.google.com/maps/search/?api=1&query=%E7%84%BC%E9%B3%A5%20%E3%81%AF%E3%81%A1%E3%81%BE%E3%82%93%20%E6%9D%B1%E4%BA%AC%E9%83%BD%E6%96%B0%E5%AE%BF%E5%8C%BA%E8%A5%BF%E6%97%A9%E7%A8%B2%E7%94%B03-1-1%20%E5%85%AB%E5%B9%A1%E9%AE%A8%E3%80%80%EF%BC%A2%EF%BC%91%EF%BC%A6,2023,焼き鳥 EAST,yakitori_east,発表日：2023年7月18日
焼鳥 おがわ,東京都新宿区荒木町9-1 ウインド荒木町 1F,食べログ 焼き鳥 EAST 百名店 2023,https://tabelog.com/tokyo/A1309/A130903/13158357/,https://www.google.com/maps/search/?api=1&query=%E7%84%BC%E9%B3%A5%20%E3%81%8A%E3%81%8C%E3%82%8F%20%E6%9D%B1%E4%BA%AC%E9%83%BD%E6%96%B0%E5%AE%BF%E5%8C%BA%E8%8D%92%E6%9C%A8%E7%94%BA9-1%20%E3%82%A6%E3%82%A4%E3%83%B3%E3%83%89%E8%8D%92%E6%9C%A8%E7%94%BA%201F,2023,焼き鳥 EAST,yakitori_east,発表日：2023年7月18日
根津 焼鳥 照隅,東京都文京区根津1-1-21,食べログ 焼き鳥 EAST 百名店 2023,https://tabelog.com/tokyo/A1311/A131106/13182104/,https://www.google.com/maps/search/?api=1&query=%E6%A0%B9%E6%B4%A5%20%E7%84%BC%E9%B3%A5%20%E7%85%A7%E9%9A%85%20%E6%9D%B1%E4%BA%AC%E9%83%BD%E6%96%87%E4%BA%AC%E5%8C%BA%E6%A0%B9%E6%B4%A51-1-21,2023,焼き鳥 EAST,yakitori_east,発表日：2023年7月18日
鳥よし 中目黒本店,東京都目黒区上目黒2-8-6 谷島ビル　１Ｆ,食べログ 焼き鳥 EAST 百名店 2023,https://tabelog.com/tokyo/A1317/A131701/13003200/,https://www.google.com/maps/search/?api=1&query=%E9%B3%A5%E3%82%88%E3%81%97%20%E4%B8%AD%E7%9B%AE%E9%BB%92%E6%9C%AC%E5%BA%97%20%E6%9D%B1%E4%BA%AC%E9%83%BD%E7%9B%AE%E9%BB%92%E5%8C%BA%E4%B8%8A%E7%9B%AE%E9%BB%922-8-6%20%E8%B0%B7%E5%B3%B6%E3%83%93%E3%83%AB%E3%80%80%EF%BC%91%EF%BC%A6,2023,焼き鳥 EAST,yakitori_east,発表日：2023年7月18日
阿佐ヶ谷バードランド,東京都杉並区阿佐谷南3-37-9 パールアサガヤ　１Ｆ,食べログ 焼き鳥 EAST 百名店 2023,https://tabelog.com/tokyo/A1319/A131905/13026225/,https://www.google.com/maps/search/?api=1&query=%E9%98%BF%E4%BD%90%E3%83%B6%E8%B0%B7%E3%83%90%E3%83%BC%E3%83%89%E3%83%A9%E3%83%B3%E3%83%89%20%E6%9D%B1%E4%BA%AC%E9%83%BD%E6%9D%89%E4%B8%A6%E5%8C%BA%E9%98%BF%E4%BD%90%E8%B0%B7%E5%8D%973-37-9%20%E3%83%91%E3%83%BC%E3%83%AB%E3%82%A2%E3%82%B5%E3%82%AC%E3%83%A4%E3%80%80%EF%BC%91%EF%BC%A6,2023,焼き鳥 EAST,yakitori_east,発表日：2023年7月18日
焼鳥 コの字,群馬県高崎市田町106-5,食べログ 焼き鳥 EAST 百名店 2023,https://tabelog.com/gunma/A1001/A100102/10014200/,https://www.google.com/maps/search/?api=1&query=%E7%84%BC%E9%B3%A5%20%E3%82%B3%E3%81%AE%E5%AD%97%20%E7%BE%A4%E9%A6%AC%E7%9C%8C%E9%AB%98%E5%B4%8E%E5%B8%82%E7%94%B0%E7%94%BA106-5,2023,焼き鳥 EAST,yakitori_east,発表日：2023年7月18日
南青山 七鳥目,東京都港区南青山7-13-13 フォレストビル B1F,食べログ 焼き鳥 EAST 百名店 2023,https://tabelog.com/tokyo/A1307/A130703/13200559/,https://www.google.com/maps/search/?api=1&query=%E5%8D%97%E9%9D%92%E5%B1%B1%20%E4%B8%83%E9%B3%A5%E7%9B%AE%20%E6%9D%B1%E4%BA%AC%E9%83%BD%E6%B8%AF%E5%8C%BA%E5%8D%97%E9%9D%92%E5%B1%B17-13-13%20%E3%83%95%E3%82%A9%E3%83%AC%E3%82%B9%E3%83%88%E3%83%93%E3%83%AB%20B1F,2023,焼き鳥 EAST,yakitori_east,発表日：2023年7月18日
鳥さわ 麻布十番,東京都港区麻布十番3-3-4 サンピア麻布十番 8F,食べログ 焼き鳥 EAST 百名店 2023,https://tabelog.com/tokyo/A1307/A130702/13234334/,https://www.google.com/maps/search/?api=1&query=%E9%B3%A5%E3%81%95%E3%82%8F%20%E9%BA%BB%E5%B8%83%E5%8D%81%E7%95%AA%20%E6%9D%B1%E4%BA%AC%E9%83%BD%E6%B8%AF%E5%8C%BA%E9%BA%BB%E5%B8%83%E5%8D%81%E7%95%AA3-3-4%20%E3%82%B5%E3%83%B3%E3%83%94%E3%82%A2%E9%BA%BB%E5%B8%83%E5%8D%81%E7%95%AA%208F,2023,焼き鳥 EAST,yakitori_east,発表日：2023年7月18日
伊勢廣 京橋本店,東京都中央区京橋1-4-9,食べログ 焼き鳥 EAST 百名店 2023,https://tabelog.com/tokyo/A1302/A130202/13251802/,https://www.google.com/maps/search/?api=1&query=%E4%BC%8A%E5%8B%A2%E5%BB%A3%20%E4%BA%AC%E6%A9%8B%E6%9C%AC%E5%BA%97%20%E6%9D%B1%E4%BA%AC%E9%83%BD%E4%B8%AD%E5%A4%AE%E5%8C%BA%E4%BA%AC%E6%A9%8B1-4-9,2023,焼き鳥 EAST,yakitori_east,発表日：2023年7月18日
串焼 大助,東京都港区芝大門2-1-4,食べログ 焼き鳥 EAST 百名店 2023,https://tabelog.com/tokyo/A1314/A131401/13116576/,https://www.google.com/maps/search/?api=1&query=%E4%B8%B2%E7%84%BC%20%E5%A4%A7%E5%8A%A9%20%E6%9D%B1%E4%BA%AC%E9%83%BD%E6%B8%AF%E5%8C%BA%E8%8A%9D%E5%A4%A7%E9%96%802-1-4,2023,焼き鳥 EAST,yakitori_east,発表日：2023年7月18日
鶏料理・焼きとり　纜,神奈川県横浜市神奈川区泉町3-7,食べログ 焼き鳥 EAST 百名店 2023,https://tabelog.com/kanagawa/A1401/A140205/14000610/,https://www.google.com/maps/search/?api=1&query=%E9%B6%8F%E6%96%99%E7%90%86%E3%83%BB%E7%84%BC%E3%81%8D%E3%81%A8%E3%82%8A%E3%80%80%E7%BA%9C%20%E7%A5%9E%E5%A5%88%E5%B7%9D%E7%9C%8C%E6%A8%AA%E6%B5%9C%E5%B8%82%E7%A5%9E%E5%A5%88%E5%B7%9D%E5%8C%BA%E6%B3%89%E7%94%BA3-7,2023,焼き鳥 EAST,yakitori_east,発表日：2023年7月18日
焼鳥 茜,東京都新宿区天神町68 滝沢ビル1F,食べログ 焼き鳥 EAST 百名店 2023,https://tabelog.com/tokyo/A1309/A130905/13196727/,https://www.google.com/maps/search/?api=1&query=%E7%84%BC%E9%B3%A5%20%E8%8C%9C%20%E6%9D%B1%E4%BA%AC%E9%83%BD%E6%96%B0%E5%AE%BF%E5%8C%BA%E5%A4%A9%E7%A5%9E%E7%94%BA68%20%E6%BB%9D%E6%B2%A2%E3%83%93%E3%83%AB1F,2023,焼き鳥 EAST,yakitori_east,発表日：2023年7月18日
とり喜,東京都墨田区錦糸1-8-13 小坂ビル1階,食べログ 焼き鳥 EAST 百名店 2023,https://tabelog.com/tokyo/A1312/A131201/13026017/,https://www.google.com/maps/search/?api=1&query=%E3%81%A8%E3%82%8A%E5%96%9C%20%E6%9D%B1%E4%BA%AC%E9%83%BD%E5%A2%A8%E7%94%B0%E5%8C%BA%E9%8C%A6%E7%B3%B81-8-13%20%E5%B0%8F%E5%9D%82%E3%83%93%E3%83%AB1%E9%9A%8E,2023,焼き鳥 EAST,yakitori_east,発表日：2023年7月18日
道しるべ,東京都新宿区歌舞伎町1-3-7,食べログ 焼き鳥 EAST 百名店 2023,https://tabelog.com/tokyo/A1304/A130401/13101685/,https://www.google.com/maps/search/?api=1&query=%E9%81%93%E3%81%97%E3%82%8B%E3%81%B9%20%E6%9D%B1%E4%BA%AC%E9%83%BD%E6%96%B0%E5%AE%BF%E5%8C%BA%E6%AD%8C%E8%88%9E%E4%BC%8E%E7%94%BA1-3-7,2023,焼き鳥 EAST,yakitori_east,発表日：2023年7月18日
バードコート,東京都足立区千住3-68 鹿明ビル 1F,食べログ 焼き鳥 EAST 百名店 2023,https://tabelog.com/tokyo/A1324/A132402/13003769/,https://www.google.com/maps/search/?api=1&query=%E3%83%90%E3%83%BC%E3%83%89%E3%82%B3%E3%83%BC%E3%83%88%20%E6%9D%B1%E4%BA%AC%E9%83%BD%E8%B6%B3%E7%AB%8B%E5%8C%BA%E5%8D%83%E4%BD%8F3-68%20%E9%B9%BF%E6%98%8E%E3%83%93%E3%83%AB%201F,2023,焼き鳥 EAST,yakitori_east,発表日：2023年7月18日
鳥さわ,東京都江東区亀戸2-24-13,食べログ 焼き鳥 EAST 百名店 2023,https://tabelog.com/tokyo/A1312/A131202/13135959/,https://www.google.com/maps/search/?api=1&query=%E9%B3%A5%E3%81%95%E3%82%8F%20%E6%9D%B1%E4%BA%AC%E9%83%BD%E6%B1%9F%E6%9D%B1%E5%8C%BA%E4%BA%80%E6%88%B82-24-13,2023,焼き鳥 EAST,yakitori_east,発表日：2023年7月18日
ヒヨク之トリ,東京都港区東麻布3-2-9,食べログ 焼き鳥 EAST 百名店 2023,https://tabelog.com/tokyo/A1307/A130702/13111237/,https://www.google.com/maps/search/?api=1&query=%E3%83%92%E3%83%A8%E3%82%AF%E4%B9%8B%E3%83%88%E3%83%AA%20%E6%9D%B1%E4%BA%AC%E9%83%BD%E6%B8%AF%E5%8C%BA%E6%9D%B1%E9%BA%BB%E5%B8%833-2-9,2023,焼き鳥 EAST,yakitori_east,発表日：2023年7月18日
おが和,東京都中央区日本橋人形町3-11-2,食べログ 焼き鳥 EAST 百名店 2023,https://tabelog.com/tokyo/A1302/A130204/13063782/,https://www.google.com/maps/search/?api=1&query=%E3%81%8A%E3%81%8C%E5%92%8C%20%E6%9D%B1%E4%BA%AC%E9%83%BD%E4%B8%AD%E5%A4%AE%E5%8C%BA%E6%97%A5%E6%9C%AC%E6%A9%8B%E4%BA%BA%E5%BD%A2%E7%94%BA3-11-2,2023,焼き鳥 EAST,yakitori_east,発表日：2023年7月18日
マルチョー,千葉県柏市東上町2-3,食べログ 焼き鳥 EAST 百名店 2023,https://tabelog.com/chiba/A1203/A120301/12006353/,https://www.google.com/maps/search/?api=1&query=%E3%83%9E%E3%83%AB%E3%83%81%E3%83%A7%E3%83%BC%20%E5%8D%83%E8%91%89%E7%9C%8C%E6%9F%8F%E5%B8%82%E6%9D%B1%E4%B8%8A%E7%94%BA2-3,2023,焼き鳥 EAST,yakitori_east,発表日：2023年7月18日
里葉亭,神奈川県横浜市中区福富町仲通3-2,食べログ 焼き鳥 EAST 百名店 2023,https://tabelog.com/kanagawa/A1401/A140102/14001650/,https://www.google.com/maps/search/?api=1&query=%E9%87%8C%E8%91%89%E4%BA%AD%20%E7%A5%9E%E5%A5%88%E5%B7%9D%E7%9C%8C%E6%A8%AA%E6%B5%9C%E5%B8%82%E4%B8%AD%E5%8C%BA%E7%A6%8F%E5%AF%8C%E7%94%BA%E4%BB%B2%E9%80%9A3-2,2023,焼き鳥 EAST,yakitori_east,発表日：2023年7月18日
とり茶太郎,東京都渋谷区鶯谷町7-12 TAKビル 1F,食べログ 焼き鳥 EAST 百名店 2023,https://tabelog.com/tokyo/A1303/A130301/13157208/,https://www.google.com/maps/search/?api=1&query=%E3%81%A8%E3%82%8A%E8%8C%B6%E5%A4%AA%E9%83%8E%20%E6%9D%B1%E4%BA%AC%E9%83%BD%E6%B8%8B%E8%B0%B7%E5%8C%BA%E9%B6%AF%E8%B0%B7%E7%94%BA7-12%20TAK%E3%83%93%E3%83%AB%201F,2023,焼き鳥 EAST,yakitori_east,発表日：2023年7月18日
焼鳥 美鶏,神奈川県横浜市中区太田町2-30 田中ビル 2F,食べログ 焼き鳥 EAST 百名店 2023,https://tabelog.com/kanagawa/A1401/A140104/14064998/,https://www.google.com/maps/search/?api=1&query=%E7%84%BC%E9%B3%A5%20%E7%BE%8E%E9%B6%8F%20%E7%A5%9E%E5%A5%88%E5%B7%9D%E7%9C%8C%E6%A8%AA%E6%B5%9C%E5%B8%82%E4%B8%AD%E5%8C%BA%E5%A4%AA%E7%94%B0%E7%94%BA2-30%20%E7%94%B0%E4%B8%AD%E3%83%93%E3%83%AB%202F,2023,焼き鳥 EAST,yakitori_east,発表日：2023年7月18日
とりアロマ,東京都千代田区神田神保町2-12-3,食べログ 焼き鳥 EAST 百名店 2023,https://tabelog.com/tokyo/A1310/A131003/13280797/,https://www.google.com/maps/search/?api=1&query=%E3%81%A8%E3%82%8A%E3%82%A2%E3%83%AD%E3%83%9E%20%E6%9D%B1%E4%BA%AC%E9%83%BD%E5%8D%83%E4%BB%A3%E7%94%B0%E5%8C%BA%E7%A5%9E%E7%94%B0%E7%A5%9E%E4%BF%9D%E7%94%BA2-12-3,2023,焼き鳥 EAST,yakitori_east,発表日：2023年7月18日
オオクサ,東京都新宿区荒木町7-13 森戸ビル 1Ｆ,食べログ 焼き鳥 EAST 百名店 2023,https://tabelog.com/tokyo/A1309/A130903/13240980/,https://www.google.com/maps/search/?api=1&query=%E3%82%AA%E3%82%AA%E3%82%AF%E3%82%B5%20%E6%9D%B1%E4%BA%AC%E9%83%BD%E6%96%B0%E5%AE%BF%E5%8C%BA%E8%8D%92%E6%9C%A8%E7%94%BA7-13%20%E6%A3%AE%E6%88%B8%E3%83%93%E3%83%AB%201%EF%BC%A6,2023,焼き鳥 EAST,yakitori_east,発表日：2023年7月18日
焼鳥 みかど,東京都新宿区新宿3-31-1 大伸第2ビル 9F,食べログ 焼き鳥 EAST 百名店 2023,https://tabelog.com/tokyo/A1304/A130401/13254421/,https://www.google.com/maps/search/?api=1&query=%E7%84%BC%E9%B3%A5%20%E3%81%BF%E3%81%8B%E3%81%A9%20%E6%9D%B1%E4%BA%AC%E9%83%BD%E6%96%B0%E5%AE%BF%E5%8C%BA%E6%96%B0%E5%AE%BF3-31-1%20%E5%A4%A7%E4%BC%B8%E7%AC%AC2%E3%83%93%E3%83%AB%209F,2023,焼き鳥 EAST,yakitori_east,発表日：2023年7月18日
焼鳥 山もと,東京都武蔵野市中町1-19-8 シティハイツ武蔵野 B1F,食べログ 焼き鳥 EAST 百名店 2023,https://tabelog.com/tokyo/A1320/A132002/13187433/,https://www.google.com/maps/search/?api=1&query=%E7%84%BC%E9%B3%A5%20%E5%B1%B1%E3%82%82%E3%81%A8%20%E6%9D%B1%E4%BA%AC%E9%83%BD%E6%AD%A6%E8%94%B5%E9%87%8E%E5%B8%82%E4%B8%AD%E7%94%BA1-19-8%20%E3%82%B7%E3%83%86%E3%82%A3%E3%83%8F%E3%82%A4%E3%83%84%E6%AD%A6%E8%94%B5%E9%87%8E%20B1F,2023,焼き鳥 EAST,yakitori_east,発表日：2023年7月18日
BLESS,東京都江東区森下2-20-13,食べログ 焼き鳥 EAST 百名店 2023,https://tabelog.com/tokyo/A1312/A131201/13246437/,https://www.google.com/maps/search/?api=1&query=BLESS%20%E6%9D%B1%E4%BA%AC%E9%83%BD%E6%B1%9F%E6%9D%B1%E5%8C%BA%E6%A3%AE%E4%B8%8B2-20-13,2023,焼き鳥 EAST,yakitori_east,発表日：2023年7月18日
