Name,Address,Description,Website,Google Maps URL,Year,Genre,Genre Slug,Release Date
李園,神奈川県横浜市中区本郷町1-18,食べログ 中国料理 EAST 百名店 2021,https://tabelog.com/kanagawa/A1401/A140106/14000539/,https://www.google.com/maps/search/?api=1&query=%E6%9D%8E%E5%9C%92%20%E7%A5%9E%E5%A5%88%E5%B7%9D%E7%9C%8C%E6%A8%AA%E6%B5%9C%E5%B8%82%E4%B8%AD%E5%8C%BA%E6%9C%AC%E9%83%B7%E7%94%BA1-18,2021,中国料理 EAST,chinese_east,発表日：2021年4月27日
文菜華,千葉県柏市東上町2-2,食べログ 中国料理 EAST 百名店 2021,https://tabelog.com/chiba/A1203/A120301/12004381/,https://www.google.com/maps/search/?api=1&query=%E6%96%87%E8%8F%9C%E8%8F%AF%20%E5%8D%83%E8%91%89%E7%9C%8C%E6%9F%8F%E5%B8%82%E6%9D%B1%E4%B8%8A%E7%94%BA2-2,2021,中国料理 EAST,chinese_east,発表日：2021年4月27日
徳記,神奈川県横浜市中区山下町166,食べログ 中国料理 EAST 百名店 2021,https://tabelog.com/kanagawa/A1401/A140105/14006821/,https://www.google.com/maps/search/?api=1&query=%E5%BE%B3%E8%A8%98%20%E7%A5%9E%E5%A5%88%E5%B7%9D%E7%9C%8C%E6%A8%AA%E6%B5%9C%E5%B8%82%E4%B8%AD%E5%8C%BA%E5%B1%B1%E4%B8%8B%E7%94%BA166,2021,中国料理 EAST,chinese_east,発表日：2021年4月27日
景徳鎮,神奈川県横浜市中区山下町190,食べログ 中国料理 EAST 百名店 2021,https://tabelog.com/kanagawa/A1401/A140105/14000499/,https://www.google.com/maps/search/?api=1&query=%E6%99%AF%E5%BE%B3%E9%8E%AE%20%E7%A5%9E%E5%A5%88%E5%B7%9D%E7%9C%8C%E6%A8%AA%E6%B5%9C%E5%B8%82%E4%B8%AD%E5%8C%BA%E5%B1%B1%E4%B8%8B%E7%94%BA190,2021,中国料理 EAST,chinese_east,発表日：2021年4月27日
獅門酒楼,神奈川県横浜市中区山下町145,食べログ 中国料理 EAST 百名店 2021,https://tabelog.com/kanagawa/A1401/A140105/14007196/,https://www.google.com/maps/search/?api=1&query=%E7%8D%85%E9%96%80%E9%85%92%E6%A5%BC%20%E7%A5%9E%E5%A5%88%E5%B7%9D%E7%9C%8C%E6%A8%AA%E6%B5%9C%E5%B8%82%E4%B8%AD%E5%8C%BA%E5%B1%B1%E4%B8%8B%E7%94%BA145,2021,中国料理 EAST,chinese_east,発表日：2021年4月27日
酔來軒,神奈川県横浜市南区真金町1-1,食べログ 中国料理 EAST 百名店 2021,https://tabelog.com/kanagawa/A1401/A140306/14011823/,https://www.google.com/maps/search/?api=1&query=%E9%85%94%E4%BE%86%E8%BB%92%20%E7%A5%9E%E5%A5%88%E5%B7%9D%E7%9C%8C%E6%A8%AA%E6%B5%9C%E5%B8%82%E5%8D%97%E5%8C%BA%E7%9C%9F%E9%87%91%E7%94%BA1-1,2021,中国料理 EAST,chinese_east,発表日：2021年4月27日
中華菜館 同發 本館,神奈川県横浜市中区山下町148,食べログ 中国料理 EAST 百名店 2021,https://tabelog.com/kanagawa/A1401/A140105/14000152/,https://www.google.com/maps/search/?api=1&query=%E4%B8%AD%E8%8F%AF%E8%8F%9C%E9%A4%A8%20%E5%90%8C%E7%99%BC%20%E6%9C%AC%E9%A4%A8%20%E7%A5%9E%E5%A5%88%E5%B7%9D%E7%9C%8C%E6%A8%AA%E6%B5%9C%E5%B8%82%E4%B8%AD%E5%8C%BA%E5%B1%B1%E4%B8%8B%E7%94%BA148,2021,中国料理 EAST,chinese_east,発表日：2021年4月27日
華正樓 鎌倉店,神奈川県鎌倉市長谷3-1-14,食べログ 中国料理 EAST 百名店 2021,https://tabelog.com/kanagawa/A1404/A140402/14002761/,https://www.google.com/maps/search/?api=1&query=%E8%8F%AF%E6%AD%A3%E6%A8%93%20%E9%8E%8C%E5%80%89%E5%BA%97%20%E7%A5%9E%E5%A5%88%E5%B7%9D%E7%9C%8C%E9%8E%8C%E5%80%89%E5%B8%82%E9%95%B7%E8%B0%B73-1-14,2021,中国料理 EAST,chinese_east,発表日：2021年4月27日
招福門 横浜本店,神奈川県横浜市中区山下町81-3,食べログ 中国料理 EAST 百名店 2021,https://tabelog.com/kanagawa/A1401/A140105/14000514/,https://www.google.com/maps/search/?api=1&query=%E6%8B%9B%E7%A6%8F%E9%96%80%20%E6%A8%AA%E6%B5%9C%E6%9C%AC%E5%BA%97%20%E7%A5%9E%E5%A5%88%E5%B7%9D%E7%9C%8C%E6%A8%AA%E6%B5%9C%E5%B8%82%E4%B8%AD%E5%8C%BA%E5%B1%B1%E4%B8%8B%E7%94%BA81-3,2021,中国料理 EAST,chinese_east,発表日：2021年4月27日
中国料理 保昌,神奈川県横浜市中区山下町138,食べログ 中国料理 EAST 百名店 2021,https://tabelog.com/kanagawa/A1401/A140105/14000147/,https://www.google.com/maps/search/?api=1&query=%E4%B8%AD%E5%9B%BD%E6%96%99%E7%90%86%20%E4%BF%9D%E6%98%8C%20%E7%A5%9E%E5%A5%88%E5%B7%9D%E7%9C%8C%E6%A8%AA%E6%B5%9C%E5%B8%82%E4%B8%AD%E5%8C%BA%E5%B1%B1%E4%B8%8B%E7%94%BA138,2021,中国料理 EAST,chinese_east,発表日：2021年4月27日
中国家庭料理 神洲之華,神奈川県川崎市多摩区登戸新町421 登戸21ビル1F,食べログ 中国料理 EAST 百名店 2021,https://tabelog.com/kanagawa/A1405/A140506/14004715/,https://www.google.com/maps/search/?api=1&query=%E4%B8%AD%E5%9B%BD%E5%AE%B6%E5%BA%AD%E6%96%99%E7%90%86%20%E7%A5%9E%E6%B4%B2%E4%B9%8B%E8%8F%AF%20%E7%A5%9E%E5%A5%88%E5%B7%9D%E7%9C%8C%E5%B7%9D%E5%B4%8E%E5%B8%82%E5%A4%9A%E6%91%A9%E5%8C%BA%E7%99%BB%E6%88%B8%E6%96%B0%E7%94%BA421%20%E7%99%BB%E6%88%B821%E3%83%93%E3%83%AB1F,2021,中国料理 EAST,chinese_east,発表日：2021年4月27日
鵬天閣 新館,神奈川県横浜市中区山下町192-15,食べログ 中国料理 EAST 百名店 2021,https://tabelog.com/kanagawa/A1401/A140105/14040668/,https://www.google.com/maps/search/?api=1&query=%E9%B5%AC%E5%A4%A9%E9%96%A3%20%E6%96%B0%E9%A4%A8%20%E7%A5%9E%E5%A5%88%E5%B7%9D%E7%9C%8C%E6%A8%AA%E6%B5%9C%E5%B8%82%E4%B8%AD%E5%8C%BA%E5%B1%B1%E4%B8%8B%E7%94%BA192-15,2021,中国料理 EAST,chinese_east,発表日：2021年4月27日
横浜中華街 中國上海料理 四五六菜館 本館,神奈川県横浜市中区山下町190,食べログ 中国料理 EAST 百名店 2021,https://tabelog.com/kanagawa/A1401/A140105/14003056/,https://www.google.com/maps/search/?api=1&query=%E6%A8%AA%E6%B5%9C%E4%B8%AD%E8%8F%AF%E8%A1%97%20%E4%B8%AD%E5%9C%8B%E4%B8%8A%E6%B5%B7%E6%96%99%E7%90%86%20%E5%9B%9B%E4%BA%94%E5%85%AD%E8%8F%9C%E9%A4%A8%20%E6%9C%AC%E9%A4%A8%20%E7%A5%9E%E5%A5%88%E5%B7%9D%E7%9C%8C%E6%A8%AA%E6%B5%9C%E5%B8%82%E4%B8%AD%E5%8C%BA%E5%B1%B1%E4%B8%8B%E7%94%BA190,2021,中国料理 EAST,chinese_east,発表日：2021年4月27日
萬珍樓 本店,神奈川県横浜市中区山下町153,食べログ 中国料理 EAST 百名店 2021,https://tabelog.com/kanagawa/A1401/A140105/14000144/,https://www.google.com/maps/search/?api=1&query=%E8%90%AC%E7%8F%8D%E6%A8%93%20%E6%9C%AC%E5%BA%97%20%E7%A5%9E%E5%A5%88%E5%B7%9D%E7%9C%8C%E6%A8%AA%E6%B5%9C%E5%B8%82%E4%B8%AD%E5%8C%BA%E5%B1%B1%E4%B8%8B%E7%94%BA153,2021,中国料理 EAST,chinese_east,発表日：2021年4月27日
中国料理 一楽,神奈川県横浜市中区山下町150,食べログ 中国料理 EAST 百名店 2021,https://tabelog.com/kanagawa/A1401/A140105/14000485/,https://www.google.com/maps/search/?api=1&query=%E4%B8%AD%E5%9B%BD%E6%96%99%E7%90%86%20%E4%B8%80%E6%A5%BD%20%E7%A5%9E%E5%A5%88%E5%B7%9D%E7%9C%8C%E6%A8%AA%E6%B5%9C%E5%B8%82%E4%B8%AD%E5%8C%BA%E5%B1%B1%E4%B8%8B%E7%94%BA150,2021,中国料理 EAST,chinese_east,発表日：2021年4月27日
陳建一 麻婆豆腐店 みなとみらい店,神奈川県横浜市西区みなとみらい2-2-1 ランドマークプラザ 1F,食べログ 中国料理 EAST 百名店 2021,https://tabelog.com/kanagawa/A1401/A140103/14010899/,https://www.google.com/maps/search/?api=1&query=%E9%99%B3%E5%BB%BA%E4%B8%80%20%E9%BA%BB%E5%A9%86%E8%B1%86%E8%85%90%E5%BA%97%20%E3%81%BF%E3%81%AA%E3%81%A8%E3%81%BF%E3%82%89%E3%81%84%E5%BA%97%20%E7%A5%9E%E5%A5%88%E5%B7%9D%E7%9C%8C%E6%A8%AA%E6%B5%9C%E5%B8%82%E8%A5%BF%E5%8C%BA%E3%81%BF%E3%81%AA%E3%81%A8%E3%81%BF%E3%82%89%E3%81%842-2-1%20%E3%83%A9%E3%83%B3%E3%83%89%E3%83%9E%E3%83%BC%E3%82%AF%E3%83%97%E3%83%A9%E3%82%B6%201F,2021,中国料理 EAST,chinese_east,発表日：2021年4月27日
中華料理 成喜,神奈川県川崎市川崎区小川町2-11,食べログ 中国料理 EAST 百名店 2021,https://tabelog.com/kanagawa/A1405/A140501/14001910/,https://www.google.com/maps/search/?api=1&query=%E4%B8%AD%E8%8F%AF%E6%96%99%E7%90%86%20%E6%88%90%E5%96%9C%20%E7%A5%9E%E5%A5%88%E5%B7%9D%E7%9C%8C%E5%B7%9D%E5%B4%8E%E5%B8%82%E5%B7%9D%E5%B4%8E%E5%8C%BA%E5%B0%8F%E5%B7%9D%E7%94%BA2-11,2021,中国料理 EAST,chinese_east,発表日：2021年4月27日
中国料理 彩龍 (横浜ベイシェラトン ホテル&タワーズ),神奈川県横浜市西区北幸1-3-23 横浜ベイシェラトン ホテル＆タワーズ 3F,食べログ 中国料理 EAST 百名店 2021,https://tabelog.com/kanagawa/A1401/A140101/14001312/,https://www.google.com/maps/search/?api=1&query=%E4%B8%AD%E5%9B%BD%E6%96%99%E7%90%86%20%E5%BD%A9%E9%BE%8D%20%28%E6%A8%AA%E6%B5%9C%E3%83%99%E3%82%A4%E3%82%B7%E3%82%A7%E3%83%A9%E3%83%88%E3%83%B3%20%E3%83%9B%E3%83%86%E3%83%AB%26%E3%82%BF%E3%83%AF%E3%83%BC%E3%82%BA%29%20%E7%A5%9E%E5%A5%88%E5%B7%9D%E7%9C%8C%E6%A8%AA%E6%B5%9C%E5%B8%82%E8%A5%BF%E5%8C%BA%E5%8C%97%E5%B9%B81-3-23%20%E6%A8%AA%E6%B5%9C%E3%83%99%E3%82%A4%E3%82%B7%E3%82%A7%E3%83%A9%E3%83%88%E3%83%B3%20%E3%83%9B%E3%83%86%E3%83%AB%EF%BC%86%E3%82%BF%E3%83%AF%E3%83%BC%E3%82%BA%203F,2021,中国料理 EAST,chinese_east,発表日：2021年4月27日
萬珍樓點心舗,神奈川県横浜市中区山下町156,食べログ 中国料理 EAST 百名店 2021,https://tabelog.com/kanagawa/A1401/A140105/14000128/,https://www.google.com/maps/search/?api=1&query=%E8%90%AC%E7%8F%8D%E6%A8%93%E9%BB%9E%E5%BF%83%E8%88%97%20%E7%A5%9E%E5%A5%88%E5%B7%9D%E7%9C%8C%E6%A8%AA%E6%B5%9C%E5%B8%82%E4%B8%AD%E5%8C%BA%E5%B1%B1%E4%B8%8B%E7%94%BA156,2021,中国料理 EAST,chinese_east,発表日：2021年4月27日
広東料理 吉兆,神奈川県横浜市中区山下町164,食べログ 中国料理 EAST 百名店 2021,https://tabelog.com/kanagawa/A1401/A140105/14005832/,https://www.google.com/maps/search/?api=1&query=%E5%BA%83%E6%9D%B1%E6%96%99%E7%90%86%20%E5%90%89%E5%85%86%20%E7%A5%9E%E5%A5%88%E5%B7%9D%E7%9C%8C%E6%A8%AA%E6%B5%9C%E5%B8%82%E4%B8%AD%E5%8C%BA%E5%B1%B1%E4%B8%8B%E7%94%BA164,2021,中国料理 EAST,chinese_east,発表日：2021年4月27日
安記,神奈川県横浜市中区山下町147,食べログ 中国料理 EAST 百名店 2021,https://tabelog.com/kanagawa/A1401/A140105/14000104/,https://www.google.com/maps/search/?api=1&query=%E5%AE%89%E8%A8%98%20%E7%A5%9E%E5%A5%88%E5%B7%9D%E7%9C%8C%E6%A8%AA%E6%B5%9C%E5%B8%82%E4%B8%AD%E5%8C%BA%E5%B1%B1%E4%B8%8B%E7%94%BA147,2021,中国料理 EAST,chinese_east,発表日：2021年4月27日
中国四川酒家 蔓山,千葉県千葉市花見川区幕張本郷6-25-4 マリオット本郷 1F,食べログ 中国料理 EAST 百名店 2021,https://tabelog.com/chiba/A1201/A120102/12020350/,https://www.google.com/maps/search/?api=1&query=%E4%B8%AD%E5%9B%BD%E5%9B%9B%E5%B7%9D%E9%85%92%E5%AE%B6%20%E8%94%93%E5%B1%B1%20%E5%8D%83%E8%91%89%E7%9C%8C%E5%8D%83%E8%91%89%E5%B8%82%E8%8A%B1%E8%A6%8B%E5%B7%9D%E5%8C%BA%E5%B9%95%E5%BC%B5%E6%9C%AC%E9%83%B76-25-4%20%E3%83%9E%E3%83%AA%E3%82%AA%E3%83%83%E3%83%88%E6%9C%AC%E9%83%B7%201F,2021,中国料理 EAST,chinese_east,発表日：2021年4月27日
松の樹,神奈川県川崎市川崎区宮本町6-11,食べログ 中国料理 EAST 百名店 2021,https://tabelog.com/kanagawa/A1405/A140501/14001739/,https://www.google.com/maps/search/?api=1&query=%E6%9D%BE%E3%81%AE%E6%A8%B9%20%E7%A5%9E%E5%A5%88%E5%B7%9D%E7%9C%8C%E5%B7%9D%E5%B4%8E%E5%B8%82%E5%B7%9D%E5%B4%8E%E5%8C%BA%E5%AE%AE%E6%9C%AC%E7%94%BA6-11,2021,中国料理 EAST,chinese_east,発表日：2021年4月27日
海員閣,神奈川県横浜市中区山下町147,食べログ 中国料理 EAST 百名店 2021,https://tabelog.com/kanagawa/A1401/A140105/14000137/,https://www.google.com/maps/search/?api=1&query=%E6%B5%B7%E5%93%A1%E9%96%A3%20%E7%A5%9E%E5%A5%88%E5%B7%9D%E7%9C%8C%E6%A8%AA%E6%B5%9C%E5%B8%82%E4%B8%AD%E5%8C%BA%E5%B1%B1%E4%B8%8B%E7%94%BA147,2021,中国料理 EAST,chinese_east,発表日：2021年4月27日
萬来亭,神奈川県横浜市中区山下町126,食べログ 中国料理 EAST 百名店 2021,https://tabelog.com/kanagawa/A1401/A140105/14000669/,https://www.google.com/maps/search/?api=1&query=%E8%90%AC%E6%9D%A5%E4%BA%AD%20%E7%A5%9E%E5%A5%88%E5%B7%9D%E7%9C%8C%E6%A8%AA%E6%B5%9C%E5%B8%82%E4%B8%AD%E5%8C%BA%E5%B1%B1%E4%B8%8B%E7%94%BA126,2021,中国料理 EAST,chinese_east,発表日：2021年4月27日
三和楼,神奈川県横浜市中区山下町190,食べログ 中国料理 EAST 百名店 2021,https://tabelog.com/kanagawa/A1401/A140105/14000500/,https://www.google.com/maps/search/?api=1&query=%E4%B8%89%E5%92%8C%E6%A5%BC%20%E7%A5%9E%E5%A5%88%E5%B7%9D%E7%9C%8C%E6%A8%AA%E6%B5%9C%E5%B8%82%E4%B8%AD%E5%8C%BA%E5%B1%B1%E4%B8%8B%E7%94%BA190,2021,中国料理 EAST,chinese_east,発表日：2021年4月27日
中国料理 三鶴,神奈川県川崎市川崎区小川町16-10,食べログ 中国料理 EAST 百名店 2021,https://tabelog.com/kanagawa/A1405/A140501/14016280/,https://www.google.com/maps/search/?api=1&query=%E4%B8%AD%E5%9B%BD%E6%96%99%E7%90%86%20%E4%B8%89%E9%B6%B4%20%E7%A5%9E%E5%A5%88%E5%B7%9D%E7%9C%8C%E5%B7%9D%E5%B4%8E%E5%B8%82%E5%B7%9D%E5%B4%8E%E5%8C%BA%E5%B0%8F%E5%B7%9D%E7%94%BA16-10,2021,中国料理 EAST,chinese_east,発表日：2021年4月27日
謝甜記,神奈川県横浜市中区山下町165,食べログ 中国料理 EAST 百名店 2021,https://tabelog.com/kanagawa/A1401/A140105/14000101/,https://www.google.com/maps/search/?api=1&query=%E8%AC%9D%E7%94%9C%E8%A8%98%20%E7%A5%9E%E5%A5%88%E5%B7%9D%E7%9C%8C%E6%A8%AA%E6%B5%9C%E5%B8%82%E4%B8%AD%E5%8C%BA%E5%B1%B1%E4%B8%8B%E7%94%BA165,2021,中国料理 EAST,chinese_east,発表日：2021年4月27日
中華園,栃木県宇都宮市泉町2-12,食べログ 中国料理 EAST 百名店 2021,https://tabelog.com/tochigi/A0901/A090101/9000148/,https://www.google.com/maps/search/?api=1&query=%E4%B8%AD%E8%8F%AF%E5%9C%92%20%E6%A0%83%E6%9C%A8%E7%9C%8C%E5%AE%87%E9%83%BD%E5%AE%AE%E5%B8%82%E6%B3%89%E7%94%BA2-12,2021,中国料理 EAST,chinese_east,発表日：2021年4月27日
楽園,神奈川県横浜市中区山下町154,食べログ 中国料理 EAST 百名店 2021,https://tabelog.com/kanagawa/A1401/A140105/14000487/,https://www.google.com/maps/search/?api=1&query=%E6%A5%BD%E5%9C%92%20%E7%A5%9E%E5%A5%88%E5%B7%9D%E7%9C%8C%E6%A8%AA%E6%B5%9C%E5%B8%82%E4%B8%AD%E5%8C%BA%E5%B1%B1%E4%B8%8B%E7%94%BA154,2021,中国料理 EAST,chinese_east,発表日：2021年4月27日
華隆餐館,神奈川県横浜市中区長者町5-71-1  エスポワール伊勢佐木長者町　１Ｆ,食べログ 中国料理 EAST 百名店 2021,https://tabelog.com/kanagawa/A1401/A140104/14005003/,https://www.google.com/maps/search/?api=1&query=%E8%8F%AF%E9%9A%86%E9%A4%90%E9%A4%A8%20%E7%A5%9E%E5%A5%88%E5%B7%9D%E7%9C%8C%E6%A8%AA%E6%B5%9C%E5%B8%82%E4%B8%AD%E5%8C%BA%E9%95%B7%E8%80%85%E7%94%BA5-71-1%20%20%E3%82%A8%E3%82%B9%E3%83%9D%E3%83%AF%E3%83%BC%E3%83%AB%E4%BC%8A%E5%8B%A2%E4%BD%90%E6%9C%A8%E9%95%B7%E8%80%85%E7%94%BA%E3%80%80%EF%BC%91%EF%BC%A6,2021,中国料理 EAST,chinese_east,発表日：2021年4月27日
馬さんの店 龍仙 本館,神奈川県横浜市中区山下町218-5,食べログ 中国料理 EAST 百名店 2021,https://tabelog.com/kanagawa/A1401/A140105/14000113/,https://www.google.com/maps/search/?api=1&query=%E9%A6%AC%E3%81%95%E3%82%93%E3%81%AE%E5%BA%97%20%E9%BE%8D%E4%BB%99%20%E6%9C%AC%E9%A4%A8%20%E7%A5%9E%E5%A5%88%E5%B7%9D%E7%9C%8C%E6%A8%AA%E6%B5%9C%E5%B8%82%E4%B8%AD%E5%8C%BA%E5%B1%B1%E4%B8%8B%E7%94%BA218-5,2021,中国料理 EAST,chinese_east,発表日：2021年4月27日
永吉,埼玉県川口市西川口1-5-5 MFハイツ 1F,食べログ 中国料理 EAST 百名店 2021,https://tabelog.com/saitama/A1102/A110201/11033146/,https://www.google.com/maps/search/?api=1&query=%E6%B0%B8%E5%90%89%20%E5%9F%BC%E7%8E%89%E7%9C%8C%E5%B7%9D%E5%8F%A3%E5%B8%82%E8%A5%BF%E5%B7%9D%E5%8F%A31-5-5%20MF%E3%83%8F%E3%82%A4%E3%83%84%201F,2021,中国料理 EAST,chinese_east,発表日：2021年4月27日
京華樓 本館,神奈川県横浜市中区山下町138,食べログ 中国料理 EAST 百名店 2021,https://tabelog.com/kanagawa/A1401/A140105/14001178/,https://www.google.com/maps/search/?api=1&query=%E4%BA%AC%E8%8F%AF%E6%A8%93%20%E6%9C%AC%E9%A4%A8%20%E7%A5%9E%E5%A5%88%E5%B7%9D%E7%9C%8C%E6%A8%AA%E6%B5%9C%E5%B8%82%E4%B8%AD%E5%8C%BA%E5%B1%B1%E4%B8%8B%E7%94%BA138,2021,中国料理 EAST,chinese_east,発表日：2021年4月27日
南粤美食,神奈川県横浜市中区山下町165-2 INビル,食べログ 中国料理 EAST 百名店 2021,https://tabelog.com/kanagawa/A1401/A140105/14064517/,https://www.google.com/maps/search/?api=1&query=%E5%8D%97%E7%B2%A4%E7%BE%8E%E9%A3%9F%20%E7%A5%9E%E5%A5%88%E5%B7%9D%E7%9C%8C%E6%A8%AA%E6%B5%9C%E5%B8%82%E4%B8%AD%E5%8C%BA%E5%B1%B1%E4%B8%8B%E7%94%BA165-2%20IN%E3%83%93%E3%83%AB,2021,中国料理 EAST,chinese_east,発表日：2021年4月27日
状元樓 横浜中華街本店,神奈川県横浜市中区山下町191,食べログ 中国料理 EAST 百名店 2021,https://tabelog.com/kanagawa/A1401/A140105/14000502/,https://www.google.com/maps/search/?api=1&query=%E7%8A%B6%E5%85%83%E6%A8%93%20%E6%A8%AA%E6%B5%9C%E4%B8%AD%E8%8F%AF%E8%A1%97%E6%9C%AC%E5%BA%97%20%E7%A5%9E%E5%A5%88%E5%B7%9D%E7%9C%8C%E6%A8%AA%E6%B5%9C%E5%B8%82%E4%B8%AD%E5%8C%BA%E5%B1%B1%E4%B8%8B%E7%94%BA191,2021,中国料理 EAST,chinese_east,発表日：2021年4月27日
龍味,神奈川県横浜市西区北幸1-1-8 エキニア横浜 B1F,食べログ 中国料理 EAST 百名店 2021,https://tabelog.com/kanagawa/A1401/A140101/14009251/,https://www.google.com/maps/search/?api=1&query=%E9%BE%8D%E5%91%B3%20%E7%A5%9E%E5%A5%88%E5%B7%9D%E7%9C%8C%E6%A8%AA%E6%B5%9C%E5%B8%82%E8%A5%BF%E5%8C%BA%E5%8C%97%E5%B9%B81-1-8%20%E3%82%A8%E3%82%AD%E3%83%8B%E3%82%A2%E6%A8%AA%E6%B5%9C%20B1F,2021,中国料理 EAST,chinese_east,発表日：2021年4月27日
翆陽 エクシブ箱根離宮,神奈川県足柄下郡箱根町宮ノ下112-2 エクシブ箱根離宮,食べログ 中国料理 EAST 百名店 2021,https://tabelog.com/kanagawa/A1410/A141001/14039889/,https://www.google.com/maps/search/?api=1&query=%E7%BF%86%E9%99%BD%20%E3%82%A8%E3%82%AF%E3%82%B7%E3%83%96%E7%AE%B1%E6%A0%B9%E9%9B%A2%E5%AE%AE%20%E7%A5%9E%E5%A5%88%E5%B7%9D%E7%9C%8C%E8%B6%B3%E6%9F%84%E4%B8%8B%E9%83%A1%E7%AE%B1%E6%A0%B9%E7%94%BA%E5%AE%AE%E3%83%8E%E4%B8%8B112-2%20%E3%82%A8%E3%82%AF%E3%82%B7%E3%83%96%E7%AE%B1%E6%A0%B9%E9%9B%A2%E5%AE%AE,2021,中国料理 EAST,chinese_east,発表日：2021年4月27日
シルクロードガーデン,千葉県浦安市舞浜1-13 東京ディズニー・シーホテルミラコスタ,食べログ 中国料理 EAST 百名店 2021,https://tabelog.com/chiba/A1202/A120203/12002798/,https://www.google.com/maps/search/?api=1&query=%E3%82%B7%E3%83%AB%E3%82%AF%E3%83%AD%E3%83%BC%E3%83%89%E3%82%AC%E3%83%BC%E3%83%87%E3%83%B3%20%E5%8D%83%E8%91%89%E7%9C%8C%E6%B5%A6%E5%AE%89%E5%B8%82%E8%88%9E%E6%B5%9C1-13%20%E6%9D%B1%E4%BA%AC%E3%83%87%E3%82%A3%E3%82%BA%E3%83%8B%E3%83%BC%E3%83%BB%E3%82%B7%E3%83%BC%E3%83%9B%E3%83%86%E3%83%AB%E3%83%9F%E3%83%A9%E3%82%B3%E3%82%B9%E3%82%BF,2021,中国料理 EAST,chinese_east,発表日：2021年4月27日
華正樓 キュービックプラザ新横浜店,神奈川県横浜市港北区新横浜2-100-45 キュービックプラザ新横浜 3F,食べログ 中国料理 EAST 百名店 2021,https://tabelog.com/kanagawa/A1401/A140206/14012625/,https://www.google.com/maps/search/?api=1&query=%E8%8F%AF%E6%AD%A3%E6%A8%93%20%E3%82%AD%E3%83%A5%E3%83%BC%E3%83%93%E3%83%83%E3%82%AF%E3%83%97%E3%83%A9%E3%82%B6%E6%96%B0%E6%A8%AA%E6%B5%9C%E5%BA%97%20%E7%A5%9E%E5%A5%88%E5%B7%9D%E7%9C%8C%E6%A8%AA%E6%B5%9C%E5%B8%82%E6%B8%AF%E5%8C%97%E5%8C%BA%E6%96%B0%E6%A8%AA%E6%B5%9C2-100-45%20%E3%82%AD%E3%83%A5%E3%83%BC%E3%83%93%E3%83%83%E3%82%AF%E3%83%97%E3%83%A9%E3%82%B6%E6%96%B0%E6%A8%AA%E6%B5%9C%203F,2021,中国料理 EAST,chinese_east,発表日：2021年4月27日
横浜大飯店,神奈川県横浜市中区山下町154,食べログ 中国料理 EAST 百名店 2021,https://tabelog.com/kanagawa/A1401/A140105/14000099/,https://www.google.com/maps/search/?api=1&query=%E6%A8%AA%E6%B5%9C%E5%A4%A7%E9%A3%AF%E5%BA%97%20%E7%A5%9E%E5%A5%88%E5%B7%9D%E7%9C%8C%E6%A8%AA%E6%B5%9C%E5%B8%82%E4%B8%AD%E5%8C%BA%E5%B1%B1%E4%B8%8B%E7%94%BA154,2021,中国料理 EAST,chinese_east,発表日：2021年4月27日
粥菜坊,神奈川県川崎市中原区今井南町4-12,食べログ 中国料理 EAST 百名店 2021,https://tabelog.com/kanagawa/A1405/A140504/14009596/,https://www.google.com/maps/search/?api=1&query=%E7%B2%A5%E8%8F%9C%E5%9D%8A%20%E7%A5%9E%E5%A5%88%E5%B7%9D%E7%9C%8C%E5%B7%9D%E5%B4%8E%E5%B8%82%E4%B8%AD%E5%8E%9F%E5%8C%BA%E4%BB%8A%E4%BA%95%E5%8D%97%E7%94%BA4-12,2021,中国料理 EAST,chinese_east,発表日：2021年4月27日
清風楼,神奈川県横浜市中区山下町190,食べログ 中国料理 EAST 百名店 2021,https://tabelog.com/kanagawa/A1401/A140105/14000501/,https://www.google.com/maps/search/?api=1&query=%E6%B8%85%E9%A2%A8%E6%A5%BC%20%E7%A5%9E%E5%A5%88%E5%B7%9D%E7%9C%8C%E6%A8%AA%E6%B5%9C%E5%B8%82%E4%B8%AD%E5%8C%BA%E5%B1%B1%E4%B8%8B%E7%94%BA190,2021,中国料理 EAST,chinese_east,発表日：2021年4月27日
菜香新館,神奈川県横浜市中区山下町192,食べログ 中国料理 EAST 百名店 2021,https://tabelog.com/kanagawa/A1401/A140105/14003055/,https://www.google.com/maps/search/?api=1&query=%E8%8F%9C%E9%A6%99%E6%96%B0%E9%A4%A8%20%E7%A5%9E%E5%A5%88%E5%B7%9D%E7%9C%8C%E6%A8%AA%E6%B5%9C%E5%B8%82%E4%B8%AD%E5%8C%BA%E5%B1%B1%E4%B8%8B%E7%94%BA192,2021,中国料理 EAST,chinese_east,発表日：2021年4月27日
中華料理 龍鳳酒家,神奈川県横浜市中区山下町152,食べログ 中国料理 EAST 百名店 2021,https://tabelog.com/kanagawa/A1401/A140105/14013831/,https://www.google.com/maps/search/?api=1&query=%E4%B8%AD%E8%8F%AF%E6%96%99%E7%90%86%20%E9%BE%8D%E9%B3%B3%E9%85%92%E5%AE%B6%20%E7%A5%9E%E5%A5%88%E5%B7%9D%E7%9C%8C%E6%A8%AA%E6%B5%9C%E5%B8%82%E4%B8%AD%E5%8C%BA%E5%B1%B1%E4%B8%8B%E7%94%BA152,2021,中国料理 EAST,chinese_east,発表日：2021年4月27日
川菜味,千葉県船橋市本町2-10-29,食べログ 中国料理 EAST 百名店 2021,https://tabelog.com/chiba/A1202/A120201/12000282/,https://www.google.com/maps/search/?api=1&query=%E5%B7%9D%E8%8F%9C%E5%91%B3%20%E5%8D%83%E8%91%89%E7%9C%8C%E8%88%B9%E6%A9%8B%E5%B8%82%E6%9C%AC%E7%94%BA2-10-29,2021,中国料理 EAST,chinese_east,発表日：2021年4月27日
中国旬菜 茶馬燕,神奈川県藤沢市南藤沢20-15 第一興産18号館ビル 6F,食べログ 中国料理 EAST 百名店 2021,https://tabelog.com/kanagawa/A1404/A140404/14031172/,https://www.google.com/maps/search/?api=1&query=%E4%B8%AD%E5%9B%BD%E6%97%AC%E8%8F%9C%20%E8%8C%B6%E9%A6%AC%E7%87%95%20%E7%A5%9E%E5%A5%88%E5%B7%9D%E7%9C%8C%E8%97%A4%E6%B2%A2%E5%B8%82%E5%8D%97%E8%97%A4%E6%B2%A220-15%20%E7%AC%AC%E4%B8%80%E8%88%88%E7%94%A318%E5%8F%B7%E9%A4%A8%E3%83%93%E3%83%AB%206F,2021,中国料理 EAST,chinese_east,発表日：2021年4月27日
横浜中華街 北京飯店,神奈川県横浜市中区山下町79-5,食べログ 中国料理 EAST 百名店 2021,https://tabelog.com/kanagawa/A1401/A140105/14000679/,https://www.google.com/maps/search/?api=1&query=%E6%A8%AA%E6%B5%9C%E4%B8%AD%E8%8F%AF%E8%A1%97%20%E5%8C%97%E4%BA%AC%E9%A3%AF%E5%BA%97%20%E7%A5%9E%E5%A5%88%E5%B7%9D%E7%9C%8C%E6%A8%AA%E6%B5%9C%E5%B8%82%E4%B8%AD%E5%8C%BA%E5%B1%B1%E4%B8%8B%E7%94%BA79-5,2021,中国料理 EAST,chinese_east,発表日：2021年4月27日
慶華飯店,神奈川県横浜市中区山下町150,食べログ 中国料理 EAST 百名店 2021,https://tabelog.com/kanagawa/A1401/A140104/14000484/,https://www.google.com/maps/search/?api=1&query=%E6%85%B6%E8%8F%AF%E9%A3%AF%E5%BA%97%20%E7%A5%9E%E5%A5%88%E5%B7%9D%E7%9C%8C%E6%A8%AA%E6%B5%9C%E5%B8%82%E4%B8%AD%E5%8C%BA%E5%B1%B1%E4%B8%8B%E7%94%BA150,2021,中国料理 EAST,chinese_east,発表日：2021年4月27日
啓徳,埼玉県さいたま市浦和区上木崎1-10-15 入江ビル１F,食べログ 中国料理 EAST 百名店 2021,https://tabelog.com/saitama/A1101/A110101/11004552/,https://www.google.com/maps/search/?api=1&query=%E5%95%93%E5%BE%B3%20%E5%9F%BC%E7%8E%89%E7%9C%8C%E3%81%95%E3%81%84%E3%81%9F%E3%81%BE%E5%B8%82%E6%B5%A6%E5%92%8C%E5%8C%BA%E4%B8%8A%E6%9C%A8%E5%B4%8E1-10-15%20%E5%85%A5%E6%B1%9F%E3%83%93%E3%83%AB%EF%BC%91F,2021,中国料理 EAST,chinese_east,発表日：2021年4月27日
イチリン ハナレ,神奈川県鎌倉市扇ガ谷2-17-6,食べログ 中国料理 EAST 百名店 2021,https://tabelog.com/kanagawa/A1404/A140402/14066990/,https://www.google.com/maps/search/?api=1&query=%E3%82%A4%E3%83%81%E3%83%AA%E3%83%B3%20%E3%83%8F%E3%83%8A%E3%83%AC%20%E7%A5%9E%E5%A5%88%E5%B7%9D%E7%9C%8C%E9%8E%8C%E5%80%89%E5%B8%82%E6%89%87%E3%82%AC%E8%B0%B72-17-6,2021,中国料理 EAST,chinese_east,発表日：2021年4月27日
DRAGON酒家 本店,神奈川県横浜市西区北幸2-5-21 ７３ビル １F～２F,食べログ 中国料理 EAST 百名店 2021,https://tabelog.com/kanagawa/A1401/A140101/14041213/,https://www.google.com/maps/search/?api=1&query=DRAGON%E9%85%92%E5%AE%B6%20%E6%9C%AC%E5%BA%97%20%E7%A5%9E%E5%A5%88%E5%B7%9D%E7%9C%8C%E6%A8%AA%E6%B5%9C%E5%B8%82%E8%A5%BF%E5%8C%BA%E5%8C%97%E5%B9%B82-5-21%20%EF%BC%97%EF%BC%93%E3%83%93%E3%83%AB%20%EF%BC%91F%EF%BD%9E%EF%BC%92F,2021,中国料理 EAST,chinese_east,発表日：2021年4月27日
聘珍樓 横濱本店,神奈川県横浜市中区山下町149,食べログ 中国料理 EAST 百名店 2021,https://tabelog.com/kanagawa/A1401/A140105/14000140/,https://www.google.com/maps/search/?api=1&query=%E8%81%98%E7%8F%8D%E6%A8%93%20%E6%A8%AA%E6%BF%B1%E6%9C%AC%E5%BA%97%20%E7%A5%9E%E5%A5%88%E5%B7%9D%E7%9C%8C%E6%A8%AA%E6%B5%9C%E5%B8%82%E4%B8%AD%E5%8C%BA%E5%B1%B1%E4%B8%8B%E7%94%BA149,2021,中国料理 EAST,chinese_east,発表日：2021年4月27日
China Table 花木蘭,神奈川県横浜市戸塚区戸塚町121-7,食べログ 中国料理 EAST 百名店 2021,https://tabelog.com/kanagawa/A1401/A140305/14011856/,https://www.google.com/maps/search/?api=1&query=China%20Table%20%E8%8A%B1%E6%9C%A8%E8%98%AD%20%E7%A5%9E%E5%A5%88%E5%B7%9D%E7%9C%8C%E6%A8%AA%E6%B5%9C%E5%B8%82%E6%88%B8%E5%A1%9A%E5%8C%BA%E6%88%B8%E5%A1%9A%E7%94%BA121-7,2021,中国料理 EAST,chinese_east,発表日：2021年4月27日
天啓,神奈川県横浜市都筑区中川中央1-1-5 7F,食べログ 中国料理 EAST 百名店 2021,https://tabelog.com/kanagawa/A1401/A140203/14001480/,https://www.google.com/maps/search/?api=1&query=%E5%A4%A9%E5%95%93%20%E7%A5%9E%E5%A5%88%E5%B7%9D%E7%9C%8C%E6%A8%AA%E6%B5%9C%E5%B8%82%E9%83%BD%E7%AD%91%E5%8C%BA%E4%B8%AD%E5%B7%9D%E4%B8%AD%E5%A4%AE1-1-5%207F,2021,中国料理 EAST,chinese_east,発表日：2021年4月27日
中華菜館 同發 別館,神奈川県横浜市中区山下町148,食べログ 中国料理 EAST 百名店 2021,https://tabelog.com/kanagawa/A1401/A140105/14003796/,https://www.google.com/maps/search/?api=1&query=%E4%B8%AD%E8%8F%AF%E8%8F%9C%E9%A4%A8%20%E5%90%8C%E7%99%BC%20%E5%88%A5%E9%A4%A8%20%E7%A5%9E%E5%A5%88%E5%B7%9D%E7%9C%8C%E6%A8%AA%E6%B5%9C%E5%B8%82%E4%B8%AD%E5%8C%BA%E5%B1%B1%E4%B8%8B%E7%94%BA148,2021,中国料理 EAST,chinese_east,発表日：2021年4月27日
中国料理 皇苑,神奈川県横浜市西区みなとみらい2-2-1-3 横浜ロイヤルパークホテル 68F,食べログ 中国料理 EAST 百名店 2021,https://tabelog.com/kanagawa/A1401/A140103/14000374/,https://www.google.com/maps/search/?api=1&query=%E4%B8%AD%E5%9B%BD%E6%96%99%E7%90%86%20%E7%9A%87%E8%8B%91%20%E7%A5%9E%E5%A5%88%E5%B7%9D%E7%9C%8C%E6%A8%AA%E6%B5%9C%E5%B8%82%E8%A5%BF%E5%8C%BA%E3%81%BF%E3%81%AA%E3%81%A8%E3%81%BF%E3%82%89%E3%81%842-2-1-3%20%E6%A8%AA%E6%B5%9C%E3%83%AD%E3%82%A4%E3%83%A4%E3%83%AB%E3%83%91%E3%83%BC%E3%82%AF%E3%83%9B%E3%83%86%E3%83%AB%2068F,2021,中国料理 EAST,chinese_east,発表日：2021年4月27日
崎陽軒本店 嘉宮,神奈川県横浜市西区高島2-13-12 崎陽軒本店　２Ｆ,食べログ 中国料理 EAST 百名店 2021,https://tabelog.com/kanagawa/A1401/A140101/14000069/,https://www.google.com/maps/search/?api=1&query=%E5%B4%8E%E9%99%BD%E8%BB%92%E6%9C%AC%E5%BA%97%20%E5%98%89%E5%AE%AE%20%E7%A5%9E%E5%A5%88%E5%B7%9D%E7%9C%8C%E6%A8%AA%E6%B5%9C%E5%B8%82%E8%A5%BF%E5%8C%BA%E9%AB%98%E5%B3%B62-13-12%20%E5%B4%8E%E9%99%BD%E8%BB%92%E6%9C%AC%E5%BA%97%E3%80%80%EF%BC%92%EF%BC%A6,2021,中国料理 EAST,chinese_east,発表日：2021年4月27日
謝甜記 貮号店,神奈川県横浜市中区山下町189-9 上海路辰ビル 1F,食べログ 中国料理 EAST 百名店 2021,https://tabelog.com/kanagawa/A1401/A140105/14000676/,https://www.google.com/maps/search/?api=1&query=%E8%AC%9D%E7%94%9C%E8%A8%98%20%E8%B2%AE%E5%8F%B7%E5%BA%97%20%E7%A5%9E%E5%A5%88%E5%B7%9D%E7%9C%8C%E6%A8%AA%E6%B5%9C%E5%B8%82%E4%B8%AD%E5%8C%BA%E5%B1%B1%E4%B8%8B%E7%94%BA189-9%20%E4%B8%8A%E6%B5%B7%E8%B7%AF%E8%BE%B0%E3%83%93%E3%83%AB%201F,2021,中国料理 EAST,chinese_east,発表日：2021年4月27日
奇珍,神奈川県横浜市中区麦田町2-44,食べログ 中国料理 EAST 百名店 2021,https://tabelog.com/kanagawa/A1401/A140105/14000107/,https://www.google.com/maps/search/?api=1&query=%E5%A5%87%E7%8F%8D%20%E7%A5%9E%E5%A5%88%E5%B7%9D%E7%9C%8C%E6%A8%AA%E6%B5%9C%E5%B8%82%E4%B8%AD%E5%8C%BA%E9%BA%A6%E7%94%B0%E7%94%BA2-44,2021,中国料理 EAST,chinese_east,発表日：2021年4月27日
中国料理 カリュウ(ヨコハマ グランド インターコンチネンタル ホテル),神奈川県横浜市西区みなとみらい1-1-1 ヨコハマ グランド インターコンチネンタル ホテル 31F,食べログ 中国料理 EAST 百名店 2021,https://tabelog.com/kanagawa/A1401/A140103/14000042/,https://www.google.com/maps/search/?api=1&query=%E4%B8%AD%E5%9B%BD%E6%96%99%E7%90%86%20%E3%82%AB%E3%83%AA%E3%83%A5%E3%82%A6%28%E3%83%A8%E3%82%B3%E3%83%8F%E3%83%9E%20%E3%82%B0%E3%83%A9%E3%83%B3%E3%83%89%20%E3%82%A4%E3%83%B3%E3%82%BF%E3%83%BC%E3%82%B3%E3%83%B3%E3%83%81%E3%83%8D%E3%83%B3%E3%82%BF%E3%83%AB%20%E3%83%9B%E3%83%86%E3%83%AB%29%20%E7%A5%9E%E5%A5%88%E5%B7%9D%E7%9C%8C%E6%A8%AA%E6%B5%9C%E5%B8%82%E8%A5%BF%E5%8C%BA%E3%81%BF%E3%81%AA%E3%81%A8%E3%81%BF%E3%82%89%E3%81%841-1-1%20%E3%83%A8%E3%82%B3%E3%83%8F%E3%83%9E%20%E3%82%B0%E3%83%A9%E3%83%B3%E3%83%89%20%E3%82%A4%E3%83%B3%E3%82%BF%E3%83%BC%E3%82%B3%E3%83%B3%E3%83%81%E3%83%8D%E3%83%B3%E3%82%BF%E3%83%AB%20%E3%83%9B%E3%83%86%E3%83%AB%2031F,2021,中国料理 EAST,chinese_east,発表日：2021年4月27日
北京 川崎宮崎台店,神奈川県川崎市宮前区宮崎2-6-11,食べログ 中国料理 EAST 百名店 2021,https://tabelog.com/kanagawa/A1405/A140507/14004028/,https://www.google.com/maps/search/?api=1&query=%E5%8C%97%E4%BA%AC%20%E5%B7%9D%E5%B4%8E%E5%AE%AE%E5%B4%8E%E5%8F%B0%E5%BA%97%20%E7%A5%9E%E5%A5%88%E5%B7%9D%E7%9C%8C%E5%B7%9D%E5%B4%8E%E5%B8%82%E5%AE%AE%E5%89%8D%E5%8C%BA%E5%AE%AE%E5%B4%8E2-6-11,2021,中国料理 EAST,chinese_east,発表日：2021年4月27日
炎神,茨城県水戸市桜川2-1-6 アイランドビル 1Ｆ,食べログ 中国料理 EAST 百名店 2021,https://tabelog.com/ibaraki/A0801/A080101/8000134/,https://www.google.com/maps/search/?api=1&query=%E7%82%8E%E7%A5%9E%20%E8%8C%A8%E5%9F%8E%E7%9C%8C%E6%B0%B4%E6%88%B8%E5%B8%82%E6%A1%9C%E5%B7%9D2-1-6%20%E3%82%A2%E3%82%A4%E3%83%A9%E3%83%B3%E3%83%89%E3%83%93%E3%83%AB%201%EF%BC%A6,2021,中国料理 EAST,chinese_east,発表日：2021年4月27日
チャイナルーム,東京都港区六本木6-10-3 六本木ヒルズ　グランド　ハイアット　東京　６Ｆ,食べログ 中国料理 TOKYO 百名店 2021,https://tabelog.com/tokyo/A1307/A130701/13017089/,https://www.google.com/maps/search/?api=1&query=%E3%83%81%E3%83%A3%E3%82%A4%E3%83%8A%E3%83%AB%E3%83%BC%E3%83%A0%20%E6%9D%B1%E4%BA%AC%E9%83%BD%E6%B8%AF%E5%8C%BA%E5%85%AD%E6%9C%AC%E6%9C%A86-10-3%20%E5%85%AD%E6%9C%AC%E6%9C%A8%E3%83%92%E3%83%AB%E3%82%BA%E3%80%80%E3%82%B0%E3%83%A9%E3%83%B3%E3%83%89%E3%80%80%E3%83%8F%E3%82%A4%E3%82%A2%E3%83%83%E3%83%88%E3%80%80%E6%9D%B1%E4%BA%AC%E3%80%80%EF%BC%96%EF%BC%A6,2021,中国料理 TOKYO,chinese_tokyo,発表日：2021年4月27日
御膳房 六本木店,東京都港区六本木6-8-15 第2五月ビル 1F,食べログ 中国料理 TOKYO 百名店 2021,https://tabelog.com/tokyo/A1307/A130701/13001852/,https://www.google.com/maps/search/?api=1&query=%E5%BE%A1%E8%86%B3%E6%88%BF%20%E5%85%AD%E6%9C%AC%E6%9C%A8%E5%BA%97%20%E6%9D%B1%E4%BA%AC%E9%83%BD%E6%B8%AF%E5%8C%BA%E5%85%AD%E6%9C%AC%E6%9C%A86-8-15%20%E7%AC%AC2%E4%BA%94%E6%9C%88%E3%83%93%E3%83%AB%201F,2021,中国料理 TOKYO,chinese_tokyo,発表日：2021年4月27日
カントニーズ 燕,東京都千代田区丸の内1-9-1 東京ステーションホテル B1F,食べログ 中国料理 TOKYO 百名店 2021,https://tabelog.com/tokyo/A1302/A130201/13147494/,https://www.google.com/maps/search/?api=1&query=%E3%82%AB%E3%83%B3%E3%83%88%E3%83%8B%E3%83%BC%E3%82%BA%20%E7%87%95%20%E6%9D%B1%E4%BA%AC%E9%83%BD%E5%8D%83%E4%BB%A3%E7%94%B0%E5%8C%BA%E4%B8%B8%E3%81%AE%E5%86%851-9-1%20%E6%9D%B1%E4%BA%AC%E3%82%B9%E3%83%86%E3%83%BC%E3%82%B7%E3%83%A7%E3%83%B3%E3%83%9B%E3%83%86%E3%83%AB%20B1F,2021,中国料理 TOKYO,chinese_tokyo,発表日：2021年4月27日
古月 新宿,東京都新宿区新宿1-5-5 2F,食べログ 中国料理 TOKYO 百名店 2021,https://tabelog.com/tokyo/A1304/A130402/13030918/,https://www.google.com/maps/search/?api=1&query=%E5%8F%A4%E6%9C%88%20%E6%96%B0%E5%AE%BF%20%E6%9D%B1%E4%BA%AC%E9%83%BD%E6%96%B0%E5%AE%BF%E5%8C%BA%E6%96%B0%E5%AE%BF1-5-5%202F,2021,中国料理 TOKYO,chinese_tokyo,発表日：2021年4月27日
飄香 麻布十番本店,東京都港区麻布十番1-3-8 Ｆプラザ B1F,食べログ 中国料理 TOKYO 百名店 2021,https://tabelog.com/tokyo/A1307/A130702/13018802/,https://www.google.com/maps/search/?api=1&query=%E9%A3%84%E9%A6%99%20%E9%BA%BB%E5%B8%83%E5%8D%81%E7%95%AA%E6%9C%AC%E5%BA%97%20%E6%9D%B1%E4%BA%AC%E9%83%BD%E6%B8%AF%E5%8C%BA%E9%BA%BB%E5%B8%83%E5%8D%81%E7%95%AA1-3-8%20%EF%BC%A6%E3%83%97%E3%83%A9%E3%82%B6%20B1F,2021,中国料理 TOKYO,chinese_tokyo,発表日：2021年4月27日
黒猫夜 銀座店,東京都中央区銀座7-8-15 第2新橋会館 8F,食べログ 中国料理 TOKYO 百名店 2021,https://tabelog.com/tokyo/A1301/A130101/13162692/,https://www.google.com/maps/search/?api=1&query=%E9%BB%92%E7%8C%AB%E5%A4%9C%20%E9%8A%80%E5%BA%A7%E5%BA%97%20%E6%9D%B1%E4%BA%AC%E9%83%BD%E4%B8%AD%E5%A4%AE%E5%8C%BA%E9%8A%80%E5%BA%A77-8-15%20%E7%AC%AC2%E6%96%B0%E6%A9%8B%E4%BC%9A%E9%A4%A8%208F,2021,中国料理 TOKYO,chinese_tokyo,発表日：2021年4月27日
香港麺 新記 三宿本店,東京都世田谷区池尻3-30-10 三旺ビル 2F,食べログ 中国料理 TOKYO 百名店 2021,https://tabelog.com/tokyo/A1317/A131705/13007076/,https://www.google.com/maps/search/?api=1&query=%E9%A6%99%E6%B8%AF%E9%BA%BA%20%E6%96%B0%E8%A8%98%20%E4%B8%89%E5%AE%BF%E6%9C%AC%E5%BA%97%20%E6%9D%B1%E4%BA%AC%E9%83%BD%E4%B8%96%E7%94%B0%E8%B0%B7%E5%8C%BA%E6%B1%A0%E5%B0%BB3-30-10%20%E4%B8%89%E6%97%BA%E3%83%93%E3%83%AB%202F,2021,中国料理 TOKYO,chinese_tokyo,発表日：2021年4月27日
中華 兆徳,東京都文京区向丘1-10-5,食べログ 中国料理 TOKYO 百名店 2021,https://tabelog.com/tokyo/A1323/A132301/13051394/,https://www.google.com/maps/search/?api=1&query=%E4%B8%AD%E8%8F%AF%20%E5%85%86%E5%BE%B3%20%E6%9D%B1%E4%BA%AC%E9%83%BD%E6%96%87%E4%BA%AC%E5%8C%BA%E5%90%91%E4%B8%981-10-5,2021,中国料理 TOKYO,chinese_tokyo,発表日：2021年4月27日
蔭山樓,東京都目黒区自由が丘2-8-21,食べログ 中国料理 TOKYO 百名店 2021,https://tabelog.com/tokyo/A1317/A131703/13093509/,https://www.google.com/maps/search/?api=1&query=%E8%94%AD%E5%B1%B1%E6%A8%93%20%E6%9D%B1%E4%BA%AC%E9%83%BD%E7%9B%AE%E9%BB%92%E5%8C%BA%E8%87%AA%E7%94%B1%E3%81%8C%E4%B8%982-8-21,2021,中国料理 TOKYO,chinese_tokyo,発表日：2021年4月27日
味芳斎 本店,東京都港区芝大門1-4-13,食べログ 中国料理 TOKYO 百名店 2021,https://tabelog.com/tokyo/A1314/A131401/13013153/,https://www.google.com/maps/search/?api=1&query=%E5%91%B3%E8%8A%B3%E6%96%8E%20%E6%9C%AC%E5%BA%97%20%E6%9D%B1%E4%BA%AC%E9%83%BD%E6%B8%AF%E5%8C%BA%E8%8A%9D%E5%A4%A7%E9%96%801-4-13,2021,中国料理 TOKYO,chinese_tokyo,発表日：2021年4月27日
中国飯店 富麗華,東京都港区東麻布3-7-5,食べログ 中国料理 TOKYO 百名店 2021,https://tabelog.com/tokyo/A1307/A130702/13004967/,https://www.google.com/maps/search/?api=1&query=%E4%B8%AD%E5%9B%BD%E9%A3%AF%E5%BA%97%20%E5%AF%8C%E9%BA%97%E8%8F%AF%20%E6%9D%B1%E4%BA%AC%E9%83%BD%E6%B8%AF%E5%8C%BA%E6%9D%B1%E9%BA%BB%E5%B8%833-7-5,2021,中国料理 TOKYO,chinese_tokyo,発表日：2021年4月27日
南翔饅頭店 六本木ヒルズ店,東京都港区六本木6-10-1 六本木ヒルズ ヒルサイド 1F,食べログ 中国料理 TOKYO 百名店 2021,https://tabelog.com/tokyo/A1307/A130701/13004433/,https://www.google.com/maps/search/?api=1&query=%E5%8D%97%E7%BF%94%E9%A5%85%E9%A0%AD%E5%BA%97%20%E5%85%AD%E6%9C%AC%E6%9C%A8%E3%83%92%E3%83%AB%E3%82%BA%E5%BA%97%20%E6%9D%B1%E4%BA%AC%E9%83%BD%E6%B8%AF%E5%8C%BA%E5%85%AD%E6%9C%AC%E6%9C%A86-10-1%20%E5%85%AD%E6%9C%AC%E6%9C%A8%E3%83%92%E3%83%AB%E3%82%BA%20%E3%83%92%E3%83%AB%E3%82%B5%E3%82%A4%E3%83%89%201F,2021,中国料理 TOKYO,chinese_tokyo,発表日：2021年4月27日
全聚徳 新宿店,東京都新宿区新宿3-32-10 新宿Ｔ＆Ｔビル　８Ｆ・９Ｆ,食べログ 中国料理 TOKYO 百名店 2021,https://tabelog.com/tokyo/A1304/A130401/13006835/,https://www.google.com/maps/search/?api=1&query=%E5%85%A8%E8%81%9A%E5%BE%B3%20%E6%96%B0%E5%AE%BF%E5%BA%97%20%E6%9D%B1%E4%BA%AC%E9%83%BD%E6%96%B0%E5%AE%BF%E5%8C%BA%E6%96%B0%E5%AE%BF3-32-10%20%E6%96%B0%E5%AE%BF%EF%BC%B4%EF%BC%86%EF%BC%B4%E3%83%93%E3%83%AB%E3%80%80%EF%BC%98%EF%BC%A6%E3%83%BB%EF%BC%99%EF%BC%A6,2021,中国料理 TOKYO,chinese_tokyo,発表日：2021年4月27日
筑紫樓 恵比寿店,東京都渋谷区恵比寿南1-10-2 恵比寿３２山京ビル　１Ｆ・２Ｆ,食べログ 中国料理 TOKYO 百名店 2021,https://tabelog.com/tokyo/A1303/A130302/13003323/,https://www.google.com/maps/search/?api=1&query=%E7%AD%91%E7%B4%AB%E6%A8%93%20%E6%81%B5%E6%AF%94%E5%AF%BF%E5%BA%97%20%E6%9D%B1%E4%BA%AC%E9%83%BD%E6%B8%8B%E8%B0%B7%E5%8C%BA%E6%81%B5%E6%AF%94%E5%AF%BF%E5%8D%971-10-2%20%E6%81%B5%E6%AF%94%E5%AF%BF%EF%BC%93%EF%BC%92%E5%B1%B1%E4%BA%AC%E3%83%93%E3%83%AB%E3%80%80%EF%BC%91%EF%BC%A6%E3%83%BB%EF%BC%92%EF%BC%A6,2021,中国料理 TOKYO,chinese_tokyo,発表日：2021年4月27日
中国酒家 大三元,東京都墨田区太平3-4-1 ＹＳビル　１Ｆ,食べログ 中国料理 TOKYO 百名店 2021,https://tabelog.com/tokyo/A1312/A131201/13007985/,https://www.google.com/maps/search/?api=1&query=%E4%B8%AD%E5%9B%BD%E9%85%92%E5%AE%B6%20%E5%A4%A7%E4%B8%89%E5%85%83%20%E6%9D%B1%E4%BA%AC%E9%83%BD%E5%A2%A8%E7%94%B0%E5%8C%BA%E5%A4%AA%E5%B9%B33-4-1%20%EF%BC%B9%EF%BC%B3%E3%83%93%E3%83%AB%E3%80%80%EF%BC%91%EF%BC%A6,2021,中国料理 TOKYO,chinese_tokyo,発表日：2021年4月27日
新亜飯店 芝大門店,東京都港区芝大門2-3-2,食べログ 中国料理 TOKYO 百名店 2021,https://tabelog.com/tokyo/A1314/A131401/13001517/,https://www.google.com/maps/search/?api=1&query=%E6%96%B0%E4%BA%9C%E9%A3%AF%E5%BA%97%20%E8%8A%9D%E5%A4%A7%E9%96%80%E5%BA%97%20%E6%9D%B1%E4%BA%AC%E9%83%BD%E6%B8%AF%E5%8C%BA%E8%8A%9D%E5%A4%A7%E9%96%802-3-2,2021,中国料理 TOKYO,chinese_tokyo,発表日：2021年4月27日
同源楼,東京都港区赤坂3-18-8 エムプレスビル　２Ｆ,食べログ 中国料理 TOKYO 百名店 2021,https://tabelog.com/tokyo/A1308/A130801/13041758/,https://www.google.com/maps/search/?api=1&query=%E5%90%8C%E6%BA%90%E6%A5%BC%20%E6%9D%B1%E4%BA%AC%E9%83%BD%E6%B8%AF%E5%8C%BA%E8%B5%A4%E5%9D%823-18-8%20%E3%82%A8%E3%83%A0%E3%83%97%E3%83%AC%E3%82%B9%E3%83%93%E3%83%AB%E3%80%80%EF%BC%92%EF%BC%A6,2021,中国料理 TOKYO,chinese_tokyo,発表日：2021年4月27日
広東料理 センス,東京都中央区日本橋室町2-1-1 マンダリン オリエンタル 東京 37F,食べログ 中国料理 TOKYO 百名店 2021,https://tabelog.com/tokyo/A1302/A130202/13020361/,https://www.google.com/maps/search/?api=1&query=%E5%BA%83%E6%9D%B1%E6%96%99%E7%90%86%20%E3%82%BB%E3%83%B3%E3%82%B9%20%E6%9D%B1%E4%BA%AC%E9%83%BD%E4%B8%AD%E5%A4%AE%E5%8C%BA%E6%97%A5%E6%9C%AC%E6%A9%8B%E5%AE%A4%E7%94%BA2-1-1%20%E3%83%9E%E3%83%B3%E3%83%80%E3%83%AA%E3%83%B3%20%E3%82%AA%E3%83%AA%E3%82%A8%E3%83%B3%E3%82%BF%E3%83%AB%20%E6%9D%B1%E4%BA%AC%2037F,2021,中国料理 TOKYO,chinese_tokyo,発表日：2021年4月27日
虎峰,東京都港区六本木3-8-7 PALビル 1F,食べログ 中国料理 TOKYO 百名店 2021,https://tabelog.com/tokyo/A1307/A130701/13194122/,https://www.google.com/maps/search/?api=1&query=%E8%99%8E%E5%B3%B0%20%E6%9D%B1%E4%BA%AC%E9%83%BD%E6%B8%AF%E5%8C%BA%E5%85%AD%E6%9C%AC%E6%9C%A83-8-7%20PAL%E3%83%93%E3%83%AB%201F,2021,中国料理 TOKYO,chinese_tokyo,発表日：2021年4月27日
家全七福酒家 SEVENTH SON RESTAURANT 丸ビル店,東京都千代田区丸の内2-4-1 丸の内ビルディング 36F,食べログ 中国料理 TOKYO 百名店 2021,https://tabelog.com/tokyo/A1302/A130201/13000548/,https://www.google.com/maps/search/?api=1&query=%E5%AE%B6%E5%85%A8%E4%B8%83%E7%A6%8F%E9%85%92%E5%AE%B6%20SEVENTH%20SON%20RESTAURANT%20%E4%B8%B8%E3%83%93%E3%83%AB%E5%BA%97%20%E6%9D%B1%E4%BA%AC%E9%83%BD%E5%8D%83%E4%BB%A3%E7%94%B0%E5%8C%BA%E4%B8%B8%E3%81%AE%E5%86%852-4-1%20%E4%B8%B8%E3%81%AE%E5%86%85%E3%83%93%E3%83%AB%E3%83%87%E3%82%A3%E3%83%B3%E3%82%B0%2036F,2021,中国料理 TOKYO,chinese_tokyo,発表日：2021年4月27日
エンジン,東京都新宿区神楽坂5-43-2 ROJI神楽坂 1F,食べログ 中国料理 TOKYO 百名店 2021,https://tabelog.com/tokyo/A1309/A130905/13178164/,https://www.google.com/maps/search/?api=1&query=%E3%82%A8%E3%83%B3%E3%82%B8%E3%83%B3%20%E6%9D%B1%E4%BA%AC%E9%83%BD%E6%96%B0%E5%AE%BF%E5%8C%BA%E7%A5%9E%E6%A5%BD%E5%9D%825-43-2%20ROJI%E7%A5%9E%E6%A5%BD%E5%9D%82%201F,2021,中国料理 TOKYO,chinese_tokyo,発表日：2021年4月27日
赤坂珉珉,東京都港区赤坂8-7-4,食べログ 中国料理 TOKYO 百名店 2021,https://tabelog.com/tokyo/A1306/A130603/13001342/,https://www.google.com/maps/search/?api=1&query=%E8%B5%A4%E5%9D%82%E7%8F%89%E7%8F%89%20%E6%9D%B1%E4%BA%AC%E9%83%BD%E6%B8%AF%E5%8C%BA%E8%B5%A4%E5%9D%828-7-4,2021,中国料理 TOKYO,chinese_tokyo,発表日：2021年4月27日
中国菜 膳楽房,東京都新宿区神楽坂1-11-8,食べログ 中国料理 TOKYO 百名店 2021,https://tabelog.com/tokyo/A1309/A130905/13156026/,https://www.google.com/maps/search/?api=1&query=%E4%B8%AD%E5%9B%BD%E8%8F%9C%20%E8%86%B3%E6%A5%BD%E6%88%BF%20%E6%9D%B1%E4%BA%AC%E9%83%BD%E6%96%B0%E5%AE%BF%E5%8C%BA%E7%A5%9E%E6%A5%BD%E5%9D%821-11-8,2021,中国料理 TOKYO,chinese_tokyo,発表日：2021年4月27日
中国菜 老四川 飄香 銀座三越店,東京都中央区銀座4-6-16 銀座三越新館 12F,食べログ 中国料理 TOKYO 百名店 2021,https://tabelog.com/tokyo/A1301/A130101/13115780/,https://www.google.com/maps/search/?api=1&query=%E4%B8%AD%E5%9B%BD%E8%8F%9C%20%E8%80%81%E5%9B%9B%E5%B7%9D%20%E9%A3%84%E9%A6%99%20%E9%8A%80%E5%BA%A7%E4%B8%89%E8%B6%8A%E5%BA%97%20%E6%9D%B1%E4%BA%AC%E9%83%BD%E4%B8%AD%E5%A4%AE%E5%8C%BA%E9%8A%80%E5%BA%A74-6-16%20%E9%8A%80%E5%BA%A7%E4%B8%89%E8%B6%8A%E6%96%B0%E9%A4%A8%2012F,2021,中国料理 TOKYO,chinese_tokyo,発表日：2021年4月27日
過橋米線 秋葉原店,東京都千代田区外神田6-5-11 ＭＯＡビル 1F,食べログ 中国料理 TOKYO 百名店 2021,https://tabelog.com/tokyo/A1311/A131101/13022712/,https://www.google.com/maps/search/?api=1&query=%E9%81%8E%E6%A9%8B%E7%B1%B3%E7%B7%9A%20%E7%A7%8B%E8%91%89%E5%8E%9F%E5%BA%97%20%E6%9D%B1%E4%BA%AC%E9%83%BD%E5%8D%83%E4%BB%A3%E7%94%B0%E5%8C%BA%E5%A4%96%E7%A5%9E%E7%94%B06-5-11%20%EF%BC%AD%EF%BC%AF%EF%BC%A1%E3%83%93%E3%83%AB%201F,2021,中国料理 TOKYO,chinese_tokyo,発表日：2021年4月27日
虎穴,東京都中央区東日本橋3-5-16 仙石ビル 1F,食べログ 中国料理 TOKYO 百名店 2021,https://tabelog.com/tokyo/A1302/A130204/13098919/,https://www.google.com/maps/search/?api=1&query=%E8%99%8E%E7%A9%B4%20%E6%9D%B1%E4%BA%AC%E9%83%BD%E4%B8%AD%E5%A4%AE%E5%8C%BA%E6%9D%B1%E6%97%A5%E6%9C%AC%E6%A9%8B3-5-16%20%E4%BB%99%E7%9F%B3%E3%83%93%E3%83%AB%201F,2021,中国料理 TOKYO,chinese_tokyo,発表日：2021年4月27日
ShinoiS,東京都港区白金台4-2-7 bld桜なみき 2F,食べログ 中国料理 TOKYO 百名店 2021,https://tabelog.com/tokyo/A1316/A131602/13241948/,https://www.google.com/maps/search/?api=1&query=ShinoiS%20%E6%9D%B1%E4%BA%AC%E9%83%BD%E6%B8%AF%E5%8C%BA%E7%99%BD%E9%87%91%E5%8F%B04-2-7%20bld%E6%A1%9C%E3%81%AA%E3%81%BF%E3%81%8D%202F,2021,中国料理 TOKYO,chinese_tokyo,発表日：2021年4月27日
敦煌,東京都新宿区舟町15 野方ビル　１Ｆ,食べログ 中国料理 TOKYO 百名店 2021,https://tabelog.com/tokyo/A1309/A130903/13000935/,https://www.google.com/maps/search/?api=1&query=%E6%95%A6%E7%85%8C%20%E6%9D%B1%E4%BA%AC%E9%83%BD%E6%96%B0%E5%AE%BF%E5%8C%BA%E8%88%9F%E7%94%BA15%20%E9%87%8E%E6%96%B9%E3%83%93%E3%83%AB%E3%80%80%EF%BC%91%EF%BC%A6,2021,中国料理 TOKYO,chinese_tokyo,発表日：2021年4月27日
筑紫樓 銀座店,東京都中央区銀座7-10-1 ＳＴＲＡＴＡ　ＧＩＮＺＡ　Ｂ１Ｆ,食べログ 中国料理 TOKYO 百名店 2021,https://tabelog.com/tokyo/A1301/A130101/13030770/,https://www.google.com/maps/search/?api=1&query=%E7%AD%91%E7%B4%AB%E6%A8%93%20%E9%8A%80%E5%BA%A7%E5%BA%97%20%E6%9D%B1%E4%BA%AC%E9%83%BD%E4%B8%AD%E5%A4%AE%E5%8C%BA%E9%8A%80%E5%BA%A77-10-1%20%EF%BC%B3%EF%BC%B4%EF%BC%B2%EF%BC%A1%EF%BC%B4%EF%BC%A1%E3%80%80%EF%BC%A7%EF%BC%A9%EF%BC%AE%EF%BC%BA%EF%BC%A1%E3%80%80%EF%BC%A2%EF%BC%91%EF%BC%A6,2021,中国料理 TOKYO,chinese_tokyo,発表日：2021年4月27日
中国料理 「チャイナブルー」 コンラッド東京,東京都港区東新橋1-9-1 コンラッド　東京 28F,食べログ 中国料理 TOKYO 百名店 2021,https://tabelog.com/tokyo/A1301/A130103/13019633/,https://www.google.com/maps/search/?api=1&query=%E4%B8%AD%E5%9B%BD%E6%96%99%E7%90%86%20%E3%80%8C%E3%83%81%E3%83%A3%E3%82%A4%E3%83%8A%E3%83%96%E3%83%AB%E3%83%BC%E3%80%8D%20%E3%82%B3%E3%83%B3%E3%83%A9%E3%83%83%E3%83%89%E6%9D%B1%E4%BA%AC%20%E6%9D%B1%E4%BA%AC%E9%83%BD%E6%B8%AF%E5%8C%BA%E6%9D%B1%E6%96%B0%E6%A9%8B1-9-1%20%E3%82%B3%E3%83%B3%E3%83%A9%E3%83%83%E3%83%89%E3%80%80%E6%9D%B1%E4%BA%AC%2028F,2021,中国料理 TOKYO,chinese_tokyo,発表日：2021年4月27日
シェフス,東京都新宿区新宿1-24-1 藤和ハイタウン　１Ｆ,食べログ 中国料理 TOKYO 百名店 2021,https://tabelog.com/tokyo/A1304/A130402/13000884/,https://www.google.com/maps/search/?api=1&query=%E3%82%B7%E3%82%A7%E3%83%95%E3%82%B9%20%E6%9D%B1%E4%BA%AC%E9%83%BD%E6%96%B0%E5%AE%BF%E5%8C%BA%E6%96%B0%E5%AE%BF1-24-1%20%E8%97%A4%E5%92%8C%E3%83%8F%E3%82%A4%E3%82%BF%E3%82%A6%E3%83%B3%E3%80%80%EF%BC%91%EF%BC%A6,2021,中国料理 TOKYO,chinese_tokyo,発表日：2021年4月27日
香妃園,東京都港区六本木3-8-15 瀬里奈ビレッジ　２Ｆ,食べログ 中国料理 TOKYO 百名店 2021,https://tabelog.com/tokyo/A1307/A130701/13001271/,https://www.google.com/maps/search/?api=1&query=%E9%A6%99%E5%A6%83%E5%9C%92%20%E6%9D%B1%E4%BA%AC%E9%83%BD%E6%B8%AF%E5%8C%BA%E5%85%AD%E6%9C%AC%E6%9C%A83-8-15%20%E7%80%AC%E9%87%8C%E5%A5%88%E3%83%93%E3%83%AC%E3%83%83%E3%82%B8%E3%80%80%EF%BC%92%EF%BC%A6,2021,中国料理 TOKYO,chinese_tokyo,発表日：2021年4月27日
龍圓,東京都台東区西浅草3-1-9,食べログ 中国料理 TOKYO 百名店 2021,https://tabelog.com/tokyo/A1311/A131102/13003700/,https://www.google.com/maps/search/?api=1&query=%E9%BE%8D%E5%9C%93%20%E6%9D%B1%E4%BA%AC%E9%83%BD%E5%8F%B0%E6%9D%B1%E5%8C%BA%E8%A5%BF%E6%B5%85%E8%8D%893-1-9,2021,中国料理 TOKYO,chinese_tokyo,発表日：2021年4月27日
味坊,東京都千代田区鍛冶町2-11-20 １Ｆ・２Ｆ,食べログ 中国料理 TOKYO 百名店 2021,https://tabelog.com/tokyo/A1310/A131002/13009143/,https://www.google.com/maps/search/?api=1&query=%E5%91%B3%E5%9D%8A%20%E6%9D%B1%E4%BA%AC%E9%83%BD%E5%8D%83%E4%BB%A3%E7%94%B0%E5%8C%BA%E9%8D%9B%E5%86%B6%E7%94%BA2-11-20%20%EF%BC%91%EF%BC%A6%E3%83%BB%EF%BC%92%EF%BC%A6,2021,中国料理 TOKYO,chinese_tokyo,発表日：2021年4月27日
龍朋,東京都新宿区矢来町123 第一矢来ビル Ｂ１,食べログ 中国料理 TOKYO 百名店 2021,https://tabelog.com/tokyo/A1309/A130905/13006446/,https://www.google.com/maps/search/?api=1&query=%E9%BE%8D%E6%9C%8B%20%E6%9D%B1%E4%BA%AC%E9%83%BD%E6%96%B0%E5%AE%BF%E5%8C%BA%E7%9F%A2%E6%9D%A5%E7%94%BA123%20%E7%AC%AC%E4%B8%80%E7%9F%A2%E6%9D%A5%E3%83%93%E3%83%AB%20%EF%BC%A2%EF%BC%91,2021,中国料理 TOKYO,chinese_tokyo,発表日：2021年4月27日
登龍 麻布店,東京都港区麻布十番2-4-5,食べログ 中国料理 TOKYO 百名店 2021,https://tabelog.com/tokyo/A1307/A130702/13001659/,https://www.google.com/maps/search/?api=1&query=%E7%99%BB%E9%BE%8D%20%E9%BA%BB%E5%B8%83%E5%BA%97%20%E6%9D%B1%E4%BA%AC%E9%83%BD%E6%B8%AF%E5%8C%BA%E9%BA%BB%E5%B8%83%E5%8D%81%E7%95%AA2-4-5,2021,中国料理 TOKYO,chinese_tokyo,発表日：2021年4月27日
4000 Chinese Restaurant,東京都港区南青山7-10-10 パークアクシス南青山7丁目 1F,食べログ 中国料理 TOKYO 百名店 2021,https://tabelog.com/tokyo/A1307/A130703/13229559/,https://www.google.com/maps/search/?api=1&query=4000%20Chinese%20Restaurant%20%E6%9D%B1%E4%BA%AC%E9%83%BD%E6%B8%AF%E5%8C%BA%E5%8D%97%E9%9D%92%E5%B1%B17-10-10%20%E3%83%91%E3%83%BC%E3%82%AF%E3%82%A2%E3%82%AF%E3%82%B7%E3%82%B9%E5%8D%97%E9%9D%92%E5%B1%B17%E4%B8%81%E7%9B%AE%201F,2021,中国料理 TOKYO,chinese_tokyo,発表日：2021年4月27日
聚福楼,東京都豊島区西池袋1-37-16 大雄ビル 4Ｆ,食べログ 中国料理 TOKYO 百名店 2021,https://tabelog.com/tokyo/A1305/A130501/13147894/,https://www.google.com/maps/search/?api=1&query=%E8%81%9A%E7%A6%8F%E6%A5%BC%20%E6%9D%B1%E4%BA%AC%E9%83%BD%E8%B1%8A%E5%B3%B6%E5%8C%BA%E8%A5%BF%E6%B1%A0%E8%A2%8B1-37-16%20%E5%A4%A7%E9%9B%84%E3%83%93%E3%83%AB%204%EF%BC%A6,2021,中国料理 TOKYO,chinese_tokyo,発表日：2021年4月27日
頂上麺 筑紫樓 ふかひれ麺専門店  八重洲店,東京都千代田区丸の内1-9-1 東京駅　改札外 1F キッチンストリート,食べログ 中国料理 TOKYO 百名店 2021,https://tabelog.com/tokyo/A1302/A130201/13017149/,https://www.google.com/maps/search/?api=1&query=%E9%A0%82%E4%B8%8A%E9%BA%BA%20%E7%AD%91%E7%B4%AB%E6%A8%93%20%E3%81%B5%E3%81%8B%E3%81%B2%E3%82%8C%E9%BA%BA%E5%B0%82%E9%96%80%E5%BA%97%20%20%E5%85%AB%E9%87%8D%E6%B4%B2%E5%BA%97%20%E6%9D%B1%E4%BA%AC%E9%83%BD%E5%8D%83%E4%BB%A3%E7%94%B0%E5%8C%BA%E4%B8%B8%E3%81%AE%E5%86%851-9-1%20%E6%9D%B1%E4%BA%AC%E9%A7%85%E3%80%80%E6%94%B9%E6%9C%AD%E5%A4%96%201F%20%E3%82%AD%E3%83%83%E3%83%81%E3%83%B3%E3%82%B9%E3%83%88%E3%83%AA%E3%83%BC%E3%83%88,2021,中国料理 TOKYO,chinese_tokyo,発表日：2021年4月27日
四川家庭料理 珍々,東京都江戸川区西小岩4-9-20 島村ビル,食べログ 中国料理 TOKYO 百名店 2021,https://tabelog.com/tokyo/A1312/A131204/13020918/,https://www.google.com/maps/search/?api=1&query=%E5%9B%9B%E5%B7%9D%E5%AE%B6%E5%BA%AD%E6%96%99%E7%90%86%20%E7%8F%8D%E3%80%85%20%E6%9D%B1%E4%BA%AC%E9%83%BD%E6%B1%9F%E6%88%B8%E5%B7%9D%E5%8C%BA%E8%A5%BF%E5%B0%8F%E5%B2%A94-9-20%20%E5%B3%B6%E6%9D%91%E3%83%93%E3%83%AB,2021,中国料理 TOKYO,chinese_tokyo,発表日：2021年4月27日
中国飯店 紫玉蘭,東京都港区東麻布3-4-16 紫玉蘭ビル 1F・2F・3F,食べログ 中国料理 TOKYO 百名店 2021,https://tabelog.com/tokyo/A1307/A130702/13104815/,https://www.google.com/maps/search/?api=1&query=%E4%B8%AD%E5%9B%BD%E9%A3%AF%E5%BA%97%20%E7%B4%AB%E7%8E%89%E8%98%AD%20%E6%9D%B1%E4%BA%AC%E9%83%BD%E6%B8%AF%E5%8C%BA%E6%9D%B1%E9%BA%BB%E5%B8%833-4-16%20%E7%B4%AB%E7%8E%89%E8%98%AD%E3%83%93%E3%83%AB%201F%E3%83%BB2F%E3%83%BB3F,2021,中国料理 TOKYO,chinese_tokyo,発表日：2021年4月27日
東京チャイニーズ 一凛,東京都中央区築地1-5-8 樋泉ビル 1F,食べログ 中国料理 TOKYO 百名店 2021,https://tabelog.com/tokyo/A1313/A131301/13153417/,https://www.google.com/maps/search/?api=1&query=%E6%9D%B1%E4%BA%AC%E3%83%81%E3%83%A3%E3%82%A4%E3%83%8B%E3%83%BC%E3%82%BA%20%E4%B8%80%E5%87%9B%20%E6%9D%B1%E4%BA%AC%E9%83%BD%E4%B8%AD%E5%A4%AE%E5%8C%BA%E7%AF%89%E5%9C%B01-5-8%20%E6%A8%8B%E6%B3%89%E3%83%93%E3%83%AB%201F,2021,中国料理 TOKYO,chinese_tokyo,発表日：2021年4月27日
小熊飯店,東京都渋谷区千駄ヶ谷3-14-10 Chez Castor B1F,食べログ 中国料理 TOKYO 百名店 2021,https://tabelog.com/tokyo/A1309/A130901/13142019/,https://www.google.com/maps/search/?api=1&query=%E5%B0%8F%E7%86%8A%E9%A3%AF%E5%BA%97%20%E6%9D%B1%E4%BA%AC%E9%83%BD%E6%B8%8B%E8%B0%B7%E5%8C%BA%E5%8D%83%E9%A7%84%E3%83%B6%E8%B0%B73-14-10%20Chez%20Castor%20B1F,2021,中国料理 TOKYO,chinese_tokyo,発表日：2021年4月27日
蓮香,東京都港区白金4-1-7,食べログ 中国料理 TOKYO 百名店 2021,https://tabelog.com/tokyo/A1316/A131602/13190771/,https://www.google.com/maps/search/?api=1&query=%E8%93%AE%E9%A6%99%20%E6%9D%B1%E4%BA%AC%E9%83%BD%E6%B8%AF%E5%8C%BA%E7%99%BD%E9%87%914-1-7,2021,中国料理 TOKYO,chinese_tokyo,発表日：2021年4月27日
四川料理 龍の子,東京都渋谷区神宮前1-8-5 メナー神宮前 B1Ｆ,食べログ 中国料理 TOKYO 百名店 2021,https://tabelog.com/tokyo/A1306/A130601/13001219/,https://www.google.com/maps/search/?api=1&query=%E5%9B%9B%E5%B7%9D%E6%96%99%E7%90%86%20%E9%BE%8D%E3%81%AE%E5%AD%90%20%E6%9D%B1%E4%BA%AC%E9%83%BD%E6%B8%8B%E8%B0%B7%E5%8C%BA%E7%A5%9E%E5%AE%AE%E5%89%8D1-8-5%20%E3%83%A1%E3%83%8A%E3%83%BC%E7%A5%9E%E5%AE%AE%E5%89%8D%20B1%EF%BC%A6,2021,中国料理 TOKYO,chinese_tokyo,発表日：2021年4月27日
ミモザ,東京都港区南青山3-10-40 フィオラ南青山ビル 2F,食べログ 中国料理 TOKYO 百名店 2021,https://tabelog.com/tokyo/A1306/A130602/13197047/,https://www.google.com/maps/search/?api=1&query=%E3%83%9F%E3%83%A2%E3%82%B6%20%E6%9D%B1%E4%BA%AC%E9%83%BD%E6%B8%AF%E5%8C%BA%E5%8D%97%E9%9D%92%E5%B1%B13-10-40%20%E3%83%95%E3%82%A3%E3%82%AA%E3%83%A9%E5%8D%97%E9%9D%92%E5%B1%B1%E3%83%93%E3%83%AB%202F,2021,中国料理 TOKYO,chinese_tokyo,発表日：2021年4月27日
レンゲ,東京都中央区銀座7-4-5 GINZA745ビル 9F,食べログ 中国料理 TOKYO 百名店 2021,https://tabelog.com/tokyo/A1301/A130101/13183555/,https://www.google.com/maps/search/?api=1&query=%E3%83%AC%E3%83%B3%E3%82%B2%20%E6%9D%B1%E4%BA%AC%E9%83%BD%E4%B8%AD%E5%A4%AE%E5%8C%BA%E9%8A%80%E5%BA%A77-4-5%20GINZA745%E3%83%93%E3%83%AB%209F,2021,中国料理 TOKYO,chinese_tokyo,発表日：2021年4月27日
MASA’S KITCHEN 恵比寿,東京都渋谷区恵比寿1-21-13 BPRレジデンス恵比寿 B1F,食べログ 中国料理 TOKYO 百名店 2021,https://tabelog.com/tokyo/A1303/A130302/13054526/,https://www.google.com/maps/search/?api=1&query=MASA%E2%80%99S%20KITCHEN%20%E6%81%B5%E6%AF%94%E5%AF%BF%20%E6%9D%B1%E4%BA%AC%E9%83%BD%E6%B8%8B%E8%B0%B7%E5%8C%BA%E6%81%B5%E6%AF%94%E5%AF%BF1-21-13%20BPR%E3%83%AC%E3%82%B8%E3%83%87%E3%83%B3%E3%82%B9%E6%81%B5%E6%AF%94%E5%AF%BF%20B1F,2021,中国料理 TOKYO,chinese_tokyo,発表日：2021年4月27日
新世界菜館,東京都千代田区神田神保町2-2 新世界ビル,食べログ 中国料理 TOKYO 百名店 2021,https://tabelog.com/tokyo/A1310/A131003/13000411/,https://www.google.com/maps/search/?api=1&query=%E6%96%B0%E4%B8%96%E7%95%8C%E8%8F%9C%E9%A4%A8%20%E6%9D%B1%E4%BA%AC%E9%83%BD%E5%8D%83%E4%BB%A3%E7%94%B0%E5%8C%BA%E7%A5%9E%E7%94%B0%E7%A5%9E%E4%BF%9D%E7%94%BA2-2%20%E6%96%B0%E4%B8%96%E7%95%8C%E3%83%93%E3%83%AB,2021,中国料理 TOKYO,chinese_tokyo,発表日：2021年4月27日
味芳斎 支店,東京都港区芝大門1-10-1 全国たばこビル 1F,食べログ 中国料理 TOKYO 百名店 2021,https://tabelog.com/tokyo/A1314/A131401/13001509/,https://www.google.com/maps/search/?api=1&query=%E5%91%B3%E8%8A%B3%E6%96%8E%20%E6%94%AF%E5%BA%97%20%E6%9D%B1%E4%BA%AC%E9%83%BD%E6%B8%AF%E5%8C%BA%E8%8A%9D%E5%A4%A7%E9%96%801-10-1%20%E5%85%A8%E5%9B%BD%E3%81%9F%E3%81%B0%E3%81%93%E3%83%93%E3%83%AB%201F,2021,中国料理 TOKYO,chinese_tokyo,発表日：2021年4月27日
中国料理 四川,東京都港区白金台1-1-50 シェラトン都ホテル東京 1F,食べログ 中国料理 TOKYO 百名店 2021,https://tabelog.com/tokyo/A1316/A131602/13000014/,https://www.google.com/maps/search/?api=1&query=%E4%B8%AD%E5%9B%BD%E6%96%99%E7%90%86%20%E5%9B%9B%E5%B7%9D%20%E6%9D%B1%E4%BA%AC%E9%83%BD%E6%B8%AF%E5%8C%BA%E7%99%BD%E9%87%91%E5%8F%B01-1-50%20%E3%82%B7%E3%82%A7%E3%83%A9%E3%83%88%E3%83%B3%E9%83%BD%E3%83%9B%E3%83%86%E3%83%AB%E6%9D%B1%E4%BA%AC%201F,2021,中国料理 TOKYO,chinese_tokyo,発表日：2021年4月27日
源烹輪,東京都中野区上鷺宮4-16-10 セイワビル 1F,食べログ 中国料理 TOKYO 百名店 2021,https://tabelog.com/tokyo/A1321/A132102/13005640/,https://www.google.com/maps/search/?api=1&query=%E6%BA%90%E7%83%B9%E8%BC%AA%20%E6%9D%B1%E4%BA%AC%E9%83%BD%E4%B8%AD%E9%87%8E%E5%8C%BA%E4%B8%8A%E9%B7%BA%E5%AE%AE4-16-10%20%E3%82%BB%E3%82%A4%E3%83%AF%E3%83%93%E3%83%AB%201F,2021,中国料理 TOKYO,chinese_tokyo,発表日：2021年4月27日
赤坂璃宮 銀座店,東京都中央区銀座6-8-7 交詢ビル 5F,食べログ 中国料理 TOKYO 百名店 2021,https://tabelog.com/tokyo/A1301/A130101/13013346/,https://www.google.com/maps/search/?api=1&query=%E8%B5%A4%E5%9D%82%E7%92%83%E5%AE%AE%20%E9%8A%80%E5%BA%A7%E5%BA%97%20%E6%9D%B1%E4%BA%AC%E9%83%BD%E4%B8%AD%E5%A4%AE%E5%8C%BA%E9%8A%80%E5%BA%A76-8-7%20%E4%BA%A4%E8%A9%A2%E3%83%93%E3%83%AB%205F,2021,中国料理 TOKYO,chinese_tokyo,発表日：2021年4月27日
フルタ,東京都中央区銀座1-21-14,食べログ 中国料理 TOKYO 百名店 2021,https://tabelog.com/tokyo/A1313/A131301/13176780/,https://www.google.com/maps/search/?api=1&query=%E3%83%95%E3%83%AB%E3%82%BF%20%E6%9D%B1%E4%BA%AC%E9%83%BD%E4%B8%AD%E5%A4%AE%E5%8C%BA%E9%8A%80%E5%BA%A71-21-14,2021,中国料理 TOKYO,chinese_tokyo,発表日：2021年4月27日
趙楊,東京都港区新橋1-5-5 グランベル銀座ビル2   7F,食べログ 中国料理 TOKYO 百名店 2021,https://tabelog.com/tokyo/A1301/A130103/13172920/,https://www.google.com/maps/search/?api=1&query=%E8%B6%99%E6%A5%8A%20%E6%9D%B1%E4%BA%AC%E9%83%BD%E6%B8%AF%E5%8C%BA%E6%96%B0%E6%A9%8B1-5-5%20%E3%82%B0%E3%83%A9%E3%83%B3%E3%83%99%E3%83%AB%E9%8A%80%E5%BA%A7%E3%83%93%E3%83%AB2%20%20%207F,2021,中国料理 TOKYO,chinese_tokyo,発表日：2021年4月27日
O2,東京都江東区三好2-15-12 峯岸ビル1F,食べログ 中国料理 TOKYO 百名店 2021,https://tabelog.com/tokyo/A1313/A131303/13219958/,https://www.google.com/maps/search/?api=1&query=O2%20%E6%9D%B1%E4%BA%AC%E9%83%BD%E6%B1%9F%E6%9D%B1%E5%8C%BA%E4%B8%89%E5%A5%BD2-15-12%20%E5%B3%AF%E5%B2%B8%E3%83%93%E3%83%AB1F,2021,中国料理 TOKYO,chinese_tokyo,発表日：2021年4月27日
潮州,東京都杉並区荻窪5-7-9 明泰ビル B1F,食べログ 中国料理 TOKYO 百名店 2021,https://tabelog.com/tokyo/A1319/A131906/13001116/,https://www.google.com/maps/search/?api=1&query=%E6%BD%AE%E5%B7%9E%20%E6%9D%B1%E4%BA%AC%E9%83%BD%E6%9D%89%E4%B8%A6%E5%8C%BA%E8%8D%BB%E7%AA%AA5-7-9%20%E6%98%8E%E6%B3%B0%E3%83%93%E3%83%AB%20B1F,2021,中国料理 TOKYO,chinese_tokyo,発表日：2021年4月27日
馥香 浅草橋本店,東京都台東区柳橋2-14-2 アリス・マナーガーデン浅草橋　１Ｆ,食べログ 中国料理 TOKYO 百名店 2021,https://tabelog.com/tokyo/A1311/A131103/13010780/,https://www.google.com/maps/search/?api=1&query=%E9%A6%A5%E9%A6%99%20%E6%B5%85%E8%8D%89%E6%A9%8B%E6%9C%AC%E5%BA%97%20%E6%9D%B1%E4%BA%AC%E9%83%BD%E5%8F%B0%E6%9D%B1%E5%8C%BA%E6%9F%B3%E6%A9%8B2-14-2%20%E3%82%A2%E3%83%AA%E3%82%B9%E3%83%BB%E3%83%9E%E3%83%8A%E3%83%BC%E3%82%AC%E3%83%BC%E3%83%87%E3%83%B3%E6%B5%85%E8%8D%89%E6%A9%8B%E3%80%80%EF%BC%91%EF%BC%A6,2021,中国料理 TOKYO,chinese_tokyo,発表日：2021年4月27日
周中菜房 白金亭,東京都港区白金台4-19-13 白金台ＴＦビル 2F,食べログ 中国料理 TOKYO 百名店 2021,https://tabelog.com/tokyo/A1316/A131602/13022755/,https://www.google.com/maps/search/?api=1&query=%E5%91%A8%E4%B8%AD%E8%8F%9C%E6%88%BF%20%E7%99%BD%E9%87%91%E4%BA%AD%20%E6%9D%B1%E4%BA%AC%E9%83%BD%E6%B8%AF%E5%8C%BA%E7%99%BD%E9%87%91%E5%8F%B04-19-13%20%E7%99%BD%E9%87%91%E5%8F%B0%EF%BC%B4%EF%BC%A6%E3%83%93%E3%83%AB%202F,2021,中国料理 TOKYO,chinese_tokyo,発表日：2021年4月27日
羊香味坊,東京都台東区上野3-12-6,食べログ 中国料理 TOKYO 百名店 2021,https://tabelog.com/tokyo/A1311/A131101/13200566/,https://www.google.com/maps/search/?api=1&query=%E7%BE%8A%E9%A6%99%E5%91%B3%E5%9D%8A%20%E6%9D%B1%E4%BA%AC%E9%83%BD%E5%8F%B0%E6%9D%B1%E5%8C%BA%E4%B8%8A%E9%87%8E3-12-6,2021,中国料理 TOKYO,chinese_tokyo,発表日：2021年4月27日
川菜館,東京都千代田区神田駿河台3-7-7,食べログ 中国料理 TOKYO 百名店 2021,https://tabelog.com/tokyo/A1310/A131002/13026144/,https://www.google.com/maps/search/?api=1&query=%E5%B7%9D%E8%8F%9C%E9%A4%A8%20%E6%9D%B1%E4%BA%AC%E9%83%BD%E5%8D%83%E4%BB%A3%E7%94%B0%E5%8C%BA%E7%A5%9E%E7%94%B0%E9%A7%BF%E6%B2%B3%E5%8F%B03-7-7,2021,中国料理 TOKYO,chinese_tokyo,発表日：2021年4月27日
中華香彩JASMINE 広尾本店,東京都渋谷区広尾5-22-3 広尾西川ビル 1F,食べログ 中国料理 TOKYO 百名店 2021,https://tabelog.com/tokyo/A1303/A130302/13123634/,https://www.google.com/maps/search/?api=1&query=%E4%B8%AD%E8%8F%AF%E9%A6%99%E5%BD%A9JASMINE%20%E5%BA%83%E5%B0%BE%E6%9C%AC%E5%BA%97%20%E6%9D%B1%E4%BA%AC%E9%83%BD%E6%B8%8B%E8%B0%B7%E5%8C%BA%E5%BA%83%E5%B0%BE5-22-3%20%E5%BA%83%E5%B0%BE%E8%A5%BF%E5%B7%9D%E3%83%93%E3%83%AB%201F,2021,中国料理 TOKYO,chinese_tokyo,発表日：2021年4月27日
CINA New Modern Chinese,東京都渋谷区恵比寿南1-17-17 TimeZoneテラスビル 2F,食べログ 中国料理 TOKYO 百名店 2021,https://tabelog.com/tokyo/A1303/A130302/13200117/,https://www.google.com/maps/search/?api=1&query=CINA%20New%20Modern%20Chinese%20%E6%9D%B1%E4%BA%AC%E9%83%BD%E6%B8%8B%E8%B0%B7%E5%8C%BA%E6%81%B5%E6%AF%94%E5%AF%BF%E5%8D%971-17-17%20TimeZone%E3%83%86%E3%83%A9%E3%82%B9%E3%83%93%E3%83%AB%202F,2021,中国料理 TOKYO,chinese_tokyo,発表日：2021年4月27日
黒猫夜 六本木店,東京都港区六本木4-9-1 佐竹ビル ４F,食べログ 中国料理 TOKYO 百名店 2021,https://tabelog.com/tokyo/A1307/A130701/13115202/,https://www.google.com/maps/search/?api=1&query=%E9%BB%92%E7%8C%AB%E5%A4%9C%20%E5%85%AD%E6%9C%AC%E6%9C%A8%E5%BA%97%20%E6%9D%B1%E4%BA%AC%E9%83%BD%E6%B8%AF%E5%8C%BA%E5%85%AD%E6%9C%AC%E6%9C%A84-9-1%20%E4%BD%90%E7%AB%B9%E3%83%93%E3%83%AB%20%EF%BC%94F,2021,中国料理 TOKYO,chinese_tokyo,発表日：2021年4月27日
SEN YO,東京都杉並区和田3-18-9,食べログ 中国料理 TOKYO 百名店 2021,https://tabelog.com/tokyo/A1319/A131904/13135036/,https://www.google.com/maps/search/?api=1&query=SEN%20YO%20%E6%9D%B1%E4%BA%AC%E9%83%BD%E6%9D%89%E4%B8%A6%E5%8C%BA%E5%92%8C%E7%94%B03-18-9,2021,中国料理 TOKYO,chinese_tokyo,発表日：2021年4月27日
中華風家庭料理 ふーみん,東京都港区南青山5-7-17 小原流会館 B1F,食べログ 中国料理 TOKYO 百名店 2021,https://tabelog.com/tokyo/A1306/A130602/13002096/,https://www.google.com/maps/search/?api=1&query=%E4%B8%AD%E8%8F%AF%E9%A2%A8%E5%AE%B6%E5%BA%AD%E6%96%99%E7%90%86%20%E3%81%B5%E3%83%BC%E3%81%BF%E3%82%93%20%E6%9D%B1%E4%BA%AC%E9%83%BD%E6%B8%AF%E5%8C%BA%E5%8D%97%E9%9D%92%E5%B1%B15-7-17%20%E5%B0%8F%E5%8E%9F%E6%B5%81%E4%BC%9A%E9%A4%A8%20B1F,2021,中国料理 TOKYO,chinese_tokyo,発表日：2021年4月27日
川香苑 本格四川料理,東京都新宿区歌舞伎町1-16-12 蓬麻ビル 2F,食べログ 中国料理 TOKYO 百名店 2021,https://tabelog.com/tokyo/A1304/A130401/13043276/,https://www.google.com/maps/search/?api=1&query=%E5%B7%9D%E9%A6%99%E8%8B%91%20%E6%9C%AC%E6%A0%BC%E5%9B%9B%E5%B7%9D%E6%96%99%E7%90%86%20%E6%9D%B1%E4%BA%AC%E9%83%BD%E6%96%B0%E5%AE%BF%E5%8C%BA%E6%AD%8C%E8%88%9E%E4%BC%8E%E7%94%BA1-16-12%20%E8%93%AC%E9%BA%BB%E3%83%93%E3%83%AB%202F,2021,中国料理 TOKYO,chinese_tokyo,発表日：2021年4月27日
中華たかせ,東京都中央区銀座8-7-8 GINZA8ビル 3F,食べログ 中国料理 TOKYO 百名店 2021,https://tabelog.com/tokyo/A1301/A130101/13199649/,https://www.google.com/maps/search/?api=1&query=%E4%B8%AD%E8%8F%AF%E3%81%9F%E3%81%8B%E3%81%9B%20%E6%9D%B1%E4%BA%AC%E9%83%BD%E4%B8%AD%E5%A4%AE%E5%8C%BA%E9%8A%80%E5%BA%A78-7-8%20GINZA8%E3%83%93%E3%83%AB%203F,2021,中国料理 TOKYO,chinese_tokyo,発表日：2021年4月27日
涵梅舫 銀座店,東京都中央区銀座2-4-6 ベルビア館 8F,食べログ 中国料理 TOKYO 百名店 2021,https://tabelog.com/tokyo/A1301/A130101/13174080/,https://www.google.com/maps/search/?api=1&query=%E6%B6%B5%E6%A2%85%E8%88%AB%20%E9%8A%80%E5%BA%A7%E5%BA%97%20%E6%9D%B1%E4%BA%AC%E9%83%BD%E4%B8%AD%E5%A4%AE%E5%8C%BA%E9%8A%80%E5%BA%A72-4-6%20%E3%83%99%E3%83%AB%E3%83%93%E3%82%A2%E9%A4%A8%208F,2021,中国料理 TOKYO,chinese_tokyo,発表日：2021年4月27日
ヘイフンテラス,東京都千代田区有楽町1-8-1 ザ・ペニンシュラ東京　２Ｆ,食べログ 中国料理 TOKYO 百名店 2021,https://tabelog.com/tokyo/A1301/A130102/13042931/,https://www.google.com/maps/search/?api=1&query=%E3%83%98%E3%82%A4%E3%83%95%E3%83%B3%E3%83%86%E3%83%A9%E3%82%B9%20%E6%9D%B1%E4%BA%AC%E9%83%BD%E5%8D%83%E4%BB%A3%E7%94%B0%E5%8C%BA%E6%9C%89%E6%A5%BD%E7%94%BA1-8-1%20%E3%82%B6%E3%83%BB%E3%83%9A%E3%83%8B%E3%83%B3%E3%82%B7%E3%83%A5%E3%83%A9%E6%9D%B1%E4%BA%AC%E3%80%80%EF%BC%92%EF%BC%A6,2021,中国料理 TOKYO,chinese_tokyo,発表日：2021年4月27日
サエキ飯店,東京都目黒区三田2-10-30 荒井ビル 1F,食べログ 中国料理 TOKYO 百名店 2021,https://tabelog.com/tokyo/A1316/A131601/13233311/,https://www.google.com/maps/search/?api=1&query=%E3%82%B5%E3%82%A8%E3%82%AD%E9%A3%AF%E5%BA%97%20%E6%9D%B1%E4%BA%AC%E9%83%BD%E7%9B%AE%E9%BB%92%E5%8C%BA%E4%B8%89%E7%94%B02-10-30%20%E8%8D%92%E4%BA%95%E3%83%93%E3%83%AB%201F,2021,中国料理 TOKYO,chinese_tokyo,発表日：2021年4月27日
黒猫夜 赤坂店,東京都港区赤坂3-9-8 篠原ビル　３Ｆ,食べログ 中国料理 TOKYO 百名店 2021,https://tabelog.com/tokyo/A1308/A130801/13019152/,https://www.google.com/maps/search/?api=1&query=%E9%BB%92%E7%8C%AB%E5%A4%9C%20%E8%B5%A4%E5%9D%82%E5%BA%97%20%E6%9D%B1%E4%BA%AC%E9%83%BD%E6%B8%AF%E5%8C%BA%E8%B5%A4%E5%9D%823-9-8%20%E7%AF%A0%E5%8E%9F%E3%83%93%E3%83%AB%E3%80%80%EF%BC%93%EF%BC%A6,2021,中国料理 TOKYO,chinese_tokyo,発表日：2021年4月27日
南方中華料理 南三,東京都新宿区荒木町10-14 伍番館ビル 2F B,食べログ 中国料理 TOKYO 百名店 2021,https://tabelog.com/tokyo/A1309/A130903/13221235/,https://www.google.com/maps/search/?api=1&query=%E5%8D%97%E6%96%B9%E4%B8%AD%E8%8F%AF%E6%96%99%E7%90%86%20%E5%8D%97%E4%B8%89%20%E6%9D%B1%E4%BA%AC%E9%83%BD%E6%96%B0%E5%AE%BF%E5%8C%BA%E8%8D%92%E6%9C%A8%E7%94%BA10-14%20%E4%BC%8D%E7%95%AA%E9%A4%A8%E3%83%93%E3%83%AB%202F%20B,2021,中国料理 TOKYO,chinese_tokyo,発表日：2021年4月27日
海鮮名菜　香宮,東京都港区西麻布1-4-44 シグマ西麻布Ⅱ１Ｆ,食べログ 中国料理 TOKYO 百名店 2021,https://tabelog.com/tokyo/A1307/A130701/13132399/,https://www.google.com/maps/search/?api=1&query=%E6%B5%B7%E9%AE%AE%E5%90%8D%E8%8F%9C%E3%80%80%E9%A6%99%E5%AE%AE%20%E6%9D%B1%E4%BA%AC%E9%83%BD%E6%B8%AF%E5%8C%BA%E8%A5%BF%E9%BA%BB%E5%B8%831-4-44%20%E3%82%B7%E3%82%B0%E3%83%9E%E8%A5%BF%E9%BA%BB%E5%B8%83%E2%85%A1%EF%BC%91%EF%BC%A6,2021,中国料理 TOKYO,chinese_tokyo,発表日：2021年4月27日
豊栄,東京都文京区小石川5-38-14 ＫＤビル 1F,食べログ 中国料理 TOKYO 百名店 2021,https://tabelog.com/tokyo/A1323/A132302/13194172/,https://www.google.com/maps/search/?api=1&query=%E8%B1%8A%E6%A0%84%20%E6%9D%B1%E4%BA%AC%E9%83%BD%E6%96%87%E4%BA%AC%E5%8C%BA%E5%B0%8F%E7%9F%B3%E5%B7%9D5-38-14%20%EF%BC%AB%EF%BC%A4%E3%83%93%E3%83%AB%201F,2021,中国料理 TOKYO,chinese_tokyo,発表日：2021年4月27日
四川雅園,東京都港区赤坂4-3-11 1F,食べログ 中国料理 TOKYO 百名店 2021,https://tabelog.com/tokyo/A1308/A130801/13112320/,https://www.google.com/maps/search/?api=1&query=%E5%9B%9B%E5%B7%9D%E9%9B%85%E5%9C%92%20%E6%9D%B1%E4%BA%AC%E9%83%BD%E6%B8%AF%E5%8C%BA%E8%B5%A4%E5%9D%824-3-11%201F,2021,中国料理 TOKYO,chinese_tokyo,発表日：2021年4月27日
南青山エッセンス,東京都港区南青山3-8-2 サンブリッジ青山　１Ｆ,食べログ 中国料理 TOKYO 百名店 2021,https://tabelog.com/tokyo/A1306/A130602/13039870/,https://www.google.com/maps/search/?api=1&query=%E5%8D%97%E9%9D%92%E5%B1%B1%E3%82%A8%E3%83%83%E3%82%BB%E3%83%B3%E3%82%B9%20%E6%9D%B1%E4%BA%AC%E9%83%BD%E6%B8%AF%E5%8C%BA%E5%8D%97%E9%9D%92%E5%B1%B13-8-2%20%E3%82%B5%E3%83%B3%E3%83%96%E3%83%AA%E3%83%83%E3%82%B8%E9%9D%92%E5%B1%B1%E3%80%80%EF%BC%91%EF%BC%A6,2021,中国料理 TOKYO,chinese_tokyo,発表日：2021年4月27日
スーツァン・レストラン陳 渋谷店,東京都渋谷区桜丘町26-1 セルリアンタワー東急ホテル 2F,食べログ 中国料理 TOKYO 百名店 2021,https://tabelog.com/tokyo/A1303/A130301/13001909/,https://www.google.com/maps/search/?api=1&query=%E3%82%B9%E3%83%BC%E3%83%84%E3%82%A1%E3%83%B3%E3%83%BB%E3%83%AC%E3%82%B9%E3%83%88%E3%83%A9%E3%83%B3%E9%99%B3%20%E6%B8%8B%E8%B0%B7%E5%BA%97%20%E6%9D%B1%E4%BA%AC%E9%83%BD%E6%B8%8B%E8%B0%B7%E5%8C%BA%E6%A1%9C%E4%B8%98%E7%94%BA26-1%20%E3%82%BB%E3%83%AB%E3%83%AA%E3%82%A2%E3%83%B3%E3%82%BF%E3%83%AF%E3%83%BC%E6%9D%B1%E6%80%A5%E3%83%9B%E3%83%86%E3%83%AB%202F,2021,中国料理 TOKYO,chinese_tokyo,発表日：2021年4月27日
北京遊膳,東京都杉並区荻窪5-24-7 富士ビル　２Ｆ,食べログ 中国料理 TOKYO 百名店 2021,https://tabelog.com/tokyo/A1319/A131906/13001102/,https://www.google.com/maps/search/?api=1&query=%E5%8C%97%E4%BA%AC%E9%81%8A%E8%86%B3%20%E6%9D%B1%E4%BA%AC%E9%83%BD%E6%9D%89%E4%B8%A6%E5%8C%BA%E8%8D%BB%E7%AA%AA5-24-7%20%E5%AF%8C%E5%A3%AB%E3%83%93%E3%83%AB%E3%80%80%EF%BC%92%EF%BC%A6,2021,中国料理 TOKYO,chinese_tokyo,発表日：2021年4月27日
赤坂 四川飯店,東京都千代田区平河町2-5-5 全国旅館会館ビル　５Ｆ・６Ｆ,食べログ 中国料理 TOKYO 百名店 2021,https://tabelog.com/tokyo/A1308/A130803/13000434/,https://www.google.com/maps/search/?api=1&query=%E8%B5%A4%E5%9D%82%20%E5%9B%9B%E5%B7%9D%E9%A3%AF%E5%BA%97%20%E6%9D%B1%E4%BA%AC%E9%83%BD%E5%8D%83%E4%BB%A3%E7%94%B0%E5%8C%BA%E5%B9%B3%E6%B2%B3%E7%94%BA2-5-5%20%E5%85%A8%E5%9B%BD%E6%97%85%E9%A4%A8%E4%BC%9A%E9%A4%A8%E3%83%93%E3%83%AB%E3%80%80%EF%BC%95%EF%BC%A6%E3%83%BB%EF%BC%96%EF%BC%A6,2021,中国料理 TOKYO,chinese_tokyo,発表日：2021年4月27日
茶禅華,東京都港区南麻布4-7-5,食べログ 中国料理 TOKYO 百名店 2021,https://tabelog.com/tokyo/A1307/A130703/13205298/,https://www.google.com/maps/search/?api=1&query=%E8%8C%B6%E7%A6%85%E8%8F%AF%20%E6%9D%B1%E4%BA%AC%E9%83%BD%E6%B8%AF%E5%8C%BA%E5%8D%97%E9%BA%BB%E5%B8%834-7-5,2021,中国料理 TOKYO,chinese_tokyo,発表日：2021年4月27日
広尾はしづめ,東京都港区南麻布5-16-10 カルチェブラン広尾 2F,食べログ 中国料理 TOKYO 百名店 2021,https://tabelog.com/tokyo/A1307/A130703/13141454/,https://www.google.com/maps/search/?api=1&query=%E5%BA%83%E5%B0%BE%E3%81%AF%E3%81%97%E3%81%A5%E3%82%81%20%E6%9D%B1%E4%BA%AC%E9%83%BD%E6%B8%AF%E5%8C%BA%E5%8D%97%E9%BA%BB%E5%B8%835-16-10%20%E3%82%AB%E3%83%AB%E3%83%81%E3%82%A7%E3%83%96%E3%83%A9%E3%83%B3%E5%BA%83%E5%B0%BE%202F,2021,中国料理 TOKYO,chinese_tokyo,発表日：2021年4月27日
龍天門,東京都目黒区三田1-4-1 ウェスティンホテル東京 2F,食べログ 中国料理 TOKYO 百名店 2021,https://tabelog.com/tokyo/A1303/A130302/13004490/,https://www.google.com/maps/search/?api=1&query=%E9%BE%8D%E5%A4%A9%E9%96%80%20%E6%9D%B1%E4%BA%AC%E9%83%BD%E7%9B%AE%E9%BB%92%E5%8C%BA%E4%B8%89%E7%94%B01-4-1%20%E3%82%A6%E3%82%A7%E3%82%B9%E3%83%86%E3%82%A3%E3%83%B3%E3%83%9B%E3%83%86%E3%83%AB%E6%9D%B1%E4%BA%AC%202F,2021,中国料理 TOKYO,chinese_tokyo,発表日：2021年4月27日
桃花源,東京都中央区銀座8-6-15 銀座グランドホテル 2F,食べログ 中国料理 TOKYO 百名店 2021,https://tabelog.com/tokyo/A1301/A130103/13002527/,https://www.google.com/maps/search/?api=1&query=%E6%A1%83%E8%8A%B1%E6%BA%90%20%E6%9D%B1%E4%BA%AC%E9%83%BD%E4%B8%AD%E5%A4%AE%E5%8C%BA%E9%8A%80%E5%BA%A78-6-15%20%E9%8A%80%E5%BA%A7%E3%82%B0%E3%83%A9%E3%83%B3%E3%83%89%E3%83%9B%E3%83%86%E3%83%AB%202F,2021,中国料理 TOKYO,chinese_tokyo,発表日：2021年4月27日
神田 雲林,東京都千代田区神田須田町1-17 2F,食べログ 中国料理 TOKYO 百名店 2021,https://tabelog.com/tokyo/A1310/A131002/13023052/,https://www.google.com/maps/search/?api=1&query=%E7%A5%9E%E7%94%B0%20%E9%9B%B2%E6%9E%97%20%E6%9D%B1%E4%BA%AC%E9%83%BD%E5%8D%83%E4%BB%A3%E7%94%B0%E5%8C%BA%E7%A5%9E%E7%94%B0%E9%A0%88%E7%94%B0%E7%94%BA1-17%202F,2021,中国料理 TOKYO,chinese_tokyo,発表日：2021年4月27日
赤坂璃宮 赤坂本店,東京都港区赤坂5-3-1 赤坂Bizタワー 2F,食べログ 中国料理 TOKYO 百名店 2021,https://tabelog.com/tokyo/A1308/A130801/13005028/,https://www.google.com/maps/search/?api=1&query=%E8%B5%A4%E5%9D%82%E7%92%83%E5%AE%AE%20%E8%B5%A4%E5%9D%82%E6%9C%AC%E5%BA%97%20%E6%9D%B1%E4%BA%AC%E9%83%BD%E6%B8%AF%E5%8C%BA%E8%B5%A4%E5%9D%825-3-1%20%E8%B5%A4%E5%9D%82Biz%E3%82%BF%E3%83%AF%E3%83%BC%202F,2021,中国料理 TOKYO,chinese_tokyo,発表日：2021年4月27日
交通飯店,東京都千代田区有楽町2-10-1 東京交通会館 B1F,食べログ 中国料理 TOKYO 百名店 2021,https://tabelog.com/tokyo/A1301/A130102/13025787/,https://www.google.com/maps/search/?api=1&query=%E4%BA%A4%E9%80%9A%E9%A3%AF%E5%BA%97%20%E6%9D%B1%E4%BA%AC%E9%83%BD%E5%8D%83%E4%BB%A3%E7%94%B0%E5%8C%BA%E6%9C%89%E6%A5%BD%E7%94%BA2-10-1%20%E6%9D%B1%E4%BA%AC%E4%BA%A4%E9%80%9A%E4%BC%9A%E9%A4%A8%20B1F,2021,中国料理 TOKYO,chinese_tokyo,発表日：2021年4月27日
ワキヤ 一笑美茶樓,東京都港区赤坂6-11-10,食べログ 中国料理 TOKYO 百名店 2021,https://tabelog.com/tokyo/A1308/A130801/13005033/,https://www.google.com/maps/search/?api=1&query=%E3%83%AF%E3%82%AD%E3%83%A4%20%E4%B8%80%E7%AC%91%E7%BE%8E%E8%8C%B6%E6%A8%93%20%E6%9D%B1%E4%BA%AC%E9%83%BD%E6%B8%AF%E5%8C%BA%E8%B5%A4%E5%9D%826-11-10,2021,中国料理 TOKYO,chinese_tokyo,発表日：2021年4月27日
52,東京都港区六本木4-6-4 第５一越ビル 2F,食べログ 中国料理 TOKYO 百名店 2021,https://tabelog.com/tokyo/A1307/A130701/13150543/,https://www.google.com/maps/search/?api=1&query=52%20%E6%9D%B1%E4%BA%AC%E9%83%BD%E6%B8%AF%E5%8C%BA%E5%85%AD%E6%9C%AC%E6%9C%A84-6-4%20%E7%AC%AC%EF%BC%95%E4%B8%80%E8%B6%8A%E3%83%93%E3%83%AB%202F,2021,中国料理 TOKYO,chinese_tokyo,発表日：2021年4月27日
サウスラボ 南方,東京都墨田区錦糸3-7-3 オフィスナカジマビル 1F,食べログ 中国料理 TOKYO 百名店 2021,https://tabelog.com/tokyo/A1312/A131201/13235226/,https://www.google.com/maps/search/?api=1&query=%E3%82%B5%E3%82%A6%E3%82%B9%E3%83%A9%E3%83%9C%20%E5%8D%97%E6%96%B9%20%E6%9D%B1%E4%BA%AC%E9%83%BD%E5%A2%A8%E7%94%B0%E5%8C%BA%E9%8C%A6%E7%B3%B83-7-3%20%E3%82%AA%E3%83%95%E3%82%A3%E3%82%B9%E3%83%8A%E3%82%AB%E3%82%B8%E3%83%9E%E3%83%93%E3%83%AB%201F,2021,中国料理 TOKYO,chinese_tokyo,発表日：2021年4月27日
萬来園,東京都品川区東大井5-6-8,食べログ 中国料理 TOKYO 百名店 2021,https://tabelog.com/tokyo/A1315/A131501/13001657/,https://www.google.com/maps/search/?api=1&query=%E8%90%AC%E6%9D%A5%E5%9C%92%20%E6%9D%B1%E4%BA%AC%E9%83%BD%E5%93%81%E5%B7%9D%E5%8C%BA%E6%9D%B1%E5%A4%A7%E4%BA%955-6-8,2021,中国料理 TOKYO,chinese_tokyo,発表日：2021年4月27日
シャンウェイ 本店,東京都渋谷区神宮前3-7-5 大鉄ビル　２Ｆ,食べログ 中国料理 TOKYO 百名店 2021,https://tabelog.com/tokyo/A1306/A130603/13006081/,https://www.google.com/maps/search/?api=1&query=%E3%82%B7%E3%83%A3%E3%83%B3%E3%82%A6%E3%82%A7%E3%82%A4%20%E6%9C%AC%E5%BA%97%20%E6%9D%B1%E4%BA%AC%E9%83%BD%E6%B8%8B%E8%B0%B7%E5%8C%BA%E7%A5%9E%E5%AE%AE%E5%89%8D3-7-5%20%E5%A4%A7%E9%89%84%E3%83%93%E3%83%AB%E3%80%80%EF%BC%92%EF%BC%A6,2021,中国料理 TOKYO,chinese_tokyo,発表日：2021年4月27日
龍口酒家 本店,東京都-渋谷区幡ケ谷1-3-1 幡ヶ谷ゴールデンセンター　Ｂ１Ｆ,食べログ 中国料理 TOKYO 百名店 2021,https://tabelog.com/tokyo/A1318/A131807/13004350/,https://www.google.com/maps/search/?api=1&query=%E9%BE%8D%E5%8F%A3%E9%85%92%E5%AE%B6%20%E6%9C%AC%E5%BA%97%20%E6%9D%B1%E4%BA%AC%E9%83%BD-%E6%B8%8B%E8%B0%B7%E5%8C%BA%E5%B9%A1%E3%82%B1%E8%B0%B71-3-1%20%E5%B9%A1%E3%83%B6%E8%B0%B7%E3%82%B4%E3%83%BC%E3%83%AB%E3%83%87%E3%83%B3%E3%82%BB%E3%83%B3%E3%82%BF%E3%83%BC%E3%80%80%EF%BC%A2%EF%BC%91%EF%BC%A6,2021,中国料理 TOKYO,chinese_tokyo,発表日：2021年4月27日
メゾン・ド・ユーロン,東京都港区赤坂4-13-18,食べログ 中国料理 TOKYO 百名店 2021,https://tabelog.com/tokyo/A1308/A130801/13002871/,https://www.google.com/maps/search/?api=1&query=%E3%83%A1%E3%82%BE%E3%83%B3%E3%83%BB%E3%83%89%E3%83%BB%E3%83%A6%E3%83%BC%E3%83%AD%E3%83%B3%20%E6%9D%B1%E4%BA%AC%E9%83%BD%E6%B8%AF%E5%8C%BA%E8%B5%A4%E5%9D%824-13-18,2021,中国料理 TOKYO,chinese_tokyo,発表日：2021年4月27日
蜀郷香,東京都新宿区舟町5-25 TSI FUNAMACHI 2F,食べログ 中国料理 TOKYO 百名店 2021,https://tabelog.com/tokyo/A1309/A130903/13115724/,https://www.google.com/maps/search/?api=1&query=%E8%9C%80%E9%83%B7%E9%A6%99%20%E6%9D%B1%E4%BA%AC%E9%83%BD%E6%96%B0%E5%AE%BF%E5%8C%BA%E8%88%9F%E7%94%BA5-25%20TSI%20FUNAMACHI%202F,2021,中国料理 TOKYO,chinese_tokyo,発表日：2021年4月27日
中国飯店 六本木店,東京都港区西麻布1-1-5 オリエンタルビル　１Ｆ・２Ｆ,食べログ 中国料理 TOKYO 百名店 2021,https://tabelog.com/tokyo/A1307/A130701/13001954/,https://www.google.com/maps/search/?api=1&query=%E4%B8%AD%E5%9B%BD%E9%A3%AF%E5%BA%97%20%E5%85%AD%E6%9C%AC%E6%9C%A8%E5%BA%97%20%E6%9D%B1%E4%BA%AC%E9%83%BD%E6%B8%AF%E5%8C%BA%E8%A5%BF%E9%BA%BB%E5%B8%831-1-5%20%E3%82%AA%E3%83%AA%E3%82%A8%E3%83%B3%E3%82%BF%E3%83%AB%E3%83%93%E3%83%AB%E3%80%80%EF%BC%91%EF%BC%A6%E3%83%BB%EF%BC%92%EF%BC%A6,2021,中国料理 TOKYO,chinese_tokyo,発表日：2021年4月27日
隼,東京都港区六本木4-4-2 ヒルサイドパレス六本木 B1F,食べログ 中国料理 TOKYO 百名店 2021,https://tabelog.com/tokyo/A1307/A130701/13225413/,https://www.google.com/maps/search/?api=1&query=%E9%9A%BC%20%E6%9D%B1%E4%BA%AC%E9%83%BD%E6%B8%AF%E5%8C%BA%E5%85%AD%E6%9C%AC%E6%9C%A84-4-2%20%E3%83%92%E3%83%AB%E3%82%B5%E3%82%A4%E3%83%89%E3%83%91%E3%83%AC%E3%82%B9%E5%85%AD%E6%9C%AC%E6%9C%A8%20B1F,2021,中国料理 TOKYO,chinese_tokyo,発表日：2021年4月27日
私厨房 勇,東京都港区白金6-5-5 モリハウス 1F,食べログ 中国料理 TOKYO 百名店 2021,https://tabelog.com/tokyo/A1316/A131602/13168401/,https://www.google.com/maps/search/?api=1&query=%E7%A7%81%E5%8E%A8%E6%88%BF%20%E5%8B%87%20%E6%9D%B1%E4%BA%AC%E9%83%BD%E6%B8%AF%E5%8C%BA%E7%99%BD%E9%87%916-5-5%20%E3%83%A2%E3%83%AA%E3%83%8F%E3%82%A6%E3%82%B9%201F,2021,中国料理 TOKYO,chinese_tokyo,発表日：2021年4月27日
四川豆花飯荘 東京店,東京都千代田区丸の内1-5-1 新丸の内ビルディング 6F,食べログ 中国料理 TOKYO 百名店 2021,https://tabelog.com/tokyo/A1302/A130201/13038505/,https://www.google.com/maps/search/?api=1&query=%E5%9B%9B%E5%B7%9D%E8%B1%86%E8%8A%B1%E9%A3%AF%E8%8D%98%20%E6%9D%B1%E4%BA%AC%E5%BA%97%20%E6%9D%B1%E4%BA%AC%E9%83%BD%E5%8D%83%E4%BB%A3%E7%94%B0%E5%8C%BA%E4%B8%B8%E3%81%AE%E5%86%851-5-1%20%E6%96%B0%E4%B8%B8%E3%81%AE%E5%86%85%E3%83%93%E3%83%AB%E3%83%87%E3%82%A3%E3%83%B3%E3%82%B0%206F,2021,中国料理 TOKYO,chinese_tokyo,発表日：2021年4月27日
GINZA JOTAKI,東京都中央区銀座6-5-13 銀座美術館ビル 3F,食べログ 中国料理 TOKYO 百名店 2021,https://tabelog.com/tokyo/A1301/A130101/13217960/,https://www.google.com/maps/search/?api=1&query=GINZA%20JOTAKI%20%E6%9D%B1%E4%BA%AC%E9%83%BD%E4%B8%AD%E5%A4%AE%E5%8C%BA%E9%8A%80%E5%BA%A76-5-13%20%E9%8A%80%E5%BA%A7%E7%BE%8E%E8%A1%93%E9%A4%A8%E3%83%93%E3%83%AB%203F,2021,中国料理 TOKYO,chinese_tokyo,発表日：2021年4月27日
横濱元町 霧笛楼,神奈川県横浜市中区元町2-96,食べログ フレンチ EAST 百名店 2021,https://tabelog.com/kanagawa/A1401/A140105/14001146/,https://www.google.com/maps/search/?api=1&query=%E6%A8%AA%E6%BF%B1%E5%85%83%E7%94%BA%20%E9%9C%A7%E7%AC%9B%E6%A5%BC%20%E7%A5%9E%E5%A5%88%E5%B7%9D%E7%9C%8C%E6%A8%AA%E6%B5%9C%E5%B8%82%E4%B8%AD%E5%8C%BA%E5%85%83%E7%94%BA2-96,2021,フレンチ EAST,french_east,発表日：2021年3月22日
佛蘭西料理 名古屋,神奈川県藤沢市鵠沼海岸6-8-14,食べログ フレンチ EAST 百名店 2021,https://tabelog.com/kanagawa/A1404/A140404/14057938/,https://www.google.com/maps/search/?api=1&query=%E4%BD%9B%E8%98%AD%E8%A5%BF%E6%96%99%E7%90%86%20%E5%90%8D%E5%8F%A4%E5%B1%8B%20%E7%A5%9E%E5%A5%88%E5%B7%9D%E7%9C%8C%E8%97%A4%E6%B2%A2%E5%B8%82%E9%B5%A0%E6%B2%BC%E6%B5%B7%E5%B2%B86-8-14,2021,フレンチ EAST,french_east,発表日：2021年3月22日
エピセ,千葉県千葉市中央区新田町3-13 久和ビル 1F,食べログ フレンチ EAST 百名店 2021,https://tabelog.com/chiba/A1201/A120101/12001097/,https://www.google.com/maps/search/?api=1&query=%E3%82%A8%E3%83%94%E3%82%BB%20%E5%8D%83%E8%91%89%E7%9C%8C%E5%8D%83%E8%91%89%E5%B8%82%E4%B8%AD%E5%A4%AE%E5%8C%BA%E6%96%B0%E7%94%B0%E7%94%BA3-13%20%E4%B9%85%E5%92%8C%E3%83%93%E3%83%AB%201F,2021,フレンチ EAST,french_east,発表日：2021年3月22日
フレンチレストラン にき亭 そごう横浜店,神奈川県横浜市西区高島2-18-1 そごう横浜店 10F,食べログ フレンチ EAST 百名店 2021,https://tabelog.com/kanagawa/A1401/A140101/14003081/,https://www.google.com/maps/search/?api=1&query=%E3%83%95%E3%83%AC%E3%83%B3%E3%83%81%E3%83%AC%E3%82%B9%E3%83%88%E3%83%A9%E3%83%B3%20%E3%81%AB%E3%81%8D%E4%BA%AD%20%E3%81%9D%E3%81%94%E3%81%86%E6%A8%AA%E6%B5%9C%E5%BA%97%20%E7%A5%9E%E5%A5%88%E5%B7%9D%E7%9C%8C%E6%A8%AA%E6%B5%9C%E5%B8%82%E8%A5%BF%E5%8C%BA%E9%AB%98%E5%B3%B62-18-1%20%E3%81%9D%E3%81%94%E3%81%86%E6%A8%AA%E6%B5%9C%E5%BA%97%2010F,2021,フレンチ EAST,french_east,発表日：2021年3月22日
ル シエール,神奈川県横浜市西区みなとみらい2-2-1-3 横浜ロイヤルパークホテル 68F,食べログ フレンチ EAST 百名店 2021,https://tabelog.com/kanagawa/A1401/A140103/14007836/,https://www.google.com/maps/search/?api=1&query=%E3%83%AB%20%E3%82%B7%E3%82%A8%E3%83%BC%E3%83%AB%20%E7%A5%9E%E5%A5%88%E5%B7%9D%E7%9C%8C%E6%A8%AA%E6%B5%9C%E5%B8%82%E8%A5%BF%E5%8C%BA%E3%81%BF%E3%81%AA%E3%81%A8%E3%81%BF%E3%82%89%E3%81%842-2-1-3%20%E6%A8%AA%E6%B5%9C%E3%83%AD%E3%82%A4%E3%83%A4%E3%83%AB%E3%83%91%E3%83%BC%E3%82%AF%E3%83%9B%E3%83%86%E3%83%AB%2068F,2021,フレンチ EAST,french_east,発表日：2021年3月22日
エリゼ光,神奈川県横浜市中区山手町246 カーネルスコーナー　２Ｆ,食べログ フレンチ EAST 百名店 2021,https://tabelog.com/kanagawa/A1401/A140105/14000520/,https://www.google.com/maps/search/?api=1&query=%E3%82%A8%E3%83%AA%E3%82%BC%E5%85%89%20%E7%A5%9E%E5%A5%88%E5%B7%9D%E7%9C%8C%E6%A8%AA%E6%B5%9C%E5%B8%82%E4%B8%AD%E5%8C%BA%E5%B1%B1%E6%89%8B%E7%94%BA246%20%E3%82%AB%E3%83%BC%E3%83%8D%E3%83%AB%E3%82%B9%E3%82%B3%E3%83%BC%E3%83%8A%E3%83%BC%E3%80%80%EF%BC%92%EF%BC%A6,2021,フレンチ EAST,french_east,発表日：2021年3月22日
オーベルジュ・オー・ミラドー,神奈川県足柄下郡箱根町元箱根159-15,食べログ フレンチ EAST 百名店 2021,https://tabelog.com/kanagawa/A1410/A141001/14001428/,https://www.google.com/maps/search/?api=1&query=%E3%82%AA%E3%83%BC%E3%83%99%E3%83%AB%E3%82%B8%E3%83%A5%E3%83%BB%E3%82%AA%E3%83%BC%E3%83%BB%E3%83%9F%E3%83%A9%E3%83%89%E3%83%BC%20%E7%A5%9E%E5%A5%88%E5%B7%9D%E7%9C%8C%E8%B6%B3%E6%9F%84%E4%B8%8B%E9%83%A1%E7%AE%B1%E6%A0%B9%E7%94%BA%E5%85%83%E7%AE%B1%E6%A0%B9159-15,2021,フレンチ EAST,french_east,発表日：2021年3月22日
ete,神奈川県鎌倉市由比ガ浜2-7-20 山口ビル 1F,食べログ フレンチ EAST 百名店 2021,https://tabelog.com/kanagawa/A1404/A140402/14039956/,https://www.google.com/maps/search/?api=1&query=ete%20%E7%A5%9E%E5%A5%88%E5%B7%9D%E7%9C%8C%E9%8E%8C%E5%80%89%E5%B8%82%E7%94%B1%E6%AF%94%E3%82%AC%E6%B5%9C2-7-20%20%E5%B1%B1%E5%8F%A3%E3%83%93%E3%83%AB%201F,2021,フレンチ EAST,french_east,発表日：2021年3月22日
りょうりにん みわ,神奈川県横浜市中区不老町1-6-6 ＬＳ関内ビル　２Ｆ,食べログ フレンチ EAST 百名店 2021,https://tabelog.com/kanagawa/A1401/A140104/14004312/,https://www.google.com/maps/search/?api=1&query=%E3%82%8A%E3%82%87%E3%81%86%E3%82%8A%E3%81%AB%E3%82%93%20%E3%81%BF%E3%82%8F%20%E7%A5%9E%E5%A5%88%E5%B7%9D%E7%9C%8C%E6%A8%AA%E6%B5%9C%E5%B8%82%E4%B8%AD%E5%8C%BA%E4%B8%8D%E8%80%81%E7%94%BA1-6-6%20%EF%BC%AC%EF%BC%B3%E9%96%A2%E5%86%85%E3%83%93%E3%83%AB%E3%80%80%EF%BC%92%EF%BC%A6,2021,フレンチ EAST,french_east,発表日：2021年3月22日
クイーン・アリス 横浜店,神奈川県横浜市西区みなとみらい2-3-7 横浜ベイホテル東急 3F,食べログ フレンチ EAST 百名店 2021,https://tabelog.com/kanagawa/A1401/A140103/14000156/,https://www.google.com/maps/search/?api=1&query=%E3%82%AF%E3%82%A4%E3%83%BC%E3%83%B3%E3%83%BB%E3%82%A2%E3%83%AA%E3%82%B9%20%E6%A8%AA%E6%B5%9C%E5%BA%97%20%E7%A5%9E%E5%A5%88%E5%B7%9D%E7%9C%8C%E6%A8%AA%E6%B5%9C%E5%B8%82%E8%A5%BF%E5%8C%BA%E3%81%BF%E3%81%AA%E3%81%A8%E3%81%BF%E3%82%89%E3%81%842-3-7%20%E6%A8%AA%E6%B5%9C%E3%83%99%E3%82%A4%E3%83%9B%E3%83%86%E3%83%AB%E6%9D%B1%E6%80%A5%203F,2021,フレンチ EAST,french_east,発表日：2021年3月22日
ザ・フジヤ,神奈川県足柄下郡箱根町宮ノ下359 富士屋ホテル,食べログ フレンチ EAST 百名店 2021,https://tabelog.com/kanagawa/A1410/A141001/14002020/,https://www.google.com/maps/search/?api=1&query=%E3%82%B6%E3%83%BB%E3%83%95%E3%82%B8%E3%83%A4%20%E7%A5%9E%E5%A5%88%E5%B7%9D%E7%9C%8C%E8%B6%B3%E6%9F%84%E4%B8%8B%E9%83%A1%E7%AE%B1%E6%A0%B9%E7%94%BA%E5%AE%AE%E3%83%8E%E4%B8%8B359%20%E5%AF%8C%E5%A3%AB%E5%B1%8B%E3%83%9B%E3%83%86%E3%83%AB,2021,フレンチ EAST,french_east,発表日：2021年3月22日
古我邸,神奈川県鎌倉市扇ガ谷1-7-23,食べログ フレンチ EAST 百名店 2021,https://tabelog.com/kanagawa/A1404/A140402/14058520/,https://www.google.com/maps/search/?api=1&query=%E5%8F%A4%E6%88%91%E9%82%B8%20%E7%A5%9E%E5%A5%88%E5%B7%9D%E7%9C%8C%E9%8E%8C%E5%80%89%E5%B8%82%E6%89%87%E3%82%AC%E8%B0%B71-7-23,2021,フレンチ EAST,french_east,発表日：2021年3月22日
シェ・ヒャクタケ,神奈川県茅ヶ崎市共恵1-1-7 小林ビル　２Ｆ,食べログ フレンチ EAST 百名店 2021,https://tabelog.com/kanagawa/A1404/A140406/14003805/,https://www.google.com/maps/search/?api=1&query=%E3%82%B7%E3%82%A7%E3%83%BB%E3%83%92%E3%83%A3%E3%82%AF%E3%82%BF%E3%82%B1%20%E7%A5%9E%E5%A5%88%E5%B7%9D%E7%9C%8C%E8%8C%85%E3%83%B6%E5%B4%8E%E5%B8%82%E5%85%B1%E6%81%B51-1-7%20%E5%B0%8F%E6%9E%97%E3%83%93%E3%83%AB%E3%80%80%EF%BC%92%EF%BC%A6,2021,フレンチ EAST,french_east,発表日：2021年3月22日
ラシェット M,千葉県習志野市谷津7-8-7 AOYAGIビル 1F,食べログ フレンチ EAST 百名店 2021,https://tabelog.com/chiba/A1202/A120204/12027859/,https://www.google.com/maps/search/?api=1&query=%E3%83%A9%E3%82%B7%E3%82%A7%E3%83%83%E3%83%88%20M%20%E5%8D%83%E8%91%89%E7%9C%8C%E7%BF%92%E5%BF%97%E9%87%8E%E5%B8%82%E8%B0%B7%E6%B4%A57-8-7%20AOYAGI%E3%83%93%E3%83%AB%201F,2021,フレンチ EAST,french_east,発表日：2021年3月22日
デュ・ヴァン・ハッシシ,神奈川県横浜市中区山下町210-3 パークアクシス山下町 1F,食べログ フレンチ EAST 百名店 2021,https://tabelog.com/kanagawa/A1401/A140105/14051554/,https://www.google.com/maps/search/?api=1&query=%E3%83%87%E3%83%A5%E3%83%BB%E3%83%B4%E3%82%A1%E3%83%B3%E3%83%BB%E3%83%8F%E3%83%83%E3%82%B7%E3%82%B7%20%E7%A5%9E%E5%A5%88%E5%B7%9D%E7%9C%8C%E6%A8%AA%E6%B5%9C%E5%B8%82%E4%B8%AD%E5%8C%BA%E5%B1%B1%E4%B8%8B%E7%94%BA210-3%20%E3%83%91%E3%83%BC%E3%82%AF%E3%82%A2%E3%82%AF%E3%82%B7%E3%82%B9%E5%B1%B1%E4%B8%8B%E7%94%BA%201F,2021,フレンチ EAST,french_east,発表日：2021年3月22日
ヴェル・ボワ,神奈川県足柄下郡箱根町元箱根80 山のホテル,食べログ フレンチ EAST 百名店 2021,https://tabelog.com/kanagawa/A1410/A141001/14001427/,https://www.google.com/maps/search/?api=1&query=%E3%83%B4%E3%82%A7%E3%83%AB%E3%83%BB%E3%83%9C%E3%83%AF%20%E7%A5%9E%E5%A5%88%E5%B7%9D%E7%9C%8C%E8%B6%B3%E6%9F%84%E4%B8%8B%E9%83%A1%E7%AE%B1%E6%A0%B9%E7%94%BA%E5%85%83%E7%AE%B1%E6%A0%B980%20%E5%B1%B1%E3%81%AE%E3%83%9B%E3%83%86%E3%83%AB,2021,フレンチ EAST,french_east,発表日：2021年3月22日
フランス料理 アジュール(ヨコハマ グランド インターコンチネンタル ホテル),神奈川県横浜市西区みなとみらい1-1-1 ヨコハマ グランド インターコンチネンタル ホテル 2F,食べログ フレンチ EAST 百名店 2021,https://tabelog.com/kanagawa/A1401/A140103/14000627/,https://www.google.com/maps/search/?api=1&query=%E3%83%95%E3%83%A9%E3%83%B3%E3%82%B9%E6%96%99%E7%90%86%20%E3%82%A2%E3%82%B8%E3%83%A5%E3%83%BC%E3%83%AB%28%E3%83%A8%E3%82%B3%E3%83%8F%E3%83%9E%20%E3%82%B0%E3%83%A9%E3%83%B3%E3%83%89%20%E3%82%A4%E3%83%B3%E3%82%BF%E3%83%BC%E3%82%B3%E3%83%B3%E3%83%81%E3%83%8D%E3%83%B3%E3%82%BF%E3%83%AB%20%E3%83%9B%E3%83%86%E3%83%AB%29%20%E7%A5%9E%E5%A5%88%E5%B7%9D%E7%9C%8C%E6%A8%AA%E6%B5%9C%E5%B8%82%E8%A5%BF%E5%8C%BA%E3%81%BF%E3%81%AA%E3%81%A8%E3%81%BF%E3%82%89%E3%81%841-1-1%20%E3%83%A8%E3%82%B3%E3%83%8F%E3%83%9E%20%E3%82%B0%E3%83%A9%E3%83%B3%E3%83%89%20%E3%82%A4%E3%83%B3%E3%82%BF%E3%83%BC%E3%82%B3%E3%83%B3%E3%83%81%E3%83%8D%E3%83%B3%E3%82%BF%E3%83%AB%20%E3%83%9B%E3%83%86%E3%83%AB%202F,2021,フレンチ EAST,french_east,発表日：2021年3月22日
ミッシェル ナカジマ,神奈川県鎌倉市常盤648-4,食べログ フレンチ EAST 百名店 2021,https://tabelog.com/kanagawa/A1404/A140402/14004587/,https://www.google.com/maps/search/?api=1&query=%E3%83%9F%E3%83%83%E3%82%B7%E3%82%A7%E3%83%AB%20%E3%83%8A%E3%82%AB%E3%82%B8%E3%83%9E%20%E7%A5%9E%E5%A5%88%E5%B7%9D%E7%9C%8C%E9%8E%8C%E5%80%89%E5%B8%82%E5%B8%B8%E7%9B%A4648-4,2021,フレンチ EAST,french_east,発表日：2021年3月22日
ミクニ ヨコハマ,神奈川県横浜市西区高島2-19-12 スカイビル 29F,食べログ フレンチ EAST 百名店 2021,https://tabelog.com/kanagawa/A1401/A140101/14012634/,https://www.google.com/maps/search/?api=1&query=%E3%83%9F%E3%82%AF%E3%83%8B%20%E3%83%A8%E3%82%B3%E3%83%8F%E3%83%9E%20%E7%A5%9E%E5%A5%88%E5%B7%9D%E7%9C%8C%E6%A8%AA%E6%B5%9C%E5%B8%82%E8%A5%BF%E5%8C%BA%E9%AB%98%E5%B3%B62-19-12%20%E3%82%B9%E3%82%AB%E3%82%A4%E3%83%93%E3%83%AB%2029F,2021,フレンチ EAST,french_east,発表日：2021年3月22日
箱根ハイランドホテル　ラ・フォーレ,神奈川県足柄下郡箱根町仙石原品の木940 箱根ハイランドホテル,食べログ フレンチ EAST 百名店 2021,https://tabelog.com/kanagawa/A1410/A141001/14004807/,https://www.google.com/maps/search/?api=1&query=%E7%AE%B1%E6%A0%B9%E3%83%8F%E3%82%A4%E3%83%A9%E3%83%B3%E3%83%89%E3%83%9B%E3%83%86%E3%83%AB%E3%80%80%E3%83%A9%E3%83%BB%E3%83%95%E3%82%A9%E3%83%BC%E3%83%AC%20%E7%A5%9E%E5%A5%88%E5%B7%9D%E7%9C%8C%E8%B6%B3%E6%9F%84%E4%B8%8B%E9%83%A1%E7%AE%B1%E6%A0%B9%E7%94%BA%E4%BB%99%E7%9F%B3%E5%8E%9F%E5%93%81%E3%81%AE%E6%9C%A8940%20%E7%AE%B1%E6%A0%B9%E3%83%8F%E3%82%A4%E3%83%A9%E3%83%B3%E3%83%89%E3%83%9B%E3%83%86%E3%83%AB,2021,フレンチ EAST,french_east,発表日：2021年3月22日
ビストロ ボン・グー・コクブ,神奈川県藤沢市長後675-1 アンテナショップ 2F,食べログ フレンチ EAST 百名店 2021,https://tabelog.com/kanagawa/A1404/A140405/14028447/,https://www.google.com/maps/search/?api=1&query=%E3%83%93%E3%82%B9%E3%83%88%E3%83%AD%20%E3%83%9C%E3%83%B3%E3%83%BB%E3%82%B0%E3%83%BC%E3%83%BB%E3%82%B3%E3%82%AF%E3%83%96%20%E7%A5%9E%E5%A5%88%E5%B7%9D%E7%9C%8C%E8%97%A4%E6%B2%A2%E5%B8%82%E9%95%B7%E5%BE%8C675-1%20%E3%82%A2%E3%83%B3%E3%83%86%E3%83%8A%E3%82%B7%E3%83%A7%E3%83%83%E3%83%97%202F,2021,フレンチ EAST,french_east,発表日：2021年3月22日
Le Salon de Legumes,神奈川県横浜市中区海岸通4-20-2 YT馬車道ビル 1F,食べログ フレンチ EAST 百名店 2021,https://tabelog.com/kanagawa/A1401/A140104/14045182/,https://www.google.com/maps/search/?api=1&query=Le%20Salon%20de%20Legumes%20%E7%A5%9E%E5%A5%88%E5%B7%9D%E7%9C%8C%E6%A8%AA%E6%B5%9C%E5%B8%82%E4%B8%AD%E5%8C%BA%E6%B5%B7%E5%B2%B8%E9%80%9A4-20-2%20YT%E9%A6%AC%E8%BB%8A%E9%81%93%E3%83%93%E3%83%AB%201F,2021,フレンチ EAST,french_east,発表日：2021年3月22日
シェ フルール 横濱,神奈川県横浜市西区北幸2-12-26 Ｆｅｌｉｃｅ横浜　１Ｆ,食べログ フレンチ EAST 百名店 2021,https://tabelog.com/kanagawa/A1401/A140101/14010518/,https://www.google.com/maps/search/?api=1&query=%E3%82%B7%E3%82%A7%20%E3%83%95%E3%83%AB%E3%83%BC%E3%83%AB%20%E6%A8%AA%E6%BF%B1%20%E7%A5%9E%E5%A5%88%E5%B7%9D%E7%9C%8C%E6%A8%AA%E6%B5%9C%E5%B8%82%E8%A5%BF%E5%8C%BA%E5%8C%97%E5%B9%B82-12-26%20%EF%BC%A6%EF%BD%85%EF%BD%8C%EF%BD%89%EF%BD%83%EF%BD%85%E6%A8%AA%E6%B5%9C%E3%80%80%EF%BC%91%EF%BC%A6,2021,フレンチ EAST,french_east,発表日：2021年3月22日
シュマンドール,群馬県桐生市新宿2-1-8,食べログ フレンチ EAST 百名店 2021,https://tabelog.com/gunma/A1002/A100201/10000482/,https://www.google.com/maps/search/?api=1&query=%E3%82%B7%E3%83%A5%E3%83%9E%E3%83%B3%E3%83%89%E3%83%BC%E3%83%AB%20%E7%BE%A4%E9%A6%AC%E7%9C%8C%E6%A1%90%E7%94%9F%E5%B8%82%E6%96%B0%E5%AE%BF2-1-8,2021,フレンチ EAST,french_east,発表日：2021年3月22日
レストラン プランデルブ北鎌倉,神奈川県鎌倉市梶原3-32-11,食べログ フレンチ EAST 百名店 2021,https://tabelog.com/kanagawa/A1404/A140402/14001207/,https://www.google.com/maps/search/?api=1&query=%E3%83%AC%E3%82%B9%E3%83%88%E3%83%A9%E3%83%B3%20%E3%83%97%E3%83%A9%E3%83%B3%E3%83%87%E3%83%AB%E3%83%96%E5%8C%97%E9%8E%8C%E5%80%89%20%E7%A5%9E%E5%A5%88%E5%B7%9D%E7%9C%8C%E9%8E%8C%E5%80%89%E5%B8%82%E6%A2%B6%E5%8E%9F3-32-11,2021,フレンチ EAST,french_east,発表日：2021年3月22日
パノラミックレストラン ル・ノルマンディ,神奈川県横浜市中区山下町10 ホテルニューグランドタワー　５Ｆ,食べログ フレンチ EAST 百名店 2021,https://tabelog.com/kanagawa/A1401/A140105/14000668/,https://www.google.com/maps/search/?api=1&query=%E3%83%91%E3%83%8E%E3%83%A9%E3%83%9F%E3%83%83%E3%82%AF%E3%83%AC%E3%82%B9%E3%83%88%E3%83%A9%E3%83%B3%20%E3%83%AB%E3%83%BB%E3%83%8E%E3%83%AB%E3%83%9E%E3%83%B3%E3%83%87%E3%82%A3%20%E7%A5%9E%E5%A5%88%E5%B7%9D%E7%9C%8C%E6%A8%AA%E6%B5%9C%E5%B8%82%E4%B8%AD%E5%8C%BA%E5%B1%B1%E4%B8%8B%E7%94%BA10%20%E3%83%9B%E3%83%86%E3%83%AB%E3%83%8B%E3%83%A5%E3%83%BC%E3%82%B0%E3%83%A9%E3%83%B3%E3%83%89%E3%82%BF%E3%83%AF%E3%83%BC%E3%80%80%EF%BC%95%EF%BC%A6,2021,フレンチ EAST,french_east,発表日：2021年3月22日
ストラスヴァリウス,神奈川県横浜市中区常盤町3-27-2,食べログ フレンチ EAST 百名店 2021,https://tabelog.com/kanagawa/A1401/A140104/14001995/,https://www.google.com/maps/search/?api=1&query=%E3%82%B9%E3%83%88%E3%83%A9%E3%82%B9%E3%83%B4%E3%82%A1%E3%83%AA%E3%82%A6%E3%82%B9%20%E7%A5%9E%E5%A5%88%E5%B7%9D%E7%9C%8C%E6%A8%AA%E6%B5%9C%E5%B8%82%E4%B8%AD%E5%8C%BA%E5%B8%B8%E7%9B%A4%E7%94%BA3-27-2,2021,フレンチ EAST,french_east,発表日：2021年3月22日
フランス料理 ル・クール,千葉県千葉市中央区新田町23-17,食べログ フレンチ EAST 百名店 2021,https://tabelog.com/chiba/A1201/A120101/12030737/,https://www.google.com/maps/search/?api=1&query=%E3%83%95%E3%83%A9%E3%83%B3%E3%82%B9%E6%96%99%E7%90%86%20%E3%83%AB%E3%83%BB%E3%82%AF%E3%83%BC%E3%83%AB%20%E5%8D%83%E8%91%89%E7%9C%8C%E5%8D%83%E8%91%89%E5%B8%82%E4%B8%AD%E5%A4%AE%E5%8C%BA%E6%96%B0%E7%94%B0%E7%94%BA23-17,2021,フレンチ EAST,french_east,発表日：2021年3月22日
フィエルテ,神奈川県鎌倉市御成町2-14-2 Onari Ever Village B 2F,食べログ フレンチ EAST 百名店 2021,https://tabelog.com/kanagawa/A1404/A140402/14076020/,https://www.google.com/maps/search/?api=1&query=%E3%83%95%E3%82%A3%E3%82%A8%E3%83%AB%E3%83%86%20%E7%A5%9E%E5%A5%88%E5%B7%9D%E7%9C%8C%E9%8E%8C%E5%80%89%E5%B8%82%E5%BE%A1%E6%88%90%E7%94%BA2-14-2%20Onari%20Ever%20Village%20B%202F,2021,フレンチ EAST,french_east,発表日：2021年3月22日
エルルカン・ビス,神奈川県足柄下郡湯河原町宮上744-49,食べログ フレンチ EAST 百名店 2021,https://tabelog.com/kanagawa/A1410/A141002/14009626/,https://www.google.com/maps/search/?api=1&query=%E3%82%A8%E3%83%AB%E3%83%AB%E3%82%AB%E3%83%B3%E3%83%BB%E3%83%93%E3%82%B9%20%E7%A5%9E%E5%A5%88%E5%B7%9D%E7%9C%8C%E8%B6%B3%E6%9F%84%E4%B8%8B%E9%83%A1%E6%B9%AF%E6%B2%B3%E5%8E%9F%E7%94%BA%E5%AE%AE%E4%B8%8A744-49,2021,フレンチ EAST,french_east,発表日：2021年3月22日
ル・クープル,千葉県柏市柏3-9-20 ２Ｆ,食べログ フレンチ EAST 百名店 2021,https://tabelog.com/chiba/A1203/A120301/12000296/,https://www.google.com/maps/search/?api=1&query=%E3%83%AB%E3%83%BB%E3%82%AF%E3%83%BC%E3%83%97%E3%83%AB%20%E5%8D%83%E8%91%89%E7%9C%8C%E6%9F%8F%E5%B8%82%E6%9F%8F3-9-20%20%EF%BC%92%EF%BC%A6,2021,フレンチ EAST,french_east,発表日：2021年3月22日
Ripaille,神奈川県横浜市中区住吉町6-66-1 ベイサイトヴュー横濱 1F,食べログ フレンチ EAST 百名店 2021,https://tabelog.com/kanagawa/A1401/A140104/14005204/,https://www.google.com/maps/search/?api=1&query=Ripaille%20%E7%A5%9E%E5%A5%88%E5%B7%9D%E7%9C%8C%E6%A8%AA%E6%B5%9C%E5%B8%82%E4%B8%AD%E5%8C%BA%E4%BD%8F%E5%90%89%E7%94%BA6-66-1%20%E3%83%99%E3%82%A4%E3%82%B5%E3%82%A4%E3%83%88%E3%83%B4%E3%83%A5%E3%83%BC%E6%A8%AA%E6%BF%B1%201F,2021,フレンチ EAST,french_east,発表日：2021年3月22日
レストラン潮幸,神奈川県横須賀市秋谷5596-1 葉山ホテル音羽ノ森 1F,食べログ フレンチ EAST 百名店 2021,https://tabelog.com/kanagawa/A1406/A140602/14000312/,https://www.google.com/maps/search/?api=1&query=%E3%83%AC%E3%82%B9%E3%83%88%E3%83%A9%E3%83%B3%E6%BD%AE%E5%B9%B8%20%E7%A5%9E%E5%A5%88%E5%B7%9D%E7%9C%8C%E6%A8%AA%E9%A0%88%E8%B3%80%E5%B8%82%E7%A7%8B%E8%B0%B75596-1%20%E8%91%89%E5%B1%B1%E3%83%9B%E3%83%86%E3%83%AB%E9%9F%B3%E7%BE%BD%E3%83%8E%E6%A3%AE%201F,2021,フレンチ EAST,french_east,発表日：2021年3月22日
レストラン オオツ,茨城県水戸市白梅1-5-4,食べログ フレンチ EAST 百名店 2021,https://tabelog.com/ibaraki/A0801/A080101/8000180/,https://www.google.com/maps/search/?api=1&query=%E3%83%AC%E3%82%B9%E3%83%88%E3%83%A9%E3%83%B3%20%E3%82%AA%E3%82%AA%E3%83%84%20%E8%8C%A8%E5%9F%8E%E7%9C%8C%E6%B0%B4%E6%88%B8%E5%B8%82%E7%99%BD%E6%A2%851-5-4,2021,フレンチ EAST,french_east,発表日：2021年3月22日
サラマンジェ ド ヨシノ,神奈川県鎌倉市御成町20-45,食べログ フレンチ EAST 百名店 2021,https://tabelog.com/kanagawa/A1404/A140402/14058250/,https://www.google.com/maps/search/?api=1&query=%E3%82%B5%E3%83%A9%E3%83%9E%E3%83%B3%E3%82%B8%E3%82%A7%20%E3%83%89%20%E3%83%A8%E3%82%B7%E3%83%8E%20%E7%A5%9E%E5%A5%88%E5%B7%9D%E7%9C%8C%E9%8E%8C%E5%80%89%E5%B8%82%E5%BE%A1%E6%88%90%E7%94%BA20-45,2021,フレンチ EAST,french_east,発表日：2021年3月22日
ヴェルヴェンヌ,神奈川県横浜市青葉区美しが丘4-26-40,食べログ フレンチ EAST 百名店 2021,https://tabelog.com/kanagawa/A1401/A140201/14011357/,https://www.google.com/maps/search/?api=1&query=%E3%83%B4%E3%82%A7%E3%83%AB%E3%83%B4%E3%82%A7%E3%83%B3%E3%83%8C%20%E7%A5%9E%E5%A5%88%E5%B7%9D%E7%9C%8C%E6%A8%AA%E6%B5%9C%E5%B8%82%E9%9D%92%E8%91%89%E5%8C%BA%E7%BE%8E%E3%81%97%E3%81%8C%E4%B8%984-26-40,2021,フレンチ EAST,french_east,発表日：2021年3月22日
ラ・トゥーエル,東京都新宿区神楽坂6-8 ボルゴ大〆 2F,食べログ フレンチ TOKYO 百名店 2021,https://tabelog.com/tokyo/A1309/A130905/13000457/,https://www.google.com/maps/search/?api=1&query=%E3%83%A9%E3%83%BB%E3%83%88%E3%82%A5%E3%83%BC%E3%82%A8%E3%83%AB%20%E6%9D%B1%E4%BA%AC%E9%83%BD%E6%96%B0%E5%AE%BF%E5%8C%BA%E7%A5%9E%E6%A5%BD%E5%9D%826-8%20%E3%83%9C%E3%83%AB%E3%82%B4%E5%A4%A7%E3%80%86%202F,2021,フレンチ TOKYO,french_tokyo,発表日：2021年3月22日
レストラン マノワ,東京都渋谷区広尾1-10-6 プロスペクト グラーサ広尾 1F,食べログ フレンチ TOKYO 百名店 2021,https://tabelog.com/tokyo/A1303/A130302/13133477/,https://www.google.com/maps/search/?api=1&query=%E3%83%AC%E3%82%B9%E3%83%88%E3%83%A9%E3%83%B3%20%E3%83%9E%E3%83%8E%E3%83%AF%20%E6%9D%B1%E4%BA%AC%E9%83%BD%E6%B8%8B%E8%B0%B7%E5%8C%BA%E5%BA%83%E5%B0%BE1-10-6%20%E3%83%97%E3%83%AD%E3%82%B9%E3%83%9A%E3%82%AF%E3%83%88%20%E3%82%B0%E3%83%A9%E3%83%BC%E3%82%B5%E5%BA%83%E5%B0%BE%201F,2021,フレンチ TOKYO,french_tokyo,発表日：2021年3月22日
L'Octave Hayato KOBAYASHI,東京都渋谷区千駄ヶ谷3-30-9 モデリアブリュット 101,食べログ フレンチ TOKYO 百名店 2021,https://tabelog.com/tokyo/A1309/A130901/13186978/,https://www.google.com/maps/search/?api=1&query=L%27Octave%20Hayato%20KOBAYASHI%20%E6%9D%B1%E4%BA%AC%E9%83%BD%E6%B8%8B%E8%B0%B7%E5%8C%BA%E5%8D%83%E9%A7%84%E3%83%B6%E8%B0%B73-30-9%20%E3%83%A2%E3%83%87%E3%83%AA%E3%82%A2%E3%83%96%E3%83%AA%E3%83%A5%E3%83%83%E3%83%88%20101,2021,フレンチ TOKYO,french_tokyo,発表日：2021年3月22日
ブーケ・ド・フランス,東京都港区六本木7-10-3 小林ビル 2F,食べログ フレンチ TOKYO 百名店 2021,https://tabelog.com/tokyo/A1307/A130701/13002082/,https://www.google.com/maps/search/?api=1&query=%E3%83%96%E3%83%BC%E3%82%B1%E3%83%BB%E3%83%89%E3%83%BB%E3%83%95%E3%83%A9%E3%83%B3%E3%82%B9%20%E6%9D%B1%E4%BA%AC%E9%83%BD%E6%B8%AF%E5%8C%BA%E5%85%AD%E6%9C%AC%E6%9C%A87-10-3%20%E5%B0%8F%E6%9E%97%E3%83%93%E3%83%AB%202F,2021,フレンチ TOKYO,french_tokyo,発表日：2021年3月22日
オーベルジュ・ド・リル トーキョー,東京都港区西麻布1-6-4,食べログ フレンチ TOKYO 百名店 2021,https://tabelog.com/tokyo/A1307/A130701/13048701/,https://www.google.com/maps/search/?api=1&query=%E3%82%AA%E3%83%BC%E3%83%99%E3%83%AB%E3%82%B8%E3%83%A5%E3%83%BB%E3%83%89%E3%83%BB%E3%83%AA%E3%83%AB%20%E3%83%88%E3%83%BC%E3%82%AD%E3%83%A7%E3%83%BC%20%E6%9D%B1%E4%BA%AC%E9%83%BD%E6%B8%AF%E5%8C%BA%E8%A5%BF%E9%BA%BB%E5%B8%831-6-4,2021,フレンチ TOKYO,french_tokyo,発表日：2021年3月22日
銀座 レカン,東京都中央区銀座4-5-5 ミキモトビル Ｂ１Ｆ,食べログ フレンチ TOKYO 百名店 2021,https://tabelog.com/tokyo/A1301/A130101/13002444/,https://www.google.com/maps/search/?api=1&query=%E9%8A%80%E5%BA%A7%20%E3%83%AC%E3%82%AB%E3%83%B3%20%E6%9D%B1%E4%BA%AC%E9%83%BD%E4%B8%AD%E5%A4%AE%E5%8C%BA%E9%8A%80%E5%BA%A74-5-5%20%E3%83%9F%E3%82%AD%E3%83%A2%E3%83%88%E3%83%93%E3%83%AB%20%EF%BC%A2%EF%BC%91%EF%BC%A6,2021,フレンチ TOKYO,french_tokyo,発表日：2021年3月22日
カンテサンス,東京都品川区北品川6-7-29 ガーデンシティ品川 御殿山 1F,食べログ フレンチ TOKYO 百名店 2021,https://tabelog.com/tokyo/A1314/A131405/13159567/,https://www.google.com/maps/search/?api=1&query=%E3%82%AB%E3%83%B3%E3%83%86%E3%82%B5%E3%83%B3%E3%82%B9%20%E6%9D%B1%E4%BA%AC%E9%83%BD%E5%93%81%E5%B7%9D%E5%8C%BA%E5%8C%97%E5%93%81%E5%B7%9D6-7-29%20%E3%82%AC%E3%83%BC%E3%83%87%E3%83%B3%E3%82%B7%E3%83%86%E3%82%A3%E5%93%81%E5%B7%9D%20%E5%BE%A1%E6%AE%BF%E5%B1%B1%201F,2021,フレンチ TOKYO,french_tokyo,発表日：2021年3月22日
銀座 シェ・トモ,東京都中央区銀座1-7-7 ポーラ銀座ビル　１１Ｆ・１２Ｆ,食べログ フレンチ TOKYO 百名店 2021,https://tabelog.com/tokyo/A1301/A130101/13097935/,https://www.google.com/maps/search/?api=1&query=%E9%8A%80%E5%BA%A7%20%E3%82%B7%E3%82%A7%E3%83%BB%E3%83%88%E3%83%A2%20%E6%9D%B1%E4%BA%AC%E9%83%BD%E4%B8%AD%E5%A4%AE%E5%8C%BA%E9%8A%80%E5%BA%A71-7-7%20%E3%83%9D%E3%83%BC%E3%83%A9%E9%8A%80%E5%BA%A7%E3%83%93%E3%83%AB%E3%80%80%EF%BC%91%EF%BC%91%EF%BC%A6%E3%83%BB%EF%BC%91%EF%BC%92%EF%BC%A6,2021,フレンチ TOKYO,french_tokyo,発表日：2021年3月22日
Libre,東京都港区白金1-15-36 1F,食べログ フレンチ TOKYO 百名店 2021,https://tabelog.com/tokyo/A1316/A131602/13222761/,https://www.google.com/maps/search/?api=1&query=Libre%20%E6%9D%B1%E4%BA%AC%E9%83%BD%E6%B8%AF%E5%8C%BA%E7%99%BD%E9%87%911-15-36%201F,2021,フレンチ TOKYO,french_tokyo,発表日：2021年3月22日
レザンファン ギャテ,東京都渋谷区猿楽町2-3,食べログ フレンチ TOKYO 百名店 2021,https://tabelog.com/tokyo/A1303/A130303/13039567/,https://www.google.com/maps/search/?api=1&query=%E3%83%AC%E3%82%B6%E3%83%B3%E3%83%95%E3%82%A1%E3%83%B3%20%E3%82%AE%E3%83%A3%E3%83%86%20%E6%9D%B1%E4%BA%AC%E9%83%BD%E6%B8%8B%E8%B0%B7%E5%8C%BA%E7%8C%BF%E6%A5%BD%E7%94%BA2-3,2021,フレンチ TOKYO,french_tokyo,発表日：2021年3月22日
AZUR et MASA UEKI,東京都港区西麻布2-24-7 西麻布MAビル 1F,食べログ フレンチ TOKYO 百名店 2021,https://tabelog.com/tokyo/A1307/A130701/13206559/,https://www.google.com/maps/search/?api=1&query=AZUR%20et%20MASA%20UEKI%20%E6%9D%B1%E4%BA%AC%E9%83%BD%E6%B8%AF%E5%8C%BA%E8%A5%BF%E9%BA%BB%E5%B8%832-24-7%20%E8%A5%BF%E9%BA%BB%E5%B8%83MA%E3%83%93%E3%83%AB%201F,2021,フレンチ TOKYO,french_tokyo,発表日：2021年3月22日
シェ・イノ,東京都中央区京橋2-4-16 明治京橋ビル1F,食べログ フレンチ TOKYO 百名店 2021,https://tabelog.com/tokyo/A1302/A130202/13000510/,https://www.google.com/maps/search/?api=1&query=%E3%82%B7%E3%82%A7%E3%83%BB%E3%82%A4%E3%83%8E%20%E6%9D%B1%E4%BA%AC%E9%83%BD%E4%B8%AD%E5%A4%AE%E5%8C%BA%E4%BA%AC%E6%A9%8B2-4-16%20%E6%98%8E%E6%B2%BB%E4%BA%AC%E6%A9%8B%E3%83%93%E3%83%AB1F,2021,フレンチ TOKYO,french_tokyo,発表日：2021年3月22日
オルグイユ,東京都港区南青山4-3-23 オリエンタル南青山 201,食べログ フレンチ TOKYO 百名店 2021,https://tabelog.com/tokyo/A1306/A130603/13192399/,https://www.google.com/maps/search/?api=1&query=%E3%82%AA%E3%83%AB%E3%82%B0%E3%82%A4%E3%83%A6%20%E6%9D%B1%E4%BA%AC%E9%83%BD%E6%B8%AF%E5%8C%BA%E5%8D%97%E9%9D%92%E5%B1%B14-3-23%20%E3%82%AA%E3%83%AA%E3%82%A8%E3%83%B3%E3%82%BF%E3%83%AB%E5%8D%97%E9%9D%92%E5%B1%B1%20201,2021,フレンチ TOKYO,french_tokyo,発表日：2021年3月22日
ロオジエ,東京都中央区銀座7-5-5,食べログ フレンチ TOKYO 百名店 2021,https://tabelog.com/tokyo/A1301/A130101/13002607/,https://www.google.com/maps/search/?api=1&query=%E3%83%AD%E3%82%AA%E3%82%B8%E3%82%A8%20%E6%9D%B1%E4%BA%AC%E9%83%BD%E4%B8%AD%E5%A4%AE%E5%8C%BA%E9%8A%80%E5%BA%A77-5-5,2021,フレンチ TOKYO,french_tokyo,発表日：2021年3月22日
フィリップ・ミル 東京,東京都港区赤坂9-7-4 東京ミッドタウン ガレリア ガーデンテラス4F,食べログ フレンチ TOKYO 百名店 2021,https://tabelog.com/tokyo/A1307/A130701/13205772/,https://www.google.com/maps/search/?api=1&query=%E3%83%95%E3%82%A3%E3%83%AA%E3%83%83%E3%83%97%E3%83%BB%E3%83%9F%E3%83%AB%20%E6%9D%B1%E4%BA%AC%20%E6%9D%B1%E4%BA%AC%E9%83%BD%E6%B8%AF%E5%8C%BA%E8%B5%A4%E5%9D%829-7-4%20%E6%9D%B1%E4%BA%AC%E3%83%9F%E3%83%83%E3%83%89%E3%82%BF%E3%82%A6%E3%83%B3%20%E3%82%AC%E3%83%AC%E3%83%AA%E3%82%A2%20%E3%82%AC%E3%83%BC%E3%83%87%E3%83%B3%E3%83%86%E3%83%A9%E3%82%B94F,2021,フレンチ TOKYO,french_tokyo,発表日：2021年3月22日
レストラン リューズ,東京都港区六本木4-2-35 VORT六本木Dual's B1F (旧 URABAN STYLE ROPPONGI MIKAWADAI),食べログ フレンチ TOKYO 百名店 2021,https://tabelog.com/tokyo/A1307/A130701/13122126/,https://www.google.com/maps/search/?api=1&query=%E3%83%AC%E3%82%B9%E3%83%88%E3%83%A9%E3%83%B3%20%E3%83%AA%E3%83%A5%E3%83%BC%E3%82%BA%20%E6%9D%B1%E4%BA%AC%E9%83%BD%E6%B8%AF%E5%8C%BA%E5%85%AD%E6%9C%AC%E6%9C%A84-2-35%20VORT%E5%85%AD%E6%9C%AC%E6%9C%A8Dual%27s%20B1F%20%28%E6%97%A7%20URABAN%20STYLE%20ROPPONGI%20MIKAWADAI%29,2021,フレンチ TOKYO,french_tokyo,発表日：2021年3月22日
トレフミヤモト,東京都港区六本木7-17-20 明泉ビル　１Ｆ,食べログ フレンチ TOKYO 百名店 2021,https://tabelog.com/tokyo/A1307/A130701/13005338/,https://www.google.com/maps/search/?api=1&query=%E3%83%88%E3%83%AC%E3%83%95%E3%83%9F%E3%83%A4%E3%83%A2%E3%83%88%20%E6%9D%B1%E4%BA%AC%E9%83%BD%E6%B8%AF%E5%8C%BA%E5%85%AD%E6%9C%AC%E6%9C%A87-17-20%20%E6%98%8E%E6%B3%89%E3%83%93%E3%83%AB%E3%80%80%EF%BC%91%EF%BC%A6,2021,フレンチ TOKYO,french_tokyo,発表日：2021年3月22日
ラール・エ・ラ・マニエール,東京都中央区銀座3-4-17 オプティカ　Ｂ１Ｆ,食べログ フレンチ TOKYO 百名店 2021,https://tabelog.com/tokyo/A1301/A130101/13095732/,https://www.google.com/maps/search/?api=1&query=%E3%83%A9%E3%83%BC%E3%83%AB%E3%83%BB%E3%82%A8%E3%83%BB%E3%83%A9%E3%83%BB%E3%83%9E%E3%83%8B%E3%82%A8%E3%83%BC%E3%83%AB%20%E6%9D%B1%E4%BA%AC%E9%83%BD%E4%B8%AD%E5%A4%AE%E5%8C%BA%E9%8A%80%E5%BA%A73-4-17%20%E3%82%AA%E3%83%97%E3%83%86%E3%82%A3%E3%82%AB%E3%80%80%EF%BC%A2%EF%BC%91%EF%BC%A6,2021,フレンチ TOKYO,french_tokyo,発表日：2021年3月22日
AMOUR,東京都渋谷区広尾1-6-13,食べログ フレンチ TOKYO 百名店 2021,https://tabelog.com/tokyo/A1303/A130302/13142028/,https://www.google.com/maps/search/?api=1&query=AMOUR%20%E6%9D%B1%E4%BA%AC%E9%83%BD%E6%B8%8B%E8%B0%B7%E5%8C%BA%E5%BA%83%E5%B0%BE1-6-13,2021,フレンチ TOKYO,french_tokyo,発表日：2021年3月22日
Coteau,東京都渋谷区代官山町14-18 4F,食べログ フレンチ TOKYO 百名店 2021,https://tabelog.com/tokyo/A1303/A130303/13233584/,https://www.google.com/maps/search/?api=1&query=Coteau%20%E6%9D%B1%E4%BA%AC%E9%83%BD%E6%B8%8B%E8%B0%B7%E5%8C%BA%E4%BB%A3%E5%AE%98%E5%B1%B1%E7%94%BA14-18%204F,2021,フレンチ TOKYO,french_tokyo,発表日：2021年3月22日
レストランひらまつ 広尾,東京都港区南麻布5-15-13,食べログ フレンチ TOKYO 百名店 2021,https://tabelog.com/tokyo/A1307/A130703/13001590/,https://www.google.com/maps/search/?api=1&query=%E3%83%AC%E3%82%B9%E3%83%88%E3%83%A9%E3%83%B3%E3%81%B2%E3%82%89%E3%81%BE%E3%81%A4%20%E5%BA%83%E5%B0%BE%20%E6%9D%B1%E4%BA%AC%E9%83%BD%E6%B8%AF%E5%8C%BA%E5%8D%97%E9%BA%BB%E5%B8%835-15-13,2021,フレンチ TOKYO,french_tokyo,発表日：2021年3月22日
シグネチャー,東京都中央区日本橋室町2-1-1 マンダリン オリエンタル 東京 37Ｆ,食べログ フレンチ TOKYO 百名店 2021,https://tabelog.com/tokyo/A1302/A130202/13020360/,https://www.google.com/maps/search/?api=1&query=%E3%82%B7%E3%82%B0%E3%83%8D%E3%83%81%E3%83%A3%E3%83%BC%20%E6%9D%B1%E4%BA%AC%E9%83%BD%E4%B8%AD%E5%A4%AE%E5%8C%BA%E6%97%A5%E6%9C%AC%E6%A9%8B%E5%AE%A4%E7%94%BA2-1-1%20%E3%83%9E%E3%83%B3%E3%83%80%E3%83%AA%E3%83%B3%20%E3%82%AA%E3%83%AA%E3%82%A8%E3%83%B3%E3%82%BF%E3%83%AB%20%E6%9D%B1%E4%BA%AC%2037%EF%BC%A6,2021,フレンチ TOKYO,french_tokyo,発表日：2021年3月22日
北島亭,東京都新宿区四谷三栄町15-2 ＪＨＣビル 1F,食べログ フレンチ TOKYO 百名店 2021,https://tabelog.com/tokyo/A1309/A130902/13000945/,https://www.google.com/maps/search/?api=1&query=%E5%8C%97%E5%B3%B6%E4%BA%AD%20%E6%9D%B1%E4%BA%AC%E9%83%BD%E6%96%B0%E5%AE%BF%E5%8C%BA%E5%9B%9B%E8%B0%B7%E4%B8%89%E6%A0%84%E7%94%BA15-2%20%EF%BC%AA%EF%BC%A8%EF%BC%A3%E3%83%93%E3%83%AB%201F,2021,フレンチ TOKYO,french_tokyo,発表日：2021年3月22日
ラ ターブル ドゥ ジョエル・ロブション,東京都目黒区三田1-13-1 恵比寿ガーデンプレイス　シャトーレストラン　ジョエル・ロブション　１Ｆ,食べログ フレンチ TOKYO 百名店 2021,https://tabelog.com/tokyo/A1303/A130302/13010725/,https://www.google.com/maps/search/?api=1&query=%E3%83%A9%20%E3%82%BF%E3%83%BC%E3%83%96%E3%83%AB%20%E3%83%89%E3%82%A5%20%E3%82%B8%E3%83%A7%E3%82%A8%E3%83%AB%E3%83%BB%E3%83%AD%E3%83%96%E3%82%B7%E3%83%A7%E3%83%B3%20%E6%9D%B1%E4%BA%AC%E9%83%BD%E7%9B%AE%E9%BB%92%E5%8C%BA%E4%B8%89%E7%94%B01-13-1%20%E6%81%B5%E6%AF%94%E5%AF%BF%E3%82%AC%E3%83%BC%E3%83%87%E3%83%B3%E3%83%97%E3%83%AC%E3%82%A4%E3%82%B9%E3%80%80%E3%82%B7%E3%83%A3%E3%83%88%E3%83%BC%E3%83%AC%E3%82%B9%E3%83%88%E3%83%A9%E3%83%B3%E3%80%80%E3%82%B8%E3%83%A7%E3%82%A8%E3%83%AB%E3%83%BB%E3%83%AD%E3%83%96%E3%82%B7%E3%83%A7%E3%83%B3%E3%80%80%EF%BC%91%EF%BC%A6,2021,フレンチ TOKYO,french_tokyo,発表日：2021年3月22日
ALLIE,東京都港区麻布十番3-7-4 COMS Azabujuban 4F,食べログ フレンチ TOKYO 百名店 2021,https://tabelog.com/tokyo/A1307/A130702/13192025/,https://www.google.com/maps/search/?api=1&query=ALLIE%20%E6%9D%B1%E4%BA%AC%E9%83%BD%E6%B8%AF%E5%8C%BA%E9%BA%BB%E5%B8%83%E5%8D%81%E7%95%AA3-7-4%20COMS%20Azabujuban%204F,2021,フレンチ TOKYO,french_tokyo,発表日：2021年3月22日
トゥールダルジャン 東京,東京都千代田区紀尾井町4-1 ホテルニューオータニ東京 ロビィ階,食べログ フレンチ TOKYO 百名店 2021,https://tabelog.com/tokyo/A1308/A130803/13000288/,https://www.google.com/maps/search/?api=1&query=%E3%83%88%E3%82%A5%E3%83%BC%E3%83%AB%E3%83%80%E3%83%AB%E3%82%B8%E3%83%A3%E3%83%B3%20%E6%9D%B1%E4%BA%AC%20%E6%9D%B1%E4%BA%AC%E9%83%BD%E5%8D%83%E4%BB%A3%E7%94%B0%E5%8C%BA%E7%B4%80%E5%B0%BE%E4%BA%95%E7%94%BA4-1%20%E3%83%9B%E3%83%86%E3%83%AB%E3%83%8B%E3%83%A5%E3%83%BC%E3%82%AA%E3%83%BC%E3%82%BF%E3%83%8B%E6%9D%B1%E4%BA%AC%20%E3%83%AD%E3%83%93%E3%82%A3%E9%9A%8E,2021,フレンチ TOKYO,french_tokyo,発表日：2021年3月22日
シュマン,東京都港区赤坂2-17-7 赤坂溜池タワーＡＮＮＥＸ　１Ｆ,食べログ フレンチ TOKYO 百名店 2021,https://tabelog.com/tokyo/A1308/A130801/13001336/,https://www.google.com/maps/search/?api=1&query=%E3%82%B7%E3%83%A5%E3%83%9E%E3%83%B3%20%E6%9D%B1%E4%BA%AC%E9%83%BD%E6%B8%AF%E5%8C%BA%E8%B5%A4%E5%9D%822-17-7%20%E8%B5%A4%E5%9D%82%E6%BA%9C%E6%B1%A0%E3%82%BF%E3%83%AF%E3%83%BC%EF%BC%A1%EF%BC%AE%EF%BC%AE%EF%BC%A5%EF%BC%B8%E3%80%80%EF%BC%91%EF%BC%A6,2021,フレンチ TOKYO,french_tokyo,発表日：2021年3月22日
recte,東京都渋谷区恵比寿西2-17-5 サンビレッジ代官山 2F,食べログ フレンチ TOKYO 百名店 2021,https://tabelog.com/tokyo/A1303/A130303/13036041/,https://www.google.com/maps/search/?api=1&query=recte%20%E6%9D%B1%E4%BA%AC%E9%83%BD%E6%B8%8B%E8%B0%B7%E5%8C%BA%E6%81%B5%E6%AF%94%E5%AF%BF%E8%A5%BF2-17-5%20%E3%82%B5%E3%83%B3%E3%83%93%E3%83%AC%E3%83%83%E3%82%B8%E4%BB%A3%E5%AE%98%E5%B1%B1%202F,2021,フレンチ TOKYO,french_tokyo,発表日：2021年3月22日
レストラン アラジン,東京都渋谷区恵比寿2-22-10 広尾リバーサイドＧ　１Ｆ,食べログ フレンチ TOKYO 百名店 2021,https://tabelog.com/tokyo/A1307/A130703/13004454/,https://www.google.com/maps/search/?api=1&query=%E3%83%AC%E3%82%B9%E3%83%88%E3%83%A9%E3%83%B3%20%E3%82%A2%E3%83%A9%E3%82%B8%E3%83%B3%20%E6%9D%B1%E4%BA%AC%E9%83%BD%E6%B8%8B%E8%B0%B7%E5%8C%BA%E6%81%B5%E6%AF%94%E5%AF%BF2-22-10%20%E5%BA%83%E5%B0%BE%E3%83%AA%E3%83%90%E3%83%BC%E3%82%B5%E3%82%A4%E3%83%89%EF%BC%A7%E3%80%80%EF%BC%91%EF%BC%A6,2021,フレンチ TOKYO,french_tokyo,発表日：2021年3月22日
ピエール・ガニェール,東京都港区赤坂1-12-33 ANAインターコンチネンタルホテル東京　36F,食べログ フレンチ TOKYO 百名店 2021,https://tabelog.com/tokyo/A1308/A130802/13103993/,https://www.google.com/maps/search/?api=1&query=%E3%83%94%E3%82%A8%E3%83%BC%E3%83%AB%E3%83%BB%E3%82%AC%E3%83%8B%E3%82%A7%E3%83%BC%E3%83%AB%20%E6%9D%B1%E4%BA%AC%E9%83%BD%E6%B8%AF%E5%8C%BA%E8%B5%A4%E5%9D%821-12-33%20ANA%E3%82%A4%E3%83%B3%E3%82%BF%E3%83%BC%E3%82%B3%E3%83%B3%E3%83%81%E3%83%8D%E3%83%B3%E3%82%BF%E3%83%AB%E3%83%9B%E3%83%86%E3%83%AB%E6%9D%B1%E4%BA%AC%E3%80%8036F,2021,フレンチ TOKYO,french_tokyo,発表日：2021年3月22日
銀座 大石,東京都中央区銀座2-10-11 マロニエ通り銀座館 2F,食べログ フレンチ TOKYO 百名店 2021,https://tabelog.com/tokyo/A1301/A130101/13238352/,https://www.google.com/maps/search/?api=1&query=%E9%8A%80%E5%BA%A7%20%E5%A4%A7%E7%9F%B3%20%E6%9D%B1%E4%BA%AC%E9%83%BD%E4%B8%AD%E5%A4%AE%E5%8C%BA%E9%8A%80%E5%BA%A72-10-11%20%E3%83%9E%E3%83%AD%E3%83%8B%E3%82%A8%E9%80%9A%E3%82%8A%E9%8A%80%E5%BA%A7%E9%A4%A8%202F,2021,フレンチ TOKYO,french_tokyo,発表日：2021年3月22日
sincere,東京都渋谷区千駄ヶ谷3-7-13 原宿東急アパートメントＢ１,食べログ フレンチ TOKYO 百名店 2021,https://tabelog.com/tokyo/A1309/A130901/13194253/,https://www.google.com/maps/search/?api=1&query=sincere%20%E6%9D%B1%E4%BA%AC%E9%83%BD%E6%B8%8B%E8%B0%B7%E5%8C%BA%E5%8D%83%E9%A7%84%E3%83%B6%E8%B0%B73-7-13%20%E5%8E%9F%E5%AE%BF%E6%9D%B1%E6%80%A5%E3%82%A2%E3%83%91%E3%83%BC%E3%83%88%E3%83%A1%E3%83%B3%E3%83%88%EF%BC%A2%EF%BC%91,2021,フレンチ TOKYO,french_tokyo,発表日：2021年3月22日
レストランユニック,東京都目黒区目黒3-12-3 松田ビル １階,食べログ フレンチ TOKYO 百名店 2021,https://tabelog.com/tokyo/A1316/A131601/13163184/,https://www.google.com/maps/search/?api=1&query=%E3%83%AC%E3%82%B9%E3%83%88%E3%83%A9%E3%83%B3%E3%83%A6%E3%83%8B%E3%83%83%E3%82%AF%20%E6%9D%B1%E4%BA%AC%E9%83%BD%E7%9B%AE%E9%BB%92%E5%8C%BA%E7%9B%AE%E9%BB%923-12-3%20%E6%9D%BE%E7%94%B0%E3%83%93%E3%83%AB%20%EF%BC%91%E9%9A%8E,2021,フレンチ TOKYO,french_tokyo,発表日：2021年3月22日
アルゴリズム,東京都港区白金6-5-3 さくら白金102,食べログ フレンチ TOKYO 百名店 2021,https://tabelog.com/tokyo/A1316/A131602/13213150/,https://www.google.com/maps/search/?api=1&query=%E3%82%A2%E3%83%AB%E3%82%B4%E3%83%AA%E3%82%BA%E3%83%A0%20%E6%9D%B1%E4%BA%AC%E9%83%BD%E6%B8%AF%E5%8C%BA%E7%99%BD%E9%87%916-5-3%20%E3%81%95%E3%81%8F%E3%82%89%E7%99%BD%E9%87%91102,2021,フレンチ TOKYO,french_tokyo,発表日：2021年3月22日
キノシタ,東京都渋谷区代々木3-37-1 代々木エステートビル 1Ｆ,食べログ フレンチ TOKYO 百名店 2021,https://tabelog.com/tokyo/A1318/A131810/13001058/,https://www.google.com/maps/search/?api=1&query=%E3%82%AD%E3%83%8E%E3%82%B7%E3%82%BF%20%E6%9D%B1%E4%BA%AC%E9%83%BD%E6%B8%8B%E8%B0%B7%E5%8C%BA%E4%BB%A3%E3%80%85%E6%9C%A83-37-1%20%E4%BB%A3%E3%80%85%E6%9C%A8%E3%82%A8%E3%82%B9%E3%83%86%E3%83%BC%E3%83%88%E3%83%93%E3%83%AB%201%EF%BC%A6,2021,フレンチ TOKYO,french_tokyo,発表日：2021年3月22日
アルシミスト,東京都港区白金1-25-26 フィラージュ白金 1F,食べログ フレンチ TOKYO 百名店 2021,https://tabelog.com/tokyo/A1316/A131602/13128454/,https://www.google.com/maps/search/?api=1&query=%E3%82%A2%E3%83%AB%E3%82%B7%E3%83%9F%E3%82%B9%E3%83%88%20%E6%9D%B1%E4%BA%AC%E9%83%BD%E6%B8%AF%E5%8C%BA%E7%99%BD%E9%87%911-25-26%20%E3%83%95%E3%82%A3%E3%83%A9%E3%83%BC%E3%82%B8%E3%83%A5%E7%99%BD%E9%87%91%201F,2021,フレンチ TOKYO,french_tokyo,発表日：2021年3月22日
モノリス,東京都渋谷区渋谷2-6-1 ウィンド渋谷 1F,食べログ フレンチ TOKYO 百名店 2021,https://tabelog.com/tokyo/A1303/A130301/13108686/,https://www.google.com/maps/search/?api=1&query=%E3%83%A2%E3%83%8E%E3%83%AA%E3%82%B9%20%E6%9D%B1%E4%BA%AC%E9%83%BD%E6%B8%8B%E8%B0%B7%E5%8C%BA%E6%B8%8B%E8%B0%B72-6-1%20%E3%82%A6%E3%82%A3%E3%83%B3%E3%83%89%E6%B8%8B%E8%B0%B7%201F,2021,フレンチ TOKYO,french_tokyo,発表日：2021年3月22日
プレヴナンス,東京都港区南青山2-13-7 マトリス 1F,食べログ フレンチ TOKYO 百名店 2021,https://tabelog.com/tokyo/A1306/A130603/13162493/,https://www.google.com/maps/search/?api=1&query=%E3%83%97%E3%83%AC%E3%83%B4%E3%83%8A%E3%83%B3%E3%82%B9%20%E6%9D%B1%E4%BA%AC%E9%83%BD%E6%B8%AF%E5%8C%BA%E5%8D%97%E9%9D%92%E5%B1%B12-13-7%20%E3%83%9E%E3%83%88%E3%83%AA%E3%82%B9%201F,2021,フレンチ TOKYO,french_tokyo,発表日：2021年3月22日
ラシェット・ブランシュ,東京都港区白金3-2-2 パール白金　１Ｆ,食べログ フレンチ TOKYO 百名店 2021,https://tabelog.com/tokyo/A1316/A131602/13004471/,https://www.google.com/maps/search/?api=1&query=%E3%83%A9%E3%82%B7%E3%82%A7%E3%83%83%E3%83%88%E3%83%BB%E3%83%96%E3%83%A9%E3%83%B3%E3%82%B7%E3%83%A5%20%E6%9D%B1%E4%BA%AC%E9%83%BD%E6%B8%AF%E5%8C%BA%E7%99%BD%E9%87%913-2-2%20%E3%83%91%E3%83%BC%E3%83%AB%E7%99%BD%E9%87%91%E3%80%80%EF%BC%91%EF%BC%A6,2021,フレンチ TOKYO,french_tokyo,発表日：2021年3月22日
FRANZ,東京都港区白金6-2-17,食べログ フレンチ TOKYO 百名店 2021,https://tabelog.com/tokyo/A1307/A130703/13210554/,https://www.google.com/maps/search/?api=1&query=FRANZ%20%E6%9D%B1%E4%BA%AC%E9%83%BD%E6%B8%AF%E5%8C%BA%E7%99%BD%E9%87%916-2-17,2021,フレンチ TOKYO,french_tokyo,発表日：2021年3月22日
レストラン・パッション,東京都渋谷区猿楽町29-18 ヒルサイドテラスＢ棟１号,食べログ フレンチ TOKYO 百名店 2021,https://tabelog.com/tokyo/A1303/A130303/13001911/,https://www.google.com/maps/search/?api=1&query=%E3%83%AC%E3%82%B9%E3%83%88%E3%83%A9%E3%83%B3%E3%83%BB%E3%83%91%E3%83%83%E3%82%B7%E3%83%A7%E3%83%B3%20%E6%9D%B1%E4%BA%AC%E9%83%BD%E6%B8%8B%E8%B0%B7%E5%8C%BA%E7%8C%BF%E6%A5%BD%E7%94%BA29-18%20%E3%83%92%E3%83%AB%E3%82%B5%E3%82%A4%E3%83%89%E3%83%86%E3%83%A9%E3%82%B9%EF%BC%A2%E6%A3%9F%EF%BC%91%E5%8F%B7,2021,フレンチ TOKYO,french_tokyo,発表日：2021年3月22日
ル・ブルギニオン,東京都港区西麻布3-3-1,食べログ フレンチ TOKYO 百名店 2021,https://tabelog.com/tokyo/A1307/A130701/13005328/,https://www.google.com/maps/search/?api=1&query=%E3%83%AB%E3%83%BB%E3%83%96%E3%83%AB%E3%82%AE%E3%83%8B%E3%82%AA%E3%83%B3%20%E6%9D%B1%E4%BA%AC%E9%83%BD%E6%B8%AF%E5%8C%BA%E8%A5%BF%E9%BA%BB%E5%B8%833-3-1,2021,フレンチ TOKYO,french_tokyo,発表日：2021年3月22日
ボニュ,東京都渋谷区代々木4-22-17 クイーンズ代々木 1F,食べログ フレンチ TOKYO 百名店 2021,https://tabelog.com/tokyo/A1304/A130401/13184186/,https://www.google.com/maps/search/?api=1&query=%E3%83%9C%E3%83%8B%E3%83%A5%20%E6%9D%B1%E4%BA%AC%E9%83%BD%E6%B8%8B%E8%B0%B7%E5%8C%BA%E4%BB%A3%E3%80%85%E6%9C%A84-22-17%20%E3%82%AF%E3%82%A4%E3%83%BC%E3%83%B3%E3%82%BA%E4%BB%A3%E3%80%85%E6%9C%A8%201F,2021,フレンチ TOKYO,french_tokyo,発表日：2021年3月22日
レストラン ラ フィネス,東京都港区新橋4-9-1 新橋プラザビル B1F,食べログ フレンチ TOKYO 百名店 2021,https://tabelog.com/tokyo/A1301/A130103/13139171/,https://www.google.com/maps/search/?api=1&query=%E3%83%AC%E3%82%B9%E3%83%88%E3%83%A9%E3%83%B3%20%E3%83%A9%20%E3%83%95%E3%82%A3%E3%83%8D%E3%82%B9%20%E6%9D%B1%E4%BA%AC%E9%83%BD%E6%B8%AF%E5%8C%BA%E6%96%B0%E6%A9%8B4-9-1%20%E6%96%B0%E6%A9%8B%E3%83%97%E3%83%A9%E3%82%B6%E3%83%93%E3%83%AB%20B1F,2021,フレンチ TOKYO,french_tokyo,発表日：2021年3月22日
ラ ペ,東京都中央区日本橋室町1-9-4 井上第3ビル B1F,食べログ フレンチ TOKYO 百名店 2021,https://tabelog.com/tokyo/A1302/A130202/13173559/,https://www.google.com/maps/search/?api=1&query=%E3%83%A9%20%E3%83%9A%20%E6%9D%B1%E4%BA%AC%E9%83%BD%E4%B8%AD%E5%A4%AE%E5%8C%BA%E6%97%A5%E6%9C%AC%E6%A9%8B%E5%AE%A4%E7%94%BA1-9-4%20%E4%BA%95%E4%B8%8A%E7%AC%AC3%E3%83%93%E3%83%AB%20B1F,2021,フレンチ TOKYO,french_tokyo,発表日：2021年3月22日
マノワール・ディノ,東京都渋谷区渋谷4-1-13,食べログ フレンチ TOKYO 百名店 2021,https://tabelog.com/tokyo/A1306/A130602/13001278/,https://www.google.com/maps/search/?api=1&query=%E3%83%9E%E3%83%8E%E3%83%AF%E3%83%BC%E3%83%AB%E3%83%BB%E3%83%87%E3%82%A3%E3%83%8E%20%E6%9D%B1%E4%BA%AC%E9%83%BD%E6%B8%8B%E8%B0%B7%E5%8C%BA%E6%B8%8B%E8%B0%B74-1-13,2021,フレンチ TOKYO,french_tokyo,発表日：2021年3月22日
エスキス,東京都中央区銀座5-4-6 ロイヤルクリスタル銀座 9Ｆ,食べログ フレンチ TOKYO 百名店 2021,https://tabelog.com/tokyo/A1301/A130101/13142530/,https://www.google.com/maps/search/?api=1&query=%E3%82%A8%E3%82%B9%E3%82%AD%E3%82%B9%20%E6%9D%B1%E4%BA%AC%E9%83%BD%E4%B8%AD%E5%A4%AE%E5%8C%BA%E9%8A%80%E5%BA%A75-4-6%20%E3%83%AD%E3%82%A4%E3%83%A4%E3%83%AB%E3%82%AF%E3%83%AA%E3%82%B9%E3%82%BF%E3%83%AB%E9%8A%80%E5%BA%A7%209%EF%BC%A6,2021,フレンチ TOKYO,french_tokyo,発表日：2021年3月22日
アジュール フォーティーファイブ,東京都港区赤坂9-7-1 ザ・リッツ・カールトン東京 45F,食べログ フレンチ TOKYO 百名店 2021,https://tabelog.com/tokyo/A1307/A130701/13117620/,https://www.google.com/maps/search/?api=1&query=%E3%82%A2%E3%82%B8%E3%83%A5%E3%83%BC%E3%83%AB%20%E3%83%95%E3%82%A9%E3%83%BC%E3%83%86%E3%82%A3%E3%83%BC%E3%83%95%E3%82%A1%E3%82%A4%E3%83%96%20%E6%9D%B1%E4%BA%AC%E9%83%BD%E6%B8%AF%E5%8C%BA%E8%B5%A4%E5%9D%829-7-1%20%E3%82%B6%E3%83%BB%E3%83%AA%E3%83%83%E3%83%84%E3%83%BB%E3%82%AB%E3%83%BC%E3%83%AB%E3%83%88%E3%83%B3%E6%9D%B1%E4%BA%AC%2045F,2021,フレンチ TOKYO,french_tokyo,発表日：2021年3月22日
ASAHINA Gastronome,東京都中央区日本橋兜町1-4 M-SQUAREビル 1F,食べログ フレンチ TOKYO 百名店 2021,https://tabelog.com/tokyo/A1302/A130203/13227385/,https://www.google.com/maps/search/?api=1&query=ASAHINA%20Gastronome%20%E6%9D%B1%E4%BA%AC%E9%83%BD%E4%B8%AD%E5%A4%AE%E5%8C%BA%E6%97%A5%E6%9C%AC%E6%A9%8B%E5%85%9C%E7%94%BA1-4%20M-SQUARE%E3%83%93%E3%83%AB%201F,2021,フレンチ TOKYO,french_tokyo,発表日：2021年3月22日
アピシウス,東京都千代田区有楽町1-9-4 蚕糸会館　Ｂ１Ｆ,食べログ フレンチ TOKYO 百名店 2021,https://tabelog.com/tokyo/A1301/A130102/13000145/,https://www.google.com/maps/search/?api=1&query=%E3%82%A2%E3%83%94%E3%82%B7%E3%82%A6%E3%82%B9%20%E6%9D%B1%E4%BA%AC%E9%83%BD%E5%8D%83%E4%BB%A3%E7%94%B0%E5%8C%BA%E6%9C%89%E6%A5%BD%E7%94%BA1-9-4%20%E8%9A%95%E7%B3%B8%E4%BC%9A%E9%A4%A8%E3%80%80%EF%BC%A2%EF%BC%91%EF%BC%A6,2021,フレンチ TOKYO,french_tokyo,発表日：2021年3月22日
レストラン コバヤシ,東京都江戸川区平井5-9-4,食べログ フレンチ TOKYO 百名店 2021,https://tabelog.com/tokyo/A1312/A131202/13002939/,https://www.google.com/maps/search/?api=1&query=%E3%83%AC%E3%82%B9%E3%83%88%E3%83%A9%E3%83%B3%20%E3%82%B3%E3%83%90%E3%83%A4%E3%82%B7%20%E6%9D%B1%E4%BA%AC%E9%83%BD%E6%B1%9F%E6%88%B8%E5%B7%9D%E5%8C%BA%E5%B9%B3%E4%BA%955-9-4,2021,フレンチ TOKYO,french_tokyo,発表日：2021年3月22日
クラフタル,東京都目黒区青葉台1-16-11 2F,食べログ フレンチ TOKYO 百名店 2021,https://tabelog.com/tokyo/A1317/A131701/13186719/,https://www.google.com/maps/search/?api=1&query=%E3%82%AF%E3%83%A9%E3%83%95%E3%82%BF%E3%83%AB%20%E6%9D%B1%E4%BA%AC%E9%83%BD%E7%9B%AE%E9%BB%92%E5%8C%BA%E9%9D%92%E8%91%89%E5%8F%B01-16-11%202F,2021,フレンチ TOKYO,french_tokyo,発表日：2021年3月22日
ロドラント ミノルナキジン,東京都中央区銀座7-7-19 ニューセンタービルB1F,食べログ フレンチ TOKYO 百名店 2021,https://tabelog.com/tokyo/A1301/A130101/13054492/,https://www.google.com/maps/search/?api=1&query=%E3%83%AD%E3%83%89%E3%83%A9%E3%83%B3%E3%83%88%20%E3%83%9F%E3%83%8E%E3%83%AB%E3%83%8A%E3%82%AD%E3%82%B8%E3%83%B3%20%E6%9D%B1%E4%BA%AC%E9%83%BD%E4%B8%AD%E5%A4%AE%E5%8C%BA%E9%8A%80%E5%BA%A77-7-19%20%E3%83%8B%E3%83%A5%E3%83%BC%E3%82%BB%E3%83%B3%E3%82%BF%E3%83%BC%E3%83%93%E3%83%ABB1F,2021,フレンチ TOKYO,french_tokyo,発表日：2021年3月22日
レストランエール,東京都中央区銀座5-7-10 EXIT MELSA 8F,食べログ フレンチ TOKYO 百名店 2021,https://tabelog.com/tokyo/A1301/A130101/13186624/,https://www.google.com/maps/search/?api=1&query=%E3%83%AC%E3%82%B9%E3%83%88%E3%83%A9%E3%83%B3%E3%82%A8%E3%83%BC%E3%83%AB%20%E6%9D%B1%E4%BA%AC%E9%83%BD%E4%B8%AD%E5%A4%AE%E5%8C%BA%E9%8A%80%E5%BA%A75-7-10%20EXIT%20MELSA%208F,2021,フレンチ TOKYO,french_tokyo,発表日：2021年3月22日
FURUYA　augastronome,東京都港区赤坂4-3-9 赤坂藤マンション1F,食べログ フレンチ TOKYO 百名店 2021,https://tabelog.com/tokyo/A1308/A130801/13188159/,https://www.google.com/maps/search/?api=1&query=FURUYA%E3%80%80augastronome%20%E6%9D%B1%E4%BA%AC%E9%83%BD%E6%B8%AF%E5%8C%BA%E8%B5%A4%E5%9D%824-3-9%20%E8%B5%A4%E5%9D%82%E8%97%A4%E3%83%9E%E3%83%B3%E3%82%B7%E3%83%A7%E3%83%B31F,2021,フレンチ TOKYO,french_tokyo,発表日：2021年3月22日
朗 長谷川稔Lab,東京都港区白金台5-4-7 1F,食べログ フレンチ TOKYO 百名店 2021,https://tabelog.com/tokyo/A1316/A131602/13236720/,https://www.google.com/maps/search/?api=1&query=%E6%9C%97%20%E9%95%B7%E8%B0%B7%E5%B7%9D%E7%A8%94Lab%20%E6%9D%B1%E4%BA%AC%E9%83%BD%E6%B8%AF%E5%8C%BA%E7%99%BD%E9%87%91%E5%8F%B05-4-7%201F,2021,フレンチ TOKYO,french_tokyo,発表日：2021年3月22日
レ セゾン,東京都千代田区内幸町1-1-1 帝国ホテル東京 本館 中2F,食べログ フレンチ TOKYO 百名店 2021,https://tabelog.com/tokyo/A1301/A130102/13002294/,https://www.google.com/maps/search/?api=1&query=%E3%83%AC%20%E3%82%BB%E3%82%BE%E3%83%B3%20%E6%9D%B1%E4%BA%AC%E9%83%BD%E5%8D%83%E4%BB%A3%E7%94%B0%E5%8C%BA%E5%86%85%E5%B9%B8%E7%94%BA1-1-1%20%E5%B8%9D%E5%9B%BD%E3%83%9B%E3%83%86%E3%83%AB%E6%9D%B1%E4%BA%AC%20%E6%9C%AC%E9%A4%A8%20%E4%B8%AD2F,2021,フレンチ TOKYO,french_tokyo,発表日：2021年3月22日
ル・ジャルダン・デ・サヴール,東京都中央区銀座6-16-11 銀座山本ビル B１F,食べログ フレンチ TOKYO 百名店 2021,https://tabelog.com/tokyo/A1301/A130101/13002341/,https://www.google.com/maps/search/?api=1&query=%E3%83%AB%E3%83%BB%E3%82%B8%E3%83%A3%E3%83%AB%E3%83%80%E3%83%B3%E3%83%BB%E3%83%87%E3%83%BB%E3%82%B5%E3%83%B4%E3%83%BC%E3%83%AB%20%E6%9D%B1%E4%BA%AC%E9%83%BD%E4%B8%AD%E5%A4%AE%E5%8C%BA%E9%8A%80%E5%BA%A76-16-11%20%E9%8A%80%E5%BA%A7%E5%B1%B1%E6%9C%AC%E3%83%93%E3%83%AB%20B%EF%BC%91F,2021,フレンチ TOKYO,french_tokyo,発表日：2021年3月22日
エディション・コウジ シモムラ,東京都港区六本木3-1-1 六本木ティーキューブ1F,食べログ フレンチ TOKYO 百名店 2021,https://tabelog.com/tokyo/A1307/A130701/13042074/,https://www.google.com/maps/search/?api=1&query=%E3%82%A8%E3%83%87%E3%82%A3%E3%82%B7%E3%83%A7%E3%83%B3%E3%83%BB%E3%82%B3%E3%82%A6%E3%82%B8%20%E3%82%B7%E3%83%A2%E3%83%A0%E3%83%A9%20%E6%9D%B1%E4%BA%AC%E9%83%BD%E6%B8%AF%E5%8C%BA%E5%85%AD%E6%9C%AC%E6%9C%A83-1-1%20%E5%85%AD%E6%9C%AC%E6%9C%A8%E3%83%86%E3%82%A3%E3%83%BC%E3%82%AD%E3%83%A5%E3%83%BC%E3%83%961F,2021,フレンチ TOKYO,french_tokyo,発表日：2021年3月22日
ガストロノミー ジョエル・ロブション,東京都目黒区三田1-13-1 恵比寿ガーデンプレイス,食べログ フレンチ TOKYO 百名店 2021,https://tabelog.com/tokyo/A1303/A130302/13009310/,https://www.google.com/maps/search/?api=1&query=%E3%82%AC%E3%82%B9%E3%83%88%E3%83%AD%E3%83%8E%E3%83%9F%E3%83%BC%20%E3%82%B8%E3%83%A7%E3%82%A8%E3%83%AB%E3%83%BB%E3%83%AD%E3%83%96%E3%82%B7%E3%83%A7%E3%83%B3%20%E6%9D%B1%E4%BA%AC%E9%83%BD%E7%9B%AE%E9%BB%92%E5%8C%BA%E4%B8%89%E7%94%B01-13-1%20%E6%81%B5%E6%AF%94%E5%AF%BF%E3%82%AC%E3%83%BC%E3%83%87%E3%83%B3%E3%83%97%E3%83%AC%E3%82%A4%E3%82%B9,2021,フレンチ TOKYO,french_tokyo,発表日：2021年3月22日
ラ・ブランシュ,東京都渋谷区渋谷2-3-1 青山ポニーハイム　２Ｆ,食べログ フレンチ TOKYO 百名店 2021,https://tabelog.com/tokyo/A1303/A130301/13002111/,https://www.google.com/maps/search/?api=1&query=%E3%83%A9%E3%83%BB%E3%83%96%E3%83%A9%E3%83%B3%E3%82%B7%E3%83%A5%20%E6%9D%B1%E4%BA%AC%E9%83%BD%E6%B8%8B%E8%B0%B7%E5%8C%BA%E6%B8%8B%E8%B0%B72-3-1%20%E9%9D%92%E5%B1%B1%E3%83%9D%E3%83%8B%E3%83%BC%E3%83%8F%E3%82%A4%E3%83%A0%E3%80%80%EF%BC%92%EF%BC%A6,2021,フレンチ TOKYO,french_tokyo,発表日：2021年3月22日
ルグドゥノム ブション リヨネ,東京都新宿区神楽坂4-3-7 海老屋ビル　１Ｆ,食べログ フレンチ TOKYO 百名店 2021,https://tabelog.com/tokyo/A1309/A130905/13043985/,https://www.google.com/maps/search/?api=1&query=%E3%83%AB%E3%82%B0%E3%83%89%E3%82%A5%E3%83%8E%E3%83%A0%20%E3%83%96%E3%82%B7%E3%83%A7%E3%83%B3%20%E3%83%AA%E3%83%A8%E3%83%8D%20%E6%9D%B1%E4%BA%AC%E9%83%BD%E6%96%B0%E5%AE%BF%E5%8C%BA%E7%A5%9E%E6%A5%BD%E5%9D%824-3-7%20%E6%B5%B7%E8%80%81%E5%B1%8B%E3%83%93%E3%83%AB%E3%80%80%EF%BC%91%EF%BC%A6,2021,フレンチ TOKYO,french_tokyo,発表日：2021年3月22日
アルジェント,東京都中央区銀座3-3-1 ＺＯＥ銀座　８Ｆ・９Ｆ,食べログ フレンチ TOKYO 百名店 2021,https://tabelog.com/tokyo/A1301/A130101/13016560/,https://www.google.com/maps/search/?api=1&query=%E3%82%A2%E3%83%AB%E3%82%B8%E3%82%A7%E3%83%B3%E3%83%88%20%E6%9D%B1%E4%BA%AC%E9%83%BD%E4%B8%AD%E5%A4%AE%E5%8C%BA%E9%8A%80%E5%BA%A73-3-1%20%EF%BC%BA%EF%BC%AF%EF%BC%A5%E9%8A%80%E5%BA%A7%E3%80%80%EF%BC%98%EF%BC%A6%E3%83%BB%EF%BC%99%EF%BC%A6,2021,フレンチ TOKYO,french_tokyo,発表日：2021年3月22日
ルカンケ,東京都港区白金台5-17-11,食べログ フレンチ TOKYO 百名店 2021,https://tabelog.com/tokyo/A1316/A131602/13099717/,https://www.google.com/maps/search/?api=1&query=%E3%83%AB%E3%82%AB%E3%83%B3%E3%82%B1%20%E6%9D%B1%E4%BA%AC%E9%83%BD%E6%B8%AF%E5%8C%BA%E7%99%BD%E9%87%91%E5%8F%B05-17-11,2021,フレンチ TOKYO,french_tokyo,発表日：2021年3月22日
au deco,東京都渋谷区恵比寿2-23-3,食べログ フレンチ TOKYO 百名店 2021,https://tabelog.com/tokyo/A1307/A130703/13232146/,https://www.google.com/maps/search/?api=1&query=au%20deco%20%E6%9D%B1%E4%BA%AC%E9%83%BD%E6%B8%8B%E8%B0%B7%E5%8C%BA%E6%81%B5%E6%AF%94%E5%AF%BF2-23-3,2021,フレンチ TOKYO,french_tokyo,発表日：2021年3月22日
サラマンジェ ド イザシ ワキサカ,東京都中央区銀座7-2-8 TAKAYA-GINZAビル B1F,食べログ フレンチ TOKYO 百名店 2021,https://tabelog.com/tokyo/A1301/A130101/13151302/,https://www.google.com/maps/search/?api=1&query=%E3%82%B5%E3%83%A9%E3%83%9E%E3%83%B3%E3%82%B8%E3%82%A7%20%E3%83%89%20%E3%82%A4%E3%82%B6%E3%82%B7%20%E3%83%AF%E3%82%AD%E3%82%B5%E3%82%AB%20%E6%9D%B1%E4%BA%AC%E9%83%BD%E4%B8%AD%E5%A4%AE%E5%8C%BA%E9%8A%80%E5%BA%A77-2-8%20TAKAYA-GINZA%E3%83%93%E3%83%AB%20B1F,2021,フレンチ TOKYO,french_tokyo,発表日：2021年3月22日
ベージュ アラン・デュカス 東京,東京都中央区銀座3-5-3 シャネル銀座ビルディング　１０Ｆ,食べログ フレンチ TOKYO 百名店 2021,https://tabelog.com/tokyo/A1301/A130101/13010470/,https://www.google.com/maps/search/?api=1&query=%E3%83%99%E3%83%BC%E3%82%B8%E3%83%A5%20%E3%82%A2%E3%83%A9%E3%83%B3%E3%83%BB%E3%83%87%E3%83%A5%E3%82%AB%E3%82%B9%20%E6%9D%B1%E4%BA%AC%20%E6%9D%B1%E4%BA%AC%E9%83%BD%E4%B8%AD%E5%A4%AE%E5%8C%BA%E9%8A%80%E5%BA%A73-5-3%20%E3%82%B7%E3%83%A3%E3%83%8D%E3%83%AB%E9%8A%80%E5%BA%A7%E3%83%93%E3%83%AB%E3%83%87%E3%82%A3%E3%83%B3%E3%82%B0%E3%80%80%EF%BC%91%EF%BC%90%EF%BC%A6,2021,フレンチ TOKYO,french_tokyo,発表日：2021年3月22日
L'EAU,東京都港区南青山2-14-14 南青山KFKビル B1F,食べログ フレンチ TOKYO 百名店 2021,https://tabelog.com/tokyo/A1306/A130603/13228902/,https://www.google.com/maps/search/?api=1&query=L%27EAU%20%E6%9D%B1%E4%BA%AC%E9%83%BD%E6%B8%AF%E5%8C%BA%E5%8D%97%E9%9D%92%E5%B1%B12-14-14%20%E5%8D%97%E9%9D%92%E5%B1%B1KFK%E3%83%93%E3%83%AB%20B1F,2021,フレンチ TOKYO,french_tokyo,発表日：2021年3月22日
ジョンティ アッシュ,東京都港区白金台5-18-17 ゴールドフォレストビル2階,食べログ フレンチ TOKYO 百名店 2021,https://tabelog.com/tokyo/A1316/A131602/13056132/,https://www.google.com/maps/search/?api=1&query=%E3%82%B8%E3%83%A7%E3%83%B3%E3%83%86%E3%82%A3%20%E3%82%A2%E3%83%83%E3%82%B7%E3%83%A5%20%E6%9D%B1%E4%BA%AC%E9%83%BD%E6%B8%AF%E5%8C%BA%E7%99%BD%E9%87%91%E5%8F%B05-18-17%20%E3%82%B4%E3%83%BC%E3%83%AB%E3%83%89%E3%83%95%E3%82%A9%E3%83%AC%E3%82%B9%E3%83%88%E3%83%93%E3%83%AB2%E9%9A%8E,2021,フレンチ TOKYO,french_tokyo,発表日：2021年3月22日
マダム・トキ,東京都渋谷区鉢山町14-7,食べログ フレンチ TOKYO 百名店 2021,https://tabelog.com/tokyo/A1303/A130303/13001707/,https://www.google.com/maps/search/?api=1&query=%E3%83%9E%E3%83%80%E3%83%A0%E3%83%BB%E3%83%88%E3%82%AD%20%E6%9D%B1%E4%BA%AC%E9%83%BD%E6%B8%8B%E8%B0%B7%E5%8C%BA%E9%89%A2%E5%B1%B1%E7%94%BA14-7,2021,フレンチ TOKYO,french_tokyo,発表日：2021年3月22日
Takumi,東京都港区西麻布1-11-10 ビルマーサ 1F,食べログ フレンチ TOKYO 百名店 2021,https://tabelog.com/tokyo/A1307/A130701/13204624/,https://www.google.com/maps/search/?api=1&query=Takumi%20%E6%9D%B1%E4%BA%AC%E9%83%BD%E6%B8%AF%E5%8C%BA%E8%A5%BF%E9%BA%BB%E5%B8%831-11-10%20%E3%83%93%E3%83%AB%E3%83%9E%E3%83%BC%E3%82%B5%201F,2021,フレンチ TOKYO,french_tokyo,発表日：2021年3月22日
ナベノ-イズム,東京都台東区駒形2-1-17,食べログ フレンチ TOKYO 百名店 2021,https://tabelog.com/tokyo/A1311/A131102/13194700/,https://www.google.com/maps/search/?api=1&query=%E3%83%8A%E3%83%99%E3%83%8E-%E3%82%A4%E3%82%BA%E3%83%A0%20%E6%9D%B1%E4%BA%AC%E9%83%BD%E5%8F%B0%E6%9D%B1%E5%8C%BA%E9%A7%92%E5%BD%A22-1-17,2021,フレンチ TOKYO,french_tokyo,発表日：2021年3月22日
レフェルヴェソンス,東京都港区西麻布2-26-4,食べログ フレンチ TOKYO 百名店 2021,https://tabelog.com/tokyo/A1306/A130602/13116356/,https://www.google.com/maps/search/?api=1&query=%E3%83%AC%E3%83%95%E3%82%A7%E3%83%AB%E3%83%B4%E3%82%A7%E3%82%BD%E3%83%B3%E3%82%B9%20%E6%9D%B1%E4%BA%AC%E9%83%BD%E6%B8%AF%E5%8C%BA%E8%A5%BF%E9%BA%BB%E5%B8%832-26-4,2021,フレンチ TOKYO,french_tokyo,発表日：2021年3月22日
オマージュ,東京都台東区浅草4-10-5,食べログ フレンチ TOKYO 百名店 2021,https://tabelog.com/tokyo/A1311/A131102/13008700/,https://www.google.com/maps/search/?api=1&query=%E3%82%AA%E3%83%9E%E3%83%BC%E3%82%B8%E3%83%A5%20%E6%9D%B1%E4%BA%AC%E9%83%BD%E5%8F%B0%E6%9D%B1%E5%8C%BA%E6%B5%85%E8%8D%894-10-5,2021,フレンチ TOKYO,french_tokyo,発表日：2021年3月22日
Crony,東京都港区西麻布2-25-24 NISHIAZABU FTビル MB1F,食べログ フレンチ TOKYO 百名店 2021,https://tabelog.com/tokyo/A1307/A130701/13202768/,https://www.google.com/maps/search/?api=1&query=Crony%20%E6%9D%B1%E4%BA%AC%E9%83%BD%E6%B8%AF%E5%8C%BA%E8%A5%BF%E9%BA%BB%E5%B8%832-25-24%20NISHIAZABU%20FT%E3%83%93%E3%83%AB%20MB1F,2021,フレンチ TOKYO,french_tokyo,発表日：2021年3月22日
レストラン ローブ,東京都港区東麻布1-17-9 アネックス東麻布 2F,食べログ フレンチ TOKYO 百名店 2021,https://tabelog.com/tokyo/A1307/A130702/13198413/,https://www.google.com/maps/search/?api=1&query=%E3%83%AC%E3%82%B9%E3%83%88%E3%83%A9%E3%83%B3%20%E3%83%AD%E3%83%BC%E3%83%96%20%E6%9D%B1%E4%BA%AC%E9%83%BD%E6%B8%AF%E5%8C%BA%E6%9D%B1%E9%BA%BB%E5%B8%831-17-9%20%E3%82%A2%E3%83%8D%E3%83%83%E3%82%AF%E3%82%B9%E6%9D%B1%E9%BA%BB%E5%B8%83%202F,2021,フレンチ TOKYO,french_tokyo,発表日：2021年3月22日
B,東京都目黒区自由が丘2-11-1,食べログ フレンチ TOKYO 百名店 2021,https://tabelog.com/tokyo/A1317/A131703/13217869/,https://www.google.com/maps/search/?api=1&query=B%20%E6%9D%B1%E4%BA%AC%E9%83%BD%E7%9B%AE%E9%BB%92%E5%8C%BA%E8%87%AA%E7%94%B1%E3%81%8C%E4%B8%982-11-1,2021,フレンチ TOKYO,french_tokyo,発表日：2021年3月22日
シャントレル,東京都渋谷区元代々木町24-1 アブニ―ル元代々木 1F,食べログ フレンチ TOKYO 百名店 2021,https://tabelog.com/tokyo/A1318/A131810/13128296/,https://www.google.com/maps/search/?api=1&query=%E3%82%B7%E3%83%A3%E3%83%B3%E3%83%88%E3%83%AC%E3%83%AB%20%E6%9D%B1%E4%BA%AC%E9%83%BD%E6%B8%8B%E8%B0%B7%E5%8C%BA%E5%85%83%E4%BB%A3%E3%80%85%E6%9C%A8%E7%94%BA24-1%20%E3%82%A2%E3%83%96%E3%83%8B%E2%80%95%E3%83%AB%E5%85%83%E4%BB%A3%E3%80%85%E6%9C%A8%201F,2021,フレンチ TOKYO,french_tokyo,発表日：2021年3月22日
L’AS MINAMIAOYAMA,東京都港区南青山4-16-3 南青山コトリビル 1F,食べログ フレンチ TOKYO 百名店 2021,https://tabelog.com/tokyo/A1306/A130602/13137097/,https://www.google.com/maps/search/?api=1&query=L%E2%80%99AS%20MINAMIAOYAMA%20%E6%9D%B1%E4%BA%AC%E9%83%BD%E6%B8%AF%E5%8C%BA%E5%8D%97%E9%9D%92%E5%B1%B14-16-3%20%E5%8D%97%E9%9D%92%E5%B1%B1%E3%82%B3%E3%83%88%E3%83%AA%E3%83%93%E3%83%AB%201F,2021,フレンチ TOKYO,french_tokyo,発表日：2021年3月22日
ラトラス,東京都新宿区神楽坂6-8-95 ボルゴ大〆２°,食べログ フレンチ TOKYO 百名店 2021,https://tabelog.com/tokyo/A1309/A130905/13059639/,https://www.google.com/maps/search/?api=1&query=%E3%83%A9%E3%83%88%E3%83%A9%E3%82%B9%20%E6%9D%B1%E4%BA%AC%E9%83%BD%E6%96%B0%E5%AE%BF%E5%8C%BA%E7%A5%9E%E6%A5%BD%E5%9D%826-8-95%20%E3%83%9C%E3%83%AB%E3%82%B4%E5%A4%A7%E3%80%86%EF%BC%92%C2%B0,2021,フレンチ TOKYO,french_tokyo,発表日：2021年3月22日
メゾン ポール・ボキューズ,東京都渋谷区猿楽町17-16 代官山フォーラム　Ｂ１Ｆ,食べログ フレンチ TOKYO 百名店 2021,https://tabelog.com/tokyo/A1303/A130303/13040327/,https://www.google.com/maps/search/?api=1&query=%E3%83%A1%E3%82%BE%E3%83%B3%20%E3%83%9D%E3%83%BC%E3%83%AB%E3%83%BB%E3%83%9C%E3%82%AD%E3%83%A5%E3%83%BC%E3%82%BA%20%E6%9D%B1%E4%BA%AC%E9%83%BD%E6%B8%8B%E8%B0%B7%E5%8C%BA%E7%8C%BF%E6%A5%BD%E7%94%BA17-16%20%E4%BB%A3%E5%AE%98%E5%B1%B1%E3%83%95%E3%82%A9%E3%83%BC%E3%83%A9%E3%83%A0%E3%80%80%EF%BC%A2%EF%BC%91%EF%BC%A6,2021,フレンチ TOKYO,french_tokyo,発表日：2021年3月22日
ラ・ボンヌターブル,東京都中央区日本橋室町2-3-1 コレド室町2 1F,食べログ フレンチ TOKYO 百名店 2021,https://tabelog.com/tokyo/A1302/A130202/13166325/,https://www.google.com/maps/search/?api=1&query=%E3%83%A9%E3%83%BB%E3%83%9C%E3%83%B3%E3%83%8C%E3%82%BF%E3%83%BC%E3%83%96%E3%83%AB%20%E6%9D%B1%E4%BA%AC%E9%83%BD%E4%B8%AD%E5%A4%AE%E5%8C%BA%E6%97%A5%E6%9C%AC%E6%A9%8B%E5%AE%A4%E7%94%BA2-3-1%20%E3%82%B3%E3%83%AC%E3%83%89%E5%AE%A4%E7%94%BA2%201F,2021,フレンチ TOKYO,french_tokyo,発表日：2021年3月22日
ラ・ファソン 古賀,東京都渋谷区上原1-32-5 ロイヤルテラス 1F,食べログ フレンチ TOKYO 百名店 2021,https://tabelog.com/tokyo/A1318/A131811/13155778/,https://www.google.com/maps/search/?api=1&query=%E3%83%A9%E3%83%BB%E3%83%95%E3%82%A1%E3%82%BD%E3%83%B3%20%E5%8F%A4%E8%B3%80%20%E6%9D%B1%E4%BA%AC%E9%83%BD%E6%B8%8B%E8%B0%B7%E5%8C%BA%E4%B8%8A%E5%8E%9F1-32-5%20%E3%83%AD%E3%82%A4%E3%83%A4%E3%83%AB%E3%83%86%E3%83%A9%E3%82%B9%201F,2021,フレンチ TOKYO,french_tokyo,発表日：2021年3月22日
モナリザ 丸の内店,東京都千代田区丸の内2-4-1 丸の内ビルディング 36F,食べログ フレンチ TOKYO 百名店 2021,https://tabelog.com/tokyo/A1302/A130201/13000302/,https://www.google.com/maps/search/?api=1&query=%E3%83%A2%E3%83%8A%E3%83%AA%E3%82%B6%20%E4%B8%B8%E3%81%AE%E5%86%85%E5%BA%97%20%E6%9D%B1%E4%BA%AC%E9%83%BD%E5%8D%83%E4%BB%A3%E7%94%B0%E5%8C%BA%E4%B8%B8%E3%81%AE%E5%86%852-4-1%20%E4%B8%B8%E3%81%AE%E5%86%85%E3%83%93%E3%83%AB%E3%83%87%E3%82%A3%E3%83%B3%E3%82%B0%2036F,2021,フレンチ TOKYO,french_tokyo,発表日：2021年3月22日
ライラ,東京都港区赤坂7-5-34 インペリアル赤坂フォーラム 1Ｆ,食べログ フレンチ TOKYO 百名店 2021,https://tabelog.com/tokyo/A1308/A130801/13156381/,https://www.google.com/maps/search/?api=1&query=%E3%83%A9%E3%82%A4%E3%83%A9%20%E6%9D%B1%E4%BA%AC%E9%83%BD%E6%B8%AF%E5%8C%BA%E8%B5%A4%E5%9D%827-5-34%20%E3%82%A4%E3%83%B3%E3%83%9A%E3%83%AA%E3%82%A2%E3%83%AB%E8%B5%A4%E5%9D%82%E3%83%95%E3%82%A9%E3%83%BC%E3%83%A9%E3%83%A0%201%EF%BC%A6,2021,フレンチ TOKYO,french_tokyo,発表日：2021年3月22日
コート ドール,東京都港区三田5-2-18 三田ハウス 1F,食べログ フレンチ TOKYO 百名店 2021,https://tabelog.com/tokyo/A1316/A131602/13001681/,https://www.google.com/maps/search/?api=1&query=%E3%82%B3%E3%83%BC%E3%83%88%20%E3%83%89%E3%83%BC%E3%83%AB%20%E6%9D%B1%E4%BA%AC%E9%83%BD%E6%B8%AF%E5%8C%BA%E4%B8%89%E7%94%B05-2-18%20%E4%B8%89%E7%94%B0%E3%83%8F%E3%82%A6%E3%82%B9%201F,2021,フレンチ TOKYO,french_tokyo,発表日：2021年3月22日
sio,東京都渋谷区上原1-35-3,食べログ フレンチ TOKYO 百名店 2021,https://tabelog.com/tokyo/A1318/A131811/13150395/,https://www.google.com/maps/search/?api=1&query=sio%20%E6%9D%B1%E4%BA%AC%E9%83%BD%E6%B8%8B%E8%B0%B7%E5%8C%BA%E4%B8%8A%E5%8E%9F1-35-3,2021,フレンチ TOKYO,french_tokyo,発表日：2021年3月22日
オルタナティブ,東京都港区西麻布3-1-19 小山ビル2F,食べログ フレンチ TOKYO 百名店 2021,https://tabelog.com/tokyo/A1307/A130701/13200186/,https://www.google.com/maps/search/?api=1&query=%E3%82%AA%E3%83%AB%E3%82%BF%E3%83%8A%E3%83%86%E3%82%A3%E3%83%96%20%E6%9D%B1%E4%BA%AC%E9%83%BD%E6%B8%AF%E5%8C%BA%E8%A5%BF%E9%BA%BB%E5%B8%833-1-19%20%E5%B0%8F%E5%B1%B1%E3%83%93%E3%83%AB2F,2021,フレンチ TOKYO,french_tokyo,発表日：2021年3月22日
モナリザ 恵比寿店,東京都渋谷区恵比寿西1-14-4 シティー・ホームズ恵比寿　１Ｆ,食べログ フレンチ TOKYO 百名店 2021,https://tabelog.com/tokyo/A1303/A130302/13004628/,https://www.google.com/maps/search/?api=1&query=%E3%83%A2%E3%83%8A%E3%83%AA%E3%82%B6%20%E6%81%B5%E6%AF%94%E5%AF%BF%E5%BA%97%20%E6%9D%B1%E4%BA%AC%E9%83%BD%E6%B8%8B%E8%B0%B7%E5%8C%BA%E6%81%B5%E6%AF%94%E5%AF%BF%E8%A5%BF1-14-4%20%E3%82%B7%E3%83%86%E3%82%A3%E3%83%BC%E3%83%BB%E3%83%9B%E3%83%BC%E3%83%A0%E3%82%BA%E6%81%B5%E6%AF%94%E5%AF%BF%E3%80%80%EF%BC%91%EF%BC%A6,2021,フレンチ TOKYO,french_tokyo,発表日：2021年3月22日
ラチュレ,東京都渋谷区渋谷2-2-2 青山ルカビル B1F,食べログ フレンチ TOKYO 百名店 2021,https://tabelog.com/tokyo/A1303/A130301/13198692/,https://www.google.com/maps/search/?api=1&query=%E3%83%A9%E3%83%81%E3%83%A5%E3%83%AC%20%E6%9D%B1%E4%BA%AC%E9%83%BD%E6%B8%8B%E8%B0%B7%E5%8C%BA%E6%B8%8B%E8%B0%B72-2-2%20%E9%9D%92%E5%B1%B1%E3%83%AB%E3%82%AB%E3%83%93%E3%83%AB%20B1F,2021,フレンチ TOKYO,french_tokyo,発表日：2021年3月22日
ラ クレリエール,東京都港区白金3-14-10 ベルパラーゾシロカネ 1F,食べログ フレンチ TOKYO 百名店 2021,https://tabelog.com/tokyo/A1316/A131602/13194179/,https://www.google.com/maps/search/?api=1&query=%E3%83%A9%20%E3%82%AF%E3%83%AC%E3%83%AA%E3%82%A8%E3%83%BC%E3%83%AB%20%E6%9D%B1%E4%BA%AC%E9%83%BD%E6%B8%AF%E5%8C%BA%E7%99%BD%E9%87%913-14-10%20%E3%83%99%E3%83%AB%E3%83%91%E3%83%A9%E3%83%BC%E3%82%BE%E3%82%B7%E3%83%AD%E3%82%AB%E3%83%8D%201F,2021,フレンチ TOKYO,french_tokyo,発表日：2021年3月22日
サンプリシテ,東京都渋谷区猿楽町3-9 アヴェニューサイド代官山1 2F,食べログ フレンチ TOKYO 百名店 2021,https://tabelog.com/tokyo/A1303/A130303/13216899/,https://www.google.com/maps/search/?api=1&query=%E3%82%B5%E3%83%B3%E3%83%97%E3%83%AA%E3%82%B7%E3%83%86%20%E6%9D%B1%E4%BA%AC%E9%83%BD%E6%B8%8B%E8%B0%B7%E5%8C%BA%E7%8C%BF%E6%A5%BD%E7%94%BA3-9%20%E3%82%A2%E3%83%B4%E3%82%A7%E3%83%8B%E3%83%A5%E3%83%BC%E3%82%B5%E3%82%A4%E3%83%89%E4%BB%A3%E5%AE%98%E5%B1%B11%202F,2021,フレンチ TOKYO,french_tokyo,発表日：2021年3月22日
ル スプートニク,東京都港区六本木7-9-9 リッモーネ六本木1階,食べログ フレンチ TOKYO 百名店 2021,https://tabelog.com/tokyo/A1307/A130701/13184105/,https://www.google.com/maps/search/?api=1&query=%E3%83%AB%20%E3%82%B9%E3%83%97%E3%83%BC%E3%83%88%E3%83%8B%E3%82%AF%20%E6%9D%B1%E4%BA%AC%E9%83%BD%E6%B8%AF%E5%8C%BA%E5%85%AD%E6%9C%AC%E6%9C%A87-9-9%20%E3%83%AA%E3%83%83%E3%83%A2%E3%83%BC%E3%83%8D%E5%85%AD%E6%9C%AC%E6%9C%A81%E9%9A%8E,2021,フレンチ TOKYO,french_tokyo,発表日：2021年3月22日
ラトリエ ドゥ ジョエル・ロブション,東京都港区六本木6-10-1 六本木ヒルズ ヒルサイド 2F,食べログ フレンチ TOKYO 百名店 2021,https://tabelog.com/tokyo/A1307/A130701/13005334/,https://www.google.com/maps/search/?api=1&query=%E3%83%A9%E3%83%88%E3%83%AA%E3%82%A8%20%E3%83%89%E3%82%A5%20%E3%82%B8%E3%83%A7%E3%82%A8%E3%83%AB%E3%83%BB%E3%83%AD%E3%83%96%E3%82%B7%E3%83%A7%E3%83%B3%20%E6%9D%B1%E4%BA%AC%E9%83%BD%E6%B8%AF%E5%8C%BA%E5%85%AD%E6%9C%AC%E6%9C%A86-10-1%20%E5%85%AD%E6%9C%AC%E6%9C%A8%E3%83%92%E3%83%AB%E3%82%BA%20%E3%83%92%E3%83%AB%E3%82%B5%E3%82%A4%E3%83%89%202F,2021,フレンチ TOKYO,french_tokyo,発表日：2021年3月22日
コントワール ミサゴ,東京都港区西麻布4-17-22 アビターレ西麻布　2F,食べログ フレンチ TOKYO 百名店 2021,https://tabelog.com/tokyo/A1307/A130703/13114321/,https://www.google.com/maps/search/?api=1&query=%E3%82%B3%E3%83%B3%E3%83%88%E3%83%AF%E3%83%BC%E3%83%AB%20%E3%83%9F%E3%82%B5%E3%82%B4%20%E6%9D%B1%E4%BA%AC%E9%83%BD%E6%B8%AF%E5%8C%BA%E8%A5%BF%E9%BA%BB%E5%B8%834-17-22%20%E3%82%A2%E3%83%93%E3%82%BF%E3%83%BC%E3%83%AC%E8%A5%BF%E9%BA%BB%E5%B8%83%E3%80%802F,2021,フレンチ TOKYO,french_tokyo,発表日：2021年3月22日
ル・マンジュ・トゥー,東京都新宿区納戸町22,食べログ フレンチ TOKYO 百名店 2021,https://tabelog.com/tokyo/A1309/A130905/13000469/,https://www.google.com/maps/search/?api=1&query=%E3%83%AB%E3%83%BB%E3%83%9E%E3%83%B3%E3%82%B8%E3%83%A5%E3%83%BB%E3%83%88%E3%82%A5%E3%83%BC%20%E6%9D%B1%E4%BA%AC%E9%83%BD%E6%96%B0%E5%AE%BF%E5%8C%BA%E7%B4%8D%E6%88%B8%E7%94%BA22,2021,フレンチ TOKYO,french_tokyo,発表日：2021年3月22日
フロリレージュ,東京都渋谷区神宮前2-5-4 SEIZAN外苑 B1,食べログ フレンチ TOKYO 百名店 2021,https://tabelog.com/tokyo/A1306/A130601/13093814/,https://www.google.com/maps/search/?api=1&query=%E3%83%95%E3%83%AD%E3%83%AA%E3%83%AC%E3%83%BC%E3%82%B8%E3%83%A5%20%E6%9D%B1%E4%BA%AC%E9%83%BD%E6%B8%8B%E8%B0%B7%E5%8C%BA%E7%A5%9E%E5%AE%AE%E5%89%8D2-5-4%20SEIZAN%E5%A4%96%E8%8B%91%20B1,2021,フレンチ TOKYO,french_tokyo,発表日：2021年3月22日
ルメルシマン オカモト,東京都港区南青山3-6-7 b-town 1F,食べログ フレンチ TOKYO 百名店 2021,https://tabelog.com/tokyo/A1306/A130602/13145384/,https://www.google.com/maps/search/?api=1&query=%E3%83%AB%E3%83%A1%E3%83%AB%E3%82%B7%E3%83%9E%E3%83%B3%20%E3%82%AA%E3%82%AB%E3%83%A2%E3%83%88%20%E6%9D%B1%E4%BA%AC%E9%83%BD%E6%B8%AF%E5%8C%BA%E5%8D%97%E9%9D%92%E5%B1%B13-6-7%20b-town%201F,2021,フレンチ TOKYO,french_tokyo,発表日：2021年3月22日
歓迎 銀座中央通り店,東京都中央区京橋3-1-1 東京スクエアガーデン B1F,食べログ 餃子 百名店 2021,https://tabelog.com/tokyo/A1301/A130101/13154973/,https://www.google.com/maps/search/?api=1&query=%E6%AD%93%E8%BF%8E%20%E9%8A%80%E5%BA%A7%E4%B8%AD%E5%A4%AE%E9%80%9A%E3%82%8A%E5%BA%97%20%E6%9D%B1%E4%BA%AC%E9%83%BD%E4%B8%AD%E5%A4%AE%E5%8C%BA%E4%BA%AC%E6%A9%8B3-1-1%20%E6%9D%B1%E4%BA%AC%E3%82%B9%E3%82%AF%E3%82%A8%E3%82%A2%E3%82%AC%E3%83%BC%E3%83%87%E3%83%B3%20B1F,2021,餃子,gyoza,発表日：2021年9月8日
菜香餃子房,東京都足立区千住1-39-9,食べログ 餃子 百名店 2021,https://tabelog.com/tokyo/A1324/A132402/13158080/,https://www.google.com/maps/search/?api=1&query=%E8%8F%9C%E9%A6%99%E9%A4%83%E5%AD%90%E6%88%BF%20%E6%9D%B1%E4%BA%AC%E9%83%BD%E8%B6%B3%E7%AB%8B%E5%8C%BA%E5%8D%83%E4%BD%8F1-39-9,2021,餃子,gyoza,発表日：2021年9月8日
正嗣 駒生店,栃木県宇都宮市駒生町1301-8,食べログ 餃子 百名店 2021,https://tabelog.com/tochigi/A0901/A090101/9001047/,https://www.google.com/maps/search/?api=1&query=%E6%AD%A3%E5%97%A3%20%E9%A7%92%E7%94%9F%E5%BA%97%20%E6%A0%83%E6%9C%A8%E7%9C%8C%E5%AE%87%E9%83%BD%E5%AE%AE%E5%B8%82%E9%A7%92%E7%94%9F%E7%94%BA1301-8,2021,餃子,gyoza,発表日：2021年9月8日
亜細亜割烹 蓮月,東京都港区南青山1-23-7 Grange南青山 101,食べログ 餃子 百名店 2021,https://tabelog.com/tokyo/A1307/A130701/13182912/,https://www.google.com/maps/search/?api=1&query=%E4%BA%9C%E7%B4%B0%E4%BA%9C%E5%89%B2%E7%83%B9%20%E8%93%AE%E6%9C%88%20%E6%9D%B1%E4%BA%AC%E9%83%BD%E6%B8%AF%E5%8C%BA%E5%8D%97%E9%9D%92%E5%B1%B11-23-7%20Grange%E5%8D%97%E9%9D%92%E5%B1%B1%20101,2021,餃子,gyoza,発表日：2021年9月8日
えびすの安兵衛,東京都渋谷区恵比寿4-9-15 荻原ビル5 1F,食べログ 餃子 百名店 2021,https://tabelog.com/tokyo/A1303/A130302/13117106/,https://www.google.com/maps/search/?api=1&query=%E3%81%88%E3%81%B3%E3%81%99%E3%81%AE%E5%AE%89%E5%85%B5%E8%A1%9B%20%E6%9D%B1%E4%BA%AC%E9%83%BD%E6%B8%8B%E8%B0%B7%E5%8C%BA%E6%81%B5%E6%AF%94%E5%AF%BF4-9-15%20%E8%8D%BB%E5%8E%9F%E3%83%93%E3%83%AB5%201F,2021,餃子,gyoza,発表日：2021年9月8日
横浜とんとん,神奈川県横浜市保土ケ谷区星川1-15-27,食べログ 餃子 百名店 2021,https://tabelog.com/kanagawa/A1401/A140301/14003956/,https://www.google.com/maps/search/?api=1&query=%E6%A8%AA%E6%B5%9C%E3%81%A8%E3%82%93%E3%81%A8%E3%82%93%20%E7%A5%9E%E5%A5%88%E5%B7%9D%E7%9C%8C%E6%A8%AA%E6%B5%9C%E5%B8%82%E4%BF%9D%E5%9C%9F%E3%82%B1%E8%B0%B7%E5%8C%BA%E6%98%9F%E5%B7%9D1-15-27,2021,餃子,gyoza,発表日：2021年9月8日
大陸,東京都新宿区歌舞伎町1-6-3 石塚ビル 4F,食べログ 餃子 百名店 2021,https://tabelog.com/tokyo/A1304/A130401/13000118/,https://www.google.com/maps/search/?api=1&query=%E5%A4%A7%E9%99%B8%20%E6%9D%B1%E4%BA%AC%E9%83%BD%E6%96%B0%E5%AE%BF%E5%8C%BA%E6%AD%8C%E8%88%9E%E4%BC%8E%E7%94%BA1-6-3%20%E7%9F%B3%E5%A1%9A%E3%83%93%E3%83%AB%204F,2021,餃子,gyoza,発表日：2021年9月8日
餃子坊 豚八戒,東京都杉並区阿佐谷南3-37-5,食べログ 餃子 百名店 2021,https://tabelog.com/tokyo/A1319/A131905/13090377/,https://www.google.com/maps/search/?api=1&query=%E9%A4%83%E5%AD%90%E5%9D%8A%20%E8%B1%9A%E5%85%AB%E6%88%92%20%E6%9D%B1%E4%BA%AC%E9%83%BD%E6%9D%89%E4%B8%A6%E5%8C%BA%E9%98%BF%E4%BD%90%E8%B0%B7%E5%8D%973-37-5,2021,餃子,gyoza,発表日：2021年9月8日
太陽,東京都杉並区高円寺北3-22-12 第6東和ビル 1F,食べログ 餃子 百名店 2021,https://tabelog.com/tokyo/A1319/A131904/13000732/,https://www.google.com/maps/search/?api=1&query=%E5%A4%AA%E9%99%BD%20%E6%9D%B1%E4%BA%AC%E9%83%BD%E6%9D%89%E4%B8%A6%E5%8C%BA%E9%AB%98%E5%86%86%E5%AF%BA%E5%8C%973-22-12%20%E7%AC%AC6%E6%9D%B1%E5%92%8C%E3%83%93%E3%83%AB%201F,2021,餃子,gyoza,発表日：2021年9月8日
東京餃子楼 三軒茶屋店,東京都世田谷区太子堂4-4-2 ラウスパレス三軒茶屋,食べログ 餃子 百名店 2021,https://tabelog.com/tokyo/A1317/A131706/13004530/,https://www.google.com/maps/search/?api=1&query=%E6%9D%B1%E4%BA%AC%E9%A4%83%E5%AD%90%E6%A5%BC%20%E4%B8%89%E8%BB%92%E8%8C%B6%E5%B1%8B%E5%BA%97%20%E6%9D%B1%E4%BA%AC%E9%83%BD%E4%B8%96%E7%94%B0%E8%B0%B7%E5%8C%BA%E5%A4%AA%E5%AD%90%E5%A0%824-4-2%20%E3%83%A9%E3%82%A6%E3%82%B9%E3%83%91%E3%83%AC%E3%82%B9%E4%B8%89%E8%BB%92%E8%8C%B6%E5%B1%8B,2021,餃子,gyoza,発表日：2021年9月8日
味噌と餃子 青源  パセオ店,栃木県宇都宮市川向町1-23 宇都宮駅ビルパセオ 1F,食べログ 餃子 百名店 2021,https://tabelog.com/tochigi/A0901/A090101/9010290/,https://www.google.com/maps/search/?api=1&query=%E5%91%B3%E5%99%8C%E3%81%A8%E9%A4%83%E5%AD%90%20%E9%9D%92%E6%BA%90%20%20%E3%83%91%E3%82%BB%E3%82%AA%E5%BA%97%20%E6%A0%83%E6%9C%A8%E7%9C%8C%E5%AE%87%E9%83%BD%E5%AE%AE%E5%B8%82%E5%B7%9D%E5%90%91%E7%94%BA1-23%20%E5%AE%87%E9%83%BD%E5%AE%AE%E9%A7%85%E3%83%93%E3%83%AB%E3%83%91%E3%82%BB%E3%82%AA%201F,2021,餃子,gyoza,発表日：2021年9月8日
歓迎,東京都大田区西蒲田7-67-5,食べログ 餃子 百名店 2021,https://tabelog.com/tokyo/A1315/A131503/13025054/,https://www.google.com/maps/search/?api=1&query=%E6%AD%93%E8%BF%8E%20%E6%9D%B1%E4%BA%AC%E9%83%BD%E5%A4%A7%E7%94%B0%E5%8C%BA%E8%A5%BF%E8%92%B2%E7%94%B07-67-5,2021,餃子,gyoza,発表日：2021年9月8日
野方餃子 本店,東京都中野区野方6-18-8 杉山ビル 1Ｆ,食べログ 餃子 百名店 2021,https://tabelog.com/tokyo/A1321/A132104/13154377/,https://www.google.com/maps/search/?api=1&query=%E9%87%8E%E6%96%B9%E9%A4%83%E5%AD%90%20%E6%9C%AC%E5%BA%97%20%E6%9D%B1%E4%BA%AC%E9%83%BD%E4%B8%AD%E9%87%8E%E5%8C%BA%E9%87%8E%E6%96%B96-18-8%20%E6%9D%89%E5%B1%B1%E3%83%93%E3%83%AB%201%EF%BC%A6,2021,餃子,gyoza,発表日：2021年9月8日
壇太,東京都港区高輪3-7-14,食べログ 餃子 百名店 2021,https://tabelog.com/tokyo/A1316/A131603/13020500/,https://www.google.com/maps/search/?api=1&query=%E5%A3%87%E5%A4%AA%20%E6%9D%B1%E4%BA%AC%E9%83%BD%E6%B8%AF%E5%8C%BA%E9%AB%98%E8%BC%AA3-7-14,2021,餃子,gyoza,発表日：2021年9月8日
您好,東京都渋谷区西原2-27-4 升本酒店　２Ｆ,食べログ 餃子 百名店 2021,https://tabelog.com/tokyo/A1318/A131807/13001812/,https://www.google.com/maps/search/?api=1&query=%E6%82%A8%E5%A5%BD%20%E6%9D%B1%E4%BA%AC%E9%83%BD%E6%B8%8B%E8%B0%B7%E5%8C%BA%E8%A5%BF%E5%8E%9F2-27-4%20%E5%8D%87%E6%9C%AC%E9%85%92%E5%BA%97%E3%80%80%EF%BC%92%EF%BC%A6,2021,餃子,gyoza,発表日：2021年9月8日
独一処餃子 葛西本店,東京都江戸川区中葛西3-33-19,食べログ 餃子 百名店 2021,https://tabelog.com/tokyo/A1313/A131305/13008712/,https://www.google.com/maps/search/?api=1&query=%E7%8B%AC%E4%B8%80%E5%87%A6%E9%A4%83%E5%AD%90%20%E8%91%9B%E8%A5%BF%E6%9C%AC%E5%BA%97%20%E6%9D%B1%E4%BA%AC%E9%83%BD%E6%B1%9F%E6%88%B8%E5%B7%9D%E5%8C%BA%E4%B8%AD%E8%91%9B%E8%A5%BF3-33-19,2021,餃子,gyoza,発表日：2021年9月8日
リトル泰興楼 Fei店,東京都中央区八重洲1-4-16 八重仲ダイニング B1F,食べログ 餃子 百名店 2021,https://tabelog.com/tokyo/A1302/A130202/13133812/,https://www.google.com/maps/search/?api=1&query=%E3%83%AA%E3%83%88%E3%83%AB%E6%B3%B0%E8%88%88%E6%A5%BC%20Fei%E5%BA%97%20%E6%9D%B1%E4%BA%AC%E9%83%BD%E4%B8%AD%E5%A4%AE%E5%8C%BA%E5%85%AB%E9%87%8D%E6%B4%B21-4-16%20%E5%85%AB%E9%87%8D%E4%BB%B2%E3%83%80%E3%82%A4%E3%83%8B%E3%83%B3%E3%82%B0%20B1F,2021,餃子,gyoza,発表日：2021年9月8日
金春 本館,東京都大田区蒲田4-5-6 プロスペリアルビル　１・２Ｆ,食べログ 餃子 百名店 2021,https://tabelog.com/tokyo/A1315/A131503/13008262/,https://www.google.com/maps/search/?api=1&query=%E9%87%91%E6%98%A5%20%E6%9C%AC%E9%A4%A8%20%E6%9D%B1%E4%BA%AC%E9%83%BD%E5%A4%A7%E7%94%B0%E5%8C%BA%E8%92%B2%E7%94%B04-5-6%20%E3%83%97%E3%83%AD%E3%82%B9%E3%83%9A%E3%83%AA%E3%82%A2%E3%83%AB%E3%83%93%E3%83%AB%E3%80%80%EF%BC%91%E3%83%BB%EF%BC%92%EF%BC%A6,2021,餃子,gyoza,発表日：2021年9月8日
みんみん,東京都武蔵野市吉祥寺本町1-1-9,食べログ 餃子 百名店 2021,https://tabelog.com/tokyo/A1320/A132001/13015935/,https://www.google.com/maps/search/?api=1&query=%E3%81%BF%E3%82%93%E3%81%BF%E3%82%93%20%E6%9D%B1%E4%BA%AC%E9%83%BD%E6%AD%A6%E8%94%B5%E9%87%8E%E5%B8%82%E5%90%89%E7%A5%A5%E5%AF%BA%E6%9C%AC%E7%94%BA1-1-9,2021,餃子,gyoza,発表日：2021年9月8日
龍門,東京都大田区西糀谷3-35-3,食べログ 餃子 百名店 2021,https://tabelog.com/tokyo/A1315/A131504/13017770/,https://www.google.com/maps/search/?api=1&query=%E9%BE%8D%E9%96%80%20%E6%9D%B1%E4%BA%AC%E9%83%BD%E5%A4%A7%E7%94%B0%E5%8C%BA%E8%A5%BF%E7%B3%80%E8%B0%B73-35-3,2021,餃子,gyoza,発表日：2021年9月8日
正嗣 宮島本店,栃木県宇都宮市馬場通り4-3-1,食べログ 餃子 百名店 2021,https://tabelog.com/tochigi/A0901/A090101/9000046/,https://www.google.com/maps/search/?api=1&query=%E6%AD%A3%E5%97%A3%20%E5%AE%AE%E5%B3%B6%E6%9C%AC%E5%BA%97%20%E6%A0%83%E6%9C%A8%E7%9C%8C%E5%AE%87%E9%83%BD%E5%AE%AE%E5%B8%82%E9%A6%AC%E5%A0%B4%E9%80%9A%E3%82%8A4-3-1,2021,餃子,gyoza,発表日：2021年9月8日
山東 2号店,神奈川県横浜市中区山下町150-3,食べログ 餃子 百名店 2021,https://tabelog.com/kanagawa/A1401/A140105/14000483/,https://www.google.com/maps/search/?api=1&query=%E5%B1%B1%E6%9D%B1%202%E5%8F%B7%E5%BA%97%20%E7%A5%9E%E5%A5%88%E5%B7%9D%E7%9C%8C%E6%A8%AA%E6%B5%9C%E5%B8%82%E4%B8%AD%E5%8C%BA%E5%B1%B1%E4%B8%8B%E7%94%BA150-3,2021,餃子,gyoza,発表日：2021年9月8日
來々軒,東京都江東区東陽3-21-4 ライオンズマンション　1F,食べログ 餃子 百名店 2021,https://tabelog.com/tokyo/A1313/A131303/13098822/,https://www.google.com/maps/search/?api=1&query=%E4%BE%86%E3%80%85%E8%BB%92%20%E6%9D%B1%E4%BA%AC%E9%83%BD%E6%B1%9F%E6%9D%B1%E5%8C%BA%E6%9D%B1%E9%99%BD3-21-4%20%E3%83%A9%E3%82%A4%E3%82%AA%E3%83%B3%E3%82%BA%E3%83%9E%E3%83%B3%E3%82%B7%E3%83%A7%E3%83%B3%E3%80%801F,2021,餃子,gyoza,発表日：2021年9月8日
元祖ハルピン,東京都三鷹市下連雀3-31-9,食べログ 餃子 百名店 2021,https://tabelog.com/tokyo/A1320/A132002/13054311/,https://www.google.com/maps/search/?api=1&query=%E5%85%83%E7%A5%96%E3%83%8F%E3%83%AB%E3%83%94%E3%83%B3%20%E6%9D%B1%E4%BA%AC%E9%83%BD%E4%B8%89%E9%B7%B9%E5%B8%82%E4%B8%8B%E9%80%A3%E9%9B%803-31-9,2021,餃子,gyoza,発表日：2021年9月8日
でっかい餃子 代々木店,東京都渋谷区代々木1-33-2,食べログ 餃子 百名店 2021,https://tabelog.com/tokyo/A1304/A130403/13021680/,https://www.google.com/maps/search/?api=1&query=%E3%81%A7%E3%81%A3%E3%81%8B%E3%81%84%E9%A4%83%E5%AD%90%20%E4%BB%A3%E3%80%85%E6%9C%A8%E5%BA%97%20%E6%9D%B1%E4%BA%AC%E9%83%BD%E6%B8%8B%E8%B0%B7%E5%8C%BA%E4%BB%A3%E3%80%85%E6%9C%A81-33-2,2021,餃子,gyoza,発表日：2021年9月8日
和の中,栃木県宇都宮市駒生町1296-33,食べログ 餃子 百名店 2021,https://tabelog.com/tochigi/A0901/A090101/9000118/,https://www.google.com/maps/search/?api=1&query=%E5%92%8C%E3%81%AE%E4%B8%AD%20%E6%A0%83%E6%9C%A8%E7%9C%8C%E5%AE%87%E9%83%BD%E5%AE%AE%E5%B8%82%E9%A7%92%E7%94%9F%E7%94%BA1296-33,2021,餃子,gyoza,発表日：2021年9月8日
亀戸餃子 本店,東京都江東区亀戸5-3-4,食べログ 餃子 百名店 2021,https://tabelog.com/tokyo/A1312/A131202/13003078/,https://www.google.com/maps/search/?api=1&query=%E4%BA%80%E6%88%B8%E9%A4%83%E5%AD%90%20%E6%9C%AC%E5%BA%97%20%E6%9D%B1%E4%BA%AC%E9%83%BD%E6%B1%9F%E6%9D%B1%E5%8C%BA%E4%BA%80%E6%88%B85-3-4,2021,餃子,gyoza,発表日：2021年9月8日
おけ以,東京都千代田区富士見2-12-16,食べログ 餃子 百名店 2021,https://tabelog.com/tokyo/A1309/A130905/13000410/,https://www.google.com/maps/search/?api=1&query=%E3%81%8A%E3%81%91%E4%BB%A5%20%E6%9D%B1%E4%BA%AC%E9%83%BD%E5%8D%83%E4%BB%A3%E7%94%B0%E5%8C%BA%E5%AF%8C%E5%A3%AB%E8%A6%8B2-12-16,2021,餃子,gyoza,発表日：2021年9月8日
大連,東京都大田区山王1-25-14,食べログ 餃子 百名店 2021,https://tabelog.com/tokyo/A1315/A131502/13003379/,https://www.google.com/maps/search/?api=1&query=%E5%A4%A7%E9%80%A3%20%E6%9D%B1%E4%BA%AC%E9%83%BD%E5%A4%A7%E7%94%B0%E5%8C%BA%E5%B1%B1%E7%8E%8B1-25-14,2021,餃子,gyoza,発表日：2021年9月8日
原宿餃子樓,東京都渋谷区神宮前6-2-4 岡島ビル 1F,食べログ 餃子 百名店 2021,https://tabelog.com/tokyo/A1306/A130601/13001284/,https://www.google.com/maps/search/?api=1&query=%E5%8E%9F%E5%AE%BF%E9%A4%83%E5%AD%90%E6%A8%93%20%E6%9D%B1%E4%BA%AC%E9%83%BD%E6%B8%8B%E8%B0%B7%E5%8C%BA%E7%A5%9E%E5%AE%AE%E5%89%8D6-2-4%20%E5%B2%A1%E5%B3%B6%E3%83%93%E3%83%AB%201F,2021,餃子,gyoza,発表日：2021年9月8日
萬里,神奈川県横浜市中区野毛町2-71,食べログ 餃子 百名店 2021,https://tabelog.com/kanagawa/A1401/A140102/14006776/,https://www.google.com/maps/search/?api=1&query=%E8%90%AC%E9%87%8C%20%E7%A5%9E%E5%A5%88%E5%B7%9D%E7%9C%8C%E6%A8%AA%E6%B5%9C%E5%B8%82%E4%B8%AD%E5%8C%BA%E9%87%8E%E6%AF%9B%E7%94%BA2-71,2021,餃子,gyoza,発表日：2021年9月8日
銀座 天龍 本店,東京都中央区銀座2-5-19 ヒューリック銀座二丁目柳通ビル 4F,食べログ 餃子 百名店 2021,https://tabelog.com/tokyo/A1301/A130101/13193356/,https://www.google.com/maps/search/?api=1&query=%E9%8A%80%E5%BA%A7%20%E5%A4%A9%E9%BE%8D%20%E6%9C%AC%E5%BA%97%20%E6%9D%B1%E4%BA%AC%E9%83%BD%E4%B8%AD%E5%A4%AE%E5%8C%BA%E9%8A%80%E5%BA%A72-5-19%20%E3%83%92%E3%83%A5%E3%83%BC%E3%83%AA%E3%83%83%E3%82%AF%E9%8A%80%E5%BA%A7%E4%BA%8C%E4%B8%81%E7%9B%AE%E6%9F%B3%E9%80%9A%E3%83%93%E3%83%AB%204F,2021,餃子,gyoza,発表日：2021年9月8日
哈爾濱餃子,東京都葛飾区堀切3-7-17,食べログ 餃子 百名店 2021,https://tabelog.com/tokyo/A1324/A132403/13003085/,https://www.google.com/maps/search/?api=1&query=%E5%93%88%E7%88%BE%E6%BF%B1%E9%A4%83%E5%AD%90%20%E6%9D%B1%E4%BA%AC%E9%83%BD%E8%91%9B%E9%A3%BE%E5%8C%BA%E5%A0%80%E5%88%873-7-17,2021,餃子,gyoza,発表日：2021年9月8日
TaiKouRou JIYUGAOKA,東京都世田谷区奥沢6-31-17,食べログ 餃子 百名店 2021,https://tabelog.com/tokyo/A1317/A131703/13005118/,https://www.google.com/maps/search/?api=1&query=TaiKouRou%20JIYUGAOKA%20%E6%9D%B1%E4%BA%AC%E9%83%BD%E4%B8%96%E7%94%B0%E8%B0%B7%E5%8C%BA%E5%A5%A5%E6%B2%A26-31-17,2021,餃子,gyoza,発表日：2021年9月8日
十番,東京都中野区東中野3-7-26,食べログ 餃子 百名店 2021,https://tabelog.com/tokyo/A1319/A131901/13013490/,https://www.google.com/maps/search/?api=1&query=%E5%8D%81%E7%95%AA%20%E6%9D%B1%E4%BA%AC%E9%83%BD%E4%B8%AD%E9%87%8E%E5%8C%BA%E6%9D%B1%E4%B8%AD%E9%87%8E3-7-26,2021,餃子,gyoza,発表日：2021年9月8日
餃子のハルピン,東京都三鷹市下連雀3-31-8,食べログ 餃子 百名店 2021,https://tabelog.com/tokyo/A1320/A132002/13005875/,https://www.google.com/maps/search/?api=1&query=%E9%A4%83%E5%AD%90%E3%81%AE%E3%83%8F%E3%83%AB%E3%83%94%E3%83%B3%20%E6%9D%B1%E4%BA%AC%E9%83%BD%E4%B8%89%E9%B7%B9%E5%B8%82%E4%B8%8B%E9%80%A3%E9%9B%803-31-8,2021,餃子,gyoza,発表日：2021年9月8日
餃子の王さま,東京都台東区浅草1-30-8,食べログ 餃子 百名店 2021,https://tabelog.com/tokyo/A1311/A131102/13016814/,https://www.google.com/maps/search/?api=1&query=%E9%A4%83%E5%AD%90%E3%81%AE%E7%8E%8B%E3%81%95%E3%81%BE%20%E6%9D%B1%E4%BA%AC%E9%83%BD%E5%8F%B0%E6%9D%B1%E5%8C%BA%E6%B5%85%E8%8D%891-30-8,2021,餃子,gyoza,発表日：2021年9月8日
開楽 本店,東京都豊島区南池袋1-27-2,食べログ 餃子 百名店 2021,https://tabelog.com/tokyo/A1305/A130501/13017017/,https://www.google.com/maps/search/?api=1&query=%E9%96%8B%E6%A5%BD%20%E6%9C%AC%E5%BA%97%20%E6%9D%B1%E4%BA%AC%E9%83%BD%E8%B1%8A%E5%B3%B6%E5%8C%BA%E5%8D%97%E6%B1%A0%E8%A2%8B1-27-2,2021,餃子,gyoza,発表日：2021年9月8日
亀戸ぎょうざ 錦糸町店,東京都墨田区江東橋3-9-1,食べログ 餃子 百名店 2021,https://tabelog.com/tokyo/A1312/A131201/13041091/,https://www.google.com/maps/search/?api=1&query=%E4%BA%80%E6%88%B8%E3%81%8E%E3%82%87%E3%81%86%E3%81%96%20%E9%8C%A6%E7%B3%B8%E7%94%BA%E5%BA%97%20%E6%9D%B1%E4%BA%AC%E9%83%BD%E5%A2%A8%E7%94%B0%E5%8C%BA%E6%B1%9F%E6%9D%B1%E6%A9%8B3-9-1,2021,餃子,gyoza,発表日：2021年9月8日
東亭,東京都豊島区東池袋2-50-13,食べログ 餃子 百名店 2021,https://tabelog.com/tokyo/A1305/A130501/13008958/,https://www.google.com/maps/search/?api=1&query=%E6%9D%B1%E4%BA%AD%20%E6%9D%B1%E4%BA%AC%E9%83%BD%E8%B1%8A%E5%B3%B6%E5%8C%BA%E6%9D%B1%E6%B1%A0%E8%A2%8B2-50-13,2021,餃子,gyoza,発表日：2021年9月8日
歓迎 本店,東京都大田区蒲田5-13-26 大田区生活センター　１Ｆ,食べログ 餃子 百名店 2021,https://tabelog.com/tokyo/A1315/A131503/13003304/,https://www.google.com/maps/search/?api=1&query=%E6%AD%93%E8%BF%8E%20%E6%9C%AC%E5%BA%97%20%E6%9D%B1%E4%BA%AC%E9%83%BD%E5%A4%A7%E7%94%B0%E5%8C%BA%E8%92%B2%E7%94%B05-13-26%20%E5%A4%A7%E7%94%B0%E5%8C%BA%E7%94%9F%E6%B4%BB%E3%82%BB%E3%83%B3%E3%82%BF%E3%83%BC%E3%80%80%EF%BC%91%EF%BC%A6,2021,餃子,gyoza,発表日：2021年9月8日
PAIRON 飯田橋本店,東京都新宿区新小川町8-32,食べログ 餃子 百名店 2021,https://tabelog.com/tokyo/A1309/A130905/13127427/,https://www.google.com/maps/search/?api=1&query=PAIRON%20%E9%A3%AF%E7%94%B0%E6%A9%8B%E6%9C%AC%E5%BA%97%20%E6%9D%B1%E4%BA%AC%E9%83%BD%E6%96%B0%E5%AE%BF%E5%8C%BA%E6%96%B0%E5%B0%8F%E5%B7%9D%E7%94%BA8-32,2021,餃子,gyoza,発表日：2021年9月8日
香蘭,栃木県宇都宮市本町1-24,食べログ 餃子 百名店 2021,https://tabelog.com/tochigi/A0901/A090101/9010705/,https://www.google.com/maps/search/?api=1&query=%E9%A6%99%E8%98%AD%20%E6%A0%83%E6%9C%A8%E7%9C%8C%E5%AE%87%E9%83%BD%E5%AE%AE%E5%B8%82%E6%9C%AC%E7%94%BA1-24,2021,餃子,gyoza,発表日：2021年9月8日
春香園 蒲田店,東京都大田区蒲田5-22-1,食べログ 餃子 百名店 2021,https://tabelog.com/tokyo/A1315/A131503/13057671/,https://www.google.com/maps/search/?api=1&query=%E6%98%A5%E9%A6%99%E5%9C%92%20%E8%92%B2%E7%94%B0%E5%BA%97%20%E6%9D%B1%E4%BA%AC%E9%83%BD%E5%A4%A7%E7%94%B0%E5%8C%BA%E8%92%B2%E7%94%B05-22-1,2021,餃子,gyoza,発表日：2021年9月8日
鎮海楼,東京都品川区上大崎2-15-6 市川ビル 1F,食べログ 餃子 百名店 2021,https://tabelog.com/tokyo/A1316/A131601/13020138/,https://www.google.com/maps/search/?api=1&query=%E9%8E%AE%E6%B5%B7%E6%A5%BC%20%E6%9D%B1%E4%BA%AC%E9%83%BD%E5%93%81%E5%B7%9D%E5%8C%BA%E4%B8%8A%E5%A4%A7%E5%B4%8E2-15-6%20%E5%B8%82%E5%B7%9D%E3%83%93%E3%83%AB%201F,2021,餃子,gyoza,発表日：2021年9月8日
鉄なべ餃子なかよし,東京都杉並区梅里2-40-16 ビラージュ白井ビル,食べログ 餃子 百名店 2021,https://tabelog.com/tokyo/A1319/A131905/13000676/,https://www.google.com/maps/search/?api=1&query=%E9%89%84%E3%81%AA%E3%81%B9%E9%A4%83%E5%AD%90%E3%81%AA%E3%81%8B%E3%82%88%E3%81%97%20%E6%9D%B1%E4%BA%AC%E9%83%BD%E6%9D%89%E4%B8%A6%E5%8C%BA%E6%A2%85%E9%87%8C2-40-16%20%E3%83%93%E3%83%A9%E3%83%BC%E3%82%B8%E3%83%A5%E7%99%BD%E4%BA%95%E3%83%93%E3%83%AB,2021,餃子,gyoza,発表日：2021年9月8日
一味玲玲 本店,東京都港区新橋3-19-2 2階,食べログ 餃子 百名店 2021,https://tabelog.com/tokyo/A1301/A130103/13020141/,https://www.google.com/maps/search/?api=1&query=%E4%B8%80%E5%91%B3%E7%8E%B2%E7%8E%B2%20%E6%9C%AC%E5%BA%97%20%E6%9D%B1%E4%BA%AC%E9%83%BD%E6%B8%AF%E5%8C%BA%E6%96%B0%E6%A9%8B3-19-2%202%E9%9A%8E,2021,餃子,gyoza,発表日：2021年9月8日
昇龍,東京都台東区上野6-10-14,食べログ 餃子 百名店 2021,https://tabelog.com/tokyo/A1311/A131101/13003608/,https://www.google.com/maps/search/?api=1&query=%E6%98%87%E9%BE%8D%20%E6%9D%B1%E4%BA%AC%E9%83%BD%E5%8F%B0%E6%9D%B1%E5%8C%BA%E4%B8%8A%E9%87%8E6-10-14,2021,餃子,gyoza,発表日：2021年9月8日
你好 恵馨閣,東京都大田区西蒲田7-45-1 イプセ蒲田 2F,食べログ 餃子 百名店 2021,https://tabelog.com/tokyo/A1315/A131503/13120494/,https://www.google.com/maps/search/?api=1&query=%E4%BD%A0%E5%A5%BD%20%E6%81%B5%E9%A6%A8%E9%96%A3%20%E6%9D%B1%E4%BA%AC%E9%83%BD%E5%A4%A7%E7%94%B0%E5%8C%BA%E8%A5%BF%E8%92%B2%E7%94%B07-45-1%20%E3%82%A4%E3%83%97%E3%82%BB%E8%92%B2%E7%94%B0%202F,2021,餃子,gyoza,発表日：2021年9月8日
餃天堂,栃木県宇都宮市駅前通り3-3-2,食べログ 餃子 百名店 2021,https://tabelog.com/tochigi/A0901/A090101/9001001/,https://www.google.com/maps/search/?api=1&query=%E9%A4%83%E5%A4%A9%E5%A0%82%20%E6%A0%83%E6%9C%A8%E7%9C%8C%E5%AE%87%E9%83%BD%E5%AE%AE%E5%B8%82%E9%A7%85%E5%89%8D%E9%80%9A%E3%82%8A3-3-2,2021,餃子,gyoza,発表日：2021年9月8日
中華料理 餃子の店 三幸園 白山通り店,東京都千代田区神田神保町1-13,食べログ 餃子 百名店 2021,https://tabelog.com/tokyo/A1310/A131003/13006530/,https://www.google.com/maps/search/?api=1&query=%E4%B8%AD%E8%8F%AF%E6%96%99%E7%90%86%20%E9%A4%83%E5%AD%90%E3%81%AE%E5%BA%97%20%E4%B8%89%E5%B9%B8%E5%9C%92%20%E7%99%BD%E5%B1%B1%E9%80%9A%E3%82%8A%E5%BA%97%20%E6%9D%B1%E4%BA%AC%E9%83%BD%E5%8D%83%E4%BB%A3%E7%94%B0%E5%8C%BA%E7%A5%9E%E7%94%B0%E7%A5%9E%E4%BF%9D%E7%94%BA1-13,2021,餃子,gyoza,発表日：2021年9月8日
老辺餃子舘 新宿本店,東京都新宿区西新宿1-18-1 小川ビル 3F,食べログ 餃子 百名店 2021,https://tabelog.com/tokyo/A1304/A130401/13012005/,https://www.google.com/maps/search/?api=1&query=%E8%80%81%E8%BE%BA%E9%A4%83%E5%AD%90%E8%88%98%20%E6%96%B0%E5%AE%BF%E6%9C%AC%E5%BA%97%20%E6%9D%B1%E4%BA%AC%E9%83%BD%E6%96%B0%E5%AE%BF%E5%8C%BA%E8%A5%BF%E6%96%B0%E5%AE%BF1-18-1%20%E5%B0%8F%E5%B7%9D%E3%83%93%E3%83%AB%203F,2021,餃子,gyoza,発表日：2021年9月8日
中華珍満,東京都台東区上野3-28-10,食べログ 餃子 百名店 2021,https://tabelog.com/tokyo/A1311/A131101/13016725/,https://www.google.com/maps/search/?api=1&query=%E4%B8%AD%E8%8F%AF%E7%8F%8D%E6%BA%80%20%E6%9D%B1%E4%BA%AC%E9%83%BD%E5%8F%B0%E6%9D%B1%E5%8C%BA%E4%B8%8A%E9%87%8E3-28-10,2021,餃子,gyoza,発表日：2021年9月8日
亀戸ぎょうざ 両国支店,東京都墨田区両国4-34-10,食べログ 餃子 百名店 2021,https://tabelog.com/tokyo/A1312/A131201/13039735/,https://www.google.com/maps/search/?api=1&query=%E4%BA%80%E6%88%B8%E3%81%8E%E3%82%87%E3%81%86%E3%81%96%20%E4%B8%A1%E5%9B%BD%E6%94%AF%E5%BA%97%20%E6%9D%B1%E4%BA%AC%E9%83%BD%E5%A2%A8%E7%94%B0%E5%8C%BA%E4%B8%A1%E5%9B%BD4-34-10,2021,餃子,gyoza,発表日：2021年9月8日
餃子の福包 新宿店,東京都新宿区新宿2-8-6 KDX新宿286ビル 1F,食べログ 餃子 百名店 2021,https://tabelog.com/tokyo/A1304/A130402/13050544/,https://www.google.com/maps/search/?api=1&query=%E9%A4%83%E5%AD%90%E3%81%AE%E7%A6%8F%E5%8C%85%20%E6%96%B0%E5%AE%BF%E5%BA%97%20%E6%9D%B1%E4%BA%AC%E9%83%BD%E6%96%B0%E5%AE%BF%E5%8C%BA%E6%96%B0%E5%AE%BF2-8-6%20KDX%E6%96%B0%E5%AE%BF286%E3%83%93%E3%83%AB%201F,2021,餃子,gyoza,発表日：2021年9月8日
餃子荘 ムロ,東京都新宿区高田馬場1-33-2,食べログ 餃子 百名店 2021,https://tabelog.com/tokyo/A1305/A130503/13019237/,https://www.google.com/maps/search/?api=1&query=%E9%A4%83%E5%AD%90%E8%8D%98%20%E3%83%A0%E3%83%AD%20%E6%9D%B1%E4%BA%AC%E9%83%BD%E6%96%B0%E5%AE%BF%E5%8C%BA%E9%AB%98%E7%94%B0%E9%A6%AC%E5%A0%B41-33-2,2021,餃子,gyoza,発表日：2021年9月8日
按田餃子 代々木上原店,東京都渋谷区西原3-21-2 1F,食べログ 餃子 百名店 2021,https://tabelog.com/tokyo/A1318/A131811/13140146/,https://www.google.com/maps/search/?api=1&query=%E6%8C%89%E7%94%B0%E9%A4%83%E5%AD%90%20%E4%BB%A3%E3%80%85%E6%9C%A8%E4%B8%8A%E5%8E%9F%E5%BA%97%20%E6%9D%B1%E4%BA%AC%E9%83%BD%E6%B8%8B%E8%B0%B7%E5%8C%BA%E8%A5%BF%E5%8E%9F3-21-2%201F,2021,餃子,gyoza,発表日：2021年9月8日
アームズ,東京都渋谷区代々木5-64-7,食べログ ハンバーガー 百名店 2021,https://tabelog.com/tokyo/A1318/A131810/13019608/,https://www.google.com/maps/search/?api=1&query=%E3%82%A2%E3%83%BC%E3%83%A0%E3%82%BA%20%E6%9D%B1%E4%BA%AC%E9%83%BD%E6%B8%8B%E8%B0%B7%E5%8C%BA%E4%BB%A3%E3%80%85%E6%9C%A85-64-7,2021,ハンバーガー,hamburger,発表日：2021年10月13日
ビア パブ カムデン 池袋東口店,東京都豊島区東池袋1-7-2 東駒ビル 2F,食べログ ハンバーガー 百名店 2021,https://tabelog.com/tokyo/A1305/A130501/13122469/,https://www.google.com/maps/search/?api=1&query=%E3%83%93%E3%82%A2%20%E3%83%91%E3%83%96%20%E3%82%AB%E3%83%A0%E3%83%87%E3%83%B3%20%E6%B1%A0%E8%A2%8B%E6%9D%B1%E5%8F%A3%E5%BA%97%20%E6%9D%B1%E4%BA%AC%E9%83%BD%E8%B1%8A%E5%B3%B6%E5%8C%BA%E6%9D%B1%E6%B1%A0%E8%A2%8B1-7-2%20%E6%9D%B1%E9%A7%92%E3%83%93%E3%83%AB%202F,2021,ハンバーガー,hamburger,発表日：2021年10月13日
マンチズ バーガー シャック,東京都港区芝2-26-1 i・smartビル 1F・2F,食べログ ハンバーガー 百名店 2021,https://tabelog.com/tokyo/A1314/A131401/13121856/,https://www.google.com/maps/search/?api=1&query=%E3%83%9E%E3%83%B3%E3%83%81%E3%82%BA%20%E3%83%90%E3%83%BC%E3%82%AC%E3%83%BC%20%E3%82%B7%E3%83%A3%E3%83%83%E3%82%AF%20%E6%9D%B1%E4%BA%AC%E9%83%BD%E6%B8%AF%E5%8C%BA%E8%8A%9D2-26-1%20i%E3%83%BBsmart%E3%83%93%E3%83%AB%201F%E3%83%BB2F,2021,ハンバーガー,hamburger,発表日：2021年10月13日
ホーミーズ,東京都新宿区高田馬場2-9-1,食べログ ハンバーガー 百名店 2021,https://tabelog.com/tokyo/A1305/A130503/13151157/,https://www.google.com/maps/search/?api=1&query=%E3%83%9B%E3%83%BC%E3%83%9F%E3%83%BC%E3%82%BA%20%E6%9D%B1%E4%BA%AC%E9%83%BD%E6%96%B0%E5%AE%BF%E5%8C%BA%E9%AB%98%E7%94%B0%E9%A6%AC%E5%A0%B42-9-1,2021,ハンバーガー,hamburger,発表日：2021年10月13日
ゴールデンブラウン 表参道,東京都渋谷区神宮前4-12-1 表参道ヒルズ 3F,食べログ ハンバーガー 百名店 2021,https://tabelog.com/tokyo/A1306/A130602/13100291/,https://www.google.com/maps/search/?api=1&query=%E3%82%B4%E3%83%BC%E3%83%AB%E3%83%87%E3%83%B3%E3%83%96%E3%83%A9%E3%82%A6%E3%83%B3%20%E8%A1%A8%E5%8F%82%E9%81%93%20%E6%9D%B1%E4%BA%AC%E9%83%BD%E6%B8%8B%E8%B0%B7%E5%8C%BA%E7%A5%9E%E5%AE%AE%E5%89%8D4-12-1%20%E8%A1%A8%E5%8F%82%E9%81%93%E3%83%92%E3%83%AB%E3%82%BA%203F,2021,ハンバーガー,hamburger,発表日：2021年10月13日
THE COUNTER 六本木,東京都港区赤坂9-7-4 東京ミッドタウン ガレリア B1F,食べログ ハンバーガー 百名店 2021,https://tabelog.com/tokyo/A1307/A130701/13206969/,https://www.google.com/maps/search/?api=1&query=THE%20COUNTER%20%E5%85%AD%E6%9C%AC%E6%9C%A8%20%E6%9D%B1%E4%BA%AC%E9%83%BD%E6%B8%AF%E5%8C%BA%E8%B5%A4%E5%9D%829-7-4%20%E6%9D%B1%E4%BA%AC%E3%83%9F%E3%83%83%E3%83%89%E3%82%BF%E3%82%A6%E3%83%B3%20%E3%82%AC%E3%83%AC%E3%83%AA%E3%82%A2%20B1F,2021,ハンバーガー,hamburger,発表日：2021年10月13日
Reg-On Diner 渋谷本店,東京都渋谷区東1-8-1 K HOUSE 1F,食べログ ハンバーガー 百名店 2021,https://tabelog.com/tokyo/A1303/A130301/13054359/,https://www.google.com/maps/search/?api=1&query=Reg-On%20Diner%20%E6%B8%8B%E8%B0%B7%E6%9C%AC%E5%BA%97%20%E6%9D%B1%E4%BA%AC%E9%83%BD%E6%B8%8B%E8%B0%B7%E5%8C%BA%E6%9D%B11-8-1%20K%20HOUSE%201F,2021,ハンバーガー,hamburger,発表日：2021年10月13日
ALDEBARAN,東京都港区西麻布3-2-9サンライズ六本木地下1階,食べログ ハンバーガー 百名店 2021,https://tabelog.com/tokyo/A1307/A130701/13222186/,https://www.google.com/maps/search/?api=1&query=ALDEBARAN%20%E6%9D%B1%E4%BA%AC%E9%83%BD%E6%B8%AF%E5%8C%BA%E8%A5%BF%E9%BA%BB%E5%B8%833-2-9%E3%82%B5%E3%83%B3%E3%83%A9%E3%82%A4%E3%82%BA%E5%85%AD%E6%9C%AC%E6%9C%A8%E5%9C%B0%E4%B8%8B1%E9%9A%8E,2021,ハンバーガー,hamburger,発表日：2021年10月13日
シェリーズバーガーカフェ,東京都品川区小山3-7-12,食べログ ハンバーガー 百名店 2021,https://tabelog.com/tokyo/A1317/A131710/13127011/,https://www.google.com/maps/search/?api=1&query=%E3%82%B7%E3%82%A7%E3%83%AA%E3%83%BC%E3%82%BA%E3%83%90%E3%83%BC%E3%82%AC%E3%83%BC%E3%82%AB%E3%83%95%E3%82%A7%20%E6%9D%B1%E4%BA%AC%E9%83%BD%E5%93%81%E5%B7%9D%E5%8C%BA%E5%B0%8F%E5%B1%B13-7-12,2021,ハンバーガー,hamburger,発表日：2021年10月13日
hide mode,東京都文京区本郷2-30-10 コーラルコート 1F,食べログ ハンバーガー 百名店 2021,https://tabelog.com/tokyo/A1310/A131004/13222449/,https://www.google.com/maps/search/?api=1&query=hide%20mode%20%E6%9D%B1%E4%BA%AC%E9%83%BD%E6%96%87%E4%BA%AC%E5%8C%BA%E6%9C%AC%E9%83%B72-30-10%20%E3%82%B3%E3%83%BC%E3%83%A9%E3%83%AB%E3%82%B3%E3%83%BC%E3%83%88%201F,2021,ハンバーガー,hamburger,発表日：2021年10月13日
バーガーマニア 白金店,東京都港区白金6-5-7,食べログ ハンバーガー 百名店 2021,https://tabelog.com/tokyo/A1316/A131602/13047335/,https://www.google.com/maps/search/?api=1&query=%E3%83%90%E3%83%BC%E3%82%AC%E3%83%BC%E3%83%9E%E3%83%8B%E3%82%A2%20%E7%99%BD%E9%87%91%E5%BA%97%20%E6%9D%B1%E4%BA%AC%E9%83%BD%E6%B8%AF%E5%8C%BA%E7%99%BD%E9%87%916-5-7,2021,ハンバーガー,hamburger,発表日：2021年10月13日
シェイクツリー バーガー＆バー,東京都墨田区亀沢3-13-6 岩崎ビル1F,食べログ ハンバーガー 百名店 2021,https://tabelog.com/tokyo/A1312/A131201/13134063/,https://www.google.com/maps/search/?api=1&query=%E3%82%B7%E3%82%A7%E3%82%A4%E3%82%AF%E3%83%84%E3%83%AA%E3%83%BC%20%E3%83%90%E3%83%BC%E3%82%AC%E3%83%BC%EF%BC%86%E3%83%90%E3%83%BC%20%E6%9D%B1%E4%BA%AC%E9%83%BD%E5%A2%A8%E7%94%B0%E5%8C%BA%E4%BA%80%E6%B2%A23-13-6%20%E5%B2%A9%E5%B4%8E%E3%83%93%E3%83%AB1F,2021,ハンバーガー,hamburger,発表日：2021年10月13日
R-S,千葉県松戸市小金原6-2-6,食べログ ハンバーガー 百名店 2021,https://tabelog.com/chiba/A1203/A120302/12006175/,https://www.google.com/maps/search/?api=1&query=R-S%20%E5%8D%83%E8%91%89%E7%9C%8C%E6%9D%BE%E6%88%B8%E5%B8%82%E5%B0%8F%E9%87%91%E5%8E%9F6-2-6,2021,ハンバーガー,hamburger,発表日：2021年10月13日
エーエス クラシックス ダイナー KOMAZAWA,東京都目黒区八雲5-9-22 オリオン駒沢ビル　１Ｆ,食べログ ハンバーガー 百名店 2021,https://tabelog.com/tokyo/A1317/A131707/13022762/,https://www.google.com/maps/search/?api=1&query=%E3%82%A8%E3%83%BC%E3%82%A8%E3%82%B9%20%E3%82%AF%E3%83%A9%E3%82%B7%E3%83%83%E3%82%AF%E3%82%B9%20%E3%83%80%E3%82%A4%E3%83%8A%E3%83%BC%20KOMAZAWA%20%E6%9D%B1%E4%BA%AC%E9%83%BD%E7%9B%AE%E9%BB%92%E5%8C%BA%E5%85%AB%E9%9B%B25-9-22%20%E3%82%AA%E3%83%AA%E3%82%AA%E3%83%B3%E9%A7%92%E6%B2%A2%E3%83%93%E3%83%AB%E3%80%80%EF%BC%91%EF%BC%A6,2021,ハンバーガー,hamburger,発表日：2021年10月13日
No.18,東京都豊島区東池袋2-57-2 コスモ東池袋105‬,食べログ ハンバーガー 百名店 2021,https://tabelog.com/tokyo/A1305/A130501/13172081/,https://www.google.com/maps/search/?api=1&query=No.18%20%E6%9D%B1%E4%BA%AC%E9%83%BD%E8%B1%8A%E5%B3%B6%E5%8C%BA%E6%9D%B1%E6%B1%A0%E8%A2%8B2-57-2%20%E3%82%B3%E3%82%B9%E3%83%A2%E6%9D%B1%E6%B1%A0%E8%A2%8B105%E2%80%AC,2021,ハンバーガー,hamburger,発表日：2021年10月13日
ブッチャーズテーブル 大泉学園店,東京都練馬区東大泉2-9-18,食べログ ハンバーガー 百名店 2021,https://tabelog.com/tokyo/A1321/A132103/13091061/,https://www.google.com/maps/search/?api=1&query=%E3%83%96%E3%83%83%E3%83%81%E3%83%A3%E3%83%BC%E3%82%BA%E3%83%86%E3%83%BC%E3%83%96%E3%83%AB%20%E5%A4%A7%E6%B3%89%E5%AD%A6%E5%9C%92%E5%BA%97%20%E6%9D%B1%E4%BA%AC%E9%83%BD%E7%B7%B4%E9%A6%AC%E5%8C%BA%E6%9D%B1%E5%A4%A7%E6%B3%892-9-18,2021,ハンバーガー,hamburger,発表日：2021年10月13日
the 3rd Burger 青山骨董通り店,東京都港区南青山5-11-2 SANWA南青山ビル 1F,食べログ ハンバーガー 百名店 2021,https://tabelog.com/tokyo/A1306/A130602/13150800/,https://www.google.com/maps/search/?api=1&query=the%203rd%20Burger%20%E9%9D%92%E5%B1%B1%E9%AA%A8%E8%91%A3%E9%80%9A%E3%82%8A%E5%BA%97%20%E6%9D%B1%E4%BA%AC%E9%83%BD%E6%B8%AF%E5%8C%BA%E5%8D%97%E9%9D%92%E5%B1%B15-11-2%20SANWA%E5%8D%97%E9%9D%92%E5%B1%B1%E3%83%93%E3%83%AB%201F,2021,ハンバーガー,hamburger,発表日：2021年10月13日
サニーダイナー 本店,東京都足立区千住3-45,食べログ ハンバーガー 百名店 2021,https://tabelog.com/tokyo/A1324/A132402/13033094/,https://www.google.com/maps/search/?api=1&query=%E3%82%B5%E3%83%8B%E3%83%BC%E3%83%80%E3%82%A4%E3%83%8A%E3%83%BC%20%E6%9C%AC%E5%BA%97%20%E6%9D%B1%E4%BA%AC%E9%83%BD%E8%B6%B3%E7%AB%8B%E5%8C%BA%E5%8D%83%E4%BD%8F3-45,2021,ハンバーガー,hamburger,発表日：2021年10月13日
ロコフィ,東京都大田区大森西3-25-5 大森西ダイヤモンドマンション106,食べログ ハンバーガー 百名店 2021,https://tabelog.com/tokyo/A1315/A131502/13120770/,https://www.google.com/maps/search/?api=1&query=%E3%83%AD%E3%82%B3%E3%83%95%E3%82%A3%20%E6%9D%B1%E4%BA%AC%E9%83%BD%E5%A4%A7%E7%94%B0%E5%8C%BA%E5%A4%A7%E6%A3%AE%E8%A5%BF3-25-5%20%E5%A4%A7%E6%A3%AE%E8%A5%BF%E3%83%80%E3%82%A4%E3%83%A4%E3%83%A2%E3%83%B3%E3%83%89%E3%83%9E%E3%83%B3%E3%82%B7%E3%83%A7%E3%83%B3106,2021,ハンバーガー,hamburger,発表日：2021年10月13日
ホームワークス 広尾店,東京都渋谷区広尾5-1-20 七星舎ビル　１Ｆ,食べログ ハンバーガー 百名店 2021,https://tabelog.com/tokyo/A1307/A130703/13001591/,https://www.google.com/maps/search/?api=1&query=%E3%83%9B%E3%83%BC%E3%83%A0%E3%83%AF%E3%83%BC%E3%82%AF%E3%82%B9%20%E5%BA%83%E5%B0%BE%E5%BA%97%20%E6%9D%B1%E4%BA%AC%E9%83%BD%E6%B8%8B%E8%B0%B7%E5%8C%BA%E5%BA%83%E5%B0%BE5-1-20%20%E4%B8%83%E6%98%9F%E8%88%8E%E3%83%93%E3%83%AB%E3%80%80%EF%BC%91%EF%BC%A6,2021,ハンバーガー,hamburger,発表日：2021年10月13日
マクレーン オールドバーガースタンド,東京都台東区駒形2-2-10 ファンライフ駒形 1F・2F,食べログ ハンバーガー 百名店 2021,https://tabelog.com/tokyo/A1311/A131103/13195774/,https://www.google.com/maps/search/?api=1&query=%E3%83%9E%E3%82%AF%E3%83%AC%E3%83%BC%E3%83%B3%20%E3%82%AA%E3%83%BC%E3%83%AB%E3%83%89%E3%83%90%E3%83%BC%E3%82%AC%E3%83%BC%E3%82%B9%E3%82%BF%E3%83%B3%E3%83%89%20%E6%9D%B1%E4%BA%AC%E9%83%BD%E5%8F%B0%E6%9D%B1%E5%8C%BA%E9%A7%92%E5%BD%A22-2-10%20%E3%83%95%E3%82%A1%E3%83%B3%E3%83%A9%E3%82%A4%E3%83%95%E9%A7%92%E5%BD%A2%201F%E3%83%BB2F,2021,ハンバーガー,hamburger,発表日：2021年10月13日
オーセンティック,東京都港区赤坂2-18-19 赤坂シャレーⅡ 1F,食べログ ハンバーガー 百名店 2021,https://tabelog.com/tokyo/A1308/A130802/13030795/,https://www.google.com/maps/search/?api=1&query=%E3%82%AA%E3%83%BC%E3%82%BB%E3%83%B3%E3%83%86%E3%82%A3%E3%83%83%E3%82%AF%20%E6%9D%B1%E4%BA%AC%E9%83%BD%E6%B8%AF%E5%8C%BA%E8%B5%A4%E5%9D%822-18-19%20%E8%B5%A4%E5%9D%82%E3%82%B7%E3%83%A3%E3%83%AC%E3%83%BC%E2%85%A1%201F,2021,ハンバーガー,hamburger,発表日：2021年10月13日
66,千葉県柏市中央町4-25,食べログ ハンバーガー 百名店 2021,https://tabelog.com/chiba/A1203/A120301/12004138/,https://www.google.com/maps/search/?api=1&query=66%20%E5%8D%83%E8%91%89%E7%9C%8C%E6%9F%8F%E5%B8%82%E4%B8%AD%E5%A4%AE%E7%94%BA4-25,2021,ハンバーガー,hamburger,発表日：2021年10月13日
San Francisco Peaks,東京都渋谷区神宮前3-28-7,食べログ ハンバーガー 百名店 2021,https://tabelog.com/tokyo/A1306/A130601/13144629/,https://www.google.com/maps/search/?api=1&query=San%20Francisco%20Peaks%20%E6%9D%B1%E4%BA%AC%E9%83%BD%E6%B8%8B%E8%B0%B7%E5%8C%BA%E7%A5%9E%E5%AE%AE%E5%89%8D3-28-7,2021,ハンバーガー,hamburger,発表日：2021年10月13日
アイランドバーガーズ 四谷本店,東京都新宿区四谷3-1 須賀ビル 1F,食べログ ハンバーガー 百名店 2021,https://tabelog.com/tokyo/A1309/A130903/13163734/,https://www.google.com/maps/search/?api=1&query=%E3%82%A2%E3%82%A4%E3%83%A9%E3%83%B3%E3%83%89%E3%83%90%E3%83%BC%E3%82%AC%E3%83%BC%E3%82%BA%20%E5%9B%9B%E8%B0%B7%E6%9C%AC%E5%BA%97%20%E6%9D%B1%E4%BA%AC%E9%83%BD%E6%96%B0%E5%AE%BF%E5%8C%BA%E5%9B%9B%E8%B0%B73-1%20%E9%A0%88%E8%B3%80%E3%83%93%E3%83%AB%201F,2021,ハンバーガー,hamburger,発表日：2021年10月13日
ヘンリーズ バーガー 代官山,東京都渋谷区恵比寿西1-36-6,食べログ ハンバーガー 百名店 2021,https://tabelog.com/tokyo/A1303/A130303/13190156/,https://www.google.com/maps/search/?api=1&query=%E3%83%98%E3%83%B3%E3%83%AA%E3%83%BC%E3%82%BA%20%E3%83%90%E3%83%BC%E3%82%AC%E3%83%BC%20%E4%BB%A3%E5%AE%98%E5%B1%B1%20%E6%9D%B1%E4%BA%AC%E9%83%BD%E6%B8%8B%E8%B0%B7%E5%8C%BA%E6%81%B5%E6%AF%94%E5%AF%BF%E8%A5%BF1-36-6,2021,ハンバーガー,hamburger,発表日：2021年10月13日
THE BURGER SHOP,東京都千代田区紀尾井町3-28 ADMIRAL紀尾井町 1F,食べログ ハンバーガー 百名店 2021,https://tabelog.com/tokyo/A1308/A130803/13217432/,https://www.google.com/maps/search/?api=1&query=THE%20BURGER%20SHOP%20%E6%9D%B1%E4%BA%AC%E9%83%BD%E5%8D%83%E4%BB%A3%E7%94%B0%E5%8C%BA%E7%B4%80%E5%B0%BE%E4%BA%95%E7%94%BA3-28%20ADMIRAL%E7%B4%80%E5%B0%BE%E4%BA%95%E7%94%BA%201F,2021,ハンバーガー,hamburger,発表日：2021年10月13日
サニーダイナー ルミネ北千住店,東京都足立区千住旭町42-2 ルミネ北千住店 8F,食べログ ハンバーガー 百名店 2021,https://tabelog.com/tokyo/A1324/A132402/13094114/,https://www.google.com/maps/search/?api=1&query=%E3%82%B5%E3%83%8B%E3%83%BC%E3%83%80%E3%82%A4%E3%83%8A%E3%83%BC%20%E3%83%AB%E3%83%9F%E3%83%8D%E5%8C%97%E5%8D%83%E4%BD%8F%E5%BA%97%20%E6%9D%B1%E4%BA%AC%E9%83%BD%E8%B6%B3%E7%AB%8B%E5%8C%BA%E5%8D%83%E4%BD%8F%E6%97%AD%E7%94%BA42-2%20%E3%83%AB%E3%83%9F%E3%83%8D%E5%8C%97%E5%8D%83%E4%BD%8F%E5%BA%97%208F,2021,ハンバーガー,hamburger,発表日：2021年10月13日
ウーピーバーガー,東京都渋谷区渋谷1-9-4 トーカンキャステール渋谷　１F,食べログ ハンバーガー 百名店 2021,https://tabelog.com/tokyo/A1303/A130301/13121586/,https://www.google.com/maps/search/?api=1&query=%E3%82%A6%E3%83%BC%E3%83%94%E3%83%BC%E3%83%90%E3%83%BC%E3%82%AC%E3%83%BC%20%E6%9D%B1%E4%BA%AC%E9%83%BD%E6%B8%8B%E8%B0%B7%E5%8C%BA%E6%B8%8B%E8%B0%B71-9-4%20%E3%83%88%E3%83%BC%E3%82%AB%E3%83%B3%E3%82%AD%E3%83%A3%E3%82%B9%E3%83%86%E3%83%BC%E3%83%AB%E6%B8%8B%E8%B0%B7%E3%80%80%EF%BC%91F,2021,ハンバーガー,hamburger,発表日：2021年10月13日
エルエーガレージ,東京都世田谷区池尻3-29-4 アルティザ池尻 1F,食べログ ハンバーガー 百名店 2021,https://tabelog.com/tokyo/A1317/A131705/13183140/,https://www.google.com/maps/search/?api=1&query=%E3%82%A8%E3%83%AB%E3%82%A8%E3%83%BC%E3%82%AC%E3%83%AC%E3%83%BC%E3%82%B8%20%E6%9D%B1%E4%BA%AC%E9%83%BD%E4%B8%96%E7%94%B0%E8%B0%B7%E5%8C%BA%E6%B1%A0%E5%B0%BB3-29-4%20%E3%82%A2%E3%83%AB%E3%83%86%E3%82%A3%E3%82%B6%E6%B1%A0%E5%B0%BB%201F,2021,ハンバーガー,hamburger,発表日：2021年10月13日
CRUZ BURGERS & CRAFT BEERS,東京都新宿区四谷三栄町15-6 小椋ビル 1F,食べログ ハンバーガー 百名店 2021,https://tabelog.com/tokyo/A1309/A130902/13189090/,https://www.google.com/maps/search/?api=1&query=CRUZ%20BURGERS%20%26%20CRAFT%20BEERS%20%E6%9D%B1%E4%BA%AC%E9%83%BD%E6%96%B0%E5%AE%BF%E5%8C%BA%E5%9B%9B%E8%B0%B7%E4%B8%89%E6%A0%84%E7%94%BA15-6%20%E5%B0%8F%E6%A4%8B%E3%83%93%E3%83%AB%201F,2021,ハンバーガー,hamburger,発表日：2021年10月13日
バーガーマニア 恵比寿店,東京都渋谷区恵比寿4-9-5 マンションニュー恵比寿 1F,食べログ ハンバーガー 百名店 2021,https://tabelog.com/tokyo/A1303/A130302/13166437/,https://www.google.com/maps/search/?api=1&query=%E3%83%90%E3%83%BC%E3%82%AC%E3%83%BC%E3%83%9E%E3%83%8B%E3%82%A2%20%E6%81%B5%E6%AF%94%E5%AF%BF%E5%BA%97%20%E6%9D%B1%E4%BA%AC%E9%83%BD%E6%B8%8B%E8%B0%B7%E5%8C%BA%E6%81%B5%E6%AF%94%E5%AF%BF4-9-5%20%E3%83%9E%E3%83%B3%E3%82%B7%E3%83%A7%E3%83%B3%E3%83%8B%E3%83%A5%E3%83%BC%E6%81%B5%E6%AF%94%E5%AF%BF%201F,2021,ハンバーガー,hamburger,発表日：2021年10月13日
BeBu,東京都港区虎ノ門1-23-4 虎ノ門ヒルズ 森タワー アンダーズ 東京,食べログ ハンバーガー 百名店 2021,https://tabelog.com/tokyo/A1308/A130802/13169029/,https://www.google.com/maps/search/?api=1&query=BeBu%20%E6%9D%B1%E4%BA%AC%E9%83%BD%E6%B8%AF%E5%8C%BA%E8%99%8E%E3%83%8E%E9%96%801-23-4%20%E8%99%8E%E3%83%8E%E9%96%80%E3%83%92%E3%83%AB%E3%82%BA%20%E6%A3%AE%E3%82%BF%E3%83%AF%E3%83%BC%20%E3%82%A2%E3%83%B3%E3%83%80%E3%83%BC%E3%82%BA%20%E6%9D%B1%E4%BA%AC,2021,ハンバーガー,hamburger,発表日：2021年10月13日
パントリー コヨーテ,千葉県千葉市中央区中央3-11-11 ニュー豊田ビル 1F,食べログ ハンバーガー 百名店 2021,https://tabelog.com/chiba/A1201/A120101/12020222/,https://www.google.com/maps/search/?api=1&query=%E3%83%91%E3%83%B3%E3%83%88%E3%83%AA%E3%83%BC%20%E3%82%B3%E3%83%A8%E3%83%BC%E3%83%86%20%E5%8D%83%E8%91%89%E7%9C%8C%E5%8D%83%E8%91%89%E5%B8%82%E4%B8%AD%E5%A4%AE%E5%8C%BA%E4%B8%AD%E5%A4%AE3-11-11%20%E3%83%8B%E3%83%A5%E3%83%BC%E8%B1%8A%E7%94%B0%E3%83%93%E3%83%AB%201F,2021,ハンバーガー,hamburger,発表日：2021年10月13日
THE GREAT BURGER,東京都渋谷区神宮前6-12-5 1Ｆ,食べログ ハンバーガー 百名店 2021,https://tabelog.com/tokyo/A1306/A130601/13042654/,https://www.google.com/maps/search/?api=1&query=THE%20GREAT%20BURGER%20%E6%9D%B1%E4%BA%AC%E9%83%BD%E6%B8%8B%E8%B0%B7%E5%8C%BA%E7%A5%9E%E5%AE%AE%E5%89%8D6-12-5%201%EF%BC%A6,2021,ハンバーガー,hamburger,発表日：2021年10月13日
ファンゴー 三宿本店,東京都世田谷区下馬1-40-10,食べログ ハンバーガー 百名店 2021,https://tabelog.com/tokyo/A1317/A131706/13008406/,https://www.google.com/maps/search/?api=1&query=%E3%83%95%E3%82%A1%E3%83%B3%E3%82%B4%E3%83%BC%20%E4%B8%89%E5%AE%BF%E6%9C%AC%E5%BA%97%20%E6%9D%B1%E4%BA%AC%E9%83%BD%E4%B8%96%E7%94%B0%E8%B0%B7%E5%8C%BA%E4%B8%8B%E9%A6%AC1-40-10,2021,ハンバーガー,hamburger,発表日：2021年10月13日
Burger POLICE,東京都目黒区碑文谷4-24-16 104,食べログ ハンバーガー 百名店 2021,https://tabelog.com/tokyo/A1317/A131702/13255370/,https://www.google.com/maps/search/?api=1&query=Burger%20POLICE%20%E6%9D%B1%E4%BA%AC%E9%83%BD%E7%9B%AE%E9%BB%92%E5%8C%BA%E7%A2%91%E6%96%87%E8%B0%B74-24-16%20104,2021,ハンバーガー,hamburger,発表日：2021年10月13日
SHOGUN BURGER 新宿店,東京都新宿区歌舞伎町1-15-12 ピアットビル 1F,食べログ ハンバーガー 百名店 2021,https://tabelog.com/tokyo/A1304/A130401/13227776/,https://www.google.com/maps/search/?api=1&query=SHOGUN%20BURGER%20%E6%96%B0%E5%AE%BF%E5%BA%97%20%E6%9D%B1%E4%BA%AC%E9%83%BD%E6%96%B0%E5%AE%BF%E5%8C%BA%E6%AD%8C%E8%88%9E%E4%BC%8E%E7%94%BA1-15-12%20%E3%83%94%E3%82%A2%E3%83%83%E3%83%88%E3%83%93%E3%83%AB%201F,2021,ハンバーガー,hamburger,発表日：2021年10月13日
J.S. BURGERS CAFE 新宿店,東京都新宿区新宿4-1-7 3F,食べログ ハンバーガー 百名店 2021,https://tabelog.com/tokyo/A1304/A130401/13045308/,https://www.google.com/maps/search/?api=1&query=J.S.%20BURGERS%20CAFE%20%E6%96%B0%E5%AE%BF%E5%BA%97%20%E6%9D%B1%E4%BA%AC%E9%83%BD%E6%96%B0%E5%AE%BF%E5%8C%BA%E6%96%B0%E5%AE%BF4-1-7%203F,2021,ハンバーガー,hamburger,発表日：2021年10月13日
GRILL BURGER CLUB SASA,東京都渋谷区恵比寿西2-21-15,食べログ ハンバーガー 百名店 2021,https://tabelog.com/tokyo/A1303/A130303/13086561/,https://www.google.com/maps/search/?api=1&query=GRILL%20BURGER%20CLUB%20SASA%20%E6%9D%B1%E4%BA%AC%E9%83%BD%E6%B8%8B%E8%B0%B7%E5%8C%BA%E6%81%B5%E6%AF%94%E5%AF%BF%E8%A5%BF2-21-15,2021,ハンバーガー,hamburger,発表日：2021年10月13日
バーガーマニア 広尾店,東京都港区南麻布 5-15-25 ２Ｆ,食べログ ハンバーガー 百名店 2021,https://tabelog.com/tokyo/A1307/A130703/13123717/,https://www.google.com/maps/search/?api=1&query=%E3%83%90%E3%83%BC%E3%82%AC%E3%83%BC%E3%83%9E%E3%83%8B%E3%82%A2%20%E5%BA%83%E5%B0%BE%E5%BA%97%20%E6%9D%B1%E4%BA%AC%E9%83%BD%E6%B8%AF%E5%8C%BA%E5%8D%97%E9%BA%BB%E5%B8%83%205-15-25%20%EF%BC%92%EF%BC%A6,2021,ハンバーガー,hamburger,発表日：2021年10月13日
BURGER&MILKSHAKE CRANE,東京都千代田区外神田6-16-3,食べログ ハンバーガー 百名店 2021,https://tabelog.com/tokyo/A1311/A131101/13202745/,https://www.google.com/maps/search/?api=1&query=BURGER%26MILKSHAKE%20CRANE%20%E6%9D%B1%E4%BA%AC%E9%83%BD%E5%8D%83%E4%BB%A3%E7%94%B0%E5%8C%BA%E5%A4%96%E7%A5%9E%E7%94%B06-16-3,2021,ハンバーガー,hamburger,発表日：2021年10月13日
THE BURGER STAND FELLOWS,東京都港区北青山3-8-11,食べログ ハンバーガー 百名店 2021,https://tabelog.com/tokyo/A1306/A130602/13020792/,https://www.google.com/maps/search/?api=1&query=THE%20BURGER%20STAND%20FELLOWS%20%E6%9D%B1%E4%BA%AC%E9%83%BD%E6%B8%AF%E5%8C%BA%E5%8C%97%E9%9D%92%E5%B1%B13-8-11,2021,ハンバーガー,hamburger,発表日：2021年10月13日
ヴィレッジヴァンガード ダイナー 吉祥寺,東京都武蔵野市吉祥寺本町2-20-1 ＴＹビル　２Ｆ,食べログ ハンバーガー 百名店 2021,https://tabelog.com/tokyo/A1320/A132001/13005797/,https://www.google.com/maps/search/?api=1&query=%E3%83%B4%E3%82%A3%E3%83%AC%E3%83%83%E3%82%B8%E3%83%B4%E3%82%A1%E3%83%B3%E3%82%AC%E3%83%BC%E3%83%89%20%E3%83%80%E3%82%A4%E3%83%8A%E3%83%BC%20%E5%90%89%E7%A5%A5%E5%AF%BA%20%E6%9D%B1%E4%BA%AC%E9%83%BD%E6%AD%A6%E8%94%B5%E9%87%8E%E5%B8%82%E5%90%89%E7%A5%A5%E5%AF%BA%E6%9C%AC%E7%94%BA2-20-1%20%EF%BC%B4%EF%BC%B9%E3%83%93%E3%83%AB%E3%80%80%EF%BC%92%EF%BC%A6,2021,ハンバーガー,hamburger,発表日：2021年10月13日
ブラザーズ 人形町本店,東京都中央区日本橋人形町2-28-5 月村マンション№25 1F,食べログ ハンバーガー 百名店 2021,https://tabelog.com/tokyo/A1302/A130204/13003002/,https://www.google.com/maps/search/?api=1&query=%E3%83%96%E3%83%A9%E3%82%B6%E3%83%BC%E3%82%BA%20%E4%BA%BA%E5%BD%A2%E7%94%BA%E6%9C%AC%E5%BA%97%20%E6%9D%B1%E4%BA%AC%E9%83%BD%E4%B8%AD%E5%A4%AE%E5%8C%BA%E6%97%A5%E6%9C%AC%E6%A9%8B%E4%BA%BA%E5%BD%A2%E7%94%BA2-28-5%20%E6%9C%88%E6%9D%91%E3%83%9E%E3%83%B3%E3%82%B7%E3%83%A7%E3%83%B3%E2%84%9625%201F,2021,ハンバーガー,hamburger,発表日：2021年10月13日
バーガーズベース,東京都渋谷区千駄ヶ谷5-18-1,食べログ ハンバーガー 百名店 2021,https://tabelog.com/tokyo/A1304/A130403/13041855/,https://www.google.com/maps/search/?api=1&query=%E3%83%90%E3%83%BC%E3%82%AC%E3%83%BC%E3%82%BA%E3%83%99%E3%83%BC%E3%82%B9%20%E6%9D%B1%E4%BA%AC%E9%83%BD%E6%B8%8B%E8%B0%B7%E5%8C%BA%E5%8D%83%E9%A7%84%E3%83%B6%E8%B0%B75-18-1,2021,ハンバーガー,hamburger,発表日：2021年10月13日
CHATTY CHATTY,東京都新宿区新宿1-12-1 サンサーラ第三御苑 1F,食べログ ハンバーガー 百名店 2021,https://tabelog.com/tokyo/A1304/A130402/13171395/,https://www.google.com/maps/search/?api=1&query=CHATTY%20CHATTY%20%E6%9D%B1%E4%BA%AC%E9%83%BD%E6%96%B0%E5%AE%BF%E5%8C%BA%E6%96%B0%E5%AE%BF1-12-1%20%E3%82%B5%E3%83%B3%E3%82%B5%E3%83%BC%E3%83%A9%E7%AC%AC%E4%B8%89%E5%BE%A1%E8%8B%91%201F,2021,ハンバーガー,hamburger,発表日：2021年10月13日
ブラザーズ 新富町店,東京都中央区新富2-2-11,食べログ ハンバーガー 百名店 2021,https://tabelog.com/tokyo/A1313/A131301/13144295/,https://www.google.com/maps/search/?api=1&query=%E3%83%96%E3%83%A9%E3%82%B6%E3%83%BC%E3%82%BA%20%E6%96%B0%E5%AF%8C%E7%94%BA%E5%BA%97%20%E6%9D%B1%E4%BA%AC%E9%83%BD%E4%B8%AD%E5%A4%AE%E5%8C%BA%E6%96%B0%E5%AF%8C2-2-11,2021,ハンバーガー,hamburger,発表日：2021年10月13日
フランクリン・アベニュー,東京都品川区東五反田3-15-18,食べログ ハンバーガー 百名店 2021,https://tabelog.com/tokyo/A1316/A131603/13001556/,https://www.google.com/maps/search/?api=1&query=%E3%83%95%E3%83%A9%E3%83%B3%E3%82%AF%E3%83%AA%E3%83%B3%E3%83%BB%E3%82%A2%E3%83%99%E3%83%8B%E3%83%A5%E3%83%BC%20%E6%9D%B1%E4%BA%AC%E9%83%BD%E5%93%81%E5%B7%9D%E5%8C%BA%E6%9D%B1%E4%BA%94%E5%8F%8D%E7%94%B03-15-18,2021,ハンバーガー,hamburger,発表日：2021年10月13日
魔女のちいさな森のハンバーガー,東京都目黒区自由が丘1-3-15 BISビル 4F,食べログ ハンバーガー 百名店 2021,https://tabelog.com/tokyo/A1317/A131703/13054778/,https://www.google.com/maps/search/?api=1&query=%E9%AD%94%E5%A5%B3%E3%81%AE%E3%81%A1%E3%81%84%E3%81%95%E3%81%AA%E6%A3%AE%E3%81%AE%E3%83%8F%E3%83%B3%E3%83%90%E3%83%BC%E3%82%AC%E3%83%BC%20%E6%9D%B1%E4%BA%AC%E9%83%BD%E7%9B%AE%E9%BB%92%E5%8C%BA%E8%87%AA%E7%94%B1%E3%81%8C%E4%B8%981-3-15%20BIS%E3%83%93%E3%83%AB%204F,2021,ハンバーガー,hamburger,発表日：2021年10月13日
自由が丘バーガー 羽田店,東京都大田区羽田空港3-4-2 羽田空港 第2旅客ターミナル 3F ターミナルロビー,食べログ ハンバーガー 百名店 2021,https://tabelog.com/tokyo/A1315/A131504/13183704/,https://www.google.com/maps/search/?api=1&query=%E8%87%AA%E7%94%B1%E3%81%8C%E4%B8%98%E3%83%90%E3%83%BC%E3%82%AC%E3%83%BC%20%E7%BE%BD%E7%94%B0%E5%BA%97%20%E6%9D%B1%E4%BA%AC%E9%83%BD%E5%A4%A7%E7%94%B0%E5%8C%BA%E7%BE%BD%E7%94%B0%E7%A9%BA%E6%B8%AF3-4-2%20%E7%BE%BD%E7%94%B0%E7%A9%BA%E6%B8%AF%20%E7%AC%AC2%E6%97%85%E5%AE%A2%E3%82%BF%E3%83%BC%E3%83%9F%E3%83%8A%E3%83%AB%203F%20%E3%82%BF%E3%83%BC%E3%83%9F%E3%83%8A%E3%83%AB%E3%83%AD%E3%83%93%E3%83%BC,2021,ハンバーガー,hamburger,発表日：2021年10月13日
ブラッカウズ,東京都渋谷区恵比寿西2-11-9 東光ホワイトビル 1F,食べログ ハンバーガー 百名店 2021,https://tabelog.com/tokyo/A1303/A130302/13096437/,https://www.google.com/maps/search/?api=1&query=%E3%83%96%E3%83%A9%E3%83%83%E3%82%AB%E3%82%A6%E3%82%BA%20%E6%9D%B1%E4%BA%AC%E9%83%BD%E6%B8%8B%E8%B0%B7%E5%8C%BA%E6%81%B5%E6%AF%94%E5%AF%BF%E8%A5%BF2-11-9%20%E6%9D%B1%E5%85%89%E3%83%9B%E3%83%AF%E3%82%A4%E3%83%88%E3%83%93%E3%83%AB%201F,2021,ハンバーガー,hamburger,発表日：2021年10月13日
good mellows,神奈川県鎌倉市坂の下27-39,食べログ ハンバーガー 百名店 2021,https://tabelog.com/kanagawa/A1404/A140402/14030872/,https://www.google.com/maps/search/?api=1&query=good%20mellows%20%E7%A5%9E%E5%A5%88%E5%B7%9D%E7%9C%8C%E9%8E%8C%E5%80%89%E5%B8%82%E5%9D%82%E3%81%AE%E4%B8%8B27-39,2021,ハンバーガー,hamburger,発表日：2021年10月13日
アイコウシャ,東京都千代田区神田三崎町1-4-8 愛光舎ビル 1F,食べログ ハンバーガー 百名店 2021,https://tabelog.com/tokyo/A1310/A131003/13006525/,https://www.google.com/maps/search/?api=1&query=%E3%82%A2%E3%82%A4%E3%82%B3%E3%82%A6%E3%82%B7%E3%83%A3%20%E6%9D%B1%E4%BA%AC%E9%83%BD%E5%8D%83%E4%BB%A3%E7%94%B0%E5%8C%BA%E7%A5%9E%E7%94%B0%E4%B8%89%E5%B4%8E%E7%94%BA1-4-8%20%E6%84%9B%E5%85%89%E8%88%8E%E3%83%93%E3%83%AB%201F,2021,ハンバーガー,hamburger,発表日：2021年10月13日
ハラカラ。 三軒茶屋店,東京都世田谷区三軒茶屋2-16-8,食べログ ハンバーガー 百名店 2021,https://tabelog.com/tokyo/A1317/A131706/13091055/,https://www.google.com/maps/search/?api=1&query=%E3%83%8F%E3%83%A9%E3%82%AB%E3%83%A9%E3%80%82%20%E4%B8%89%E8%BB%92%E8%8C%B6%E5%B1%8B%E5%BA%97%20%E6%9D%B1%E4%BA%AC%E9%83%BD%E4%B8%96%E7%94%B0%E8%B0%B7%E5%8C%BA%E4%B8%89%E8%BB%92%E8%8C%B6%E5%B1%8B2-16-8,2021,ハンバーガー,hamburger,発表日：2021年10月13日
ルーフトップス,神奈川県鎌倉市小町1-6-17 鎌倉マークビル 6F,食べログ ハンバーガー 百名店 2021,https://tabelog.com/kanagawa/A1404/A140402/14058323/,https://www.google.com/maps/search/?api=1&query=%E3%83%AB%E3%83%BC%E3%83%95%E3%83%88%E3%83%83%E3%83%97%E3%82%B9%20%E7%A5%9E%E5%A5%88%E5%B7%9D%E7%9C%8C%E9%8E%8C%E5%80%89%E5%B8%82%E5%B0%8F%E7%94%BA1-6-17%20%E9%8E%8C%E5%80%89%E3%83%9E%E3%83%BC%E3%82%AF%E3%83%93%E3%83%AB%206F,2021,ハンバーガー,hamburger,発表日：2021年10月13日
ブラザーズ 日本橋高島屋店,東京都中央区日本橋 2-5-1 日本橋高島屋S.C. 新館 7F,食べログ ハンバーガー 百名店 2021,https://tabelog.com/tokyo/A1302/A130202/13226533/,https://www.google.com/maps/search/?api=1&query=%E3%83%96%E3%83%A9%E3%82%B6%E3%83%BC%E3%82%BA%20%E6%97%A5%E6%9C%AC%E6%A9%8B%E9%AB%98%E5%B3%B6%E5%B1%8B%E5%BA%97%20%E6%9D%B1%E4%BA%AC%E9%83%BD%E4%B8%AD%E5%A4%AE%E5%8C%BA%E6%97%A5%E6%9C%AC%E6%A9%8B%202-5-1%20%E6%97%A5%E6%9C%AC%E6%A9%8B%E9%AB%98%E5%B3%B6%E5%B1%8BS.C.%20%E6%96%B0%E9%A4%A8%207F,2021,ハンバーガー,hamburger,発表日：2021年10月13日
Jack37Burger,東京都中央区日本橋小伝馬町16-16,食べログ ハンバーガー 百名店 2021,https://tabelog.com/tokyo/A1302/A130204/13186781/,https://www.google.com/maps/search/?api=1&query=Jack37Burger%20%E6%9D%B1%E4%BA%AC%E9%83%BD%E4%B8%AD%E5%A4%AE%E5%8C%BA%E6%97%A5%E6%9C%AC%E6%A9%8B%E5%B0%8F%E4%BC%9D%E9%A6%AC%E7%94%BA16-16,2021,ハンバーガー,hamburger,発表日：2021年10月13日
イーストヴィレッジ,東京都豊島区東池袋1-13-1 栄町通り,食べログ ハンバーガー 百名店 2021,https://tabelog.com/tokyo/A1305/A130501/13054782/,https://www.google.com/maps/search/?api=1&query=%E3%82%A4%E3%83%BC%E3%82%B9%E3%83%88%E3%83%B4%E3%82%A3%E3%83%AC%E3%83%83%E3%82%B8%20%E6%9D%B1%E4%BA%AC%E9%83%BD%E8%B1%8A%E5%B3%B6%E5%8C%BA%E6%9D%B1%E6%B1%A0%E8%A2%8B1-13-1%20%E6%A0%84%E7%94%BA%E9%80%9A%E3%82%8A,2021,ハンバーガー,hamburger,発表日：2021年10月13日
ハニービー,神奈川県横須賀市本町2-1,食べログ ハンバーガー 百名店 2021,https://tabelog.com/kanagawa/A1406/A140601/14000902/,https://www.google.com/maps/search/?api=1&query=%E3%83%8F%E3%83%8B%E3%83%BC%E3%83%93%E3%83%BC%20%E7%A5%9E%E5%A5%88%E5%B7%9D%E7%9C%8C%E6%A8%AA%E9%A0%88%E8%B3%80%E5%B8%82%E6%9C%AC%E7%94%BA2-1,2021,ハンバーガー,hamburger,発表日：2021年10月13日
TSUNAMI,神奈川県横須賀市本町2-1-9,食べログ ハンバーガー 百名店 2021,https://tabelog.com/kanagawa/A1406/A140601/14006674/,https://www.google.com/maps/search/?api=1&query=TSUNAMI%20%E7%A5%9E%E5%A5%88%E5%B7%9D%E7%9C%8C%E6%A8%AA%E9%A0%88%E8%B3%80%E5%B8%82%E6%9C%AC%E7%94%BA2-1-9,2021,ハンバーガー,hamburger,発表日：2021年10月13日
ホームワークス 麻布十番店,東京都港区麻布十番1-5-8 ヴェスタビル　１Ｆ,食べログ ハンバーガー 百名店 2021,https://tabelog.com/tokyo/A1307/A130702/13010603/,https://www.google.com/maps/search/?api=1&query=%E3%83%9B%E3%83%BC%E3%83%A0%E3%83%AF%E3%83%BC%E3%82%AF%E3%82%B9%20%E9%BA%BB%E5%B8%83%E5%8D%81%E7%95%AA%E5%BA%97%20%E6%9D%B1%E4%BA%AC%E9%83%BD%E6%B8%AF%E5%8C%BA%E9%BA%BB%E5%B8%83%E5%8D%81%E7%95%AA1-5-8%20%E3%83%B4%E3%82%A7%E3%82%B9%E3%82%BF%E3%83%93%E3%83%AB%E3%80%80%EF%BC%91%EF%BC%A6,2021,ハンバーガー,hamburger,発表日：2021年10月13日
BAREBURGER 自由が丘店,東京都目黒区自由が丘2-16-10 メイプルファーム,食べログ ハンバーガー 百名店 2021,https://tabelog.com/tokyo/A1317/A131703/13184951/,https://www.google.com/maps/search/?api=1&query=BAREBURGER%20%E8%87%AA%E7%94%B1%E3%81%8C%E4%B8%98%E5%BA%97%20%E6%9D%B1%E4%BA%AC%E9%83%BD%E7%9B%AE%E9%BB%92%E5%8C%BA%E8%87%AA%E7%94%B1%E3%81%8C%E4%B8%982-16-10%20%E3%83%A1%E3%82%A4%E3%83%97%E3%83%AB%E3%83%95%E3%82%A1%E3%83%BC%E3%83%A0,2021,ハンバーガー,hamburger,発表日：2021年10月13日
ファイヤーハウス,東京都文京区本郷4-5-10,食べログ ハンバーガー 百名店 2021,https://tabelog.com/tokyo/A1310/A131004/13003538/,https://www.google.com/maps/search/?api=1&query=%E3%83%95%E3%82%A1%E3%82%A4%E3%83%A4%E3%83%BC%E3%83%8F%E3%82%A6%E3%82%B9%20%E6%9D%B1%E4%BA%AC%E9%83%BD%E6%96%87%E4%BA%AC%E5%8C%BA%E6%9C%AC%E9%83%B74-5-10,2021,ハンバーガー,hamburger,発表日：2021年10月13日
ヴィレッジ ヴァンガード ダイナー 下北沢,東京都世田谷区代田6-3-1 リバブル下北沢　Ｂ１Ｆ,食べログ ハンバーガー 百名店 2021,https://tabelog.com/tokyo/A1318/A131802/13022465/,https://www.google.com/maps/search/?api=1&query=%E3%83%B4%E3%82%A3%E3%83%AC%E3%83%83%E3%82%B8%20%E3%83%B4%E3%82%A1%E3%83%B3%E3%82%AC%E3%83%BC%E3%83%89%20%E3%83%80%E3%82%A4%E3%83%8A%E3%83%BC%20%E4%B8%8B%E5%8C%97%E6%B2%A2%20%E6%9D%B1%E4%BA%AC%E9%83%BD%E4%B8%96%E7%94%B0%E8%B0%B7%E5%8C%BA%E4%BB%A3%E7%94%B06-3-1%20%E3%83%AA%E3%83%90%E3%83%96%E3%83%AB%E4%B8%8B%E5%8C%97%E6%B2%A2%E3%80%80%EF%BC%A2%EF%BC%91%EF%BC%A6,2021,ハンバーガー,hamburger,発表日：2021年10月13日
the 3rd Burger アークヒルズサウスタワー店,東京都港区六本木1-4-5 アークヒルズサウスタワー B1F,食べログ ハンバーガー 百名店 2021,https://tabelog.com/tokyo/A1307/A130701/13164217/,https://www.google.com/maps/search/?api=1&query=the%203rd%20Burger%20%E3%82%A2%E3%83%BC%E3%82%AF%E3%83%92%E3%83%AB%E3%82%BA%E3%82%B5%E3%82%A6%E3%82%B9%E3%82%BF%E3%83%AF%E3%83%BC%E5%BA%97%20%E6%9D%B1%E4%BA%AC%E9%83%BD%E6%B8%AF%E5%8C%BA%E5%85%AD%E6%9C%AC%E6%9C%A81-4-5%20%E3%82%A2%E3%83%BC%E3%82%AF%E3%83%92%E3%83%AB%E3%82%BA%E3%82%B5%E3%82%A6%E3%82%B9%E3%82%BF%E3%83%AF%E3%83%BC%20B1F,2021,ハンバーガー,hamburger,発表日：2021年10月13日
ベーカーバウンス,東京都世田谷区太子堂5-13-5,食べログ ハンバーガー 百名店 2021,https://tabelog.com/tokyo/A1317/A131706/13004780/,https://www.google.com/maps/search/?api=1&query=%E3%83%99%E3%83%BC%E3%82%AB%E3%83%BC%E3%83%90%E3%82%A6%E3%83%B3%E3%82%B9%20%E6%9D%B1%E4%BA%AC%E9%83%BD%E4%B8%96%E7%94%B0%E8%B0%B7%E5%8C%BA%E5%A4%AA%E5%AD%90%E5%A0%825-13-5,2021,ハンバーガー,hamburger,発表日：2021年10月13日
マティーニバーガー,東京都新宿区中里町31,食べログ ハンバーガー 百名店 2021,https://tabelog.com/tokyo/A1309/A130905/13117569/,https://www.google.com/maps/search/?api=1&query=%E3%83%9E%E3%83%86%E3%82%A3%E3%83%BC%E3%83%8B%E3%83%90%E3%83%BC%E3%82%AC%E3%83%BC%20%E6%9D%B1%E4%BA%AC%E9%83%BD%E6%96%B0%E5%AE%BF%E5%8C%BA%E4%B8%AD%E9%87%8C%E7%94%BA31,2021,ハンバーガー,hamburger,発表日：2021年10月13日
ハングリー ヘブン 目黒店,東京都目黒区下目黒1-2-22 セザール目黒 2F,食べログ ハンバーガー 百名店 2021,https://tabelog.com/tokyo/A1316/A131601/13119994/,https://www.google.com/maps/search/?api=1&query=%E3%83%8F%E3%83%B3%E3%82%B0%E3%83%AA%E3%83%BC%20%E3%83%98%E3%83%96%E3%83%B3%20%E7%9B%AE%E9%BB%92%E5%BA%97%20%E6%9D%B1%E4%BA%AC%E9%83%BD%E7%9B%AE%E9%BB%92%E5%8C%BA%E4%B8%8B%E7%9B%AE%E9%BB%921-2-22%20%E3%82%BB%E3%82%B6%E3%83%BC%E3%83%AB%E7%9B%AE%E9%BB%92%202F,2021,ハンバーガー,hamburger,発表日：2021年10月13日
La Bonta,千葉県船橋市本町1-23-20 立山ビル　１Ｆ,食べログ イタリアン EAST 百名店 2021,https://tabelog.com/chiba/A1202/A120201/12024353/,https://www.google.com/maps/search/?api=1&query=La%20Bonta%20%E5%8D%83%E8%91%89%E7%9C%8C%E8%88%B9%E6%A9%8B%E5%B8%82%E6%9C%AC%E7%94%BA1-23-20%20%E7%AB%8B%E5%B1%B1%E3%83%93%E3%83%AB%E3%80%80%EF%BC%91%EF%BC%A6,2021,イタリアン EAST,italian_east,発表日：2021年3月8日
イルマーレ,神奈川県小田原市早川1-11-6,食べログ イタリアン EAST 百名店 2021,https://tabelog.com/kanagawa/A1409/A140901/14000188/,https://www.google.com/maps/search/?api=1&query=%E3%82%A4%E3%83%AB%E3%83%9E%E3%83%BC%E3%83%AC%20%E7%A5%9E%E5%A5%88%E5%B7%9D%E7%9C%8C%E5%B0%8F%E7%94%B0%E5%8E%9F%E5%B8%82%E6%97%A9%E5%B7%9D1-11-6,2021,イタリアン EAST,italian_east,発表日：2021年3月8日
オルトレヴィーノ,神奈川県鎌倉市長谷2-5-40,食べログ イタリアン EAST 百名店 2021,https://tabelog.com/kanagawa/A1404/A140402/14035202/,https://www.google.com/maps/search/?api=1&query=%E3%82%AA%E3%83%AB%E3%83%88%E3%83%AC%E3%83%B4%E3%82%A3%E3%83%BC%E3%83%8E%20%E7%A5%9E%E5%A5%88%E5%B7%9D%E7%9C%8C%E9%8E%8C%E5%80%89%E5%B8%82%E9%95%B7%E8%B0%B72-5-40,2021,イタリアン EAST,italian_east,発表日：2021年3月8日
Vv.lab,千葉県千葉市花見川区幕張町5-417-18,食べログ イタリアン EAST 百名店 2021,https://tabelog.com/chiba/A1201/A120102/12026385/,https://www.google.com/maps/search/?api=1&query=Vv.lab%20%E5%8D%83%E8%91%89%E7%9C%8C%E5%8D%83%E8%91%89%E5%B8%82%E8%8A%B1%E8%A6%8B%E5%B7%9D%E5%8C%BA%E5%B9%95%E5%BC%B5%E7%94%BA5-417-18,2021,イタリアン EAST,italian_east,発表日：2021年3月8日
フォセッタ,神奈川県鎌倉市西鎌倉1-2-1,食べログ イタリアン EAST 百名店 2021,https://tabelog.com/kanagawa/A1404/A140402/14000283/,https://www.google.com/maps/search/?api=1&query=%E3%83%95%E3%82%A9%E3%82%BB%E3%83%83%E3%82%BF%20%E7%A5%9E%E5%A5%88%E5%B7%9D%E7%9C%8C%E9%8E%8C%E5%80%89%E5%B8%82%E8%A5%BF%E9%8E%8C%E5%80%891-2-1,2021,イタリアン EAST,italian_east,発表日：2021年3月8日
横浜馬車道 旬の肉料理イタリアン オステリア・アウストロ,神奈川県横浜市中区北仲通3-34-2 １Ｆ,食べログ イタリアン EAST 百名店 2021,https://tabelog.com/kanagawa/A1401/A140104/14006096/,https://www.google.com/maps/search/?api=1&query=%E6%A8%AA%E6%B5%9C%E9%A6%AC%E8%BB%8A%E9%81%93%20%E6%97%AC%E3%81%AE%E8%82%89%E6%96%99%E7%90%86%E3%82%A4%E3%82%BF%E3%83%AA%E3%82%A2%E3%83%B3%20%E3%82%AA%E3%82%B9%E3%83%86%E3%83%AA%E3%82%A2%E3%83%BB%E3%82%A2%E3%82%A6%E3%82%B9%E3%83%88%E3%83%AD%20%E7%A5%9E%E5%A5%88%E5%B7%9D%E7%9C%8C%E6%A8%AA%E6%B5%9C%E5%B8%82%E4%B8%AD%E5%8C%BA%E5%8C%97%E4%BB%B2%E9%80%9A3-34-2%20%EF%BC%91%EF%BC%A6,2021,イタリアン EAST,italian_east,発表日：2021年3月8日
オステリア　パーチェ,神奈川県横浜市青葉区荏田町1476-1 カーサビラ 3F,食べログ イタリアン EAST 百名店 2021,https://tabelog.com/kanagawa/A1401/A140201/14030876/,https://www.google.com/maps/search/?api=1&query=%E3%82%AA%E3%82%B9%E3%83%86%E3%83%AA%E3%82%A2%E3%80%80%E3%83%91%E3%83%BC%E3%83%81%E3%82%A7%20%E7%A5%9E%E5%A5%88%E5%B7%9D%E7%9C%8C%E6%A8%AA%E6%B5%9C%E5%B8%82%E9%9D%92%E8%91%89%E5%8C%BA%E8%8D%8F%E7%94%B0%E7%94%BA1476-1%20%E3%82%AB%E3%83%BC%E3%82%B5%E3%83%93%E3%83%A9%203F,2021,イタリアン EAST,italian_east,発表日：2021年3月8日
エスト! プロッシモ,千葉県千葉市中央区新町22-3,食べログ イタリアン EAST 百名店 2021,https://tabelog.com/chiba/A1201/A120101/12000120/,https://www.google.com/maps/search/?api=1&query=%E3%82%A8%E3%82%B9%E3%83%88%21%20%E3%83%97%E3%83%AD%E3%83%83%E3%82%B7%E3%83%A2%20%E5%8D%83%E8%91%89%E7%9C%8C%E5%8D%83%E8%91%89%E5%B8%82%E4%B8%AD%E5%A4%AE%E5%8C%BA%E6%96%B0%E7%94%BA22-3,2021,イタリアン EAST,italian_east,発表日：2021年3月8日
ラ・ルーチェ,神奈川県鎌倉市雪ノ下1-7-6,食べログ イタリアン EAST 百名店 2021,https://tabelog.com/kanagawa/A1404/A140402/14008725/,https://www.google.com/maps/search/?api=1&query=%E3%83%A9%E3%83%BB%E3%83%AB%E3%83%BC%E3%83%81%E3%82%A7%20%E7%A5%9E%E5%A5%88%E5%B7%9D%E7%9C%8C%E9%8E%8C%E5%80%89%E5%B8%82%E9%9B%AA%E3%83%8E%E4%B8%8B1-7-6,2021,イタリアン EAST,italian_east,発表日：2021年3月8日
クオーレ・フォルテ,神奈川県横浜市神奈川区鶴屋町2-19-2 井上ビル　１Ｆ,食べログ イタリアン EAST 百名店 2021,https://tabelog.com/kanagawa/A1401/A140101/14010823/,https://www.google.com/maps/search/?api=1&query=%E3%82%AF%E3%82%AA%E3%83%BC%E3%83%AC%E3%83%BB%E3%83%95%E3%82%A9%E3%83%AB%E3%83%86%20%E7%A5%9E%E5%A5%88%E5%B7%9D%E7%9C%8C%E6%A8%AA%E6%B5%9C%E5%B8%82%E7%A5%9E%E5%A5%88%E5%B7%9D%E5%8C%BA%E9%B6%B4%E5%B1%8B%E7%94%BA2-19-2%20%E4%BA%95%E4%B8%8A%E3%83%93%E3%83%AB%E3%80%80%EF%BC%91%EF%BC%A6,2021,イタリアン EAST,italian_east,発表日：2021年3月8日
レロエ オヴェスト 三規庭,神奈川県横浜市青葉区あざみ野2-30 三規庭 2F,食べログ イタリアン EAST 百名店 2021,https://tabelog.com/kanagawa/A1401/A140201/14011609/,https://www.google.com/maps/search/?api=1&query=%E3%83%AC%E3%83%AD%E3%82%A8%20%E3%82%AA%E3%83%B4%E3%82%A7%E3%82%B9%E3%83%88%20%E4%B8%89%E8%A6%8F%E5%BA%AD%20%E7%A5%9E%E5%A5%88%E5%B7%9D%E7%9C%8C%E6%A8%AA%E6%B5%9C%E5%B8%82%E9%9D%92%E8%91%89%E5%8C%BA%E3%81%82%E3%81%96%E3%81%BF%E9%87%8E2-30%20%E4%B8%89%E8%A6%8F%E5%BA%AD%202F,2021,イタリアン EAST,italian_east,発表日：2021年3月8日
クラリタ ダ マリッティマ,神奈川県藤沢市片瀬海岸1-6-11 １Ｆ,食べログ イタリアン EAST 百名店 2021,https://tabelog.com/kanagawa/A1404/A140403/14015527/,https://www.google.com/maps/search/?api=1&query=%E3%82%AF%E3%83%A9%E3%83%AA%E3%82%BF%20%E3%83%80%20%E3%83%9E%E3%83%AA%E3%83%83%E3%83%86%E3%82%A3%E3%83%9E%20%E7%A5%9E%E5%A5%88%E5%B7%9D%E7%9C%8C%E8%97%A4%E6%B2%A2%E5%B8%82%E7%89%87%E7%80%AC%E6%B5%B7%E5%B2%B81-6-11%20%EF%BC%91%EF%BC%A6,2021,イタリアン EAST,italian_east,発表日：2021年3月8日
ラ・テンダ・ロッサ,神奈川県横浜市中区太田町6-75,食べログ イタリアン EAST 百名店 2021,https://tabelog.com/kanagawa/A1401/A140104/14002613/,https://www.google.com/maps/search/?api=1&query=%E3%83%A9%E3%83%BB%E3%83%86%E3%83%B3%E3%83%80%E3%83%BB%E3%83%AD%E3%83%83%E3%82%B5%20%E7%A5%9E%E5%A5%88%E5%B7%9D%E7%9C%8C%E6%A8%AA%E6%B5%9C%E5%B8%82%E4%B8%AD%E5%8C%BA%E5%A4%AA%E7%94%B0%E7%94%BA6-75,2021,イタリアン EAST,italian_east,発表日：2021年3月8日
ウシマル,千葉県山武市松尾町木刀1307-2,食べログ イタリアン EAST 百名店 2021,https://tabelog.com/chiba/A1205/A120502/12000598/,https://www.google.com/maps/search/?api=1&query=%E3%82%A6%E3%82%B7%E3%83%9E%E3%83%AB%20%E5%8D%83%E8%91%89%E7%9C%8C%E5%B1%B1%E6%AD%A6%E5%B8%82%E6%9D%BE%E5%B0%BE%E7%94%BA%E6%9C%A8%E5%88%801307-2,2021,イタリアン EAST,italian_east,発表日：2021年3月8日
ソリスアグリトゥーリズモ,神奈川県横須賀市湘南国際村1-2-8,食べログ イタリアン EAST 百名店 2021,https://tabelog.com/kanagawa/A1406/A140602/14059426/,https://www.google.com/maps/search/?api=1&query=%E3%82%BD%E3%83%AA%E3%82%B9%E3%82%A2%E3%82%B0%E3%83%AA%E3%83%88%E3%82%A5%E3%83%BC%E3%83%AA%E3%82%BA%E3%83%A2%20%E7%A5%9E%E5%A5%88%E5%B7%9D%E7%9C%8C%E6%A8%AA%E9%A0%88%E8%B3%80%E5%B8%82%E6%B9%98%E5%8D%97%E5%9B%BD%E9%9A%9B%E6%9D%911-2-8,2021,イタリアン EAST,italian_east,発表日：2021年3月8日
エッセルンガ,神奈川県鎌倉市長谷1-14-26,食べログ イタリアン EAST 百名店 2021,https://tabelog.com/kanagawa/A1404/A140402/14029106/,https://www.google.com/maps/search/?api=1&query=%E3%82%A8%E3%83%83%E3%82%BB%E3%83%AB%E3%83%B3%E3%82%AC%20%E7%A5%9E%E5%A5%88%E5%B7%9D%E7%9C%8C%E9%8E%8C%E5%80%89%E5%B8%82%E9%95%B7%E8%B0%B71-14-26,2021,イタリアン EAST,italian_east,発表日：2021年3月8日
オ・プレチェネッラ,神奈川県横浜市西区北幸2-13-1,食べログ イタリアン EAST 百名店 2021,https://tabelog.com/kanagawa/A1401/A140101/14000055/,https://www.google.com/maps/search/?api=1&query=%E3%82%AA%E3%83%BB%E3%83%97%E3%83%AC%E3%83%81%E3%82%A7%E3%83%8D%E3%83%83%E3%83%A9%20%E7%A5%9E%E5%A5%88%E5%B7%9D%E7%9C%8C%E6%A8%AA%E6%B5%9C%E5%B8%82%E8%A5%BF%E5%8C%BA%E5%8C%97%E5%B9%B82-13-1,2021,イタリアン EAST,italian_east,発表日：2021年3月8日
ラ タベルネッタ アッラ チヴィテッリーナ,千葉県千葉市中央区中央2-8-14,食べログ イタリアン EAST 百名店 2021,https://tabelog.com/chiba/A1201/A120101/12001180/,https://www.google.com/maps/search/?api=1&query=%E3%83%A9%20%E3%82%BF%E3%83%99%E3%83%AB%E3%83%8D%E3%83%83%E3%82%BF%20%E3%82%A2%E3%83%83%E3%83%A9%20%E3%83%81%E3%83%B4%E3%82%A3%E3%83%86%E3%83%83%E3%83%AA%E3%83%BC%E3%83%8A%20%E5%8D%83%E8%91%89%E7%9C%8C%E5%8D%83%E8%91%89%E5%B8%82%E4%B8%AD%E5%A4%AE%E5%8C%BA%E4%B8%AD%E5%A4%AE2-8-14,2021,イタリアン EAST,italian_east,発表日：2021年3月8日
MANNA,神奈川県鎌倉市長谷2-4-7,食べログ イタリアン EAST 百名店 2021,https://tabelog.com/kanagawa/A1404/A140402/14031732/,https://www.google.com/maps/search/?api=1&query=MANNA%20%E7%A5%9E%E5%A5%88%E5%B7%9D%E7%9C%8C%E9%8E%8C%E5%80%89%E5%B8%82%E9%95%B7%E8%B0%B72-4-7,2021,イタリアン EAST,italian_east,発表日：2021年3月8日
リストランテ シーヴァ,神奈川県鎌倉市七里ガ浜東3-1-14,食べログ イタリアン EAST 百名店 2021,https://tabelog.com/kanagawa/A1404/A140402/14062451/,https://www.google.com/maps/search/?api=1&query=%E3%83%AA%E3%82%B9%E3%83%88%E3%83%A9%E3%83%B3%E3%83%86%20%E3%82%B7%E3%83%BC%E3%83%B4%E3%82%A1%20%E7%A5%9E%E5%A5%88%E5%B7%9D%E7%9C%8C%E9%8E%8C%E5%80%89%E5%B8%82%E4%B8%83%E9%87%8C%E3%82%AC%E6%B5%9C%E6%9D%B13-1-14,2021,イタリアン EAST,italian_east,発表日：2021年3月8日
タケル クインディチ,神奈川県鎌倉市山ノ内1384 北鎌倉 東慶寺　門前,食べログ イタリアン EAST 百名店 2021,https://tabelog.com/kanagawa/A1404/A140401/14043143/,https://www.google.com/maps/search/?api=1&query=%E3%82%BF%E3%82%B1%E3%83%AB%20%E3%82%AF%E3%82%A4%E3%83%B3%E3%83%87%E3%82%A3%E3%83%81%20%E7%A5%9E%E5%A5%88%E5%B7%9D%E7%9C%8C%E9%8E%8C%E5%80%89%E5%B8%82%E5%B1%B1%E3%83%8E%E5%86%851384%20%E5%8C%97%E9%8E%8C%E5%80%89%20%E6%9D%B1%E6%85%B6%E5%AF%BA%E3%80%80%E9%96%80%E5%89%8D,2021,イタリアン EAST,italian_east,発表日：2021年3月8日
リオス ボングスタイオ,神奈川県横浜市中区元町1-23-1 リバーサイド元町 1F,食べログ イタリアン EAST 百名店 2021,https://tabelog.com/kanagawa/A1401/A140105/14055323/,https://www.google.com/maps/search/?api=1&query=%E3%83%AA%E3%82%AA%E3%82%B9%20%E3%83%9C%E3%83%B3%E3%82%B0%E3%82%B9%E3%82%BF%E3%82%A4%E3%82%AA%20%E7%A5%9E%E5%A5%88%E5%B7%9D%E7%9C%8C%E6%A8%AA%E6%B5%9C%E5%B8%82%E4%B8%AD%E5%8C%BA%E5%85%83%E7%94%BA1-23-1%20%E3%83%AA%E3%83%90%E3%83%BC%E3%82%B5%E3%82%A4%E3%83%89%E5%85%83%E7%94%BA%201F,2021,イタリアン EAST,italian_east,発表日：2021年3月8日
SALONE 2007,神奈川県横浜市中区山下町36-1 B1F,食べログ イタリアン EAST 百名店 2021,https://tabelog.com/kanagawa/A1401/A140105/14010542/,https://www.google.com/maps/search/?api=1&query=SALONE%202007%20%E7%A5%9E%E5%A5%88%E5%B7%9D%E7%9C%8C%E6%A8%AA%E6%B5%9C%E5%B8%82%E4%B8%AD%E5%8C%BA%E5%B1%B1%E4%B8%8B%E7%94%BA36-1%20B1F,2021,イタリアン EAST,italian_east,発表日：2021年3月8日
ドルチェ　ファール　ニエンテ,神奈川県鎌倉市雪ノ下1-5-34 ２Ｆ,食べログ イタリアン EAST 百名店 2021,https://tabelog.com/kanagawa/A1404/A140402/14001043/,https://www.google.com/maps/search/?api=1&query=%E3%83%89%E3%83%AB%E3%83%81%E3%82%A7%E3%80%80%E3%83%95%E3%82%A1%E3%83%BC%E3%83%AB%E3%80%80%E3%83%8B%E3%82%A8%E3%83%B3%E3%83%86%20%E7%A5%9E%E5%A5%88%E5%B7%9D%E7%9C%8C%E9%8E%8C%E5%80%89%E5%B8%82%E9%9B%AA%E3%83%8E%E4%B8%8B1-5-34%20%EF%BC%92%EF%BC%A6,2021,イタリアン EAST,italian_east,発表日：2021年3月8日
RISTORANTE REGA,神奈川県横浜市中区石川町2-66-3 ルフェニックス 1Ｆ,食べログ イタリアン EAST 百名店 2021,https://tabelog.com/kanagawa/A1401/A140105/14012330/,https://www.google.com/maps/search/?api=1&query=RISTORANTE%20REGA%20%E7%A5%9E%E5%A5%88%E5%B7%9D%E7%9C%8C%E6%A8%AA%E6%B5%9C%E5%B8%82%E4%B8%AD%E5%8C%BA%E7%9F%B3%E5%B7%9D%E7%94%BA2-66-3%20%E3%83%AB%E3%83%95%E3%82%A7%E3%83%8B%E3%83%83%E3%82%AF%E3%82%B9%201%EF%BC%A6,2021,イタリアン EAST,italian_east,発表日：2021年3月8日
リストランテ アルベロベッロ,神奈川県伊勢原市上粕屋298-1 アネーロ　１Ｆ,食べログ イタリアン EAST 百名店 2021,https://tabelog.com/kanagawa/A1408/A140803/14000879/,https://www.google.com/maps/search/?api=1&query=%E3%83%AA%E3%82%B9%E3%83%88%E3%83%A9%E3%83%B3%E3%83%86%20%E3%82%A2%E3%83%AB%E3%83%99%E3%83%AD%E3%83%99%E3%83%83%E3%83%AD%20%E7%A5%9E%E5%A5%88%E5%B7%9D%E7%9C%8C%E4%BC%8A%E5%8B%A2%E5%8E%9F%E5%B8%82%E4%B8%8A%E7%B2%95%E5%B1%8B298-1%20%E3%82%A2%E3%83%8D%E3%83%BC%E3%83%AD%E3%80%80%EF%BC%91%EF%BC%A6,2021,イタリアン EAST,italian_east,発表日：2021年3月8日
zoe's,千葉県柏市柏4-6-23 ＡＫビル 1F,食べログ イタリアン EAST 百名店 2021,https://tabelog.com/chiba/A1203/A120301/12000870/,https://www.google.com/maps/search/?api=1&query=zoe%27s%20%E5%8D%83%E8%91%89%E7%9C%8C%E6%9F%8F%E5%B8%82%E6%9F%8F4-6-23%20%EF%BC%A1%EF%BC%AB%E3%83%93%E3%83%AB%201F,2021,イタリアン EAST,italian_east,発表日：2021年3月8日
トラットリアビコローレヨコハマ,神奈川県横浜市西区平沼1-40-17 モンテベルデ横浜 101,食べログ イタリアン EAST 百名店 2021,https://tabelog.com/kanagawa/A1401/A140101/14051360/,https://www.google.com/maps/search/?api=1&query=%E3%83%88%E3%83%A9%E3%83%83%E3%83%88%E3%83%AA%E3%82%A2%E3%83%93%E3%82%B3%E3%83%AD%E3%83%BC%E3%83%AC%E3%83%A8%E3%82%B3%E3%83%8F%E3%83%9E%20%E7%A5%9E%E5%A5%88%E5%B7%9D%E7%9C%8C%E6%A8%AA%E6%B5%9C%E5%B8%82%E8%A5%BF%E5%8C%BA%E5%B9%B3%E6%B2%BC1-40-17%20%E3%83%A2%E3%83%B3%E3%83%86%E3%83%99%E3%83%AB%E3%83%87%E6%A8%AA%E6%B5%9C%20101,2021,イタリアン EAST,italian_east,発表日：2021年3月8日
イル・パチョッコーネ・ディ・キャンティ,神奈川県川崎市川崎区小川町4-1 マッジョーレ1F,食べログ イタリアン EAST 百名店 2021,https://tabelog.com/kanagawa/A1405/A140501/14013395/,https://www.google.com/maps/search/?api=1&query=%E3%82%A4%E3%83%AB%E3%83%BB%E3%83%91%E3%83%81%E3%83%A7%E3%83%83%E3%82%B3%E3%83%BC%E3%83%8D%E3%83%BB%E3%83%87%E3%82%A3%E3%83%BB%E3%82%AD%E3%83%A3%E3%83%B3%E3%83%86%E3%82%A3%20%E7%A5%9E%E5%A5%88%E5%B7%9D%E7%9C%8C%E5%B7%9D%E5%B4%8E%E5%B8%82%E5%B7%9D%E5%B4%8E%E5%8C%BA%E5%B0%8F%E5%B7%9D%E7%94%BA4-1%20%E3%83%9E%E3%83%83%E3%82%B8%E3%83%A7%E3%83%BC%E3%83%AC1F,2021,イタリアン EAST,italian_east,発表日：2021年3月8日
クルベル・キャン,神奈川県鎌倉市小町2-9-14 植山ビル20Ｂ,食べログ イタリアン EAST 百名店 2021,https://tabelog.com/kanagawa/A1404/A140402/14035176/,https://www.google.com/maps/search/?api=1&query=%E3%82%AF%E3%83%AB%E3%83%99%E3%83%AB%E3%83%BB%E3%82%AD%E3%83%A3%E3%83%B3%20%E7%A5%9E%E5%A5%88%E5%B7%9D%E7%9C%8C%E9%8E%8C%E5%80%89%E5%B8%82%E5%B0%8F%E7%94%BA2-9-14%20%E6%A4%8D%E5%B1%B1%E3%83%93%E3%83%AB20%EF%BC%A2,2021,イタリアン EAST,italian_east,発表日：2021年3月8日
イノウエ グリリア,神奈川県横浜市西区平沼1-13-26,食べログ イタリアン EAST 百名店 2021,https://tabelog.com/kanagawa/A1401/A140102/14010249/,https://www.google.com/maps/search/?api=1&query=%E3%82%A4%E3%83%8E%E3%82%A6%E3%82%A8%20%E3%82%B0%E3%83%AA%E3%83%AA%E3%82%A2%20%E7%A5%9E%E5%A5%88%E5%B7%9D%E7%9C%8C%E6%A8%AA%E6%B5%9C%E5%B8%82%E8%A5%BF%E5%8C%BA%E5%B9%B3%E6%B2%BC1-13-26,2021,イタリアン EAST,italian_east,発表日：2021年3月8日
イル・リフージョ・ハヤマ,神奈川県三浦郡葉山町一色2179,食べログ イタリアン EAST 百名店 2021,https://tabelog.com/kanagawa/A1406/A140602/14036164/,https://www.google.com/maps/search/?api=1&query=%E3%82%A4%E3%83%AB%E3%83%BB%E3%83%AA%E3%83%95%E3%83%BC%E3%82%B8%E3%83%A7%E3%83%BB%E3%83%8F%E3%83%A4%E3%83%9E%20%E7%A5%9E%E5%A5%88%E5%B7%9D%E7%9C%8C%E4%B8%89%E6%B5%A6%E9%83%A1%E8%91%89%E5%B1%B1%E7%94%BA%E4%B8%80%E8%89%B22179,2021,イタリアン EAST,italian_east,発表日：2021年3月8日
レオーネ・マルチアーノ,神奈川県横浜市西区みなとみらい4-6-2 みなとみらいグランドセントラルテラス 1F,食べログ イタリアン EAST 百名店 2021,https://tabelog.com/kanagawa/A1401/A140103/14045408/,https://www.google.com/maps/search/?api=1&query=%E3%83%AC%E3%82%AA%E3%83%BC%E3%83%8D%E3%83%BB%E3%83%9E%E3%83%AB%E3%83%81%E3%82%A2%E3%83%BC%E3%83%8E%20%E7%A5%9E%E5%A5%88%E5%B7%9D%E7%9C%8C%E6%A8%AA%E6%B5%9C%E5%B8%82%E8%A5%BF%E5%8C%BA%E3%81%BF%E3%81%AA%E3%81%A8%E3%81%BF%E3%82%89%E3%81%844-6-2%20%E3%81%BF%E3%81%AA%E3%81%A8%E3%81%BF%E3%82%89%E3%81%84%E3%82%B0%E3%83%A9%E3%83%B3%E3%83%89%E3%82%BB%E3%83%B3%E3%83%88%E3%83%A9%E3%83%AB%E3%83%86%E3%83%A9%E3%82%B9%201F,2021,イタリアン EAST,italian_east,発表日：2021年3月8日
ヴィノテカサクラ,神奈川県横浜市中区太田町4-47 コーワ太田町ビル　１Ｆ,食べログ イタリアン EAST 百名店 2021,https://tabelog.com/kanagawa/A1401/A140104/14002095/,https://www.google.com/maps/search/?api=1&query=%E3%83%B4%E3%82%A3%E3%83%8E%E3%83%86%E3%82%AB%E3%82%B5%E3%82%AF%E3%83%A9%20%E7%A5%9E%E5%A5%88%E5%B7%9D%E7%9C%8C%E6%A8%AA%E6%B5%9C%E5%B8%82%E4%B8%AD%E5%8C%BA%E5%A4%AA%E7%94%B0%E7%94%BA4-47%20%E3%82%B3%E3%83%BC%E3%83%AF%E5%A4%AA%E7%94%B0%E7%94%BA%E3%83%93%E3%83%AB%E3%80%80%EF%BC%91%EF%BC%A6,2021,イタリアン EAST,italian_east,発表日：2021年3月8日
トラットリア・アルベロ,千葉県千葉市若葉区東寺山町345-4,食べログ イタリアン EAST 百名店 2021,https://tabelog.com/chiba/A1201/A120105/12001819/,https://www.google.com/maps/search/?api=1&query=%E3%83%88%E3%83%A9%E3%83%83%E3%83%88%E3%83%AA%E3%82%A2%E3%83%BB%E3%82%A2%E3%83%AB%E3%83%99%E3%83%AD%20%E5%8D%83%E8%91%89%E7%9C%8C%E5%8D%83%E8%91%89%E5%B8%82%E8%8B%A5%E8%91%89%E5%8C%BA%E6%9D%B1%E5%AF%BA%E5%B1%B1%E7%94%BA345-4,2021,イタリアン EAST,italian_east,発表日：2021年3月8日
PRIMO,神奈川県横浜市中区常盤町5-72-1 GM横浜馬車道ビル 1F,食べログ イタリアン EAST 百名店 2021,https://tabelog.com/kanagawa/A1401/A140104/14068940/,https://www.google.com/maps/search/?api=1&query=PRIMO%20%E7%A5%9E%E5%A5%88%E5%B7%9D%E7%9C%8C%E6%A8%AA%E6%B5%9C%E5%B8%82%E4%B8%AD%E5%8C%BA%E5%B8%B8%E7%9B%A4%E7%94%BA5-72-1%20GM%E6%A8%AA%E6%B5%9C%E9%A6%AC%E8%BB%8A%E9%81%93%E3%83%93%E3%83%AB%201F,2021,イタリアン EAST,italian_east,発表日：2021年3月8日
OSTERIA il FUOCO,神奈川県横浜市西区岡野1-16-14,食べログ イタリアン EAST 百名店 2021,https://tabelog.com/kanagawa/A1401/A140102/14051993/,https://www.google.com/maps/search/?api=1&query=OSTERIA%20il%20FUOCO%20%E7%A5%9E%E5%A5%88%E5%B7%9D%E7%9C%8C%E6%A8%AA%E6%B5%9C%E5%B8%82%E8%A5%BF%E5%8C%BA%E5%B2%A1%E9%87%8E1-16-14,2021,イタリアン EAST,italian_east,発表日：2021年3月8日
イタリアン酒場ナチュラ 武蔵小杉店,神奈川県川崎市中原区小杉町3-428-6,食べログ イタリアン EAST 百名店 2021,https://tabelog.com/kanagawa/A1405/A140504/14035951/,https://www.google.com/maps/search/?api=1&query=%E3%82%A4%E3%82%BF%E3%83%AA%E3%82%A2%E3%83%B3%E9%85%92%E5%A0%B4%E3%83%8A%E3%83%81%E3%83%A5%E3%83%A9%20%E6%AD%A6%E8%94%B5%E5%B0%8F%E6%9D%89%E5%BA%97%20%E7%A5%9E%E5%A5%88%E5%B7%9D%E7%9C%8C%E5%B7%9D%E5%B4%8E%E5%B8%82%E4%B8%AD%E5%8E%9F%E5%8C%BA%E5%B0%8F%E6%9D%89%E7%94%BA3-428-6,2021,イタリアン EAST,italian_east,発表日：2021年3月8日
カンブーザ,神奈川県横浜市神奈川区鶴屋町2-11-2,食べログ イタリアン EAST 百名店 2021,https://tabelog.com/kanagawa/A1401/A140101/14035347/,https://www.google.com/maps/search/?api=1&query=%E3%82%AB%E3%83%B3%E3%83%96%E3%83%BC%E3%82%B6%20%E7%A5%9E%E5%A5%88%E5%B7%9D%E7%9C%8C%E6%A8%AA%E6%B5%9C%E5%B8%82%E7%A5%9E%E5%A5%88%E5%B7%9D%E5%8C%BA%E9%B6%B4%E5%B1%8B%E7%94%BA2-11-2,2021,イタリアン EAST,italian_east,発表日：2021年3月8日
RISTORANTE IL NODO,神奈川県鎌倉市小町2-6-12 くすの木443 2F3号,食べログ イタリアン EAST 百名店 2021,https://tabelog.com/kanagawa/A1404/A140402/14072960/,https://www.google.com/maps/search/?api=1&query=RISTORANTE%20IL%20NODO%20%E7%A5%9E%E5%A5%88%E5%B7%9D%E7%9C%8C%E9%8E%8C%E5%80%89%E5%B8%82%E5%B0%8F%E7%94%BA2-6-12%20%E3%81%8F%E3%81%99%E3%81%AE%E6%9C%A8443%202F3%E5%8F%B7,2021,イタリアン EAST,italian_east,発表日：2021年3月8日
トラットリア ダ・テレーサ,神奈川県横浜市緑区中山4-26-19,食べログ イタリアン EAST 百名店 2021,https://tabelog.com/kanagawa/A1401/A140207/14042586/,https://www.google.com/maps/search/?api=1&query=%E3%83%88%E3%83%A9%E3%83%83%E3%83%88%E3%83%AA%E3%82%A2%20%E3%83%80%E3%83%BB%E3%83%86%E3%83%AC%E3%83%BC%E3%82%B5%20%E7%A5%9E%E5%A5%88%E5%B7%9D%E7%9C%8C%E6%A8%AA%E6%B5%9C%E5%B8%82%E7%B7%91%E5%8C%BA%E4%B8%AD%E5%B1%B14-26-19,2021,イタリアン EAST,italian_east,発表日：2021年3月8日
トラットリア フランコ,神奈川県横浜市西区北幸2-4-10 大明ビル 1F,食べログ イタリアン EAST 百名店 2021,https://tabelog.com/kanagawa/A1401/A140101/14035233/,https://www.google.com/maps/search/?api=1&query=%E3%83%88%E3%83%A9%E3%83%83%E3%83%88%E3%83%AA%E3%82%A2%20%E3%83%95%E3%83%A9%E3%83%B3%E3%82%B3%20%E7%A5%9E%E5%A5%88%E5%B7%9D%E7%9C%8C%E6%A8%AA%E6%B5%9C%E5%B8%82%E8%A5%BF%E5%8C%BA%E5%8C%97%E5%B9%B82-4-10%20%E5%A4%A7%E6%98%8E%E3%83%93%E3%83%AB%201F,2021,イタリアン EAST,italian_east,発表日：2021年3月8日
セラフィーノ,神奈川県藤沢市鵠沼橘1-16-14 ヤマキビル１Ａ,食べログ イタリアン EAST 百名店 2021,https://tabelog.com/kanagawa/A1404/A140404/14039203/,https://www.google.com/maps/search/?api=1&query=%E3%82%BB%E3%83%A9%E3%83%95%E3%82%A3%E3%83%BC%E3%83%8E%20%E7%A5%9E%E5%A5%88%E5%B7%9D%E7%9C%8C%E8%97%A4%E6%B2%A2%E5%B8%82%E9%B5%A0%E6%B2%BC%E6%A9%981-16-14%20%E3%83%A4%E3%83%9E%E3%82%AD%E3%83%93%E3%83%AB%EF%BC%91%EF%BC%A1,2021,イタリアン EAST,italian_east,発表日：2021年3月8日
リストランテ　ウミリア,神奈川県横浜市西区みなとみらい4-6-2 グランドセントラルタワー ２F,食べログ イタリアン EAST 百名店 2021,https://tabelog.com/kanagawa/A1401/A140103/14045913/,https://www.google.com/maps/search/?api=1&query=%E3%83%AA%E3%82%B9%E3%83%88%E3%83%A9%E3%83%B3%E3%83%86%E3%80%80%E3%82%A6%E3%83%9F%E3%83%AA%E3%82%A2%20%E7%A5%9E%E5%A5%88%E5%B7%9D%E7%9C%8C%E6%A8%AA%E6%B5%9C%E5%B8%82%E8%A5%BF%E5%8C%BA%E3%81%BF%E3%81%AA%E3%81%A8%E3%81%BF%E3%82%89%E3%81%844-6-2%20%E3%82%B0%E3%83%A9%E3%83%B3%E3%83%89%E3%82%BB%E3%83%B3%E3%83%88%E3%83%A9%E3%83%AB%E3%82%BF%E3%83%AF%E3%83%BC%20%EF%BC%92F,2021,イタリアン EAST,italian_east,発表日：2021年3月8日
カステッロ,千葉県佐倉市臼井1567-2,食べログ イタリアン EAST 百名店 2021,https://tabelog.com/chiba/A1204/A120402/12000104/,https://www.google.com/maps/search/?api=1&query=%E3%82%AB%E3%82%B9%E3%83%86%E3%83%83%E3%83%AD%20%E5%8D%83%E8%91%89%E7%9C%8C%E4%BD%90%E5%80%89%E5%B8%82%E8%87%BC%E4%BA%951567-2,2021,イタリアン EAST,italian_east,発表日：2021年3月8日
プレゼンテ スギ,千葉県佐倉市白銀2-3-6,食べログ イタリアン EAST 百名店 2021,https://tabelog.com/chiba/A1204/A120402/12038574/,https://www.google.com/maps/search/?api=1&query=%E3%83%97%E3%83%AC%E3%82%BC%E3%83%B3%E3%83%86%20%E3%82%B9%E3%82%AE%20%E5%8D%83%E8%91%89%E7%9C%8C%E4%BD%90%E5%80%89%E5%B8%82%E7%99%BD%E9%8A%802-3-6,2021,イタリアン EAST,italian_east,発表日：2021年3月8日
イタリアン オット,埼玉県所沢市日吉町10-18 2F,食べログ イタリアン EAST 百名店 2021,https://tabelog.com/saitama/A1106/A110601/11026106/,https://www.google.com/maps/search/?api=1&query=%E3%82%A4%E3%82%BF%E3%83%AA%E3%82%A2%E3%83%B3%20%E3%82%AA%E3%83%83%E3%83%88%20%E5%9F%BC%E7%8E%89%E7%9C%8C%E6%89%80%E6%B2%A2%E5%B8%82%E6%97%A5%E5%90%89%E7%94%BA10-18%202F,2021,イタリアン EAST,italian_east,発表日：2021年3月8日
トラットリア ダル・ビルバンテ・ジョコンド,東京都港区白金台3-18-1 1F,食べログ イタリアン TOKYO 百名店 2021,https://tabelog.com/tokyo/A1316/A131601/13151005/,https://www.google.com/maps/search/?api=1&query=%E3%83%88%E3%83%A9%E3%83%83%E3%83%88%E3%83%AA%E3%82%A2%20%E3%83%80%E3%83%AB%E3%83%BB%E3%83%93%E3%83%AB%E3%83%90%E3%83%B3%E3%83%86%E3%83%BB%E3%82%B8%E3%83%A7%E3%82%B3%E3%83%B3%E3%83%89%20%E6%9D%B1%E4%BA%AC%E9%83%BD%E6%B8%AF%E5%8C%BA%E7%99%BD%E9%87%91%E5%8F%B03-18-1%201F,2021,イタリアン TOKYO,italian_tokyo,発表日：2021年3月8日
リストランテ･ヒロ チェントロ 丸ビル店,東京都千代田区丸の内2-4-1 丸の内ビルディング 35F,食べログ イタリアン TOKYO 百名店 2021,https://tabelog.com/tokyo/A1302/A130201/13004069/,https://www.google.com/maps/search/?api=1&query=%E3%83%AA%E3%82%B9%E3%83%88%E3%83%A9%E3%83%B3%E3%83%86%EF%BD%A5%E3%83%92%E3%83%AD%20%E3%83%81%E3%82%A7%E3%83%B3%E3%83%88%E3%83%AD%20%E4%B8%B8%E3%83%93%E3%83%AB%E5%BA%97%20%E6%9D%B1%E4%BA%AC%E9%83%BD%E5%8D%83%E4%BB%A3%E7%94%B0%E5%8C%BA%E4%B8%B8%E3%81%AE%E5%86%852-4-1%20%E4%B8%B8%E3%81%AE%E5%86%85%E3%83%93%E3%83%AB%E3%83%87%E3%82%A3%E3%83%B3%E3%82%B0%2035F,2021,イタリアン TOKYO,italian_tokyo,発表日：2021年3月8日
トラットリア グランボッカ,東京都千代田区富士見2-10-2 飯田橋グラン・ブルーム サクラテラス 2F,食べログ イタリアン TOKYO 百名店 2021,https://tabelog.com/tokyo/A1309/A130905/13173167/,https://www.google.com/maps/search/?api=1&query=%E3%83%88%E3%83%A9%E3%83%83%E3%83%88%E3%83%AA%E3%82%A2%20%E3%82%B0%E3%83%A9%E3%83%B3%E3%83%9C%E3%83%83%E3%82%AB%20%E6%9D%B1%E4%BA%AC%E9%83%BD%E5%8D%83%E4%BB%A3%E7%94%B0%E5%8C%BA%E5%AF%8C%E5%A3%AB%E8%A6%8B2-10-2%20%E9%A3%AF%E7%94%B0%E6%A9%8B%E3%82%B0%E3%83%A9%E3%83%B3%E3%83%BB%E3%83%96%E3%83%AB%E3%83%BC%E3%83%A0%20%E3%82%B5%E3%82%AF%E3%83%A9%E3%83%86%E3%83%A9%E3%82%B9%202F,2021,イタリアン TOKYO,italian_tokyo,発表日：2021年3月8日
アロマクラシコ,東京都港区港南2-16-3 品川グランドセントラルタワー 1F,食べログ イタリアン TOKYO 百名店 2021,https://tabelog.com/tokyo/A1314/A131403/13005730/,https://www.google.com/maps/search/?api=1&query=%E3%82%A2%E3%83%AD%E3%83%9E%E3%82%AF%E3%83%A9%E3%82%B7%E3%82%B3%20%E6%9D%B1%E4%BA%AC%E9%83%BD%E6%B8%AF%E5%8C%BA%E6%B8%AF%E5%8D%972-16-3%20%E5%93%81%E5%B7%9D%E3%82%B0%E3%83%A9%E3%83%B3%E3%83%89%E3%82%BB%E3%83%B3%E3%83%88%E3%83%A9%E3%83%AB%E3%82%BF%E3%83%AF%E3%83%BC%201F,2021,イタリアン TOKYO,italian_tokyo,発表日：2021年3月8日
カーザ ヴィニタリア,東京都港区南麻布1-7-31 Ｍ　ＴＯＷＥＲ　2Ｆ,食べログ イタリアン TOKYO 百名店 2021,https://tabelog.com/tokyo/A1307/A130702/13010456/,https://www.google.com/maps/search/?api=1&query=%E3%82%AB%E3%83%BC%E3%82%B6%20%E3%83%B4%E3%82%A3%E3%83%8B%E3%82%BF%E3%83%AA%E3%82%A2%20%E6%9D%B1%E4%BA%AC%E9%83%BD%E6%B8%AF%E5%8C%BA%E5%8D%97%E9%BA%BB%E5%B8%831-7-31%20%EF%BC%AD%E3%80%80%EF%BC%B4%EF%BC%AF%EF%BC%B7%EF%BC%A5%EF%BC%B2%E3%80%802%EF%BC%A6,2021,イタリアン TOKYO,italian_tokyo,発表日：2021年3月8日
SALONE TOKYO,東京都千代田区有楽町1-1-2 東京ミッドタウン日比谷 3F,食べログ イタリアン TOKYO 百名店 2021,https://tabelog.com/tokyo/A1301/A130102/13218266/,https://www.google.com/maps/search/?api=1&query=SALONE%20TOKYO%20%E6%9D%B1%E4%BA%AC%E9%83%BD%E5%8D%83%E4%BB%A3%E7%94%B0%E5%8C%BA%E6%9C%89%E6%A5%BD%E7%94%BA1-1-2%20%E6%9D%B1%E4%BA%AC%E3%83%9F%E3%83%83%E3%83%89%E3%82%BF%E3%82%A6%E3%83%B3%E6%97%A5%E6%AF%94%E8%B0%B7%203F,2021,イタリアン TOKYO,italian_tokyo,発表日：2021年3月8日
マジカメンテ,東京都渋谷区恵比寿3-41-9 恵比寿台ハイツ 1F,食べログ イタリアン TOKYO 百名店 2021,https://tabelog.com/tokyo/A1303/A130302/13121950/,https://www.google.com/maps/search/?api=1&query=%E3%83%9E%E3%82%B8%E3%82%AB%E3%83%A1%E3%83%B3%E3%83%86%20%E6%9D%B1%E4%BA%AC%E9%83%BD%E6%B8%8B%E8%B0%B7%E5%8C%BA%E6%81%B5%E6%AF%94%E5%AF%BF3-41-9%20%E6%81%B5%E6%AF%94%E5%AF%BF%E5%8F%B0%E3%83%8F%E3%82%A4%E3%83%84%201F,2021,イタリアン TOKYO,italian_tokyo,発表日：2021年3月8日
ポンテ デル ピアット,東京都渋谷区広尾5-19-7 協和ビル 1F,食べログ イタリアン TOKYO 百名店 2021,https://tabelog.com/tokyo/A1307/A130703/13166111/,https://www.google.com/maps/search/?api=1&query=%E3%83%9D%E3%83%B3%E3%83%86%20%E3%83%87%E3%83%AB%20%E3%83%94%E3%82%A2%E3%83%83%E3%83%88%20%E6%9D%B1%E4%BA%AC%E9%83%BD%E6%B8%8B%E8%B0%B7%E5%8C%BA%E5%BA%83%E5%B0%BE5-19-7%20%E5%8D%94%E5%92%8C%E3%83%93%E3%83%AB%201F,2021,イタリアン TOKYO,italian_tokyo,発表日：2021年3月8日
トラットリア・築地パラディーゾ,東京都中央区築地6-27-3,食べログ イタリアン TOKYO 百名店 2021,https://tabelog.com/tokyo/A1313/A131301/13132422/,https://www.google.com/maps/search/?api=1&query=%E3%83%88%E3%83%A9%E3%83%83%E3%83%88%E3%83%AA%E3%82%A2%E3%83%BB%E7%AF%89%E5%9C%B0%E3%83%91%E3%83%A9%E3%83%87%E3%82%A3%E3%83%BC%E3%82%BE%20%E6%9D%B1%E4%BA%AC%E9%83%BD%E4%B8%AD%E5%A4%AE%E5%8C%BA%E7%AF%89%E5%9C%B06-27-3,2021,イタリアン TOKYO,italian_tokyo,発表日：2021年3月8日
S'ACCAPAU,東京都港区西麻布1-12-4 nishiazabu1124ビル B1F,食べログ イタリアン TOKYO 百名店 2021,https://tabelog.com/tokyo/A1307/A130701/13195700/,https://www.google.com/maps/search/?api=1&query=S%27ACCAPAU%20%E6%9D%B1%E4%BA%AC%E9%83%BD%E6%B8%AF%E5%8C%BA%E8%A5%BF%E9%BA%BB%E5%B8%831-12-4%20nishiazabu1124%E3%83%93%E3%83%AB%20B1F,2021,イタリアン TOKYO,italian_tokyo,発表日：2021年3月8日
ダルマット 恵比寿店,東京都渋谷区恵比寿西2-7-8 Ｓリトリート　 １Ｆ・Ｂ１Ｆ,食べログ イタリアン TOKYO 百名店 2021,https://tabelog.com/tokyo/A1303/A130302/13022514/,https://www.google.com/maps/search/?api=1&query=%E3%83%80%E3%83%AB%E3%83%9E%E3%83%83%E3%83%88%20%E6%81%B5%E6%AF%94%E5%AF%BF%E5%BA%97%20%E6%9D%B1%E4%BA%AC%E9%83%BD%E6%B8%8B%E8%B0%B7%E5%8C%BA%E6%81%B5%E6%AF%94%E5%AF%BF%E8%A5%BF2-7-8%20%EF%BC%B3%E3%83%AA%E3%83%88%E3%83%AA%E3%83%BC%E3%83%88%E3%80%80%20%EF%BC%91%EF%BC%A6%E3%83%BB%EF%BC%A2%EF%BC%91%EF%BC%A6,2021,イタリアン TOKYO,italian_tokyo,発表日：2021年3月8日
トラットリア タンタボッカ,東京都渋谷区千駄ヶ谷4-5-1 ニュー外苑ハイツ 1F,食べログ イタリアン TOKYO 百名店 2021,https://tabelog.com/tokyo/A1304/A130403/13058484/,https://www.google.com/maps/search/?api=1&query=%E3%83%88%E3%83%A9%E3%83%83%E3%83%88%E3%83%AA%E3%82%A2%20%E3%82%BF%E3%83%B3%E3%82%BF%E3%83%9C%E3%83%83%E3%82%AB%20%E6%9D%B1%E4%BA%AC%E9%83%BD%E6%B8%8B%E8%B0%B7%E5%8C%BA%E5%8D%83%E9%A7%84%E3%83%B6%E8%B0%B74-5-1%20%E3%83%8B%E3%83%A5%E3%83%BC%E5%A4%96%E8%8B%91%E3%83%8F%E3%82%A4%E3%83%84%201F,2021,イタリアン TOKYO,italian_tokyo,発表日：2021年3月8日
リストランテ ラ チャウ,東京都港区芝浦2-16-7 中野第3ビル B1F,食べログ イタリアン TOKYO 百名店 2021,https://tabelog.com/tokyo/A1314/A131402/13044737/,https://www.google.com/maps/search/?api=1&query=%E3%83%AA%E3%82%B9%E3%83%88%E3%83%A9%E3%83%B3%E3%83%86%20%E3%83%A9%20%E3%83%81%E3%83%A3%E3%82%A6%20%E6%9D%B1%E4%BA%AC%E9%83%BD%E6%B8%AF%E5%8C%BA%E8%8A%9D%E6%B5%A62-16-7%20%E4%B8%AD%E9%87%8E%E7%AC%AC3%E3%83%93%E3%83%AB%20B1F,2021,イタリアン TOKYO,italian_tokyo,発表日：2021年3月8日
フィオッキ,東京都世田谷区祖師谷3-4-9 松紀ビル　１Ｆ,食べログ イタリアン TOKYO 百名店 2021,https://tabelog.com/tokyo/A1318/A131814/13003427/,https://www.google.com/maps/search/?api=1&query=%E3%83%95%E3%82%A3%E3%82%AA%E3%83%83%E3%82%AD%20%E6%9D%B1%E4%BA%AC%E9%83%BD%E4%B8%96%E7%94%B0%E8%B0%B7%E5%8C%BA%E7%A5%96%E5%B8%AB%E8%B0%B73-4-9%20%E6%9D%BE%E7%B4%80%E3%83%93%E3%83%AB%E3%80%80%EF%BC%91%EF%BC%A6,2021,イタリアン TOKYO,italian_tokyo,発表日：2021年3月8日
アントニオ 南青山本店,東京都港区南青山7-3-6 南青山HYビル 1F,食べログ イタリアン TOKYO 百名店 2021,https://tabelog.com/tokyo/A1306/A130602/13003490/,https://www.google.com/maps/search/?api=1&query=%E3%82%A2%E3%83%B3%E3%83%88%E3%83%8B%E3%82%AA%20%E5%8D%97%E9%9D%92%E5%B1%B1%E6%9C%AC%E5%BA%97%20%E6%9D%B1%E4%BA%AC%E9%83%BD%E6%B8%AF%E5%8C%BA%E5%8D%97%E9%9D%92%E5%B1%B17-3-6%20%E5%8D%97%E9%9D%92%E5%B1%B1HY%E3%83%93%E3%83%AB%201F,2021,イタリアン TOKYO,italian_tokyo,発表日：2021年3月8日
ダペピ,東京都文京区千石4-25-6 荒井マンション 101,食べログ イタリアン TOKYO 百名店 2021,https://tabelog.com/tokyo/A1323/A132301/13124157/,https://www.google.com/maps/search/?api=1&query=%E3%83%80%E3%83%9A%E3%83%94%20%E6%9D%B1%E4%BA%AC%E9%83%BD%E6%96%87%E4%BA%AC%E5%8C%BA%E5%8D%83%E7%9F%B34-25-6%20%E8%8D%92%E4%BA%95%E3%83%9E%E3%83%B3%E3%82%B7%E3%83%A7%E3%83%B3%20101,2021,イタリアン TOKYO,italian_tokyo,発表日：2021年3月8日
イル ルポーネ,東京都目黒区中目黒2-10-19 １Ｆ,食べログ イタリアン TOKYO 百名店 2021,https://tabelog.com/tokyo/A1317/A131701/13021093/,https://www.google.com/maps/search/?api=1&query=%E3%82%A4%E3%83%AB%20%E3%83%AB%E3%83%9D%E3%83%BC%E3%83%8D%20%E6%9D%B1%E4%BA%AC%E9%83%BD%E7%9B%AE%E9%BB%92%E5%8C%BA%E4%B8%AD%E7%9B%AE%E9%BB%922-10-19%20%EF%BC%91%EF%BC%A6,2021,イタリアン TOKYO,italian_tokyo,発表日：2021年3月8日
クチーナ ヒラタ,東京都港区麻布十番2-13-10 エンドウビル　３Ｆ,食べログ イタリアン TOKYO 百名店 2021,https://tabelog.com/tokyo/A1307/A130702/13001690/,https://www.google.com/maps/search/?api=1&query=%E3%82%AF%E3%83%81%E3%83%BC%E3%83%8A%20%E3%83%92%E3%83%A9%E3%82%BF%20%E6%9D%B1%E4%BA%AC%E9%83%BD%E6%B8%AF%E5%8C%BA%E9%BA%BB%E5%B8%83%E5%8D%81%E7%95%AA2-13-10%20%E3%82%A8%E3%83%B3%E3%83%89%E3%82%A6%E3%83%93%E3%83%AB%E3%80%80%EF%BC%93%EF%BC%A6,2021,イタリアン TOKYO,italian_tokyo,発表日：2021年3月8日
リナシメント,東京都目黒区下目黒2-23-2 1F,食べログ イタリアン TOKYO 百名店 2021,https://tabelog.com/tokyo/A1317/A131701/13201061/,https://www.google.com/maps/search/?api=1&query=%E3%83%AA%E3%83%8A%E3%82%B7%E3%83%A1%E3%83%B3%E3%83%88%20%E6%9D%B1%E4%BA%AC%E9%83%BD%E7%9B%AE%E9%BB%92%E5%8C%BA%E4%B8%8B%E7%9B%AE%E9%BB%922-23-2%201F,2021,イタリアン TOKYO,italian_tokyo,発表日：2021年3月8日
リストランティーノ ルベロ,東京都品川区上大崎3-5-18,食べログ イタリアン TOKYO 百名店 2021,https://tabelog.com/tokyo/A1316/A131601/13045711/,https://www.google.com/maps/search/?api=1&query=%E3%83%AA%E3%82%B9%E3%83%88%E3%83%A9%E3%83%B3%E3%83%86%E3%82%A3%E3%83%BC%E3%83%8E%20%E3%83%AB%E3%83%99%E3%83%AD%20%E6%9D%B1%E4%BA%AC%E9%83%BD%E5%93%81%E5%B7%9D%E5%8C%BA%E4%B8%8A%E5%A4%A7%E5%B4%8E3-5-18,2021,イタリアン TOKYO,italian_tokyo,発表日：2021年3月8日
ARMONICO,東京都渋谷区代官山町12-16 シンフォニー代官山 102,食べログ イタリアン TOKYO 百名店 2021,https://tabelog.com/tokyo/A1303/A130303/13156479/,https://www.google.com/maps/search/?api=1&query=ARMONICO%20%E6%9D%B1%E4%BA%AC%E9%83%BD%E6%B8%8B%E8%B0%B7%E5%8C%BA%E4%BB%A3%E5%AE%98%E5%B1%B1%E7%94%BA12-16%20%E3%82%B7%E3%83%B3%E3%83%95%E3%82%A9%E3%83%8B%E3%83%BC%E4%BB%A3%E5%AE%98%E5%B1%B1%20102,2021,イタリアン TOKYO,italian_tokyo,発表日：2021年3月8日
リストランテ ペガソ,東京都港区南青山7-12-12 ムジカーサ南青山 1F,食べログ イタリアン TOKYO 百名店 2021,https://tabelog.com/tokyo/A1307/A130703/13152248/,https://www.google.com/maps/search/?api=1&query=%E3%83%AA%E3%82%B9%E3%83%88%E3%83%A9%E3%83%B3%E3%83%86%20%E3%83%9A%E3%82%AC%E3%82%BD%20%E6%9D%B1%E4%BA%AC%E9%83%BD%E6%B8%AF%E5%8C%BA%E5%8D%97%E9%9D%92%E5%B1%B17-12-12%20%E3%83%A0%E3%82%B8%E3%82%AB%E3%83%BC%E3%82%B5%E5%8D%97%E9%9D%92%E5%B1%B1%201F,2021,イタリアン TOKYO,italian_tokyo,発表日：2021年3月8日
ラ・ベットラ・ダ・オチアイ,東京都中央区銀座1-21-2,食べログ イタリアン TOKYO 百名店 2021,https://tabelog.com/tokyo/A1313/A131301/13002504/,https://www.google.com/maps/search/?api=1&query=%E3%83%A9%E3%83%BB%E3%83%99%E3%83%83%E3%83%88%E3%83%A9%E3%83%BB%E3%83%80%E3%83%BB%E3%82%AA%E3%83%81%E3%82%A2%E3%82%A4%20%E6%9D%B1%E4%BA%AC%E9%83%BD%E4%B8%AD%E5%A4%AE%E5%8C%BA%E9%8A%80%E5%BA%A71-21-2,2021,イタリアン TOKYO,italian_tokyo,発表日：2021年3月8日
代官山ASO チェレステ 二子玉川店,東京都世田谷区玉川3-17-1 玉川タカシマヤ 11F,食べログ イタリアン TOKYO 百名店 2021,https://tabelog.com/tokyo/A1317/A131708/13005519/,https://www.google.com/maps/search/?api=1&query=%E4%BB%A3%E5%AE%98%E5%B1%B1ASO%20%E3%83%81%E3%82%A7%E3%83%AC%E3%82%B9%E3%83%86%20%E4%BA%8C%E5%AD%90%E7%8E%89%E5%B7%9D%E5%BA%97%20%E6%9D%B1%E4%BA%AC%E9%83%BD%E4%B8%96%E7%94%B0%E8%B0%B7%E5%8C%BA%E7%8E%89%E5%B7%9D3-17-1%20%E7%8E%89%E5%B7%9D%E3%82%BF%E3%82%AB%E3%82%B7%E3%83%9E%E3%83%A4%2011F,2021,イタリアン TOKYO,italian_tokyo,発表日：2021年3月8日
Shin Harada,東京都中央区銀座2-6-5 GINZA TRECIOUS 12F,食べログ イタリアン TOKYO 百名店 2021,https://tabelog.com/tokyo/A1301/A130101/13129298/,https://www.google.com/maps/search/?api=1&query=Shin%20Harada%20%E6%9D%B1%E4%BA%AC%E9%83%BD%E4%B8%AD%E5%A4%AE%E5%8C%BA%E9%8A%80%E5%BA%A72-6-5%20GINZA%20TRECIOUS%2012F,2021,イタリアン TOKYO,italian_tokyo,発表日：2021年3月8日
草片,東京都港区西麻布4-4-16 NISHIAZABU4416 B1F,食べログ イタリアン TOKYO 百名店 2021,https://tabelog.com/tokyo/A1307/A130703/13191105/,https://www.google.com/maps/search/?api=1&query=%E8%8D%89%E7%89%87%20%E6%9D%B1%E4%BA%AC%E9%83%BD%E6%B8%AF%E5%8C%BA%E8%A5%BF%E9%BA%BB%E5%B8%834-4-16%20NISHIAZABU4416%20B1F,2021,イタリアン TOKYO,italian_tokyo,発表日：2021年3月8日
タロス,東京都渋谷区道玄坂1-5-2 渋谷ＳＥＤＥビル　１Ｆ,食べログ イタリアン TOKYO 百名店 2021,https://tabelog.com/tokyo/A1303/A130301/13046432/,https://www.google.com/maps/search/?api=1&query=%E3%82%BF%E3%83%AD%E3%82%B9%20%E6%9D%B1%E4%BA%AC%E9%83%BD%E6%B8%8B%E8%B0%B7%E5%8C%BA%E9%81%93%E7%8E%84%E5%9D%821-5-2%20%E6%B8%8B%E8%B0%B7%EF%BC%B3%EF%BC%A5%EF%BC%A4%EF%BC%A5%E3%83%93%E3%83%AB%E3%80%80%EF%BC%91%EF%BC%A6,2021,イタリアン TOKYO,italian_tokyo,発表日：2021年3月8日
La Brianza,東京都港区六本木6-12-3 六本木ヒルズけやき坂通り 六本木ヒルズレジデンスＣ棟 3F,食べログ イタリアン TOKYO 百名店 2021,https://tabelog.com/tokyo/A1307/A130701/13194346/,https://www.google.com/maps/search/?api=1&query=La%20Brianza%20%E6%9D%B1%E4%BA%AC%E9%83%BD%E6%B8%AF%E5%8C%BA%E5%85%AD%E6%9C%AC%E6%9C%A86-12-3%20%E5%85%AD%E6%9C%AC%E6%9C%A8%E3%83%92%E3%83%AB%E3%82%BA%E3%81%91%E3%82%84%E3%81%8D%E5%9D%82%E9%80%9A%E3%82%8A%20%E5%85%AD%E6%9C%AC%E6%9C%A8%E3%83%92%E3%83%AB%E3%82%BA%E3%83%AC%E3%82%B8%E3%83%87%E3%83%B3%E3%82%B9%EF%BC%A3%E6%A3%9F%203F,2021,イタリアン TOKYO,italian_tokyo,発表日：2021年3月8日
プリンチピオ,東京都港区麻布十番2-4-8 麻布十番舘 2F,食べログ イタリアン TOKYO 百名店 2021,https://tabelog.com/tokyo/A1307/A130702/13144481/,https://www.google.com/maps/search/?api=1&query=%E3%83%97%E3%83%AA%E3%83%B3%E3%83%81%E3%83%94%E3%82%AA%20%E6%9D%B1%E4%BA%AC%E9%83%BD%E6%B8%AF%E5%8C%BA%E9%BA%BB%E5%B8%83%E5%8D%81%E7%95%AA2-4-8%20%E9%BA%BB%E5%B8%83%E5%8D%81%E7%95%AA%E8%88%98%202F,2021,イタリアン TOKYO,italian_tokyo,発表日：2021年3月8日
ヴァッカロッサ,東京都港区赤坂6-4-11 ドミエメロード 1F,食べログ イタリアン TOKYO 百名店 2021,https://tabelog.com/tokyo/A1308/A130801/13156942/,https://www.google.com/maps/search/?api=1&query=%E3%83%B4%E3%82%A1%E3%83%83%E3%82%AB%E3%83%AD%E3%83%83%E3%82%B5%20%E6%9D%B1%E4%BA%AC%E9%83%BD%E6%B8%AF%E5%8C%BA%E8%B5%A4%E5%9D%826-4-11%20%E3%83%89%E3%83%9F%E3%82%A8%E3%83%A1%E3%83%AD%E3%83%BC%E3%83%89%201F,2021,イタリアン TOKYO,italian_tokyo,発表日：2021年3月8日
ダルマット 西麻布本店,東京都港区西麻布1-10-8 第２大晃ビル　Ｂ１Ｆ,食べログ イタリアン TOKYO 百名店 2021,https://tabelog.com/tokyo/A1307/A130701/13016614/,https://www.google.com/maps/search/?api=1&query=%E3%83%80%E3%83%AB%E3%83%9E%E3%83%83%E3%83%88%20%E8%A5%BF%E9%BA%BB%E5%B8%83%E6%9C%AC%E5%BA%97%20%E6%9D%B1%E4%BA%AC%E9%83%BD%E6%B8%AF%E5%8C%BA%E8%A5%BF%E9%BA%BB%E5%B8%831-10-8%20%E7%AC%AC%EF%BC%92%E5%A4%A7%E6%99%83%E3%83%93%E3%83%AB%E3%80%80%EF%BC%A2%EF%BC%91%EF%BC%A6,2021,イタリアン TOKYO,italian_tokyo,発表日：2021年3月8日
ヴィンチェロ,東京都新宿区新宿5-1-13 ＭＯＡビル 1F,食べログ イタリアン TOKYO 百名店 2021,https://tabelog.com/tokyo/A1304/A130402/13004299/,https://www.google.com/maps/search/?api=1&query=%E3%83%B4%E3%82%A3%E3%83%B3%E3%83%81%E3%82%A7%E3%83%AD%20%E6%9D%B1%E4%BA%AC%E9%83%BD%E6%96%B0%E5%AE%BF%E5%8C%BA%E6%96%B0%E5%AE%BF5-1-13%20%EF%BC%AD%EF%BC%AF%EF%BC%A1%E3%83%93%E3%83%AB%201F,2021,イタリアン TOKYO,italian_tokyo,発表日：2021年3月8日
unito,東京都目黒区青葉台1-23-3 青葉台東和ビル　2Ｆ,食べログ イタリアン TOKYO 百名店 2021,https://tabelog.com/tokyo/A1317/A131701/13020531/,https://www.google.com/maps/search/?api=1&query=unito%20%E6%9D%B1%E4%BA%AC%E9%83%BD%E7%9B%AE%E9%BB%92%E5%8C%BA%E9%9D%92%E8%91%89%E5%8F%B01-23-3%20%E9%9D%92%E8%91%89%E5%8F%B0%E6%9D%B1%E5%92%8C%E3%83%93%E3%83%AB%E3%80%802%EF%BC%A6,2021,イタリアン TOKYO,italian_tokyo,発表日：2021年3月8日
イル ギオットーネ 丸の内店,東京都千代田区丸の内2-7-3 東京ビルTOKIA 1F,食べログ イタリアン TOKYO 百名店 2021,https://tabelog.com/tokyo/A1302/A130201/13020096/,https://www.google.com/maps/search/?api=1&query=%E3%82%A4%E3%83%AB%20%E3%82%AE%E3%82%AA%E3%83%83%E3%83%88%E3%83%BC%E3%83%8D%20%E4%B8%B8%E3%81%AE%E5%86%85%E5%BA%97%20%E6%9D%B1%E4%BA%AC%E9%83%BD%E5%8D%83%E4%BB%A3%E7%94%B0%E5%8C%BA%E4%B8%B8%E3%81%AE%E5%86%852-7-3%20%E6%9D%B1%E4%BA%AC%E3%83%93%E3%83%ABTOKIA%201F,2021,イタリアン TOKYO,italian_tokyo,発表日：2021年3月8日
イタリア料理 フィオレンツァ,東京都中央区京橋3-3-11 ボルト京橋 1F,食べログ イタリアン TOKYO 百名店 2021,https://tabelog.com/tokyo/A1301/A130101/13043356/,https://www.google.com/maps/search/?api=1&query=%E3%82%A4%E3%82%BF%E3%83%AA%E3%82%A2%E6%96%99%E7%90%86%20%E3%83%95%E3%82%A3%E3%82%AA%E3%83%AC%E3%83%B3%E3%83%84%E3%82%A1%20%E6%9D%B1%E4%BA%AC%E9%83%BD%E4%B8%AD%E5%A4%AE%E5%8C%BA%E4%BA%AC%E6%A9%8B3-3-11%20%E3%83%9C%E3%83%AB%E3%83%88%E4%BA%AC%E6%A9%8B%201F,2021,イタリアン TOKYO,italian_tokyo,発表日：2021年3月8日
ヴォーロ・コズィ,東京都文京区白山4-37-22,食べログ イタリアン TOKYO 百名店 2021,https://tabelog.com/tokyo/A1323/A132301/13024116/,https://www.google.com/maps/search/?api=1&query=%E3%83%B4%E3%82%A9%E3%83%BC%E3%83%AD%E3%83%BB%E3%82%B3%E3%82%BA%E3%82%A3%20%E6%9D%B1%E4%BA%AC%E9%83%BD%E6%96%87%E4%BA%AC%E5%8C%BA%E7%99%BD%E5%B1%B14-37-22,2021,イタリアン TOKYO,italian_tokyo,発表日：2021年3月8日
リストランテ ダ ニーノ,東京都港区南青山1-15-19 グランドメゾン乃木坂 1F,食べログ イタリアン TOKYO 百名店 2021,https://tabelog.com/tokyo/A1307/A130701/13023972/,https://www.google.com/maps/search/?api=1&query=%E3%83%AA%E3%82%B9%E3%83%88%E3%83%A9%E3%83%B3%E3%83%86%20%E3%83%80%20%E3%83%8B%E3%83%BC%E3%83%8E%20%E6%9D%B1%E4%BA%AC%E9%83%BD%E6%B8%AF%E5%8C%BA%E5%8D%97%E9%9D%92%E5%B1%B11-15-19%20%E3%82%B0%E3%83%A9%E3%83%B3%E3%83%89%E3%83%A1%E3%82%BE%E3%83%B3%E4%B9%83%E6%9C%A8%E5%9D%82%201F,2021,イタリアン TOKYO,italian_tokyo,発表日：2021年3月8日
ICARO miyamoto,東京都目黒区上目黒2-44-24 ＣＯＭＳ中目黒　4Ｆ,食べログ イタリアン TOKYO 百名店 2021,https://tabelog.com/tokyo/A1317/A131701/13050216/,https://www.google.com/maps/search/?api=1&query=ICARO%20miyamoto%20%E6%9D%B1%E4%BA%AC%E9%83%BD%E7%9B%AE%E9%BB%92%E5%8C%BA%E4%B8%8A%E7%9B%AE%E9%BB%922-44-24%20%EF%BC%A3%EF%BC%AF%EF%BC%AD%EF%BC%B3%E4%B8%AD%E7%9B%AE%E9%BB%92%E3%80%804%EF%BC%A6,2021,イタリアン TOKYO,italian_tokyo,発表日：2021年3月8日
mondo,東京都目黒区自由が丘3-13-11,食べログ イタリアン TOKYO 百名店 2021,https://tabelog.com/tokyo/A1317/A131703/13054007/,https://www.google.com/maps/search/?api=1&query=mondo%20%E6%9D%B1%E4%BA%AC%E9%83%BD%E7%9B%AE%E9%BB%92%E5%8C%BA%E8%87%AA%E7%94%B1%E3%81%8C%E4%B8%983-13-11,2021,イタリアン TOKYO,italian_tokyo,発表日：2021年3月8日
ALTER EGO,東京都千代田区神田神保町2-2-32,食べログ イタリアン TOKYO 百名店 2021,https://tabelog.com/tokyo/A1310/A131003/13231135/,https://www.google.com/maps/search/?api=1&query=ALTER%20EGO%20%E6%9D%B1%E4%BA%AC%E9%83%BD%E5%8D%83%E4%BB%A3%E7%94%B0%E5%8C%BA%E7%A5%9E%E7%94%B0%E7%A5%9E%E4%BF%9D%E7%94%BA2-2-32,2021,イタリアン TOKYO,italian_tokyo,発表日：2021年3月8日
リストランテ ラ・バリック トウキョウ,東京都文京区水道2-12-2,食べログ イタリアン TOKYO 百名店 2021,https://tabelog.com/tokyo/A1309/A130905/13044652/,https://www.google.com/maps/search/?api=1&query=%E3%83%AA%E3%82%B9%E3%83%88%E3%83%A9%E3%83%B3%E3%83%86%20%E3%83%A9%E3%83%BB%E3%83%90%E3%83%AA%E3%83%83%E3%82%AF%20%E3%83%88%E3%82%A6%E3%82%AD%E3%83%A7%E3%82%A6%20%E6%9D%B1%E4%BA%AC%E9%83%BD%E6%96%87%E4%BA%AC%E5%8C%BA%E6%B0%B4%E9%81%932-12-2,2021,イタリアン TOKYO,italian_tokyo,発表日：2021年3月8日
リストランテ･ヒロ  青山,東京都港区南青山5-5-25 Ｔ－ＰＬＡＣＥ　Ｂ１Ｆ,食べログ イタリアン TOKYO 百名店 2021,https://tabelog.com/tokyo/A1306/A130602/13002025/,https://www.google.com/maps/search/?api=1&query=%E3%83%AA%E3%82%B9%E3%83%88%E3%83%A9%E3%83%B3%E3%83%86%EF%BD%A5%E3%83%92%E3%83%AD%20%20%E9%9D%92%E5%B1%B1%20%E6%9D%B1%E4%BA%AC%E9%83%BD%E6%B8%AF%E5%8C%BA%E5%8D%97%E9%9D%92%E5%B1%B15-5-25%20%EF%BC%B4%EF%BC%8D%EF%BC%B0%EF%BC%AC%EF%BC%A1%EF%BC%A3%EF%BC%A5%E3%80%80%EF%BC%A2%EF%BC%91%EF%BC%A6,2021,イタリアン TOKYO,italian_tokyo,発表日：2021年3月8日
VIA Brianza,東京都港区麻布十番2-17-8 パークＩビル 1Ｆ,食べログ イタリアン TOKYO 百名店 2021,https://tabelog.com/tokyo/A1307/A130702/13004549/,https://www.google.com/maps/search/?api=1&query=VIA%20Brianza%20%E6%9D%B1%E4%BA%AC%E9%83%BD%E6%B8%AF%E5%8C%BA%E9%BA%BB%E5%B8%83%E5%8D%81%E7%95%AA2-17-8%20%E3%83%91%E3%83%BC%E3%82%AF%EF%BC%A9%E3%83%93%E3%83%AB%201%EF%BC%A6,2021,イタリアン TOKYO,italian_tokyo,発表日：2021年3月8日
チニャーレエノテカ,東京都目黒区駒場1-5-11,食べログ イタリアン TOKYO 百名店 2021,https://tabelog.com/tokyo/A1318/A131801/13189915/,https://www.google.com/maps/search/?api=1&query=%E3%83%81%E3%83%8B%E3%83%A3%E3%83%BC%E3%83%AC%E3%82%A8%E3%83%8E%E3%83%86%E3%82%AB%20%E6%9D%B1%E4%BA%AC%E9%83%BD%E7%9B%AE%E9%BB%92%E5%8C%BA%E9%A7%92%E5%A0%B41-5-11,2021,イタリアン TOKYO,italian_tokyo,発表日：2021年3月8日
サーラ アマービレ,東京都中央区銀座2-6-5 銀座トレシャス 12F,食べログ イタリアン TOKYO 百名店 2021,https://tabelog.com/tokyo/A1301/A130101/13113809/,https://www.google.com/maps/search/?api=1&query=%E3%82%B5%E3%83%BC%E3%83%A9%20%E3%82%A2%E3%83%9E%E3%83%BC%E3%83%93%E3%83%AC%20%E6%9D%B1%E4%BA%AC%E9%83%BD%E4%B8%AD%E5%A4%AE%E5%8C%BA%E9%8A%80%E5%BA%A72-6-5%20%E9%8A%80%E5%BA%A7%E3%83%88%E3%83%AC%E3%82%B7%E3%83%A3%E3%82%B9%2012F,2021,イタリアン TOKYO,italian_tokyo,発表日：2021年3月8日
イル・テアトロ,東京都文京区関口2-10-8 ホテル椿山荘東京 3Ｆ,食べログ イタリアン TOKYO 百名店 2021,https://tabelog.com/tokyo/A1309/A130905/13003823/,https://www.google.com/maps/search/?api=1&query=%E3%82%A4%E3%83%AB%E3%83%BB%E3%83%86%E3%82%A2%E3%83%88%E3%83%AD%20%E6%9D%B1%E4%BA%AC%E9%83%BD%E6%96%87%E4%BA%AC%E5%8C%BA%E9%96%A2%E5%8F%A32-10-8%20%E3%83%9B%E3%83%86%E3%83%AB%E6%A4%BF%E5%B1%B1%E8%8D%98%E6%9D%B1%E4%BA%AC%203%EF%BC%A6,2021,イタリアン TOKYO,italian_tokyo,発表日：2021年3月8日
イタリアンダイニング ケシキ,東京都中央区日本橋室町2-1-1 マンダリン オリエンタル 東京 38F,食べログ イタリアン TOKYO 百名店 2021,https://tabelog.com/tokyo/A1302/A130202/13020364/,https://www.google.com/maps/search/?api=1&query=%E3%82%A4%E3%82%BF%E3%83%AA%E3%82%A2%E3%83%B3%E3%83%80%E3%82%A4%E3%83%8B%E3%83%B3%E3%82%B0%20%E3%82%B1%E3%82%B7%E3%82%AD%20%E6%9D%B1%E4%BA%AC%E9%83%BD%E4%B8%AD%E5%A4%AE%E5%8C%BA%E6%97%A5%E6%9C%AC%E6%A9%8B%E5%AE%A4%E7%94%BA2-1-1%20%E3%83%9E%E3%83%B3%E3%83%80%E3%83%AA%E3%83%B3%20%E3%82%AA%E3%83%AA%E3%82%A8%E3%83%B3%E3%82%BF%E3%83%AB%20%E6%9D%B1%E4%BA%AC%2038F,2021,イタリアン TOKYO,italian_tokyo,発表日：2021年3月8日
Giglio,東京都港区新橋6-9-2 新橋第一ビル Ｂ１Ｆ,食べログ イタリアン TOKYO 百名店 2021,https://tabelog.com/tokyo/A1301/A130103/13048986/,https://www.google.com/maps/search/?api=1&query=Giglio%20%E6%9D%B1%E4%BA%AC%E9%83%BD%E6%B8%AF%E5%8C%BA%E6%96%B0%E6%A9%8B6-9-2%20%E6%96%B0%E6%A9%8B%E7%AC%AC%E4%B8%80%E3%83%93%E3%83%AB%20%EF%BC%A2%EF%BC%91%EF%BC%A6,2021,イタリアン TOKYO,italian_tokyo,発表日：2021年3月8日
ラ・ビスボッチャ,東京都渋谷区恵比寿2-36-13 広尾MTRビル 1F,食べログ イタリアン TOKYO 百名店 2021,https://tabelog.com/tokyo/A1307/A130703/13001647/,https://www.google.com/maps/search/?api=1&query=%E3%83%A9%E3%83%BB%E3%83%93%E3%82%B9%E3%83%9C%E3%83%83%E3%83%81%E3%83%A3%20%E6%9D%B1%E4%BA%AC%E9%83%BD%E6%B8%8B%E8%B0%B7%E5%8C%BA%E6%81%B5%E6%AF%94%E5%AF%BF2-36-13%20%E5%BA%83%E5%B0%BEMTR%E3%83%93%E3%83%AB%201F,2021,イタリアン TOKYO,italian_tokyo,発表日：2021年3月8日
RODEO,東京都目黒区中目黒3-5-1 中目黒プレアタワー 1F,食べログ イタリアン TOKYO 百名店 2021,https://tabelog.com/tokyo/A1317/A131701/13213575/,https://www.google.com/maps/search/?api=1&query=RODEO%20%E6%9D%B1%E4%BA%AC%E9%83%BD%E7%9B%AE%E9%BB%92%E5%8C%BA%E4%B8%AD%E7%9B%AE%E9%BB%923-5-1%20%E4%B8%AD%E7%9B%AE%E9%BB%92%E3%83%97%E3%83%AC%E3%82%A2%E3%82%BF%E3%83%AF%E3%83%BC%201F,2021,イタリアン TOKYO,italian_tokyo,発表日：2021年3月8日
イル・ボッカローネ,東京都渋谷区恵比寿1-15-9 シルク恵比寿　１Ｆ,食べログ イタリアン TOKYO 百名店 2021,https://tabelog.com/tokyo/A1303/A130302/13001646/,https://www.google.com/maps/search/?api=1&query=%E3%82%A4%E3%83%AB%E3%83%BB%E3%83%9C%E3%83%83%E3%82%AB%E3%83%AD%E3%83%BC%E3%83%8D%20%E6%9D%B1%E4%BA%AC%E9%83%BD%E6%B8%8B%E8%B0%B7%E5%8C%BA%E6%81%B5%E6%AF%94%E5%AF%BF1-15-9%20%E3%82%B7%E3%83%AB%E3%82%AF%E6%81%B5%E6%AF%94%E5%AF%BF%E3%80%80%EF%BC%91%EF%BC%A6,2021,イタリアン TOKYO,italian_tokyo,発表日：2021年3月8日
エミリア,東京都渋谷区神宮前2-25-4 パストラーレ神宮前　１Ｆ,食べログ イタリアン TOKYO 百名店 2021,https://tabelog.com/tokyo/A1306/A130601/13099554/,https://www.google.com/maps/search/?api=1&query=%E3%82%A8%E3%83%9F%E3%83%AA%E3%82%A2%20%E6%9D%B1%E4%BA%AC%E9%83%BD%E6%B8%8B%E8%B0%B7%E5%8C%BA%E7%A5%9E%E5%AE%AE%E5%89%8D2-25-4%20%E3%83%91%E3%82%B9%E3%83%88%E3%83%A9%E3%83%BC%E3%83%AC%E7%A5%9E%E5%AE%AE%E5%89%8D%E3%80%80%EF%BC%91%EF%BC%A6,2021,イタリアン TOKYO,italian_tokyo,発表日：2021年3月8日
ビンゴ,東京都港区西麻布4-19-9 ウォール西麻布 B1F,食べログ イタリアン TOKYO 百名店 2021,https://tabelog.com/tokyo/A1307/A130703/13016523/,https://www.google.com/maps/search/?api=1&query=%E3%83%93%E3%83%B3%E3%82%B4%20%E6%9D%B1%E4%BA%AC%E9%83%BD%E6%B8%AF%E5%8C%BA%E8%A5%BF%E9%BA%BB%E5%B8%834-19-9%20%E3%82%A6%E3%82%A9%E3%83%BC%E3%83%AB%E8%A5%BF%E9%BA%BB%E5%B8%83%20B1F,2021,イタリアン TOKYO,italian_tokyo,発表日：2021年3月8日
ペレグリーノ,東京都渋谷区恵比寿2-3-4,食べログ イタリアン TOKYO 百名店 2021,https://tabelog.com/tokyo/A1303/A130302/13072775/,https://www.google.com/maps/search/?api=1&query=%E3%83%9A%E3%83%AC%E3%82%B0%E3%83%AA%E3%83%BC%E3%83%8E%20%E6%9D%B1%E4%BA%AC%E9%83%BD%E6%B8%8B%E8%B0%B7%E5%8C%BA%E6%81%B5%E6%AF%94%E5%AF%BF2-3-4,2021,イタリアン TOKYO,italian_tokyo,発表日：2021年3月8日
AWkitchen TOKYO 新丸ビル店,東京都千代田区丸の内1-5-1 新丸の内ビルディング 5F,食べログ イタリアン TOKYO 百名店 2021,https://tabelog.com/tokyo/A1302/A130201/13038476/,https://www.google.com/maps/search/?api=1&query=AWkitchen%20TOKYO%20%E6%96%B0%E4%B8%B8%E3%83%93%E3%83%AB%E5%BA%97%20%E6%9D%B1%E4%BA%AC%E9%83%BD%E5%8D%83%E4%BB%A3%E7%94%B0%E5%8C%BA%E4%B8%B8%E3%81%AE%E5%86%851-5-1%20%E6%96%B0%E4%B8%B8%E3%81%AE%E5%86%85%E3%83%93%E3%83%AB%E3%83%87%E3%82%A3%E3%83%B3%E3%82%B0%205F,2021,イタリアン TOKYO,italian_tokyo,発表日：2021年3月8日
ボッテガ,東京都渋谷区広尾5-17-8 アプリシエ広尾 B1F,食べログ イタリアン TOKYO 百名店 2021,https://tabelog.com/tokyo/A1307/A130703/13204358/,https://www.google.com/maps/search/?api=1&query=%E3%83%9C%E3%83%83%E3%83%86%E3%82%AC%20%E6%9D%B1%E4%BA%AC%E9%83%BD%E6%B8%8B%E8%B0%B7%E5%8C%BA%E5%BA%83%E5%B0%BE5-17-8%20%E3%82%A2%E3%83%97%E3%83%AA%E3%82%B7%E3%82%A8%E5%BA%83%E5%B0%BE%20B1F,2021,イタリアン TOKYO,italian_tokyo,発表日：2021年3月8日
キャンティ 飯倉片町本店,東京都港区麻布台3-1-7 B1F,食べログ イタリアン TOKYO 百名店 2021,https://tabelog.com/tokyo/A1307/A130701/13002786/,https://www.google.com/maps/search/?api=1&query=%E3%82%AD%E3%83%A3%E3%83%B3%E3%83%86%E3%82%A3%20%E9%A3%AF%E5%80%89%E7%89%87%E7%94%BA%E6%9C%AC%E5%BA%97%20%E6%9D%B1%E4%BA%AC%E9%83%BD%E6%B8%AF%E5%8C%BA%E9%BA%BB%E5%B8%83%E5%8F%B03-1-7%20B1F,2021,イタリアン TOKYO,italian_tokyo,発表日：2021年3月8日
アンティカ オステリア デル ポンテ,東京都千代田区丸の内2-4-1 丸の内ビルディング 36F,食べログ イタリアン TOKYO 百名店 2021,https://tabelog.com/tokyo/A1302/A130201/13004061/,https://www.google.com/maps/search/?api=1&query=%E3%82%A2%E3%83%B3%E3%83%86%E3%82%A3%E3%82%AB%20%E3%82%AA%E3%82%B9%E3%83%86%E3%83%AA%E3%82%A2%20%E3%83%87%E3%83%AB%20%E3%83%9D%E3%83%B3%E3%83%86%20%E6%9D%B1%E4%BA%AC%E9%83%BD%E5%8D%83%E4%BB%A3%E7%94%B0%E5%8C%BA%E4%B8%B8%E3%81%AE%E5%86%852-4-1%20%E4%B8%B8%E3%81%AE%E5%86%85%E3%83%93%E3%83%AB%E3%83%87%E3%82%A3%E3%83%B3%E3%82%B0%2036F,2021,イタリアン TOKYO,italian_tokyo,発表日：2021年3月8日
TACUBO,東京都渋谷区恵比寿西2-13-16 ラングス代官山 1F,食べログ イタリアン TOKYO 百名店 2021,https://tabelog.com/tokyo/A1303/A130303/13109940/,https://www.google.com/maps/search/?api=1&query=TACUBO%20%E6%9D%B1%E4%BA%AC%E9%83%BD%E6%B8%8B%E8%B0%B7%E5%8C%BA%E6%81%B5%E6%AF%94%E5%AF%BF%E8%A5%BF2-13-16%20%E3%83%A9%E3%83%B3%E3%82%B0%E3%82%B9%E4%BB%A3%E5%AE%98%E5%B1%B1%201F,2021,イタリアン TOKYO,italian_tokyo,発表日：2021年3月8日
トラットリア シチリアーナ・ドンチッチョ,東京都渋谷区渋谷2-3-6,食べログ イタリアン TOKYO 百名店 2021,https://tabelog.com/tokyo/A1303/A130301/13026215/,https://www.google.com/maps/search/?api=1&query=%E3%83%88%E3%83%A9%E3%83%83%E3%83%88%E3%83%AA%E3%82%A2%20%E3%82%B7%E3%83%81%E3%83%AA%E3%82%A2%E3%83%BC%E3%83%8A%E3%83%BB%E3%83%89%E3%83%B3%E3%83%81%E3%83%83%E3%83%81%E3%83%A7%20%E6%9D%B1%E4%BA%AC%E9%83%BD%E6%B8%8B%E8%B0%B7%E5%8C%BA%E6%B8%8B%E8%B0%B72-3-6,2021,イタリアン TOKYO,italian_tokyo,発表日：2021年3月8日
トルナヴェント,東京都港区西麻布3-21-14 覚張ビル　Ｂ１Ｆ,食べログ イタリアン TOKYO 百名店 2021,https://tabelog.com/tokyo/A1307/A130701/13022053/,https://www.google.com/maps/search/?api=1&query=%E3%83%88%E3%83%AB%E3%83%8A%E3%83%B4%E3%82%A7%E3%83%B3%E3%83%88%20%E6%9D%B1%E4%BA%AC%E9%83%BD%E6%B8%AF%E5%8C%BA%E8%A5%BF%E9%BA%BB%E5%B8%833-21-14%20%E8%A6%9A%E5%BC%B5%E3%83%93%E3%83%AB%E3%80%80%EF%BC%A2%EF%BC%91%EF%BC%A6,2021,イタリアン TOKYO,italian_tokyo,発表日：2021年3月8日
K+,東京都港区西麻布4-5-8,食べログ イタリアン TOKYO 百名店 2021,https://tabelog.com/tokyo/A1307/A130703/13213748/,https://www.google.com/maps/search/?api=1&query=K%2B%20%E6%9D%B1%E4%BA%AC%E9%83%BD%E6%B8%AF%E5%8C%BA%E8%A5%BF%E9%BA%BB%E5%B8%834-5-8,2021,イタリアン TOKYO,italian_tokyo,発表日：2021年3月8日
リストランテASO,東京都渋谷区猿楽町29-3,食べログ イタリアン TOKYO 百名店 2021,https://tabelog.com/tokyo/A1303/A130303/13003356/,https://www.google.com/maps/search/?api=1&query=%E3%83%AA%E3%82%B9%E3%83%88%E3%83%A9%E3%83%B3%E3%83%86ASO%20%E6%9D%B1%E4%BA%AC%E9%83%BD%E6%B8%8B%E8%B0%B7%E5%8C%BA%E7%8C%BF%E6%A5%BD%E7%94%BA29-3,2021,イタリアン TOKYO,italian_tokyo,発表日：2021年3月8日
ロットチェント,東京都中央区日本橋小網町11-9 ザ・パークレックス小網町第２ビル,食べログ イタリアン TOKYO 百名店 2021,https://tabelog.com/tokyo/A1302/A130203/13198683/,https://www.google.com/maps/search/?api=1&query=%E3%83%AD%E3%83%83%E3%83%88%E3%83%81%E3%82%A7%E3%83%B3%E3%83%88%20%E6%9D%B1%E4%BA%AC%E9%83%BD%E4%B8%AD%E5%A4%AE%E5%8C%BA%E6%97%A5%E6%9C%AC%E6%A9%8B%E5%B0%8F%E7%B6%B2%E7%94%BA11-9%20%E3%82%B6%E3%83%BB%E3%83%91%E3%83%BC%E3%82%AF%E3%83%AC%E3%83%83%E3%82%AF%E3%82%B9%E5%B0%8F%E7%B6%B2%E7%94%BA%E7%AC%AC%EF%BC%92%E3%83%93%E3%83%AB,2021,イタリアン TOKYO,italian_tokyo,発表日：2021年3月8日
ラ スフォリーナ,東京都港区六本木7-3-22 やまうちビル 1F,食べログ イタリアン TOKYO 百名店 2021,https://tabelog.com/tokyo/A1306/A130603/13157731/,https://www.google.com/maps/search/?api=1&query=%E3%83%A9%20%E3%82%B9%E3%83%95%E3%82%A9%E3%83%AA%E3%83%BC%E3%83%8A%20%E6%9D%B1%E4%BA%AC%E9%83%BD%E6%B8%AF%E5%8C%BA%E5%85%AD%E6%9C%AC%E6%9C%A87-3-22%20%E3%82%84%E3%81%BE%E3%81%86%E3%81%A1%E3%83%93%E3%83%AB%201F,2021,イタリアン TOKYO,italian_tokyo,発表日：2021年3月8日
ピアッティ カステリーナ,東京都新宿区天神町68-3 橋本ビル 1F,食べログ イタリアン TOKYO 百名店 2021,https://tabelog.com/tokyo/A1309/A130905/13130769/,https://www.google.com/maps/search/?api=1&query=%E3%83%94%E3%82%A2%E3%83%83%E3%83%86%E3%82%A3%20%E3%82%AB%E3%82%B9%E3%83%86%E3%83%AA%E3%83%BC%E3%83%8A%20%E6%9D%B1%E4%BA%AC%E9%83%BD%E6%96%B0%E5%AE%BF%E5%8C%BA%E5%A4%A9%E7%A5%9E%E7%94%BA68-3%20%E6%A9%8B%E6%9C%AC%E3%83%93%E3%83%AB%201F,2021,イタリアン TOKYO,italian_tokyo,発表日：2021年3月8日
リストランテ ソットラルコ,東京都中央区銀座8-10-4 和孝銀座8丁目ビル Ｂ1Ｆ,食べログ イタリアン TOKYO 百名店 2021,https://tabelog.com/tokyo/A1301/A130101/13134899/,https://www.google.com/maps/search/?api=1&query=%E3%83%AA%E3%82%B9%E3%83%88%E3%83%A9%E3%83%B3%E3%83%86%20%E3%82%BD%E3%83%83%E3%83%88%E3%83%A9%E3%83%AB%E3%82%B3%20%E6%9D%B1%E4%BA%AC%E9%83%BD%E4%B8%AD%E5%A4%AE%E5%8C%BA%E9%8A%80%E5%BA%A78-10-4%20%E5%92%8C%E5%AD%9D%E9%8A%80%E5%BA%A78%E4%B8%81%E7%9B%AE%E3%83%93%E3%83%AB%20%EF%BC%A21%EF%BC%A6,2021,イタリアン TOKYO,italian_tokyo,発表日：2021年3月8日
カッフェ・クラシカ,東京都港区高輪3-26-27 エキュート品川 2F,食べログ イタリアン TOKYO 百名店 2021,https://tabelog.com/tokyo/A1314/A131403/13019698/,https://www.google.com/maps/search/?api=1&query=%E3%82%AB%E3%83%83%E3%83%95%E3%82%A7%E3%83%BB%E3%82%AF%E3%83%A9%E3%82%B7%E3%82%AB%20%E6%9D%B1%E4%BA%AC%E9%83%BD%E6%B8%AF%E5%8C%BA%E9%AB%98%E8%BC%AA3-26-27%20%E3%82%A8%E3%82%AD%E3%83%A5%E3%83%BC%E3%83%88%E5%93%81%E5%B7%9D%202F,2021,イタリアン TOKYO,italian_tokyo,発表日：2021年3月8日
エリオ・ロカンダ・イタリアーナ,東京都千代田区麹町2-5-2 半蔵門ハウス　１Ｆ,食べログ イタリアン TOKYO 百名店 2021,https://tabelog.com/tokyo/A1308/A130803/13000293/,https://www.google.com/maps/search/?api=1&query=%E3%82%A8%E3%83%AA%E3%82%AA%E3%83%BB%E3%83%AD%E3%82%AB%E3%83%B3%E3%83%80%E3%83%BB%E3%82%A4%E3%82%BF%E3%83%AA%E3%82%A2%E3%83%BC%E3%83%8A%20%E6%9D%B1%E4%BA%AC%E9%83%BD%E5%8D%83%E4%BB%A3%E7%94%B0%E5%8C%BA%E9%BA%B9%E7%94%BA2-5-2%20%E5%8D%8A%E8%94%B5%E9%96%80%E3%83%8F%E3%82%A6%E3%82%B9%E3%80%80%EF%BC%91%EF%BC%A6,2021,イタリアン TOKYO,italian_tokyo,発表日：2021年3月8日
アッピア アルタ 西麻布,東京都港区西麻布4-22-7 西麻布グランディアビル B1F,食べログ イタリアン TOKYO 百名店 2021,https://tabelog.com/tokyo/A1307/A130703/13054090/,https://www.google.com/maps/search/?api=1&query=%E3%82%A2%E3%83%83%E3%83%94%E3%82%A2%20%E3%82%A2%E3%83%AB%E3%82%BF%20%E8%A5%BF%E9%BA%BB%E5%B8%83%20%E6%9D%B1%E4%BA%AC%E9%83%BD%E6%B8%AF%E5%8C%BA%E8%A5%BF%E9%BA%BB%E5%B8%834-22-7%20%E8%A5%BF%E9%BA%BB%E5%B8%83%E3%82%B0%E3%83%A9%E3%83%B3%E3%83%87%E3%82%A3%E3%82%A2%E3%83%93%E3%83%AB%20B1F,2021,イタリアン TOKYO,italian_tokyo,発表日：2021年3月8日
ピャチェーレ,東京都千代田区丸の内1-8-3 丸の内トラストタワー本館 シャングリ・ラ 東京 28F,食べログ イタリアン TOKYO 百名店 2021,https://tabelog.com/tokyo/A1302/A130201/13069992/,https://www.google.com/maps/search/?api=1&query=%E3%83%94%E3%83%A3%E3%83%81%E3%82%A7%E3%83%BC%E3%83%AC%20%E6%9D%B1%E4%BA%AC%E9%83%BD%E5%8D%83%E4%BB%A3%E7%94%B0%E5%8C%BA%E4%B8%B8%E3%81%AE%E5%86%851-8-3%20%E4%B8%B8%E3%81%AE%E5%86%85%E3%83%88%E3%83%A9%E3%82%B9%E3%83%88%E3%82%BF%E3%83%AF%E3%83%BC%E6%9C%AC%E9%A4%A8%20%E3%82%B7%E3%83%A3%E3%83%B3%E3%82%B0%E3%83%AA%E3%83%BB%E3%83%A9%20%E6%9D%B1%E4%BA%AC%2028F,2021,イタリアン TOKYO,italian_tokyo,発表日：2021年3月8日
トラットリア デッラ ランテルナ マジカ,東京都品川区上大崎2-9-26 Ｔ＆Ｈ　Ｍｅｍｏｒｙ　 1Ｆ,食べログ イタリアン TOKYO 百名店 2021,https://tabelog.com/tokyo/A1316/A131601/13015855/,https://www.google.com/maps/search/?api=1&query=%E3%83%88%E3%83%A9%E3%83%83%E3%83%88%E3%83%AA%E3%82%A2%20%E3%83%87%E3%83%83%E3%83%A9%20%E3%83%A9%E3%83%B3%E3%83%86%E3%83%AB%E3%83%8A%20%E3%83%9E%E3%82%B8%E3%82%AB%20%E6%9D%B1%E4%BA%AC%E9%83%BD%E5%93%81%E5%B7%9D%E5%8C%BA%E4%B8%8A%E5%A4%A7%E5%B4%8E2-9-26%20%EF%BC%B4%EF%BC%86%EF%BC%A8%E3%80%80%EF%BC%AD%EF%BD%85%EF%BD%8D%EF%BD%8F%EF%BD%92%EF%BD%99%E3%80%80%201%EF%BC%A6,2021,イタリアン TOKYO,italian_tokyo,発表日：2021年3月8日
アッピア 本店,東京都港区南麻布4-11-35 インペリアル広尾 B101,食べログ イタリアン TOKYO 百名店 2021,https://tabelog.com/tokyo/A1307/A130703/13001593/,https://www.google.com/maps/search/?api=1&query=%E3%82%A2%E3%83%83%E3%83%94%E3%82%A2%20%E6%9C%AC%E5%BA%97%20%E6%9D%B1%E4%BA%AC%E9%83%BD%E6%B8%AF%E5%8C%BA%E5%8D%97%E9%BA%BB%E5%B8%834-11-35%20%E3%82%A4%E3%83%B3%E3%83%9A%E3%83%AA%E3%82%A2%E3%83%AB%E5%BA%83%E5%B0%BE%20B101,2021,イタリアン TOKYO,italian_tokyo,発表日：2021年3月8日
RISTORANTE YAGI,東京都渋谷区鉢山町15-2 プラザ1000代官山 B1F,食べログ イタリアン TOKYO 百名店 2021,https://tabelog.com/tokyo/A1303/A130303/13132568/,https://www.google.com/maps/search/?api=1&query=RISTORANTE%20YAGI%20%E6%9D%B1%E4%BA%AC%E9%83%BD%E6%B8%8B%E8%B0%B7%E5%8C%BA%E9%89%A2%E5%B1%B1%E7%94%BA15-2%20%E3%83%97%E3%83%A9%E3%82%B61000%E4%BB%A3%E5%AE%98%E5%B1%B1%20B1F,2021,イタリアン TOKYO,italian_tokyo,発表日：2021年3月8日
Felicelina,東京都目黒区青葉台1-15-2 AK-3 building 2-a,食べログ イタリアン TOKYO 百名店 2021,https://tabelog.com/tokyo/A1317/A131701/13130019/,https://www.google.com/maps/search/?api=1&query=Felicelina%20%E6%9D%B1%E4%BA%AC%E9%83%BD%E7%9B%AE%E9%BB%92%E5%8C%BA%E9%9D%92%E8%91%89%E5%8F%B01-15-2%20AK-3%20building%202-a,2021,イタリアン TOKYO,italian_tokyo,発表日：2021年3月8日
ラ･スコリエーラ,東京都港区赤坂4-15-1 赤坂ガーデンシティ　Ｂ１Ｆ,食べログ イタリアン TOKYO 百名店 2021,https://tabelog.com/tokyo/A1306/A130603/13002849/,https://www.google.com/maps/search/?api=1&query=%E3%83%A9%EF%BD%A5%E3%82%B9%E3%82%B3%E3%83%AA%E3%82%A8%E3%83%BC%E3%83%A9%20%E6%9D%B1%E4%BA%AC%E9%83%BD%E6%B8%AF%E5%8C%BA%E8%B5%A4%E5%9D%824-15-1%20%E8%B5%A4%E5%9D%82%E3%82%AC%E3%83%BC%E3%83%87%E3%83%B3%E3%82%B7%E3%83%86%E3%82%A3%E3%80%80%EF%BC%A2%EF%BC%91%EF%BC%A6,2021,イタリアン TOKYO,italian_tokyo,発表日：2021年3月8日
Ristorante IL FIGO INGORDO,東京都港区六本木7-19-1,食べログ イタリアン TOKYO 百名店 2021,https://tabelog.com/tokyo/A1307/A130701/13104779/,https://www.google.com/maps/search/?api=1&query=Ristorante%20IL%20FIGO%20INGORDO%20%E6%9D%B1%E4%BA%AC%E9%83%BD%E6%B8%AF%E5%8C%BA%E5%85%AD%E6%9C%AC%E6%9C%A87-19-1,2021,イタリアン TOKYO,italian_tokyo,発表日：2021年3月8日
アンティキサポーリ,東京都港区南麻布5-2-40 日興パレス 1,食べログ イタリアン TOKYO 百名店 2021,https://tabelog.com/tokyo/A1307/A130703/13159153/,https://www.google.com/maps/search/?api=1&query=%E3%82%A2%E3%83%B3%E3%83%86%E3%82%A3%E3%82%AD%E3%82%B5%E3%83%9D%E3%83%BC%E3%83%AA%20%E6%9D%B1%E4%BA%AC%E9%83%BD%E6%B8%AF%E5%8C%BA%E5%8D%97%E9%BA%BB%E5%B8%835-2-40%20%E6%97%A5%E8%88%88%E3%83%91%E3%83%AC%E3%82%B9%201,2021,イタリアン TOKYO,italian_tokyo,発表日：2021年3月8日
ラパルタメント ディ ナオキ,東京都港区麻布十番3-3-9 VORT麻布十番Ⅱ 4F,食べログ イタリアン TOKYO 百名店 2021,https://tabelog.com/tokyo/A1307/A130702/13120467/,https://www.google.com/maps/search/?api=1&query=%E3%83%A9%E3%83%91%E3%83%AB%E3%82%BF%E3%83%A1%E3%83%B3%E3%83%88%20%E3%83%87%E3%82%A3%20%E3%83%8A%E3%82%AA%E3%82%AD%20%E6%9D%B1%E4%BA%AC%E9%83%BD%E6%B8%AF%E5%8C%BA%E9%BA%BB%E5%B8%83%E5%8D%81%E7%95%AA3-3-9%20VORT%E9%BA%BB%E5%B8%83%E5%8D%81%E7%95%AA%E2%85%A1%204F,2021,イタリアン TOKYO,italian_tokyo,発表日：2021年3月8日
リストランテ 濱崎,東京都港区南青山4-11-13,食べログ イタリアン TOKYO 百名店 2021,https://tabelog.com/tokyo/A1306/A130602/13005340/,https://www.google.com/maps/search/?api=1&query=%E3%83%AA%E3%82%B9%E3%83%88%E3%83%A9%E3%83%B3%E3%83%86%20%E6%BF%B1%E5%B4%8E%20%E6%9D%B1%E4%BA%AC%E9%83%BD%E6%B8%AF%E5%8C%BA%E5%8D%97%E9%9D%92%E5%B1%B14-11-13,2021,イタリアン TOKYO,italian_tokyo,発表日：2021年3月8日
Convivio,東京都渋谷区千駄ヶ谷3-17-12 カミムラビル 1F,食べログ イタリアン TOKYO 百名店 2021,https://tabelog.com/tokyo/A1309/A130901/13149817/,https://www.google.com/maps/search/?api=1&query=Convivio%20%E6%9D%B1%E4%BA%AC%E9%83%BD%E6%B8%8B%E8%B0%B7%E5%8C%BA%E5%8D%83%E9%A7%84%E3%83%B6%E8%B0%B73-17-12%20%E3%82%AB%E3%83%9F%E3%83%A0%E3%83%A9%E3%83%93%E3%83%AB%201F,2021,イタリアン TOKYO,italian_tokyo,発表日：2021年3月8日
プリズマ,東京都港区南青山6-4-6 青山ＡＬＬＥＹ 1F,食べログ イタリアン TOKYO 百名店 2021,https://tabelog.com/tokyo/A1306/A130602/13123890/,https://www.google.com/maps/search/?api=1&query=%E3%83%97%E3%83%AA%E3%82%BA%E3%83%9E%20%E6%9D%B1%E4%BA%AC%E9%83%BD%E6%B8%AF%E5%8C%BA%E5%8D%97%E9%9D%92%E5%B1%B16-4-6%20%E9%9D%92%E5%B1%B1%EF%BC%A1%EF%BC%AC%EF%BC%AC%EF%BC%A5%EF%BC%B9%201F,2021,イタリアン TOKYO,italian_tokyo,発表日：2021年3月8日
ブルガリ イル・リストランテ ルカ・ファンティン,東京都中央区銀座2-7-12 ブルガリ銀座タワー　９Ｆ,食べログ イタリアン TOKYO 百名店 2021,https://tabelog.com/tokyo/A1301/A130101/13045135/,https://www.google.com/maps/search/?api=1&query=%E3%83%96%E3%83%AB%E3%82%AC%E3%83%AA%20%E3%82%A4%E3%83%AB%E3%83%BB%E3%83%AA%E3%82%B9%E3%83%88%E3%83%A9%E3%83%B3%E3%83%86%20%E3%83%AB%E3%82%AB%E3%83%BB%E3%83%95%E3%82%A1%E3%83%B3%E3%83%86%E3%82%A3%E3%83%B3%20%E6%9D%B1%E4%BA%AC%E9%83%BD%E4%B8%AD%E5%A4%AE%E5%8C%BA%E9%8A%80%E5%BA%A72-7-12%20%E3%83%96%E3%83%AB%E3%82%AC%E3%83%AA%E9%8A%80%E5%BA%A7%E3%82%BF%E3%83%AF%E3%83%BC%E3%80%80%EF%BC%99%EF%BC%A6,2021,イタリアン TOKYO,italian_tokyo,発表日：2021年3月8日
リストランテ・ホンダ,東京都港区北青山2-12-35 タートルストーン青山ビル 1F,食べログ イタリアン TOKYO 百名店 2021,https://tabelog.com/tokyo/A1306/A130603/13016590/,https://www.google.com/maps/search/?api=1&query=%E3%83%AA%E3%82%B9%E3%83%88%E3%83%A9%E3%83%B3%E3%83%86%E3%83%BB%E3%83%9B%E3%83%B3%E3%83%80%20%E6%9D%B1%E4%BA%AC%E9%83%BD%E6%B8%AF%E5%8C%BA%E5%8C%97%E9%9D%92%E5%B1%B12-12-35%20%E3%82%BF%E3%83%BC%E3%83%88%E3%83%AB%E3%82%B9%E3%83%88%E3%83%BC%E3%83%B3%E9%9D%92%E5%B1%B1%E3%83%93%E3%83%AB%201F,2021,イタリアン TOKYO,italian_tokyo,発表日：2021年3月8日
アンティカ オステリア カルネヤ,東京都新宿区南山伏町3-6 市ヶ谷NHビル1F,食べログ イタリアン TOKYO 百名店 2021,https://tabelog.com/tokyo/A1309/A130905/13045549/,https://www.google.com/maps/search/?api=1&query=%E3%82%A2%E3%83%B3%E3%83%86%E3%82%A3%E3%82%AB%20%E3%82%AA%E3%82%B9%E3%83%86%E3%83%AA%E3%82%A2%20%E3%82%AB%E3%83%AB%E3%83%8D%E3%83%A4%20%E6%9D%B1%E4%BA%AC%E9%83%BD%E6%96%B0%E5%AE%BF%E5%8C%BA%E5%8D%97%E5%B1%B1%E4%BC%8F%E7%94%BA3-6%20%E5%B8%82%E3%83%B6%E8%B0%B7NH%E3%83%93%E3%83%AB1F,2021,イタリアン TOKYO,italian_tokyo,発表日：2021年3月8日
RESTAURANT DAZZLE,東京都中央区銀座2-4-12 ミキモト　ギンザ２　 8Ｆ・9Ｆ,食べログ イタリアン TOKYO 百名店 2021,https://tabelog.com/tokyo/A1301/A130101/13022542/,https://www.google.com/maps/search/?api=1&query=RESTAURANT%20DAZZLE%20%E6%9D%B1%E4%BA%AC%E9%83%BD%E4%B8%AD%E5%A4%AE%E5%8C%BA%E9%8A%80%E5%BA%A72-4-12%20%E3%83%9F%E3%82%AD%E3%83%A2%E3%83%88%E3%80%80%E3%82%AE%E3%83%B3%E3%82%B6%EF%BC%92%E3%80%80%208%EF%BC%A6%E3%83%BB9%EF%BC%A6,2021,イタリアン TOKYO,italian_tokyo,発表日：2021年3月8日
IL TEATRINO DA SALONE,東京都港区南青山7-11-5 HOUSE7115 B1F,食べログ イタリアン TOKYO 百名店 2021,https://tabelog.com/tokyo/A1307/A130703/13110652/,https://www.google.com/maps/search/?api=1&query=IL%20TEATRINO%20DA%20SALONE%20%E6%9D%B1%E4%BA%AC%E9%83%BD%E6%B8%AF%E5%8C%BA%E5%8D%97%E9%9D%92%E5%B1%B17-11-5%20HOUSE7115%20B1F,2021,イタリアン TOKYO,italian_tokyo,発表日：2021年3月8日
Ostu,東京都渋谷区代々木5-67-6 代々木松浦ビル 1F,食べログ イタリアン TOKYO 百名店 2021,https://tabelog.com/tokyo/A1318/A131810/13044972/,https://www.google.com/maps/search/?api=1&query=Ostu%20%E6%9D%B1%E4%BA%AC%E9%83%BD%E6%B8%8B%E8%B0%B7%E5%8C%BA%E4%BB%A3%E3%80%85%E6%9C%A85-67-6%20%E4%BB%A3%E3%80%85%E6%9C%A8%E6%9D%BE%E6%B5%A6%E3%83%93%E3%83%AB%201F,2021,イタリアン TOKYO,italian_tokyo,発表日：2021年3月8日
パッソ・ア・パッソ,東京都江東区深川2-6-1 アワーズビル　１Ｆ,食べログ イタリアン TOKYO 百名店 2021,https://tabelog.com/tokyo/A1313/A131303/13004092/,https://www.google.com/maps/search/?api=1&query=%E3%83%91%E3%83%83%E3%82%BD%E3%83%BB%E3%82%A2%E3%83%BB%E3%83%91%E3%83%83%E3%82%BD%20%E6%9D%B1%E4%BA%AC%E9%83%BD%E6%B1%9F%E6%9D%B1%E5%8C%BA%E6%B7%B1%E5%B7%9D2-6-1%20%E3%82%A2%E3%83%AF%E3%83%BC%E3%82%BA%E3%83%93%E3%83%AB%E3%80%80%EF%BC%91%EF%BC%A6,2021,イタリアン TOKYO,italian_tokyo,発表日：2021年3月8日
イル プレージョ,東京都渋谷区上原1-17-7 フレニティハウス 2F,食べログ イタリアン TOKYO 百名店 2021,https://tabelog.com/tokyo/A1318/A131811/13147391/,https://www.google.com/maps/search/?api=1&query=%E3%82%A4%E3%83%AB%20%E3%83%97%E3%83%AC%E3%83%BC%E3%82%B8%E3%83%A7%20%E6%9D%B1%E4%BA%AC%E9%83%BD%E6%B8%8B%E8%B0%B7%E5%8C%BA%E4%B8%8A%E5%8E%9F1-17-7%20%E3%83%95%E3%83%AC%E3%83%8B%E3%83%86%E3%82%A3%E3%83%8F%E3%82%A6%E3%82%B9%202F,2021,イタリアン TOKYO,italian_tokyo,発表日：2021年3月8日
トルッキオ,東京都千代田区九段南2-1-32 第３青葉ビル　Ｂ１Ｆ,食べログ イタリアン TOKYO 百名店 2021,https://tabelog.com/tokyo/A1309/A130906/13002401/,https://www.google.com/maps/search/?api=1&query=%E3%83%88%E3%83%AB%E3%83%83%E3%82%AD%E3%82%AA%20%E6%9D%B1%E4%BA%AC%E9%83%BD%E5%8D%83%E4%BB%A3%E7%94%B0%E5%8C%BA%E4%B9%9D%E6%AE%B5%E5%8D%972-1-32%20%E7%AC%AC%EF%BC%93%E9%9D%92%E8%91%89%E3%83%93%E3%83%AB%E3%80%80%EF%BC%A2%EF%BC%91%EF%BC%A6,2021,イタリアン TOKYO,italian_tokyo,発表日：2021年3月8日
ドンブラボー,東京都調布市国領町3-6-43,食べログ イタリアン TOKYO 百名店 2021,https://tabelog.com/tokyo/A1326/A132601/13144681/,https://www.google.com/maps/search/?api=1&query=%E3%83%89%E3%83%B3%E3%83%96%E3%83%A9%E3%83%9C%E3%83%BC%20%E6%9D%B1%E4%BA%AC%E9%83%BD%E8%AA%BF%E5%B8%83%E5%B8%82%E5%9B%BD%E9%A0%98%E7%94%BA3-6-43,2021,イタリアン TOKYO,italian_tokyo,発表日：2021年3月8日
代官山ASO チェレステ 日本橋店,東京都中央区日本橋室町1-4-1 日本橋三越本店新館 10F,食べログ イタリアン TOKYO 百名店 2021,https://tabelog.com/tokyo/A1302/A130202/13021095/,https://www.google.com/maps/search/?api=1&query=%E4%BB%A3%E5%AE%98%E5%B1%B1ASO%20%E3%83%81%E3%82%A7%E3%83%AC%E3%82%B9%E3%83%86%20%E6%97%A5%E6%9C%AC%E6%A9%8B%E5%BA%97%20%E6%9D%B1%E4%BA%AC%E9%83%BD%E4%B8%AD%E5%A4%AE%E5%8C%BA%E6%97%A5%E6%9C%AC%E6%A9%8B%E5%AE%A4%E7%94%BA1-4-1%20%E6%97%A5%E6%9C%AC%E6%A9%8B%E4%B8%89%E8%B6%8A%E6%9C%AC%E5%BA%97%E6%96%B0%E9%A4%A8%2010F,2021,イタリアン TOKYO,italian_tokyo,発表日：2021年3月8日
インカント,東京都港区南麻布4-12-2 ピュアーレ広尾　２Ｆ,食べログ イタリアン TOKYO 百名店 2021,https://tabelog.com/tokyo/A1307/A130703/13043684/,https://www.google.com/maps/search/?api=1&query=%E3%82%A4%E3%83%B3%E3%82%AB%E3%83%B3%E3%83%88%20%E6%9D%B1%E4%BA%AC%E9%83%BD%E6%B8%AF%E5%8C%BA%E5%8D%97%E9%BA%BB%E5%B8%834-12-2%20%E3%83%94%E3%83%A5%E3%82%A2%E3%83%BC%E3%83%AC%E5%BA%83%E5%B0%BE%E3%80%80%EF%BC%92%EF%BC%A6,2021,イタリアン TOKYO,italian_tokyo,発表日：2021年3月8日
セルサルサーレ,東京都渋谷区恵比寿西1-16-7 ハギワラビル 1F,食べログ イタリアン TOKYO 百名店 2021,https://tabelog.com/tokyo/A1303/A130302/13166739/,https://www.google.com/maps/search/?api=1&query=%E3%82%BB%E3%83%AB%E3%82%B5%E3%83%AB%E3%82%B5%E3%83%BC%E3%83%AC%20%E6%9D%B1%E4%BA%AC%E9%83%BD%E6%B8%8B%E8%B0%B7%E5%8C%BA%E6%81%B5%E6%AF%94%E5%AF%BF%E8%A5%BF1-16-7%20%E3%83%8F%E3%82%AE%E3%83%AF%E3%83%A9%E3%83%93%E3%83%AB%201F,2021,イタリアン TOKYO,italian_tokyo,発表日：2021年3月8日
OGGI,東京都港区西麻布1-10-8 第2大晃ビル1F,食べログ イタリアン TOKYO 百名店 2021,https://tabelog.com/tokyo/A1307/A130701/13057753/,https://www.google.com/maps/search/?api=1&query=OGGI%20%E6%9D%B1%E4%BA%AC%E9%83%BD%E6%B8%AF%E5%8C%BA%E8%A5%BF%E9%BA%BB%E5%B8%831-10-8%20%E7%AC%AC2%E5%A4%A7%E6%99%83%E3%83%93%E3%83%AB1F,2021,イタリアン TOKYO,italian_tokyo,発表日：2021年3月8日
ロマンティコ,東京都港区白金台5-14-8 タイニービル 2F,食べログ イタリアン TOKYO 百名店 2021,https://tabelog.com/tokyo/A1316/A131602/13021521/,https://www.google.com/maps/search/?api=1&query=%E3%83%AD%E3%83%9E%E3%83%B3%E3%83%86%E3%82%A3%E3%82%B3%20%E6%9D%B1%E4%BA%AC%E9%83%BD%E6%B8%AF%E5%8C%BA%E7%99%BD%E9%87%91%E5%8F%B05-14-8%20%E3%82%BF%E3%82%A4%E3%83%8B%E3%83%BC%E3%83%93%E3%83%AB%202F,2021,イタリアン TOKYO,italian_tokyo,発表日：2021年3月8日
シチリア屋,東京都文京区白山1-5-5 MC白山ビル 1F,食べログ イタリアン TOKYO 百名店 2021,https://tabelog.com/tokyo/A1323/A132301/13172747/,https://www.google.com/maps/search/?api=1&query=%E3%82%B7%E3%83%81%E3%83%AA%E3%82%A2%E5%B1%8B%20%E6%9D%B1%E4%BA%AC%E9%83%BD%E6%96%87%E4%BA%AC%E5%8C%BA%E7%99%BD%E5%B1%B11-5-5%20MC%E7%99%BD%E5%B1%B1%E3%83%93%E3%83%AB%201F,2021,イタリアン TOKYO,italian_tokyo,発表日：2021年3月8日
オステリア・オリエーラ,東京都新宿区新宿3-7-5 一兆ビル　２F,食べログ イタリアン TOKYO 百名店 2021,https://tabelog.com/tokyo/A1304/A130401/13099830/,https://www.google.com/maps/search/?api=1&query=%E3%82%AA%E3%82%B9%E3%83%86%E3%83%AA%E3%82%A2%E3%83%BB%E3%82%AA%E3%83%AA%E3%82%A8%E3%83%BC%E3%83%A9%20%E6%9D%B1%E4%BA%AC%E9%83%BD%E6%96%B0%E5%AE%BF%E5%8C%BA%E6%96%B0%E5%AE%BF3-7-5%20%E4%B8%80%E5%85%86%E3%83%93%E3%83%AB%E3%80%80%EF%BC%92F,2021,イタリアン TOKYO,italian_tokyo,発表日：2021年3月8日
レストラン ラッセ,東京都目黒区目黒1-4-15 ヴェローナ目黒　B1F,食べログ イタリアン TOKYO 百名店 2021,https://tabelog.com/tokyo/A1316/A131601/13125439/,https://www.google.com/maps/search/?api=1&query=%E3%83%AC%E3%82%B9%E3%83%88%E3%83%A9%E3%83%B3%20%E3%83%A9%E3%83%83%E3%82%BB%20%E6%9D%B1%E4%BA%AC%E9%83%BD%E7%9B%AE%E9%BB%92%E5%8C%BA%E7%9B%AE%E9%BB%921-4-15%20%E3%83%B4%E3%82%A7%E3%83%AD%E3%83%BC%E3%83%8A%E7%9B%AE%E9%BB%92%E3%80%80B1F,2021,イタリアン TOKYO,italian_tokyo,発表日：2021年3月8日
割烹　中むら,千葉県勝浦市勝浦141-3,食べログ 日本料理 EAST 百名店 2021,https://tabelog.com/chiba/A1207/A120701/12007348/,https://www.google.com/maps/search/?api=1&query=%E5%89%B2%E7%83%B9%E3%80%80%E4%B8%AD%E3%82%80%E3%82%89%20%E5%8D%83%E8%91%89%E7%9C%8C%E5%8B%9D%E6%B5%A6%E5%B8%82%E5%8B%9D%E6%B5%A6141-3,2021,日本料理 EAST,japanese_east,発表日：2021年4月1日
懐石料理 花壇,神奈川県足柄下郡箱根町強羅1300 強羅花壇,食べログ 日本料理 EAST 百名店 2021,https://tabelog.com/kanagawa/A1410/A141001/14002768/,https://www.google.com/maps/search/?api=1&query=%E6%87%90%E7%9F%B3%E6%96%99%E7%90%86%20%E8%8A%B1%E5%A3%87%20%E7%A5%9E%E5%A5%88%E5%B7%9D%E7%9C%8C%E8%B6%B3%E6%9F%84%E4%B8%8B%E9%83%A1%E7%AE%B1%E6%A0%B9%E7%94%BA%E5%BC%B7%E7%BE%851300%20%E5%BC%B7%E7%BE%85%E8%8A%B1%E5%A3%87,2021,日本料理 EAST,japanese_east,発表日：2021年4月1日
お料理 とみやま,神奈川県鎌倉市小町2-10-18 二の鳥居ビル2階,食べログ 日本料理 EAST 百名店 2021,https://tabelog.com/kanagawa/A1404/A140402/14068100/,https://www.google.com/maps/search/?api=1&query=%E3%81%8A%E6%96%99%E7%90%86%20%E3%81%A8%E3%81%BF%E3%82%84%E3%81%BE%20%E7%A5%9E%E5%A5%88%E5%B7%9D%E7%9C%8C%E9%8E%8C%E5%80%89%E5%B8%82%E5%B0%8F%E7%94%BA2-10-18%20%E4%BA%8C%E3%81%AE%E9%B3%A5%E5%B1%85%E3%83%93%E3%83%AB2%E9%9A%8E,2021,日本料理 EAST,japanese_east,発表日：2021年4月1日
龢,群馬県前橋市千代田町3-12-9 ライオンズマンション前橋千代田町１F,食べログ 日本料理 EAST 百名店 2021,https://tabelog.com/gunma/A1001/A100101/10010261/,https://www.google.com/maps/search/?api=1&query=%E9%BE%A2%20%E7%BE%A4%E9%A6%AC%E7%9C%8C%E5%89%8D%E6%A9%8B%E5%B8%82%E5%8D%83%E4%BB%A3%E7%94%B0%E7%94%BA3-12-9%20%E3%83%A9%E3%82%A4%E3%82%AA%E3%83%B3%E3%82%BA%E3%83%9E%E3%83%B3%E3%82%B7%E3%83%A7%E3%83%B3%E5%89%8D%E6%A9%8B%E5%8D%83%E4%BB%A3%E7%94%B0%E7%94%BA%EF%BC%91F,2021,日本料理 EAST,japanese_east,発表日：2021年4月1日
北鎌倉 円,神奈川県鎌倉市山ノ内501 2F,食べログ 日本料理 EAST 百名店 2021,https://tabelog.com/kanagawa/A1404/A140401/14000231/,https://www.google.com/maps/search/?api=1&query=%E5%8C%97%E9%8E%8C%E5%80%89%20%E5%86%86%20%E7%A5%9E%E5%A5%88%E5%B7%9D%E7%9C%8C%E9%8E%8C%E5%80%89%E5%B8%82%E5%B1%B1%E3%83%8E%E5%86%85501%202F,2021,日本料理 EAST,japanese_east,発表日：2021年4月1日
京料理かねき,千葉県流山市流山5丁目19-4,食べログ 日本料理 EAST 百名店 2021,https://tabelog.com/chiba/A1203/A120305/12010964/,https://www.google.com/maps/search/?api=1&query=%E4%BA%AC%E6%96%99%E7%90%86%E3%81%8B%E3%81%AD%E3%81%8D%20%E5%8D%83%E8%91%89%E7%9C%8C%E6%B5%81%E5%B1%B1%E5%B8%82%E6%B5%81%E5%B1%B15%E4%B8%81%E7%9B%AE19-4,2021,日本料理 EAST,japanese_east,発表日：2021年4月1日
日本料理 木の花 (横浜ベイシェラトン ホテル&タワーズ),神奈川県横浜市西区北幸1-3-23 横浜ベイシェラトン ホテル＆タワーズ 8F,食べログ 日本料理 EAST 百名店 2021,https://tabelog.com/kanagawa/A1401/A140101/14000065/,https://www.google.com/maps/search/?api=1&query=%E6%97%A5%E6%9C%AC%E6%96%99%E7%90%86%20%E6%9C%A8%E3%81%AE%E8%8A%B1%20%28%E6%A8%AA%E6%B5%9C%E3%83%99%E3%82%A4%E3%82%B7%E3%82%A7%E3%83%A9%E3%83%88%E3%83%B3%20%E3%83%9B%E3%83%86%E3%83%AB%26%E3%82%BF%E3%83%AF%E3%83%BC%E3%82%BA%29%20%E7%A5%9E%E5%A5%88%E5%B7%9D%E7%9C%8C%E6%A8%AA%E6%B5%9C%E5%B8%82%E8%A5%BF%E5%8C%BA%E5%8C%97%E5%B9%B81-3-23%20%E6%A8%AA%E6%B5%9C%E3%83%99%E3%82%A4%E3%82%B7%E3%82%A7%E3%83%A9%E3%83%88%E3%83%B3%20%E3%83%9B%E3%83%86%E3%83%AB%EF%BC%86%E3%82%BF%E3%83%AF%E3%83%BC%E3%82%BA%208F,2021,日本料理 EAST,japanese_east,発表日：2021年4月1日
日本料理 幸庵,神奈川県藤沢市鵠沼花沢町2-8 ルート鵠沼　１Ｆ,食べログ 日本料理 EAST 百名店 2021,https://tabelog.com/kanagawa/A1404/A140404/14004298/,https://www.google.com/maps/search/?api=1&query=%E6%97%A5%E6%9C%AC%E6%96%99%E7%90%86%20%E5%B9%B8%E5%BA%B5%20%E7%A5%9E%E5%A5%88%E5%B7%9D%E7%9C%8C%E8%97%A4%E6%B2%A2%E5%B8%82%E9%B5%A0%E6%B2%BC%E8%8A%B1%E6%B2%A2%E7%94%BA2-8%20%E3%83%AB%E3%83%BC%E3%83%88%E9%B5%A0%E6%B2%BC%E3%80%80%EF%BC%91%EF%BC%A6,2021,日本料理 EAST,japanese_east,発表日：2021年4月1日
一平,神奈川県鎌倉市由比ガ浜1-3-7,食べログ 日本料理 EAST 百名店 2021,https://tabelog.com/kanagawa/A1404/A140402/14050450/,https://www.google.com/maps/search/?api=1&query=%E4%B8%80%E5%B9%B3%20%E7%A5%9E%E5%A5%88%E5%B7%9D%E7%9C%8C%E9%8E%8C%E5%80%89%E5%B8%82%E7%94%B1%E6%AF%94%E3%82%AC%E6%B5%9C1-3-7,2021,日本料理 EAST,japanese_east,発表日：2021年4月1日
お料理なかき,千葉県柏市東上町1-17 KⅡビル 1F,食べログ 日本料理 EAST 百名店 2021,https://tabelog.com/chiba/A1203/A120301/12029495/,https://www.google.com/maps/search/?api=1&query=%E3%81%8A%E6%96%99%E7%90%86%E3%81%AA%E3%81%8B%E3%81%8D%20%E5%8D%83%E8%91%89%E7%9C%8C%E6%9F%8F%E5%B8%82%E6%9D%B1%E4%B8%8A%E7%94%BA1-17%20K%E2%85%A1%E3%83%93%E3%83%AB%201F,2021,日本料理 EAST,japanese_east,発表日：2021年4月1日
菅井,神奈川県横浜市中区太田町5-69 山田ビル　１Ｆ,食べログ 日本料理 EAST 百名店 2021,https://tabelog.com/kanagawa/A1401/A140104/14003970/,https://www.google.com/maps/search/?api=1&query=%E8%8F%85%E4%BA%95%20%E7%A5%9E%E5%A5%88%E5%B7%9D%E7%9C%8C%E6%A8%AA%E6%B5%9C%E5%B8%82%E4%B8%AD%E5%8C%BA%E5%A4%AA%E7%94%B0%E7%94%BA5-69%20%E5%B1%B1%E7%94%B0%E3%83%93%E3%83%AB%E3%80%80%EF%BC%91%EF%BC%A6,2021,日本料理 EAST,japanese_east,発表日：2021年4月1日
幻董庵,神奈川県鎌倉市山ノ内823,食べログ 日本料理 EAST 百名店 2021,https://tabelog.com/kanagawa/A1404/A140401/14010528/,https://www.google.com/maps/search/?api=1&query=%E5%B9%BB%E8%91%A3%E5%BA%B5%20%E7%A5%9E%E5%A5%88%E5%B7%9D%E7%9C%8C%E9%8E%8C%E5%80%89%E5%B8%82%E5%B1%B1%E3%83%8E%E5%86%85823,2021,日本料理 EAST,japanese_east,発表日：2021年4月1日
やさい料理 つむぎや,千葉県柏市旭町1-3-20 ハイツ松原 1F,食べログ 日本料理 EAST 百名店 2021,https://tabelog.com/chiba/A1203/A120301/12019721/,https://www.google.com/maps/search/?api=1&query=%E3%82%84%E3%81%95%E3%81%84%E6%96%99%E7%90%86%20%E3%81%A4%E3%82%80%E3%81%8E%E3%82%84%20%E5%8D%83%E8%91%89%E7%9C%8C%E6%9F%8F%E5%B8%82%E6%97%AD%E7%94%BA1-3-20%20%E3%83%8F%E3%82%A4%E3%83%84%E6%9D%BE%E5%8E%9F%201F,2021,日本料理 EAST,japanese_east,発表日：2021年4月1日
大和屋 横浜店,神奈川県横浜市西区高島2-18-1 そごう横浜店 10F,食べログ 日本料理 EAST 百名店 2021,https://tabelog.com/kanagawa/A1401/A140101/14003075/,https://www.google.com/maps/search/?api=1&query=%E5%A4%A7%E5%92%8C%E5%B1%8B%20%E6%A8%AA%E6%B5%9C%E5%BA%97%20%E7%A5%9E%E5%A5%88%E5%B7%9D%E7%9C%8C%E6%A8%AA%E6%B5%9C%E5%B8%82%E8%A5%BF%E5%8C%BA%E9%AB%98%E5%B3%B62-18-1%20%E3%81%9D%E3%81%94%E3%81%86%E6%A8%AA%E6%B5%9C%E5%BA%97%2010F,2021,日本料理 EAST,japanese_east,発表日：2021年4月1日
和食 瑞木,神奈川県横浜市中区住吉町5-63,食べログ 日本料理 EAST 百名店 2021,https://tabelog.com/kanagawa/A1401/A140104/14033063/,https://www.google.com/maps/search/?api=1&query=%E5%92%8C%E9%A3%9F%20%E7%91%9E%E6%9C%A8%20%E7%A5%9E%E5%A5%88%E5%B7%9D%E7%9C%8C%E6%A8%AA%E6%B5%9C%E5%B8%82%E4%B8%AD%E5%8C%BA%E4%BD%8F%E5%90%89%E7%94%BA5-63,2021,日本料理 EAST,japanese_east,発表日：2021年4月1日
割烹 しらこ,神奈川県足柄下郡湯河原町土肥1-5-15,食べログ 日本料理 EAST 百名店 2021,https://tabelog.com/kanagawa/A1410/A141002/14003420/,https://www.google.com/maps/search/?api=1&query=%E5%89%B2%E7%83%B9%20%E3%81%97%E3%82%89%E3%81%93%20%E7%A5%9E%E5%A5%88%E5%B7%9D%E7%9C%8C%E8%B6%B3%E6%9F%84%E4%B8%8B%E9%83%A1%E6%B9%AF%E6%B2%B3%E5%8E%9F%E7%94%BA%E5%9C%9F%E8%82%A51-5-15,2021,日本料理 EAST,japanese_east,発表日：2021年4月1日
茶つぼ,神奈川県横浜市中区元町3-147-7,食べログ 日本料理 EAST 百名店 2021,https://tabelog.com/kanagawa/A1401/A140105/14031767/,https://www.google.com/maps/search/?api=1&query=%E8%8C%B6%E3%81%A4%E3%81%BC%20%E7%A5%9E%E5%A5%88%E5%B7%9D%E7%9C%8C%E6%A8%AA%E6%B5%9C%E5%B8%82%E4%B8%AD%E5%8C%BA%E5%85%83%E7%94%BA3-147-7,2021,日本料理 EAST,japanese_east,発表日：2021年4月1日
とうふ屋うかい 鷺沼店,神奈川県川崎市宮前区鷺沼1-18-4,食べログ 日本料理 EAST 百名店 2021,https://tabelog.com/kanagawa/A1405/A140507/14000032/,https://www.google.com/maps/search/?api=1&query=%E3%81%A8%E3%81%86%E3%81%B5%E5%B1%8B%E3%81%86%E3%81%8B%E3%81%84%20%E9%B7%BA%E6%B2%BC%E5%BA%97%20%E7%A5%9E%E5%A5%88%E5%B7%9D%E7%9C%8C%E5%B7%9D%E5%B4%8E%E5%B8%82%E5%AE%AE%E5%89%8D%E5%8C%BA%E9%B7%BA%E6%B2%BC1-18-4,2021,日本料理 EAST,japanese_east,発表日：2021年4月1日
米倉,神奈川県鎌倉市二階堂340-2,食べログ 日本料理 EAST 百名店 2021,https://tabelog.com/kanagawa/A1404/A140402/14008696/,https://www.google.com/maps/search/?api=1&query=%E7%B1%B3%E5%80%89%20%E7%A5%9E%E5%A5%88%E5%B7%9D%E7%9C%8C%E9%8E%8C%E5%80%89%E5%B8%82%E4%BA%8C%E9%9A%8E%E5%A0%82340-2,2021,日本料理 EAST,japanese_east,発表日：2021年4月1日
馳走 きむら,神奈川県横浜市青葉区美しが丘5-14-1 サミット美しが丘 １Ｆ,食べログ 日本料理 EAST 百名店 2021,https://tabelog.com/kanagawa/A1401/A140201/14002179/,https://www.google.com/maps/search/?api=1&query=%E9%A6%B3%E8%B5%B0%20%E3%81%8D%E3%82%80%E3%82%89%20%E7%A5%9E%E5%A5%88%E5%B7%9D%E7%9C%8C%E6%A8%AA%E6%B5%9C%E5%B8%82%E9%9D%92%E8%91%89%E5%8C%BA%E7%BE%8E%E3%81%97%E3%81%8C%E4%B8%985-14-1%20%E3%82%B5%E3%83%9F%E3%83%83%E3%83%88%E7%BE%8E%E3%81%97%E3%81%8C%E4%B8%98%20%EF%BC%91%EF%BC%A6,2021,日本料理 EAST,japanese_east,発表日：2021年4月1日
坂ノ下　田茂戸,神奈川県鎌倉市坂ノ下8-25,食べログ 日本料理 EAST 百名店 2021,https://tabelog.com/kanagawa/A1404/A140402/14031994/,https://www.google.com/maps/search/?api=1&query=%E5%9D%82%E3%83%8E%E4%B8%8B%E3%80%80%E7%94%B0%E8%8C%82%E6%88%B8%20%E7%A5%9E%E5%A5%88%E5%B7%9D%E7%9C%8C%E9%8E%8C%E5%80%89%E5%B8%82%E5%9D%82%E3%83%8E%E4%B8%8B8-25,2021,日本料理 EAST,japanese_east,発表日：2021年4月1日
ゆうがた,神奈川県藤沢市片瀬3-14-31,食べログ 日本料理 EAST 百名店 2021,https://tabelog.com/kanagawa/A1404/A140403/14042303/,https://www.google.com/maps/search/?api=1&query=%E3%82%86%E3%81%86%E3%81%8C%E3%81%9F%20%E7%A5%9E%E5%A5%88%E5%B7%9D%E7%9C%8C%E8%97%A4%E6%B2%A2%E5%B8%82%E7%89%87%E7%80%AC3-14-31,2021,日本料理 EAST,japanese_east,発表日：2021年4月1日
樋山,埼玉県川口市東川口2-6-8,食べログ 日本料理 EAST 百名店 2021,https://tabelog.com/saitama/A1102/A110201/11010989/,https://www.google.com/maps/search/?api=1&query=%E6%A8%8B%E5%B1%B1%20%E5%9F%BC%E7%8E%89%E7%9C%8C%E5%B7%9D%E5%8F%A3%E5%B8%82%E6%9D%B1%E5%B7%9D%E5%8F%A32-6-8,2021,日本料理 EAST,japanese_east,発表日：2021年4月1日
耽美 下村,神奈川県横浜市中区石川町3-107,食べログ 日本料理 EAST 百名店 2021,https://tabelog.com/kanagawa/A1401/A140105/14030204/,https://www.google.com/maps/search/?api=1&query=%E8%80%BD%E7%BE%8E%20%E4%B8%8B%E6%9D%91%20%E7%A5%9E%E5%A5%88%E5%B7%9D%E7%9C%8C%E6%A8%AA%E6%B5%9C%E5%B8%82%E4%B8%AD%E5%8C%BA%E7%9F%B3%E5%B7%9D%E7%94%BA3-107,2021,日本料理 EAST,japanese_east,発表日：2021年4月1日
いとや,神奈川県藤沢市南藤沢22-14 熱田ビル B1,食べログ 日本料理 EAST 百名店 2021,https://tabelog.com/kanagawa/A1404/A140404/14045338/,https://www.google.com/maps/search/?api=1&query=%E3%81%84%E3%81%A8%E3%82%84%20%E7%A5%9E%E5%A5%88%E5%B7%9D%E7%9C%8C%E8%97%A4%E6%B2%A2%E5%B8%82%E5%8D%97%E8%97%A4%E6%B2%A222-14%20%E7%86%B1%E7%94%B0%E3%83%93%E3%83%AB%20B1,2021,日本料理 EAST,japanese_east,発表日：2021年4月1日
国登録文化財 二木屋,埼玉県さいたま市中央区大戸4-14-2,食べログ 日本料理 EAST 百名店 2021,https://tabelog.com/saitama/A1101/A110102/11000020/,https://www.google.com/maps/search/?api=1&query=%E5%9B%BD%E7%99%BB%E9%8C%B2%E6%96%87%E5%8C%96%E8%B2%A1%20%E4%BA%8C%E6%9C%A8%E5%B1%8B%20%E5%9F%BC%E7%8E%89%E7%9C%8C%E3%81%95%E3%81%84%E3%81%9F%E3%81%BE%E5%B8%82%E4%B8%AD%E5%A4%AE%E5%8C%BA%E5%A4%A7%E6%88%B84-14-2,2021,日本料理 EAST,japanese_east,発表日：2021年4月1日
秋本,神奈川県鎌倉市小町1-6-15 アイザ鎌倉 3F,食べログ 日本料理 EAST 百名店 2021,https://tabelog.com/kanagawa/A1404/A140402/14003222/,https://www.google.com/maps/search/?api=1&query=%E7%A7%8B%E6%9C%AC%20%E7%A5%9E%E5%A5%88%E5%B7%9D%E7%9C%8C%E9%8E%8C%E5%80%89%E5%B8%82%E5%B0%8F%E7%94%BA1-6-15%20%E3%82%A2%E3%82%A4%E3%82%B6%E9%8E%8C%E5%80%89%203F,2021,日本料理 EAST,japanese_east,発表日：2021年4月1日
六雁,東京都中央区銀座5-5-19 銀座ポニーグループビル 6F･7F,食べログ 日本料理 TOKYO 百名店 2021,https://tabelog.com/tokyo/A1301/A130101/13005014/,https://www.google.com/maps/search/?api=1&query=%E5%85%AD%E9%9B%81%20%E6%9D%B1%E4%BA%AC%E9%83%BD%E4%B8%AD%E5%A4%AE%E5%8C%BA%E9%8A%80%E5%BA%A75-5-19%20%E9%8A%80%E5%BA%A7%E3%83%9D%E3%83%8B%E3%83%BC%E3%82%B0%E3%83%AB%E3%83%BC%E3%83%97%E3%83%93%E3%83%AB%206F%EF%BD%A57F,2021,日本料理 TOKYO,japanese_tokyo,発表日：2021年4月1日
分とく山,東京都港区南麻布5-1-5,食べログ 日本料理 TOKYO 百名店 2021,https://tabelog.com/tokyo/A1307/A130703/13005469/,https://www.google.com/maps/search/?api=1&query=%E5%88%86%E3%81%A8%E3%81%8F%E5%B1%B1%20%E6%9D%B1%E4%BA%AC%E9%83%BD%E6%B8%AF%E5%8C%BA%E5%8D%97%E9%BA%BB%E5%B8%835-1-5,2021,日本料理 TOKYO,japanese_tokyo,発表日：2021年4月1日
銀座 奥田,東京都中央区銀座5-4-8 カリオカビルB1Ｆ,食べログ 日本料理 TOKYO 百名店 2021,https://tabelog.com/tokyo/A1301/A130101/13129763/,https://www.google.com/maps/search/?api=1&query=%E9%8A%80%E5%BA%A7%20%E5%A5%A5%E7%94%B0%20%E6%9D%B1%E4%BA%AC%E9%83%BD%E4%B8%AD%E5%A4%AE%E5%8C%BA%E9%8A%80%E5%BA%A75-4-8%20%E3%82%AB%E3%83%AA%E3%82%AA%E3%82%AB%E3%83%93%E3%83%ABB1%EF%BC%A6,2021,日本料理 TOKYO,japanese_tokyo,発表日：2021年4月1日
會水庵,東京都港区赤坂6-4-15 シティマンション赤坂　１Ｆ,食べログ 日本料理 TOKYO 百名店 2021,https://tabelog.com/tokyo/A1308/A130801/13002183/,https://www.google.com/maps/search/?api=1&query=%E6%9C%83%E6%B0%B4%E5%BA%B5%20%E6%9D%B1%E4%BA%AC%E9%83%BD%E6%B8%AF%E5%8C%BA%E8%B5%A4%E5%9D%826-4-15%20%E3%82%B7%E3%83%86%E3%82%A3%E3%83%9E%E3%83%B3%E3%82%B7%E3%83%A7%E3%83%B3%E8%B5%A4%E5%9D%82%E3%80%80%EF%BC%91%EF%BC%A6,2021,日本料理 TOKYO,japanese_tokyo,発表日：2021年4月1日
賛否両論,東京都渋谷区恵比寿2-14-4 太田ビル 1F,食べログ 日本料理 TOKYO 百名店 2021,https://tabelog.com/tokyo/A1307/A130703/13001542/,https://www.google.com/maps/search/?api=1&query=%E8%B3%9B%E5%90%A6%E4%B8%A1%E8%AB%96%20%E6%9D%B1%E4%BA%AC%E9%83%BD%E6%B8%8B%E8%B0%B7%E5%8C%BA%E6%81%B5%E6%AF%94%E5%AF%BF2-14-4%20%E5%A4%AA%E7%94%B0%E3%83%93%E3%83%AB%201F,2021,日本料理 TOKYO,japanese_tokyo,発表日：2021年4月1日
豪龍久保,東京都港区西麻布2-15-1 三澤ビル Ｂ1Ｆ,食べログ 日本料理 TOKYO 百名店 2021,https://tabelog.com/tokyo/A1306/A130602/13156859/,https://www.google.com/maps/search/?api=1&query=%E8%B1%AA%E9%BE%8D%E4%B9%85%E4%BF%9D%20%E6%9D%B1%E4%BA%AC%E9%83%BD%E6%B8%AF%E5%8C%BA%E8%A5%BF%E9%BA%BB%E5%B8%832-15-1%20%E4%B8%89%E6%BE%A4%E3%83%93%E3%83%AB%20%EF%BC%A21%EF%BC%A6,2021,日本料理 TOKYO,japanese_tokyo,発表日：2021年4月1日
とく山,東京都港区西麻布4-11-28 麻布エンパイヤマンション B1F,食べログ 日本料理 TOKYO 百名店 2021,https://tabelog.com/tokyo/A1307/A130703/13002088/,https://www.google.com/maps/search/?api=1&query=%E3%81%A8%E3%81%8F%E5%B1%B1%20%E6%9D%B1%E4%BA%AC%E9%83%BD%E6%B8%AF%E5%8C%BA%E8%A5%BF%E9%BA%BB%E5%B8%834-11-28%20%E9%BA%BB%E5%B8%83%E3%82%A8%E3%83%B3%E3%83%91%E3%82%A4%E3%83%A4%E3%83%9E%E3%83%B3%E3%82%B7%E3%83%A7%E3%83%B3%20B1F,2021,日本料理 TOKYO,japanese_tokyo,発表日：2021年4月1日
赤坂おぎ乃,東京都港区赤坂6-3-13,食べログ 日本料理 TOKYO 百名店 2021,https://tabelog.com/tokyo/A1308/A130801/13245499/,https://www.google.com/maps/search/?api=1&query=%E8%B5%A4%E5%9D%82%E3%81%8A%E3%81%8E%E4%B9%83%20%E6%9D%B1%E4%BA%AC%E9%83%BD%E6%B8%AF%E5%8C%BA%E8%B5%A4%E5%9D%826-3-13,2021,日本料理 TOKYO,japanese_tokyo,発表日：2021年4月1日
新宿割烹 中嶋,東京都新宿区新宿3-32-5 日原ビル　Ｂ１Ｆ,食べログ 日本料理 TOKYO 百名店 2021,https://tabelog.com/tokyo/A1304/A130401/13000959/,https://www.google.com/maps/search/?api=1&query=%E6%96%B0%E5%AE%BF%E5%89%B2%E7%83%B9%20%E4%B8%AD%E5%B6%8B%20%E6%9D%B1%E4%BA%AC%E9%83%BD%E6%96%B0%E5%AE%BF%E5%8C%BA%E6%96%B0%E5%AE%BF3-32-5%20%E6%97%A5%E5%8E%9F%E3%83%93%E3%83%AB%E3%80%80%EF%BC%A2%EF%BC%91%EF%BC%A6,2021,日本料理 TOKYO,japanese_tokyo,発表日：2021年4月1日
銀座 しのはら,東京都中央区銀座2-8-17 ハビウル銀座2 B1,食べログ 日本料理 TOKYO 百名店 2021,https://tabelog.com/tokyo/A1301/A130101/13200949/,https://www.google.com/maps/search/?api=1&query=%E9%8A%80%E5%BA%A7%20%E3%81%97%E3%81%AE%E3%81%AF%E3%82%89%20%E6%9D%B1%E4%BA%AC%E9%83%BD%E4%B8%AD%E5%A4%AE%E5%8C%BA%E9%8A%80%E5%BA%A72-8-17%20%E3%83%8F%E3%83%93%E3%82%A6%E3%83%AB%E9%8A%80%E5%BA%A72%20B1,2021,日本料理 TOKYO,japanese_tokyo,発表日：2021年4月1日
銀座 小十,東京都中央区銀座5-4-8 カリオカビル 4F,食べログ 日本料理 TOKYO 百名店 2021,https://tabelog.com/tokyo/A1301/A130101/13005683/,https://www.google.com/maps/search/?api=1&query=%E9%8A%80%E5%BA%A7%20%E5%B0%8F%E5%8D%81%20%E6%9D%B1%E4%BA%AC%E9%83%BD%E4%B8%AD%E5%A4%AE%E5%8C%BA%E9%8A%80%E5%BA%A75-4-8%20%E3%82%AB%E3%83%AA%E3%82%AA%E3%82%AB%E3%83%93%E3%83%AB%204F,2021,日本料理 TOKYO,japanese_tokyo,発表日：2021年4月1日
銀座・器楽亭,東京都中央区銀座6-5-13 銀座美術館ビル 8F,食べログ 日本料理 TOKYO 百名店 2021,https://tabelog.com/tokyo/A1301/A130101/13245491/,https://www.google.com/maps/search/?api=1&query=%E9%8A%80%E5%BA%A7%E3%83%BB%E5%99%A8%E6%A5%BD%E4%BA%AD%20%E6%9D%B1%E4%BA%AC%E9%83%BD%E4%B8%AD%E5%A4%AE%E5%8C%BA%E9%8A%80%E5%BA%A76-5-13%20%E9%8A%80%E5%BA%A7%E7%BE%8E%E8%A1%93%E9%A4%A8%E3%83%93%E3%83%AB%208F,2021,日本料理 TOKYO,japanese_tokyo,発表日：2021年4月1日
新ばし 笹田,東京都港区西新橋1-23-7 プレシャスコート虎ノ門1F,食べログ 日本料理 TOKYO 百名店 2021,https://tabelog.com/tokyo/A1301/A130103/13020781/,https://www.google.com/maps/search/?api=1&query=%E6%96%B0%E3%81%B0%E3%81%97%20%E7%AC%B9%E7%94%B0%20%E6%9D%B1%E4%BA%AC%E9%83%BD%E6%B8%AF%E5%8C%BA%E8%A5%BF%E6%96%B0%E6%A9%8B1-23-7%20%E3%83%97%E3%83%AC%E3%82%B7%E3%83%A3%E3%82%B9%E3%82%B3%E3%83%BC%E3%83%88%E8%99%8E%E3%83%8E%E9%96%801F,2021,日本料理 TOKYO,japanese_tokyo,発表日：2021年4月1日
和創作 太,東京都品川区上大崎2-26-5 メグロードビル　Ｂ１Ｆ,食べログ 日本料理 TOKYO 百名店 2021,https://tabelog.com/tokyo/A1316/A131601/13034770/,https://www.google.com/maps/search/?api=1&query=%E5%92%8C%E5%89%B5%E4%BD%9C%20%E5%A4%AA%20%E6%9D%B1%E4%BA%AC%E9%83%BD%E5%93%81%E5%B7%9D%E5%8C%BA%E4%B8%8A%E5%A4%A7%E5%B4%8E2-26-5%20%E3%83%A1%E3%82%B0%E3%83%AD%E3%83%BC%E3%83%89%E3%83%93%E3%83%AB%E3%80%80%EF%BC%A2%EF%BC%91%EF%BC%A6,2021,日本料理 TOKYO,japanese_tokyo,発表日：2021年4月1日
梢,東京都新宿区西新宿3-7-1-2 パークハイアット東京 40F,食べログ 日本料理 TOKYO 百名店 2021,https://tabelog.com/tokyo/A1304/A130401/13004206/,https://www.google.com/maps/search/?api=1&query=%E6%A2%A2%20%E6%9D%B1%E4%BA%AC%E9%83%BD%E6%96%B0%E5%AE%BF%E5%8C%BA%E8%A5%BF%E6%96%B0%E5%AE%BF3-7-1-2%20%E3%83%91%E3%83%BC%E3%82%AF%E3%83%8F%E3%82%A4%E3%82%A2%E3%83%83%E3%83%88%E6%9D%B1%E4%BA%AC%2040F,2021,日本料理 TOKYO,japanese_tokyo,発表日：2021年4月1日
やげんぼり 赤坂店,東京都港区赤坂3-19-5,食べログ 日本料理 TOKYO 百名店 2021,https://tabelog.com/tokyo/A1308/A130801/13002749/,https://www.google.com/maps/search/?api=1&query=%E3%82%84%E3%81%92%E3%82%93%E3%81%BC%E3%82%8A%20%E8%B5%A4%E5%9D%82%E5%BA%97%20%E6%9D%B1%E4%BA%AC%E9%83%BD%E6%B8%AF%E5%8C%BA%E8%B5%A4%E5%9D%823-19-5,2021,日本料理 TOKYO,japanese_tokyo,発表日：2021年4月1日
津の守坂 小柴,東京都新宿区荒木町15 サンシャトー四谷203,食べログ 日本料理 TOKYO 百名店 2021,https://tabelog.com/tokyo/A1309/A130903/13200286/,https://www.google.com/maps/search/?api=1&query=%E6%B4%A5%E3%81%AE%E5%AE%88%E5%9D%82%20%E5%B0%8F%E6%9F%B4%20%E6%9D%B1%E4%BA%AC%E9%83%BD%E6%96%B0%E5%AE%BF%E5%8C%BA%E8%8D%92%E6%9C%A8%E7%94%BA15%20%E3%82%B5%E3%83%B3%E3%82%B7%E3%83%A3%E3%83%88%E3%83%BC%E5%9B%9B%E8%B0%B7203,2021,日本料理 TOKYO,japanese_tokyo,発表日：2021年4月1日
寛幸,東京都中央区銀座4-10-1 HOLON-GINZA 6F,食べログ 日本料理 TOKYO 百名店 2021,https://tabelog.com/tokyo/A1301/A130101/13187102/,https://www.google.com/maps/search/?api=1&query=%E5%AF%9B%E5%B9%B8%20%E6%9D%B1%E4%BA%AC%E9%83%BD%E4%B8%AD%E5%A4%AE%E5%8C%BA%E9%8A%80%E5%BA%A74-10-1%20HOLON-GINZA%206F,2021,日本料理 TOKYO,japanese_tokyo,発表日：2021年4月1日
神楽坂 石かわ,東京都新宿区神楽坂5-37 高村ビル　１Ｆ,食べログ 日本料理 TOKYO 百名店 2021,https://tabelog.com/tokyo/A1309/A130905/13004079/,https://www.google.com/maps/search/?api=1&query=%E7%A5%9E%E6%A5%BD%E5%9D%82%20%E7%9F%B3%E3%81%8B%E3%82%8F%20%E6%9D%B1%E4%BA%AC%E9%83%BD%E6%96%B0%E5%AE%BF%E5%8C%BA%E7%A5%9E%E6%A5%BD%E5%9D%825-37%20%E9%AB%98%E6%9D%91%E3%83%93%E3%83%AB%E3%80%80%EF%BC%91%EF%BC%A6,2021,日本料理 TOKYO,japanese_tokyo,発表日：2021年4月1日
米福,東京都渋谷区恵比寿西1-4-2 川田ビル B1F,食べログ 日本料理 TOKYO 百名店 2021,https://tabelog.com/tokyo/A1303/A130302/13049538/,https://www.google.com/maps/search/?api=1&query=%E7%B1%B3%E7%A6%8F%20%E6%9D%B1%E4%BA%AC%E9%83%BD%E6%B8%8B%E8%B0%B7%E5%8C%BA%E6%81%B5%E6%AF%94%E5%AF%BF%E8%A5%BF1-4-2%20%E5%B7%9D%E7%94%B0%E3%83%93%E3%83%AB%20B1F,2021,日本料理 TOKYO,japanese_tokyo,発表日：2021年4月1日
まる富,東京都新宿区住吉町2-18 ウィン四谷 1F,食べログ 日本料理 TOKYO 百名店 2021,https://tabelog.com/tokyo/A1309/A130903/13158579/,https://www.google.com/maps/search/?api=1&query=%E3%81%BE%E3%82%8B%E5%AF%8C%20%E6%9D%B1%E4%BA%AC%E9%83%BD%E6%96%B0%E5%AE%BF%E5%8C%BA%E4%BD%8F%E5%90%89%E7%94%BA2-18%20%E3%82%A6%E3%82%A3%E3%83%B3%E5%9B%9B%E8%B0%B7%201F,2021,日本料理 TOKYO,japanese_tokyo,発表日：2021年4月1日
志づ香,東京都江東区門前仲町1-4-10 スウィングビル　１Ｆ,食べログ 日本料理 TOKYO 百名店 2021,https://tabelog.com/tokyo/A1313/A131303/13003006/,https://www.google.com/maps/search/?api=1&query=%E5%BF%97%E3%81%A5%E9%A6%99%20%E6%9D%B1%E4%BA%AC%E9%83%BD%E6%B1%9F%E6%9D%B1%E5%8C%BA%E9%96%80%E5%89%8D%E4%BB%B2%E7%94%BA1-4-10%20%E3%82%B9%E3%82%A6%E3%82%A3%E3%83%B3%E3%82%B0%E3%83%93%E3%83%AB%E3%80%80%EF%BC%91%EF%BC%A6,2021,日本料理 TOKYO,japanese_tokyo,発表日：2021年4月1日
東京 芝 とうふ屋うかい,東京都港区芝公園4-4-13,食べログ 日本料理 TOKYO 百名店 2021,https://tabelog.com/tokyo/A1314/A131401/13019665/,https://www.google.com/maps/search/?api=1&query=%E6%9D%B1%E4%BA%AC%20%E8%8A%9D%20%E3%81%A8%E3%81%86%E3%81%B5%E5%B1%8B%E3%81%86%E3%81%8B%E3%81%84%20%E6%9D%B1%E4%BA%AC%E9%83%BD%E6%B8%AF%E5%8C%BA%E8%8A%9D%E5%85%AC%E5%9C%924-4-13,2021,日本料理 TOKYO,japanese_tokyo,発表日：2021年4月1日
帰燕,東京都港区赤坂2-18-8,食べログ 日本料理 TOKYO 百名店 2021,https://tabelog.com/tokyo/A1308/A130802/13100055/,https://www.google.com/maps/search/?api=1&query=%E5%B8%B0%E7%87%95%20%E6%9D%B1%E4%BA%AC%E9%83%BD%E6%B8%AF%E5%8C%BA%E8%B5%A4%E5%9D%822-18-8,2021,日本料理 TOKYO,japanese_tokyo,発表日：2021年4月1日
銀座うち山,東京都中央区銀座2-12-3 ライトビル B1F,食べログ 日本料理 TOKYO 百名店 2021,https://tabelog.com/tokyo/A1301/A130101/13002322/,https://www.google.com/maps/search/?api=1&query=%E9%8A%80%E5%BA%A7%E3%81%86%E3%81%A1%E5%B1%B1%20%E6%9D%B1%E4%BA%AC%E9%83%BD%E4%B8%AD%E5%A4%AE%E5%8C%BA%E9%8A%80%E5%BA%A72-12-3%20%E3%83%A9%E3%82%A4%E3%83%88%E3%83%93%E3%83%AB%20B1F,2021,日本料理 TOKYO,japanese_tokyo,発表日：2021年4月1日
銀座ふじやま,東京都中央区銀座3-3-6 銀座モリタビル 7F,食べログ 日本料理 TOKYO 百名店 2021,https://tabelog.com/tokyo/A1301/A130101/13232735/,https://www.google.com/maps/search/?api=1&query=%E9%8A%80%E5%BA%A7%E3%81%B5%E3%81%98%E3%82%84%E3%81%BE%20%E6%9D%B1%E4%BA%AC%E9%83%BD%E4%B8%AD%E5%A4%AE%E5%8C%BA%E9%8A%80%E5%BA%A73-3-6%20%E9%8A%80%E5%BA%A7%E3%83%A2%E3%83%AA%E3%82%BF%E3%83%93%E3%83%AB%207F,2021,日本料理 TOKYO,japanese_tokyo,発表日：2021年4月1日
懐石料理 はし本,東京都中央区日本橋本町2-3-6 協同ビル 1Ｆ,食べログ 日本料理 TOKYO 百名店 2021,https://tabelog.com/tokyo/A1302/A130202/13154602/,https://www.google.com/maps/search/?api=1&query=%E6%87%90%E7%9F%B3%E6%96%99%E7%90%86%20%E3%81%AF%E3%81%97%E6%9C%AC%20%E6%9D%B1%E4%BA%AC%E9%83%BD%E4%B8%AD%E5%A4%AE%E5%8C%BA%E6%97%A5%E6%9C%AC%E6%A9%8B%E6%9C%AC%E7%94%BA2-3-6%20%E5%8D%94%E5%90%8C%E3%83%93%E3%83%AB%201%EF%BC%A6,2021,日本料理 TOKYO,japanese_tokyo,発表日：2021年4月1日
西麻布 大竹,東京都港区西麻布1-4-23 コア西麻布 1F,食べログ 日本料理 TOKYO 百名店 2021,https://tabelog.com/tokyo/A1307/A130701/13215804/,https://www.google.com/maps/search/?api=1&query=%E8%A5%BF%E9%BA%BB%E5%B8%83%20%E5%A4%A7%E7%AB%B9%20%E6%9D%B1%E4%BA%AC%E9%83%BD%E6%B8%AF%E5%8C%BA%E8%A5%BF%E9%BA%BB%E5%B8%831-4-23%20%E3%82%B3%E3%82%A2%E8%A5%BF%E9%BA%BB%E5%B8%83%201F,2021,日本料理 TOKYO,japanese_tokyo,発表日：2021年4月1日
かんだ,東京都港区元麻布3-6-34 カーム元麻布　１Ｆ,食べログ 日本料理 TOKYO 百名店 2021,https://tabelog.com/tokyo/A1307/A130701/13005439/,https://www.google.com/maps/search/?api=1&query=%E3%81%8B%E3%82%93%E3%81%A0%20%E6%9D%B1%E4%BA%AC%E9%83%BD%E6%B8%AF%E5%8C%BA%E5%85%83%E9%BA%BB%E5%B8%833-6-34%20%E3%82%AB%E3%83%BC%E3%83%A0%E5%85%83%E9%BA%BB%E5%B8%83%E3%80%80%EF%BC%91%EF%BC%A6,2021,日本料理 TOKYO,japanese_tokyo,発表日：2021年4月1日
白金台こばやし,東京都港区白金台5-11-3 バルビゾン91 102,食べログ 日本料理 TOKYO 百名店 2021,https://tabelog.com/tokyo/A1303/A130302/13162454/,https://www.google.com/maps/search/?api=1&query=%E7%99%BD%E9%87%91%E5%8F%B0%E3%81%93%E3%81%B0%E3%82%84%E3%81%97%20%E6%9D%B1%E4%BA%AC%E9%83%BD%E6%B8%AF%E5%8C%BA%E7%99%BD%E9%87%91%E5%8F%B05-11-3%20%E3%83%90%E3%83%AB%E3%83%93%E3%82%BE%E3%83%B391%20102,2021,日本料理 TOKYO,japanese_tokyo,発表日：2021年4月1日
銀座 よし澤,東京都中央区銀座1-13-8 ハビウル銀座ビル B1F,食べログ 日本料理 TOKYO 百名店 2021,https://tabelog.com/tokyo/A1301/A130101/13175030/,https://www.google.com/maps/search/?api=1&query=%E9%8A%80%E5%BA%A7%20%E3%82%88%E3%81%97%E6%BE%A4%20%E6%9D%B1%E4%BA%AC%E9%83%BD%E4%B8%AD%E5%A4%AE%E5%8C%BA%E9%8A%80%E5%BA%A71-13-8%20%E3%83%8F%E3%83%93%E3%82%A6%E3%83%AB%E9%8A%80%E5%BA%A7%E3%83%93%E3%83%AB%20B1F,2021,日本料理 TOKYO,japanese_tokyo,発表日：2021年4月1日
麻布十番 ふくだ,東京都港区麻布十番3-7-5 マスコビル麻布弐番館 1F,食べログ 日本料理 TOKYO 百名店 2021,https://tabelog.com/tokyo/A1307/A130702/13174951/,https://www.google.com/maps/search/?api=1&query=%E9%BA%BB%E5%B8%83%E5%8D%81%E7%95%AA%20%E3%81%B5%E3%81%8F%E3%81%A0%20%E6%9D%B1%E4%BA%AC%E9%83%BD%E6%B8%AF%E5%8C%BA%E9%BA%BB%E5%B8%83%E5%8D%81%E7%95%AA3-7-5%20%E3%83%9E%E3%82%B9%E3%82%B3%E3%83%93%E3%83%AB%E9%BA%BB%E5%B8%83%E5%BC%90%E7%95%AA%E9%A4%A8%201F,2021,日本料理 TOKYO,japanese_tokyo,発表日：2021年4月1日
銀座 あさみ,東京都中央区銀座8-16-6 ときわぎ館　１Ｆ,食べログ 日本料理 TOKYO 百名店 2021,https://tabelog.com/tokyo/A1301/A130103/13004981/,https://www.google.com/maps/search/?api=1&query=%E9%8A%80%E5%BA%A7%20%E3%81%82%E3%81%95%E3%81%BF%20%E6%9D%B1%E4%BA%AC%E9%83%BD%E4%B8%AD%E5%A4%AE%E5%8C%BA%E9%8A%80%E5%BA%A78-16-6%20%E3%81%A8%E3%81%8D%E3%82%8F%E3%81%8E%E9%A4%A8%E3%80%80%EF%BC%91%EF%BC%A6,2021,日本料理 TOKYO,japanese_tokyo,発表日：2021年4月1日
くろぎ,東京都港区芝公園1-7-10,食べログ 日本料理 TOKYO 百名店 2021,https://tabelog.com/tokyo/A1314/A131401/13094789/,https://www.google.com/maps/search/?api=1&query=%E3%81%8F%E3%82%8D%E3%81%8E%20%E6%9D%B1%E4%BA%AC%E9%83%BD%E6%B8%AF%E5%8C%BA%E8%8A%9D%E5%85%AC%E5%9C%921-7-10,2021,日本料理 TOKYO,japanese_tokyo,発表日：2021年4月1日
赤坂とゝや魚新,東京都港区赤坂5-1-34 Ｔｈｅ　Ｑｕａｒｔｅｒ　Ｈｏｕｓｅ　１Ｆ,食べログ 日本料理 TOKYO 百名店 2021,https://tabelog.com/tokyo/A1308/A130801/13002818/,https://www.google.com/maps/search/?api=1&query=%E8%B5%A4%E5%9D%82%E3%81%A8%E3%82%9D%E3%82%84%E9%AD%9A%E6%96%B0%20%E6%9D%B1%E4%BA%AC%E9%83%BD%E6%B8%AF%E5%8C%BA%E8%B5%A4%E5%9D%825-1-34%20%EF%BC%B4%EF%BD%88%EF%BD%85%E3%80%80%EF%BC%B1%EF%BD%95%EF%BD%81%EF%BD%92%EF%BD%94%EF%BD%85%EF%BD%92%E3%80%80%EF%BC%A8%EF%BD%8F%EF%BD%95%EF%BD%93%EF%BD%85%E3%80%80%EF%BC%91%EF%BC%A6,2021,日本料理 TOKYO,japanese_tokyo,発表日：2021年4月1日
御成門はる,東京都港区芝大門1-2-2 中川ビル 1F,食べログ 日本料理 TOKYO 百名店 2021,https://tabelog.com/tokyo/A1314/A131401/13233057/,https://www.google.com/maps/search/?api=1&query=%E5%BE%A1%E6%88%90%E9%96%80%E3%81%AF%E3%82%8B%20%E6%9D%B1%E4%BA%AC%E9%83%BD%E6%B8%AF%E5%8C%BA%E8%8A%9D%E5%A4%A7%E9%96%801-2-2%20%E4%B8%AD%E5%B7%9D%E3%83%93%E3%83%AB%201F,2021,日本料理 TOKYO,japanese_tokyo,発表日：2021年4月1日
はらまさ,東京都新宿区四谷4-8 ライオンズ四谷タワーゲート店舗棟 B1F,食べログ 日本料理 TOKYO 百名店 2021,https://tabelog.com/tokyo/A1309/A130903/13151542/,https://www.google.com/maps/search/?api=1&query=%E3%81%AF%E3%82%89%E3%81%BE%E3%81%95%20%E6%9D%B1%E4%BA%AC%E9%83%BD%E6%96%B0%E5%AE%BF%E5%8C%BA%E5%9B%9B%E8%B0%B74-8%20%E3%83%A9%E3%82%A4%E3%82%AA%E3%83%B3%E3%82%BA%E5%9B%9B%E8%B0%B7%E3%82%BF%E3%83%AF%E3%83%BC%E3%82%B2%E3%83%BC%E3%83%88%E5%BA%97%E8%88%97%E6%A3%9F%20B1F,2021,日本料理 TOKYO,japanese_tokyo,発表日：2021年4月1日
懐食みちば,東京都中央区銀座6-9-9 かねまつビル　８Ｆ,食べログ 日本料理 TOKYO 百名店 2021,https://tabelog.com/tokyo/A1301/A130101/13014415/,https://www.google.com/maps/search/?api=1&query=%E6%87%90%E9%A3%9F%E3%81%BF%E3%81%A1%E3%81%B0%20%E6%9D%B1%E4%BA%AC%E9%83%BD%E4%B8%AD%E5%A4%AE%E5%8C%BA%E9%8A%80%E5%BA%A76-9-9%20%E3%81%8B%E3%81%AD%E3%81%BE%E3%81%A4%E3%83%93%E3%83%AB%E3%80%80%EF%BC%98%EF%BC%A6,2021,日本料理 TOKYO,japanese_tokyo,発表日：2021年4月1日
銀座 水野,東京都中央区銀座3-4-5 銀三ビル 2F,食べログ 日本料理 TOKYO 百名店 2021,https://tabelog.com/tokyo/A1301/A130101/13111900/,https://www.google.com/maps/search/?api=1&query=%E9%8A%80%E5%BA%A7%20%E6%B0%B4%E9%87%8E%20%E6%9D%B1%E4%BA%AC%E9%83%BD%E4%B8%AD%E5%A4%AE%E5%8C%BA%E9%8A%80%E5%BA%A73-4-5%20%E9%8A%80%E4%B8%89%E3%83%93%E3%83%AB%202F,2021,日本料理 TOKYO,japanese_tokyo,発表日：2021年4月1日
韻松亭,東京都台東区上野公園4-59,食べログ 日本料理 TOKYO 百名店 2021,https://tabelog.com/tokyo/A1311/A131101/13003560/,https://www.google.com/maps/search/?api=1&query=%E9%9F%BB%E6%9D%BE%E4%BA%AD%20%E6%9D%B1%E4%BA%AC%E9%83%BD%E5%8F%B0%E6%9D%B1%E5%8C%BA%E4%B8%8A%E9%87%8E%E5%85%AC%E5%9C%924-59,2021,日本料理 TOKYO,japanese_tokyo,発表日：2021年4月1日
ふく田,東京都江東区牡丹3-27-6,食べログ 日本料理 TOKYO 百名店 2021,https://tabelog.com/tokyo/A1313/A131303/13022419/,https://www.google.com/maps/search/?api=1&query=%E3%81%B5%E3%81%8F%E7%94%B0%20%E6%9D%B1%E4%BA%AC%E9%83%BD%E6%B1%9F%E6%9D%B1%E5%8C%BA%E7%89%A1%E4%B8%B93-27-6,2021,日本料理 TOKYO,japanese_tokyo,発表日：2021年4月1日
銀座くどう,東京都中央区銀座5-14-14 サンリット銀座ビルⅢ 3F,食べログ 日本料理 TOKYO 百名店 2021,https://tabelog.com/tokyo/A1301/A130101/13212919/,https://www.google.com/maps/search/?api=1&query=%E9%8A%80%E5%BA%A7%E3%81%8F%E3%81%A9%E3%81%86%20%E6%9D%B1%E4%BA%AC%E9%83%BD%E4%B8%AD%E5%A4%AE%E5%8C%BA%E9%8A%80%E5%BA%A75-14-14%20%E3%82%B5%E3%83%B3%E3%83%AA%E3%83%83%E3%83%88%E9%8A%80%E5%BA%A7%E3%83%93%E3%83%AB%E2%85%A2%203F,2021,日本料理 TOKYO,japanese_tokyo,発表日：2021年4月1日
割烹 喜作,東京都港区麻布十番3-3-9 VORT麻布十番Ⅱ 5F,食べログ 日本料理 TOKYO 百名店 2021,https://tabelog.com/tokyo/A1307/A130702/13111754/,https://www.google.com/maps/search/?api=1&query=%E5%89%B2%E7%83%B9%20%E5%96%9C%E4%BD%9C%20%E6%9D%B1%E4%BA%AC%E9%83%BD%E6%B8%AF%E5%8C%BA%E9%BA%BB%E5%B8%83%E5%8D%81%E7%95%AA3-3-9%20VORT%E9%BA%BB%E5%B8%83%E5%8D%81%E7%95%AA%E2%85%A1%205F,2021,日本料理 TOKYO,japanese_tokyo,発表日：2021年4月1日
銀座 とよだ,東京都中央区銀座7-5-4 ラヴィアーレ銀座ビル 2Ｆ,食べログ 日本料理 TOKYO 百名店 2021,https://tabelog.com/tokyo/A1301/A130101/13009543/,https://www.google.com/maps/search/?api=1&query=%E9%8A%80%E5%BA%A7%20%E3%81%A8%E3%82%88%E3%81%A0%20%E6%9D%B1%E4%BA%AC%E9%83%BD%E4%B8%AD%E5%A4%AE%E5%8C%BA%E9%8A%80%E5%BA%A77-5-4%20%E3%83%A9%E3%83%B4%E3%82%A3%E3%82%A2%E3%83%BC%E3%83%AC%E9%8A%80%E5%BA%A7%E3%83%93%E3%83%AB%202%EF%BC%A6,2021,日本料理 TOKYO,japanese_tokyo,発表日：2021年4月1日
三友居 高輪店,東京都港区高輪1-27-19,食べログ 日本料理 TOKYO 百名店 2021,https://tabelog.com/tokyo/A1316/A131603/13113088/,https://www.google.com/maps/search/?api=1&query=%E4%B8%89%E5%8F%8B%E5%B1%85%20%E9%AB%98%E8%BC%AA%E5%BA%97%20%E6%9D%B1%E4%BA%AC%E9%83%BD%E6%B8%AF%E5%8C%BA%E9%AB%98%E8%BC%AA1-27-19,2021,日本料理 TOKYO,japanese_tokyo,発表日：2021年4月1日
ひろ作,東京都港区新橋3-6-13,食べログ 日本料理 TOKYO 百名店 2021,https://tabelog.com/tokyo/A1301/A130103/13015266/,https://www.google.com/maps/search/?api=1&query=%E3%81%B2%E3%82%8D%E4%BD%9C%20%E6%9D%B1%E4%BA%AC%E9%83%BD%E6%B8%AF%E5%8C%BA%E6%96%B0%E6%A9%8B3-6-13,2021,日本料理 TOKYO,japanese_tokyo,発表日：2021年4月1日
川田,東京都中央区日本橋人形町1-5-5 B1F,食べログ 日本料理 TOKYO 百名店 2021,https://tabelog.com/tokyo/A1302/A130204/13232330/,https://www.google.com/maps/search/?api=1&query=%E5%B7%9D%E7%94%B0%20%E6%9D%B1%E4%BA%AC%E9%83%BD%E4%B8%AD%E5%A4%AE%E5%8C%BA%E6%97%A5%E6%9C%AC%E6%A9%8B%E4%BA%BA%E5%BD%A2%E7%94%BA1-5-5%20B1F,2021,日本料理 TOKYO,japanese_tokyo,発表日：2021年4月1日
炭焼き かどた/お料理すゞ㐂,東京都渋谷区恵比寿西1-1-2 しんみつビル B1F,食べログ 日本料理 TOKYO 百名店 2021,https://tabelog.com/tokyo/A1303/A130302/13016622/,https://www.google.com/maps/search/?api=1&query=%E7%82%AD%E7%84%BC%E3%81%8D%20%E3%81%8B%E3%81%A9%E3%81%9F/%E3%81%8A%E6%96%99%E7%90%86%E3%81%99%E3%82%9E%E3%90%82%20%E6%9D%B1%E4%BA%AC%E9%83%BD%E6%B8%8B%E8%B0%B7%E5%8C%BA%E6%81%B5%E6%AF%94%E5%AF%BF%E8%A5%BF1-1-2%20%E3%81%97%E3%82%93%E3%81%BF%E3%81%A4%E3%83%93%E3%83%AB%20B1F,2021,日本料理 TOKYO,japanese_tokyo,発表日：2021年4月1日
赤坂 菊乃井,東京都港区赤坂6-13-8,食べログ 日本料理 TOKYO 百名店 2021,https://tabelog.com/tokyo/A1308/A130801/13002514/,https://www.google.com/maps/search/?api=1&query=%E8%B5%A4%E5%9D%82%20%E8%8F%8A%E4%B9%83%E4%BA%95%20%E6%9D%B1%E4%BA%AC%E9%83%BD%E6%B8%AF%E5%8C%BA%E8%B5%A4%E5%9D%826-13-8,2021,日本料理 TOKYO,japanese_tokyo,発表日：2021年4月1日
喰善 あべ,東京都中央区銀座5-6-10 都ビル 4F,食べログ 日本料理 TOKYO 百名店 2021,https://tabelog.com/tokyo/A1301/A130101/13162190/,https://www.google.com/maps/search/?api=1&query=%E5%96%B0%E5%96%84%20%E3%81%82%E3%81%B9%20%E6%9D%B1%E4%BA%AC%E9%83%BD%E4%B8%AD%E5%A4%AE%E5%8C%BA%E9%8A%80%E5%BA%A75-6-10%20%E9%83%BD%E3%83%93%E3%83%AB%204F,2021,日本料理 TOKYO,japanese_tokyo,発表日：2021年4月1日
恵比寿 くろいわ,東京都渋谷区恵比寿4-11-12,食べログ 日本料理 TOKYO 百名店 2021,https://tabelog.com/tokyo/A1303/A130302/13186582/,https://www.google.com/maps/search/?api=1&query=%E6%81%B5%E6%AF%94%E5%AF%BF%20%E3%81%8F%E3%82%8D%E3%81%84%E3%82%8F%20%E6%9D%B1%E4%BA%AC%E9%83%BD%E6%B8%8B%E8%B0%B7%E5%8C%BA%E6%81%B5%E6%AF%94%E5%AF%BF4-11-12,2021,日本料理 TOKYO,japanese_tokyo,発表日：2021年4月1日
日本料理 太月,東京都港区北青山3-13-1 北青山関根ビル B1F,食べログ 日本料理 TOKYO 百名店 2021,https://tabelog.com/tokyo/A1306/A130602/13160021/,https://www.google.com/maps/search/?api=1&query=%E6%97%A5%E6%9C%AC%E6%96%99%E7%90%86%20%E5%A4%AA%E6%9C%88%20%E6%9D%B1%E4%BA%AC%E9%83%BD%E6%B8%AF%E5%8C%BA%E5%8C%97%E9%9D%92%E5%B1%B13-13-1%20%E5%8C%97%E9%9D%92%E5%B1%B1%E9%96%A2%E6%A0%B9%E3%83%93%E3%83%AB%20B1F,2021,日本料理 TOKYO,japanese_tokyo,発表日：2021年4月1日
いち太,東京都港区南青山3-4-6 AOYAMA346 101,食べログ 日本料理 TOKYO 百名店 2021,https://tabelog.com/tokyo/A1306/A130603/13176396/,https://www.google.com/maps/search/?api=1&query=%E3%81%84%E3%81%A1%E5%A4%AA%20%E6%9D%B1%E4%BA%AC%E9%83%BD%E6%B8%AF%E5%8C%BA%E5%8D%97%E9%9D%92%E5%B1%B13-4-6%20AOYAMA346%20101,2021,日本料理 TOKYO,japanese_tokyo,発表日：2021年4月1日
麻布 幸村,東京都港区麻布十番1-5-5 湯建麻布十番ビル 3F,食べログ 日本料理 TOKYO 百名店 2021,https://tabelog.com/tokyo/A1307/A130702/13005316/,https://www.google.com/maps/search/?api=1&query=%E9%BA%BB%E5%B8%83%20%E5%B9%B8%E6%9D%91%20%E6%9D%B1%E4%BA%AC%E9%83%BD%E6%B8%AF%E5%8C%BA%E9%BA%BB%E5%B8%83%E5%8D%81%E7%95%AA1-5-5%20%E6%B9%AF%E5%BB%BA%E9%BA%BB%E5%B8%83%E5%8D%81%E7%95%AA%E3%83%93%E3%83%AB%203F,2021,日本料理 TOKYO,japanese_tokyo,発表日：2021年4月1日
常,東京都港区西麻布4-11-25 モダンフォルム西麻布ビル 2F,食べログ 日本料理 TOKYO 百名店 2021,https://tabelog.com/tokyo/A1307/A130703/13220791/,https://www.google.com/maps/search/?api=1&query=%E5%B8%B8%20%E6%9D%B1%E4%BA%AC%E9%83%BD%E6%B8%AF%E5%8C%BA%E8%A5%BF%E9%BA%BB%E5%B8%834-11-25%20%E3%83%A2%E3%83%80%E3%83%B3%E3%83%95%E3%82%A9%E3%83%AB%E3%83%A0%E8%A5%BF%E9%BA%BB%E5%B8%83%E3%83%93%E3%83%AB%202F,2021,日本料理 TOKYO,japanese_tokyo,発表日：2021年4月1日
日本料理 いふう,東京都目黒区上目黒2-7-11,食べログ 日本料理 TOKYO 百名店 2021,https://tabelog.com/tokyo/A1317/A131701/13018859/,https://www.google.com/maps/search/?api=1&query=%E6%97%A5%E6%9C%AC%E6%96%99%E7%90%86%20%E3%81%84%E3%81%B5%E3%81%86%20%E6%9D%B1%E4%BA%AC%E9%83%BD%E7%9B%AE%E9%BB%92%E5%8C%BA%E4%B8%8A%E7%9B%AE%E9%BB%922-7-11,2021,日本料理 TOKYO,japanese_tokyo,発表日：2021年4月1日
日本料理 久丹,東京都中央区新富2-5-5 新富MSビル 1F,食べログ 日本料理 TOKYO 百名店 2021,https://tabelog.com/tokyo/A1313/A131301/13220750/,https://www.google.com/maps/search/?api=1&query=%E6%97%A5%E6%9C%AC%E6%96%99%E7%90%86%20%E4%B9%85%E4%B8%B9%20%E6%9D%B1%E4%BA%AC%E9%83%BD%E4%B8%AD%E5%A4%AE%E5%8C%BA%E6%96%B0%E5%AF%8C2-5-5%20%E6%96%B0%E5%AF%8CMS%E3%83%93%E3%83%AB%201F,2021,日本料理 TOKYO,japanese_tokyo,発表日：2021年4月1日
鈴なり,東京都新宿区荒木町7番地 清和荘　１Ｆ,食べログ 日本料理 TOKYO 百名店 2021,https://tabelog.com/tokyo/A1309/A130903/13023513/,https://www.google.com/maps/search/?api=1&query=%E9%88%B4%E3%81%AA%E3%82%8A%20%E6%9D%B1%E4%BA%AC%E9%83%BD%E6%96%B0%E5%AE%BF%E5%8C%BA%E8%8D%92%E6%9C%A8%E7%94%BA7%E7%95%AA%E5%9C%B0%20%E6%B8%85%E5%92%8C%E8%8D%98%E3%80%80%EF%BC%91%EF%BC%A6,2021,日本料理 TOKYO,japanese_tokyo,発表日：2021年4月1日
寿修,東京都港区西麻布2-16-1 斎田ビル1階,食べログ 日本料理 TOKYO 百名店 2021,https://tabelog.com/tokyo/A1306/A130602/13119927/,https://www.google.com/maps/search/?api=1&query=%E5%AF%BF%E4%BF%AE%20%E6%9D%B1%E4%BA%AC%E9%83%BD%E6%B8%AF%E5%8C%BA%E8%A5%BF%E9%BA%BB%E5%B8%832-16-1%20%E6%96%8E%E7%94%B0%E3%83%93%E3%83%AB1%E9%9A%8E,2021,日本料理 TOKYO,japanese_tokyo,発表日：2021年4月1日
銀座 kappou ukai,東京都中央区銀座8-9-15 ジュエルボックス銀座B1階,食べログ 日本料理 TOKYO 百名店 2021,https://tabelog.com/tokyo/A1301/A130103/13167887/,https://www.google.com/maps/search/?api=1&query=%E9%8A%80%E5%BA%A7%20kappou%20ukai%20%E6%9D%B1%E4%BA%AC%E9%83%BD%E4%B8%AD%E5%A4%AE%E5%8C%BA%E9%8A%80%E5%BA%A78-9-15%20%E3%82%B8%E3%83%A5%E3%82%A8%E3%83%AB%E3%83%9C%E3%83%83%E3%82%AF%E3%82%B9%E9%8A%80%E5%BA%A7B1%E9%9A%8E,2021,日本料理 TOKYO,japanese_tokyo,発表日：2021年4月1日
徳うち山,東京都中央区銀座3-12-9 1F,食べログ 日本料理 TOKYO 百名店 2021,https://tabelog.com/tokyo/A1301/A130101/13129656/,https://www.google.com/maps/search/?api=1&query=%E5%BE%B3%E3%81%86%E3%81%A1%E5%B1%B1%20%E6%9D%B1%E4%BA%AC%E9%83%BD%E4%B8%AD%E5%A4%AE%E5%8C%BA%E9%8A%80%E5%BA%A73-12-9%201F,2021,日本料理 TOKYO,japanese_tokyo,発表日：2021年4月1日
懐石 辻留,東京都港区元赤坂1-5-8 虎屋第２ビル B1F,食べログ 日本料理 TOKYO 百名店 2021,https://tabelog.com/tokyo/A1308/A130801/13001228/,https://www.google.com/maps/search/?api=1&query=%E6%87%90%E7%9F%B3%20%E8%BE%BB%E7%95%99%20%E6%9D%B1%E4%BA%AC%E9%83%BD%E6%B8%AF%E5%8C%BA%E5%85%83%E8%B5%A4%E5%9D%821-5-8%20%E8%99%8E%E5%B1%8B%E7%AC%AC%EF%BC%92%E3%83%93%E3%83%AB%20B1F,2021,日本料理 TOKYO,japanese_tokyo,発表日：2021年4月1日
と村,東京都港区虎ノ門1-11-14 第二ジェスペールビル　１Ｆ,食べログ 日本料理 TOKYO 百名店 2021,https://tabelog.com/tokyo/A1308/A130802/13005027/,https://www.google.com/maps/search/?api=1&query=%E3%81%A8%E6%9D%91%20%E6%9D%B1%E4%BA%AC%E9%83%BD%E6%B8%AF%E5%8C%BA%E8%99%8E%E3%83%8E%E9%96%801-11-14%20%E7%AC%AC%E4%BA%8C%E3%82%B8%E3%82%A7%E3%82%B9%E3%83%9A%E3%83%BC%E3%83%AB%E3%83%93%E3%83%AB%E3%80%80%EF%BC%91%EF%BC%A6,2021,日本料理 TOKYO,japanese_tokyo,発表日：2021年4月1日
山さき,東京都新宿区神楽坂4-2 福井ビル 201,食べログ 日本料理 TOKYO 百名店 2021,https://tabelog.com/tokyo/A1309/A130905/13000458/,https://www.google.com/maps/search/?api=1&query=%E5%B1%B1%E3%81%95%E3%81%8D%20%E6%9D%B1%E4%BA%AC%E9%83%BD%E6%96%B0%E5%AE%BF%E5%8C%BA%E7%A5%9E%E6%A5%BD%E5%9D%824-2%20%E7%A6%8F%E4%BA%95%E3%83%93%E3%83%AB%20201,2021,日本料理 TOKYO,japanese_tokyo,発表日：2021年4月1日
和食 こんどう,東京都新宿区荒木町8 ネモトビル 1F,食べログ 日本料理 TOKYO 百名店 2021,https://tabelog.com/tokyo/A1309/A130903/13150477/,https://www.google.com/maps/search/?api=1&query=%E5%92%8C%E9%A3%9F%20%E3%81%93%E3%82%93%E3%81%A9%E3%81%86%20%E6%9D%B1%E4%BA%AC%E9%83%BD%E6%96%B0%E5%AE%BF%E5%8C%BA%E8%8D%92%E6%9C%A8%E7%94%BA8%20%E3%83%8D%E3%83%A2%E3%83%88%E3%83%93%E3%83%AB%201F,2021,日本料理 TOKYO,japanese_tokyo,発表日：2021年4月1日
御料理 無窮,東京都港区六本木6-12-2 六本木ヒルズ レジデンスB棟 3F,食べログ 日本料理 TOKYO 百名店 2021,https://tabelog.com/tokyo/A1307/A130701/13216329/,https://www.google.com/maps/search/?api=1&query=%E5%BE%A1%E6%96%99%E7%90%86%20%E7%84%A1%E7%AA%AE%20%E6%9D%B1%E4%BA%AC%E9%83%BD%E6%B8%AF%E5%8C%BA%E5%85%AD%E6%9C%AC%E6%9C%A86-12-2%20%E5%85%AD%E6%9C%AC%E6%9C%A8%E3%83%92%E3%83%AB%E3%82%BA%20%E3%83%AC%E3%82%B8%E3%83%87%E3%83%B3%E3%82%B9B%E6%A3%9F%203F,2021,日本料理 TOKYO,japanese_tokyo,発表日：2021年4月1日
樋口,東京都渋谷区神宮前2-19-12,食べログ 日本料理 TOKYO 百名店 2021,https://tabelog.com/tokyo/A1306/A130601/13001215/,https://www.google.com/maps/search/?api=1&query=%E6%A8%8B%E5%8F%A3%20%E6%9D%B1%E4%BA%AC%E9%83%BD%E6%B8%8B%E8%B0%B7%E5%8C%BA%E7%A5%9E%E5%AE%AE%E5%89%8D2-19-12,2021,日本料理 TOKYO,japanese_tokyo,発表日：2021年4月1日
ぎんざ 一二岐,東京都中央区銀座2-14-6 第２松岡ビル　Ｂ１Ｆ,食べログ 日本料理 TOKYO 百名店 2021,https://tabelog.com/tokyo/A1313/A131301/13115557/,https://www.google.com/maps/search/?api=1&query=%E3%81%8E%E3%82%93%E3%81%96%20%E4%B8%80%E4%BA%8C%E5%B2%90%20%E6%9D%B1%E4%BA%AC%E9%83%BD%E4%B8%AD%E5%A4%AE%E5%8C%BA%E9%8A%80%E5%BA%A72-14-6%20%E7%AC%AC%EF%BC%92%E6%9D%BE%E5%B2%A1%E3%83%93%E3%83%AB%E3%80%80%EF%BC%A2%EF%BC%91%EF%BC%A6,2021,日本料理 TOKYO,japanese_tokyo,発表日：2021年4月1日
山﨑,東京都港区西麻布1-15-3 西麻布UOUビル 1F,食べログ 日本料理 TOKYO 百名店 2021,https://tabelog.com/tokyo/A1307/A130701/13225691/,https://www.google.com/maps/search/?api=1&query=%E5%B1%B1%EF%A8%91%20%E6%9D%B1%E4%BA%AC%E9%83%BD%E6%B8%AF%E5%8C%BA%E8%A5%BF%E9%BA%BB%E5%B8%831-15-3%20%E8%A5%BF%E9%BA%BB%E5%B8%83UOU%E3%83%93%E3%83%AB%201F,2021,日本料理 TOKYO,japanese_tokyo,発表日：2021年4月1日
味ひろ,東京都中央区湊3-13-15,食べログ 日本料理 TOKYO 百名店 2021,https://tabelog.com/tokyo/A1313/A131301/13200027/,https://www.google.com/maps/search/?api=1&query=%E5%91%B3%E3%81%B2%E3%82%8D%20%E6%9D%B1%E4%BA%AC%E9%83%BD%E4%B8%AD%E5%A4%AE%E5%8C%BA%E6%B9%8A3-13-15,2021,日本料理 TOKYO,japanese_tokyo,発表日：2021年4月1日
小熊,東京都中央区銀座5-5-13 坂口ビル3F,食べログ 日本料理 TOKYO 百名店 2021,https://tabelog.com/tokyo/A1301/A130101/13169901/,https://www.google.com/maps/search/?api=1&query=%E5%B0%8F%E7%86%8A%20%E6%9D%B1%E4%BA%AC%E9%83%BD%E4%B8%AD%E5%A4%AE%E5%8C%BA%E9%8A%80%E5%BA%A75-5-13%20%E5%9D%82%E5%8F%A3%E3%83%93%E3%83%AB3F,2021,日本料理 TOKYO,japanese_tokyo,発表日：2021年4月1日
虎白,東京都新宿区神楽坂3-4,食べログ 日本料理 TOKYO 百名店 2021,https://tabelog.com/tokyo/A1309/A130905/13049130/,https://www.google.com/maps/search/?api=1&query=%E8%99%8E%E7%99%BD%20%E6%9D%B1%E4%BA%AC%E9%83%BD%E6%96%B0%E5%AE%BF%E5%8C%BA%E7%A5%9E%E6%A5%BD%E5%9D%823-4,2021,日本料理 TOKYO,japanese_tokyo,発表日：2021年4月1日
龍吟,東京都千代田区有楽町1-1-2 ミッドタウン日比谷 7F,食べログ 日本料理 TOKYO 百名店 2021,https://tabelog.com/tokyo/A1301/A130102/13001457/,https://www.google.com/maps/search/?api=1&query=%E9%BE%8D%E5%90%9F%20%E6%9D%B1%E4%BA%AC%E9%83%BD%E5%8D%83%E4%BB%A3%E7%94%B0%E5%8C%BA%E6%9C%89%E6%A5%BD%E7%94%BA1-1-2%20%E3%83%9F%E3%83%83%E3%83%89%E3%82%BF%E3%82%A6%E3%83%B3%E6%97%A5%E6%AF%94%E8%B0%B7%207F,2021,日本料理 TOKYO,japanese_tokyo,発表日：2021年4月1日
すず木,東京都中央区築地1-3-2 高嶋ビル1F,食べログ 日本料理 TOKYO 百名店 2021,https://tabelog.com/tokyo/A1313/A131301/13119576/,https://www.google.com/maps/search/?api=1&query=%E3%81%99%E3%81%9A%E6%9C%A8%20%E6%9D%B1%E4%BA%AC%E9%83%BD%E4%B8%AD%E5%A4%AE%E5%8C%BA%E7%AF%89%E5%9C%B01-3-2%20%E9%AB%98%E5%B6%8B%E3%83%93%E3%83%AB1F,2021,日本料理 TOKYO,japanese_tokyo,発表日：2021年4月1日
銀座 座屋,東京都中央区銀座2-11-2 銀座2112ビル　B1F,食べログ 日本料理 TOKYO 百名店 2021,https://tabelog.com/tokyo/A1301/A130101/13060453/,https://www.google.com/maps/search/?api=1&query=%E9%8A%80%E5%BA%A7%20%E5%BA%A7%E5%B1%8B%20%E6%9D%B1%E4%BA%AC%E9%83%BD%E4%B8%AD%E5%A4%AE%E5%8C%BA%E9%8A%80%E5%BA%A72-11-2%20%E9%8A%80%E5%BA%A72112%E3%83%93%E3%83%AB%E3%80%80B1F,2021,日本料理 TOKYO,japanese_tokyo,発表日：2021年4月1日
霞庭 まつばら,東京都港区西麻布1-7-2 アデッソ西麻布 ３F,食べログ 日本料理 TOKYO 百名店 2021,https://tabelog.com/tokyo/A1307/A130701/13118905/,https://www.google.com/maps/search/?api=1&query=%E9%9C%9E%E5%BA%AD%20%E3%81%BE%E3%81%A4%E3%81%B0%E3%82%89%20%E6%9D%B1%E4%BA%AC%E9%83%BD%E6%B8%AF%E5%8C%BA%E8%A5%BF%E9%BA%BB%E5%B8%831-7-2%20%E3%82%A2%E3%83%87%E3%83%83%E3%82%BD%E8%A5%BF%E9%BA%BB%E5%B8%83%20%EF%BC%93F,2021,日本料理 TOKYO,japanese_tokyo,発表日：2021年4月1日
まき村,東京都品川区南大井3-11-5 MAKIMURA BLD 1F,食べログ 日本料理 TOKYO 百名店 2021,https://tabelog.com/tokyo/A1315/A131502/13003338/,https://www.google.com/maps/search/?api=1&query=%E3%81%BE%E3%81%8D%E6%9D%91%20%E6%9D%B1%E4%BA%AC%E9%83%BD%E5%93%81%E5%B7%9D%E5%8C%BA%E5%8D%97%E5%A4%A7%E4%BA%953-11-5%20MAKIMURA%20BLD%201F,2021,日本料理 TOKYO,japanese_tokyo,発表日：2021年4月1日
御料理 宮坂,東京都港区南青山4-26-12 ボ・アード青山 B１Ｆ,食べログ 日本料理 TOKYO 百名店 2021,https://tabelog.com/tokyo/A1306/A130602/13184986/,https://www.google.com/maps/search/?api=1&query=%E5%BE%A1%E6%96%99%E7%90%86%20%E5%AE%AE%E5%9D%82%20%E6%9D%B1%E4%BA%AC%E9%83%BD%E6%B8%AF%E5%8C%BA%E5%8D%97%E9%9D%92%E5%B1%B14-26-12%20%E3%83%9C%E3%83%BB%E3%82%A2%E3%83%BC%E3%83%89%E9%9D%92%E5%B1%B1%20B%EF%BC%91%EF%BC%A6,2021,日本料理 TOKYO,japanese_tokyo,発表日：2021年4月1日
紀茂登,東京都新宿区東五軒町5-5,食べログ 日本料理 TOKYO 百名店 2021,https://tabelog.com/tokyo/A1309/A130905/13226856/,https://www.google.com/maps/search/?api=1&query=%E7%B4%80%E8%8C%82%E7%99%BB%20%E6%9D%B1%E4%BA%AC%E9%83%BD%E6%96%B0%E5%AE%BF%E5%8C%BA%E6%9D%B1%E4%BA%94%E8%BB%92%E7%94%BA5-5,2021,日本料理 TOKYO,japanese_tokyo,発表日：2021年4月1日
うかい鳥山,東京都八王子市南浅川町3426,食べログ 日本料理 TOKYO 百名店 2021,https://tabelog.com/tokyo/A1329/A132905/13006021/,https://www.google.com/maps/search/?api=1&query=%E3%81%86%E3%81%8B%E3%81%84%E9%B3%A5%E5%B1%B1%20%E6%9D%B1%E4%BA%AC%E9%83%BD%E5%85%AB%E7%8E%8B%E5%AD%90%E5%B8%82%E5%8D%97%E6%B5%85%E5%B7%9D%E7%94%BA3426,2021,日本料理 TOKYO,japanese_tokyo,発表日：2021年4月1日
味享,東京都港区西新橋1-18-8 報徳ビル 1F,食べログ 日本料理 TOKYO 百名店 2021,https://tabelog.com/tokyo/A1301/A130103/13228116/,https://www.google.com/maps/search/?api=1&query=%E5%91%B3%E4%BA%AB%20%E6%9D%B1%E4%BA%AC%E9%83%BD%E6%B8%AF%E5%8C%BA%E8%A5%BF%E6%96%B0%E6%A9%8B1-18-8%20%E5%A0%B1%E5%BE%B3%E3%83%93%E3%83%AB%201F,2021,日本料理 TOKYO,japanese_tokyo,発表日：2021年4月1日
多仁本,東京都新宿区荒木町3-21 宮内ビル 2F,食べログ 日本料理 TOKYO 百名店 2021,https://tabelog.com/tokyo/A1309/A130903/13207060/,https://www.google.com/maps/search/?api=1&query=%E5%A4%9A%E4%BB%81%E6%9C%AC%20%E6%9D%B1%E4%BA%AC%E9%83%BD%E6%96%B0%E5%AE%BF%E5%8C%BA%E8%8D%92%E6%9C%A8%E7%94%BA3-21%20%E5%AE%AE%E5%86%85%E3%83%93%E3%83%AB%202F,2021,日本料理 TOKYO,japanese_tokyo,発表日：2021年4月1日
伊豆の旬 やんも 丸の内店,東京都千代田区丸の内3-3-1 新東京ビル B1F,食べログ 日本料理 TOKYO 百名店 2021,https://tabelog.com/tokyo/A1301/A130102/13004075/,https://www.google.com/maps/search/?api=1&query=%E4%BC%8A%E8%B1%86%E3%81%AE%E6%97%AC%20%E3%82%84%E3%82%93%E3%82%82%20%E4%B8%B8%E3%81%AE%E5%86%85%E5%BA%97%20%E6%9D%B1%E4%BA%AC%E9%83%BD%E5%8D%83%E4%BB%A3%E7%94%B0%E5%8C%BA%E4%B8%B8%E3%81%AE%E5%86%853-3-1%20%E6%96%B0%E6%9D%B1%E4%BA%AC%E3%83%93%E3%83%AB%20B1F,2021,日本料理 TOKYO,japanese_tokyo,発表日：2021年4月1日
青華こばやし,東京都新宿区荒木町10-17 101,食べログ 日本料理 TOKYO 百名店 2021,https://tabelog.com/tokyo/A1309/A130903/13193077/,https://www.google.com/maps/search/?api=1&query=%E9%9D%92%E8%8F%AF%E3%81%93%E3%81%B0%E3%82%84%E3%81%97%20%E6%9D%B1%E4%BA%AC%E9%83%BD%E6%96%B0%E5%AE%BF%E5%8C%BA%E8%8D%92%E6%9C%A8%E7%94%BA10-17%20101,2021,日本料理 TOKYO,japanese_tokyo,発表日：2021年4月1日
新ばし 久,東京都港区新橋2-15-13,食べログ 日本料理 TOKYO 百名店 2021,https://tabelog.com/tokyo/A1301/A130103/13030766/,https://www.google.com/maps/search/?api=1&query=%E6%96%B0%E3%81%B0%E3%81%97%20%E4%B9%85%20%E6%9D%B1%E4%BA%AC%E9%83%BD%E6%B8%AF%E5%8C%BA%E6%96%B0%E6%A9%8B2-15-13,2021,日本料理 TOKYO,japanese_tokyo,発表日：2021年4月1日
麻布 かどわき,東京都港区麻布十番2-7-2 ローズハウス 1F,食べログ 日本料理 TOKYO 百名店 2021,https://tabelog.com/tokyo/A1307/A130702/13001664/,https://www.google.com/maps/search/?api=1&query=%E9%BA%BB%E5%B8%83%20%E3%81%8B%E3%81%A9%E3%82%8F%E3%81%8D%20%E6%9D%B1%E4%BA%AC%E9%83%BD%E6%B8%AF%E5%8C%BA%E9%BA%BB%E5%B8%83%E5%8D%81%E7%95%AA2-7-2%20%E3%83%AD%E3%83%BC%E3%82%BA%E3%83%8F%E3%82%A6%E3%82%B9%201F,2021,日本料理 TOKYO,japanese_tokyo,発表日：2021年4月1日
あらいかわ,東京都港区麻布十番1-5-7 1F,食べログ 日本料理 TOKYO 百名店 2021,https://tabelog.com/tokyo/A1307/A130702/13218481/,https://www.google.com/maps/search/?api=1&query=%E3%81%82%E3%82%89%E3%81%84%E3%81%8B%E3%82%8F%20%E6%9D%B1%E4%BA%AC%E9%83%BD%E6%B8%AF%E5%8C%BA%E9%BA%BB%E5%B8%83%E5%8D%81%E7%95%AA1-5-7%201F,2021,日本料理 TOKYO,japanese_tokyo,発表日：2021年4月1日
もりかわ,東京都港区,食べログ 日本料理 TOKYO 百名店 2021,https://tabelog.com/tokyo/A1308/A130801/13002772/,https://www.google.com/maps/search/?api=1&query=%E3%82%82%E3%82%8A%E3%81%8B%E3%82%8F%20%E6%9D%B1%E4%BA%AC%E9%83%BD%E6%B8%AF%E5%8C%BA,2021,日本料理 TOKYO,japanese_tokyo,発表日：2021年4月1日
ひのきざか,東京都港区赤坂9-7-1 ザ・リッツ・カールトン東京 45F,食べログ 日本料理 TOKYO 百名店 2021,https://tabelog.com/tokyo/A1307/A130701/13037993/,https://www.google.com/maps/search/?api=1&query=%E3%81%B2%E3%81%AE%E3%81%8D%E3%81%96%E3%81%8B%20%E6%9D%B1%E4%BA%AC%E9%83%BD%E6%B8%AF%E5%8C%BA%E8%B5%A4%E5%9D%829-7-1%20%E3%82%B6%E3%83%BB%E3%83%AA%E3%83%83%E3%83%84%E3%83%BB%E3%82%AB%E3%83%BC%E3%83%AB%E3%83%88%E3%83%B3%E6%9D%B1%E4%BA%AC%2045F,2021,日本料理 TOKYO,japanese_tokyo,発表日：2021年4月1日
松川,東京都港区赤坂1-11-6 赤坂テラスハウス １階,食べログ 日本料理 TOKYO 百名店 2021,https://tabelog.com/tokyo/A1307/A130701/13124391/,https://www.google.com/maps/search/?api=1&query=%E6%9D%BE%E5%B7%9D%20%E6%9D%B1%E4%BA%AC%E9%83%BD%E6%B8%AF%E5%8C%BA%E8%B5%A4%E5%9D%821-11-6%20%E8%B5%A4%E5%9D%82%E3%83%86%E3%83%A9%E3%82%B9%E3%83%8F%E3%82%A6%E3%82%B9%20%EF%BC%91%E9%9A%8E,2021,日本料理 TOKYO,japanese_tokyo,発表日：2021年4月1日
六寛,東京都中央区,食べログ 日本料理 TOKYO 百名店 2021,https://tabelog.com/tokyo/A1313/A131301/13178685/,https://www.google.com/maps/search/?api=1&query=%E5%85%AD%E5%AF%9B%20%E6%9D%B1%E4%BA%AC%E9%83%BD%E4%B8%AD%E5%A4%AE%E5%8C%BA,2021,日本料理 TOKYO,japanese_tokyo,発表日：2021年4月1日
板前心 菊うら,東京都新宿区西新宿7-16-3 フジビル１８　１Ｆ,食べログ 日本料理 TOKYO 百名店 2021,https://tabelog.com/tokyo/A1304/A130401/13004355/,https://www.google.com/maps/search/?api=1&query=%E6%9D%BF%E5%89%8D%E5%BF%83%20%E8%8F%8A%E3%81%86%E3%82%89%20%E6%9D%B1%E4%BA%AC%E9%83%BD%E6%96%B0%E5%AE%BF%E5%8C%BA%E8%A5%BF%E6%96%B0%E5%AE%BF7-16-3%20%E3%83%95%E3%82%B8%E3%83%93%E3%83%AB%EF%BC%91%EF%BC%98%E3%80%80%EF%BC%91%EF%BC%A6,2021,日本料理 TOKYO,japanese_tokyo,発表日：2021年4月1日
日本料理 晴山,東京都港区三田2-17-29 グランデ三田 B1F,食べログ 日本料理 TOKYO 百名店 2021,https://tabelog.com/tokyo/A1314/A131402/13127807/,https://www.google.com/maps/search/?api=1&query=%E6%97%A5%E6%9C%AC%E6%96%99%E7%90%86%20%E6%99%B4%E5%B1%B1%20%E6%9D%B1%E4%BA%AC%E9%83%BD%E6%B8%AF%E5%8C%BA%E4%B8%89%E7%94%B02-17-29%20%E3%82%B0%E3%83%A9%E3%83%B3%E3%83%87%E4%B8%89%E7%94%B0%20B1F,2021,日本料理 TOKYO,japanese_tokyo,発表日：2021年4月1日
赤坂 詠月,東京都港区赤坂3-11-7 ソシアル赤坂ビル 4F,食べログ 日本料理 TOKYO 百名店 2021,https://tabelog.com/tokyo/A1308/A130801/13116523/,https://www.google.com/maps/search/?api=1&query=%E8%B5%A4%E5%9D%82%20%E8%A9%A0%E6%9C%88%20%E6%9D%B1%E4%BA%AC%E9%83%BD%E6%B8%AF%E5%8C%BA%E8%B5%A4%E5%9D%823-11-7%20%E3%82%BD%E3%82%B7%E3%82%A2%E3%83%AB%E8%B5%A4%E5%9D%82%E3%83%93%E3%83%AB%204F,2021,日本料理 TOKYO,japanese_tokyo,発表日：2021年4月1日
重よし,東京都渋谷区神宮前6-35-3 コープオリンピア　１Ｆ,食べログ 日本料理 TOKYO 百名店 2021,https://tabelog.com/tokyo/A1306/A130601/13001153/,https://www.google.com/maps/search/?api=1&query=%E9%87%8D%E3%82%88%E3%81%97%20%E6%9D%B1%E4%BA%AC%E9%83%BD%E6%B8%8B%E8%B0%B7%E5%8C%BA%E7%A5%9E%E5%AE%AE%E5%89%8D6-35-3%20%E3%82%B3%E3%83%BC%E3%83%97%E3%82%AA%E3%83%AA%E3%83%B3%E3%83%94%E3%82%A2%E3%80%80%EF%BC%91%EF%BC%A6,2021,日本料理 TOKYO,japanese_tokyo,発表日：2021年4月1日
井雪,東京都中央区,食べログ 日本料理 TOKYO 百名店 2021,https://tabelog.com/tokyo/A1301/A130101/13030881/,https://www.google.com/maps/search/?api=1&query=%E4%BA%95%E9%9B%AA%20%E6%9D%B1%E4%BA%AC%E9%83%BD%E4%B8%AD%E5%A4%AE%E5%8C%BA,2021,日本料理 TOKYO,japanese_tokyo,発表日：2021年4月1日
蓮 三四七,東京都中央区銀座7-3-13 ニューギンザビル B1F,食べログ 日本料理 TOKYO 百名店 2021,https://tabelog.com/tokyo/A1301/A130101/13221959/,https://www.google.com/maps/search/?api=1&query=%E8%93%AE%20%E4%B8%89%E5%9B%9B%E4%B8%83%20%E6%9D%B1%E4%BA%AC%E9%83%BD%E4%B8%AD%E5%A4%AE%E5%8C%BA%E9%8A%80%E5%BA%A77-3-13%20%E3%83%8B%E3%83%A5%E3%83%BC%E3%82%AE%E3%83%B3%E3%82%B6%E3%83%93%E3%83%AB%20B1F,2021,日本料理 TOKYO,japanese_tokyo,発表日：2021年4月1日
鈴田式,東京都港区三田1-10-17,食べログ 日本料理 TOKYO 百名店 2021,https://tabelog.com/tokyo/A1307/A130702/13234010/,https://www.google.com/maps/search/?api=1&query=%E9%88%B4%E7%94%B0%E5%BC%8F%20%E6%9D%B1%E4%BA%AC%E9%83%BD%E6%B8%AF%E5%8C%BA%E4%B8%89%E7%94%B01-10-17,2021,日本料理 TOKYO,japanese_tokyo,発表日：2021年4月1日
新ばし 星野,東京都港区新橋5-31-3,食べログ 日本料理 TOKYO 百名店 2021,https://tabelog.com/tokyo/A1314/A131401/13136847/,https://www.google.com/maps/search/?api=1&query=%E6%96%B0%E3%81%B0%E3%81%97%20%E6%98%9F%E9%87%8E%20%E6%9D%B1%E4%BA%AC%E9%83%BD%E6%B8%AF%E5%8C%BA%E6%96%B0%E6%A9%8B5-31-3,2021,日本料理 TOKYO,japanese_tokyo,発表日：2021年4月1日
金田中 庵,東京都中央区銀座7-6-16 銀座金田中ビル　２Ｆ,食べログ 日本料理 TOKYO 百名店 2021,https://tabelog.com/tokyo/A1301/A130101/13000591/,https://www.google.com/maps/search/?api=1&query=%E9%87%91%E7%94%B0%E4%B8%AD%20%E5%BA%B5%20%E6%9D%B1%E4%BA%AC%E9%83%BD%E4%B8%AD%E5%A4%AE%E5%8C%BA%E9%8A%80%E5%BA%A77-6-16%20%E9%8A%80%E5%BA%A7%E9%87%91%E7%94%B0%E4%B8%AD%E3%83%93%E3%83%AB%E3%80%80%EF%BC%92%EF%BC%A6,2021,日本料理 TOKYO,japanese_tokyo,発表日：2021年4月1日
珈琲舎 蔵,東京都千代田区神田神保町1-26 矢崎ビル ２Ｆ,食べログ 喫茶店 百名店 2021,https://tabelog.com/tokyo/A1310/A131003/13011597/,https://www.google.com/maps/search/?api=1&query=%E7%8F%88%E7%90%B2%E8%88%8E%20%E8%94%B5%20%E6%9D%B1%E4%BA%AC%E9%83%BD%E5%8D%83%E4%BB%A3%E7%94%B0%E5%8C%BA%E7%A5%9E%E7%94%B0%E7%A5%9E%E4%BF%9D%E7%94%BA1-26%20%E7%9F%A2%E5%B4%8E%E3%83%93%E3%83%AB%20%EF%BC%92%EF%BC%A6,2021,喫茶店,kissaten,発表日：2021年6月29日
胡桃堂喫茶店,東京都国分寺市本町2-17-3,食べログ 喫茶店 百名店 2021,https://tabelog.com/tokyo/A1325/A132502/13206891/,https://www.google.com/maps/search/?api=1&query=%E8%83%A1%E6%A1%83%E5%A0%82%E5%96%AB%E8%8C%B6%E5%BA%97%20%E6%9D%B1%E4%BA%AC%E9%83%BD%E5%9B%BD%E5%88%86%E5%AF%BA%E5%B8%82%E6%9C%AC%E7%94%BA2-17-3,2021,喫茶店,kissaten,発表日：2021年6月29日
トゥジュール デビュテ,東京都品川区東五反田5-27-12 扇寿ビル B1F,食べログ 喫茶店 百名店 2021,https://tabelog.com/tokyo/A1316/A131603/13059498/,https://www.google.com/maps/search/?api=1&query=%E3%83%88%E3%82%A5%E3%82%B8%E3%83%A5%E3%83%BC%E3%83%AB%20%E3%83%87%E3%83%93%E3%83%A5%E3%83%86%20%E6%9D%B1%E4%BA%AC%E9%83%BD%E5%93%81%E5%B7%9D%E5%8C%BA%E6%9D%B1%E4%BA%94%E5%8F%8D%E7%94%B05-27-12%20%E6%89%87%E5%AF%BF%E3%83%93%E3%83%AB%20B1F,2021,喫茶店,kissaten,発表日：2021年6月29日
文明堂茶館 ル・カフェ,神奈川県横浜市中区伊勢佐木町1-5-3 文明堂ビル　１Ｆ,食べログ 喫茶店 百名店 2021,https://tabelog.com/kanagawa/A1401/A140104/14003248/,https://www.google.com/maps/search/?api=1&query=%E6%96%87%E6%98%8E%E5%A0%82%E8%8C%B6%E9%A4%A8%20%E3%83%AB%E3%83%BB%E3%82%AB%E3%83%95%E3%82%A7%20%E7%A5%9E%E5%A5%88%E5%B7%9D%E7%9C%8C%E6%A8%AA%E6%B5%9C%E5%B8%82%E4%B8%AD%E5%8C%BA%E4%BC%8A%E5%8B%A2%E4%BD%90%E6%9C%A8%E7%94%BA1-5-3%20%E6%96%87%E6%98%8E%E5%A0%82%E3%83%93%E3%83%AB%E3%80%80%EF%BC%91%EF%BC%A6,2021,喫茶店,kissaten,発表日：2021年6月29日
皇琲亭,東京都豊島区東池袋1-7-2 東駒ビル　１Ｆ,食べログ 喫茶店 百名店 2021,https://tabelog.com/tokyo/A1305/A130501/13003947/,https://www.google.com/maps/search/?api=1&query=%E7%9A%87%E7%90%B2%E4%BA%AD%20%E6%9D%B1%E4%BA%AC%E9%83%BD%E8%B1%8A%E5%B3%B6%E5%8C%BA%E6%9D%B1%E6%B1%A0%E8%A2%8B1-7-2%20%E6%9D%B1%E9%A7%92%E3%83%93%E3%83%AB%E3%80%80%EF%BC%91%EF%BC%A6,2021,喫茶店,kissaten,発表日：2021年6月29日
YOU,東京都中央区銀座4-13-17 高野ビル　１F,食べログ 喫茶店 百名店 2021,https://tabelog.com/tokyo/A1301/A130101/13002318/,https://www.google.com/maps/search/?api=1&query=YOU%20%E6%9D%B1%E4%BA%AC%E9%83%BD%E4%B8%AD%E5%A4%AE%E5%8C%BA%E9%8A%80%E5%BA%A74-13-17%20%E9%AB%98%E9%87%8E%E3%83%93%E3%83%AB%E3%80%80%EF%BC%91F,2021,喫茶店,kissaten,発表日：2021年6月29日
カフェ・ド・ランブル,東京都中央区銀座8-10-15 SBM BLDG 1F,食べログ 喫茶店 百名店 2021,https://tabelog.com/tokyo/A1301/A130103/13002564/,https://www.google.com/maps/search/?api=1&query=%E3%82%AB%E3%83%95%E3%82%A7%E3%83%BB%E3%83%89%E3%83%BB%E3%83%A9%E3%83%B3%E3%83%96%E3%83%AB%20%E6%9D%B1%E4%BA%AC%E9%83%BD%E4%B8%AD%E5%A4%AE%E5%8C%BA%E9%8A%80%E5%BA%A78-10-15%20SBM%20BLDG%201F,2021,喫茶店,kissaten,発表日：2021年6月29日
珈琲館 紅鹿舎,東京都千代田区有楽町1-6-8 松井ビル　１Ｆ,食べログ 喫茶店 百名店 2021,https://tabelog.com/tokyo/A1301/A130102/13002146/,https://www.google.com/maps/search/?api=1&query=%E7%8F%88%E7%90%B2%E9%A4%A8%20%E7%B4%85%E9%B9%BF%E8%88%8E%20%E6%9D%B1%E4%BA%AC%E9%83%BD%E5%8D%83%E4%BB%A3%E7%94%B0%E5%8C%BA%E6%9C%89%E6%A5%BD%E7%94%BA1-6-8%20%E6%9D%BE%E4%BA%95%E3%83%93%E3%83%AB%E3%80%80%EF%BC%91%EF%BC%A6,2021,喫茶店,kissaten,発表日：2021年6月29日
はまの屋パーラー 有楽町店,東京都千代田区有楽町1-12-1 新有楽町ビル B1F,食べログ 喫茶店 百名店 2021,https://tabelog.com/tokyo/A1301/A130102/13041024/,https://www.google.com/maps/search/?api=1&query=%E3%81%AF%E3%81%BE%E3%81%AE%E5%B1%8B%E3%83%91%E3%83%BC%E3%83%A9%E3%83%BC%20%E6%9C%89%E6%A5%BD%E7%94%BA%E5%BA%97%20%E6%9D%B1%E4%BA%AC%E9%83%BD%E5%8D%83%E4%BB%A3%E7%94%B0%E5%8C%BA%E6%9C%89%E6%A5%BD%E7%94%BA1-12-1%20%E6%96%B0%E6%9C%89%E6%A5%BD%E7%94%BA%E3%83%93%E3%83%AB%20B1F,2021,喫茶店,kissaten,発表日：2021年6月29日
ラドリオ,東京都千代田区神田神保町1-3,食べログ 喫茶店 百名店 2021,https://tabelog.com/tokyo/A1310/A131003/13006555/,https://www.google.com/maps/search/?api=1&query=%E3%83%A9%E3%83%89%E3%83%AA%E3%82%AA%20%E6%9D%B1%E4%BA%AC%E9%83%BD%E5%8D%83%E4%BB%A3%E7%94%B0%E5%8C%BA%E7%A5%9E%E7%94%B0%E7%A5%9E%E4%BF%9D%E7%94%BA1-3,2021,喫茶店,kissaten,発表日：2021年6月29日
ダフニ,東京都港区芝5-10-11 １階,食べログ 喫茶店 百名店 2021,https://tabelog.com/tokyo/A1314/A131402/13056306/,https://www.google.com/maps/search/?api=1&query=%E3%83%80%E3%83%95%E3%83%8B%20%E6%9D%B1%E4%BA%AC%E9%83%BD%E6%B8%AF%E5%8C%BA%E8%8A%9D5-10-11%20%EF%BC%91%E9%9A%8E,2021,喫茶店,kissaten,発表日：2021年6月29日
珈琲道場 侍,東京都江東区亀戸6-57-22 サンポービル 2F,食べログ 喫茶店 百名店 2021,https://tabelog.com/tokyo/A1312/A131202/13018018/,https://www.google.com/maps/search/?api=1&query=%E7%8F%88%E7%90%B2%E9%81%93%E5%A0%B4%20%E4%BE%8D%20%E6%9D%B1%E4%BA%AC%E9%83%BD%E6%B1%9F%E6%9D%B1%E5%8C%BA%E4%BA%80%E6%88%B86-57-22%20%E3%82%B5%E3%83%B3%E3%83%9D%E3%83%BC%E3%83%93%E3%83%AB%202F,2021,喫茶店,kissaten,発表日：2021年6月29日
ミカド珈琲店 日本橋本店,東京都中央区日本橋室町1-6-7,食べログ 喫茶店 百名店 2021,https://tabelog.com/tokyo/A1302/A130202/13006305/,https://www.google.com/maps/search/?api=1&query=%E3%83%9F%E3%82%AB%E3%83%89%E7%8F%88%E7%90%B2%E5%BA%97%20%E6%97%A5%E6%9C%AC%E6%A9%8B%E6%9C%AC%E5%BA%97%20%E6%9D%B1%E4%BA%AC%E9%83%BD%E4%B8%AD%E5%A4%AE%E5%8C%BA%E6%97%A5%E6%9C%AC%E6%A9%8B%E5%AE%A4%E7%94%BA1-6-7,2021,喫茶店,kissaten,発表日：2021年6月29日
珈琲貴族エジンバラ,東京都新宿区新宿3-2-4 新宿M&Eスクエアビル 2F,食べログ 喫茶店 百名店 2021,https://tabelog.com/tokyo/A1304/A130401/13017217/,https://www.google.com/maps/search/?api=1&query=%E7%8F%88%E7%90%B2%E8%B2%B4%E6%97%8F%E3%82%A8%E3%82%B8%E3%83%B3%E3%83%90%E3%83%A9%20%E6%9D%B1%E4%BA%AC%E9%83%BD%E6%96%B0%E5%AE%BF%E5%8C%BA%E6%96%B0%E5%AE%BF3-2-4%20%E6%96%B0%E5%AE%BFM%26E%E3%82%B9%E3%82%AF%E3%82%A8%E3%82%A2%E3%83%93%E3%83%AB%202F,2021,喫茶店,kissaten,発表日：2021年6月29日
茶亭 羽當,東京都渋谷区渋谷1-15-19 二葉ビル 2F,食べログ 喫茶店 百名店 2021,https://tabelog.com/tokyo/A1303/A130301/13001169/,https://www.google.com/maps/search/?api=1&query=%E8%8C%B6%E4%BA%AD%20%E7%BE%BD%E7%95%B6%20%E6%9D%B1%E4%BA%AC%E9%83%BD%E6%B8%8B%E8%B0%B7%E5%8C%BA%E6%B8%8B%E8%B0%B71-15-19%20%E4%BA%8C%E8%91%89%E3%83%93%E3%83%AB%202F,2021,喫茶店,kissaten,発表日：2021年6月29日
イワタコーヒー店,神奈川県鎌倉市小町1-5-7,食べログ 喫茶店 百名店 2021,https://tabelog.com/kanagawa/A1404/A140402/14002091/,https://www.google.com/maps/search/?api=1&query=%E3%82%A4%E3%83%AF%E3%82%BF%E3%82%B3%E3%83%BC%E3%83%92%E3%83%BC%E5%BA%97%20%E7%A5%9E%E5%A5%88%E5%B7%9D%E7%9C%8C%E9%8E%8C%E5%80%89%E5%B8%82%E5%B0%8F%E7%94%BA1-5-7,2021,喫茶店,kissaten,発表日：2021年6月29日
アンセーニュダングル 原宿店,東京都渋谷区千駄ヶ谷3-61-11 第二駒信ビル B1F,食べログ 喫茶店 百名店 2021,https://tabelog.com/tokyo/A1306/A130601/13007015/,https://www.google.com/maps/search/?api=1&query=%E3%82%A2%E3%83%B3%E3%82%BB%E3%83%BC%E3%83%8B%E3%83%A5%E3%83%80%E3%83%B3%E3%82%B0%E3%83%AB%20%E5%8E%9F%E5%AE%BF%E5%BA%97%20%E6%9D%B1%E4%BA%AC%E9%83%BD%E6%B8%8B%E8%B0%B7%E5%8C%BA%E5%8D%83%E9%A7%84%E3%83%B6%E8%B0%B73-61-11%20%E7%AC%AC%E4%BA%8C%E9%A7%92%E4%BF%A1%E3%83%93%E3%83%AB%20B1F,2021,喫茶店,kissaten,発表日：2021年6月29日
ローヤル珈琲店 本店,東京都台東区浅草1-39-7,食べログ 喫茶店 百名店 2021,https://tabelog.com/tokyo/A1311/A131102/13008614/,https://www.google.com/maps/search/?api=1&query=%E3%83%AD%E3%83%BC%E3%83%A4%E3%83%AB%E7%8F%88%E7%90%B2%E5%BA%97%20%E6%9C%AC%E5%BA%97%20%E6%9D%B1%E4%BA%AC%E9%83%BD%E5%8F%B0%E6%9D%B1%E5%8C%BA%E6%B5%85%E8%8D%891-39-7,2021,喫茶店,kissaten,発表日：2021年6月29日
カフェ・鈴木,神奈川県厚木市中町3-5-6 ロックヒルズ　１Ｆ,食べログ 喫茶店 百名店 2021,https://tabelog.com/kanagawa/A1408/A140802/14004103/,https://www.google.com/maps/search/?api=1&query=%E3%82%AB%E3%83%95%E3%82%A7%E3%83%BB%E9%88%B4%E6%9C%A8%20%E7%A5%9E%E5%A5%88%E5%B7%9D%E7%9C%8C%E5%8E%9A%E6%9C%A8%E5%B8%82%E4%B8%AD%E7%94%BA3-5-6%20%E3%83%AD%E3%83%83%E3%82%AF%E3%83%92%E3%83%AB%E3%82%BA%E3%80%80%EF%BC%91%EF%BC%A6,2021,喫茶店,kissaten,発表日：2021年6月29日
さぼうる,東京都千代田区神田神保町1-11,食べログ 喫茶店 百名店 2021,https://tabelog.com/tokyo/A1310/A131003/13000609/,https://www.google.com/maps/search/?api=1&query=%E3%81%95%E3%81%BC%E3%81%86%E3%82%8B%20%E6%9D%B1%E4%BA%AC%E9%83%BD%E5%8D%83%E4%BB%A3%E7%94%B0%E5%8C%BA%E7%A5%9E%E7%94%B0%E7%A5%9E%E4%BF%9D%E7%94%BA1-11,2021,喫茶店,kissaten,発表日：2021年6月29日
エレーナ,神奈川県横浜市中区山手町24,食べログ 喫茶店 百名店 2021,https://tabelog.com/kanagawa/A1401/A140105/14007970/,https://www.google.com/maps/search/?api=1&query=%E3%82%A8%E3%83%AC%E3%83%BC%E3%83%8A%20%E7%A5%9E%E5%A5%88%E5%B7%9D%E7%9C%8C%E6%A8%AA%E6%B5%9C%E5%B8%82%E4%B8%AD%E5%8C%BA%E5%B1%B1%E6%89%8B%E7%94%BA24,2021,喫茶店,kissaten,発表日：2021年6月29日
ワンモア,東京都江戸川区平井5-22-11,食べログ 喫茶店 百名店 2021,https://tabelog.com/tokyo/A1312/A131202/13002937/,https://www.google.com/maps/search/?api=1&query=%E3%83%AF%E3%83%B3%E3%83%A2%E3%82%A2%20%E6%9D%B1%E4%BA%AC%E9%83%BD%E6%B1%9F%E6%88%B8%E5%B7%9D%E5%8C%BA%E5%B9%B3%E4%BA%955-22-11,2021,喫茶店,kissaten,発表日：2021年6月29日
COFFEE HALL くぐつ草,東京都武蔵野市吉祥寺本町1-7-7 島田ビル　Ｂ１Ｆ,食べログ 喫茶店 百名店 2021,https://tabelog.com/tokyo/A1320/A132001/13005791/,https://www.google.com/maps/search/?api=1&query=COFFEE%20HALL%20%E3%81%8F%E3%81%90%E3%81%A4%E8%8D%89%20%E6%9D%B1%E4%BA%AC%E9%83%BD%E6%AD%A6%E8%94%B5%E9%87%8E%E5%B8%82%E5%90%89%E7%A5%A5%E5%AF%BA%E6%9C%AC%E7%94%BA1-7-7%20%E5%B3%B6%E7%94%B0%E3%83%93%E3%83%AB%E3%80%80%EF%BC%A2%EF%BC%91%EF%BC%A6,2021,喫茶店,kissaten,発表日：2021年6月29日
アメリカン,東京都中央区銀座4丁目11-7,食べログ 喫茶店 百名店 2021,https://tabelog.com/tokyo/A1301/A130101/13051375/,https://www.google.com/maps/search/?api=1&query=%E3%82%A2%E3%83%A1%E3%83%AA%E3%82%AB%E3%83%B3%20%E6%9D%B1%E4%BA%AC%E9%83%BD%E4%B8%AD%E5%A4%AE%E5%8C%BA%E9%8A%80%E5%BA%A74%E4%B8%81%E7%9B%AE11-7,2021,喫茶店,kissaten,発表日：2021年6月29日
カフェ・アンセーニュ・ダングル 自由が丘店,東京都目黒区自由が丘1-13-6 鳥井ビル　１Ｆ,食べログ 喫茶店 百名店 2021,https://tabelog.com/tokyo/A1317/A131703/13017724/,https://www.google.com/maps/search/?api=1&query=%E3%82%AB%E3%83%95%E3%82%A7%E3%83%BB%E3%82%A2%E3%83%B3%E3%82%BB%E3%83%BC%E3%83%8B%E3%83%A5%E3%83%BB%E3%83%80%E3%83%B3%E3%82%B0%E3%83%AB%20%E8%87%AA%E7%94%B1%E3%81%8C%E4%B8%98%E5%BA%97%20%E6%9D%B1%E4%BA%AC%E9%83%BD%E7%9B%AE%E9%BB%92%E5%8C%BA%E8%87%AA%E7%94%B1%E3%81%8C%E4%B8%981-13-6%20%E9%B3%A5%E4%BA%95%E3%83%93%E3%83%AB%E3%80%80%EF%BC%91%EF%BC%A6,2021,喫茶店,kissaten,発表日：2021年6月29日
珈琲 天国,東京都台東区浅草1-41-9,食べログ 喫茶店 百名店 2021,https://tabelog.com/tokyo/A1311/A131102/13025425/,https://www.google.com/maps/search/?api=1&query=%E7%8F%88%E7%90%B2%20%E5%A4%A9%E5%9B%BD%20%E6%9D%B1%E4%BA%AC%E9%83%BD%E5%8F%B0%E6%9D%B1%E5%8C%BA%E6%B5%85%E8%8D%891-41-9,2021,喫茶店,kissaten,発表日：2021年6月29日
珈琲専門店 エース,東京都千代田区内神田3-10-6,食べログ 喫茶店 百名店 2021,https://tabelog.com/tokyo/A1310/A131002/13020976/,https://www.google.com/maps/search/?api=1&query=%E7%8F%88%E7%90%B2%E5%B0%82%E9%96%80%E5%BA%97%20%E3%82%A8%E3%83%BC%E3%82%B9%20%E6%9D%B1%E4%BA%AC%E9%83%BD%E5%8D%83%E4%BB%A3%E7%94%B0%E5%8C%BA%E5%86%85%E7%A5%9E%E7%94%B03-10-6,2021,喫茶店,kissaten,発表日：2021年6月29日
草枕,東京都港区西新橋1-10-1 日美ビル１階,食べログ 喫茶店 百名店 2021,https://tabelog.com/tokyo/A1301/A130103/13043012/,https://www.google.com/maps/search/?api=1&query=%E8%8D%89%E6%9E%95%20%E6%9D%B1%E4%BA%AC%E9%83%BD%E6%B8%AF%E5%8C%BA%E8%A5%BF%E6%96%B0%E6%A9%8B1-10-1%20%E6%97%A5%E7%BE%8E%E3%83%93%E3%83%AB%EF%BC%91%E9%9A%8E,2021,喫茶店,kissaten,発表日：2021年6月29日
小野珈琲,東京都江東区森下2-17-5 ソレイユ森下 1F,食べログ 喫茶店 百名店 2021,https://tabelog.com/tokyo/A1312/A131201/13074345/,https://www.google.com/maps/search/?api=1&query=%E5%B0%8F%E9%87%8E%E7%8F%88%E7%90%B2%20%E6%9D%B1%E4%BA%AC%E9%83%BD%E6%B1%9F%E6%9D%B1%E5%8C%BA%E6%A3%AE%E4%B8%8B2-17-5%20%E3%82%BD%E3%83%AC%E3%82%A4%E3%83%A6%E6%A3%AE%E4%B8%8B%201F,2021,喫茶店,kissaten,発表日：2021年6月29日
古瀬戸珈琲店,東京都千代田区神田小川町3-10 江本ビル 2F,食べログ 喫茶店 百名店 2021,https://tabelog.com/tokyo/A1310/A131002/13006272/,https://www.google.com/maps/search/?api=1&query=%E5%8F%A4%E7%80%AC%E6%88%B8%E7%8F%88%E7%90%B2%E5%BA%97%20%E6%9D%B1%E4%BA%AC%E9%83%BD%E5%8D%83%E4%BB%A3%E7%94%B0%E5%8C%BA%E7%A5%9E%E7%94%B0%E5%B0%8F%E5%B7%9D%E7%94%BA3-10%20%E6%B1%9F%E6%9C%AC%E3%83%93%E3%83%AB%202F,2021,喫茶店,kissaten,発表日：2021年6月29日
DEN,東京都台東区根岸3-3-18 メゾン根岸（鶯谷） １Ｆ,食べログ 喫茶店 百名店 2021,https://tabelog.com/tokyo/A1311/A131104/13041212/,https://www.google.com/maps/search/?api=1&query=DEN%20%E6%9D%B1%E4%BA%AC%E9%83%BD%E5%8F%B0%E6%9D%B1%E5%8C%BA%E6%A0%B9%E5%B2%B83-3-18%20%E3%83%A1%E3%82%BE%E3%83%B3%E6%A0%B9%E5%B2%B8%EF%BC%88%E9%B6%AF%E8%B0%B7%EF%BC%89%20%EF%BC%91%EF%BC%A6,2021,喫茶店,kissaten,発表日：2021年6月29日
トリコロール 本店,東京都中央区銀座5-9-17,食べログ 喫茶店 百名店 2021,https://tabelog.com/tokyo/A1301/A130101/13007761/,https://www.google.com/maps/search/?api=1&query=%E3%83%88%E3%83%AA%E3%82%B3%E3%83%AD%E3%83%BC%E3%83%AB%20%E6%9C%AC%E5%BA%97%20%E6%9D%B1%E4%BA%AC%E9%83%BD%E4%B8%AD%E5%A4%AE%E5%8C%BA%E9%8A%80%E5%BA%A75-9-17,2021,喫茶店,kissaten,発表日：2021年6月29日
ショパン,東京都千代田区神田須田町1-19-9,食べログ 喫茶店 百名店 2021,https://tabelog.com/tokyo/A1310/A131002/13011258/,https://www.google.com/maps/search/?api=1&query=%E3%82%B7%E3%83%A7%E3%83%91%E3%83%B3%20%E6%9D%B1%E4%BA%AC%E9%83%BD%E5%8D%83%E4%BB%A3%E7%94%B0%E5%8C%BA%E7%A5%9E%E7%94%B0%E9%A0%88%E7%94%B0%E7%94%BA1-19-9,2021,喫茶店,kissaten,発表日：2021年6月29日
茶房 武蔵野文庫,東京都武蔵野市吉祥寺本町2-13-4,食べログ 喫茶店 百名店 2021,https://tabelog.com/tokyo/A1320/A132001/13005823/,https://www.google.com/maps/search/?api=1&query=%E8%8C%B6%E6%88%BF%20%E6%AD%A6%E8%94%B5%E9%87%8E%E6%96%87%E5%BA%AB%20%E6%9D%B1%E4%BA%AC%E9%83%BD%E6%AD%A6%E8%94%B5%E9%87%8E%E5%B8%82%E5%90%89%E7%A5%A5%E5%AF%BA%E6%9C%AC%E7%94%BA2-13-4,2021,喫茶店,kissaten,発表日：2021年6月29日
馬車道十番館,神奈川県横浜市中区常盤町5-67 1F,食べログ 喫茶店 百名店 2021,https://tabelog.com/kanagawa/A1401/A140104/14000115/,https://www.google.com/maps/search/?api=1&query=%E9%A6%AC%E8%BB%8A%E9%81%93%E5%8D%81%E7%95%AA%E9%A4%A8%20%E7%A5%9E%E5%A5%88%E5%B7%9D%E7%9C%8C%E6%A8%AA%E6%B5%9C%E5%B8%82%E4%B8%AD%E5%8C%BA%E5%B8%B8%E7%9B%A4%E7%94%BA5-67%201F,2021,喫茶店,kissaten,発表日：2021年6月29日
カヤバ珈琲,東京都台東区谷中6-1-29,食べログ 喫茶店 百名店 2021,https://tabelog.com/tokyo/A1311/A131104/13019585/,https://www.google.com/maps/search/?api=1&query=%E3%82%AB%E3%83%A4%E3%83%90%E7%8F%88%E7%90%B2%20%E6%9D%B1%E4%BA%AC%E9%83%BD%E5%8F%B0%E6%9D%B1%E5%8C%BA%E8%B0%B7%E4%B8%AD6-1-29,2021,喫茶店,kissaten,発表日：2021年6月29日
高山珈琲,東京都千代田区神田須田町1-12,食べログ 喫茶店 百名店 2021,https://tabelog.com/tokyo/A1310/A131002/13011257/,https://www.google.com/maps/search/?api=1&query=%E9%AB%98%E5%B1%B1%E7%8F%88%E7%90%B2%20%E6%9D%B1%E4%BA%AC%E9%83%BD%E5%8D%83%E4%BB%A3%E7%94%B0%E5%8C%BA%E7%A5%9E%E7%94%B0%E9%A0%88%E7%94%B0%E7%94%BA1-12,2021,喫茶店,kissaten,発表日：2021年6月29日
珈琲専門店 トミィ,東京都墨田区錦糸2-10-7,食べログ 喫茶店 百名店 2021,https://tabelog.com/tokyo/A1312/A131201/13007983/,https://www.google.com/maps/search/?api=1&query=%E7%8F%88%E7%90%B2%E5%B0%82%E9%96%80%E5%BA%97%20%E3%83%88%E3%83%9F%E3%82%A3%20%E6%9D%B1%E4%BA%AC%E9%83%BD%E5%A2%A8%E7%94%B0%E5%8C%BA%E9%8C%A6%E7%B3%B82-10-7,2021,喫茶店,kissaten,発表日：2021年6月29日
カフェ・トロワバグ,東京都千代田区神田神保町1-12-1 富田ビル B1F,食べログ 喫茶店 百名店 2021,https://tabelog.com/tokyo/A1310/A131003/13011637/,https://www.google.com/maps/search/?api=1&query=%E3%82%AB%E3%83%95%E3%82%A7%E3%83%BB%E3%83%88%E3%83%AD%E3%83%AF%E3%83%90%E3%82%B0%20%E6%9D%B1%E4%BA%AC%E9%83%BD%E5%8D%83%E4%BB%A3%E7%94%B0%E5%8C%BA%E7%A5%9E%E7%94%B0%E7%A5%9E%E4%BF%9D%E7%94%BA1-12-1%20%E5%AF%8C%E7%94%B0%E3%83%93%E3%83%AB%20B1F,2021,喫茶店,kissaten,発表日：2021年6月29日
ツェーンコーヒー,東京都台東区上野1-14-2,食べログ 喫茶店 百名店 2021,https://tabelog.com/tokyo/A1311/A131101/13043953/,https://www.google.com/maps/search/?api=1&query=%E3%83%84%E3%82%A7%E3%83%BC%E3%83%B3%E3%82%B3%E3%83%BC%E3%83%92%E3%83%BC%20%E6%9D%B1%E4%BA%AC%E9%83%BD%E5%8F%B0%E6%9D%B1%E5%8C%BA%E4%B8%8A%E9%87%8E1-14-2,2021,喫茶店,kissaten,発表日：2021年6月29日
ヴェルデ,東京都渋谷区恵比寿西1-20-8 コンド恵比寿 1F,食べログ 喫茶店 百名店 2021,https://tabelog.com/tokyo/A1303/A130302/13050095/,https://www.google.com/maps/search/?api=1&query=%E3%83%B4%E3%82%A7%E3%83%AB%E3%83%87%20%E6%9D%B1%E4%BA%AC%E9%83%BD%E6%B8%8B%E8%B0%B7%E5%8C%BA%E6%81%B5%E6%AF%94%E5%AF%BF%E8%A5%BF1-20-8%20%E3%82%B3%E3%83%B3%E3%83%89%E6%81%B5%E6%AF%94%E5%AF%BF%201F,2021,喫茶店,kissaten,発表日：2021年6月29日
タイズ,東京都文京区湯島4-1-13 1F,食べログ 喫茶店 百名店 2021,https://tabelog.com/tokyo/A1310/A131004/13018359/,https://www.google.com/maps/search/?api=1&query=%E3%82%BF%E3%82%A4%E3%82%BA%20%E6%9D%B1%E4%BA%AC%E9%83%BD%E6%96%87%E4%BA%AC%E5%8C%BA%E6%B9%AF%E5%B3%B64-1-13%201F,2021,喫茶店,kissaten,発表日：2021年6月29日
さぼうる 2,東京都千代田区神田神保町1-11,食べログ 喫茶店 百名店 2021,https://tabelog.com/tokyo/A1310/A131003/13011604/,https://www.google.com/maps/search/?api=1&query=%E3%81%95%E3%81%BC%E3%81%86%E3%82%8B%202%20%E6%9D%B1%E4%BA%AC%E9%83%BD%E5%8D%83%E4%BB%A3%E7%94%B0%E5%8C%BA%E7%A5%9E%E7%94%B0%E7%A5%9E%E4%BF%9D%E7%94%BA1-11,2021,喫茶店,kissaten,発表日：2021年6月29日
トロワ・シャンブル,東京都世田谷区代沢5-36-14 湯浅ビル 2F,食べログ 喫茶店 百名店 2021,https://tabelog.com/tokyo/A1318/A131802/13013091/,https://www.google.com/maps/search/?api=1&query=%E3%83%88%E3%83%AD%E3%83%AF%E3%83%BB%E3%82%B7%E3%83%A3%E3%83%B3%E3%83%96%E3%83%AB%20%E6%9D%B1%E4%BA%AC%E9%83%BD%E4%B8%96%E7%94%B0%E8%B0%B7%E5%8C%BA%E4%BB%A3%E6%B2%A25-36-14%20%E6%B9%AF%E6%B5%85%E3%83%93%E3%83%AB%202F,2021,喫茶店,kissaten,発表日：2021年6月29日
炭火焼珈琲 蔵,東京都豊島区西池袋1-39-1,食べログ 喫茶店 百名店 2021,https://tabelog.com/tokyo/A1305/A130501/13089625/,https://www.google.com/maps/search/?api=1&query=%E7%82%AD%E7%81%AB%E7%84%BC%E7%8F%88%E7%90%B2%20%E8%94%B5%20%E6%9D%B1%E4%BA%AC%E9%83%BD%E8%B1%8A%E5%B3%B6%E5%8C%BA%E8%A5%BF%E6%B1%A0%E8%A2%8B1-39-1,2021,喫茶店,kissaten,発表日：2021年6月29日
ピノキオ,東京都板橋区大山金井町16-8,食べログ 喫茶店 百名店 2021,https://tabelog.com/tokyo/A1322/A132203/13088456/,https://www.google.com/maps/search/?api=1&query=%E3%83%94%E3%83%8E%E3%82%AD%E3%82%AA%20%E6%9D%B1%E4%BA%AC%E9%83%BD%E6%9D%BF%E6%A9%8B%E5%8C%BA%E5%A4%A7%E5%B1%B1%E9%87%91%E4%BA%95%E7%94%BA16-8,2021,喫茶店,kissaten,発表日：2021年6月29日
十一房珈琲店,東京都中央区銀座2-2-19,食べログ 喫茶店 百名店 2021,https://tabelog.com/tokyo/A1301/A130101/13007721/,https://www.google.com/maps/search/?api=1&query=%E5%8D%81%E4%B8%80%E6%88%BF%E7%8F%88%E7%90%B2%E5%BA%97%20%E6%9D%B1%E4%BA%AC%E9%83%BD%E4%B8%AD%E5%A4%AE%E5%8C%BA%E9%8A%80%E5%BA%A72-2-19,2021,喫茶店,kissaten,発表日：2021年6月29日
ロッジ赤石,東京都台東区浅草3-8-4,食べログ 喫茶店 百名店 2021,https://tabelog.com/tokyo/A1311/A131102/13058004/,https://www.google.com/maps/search/?api=1&query=%E3%83%AD%E3%83%83%E3%82%B8%E8%B5%A4%E7%9F%B3%20%E6%9D%B1%E4%BA%AC%E9%83%BD%E5%8F%B0%E6%9D%B1%E5%8C%BA%E6%B5%85%E8%8D%893-8-4,2021,喫茶店,kissaten,発表日：2021年6月29日
自家焙煎珈琲 凡,東京都新宿区新宿3-23-1 都里一ビル B1F,食べログ 喫茶店 百名店 2021,https://tabelog.com/tokyo/A1304/A130401/13000735/,https://www.google.com/maps/search/?api=1&query=%E8%87%AA%E5%AE%B6%E7%84%99%E7%85%8E%E7%8F%88%E7%90%B2%20%E5%87%A1%20%E6%9D%B1%E4%BA%AC%E9%83%BD%E6%96%B0%E5%AE%BF%E5%8C%BA%E6%96%B0%E5%AE%BF3-23-1%20%E9%83%BD%E9%87%8C%E4%B8%80%E3%83%93%E3%83%AB%20B1F,2021,喫茶店,kissaten,発表日：2021年6月29日
珈琲亭 ルアン,東京都大田区大森北1-36-2,食べログ 喫茶店 百名店 2021,https://tabelog.com/tokyo/A1315/A131502/13008294/,https://www.google.com/maps/search/?api=1&query=%E7%8F%88%E7%90%B2%E4%BA%AD%20%E3%83%AB%E3%82%A2%E3%83%B3%20%E6%9D%B1%E4%BA%AC%E9%83%BD%E5%A4%A7%E7%94%B0%E5%8C%BA%E5%A4%A7%E6%A3%AE%E5%8C%971-36-2,2021,喫茶店,kissaten,発表日：2021年6月29日
Cafe Bach,東京都台東区日本堤1-23-9,食べログ 喫茶店 百名店 2021,https://tabelog.com/tokyo/A1324/A132401/13003759/,https://www.google.com/maps/search/?api=1&query=Cafe%20Bach%20%E6%9D%B1%E4%BA%AC%E9%83%BD%E5%8F%B0%E6%9D%B1%E5%8C%BA%E6%97%A5%E6%9C%AC%E5%A0%A41-23-9,2021,喫茶店,kissaten,発表日：2021年6月29日
Cafe Tram,東京都渋谷区恵比寿西1-7-13 スイングビル 2F,食べログ 喫茶店 百名店 2021,https://tabelog.com/tokyo/A1303/A130302/13170379/,https://www.google.com/maps/search/?api=1&query=Cafe%20Tram%20%E6%9D%B1%E4%BA%AC%E9%83%BD%E6%B8%8B%E8%B0%B7%E5%8C%BA%E6%81%B5%E6%AF%94%E5%AF%BF%E8%A5%BF1-7-13%20%E3%82%B9%E3%82%A4%E3%83%B3%E3%82%B0%E3%83%93%E3%83%AB%202F,2021,喫茶店,kissaten,発表日：2021年6月29日
神田伯剌西爾,東京都千代田区神田神保町1-7 小宮山ビル Ｂ1Ｆ,食べログ 喫茶店 百名店 2021,https://tabelog.com/tokyo/A1310/A131003/13011590/,https://www.google.com/maps/search/?api=1&query=%E7%A5%9E%E7%94%B0%E4%BC%AF%E5%89%8C%E8%A5%BF%E7%88%BE%20%E6%9D%B1%E4%BA%AC%E9%83%BD%E5%8D%83%E4%BB%A3%E7%94%B0%E5%8C%BA%E7%A5%9E%E7%94%B0%E7%A5%9E%E4%BF%9D%E7%94%BA1-7%20%E5%B0%8F%E5%AE%AE%E5%B1%B1%E3%83%93%E3%83%AB%20%EF%BC%A21%EF%BC%A6,2021,喫茶店,kissaten,発表日：2021年6月29日
ヘッケルン,東京都港区西新橋1-20-11 安藤ビル1S,食べログ 喫茶店 百名店 2021,https://tabelog.com/tokyo/A1308/A130802/13057178/,https://www.google.com/maps/search/?api=1&query=%E3%83%98%E3%83%83%E3%82%B1%E3%83%AB%E3%83%B3%20%E6%9D%B1%E4%BA%AC%E9%83%BD%E6%B8%AF%E5%8C%BA%E8%A5%BF%E6%96%B0%E6%A9%8B1-20-11%20%E5%AE%89%E8%97%A4%E3%83%93%E3%83%AB1S,2021,喫茶店,kissaten,発表日：2021年6月29日
みやざわ,東京都中央区銀座8-5-25 西銀座会館　１Ｆ,食べログ 喫茶店 百名店 2021,https://tabelog.com/tokyo/A1301/A130103/13024142/,https://www.google.com/maps/search/?api=1&query=%E3%81%BF%E3%82%84%E3%81%96%E3%82%8F%20%E6%9D%B1%E4%BA%AC%E9%83%BD%E4%B8%AD%E5%A4%AE%E5%8C%BA%E9%8A%80%E5%BA%A78-5-25%20%E8%A5%BF%E9%8A%80%E5%BA%A7%E4%BC%9A%E9%A4%A8%E3%80%80%EF%BC%91%EF%BC%A6,2021,喫茶店,kissaten,発表日：2021年6月29日
シビタス,東京都大田区西蒲田7-69-1 東急プラザ蒲田 4F,食べログ 喫茶店 百名店 2021,https://tabelog.com/tokyo/A1315/A131503/13045798/,https://www.google.com/maps/search/?api=1&query=%E3%82%B7%E3%83%93%E3%82%BF%E3%82%B9%20%E6%9D%B1%E4%BA%AC%E9%83%BD%E5%A4%A7%E7%94%B0%E5%8C%BA%E8%A5%BF%E8%92%B2%E7%94%B07-69-1%20%E6%9D%B1%E6%80%A5%E3%83%97%E3%83%A9%E3%82%B6%E8%92%B2%E7%94%B0%204F,2021,喫茶店,kissaten,発表日：2021年6月29日
カトリカ,東京都墨田区東向島5丁目29-6,食べログ ピザ 百名店 2021,https://tabelog.com/tokyo/A1312/A131203/13040601/,https://www.google.com/maps/search/?api=1&query=%E3%82%AB%E3%83%88%E3%83%AA%E3%82%AB%20%E6%9D%B1%E4%BA%AC%E9%83%BD%E5%A2%A8%E7%94%B0%E5%8C%BA%E6%9D%B1%E5%90%91%E5%B3%B65%E4%B8%81%E7%9B%AE29-6,2021,ピザ,pizza,発表日：2021年6月15日
リンシエメ,東京都江東区亀戸1-31-7,食べログ ピザ 百名店 2021,https://tabelog.com/tokyo/A1312/A131202/13193917/,https://www.google.com/maps/search/?api=1&query=%E3%83%AA%E3%83%B3%E3%82%B7%E3%82%A8%E3%83%A1%20%E6%9D%B1%E4%BA%AC%E9%83%BD%E6%B1%9F%E6%9D%B1%E5%8C%BA%E4%BA%80%E6%88%B81-31-7,2021,ピザ,pizza,発表日：2021年6月15日
聖林館,東京都目黒区上目黒2-6-4,食べログ ピザ 百名店 2021,https://tabelog.com/tokyo/A1317/A131701/13003188/,https://www.google.com/maps/search/?api=1&query=%E8%81%96%E6%9E%97%E9%A4%A8%20%E6%9D%B1%E4%BA%AC%E9%83%BD%E7%9B%AE%E9%BB%92%E5%8C%BA%E4%B8%8A%E7%9B%AE%E9%BB%922-6-4,2021,ピザ,pizza,発表日：2021年6月15日
トニーズピザ,東京都武蔵野市吉祥寺南町1-6-9,食べログ ピザ 百名店 2021,https://tabelog.com/tokyo/A1320/A132001/13005912/,https://www.google.com/maps/search/?api=1&query=%E3%83%88%E3%83%8B%E3%83%BC%E3%82%BA%E3%83%94%E3%82%B6%20%E6%9D%B1%E4%BA%AC%E9%83%BD%E6%AD%A6%E8%94%B5%E9%87%8E%E5%B8%82%E5%90%89%E7%A5%A5%E5%AF%BA%E5%8D%97%E7%94%BA1-6-9,2021,ピザ,pizza,発表日：2021年6月15日
ベッラ・ナポリ,東京都江東区高橋9-3,食べログ ピザ 百名店 2021,https://tabelog.com/tokyo/A1312/A131201/13005043/,https://www.google.com/maps/search/?api=1&query=%E3%83%99%E3%83%83%E3%83%A9%E3%83%BB%E3%83%8A%E3%83%9D%E3%83%AA%20%E6%9D%B1%E4%BA%AC%E9%83%BD%E6%B1%9F%E6%9D%B1%E5%8C%BA%E9%AB%98%E6%A9%8B9-3,2021,ピザ,pizza,発表日：2021年6月15日
ピッツェリア チーロ 東中野店,東京都中野区東中野3-8-3 フェニックスビル1Ｆ,食べログ ピザ 百名店 2021,https://tabelog.com/tokyo/A1319/A131901/13115030/,https://www.google.com/maps/search/?api=1&query=%E3%83%94%E3%83%83%E3%83%84%E3%82%A7%E3%83%AA%E3%82%A2%20%E3%83%81%E3%83%BC%E3%83%AD%20%E6%9D%B1%E4%B8%AD%E9%87%8E%E5%BA%97%20%E6%9D%B1%E4%BA%AC%E9%83%BD%E4%B8%AD%E9%87%8E%E5%8C%BA%E6%9D%B1%E4%B8%AD%E9%87%8E3-8-3%20%E3%83%95%E3%82%A7%E3%83%8B%E3%83%83%E3%82%AF%E3%82%B9%E3%83%93%E3%83%AB1%EF%BC%A6,2021,ピザ,pizza,発表日：2021年6月15日
ナプレ 東京ミッドタウン店,東京都港区赤坂9-7-4 東京ミッドタウン ガレリア ガーデンテラス 1F,食べログ ピザ 百名店 2021,https://tabelog.com/tokyo/A1307/A130701/13037338/,https://www.google.com/maps/search/?api=1&query=%E3%83%8A%E3%83%97%E3%83%AC%20%E6%9D%B1%E4%BA%AC%E3%83%9F%E3%83%83%E3%83%89%E3%82%BF%E3%82%A6%E3%83%B3%E5%BA%97%20%E6%9D%B1%E4%BA%AC%E9%83%BD%E6%B8%AF%E5%8C%BA%E8%B5%A4%E5%9D%829-7-4%20%E6%9D%B1%E4%BA%AC%E3%83%9F%E3%83%83%E3%83%89%E3%82%BF%E3%82%A6%E3%83%B3%20%E3%82%AC%E3%83%AC%E3%83%AA%E3%82%A2%20%E3%82%AC%E3%83%BC%E3%83%87%E3%83%B3%E3%83%86%E3%83%A9%E3%82%B9%201F,2021,ピザ,pizza,発表日：2021年6月15日
ピッツェリア・ロマーナ・イル・ペンティート,東京都渋谷区代々木3-1-1 ＡＸＩＳ　１Ｆ,食べログ ピザ 百名店 2021,https://tabelog.com/tokyo/A1318/A131810/13000684/,https://www.google.com/maps/search/?api=1&query=%E3%83%94%E3%83%83%E3%83%84%E3%82%A7%E3%83%AA%E3%82%A2%E3%83%BB%E3%83%AD%E3%83%9E%E3%83%BC%E3%83%8A%E3%83%BB%E3%82%A4%E3%83%AB%E3%83%BB%E3%83%9A%E3%83%B3%E3%83%86%E3%82%A3%E3%83%BC%E3%83%88%20%E6%9D%B1%E4%BA%AC%E9%83%BD%E6%B8%8B%E8%B0%B7%E5%8C%BA%E4%BB%A3%E3%80%85%E6%9C%A83-1-1%20%EF%BC%A1%EF%BC%B8%EF%BC%A9%EF%BC%B3%E3%80%80%EF%BC%91%EF%BC%A6,2021,ピザ,pizza,発表日：2021年6月15日
Pizzeria Bakka M'unica,東京都品川区東大井1-3-17 コーポマルイノ 1F,食べログ ピザ 百名店 2021,https://tabelog.com/tokyo/A1315/A131501/13182694/,https://www.google.com/maps/search/?api=1&query=Pizzeria%20Bakka%20M%27unica%20%E6%9D%B1%E4%BA%AC%E9%83%BD%E5%93%81%E5%B7%9D%E5%8C%BA%E6%9D%B1%E5%A4%A7%E4%BA%951-3-17%20%E3%82%B3%E3%83%BC%E3%83%9D%E3%83%9E%E3%83%AB%E3%82%A4%E3%83%8E%201F,2021,ピザ,pizza,発表日：2021年6月15日
ベントエマーレ,東京都品川区西五反田5-26-10 1F,食べログ ピザ 百名店 2021,https://tabelog.com/tokyo/A1317/A131710/13114520/,https://www.google.com/maps/search/?api=1&query=%E3%83%99%E3%83%B3%E3%83%88%E3%82%A8%E3%83%9E%E3%83%BC%E3%83%AC%20%E6%9D%B1%E4%BA%AC%E9%83%BD%E5%93%81%E5%B7%9D%E5%8C%BA%E8%A5%BF%E4%BA%94%E5%8F%8D%E7%94%B05-26-10%201F,2021,ピザ,pizza,発表日：2021年6月15日
芦ノ湖テラス,神奈川県足柄下郡箱根町元箱根61,食べログ ピザ 百名店 2021,https://tabelog.com/kanagawa/A1410/A141001/14009281/,https://www.google.com/maps/search/?api=1&query=%E8%8A%A6%E3%83%8E%E6%B9%96%E3%83%86%E3%83%A9%E3%82%B9%20%E7%A5%9E%E5%A5%88%E5%B7%9D%E7%9C%8C%E8%B6%B3%E6%9F%84%E4%B8%8B%E9%83%A1%E7%AE%B1%E6%A0%B9%E7%94%BA%E5%85%83%E7%AE%B1%E6%A0%B961,2021,ピザ,pizza,発表日：2021年6月15日
築地トゥットベーネ,東京都中央区築地7-10-10,食べログ ピザ 百名店 2021,https://tabelog.com/tokyo/A1313/A131301/13183253/,https://www.google.com/maps/search/?api=1&query=%E7%AF%89%E5%9C%B0%E3%83%88%E3%82%A5%E3%83%83%E3%83%88%E3%83%99%E3%83%BC%E3%83%8D%20%E6%9D%B1%E4%BA%AC%E9%83%BD%E4%B8%AD%E5%A4%AE%E5%8C%BA%E7%AF%89%E5%9C%B07-10-10,2021,ピザ,pizza,発表日：2021年6月15日
ピッツェリアGG 鎌倉,神奈川県鎌倉市由比ガ浜2-9-62 1F,食べログ ピザ 百名店 2021,https://tabelog.com/kanagawa/A1404/A140402/14051790/,https://www.google.com/maps/search/?api=1&query=%E3%83%94%E3%83%83%E3%83%84%E3%82%A7%E3%83%AA%E3%82%A2GG%20%E9%8E%8C%E5%80%89%20%E7%A5%9E%E5%A5%88%E5%B7%9D%E7%9C%8C%E9%8E%8C%E5%80%89%E5%B8%82%E7%94%B1%E6%AF%94%E3%82%AC%E6%B5%9C2-9-62%201F,2021,ピザ,pizza,発表日：2021年6月15日
イル ピッツァイオーロ,東京都世田谷区太子堂4-20-7 QG三軒茶屋 1F,食べログ ピザ 百名店 2021,https://tabelog.com/tokyo/A1317/A131706/13013741/,https://www.google.com/maps/search/?api=1&query=%E3%82%A4%E3%83%AB%20%E3%83%94%E3%83%83%E3%83%84%E3%82%A1%E3%82%A4%E3%82%AA%E3%83%BC%E3%83%AD%20%E6%9D%B1%E4%BA%AC%E9%83%BD%E4%B8%96%E7%94%B0%E8%B0%B7%E5%8C%BA%E5%A4%AA%E5%AD%90%E5%A0%824-20-7%20QG%E4%B8%89%E8%BB%92%E8%8C%B6%E5%B1%8B%201F,2021,ピザ,pizza,発表日：2021年6月15日
ナプレ 南青山本店,東京都港区南青山5-6-24 林ビル,食べログ ピザ 百名店 2021,https://tabelog.com/tokyo/A1306/A130602/13003493/,https://www.google.com/maps/search/?api=1&query=%E3%83%8A%E3%83%97%E3%83%AC%20%E5%8D%97%E9%9D%92%E5%B1%B1%E6%9C%AC%E5%BA%97%20%E6%9D%B1%E4%BA%AC%E9%83%BD%E6%B8%AF%E5%8C%BA%E5%8D%97%E9%9D%92%E5%B1%B15-6-24%20%E6%9E%97%E3%83%93%E3%83%AB,2021,ピザ,pizza,発表日：2021年6月15日
ラッテリア ベベ  カマクラ,神奈川県鎌倉市御成町11-17,食べログ ピザ 百名店 2021,https://tabelog.com/kanagawa/A1404/A140402/14058636/,https://www.google.com/maps/search/?api=1&query=%E3%83%A9%E3%83%83%E3%83%86%E3%83%AA%E3%82%A2%20%E3%83%99%E3%83%99%20%20%E3%82%AB%E3%83%9E%E3%82%AF%E3%83%A9%20%E7%A5%9E%E5%A5%88%E5%B7%9D%E7%9C%8C%E9%8E%8C%E5%80%89%E5%B8%82%E5%BE%A1%E6%88%90%E7%94%BA11-17,2021,ピザ,pizza,発表日：2021年6月15日
パルテノペ 恵比寿店,東京都渋谷区恵比寿1-22-20 恵比寿幸和ビル 1F,食べログ ピザ 百名店 2021,https://tabelog.com/tokyo/A1303/A130302/13005480/,https://www.google.com/maps/search/?api=1&query=%E3%83%91%E3%83%AB%E3%83%86%E3%83%8E%E3%83%9A%20%E6%81%B5%E6%AF%94%E5%AF%BF%E5%BA%97%20%E6%9D%B1%E4%BA%AC%E9%83%BD%E6%B8%8B%E8%B0%B7%E5%8C%BA%E6%81%B5%E6%AF%94%E5%AF%BF1-22-20%20%E6%81%B5%E6%AF%94%E5%AF%BF%E5%B9%B8%E5%92%8C%E3%83%93%E3%83%AB%201F,2021,ピザ,pizza,発表日：2021年6月15日
ナポリスタカ 駒沢店,東京都世田谷区上馬4-5-1,食べログ ピザ 百名店 2021,https://tabelog.com/tokyo/A1317/A131707/13188330/,https://www.google.com/maps/search/?api=1&query=%E3%83%8A%E3%83%9D%E3%83%AA%E3%82%B9%E3%82%BF%E3%82%AB%20%E9%A7%92%E6%B2%A2%E5%BA%97%20%E6%9D%B1%E4%BA%AC%E9%83%BD%E4%B8%96%E7%94%B0%E8%B0%B7%E5%8C%BA%E4%B8%8A%E9%A6%AC4-5-1,2021,ピザ,pizza,発表日：2021年6月15日
SAVOY とまととちーず店,東京都港区麻布十番3-3-13 M2Kステージ 1F,食べログ ピザ 百名店 2021,https://tabelog.com/tokyo/A1307/A130702/13155593/,https://www.google.com/maps/search/?api=1&query=SAVOY%20%E3%81%A8%E3%81%BE%E3%81%A8%E3%81%A8%E3%81%A1%E3%83%BC%E3%81%9A%E5%BA%97%20%E6%9D%B1%E4%BA%AC%E9%83%BD%E6%B8%AF%E5%8C%BA%E9%BA%BB%E5%B8%83%E5%8D%81%E7%95%AA3-3-13%20M2K%E3%82%B9%E3%83%86%E3%83%BC%E3%82%B8%201F,2021,ピザ,pizza,発表日：2021年6月15日
ピッツェリア イル・タンブレッロ,東京都中央区日本橋堀留町1-2-9 DIG DUG１階,食べログ ピザ 百名店 2021,https://tabelog.com/tokyo/A1302/A130204/13114239/,https://www.google.com/maps/search/?api=1&query=%E3%83%94%E3%83%83%E3%83%84%E3%82%A7%E3%83%AA%E3%82%A2%20%E3%82%A4%E3%83%AB%E3%83%BB%E3%82%BF%E3%83%B3%E3%83%96%E3%83%AC%E3%83%83%E3%83%AD%20%E6%9D%B1%E4%BA%AC%E9%83%BD%E4%B8%AD%E5%A4%AE%E5%8C%BA%E6%97%A5%E6%9C%AC%E6%A9%8B%E5%A0%80%E7%95%99%E7%94%BA1-2-9%20DIG%20DUG%EF%BC%91%E9%9A%8E,2021,ピザ,pizza,発表日：2021年6月15日
SAVOY 麻布十番店,東京都港区元麻布3-10-1 中岡ビル　２Ｆ,食べログ ピザ 百名店 2021,https://tabelog.com/tokyo/A1307/A130702/13036875/,https://www.google.com/maps/search/?api=1&query=SAVOY%20%E9%BA%BB%E5%B8%83%E5%8D%81%E7%95%AA%E5%BA%97%20%E6%9D%B1%E4%BA%AC%E9%83%BD%E6%B8%AF%E5%8C%BA%E5%85%83%E9%BA%BB%E5%B8%833-10-1%20%E4%B8%AD%E5%B2%A1%E3%83%93%E3%83%AB%E3%80%80%EF%BC%92%EF%BC%A6,2021,ピザ,pizza,発表日：2021年6月15日
ナポリピッツァ Pizzeria la Rossa,東京都目黒区目黒本町5-33-25,食べログ ピザ 百名店 2021,https://tabelog.com/tokyo/A1317/A131702/13130666/,https://www.google.com/maps/search/?api=1&query=%E3%83%8A%E3%83%9D%E3%83%AA%E3%83%94%E3%83%83%E3%83%84%E3%82%A1%20Pizzeria%20la%20Rossa%20%E6%9D%B1%E4%BA%AC%E9%83%BD%E7%9B%AE%E9%BB%92%E5%8C%BA%E7%9B%AE%E9%BB%92%E6%9C%AC%E7%94%BA5-33-25,2021,ピザ,pizza,発表日：2021年6月15日
ピッツェリア キアッキェローネ,神奈川県横浜市中区野毛町3-158,食べログ ピザ 百名店 2021,https://tabelog.com/kanagawa/A1401/A140102/14044667/,https://www.google.com/maps/search/?api=1&query=%E3%83%94%E3%83%83%E3%83%84%E3%82%A7%E3%83%AA%E3%82%A2%20%E3%82%AD%E3%82%A2%E3%83%83%E3%82%AD%E3%82%A7%E3%83%AD%E3%83%BC%E3%83%8D%20%E7%A5%9E%E5%A5%88%E5%B7%9D%E7%9C%8C%E6%A8%AA%E6%B5%9C%E5%B8%82%E4%B8%AD%E5%8C%BA%E9%87%8E%E6%AF%9B%E7%94%BA3-158,2021,ピザ,pizza,発表日：2021年6月15日
DADA,神奈川県鎌倉市雪ノ下1-11-2 雪ノ下ビル　１Ｆ,食べログ ピザ 百名店 2021,https://tabelog.com/kanagawa/A1404/A140402/14039433/,https://www.google.com/maps/search/?api=1&query=DADA%20%E7%A5%9E%E5%A5%88%E5%B7%9D%E7%9C%8C%E9%8E%8C%E5%80%89%E5%B8%82%E9%9B%AA%E3%83%8E%E4%B8%8B1-11-2%20%E9%9B%AA%E3%83%8E%E4%B8%8B%E3%83%93%E3%83%AB%E3%80%80%EF%BC%91%EF%BC%A6,2021,ピザ,pizza,発表日：2021年6月15日
イ・ロッタ,東京都目黒区下目黒1-5-21 目黒ＤＫウェスト　１Ｆ,食べログ ピザ 百名店 2021,https://tabelog.com/tokyo/A1316/A131601/13003385/,https://www.google.com/maps/search/?api=1&query=%E3%82%A4%E3%83%BB%E3%83%AD%E3%83%83%E3%82%BF%20%E6%9D%B1%E4%BA%AC%E9%83%BD%E7%9B%AE%E9%BB%92%E5%8C%BA%E4%B8%8B%E7%9B%AE%E9%BB%921-5-21%20%E7%9B%AE%E9%BB%92%EF%BC%A4%EF%BC%AB%E3%82%A6%E3%82%A7%E3%82%B9%E3%83%88%E3%80%80%EF%BC%91%EF%BC%A6,2021,ピザ,pizza,発表日：2021年6月15日
ヴォメロ,東京都中央区銀座3-12-8 NKCビル 1F,食べログ ピザ 百名店 2021,https://tabelog.com/tokyo/A1301/A130101/13139857/,https://www.google.com/maps/search/?api=1&query=%E3%83%B4%E3%82%A9%E3%83%A1%E3%83%AD%20%E6%9D%B1%E4%BA%AC%E9%83%BD%E4%B8%AD%E5%A4%AE%E5%8C%BA%E9%8A%80%E5%BA%A73-12-8%20NKC%E3%83%93%E3%83%AB%201F,2021,ピザ,pizza,発表日：2021年6月15日
ピッツェリア ダ・アオキ タッポスト,東京都練馬区早宮4-37-29 ラフィット豊島園　１Ｆ,食べログ ピザ 百名店 2021,https://tabelog.com/tokyo/A1321/A132102/13015826/,https://www.google.com/maps/search/?api=1&query=%E3%83%94%E3%83%83%E3%83%84%E3%82%A7%E3%83%AA%E3%82%A2%20%E3%83%80%E3%83%BB%E3%82%A2%E3%82%AA%E3%82%AD%20%E3%82%BF%E3%83%83%E3%83%9D%E3%82%B9%E3%83%88%20%E6%9D%B1%E4%BA%AC%E9%83%BD%E7%B7%B4%E9%A6%AC%E5%8C%BA%E6%97%A9%E5%AE%AE4-37-29%20%E3%83%A9%E3%83%95%E3%82%A3%E3%83%83%E3%83%88%E8%B1%8A%E5%B3%B6%E5%9C%92%E3%80%80%EF%BC%91%EF%BC%A6,2021,ピザ,pizza,発表日：2021年6月15日
ピッツエリア エ トラットリア ダ イーサ,東京都目黒区青葉台1-28-9,食べログ ピザ 百名店 2021,https://tabelog.com/tokyo/A1317/A131701/13103245/,https://www.google.com/maps/search/?api=1&query=%E3%83%94%E3%83%83%E3%83%84%E3%82%A8%E3%83%AA%E3%82%A2%20%E3%82%A8%20%E3%83%88%E3%83%A9%E3%83%83%E3%83%88%E3%83%AA%E3%82%A2%20%E3%83%80%20%E3%82%A4%E3%83%BC%E3%82%B5%20%E6%9D%B1%E4%BA%AC%E9%83%BD%E7%9B%AE%E9%BB%92%E5%8C%BA%E9%9D%92%E8%91%89%E5%8F%B01-28-9,2021,ピザ,pizza,発表日：2021年6月15日
ゑんぞ,東京都台東区浅草橋1-17-2,食べログ ピザ 百名店 2021,https://tabelog.com/tokyo/A1311/A131103/13141862/,https://www.google.com/maps/search/?api=1&query=%E3%82%91%E3%82%93%E3%81%9E%20%E6%9D%B1%E4%BA%AC%E9%83%BD%E5%8F%B0%E6%9D%B1%E5%8C%BA%E6%B5%85%E8%8D%89%E6%A9%8B1-17-2,2021,ピザ,pizza,発表日：2021年6月15日
ピッツェリア　スペリアーモ！,神奈川県横浜市西区藤棚町1-121,食べログ ピザ 百名店 2021,https://tabelog.com/kanagawa/A1401/A140301/14002481/,https://www.google.com/maps/search/?api=1&query=%E3%83%94%E3%83%83%E3%83%84%E3%82%A7%E3%83%AA%E3%82%A2%E3%80%80%E3%82%B9%E3%83%9A%E3%83%AA%E3%82%A2%E3%83%BC%E3%83%A2%EF%BC%81%20%E7%A5%9E%E5%A5%88%E5%B7%9D%E7%9C%8C%E6%A8%AA%E6%B5%9C%E5%B8%82%E8%A5%BF%E5%8C%BA%E8%97%A4%E6%A3%9A%E7%94%BA1-121,2021,ピザ,pizza,発表日：2021年6月15日
マッシモッタヴィオ,東京都杉並区永福4-4-4 永福町ファイブビル,食べログ ピザ 百名店 2021,https://tabelog.com/tokyo/A1318/A131805/13132982/,https://www.google.com/maps/search/?api=1&query=%E3%83%9E%E3%83%83%E3%82%B7%E3%83%A2%E3%83%83%E3%82%BF%E3%83%B4%E3%82%A3%E3%82%AA%20%E6%9D%B1%E4%BA%AC%E9%83%BD%E6%9D%89%E4%B8%A6%E5%8C%BA%E6%B0%B8%E7%A6%8F4-4-4%20%E6%B0%B8%E7%A6%8F%E7%94%BA%E3%83%95%E3%82%A1%E3%82%A4%E3%83%96%E3%83%93%E3%83%AB,2021,ピザ,pizza,発表日：2021年6月15日
ピッツェリア ロマーナ ジャニコロ,東京都港区麻布十番2-8-8 渡邊ビルB1F,食べログ ピザ 百名店 2021,https://tabelog.com/tokyo/A1307/A130702/13122753/,https://www.google.com/maps/search/?api=1&query=%E3%83%94%E3%83%83%E3%83%84%E3%82%A7%E3%83%AA%E3%82%A2%20%E3%83%AD%E3%83%9E%E3%83%BC%E3%83%8A%20%E3%82%B8%E3%83%A3%E3%83%8B%E3%82%B3%E3%83%AD%20%E6%9D%B1%E4%BA%AC%E9%83%BD%E6%B8%AF%E5%8C%BA%E9%BA%BB%E5%B8%83%E5%8D%81%E7%95%AA2-8-8%20%E6%B8%A1%E9%82%8A%E3%83%93%E3%83%ABB1F,2021,ピザ,pizza,発表日：2021年6月15日
PIZZERIA CAPOLI,東京都新宿区新宿4-1-9 新宿ユースビルPAX B1F,食べログ ピザ 百名店 2021,https://tabelog.com/tokyo/A1304/A130401/13123990/,https://www.google.com/maps/search/?api=1&query=PIZZERIA%20CAPOLI%20%E6%9D%B1%E4%BA%AC%E9%83%BD%E6%96%B0%E5%AE%BF%E5%8C%BA%E6%96%B0%E5%AE%BF4-1-9%20%E6%96%B0%E5%AE%BF%E3%83%A6%E3%83%BC%E3%82%B9%E3%83%93%E3%83%ABPAX%20B1F,2021,ピザ,pizza,発表日：2021年6月15日
トラットリア ピッツェリア ラルテ,東京都世田谷区三軒茶屋1-35-17 1Ｆ,食べログ ピザ 百名店 2021,https://tabelog.com/tokyo/A1317/A131706/13128533/,https://www.google.com/maps/search/?api=1&query=%E3%83%88%E3%83%A9%E3%83%83%E3%83%88%E3%83%AA%E3%82%A2%20%E3%83%94%E3%83%83%E3%83%84%E3%82%A7%E3%83%AA%E3%82%A2%20%E3%83%A9%E3%83%AB%E3%83%86%20%E6%9D%B1%E4%BA%AC%E9%83%BD%E4%B8%96%E7%94%B0%E8%B0%B7%E5%8C%BA%E4%B8%89%E8%BB%92%E8%8C%B6%E5%B1%8B1-35-17%201%EF%BC%A6,2021,ピザ,pizza,発表日：2021年6月15日
フレイズ フェイマス ピッツェリア,東京都港区六本木4-5-15 1F,食べログ ピザ 百名店 2021,https://tabelog.com/tokyo/A1307/A130701/13124749/,https://www.google.com/maps/search/?api=1&query=%E3%83%95%E3%83%AC%E3%82%A4%E3%82%BA%20%E3%83%95%E3%82%A7%E3%82%A4%E3%83%9E%E3%82%B9%20%E3%83%94%E3%83%83%E3%83%84%E3%82%A7%E3%83%AA%E3%82%A2%20%E6%9D%B1%E4%BA%AC%E9%83%BD%E6%B8%AF%E5%8C%BA%E5%85%AD%E6%9C%AC%E6%9C%A84-5-15%201F,2021,ピザ,pizza,発表日：2021年6月15日
エンボカ 東京,東京都渋谷区元代々木16-16,食べログ ピザ 百名店 2021,https://tabelog.com/tokyo/A1318/A131811/13040937/,https://www.google.com/maps/search/?api=1&query=%E3%82%A8%E3%83%B3%E3%83%9C%E3%82%AB%20%E6%9D%B1%E4%BA%AC%20%E6%9D%B1%E4%BA%AC%E9%83%BD%E6%B8%8B%E8%B0%B7%E5%8C%BA%E5%85%83%E4%BB%A3%E3%80%85%E6%9C%A816-16,2021,ピザ,pizza,発表日：2021年6月15日
ラ・トリプレッタ,東京都品川区小山3-13-12,食べログ ピザ 百名店 2021,https://tabelog.com/tokyo/A1317/A131710/13165472/,https://www.google.com/maps/search/?api=1&query=%E3%83%A9%E3%83%BB%E3%83%88%E3%83%AA%E3%83%97%E3%83%AC%E3%83%83%E3%82%BF%20%E6%9D%B1%E4%BA%AC%E9%83%BD%E5%93%81%E5%B7%9D%E5%8C%BA%E5%B0%8F%E5%B1%B13-13-12,2021,ピザ,pizza,発表日：2021年6月15日
da GIORGIO,東京都文京区湯島3-37-14 ソルミオビル 1F 2F,食べログ ピザ 百名店 2021,https://tabelog.com/tokyo/A1311/A131101/13170979/,https://www.google.com/maps/search/?api=1&query=da%20GIORGIO%20%E6%9D%B1%E4%BA%AC%E9%83%BD%E6%96%87%E4%BA%AC%E5%8C%BA%E6%B9%AF%E5%B3%B63-37-14%20%E3%82%BD%E3%83%AB%E3%83%9F%E3%82%AA%E3%83%93%E3%83%AB%201F%202F,2021,ピザ,pizza,発表日：2021年6月15日
ナポリスタカ 神谷町店,東京都港区麻布台1-11-4 いんなあとりっぷビル１Ｆ,食べログ ピザ 百名店 2021,https://tabelog.com/tokyo/A1307/A130704/13132020/,https://www.google.com/maps/search/?api=1&query=%E3%83%8A%E3%83%9D%E3%83%AA%E3%82%B9%E3%82%BF%E3%82%AB%20%E7%A5%9E%E8%B0%B7%E7%94%BA%E5%BA%97%20%E6%9D%B1%E4%BA%AC%E9%83%BD%E6%B8%AF%E5%8C%BA%E9%BA%BB%E5%B8%83%E5%8F%B01-11-4%20%E3%81%84%E3%82%93%E3%81%AA%E3%81%82%E3%81%A8%E3%82%8A%E3%81%A3%E3%81%B7%E3%83%93%E3%83%AB%EF%BC%91%EF%BC%A6,2021,ピザ,pizza,発表日：2021年6月15日
タランテッラ ダ ルイジ,東京都港区白金3-22-2-1F,食べログ ピザ 百名店 2021,https://tabelog.com/tokyo/A1316/A131602/13122166/,https://www.google.com/maps/search/?api=1&query=%E3%82%BF%E3%83%A9%E3%83%B3%E3%83%86%E3%83%83%E3%83%A9%20%E3%83%80%20%E3%83%AB%E3%82%A4%E3%82%B8%20%E6%9D%B1%E4%BA%AC%E9%83%BD%E6%B8%AF%E5%8C%BA%E7%99%BD%E9%87%913-22-2-1F,2021,ピザ,pizza,発表日：2021年6月15日
ピッツェリアGG 吉祥寺,東京都武蔵野市吉祥寺南町1-17-1 プレジール B1F,食べログ ピザ 百名店 2021,https://tabelog.com/tokyo/A1320/A132001/13047308/,https://www.google.com/maps/search/?api=1&query=%E3%83%94%E3%83%83%E3%83%84%E3%82%A7%E3%83%AA%E3%82%A2GG%20%E5%90%89%E7%A5%A5%E5%AF%BA%20%E6%9D%B1%E4%BA%AC%E9%83%BD%E6%AD%A6%E8%94%B5%E9%87%8E%E5%B8%82%E5%90%89%E7%A5%A5%E5%AF%BA%E5%8D%97%E7%94%BA1-17-1%20%E3%83%97%E3%83%AC%E3%82%B8%E3%83%BC%E3%83%AB%20B1F,2021,ピザ,pizza,発表日：2021年6月15日
ピッツァ ケベロス 明治神宮前店,東京都渋谷区神宮前6-12-4 ヒダノビル 1F,食べログ ピザ 百名店 2021,https://tabelog.com/tokyo/A1306/A130601/13171079/,https://www.google.com/maps/search/?api=1&query=%E3%83%94%E3%83%83%E3%83%84%E3%82%A1%20%E3%82%B1%E3%83%99%E3%83%AD%E3%82%B9%20%E6%98%8E%E6%B2%BB%E7%A5%9E%E5%AE%AE%E5%89%8D%E5%BA%97%20%E6%9D%B1%E4%BA%AC%E9%83%BD%E6%B8%8B%E8%B0%B7%E5%8C%BA%E7%A5%9E%E5%AE%AE%E5%89%8D6-12-4%20%E3%83%92%E3%83%80%E3%83%8E%E3%83%93%E3%83%AB%201F,2021,ピザ,pizza,発表日：2021年6月15日
エッセ ドゥエ 赤坂店,東京都港区赤坂6-11-13 ｆａｂｒｉｃビル　B1F・1F,食べログ ピザ 百名店 2021,https://tabelog.com/tokyo/A1308/A130801/13002191/,https://www.google.com/maps/search/?api=1&query=%E3%82%A8%E3%83%83%E3%82%BB%20%E3%83%89%E3%82%A5%E3%82%A8%20%E8%B5%A4%E5%9D%82%E5%BA%97%20%E6%9D%B1%E4%BA%AC%E9%83%BD%E6%B8%AF%E5%8C%BA%E8%B5%A4%E5%9D%826-11-13%20%EF%BD%86%EF%BD%81%EF%BD%82%EF%BD%92%EF%BD%89%EF%BD%83%E3%83%93%E3%83%AB%E3%80%80B1F%E3%83%BB1F,2021,ピザ,pizza,発表日：2021年6月15日
トラットリア エ ピッツェリア アミーチ,茨城県つくば市手代木286-1,食べログ ピザ 百名店 2021,https://tabelog.com/ibaraki/A0802/A080201/8000842/,https://www.google.com/maps/search/?api=1&query=%E3%83%88%E3%83%A9%E3%83%83%E3%83%88%E3%83%AA%E3%82%A2%20%E3%82%A8%20%E3%83%94%E3%83%83%E3%83%84%E3%82%A7%E3%83%AA%E3%82%A2%20%E3%82%A2%E3%83%9F%E3%83%BC%E3%83%81%20%E8%8C%A8%E5%9F%8E%E7%9C%8C%E3%81%A4%E3%81%8F%E3%81%B0%E5%B8%82%E6%89%8B%E4%BB%A3%E6%9C%A8286-1,2021,ピザ,pizza,発表日：2021年6月15日
ヴァカンツァ,東京都渋谷区恵比寿4-27-2 １Ｆ・２Ｆ,食べログ ピザ 百名店 2021,https://tabelog.com/tokyo/A1303/A130302/13007135/,https://www.google.com/maps/search/?api=1&query=%E3%83%B4%E3%82%A1%E3%82%AB%E3%83%B3%E3%83%84%E3%82%A1%20%E6%9D%B1%E4%BA%AC%E9%83%BD%E6%B8%8B%E8%B0%B7%E5%8C%BA%E6%81%B5%E6%AF%94%E5%AF%BF4-27-2%20%EF%BC%91%EF%BC%A6%E3%83%BB%EF%BC%92%EF%BC%A6,2021,ピザ,pizza,発表日：2021年6月15日
アランジャルシ,東京都文京区湯島4-6-17 丸島ビル１F,食べログ ピザ 百名店 2021,https://tabelog.com/tokyo/A1311/A131101/13057017/,https://www.google.com/maps/search/?api=1&query=%E3%82%A2%E3%83%A9%E3%83%B3%E3%82%B8%E3%83%A3%E3%83%AB%E3%82%B7%20%E6%9D%B1%E4%BA%AC%E9%83%BD%E6%96%87%E4%BA%AC%E5%8C%BA%E6%B9%AF%E5%B3%B64-6-17%20%E4%B8%B8%E5%B3%B6%E3%83%93%E3%83%AB%EF%BC%91F,2021,ピザ,pizza,発表日：2021年6月15日
ラ・ピッコラ・ターヴォラ,東京都杉並区永福4-2-4,食べログ ピザ 百名店 2021,https://tabelog.com/tokyo/A1318/A131805/13005575/,https://www.google.com/maps/search/?api=1&query=%E3%83%A9%E3%83%BB%E3%83%94%E3%83%83%E3%82%B3%E3%83%A9%E3%83%BB%E3%82%BF%E3%83%BC%E3%83%B4%E3%82%A9%E3%83%A9%20%E6%9D%B1%E4%BA%AC%E9%83%BD%E6%9D%89%E4%B8%A6%E5%8C%BA%E6%B0%B8%E7%A6%8F4-2-4,2021,ピザ,pizza,発表日：2021年6月15日
ピッツェリア ジターリア ダ フィリッポ,東京都練馬区石神井町2-13-5 グリーンハイム たちばな 1F,食べログ ピザ 百名店 2021,https://tabelog.com/tokyo/A1321/A132103/13149962/,https://www.google.com/maps/search/?api=1&query=%E3%83%94%E3%83%83%E3%83%84%E3%82%A7%E3%83%AA%E3%82%A2%20%E3%82%B8%E3%82%BF%E3%83%BC%E3%83%AA%E3%82%A2%20%E3%83%80%20%E3%83%95%E3%82%A3%E3%83%AA%E3%83%83%E3%83%9D%20%E6%9D%B1%E4%BA%AC%E9%83%BD%E7%B7%B4%E9%A6%AC%E5%8C%BA%E7%9F%B3%E7%A5%9E%E4%BA%95%E7%94%BA2-13-5%20%E3%82%B0%E3%83%AA%E3%83%BC%E3%83%B3%E3%83%8F%E3%82%A4%E3%83%A0%20%E3%81%9F%E3%81%A1%E3%81%B0%E3%81%AA%201F,2021,ピザ,pizza,発表日：2021年6月15日
PIZZA BORSA,東京都豊島区西池袋3-30-8 渡辺ビル 1F,食べログ ピザ 百名店 2021,https://tabelog.com/tokyo/A1305/A130501/13170403/,https://www.google.com/maps/search/?api=1&query=PIZZA%20BORSA%20%E6%9D%B1%E4%BA%AC%E9%83%BD%E8%B1%8A%E5%B3%B6%E5%8C%BA%E8%A5%BF%E6%B1%A0%E8%A2%8B3-30-8%20%E6%B8%A1%E8%BE%BA%E3%83%93%E3%83%AB%201F,2021,ピザ,pizza,発表日：2021年6月15日
アンティーカ・ピッツェリア・ダ・ミケーレ 恵比寿,東京都渋谷区恵比寿4-4-7,食べログ ピザ 百名店 2021,https://tabelog.com/tokyo/A1303/A130302/13136144/,https://www.google.com/maps/search/?api=1&query=%E3%82%A2%E3%83%B3%E3%83%86%E3%82%A3%E3%83%BC%E3%82%AB%E3%83%BB%E3%83%94%E3%83%83%E3%83%84%E3%82%A7%E3%83%AA%E3%82%A2%E3%83%BB%E3%83%80%E3%83%BB%E3%83%9F%E3%82%B1%E3%83%BC%E3%83%AC%20%E6%81%B5%E6%AF%94%E5%AF%BF%20%E6%9D%B1%E4%BA%AC%E9%83%BD%E6%B8%8B%E8%B0%B7%E5%8C%BA%E6%81%B5%E6%AF%94%E5%AF%BF4-4-7,2021,ピザ,pizza,発表日：2021年6月15日
ピッツェリア パーレンテッシ,東京都目黒区東山3-6-8 エクセル東山 2F,食べログ ピザ 百名店 2021,https://tabelog.com/tokyo/A1317/A131705/13006076/,https://www.google.com/maps/search/?api=1&query=%E3%83%94%E3%83%83%E3%83%84%E3%82%A7%E3%83%AA%E3%82%A2%20%E3%83%91%E3%83%BC%E3%83%AC%E3%83%B3%E3%83%86%E3%83%83%E3%82%B7%20%E6%9D%B1%E4%BA%AC%E9%83%BD%E7%9B%AE%E9%BB%92%E5%8C%BA%E6%9D%B1%E5%B1%B13-6-8%20%E3%82%A8%E3%82%AF%E3%82%BB%E3%83%AB%E6%9D%B1%E5%B1%B1%202F,2021,ピザ,pizza,発表日：2021年6月15日
ザ ピッツァバー ON 38TH,東京都中央区日本橋室町2-1-1 マンダリンオリエンタル東京 38F,食べログ ピザ 百名店 2021,https://tabelog.com/tokyo/A1310/A131002/13167573/,https://www.google.com/maps/search/?api=1&query=%E3%82%B6%20%E3%83%94%E3%83%83%E3%83%84%E3%82%A1%E3%83%90%E3%83%BC%20ON%2038TH%20%E6%9D%B1%E4%BA%AC%E9%83%BD%E4%B8%AD%E5%A4%AE%E5%8C%BA%E6%97%A5%E6%9C%AC%E6%A9%8B%E5%AE%A4%E7%94%BA2-1-1%20%E3%83%9E%E3%83%B3%E3%83%80%E3%83%AA%E3%83%B3%E3%82%AA%E3%83%AA%E3%82%A8%E3%83%B3%E3%82%BF%E3%83%AB%E6%9D%B1%E4%BA%AC%2038F,2021,ピザ,pizza,発表日：2021年6月15日
Pizzeria LUMEN,東京都新宿区歌舞伎町2-8-3 最上ビル新宿　１Ｆ,食べログ ピザ 百名店 2021,https://tabelog.com/tokyo/A1304/A130401/13025499/,https://www.google.com/maps/search/?api=1&query=Pizzeria%20LUMEN%20%E6%9D%B1%E4%BA%AC%E9%83%BD%E6%96%B0%E5%AE%BF%E5%8C%BA%E6%AD%8C%E8%88%9E%E4%BC%8E%E7%94%BA2-8-3%20%E6%9C%80%E4%B8%8A%E3%83%93%E3%83%AB%E6%96%B0%E5%AE%BF%E3%80%80%EF%BC%91%EF%BC%A6,2021,ピザ,pizza,発表日：2021年6月15日
ZUZU,東京都板橋区徳丸3-15-2,食べログ ピザ 百名店 2021,https://tabelog.com/tokyo/A1322/A132203/13169429/,https://www.google.com/maps/search/?api=1&query=ZUZU%20%E6%9D%B1%E4%BA%AC%E9%83%BD%E6%9D%BF%E6%A9%8B%E5%8C%BA%E5%BE%B3%E4%B8%B83-15-2,2021,ピザ,pizza,発表日：2021年6月15日
ピッツァダバッボ,東京都中央区日本橋人形町2-21-1 FSビル １Ｆ,食べログ ピザ 百名店 2021,https://tabelog.com/tokyo/A1302/A130204/13025362/,https://www.google.com/maps/search/?api=1&query=%E3%83%94%E3%83%83%E3%83%84%E3%82%A1%E3%83%80%E3%83%90%E3%83%83%E3%83%9C%20%E6%9D%B1%E4%BA%AC%E9%83%BD%E4%B8%AD%E5%A4%AE%E5%8C%BA%E6%97%A5%E6%9C%AC%E6%A9%8B%E4%BA%BA%E5%BD%A2%E7%94%BA2-21-1%20FS%E3%83%93%E3%83%AB%20%EF%BC%91%EF%BC%A6,2021,ピザ,pizza,発表日：2021年6月15日
ピッツァマン オオイマチ,東京都品川区大井1-11-8,食べログ ピザ 百名店 2021,https://tabelog.com/tokyo/A1315/A131501/13113311/,https://www.google.com/maps/search/?api=1&query=%E3%83%94%E3%83%83%E3%83%84%E3%82%A1%E3%83%9E%E3%83%B3%20%E3%82%AA%E3%82%AA%E3%82%A4%E3%83%9E%E3%83%81%20%E6%9D%B1%E4%BA%AC%E9%83%BD%E5%93%81%E5%B7%9D%E5%8C%BA%E5%A4%A7%E4%BA%951-11-8,2021,ピザ,pizza,発表日：2021年6月15日
ラ フィーリア デル プレジデンテ,神奈川県横浜市中区常盤町5-59,食べログ ピザ 百名店 2021,https://tabelog.com/kanagawa/A1401/A140104/14064550/,https://www.google.com/maps/search/?api=1&query=%E3%83%A9%20%E3%83%95%E3%82%A3%E3%83%BC%E3%83%AA%E3%82%A2%20%E3%83%87%E3%83%AB%20%E3%83%97%E3%83%AC%E3%82%B8%E3%83%87%E3%83%B3%E3%83%86%20%E7%A5%9E%E5%A5%88%E5%B7%9D%E7%9C%8C%E6%A8%AA%E6%B5%9C%E5%B8%82%E4%B8%AD%E5%8C%BA%E5%B8%B8%E7%9B%A4%E7%94%BA5-59,2021,ピザ,pizza,発表日：2021年6月15日
ピッツェリア カンテラ,東京都渋谷区神宮前6-28-6 Q plaza HARAJUKU 9F,食べログ ピザ 百名店 2021,https://tabelog.com/tokyo/A1306/A130601/13180224/,https://www.google.com/maps/search/?api=1&query=%E3%83%94%E3%83%83%E3%83%84%E3%82%A7%E3%83%AA%E3%82%A2%20%E3%82%AB%E3%83%B3%E3%83%86%E3%83%A9%20%E6%9D%B1%E4%BA%AC%E9%83%BD%E6%B8%8B%E8%B0%B7%E5%8C%BA%E7%A5%9E%E5%AE%AE%E5%89%8D6-28-6%20Q%20plaza%20HARAJUKU%209F,2021,ピザ,pizza,発表日：2021年6月15日
シシリヤ,神奈川県横浜市中区相生町1-7 和同ビル　１Ｆ,食べログ ピザ 百名店 2021,https://tabelog.com/kanagawa/A1401/A140104/14001040/,https://www.google.com/maps/search/?api=1&query=%E3%82%B7%E3%82%B7%E3%83%AA%E3%83%A4%20%E7%A5%9E%E5%A5%88%E5%B7%9D%E7%9C%8C%E6%A8%AA%E6%B5%9C%E5%B8%82%E4%B8%AD%E5%8C%BA%E7%9B%B8%E7%94%9F%E7%94%BA1-7%20%E5%92%8C%E5%90%8C%E3%83%93%E3%83%AB%E3%80%80%EF%BC%91%EF%BC%A6,2021,ピザ,pizza,発表日：2021年6月15日
ピッツァ ストラーダ,東京都港区麻布十番3-6-2 NS麻布十番ビル 1F,食べログ ピザ 百名店 2021,https://tabelog.com/tokyo/A1307/A130702/13131245/,https://www.google.com/maps/search/?api=1&query=%E3%83%94%E3%83%83%E3%83%84%E3%82%A1%20%E3%82%B9%E3%83%88%E3%83%A9%E3%83%BC%E3%83%80%20%E6%9D%B1%E4%BA%AC%E9%83%BD%E6%B8%AF%E5%8C%BA%E9%BA%BB%E5%B8%83%E5%8D%81%E7%95%AA3-6-2%20NS%E9%BA%BB%E5%B8%83%E5%8D%81%E7%95%AA%E3%83%93%E3%83%AB%201F,2021,ピザ,pizza,発表日：2021年6月15日
ナプレ 横浜高島屋店,神奈川県横浜市西区南幸1-6-31 横浜タカシマヤ 8F,食べログ ピザ 百名店 2021,https://tabelog.com/kanagawa/A1401/A140101/14029630/,https://www.google.com/maps/search/?api=1&query=%E3%83%8A%E3%83%97%E3%83%AC%20%E6%A8%AA%E6%B5%9C%E9%AB%98%E5%B3%B6%E5%B1%8B%E5%BA%97%20%E7%A5%9E%E5%A5%88%E5%B7%9D%E7%9C%8C%E6%A8%AA%E6%B5%9C%E5%B8%82%E8%A5%BF%E5%8C%BA%E5%8D%97%E5%B9%B81-6-31%20%E6%A8%AA%E6%B5%9C%E3%82%BF%E3%82%AB%E3%82%B7%E3%83%9E%E3%83%A4%208F,2021,ピザ,pizza,発表日：2021年6月15日
支那蕎麦屋 藤花,神奈川県横浜市都筑区池辺町4800-6,食べログ ラーメン EAST 百名店 2021,https://tabelog.com/kanagawa/A1401/A140207/14070248/,https://www.google.com/maps/search/?api=1&query=%E6%94%AF%E9%82%A3%E8%95%8E%E9%BA%A6%E5%B1%8B%20%E8%97%A4%E8%8A%B1%20%E7%A5%9E%E5%A5%88%E5%B7%9D%E7%9C%8C%E6%A8%AA%E6%B5%9C%E5%B8%82%E9%83%BD%E7%AD%91%E5%8C%BA%E6%B1%A0%E8%BE%BA%E7%94%BA4800-6,2021,ラーメン EAST,ramen_east,発表日：2021年11月24日
らぁめん鴇,神奈川県藤沢市藤沢1034,食べログ ラーメン EAST 百名店 2021,https://tabelog.com/kanagawa/A1404/A140404/14059192/,https://www.google.com/maps/search/?api=1&query=%E3%82%89%E3%81%81%E3%82%81%E3%82%93%E9%B4%87%20%E7%A5%9E%E5%A5%88%E5%B7%9D%E7%9C%8C%E8%97%A4%E6%B2%A2%E5%B8%82%E8%97%A4%E6%B2%A21034,2021,ラーメン EAST,ramen_east,発表日：2021年11月24日
中華ソバ 篤々,千葉県八千代市勝田台1-5-27,食べログ ラーメン EAST 百名店 2021,https://tabelog.com/chiba/A1202/A120204/12040080/,https://www.google.com/maps/search/?api=1&query=%E4%B8%AD%E8%8F%AF%E3%82%BD%E3%83%90%20%E7%AF%A4%E3%80%85%20%E5%8D%83%E8%91%89%E7%9C%8C%E5%85%AB%E5%8D%83%E4%BB%A3%E5%B8%82%E5%8B%9D%E7%94%B0%E5%8F%B01-5-27,2021,ラーメン EAST,ramen_east,発表日：2021年11月24日
和風楽麺 四代目 ひのでや,埼玉県蓮田市本町2-21 田中電機ビル 1F・2F,食べログ ラーメン EAST 百名店 2021,https://tabelog.com/saitama/A1104/A110402/11030891/,https://www.google.com/maps/search/?api=1&query=%E5%92%8C%E9%A2%A8%E6%A5%BD%E9%BA%BA%20%E5%9B%9B%E4%BB%A3%E7%9B%AE%20%E3%81%B2%E3%81%AE%E3%81%A7%E3%82%84%20%E5%9F%BC%E7%8E%89%E7%9C%8C%E8%93%AE%E7%94%B0%E5%B8%82%E6%9C%AC%E7%94%BA2-21%20%E7%94%B0%E4%B8%AD%E9%9B%BB%E6%A9%9F%E3%83%93%E3%83%AB%201F%E3%83%BB2F,2021,ラーメン EAST,ramen_east,発表日：2021年11月24日
煮干中華ソバ イチカワ,茨城県つくば市天久保2-9-2 A101,食べログ ラーメン EAST 百名店 2021,https://tabelog.com/ibaraki/A0802/A080201/8014295/,https://www.google.com/maps/search/?api=1&query=%E7%85%AE%E5%B9%B2%E4%B8%AD%E8%8F%AF%E3%82%BD%E3%83%90%20%E3%82%A4%E3%83%81%E3%82%AB%E3%83%AF%20%E8%8C%A8%E5%9F%8E%E7%9C%8C%E3%81%A4%E3%81%8F%E3%81%B0%E5%B8%82%E5%A4%A9%E4%B9%85%E4%BF%9D2-9-2%20A101,2021,ラーメン EAST,ramen_east,発表日：2021年11月24日
貝ガラ屋,神奈川県相模原市中央区淵野辺本町3-24-3 マンション色利 101,食べログ ラーメン EAST 百名店 2021,https://tabelog.com/kanagawa/A1407/A140701/14056997/,https://www.google.com/maps/search/?api=1&query=%E8%B2%9D%E3%82%AC%E3%83%A9%E5%B1%8B%20%E7%A5%9E%E5%A5%88%E5%B7%9D%E7%9C%8C%E7%9B%B8%E6%A8%A1%E5%8E%9F%E5%B8%82%E4%B8%AD%E5%A4%AE%E5%8C%BA%E6%B7%B5%E9%87%8E%E8%BE%BA%E6%9C%AC%E7%94%BA3-24-3%20%E3%83%9E%E3%83%B3%E3%82%B7%E3%83%A7%E3%83%B3%E8%89%B2%E5%88%A9%20101,2021,ラーメン EAST,ramen_east,発表日：2021年11月24日
ぜんや,埼玉県新座市野火止4-10-5,食べログ ラーメン EAST 百名店 2021,https://tabelog.com/saitama/A1103/A110301/11000014/,https://www.google.com/maps/search/?api=1&query=%E3%81%9C%E3%82%93%E3%82%84%20%E5%9F%BC%E7%8E%89%E7%9C%8C%E6%96%B0%E5%BA%A7%E5%B8%82%E9%87%8E%E7%81%AB%E6%AD%A24-10-5,2021,ラーメン EAST,ramen_east,発表日：2021年11月24日
豚星。,神奈川県川崎市中原区木月4-5-20 1F,食べログ ラーメン EAST 百名店 2021,https://tabelog.com/kanagawa/A1405/A140504/14058333/,https://www.google.com/maps/search/?api=1&query=%E8%B1%9A%E6%98%9F%E3%80%82%20%E7%A5%9E%E5%A5%88%E5%B7%9D%E7%9C%8C%E5%B7%9D%E5%B4%8E%E5%B8%82%E4%B8%AD%E5%8E%9F%E5%8C%BA%E6%9C%A8%E6%9C%884-5-20%201F,2021,ラーメン EAST,ramen_east,発表日：2021年11月24日
頑者 本店,埼玉県川越市新富町1-1-8,食べログ ラーメン EAST 百名店 2021,https://tabelog.com/saitama/A1103/A110303/11000150/,https://www.google.com/maps/search/?api=1&query=%E9%A0%91%E8%80%85%20%E6%9C%AC%E5%BA%97%20%E5%9F%BC%E7%8E%89%E7%9C%8C%E5%B7%9D%E8%B6%8A%E5%B8%82%E6%96%B0%E5%AF%8C%E7%94%BA1-1-8,2021,ラーメン EAST,ramen_east,発表日：2021年11月24日
家系ラーメン とらきち家,神奈川県横浜市神奈川区西神奈川3-1-1,食べログ ラーメン EAST 百名店 2021,https://tabelog.com/kanagawa/A1401/A140205/14053454/,https://www.google.com/maps/search/?api=1&query=%E5%AE%B6%E7%B3%BB%E3%83%A9%E3%83%BC%E3%83%A1%E3%83%B3%20%E3%81%A8%E3%82%89%E3%81%8D%E3%81%A1%E5%AE%B6%20%E7%A5%9E%E5%A5%88%E5%B7%9D%E7%9C%8C%E6%A8%AA%E6%B5%9C%E5%B8%82%E7%A5%9E%E5%A5%88%E5%B7%9D%E5%8C%BA%E8%A5%BF%E7%A5%9E%E5%A5%88%E5%B7%9D3-1-1,2021,ラーメン EAST,ramen_east,発表日：2021年11月24日
中華そば よしかわ 上尾店,埼玉県上尾市南97-5,食べログ ラーメン EAST 百名店 2021,https://tabelog.com/saitama/A1104/A110401/11036997/,https://www.google.com/maps/search/?api=1&query=%E4%B8%AD%E8%8F%AF%E3%81%9D%E3%81%B0%20%E3%82%88%E3%81%97%E3%81%8B%E3%82%8F%20%E4%B8%8A%E5%B0%BE%E5%BA%97%20%E5%9F%BC%E7%8E%89%E7%9C%8C%E4%B8%8A%E5%B0%BE%E5%B8%82%E5%8D%9797-5,2021,ラーメン EAST,ramen_east,発表日：2021年11月24日
中華蕎麦 とみ田,千葉県松戸市松戸1339 高橋ビル 1F,食べログ ラーメン EAST 百名店 2021,https://tabelog.com/chiba/A1203/A120302/12000422/,https://www.google.com/maps/search/?api=1&query=%E4%B8%AD%E8%8F%AF%E8%95%8E%E9%BA%A6%20%E3%81%A8%E3%81%BF%E7%94%B0%20%E5%8D%83%E8%91%89%E7%9C%8C%E6%9D%BE%E6%88%B8%E5%B8%82%E6%9D%BE%E6%88%B81339%20%E9%AB%98%E6%A9%8B%E3%83%93%E3%83%AB%201F,2021,ラーメン EAST,ramen_east,発表日：2021年11月24日
流星軒,神奈川県横浜市南区日枝町4-97-2,食べログ ラーメン EAST 百名店 2021,https://tabelog.com/kanagawa/A1401/A140306/14000569/,https://www.google.com/maps/search/?api=1&query=%E6%B5%81%E6%98%9F%E8%BB%92%20%E7%A5%9E%E5%A5%88%E5%B7%9D%E7%9C%8C%E6%A8%AA%E6%B5%9C%E5%B8%82%E5%8D%97%E5%8C%BA%E6%97%A5%E6%9E%9D%E7%94%BA4-97-2,2021,ラーメン EAST,ramen_east,発表日：2021年11月24日
中華そば 深緑,埼玉県東松山市今泉297-11,食べログ ラーメン EAST 百名店 2021,https://tabelog.com/saitama/A1105/A110502/11053248/,https://www.google.com/maps/search/?api=1&query=%E4%B8%AD%E8%8F%AF%E3%81%9D%E3%81%B0%20%E6%B7%B1%E7%B7%91%20%E5%9F%BC%E7%8E%89%E7%9C%8C%E6%9D%B1%E6%9D%BE%E5%B1%B1%E5%B8%82%E4%BB%8A%E6%B3%89297-11,2021,ラーメン EAST,ramen_east,発表日：2021年11月24日
麺処 有彩,埼玉県川口市西川口1-8-5,食べログ ラーメン EAST 百名店 2021,https://tabelog.com/saitama/A1102/A110201/11038476/,https://www.google.com/maps/search/?api=1&query=%E9%BA%BA%E5%87%A6%20%E6%9C%89%E5%BD%A9%20%E5%9F%BC%E7%8E%89%E7%9C%8C%E5%B7%9D%E5%8F%A3%E5%B8%82%E8%A5%BF%E5%B7%9D%E5%8F%A31-8-5,2021,ラーメン EAST,ramen_east,発表日：2021年11月24日
ラーメン二郎 横浜関内店,神奈川県横浜市中区長者町6-94,食べログ ラーメン EAST 百名店 2021,https://tabelog.com/kanagawa/A1401/A140104/14001518/,https://www.google.com/maps/search/?api=1&query=%E3%83%A9%E3%83%BC%E3%83%A1%E3%83%B3%E4%BA%8C%E9%83%8E%20%E6%A8%AA%E6%B5%9C%E9%96%A2%E5%86%85%E5%BA%97%20%E7%A5%9E%E5%A5%88%E5%B7%9D%E7%9C%8C%E6%A8%AA%E6%B5%9C%E5%B8%82%E4%B8%AD%E5%8C%BA%E9%95%B7%E8%80%85%E7%94%BA6-94,2021,ラーメン EAST,ramen_east,発表日：2021年11月24日
ラーメン星印,神奈川県横浜市神奈川区反町1-3-4 ルミノ反町 1F,食べログ ラーメン EAST 百名店 2021,https://tabelog.com/kanagawa/A1401/A140205/14054005/,https://www.google.com/maps/search/?api=1&query=%E3%83%A9%E3%83%BC%E3%83%A1%E3%83%B3%E6%98%9F%E5%8D%B0%20%E7%A5%9E%E5%A5%88%E5%B7%9D%E7%9C%8C%E6%A8%AA%E6%B5%9C%E5%B8%82%E7%A5%9E%E5%A5%88%E5%B7%9D%E5%8C%BA%E5%8F%8D%E7%94%BA1-3-4%20%E3%83%AB%E3%83%9F%E3%83%8E%E5%8F%8D%E7%94%BA%201F,2021,ラーメン EAST,ramen_east,発表日：2021年11月24日
中村麺三郎商店,神奈川県相模原市中央区淵野辺4-37-23,食べログ ラーメン EAST 百名店 2021,https://tabelog.com/kanagawa/A1407/A140701/14063423/,https://www.google.com/maps/search/?api=1&query=%E4%B8%AD%E6%9D%91%E9%BA%BA%E4%B8%89%E9%83%8E%E5%95%86%E5%BA%97%20%E7%A5%9E%E5%A5%88%E5%B7%9D%E7%9C%8C%E7%9B%B8%E6%A8%A1%E5%8E%9F%E5%B8%82%E4%B8%AD%E5%A4%AE%E5%8C%BA%E6%B7%B5%E9%87%8E%E8%BE%BA4-37-23,2021,ラーメン EAST,ramen_east,発表日：2021年11月24日
横浜中華そば 維新商店 本店,神奈川県横浜市西区北幸2-10-21 横浜太陽ビル 1F,食べログ ラーメン EAST 百名店 2021,https://tabelog.com/kanagawa/A1401/A140101/14051850/,https://www.google.com/maps/search/?api=1&query=%E6%A8%AA%E6%B5%9C%E4%B8%AD%E8%8F%AF%E3%81%9D%E3%81%B0%20%E7%B6%AD%E6%96%B0%E5%95%86%E5%BA%97%20%E6%9C%AC%E5%BA%97%20%E7%A5%9E%E5%A5%88%E5%B7%9D%E7%9C%8C%E6%A8%AA%E6%B5%9C%E5%B8%82%E8%A5%BF%E5%8C%BA%E5%8C%97%E5%B9%B82-10-21%20%E6%A8%AA%E6%B5%9C%E5%A4%AA%E9%99%BD%E3%83%93%E3%83%AB%201F,2021,ラーメン EAST,ramen_east,発表日：2021年11月24日
ラーメン二郎 中山駅前店,神奈川県横浜市緑区台村町309-1 土井ビル 1F,食べログ ラーメン EAST 百名店 2021,https://tabelog.com/kanagawa/A1401/A140207/14038422/,https://www.google.com/maps/search/?api=1&query=%E3%83%A9%E3%83%BC%E3%83%A1%E3%83%B3%E4%BA%8C%E9%83%8E%20%E4%B8%AD%E5%B1%B1%E9%A7%85%E5%89%8D%E5%BA%97%20%E7%A5%9E%E5%A5%88%E5%B7%9D%E7%9C%8C%E6%A8%AA%E6%B5%9C%E5%B8%82%E7%B7%91%E5%8C%BA%E5%8F%B0%E6%9D%91%E7%94%BA309-1%20%E5%9C%9F%E4%BA%95%E3%83%93%E3%83%AB%201F,2021,ラーメン EAST,ramen_east,発表日：2021年11月24日
Sagamihara 欅,神奈川県相模原市南区相南4-1-33,食べログ ラーメン EAST 百名店 2021,https://tabelog.com/kanagawa/A1407/A140701/14068944/,https://www.google.com/maps/search/?api=1&query=Sagamihara%20%E6%AC%85%20%E7%A5%9E%E5%A5%88%E5%B7%9D%E7%9C%8C%E7%9B%B8%E6%A8%A1%E5%8E%9F%E5%B8%82%E5%8D%97%E5%8C%BA%E7%9B%B8%E5%8D%974-1-33,2021,ラーメン EAST,ramen_east,発表日：2021年11月24日
ラーメン 杉田家 本店,神奈川県横浜市磯子区新杉田町3-5,食べログ ラーメン EAST 百名店 2021,https://tabelog.com/kanagawa/A1401/A140308/14000917/,https://www.google.com/maps/search/?api=1&query=%E3%83%A9%E3%83%BC%E3%83%A1%E3%83%B3%20%E6%9D%89%E7%94%B0%E5%AE%B6%20%E6%9C%AC%E5%BA%97%20%E7%A5%9E%E5%A5%88%E5%B7%9D%E7%9C%8C%E6%A8%AA%E6%B5%9C%E5%B8%82%E7%A3%AF%E5%AD%90%E5%8C%BA%E6%96%B0%E6%9D%89%E7%94%B0%E7%94%BA3-5,2021,ラーメン EAST,ramen_east,発表日：2021年11月24日
くり山,神奈川県横浜市神奈川区六角橋1-17-29,食べログ ラーメン EAST 百名店 2021,https://tabelog.com/kanagawa/A1401/A140205/14012001/,https://www.google.com/maps/search/?api=1&query=%E3%81%8F%E3%82%8A%E5%B1%B1%20%E7%A5%9E%E5%A5%88%E5%B7%9D%E7%9C%8C%E6%A8%AA%E6%B5%9C%E5%B8%82%E7%A5%9E%E5%A5%88%E5%B7%9D%E5%8C%BA%E5%85%AD%E8%A7%92%E6%A9%8B1-17-29,2021,ラーメン EAST,ramen_east,発表日：2021年11月24日
中村屋,神奈川県海老名市中央2-5-41 サティ立体駐車場　１Ｆ,食べログ ラーメン EAST 百名店 2021,https://tabelog.com/kanagawa/A1408/A140801/14000186/,https://www.google.com/maps/search/?api=1&query=%E4%B8%AD%E6%9D%91%E5%B1%8B%20%E7%A5%9E%E5%A5%88%E5%B7%9D%E7%9C%8C%E6%B5%B7%E8%80%81%E5%90%8D%E5%B8%82%E4%B8%AD%E5%A4%AE2-5-41%20%E3%82%B5%E3%83%86%E3%82%A3%E7%AB%8B%E4%BD%93%E9%A7%90%E8%BB%8A%E5%A0%B4%E3%80%80%EF%BC%91%EF%BC%A6,2021,ラーメン EAST,ramen_east,発表日：2021年11月24日
らーめん いのうえ,神奈川県横浜市鶴見区矢向1-7-26,食べログ ラーメン EAST 百名店 2021,https://tabelog.com/kanagawa/A1401/A140210/14054147/,https://www.google.com/maps/search/?api=1&query=%E3%82%89%E3%83%BC%E3%82%81%E3%82%93%20%E3%81%84%E3%81%AE%E3%81%86%E3%81%88%20%E7%A5%9E%E5%A5%88%E5%B7%9D%E7%9C%8C%E6%A8%AA%E6%B5%9C%E5%B8%82%E9%B6%B4%E8%A6%8B%E5%8C%BA%E7%9F%A2%E5%90%911-7-26,2021,ラーメン EAST,ramen_east,発表日：2021年11月24日
うまいヨゆうちゃんラーメン,神奈川県大和市上草柳3-15-15,食べログ ラーメン EAST 百名店 2021,https://tabelog.com/kanagawa/A1407/A140702/14057313/,https://www.google.com/maps/search/?api=1&query=%E3%81%86%E3%81%BE%E3%81%84%E3%83%A8%E3%82%86%E3%81%86%E3%81%A1%E3%82%83%E3%82%93%E3%83%A9%E3%83%BC%E3%83%A1%E3%83%B3%20%E7%A5%9E%E5%A5%88%E5%B7%9D%E7%9C%8C%E5%A4%A7%E5%92%8C%E5%B8%82%E4%B8%8A%E8%8D%89%E6%9F%B33-15-15,2021,ラーメン EAST,ramen_east,発表日：2021年11月24日
中華そば 笑歩,神奈川県横浜市港北区綱島西3-22-14,食べログ ラーメン EAST 百名店 2021,https://tabelog.com/kanagawa/A1401/A140204/14070233/,https://www.google.com/maps/search/?api=1&query=%E4%B8%AD%E8%8F%AF%E3%81%9D%E3%81%B0%20%E7%AC%91%E6%AD%A9%20%E7%A5%9E%E5%A5%88%E5%B7%9D%E7%9C%8C%E6%A8%AA%E6%B5%9C%E5%B8%82%E6%B8%AF%E5%8C%97%E5%8C%BA%E7%B6%B1%E5%B3%B6%E8%A5%BF3-22-14,2021,ラーメン EAST,ramen_east,発表日：2021年11月24日
狼煙 本店,埼玉県さいたま市北区東大成町1-544,食べログ ラーメン EAST 百名店 2021,https://tabelog.com/saitama/A1101/A110101/11004115/,https://www.google.com/maps/search/?api=1&query=%E7%8B%BC%E7%85%99%20%E6%9C%AC%E5%BA%97%20%E5%9F%BC%E7%8E%89%E7%9C%8C%E3%81%95%E3%81%84%E3%81%9F%E3%81%BE%E5%B8%82%E5%8C%97%E5%8C%BA%E6%9D%B1%E5%A4%A7%E6%88%90%E7%94%BA1-544,2021,ラーメン EAST,ramen_east,発表日：2021年11月24日
ZUND-BAR,神奈川県厚木市七沢1954-7,食べログ ラーメン EAST 百名店 2021,https://tabelog.com/kanagawa/A1408/A140802/14000184/,https://www.google.com/maps/search/?api=1&query=ZUND-BAR%20%E7%A5%9E%E5%A5%88%E5%B7%9D%E7%9C%8C%E5%8E%9A%E6%9C%A8%E5%B8%82%E4%B8%83%E6%B2%A21954-7,2021,ラーメン EAST,ramen_east,発表日：2021年11月24日
つけめん 玉,神奈川県川崎市川崎区追分町6-12,食べログ ラーメン EAST 百名店 2021,https://tabelog.com/kanagawa/A1405/A140502/14013437/,https://www.google.com/maps/search/?api=1&query=%E3%81%A4%E3%81%91%E3%82%81%E3%82%93%20%E7%8E%89%20%E7%A5%9E%E5%A5%88%E5%B7%9D%E7%9C%8C%E5%B7%9D%E5%B4%8E%E5%B8%82%E5%B7%9D%E5%B4%8E%E5%8C%BA%E8%BF%BD%E5%88%86%E7%94%BA6-12,2021,ラーメン EAST,ramen_east,発表日：2021年11月24日
ラーメン 環2家,神奈川県横浜市港南区下永谷3-3-21,食べログ ラーメン EAST 百名店 2021,https://tabelog.com/kanagawa/A1401/A140307/14000161/,https://www.google.com/maps/search/?api=1&query=%E3%83%A9%E3%83%BC%E3%83%A1%E3%83%B3%20%E7%92%B02%E5%AE%B6%20%E7%A5%9E%E5%A5%88%E5%B7%9D%E7%9C%8C%E6%A8%AA%E6%B5%9C%E5%B8%82%E6%B8%AF%E5%8D%97%E5%8C%BA%E4%B8%8B%E6%B0%B8%E8%B0%B73-3-21,2021,ラーメン EAST,ramen_east,発表日：2021年11月24日
らぁめん夢,神奈川県横浜市神奈川区二ツ谷町1-21,食べログ ラーメン EAST 百名店 2021,https://tabelog.com/kanagawa/A1401/A140212/14053385/,https://www.google.com/maps/search/?api=1&query=%E3%82%89%E3%81%81%E3%82%81%E3%82%93%E5%A4%A2%20%E7%A5%9E%E5%A5%88%E5%B7%9D%E7%9C%8C%E6%A8%AA%E6%B5%9C%E5%B8%82%E7%A5%9E%E5%A5%88%E5%B7%9D%E5%8C%BA%E4%BA%8C%E3%83%84%E8%B0%B7%E7%94%BA1-21,2021,ラーメン EAST,ramen_east,発表日：2021年11月24日
兎に角 松戸本店,千葉県松戸市根本462 比嘉ビル　1F,食べログ ラーメン EAST 百名店 2021,https://tabelog.com/chiba/A1203/A120302/12001198/,https://www.google.com/maps/search/?api=1&query=%E5%85%8E%E3%81%AB%E8%A7%92%20%E6%9D%BE%E6%88%B8%E6%9C%AC%E5%BA%97%20%E5%8D%83%E8%91%89%E7%9C%8C%E6%9D%BE%E6%88%B8%E5%B8%82%E6%A0%B9%E6%9C%AC462%20%E6%AF%94%E5%98%89%E3%83%93%E3%83%AB%E3%80%801F,2021,ラーメン EAST,ramen_east,発表日：2021年11月24日
喜元門 研究学園店,茨城県つくば市研究学園5-6-6 D12ビル 1F,食べログ ラーメン EAST 百名店 2021,https://tabelog.com/ibaraki/A0802/A080201/8013639/,https://www.google.com/maps/search/?api=1&query=%E5%96%9C%E5%85%83%E9%96%80%20%E7%A0%94%E7%A9%B6%E5%AD%A6%E5%9C%92%E5%BA%97%20%E8%8C%A8%E5%9F%8E%E7%9C%8C%E3%81%A4%E3%81%8F%E3%81%B0%E5%B8%82%E7%A0%94%E7%A9%B6%E5%AD%A6%E5%9C%925-6-6%20D12%E3%83%93%E3%83%AB%201F,2021,ラーメン EAST,ramen_east,発表日：2021年11月24日
ラーメン 厚木家,神奈川県厚木市妻田東2-25-11,食べログ ラーメン EAST 百名店 2021,https://tabelog.com/kanagawa/A1408/A140802/14013886/,https://www.google.com/maps/search/?api=1&query=%E3%83%A9%E3%83%BC%E3%83%A1%E3%83%B3%20%E5%8E%9A%E6%9C%A8%E5%AE%B6%20%E7%A5%9E%E5%A5%88%E5%B7%9D%E7%9C%8C%E5%8E%9A%E6%9C%A8%E5%B8%82%E5%A6%BB%E7%94%B0%E6%9D%B12-25-11,2021,ラーメン EAST,ramen_east,発表日：2021年11月24日
青竹手打ラーメン 日向屋,栃木県佐野市免鳥町548-7,食べログ ラーメン EAST 百名店 2021,https://tabelog.com/tochigi/A0902/A090202/9009352/,https://www.google.com/maps/search/?api=1&query=%E9%9D%92%E7%AB%B9%E6%89%8B%E6%89%93%E3%83%A9%E3%83%BC%E3%83%A1%E3%83%B3%20%E6%97%A5%E5%90%91%E5%B1%8B%20%E6%A0%83%E6%9C%A8%E7%9C%8C%E4%BD%90%E9%87%8E%E5%B8%82%E5%85%8D%E9%B3%A5%E7%94%BA548-7,2021,ラーメン EAST,ramen_east,発表日：2021年11月24日
自家製麺 麺や 六等星,神奈川県川崎市多摩区菅稲田堤1-1-2,食べログ ラーメン EAST 百名店 2021,https://tabelog.com/kanagawa/A1405/A140506/14077566/,https://www.google.com/maps/search/?api=1&query=%E8%87%AA%E5%AE%B6%E8%A3%BD%E9%BA%BA%20%E9%BA%BA%E3%82%84%20%E5%85%AD%E7%AD%89%E6%98%9F%20%E7%A5%9E%E5%A5%88%E5%B7%9D%E7%9C%8C%E5%B7%9D%E5%B4%8E%E5%B8%82%E5%A4%9A%E6%91%A9%E5%8C%BA%E8%8F%85%E7%A8%B2%E7%94%B0%E5%A0%A41-1-2,2021,ラーメン EAST,ramen_east,発表日：2021年11月24日
ヌードル＆スパイスカレー 今日の1番,埼玉県川口市飯塚3-2-12,食べログ ラーメン EAST 百名店 2021,https://tabelog.com/saitama/A1102/A110201/11052642/,https://www.google.com/maps/search/?api=1&query=%E3%83%8C%E3%83%BC%E3%83%89%E3%83%AB%EF%BC%86%E3%82%B9%E3%83%91%E3%82%A4%E3%82%B9%E3%82%AB%E3%83%AC%E3%83%BC%20%E4%BB%8A%E6%97%A5%E3%81%AE1%E7%95%AA%20%E5%9F%BC%E7%8E%89%E7%9C%8C%E5%B7%9D%E5%8F%A3%E5%B8%82%E9%A3%AF%E5%A1%9A3-2-12,2021,ラーメン EAST,ramen_east,発表日：2021年11月24日
厚木本丸亭,神奈川県厚木市幸町4-10,食べログ ラーメン EAST 百名店 2021,https://tabelog.com/kanagawa/A1408/A140802/14000181/,https://www.google.com/maps/search/?api=1&query=%E5%8E%9A%E6%9C%A8%E6%9C%AC%E4%B8%B8%E4%BA%AD%20%E7%A5%9E%E5%A5%88%E5%B7%9D%E7%9C%8C%E5%8E%9A%E6%9C%A8%E5%B8%82%E5%B9%B8%E7%94%BA4-10,2021,ラーメン EAST,ramen_east,発表日：2021年11月24日
地球の中華そば,神奈川県横浜市中区長者町2-5-4 夕陽丘ニュースカイマンション 101,食べログ ラーメン EAST 百名店 2021,https://tabelog.com/kanagawa/A1401/A140104/14056490/,https://www.google.com/maps/search/?api=1&query=%E5%9C%B0%E7%90%83%E3%81%AE%E4%B8%AD%E8%8F%AF%E3%81%9D%E3%81%B0%20%E7%A5%9E%E5%A5%88%E5%B7%9D%E7%9C%8C%E6%A8%AA%E6%B5%9C%E5%B8%82%E4%B8%AD%E5%8C%BA%E9%95%B7%E8%80%85%E7%94%BA2-5-4%20%E5%A4%95%E9%99%BD%E4%B8%98%E3%83%8B%E3%83%A5%E3%83%BC%E3%82%B9%E3%82%AB%E3%82%A4%E3%83%9E%E3%83%B3%E3%82%B7%E3%83%A7%E3%83%B3%20101,2021,ラーメン EAST,ramen_east,発表日：2021年11月24日
濃麺 海月,千葉県千葉市中央区要町1-4,食べログ ラーメン EAST 百名店 2021,https://tabelog.com/chiba/A1201/A120101/12033982/,https://www.google.com/maps/search/?api=1&query=%E6%BF%83%E9%BA%BA%20%E6%B5%B7%E6%9C%88%20%E5%8D%83%E8%91%89%E7%9C%8C%E5%8D%83%E8%91%89%E5%B8%82%E4%B8%AD%E5%A4%AE%E5%8C%BA%E8%A6%81%E7%94%BA1-4,2021,ラーメン EAST,ramen_east,発表日：2021年11月24日
飯田商店,神奈川県足柄下郡湯河原町土肥2-12-14,食べログ ラーメン EAST 百名店 2021,https://tabelog.com/kanagawa/A1410/A141002/14038776/,https://www.google.com/maps/search/?api=1&query=%E9%A3%AF%E7%94%B0%E5%95%86%E5%BA%97%20%E7%A5%9E%E5%A5%88%E5%B7%9D%E7%9C%8C%E8%B6%B3%E6%9F%84%E4%B8%8B%E9%83%A1%E6%B9%AF%E6%B2%B3%E5%8E%9F%E7%94%BA%E5%9C%9F%E8%82%A52-12-14,2021,ラーメン EAST,ramen_east,発表日：2021年11月24日
麺処 懐や,神奈川県川崎市宮前区鷺沼3-3-12,食べログ ラーメン EAST 百名店 2021,https://tabelog.com/kanagawa/A1405/A140507/14049709/,https://www.google.com/maps/search/?api=1&query=%E9%BA%BA%E5%87%A6%20%E6%87%90%E3%82%84%20%E7%A5%9E%E5%A5%88%E5%B7%9D%E7%9C%8C%E5%B7%9D%E5%B4%8E%E5%B8%82%E5%AE%AE%E5%89%8D%E5%8C%BA%E9%B7%BA%E6%B2%BC3-3-12,2021,ラーメン EAST,ramen_east,発表日：2021年11月24日
オランダ軒,埼玉県さいたま市岩槻区東岩槻6-5-3 イケダ第一コーポ 1F 2号室,食べログ ラーメン EAST 百名店 2021,https://tabelog.com/saitama/A1101/A110103/11043376/,https://www.google.com/maps/search/?api=1&query=%E3%82%AA%E3%83%A9%E3%83%B3%E3%83%80%E8%BB%92%20%E5%9F%BC%E7%8E%89%E7%9C%8C%E3%81%95%E3%81%84%E3%81%9F%E3%81%BE%E5%B8%82%E5%B2%A9%E6%A7%BB%E5%8C%BA%E6%9D%B1%E5%B2%A9%E6%A7%BB6-5-3%20%E3%82%A4%E3%82%B1%E3%83%80%E7%AC%AC%E4%B8%80%E3%82%B3%E3%83%BC%E3%83%9D%201F%202%E5%8F%B7%E5%AE%A4,2021,ラーメン EAST,ramen_east,発表日：2021年11月24日
支那そばや 本店,神奈川県横浜市戸塚区戸塚町4081-1,食べログ ラーメン EAST 百名店 2021,https://tabelog.com/kanagawa/A1401/A140305/14014445/,https://www.google.com/maps/search/?api=1&query=%E6%94%AF%E9%82%A3%E3%81%9D%E3%81%B0%E3%82%84%20%E6%9C%AC%E5%BA%97%20%E7%A5%9E%E5%A5%88%E5%B7%9D%E7%9C%8C%E6%A8%AA%E6%B5%9C%E5%B8%82%E6%88%B8%E5%A1%9A%E5%8C%BA%E6%88%B8%E5%A1%9A%E7%94%BA4081-1,2021,ラーメン EAST,ramen_east,発表日：2021年11月24日
丿貫 福富町本店,神奈川県横浜市中区福富町仲通2-4,食べログ ラーメン EAST 百名店 2021,https://tabelog.com/kanagawa/A1401/A140104/14062435/,https://www.google.com/maps/search/?api=1&query=%E4%B8%BF%E8%B2%AB%20%E7%A6%8F%E5%AF%8C%E7%94%BA%E6%9C%AC%E5%BA%97%20%E7%A5%9E%E5%A5%88%E5%B7%9D%E7%9C%8C%E6%A8%AA%E6%B5%9C%E5%B8%82%E4%B8%AD%E5%8C%BA%E7%A6%8F%E5%AF%8C%E7%94%BA%E4%BB%B2%E9%80%9A2-4,2021,ラーメン EAST,ramen_east,発表日：2021年11月24日
櫻井中華そば店,神奈川県横浜市保土ケ谷区岩井町53 稲村ビル 1F,食べログ ラーメン EAST 百名店 2021,https://tabelog.com/kanagawa/A1401/A140301/14068897/,https://www.google.com/maps/search/?api=1&query=%E6%AB%BB%E4%BA%95%E4%B8%AD%E8%8F%AF%E3%81%9D%E3%81%B0%E5%BA%97%20%E7%A5%9E%E5%A5%88%E5%B7%9D%E7%9C%8C%E6%A8%AA%E6%B5%9C%E5%B8%82%E4%BF%9D%E5%9C%9F%E3%82%B1%E8%B0%B7%E5%8C%BA%E5%B2%A9%E4%BA%95%E7%94%BA53%20%E7%A8%B2%E6%9D%91%E3%83%93%E3%83%AB%201F,2021,ラーメン EAST,ramen_east,発表日：2021年11月24日
ラーメン 杉田家 千葉祐光店,千葉県千葉市中央区祐光4-17-7,食べログ ラーメン EAST 百名店 2021,https://tabelog.com/chiba/A1201/A120101/12025333/,https://www.google.com/maps/search/?api=1&query=%E3%83%A9%E3%83%BC%E3%83%A1%E3%83%B3%20%E6%9D%89%E7%94%B0%E5%AE%B6%20%E5%8D%83%E8%91%89%E7%A5%90%E5%85%89%E5%BA%97%20%E5%8D%83%E8%91%89%E7%9C%8C%E5%8D%83%E8%91%89%E5%B8%82%E4%B8%AD%E5%A4%AE%E5%8C%BA%E7%A5%90%E5%85%894-17-7,2021,ラーメン EAST,ramen_east,発表日：2021年11月24日
らーめん　かねかつ,埼玉県川口市飯塚2-14-23,食べログ ラーメン EAST 百名店 2021,https://tabelog.com/saitama/A1102/A110201/11034385/,https://www.google.com/maps/search/?api=1&query=%E3%82%89%E3%83%BC%E3%82%81%E3%82%93%E3%80%80%E3%81%8B%E3%81%AD%E3%81%8B%E3%81%A4%20%E5%9F%BC%E7%8E%89%E7%9C%8C%E5%B7%9D%E5%8F%A3%E5%B8%82%E9%A3%AF%E5%A1%9A2-14-23,2021,ラーメン EAST,ramen_east,発表日：2021年11月24日
煮干乱舞,埼玉県春日部市大場1114-1,食べログ ラーメン EAST 百名店 2021,https://tabelog.com/saitama/A1102/A110204/11043059/,https://www.google.com/maps/search/?api=1&query=%E7%85%AE%E5%B9%B2%E4%B9%B1%E8%88%9E%20%E5%9F%BC%E7%8E%89%E7%9C%8C%E6%98%A5%E6%97%A5%E9%83%A8%E5%B8%82%E5%A4%A7%E5%A0%B41114-1,2021,ラーメン EAST,ramen_east,発表日：2021年11月24日
中華そば 四つ葉,埼玉県比企郡川島町伊草298-20,食べログ ラーメン EAST 百名店 2021,https://tabelog.com/saitama/A1105/A110502/11034264/,https://www.google.com/maps/search/?api=1&query=%E4%B8%AD%E8%8F%AF%E3%81%9D%E3%81%B0%20%E5%9B%9B%E3%81%A4%E8%91%89%20%E5%9F%BC%E7%8E%89%E7%9C%8C%E6%AF%94%E4%BC%81%E9%83%A1%E5%B7%9D%E5%B3%B6%E7%94%BA%E4%BC%8A%E8%8D%89298-20,2021,ラーメン EAST,ramen_east,発表日：2021年11月24日
味処 むさし野,千葉県松戸市松戸新田133-4,食べログ ラーメン EAST 百名店 2021,https://tabelog.com/chiba/A1203/A120302/12000080/,https://www.google.com/maps/search/?api=1&query=%E5%91%B3%E5%87%A6%20%E3%82%80%E3%81%95%E3%81%97%E9%87%8E%20%E5%8D%83%E8%91%89%E7%9C%8C%E6%9D%BE%E6%88%B8%E5%B8%82%E6%9D%BE%E6%88%B8%E6%96%B0%E7%94%B0133-4,2021,ラーメン EAST,ramen_east,発表日：2021年11月24日
鶏そば　一瑳,埼玉県さいたま市浦和区高砂1-8-11,食べログ ラーメン EAST 百名店 2021,https://tabelog.com/saitama/A1101/A110102/11026125/,https://www.google.com/maps/search/?api=1&query=%E9%B6%8F%E3%81%9D%E3%81%B0%E3%80%80%E4%B8%80%E7%91%B3%20%E5%9F%BC%E7%8E%89%E7%9C%8C%E3%81%95%E3%81%84%E3%81%9F%E3%81%BE%E5%B8%82%E6%B5%A6%E5%92%8C%E5%8C%BA%E9%AB%98%E7%A0%821-8-11,2021,ラーメン EAST,ramen_east,発表日：2021年11月24日
自家製手もみ麺 鈴ノ木,埼玉県所沢市狭山ヶ丘1-3003-83,食べログ ラーメン EAST 百名店 2021,https://tabelog.com/saitama/A1106/A110601/11048539/,https://www.google.com/maps/search/?api=1&query=%E8%87%AA%E5%AE%B6%E8%A3%BD%E6%89%8B%E3%82%82%E3%81%BF%E9%BA%BA%20%E9%88%B4%E3%83%8E%E6%9C%A8%20%E5%9F%BC%E7%8E%89%E7%9C%8C%E6%89%80%E6%B2%A2%E5%B8%82%E7%8B%AD%E5%B1%B1%E3%83%B6%E4%B8%981-3003-83,2021,ラーメン EAST,ramen_east,発表日：2021年11月24日
らぁ麺 すぎ本,神奈川県横浜市青葉区桜台26-1 第3アサキビル 1F,食べログ ラーメン EAST 百名店 2021,https://tabelog.com/kanagawa/A1401/A140202/14080372/,https://www.google.com/maps/search/?api=1&query=%E3%82%89%E3%81%81%E9%BA%BA%20%E3%81%99%E3%81%8E%E6%9C%AC%20%E7%A5%9E%E5%A5%88%E5%B7%9D%E7%9C%8C%E6%A8%AA%E6%B5%9C%E5%B8%82%E9%9D%92%E8%91%89%E5%8C%BA%E6%A1%9C%E5%8F%B026-1%20%E7%AC%AC3%E3%82%A2%E3%82%B5%E3%82%AD%E3%83%93%E3%83%AB%201F,2021,ラーメン EAST,ramen_east,発表日：2021年11月24日
麺屋 ようすけ,栃木県佐野市田島町232,食べログ ラーメン EAST 百名店 2021,https://tabelog.com/tochigi/A0902/A090202/9012617/,https://www.google.com/maps/search/?api=1&query=%E9%BA%BA%E5%B1%8B%20%E3%82%88%E3%81%86%E3%81%99%E3%81%91%20%E6%A0%83%E6%9C%A8%E7%9C%8C%E4%BD%90%E9%87%8E%E5%B8%82%E7%94%B0%E5%B3%B6%E7%94%BA232,2021,ラーメン EAST,ramen_east,発表日：2021年11月24日
啜磨専科,神奈川県横浜市港南区上大岡西2-14-15,食べログ ラーメン EAST 百名店 2021,https://tabelog.com/kanagawa/A1401/A140307/14043755/,https://www.google.com/maps/search/?api=1&query=%E5%95%9C%E7%A3%A8%E5%B0%82%E7%A7%91%20%E7%A5%9E%E5%A5%88%E5%B7%9D%E7%9C%8C%E6%A8%AA%E6%B5%9C%E5%B8%82%E6%B8%AF%E5%8D%97%E5%8C%BA%E4%B8%8A%E5%A4%A7%E5%B2%A1%E8%A5%BF2-14-15,2021,ラーメン EAST,ramen_east,発表日：2021年11月24日
らーめん森や。,神奈川県横浜市栄区長沼町339 二本松ハイツ 105,食べログ ラーメン EAST 百名店 2021,https://tabelog.com/kanagawa/A1401/A140309/14055421/,https://www.google.com/maps/search/?api=1&query=%E3%82%89%E3%83%BC%E3%82%81%E3%82%93%E6%A3%AE%E3%82%84%E3%80%82%20%E7%A5%9E%E5%A5%88%E5%B7%9D%E7%9C%8C%E6%A8%AA%E6%B5%9C%E5%B8%82%E6%A0%84%E5%8C%BA%E9%95%B7%E6%B2%BC%E7%94%BA339%20%E4%BA%8C%E6%9C%AC%E6%9D%BE%E3%83%8F%E3%82%A4%E3%83%84%20105,2021,ラーメン EAST,ramen_east,発表日：2021年11月24日
らーめん 鶏喰,神奈川県横浜市南区吉野町4-20,食べログ ラーメン EAST 百名店 2021,https://tabelog.com/kanagawa/A1401/A140306/14048864/,https://www.google.com/maps/search/?api=1&query=%E3%82%89%E3%83%BC%E3%82%81%E3%82%93%20%E9%B6%8F%E5%96%B0%20%E7%A5%9E%E5%A5%88%E5%B7%9D%E7%9C%8C%E6%A8%AA%E6%B5%9C%E5%B8%82%E5%8D%97%E5%8C%BA%E5%90%89%E9%87%8E%E7%94%BA4-20,2021,ラーメン EAST,ramen_east,発表日：2021年11月24日
日陰,神奈川県川崎市幸区南加瀬4-16-2,食べログ ラーメン EAST 百名店 2021,https://tabelog.com/kanagawa/A1405/A140503/14081996/,https://www.google.com/maps/search/?api=1&query=%E6%97%A5%E9%99%B0%20%E7%A5%9E%E5%A5%88%E5%B7%9D%E7%9C%8C%E5%B7%9D%E5%B4%8E%E5%B8%82%E5%B9%B8%E5%8C%BA%E5%8D%97%E5%8A%A0%E7%80%AC4-16-2,2021,ラーメン EAST,ramen_east,発表日：2021年11月24日
川の先の上,神奈川県横浜市港南区大久保1-15-36 第1ミツワセンター 2F,食べログ ラーメン EAST 百名店 2021,https://tabelog.com/kanagawa/A1401/A140307/14075882/,https://www.google.com/maps/search/?api=1&query=%E5%B7%9D%E3%81%AE%E5%85%88%E3%81%AE%E4%B8%8A%20%E7%A5%9E%E5%A5%88%E5%B7%9D%E7%9C%8C%E6%A8%AA%E6%B5%9C%E5%B8%82%E6%B8%AF%E5%8D%97%E5%8C%BA%E5%A4%A7%E4%B9%85%E4%BF%9D1-15-36%20%E7%AC%AC1%E3%83%9F%E3%83%84%E3%83%AF%E3%82%BB%E3%83%B3%E3%82%BF%E3%83%BC%202F,2021,ラーメン EAST,ramen_east,発表日：2021年11月24日
寿々喜家 本店,神奈川県横浜市保土ケ谷区上星川2-3-1 1F,食べログ ラーメン EAST 百名店 2021,https://tabelog.com/kanagawa/A1401/A140302/14000063/,https://www.google.com/maps/search/?api=1&query=%E5%AF%BF%E3%80%85%E5%96%9C%E5%AE%B6%20%E6%9C%AC%E5%BA%97%20%E7%A5%9E%E5%A5%88%E5%B7%9D%E7%9C%8C%E6%A8%AA%E6%B5%9C%E5%B8%82%E4%BF%9D%E5%9C%9F%E3%82%B1%E8%B0%B7%E5%8C%BA%E4%B8%8A%E6%98%9F%E5%B7%9D2-3-1%201F,2021,ラーメン EAST,ramen_east,発表日：2021年11月24日
中華そば 髙野,神奈川県横浜市神奈川区大口通135-11,食べログ ラーメン EAST 百名店 2021,https://tabelog.com/kanagawa/A1401/A140211/14071663/,https://www.google.com/maps/search/?api=1&query=%E4%B8%AD%E8%8F%AF%E3%81%9D%E3%81%B0%20%E9%AB%99%E9%87%8E%20%E7%A5%9E%E5%A5%88%E5%B7%9D%E7%9C%8C%E6%A8%AA%E6%B5%9C%E5%B8%82%E7%A5%9E%E5%A5%88%E5%B7%9D%E5%8C%BA%E5%A4%A7%E5%8F%A3%E9%80%9A135-11,2021,ラーメン EAST,ramen_east,発表日：2021年11月24日
とら食堂 松戸分店,千葉県松戸市紙敷1-8-6,食べログ ラーメン EAST 百名店 2021,https://tabelog.com/chiba/A1203/A120302/12026940/,https://www.google.com/maps/search/?api=1&query=%E3%81%A8%E3%82%89%E9%A3%9F%E5%A0%82%20%E6%9D%BE%E6%88%B8%E5%88%86%E5%BA%97%20%E5%8D%83%E8%91%89%E7%9C%8C%E6%9D%BE%E6%88%B8%E5%B8%82%E7%B4%99%E6%95%B71-8-6,2021,ラーメン EAST,ramen_east,発表日：2021年11月24日
家系総本山 ラーメン 吉村家,神奈川県横浜市西区南幸2-12-6 ストークミキ　１Ｆ,食べログ ラーメン EAST 百名店 2021,https://tabelog.com/kanagawa/A1401/A140101/14000059/,https://www.google.com/maps/search/?api=1&query=%E5%AE%B6%E7%B3%BB%E7%B7%8F%E6%9C%AC%E5%B1%B1%20%E3%83%A9%E3%83%BC%E3%83%A1%E3%83%B3%20%E5%90%89%E6%9D%91%E5%AE%B6%20%E7%A5%9E%E5%A5%88%E5%B7%9D%E7%9C%8C%E6%A8%AA%E6%B5%9C%E5%B8%82%E8%A5%BF%E5%8C%BA%E5%8D%97%E5%B9%B82-12-6%20%E3%82%B9%E3%83%88%E3%83%BC%E3%82%AF%E3%83%9F%E3%82%AD%E3%80%80%EF%BC%91%EF%BC%A6,2021,ラーメン EAST,ramen_east,発表日：2021年11月24日
中華そば 麺や食堂 本店,神奈川県厚木市幸町9-6,食べログ ラーメン EAST 百名店 2021,https://tabelog.com/kanagawa/A1408/A140802/14001610/,https://www.google.com/maps/search/?api=1&query=%E4%B8%AD%E8%8F%AF%E3%81%9D%E3%81%B0%20%E9%BA%BA%E3%82%84%E9%A3%9F%E5%A0%82%20%E6%9C%AC%E5%BA%97%20%E7%A5%9E%E5%A5%88%E5%B7%9D%E7%9C%8C%E5%8E%9A%E6%9C%A8%E5%B8%82%E5%B9%B8%E7%94%BA9-6,2021,ラーメン EAST,ramen_east,発表日：2021年11月24日
はりけんラーメン 本店,茨城県つくば市栗原2857-8,食べログ ラーメン EAST 百名店 2021,https://tabelog.com/ibaraki/A0802/A080201/8012178/,https://www.google.com/maps/search/?api=1&query=%E3%81%AF%E3%82%8A%E3%81%91%E3%82%93%E3%83%A9%E3%83%BC%E3%83%A1%E3%83%B3%20%E6%9C%AC%E5%BA%97%20%E8%8C%A8%E5%9F%8E%E7%9C%8C%E3%81%A4%E3%81%8F%E3%81%B0%E5%B8%82%E6%A0%97%E5%8E%9F2857-8,2021,ラーメン EAST,ramen_east,発表日：2021年11月24日
ラーメン 末廣家,神奈川県横浜市神奈川区六角橋1-14-7,食べログ ラーメン EAST 百名店 2021,https://tabelog.com/kanagawa/A1401/A140205/14051496/,https://www.google.com/maps/search/?api=1&query=%E3%83%A9%E3%83%BC%E3%83%A1%E3%83%B3%20%E6%9C%AB%E5%BB%A3%E5%AE%B6%20%E7%A5%9E%E5%A5%88%E5%B7%9D%E7%9C%8C%E6%A8%AA%E6%B5%9C%E5%B8%82%E7%A5%9E%E5%A5%88%E5%B7%9D%E5%8C%BA%E5%85%AD%E8%A7%92%E6%A9%8B1-14-7,2021,ラーメン EAST,ramen_east,発表日：2021年11月24日
麺処 秋もと,神奈川県-横浜市青葉区市ヶ尾町1157-1 東急ドエル市ヶ尾アネックスビル 1F,食べログ ラーメン EAST 百名店 2021,https://tabelog.com/kanagawa/A1401/A140201/14058820/,https://www.google.com/maps/search/?api=1&query=%E9%BA%BA%E5%87%A6%20%E7%A7%8B%E3%82%82%E3%81%A8%20%E7%A5%9E%E5%A5%88%E5%B7%9D%E7%9C%8C-%E6%A8%AA%E6%B5%9C%E5%B8%82%E9%9D%92%E8%91%89%E5%8C%BA%E5%B8%82%E3%83%B6%E5%B0%BE%E7%94%BA1157-1%20%E6%9D%B1%E6%80%A5%E3%83%89%E3%82%A8%E3%83%AB%E5%B8%82%E3%83%B6%E5%B0%BE%E3%82%A2%E3%83%8D%E3%83%83%E3%82%AF%E3%82%B9%E3%83%93%E3%83%AB%201F,2021,ラーメン EAST,ramen_east,発表日：2021年11月24日
中華蕎麦 時雨 伊勢佐木長者町本店,神奈川県横浜市中区不老町2-10-5 三陣ビル 1F,食べログ ラーメン EAST 百名店 2021,https://tabelog.com/kanagawa/A1401/A140104/14067138/,https://www.google.com/maps/search/?api=1&query=%E4%B8%AD%E8%8F%AF%E8%95%8E%E9%BA%A6%20%E6%99%82%E9%9B%A8%20%E4%BC%8A%E5%8B%A2%E4%BD%90%E6%9C%A8%E9%95%B7%E8%80%85%E7%94%BA%E6%9C%AC%E5%BA%97%20%E7%A5%9E%E5%A5%88%E5%B7%9D%E7%9C%8C%E6%A8%AA%E6%B5%9C%E5%B8%82%E4%B8%AD%E5%8C%BA%E4%B8%8D%E8%80%81%E7%94%BA2-10-5%20%E4%B8%89%E9%99%A3%E3%83%93%E3%83%AB%201F,2021,ラーメン EAST,ramen_east,発表日：2021年11月24日
寿製麺 よしかわ 川越店,埼玉県川越市今福1738-14,食べログ ラーメン EAST 百名店 2021,https://tabelog.com/saitama/A1103/A110303/11040851/,https://www.google.com/maps/search/?api=1&query=%E5%AF%BF%E8%A3%BD%E9%BA%BA%20%E3%82%88%E3%81%97%E3%81%8B%E3%82%8F%20%E5%B7%9D%E8%B6%8A%E5%BA%97%20%E5%9F%BC%E7%8E%89%E7%9C%8C%E5%B7%9D%E8%B6%8A%E5%B8%82%E4%BB%8A%E7%A6%8F1738-14,2021,ラーメン EAST,ramen_east,発表日：2021年11月24日
らーめん芝浜,群馬県桐生市相生町1-303-1,食べログ ラーメン EAST 百名店 2021,https://tabelog.com/gunma/A1002/A100201/10014488/,https://www.google.com/maps/search/?api=1&query=%E3%82%89%E3%83%BC%E3%82%81%E3%82%93%E8%8A%9D%E6%B5%9C%20%E7%BE%A4%E9%A6%AC%E7%9C%8C%E6%A1%90%E7%94%9F%E5%B8%82%E7%9B%B8%E7%94%9F%E7%94%BA1-303-1,2021,ラーメン EAST,ramen_east,発表日：2021年11月24日
スープメン,東京都板橋区南常盤台1-26-9 常盤台ダイカンプラザシティ 1F,食べログ ラーメン TOKYO 百名店 2021,https://tabelog.com/tokyo/A1322/A132203/13227469/,https://www.google.com/maps/search/?api=1&query=%E3%82%B9%E3%83%BC%E3%83%97%E3%83%A1%E3%83%B3%20%E6%9D%B1%E4%BA%AC%E9%83%BD%E6%9D%BF%E6%A9%8B%E5%8C%BA%E5%8D%97%E5%B8%B8%E7%9B%A4%E5%8F%B01-26-9%20%E5%B8%B8%E7%9B%A4%E5%8F%B0%E3%83%80%E3%82%A4%E3%82%AB%E3%83%B3%E3%83%97%E3%83%A9%E3%82%B6%E3%82%B7%E3%83%86%E3%82%A3%201F,2021,ラーメン TOKYO,ramen_tokyo,発表日：2021年11月24日
ラーメン 健やか,東京都武蔵野市中町1-28-1 矢島ビル 102,食べログ ラーメン TOKYO 百名店 2021,https://tabelog.com/tokyo/A1320/A132002/13207054/,https://www.google.com/maps/search/?api=1&query=%E3%83%A9%E3%83%BC%E3%83%A1%E3%83%B3%20%E5%81%A5%E3%82%84%E3%81%8B%20%E6%9D%B1%E4%BA%AC%E9%83%BD%E6%AD%A6%E8%94%B5%E9%87%8E%E5%B8%82%E4%B8%AD%E7%94%BA1-28-1%20%E7%9F%A2%E5%B3%B6%E3%83%93%E3%83%AB%20102,2021,ラーメン TOKYO,ramen_tokyo,発表日：2021年11月24日
こうかいぼう,東京都江東区深川2-13-10 ニックハイム深川 1F,食べログ ラーメン TOKYO 百名店 2021,https://tabelog.com/tokyo/A1313/A131303/13005052/,https://www.google.com/maps/search/?api=1&query=%E3%81%93%E3%81%86%E3%81%8B%E3%81%84%E3%81%BC%E3%81%86%20%E6%9D%B1%E4%BA%AC%E9%83%BD%E6%B1%9F%E6%9D%B1%E5%8C%BA%E6%B7%B1%E5%B7%9D2-13-10%20%E3%83%8B%E3%83%83%E3%82%AF%E3%83%8F%E3%82%A4%E3%83%A0%E6%B7%B1%E5%B7%9D%201F,2021,ラーメン TOKYO,ramen_tokyo,発表日：2021年11月24日
麺処 篠はら,東京都豊島区池袋3-1-4,食べログ ラーメン TOKYO 百名店 2021,https://tabelog.com/tokyo/A1322/A132202/13188419/,https://www.google.com/maps/search/?api=1&query=%E9%BA%BA%E5%87%A6%20%E7%AF%A0%E3%81%AF%E3%82%89%20%E6%9D%B1%E4%BA%AC%E9%83%BD%E8%B1%8A%E5%B3%B6%E5%8C%BA%E6%B1%A0%E8%A2%8B3-1-4,2021,ラーメン TOKYO,ramen_tokyo,発表日：2021年11月24日
味噌っ子 ふっく,東京都杉並区上荻2-40-11 四面道ビル 1F,食べログ ラーメン TOKYO 百名店 2021,https://tabelog.com/tokyo/A1319/A131906/13226777/,https://www.google.com/maps/search/?api=1&query=%E5%91%B3%E5%99%8C%E3%81%A3%E5%AD%90%20%E3%81%B5%E3%81%A3%E3%81%8F%20%E6%9D%B1%E4%BA%AC%E9%83%BD%E6%9D%89%E4%B8%A6%E5%8C%BA%E4%B8%8A%E8%8D%BB2-40-11%20%E5%9B%9B%E9%9D%A2%E9%81%93%E3%83%93%E3%83%AB%201F,2021,ラーメン TOKYO,ramen_tokyo,発表日：2021年11月24日
キング製麺,東京都北区王子本町1-14-1 高崎ビル 1F,食べログ ラーメン TOKYO 百名店 2021,https://tabelog.com/tokyo/A1323/A132303/13232817/,https://www.google.com/maps/search/?api=1&query=%E3%82%AD%E3%83%B3%E3%82%B0%E8%A3%BD%E9%BA%BA%20%E6%9D%B1%E4%BA%AC%E9%83%BD%E5%8C%97%E5%8C%BA%E7%8E%8B%E5%AD%90%E6%9C%AC%E7%94%BA1-14-1%20%E9%AB%98%E5%B4%8E%E3%83%93%E3%83%AB%201F,2021,ラーメン TOKYO,ramen_tokyo,発表日：2021年11月24日
麺や金時,東京都練馬区小竹町1-2-7,食べログ ラーメン TOKYO 百名店 2021,https://tabelog.com/tokyo/A1321/A132101/13139195/,https://www.google.com/maps/search/?api=1&query=%E9%BA%BA%E3%82%84%E9%87%91%E6%99%82%20%E6%9D%B1%E4%BA%AC%E9%83%BD%E7%B7%B4%E9%A6%AC%E5%8C%BA%E5%B0%8F%E7%AB%B9%E7%94%BA1-2-7,2021,ラーメン TOKYO,ramen_tokyo,発表日：2021年11月24日
銀座 朧月,東京都中央区銀座6-3-5 第一高橋ビル 1F,食べログ ラーメン TOKYO 百名店 2021,https://tabelog.com/tokyo/A1301/A130101/13118141/,https://www.google.com/maps/search/?api=1&query=%E9%8A%80%E5%BA%A7%20%E6%9C%A7%E6%9C%88%20%E6%9D%B1%E4%BA%AC%E9%83%BD%E4%B8%AD%E5%A4%AE%E5%8C%BA%E9%8A%80%E5%BA%A76-3-5%20%E7%AC%AC%E4%B8%80%E9%AB%98%E6%A9%8B%E3%83%93%E3%83%AB%201F,2021,ラーメン TOKYO,ramen_tokyo,発表日：2021年11月24日
そらのいろ麹町本舗,東京都千代田区平河町1-3-10 ブルービル本館1B,食べログ ラーメン TOKYO 百名店 2021,https://tabelog.com/tokyo/A1308/A130803/13126816/,https://www.google.com/maps/search/?api=1&query=%E3%81%9D%E3%82%89%E3%81%AE%E3%81%84%E3%82%8D%E9%BA%B9%E7%94%BA%E6%9C%AC%E8%88%97%20%E6%9D%B1%E4%BA%AC%E9%83%BD%E5%8D%83%E4%BB%A3%E7%94%B0%E5%8C%BA%E5%B9%B3%E6%B2%B3%E7%94%BA1-3-10%20%E3%83%96%E3%83%AB%E3%83%BC%E3%83%93%E3%83%AB%E6%9C%AC%E9%A4%A81B,2021,ラーメン TOKYO,ramen_tokyo,発表日：2021年11月24日
中華ソバ 伊吹,東京都板橋区前野町4-58-10 見次パークマンション 1F,食べログ ラーメン TOKYO 百名店 2021,https://tabelog.com/tokyo/A1322/A132205/13163874/,https://www.google.com/maps/search/?api=1&query=%E4%B8%AD%E8%8F%AF%E3%82%BD%E3%83%90%20%E4%BC%8A%E5%90%B9%20%E6%9D%B1%E4%BA%AC%E9%83%BD%E6%9D%BF%E6%A9%8B%E5%8C%BA%E5%89%8D%E9%87%8E%E7%94%BA4-58-10%20%E8%A6%8B%E6%AC%A1%E3%83%91%E3%83%BC%E3%82%AF%E3%83%9E%E3%83%B3%E3%82%B7%E3%83%A7%E3%83%B3%201F,2021,ラーメン TOKYO,ramen_tokyo,発表日：2021年11月24日
中華そば べんてん,東京都練馬区旭町3-25-2,食べログ ラーメン TOKYO 百名店 2021,https://tabelog.com/tokyo/A1322/A132204/13200351/,https://www.google.com/maps/search/?api=1&query=%E4%B8%AD%E8%8F%AF%E3%81%9D%E3%81%B0%20%E3%81%B9%E3%82%93%E3%81%A6%E3%82%93%20%E6%9D%B1%E4%BA%AC%E9%83%BD%E7%B7%B4%E9%A6%AC%E5%8C%BA%E6%97%AD%E7%94%BA3-25-2,2021,ラーメン TOKYO,ramen_tokyo,発表日：2021年11月24日
ラーメン二郎 三田本店,東京都港区三田2-16-4,食べログ ラーメン TOKYO 百名店 2021,https://tabelog.com/tokyo/A1314/A131402/13006051/,https://www.google.com/maps/search/?api=1&query=%E3%83%A9%E3%83%BC%E3%83%A1%E3%83%B3%E4%BA%8C%E9%83%8E%20%E4%B8%89%E7%94%B0%E6%9C%AC%E5%BA%97%20%E6%9D%B1%E4%BA%AC%E9%83%BD%E6%B8%AF%E5%8C%BA%E4%B8%89%E7%94%B02-16-4,2021,ラーメン TOKYO,ramen_tokyo,発表日：2021年11月24日
麺尊 RAGE,東京都杉並区松庵3-37-22 レンツェン松庵 1F,食べログ ラーメン TOKYO 百名店 2021,https://tabelog.com/tokyo/A1319/A131907/13178309/,https://www.google.com/maps/search/?api=1&query=%E9%BA%BA%E5%B0%8A%20RAGE%20%E6%9D%B1%E4%BA%AC%E9%83%BD%E6%9D%89%E4%B8%A6%E5%8C%BA%E6%9D%BE%E5%BA%B53-37-22%20%E3%83%AC%E3%83%B3%E3%83%84%E3%82%A7%E3%83%B3%E6%9D%BE%E5%BA%B5%201F,2021,ラーメン TOKYO,ramen_tokyo,発表日：2021年11月24日
つけ麺 五ノ神製作所,東京都渋谷区千駄ヶ谷5-33-16 シャトレー新宿御苑第一 1F,食べログ ラーメン TOKYO 百名店 2021,https://tabelog.com/tokyo/A1304/A130401/13120708/,https://www.google.com/maps/search/?api=1&query=%E3%81%A4%E3%81%91%E9%BA%BA%20%E4%BA%94%E3%83%8E%E7%A5%9E%E8%A3%BD%E4%BD%9C%E6%89%80%20%E6%9D%B1%E4%BA%AC%E9%83%BD%E6%B8%8B%E8%B0%B7%E5%8C%BA%E5%8D%83%E9%A7%84%E3%83%B6%E8%B0%B75-33-16%20%E3%82%B7%E3%83%A3%E3%83%88%E3%83%AC%E3%83%BC%E6%96%B0%E5%AE%BF%E5%BE%A1%E8%8B%91%E7%AC%AC%E4%B8%80%201F,2021,ラーメン TOKYO,ramen_tokyo,発表日：2021年11月24日
中華そば さわ,東京都板橋区中板橋25-14,食べログ ラーメン TOKYO 百名店 2021,https://tabelog.com/tokyo/A1322/A132203/13229011/,https://www.google.com/maps/search/?api=1&query=%E4%B8%AD%E8%8F%AF%E3%81%9D%E3%81%B0%20%E3%81%95%E3%82%8F%20%E6%9D%B1%E4%BA%AC%E9%83%BD%E6%9D%BF%E6%A9%8B%E5%8C%BA%E4%B8%AD%E6%9D%BF%E6%A9%8B25-14,2021,ラーメン TOKYO,ramen_tokyo,発表日：2021年11月24日
かしわぎ,東京都中野区東中野1-36-7,食べログ ラーメン TOKYO 百名店 2021,https://tabelog.com/tokyo/A1319/A131901/13209326/,https://www.google.com/maps/search/?api=1&query=%E3%81%8B%E3%81%97%E3%82%8F%E3%81%8E%20%E6%9D%B1%E4%BA%AC%E9%83%BD%E4%B8%AD%E9%87%8E%E5%8C%BA%E6%9D%B1%E4%B8%AD%E9%87%8E1-36-7,2021,ラーメン TOKYO,ramen_tokyo,発表日：2021年11月24日
青島食堂 秋葉原店,東京都千代田区神田佐久間町3-20-1,食べログ ラーメン TOKYO 百名店 2021,https://tabelog.com/tokyo/A1310/A131001/13094776/,https://www.google.com/maps/search/?api=1&query=%E9%9D%92%E5%B3%B6%E9%A3%9F%E5%A0%82%20%E7%A7%8B%E8%91%89%E5%8E%9F%E5%BA%97%20%E6%9D%B1%E4%BA%AC%E9%83%BD%E5%8D%83%E4%BB%A3%E7%94%B0%E5%8C%BA%E7%A5%9E%E7%94%B0%E4%BD%90%E4%B9%85%E9%96%93%E7%94%BA3-20-1,2021,ラーメン TOKYO,ramen_tokyo,発表日：2021年11月24日
純手打ち だるま,東京都杉並区和田1-18-3,食べログ ラーメン TOKYO 百名店 2021,https://tabelog.com/tokyo/A1319/A131903/13218715/,https://www.google.com/maps/search/?api=1&query=%E7%B4%94%E6%89%8B%E6%89%93%E3%81%A1%20%E3%81%A0%E3%82%8B%E3%81%BE%20%E6%9D%B1%E4%BA%AC%E9%83%BD%E6%9D%89%E4%B8%A6%E5%8C%BA%E5%92%8C%E7%94%B01-18-3,2021,ラーメン TOKYO,ramen_tokyo,発表日：2021年11月24日
中華そば 和渦 TOKYO,東京都品川区北品川3-2-1 MTM STUDIO 2F,食べログ ラーメン TOKYO 百名店 2021,https://tabelog.com/tokyo/A1314/A131405/13233678/,https://www.google.com/maps/search/?api=1&query=%E4%B8%AD%E8%8F%AF%E3%81%9D%E3%81%B0%20%E5%92%8C%E6%B8%A6%20TOKYO%20%E6%9D%B1%E4%BA%AC%E9%83%BD%E5%93%81%E5%B7%9D%E5%8C%BA%E5%8C%97%E5%93%81%E5%B7%9D3-2-1%20MTM%20STUDIO%202F,2021,ラーメン TOKYO,ramen_tokyo,発表日：2021年11月24日
Homemade Ramen 麦苗,東京都品川区南大井6-11-10,食べログ ラーメン TOKYO 百名店 2021,https://tabelog.com/tokyo/A1315/A131502/13194812/,https://www.google.com/maps/search/?api=1&query=Homemade%20Ramen%20%E9%BA%A6%E8%8B%97%20%E6%9D%B1%E4%BA%AC%E9%83%BD%E5%93%81%E5%B7%9D%E5%8C%BA%E5%8D%97%E5%A4%A7%E4%BA%956-11-10,2021,ラーメン TOKYO,ramen_tokyo,発表日：2021年11月24日
Ramen にじゅうぶんのいち,東京都荒川区東尾久2-19-10 西脇ビル 1F,食べログ ラーメン TOKYO 百名店 2021,https://tabelog.com/tokyo/A1324/A132401/13147594/,https://www.google.com/maps/search/?api=1&query=Ramen%20%E3%81%AB%E3%81%98%E3%82%85%E3%81%86%E3%81%B6%E3%82%93%E3%81%AE%E3%81%84%E3%81%A1%20%E6%9D%B1%E4%BA%AC%E9%83%BD%E8%8D%92%E5%B7%9D%E5%8C%BA%E6%9D%B1%E5%B0%BE%E4%B9%852-19-10%20%E8%A5%BF%E8%84%87%E3%83%93%E3%83%AB%201F,2021,ラーメン TOKYO,ramen_tokyo,発表日：2021年11月24日
ラーメン屋 トイ・ボックス,東京都荒川区東日暮里1-1-3 1階,食べログ ラーメン TOKYO 百名店 2021,https://tabelog.com/tokyo/A1324/A132401/13162973/,https://www.google.com/maps/search/?api=1&query=%E3%83%A9%E3%83%BC%E3%83%A1%E3%83%B3%E5%B1%8B%20%E3%83%88%E3%82%A4%E3%83%BB%E3%83%9C%E3%83%83%E3%82%AF%E3%82%B9%20%E6%9D%B1%E4%BA%AC%E9%83%BD%E8%8D%92%E5%B7%9D%E5%8C%BA%E6%9D%B1%E6%97%A5%E6%9A%AE%E9%87%8C1-1-3%201%E9%9A%8E,2021,ラーメン TOKYO,ramen_tokyo,発表日：2021年11月24日
銀座 八五,東京都中央区銀座3-14-2 第一はなぶさビル 1F,食べログ ラーメン TOKYO 百名店 2021,https://tabelog.com/tokyo/A1301/A130101/13228602/,https://www.google.com/maps/search/?api=1&query=%E9%8A%80%E5%BA%A7%20%E5%85%AB%E4%BA%94%20%E6%9D%B1%E4%BA%AC%E9%83%BD%E4%B8%AD%E5%A4%AE%E5%8C%BA%E9%8A%80%E5%BA%A73-14-2%20%E7%AC%AC%E4%B8%80%E3%81%AF%E3%81%AA%E3%81%B6%E3%81%95%E3%83%93%E3%83%AB%201F,2021,ラーメン TOKYO,ramen_tokyo,発表日：2021年11月24日
はやし,東京都渋谷区道玄坂1-14-9 ソシアル道玄坂 1F,食べログ ラーメン TOKYO 百名店 2021,https://tabelog.com/tokyo/A1303/A130301/13003367/,https://www.google.com/maps/search/?api=1&query=%E3%81%AF%E3%82%84%E3%81%97%20%E6%9D%B1%E4%BA%AC%E9%83%BD%E6%B8%8B%E8%B0%B7%E5%8C%BA%E9%81%93%E7%8E%84%E5%9D%821-14-9%20%E3%82%BD%E3%82%B7%E3%82%A2%E3%83%AB%E9%81%93%E7%8E%84%E5%9D%82%201F,2021,ラーメン TOKYO,ramen_tokyo,発表日：2021年11月24日
中華麺店 喜楽,東京都渋谷区道玄坂2-17-6,食べログ ラーメン TOKYO 百名店 2021,https://tabelog.com/tokyo/A1303/A130301/13001705/,https://www.google.com/maps/search/?api=1&query=%E4%B8%AD%E8%8F%AF%E9%BA%BA%E5%BA%97%20%E5%96%9C%E6%A5%BD%20%E6%9D%B1%E4%BA%AC%E9%83%BD%E6%B8%8B%E8%B0%B7%E5%8C%BA%E9%81%93%E7%8E%84%E5%9D%822-17-6,2021,ラーメン TOKYO,ramen_tokyo,発表日：2021年11月24日
手打式超多加水麺 ののくら,東京都葛飾区亀有3-11-11 マーベラス大協ビル 1F,食べログ ラーメン TOKYO 百名店 2021,https://tabelog.com/tokyo/A1324/A132403/13215713/,https://www.google.com/maps/search/?api=1&query=%E6%89%8B%E6%89%93%E5%BC%8F%E8%B6%85%E5%A4%9A%E5%8A%A0%E6%B0%B4%E9%BA%BA%20%E3%81%AE%E3%81%AE%E3%81%8F%E3%82%89%20%E6%9D%B1%E4%BA%AC%E9%83%BD%E8%91%9B%E9%A3%BE%E5%8C%BA%E4%BA%80%E6%9C%893-11-11%20%E3%83%9E%E3%83%BC%E3%83%99%E3%83%A9%E3%82%B9%E5%A4%A7%E5%8D%94%E3%83%93%E3%83%AB%201F,2021,ラーメン TOKYO,ramen_tokyo,発表日：2021年11月24日
煮干鰮らーめん 圓 八王子本店,東京都八王子市横山町21-21,食べログ ラーメン TOKYO 百名店 2021,https://tabelog.com/tokyo/A1329/A132904/13091258/,https://www.google.com/maps/search/?api=1&query=%E7%85%AE%E5%B9%B2%E9%B0%AE%E3%82%89%E3%83%BC%E3%82%81%E3%82%93%20%E5%9C%93%20%E5%85%AB%E7%8E%8B%E5%AD%90%E6%9C%AC%E5%BA%97%20%E6%9D%B1%E4%BA%AC%E9%83%BD%E5%85%AB%E7%8E%8B%E5%AD%90%E5%B8%82%E6%A8%AA%E5%B1%B1%E7%94%BA21-21,2021,ラーメン TOKYO,ramen_tokyo,発表日：2021年11月24日
麺屋一燈,東京都葛飾区東新小岩1-4-17,食べログ ラーメン TOKYO 百名店 2021,https://tabelog.com/tokyo/A1312/A131204/13111737/,https://www.google.com/maps/search/?api=1&query=%E9%BA%BA%E5%B1%8B%E4%B8%80%E7%87%88%20%E6%9D%B1%E4%BA%AC%E9%83%BD%E8%91%9B%E9%A3%BE%E5%8C%BA%E6%9D%B1%E6%96%B0%E5%B0%8F%E5%B2%A91-4-17,2021,ラーメン TOKYO,ramen_tokyo,発表日：2021年11月24日
鶏こく中華 すず喜,東京都三鷹市下連雀3-28-21 公団三鷹駅前第2アパートB 1,食べログ ラーメン TOKYO 百名店 2021,https://tabelog.com/tokyo/A1320/A132002/13215409/,https://www.google.com/maps/search/?api=1&query=%E9%B6%8F%E3%81%93%E3%81%8F%E4%B8%AD%E8%8F%AF%20%E3%81%99%E3%81%9A%E5%96%9C%20%E6%9D%B1%E4%BA%AC%E9%83%BD%E4%B8%89%E9%B7%B9%E5%B8%82%E4%B8%8B%E9%80%A3%E9%9B%803-28-21%20%E5%85%AC%E5%9B%A3%E4%B8%89%E9%B7%B9%E9%A7%85%E5%89%8D%E7%AC%AC2%E3%82%A2%E3%83%91%E3%83%BC%E3%83%88B%201,2021,ラーメン TOKYO,ramen_tokyo,発表日：2021年11月24日
鴨出汁中華蕎麦 麺屋yoshiki,東京都葛飾区東新小岩1-3-7,食べログ ラーメン TOKYO 百名店 2021,https://tabelog.com/tokyo/A1312/A131204/13242295/,https://www.google.com/maps/search/?api=1&query=%E9%B4%A8%E5%87%BA%E6%B1%81%E4%B8%AD%E8%8F%AF%E8%95%8E%E9%BA%A6%20%E9%BA%BA%E5%B1%8Byoshiki%20%E6%9D%B1%E4%BA%AC%E9%83%BD%E8%91%9B%E9%A3%BE%E5%8C%BA%E6%9D%B1%E6%96%B0%E5%B0%8F%E5%B2%A91-3-7,2021,ラーメン TOKYO,ramen_tokyo,発表日：2021年11月24日
Ramen FeeL,東京都青梅市梅郷4-695-1,食べログ ラーメン TOKYO 百名店 2021,https://tabelog.com/tokyo/A1330/A133003/13254631/,https://www.google.com/maps/search/?api=1&query=Ramen%20FeeL%20%E6%9D%B1%E4%BA%AC%E9%83%BD%E9%9D%92%E6%A2%85%E5%B8%82%E6%A2%85%E9%83%B74-695-1,2021,ラーメン TOKYO,ramen_tokyo,発表日：2021年11月24日
らぁ麺やまぐち,東京都新宿区西早稲田3-13-4 1F,食べログ ラーメン TOKYO 百名店 2021,https://tabelog.com/tokyo/A1305/A130504/13151200/,https://www.google.com/maps/search/?api=1&query=%E3%82%89%E3%81%81%E9%BA%BA%E3%82%84%E3%81%BE%E3%81%90%E3%81%A1%20%E6%9D%B1%E4%BA%AC%E9%83%BD%E6%96%B0%E5%AE%BF%E5%8C%BA%E8%A5%BF%E6%97%A9%E7%A8%B2%E7%94%B03-13-4%201F,2021,ラーメン TOKYO,ramen_tokyo,発表日：2021年11月24日
宍道湖しじみ中華蕎麦 琥珀 東京本店,東京都大田区西六郷2-1-3,食べログ ラーメン TOKYO 百名店 2021,https://tabelog.com/tokyo/A1315/A131503/13234195/,https://www.google.com/maps/search/?api=1&query=%E5%AE%8D%E9%81%93%E6%B9%96%E3%81%97%E3%81%98%E3%81%BF%E4%B8%AD%E8%8F%AF%E8%95%8E%E9%BA%A6%20%E7%90%A5%E7%8F%80%20%E6%9D%B1%E4%BA%AC%E6%9C%AC%E5%BA%97%20%E6%9D%B1%E4%BA%AC%E9%83%BD%E5%A4%A7%E7%94%B0%E5%8C%BA%E8%A5%BF%E5%85%AD%E9%83%B72-1-3,2021,ラーメン TOKYO,ramen_tokyo,発表日：2021年11月24日
田中商店 本店,東京都足立区一ツ家2-14-6,食べログ ラーメン TOKYO 百名店 2021,https://tabelog.com/tokyo/A1324/A132404/13003726/,https://www.google.com/maps/search/?api=1&query=%E7%94%B0%E4%B8%AD%E5%95%86%E5%BA%97%20%E6%9C%AC%E5%BA%97%20%E6%9D%B1%E4%BA%AC%E9%83%BD%E8%B6%B3%E7%AB%8B%E5%8C%BA%E4%B8%80%E3%83%84%E5%AE%B62-14-6,2021,ラーメン TOKYO,ramen_tokyo,発表日：2021年11月24日
中華そば　堀川,東京都目黒区自由が丘3-7-1,食べログ ラーメン TOKYO 百名店 2021,https://tabelog.com/tokyo/A1317/A131703/13243173/,https://www.google.com/maps/search/?api=1&query=%E4%B8%AD%E8%8F%AF%E3%81%9D%E3%81%B0%E3%80%80%E5%A0%80%E5%B7%9D%20%E6%9D%B1%E4%BA%AC%E9%83%BD%E7%9B%AE%E9%BB%92%E5%8C%BA%E8%87%AA%E7%94%B1%E3%81%8C%E4%B8%983-7-1,2021,ラーメン TOKYO,ramen_tokyo,発表日：2021年11月24日
一条流がんこ総本家分家四谷荒木町,東京都新宿区舟町4-1 メゾンド四谷 106,食べログ ラーメン TOKYO 百名店 2021,https://tabelog.com/tokyo/A1309/A130903/13126058/,https://www.google.com/maps/search/?api=1&query=%E4%B8%80%E6%9D%A1%E6%B5%81%E3%81%8C%E3%82%93%E3%81%93%E7%B7%8F%E6%9C%AC%E5%AE%B6%E5%88%86%E5%AE%B6%E5%9B%9B%E8%B0%B7%E8%8D%92%E6%9C%A8%E7%94%BA%20%E6%9D%B1%E4%BA%AC%E9%83%BD%E6%96%B0%E5%AE%BF%E5%8C%BA%E8%88%9F%E7%94%BA4-1%20%E3%83%A1%E3%82%BE%E3%83%B3%E3%83%89%E5%9B%9B%E8%B0%B7%20106,2021,ラーメン TOKYO,ramen_tokyo,発表日：2021年11月24日
中華そば うお青,東京都日野市石田2-9-1 アイビル 1F,食べログ ラーメン TOKYO 百名店 2021,https://tabelog.com/tokyo/A1329/A132903/13229181/,https://www.google.com/maps/search/?api=1&query=%E4%B8%AD%E8%8F%AF%E3%81%9D%E3%81%B0%20%E3%81%86%E3%81%8A%E9%9D%92%20%E6%9D%B1%E4%BA%AC%E9%83%BD%E6%97%A5%E9%87%8E%E5%B8%82%E7%9F%B3%E7%94%B02-9-1%20%E3%82%A2%E3%82%A4%E3%83%93%E3%83%AB%201F,2021,ラーメン TOKYO,ramen_tokyo,発表日：2021年11月24日
麺屋ひょっとこ 交通会館店,東京都千代田区有楽町2-10-1 東京交通会館 B1F,食べログ ラーメン TOKYO 百名店 2021,https://tabelog.com/tokyo/A1301/A130102/13046637/,https://www.google.com/maps/search/?api=1&query=%E9%BA%BA%E5%B1%8B%E3%81%B2%E3%82%87%E3%81%A3%E3%81%A8%E3%81%93%20%E4%BA%A4%E9%80%9A%E4%BC%9A%E9%A4%A8%E5%BA%97%20%E6%9D%B1%E4%BA%AC%E9%83%BD%E5%8D%83%E4%BB%A3%E7%94%B0%E5%8C%BA%E6%9C%89%E6%A5%BD%E7%94%BA2-10-1%20%E6%9D%B1%E4%BA%AC%E4%BA%A4%E9%80%9A%E4%BC%9A%E9%A4%A8%20B1F,2021,ラーメン TOKYO,ramen_tokyo,発表日：2021年11月24日
煮干しつけ麺 宮元,東京都大田区西蒲田7-8-1 1F,食べログ ラーメン TOKYO 百名店 2021,https://tabelog.com/tokyo/A1315/A131503/13180862/,https://www.google.com/maps/search/?api=1&query=%E7%85%AE%E5%B9%B2%E3%81%97%E3%81%A4%E3%81%91%E9%BA%BA%20%E5%AE%AE%E5%85%83%20%E6%9D%B1%E4%BA%AC%E9%83%BD%E5%A4%A7%E7%94%B0%E5%8C%BA%E8%A5%BF%E8%92%B2%E7%94%B07-8-1%201F,2021,ラーメン TOKYO,ramen_tokyo,発表日：2021年11月24日
風雲児 新宿本店,東京都渋谷区代々木2-14-3 北斗第一ビルB1F,食べログ ラーメン TOKYO 百名店 2021,https://tabelog.com/tokyo/A1304/A130401/13044091/,https://www.google.com/maps/search/?api=1&query=%E9%A2%A8%E9%9B%B2%E5%85%90%20%E6%96%B0%E5%AE%BF%E6%9C%AC%E5%BA%97%20%E6%9D%B1%E4%BA%AC%E9%83%BD%E6%B8%8B%E8%B0%B7%E5%8C%BA%E4%BB%A3%E3%80%85%E6%9C%A82-14-3%20%E5%8C%97%E6%96%97%E7%AC%AC%E4%B8%80%E3%83%93%E3%83%ABB1F,2021,ラーメン TOKYO,ramen_tokyo,発表日：2021年11月24日
中華そば屋 伊藤,東京都北区豊島4-5-3,食べログ ラーメン TOKYO 百名店 2021,https://tabelog.com/tokyo/A1323/A132304/13008779/,https://www.google.com/maps/search/?api=1&query=%E4%B8%AD%E8%8F%AF%E3%81%9D%E3%81%B0%E5%B1%8B%20%E4%BC%8A%E8%97%A4%20%E6%9D%B1%E4%BA%AC%E9%83%BD%E5%8C%97%E5%8C%BA%E8%B1%8A%E5%B3%B64-5-3,2021,ラーメン TOKYO,ramen_tokyo,発表日：2021年11月24日
Japanese Soba Noodles 蔦,東京都渋谷区西原3-2-4 フロンティア代々木上原 B1F,食べログ ラーメン TOKYO 百名店 2021,https://tabelog.com/tokyo/A1318/A131811/13241560/,https://www.google.com/maps/search/?api=1&query=Japanese%20Soba%20Noodles%20%E8%94%A6%20%E6%9D%B1%E4%BA%AC%E9%83%BD%E6%B8%8B%E8%B0%B7%E5%8C%BA%E8%A5%BF%E5%8E%9F3-2-4%20%E3%83%95%E3%83%AD%E3%83%B3%E3%83%86%E3%82%A3%E3%82%A2%E4%BB%A3%E3%80%85%E6%9C%A8%E4%B8%8A%E5%8E%9F%20B1F,2021,ラーメン TOKYO,ramen_tokyo,発表日：2021年11月24日
成城青果,東京都世田谷区南烏山3-1-11 芦花パークヒル 1F,食べログ ラーメン TOKYO 百名店 2021,https://tabelog.com/tokyo/A1318/A131809/13247939/,https://www.google.com/maps/search/?api=1&query=%E6%88%90%E5%9F%8E%E9%9D%92%E6%9E%9C%20%E6%9D%B1%E4%BA%AC%E9%83%BD%E4%B8%96%E7%94%B0%E8%B0%B7%E5%8C%BA%E5%8D%97%E7%83%8F%E5%B1%B13-1-11%20%E8%8A%A6%E8%8A%B1%E3%83%91%E3%83%BC%E3%82%AF%E3%83%92%E3%83%AB%201F,2021,ラーメン TOKYO,ramen_tokyo,発表日：2021年11月24日
むぎとオリーブ 銀座本店,東京都中央区銀座6-12-12 銀座ステラビル 1F,食べログ ラーメン TOKYO 百名店 2021,https://tabelog.com/tokyo/A1301/A130101/13164932/,https://www.google.com/maps/search/?api=1&query=%E3%82%80%E3%81%8E%E3%81%A8%E3%82%AA%E3%83%AA%E3%83%BC%E3%83%96%20%E9%8A%80%E5%BA%A7%E6%9C%AC%E5%BA%97%20%E6%9D%B1%E4%BA%AC%E9%83%BD%E4%B8%AD%E5%A4%AE%E5%8C%BA%E9%8A%80%E5%BA%A76-12-12%20%E9%8A%80%E5%BA%A7%E3%82%B9%E3%83%86%E3%83%A9%E3%83%93%E3%83%AB%201F,2021,ラーメン TOKYO,ramen_tokyo,発表日：2021年11月24日
カネキッチン ヌードル,東京都豊島区南長崎5-26-15 マチテラス南長崎 2F,食べログ ラーメン TOKYO 百名店 2021,https://tabelog.com/tokyo/A1321/A132101/13203355/,https://www.google.com/maps/search/?api=1&query=%E3%82%AB%E3%83%8D%E3%82%AD%E3%83%83%E3%83%81%E3%83%B3%20%E3%83%8C%E3%83%BC%E3%83%89%E3%83%AB%20%E6%9D%B1%E4%BA%AC%E9%83%BD%E8%B1%8A%E5%B3%B6%E5%8C%BA%E5%8D%97%E9%95%B7%E5%B4%8E5-26-15%20%E3%83%9E%E3%83%81%E3%83%86%E3%83%A9%E3%82%B9%E5%8D%97%E9%95%B7%E5%B4%8E%202F,2021,ラーメン TOKYO,ramen_tokyo,発表日：2021年11月24日
ほっこり中華そば もつけ,東京都八王子市万町34-1,食べログ ラーメン TOKYO 百名店 2021,https://tabelog.com/tokyo/A1329/A132904/13192847/,https://www.google.com/maps/search/?api=1&query=%E3%81%BB%E3%81%A3%E3%81%93%E3%82%8A%E4%B8%AD%E8%8F%AF%E3%81%9D%E3%81%B0%20%E3%82%82%E3%81%A4%E3%81%91%20%E6%9D%B1%E4%BA%AC%E9%83%BD%E5%85%AB%E7%8E%8B%E5%AD%90%E5%B8%82%E4%B8%87%E7%94%BA34-1,2021,ラーメン TOKYO,ramen_tokyo,発表日：2021年11月24日
三ん寅,東京都新宿区山吹町362 プレステージ362,食べログ ラーメン TOKYO 百名店 2021,https://tabelog.com/tokyo/A1309/A130905/13240660/,https://www.google.com/maps/search/?api=1&query=%E4%B8%89%E3%82%93%E5%AF%85%20%E6%9D%B1%E4%BA%AC%E9%83%BD%E6%96%B0%E5%AE%BF%E5%8C%BA%E5%B1%B1%E5%90%B9%E7%94%BA362%20%E3%83%97%E3%83%AC%E3%82%B9%E3%83%86%E3%83%BC%E3%82%B8362,2021,ラーメン TOKYO,ramen_tokyo,発表日：2021年11月24日
煮干そば 流。,東京都北区上十条1-13-2,食べログ ラーメン TOKYO 百名店 2021,https://tabelog.com/tokyo/A1323/A132304/13175140/,https://www.google.com/maps/search/?api=1&query=%E7%85%AE%E5%B9%B2%E3%81%9D%E3%81%B0%20%E6%B5%81%E3%80%82%20%E6%9D%B1%E4%BA%AC%E9%83%BD%E5%8C%97%E5%8C%BA%E4%B8%8A%E5%8D%81%E6%9D%A11-13-2,2021,ラーメン TOKYO,ramen_tokyo,発表日：2021年11月24日
竹末東京Premium,東京都墨田区業平5-14-7 フラーリシ押上 1F,食べログ ラーメン TOKYO 百名店 2021,https://tabelog.com/tokyo/A1312/A131203/13167920/,https://www.google.com/maps/search/?api=1&query=%E7%AB%B9%E6%9C%AB%E6%9D%B1%E4%BA%ACPremium%20%E6%9D%B1%E4%BA%AC%E9%83%BD%E5%A2%A8%E7%94%B0%E5%8C%BA%E6%A5%AD%E5%B9%B35-14-7%20%E3%83%95%E3%83%A9%E3%83%BC%E3%83%AA%E3%82%B7%E6%8A%BC%E4%B8%8A%201F,2021,ラーメン TOKYO,ramen_tokyo,発表日：2021年11月24日
中華ソバ ちゃるめ,東京都大田区萩中2-1-4 丸栄ビルEAST 1F,食べログ ラーメン TOKYO 百名店 2021,https://tabelog.com/tokyo/A1315/A131504/13231202/,https://www.google.com/maps/search/?api=1&query=%E4%B8%AD%E8%8F%AF%E3%82%BD%E3%83%90%20%E3%81%A1%E3%82%83%E3%82%8B%E3%82%81%20%E6%9D%B1%E4%BA%AC%E9%83%BD%E5%A4%A7%E7%94%B0%E5%8C%BA%E8%90%A9%E4%B8%AD2-1-4%20%E4%B8%B8%E6%A0%84%E3%83%93%E3%83%ABEAST%201F,2021,ラーメン TOKYO,ramen_tokyo,発表日：2021年11月24日
中洲屋台長浜ラーメン初代 健太 東京高円寺本店,東京都中野区大和町1-66-6,食べログ ラーメン TOKYO 百名店 2021,https://tabelog.com/tokyo/A1319/A131904/13183596/,https://www.google.com/maps/search/?api=1&query=%E4%B8%AD%E6%B4%B2%E5%B1%8B%E5%8F%B0%E9%95%B7%E6%B5%9C%E3%83%A9%E3%83%BC%E3%83%A1%E3%83%B3%E5%88%9D%E4%BB%A3%20%E5%81%A5%E5%A4%AA%20%E6%9D%B1%E4%BA%AC%E9%AB%98%E5%86%86%E5%AF%BA%E6%9C%AC%E5%BA%97%20%E6%9D%B1%E4%BA%AC%E9%83%BD%E4%B8%AD%E9%87%8E%E5%8C%BA%E5%A4%A7%E5%92%8C%E7%94%BA1-66-6,2021,ラーメン TOKYO,ramen_tokyo,発表日：2021年11月24日
つけめん金龍,東京都千代田区神田司町2-15-16 サトウビル 1F,食べログ ラーメン TOKYO 百名店 2021,https://tabelog.com/tokyo/A1310/A131002/13259807/,https://www.google.com/maps/search/?api=1&query=%E3%81%A4%E3%81%91%E3%82%81%E3%82%93%E9%87%91%E9%BE%8D%20%E6%9D%B1%E4%BA%AC%E9%83%BD%E5%8D%83%E4%BB%A3%E7%94%B0%E5%8C%BA%E7%A5%9E%E7%94%B0%E5%8F%B8%E7%94%BA2-15-16%20%E3%82%B5%E3%83%88%E3%82%A6%E3%83%93%E3%83%AB%201F,2021,ラーメン TOKYO,ramen_tokyo,発表日：2021年11月24日
神名備,東京都文京区千駄木4-21-3,食べログ ラーメン TOKYO 百名店 2021,https://tabelog.com/tokyo/A1311/A131105/13006070/,https://www.google.com/maps/search/?api=1&query=%E7%A5%9E%E5%90%8D%E5%82%99%20%E6%9D%B1%E4%BA%AC%E9%83%BD%E6%96%87%E4%BA%AC%E5%8C%BA%E5%8D%83%E9%A7%84%E6%9C%A84-21-3,2021,ラーメン TOKYO,ramen_tokyo,発表日：2021年11月24日
麺屋 翔 本店,東京都新宿区西新宿7-22-34,食べログ ラーメン TOKYO 百名店 2021,https://tabelog.com/tokyo/A1304/A130401/13040181/,https://www.google.com/maps/search/?api=1&query=%E9%BA%BA%E5%B1%8B%20%E7%BF%94%20%E6%9C%AC%E5%BA%97%20%E6%9D%B1%E4%BA%AC%E9%83%BD%E6%96%B0%E5%AE%BF%E5%8C%BA%E8%A5%BF%E6%96%B0%E5%AE%BF7-22-34,2021,ラーメン TOKYO,ramen_tokyo,発表日：2021年11月24日
つけ麺 道,東京都葛飾区亀有5-28-17,食べログ ラーメン TOKYO 百名店 2021,https://tabelog.com/tokyo/A1324/A132403/13094595/,https://www.google.com/maps/search/?api=1&query=%E3%81%A4%E3%81%91%E9%BA%BA%20%E9%81%93%20%E6%9D%B1%E4%BA%AC%E9%83%BD%E8%91%9B%E9%A3%BE%E5%8C%BA%E4%BA%80%E6%9C%895-28-17,2021,ラーメン TOKYO,ramen_tokyo,発表日：2021年11月24日
神保町 黒須,東京都千代田区神田神保町3-1-19,食べログ ラーメン TOKYO 百名店 2021,https://tabelog.com/tokyo/A1310/A131003/13201888/,https://www.google.com/maps/search/?api=1&query=%E7%A5%9E%E4%BF%9D%E7%94%BA%20%E9%BB%92%E9%A0%88%20%E6%9D%B1%E4%BA%AC%E9%83%BD%E5%8D%83%E4%BB%A3%E7%94%B0%E5%8C%BA%E7%A5%9E%E7%94%B0%E7%A5%9E%E4%BF%9D%E7%94%BA3-1-19,2021,ラーメン TOKYO,ramen_tokyo,発表日：2021年11月24日
燦燦斗,東京都北区中十条3-16-15,食べログ ラーメン TOKYO 百名店 2021,https://tabelog.com/tokyo/A1323/A132304/13038064/,https://www.google.com/maps/search/?api=1&query=%E7%87%A6%E7%87%A6%E6%96%97%20%E6%9D%B1%E4%BA%AC%E9%83%BD%E5%8C%97%E5%8C%BA%E4%B8%AD%E5%8D%81%E6%9D%A13-16-15,2021,ラーメン TOKYO,ramen_tokyo,発表日：2021年11月24日
中華そば しば田,東京都調布市若葉町2-25-20,食べログ ラーメン TOKYO 百名店 2021,https://tabelog.com/tokyo/A1326/A132601/13162681/,https://www.google.com/maps/search/?api=1&query=%E4%B8%AD%E8%8F%AF%E3%81%9D%E3%81%B0%20%E3%81%97%E3%81%B0%E7%94%B0%20%E6%9D%B1%E4%BA%AC%E9%83%BD%E8%AA%BF%E5%B8%83%E5%B8%82%E8%8B%A5%E8%91%89%E7%94%BA2-25-20,2021,ラーメン TOKYO,ramen_tokyo,発表日：2021年11月24日
中華蕎麦にし乃,東京都文京区本郷3-30-7 熊野ビル B101,食べログ ラーメン TOKYO 百名店 2021,https://tabelog.com/tokyo/A1310/A131004/13218311/,https://www.google.com/maps/search/?api=1&query=%E4%B8%AD%E8%8F%AF%E8%95%8E%E9%BA%A6%E3%81%AB%E3%81%97%E4%B9%83%20%E6%9D%B1%E4%BA%AC%E9%83%BD%E6%96%87%E4%BA%AC%E5%8C%BA%E6%9C%AC%E9%83%B73-30-7%20%E7%86%8A%E9%87%8E%E3%83%93%E3%83%AB%20B101,2021,ラーメン TOKYO,ramen_tokyo,発表日：2021年11月24日
麺や 七彩,東京都中央区八丁堀2-13-2 ドミノビル 1F,食べログ ラーメン TOKYO 百名店 2021,https://tabelog.com/tokyo/A1302/A130203/13184399/,https://www.google.com/maps/search/?api=1&query=%E9%BA%BA%E3%82%84%20%E4%B8%83%E5%BD%A9%20%E6%9D%B1%E4%BA%AC%E9%83%BD%E4%B8%AD%E5%A4%AE%E5%8C%BA%E5%85%AB%E4%B8%81%E5%A0%802-13-2%20%E3%83%89%E3%83%9F%E3%83%8E%E3%83%93%E3%83%AB%201F,2021,ラーメン TOKYO,ramen_tokyo,発表日：2021年11月24日
支那そば たんたん亭,東京都杉並区浜田山3-31-4,食べログ ラーメン TOKYO 百名店 2021,https://tabelog.com/tokyo/A1318/A131805/13000705/,https://www.google.com/maps/search/?api=1&query=%E6%94%AF%E9%82%A3%E3%81%9D%E3%81%B0%20%E3%81%9F%E3%82%93%E3%81%9F%E3%82%93%E4%BA%AD%20%E6%9D%B1%E4%BA%AC%E9%83%BD%E6%9D%89%E4%B8%A6%E5%8C%BA%E6%B5%9C%E7%94%B0%E5%B1%B13-31-4,2021,ラーメン TOKYO,ramen_tokyo,発表日：2021年11月24日
麺処 ほん田 秋葉原本店,東京都千代田区神田花岡町1-19,食べログ ラーメン TOKYO 百名店 2021,https://tabelog.com/tokyo/A1310/A131001/13246285/,https://www.google.com/maps/search/?api=1&query=%E9%BA%BA%E5%87%A6%20%E3%81%BB%E3%82%93%E7%94%B0%20%E7%A7%8B%E8%91%89%E5%8E%9F%E6%9C%AC%E5%BA%97%20%E6%9D%B1%E4%BA%AC%E9%83%BD%E5%8D%83%E4%BB%A3%E7%94%B0%E5%8C%BA%E7%A5%9E%E7%94%B0%E8%8A%B1%E5%B2%A1%E7%94%BA1-19,2021,ラーメン TOKYO,ramen_tokyo,発表日：2021年11月24日
MENクライ,東京都港区芝1-3-4 山谷ビル 1F,食べログ ラーメン TOKYO 百名店 2021,https://tabelog.com/tokyo/A1314/A131401/13255714/,https://www.google.com/maps/search/?api=1&query=MEN%E3%82%AF%E3%83%A9%E3%82%A4%20%E6%9D%B1%E4%BA%AC%E9%83%BD%E6%B8%AF%E5%8C%BA%E8%8A%9D1-3-4%20%E5%B1%B1%E8%B0%B7%E3%83%93%E3%83%AB%201F,2021,ラーメン TOKYO,ramen_tokyo,発表日：2021年11月24日
麺屋吉左右,東京都江東区東陽1-11-3,食べログ ラーメン TOKYO 百名店 2021,https://tabelog.com/tokyo/A1313/A131303/13021140/,https://www.google.com/maps/search/?api=1&query=%E9%BA%BA%E5%B1%8B%E5%90%89%E5%B7%A6%E5%8F%B3%20%E6%9D%B1%E4%BA%AC%E9%83%BD%E6%B1%9F%E6%9D%B1%E5%8C%BA%E6%9D%B1%E9%99%BD1-11-3,2021,ラーメン TOKYO,ramen_tokyo,発表日：2021年11月24日
中華蕎麦 蘭鋳,東京都杉並区堀ノ内2-13-13,食べログ ラーメン TOKYO 百名店 2021,https://tabelog.com/tokyo/A1319/A131903/13113532/,https://www.google.com/maps/search/?api=1&query=%E4%B8%AD%E8%8F%AF%E8%95%8E%E9%BA%A6%20%E8%98%AD%E9%8B%B3%20%E6%9D%B1%E4%BA%AC%E9%83%BD%E6%9D%89%E4%B8%A6%E5%8C%BA%E5%A0%80%E3%83%8E%E5%86%852-13-13,2021,ラーメン TOKYO,ramen_tokyo,発表日：2021年11月24日
中華そば 児ノ木,東京都新宿区上落合1-5-3,食べログ ラーメン TOKYO 百名店 2021,https://tabelog.com/tokyo/A1319/A131901/13154006/,https://www.google.com/maps/search/?api=1&query=%E4%B8%AD%E8%8F%AF%E3%81%9D%E3%81%B0%20%E5%85%90%E3%83%8E%E6%9C%A8%20%E6%9D%B1%E4%BA%AC%E9%83%BD%E6%96%B0%E5%AE%BF%E5%8C%BA%E4%B8%8A%E8%90%BD%E5%90%881-5-3,2021,ラーメン TOKYO,ramen_tokyo,発表日：2021年11月24日
入鹿TOKYO,東京都東久留米市本町1-4-28,食べログ ラーメン TOKYO 百名店 2021,https://tabelog.com/tokyo/A1328/A132802/13234223/,https://www.google.com/maps/search/?api=1&query=%E5%85%A5%E9%B9%BFTOKYO%20%E6%9D%B1%E4%BA%AC%E9%83%BD%E6%9D%B1%E4%B9%85%E7%95%99%E7%B1%B3%E5%B8%82%E6%9C%AC%E7%94%BA1-4-28,2021,ラーメン TOKYO,ramen_tokyo,発表日：2021年11月24日
麺屋 さくら井,東京都武蔵野市西久保2-15-27,食べログ ラーメン TOKYO 百名店 2021,https://tabelog.com/tokyo/A1320/A132002/13202438/,https://www.google.com/maps/search/?api=1&query=%E9%BA%BA%E5%B1%8B%20%E3%81%95%E3%81%8F%E3%82%89%E4%BA%95%20%E6%9D%B1%E4%BA%AC%E9%83%BD%E6%AD%A6%E8%94%B5%E9%87%8E%E5%B8%82%E8%A5%BF%E4%B9%85%E4%BF%9D2-15-27,2021,ラーメン TOKYO,ramen_tokyo,発表日：2021年11月24日
迂直,東京都杉並区天沼3-10-16-102,食べログ ラーメン TOKYO 百名店 2021,https://tabelog.com/tokyo/A1319/A131906/13229952/,https://www.google.com/maps/search/?api=1&query=%E8%BF%82%E7%9B%B4%20%E6%9D%B1%E4%BA%AC%E9%83%BD%E6%9D%89%E4%B8%A6%E5%8C%BA%E5%A4%A9%E6%B2%BC3-10-16-102,2021,ラーメン TOKYO,ramen_tokyo,発表日：2021年11月24日
饗 くろ喜,東京都千代田区神田和泉町2-15 四連ビル3号館　1F,食べログ ラーメン TOKYO 百名店 2021,https://tabelog.com/tokyo/A1310/A131001/13127743/,https://www.google.com/maps/search/?api=1&query=%E9%A5%97%20%E3%81%8F%E3%82%8D%E5%96%9C%20%E6%9D%B1%E4%BA%AC%E9%83%BD%E5%8D%83%E4%BB%A3%E7%94%B0%E5%8C%BA%E7%A5%9E%E7%94%B0%E5%92%8C%E6%B3%89%E7%94%BA2-15%20%E5%9B%9B%E9%80%A3%E3%83%93%E3%83%AB3%E5%8F%B7%E9%A4%A8%E3%80%801F,2021,ラーメン TOKYO,ramen_tokyo,発表日：2021年11月24日
らぁめん小池,東京都世田谷区上北沢4-19-18 上北沢ハイネスコーポ1F,食べログ ラーメン TOKYO 百名店 2021,https://tabelog.com/tokyo/A1318/A131809/13172994/,https://www.google.com/maps/search/?api=1&query=%E3%82%89%E3%81%81%E3%82%81%E3%82%93%E5%B0%8F%E6%B1%A0%20%E6%9D%B1%E4%BA%AC%E9%83%BD%E4%B8%96%E7%94%B0%E8%B0%B7%E5%8C%BA%E4%B8%8A%E5%8C%97%E6%B2%A24-19-18%20%E4%B8%8A%E5%8C%97%E6%B2%A2%E3%83%8F%E3%82%A4%E3%83%8D%E3%82%B9%E3%82%B3%E3%83%BC%E3%83%9D1F,2021,ラーメン TOKYO,ramen_tokyo,発表日：2021年11月24日
SOBA HOUSE 金色不如帰 新宿御苑本店,東京都新宿区新宿2-4-1 第22宮廷マンション 1F,食べログ ラーメン TOKYO 百名店 2021,https://tabelog.com/tokyo/A1304/A130402/13222172/,https://www.google.com/maps/search/?api=1&query=SOBA%20HOUSE%20%E9%87%91%E8%89%B2%E4%B8%8D%E5%A6%82%E5%B8%B0%20%E6%96%B0%E5%AE%BF%E5%BE%A1%E8%8B%91%E6%9C%AC%E5%BA%97%20%E6%9D%B1%E4%BA%AC%E9%83%BD%E6%96%B0%E5%AE%BF%E5%8C%BA%E6%96%B0%E5%AE%BF2-4-1%20%E7%AC%AC22%E5%AE%AE%E5%BB%B7%E3%83%9E%E3%83%B3%E3%82%B7%E3%83%A7%E3%83%B3%201F,2021,ラーメン TOKYO,ramen_tokyo,発表日：2021年11月24日
中華ソバ ビリケン,東京都台東区雷門2-4-1 岡安ビル 1F,食べログ ラーメン TOKYO 百名店 2021,https://tabelog.com/tokyo/A1311/A131102/13235761/,https://www.google.com/maps/search/?api=1&query=%E4%B8%AD%E8%8F%AF%E3%82%BD%E3%83%90%20%E3%83%93%E3%83%AA%E3%82%B1%E3%83%B3%20%E6%9D%B1%E4%BA%AC%E9%83%BD%E5%8F%B0%E6%9D%B1%E5%8C%BA%E9%9B%B7%E9%96%802-4-1%20%E5%B2%A1%E5%AE%89%E3%83%93%E3%83%AB%201F,2021,ラーメン TOKYO,ramen_tokyo,発表日：2021年11月24日
麺処 銀笹,東京都中央区銀座8-15-2 藤ビル 1F,食べログ ラーメン TOKYO 百名店 2021,https://tabelog.com/tokyo/A1301/A130103/13119563/,https://www.google.com/maps/search/?api=1&query=%E9%BA%BA%E5%87%A6%20%E9%8A%80%E7%AC%B9%20%E6%9D%B1%E4%BA%AC%E9%83%BD%E4%B8%AD%E5%A4%AE%E5%8C%BA%E9%8A%80%E5%BA%A78-15-2%20%E8%97%A4%E3%83%93%E3%83%AB%201F,2021,ラーメン TOKYO,ramen_tokyo,発表日：2021年11月24日
メンドコロ キナリ,東京都中野区東中野1-51-4 大総ビル 1F,食べログ ラーメン TOKYO 百名店 2021,https://tabelog.com/tokyo/A1319/A131901/13221001/,https://www.google.com/maps/search/?api=1&query=%E3%83%A1%E3%83%B3%E3%83%89%E3%82%B3%E3%83%AD%20%E3%82%AD%E3%83%8A%E3%83%AA%20%E6%9D%B1%E4%BA%AC%E9%83%BD%E4%B8%AD%E9%87%8E%E5%8C%BA%E6%9D%B1%E4%B8%AD%E9%87%8E1-51-4%20%E5%A4%A7%E7%B7%8F%E3%83%93%E3%83%AB%201F,2021,ラーメン TOKYO,ramen_tokyo,発表日：2021年11月24日
六厘舎 東京駅東京ラーメンストリート,東京都千代田区丸の内1-9-1 東京駅一番街 B1F 東京ラーメンストリート内,食べログ ラーメン TOKYO 百名店 2021,https://tabelog.com/tokyo/A1302/A130201/13093047/,https://www.google.com/maps/search/?api=1&query=%E5%85%AD%E5%8E%98%E8%88%8E%20%E6%9D%B1%E4%BA%AC%E9%A7%85%E6%9D%B1%E4%BA%AC%E3%83%A9%E3%83%BC%E3%83%A1%E3%83%B3%E3%82%B9%E3%83%88%E3%83%AA%E3%83%BC%E3%83%88%20%E6%9D%B1%E4%BA%AC%E9%83%BD%E5%8D%83%E4%BB%A3%E7%94%B0%E5%8C%BA%E4%B8%B8%E3%81%AE%E5%86%851-9-1%20%E6%9D%B1%E4%BA%AC%E9%A7%85%E4%B8%80%E7%95%AA%E8%A1%97%20B1F%20%E6%9D%B1%E4%BA%AC%E3%83%A9%E3%83%BC%E3%83%A1%E3%83%B3%E3%82%B9%E3%83%88%E3%83%AA%E3%83%BC%E3%83%88%E5%86%85,2021,ラーメン TOKYO,ramen_tokyo,発表日：2021年11月24日
麺屋 Hulu-lu,東京都豊島区池袋2-60-7,食べログ ラーメン TOKYO 百名店 2021,https://tabelog.com/tokyo/A1305/A130501/13136428/,https://www.google.com/maps/search/?api=1&query=%E9%BA%BA%E5%B1%8B%20Hulu-lu%20%E6%9D%B1%E4%BA%AC%E9%83%BD%E8%B1%8A%E5%B3%B6%E5%8C%BA%E6%B1%A0%E8%A2%8B2-60-7,2021,ラーメン TOKYO,ramen_tokyo,発表日：2021年11月24日
らーめんMAIKAGURA,東京都世田谷区船橋1-38-4,食べログ ラーメン TOKYO 百名店 2021,https://tabelog.com/tokyo/A1318/A131813/13218425/,https://www.google.com/maps/search/?api=1&query=%E3%82%89%E3%83%BC%E3%82%81%E3%82%93MAIKAGURA%20%E6%9D%B1%E4%BA%AC%E9%83%BD%E4%B8%96%E7%94%B0%E8%B0%B7%E5%8C%BA%E8%88%B9%E6%A9%8B1-38-4,2021,ラーメン TOKYO,ramen_tokyo,発表日：2021年11月24日
自家製中華そば としおか,東京都新宿区弁天町20,食べログ ラーメン TOKYO 百名店 2021,https://tabelog.com/tokyo/A1305/A130504/13182315/,https://www.google.com/maps/search/?api=1&query=%E8%87%AA%E5%AE%B6%E8%A3%BD%E4%B8%AD%E8%8F%AF%E3%81%9D%E3%81%B0%20%E3%81%A8%E3%81%97%E3%81%8A%E3%81%8B%20%E6%9D%B1%E4%BA%AC%E9%83%BD%E6%96%B0%E5%AE%BF%E5%8C%BA%E5%BC%81%E5%A4%A9%E7%94%BA20,2021,ラーメン TOKYO,ramen_tokyo,発表日：2021年11月24日
一番いちばん,東京都町田市中町1-28-24 大成ビル　１Ｆ,食べログ ラーメン TOKYO 百名店 2021,https://tabelog.com/tokyo/A1327/A132701/13001469/,https://www.google.com/maps/search/?api=1&query=%E4%B8%80%E7%95%AA%E3%81%84%E3%81%A1%E3%81%B0%E3%82%93%20%E6%9D%B1%E4%BA%AC%E9%83%BD%E7%94%BA%E7%94%B0%E5%B8%82%E4%B8%AD%E7%94%BA1-28-24%20%E5%A4%A7%E6%88%90%E3%83%93%E3%83%AB%E3%80%80%EF%BC%91%EF%BC%A6,2021,ラーメン TOKYO,ramen_tokyo,発表日：2021年11月24日
ラーメン巌哲,東京都新宿区西早稲田1-10-4,食べログ ラーメン TOKYO 百名店 2021,https://tabelog.com/tokyo/A1305/A130504/13167439/,https://www.google.com/maps/search/?api=1&query=%E3%83%A9%E3%83%BC%E3%83%A1%E3%83%B3%E5%B7%8C%E5%93%B2%20%E6%9D%B1%E4%BA%AC%E9%83%BD%E6%96%B0%E5%AE%BF%E5%8C%BA%E8%A5%BF%E6%97%A9%E7%A8%B2%E7%94%B01-10-4,2021,ラーメン TOKYO,ramen_tokyo,発表日：2021年11月24日
四川担担麺 阿吽 湯島本店,東京都文京区湯島3-25-11,食べログ ラーメン TOKYO 百名店 2021,https://tabelog.com/tokyo/A1311/A131101/13042564/,https://www.google.com/maps/search/?api=1&query=%E5%9B%9B%E5%B7%9D%E6%8B%85%E6%8B%85%E9%BA%BA%20%E9%98%BF%E5%90%BD%20%E6%B9%AF%E5%B3%B6%E6%9C%AC%E5%BA%97%20%E6%9D%B1%E4%BA%AC%E9%83%BD%E6%96%87%E4%BA%AC%E5%8C%BA%E6%B9%AF%E5%B3%B63-25-11,2021,ラーメン TOKYO,ramen_tokyo,発表日：2021年11月24日
中華そば 西川,東京都世田谷区砧2-15-10 メゾンドオーポン 1F,食べログ ラーメン TOKYO 百名店 2021,https://tabelog.com/tokyo/A1318/A131813/13213036/,https://www.google.com/maps/search/?api=1&query=%E4%B8%AD%E8%8F%AF%E3%81%9D%E3%81%B0%20%E8%A5%BF%E5%B7%9D%20%E6%9D%B1%E4%BA%AC%E9%83%BD%E4%B8%96%E7%94%B0%E8%B0%B7%E5%8C%BA%E7%A0%A72-15-10%20%E3%83%A1%E3%82%BE%E3%83%B3%E3%83%89%E3%82%AA%E3%83%BC%E3%83%9D%E3%83%B3%201F,2021,ラーメン TOKYO,ramen_tokyo,発表日：2021年11月24日
濃厚ラーメン かなや,東京都杉並区堀ノ内1-3-13 ライオンズプラザ方南町 1F,食べログ ラーメン TOKYO 百名店 2021,https://tabelog.com/tokyo/A1319/A131903/13218139/,https://www.google.com/maps/search/?api=1&query=%E6%BF%83%E5%8E%9A%E3%83%A9%E3%83%BC%E3%83%A1%E3%83%B3%20%E3%81%8B%E3%81%AA%E3%82%84%20%E6%9D%B1%E4%BA%AC%E9%83%BD%E6%9D%89%E4%B8%A6%E5%8C%BA%E5%A0%80%E3%83%8E%E5%86%851-3-13%20%E3%83%A9%E3%82%A4%E3%82%AA%E3%83%B3%E3%82%BA%E3%83%97%E3%83%A9%E3%82%B6%E6%96%B9%E5%8D%97%E7%94%BA%201F,2021,ラーメン TOKYO,ramen_tokyo,発表日：2021年11月24日
らーめん飛粋,東京都大田区蒲田5-2-5,食べログ ラーメン TOKYO 百名店 2021,https://tabelog.com/tokyo/A1315/A131503/13217922/,https://www.google.com/maps/search/?api=1&query=%E3%82%89%E3%83%BC%E3%82%81%E3%82%93%E9%A3%9B%E7%B2%8B%20%E6%9D%B1%E4%BA%AC%E9%83%BD%E5%A4%A7%E7%94%B0%E5%8C%BA%E8%92%B2%E7%94%B05-2-5,2021,ラーメン TOKYO,ramen_tokyo,発表日：2021年11月24日
麺処 しろくろ,東京都杉並区上高井戸1-1-7,食べログ ラーメン TOKYO 百名店 2021,https://tabelog.com/tokyo/A1318/A131809/13242508/,https://www.google.com/maps/search/?api=1&query=%E9%BA%BA%E5%87%A6%20%E3%81%97%E3%82%8D%E3%81%8F%E3%82%8D%20%E6%9D%B1%E4%BA%AC%E9%83%BD%E6%9D%89%E4%B8%A6%E5%8C%BA%E4%B8%8A%E9%AB%98%E4%BA%95%E6%88%B81-1-7,2021,ラーメン TOKYO,ramen_tokyo,発表日：2021年11月24日
町田汁場 しおらーめん進化 本店,東京都町田市森野3-18-17 ウイング森野 1F,食べログ ラーメン TOKYO 百名店 2021,https://tabelog.com/tokyo/A1327/A132701/13050023/,https://www.google.com/maps/search/?api=1&query=%E7%94%BA%E7%94%B0%E6%B1%81%E5%A0%B4%20%E3%81%97%E3%81%8A%E3%82%89%E3%83%BC%E3%82%81%E3%82%93%E9%80%B2%E5%8C%96%20%E6%9C%AC%E5%BA%97%20%E6%9D%B1%E4%BA%AC%E9%83%BD%E7%94%BA%E7%94%B0%E5%B8%82%E6%A3%AE%E9%87%8E3-18-17%20%E3%82%A6%E3%82%A4%E3%83%B3%E3%82%B0%E6%A3%AE%E9%87%8E%201F,2021,ラーメン TOKYO,ramen_tokyo,発表日：2021年11月24日
麺創庵 砂田,東京都豊島区巣鴨4-24-6 富士ビル,食べログ ラーメン TOKYO 百名店 2021,https://tabelog.com/tokyo/A1322/A132201/13246362/,https://www.google.com/maps/search/?api=1&query=%E9%BA%BA%E5%89%B5%E5%BA%B5%20%E7%A0%82%E7%94%B0%20%E6%9D%B1%E4%BA%AC%E9%83%BD%E8%B1%8A%E5%B3%B6%E5%8C%BA%E5%B7%A3%E9%B4%A84-24-6%20%E5%AF%8C%E5%A3%AB%E3%83%93%E3%83%AB,2021,ラーメン TOKYO,ramen_tokyo,発表日：2021年11月24日
麺屋鈴春,東京都文京区本郷2-26-1 福重ビル 1F,食べログ ラーメン TOKYO 百名店 2021,https://tabelog.com/tokyo/A1310/A131004/13250293/,https://www.google.com/maps/search/?api=1&query=%E9%BA%BA%E5%B1%8B%E9%88%B4%E6%98%A5%20%E6%9D%B1%E4%BA%AC%E9%83%BD%E6%96%87%E4%BA%AC%E5%8C%BA%E6%9C%AC%E9%83%B72-26-1%20%E7%A6%8F%E9%87%8D%E3%83%93%E3%83%AB%201F,2021,ラーメン TOKYO,ramen_tokyo,発表日：2021年11月24日
つけそば 神田 勝本,東京都千代田区神田猿楽町1-2-4,食べログ ラーメン TOKYO 百名店 2021,https://tabelog.com/tokyo/A1310/A131003/13192433/,https://www.google.com/maps/search/?api=1&query=%E3%81%A4%E3%81%91%E3%81%9D%E3%81%B0%20%E7%A5%9E%E7%94%B0%20%E5%8B%9D%E6%9C%AC%20%E6%9D%B1%E4%BA%AC%E9%83%BD%E5%8D%83%E4%BB%A3%E7%94%B0%E5%8C%BA%E7%A5%9E%E7%94%B0%E7%8C%BF%E6%A5%BD%E7%94%BA1-2-4,2021,ラーメン TOKYO,ramen_tokyo,発表日：2021年11月24日
はつね,東京都杉並区西荻南3-11-9,食べログ ラーメン TOKYO 百名店 2021,https://tabelog.com/tokyo/A1319/A131907/13000717/,https://www.google.com/maps/search/?api=1&query=%E3%81%AF%E3%81%A4%E3%81%AD%20%E6%9D%B1%E4%BA%AC%E9%83%BD%E6%9D%89%E4%B8%A6%E5%8C%BA%E8%A5%BF%E8%8D%BB%E5%8D%973-11-9,2021,ラーメン TOKYO,ramen_tokyo,発表日：2021年11月24日
らぁめん 葉月,東京都大田区雪谷大塚町11-8,食べログ ラーメン TOKYO 百名店 2021,https://tabelog.com/tokyo/A1317/A131714/13008248/,https://www.google.com/maps/search/?api=1&query=%E3%82%89%E3%81%81%E3%82%81%E3%82%93%20%E8%91%89%E6%9C%88%20%E6%9D%B1%E4%BA%AC%E9%83%BD%E5%A4%A7%E7%94%B0%E5%8C%BA%E9%9B%AA%E8%B0%B7%E5%A4%A7%E5%A1%9A%E7%94%BA11-8,2021,ラーメン TOKYO,ramen_tokyo,発表日：2021年11月24日
麺処 晴,東京都台東区下谷1-11-7,食べログ ラーメン TOKYO 百名店 2021,https://tabelog.com/tokyo/A1311/A131104/13143115/,https://www.google.com/maps/search/?api=1&query=%E9%BA%BA%E5%87%A6%20%E6%99%B4%20%E6%9D%B1%E4%BA%AC%E9%83%BD%E5%8F%B0%E6%9D%B1%E5%8C%BA%E4%B8%8B%E8%B0%B71-11-7,2021,ラーメン TOKYO,ramen_tokyo,発表日：2021年11月24日
らぁめん 山と樹,東京都杉並区高円寺南5-21-7 高円寺マンション 107,食べログ ラーメン TOKYO 百名店 2021,https://tabelog.com/tokyo/A1319/A131904/13204607/,https://www.google.com/maps/search/?api=1&query=%E3%82%89%E3%81%81%E3%82%81%E3%82%93%20%E5%B1%B1%E3%81%A8%E6%A8%B9%20%E6%9D%B1%E4%BA%AC%E9%83%BD%E6%9D%89%E4%B8%A6%E5%8C%BA%E9%AB%98%E5%86%86%E5%AF%BA%E5%8D%975-21-7%20%E9%AB%98%E5%86%86%E5%AF%BA%E3%83%9E%E3%83%B3%E3%82%B7%E3%83%A7%E3%83%B3%20107,2021,ラーメン TOKYO,ramen_tokyo,発表日：2021年11月24日
らぁ麺や 嶋,東京都渋谷区本町3-41-12,食べログ ラーメン TOKYO 百名店 2021,https://tabelog.com/tokyo/A1304/A130401/13247487/,https://www.google.com/maps/search/?api=1&query=%E3%82%89%E3%81%81%E9%BA%BA%E3%82%84%20%E5%B6%8B%20%E6%9D%B1%E4%BA%AC%E9%83%BD%E6%B8%8B%E8%B0%B7%E5%8C%BA%E6%9C%AC%E7%94%BA3-41-12,2021,ラーメン TOKYO,ramen_tokyo,発表日：2021年11月24日
寿製麺 よしかわ 西台駅前店,東京都板橋区蓮根3-8-14,食べログ ラーメン TOKYO 百名店 2021,https://tabelog.com/tokyo/A1322/A132205/13228611/,https://www.google.com/maps/search/?api=1&query=%E5%AF%BF%E8%A3%BD%E9%BA%BA%20%E3%82%88%E3%81%97%E3%81%8B%E3%82%8F%20%E8%A5%BF%E5%8F%B0%E9%A7%85%E5%89%8D%E5%BA%97%20%E6%9D%B1%E4%BA%AC%E9%83%BD%E6%9D%BF%E6%A9%8B%E5%8C%BA%E8%93%AE%E6%A0%B93-8-14,2021,ラーメン TOKYO,ramen_tokyo,発表日：2021年11月24日
ラーメン大至,東京都文京区湯島2-1-2 佐藤ビル 1F,食べログ ラーメン TOKYO 百名店 2021,https://tabelog.com/tokyo/A1310/A131002/13042832/,https://www.google.com/maps/search/?api=1&query=%E3%83%A9%E3%83%BC%E3%83%A1%E3%83%B3%E5%A4%A7%E8%87%B3%20%E6%9D%B1%E4%BA%AC%E9%83%BD%E6%96%87%E4%BA%AC%E5%8C%BA%E6%B9%AF%E5%B3%B62-1-2%20%E4%BD%90%E8%97%A4%E3%83%93%E3%83%AB%201F,2021,ラーメン TOKYO,ramen_tokyo,発表日：2021年11月24日
中華蕎麦 ひら井,東京都府中市栄町2-11-7,食べログ ラーメン TOKYO 百名店 2021,https://tabelog.com/tokyo/A1326/A132602/13259078/,https://www.google.com/maps/search/?api=1&query=%E4%B8%AD%E8%8F%AF%E8%95%8E%E9%BA%A6%20%E3%81%B2%E3%82%89%E4%BA%95%20%E6%9D%B1%E4%BA%AC%E9%83%BD%E5%BA%9C%E4%B8%AD%E5%B8%82%E6%A0%84%E7%94%BA2-11-7,2021,ラーメン TOKYO,ramen_tokyo,発表日：2021年11月24日
創作麺工房 鳴龍,東京都豊島区南大塚2-34-4 SKY南大塚 1F,食べログ ラーメン TOKYO 百名店 2021,https://tabelog.com/tokyo/A1323/A132302/13141302/,https://www.google.com/maps/search/?api=1&query=%E5%89%B5%E4%BD%9C%E9%BA%BA%E5%B7%A5%E6%88%BF%20%E9%B3%B4%E9%BE%8D%20%E6%9D%B1%E4%BA%AC%E9%83%BD%E8%B1%8A%E5%B3%B6%E5%8C%BA%E5%8D%97%E5%A4%A7%E5%A1%9A2-34-4%20SKY%E5%8D%97%E5%A4%A7%E5%A1%9A%201F,2021,ラーメン TOKYO,ramen_tokyo,発表日：2021年11月24日
中華そば 多賀野,東京都品川区中延2-15-10,食べログ ラーメン TOKYO 百名店 2021,https://tabelog.com/tokyo/A1317/A131712/13003421/,https://www.google.com/maps/search/?api=1&query=%E4%B8%AD%E8%8F%AF%E3%81%9D%E3%81%B0%20%E5%A4%9A%E8%B3%80%E9%87%8E%20%E6%9D%B1%E4%BA%AC%E9%83%BD%E5%93%81%E5%B7%9D%E5%8C%BA%E4%B8%AD%E5%BB%B62-15-10,2021,ラーメン TOKYO,ramen_tokyo,発表日：2021年11月24日
鮨　恵三,群馬県館林市緑町1-12-10,食べログ 寿司 EAST 百名店 2021,https://tabelog.com/gunma/A1002/A100204/10005841/,https://www.google.com/maps/search/?api=1&query=%E9%AE%A8%E3%80%80%E6%81%B5%E4%B8%89%20%E7%BE%A4%E9%A6%AC%E7%9C%8C%E9%A4%A8%E6%9E%97%E5%B8%82%E7%B7%91%E7%94%BA1-12-10,2021,寿司 EAST,sushi_east,発表日：2021年6月3日
あじわい回転寿司 禅,神奈川県小田原市東町2-1-29,食べログ 寿司 EAST 百名店 2021,https://tabelog.com/kanagawa/A1409/A140901/14030491/,https://www.google.com/maps/search/?api=1&query=%E3%81%82%E3%81%98%E3%82%8F%E3%81%84%E5%9B%9E%E8%BB%A2%E5%AF%BF%E5%8F%B8%20%E7%A6%85%20%E7%A5%9E%E5%A5%88%E5%B7%9D%E7%9C%8C%E5%B0%8F%E7%94%B0%E5%8E%9F%E5%B8%82%E6%9D%B1%E7%94%BA2-1-29,2021,寿司 EAST,sushi_east,発表日：2021年6月3日
天史朗鮨,神奈川県小田原市城山1-6-80,食べログ 寿司 EAST 百名店 2021,https://tabelog.com/kanagawa/A1409/A140901/14001483/,https://www.google.com/maps/search/?api=1&query=%E5%A4%A9%E5%8F%B2%E6%9C%97%E9%AE%A8%20%E7%A5%9E%E5%A5%88%E5%B7%9D%E7%9C%8C%E5%B0%8F%E7%94%B0%E5%8E%9F%E5%B8%82%E5%9F%8E%E5%B1%B11-6-80,2021,寿司 EAST,sushi_east,発表日：2021年6月3日
鮨 おとわ,神奈川県横浜市青葉区奈良3-11-1,食べログ 寿司 EAST 百名店 2021,https://tabelog.com/kanagawa/A1401/A140202/14042983/,https://www.google.com/maps/search/?api=1&query=%E9%AE%A8%20%E3%81%8A%E3%81%A8%E3%82%8F%20%E7%A5%9E%E5%A5%88%E5%B7%9D%E7%9C%8C%E6%A8%AA%E6%B5%9C%E5%B8%82%E9%9D%92%E8%91%89%E5%8C%BA%E5%A5%88%E8%89%AF3-11-1,2021,寿司 EAST,sushi_east,発表日：2021年6月3日
三笠鮨,埼玉県北葛飾郡松伏町松伏4699-1,食べログ 寿司 EAST 百名店 2021,https://tabelog.com/saitama/A1102/A110203/11011507/,https://www.google.com/maps/search/?api=1&query=%E4%B8%89%E7%AC%A0%E9%AE%A8%20%E5%9F%BC%E7%8E%89%E7%9C%8C%E5%8C%97%E8%91%9B%E9%A3%BE%E9%83%A1%E6%9D%BE%E4%BC%8F%E7%94%BA%E6%9D%BE%E4%BC%8F4699-1,2021,寿司 EAST,sushi_east,発表日：2021年6月3日
鮨おばな,群馬県館林市大手町5-1,食べログ 寿司 EAST 百名店 2021,https://tabelog.com/gunma/A1002/A100204/10002097/,https://www.google.com/maps/search/?api=1&query=%E9%AE%A8%E3%81%8A%E3%81%B0%E3%81%AA%20%E7%BE%A4%E9%A6%AC%E7%9C%8C%E9%A4%A8%E6%9E%97%E5%B8%82%E5%A4%A7%E6%89%8B%E7%94%BA5-1,2021,寿司 EAST,sushi_east,発表日：2021年6月3日
廻転寿司 海鮮,神奈川県三浦市南下浦町上宮田3372-18,食べログ 寿司 EAST 百名店 2021,https://tabelog.com/kanagawa/A1406/A140603/14002771/,https://www.google.com/maps/search/?api=1&query=%E5%BB%BB%E8%BB%A2%E5%AF%BF%E5%8F%B8%20%E6%B5%B7%E9%AE%AE%20%E7%A5%9E%E5%A5%88%E5%B7%9D%E7%9C%8C%E4%B8%89%E6%B5%A6%E5%B8%82%E5%8D%97%E4%B8%8B%E6%B5%A6%E7%94%BA%E4%B8%8A%E5%AE%AE%E7%94%B03372-18,2021,寿司 EAST,sushi_east,発表日：2021年6月3日
弥助鮨,埼玉県本庄市銀座2-1-8,食べログ 寿司 EAST 百名店 2021,https://tabelog.com/saitama/A1105/A110504/11011927/,https://www.google.com/maps/search/?api=1&query=%E5%BC%A5%E5%8A%A9%E9%AE%A8%20%E5%9F%BC%E7%8E%89%E7%9C%8C%E6%9C%AC%E5%BA%84%E5%B8%82%E9%8A%80%E5%BA%A72-1-8,2021,寿司 EAST,sushi_east,発表日：2021年6月3日
たかおか,千葉県千葉市中央区登戸1-7-6 アイシンビル 1F,食べログ 寿司 EAST 百名店 2021,https://tabelog.com/chiba/A1201/A120101/12032785/,https://www.google.com/maps/search/?api=1&query=%E3%81%9F%E3%81%8B%E3%81%8A%E3%81%8B%20%E5%8D%83%E8%91%89%E7%9C%8C%E5%8D%83%E8%91%89%E5%B8%82%E4%B8%AD%E5%A4%AE%E5%8C%BA%E7%99%BB%E6%88%B81-7-6%20%E3%82%A2%E3%82%A4%E3%82%B7%E3%83%B3%E3%83%93%E3%83%AB%201F,2021,寿司 EAST,sushi_east,発表日：2021年6月3日
鮨富,神奈川県藤沢市鵠沼石上1-7-1,食べログ 寿司 EAST 百名店 2021,https://tabelog.com/kanagawa/A1404/A140404/14001699/,https://www.google.com/maps/search/?api=1&query=%E9%AE%A8%E5%AF%8C%20%E7%A5%9E%E5%A5%88%E5%B7%9D%E7%9C%8C%E8%97%A4%E6%B2%A2%E5%B8%82%E9%B5%A0%E6%B2%BC%E7%9F%B3%E4%B8%8A1-7-1,2021,寿司 EAST,sushi_east,発表日：2021年6月3日
よし佳,埼玉県さいたま市浦和区東仲町28-23,食べログ 寿司 EAST 百名店 2021,https://tabelog.com/saitama/A1101/A110102/11000007/,https://www.google.com/maps/search/?api=1&query=%E3%82%88%E3%81%97%E4%BD%B3%20%E5%9F%BC%E7%8E%89%E7%9C%8C%E3%81%95%E3%81%84%E3%81%9F%E3%81%BE%E5%B8%82%E6%B5%A6%E5%92%8C%E5%8C%BA%E6%9D%B1%E4%BB%B2%E7%94%BA28-23,2021,寿司 EAST,sushi_east,発表日：2021年6月3日
鮨裕,神奈川県茅ヶ崎市中海岸1-2-33,食べログ 寿司 EAST 百名店 2021,https://tabelog.com/kanagawa/A1404/A140406/14036846/,https://www.google.com/maps/search/?api=1&query=%E9%AE%A8%E8%A3%95%20%E7%A5%9E%E5%A5%88%E5%B7%9D%E7%9C%8C%E8%8C%85%E3%83%B6%E5%B4%8E%E5%B8%82%E4%B8%AD%E6%B5%B7%E5%B2%B81-2-33,2021,寿司 EAST,sushi_east,発表日：2021年6月3日
鮨はま田,神奈川県横浜市中区太田町2-21-2 新関内ビル 1F,食べログ 寿司 EAST 百名店 2021,https://tabelog.com/kanagawa/A1401/A140104/14001694/,https://www.google.com/maps/search/?api=1&query=%E9%AE%A8%E3%81%AF%E3%81%BE%E7%94%B0%20%E7%A5%9E%E5%A5%88%E5%B7%9D%E7%9C%8C%E6%A8%AA%E6%B5%9C%E5%B8%82%E4%B8%AD%E5%8C%BA%E5%A4%AA%E7%94%B0%E7%94%BA2-21-2%20%E6%96%B0%E9%96%A2%E5%86%85%E3%83%93%E3%83%AB%201F,2021,寿司 EAST,sushi_east,発表日：2021年6月3日
豊鮨,埼玉県さいたま市大宮区桜木町1-4-3 いちまるきゅうビル 2F,食べログ 寿司 EAST 百名店 2021,https://tabelog.com/saitama/A1101/A110101/11003484/,https://www.google.com/maps/search/?api=1&query=%E8%B1%8A%E9%AE%A8%20%E5%9F%BC%E7%8E%89%E7%9C%8C%E3%81%95%E3%81%84%E3%81%9F%E3%81%BE%E5%B8%82%E5%A4%A7%E5%AE%AE%E5%8C%BA%E6%A1%9C%E6%9C%A8%E7%94%BA1-4-3%20%E3%81%84%E3%81%A1%E3%81%BE%E3%82%8B%E3%81%8D%E3%82%85%E3%81%86%E3%83%93%E3%83%AB%202F,2021,寿司 EAST,sushi_east,発表日：2021年6月3日
鮨 猪股,埼玉県川口市幸町1-12-23 サンリーブ幸町コートハウス,食べログ 寿司 EAST 百名店 2021,https://tabelog.com/saitama/A1102/A110201/11036797/,https://www.google.com/maps/search/?api=1&query=%E9%AE%A8%20%E7%8C%AA%E8%82%A1%20%E5%9F%BC%E7%8E%89%E7%9C%8C%E5%B7%9D%E5%8F%A3%E5%B8%82%E5%B9%B8%E7%94%BA1-12-23%20%E3%82%B5%E3%83%B3%E3%83%AA%E3%83%BC%E3%83%96%E5%B9%B8%E7%94%BA%E3%82%B3%E3%83%BC%E3%83%88%E3%83%8F%E3%82%A6%E3%82%B9,2021,寿司 EAST,sushi_east,発表日：2021年6月3日
鎌倉 以ず美 鎌倉店,神奈川県鎌倉市長谷2-17-18,食べログ 寿司 EAST 百名店 2021,https://tabelog.com/kanagawa/A1404/A140402/14000211/,https://www.google.com/maps/search/?api=1&query=%E9%8E%8C%E5%80%89%20%E4%BB%A5%E3%81%9A%E7%BE%8E%20%E9%8E%8C%E5%80%89%E5%BA%97%20%E7%A5%9E%E5%A5%88%E5%B7%9D%E7%9C%8C%E9%8E%8C%E5%80%89%E5%B8%82%E9%95%B7%E8%B0%B72-17-18,2021,寿司 EAST,sushi_east,発表日：2021年6月3日
なか條,神奈川県横浜市中区住吉町3-29 関内住吉ビル　1F,食べログ 寿司 EAST 百名店 2021,https://tabelog.com/kanagawa/A1401/A140104/14065294/,https://www.google.com/maps/search/?api=1&query=%E3%81%AA%E3%81%8B%E6%A2%9D%20%E7%A5%9E%E5%A5%88%E5%B7%9D%E7%9C%8C%E6%A8%AA%E6%B5%9C%E5%B8%82%E4%B8%AD%E5%8C%BA%E4%BD%8F%E5%90%89%E7%94%BA3-29%20%E9%96%A2%E5%86%85%E4%BD%8F%E5%90%89%E3%83%93%E3%83%AB%E3%80%801F,2021,寿司 EAST,sushi_east,発表日：2021年6月3日
寿司栄,千葉県千葉市中央区道場北2-3-8,食べログ 寿司 EAST 百名店 2021,https://tabelog.com/chiba/A1201/A120101/12019424/,https://www.google.com/maps/search/?api=1&query=%E5%AF%BF%E5%8F%B8%E6%A0%84%20%E5%8D%83%E8%91%89%E7%9C%8C%E5%8D%83%E8%91%89%E5%B8%82%E4%B8%AD%E5%A4%AE%E5%8C%BA%E9%81%93%E5%A0%B4%E5%8C%972-3-8,2021,寿司 EAST,sushi_east,発表日：2021年6月3日
和さび,神奈川県鎌倉市浄明寺2-2-1,食べログ 寿司 EAST 百名店 2021,https://tabelog.com/kanagawa/A1404/A140402/14001669/,https://www.google.com/maps/search/?api=1&query=%E5%92%8C%E3%81%95%E3%81%B3%20%E7%A5%9E%E5%A5%88%E5%B7%9D%E7%9C%8C%E9%8E%8C%E5%80%89%E5%B8%82%E6%B5%84%E6%98%8E%E5%AF%BA2-2-1,2021,寿司 EAST,sushi_east,発表日：2021年6月3日
冨所,東京都港区新橋6-13-3 1F,食べログ 寿司 TOKYO 百名店 2021,https://tabelog.com/tokyo/A1314/A131401/13223846/,https://www.google.com/maps/search/?api=1&query=%E5%86%A8%E6%89%80%20%E6%9D%B1%E4%BA%AC%E9%83%BD%E6%B8%AF%E5%8C%BA%E6%96%B0%E6%A9%8B6-13-3%201F,2021,寿司 TOKYO,sushi_tokyo,発表日：2021年6月3日
ほかけ,東京都中央区銀座4-10-6 銀料ビル　１Ｆ,食べログ 寿司 TOKYO 百名店 2021,https://tabelog.com/tokyo/A1301/A130101/13002472/,https://www.google.com/maps/search/?api=1&query=%E3%81%BB%E3%81%8B%E3%81%91%20%E6%9D%B1%E4%BA%AC%E9%83%BD%E4%B8%AD%E5%A4%AE%E5%8C%BA%E9%8A%80%E5%BA%A74-10-6%20%E9%8A%80%E6%96%99%E3%83%93%E3%83%AB%E3%80%80%EF%BC%91%EF%BC%A6,2021,寿司 TOKYO,sushi_tokyo,発表日：2021年6月3日
鮨 利﨑 渋谷,東京都渋谷区神山町8-2,食べログ 寿司 TOKYO 百名店 2021,https://tabelog.com/tokyo/A1303/A130301/13235258/,https://www.google.com/maps/search/?api=1&query=%E9%AE%A8%20%E5%88%A9%EF%A8%91%20%E6%B8%8B%E8%B0%B7%20%E6%9D%B1%E4%BA%AC%E9%83%BD%E6%B8%8B%E8%B0%B7%E5%8C%BA%E7%A5%9E%E5%B1%B1%E7%94%BA8-2,2021,寿司 TOKYO,sushi_tokyo,発表日：2021年6月3日
鮨 石島,東京都中央区銀座1-24-3,食べログ 寿司 TOKYO 百名店 2021,https://tabelog.com/tokyo/A1313/A131301/13113849/,https://www.google.com/maps/search/?api=1&query=%E9%AE%A8%20%E7%9F%B3%E5%B3%B6%20%E6%9D%B1%E4%BA%AC%E9%83%BD%E4%B8%AD%E5%A4%AE%E5%8C%BA%E9%8A%80%E5%BA%A71-24-3,2021,寿司 TOKYO,sushi_tokyo,発表日：2021年6月3日
波濤,東京都新宿区神楽坂5-7,食べログ 寿司 TOKYO 百名店 2021,https://tabelog.com/tokyo/A1309/A130905/13245540/,https://www.google.com/maps/search/?api=1&query=%E6%B3%A2%E6%BF%A4%20%E6%9D%B1%E4%BA%AC%E9%83%BD%E6%96%B0%E5%AE%BF%E5%8C%BA%E7%A5%9E%E6%A5%BD%E5%9D%825-7,2021,寿司 TOKYO,sushi_tokyo,発表日：2021年6月3日
島津,東京都港区白金1-29-13 白金ヴィレッジ 1F,食べログ 寿司 TOKYO 百名店 2021,https://tabelog.com/tokyo/A1316/A131602/13252991/,https://www.google.com/maps/search/?api=1&query=%E5%B3%B6%E6%B4%A5%20%E6%9D%B1%E4%BA%AC%E9%83%BD%E6%B8%AF%E5%8C%BA%E7%99%BD%E9%87%911-29-13%20%E7%99%BD%E9%87%91%E3%83%B4%E3%82%A3%E3%83%AC%E3%83%83%E3%82%B8%201F,2021,寿司 TOKYO,sushi_tokyo,発表日：2021年6月3日
弁天山美家古寿司,東京都台東区浅草2-1-16,食べログ 寿司 TOKYO 百名店 2021,https://tabelog.com/tokyo/A1311/A131102/13003694/,https://www.google.com/maps/search/?api=1&query=%E5%BC%81%E5%A4%A9%E5%B1%B1%E7%BE%8E%E5%AE%B6%E5%8F%A4%E5%AF%BF%E5%8F%B8%20%E6%9D%B1%E4%BA%AC%E9%83%BD%E5%8F%B0%E6%9D%B1%E5%8C%BA%E6%B5%85%E8%8D%892-1-16,2021,寿司 TOKYO,sushi_tokyo,発表日：2021年6月3日
さわ田,東京都中央区銀座5-9-19 ＭＣビル3Ｆ,食べログ 寿司 TOKYO 百名店 2021,https://tabelog.com/tokyo/A1301/A130101/13001043/,https://www.google.com/maps/search/?api=1&query=%E3%81%95%E3%82%8F%E7%94%B0%20%E6%9D%B1%E4%BA%AC%E9%83%BD%E4%B8%AD%E5%A4%AE%E5%8C%BA%E9%8A%80%E5%BA%A75-9-19%20%EF%BC%AD%EF%BC%A3%E3%83%93%E3%83%AB3%EF%BC%A6,2021,寿司 TOKYO,sushi_tokyo,発表日：2021年6月3日
いちかわ,東京都港区南麻布2-10-13 OJハウス 101,食べログ 寿司 TOKYO 百名店 2021,https://tabelog.com/tokyo/A1316/A131602/13210722/,https://www.google.com/maps/search/?api=1&query=%E3%81%84%E3%81%A1%E3%81%8B%E3%82%8F%20%E6%9D%B1%E4%BA%AC%E9%83%BD%E6%B8%AF%E5%8C%BA%E5%8D%97%E9%BA%BB%E5%B8%832-10-13%20OJ%E3%83%8F%E3%82%A6%E3%82%B9%20101,2021,寿司 TOKYO,sushi_tokyo,発表日：2021年6月3日
鮓 ふじなが,東京都港区麻布十番2-9-5,食べログ 寿司 TOKYO 百名店 2021,https://tabelog.com/tokyo/A1307/A130702/13209440/,https://www.google.com/maps/search/?api=1&query=%E9%AE%93%20%E3%81%B5%E3%81%98%E3%81%AA%E3%81%8C%20%E6%9D%B1%E4%BA%AC%E9%83%BD%E6%B8%AF%E5%8C%BA%E9%BA%BB%E5%B8%83%E5%8D%81%E7%95%AA2-9-5,2021,寿司 TOKYO,sushi_tokyo,発表日：2021年6月3日
すし 良月,東京都渋谷区恵比寿2-37-8 グランデュオ広尾 1F,食べログ 寿司 TOKYO 百名店 2021,https://tabelog.com/tokyo/A1303/A130302/13241432/,https://www.google.com/maps/search/?api=1&query=%E3%81%99%E3%81%97%20%E8%89%AF%E6%9C%88%20%E6%9D%B1%E4%BA%AC%E9%83%BD%E6%B8%8B%E8%B0%B7%E5%8C%BA%E6%81%B5%E6%AF%94%E5%AF%BF2-37-8%20%E3%82%B0%E3%83%A9%E3%83%B3%E3%83%87%E3%83%A5%E3%82%AA%E5%BA%83%E5%B0%BE%201F,2021,寿司 TOKYO,sushi_tokyo,発表日：2021年6月3日
高柿の鮨,東京都中央区日本橋蛎殻町1-30-2,食べログ 寿司 TOKYO 百名店 2021,https://tabelog.com/tokyo/A1302/A130204/13231297/,https://www.google.com/maps/search/?api=1&query=%E9%AB%98%E6%9F%BF%E3%81%AE%E9%AE%A8%20%E6%9D%B1%E4%BA%AC%E9%83%BD%E4%B8%AD%E5%A4%AE%E5%8C%BA%E6%97%A5%E6%9C%AC%E6%A9%8B%E8%9B%8E%E6%AE%BB%E7%94%BA1-30-2,2021,寿司 TOKYO,sushi_tokyo,発表日：2021年6月3日
海味,東京都港区南青山3-2-8 三南ビル　１Ｆ,食べログ 寿司 TOKYO 百名店 2021,https://tabelog.com/tokyo/A1306/A130603/13001179/,https://www.google.com/maps/search/?api=1&query=%E6%B5%B7%E5%91%B3%20%E6%9D%B1%E4%BA%AC%E9%83%BD%E6%B8%AF%E5%8C%BA%E5%8D%97%E9%9D%92%E5%B1%B13-2-8%20%E4%B8%89%E5%8D%97%E3%83%93%E3%83%AB%E3%80%80%EF%BC%91%EF%BC%A6,2021,寿司 TOKYO,sushi_tokyo,発表日：2021年6月3日
まんてん鮨 日本橋,東京都中央区日本橋室町2-3-1 コレド室町2　1F,食べログ 寿司 TOKYO 百名店 2021,https://tabelog.com/tokyo/A1302/A130202/13166422/,https://www.google.com/maps/search/?api=1&query=%E3%81%BE%E3%82%93%E3%81%A6%E3%82%93%E9%AE%A8%20%E6%97%A5%E6%9C%AC%E6%A9%8B%20%E6%9D%B1%E4%BA%AC%E9%83%BD%E4%B8%AD%E5%A4%AE%E5%8C%BA%E6%97%A5%E6%9C%AC%E6%A9%8B%E5%AE%A4%E7%94%BA2-3-1%20%E3%82%B3%E3%83%AC%E3%83%89%E5%AE%A4%E7%94%BA2%E3%80%801F,2021,寿司 TOKYO,sushi_tokyo,発表日：2021年6月3日
築地すし大 本館,東京都中央区築地6-21-2,食べログ 寿司 TOKYO 百名店 2021,https://tabelog.com/tokyo/A1313/A131301/13002314/,https://www.google.com/maps/search/?api=1&query=%E7%AF%89%E5%9C%B0%E3%81%99%E3%81%97%E5%A4%A7%20%E6%9C%AC%E9%A4%A8%20%E6%9D%B1%E4%BA%AC%E9%83%BD%E4%B8%AD%E5%A4%AE%E5%8C%BA%E7%AF%89%E5%9C%B06-21-2,2021,寿司 TOKYO,sushi_tokyo,発表日：2021年6月3日
銀座 久兵衛 銀座本店,東京都中央区銀座8-7-6,食べログ 寿司 TOKYO 百名店 2021,https://tabelog.com/tokyo/A1301/A130103/13002611/,https://www.google.com/maps/search/?api=1&query=%E9%8A%80%E5%BA%A7%20%E4%B9%85%E5%85%B5%E8%A1%9B%20%E9%8A%80%E5%BA%A7%E6%9C%AC%E5%BA%97%20%E6%9D%B1%E4%BA%AC%E9%83%BD%E4%B8%AD%E5%A4%AE%E5%8C%BA%E9%8A%80%E5%BA%A78-7-6,2021,寿司 TOKYO,sushi_tokyo,発表日：2021年6月3日
鮨　銀座　鰤門,東京都中央区銀座5-5-13 坂口ビル　６Ｆ,食べログ 寿司 TOKYO 百名店 2021,https://tabelog.com/tokyo/A1301/A130101/13004881/,https://www.google.com/maps/search/?api=1&query=%E9%AE%A8%E3%80%80%E9%8A%80%E5%BA%A7%E3%80%80%E9%B0%A4%E9%96%80%20%E6%9D%B1%E4%BA%AC%E9%83%BD%E4%B8%AD%E5%A4%AE%E5%8C%BA%E9%8A%80%E5%BA%A75-5-13%20%E5%9D%82%E5%8F%A3%E3%83%93%E3%83%AB%E3%80%80%EF%BC%96%EF%BC%A6,2021,寿司 TOKYO,sushi_tokyo,発表日：2021年6月3日
すきやばし 次郎 六本木ヒルズ店,東京都港区六本木6-12-2 レジデンスB棟 3F,食べログ 寿司 TOKYO 百名店 2021,https://tabelog.com/tokyo/A1307/A130701/13004426/,https://www.google.com/maps/search/?api=1&query=%E3%81%99%E3%81%8D%E3%82%84%E3%81%B0%E3%81%97%20%E6%AC%A1%E9%83%8E%20%E5%85%AD%E6%9C%AC%E6%9C%A8%E3%83%92%E3%83%AB%E3%82%BA%E5%BA%97%20%E6%9D%B1%E4%BA%AC%E9%83%BD%E6%B8%AF%E5%8C%BA%E5%85%AD%E6%9C%AC%E6%9C%A86-12-2%20%E3%83%AC%E3%82%B8%E3%83%87%E3%83%B3%E3%82%B9B%E6%A3%9F%203F,2021,寿司 TOKYO,sushi_tokyo,発表日：2021年6月3日
不動前 すし 岩澤,東京都品川区西五反田5-6-11 NSVビル 1F,食べログ 寿司 TOKYO 百名店 2021,https://tabelog.com/tokyo/A1317/A131710/13193460/,https://www.google.com/maps/search/?api=1&query=%E4%B8%8D%E5%8B%95%E5%89%8D%20%E3%81%99%E3%81%97%20%E5%B2%A9%E6%BE%A4%20%E6%9D%B1%E4%BA%AC%E9%83%BD%E5%93%81%E5%B7%9D%E5%8C%BA%E8%A5%BF%E4%BA%94%E5%8F%8D%E7%94%B05-6-11%20NSV%E3%83%93%E3%83%AB%201F,2021,寿司 TOKYO,sushi_tokyo,発表日：2021年6月3日
匠 誠,東京都新宿区新宿4-1-9 新宿ユースビル「PAX」 6F,食べログ 寿司 TOKYO 百名店 2021,https://tabelog.com/tokyo/A1304/A130401/13205213/,https://www.google.com/maps/search/?api=1&query=%E5%8C%A0%20%E8%AA%A0%20%E6%9D%B1%E4%BA%AC%E9%83%BD%E6%96%B0%E5%AE%BF%E5%8C%BA%E6%96%B0%E5%AE%BF4-1-9%20%E6%96%B0%E5%AE%BF%E3%83%A6%E3%83%BC%E3%82%B9%E3%83%93%E3%83%AB%E3%80%8CPAX%E3%80%8D%206F,2021,寿司 TOKYO,sushi_tokyo,発表日：2021年6月3日
新ばし しみづ,東京都港区新橋2-15-10,食べログ 寿司 TOKYO 百名店 2021,https://tabelog.com/tokyo/A1301/A130103/13002892/,https://www.google.com/maps/search/?api=1&query=%E6%96%B0%E3%81%B0%E3%81%97%20%E3%81%97%E3%81%BF%E3%81%A5%20%E6%9D%B1%E4%BA%AC%E9%83%BD%E6%B8%AF%E5%8C%BA%E6%96%B0%E6%A9%8B2-15-10,2021,寿司 TOKYO,sushi_tokyo,発表日：2021年6月3日
すし処 宮葉,東京都港区浜松町2-11-8,食べログ 寿司 TOKYO 百名店 2021,https://tabelog.com/tokyo/A1314/A131401/13019499/,https://www.google.com/maps/search/?api=1&query=%E3%81%99%E3%81%97%E5%87%A6%20%E5%AE%AE%E8%91%89%20%E6%9D%B1%E4%BA%AC%E9%83%BD%E6%B8%AF%E5%8C%BA%E6%B5%9C%E6%9D%BE%E7%94%BA2-11-8,2021,寿司 TOKYO,sushi_tokyo,発表日：2021年6月3日
江戸前鮓 すし通,東京都港区西麻布3-1-15 RFビルB1F,食べログ 寿司 TOKYO 百名店 2021,https://tabelog.com/tokyo/A1307/A130701/13061640/,https://www.google.com/maps/search/?api=1&query=%E6%B1%9F%E6%88%B8%E5%89%8D%E9%AE%93%20%E3%81%99%E3%81%97%E9%80%9A%20%E6%9D%B1%E4%BA%AC%E9%83%BD%E6%B8%AF%E5%8C%BA%E8%A5%BF%E9%BA%BB%E5%B8%833-1-15%20RF%E3%83%93%E3%83%ABB1F,2021,寿司 TOKYO,sushi_tokyo,発表日：2021年6月3日
匠 進吾,東京都港区南青山2-2-15 ウィン青山 1F,食べログ 寿司 TOKYO 百名店 2021,https://tabelog.com/tokyo/A1306/A130603/13155925/,https://www.google.com/maps/search/?api=1&query=%E5%8C%A0%20%E9%80%B2%E5%90%BE%20%E6%9D%B1%E4%BA%AC%E9%83%BD%E6%B8%AF%E5%8C%BA%E5%8D%97%E9%9D%92%E5%B1%B12-2-15%20%E3%82%A6%E3%82%A3%E3%83%B3%E9%9D%92%E5%B1%B1%201F,2021,寿司 TOKYO,sushi_tokyo,発表日：2021年6月3日
鮨竹,東京都中央区銀座7-6-5 石井紀州屋ビル 4F,食べログ 寿司 TOKYO 百名店 2021,https://tabelog.com/tokyo/A1301/A130101/13169506/,https://www.google.com/maps/search/?api=1&query=%E9%AE%A8%E7%AB%B9%20%E6%9D%B1%E4%BA%AC%E9%83%BD%E4%B8%AD%E5%A4%AE%E5%8C%BA%E9%8A%80%E5%BA%A77-6-5%20%E7%9F%B3%E4%BA%95%E7%B4%80%E5%B7%9E%E5%B1%8B%E3%83%93%E3%83%AB%204F,2021,寿司 TOKYO,sushi_tokyo,発表日：2021年6月3日
喜寿司,東京都中央区日本橋人形町2-7-13,食べログ 寿司 TOKYO 百名店 2021,https://tabelog.com/tokyo/A1302/A130204/13003041/,https://www.google.com/maps/search/?api=1&query=%E5%96%9C%E5%AF%BF%E5%8F%B8%20%E6%9D%B1%E4%BA%AC%E9%83%BD%E4%B8%AD%E5%A4%AE%E5%8C%BA%E6%97%A5%E6%9C%AC%E6%A9%8B%E4%BA%BA%E5%BD%A2%E7%94%BA2-7-13,2021,寿司 TOKYO,sushi_tokyo,発表日：2021年6月3日
鮨　かねさか パレスホテル東京店,東京都千代田区丸の内 1-1-1 パレスホテル東京 6F,食べログ 寿司 TOKYO 百名店 2021,https://tabelog.com/tokyo/A1302/A130201/13141133/,https://www.google.com/maps/search/?api=1&query=%E9%AE%A8%E3%80%80%E3%81%8B%E3%81%AD%E3%81%95%E3%81%8B%20%E3%83%91%E3%83%AC%E3%82%B9%E3%83%9B%E3%83%86%E3%83%AB%E6%9D%B1%E4%BA%AC%E5%BA%97%20%E6%9D%B1%E4%BA%AC%E9%83%BD%E5%8D%83%E4%BB%A3%E7%94%B0%E5%8C%BA%E4%B8%B8%E3%81%AE%E5%86%85%201-1-1%20%E3%83%91%E3%83%AC%E3%82%B9%E3%83%9B%E3%83%86%E3%83%AB%E6%9D%B1%E4%BA%AC%206F,2021,寿司 TOKYO,sushi_tokyo,発表日：2021年6月3日
鮨 つぼみ,東京都目黒区東山1-21-26 QG東山 1F,食べログ 寿司 TOKYO 百名店 2021,https://tabelog.com/tokyo/A1317/A131701/13221782/,https://www.google.com/maps/search/?api=1&query=%E9%AE%A8%20%E3%81%A4%E3%81%BC%E3%81%BF%20%E6%9D%B1%E4%BA%AC%E9%83%BD%E7%9B%AE%E9%BB%92%E5%8C%BA%E6%9D%B1%E5%B1%B11-21-26%20QG%E6%9D%B1%E5%B1%B1%201F,2021,寿司 TOKYO,sushi_tokyo,発表日：2021年6月3日
鮨 あらい,東京都中央区銀座8-10-2 ルアンビル B1F 2F,食べログ 寿司 TOKYO 百名店 2021,https://tabelog.com/tokyo/A1301/A130101/13188186/,https://www.google.com/maps/search/?api=1&query=%E9%AE%A8%20%E3%81%82%E3%82%89%E3%81%84%20%E6%9D%B1%E4%BA%AC%E9%83%BD%E4%B8%AD%E5%A4%AE%E5%8C%BA%E9%8A%80%E5%BA%A78-10-2%20%E3%83%AB%E3%82%A2%E3%83%B3%E3%83%93%E3%83%AB%20B1F%202F,2021,寿司 TOKYO,sushi_tokyo,発表日：2021年6月3日
匠　達広,東京都新宿区新宿1-11-7 サンサーラ第五御苑ビル 1F,食べログ 寿司 TOKYO 百名店 2021,https://tabelog.com/tokyo/A1304/A130402/13086506/,https://www.google.com/maps/search/?api=1&query=%E5%8C%A0%E3%80%80%E9%81%94%E5%BA%83%20%E6%9D%B1%E4%BA%AC%E9%83%BD%E6%96%B0%E5%AE%BF%E5%8C%BA%E6%96%B0%E5%AE%BF1-11-7%20%E3%82%B5%E3%83%B3%E3%82%B5%E3%83%BC%E3%83%A9%E7%AC%AC%E4%BA%94%E5%BE%A1%E8%8B%91%E3%83%93%E3%83%AB%201F,2021,寿司 TOKYO,sushi_tokyo,発表日：2021年6月3日
きよ田,東京都中央区銀座6-3-15,食べログ 寿司 TOKYO 百名店 2021,https://tabelog.com/tokyo/A1301/A130101/13070238/,https://www.google.com/maps/search/?api=1&query=%E3%81%8D%E3%82%88%E7%94%B0%20%E6%9D%B1%E4%BA%AC%E9%83%BD%E4%B8%AD%E5%A4%AE%E5%8C%BA%E9%8A%80%E5%BA%A76-3-15,2021,寿司 TOKYO,sushi_tokyo,発表日：2021年6月3日
銀座 鮨 かねさか 本店,東京都中央区銀座8-10-3 三鈴ビル　Ｂ１Ｆ,食べログ 寿司 TOKYO 百名店 2021,https://tabelog.com/tokyo/A1301/A130103/13005003/,https://www.google.com/maps/search/?api=1&query=%E9%8A%80%E5%BA%A7%20%E9%AE%A8%20%E3%81%8B%E3%81%AD%E3%81%95%E3%81%8B%20%E6%9C%AC%E5%BA%97%20%E6%9D%B1%E4%BA%AC%E9%83%BD%E4%B8%AD%E5%A4%AE%E5%8C%BA%E9%8A%80%E5%BA%A78-10-3%20%E4%B8%89%E9%88%B4%E3%83%93%E3%83%AB%E3%80%80%EF%BC%A2%EF%BC%91%EF%BC%A6,2021,寿司 TOKYO,sushi_tokyo,発表日：2021年6月3日
鮨 たかはし,東京都中央区銀座1-14-14 吉電ビル 1F,食べログ 寿司 TOKYO 百名店 2021,https://tabelog.com/tokyo/A1301/A130101/13165933/,https://www.google.com/maps/search/?api=1&query=%E9%AE%A8%20%E3%81%9F%E3%81%8B%E3%81%AF%E3%81%97%20%E6%9D%B1%E4%BA%AC%E9%83%BD%E4%B8%AD%E5%A4%AE%E5%8C%BA%E9%8A%80%E5%BA%A71-14-14%20%E5%90%89%E9%9B%BB%E3%83%93%E3%83%AB%201F,2021,寿司 TOKYO,sushi_tokyo,発表日：2021年6月3日
鮨 太一,東京都中央区銀座6-4-13 浅黄ビル 2F,食べログ 寿司 TOKYO 百名店 2021,https://tabelog.com/tokyo/A1301/A130101/13060788/,https://www.google.com/maps/search/?api=1&query=%E9%AE%A8%20%E5%A4%AA%E4%B8%80%20%E6%9D%B1%E4%BA%AC%E9%83%BD%E4%B8%AD%E5%A4%AE%E5%8C%BA%E9%8A%80%E5%BA%A76-4-13%20%E6%B5%85%E9%BB%84%E3%83%93%E3%83%AB%202F,2021,寿司 TOKYO,sushi_tokyo,発表日：2021年6月3日
はっこく,東京都中央区銀座6-7-6 ラペビル3階,食べログ 寿司 TOKYO 百名店 2021,https://tabelog.com/tokyo/A1301/A130101/13217157/,https://www.google.com/maps/search/?api=1&query=%E3%81%AF%E3%81%A3%E3%81%93%E3%81%8F%20%E6%9D%B1%E4%BA%AC%E9%83%BD%E4%B8%AD%E5%A4%AE%E5%8C%BA%E9%8A%80%E5%BA%A76-7-6%20%E3%83%A9%E3%83%9A%E3%83%93%E3%83%AB3%E9%9A%8E,2021,寿司 TOKYO,sushi_tokyo,発表日：2021年6月3日
鮨處やまだ,東京都中央区銀座7-2-14 第26ポールスタービル 3F,食べログ 寿司 TOKYO 百名店 2021,https://tabelog.com/tokyo/A1301/A130101/13144693/,https://www.google.com/maps/search/?api=1&query=%E9%AE%A8%E8%99%95%E3%82%84%E3%81%BE%E3%81%A0%20%E6%9D%B1%E4%BA%AC%E9%83%BD%E4%B8%AD%E5%A4%AE%E5%8C%BA%E9%8A%80%E5%BA%A77-2-14%20%E7%AC%AC26%E3%83%9D%E3%83%BC%E3%83%AB%E3%82%B9%E3%82%BF%E3%83%BC%E3%83%93%E3%83%AB%203F,2021,寿司 TOKYO,sushi_tokyo,発表日：2021年6月3日
鮨 とかみ,東京都中央区銀座8-2-10 銀座誠和シルバービル B1F,食べログ 寿司 TOKYO 百名店 2021,https://tabelog.com/tokyo/A1301/A130103/13155234/,https://www.google.com/maps/search/?api=1&query=%E9%AE%A8%20%E3%81%A8%E3%81%8B%E3%81%BF%20%E6%9D%B1%E4%BA%AC%E9%83%BD%E4%B8%AD%E5%A4%AE%E5%8C%BA%E9%8A%80%E5%BA%A78-2-10%20%E9%8A%80%E5%BA%A7%E8%AA%A0%E5%92%8C%E3%82%B7%E3%83%AB%E3%83%90%E3%83%BC%E3%83%93%E3%83%AB%20B1F,2021,寿司 TOKYO,sushi_tokyo,発表日：2021年6月3日
鮨桂太,東京都中央区築地6-6-4,食べログ 寿司 TOKYO 百名店 2021,https://tabelog.com/tokyo/A1313/A131301/13213360/,https://www.google.com/maps/search/?api=1&query=%E9%AE%A8%E6%A1%82%E5%A4%AA%20%E6%9D%B1%E4%BA%AC%E9%83%BD%E4%B8%AD%E5%A4%AE%E5%8C%BA%E7%AF%89%E5%9C%B06-6-4,2021,寿司 TOKYO,sushi_tokyo,発表日：2021年6月3日
くろ﨑,東京都渋谷区渋谷1-5-9,食べログ 寿司 TOKYO 百名店 2021,https://tabelog.com/tokyo/A1303/A130301/13178821/,https://www.google.com/maps/search/?api=1&query=%E3%81%8F%E3%82%8D%EF%A8%91%20%E6%9D%B1%E4%BA%AC%E9%83%BD%E6%B8%8B%E8%B0%B7%E5%8C%BA%E6%B8%8B%E8%B0%B71-5-9,2021,寿司 TOKYO,sushi_tokyo,発表日：2021年6月3日
吉野鮨本店,東京都中央区日本橋3-8-11 政吉ビル　１Ｆ,食べログ 寿司 TOKYO 百名店 2021,https://tabelog.com/tokyo/A1302/A130202/13000511/,https://www.google.com/maps/search/?api=1&query=%E5%90%89%E9%87%8E%E9%AE%A8%E6%9C%AC%E5%BA%97%20%E6%9D%B1%E4%BA%AC%E9%83%BD%E4%B8%AD%E5%A4%AE%E5%8C%BA%E6%97%A5%E6%9C%AC%E6%A9%8B3-8-11%20%E6%94%BF%E5%90%89%E3%83%93%E3%83%AB%E3%80%80%EF%BC%91%EF%BC%A6,2021,寿司 TOKYO,sushi_tokyo,発表日：2021年6月3日
鮨 あお,東京都港区北青山3-10-13 FPG links OMOTESANDO B棟 2F,食べログ 寿司 TOKYO 百名店 2021,https://tabelog.com/tokyo/A1306/A130602/13246982/,https://www.google.com/maps/search/?api=1&query=%E9%AE%A8%20%E3%81%82%E3%81%8A%20%E6%9D%B1%E4%BA%AC%E9%83%BD%E6%B8%AF%E5%8C%BA%E5%8C%97%E9%9D%92%E5%B1%B13-10-13%20FPG%20links%20OMOTESANDO%20B%E6%A3%9F%202F,2021,寿司 TOKYO,sushi_tokyo,発表日：2021年6月3日
鮨 竜介,東京都中央区銀座7-3-13 銀座第四金井ビル B1F,食べログ 寿司 TOKYO 百名店 2021,https://tabelog.com/tokyo/A1301/A130101/13185503/,https://www.google.com/maps/search/?api=1&query=%E9%AE%A8%20%E7%AB%9C%E4%BB%8B%20%E6%9D%B1%E4%BA%AC%E9%83%BD%E4%B8%AD%E5%A4%AE%E5%8C%BA%E9%8A%80%E5%BA%A77-3-13%20%E9%8A%80%E5%BA%A7%E7%AC%AC%E5%9B%9B%E9%87%91%E4%BA%95%E3%83%93%E3%83%AB%20B1F,2021,寿司 TOKYO,sushi_tokyo,発表日：2021年6月3日
三谷,東京都新宿区四谷1-22-1,食べログ 寿司 TOKYO 百名店 2021,https://tabelog.com/tokyo/A1309/A130902/13042204/,https://www.google.com/maps/search/?api=1&query=%E4%B8%89%E8%B0%B7%20%E6%9D%B1%E4%BA%AC%E9%83%BD%E6%96%B0%E5%AE%BF%E5%8C%BA%E5%9B%9B%E8%B0%B71-22-1,2021,寿司 TOKYO,sushi_tokyo,発表日：2021年6月3日
紀尾井町 三谷,東京都千代田区紀尾井町1-2 紀尾井テラス 3F,食べログ 寿司 TOKYO 百名店 2021,https://tabelog.com/tokyo/A1308/A130801/13198197/,https://www.google.com/maps/search/?api=1&query=%E7%B4%80%E5%B0%BE%E4%BA%95%E7%94%BA%20%E4%B8%89%E8%B0%B7%20%E6%9D%B1%E4%BA%AC%E9%83%BD%E5%8D%83%E4%BB%A3%E7%94%B0%E5%8C%BA%E7%B4%80%E5%B0%BE%E4%BA%95%E7%94%BA1-2%20%E7%B4%80%E5%B0%BE%E4%BA%95%E3%83%86%E3%83%A9%E3%82%B9%203F,2021,寿司 TOKYO,sushi_tokyo,発表日：2021年6月3日
すし匠 齋藤,東京都港区赤坂4-2-2 赤坂DNプラザビル 2F,食べログ 寿司 TOKYO 百名店 2021,https://tabelog.com/tokyo/A1308/A130801/13023988/,https://www.google.com/maps/search/?api=1&query=%E3%81%99%E3%81%97%E5%8C%A0%20%E9%BD%8B%E8%97%A4%20%E6%9D%B1%E4%BA%AC%E9%83%BD%E6%B8%AF%E5%8C%BA%E8%B5%A4%E5%9D%824-2-2%20%E8%B5%A4%E5%9D%82DN%E3%83%97%E3%83%A9%E3%82%B6%E3%83%93%E3%83%AB%202F,2021,寿司 TOKYO,sushi_tokyo,発表日：2021年6月3日
鶴八,東京都千代田区神田神保町2-4,食べログ 寿司 TOKYO 百名店 2021,https://tabelog.com/tokyo/A1310/A131003/13000419/,https://www.google.com/maps/search/?api=1&query=%E9%B6%B4%E5%85%AB%20%E6%9D%B1%E4%BA%AC%E9%83%BD%E5%8D%83%E4%BB%A3%E7%94%B0%E5%8C%BA%E7%A5%9E%E7%94%B0%E7%A5%9E%E4%BF%9D%E7%94%BA2-4,2021,寿司 TOKYO,sushi_tokyo,発表日：2021年6月3日
うを徳,東京都墨田区東向島4-24-26,食べログ 寿司 TOKYO 百名店 2021,https://tabelog.com/tokyo/A1312/A131203/13017947/,https://www.google.com/maps/search/?api=1&query=%E3%81%86%E3%82%92%E5%BE%B3%20%E6%9D%B1%E4%BA%AC%E9%83%BD%E5%A2%A8%E7%94%B0%E5%8C%BA%E6%9D%B1%E5%90%91%E5%B3%B64-24-26,2021,寿司 TOKYO,sushi_tokyo,発表日：2021年6月3日
すし 喜邑,東京都世田谷区玉川3-21-8,食べログ 寿司 TOKYO 百名店 2021,https://tabelog.com/tokyo/A1317/A131708/13026584/,https://www.google.com/maps/search/?api=1&query=%E3%81%99%E3%81%97%20%E5%96%9C%E9%82%91%20%E6%9D%B1%E4%BA%AC%E9%83%BD%E4%B8%96%E7%94%B0%E8%B0%B7%E5%8C%BA%E7%8E%89%E5%B7%9D3-21-8,2021,寿司 TOKYO,sushi_tokyo,発表日：2021年6月3日
鮨 なんば 日比谷,東京都千代田区有楽町1-1-2 東京ミッドタウン日比谷 3F,食べログ 寿司 TOKYO 百名店 2021,https://tabelog.com/tokyo/A1301/A130102/13219857/,https://www.google.com/maps/search/?api=1&query=%E9%AE%A8%20%E3%81%AA%E3%82%93%E3%81%B0%20%E6%97%A5%E6%AF%94%E8%B0%B7%20%E6%9D%B1%E4%BA%AC%E9%83%BD%E5%8D%83%E4%BB%A3%E7%94%B0%E5%8C%BA%E6%9C%89%E6%A5%BD%E7%94%BA1-1-2%20%E6%9D%B1%E4%BA%AC%E3%83%9F%E3%83%83%E3%83%89%E3%82%BF%E3%82%A6%E3%83%B3%E6%97%A5%E6%AF%94%E8%B0%B7%203F,2021,寿司 TOKYO,sushi_tokyo,発表日：2021年6月3日
鮨 なかむら,東京都港区六本木7-17-16 米久ビル　１Ｆ,食べログ 寿司 TOKYO 百名店 2021,https://tabelog.com/tokyo/A1307/A130701/13003314/,https://www.google.com/maps/search/?api=1&query=%E9%AE%A8%20%E3%81%AA%E3%81%8B%E3%82%80%E3%82%89%20%E6%9D%B1%E4%BA%AC%E9%83%BD%E6%B8%AF%E5%8C%BA%E5%85%AD%E6%9C%AC%E6%9C%A87-17-16%20%E7%B1%B3%E4%B9%85%E3%83%93%E3%83%AB%E3%80%80%EF%BC%91%EF%BC%A6,2021,寿司 TOKYO,sushi_tokyo,発表日：2021年6月3日
秀徳 2号店,東京都中央区築地6-26-6,食べログ 寿司 TOKYO 百名店 2021,https://tabelog.com/tokyo/A1313/A131301/13148801/,https://www.google.com/maps/search/?api=1&query=%E7%A7%80%E5%BE%B3%202%E5%8F%B7%E5%BA%97%20%E6%9D%B1%E4%BA%AC%E9%83%BD%E4%B8%AD%E5%A4%AE%E5%8C%BA%E7%AF%89%E5%9C%B06-26-6,2021,寿司 TOKYO,sushi_tokyo,発表日：2021年6月3日
すし処 みや古分店,東京都北区赤羽西1-4-16,食べログ 寿司 TOKYO 百名店 2021,https://tabelog.com/tokyo/A1323/A132305/13046671/,https://www.google.com/maps/search/?api=1&query=%E3%81%99%E3%81%97%E5%87%A6%20%E3%81%BF%E3%82%84%E5%8F%A4%E5%88%86%E5%BA%97%20%E6%9D%B1%E4%BA%AC%E9%83%BD%E5%8C%97%E5%8C%BA%E8%B5%A4%E7%BE%BD%E8%A5%BF1-4-16,2021,寿司 TOKYO,sushi_tokyo,発表日：2021年6月3日
乃池,東京都台東区谷中3-2-3,食べログ 寿司 TOKYO 百名店 2021,https://tabelog.com/tokyo/A1311/A131106/13003554/,https://www.google.com/maps/search/?api=1&query=%E4%B9%83%E6%B1%A0%20%E6%9D%B1%E4%BA%AC%E9%83%BD%E5%8F%B0%E6%9D%B1%E5%8C%BA%E8%B0%B7%E4%B8%AD3-2-3,2021,寿司 TOKYO,sushi_tokyo,発表日：2021年6月3日
九段下　寿司政,東京都千代田区九段南1-4-4,食べログ 寿司 TOKYO 百名店 2021,https://tabelog.com/tokyo/A1309/A130906/13000407/,https://www.google.com/maps/search/?api=1&query=%E4%B9%9D%E6%AE%B5%E4%B8%8B%E3%80%80%E5%AF%BF%E5%8F%B8%E6%94%BF%20%E6%9D%B1%E4%BA%AC%E9%83%BD%E5%8D%83%E4%BB%A3%E7%94%B0%E5%8C%BA%E4%B9%9D%E6%AE%B5%E5%8D%971-4-4,2021,寿司 TOKYO,sushi_tokyo,発表日：2021年6月3日
鮨 さいとう,東京都港区六本木1-4-5 アークヒルズサウスタワー 1Ｆ,食べログ 寿司 TOKYO 百名店 2021,https://tabelog.com/tokyo/A1308/A130802/13015251/,https://www.google.com/maps/search/?api=1&query=%E9%AE%A8%20%E3%81%95%E3%81%84%E3%81%A8%E3%81%86%20%E6%9D%B1%E4%BA%AC%E9%83%BD%E6%B8%AF%E5%8C%BA%E5%85%AD%E6%9C%AC%E6%9C%A81-4-5%20%E3%82%A2%E3%83%BC%E3%82%AF%E3%83%92%E3%83%AB%E3%82%BA%E3%82%B5%E3%82%A6%E3%82%B9%E3%82%BF%E3%83%AF%E3%83%BC%201%EF%BC%A6,2021,寿司 TOKYO,sushi_tokyo,発表日：2021年6月3日
鮨 はしもと,東京都中央区新富1-8-2 grandir ginza east 1F,食べログ 寿司 TOKYO 百名店 2021,https://tabelog.com/tokyo/A1313/A131301/13238306/,https://www.google.com/maps/search/?api=1&query=%E9%AE%A8%20%E3%81%AF%E3%81%97%E3%82%82%E3%81%A8%20%E6%9D%B1%E4%BA%AC%E9%83%BD%E4%B8%AD%E5%A4%AE%E5%8C%BA%E6%96%B0%E5%AF%8C1-8-2%20grandir%20ginza%20east%201F,2021,寿司 TOKYO,sushi_tokyo,発表日：2021年6月3日
きざ㐂,東京都港区赤坂3-21-10 赤坂清明会館ビル5C,食べログ 寿司 TOKYO 百名店 2021,https://tabelog.com/tokyo/A1308/A130801/13221218/,https://www.google.com/maps/search/?api=1&query=%E3%81%8D%E3%81%96%E3%90%82%20%E6%9D%B1%E4%BA%AC%E9%83%BD%E6%B8%AF%E5%8C%BA%E8%B5%A4%E5%9D%823-21-10%20%E8%B5%A4%E5%9D%82%E6%B8%85%E6%98%8E%E4%BC%9A%E9%A4%A8%E3%83%93%E3%83%AB5C,2021,寿司 TOKYO,sushi_tokyo,発表日：2021年6月3日
鮨 波づき,東京都大田区下丸子3-13-22,食べログ 寿司 TOKYO 百名店 2021,https://tabelog.com/tokyo/A1317/A131716/13214167/,https://www.google.com/maps/search/?api=1&query=%E9%AE%A8%20%E6%B3%A2%E3%81%A5%E3%81%8D%20%E6%9D%B1%E4%BA%AC%E9%83%BD%E5%A4%A7%E7%94%B0%E5%8C%BA%E4%B8%8B%E4%B8%B8%E5%AD%903-13-22,2021,寿司 TOKYO,sushi_tokyo,発表日：2021年6月3日
小笹,東京都渋谷区神泉町10-12 コーポＫ 1F,食べログ 寿司 TOKYO 百名店 2021,https://tabelog.com/tokyo/A1303/A130301/13004630/,https://www.google.com/maps/search/?api=1&query=%E5%B0%8F%E7%AC%B9%20%E6%9D%B1%E4%BA%AC%E9%83%BD%E6%B8%8B%E8%B0%B7%E5%8C%BA%E7%A5%9E%E6%B3%89%E7%94%BA10-12%20%E3%82%B3%E3%83%BC%E3%83%9D%EF%BC%AB%201F,2021,寿司 TOKYO,sushi_tokyo,発表日：2021年6月3日
鮨 みずかみ,東京都千代田区一番町3-8 大宮ビル 1F,食べログ 寿司 TOKYO 百名店 2021,https://tabelog.com/tokyo/A1308/A130803/13220742/,https://www.google.com/maps/search/?api=1&query=%E9%AE%A8%20%E3%81%BF%E3%81%9A%E3%81%8B%E3%81%BF%20%E6%9D%B1%E4%BA%AC%E9%83%BD%E5%8D%83%E4%BB%A3%E7%94%B0%E5%8C%BA%E4%B8%80%E7%95%AA%E7%94%BA3-8%20%E5%A4%A7%E5%AE%AE%E3%83%93%E3%83%AB%201F,2021,寿司 TOKYO,sushi_tokyo,発表日：2021年6月3日
鮨 よしたけ,東京都中央区銀座7-8-13 Brown Place 9F,食べログ 寿司 TOKYO 百名店 2021,https://tabelog.com/tokyo/A1301/A130101/13024076/,https://www.google.com/maps/search/?api=1&query=%E9%AE%A8%20%E3%82%88%E3%81%97%E3%81%9F%E3%81%91%20%E6%9D%B1%E4%BA%AC%E9%83%BD%E4%B8%AD%E5%A4%AE%E5%8C%BA%E9%8A%80%E5%BA%A77-8-13%20Brown%20Place%209F,2021,寿司 TOKYO,sushi_tokyo,発表日：2021年6月3日
鮨 さえ喜,東京都中央区銀座6-3-18 La.La.Grande GINZA 2F,食べログ 寿司 TOKYO 百名店 2021,https://tabelog.com/tokyo/A1301/A130101/13239506/,https://www.google.com/maps/search/?api=1&query=%E9%AE%A8%20%E3%81%95%E3%81%88%E5%96%9C%20%E6%9D%B1%E4%BA%AC%E9%83%BD%E4%B8%AD%E5%A4%AE%E5%8C%BA%E9%8A%80%E5%BA%A76-3-18%20La.La.Grande%20GINZA%202F,2021,寿司 TOKYO,sushi_tokyo,発表日：2021年6月3日
鮨 鈴木,東京都中央区銀座6-5-15 銀座能楽堂ビル 5F,食べログ 寿司 TOKYO 百名店 2021,https://tabelog.com/tokyo/A1301/A130101/13184367/,https://www.google.com/maps/search/?api=1&query=%E9%AE%A8%20%E9%88%B4%E6%9C%A8%20%E6%9D%B1%E4%BA%AC%E9%83%BD%E4%B8%AD%E5%A4%AE%E5%8C%BA%E9%8A%80%E5%BA%A76-5-15%20%E9%8A%80%E5%BA%A7%E8%83%BD%E6%A5%BD%E5%A0%82%E3%83%93%E3%83%AB%205F,2021,寿司 TOKYO,sushi_tokyo,発表日：2021年6月3日
らんまる,東京都目黒区下目黒3-16-2 1F,食べログ 寿司 TOKYO 百名店 2021,https://tabelog.com/tokyo/A1317/A131710/13217903/,https://www.google.com/maps/search/?api=1&query=%E3%82%89%E3%82%93%E3%81%BE%E3%82%8B%20%E6%9D%B1%E4%BA%AC%E9%83%BD%E7%9B%AE%E9%BB%92%E5%8C%BA%E4%B8%8B%E7%9B%AE%E9%BB%923-16-2%201F,2021,寿司 TOKYO,sushi_tokyo,発表日：2021年6月3日
鮨 龍次郎,東京都港区南青山2-11-11 ARISTO南青山 1F,食べログ 寿司 TOKYO 百名店 2021,https://tabelog.com/tokyo/A1306/A130603/13240787/,https://www.google.com/maps/search/?api=1&query=%E9%AE%A8%20%E9%BE%8D%E6%AC%A1%E9%83%8E%20%E6%9D%B1%E4%BA%AC%E9%83%BD%E6%B8%AF%E5%8C%BA%E5%8D%97%E9%9D%92%E5%B1%B12-11-11%20ARISTO%E5%8D%97%E9%9D%92%E5%B1%B1%201F,2021,寿司 TOKYO,sushi_tokyo,発表日：2021年6月3日
東麻布 天本,東京都港区東麻布1-7-9 ザ・ソノビル 102,食べログ 寿司 TOKYO 百名店 2021,https://tabelog.com/tokyo/A1314/A131401/13196420/,https://www.google.com/maps/search/?api=1&query=%E6%9D%B1%E9%BA%BB%E5%B8%83%20%E5%A4%A9%E6%9C%AC%20%E6%9D%B1%E4%BA%AC%E9%83%BD%E6%B8%AF%E5%8C%BA%E6%9D%B1%E9%BA%BB%E5%B8%831-7-9%20%E3%82%B6%E3%83%BB%E3%82%BD%E3%83%8E%E3%83%93%E3%83%AB%20102,2021,寿司 TOKYO,sushi_tokyo,発表日：2021年6月3日
寿司 いずみ,東京都目黒区下目黒6-6-9,食べログ 寿司 TOKYO 百名店 2021,https://tabelog.com/tokyo/A1317/A131702/13018559/,https://www.google.com/maps/search/?api=1&query=%E5%AF%BF%E5%8F%B8%20%E3%81%84%E3%81%9A%E3%81%BF%20%E6%9D%B1%E4%BA%AC%E9%83%BD%E7%9B%AE%E9%BB%92%E5%8C%BA%E4%B8%8B%E7%9B%AE%E9%BB%926-6-9,2021,寿司 TOKYO,sushi_tokyo,発表日：2021年6月3日
小笹寿し,東京都中央区銀座8-6-18 第５秀和ビル　１Ｆ,食べログ 寿司 TOKYO 百名店 2021,https://tabelog.com/tokyo/A1301/A130103/13000569/,https://www.google.com/maps/search/?api=1&query=%E5%B0%8F%E7%AC%B9%E5%AF%BF%E3%81%97%20%E6%9D%B1%E4%BA%AC%E9%83%BD%E4%B8%AD%E5%A4%AE%E5%8C%BA%E9%8A%80%E5%BA%A78-6-18%20%E7%AC%AC%EF%BC%95%E7%A7%80%E5%92%8C%E3%83%93%E3%83%AB%E3%80%80%EF%BC%91%EF%BC%A6,2021,寿司 TOKYO,sushi_tokyo,発表日：2021年6月3日
鮓 村瀬,東京都港区西麻布1-2-3 アクティブ六本木 1F,食べログ 寿司 TOKYO 百名店 2021,https://tabelog.com/tokyo/A1307/A130701/13174475/,https://www.google.com/maps/search/?api=1&query=%E9%AE%93%20%E6%9D%91%E7%80%AC%20%E6%9D%B1%E4%BA%AC%E9%83%BD%E6%B8%AF%E5%8C%BA%E8%A5%BF%E9%BA%BB%E5%B8%831-2-3%20%E3%82%A2%E3%82%AF%E3%83%86%E3%82%A3%E3%83%96%E5%85%AD%E6%9C%AC%E6%9C%A8%201F,2021,寿司 TOKYO,sushi_tokyo,発表日：2021年6月3日
鮨 いしやま,東京都中央区銀座3-3-6 銀座モリタビル 4F,食べログ 寿司 TOKYO 百名店 2021,https://tabelog.com/tokyo/A1301/A130101/13225073/,https://www.google.com/maps/search/?api=1&query=%E9%AE%A8%20%E3%81%84%E3%81%97%E3%82%84%E3%81%BE%20%E6%9D%B1%E4%BA%AC%E9%83%BD%E4%B8%AD%E5%A4%AE%E5%8C%BA%E9%8A%80%E5%BA%A73-3-6%20%E9%8A%80%E5%BA%A7%E3%83%A2%E3%83%AA%E3%82%BF%E3%83%93%E3%83%AB%204F,2021,寿司 TOKYO,sushi_tokyo,発表日：2021年6月3日
すし家 一柳,東京都中央区銀座1-5-14 銀座コシミオンビル 1階,食べログ 寿司 TOKYO 百名店 2021,https://tabelog.com/tokyo/A1301/A130101/13156961/,https://www.google.com/maps/search/?api=1&query=%E3%81%99%E3%81%97%E5%AE%B6%20%E4%B8%80%E6%9F%B3%20%E6%9D%B1%E4%BA%AC%E9%83%BD%E4%B8%AD%E5%A4%AE%E5%8C%BA%E9%8A%80%E5%BA%A71-5-14%20%E9%8A%80%E5%BA%A7%E3%82%B3%E3%82%B7%E3%83%9F%E3%82%AA%E3%83%B3%E3%83%93%E3%83%AB%201%E9%9A%8E,2021,寿司 TOKYO,sushi_tokyo,発表日：2021年6月3日
鮨　日本橋　鰤門,東京都中央区日本橋室町2-2-1 コレド室町1 4F,食べログ 寿司 TOKYO 百名店 2021,https://tabelog.com/tokyo/A1302/A130202/13116806/,https://www.google.com/maps/search/?api=1&query=%E9%AE%A8%E3%80%80%E6%97%A5%E6%9C%AC%E6%A9%8B%E3%80%80%E9%B0%A4%E9%96%80%20%E6%9D%B1%E4%BA%AC%E9%83%BD%E4%B8%AD%E5%A4%AE%E5%8C%BA%E6%97%A5%E6%9C%AC%E6%A9%8B%E5%AE%A4%E7%94%BA2-2-1%20%E3%82%B3%E3%83%AC%E3%83%89%E5%AE%A4%E7%94%BA1%204F,2021,寿司 TOKYO,sushi_tokyo,発表日：2021年6月3日
すし匠,東京都新宿区四谷1-11 陽臨堂ビル　１Ｆ,食べログ 寿司 TOKYO 百名店 2021,https://tabelog.com/tokyo/A1309/A130902/13000852/,https://www.google.com/maps/search/?api=1&query=%E3%81%99%E3%81%97%E5%8C%A0%20%E6%9D%B1%E4%BA%AC%E9%83%BD%E6%96%B0%E5%AE%BF%E5%8C%BA%E5%9B%9B%E8%B0%B71-11%20%E9%99%BD%E8%87%A8%E5%A0%82%E3%83%93%E3%83%AB%E3%80%80%EF%BC%91%EF%BC%A6,2021,寿司 TOKYO,sushi_tokyo,発表日：2021年6月3日
新橋鶴八,東京都港区新橋2-16-1 ニュー新橋ビル 2F,食べログ 寿司 TOKYO 百名店 2021,https://tabelog.com/tokyo/A1301/A130103/13173432/,https://www.google.com/maps/search/?api=1&query=%E6%96%B0%E6%A9%8B%E9%B6%B4%E5%85%AB%20%E6%9D%B1%E4%BA%AC%E9%83%BD%E6%B8%AF%E5%8C%BA%E6%96%B0%E6%A9%8B2-16-1%20%E3%83%8B%E3%83%A5%E3%83%BC%E6%96%B0%E6%A9%8B%E3%83%93%E3%83%AB%202F,2021,寿司 TOKYO,sushi_tokyo,発表日：2021年6月3日
まんてん鮨 丸の内,東京都千代田区丸の内2-6-1 丸の内ブリックスクエア B1F,食べログ 寿司 TOKYO 百名店 2021,https://tabelog.com/tokyo/A1302/A130201/13096429/,https://www.google.com/maps/search/?api=1&query=%E3%81%BE%E3%82%93%E3%81%A6%E3%82%93%E9%AE%A8%20%E4%B8%B8%E3%81%AE%E5%86%85%20%E6%9D%B1%E4%BA%AC%E9%83%BD%E5%8D%83%E4%BB%A3%E7%94%B0%E5%8C%BA%E4%B8%B8%E3%81%AE%E5%86%852-6-1%20%E4%B8%B8%E3%81%AE%E5%86%85%E3%83%96%E3%83%AA%E3%83%83%E3%82%AF%E3%82%B9%E3%82%AF%E3%82%A8%E3%82%A2%20B1F,2021,寿司 TOKYO,sushi_tokyo,発表日：2021年6月3日
すが弥,東京都港区東麻布1-29-15 東麻布296ビル 1F,食べログ 寿司 TOKYO 百名店 2021,https://tabelog.com/tokyo/A1314/A131401/13228776/,https://www.google.com/maps/search/?api=1&query=%E3%81%99%E3%81%8C%E5%BC%A5%20%E6%9D%B1%E4%BA%AC%E9%83%BD%E6%B8%AF%E5%8C%BA%E6%9D%B1%E9%BA%BB%E5%B8%831-29-15%20%E6%9D%B1%E9%BA%BB%E5%B8%83296%E3%83%93%E3%83%AB%201F,2021,寿司 TOKYO,sushi_tokyo,発表日：2021年6月3日
日本橋蛎殻町 すぎた,東京都中央区日本橋蛎殻町1-33-6 ビューハイツ日本橋 B1F,食べログ 寿司 TOKYO 百名店 2021,https://tabelog.com/tokyo/A1302/A130204/13018162/,https://www.google.com/maps/search/?api=1&query=%E6%97%A5%E6%9C%AC%E6%A9%8B%E8%9B%8E%E6%AE%BB%E7%94%BA%20%E3%81%99%E3%81%8E%E3%81%9F%20%E6%9D%B1%E4%BA%AC%E9%83%BD%E4%B8%AD%E5%A4%AE%E5%8C%BA%E6%97%A5%E6%9C%AC%E6%A9%8B%E8%9B%8E%E6%AE%BB%E7%94%BA1-33-6%20%E3%83%93%E3%83%A5%E3%83%BC%E3%83%8F%E3%82%A4%E3%83%84%E6%97%A5%E6%9C%AC%E6%A9%8B%20B1F,2021,寿司 TOKYO,sushi_tokyo,発表日：2021年6月3日
鮨 魯山 新宿店,東京都新宿区新宿3-14-1 伊勢丹新宿店 7F,食べログ 寿司 TOKYO 百名店 2021,https://tabelog.com/tokyo/A1304/A130401/13011087/,https://www.google.com/maps/search/?api=1&query=%E9%AE%A8%20%E9%AD%AF%E5%B1%B1%20%E6%96%B0%E5%AE%BF%E5%BA%97%20%E6%9D%B1%E4%BA%AC%E9%83%BD%E6%96%B0%E5%AE%BF%E5%8C%BA%E6%96%B0%E5%AE%BF3-14-1%20%E4%BC%8A%E5%8B%A2%E4%B8%B9%E6%96%B0%E5%AE%BF%E5%BA%97%207F,2021,寿司 TOKYO,sushi_tokyo,発表日：2021年6月3日
栄寿司,東京都葛飾区立石1-18-5,食べログ 寿司 TOKYO 百名店 2021,https://tabelog.com/tokyo/A1324/A132403/13008118/,https://www.google.com/maps/search/?api=1&query=%E6%A0%84%E5%AF%BF%E5%8F%B8%20%E6%9D%B1%E4%BA%AC%E9%83%BD%E8%91%9B%E9%A3%BE%E5%8C%BA%E7%AB%8B%E7%9F%B31-18-5,2021,寿司 TOKYO,sushi_tokyo,発表日：2021年6月3日
寿し処 寿々,東京都港区赤坂2-9-4 １Ｆ,食べログ 寿司 TOKYO 百名店 2021,https://tabelog.com/tokyo/A1308/A130802/13024464/,https://www.google.com/maps/search/?api=1&query=%E5%AF%BF%E3%81%97%E5%87%A6%20%E5%AF%BF%E3%80%85%20%E6%9D%B1%E4%BA%AC%E9%83%BD%E6%B8%AF%E5%8C%BA%E8%B5%A4%E5%9D%822-9-4%20%EF%BC%91%EF%BC%A6,2021,寿司 TOKYO,sushi_tokyo,発表日：2021年6月3日
恵比寿 えんどう,東京都渋谷区恵比寿南1-17-2 4F,食べログ 寿司 TOKYO 百名店 2021,https://tabelog.com/tokyo/A1303/A130302/13231081/,https://www.google.com/maps/search/?api=1&query=%E6%81%B5%E6%AF%94%E5%AF%BF%20%E3%81%88%E3%82%93%E3%81%A9%E3%81%86%20%E6%9D%B1%E4%BA%AC%E9%83%BD%E6%B8%8B%E8%B0%B7%E5%8C%BA%E6%81%B5%E6%AF%94%E5%AF%BF%E5%8D%971-17-2%204F,2021,寿司 TOKYO,sushi_tokyo,発表日：2021年6月3日
青空,東京都中央区銀座8-3-1 銀座時傳ビル 6F,食べログ 寿司 TOKYO 百名店 2021,https://tabelog.com/tokyo/A1301/A130103/13032283/,https://www.google.com/maps/search/?api=1&query=%E9%9D%92%E7%A9%BA%20%E6%9D%B1%E4%BA%AC%E9%83%BD%E4%B8%AD%E5%A4%AE%E5%8C%BA%E9%8A%80%E5%BA%A78-3-1%20%E9%8A%80%E5%BA%A7%E6%99%82%E5%82%B3%E3%83%93%E3%83%AB%206F,2021,寿司 TOKYO,sushi_tokyo,発表日：2021年6月3日
鮨 一條,東京都中央区東日本橋3-1-3 奥田ビル 1F,食べログ 寿司 TOKYO 百名店 2021,https://tabelog.com/tokyo/A1302/A130204/13191562/,https://www.google.com/maps/search/?api=1&query=%E9%AE%A8%20%E4%B8%80%E6%A2%9D%20%E6%9D%B1%E4%BA%AC%E9%83%BD%E4%B8%AD%E5%A4%AE%E5%8C%BA%E6%9D%B1%E6%97%A5%E6%9C%AC%E6%A9%8B3-1-3%20%E5%A5%A5%E7%94%B0%E3%83%93%E3%83%AB%201F,2021,寿司 TOKYO,sushi_tokyo,発表日：2021年6月3日
初音鮨,東京都大田区西蒲田5-20-2,食べログ 寿司 TOKYO 百名店 2021,https://tabelog.com/tokyo/A1315/A131503/13017742/,https://www.google.com/maps/search/?api=1&query=%E5%88%9D%E9%9F%B3%E9%AE%A8%20%E6%9D%B1%E4%BA%AC%E9%83%BD%E5%A4%A7%E7%94%B0%E5%8C%BA%E8%A5%BF%E8%92%B2%E7%94%B05-20-2,2021,寿司 TOKYO,sushi_tokyo,発表日：2021年6月3日
奈可久,東京都港区六本木7-8-4 銀嶺ビル　Ｂ１Ｆ,食べログ 寿司 TOKYO 百名店 2021,https://tabelog.com/tokyo/A1307/A130701/13001886/,https://www.google.com/maps/search/?api=1&query=%E5%A5%88%E5%8F%AF%E4%B9%85%20%E6%9D%B1%E4%BA%AC%E9%83%BD%E6%B8%AF%E5%8C%BA%E5%85%AD%E6%9C%AC%E6%9C%A87-8-4%20%E9%8A%80%E5%B6%BA%E3%83%93%E3%83%AB%E3%80%80%EF%BC%A2%EF%BC%91%EF%BC%A6,2021,寿司 TOKYO,sushi_tokyo,発表日：2021年6月3日
松栄 恵比寿本店,東京都渋谷区恵比寿南1-2-4,食べログ 寿司 TOKYO 百名店 2021,https://tabelog.com/tokyo/A1303/A130302/13003167/,https://www.google.com/maps/search/?api=1&query=%E6%9D%BE%E6%A0%84%20%E6%81%B5%E6%AF%94%E5%AF%BF%E6%9C%AC%E5%BA%97%20%E6%9D%B1%E4%BA%AC%E9%83%BD%E6%B8%8B%E8%B0%B7%E5%8C%BA%E6%81%B5%E6%AF%94%E5%AF%BF%E5%8D%971-2-4,2021,寿司 TOKYO,sushi_tokyo,発表日：2021年6月3日
すきやばし 次郎,東京都中央区銀座4-2-15 塚本ビル　Ｂ１Ｆ,食べログ 寿司 TOKYO 百名店 2021,https://tabelog.com/tokyo/A1301/A130101/13002260/,https://www.google.com/maps/search/?api=1&query=%E3%81%99%E3%81%8D%E3%82%84%E3%81%B0%E3%81%97%20%E6%AC%A1%E9%83%8E%20%E6%9D%B1%E4%BA%AC%E9%83%BD%E4%B8%AD%E5%A4%AE%E5%8C%BA%E9%8A%80%E5%BA%A74-2-15%20%E5%A1%9A%E6%9C%AC%E3%83%93%E3%83%AB%E3%80%80%EF%BC%A2%EF%BC%91%EF%BC%A6,2021,寿司 TOKYO,sushi_tokyo,発表日：2021年6月3日
蔵六雄山,東京都港区六本木7-18-24 鈴木ビル 2F,食べログ 寿司 TOKYO 百名店 2021,https://tabelog.com/tokyo/A1307/A130701/13139640/,https://www.google.com/maps/search/?api=1&query=%E8%94%B5%E5%85%AD%E9%9B%84%E5%B1%B1%20%E6%9D%B1%E4%BA%AC%E9%83%BD%E6%B8%AF%E5%8C%BA%E5%85%AD%E6%9C%AC%E6%9C%A87-18-24%20%E9%88%B4%E6%9C%A8%E3%83%93%E3%83%AB%202F,2021,寿司 TOKYO,sushi_tokyo,発表日：2021年6月3日
鮨 しゅんじ,東京都港区六本木1-4-5 アークヒルズ サウスタワー 1F,食べログ 寿司 TOKYO 百名店 2021,https://tabelog.com/tokyo/A1307/A130701/13246152/,https://www.google.com/maps/search/?api=1&query=%E9%AE%A8%20%E3%81%97%E3%82%85%E3%82%93%E3%81%98%20%E6%9D%B1%E4%BA%AC%E9%83%BD%E6%B8%AF%E5%8C%BA%E5%85%AD%E6%9C%AC%E6%9C%A81-4-5%20%E3%82%A2%E3%83%BC%E3%82%AF%E3%83%92%E3%83%AB%E3%82%BA%20%E3%82%B5%E3%82%A6%E3%82%B9%E3%82%BF%E3%83%AF%E3%83%BC%201F,2021,寿司 TOKYO,sushi_tokyo,発表日：2021年6月3日
銀座 鮨青木 銀座本店,東京都中央区銀座6-7-4 銀座タカハシビル　２Ｆ,食べログ 寿司 TOKYO 百名店 2021,https://tabelog.com/tokyo/A1301/A130101/13000563/,https://www.google.com/maps/search/?api=1&query=%E9%8A%80%E5%BA%A7%20%E9%AE%A8%E9%9D%92%E6%9C%A8%20%E9%8A%80%E5%BA%A7%E6%9C%AC%E5%BA%97%20%E6%9D%B1%E4%BA%AC%E9%83%BD%E4%B8%AD%E5%A4%AE%E5%8C%BA%E9%8A%80%E5%BA%A76-7-4%20%E9%8A%80%E5%BA%A7%E3%82%BF%E3%82%AB%E3%83%8F%E3%82%B7%E3%83%93%E3%83%AB%E3%80%80%EF%BC%92%EF%BC%A6,2021,寿司 TOKYO,sushi_tokyo,発表日：2021年6月3日
鮨 しゅん輔 阿佐ヶ谷,東京都杉並区阿佐谷南3-44-4 B1F,食べログ 寿司 TOKYO 百名店 2021,https://tabelog.com/tokyo/A1319/A131905/13127515/,https://www.google.com/maps/search/?api=1&query=%E9%AE%A8%20%E3%81%97%E3%82%85%E3%82%93%E8%BC%94%20%E9%98%BF%E4%BD%90%E3%83%B6%E8%B0%B7%20%E6%9D%B1%E4%BA%AC%E9%83%BD%E6%9D%89%E4%B8%A6%E5%8C%BA%E9%98%BF%E4%BD%90%E8%B0%B7%E5%8D%973-44-4%20B1F,2021,寿司 TOKYO,sushi_tokyo,発表日：2021年6月3日
紀文寿司,東京都台東区浅草1-17-10,食べログ 寿司 TOKYO 百名店 2021,https://tabelog.com/tokyo/A1311/A131102/13016811/,https://www.google.com/maps/search/?api=1&query=%E7%B4%80%E6%96%87%E5%AF%BF%E5%8F%B8%20%E6%9D%B1%E4%BA%AC%E9%83%BD%E5%8F%B0%E6%9D%B1%E5%8C%BA%E6%B5%85%E8%8D%891-17-10,2021,寿司 TOKYO,sushi_tokyo,発表日：2021年6月3日
鮨 りんだ,東京都目黒区下目黒2-24-12 イメージスタジオ109 1F,食べログ 寿司 TOKYO 百名店 2021,https://tabelog.com/tokyo/A1316/A131601/13168140/,https://www.google.com/maps/search/?api=1&query=%E9%AE%A8%20%E3%82%8A%E3%82%93%E3%81%A0%20%E6%9D%B1%E4%BA%AC%E9%83%BD%E7%9B%AE%E9%BB%92%E5%8C%BA%E4%B8%8B%E7%9B%AE%E9%BB%922-24-12%20%E3%82%A4%E3%83%A1%E3%83%BC%E3%82%B8%E3%82%B9%E3%82%BF%E3%82%B8%E3%82%AA109%201F,2021,寿司 TOKYO,sushi_tokyo,発表日：2021年6月3日
鮨 真,東京都港区西麻布4-18-20 西麻布CO-HOUSE　１Ｆ,食べログ 寿司 TOKYO 百名店 2021,https://tabelog.com/tokyo/A1307/A130701/13004789/,https://www.google.com/maps/search/?api=1&query=%E9%AE%A8%20%E7%9C%9F%20%E6%9D%B1%E4%BA%AC%E9%83%BD%E6%B8%AF%E5%8C%BA%E8%A5%BF%E9%BA%BB%E5%B8%834-18-20%20%E8%A5%BF%E9%BA%BB%E5%B8%83CO-HOUSE%E3%80%80%EF%BC%91%EF%BC%A6,2021,寿司 TOKYO,sushi_tokyo,発表日：2021年6月3日
すし匠 まさ,東京都港区西麻布4-1-15 セブン西麻布　Ｂ１Ｆ,食べログ 寿司 TOKYO 百名店 2021,https://tabelog.com/tokyo/A1307/A130703/13016512/,https://www.google.com/maps/search/?api=1&query=%E3%81%99%E3%81%97%E5%8C%A0%20%E3%81%BE%E3%81%95%20%E6%9D%B1%E4%BA%AC%E9%83%BD%E6%B8%AF%E5%8C%BA%E8%A5%BF%E9%BA%BB%E5%B8%834-1-15%20%E3%82%BB%E3%83%96%E3%83%B3%E8%A5%BF%E9%BA%BB%E5%B8%83%E3%80%80%EF%BC%A2%EF%BC%91%EF%BC%A6,2021,寿司 TOKYO,sushi_tokyo,発表日：2021年6月3日
鮨 尚充,東京都目黒区青葉台1-28-2 EXA 1F,食べログ 寿司 TOKYO 百名店 2021,https://tabelog.com/tokyo/A1317/A131701/13128483/,https://www.google.com/maps/search/?api=1&query=%E9%AE%A8%20%E5%B0%9A%E5%85%85%20%E6%9D%B1%E4%BA%AC%E9%83%BD%E7%9B%AE%E9%BB%92%E5%8C%BA%E9%9D%92%E8%91%89%E5%8F%B01-28-2%20EXA%201F,2021,寿司 TOKYO,sushi_tokyo,発表日：2021年6月3日
鮨 由う,東京都港区六本木4-5-11 ランド六本木ビル B1,食べログ 寿司 TOKYO 百名店 2021,https://tabelog.com/tokyo/A1307/A130701/13201640/,https://www.google.com/maps/search/?api=1&query=%E9%AE%A8%20%E7%94%B1%E3%81%86%20%E6%9D%B1%E4%BA%AC%E9%83%BD%E6%B8%AF%E5%8C%BA%E5%85%AD%E6%9C%AC%E6%9C%A84-5-11%20%E3%83%A9%E3%83%B3%E3%83%89%E5%85%AD%E6%9C%AC%E6%9C%A8%E3%83%93%E3%83%AB%20B1,2021,寿司 TOKYO,sushi_tokyo,発表日：2021年6月3日
鮨 はしぐち,東京都港区元赤坂1-5-20 ロイヤル赤坂サルーン1F,食べログ 寿司 TOKYO 百名店 2021,https://tabelog.com/tokyo/A1308/A130801/13134517/,https://www.google.com/maps/search/?api=1&query=%E9%AE%A8%20%E3%81%AF%E3%81%97%E3%81%90%E3%81%A1%20%E6%9D%B1%E4%BA%AC%E9%83%BD%E6%B8%AF%E5%8C%BA%E5%85%83%E8%B5%A4%E5%9D%821-5-20%20%E3%83%AD%E3%82%A4%E3%83%A4%E3%83%AB%E8%B5%A4%E5%9D%82%E3%82%B5%E3%83%AB%E3%83%BC%E3%83%B31F,2021,寿司 TOKYO,sushi_tokyo,発表日：2021年6月3日
鮨 銀座 おのでら,東京都中央区銀座5-14-14 サンリット銀座ビルⅢ B1F・2F,食べログ 寿司 TOKYO 百名店 2021,https://tabelog.com/tokyo/A1301/A130101/13153824/,https://www.google.com/maps/search/?api=1&query=%E9%AE%A8%20%E9%8A%80%E5%BA%A7%20%E3%81%8A%E3%81%AE%E3%81%A7%E3%82%89%20%E6%9D%B1%E4%BA%AC%E9%83%BD%E4%B8%AD%E5%A4%AE%E5%8C%BA%E9%8A%80%E5%BA%A75-14-14%20%E3%82%B5%E3%83%B3%E3%83%AA%E3%83%83%E3%83%88%E9%8A%80%E5%BA%A7%E3%83%93%E3%83%AB%E2%85%A2%20B1F%E3%83%BB2F,2021,寿司 TOKYO,sushi_tokyo,発表日：2021年6月3日
鮨 久いち,東京都台東区浅草3-18-8,食べログ 寿司 TOKYO 百名店 2021,https://tabelog.com/tokyo/A1311/A131102/13021324/,https://www.google.com/maps/search/?api=1&query=%E9%AE%A8%20%E4%B9%85%E3%81%84%E3%81%A1%20%E6%9D%B1%E4%BA%AC%E9%83%BD%E5%8F%B0%E6%9D%B1%E5%8C%BA%E6%B5%85%E8%8D%893-18-8,2021,寿司 TOKYO,sushi_tokyo,発表日：2021年6月3日
かつ吉 水道橋店,東京都文京区本郷1-4-1 全水道会館　Ｂ１Ｆ,食べログ とんかつ 百名店 2021,https://tabelog.com/tokyo/A1310/A131003/13003524/,https://www.google.com/maps/search/?api=1&query=%E3%81%8B%E3%81%A4%E5%90%89%20%E6%B0%B4%E9%81%93%E6%A9%8B%E5%BA%97%20%E6%9D%B1%E4%BA%AC%E9%83%BD%E6%96%87%E4%BA%AC%E5%8C%BA%E6%9C%AC%E9%83%B71-4-1%20%E5%85%A8%E6%B0%B4%E9%81%93%E4%BC%9A%E9%A4%A8%E3%80%80%EF%BC%A2%EF%BC%91%EF%BC%A6,2021,とんかつ,tonkatsu,発表日：2021年4月13日
イマカツ 六本木本店,東京都港区六本木4-12-5 フェニキア ルクソス 1F,食べログ とんかつ 百名店 2021,https://tabelog.com/tokyo/A1307/A130701/13096723/,https://www.google.com/maps/search/?api=1&query=%E3%82%A4%E3%83%9E%E3%82%AB%E3%83%84%20%E5%85%AD%E6%9C%AC%E6%9C%A8%E6%9C%AC%E5%BA%97%20%E6%9D%B1%E4%BA%AC%E9%83%BD%E6%B8%AF%E5%8C%BA%E5%85%AD%E6%9C%AC%E6%9C%A84-12-5%20%E3%83%95%E3%82%A7%E3%83%8B%E3%82%AD%E3%82%A2%20%E3%83%AB%E3%82%AF%E3%82%BD%E3%82%B9%201F,2021,とんかつ,tonkatsu,発表日：2021年4月13日
まるやま食堂,東京都大田区蒲田5-2-7 渡辺ビル　1F,食べログ とんかつ 百名店 2021,https://tabelog.com/tokyo/A1315/A131503/13119166/,https://www.google.com/maps/search/?api=1&query=%E3%81%BE%E3%82%8B%E3%82%84%E3%81%BE%E9%A3%9F%E5%A0%82%20%E6%9D%B1%E4%BA%AC%E9%83%BD%E5%A4%A7%E7%94%B0%E5%8C%BA%E8%92%B2%E7%94%B05-2-7%20%E6%B8%A1%E8%BE%BA%E3%83%93%E3%83%AB%E3%80%801F,2021,とんかつ,tonkatsu,発表日：2021年4月13日
とんかつ武信 代々木上原店,東京都渋谷区西原3-1-7 ティーズプレイス 1F,食べログ とんかつ 百名店 2021,https://tabelog.com/tokyo/A1318/A131811/13024248/,https://www.google.com/maps/search/?api=1&query=%E3%81%A8%E3%82%93%E3%81%8B%E3%81%A4%E6%AD%A6%E4%BF%A1%20%E4%BB%A3%E3%80%85%E6%9C%A8%E4%B8%8A%E5%8E%9F%E5%BA%97%20%E6%9D%B1%E4%BA%AC%E9%83%BD%E6%B8%8B%E8%B0%B7%E5%8C%BA%E8%A5%BF%E5%8E%9F3-1-7%20%E3%83%86%E3%82%A3%E3%83%BC%E3%82%BA%E3%83%97%E3%83%AC%E3%82%A4%E3%82%B9%201F,2021,とんかつ,tonkatsu,発表日：2021年4月13日
瑞兆,東京都渋谷区宇田川町41-26 パピエビル 1F,食べログ とんかつ 百名店 2021,https://tabelog.com/tokyo/A1303/A130301/13161530/,https://www.google.com/maps/search/?api=1&query=%E7%91%9E%E5%85%86%20%E6%9D%B1%E4%BA%AC%E9%83%BD%E6%B8%8B%E8%B0%B7%E5%8C%BA%E5%AE%87%E7%94%B0%E5%B7%9D%E7%94%BA41-26%20%E3%83%91%E3%83%94%E3%82%A8%E3%83%93%E3%83%AB%201F,2021,とんかつ,tonkatsu,発表日：2021年4月13日
かつ平,東京都中央区築地6-12-10,食べログ とんかつ 百名店 2021,https://tabelog.com/tokyo/A1313/A131301/13007635/,https://www.google.com/maps/search/?api=1&query=%E3%81%8B%E3%81%A4%E5%B9%B3%20%E6%9D%B1%E4%BA%AC%E9%83%BD%E4%B8%AD%E5%A4%AE%E5%8C%BA%E7%AF%89%E5%9C%B06-12-10,2021,とんかつ,tonkatsu,発表日：2021年4月13日
とんかつ檍 蒲田本店,東京都大田区蒲田5-43-7 ロイヤルハイツ蒲田１０２,食べログ とんかつ 百名店 2021,https://tabelog.com/tokyo/A1315/A131503/13114843/,https://www.google.com/maps/search/?api=1&query=%E3%81%A8%E3%82%93%E3%81%8B%E3%81%A4%E6%AA%8D%20%E8%92%B2%E7%94%B0%E6%9C%AC%E5%BA%97%20%E6%9D%B1%E4%BA%AC%E9%83%BD%E5%A4%A7%E7%94%B0%E5%8C%BA%E8%92%B2%E7%94%B05-43-7%20%E3%83%AD%E3%82%A4%E3%83%A4%E3%83%AB%E3%83%8F%E3%82%A4%E3%83%84%E8%92%B2%E7%94%B0%EF%BC%91%EF%BC%90%EF%BC%92,2021,とんかつ,tonkatsu,発表日：2021年4月13日
丸一,東京都大田区大森北1-7-2,食べログ とんかつ 百名店 2021,https://tabelog.com/tokyo/A1315/A131502/13003332/,https://www.google.com/maps/search/?api=1&query=%E4%B8%B8%E4%B8%80%20%E6%9D%B1%E4%BA%AC%E9%83%BD%E5%A4%A7%E7%94%B0%E5%8C%BA%E5%A4%A7%E6%A3%AE%E5%8C%971-7-2,2021,とんかつ,tonkatsu,発表日：2021年4月13日
とんかつ燕楽,東京都大田区池上6-1-4,食べログ とんかつ 百名店 2021,https://tabelog.com/tokyo/A1317/A131714/13034183/,https://www.google.com/maps/search/?api=1&query=%E3%81%A8%E3%82%93%E3%81%8B%E3%81%A4%E7%87%95%E6%A5%BD%20%E6%9D%B1%E4%BA%AC%E9%83%BD%E5%A4%A7%E7%94%B0%E5%8C%BA%E6%B1%A0%E4%B8%8A6-1-4,2021,とんかつ,tonkatsu,発表日：2021年4月13日
ぽん多本家,東京都台東区上野3-23-3,食べログ とんかつ 百名店 2021,https://tabelog.com/tokyo/A1311/A131101/13003587/,https://www.google.com/maps/search/?api=1&query=%E3%81%BD%E3%82%93%E5%A4%9A%E6%9C%AC%E5%AE%B6%20%E6%9D%B1%E4%BA%AC%E9%83%BD%E5%8F%B0%E6%9D%B1%E5%8C%BA%E4%B8%8A%E9%87%8E3-23-3,2021,とんかつ,tonkatsu,発表日：2021年4月13日
とんかつ いちかつ,東京都墨田区横網1-3-4,食べログ とんかつ 百名店 2021,https://tabelog.com/tokyo/A1312/A131201/13127752/,https://www.google.com/maps/search/?api=1&query=%E3%81%A8%E3%82%93%E3%81%8B%E3%81%A4%20%E3%81%84%E3%81%A1%E3%81%8B%E3%81%A4%20%E6%9D%B1%E4%BA%AC%E9%83%BD%E5%A2%A8%E7%94%B0%E5%8C%BA%E6%A8%AA%E7%B6%B21-3-4,2021,とんかつ,tonkatsu,発表日：2021年4月13日
丸五,東京都千代田区外神田1-8-14,食べログ とんかつ 百名店 2021,https://tabelog.com/tokyo/A1310/A131001/13000379/,https://www.google.com/maps/search/?api=1&query=%E4%B8%B8%E4%BA%94%20%E6%9D%B1%E4%BA%AC%E9%83%BD%E5%8D%83%E4%BB%A3%E7%94%B0%E5%8C%BA%E5%A4%96%E7%A5%9E%E7%94%B01-8-14,2021,とんかつ,tonkatsu,発表日：2021年4月13日
西麻布 豚組,東京都港区西麻布2-24-9,食べログ とんかつ 百名店 2021,https://tabelog.com/tokyo/A1307/A130701/13004791/,https://www.google.com/maps/search/?api=1&query=%E8%A5%BF%E9%BA%BB%E5%B8%83%20%E8%B1%9A%E7%B5%84%20%E6%9D%B1%E4%BA%AC%E9%83%BD%E6%B8%AF%E5%8C%BA%E8%A5%BF%E9%BA%BB%E5%B8%832-24-9,2021,とんかつ,tonkatsu,発表日：2021年4月13日
とんかつ とんき 目黒本店,東京都目黒区下目黒1-1-2,食べログ とんかつ 百名店 2021,https://tabelog.com/tokyo/A1316/A131601/13002040/,https://www.google.com/maps/search/?api=1&query=%E3%81%A8%E3%82%93%E3%81%8B%E3%81%A4%20%E3%81%A8%E3%82%93%E3%81%8D%20%E7%9B%AE%E9%BB%92%E6%9C%AC%E5%BA%97%20%E6%9D%B1%E4%BA%AC%E9%83%BD%E7%9B%AE%E9%BB%92%E5%8C%BA%E4%B8%8B%E7%9B%AE%E9%BB%921-1-2,2021,とんかつ,tonkatsu,発表日：2021年4月13日
はせ川,東京都墨田区両国3-24-1 両国尾崎ビル　１０３,食べログ とんかつ 百名店 2021,https://tabelog.com/tokyo/A1312/A131201/13019126/,https://www.google.com/maps/search/?api=1&query=%E3%81%AF%E3%81%9B%E5%B7%9D%20%E6%9D%B1%E4%BA%AC%E9%83%BD%E5%A2%A8%E7%94%B0%E5%8C%BA%E4%B8%A1%E5%9B%BD3-24-1%20%E4%B8%A1%E5%9B%BD%E5%B0%BE%E5%B4%8E%E3%83%93%E3%83%AB%E3%80%80%EF%BC%91%EF%BC%90%EF%BC%93,2021,とんかつ,tonkatsu,発表日：2021年4月13日
くり家,東京都墨田区錦糸1-12-2,食べログ とんかつ 百名店 2021,https://tabelog.com/tokyo/A1312/A131201/13041484/,https://www.google.com/maps/search/?api=1&query=%E3%81%8F%E3%82%8A%E5%AE%B6%20%E6%9D%B1%E4%BA%AC%E9%83%BD%E5%A2%A8%E7%94%B0%E5%8C%BA%E9%8C%A6%E7%B3%B81-12-2,2021,とんかつ,tonkatsu,発表日：2021年4月13日
新潟カツ丼 タレカツ 本店,東京都千代田区西神田2-8-9,食べログ とんかつ 百名店 2021,https://tabelog.com/tokyo/A1310/A131003/13040666/,https://www.google.com/maps/search/?api=1&query=%E6%96%B0%E6%BD%9F%E3%82%AB%E3%83%84%E4%B8%BC%20%E3%82%BF%E3%83%AC%E3%82%AB%E3%83%84%20%E6%9C%AC%E5%BA%97%20%E6%9D%B1%E4%BA%AC%E9%83%BD%E5%8D%83%E4%BB%A3%E7%94%B0%E5%8C%BA%E8%A5%BF%E7%A5%9E%E7%94%B02-8-9,2021,とんかつ,tonkatsu,発表日：2021年4月13日
丸八とんかつ店 本店,東京都品川区東大井5-4-10,食べログ とんかつ 百名店 2021,https://tabelog.com/tokyo/A1315/A131501/13007363/,https://www.google.com/maps/search/?api=1&query=%E4%B8%B8%E5%85%AB%E3%81%A8%E3%82%93%E3%81%8B%E3%81%A4%E5%BA%97%20%E6%9C%AC%E5%BA%97%20%E6%9D%B1%E4%BA%AC%E9%83%BD%E5%93%81%E5%B7%9D%E5%8C%BA%E6%9D%B1%E5%A4%A7%E4%BA%955-4-10,2021,とんかつ,tonkatsu,発表日：2021年4月13日
とんかつ桂,東京都小平市上水本町5-7-20,食べログ とんかつ 百名店 2021,https://tabelog.com/tokyo/A1325/A132502/13016062/,https://www.google.com/maps/search/?api=1&query=%E3%81%A8%E3%82%93%E3%81%8B%E3%81%A4%E6%A1%82%20%E6%9D%B1%E4%BA%AC%E9%83%BD%E5%B0%8F%E5%B9%B3%E5%B8%82%E4%B8%8A%E6%B0%B4%E6%9C%AC%E7%94%BA5-7-20,2021,とんかつ,tonkatsu,発表日：2021年4月13日
とんかつ やまいち,東京都千代田区神田須田町1-8-4 玉井ビル1F,食べログ とんかつ 百名店 2021,https://tabelog.com/tokyo/A1310/A131002/13042246/,https://www.google.com/maps/search/?api=1&query=%E3%81%A8%E3%82%93%E3%81%8B%E3%81%A4%20%E3%82%84%E3%81%BE%E3%81%84%E3%81%A1%20%E6%9D%B1%E4%BA%AC%E9%83%BD%E5%8D%83%E4%BB%A3%E7%94%B0%E5%8C%BA%E7%A5%9E%E7%94%B0%E9%A0%88%E7%94%B0%E7%94%BA1-8-4%20%E7%8E%89%E4%BA%95%E3%83%93%E3%83%AB1F,2021,とんかつ,tonkatsu,発表日：2021年4月13日
とんかつ 明石,東京都港区新橋2-16-1 ニュー新橋ビル 4F,食べログ とんかつ 百名店 2021,https://tabelog.com/tokyo/A1301/A130103/13033663/,https://www.google.com/maps/search/?api=1&query=%E3%81%A8%E3%82%93%E3%81%8B%E3%81%A4%20%E6%98%8E%E7%9F%B3%20%E6%9D%B1%E4%BA%AC%E9%83%BD%E6%B8%AF%E5%8C%BA%E6%96%B0%E6%A9%8B2-16-1%20%E3%83%8B%E3%83%A5%E3%83%BC%E6%96%B0%E6%A9%8B%E3%83%93%E3%83%AB%204F,2021,とんかつ,tonkatsu,発表日：2021年4月13日
とんかつ瓢,千葉県柏市旭町2-2-2 第一松崎ビル 1F,食べログ とんかつ 百名店 2021,https://tabelog.com/chiba/A1203/A120301/12038382/,https://www.google.com/maps/search/?api=1&query=%E3%81%A8%E3%82%93%E3%81%8B%E3%81%A4%E7%93%A2%20%E5%8D%83%E8%91%89%E7%9C%8C%E6%9F%8F%E5%B8%82%E6%97%AD%E7%94%BA2-2-2%20%E7%AC%AC%E4%B8%80%E6%9D%BE%E5%B4%8E%E3%83%93%E3%83%AB%201F,2021,とんかつ,tonkatsu,発表日：2021年4月13日
とんかつ 鉄,東京都品川区南大井6-19-16 カテリーナ大森 B1F,食べログ とんかつ 百名店 2021,https://tabelog.com/tokyo/A1315/A131502/13178524/,https://www.google.com/maps/search/?api=1&query=%E3%81%A8%E3%82%93%E3%81%8B%E3%81%A4%20%E9%89%84%20%E6%9D%B1%E4%BA%AC%E9%83%BD%E5%93%81%E5%B7%9D%E5%8C%BA%E5%8D%97%E5%A4%A7%E4%BA%956-19-16%20%E3%82%AB%E3%83%86%E3%83%AA%E3%83%BC%E3%83%8A%E5%A4%A7%E6%A3%AE%20B1F,2021,とんかつ,tonkatsu,発表日：2021年4月13日
かつ好,東京都中央区日本橋人形町3-4-11,食べログ とんかつ 百名店 2021,https://tabelog.com/tokyo/A1302/A130204/13204633/,https://www.google.com/maps/search/?api=1&query=%E3%81%8B%E3%81%A4%E5%A5%BD%20%E6%9D%B1%E4%BA%AC%E9%83%BD%E4%B8%AD%E5%A4%AE%E5%8C%BA%E6%97%A5%E6%9C%AC%E6%A9%8B%E4%BA%BA%E5%BD%A2%E7%94%BA3-4-11,2021,とんかつ,tonkatsu,発表日：2021年4月13日
馬酔木,神奈川県横浜市都筑区高山14-5 エスパシオ高山,食べログ とんかつ 百名店 2021,https://tabelog.com/kanagawa/A1401/A140203/14004365/,https://www.google.com/maps/search/?api=1&query=%E9%A6%AC%E9%85%94%E6%9C%A8%20%E7%A5%9E%E5%A5%88%E5%B7%9D%E7%9C%8C%E6%A8%AA%E6%B5%9C%E5%B8%82%E9%83%BD%E7%AD%91%E5%8C%BA%E9%AB%98%E5%B1%B114-5%20%E3%82%A8%E3%82%B9%E3%83%91%E3%82%B7%E3%82%AA%E9%AB%98%E5%B1%B1,2021,とんかつ,tonkatsu,発表日：2021年4月13日
丸一,東京都大田区蒲田5-28-12,食べログ とんかつ 百名店 2021,https://tabelog.com/tokyo/A1315/A131503/13017765/,https://www.google.com/maps/search/?api=1&query=%E4%B8%B8%E4%B8%80%20%E6%9D%B1%E4%BA%AC%E9%83%BD%E5%A4%A7%E7%94%B0%E5%8C%BA%E8%92%B2%E7%94%B05-28-12,2021,とんかつ,tonkatsu,発表日：2021年4月13日
鈴新,東京都新宿区荒木町10-28 十番館ビル 1F,食べログ とんかつ 百名店 2021,https://tabelog.com/tokyo/A1309/A130903/13027073/,https://www.google.com/maps/search/?api=1&query=%E9%88%B4%E6%96%B0%20%E6%9D%B1%E4%BA%AC%E9%83%BD%E6%96%B0%E5%AE%BF%E5%8C%BA%E8%8D%92%E6%9C%A8%E7%94%BA10-28%20%E5%8D%81%E7%95%AA%E9%A4%A8%E3%83%93%E3%83%AB%201F,2021,とんかつ,tonkatsu,発表日：2021年4月13日
とんかつ まさむね,東京都港区赤坂2-8-19,食べログ とんかつ 百名店 2021,https://tabelog.com/tokyo/A1308/A130802/13156833/,https://www.google.com/maps/search/?api=1&query=%E3%81%A8%E3%82%93%E3%81%8B%E3%81%A4%20%E3%81%BE%E3%81%95%E3%82%80%E3%81%AD%20%E6%9D%B1%E4%BA%AC%E9%83%BD%E6%B8%AF%E5%8C%BA%E8%B5%A4%E5%9D%822-8-19,2021,とんかつ,tonkatsu,発表日：2021年4月13日
とんかつ檍 大門店,東京都港区浜松町1-11-12 KMビル 1F,食べログ とんかつ 百名店 2021,https://tabelog.com/tokyo/A1314/A131401/13190933/,https://www.google.com/maps/search/?api=1&query=%E3%81%A8%E3%82%93%E3%81%8B%E3%81%A4%E6%AA%8D%20%E5%A4%A7%E9%96%80%E5%BA%97%20%E6%9D%B1%E4%BA%AC%E9%83%BD%E6%B8%AF%E5%8C%BA%E6%B5%9C%E6%9D%BE%E7%94%BA1-11-12%20KM%E3%83%93%E3%83%AB%201F,2021,とんかつ,tonkatsu,発表日：2021年4月13日
吉平,東京都千代田区神田富山町29 1F,食べログ とんかつ 百名店 2021,https://tabelog.com/tokyo/A1310/A131002/13237293/,https://www.google.com/maps/search/?api=1&query=%E5%90%89%E5%B9%B3%20%E6%9D%B1%E4%BA%AC%E9%83%BD%E5%8D%83%E4%BB%A3%E7%94%B0%E5%8C%BA%E7%A5%9E%E7%94%B0%E5%AF%8C%E5%B1%B1%E7%94%BA29%201F,2021,とんかつ,tonkatsu,発表日：2021年4月13日
あげ福,東京都品川区西五反田2-15-13 ニューハイツ西五反田 1F,食べログ とんかつ 百名店 2021,https://tabelog.com/tokyo/A1316/A131603/13154272/,https://www.google.com/maps/search/?api=1&query=%E3%81%82%E3%81%92%E7%A6%8F%20%E6%9D%B1%E4%BA%AC%E9%83%BD%E5%93%81%E5%B7%9D%E5%8C%BA%E8%A5%BF%E4%BA%94%E5%8F%8D%E7%94%B02-15-13%20%E3%83%8B%E3%83%A5%E3%83%BC%E3%83%8F%E3%82%A4%E3%83%84%E8%A5%BF%E4%BA%94%E5%8F%8D%E7%94%B0%201F,2021,とんかつ,tonkatsu,発表日：2021年4月13日
とんかつ山家 御徒町店,東京都台東区上野6-2-6 胡同ビル 1F,食べログ とんかつ 百名店 2021,https://tabelog.com/tokyo/A1311/A131101/13138428/,https://www.google.com/maps/search/?api=1&query=%E3%81%A8%E3%82%93%E3%81%8B%E3%81%A4%E5%B1%B1%E5%AE%B6%20%E5%BE%A1%E5%BE%92%E7%94%BA%E5%BA%97%20%E6%9D%B1%E4%BA%AC%E9%83%BD%E5%8F%B0%E6%9D%B1%E5%8C%BA%E4%B8%8A%E9%87%8E6-2-6%20%E8%83%A1%E5%90%8C%E3%83%93%E3%83%AB%201F,2021,とんかつ,tonkatsu,発表日：2021年4月13日
とんかつひなた,東京都新宿区高田馬場2-13-9 鈴木ビル1階,食べログ とんかつ 百名店 2021,https://tabelog.com/tokyo/A1305/A130503/13204289/,https://www.google.com/maps/search/?api=1&query=%E3%81%A8%E3%82%93%E3%81%8B%E3%81%A4%E3%81%B2%E3%81%AA%E3%81%9F%20%E6%9D%B1%E4%BA%AC%E9%83%BD%E6%96%B0%E5%AE%BF%E5%8C%BA%E9%AB%98%E7%94%B0%E9%A6%AC%E5%A0%B42-13-9%20%E9%88%B4%E6%9C%A8%E3%83%93%E3%83%AB1%E9%9A%8E,2021,とんかつ,tonkatsu,発表日：2021年4月13日
にし邑,東京都中央区銀座3-12-6 盛重ビル 1F,食べログ とんかつ 百名店 2021,https://tabelog.com/tokyo/A1301/A130101/13025298/,https://www.google.com/maps/search/?api=1&query=%E3%81%AB%E3%81%97%E9%82%91%20%E6%9D%B1%E4%BA%AC%E9%83%BD%E4%B8%AD%E5%A4%AE%E5%8C%BA%E9%8A%80%E5%BA%A73-12-6%20%E7%9B%9B%E9%87%8D%E3%83%93%E3%83%AB%201F,2021,とんかつ,tonkatsu,発表日：2021年4月13日
とんかつまるや 新橋駅前本店,東京都港区新橋2-20-15 新橋駅前ビル1号館 1F,食べログ とんかつ 百名店 2021,https://tabelog.com/tokyo/A1301/A130103/13019814/,https://www.google.com/maps/search/?api=1&query=%E3%81%A8%E3%82%93%E3%81%8B%E3%81%A4%E3%81%BE%E3%82%8B%E3%82%84%20%E6%96%B0%E6%A9%8B%E9%A7%85%E5%89%8D%E6%9C%AC%E5%BA%97%20%E6%9D%B1%E4%BA%AC%E9%83%BD%E6%B8%AF%E5%8C%BA%E6%96%B0%E6%A9%8B2-20-15%20%E6%96%B0%E6%A9%8B%E9%A7%85%E5%89%8D%E3%83%93%E3%83%AB1%E5%8F%B7%E9%A4%A8%201F,2021,とんかつ,tonkatsu,発表日：2021年4月13日
イマカツ 銀座店,東京都中央区銀座4-13-18 医療ビル 1F,食べログ とんかつ 百名店 2021,https://tabelog.com/tokyo/A1301/A130101/13159038/,https://www.google.com/maps/search/?api=1&query=%E3%82%A4%E3%83%9E%E3%82%AB%E3%83%84%20%E9%8A%80%E5%BA%A7%E5%BA%97%20%E6%9D%B1%E4%BA%AC%E9%83%BD%E4%B8%AD%E5%A4%AE%E5%8C%BA%E9%8A%80%E5%BA%A74-13-18%20%E5%8C%BB%E7%99%82%E3%83%93%E3%83%AB%201F,2021,とんかつ,tonkatsu,発表日：2021年4月13日
とんかつ 末吉,東京都港区赤坂4-3-10,食べログ とんかつ 百名店 2021,https://tabelog.com/tokyo/A1308/A130801/13013454/,https://www.google.com/maps/search/?api=1&query=%E3%81%A8%E3%82%93%E3%81%8B%E3%81%A4%20%E6%9C%AB%E5%90%89%20%E6%9D%B1%E4%BA%AC%E9%83%BD%E6%B8%AF%E5%8C%BA%E8%B5%A4%E5%9D%824-3-10,2021,とんかつ,tonkatsu,発表日：2021年4月13日
井泉 本店,東京都文京区湯島3-40-3,食べログ とんかつ 百名店 2021,https://tabelog.com/tokyo/A1311/A131101/13003619/,https://www.google.com/maps/search/?api=1&query=%E4%BA%95%E6%B3%89%20%E6%9C%AC%E5%BA%97%20%E6%9D%B1%E4%BA%AC%E9%83%BD%E6%96%87%E4%BA%AC%E5%8C%BA%E6%B9%AF%E5%B3%B63-40-3,2021,とんかつ,tonkatsu,発表日：2021年4月13日
かつ吉 新丸ビル店,東京都千代田区丸の内1-5-1 新丸の内ビルディング 5F,食べログ とんかつ 百名店 2021,https://tabelog.com/tokyo/A1302/A130201/13038494/,https://www.google.com/maps/search/?api=1&query=%E3%81%8B%E3%81%A4%E5%90%89%20%E6%96%B0%E4%B8%B8%E3%83%93%E3%83%AB%E5%BA%97%20%E6%9D%B1%E4%BA%AC%E9%83%BD%E5%8D%83%E4%BB%A3%E7%94%B0%E5%8C%BA%E4%B8%B8%E3%81%AE%E5%86%851-5-1%20%E6%96%B0%E4%B8%B8%E3%81%AE%E5%86%85%E3%83%93%E3%83%AB%E3%83%87%E3%82%A3%E3%83%B3%E3%82%B0%205F,2021,とんかつ,tonkatsu,発表日：2021年4月13日
あげづき,東京都新宿区神楽坂3-2 山ノ内ビル B1F,食べログ とんかつ 百名店 2021,https://tabelog.com/tokyo/A1309/A130905/13107796/,https://www.google.com/maps/search/?api=1&query=%E3%81%82%E3%81%92%E3%81%A5%E3%81%8D%20%E6%9D%B1%E4%BA%AC%E9%83%BD%E6%96%B0%E5%AE%BF%E5%8C%BA%E7%A5%9E%E6%A5%BD%E5%9D%823-2%20%E5%B1%B1%E3%83%8E%E5%86%85%E3%83%93%E3%83%AB%20B1F,2021,とんかつ,tonkatsu,発表日：2021年4月13日
とん八亭,東京都台東区上野4-3-4,食べログ とんかつ 百名店 2021,https://tabelog.com/tokyo/A1311/A131101/13003593/,https://www.google.com/maps/search/?api=1&query=%E3%81%A8%E3%82%93%E5%85%AB%E4%BA%AD%20%E6%9D%B1%E4%BA%AC%E9%83%BD%E5%8F%B0%E6%9D%B1%E5%8C%BA%E4%B8%8A%E9%87%8E4-3-4,2021,とんかつ,tonkatsu,発表日：2021年4月13日
とん喜,東京都中央区銀座6-5-15 銀座能楽堂ビル B1F,食べログ とんかつ 百名店 2021,https://tabelog.com/tokyo/A1301/A130101/13002627/,https://www.google.com/maps/search/?api=1&query=%E3%81%A8%E3%82%93%E5%96%9C%20%E6%9D%B1%E4%BA%AC%E9%83%BD%E4%B8%AD%E5%A4%AE%E5%8C%BA%E9%8A%80%E5%BA%A76-5-15%20%E9%8A%80%E5%BA%A7%E8%83%BD%E6%A5%BD%E5%A0%82%E3%83%93%E3%83%AB%20B1F,2021,とんかつ,tonkatsu,発表日：2021年4月13日
ぽん太,東京都渋谷区恵比寿西1-34-15 ヒルズ代官山　１Ｆ,食べログ とんかつ 百名店 2021,https://tabelog.com/tokyo/A1303/A130303/13001729/,https://www.google.com/maps/search/?api=1&query=%E3%81%BD%E3%82%93%E5%A4%AA%20%E6%9D%B1%E4%BA%AC%E9%83%BD%E6%B8%8B%E8%B0%B7%E5%8C%BA%E6%81%B5%E6%AF%94%E5%AF%BF%E8%A5%BF1-34-15%20%E3%83%92%E3%83%AB%E3%82%BA%E4%BB%A3%E5%AE%98%E5%B1%B1%E3%80%80%EF%BC%91%EF%BC%A6,2021,とんかつ,tonkatsu,発表日：2021年4月13日
銀座かつかみ,東京都中央区銀座5-6-10 銀座ミヤコビル 5F,食べログ とんかつ 百名店 2021,https://tabelog.com/tokyo/A1301/A130101/13225476/,https://www.google.com/maps/search/?api=1&query=%E9%8A%80%E5%BA%A7%E3%81%8B%E3%81%A4%E3%81%8B%E3%81%BF%20%E6%9D%B1%E4%BA%AC%E9%83%BD%E4%B8%AD%E5%A4%AE%E5%8C%BA%E9%8A%80%E5%BA%A75-6-10%20%E9%8A%80%E5%BA%A7%E3%83%9F%E3%83%A4%E3%82%B3%E3%83%93%E3%83%AB%205F,2021,とんかつ,tonkatsu,発表日：2021年4月13日
かつ平,東京都中央区日本橋本町1-2-3,食べログ とんかつ 百名店 2021,https://tabelog.com/tokyo/A1302/A130202/13006321/,https://www.google.com/maps/search/?api=1&query=%E3%81%8B%E3%81%A4%E5%B9%B3%20%E6%9D%B1%E4%BA%AC%E9%83%BD%E4%B8%AD%E5%A4%AE%E5%8C%BA%E6%97%A5%E6%9C%AC%E6%A9%8B%E6%9C%AC%E7%94%BA1-2-3,2021,とんかつ,tonkatsu,発表日：2021年4月13日
王ろじ,東京都新宿区新宿3-17-21,食べログ とんかつ 百名店 2021,https://tabelog.com/tokyo/A1304/A130401/13000860/,https://www.google.com/maps/search/?api=1&query=%E7%8E%8B%E3%82%8D%E3%81%98%20%E6%9D%B1%E4%BA%AC%E9%83%BD%E6%96%B0%E5%AE%BF%E5%8C%BA%E6%96%B0%E5%AE%BF3-17-21,2021,とんかつ,tonkatsu,発表日：2021年4月13日
あけぼの,東京都千代田区有楽町2-10-1 東京交通会館 B1F,食べログ とんかつ 百名店 2021,https://tabelog.com/tokyo/A1301/A130102/13000129/,https://www.google.com/maps/search/?api=1&query=%E3%81%82%E3%81%91%E3%81%BC%E3%81%AE%20%E6%9D%B1%E4%BA%AC%E9%83%BD%E5%8D%83%E4%BB%A3%E7%94%B0%E5%8C%BA%E6%9C%89%E6%A5%BD%E7%94%BA2-10-1%20%E6%9D%B1%E4%BA%AC%E4%BA%A4%E9%80%9A%E4%BC%9A%E9%A4%A8%20B1F,2021,とんかつ,tonkatsu,発表日：2021年4月13日
とんＱ,神奈川県川崎市川崎区宮本町5-2,食べログ とんかつ 百名店 2021,https://tabelog.com/kanagawa/A1405/A140501/14004581/,https://www.google.com/maps/search/?api=1&query=%E3%81%A8%E3%82%93%EF%BC%B1%20%E7%A5%9E%E5%A5%88%E5%B7%9D%E7%9C%8C%E5%B7%9D%E5%B4%8E%E5%B8%82%E5%B7%9D%E5%B4%8E%E5%8C%BA%E5%AE%AE%E6%9C%AC%E7%94%BA5-2,2021,とんかつ,tonkatsu,発表日：2021年4月13日
とん太,東京都豊島区高田3-17-8,食べログ とんかつ 百名店 2021,https://tabelog.com/tokyo/A1305/A130503/13003984/,https://www.google.com/maps/search/?api=1&query=%E3%81%A8%E3%82%93%E5%A4%AA%20%E6%9D%B1%E4%BA%AC%E9%83%BD%E8%B1%8A%E5%B3%B6%E5%8C%BA%E9%AB%98%E7%94%B03-17-8,2021,とんかつ,tonkatsu,発表日：2021年4月13日
車力門 ちゃわんぶ,東京都新宿区荒木町3-22 島ビル 1F,食べログ とんかつ 百名店 2021,https://tabelog.com/tokyo/A1309/A130903/13234679/,https://www.google.com/maps/search/?api=1&query=%E8%BB%8A%E5%8A%9B%E9%96%80%20%E3%81%A1%E3%82%83%E3%82%8F%E3%82%93%E3%81%B6%20%E6%9D%B1%E4%BA%AC%E9%83%BD%E6%96%B0%E5%AE%BF%E5%8C%BA%E8%8D%92%E6%9C%A8%E7%94%BA3-22%20%E5%B3%B6%E3%83%93%E3%83%AB%201F,2021,とんかつ,tonkatsu,発表日：2021年4月13日
とんかつ 大宝,東京都目黒区目黒1-6-15 1F,食べログ とんかつ 百名店 2021,https://tabelog.com/tokyo/A1316/A131601/13007463/,https://www.google.com/maps/search/?api=1&query=%E3%81%A8%E3%82%93%E3%81%8B%E3%81%A4%20%E5%A4%A7%E5%AE%9D%20%E6%9D%B1%E4%BA%AC%E9%83%BD%E7%9B%AE%E9%BB%92%E5%8C%BA%E7%9B%AE%E9%BB%921-6-15%201F,2021,とんかつ,tonkatsu,発表日：2021年4月13日
あさや,東京都千代田区東神田1-14-6,食べログ とんかつ 百名店 2021,https://tabelog.com/tokyo/A1302/A130204/13016898/,https://www.google.com/maps/search/?api=1&query=%E3%81%82%E3%81%95%E3%82%84%20%E6%9D%B1%E4%BA%AC%E9%83%BD%E5%8D%83%E4%BB%A3%E7%94%B0%E5%8C%BA%E6%9D%B1%E7%A5%9E%E7%94%B01-14-6,2021,とんかつ,tonkatsu,発表日：2021年4月13日
とんかつ成蔵,東京都杉並区成田東4-33-9,食べログ とんかつ 百名店 2021,https://tabelog.com/tokyo/A1319/A131905/13236380/,https://www.google.com/maps/search/?api=1&query=%E3%81%A8%E3%82%93%E3%81%8B%E3%81%A4%E6%88%90%E8%94%B5%20%E6%9D%B1%E4%BA%AC%E9%83%BD%E6%9D%89%E4%B8%A6%E5%8C%BA%E6%88%90%E7%94%B0%E6%9D%B14-33-9,2021,とんかつ,tonkatsu,発表日：2021年4月13日
とんかつ ゆたか,東京都台東区浅草1-15-9,食べログ とんかつ 百名店 2021,https://tabelog.com/tokyo/A1311/A131102/13003669/,https://www.google.com/maps/search/?api=1&query=%E3%81%A8%E3%82%93%E3%81%8B%E3%81%A4%20%E3%82%86%E3%81%9F%E3%81%8B%20%E6%9D%B1%E4%BA%AC%E9%83%BD%E5%8F%B0%E6%9D%B1%E5%8C%BA%E6%B5%85%E8%8D%891-15-9,2021,とんかつ,tonkatsu,発表日：2021年4月13日
とんかつ目黒こがね,東京都品川区上大崎3-3-4 ヤマヒロビル 1F,食べログ とんかつ 百名店 2021,https://tabelog.com/tokyo/A1316/A131601/13218267/,https://www.google.com/maps/search/?api=1&query=%E3%81%A8%E3%82%93%E3%81%8B%E3%81%A4%E7%9B%AE%E9%BB%92%E3%81%93%E3%81%8C%E3%81%AD%20%E6%9D%B1%E4%BA%AC%E9%83%BD%E5%93%81%E5%B7%9D%E5%8C%BA%E4%B8%8A%E5%A4%A7%E5%B4%8E3-3-4%20%E3%83%A4%E3%83%9E%E3%83%92%E3%83%AD%E3%83%93%E3%83%AB%201F,2021,とんかつ,tonkatsu,発表日：2021年4月13日
とんかつ檍 銀座8丁目店,東京都中央区銀座8-8-7 第3ソワレ・ドビル B1F,食べログ とんかつ 百名店 2021,https://tabelog.com/tokyo/A1301/A130101/13219635/,https://www.google.com/maps/search/?api=1&query=%E3%81%A8%E3%82%93%E3%81%8B%E3%81%A4%E6%AA%8D%20%E9%8A%80%E5%BA%A78%E4%B8%81%E7%9B%AE%E5%BA%97%20%E6%9D%B1%E4%BA%AC%E9%83%BD%E4%B8%AD%E5%A4%AE%E5%8C%BA%E9%8A%80%E5%BA%A78-8-7%20%E7%AC%AC3%E3%82%BD%E3%83%AF%E3%83%AC%E3%83%BB%E3%83%89%E3%83%93%E3%83%AB%20B1F,2021,とんかつ,tonkatsu,発表日：2021年4月13日
とんかつ けい太 西荻窪駅前店,東京都杉並区西荻南3-10-6 中村ビル B1F,食べログ とんかつ 百名店 2021,https://tabelog.com/tokyo/A1319/A131907/13241723/,https://www.google.com/maps/search/?api=1&query=%E3%81%A8%E3%82%93%E3%81%8B%E3%81%A4%20%E3%81%91%E3%81%84%E5%A4%AA%20%E8%A5%BF%E8%8D%BB%E7%AA%AA%E9%A7%85%E5%89%8D%E5%BA%97%20%E6%9D%B1%E4%BA%AC%E9%83%BD%E6%9D%89%E4%B8%A6%E5%8C%BA%E8%A5%BF%E8%8D%BB%E5%8D%973-10-6%20%E4%B8%AD%E6%9D%91%E3%83%93%E3%83%AB%20B1F,2021,とんかつ,tonkatsu,発表日：2021年4月13日
丸和,神奈川県横浜市中区住吉町5-61,食べログ とんかつ 百名店 2021,https://tabelog.com/kanagawa/A1401/A140104/14004558/,https://www.google.com/maps/search/?api=1&query=%E4%B8%B8%E5%92%8C%20%E7%A5%9E%E5%A5%88%E5%B7%9D%E7%9C%8C%E6%A8%AA%E6%B5%9C%E5%B8%82%E4%B8%AD%E5%8C%BA%E4%BD%8F%E5%90%89%E7%94%BA5-61,2021,とんかつ,tonkatsu,発表日：2021年4月13日
もち豚とんかつ たいよう,東京都品川区小山3-22-7 メゾンいずみ 1-112,食べログ とんかつ 百名店 2021,https://tabelog.com/tokyo/A1317/A131710/13059862/,https://www.google.com/maps/search/?api=1&query=%E3%82%82%E3%81%A1%E8%B1%9A%E3%81%A8%E3%82%93%E3%81%8B%E3%81%A4%20%E3%81%9F%E3%81%84%E3%82%88%E3%81%86%20%E6%9D%B1%E4%BA%AC%E9%83%BD%E5%93%81%E5%B7%9D%E5%8C%BA%E5%B0%8F%E5%B1%B13-22-7%20%E3%83%A1%E3%82%BE%E3%83%B3%E3%81%84%E3%81%9A%E3%81%BF%201-112,2021,とんかつ,tonkatsu,発表日：2021年4月13日
あんず  銀座店,東京都中央区銀座4-6-16 銀座三越 11F,食べログ とんかつ 百名店 2021,https://tabelog.com/tokyo/A1301/A130101/13115965/,https://www.google.com/maps/search/?api=1&query=%E3%81%82%E3%82%93%E3%81%9A%20%20%E9%8A%80%E5%BA%A7%E5%BA%97%20%E6%9D%B1%E4%BA%AC%E9%83%BD%E4%B8%AD%E5%A4%AE%E5%8C%BA%E9%8A%80%E5%BA%A74-6-16%20%E9%8A%80%E5%BA%A7%E4%B8%89%E8%B6%8A%2011F,2021,とんかつ,tonkatsu,発表日：2021年4月13日
とんかつ山家 上野店,東京都台東区上野4-5-1,食べログ とんかつ 百名店 2021,https://tabelog.com/tokyo/A1311/A131101/13162760/,https://www.google.com/maps/search/?api=1&query=%E3%81%A8%E3%82%93%E3%81%8B%E3%81%A4%E5%B1%B1%E5%AE%B6%20%E4%B8%8A%E9%87%8E%E5%BA%97%20%E6%9D%B1%E4%BA%AC%E9%83%BD%E5%8F%B0%E6%9D%B1%E5%8C%BA%E4%B8%8A%E9%87%8E4-5-1,2021,とんかつ,tonkatsu,発表日：2021年4月13日
とんかつ おさむ,東京都豊島区南長崎1-3-11,食べログ とんかつ 百名店 2021,https://tabelog.com/tokyo/A1321/A132101/13012436/,https://www.google.com/maps/search/?api=1&query=%E3%81%A8%E3%82%93%E3%81%8B%E3%81%A4%20%E3%81%8A%E3%81%95%E3%82%80%20%E6%9D%B1%E4%BA%AC%E9%83%BD%E8%B1%8A%E5%B3%B6%E5%8C%BA%E5%8D%97%E9%95%B7%E5%B4%8E1-3-11,2021,とんかつ,tonkatsu,発表日：2021年4月13日
かつ吉 渋谷店,東京都渋谷区渋谷3-9-10 ＫＤＣビル B1F,食べログ とんかつ 百名店 2021,https://tabelog.com/tokyo/A1303/A130301/13004792/,https://www.google.com/maps/search/?api=1&query=%E3%81%8B%E3%81%A4%E5%90%89%20%E6%B8%8B%E8%B0%B7%E5%BA%97%20%E6%9D%B1%E4%BA%AC%E9%83%BD%E6%B8%8B%E8%B0%B7%E5%8C%BA%E6%B8%8B%E8%B0%B73-9-10%20%EF%BC%AB%EF%BC%A4%EF%BC%A3%E3%83%93%E3%83%AB%20B1F,2021,とんかつ,tonkatsu,発表日：2021年4月13日
とん久,東京都新宿区高田馬場1-26-5 Ｆ・Ｉビル B1F,食べログ とんかつ 百名店 2021,https://tabelog.com/tokyo/A1305/A130503/13000116/,https://www.google.com/maps/search/?api=1&query=%E3%81%A8%E3%82%93%E4%B9%85%20%E6%9D%B1%E4%BA%AC%E9%83%BD%E6%96%B0%E5%AE%BF%E5%8C%BA%E9%AB%98%E7%94%B0%E9%A6%AC%E5%A0%B41-26-5%20%EF%BC%A6%E3%83%BB%EF%BC%A9%E3%83%93%E3%83%AB%20B1F,2021,とんかつ,tonkatsu,発表日：2021年4月13日
とんかつ 椿,東京都世田谷区成城5-15-3,食べログ とんかつ 百名店 2021,https://tabelog.com/tokyo/A1318/A131814/13002004/,https://www.google.com/maps/search/?api=1&query=%E3%81%A8%E3%82%93%E3%81%8B%E3%81%A4%20%E6%A4%BF%20%E6%9D%B1%E4%BA%AC%E9%83%BD%E4%B8%96%E7%94%B0%E8%B0%B7%E5%8C%BA%E6%88%90%E5%9F%8E5-15-3,2021,とんかつ,tonkatsu,発表日：2021年4月13日
すぎ田,東京都台東区寿3-8-3,食べログ とんかつ 百名店 2021,https://tabelog.com/tokyo/A1311/A131103/13003707/,https://www.google.com/maps/search/?api=1&query=%E3%81%99%E3%81%8E%E7%94%B0%20%E6%9D%B1%E4%BA%AC%E9%83%BD%E5%8F%B0%E6%9D%B1%E5%8C%BA%E5%AF%BF3-8-3,2021,とんかつ,tonkatsu,発表日：2021年4月13日
塩梅,千葉県柏市明原1-2-3 柏田中ビル　Ｂ１Ｆ,食べログ とんかつ 百名店 2021,https://tabelog.com/chiba/A1203/A120301/12000061/,https://www.google.com/maps/search/?api=1&query=%E5%A1%A9%E6%A2%85%20%E5%8D%83%E8%91%89%E7%9C%8C%E6%9F%8F%E5%B8%82%E6%98%8E%E5%8E%9F1-2-3%20%E6%9F%8F%E7%94%B0%E4%B8%AD%E3%83%93%E3%83%AB%E3%80%80%EF%BC%A2%EF%BC%91%EF%BC%A6,2021,とんかつ,tonkatsu,発表日：2021年4月13日
坂本屋,東京都杉並区西荻北3-31-16,食べログ とんかつ 百名店 2021,https://tabelog.com/tokyo/A1319/A131907/13001134/,https://www.google.com/maps/search/?api=1&query=%E5%9D%82%E6%9C%AC%E5%B1%8B%20%E6%9D%B1%E4%BA%AC%E9%83%BD%E6%9D%89%E4%B8%A6%E5%8C%BA%E8%A5%BF%E8%8D%BB%E5%8C%973-31-16,2021,とんかつ,tonkatsu,発表日：2021年4月13日
とんかつ いわい,東京都港区芝公園2-3-7 玉川ビル 2F,食べログ とんかつ 百名店 2021,https://tabelog.com/tokyo/A1314/A131401/13170377/,https://www.google.com/maps/search/?api=1&query=%E3%81%A8%E3%82%93%E3%81%8B%E3%81%A4%20%E3%81%84%E3%82%8F%E3%81%84%20%E6%9D%B1%E4%BA%AC%E9%83%BD%E6%B8%AF%E5%8C%BA%E8%8A%9D%E5%85%AC%E5%9C%922-3-7%20%E7%8E%89%E5%B7%9D%E3%83%93%E3%83%AB%202F,2021,とんかつ,tonkatsu,発表日：2021年4月13日
ポンチ軒,東京都千代田区神田小川町2-8 扇ビル 1F,食べログ とんかつ 百名店 2021,https://tabelog.com/tokyo/A1310/A131002/13141456/,https://www.google.com/maps/search/?api=1&query=%E3%83%9D%E3%83%B3%E3%83%81%E8%BB%92%20%E6%9D%B1%E4%BA%AC%E9%83%BD%E5%8D%83%E4%BB%A3%E7%94%B0%E5%8C%BA%E7%A5%9E%E7%94%B0%E5%B0%8F%E5%B7%9D%E7%94%BA2-8%20%E6%89%87%E3%83%93%E3%83%AB%201F,2021,とんかつ,tonkatsu,発表日：2021年4月13日
とんかつ かつ壱,東京都品川区上大崎2-25-5 久米ビル　Ｂ１Ｆ,食べログ とんかつ 百名店 2021,https://tabelog.com/tokyo/A1316/A131601/13021829/,https://www.google.com/maps/search/?api=1&query=%E3%81%A8%E3%82%93%E3%81%8B%E3%81%A4%20%E3%81%8B%E3%81%A4%E5%A3%B1%20%E6%9D%B1%E4%BA%AC%E9%83%BD%E5%93%81%E5%B7%9D%E5%8C%BA%E4%B8%8A%E5%A4%A7%E5%B4%8E2-25-5%20%E4%B9%85%E7%B1%B3%E3%83%93%E3%83%AB%E3%80%80%EF%BC%A2%EF%BC%91%EF%BC%A6,2021,とんかつ,tonkatsu,発表日：2021年4月13日
とんかつまるや 新橋烏森口店,東京都港区新橋3-22-2 つるやＴＫビル 1F,食べログ とんかつ 百名店 2021,https://tabelog.com/tokyo/A1301/A130103/13050184/,https://www.google.com/maps/search/?api=1&query=%E3%81%A8%E3%82%93%E3%81%8B%E3%81%A4%E3%81%BE%E3%82%8B%E3%82%84%20%E6%96%B0%E6%A9%8B%E7%83%8F%E6%A3%AE%E5%8F%A3%E5%BA%97%20%E6%9D%B1%E4%BA%AC%E9%83%BD%E6%B8%AF%E5%8C%BA%E6%96%B0%E6%A9%8B3-22-2%20%E3%81%A4%E3%82%8B%E3%82%84%EF%BC%B4%EF%BC%AB%E3%83%93%E3%83%AB%201F,2021,とんかつ,tonkatsu,発表日：2021年4月13日
北京,神奈川県川崎市中原区上平間1700-36,食べログ 焼肉 EAST 百名店 2021,https://tabelog.com/kanagawa/A1405/A140504/14001578/,https://www.google.com/maps/search/?api=1&query=%E5%8C%97%E4%BA%AC%20%E7%A5%9E%E5%A5%88%E5%B7%9D%E7%9C%8C%E5%B7%9D%E5%B4%8E%E5%B8%82%E4%B8%AD%E5%8E%9F%E5%8C%BA%E4%B8%8A%E5%B9%B3%E9%96%931700-36,2021,焼肉 EAST,yakiniku_east,発表日：2021年11月10日
炭火ホルモン焼肉 ひゃくてん 溝の口,神奈川県川崎市高津区溝口1-15-8 末永ビル1階,食べログ 焼肉 EAST 百名店 2021,https://tabelog.com/kanagawa/A1405/A140505/14037400/,https://www.google.com/maps/search/?api=1&query=%E7%82%AD%E7%81%AB%E3%83%9B%E3%83%AB%E3%83%A2%E3%83%B3%E7%84%BC%E8%82%89%20%E3%81%B2%E3%82%83%E3%81%8F%E3%81%A6%E3%82%93%20%E6%BA%9D%E3%81%AE%E5%8F%A3%20%E7%A5%9E%E5%A5%88%E5%B7%9D%E7%9C%8C%E5%B7%9D%E5%B4%8E%E5%B8%82%E9%AB%98%E6%B4%A5%E5%8C%BA%E6%BA%9D%E5%8F%A31-15-8%20%E6%9C%AB%E6%B0%B8%E3%83%93%E3%83%AB1%E9%9A%8E,2021,焼肉 EAST,yakiniku_east,発表日：2021年11月10日
食彩和牛 しげ吉 大和本店,神奈川県大和市深見西2-1-3,食べログ 焼肉 EAST 百名店 2021,https://tabelog.com/kanagawa/A1407/A140702/14003476/,https://www.google.com/maps/search/?api=1&query=%E9%A3%9F%E5%BD%A9%E5%92%8C%E7%89%9B%20%E3%81%97%E3%81%92%E5%90%89%20%E5%A4%A7%E5%92%8C%E6%9C%AC%E5%BA%97%20%E7%A5%9E%E5%A5%88%E5%B7%9D%E7%9C%8C%E5%A4%A7%E5%92%8C%E5%B8%82%E6%B7%B1%E8%A6%8B%E8%A5%BF2-1-3,2021,焼肉 EAST,yakiniku_east,発表日：2021年11月10日
今久 本店,千葉県旭市川口3435-7,食べログ 焼肉 EAST 百名店 2021,https://tabelog.com/chiba/A1205/A120502/12006170/,https://www.google.com/maps/search/?api=1&query=%E4%BB%8A%E4%B9%85%20%E6%9C%AC%E5%BA%97%20%E5%8D%83%E8%91%89%E7%9C%8C%E6%97%AD%E5%B8%82%E5%B7%9D%E5%8F%A33435-7,2021,焼肉 EAST,yakiniku_east,発表日：2021年11月10日
杏樹亭 岸根店,神奈川県横浜市港北区岸根町540-4 サニーヒル蔵方1-D,食べログ 焼肉 EAST 百名店 2021,https://tabelog.com/kanagawa/A1401/A140206/14011715/,https://www.google.com/maps/search/?api=1&query=%E6%9D%8F%E6%A8%B9%E4%BA%AD%20%E5%B2%B8%E6%A0%B9%E5%BA%97%20%E7%A5%9E%E5%A5%88%E5%B7%9D%E7%9C%8C%E6%A8%AA%E6%B5%9C%E5%B8%82%E6%B8%AF%E5%8C%97%E5%8C%BA%E5%B2%B8%E6%A0%B9%E7%94%BA540-4%20%E3%82%B5%E3%83%8B%E3%83%BC%E3%83%92%E3%83%AB%E8%94%B5%E6%96%B91-D,2021,焼肉 EAST,yakiniku_east,発表日：2021年11月10日
焼肉 東京山,神奈川県横浜市中区寿町2-5-12 山鉄ビル　１Ｆ,食べログ 焼肉 EAST 百名店 2021,https://tabelog.com/kanagawa/A1401/A140105/14013921/,https://www.google.com/maps/search/?api=1&query=%E7%84%BC%E8%82%89%20%E6%9D%B1%E4%BA%AC%E5%B1%B1%20%E7%A5%9E%E5%A5%88%E5%B7%9D%E7%9C%8C%E6%A8%AA%E6%B5%9C%E5%B8%82%E4%B8%AD%E5%8C%BA%E5%AF%BF%E7%94%BA2-5-12%20%E5%B1%B1%E9%89%84%E3%83%93%E3%83%AB%E3%80%80%EF%BC%91%EF%BC%A6,2021,焼肉 EAST,yakiniku_east,発表日：2021年11月10日
立喰い焼肉 治郎丸 野毛店,神奈川県横浜市中区野毛町1-38,食べログ 焼肉 EAST 百名店 2021,https://tabelog.com/kanagawa/A1401/A140102/14057942/,https://www.google.com/maps/search/?api=1&query=%E7%AB%8B%E5%96%B0%E3%81%84%E7%84%BC%E8%82%89%20%E6%B2%BB%E9%83%8E%E4%B8%B8%20%E9%87%8E%E6%AF%9B%E5%BA%97%20%E7%A5%9E%E5%A5%88%E5%B7%9D%E7%9C%8C%E6%A8%AA%E6%B5%9C%E5%B8%82%E4%B8%AD%E5%8C%BA%E9%87%8E%E6%AF%9B%E7%94%BA1-38,2021,焼肉 EAST,yakiniku_east,発表日：2021年11月10日
焼肉グレート 宇都宮駅前店,栃木県宇都宮市駅前通り1-4-6 宇都宮西口東横イン向かい,食べログ 焼肉 EAST 百名店 2021,https://tabelog.com/tochigi/A0901/A090101/9011956/,https://www.google.com/maps/search/?api=1&query=%E7%84%BC%E8%82%89%E3%82%B0%E3%83%AC%E3%83%BC%E3%83%88%20%E5%AE%87%E9%83%BD%E5%AE%AE%E9%A7%85%E5%89%8D%E5%BA%97%20%E6%A0%83%E6%9C%A8%E7%9C%8C%E5%AE%87%E9%83%BD%E5%AE%AE%E5%B8%82%E9%A7%85%E5%89%8D%E9%80%9A%E3%82%8A1-4-6%20%E5%AE%87%E9%83%BD%E5%AE%AE%E8%A5%BF%E5%8F%A3%E6%9D%B1%E6%A8%AA%E3%82%A4%E3%83%B3%E5%90%91%E3%81%8B%E3%81%84,2021,焼肉 EAST,yakiniku_east,発表日：2021年11月10日
酔笑苑,神奈川県厚木市中町3-2-21,食べログ 焼肉 EAST 百名店 2021,https://tabelog.com/kanagawa/A1408/A140802/14001796/,https://www.google.com/maps/search/?api=1&query=%E9%85%94%E7%AC%91%E8%8B%91%20%E7%A5%9E%E5%A5%88%E5%B7%9D%E7%9C%8C%E5%8E%9A%E6%9C%A8%E5%B8%82%E4%B8%AD%E7%94%BA3-2-21,2021,焼肉 EAST,yakiniku_east,発表日：2021年11月10日
焼肉 はせ川,神奈川県相模原市南区相模台4-11-6,食べログ 焼肉 EAST 百名店 2021,https://tabelog.com/kanagawa/A1407/A140701/14033424/,https://www.google.com/maps/search/?api=1&query=%E7%84%BC%E8%82%89%20%E3%81%AF%E3%81%9B%E5%B7%9D%20%E7%A5%9E%E5%A5%88%E5%B7%9D%E7%9C%8C%E7%9B%B8%E6%A8%A1%E5%8E%9F%E5%B8%82%E5%8D%97%E5%8C%BA%E7%9B%B8%E6%A8%A1%E5%8F%B04-11-6,2021,焼肉 EAST,yakiniku_east,発表日：2021年11月10日
肉の匠 将泰庵  船橋本店,千葉県船橋市本町3-5-31 石田ビル 1F,食べログ 焼肉 EAST 百名店 2021,https://tabelog.com/chiba/A1202/A120201/12026157/,https://www.google.com/maps/search/?api=1&query=%E8%82%89%E3%81%AE%E5%8C%A0%20%E5%B0%86%E6%B3%B0%E5%BA%B5%20%20%E8%88%B9%E6%A9%8B%E6%9C%AC%E5%BA%97%20%E5%8D%83%E8%91%89%E7%9C%8C%E8%88%B9%E6%A9%8B%E5%B8%82%E6%9C%AC%E7%94%BA3-5-31%20%E7%9F%B3%E7%94%B0%E3%83%93%E3%83%AB%201F,2021,焼肉 EAST,yakiniku_east,発表日：2021年11月10日
焼肉 炭こう,群馬県高崎市下和田町4-5-13,食べログ 焼肉 EAST 百名店 2021,https://tabelog.com/gunma/A1001/A100102/10012132/,https://www.google.com/maps/search/?api=1&query=%E7%84%BC%E8%82%89%20%E7%82%AD%E3%81%93%E3%81%86%20%E7%BE%A4%E9%A6%AC%E7%9C%8C%E9%AB%98%E5%B4%8E%E5%B8%82%E4%B8%8B%E5%92%8C%E7%94%B0%E7%94%BA4-5-13,2021,焼肉 EAST,yakiniku_east,発表日：2021年11月10日
ビーフキッチン 横浜店,神奈川県横浜市神奈川区鶴屋町2-15 クレインヨコハマ 4F,食べログ 焼肉 EAST 百名店 2021,https://tabelog.com/kanagawa/A1401/A140101/14031061/,https://www.google.com/maps/search/?api=1&query=%E3%83%93%E3%83%BC%E3%83%95%E3%82%AD%E3%83%83%E3%83%81%E3%83%B3%20%E6%A8%AA%E6%B5%9C%E5%BA%97%20%E7%A5%9E%E5%A5%88%E5%B7%9D%E7%9C%8C%E6%A8%AA%E6%B5%9C%E5%B8%82%E7%A5%9E%E5%A5%88%E5%B7%9D%E5%8C%BA%E9%B6%B4%E5%B1%8B%E7%94%BA2-15%20%E3%82%AF%E3%83%AC%E3%82%A4%E3%83%B3%E3%83%A8%E3%82%B3%E3%83%8F%E3%83%9E%204F,2021,焼肉 EAST,yakiniku_east,発表日：2021年11月10日
しげ吉 横浜元町店,神奈川県横浜市中区石川町1-15 ＳＡＺＡビルＢ１Ｆ,食べログ 焼肉 EAST 百名店 2021,https://tabelog.com/kanagawa/A1401/A140105/14014011/,https://www.google.com/maps/search/?api=1&query=%E3%81%97%E3%81%92%E5%90%89%20%E6%A8%AA%E6%B5%9C%E5%85%83%E7%94%BA%E5%BA%97%20%E7%A5%9E%E5%A5%88%E5%B7%9D%E7%9C%8C%E6%A8%AA%E6%B5%9C%E5%B8%82%E4%B8%AD%E5%8C%BA%E7%9F%B3%E5%B7%9D%E7%94%BA1-15%20%EF%BC%B3%EF%BC%A1%EF%BC%BA%EF%BC%A1%E3%83%93%E3%83%AB%EF%BC%A2%EF%BC%91%EF%BC%A6,2021,焼肉 EAST,yakiniku_east,発表日：2021年11月10日
焼肉ジンギスカン つるや,神奈川県川崎市川崎区日進町19-7,食べログ 焼肉 EAST 百名店 2021,https://tabelog.com/kanagawa/A1405/A140502/14018525/,https://www.google.com/maps/search/?api=1&query=%E7%84%BC%E8%82%89%E3%82%B8%E3%83%B3%E3%82%AE%E3%82%B9%E3%82%AB%E3%83%B3%20%E3%81%A4%E3%82%8B%E3%82%84%20%E7%A5%9E%E5%A5%88%E5%B7%9D%E7%9C%8C%E5%B7%9D%E5%B4%8E%E5%B8%82%E5%B7%9D%E5%B4%8E%E5%8C%BA%E6%97%A5%E9%80%B2%E7%94%BA19-7,2021,焼肉 EAST,yakiniku_east,発表日：2021年11月10日
炭焼喰人 本店,神奈川県横浜市都筑区茅ケ崎中央26-25 ラフィネ・ブラン 1F,食べログ 焼肉 EAST 百名店 2021,https://tabelog.com/kanagawa/A1401/A140203/14001884/,https://www.google.com/maps/search/?api=1&query=%E7%82%AD%E7%84%BC%E5%96%B0%E4%BA%BA%20%E6%9C%AC%E5%BA%97%20%E7%A5%9E%E5%A5%88%E5%B7%9D%E7%9C%8C%E6%A8%AA%E6%B5%9C%E5%B8%82%E9%83%BD%E7%AD%91%E5%8C%BA%E8%8C%85%E3%82%B1%E5%B4%8E%E4%B8%AD%E5%A4%AE26-25%20%E3%83%A9%E3%83%95%E3%82%A3%E3%83%8D%E3%83%BB%E3%83%96%E3%83%A9%E3%83%B3%201F,2021,焼肉 EAST,yakiniku_east,発表日：2021年11月10日
関内苑 本店,神奈川県横浜市中区羽衣町2-5-14,食べログ 焼肉 EAST 百名店 2021,https://tabelog.com/kanagawa/A1401/A140104/14002802/,https://www.google.com/maps/search/?api=1&query=%E9%96%A2%E5%86%85%E8%8B%91%20%E6%9C%AC%E5%BA%97%20%E7%A5%9E%E5%A5%88%E5%B7%9D%E7%9C%8C%E6%A8%AA%E6%B5%9C%E5%B8%82%E4%B8%AD%E5%8C%BA%E7%BE%BD%E8%A1%A3%E7%94%BA2-5-14,2021,焼肉 EAST,yakiniku_east,発表日：2021年11月10日
焼肉 大衆,神奈川県横浜市中区宮川町2-52,食べログ 焼肉 EAST 百名店 2021,https://tabelog.com/kanagawa/A1401/A140102/14000451/,https://www.google.com/maps/search/?api=1&query=%E7%84%BC%E8%82%89%20%E5%A4%A7%E8%A1%86%20%E7%A5%9E%E5%A5%88%E5%B7%9D%E7%9C%8C%E6%A8%AA%E6%B5%9C%E5%B8%82%E4%B8%AD%E5%8C%BA%E5%AE%AE%E5%B7%9D%E7%94%BA2-52,2021,焼肉 EAST,yakiniku_east,発表日：2021年11月10日
つる屋,神奈川県横浜市中区伊勢佐木町1-7-10,食べログ 焼肉 EAST 百名店 2021,https://tabelog.com/kanagawa/A1401/A140104/14000856/,https://www.google.com/maps/search/?api=1&query=%E3%81%A4%E3%82%8B%E5%B1%8B%20%E7%A5%9E%E5%A5%88%E5%B7%9D%E7%9C%8C%E6%A8%AA%E6%B5%9C%E5%B8%82%E4%B8%AD%E5%8C%BA%E4%BC%8A%E5%8B%A2%E4%BD%90%E6%9C%A8%E7%94%BA1-7-10,2021,焼肉 EAST,yakiniku_east,発表日：2021年11月10日
野毛ホルモンセンター,神奈川県横浜市中区野毛町1-45 港興産ビル 1F,食べログ 焼肉 EAST 百名店 2021,https://tabelog.com/kanagawa/A1401/A140102/14045993/,https://www.google.com/maps/search/?api=1&query=%E9%87%8E%E6%AF%9B%E3%83%9B%E3%83%AB%E3%83%A2%E3%83%B3%E3%82%BB%E3%83%B3%E3%82%BF%E3%83%BC%20%E7%A5%9E%E5%A5%88%E5%B7%9D%E7%9C%8C%E6%A8%AA%E6%B5%9C%E5%B8%82%E4%B8%AD%E5%8C%BA%E9%87%8E%E6%AF%9B%E7%94%BA1-45%20%E6%B8%AF%E8%88%88%E7%94%A3%E3%83%93%E3%83%AB%201F,2021,焼肉 EAST,yakiniku_east,発表日：2021年11月10日
USHIHACHI 武蔵小杉店,神奈川県川崎市中原区小杉町3-446-4,食べログ 焼肉 EAST 百名店 2021,https://tabelog.com/kanagawa/A1405/A140504/14061683/,https://www.google.com/maps/search/?api=1&query=USHIHACHI%20%E6%AD%A6%E8%94%B5%E5%B0%8F%E6%9D%89%E5%BA%97%20%E7%A5%9E%E5%A5%88%E5%B7%9D%E7%9C%8C%E5%B7%9D%E5%B4%8E%E5%B8%82%E4%B8%AD%E5%8E%9F%E5%8C%BA%E5%B0%8F%E6%9D%89%E7%94%BA3-446-4,2021,焼肉 EAST,yakiniku_east,発表日：2021年11月10日
肉の匠 将泰庵 船橋駅前 はなれ店,千葉県船橋市本町4-3-5 大西園ビル 1・2F,食べログ 焼肉 EAST 百名店 2021,https://tabelog.com/chiba/A1202/A120201/12032975/,https://www.google.com/maps/search/?api=1&query=%E8%82%89%E3%81%AE%E5%8C%A0%20%E5%B0%86%E6%B3%B0%E5%BA%B5%20%E8%88%B9%E6%A9%8B%E9%A7%85%E5%89%8D%20%E3%81%AF%E3%81%AA%E3%82%8C%E5%BA%97%20%E5%8D%83%E8%91%89%E7%9C%8C%E8%88%B9%E6%A9%8B%E5%B8%82%E6%9C%AC%E7%94%BA4-3-5%20%E5%A4%A7%E8%A5%BF%E5%9C%92%E3%83%93%E3%83%AB%201%E3%83%BB2F,2021,焼肉 EAST,yakiniku_east,発表日：2021年11月10日
焼肉ハウス大滝,神奈川県横浜市中区南仲通3-35 横浜エクセレント３　１Ｆ,食べログ 焼肉 EAST 百名店 2021,https://tabelog.com/kanagawa/A1401/A140104/14014394/,https://www.google.com/maps/search/?api=1&query=%E7%84%BC%E8%82%89%E3%83%8F%E3%82%A6%E3%82%B9%E5%A4%A7%E6%BB%9D%20%E7%A5%9E%E5%A5%88%E5%B7%9D%E7%9C%8C%E6%A8%AA%E6%B5%9C%E5%B8%82%E4%B8%AD%E5%8C%BA%E5%8D%97%E4%BB%B2%E9%80%9A3-35%20%E6%A8%AA%E6%B5%9C%E3%82%A8%E3%82%AF%E3%82%BB%E3%83%AC%E3%83%B3%E3%83%88%EF%BC%93%E3%80%80%EF%BC%91%EF%BC%A6,2021,焼肉 EAST,yakiniku_east,発表日：2021年11月10日
SATOブリアン にごう,東京都杉並区阿佐ヶ谷南2-17-2,食べログ 焼肉 TOKYO 百名店 2021,https://tabelog.com/tokyo/A1319/A131905/13159782/,https://www.google.com/maps/search/?api=1&query=SATO%E3%83%96%E3%83%AA%E3%82%A2%E3%83%B3%20%E3%81%AB%E3%81%94%E3%81%86%20%E6%9D%B1%E4%BA%AC%E9%83%BD%E6%9D%89%E4%B8%A6%E5%8C%BA%E9%98%BF%E4%BD%90%E3%83%B6%E8%B0%B7%E5%8D%972-17-2,2021,焼肉 TOKYO,yakiniku_tokyo,発表日：2021年11月10日
炭火焼肉 日本橋イタダキ,東京都中央区日本橋富沢町10-15 勢州屋ビル　２Ｆ,食べログ 焼肉 TOKYO 百名店 2021,https://tabelog.com/tokyo/A1302/A130204/13022343/,https://www.google.com/maps/search/?api=1&query=%E7%82%AD%E7%81%AB%E7%84%BC%E8%82%89%20%E6%97%A5%E6%9C%AC%E6%A9%8B%E3%82%A4%E3%82%BF%E3%83%80%E3%82%AD%20%E6%9D%B1%E4%BA%AC%E9%83%BD%E4%B8%AD%E5%A4%AE%E5%8C%BA%E6%97%A5%E6%9C%AC%E6%A9%8B%E5%AF%8C%E6%B2%A2%E7%94%BA10-15%20%E5%8B%A2%E5%B7%9E%E5%B1%8B%E3%83%93%E3%83%AB%E3%80%80%EF%BC%92%EF%BC%A6,2021,焼肉 TOKYO,yakiniku_tokyo,発表日：2021年11月10日
ホルモン道場 闇市倶楽部 目黒店,東京都品川区上大崎2-27-1 サンフェリスタ目黒 B1F,食べログ 焼肉 TOKYO 百名店 2021,https://tabelog.com/tokyo/A1316/A131601/13002038/,https://www.google.com/maps/search/?api=1&query=%E3%83%9B%E3%83%AB%E3%83%A2%E3%83%B3%E9%81%93%E5%A0%B4%20%E9%97%87%E5%B8%82%E5%80%B6%E6%A5%BD%E9%83%A8%20%E7%9B%AE%E9%BB%92%E5%BA%97%20%E6%9D%B1%E4%BA%AC%E9%83%BD%E5%93%81%E5%B7%9D%E5%8C%BA%E4%B8%8A%E5%A4%A7%E5%B4%8E2-27-1%20%E3%82%B5%E3%83%B3%E3%83%95%E3%82%A7%E3%83%AA%E3%82%B9%E3%82%BF%E7%9B%AE%E9%BB%92%20B1F,2021,焼肉 TOKYO,yakiniku_tokyo,発表日：2021年11月10日
和牛焼肉KIM,東京都港区白金2-2-2,食べログ 焼肉 TOKYO 百名店 2021,https://tabelog.com/tokyo/A1316/A131602/13110222/,https://www.google.com/maps/search/?api=1&query=%E5%92%8C%E7%89%9B%E7%84%BC%E8%82%89KIM%20%E6%9D%B1%E4%BA%AC%E9%83%BD%E6%B8%AF%E5%8C%BA%E7%99%BD%E9%87%912-2-2,2021,焼肉 TOKYO,yakiniku_tokyo,発表日：2021年11月10日
焼肉 静龍苑,東京都江東区常盤2-14-11,食べログ 焼肉 TOKYO 百名店 2021,https://tabelog.com/tokyo/A1313/A131303/13237978/,https://www.google.com/maps/search/?api=1&query=%E7%84%BC%E8%82%89%20%E9%9D%99%E9%BE%8D%E8%8B%91%20%E6%9D%B1%E4%BA%AC%E9%83%BD%E6%B1%9F%E6%9D%B1%E5%8C%BA%E5%B8%B8%E7%9B%A42-14-11,2021,焼肉 TOKYO,yakiniku_tokyo,発表日：2021年11月10日
焼肉 名門,東京都新宿区舟町11 松川ビル　１Ｆ,食べログ 焼肉 TOKYO 百名店 2021,https://tabelog.com/tokyo/A1309/A130903/13006823/,https://www.google.com/maps/search/?api=1&query=%E7%84%BC%E8%82%89%20%E5%90%8D%E9%96%80%20%E6%9D%B1%E4%BA%AC%E9%83%BD%E6%96%B0%E5%AE%BF%E5%8C%BA%E8%88%9F%E7%94%BA11%20%E6%9D%BE%E5%B7%9D%E3%83%93%E3%83%AB%E3%80%80%EF%BC%91%EF%BC%A6,2021,焼肉 TOKYO,yakiniku_tokyo,発表日：2021年11月10日
ら・ぼうふ 用賀本店,東京都世田谷区中町5-21-8,食べログ 焼肉 TOKYO 百名店 2021,https://tabelog.com/tokyo/A1317/A131707/13005123/,https://www.google.com/maps/search/?api=1&query=%E3%82%89%E3%83%BB%E3%81%BC%E3%81%86%E3%81%B5%20%E7%94%A8%E8%B3%80%E6%9C%AC%E5%BA%97%20%E6%9D%B1%E4%BA%AC%E9%83%BD%E4%B8%96%E7%94%B0%E8%B0%B7%E5%8C%BA%E4%B8%AD%E7%94%BA5-21-8,2021,焼肉 TOKYO,yakiniku_tokyo,発表日：2021年11月10日
焼肉問屋 牛蔵,東京都練馬区貫井3-10-2 コイケビル　２Ｆ,食べログ 焼肉 TOKYO 百名店 2021,https://tabelog.com/tokyo/A1321/A132102/13008910/,https://www.google.com/maps/search/?api=1&query=%E7%84%BC%E8%82%89%E5%95%8F%E5%B1%8B%20%E7%89%9B%E8%94%B5%20%E6%9D%B1%E4%BA%AC%E9%83%BD%E7%B7%B4%E9%A6%AC%E5%8C%BA%E8%B2%AB%E4%BA%953-10-2%20%E3%82%B3%E3%82%A4%E3%82%B1%E3%83%93%E3%83%AB%E3%80%80%EF%BC%92%EF%BC%A6,2021,焼肉 TOKYO,yakiniku_tokyo,発表日：2021年11月10日
炭火焼 ゆうじ,東京都渋谷区宇田川町11-1 松沼ビル　１Ｆ,食べログ 焼肉 TOKYO 百名店 2021,https://tabelog.com/tokyo/A1303/A130301/13001794/,https://www.google.com/maps/search/?api=1&query=%E7%82%AD%E7%81%AB%E7%84%BC%20%E3%82%86%E3%81%86%E3%81%98%20%E6%9D%B1%E4%BA%AC%E9%83%BD%E6%B8%8B%E8%B0%B7%E5%8C%BA%E5%AE%87%E7%94%B0%E5%B7%9D%E7%94%BA11-1%20%E6%9D%BE%E6%B2%BC%E3%83%93%E3%83%AB%E3%80%80%EF%BC%91%EF%BC%A6,2021,焼肉 TOKYO,yakiniku_tokyo,発表日：2021年11月10日
正泰苑 銀座店,東京都中央区銀座5-9-5 チアーズ銀座 9F,食べログ 焼肉 TOKYO 百名店 2021,https://tabelog.com/tokyo/A1301/A130101/13016578/,https://www.google.com/maps/search/?api=1&query=%E6%AD%A3%E6%B3%B0%E8%8B%91%20%E9%8A%80%E5%BA%A7%E5%BA%97%20%E6%9D%B1%E4%BA%AC%E9%83%BD%E4%B8%AD%E5%A4%AE%E5%8C%BA%E9%8A%80%E5%BA%A75-9-5%20%E3%83%81%E3%82%A2%E3%83%BC%E3%82%BA%E9%8A%80%E5%BA%A7%209F,2021,焼肉 TOKYO,yakiniku_tokyo,発表日：2021年11月10日
焼肉 ジャンボ 本郷店,東京都文京区本郷3-38-1 本郷信徳ビル 1F,食べログ 焼肉 TOKYO 百名店 2021,https://tabelog.com/tokyo/A1310/A131004/13110601/,https://www.google.com/maps/search/?api=1&query=%E7%84%BC%E8%82%89%20%E3%82%B8%E3%83%A3%E3%83%B3%E3%83%9C%20%E6%9C%AC%E9%83%B7%E5%BA%97%20%E6%9D%B1%E4%BA%AC%E9%83%BD%E6%96%87%E4%BA%AC%E5%8C%BA%E6%9C%AC%E9%83%B73-38-1%20%E6%9C%AC%E9%83%B7%E4%BF%A1%E5%BE%B3%E3%83%93%E3%83%AB%201F,2021,焼肉 TOKYO,yakiniku_tokyo,発表日：2021年11月10日
焼肉 京城 水道橋店,東京都千代田区神田三崎町2-10-3 イワタビル1～4Ｆ,食べログ 焼肉 TOKYO 百名店 2021,https://tabelog.com/tokyo/A1310/A131003/13000222/,https://www.google.com/maps/search/?api=1&query=%E7%84%BC%E8%82%89%20%E4%BA%AC%E5%9F%8E%20%E6%B0%B4%E9%81%93%E6%A9%8B%E5%BA%97%20%E6%9D%B1%E4%BA%AC%E9%83%BD%E5%8D%83%E4%BB%A3%E7%94%B0%E5%8C%BA%E7%A5%9E%E7%94%B0%E4%B8%89%E5%B4%8E%E7%94%BA2-10-3%20%E3%82%A4%E3%83%AF%E3%82%BF%E3%83%93%E3%83%AB1%EF%BD%9E4%EF%BC%A6,2021,焼肉 TOKYO,yakiniku_tokyo,発表日：2021年11月10日
焼肉ホルモン 稲田,東京都品川区上大崎2-13-45 トラストリンク第Ⅲビル 2F,食べログ 焼肉 TOKYO 百名店 2021,https://tabelog.com/tokyo/A1316/A131601/13049914/,https://www.google.com/maps/search/?api=1&query=%E7%84%BC%E8%82%89%E3%83%9B%E3%83%AB%E3%83%A2%E3%83%B3%20%E7%A8%B2%E7%94%B0%20%E6%9D%B1%E4%BA%AC%E9%83%BD%E5%93%81%E5%B7%9D%E5%8C%BA%E4%B8%8A%E5%A4%A7%E5%B4%8E2-13-45%20%E3%83%88%E3%83%A9%E3%82%B9%E3%83%88%E3%83%AA%E3%83%B3%E3%82%AF%E7%AC%AC%E2%85%A2%E3%83%93%E3%83%AB%202F,2021,焼肉 TOKYO,yakiniku_tokyo,発表日：2021年11月10日
生粋,東京都千代田区外神田6-14-7 VORT末広町 2F,食べログ 焼肉 TOKYO 百名店 2021,https://tabelog.com/tokyo/A1311/A131101/13165294/,https://www.google.com/maps/search/?api=1&query=%E7%94%9F%E7%B2%8B%20%E6%9D%B1%E4%BA%AC%E9%83%BD%E5%8D%83%E4%BB%A3%E7%94%B0%E5%8C%BA%E5%A4%96%E7%A5%9E%E7%94%B06-14-7%20VORT%E6%9C%AB%E5%BA%83%E7%94%BA%202F,2021,焼肉 TOKYO,yakiniku_tokyo,発表日：2021年11月10日
SATOブリアン 本店,東京都杉並区阿佐谷南3-44-2 新井ビル　1F,食べログ 焼肉 TOKYO 百名店 2021,https://tabelog.com/tokyo/A1319/A131905/13127046/,https://www.google.com/maps/search/?api=1&query=SATO%E3%83%96%E3%83%AA%E3%82%A2%E3%83%B3%20%E6%9C%AC%E5%BA%97%20%E6%9D%B1%E4%BA%AC%E9%83%BD%E6%9D%89%E4%B8%A6%E5%8C%BA%E9%98%BF%E4%BD%90%E8%B0%B7%E5%8D%973-44-2%20%E6%96%B0%E4%BA%95%E3%83%93%E3%83%AB%E3%80%801F,2021,焼肉 TOKYO,yakiniku_tokyo,発表日：2021年11月10日
正泰苑 総本店,東京都荒川区町屋8-7-6,食べログ 焼肉 TOKYO 百名店 2021,https://tabelog.com/tokyo/A1324/A132401/13003776/,https://www.google.com/maps/search/?api=1&query=%E6%AD%A3%E6%B3%B0%E8%8B%91%20%E7%B7%8F%E6%9C%AC%E5%BA%97%20%E6%9D%B1%E4%BA%AC%E9%83%BD%E8%8D%92%E5%B7%9D%E5%8C%BA%E7%94%BA%E5%B1%8B8-7-6,2021,焼肉 TOKYO,yakiniku_tokyo,発表日：2021年11月10日
焼肉 綾小路,東京都港区六本木7-4-8 ＴＫＧビル　１Ｆ,食べログ 焼肉 TOKYO 百名店 2021,https://tabelog.com/tokyo/A1307/A130701/13038804/,https://www.google.com/maps/search/?api=1&query=%E7%84%BC%E8%82%89%20%E7%B6%BE%E5%B0%8F%E8%B7%AF%20%E6%9D%B1%E4%BA%AC%E9%83%BD%E6%B8%AF%E5%8C%BA%E5%85%AD%E6%9C%AC%E6%9C%A87-4-8%20%EF%BC%B4%EF%BC%AB%EF%BC%A7%E3%83%93%E3%83%AB%E3%80%80%EF%BC%91%EF%BC%A6,2021,焼肉 TOKYO,yakiniku_tokyo,発表日：2021年11月10日
焼肉芝浦 三宿店,東京都世田谷区下馬1-45-6 ウイスタリアプラザ　1・2F,食べログ 焼肉 TOKYO 百名店 2021,https://tabelog.com/tokyo/A1317/A131701/13118245/,https://www.google.com/maps/search/?api=1&query=%E7%84%BC%E8%82%89%E8%8A%9D%E6%B5%A6%20%E4%B8%89%E5%AE%BF%E5%BA%97%20%E6%9D%B1%E4%BA%AC%E9%83%BD%E4%B8%96%E7%94%B0%E8%B0%B7%E5%8C%BA%E4%B8%8B%E9%A6%AC1-45-6%20%E3%82%A6%E3%82%A4%E3%82%B9%E3%82%BF%E3%83%AA%E3%82%A2%E3%83%97%E3%83%A9%E3%82%B6%E3%80%801%E3%83%BB2F,2021,焼肉 TOKYO,yakiniku_tokyo,発表日：2021年11月10日
きらく亭,東京都港区南麻布4-11-26 南麻布ビル B1F～1F,食べログ 焼肉 TOKYO 百名店 2021,https://tabelog.com/tokyo/A1307/A130703/13007145/,https://www.google.com/maps/search/?api=1&query=%E3%81%8D%E3%82%89%E3%81%8F%E4%BA%AD%20%E6%9D%B1%E4%BA%AC%E9%83%BD%E6%B8%AF%E5%8C%BA%E5%8D%97%E9%BA%BB%E5%B8%834-11-26%20%E5%8D%97%E9%BA%BB%E5%B8%83%E3%83%93%E3%83%AB%20B1F%EF%BD%9E1F,2021,焼肉 TOKYO,yakiniku_tokyo,発表日：2021年11月10日
游玄亭 西麻布本館,東京都港区西麻布3-24-18 叙々苑ビル,食べログ 焼肉 TOKYO 百名店 2021,https://tabelog.com/tokyo/A1307/A130701/13003488/,https://www.google.com/maps/search/?api=1&query=%E6%B8%B8%E7%8E%84%E4%BA%AD%20%E8%A5%BF%E9%BA%BB%E5%B8%83%E6%9C%AC%E9%A4%A8%20%E6%9D%B1%E4%BA%AC%E9%83%BD%E6%B8%AF%E5%8C%BA%E8%A5%BF%E9%BA%BB%E5%B8%833-24-18%20%E5%8F%99%E3%80%85%E8%8B%91%E3%83%93%E3%83%AB,2021,焼肉 TOKYO,yakiniku_tokyo,発表日：2021年11月10日
炭火焼肉 あもん,東京都豊島区池袋2-69-1 新井ビル　１Ｆ,食べログ 焼肉 TOKYO 百名店 2021,https://tabelog.com/tokyo/A1305/A130501/13019476/,https://www.google.com/maps/search/?api=1&query=%E7%82%AD%E7%81%AB%E7%84%BC%E8%82%89%20%E3%81%82%E3%82%82%E3%82%93%20%E6%9D%B1%E4%BA%AC%E9%83%BD%E8%B1%8A%E5%B3%B6%E5%8C%BA%E6%B1%A0%E8%A2%8B2-69-1%20%E6%96%B0%E4%BA%95%E3%83%93%E3%83%AB%E3%80%80%EF%BC%91%EF%BC%A6,2021,焼肉 TOKYO,yakiniku_tokyo,発表日：2021年11月10日
赤坂 みすじ,東京都港区赤坂3-16-3 伊勢幸ビル 2F,食べログ 焼肉 TOKYO 百名店 2021,https://tabelog.com/tokyo/A1308/A130801/13114946/,https://www.google.com/maps/search/?api=1&query=%E8%B5%A4%E5%9D%82%20%E3%81%BF%E3%81%99%E3%81%98%20%E6%9D%B1%E4%BA%AC%E9%83%BD%E6%B8%AF%E5%8C%BA%E8%B5%A4%E5%9D%823-16-3%20%E4%BC%8A%E5%8B%A2%E5%B9%B8%E3%83%93%E3%83%AB%202F,2021,焼肉 TOKYO,yakiniku_tokyo,発表日：2021年11月10日
炭火焼肉 ふちおか,東京都世田谷区経堂1-5-8 ロイヤルハイツ経堂 1F,食べログ 焼肉 TOKYO 百名店 2021,https://tabelog.com/tokyo/A1318/A131813/13208137/,https://www.google.com/maps/search/?api=1&query=%E7%82%AD%E7%81%AB%E7%84%BC%E8%82%89%20%E3%81%B5%E3%81%A1%E3%81%8A%E3%81%8B%20%E6%9D%B1%E4%BA%AC%E9%83%BD%E4%B8%96%E7%94%B0%E8%B0%B7%E5%8C%BA%E7%B5%8C%E5%A0%821-5-8%20%E3%83%AD%E3%82%A4%E3%83%A4%E3%83%AB%E3%83%8F%E3%82%A4%E3%83%84%E7%B5%8C%E5%A0%82%201F,2021,焼肉 TOKYO,yakiniku_tokyo,発表日：2021年11月10日
おやじ,東京都港区南青山1-3-23,食べログ 焼肉 TOKYO 百名店 2021,https://tabelog.com/tokyo/A1306/A130603/13042753/,https://www.google.com/maps/search/?api=1&query=%E3%81%8A%E3%82%84%E3%81%98%20%E6%9D%B1%E4%BA%AC%E9%83%BD%E6%B8%AF%E5%8C%BA%E5%8D%97%E9%9D%92%E5%B1%B11-3-23,2021,焼肉 TOKYO,yakiniku_tokyo,発表日：2021年11月10日
みやび 六本木店,東京都港区六本木5-18-21 ファイブプラザビル １F,食べログ 焼肉 TOKYO 百名店 2021,https://tabelog.com/tokyo/A1307/A130702/13095890/,https://www.google.com/maps/search/?api=1&query=%E3%81%BF%E3%82%84%E3%81%B3%20%E5%85%AD%E6%9C%AC%E6%9C%A8%E5%BA%97%20%E6%9D%B1%E4%BA%AC%E9%83%BD%E6%B8%AF%E5%8C%BA%E5%85%AD%E6%9C%AC%E6%9C%A85-18-21%20%E3%83%95%E3%82%A1%E3%82%A4%E3%83%96%E3%83%97%E3%83%A9%E3%82%B6%E3%83%93%E3%83%AB%20%EF%BC%91F,2021,焼肉 TOKYO,yakiniku_tokyo,発表日：2021年11月10日
サトブリDA,東京都杉並区阿佐谷南3-57-1,食べログ 焼肉 TOKYO 百名店 2021,https://tabelog.com/tokyo/A1319/A131905/13216529/,https://www.google.com/maps/search/?api=1&query=%E3%82%B5%E3%83%88%E3%83%96%E3%83%AADA%20%E6%9D%B1%E4%BA%AC%E9%83%BD%E6%9D%89%E4%B8%A6%E5%8C%BA%E9%98%BF%E4%BD%90%E8%B0%B7%E5%8D%973-57-1,2021,焼肉 TOKYO,yakiniku_tokyo,発表日：2021年11月10日
たん清,東京都千代田区神田練塀町45番 ライオンズマンション秋葉原 B1F,食べログ 焼肉 TOKYO 百名店 2021,https://tabelog.com/tokyo/A1310/A131001/13000384/,https://www.google.com/maps/search/?api=1&query=%E3%81%9F%E3%82%93%E6%B8%85%20%E6%9D%B1%E4%BA%AC%E9%83%BD%E5%8D%83%E4%BB%A3%E7%94%B0%E5%8C%BA%E7%A5%9E%E7%94%B0%E7%B7%B4%E5%A1%80%E7%94%BA45%E7%95%AA%20%E3%83%A9%E3%82%A4%E3%82%AA%E3%83%B3%E3%82%BA%E3%83%9E%E3%83%B3%E3%82%B7%E3%83%A7%E3%83%B3%E7%A7%8B%E8%91%89%E5%8E%9F%20B1F,2021,焼肉 TOKYO,yakiniku_tokyo,発表日：2021年11月10日
在市 月島本店,"東京都中央区月島2-14-8 AMビル1,2F",食べログ 焼肉 TOKYO 百名店 2021,https://tabelog.com/tokyo/A1313/A131302/13095398/,https://www.google.com/maps/search/?api=1&query=%E5%9C%A8%E5%B8%82%20%E6%9C%88%E5%B3%B6%E6%9C%AC%E5%BA%97%20%E6%9D%B1%E4%BA%AC%E9%83%BD%E4%B8%AD%E5%A4%AE%E5%8C%BA%E6%9C%88%E5%B3%B62-14-8%20AM%E3%83%93%E3%83%AB1%2C2F,2021,焼肉 TOKYO,yakiniku_tokyo,発表日：2021年11月10日
焼肉くにもと 新館,東京都港区浜松町2-8-9 カノウビル　１Ｆ,食べログ 焼肉 TOKYO 百名店 2021,https://tabelog.com/tokyo/A1314/A131401/13035852/,https://www.google.com/maps/search/?api=1&query=%E7%84%BC%E8%82%89%E3%81%8F%E3%81%AB%E3%82%82%E3%81%A8%20%E6%96%B0%E9%A4%A8%20%E6%9D%B1%E4%BA%AC%E9%83%BD%E6%B8%AF%E5%8C%BA%E6%B5%9C%E6%9D%BE%E7%94%BA2-8-9%20%E3%82%AB%E3%83%8E%E3%82%A6%E3%83%93%E3%83%AB%E3%80%80%EF%BC%91%EF%BC%A6,2021,焼肉 TOKYO,yakiniku_tokyo,発表日：2021年11月10日
銀座 山科,東京都中央区銀座6-4-3 GICROS GINZA GEMS 7F,食べログ 焼肉 TOKYO 百名店 2021,https://tabelog.com/tokyo/A1301/A130101/13240197/,https://www.google.com/maps/search/?api=1&query=%E9%8A%80%E5%BA%A7%20%E5%B1%B1%E7%A7%91%20%E6%9D%B1%E4%BA%AC%E9%83%BD%E4%B8%AD%E5%A4%AE%E5%8C%BA%E9%8A%80%E5%BA%A76-4-3%20GICROS%20GINZA%20GEMS%207F,2021,焼肉 TOKYO,yakiniku_tokyo,発表日：2021年11月10日
よろにく,東京都港区南青山6-6-22 ルナロッサ　Ｂ１Ｆ,食べログ 焼肉 TOKYO 百名店 2021,https://tabelog.com/tokyo/A1306/A130602/13042979/,https://www.google.com/maps/search/?api=1&query=%E3%82%88%E3%82%8D%E3%81%AB%E3%81%8F%20%E6%9D%B1%E4%BA%AC%E9%83%BD%E6%B8%AF%E5%8C%BA%E5%8D%97%E9%9D%92%E5%B1%B16-6-22%20%E3%83%AB%E3%83%8A%E3%83%AD%E3%83%83%E3%82%B5%E3%80%80%EF%BC%A2%EF%BC%91%EF%BC%A6,2021,焼肉 TOKYO,yakiniku_tokyo,発表日：2021年11月10日
うし松,東京都港区西麻布3-13-14 LA・RES 西麻布 B1F,食べログ 焼肉 TOKYO 百名店 2021,https://tabelog.com/tokyo/A1307/A130703/13242515/,https://www.google.com/maps/search/?api=1&query=%E3%81%86%E3%81%97%E6%9D%BE%20%E6%9D%B1%E4%BA%AC%E9%83%BD%E6%B8%AF%E5%8C%BA%E8%A5%BF%E9%BA%BB%E5%B8%833-13-14%20LA%E3%83%BBRES%20%E8%A5%BF%E9%BA%BB%E5%B8%83%20B1F,2021,焼肉 TOKYO,yakiniku_tokyo,発表日：2021年11月10日
焼肉 うしみつ 恵比寿本店,東京都渋谷区恵比寿南1-14-12 ル・ソレイユ3 M1F,食べログ 焼肉 TOKYO 百名店 2021,https://tabelog.com/tokyo/A1303/A130302/13204541/,https://www.google.com/maps/search/?api=1&query=%E7%84%BC%E8%82%89%20%E3%81%86%E3%81%97%E3%81%BF%E3%81%A4%20%E6%81%B5%E6%AF%94%E5%AF%BF%E6%9C%AC%E5%BA%97%20%E6%9D%B1%E4%BA%AC%E9%83%BD%E6%B8%8B%E8%B0%B7%E5%8C%BA%E6%81%B5%E6%AF%94%E5%AF%BF%E5%8D%971-14-12%20%E3%83%AB%E3%83%BB%E3%82%BD%E3%83%AC%E3%82%A4%E3%83%A63%20M1F,2021,焼肉 TOKYO,yakiniku_tokyo,発表日：2021年11月10日
焼肉しみず,東京都品川区西五反田4-29-13 TYビル 2F,食べログ 焼肉 TOKYO 百名店 2021,https://tabelog.com/tokyo/A1317/A131710/13096548/,https://www.google.com/maps/search/?api=1&query=%E7%84%BC%E8%82%89%E3%81%97%E3%81%BF%E3%81%9A%20%E6%9D%B1%E4%BA%AC%E9%83%BD%E5%93%81%E5%B7%9D%E5%8C%BA%E8%A5%BF%E4%BA%94%E5%8F%8D%E7%94%B04-29-13%20TY%E3%83%93%E3%83%AB%202F,2021,焼肉 TOKYO,yakiniku_tokyo,発表日：2021年11月10日
代官山 焼肉かねこ,東京都渋谷区猿楽町17-17 1F,食べログ 焼肉 TOKYO 百名店 2021,https://tabelog.com/tokyo/A1303/A130303/13178613/,https://www.google.com/maps/search/?api=1&query=%E4%BB%A3%E5%AE%98%E5%B1%B1%20%E7%84%BC%E8%82%89%E3%81%8B%E3%81%AD%E3%81%93%20%E6%9D%B1%E4%BA%AC%E9%83%BD%E6%B8%8B%E8%B0%B7%E5%8C%BA%E7%8C%BF%E6%A5%BD%E7%94%BA17-17%201F,2021,焼肉 TOKYO,yakiniku_tokyo,発表日：2021年11月10日
李朝園 吉祥寺店,東京都武蔵野市吉祥寺本町1-8-3 コスモビル 4F,食べログ 焼肉 TOKYO 百名店 2021,https://tabelog.com/tokyo/A1320/A132001/13005772/,https://www.google.com/maps/search/?api=1&query=%E6%9D%8E%E6%9C%9D%E5%9C%92%20%E5%90%89%E7%A5%A5%E5%AF%BA%E5%BA%97%20%E6%9D%B1%E4%BA%AC%E9%83%BD%E6%AD%A6%E8%94%B5%E9%87%8E%E5%B8%82%E5%90%89%E7%A5%A5%E5%AF%BA%E6%9C%AC%E7%94%BA1-8-3%20%E3%82%B3%E3%82%B9%E3%83%A2%E3%83%93%E3%83%AB%204F,2021,焼肉 TOKYO,yakiniku_tokyo,発表日：2021年11月10日
神泉ホルモン 三百屋,東京都渋谷区神泉町12-4,食べログ 焼肉 TOKYO 百名店 2021,https://tabelog.com/tokyo/A1303/A130301/13024281/,https://www.google.com/maps/search/?api=1&query=%E7%A5%9E%E6%B3%89%E3%83%9B%E3%83%AB%E3%83%A2%E3%83%B3%20%E4%B8%89%E7%99%BE%E5%B1%8B%20%E6%9D%B1%E4%BA%AC%E9%83%BD%E6%B8%8B%E8%B0%B7%E5%8C%BA%E7%A5%9E%E6%B3%89%E7%94%BA12-4,2021,焼肉 TOKYO,yakiniku_tokyo,発表日：2021年11月10日
正泰苑 新橋店,東京都港区新橋2-3-4 新橋パークビル 2F,食べログ 焼肉 TOKYO 百名店 2021,https://tabelog.com/tokyo/A1301/A130103/13054487/,https://www.google.com/maps/search/?api=1&query=%E6%AD%A3%E6%B3%B0%E8%8B%91%20%E6%96%B0%E6%A9%8B%E5%BA%97%20%E6%9D%B1%E4%BA%AC%E9%83%BD%E6%B8%AF%E5%8C%BA%E6%96%B0%E6%A9%8B2-3-4%20%E6%96%B0%E6%A9%8B%E3%83%91%E3%83%BC%E3%82%AF%E3%83%93%E3%83%AB%202F,2021,焼肉 TOKYO,yakiniku_tokyo,発表日：2021年11月10日
焼肉 ジャンボ はなれ,東京都文京区本郷3-27-9 アンリツビル B1F～1F,食べログ 焼肉 TOKYO 百名店 2021,https://tabelog.com/tokyo/A1310/A131004/13160962/,https://www.google.com/maps/search/?api=1&query=%E7%84%BC%E8%82%89%20%E3%82%B8%E3%83%A3%E3%83%B3%E3%83%9C%20%E3%81%AF%E3%81%AA%E3%82%8C%20%E6%9D%B1%E4%BA%AC%E9%83%BD%E6%96%87%E4%BA%AC%E5%8C%BA%E6%9C%AC%E9%83%B73-27-9%20%E3%82%A2%E3%83%B3%E3%83%AA%E3%83%84%E3%83%93%E3%83%AB%20B1F%EF%BD%9E1F,2021,焼肉 TOKYO,yakiniku_tokyo,発表日：2021年11月10日
ビーフキッチン 中目黒本店,東京都目黒区上目黒2-44-8 ロ・カーサ上目黒 B1F,食べログ 焼肉 TOKYO 百名店 2021,https://tabelog.com/tokyo/A1317/A131701/13054178/,https://www.google.com/maps/search/?api=1&query=%E3%83%93%E3%83%BC%E3%83%95%E3%82%AD%E3%83%83%E3%83%81%E3%83%B3%20%E4%B8%AD%E7%9B%AE%E9%BB%92%E6%9C%AC%E5%BA%97%20%E6%9D%B1%E4%BA%AC%E9%83%BD%E7%9B%AE%E9%BB%92%E5%8C%BA%E4%B8%8A%E7%9B%AE%E9%BB%922-44-8%20%E3%83%AD%E3%83%BB%E3%82%AB%E3%83%BC%E3%82%B5%E4%B8%8A%E7%9B%AE%E9%BB%92%20B1F,2021,焼肉 TOKYO,yakiniku_tokyo,発表日：2021年11月10日
スタミナ苑,東京都足立区鹿浜3-13-4,食べログ 焼肉 TOKYO 百名店 2021,https://tabelog.com/tokyo/A1323/A132305/13003777/,https://www.google.com/maps/search/?api=1&query=%E3%82%B9%E3%82%BF%E3%83%9F%E3%83%8A%E8%8B%91%20%E6%9D%B1%E4%BA%AC%E9%83%BD%E8%B6%B3%E7%AB%8B%E5%8C%BA%E9%B9%BF%E6%B5%9C3-13-4,2021,焼肉 TOKYO,yakiniku_tokyo,発表日：2021年11月10日
焼肉 ジャンボ 篠崎本店,東京都江戸川区篠崎町4-13-19,食べログ 焼肉 TOKYO 百名店 2021,https://tabelog.com/tokyo/A1312/A131205/13003075/,https://www.google.com/maps/search/?api=1&query=%E7%84%BC%E8%82%89%20%E3%82%B8%E3%83%A3%E3%83%B3%E3%83%9C%20%E7%AF%A0%E5%B4%8E%E6%9C%AC%E5%BA%97%20%E6%9D%B1%E4%BA%AC%E9%83%BD%E6%B1%9F%E6%88%B8%E5%B7%9D%E5%8C%BA%E7%AF%A0%E5%B4%8E%E7%94%BA4-13-19,2021,焼肉 TOKYO,yakiniku_tokyo,発表日：2021年11月10日
羅生門 四谷本店,東京都新宿区舟町7-14 ダイアパレス　１Ｆ,食べログ 焼肉 TOKYO 百名店 2021,https://tabelog.com/tokyo/A1309/A130903/13000973/,https://www.google.com/maps/search/?api=1&query=%E7%BE%85%E7%94%9F%E9%96%80%20%E5%9B%9B%E8%B0%B7%E6%9C%AC%E5%BA%97%20%E6%9D%B1%E4%BA%AC%E9%83%BD%E6%96%B0%E5%AE%BF%E5%8C%BA%E8%88%9F%E7%94%BA7-14%20%E3%83%80%E3%82%A4%E3%82%A2%E3%83%91%E3%83%AC%E3%82%B9%E3%80%80%EF%BC%91%EF%BC%A6,2021,焼肉 TOKYO,yakiniku_tokyo,発表日：2021年11月10日
焼肉 芝浦 駒沢本店,東京都世田谷区駒沢5-16-9 駒沢ビル,食べログ 焼肉 TOKYO 百名店 2021,https://tabelog.com/tokyo/A1317/A131707/13045307/,https://www.google.com/maps/search/?api=1&query=%E7%84%BC%E8%82%89%20%E8%8A%9D%E6%B5%A6%20%E9%A7%92%E6%B2%A2%E6%9C%AC%E5%BA%97%20%E6%9D%B1%E4%BA%AC%E9%83%BD%E4%B8%96%E7%94%B0%E8%B0%B7%E5%8C%BA%E9%A7%92%E6%B2%A25-16-9%20%E9%A7%92%E6%B2%A2%E3%83%93%E3%83%AB,2021,焼肉 TOKYO,yakiniku_tokyo,発表日：2021年11月10日
西麻布けんしろう,東京都港区西麻布4-2-2 Barbizon92 1F,食べログ 焼肉 TOKYO 百名店 2021,https://tabelog.com/tokyo/A1307/A130703/13184885/,https://www.google.com/maps/search/?api=1&query=%E8%A5%BF%E9%BA%BB%E5%B8%83%E3%81%91%E3%82%93%E3%81%97%E3%82%8D%E3%81%86%20%E6%9D%B1%E4%BA%AC%E9%83%BD%E6%B8%AF%E5%8C%BA%E8%A5%BF%E9%BA%BB%E5%B8%834-2-2%20Barbizon92%201F,2021,焼肉 TOKYO,yakiniku_tokyo,発表日：2021年11月10日
うしごろ 貫 恵比寿本店,東京都渋谷区恵比寿南1-8-1 STM恵比寿ビル 1F,食べログ 焼肉 TOKYO 百名店 2021,https://tabelog.com/tokyo/A1303/A130302/13160330/,https://www.google.com/maps/search/?api=1&query=%E3%81%86%E3%81%97%E3%81%94%E3%82%8D%20%E8%B2%AB%20%E6%81%B5%E6%AF%94%E5%AF%BF%E6%9C%AC%E5%BA%97%20%E6%9D%B1%E4%BA%AC%E9%83%BD%E6%B8%8B%E8%B0%B7%E5%8C%BA%E6%81%B5%E6%AF%94%E5%AF%BF%E5%8D%971-8-1%20STM%E6%81%B5%E6%AF%94%E5%AF%BF%E3%83%93%E3%83%AB%201F,2021,焼肉 TOKYO,yakiniku_tokyo,発表日：2021年11月10日
好ちゃん 飯田橋本店,東京都千代田区富士見2-3-12 飯田橋西口ビル 2F,食べログ 焼肉 TOKYO 百名店 2021,https://tabelog.com/tokyo/A1309/A130905/13030762/,https://www.google.com/maps/search/?api=1&query=%E5%A5%BD%E3%81%A1%E3%82%83%E3%82%93%20%E9%A3%AF%E7%94%B0%E6%A9%8B%E6%9C%AC%E5%BA%97%20%E6%9D%B1%E4%BA%AC%E9%83%BD%E5%8D%83%E4%BB%A3%E7%94%B0%E5%8C%BA%E5%AF%8C%E5%A3%AB%E8%A6%8B2-3-12%20%E9%A3%AF%E7%94%B0%E6%A9%8B%E8%A5%BF%E5%8F%A3%E3%83%93%E3%83%AB%202F,2021,焼肉 TOKYO,yakiniku_tokyo,発表日：2021年11月10日
黒牛,東京都渋谷区代々木3-1-11 パシフィックスクエア代々木ビル B1F,食べログ 焼肉 TOKYO 百名店 2021,https://tabelog.com/tokyo/A1304/A130403/13045232/,https://www.google.com/maps/search/?api=1&query=%E9%BB%92%E7%89%9B%20%E6%9D%B1%E4%BA%AC%E9%83%BD%E6%B8%8B%E8%B0%B7%E5%8C%BA%E4%BB%A3%E3%80%85%E6%9C%A83-1-11%20%E3%83%91%E3%82%B7%E3%83%95%E3%82%A3%E3%83%83%E3%82%AF%E3%82%B9%E3%82%AF%E3%82%A8%E3%82%A2%E4%BB%A3%E3%80%85%E6%9C%A8%E3%83%93%E3%83%AB%20B1F,2021,焼肉 TOKYO,yakiniku_tokyo,発表日：2021年11月10日
赤坂 らいもん,東京都港区赤坂3-9-12 メトロビル 4F,食べログ 焼肉 TOKYO 百名店 2021,https://tabelog.com/tokyo/A1308/A130801/13224635/,https://www.google.com/maps/search/?api=1&query=%E8%B5%A4%E5%9D%82%20%E3%82%89%E3%81%84%E3%82%82%E3%82%93%20%E6%9D%B1%E4%BA%AC%E9%83%BD%E6%B8%AF%E5%8C%BA%E8%B5%A4%E5%9D%823-9-12%20%E3%83%A1%E3%83%88%E3%83%AD%E3%83%93%E3%83%AB%204F,2021,焼肉 TOKYO,yakiniku_tokyo,発表日：2021年11月10日
本とさや,東京都台東区西浅草3-1-9,食べログ 焼肉 TOKYO 百名店 2021,https://tabelog.com/tokyo/A1311/A131102/13003711/,https://www.google.com/maps/search/?api=1&query=%E6%9C%AC%E3%81%A8%E3%81%95%E3%82%84%20%E6%9D%B1%E4%BA%AC%E9%83%BD%E5%8F%B0%E6%9D%B1%E5%8C%BA%E8%A5%BF%E6%B5%85%E8%8D%893-1-9,2021,焼肉 TOKYO,yakiniku_tokyo,発表日：2021年11月10日
うしごろバンビーナ 恵比寿本店,東京都渋谷区恵比寿南2-1-2 ＲＫＦ恵比寿 1Ｆ,食べログ 焼肉 TOKYO 百名店 2021,https://tabelog.com/tokyo/A1303/A130302/13144971/,https://www.google.com/maps/search/?api=1&query=%E3%81%86%E3%81%97%E3%81%94%E3%82%8D%E3%83%90%E3%83%B3%E3%83%93%E3%83%BC%E3%83%8A%20%E6%81%B5%E6%AF%94%E5%AF%BF%E6%9C%AC%E5%BA%97%20%E6%9D%B1%E4%BA%AC%E9%83%BD%E6%B8%8B%E8%B0%B7%E5%8C%BA%E6%81%B5%E6%AF%94%E5%AF%BF%E5%8D%972-1-2%20%EF%BC%B2%EF%BC%AB%EF%BC%A6%E6%81%B5%E6%AF%94%E5%AF%BF%201%EF%BC%A6,2021,焼肉 TOKYO,yakiniku_tokyo,発表日：2021年11月10日
亀戸ホルモン 本店,東京都江東区亀戸5-4-9 第2ドミール 1F,食べログ 焼肉 TOKYO 百名店 2021,https://tabelog.com/tokyo/A1312/A131202/13008099/,https://www.google.com/maps/search/?api=1&query=%E4%BA%80%E6%88%B8%E3%83%9B%E3%83%AB%E3%83%A2%E3%83%B3%20%E6%9C%AC%E5%BA%97%20%E6%9D%B1%E4%BA%AC%E9%83%BD%E6%B1%9F%E6%9D%B1%E5%8C%BA%E4%BA%80%E6%88%B85-4-9%20%E7%AC%AC2%E3%83%89%E3%83%9F%E3%83%BC%E3%83%AB%201F,2021,焼肉 TOKYO,yakiniku_tokyo,発表日：2021年11月10日
びーふてい 中目黒店,東京都目黒区上目黒2-6-9 マルモビル　１Ｆ,食べログ 焼肉 TOKYO 百名店 2021,https://tabelog.com/tokyo/A1317/A131701/13003237/,https://www.google.com/maps/search/?api=1&query=%E3%81%B3%E3%83%BC%E3%81%B5%E3%81%A6%E3%81%84%20%E4%B8%AD%E7%9B%AE%E9%BB%92%E5%BA%97%20%E6%9D%B1%E4%BA%AC%E9%83%BD%E7%9B%AE%E9%BB%92%E5%8C%BA%E4%B8%8A%E7%9B%AE%E9%BB%922-6-9%20%E3%83%9E%E3%83%AB%E3%83%A2%E3%83%93%E3%83%AB%E3%80%80%EF%BC%91%EF%BC%A6,2021,焼肉 TOKYO,yakiniku_tokyo,発表日：2021年11月10日
炭焼 金竜山,東京都港区白金3-14-1 第１マンション　１Ｆ,食べログ 焼肉 TOKYO 百名店 2021,https://tabelog.com/tokyo/A1316/A131602/13001625/,https://www.google.com/maps/search/?api=1&query=%E7%82%AD%E7%84%BC%20%E9%87%91%E7%AB%9C%E5%B1%B1%20%E6%9D%B1%E4%BA%AC%E9%83%BD%E6%B8%AF%E5%8C%BA%E7%99%BD%E9%87%913-14-1%20%E7%AC%AC%EF%BC%91%E3%83%9E%E3%83%B3%E3%82%B7%E3%83%A7%E3%83%B3%E3%80%80%EF%BC%91%EF%BC%A6,2021,焼肉 TOKYO,yakiniku_tokyo,発表日：2021年11月10日
赤身焼肉 かるびあーの 新橋店,東京都港区新橋3-7-4 山口ビル １Ｆ,食べログ 焼肉 TOKYO 百名店 2021,https://tabelog.com/tokyo/A1301/A130103/13026295/,https://www.google.com/maps/search/?api=1&query=%E8%B5%A4%E8%BA%AB%E7%84%BC%E8%82%89%20%E3%81%8B%E3%82%8B%E3%81%B3%E3%81%82%E3%83%BC%E3%81%AE%20%E6%96%B0%E6%A9%8B%E5%BA%97%20%E6%9D%B1%E4%BA%AC%E9%83%BD%E6%B8%AF%E5%8C%BA%E6%96%B0%E6%A9%8B3-7-4%20%E5%B1%B1%E5%8F%A3%E3%83%93%E3%83%AB%20%EF%BC%91%EF%BC%A6,2021,焼肉 TOKYO,yakiniku_tokyo,発表日：2021年11月10日
SATOブリアン さんごう,東京都杉並区阿佐ヶ谷北1-37-6 1F,食べログ 焼肉 TOKYO 百名店 2021,https://tabelog.com/tokyo/A1319/A131905/13223460/,https://www.google.com/maps/search/?api=1&query=SATO%E3%83%96%E3%83%AA%E3%82%A2%E3%83%B3%20%E3%81%95%E3%82%93%E3%81%94%E3%81%86%20%E6%9D%B1%E4%BA%AC%E9%83%BD%E6%9D%89%E4%B8%A6%E5%8C%BA%E9%98%BF%E4%BD%90%E3%83%B6%E8%B0%B7%E5%8C%971-37-6%201F,2021,焼肉 TOKYO,yakiniku_tokyo,発表日：2021年11月10日
焼肉 京城 北千住店,東京都足立区千住2-62,食べログ 焼肉 TOKYO 百名店 2021,https://tabelog.com/tokyo/A1324/A132402/13003740/,https://www.google.com/maps/search/?api=1&query=%E7%84%BC%E8%82%89%20%E4%BA%AC%E5%9F%8E%20%E5%8C%97%E5%8D%83%E4%BD%8F%E5%BA%97%20%E6%9D%B1%E4%BA%AC%E9%83%BD%E8%B6%B3%E7%AB%8B%E5%8C%BA%E5%8D%83%E4%BD%8F2-62,2021,焼肉 TOKYO,yakiniku_tokyo,発表日：2021年11月10日
三宿トラジ,東京都目黒区祐天寺2-14-7 AIビル　Ｂ１Ｆ,食べログ 焼肉 TOKYO 百名店 2021,https://tabelog.com/tokyo/A1317/A131701/13004517/,https://www.google.com/maps/search/?api=1&query=%E4%B8%89%E5%AE%BF%E3%83%88%E3%83%A9%E3%82%B8%20%E6%9D%B1%E4%BA%AC%E9%83%BD%E7%9B%AE%E9%BB%92%E5%8C%BA%E7%A5%90%E5%A4%A9%E5%AF%BA2-14-7%20AI%E3%83%93%E3%83%AB%E3%80%80%EF%BC%A2%EF%BC%91%EF%BC%A6,2021,焼肉 TOKYO,yakiniku_tokyo,発表日：2021年11月10日
誇味山,東京都港区西麻布1丁目15-9 ラ・アルタ西麻布1F,食べログ 焼肉 TOKYO 百名店 2021,https://tabelog.com/tokyo/A1307/A130701/13230924/,https://www.google.com/maps/search/?api=1&query=%E8%AA%87%E5%91%B3%E5%B1%B1%20%E6%9D%B1%E4%BA%AC%E9%83%BD%E6%B8%AF%E5%8C%BA%E8%A5%BF%E9%BA%BB%E5%B8%831%E4%B8%81%E7%9B%AE15-9%20%E3%83%A9%E3%83%BB%E3%82%A2%E3%83%AB%E3%82%BF%E8%A5%BF%E9%BA%BB%E5%B8%831F,2021,焼肉 TOKYO,yakiniku_tokyo,発表日：2021年11月10日
焼肉くにもと 本店,東京都港区浜松町2-12-2,食べログ 焼肉 TOKYO 百名店 2021,https://tabelog.com/tokyo/A1314/A131401/13007842/,https://www.google.com/maps/search/?api=1&query=%E7%84%BC%E8%82%89%E3%81%8F%E3%81%AB%E3%82%82%E3%81%A8%20%E6%9C%AC%E5%BA%97%20%E6%9D%B1%E4%BA%AC%E9%83%BD%E6%B8%AF%E5%8C%BA%E6%B5%9C%E6%9D%BE%E7%94%BA2-12-2,2021,焼肉 TOKYO,yakiniku_tokyo,発表日：2021年11月10日
炭火焼肉 六本木 隆,東京都港区六本木7-14-11 ニイクラビル 4F,食べログ 焼肉 TOKYO 百名店 2021,https://tabelog.com/tokyo/A1307/A130701/13104930/,https://www.google.com/maps/search/?api=1&query=%E7%82%AD%E7%81%AB%E7%84%BC%E8%82%89%20%E5%85%AD%E6%9C%AC%E6%9C%A8%20%E9%9A%86%20%E6%9D%B1%E4%BA%AC%E9%83%BD%E6%B8%AF%E5%8C%BA%E5%85%AD%E6%9C%AC%E6%9C%A87-14-11%20%E3%83%8B%E3%82%A4%E3%82%AF%E3%83%A9%E3%83%93%E3%83%AB%204F,2021,焼肉 TOKYO,yakiniku_tokyo,発表日：2021年11月10日
焼肉 大貫,東京都新宿区新宿2-18-1,食べログ 焼肉 TOKYO 百名店 2021,https://tabelog.com/tokyo/A1304/A130402/13191277/,https://www.google.com/maps/search/?api=1&query=%E7%84%BC%E8%82%89%20%E5%A4%A7%E8%B2%AB%20%E6%9D%B1%E4%BA%AC%E9%83%BD%E6%96%B0%E5%AE%BF%E5%8C%BA%E6%96%B0%E5%AE%BF2-18-1,2021,焼肉 TOKYO,yakiniku_tokyo,発表日：2021年11月10日
焼肉 鶯谷園,東京都台東区根岸1-5-15,食べログ 焼肉 TOKYO 百名店 2021,https://tabelog.com/tokyo/A1311/A131104/13012243/,https://www.google.com/maps/search/?api=1&query=%E7%84%BC%E8%82%89%20%E9%B6%AF%E8%B0%B7%E5%9C%92%20%E6%9D%B1%E4%BA%AC%E9%83%BD%E5%8F%B0%E6%9D%B1%E5%8C%BA%E6%A0%B9%E5%B2%B81-5-15,2021,焼肉 TOKYO,yakiniku_tokyo,発表日：2021年11月10日
大幸園 小宮本店,東京都八王子市小宮町863-3,食べログ 焼肉 TOKYO 百名店 2021,https://tabelog.com/tokyo/A1329/A132904/13107594/,https://www.google.com/maps/search/?api=1&query=%E5%A4%A7%E5%B9%B8%E5%9C%92%20%E5%B0%8F%E5%AE%AE%E6%9C%AC%E5%BA%97%20%E6%9D%B1%E4%BA%AC%E9%83%BD%E5%85%AB%E7%8E%8B%E5%AD%90%E5%B8%82%E5%B0%8F%E5%AE%AE%E7%94%BA863-3,2021,焼肉 TOKYO,yakiniku_tokyo,発表日：2021年11月10日
游玄亭 銀座,東京都中央区銀座5-4-6 ロイヤルクリスタル銀座　６Ｆ,食べログ 焼肉 TOKYO 百名店 2021,https://tabelog.com/tokyo/A1301/A130101/13030773/,https://www.google.com/maps/search/?api=1&query=%E6%B8%B8%E7%8E%84%E4%BA%AD%20%E9%8A%80%E5%BA%A7%20%E6%9D%B1%E4%BA%AC%E9%83%BD%E4%B8%AD%E5%A4%AE%E5%8C%BA%E9%8A%80%E5%BA%A75-4-6%20%E3%83%AD%E3%82%A4%E3%83%A4%E3%83%AB%E3%82%AF%E3%83%AA%E3%82%B9%E3%82%BF%E3%83%AB%E9%8A%80%E5%BA%A7%E3%80%80%EF%BC%96%EF%BC%A6,2021,焼肉 TOKYO,yakiniku_tokyo,発表日：2021年11月10日
三幸園,東京都港区麻布十番1-8-7,食べログ 焼肉 TOKYO 百名店 2021,https://tabelog.com/tokyo/A1307/A130702/13002823/,https://www.google.com/maps/search/?api=1&query=%E4%B8%89%E5%B9%B8%E5%9C%92%20%E6%9D%B1%E4%BA%AC%E9%83%BD%E6%B8%AF%E5%8C%BA%E9%BA%BB%E5%B8%83%E5%8D%81%E7%95%AA1-8-7,2021,焼肉 TOKYO,yakiniku_tokyo,発表日：2021年11月10日
ホルモン青木 亀戸店,東京都江東区亀戸5-13-1,食べログ 焼肉 TOKYO 百名店 2021,https://tabelog.com/tokyo/A1312/A131202/13059962/,https://www.google.com/maps/search/?api=1&query=%E3%83%9B%E3%83%AB%E3%83%A2%E3%83%B3%E9%9D%92%E6%9C%A8%20%E4%BA%80%E6%88%B8%E5%BA%97%20%E6%9D%B1%E4%BA%AC%E9%83%BD%E6%B1%9F%E6%9D%B1%E5%8C%BA%E4%BA%80%E6%88%B85-13-1,2021,焼肉 TOKYO,yakiniku_tokyo,発表日：2021年11月10日
The INNOCENT CARVERY,東京都港区西麻布1-4-28 カルハ西麻布 101,食べログ 焼肉 TOKYO 百名店 2021,https://tabelog.com/tokyo/A1307/A130701/13189539/,https://www.google.com/maps/search/?api=1&query=The%20INNOCENT%20CARVERY%20%E6%9D%B1%E4%BA%AC%E9%83%BD%E6%B8%AF%E5%8C%BA%E8%A5%BF%E9%BA%BB%E5%B8%831-4-28%20%E3%82%AB%E3%83%AB%E3%83%8F%E8%A5%BF%E9%BA%BB%E5%B8%83%20101,2021,焼肉 TOKYO,yakiniku_tokyo,発表日：2021年11月10日
東京園,東京都中央区銀座5-9-5,食べログ 焼肉 TOKYO 百名店 2021,https://tabelog.com/tokyo/A1301/A130101/13002566/,https://www.google.com/maps/search/?api=1&query=%E6%9D%B1%E4%BA%AC%E5%9C%92%20%E6%9D%B1%E4%BA%AC%E9%83%BD%E4%B8%AD%E5%A4%AE%E5%8C%BA%E9%8A%80%E5%BA%A75-9-5,2021,焼肉 TOKYO,yakiniku_tokyo,発表日：2021年11月10日
赤坂大関 本店,東京都港区赤坂3-18-12,食べログ 焼肉 TOKYO 百名店 2021,https://tabelog.com/tokyo/A1308/A130801/13015197/,https://www.google.com/maps/search/?api=1&query=%E8%B5%A4%E5%9D%82%E5%A4%A7%E9%96%A2%20%E6%9C%AC%E5%BA%97%20%E6%9D%B1%E4%BA%AC%E9%83%BD%E6%B8%AF%E5%8C%BA%E8%B5%A4%E5%9D%823-18-12,2021,焼肉 TOKYO,yakiniku_tokyo,発表日：2021年11月10日
焼肉うしごろ 銀座並木通り店,東京都中央区銀座5-4-9 ニュー銀座5ビル 7F,食べログ 焼肉 TOKYO 百名店 2021,https://tabelog.com/tokyo/A1301/A130101/13226719/,https://www.google.com/maps/search/?api=1&query=%E7%84%BC%E8%82%89%E3%81%86%E3%81%97%E3%81%94%E3%82%8D%20%E9%8A%80%E5%BA%A7%E4%B8%A6%E6%9C%A8%E9%80%9A%E3%82%8A%E5%BA%97%20%E6%9D%B1%E4%BA%AC%E9%83%BD%E4%B8%AD%E5%A4%AE%E5%8C%BA%E9%8A%80%E5%BA%A75-4-9%20%E3%83%8B%E3%83%A5%E3%83%BC%E9%8A%80%E5%BA%A75%E3%83%93%E3%83%AB%207F,2021,焼肉 TOKYO,yakiniku_tokyo,発表日：2021年11月10日
焼肉うしごろ 西麻布本店,東京都港区西麻布2-24-14 Barbizon73 1F,食べログ 焼肉 TOKYO 百名店 2021,https://tabelog.com/tokyo/A1307/A130701/13124592/,https://www.google.com/maps/search/?api=1&query=%E7%84%BC%E8%82%89%E3%81%86%E3%81%97%E3%81%94%E3%82%8D%20%E8%A5%BF%E9%BA%BB%E5%B8%83%E6%9C%AC%E5%BA%97%20%E6%9D%B1%E4%BA%AC%E9%83%BD%E6%B8%AF%E5%8C%BA%E8%A5%BF%E9%BA%BB%E5%B8%832-24-14%20Barbizon73%201F,2021,焼肉 TOKYO,yakiniku_tokyo,発表日：2021年11月10日
恵比寿焼肉　kintan,東京都渋谷区恵比寿西1-10-3 トラストリンク恵比寿ビル 1F～2F,食べログ 焼肉 TOKYO 百名店 2021,https://tabelog.com/tokyo/A1303/A130302/13157343/,https://www.google.com/maps/search/?api=1&query=%E6%81%B5%E6%AF%94%E5%AF%BF%E7%84%BC%E8%82%89%E3%80%80kintan%20%E6%9D%B1%E4%BA%AC%E9%83%BD%E6%B8%8B%E8%B0%B7%E5%8C%BA%E6%81%B5%E6%AF%94%E5%AF%BF%E8%A5%BF1-10-3%20%E3%83%88%E3%83%A9%E3%82%B9%E3%83%88%E3%83%AA%E3%83%B3%E3%82%AF%E6%81%B5%E6%AF%94%E5%AF%BF%E3%83%93%E3%83%AB%201F%EF%BD%9E2F,2021,焼肉 TOKYO,yakiniku_tokyo,発表日：2021年11月10日
蕃 YORONIKU,東京都渋谷区恵比寿1-11-5 GEMS恵比寿 8F,食べログ 焼肉 TOKYO 百名店 2021,https://tabelog.com/tokyo/A1303/A130302/13211927/,https://www.google.com/maps/search/?api=1&query=%E8%95%83%20YORONIKU%20%E6%9D%B1%E4%BA%AC%E9%83%BD%E6%B8%8B%E8%B0%B7%E5%8C%BA%E6%81%B5%E6%AF%94%E5%AF%BF1-11-5%20GEMS%E6%81%B5%E6%AF%94%E5%AF%BF%208F,2021,焼肉 TOKYO,yakiniku_tokyo,発表日：2021年11月10日
焼肉 冷麺 ユッチャン。,東京都港区六本木7-17-24 eisu.bldg,食べログ 焼肉 TOKYO 百名店 2021,https://tabelog.com/tokyo/A1307/A130701/13230170/,https://www.google.com/maps/search/?api=1&query=%E7%84%BC%E8%82%89%20%E5%86%B7%E9%BA%BA%20%E3%83%A6%E3%83%83%E3%83%81%E3%83%A3%E3%83%B3%E3%80%82%20%E6%9D%B1%E4%BA%AC%E9%83%BD%E6%B8%AF%E5%8C%BA%E5%85%AD%E6%9C%AC%E6%9C%A87-17-24%20eisu.bldg,2021,焼肉 TOKYO,yakiniku_tokyo,発表日：2021年11月10日
焼肉 うしみつ一門 目黒店,東京都目黒区下目黒1-3-28 サンウッド目黒 1F,食べログ 焼肉 TOKYO 百名店 2021,https://tabelog.com/tokyo/A1316/A131601/13208975/,https://www.google.com/maps/search/?api=1&query=%E7%84%BC%E8%82%89%20%E3%81%86%E3%81%97%E3%81%BF%E3%81%A4%E4%B8%80%E9%96%80%20%E7%9B%AE%E9%BB%92%E5%BA%97%20%E6%9D%B1%E4%BA%AC%E9%83%BD%E7%9B%AE%E9%BB%92%E5%8C%BA%E4%B8%8B%E7%9B%AE%E9%BB%921-3-28%20%E3%82%B5%E3%83%B3%E3%82%A6%E3%83%83%E3%83%89%E7%9B%AE%E9%BB%92%201F,2021,焼肉 TOKYO,yakiniku_tokyo,発表日：2021年11月10日
焼肉五鉄 八丁堀本店,東京都中央区八丁堀3-7-1 宝ビル本館　Ｂ１Ｆ,食べログ 焼肉 TOKYO 百名店 2021,https://tabelog.com/tokyo/A1302/A130203/13002399/,https://www.google.com/maps/search/?api=1&query=%E7%84%BC%E8%82%89%E4%BA%94%E9%89%84%20%E5%85%AB%E4%B8%81%E5%A0%80%E6%9C%AC%E5%BA%97%20%E6%9D%B1%E4%BA%AC%E9%83%BD%E4%B8%AD%E5%A4%AE%E5%8C%BA%E5%85%AB%E4%B8%81%E5%A0%803-7-1%20%E5%AE%9D%E3%83%93%E3%83%AB%E6%9C%AC%E9%A4%A8%E3%80%80%EF%BC%A2%EF%BC%91%EF%BC%A6,2021,焼肉 TOKYO,yakiniku_tokyo,発表日：2021年11月10日
焼肉ヒロミヤ 本店,東京都新宿区市谷台町4-1 2F,食べログ 焼肉 TOKYO 百名店 2021,https://tabelog.com/tokyo/A1309/A130903/13177366/,https://www.google.com/maps/search/?api=1&query=%E7%84%BC%E8%82%89%E3%83%92%E3%83%AD%E3%83%9F%E3%83%A4%20%E6%9C%AC%E5%BA%97%20%E6%9D%B1%E4%BA%AC%E9%83%BD%E6%96%B0%E5%AE%BF%E5%8C%BA%E5%B8%82%E8%B0%B7%E5%8F%B0%E7%94%BA4-1%202F,2021,焼肉 TOKYO,yakiniku_tokyo,発表日：2021年11月10日
亀戸ホルモン 恵比寿店,東京都渋谷区恵比寿南1-14-2 タイムゾーンビル　１Ｆ,食べログ 焼肉 TOKYO 百名店 2021,https://tabelog.com/tokyo/A1303/A130302/13041990/,https://www.google.com/maps/search/?api=1&query=%E4%BA%80%E6%88%B8%E3%83%9B%E3%83%AB%E3%83%A2%E3%83%B3%20%E6%81%B5%E6%AF%94%E5%AF%BF%E5%BA%97%20%E6%9D%B1%E4%BA%AC%E9%83%BD%E6%B8%8B%E8%B0%B7%E5%8C%BA%E6%81%B5%E6%AF%94%E5%AF%BF%E5%8D%971-14-2%20%E3%82%BF%E3%82%A4%E3%83%A0%E3%82%BE%E3%83%BC%E3%83%B3%E3%83%93%E3%83%AB%E3%80%80%EF%BC%91%EF%BC%A6,2021,焼肉 TOKYO,yakiniku_tokyo,発表日：2021年11月10日
焼肉 銀座コバウ 特別室,東京都中央区銀座6-7-6 ラペビル 8F,食べログ 焼肉 TOKYO 百名店 2021,https://tabelog.com/tokyo/A1301/A130101/13005008/,https://www.google.com/maps/search/?api=1&query=%E7%84%BC%E8%82%89%20%E9%8A%80%E5%BA%A7%E3%82%B3%E3%83%90%E3%82%A6%20%E7%89%B9%E5%88%A5%E5%AE%A4%20%E6%9D%B1%E4%BA%AC%E9%83%BD%E4%B8%AD%E5%A4%AE%E5%8C%BA%E9%8A%80%E5%BA%A76-7-6%20%E3%83%A9%E3%83%9A%E3%83%93%E3%83%AB%208F,2021,焼肉 TOKYO,yakiniku_tokyo,発表日：2021年11月10日
ホルモン船 ホールちゃんのOYAGIKASE,東京都新宿区大久保2-13-12 クリハラビル1F,食べログ 焼肉 TOKYO 百名店 2021,https://tabelog.com/tokyo/A1304/A130401/13113717/,https://www.google.com/maps/search/?api=1&query=%E3%83%9B%E3%83%AB%E3%83%A2%E3%83%B3%E8%88%B9%20%E3%83%9B%E3%83%BC%E3%83%AB%E3%81%A1%E3%82%83%E3%82%93%E3%81%AEOYAGIKASE%20%E6%9D%B1%E4%BA%AC%E9%83%BD%E6%96%B0%E5%AE%BF%E5%8C%BA%E5%A4%A7%E4%B9%85%E4%BF%9D2-13-12%20%E3%82%AF%E3%83%AA%E3%83%8F%E3%83%A9%E3%83%93%E3%83%AB1F,2021,焼肉 TOKYO,yakiniku_tokyo,発表日：2021年11月10日
焼肉 凛,東京都中央区月島1-27-1 フロリスオーランティウム3 1F,食べログ 焼肉 TOKYO 百名店 2021,https://tabelog.com/tokyo/A1313/A131302/13002240/,https://www.google.com/maps/search/?api=1&query=%E7%84%BC%E8%82%89%20%E5%87%9B%20%E6%9D%B1%E4%BA%AC%E9%83%BD%E4%B8%AD%E5%A4%AE%E5%8C%BA%E6%9C%88%E5%B3%B61-27-1%20%E3%83%95%E3%83%AD%E3%83%AA%E3%82%B9%E3%82%AA%E3%83%BC%E3%83%A9%E3%83%B3%E3%83%86%E3%82%A3%E3%82%A6%E3%83%A03%201F,2021,焼肉 TOKYO,yakiniku_tokyo,発表日：2021年11月10日
焼肉 ぽんが 目黒本店,東京都品川区上大崎2-17-5 デルタンビル1,食べログ 焼肉 TOKYO 百名店 2021,https://tabelog.com/tokyo/A1316/A131601/13136905/,https://www.google.com/maps/search/?api=1&query=%E7%84%BC%E8%82%89%20%E3%81%BD%E3%82%93%E3%81%8C%20%E7%9B%AE%E9%BB%92%E6%9C%AC%E5%BA%97%20%E6%9D%B1%E4%BA%AC%E9%83%BD%E5%93%81%E5%B7%9D%E5%8C%BA%E4%B8%8A%E5%A4%A7%E5%B4%8E2-17-5%20%E3%83%87%E3%83%AB%E3%82%BF%E3%83%B3%E3%83%93%E3%83%AB1,2021,焼肉 TOKYO,yakiniku_tokyo,発表日：2021年11月10日
焼肉酒家 傳々 本店,東京都中央区月島3-13-1 サンライズ濱田ビル　２Ｆ,食べログ 焼肉 TOKYO 百名店 2021,https://tabelog.com/tokyo/A1313/A131302/13022287/,https://www.google.com/maps/search/?api=1&query=%E7%84%BC%E8%82%89%E9%85%92%E5%AE%B6%20%E5%82%B3%E3%80%85%20%E6%9C%AC%E5%BA%97%20%E6%9D%B1%E4%BA%AC%E9%83%BD%E4%B8%AD%E5%A4%AE%E5%8C%BA%E6%9C%88%E5%B3%B63-13-1%20%E3%82%B5%E3%83%B3%E3%83%A9%E3%82%A4%E3%82%BA%E6%BF%B1%E7%94%B0%E3%83%93%E3%83%AB%E3%80%80%EF%BC%92%EF%BC%A6,2021,焼肉 TOKYO,yakiniku_tokyo,発表日：2021年11月10日
炭火焼肉 牛和鹿 本店,東京都江東区門前仲町2-9-5 あずまビル　２Ｆ,食べログ 焼肉 TOKYO 百名店 2021,https://tabelog.com/tokyo/A1313/A131303/13038809/,https://www.google.com/maps/search/?api=1&query=%E7%82%AD%E7%81%AB%E7%84%BC%E8%82%89%20%E7%89%9B%E5%92%8C%E9%B9%BF%20%E6%9C%AC%E5%BA%97%20%E6%9D%B1%E4%BA%AC%E9%83%BD%E6%B1%9F%E6%9D%B1%E5%8C%BA%E9%96%80%E5%89%8D%E4%BB%B2%E7%94%BA2-9-5%20%E3%81%82%E3%81%9A%E3%81%BE%E3%83%93%E3%83%AB%E3%80%80%EF%BC%92%EF%BC%A6,2021,焼肉 TOKYO,yakiniku_tokyo,発表日：2021年11月10日
焼肉 矢澤 東京,東京都中央区八重洲1-5-10 トーイン八重洲ビル 1F,食べログ 焼肉 TOKYO 百名店 2021,https://tabelog.com/tokyo/A1302/A130202/13168322/,https://www.google.com/maps/search/?api=1&query=%E7%84%BC%E8%82%89%20%E7%9F%A2%E6%BE%A4%20%E6%9D%B1%E4%BA%AC%20%E6%9D%B1%E4%BA%AC%E9%83%BD%E4%B8%AD%E5%A4%AE%E5%8C%BA%E5%85%AB%E9%87%8D%E6%B4%B21-5-10%20%E3%83%88%E3%83%BC%E3%82%A4%E3%83%B3%E5%85%AB%E9%87%8D%E6%B4%B2%E3%83%93%E3%83%AB%201F,2021,焼肉 TOKYO,yakiniku_tokyo,発表日：2021年11月10日
西麻布 焼肉 X,東京都港区西麻布1-4-46 カーサスプレンディッド西麻布 B1F,食べログ 焼肉 TOKYO 百名店 2021,https://tabelog.com/tokyo/A1307/A130701/13233427/,https://www.google.com/maps/search/?api=1&query=%E8%A5%BF%E9%BA%BB%E5%B8%83%20%E7%84%BC%E8%82%89%20X%20%E6%9D%B1%E4%BA%AC%E9%83%BD%E6%B8%AF%E5%8C%BA%E8%A5%BF%E9%BA%BB%E5%B8%831-4-46%20%E3%82%AB%E3%83%BC%E3%82%B5%E3%82%B9%E3%83%97%E3%83%AC%E3%83%B3%E3%83%87%E3%82%A3%E3%83%83%E3%83%89%E8%A5%BF%E9%BA%BB%E5%B8%83%20B1F,2021,焼肉 TOKYO,yakiniku_tokyo,発表日：2021年11月10日
焼肉 いぶさな,東京都渋谷区代々木4-10-7,食べログ 焼肉 TOKYO 百名店 2021,https://tabelog.com/tokyo/A1318/A131810/13221220/,https://www.google.com/maps/search/?api=1&query=%E7%84%BC%E8%82%89%20%E3%81%84%E3%81%B6%E3%81%95%E3%81%AA%20%E6%9D%B1%E4%BA%AC%E9%83%BD%E6%B8%8B%E8%B0%B7%E5%8C%BA%E4%BB%A3%E3%80%85%E6%9C%A84-10-7,2021,焼肉 TOKYO,yakiniku_tokyo,発表日：2021年11月10日
正泰苑 芝大門店,東京都港区芝大門1-7-4 パークサイド芝大門 1F,食べログ 焼肉 TOKYO 百名店 2021,https://tabelog.com/tokyo/A1314/A131401/13005213/,https://www.google.com/maps/search/?api=1&query=%E6%AD%A3%E6%B3%B0%E8%8B%91%20%E8%8A%9D%E5%A4%A7%E9%96%80%E5%BA%97%20%E6%9D%B1%E4%BA%AC%E9%83%BD%E6%B8%AF%E5%8C%BA%E8%8A%9D%E5%A4%A7%E9%96%801-7-4%20%E3%83%91%E3%83%BC%E3%82%AF%E3%82%B5%E3%82%A4%E3%83%89%E8%8A%9D%E5%A4%A7%E9%96%80%201F,2021,焼肉 TOKYO,yakiniku_tokyo,発表日：2021年11月10日
銀座 王十里,東京都中央区銀座4-8-11 善隣ビル 1F～2F,食べログ 焼肉 TOKYO 百名店 2021,https://tabelog.com/tokyo/A1301/A130101/13002283/,https://www.google.com/maps/search/?api=1&query=%E9%8A%80%E5%BA%A7%20%E7%8E%8B%E5%8D%81%E9%87%8C%20%E6%9D%B1%E4%BA%AC%E9%83%BD%E4%B8%AD%E5%A4%AE%E5%8C%BA%E9%8A%80%E5%BA%A74-8-11%20%E5%96%84%E9%9A%A3%E3%83%93%E3%83%AB%201F%EF%BD%9E2F,2021,焼肉 TOKYO,yakiniku_tokyo,発表日：2021年11月10日
肉のすずき,東京都台東区浅草4-11-8,食べログ 焼肉 TOKYO 百名店 2021,https://tabelog.com/tokyo/A1311/A131102/13057827/,https://www.google.com/maps/search/?api=1&query=%E8%82%89%E3%81%AE%E3%81%99%E3%81%9A%E3%81%8D%20%E6%9D%B1%E4%BA%AC%E9%83%BD%E5%8F%B0%E6%9D%B1%E5%8C%BA%E6%B5%85%E8%8D%894-11-8,2021,焼肉 TOKYO,yakiniku_tokyo,発表日：2021年11月10日
ホルモンまさる,東京都港区芝5-21-14,食べログ 焼肉 TOKYO 百名店 2021,https://tabelog.com/tokyo/A1314/A131402/13150755/,https://www.google.com/maps/search/?api=1&query=%E3%83%9B%E3%83%AB%E3%83%A2%E3%83%B3%E3%81%BE%E3%81%95%E3%82%8B%20%E6%9D%B1%E4%BA%AC%E9%83%BD%E6%B8%AF%E5%8C%BA%E8%8A%9D5-21-14,2021,焼肉 TOKYO,yakiniku_tokyo,発表日：2021年11月10日
焼肉ジャンボ 白金,東京都港区白金3-1-1 第一麻布ビル1F,食べログ 焼肉 TOKYO 百名店 2021,https://tabelog.com/tokyo/A1316/A131602/13026377/,https://www.google.com/maps/search/?api=1&query=%E7%84%BC%E8%82%89%E3%82%B8%E3%83%A3%E3%83%B3%E3%83%9C%20%E7%99%BD%E9%87%91%20%E6%9D%B1%E4%BA%AC%E9%83%BD%E6%B8%AF%E5%8C%BA%E7%99%BD%E9%87%913-1-1%20%E7%AC%AC%E4%B8%80%E9%BA%BB%E5%B8%83%E3%83%93%E3%83%AB1F,2021,焼肉 TOKYO,yakiniku_tokyo,発表日：2021年11月10日
肉匠堀越,東京都港区南青山7-11-4 ＨＴ南青山ビル2Ｆ,食べログ 焼肉 TOKYO 百名店 2021,https://tabelog.com/tokyo/A1307/A130703/13183716/,https://www.google.com/maps/search/?api=1&query=%E8%82%89%E5%8C%A0%E5%A0%80%E8%B6%8A%20%E6%9D%B1%E4%BA%AC%E9%83%BD%E6%B8%AF%E5%8C%BA%E5%8D%97%E9%9D%92%E5%B1%B17-11-4%20%EF%BC%A8%EF%BC%B4%E5%8D%97%E9%9D%92%E5%B1%B1%E3%83%93%E3%83%AB2%EF%BC%A6,2021,焼肉 TOKYO,yakiniku_tokyo,発表日：2021年11月10日
焼肉 思食,東京都港区赤坂3-19-5,食べログ 焼肉 TOKYO 百名店 2021,https://tabelog.com/tokyo/A1308/A130801/13247485/,https://www.google.com/maps/search/?api=1&query=%E7%84%BC%E8%82%89%20%E6%80%9D%E9%A3%9F%20%E6%9D%B1%E4%BA%AC%E9%83%BD%E6%B8%AF%E5%8C%BA%E8%B5%A4%E5%9D%823-19-5,2021,焼肉 TOKYO,yakiniku_tokyo,発表日：2021年11月10日
天空焼肉 星遊山,東京都港区東新橋1-5-2 汐留シティセンター 41F,食べログ 焼肉 TOKYO 百名店 2021,https://tabelog.com/tokyo/A1301/A130103/13002530/,https://www.google.com/maps/search/?api=1&query=%E5%A4%A9%E7%A9%BA%E7%84%BC%E8%82%89%20%E6%98%9F%E9%81%8A%E5%B1%B1%20%E6%9D%B1%E4%BA%AC%E9%83%BD%E6%B8%AF%E5%8C%BA%E6%9D%B1%E6%96%B0%E6%A9%8B1-5-2%20%E6%B1%90%E7%95%99%E3%82%B7%E3%83%86%E3%82%A3%E3%82%BB%E3%83%B3%E3%82%BF%E3%83%BC%2041F,2021,焼肉 TOKYO,yakiniku_tokyo,発表日：2021年11月10日
USHIGORO S. NISHIAZABU,東京都港区西麻布2-24-14 バルビゾン73 B1F,食べログ 焼肉 TOKYO 百名店 2021,https://tabelog.com/tokyo/A1307/A130701/13209611/,https://www.google.com/maps/search/?api=1&query=USHIGORO%20S.%20NISHIAZABU%20%E6%9D%B1%E4%BA%AC%E9%83%BD%E6%B8%AF%E5%8C%BA%E8%A5%BF%E9%BA%BB%E5%B8%832-24-14%20%E3%83%90%E3%83%AB%E3%83%93%E3%82%BE%E3%83%B373%20B1F,2021,焼肉 TOKYO,yakiniku_tokyo,発表日：2021年11月10日
炭火焼肉 なかはら,東京都千代田区六番町4-3 GEMS市ヶ谷 9F,食べログ 焼肉 TOKYO 百名店 2021,https://tabelog.com/tokyo/A1309/A130904/13175110/,https://www.google.com/maps/search/?api=1&query=%E7%82%AD%E7%81%AB%E7%84%BC%E8%82%89%20%E3%81%AA%E3%81%8B%E3%81%AF%E3%82%89%20%E6%9D%B1%E4%BA%AC%E9%83%BD%E5%8D%83%E4%BB%A3%E7%94%B0%E5%8C%BA%E5%85%AD%E7%95%AA%E7%94%BA4-3%20GEMS%E5%B8%82%E3%83%B6%E8%B0%B7%209F,2021,焼肉 TOKYO,yakiniku_tokyo,発表日：2021年11月10日
焼肉赤身にくがとう 人形町本店,東京都中央区日本橋堀留町1-6-7,食べログ 焼肉 TOKYO 百名店 2021,https://tabelog.com/tokyo/A1302/A130204/13168436/,https://www.google.com/maps/search/?api=1&query=%E7%84%BC%E8%82%89%E8%B5%A4%E8%BA%AB%E3%81%AB%E3%81%8F%E3%81%8C%E3%81%A8%E3%81%86%20%E4%BA%BA%E5%BD%A2%E7%94%BA%E6%9C%AC%E5%BA%97%20%E6%9D%B1%E4%BA%AC%E9%83%BD%E4%B8%AD%E5%A4%AE%E5%8C%BA%E6%97%A5%E6%9C%AC%E6%A9%8B%E5%A0%80%E7%95%99%E7%94%BA1-6-7,2021,焼肉 TOKYO,yakiniku_tokyo,発表日：2021年11月10日
USHIGORO S. GINZA,東京都中央区銀座7-7-7 GINZA777 ADC BUILDING 6F,食べログ 焼肉 TOKYO 百名店 2021,https://tabelog.com/tokyo/A1301/A130101/13222093/,https://www.google.com/maps/search/?api=1&query=USHIGORO%20S.%20GINZA%20%E6%9D%B1%E4%BA%AC%E9%83%BD%E4%B8%AD%E5%A4%AE%E5%8C%BA%E9%8A%80%E5%BA%A77-7-7%20GINZA777%20ADC%20BUILDING%206F,2021,焼肉 TOKYO,yakiniku_tokyo,発表日：2021年11月10日
