Name,Address,Description,Website,Tabelog Reservation URL,Google Maps URL,Latitude,Longitude,Year,Genre,Genre Slug,Release Date
the 3rd Burger 青山骨董通り店,東京都港区南青山5-11-2 SANWA南青山ビル 1F,食べログ ハンバーガー 百名店 2018,https://tabelog.com/tokyo/A1306/A130602/13150800/,https://yoyaku.tabelog.com/yoyaku/tabelog_booking/send_remind/,https://www.google.com/maps/search/?api=1&query=the%203rd%20Burger%20%E9%9D%92%E5%B1%B1%E9%AA%A8%E8%91%A3%E9%80%9A%E3%82%8A%E5%BA%97%20%E6%9D%B1%E4%BA%AC%E9%83%BD%E6%B8%AF%E5%8C%BA%E5%8D%97%E9%9D%92%E5%B1%B15-11-2%20SANWA%E5%8D%97%E9%9D%92%E5%B1%B1%E3%83%93%E3%83%AB%201F,35.6622722,139.7118310,2018,ハンバーガー,hamburger,
コックテイル ハンバーガーズ,東京都武蔵野市境南町2-1-22 1F,食べログ ハンバーガー 百名店 2018,https://tabelog.com/tokyo/A1320/A132003/13178287/,https://tabelog.com/tokyo/A1320/A132003/13178287/?cid=google_yoyaku,https://www.google.com/maps/search/?api=1&query=%E3%82%B3%E3%83%83%E3%82%AF%E3%83%86%E3%82%A4%E3%83%AB%20%E3%83%8F%E3%83%B3%E3%83%90%E3%83%BC%E3%82%AC%E3%83%BC%E3%82%BA%20%E6%9D%B1%E4%BA%AC%E9%83%BD%E6%AD%A6%E8%94%B5%E9%87%8E%E5%B8%82%E5%A2%83%E5%8D%97%E7%94%BA2-1-22%201F,35.7017899,139.5422431,2018,ハンバーガー,hamburger,
マクレーン オールドバーガースタンド,東京都台東区駒形2-2-10 ファンライフ駒形 1F・2F,食べログ ハンバーガー 百名店 2018,https://tabelog.com/tokyo/A1311/A131103/13195774/,https://yoyaku.tabelog.com/yoyaku/tabelog_booking/send_remind/,https://www.google.com/maps/search/?api=1&query=%E3%83%9E%E3%82%AF%E3%83%AC%E3%83%BC%E3%83%B3%20%E3%82%AA%E3%83%BC%E3%83%AB%E3%83%89%E3%83%90%E3%83%BC%E3%82%AC%E3%83%BC%E3%82%B9%E3%82%BF%E3%83%B3%E3%83%89%20%E6%9D%B1%E4%BA%AC%E9%83%BD%E5%8F%B0%E6%9D%B1%E5%8C%BA%E9%A7%92%E5%BD%A22-2-10%20%E3%83%95%E3%82%A1%E3%83%B3%E3%83%A9%E3%82%A4%E3%83%95%E9%A7%92%E5%BD%A2%201F%E3%83%BB2F,35.7050235,139.7941791,2018,ハンバーガー,hamburger,
Reg-On Diner 渋谷本店,東京都渋谷区東1-8-1 K HOUSE 1F,食べログ ハンバーガー 百名店 2018,https://tabelog.com/tokyo/A1303/A130301/13054359/,https://tabelog.com/tokyo/A1303/A130301/13054359/?cid=google_yoyaku,https://www.google.com/maps/search/?api=1&query=Reg-On%20Diner%20%E6%B8%8B%E8%B0%B7%E6%9C%AC%E5%BA%97%20%E6%9D%B1%E4%BA%AC%E9%83%BD%E6%B8%8B%E8%B0%B7%E5%8C%BA%E6%9D%B11-8-1%20K%20HOUSE%201F,35.6555674,139.7098925,2018,ハンバーガー,hamburger,
シェイクシャック アトレ恵比寿,東京都渋谷区恵比寿南1-6-1 アトレ恵比寿西館 1F,食べログ ハンバーガー 百名店 2018,https://tabelog.com/tokyo/A1303/A130302/13194431/,https://yoyaku.tabelog.com/yoyaku/tabelog_booking/send_remind/,https://www.google.com/maps/search/?api=1&query=%E3%82%B7%E3%82%A7%E3%82%A4%E3%82%AF%E3%82%B7%E3%83%A3%E3%83%83%E3%82%AF%20%E3%82%A2%E3%83%88%E3%83%AC%E6%81%B5%E6%AF%94%E5%AF%BF%20%E6%9D%B1%E4%BA%AC%E9%83%BD%E6%B8%8B%E8%B0%B7%E5%8C%BA%E6%81%B5%E6%AF%94%E5%AF%BF%E5%8D%971-6-1%20%E3%82%A2%E3%83%88%E3%83%AC%E6%81%B5%E6%AF%94%E5%AF%BF%E8%A5%BF%E9%A4%A8%201F,35.6466279,139.7095134,2018,ハンバーガー,hamburger,
ロコフィ,東京都大田区大森西3-25-5 大森西ダイヤモンドマンション106,食べログ ハンバーガー 百名店 2018,https://tabelog.com/tokyo/A1315/A131502/13120770/,https://yoyaku.tabelog.com/yoyaku/tabelog_booking/send_remind/,https://www.google.com/maps/search/?api=1&query=%E3%83%AD%E3%82%B3%E3%83%95%E3%82%A3%20%E6%9D%B1%E4%BA%AC%E9%83%BD%E5%A4%A7%E7%94%B0%E5%8C%BA%E5%A4%A7%E6%A3%AE%E8%A5%BF3-25-5%20%E5%A4%A7%E6%A3%AE%E8%A5%BF%E3%83%80%E3%82%A4%E3%83%A4%E3%83%A2%E3%83%B3%E3%83%89%E3%83%9E%E3%83%B3%E3%82%B7%E3%83%A7%E3%83%B3106,35.5721334,139.7322133,2018,ハンバーガー,hamburger,
アイコウシャ,東京都千代田区神田三崎町1-4-8 愛光舎ビル 1F,食べログ ハンバーガー 百名店 2018,https://tabelog.com/tokyo/A1310/A131003/13006525/,https://yoyaku.tabelog.com/yoyaku/tabelog_booking/send_remind/,https://www.google.com/maps/search/?api=1&query=%E3%82%A2%E3%82%A4%E3%82%B3%E3%82%A6%E3%82%B7%E3%83%A3%20%E6%9D%B1%E4%BA%AC%E9%83%BD%E5%8D%83%E4%BB%A3%E7%94%B0%E5%8C%BA%E7%A5%9E%E7%94%B0%E4%B8%89%E5%B4%8E%E7%94%BA1-4-8%20%E6%84%9B%E5%85%89%E8%88%8E%E3%83%93%E3%83%AB%201F,35.7010922,139.7557766,2018,ハンバーガー,hamburger,
ヴィレッジヴァンガード ダイナー 吉祥寺,東京都武蔵野市吉祥寺本町2-20-1 ＴＹビル　２Ｆ,食べログ ハンバーガー 百名店 2018,https://tabelog.com/tokyo/A1320/A132001/13005797/,https://tabelog.com/tokyo/A1320/A132001/13005797/?cid=google_yoyaku,https://www.google.com/maps/search/?api=1&query=%E3%83%B4%E3%82%A3%E3%83%AC%E3%83%83%E3%82%B8%E3%83%B4%E3%82%A1%E3%83%B3%E3%82%AC%E3%83%BC%E3%83%89%20%E3%83%80%E3%82%A4%E3%83%8A%E3%83%BC%20%E5%90%89%E7%A5%A5%E5%AF%BA%20%E6%9D%B1%E4%BA%AC%E9%83%BD%E6%AD%A6%E8%94%B5%E9%87%8E%E5%B8%82%E5%90%89%E7%A5%A5%E5%AF%BA%E6%9C%AC%E7%94%BA2-20-1%20%EF%BC%B4%EF%BC%B9%E3%83%93%E3%83%AB%E3%80%80%EF%BC%92%EF%BC%A6,35.7036320,139.5753197,2018,ハンバーガー,hamburger,
ヘンリーズ バーガー 代官山,東京都渋谷区恵比寿西1-36-6,食べログ ハンバーガー 百名店 2018,https://tabelog.com/tokyo/A1303/A130303/13190156/,https://yoyaku.tabelog.com/yoyaku/tabelog_booking/send_remind/,https://www.google.com/maps/search/?api=1&query=%E3%83%98%E3%83%B3%E3%83%AA%E3%83%BC%E3%82%BA%20%E3%83%90%E3%83%BC%E3%82%AC%E3%83%BC%20%E4%BB%A3%E5%AE%98%E5%B1%B1%20%E6%9D%B1%E4%BA%AC%E9%83%BD%E6%B8%8B%E8%B0%B7%E5%8C%BA%E6%81%B5%E6%AF%94%E5%AF%BF%E8%A5%BF1-36-6,35.6474103,139.7021384,2018,ハンバーガー,hamburger,
エルエーガレージ,東京都世田谷区池尻3-29-4 アルティザ池尻 1F,食べログ ハンバーガー 百名店 2018,https://tabelog.com/tokyo/A1317/A131705/13183140/,https://yoyaku.tabelog.com/yoyaku/tabelog_booking/send_remind/,https://www.google.com/maps/search/?api=1&query=%E3%82%A8%E3%83%AB%E3%82%A8%E3%83%BC%E3%82%AC%E3%83%AC%E3%83%BC%E3%82%B8%20%E6%9D%B1%E4%BA%AC%E9%83%BD%E4%B8%96%E7%94%B0%E8%B0%B7%E5%8C%BA%E6%B1%A0%E5%B0%BB3-29-4%20%E3%82%A2%E3%83%AB%E3%83%86%E3%82%A3%E3%82%B6%E6%B1%A0%E5%B0%BB%201F,35.6481277,139.6778926,2018,ハンバーガー,hamburger,
good mellows,神奈川県鎌倉市坂の下27-39,食べログ ハンバーガー 百名店 2018,https://tabelog.com/kanagawa/A1404/A140402/14030872/,https://yoyaku.tabelog.com/yoyaku/tabelog_booking/send_remind/,https://www.google.com/maps/search/?api=1&query=good%20mellows%20%E7%A5%9E%E5%A5%88%E5%B7%9D%E7%9C%8C%E9%8E%8C%E5%80%89%E5%B8%82%E5%9D%82%E3%81%AE%E4%B8%8B27-39,35.3078817,139.5334870,2018,ハンバーガー,hamburger,
フランクリン・アベニュー,東京都品川区東五反田3-15-18,食べログ ハンバーガー 百名店 2018,https://tabelog.com/tokyo/A1316/A131603/13001556/,https://yoyaku.tabelog.com/yoyaku/tabelog_booking/send_remind/,https://www.google.com/maps/search/?api=1&query=%E3%83%95%E3%83%A9%E3%83%B3%E3%82%AF%E3%83%AA%E3%83%B3%E3%83%BB%E3%82%A2%E3%83%99%E3%83%8B%E3%83%A5%E3%83%BC%20%E6%9D%B1%E4%BA%AC%E9%83%BD%E5%93%81%E5%B7%9D%E5%8C%BA%E6%9D%B1%E4%BA%94%E5%8F%8D%E7%94%B03-15-18,35.6258926,139.7296260,2018,ハンバーガー,hamburger,
エーエス クラシックス ダイナー KOMAZAWA,東京都目黒区八雲5-9-22 オリオン駒沢ビル　１Ｆ,食べログ ハンバーガー 百名店 2018,https://tabelog.com/tokyo/A1317/A131707/13022762/,https://yoyaku.tabelog.com/yoyaku/tabelog_booking/send_remind/,https://www.google.com/maps/search/?api=1&query=%E3%82%A8%E3%83%BC%E3%82%A8%E3%82%B9%20%E3%82%AF%E3%83%A9%E3%82%B7%E3%83%83%E3%82%AF%E3%82%B9%20%E3%83%80%E3%82%A4%E3%83%8A%E3%83%BC%20KOMAZAWA%20%E6%9D%B1%E4%BA%AC%E9%83%BD%E7%9B%AE%E9%BB%92%E5%8C%BA%E5%85%AB%E9%9B%B25-9-22%20%E3%82%AA%E3%83%AA%E3%82%AA%E3%83%B3%E9%A7%92%E6%B2%A2%E3%83%93%E3%83%AB%E3%80%80%EF%BC%91%EF%BC%A6,35.6250929,139.6674906,2018,ハンバーガー,hamburger,
No.18,東京都豊島区東池袋2-57-2 コスモ東池袋105‬,食べログ ハンバーガー 百名店 2018,https://tabelog.com/tokyo/A1305/A130501/13172081/,https://yoyaku.tabelog.com/yoyaku/tabelog_booking/send_remind/,https://www.google.com/maps/search/?api=1&query=No.18%20%E6%9D%B1%E4%BA%AC%E9%83%BD%E8%B1%8A%E5%B3%B6%E5%8C%BA%E6%9D%B1%E6%B1%A0%E8%A2%8B2-57-2%20%E3%82%B3%E3%82%B9%E3%83%A2%E6%9D%B1%E6%B1%A0%E8%A2%8B105%E2%80%AC,35.7331901,139.7179381,2018,ハンバーガー,hamburger,
ホームワークス 麻布十番店,東京都港区麻布十番1-5-8 ヴェスタビル　１Ｆ,食べログ ハンバーガー 百名店 2018,https://tabelog.com/tokyo/A1307/A130702/13010603/,https://yoyaku.tabelog.com/yoyaku/tabelog_booking/send_remind/,https://www.google.com/maps/search/?api=1&query=%E3%83%9B%E3%83%BC%E3%83%A0%E3%83%AF%E3%83%BC%E3%82%AF%E3%82%B9%20%E9%BA%BB%E5%B8%83%E5%8D%81%E7%95%AA%E5%BA%97%20%E6%9D%B1%E4%BA%AC%E9%83%BD%E6%B8%AF%E5%8C%BA%E9%BA%BB%E5%B8%83%E5%8D%81%E7%95%AA1-5-8%20%E3%83%B4%E3%82%A7%E3%82%B9%E3%82%BF%E3%83%93%E3%83%AB%E3%80%80%EF%BC%91%EF%BC%A6,35.6570590,139.7333133,2018,ハンバーガー,hamburger,
ハラカラ。 三軒茶屋店,東京都世田谷区三軒茶屋2-16-8,食べログ ハンバーガー 百名店 2018,https://tabelog.com/tokyo/A1317/A131706/13091055/,https://yoyaku.tabelog.com/yoyaku/tabelog_booking/send_remind/,https://www.google.com/maps/search/?api=1&query=%E3%83%8F%E3%83%A9%E3%82%AB%E3%83%A9%E3%80%82%20%E4%B8%89%E8%BB%92%E8%8C%B6%E5%B1%8B%E5%BA%97%20%E6%9D%B1%E4%BA%AC%E9%83%BD%E4%B8%96%E7%94%B0%E8%B0%B7%E5%8C%BA%E4%B8%89%E8%BB%92%E8%8C%B6%E5%B1%8B2-16-8,35.6428415,139.6673999,2018,ハンバーガー,hamburger,
THE GREAT BURGER,東京都渋谷区神宮前6-12-5 1Ｆ,食べログ ハンバーガー 百名店 2018,https://tabelog.com/tokyo/A1306/A130601/13042654/,https://tabelog.com/tokyo/A1306/A130601/13042654/?cid=google_yoyaku,https://www.google.com/maps/search/?api=1&query=THE%20GREAT%20BURGER%20%E6%9D%B1%E4%BA%AC%E9%83%BD%E6%B8%8B%E8%B0%B7%E5%8C%BA%E7%A5%9E%E5%AE%AE%E5%89%8D6-12-5%201%EF%BC%A6,35.6662306,139.7046969,2018,ハンバーガー,hamburger,
サントゥーダイナー,東京都世田谷区代沢4-34-12 淡島マンション １F,食べログ ハンバーガー 百名店 2018,https://tabelog.com/tokyo/A1317/A131701/13130075/,https://yoyaku.tabelog.com/yoyaku/tabelog_booking/send_remind/,https://www.google.com/maps/search/?api=1&query=%E3%82%B5%E3%83%B3%E3%83%88%E3%82%A5%E3%83%BC%E3%83%80%E3%82%A4%E3%83%8A%E3%83%BC%20%E6%9D%B1%E4%BA%AC%E9%83%BD%E4%B8%96%E7%94%B0%E8%B0%B7%E5%8C%BA%E4%BB%A3%E6%B2%A24-34-12%20%E6%B7%A1%E5%B3%B6%E3%83%9E%E3%83%B3%E3%82%B7%E3%83%A7%E3%83%B3%20%EF%BC%91F,35.6533707,139.6720337,2018,ハンバーガー,hamburger,
ウーピーバーガー,東京都渋谷区渋谷1-9-4 トーカンキャステール渋谷　１F,食べログ ハンバーガー 百名店 2018,https://tabelog.com/tokyo/A1303/A130301/13121586/,https://yoyaku.tabelog.com/yoyaku/tabelog_booking/send_remind/,https://www.google.com/maps/search/?api=1&query=%E3%82%A6%E3%83%BC%E3%83%94%E3%83%BC%E3%83%90%E3%83%BC%E3%82%AC%E3%83%BC%20%E6%9D%B1%E4%BA%AC%E9%83%BD%E6%B8%8B%E8%B0%B7%E5%8C%BA%E6%B8%8B%E8%B0%B71-9-4%20%E3%83%88%E3%83%BC%E3%82%AB%E3%83%B3%E3%82%AD%E3%83%A3%E3%82%B9%E3%83%86%E3%83%BC%E3%83%AB%E6%B8%8B%E8%B0%B7%E3%80%80%EF%BC%91F,35.6604155,139.7043640,2018,ハンバーガー,hamburger,
cafe Hohokam,東京都渋谷区神宮前3-22-14 ｵﾘｯｸｽ神宮前3丁目ﾋﾞﾙB棟 2F,食べログ ハンバーガー 百名店 2018,https://tabelog.com/tokyo/A1306/A130601/13111587/,https://yoyaku.tabelog.com/yoyaku/tabelog_booking/send_remind/,https://www.google.com/maps/search/?api=1&query=cafe%20Hohokam%20%E6%9D%B1%E4%BA%AC%E9%83%BD%E6%B8%8B%E8%B0%B7%E5%8C%BA%E7%A5%9E%E5%AE%AE%E5%89%8D3-22-14%20%EF%BD%B5%EF%BE%98%EF%BD%AF%EF%BD%B8%EF%BD%BD%E7%A5%9E%E5%AE%AE%E5%89%8D3%E4%B8%81%E7%9B%AE%EF%BE%8B%EF%BE%9E%EF%BE%99B%E6%A3%9F%202F,35.6703570,139.7074194,2018,ハンバーガー,hamburger,
ハングリー ヘブン 目黒店,東京都目黒区下目黒1-2-22 セザール目黒 2F,食べログ ハンバーガー 百名店 2018,https://tabelog.com/tokyo/A1316/A131601/13119994/,https://yoyaku.tabelog.com/yoyaku/tabelog_booking/send_remind/,https://www.google.com/maps/search/?api=1&query=%E3%83%8F%E3%83%B3%E3%82%B0%E3%83%AA%E3%83%BC%20%E3%83%98%E3%83%96%E3%83%B3%20%E7%9B%AE%E9%BB%92%E5%BA%97%20%E6%9D%B1%E4%BA%AC%E9%83%BD%E7%9B%AE%E9%BB%92%E5%8C%BA%E4%B8%8B%E7%9B%AE%E9%BB%921-2-22%20%E3%82%BB%E3%82%B6%E3%83%BC%E3%83%AB%E7%9B%AE%E9%BB%92%202F,35.6339422,139.7136842,2018,ハンバーガー,hamburger,
GRILL BURGER CLUB SASA,東京都渋谷区恵比寿西2-21-15,食べログ ハンバーガー 百名店 2018,https://tabelog.com/tokyo/A1303/A130303/13086561/,https://yoyaku.tabelog.com/yoyaku/tabelog_booking/send_remind/,https://www.google.com/maps/search/?api=1&query=GRILL%20BURGER%20CLUB%20SASA%20%E6%9D%B1%E4%BA%AC%E9%83%BD%E6%B8%8B%E8%B0%B7%E5%8C%BA%E6%81%B5%E6%AF%94%E5%AF%BF%E8%A5%BF2-21-15,35.6482224,139.7036313,2018,ハンバーガー,hamburger,
サニーダイナー ルミネ北千住店,東京都足立区千住旭町42-2 ルミネ北千住店 8F,食べログ ハンバーガー 百名店 2018,https://tabelog.com/tokyo/A1324/A132402/13094114/,https://yoyaku.tabelog.com/yoyaku/tabelog_booking/send_remind/,https://www.google.com/maps/search/?api=1&query=%E3%82%B5%E3%83%8B%E3%83%BC%E3%83%80%E3%82%A4%E3%83%8A%E3%83%BC%20%E3%83%AB%E3%83%9F%E3%83%8D%E5%8C%97%E5%8D%83%E4%BD%8F%E5%BA%97%20%E6%9D%B1%E4%BA%AC%E9%83%BD%E8%B6%B3%E7%AB%8B%E5%8C%BA%E5%8D%83%E4%BD%8F%E6%97%AD%E7%94%BA42-2%20%E3%83%AB%E3%83%9F%E3%83%8D%E5%8C%97%E5%8D%83%E4%BD%8F%E5%BA%97%208F,35.7500518,139.8049309,2018,ハンバーガー,hamburger,
CRUZ BURGERS & CRAFT BEERS,東京都新宿区四谷三栄町15-6 小椋ビル 1F,食べログ ハンバーガー 百名店 2018,https://tabelog.com/tokyo/A1309/A130902/13189090/,https://tabelog.com/tokyo/A1309/A130902/13189090/?cid=google_yoyaku,https://www.google.com/maps/search/?api=1&query=CRUZ%20BURGERS%20%26%20CRAFT%20BEERS%20%E6%9D%B1%E4%BA%AC%E9%83%BD%E6%96%B0%E5%AE%BF%E5%8C%BA%E5%9B%9B%E8%B0%B7%E4%B8%89%E6%A0%84%E7%94%BA15-6%20%E5%B0%8F%E6%A4%8B%E3%83%93%E3%83%AB%201F,35.6881102,139.7263938,2018,ハンバーガー,hamburger,
BeBu,東京都港区虎ノ門1-23-4 虎ノ門ヒルズ 森タワー アンダーズ 東京,食べログ ハンバーガー 百名店 2018,https://tabelog.com/tokyo/A1308/A130802/13169029/,https://tabelog.com/tokyo/A1308/A130802/13169029/?cid=google_yoyaku,https://www.google.com/maps/search/?api=1&query=BeBu%20%E6%9D%B1%E4%BA%AC%E9%83%BD%E6%B8%AF%E5%8C%BA%E8%99%8E%E3%83%8E%E9%96%801-23-4%20%E8%99%8E%E3%83%8E%E9%96%80%E3%83%92%E3%83%AB%E3%82%BA%20%E6%A3%AE%E3%82%BF%E3%83%AF%E3%83%BC%20%E3%82%A2%E3%83%B3%E3%83%80%E3%83%BC%E3%82%BA%20%E6%9D%B1%E4%BA%AC,35.6668921,139.7494015,2018,ハンバーガー,hamburger,
ヘンリーズ バーガー 秋葉原,東京都千代田区外神田3-7-13,食べログ ハンバーガー 百名店 2018,https://tabelog.com/tokyo/A1311/A131101/13213161/,https://yoyaku.tabelog.com/yoyaku/tabelog_booking/send_remind/,https://www.google.com/maps/search/?api=1&query=%E3%83%98%E3%83%B3%E3%83%AA%E3%83%BC%E3%82%BA%20%E3%83%90%E3%83%BC%E3%82%AC%E3%83%BC%20%E7%A7%8B%E8%91%89%E5%8E%9F%20%E6%9D%B1%E4%BA%AC%E9%83%BD%E5%8D%83%E4%BB%A3%E7%94%B0%E5%8C%BA%E5%A4%96%E7%A5%9E%E7%94%B03-7-13,35.7022936,139.7704202,2018,ハンバーガー,hamburger,
バーガーズベース,東京都渋谷区千駄ヶ谷5-18-1,食べログ ハンバーガー 百名店 2018,https://tabelog.com/tokyo/A1304/A130403/13041855/,https://yoyaku.tabelog.com/yoyaku/tabelog_booking/send_remind/,https://www.google.com/maps/search/?api=1&query=%E3%83%90%E3%83%BC%E3%82%AC%E3%83%BC%E3%82%BA%E3%83%99%E3%83%BC%E3%82%B9%20%E6%9D%B1%E4%BA%AC%E9%83%BD%E6%B8%8B%E8%B0%B7%E5%8C%BA%E5%8D%83%E9%A7%84%E3%83%B6%E8%B0%B75-18-1,35.6830020,139.7028872,2018,ハンバーガー,hamburger,
アイランドバーガーズ 四谷本店,東京都新宿区四谷3-1 須賀ビル 1F,食べログ ハンバーガー 百名店 2018,https://tabelog.com/tokyo/A1309/A130903/13163734/,https://yoyaku.tabelog.com/yoyaku/tabelog_booking/send_remind/,https://www.google.com/maps/search/?api=1&query=%E3%82%A2%E3%82%A4%E3%83%A9%E3%83%B3%E3%83%89%E3%83%90%E3%83%BC%E3%82%AC%E3%83%BC%E3%82%BA%20%E5%9B%9B%E8%B0%B7%E6%9C%AC%E5%BA%97%20%E6%9D%B1%E4%BA%AC%E9%83%BD%E6%96%B0%E5%AE%BF%E5%8C%BA%E5%9B%9B%E8%B0%B73-1%20%E9%A0%88%E8%B3%80%E3%83%93%E3%83%AB%201F,35.6878248,139.7225701,2018,ハンバーガー,hamburger,
ヴィレッジヴァンガード ダイナー ルミネ横浜,神奈川県横浜市西区高島2-16-1 ルミネ横浜店 6F,食べログ ハンバーガー 百名店 2018,https://tabelog.com/kanagawa/A1401/A140101/14013506/,https://yoyaku.tabelog.com/yoyaku/tabelog_booking/send_remind/,https://www.google.com/maps/search/?api=1&query=%E3%83%B4%E3%82%A3%E3%83%AC%E3%83%83%E3%82%B8%E3%83%B4%E3%82%A1%E3%83%B3%E3%82%AC%E3%83%BC%E3%83%89%20%E3%83%80%E3%82%A4%E3%83%8A%E3%83%BC%20%E3%83%AB%E3%83%9F%E3%83%8D%E6%A8%AA%E6%B5%9C%20%E7%A5%9E%E5%A5%88%E5%B7%9D%E7%9C%8C%E6%A8%AA%E6%B5%9C%E5%B8%82%E8%A5%BF%E5%8C%BA%E9%AB%98%E5%B3%B62-16-1%20%E3%83%AB%E3%83%9F%E3%83%8D%E6%A8%AA%E6%B5%9C%E5%BA%97%206F,35.4650994,139.6226329,2018,ハンバーガー,hamburger,
アームズ,東京都渋谷区代々木5-64-7,食べログ ハンバーガー 百名店 2018,https://tabelog.com/tokyo/A1318/A131810/13019608/,https://yoyaku.tabelog.com/yoyaku/tabelog_booking/send_remind/,https://www.google.com/maps/search/?api=1&query=%E3%82%A2%E3%83%BC%E3%83%A0%E3%82%BA%20%E6%9D%B1%E4%BA%AC%E9%83%BD%E6%B8%8B%E8%B0%B7%E5%8C%BA%E4%BB%A3%E3%80%85%E6%9C%A85-64-7,35.6726145,139.6910113,2018,ハンバーガー,hamburger,
シェイクシャック 東京国際フォーラム,東京都千代田区丸の内3-5-1 東京国際フォーラム ホールC 1F,食べログ ハンバーガー 百名店 2018,https://tabelog.com/tokyo/A1301/A130102/13200310/,https://yoyaku.tabelog.com/yoyaku/tabelog_booking/send_remind/,https://www.google.com/maps/search/?api=1&query=%E3%82%B7%E3%82%A7%E3%82%A4%E3%82%AF%E3%82%B7%E3%83%A3%E3%83%83%E3%82%AF%20%E6%9D%B1%E4%BA%AC%E5%9B%BD%E9%9A%9B%E3%83%95%E3%82%A9%E3%83%BC%E3%83%A9%E3%83%A0%20%E6%9D%B1%E4%BA%AC%E9%83%BD%E5%8D%83%E4%BB%A3%E7%94%B0%E5%8C%BA%E4%B8%B8%E3%81%AE%E5%86%853-5-1%20%E6%9D%B1%E4%BA%AC%E5%9B%BD%E9%9A%9B%E3%83%95%E3%82%A9%E3%83%BC%E3%83%A9%E3%83%A0%20%E3%83%9B%E3%83%BC%E3%83%ABC%201F,35.6762766,139.7634931,2018,ハンバーガー,hamburger,
TSUNAMI,神奈川県横須賀市本町2-1-9,食べログ ハンバーガー 百名店 2018,https://tabelog.com/kanagawa/A1406/A140601/14006674/,https://tabelog.com/kanagawa/A1406/A140601/14006674/?cid=google_yoyaku,https://www.google.com/maps/search/?api=1&query=TSUNAMI%20%E7%A5%9E%E5%A5%88%E5%B7%9D%E7%9C%8C%E6%A8%AA%E9%A0%88%E8%B3%80%E5%B8%82%E6%9C%AC%E7%94%BA2-1-9,35.2819737,139.6659440,2018,ハンバーガー,hamburger,
Jack37Burger,東京都中央区日本橋小伝馬町16-16,食べログ ハンバーガー 百名店 2018,https://tabelog.com/tokyo/A1302/A130204/13186781/,https://yoyaku.tabelog.com/yoyaku/tabelog_booking/send_remind/,https://www.google.com/maps/search/?api=1&query=Jack37Burger%20%E6%9D%B1%E4%BA%AC%E9%83%BD%E4%B8%AD%E5%A4%AE%E5%8C%BA%E6%97%A5%E6%9C%AC%E6%A9%8B%E5%B0%8F%E4%BC%9D%E9%A6%AC%E7%94%BA16-16,35.6921633,139.7799156,2018,ハンバーガー,hamburger,
バーガーマニア 白金店,東京都港区白金6-5-7,食べログ ハンバーガー 百名店 2018,https://tabelog.com/tokyo/A1316/A131602/13047335/,https://yoyaku.tabelog.com/yoyaku/tabelog_booking/send_remind/,https://www.google.com/maps/search/?api=1&query=%E3%83%90%E3%83%BC%E3%82%AC%E3%83%BC%E3%83%9E%E3%83%8B%E3%82%A2%20%E7%99%BD%E9%87%91%E5%BA%97%20%E6%9D%B1%E4%BA%AC%E9%83%BD%E6%B8%AF%E5%8C%BA%E7%99%BD%E9%87%916-5-7,35.6443766,139.7254323,2018,ハンバーガー,hamburger,
J.S. BURGERS CAFE 新宿店,東京都新宿区新宿4-1-7 3F,食べログ ハンバーガー 百名店 2018,https://tabelog.com/tokyo/A1304/A130401/13045308/,https://yoyaku.tabelog.com/yoyaku/tabelog_booking/send_remind/,https://www.google.com/maps/search/?api=1&query=J.S.%20BURGERS%20CAFE%20%E6%96%B0%E5%AE%BF%E5%BA%97%20%E6%9D%B1%E4%BA%AC%E9%83%BD%E6%96%B0%E5%AE%BF%E5%8C%BA%E6%96%B0%E5%AE%BF4-1-7%203F,35.6886291,139.7025043,2018,ハンバーガー,hamburger,
エーエス クラシックス ダイナー ROPPONGI,東京都港区六本木6-4-1 六本木ヒルズ メトロハット/ハリウッドプラザ B1F,食べログ ハンバーガー 百名店 2018,https://tabelog.com/tokyo/A1307/A130701/13154413/,https://yoyaku.tabelog.com/yoyaku/tabelog_booking/send_remind/,https://www.google.com/maps/search/?api=1&query=%E3%82%A8%E3%83%BC%E3%82%A8%E3%82%B9%20%E3%82%AF%E3%83%A9%E3%82%B7%E3%83%83%E3%82%AF%E3%82%B9%20%E3%83%80%E3%82%A4%E3%83%8A%E3%83%BC%20ROPPONGI%20%E6%9D%B1%E4%BA%AC%E9%83%BD%E6%B8%AF%E5%8C%BA%E5%85%AD%E6%9C%AC%E6%9C%A86-4-1%20%E5%85%AD%E6%9C%AC%E6%9C%A8%E3%83%92%E3%83%AB%E3%82%BA%20%E3%83%A1%E3%83%88%E3%83%AD%E3%83%8F%E3%83%83%E3%83%88/%E3%83%8F%E3%83%AA%E3%82%A6%E3%83%83%E3%83%89%E3%83%97%E3%83%A9%E3%82%B6%20B1F,35.6613250,139.7301052,2018,ハンバーガー,hamburger,
マンチズ バーガー シャック,東京都港区芝2-26-1 i・smartビル 1F・2F,食べログ ハンバーガー 百名店 2018,https://tabelog.com/tokyo/A1314/A131401/13121856/,https://yoyaku.tabelog.com/yoyaku/tabelog_booking/send_remind/,https://www.google.com/maps/search/?api=1&query=%E3%83%9E%E3%83%B3%E3%83%81%E3%82%BA%20%E3%83%90%E3%83%BC%E3%82%AC%E3%83%BC%20%E3%82%B7%E3%83%A3%E3%83%83%E3%82%AF%20%E6%9D%B1%E4%BA%AC%E9%83%BD%E6%B8%AF%E5%8C%BA%E8%8A%9D2-26-1%20i%E3%83%BBsmart%E3%83%93%E3%83%AB%201F%E3%83%BB2F,35.6510202,139.7518396,2018,ハンバーガー,hamburger,
ファンゴー 三宿本店,東京都世田谷区下馬1-40-10,食べログ ハンバーガー 百名店 2018,https://tabelog.com/tokyo/A1317/A131706/13008406/,https://yoyaku.tabelog.com/yoyaku/tabelog_booking/send_remind/,https://www.google.com/maps/search/?api=1&query=%E3%83%95%E3%82%A1%E3%83%B3%E3%82%B4%E3%83%BC%20%E4%B8%89%E5%AE%BF%E6%9C%AC%E5%BA%97%20%E6%9D%B1%E4%BA%AC%E9%83%BD%E4%B8%96%E7%94%B0%E8%B0%B7%E5%8C%BA%E4%B8%8B%E9%A6%AC1-40-10,35.6417651,139.6810326,2018,ハンバーガー,hamburger,
ルーフトップス,神奈川県鎌倉市小町1-6-17 鎌倉マークビル 6F,食べログ ハンバーガー 百名店 2018,https://tabelog.com/kanagawa/A1404/A140402/14058323/,https://yoyaku.tabelog.com/yoyaku/tabelog_booking/send_remind/,https://www.google.com/maps/search/?api=1&query=%E3%83%AB%E3%83%BC%E3%83%95%E3%83%88%E3%83%83%E3%83%97%E3%82%B9%20%E7%A5%9E%E5%A5%88%E5%B7%9D%E7%9C%8C%E9%8E%8C%E5%80%89%E5%B8%82%E5%B0%8F%E7%94%BA1-6-17%20%E9%8E%8C%E5%80%89%E3%83%9E%E3%83%BC%E3%82%AF%E3%83%93%E3%83%AB%206F,35.3194742,139.5512554,2018,ハンバーガー,hamburger,
ハニービー,神奈川県横須賀市本町2-1,食べログ ハンバーガー 百名店 2018,https://tabelog.com/kanagawa/A1406/A140601/14000902/,https://yoyaku.tabelog.com/yoyaku/tabelog_booking/send_remind/,https://www.google.com/maps/search/?api=1&query=%E3%83%8F%E3%83%8B%E3%83%BC%E3%83%93%E3%83%BC%20%E7%A5%9E%E5%A5%88%E5%B7%9D%E7%9C%8C%E6%A8%AA%E9%A0%88%E8%B3%80%E5%B8%82%E6%9C%AC%E7%94%BA2-1,35.2822488,139.6659733,2018,ハンバーガー,hamburger,
シェイクシャック 外苑いちょう並木,東京都港区北青山2-1-15,食べログ ハンバーガー 百名店 2018,https://tabelog.com/tokyo/A1306/A130603/13189009/,https://yoyaku.tabelog.com/yoyaku/tabelog_booking/send_remind/,https://www.google.com/maps/search/?api=1&query=%E3%82%B7%E3%82%A7%E3%82%A4%E3%82%AF%E3%82%B7%E3%83%A3%E3%83%83%E3%82%AF%20%E5%A4%96%E8%8B%91%E3%81%84%E3%81%A1%E3%82%87%E3%81%86%E4%B8%A6%E6%9C%A8%20%E6%9D%B1%E4%BA%AC%E9%83%BD%E6%B8%AF%E5%8C%BA%E5%8C%97%E9%9D%92%E5%B1%B12-1-15,35.6733572,139.7198611,2018,ハンバーガー,hamburger,
ゴールデンブラウン 表参道,東京都渋谷区神宮前4-12-1 表参道ヒルズ 3F,食べログ ハンバーガー 百名店 2018,https://tabelog.com/tokyo/A1306/A130602/13100291/,https://yoyaku.tabelog.com/yoyaku/tabelog_booking/send_remind/,https://www.google.com/maps/search/?api=1&query=%E3%82%B4%E3%83%BC%E3%83%AB%E3%83%87%E3%83%B3%E3%83%96%E3%83%A9%E3%82%A6%E3%83%B3%20%E8%A1%A8%E5%8F%82%E9%81%93%20%E6%9D%B1%E4%BA%AC%E9%83%BD%E6%B8%8B%E8%B0%B7%E5%8C%BA%E7%A5%9E%E5%AE%AE%E5%89%8D4-12-1%20%E8%A1%A8%E5%8F%82%E9%81%93%E3%83%92%E3%83%AB%E3%82%BA%203F,35.6674166,139.7088454,2018,ハンバーガー,hamburger,
ブラザーズ 新富町店,東京都中央区新富2-2-11,食べログ ハンバーガー 百名店 2018,https://tabelog.com/tokyo/A1313/A131301/13144295/,https://tabelog.com/tokyo/A1313/A131301/13144295/?cid=google_yoyaku,https://www.google.com/maps/search/?api=1&query=%E3%83%96%E3%83%A9%E3%82%B6%E3%83%BC%E3%82%BA%20%E6%96%B0%E5%AF%8C%E7%94%BA%E5%BA%97%20%E6%9D%B1%E4%BA%AC%E9%83%BD%E4%B8%AD%E5%A4%AE%E5%8C%BA%E6%96%B0%E5%AF%8C2-2-11,35.6714702,139.7723860,2018,ハンバーガー,hamburger,
deli fu cious,東京都目黒区東山1-9-13 1F,食べログ ハンバーガー 百名店 2018,https://tabelog.com/tokyo/A1317/A131701/13204220/,https://yoyaku.tabelog.com/yoyaku/tabelog_booking/send_remind/,https://www.google.com/maps/search/?api=1&query=deli%20fu%20cious%20%E6%9D%B1%E4%BA%AC%E9%83%BD%E7%9B%AE%E9%BB%92%E5%8C%BA%E6%9D%B1%E5%B1%B11-9-13%201F,35.6473539,139.6935397,2018,ハンバーガー,hamburger,
BURGER&MILKSHAKE CRANE,東京都千代田区外神田6-16-3,食べログ ハンバーガー 百名店 2018,https://tabelog.com/tokyo/A1311/A131101/13202745/,https://yoyaku.tabelog.com/yoyaku/tabelog_booking/send_remind/,https://www.google.com/maps/search/?api=1&query=BURGER%26MILKSHAKE%20CRANE%20%E6%9D%B1%E4%BA%AC%E9%83%BD%E5%8D%83%E4%BB%A3%E7%94%B0%E5%8C%BA%E5%A4%96%E7%A5%9E%E7%94%B06-16-3,35.7049834,139.7714351,2018,ハンバーガー,hamburger,
ブッチャーズテーブル 大泉学園店,東京都練馬区東大泉2-9-18,食べログ ハンバーガー 百名店 2018,https://tabelog.com/tokyo/A1321/A132103/13091061/,https://yoyaku.tabelog.com/yoyaku/tabelog_booking/send_remind/,https://www.google.com/maps/search/?api=1&query=%E3%83%96%E3%83%83%E3%83%81%E3%83%A3%E3%83%BC%E3%82%BA%E3%83%86%E3%83%BC%E3%83%96%E3%83%AB%20%E5%A4%A7%E6%B3%89%E5%AD%A6%E5%9C%92%E5%BA%97%20%E6%9D%B1%E4%BA%AC%E9%83%BD%E7%B7%B4%E9%A6%AC%E5%8C%BA%E6%9D%B1%E5%A4%A7%E6%B3%892-9-18,35.7517368,139.5938253,2018,ハンバーガー,hamburger,
オーセンティック,東京都港区赤坂2-18-19 赤坂シャレーⅡ 1F,食べログ ハンバーガー 百名店 2018,https://tabelog.com/tokyo/A1308/A130802/13030795/,https://yoyaku.tabelog.com/yoyaku/tabelog_booking/send_remind/,https://www.google.com/maps/search/?api=1&query=%E3%82%AA%E3%83%BC%E3%82%BB%E3%83%B3%E3%83%86%E3%82%A3%E3%83%83%E3%82%AF%20%E6%9D%B1%E4%BA%AC%E9%83%BD%E6%B8%AF%E5%8C%BA%E8%B5%A4%E5%9D%822-18-19%20%E8%B5%A4%E5%9D%82%E3%82%B7%E3%83%A3%E3%83%AC%E3%83%BC%E2%85%A1%201F,35.6693434,139.7387244,2018,ハンバーガー,hamburger,
ファイヤーハウス,東京都文京区本郷4-5-10,食べログ ハンバーガー 百名店 2018,https://tabelog.com/tokyo/A1310/A131004/13003538/,https://yoyaku.tabelog.com/yoyaku/tabelog_booking/send_remind/,https://www.google.com/maps/search/?api=1&query=%E3%83%95%E3%82%A1%E3%82%A4%E3%83%A4%E3%83%BC%E3%83%8F%E3%82%A6%E3%82%B9%20%E6%9D%B1%E4%BA%AC%E9%83%BD%E6%96%87%E4%BA%AC%E5%8C%BA%E6%9C%AC%E9%83%B74-5-10,35.7075987,139.7581728,2018,ハンバーガー,hamburger,
ビンゴバーガー,千葉県南房総市川田82-2 道の駅　三芳村　鄙の里,食べログ ハンバーガー 百名店 2018,https://tabelog.com/chiba/A1207/A120704/12003706/,https://yoyaku.tabelog.com/yoyaku/tabelog_booking/send_remind/,https://www.google.com/maps/search/?api=1&query=%E3%83%93%E3%83%B3%E3%82%B4%E3%83%90%E3%83%BC%E3%82%AC%E3%83%BC%20%E5%8D%83%E8%91%89%E7%9C%8C%E5%8D%97%E6%88%BF%E7%B7%8F%E5%B8%82%E5%B7%9D%E7%94%B082-2%20%E9%81%93%E3%81%AE%E9%A7%85%E3%80%80%E4%B8%89%E8%8A%B3%E6%9D%91%E3%80%80%E9%84%99%E3%81%AE%E9%87%8C,35.0338625,139.8946628,2018,ハンバーガー,hamburger,
ホーミーズ,東京都新宿区高田馬場2-9-1,食べログ ハンバーガー 百名店 2018,https://tabelog.com/tokyo/A1305/A130503/13151157/,https://tabelog.com/tokyo/A1305/A130503/13151157/?cid=google_yoyaku,https://www.google.com/maps/search/?api=1&query=%E3%83%9B%E3%83%BC%E3%83%9F%E3%83%BC%E3%82%BA%20%E6%9D%B1%E4%BA%AC%E9%83%BD%E6%96%B0%E5%AE%BF%E5%8C%BA%E9%AB%98%E7%94%B0%E9%A6%AC%E5%A0%B42-9-1,35.7120224,139.7078630,2018,ハンバーガー,hamburger,
魔女のちいさな森のハンバーガー,東京都目黒区自由が丘1-3-15 BISビル 4F,食べログ ハンバーガー 百名店 2018,https://tabelog.com/tokyo/A1317/A131703/13054778/,https://tabelog.com/tokyo/A1317/A131703/13054778/?cid=google_yoyaku,https://www.google.com/maps/search/?api=1&query=%E9%AD%94%E5%A5%B3%E3%81%AE%E3%81%A1%E3%81%84%E3%81%95%E3%81%AA%E6%A3%AE%E3%81%AE%E3%83%8F%E3%83%B3%E3%83%90%E3%83%BC%E3%82%AC%E3%83%BC%20%E6%9D%B1%E4%BA%AC%E9%83%BD%E7%9B%AE%E9%BB%92%E5%8C%BA%E8%87%AA%E7%94%B1%E3%81%8C%E4%B8%981-3-15%20BIS%E3%83%93%E3%83%AB%204F,35.6084639,139.6706990,2018,ハンバーガー,hamburger,
THE BURGER STAND FELLOWS,東京都港区北青山3-8-11,食べログ ハンバーガー 百名店 2018,https://tabelog.com/tokyo/A1306/A130602/13020792/,https://yoyaku.tabelog.com/yoyaku/tabelog_booking/send_remind/,https://www.google.com/maps/search/?api=1&query=THE%20BURGER%20STAND%20FELLOWS%20%E6%9D%B1%E4%BA%AC%E9%83%BD%E6%B8%AF%E5%8C%BA%E5%8C%97%E9%9D%92%E5%B1%B13-8-11,35.6650232,139.7102959,2018,ハンバーガー,hamburger,
ホームワークス 広尾店,東京都渋谷区広尾5-1-20 七星舎ビル　１Ｆ,食べログ ハンバーガー 百名店 2018,https://tabelog.com/tokyo/A1307/A130703/13001591/,https://yoyaku.tabelog.com/yoyaku/tabelog_booking/send_remind/,https://www.google.com/maps/search/?api=1&query=%E3%83%9B%E3%83%BC%E3%83%A0%E3%83%AF%E3%83%BC%E3%82%AF%E3%82%B9%20%E5%BA%83%E5%B0%BE%E5%BA%97%20%E6%9D%B1%E4%BA%AC%E9%83%BD%E6%B8%8B%E8%B0%B7%E5%8C%BA%E5%BA%83%E5%B0%BE5-1-20%20%E4%B8%83%E6%98%9F%E8%88%8E%E3%83%93%E3%83%AB%E3%80%80%EF%BC%91%EF%BC%A6,35.6501130,139.7199393,2018,ハンバーガー,hamburger,
バーガーマニア 広尾店,東京都港区南麻布 5-15-25 ２Ｆ,食べログ ハンバーガー 百名店 2018,https://tabelog.com/tokyo/A1307/A130703/13123717/,https://yoyaku.tabelog.com/yoyaku/tabelog_booking/send_remind/,https://www.google.com/maps/search/?api=1&query=%E3%83%90%E3%83%BC%E3%82%AC%E3%83%BC%E3%83%9E%E3%83%8B%E3%82%A2%20%E5%BA%83%E5%B0%BE%E5%BA%97%20%E6%9D%B1%E4%BA%AC%E9%83%BD%E6%B8%AF%E5%8C%BA%E5%8D%97%E9%BA%BB%E5%B8%83%205-15-25%20%EF%BC%92%EF%BC%A6,35.6518552,139.7224142,2018,ハンバーガー,hamburger,
BAREBURGER 自由が丘店,東京都目黒区自由が丘2-16-10 メイプルファーム,食べログ ハンバーガー 百名店 2018,https://tabelog.com/tokyo/A1317/A131703/13184951/,https://yoyaku.tabelog.com/yoyaku/tabelog_booking/send_remind/,https://www.google.com/maps/search/?api=1&query=BAREBURGER%20%E8%87%AA%E7%94%B1%E3%81%8C%E4%B8%98%E5%BA%97%20%E6%9D%B1%E4%BA%AC%E9%83%BD%E7%9B%AE%E9%BB%92%E5%8C%BA%E8%87%AA%E7%94%B1%E3%81%8C%E4%B8%982-16-10%20%E3%83%A1%E3%82%A4%E3%83%97%E3%83%AB%E3%83%95%E3%82%A1%E3%83%BC%E3%83%A0,35.6083729,139.6664743,2018,ハンバーガー,hamburger,
サニーダイナー 本店,東京都足立区千住3-45,食べログ ハンバーガー 百名店 2018,https://tabelog.com/tokyo/A1324/A132402/13033094/,https://tabelog.com/tokyo/A1324/A132402/13033094/?cid=google_yoyaku,https://www.google.com/maps/search/?api=1&query=%E3%82%B5%E3%83%8B%E3%83%BC%E3%83%80%E3%82%A4%E3%83%8A%E3%83%BC%20%E6%9C%AC%E5%BA%97%20%E6%9D%B1%E4%BA%AC%E9%83%BD%E8%B6%B3%E7%AB%8B%E5%8C%BA%E5%8D%83%E4%BD%8F3-45,35.7516933,139.8023368,2018,ハンバーガー,hamburger,
自由が丘バーガー 羽田店,東京都大田区羽田空港3-4-2 羽田空港 第2旅客ターミナル 3F ターミナルロビー,食べログ ハンバーガー 百名店 2018,https://tabelog.com/tokyo/A1315/A131504/13183704/,https://yoyaku.tabelog.com/yoyaku/tabelog_booking/send_remind/,https://www.google.com/maps/search/?api=1&query=%E8%87%AA%E7%94%B1%E3%81%8C%E4%B8%98%E3%83%90%E3%83%BC%E3%82%AC%E3%83%BC%20%E7%BE%BD%E7%94%B0%E5%BA%97%20%E6%9D%B1%E4%BA%AC%E9%83%BD%E5%A4%A7%E7%94%B0%E5%8C%BA%E7%BE%BD%E7%94%B0%E7%A9%BA%E6%B8%AF3-4-2%20%E7%BE%BD%E7%94%B0%E7%A9%BA%E6%B8%AF%20%E7%AC%AC2%E6%97%85%E5%AE%A2%E3%82%BF%E3%83%BC%E3%83%9F%E3%83%8A%E3%83%AB%203F%20%E3%82%BF%E3%83%BC%E3%83%9F%E3%83%8A%E3%83%AB%E3%83%AD%E3%83%93%E3%83%BC,35.5505230,139.7886296,2018,ハンバーガー,hamburger,
ベーカーバウンス,東京都世田谷区太子堂5-13-5,食べログ ハンバーガー 百名店 2018,https://tabelog.com/tokyo/A1317/A131706/13004780/,https://yoyaku.tabelog.com/yoyaku/tabelog_booking/send_remind/,https://www.google.com/maps/search/?api=1&query=%E3%83%99%E3%83%BC%E3%82%AB%E3%83%BC%E3%83%90%E3%82%A6%E3%83%B3%E3%82%B9%20%E6%9D%B1%E4%BA%AC%E9%83%BD%E4%B8%96%E7%94%B0%E8%B0%B7%E5%8C%BA%E5%A4%AA%E5%AD%90%E5%A0%825-13-5,35.6472919,139.6674043,2018,ハンバーガー,hamburger,
ビア パブ カムデン 池袋東口店,東京都豊島区東池袋1-7-2 東駒ビル 2F,食べログ ハンバーガー 百名店 2018,https://tabelog.com/tokyo/A1305/A130501/13122469/,https://yoyaku.tabelog.com/yoyaku/tabelog_booking/send_remind/,https://www.google.com/maps/search/?api=1&query=%E3%83%93%E3%82%A2%20%E3%83%91%E3%83%96%20%E3%82%AB%E3%83%A0%E3%83%87%E3%83%B3%20%E6%B1%A0%E8%A2%8B%E6%9D%B1%E5%8F%A3%E5%BA%97%20%E6%9D%B1%E4%BA%AC%E9%83%BD%E8%B1%8A%E5%B3%B6%E5%8C%BA%E6%9D%B1%E6%B1%A0%E8%A2%8B1-7-2%20%E6%9D%B1%E9%A7%92%E3%83%93%E3%83%AB%202F,35.7312866,139.7138189,2018,ハンバーガー,hamburger,
ブラッカウズ,東京都渋谷区恵比寿西2-11-9 東光ホワイトビル 1F,食べログ ハンバーガー 百名店 2018,https://tabelog.com/tokyo/A1303/A130302/13096437/,https://tabelog.com/tokyo/A1303/A130302/13096437/?cid=google_yoyaku,https://www.google.com/maps/search/?api=1&query=%E3%83%96%E3%83%A9%E3%83%83%E3%82%AB%E3%82%A6%E3%82%BA%20%E6%9D%B1%E4%BA%AC%E9%83%BD%E6%B8%8B%E8%B0%B7%E5%8C%BA%E6%81%B5%E6%AF%94%E5%AF%BF%E8%A5%BF2-11-9%20%E6%9D%B1%E5%85%89%E3%83%9B%E3%83%AF%E3%82%A4%E3%83%88%E3%83%93%E3%83%AB%201F,35.6494652,139.7071419,2018,ハンバーガー,hamburger,
シェリーズバーガーカフェ,東京都品川区小山3-7-12,食べログ ハンバーガー 百名店 2018,https://tabelog.com/tokyo/A1317/A131710/13127011/,https://yoyaku.tabelog.com/yoyaku/tabelog_booking/send_remind/,https://www.google.com/maps/search/?api=1&query=%E3%82%B7%E3%82%A7%E3%83%AA%E3%83%BC%E3%82%BA%E3%83%90%E3%83%BC%E3%82%AC%E3%83%BC%E3%82%AB%E3%83%95%E3%82%A7%20%E6%9D%B1%E4%BA%AC%E9%83%BD%E5%93%81%E5%B7%9D%E5%8C%BA%E5%B0%8F%E5%B1%B13-7-12,35.6201828,139.7063687,2018,ハンバーガー,hamburger,
THE COUNTER 六本木,東京都港区赤坂9-7-4 東京ミッドタウン ガレリア B1F,食べログ ハンバーガー 百名店 2018,https://tabelog.com/tokyo/A1307/A130701/13206969/,https://yoyaku.tabelog.com/yoyaku/tabelog_booking/send_remind/,https://www.google.com/maps/search/?api=1&query=THE%20COUNTER%20%E5%85%AD%E6%9C%AC%E6%9C%A8%20%E6%9D%B1%E4%BA%AC%E9%83%BD%E6%B8%AF%E5%8C%BA%E8%B5%A4%E5%9D%829-7-4%20%E6%9D%B1%E4%BA%AC%E3%83%9F%E3%83%83%E3%83%89%E3%82%BF%E3%82%A6%E3%83%B3%20%E3%82%AC%E3%83%AC%E3%83%AA%E3%82%A2%20B1F,35.6665941,139.7306889,2018,ハンバーガー,hamburger,
イーストヴィレッジ,東京都豊島区東池袋1-13-1 栄町通り,食べログ ハンバーガー 百名店 2018,https://tabelog.com/tokyo/A1305/A130501/13054782/,https://yoyaku.tabelog.com/yoyaku/tabelog_booking/send_remind/,https://www.google.com/maps/search/?api=1&query=%E3%82%A4%E3%83%BC%E3%82%B9%E3%83%88%E3%83%B4%E3%82%A3%E3%83%AC%E3%83%83%E3%82%B8%20%E6%9D%B1%E4%BA%AC%E9%83%BD%E8%B1%8A%E5%B3%B6%E5%8C%BA%E6%9D%B1%E6%B1%A0%E8%A2%8B1-13-1%20%E6%A0%84%E7%94%BA%E9%80%9A%E3%82%8A,35.7290726,139.7152401,2018,ハンバーガー,hamburger,
R-S,千葉県松戸市小金原6-2-6,食べログ ハンバーガー 百名店 2018,https://tabelog.com/chiba/A1203/A120302/12006175/,https://yoyaku.tabelog.com/yoyaku/tabelog_booking/send_remind/,https://www.google.com/maps/search/?api=1&query=R-S%20%E5%8D%83%E8%91%89%E7%9C%8C%E6%9D%BE%E6%88%B8%E5%B8%82%E5%B0%8F%E9%87%91%E5%8E%9F6-2-6,35.8196471,139.9456214,2018,ハンバーガー,hamburger,
マティーニバーガー,東京都新宿区中里町31,食べログ ハンバーガー 百名店 2018,https://tabelog.com/tokyo/A1309/A130905/13117569/,https://tabelog.com/tokyo/A1309/A130905/13117569/?cid=google_yoyaku,https://www.google.com/maps/search/?api=1&query=%E3%83%9E%E3%83%86%E3%82%A3%E3%83%BC%E3%83%8B%E3%83%90%E3%83%BC%E3%82%AC%E3%83%BC%20%E6%9D%B1%E4%BA%AC%E9%83%BD%E6%96%B0%E5%AE%BF%E5%8C%BA%E4%B8%AD%E9%87%8C%E7%94%BA31,35.7055926,139.7311029,2018,ハンバーガー,hamburger,
ブラザーズ 人形町本店,東京都中央区日本橋人形町2-28-5 月村マンション№25 1F,食べログ ハンバーガー 百名店 2018,https://tabelog.com/tokyo/A1302/A130204/13003002/,https://tabelog.com/tokyo/A1302/A130204/13003002/?cid=google_yoyaku,https://www.google.com/maps/search/?api=1&query=%E3%83%96%E3%83%A9%E3%82%B6%E3%83%BC%E3%82%BA%20%E4%BA%BA%E5%BD%A2%E7%94%BA%E6%9C%AC%E5%BA%97%20%E6%9D%B1%E4%BA%AC%E9%83%BD%E4%B8%AD%E5%A4%AE%E5%8C%BA%E6%97%A5%E6%9C%AC%E6%A9%8B%E4%BA%BA%E5%BD%A2%E7%94%BA2-28-5%20%E6%9C%88%E6%9D%91%E3%83%9E%E3%83%B3%E3%82%B7%E3%83%A7%E3%83%B3%E2%84%9625%201F,35.6871835,139.7850729,2018,ハンバーガー,hamburger,
テディーズ ビガー バーガー 原宿表参道店,東京都渋谷区神宮前6-28-5 宮崎ビル　２Ｆ,食べログ ハンバーガー 百名店 2018,https://tabelog.com/tokyo/A1306/A130601/13097927/,https://tabelog.com/tokyo/A1306/A130601/13097927/?cid=google_yoyaku,https://www.google.com/maps/search/?api=1&query=%E3%83%86%E3%83%87%E3%82%A3%E3%83%BC%E3%82%BA%20%E3%83%93%E3%82%AC%E3%83%BC%20%E3%83%90%E3%83%BC%E3%82%AC%E3%83%BC%20%E5%8E%9F%E5%AE%BF%E8%A1%A8%E5%8F%82%E9%81%93%E5%BA%97%20%E6%9D%B1%E4%BA%AC%E9%83%BD%E6%B8%8B%E8%B0%B7%E5%8C%BA%E7%A5%9E%E5%AE%AE%E5%89%8D6-28-5%20%E5%AE%AE%E5%B4%8E%E3%83%93%E3%83%AB%E3%80%80%EF%BC%92%EF%BC%A6,35.6671874,139.7041698,2018,ハンバーガー,hamburger,
パントリー コヨーテ,千葉県千葉市中央区中央3-11-11 ニュー豊田ビル 1F,食べログ ハンバーガー 百名店 2018,https://tabelog.com/chiba/A1201/A120101/12020222/,https://yoyaku.tabelog.com/yoyaku/tabelog_booking/send_remind/,https://www.google.com/maps/search/?api=1&query=%E3%83%91%E3%83%B3%E3%83%88%E3%83%AA%E3%83%BC%20%E3%82%B3%E3%83%A8%E3%83%BC%E3%83%86%20%E5%8D%83%E8%91%89%E7%9C%8C%E5%8D%83%E8%91%89%E5%B8%82%E4%B8%AD%E5%A4%AE%E5%8C%BA%E4%B8%AD%E5%A4%AE3-11-11%20%E3%83%8B%E3%83%A5%E3%83%BC%E8%B1%8A%E7%94%B0%E3%83%93%E3%83%AB%201F,35.6079526,140.1246755,2018,ハンバーガー,hamburger,
バーガーマニア 恵比寿店,東京都渋谷区恵比寿4-9-5 マンションニュー恵比寿 1F,食べログ ハンバーガー 百名店 2018,https://tabelog.com/tokyo/A1303/A130302/13166437/,https://yoyaku.tabelog.com/yoyaku/tabelog_booking/send_remind/,https://www.google.com/maps/search/?api=1&query=%E3%83%90%E3%83%BC%E3%82%AC%E3%83%BC%E3%83%9E%E3%83%8B%E3%82%A2%20%E6%81%B5%E6%AF%94%E5%AF%BF%E5%BA%97%20%E6%9D%B1%E4%BA%AC%E9%83%BD%E6%B8%8B%E8%B0%B7%E5%8C%BA%E6%81%B5%E6%AF%94%E5%AF%BF4-9-5%20%E3%83%9E%E3%83%B3%E3%82%B7%E3%83%A7%E3%83%B3%E3%83%8B%E3%83%A5%E3%83%BC%E6%81%B5%E6%AF%94%E5%AF%BF%201F,35.6460031,139.7130797,2018,ハンバーガー,hamburger,
シェイクツリー バーガー＆バー,東京都墨田区亀沢3-13-6 岩崎ビル1F,食べログ ハンバーガー 百名店 2018,https://tabelog.com/tokyo/A1312/A131201/13134063/,https://yoyaku.tabelog.com/yoyaku/tabelog_booking/send_remind/,https://www.google.com/maps/search/?api=1&query=%E3%82%B7%E3%82%A7%E3%82%A4%E3%82%AF%E3%83%84%E3%83%AA%E3%83%BC%20%E3%83%90%E3%83%BC%E3%82%AC%E3%83%BC%EF%BC%86%E3%83%90%E3%83%BC%20%E6%9D%B1%E4%BA%AC%E9%83%BD%E5%A2%A8%E7%94%B0%E5%8C%BA%E4%BA%80%E6%B2%A23-13-6%20%E5%B2%A9%E5%B4%8E%E3%83%93%E3%83%AB1F,35.6972153,139.8051177,2018,ハンバーガー,hamburger,
the 3rd Burger アークヒルズサウスタワー店,東京都港区六本木1-4-5 アークヒルズサウスタワー B1F,食べログ ハンバーガー 百名店 2018,https://tabelog.com/tokyo/A1307/A130701/13164217/,https://yoyaku.tabelog.com/yoyaku/tabelog_booking/send_remind/,https://www.google.com/maps/search/?api=1&query=the%203rd%20Burger%20%E3%82%A2%E3%83%BC%E3%82%AF%E3%83%92%E3%83%AB%E3%82%BA%E3%82%B5%E3%82%A6%E3%82%B9%E3%82%BF%E3%83%AF%E3%83%BC%E5%BA%97%20%E6%9D%B1%E4%BA%AC%E9%83%BD%E6%B8%AF%E5%8C%BA%E5%85%AD%E6%9C%AC%E6%9C%A81-4-5%20%E3%82%A2%E3%83%BC%E3%82%AF%E3%83%92%E3%83%AB%E3%82%BA%E3%82%B5%E3%82%A6%E3%82%B9%E3%82%BF%E3%83%AF%E3%83%BC%20B1F,35.6656147,139.7394255,2018,ハンバーガー,hamburger,
電光石火 東京駅店,東京都千代田区丸の内1-9-1 東京駅一番街 B1F,食べログ お好み焼き 百名店 2018,https://tabelog.com/tokyo/A1302/A130201/13206700/,https://yoyaku.tabelog.com/yoyaku/tabelog_booking/send_remind/,https://www.google.com/maps/search/?api=1&query=%E9%9B%BB%E5%85%89%E7%9F%B3%E7%81%AB%20%E6%9D%B1%E4%BA%AC%E9%A7%85%E5%BA%97%20%E6%9D%B1%E4%BA%AC%E9%83%BD%E5%8D%83%E4%BB%A3%E7%94%B0%E5%8C%BA%E4%B8%B8%E3%81%AE%E5%86%851-9-1%20%E6%9D%B1%E4%BA%AC%E9%A7%85%E4%B8%80%E7%95%AA%E8%A1%97%20B1F,35.6804459,139.7678435,2018,お好み焼き,okonomiyaki,
広島お好み焼き おこたろう,東京都葛飾区亀有3-31-8,食べログ お好み焼き 百名店 2018,https://tabelog.com/tokyo/A1324/A132403/13061247/,https://yoyaku.tabelog.com/yoyaku/tabelog_booking/send_remind/,https://www.google.com/maps/search/?api=1&query=%E5%BA%83%E5%B3%B6%E3%81%8A%E5%A5%BD%E3%81%BF%E7%84%BC%E3%81%8D%20%E3%81%8A%E3%81%93%E3%81%9F%E3%82%8D%E3%81%86%20%E6%9D%B1%E4%BA%AC%E9%83%BD%E8%91%9B%E9%A3%BE%E5%8C%BA%E4%BA%80%E6%9C%893-31-8,35.7653554,139.8488467,2018,お好み焼き,okonomiyaki,
お好み焼・鉄板焼 88 パチパチ 有楽町本店,東京都千代田区有楽町1-2-4,食べログ お好み焼き 百名店 2018,https://tabelog.com/tokyo/A1301/A130102/13043117/,https://tabelog.com/tokyo/A1301/A130102/13043117/?cid=google_yoyaku,https://www.google.com/maps/search/?api=1&query=%E3%81%8A%E5%A5%BD%E3%81%BF%E7%84%BC%E3%83%BB%E9%89%84%E6%9D%BF%E7%84%BC%2088%20%E3%83%91%E3%83%81%E3%83%91%E3%83%81%20%E6%9C%89%E6%A5%BD%E7%94%BA%E6%9C%AC%E5%BA%97%20%E6%9D%B1%E4%BA%AC%E9%83%BD%E5%8D%83%E4%BB%A3%E7%94%B0%E5%8C%BA%E6%9C%89%E6%A5%BD%E7%94%BA1-2-4,35.6732324,139.7603814,2018,お好み焼き,okonomiyaki,
丹波亭,東京都新宿区西新宿7-14-9,食べログ お好み焼き 百名店 2018,https://tabelog.com/tokyo/A1304/A130401/13011098/,https://yoyaku.tabelog.com/yoyaku/tabelog_booking/send_remind/,https://www.google.com/maps/search/?api=1&query=%E4%B8%B9%E6%B3%A2%E4%BA%AD%20%E6%9D%B1%E4%BA%AC%E9%83%BD%E6%96%B0%E5%AE%BF%E5%8C%BA%E8%A5%BF%E6%96%B0%E5%AE%BF7-14-9,35.6953258,139.6969078,2018,お好み焼き,okonomiyaki,
お好み焼き いまり 恵比寿,東京都渋谷区恵比寿西2-3-11 メゾン ド エビス 1F,食べログ お好み焼き 百名店 2018,https://tabelog.com/tokyo/A1303/A130302/13155810/,https://yoyaku.tabelog.com/yoyaku/tabelog_booking/send_remind/,https://www.google.com/maps/search/?api=1&query=%E3%81%8A%E5%A5%BD%E3%81%BF%E7%84%BC%E3%81%8D%20%E3%81%84%E3%81%BE%E3%82%8A%20%E6%81%B5%E6%AF%94%E5%AF%BF%20%E6%9D%B1%E4%BA%AC%E9%83%BD%E6%B8%8B%E8%B0%B7%E5%8C%BA%E6%81%B5%E6%AF%94%E5%AF%BF%E8%A5%BF2-3-11%20%E3%83%A1%E3%82%BE%E3%83%B3%20%E3%83%89%20%E3%82%A8%E3%83%93%E3%82%B9%201F,35.6498816,139.7077005,2018,お好み焼き,okonomiyaki,
玉屋,東京都武蔵野市吉祥寺東町1-3-6 1階,食べログ お好み焼き 百名店 2018,https://tabelog.com/tokyo/A1320/A132001/13114890/,https://yoyaku.tabelog.com/yoyaku/tabelog_booking/send_remind/,https://www.google.com/maps/search/?api=1&query=%E7%8E%89%E5%B1%8B%20%E6%9D%B1%E4%BA%AC%E9%83%BD%E6%AD%A6%E8%94%B5%E9%87%8E%E5%B8%82%E5%90%89%E7%A5%A5%E5%AF%BA%E6%9D%B1%E7%94%BA1-3-6%201%E9%9A%8E,35.7086624,139.5811506,2018,お好み焼き,okonomiyaki,
戸田亘のお好み焼 さんて寛,東京都港区六本木1-4-5 アークヒルズサウスタワー B1F,食べログ お好み焼き 百名店 2018,https://tabelog.com/tokyo/A1307/A130701/13163322/,https://tabelog.com/tokyo/A1307/A130701/13163322/?cid=google_yoyaku,https://www.google.com/maps/search/?api=1&query=%E6%88%B8%E7%94%B0%E4%BA%98%E3%81%AE%E3%81%8A%E5%A5%BD%E3%81%BF%E7%84%BC%20%E3%81%95%E3%82%93%E3%81%A6%E5%AF%9B%20%E6%9D%B1%E4%BA%AC%E9%83%BD%E6%B8%AF%E5%8C%BA%E5%85%AD%E6%9C%AC%E6%9C%A81-4-5%20%E3%82%A2%E3%83%BC%E3%82%AF%E3%83%92%E3%83%AB%E3%82%BA%E3%82%B5%E3%82%A6%E3%82%B9%E3%82%BF%E3%83%AF%E3%83%BC%20B1F,35.6655965,139.7394605,2018,お好み焼き,okonomiyaki,
広島お好み焼き・鉄板焼き　倉はし 高田馬場店,東京都新宿区高田馬場1-26-5 FIビル B１F,食べログ お好み焼き 百名店 2018,https://tabelog.com/tokyo/A1305/A130503/13162084/,https://tabelog.com/tokyo/A1305/A130503/13162084/?cid=google_yoyaku,https://www.google.com/maps/search/?api=1&query=%E5%BA%83%E5%B3%B6%E3%81%8A%E5%A5%BD%E3%81%BF%E7%84%BC%E3%81%8D%E3%83%BB%E9%89%84%E6%9D%BF%E7%84%BC%E3%81%8D%E3%80%80%E5%80%89%E3%81%AF%E3%81%97%20%E9%AB%98%E7%94%B0%E9%A6%AC%E5%A0%B4%E5%BA%97%20%E6%9D%B1%E4%BA%AC%E9%83%BD%E6%96%B0%E5%AE%BF%E5%8C%BA%E9%AB%98%E7%94%B0%E9%A6%AC%E5%A0%B41-26-5%20FI%E3%83%93%E3%83%AB%20B%EF%BC%91F,35.7128707,139.7052013,2018,お好み焼き,okonomiyaki,
お好み焼 きじ 品川店,東京都港区港南2-3-13 品川フロントビル 2F,食べログ お好み焼き 百名店 2018,https://tabelog.com/tokyo/A1314/A131403/13120197/,https://yoyaku.tabelog.com/yoyaku/tabelog_booking/send_remind/,https://www.google.com/maps/search/?api=1&query=%E3%81%8A%E5%A5%BD%E3%81%BF%E7%84%BC%20%E3%81%8D%E3%81%98%20%E5%93%81%E5%B7%9D%E5%BA%97%20%E6%9D%B1%E4%BA%AC%E9%83%BD%E6%B8%AF%E5%8C%BA%E6%B8%AF%E5%8D%972-3-13%20%E5%93%81%E5%B7%9D%E3%83%95%E3%83%AD%E3%83%B3%E3%83%88%E3%83%93%E3%83%AB%202F,35.6290515,139.7444458,2018,お好み焼き,okonomiyaki,
OSAKA きっちん。 虎ノ門店,東京都港区虎ノ門3-4-7 虎ノ門36森ビル B1F,食べログ お好み焼き 百名店 2018,https://tabelog.com/tokyo/A1308/A130802/13189466/,https://tabelog.com/tokyo/A1308/A130802/13189466/?cid=google_yoyaku,https://www.google.com/maps/search/?api=1&query=OSAKA%20%E3%81%8D%E3%81%A3%E3%81%A1%E3%82%93%E3%80%82%20%E8%99%8E%E3%83%8E%E9%96%80%E5%BA%97%20%E6%9D%B1%E4%BA%AC%E9%83%BD%E6%B8%AF%E5%8C%BA%E8%99%8E%E3%83%8E%E9%96%803-4-7%20%E8%99%8E%E3%83%8E%E9%96%8036%E6%A3%AE%E3%83%93%E3%83%AB%20B1F,35.6662192,139.7469631,2018,お好み焼き,okonomiyaki,
花子 飯田橋店,東京都千代田区飯田橋2-1-6 鈴木ビル 1F,食べログ お好み焼き 百名店 2018,https://tabelog.com/tokyo/A1309/A130906/13166148/,https://yoyaku.tabelog.com/yoyaku/tabelog_booking/send_remind/,https://www.google.com/maps/search/?api=1&query=%E8%8A%B1%E5%AD%90%20%E9%A3%AF%E7%94%B0%E6%A9%8B%E5%BA%97%20%E6%9D%B1%E4%BA%AC%E9%83%BD%E5%8D%83%E4%BB%A3%E7%94%B0%E5%8C%BA%E9%A3%AF%E7%94%B0%E6%A9%8B2-1-6%20%E9%88%B4%E6%9C%A8%E3%83%93%E3%83%AB%201F,35.6982845,139.7513253,2018,お好み焼き,okonomiyaki,
源亀,東京都墨田区錦糸4-14-9 本間ビル　１Ｆ,食べログ お好み焼き 百名店 2018,https://tabelog.com/tokyo/A1312/A131201/13072955/,https://tabelog.com/tokyo/A1312/A131201/13072955/?cid=google_yoyaku,https://www.google.com/maps/search/?api=1&query=%E6%BA%90%E4%BA%80%20%E6%9D%B1%E4%BA%AC%E9%83%BD%E5%A2%A8%E7%94%B0%E5%8C%BA%E9%8C%A6%E7%B3%B84-14-9%20%E6%9C%AC%E9%96%93%E3%83%93%E3%83%AB%E3%80%80%EF%BC%91%EF%BC%A6,35.6977803,139.8157020,2018,お好み焼き,okonomiyaki,
大阪お好み焼き ともくん家 新橋本店,東京都港区新橋3-3-3 新橋パイオニアビル 2F,食べログ お好み焼き 百名店 2018,https://tabelog.com/tokyo/A1308/A130802/13159860/,https://yoyaku.tabelog.com/yoyaku/tabelog_booking/send_remind/,https://www.google.com/maps/search/?api=1&query=%E5%A4%A7%E9%98%AA%E3%81%8A%E5%A5%BD%E3%81%BF%E7%84%BC%E3%81%8D%20%E3%81%A8%E3%82%82%E3%81%8F%E3%82%93%E5%AE%B6%20%E6%96%B0%E6%A9%8B%E6%9C%AC%E5%BA%97%20%E6%9D%B1%E4%BA%AC%E9%83%BD%E6%B8%AF%E5%8C%BA%E6%96%B0%E6%A9%8B3-3-3%20%E6%96%B0%E6%A9%8B%E3%83%91%E3%82%A4%E3%82%AA%E3%83%8B%E3%82%A2%E3%83%93%E3%83%AB%202F,35.6659841,139.7544323,2018,お好み焼き,okonomiyaki,
ソニア,東京都港区新橋5-15-1 ル・グラシエルBLDG19 B1F,食べログ お好み焼き 百名店 2018,https://tabelog.com/tokyo/A1301/A130103/13023882/,https://yoyaku.tabelog.com/yoyaku/tabelog_booking/send_remind/,https://www.google.com/maps/search/?api=1&query=%E3%82%BD%E3%83%8B%E3%82%A2%20%E6%9D%B1%E4%BA%AC%E9%83%BD%E6%B8%AF%E5%8C%BA%E6%96%B0%E6%A9%8B5-15-1%20%E3%83%AB%E3%83%BB%E3%82%B0%E3%83%A9%E3%82%B7%E3%82%A8%E3%83%ABBLDG19%20B1F,35.6622172,139.7560365,2018,お好み焼き,okonomiyaki,
お好み焼き 福竹,東京都大田区東矢口1-17-11,食べログ お好み焼き 百名店 2018,https://tabelog.com/tokyo/A1317/A131714/13003312/,https://yoyaku.tabelog.com/yoyaku/tabelog_booking/send_remind/,https://www.google.com/maps/search/?api=1&query=%E3%81%8A%E5%A5%BD%E3%81%BF%E7%84%BC%E3%81%8D%20%E7%A6%8F%E7%AB%B9%20%E6%9D%B1%E4%BA%AC%E9%83%BD%E5%A4%A7%E7%94%B0%E5%8C%BA%E6%9D%B1%E7%9F%A2%E5%8F%A31-17-11,35.5643932,139.7070646,2018,お好み焼き,okonomiyaki,
風流お好み焼 染太郎,東京都台東区西浅草2-2-2,食べログ お好み焼き 百名店 2018,https://tabelog.com/tokyo/A1311/A131102/13003710/,https://yoyaku.tabelog.com/yoyaku/tabelog_booking/send_remind/,https://www.google.com/maps/search/?api=1&query=%E9%A2%A8%E6%B5%81%E3%81%8A%E5%A5%BD%E3%81%BF%E7%84%BC%20%E6%9F%93%E5%A4%AA%E9%83%8E%20%E6%9D%B1%E4%BA%AC%E9%83%BD%E5%8F%B0%E6%9D%B1%E5%8C%BA%E8%A5%BF%E6%B5%85%E8%8D%892-2-2,35.7119178,139.7909360,2018,お好み焼き,okonomiyaki,
子ぐま,神奈川県横浜市青葉区美しが丘2-17-1,食べログ お好み焼き 百名店 2018,https://tabelog.com/kanagawa/A1401/A140201/14002978/,https://yoyaku.tabelog.com/yoyaku/tabelog_booking/send_remind/,https://www.google.com/maps/search/?api=1&query=%E5%AD%90%E3%81%90%E3%81%BE%20%E7%A5%9E%E5%A5%88%E5%B7%9D%E7%9C%8C%E6%A8%AA%E6%B5%9C%E5%B8%82%E9%9D%92%E8%91%89%E5%8C%BA%E7%BE%8E%E3%81%97%E3%81%8C%E4%B8%982-17-1,35.5793108,139.5593862,2018,お好み焼き,okonomiyaki,
大阪お好み焼 英 三田店,東京都港区芝5-30-4 1F,食べログ お好み焼き 百名店 2018,https://tabelog.com/tokyo/A1314/A131402/13134991/,https://yoyaku.tabelog.com/yoyaku/tabelog_booking/send_remind/,https://www.google.com/maps/search/?api=1&query=%E5%A4%A7%E9%98%AA%E3%81%8A%E5%A5%BD%E3%81%BF%E7%84%BC%20%E8%8B%B1%20%E4%B8%89%E7%94%B0%E5%BA%97%20%E6%9D%B1%E4%BA%AC%E9%83%BD%E6%B8%AF%E5%8C%BA%E8%8A%9D5-30-4%201F,35.6466183,139.7454626,2018,お好み焼き,okonomiyaki,
八昌,東京都世田谷区経堂1-21-18 ＨＡＲＡＤＡビル 2F,食べログ お好み焼き 百名店 2018,https://tabelog.com/tokyo/A1318/A131813/13013135/,https://yoyaku.tabelog.com/yoyaku/tabelog_booking/send_remind/,https://www.google.com/maps/search/?api=1&query=%E5%85%AB%E6%98%8C%20%E6%9D%B1%E4%BA%AC%E9%83%BD%E4%B8%96%E7%94%B0%E8%B0%B7%E5%8C%BA%E7%B5%8C%E5%A0%821-21-18%20%EF%BC%A8%EF%BC%A1%EF%BC%B2%EF%BC%A1%EF%BC%A4%EF%BC%A1%E3%83%93%E3%83%AB%202F,35.6505246,139.6370092,2018,お好み焼き,okonomiyaki,
広島風お好み焼 もみじ屋,東京都千代田区飯田橋4-2-6 アヴァンセ飯田橋 101,食べログ お好み焼き 百名店 2018,https://tabelog.com/tokyo/A1309/A130905/13000245/,https://tabelog.com/tokyo/A1309/A130905/13000245/?cid=google_yoyaku,https://www.google.com/maps/search/?api=1&query=%E5%BA%83%E5%B3%B6%E9%A2%A8%E3%81%8A%E5%A5%BD%E3%81%BF%E7%84%BC%20%E3%82%82%E3%81%BF%E3%81%98%E5%B1%8B%20%E6%9D%B1%E4%BA%AC%E9%83%BD%E5%8D%83%E4%BB%A3%E7%94%B0%E5%8C%BA%E9%A3%AF%E7%94%B0%E6%A9%8B4-2-6%20%E3%82%A2%E3%83%B4%E3%82%A1%E3%83%B3%E3%82%BB%E9%A3%AF%E7%94%B0%E6%A9%8B%20101,35.6999986,139.7474469,2018,お好み焼き,okonomiyaki,
神戸鉄板 長田いっしん 武蔵小山店,東京都品川区小山3-25-6 1F～2F,食べログ お好み焼き 百名店 2018,https://tabelog.com/tokyo/A1317/A131710/13160552/,https://tabelog.com/tokyo/A1317/A131710/13160552/?cid=google_yoyaku,https://www.google.com/maps/search/?api=1&query=%E7%A5%9E%E6%88%B8%E9%89%84%E6%9D%BF%20%E9%95%B7%E7%94%B0%E3%81%84%E3%81%A3%E3%81%97%E3%82%93%20%E6%AD%A6%E8%94%B5%E5%B0%8F%E5%B1%B1%E5%BA%97%20%E6%9D%B1%E4%BA%AC%E9%83%BD%E5%93%81%E5%B7%9D%E5%8C%BA%E5%B0%8F%E5%B1%B13-25-6%201F%EF%BD%9E2F,35.6192286,139.7043779,2018,お好み焼き,okonomiyaki,
USHIO,東京都港区六本木3-10-9 かじかわ誠志堂ビル 2F,食べログ お好み焼き 百名店 2018,https://tabelog.com/tokyo/A1307/A130701/13038559/,https://tabelog.com/tokyo/A1307/A130701/13038559/?cid=google_yoyaku,https://www.google.com/maps/search/?api=1&query=USHIO%20%E6%9D%B1%E4%BA%AC%E9%83%BD%E6%B8%AF%E5%8C%BA%E5%85%AD%E6%9C%AC%E6%9C%A83-10-9%20%E3%81%8B%E3%81%98%E3%81%8B%E3%82%8F%E8%AA%A0%E5%BF%97%E5%A0%82%E3%83%93%E3%83%AB%202F,35.6634208,139.7331131,2018,お好み焼き,okonomiyaki,
お好み焼 ゆかり 横浜スカイビル店,神奈川県横浜市西区高島2-19-12 スカイビル 11F,食べログ お好み焼き 百名店 2018,https://tabelog.com/kanagawa/A1401/A140101/14040054/,https://yoyaku.tabelog.com/yoyaku/tabelog_booking/send_remind/,https://www.google.com/maps/search/?api=1&query=%E3%81%8A%E5%A5%BD%E3%81%BF%E7%84%BC%20%E3%82%86%E3%81%8B%E3%82%8A%20%E6%A8%AA%E6%B5%9C%E3%82%B9%E3%82%AB%E3%82%A4%E3%83%93%E3%83%AB%E5%BA%97%20%E7%A5%9E%E5%A5%88%E5%B7%9D%E7%9C%8C%E6%A8%AA%E6%B5%9C%E5%B8%82%E8%A5%BF%E5%8C%BA%E9%AB%98%E5%B3%B62-19-12%20%E3%82%B9%E3%82%AB%E3%82%A4%E3%83%93%E3%83%AB%2011F,35.4643910,139.6246123,2018,お好み焼き,okonomiyaki,
カープ 東京支店,東京都千代田区神田鍛冶町3-5 保坂神田ビル,食べログ お好み焼き 百名店 2018,https://tabelog.com/tokyo/A1310/A131002/13004170/,https://yoyaku.tabelog.com/yoyaku/tabelog_booking/send_remind/,https://www.google.com/maps/search/?api=1&query=%E3%82%AB%E3%83%BC%E3%83%97%20%E6%9D%B1%E4%BA%AC%E6%94%AF%E5%BA%97%20%E6%9D%B1%E4%BA%AC%E9%83%BD%E5%8D%83%E4%BB%A3%E7%94%B0%E5%8C%BA%E7%A5%9E%E7%94%B0%E9%8D%9B%E5%86%B6%E7%94%BA3-5%20%E4%BF%9D%E5%9D%82%E7%A5%9E%E7%94%B0%E3%83%93%E3%83%AB,35.6937303,139.7703229,2018,お好み焼き,okonomiyaki,
お好み焼 きじ 丸の内店,東京都千代田区丸の内2-7-3 東京ビルTOKIA B1F,食べログ お好み焼き 百名店 2018,https://tabelog.com/tokyo/A1302/A130201/13020110/,https://yoyaku.tabelog.com/yoyaku/tabelog_booking/send_remind/,https://www.google.com/maps/search/?api=1&query=%E3%81%8A%E5%A5%BD%E3%81%BF%E7%84%BC%20%E3%81%8D%E3%81%98%20%E4%B8%B8%E3%81%AE%E5%86%85%E5%BA%97%20%E6%9D%B1%E4%BA%AC%E9%83%BD%E5%8D%83%E4%BB%A3%E7%94%B0%E5%8C%BA%E4%B8%B8%E3%81%AE%E5%86%852-7-3%20%E6%9D%B1%E4%BA%AC%E3%83%93%E3%83%ABTOKIA%20B1F,35.6784521,139.7650939,2018,お好み焼き,okonomiyaki,
浪花,東京都練馬区豊玉北5-15-1 小泉ビル　２Ｆ,食べログ お好み焼き 百名店 2018,https://tabelog.com/tokyo/A1321/A132102/13008999/,https://yoyaku.tabelog.com/yoyaku/tabelog_booking/send_remind/,https://www.google.com/maps/search/?api=1&query=%E6%B5%AA%E8%8A%B1%20%E6%9D%B1%E4%BA%AC%E9%83%BD%E7%B7%B4%E9%A6%AC%E5%8C%BA%E8%B1%8A%E7%8E%89%E5%8C%975-15-1%20%E5%B0%8F%E6%B3%89%E3%83%93%E3%83%AB%E3%80%80%EF%BC%92%EF%BC%A6,35.7356625,139.6549099,2018,お好み焼き,okonomiyaki,
松浪,東京都中央区日本橋人形町2-25-6,食べログ お好み焼き 百名店 2018,https://tabelog.com/tokyo/A1302/A130204/13003061/,https://tabelog.com/tokyo/A1302/A130204/13003061/?cid=google_yoyaku,https://www.google.com/maps/search/?api=1&query=%E6%9D%BE%E6%B5%AA%20%E6%9D%B1%E4%BA%AC%E9%83%BD%E4%B8%AD%E5%A4%AE%E5%8C%BA%E6%97%A5%E6%9C%AC%E6%A9%8B%E4%BA%BA%E5%BD%A2%E7%94%BA2-25-6,35.6870187,139.7841087,2018,お好み焼き,okonomiyaki,
マッシモッタヴィオ,東京都杉並区永福4-4-4 永福町ファイブビル,食べログ ピザ 百名店 2018,https://tabelog.com/tokyo/A1318/A131805/13132982/,https://tabelog.com/tokyo/A1318/A131805/13132982/?cid=google_yoyaku,https://www.google.com/maps/search/?api=1&query=%E3%83%9E%E3%83%83%E3%82%B7%E3%83%A2%E3%83%83%E3%82%BF%E3%83%B4%E3%82%A3%E3%82%AA%20%E6%9D%B1%E4%BA%AC%E9%83%BD%E6%9D%89%E4%B8%A6%E5%8C%BA%E6%B0%B8%E7%A6%8F4-4-4%20%E6%B0%B8%E7%A6%8F%E7%94%BA%E3%83%95%E3%82%A1%E3%82%A4%E3%83%96%E3%83%93%E3%83%AB,35.6769469,139.6427763,2018,ピザ,pizza,
ZUZU,東京都板橋区徳丸3-15-2,食べログ ピザ 百名店 2018,https://tabelog.com/tokyo/A1322/A132203/13169429/,https://yoyaku.tabelog.com/yoyaku/tabelog_booking/send_remind/,https://www.google.com/maps/search/?api=1&query=ZUZU%20%E6%9D%B1%E4%BA%AC%E9%83%BD%E6%9D%BF%E6%A9%8B%E5%8C%BA%E5%BE%B3%E4%B8%B83-15-2,35.7698238,139.6584020,2018,ピザ,pizza,
リンシエメ,東京都江東区亀戸1-31-7,食べログ ピザ 百名店 2018,https://tabelog.com/tokyo/A1312/A131202/13193917/,https://yoyaku.tabelog.com/yoyaku/tabelog_booking/send_remind/,https://www.google.com/maps/search/?api=1&query=%E3%83%AA%E3%83%B3%E3%82%B7%E3%82%A8%E3%83%A1%20%E6%9D%B1%E4%BA%AC%E9%83%BD%E6%B1%9F%E6%9D%B1%E5%8C%BA%E4%BA%80%E6%88%B81-31-7,35.6947176,139.8256869,2018,ピザ,pizza,
ナプレ 東京ミッドタウン店,東京都港区赤坂9-7-4 東京ミッドタウン ガレリア ガーデンテラス 1F,食べログ ピザ 百名店 2018,https://tabelog.com/tokyo/A1307/A130701/13037338/,https://tabelog.com/tokyo/A1307/A130701/13037338/?cid=google_yoyaku,https://www.google.com/maps/search/?api=1&query=%E3%83%8A%E3%83%97%E3%83%AC%20%E6%9D%B1%E4%BA%AC%E3%83%9F%E3%83%83%E3%83%89%E3%82%BF%E3%82%A6%E3%83%B3%E5%BA%97%20%E6%9D%B1%E4%BA%AC%E9%83%BD%E6%B8%AF%E5%8C%BA%E8%B5%A4%E5%9D%829-7-4%20%E6%9D%B1%E4%BA%AC%E3%83%9F%E3%83%83%E3%83%89%E3%82%BF%E3%82%A6%E3%83%B3%20%E3%82%AC%E3%83%AC%E3%83%AA%E3%82%A2%20%E3%82%AC%E3%83%BC%E3%83%87%E3%83%B3%E3%83%86%E3%83%A9%E3%82%B9%201F,35.6662275,139.7302349,2018,ピザ,pizza,
Supernova,東京都武蔵野市中町1-24-16 杉山ビル 1F,食べログ ピザ 百名店 2018,https://tabelog.com/tokyo/A1320/A132002/13186095/,https://yoyaku.tabelog.com/yoyaku/tabelog_booking/send_remind/,https://www.google.com/maps/search/?api=1&query=Supernova%20%E6%9D%B1%E4%BA%AC%E9%83%BD%E6%AD%A6%E8%94%B5%E9%87%8E%E5%B8%82%E4%B8%AD%E7%94%BA1-24-16%20%E6%9D%89%E5%B1%B1%E3%83%93%E3%83%AB%201F,35.7037179,139.5635167,2018,ピザ,pizza,
ピッツェリア チーロ 東中野店,東京都中野区東中野3-8-3 フェニックスビル1Ｆ,食べログ ピザ 百名店 2018,https://tabelog.com/tokyo/A1319/A131901/13115030/,https://yoyaku.tabelog.com/yoyaku/tabelog_booking/send_remind/,https://www.google.com/maps/search/?api=1&query=%E3%83%94%E3%83%83%E3%83%84%E3%82%A7%E3%83%AA%E3%82%A2%20%E3%83%81%E3%83%BC%E3%83%AD%20%E6%9D%B1%E4%B8%AD%E9%87%8E%E5%BA%97%20%E6%9D%B1%E4%BA%AC%E9%83%BD%E4%B8%AD%E9%87%8E%E5%8C%BA%E6%9D%B1%E4%B8%AD%E9%87%8E3-8-3%20%E3%83%95%E3%82%A7%E3%83%8B%E3%83%83%E3%82%AF%E3%82%B9%E3%83%93%E3%83%AB1%EF%BC%A6,35.7070127,139.6826532,2018,ピザ,pizza,
パルテノペ 広尾店,東京都港区南麻布5-15-25 六幸館　１Ｆ,食べログ ピザ 百名店 2018,https://tabelog.com/tokyo/A1307/A130703/13005525/,https://yoyaku.tabelog.com/yoyaku/tabelog_booking/send_remind/,https://www.google.com/maps/search/?api=1&query=%E3%83%91%E3%83%AB%E3%83%86%E3%83%8E%E3%83%9A%20%E5%BA%83%E5%B0%BE%E5%BA%97%20%E6%9D%B1%E4%BA%AC%E9%83%BD%E6%B8%AF%E5%8C%BA%E5%8D%97%E9%BA%BB%E5%B8%835-15-25%20%E5%85%AD%E5%B9%B8%E9%A4%A8%E3%80%80%EF%BC%91%EF%BC%A6,35.6518409,139.7224788,2018,ピザ,pizza,
リストランテ・エ・ピッツェリア ダ・イーヴォ,東京都渋谷区広尾1-6-10 ジラッファビル 1F,食べログ ピザ 百名店 2018,https://tabelog.com/tokyo/A1303/A130302/13005489/,https://yoyaku.tabelog.com/yoyaku/tabelog_booking/send_remind/,https://www.google.com/maps/search/?api=1&query=%E3%83%AA%E3%82%B9%E3%83%88%E3%83%A9%E3%83%B3%E3%83%86%E3%83%BB%E3%82%A8%E3%83%BB%E3%83%94%E3%83%83%E3%83%84%E3%82%A7%E3%83%AA%E3%82%A2%20%E3%83%80%E3%83%BB%E3%82%A4%E3%83%BC%E3%83%B4%E3%82%A9%20%E6%9D%B1%E4%BA%AC%E9%83%BD%E6%B8%8B%E8%B0%B7%E5%8C%BA%E5%BA%83%E5%B0%BE1-6-10%20%E3%82%B8%E3%83%A9%E3%83%83%E3%83%95%E3%82%A1%E3%83%93%E3%83%AB%201F,35.6485014,139.7141807,2018,ピザ,pizza,
築地トゥットベーネ,東京都中央区築地7-10-10,食べログ ピザ 百名店 2018,https://tabelog.com/tokyo/A1313/A131301/13183253/,https://yoyaku.tabelog.com/yoyaku/tabelog_booking/send_remind/,https://www.google.com/maps/search/?api=1&query=%E7%AF%89%E5%9C%B0%E3%83%88%E3%82%A5%E3%83%83%E3%83%88%E3%83%99%E3%83%BC%E3%83%8D%20%E6%9D%B1%E4%BA%AC%E9%83%BD%E4%B8%AD%E5%A4%AE%E5%8C%BA%E7%AF%89%E5%9C%B07-10-10,35.6660591,139.7748814,2018,ピザ,pizza,
PIZZA BORSA,東京都豊島区西池袋3-30-8 渡辺ビル 1F,食べログ ピザ 百名店 2018,https://tabelog.com/tokyo/A1305/A130501/13170403/,https://yoyaku.tabelog.com/yoyaku/tabelog_booking/send_remind/,https://www.google.com/maps/search/?api=1&query=PIZZA%20BORSA%20%E6%9D%B1%E4%BA%AC%E9%83%BD%E8%B1%8A%E5%B3%B6%E5%8C%BA%E8%A5%BF%E6%B1%A0%E8%A2%8B3-30-8%20%E6%B8%A1%E8%BE%BA%E3%83%93%E3%83%AB%201F,35.7309837,139.7062049,2018,ピザ,pizza,
ピッツェリア キアッキェローネ,神奈川県横浜市中区野毛町3-158,食べログ ピザ 百名店 2018,https://tabelog.com/kanagawa/A1401/A140102/14044667/,https://tabelog.com/kanagawa/A1401/A140102/14044667/?cid=google_yoyaku,https://www.google.com/maps/search/?api=1&query=%E3%83%94%E3%83%83%E3%83%84%E3%82%A7%E3%83%AA%E3%82%A2%20%E3%82%AD%E3%82%A2%E3%83%83%E3%82%AD%E3%82%A7%E3%83%AD%E3%83%BC%E3%83%8D%20%E7%A5%9E%E5%A5%88%E5%B7%9D%E7%9C%8C%E6%A8%AA%E6%B5%9C%E5%B8%82%E4%B8%AD%E5%8C%BA%E9%87%8E%E6%AF%9B%E7%94%BA3-158,35.4483686,139.6274159,2018,ピザ,pizza,
聖林館,東京都目黒区上目黒2-6-4,食べログ ピザ 百名店 2018,https://tabelog.com/tokyo/A1317/A131701/13003188/,https://yoyaku.tabelog.com/yoyaku/tabelog_booking/send_remind/,https://www.google.com/maps/search/?api=1&query=%E8%81%96%E6%9E%97%E9%A4%A8%20%E6%9D%B1%E4%BA%AC%E9%83%BD%E7%9B%AE%E9%BB%92%E5%8C%BA%E4%B8%8A%E7%9B%AE%E9%BB%922-6-4,35.6428857,139.6990478,2018,ピザ,pizza,
イル ピッツァイオーロ,東京都世田谷区太子堂4-20-7 QG三軒茶屋 1F,食べログ ピザ 百名店 2018,https://tabelog.com/tokyo/A1317/A131706/13013741/,https://yoyaku.tabelog.com/yoyaku/tabelog_booking/send_remind/,https://www.google.com/maps/search/?api=1&query=%E3%82%A4%E3%83%AB%20%E3%83%94%E3%83%83%E3%83%84%E3%82%A1%E3%82%A4%E3%82%AA%E3%83%BC%E3%83%AD%20%E6%9D%B1%E4%BA%AC%E9%83%BD%E4%B8%96%E7%94%B0%E8%B0%B7%E5%8C%BA%E5%A4%AA%E5%AD%90%E5%A0%824-20-7%20QG%E4%B8%89%E8%BB%92%E8%8C%B6%E5%B1%8B%201F,35.6444574,139.6686704,2018,ピザ,pizza,
ガレオーネ,東京都目黒区中根1-7-3 オフィス都立大ビル1F,食べログ ピザ 百名店 2018,https://tabelog.com/tokyo/A1317/A131702/13168888/,https://yoyaku.tabelog.com/yoyaku/tabelog_booking/send_remind/,https://www.google.com/maps/search/?api=1&query=%E3%82%AC%E3%83%AC%E3%82%AA%E3%83%BC%E3%83%8D%20%E6%9D%B1%E4%BA%AC%E9%83%BD%E7%9B%AE%E9%BB%92%E5%8C%BA%E4%B8%AD%E6%A0%B91-7-3%20%E3%82%AA%E3%83%95%E3%82%A3%E3%82%B9%E9%83%BD%E7%AB%8B%E5%A4%A7%E3%83%93%E3%83%AB1F,35.6175288,139.6749668,2018,ピザ,pizza,
トニーズピザ,東京都武蔵野市吉祥寺南町1-6-9,食べログ ピザ 百名店 2018,https://tabelog.com/tokyo/A1320/A132001/13005912/,https://yoyaku.tabelog.com/yoyaku/tabelog_booking/send_remind/,https://www.google.com/maps/search/?api=1&query=%E3%83%88%E3%83%8B%E3%83%BC%E3%82%BA%E3%83%94%E3%82%B6%20%E6%9D%B1%E4%BA%AC%E9%83%BD%E6%AD%A6%E8%94%B5%E9%87%8E%E5%B8%82%E5%90%89%E7%A5%A5%E5%AF%BA%E5%8D%97%E7%94%BA1-6-9,35.7014403,139.5811108,2018,ピザ,pizza,
ピッツェリアGG 吉祥寺,東京都武蔵野市吉祥寺南町1-17-1 プレジール B1F,食べログ ピザ 百名店 2018,https://tabelog.com/tokyo/A1320/A132001/13047308/,https://yoyaku.tabelog.com/yoyaku/tabelog_booking/send_remind/,https://www.google.com/maps/search/?api=1&query=%E3%83%94%E3%83%83%E3%83%84%E3%82%A7%E3%83%AA%E3%82%A2GG%20%E5%90%89%E7%A5%A5%E5%AF%BA%20%E6%9D%B1%E4%BA%AC%E9%83%BD%E6%AD%A6%E8%94%B5%E9%87%8E%E5%B8%82%E5%90%89%E7%A5%A5%E5%AF%BA%E5%8D%97%E7%94%BA1-17-1%20%E3%83%97%E3%83%AC%E3%82%B8%E3%83%BC%E3%83%AB%20B1F,35.7009471,139.5786972,2018,ピザ,pizza,
ピッツァダバッボ,東京都中央区日本橋人形町2-21-1 FSビル １Ｆ,食べログ ピザ 百名店 2018,https://tabelog.com/tokyo/A1302/A130204/13025362/,https://yoyaku.tabelog.com/yoyaku/tabelog_booking/send_remind/,https://www.google.com/maps/search/?api=1&query=%E3%83%94%E3%83%83%E3%83%84%E3%82%A1%E3%83%80%E3%83%90%E3%83%83%E3%83%9C%20%E6%9D%B1%E4%BA%AC%E9%83%BD%E4%B8%AD%E5%A4%AE%E5%8C%BA%E6%97%A5%E6%9C%AC%E6%A9%8B%E4%BA%BA%E5%BD%A2%E7%94%BA2-21-1%20FS%E3%83%93%E3%83%AB%20%EF%BC%91%EF%BC%A6,35.6858890,139.7845480,2018,ピザ,pizza,
ナポリピッツァ Pizzeria la Rossa,東京都目黒区目黒本町5-33-25,食べログ ピザ 百名店 2018,https://tabelog.com/tokyo/A1317/A131702/13130666/,https://yoyaku.tabelog.com/yoyaku/tabelog_booking/send_remind/,https://www.google.com/maps/search/?api=1&query=%E3%83%8A%E3%83%9D%E3%83%AA%E3%83%94%E3%83%83%E3%83%84%E3%82%A1%20Pizzeria%20la%20Rossa%20%E6%9D%B1%E4%BA%AC%E9%83%BD%E7%9B%AE%E9%BB%92%E5%8C%BA%E7%9B%AE%E9%BB%92%E6%9C%AC%E7%94%BA5-33-25,35.6223597,139.6977996,2018,ピザ,pizza,
タランテッラ ダ ルイジ,東京都港区白金3-22-2-1F,食べログ ピザ 百名店 2018,https://tabelog.com/tokyo/A1316/A131602/13122166/,https://yoyaku.tabelog.com/yoyaku/tabelog_booking/send_remind/,https://www.google.com/maps/search/?api=1&query=%E3%82%BF%E3%83%A9%E3%83%B3%E3%83%86%E3%83%83%E3%83%A9%20%E3%83%80%20%E3%83%AB%E3%82%A4%E3%82%B8%20%E6%9D%B1%E4%BA%AC%E9%83%BD%E6%B8%AF%E5%8C%BA%E7%99%BD%E9%87%913-22-2-1F,35.6446552,139.7312709,2018,ピザ,pizza,
ピッツェリア イル・タンブレッロ,東京都中央区日本橋堀留町1-2-9 DIG DUG１階,食べログ ピザ 百名店 2018,https://tabelog.com/tokyo/A1302/A130204/13114239/,https://yoyaku.tabelog.com/yoyaku/tabelog_booking/send_remind/,https://www.google.com/maps/search/?api=1&query=%E3%83%94%E3%83%83%E3%83%84%E3%82%A7%E3%83%AA%E3%82%A2%20%E3%82%A4%E3%83%AB%E3%83%BB%E3%82%BF%E3%83%B3%E3%83%96%E3%83%AC%E3%83%83%E3%83%AD%20%E6%9D%B1%E4%BA%AC%E9%83%BD%E4%B8%AD%E5%A4%AE%E5%8C%BA%E6%97%A5%E6%9C%AC%E6%A9%8B%E5%A0%80%E7%95%99%E7%94%BA1-2-9%20DIG%20DUG%EF%BC%91%E9%9A%8E,35.6886220,139.7788646,2018,ピザ,pizza,
ベントエマーレ,東京都品川区西五反田5-26-10 1F,食べログ ピザ 百名店 2018,https://tabelog.com/tokyo/A1317/A131710/13114520/,https://yoyaku.tabelog.com/yoyaku/tabelog_booking/send_remind/,https://www.google.com/maps/search/?api=1&query=%E3%83%99%E3%83%B3%E3%83%88%E3%82%A8%E3%83%9E%E3%83%BC%E3%83%AC%20%E6%9D%B1%E4%BA%AC%E9%83%BD%E5%93%81%E5%B7%9D%E5%8C%BA%E8%A5%BF%E4%BA%94%E5%8F%8D%E7%94%B05-26-10%201F,35.6235669,139.7111984,2018,ピザ,pizza,
ピッツェリア アル フォルノ,東京都渋谷区桜丘町2-3 第二富士商事ビル 1F,食べログ ピザ 百名店 2018,https://tabelog.com/tokyo/A1303/A130301/13045839/,https://yoyaku.tabelog.com/yoyaku/tabelog_booking/send_remind/,https://www.google.com/maps/search/?api=1&query=%E3%83%94%E3%83%83%E3%83%84%E3%82%A7%E3%83%AA%E3%82%A2%20%E3%82%A2%E3%83%AB%20%E3%83%95%E3%82%A9%E3%83%AB%E3%83%8E%20%E6%9D%B1%E4%BA%AC%E9%83%BD%E6%B8%8B%E8%B0%B7%E5%8C%BA%E6%A1%9C%E4%B8%98%E7%94%BA2-3%20%E7%AC%AC%E4%BA%8C%E5%AF%8C%E5%A3%AB%E5%95%86%E4%BA%8B%E3%83%93%E3%83%AB%201F,35.6569342,139.7017816,2018,ピザ,pizza,
アランジャルシ,東京都文京区湯島4-6-17 丸島ビル１F,食べログ ピザ 百名店 2018,https://tabelog.com/tokyo/A1311/A131101/13057017/,https://yoyaku.tabelog.com/yoyaku/tabelog_booking/send_remind/,https://www.google.com/maps/search/?api=1&query=%E3%82%A2%E3%83%A9%E3%83%B3%E3%82%B8%E3%83%A3%E3%83%AB%E3%82%B7%20%E6%9D%B1%E4%BA%AC%E9%83%BD%E6%96%87%E4%BA%AC%E5%8C%BA%E6%B9%AF%E5%B3%B64-6-17%20%E4%B8%B8%E5%B3%B6%E3%83%93%E3%83%AB%EF%BC%91F,35.7079311,139.7672937,2018,ピザ,pizza,
Pizzeria Bakka M'unica,東京都品川区東大井1-3-17 コーポマルイノ 1F,食べログ ピザ 百名店 2018,https://tabelog.com/tokyo/A1315/A131501/13182694/,https://tabelog.com/tokyo/A1315/A131501/13182694/?cid=google_yoyaku,https://www.google.com/maps/search/?api=1&query=Pizzeria%20Bakka%20M%27unica%20%E6%9D%B1%E4%BA%AC%E9%83%BD%E5%93%81%E5%B7%9D%E5%8C%BA%E6%9D%B1%E5%A4%A7%E4%BA%951-3-17%20%E3%82%B3%E3%83%BC%E3%83%9D%E3%83%9E%E3%83%AB%E3%82%A4%E3%83%8E%201F,35.6049488,139.7434071,2018,ピザ,pizza,
ザ ピッツァバー ON 38TH,東京都中央区日本橋室町2-1-1 マンダリンオリエンタル東京 38F,食べログ ピザ 百名店 2018,https://tabelog.com/tokyo/A1310/A131002/13167573/,https://yoyaku.tabelog.com/yoyaku/tabelog_booking/send_remind/,https://www.google.com/maps/search/?api=1&query=%E3%82%B6%20%E3%83%94%E3%83%83%E3%83%84%E3%82%A1%E3%83%90%E3%83%BC%20ON%2038TH%20%E6%9D%B1%E4%BA%AC%E9%83%BD%E4%B8%AD%E5%A4%AE%E5%8C%BA%E6%97%A5%E6%9C%AC%E6%A9%8B%E5%AE%A4%E7%94%BA2-1-1%20%E3%83%9E%E3%83%B3%E3%83%80%E3%83%AA%E3%83%B3%E3%82%AA%E3%83%AA%E3%82%A8%E3%83%B3%E3%82%BF%E3%83%AB%E6%9D%B1%E4%BA%AC%2038F,35.6869830,139.7730422,2018,ピザ,pizza,
Trattoria&Pizzeria LOGIC 横浜,神奈川県横浜市西区北幸2-2-1 ハマボール イアス,食べログ ピザ 百名店 2018,https://tabelog.com/kanagawa/A1401/A140101/14021003/,https://yoyaku.tabelog.com/yoyaku/tabelog_booking/send_remind/,https://www.google.com/maps/search/?api=1&query=Trattoria%26Pizzeria%20LOGIC%20%E6%A8%AA%E6%B5%9C%20%E7%A5%9E%E5%A5%88%E5%B7%9D%E7%9C%8C%E6%A8%AA%E6%B5%9C%E5%B8%82%E8%A5%BF%E5%8C%BA%E5%8C%97%E5%B9%B82-2-1%20%E3%83%8F%E3%83%9E%E3%83%9C%E3%83%BC%E3%83%AB%20%E3%82%A4%E3%82%A2%E3%82%B9,35.4658565,139.6175388,2018,ピザ,pizza,
SAVOY 三宿通り店,東京都世田谷区下馬1-23-13 フェルテロアール祐天寺　１Ｆ,食べログ ピザ 百名店 2018,https://tabelog.com/tokyo/A1317/A131701/13024109/,https://tabelog.com/tokyo/A1317/A131701/13024109/?cid=google_yoyaku,https://www.google.com/maps/search/?api=1&query=SAVOY%20%E4%B8%89%E5%AE%BF%E9%80%9A%E3%82%8A%E5%BA%97%20%E6%9D%B1%E4%BA%AC%E9%83%BD%E4%B8%96%E7%94%B0%E8%B0%B7%E5%8C%BA%E4%B8%8B%E9%A6%AC1-23-13%20%E3%83%95%E3%82%A7%E3%83%AB%E3%83%86%E3%83%AD%E3%82%A2%E3%83%BC%E3%83%AB%E7%A5%90%E5%A4%A9%E5%AF%BA%E3%80%80%EF%BC%91%EF%BC%A6,35.6378070,139.6835583,2018,ピザ,pizza,
ピッツェリア ジターリア ダ フィリッポ,東京都練馬区石神井町2-13-5 グリーンハイム たちばな 1F,食べログ ピザ 百名店 2018,https://tabelog.com/tokyo/A1321/A132103/13149962/,https://yoyaku.tabelog.com/yoyaku/tabelog_booking/send_remind/,https://www.google.com/maps/search/?api=1&query=%E3%83%94%E3%83%83%E3%83%84%E3%82%A7%E3%83%AA%E3%82%A2%20%E3%82%B8%E3%82%BF%E3%83%BC%E3%83%AA%E3%82%A2%20%E3%83%80%20%E3%83%95%E3%82%A3%E3%83%AA%E3%83%83%E3%83%9D%20%E6%9D%B1%E4%BA%AC%E9%83%BD%E7%B7%B4%E9%A6%AC%E5%8C%BA%E7%9F%B3%E7%A5%9E%E4%BA%95%E7%94%BA2-13-5%20%E3%82%B0%E3%83%AA%E3%83%BC%E3%83%B3%E3%83%8F%E3%82%A4%E3%83%A0%20%E3%81%9F%E3%81%A1%E3%81%B0%E3%81%AA%201F,35.7444315,139.6089901,2018,ピザ,pizza,
ピッツェリア ファッブリカ 1090,神奈川県川崎市中原区木月3-9-32,食べログ ピザ 百名店 2018,https://tabelog.com/kanagawa/A1405/A140504/14039484/,https://yoyaku.tabelog.com/yoyaku/tabelog_booking/send_remind/,https://www.google.com/maps/search/?api=1&query=%E3%83%94%E3%83%83%E3%83%84%E3%82%A7%E3%83%AA%E3%82%A2%20%E3%83%95%E3%82%A1%E3%83%83%E3%83%96%E3%83%AA%E3%82%AB%201090%20%E7%A5%9E%E5%A5%88%E5%B7%9D%E7%9C%8C%E5%B7%9D%E5%B4%8E%E5%B8%82%E4%B8%AD%E5%8E%9F%E5%8C%BA%E6%9C%A8%E6%9C%883-9-32,35.5653936,139.6489861,2018,ピザ,pizza,
ピッツェリア パーレンテッシ,東京都目黒区東山3-6-8 エクセル東山 2F,食べログ ピザ 百名店 2018,https://tabelog.com/tokyo/A1317/A131705/13006076/,https://yoyaku.tabelog.com/yoyaku/tabelog_booking/send_remind/,https://www.google.com/maps/search/?api=1&query=%E3%83%94%E3%83%83%E3%83%84%E3%82%A7%E3%83%AA%E3%82%A2%20%E3%83%91%E3%83%BC%E3%83%AC%E3%83%B3%E3%83%86%E3%83%83%E3%82%B7%20%E6%9D%B1%E4%BA%AC%E9%83%BD%E7%9B%AE%E9%BB%92%E5%8C%BA%E6%9D%B1%E5%B1%B13-6-8%20%E3%82%A8%E3%82%AF%E3%82%BB%E3%83%AB%E6%9D%B1%E5%B1%B1%202F,35.6497418,139.6872539,2018,ピザ,pizza,
リストランテ ピッツェリア ジャンカルロ トウキョウ,東京都港区麻布台3-4-14 麻布台マンション 1F,食べログ ピザ 百名店 2018,https://tabelog.com/tokyo/A1307/A130701/13210568/,https://tabelog.com/tokyo/A1307/A130701/13210568/?cid=google_yoyaku,https://www.google.com/maps/search/?api=1&query=%E3%83%AA%E3%82%B9%E3%83%88%E3%83%A9%E3%83%B3%E3%83%86%20%E3%83%94%E3%83%83%E3%83%84%E3%82%A7%E3%83%AA%E3%82%A2%20%E3%82%B8%E3%83%A3%E3%83%B3%E3%82%AB%E3%83%AB%E3%83%AD%20%E3%83%88%E3%82%A6%E3%82%AD%E3%83%A7%E3%82%A6%20%E6%9D%B1%E4%BA%AC%E9%83%BD%E6%B8%AF%E5%8C%BA%E9%BA%BB%E5%B8%83%E5%8F%B03-4-14%20%E9%BA%BB%E5%B8%83%E5%8F%B0%E3%83%9E%E3%83%B3%E3%82%B7%E3%83%A7%E3%83%B3%201F,35.6604507,139.7392058,2018,ピザ,pizza,
DADA,神奈川県鎌倉市雪ノ下1-11-2 雪ノ下ビル　１Ｆ,食べログ ピザ 百名店 2018,https://tabelog.com/kanagawa/A1404/A140402/14039433/,https://yoyaku.tabelog.com/yoyaku/tabelog_booking/send_remind/,https://www.google.com/maps/search/?api=1&query=DADA%20%E7%A5%9E%E5%A5%88%E5%B7%9D%E7%9C%8C%E9%8E%8C%E5%80%89%E5%B8%82%E9%9B%AA%E3%83%8E%E4%B8%8B1-11-2%20%E9%9B%AA%E3%83%8E%E4%B8%8B%E3%83%93%E3%83%AB%E3%80%80%EF%BC%91%EF%BC%A6,35.3225664,139.5545129,2018,ピザ,pizza,
ピッツェリア チーロ 桜新町店,東京都世田谷区桜新町1-8-9 丸新ビル 1F,食べログ ピザ 百名店 2018,https://tabelog.com/tokyo/A1317/A131707/13174465/,https://tabelog.com/tokyo/A1317/A131707/13174465/?cid=google_yoyaku,https://www.google.com/maps/search/?api=1&query=%E3%83%94%E3%83%83%E3%83%84%E3%82%A7%E3%83%AA%E3%82%A2%20%E3%83%81%E3%83%BC%E3%83%AD%20%E6%A1%9C%E6%96%B0%E7%94%BA%E5%BA%97%20%E6%9D%B1%E4%BA%AC%E9%83%BD%E4%B8%96%E7%94%B0%E8%B0%B7%E5%8C%BA%E6%A1%9C%E6%96%B0%E7%94%BA1-8-9%20%E4%B8%B8%E6%96%B0%E3%83%93%E3%83%AB%201F,35.6299249,139.6441115,2018,ピザ,pizza,
SAVOY 麻布十番店,東京都港区元麻布3-10-1 中岡ビル　２Ｆ,食べログ ピザ 百名店 2018,https://tabelog.com/tokyo/A1307/A130702/13036875/,https://yoyaku.tabelog.com/yoyaku/tabelog_booking/send_remind/,https://www.google.com/maps/search/?api=1&query=SAVOY%20%E9%BA%BB%E5%B8%83%E5%8D%81%E7%95%AA%E5%BA%97%20%E6%9D%B1%E4%BA%AC%E9%83%BD%E6%B8%AF%E5%8C%BA%E5%85%83%E9%BA%BB%E5%B8%833-10-1%20%E4%B8%AD%E5%B2%A1%E3%83%93%E3%83%AB%E3%80%80%EF%BC%92%EF%BC%A6,35.6574397,139.7322693,2018,ピザ,pizza,
Pizzeria LUMEN,東京都新宿区歌舞伎町2-8-3 最上ビル新宿　１Ｆ,食べログ ピザ 百名店 2018,https://tabelog.com/tokyo/A1304/A130401/13025499/,https://yoyaku.tabelog.com/yoyaku/tabelog_booking/send_remind/,https://www.google.com/maps/search/?api=1&query=Pizzeria%20LUMEN%20%E6%9D%B1%E4%BA%AC%E9%83%BD%E6%96%B0%E5%AE%BF%E5%8C%BA%E6%AD%8C%E8%88%9E%E4%BC%8E%E7%94%BA2-8-3%20%E6%9C%80%E4%B8%8A%E3%83%93%E3%83%AB%E6%96%B0%E5%AE%BF%E3%80%80%EF%BC%91%EF%BC%A6,35.6949824,139.7058050,2018,ピザ,pizza,
ヴォメロ,東京都中央区銀座3-12-8 NKCビル 1F,食べログ ピザ 百名店 2018,https://tabelog.com/tokyo/A1301/A130101/13139857/,https://tabelog.com/tokyo/A1301/A130101/13139857/?cid=google_yoyaku,https://www.google.com/maps/search/?api=1&query=%E3%83%B4%E3%82%A9%E3%83%A1%E3%83%AD%20%E6%9D%B1%E4%BA%AC%E9%83%BD%E4%B8%AD%E5%A4%AE%E5%8C%BA%E9%8A%80%E5%BA%A73-12-8%20NKC%E3%83%93%E3%83%AB%201F,35.6704566,139.7689499,2018,ピザ,pizza,
ピッツェリア ロマーナ ジャニコロ,東京都港区麻布十番2-8-8 渡邊ビルB1F,食べログ ピザ 百名店 2018,https://tabelog.com/tokyo/A1307/A130702/13122753/,https://tabelog.com/tokyo/A1307/A130702/13122753/?cid=google_yoyaku,https://www.google.com/maps/search/?api=1&query=%E3%83%94%E3%83%83%E3%83%84%E3%82%A7%E3%83%AA%E3%82%A2%20%E3%83%AD%E3%83%9E%E3%83%BC%E3%83%8A%20%E3%82%B8%E3%83%A3%E3%83%8B%E3%82%B3%E3%83%AD%20%E6%9D%B1%E4%BA%AC%E9%83%BD%E6%B8%AF%E5%8C%BA%E9%BA%BB%E5%B8%83%E5%8D%81%E7%95%AA2-8-8%20%E6%B8%A1%E9%82%8A%E3%83%93%E3%83%ABB1F,35.6554281,139.7348306,2018,ピザ,pizza,
ラッテリア ベベ  カマクラ,神奈川県鎌倉市御成町11-17,食べログ ピザ 百名店 2018,https://tabelog.com/kanagawa/A1404/A140402/14058636/,https://yoyaku.tabelog.com/yoyaku/tabelog_booking/send_remind/,https://www.google.com/maps/search/?api=1&query=%E3%83%A9%E3%83%83%E3%83%86%E3%83%AA%E3%82%A2%20%E3%83%99%E3%83%99%20%20%E3%82%AB%E3%83%9E%E3%82%AF%E3%83%A9%20%E7%A5%9E%E5%A5%88%E5%B7%9D%E7%9C%8C%E9%8E%8C%E5%80%89%E5%B8%82%E5%BE%A1%E6%88%90%E7%94%BA11-17,35.3186574,139.5493509,2018,ピザ,pizza,
ラ・ピッコラ・ターヴォラ,東京都杉並区永福4-2-4,食べログ ピザ 百名店 2018,https://tabelog.com/tokyo/A1318/A131805/13005575/,https://yoyaku.tabelog.com/yoyaku/tabelog_booking/send_remind/,https://www.google.com/maps/search/?api=1&query=%E3%83%A9%E3%83%BB%E3%83%94%E3%83%83%E3%82%B3%E3%83%A9%E3%83%BB%E3%82%BF%E3%83%BC%E3%83%B4%E3%82%A9%E3%83%A9%20%E6%9D%B1%E4%BA%AC%E9%83%BD%E6%9D%89%E4%B8%A6%E5%8C%BA%E6%B0%B8%E7%A6%8F4-2-4,35.6769134,139.6435660,2018,ピザ,pizza,
ピッツェリアGG 鎌倉,神奈川県鎌倉市由比ガ浜2-9-62 1F,食べログ ピザ 百名店 2018,https://tabelog.com/kanagawa/A1404/A140402/14051790/,https://yoyaku.tabelog.com/yoyaku/tabelog_booking/send_remind/,https://www.google.com/maps/search/?api=1&query=%E3%83%94%E3%83%83%E3%83%84%E3%82%A7%E3%83%AA%E3%82%A2GG%20%E9%8E%8C%E5%80%89%20%E7%A5%9E%E5%A5%88%E5%B7%9D%E7%9C%8C%E9%8E%8C%E5%80%89%E5%B8%82%E7%94%B1%E6%AF%94%E3%82%AC%E6%B5%9C2-9-62%201F,35.3145732,139.5491229,2018,ピザ,pizza,
ナプレ 横浜高島屋店,神奈川県横浜市西区南幸1-6-31 横浜タカシマヤ 8F,食べログ ピザ 百名店 2018,https://tabelog.com/kanagawa/A1401/A140101/14029630/,https://yoyaku.tabelog.com/yoyaku/tabelog_booking/send_remind/,https://www.google.com/maps/search/?api=1&query=%E3%83%8A%E3%83%97%E3%83%AC%20%E6%A8%AA%E6%B5%9C%E9%AB%98%E5%B3%B6%E5%B1%8B%E5%BA%97%20%E7%A5%9E%E5%A5%88%E5%B7%9D%E7%9C%8C%E6%A8%AA%E6%B5%9C%E5%B8%82%E8%A5%BF%E5%8C%BA%E5%8D%97%E5%B9%B81-6-31%20%E6%A8%AA%E6%B5%9C%E3%82%BF%E3%82%AB%E3%82%B7%E3%83%9E%E3%83%A4%208F,35.4656587,139.6207236,2018,ピザ,pizza,
ピッツェリア カンテラ,東京都渋谷区神宮前6-28-6 Q plaza HARAJUKU 9F,食べログ ピザ 百名店 2018,https://tabelog.com/tokyo/A1306/A130601/13180224/,https://yoyaku.tabelog.com/yoyaku/tabelog_booking/send_remind/,https://www.google.com/maps/search/?api=1&query=%E3%83%94%E3%83%83%E3%83%84%E3%82%A7%E3%83%AA%E3%82%A2%20%E3%82%AB%E3%83%B3%E3%83%86%E3%83%A9%20%E6%9D%B1%E4%BA%AC%E9%83%BD%E6%B8%8B%E8%B0%B7%E5%8C%BA%E7%A5%9E%E5%AE%AE%E5%89%8D6-28-6%20Q%20plaza%20HARAJUKU%209F,35.6670906,139.7039759,2018,ピザ,pizza,
ピッツァマン オオイマチ,東京都品川区大井1-11-8,食べログ ピザ 百名店 2018,https://tabelog.com/tokyo/A1315/A131501/13113311/,https://yoyaku.tabelog.com/yoyaku/tabelog_booking/send_remind/,https://www.google.com/maps/search/?api=1&query=%E3%83%94%E3%83%83%E3%83%84%E3%82%A1%E3%83%9E%E3%83%B3%20%E3%82%AA%E3%82%AA%E3%82%A4%E3%83%9E%E3%83%81%20%E6%9D%B1%E4%BA%AC%E9%83%BD%E5%93%81%E5%B7%9D%E5%8C%BA%E5%A4%A7%E4%BA%951-11-8,35.6075067,139.7319989,2018,ピザ,pizza,
ナポリスタカ 神谷町店,東京都港区麻布台1-11-4 いんなあとりっぷビル１Ｆ,食べログ ピザ 百名店 2018,https://tabelog.com/tokyo/A1307/A130704/13132020/,https://tabelog.com/tokyo/A1307/A130704/13132020/?cid=google_yoyaku,https://www.google.com/maps/search/?api=1&query=%E3%83%8A%E3%83%9D%E3%83%AA%E3%82%B9%E3%82%BF%E3%82%AB%20%E7%A5%9E%E8%B0%B7%E7%94%BA%E5%BA%97%20%E6%9D%B1%E4%BA%AC%E9%83%BD%E6%B8%AF%E5%8C%BA%E9%BA%BB%E5%B8%83%E5%8F%B01-11-4%20%E3%81%84%E3%82%93%E3%81%AA%E3%81%82%E3%81%A8%E3%82%8A%E3%81%A3%E3%81%B7%E3%83%93%E3%83%AB%EF%BC%91%EF%BC%A6,35.6602007,139.7432565,2018,ピザ,pizza,
ピッツェリア ヴィスコンティ,神奈川県横浜市中区山下町276-5 ルグラン元町,食べログ ピザ 百名店 2018,https://tabelog.com/kanagawa/A1401/A140105/14002467/,https://yoyaku.tabelog.com/yoyaku/tabelog_booking/send_remind/,https://www.google.com/maps/search/?api=1&query=%E3%83%94%E3%83%83%E3%83%84%E3%82%A7%E3%83%AA%E3%82%A2%20%E3%83%B4%E3%82%A3%E3%82%B9%E3%82%B3%E3%83%B3%E3%83%86%E3%82%A3%20%E7%A5%9E%E5%A5%88%E5%B7%9D%E7%9C%8C%E6%A8%AA%E6%B5%9C%E5%B8%82%E4%B8%AD%E5%8C%BA%E5%B1%B1%E4%B8%8B%E7%94%BA276-5%20%E3%83%AB%E3%82%B0%E3%83%A9%E3%83%B3%E5%85%83%E7%94%BA,35.4401061,139.6447014,2018,ピザ,pizza,
シシリヤ,神奈川県横浜市中区相生町1-7 和同ビル　１Ｆ,食べログ ピザ 百名店 2018,https://tabelog.com/kanagawa/A1401/A140104/14001040/,https://yoyaku.tabelog.com/yoyaku/tabelog_booking/send_remind/,https://www.google.com/maps/search/?api=1&query=%E3%82%B7%E3%82%B7%E3%83%AA%E3%83%A4%20%E7%A5%9E%E5%A5%88%E5%B7%9D%E7%9C%8C%E6%A8%AA%E6%B5%9C%E5%B8%82%E4%B8%AD%E5%8C%BA%E7%9B%B8%E7%94%9F%E7%94%BA1-7%20%E5%92%8C%E5%90%8C%E3%83%93%E3%83%AB%E3%80%80%EF%BC%91%EF%BC%A6,35.4461362,139.6392761,2018,ピザ,pizza,
エノテカピッツェリア 神楽坂スタジオーネ,東京都新宿区神楽坂3-1 クレール神楽坂ＩＩＩ　５Ｆ,食べログ ピザ 百名店 2018,https://tabelog.com/tokyo/A1309/A130905/13055365/,https://tabelog.com/tokyo/A1309/A130905/13055365/?cid=google_yoyaku,https://www.google.com/maps/search/?api=1&query=%E3%82%A8%E3%83%8E%E3%83%86%E3%82%AB%E3%83%94%E3%83%83%E3%83%84%E3%82%A7%E3%83%AA%E3%82%A2%20%E7%A5%9E%E6%A5%BD%E5%9D%82%E3%82%B9%E3%82%BF%E3%82%B8%E3%82%AA%E3%83%BC%E3%83%8D%20%E6%9D%B1%E4%BA%AC%E9%83%BD%E6%96%B0%E5%AE%BF%E5%8C%BA%E7%A5%9E%E6%A5%BD%E5%9D%823-1%20%E3%82%AF%E3%83%AC%E3%83%BC%E3%83%AB%E7%A5%9E%E6%A5%BD%E5%9D%82%EF%BC%A9%EF%BC%A9%EF%BC%A9%E3%80%80%EF%BC%95%EF%BC%A6,35.7017340,139.7411066,2018,ピザ,pizza,
ピッツェリア ダ・アオキ タッポスト,東京都練馬区早宮4-37-29 ラフィット豊島園　１Ｆ,食べログ ピザ 百名店 2018,https://tabelog.com/tokyo/A1321/A132102/13015826/,https://yoyaku.tabelog.com/yoyaku/tabelog_booking/send_remind/,https://www.google.com/maps/search/?api=1&query=%E3%83%94%E3%83%83%E3%83%84%E3%82%A7%E3%83%AA%E3%82%A2%20%E3%83%80%E3%83%BB%E3%82%A2%E3%82%AA%E3%82%AD%20%E3%82%BF%E3%83%83%E3%83%9D%E3%82%B9%E3%83%88%20%E6%9D%B1%E4%BA%AC%E9%83%BD%E7%B7%B4%E9%A6%AC%E5%8C%BA%E6%97%A9%E5%AE%AE4-37-29%20%E3%83%A9%E3%83%95%E3%82%A3%E3%83%83%E3%83%88%E8%B1%8A%E5%B3%B6%E5%9C%92%E3%80%80%EF%BC%91%EF%BC%A6,35.7478533,139.6494166,2018,ピザ,pizza,
ベッラ・ナポリ,東京都江東区高橋9-3,食べログ ピザ 百名店 2018,https://tabelog.com/tokyo/A1312/A131201/13005043/,https://yoyaku.tabelog.com/yoyaku/tabelog_booking/send_remind/,https://www.google.com/maps/search/?api=1&query=%E3%83%99%E3%83%83%E3%83%A9%E3%83%BB%E3%83%8A%E3%83%9D%E3%83%AA%20%E6%9D%B1%E4%BA%AC%E9%83%BD%E6%B1%9F%E6%9D%B1%E5%8C%BA%E9%AB%98%E6%A9%8B9-3,35.6853388,139.7990972,2018,ピザ,pizza,
トラットリア エ ピッツェリア アミーチ,茨城県つくば市手代木286-1,食べログ ピザ 百名店 2018,https://tabelog.com/ibaraki/A0802/A080201/8000842/,https://yoyaku.tabelog.com/yoyaku/tabelog_booking/send_remind/,https://www.google.com/maps/search/?api=1&query=%E3%83%88%E3%83%A9%E3%83%83%E3%83%88%E3%83%AA%E3%82%A2%20%E3%82%A8%20%E3%83%94%E3%83%83%E3%83%84%E3%82%A7%E3%83%AA%E3%82%A2%20%E3%82%A2%E3%83%9F%E3%83%BC%E3%83%81%20%E8%8C%A8%E5%9F%8E%E7%9C%8C%E3%81%A4%E3%81%8F%E3%81%B0%E5%B8%82%E6%89%8B%E4%BB%A3%E6%9C%A8286-1,36.0600676,140.1087196,2018,ピザ,pizza,
アンティーカ・ピッツェリア・ダ・ミケーレ 恵比寿,東京都渋谷区恵比寿4-4-7,食べログ ピザ 百名店 2018,https://tabelog.com/tokyo/A1303/A130302/13136144/,https://tabelog.com/tokyo/A1303/A130302/13136144/?cid=google_yoyaku,https://www.google.com/maps/search/?api=1&query=%E3%82%A2%E3%83%B3%E3%83%86%E3%82%A3%E3%83%BC%E3%82%AB%E3%83%BB%E3%83%94%E3%83%83%E3%83%84%E3%82%A7%E3%83%AA%E3%82%A2%E3%83%BB%E3%83%80%E3%83%BB%E3%83%9F%E3%82%B1%E3%83%BC%E3%83%AC%20%E6%81%B5%E6%AF%94%E5%AF%BF%20%E6%9D%B1%E4%BA%AC%E9%83%BD%E6%B8%8B%E8%B0%B7%E5%8C%BA%E6%81%B5%E6%AF%94%E5%AF%BF4-4-7,35.6452723,139.7117796,2018,ピザ,pizza,
カトリカ,東京都墨田区東向島5丁目29-6,食べログ ピザ 百名店 2018,https://tabelog.com/tokyo/A1312/A131203/13040601/,https://yoyaku.tabelog.com/yoyaku/tabelog_booking/send_remind/,https://www.google.com/maps/search/?api=1&query=%E3%82%AB%E3%83%88%E3%83%AA%E3%82%AB%20%E6%9D%B1%E4%BA%AC%E9%83%BD%E5%A2%A8%E7%94%B0%E5%8C%BA%E6%9D%B1%E5%90%91%E5%B3%B65%E4%B8%81%E7%9B%AE29-6,35.7280357,139.8218883,2018,ピザ,pizza,
ヴァカンツァ,東京都渋谷区恵比寿4-27-2 １Ｆ・２Ｆ,食べログ ピザ 百名店 2018,https://tabelog.com/tokyo/A1303/A130302/13007135/,https://yoyaku.tabelog.com/yoyaku/tabelog_booking/send_remind/,https://www.google.com/maps/search/?api=1&query=%E3%83%B4%E3%82%A1%E3%82%AB%E3%83%B3%E3%83%84%E3%82%A1%20%E6%9D%B1%E4%BA%AC%E9%83%BD%E6%B8%8B%E8%B0%B7%E5%8C%BA%E6%81%B5%E6%AF%94%E5%AF%BF4-27-2%20%EF%BC%91%EF%BC%A6%E3%83%BB%EF%BC%92%EF%BC%A6,35.6457322,139.7150206,2018,ピザ,pizza,
イ・ロッタ,東京都目黒区下目黒1-5-21 目黒ＤＫウェスト　１Ｆ,食べログ ピザ 百名店 2018,https://tabelog.com/tokyo/A1316/A131601/13003385/,https://tabelog.com/tokyo/A1316/A131601/13003385/?cid=google_yoyaku,https://www.google.com/maps/search/?api=1&query=%E3%82%A4%E3%83%BB%E3%83%AD%E3%83%83%E3%82%BF%20%E6%9D%B1%E4%BA%AC%E9%83%BD%E7%9B%AE%E9%BB%92%E5%8C%BA%E4%B8%8B%E7%9B%AE%E9%BB%921-5-21%20%E7%9B%AE%E9%BB%92%EF%BC%A4%EF%BC%AB%E3%82%A6%E3%82%A7%E3%82%B9%E3%83%88%E3%80%80%EF%BC%91%EF%BC%A6,35.6343116,139.7124069,2018,ピザ,pizza,
フレイズ フェイマス ピッツェリア,東京都港区六本木4-5-15 1F,食べログ ピザ 百名店 2018,https://tabelog.com/tokyo/A1307/A130701/13124749/,https://yoyaku.tabelog.com/yoyaku/tabelog_booking/send_remind/,https://www.google.com/maps/search/?api=1&query=%E3%83%95%E3%83%AC%E3%82%A4%E3%82%BA%20%E3%83%95%E3%82%A7%E3%82%A4%E3%83%9E%E3%82%B9%20%E3%83%94%E3%83%83%E3%83%84%E3%82%A7%E3%83%AA%E3%82%A2%20%E6%9D%B1%E4%BA%AC%E9%83%BD%E6%B8%AF%E5%8C%BA%E5%85%AD%E6%9C%AC%E6%9C%A84-5-15%201F,35.6651627,139.7326281,2018,ピザ,pizza,
ラ フィーリア デル プレジデンテ,神奈川県横浜市中区常盤町5-59,食べログ ピザ 百名店 2018,https://tabelog.com/kanagawa/A1401/A140104/14064550/,https://yoyaku.tabelog.com/yoyaku/tabelog_booking/send_remind/,https://www.google.com/maps/search/?api=1&query=%E3%83%A9%20%E3%83%95%E3%82%A3%E3%83%BC%E3%83%AA%E3%82%A2%20%E3%83%87%E3%83%AB%20%E3%83%97%E3%83%AC%E3%82%B8%E3%83%87%E3%83%B3%E3%83%86%20%E7%A5%9E%E5%A5%88%E5%B7%9D%E7%9C%8C%E6%A8%AA%E6%B5%9C%E5%B8%82%E4%B8%AD%E5%8C%BA%E5%B8%B8%E7%9B%A4%E7%94%BA5-59,35.4472511,139.6351467,2018,ピザ,pizza,
ピッツァ ケベロス 明治神宮前店,東京都渋谷区神宮前6-12-4 ヒダノビル 1F,食べログ ピザ 百名店 2018,https://tabelog.com/tokyo/A1306/A130601/13171079/,https://tabelog.com/tokyo/A1306/A130601/13171079/?cid=google_yoyaku,https://www.google.com/maps/search/?api=1&query=%E3%83%94%E3%83%83%E3%83%84%E3%82%A1%20%E3%82%B1%E3%83%99%E3%83%AD%E3%82%B9%20%E6%98%8E%E6%B2%BB%E7%A5%9E%E5%AE%AE%E5%89%8D%E5%BA%97%20%E6%9D%B1%E4%BA%AC%E9%83%BD%E6%B8%8B%E8%B0%B7%E5%8C%BA%E7%A5%9E%E5%AE%AE%E5%89%8D6-12-4%20%E3%83%92%E3%83%80%E3%83%8E%E3%83%93%E3%83%AB%201F,35.6663810,139.7048387,2018,ピザ,pizza,
zio,東京都千代田区九段北4-1-31 一口坂ハイム 1F,食べログ ピザ 百名店 2018,https://tabelog.com/tokyo/A1309/A130905/13020488/,https://tabelog.com/tokyo/A1309/A130904/13020488/?cid=google_yoyaku,https://www.google.com/maps/search/?api=1&query=zio%20%E6%9D%B1%E4%BA%AC%E9%83%BD%E5%8D%83%E4%BB%A3%E7%94%B0%E5%8C%BA%E4%B9%9D%E6%AE%B5%E5%8C%974-1-31%20%E4%B8%80%E5%8F%A3%E5%9D%82%E3%83%8F%E3%82%A4%E3%83%A0%201F,35.6933337,139.7403912,2018,ピザ,pizza,
da GIORGIO,東京都文京区湯島3-37-14 ソルミオビル 1F 2F,食べログ ピザ 百名店 2018,https://tabelog.com/tokyo/A1311/A131101/13170979/,https://yoyaku.tabelog.com/yoyaku/tabelog_booking/send_remind/,https://www.google.com/maps/search/?api=1&query=da%20GIORGIO%20%E6%9D%B1%E4%BA%AC%E9%83%BD%E6%96%87%E4%BA%AC%E5%8C%BA%E6%B9%AF%E5%B3%B63-37-14%20%E3%82%BD%E3%83%AB%E3%83%9F%E3%82%AA%E3%83%93%E3%83%AB%201F%202F,35.7075037,139.7715188,2018,ピザ,pizza,
パルテノペ 恵比寿店,東京都渋谷区恵比寿1-22-20 恵比寿幸和ビル 1F,食べログ ピザ 百名店 2018,https://tabelog.com/tokyo/A1303/A130302/13005480/,https://tabelog.com/tokyo/A1303/A130302/13005480/?cid=google_yoyaku,https://www.google.com/maps/search/?api=1&query=%E3%83%91%E3%83%AB%E3%83%86%E3%83%8E%E3%83%9A%20%E6%81%B5%E6%AF%94%E5%AF%BF%E5%BA%97%20%E6%9D%B1%E4%BA%AC%E9%83%BD%E6%B8%8B%E8%B0%B7%E5%8C%BA%E6%81%B5%E6%AF%94%E5%AF%BF1-22-20%20%E6%81%B5%E6%AF%94%E5%AF%BF%E5%B9%B8%E5%92%8C%E3%83%93%E3%83%AB%201F,35.6461690,139.7139842,2018,ピザ,pizza,
PIZZERIA CAPOLI,東京都新宿区新宿4-1-9 新宿ユースビルPAX B1F,食べログ ピザ 百名店 2018,https://tabelog.com/tokyo/A1304/A130401/13123990/,https://tabelog.com/tokyo/A1304/A130401/13123990/?cid=google_yoyaku,https://www.google.com/maps/search/?api=1&query=PIZZERIA%20CAPOLI%20%E6%9D%B1%E4%BA%AC%E9%83%BD%E6%96%B0%E5%AE%BF%E5%8C%BA%E6%96%B0%E5%AE%BF4-1-9%20%E6%96%B0%E5%AE%BF%E3%83%A6%E3%83%BC%E3%82%B9%E3%83%93%E3%83%ABPAX%20B1F,35.6889323,139.7024777,2018,ピザ,pizza,
トラットリア ナティーボ,東京都練馬区田柄1-3-20 １Ｆ,食べログ ピザ 百名店 2018,https://tabelog.com/tokyo/A1322/A132202/13102598/,https://tabelog.com/tokyo/A1322/A132202/13102598/?cid=google_yoyaku,https://www.google.com/maps/search/?api=1&query=%E3%83%88%E3%83%A9%E3%83%83%E3%83%88%E3%83%AA%E3%82%A2%20%E3%83%8A%E3%83%86%E3%82%A3%E3%83%BC%E3%83%9C%20%E6%9D%B1%E4%BA%AC%E9%83%BD%E7%B7%B4%E9%A6%AC%E5%8C%BA%E7%94%B0%E6%9F%841-3-20%20%EF%BC%91%EF%BC%A6,35.7599183,139.6446933,2018,ピザ,pizza,
トラットリア ピッツェリア ラルテ,東京都世田谷区三軒茶屋1-35-17 1Ｆ,食べログ ピザ 百名店 2018,https://tabelog.com/tokyo/A1317/A131706/13128533/,https://yoyaku.tabelog.com/yoyaku/tabelog_booking/send_remind/,https://www.google.com/maps/search/?api=1&query=%E3%83%88%E3%83%A9%E3%83%83%E3%83%88%E3%83%AA%E3%82%A2%20%E3%83%94%E3%83%83%E3%83%84%E3%82%A7%E3%83%AA%E3%82%A2%20%E3%83%A9%E3%83%AB%E3%83%86%20%E6%9D%B1%E4%BA%AC%E9%83%BD%E4%B8%96%E7%94%B0%E8%B0%B7%E5%8C%BA%E4%B8%89%E8%BB%92%E8%8C%B6%E5%B1%8B1-35-17%201%EF%BC%A6,35.6430539,139.6724289,2018,ピザ,pizza,
ピッツェリア　スペリアーモ！,神奈川県横浜市西区藤棚町1-121,食べログ ピザ 百名店 2018,https://tabelog.com/kanagawa/A1401/A140301/14002481/,https://yoyaku.tabelog.com/yoyaku/tabelog_booking/send_remind/,https://www.google.com/maps/search/?api=1&query=%E3%83%94%E3%83%83%E3%83%84%E3%82%A7%E3%83%AA%E3%82%A2%E3%80%80%E3%82%B9%E3%83%9A%E3%83%AA%E3%82%A2%E3%83%BC%E3%83%A2%EF%BC%81%20%E7%A5%9E%E5%A5%88%E5%B7%9D%E7%9C%8C%E6%A8%AA%E6%B5%9C%E5%B8%82%E8%A5%BF%E5%8C%BA%E8%97%A4%E6%A3%9A%E7%94%BA1-121,35.4513783,139.6117916,2018,ピザ,pizza,
エンボカ 東京,東京都渋谷区元代々木16-16,食べログ ピザ 百名店 2018,https://tabelog.com/tokyo/A1318/A131811/13040937/,https://yoyaku.tabelog.com/yoyaku/tabelog_booking/send_remind/,https://www.google.com/maps/search/?api=1&query=%E3%82%A8%E3%83%B3%E3%83%9C%E3%82%AB%20%E6%9D%B1%E4%BA%AC%20%E6%9D%B1%E4%BA%AC%E9%83%BD%E6%B8%8B%E8%B0%B7%E5%8C%BA%E5%85%83%E4%BB%A3%E3%80%85%E6%9C%A816-16,35.6709690,139.6838950,2018,ピザ,pizza,
ピッツェリア・ロマーナ・イル・ペンティート,東京都渋谷区代々木3-1-1 ＡＸＩＳ　１Ｆ,食べログ ピザ 百名店 2018,https://tabelog.com/tokyo/A1318/A131810/13000684/,https://yoyaku.tabelog.com/yoyaku/tabelog_booking/send_remind/,https://www.google.com/maps/search/?api=1&query=%E3%83%94%E3%83%83%E3%83%84%E3%82%A7%E3%83%AA%E3%82%A2%E3%83%BB%E3%83%AD%E3%83%9E%E3%83%BC%E3%83%8A%E3%83%BB%E3%82%A4%E3%83%AB%E3%83%BB%E3%83%9A%E3%83%B3%E3%83%86%E3%82%A3%E3%83%BC%E3%83%88%20%E6%9D%B1%E4%BA%AC%E9%83%BD%E6%B8%8B%E8%B0%B7%E5%8C%BA%E4%BB%A3%E3%80%85%E6%9C%A83-1-1%20%EF%BC%A1%EF%BC%B8%EF%BC%A9%EF%BC%B3%E3%80%80%EF%BC%91%EF%BC%A6,35.6822619,139.6966776,2018,ピザ,pizza,
武蔵野カンプス,東京都武蔵野市中町2-1-9 I.Gビル 1F,食べログ ピザ 百名店 2018,https://tabelog.com/tokyo/A1320/A132002/13114310/,https://tabelog.com/tokyo/A1320/A132002/13114310/?cid=google_yoyaku,https://www.google.com/maps/search/?api=1&query=%E6%AD%A6%E8%94%B5%E9%87%8E%E3%82%AB%E3%83%B3%E3%83%97%E3%82%B9%20%E6%9D%B1%E4%BA%AC%E9%83%BD%E6%AD%A6%E8%94%B5%E9%87%8E%E5%B8%82%E4%B8%AD%E7%94%BA2-1-9%20I.G%E3%83%93%E3%83%AB%201F,35.7060196,139.5617957,2018,ピザ,pizza,
ナプレ 南青山本店,東京都港区南青山5-6-24 林ビル,食べログ ピザ 百名店 2018,https://tabelog.com/tokyo/A1306/A130602/13003493/,https://tabelog.com/tokyo/A1306/A130602/13003493/?cid=google_yoyaku,https://www.google.com/maps/search/?api=1&query=%E3%83%8A%E3%83%97%E3%83%AC%20%E5%8D%97%E9%9D%92%E5%B1%B1%E6%9C%AC%E5%BA%97%20%E6%9D%B1%E4%BA%AC%E9%83%BD%E6%B8%AF%E5%8C%BA%E5%8D%97%E9%9D%92%E5%B1%B15-6-24%20%E6%9E%97%E3%83%93%E3%83%AB,35.6637919,139.7119149,2018,ピザ,pizza,
ピッツエリア エ トラットリア ダ イーサ,東京都目黒区青葉台1-28-9,食べログ ピザ 百名店 2018,https://tabelog.com/tokyo/A1317/A131701/13103245/,https://yoyaku.tabelog.com/yoyaku/tabelog_booking/send_remind/,https://www.google.com/maps/search/?api=1&query=%E3%83%94%E3%83%83%E3%83%84%E3%82%A8%E3%83%AA%E3%82%A2%20%E3%82%A8%20%E3%83%88%E3%83%A9%E3%83%83%E3%83%88%E3%83%AA%E3%82%A2%20%E3%83%80%20%E3%82%A4%E3%83%BC%E3%82%B5%20%E6%9D%B1%E4%BA%AC%E9%83%BD%E7%9B%AE%E9%BB%92%E5%8C%BA%E9%9D%92%E8%91%89%E5%8F%B01-28-9,35.6472148,139.6952643,2018,ピザ,pizza,
エッセ ドゥエ 赤坂店,東京都港区赤坂6-11-13 ｆａｂｒｉｃビル　B1F・1F,食べログ ピザ 百名店 2018,https://tabelog.com/tokyo/A1308/A130801/13002191/,https://tabelog.com/tokyo/A1308/A130801/13002191/?cid=google_yoyaku,https://www.google.com/maps/search/?api=1&query=%E3%82%A8%E3%83%83%E3%82%BB%20%E3%83%89%E3%82%A5%E3%82%A8%20%E8%B5%A4%E5%9D%82%E5%BA%97%20%E6%9D%B1%E4%BA%AC%E9%83%BD%E6%B8%AF%E5%8C%BA%E8%B5%A4%E5%9D%826-11-13%20%EF%BD%86%EF%BD%81%EF%BD%82%EF%BD%92%EF%BD%89%EF%BD%83%E3%83%93%E3%83%AB%E3%80%80B1F%E3%83%BB1F,35.6699008,139.7348456,2018,ピザ,pizza,
ラ・トリプレッタ,東京都品川区小山3-13-12,食べログ ピザ 百名店 2018,https://tabelog.com/tokyo/A1317/A131710/13165472/,https://tabelog.com/tokyo/A1317/A131710/13165472/?cid=google_yoyaku,https://www.google.com/maps/search/?api=1&query=%E3%83%A9%E3%83%BB%E3%83%88%E3%83%AA%E3%83%97%E3%83%AC%E3%83%83%E3%82%BF%20%E6%9D%B1%E4%BA%AC%E9%83%BD%E5%93%81%E5%B7%9D%E5%8C%BA%E5%B0%8F%E5%B1%B13-13-12,35.6202510,139.7055483,2018,ピザ,pizza,
ピッツァ ストラーダ,東京都港区麻布十番3-6-2 NS麻布十番ビル 1F,食べログ ピザ 百名店 2018,https://tabelog.com/tokyo/A1307/A130702/13131245/,https://tabelog.com/tokyo/A1307/A130702/13131245/?cid=google_yoyaku,https://www.google.com/maps/search/?api=1&query=%E3%83%94%E3%83%83%E3%83%84%E3%82%A1%20%E3%82%B9%E3%83%88%E3%83%A9%E3%83%BC%E3%83%80%20%E6%9D%B1%E4%BA%AC%E9%83%BD%E6%B8%AF%E5%8C%BA%E9%BA%BB%E5%B8%83%E5%8D%81%E7%95%AA3-6-2%20NS%E9%BA%BB%E5%B8%83%E5%8D%81%E7%95%AA%E3%83%93%E3%83%AB%201F,35.6533276,139.7346449,2018,ピザ,pizza,
ピザ スライス,東京都渋谷区猿楽町1-3 代官山上新ビル 1F,食べログ ピザ 百名店 2018,https://tabelog.com/tokyo/A1303/A130303/13164019/,https://yoyaku.tabelog.com/yoyaku/tabelog_booking/send_remind/,https://www.google.com/maps/search/?api=1&query=%E3%83%94%E3%82%B6%20%E3%82%B9%E3%83%A9%E3%82%A4%E3%82%B9%20%E6%9D%B1%E4%BA%AC%E9%83%BD%E6%B8%8B%E8%B0%B7%E5%8C%BA%E7%8C%BF%E6%A5%BD%E7%94%BA1-3%20%E4%BB%A3%E5%AE%98%E5%B1%B1%E4%B8%8A%E6%96%B0%E3%83%93%E3%83%AB%201F,35.6535245,139.7051126,2018,ピザ,pizza,
ラーメン 杉田家 千葉祐光店,千葉県千葉市中央区祐光4-17-7,食べログ ラーメン 百名店 EAST 2018 百名店 2018,https://tabelog.com/tokyo/A1303/A130302/12025333/,https://yoyaku.tabelog.com/yoyaku/tabelog_booking/send_remind/,https://www.google.com/maps/search/?api=1&query=%E3%83%A9%E3%83%BC%E3%83%A1%E3%83%B3%20%E6%9D%89%E7%94%B0%E5%AE%B6%20%E5%8D%83%E8%91%89%E7%A5%90%E5%85%89%E5%BA%97%20%E5%8D%83%E8%91%89%E7%9C%8C%E5%8D%83%E8%91%89%E5%B8%82%E4%B8%AD%E5%A4%AE%E5%8C%BA%E7%A5%90%E5%85%894-17-7,35.6189691,140.1314872,2018,ラーメン 百名店 EAST 2018,ramen_east,
ラーメン 環2家,神奈川県横浜市港南区下永谷3-3-21,食べログ ラーメン 百名店 EAST 2018 百名店 2018,https://tabelog.com/tokyo/A1303/A130302/14000161/,https://yoyaku.tabelog.com/yoyaku/tabelog_booking/send_remind/,https://www.google.com/maps/search/?api=1&query=%E3%83%A9%E3%83%BC%E3%83%A1%E3%83%B3%20%E7%92%B02%E5%AE%B6%20%E7%A5%9E%E5%A5%88%E5%B7%9D%E7%9C%8C%E6%A8%AA%E6%B5%9C%E5%B8%82%E6%B8%AF%E5%8D%97%E5%8C%BA%E4%B8%8B%E6%B0%B8%E8%B0%B73-3-21,35.4084163,139.5643284,2018,ラーメン 百名店 EAST 2018,ramen_east,
煮干乱舞,埼玉県春日部市大場1114-1,食べログ ラーメン 百名店 EAST 2018 百名店 2018,https://tabelog.com/tokyo/A1303/A130302/11043059/,https://yoyaku.tabelog.com/yoyaku/tabelog_booking/send_remind/,https://www.google.com/maps/search/?api=1&query=%E7%85%AE%E5%B9%B2%E4%B9%B1%E8%88%9E%20%E5%9F%BC%E7%8E%89%E7%9C%8C%E6%98%A5%E6%97%A5%E9%83%A8%E5%B8%82%E5%A4%A7%E5%A0%B41114-1,35.9488804,139.7698026,2018,ラーメン 百名店 EAST 2018,ramen_east,
貝ガラ屋,神奈川県相模原市中央区淵野辺本町3-24-3 マンション色利 101,食べログ ラーメン 百名店 EAST 2018 百名店 2018,https://tabelog.com/tokyo/A1303/A130302/14056997/,https://yoyaku.tabelog.com/yoyaku/tabelog_booking/send_remind/,https://www.google.com/maps/search/?api=1&query=%E8%B2%9D%E3%82%AC%E3%83%A9%E5%B1%8B%20%E7%A5%9E%E5%A5%88%E5%B7%9D%E7%9C%8C%E7%9B%B8%E6%A8%A1%E5%8E%9F%E5%B8%82%E4%B8%AD%E5%A4%AE%E5%8C%BA%E6%B7%B5%E9%87%8E%E8%BE%BA%E6%9C%AC%E7%94%BA3-24-3%20%E3%83%9E%E3%83%B3%E3%82%B7%E3%83%A7%E3%83%B3%E8%89%B2%E5%88%A9%20101,35.5728982,139.4052740,2018,ラーメン 百名店 EAST 2018,ramen_east,
らーめん大金,栃木県佐野市大橋町3229-7,食べログ ラーメン 百名店 EAST 2018 百名店 2018,https://tabelog.com/tokyo/A1303/A130302/9006290/,https://yoyaku.tabelog.com/yoyaku/tabelog_booking/send_remind/,https://www.google.com/maps/search/?api=1&query=%E3%82%89%E3%83%BC%E3%82%81%E3%82%93%E5%A4%A7%E9%87%91%20%E6%A0%83%E6%9C%A8%E7%9C%8C%E4%BD%90%E9%87%8E%E5%B8%82%E5%A4%A7%E6%A9%8B%E7%94%BA3229-7,36.3077863,139.5640518,2018,ラーメン 百名店 EAST 2018,ramen_east,
らーめん森や。,神奈川県横浜市栄区長沼町339 二本松ハイツ 105,食べログ ラーメン 百名店 EAST 2018 百名店 2018,https://tabelog.com/tokyo/A1303/A130302/14055421/,https://yoyaku.tabelog.com/yoyaku/tabelog_booking/send_remind/,https://www.google.com/maps/search/?api=1&query=%E3%82%89%E3%83%BC%E3%82%81%E3%82%93%E6%A3%AE%E3%82%84%E3%80%82%20%E7%A5%9E%E5%A5%88%E5%B7%9D%E7%9C%8C%E6%A8%AA%E6%B5%9C%E5%B8%82%E6%A0%84%E5%8C%BA%E9%95%B7%E6%B2%BC%E7%94%BA339%20%E4%BA%8C%E6%9C%AC%E6%9D%BE%E3%83%8F%E3%82%A4%E3%83%84%20105,35.3792136,139.5379204,2018,ラーメン 百名店 EAST 2018,ramen_east,
流星軒,神奈川県横浜市南区日枝町4-97-2,食べログ ラーメン 百名店 EAST 2018 百名店 2018,https://tabelog.com/tokyo/A1303/A130302/14000569/,https://yoyaku.tabelog.com/yoyaku/tabelog_booking/send_remind/,https://www.google.com/maps/search/?api=1&query=%E6%B5%81%E6%98%9F%E8%BB%92%20%E7%A5%9E%E5%A5%88%E5%B7%9D%E7%9C%8C%E6%A8%AA%E6%B5%9C%E5%B8%82%E5%8D%97%E5%8C%BA%E6%97%A5%E6%9E%9D%E7%94%BA4-97-2,35.4370591,139.6174750,2018,ラーメン 百名店 EAST 2018,ramen_east,
喜元門 研究学園店,茨城県つくば市研究学園5-6-6 D12ビル 1F,食べログ ラーメン 百名店 EAST 2018 百名店 2018,https://tabelog.com/tokyo/A1303/A130302/8013639/,https://yoyaku.tabelog.com/yoyaku/tabelog_booking/send_remind/,https://www.google.com/maps/search/?api=1&query=%E5%96%9C%E5%85%83%E9%96%80%20%E7%A0%94%E7%A9%B6%E5%AD%A6%E5%9C%92%E5%BA%97%20%E8%8C%A8%E5%9F%8E%E7%9C%8C%E3%81%A4%E3%81%8F%E3%81%B0%E5%B8%82%E7%A0%94%E7%A9%B6%E5%AD%A6%E5%9C%925-6-6%20D12%E3%83%93%E3%83%AB%201F,36.0836900,140.0812518,2018,ラーメン 百名店 EAST 2018,ramen_east,
啜磨専科,神奈川県横浜市港南区上大岡西2-14-15,食べログ ラーメン 百名店 EAST 2018 百名店 2018,https://tabelog.com/tokyo/A1303/A130302/14043755/,https://yoyaku.tabelog.com/yoyaku/tabelog_booking/send_remind/,https://www.google.com/maps/search/?api=1&query=%E5%95%9C%E7%A3%A8%E5%B0%82%E7%A7%91%20%E7%A5%9E%E5%A5%88%E5%B7%9D%E7%9C%8C%E6%A8%AA%E6%B5%9C%E5%B8%82%E6%B8%AF%E5%8D%97%E5%8C%BA%E4%B8%8A%E5%A4%A7%E5%B2%A1%E8%A5%BF2-14-15,35.4042784,139.5937334,2018,ラーメン 百名店 EAST 2018,ramen_east,
中華そば 麺や食堂 本店,神奈川県厚木市幸町9-6,食べログ ラーメン 百名店 EAST 2018 百名店 2018,https://tabelog.com/tokyo/A1303/A130302/14001610/,https://yoyaku.tabelog.com/yoyaku/tabelog_booking/send_remind/,https://www.google.com/maps/search/?api=1&query=%E4%B8%AD%E8%8F%AF%E3%81%9D%E3%81%B0%20%E9%BA%BA%E3%82%84%E9%A3%9F%E5%A0%82%20%E6%9C%AC%E5%BA%97%20%E7%A5%9E%E5%A5%88%E5%B7%9D%E7%9C%8C%E5%8E%9A%E6%9C%A8%E5%B8%82%E5%B9%B8%E7%94%BA9-6,35.4413370,139.3706140,2018,ラーメン 百名店 EAST 2018,ramen_east,
とら食堂 松戸分店,千葉県松戸市紙敷1-8-6,食べログ ラーメン 百名店 EAST 2018 百名店 2018,https://tabelog.com/tokyo/A1303/A130302/12026940/,https://yoyaku.tabelog.com/yoyaku/tabelog_booking/send_remind/,https://www.google.com/maps/search/?api=1&query=%E3%81%A8%E3%82%89%E9%A3%9F%E5%A0%82%20%E6%9D%BE%E6%88%B8%E5%88%86%E5%BA%97%20%E5%8D%83%E8%91%89%E7%9C%8C%E6%9D%BE%E6%88%B8%E5%B8%82%E7%B4%99%E6%95%B71-8-6,35.7759884,139.9578354,2018,ラーメン 百名店 EAST 2018,ramen_east,
拉麺人生,茨城県常総市豊岡町乙1485-1,食べログ ラーメン 百名店 EAST 2018 百名店 2018,https://tabelog.com/tokyo/A1303/A130302/8000683/,https://yoyaku.tabelog.com/yoyaku/tabelog_booking/send_remind/,https://www.google.com/maps/search/?api=1&query=%E6%8B%89%E9%BA%BA%E4%BA%BA%E7%94%9F%20%E8%8C%A8%E5%9F%8E%E7%9C%8C%E5%B8%B8%E7%B7%8F%E5%B8%82%E8%B1%8A%E5%B2%A1%E7%94%BA%E4%B9%991485-1,36.0249392,139.9819690,2018,ラーメン 百名店 EAST 2018,ramen_east,
らーめん いのうえ,神奈川県横浜市鶴見区矢向1-7-26,食べログ ラーメン 百名店 EAST 2018 百名店 2018,https://tabelog.com/tokyo/A1303/A130302/14054147/,https://yoyaku.tabelog.com/yoyaku/tabelog_booking/send_remind/,https://www.google.com/maps/search/?api=1&query=%E3%82%89%E3%83%BC%E3%82%81%E3%82%93%20%E3%81%84%E3%81%AE%E3%81%86%E3%81%88%20%E7%A5%9E%E5%A5%88%E5%B7%9D%E7%9C%8C%E6%A8%AA%E6%B5%9C%E5%B8%82%E9%B6%B4%E8%A6%8B%E5%8C%BA%E7%9F%A2%E5%90%911-7-26,35.5295532,139.6772551,2018,ラーメン 百名店 EAST 2018,ramen_east,
ら～めん 寺子屋 麺倶楽部,千葉県我孫子市東我孫子2-34-8,食べログ ラーメン 百名店 EAST 2018 百名店 2018,https://tabelog.com/tokyo/A1303/A130302/12005357/,https://yoyaku.tabelog.com/yoyaku/tabelog_booking/send_remind/,https://www.google.com/maps/search/?api=1&query=%E3%82%89%EF%BD%9E%E3%82%81%E3%82%93%20%E5%AF%BA%E5%AD%90%E5%B1%8B%20%E9%BA%BA%E5%80%B6%E6%A5%BD%E9%83%A8%20%E5%8D%83%E8%91%89%E7%9C%8C%E6%88%91%E5%AD%AB%E5%AD%90%E5%B8%82%E6%9D%B1%E6%88%91%E5%AD%AB%E5%AD%902-34-8,35.8653570,140.0417730,2018,ラーメン 百名店 EAST 2018,ramen_east,
麺屋 桐龍 東川口本店,埼玉県川口市戸塚3-36-18,食べログ ラーメン 百名店 EAST 2018 百名店 2018,https://tabelog.com/tokyo/A1303/A130302/11028693/,https://yoyaku.tabelog.com/yoyaku/tabelog_booking/send_remind/,https://www.google.com/maps/search/?api=1&query=%E9%BA%BA%E5%B1%8B%20%E6%A1%90%E9%BE%8D%20%E6%9D%B1%E5%B7%9D%E5%8F%A3%E6%9C%AC%E5%BA%97%20%E5%9F%BC%E7%8E%89%E7%9C%8C%E5%B7%9D%E5%8F%A3%E5%B8%82%E6%88%B8%E5%A1%9A3-36-18,35.8676933,139.7525265,2018,ラーメン 百名店 EAST 2018,ramen_east,
The Noodles & Saloon Kiriya,千葉県流山市西初石4-475-1,食べログ ラーメン 百名店 EAST 2018 百名店 2018,https://tabelog.com/tokyo/A1303/A130302/12040892/,https://yoyaku.tabelog.com/yoyaku/tabelog_booking/send_remind/,https://www.google.com/maps/search/?api=1&query=The%20Noodles%20%26%20Saloon%20Kiriya%20%E5%8D%83%E8%91%89%E7%9C%8C%E6%B5%81%E5%B1%B1%E5%B8%82%E8%A5%BF%E5%88%9D%E7%9F%B34-475-1,35.8818591,139.9164677,2018,ラーメン 百名店 EAST 2018,ramen_east,
横浜ラーメン 田上家,神奈川県横浜市南区通町3-48,食べログ ラーメン 百名店 EAST 2018 百名店 2018,https://tabelog.com/tokyo/A1303/A130302/14056326/,https://yoyaku.tabelog.com/yoyaku/tabelog_booking/send_remind/,https://www.google.com/maps/search/?api=1&query=%E6%A8%AA%E6%B5%9C%E3%83%A9%E3%83%BC%E3%83%A1%E3%83%B3%20%E7%94%B0%E4%B8%8A%E5%AE%B6%20%E7%A5%9E%E5%A5%88%E5%B7%9D%E7%9C%8C%E6%A8%AA%E6%B5%9C%E5%B8%82%E5%8D%97%E5%8C%BA%E9%80%9A%E7%94%BA3-48,35.4262781,139.6038072,2018,ラーメン 百名店 EAST 2018,ramen_east,
寿製麺 よしかわ 川越店,埼玉県川越市今福1738-14,食べログ ラーメン 百名店 EAST 2018 百名店 2018,https://tabelog.com/tokyo/A1303/A130302/11040851/,https://yoyaku.tabelog.com/yoyaku/tabelog_booking/send_remind/,https://www.google.com/maps/search/?api=1&query=%E5%AF%BF%E8%A3%BD%E9%BA%BA%20%E3%82%88%E3%81%97%E3%81%8B%E3%82%8F%20%E5%B7%9D%E8%B6%8A%E5%BA%97%20%E5%9F%BC%E7%8E%89%E7%9C%8C%E5%B7%9D%E8%B6%8A%E5%B8%82%E4%BB%8A%E7%A6%8F1738-14,35.8760422,139.4744707,2018,ラーメン 百名店 EAST 2018,ramen_east,
濃麺 海月,千葉県千葉市中央区要町1-4,食べログ ラーメン 百名店 EAST 2018 百名店 2018,https://tabelog.com/tokyo/A1303/A130302/12033982/,https://yoyaku.tabelog.com/yoyaku/tabelog_booking/send_remind/,https://www.google.com/maps/search/?api=1&query=%E6%BF%83%E9%BA%BA%20%E6%B5%B7%E6%9C%88%20%E5%8D%83%E8%91%89%E7%9C%8C%E5%8D%83%E8%91%89%E5%B8%82%E4%B8%AD%E5%A4%AE%E5%8C%BA%E8%A6%81%E7%94%BA1-4,35.6157547,140.1212149,2018,ラーメン 百名店 EAST 2018,ramen_east,
支那そば なかじま,群馬県高崎市飯塚町1190-4 東金井県営住宅　１Ｆ,食べログ ラーメン 百名店 EAST 2018 百名店 2018,https://tabelog.com/tokyo/A1303/A130302/10007259/,https://yoyaku.tabelog.com/yoyaku/tabelog_booking/send_remind/,https://www.google.com/maps/search/?api=1&query=%E6%94%AF%E9%82%A3%E3%81%9D%E3%81%B0%20%E3%81%AA%E3%81%8B%E3%81%98%E3%81%BE%20%E7%BE%A4%E9%A6%AC%E7%9C%8C%E9%AB%98%E5%B4%8E%E5%B8%82%E9%A3%AF%E5%A1%9A%E7%94%BA1190-4%20%E6%9D%B1%E9%87%91%E4%BA%95%E7%9C%8C%E5%96%B6%E4%BD%8F%E5%AE%85%E3%80%80%EF%BC%91%EF%BC%A6,36.3401032,139.0085567,2018,ラーメン 百名店 EAST 2018,ramen_east,
青竹手打ちラーメン 大和,栃木県佐野市北茂呂町1-5-2,食べログ ラーメン 百名店 EAST 2018 百名店 2018,https://tabelog.com/tokyo/A1303/A130302/9013736/,https://yoyaku.tabelog.com/yoyaku/tabelog_booking/send_remind/,https://www.google.com/maps/search/?api=1&query=%E9%9D%92%E7%AB%B9%E6%89%8B%E6%89%93%E3%81%A1%E3%83%A9%E3%83%BC%E3%83%A1%E3%83%B3%20%E5%A4%A7%E5%92%8C%20%E6%A0%83%E6%9C%A8%E7%9C%8C%E4%BD%90%E9%87%8E%E5%B8%82%E5%8C%97%E8%8C%82%E5%91%82%E7%94%BA1-5-2,36.2990041,139.5897533,2018,ラーメン 百名店 EAST 2018,ramen_east,
らぁめん鴇,神奈川県藤沢市藤沢1034,食べログ ラーメン 百名店 EAST 2018 百名店 2018,https://tabelog.com/tokyo/A1303/A130302/14059192/,https://yoyaku.tabelog.com/yoyaku/tabelog_booking/send_remind/,https://www.google.com/maps/search/?api=1&query=%E3%82%89%E3%81%81%E3%82%81%E3%82%93%E9%B4%87%20%E7%A5%9E%E5%A5%88%E5%B7%9D%E7%9C%8C%E8%97%A4%E6%B2%A2%E5%B8%82%E8%97%A4%E6%B2%A21034,35.3390918,139.4814727,2018,ラーメン 百名店 EAST 2018,ramen_east,
中村麺三郎商店,神奈川県相模原市中央区淵野辺4-37-23,食べログ ラーメン 百名店 EAST 2018 百名店 2018,https://tabelog.com/tokyo/A1303/A130302/14063423/,https://yoyaku.tabelog.com/yoyaku/tabelog_booking/send_remind/,https://www.google.com/maps/search/?api=1&query=%E4%B8%AD%E6%9D%91%E9%BA%BA%E4%B8%89%E9%83%8E%E5%95%86%E5%BA%97%20%E7%A5%9E%E5%A5%88%E5%B7%9D%E7%9C%8C%E7%9B%B8%E6%A8%A1%E5%8E%9F%E5%B8%82%E4%B8%AD%E5%A4%AE%E5%8C%BA%E6%B7%B5%E9%87%8E%E8%BE%BA4-37-23,35.5689122,139.3983801,2018,ラーメン 百名店 EAST 2018,ramen_east,
麺処 懐や,神奈川県川崎市宮前区鷺沼3-3-12,食べログ ラーメン 百名店 EAST 2018 百名店 2018,https://tabelog.com/tokyo/A1303/A130302/14049709/,https://yoyaku.tabelog.com/yoyaku/tabelog_booking/send_remind/,https://www.google.com/maps/search/?api=1&query=%E9%BA%BA%E5%87%A6%20%E6%87%90%E3%82%84%20%E7%A5%9E%E5%A5%88%E5%B7%9D%E7%9C%8C%E5%B7%9D%E5%B4%8E%E5%B8%82%E5%AE%AE%E5%89%8D%E5%8C%BA%E9%B7%BA%E6%B2%BC3-3-12,35.5796727,139.5716868,2018,ラーメン 百名店 EAST 2018,ramen_east,
肉汁つけめん イナバ スタイル,埼玉県久喜市青毛3-13-19 1Ｆ,食べログ ラーメン 百名店 EAST 2018 百名店 2018,https://tabelog.com/tokyo/A1303/A130302/11033712/,https://yoyaku.tabelog.com/yoyaku/tabelog_booking/send_remind/,https://www.google.com/maps/search/?api=1&query=%E8%82%89%E6%B1%81%E3%81%A4%E3%81%91%E3%82%81%E3%82%93%20%E3%82%A4%E3%83%8A%E3%83%90%20%E3%82%B9%E3%82%BF%E3%82%A4%E3%83%AB%20%E5%9F%BC%E7%8E%89%E7%9C%8C%E4%B9%85%E5%96%9C%E5%B8%82%E9%9D%92%E6%AF%9B3-13-19%201%EF%BC%A6,36.0749855,139.7076696,2018,ラーメン 百名店 EAST 2018,ramen_east,
ぜんや,埼玉県新座市野火止4-10-5,食べログ ラーメン 百名店 EAST 2018 百名店 2018,https://tabelog.com/tokyo/A1303/A130302/11000014/,https://yoyaku.tabelog.com/yoyaku/tabelog_booking/send_remind/,https://www.google.com/maps/search/?api=1&query=%E3%81%9C%E3%82%93%E3%82%84%20%E5%9F%BC%E7%8E%89%E7%9C%8C%E6%96%B0%E5%BA%A7%E5%B8%82%E9%87%8E%E7%81%AB%E6%AD%A24-10-5,35.7988467,139.5565357,2018,ラーメン 百名店 EAST 2018,ramen_east,
つけめん　さなだ,埼玉県三郷市早稲田4-8-1,食べログ ラーメン 百名店 EAST 2018 百名店 2018,https://tabelog.com/tokyo/A1303/A130302/11037313/,https://yoyaku.tabelog.com/yoyaku/tabelog_booking/send_remind/,https://www.google.com/maps/search/?api=1&query=%E3%81%A4%E3%81%91%E3%82%81%E3%82%93%E3%80%80%E3%81%95%E3%81%AA%E3%81%A0%20%E5%9F%BC%E7%8E%89%E7%9C%8C%E4%B8%89%E9%83%B7%E5%B8%82%E6%97%A9%E7%A8%B2%E7%94%B04-8-1,35.8528908,139.8828498,2018,ラーメン 百名店 EAST 2018,ramen_east,
豚星。,神奈川県川崎市中原区木月4-5-20 1F,食べログ ラーメン 百名店 EAST 2018 百名店 2018,https://tabelog.com/tokyo/A1303/A130302/14058333/,https://yoyaku.tabelog.com/yoyaku/tabelog_booking/send_remind/,https://www.google.com/maps/search/?api=1&query=%E8%B1%9A%E6%98%9F%E3%80%82%20%E7%A5%9E%E5%A5%88%E5%B7%9D%E7%9C%8C%E5%B7%9D%E5%B4%8E%E5%B8%82%E4%B8%AD%E5%8E%9F%E5%8C%BA%E6%9C%A8%E6%9C%884-5-20%201F,35.5599166,139.6543843,2018,ラーメン 百名店 EAST 2018,ramen_east,
らぁめん夢,神奈川県横浜市神奈川区二ツ谷町1-21,食べログ ラーメン 百名店 EAST 2018 百名店 2018,https://tabelog.com/tokyo/A1303/A130302/14053385/,https://yoyaku.tabelog.com/yoyaku/tabelog_booking/send_remind/,https://www.google.com/maps/search/?api=1&query=%E3%82%89%E3%81%81%E3%82%81%E3%82%93%E5%A4%A2%20%E7%A5%9E%E5%A5%88%E5%B7%9D%E7%9C%8C%E6%A8%AA%E6%B5%9C%E5%B8%82%E7%A5%9E%E5%A5%88%E5%B7%9D%E5%8C%BA%E4%BA%8C%E3%83%84%E8%B0%B7%E7%94%BA1-21,35.4761140,139.6307746,2018,ラーメン 百名店 EAST 2018,ramen_east,
麺処 有彩,埼玉県川口市西川口1-8-5,食べログ ラーメン 百名店 EAST 2018 百名店 2018,https://tabelog.com/tokyo/A1303/A130302/11038476/,https://yoyaku.tabelog.com/yoyaku/tabelog_booking/send_remind/,https://www.google.com/maps/search/?api=1&query=%E9%BA%BA%E5%87%A6%20%E6%9C%89%E5%BD%A9%20%E5%9F%BC%E7%8E%89%E7%9C%8C%E5%B7%9D%E5%8F%A3%E5%B8%82%E8%A5%BF%E5%B7%9D%E5%8F%A31-8-5,35.8160680,139.7032353,2018,ラーメン 百名店 EAST 2018,ramen_east,
和風楽麺 四代目 ひのでや,埼玉県蓮田市本町2-21 田中電機ビル 1F・2F,食べログ ラーメン 百名店 EAST 2018 百名店 2018,https://tabelog.com/tokyo/A1303/A130302/11030891/,https://yoyaku.tabelog.com/yoyaku/tabelog_booking/send_remind/,https://www.google.com/maps/search/?api=1&query=%E5%92%8C%E9%A2%A8%E6%A5%BD%E9%BA%BA%20%E5%9B%9B%E4%BB%A3%E7%9B%AE%20%E3%81%B2%E3%81%AE%E3%81%A7%E3%82%84%20%E5%9F%BC%E7%8E%89%E7%9C%8C%E8%93%AE%E7%94%B0%E5%B8%82%E6%9C%AC%E7%94%BA2-21%20%E7%94%B0%E4%B8%AD%E9%9B%BB%E6%A9%9F%E3%83%93%E3%83%AB%201F%E3%83%BB2F,35.9812999,139.6520376,2018,ラーメン 百名店 EAST 2018,ramen_east,
兎に角 松戸本店,千葉県松戸市根本462 比嘉ビル　1F,食べログ ラーメン 百名店 EAST 2018 百名店 2018,https://tabelog.com/tokyo/A1303/A130302/12001198/,https://yoyaku.tabelog.com/yoyaku/tabelog_booking/send_remind/,https://www.google.com/maps/search/?api=1&query=%E5%85%8E%E3%81%AB%E8%A7%92%20%E6%9D%BE%E6%88%B8%E6%9C%AC%E5%BA%97%20%E5%8D%83%E8%91%89%E7%9C%8C%E6%9D%BE%E6%88%B8%E5%B8%82%E6%A0%B9%E6%9C%AC462%20%E6%AF%94%E5%98%89%E3%83%93%E3%83%AB%E3%80%801F,35.7858468,139.9017741,2018,ラーメン 百名店 EAST 2018,ramen_east,
青竹手打ラーメン 日向屋,栃木県佐野市免鳥町548-7,食べログ ラーメン 百名店 EAST 2018 百名店 2018,https://tabelog.com/tokyo/A1303/A130302/9009352/,https://yoyaku.tabelog.com/yoyaku/tabelog_booking/send_remind/,https://www.google.com/maps/search/?api=1&query=%E9%9D%92%E7%AB%B9%E6%89%8B%E6%89%93%E3%83%A9%E3%83%BC%E3%83%A1%E3%83%B3%20%E6%97%A5%E5%90%91%E5%B1%8B%20%E6%A0%83%E6%9C%A8%E7%9C%8C%E4%BD%90%E9%87%8E%E5%B8%82%E5%85%8D%E9%B3%A5%E7%94%BA548-7,36.3115665,139.5489426,2018,ラーメン 百名店 EAST 2018,ramen_east,
ちばから 市原本店,千葉県市原市西国分寺台1-3-16,食べログ ラーメン 百名店 EAST 2018 百名店 2018,https://tabelog.com/tokyo/A1303/A130302/12000912/,https://yoyaku.tabelog.com/yoyaku/tabelog_booking/send_remind/,https://www.google.com/maps/search/?api=1&query=%E3%81%A1%E3%81%B0%E3%81%8B%E3%82%89%20%E5%B8%82%E5%8E%9F%E6%9C%AC%E5%BA%97%20%E5%8D%83%E8%91%89%E7%9C%8C%E5%B8%82%E5%8E%9F%E5%B8%82%E8%A5%BF%E5%9B%BD%E5%88%86%E5%AF%BA%E5%8F%B01-3-16,35.5016638,140.1124534,2018,ラーメン 百名店 EAST 2018,ramen_east,
中華そば 四つ葉,埼玉県比企郡川島町伊草298-20,食べログ ラーメン 百名店 EAST 2018 百名店 2018,https://tabelog.com/tokyo/A1303/A130302/11034264/,https://yoyaku.tabelog.com/yoyaku/tabelog_booking/send_remind/,https://www.google.com/maps/search/?api=1&query=%E4%B8%AD%E8%8F%AF%E3%81%9D%E3%81%B0%20%E5%9B%9B%E3%81%A4%E8%91%89%20%E5%9F%BC%E7%8E%89%E7%9C%8C%E6%AF%94%E4%BC%81%E9%83%A1%E5%B7%9D%E5%B3%B6%E7%94%BA%E4%BC%8A%E8%8D%89298-20,35.9682778,139.4689540,2018,ラーメン 百名店 EAST 2018,ramen_east,
ラーメン 末廣家,神奈川県横浜市神奈川区六角橋1-14-7,食べログ ラーメン 百名店 EAST 2018 百名店 2018,https://tabelog.com/tokyo/A1303/A130302/14051496/,https://yoyaku.tabelog.com/yoyaku/tabelog_booking/send_remind/,https://www.google.com/maps/search/?api=1&query=%E3%83%A9%E3%83%BC%E3%83%A1%E3%83%B3%20%E6%9C%AB%E5%BB%A3%E5%AE%B6%20%E7%A5%9E%E5%A5%88%E5%B7%9D%E7%9C%8C%E6%A8%AA%E6%B5%9C%E5%B8%82%E7%A5%9E%E5%A5%88%E5%B7%9D%E5%8C%BA%E5%85%AD%E8%A7%92%E6%A9%8B1-14-7,35.4880410,139.6247533,2018,ラーメン 百名店 EAST 2018,ramen_east,
らーめん 鶏喰,神奈川県横浜市南区吉野町4-20,食べログ ラーメン 百名店 EAST 2018 百名店 2018,https://tabelog.com/tokyo/A1303/A130302/14048864/,https://yoyaku.tabelog.com/yoyaku/tabelog_booking/send_remind/,https://www.google.com/maps/search/?api=1&query=%E3%82%89%E3%83%BC%E3%82%81%E3%82%93%20%E9%B6%8F%E5%96%B0%20%E7%A5%9E%E5%A5%88%E5%B7%9D%E7%9C%8C%E6%A8%AA%E6%B5%9C%E5%B8%82%E5%8D%97%E5%8C%BA%E5%90%89%E9%87%8E%E7%94%BA4-20,35.4351781,139.6184059,2018,ラーメン 百名店 EAST 2018,ramen_east,
麺屋 ようすけ,栃木県佐野市田島町232,食べログ ラーメン 百名店 EAST 2018 百名店 2018,https://tabelog.com/tokyo/A1303/A130302/9012617/,https://yoyaku.tabelog.com/yoyaku/tabelog_booking/send_remind/,https://www.google.com/maps/search/?api=1&query=%E9%BA%BA%E5%B1%8B%20%E3%82%88%E3%81%86%E3%81%99%E3%81%91%20%E6%A0%83%E6%9C%A8%E7%9C%8C%E4%BD%90%E9%87%8E%E5%B8%82%E7%94%B0%E5%B3%B6%E7%94%BA232,36.2910814,139.5641685,2018,ラーメン 百名店 EAST 2018,ramen_east,
味処 むさし野,千葉県松戸市松戸新田133-4,食べログ ラーメン 百名店 EAST 2018 百名店 2018,https://tabelog.com/tokyo/A1303/A130302/12000080/,https://yoyaku.tabelog.com/yoyaku/tabelog_booking/send_remind/,https://www.google.com/maps/search/?api=1&query=%E5%91%B3%E5%87%A6%20%E3%82%80%E3%81%95%E3%81%97%E9%87%8E%20%E5%8D%83%E8%91%89%E7%9C%8C%E6%9D%BE%E6%88%B8%E5%B8%82%E6%9D%BE%E6%88%B8%E6%96%B0%E7%94%B0133-4,35.7826700,139.9180845,2018,ラーメン 百名店 EAST 2018,ramen_east,
らーめん芝浜,群馬県桐生市相生町1-303-1,食べログ ラーメン 百名店 EAST 2018 百名店 2018,https://tabelog.com/tokyo/A1303/A130302/10014488/,https://yoyaku.tabelog.com/yoyaku/tabelog_booking/send_remind/,https://www.google.com/maps/search/?api=1&query=%E3%82%89%E3%83%BC%E3%82%81%E3%82%93%E8%8A%9D%E6%B5%9C%20%E7%BE%A4%E9%A6%AC%E7%9C%8C%E6%A1%90%E7%94%9F%E5%B8%82%E7%9B%B8%E7%94%9F%E7%94%BA1-303-1,36.4040265,139.3167275,2018,ラーメン 百名店 EAST 2018,ramen_east,
ラーメン 杉田家 本店,神奈川県横浜市磯子区新杉田町3-5,食べログ ラーメン 百名店 EAST 2018 百名店 2018,https://tabelog.com/tokyo/A1303/A130302/14000917/,https://yoyaku.tabelog.com/yoyaku/tabelog_booking/send_remind/,https://www.google.com/maps/search/?api=1&query=%E3%83%A9%E3%83%BC%E3%83%A1%E3%83%B3%20%E6%9D%89%E7%94%B0%E5%AE%B6%20%E6%9C%AC%E5%BA%97%20%E7%A5%9E%E5%A5%88%E5%B7%9D%E7%9C%8C%E6%A8%AA%E6%B5%9C%E5%B8%82%E7%A3%AF%E5%AD%90%E5%8C%BA%E6%96%B0%E6%9D%89%E7%94%B0%E7%94%BA3-5,35.3881725,139.6182234,2018,ラーメン 百名店 EAST 2018,ramen_east,
零一弐三,千葉県船橋市本町7-23-14 文平ビル,食べログ ラーメン 百名店 EAST 2018 百名店 2018,https://tabelog.com/tokyo/A1303/A130302/12041414/,https://yoyaku.tabelog.com/yoyaku/tabelog_booking/send_remind/,https://www.google.com/maps/search/?api=1&query=%E9%9B%B6%E4%B8%80%E5%BC%90%E4%B8%89%20%E5%8D%83%E8%91%89%E7%9C%8C%E8%88%B9%E6%A9%8B%E5%B8%82%E6%9C%AC%E7%94%BA7-23-14%20%E6%96%87%E5%B9%B3%E3%83%93%E3%83%AB,35.7066596,139.9818594,2018,ラーメン 百名店 EAST 2018,ramen_east,
くり山,神奈川県横浜市神奈川区六角橋1-17-29,食べログ ラーメン 百名店 EAST 2018 百名店 2018,https://tabelog.com/tokyo/A1303/A130302/14012001/,https://yoyaku.tabelog.com/yoyaku/tabelog_booking/send_remind/,https://www.google.com/maps/search/?api=1&query=%E3%81%8F%E3%82%8A%E5%B1%B1%20%E7%A5%9E%E5%A5%88%E5%B7%9D%E7%9C%8C%E6%A8%AA%E6%B5%9C%E5%B8%82%E7%A5%9E%E5%A5%88%E5%B7%9D%E5%8C%BA%E5%85%AD%E8%A7%92%E6%A9%8B1-17-29,35.4889371,139.6247043,2018,ラーメン 百名店 EAST 2018,ramen_east,
中華蕎麦 とみ田,千葉県松戸市松戸1339 高橋ビル 1F,食べログ ラーメン 百名店 EAST 2018 百名店 2018,https://tabelog.com/tokyo/A1303/A130302/12000422/,https://yoyaku.tabelog.com/yoyaku/tabelog_booking/send_remind/,https://www.google.com/maps/search/?api=1&query=%E4%B8%AD%E8%8F%AF%E8%95%8E%E9%BA%A6%20%E3%81%A8%E3%81%BF%E7%94%B0%20%E5%8D%83%E8%91%89%E7%9C%8C%E6%9D%BE%E6%88%B8%E5%B8%82%E6%9D%BE%E6%88%B81339%20%E9%AB%98%E6%A9%8B%E3%83%93%E3%83%AB%201F,35.7818086,139.9009721,2018,ラーメン 百名店 EAST 2018,ramen_east,
狼煙 本店,埼玉県さいたま市北区東大成町1-544,食べログ ラーメン 百名店 EAST 2018 百名店 2018,https://tabelog.com/tokyo/A1303/A130302/11004115/,https://yoyaku.tabelog.com/yoyaku/tabelog_booking/send_remind/,https://www.google.com/maps/search/?api=1&query=%E7%8B%BC%E7%85%99%20%E6%9C%AC%E5%BA%97%20%E5%9F%BC%E7%8E%89%E7%9C%8C%E3%81%95%E3%81%84%E3%81%9F%E3%81%BE%E5%B8%82%E5%8C%97%E5%8C%BA%E6%9D%B1%E5%A4%A7%E6%88%90%E7%94%BA1-544,35.9240128,139.6221634,2018,ラーメン 百名店 EAST 2018,ramen_east,
寿々喜家 本店,神奈川県横浜市保土ケ谷区上星川2-3-1 1F,食べログ ラーメン 百名店 EAST 2018 百名店 2018,https://tabelog.com/tokyo/A1303/A130302/14000063/,https://yoyaku.tabelog.com/yoyaku/tabelog_booking/send_remind/,https://www.google.com/maps/search/?api=1&query=%E5%AF%BF%E3%80%85%E5%96%9C%E5%AE%B6%20%E6%9C%AC%E5%BA%97%20%E7%A5%9E%E5%A5%88%E5%B7%9D%E7%9C%8C%E6%A8%AA%E6%B5%9C%E5%B8%82%E4%BF%9D%E5%9C%9F%E3%82%B1%E8%B0%B7%E5%8C%BA%E4%B8%8A%E6%98%9F%E5%B7%9D2-3-1%201F,35.4712357,139.5761367,2018,ラーメン 百名店 EAST 2018,ramen_east,
ラーメン二郎 横浜関内店,神奈川県横浜市中区長者町6-94,食べログ ラーメン 百名店 EAST 2018 百名店 2018,https://tabelog.com/tokyo/A1303/A130302/14001518/,https://yoyaku.tabelog.com/yoyaku/tabelog_booking/send_remind/,https://www.google.com/maps/search/?api=1&query=%E3%83%A9%E3%83%BC%E3%83%A1%E3%83%B3%E4%BA%8C%E9%83%8E%20%E6%A8%AA%E6%B5%9C%E9%96%A2%E5%86%85%E5%BA%97%20%E7%A5%9E%E5%A5%88%E5%B7%9D%E7%9C%8C%E6%A8%AA%E6%B5%9C%E5%B8%82%E4%B8%AD%E5%8C%BA%E9%95%B7%E8%80%85%E7%94%BA6-94,35.4419423,139.6307777,2018,ラーメン 百名店 EAST 2018,ramen_east,
はりけんラーメン 本店,茨城県つくば市栗原2857-8,食べログ ラーメン 百名店 EAST 2018 百名店 2018,https://tabelog.com/tokyo/A1303/A130302/8012178/,https://yoyaku.tabelog.com/yoyaku/tabelog_booking/send_remind/,https://www.google.com/maps/search/?api=1&query=%E3%81%AF%E3%82%8A%E3%81%91%E3%82%93%E3%83%A9%E3%83%BC%E3%83%A1%E3%83%B3%20%E6%9C%AC%E5%BA%97%20%E8%8C%A8%E5%9F%8E%E7%9C%8C%E3%81%A4%E3%81%8F%E3%81%B0%E5%B8%82%E6%A0%97%E5%8E%9F2857-8,36.1192270,140.1137531,2018,ラーメン 百名店 EAST 2018,ramen_east,
地球の中華そば,神奈川県横浜市中区長者町2-5-4 夕陽丘ニュースカイマンション 101,食べログ ラーメン 百名店 EAST 2018 百名店 2018,https://tabelog.com/tokyo/A1303/A130302/14056490/,https://yoyaku.tabelog.com/yoyaku/tabelog_booking/send_remind/,https://www.google.com/maps/search/?api=1&query=%E5%9C%B0%E7%90%83%E3%81%AE%E4%B8%AD%E8%8F%AF%E3%81%9D%E3%81%B0%20%E7%A5%9E%E5%A5%88%E5%B7%9D%E7%9C%8C%E6%A8%AA%E6%B5%9C%E5%B8%82%E4%B8%AD%E5%8C%BA%E9%95%B7%E8%80%85%E7%94%BA2-5-4%20%E5%A4%95%E9%99%BD%E4%B8%98%E3%83%8B%E3%83%A5%E3%83%BC%E3%82%B9%E3%82%AB%E3%82%A4%E3%83%9E%E3%83%B3%E3%82%B7%E3%83%A7%E3%83%B3%20101,35.4387950,139.6355305,2018,ラーメン 百名店 EAST 2018,ramen_east,
中華蕎麦 時雨 伊勢佐木長者町本店,神奈川県横浜市中区不老町2-10-5 三陣ビル 1F,食べログ ラーメン 百名店 EAST 2018 百名店 2018,https://tabelog.com/tokyo/A1303/A130302/14067138/,https://yoyaku.tabelog.com/yoyaku/tabelog_booking/send_remind/,https://www.google.com/maps/search/?api=1&query=%E4%B8%AD%E8%8F%AF%E8%95%8E%E9%BA%A6%20%E6%99%82%E9%9B%A8%20%E4%BC%8A%E5%8B%A2%E4%BD%90%E6%9C%A8%E9%95%B7%E8%80%85%E7%94%BA%E6%9C%AC%E5%BA%97%20%E7%A5%9E%E5%A5%88%E5%B7%9D%E7%9C%8C%E6%A8%AA%E6%B5%9C%E5%B8%82%E4%B8%AD%E5%8C%BA%E4%B8%8D%E8%80%81%E7%94%BA2-10-5%20%E4%B8%89%E9%99%A3%E3%83%93%E3%83%AB%201F,35.4415046,139.6351757,2018,ラーメン 百名店 EAST 2018,ramen_east,
煮干中華ソバ イチカワ,茨城県つくば市天久保2-9-2 A101,食べログ ラーメン 百名店 EAST 2018 百名店 2018,https://tabelog.com/tokyo/A1303/A130302/8014295/,https://yoyaku.tabelog.com/yoyaku/tabelog_booking/send_remind/,https://www.google.com/maps/search/?api=1&query=%E7%85%AE%E5%B9%B2%E4%B8%AD%E8%8F%AF%E3%82%BD%E3%83%90%20%E3%82%A4%E3%83%81%E3%82%AB%E3%83%AF%20%E8%8C%A8%E5%9F%8E%E7%9C%8C%E3%81%A4%E3%81%8F%E3%81%B0%E5%B8%82%E5%A4%A9%E4%B9%85%E4%BF%9D2-9-2%20A101,36.0983736,140.1083994,2018,ラーメン 百名店 EAST 2018,ramen_east,
中華そば よしかわ 上尾店,埼玉県上尾市南97-5,食べログ ラーメン 百名店 EAST 2018 百名店 2018,https://tabelog.com/tokyo/A1303/A130302/11036997/,https://yoyaku.tabelog.com/yoyaku/tabelog_booking/send_remind/,https://www.google.com/maps/search/?api=1&query=%E4%B8%AD%E8%8F%AF%E3%81%9D%E3%81%B0%20%E3%82%88%E3%81%97%E3%81%8B%E3%82%8F%20%E4%B8%8A%E5%B0%BE%E5%BA%97%20%E5%9F%BC%E7%8E%89%E7%9C%8C%E4%B8%8A%E5%B0%BE%E5%B8%82%E5%8D%9797-5,35.9958312,139.5865741,2018,ラーメン 百名店 EAST 2018,ramen_east,
らぁめん 喜乃壺,茨城県つくば市稲岡728-13,食べログ ラーメン 百名店 EAST 2018 百名店 2018,https://tabelog.com/tokyo/A1303/A130302/8010935/,https://yoyaku.tabelog.com/yoyaku/tabelog_booking/send_remind/,https://www.google.com/maps/search/?api=1&query=%E3%82%89%E3%81%81%E3%82%81%E3%82%93%20%E5%96%9C%E4%B9%83%E5%A3%BA%20%E8%8C%A8%E5%9F%8E%E7%9C%8C%E3%81%A4%E3%81%8F%E3%81%B0%E5%B8%82%E7%A8%B2%E5%B2%A1728-13,36.0326905,140.1409423,2018,ラーメン 百名店 EAST 2018,ramen_east,
飯田商店,神奈川県足柄下郡湯河原町土肥2-12-14,食べログ ラーメン 百名店 EAST 2018 百名店 2018,https://tabelog.com/tokyo/A1303/A130302/14038776/,https://yoyaku.tabelog.com/yoyaku/tabelog_booking/send_remind/,https://www.google.com/maps/search/?api=1&query=%E9%A3%AF%E7%94%B0%E5%95%86%E5%BA%97%20%E7%A5%9E%E5%A5%88%E5%B7%9D%E7%9C%8C%E8%B6%B3%E6%9F%84%E4%B8%8B%E9%83%A1%E6%B9%AF%E6%B2%B3%E5%8E%9F%E7%94%BA%E5%9C%9F%E8%82%A52-12-14,35.1446247,139.1097637,2018,ラーメン 百名店 EAST 2018,ramen_east,
タンタン,東京都八王子市子安町1-30-6,食べログ ラーメン 百名店 TOKYO 2018 百名店 2018,https://tabelog.com/tokyo/A1303/A130302/13046007/,https://yoyaku.tabelog.com/yoyaku/tabelog_booking/send_remind/,https://www.google.com/maps/search/?api=1&query=%E3%82%BF%E3%83%B3%E3%82%BF%E3%83%B3%20%E6%9D%B1%E4%BA%AC%E9%83%BD%E5%85%AB%E7%8E%8B%E5%AD%90%E5%B8%82%E5%AD%90%E5%AE%89%E7%94%BA1-30-6,35.6519184,139.3403234,2018,ラーメン 百名店 TOKYO 2018,ramen_tokyo,
新橋 纏,東京都港区新橋3-13-2 IKENO-5 1F,食べログ ラーメン 百名店 TOKYO 2018 百名店 2018,https://tabelog.com/tokyo/A1303/A130302/13156937/,https://yoyaku.tabelog.com/yoyaku/tabelog_booking/send_remind/,https://www.google.com/maps/search/?api=1&query=%E6%96%B0%E6%A9%8B%20%E7%BA%8F%20%E6%9D%B1%E4%BA%AC%E9%83%BD%E6%B8%AF%E5%8C%BA%E6%96%B0%E6%A9%8B3-13-2%20IKENO-5%201F,35.6657812,139.7562819,2018,ラーメン 百名店 TOKYO 2018,ramen_tokyo,
らーめん改,東京都台東区蔵前4-20-10 宮内ビル 1F,食べログ ラーメン 百名店 TOKYO 2018 百名店 2018,https://tabelog.com/tokyo/A1303/A130302/13191776/,https://yoyaku.tabelog.com/yoyaku/tabelog_booking/send_remind/,https://www.google.com/maps/search/?api=1&query=%E3%82%89%E3%83%BC%E3%82%81%E3%82%93%E6%94%B9%20%E6%9D%B1%E4%BA%AC%E9%83%BD%E5%8F%B0%E6%9D%B1%E5%8C%BA%E8%94%B5%E5%89%8D4-20-10%20%E5%AE%AE%E5%86%85%E3%83%93%E3%83%AB%201F,35.7044486,139.7901650,2018,ラーメン 百名店 TOKYO 2018,ramen_tokyo,
ラーメン巌哲,東京都新宿区西早稲田1-10-4,食べログ ラーメン 百名店 TOKYO 2018 百名店 2018,https://tabelog.com/tokyo/A1303/A130302/13167439/,https://yoyaku.tabelog.com/yoyaku/tabelog_booking/send_remind/,https://www.google.com/maps/search/?api=1&query=%E3%83%A9%E3%83%BC%E3%83%A1%E3%83%B3%E5%B7%8C%E5%93%B2%20%E6%9D%B1%E4%BA%AC%E9%83%BD%E6%96%B0%E5%AE%BF%E5%8C%BA%E8%A5%BF%E6%97%A9%E7%A8%B2%E7%94%B01-10-4,35.7111747,139.7218960,2018,ラーメン 百名店 TOKYO 2018,ramen_tokyo,
八雲,東京都目黒区東山3-6-15 エビヤビル 1F,食べログ ラーメン 百名店 TOKYO 2018 百名店 2018,https://tabelog.com/tokyo/A1303/A130302/13204333/,https://yoyaku.tabelog.com/yoyaku/tabelog_booking/send_remind/,https://www.google.com/maps/search/?api=1&query=%E5%85%AB%E9%9B%B2%20%E6%9D%B1%E4%BA%AC%E9%83%BD%E7%9B%AE%E9%BB%92%E5%8C%BA%E6%9D%B1%E5%B1%B13-6-15%20%E3%82%A8%E3%83%93%E3%83%A4%E3%83%93%E3%83%AB%201F,35.6501395,139.6868547,2018,ラーメン 百名店 TOKYO 2018,ramen_tokyo,
BASSOドリルマン,東京都豊島区西池袋2-9-7 プエルト西池袋　１Ｆ,食べログ ラーメン 百名店 TOKYO 2018 百名店 2018,https://tabelog.com/tokyo/A1303/A130302/13057282/,https://yoyaku.tabelog.com/yoyaku/tabelog_booking/send_remind/,https://www.google.com/maps/search/?api=1&query=BASSO%E3%83%89%E3%83%AA%E3%83%AB%E3%83%9E%E3%83%B3%20%E6%9D%B1%E4%BA%AC%E9%83%BD%E8%B1%8A%E5%B3%B6%E5%8C%BA%E8%A5%BF%E6%B1%A0%E8%A2%8B2-9-7%20%E3%83%97%E3%82%A8%E3%83%AB%E3%83%88%E8%A5%BF%E6%B1%A0%E8%A2%8B%E3%80%80%EF%BC%91%EF%BC%A6,35.7266792,139.7027456,2018,ラーメン 百名店 TOKYO 2018,ramen_tokyo,
支那そば たんたん亭,東京都杉並区浜田山3-31-4,食べログ ラーメン 百名店 TOKYO 2018 百名店 2018,https://tabelog.com/tokyo/A1303/A130302/13000705/,https://yoyaku.tabelog.com/yoyaku/tabelog_booking/send_remind/,https://www.google.com/maps/search/?api=1&query=%E6%94%AF%E9%82%A3%E3%81%9D%E3%81%B0%20%E3%81%9F%E3%82%93%E3%81%9F%E3%82%93%E4%BA%AD%20%E6%9D%B1%E4%BA%AC%E9%83%BD%E6%9D%89%E4%B8%A6%E5%8C%BA%E6%B5%9C%E7%94%B0%E5%B1%B13-31-4,35.6818251,139.6274185,2018,ラーメン 百名店 TOKYO 2018,ramen_tokyo,
MENSHO,東京都文京区音羽1-17-16 中銀音羽マンシオン１F,食べログ ラーメン 百名店 TOKYO 2018 百名店 2018,https://tabelog.com/tokyo/A1303/A130302/13203848/,https://yoyaku.tabelog.com/yoyaku/tabelog_booking/send_remind/,https://www.google.com/maps/search/?api=1&query=MENSHO%20%E6%9D%B1%E4%BA%AC%E9%83%BD%E6%96%87%E4%BA%AC%E5%8C%BA%E9%9F%B3%E7%BE%BD1-17-16%20%E4%B8%AD%E9%8A%80%E9%9F%B3%E7%BE%BD%E3%83%9E%E3%83%B3%E3%82%B7%E3%82%AA%E3%83%B3%EF%BC%91F,35.7163380,139.7286885,2018,ラーメン 百名店 TOKYO 2018,ramen_tokyo,
竹末東京Premium,東京都墨田区業平5-14-7 フラーリシ押上 1F,食べログ ラーメン 百名店 TOKYO 2018 百名店 2018,https://tabelog.com/tokyo/A1303/A130302/13167920/,https://yoyaku.tabelog.com/yoyaku/tabelog_booking/send_remind/,https://www.google.com/maps/search/?api=1&query=%E7%AB%B9%E6%9C%AB%E6%9D%B1%E4%BA%ACPremium%20%E6%9D%B1%E4%BA%AC%E9%83%BD%E5%A2%A8%E7%94%B0%E5%8C%BA%E6%A5%AD%E5%B9%B35-14-7%20%E3%83%95%E3%83%A9%E3%83%BC%E3%83%AA%E3%82%B7%E6%8A%BC%E4%B8%8A%201F,35.7081521,139.8176486,2018,ラーメン 百名店 TOKYO 2018,ramen_tokyo,
麺や 七彩,東京都中央区八丁堀2-13-2 ドミノビル 1F,食べログ ラーメン 百名店 TOKYO 2018 百名店 2018,https://tabelog.com/tokyo/A1303/A130302/13184399/,https://yoyaku.tabelog.com/yoyaku/tabelog_booking/send_remind/,https://www.google.com/maps/search/?api=1&query=%E9%BA%BA%E3%82%84%20%E4%B8%83%E5%BD%A9%20%E6%9D%B1%E4%BA%AC%E9%83%BD%E4%B8%AD%E5%A4%AE%E5%8C%BA%E5%85%AB%E4%B8%81%E5%A0%802-13-2%20%E3%83%89%E3%83%9F%E3%83%8E%E3%83%93%E3%83%AB%201F,35.6771854,139.7763382,2018,ラーメン 百名店 TOKYO 2018,ramen_tokyo,
麺処ほん田,東京都北区東十条1-22-6,食べログ ラーメン 百名店 TOKYO 2018 百名店 2018,https://tabelog.com/tokyo/A1303/A130302/13047541/,https://yoyaku.tabelog.com/yoyaku/tabelog_booking/send_remind/,https://www.google.com/maps/search/?api=1&query=%E9%BA%BA%E5%87%A6%E3%81%BB%E3%82%93%E7%94%B0%20%E6%9D%B1%E4%BA%AC%E9%83%BD%E5%8C%97%E5%8C%BA%E6%9D%B1%E5%8D%81%E6%9D%A11-22-6,35.7627098,139.7306144,2018,ラーメン 百名店 TOKYO 2018,ramen_tokyo,
ラーメン大至,東京都文京区湯島2-1-2 佐藤ビル 1F,食べログ ラーメン 百名店 TOKYO 2018 百名店 2018,https://tabelog.com/tokyo/A1303/A130302/13042832/,https://yoyaku.tabelog.com/yoyaku/tabelog_booking/send_remind/,https://www.google.com/maps/search/?api=1&query=%E3%83%A9%E3%83%BC%E3%83%A1%E3%83%B3%E5%A4%A7%E8%87%B3%20%E6%9D%B1%E4%BA%AC%E9%83%BD%E6%96%87%E4%BA%AC%E5%8C%BA%E6%B9%AF%E5%B3%B62-1-2%20%E4%BD%90%E8%97%A4%E3%83%93%E3%83%AB%201F,35.7030832,139.7663510,2018,ラーメン 百名店 TOKYO 2018,ramen_tokyo,
麺屋はなび 新宿店,東京都新宿区大久保2-8-16 コスモビル 1F,食べログ ラーメン 百名店 TOKYO 2018 百名店 2018,https://tabelog.com/tokyo/A1303/A130302/13170488/,https://yoyaku.tabelog.com/yoyaku/tabelog_booking/send_remind/,https://www.google.com/maps/search/?api=1&query=%E9%BA%BA%E5%B1%8B%E3%81%AF%E3%81%AA%E3%81%B3%20%E6%96%B0%E5%AE%BF%E5%BA%97%20%E6%9D%B1%E4%BA%AC%E9%83%BD%E6%96%B0%E5%AE%BF%E5%8C%BA%E5%A4%A7%E4%B9%85%E4%BF%9D2-8-16%20%E3%82%B3%E3%82%B9%E3%83%A2%E3%83%93%E3%83%AB%201F,35.7034249,139.7076415,2018,ラーメン 百名店 TOKYO 2018,ramen_tokyo,
らぁ麺 はやし田 新宿本店,東京都新宿区新宿3-31-5 新宿ペガサス館 1F,食べログ ラーメン 百名店 TOKYO 2018 百名店 2018,https://tabelog.com/tokyo/A1303/A130302/13216496/,https://yoyaku.tabelog.com/yoyaku/tabelog_booking/send_remind/,https://www.google.com/maps/search/?api=1&query=%E3%82%89%E3%81%81%E9%BA%BA%20%E3%81%AF%E3%82%84%E3%81%97%E7%94%B0%20%E6%96%B0%E5%AE%BF%E6%9C%AC%E5%BA%97%20%E6%9D%B1%E4%BA%AC%E9%83%BD%E6%96%B0%E5%AE%BF%E5%8C%BA%E6%96%B0%E5%AE%BF3-31-5%20%E6%96%B0%E5%AE%BF%E3%83%9A%E3%82%AC%E3%82%B5%E3%82%B9%E9%A4%A8%201F,35.6907383,139.7037590,2018,ラーメン 百名店 TOKYO 2018,ramen_tokyo,
麺巧 潮,東京都千代田区神田淡路町2-4-4 アール神田淡路町 B1F,食べログ ラーメン 百名店 TOKYO 2018 百名店 2018,https://tabelog.com/tokyo/A1303/A130302/13147387/,https://yoyaku.tabelog.com/yoyaku/tabelog_booking/send_remind/,https://www.google.com/maps/search/?api=1&query=%E9%BA%BA%E5%B7%A7%20%E6%BD%AE%20%E6%9D%B1%E4%BA%AC%E9%83%BD%E5%8D%83%E4%BB%A3%E7%94%B0%E5%8C%BA%E7%A5%9E%E7%94%B0%E6%B7%A1%E8%B7%AF%E7%94%BA2-4-4%20%E3%82%A2%E3%83%BC%E3%83%AB%E7%A5%9E%E7%94%B0%E6%B7%A1%E8%B7%AF%E7%94%BA%20B1F,35.6963975,139.7677796,2018,ラーメン 百名店 TOKYO 2018,ramen_tokyo,
ラーメン英二,東京都府中市晴見町3-1-22 レジェンドチダ第2ビル 1F,食べログ ラーメン 百名店 TOKYO 2018 百名店 2018,https://tabelog.com/tokyo/A1303/A130302/13164704/,https://yoyaku.tabelog.com/yoyaku/tabelog_booking/send_remind/,https://www.google.com/maps/search/?api=1&query=%E3%83%A9%E3%83%BC%E3%83%A1%E3%83%B3%E8%8B%B1%E4%BA%8C%20%E6%9D%B1%E4%BA%AC%E9%83%BD%E5%BA%9C%E4%B8%AD%E5%B8%82%E6%99%B4%E8%A6%8B%E7%94%BA3-1-22%20%E3%83%AC%E3%82%B8%E3%82%A7%E3%83%B3%E3%83%89%E3%83%81%E3%83%80%E7%AC%AC2%E3%83%93%E3%83%AB%201F,35.6822611,139.4792378,2018,ラーメン 百名店 TOKYO 2018,ramen_tokyo,
中華そば屋 伊藤,東京都北区豊島4-5-3,食べログ ラーメン 百名店 TOKYO 2018 百名店 2018,https://tabelog.com/tokyo/A1303/A130302/13008779/,https://yoyaku.tabelog.com/yoyaku/tabelog_booking/send_remind/,https://www.google.com/maps/search/?api=1&query=%E4%B8%AD%E8%8F%AF%E3%81%9D%E3%81%B0%E5%B1%8B%20%E4%BC%8A%E8%97%A4%20%E6%9D%B1%E4%BA%AC%E9%83%BD%E5%8C%97%E5%8C%BA%E8%B1%8A%E5%B3%B64-5-3,35.7632413,139.7459579,2018,ラーメン 百名店 TOKYO 2018,ramen_tokyo,
らーめん 稲荷屋,東京都台東区元浅草2-10-13 島田ビル 1F,食べログ ラーメン 百名店 TOKYO 2018 百名店 2018,https://tabelog.com/tokyo/A1303/A130302/13180646/,https://yoyaku.tabelog.com/yoyaku/tabelog_booking/send_remind/,https://www.google.com/maps/search/?api=1&query=%E3%82%89%E3%83%BC%E3%82%81%E3%82%93%20%E7%A8%B2%E8%8D%B7%E5%B1%8B%20%E6%9D%B1%E4%BA%AC%E9%83%BD%E5%8F%B0%E6%9D%B1%E5%8C%BA%E5%85%83%E6%B5%85%E8%8D%892-10-13%20%E5%B3%B6%E7%94%B0%E3%83%93%E3%83%AB%201F,35.7108239,139.7844896,2018,ラーメン 百名店 TOKYO 2018,ramen_tokyo,
煮干しつけ麺 宮元,東京都大田区西蒲田7-8-1 1F,食べログ ラーメン 百名店 TOKYO 2018 百名店 2018,https://tabelog.com/tokyo/A1303/A130302/13180862/,https://yoyaku.tabelog.com/yoyaku/tabelog_booking/send_remind/,https://www.google.com/maps/search/?api=1&query=%E7%85%AE%E5%B9%B2%E3%81%97%E3%81%A4%E3%81%91%E9%BA%BA%20%E5%AE%AE%E5%85%83%20%E6%9D%B1%E4%BA%AC%E9%83%BD%E5%A4%A7%E7%94%B0%E5%8C%BA%E8%A5%BF%E8%92%B2%E7%94%B07-8-1%201F,35.5642360,139.7134367,2018,ラーメン 百名店 TOKYO 2018,ramen_tokyo,
六厘舎 東京駅東京ラーメンストリート,東京都千代田区丸の内1-9-1 東京駅一番街 B1F 東京ラーメンストリート内,食べログ ラーメン 百名店 TOKYO 2018 百名店 2018,https://tabelog.com/tokyo/A1303/A130302/13093047/,https://yoyaku.tabelog.com/yoyaku/tabelog_booking/send_remind/,https://www.google.com/maps/search/?api=1&query=%E5%85%AD%E5%8E%98%E8%88%8E%20%E6%9D%B1%E4%BA%AC%E9%A7%85%E6%9D%B1%E4%BA%AC%E3%83%A9%E3%83%BC%E3%83%A1%E3%83%B3%E3%82%B9%E3%83%88%E3%83%AA%E3%83%BC%E3%83%88%20%E6%9D%B1%E4%BA%AC%E9%83%BD%E5%8D%83%E4%BB%A3%E7%94%B0%E5%8C%BA%E4%B8%B8%E3%81%AE%E5%86%851-9-1%20%E6%9D%B1%E4%BA%AC%E9%A7%85%E4%B8%80%E7%95%AA%E8%A1%97%20B1F%20%E6%9D%B1%E4%BA%AC%E3%83%A9%E3%83%BC%E3%83%A1%E3%83%B3%E3%82%B9%E3%83%88%E3%83%AA%E3%83%BC%E3%83%88%E5%86%85,35.6800613,139.7678543,2018,ラーメン 百名店 TOKYO 2018,ramen_tokyo,
中華麺店 喜楽,東京都渋谷区道玄坂2-17-6,食べログ ラーメン 百名店 TOKYO 2018 百名店 2018,https://tabelog.com/tokyo/A1303/A130302/13001705/,https://yoyaku.tabelog.com/yoyaku/tabelog_booking/send_remind/,https://www.google.com/maps/search/?api=1&query=%E4%B8%AD%E8%8F%AF%E9%BA%BA%E5%BA%97%20%E5%96%9C%E6%A5%BD%20%E6%9D%B1%E4%BA%AC%E9%83%BD%E6%B8%8B%E8%B0%B7%E5%8C%BA%E9%81%93%E7%8E%84%E5%9D%822-17-6,35.6590466,139.6968776,2018,ラーメン 百名店 TOKYO 2018,ramen_tokyo,
中華めん処 道頓堀,東京都板橋区成増2-17-2,食べログ ラーメン 百名店 TOKYO 2018 百名店 2018,https://tabelog.com/tokyo/A1303/A130302/13003812/,https://yoyaku.tabelog.com/yoyaku/tabelog_booking/send_remind/,https://www.google.com/maps/search/?api=1&query=%E4%B8%AD%E8%8F%AF%E3%82%81%E3%82%93%E5%87%A6%20%E9%81%93%E9%A0%93%E5%A0%80%20%E6%9D%B1%E4%BA%AC%E9%83%BD%E6%9D%BF%E6%A9%8B%E5%8C%BA%E6%88%90%E5%A2%972-17-2,35.7766449,139.6317591,2018,ラーメン 百名店 TOKYO 2018,ramen_tokyo,
麺屋ひょっとこ 交通会館店,東京都千代田区有楽町2-10-1 東京交通会館 B1F,食べログ ラーメン 百名店 TOKYO 2018 百名店 2018,https://tabelog.com/tokyo/A1303/A130302/13046637/,https://yoyaku.tabelog.com/yoyaku/tabelog_booking/send_remind/,https://www.google.com/maps/search/?api=1&query=%E9%BA%BA%E5%B1%8B%E3%81%B2%E3%82%87%E3%81%A3%E3%81%A8%E3%81%93%20%E4%BA%A4%E9%80%9A%E4%BC%9A%E9%A4%A8%E5%BA%97%20%E6%9D%B1%E4%BA%AC%E9%83%BD%E5%8D%83%E4%BB%A3%E7%94%B0%E5%8C%BA%E6%9C%89%E6%A5%BD%E7%94%BA2-10-1%20%E6%9D%B1%E4%BA%AC%E4%BA%A4%E9%80%9A%E4%BC%9A%E9%A4%A8%20B1F,35.6751600,139.7643428,2018,ラーメン 百名店 TOKYO 2018,ramen_tokyo,
中華そば ムタヒロ  1号店,東京都国分寺市南町3-15-9 寿コーポB号 1F,食べログ ラーメン 百名店 TOKYO 2018 百名店 2018,https://tabelog.com/tokyo/A1303/A130302/13131257/,https://yoyaku.tabelog.com/yoyaku/tabelog_booking/send_remind/,https://www.google.com/maps/search/?api=1&query=%E4%B8%AD%E8%8F%AF%E3%81%9D%E3%81%B0%20%E3%83%A0%E3%82%BF%E3%83%92%E3%83%AD%20%201%E5%8F%B7%E5%BA%97%20%E6%9D%B1%E4%BA%AC%E9%83%BD%E5%9B%BD%E5%88%86%E5%AF%BA%E5%B8%82%E5%8D%97%E7%94%BA3-15-9%20%E5%AF%BF%E3%82%B3%E3%83%BC%E3%83%9DB%E5%8F%B7%201F,35.6988865,139.4802068,2018,ラーメン 百名店 TOKYO 2018,ramen_tokyo,
らぁ麺 すぎ本,東京都中野区鷺宮4-2-3,食べログ ラーメン 百名店 TOKYO 2018 百名店 2018,https://tabelog.com/tokyo/A1303/A130302/13163409/,https://yoyaku.tabelog.com/yoyaku/tabelog_booking/send_remind/,https://www.google.com/maps/search/?api=1&query=%E3%82%89%E3%81%81%E9%BA%BA%20%E3%81%99%E3%81%8E%E6%9C%AC%20%E6%9D%B1%E4%BA%AC%E9%83%BD%E4%B8%AD%E9%87%8E%E5%8C%BA%E9%B7%BA%E5%AE%AE4-2-3,35.7230996,139.6376609,2018,ラーメン 百名店 TOKYO 2018,ramen_tokyo,
ラーメン二郎 ひばりヶ丘駅前店,東京都西東京市谷戸町3-27-24 ひばりがおかプラザ　１Ｆ,食べログ ラーメン 百名店 TOKYO 2018 百名店 2018,https://tabelog.com/tokyo/A1303/A130302/13024745/,https://yoyaku.tabelog.com/yoyaku/tabelog_booking/send_remind/,https://www.google.com/maps/search/?api=1&query=%E3%83%A9%E3%83%BC%E3%83%A1%E3%83%B3%E4%BA%8C%E9%83%8E%20%E3%81%B2%E3%81%B0%E3%82%8A%E3%83%B6%E4%B8%98%E9%A7%85%E5%89%8D%E5%BA%97%20%E6%9D%B1%E4%BA%AC%E9%83%BD%E8%A5%BF%E6%9D%B1%E4%BA%AC%E5%B8%82%E8%B0%B7%E6%88%B8%E7%94%BA3-27-24%20%E3%81%B2%E3%81%B0%E3%82%8A%E3%81%8C%E3%81%8A%E3%81%8B%E3%83%97%E3%83%A9%E3%82%B6%E3%80%80%EF%BC%91%EF%BC%A6,35.7499667,139.5435720,2018,ラーメン 百名店 TOKYO 2018,ramen_tokyo,
麺尊 RAGE,東京都杉並区松庵3-37-22 レンツェン松庵 1F,食べログ ラーメン 百名店 TOKYO 2018 百名店 2018,https://tabelog.com/tokyo/A1303/A130302/13178309/,https://yoyaku.tabelog.com/yoyaku/tabelog_booking/send_remind/,https://www.google.com/maps/search/?api=1&query=%E9%BA%BA%E5%B0%8A%20RAGE%20%E6%9D%B1%E4%BA%AC%E9%83%BD%E6%9D%89%E4%B8%A6%E5%8C%BA%E6%9D%BE%E5%BA%B53-37-22%20%E3%83%AC%E3%83%B3%E3%83%84%E3%82%A7%E3%83%B3%E6%9D%BE%E5%BA%B5%201F,35.7017901,139.5991866,2018,ラーメン 百名店 TOKYO 2018,ramen_tokyo,
鶏こく中華 すず喜,東京都三鷹市下連雀3-28-21 公団三鷹駅前第2アパートB 1,食べログ ラーメン 百名店 TOKYO 2018 百名店 2018,https://tabelog.com/tokyo/A1303/A130302/13215409/,https://yoyaku.tabelog.com/yoyaku/tabelog_booking/send_remind/,https://www.google.com/maps/search/?api=1&query=%E9%B6%8F%E3%81%93%E3%81%8F%E4%B8%AD%E8%8F%AF%20%E3%81%99%E3%81%9A%E5%96%9C%20%E6%9D%B1%E4%BA%AC%E9%83%BD%E4%B8%89%E9%B7%B9%E5%B8%82%E4%B8%8B%E9%80%A3%E9%9B%803-28-21%20%E5%85%AC%E5%9B%A3%E4%B8%89%E9%B7%B9%E9%A7%85%E5%89%8D%E7%AC%AC2%E3%82%A2%E3%83%91%E3%83%BC%E3%83%88B%201,35.6997910,139.5612562,2018,ラーメン 百名店 TOKYO 2018,ramen_tokyo,
ラーメン二郎 三田本店,東京都港区三田2-16-4,食べログ ラーメン 百名店 TOKYO 2018 百名店 2018,https://tabelog.com/tokyo/A1303/A130302/13006051/,https://yoyaku.tabelog.com/yoyaku/tabelog_booking/send_remind/,https://www.google.com/maps/search/?api=1&query=%E3%83%A9%E3%83%BC%E3%83%A1%E3%83%B3%E4%BA%8C%E9%83%8E%20%E4%B8%89%E7%94%B0%E6%9C%AC%E5%BA%97%20%E6%9D%B1%E4%BA%AC%E9%83%BD%E6%B8%AF%E5%8C%BA%E4%B8%89%E7%94%B02-16-4,35.6480686,139.7416415,2018,ラーメン 百名店 TOKYO 2018,ramen_tokyo,
創作麺工房 鳴龍,東京都豊島区南大塚2-34-4 SKY南大塚 1F,食べログ ラーメン 百名店 TOKYO 2018 百名店 2018,https://tabelog.com/tokyo/A1303/A130302/13141302/,https://yoyaku.tabelog.com/yoyaku/tabelog_booking/send_remind/,https://www.google.com/maps/search/?api=1&query=%E5%89%B5%E4%BD%9C%E9%BA%BA%E5%B7%A5%E6%88%BF%20%E9%B3%B4%E9%BE%8D%20%E6%9D%B1%E4%BA%AC%E9%83%BD%E8%B1%8A%E5%B3%B6%E5%8C%BA%E5%8D%97%E5%A4%A7%E5%A1%9A2-34-4%20SKY%E5%8D%97%E5%A4%A7%E5%A1%9A%201F,35.7286843,139.7303508,2018,ラーメン 百名店 TOKYO 2018,ramen_tokyo,
神名備,東京都文京区千駄木4-21-3,食べログ ラーメン 百名店 TOKYO 2018 百名店 2018,https://tabelog.com/tokyo/A1303/A130302/13006070/,https://yoyaku.tabelog.com/yoyaku/tabelog_booking/send_remind/,https://www.google.com/maps/search/?api=1&query=%E7%A5%9E%E5%90%8D%E5%82%99%20%E6%9D%B1%E4%BA%AC%E9%83%BD%E6%96%87%E4%BA%AC%E5%8C%BA%E5%8D%83%E9%A7%84%E6%9C%A84-21-3,35.7310989,139.7607357,2018,ラーメン 百名店 TOKYO 2018,ramen_tokyo,
鶏そば  ムタヒロ 2号店,東京都国分寺市本町2-3-6 タリホービル 1Ｆ右,食べログ ラーメン 百名店 TOKYO 2018 百名店 2018,https://tabelog.com/tokyo/A1303/A130302/13147068/,https://yoyaku.tabelog.com/yoyaku/tabelog_booking/send_remind/,https://www.google.com/maps/search/?api=1&query=%E9%B6%8F%E3%81%9D%E3%81%B0%20%20%E3%83%A0%E3%82%BF%E3%83%92%E3%83%AD%202%E5%8F%B7%E5%BA%97%20%E6%9D%B1%E4%BA%AC%E9%83%BD%E5%9B%BD%E5%88%86%E5%AF%BA%E5%B8%82%E6%9C%AC%E7%94%BA2-3-6%20%E3%82%BF%E3%83%AA%E3%83%9B%E3%83%BC%E3%83%93%E3%83%AB%201%EF%BC%A6%E5%8F%B3,35.7009145,139.4829201,2018,ラーメン 百名店 TOKYO 2018,ramen_tokyo,
らぁ麺やまぐち,東京都新宿区西早稲田3-13-4 1F,食べログ ラーメン 百名店 TOKYO 2018 百名店 2018,https://tabelog.com/tokyo/A1303/A130302/13151200/,https://yoyaku.tabelog.com/yoyaku/tabelog_booking/send_remind/,https://www.google.com/maps/search/?api=1&query=%E3%82%89%E3%81%81%E9%BA%BA%E3%82%84%E3%81%BE%E3%81%90%E3%81%A1%20%E6%9D%B1%E4%BA%AC%E9%83%BD%E6%96%B0%E5%AE%BF%E5%8C%BA%E8%A5%BF%E6%97%A9%E7%A8%B2%E7%94%B03-13-4%201F,35.7099829,139.7139162,2018,ラーメン 百名店 TOKYO 2018,ramen_tokyo,
麺処 篠はら,東京都豊島区池袋3-1-4,食べログ ラーメン 百名店 TOKYO 2018 百名店 2018,https://tabelog.com/tokyo/A1303/A130302/13188419/,https://yoyaku.tabelog.com/yoyaku/tabelog_booking/send_remind/,https://www.google.com/maps/search/?api=1&query=%E9%BA%BA%E5%87%A6%20%E7%AF%A0%E3%81%AF%E3%82%89%20%E6%9D%B1%E4%BA%AC%E9%83%BD%E8%B1%8A%E5%B3%B6%E5%8C%BA%E6%B1%A0%E8%A2%8B3-1-4,35.7330302,139.7022083,2018,ラーメン 百名店 TOKYO 2018,ramen_tokyo,
麺屋 翔 本店,東京都新宿区西新宿7-22-34,食べログ ラーメン 百名店 TOKYO 2018 百名店 2018,https://tabelog.com/tokyo/A1303/A130302/13040181/,https://yoyaku.tabelog.com/yoyaku/tabelog_booking/send_remind/,https://www.google.com/maps/search/?api=1&query=%E9%BA%BA%E5%B1%8B%20%E7%BF%94%20%E6%9C%AC%E5%BA%97%20%E6%9D%B1%E4%BA%AC%E9%83%BD%E6%96%B0%E5%AE%BF%E5%8C%BA%E8%A5%BF%E6%96%B0%E5%AE%BF7-22-34,35.6966029,139.6966100,2018,ラーメン 百名店 TOKYO 2018,ramen_tokyo,
ラーメン二郎 八王子野猿街道店 ２,東京都八王子市堀之内2-13-16,食べログ ラーメン 百名店 TOKYO 2018 百名店 2018,https://tabelog.com/tokyo/A1303/A130302/13025633/,https://yoyaku.tabelog.com/yoyaku/tabelog_booking/send_remind/,https://www.google.com/maps/search/?api=1&query=%E3%83%A9%E3%83%BC%E3%83%A1%E3%83%B3%E4%BA%8C%E9%83%8E%20%E5%85%AB%E7%8E%8B%E5%AD%90%E9%87%8E%E7%8C%BF%E8%A1%97%E9%81%93%E5%BA%97%20%EF%BC%92%20%E6%9D%B1%E4%BA%AC%E9%83%BD%E5%85%AB%E7%8E%8B%E5%AD%90%E5%B8%82%E5%A0%80%E4%B9%8B%E5%86%852-13-16,35.6294882,139.4013554,2018,ラーメン 百名店 TOKYO 2018,ramen_tokyo,
麺屋KABOちゃん,東京都北区西ケ原1-54-1,食べログ ラーメン 百名店 TOKYO 2018 百名店 2018,https://tabelog.com/tokyo/A1303/A130302/13151928/,https://yoyaku.tabelog.com/yoyaku/tabelog_booking/send_remind/,https://www.google.com/maps/search/?api=1&query=%E9%BA%BA%E5%B1%8BKABO%E3%81%A1%E3%82%83%E3%82%93%20%E6%9D%B1%E4%BA%AC%E9%83%BD%E5%8C%97%E5%8C%BA%E8%A5%BF%E3%82%B1%E5%8E%9F1-54-1,35.7398536,139.7465266,2018,ラーメン 百名店 TOKYO 2018,ramen_tokyo,
ろく月,東京都台東区浅草橋2-4-5,食べログ ラーメン 百名店 TOKYO 2018 百名店 2018,https://tabelog.com/tokyo/A1303/A130302/13161632/,https://yoyaku.tabelog.com/yoyaku/tabelog_booking/send_remind/,https://www.google.com/maps/search/?api=1&query=%E3%82%8D%E3%81%8F%E6%9C%88%20%E6%9D%B1%E4%BA%AC%E9%83%BD%E5%8F%B0%E6%9D%B1%E5%8C%BA%E6%B5%85%E8%8D%89%E6%A9%8B2-4-5,35.6988908,139.7853125,2018,ラーメン 百名店 TOKYO 2018,ramen_tokyo,
らぁめん小池,東京都世田谷区上北沢4-19-18 上北沢ハイネスコーポ1F,食べログ ラーメン 百名店 TOKYO 2018 百名店 2018,https://tabelog.com/tokyo/A1303/A130302/13172994/,https://yoyaku.tabelog.com/yoyaku/tabelog_booking/send_remind/,https://www.google.com/maps/search/?api=1&query=%E3%82%89%E3%81%81%E3%82%81%E3%82%93%E5%B0%8F%E6%B1%A0%20%E6%9D%B1%E4%BA%AC%E9%83%BD%E4%B8%96%E7%94%B0%E8%B0%B7%E5%8C%BA%E4%B8%8A%E5%8C%97%E6%B2%A24-19-18%20%E4%B8%8A%E5%8C%97%E6%B2%A2%E3%83%8F%E3%82%A4%E3%83%8D%E3%82%B9%E3%82%B3%E3%83%BC%E3%83%9D1F,35.6705067,139.6223869,2018,ラーメン 百名店 TOKYO 2018,ramen_tokyo,
麺 みつヰ,東京都台東区西浅草2-10-4 あけぼのビル1B,食べログ ラーメン 百名店 TOKYO 2018 百名店 2018,https://tabelog.com/tokyo/A1303/A130302/13203387/,https://yoyaku.tabelog.com/yoyaku/tabelog_booking/send_remind/,https://www.google.com/maps/search/?api=1&query=%E9%BA%BA%20%E3%81%BF%E3%81%A4%E3%83%B0%20%E6%9D%B1%E4%BA%AC%E9%83%BD%E5%8F%B0%E6%9D%B1%E5%8C%BA%E8%A5%BF%E6%B5%85%E8%8D%892-10-4%20%E3%81%82%E3%81%91%E3%81%BC%E3%81%AE%E3%83%93%E3%83%AB1B,35.7125331,139.7905381,2018,ラーメン 百名店 TOKYO 2018,ramen_tokyo,
麺や庄の,東京都新宿区市谷田町1-3 クレセントビル 1Ｆ,食べログ ラーメン 百名店 TOKYO 2018 百名店 2018,https://tabelog.com/tokyo/A1303/A130302/13126304/,https://yoyaku.tabelog.com/yoyaku/tabelog_booking/send_remind/,https://www.google.com/maps/search/?api=1&query=%E9%BA%BA%E3%82%84%E5%BA%84%E3%81%AE%20%E6%9D%B1%E4%BA%AC%E9%83%BD%E6%96%B0%E5%AE%BF%E5%8C%BA%E5%B8%82%E8%B0%B7%E7%94%B0%E7%94%BA1-3%20%E3%82%AF%E3%83%AC%E3%82%BB%E3%83%B3%E3%83%88%E3%83%93%E3%83%AB%201%EF%BC%A6,35.6928126,139.7353429,2018,ラーメン 百名店 TOKYO 2018,ramen_tokyo,
カネキッチン ヌードル,東京都豊島区南長崎5-26-15 マチテラス南長崎 2F,食べログ ラーメン 百名店 TOKYO 2018 百名店 2018,https://tabelog.com/tokyo/A1303/A130302/13203355/,https://yoyaku.tabelog.com/yoyaku/tabelog_booking/send_remind/,https://www.google.com/maps/search/?api=1&query=%E3%82%AB%E3%83%8D%E3%82%AD%E3%83%83%E3%83%81%E3%83%B3%20%E3%83%8C%E3%83%BC%E3%83%89%E3%83%AB%20%E6%9D%B1%E4%BA%AC%E9%83%BD%E8%B1%8A%E5%B3%B6%E5%8C%BA%E5%8D%97%E9%95%B7%E5%B4%8E5-26-15%20%E3%83%9E%E3%83%81%E3%83%86%E3%83%A9%E3%82%B9%E5%8D%97%E9%95%B7%E5%B4%8E%202F,35.7290397,139.6827375,2018,ラーメン 百名店 TOKYO 2018,ramen_tokyo,
中華そば 多賀野,東京都品川区中延2-15-10,食べログ ラーメン 百名店 TOKYO 2018 百名店 2018,https://tabelog.com/tokyo/A1303/A130302/13003421/,https://yoyaku.tabelog.com/yoyaku/tabelog_booking/send_remind/,https://www.google.com/maps/search/?api=1&query=%E4%B8%AD%E8%8F%AF%E3%81%9D%E3%81%B0%20%E5%A4%9A%E8%B3%80%E9%87%8E%20%E6%9D%B1%E4%BA%AC%E9%83%BD%E5%93%81%E5%B7%9D%E5%8C%BA%E4%B8%AD%E5%BB%B62-15-10,35.6097235,139.7115685,2018,ラーメン 百名店 TOKYO 2018,ramen_tokyo,
麺屋 ねむ瑠,東京都文京区本郷4-3-2,食べログ ラーメン 百名店 TOKYO 2018 百名店 2018,https://tabelog.com/tokyo/A1303/A130302/13186981/,https://yoyaku.tabelog.com/yoyaku/tabelog_booking/send_remind/,https://www.google.com/maps/search/?api=1&query=%E9%BA%BA%E5%B1%8B%20%E3%81%AD%E3%82%80%E7%91%A0%20%E6%9D%B1%E4%BA%AC%E9%83%BD%E6%96%87%E4%BA%AC%E5%8C%BA%E6%9C%AC%E9%83%B74-3-2,35.7075556,139.7592809,2018,ラーメン 百名店 TOKYO 2018,ramen_tokyo,
かしわぎ,東京都中野区東中野1-36-7,食べログ ラーメン 百名店 TOKYO 2018 百名店 2018,https://tabelog.com/tokyo/A1303/A130302/13209326/,https://yoyaku.tabelog.com/yoyaku/tabelog_booking/send_remind/,https://www.google.com/maps/search/?api=1&query=%E3%81%8B%E3%81%97%E3%82%8F%E3%81%8E%20%E6%9D%B1%E4%BA%AC%E9%83%BD%E4%B8%AD%E9%87%8E%E5%8C%BA%E6%9D%B1%E4%B8%AD%E9%87%8E1-36-7,35.7042914,139.6856570,2018,ラーメン 百名店 TOKYO 2018,ramen_tokyo,
町田汁場 しおらーめん進化 町田駅前店,東京都町田市森野1-12-13 ワールドビル 2F,食べログ ラーメン 百名店 TOKYO 2018 百名店 2018,https://tabelog.com/tokyo/A1303/A130302/13165085/,https://yoyaku.tabelog.com/yoyaku/tabelog_booking/send_remind/,https://www.google.com/maps/search/?api=1&query=%E7%94%BA%E7%94%B0%E6%B1%81%E5%A0%B4%20%E3%81%97%E3%81%8A%E3%82%89%E3%83%BC%E3%82%81%E3%82%93%E9%80%B2%E5%8C%96%20%E7%94%BA%E7%94%B0%E9%A7%85%E5%89%8D%E5%BA%97%20%E6%9D%B1%E4%BA%AC%E9%83%BD%E7%94%BA%E7%94%B0%E5%B8%82%E6%A3%AE%E9%87%8E1-12-13%20%E3%83%AF%E3%83%BC%E3%83%AB%E3%83%89%E3%83%93%E3%83%AB%202F,35.5446464,139.4424136,2018,ラーメン 百名店 TOKYO 2018,ramen_tokyo,
陽はまたのぼる,東京都足立区綾瀬2-1-4,食べログ ラーメン 百名店 TOKYO 2018 百名店 2018,https://tabelog.com/tokyo/A1303/A130302/13206995/,https://yoyaku.tabelog.com/yoyaku/tabelog_booking/send_remind/,https://www.google.com/maps/search/?api=1&query=%E9%99%BD%E3%81%AF%E3%81%BE%E3%81%9F%E3%81%AE%E3%81%BC%E3%82%8B%20%E6%9D%B1%E4%BA%AC%E9%83%BD%E8%B6%B3%E7%AB%8B%E5%8C%BA%E7%B6%BE%E7%80%AC2-1-4,35.7580533,139.8261508,2018,ラーメン 百名店 TOKYO 2018,ramen_tokyo,
一条流がんこ総本家分家四谷荒木町,東京都新宿区舟町4-1 メゾンド四谷 106,食べログ ラーメン 百名店 TOKYO 2018 百名店 2018,https://tabelog.com/tokyo/A1303/A130302/13126058/,https://yoyaku.tabelog.com/yoyaku/tabelog_booking/send_remind/,https://www.google.com/maps/search/?api=1&query=%E4%B8%80%E6%9D%A1%E6%B5%81%E3%81%8C%E3%82%93%E3%81%93%E7%B7%8F%E6%9C%AC%E5%AE%B6%E5%88%86%E5%AE%B6%E5%9B%9B%E8%B0%B7%E8%8D%92%E6%9C%A8%E7%94%BA%20%E6%9D%B1%E4%BA%AC%E9%83%BD%E6%96%B0%E5%AE%BF%E5%8C%BA%E8%88%9F%E7%94%BA4-1%20%E3%83%A1%E3%82%BE%E3%83%B3%E3%83%89%E5%9B%9B%E8%B0%B7%20106,35.6892677,139.7215066,2018,ラーメン 百名店 TOKYO 2018,ramen_tokyo,
中華そば べんてん,東京都練馬区旭町3-25-2,食べログ ラーメン 百名店 TOKYO 2018 百名店 2018,https://tabelog.com/tokyo/A1303/A130302/13200351/,https://yoyaku.tabelog.com/yoyaku/tabelog_booking/send_remind/,https://www.google.com/maps/search/?api=1&query=%E4%B8%AD%E8%8F%AF%E3%81%9D%E3%81%B0%20%E3%81%B9%E3%82%93%E3%81%A6%E3%82%93%20%E6%9D%B1%E4%BA%AC%E9%83%BD%E7%B7%B4%E9%A6%AC%E5%8C%BA%E6%97%AD%E7%94%BA3-25-2,35.7761627,139.6292513,2018,ラーメン 百名店 TOKYO 2018,ramen_tokyo,
RAMEN GOTTSU,東京都練馬区練馬1-29-16,食べログ ラーメン 百名店 TOKYO 2018 百名店 2018,https://tabelog.com/tokyo/A1303/A130302/13153294/,https://yoyaku.tabelog.com/yoyaku/tabelog_booking/send_remind/,https://www.google.com/maps/search/?api=1&query=RAMEN%20GOTTSU%20%E6%9D%B1%E4%BA%AC%E9%83%BD%E7%B7%B4%E9%A6%AC%E5%8C%BA%E7%B7%B4%E9%A6%AC1-29-16,35.7394186,139.6568419,2018,ラーメン 百名店 TOKYO 2018,ramen_tokyo,
中華蕎麦 蘭鋳,東京都杉並区堀ノ内2-13-13,食べログ ラーメン 百名店 TOKYO 2018 百名店 2018,https://tabelog.com/tokyo/A1303/A130302/13113532/,https://yoyaku.tabelog.com/yoyaku/tabelog_booking/send_remind/,https://www.google.com/maps/search/?api=1&query=%E4%B8%AD%E8%8F%AF%E8%95%8E%E9%BA%A6%20%E8%98%AD%E9%8B%B3%20%E6%9D%B1%E4%BA%AC%E9%83%BD%E6%9D%89%E4%B8%A6%E5%8C%BA%E5%A0%80%E3%83%8E%E5%86%852-13-13,35.6885810,139.6550641,2018,ラーメン 百名店 TOKYO 2018,ramen_tokyo,
麺屋 Hulu-lu,東京都豊島区池袋2-60-7,食べログ ラーメン 百名店 TOKYO 2018 百名店 2018,https://tabelog.com/tokyo/A1303/A130302/13136428/,https://yoyaku.tabelog.com/yoyaku/tabelog_booking/send_remind/,https://www.google.com/maps/search/?api=1&query=%E9%BA%BA%E5%B1%8B%20Hulu-lu%20%E6%9D%B1%E4%BA%AC%E9%83%BD%E8%B1%8A%E5%B3%B6%E5%8C%BA%E6%B1%A0%E8%A2%8B2-60-7,35.7350055,139.7090532,2018,ラーメン 百名店 TOKYO 2018,ramen_tokyo,
SOBA HOUSE 金色不如帰,東京都渋谷区幡ヶ谷2-47-12,食べログ ラーメン 百名店 TOKYO 2018 百名店 2018,https://tabelog.com/tokyo/A1303/A130302/13022582/,https://yoyaku.tabelog.com/yoyaku/tabelog_booking/send_remind/,https://www.google.com/maps/search/?api=1&query=SOBA%20HOUSE%20%E9%87%91%E8%89%B2%E4%B8%8D%E5%A6%82%E5%B8%B0%20%E6%9D%B1%E4%BA%AC%E9%83%BD%E6%B8%8B%E8%B0%B7%E5%8C%BA%E5%B9%A1%E3%83%B6%E8%B0%B72-47-12,35.6792153,139.6770882,2018,ラーメン 百名店 TOKYO 2018,ramen_tokyo,
つけ麺 五ノ神製作所,東京都渋谷区千駄ヶ谷5-33-16 シャトレー新宿御苑第一 1F,食べログ ラーメン 百名店 TOKYO 2018 百名店 2018,https://tabelog.com/tokyo/A1303/A130302/13120708/,https://yoyaku.tabelog.com/yoyaku/tabelog_booking/send_remind/,https://www.google.com/maps/search/?api=1&query=%E3%81%A4%E3%81%91%E9%BA%BA%20%E4%BA%94%E3%83%8E%E7%A5%9E%E8%A3%BD%E4%BD%9C%E6%89%80%20%E6%9D%B1%E4%BA%AC%E9%83%BD%E6%B8%8B%E8%B0%B7%E5%8C%BA%E5%8D%83%E9%A7%84%E3%83%B6%E8%B0%B75-33-16%20%E3%82%B7%E3%83%A3%E3%83%88%E3%83%AC%E3%83%BC%E6%96%B0%E5%AE%BF%E5%BE%A1%E8%8B%91%E7%AC%AC%E4%B8%80%201F,35.6873599,139.7038713,2018,ラーメン 百名店 TOKYO 2018,ramen_tokyo,
中華そば いづる,東京都港区芝大門2-1-18,食べログ ラーメン 百名店 TOKYO 2018 百名店 2018,https://tabelog.com/tokyo/A1303/A130302/13204179/,https://yoyaku.tabelog.com/yoyaku/tabelog_booking/send_remind/,https://www.google.com/maps/search/?api=1&query=%E4%B8%AD%E8%8F%AF%E3%81%9D%E3%81%B0%20%E3%81%84%E3%81%A5%E3%82%8B%20%E6%9D%B1%E4%BA%AC%E9%83%BD%E6%B8%AF%E5%8C%BA%E8%8A%9D%E5%A4%A7%E9%96%802-1-18,35.6566013,139.7531722,2018,ラーメン 百名店 TOKYO 2018,ramen_tokyo,
自家製麺 MENSHO TOKYO,東京都文京区春日1-15-9,食べログ ラーメン 百名店 TOKYO 2018 百名店 2018,https://tabelog.com/tokyo/A1303/A130302/13171239/,https://yoyaku.tabelog.com/yoyaku/tabelog_booking/send_remind/,https://www.google.com/maps/search/?api=1&query=%E8%87%AA%E5%AE%B6%E8%A3%BD%E9%BA%BA%20MENSHO%20TOKYO%20%E6%9D%B1%E4%BA%AC%E9%83%BD%E6%96%87%E4%BA%AC%E5%8C%BA%E6%98%A5%E6%97%A51-15-9,35.7083316,139.7514439,2018,ラーメン 百名店 TOKYO 2018,ramen_tokyo,
むぎとオリーブ 銀座本店,東京都中央区銀座6-12-12 銀座ステラビル 1F,食べログ ラーメン 百名店 TOKYO 2018 百名店 2018,https://tabelog.com/tokyo/A1303/A130302/13164932/,https://yoyaku.tabelog.com/yoyaku/tabelog_booking/send_remind/,https://www.google.com/maps/search/?api=1&query=%E3%82%80%E3%81%8E%E3%81%A8%E3%82%AA%E3%83%AA%E3%83%BC%E3%83%96%20%E9%8A%80%E5%BA%A7%E6%9C%AC%E5%BA%97%20%E6%9D%B1%E4%BA%AC%E9%83%BD%E4%B8%AD%E5%A4%AE%E5%8C%BA%E9%8A%80%E5%BA%A76-12-12%20%E9%8A%80%E5%BA%A7%E3%82%B9%E3%83%86%E3%83%A9%E3%83%93%E3%83%AB%201F,35.6690124,139.7643693,2018,ラーメン 百名店 TOKYO 2018,ramen_tokyo,
中華そば ふくみみ,東京都府中市美好町1-19-6 伊藤コーポ 1F,食べログ ラーメン 百名店 TOKYO 2018 百名店 2018,https://tabelog.com/tokyo/A1303/A130302/13016486/,https://yoyaku.tabelog.com/yoyaku/tabelog_booking/send_remind/,https://www.google.com/maps/search/?api=1&query=%E4%B8%AD%E8%8F%AF%E3%81%9D%E3%81%B0%20%E3%81%B5%E3%81%8F%E3%81%BF%E3%81%BF%20%E6%9D%B1%E4%BA%AC%E9%83%BD%E5%BA%9C%E4%B8%AD%E5%B8%82%E7%BE%8E%E5%A5%BD%E7%94%BA1-19-6%20%E4%BC%8A%E8%97%A4%E3%82%B3%E3%83%BC%E3%83%9D%201F,35.6735575,139.4697707,2018,ラーメン 百名店 TOKYO 2018,ramen_tokyo,
柴崎亭 つつじヶ丘本店,東京都調布市西つつじケ丘3-25-52,食べログ ラーメン 百名店 TOKYO 2018 百名店 2018,https://tabelog.com/tokyo/A1303/A130302/13135162/,https://yoyaku.tabelog.com/yoyaku/tabelog_booking/send_remind/,https://www.google.com/maps/search/?api=1&query=%E6%9F%B4%E5%B4%8E%E4%BA%AD%20%E3%81%A4%E3%81%A4%E3%81%98%E3%83%B6%E4%B8%98%E6%9C%AC%E5%BA%97%20%E6%9D%B1%E4%BA%AC%E9%83%BD%E8%AA%BF%E5%B8%83%E5%B8%82%E8%A5%BF%E3%81%A4%E3%81%A4%E3%81%98%E3%82%B1%E4%B8%983-25-52,35.6575475,139.5737444,2018,ラーメン 百名店 TOKYO 2018,ramen_tokyo,
一番いちばん,東京都町田市中町1-28-24 大成ビル　１Ｆ,食べログ ラーメン 百名店 TOKYO 2018 百名店 2018,https://tabelog.com/tokyo/A1303/A130302/13001469/,https://yoyaku.tabelog.com/yoyaku/tabelog_booking/send_remind/,https://www.google.com/maps/search/?api=1&query=%E4%B8%80%E7%95%AA%E3%81%84%E3%81%A1%E3%81%B0%E3%82%93%20%E6%9D%B1%E4%BA%AC%E9%83%BD%E7%94%BA%E7%94%B0%E5%B8%82%E4%B8%AD%E7%94%BA1-28-24%20%E5%A4%A7%E6%88%90%E3%83%93%E3%83%AB%E3%80%80%EF%BC%91%EF%BC%A6,35.5493985,139.4469977,2018,ラーメン 百名店 TOKYO 2018,ramen_tokyo,
食堂七彩,東京都中野区鷺宮3-1-12,食べログ ラーメン 百名店 TOKYO 2018 百名店 2018,https://tabelog.com/tokyo/A1303/A130302/13145418/,https://yoyaku.tabelog.com/yoyaku/tabelog_booking/send_remind/,https://www.google.com/maps/search/?api=1&query=%E9%A3%9F%E5%A0%82%E4%B8%83%E5%BD%A9%20%E6%9D%B1%E4%BA%AC%E9%83%BD%E4%B8%AD%E9%87%8E%E5%8C%BA%E9%B7%BA%E5%AE%AE3-1-12,35.7232276,139.6439600,2018,ラーメン 百名店 TOKYO 2018,ramen_tokyo,
ほっこり中華そば もつけ,東京都八王子市万町34-1,食べログ ラーメン 百名店 TOKYO 2018 百名店 2018,https://tabelog.com/tokyo/A1303/A130302/13192847/,https://yoyaku.tabelog.com/yoyaku/tabelog_booking/send_remind/,https://www.google.com/maps/search/?api=1&query=%E3%81%BB%E3%81%A3%E3%81%93%E3%82%8A%E4%B8%AD%E8%8F%AF%E3%81%9D%E3%81%B0%20%E3%82%82%E3%81%A4%E3%81%91%20%E6%9D%B1%E4%BA%AC%E9%83%BD%E5%85%AB%E7%8E%8B%E5%AD%90%E5%B8%82%E4%B8%87%E7%94%BA34-1,35.6531134,139.3332002,2018,ラーメン 百名店 TOKYO 2018,ramen_tokyo,
田中商店 本店,東京都足立区一ツ家2-14-6,食べログ ラーメン 百名店 TOKYO 2018 百名店 2018,https://tabelog.com/tokyo/A1303/A130302/13003726/,https://yoyaku.tabelog.com/yoyaku/tabelog_booking/send_remind/,https://www.google.com/maps/search/?api=1&query=%E7%94%B0%E4%B8%AD%E5%95%86%E5%BA%97%20%E6%9C%AC%E5%BA%97%20%E6%9D%B1%E4%BA%AC%E9%83%BD%E8%B6%B3%E7%AB%8B%E5%8C%BA%E4%B8%80%E3%83%84%E5%AE%B62-14-6,35.7846658,139.8109256,2018,ラーメン 百名店 TOKYO 2018,ramen_tokyo,
中華そば しながわ,東京都豊島区西池袋4-19-14,食べログ ラーメン 百名店 TOKYO 2018 百名店 2018,https://tabelog.com/tokyo/A1303/A130302/13157559/,https://yoyaku.tabelog.com/yoyaku/tabelog_booking/send_remind/,https://www.google.com/maps/search/?api=1&query=%E4%B8%AD%E8%8F%AF%E3%81%9D%E3%81%B0%20%E3%81%97%E3%81%AA%E3%81%8C%E3%82%8F%20%E6%9D%B1%E4%BA%AC%E9%83%BD%E8%B1%8A%E5%B3%B6%E5%8C%BA%E8%A5%BF%E6%B1%A0%E8%A2%8B4-19-14,35.7303192,139.6988299,2018,ラーメン 百名店 TOKYO 2018,ramen_tokyo,
町田汁場 しおらーめん進化 本店,東京都町田市森野3-18-17 ウイング森野 1F,食べログ ラーメン 百名店 TOKYO 2018 百名店 2018,https://tabelog.com/tokyo/A1303/A130302/13050023/,https://yoyaku.tabelog.com/yoyaku/tabelog_booking/send_remind/,https://www.google.com/maps/search/?api=1&query=%E7%94%BA%E7%94%B0%E6%B1%81%E5%A0%B4%20%E3%81%97%E3%81%8A%E3%82%89%E3%83%BC%E3%82%81%E3%82%93%E9%80%B2%E5%8C%96%20%E6%9C%AC%E5%BA%97%20%E6%9D%B1%E4%BA%AC%E9%83%BD%E7%94%BA%E7%94%B0%E5%B8%82%E6%A3%AE%E9%87%8E3-18-17%20%E3%82%A6%E3%82%A4%E3%83%B3%E3%82%B0%E6%A3%AE%E9%87%8E%201F,35.5531636,139.4384098,2018,ラーメン 百名店 TOKYO 2018,ramen_tokyo,
煮干鰮らーめん 圓 八王子本店,東京都八王子市横山町21-21,食べログ ラーメン 百名店 TOKYO 2018 百名店 2018,https://tabelog.com/tokyo/A1303/A130302/13091258/,https://yoyaku.tabelog.com/yoyaku/tabelog_booking/send_remind/,https://www.google.com/maps/search/?api=1&query=%E7%85%AE%E5%B9%B2%E9%B0%AE%E3%82%89%E3%83%BC%E3%82%81%E3%82%93%20%E5%9C%93%20%E5%85%AB%E7%8E%8B%E5%AD%90%E6%9C%AC%E5%BA%97%20%E6%9D%B1%E4%BA%AC%E9%83%BD%E5%85%AB%E7%8E%8B%E5%AD%90%E5%B8%82%E6%A8%AA%E5%B1%B1%E7%94%BA21-21,35.6603327,139.3384319,2018,ラーメン 百名店 TOKYO 2018,ramen_tokyo,
めん和正,東京都世田谷区太子堂2-6-2,食べログ ラーメン 百名店 TOKYO 2018 百名店 2018,https://tabelog.com/tokyo/A1303/A130302/13050021/,https://yoyaku.tabelog.com/yoyaku/tabelog_booking/send_remind/,https://www.google.com/maps/search/?api=1&query=%E3%82%81%E3%82%93%E5%92%8C%E6%AD%A3%20%E6%9D%B1%E4%BA%AC%E9%83%BD%E4%B8%96%E7%94%B0%E8%B0%B7%E5%8C%BA%E5%A4%AA%E5%AD%90%E5%A0%822-6-2,35.6457838,139.6748511,2018,ラーメン 百名店 TOKYO 2018,ramen_tokyo,
Japanese Soba Noodles 蔦,東京都豊島区巣鴨1-14-1 Plateau-Saka 1F,食べログ ラーメン 百名店 TOKYO 2018 百名店 2018,https://tabelog.com/tokyo/A1303/A130302/13136231/,https://yoyaku.tabelog.com/yoyaku/tabelog_booking/send_remind/,https://www.google.com/maps/search/?api=1&query=Japanese%20Soba%20Noodles%20%E8%94%A6%20%E6%9D%B1%E4%BA%AC%E9%83%BD%E8%B1%8A%E5%B3%B6%E5%8C%BA%E5%B7%A3%E9%B4%A81-14-1%20Plateau-Saka%201F,35.7329273,139.7405982,2018,ラーメン 百名店 TOKYO 2018,ramen_tokyo,
めだかタンタン,東京都昭島市玉川町3-17-17,食べログ ラーメン 百名店 TOKYO 2018 百名店 2018,https://tabelog.com/tokyo/A1303/A130302/13172508/,https://yoyaku.tabelog.com/yoyaku/tabelog_booking/send_remind/,https://www.google.com/maps/search/?api=1&query=%E3%82%81%E3%81%A0%E3%81%8B%E3%82%BF%E3%83%B3%E3%82%BF%E3%83%B3%20%E6%9D%B1%E4%BA%AC%E9%83%BD%E6%98%AD%E5%B3%B6%E5%B8%82%E7%8E%89%E5%B7%9D%E7%94%BA3-17-17,35.7046941,139.3832251,2018,ラーメン 百名店 TOKYO 2018,ramen_tokyo,
四川担担麺 阿吽 湯島本店,東京都文京区湯島3-25-11,食べログ ラーメン 百名店 TOKYO 2018 百名店 2018,https://tabelog.com/tokyo/A1303/A130302/13042564/,https://yoyaku.tabelog.com/yoyaku/tabelog_booking/send_remind/,https://www.google.com/maps/search/?api=1&query=%E5%9B%9B%E5%B7%9D%E6%8B%85%E6%8B%85%E9%BA%BA%20%E9%98%BF%E5%90%BD%20%E6%B9%AF%E5%B3%B6%E6%9C%AC%E5%BA%97%20%E6%9D%B1%E4%BA%AC%E9%83%BD%E6%96%87%E4%BA%AC%E5%8C%BA%E6%B9%AF%E5%B3%B63-25-11,35.7066954,139.7697815,2018,ラーメン 百名店 TOKYO 2018,ramen_tokyo,
はつね,東京都杉並区西荻南3-11-9,食べログ ラーメン 百名店 TOKYO 2018 百名店 2018,https://tabelog.com/tokyo/A1303/A130302/13000717/,https://yoyaku.tabelog.com/yoyaku/tabelog_booking/send_remind/,https://www.google.com/maps/search/?api=1&query=%E3%81%AF%E3%81%A4%E3%81%AD%20%E6%9D%B1%E4%BA%AC%E9%83%BD%E6%9D%89%E4%B8%A6%E5%8C%BA%E8%A5%BF%E8%8D%BB%E5%8D%973-11-9,35.7034708,139.5998033,2018,ラーメン 百名店 TOKYO 2018,ramen_tokyo,
麺処 晴,東京都台東区下谷1-11-7,食べログ ラーメン 百名店 TOKYO 2018 百名店 2018,https://tabelog.com/tokyo/A1303/A130302/13143115/,https://yoyaku.tabelog.com/yoyaku/tabelog_booking/send_remind/,https://www.google.com/maps/search/?api=1&query=%E9%BA%BA%E5%87%A6%20%E6%99%B4%20%E6%9D%B1%E4%BA%AC%E9%83%BD%E5%8F%B0%E6%9D%B1%E5%8C%BA%E4%B8%8B%E8%B0%B71-11-7,35.7196562,139.7834110,2018,ラーメン 百名店 TOKYO 2018,ramen_tokyo,
つけ麺 道,東京都葛飾区亀有5-28-17,食べログ ラーメン 百名店 TOKYO 2018 百名店 2018,https://tabelog.com/tokyo/A1303/A130302/13094595/,https://yoyaku.tabelog.com/yoyaku/tabelog_booking/send_remind/,https://www.google.com/maps/search/?api=1&query=%E3%81%A4%E3%81%91%E9%BA%BA%20%E9%81%93%20%E6%9D%B1%E4%BA%AC%E9%83%BD%E8%91%9B%E9%A3%BE%E5%8C%BA%E4%BA%80%E6%9C%895-28-17,35.7679215,139.8468097,2018,ラーメン 百名店 TOKYO 2018,ramen_tokyo,
はやし,東京都渋谷区道玄坂1-14-9 ソシアル道玄坂 1F,食べログ ラーメン 百名店 TOKYO 2018 百名店 2018,https://tabelog.com/tokyo/A1303/A130302/13003367/,https://yoyaku.tabelog.com/yoyaku/tabelog_booking/send_remind/,https://www.google.com/maps/search/?api=1&query=%E3%81%AF%E3%82%84%E3%81%97%20%E6%9D%B1%E4%BA%AC%E9%83%BD%E6%B8%8B%E8%B0%B7%E5%8C%BA%E9%81%93%E7%8E%84%E5%9D%821-14-9%20%E3%82%BD%E3%82%B7%E3%82%A2%E3%83%AB%E9%81%93%E7%8E%84%E5%9D%82%201F,35.6573337,139.6979915,2018,ラーメン 百名店 TOKYO 2018,ramen_tokyo,
超純水採麺 天国屋,東京都町田市金森4-1-1,食べログ ラーメン 百名店 TOKYO 2018 百名店 2018,https://tabelog.com/tokyo/A1303/A130302/13162732/,https://yoyaku.tabelog.com/yoyaku/tabelog_booking/send_remind/,https://www.google.com/maps/search/?api=1&query=%E8%B6%85%E7%B4%94%E6%B0%B4%E6%8E%A1%E9%BA%BA%20%E5%A4%A9%E5%9B%BD%E5%B1%8B%20%E6%9D%B1%E4%BA%AC%E9%83%BD%E7%94%BA%E7%94%B0%E5%B8%82%E9%87%91%E6%A3%AE4-1-1,35.5263018,139.4652273,2018,ラーメン 百名店 TOKYO 2018,ramen_tokyo,
麺処 びぎ屋 学芸大学本店,東京都目黒区鷹番2-4-9,食べログ ラーメン 百名店 TOKYO 2018 百名店 2018,https://tabelog.com/tokyo/A1303/A130302/13093976/,https://yoyaku.tabelog.com/yoyaku/tabelog_booking/send_remind/,https://www.google.com/maps/search/?api=1&query=%E9%BA%BA%E5%87%A6%20%E3%81%B3%E3%81%8E%E5%B1%8B%20%E5%AD%A6%E8%8A%B8%E5%A4%A7%E5%AD%A6%E6%9C%AC%E5%BA%97%20%E6%9D%B1%E4%BA%AC%E9%83%BD%E7%9B%AE%E9%BB%92%E5%8C%BA%E9%B7%B9%E7%95%AA2-4-9,35.6288124,139.6891317,2018,ラーメン 百名店 TOKYO 2018,ramen_tokyo,
そらのいろ麹町本舗,東京都千代田区平河町1-3-10 ブルービル本館1B,食べログ ラーメン 百名店 TOKYO 2018 百名店 2018,https://tabelog.com/tokyo/A1303/A130302/13126816/,https://yoyaku.tabelog.com/yoyaku/tabelog_booking/send_remind/,https://www.google.com/maps/search/?api=1&query=%E3%81%9D%E3%82%89%E3%81%AE%E3%81%84%E3%82%8D%E9%BA%B9%E7%94%BA%E6%9C%AC%E8%88%97%20%E6%9D%B1%E4%BA%AC%E9%83%BD%E5%8D%83%E4%BB%A3%E7%94%B0%E5%8C%BA%E5%B9%B3%E6%B2%B3%E7%94%BA1-3-10%20%E3%83%96%E3%83%AB%E3%83%BC%E3%83%93%E3%83%AB%E6%9C%AC%E9%A4%A81B,35.6830691,139.7394390,2018,ラーメン 百名店 TOKYO 2018,ramen_tokyo,
麺屋一燈,東京都葛飾区東新小岩1-4-17,食べログ ラーメン 百名店 TOKYO 2018 百名店 2018,https://tabelog.com/tokyo/A1303/A130302/13111737/,https://yoyaku.tabelog.com/yoyaku/tabelog_booking/send_remind/,https://www.google.com/maps/search/?api=1&query=%E9%BA%BA%E5%B1%8B%E4%B8%80%E7%87%88%20%E6%9D%B1%E4%BA%AC%E9%83%BD%E8%91%9B%E9%A3%BE%E5%8C%BA%E6%9D%B1%E6%96%B0%E5%B0%8F%E5%B2%A91-4-17,35.7188318,139.8577053,2018,ラーメン 百名店 TOKYO 2018,ramen_tokyo,
風雲児 新宿本店,東京都渋谷区代々木2-14-3 北斗第一ビルB1F,食べログ ラーメン 百名店 TOKYO 2018 百名店 2018,https://tabelog.com/tokyo/A1303/A130302/13044091/,https://yoyaku.tabelog.com/yoyaku/tabelog_booking/send_remind/,https://www.google.com/maps/search/?api=1&query=%E9%A2%A8%E9%9B%B2%E5%85%90%20%E6%96%B0%E5%AE%BF%E6%9C%AC%E5%BA%97%20%E6%9D%B1%E4%BA%AC%E9%83%BD%E6%B8%8B%E8%B0%B7%E5%8C%BA%E4%BB%A3%E3%80%85%E6%9C%A82-14-3%20%E5%8C%97%E6%96%97%E7%AC%AC%E4%B8%80%E3%83%93%E3%83%ABB1F,35.6868429,139.6966482,2018,ラーメン 百名店 TOKYO 2018,ramen_tokyo,
おおぜき中華そば店,東京都渋谷区恵比寿西1-9-4 小熊ビル 1Ｆ,食べログ ラーメン 百名店 TOKYO 2018 百名店 2018,https://tabelog.com/tokyo/A1303/A130302/13147623/,https://yoyaku.tabelog.com/yoyaku/tabelog_booking/send_remind/,https://www.google.com/maps/search/?api=1&query=%E3%81%8A%E3%81%8A%E3%81%9C%E3%81%8D%E4%B8%AD%E8%8F%AF%E3%81%9D%E3%81%B0%E5%BA%97%20%E6%9D%B1%E4%BA%AC%E9%83%BD%E6%B8%8B%E8%B0%B7%E5%8C%BA%E6%81%B5%E6%AF%94%E5%AF%BF%E8%A5%BF1-9-4%20%E5%B0%8F%E7%86%8A%E3%83%93%E3%83%AB%201%EF%BC%A6,35.6470516,139.7080203,2018,ラーメン 百名店 TOKYO 2018,ramen_tokyo,
燦燦斗,東京都北区中十条3-16-15,食べログ ラーメン 百名店 TOKYO 2018 百名店 2018,https://tabelog.com/tokyo/A1303/A130302/13038064/,https://yoyaku.tabelog.com/yoyaku/tabelog_booking/send_remind/,https://www.google.com/maps/search/?api=1&query=%E7%87%A6%E7%87%A6%E6%96%97%20%E6%9D%B1%E4%BA%AC%E9%83%BD%E5%8C%97%E5%8C%BA%E4%B8%AD%E5%8D%81%E6%9D%A13-16-15,35.7645882,139.7258011,2018,ラーメン 百名店 TOKYO 2018,ramen_tokyo,
麺屋 さくら井,東京都武蔵野市西久保2-15-27,食べログ ラーメン 百名店 TOKYO 2018 百名店 2018,https://tabelog.com/tokyo/A1303/A130302/13202438/,https://yoyaku.tabelog.com/yoyaku/tabelog_booking/send_remind/,https://www.google.com/maps/search/?api=1&query=%E9%BA%BA%E5%B1%8B%20%E3%81%95%E3%81%8F%E3%82%89%E4%BA%95%20%E6%9D%B1%E4%BA%AC%E9%83%BD%E6%AD%A6%E8%94%B5%E9%87%8E%E5%B8%82%E8%A5%BF%E4%B9%85%E4%BF%9D2-15-27,35.7094858,139.5596199,2018,ラーメン 百名店 TOKYO 2018,ramen_tokyo,
饗 くろ喜,東京都千代田区神田和泉町2-15 四連ビル3号館　1F,食べログ ラーメン 百名店 TOKYO 2018 百名店 2018,https://tabelog.com/tokyo/A1303/A130302/13127743/,https://yoyaku.tabelog.com/yoyaku/tabelog_booking/send_remind/,https://www.google.com/maps/search/?api=1&query=%E9%A5%97%20%E3%81%8F%E3%82%8D%E5%96%9C%20%E6%9D%B1%E4%BA%AC%E9%83%BD%E5%8D%83%E4%BB%A3%E7%94%B0%E5%8C%BA%E7%A5%9E%E7%94%B0%E5%92%8C%E6%B3%89%E7%94%BA2-15%20%E5%9B%9B%E9%80%A3%E3%83%93%E3%83%AB3%E5%8F%B7%E9%A4%A8%E3%80%801F,35.6988716,139.7801446,2018,ラーメン 百名店 TOKYO 2018,ramen_tokyo,
麺庵ちとせ,東京都新宿区市谷台町18-5,食べログ ラーメン 百名店 TOKYO 2018 百名店 2018,https://tabelog.com/tokyo/A1303/A130302/13182327/,https://yoyaku.tabelog.com/yoyaku/tabelog_booking/send_remind/,https://www.google.com/maps/search/?api=1&query=%E9%BA%BA%E5%BA%B5%E3%81%A1%E3%81%A8%E3%81%9B%20%E6%9D%B1%E4%BA%AC%E9%83%BD%E6%96%B0%E5%AE%BF%E5%8C%BA%E5%B8%82%E8%B0%B7%E5%8F%B0%E7%94%BA18-5,35.6945065,139.7171097,2018,ラーメン 百名店 TOKYO 2018,ramen_tokyo,
こうかいぼう,東京都江東区深川2-13-10 ニックハイム深川 1F,食べログ ラーメン 百名店 TOKYO 2018 百名店 2018,https://tabelog.com/tokyo/A1303/A130302/13005052/,https://yoyaku.tabelog.com/yoyaku/tabelog_booking/send_remind/,https://www.google.com/maps/search/?api=1&query=%E3%81%93%E3%81%86%E3%81%8B%E3%81%84%E3%81%BC%E3%81%86%20%E6%9D%B1%E4%BA%AC%E9%83%BD%E6%B1%9F%E6%9D%B1%E5%8C%BA%E6%B7%B1%E5%B7%9D2-13-10%20%E3%83%8B%E3%83%83%E3%82%AF%E3%83%8F%E3%82%A4%E3%83%A0%E6%B7%B1%E5%B7%9D%201F,35.6753095,139.7988116,2018,ラーメン 百名店 TOKYO 2018,ramen_tokyo,
牛骨らぁ麺マタドール,東京都足立区千住東2-4-17 中村ビル１Ｆ,食べログ ラーメン 百名店 TOKYO 2018 百名店 2018,https://tabelog.com/tokyo/A1303/A130302/13128987/,https://yoyaku.tabelog.com/yoyaku/tabelog_booking/send_remind/,https://www.google.com/maps/search/?api=1&query=%E7%89%9B%E9%AA%A8%E3%82%89%E3%81%81%E9%BA%BA%E3%83%9E%E3%82%BF%E3%83%89%E3%83%BC%E3%83%AB%20%E6%9D%B1%E4%BA%AC%E9%83%BD%E8%B6%B3%E7%AB%8B%E5%8C%BA%E5%8D%83%E4%BD%8F%E6%9D%B12-4-17%20%E4%B8%AD%E6%9D%91%E3%83%93%E3%83%AB%EF%BC%91%EF%BC%A6,35.7467513,139.8055179,2018,ラーメン 百名店 TOKYO 2018,ramen_tokyo,
銀座 篝 Echika fit 銀座店,東京都中央区銀座4-1-2 Echika fit 銀座,食べログ ラーメン 百名店 TOKYO 2018 百名店 2018,https://tabelog.com/tokyo/A1303/A130302/13182836/,https://yoyaku.tabelog.com/yoyaku/tabelog_booking/send_remind/,https://www.google.com/maps/search/?api=1&query=%E9%8A%80%E5%BA%A7%20%E7%AF%9D%20Echika%20fit%20%E9%8A%80%E5%BA%A7%E5%BA%97%20%E6%9D%B1%E4%BA%AC%E9%83%BD%E4%B8%AD%E5%A4%AE%E5%8C%BA%E9%8A%80%E5%BA%A74-1-2%20Echika%20fit%20%E9%8A%80%E5%BA%A7,35.6728241,139.7632686,2018,ラーメン 百名店 TOKYO 2018,ramen_tokyo,
麺屋 瑞風,東京都西東京市田無町3-11-13 ラ・メーサ田無 1F,食べログ ラーメン 百名店 TOKYO 2018 百名店 2018,https://tabelog.com/tokyo/A1303/A130302/13194366/,https://yoyaku.tabelog.com/yoyaku/tabelog_booking/send_remind/,https://www.google.com/maps/search/?api=1&query=%E9%BA%BA%E5%B1%8B%20%E7%91%9E%E9%A2%A8%20%E6%9D%B1%E4%BA%AC%E9%83%BD%E8%A5%BF%E6%9D%B1%E4%BA%AC%E5%B8%82%E7%94%B0%E7%84%A1%E7%94%BA3-11-13%20%E3%83%A9%E3%83%BB%E3%83%A1%E3%83%BC%E3%82%B5%E7%94%B0%E7%84%A1%201F,35.7295708,139.5414860,2018,ラーメン 百名店 TOKYO 2018,ramen_tokyo,
くじら食堂,東京都小金井市梶野町5-1-19,食べログ ラーメン 百名店 TOKYO 2018 百名店 2018,https://tabelog.com/tokyo/A1303/A130302/13159891/,https://yoyaku.tabelog.com/yoyaku/tabelog_booking/send_remind/,https://www.google.com/maps/search/?api=1&query=%E3%81%8F%E3%81%98%E3%82%89%E9%A3%9F%E5%A0%82%20%E6%9D%B1%E4%BA%AC%E9%83%BD%E5%B0%8F%E9%87%91%E4%BA%95%E5%B8%82%E6%A2%B6%E9%87%8E%E7%94%BA5-1-19,35.7021499,139.5255511,2018,ラーメン 百名店 TOKYO 2018,ramen_tokyo,
すごい煮干ラーメン凪 新宿ゴールデン街店本館,東京都新宿区歌舞伎町1-1-10 ゴールデン街(新宿ゴールデン街Ｇ２通り)  2F,食べログ ラーメン 百名店 TOKYO 2018 百名店 2018,https://tabelog.com/tokyo/A1303/A130302/13054766/,https://yoyaku.tabelog.com/yoyaku/tabelog_booking/send_remind/,https://www.google.com/maps/search/?api=1&query=%E3%81%99%E3%81%94%E3%81%84%E7%85%AE%E5%B9%B2%E3%83%A9%E3%83%BC%E3%83%A1%E3%83%B3%E5%87%AA%20%E6%96%B0%E5%AE%BF%E3%82%B4%E3%83%BC%E3%83%AB%E3%83%87%E3%83%B3%E8%A1%97%E5%BA%97%E6%9C%AC%E9%A4%A8%20%E6%9D%B1%E4%BA%AC%E9%83%BD%E6%96%B0%E5%AE%BF%E5%8C%BA%E6%AD%8C%E8%88%9E%E4%BC%8E%E7%94%BA1-1-10%20%E3%82%B4%E3%83%BC%E3%83%AB%E3%83%87%E3%83%B3%E8%A1%97%28%E6%96%B0%E5%AE%BF%E3%82%B4%E3%83%BC%E3%83%AB%E3%83%87%E3%83%B3%E8%A1%97%EF%BC%A7%EF%BC%92%E9%80%9A%E3%82%8A%29%20%202F,35.6937716,139.7045338,2018,ラーメン 百名店 TOKYO 2018,ramen_tokyo,
麺処 きなり,東京都北区西ヶ原1-1-15,食べログ ラーメン 百名店 TOKYO 2018 百名店 2018,https://tabelog.com/tokyo/A1303/A130302/13183631/,https://yoyaku.tabelog.com/yoyaku/tabelog_booking/send_remind/,https://www.google.com/maps/search/?api=1&query=%E9%BA%BA%E5%87%A6%20%E3%81%8D%E3%81%AA%E3%82%8A%20%E6%9D%B1%E4%BA%AC%E9%83%BD%E5%8C%97%E5%8C%BA%E8%A5%BF%E3%83%B6%E5%8E%9F1-1-15,35.7394442,139.7479454,2018,ラーメン 百名店 TOKYO 2018,ramen_tokyo,
中華そば しば田,東京都調布市若葉町2-25-20,食べログ ラーメン 百名店 TOKYO 2018 百名店 2018,https://tabelog.com/tokyo/A1303/A130302/13162681/,https://yoyaku.tabelog.com/yoyaku/tabelog_booking/send_remind/,https://www.google.com/maps/search/?api=1&query=%E4%B8%AD%E8%8F%AF%E3%81%9D%E3%81%B0%20%E3%81%97%E3%81%B0%E7%94%B0%20%E6%9D%B1%E4%BA%AC%E9%83%BD%E8%AA%BF%E5%B8%83%E5%B8%82%E8%8B%A5%E8%91%89%E7%94%BA2-25-20,35.6563590,139.5898039,2018,ラーメン 百名店 TOKYO 2018,ramen_tokyo,
ラーメン屋 トイ・ボックス,東京都荒川区東日暮里1-1-3 1階,食べログ ラーメン 百名店 TOKYO 2018 百名店 2018,https://tabelog.com/tokyo/A1303/A130302/13162973/,https://yoyaku.tabelog.com/yoyaku/tabelog_booking/send_remind/,https://www.google.com/maps/search/?api=1&query=%E3%83%A9%E3%83%BC%E3%83%A1%E3%83%B3%E5%B1%8B%20%E3%83%88%E3%82%A4%E3%83%BB%E3%83%9C%E3%83%83%E3%82%AF%E3%82%B9%20%E6%9D%B1%E4%BA%AC%E9%83%BD%E8%8D%92%E5%B7%9D%E5%8C%BA%E6%9D%B1%E6%97%A5%E6%9A%AE%E9%87%8C1-1-3%201%E9%9A%8E,35.7311964,139.7920405,2018,ラーメン 百名店 TOKYO 2018,ramen_tokyo,
麺屋吉左右,東京都江東区東陽1-11-3,食べログ ラーメン 百名店 TOKYO 2018 百名店 2018,https://tabelog.com/tokyo/A1303/A130302/13021140/,https://yoyaku.tabelog.com/yoyaku/tabelog_booking/send_remind/,https://www.google.com/maps/search/?api=1&query=%E9%BA%BA%E5%B1%8B%E5%90%89%E5%B7%A6%E5%8F%B3%20%E6%9D%B1%E4%BA%AC%E9%83%BD%E6%B1%9F%E6%9D%B1%E5%8C%BA%E6%9D%B1%E9%99%BD1-11-3,35.6684765,139.8103168,2018,ラーメン 百名店 TOKYO 2018,ramen_tokyo,
RAMEN CiQUE,東京都杉並区阿佐谷南3-10-8,食べログ ラーメン 百名店 TOKYO 2018 百名店 2018,https://tabelog.com/tokyo/A1303/A130302/13048520/,https://yoyaku.tabelog.com/yoyaku/tabelog_booking/send_remind/,https://www.google.com/maps/search/?api=1&query=RAMEN%20CiQUE%20%E6%9D%B1%E4%BA%AC%E9%83%BD%E6%9D%89%E4%B8%A6%E5%8C%BA%E9%98%BF%E4%BD%90%E8%B0%B7%E5%8D%973-10-8,35.7020884,139.6297448,2018,ラーメン 百名店 TOKYO 2018,ramen_tokyo,
中華ソバ 伊吹,東京都板橋区前野町4-58-10 見次パークマンション 1F,食べログ ラーメン 百名店 TOKYO 2018 百名店 2018,https://tabelog.com/tokyo/A1303/A130302/13163874/,https://yoyaku.tabelog.com/yoyaku/tabelog_booking/send_remind/,https://www.google.com/maps/search/?api=1&query=%E4%B8%AD%E8%8F%AF%E3%82%BD%E3%83%90%20%E4%BC%8A%E5%90%B9%20%E6%9D%B1%E4%BA%AC%E9%83%BD%E6%9D%BF%E6%A9%8B%E5%8C%BA%E5%89%8D%E9%87%8E%E7%94%BA4-58-10%20%E8%A6%8B%E6%AC%A1%E3%83%91%E3%83%BC%E3%82%AF%E3%83%9E%E3%83%B3%E3%82%B7%E3%83%A7%E3%83%B3%201F,35.7727013,139.6925532,2018,ラーメン 百名店 TOKYO 2018,ramen_tokyo,
麺処 銀笹,東京都中央区銀座8-15-2 藤ビル 1F,食べログ ラーメン 百名店 TOKYO 2018 百名店 2018,https://tabelog.com/tokyo/A1303/A130302/13119563/,https://yoyaku.tabelog.com/yoyaku/tabelog_booking/send_remind/,https://www.google.com/maps/search/?api=1&query=%E9%BA%BA%E5%87%A6%20%E9%8A%80%E7%AC%B9%20%E6%9D%B1%E4%BA%AC%E9%83%BD%E4%B8%AD%E5%A4%AE%E5%8C%BA%E9%8A%80%E5%BA%A78-15-2%20%E8%97%A4%E3%83%93%E3%83%AB%201F,35.6662326,139.7634291,2018,ラーメン 百名店 TOKYO 2018,ramen_tokyo,
手打式超多加水麺 ののくら,東京都葛飾区亀有3-11-11 マーベラス大協ビル 1F,食べログ ラーメン 百名店 TOKYO 2018 百名店 2018,https://tabelog.com/tokyo/A1303/A130302/13215713/,https://yoyaku.tabelog.com/yoyaku/tabelog_booking/send_remind/,https://www.google.com/maps/search/?api=1&query=%E6%89%8B%E6%89%93%E5%BC%8F%E8%B6%85%E5%A4%9A%E5%8A%A0%E6%B0%B4%E9%BA%BA%20%E3%81%AE%E3%81%AE%E3%81%8F%E3%82%89%20%E6%9D%B1%E4%BA%AC%E9%83%BD%E8%91%9B%E9%A3%BE%E5%8C%BA%E4%BA%80%E6%9C%893-11-11%20%E3%83%9E%E3%83%BC%E3%83%99%E3%83%A9%E3%82%B9%E5%A4%A7%E5%8D%94%E3%83%93%E3%83%AB%201F,35.7640736,139.8475749,2018,ラーメン 百名店 TOKYO 2018,ramen_tokyo,
一汁三にぼし 裏不如帰,東京都渋谷区幡ヶ谷2-47-12,食べログ ラーメン 百名店 TOKYO 2018 百名店 2018,https://tabelog.com/tokyo/A1303/A130302/13044967/,https://yoyaku.tabelog.com/yoyaku/tabelog_booking/send_remind/,https://www.google.com/maps/search/?api=1&query=%E4%B8%80%E6%B1%81%E4%B8%89%E3%81%AB%E3%81%BC%E3%81%97%20%E8%A3%8F%E4%B8%8D%E5%A6%82%E5%B8%B0%20%E6%9D%B1%E4%BA%AC%E9%83%BD%E6%B8%8B%E8%B0%B7%E5%8C%BA%E5%B9%A1%E3%83%B6%E8%B0%B72-47-12,35.6792144,139.6770868,2018,ラーメン 百名店 TOKYO 2018,ramen_tokyo,
Homemade Ramen 麦苗,東京都品川区南大井6-11-10,食べログ ラーメン 百名店 TOKYO 2018 百名店 2018,https://tabelog.com/tokyo/A1303/A130302/13194812/,https://yoyaku.tabelog.com/yoyaku/tabelog_booking/send_remind/,https://www.google.com/maps/search/?api=1&query=Homemade%20Ramen%20%E9%BA%A6%E8%8B%97%20%E6%9D%B1%E4%BA%AC%E9%83%BD%E5%93%81%E5%B7%9D%E5%8C%BA%E5%8D%97%E5%A4%A7%E4%BA%956-11-10,35.5907851,139.7328123,2018,ラーメン 百名店 TOKYO 2018,ramen_tokyo,
バニラビーンズ みなとみらい本店,神奈川県横浜市中区海岸通5-25-2 シャレール海岸通 1F,食べログ スイーツ 百名店 EAST 2018 百名店 2018,https://tabelog.com/tokyo/A1303/A130302/14053382/,https://yoyaku.tabelog.com/yoyaku/tabelog_booking/send_remind/,https://www.google.com/maps/search/?api=1&query=%E3%83%90%E3%83%8B%E3%83%A9%E3%83%93%E3%83%BC%E3%83%B3%E3%82%BA%20%E3%81%BF%E3%81%AA%E3%81%A8%E3%81%BF%E3%82%89%E3%81%84%E6%9C%AC%E5%BA%97%20%E7%A5%9E%E5%A5%88%E5%B7%9D%E7%9C%8C%E6%A8%AA%E6%B5%9C%E5%B8%82%E4%B8%AD%E5%8C%BA%E6%B5%B7%E5%B2%B8%E9%80%9A5-25-2%20%E3%82%B7%E3%83%A3%E3%83%AC%E3%83%BC%E3%83%AB%E6%B5%B7%E5%B2%B8%E9%80%9A%201F,35.4513609,139.6382768,2018,スイーツ 百名店 EAST 2018,sweets_east,
ハウス オブ フレーバーズ,神奈川県鎌倉市鎌倉山3-2-10,食べログ スイーツ 百名店 EAST 2018 百名店 2018,https://tabelog.com/tokyo/A1303/A130302/14001208/,https://yoyaku.tabelog.com/yoyaku/tabelog_booking/send_remind/,https://www.google.com/maps/search/?api=1&query=%E3%83%8F%E3%82%A6%E3%82%B9%20%E3%82%AA%E3%83%96%20%E3%83%95%E3%83%AC%E3%83%BC%E3%83%90%E3%83%BC%E3%82%BA%20%E7%A5%9E%E5%A5%88%E5%B7%9D%E7%9C%8C%E9%8E%8C%E5%80%89%E5%B8%82%E9%8E%8C%E5%80%89%E5%B1%B13-2-10,35.3179252,139.5139296,2018,スイーツ 百名店 EAST 2018,sweets_east,
Patisserie 雪乃下  鎌倉本店,神奈川県鎌倉市小町2-7-27 Maison de 雪乃下,食べログ スイーツ 百名店 EAST 2018 百名店 2018,https://tabelog.com/tokyo/A1303/A130302/14007483/,https://yoyaku.tabelog.com/yoyaku/tabelog_booking/send_remind/,https://www.google.com/maps/search/?api=1&query=Patisserie%20%E9%9B%AA%E4%B9%83%E4%B8%8B%20%20%E9%8E%8C%E5%80%89%E6%9C%AC%E5%BA%97%20%E7%A5%9E%E5%A5%88%E5%B7%9D%E7%9C%8C%E9%8E%8C%E5%80%89%E5%B8%82%E5%B0%8F%E7%94%BA2-7-27%20Maison%20de%20%E9%9B%AA%E4%B9%83%E4%B8%8B,35.3218918,139.5523222,2018,スイーツ 百名店 EAST 2018,sweets_east,
サロン・ド・テ ロザージュ,神奈川県足柄下郡箱根町元箱根80 山のホテル,食べログ スイーツ 百名店 EAST 2018 百名店 2018,https://tabelog.com/tokyo/A1303/A130302/14002271/,https://yoyaku.tabelog.com/yoyaku/tabelog_booking/send_remind/,https://www.google.com/maps/search/?api=1&query=%E3%82%B5%E3%83%AD%E3%83%B3%E3%83%BB%E3%83%89%E3%83%BB%E3%83%86%20%E3%83%AD%E3%82%B6%E3%83%BC%E3%82%B8%E3%83%A5%20%E7%A5%9E%E5%A5%88%E5%B7%9D%E7%9C%8C%E8%B6%B3%E6%9F%84%E4%B8%8B%E9%83%A1%E7%AE%B1%E6%A0%B9%E7%94%BA%E5%85%83%E7%AE%B1%E6%A0%B980%20%E5%B1%B1%E3%81%AE%E3%83%9B%E3%83%86%E3%83%AB,35.2034940,139.0226851,2018,スイーツ 百名店 EAST 2018,sweets_east,
ガトーフェスタ ハラダ 本館シャトー・デュ・ボヌール,群馬県高崎市新町1207,食べログ スイーツ 百名店 EAST 2018 百名店 2018,https://tabelog.com/tokyo/A1303/A130302/10000305/,https://yoyaku.tabelog.com/yoyaku/tabelog_booking/send_remind/,https://www.google.com/maps/search/?api=1&query=%E3%82%AC%E3%83%88%E3%83%BC%E3%83%95%E3%82%A7%E3%82%B9%E3%82%BF%20%E3%83%8F%E3%83%A9%E3%83%80%20%E6%9C%AC%E9%A4%A8%E3%82%B7%E3%83%A3%E3%83%88%E3%83%BC%E3%83%BB%E3%83%87%E3%83%A5%E3%83%BB%E3%83%9C%E3%83%8C%E3%83%BC%E3%83%AB%20%E7%BE%A4%E9%A6%AC%E7%9C%8C%E9%AB%98%E5%B4%8E%E5%B8%82%E6%96%B0%E7%94%BA1207,36.2697785,139.1143018,2018,スイーツ 百名店 EAST 2018,sweets_east,
三日月氷菓店,千葉県柏市柏1-5-5 谷澤ビル2F,食べログ スイーツ 百名店 EAST 2018 百名店 2018,https://tabelog.com/tokyo/A1303/A130302/12023093/,https://yoyaku.tabelog.com/yoyaku/tabelog_booking/send_remind/,https://www.google.com/maps/search/?api=1&query=%E4%B8%89%E6%97%A5%E6%9C%88%E6%B0%B7%E8%8F%93%E5%BA%97%20%E5%8D%83%E8%91%89%E7%9C%8C%E6%9F%8F%E5%B8%82%E6%9F%8F1-5-5%20%E8%B0%B7%E6%BE%A4%E3%83%93%E3%83%AB2F,35.8605974,139.9727914,2018,スイーツ 百名店 EAST 2018,sweets_east,
茶房 雲母,神奈川県鎌倉市御成町16-7,食べログ スイーツ 百名店 EAST 2018 百名店 2018,https://tabelog.com/tokyo/A1303/A130302/14000248/,https://yoyaku.tabelog.com/yoyaku/tabelog_booking/send_remind/,https://www.google.com/maps/search/?api=1&query=%E8%8C%B6%E6%88%BF%20%E9%9B%B2%E6%AF%8D%20%E7%A5%9E%E5%A5%88%E5%B7%9D%E7%9C%8C%E9%8E%8C%E5%80%89%E5%B8%82%E5%BE%A1%E6%88%90%E7%94%BA16-7,35.3219059,139.5466414,2018,スイーツ 百名店 EAST 2018,sweets_east,
ル・パティシエ ヨコヤマ 京成大久保店,千葉県習志野市大久保1-1-34,食べログ スイーツ 百名店 EAST 2018 百名店 2018,https://tabelog.com/tokyo/A1303/A130302/12000513/,https://yoyaku.tabelog.com/yoyaku/tabelog_booking/send_remind/,https://www.google.com/maps/search/?api=1&query=%E3%83%AB%E3%83%BB%E3%83%91%E3%83%86%E3%82%A3%E3%82%B7%E3%82%A8%20%E3%83%A8%E3%82%B3%E3%83%A4%E3%83%9E%20%E4%BA%AC%E6%88%90%E5%A4%A7%E4%B9%85%E4%BF%9D%E5%BA%97%20%E5%8D%83%E8%91%89%E7%9C%8C%E7%BF%92%E5%BF%97%E9%87%8E%E5%B8%82%E5%A4%A7%E4%B9%85%E4%BF%9D1-1-34,35.6866597,140.0437642,2018,スイーツ 百名店 EAST 2018,sweets_east,
ジェラテリア・イル・ブリガンテ,神奈川県鎌倉市小町2-9-6 1Ｆ,食べログ スイーツ 百名店 EAST 2018 百名店 2018,https://tabelog.com/tokyo/A1303/A130302/14011873/,https://yoyaku.tabelog.com/yoyaku/tabelog_booking/send_remind/,https://www.google.com/maps/search/?api=1&query=%E3%82%B8%E3%82%A7%E3%83%A9%E3%83%86%E3%83%AA%E3%82%A2%E3%83%BB%E3%82%A4%E3%83%AB%E3%83%BB%E3%83%96%E3%83%AA%E3%82%AC%E3%83%B3%E3%83%86%20%E7%A5%9E%E5%A5%88%E5%B7%9D%E7%9C%8C%E9%8E%8C%E5%80%89%E5%B8%82%E5%B0%8F%E7%94%BA2-9-6%201%EF%BC%A6,35.3209076,139.5522328,2018,スイーツ 百名店 EAST 2018,sweets_east,
レタンプリュス おおたかの森東口店,千葉県流山市東初石6-185-1 エルピス 1F,食べログ スイーツ 百名店 EAST 2018 百名店 2018,https://tabelog.com/tokyo/A1303/A130302/12030822/,https://yoyaku.tabelog.com/yoyaku/tabelog_booking/send_remind/,https://www.google.com/maps/search/?api=1&query=%E3%83%AC%E3%82%BF%E3%83%B3%E3%83%97%E3%83%AA%E3%83%A5%E3%82%B9%20%E3%81%8A%E3%81%8A%E3%81%9F%E3%81%8B%E3%81%AE%E6%A3%AE%E6%9D%B1%E5%8F%A3%E5%BA%97%20%E5%8D%83%E8%91%89%E7%9C%8C%E6%B5%81%E5%B1%B1%E5%B8%82%E6%9D%B1%E5%88%9D%E7%9F%B36-185-1%20%E3%82%A8%E3%83%AB%E3%83%94%E3%82%B9%201F,35.8732406,139.9283031,2018,スイーツ 百名店 EAST 2018,sweets_east,
オ・プティ・マタン,神奈川県横浜市金沢区大川7-4 レイディアントシティ横浜　１Ｆ,食べログ スイーツ 百名店 EAST 2018 百名店 2018,https://tabelog.com/tokyo/A1303/A130302/14011336/,https://yoyaku.tabelog.com/yoyaku/tabelog_booking/send_remind/,https://www.google.com/maps/search/?api=1&query=%E3%82%AA%E3%83%BB%E3%83%97%E3%83%86%E3%82%A3%E3%83%BB%E3%83%9E%E3%82%BF%E3%83%B3%20%E7%A5%9E%E5%A5%88%E5%B7%9D%E7%9C%8C%E6%A8%AA%E6%B5%9C%E5%B8%82%E9%87%91%E6%B2%A2%E5%8C%BA%E5%A4%A7%E5%B7%9D7-4%20%E3%83%AC%E3%82%A4%E3%83%87%E3%82%A3%E3%82%A2%E3%83%B3%E3%83%88%E3%82%B7%E3%83%86%E3%82%A3%E6%A8%AA%E6%B5%9C%E3%80%80%EF%BC%91%EF%BC%A6,35.3359283,139.6114907,2018,スイーツ 百名店 EAST 2018,sweets_east,
エチエンヌ,神奈川県川崎市麻生区万福寺6-7-13 マスターアリーナ新百合ヶ丘 1F,食べログ スイーツ 百名店 EAST 2018 百名店 2018,https://tabelog.com/tokyo/A1303/A130302/14042063/,https://yoyaku.tabelog.com/yoyaku/tabelog_booking/send_remind/,https://www.google.com/maps/search/?api=1&query=%E3%82%A8%E3%83%81%E3%82%A8%E3%83%B3%E3%83%8C%20%E7%A5%9E%E5%A5%88%E5%B7%9D%E7%9C%8C%E5%B7%9D%E5%B4%8E%E5%B8%82%E9%BA%BB%E7%94%9F%E5%8C%BA%E4%B8%87%E7%A6%8F%E5%AF%BA6-7-13%20%E3%83%9E%E3%82%B9%E3%82%BF%E3%83%BC%E3%82%A2%E3%83%AA%E3%83%BC%E3%83%8A%E6%96%B0%E7%99%BE%E5%90%88%E3%83%B6%E4%B8%98%201F,35.6079466,139.5050388,2018,スイーツ 百名店 EAST 2018,sweets_east,
鎌倉紅谷 八幡宮前本店,神奈川県鎌倉市雪ノ下1-12-4,食べログ スイーツ 百名店 EAST 2018 百名店 2018,https://tabelog.com/tokyo/A1303/A130302/14003237/,https://yoyaku.tabelog.com/yoyaku/tabelog_booking/send_remind/,https://www.google.com/maps/search/?api=1&query=%E9%8E%8C%E5%80%89%E7%B4%85%E8%B0%B7%20%E5%85%AB%E5%B9%A1%E5%AE%AE%E5%89%8D%E6%9C%AC%E5%BA%97%20%E7%A5%9E%E5%A5%88%E5%B7%9D%E7%9C%8C%E9%8E%8C%E5%80%89%E5%B8%82%E9%9B%AA%E3%83%8E%E4%B8%8B1-12-4,35.3232371,139.5548707,2018,スイーツ 百名店 EAST 2018,sweets_east,
オークウッド,埼玉県春日部市八丁目966-51,食べログ スイーツ 百名店 EAST 2018 百名店 2018,https://tabelog.com/tokyo/A1303/A130302/11000265/,https://yoyaku.tabelog.com/yoyaku/tabelog_booking/send_remind/,https://www.google.com/maps/search/?api=1&query=%E3%82%AA%E3%83%BC%E3%82%AF%E3%82%A6%E3%83%83%E3%83%89%20%E5%9F%BC%E7%8E%89%E7%9C%8C%E6%98%A5%E6%97%A5%E9%83%A8%E5%B8%82%E5%85%AB%E4%B8%81%E7%9B%AE966-51,35.9898481,139.7596554,2018,スイーツ 百名店 EAST 2018,sweets_east,
シンフラ,埼玉県志木市幸町3-4-50,食べログ スイーツ 百名店 EAST 2018 百名店 2018,https://tabelog.com/tokyo/A1303/A130302/11035335/,https://yoyaku.tabelog.com/yoyaku/tabelog_booking/send_remind/,https://www.google.com/maps/search/?api=1&query=%E3%82%B7%E3%83%B3%E3%83%95%E3%83%A9%20%E5%9F%BC%E7%8E%89%E7%9C%8C%E5%BF%97%E6%9C%A8%E5%B8%82%E5%B9%B8%E7%94%BA3-4-50,35.8223931,139.5648300,2018,スイーツ 百名店 EAST 2018,sweets_east,
パティスリー オランジュ,埼玉県朝霞市西弁財2-2-24 かつみビル1階,食べログ スイーツ 百名店 EAST 2018 百名店 2018,https://tabelog.com/tokyo/A1303/A130302/11024456/,https://yoyaku.tabelog.com/yoyaku/tabelog_booking/send_remind/,https://www.google.com/maps/search/?api=1&query=%E3%83%91%E3%83%86%E3%82%A3%E3%82%B9%E3%83%AA%E3%83%BC%20%E3%82%AA%E3%83%A9%E3%83%B3%E3%82%B8%E3%83%A5%20%E5%9F%BC%E7%8E%89%E7%9C%8C%E6%9C%9D%E9%9C%9E%E5%B8%82%E8%A5%BF%E5%BC%81%E8%B2%A12-2-24%20%E3%81%8B%E3%81%A4%E3%81%BF%E3%83%93%E3%83%AB1%E9%9A%8E,35.8124005,139.5821566,2018,スイーツ 百名店 EAST 2018,sweets_east,
小倉屋,茨城県水戸市笠原町101-5,食べログ スイーツ 百名店 EAST 2018 百名店 2018,https://tabelog.com/tokyo/A1303/A130302/8000238/,https://yoyaku.tabelog.com/yoyaku/tabelog_booking/send_remind/,https://www.google.com/maps/search/?api=1&query=%E5%B0%8F%E5%80%89%E5%B1%8B%20%E8%8C%A8%E5%9F%8E%E7%9C%8C%E6%B0%B4%E6%88%B8%E5%B8%82%E7%AC%A0%E5%8E%9F%E7%94%BA101-5,36.3431114,140.4569235,2018,スイーツ 百名店 EAST 2018,sweets_east,
阿左美冷蔵 金崎本店,埼玉県秩父郡皆野町金崎27-1,食べログ スイーツ 百名店 EAST 2018 百名店 2018,https://tabelog.com/tokyo/A1303/A130302/11000259/,https://yoyaku.tabelog.com/yoyaku/tabelog_booking/send_remind/,https://www.google.com/maps/search/?api=1&query=%E9%98%BF%E5%B7%A6%E7%BE%8E%E5%86%B7%E8%94%B5%20%E9%87%91%E5%B4%8E%E6%9C%AC%E5%BA%97%20%E5%9F%BC%E7%8E%89%E7%9C%8C%E7%A7%A9%E7%88%B6%E9%83%A1%E7%9A%86%E9%87%8E%E7%94%BA%E9%87%91%E5%B4%8E27-1,36.0844499,139.1122638,2018,スイーツ 百名店 EAST 2018,sweets_east,
アングランパ,埼玉県さいたま市大宮区吉敷町4-187-1,食べログ スイーツ 百名店 EAST 2018 百名店 2018,https://tabelog.com/tokyo/A1303/A130302/11035130/,https://yoyaku.tabelog.com/yoyaku/tabelog_booking/send_remind/,https://www.google.com/maps/search/?api=1&query=%E3%82%A2%E3%83%B3%E3%82%B0%E3%83%A9%E3%83%B3%E3%83%91%20%E5%9F%BC%E7%8E%89%E7%9C%8C%E3%81%95%E3%81%84%E3%81%9F%E3%81%BE%E5%B8%82%E5%A4%A7%E5%AE%AE%E5%8C%BA%E5%90%89%E6%95%B7%E7%94%BA4-187-1,35.8969944,139.6321681,2018,スイーツ 百名店 EAST 2018,sweets_east,
グランディール アンサンブル,神奈川県鎌倉市由比ガ浜1-1-30,食べログ スイーツ 百名店 EAST 2018 百名店 2018,https://tabelog.com/tokyo/A1303/A130302/14061044/,https://yoyaku.tabelog.com/yoyaku/tabelog_booking/send_remind/,https://www.google.com/maps/search/?api=1&query=%E3%82%B0%E3%83%A9%E3%83%B3%E3%83%87%E3%82%A3%E3%83%BC%E3%83%AB%20%E3%82%A2%E3%83%B3%E3%82%B5%E3%83%B3%E3%83%96%E3%83%AB%20%E7%A5%9E%E5%A5%88%E5%B7%9D%E7%9C%8C%E9%8E%8C%E5%80%89%E5%B8%82%E7%94%B1%E6%AF%94%E3%82%AC%E6%B5%9C1-1-30,35.3158907,139.5485121,2018,スイーツ 百名店 EAST 2018,sweets_east,
アトリエうかい たまプラーザ,神奈川県横浜市青葉区新石川2-4-10 モリテックスたまプラーザビル 1F,食べログ スイーツ 百名店 EAST 2018 百名店 2018,https://tabelog.com/tokyo/A1303/A130302/14054070/,https://yoyaku.tabelog.com/yoyaku/tabelog_booking/send_remind/,https://www.google.com/maps/search/?api=1&query=%E3%82%A2%E3%83%88%E3%83%AA%E3%82%A8%E3%81%86%E3%81%8B%E3%81%84%20%E3%81%9F%E3%81%BE%E3%83%97%E3%83%A9%E3%83%BC%E3%82%B6%20%E7%A5%9E%E5%A5%88%E5%B7%9D%E7%9C%8C%E6%A8%AA%E6%B5%9C%E5%B8%82%E9%9D%92%E8%91%89%E5%8C%BA%E6%96%B0%E7%9F%B3%E5%B7%9D2-4-10%20%E3%83%A2%E3%83%AA%E3%83%86%E3%83%83%E3%82%AF%E3%82%B9%E3%81%9F%E3%81%BE%E3%83%97%E3%83%A9%E3%83%BC%E3%82%B6%E3%83%93%E3%83%AB%201F,35.5754079,139.5572110,2018,スイーツ 百名店 EAST 2018,sweets_east,
松月氷室,栃木県日光市今市379,食べログ スイーツ 百名店 EAST 2018 百名店 2018,https://tabelog.com/tokyo/A1303/A130302/9003227/,https://yoyaku.tabelog.com/yoyaku/tabelog_booking/send_remind/,https://www.google.com/maps/search/?api=1&query=%E6%9D%BE%E6%9C%88%E6%B0%B7%E5%AE%A4%20%E6%A0%83%E6%9C%A8%E7%9C%8C%E6%97%A5%E5%85%89%E5%B8%82%E4%BB%8A%E5%B8%82379,36.7235904,139.6854268,2018,スイーツ 百名店 EAST 2018,sweets_east,
阿左美冷蔵 寶登山道店,埼玉県秩父郡長瀞町大字長瀞781-4,食べログ スイーツ 百名店 EAST 2018 百名店 2018,https://tabelog.com/tokyo/A1303/A130302/11000617/,https://yoyaku.tabelog.com/yoyaku/tabelog_booking/send_remind/,https://www.google.com/maps/search/?api=1&query=%E9%98%BF%E5%B7%A6%E7%BE%8E%E5%86%B7%E8%94%B5%20%E5%AF%B6%E7%99%BB%E5%B1%B1%E9%81%93%E5%BA%97%20%E5%9F%BC%E7%8E%89%E7%9C%8C%E7%A7%A9%E7%88%B6%E9%83%A1%E9%95%B7%E7%80%9E%E7%94%BA%E5%A4%A7%E5%AD%97%E9%95%B7%E7%80%9E781-4,36.0938404,139.1089712,2018,スイーツ 百名店 EAST 2018,sweets_east,
シャンドワゾー,埼玉県川口市幸町1-1-26,食べログ スイーツ 百名店 EAST 2018 百名店 2018,https://tabelog.com/tokyo/A1303/A130302/11025121/,https://yoyaku.tabelog.com/yoyaku/tabelog_booking/send_remind/,https://www.google.com/maps/search/?api=1&query=%E3%82%B7%E3%83%A3%E3%83%B3%E3%83%89%E3%83%AF%E3%82%BE%E3%83%BC%20%E5%9F%BC%E7%8E%89%E7%9C%8C%E5%B7%9D%E5%8F%A3%E5%B8%82%E5%B9%B8%E7%94%BA1-1-26,35.8050423,139.7214973,2018,スイーツ 百名店 EAST 2018,sweets_east,
リリエンベルグ,神奈川県川崎市麻生区上麻生4-18-17,食べログ スイーツ 百名店 EAST 2018 百名店 2018,https://tabelog.com/tokyo/A1303/A130302/14000034/,https://yoyaku.tabelog.com/yoyaku/tabelog_booking/send_remind/,https://www.google.com/maps/search/?api=1&query=%E3%83%AA%E3%83%AA%E3%82%A8%E3%83%B3%E3%83%99%E3%83%AB%E3%82%B0%20%E7%A5%9E%E5%A5%88%E5%B7%9D%E7%9C%8C%E5%B7%9D%E5%B4%8E%E5%B8%82%E9%BA%BB%E7%94%9F%E5%8C%BA%E4%B8%8A%E9%BA%BB%E7%94%9F4-18-17,35.5948601,139.5056700,2018,スイーツ 百名店 EAST 2018,sweets_east,
一夜城 ヨロイヅカ・ファーム,神奈川県小田原市早川1352-110,食べログ スイーツ 百名店 EAST 2018 百名店 2018,https://tabelog.com/tokyo/A1303/A130302/14043156/,https://yoyaku.tabelog.com/yoyaku/tabelog_booking/send_remind/,https://www.google.com/maps/search/?api=1&query=%E4%B8%80%E5%A4%9C%E5%9F%8E%20%E3%83%A8%E3%83%AD%E3%82%A4%E3%83%85%E3%82%AB%E3%83%BB%E3%83%95%E3%82%A1%E3%83%BC%E3%83%A0%20%E7%A5%9E%E5%A5%88%E5%B7%9D%E7%9C%8C%E5%B0%8F%E7%94%B0%E5%8E%9F%E5%B8%82%E6%97%A9%E5%B7%9D1352-110,35.2340278,139.1289106,2018,スイーツ 百名店 EAST 2018,sweets_east,
CALVA,神奈川県鎌倉市大船1-12-18 エミールビル 1F,食べログ スイーツ 百名店 EAST 2018 百名店 2018,https://tabelog.com/tokyo/A1303/A130302/14030857/,https://yoyaku.tabelog.com/yoyaku/tabelog_booking/send_remind/,https://www.google.com/maps/search/?api=1&query=CALVA%20%E7%A5%9E%E5%A5%88%E5%B7%9D%E7%9C%8C%E9%8E%8C%E5%80%89%E5%B8%82%E5%A4%A7%E8%88%B91-12-18%20%E3%82%A8%E3%83%9F%E3%83%BC%E3%83%AB%E3%83%93%E3%83%AB%201F,35.3510512,139.5313635,2018,スイーツ 百名店 EAST 2018,sweets_east,
パンケーキ リストランテ,神奈川県横浜市中区山下町87-4,食べログ スイーツ 百名店 EAST 2018 百名店 2018,https://tabelog.com/tokyo/A1303/A130302/14003042/,https://yoyaku.tabelog.com/yoyaku/tabelog_booking/send_remind/,https://www.google.com/maps/search/?api=1&query=%E3%83%91%E3%83%B3%E3%82%B1%E3%83%BC%E3%82%AD%20%E3%83%AA%E3%82%B9%E3%83%88%E3%83%A9%E3%83%B3%E3%83%86%20%E7%A5%9E%E5%A5%88%E5%B7%9D%E7%9C%8C%E6%A8%AA%E6%B5%9C%E5%B8%82%E4%B8%AD%E5%8C%BA%E5%B1%B1%E4%B8%8B%E7%94%BA87-4,35.4421179,139.6499358,2018,スイーツ 百名店 EAST 2018,sweets_east,
スイーツガーデン ユウジアジキ,神奈川県横浜市都筑区北山田2-1-11 ベニシア　１Ｆ,食べログ スイーツ 百名店 EAST 2018 百名店 2018,https://tabelog.com/tokyo/A1303/A130302/14035784/,https://yoyaku.tabelog.com/yoyaku/tabelog_booking/send_remind/,https://www.google.com/maps/search/?api=1&query=%E3%82%B9%E3%82%A4%E3%83%BC%E3%83%84%E3%82%AC%E3%83%BC%E3%83%87%E3%83%B3%20%E3%83%A6%E3%82%A6%E3%82%B8%E3%82%A2%E3%82%B8%E3%82%AD%20%E7%A5%9E%E5%A5%88%E5%B7%9D%E7%9C%8C%E6%A8%AA%E6%B5%9C%E5%B8%82%E9%83%BD%E7%AD%91%E5%8C%BA%E5%8C%97%E5%B1%B1%E7%94%B02-1-11%20%E3%83%99%E3%83%8B%E3%82%B7%E3%82%A2%E3%80%80%EF%BC%91%EF%BC%A6,35.5608121,139.5917007,2018,スイーツ 百名店 EAST 2018,sweets_east,
喜久家洋菓子舗 元町本店,神奈川県横浜市中区元町2-86,食べログ スイーツ 百名店 EAST 2018 百名店 2018,https://tabelog.com/tokyo/A1303/A130302/14002810/,https://yoyaku.tabelog.com/yoyaku/tabelog_booking/send_remind/,https://www.google.com/maps/search/?api=1&query=%E5%96%9C%E4%B9%85%E5%AE%B6%E6%B4%8B%E8%8F%93%E5%AD%90%E8%88%97%20%E5%85%83%E7%94%BA%E6%9C%AC%E5%BA%97%20%E7%A5%9E%E5%A5%88%E5%B7%9D%E7%9C%8C%E6%A8%AA%E6%B5%9C%E5%B8%82%E4%B8%AD%E5%8C%BA%E5%85%83%E7%94%BA2-86,35.4407851,139.6487665,2018,スイーツ 百名店 EAST 2018,sweets_east,
ル・パティシエ ヨコヤマ 谷津店,千葉県習志野市谷津4-8-45,食べログ スイーツ 百名店 EAST 2018 百名店 2018,https://tabelog.com/tokyo/A1303/A130302/12000255/,https://yoyaku.tabelog.com/yoyaku/tabelog_booking/send_remind/,https://www.google.com/maps/search/?api=1&query=%E3%83%AB%E3%83%BB%E3%83%91%E3%83%86%E3%82%A3%E3%82%B7%E3%82%A8%20%E3%83%A8%E3%82%B3%E3%83%A4%E3%83%9E%20%E8%B0%B7%E6%B4%A5%E5%BA%97%20%E5%8D%83%E8%91%89%E7%9C%8C%E7%BF%92%E5%BF%97%E9%87%8E%E5%B8%82%E8%B0%B7%E6%B4%A54-8-45,35.6863752,140.0043678,2018,スイーツ 百名店 EAST 2018,sweets_east,
ナッシュカッツェ,神奈川県横浜市青葉区荏田西2-15-1,食べログ スイーツ 百名店 EAST 2018 百名店 2018,https://tabelog.com/tokyo/A1303/A130302/14010007/,https://yoyaku.tabelog.com/yoyaku/tabelog_booking/send_remind/,https://www.google.com/maps/search/?api=1&query=%E3%83%8A%E3%83%83%E3%82%B7%E3%83%A5%E3%82%AB%E3%83%83%E3%83%84%E3%82%A7%20%E7%A5%9E%E5%A5%88%E5%B7%9D%E7%9C%8C%E6%A8%AA%E6%B5%9C%E5%B8%82%E9%9D%92%E8%91%89%E5%8C%BA%E8%8D%8F%E7%94%B0%E8%A5%BF2-15-1,35.5544493,139.5547229,2018,スイーツ 百名店 EAST 2018,sweets_east,
ピネキ,千葉県館山市下真倉236-3,食べログ スイーツ 百名店 EAST 2018 百名店 2018,https://tabelog.com/tokyo/A1303/A130302/12005224/,https://yoyaku.tabelog.com/yoyaku/tabelog_booking/send_remind/,https://www.google.com/maps/search/?api=1&query=%E3%83%94%E3%83%8D%E3%82%AD%20%E5%8D%83%E8%91%89%E7%9C%8C%E9%A4%A8%E5%B1%B1%E5%B8%82%E4%B8%8B%E7%9C%9F%E5%80%89236-3,34.9789636,139.8690803,2018,スイーツ 百名店 EAST 2018,sweets_east,
ちもと 駅前通り店,神奈川県足柄下郡箱根町湯本690,食べログ スイーツ 百名店 EAST 2018 百名店 2018,https://tabelog.com/tokyo/A1303/A130302/14011112/,https://yoyaku.tabelog.com/yoyaku/tabelog_booking/send_remind/,https://www.google.com/maps/search/?api=1&query=%E3%81%A1%E3%82%82%E3%81%A8%20%E9%A7%85%E5%89%8D%E9%80%9A%E3%82%8A%E5%BA%97%20%E7%A5%9E%E5%A5%88%E5%B7%9D%E7%9C%8C%E8%B6%B3%E6%9F%84%E4%B8%8B%E9%83%A1%E7%AE%B1%E6%A0%B9%E7%94%BA%E6%B9%AF%E6%9C%AC690,35.2315625,139.1007160,2018,スイーツ 百名店 EAST 2018,sweets_east,
埜庵,神奈川県藤沢市鵠沼海岸3-5-11,食べログ スイーツ 百名店 EAST 2018 百名店 2018,https://tabelog.com/tokyo/A1303/A130302/14002792/,https://yoyaku.tabelog.com/yoyaku/tabelog_booking/send_remind/,https://www.google.com/maps/search/?api=1&query=%E5%9F%9C%E5%BA%B5%20%E7%A5%9E%E5%A5%88%E5%B7%9D%E7%9C%8C%E8%97%A4%E6%B2%A2%E5%B8%82%E9%B5%A0%E6%B2%BC%E6%B5%B7%E5%B2%B83-5-11,35.3205964,139.4699813,2018,スイーツ 百名店 EAST 2018,sweets_east,
アカシエ 浦和店,埼玉県さいたま市浦和区仲町4-1-12 プリマベーラ １Ｆ,食べログ スイーツ 百名店 EAST 2018 百名店 2018,https://tabelog.com/tokyo/A1303/A130302/11003500/,https://yoyaku.tabelog.com/yoyaku/tabelog_booking/send_remind/,https://www.google.com/maps/search/?api=1&query=%E3%82%A2%E3%82%AB%E3%82%B7%E3%82%A8%20%E6%B5%A6%E5%92%8C%E5%BA%97%20%E5%9F%BC%E7%8E%89%E7%9C%8C%E3%81%95%E3%81%84%E3%81%9F%E3%81%BE%E5%B8%82%E6%B5%A6%E5%92%8C%E5%8C%BA%E4%BB%B2%E7%94%BA4-1-12%20%E3%83%97%E3%83%AA%E3%83%9E%E3%83%99%E3%83%BC%E3%83%A9%20%EF%BC%91%EF%BC%A6,35.8596253,139.6468588,2018,スイーツ 百名店 EAST 2018,sweets_east,
ピュイサンス,神奈川県横浜市青葉区みたけ台31-29,食べログ スイーツ 百名店 EAST 2018 百名店 2018,https://tabelog.com/tokyo/A1303/A130302/14003354/,https://yoyaku.tabelog.com/yoyaku/tabelog_booking/send_remind/,https://www.google.com/maps/search/?api=1&query=%E3%83%94%E3%83%A5%E3%82%A4%E3%82%B5%E3%83%B3%E3%82%B9%20%E7%A5%9E%E5%A5%88%E5%B7%9D%E7%9C%8C%E6%A8%AA%E6%B5%9C%E5%B8%82%E9%9D%92%E8%91%89%E5%8C%BA%E3%81%BF%E3%81%9F%E3%81%91%E5%8F%B031-29,35.5556800,139.5200932,2018,スイーツ 百名店 EAST 2018,sweets_east,
慈げん,埼玉県熊谷市宮町2-95 間庭ビル 1F,食べログ スイーツ 百名店 EAST 2018 百名店 2018,https://tabelog.com/tokyo/A1303/A130302/11005999/,https://yoyaku.tabelog.com/yoyaku/tabelog_booking/send_remind/,https://www.google.com/maps/search/?api=1&query=%E6%85%88%E3%81%92%E3%82%93%20%E5%9F%BC%E7%8E%89%E7%9C%8C%E7%86%8A%E8%B0%B7%E5%B8%82%E5%AE%AE%E7%94%BA2-95%20%E9%96%93%E5%BA%AD%E3%83%93%E3%83%AB%201F,36.1449837,139.3875805,2018,スイーツ 百名店 EAST 2018,sweets_east,
アヴランシュ・ゲネー,東京都文京区本郷4-17-6 1F,食べログ スイーツ 百名店 TOKYO 2018 百名店 2018,https://tabelog.com/tokyo/A1303/A130302/13186450/,https://yoyaku.tabelog.com/yoyaku/tabelog_booking/send_remind/,https://www.google.com/maps/search/?api=1&query=%E3%82%A2%E3%83%B4%E3%83%A9%E3%83%B3%E3%82%B7%E3%83%A5%E3%83%BB%E3%82%B2%E3%83%8D%E3%83%BC%20%E6%9D%B1%E4%BA%AC%E9%83%BD%E6%96%87%E4%BA%AC%E5%8C%BA%E6%9C%AC%E9%83%B74-17-6%201F,35.7094536,139.7535860,2018,スイーツ 百名店 TOKYO 2018,sweets_tokyo,
ハリッツ 上原店,東京都渋谷区上原1-34-2,食べログ スイーツ 百名店 TOKYO 2018 百名店 2018,https://tabelog.com/tokyo/A1303/A130302/13023466/,https://yoyaku.tabelog.com/yoyaku/tabelog_booking/send_remind/,https://www.google.com/maps/search/?api=1&query=%E3%83%8F%E3%83%AA%E3%83%83%E3%83%84%20%E4%B8%8A%E5%8E%9F%E5%BA%97%20%E6%9D%B1%E4%BA%AC%E9%83%BD%E6%B8%8B%E8%B0%B7%E5%8C%BA%E4%B8%8A%E5%8E%9F1-34-2,35.6693388,139.6820238,2018,スイーツ 百名店 TOKYO 2018,sweets_tokyo,
PATISSERIE ASAKO IWAYANAGI,東京都世田谷区等々力4-4-5,食べログ スイーツ 百名店 TOKYO 2018 百名店 2018,https://tabelog.com/tokyo/A1303/A130302/13189509/,https://yoyaku.tabelog.com/yoyaku/tabelog_booking/send_remind/,https://www.google.com/maps/search/?api=1&query=PATISSERIE%20ASAKO%20IWAYANAGI%20%E6%9D%B1%E4%BA%AC%E9%83%BD%E4%B8%96%E7%94%B0%E8%B0%B7%E5%8C%BA%E7%AD%89%E3%80%85%E5%8A%9B4-4-5,35.6080606,139.6501579,2018,スイーツ 百名店 TOKYO 2018,sweets_tokyo,
たちばな,東京都中央区銀座8-7-19 江安ビル １Ｆ,食べログ スイーツ 百名店 TOKYO 2018 百名店 2018,https://tabelog.com/tokyo/A1303/A130302/13022189/,https://yoyaku.tabelog.com/yoyaku/tabelog_booking/send_remind/,https://www.google.com/maps/search/?api=1&query=%E3%81%9F%E3%81%A1%E3%81%B0%E3%81%AA%20%E6%9D%B1%E4%BA%AC%E9%83%BD%E4%B8%AD%E5%A4%AE%E5%8C%BA%E9%8A%80%E5%BA%A78-7-19%20%E6%B1%9F%E5%AE%89%E3%83%93%E3%83%AB%20%EF%BC%91%EF%BC%A6,35.6685607,139.7609756,2018,スイーツ 百名店 TOKYO 2018,sweets_tokyo,
ロートンヌ 秋津本店,東京都東村山市秋津町5-13-4,食べログ スイーツ 百名店 TOKYO 2018 百名店 2018,https://tabelog.com/tokyo/A1303/A130302/13005967/,https://yoyaku.tabelog.com/yoyaku/tabelog_booking/send_remind/,https://www.google.com/maps/search/?api=1&query=%E3%83%AD%E3%83%BC%E3%83%88%E3%83%B3%E3%83%8C%20%E7%A7%8B%E6%B4%A5%E6%9C%AC%E5%BA%97%20%E6%9D%B1%E4%BA%AC%E9%83%BD%E6%9D%B1%E6%9D%91%E5%B1%B1%E5%B8%82%E7%A7%8B%E6%B4%A5%E7%94%BA5-13-4,35.7781736,139.4944412,2018,スイーツ 百名店 TOKYO 2018,sweets_tokyo,
松島屋,東京都港区高輪1-5-25,食べログ スイーツ 百名店 TOKYO 2018 百名店 2018,https://tabelog.com/tokyo/A1303/A130302/13007137/,https://yoyaku.tabelog.com/yoyaku/tabelog_booking/send_remind/,https://www.google.com/maps/search/?api=1&query=%E6%9D%BE%E5%B3%B6%E5%B1%8B%20%E6%9D%B1%E4%BA%AC%E9%83%BD%E6%B8%AF%E5%8C%BA%E9%AB%98%E8%BC%AA1-5-25,35.6405569,139.7374211,2018,スイーツ 百名店 TOKYO 2018,sweets_tokyo,
ホットケーキパーラー フルフル 赤坂店,東京都港区赤坂2-17-52 パラッツォ赤坂 1F,食べログ スイーツ 百名店 TOKYO 2018 百名店 2018,https://tabelog.com/tokyo/A1303/A130302/13155288/,https://tabelog.com/tokyo/A1308/A130801/13155288/?cid=google_yoyaku,https://www.google.com/maps/search/?api=1&query=%E3%83%9B%E3%83%83%E3%83%88%E3%82%B1%E3%83%BC%E3%82%AD%E3%83%91%E3%83%BC%E3%83%A9%E3%83%BC%20%E3%83%95%E3%83%AB%E3%83%95%E3%83%AB%20%E8%B5%A4%E5%9D%82%E5%BA%97%20%E6%9D%B1%E4%BA%AC%E9%83%BD%E6%B8%AF%E5%8C%BA%E8%B5%A4%E5%9D%822-17-52%20%E3%83%91%E3%83%A9%E3%83%83%E3%83%84%E3%82%A9%E8%B5%A4%E5%9D%82%201F,35.6703595,139.7388266,2018,スイーツ 百名店 TOKYO 2018,sweets_tokyo,
フルーツパーラーフクナガ,東京都新宿区四谷3-4 fビル 2F,食べログ スイーツ 百名店 TOKYO 2018 百名店 2018,https://tabelog.com/tokyo/A1303/A130302/13006765/,https://yoyaku.tabelog.com/yoyaku/tabelog_booking/send_remind/,https://www.google.com/maps/search/?api=1&query=%E3%83%95%E3%83%AB%E3%83%BC%E3%83%84%E3%83%91%E3%83%BC%E3%83%A9%E3%83%BC%E3%83%95%E3%82%AF%E3%83%8A%E3%82%AC%20%E6%9D%B1%E4%BA%AC%E9%83%BD%E6%96%B0%E5%AE%BF%E5%8C%BA%E5%9B%9B%E8%B0%B73-4%20f%E3%83%93%E3%83%AB%202F,35.6878829,139.7218924,2018,スイーツ 百名店 TOKYO 2018,sweets_tokyo,
アステリスク,東京都渋谷区上原1-26-16 タマテクノビル 1F,食べログ スイーツ 百名店 TOKYO 2018 百名店 2018,https://tabelog.com/tokyo/A1303/A130302/13140735/,https://yoyaku.tabelog.com/yoyaku/tabelog_booking/send_remind/,https://www.google.com/maps/search/?api=1&query=%E3%82%A2%E3%82%B9%E3%83%86%E3%83%AA%E3%82%B9%E3%82%AF%20%E6%9D%B1%E4%BA%AC%E9%83%BD%E6%B8%8B%E8%B0%B7%E5%8C%BA%E4%B8%8A%E5%8E%9F1-26-16%20%E3%82%BF%E3%83%9E%E3%83%86%E3%82%AF%E3%83%8E%E3%83%93%E3%83%AB%201F,35.6682811,139.6813812,2018,スイーツ 百名店 TOKYO 2018,sweets_tokyo,
ホレンディッシェ・カカオシュトゥーベ 新宿伊勢丹店,東京都新宿区新宿3-14-1 伊勢丹新宿店 B1F,食べログ スイーツ 百名店 TOKYO 2018 百名店 2018,https://tabelog.com/tokyo/A1303/A130302/13097078/,https://yoyaku.tabelog.com/yoyaku/tabelog_booking/send_remind/,https://www.google.com/maps/search/?api=1&query=%E3%83%9B%E3%83%AC%E3%83%B3%E3%83%87%E3%82%A3%E3%83%83%E3%82%B7%E3%82%A7%E3%83%BB%E3%82%AB%E3%82%AB%E3%82%AA%E3%82%B7%E3%83%A5%E3%83%88%E3%82%A5%E3%83%BC%E3%83%99%20%E6%96%B0%E5%AE%BF%E4%BC%8A%E5%8B%A2%E4%B8%B9%E5%BA%97%20%E6%9D%B1%E4%BA%AC%E9%83%BD%E6%96%B0%E5%AE%BF%E5%8C%BA%E6%96%B0%E5%AE%BF3-14-1%20%E4%BC%8A%E5%8B%A2%E4%B8%B9%E6%96%B0%E5%AE%BF%E5%BA%97%20B1F,35.6919489,139.7042317,2018,スイーツ 百名店 TOKYO 2018,sweets_tokyo,
一幸庵,東京都文京区小石川5-3-15,食べログ スイーツ 百名店 TOKYO 2018 百名店 2018,https://tabelog.com/tokyo/A1303/A130302/13005076/,https://yoyaku.tabelog.com/yoyaku/tabelog_booking/send_remind/,https://www.google.com/maps/search/?api=1&query=%E4%B8%80%E5%B9%B8%E5%BA%B5%20%E6%9D%B1%E4%BA%AC%E9%83%BD%E6%96%87%E4%BA%AC%E5%8C%BA%E5%B0%8F%E7%9F%B3%E5%B7%9D5-3-15,35.7165118,139.7392432,2018,スイーツ 百名店 TOKYO 2018,sweets_tokyo,
和栗や 谷中店,東京都台東区谷中3-9-14,食べログ スイーツ 百名店 TOKYO 2018 百名店 2018,https://tabelog.com/tokyo/A1303/A130302/13130539/,https://yoyaku.tabelog.com/yoyaku/tabelog_booking/send_remind/,https://www.google.com/maps/search/?api=1&query=%E5%92%8C%E6%A0%97%E3%82%84%20%E8%B0%B7%E4%B8%AD%E5%BA%97%20%E6%9D%B1%E4%BA%AC%E9%83%BD%E5%8F%B0%E6%9D%B1%E5%8C%BA%E8%B0%B7%E4%B8%AD3-9-14,35.7275875,139.7653014,2018,スイーツ 百名店 TOKYO 2018,sweets_tokyo,
しもきた茶苑大山,東京都世田谷区北沢2-30-2 丸和センター ２Ｆ,食べログ スイーツ 百名店 TOKYO 2018 百名店 2018,https://tabelog.com/tokyo/A1303/A130302/13025597/,https://yoyaku.tabelog.com/yoyaku/tabelog_booking/send_remind/,https://www.google.com/maps/search/?api=1&query=%E3%81%97%E3%82%82%E3%81%8D%E3%81%9F%E8%8C%B6%E8%8B%91%E5%A4%A7%E5%B1%B1%20%E6%9D%B1%E4%BA%AC%E9%83%BD%E4%B8%96%E7%94%B0%E8%B0%B7%E5%8C%BA%E5%8C%97%E6%B2%A22-30-2%20%E4%B8%B8%E5%92%8C%E3%82%BB%E3%83%B3%E3%82%BF%E3%83%BC%20%EF%BC%92%EF%BC%A6,35.6626771,139.6675578,2018,スイーツ 百名店 TOKYO 2018,sweets_tokyo,
ミニマル 富ヶ谷本店,東京都渋谷区富ヶ谷2-1-9,食べログ スイーツ 百名店 TOKYO 2018 百名店 2018,https://tabelog.com/tokyo/A1303/A130302/13175834/,https://yoyaku.tabelog.com/yoyaku/tabelog_booking/send_remind/,https://www.google.com/maps/search/?api=1&query=%E3%83%9F%E3%83%8B%E3%83%9E%E3%83%AB%20%E5%AF%8C%E3%83%B6%E8%B0%B7%E6%9C%AC%E5%BA%97%20%E6%9D%B1%E4%BA%AC%E9%83%BD%E6%B8%8B%E8%B0%B7%E5%8C%BA%E5%AF%8C%E3%83%B6%E8%B0%B72-1-9,35.6668050,139.6876450,2018,スイーツ 百名店 TOKYO 2018,sweets_tokyo,
レピキュリアン,東京都武蔵野市吉祥寺南町1-9-5 1F,食べログ スイーツ 百名店 TOKYO 2018 百名店 2018,https://tabelog.com/tokyo/A1303/A130302/13005891/,https://yoyaku.tabelog.com/yoyaku/tabelog_booking/send_remind/,https://www.google.com/maps/search/?api=1&query=%E3%83%AC%E3%83%94%E3%82%AD%E3%83%A5%E3%83%AA%E3%82%A2%E3%83%B3%20%E6%9D%B1%E4%BA%AC%E9%83%BD%E6%AD%A6%E8%94%B5%E9%87%8E%E5%B8%82%E5%90%89%E7%A5%A5%E5%AF%BA%E5%8D%97%E7%94%BA1-9-5%201F,35.7019783,139.5783158,2018,スイーツ 百名店 TOKYO 2018,sweets_tokyo,
ジャン＝ポール・エヴァン 伊勢丹新宿本店,東京都新宿区新宿3-14-1 伊勢丹新宿店 B1F,食べログ スイーツ 百名店 TOKYO 2018 百名店 2018,https://tabelog.com/tokyo/A1303/A130302/13000854/,https://yoyaku.tabelog.com/yoyaku/tabelog_booking/send_remind/,https://www.google.com/maps/search/?api=1&query=%E3%82%B8%E3%83%A3%E3%83%B3%EF%BC%9D%E3%83%9D%E3%83%BC%E3%83%AB%E3%83%BB%E3%82%A8%E3%83%B4%E3%82%A1%E3%83%B3%20%E4%BC%8A%E5%8B%A2%E4%B8%B9%E6%96%B0%E5%AE%BF%E6%9C%AC%E5%BA%97%20%E6%9D%B1%E4%BA%AC%E9%83%BD%E6%96%B0%E5%AE%BF%E5%8C%BA%E6%96%B0%E5%AE%BF3-14-1%20%E4%BC%8A%E5%8B%A2%E4%B8%B9%E6%96%B0%E5%AE%BF%E5%BA%97%20B1F,35.6917805,139.7041962,2018,スイーツ 百名店 TOKYO 2018,sweets_tokyo,
エーグルドゥース,東京都新宿区下落合3-22-13,食べログ スイーツ 百名店 TOKYO 2018 百名店 2018,https://tabelog.com/tokyo/A1303/A130302/13005641/,https://yoyaku.tabelog.com/yoyaku/tabelog_booking/send_remind/,https://www.google.com/maps/search/?api=1&query=%E3%82%A8%E3%83%BC%E3%82%B0%E3%83%AB%E3%83%89%E3%82%A5%E3%83%BC%E3%82%B9%20%E6%9D%B1%E4%BA%AC%E9%83%BD%E6%96%B0%E5%AE%BF%E5%8C%BA%E4%B8%8B%E8%90%BD%E5%90%883-22-13,35.7224758,139.7006397,2018,スイーツ 百名店 TOKYO 2018,sweets_tokyo,
クリオロ 本店,東京都板橋区向原3-9-2 サントスビル 1F,食べログ スイーツ 百名店 TOKYO 2018 百名店 2018,https://tabelog.com/tokyo/A1303/A130302/13194959/,https://yoyaku.tabelog.com/yoyaku/tabelog_booking/send_remind/,https://www.google.com/maps/search/?api=1&query=%E3%82%AF%E3%83%AA%E3%82%AA%E3%83%AD%20%E6%9C%AC%E5%BA%97%20%E6%9D%B1%E4%BA%AC%E9%83%BD%E6%9D%BF%E6%A9%8B%E5%8C%BA%E5%90%91%E5%8E%9F3-9-2%20%E3%82%B5%E3%83%B3%E3%83%88%E3%82%B9%E3%83%93%E3%83%AB%201F,35.7444613,139.6824525,2018,スイーツ 百名店 TOKYO 2018,sweets_tokyo,
オーボンヴュータン 尾山台店,東京都世田谷区等々力2-1-3,食べログ スイーツ 百名店 TOKYO 2018 百名店 2018,https://tabelog.com/tokyo/A1303/A130302/13181654/,https://yoyaku.tabelog.com/yoyaku/tabelog_booking/send_remind/,https://www.google.com/maps/search/?api=1&query=%E3%82%AA%E3%83%BC%E3%83%9C%E3%83%B3%E3%83%B4%E3%83%A5%E3%83%BC%E3%82%BF%E3%83%B3%20%E5%B0%BE%E5%B1%B1%E5%8F%B0%E5%BA%97%20%E6%9D%B1%E4%BA%AC%E9%83%BD%E4%B8%96%E7%94%B0%E8%B0%B7%E5%8C%BA%E7%AD%89%E3%80%85%E5%8A%9B2-1-3,35.6040735,139.6517673,2018,スイーツ 百名店 TOKYO 2018,sweets_tokyo,
ルカフェデュボンボン,東京都渋谷区元代々木町9-2 水落ビル1階,食べログ スイーツ 百名店 TOKYO 2018 百名店 2018,https://tabelog.com/tokyo/A1303/A130302/13090623/,https://yoyaku.tabelog.com/yoyaku/tabelog_booking/send_remind/,https://www.google.com/maps/search/?api=1&query=%E3%83%AB%E3%82%AB%E3%83%95%E3%82%A7%E3%83%87%E3%83%A5%E3%83%9C%E3%83%B3%E3%83%9C%E3%83%B3%20%E6%9D%B1%E4%BA%AC%E9%83%BD%E6%B8%8B%E8%B0%B7%E5%8C%BA%E5%85%83%E4%BB%A3%E3%80%85%E6%9C%A8%E7%94%BA9-2%20%E6%B0%B4%E8%90%BD%E3%83%93%E3%83%AB1%E9%9A%8E,35.6700422,139.6851541,2018,スイーツ 百名店 TOKYO 2018,sweets_tokyo,
ユーゴ アンド ヴィクトール 伊勢丹新宿店,東京都新宿区新宿3-14-1 伊勢丹新宿店本館 B1F,食べログ スイーツ 百名店 TOKYO 2018 百名店 2018,https://tabelog.com/tokyo/A1303/A130302/13187714/,https://yoyaku.tabelog.com/yoyaku/tabelog_booking/send_remind/,https://www.google.com/maps/search/?api=1&query=%E3%83%A6%E3%83%BC%E3%82%B4%20%E3%82%A2%E3%83%B3%E3%83%89%20%E3%83%B4%E3%82%A3%E3%82%AF%E3%83%88%E3%83%BC%E3%83%AB%20%E4%BC%8A%E5%8B%A2%E4%B8%B9%E6%96%B0%E5%AE%BF%E5%BA%97%20%E6%9D%B1%E4%BA%AC%E9%83%BD%E6%96%B0%E5%AE%BF%E5%8C%BA%E6%96%B0%E5%AE%BF3-14-1%20%E4%BC%8A%E5%8B%A2%E4%B8%B9%E6%96%B0%E5%AE%BF%E5%BA%97%E6%9C%AC%E9%A4%A8%20B1F,35.6916355,139.7046151,2018,スイーツ 百名店 TOKYO 2018,sweets_tokyo,
梅むら,東京都台東区浅草3-22-12,食べログ スイーツ 百名店 TOKYO 2018 百名店 2018,https://tabelog.com/tokyo/A1303/A130302/13008698/,https://yoyaku.tabelog.com/yoyaku/tabelog_booking/send_remind/,https://www.google.com/maps/search/?api=1&query=%E6%A2%85%E3%82%80%E3%82%89%20%E6%9D%B1%E4%BA%AC%E9%83%BD%E5%8F%B0%E6%9D%B1%E5%8C%BA%E6%B5%85%E8%8D%893-22-12,35.7167274,139.7967145,2018,スイーツ 百名店 TOKYO 2018,sweets_tokyo,
亀十,東京都台東区雷門2-18-11,食べログ スイーツ 百名店 TOKYO 2018 百名店 2018,https://tabelog.com/tokyo/A1303/A130302/13003655/,https://yoyaku.tabelog.com/yoyaku/tabelog_booking/send_remind/,https://www.google.com/maps/search/?api=1&query=%E4%BA%80%E5%8D%81%20%E6%9D%B1%E4%BA%AC%E9%83%BD%E5%8F%B0%E6%9D%B1%E5%8C%BA%E9%9B%B7%E9%96%802-18-11,35.7107322,139.7967830,2018,スイーツ 百名店 TOKYO 2018,sweets_tokyo,
御菓子処 さゝま,東京都千代田区神田神保町1-23,食べログ スイーツ 百名店 TOKYO 2018 百名店 2018,https://tabelog.com/tokyo/A1303/A130302/13000627/,https://yoyaku.tabelog.com/yoyaku/tabelog_booking/send_remind/,https://www.google.com/maps/search/?api=1&query=%E5%BE%A1%E8%8F%93%E5%AD%90%E5%87%A6%20%E3%81%95%E3%82%9D%E3%81%BE%20%E6%9D%B1%E4%BA%AC%E9%83%BD%E5%8D%83%E4%BB%A3%E7%94%B0%E5%8C%BA%E7%A5%9E%E7%94%B0%E7%A5%9E%E4%BF%9D%E7%94%BA1-23,35.6950523,139.7611244,2018,スイーツ 百名店 TOKYO 2018,sweets_tokyo,
ツッカベッカライ カヤヌマ,東京都港区赤坂1-4-5 栢沼ビル 1F,食べログ スイーツ 百名店 TOKYO 2018 百名店 2018,https://tabelog.com/tokyo/A1303/A130302/13002756/,https://yoyaku.tabelog.com/yoyaku/tabelog_booking/send_remind/,https://www.google.com/maps/search/?api=1&query=%E3%83%84%E3%83%83%E3%82%AB%E3%83%99%E3%83%83%E3%82%AB%E3%83%A9%E3%82%A4%20%E3%82%AB%E3%83%A4%E3%83%8C%E3%83%9E%20%E6%9D%B1%E4%BA%AC%E9%83%BD%E6%B8%AF%E5%8C%BA%E8%B5%A4%E5%9D%821-4-5%20%E6%A0%A2%E6%B2%BC%E3%83%93%E3%83%AB%201F,35.6702939,139.7439283,2018,スイーツ 百名店 TOKYO 2018,sweets_tokyo,
ちもと,東京都目黒区八雲1-4-6,食べログ スイーツ 百名店 TOKYO 2018 百名店 2018,https://tabelog.com/tokyo/A1303/A130302/13003218/,https://yoyaku.tabelog.com/yoyaku/tabelog_booking/send_remind/,https://www.google.com/maps/search/?api=1&query=%E3%81%A1%E3%82%82%E3%81%A8%20%E6%9D%B1%E4%BA%AC%E9%83%BD%E7%9B%AE%E9%BB%92%E5%8C%BA%E5%85%AB%E9%9B%B21-4-6,35.6182011,139.6748744,2018,スイーツ 百名店 TOKYO 2018,sweets_tokyo,
エムコイデ,東京都世田谷区奥沢6-32-9 ローズコート自由が丘 1Ｆ,食べログ スイーツ 百名店 TOKYO 2018 百名店 2018,https://tabelog.com/tokyo/A1303/A130302/13130756/,https://yoyaku.tabelog.com/yoyaku/tabelog_booking/send_remind/,https://www.google.com/maps/search/?api=1&query=%E3%82%A8%E3%83%A0%E3%82%B3%E3%82%A4%E3%83%87%20%E6%9D%B1%E4%BA%AC%E9%83%BD%E4%B8%96%E7%94%B0%E8%B0%B7%E5%8C%BA%E5%A5%A5%E6%B2%A26-32-9%20%E3%83%AD%E3%83%BC%E3%82%BA%E3%82%B3%E3%83%BC%E3%83%88%E8%87%AA%E7%94%B1%E3%81%8C%E4%B8%98%201%EF%BC%A6,35.6061454,139.6656120,2018,スイーツ 百名店 TOKYO 2018,sweets_tokyo,
アルカション 本店,東京都練馬区南大泉5-34-4,食べログ スイーツ 百名店 TOKYO 2018 百名店 2018,https://tabelog.com/tokyo/A1303/A130302/13023168/,https://yoyaku.tabelog.com/yoyaku/tabelog_booking/send_remind/,https://www.google.com/maps/search/?api=1&query=%E3%82%A2%E3%83%AB%E3%82%AB%E3%82%B7%E3%83%A7%E3%83%B3%20%E6%9C%AC%E5%BA%97%20%E6%9D%B1%E4%BA%AC%E9%83%BD%E7%B7%B4%E9%A6%AC%E5%8C%BA%E5%8D%97%E5%A4%A7%E6%B3%895-34-4,35.7489809,139.5696772,2018,スイーツ 百名店 TOKYO 2018,sweets_tokyo,
だるまや餅菓子店,東京都北区十条仲原1-3-6,食べログ スイーツ 百名店 TOKYO 2018 百名店 2018,https://tabelog.com/tokyo/A1303/A130302/13008769/,https://yoyaku.tabelog.com/yoyaku/tabelog_booking/send_remind/,https://www.google.com/maps/search/?api=1&query=%E3%81%A0%E3%82%8B%E3%81%BE%E3%82%84%E9%A4%85%E8%8F%93%E5%AD%90%E5%BA%97%20%E6%9D%B1%E4%BA%AC%E9%83%BD%E5%8C%97%E5%8C%BA%E5%8D%81%E6%9D%A1%E4%BB%B2%E5%8E%9F1-3-6,35.7622369,139.7213982,2018,スイーツ 百名店 TOKYO 2018,sweets_tokyo,
千葉屋,東京都台東区浅草3-9-10,食べログ スイーツ 百名店 TOKYO 2018 百名店 2018,https://tabelog.com/tokyo/A1303/A130302/13008691/,https://yoyaku.tabelog.com/yoyaku/tabelog_booking/send_remind/,https://www.google.com/maps/search/?api=1&query=%E5%8D%83%E8%91%89%E5%B1%8B%20%E6%9D%B1%E4%BA%AC%E9%83%BD%E5%8F%B0%E6%9D%B1%E5%8C%BA%E6%B5%85%E8%8D%893-9-10,35.7168626,139.7948954,2018,スイーツ 百名店 TOKYO 2018,sweets_tokyo,
ノンナアンドシディショップ,東京都渋谷区恵比寿西2-10-6 大槻ビル 1F,食べログ スイーツ 百名店 TOKYO 2018 百名店 2018,https://tabelog.com/tokyo/A1303/A130302/13119959/,https://yoyaku.tabelog.com/yoyaku/tabelog_booking/send_remind/,https://www.google.com/maps/search/?api=1&query=%E3%83%8E%E3%83%B3%E3%83%8A%E3%82%A2%E3%83%B3%E3%83%89%E3%82%B7%E3%83%87%E3%82%A3%E3%82%B7%E3%83%A7%E3%83%83%E3%83%97%20%E6%9D%B1%E4%BA%AC%E9%83%BD%E6%B8%8B%E8%B0%B7%E5%8C%BA%E6%81%B5%E6%AF%94%E5%AF%BF%E8%A5%BF2-10-6%20%E5%A4%A7%E6%A7%BB%E3%83%93%E3%83%AB%201F,35.6488982,139.7064911,2018,スイーツ 百名店 TOKYO 2018,sweets_tokyo,
Toshi Yoroizuka Mid Town,東京都港区赤坂9-7-2 東京ミッドタウン･イースト 1F,食べログ スイーツ 百名店 TOKYO 2018 百名店 2018,https://tabelog.com/tokyo/A1303/A130302/13037382/,https://yoyaku.tabelog.com/yoyaku/tabelog_booking/send_remind/,https://www.google.com/maps/search/?api=1&query=Toshi%20Yoroizuka%20Mid%20Town%20%E6%9D%B1%E4%BA%AC%E9%83%BD%E6%B8%AF%E5%8C%BA%E8%B5%A4%E5%9D%829-7-2%20%E6%9D%B1%E4%BA%AC%E3%83%9F%E3%83%83%E3%83%89%E3%82%BF%E3%82%A6%E3%83%B3%EF%BD%A5%E3%82%A4%E3%83%BC%E3%82%B9%E3%83%88%201F,35.6654406,139.7313922,2018,スイーツ 百名店 TOKYO 2018,sweets_tokyo,
ピエール・エルメ・パリ Aoyama,東京都渋谷区神宮前5-51-8 ラ・ポルト青山　1・2F,食べログ スイーツ 百名店 TOKYO 2018 百名店 2018,https://tabelog.com/tokyo/A1303/A130302/13014316/,https://yoyaku.tabelog.com/yoyaku/tabelog_booking/send_remind/,https://www.google.com/maps/search/?api=1&query=%E3%83%94%E3%82%A8%E3%83%BC%E3%83%AB%E3%83%BB%E3%82%A8%E3%83%AB%E3%83%A1%E3%83%BB%E3%83%91%E3%83%AA%20Aoyama%20%E6%9D%B1%E4%BA%AC%E9%83%BD%E6%B8%8B%E8%B0%B7%E5%8C%BA%E7%A5%9E%E5%AE%AE%E5%89%8D5-51-8%20%E3%83%A9%E3%83%BB%E3%83%9D%E3%83%AB%E3%83%88%E9%9D%92%E5%B1%B1%E3%80%801%E3%83%BB2F,35.6627924,139.7096847,2018,スイーツ 百名店 TOKYO 2018,sweets_tokyo,
フルーツカフェ　フルータス,東京都江東区富岡1-24-6,食べログ スイーツ 百名店 TOKYO 2018 百名店 2018,https://tabelog.com/tokyo/A1303/A130302/13056677/,https://yoyaku.tabelog.com/yoyaku/tabelog_booking/send_remind/,https://www.google.com/maps/search/?api=1&query=%E3%83%95%E3%83%AB%E3%83%BC%E3%83%84%E3%82%AB%E3%83%95%E3%82%A7%E3%80%80%E3%83%95%E3%83%AB%E3%83%BC%E3%82%BF%E3%82%B9%20%E6%9D%B1%E4%BA%AC%E9%83%BD%E6%B1%9F%E6%9D%B1%E5%8C%BA%E5%AF%8C%E5%B2%A11-24-6,35.6704064,139.7989271,2018,スイーツ 百名店 TOKYO 2018,sweets_tokyo,
廚 菓子 くろぎ,東京都文京区本郷7-3-1 東京大学本郷キャンパス 春日門 Daiwaユビキタス学術研究館 1F,食べログ スイーツ 百名店 TOKYO 2018 百名店 2018,https://tabelog.com/tokyo/A1303/A130302/13167993/,https://yoyaku.tabelog.com/yoyaku/tabelog_booking/send_remind/,https://www.google.com/maps/search/?api=1&query=%E5%BB%9A%20%E8%8F%93%E5%AD%90%20%E3%81%8F%E3%82%8D%E3%81%8E%20%E6%9D%B1%E4%BA%AC%E9%83%BD%E6%96%87%E4%BA%AC%E5%8C%BA%E6%9C%AC%E9%83%B77-3-1%20%E6%9D%B1%E4%BA%AC%E5%A4%A7%E5%AD%A6%E6%9C%AC%E9%83%B7%E3%82%AD%E3%83%A3%E3%83%B3%E3%83%91%E3%82%B9%20%E6%98%A5%E6%97%A5%E9%96%80%20Daiwa%E3%83%A6%E3%83%93%E3%82%AD%E3%82%BF%E3%82%B9%E5%AD%A6%E8%A1%93%E7%A0%94%E7%A9%B6%E9%A4%A8%201F,35.7079240,139.7627223,2018,スイーツ 百名店 TOKYO 2018,sweets_tokyo,
和kitchen かんな,東京都世田谷区下馬2-43-11 2F,食べログ スイーツ 百名店 TOKYO 2018 百名店 2018,https://tabelog.com/tokyo/A1303/A130302/13156812/,https://yoyaku.tabelog.com/yoyaku/tabelog_booking/send_remind/,https://www.google.com/maps/search/?api=1&query=%E5%92%8Ckitchen%20%E3%81%8B%E3%82%93%E3%81%AA%20%E6%9D%B1%E4%BA%AC%E9%83%BD%E4%B8%96%E7%94%B0%E8%B0%B7%E5%8C%BA%E4%B8%8B%E9%A6%AC2-43-11%202F,35.6434145,139.6796066,2018,スイーツ 百名店 TOKYO 2018,sweets_tokyo,
アディクト オ シュクル,東京都目黒区八雲1-10-6,食べログ スイーツ 百名店 TOKYO 2018 百名店 2018,https://tabelog.com/tokyo/A1303/A130302/13171753/,https://yoyaku.tabelog.com/yoyaku/tabelog_booking/send_remind/,https://www.google.com/maps/search/?api=1&query=%E3%82%A2%E3%83%87%E3%82%A3%E3%82%AF%E3%83%88%20%E3%82%AA%20%E3%82%B7%E3%83%A5%E3%82%AF%E3%83%AB%20%E6%9D%B1%E4%BA%AC%E9%83%BD%E7%9B%AE%E9%BB%92%E5%8C%BA%E5%85%AB%E9%9B%B21-10-6,35.6185489,139.6724811,2018,スイーツ 百名店 TOKYO 2018,sweets_tokyo,
リベルターブル 渋谷ヒカリエShinQs店,東京都渋谷区渋谷2-21-1 渋谷ヒカリエシンクス B2F,食べログ スイーツ 百名店 TOKYO 2018 百名店 2018,https://tabelog.com/tokyo/A1303/A130302/13173629/,https://yoyaku.tabelog.com/yoyaku/tabelog_booking/send_remind/,https://www.google.com/maps/search/?api=1&query=%E3%83%AA%E3%83%99%E3%83%AB%E3%82%BF%E3%83%BC%E3%83%96%E3%83%AB%20%E6%B8%8B%E8%B0%B7%E3%83%92%E3%82%AB%E3%83%AA%E3%82%A8ShinQs%E5%BA%97%20%E6%9D%B1%E4%BA%AC%E9%83%BD%E6%B8%8B%E8%B0%B7%E5%8C%BA%E6%B8%8B%E8%B0%B72-21-1%20%E6%B8%8B%E8%B0%B7%E3%83%92%E3%82%AB%E3%83%AA%E3%82%A8%E3%82%B7%E3%83%B3%E3%82%AF%E3%82%B9%20B2F,35.6590118,139.7035886,2018,スイーツ 百名店 TOKYO 2018,sweets_tokyo,
群林堂,東京都文京区音羽2-1-2,食べログ スイーツ 百名店 TOKYO 2018 百名店 2018,https://tabelog.com/tokyo/A1303/A130302/13003816/,https://yoyaku.tabelog.com/yoyaku/tabelog_booking/send_remind/,https://www.google.com/maps/search/?api=1&query=%E7%BE%A4%E6%9E%97%E5%A0%82%20%E6%9D%B1%E4%BA%AC%E9%83%BD%E6%96%87%E4%BA%AC%E5%8C%BA%E9%9F%B3%E7%BE%BD2-1-2,35.7175496,139.7285047,2018,スイーツ 百名店 TOKYO 2018,sweets_tokyo,
パティスリー イル・プルー・シュル・ラ・セーヌ,東京都渋谷区猿楽町17-16 代官山フォーラム　２Ｆ,食べログ スイーツ 百名店 TOKYO 2018 百名店 2018,https://tabelog.com/tokyo/A1303/A130302/13001912/,https://yoyaku.tabelog.com/yoyaku/tabelog_booking/send_remind/,https://www.google.com/maps/search/?api=1&query=%E3%83%91%E3%83%86%E3%82%A3%E3%82%B9%E3%83%AA%E3%83%BC%20%E3%82%A4%E3%83%AB%E3%83%BB%E3%83%97%E3%83%AB%E3%83%BC%E3%83%BB%E3%82%B7%E3%83%A5%E3%83%AB%E3%83%BB%E3%83%A9%E3%83%BB%E3%82%BB%E3%83%BC%E3%83%8C%20%E6%9D%B1%E4%BA%AC%E9%83%BD%E6%B8%8B%E8%B0%B7%E5%8C%BA%E7%8C%BF%E6%A5%BD%E7%94%BA17-16%20%E4%BB%A3%E5%AE%98%E5%B1%B1%E3%83%95%E3%82%A9%E3%83%BC%E3%83%A9%E3%83%A0%E3%80%80%EF%BC%92%EF%BC%A6,35.6495436,139.6987646,2018,スイーツ 百名店 TOKYO 2018,sweets_tokyo,
ピエール マルコリーニ グランスタ東京店,東京都千代田区丸の内1-9-1 東京駅 グランスタ B1F,食べログ スイーツ 百名店 TOKYO 2018 百名店 2018,https://tabelog.com/tokyo/A1303/A130302/13044107/,https://yoyaku.tabelog.com/yoyaku/tabelog_booking/send_remind/,https://www.google.com/maps/search/?api=1&query=%E3%83%94%E3%82%A8%E3%83%BC%E3%83%AB%20%E3%83%9E%E3%83%AB%E3%82%B3%E3%83%AA%E3%83%BC%E3%83%8B%20%E3%82%B0%E3%83%A9%E3%83%B3%E3%82%B9%E3%82%BF%E6%9D%B1%E4%BA%AC%E5%BA%97%20%E6%9D%B1%E4%BA%AC%E9%83%BD%E5%8D%83%E4%BB%A3%E7%94%B0%E5%8C%BA%E4%B8%B8%E3%81%AE%E5%86%851-9-1%20%E6%9D%B1%E4%BA%AC%E9%A7%85%20%E3%82%B0%E3%83%A9%E3%83%B3%E3%82%B9%E3%82%BF%20B1F,35.6810699,139.7674845,2018,スイーツ 百名店 TOKYO 2018,sweets_tokyo,
たいやき わかば,東京都新宿区若葉1-10 小沢ビル　１Ｆ,食べログ スイーツ 百名店 TOKYO 2018 百名店 2018,https://tabelog.com/tokyo/A1303/A130302/13000848/,https://yoyaku.tabelog.com/yoyaku/tabelog_booking/send_remind/,https://www.google.com/maps/search/?api=1&query=%E3%81%9F%E3%81%84%E3%82%84%E3%81%8D%20%E3%82%8F%E3%81%8B%E3%81%B0%20%E6%9D%B1%E4%BA%AC%E9%83%BD%E6%96%B0%E5%AE%BF%E5%8C%BA%E8%8B%A5%E8%91%891-10%20%E5%B0%8F%E6%B2%A2%E3%83%93%E3%83%AB%E3%80%80%EF%BC%91%EF%BC%A6,35.6859954,139.7268804,2018,スイーツ 百名店 TOKYO 2018,sweets_tokyo,
アトリエコータ 神楽坂店,東京都新宿区神楽坂6-25,食べログ スイーツ 百名店 TOKYO 2018 百名店 2018,https://tabelog.com/tokyo/A1303/A130302/13136823/,https://yoyaku.tabelog.com/yoyaku/tabelog_booking/send_remind/,https://www.google.com/maps/search/?api=1&query=%E3%82%A2%E3%83%88%E3%83%AA%E3%82%A8%E3%82%B3%E3%83%BC%E3%82%BF%20%E7%A5%9E%E6%A5%BD%E5%9D%82%E5%BA%97%20%E6%9D%B1%E4%BA%AC%E9%83%BD%E6%96%B0%E5%AE%BF%E5%8C%BA%E7%A5%9E%E6%A5%BD%E5%9D%826-25,35.7036305,139.7363702,2018,スイーツ 百名店 TOKYO 2018,sweets_tokyo,
茶香,東京都足立区千住1-24-8,食べログ スイーツ 百名店 TOKYO 2018 百名店 2018,https://tabelog.com/tokyo/A1303/A130302/13110615/,https://yoyaku.tabelog.com/yoyaku/tabelog_booking/send_remind/,https://www.google.com/maps/search/?api=1&query=%E8%8C%B6%E9%A6%99%20%E6%9D%B1%E4%BA%AC%E9%83%BD%E8%B6%B3%E7%AB%8B%E5%8C%BA%E5%8D%83%E4%BD%8F1-24-8,35.7475062,139.8016547,2018,スイーツ 百名店 TOKYO 2018,sweets_tokyo,
ショコラティエ・ミキ,東京都世田谷区南烏山4-9-11 第2アベニューハウス,食べログ スイーツ 百名店 TOKYO 2018 百名店 2018,https://tabelog.com/tokyo/A1303/A130302/13057310/,https://yoyaku.tabelog.com/yoyaku/tabelog_booking/send_remind/,https://www.google.com/maps/search/?api=1&query=%E3%82%B7%E3%83%A7%E3%82%B3%E3%83%A9%E3%83%86%E3%82%A3%E3%82%A8%E3%83%BB%E3%83%9F%E3%82%AD%20%E6%9D%B1%E4%BA%AC%E9%83%BD%E4%B8%96%E7%94%B0%E8%B0%B7%E5%8C%BA%E5%8D%97%E7%83%8F%E5%B1%B14-9-11%20%E7%AC%AC2%E3%82%A2%E3%83%99%E3%83%8B%E3%83%A5%E3%83%BC%E3%83%8F%E3%82%A6%E3%82%B9,35.6697444,139.6018315,2018,スイーツ 百名店 TOKYO 2018,sweets_tokyo,
パティスリー・サダハル・アオキ・パリ 丸の内店,東京都千代田区丸の内3-4-1 新国際ビル　１Ｆ,食べログ スイーツ 百名店 TOKYO 2018 百名店 2018,https://tabelog.com/tokyo/A1303/A130302/13018800/,https://yoyaku.tabelog.com/yoyaku/tabelog_booking/send_remind/,https://www.google.com/maps/search/?api=1&query=%E3%83%91%E3%83%86%E3%82%A3%E3%82%B9%E3%83%AA%E3%83%BC%E3%83%BB%E3%82%B5%E3%83%80%E3%83%8F%E3%83%AB%E3%83%BB%E3%82%A2%E3%82%AA%E3%82%AD%E3%83%BB%E3%83%91%E3%83%AA%20%E4%B8%B8%E3%81%AE%E5%86%85%E5%BA%97%20%E6%9D%B1%E4%BA%AC%E9%83%BD%E5%8D%83%E4%BB%A3%E7%94%B0%E5%8C%BA%E4%B8%B8%E3%81%AE%E5%86%853-4-1%20%E6%96%B0%E5%9B%BD%E9%9A%9B%E3%83%93%E3%83%AB%E3%80%80%EF%BC%91%EF%BC%A6,35.6761884,139.7621233,2018,スイーツ 百名店 TOKYO 2018,sweets_tokyo,
パティスリー カーヴァンソン,東京都新宿区筑土八幡町1-2 第３ＮＫビル 1Ｆ,食べログ スイーツ 百名店 TOKYO 2018 百名店 2018,https://tabelog.com/tokyo/A1303/A130302/13035194/,https://yoyaku.tabelog.com/yoyaku/tabelog_booking/send_remind/,https://www.google.com/maps/search/?api=1&query=%E3%83%91%E3%83%86%E3%82%A3%E3%82%B9%E3%83%AA%E3%83%BC%20%E3%82%AB%E3%83%BC%E3%83%B4%E3%82%A1%E3%83%B3%E3%82%BD%E3%83%B3%20%E6%9D%B1%E4%BA%AC%E9%83%BD%E6%96%B0%E5%AE%BF%E5%8C%BA%E7%AD%91%E5%9C%9F%E5%85%AB%E5%B9%A1%E7%94%BA1-2%20%E7%AC%AC%EF%BC%93%EF%BC%AE%EF%BC%AB%E3%83%93%E3%83%AB%201%EF%BC%A6,35.7038914,139.7411914,2018,スイーツ 百名店 TOKYO 2018,sweets_tokyo,
ラトリエ モトゾー,東京都目黒区東山3-1-4 ニューリバー東山　1Ｆ,食べログ スイーツ 百名店 TOKYO 2018 百名店 2018,https://tabelog.com/tokyo/A1303/A130302/13199223/,https://yoyaku.tabelog.com/yoyaku/tabelog_booking/send_remind/,https://www.google.com/maps/search/?api=1&query=%E3%83%A9%E3%83%88%E3%83%AA%E3%82%A8%20%E3%83%A2%E3%83%88%E3%82%BE%E3%83%BC%20%E6%9D%B1%E4%BA%AC%E9%83%BD%E7%9B%AE%E9%BB%92%E5%8C%BA%E6%9D%B1%E5%B1%B13-1-4%20%E3%83%8B%E3%83%A5%E3%83%BC%E3%83%AA%E3%83%90%E3%83%BC%E6%9D%B1%E5%B1%B1%E3%80%801%EF%BC%A6,35.6507646,139.6863384,2018,スイーツ 百名店 TOKYO 2018,sweets_tokyo,
Patisserie JUN UJITA,東京都目黒区碑文谷4-6-6,食べログ スイーツ 百名店 TOKYO 2018 百名店 2018,https://tabelog.com/tokyo/A1303/A130302/13133033/,https://yoyaku.tabelog.com/yoyaku/tabelog_booking/send_remind/,https://www.google.com/maps/search/?api=1&query=Patisserie%20JUN%20UJITA%20%E6%9D%B1%E4%BA%AC%E9%83%BD%E7%9B%AE%E9%BB%92%E5%8C%BA%E7%A2%91%E6%96%87%E8%B0%B74-6-6,35.6198274,139.6863144,2018,スイーツ 百名店 TOKYO 2018,sweets_tokyo,
コティ,東京都武蔵野市西久保2-25-15,食べログ スイーツ 百名店 TOKYO 2018 百名店 2018,https://tabelog.com/tokyo/A1303/A130302/13078859/,https://yoyaku.tabelog.com/yoyaku/tabelog_booking/send_remind/,https://www.google.com/maps/search/?api=1&query=%E3%82%B3%E3%83%86%E3%82%A3%20%E6%9D%B1%E4%BA%AC%E9%83%BD%E6%AD%A6%E8%94%B5%E9%87%8E%E5%B8%82%E8%A5%BF%E4%B9%85%E4%BF%9D2-25-15,35.7092174,139.5565604,2018,スイーツ 百名店 TOKYO 2018,sweets_tokyo,
うさぎや 中央通り店,東京都中央区日本橋1-3-8 ディアマントビル　1F,食べログ スイーツ 百名店 TOKYO 2018 百名店 2018,https://tabelog.com/tokyo/A1303/A130302/13041161/,https://yoyaku.tabelog.com/yoyaku/tabelog_booking/send_remind/,https://www.google.com/maps/search/?api=1&query=%E3%81%86%E3%81%95%E3%81%8E%E3%82%84%20%E4%B8%AD%E5%A4%AE%E9%80%9A%E3%82%8A%E5%BA%97%20%E6%9D%B1%E4%BA%AC%E9%83%BD%E4%B8%AD%E5%A4%AE%E5%8C%BA%E6%97%A5%E6%9C%AC%E6%A9%8B1-3-8%20%E3%83%87%E3%82%A3%E3%82%A2%E3%83%9E%E3%83%B3%E3%83%88%E3%83%93%E3%83%AB%E3%80%801F,35.6829618,139.7737211,2018,スイーツ 百名店 TOKYO 2018,sweets_tokyo,
うさぎや,東京都杉並区阿佐谷北1-3-7,食べログ スイーツ 百名店 TOKYO 2018 百名店 2018,https://tabelog.com/tokyo/A1303/A130302/13000731/,https://yoyaku.tabelog.com/yoyaku/tabelog_booking/send_remind/,https://www.google.com/maps/search/?api=1&query=%E3%81%86%E3%81%95%E3%81%8E%E3%82%84%20%E6%9D%B1%E4%BA%AC%E9%83%BD%E6%9D%89%E4%B8%A6%E5%8C%BA%E9%98%BF%E4%BD%90%E8%B0%B7%E5%8C%971-3-7,35.7052932,139.6377226,2018,スイーツ 百名店 TOKYO 2018,sweets_tokyo,
パティスリー ユウ ササゲ,東京都世田谷区南烏山6-28-13,食べログ スイーツ 百名店 TOKYO 2018 百名店 2018,https://tabelog.com/tokyo/A1303/A130302/13155662/,https://yoyaku.tabelog.com/yoyaku/tabelog_booking/send_remind/,https://www.google.com/maps/search/?api=1&query=%E3%83%91%E3%83%86%E3%82%A3%E3%82%B9%E3%83%AA%E3%83%BC%20%E3%83%A6%E3%82%A6%20%E3%82%B5%E3%82%B5%E3%82%B2%20%E6%9D%B1%E4%BA%AC%E9%83%BD%E4%B8%96%E7%94%B0%E8%B0%B7%E5%8C%BA%E5%8D%97%E7%83%8F%E5%B1%B16-28-13,35.6698998,139.5989576,2018,スイーツ 百名店 TOKYO 2018,sweets_tokyo,
フルーツパーラーゴトー,東京都台東区浅草2-15-4,食べログ スイーツ 百名店 TOKYO 2018 百名店 2018,https://tabelog.com/tokyo/A1303/A130302/13095672/,https://yoyaku.tabelog.com/yoyaku/tabelog_booking/send_remind/,https://www.google.com/maps/search/?api=1&query=%E3%83%95%E3%83%AB%E3%83%BC%E3%83%84%E3%83%91%E3%83%BC%E3%83%A9%E3%83%BC%E3%82%B4%E3%83%88%E3%83%BC%20%E6%9D%B1%E4%BA%AC%E9%83%BD%E5%8F%B0%E6%9D%B1%E5%8C%BA%E6%B5%85%E8%8D%892-15-4,35.7157613,139.7938154,2018,スイーツ 百名店 TOKYO 2018,sweets_tokyo,
チリムーロ,東京都渋谷区猿楽町1-3,食べログ スイーツ 百名店 TOKYO 2018 百名店 2018,https://tabelog.com/tokyo/A1303/A130302/13164533/,https://yoyaku.tabelog.com/yoyaku/tabelog_booking/send_remind/,https://www.google.com/maps/search/?api=1&query=%E3%83%81%E3%83%AA%E3%83%A0%E3%83%BC%E3%83%AD%20%E6%9D%B1%E4%BA%AC%E9%83%BD%E6%B8%8B%E8%B0%B7%E5%8C%BA%E7%8C%BF%E6%A5%BD%E7%94%BA1-3,35.6536720,139.7051687,2018,スイーツ 百名店 TOKYO 2018,sweets_tokyo,
ジェラテリア シンチェリータ,東京都杉並区阿佐谷北1-43-7,食べログ スイーツ 百名店 TOKYO 2018 百名店 2018,https://tabelog.com/tokyo/A1303/A130302/13108556/,https://yoyaku.tabelog.com/yoyaku/tabelog_booking/send_remind/,https://www.google.com/maps/search/?api=1&query=%E3%82%B8%E3%82%A7%E3%83%A9%E3%83%86%E3%83%AA%E3%82%A2%20%E3%82%B7%E3%83%B3%E3%83%81%E3%82%A7%E3%83%AA%E3%83%BC%E3%82%BF%20%E6%9D%B1%E4%BA%AC%E9%83%BD%E6%9D%89%E4%B8%A6%E5%8C%BA%E9%98%BF%E4%BD%90%E8%B0%B7%E5%8C%971-43-7,35.7093238,139.6346771,2018,スイーツ 百名店 TOKYO 2018,sweets_tokyo,
パティシエ イナムラ ショウゾウ,東京都台東区上野桜木2-19-8,食べログ スイーツ 百名店 TOKYO 2018 百名店 2018,https://tabelog.com/tokyo/A1303/A130302/13003575/,https://yoyaku.tabelog.com/yoyaku/tabelog_booking/send_remind/,https://www.google.com/maps/search/?api=1&query=%E3%83%91%E3%83%86%E3%82%A3%E3%82%B7%E3%82%A8%20%E3%82%A4%E3%83%8A%E3%83%A0%E3%83%A9%20%E3%82%B7%E3%83%A7%E3%82%A6%E3%82%BE%E3%82%A6%20%E6%9D%B1%E4%BA%AC%E9%83%BD%E5%8F%B0%E6%9D%B1%E5%8C%BA%E4%B8%8A%E9%87%8E%E6%A1%9C%E6%9C%A82-19-8,35.7229042,139.7733813,2018,スイーツ 百名店 TOKYO 2018,sweets_tokyo,
ラ・ローズ・ジャポネ,東京都葛飾区金町6-4-5,食べログ スイーツ 百名店 TOKYO 2018 百名店 2018,https://tabelog.com/tokyo/A1303/A130302/13138026/,https://yoyaku.tabelog.com/yoyaku/tabelog_booking/send_remind/,https://www.google.com/maps/search/?api=1&query=%E3%83%A9%E3%83%BB%E3%83%AD%E3%83%BC%E3%82%BA%E3%83%BB%E3%82%B8%E3%83%A3%E3%83%9D%E3%83%8D%20%E6%9D%B1%E4%BA%AC%E9%83%BD%E8%91%9B%E9%A3%BE%E5%8C%BA%E9%87%91%E7%94%BA6-4-5,35.7693296,139.8743002,2018,スイーツ 百名店 TOKYO 2018,sweets_tokyo,
パティシエ・ヒロ ヤマモト,東京都江戸川区篠崎町1-7-23-1 ピラトゥス篠崎1号室,食べログ スイーツ 百名店 TOKYO 2018 百名店 2018,https://tabelog.com/tokyo/A1303/A130302/13121679/,https://yoyaku.tabelog.com/yoyaku/tabelog_booking/send_remind/,https://www.google.com/maps/search/?api=1&query=%E3%83%91%E3%83%86%E3%82%A3%E3%82%B7%E3%82%A8%E3%83%BB%E3%83%92%E3%83%AD%20%E3%83%A4%E3%83%9E%E3%83%A2%E3%83%88%20%E6%9D%B1%E4%BA%AC%E9%83%BD%E6%B1%9F%E6%88%B8%E5%B7%9D%E5%8C%BA%E7%AF%A0%E5%B4%8E%E7%94%BA1-7-23-1%20%E3%83%94%E3%83%A9%E3%83%88%E3%82%A5%E3%82%B9%E7%AF%A0%E5%B4%8E1%E5%8F%B7%E5%AE%A4,35.7086171,139.9040820,2018,スイーツ 百名店 TOKYO 2018,sweets_tokyo,
マテリエル,東京都板橋区大山町21-6 白樹舘壱番館 1F,食べログ スイーツ 百名店 TOKYO 2018 百名店 2018,https://tabelog.com/tokyo/A1303/A130302/13110008/,https://yoyaku.tabelog.com/yoyaku/tabelog_booking/send_remind/,https://www.google.com/maps/search/?api=1&query=%E3%83%9E%E3%83%86%E3%83%AA%E3%82%A8%E3%83%AB%20%E6%9D%B1%E4%BA%AC%E9%83%BD%E6%9D%BF%E6%A9%8B%E5%8C%BA%E5%A4%A7%E5%B1%B1%E7%94%BA21-6%20%E7%99%BD%E6%A8%B9%E8%88%98%E5%A3%B1%E7%95%AA%E9%A4%A8%201F,35.7482729,139.6987763,2018,スイーツ 百名店 TOKYO 2018,sweets_tokyo,
リュードパッシー,東京都目黒区鷹番3-17-6,食べログ スイーツ 百名店 TOKYO 2018 百名店 2018,https://tabelog.com/tokyo/A1303/A130302/13005155/,https://yoyaku.tabelog.com/yoyaku/tabelog_booking/send_remind/,https://www.google.com/maps/search/?api=1&query=%E3%83%AA%E3%83%A5%E3%83%BC%E3%83%89%E3%83%91%E3%83%83%E3%82%B7%E3%83%BC%20%E6%9D%B1%E4%BA%AC%E9%83%BD%E7%9B%AE%E9%BB%92%E5%8C%BA%E9%B7%B9%E7%95%AA3-17-6,35.6275591,139.6832380,2018,スイーツ 百名店 TOKYO 2018,sweets_tokyo,
うさぎや 本店,東京都中央区日本橋1-2-19 日本橋ファーストビル　１Ｆ,食べログ スイーツ 百名店 TOKYO 2018 百名店 2018,https://tabelog.com/tokyo/A1303/A130302/13003250/,https://yoyaku.tabelog.com/yoyaku/tabelog_booking/send_remind/,https://www.google.com/maps/search/?api=1&query=%E3%81%86%E3%81%95%E3%81%8E%E3%82%84%20%E6%9C%AC%E5%BA%97%20%E6%9D%B1%E4%BA%AC%E9%83%BD%E4%B8%AD%E5%A4%AE%E5%8C%BA%E6%97%A5%E6%9C%AC%E6%A9%8B1-2-19%20%E6%97%A5%E6%9C%AC%E6%A9%8B%E3%83%95%E3%82%A1%E3%83%BC%E3%82%B9%E3%83%88%E3%83%93%E3%83%AB%E3%80%80%EF%BC%91%EF%BC%A6,35.6835487,139.7727955,2018,スイーツ 百名店 TOKYO 2018,sweets_tokyo,
ひみつ堂,東京都台東区谷中3-11-18,食べログ スイーツ 百名店 TOKYO 2018 百名店 2018,https://tabelog.com/tokyo/A1303/A130302/13126796/,https://yoyaku.tabelog.com/yoyaku/tabelog_booking/send_remind/,https://www.google.com/maps/search/?api=1&query=%E3%81%B2%E3%81%BF%E3%81%A4%E5%A0%82%20%E6%9D%B1%E4%BA%AC%E9%83%BD%E5%8F%B0%E6%9D%B1%E5%8C%BA%E8%B0%B7%E4%B8%AD3-11-18,35.7273449,139.7666059,2018,スイーツ 百名店 TOKYO 2018,sweets_tokyo,
甘味処 華樓,東京都練馬区東大泉5-41-6,食べログ スイーツ 百名店 TOKYO 2018 百名店 2018,https://tabelog.com/tokyo/A1303/A130302/13104017/,https://yoyaku.tabelog.com/yoyaku/tabelog_booking/send_remind/,https://www.google.com/maps/search/?api=1&query=%E7%94%98%E5%91%B3%E5%87%A6%20%E8%8F%AF%E6%A8%93%20%E6%9D%B1%E4%BA%AC%E9%83%BD%E7%B7%B4%E9%A6%AC%E5%8C%BA%E6%9D%B1%E5%A4%A7%E6%B3%895-41-6,35.7487935,139.5874686,2018,スイーツ 百名店 TOKYO 2018,sweets_tokyo,
パティスリー プレジール,東京都世田谷区代沢4-7-3,食べログ スイーツ 百名店 TOKYO 2018 百名店 2018,https://tabelog.com/tokyo/A1303/A130302/13045491/,https://yoyaku.tabelog.com/yoyaku/tabelog_booking/send_remind/,https://www.google.com/maps/search/?api=1&query=%E3%83%91%E3%83%86%E3%82%A3%E3%82%B9%E3%83%AA%E3%83%BC%20%E3%83%97%E3%83%AC%E3%82%B8%E3%83%BC%E3%83%AB%20%E6%9D%B1%E4%BA%AC%E9%83%BD%E4%B8%96%E7%94%B0%E8%B0%B7%E5%8C%BA%E4%BB%A3%E6%B2%A24-7-3,35.6506869,139.6659813,2018,スイーツ 百名店 TOKYO 2018,sweets_tokyo,
イデミスギノ,東京都中央区京橋3-6-17 京橋大栄ビル　１Ｆ,食べログ スイーツ 百名店 TOKYO 2018 百名店 2018,https://tabelog.com/tokyo/A1303/A130302/13002285/,https://yoyaku.tabelog.com/yoyaku/tabelog_booking/send_remind/,https://www.google.com/maps/search/?api=1&query=%E3%82%A4%E3%83%87%E3%83%9F%E3%82%B9%E3%82%AE%E3%83%8E%20%E6%9D%B1%E4%BA%AC%E9%83%BD%E4%B8%AD%E5%A4%AE%E5%8C%BA%E4%BA%AC%E6%A9%8B3-6-17%20%E4%BA%AC%E6%A9%8B%E5%A4%A7%E6%A0%84%E3%83%93%E3%83%AB%E3%80%80%EF%BC%91%EF%BC%A6,35.6751379,139.7698943,2018,スイーツ 百名店 TOKYO 2018,sweets_tokyo,
パティスリー SATSUKI,東京都千代田区紀尾井町4-1 ホテルニューオータニ東京 ロビィ階,食べログ スイーツ 百名店 TOKYO 2018 百名店 2018,https://tabelog.com/tokyo/A1303/A130302/13000178/,https://yoyaku.tabelog.com/yoyaku/tabelog_booking/send_remind/,https://www.google.com/maps/search/?api=1&query=%E3%83%91%E3%83%86%E3%82%A3%E3%82%B9%E3%83%AA%E3%83%BC%20SATSUKI%20%E6%9D%B1%E4%BA%AC%E9%83%BD%E5%8D%83%E4%BB%A3%E7%94%B0%E5%8C%BA%E7%B4%80%E5%B0%BE%E4%BA%95%E7%94%BA4-1%20%E3%83%9B%E3%83%86%E3%83%AB%E3%83%8B%E3%83%A5%E3%83%BC%E3%82%AA%E3%83%BC%E3%82%BF%E3%83%8B%E6%9D%B1%E4%BA%AC%20%E3%83%AD%E3%83%93%E3%82%A3%E9%9A%8E,35.6809187,139.7340491,2018,スイーツ 百名店 TOKYO 2018,sweets_tokyo,
ケンズカフェ東京 総本店,東京都新宿区新宿1-23-3 御苑コーポビアネーズ 1F,食べログ スイーツ 百名店 TOKYO 2018 百名店 2018,https://tabelog.com/tokyo/A1303/A130302/13024643/,https://yoyaku.tabelog.com/yoyaku/tabelog_booking/send_remind/,https://www.google.com/maps/search/?api=1&query=%E3%82%B1%E3%83%B3%E3%82%BA%E3%82%AB%E3%83%95%E3%82%A7%E6%9D%B1%E4%BA%AC%20%E7%B7%8F%E6%9C%AC%E5%BA%97%20%E6%9D%B1%E4%BA%AC%E9%83%BD%E6%96%B0%E5%AE%BF%E5%8C%BA%E6%96%B0%E5%AE%BF1-23-3%20%E5%BE%A1%E8%8B%91%E3%82%B3%E3%83%BC%E3%83%9D%E3%83%93%E3%82%A2%E3%83%8D%E3%83%BC%E3%82%BA%201F,35.6887220,139.7138853,2018,スイーツ 百名店 TOKYO 2018,sweets_tokyo,
洋菓子舗 茂右衛門,東京都国分寺市南町2-18-3 国分寺マンション B1F,食べログ スイーツ 百名店 TOKYO 2018 百名店 2018,https://tabelog.com/tokyo/A1303/A130302/13151471/,https://yoyaku.tabelog.com/yoyaku/tabelog_booking/send_remind/,https://www.google.com/maps/search/?api=1&query=%E6%B4%8B%E8%8F%93%E5%AD%90%E8%88%97%20%E8%8C%82%E5%8F%B3%E8%A1%9B%E9%96%80%20%E6%9D%B1%E4%BA%AC%E9%83%BD%E5%9B%BD%E5%88%86%E5%AF%BA%E5%B8%82%E5%8D%97%E7%94%BA2-18-3%20%E5%9B%BD%E5%88%86%E5%AF%BA%E3%83%9E%E3%83%B3%E3%82%B7%E3%83%A7%E3%83%B3%20B1F,35.6996841,139.4824407,2018,スイーツ 百名店 TOKYO 2018,sweets_tokyo,
西洋菓子 しろたえ,東京都港区赤坂4-1-4,食べログ スイーツ 百名店 TOKYO 2018 百名店 2018,https://tabelog.com/tokyo/A1303/A130302/13002850/,https://yoyaku.tabelog.com/yoyaku/tabelog_booking/send_remind/,https://www.google.com/maps/search/?api=1&query=%E8%A5%BF%E6%B4%8B%E8%8F%93%E5%AD%90%20%E3%81%97%E3%82%8D%E3%81%9F%E3%81%88%20%E6%9D%B1%E4%BA%AC%E9%83%BD%E6%B8%AF%E5%8C%BA%E8%B5%A4%E5%9D%824-1-4,35.6766653,139.7354184,2018,スイーツ 百名店 TOKYO 2018,sweets_tokyo,
ア コテ パティスリー,東京都港区白金台2-5-11,食べログ スイーツ 百名店 TOKYO 2018 百名店 2018,https://tabelog.com/tokyo/A1303/A130302/13051424/,https://yoyaku.tabelog.com/yoyaku/tabelog_booking/send_remind/,https://www.google.com/maps/search/?api=1&query=%E3%82%A2%20%E3%82%B3%E3%83%86%20%E3%83%91%E3%83%86%E3%82%A3%E3%82%B9%E3%83%AA%E3%83%BC%20%E6%9D%B1%E4%BA%AC%E9%83%BD%E6%B8%AF%E5%8C%BA%E7%99%BD%E9%87%91%E5%8F%B02-5-11,35.6360036,139.7292850,2018,スイーツ 百名店 TOKYO 2018,sweets_tokyo,
ジェラテリア アクオリーナ,東京都目黒区五本木1-11-10,食べログ スイーツ 百名店 TOKYO 2018 百名店 2018,https://tabelog.com/tokyo/A1303/A130302/13141364/,https://yoyaku.tabelog.com/yoyaku/tabelog_booking/send_remind/,https://www.google.com/maps/search/?api=1&query=%E3%82%B8%E3%82%A7%E3%83%A9%E3%83%86%E3%83%AA%E3%82%A2%20%E3%82%A2%E3%82%AF%E3%82%AA%E3%83%AA%E3%83%BC%E3%83%8A%20%E6%9D%B1%E4%BA%AC%E9%83%BD%E7%9B%AE%E9%BB%92%E5%8C%BA%E4%BA%94%E6%9C%AC%E6%9C%A81-11-10,35.6380155,139.6910507,2018,スイーツ 百名店 TOKYO 2018,sweets_tokyo,
ラ･メゾン･デュ･ショコラ 丸の内店,東京都千代田区丸の内3-4-1 新国際ビル 1F,食べログ スイーツ 百名店 TOKYO 2018 百名店 2018,https://tabelog.com/tokyo/A1303/A130302/13000036/,https://yoyaku.tabelog.com/yoyaku/tabelog_booking/send_remind/,https://www.google.com/maps/search/?api=1&query=%E3%83%A9%EF%BD%A5%E3%83%A1%E3%82%BE%E3%83%B3%EF%BD%A5%E3%83%87%E3%83%A5%EF%BD%A5%E3%82%B7%E3%83%A7%E3%82%B3%E3%83%A9%20%E4%B8%B8%E3%81%AE%E5%86%85%E5%BA%97%20%E6%9D%B1%E4%BA%AC%E9%83%BD%E5%8D%83%E4%BB%A3%E7%94%B0%E5%8C%BA%E4%B8%B8%E3%81%AE%E5%86%853-4-1%20%E6%96%B0%E5%9B%BD%E9%9A%9B%E3%83%93%E3%83%AB%201F,35.6761932,139.7619730,2018,スイーツ 百名店 TOKYO 2018,sweets_tokyo,
エシレ・メゾン デュ ブール,東京都千代田区丸の内2-6-1 丸の内ブリックスクエア 1F,食べログ スイーツ 百名店 TOKYO 2018 百名店 2018,https://tabelog.com/tokyo/A1303/A130302/13096439/,https://yoyaku.tabelog.com/yoyaku/tabelog_booking/send_remind/,https://www.google.com/maps/search/?api=1&query=%E3%82%A8%E3%82%B7%E3%83%AC%E3%83%BB%E3%83%A1%E3%82%BE%E3%83%B3%20%E3%83%87%E3%83%A5%20%E3%83%96%E3%83%BC%E3%83%AB%20%E6%9D%B1%E4%BA%AC%E9%83%BD%E5%8D%83%E4%BB%A3%E7%94%B0%E5%8C%BA%E4%B8%B8%E3%81%AE%E5%86%852-6-1%20%E4%B8%B8%E3%81%AE%E5%86%85%E3%83%96%E3%83%AA%E3%83%83%E3%82%AF%E3%82%B9%E3%82%AF%E3%82%A8%E3%82%A2%201F,35.6785789,139.7625414,2018,スイーツ 百名店 TOKYO 2018,sweets_tokyo,
い志い,東京都葛飾区柴又7-6-20 柴又帝釈天参道,食べログ スイーツ 百名店 TOKYO 2018 百名店 2018,https://tabelog.com/tokyo/A1303/A130302/13098265/,https://yoyaku.tabelog.com/yoyaku/tabelog_booking/send_remind/,https://www.google.com/maps/search/?api=1&query=%E3%81%84%E5%BF%97%E3%81%84%20%E6%9D%B1%E4%BA%AC%E9%83%BD%E8%91%9B%E9%A3%BE%E5%8C%BA%E6%9F%B4%E5%8F%887-6-20%20%E6%9F%B4%E5%8F%88%E5%B8%9D%E9%87%88%E5%A4%A9%E5%8F%82%E9%81%93,35.7578525,139.8766863,2018,スイーツ 百名店 TOKYO 2018,sweets_tokyo,
クリオロ 中目黒店,東京都目黒区上目黒1-23-1 中目黒アリーナ103,食べログ スイーツ 百名店 TOKYO 2018 百名店 2018,https://tabelog.com/tokyo/A1303/A130302/13077927/,https://yoyaku.tabelog.com/yoyaku/tabelog_booking/send_remind/,https://www.google.com/maps/search/?api=1&query=%E3%82%AF%E3%83%AA%E3%82%AA%E3%83%AD%20%E4%B8%AD%E7%9B%AE%E9%BB%92%E5%BA%97%20%E6%9D%B1%E4%BA%AC%E9%83%BD%E7%9B%AE%E9%BB%92%E5%8C%BA%E4%B8%8A%E7%9B%AE%E9%BB%921-23-1%20%E4%B8%AD%E7%9B%AE%E9%BB%92%E3%82%A2%E3%83%AA%E3%83%BC%E3%83%8A103,35.6443732,139.6996413,2018,スイーツ 百名店 TOKYO 2018,sweets_tokyo,
浪花家総本店,東京都港区麻布十番1-8-14,食べログ スイーツ 百名店 TOKYO 2018 百名店 2018,https://tabelog.com/tokyo/A1303/A130302/13002775/,https://yoyaku.tabelog.com/yoyaku/tabelog_booking/send_remind/,https://www.google.com/maps/search/?api=1&query=%E6%B5%AA%E8%8A%B1%E5%AE%B6%E7%B7%8F%E6%9C%AC%E5%BA%97%20%E6%9D%B1%E4%BA%AC%E9%83%BD%E6%B8%AF%E5%8C%BA%E9%BA%BB%E5%B8%83%E5%8D%81%E7%95%AA1-8-14,35.6561991,139.7351177,2018,スイーツ 百名店 TOKYO 2018,sweets_tokyo,
アテスウェイ,東京都武蔵野市吉祥寺東町3-8-8 カサ吉祥寺２,食べログ スイーツ 百名店 TOKYO 2018 百名店 2018,https://tabelog.com/tokyo/A1303/A130302/13005853/,https://yoyaku.tabelog.com/yoyaku/tabelog_booking/send_remind/,https://www.google.com/maps/search/?api=1&query=%E3%82%A2%E3%83%86%E3%82%B9%E3%82%A6%E3%82%A7%E3%82%A4%20%E6%9D%B1%E4%BA%AC%E9%83%BD%E6%AD%A6%E8%94%B5%E9%87%8E%E5%B8%82%E5%90%89%E7%A5%A5%E5%AF%BA%E6%9D%B1%E7%94%BA3-8-8%20%E3%82%AB%E3%82%B5%E5%90%89%E7%A5%A5%E5%AF%BA%EF%BC%92,35.7090436,139.5907305,2018,スイーツ 百名店 TOKYO 2018,sweets_tokyo,
空也,東京都中央区銀座6-7-19,食べログ スイーツ 百名店 TOKYO 2018 百名店 2018,https://tabelog.com/tokyo/A1303/A130302/13002591/,https://yoyaku.tabelog.com/yoyaku/tabelog_booking/send_remind/,https://www.google.com/maps/search/?api=1&query=%E7%A9%BA%E4%B9%9F%20%E6%9D%B1%E4%BA%AC%E9%83%BD%E4%B8%AD%E5%A4%AE%E5%8C%BA%E9%8A%80%E5%BA%A76-7-19,35.6708601,139.7627782,2018,スイーツ 百名店 TOKYO 2018,sweets_tokyo,
ピエール マルコリーニ 銀座本店,東京都中央区銀座5-5-8,食べログ スイーツ 百名店 TOKYO 2018 百名店 2018,https://tabelog.com/tokyo/A1303/A130302/13127566/,https://yoyaku.tabelog.com/yoyaku/tabelog_booking/send_remind/,https://www.google.com/maps/search/?api=1&query=%E3%83%94%E3%82%A8%E3%83%BC%E3%83%AB%20%E3%83%9E%E3%83%AB%E3%82%B3%E3%83%AA%E3%83%BC%E3%83%8B%20%E9%8A%80%E5%BA%A7%E6%9C%AC%E5%BA%97%20%E6%9D%B1%E4%BA%AC%E9%83%BD%E4%B8%AD%E5%A4%AE%E5%8C%BA%E9%8A%80%E5%BA%A75-5-8,35.6711770,139.7635047,2018,スイーツ 百名店 TOKYO 2018,sweets_tokyo,
Mont St. Clair,東京都目黒区自由が丘2-22-4,食べログ スイーツ 百名店 TOKYO 2018 百名店 2018,https://tabelog.com/tokyo/A1303/A130302/13003221/,https://yoyaku.tabelog.com/yoyaku/tabelog_booking/send_remind/,https://www.google.com/maps/search/?api=1&query=Mont%20St.%20Clair%20%E6%9D%B1%E4%BA%AC%E9%83%BD%E7%9B%AE%E9%BB%92%E5%8C%BA%E8%87%AA%E7%94%B1%E3%81%8C%E4%B8%982-22-4,35.6127282,139.6664835,2018,スイーツ 百名店 TOKYO 2018,sweets_tokyo,
黒松本舗 草月,東京都北区東十条2-15-16,食べログ スイーツ 百名店 TOKYO 2018 百名店 2018,https://tabelog.com/tokyo/A1303/A130302/13003793/,https://yoyaku.tabelog.com/yoyaku/tabelog_booking/send_remind/,https://www.google.com/maps/search/?api=1&query=%E9%BB%92%E6%9D%BE%E6%9C%AC%E8%88%97%20%E8%8D%89%E6%9C%88%20%E6%9D%B1%E4%BA%AC%E9%83%BD%E5%8C%97%E5%8C%BA%E6%9D%B1%E5%8D%81%E6%9D%A12-15-16,35.7633021,139.7291575,2018,スイーツ 百名店 TOKYO 2018,sweets_tokyo,
うさぎや,東京都台東区上野1-10-10,食べログ スイーツ 百名店 TOKYO 2018 百名店 2018,https://tabelog.com/tokyo/A1303/A130302/13003599/,https://yoyaku.tabelog.com/yoyaku/tabelog_booking/send_remind/,https://www.google.com/maps/search/?api=1&query=%E3%81%86%E3%81%95%E3%81%8E%E3%82%84%20%E6%9D%B1%E4%BA%AC%E9%83%BD%E5%8F%B0%E6%9D%B1%E5%8C%BA%E4%B8%8A%E9%87%8E1-10-10,35.7061586,139.7718319,2018,スイーツ 百名店 TOKYO 2018,sweets_tokyo,
フレデリック カッセル 銀座三越店,東京都中央区銀座4-6-16 銀座三越 B2F,食べログ スイーツ 百名店 TOKYO 2018 百名店 2018,https://tabelog.com/tokyo/A1303/A130302/13116839/,https://yoyaku.tabelog.com/yoyaku/tabelog_booking/send_remind/,https://www.google.com/maps/search/?api=1&query=%E3%83%95%E3%83%AC%E3%83%87%E3%83%AA%E3%83%83%E3%82%AF%20%E3%82%AB%E3%83%83%E3%82%BB%E3%83%AB%20%E9%8A%80%E5%BA%A7%E4%B8%89%E8%B6%8A%E5%BA%97%20%E6%9D%B1%E4%BA%AC%E9%83%BD%E4%B8%AD%E5%A4%AE%E5%8C%BA%E9%8A%80%E5%BA%A74-6-16%20%E9%8A%80%E5%BA%A7%E4%B8%89%E8%B6%8A%20B2F,35.6712814,139.7659478,2018,スイーツ 百名店 TOKYO 2018,sweets_tokyo,
ロートンヌ 中野店,東京都中野区江原町2-30-1,食べログ スイーツ 百名店 TOKYO 2018 百名店 2018,https://tabelog.com/tokyo/A1303/A130302/13118933/,https://yoyaku.tabelog.com/yoyaku/tabelog_booking/send_remind/,https://www.google.com/maps/search/?api=1&query=%E3%83%AD%E3%83%BC%E3%83%88%E3%83%B3%E3%83%8C%20%E4%B8%AD%E9%87%8E%E5%BA%97%20%E6%9D%B1%E4%BA%AC%E9%83%BD%E4%B8%AD%E9%87%8E%E5%8C%BA%E6%B1%9F%E5%8E%9F%E7%94%BA2-30-1,35.7322519,139.6706953,2018,スイーツ 百名店 TOKYO 2018,sweets_tokyo,
浅草浪花家,東京都台東区浅草2-12-4,食べログ スイーツ 百名店 TOKYO 2018 百名店 2018,https://tabelog.com/tokyo/A1303/A130302/13120735/,https://yoyaku.tabelog.com/yoyaku/tabelog_booking/send_remind/,https://www.google.com/maps/search/?api=1&query=%E6%B5%85%E8%8D%89%E6%B5%AA%E8%8A%B1%E5%AE%B6%20%E6%9D%B1%E4%BA%AC%E9%83%BD%E5%8F%B0%E6%9D%B1%E5%8C%BA%E6%B5%85%E8%8D%892-12-4,35.7148180,139.7927476,2018,スイーツ 百名店 TOKYO 2018,sweets_tokyo,
フィオレンティーナ ペストリーブティック,東京都港区六本木6-10-3 グランド ハイアット 東京 1F ロビーフロア,食べログ スイーツ 百名店 TOKYO 2018 百名店 2018,https://tabelog.com/tokyo/A1303/A130302/13060521/,https://yoyaku.tabelog.com/yoyaku/tabelog_booking/send_remind/,https://www.google.com/maps/search/?api=1&query=%E3%83%95%E3%82%A3%E3%82%AA%E3%83%AC%E3%83%B3%E3%83%86%E3%82%A3%E3%83%BC%E3%83%8A%20%E3%83%9A%E3%82%B9%E3%83%88%E3%83%AA%E3%83%BC%E3%83%96%E3%83%86%E3%82%A3%E3%83%83%E3%82%AF%20%E6%9D%B1%E4%BA%AC%E9%83%BD%E6%B8%AF%E5%8C%BA%E5%85%AD%E6%9C%AC%E6%9C%A86-10-3%20%E3%82%B0%E3%83%A9%E3%83%B3%E3%83%89%20%E3%83%8F%E3%82%A4%E3%82%A2%E3%83%83%E3%83%88%20%E6%9D%B1%E4%BA%AC%201F%20%E3%83%AD%E3%83%93%E3%83%BC%E3%83%95%E3%83%AD%E3%82%A2,35.6596417,139.7283721,2018,スイーツ 百名店 TOKYO 2018,sweets_tokyo,
リベルターブル 赤坂店,東京都港区赤坂2-6-24 1F,食べログ スイーツ 百名店 TOKYO 2018 百名店 2018,https://tabelog.com/tokyo/A1303/A130302/13160987/,https://yoyaku.tabelog.com/yoyaku/tabelog_booking/send_remind/,https://www.google.com/maps/search/?api=1&query=%E3%83%AA%E3%83%99%E3%83%AB%E3%82%BF%E3%83%BC%E3%83%96%E3%83%AB%20%E8%B5%A4%E5%9D%82%E5%BA%97%20%E6%9D%B1%E4%BA%AC%E9%83%BD%E6%B8%AF%E5%8C%BA%E8%B5%A4%E5%9D%822-6-24%201F,35.6731877,139.7386431,2018,スイーツ 百名店 TOKYO 2018,sweets_tokyo,
パーラー ローレル,東京都世田谷区奥沢7-24-3 九品仏スカイハイツ 1F,食べログ スイーツ 百名店 TOKYO 2018 百名店 2018,https://tabelog.com/tokyo/A1303/A130302/13003097/,https://yoyaku.tabelog.com/yoyaku/tabelog_booking/send_remind/,https://www.google.com/maps/search/?api=1&query=%E3%83%91%E3%83%BC%E3%83%A9%E3%83%BC%20%E3%83%AD%E3%83%BC%E3%83%AC%E3%83%AB%20%E6%9D%B1%E4%BA%AC%E9%83%BD%E4%B8%96%E7%94%B0%E8%B0%B7%E5%8C%BA%E5%A5%A5%E6%B2%A27-24-3%20%E4%B9%9D%E5%93%81%E4%BB%8F%E3%82%B9%E3%82%AB%E3%82%A4%E3%83%8F%E3%82%A4%E3%83%84%201F,35.6066350,139.6585874,2018,スイーツ 百名店 TOKYO 2018,sweets_tokyo,
セシル エリュアール 神楽坂,東京都新宿区赤城下町3-9,食べログ スイーツ 百名店 TOKYO 2018 百名店 2018,https://tabelog.com/tokyo/A1303/A130302/13158557/,https://yoyaku.tabelog.com/yoyaku/tabelog_booking/send_remind/,https://www.google.com/maps/search/?api=1&query=%E3%82%BB%E3%82%B7%E3%83%AB%20%E3%82%A8%E3%83%AA%E3%83%A5%E3%82%A2%E3%83%BC%E3%83%AB%20%E7%A5%9E%E6%A5%BD%E5%9D%82%20%E6%9D%B1%E4%BA%AC%E9%83%BD%E6%96%B0%E5%AE%BF%E5%8C%BA%E8%B5%A4%E5%9F%8E%E4%B8%8B%E7%94%BA3-9,35.7049030,139.7352641,2018,スイーツ 百名店 TOKYO 2018,sweets_tokyo,
紫野 和久傳 丸の内店 茶菓,東京都千代田区丸の内3-3-1 新東京ビル 1F,食べログ スイーツ 百名店 TOKYO 2018 百名店 2018,https://tabelog.com/tokyo/A1303/A130302/13162191/,https://yoyaku.tabelog.com/yoyaku/tabelog_booking/send_remind/,https://www.google.com/maps/search/?api=1&query=%E7%B4%AB%E9%87%8E%20%E5%92%8C%E4%B9%85%E5%82%B3%20%E4%B8%B8%E3%81%AE%E5%86%85%E5%BA%97%20%E8%8C%B6%E8%8F%93%20%E6%9D%B1%E4%BA%AC%E9%83%BD%E5%8D%83%E4%BB%A3%E7%94%B0%E5%8C%BA%E4%B8%B8%E3%81%AE%E5%86%853-3-1%20%E6%96%B0%E6%9D%B1%E4%BA%AC%E3%83%93%E3%83%AB%201F,35.6771692,139.7622490,2018,スイーツ 百名店 TOKYO 2018,sweets_tokyo,
パティスリー・パリセヴェイユ,東京都目黒区自由が丘2-14-5 館山ビル 1F,食べログ スイーツ 百名店 TOKYO 2018 百名店 2018,https://tabelog.com/tokyo/A1303/A130302/13005198/,https://yoyaku.tabelog.com/yoyaku/tabelog_booking/send_remind/,https://www.google.com/maps/search/?api=1&query=%E3%83%91%E3%83%86%E3%82%A3%E3%82%B9%E3%83%AA%E3%83%BC%E3%83%BB%E3%83%91%E3%83%AA%E3%82%BB%E3%83%B4%E3%82%A7%E3%82%A4%E3%83%A6%20%E6%9D%B1%E4%BA%AC%E9%83%BD%E7%9B%AE%E9%BB%92%E5%8C%BA%E8%87%AA%E7%94%B1%E3%81%8C%E4%B8%982-14-5%20%E9%A4%A8%E5%B1%B1%E3%83%93%E3%83%AB%201F,35.6069715,139.6665823,2018,スイーツ 百名店 TOKYO 2018,sweets_tokyo,
レ・カカオ 本店,東京都品川区東五反田2-19-2 第2東都ビル 1F,食べログ スイーツ 百名店 TOKYO 2018 百名店 2018,https://tabelog.com/tokyo/A1303/A130302/13203619/,https://yoyaku.tabelog.com/yoyaku/tabelog_booking/send_remind/,https://www.google.com/maps/search/?api=1&query=%E3%83%AC%E3%83%BB%E3%82%AB%E3%82%AB%E3%82%AA%20%E6%9C%AC%E5%BA%97%20%E6%9D%B1%E4%BA%AC%E9%83%BD%E5%93%81%E5%B7%9D%E5%8C%BA%E6%9D%B1%E4%BA%94%E5%8F%8D%E7%94%B02-19-2%20%E7%AC%AC2%E6%9D%B1%E9%83%BD%E3%83%93%E3%83%AB%201F,35.6252735,139.7292169,2018,スイーツ 百名店 TOKYO 2018,sweets_tokyo,
越後屋若狭,東京都墨田区千歳1-8-4,食べログ スイーツ 百名店 TOKYO 2018 百名店 2018,https://tabelog.com/tokyo/A1303/A130302/13046248/,https://yoyaku.tabelog.com/yoyaku/tabelog_booking/send_remind/,https://www.google.com/maps/search/?api=1&query=%E8%B6%8A%E5%BE%8C%E5%B1%8B%E8%8B%A5%E7%8B%AD%20%E6%9D%B1%E4%BA%AC%E9%83%BD%E5%A2%A8%E7%94%B0%E5%8C%BA%E5%8D%83%E6%AD%B31-8-4,35.6914626,139.7920289,2018,スイーツ 百名店 TOKYO 2018,sweets_tokyo,
フランス菓子 パティシエ ショコラティエ イナムラショウゾウ,東京都台東区谷中7-19-5,食べログ スイーツ 百名店 TOKYO 2018 百名店 2018,https://tabelog.com/tokyo/A1303/A130302/13047298/,https://yoyaku.tabelog.com/yoyaku/tabelog_booking/send_remind/,https://www.google.com/maps/search/?api=1&query=%E3%83%95%E3%83%A9%E3%83%B3%E3%82%B9%E8%8F%93%E5%AD%90%20%E3%83%91%E3%83%86%E3%82%A3%E3%82%B7%E3%82%A8%20%E3%82%B7%E3%83%A7%E3%82%B3%E3%83%A9%E3%83%86%E3%82%A3%E3%82%A8%20%E3%82%A4%E3%83%8A%E3%83%A0%E3%83%A9%E3%82%B7%E3%83%A7%E3%82%A6%E3%82%BE%E3%82%A6%20%E6%9D%B1%E4%BA%AC%E9%83%BD%E5%8F%B0%E6%9D%B1%E5%8C%BA%E8%B0%B7%E4%B8%AD7-19-5,35.7273999,139.7693749,2018,スイーツ 百名店 TOKYO 2018,sweets_tokyo,
デセール ル コントワール,東京都世田谷区深沢5-2-1,食べログ スイーツ 百名店 TOKYO 2018 百名店 2018,https://tabelog.com/tokyo/A1303/A130302/13108815/,https://yoyaku.tabelog.com/yoyaku/tabelog_booking/send_remind/,https://www.google.com/maps/search/?api=1&query=%E3%83%87%E3%82%BB%E3%83%BC%E3%83%AB%20%E3%83%AB%20%E3%82%B3%E3%83%B3%E3%83%88%E3%83%AF%E3%83%BC%E3%83%AB%20%E6%9D%B1%E4%BA%AC%E9%83%BD%E4%B8%96%E7%94%B0%E8%B0%B7%E5%8C%BA%E6%B7%B1%E6%B2%A25-2-1,35.6181658,139.6529417,2018,スイーツ 百名店 TOKYO 2018,sweets_tokyo,
ピエール・エルメ・パリ 伊勢丹新宿,東京都新宿区新宿3-14-1 伊勢丹新宿店 本館 B1F,食べログ スイーツ 百名店 TOKYO 2018 百名店 2018,https://tabelog.com/tokyo/A1303/A130302/13025129/,https://yoyaku.tabelog.com/yoyaku/tabelog_booking/send_remind/,https://www.google.com/maps/search/?api=1&query=%E3%83%94%E3%82%A8%E3%83%BC%E3%83%AB%E3%83%BB%E3%82%A8%E3%83%AB%E3%83%A1%E3%83%BB%E3%83%91%E3%83%AA%20%E4%BC%8A%E5%8B%A2%E4%B8%B9%E6%96%B0%E5%AE%BF%20%E6%9D%B1%E4%BA%AC%E9%83%BD%E6%96%B0%E5%AE%BF%E5%8C%BA%E6%96%B0%E5%AE%BF3-14-1%20%E4%BC%8A%E5%8B%A2%E4%B8%B9%E6%96%B0%E5%AE%BF%E5%BA%97%20%E6%9C%AC%E9%A4%A8%20B1F,35.6916209,139.7047082,2018,スイーツ 百名店 TOKYO 2018,sweets_tokyo,
エスキス サンク,東京都中央区銀座5-2-1 東急プラザ銀座 4F,食べログ スイーツ 百名店 TOKYO 2018 百名店 2018,https://tabelog.com/tokyo/A1303/A130302/13193800/,https://yoyaku.tabelog.com/yoyaku/tabelog_booking/send_remind/,https://www.google.com/maps/search/?api=1&query=%E3%82%A8%E3%82%B9%E3%82%AD%E3%82%B9%20%E3%82%B5%E3%83%B3%E3%82%AF%20%E6%9D%B1%E4%BA%AC%E9%83%BD%E4%B8%AD%E5%A4%AE%E5%8C%BA%E9%8A%80%E5%BA%A75-2-1%20%E6%9D%B1%E6%80%A5%E3%83%97%E3%83%A9%E3%82%B6%E9%8A%80%E5%BA%A7%204F,35.6724775,139.7629106,2018,スイーツ 百名店 TOKYO 2018,sweets_tokyo,
ショコラティエ パレ ド オール 東京,東京都千代田区丸の内1-5-1 新丸の内ビルディング 1F,食べログ スイーツ 百名店 TOKYO 2018 百名店 2018,https://tabelog.com/tokyo/A1303/A130302/13038473/,https://yoyaku.tabelog.com/yoyaku/tabelog_booking/send_remind/,https://www.google.com/maps/search/?api=1&query=%E3%82%B7%E3%83%A7%E3%82%B3%E3%83%A9%E3%83%86%E3%82%A3%E3%82%A8%20%E3%83%91%E3%83%AC%20%E3%83%89%20%E3%82%AA%E3%83%BC%E3%83%AB%20%E6%9D%B1%E4%BA%AC%20%E6%9D%B1%E4%BA%AC%E9%83%BD%E5%8D%83%E4%BB%A3%E7%94%B0%E5%8C%BA%E4%B8%B8%E3%81%AE%E5%86%851-5-1%20%E6%96%B0%E4%B8%B8%E3%81%AE%E5%86%85%E3%83%93%E3%83%AB%E3%83%87%E3%82%A3%E3%83%B3%E3%82%B0%201F,35.6827406,139.7640084,2018,スイーツ 百名店 TOKYO 2018,sweets_tokyo,
パティスリー リョーコ,東京都港区高輪3-2-8,食べログ スイーツ 百名店 TOKYO 2018 百名店 2018,https://tabelog.com/tokyo/A1303/A130302/13137010/,https://yoyaku.tabelog.com/yoyaku/tabelog_booking/send_remind/,https://www.google.com/maps/search/?api=1&query=%E3%83%91%E3%83%86%E3%82%A3%E3%82%B9%E3%83%AA%E3%83%BC%20%E3%83%AA%E3%83%A7%E3%83%BC%E3%82%B3%20%E6%9D%B1%E4%BA%AC%E9%83%BD%E6%B8%AF%E5%8C%BA%E9%AB%98%E8%BC%AA3-2-8,35.6350228,139.7328033,2018,スイーツ 百名店 TOKYO 2018,sweets_tokyo,
とんかつまるや 新橋烏森口店,東京都港区新橋3-22-2 つるやＴＫビル 1F,食べログ とんかつ 百名店 2018,https://tabelog.com/tokyo/A1301/A130103/13050184/,https://yoyaku.tabelog.com/yoyaku/tabelog_booking/send_remind/,https://www.google.com/maps/search/?api=1&query=%E3%81%A8%E3%82%93%E3%81%8B%E3%81%A4%E3%81%BE%E3%82%8B%E3%82%84%20%E6%96%B0%E6%A9%8B%E7%83%8F%E6%A3%AE%E5%8F%A3%E5%BA%97%20%E6%9D%B1%E4%BA%AC%E9%83%BD%E6%B8%AF%E5%8C%BA%E6%96%B0%E6%A9%8B3-22-2%20%E3%81%A4%E3%82%8B%E3%82%84%EF%BC%B4%EF%BC%AB%E3%83%93%E3%83%AB%201F,35.6649496,139.7578502,2018,とんかつ,tonkatsu,
あげ福,東京都品川区西五反田2-15-13 ニューハイツ西五反田 1F,食べログ とんかつ 百名店 2018,https://tabelog.com/tokyo/A1316/A131603/13154272/,https://yoyaku.tabelog.com/yoyaku/tabelog_booking/send_remind/,https://www.google.com/maps/search/?api=1&query=%E3%81%82%E3%81%92%E7%A6%8F%20%E6%9D%B1%E4%BA%AC%E9%83%BD%E5%93%81%E5%B7%9D%E5%8C%BA%E8%A5%BF%E4%BA%94%E5%8F%8D%E7%94%B02-15-13%20%E3%83%8B%E3%83%A5%E3%83%BC%E3%83%8F%E3%82%A4%E3%83%84%E8%A5%BF%E4%BA%94%E5%8F%8D%E7%94%B0%201F,35.6260600,139.7205046,2018,とんかつ,tonkatsu,
とんかつひなた,東京都新宿区高田馬場2-13-9 鈴木ビル1階,食べログ とんかつ 百名店 2018,https://tabelog.com/tokyo/A1305/A130503/13204289/,https://yoyaku.tabelog.com/yoyaku/tabelog_booking/send_remind/,https://www.google.com/maps/search/?api=1&query=%E3%81%A8%E3%82%93%E3%81%8B%E3%81%A4%E3%81%B2%E3%81%AA%E3%81%9F%20%E6%9D%B1%E4%BA%AC%E9%83%BD%E6%96%B0%E5%AE%BF%E5%8C%BA%E9%AB%98%E7%94%B0%E9%A6%AC%E5%A0%B42-13-9%20%E9%88%B4%E6%9C%A8%E3%83%93%E3%83%AB1%E9%9A%8E,35.7129772,139.7074909,2018,とんかつ,tonkatsu,
とん太,東京都豊島区高田3-17-8,食べログ とんかつ 百名店 2018,https://tabelog.com/tokyo/A1305/A130503/13003984/,https://yoyaku.tabelog.com/yoyaku/tabelog_booking/send_remind/,https://www.google.com/maps/search/?api=1&query=%E3%81%A8%E3%82%93%E5%A4%AA%20%E6%9D%B1%E4%BA%AC%E9%83%BD%E8%B1%8A%E5%B3%B6%E5%8C%BA%E9%AB%98%E7%94%B03-17-8,35.7155453,139.7065058,2018,とんかつ,tonkatsu,
すずや 新宿本店,東京都新宿区歌舞伎町1-23-15 SUZUYAビル 5F,食べログ とんかつ 百名店 2018,https://tabelog.com/tokyo/A1304/A130401/13193593/,https://yoyaku.tabelog.com/yoyaku/tabelog_booking/send_remind/,https://www.google.com/maps/search/?api=1&query=%E3%81%99%E3%81%9A%E3%82%84%20%E6%96%B0%E5%AE%BF%E6%9C%AC%E5%BA%97%20%E6%9D%B1%E4%BA%AC%E9%83%BD%E6%96%B0%E5%AE%BF%E5%8C%BA%E6%AD%8C%E8%88%9E%E4%BC%8E%E7%94%BA1-23-15%20SUZUYA%E3%83%93%E3%83%AB%205F,35.6939752,139.7009785,2018,とんかつ,tonkatsu,
はせ川,東京都墨田区両国3-24-1 両国尾崎ビル　１０３,食べログ とんかつ 百名店 2018,https://tabelog.com/tokyo/A1312/A131201/13019126/,https://tabelog.com/tokyo/A1312/A131201/13019126/?cid=google_yoyaku,https://www.google.com/maps/search/?api=1&query=%E3%81%AF%E3%81%9B%E5%B7%9D%20%E6%9D%B1%E4%BA%AC%E9%83%BD%E5%A2%A8%E7%94%B0%E5%8C%BA%E4%B8%A1%E5%9B%BD3-24-1%20%E4%B8%A1%E5%9B%BD%E5%B0%BE%E5%B4%8E%E3%83%93%E3%83%AB%E3%80%80%EF%BC%91%EF%BC%90%EF%BC%93,35.6950367,139.7939509,2018,とんかつ,tonkatsu,
王ろじ,東京都新宿区新宿3-17-21,食べログ とんかつ 百名店 2018,https://tabelog.com/tokyo/A1304/A130401/13000860/,https://yoyaku.tabelog.com/yoyaku/tabelog_booking/send_remind/,https://www.google.com/maps/search/?api=1&query=%E7%8E%8B%E3%82%8D%E3%81%98%20%E6%9D%B1%E4%BA%AC%E9%83%BD%E6%96%B0%E5%AE%BF%E5%8C%BA%E6%96%B0%E5%AE%BF3-17-21,35.6919546,139.7037065,2018,とんかつ,tonkatsu,
豚珍館,東京都新宿区西新宿1-13-8 高橋ビル　２Ｆ,食べログ とんかつ 百名店 2018,https://tabelog.com/tokyo/A1304/A130401/13000809/,https://yoyaku.tabelog.com/yoyaku/tabelog_booking/send_remind/,https://www.google.com/maps/search/?api=1&query=%E8%B1%9A%E7%8F%8D%E9%A4%A8%20%E6%9D%B1%E4%BA%AC%E9%83%BD%E6%96%B0%E5%AE%BF%E5%8C%BA%E8%A5%BF%E6%96%B0%E5%AE%BF1-13-8%20%E9%AB%98%E6%A9%8B%E3%83%93%E3%83%AB%E3%80%80%EF%BC%92%EF%BC%A6,35.6895710,139.6967881,2018,とんかつ,tonkatsu,
とんかつ檍 大門店,東京都港区浜松町1-11-12 KMビル 1F,食べログ とんかつ 百名店 2018,https://tabelog.com/tokyo/A1314/A131401/13190933/,https://yoyaku.tabelog.com/yoyaku/tabelog_booking/send_remind/,https://www.google.com/maps/search/?api=1&query=%E3%81%A8%E3%82%93%E3%81%8B%E3%81%A4%E6%AA%8D%20%E5%A4%A7%E9%96%80%E5%BA%97%20%E6%9D%B1%E4%BA%AC%E9%83%BD%E6%B8%AF%E5%8C%BA%E6%B5%9C%E6%9D%BE%E7%94%BA1-11-12%20KM%E3%83%93%E3%83%AB%201F,35.6588077,139.7557671,2018,とんかつ,tonkatsu,
豚組食堂,東京都港区六本木6-2-31 六本木ヒルズノースタワー B1F,食べログ とんかつ 百名店 2018,https://tabelog.com/tokyo/A1307/A130701/13155331/,https://yoyaku.tabelog.com/yoyaku/tabelog_booking/send_remind/,https://www.google.com/maps/search/?api=1&query=%E8%B1%9A%E7%B5%84%E9%A3%9F%E5%A0%82%20%E6%9D%B1%E4%BA%AC%E9%83%BD%E6%B8%AF%E5%8C%BA%E5%85%AD%E6%9C%AC%E6%9C%A86-2-31%20%E5%85%AD%E6%9C%AC%E6%9C%A8%E3%83%92%E3%83%AB%E3%82%BA%E3%83%8E%E3%83%BC%E3%82%B9%E3%82%BF%E3%83%AF%E3%83%BC%20B1F,35.6618116,139.7300249,2018,とんかつ,tonkatsu,
とんかつ瓢,千葉県柏市旭町2-2-2 第一松崎ビル 1F,食べログ とんかつ 百名店 2018,https://tabelog.com/chiba/A1203/A120301/12038382/,https://yoyaku.tabelog.com/yoyaku/tabelog_booking/send_remind/,https://www.google.com/maps/search/?api=1&query=%E3%81%A8%E3%82%93%E3%81%8B%E3%81%A4%E7%93%A2%20%E5%8D%83%E8%91%89%E7%9C%8C%E6%9F%8F%E5%B8%82%E6%97%AD%E7%94%BA2-2-2%20%E7%AC%AC%E4%B8%80%E6%9D%BE%E5%B4%8E%E3%83%93%E3%83%AB%201F,35.8601885,139.9678416,2018,とんかつ,tonkatsu,
丸一,東京都大田区大森北1-7-2,食べログ とんかつ 百名店 2018,https://tabelog.com/tokyo/A1315/A131502/13003332/,https://yoyaku.tabelog.com/yoyaku/tabelog_booking/send_remind/,https://www.google.com/maps/search/?api=1&query=%E4%B8%B8%E4%B8%80%20%E6%9D%B1%E4%BA%AC%E9%83%BD%E5%A4%A7%E7%94%B0%E5%8C%BA%E5%A4%A7%E6%A3%AE%E5%8C%971-7-2,35.5873558,139.7274216,2018,とんかつ,tonkatsu,
ポンチ軒,東京都千代田区神田小川町2-8 扇ビル 1F,食べログ とんかつ 百名店 2018,https://tabelog.com/tokyo/A1310/A131002/13141456/,https://yoyaku.tabelog.com/yoyaku/tabelog_booking/send_remind/,https://www.google.com/maps/search/?api=1&query=%E3%83%9D%E3%83%B3%E3%83%81%E8%BB%92%20%E6%9D%B1%E4%BA%AC%E9%83%BD%E5%8D%83%E4%BB%A3%E7%94%B0%E5%8C%BA%E7%A5%9E%E7%94%B0%E5%B0%8F%E5%B7%9D%E7%94%BA2-8%20%E6%89%87%E3%83%93%E3%83%AB%201F,35.6949164,139.7639764,2018,とんかつ,tonkatsu,
とんかつ まい泉 青山本店,東京都渋谷区神宮前4-8-5,食べログ とんかつ 百名店 2018,https://tabelog.com/tokyo/A1306/A130602/13001850/,https://yoyaku.tabelog.com/yoyaku/tabelog_booking/send_remind/,https://www.google.com/maps/search/?api=1&query=%E3%81%A8%E3%82%93%E3%81%8B%E3%81%A4%20%E3%81%BE%E3%81%84%E6%B3%89%20%E9%9D%92%E5%B1%B1%E6%9C%AC%E5%BA%97%20%E6%9D%B1%E4%BA%AC%E9%83%BD%E6%B8%8B%E8%B0%B7%E5%8C%BA%E7%A5%9E%E5%AE%AE%E5%89%8D4-8-5,35.6678929,139.7115053,2018,とんかつ,tonkatsu,
とんかつかっぽう かつぜん,東京都中央区銀座6-8-7 交詢ビル　４Ｆ,食べログ とんかつ 百名店 2018,https://tabelog.com/tokyo/A1301/A130101/13006519/,https://yoyaku.tabelog.com/yoyaku/tabelog_booking/send_remind/,https://www.google.com/maps/search/?api=1&query=%E3%81%A8%E3%82%93%E3%81%8B%E3%81%A4%E3%81%8B%E3%81%A3%E3%81%BD%E3%81%86%20%E3%81%8B%E3%81%A4%E3%81%9C%E3%82%93%20%E6%9D%B1%E4%BA%AC%E9%83%BD%E4%B8%AD%E5%A4%AE%E5%8C%BA%E9%8A%80%E5%BA%A76-8-7%20%E4%BA%A4%E8%A9%A2%E3%83%93%E3%83%AB%E3%80%80%EF%BC%94%EF%BC%A6,35.6701444,139.7628918,2018,とんかつ,tonkatsu,
井泉 本店,東京都文京区湯島3-40-3,食べログ とんかつ 百名店 2018,https://tabelog.com/tokyo/A1311/A131101/13003619/,https://yoyaku.tabelog.com/yoyaku/tabelog_booking/send_remind/,https://www.google.com/maps/search/?api=1&query=%E4%BA%95%E6%B3%89%20%E6%9C%AC%E5%BA%97%20%E6%9D%B1%E4%BA%AC%E9%83%BD%E6%96%87%E4%BA%AC%E5%8C%BA%E6%B9%AF%E5%B3%B63-40-3,35.7074785,139.7722049,2018,とんかつ,tonkatsu,
かつ吉 新丸ビル店,東京都千代田区丸の内1-5-1 新丸の内ビルディング 5F,食べログ とんかつ 百名店 2018,https://tabelog.com/tokyo/A1302/A130201/13038494/,https://tabelog.com/tokyo/A1302/A130201/13038494/?cid=google_yoyaku,https://www.google.com/maps/search/?api=1&query=%E3%81%8B%E3%81%A4%E5%90%89%20%E6%96%B0%E4%B8%B8%E3%83%93%E3%83%AB%E5%BA%97%20%E6%9D%B1%E4%BA%AC%E9%83%BD%E5%8D%83%E4%BB%A3%E7%94%B0%E5%8C%BA%E4%B8%B8%E3%81%AE%E5%86%851-5-1%20%E6%96%B0%E4%B8%B8%E3%81%AE%E5%86%85%E3%83%93%E3%83%AB%E3%83%87%E3%82%A3%E3%83%B3%E3%82%B0%205F,35.6826299,139.7641349,2018,とんかつ,tonkatsu,
とんかつまるや 新橋駅前本店,東京都港区新橋2-20-15 新橋駅前ビル1号館 1F,食べログ とんかつ 百名店 2018,https://tabelog.com/tokyo/A1301/A130103/13019814/,https://yoyaku.tabelog.com/yoyaku/tabelog_booking/send_remind/,https://www.google.com/maps/search/?api=1&query=%E3%81%A8%E3%82%93%E3%81%8B%E3%81%A4%E3%81%BE%E3%82%8B%E3%82%84%20%E6%96%B0%E6%A9%8B%E9%A7%85%E5%89%8D%E6%9C%AC%E5%BA%97%20%E6%9D%B1%E4%BA%AC%E9%83%BD%E6%B8%AF%E5%8C%BA%E6%96%B0%E6%A9%8B2-20-15%20%E6%96%B0%E6%A9%8B%E9%A7%85%E5%89%8D%E3%83%93%E3%83%AB1%E5%8F%B7%E9%A4%A8%201F,35.6658927,139.7592873,2018,とんかつ,tonkatsu,
とんかつ桂,東京都小平市上水本町5-7-20,食べログ とんかつ 百名店 2018,https://tabelog.com/tokyo/A1325/A132502/13016062/,https://yoyaku.tabelog.com/yoyaku/tabelog_booking/send_remind/,https://www.google.com/maps/search/?api=1&query=%E3%81%A8%E3%82%93%E3%81%8B%E3%81%A4%E6%A1%82%20%E6%9D%B1%E4%BA%AC%E9%83%BD%E5%B0%8F%E5%B9%B3%E5%B8%82%E4%B8%8A%E6%B0%B4%E6%9C%AC%E7%94%BA5-7-20,35.7087717,139.4780936,2018,とんかつ,tonkatsu,
丸一,東京都大田区蒲田5-28-12,食べログ とんかつ 百名店 2018,https://tabelog.com/tokyo/A1315/A131503/13017765/,https://yoyaku.tabelog.com/yoyaku/tabelog_booking/send_remind/,https://www.google.com/maps/search/?api=1&query=%E4%B8%B8%E4%B8%80%20%E6%9D%B1%E4%BA%AC%E9%83%BD%E5%A4%A7%E7%94%B0%E5%8C%BA%E8%92%B2%E7%94%B05-28-12,35.5615492,139.7202574,2018,とんかつ,tonkatsu,
とんかつ 万平,東京都千代田区神田須田町1-11,食べログ とんかつ 百名店 2018,https://tabelog.com/tokyo/A1310/A131002/13006333/,https://yoyaku.tabelog.com/yoyaku/tabelog_booking/send_remind/,https://www.google.com/maps/search/?api=1&query=%E3%81%A8%E3%82%93%E3%81%8B%E3%81%A4%20%E4%B8%87%E5%B9%B3%20%E6%9D%B1%E4%BA%AC%E9%83%BD%E5%8D%83%E4%BB%A3%E7%94%B0%E5%8C%BA%E7%A5%9E%E7%94%B0%E9%A0%88%E7%94%B0%E7%94%BA1-11,35.6963617,139.7690839,2018,とんかつ,tonkatsu,
丸八とんかつ店 本店,東京都品川区東大井5-4-10,食べログ とんかつ 百名店 2018,https://tabelog.com/tokyo/A1315/A131501/13007363/,https://yoyaku.tabelog.com/yoyaku/tabelog_booking/send_remind/,https://www.google.com/maps/search/?api=1&query=%E4%B8%B8%E5%85%AB%E3%81%A8%E3%82%93%E3%81%8B%E3%81%A4%E5%BA%97%20%E6%9C%AC%E5%BA%97%20%E6%9D%B1%E4%BA%AC%E9%83%BD%E5%93%81%E5%B7%9D%E5%8C%BA%E6%9D%B1%E5%A4%A7%E4%BA%955-4-10,35.6073296,139.7363136,2018,とんかつ,tonkatsu,
とんかつ 鉄,東京都品川区南大井6-19-16 カテリーナ大森 B1F,食べログ とんかつ 百名店 2018,https://tabelog.com/tokyo/A1315/A131502/13178524/,https://yoyaku.tabelog.com/yoyaku/tabelog_booking/send_remind/,https://www.google.com/maps/search/?api=1&query=%E3%81%A8%E3%82%93%E3%81%8B%E3%81%A4%20%E9%89%84%20%E6%9D%B1%E4%BA%AC%E9%83%BD%E5%93%81%E5%B7%9D%E5%8C%BA%E5%8D%97%E5%A4%A7%E4%BA%956-19-16%20%E3%82%AB%E3%83%86%E3%83%AA%E3%83%BC%E3%83%8A%E5%A4%A7%E6%A3%AE%20B1F,35.5904694,139.7320758,2018,とんかつ,tonkatsu,
とんかつ山家 御徒町店,東京都台東区上野6-2-6 胡同ビル 1F,食べログ とんかつ 百名店 2018,https://tabelog.com/tokyo/A1311/A131101/13138428/,https://yoyaku.tabelog.com/yoyaku/tabelog_booking/send_remind/,https://www.google.com/maps/search/?api=1&query=%E3%81%A8%E3%82%93%E3%81%8B%E3%81%A4%E5%B1%B1%E5%AE%B6%20%E5%BE%A1%E5%BE%92%E7%94%BA%E5%BA%97%20%E6%9D%B1%E4%BA%AC%E9%83%BD%E5%8F%B0%E6%9D%B1%E5%8C%BA%E4%B8%8A%E9%87%8E6-2-6%20%E8%83%A1%E5%90%8C%E3%83%93%E3%83%AB%201F,35.7083011,139.7754518,2018,とんかつ,tonkatsu,
丸和,神奈川県横浜市中区住吉町5-61,食べログ とんかつ 百名店 2018,https://tabelog.com/kanagawa/A1401/A140104/14004558/,https://yoyaku.tabelog.com/yoyaku/tabelog_booking/send_remind/,https://www.google.com/maps/search/?api=1&query=%E4%B8%B8%E5%92%8C%20%E7%A5%9E%E5%A5%88%E5%B7%9D%E7%9C%8C%E6%A8%AA%E6%B5%9C%E5%B8%82%E4%B8%AD%E5%8C%BA%E4%BD%8F%E5%90%89%E7%94%BA5-61,35.4478186,139.6353165,2018,とんかつ,tonkatsu,
とん八亭,東京都台東区上野4-3-4,食べログ とんかつ 百名店 2018,https://tabelog.com/tokyo/A1311/A131101/13003593/,https://yoyaku.tabelog.com/yoyaku/tabelog_booking/send_remind/,https://www.google.com/maps/search/?api=1&query=%E3%81%A8%E3%82%93%E5%85%AB%E4%BA%AD%20%E6%9D%B1%E4%BA%AC%E9%83%BD%E5%8F%B0%E6%9D%B1%E5%8C%BA%E4%B8%8A%E9%87%8E4-3-4,35.7084216,139.7737469,2018,とんかつ,tonkatsu,
成蔵,東京都新宿区高田馬場1-32-11 小澤ビル B1F,食べログ とんかつ 百名店 2018,https://tabelog.com/tokyo/A1305/A130503/13114695/,https://yoyaku.tabelog.com/yoyaku/tabelog_booking/send_remind/,https://www.google.com/maps/search/?api=1&query=%E6%88%90%E8%94%B5%20%E6%9D%B1%E4%BA%AC%E9%83%BD%E6%96%B0%E5%AE%BF%E5%8C%BA%E9%AB%98%E7%94%B0%E9%A6%AC%E5%A0%B41-32-11%20%E5%B0%8F%E6%BE%A4%E3%83%93%E3%83%AB%20B1F,35.7108112,139.7037906,2018,とんかつ,tonkatsu,
とんかつ とんき 目黒本店,東京都目黒区下目黒1-1-2,食べログ とんかつ 百名店 2018,https://tabelog.com/tokyo/A1316/A131601/13002040/,https://yoyaku.tabelog.com/yoyaku/tabelog_booking/send_remind/,https://www.google.com/maps/search/?api=1&query=%E3%81%A8%E3%82%93%E3%81%8B%E3%81%A4%20%E3%81%A8%E3%82%93%E3%81%8D%20%E7%9B%AE%E9%BB%92%E6%9C%AC%E5%BA%97%20%E6%9D%B1%E4%BA%AC%E9%83%BD%E7%9B%AE%E9%BB%92%E5%8C%BA%E4%B8%8B%E7%9B%AE%E9%BB%921-1-2,35.6336152,139.7143031,2018,とんかつ,tonkatsu,
かつ好,東京都中央区日本橋人形町3-4-11,食べログ とんかつ 百名店 2018,https://tabelog.com/tokyo/A1302/A130204/13204633/,https://yoyaku.tabelog.com/yoyaku/tabelog_booking/send_remind/,https://www.google.com/maps/search/?api=1&query=%E3%81%8B%E3%81%A4%E5%A5%BD%20%E6%9D%B1%E4%BA%AC%E9%83%BD%E4%B8%AD%E5%A4%AE%E5%8C%BA%E6%97%A5%E6%9C%AC%E6%A9%8B%E4%BA%BA%E5%BD%A2%E7%94%BA3-4-11,35.6862367,139.7812147,2018,とんかつ,tonkatsu,
とんかつ山家 上野店,東京都台東区上野4-5-1,食べログ とんかつ 百名店 2018,https://tabelog.com/tokyo/A1311/A131101/13162760/,https://yoyaku.tabelog.com/yoyaku/tabelog_booking/send_remind/,https://www.google.com/maps/search/?api=1&query=%E3%81%A8%E3%82%93%E3%81%8B%E3%81%A4%E5%B1%B1%E5%AE%B6%20%E4%B8%8A%E9%87%8E%E5%BA%97%20%E6%9D%B1%E4%BA%AC%E9%83%BD%E5%8F%B0%E6%9D%B1%E5%8C%BA%E4%B8%8A%E9%87%8E4-5-1,35.7086824,139.7738443,2018,とんかつ,tonkatsu,
すぎ田,東京都台東区寿3-8-3,食べログ とんかつ 百名店 2018,https://tabelog.com/tokyo/A1311/A131103/13003707/,https://tabelog.com/tokyo/A1311/A131103/13003707/?cid=google_yoyaku,https://www.google.com/maps/search/?api=1&query=%E3%81%99%E3%81%8E%E7%94%B0%20%E6%9D%B1%E4%BA%AC%E9%83%BD%E5%8F%B0%E6%9D%B1%E5%8C%BA%E5%AF%BF3-8-3,35.7064513,139.7910196,2018,とんかつ,tonkatsu,
とんかつ ゆたか,東京都台東区浅草1-15-9,食べログ とんかつ 百名店 2018,https://tabelog.com/tokyo/A1311/A131102/13003669/,https://tabelog.com/tokyo/A1311/A131102/13003669/?cid=google_yoyaku,https://www.google.com/maps/search/?api=1&query=%E3%81%A8%E3%82%93%E3%81%8B%E3%81%A4%20%E3%82%86%E3%81%9F%E3%81%8B%20%E6%9D%B1%E4%BA%AC%E9%83%BD%E5%8F%B0%E6%9D%B1%E5%8C%BA%E6%B5%85%E8%8D%891-15-9,35.7117767,139.7940792,2018,とんかつ,tonkatsu,
あげづき,東京都新宿区神楽坂3-2 山ノ内ビル B1F,食べログ とんかつ 百名店 2018,https://tabelog.com/tokyo/A1309/A130905/13107796/,https://yoyaku.tabelog.com/yoyaku/tabelog_booking/send_remind/,https://www.google.com/maps/search/?api=1&query=%E3%81%82%E3%81%92%E3%81%A5%E3%81%8D%20%E6%9D%B1%E4%BA%AC%E9%83%BD%E6%96%B0%E5%AE%BF%E5%8C%BA%E7%A5%9E%E6%A5%BD%E5%9D%823-2%20%E5%B1%B1%E3%83%8E%E5%86%85%E3%83%93%E3%83%AB%20B1F,35.7013316,139.7407752,2018,とんかつ,tonkatsu,
とんかつ かつ壱,東京都品川区上大崎2-25-5 久米ビル　Ｂ１Ｆ,食べログ とんかつ 百名店 2018,https://tabelog.com/tokyo/A1316/A131601/13021829/,https://yoyaku.tabelog.com/yoyaku/tabelog_booking/send_remind/,https://www.google.com/maps/search/?api=1&query=%E3%81%A8%E3%82%93%E3%81%8B%E3%81%A4%20%E3%81%8B%E3%81%A4%E5%A3%B1%20%E6%9D%B1%E4%BA%AC%E9%83%BD%E5%93%81%E5%B7%9D%E5%8C%BA%E4%B8%8A%E5%A4%A7%E5%B4%8E2-25-5%20%E4%B9%85%E7%B1%B3%E3%83%93%E3%83%AB%E3%80%80%EF%BC%A2%EF%BC%91%EF%BC%A6,35.6345931,139.7146823,2018,とんかつ,tonkatsu,
ぽん太,東京都渋谷区恵比寿西1-34-15 ヒルズ代官山　１Ｆ,食べログ とんかつ 百名店 2018,https://tabelog.com/tokyo/A1303/A130303/13001729/,https://yoyaku.tabelog.com/yoyaku/tabelog_booking/send_remind/,https://www.google.com/maps/search/?api=1&query=%E3%81%BD%E3%82%93%E5%A4%AA%20%E6%9D%B1%E4%BA%AC%E9%83%BD%E6%B8%8B%E8%B0%B7%E5%8C%BA%E6%81%B5%E6%AF%94%E5%AF%BF%E8%A5%BF1-34-15%20%E3%83%92%E3%83%AB%E3%82%BA%E4%BB%A3%E5%AE%98%E5%B1%B1%E3%80%80%EF%BC%91%EF%BC%A6,35.6468516,139.7026799,2018,とんかつ,tonkatsu,
とんかつ いわい,東京都港区芝公園2-3-7 玉川ビル 2F,食べログ とんかつ 百名店 2018,https://tabelog.com/tokyo/A1314/A131401/13170377/,https://yoyaku.tabelog.com/yoyaku/tabelog_booking/send_remind/,https://www.google.com/maps/search/?api=1&query=%E3%81%A8%E3%82%93%E3%81%8B%E3%81%A4%20%E3%81%84%E3%82%8F%E3%81%84%20%E6%9D%B1%E4%BA%AC%E9%83%BD%E6%B8%AF%E5%8C%BA%E8%8A%9D%E5%85%AC%E5%9C%922-3-7%20%E7%8E%89%E5%B7%9D%E3%83%93%E3%83%AB%202F,35.6568019,139.7527346,2018,とんかつ,tonkatsu,
とんかつ おさむ,東京都豊島区南長崎1-3-11,食べログ とんかつ 百名店 2018,https://tabelog.com/tokyo/A1321/A132101/13012436/,https://yoyaku.tabelog.com/yoyaku/tabelog_booking/send_remind/,https://www.google.com/maps/search/?api=1&query=%E3%81%A8%E3%82%93%E3%81%8B%E3%81%A4%20%E3%81%8A%E3%81%95%E3%82%80%20%E6%9D%B1%E4%BA%AC%E9%83%BD%E8%B1%8A%E5%B3%B6%E5%8C%BA%E5%8D%97%E9%95%B7%E5%B4%8E1-3-11,35.7233743,139.6912101,2018,とんかつ,tonkatsu,
とんかつ やまいち,東京都千代田区神田須田町1-8-4 玉井ビル1F,食べログ とんかつ 百名店 2018,https://tabelog.com/tokyo/A1310/A131002/13042246/,https://yoyaku.tabelog.com/yoyaku/tabelog_booking/send_remind/,https://www.google.com/maps/search/?api=1&query=%E3%81%A8%E3%82%93%E3%81%8B%E3%81%A4%20%E3%82%84%E3%81%BE%E3%81%84%E3%81%A1%20%E6%9D%B1%E4%BA%AC%E9%83%BD%E5%8D%83%E4%BB%A3%E7%94%B0%E5%8C%BA%E7%A5%9E%E7%94%B0%E9%A0%88%E7%94%B0%E7%94%BA1-8-4%20%E7%8E%89%E4%BA%95%E3%83%93%E3%83%AB1F,35.6953702,139.7685813,2018,とんかつ,tonkatsu,
勝烈庵 馬車道総本店,神奈川県横浜市中区常盤町5-58-2,食べログ とんかつ 百名店 2018,https://tabelog.com/kanagawa/A1401/A140104/14000146/,https://yoyaku.tabelog.com/yoyaku/tabelog_booking/send_remind/,https://www.google.com/maps/search/?api=1&query=%E5%8B%9D%E7%83%88%E5%BA%B5%20%E9%A6%AC%E8%BB%8A%E9%81%93%E7%B7%8F%E6%9C%AC%E5%BA%97%20%E7%A5%9E%E5%A5%88%E5%B7%9D%E7%9C%8C%E6%A8%AA%E6%B5%9C%E5%B8%82%E4%B8%AD%E5%8C%BA%E5%B8%B8%E7%9B%A4%E7%94%BA5-58-2,35.4471518,139.6348977,2018,とんかつ,tonkatsu,
とんかつ檍 銀座8丁目店,東京都中央区銀座8-8-7 第3ソワレ・ドビル B1F,食べログ とんかつ 百名店 2018,https://tabelog.com/tokyo/A1301/A130101/13219635/,https://yoyaku.tabelog.com/yoyaku/tabelog_booking/send_remind/,https://www.google.com/maps/search/?api=1&query=%E3%81%A8%E3%82%93%E3%81%8B%E3%81%A4%E6%AA%8D%20%E9%8A%80%E5%BA%A78%E4%B8%81%E7%9B%AE%E5%BA%97%20%E6%9D%B1%E4%BA%AC%E9%83%BD%E4%B8%AD%E5%A4%AE%E5%8C%BA%E9%8A%80%E5%BA%A78-8-7%20%E7%AC%AC3%E3%82%BD%E3%83%AF%E3%83%AC%E3%83%BB%E3%83%89%E3%83%93%E3%83%AB%20B1F,35.6682300,139.7614911,2018,とんかつ,tonkatsu,
大五,東京都港区白金1-25-21 日興パレス　１Ｆ,食べログ とんかつ 百名店 2018,https://tabelog.com/tokyo/A1316/A131602/13007156/,https://yoyaku.tabelog.com/yoyaku/tabelog_booking/send_remind/,https://www.google.com/maps/search/?api=1&query=%E5%A4%A7%E4%BA%94%20%E6%9D%B1%E4%BA%AC%E9%83%BD%E6%B8%AF%E5%8C%BA%E7%99%BD%E9%87%911-25-21%20%E6%97%A5%E8%88%88%E3%83%91%E3%83%AC%E3%82%B9%E3%80%80%EF%BC%91%EF%BC%A6,35.6439275,139.7320550,2018,とんかつ,tonkatsu,
かつ吉 水道橋店,東京都文京区本郷1-4-1 全水道会館　Ｂ１Ｆ,食べログ とんかつ 百名店 2018,https://tabelog.com/tokyo/A1310/A131003/13003524/,https://yoyaku.tabelog.com/yoyaku/tabelog_booking/send_remind/,https://www.google.com/maps/search/?api=1&query=%E3%81%8B%E3%81%A4%E5%90%89%20%E6%B0%B4%E9%81%93%E6%A9%8B%E5%BA%97%20%E6%9D%B1%E4%BA%AC%E9%83%BD%E6%96%87%E4%BA%AC%E5%8C%BA%E6%9C%AC%E9%83%B71-4-1%20%E5%85%A8%E6%B0%B4%E9%81%93%E4%BC%9A%E9%A4%A8%E3%80%80%EF%BC%A2%EF%BC%91%EF%BC%A6,35.7032267,139.7554502,2018,とんかつ,tonkatsu,
丸五,東京都千代田区外神田1-8-14,食べログ とんかつ 百名店 2018,https://tabelog.com/tokyo/A1310/A131001/13000379/,https://yoyaku.tabelog.com/yoyaku/tabelog_booking/send_remind/,https://www.google.com/maps/search/?api=1&query=%E4%B8%B8%E4%BA%94%20%E6%9D%B1%E4%BA%AC%E9%83%BD%E5%8D%83%E4%BB%A3%E7%94%B0%E5%8C%BA%E5%A4%96%E7%A5%9E%E7%94%B01-8-14,35.6991477,139.7697358,2018,とんかつ,tonkatsu,
もち豚とんかつ たいよう,東京都品川区小山3-22-7 メゾンいずみ 1-112,食べログ とんかつ 百名店 2018,https://tabelog.com/tokyo/A1317/A131710/13059862/,https://yoyaku.tabelog.com/yoyaku/tabelog_booking/send_remind/,https://www.google.com/maps/search/?api=1&query=%E3%82%82%E3%81%A1%E8%B1%9A%E3%81%A8%E3%82%93%E3%81%8B%E3%81%A4%20%E3%81%9F%E3%81%84%E3%82%88%E3%81%86%20%E6%9D%B1%E4%BA%AC%E9%83%BD%E5%93%81%E5%B7%9D%E5%8C%BA%E5%B0%8F%E5%B1%B13-22-7%20%E3%83%A1%E3%82%BE%E3%83%B3%E3%81%84%E3%81%9A%E3%81%BF%201-112,35.6188255,139.7064293,2018,とんかつ,tonkatsu,
西麻布 豚組,東京都港区西麻布2-24-9,食べログ とんかつ 百名店 2018,https://tabelog.com/tokyo/A1307/A130701/13004791/,https://yoyaku.tabelog.com/yoyaku/tabelog_booking/send_remind/,https://www.google.com/maps/search/?api=1&query=%E8%A5%BF%E9%BA%BB%E5%B8%83%20%E8%B1%9A%E7%B5%84%20%E6%9D%B1%E4%BA%AC%E9%83%BD%E6%B8%AF%E5%8C%BA%E8%A5%BF%E9%BA%BB%E5%B8%832-24-9,35.6609746,139.7221381,2018,とんかつ,tonkatsu,
銀座梅林 本店,東京都中央区銀座7-8-1 渋谷ビル 1F,食べログ とんかつ 百名店 2018,https://tabelog.com/tokyo/A1301/A130101/13002547/,https://yoyaku.tabelog.com/yoyaku/tabelog_booking/send_remind/,https://www.google.com/maps/search/?api=1&query=%E9%8A%80%E5%BA%A7%E6%A2%85%E6%9E%97%20%E6%9C%AC%E5%BA%97%20%E6%9D%B1%E4%BA%AC%E9%83%BD%E4%B8%AD%E5%A4%AE%E5%8C%BA%E9%8A%80%E5%BA%A77-8-1%20%E6%B8%8B%E8%B0%B7%E3%83%93%E3%83%AB%201F,35.6695036,139.7627379,2018,とんかつ,tonkatsu,
とん久,東京都新宿区高田馬場1-26-5 Ｆ・Ｉビル B1F,食べログ とんかつ 百名店 2018,https://tabelog.com/tokyo/A1305/A130503/13000116/,https://yoyaku.tabelog.com/yoyaku/tabelog_booking/send_remind/,https://www.google.com/maps/search/?api=1&query=%E3%81%A8%E3%82%93%E4%B9%85%20%E6%9D%B1%E4%BA%AC%E9%83%BD%E6%96%B0%E5%AE%BF%E5%8C%BA%E9%AB%98%E7%94%B0%E9%A6%AC%E5%A0%B41-26-5%20%EF%BC%A6%E3%83%BB%EF%BC%A9%E3%83%93%E3%83%AB%20B1F,35.7127609,139.7051510,2018,とんかつ,tonkatsu,
とんかつ 明石,東京都港区新橋2-16-1 ニュー新橋ビル 4F,食べログ とんかつ 百名店 2018,https://tabelog.com/tokyo/A1301/A130103/13033663/,https://yoyaku.tabelog.com/yoyaku/tabelog_booking/send_remind/,https://www.google.com/maps/search/?api=1&query=%E3%81%A8%E3%82%93%E3%81%8B%E3%81%A4%20%E6%98%8E%E7%9F%B3%20%E6%9D%B1%E4%BA%AC%E9%83%BD%E6%B8%AF%E5%8C%BA%E6%96%B0%E6%A9%8B2-16-1%20%E3%83%8B%E3%83%A5%E3%83%BC%E6%96%B0%E6%A9%8B%E3%83%93%E3%83%AB%204F,35.6662905,139.7573905,2018,とんかつ,tonkatsu,
イマカツ 銀座店,東京都中央区銀座4-13-18 医療ビル 1F,食べログ とんかつ 百名店 2018,https://tabelog.com/tokyo/A1301/A130101/13159038/,https://yoyaku.tabelog.com/yoyaku/tabelog_booking/send_remind/,https://www.google.com/maps/search/?api=1&query=%E3%82%A4%E3%83%9E%E3%82%AB%E3%83%84%20%E9%8A%80%E5%BA%A7%E5%BA%97%20%E6%9D%B1%E4%BA%AC%E9%83%BD%E4%B8%AD%E5%A4%AE%E5%8C%BA%E9%8A%80%E5%BA%A74-13-18%20%E5%8C%BB%E7%99%82%E3%83%93%E3%83%AB%201F,35.6696011,139.7687536,2018,とんかつ,tonkatsu,
ぽん多本家,東京都台東区上野3-23-3,食べログ とんかつ 百名店 2018,https://tabelog.com/tokyo/A1311/A131101/13003587/,https://yoyaku.tabelog.com/yoyaku/tabelog_booking/send_remind/,https://www.google.com/maps/search/?api=1&query=%E3%81%BD%E3%82%93%E5%A4%9A%E6%9C%AC%E5%AE%B6%20%E6%9D%B1%E4%BA%AC%E9%83%BD%E5%8F%B0%E6%9D%B1%E5%8C%BA%E4%B8%8A%E9%87%8E3-23-3,35.7063511,139.7730123,2018,とんかつ,tonkatsu,
とんかつ まさむね,東京都港区赤坂2-8-19,食べログ とんかつ 百名店 2018,https://tabelog.com/tokyo/A1308/A130801/13156833/,https://yoyaku.tabelog.com/yoyaku/tabelog_booking/send_remind/,https://www.google.com/maps/search/?api=1&query=%E3%81%A8%E3%82%93%E3%81%8B%E3%81%A4%20%E3%81%BE%E3%81%95%E3%82%80%E3%81%AD%20%E6%9D%B1%E4%BA%AC%E9%83%BD%E6%B8%AF%E5%8C%BA%E8%B5%A4%E5%9D%822-8-19,35.6720702,139.7400244,2018,とんかつ,tonkatsu,
勝漫,東京都千代田区神田須田町1-6-1 堀谷ビル 1F,食べログ とんかつ 百名店 2018,https://tabelog.com/tokyo/A1310/A131002/13000380/,https://yoyaku.tabelog.com/yoyaku/tabelog_booking/send_remind/,https://www.google.com/maps/search/?api=1&query=%E5%8B%9D%E6%BC%AB%20%E6%9D%B1%E4%BA%AC%E9%83%BD%E5%8D%83%E4%BB%A3%E7%94%B0%E5%8C%BA%E7%A5%9E%E7%94%B0%E9%A0%88%E7%94%B0%E7%94%BA1-6-1%20%E5%A0%80%E8%B0%B7%E3%83%93%E3%83%AB%201F,35.6949574,139.7685904,2018,とんかつ,tonkatsu,
にし邑,東京都中央区銀座3-12-6 盛重ビル 1F,食べログ とんかつ 百名店 2018,https://tabelog.com/tokyo/A1301/A130101/13025298/,https://yoyaku.tabelog.com/yoyaku/tabelog_booking/send_remind/,https://www.google.com/maps/search/?api=1&query=%E3%81%AB%E3%81%97%E9%82%91%20%E6%9D%B1%E4%BA%AC%E9%83%BD%E4%B8%AD%E5%A4%AE%E5%8C%BA%E9%8A%80%E5%BA%A73-12-6%20%E7%9B%9B%E9%87%8D%E3%83%93%E3%83%AB%201F,35.6706745,139.7692164,2018,とんかつ,tonkatsu,
とんかつ 大宝,東京都目黒区目黒1-6-15 1F,食べログ とんかつ 百名店 2018,https://tabelog.com/tokyo/A1316/A131601/13007463/,https://yoyaku.tabelog.com/yoyaku/tabelog_booking/send_remind/,https://www.google.com/maps/search/?api=1&query=%E3%81%A8%E3%82%93%E3%81%8B%E3%81%A4%20%E5%A4%A7%E5%AE%9D%20%E6%9D%B1%E4%BA%AC%E9%83%BD%E7%9B%AE%E9%BB%92%E5%8C%BA%E7%9B%AE%E9%BB%921-6-15%201F,35.6344473,139.7117784,2018,とんかつ,tonkatsu,
とんかつ燕楽,東京都大田区池上6-1-4,食べログ とんかつ 百名店 2018,https://tabelog.com/tokyo/A1317/A131714/13034183/,https://yoyaku.tabelog.com/yoyaku/tabelog_booking/send_remind/,https://www.google.com/maps/search/?api=1&query=%E3%81%A8%E3%82%93%E3%81%8B%E3%81%A4%E7%87%95%E6%A5%BD%20%E6%9D%B1%E4%BA%AC%E9%83%BD%E5%A4%A7%E7%94%B0%E5%8C%BA%E6%B1%A0%E4%B8%8A6-1-4,35.5729466,139.7041955,2018,とんかつ,tonkatsu,
田むら銀かつ亭 本店,神奈川県足柄下郡箱根町強羅1300-739,食べログ とんかつ 百名店 2018,https://tabelog.com/kanagawa/A1410/A141001/14001492/,https://yoyaku.tabelog.com/yoyaku/tabelog_booking/send_remind/,https://www.google.com/maps/search/?api=1&query=%E7%94%B0%E3%82%80%E3%82%89%E9%8A%80%E3%81%8B%E3%81%A4%E4%BA%AD%20%E6%9C%AC%E5%BA%97%20%E7%A5%9E%E5%A5%88%E5%B7%9D%E7%9C%8C%E8%B6%B3%E6%9F%84%E4%B8%8B%E9%83%A1%E7%AE%B1%E6%A0%B9%E7%94%BA%E5%BC%B7%E7%BE%851300-739,35.2506097,139.0492893,2018,とんかつ,tonkatsu,
かつ吉 渋谷店,東京都渋谷区渋谷3-9-10 ＫＤＣビル B1F,食べログ とんかつ 百名店 2018,https://tabelog.com/tokyo/A1303/A130301/13004792/,https://yoyaku.tabelog.com/yoyaku/tabelog_booking/send_remind/,https://www.google.com/maps/search/?api=1&query=%E3%81%8B%E3%81%A4%E5%90%89%20%E6%B8%8B%E8%B0%B7%E5%BA%97%20%E6%9D%B1%E4%BA%AC%E9%83%BD%E6%B8%8B%E8%B0%B7%E5%8C%BA%E6%B8%8B%E8%B0%B73-9-10%20%EF%BC%AB%EF%BC%A4%EF%BC%A3%E3%83%93%E3%83%AB%20B1F,35.6572126,139.7046511,2018,とんかつ,tonkatsu,
塩梅,千葉県柏市明原1-2-3 柏田中ビル　Ｂ１Ｆ,食べログ とんかつ 百名店 2018,https://tabelog.com/chiba/A1203/A120301/12000061/,https://yoyaku.tabelog.com/yoyaku/tabelog_booking/send_remind/,https://www.google.com/maps/search/?api=1&query=%E5%A1%A9%E6%A2%85%20%E5%8D%83%E8%91%89%E7%9C%8C%E6%9F%8F%E5%B8%82%E6%98%8E%E5%8E%9F1-2-3%20%E6%9F%8F%E7%94%B0%E4%B8%AD%E3%83%93%E3%83%AB%E3%80%80%EF%BC%A2%EF%BC%91%EF%BC%A6,35.8642037,139.9666040,2018,とんかつ,tonkatsu,
あさや,東京都千代田区東神田1-14-6,食べログ とんかつ 百名店 2018,https://tabelog.com/tokyo/A1302/A130204/13016898/,https://yoyaku.tabelog.com/yoyaku/tabelog_booking/send_remind/,https://www.google.com/maps/search/?api=1&query=%E3%81%82%E3%81%95%E3%82%84%20%E6%9D%B1%E4%BA%AC%E9%83%BD%E5%8D%83%E4%BB%A3%E7%94%B0%E5%8C%BA%E6%9D%B1%E7%A5%9E%E7%94%B01-14-6,35.6941186,139.7815784,2018,とんかつ,tonkatsu,
あけぼの,東京都千代田区有楽町2-10-1 東京交通会館 B1F,食べログ とんかつ 百名店 2018,https://tabelog.com/tokyo/A1301/A130102/13000129/,https://yoyaku.tabelog.com/yoyaku/tabelog_booking/send_remind/,https://www.google.com/maps/search/?api=1&query=%E3%81%82%E3%81%91%E3%81%BC%E3%81%AE%20%E6%9D%B1%E4%BA%AC%E9%83%BD%E5%8D%83%E4%BB%A3%E7%94%B0%E5%8C%BA%E6%9C%89%E6%A5%BD%E7%94%BA2-10-1%20%E6%9D%B1%E4%BA%AC%E4%BA%A4%E9%80%9A%E4%BC%9A%E9%A4%A8%20B1F,35.6751751,139.7642557,2018,とんかつ,tonkatsu,
かつ平,東京都中央区築地6-12-10,食べログ とんかつ 百名店 2018,https://tabelog.com/tokyo/A1313/A131301/13007635/,https://yoyaku.tabelog.com/yoyaku/tabelog_booking/send_remind/,https://www.google.com/maps/search/?api=1&query=%E3%81%8B%E3%81%A4%E5%B9%B3%20%E6%9D%B1%E4%BA%AC%E9%83%BD%E4%B8%AD%E5%A4%AE%E5%8C%BA%E7%AF%89%E5%9C%B06-12-10,35.6650368,139.7740063,2018,とんかつ,tonkatsu,
キッチン直,千葉県船橋市宮本5-1-8,食べログ とんかつ 百名店 2018,https://tabelog.com/chiba/A1202/A120201/12003637/,https://yoyaku.tabelog.com/yoyaku/tabelog_booking/send_remind/,https://www.google.com/maps/search/?api=1&query=%E3%82%AD%E3%83%83%E3%83%81%E3%83%B3%E7%9B%B4%20%E5%8D%83%E8%91%89%E7%9C%8C%E8%88%B9%E6%A9%8B%E5%B8%82%E5%AE%AE%E6%9C%AC5-1-8,35.6957718,139.9922963,2018,とんかつ,tonkatsu,
とんかつ いちかつ,東京都墨田区横網1-3-4,食べログ とんかつ 百名店 2018,https://tabelog.com/tokyo/A1312/A131201/13127752/,https://yoyaku.tabelog.com/yoyaku/tabelog_booking/send_remind/,https://www.google.com/maps/search/?api=1&query=%E3%81%A8%E3%82%93%E3%81%8B%E3%81%A4%20%E3%81%84%E3%81%A1%E3%81%8B%E3%81%A4%20%E6%9D%B1%E4%BA%AC%E9%83%BD%E5%A2%A8%E7%94%B0%E5%8C%BA%E6%A8%AA%E7%B6%B21-3-4,35.6956962,139.7942402,2018,とんかつ,tonkatsu,
新潟カツ丼 タレカツ 本店,東京都千代田区西神田2-8-9,食べログ とんかつ 百名店 2018,https://tabelog.com/tokyo/A1310/A131003/13040666/,https://yoyaku.tabelog.com/yoyaku/tabelog_booking/send_remind/,https://www.google.com/maps/search/?api=1&query=%E6%96%B0%E6%BD%9F%E3%82%AB%E3%83%84%E4%B8%BC%20%E3%82%BF%E3%83%AC%E3%82%AB%E3%83%84%20%E6%9C%AC%E5%BA%97%20%E6%9D%B1%E4%BA%AC%E9%83%BD%E5%8D%83%E4%BB%A3%E7%94%B0%E5%8C%BA%E8%A5%BF%E7%A5%9E%E7%94%B02-8-9,35.6995610,139.7557235,2018,とんかつ,tonkatsu,
とんかつ檍 蒲田本店,東京都大田区蒲田5-43-7 ロイヤルハイツ蒲田１０２,食べログ とんかつ 百名店 2018,https://tabelog.com/tokyo/A1315/A131503/13114843/,https://yoyaku.tabelog.com/yoyaku/tabelog_booking/send_remind/,https://www.google.com/maps/search/?api=1&query=%E3%81%A8%E3%82%93%E3%81%8B%E3%81%A4%E6%AA%8D%20%E8%92%B2%E7%94%B0%E6%9C%AC%E5%BA%97%20%E6%9D%B1%E4%BA%AC%E9%83%BD%E5%A4%A7%E7%94%B0%E5%8C%BA%E8%92%B2%E7%94%B05-43-7%20%E3%83%AD%E3%82%A4%E3%83%A4%E3%83%AB%E3%83%8F%E3%82%A4%E3%83%84%E8%92%B2%E7%94%B0%EF%BC%91%EF%BC%90%EF%BC%92,35.5604568,139.7170439,2018,とんかつ,tonkatsu,
横浜野田岩,神奈川県横浜市西区北幸2-13-9,食べログ うなぎ 百名店 2018,https://tabelog.com/kanagawa/A1401/A140101/14000651/,https://yoyaku.tabelog.com/yoyaku/tabelog_booking/send_remind/,https://www.google.com/maps/search/?api=1&query=%E6%A8%AA%E6%B5%9C%E9%87%8E%E7%94%B0%E5%B2%A9%20%E7%A5%9E%E5%A5%88%E5%B7%9D%E7%9C%8C%E6%A8%AA%E6%B5%9C%E5%B8%82%E8%A5%BF%E5%8C%BA%E5%8C%97%E5%B9%B82-13-9,35.4650649,139.6140223,2018,うなぎ,unagi,
五代目 野田岩 麻布飯倉本店,東京都港区東麻布1-5-4,食べログ うなぎ 百名店 2018,https://tabelog.com/tokyo/A1314/A131401/13002789/,https://yoyaku.tabelog.com/yoyaku/tabelog_booking/send_remind/,https://www.google.com/maps/search/?api=1&query=%E4%BA%94%E4%BB%A3%E7%9B%AE%20%E9%87%8E%E7%94%B0%E5%B2%A9%20%E9%BA%BB%E5%B8%83%E9%A3%AF%E5%80%89%E6%9C%AC%E5%BA%97%20%E6%9D%B1%E4%BA%AC%E9%83%BD%E6%B8%AF%E5%8C%BA%E6%9D%B1%E9%BA%BB%E5%B8%831-5-4,35.6581323,139.7433803,2018,うなぎ,unagi,
稲毛屋,東京都文京区千駄木3-49-4,食べログ うなぎ 百名店 2018,https://tabelog.com/tokyo/A1311/A131105/13024475/,https://yoyaku.tabelog.com/yoyaku/tabelog_booking/send_remind/,https://www.google.com/maps/search/?api=1&query=%E7%A8%B2%E6%AF%9B%E5%B1%8B%20%E6%9D%B1%E4%BA%AC%E9%83%BD%E6%96%87%E4%BA%AC%E5%8C%BA%E5%8D%83%E9%A7%84%E6%9C%A83-49-4,35.7302772,139.7620398,2018,うなぎ,unagi,
駿河屋,千葉県成田市仲町359,食べログ うなぎ 百名店 2018,https://tabelog.com/chiba/A1204/A120401/12006496/,https://yoyaku.tabelog.com/yoyaku/tabelog_booking/send_remind/,https://www.google.com/maps/search/?api=1&query=%E9%A7%BF%E6%B2%B3%E5%B1%8B%20%E5%8D%83%E8%91%89%E7%9C%8C%E6%88%90%E7%94%B0%E5%B8%82%E4%BB%B2%E7%94%BA359,35.7846345,140.3172932,2018,うなぎ,unagi,
川豊 本店,千葉県成田市仲町386,食べログ うなぎ 百名店 2018,https://tabelog.com/chiba/A1204/A120401/12000709/,https://yoyaku.tabelog.com/yoyaku/tabelog_booking/send_remind/,https://www.google.com/maps/search/?api=1&query=%E5%B7%9D%E8%B1%8A%20%E6%9C%AC%E5%BA%97%20%E5%8D%83%E8%91%89%E7%9C%8C%E6%88%90%E7%94%B0%E5%B8%82%E4%BB%B2%E7%94%BA386,35.7833971,140.3167339,2018,うなぎ,unagi,
うなぎ屋酒坊・画荘 越後屋,埼玉県所沢市小手指町4-21-22,食べログ うなぎ 百名店 2018,https://tabelog.com/saitama/A1106/A110601/11002889/,https://yoyaku.tabelog.com/yoyaku/tabelog_booking/send_remind/,https://www.google.com/maps/search/?api=1&query=%E3%81%86%E3%81%AA%E3%81%8E%E5%B1%8B%E9%85%92%E5%9D%8A%E3%83%BB%E7%94%BB%E8%8D%98%20%E8%B6%8A%E5%BE%8C%E5%B1%8B%20%E5%9F%BC%E7%8E%89%E7%9C%8C%E6%89%80%E6%B2%A2%E5%B8%82%E5%B0%8F%E6%89%8B%E6%8C%87%E7%94%BA4-21-22,35.7976739,139.4364412,2018,うなぎ,unagi,
小満津,東京都杉並区和田3-62-3 １Ｆ,食べログ うなぎ 百名店 2018,https://tabelog.com/tokyo/A1319/A131904/13001079/,https://yoyaku.tabelog.com/yoyaku/tabelog_booking/send_remind/,https://www.google.com/maps/search/?api=1&query=%E5%B0%8F%E6%BA%80%E6%B4%A5%20%E6%9D%B1%E4%BA%AC%E9%83%BD%E6%9D%89%E4%B8%A6%E5%8C%BA%E5%92%8C%E7%94%B03-62-3%20%EF%BC%91%EF%BC%A6,35.6973304,139.6614366,2018,うなぎ,unagi,
芳野屋,千葉県柏市東1-1-10,食べログ うなぎ 百名店 2018,https://tabelog.com/chiba/A1203/A120301/12016618/,https://yoyaku.tabelog.com/yoyaku/tabelog_booking/send_remind/,https://www.google.com/maps/search/?api=1&query=%E8%8A%B3%E9%87%8E%E5%B1%8B%20%E5%8D%83%E8%91%89%E7%9C%8C%E6%9F%8F%E5%B8%82%E6%9D%B11-1-10,35.8576245,139.9764074,2018,うなぎ,unagi,
神泉いちのや,東京都渋谷区神泉町20-22 神泉ハイツ 1F,食べログ うなぎ 百名店 2018,https://tabelog.com/tokyo/A1303/A130301/13004659/,https://yoyaku.tabelog.com/yoyaku/tabelog_booking/send_remind/,https://www.google.com/maps/search/?api=1&query=%E7%A5%9E%E6%B3%89%E3%81%84%E3%81%A1%E3%81%AE%E3%82%84%20%E6%9D%B1%E4%BA%AC%E9%83%BD%E6%B8%8B%E8%B0%B7%E5%8C%BA%E7%A5%9E%E6%B3%89%E7%94%BA20-22%20%E7%A5%9E%E6%B3%89%E3%83%8F%E3%82%A4%E3%83%84%201F,35.6570742,139.6914331,2018,うなぎ,unagi,
つきじ宮川本廛,東京都中央区築地1-4-6 宮川本店ビル,食べログ うなぎ 百名店 2018,https://tabelog.com/tokyo/A1313/A131301/13002304/,https://yoyaku.tabelog.com/yoyaku/tabelog_booking/send_remind/,https://www.google.com/maps/search/?api=1&query=%E3%81%A4%E3%81%8D%E3%81%98%E5%AE%AE%E5%B7%9D%E6%9C%AC%E5%BB%9B%20%E6%9D%B1%E4%BA%AC%E9%83%BD%E4%B8%AD%E5%A4%AE%E5%8C%BA%E7%AF%89%E5%9C%B01-4-6%20%E5%AE%AE%E5%B7%9D%E6%9C%AC%E5%BA%97%E3%83%93%E3%83%AB,35.6696290,139.7721713,2018,うなぎ,unagi,
鰻禅,東京都墨田区吾妻橋3-6-18,食べログ うなぎ 百名店 2018,https://tabelog.com/tokyo/A1312/A131203/13058979/,https://yoyaku.tabelog.com/yoyaku/tabelog_booking/send_remind/,https://www.google.com/maps/search/?api=1&query=%E9%B0%BB%E7%A6%85%20%E6%9D%B1%E4%BA%AC%E9%83%BD%E5%A2%A8%E7%94%B0%E5%8C%BA%E5%90%BE%E5%A6%BB%E6%A9%8B3-6-18,35.7088447,139.8057217,2018,うなぎ,unagi,
鰻専門店 愛川,東京都新宿区高田馬場1-17-22,食べログ うなぎ 百名店 2018,https://tabelog.com/tokyo/A1305/A130503/13029734/,https://yoyaku.tabelog.com/yoyaku/tabelog_booking/send_remind/,https://www.google.com/maps/search/?api=1&query=%E9%B0%BB%E5%B0%82%E9%96%80%E5%BA%97%20%E6%84%9B%E5%B7%9D%20%E6%9D%B1%E4%BA%AC%E9%83%BD%E6%96%B0%E5%AE%BF%E5%8C%BA%E9%AB%98%E7%94%B0%E9%A6%AC%E5%A0%B41-17-22,35.7113517,139.7075687,2018,うなぎ,unagi,
うなぎ 平八,東京都大田区田園調布2-50-2,食べログ うなぎ 百名店 2018,https://tabelog.com/tokyo/A1317/A131704/13017676/,https://yoyaku.tabelog.com/yoyaku/tabelog_booking/send_remind/,https://www.google.com/maps/search/?api=1&query=%E3%81%86%E3%81%AA%E3%81%8E%20%E5%B9%B3%E5%85%AB%20%E6%9D%B1%E4%BA%AC%E9%83%BD%E5%A4%A7%E7%94%B0%E5%8C%BA%E7%94%B0%E5%9C%92%E8%AA%BF%E5%B8%832-50-2,35.5971037,139.6677918,2018,うなぎ,unagi,
やしま,東京都台東区小島2-18-19,食べログ うなぎ 百名店 2018,https://tabelog.com/tokyo/A1311/A131101/13024325/,https://yoyaku.tabelog.com/yoyaku/tabelog_booking/send_remind/,https://www.google.com/maps/search/?api=1&query=%E3%82%84%E3%81%97%E3%81%BE%20%E6%9D%B1%E4%BA%AC%E9%83%BD%E5%8F%B0%E6%9D%B1%E5%8C%BA%E5%B0%8F%E5%B3%B62-18-19,35.7066309,139.7848108,2018,うなぎ,unagi,
初小川,東京都台東区雷門2-8-4,食べログ うなぎ 百名店 2018,https://tabelog.com/tokyo/A1311/A131102/13003702/,https://yoyaku.tabelog.com/yoyaku/tabelog_booking/send_remind/,https://www.google.com/maps/search/?api=1&query=%E5%88%9D%E5%B0%8F%E5%B7%9D%20%E6%9D%B1%E4%BA%AC%E9%83%BD%E5%8F%B0%E6%9D%B1%E5%8C%BA%E9%9B%B7%E9%96%802-8-4,35.7097639,139.7945365,2018,うなぎ,unagi,
川栄,東京都北区赤羽1-19-16,食べログ うなぎ 百名店 2018,https://tabelog.com/tokyo/A1323/A132305/13008753/,https://yoyaku.tabelog.com/yoyaku/tabelog_booking/send_remind/,https://www.google.com/maps/search/?api=1&query=%E5%B7%9D%E6%A0%84%20%E6%9D%B1%E4%BA%AC%E9%83%BD%E5%8C%97%E5%8C%BA%E8%B5%A4%E7%BE%BD1-19-16,35.7800869,139.7202007,2018,うなぎ,unagi,
うな藤,東京都杉並区今川4-8-7 グリーンパレス,食べログ うなぎ 百名店 2018,https://tabelog.com/tokyo/A1321/A132105/13001126/,https://tabelog.com/tokyo/A1321/A132105/13001126/?cid=google_yoyaku,https://www.google.com/maps/search/?api=1&query=%E3%81%86%E3%81%AA%E8%97%A4%20%E6%9D%B1%E4%BA%AC%E9%83%BD%E6%9D%89%E4%B8%A6%E5%8C%BA%E4%BB%8A%E5%B7%9D4-8-7%20%E3%82%B0%E3%83%AA%E3%83%BC%E3%83%B3%E3%83%91%E3%83%AC%E3%82%B9,35.7152906,139.5983102,2018,うなぎ,unagi,
天然うなぎ しま村,神奈川県横浜市港北区高田東3-4-11,食べログ うなぎ 百名店 2018,https://tabelog.com/kanagawa/A1401/A140204/14005241/,https://yoyaku.tabelog.com/yoyaku/tabelog_booking/send_remind/,https://www.google.com/maps/search/?api=1&query=%E5%A4%A9%E7%84%B6%E3%81%86%E3%81%AA%E3%81%8E%20%E3%81%97%E3%81%BE%E6%9D%91%20%E7%A5%9E%E5%A5%88%E5%B7%9D%E7%9C%8C%E6%A8%AA%E6%B5%9C%E5%B8%82%E6%B8%AF%E5%8C%97%E5%8C%BA%E9%AB%98%E7%94%B0%E6%9D%B13-4-11,35.5491420,139.6222463,2018,うなぎ,unagi,
明神下 神田川 本店,東京都千代田区外神田2-5-11,食べログ うなぎ 百名店 2018,https://tabelog.com/tokyo/A1310/A131002/13000346/,https://yoyaku.tabelog.com/yoyaku/tabelog_booking/send_remind/,https://www.google.com/maps/search/?api=1&query=%E6%98%8E%E7%A5%9E%E4%B8%8B%20%E7%A5%9E%E7%94%B0%E5%B7%9D%20%E6%9C%AC%E5%BA%97%20%E6%9D%B1%E4%BA%AC%E9%83%BD%E5%8D%83%E4%BB%A3%E7%94%B0%E5%8C%BA%E5%A4%96%E7%A5%9E%E7%94%B02-5-11,35.7003811,139.7689918,2018,うなぎ,unagi,
山の茶屋,東京都千代田区永田町2-10-6,食べログ うなぎ 百名店 2018,https://tabelog.com/tokyo/A1308/A130802/13002739/,https://yoyaku.tabelog.com/yoyaku/tabelog_booking/send_remind/,https://www.google.com/maps/search/?api=1&query=%E5%B1%B1%E3%81%AE%E8%8C%B6%E5%B1%8B%20%E6%9D%B1%E4%BA%AC%E9%83%BD%E5%8D%83%E4%BB%A3%E7%94%B0%E5%8C%BA%E6%B0%B8%E7%94%B0%E7%94%BA2-10-6,35.6753325,139.7400479,2018,うなぎ,unagi,
ひょうたん屋 1丁目店,東京都中央区銀座1-13-9 栄楽ビル　１Ｆ,食べログ うなぎ 百名店 2018,https://tabelog.com/tokyo/A1301/A130101/13002434/,https://yoyaku.tabelog.com/yoyaku/tabelog_booking/send_remind/,https://www.google.com/maps/search/?api=1&query=%E3%81%B2%E3%82%87%E3%81%86%E3%81%9F%E3%82%93%E5%B1%8B%201%E4%B8%81%E7%9B%AE%E5%BA%97%20%E6%9D%B1%E4%BA%AC%E9%83%BD%E4%B8%AD%E5%A4%AE%E5%8C%BA%E9%8A%80%E5%BA%A71-13-9%20%E6%A0%84%E6%A5%BD%E3%83%93%E3%83%AB%E3%80%80%EF%BC%91%EF%BC%A6,35.6731882,139.7692889,2018,うなぎ,unagi,
うな平,神奈川県藤沢市辻堂東海岸2-2-8,食べログ うなぎ 百名店 2018,https://tabelog.com/kanagawa/A1404/A140404/14002103/,https://yoyaku.tabelog.com/yoyaku/tabelog_booking/send_remind/,https://www.google.com/maps/search/?api=1&query=%E3%81%86%E3%81%AA%E5%B9%B3%20%E7%A5%9E%E5%A5%88%E5%B7%9D%E7%9C%8C%E8%97%A4%E6%B2%A2%E5%B8%82%E8%BE%BB%E5%A0%82%E6%9D%B1%E6%B5%B7%E5%B2%B82-2-8,35.3241566,139.4581619,2018,うなぎ,unagi,
うなぎ川勢,東京都千代田区富士見1-7-5 富士見ヒルズ １Ｆ,食べログ うなぎ 百名店 2018,https://tabelog.com/tokyo/A1309/A130905/13035338/,https://tabelog.com/tokyo/A1309/A130905/13035338/?cid=google_yoyaku,https://www.google.com/maps/search/?api=1&query=%E3%81%86%E3%81%AA%E3%81%8E%E5%B7%9D%E5%8B%A2%20%E6%9D%B1%E4%BA%AC%E9%83%BD%E5%8D%83%E4%BB%A3%E7%94%B0%E5%8C%BA%E5%AF%8C%E5%A3%AB%E8%A6%8B1-7-5%20%E5%AF%8C%E5%A3%AB%E8%A6%8B%E3%83%92%E3%83%AB%E3%82%BA%20%EF%BC%91%EF%BC%A6,35.6987014,139.7457329,2018,うなぎ,unagi,
かぶと,東京都豊島区池袋2-53-2 池袋ESビル 1F,食べログ うなぎ 百名店 2018,https://tabelog.com/tokyo/A1305/A130501/13016660/,https://yoyaku.tabelog.com/yoyaku/tabelog_booking/send_remind/,https://www.google.com/maps/search/?api=1&query=%E3%81%8B%E3%81%B6%E3%81%A8%20%E6%9D%B1%E4%BA%AC%E9%83%BD%E8%B1%8A%E5%B3%B6%E5%8C%BA%E6%B1%A0%E8%A2%8B2-53-2%20%E6%B1%A0%E8%A2%8BES%E3%83%93%E3%83%AB%201F,35.7337640,139.7090415,2018,うなぎ,unagi,
入谷鬼子母神門前のだや,東京都台東区下谷2-3-1,食べログ うなぎ 百名店 2018,https://tabelog.com/tokyo/A1311/A131104/13152282/,https://tabelog.com/tokyo/A1311/A131104/13152282/?cid=google_yoyaku,https://www.google.com/maps/search/?api=1&query=%E5%85%A5%E8%B0%B7%E9%AC%BC%E5%AD%90%E6%AF%8D%E7%A5%9E%E9%96%80%E5%89%8D%E3%81%AE%E3%81%A0%E3%82%84%20%E6%9D%B1%E4%BA%AC%E9%83%BD%E5%8F%B0%E6%9D%B1%E5%8C%BA%E4%B8%8B%E8%B0%B72-3-1,35.7202956,139.7830919,2018,うなぎ,unagi,
鈴木,東京都調布市布田1-50-1 マートルコート調布第３,食べログ うなぎ 百名店 2018,https://tabelog.com/tokyo/A1326/A132601/13005981/,https://yoyaku.tabelog.com/yoyaku/tabelog_booking/send_remind/,https://www.google.com/maps/search/?api=1&query=%E9%88%B4%E6%9C%A8%20%E6%9D%B1%E4%BA%AC%E9%83%BD%E8%AA%BF%E5%B8%83%E5%B8%82%E5%B8%83%E7%94%B01-50-1%20%E3%83%9E%E3%83%BC%E3%83%88%E3%83%AB%E3%82%B3%E3%83%BC%E3%83%88%E8%AA%BF%E5%B8%83%E7%AC%AC%EF%BC%93,35.6517184,139.5464561,2018,うなぎ,unagi,
川勢,東京都杉並区上荻1-6-11,食べログ うなぎ 百名店 2018,https://tabelog.com/tokyo/A1319/A131906/13001104/,https://yoyaku.tabelog.com/yoyaku/tabelog_booking/send_remind/,https://www.google.com/maps/search/?api=1&query=%E5%B7%9D%E5%8B%A2%20%E6%9D%B1%E4%BA%AC%E9%83%BD%E6%9D%89%E4%B8%A6%E5%8C%BA%E4%B8%8A%E8%8D%BB1-6-11,35.7050179,139.6215082,2018,うなぎ,unagi,
小暮や,千葉県我孫子市天王台4-2-22 マンション　１Ｆ,食べログ うなぎ 百名店 2018,https://tabelog.com/chiba/A1203/A120304/12000292/,https://yoyaku.tabelog.com/yoyaku/tabelog_booking/send_remind/,https://www.google.com/maps/search/?api=1&query=%E5%B0%8F%E6%9A%AE%E3%82%84%20%E5%8D%83%E8%91%89%E7%9C%8C%E6%88%91%E5%AD%AB%E5%AD%90%E5%B8%82%E5%A4%A9%E7%8E%8B%E5%8F%B04-2-22%20%E3%83%9E%E3%83%B3%E3%82%B7%E3%83%A7%E3%83%B3%E3%80%80%EF%BC%91%EF%BC%A6,35.8724303,140.0376184,2018,うなぎ,unagi,
ぬりや 泉町大通り,茨城県水戸市泉町3-1-31,食べログ うなぎ 百名店 2018,https://tabelog.com/ibaraki/A0801/A080101/8001191/,https://yoyaku.tabelog.com/yoyaku/tabelog_booking/send_remind/,https://www.google.com/maps/search/?api=1&query=%E3%81%AC%E3%82%8A%E3%82%84%20%E6%B3%89%E7%94%BA%E5%A4%A7%E9%80%9A%E3%82%8A%20%E8%8C%A8%E5%9F%8E%E7%9C%8C%E6%B0%B4%E6%88%B8%E5%B8%82%E6%B3%89%E7%94%BA3-1-31,36.3791654,140.4619102,2018,うなぎ,unagi,
うなぎ亭 友栄,神奈川県小田原市風祭122,食べログ うなぎ 百名店 2018,https://tabelog.com/kanagawa/A1410/A141001/14001626/,https://yoyaku.tabelog.com/yoyaku/tabelog_booking/send_remind/,https://www.google.com/maps/search/?api=1&query=%E3%81%86%E3%81%AA%E3%81%8E%E4%BA%AD%20%E5%8F%8B%E6%A0%84%20%E7%A5%9E%E5%A5%88%E5%B7%9D%E7%9C%8C%E5%B0%8F%E7%94%B0%E5%8E%9F%E5%B8%82%E9%A2%A8%E7%A5%AD122,35.2433316,139.1262486,2018,うなぎ,unagi,
尾花,東京都荒川区南千住5-33-1,食べログ うなぎ 百名店 2018,https://tabelog.com/tokyo/A1324/A132401/13003509/,https://yoyaku.tabelog.com/yoyaku/tabelog_booking/send_remind/,https://www.google.com/maps/search/?api=1&query=%E5%B0%BE%E8%8A%B1%20%E6%9D%B1%E4%BA%AC%E9%83%BD%E8%8D%92%E5%B7%9D%E5%8C%BA%E5%8D%97%E5%8D%83%E4%BD%8F5-33-1,35.7316368,139.7969008,2018,うなぎ,unagi,
うなぎ秋本,東京都千代田区麹町3-4-4,食べログ うなぎ 百名店 2018,https://tabelog.com/tokyo/A1308/A130803/13000415/,https://yoyaku.tabelog.com/yoyaku/tabelog_booking/send_remind/,https://www.google.com/maps/search/?api=1&query=%E3%81%86%E3%81%AA%E3%81%8E%E7%A7%8B%E6%9C%AC%20%E6%9D%B1%E4%BA%AC%E9%83%BD%E5%8D%83%E4%BB%A3%E7%94%B0%E5%8C%BA%E9%BA%B9%E7%94%BA3-4-4,35.6847245,139.7374739,2018,うなぎ,unagi,
うなぎ 浜名,埼玉県さいたま市浦和区仲町2-9-2 インフィニティうらわ　１Ｆ,食べログ うなぎ 百名店 2018,https://tabelog.com/saitama/A1101/A110102/11003229/,https://yoyaku.tabelog.com/yoyaku/tabelog_booking/send_remind/,https://www.google.com/maps/search/?api=1&query=%E3%81%86%E3%81%AA%E3%81%8E%20%E6%B5%9C%E5%90%8D%20%E5%9F%BC%E7%8E%89%E7%9C%8C%E3%81%95%E3%81%84%E3%81%9F%E3%81%BE%E5%B8%82%E6%B5%A6%E5%92%8C%E5%8C%BA%E4%BB%B2%E7%94%BA2-9-2%20%E3%82%A4%E3%83%B3%E3%83%95%E3%82%A3%E3%83%8B%E3%83%86%E3%82%A3%E3%81%86%E3%82%89%E3%82%8F%E3%80%80%EF%BC%91%EF%BC%A6,35.8610819,139.6516166,2018,うなぎ,unagi,
うなぎ 赤坂 勢きね,東京都港区赤坂9-1-7 赤坂レジデンシャルホテル　１Ｆ,食べログ うなぎ 百名店 2018,https://tabelog.com/tokyo/A1307/A130701/13039787/,https://yoyaku.tabelog.com/yoyaku/tabelog_booking/send_remind/,https://www.google.com/maps/search/?api=1&query=%E3%81%86%E3%81%AA%E3%81%8E%20%E8%B5%A4%E5%9D%82%20%E5%8B%A2%E3%81%8D%E3%81%AD%20%E6%9D%B1%E4%BA%AC%E9%83%BD%E6%B8%AF%E5%8C%BA%E8%B5%A4%E5%9D%829-1-7%20%E8%B5%A4%E5%9D%82%E3%83%AC%E3%82%B8%E3%83%87%E3%83%B3%E3%82%B7%E3%83%A3%E3%83%AB%E3%83%9B%E3%83%86%E3%83%AB%E3%80%80%EF%BC%91%EF%BC%A6,35.6679466,139.7326944,2018,うなぎ,unagi,
安斎,東京都杉並区荻窪4-12-16,食べログ うなぎ 百名店 2018,https://tabelog.com/tokyo/A1319/A131906/13001105/,https://yoyaku.tabelog.com/yoyaku/tabelog_booking/send_remind/,https://www.google.com/maps/search/?api=1&query=%E5%AE%89%E6%96%8E%20%E6%9D%B1%E4%BA%AC%E9%83%BD%E6%9D%89%E4%B8%A6%E5%8C%BA%E8%8D%BB%E7%AA%AA4-12-16,35.7018584,139.6205072,2018,うなぎ,unagi,
うなぎ割烹山田,千葉県香取市佐原イ457,食べログ うなぎ 百名店 2018,https://tabelog.com/chiba/A1204/A120404/12000489/,https://yoyaku.tabelog.com/yoyaku/tabelog_booking/send_remind/,https://www.google.com/maps/search/?api=1&query=%E3%81%86%E3%81%AA%E3%81%8E%E5%89%B2%E7%83%B9%E5%B1%B1%E7%94%B0%20%E5%8D%83%E8%91%89%E7%9C%8C%E9%A6%99%E5%8F%96%E5%B8%82%E4%BD%90%E5%8E%9F%E3%82%A4457,35.8923675,140.4974194,2018,うなぎ,unagi,
うなぎ 魚政,東京都葛飾区東四ツ木4-14-4,食べログ うなぎ 百名店 2018,https://tabelog.com/tokyo/A1324/A132403/13035339/,https://tabelog.com/tokyo/A1324/A132403/13035339/?cid=google_yoyaku,https://www.google.com/maps/search/?api=1&query=%E3%81%86%E3%81%AA%E3%81%8E%20%E9%AD%9A%E6%94%BF%20%E6%9D%B1%E4%BA%AC%E9%83%BD%E8%91%9B%E9%A3%BE%E5%8C%BA%E6%9D%B1%E5%9B%9B%E3%83%84%E6%9C%A84-14-4,35.7320863,139.8355548,2018,うなぎ,unagi,
鰻家,東京都豊島区南長崎5-18-17,食べログ うなぎ 百名店 2018,https://tabelog.com/tokyo/A1321/A132101/13012445/,https://yoyaku.tabelog.com/yoyaku/tabelog_booking/send_remind/,https://www.google.com/maps/search/?api=1&query=%E9%B0%BB%E5%AE%B6%20%E6%9D%B1%E4%BA%AC%E9%83%BD%E8%B1%8A%E5%B3%B6%E5%8C%BA%E5%8D%97%E9%95%B7%E5%B4%8E5-18-17,35.7280648,139.6822725,2018,うなぎ,unagi,
八べえ,東京都江東区亀戸3-2-8 斉魯ビル 1F,食べログ うなぎ 百名店 2018,https://tabelog.com/tokyo/A1312/A131202/13056800/,https://tabelog.com/tokyo/A1312/A131202/13056800/?cid=google_yoyaku,https://www.google.com/maps/search/?api=1&query=%E5%85%AB%E3%81%B9%E3%81%88%20%E6%9D%B1%E4%BA%AC%E9%83%BD%E6%B1%9F%E6%9D%B1%E5%8C%BA%E4%BA%80%E6%88%B83-2-8%20%E6%96%89%E9%AD%AF%E3%83%93%E3%83%AB%201F,35.7018475,139.8207090,2018,うなぎ,unagi,
石ばし,東京都文京区水道2-4-29,食べログ うなぎ 百名店 2018,https://tabelog.com/tokyo/A1309/A130905/13003531/,https://yoyaku.tabelog.com/yoyaku/tabelog_booking/send_remind/,https://www.google.com/maps/search/?api=1&query=%E7%9F%B3%E3%81%B0%E3%81%97%20%E6%9D%B1%E4%BA%AC%E9%83%BD%E6%96%87%E4%BA%AC%E5%8C%BA%E6%B0%B4%E9%81%932-4-29,35.7092814,139.7384767,2018,うなぎ,unagi,
川蝉,栃木県宇都宮市大通り5-1-19,食べログ うなぎ 百名店 2018,https://tabelog.com/tochigi/A0901/A090101/9000024/,https://yoyaku.tabelog.com/yoyaku/tabelog_booking/send_remind/,https://www.google.com/maps/search/?api=1&query=%E5%B7%9D%E8%9D%89%20%E6%A0%83%E6%9C%A8%E7%9C%8C%E5%AE%87%E9%83%BD%E5%AE%AE%E5%B8%82%E5%A4%A7%E9%80%9A%E3%82%8A5-1-19,36.5613549,139.8921114,2018,うなぎ,unagi,
はし本,東京都文京区水道2-5-7,食べログ うなぎ 百名店 2018,https://tabelog.com/tokyo/A1309/A130905/13018616/,https://yoyaku.tabelog.com/yoyaku/tabelog_booking/send_remind/,https://www.google.com/maps/search/?api=1&query=%E3%81%AF%E3%81%97%E6%9C%AC%20%E6%9D%B1%E4%BA%AC%E9%83%BD%E6%96%87%E4%BA%AC%E5%8C%BA%E6%B0%B4%E9%81%932-5-7,35.7093662,139.7363541,2018,うなぎ,unagi,
鰻 むさし乃,埼玉県さいたま市浦和区東高砂町8-3 1F,食べログ うなぎ 百名店 2018,https://tabelog.com/saitama/A1101/A110102/11003959/,https://yoyaku.tabelog.com/yoyaku/tabelog_booking/send_remind/,https://www.google.com/maps/search/?api=1&query=%E9%B0%BB%20%E3%82%80%E3%81%95%E3%81%97%E4%B9%83%20%E5%9F%BC%E7%8E%89%E7%9C%8C%E3%81%95%E3%81%84%E3%81%9F%E3%81%BE%E5%B8%82%E6%B5%A6%E5%92%8C%E5%8C%BA%E6%9D%B1%E9%AB%98%E7%A0%82%E7%94%BA8-3%201F,35.8572914,139.6601042,2018,うなぎ,unagi,
一二三本店,東京都世田谷区若林4-24-15,食べログ うなぎ 百名店 2018,https://tabelog.com/tokyo/A1317/A131709/13013099/,https://yoyaku.tabelog.com/yoyaku/tabelog_booking/send_remind/,https://www.google.com/maps/search/?api=1&query=%E4%B8%80%E4%BA%8C%E4%B8%89%E6%9C%AC%E5%BA%97%20%E6%9D%B1%E4%BA%AC%E9%83%BD%E4%B8%96%E7%94%B0%E8%B0%B7%E5%8C%BA%E8%8B%A5%E6%9E%974-24-15,35.6452285,139.6553717,2018,うなぎ,unagi,
鳥常本店,栃木県足利市通1-2686,食べログ うなぎ 百名店 2018,https://tabelog.com/tochigi/A0902/A090202/9006284/,https://yoyaku.tabelog.com/yoyaku/tabelog_booking/send_remind/,https://www.google.com/maps/search/?api=1&query=%E9%B3%A5%E5%B8%B8%E6%9C%AC%E5%BA%97%20%E6%A0%83%E6%9C%A8%E7%9C%8C%E8%B6%B3%E5%88%A9%E5%B8%82%E9%80%9A1-2686,36.3333105,139.4530607,2018,うなぎ,unagi,
活鰻の店 つぐみ庵,東京都北区中里1-29-1,食べログ うなぎ 百名店 2018,https://tabelog.com/tokyo/A1323/A132301/13080463/,https://yoyaku.tabelog.com/yoyaku/tabelog_booking/send_remind/,https://www.google.com/maps/search/?api=1&query=%E6%B4%BB%E9%B0%BB%E3%81%AE%E5%BA%97%20%E3%81%A4%E3%81%90%E3%81%BF%E5%BA%B5%20%E6%9D%B1%E4%BA%AC%E9%83%BD%E5%8C%97%E5%8C%BA%E4%B8%AD%E9%87%8C1-29-1,35.7379166,139.7527582,2018,うなぎ,unagi,
御食事処 スズキ,神奈川県横浜市港北区篠原町2803,食べログ うなぎ 百名店 2018,https://tabelog.com/kanagawa/A1401/A140206/14010819/,https://yoyaku.tabelog.com/yoyaku/tabelog_booking/send_remind/,https://www.google.com/maps/search/?api=1&query=%E5%BE%A1%E9%A3%9F%E4%BA%8B%E5%87%A6%20%E3%82%B9%E3%82%BA%E3%82%AD%20%E7%A5%9E%E5%A5%88%E5%B7%9D%E7%9C%8C%E6%A8%AA%E6%B5%9C%E5%B8%82%E6%B8%AF%E5%8C%97%E5%8C%BA%E7%AF%A0%E5%8E%9F%E7%94%BA2803,35.5070852,139.6215557,2018,うなぎ,unagi,
