Name,Address,Description,Website,Tabelog Reservation URL,Google Maps URL,Latitude,Longitude,Year,Genre,Genre Slug,Release Date
韓国食堂 入ル,大阪府大阪市福島区福島3-8-10,食べログ アジア・エスニック WEST 百名店 2022,https://tabelog.com/osaka/A2701/A270108/27076081/,,https://www.google.com/maps/search/?api=1&query=%E9%9F%93%E5%9B%BD%E9%A3%9F%E5%A0%82%20%E5%85%A5%E3%83%AB%20%E5%A4%A7%E9%98%AA%E5%BA%9C%E5%A4%A7%E9%98%AA%E5%B8%82%E7%A6%8F%E5%B3%B6%E5%8C%BA%E7%A6%8F%E5%B3%B63-8-10,34.6935155,135.4855127,2022,アジア・エスニック WEST,asia_ethnic_west,発表日：2022年7月26日
アリーズ キッチン,大阪府大阪市中央区心斎橋筋1-10-12 トレスビル B1F,食べログ アジア・エスニック WEST 百名店 2022,https://tabelog.com/osaka/A2701/A270201/27045608/,https://tabelog.com/osaka/A2701/A270201/27045608/?cid=google_yoyaku,https://www.google.com/maps/search/?api=1&query=%E3%82%A2%E3%83%AA%E3%83%BC%E3%82%BA%20%E3%82%AD%E3%83%83%E3%83%81%E3%83%B3%20%E5%A4%A7%E9%98%AA%E5%BA%9C%E5%A4%A7%E9%98%AA%E5%B8%82%E4%B8%AD%E5%A4%AE%E5%8C%BA%E5%BF%83%E6%96%8E%E6%A9%8B%E7%AD%8B1-10-12%20%E3%83%88%E3%83%AC%E3%82%B9%E3%83%93%E3%83%AB%20B1F,34.6748084,135.5009484,2022,アジア・エスニック WEST,asia_ethnic_west,発表日：2022年7月26日
旅人シェフのタイ食堂 KHAO,大阪府大阪市北区天神橋6-2-5,食べログ アジア・エスニック WEST 百名店 2022,https://tabelog.com/osaka/A2701/A270103/27114772/,,https://www.google.com/maps/search/?api=1&query=%E6%97%85%E4%BA%BA%E3%82%B7%E3%82%A7%E3%83%95%E3%81%AE%E3%82%BF%E3%82%A4%E9%A3%9F%E5%A0%82%20KHAO%20%E5%A4%A7%E9%98%AA%E5%BA%9C%E5%A4%A7%E9%98%AA%E5%B8%82%E5%8C%97%E5%8C%BA%E5%A4%A9%E7%A5%9E%E6%A9%8B6-2-5,34.7089220,135.5118968,2022,アジア・エスニック WEST,asia_ethnic_west,発表日：2022年7月26日
チャイチャイ,大阪府大阪市西区南堀江3-2-12,食べログ アジア・エスニック WEST 百名店 2022,https://tabelog.com/osaka/A2701/A270206/27083373/,,https://www.google.com/maps/search/?api=1&query=%E3%83%81%E3%83%A3%E3%82%A4%E3%83%81%E3%83%A3%E3%82%A4%20%E5%A4%A7%E9%98%AA%E5%BA%9C%E5%A4%A7%E9%98%AA%E5%B8%82%E8%A5%BF%E5%8C%BA%E5%8D%97%E5%A0%80%E6%B1%9F3-2-12,34.6719393,135.4894415,2022,アジア・エスニック WEST,asia_ethnic_west,発表日：2022年7月26日
大阪ハラールレストラン,大阪府大阪市西淀川区大和田4-13-2,食べログ アジア・エスニック WEST 百名店 2022,https://tabelog.com/osaka/A2701/A270407/27072992/,,https://www.google.com/maps/search/?api=1&query=%E5%A4%A7%E9%98%AA%E3%83%8F%E3%83%A9%E3%83%BC%E3%83%AB%E3%83%AC%E3%82%B9%E3%83%88%E3%83%A9%E3%83%B3%20%E5%A4%A7%E9%98%AA%E5%BA%9C%E5%A4%A7%E9%98%AA%E5%B8%82%E8%A5%BF%E6%B7%80%E5%B7%9D%E5%8C%BA%E5%A4%A7%E5%92%8C%E7%94%B04-13-2,34.7084995,135.4448316,2022,アジア・エスニック WEST,asia_ethnic_west,発表日：2022年7月26日
天太,大阪府大阪市北区曽根崎新地,食べログ アジア・エスニック WEST 百名店 2022,https://tabelog.com/osaka/A2701/A270101/27113322/,,https://www.google.com/maps/search/?api=1&query=%E5%A4%A9%E5%A4%AA%20%E5%A4%A7%E9%98%AA%E5%BA%9C%E5%A4%A7%E9%98%AA%E5%B8%82%E5%8C%97%E5%8C%BA%E6%9B%BD%E6%A0%B9%E5%B4%8E%E6%96%B0%E5%9C%B0,0.0000000,0.0000000,2022,アジア・エスニック WEST,asia_ethnic_west,発表日：2022年7月26日
タイ料理 Sweet Basil,大阪府大阪市北区大淀南1-11-9 2F,食べログ アジア・エスニック WEST 百名店 2022,https://tabelog.com/osaka/A2701/A270101/27007933/,https://tabelog.com/osaka/A2701/A270101/27007933/?cid=google_yoyaku,https://www.google.com/maps/search/?api=1&query=%E3%82%BF%E3%82%A4%E6%96%99%E7%90%86%20Sweet%20Basil%20%E5%A4%A7%E9%98%AA%E5%BA%9C%E5%A4%A7%E9%98%AA%E5%B8%82%E5%8C%97%E5%8C%BA%E5%A4%A7%E6%B7%80%E5%8D%971-11-9%202F,34.7015232,135.4875280,2022,アジア・エスニック WEST,asia_ethnic_west,発表日：2022年7月26日
イスタンブール・サライ,京都府京都市中京区河原町通三条上ル恵比須町534-28 松木ビル　３Ｆ,食べログ アジア・エスニック WEST 百名店 2022,https://tabelog.com/kyoto/A2601/A260202/26002357/,https://tabelog.com/kyoto/A2601/A260202/26002357/?cid=google_yoyaku,https://www.google.com/maps/search/?api=1&query=%E3%82%A4%E3%82%B9%E3%82%BF%E3%83%B3%E3%83%96%E3%83%BC%E3%83%AB%E3%83%BB%E3%82%B5%E3%83%A9%E3%82%A4%20%E4%BA%AC%E9%83%BD%E5%BA%9C%E4%BA%AC%E9%83%BD%E5%B8%82%E4%B8%AD%E4%BA%AC%E5%8C%BA%E6%B2%B3%E5%8E%9F%E7%94%BA%E9%80%9A%E4%B8%89%E6%9D%A1%E4%B8%8A%E3%83%AB%E6%81%B5%E6%AF%94%E9%A0%88%E7%94%BA534-28%20%E6%9D%BE%E6%9C%A8%E3%83%93%E3%83%AB%E3%80%80%EF%BC%93%EF%BC%A6,35.0095504,135.7694679,2022,アジア・エスニック WEST,asia_ethnic_west,発表日：2022年7月26日
チェディルアン 北堀江本店,大阪府大阪市西区北堀江1-17-11,食べログ アジア・エスニック WEST 百名店 2022,https://tabelog.com/osaka/A2701/A270201/27002716/,https://tabelog.com/osaka/A2701/A270201/27002716/?cid=google_yoyaku,https://www.google.com/maps/search/?api=1&query=%E3%83%81%E3%82%A7%E3%83%87%E3%82%A3%E3%83%AB%E3%82%A2%E3%83%B3%20%E5%8C%97%E5%A0%80%E6%B1%9F%E6%9C%AC%E5%BA%97%20%E5%A4%A7%E9%98%AA%E5%BA%9C%E5%A4%A7%E9%98%AA%E5%B8%82%E8%A5%BF%E5%8C%BA%E5%8C%97%E5%A0%80%E6%B1%9F1-17-11,34.6741923,135.4945283,2022,アジア・エスニック WEST,asia_ethnic_west,発表日：2022年7月26日
ぶはら,兵庫県神戸市東灘区岡本1-4-5 マナ岡本ビル　２Ｆ,食べログ アジア・エスニック WEST 百名店 2022,https://tabelog.com/hyogo/A2801/A280105/28000646/,,https://www.google.com/maps/search/?api=1&query=%E3%81%B6%E3%81%AF%E3%82%89%20%E5%85%B5%E5%BA%AB%E7%9C%8C%E7%A5%9E%E6%88%B8%E5%B8%82%E6%9D%B1%E7%81%98%E5%8C%BA%E5%B2%A1%E6%9C%AC1-4-5%20%E3%83%9E%E3%83%8A%E5%B2%A1%E6%9C%AC%E3%83%93%E3%83%AB%E3%80%80%EF%BC%92%EF%BC%A6,34.7272626,135.2754884,2022,アジア・エスニック WEST,asia_ethnic_west,発表日：2022年7月26日
アリズ ハラール キッチン,兵庫県神戸市中央区中山手通1-20-14 大塚ビル 1F,食べログ アジア・エスニック WEST 百名店 2022,https://tabelog.com/hyogo/A2801/A280101/28047078/,https://tabelog.com/hyogo/A2801/A280101/28047078/?cid=google_yoyaku,https://www.google.com/maps/search/?api=1&query=%E3%82%A2%E3%83%AA%E3%82%BA%20%E3%83%8F%E3%83%A9%E3%83%BC%E3%83%AB%20%E3%82%AD%E3%83%83%E3%83%81%E3%83%B3%20%E5%85%B5%E5%BA%AB%E7%9C%8C%E7%A5%9E%E6%88%B8%E5%B8%82%E4%B8%AD%E5%A4%AE%E5%8C%BA%E4%B8%AD%E5%B1%B1%E6%89%8B%E9%80%9A1-20-14%20%E5%A4%A7%E5%A1%9A%E3%83%93%E3%83%AB%201F,34.6984691,135.1924802,2022,アジア・エスニック WEST,asia_ethnic_west,発表日：2022年7月26日
スパイス食堂 ニッキ,大阪府大阪市西区立売堀1-8-6 星和シティビル本町西 101,食べログ アジア・エスニック WEST 百名店 2022,https://tabelog.com/osaka/A2701/A270106/27093085/,,https://www.google.com/maps/search/?api=1&query=%E3%82%B9%E3%83%91%E3%82%A4%E3%82%B9%E9%A3%9F%E5%A0%82%20%E3%83%8B%E3%83%83%E3%82%AD%20%E5%A4%A7%E9%98%AA%E5%BA%9C%E5%A4%A7%E9%98%AA%E5%B8%82%E8%A5%BF%E5%8C%BA%E7%AB%8B%E5%A3%B2%E5%A0%801-8-6%20%E6%98%9F%E5%92%8C%E3%82%B7%E3%83%86%E3%82%A3%E3%83%93%E3%83%AB%E6%9C%AC%E7%94%BA%E8%A5%BF%20101,34.6797948,135.4956285,2022,アジア・エスニック WEST,asia_ethnic_west,発表日：2022年7月26日
亜州食堂 チョウク,大阪府大阪市福島区福島2-4-17,食べログ アジア・エスニック WEST 百名店 2022,https://tabelog.com/osaka/A2701/A270108/27015360/,https://tabelog.com/osaka/A2701/A270108/27015360/?cid=google_yoyaku,https://www.google.com/maps/search/?api=1&query=%E4%BA%9C%E5%B7%9E%E9%A3%9F%E5%A0%82%20%E3%83%81%E3%83%A7%E3%82%A6%E3%82%AF%20%E5%A4%A7%E9%98%AA%E5%BA%9C%E5%A4%A7%E9%98%AA%E5%B8%82%E7%A6%8F%E5%B3%B6%E5%8C%BA%E7%A6%8F%E5%B3%B62-4-17,34.6933076,135.4862559,2022,アジア・エスニック WEST,asia_ethnic_west,発表日：2022年7月26日
ラサ ボジュン,大阪府大阪市中央区内平野町3-3-2 恵美須ビルB1F,食べログ アジア・エスニック WEST 百名店 2022,https://tabelog.com/osaka/A2701/A270102/27090304/,https://tabelog.com/osaka/A2701/A270102/27090304/?cid=google_yoyaku,https://www.google.com/maps/search/?api=1&query=%E3%83%A9%E3%82%B5%20%E3%83%9C%E3%82%B8%E3%83%A5%E3%83%B3%20%E5%A4%A7%E9%98%AA%E5%BA%9C%E5%A4%A7%E9%98%AA%E5%B8%82%E4%B8%AD%E5%A4%AE%E5%8C%BA%E5%86%85%E5%B9%B3%E9%87%8E%E7%94%BA3-3-2%20%E6%81%B5%E7%BE%8E%E9%A0%88%E3%83%93%E3%83%ABB1F,34.6873815,135.5100869,2022,アジア・エスニック WEST,asia_ethnic_west,発表日：2022年7月26日
カンティプール 天五店,大阪府大阪市北区黒崎町7-13,食べログ アジア・エスニック WEST 百名店 2022,https://tabelog.com/osaka/A2701/A270103/27000526/,,https://www.google.com/maps/search/?api=1&query=%E3%82%AB%E3%83%B3%E3%83%86%E3%82%A3%E3%83%97%E3%83%BC%E3%83%AB%20%E5%A4%A9%E4%BA%94%E5%BA%97%20%E5%A4%A7%E9%98%AA%E5%BA%9C%E5%A4%A7%E9%98%AA%E5%B8%82%E5%8C%97%E5%8C%BA%E9%BB%92%E5%B4%8E%E7%94%BA7-13,34.7077975,135.5095589,2022,アジア・エスニック WEST,asia_ethnic_west,発表日：2022年7月26日
バルバッコア 梅田店,大阪府大阪市北区梅田2-2-22 ハービスプラザエント 5F,食べログ アジア・エスニック WEST 百名店 2022,https://tabelog.com/osaka/A2701/A270101/27084453/,,https://www.google.com/maps/search/?api=1&query=%E3%83%90%E3%83%AB%E3%83%90%E3%83%83%E3%82%B3%E3%82%A2%20%E6%A2%85%E7%94%B0%E5%BA%97%20%E5%A4%A7%E9%98%AA%E5%BA%9C%E5%A4%A7%E9%98%AA%E5%B8%82%E5%8C%97%E5%8C%BA%E6%A2%85%E7%94%B02-2-22%20%E3%83%8F%E3%83%BC%E3%83%93%E3%82%B9%E3%83%97%E3%83%A9%E3%82%B6%E3%82%A8%E3%83%B3%E3%83%88%205F,34.6997634,135.4947778,2022,アジア・エスニック WEST,asia_ethnic_west,発表日：2022年7月26日
チェディルアン 淀屋橋,大阪府大阪市中央区北浜4-7-28 住友ビル2号館,食べログ アジア・エスニック WEST 百名店 2022,https://tabelog.com/osaka/A2701/A270102/27067234/,https://tabelog.com/osaka/A2701/A270102/27067234/?cid=google_yoyaku,https://www.google.com/maps/search/?api=1&query=%E3%83%81%E3%82%A7%E3%83%87%E3%82%A3%E3%83%AB%E3%82%A2%E3%83%B3%20%E6%B7%80%E5%B1%8B%E6%A9%8B%20%E5%A4%A7%E9%98%AA%E5%BA%9C%E5%A4%A7%E9%98%AA%E5%B8%82%E4%B8%AD%E5%A4%AE%E5%8C%BA%E5%8C%97%E6%B5%9C4-7-28%20%E4%BD%8F%E5%8F%8B%E3%83%93%E3%83%AB2%E5%8F%B7%E9%A4%A8,34.6914328,135.4981256,2022,アジア・エスニック WEST,asia_ethnic_west,発表日：2022年7月26日
インド食堂TADKA,京都府京都市中京区押小路通高倉西入左京町138 バインオーククリビア 1F,食べログ アジア・エスニック WEST 百名店 2022,https://tabelog.com/kyoto/A2601/A260202/26019333/,,https://www.google.com/maps/search/?api=1&query=%E3%82%A4%E3%83%B3%E3%83%89%E9%A3%9F%E5%A0%82TADKA%20%E4%BA%AC%E9%83%BD%E5%BA%9C%E4%BA%AC%E9%83%BD%E5%B8%82%E4%B8%AD%E4%BA%AC%E5%8C%BA%E6%8A%BC%E5%B0%8F%E8%B7%AF%E9%80%9A%E9%AB%98%E5%80%89%E8%A5%BF%E5%85%A5%E5%B7%A6%E4%BA%AC%E7%94%BA138%20%E3%83%90%E3%82%A4%E3%83%B3%E3%82%AA%E3%83%BC%E3%82%AF%E3%82%AF%E3%83%AA%E3%83%93%E3%82%A2%201F,35.0122901,135.7620360,2022,アジア・エスニック WEST,asia_ethnic_west,発表日：2022年7月26日
パリワール,奈良県生駒市小明町155-4,食べログ アジア・エスニック WEST 百名店 2022,https://tabelog.com/nara/A2902/A290201/29008028/,,https://www.google.com/maps/search/?api=1&query=%E3%83%91%E3%83%AA%E3%83%AF%E3%83%BC%E3%83%AB%20%E5%A5%88%E8%89%AF%E7%9C%8C%E7%94%9F%E9%A7%92%E5%B8%82%E5%B0%8F%E6%98%8E%E7%94%BA155-4,34.7109244,135.7050704,2022,アジア・エスニック WEST,asia_ethnic_west,発表日：2022年7月26日
韓国食堂 入ル ゴショミナミ,京都府京都市中京区金吹町478,食べログ アジア・エスニック WEST 百名店 2022,https://tabelog.com/kyoto/A2601/A260202/26034228/,,https://www.google.com/maps/search/?api=1&query=%E9%9F%93%E5%9B%BD%E9%A3%9F%E5%A0%82%20%E5%85%A5%E3%83%AB%20%E3%82%B4%E3%82%B7%E3%83%A7%E3%83%9F%E3%83%8A%E3%83%9F%20%E4%BA%AC%E9%83%BD%E5%BA%9C%E4%BA%AC%E9%83%BD%E5%B8%82%E4%B8%AD%E4%BA%AC%E5%8C%BA%E9%87%91%E5%90%B9%E7%94%BA478,35.0133313,135.7587195,2022,アジア・エスニック WEST,asia_ethnic_west,発表日：2022年7月26日
ヌワラ カデ,大阪府大阪市西区江之子島1-6-8,食べログ アジア・エスニック WEST 百名店 2022,https://tabelog.com/osaka/A2701/A270105/27085952/,,https://www.google.com/maps/search/?api=1&query=%E3%83%8C%E3%83%AF%E3%83%A9%20%E3%82%AB%E3%83%87%20%E5%A4%A7%E9%98%AA%E5%BA%9C%E5%A4%A7%E9%98%AA%E5%B8%82%E8%A5%BF%E5%8C%BA%E6%B1%9F%E4%B9%8B%E5%AD%90%E5%B3%B61-6-8,34.6831745,135.4852583,2022,アジア・エスニック WEST,asia_ethnic_west,発表日：2022年7月26日
参鶏湯 人ル,大阪府大阪市生野区桃谷4-1-11,食べログ アジア・エスニック WEST 百名店 2022,https://tabelog.com/osaka/A2701/A270205/27124395/,,https://www.google.com/maps/search/?api=1&query=%E5%8F%82%E9%B6%8F%E6%B9%AF%20%E4%BA%BA%E3%83%AB%20%E5%A4%A7%E9%98%AA%E5%BA%9C%E5%A4%A7%E9%98%AA%E5%B8%82%E7%94%9F%E9%87%8E%E5%8C%BA%E6%A1%83%E8%B0%B74-1-11,34.6620049,135.5370541,2022,アジア・エスニック WEST,asia_ethnic_west,発表日：2022年7月26日
スパイス料理ナッラマナム,大阪府大阪市中央区瓦町1-4-6 市岡興産ビル 1F,食べログ アジア・エスニック WEST 百名店 2022,https://tabelog.com/osaka/A2701/A270106/27090916/,,https://www.google.com/maps/search/?api=1&query=%E3%82%B9%E3%83%91%E3%82%A4%E3%82%B9%E6%96%99%E7%90%86%E3%83%8A%E3%83%83%E3%83%A9%E3%83%9E%E3%83%8A%E3%83%A0%20%E5%A4%A7%E9%98%AA%E5%BA%9C%E5%A4%A7%E9%98%AA%E5%B8%82%E4%B8%AD%E5%A4%AE%E5%8C%BA%E7%93%A6%E7%94%BA1-4-6%20%E5%B8%82%E5%B2%A1%E8%88%88%E7%94%A3%E3%83%93%E3%83%AB%201F,34.6857855,135.5077679,2022,アジア・エスニック WEST,asia_ethnic_west,発表日：2022年7月26日
アカーシュ,兵庫県西宮市門前町7-26,食べログ アジア・エスニック WEST 百名店 2022,https://tabelog.com/hyogo/A2803/A280301/28020503/,,https://www.google.com/maps/search/?api=1&query=%E3%82%A2%E3%82%AB%E3%83%BC%E3%82%B7%E3%83%A5%20%E5%85%B5%E5%BA%AB%E7%9C%8C%E8%A5%BF%E5%AE%AE%E5%B8%82%E9%96%80%E5%89%8D%E7%94%BA7-26,34.7564064,135.3636597,2022,アジア・エスニック WEST,asia_ethnic_west,発表日：2022年7月26日
スパイスカレーまるせ,大阪府大阪市北区中津1-11-28,食べログ アジア・エスニック WEST 百名店 2022,https://tabelog.com/osaka/A2701/A270101/27076552/,https://tabelog.com/osaka/A2701/A270101/27076552/?cid=google_yoyaku,https://www.google.com/maps/search/?api=1&query=%E3%82%B9%E3%83%91%E3%82%A4%E3%82%B9%E3%82%AB%E3%83%AC%E3%83%BC%E3%81%BE%E3%82%8B%E3%81%9B%20%E5%A4%A7%E9%98%AA%E5%BA%9C%E5%A4%A7%E9%98%AA%E5%B8%82%E5%8C%97%E5%8C%BA%E4%B8%AD%E6%B4%A51-11-28,34.7117410,135.4968742,2022,アジア・エスニック WEST,asia_ethnic_west,発表日：2022年7月26日
カオススパイスダイナー 四ツ橋アメリカ村店,大阪府大阪市西区北堀江1-2-17,食べログ アジア・エスニック WEST 百名店 2022,https://tabelog.com/osaka/A2701/A270201/27088604/,,https://www.google.com/maps/search/?api=1&query=%E3%82%AB%E3%82%AA%E3%82%B9%E3%82%B9%E3%83%91%E3%82%A4%E3%82%B9%E3%83%80%E3%82%A4%E3%83%8A%E3%83%BC%20%E5%9B%9B%E3%83%84%E6%A9%8B%E3%82%A2%E3%83%A1%E3%83%AA%E3%82%AB%E6%9D%91%E5%BA%97%20%E5%A4%A7%E9%98%AA%E5%BA%9C%E5%A4%A7%E9%98%AA%E5%B8%82%E8%A5%BF%E5%8C%BA%E5%8C%97%E5%A0%80%E6%B1%9F1-2-17,34.6728183,135.4968005,2022,アジア・エスニック WEST,asia_ethnic_west,発表日：2022年7月26日
堀内チキンライス,大阪府大阪市阿倍野区天王寺町南2-10-1,食べログ アジア・エスニック WEST 百名店 2022,https://tabelog.com/osaka/A2701/A270203/27042315/,,https://www.google.com/maps/search/?api=1&query=%E5%A0%80%E5%86%85%E3%83%81%E3%82%AD%E3%83%B3%E3%83%A9%E3%82%A4%E3%82%B9%20%E5%A4%A7%E9%98%AA%E5%BA%9C%E5%A4%A7%E9%98%AA%E5%B8%82%E9%98%BF%E5%80%8D%E9%87%8E%E5%8C%BA%E5%A4%A9%E7%8E%8B%E5%AF%BA%E7%94%BA%E5%8D%972-10-1,34.6431148,135.5238619,2022,アジア・エスニック WEST,asia_ethnic_west,発表日：2022年7月26日
セクションドール,京都府京都市左京区岡崎西天王町84-1 M&M's APARTMENT 1F,食べログ アジア・エスニック WEST 百名店 2022,https://tabelog.com/kyoto/A2601/A260302/26017889/,,https://www.google.com/maps/search/?api=1&query=%E3%82%BB%E3%82%AF%E3%82%B7%E3%83%A7%E3%83%B3%E3%83%89%E3%83%BC%E3%83%AB%20%E4%BA%AC%E9%83%BD%E5%BA%9C%E4%BA%AC%E9%83%BD%E5%B8%82%E5%B7%A6%E4%BA%AC%E5%8C%BA%E5%B2%A1%E5%B4%8E%E8%A5%BF%E5%A4%A9%E7%8E%8B%E7%94%BA84-1%20M%26M%27s%20APARTMENT%201F,35.0153032,135.7791594,2022,アジア・エスニック WEST,asia_ethnic_west,発表日：2022年7月26日
カラピンチャ,兵庫県神戸市灘区王子町1-2-13,食べログ アジア・エスニック WEST 百名店 2022,https://tabelog.com/hyogo/A2801/A280103/28038103/,,https://www.google.com/maps/search/?api=1&query=%E3%82%AB%E3%83%A9%E3%83%94%E3%83%B3%E3%83%81%E3%83%A3%20%E5%85%B5%E5%BA%AB%E7%9C%8C%E7%A5%9E%E6%88%B8%E5%B8%82%E7%81%98%E5%8C%BA%E7%8E%8B%E5%AD%90%E7%94%BA1-2-13,34.7097829,135.2183689,2022,アジア・エスニック WEST,asia_ethnic_west,発表日：2022年7月26日
韓式料理 サン,大阪府大阪市北区神山町2-5 COCOROMA 1F,食べログ アジア・エスニック WEST 百名店 2022,https://tabelog.com/osaka/A2701/A270103/27127520/,,https://www.google.com/maps/search/?api=1&query=%E9%9F%93%E5%BC%8F%E6%96%99%E7%90%86%20%E3%82%B5%E3%83%B3%20%E5%A4%A7%E9%98%AA%E5%BA%9C%E5%A4%A7%E9%98%AA%E5%B8%82%E5%8C%97%E5%8C%BA%E7%A5%9E%E5%B1%B1%E7%94%BA2-5%20COCOROMA%201F,34.7026881,135.5059065,2022,アジア・エスニック WEST,asia_ethnic_west,発表日：2022年7月26日
セイロンカリー,大阪府大阪市中央区南船場1-13-4 フロントラインビル 1F,食べログ アジア・エスニック WEST 百名店 2022,https://tabelog.com/osaka/A2701/A270106/27072653/,https://tabelog.com/osaka/A2701/A270106/27072653/?cid=google_yoyaku,https://www.google.com/maps/search/?api=1&query=%E3%82%BB%E3%82%A4%E3%83%AD%E3%83%B3%E3%82%AB%E3%83%AA%E3%83%BC%20%E5%A4%A7%E9%98%AA%E5%BA%9C%E5%A4%A7%E9%98%AA%E5%B8%82%E4%B8%AD%E5%A4%AE%E5%8C%BA%E5%8D%97%E8%88%B9%E5%A0%B41-13-4%20%E3%83%95%E3%83%AD%E3%83%B3%E3%83%88%E3%83%A9%E3%82%A4%E3%83%B3%E3%83%93%E3%83%AB%201F,34.6771926,135.5081719,2022,アジア・エスニック WEST,asia_ethnic_west,発表日：2022年7月26日
森のレストラン ラッキーガーデン,奈良県生駒市鬼取町168,食べログ アジア・エスニック WEST 百名店 2022,https://tabelog.com/nara/A2902/A290201/29000010/,,https://www.google.com/maps/search/?api=1&query=%E6%A3%AE%E3%81%AE%E3%83%AC%E3%82%B9%E3%83%88%E3%83%A9%E3%83%B3%20%E3%83%A9%E3%83%83%E3%82%AD%E3%83%BC%E3%82%AC%E3%83%BC%E3%83%87%E3%83%B3%20%E5%A5%88%E8%89%AF%E7%9C%8C%E7%94%9F%E9%A7%92%E5%B8%82%E9%AC%BC%E5%8F%96%E7%94%BA168,34.6697230,135.6884572,2022,アジア・エスニック WEST,asia_ethnic_west,発表日：2022年7月26日
韓味一 朴邸,大阪府大阪市西区靭本町1-7-17 ラシーヌ四ツ橋 B1F,食べログ アジア・エスニック WEST 百名店 2022,https://tabelog.com/osaka/A2701/A270106/27094202/,https://tabelog.com/osaka/A2701/A270106/27094202/?cid=google_yoyaku,https://www.google.com/maps/search/?api=1&query=%E9%9F%93%E5%91%B3%E4%B8%80%20%E6%9C%B4%E9%82%B8%20%E5%A4%A7%E9%98%AA%E5%BA%9C%E5%A4%A7%E9%98%AA%E5%B8%82%E8%A5%BF%E5%8C%BA%E9%9D%AD%E6%9C%AC%E7%94%BA1-7-17%20%E3%83%A9%E3%82%B7%E3%83%BC%E3%83%8C%E5%9B%9B%E3%83%84%E6%A9%8B%20B1F,34.6863201,135.4971705,2022,アジア・エスニック WEST,asia_ethnic_west,発表日：2022年7月26日
マニータイ,大阪府大阪市都島区東野田町5-15-1,食べログ アジア・エスニック WEST 百名店 2022,https://tabelog.com/osaka/A2701/A270107/27077412/,,https://www.google.com/maps/search/?api=1&query=%E3%83%9E%E3%83%8B%E3%83%BC%E3%82%BF%E3%82%A4%20%E5%A4%A7%E9%98%AA%E5%BA%9C%E5%A4%A7%E9%98%AA%E5%B8%82%E9%83%BD%E5%B3%B6%E5%8C%BA%E6%9D%B1%E9%87%8E%E7%94%B0%E7%94%BA5-15-1,34.7017022,135.5351591,2022,アジア・エスニック WEST,asia_ethnic_west,発表日：2022年7月26日
ミセス ユン,大阪府大阪市西区北堀江2-6-15 winビル 1F,食べログ アジア・エスニック WEST 百名店 2022,https://tabelog.com/osaka/A2701/A270105/27044252/,,https://www.google.com/maps/search/?api=1&query=%E3%83%9F%E3%82%BB%E3%82%B9%20%E3%83%A6%E3%83%B3%20%E5%A4%A7%E9%98%AA%E5%BA%9C%E5%A4%A7%E9%98%AA%E5%B8%82%E8%A5%BF%E5%8C%BA%E5%8C%97%E5%A0%80%E6%B1%9F2-6-15%20win%E3%83%93%E3%83%AB%201F,34.6738039,135.4914718,2022,アジア・エスニック WEST,asia_ethnic_west,発表日：2022年7月26日
ネパール&インド料理 Manakamana,大阪府大阪市中央区平野町1-6-10 サンケン北浜ビル B1F,食べログ アジア・エスニック WEST 百名店 2022,https://tabelog.com/osaka/A2701/A270102/27009454/,https://tabelog.com/osaka/A2701/A270102/27009454/?cid=google_yoyaku,https://www.google.com/maps/search/?api=1&query=%E3%83%8D%E3%83%91%E3%83%BC%E3%83%AB%26%E3%82%A4%E3%83%B3%E3%83%89%E6%96%99%E7%90%86%20Manakamana%20%E5%A4%A7%E9%98%AA%E5%BA%9C%E5%A4%A7%E9%98%AA%E5%B8%82%E4%B8%AD%E5%A4%AE%E5%8C%BA%E5%B9%B3%E9%87%8E%E7%94%BA1-6-10%20%E3%82%B5%E3%83%B3%E3%82%B1%E3%83%B3%E5%8C%97%E6%B5%9C%E3%83%93%E3%83%AB%20B1F,34.6874774,135.5082032,2022,アジア・エスニック WEST,asia_ethnic_west,発表日：2022年7月26日
酒と女と鶏と麺,大阪府大阪市北区曽根崎新地1-5-21 松木興産ビル 8F,食べログ アジア・エスニック WEST 百名店 2022,https://tabelog.com/osaka/A2701/A270101/27122020/,https://tabelog.com/osaka/A2701/A270101/27122020/?cid=google_yoyaku,https://www.google.com/maps/search/?api=1&query=%E9%85%92%E3%81%A8%E5%A5%B3%E3%81%A8%E9%B6%8F%E3%81%A8%E9%BA%BA%20%E5%A4%A7%E9%98%AA%E5%BA%9C%E5%A4%A7%E9%98%AA%E5%B8%82%E5%8C%97%E5%8C%BA%E6%9B%BD%E6%A0%B9%E5%B4%8E%E6%96%B0%E5%9C%B01-5-21%20%E6%9D%BE%E6%9C%A8%E8%88%88%E7%94%A3%E3%83%93%E3%83%AB%208F,34.6980024,135.4972941,2022,アジア・エスニック WEST,asia_ethnic_west,発表日：2022年7月26日
バーンタイ 三宮本店,兵庫県神戸市中央区北長狭通1-8-8 しんせい堂ビル　１Ｆ,食べログ アジア・エスニック WEST 百名店 2022,https://tabelog.com/hyogo/A2801/A280101/28002129/,,https://www.google.com/maps/search/?api=1&query=%E3%83%90%E3%83%BC%E3%83%B3%E3%82%BF%E3%82%A4%20%E4%B8%89%E5%AE%AE%E6%9C%AC%E5%BA%97%20%E5%85%B5%E5%BA%AB%E7%9C%8C%E7%A5%9E%E6%88%B8%E5%B8%82%E4%B8%AD%E5%A4%AE%E5%8C%BA%E5%8C%97%E9%95%B7%E7%8B%AD%E9%80%9A1-8-8%20%E3%81%97%E3%82%93%E3%81%9B%E3%81%84%E5%A0%82%E3%83%93%E3%83%AB%E3%80%80%EF%BC%91%EF%BC%A6,34.6931713,135.1919295,2022,アジア・エスニック WEST,asia_ethnic_west,発表日：2022年7月26日
ロッダグループ,大阪府大阪市西区千代崎1-23-9 桜ビル2号 1F,食べログ アジア・エスニック WEST 百名店 2022,https://tabelog.com/osaka/A2701/A270401/27056190/,,https://www.google.com/maps/search/?api=1&query=%E3%83%AD%E3%83%83%E3%83%80%E3%82%B0%E3%83%AB%E3%83%BC%E3%83%97%20%E5%A4%A7%E9%98%AA%E5%BA%9C%E5%A4%A7%E9%98%AA%E5%B8%82%E8%A5%BF%E5%8C%BA%E5%8D%83%E4%BB%A3%E5%B4%8E1-23-9%20%E6%A1%9C%E3%83%93%E3%83%AB2%E5%8F%B7%201F,34.6738998,135.4795480,2022,アジア・エスニック WEST,asia_ethnic_west,発表日：2022年7月26日
カレーや デッカオ,大阪府大阪市中央区南船場3-8-5 南船場ビル 2F,食べログ アジア・エスニック WEST 百名店 2022,https://tabelog.com/osaka/A2701/A270201/27091309/,,https://www.google.com/maps/search/?api=1&query=%E3%82%AB%E3%83%AC%E3%83%BC%E3%82%84%20%E3%83%87%E3%83%83%E3%82%AB%E3%82%AA%20%E5%A4%A7%E9%98%AA%E5%BA%9C%E5%A4%A7%E9%98%AA%E5%B8%82%E4%B8%AD%E5%A4%AE%E5%8C%BA%E5%8D%97%E8%88%B9%E5%A0%B43-8-5%20%E5%8D%97%E8%88%B9%E5%A0%B4%E3%83%93%E3%83%AB%202F,34.6776756,135.5022658,2022,アジア・エスニック WEST,asia_ethnic_west,発表日：2022年7月26日
スビ・マハル 稲野店,兵庫県伊丹市稲野町1-100,食べログ アジア・エスニック WEST 百名店 2022,https://tabelog.com/hyogo/A2803/A280304/28016120/,,https://www.google.com/maps/search/?api=1&query=%E3%82%B9%E3%83%93%E3%83%BB%E3%83%9E%E3%83%8F%E3%83%AB%20%E7%A8%B2%E9%87%8E%E5%BA%97%20%E5%85%B5%E5%BA%AB%E7%9C%8C%E4%BC%8A%E4%B8%B9%E5%B8%82%E7%A8%B2%E9%87%8E%E7%94%BA1-100,34.7644528,135.4159270,2022,アジア・エスニック WEST,asia_ethnic_west,発表日：2022年7月26日
南インド家庭料理 インダスレイ,兵庫県神戸市中央区元町通3丁目11-10 メリットビル 1F,食べログ アジア・エスニック WEST 百名店 2022,https://tabelog.com/hyogo/A2801/A280102/28031021/,,https://www.google.com/maps/search/?api=1&query=%E5%8D%97%E3%82%A4%E3%83%B3%E3%83%89%E5%AE%B6%E5%BA%AD%E6%96%99%E7%90%86%20%E3%82%A4%E3%83%B3%E3%83%80%E3%82%B9%E3%83%AC%E3%82%A4%20%E5%85%B5%E5%BA%AB%E7%9C%8C%E7%A5%9E%E6%88%B8%E5%B8%82%E4%B8%AD%E5%A4%AE%E5%8C%BA%E5%85%83%E7%94%BA%E9%80%9A3%E4%B8%81%E7%9B%AE11-10%20%E3%83%A1%E3%83%AA%E3%83%83%E3%83%88%E3%83%93%E3%83%AB%201F,34.6874189,135.1842510,2022,アジア・エスニック WEST,asia_ethnic_west,発表日：2022年7月26日
Asian kitchen cafe 百福,大阪府大阪市西区九条1-3-12,食べログ アジア・エスニック WEST 百名店 2022,https://tabelog.com/osaka/A2701/A270401/27084842/,,https://www.google.com/maps/search/?api=1&query=Asian%20kitchen%20cafe%20%E7%99%BE%E7%A6%8F%20%E5%A4%A7%E9%98%AA%E5%BA%9C%E5%A4%A7%E9%98%AA%E5%B8%82%E8%A5%BF%E5%8C%BA%E4%B9%9D%E6%9D%A11-3-12,34.6757989,135.4770518,2022,アジア・エスニック WEST,asia_ethnic_west,発表日：2022年7月26日
シンズキッチン,大阪府大阪市中央区日本橋 1-21-20 丸富パールビル　１Ｆ,食べログ アジア・エスニック WEST 百名店 2022,https://tabelog.com/osaka/A2701/A270202/27044516/,,https://www.google.com/maps/search/?api=1&query=%E3%82%B7%E3%83%B3%E3%82%BA%E3%82%AD%E3%83%83%E3%83%81%E3%83%B3%20%E5%A4%A7%E9%98%AA%E5%BA%9C%E5%A4%A7%E9%98%AA%E5%B8%82%E4%B8%AD%E5%A4%AE%E5%8C%BA%E6%97%A5%E6%9C%AC%E6%A9%8B%201-21-20%20%E4%B8%B8%E5%AF%8C%E3%83%91%E3%83%BC%E3%83%AB%E3%83%93%E3%83%AB%E3%80%80%EF%BC%91%EF%BC%A6,34.6656544,135.5063857,2022,アジア・エスニック WEST,asia_ethnic_west,発表日：2022年7月26日
天波,大阪府大阪市北区,食べログ アジア・エスニック WEST 百名店 2022,https://tabelog.com/osaka/A2701/A270101/27125082/,,https://www.google.com/maps/search/?api=1&query=%E5%A4%A9%E6%B3%A2%20%E5%A4%A7%E9%98%AA%E5%BA%9C%E5%A4%A7%E9%98%AA%E5%B8%82%E5%8C%97%E5%8C%BA,0.0000000,0.0000000,2022,アジア・エスニック WEST,asia_ethnic_west,発表日：2022年7月26日
喰海,大阪府大阪市北区堂島1-3-29 日宝新地レジャービル 1F,食べログ アジア・エスニック WEST 百名店 2022,https://tabelog.com/osaka/A2701/A270101/27005229/,,https://www.google.com/maps/search/?api=1&query=%E5%96%B0%E6%B5%B7%20%E5%A4%A7%E9%98%AA%E5%BA%9C%E5%A4%A7%E9%98%AA%E5%B8%82%E5%8C%97%E5%8C%BA%E5%A0%82%E5%B3%B61-3-29%20%E6%97%A5%E5%AE%9D%E6%96%B0%E5%9C%B0%E3%83%AC%E3%82%B8%E3%83%A3%E3%83%BC%E3%83%93%E3%83%AB%201F,34.6968906,135.4978789,2022,アジア・エスニック WEST,asia_ethnic_west,発表日：2022年7月26日
DIAMOND BIRYANI,大阪府大阪市北区中津3-17-2,食べログ アジア・エスニック WEST 百名店 2022,https://tabelog.com/osaka/A2701/A270101/27095755/,,https://www.google.com/maps/search/?api=1&query=DIAMOND%20BIRYANI%20%E5%A4%A7%E9%98%AA%E5%BA%9C%E5%A4%A7%E9%98%AA%E5%B8%82%E5%8C%97%E5%8C%BA%E4%B8%AD%E6%B4%A53-17-2,34.7110238,135.4936052,2022,アジア・エスニック WEST,asia_ethnic_west,発表日：2022年7月26日
スンドゥブチゲタン,兵庫県尼崎市東難波町5-16-28,食べログ アジア・エスニック WEST 百名店 2022,https://tabelog.com/hyogo/A2803/A280304/28047288/,,https://www.google.com/maps/search/?api=1&query=%E3%82%B9%E3%83%B3%E3%83%89%E3%82%A5%E3%83%96%E3%83%81%E3%82%B2%E3%82%BF%E3%83%B3%20%E5%85%B5%E5%BA%AB%E7%9C%8C%E5%B0%BC%E5%B4%8E%E5%B8%82%E6%9D%B1%E9%9B%A3%E6%B3%A2%E7%94%BA5-16-28,34.7220875,135.4136753,2022,アジア・エスニック WEST,asia_ethnic_west,発表日：2022年7月26日
ソウル・ケー,大阪府大阪市西区北堀江2-2-7 北堀江ゲイトビル B1F,食べログ アジア・エスニック WEST 百名店 2022,https://tabelog.com/osaka/A2701/A270201/27037407/,,https://www.google.com/maps/search/?api=1&query=%E3%82%BD%E3%82%A6%E3%83%AB%E3%83%BB%E3%82%B1%E3%83%BC%20%E5%A4%A7%E9%98%AA%E5%BA%9C%E5%A4%A7%E9%98%AA%E5%B8%82%E8%A5%BF%E5%8C%BA%E5%8C%97%E5%A0%80%E6%B1%9F2-2-7%20%E5%8C%97%E5%A0%80%E6%B1%9F%E3%82%B2%E3%82%A4%E3%83%88%E3%83%93%E3%83%AB%20B1F,34.6744152,135.4930003,2022,アジア・エスニック WEST,asia_ethnic_west,発表日：2022年7月26日
リトル ランカ,兵庫県西宮市山口町船坂1380-1,食べログ アジア・エスニック WEST 百名店 2022,https://tabelog.com/hyogo/A2803/A280301/28039372/,https://tabelog.com/hyogo/A2803/A280301/28039372/?cid=google_yoyaku,https://www.google.com/maps/search/?api=1&query=%E3%83%AA%E3%83%88%E3%83%AB%20%E3%83%A9%E3%83%B3%E3%82%AB%20%E5%85%B5%E5%BA%AB%E7%9C%8C%E8%A5%BF%E5%AE%AE%E5%B8%82%E5%B1%B1%E5%8F%A3%E7%94%BA%E8%88%B9%E5%9D%821380-1,34.8065761,135.2771447,2022,アジア・エスニック WEST,asia_ethnic_west,発表日：2022年7月26日
チーニーカリー,兵庫県神戸市中央区栄町通3-1-18 三浦ビル 1F,食べログ アジア・エスニック WEST 百名店 2022,https://tabelog.com/hyogo/A2801/A280102/28053601/,,https://www.google.com/maps/search/?api=1&query=%E3%83%81%E3%83%BC%E3%83%8B%E3%83%BC%E3%82%AB%E3%83%AA%E3%83%BC%20%E5%85%B5%E5%BA%AB%E7%9C%8C%E7%A5%9E%E6%88%B8%E5%B8%82%E4%B8%AD%E5%A4%AE%E5%8C%BA%E6%A0%84%E7%94%BA%E9%80%9A3-1-18%20%E4%B8%89%E6%B5%A6%E3%83%93%E3%83%AB%201F,34.6865759,135.1870192,2022,アジア・エスニック WEST,asia_ethnic_west,発表日：2022年7月26日
カレー&スパイス ワルン,大阪府大阪市西区北堀江3-4-17 LIFE LABO BLD. 1F,食べログ アジア・エスニック WEST 百名店 2022,https://tabelog.com/osaka/A2701/A270105/27074470/,,https://www.google.com/maps/search/?api=1&query=%E3%82%AB%E3%83%AC%E3%83%BC%26%E3%82%B9%E3%83%91%E3%82%A4%E3%82%B9%20%E3%83%AF%E3%83%AB%E3%83%B3%20%E5%A4%A7%E9%98%AA%E5%BA%9C%E5%A4%A7%E9%98%AA%E5%B8%82%E8%A5%BF%E5%8C%BA%E5%8C%97%E5%A0%80%E6%B1%9F3-4-17%20LIFE%20LABO%20BLD.%201F,34.6735476,135.4899240,2022,アジア・エスニック WEST,asia_ethnic_west,発表日：2022年7月26日
majide hamal,兵庫県尼崎市南武庫之荘1-14-20 ジミーズマーケット 1F,食べログ アジア・エスニック WEST 百名店 2022,https://tabelog.com/hyogo/A2803/A280304/28029394/,,https://www.google.com/maps/search/?api=1&query=majide%20hamal%20%E5%85%B5%E5%BA%AB%E7%9C%8C%E5%B0%BC%E5%B4%8E%E5%B8%82%E5%8D%97%E6%AD%A6%E5%BA%AB%E4%B9%8B%E8%8D%981-14-20%20%E3%82%B8%E3%83%9F%E3%83%BC%E3%82%BA%E3%83%9E%E3%83%BC%E3%82%B1%E3%83%83%E3%83%88%201F,34.7505276,135.3928476,2022,アジア・エスニック WEST,asia_ethnic_west,発表日：2022年7月26日
bar K家 本館,京都府京都市中京区六角通御幸町西入ル八百屋町103,食べログ バー 百名店 2022,https://tabelog.com/kyoto/A2601/A260201/26001147/,,https://www.google.com/maps/search/?api=1&query=bar%20K%E5%AE%B6%20%E6%9C%AC%E9%A4%A8%20%E4%BA%AC%E9%83%BD%E5%BA%9C%E4%BA%AC%E9%83%BD%E5%B8%82%E4%B8%AD%E4%BA%AC%E5%8C%BA%E5%85%AD%E8%A7%92%E9%80%9A%E5%BE%A1%E5%B9%B8%E7%94%BA%E8%A5%BF%E5%85%A5%E3%83%AB%E5%85%AB%E7%99%BE%E5%B1%8B%E7%94%BA103,35.0072999,135.7658548,2022,バー,bar,発表日：2022年11月1日
バー・ジュニパー,大阪府大阪市北区堂島1-4-4 NJビル1F,食べログ バー 百名店 2022,https://tabelog.com/osaka/A2701/A270101/27057361/,,https://www.google.com/maps/search/?api=1&query=%E3%83%90%E3%83%BC%E3%83%BB%E3%82%B8%E3%83%A5%E3%83%8B%E3%83%91%E3%83%BC%20%E5%A4%A7%E9%98%AA%E5%BA%9C%E5%A4%A7%E9%98%AA%E5%B8%82%E5%8C%97%E5%8C%BA%E5%A0%82%E5%B3%B61-4-4%20NJ%E3%83%93%E3%83%AB1F,34.6960805,135.4980453,2022,バー,bar,発表日：2022年11月1日
ロッキングチェア,京都府京都市下京区御幸町通仏光寺下る橘町434-2,食べログ バー 百名店 2022,https://tabelog.com/kyoto/A2601/A260201/26007698/,,https://www.google.com/maps/search/?api=1&query=%E3%83%AD%E3%83%83%E3%82%AD%E3%83%B3%E3%82%B0%E3%83%81%E3%82%A7%E3%82%A2%20%E4%BA%AC%E9%83%BD%E5%BA%9C%E4%BA%AC%E9%83%BD%E5%B8%82%E4%B8%8B%E4%BA%AC%E5%8C%BA%E5%BE%A1%E5%B9%B8%E7%94%BA%E9%80%9A%E4%BB%8F%E5%85%89%E5%AF%BA%E4%B8%8B%E3%82%8B%E6%A9%98%E7%94%BA434-2,35.0009816,135.7664133,2022,バー,bar,発表日：2022年11月1日
バー マスダ,大阪府大阪市中央区心斎橋筋2-3-11,食べログ バー 百名店 2022,https://tabelog.com/osaka/A2701/A270202/27064091/,https://tabelog.com/osaka/A2701/A270202/27064091/?cid=google_yoyaku,https://www.google.com/maps/search/?api=1&query=%E3%83%90%E3%83%BC%20%E3%83%9E%E3%82%B9%E3%83%80%20%E5%A4%A7%E9%98%AA%E5%BA%9C%E5%A4%A7%E9%98%AA%E5%B8%82%E4%B8%AD%E5%A4%AE%E5%8C%BA%E5%BF%83%E6%96%8E%E6%A9%8B%E7%AD%8B2-3-11,34.6695478,135.5021403,2022,バー,bar,発表日：2022年11月1日
Bar K6,京都府京都市中京区二条通木屋町東入ル東生洲町481 ヴァルズビル2Ｆ,食べログ バー 百名店 2022,https://tabelog.com/kyoto/A2601/A260202/26001197/,,https://www.google.com/maps/search/?api=1&query=Bar%20K6%20%E4%BA%AC%E9%83%BD%E5%BA%9C%E4%BA%AC%E9%83%BD%E5%B8%82%E4%B8%AD%E4%BA%AC%E5%8C%BA%E4%BA%8C%E6%9D%A1%E9%80%9A%E6%9C%A8%E5%B1%8B%E7%94%BA%E6%9D%B1%E5%85%A5%E3%83%AB%E6%9D%B1%E7%94%9F%E6%B4%B2%E7%94%BA481%20%E3%83%B4%E3%82%A1%E3%83%AB%E3%82%BA%E3%83%93%E3%83%AB2%EF%BC%A6,35.0133288,135.7705646,2022,バー,bar,発表日：2022年11月1日
サヴォイ キタノザカ,兵庫県神戸市中央区中山手通1-7-20 第3天成ビル４F,食べログ バー 百名店 2022,https://tabelog.com/hyogo/A2801/A280101/28022839/,,https://www.google.com/maps/search/?api=1&query=%E3%82%B5%E3%83%B4%E3%82%A9%E3%82%A4%20%E3%82%AD%E3%82%BF%E3%83%8E%E3%82%B6%E3%82%AB%20%E5%85%B5%E5%BA%AB%E7%9C%8C%E7%A5%9E%E6%88%B8%E5%B8%82%E4%B8%AD%E5%A4%AE%E5%8C%BA%E4%B8%AD%E5%B1%B1%E6%89%8B%E9%80%9A1-7-20%20%E7%AC%AC3%E5%A4%A9%E6%88%90%E3%83%93%E3%83%AB%EF%BC%94F,34.6950000,135.1924058,2022,バー,bar,発表日：2022年11月1日
蓮,大阪府大阪市北区西天満2-3-15 千都ビル　Ｂ１Ｆ,食べログ バー 百名店 2022,https://tabelog.com/osaka/A2701/A270101/27001912/,,https://www.google.com/maps/search/?api=1&query=%E8%93%AE%20%E5%A4%A7%E9%98%AA%E5%BA%9C%E5%A4%A7%E9%98%AA%E5%B8%82%E5%8C%97%E5%8C%BA%E8%A5%BF%E5%A4%A9%E6%BA%802-3-15%20%E5%8D%83%E9%83%BD%E3%83%93%E3%83%AB%E3%80%80%EF%BC%A2%EF%BC%91%EF%BC%A6,34.6960910,135.5029348,2022,バー,bar,発表日：2022年11月1日
BAR TALISKER,京都府京都市東山区祇園町南側570-88 祇園町南側ビル1F,食べログ バー 百名店 2022,https://tabelog.com/kyoto/A2601/A260301/26027776/,,https://www.google.com/maps/search/?api=1&query=BAR%20TALISKER%20%E4%BA%AC%E9%83%BD%E5%BA%9C%E4%BA%AC%E9%83%BD%E5%B8%82%E6%9D%B1%E5%B1%B1%E5%8C%BA%E7%A5%87%E5%9C%92%E7%94%BA%E5%8D%97%E5%81%B4570-88%20%E7%A5%87%E5%9C%92%E7%94%BA%E5%8D%97%E5%81%B4%E3%83%93%E3%83%AB1F,35.0019021,135.7766542,2022,バー,bar,発表日：2022年11月1日
バー ケー,大阪府大阪市北区曽根崎新地1-3-3 好陽ビル　Ｂ１Ｆ,食べログ バー 百名店 2022,https://tabelog.com/osaka/A2701/A270101/27002057/,,https://www.google.com/maps/search/?api=1&query=%E3%83%90%E3%83%BC%20%E3%82%B1%E3%83%BC%20%E5%A4%A7%E9%98%AA%E5%BA%9C%E5%A4%A7%E9%98%AA%E5%B8%82%E5%8C%97%E5%8C%BA%E6%9B%BD%E6%A0%B9%E5%B4%8E%E6%96%B0%E5%9C%B01-3-3%20%E5%A5%BD%E9%99%BD%E3%83%93%E3%83%AB%E3%80%80%EF%BC%A2%EF%BC%91%EF%BC%A6,34.6973317,135.4969769,2022,バー,bar,発表日：2022年11月1日
堂島サンボア,大阪府大阪市北区堂島1-5-40,食べログ バー 百名店 2022,https://tabelog.com/osaka/A2701/A270101/27002033/,,https://www.google.com/maps/search/?api=1&query=%E5%A0%82%E5%B3%B6%E3%82%B5%E3%83%B3%E3%83%9C%E3%82%A2%20%E5%A4%A7%E9%98%AA%E5%BA%9C%E5%A4%A7%E9%98%AA%E5%B8%82%E5%8C%97%E5%8C%BA%E5%A0%82%E5%B3%B61-5-40,34.6960927,135.4971158,2022,バー,bar,発表日：2022年11月1日
北新地サンボア,大阪府大阪市北区曽根崎新地1-9-25 玉美ビル１Ｆ,食べログ バー 百名店 2022,https://tabelog.com/osaka/A2701/A270101/27011994/,,https://www.google.com/maps/search/?api=1&query=%E5%8C%97%E6%96%B0%E5%9C%B0%E3%82%B5%E3%83%B3%E3%83%9C%E3%82%A2%20%E5%A4%A7%E9%98%AA%E5%BA%9C%E5%A4%A7%E9%98%AA%E5%B8%82%E5%8C%97%E5%8C%BA%E6%9B%BD%E6%A0%B9%E5%B4%8E%E6%96%B0%E5%9C%B01-9-25%20%E7%8E%89%E7%BE%8E%E3%83%93%E3%83%AB%EF%BC%91%EF%BC%A6,34.6976682,135.4991433,2022,バー,bar,発表日：2022年11月1日
ラグナ ザ バー,兵庫県神戸市中央区山本通り2-4-24,食べログ バー 百名店 2022,https://tabelog.com/hyogo/A2801/A280101/28005558/,,https://www.google.com/maps/search/?api=1&query=%E3%83%A9%E3%82%B0%E3%83%8A%20%E3%82%B6%20%E3%83%90%E3%83%BC%20%E5%85%B5%E5%BA%AB%E7%9C%8C%E7%A5%9E%E6%88%B8%E5%B8%82%E4%B8%AD%E5%A4%AE%E5%8C%BA%E5%B1%B1%E6%9C%AC%E9%80%9A%E3%82%8A2-4-24,34.6978098,135.1898646,2022,バー,bar,発表日：2022年11月1日
フィンランディア バー,京都府京都市東山区祇園町南側570-123,食べログ バー 百名店 2022,https://tabelog.com/kyoto/A2601/A260301/26001395/,,https://www.google.com/maps/search/?api=1&query=%E3%83%95%E3%82%A3%E3%83%B3%E3%83%A9%E3%83%B3%E3%83%87%E3%82%A3%E3%82%A2%20%E3%83%90%E3%83%BC%20%E4%BA%AC%E9%83%BD%E5%BA%9C%E4%BA%AC%E9%83%BD%E5%B8%82%E6%9D%B1%E5%B1%B1%E5%8C%BA%E7%A5%87%E5%9C%92%E7%94%BA%E5%8D%97%E5%81%B4570-123,35.0033822,135.7743893,2022,バー,bar,発表日：2022年11月1日
ザ・コモン・ワン・バー・キョウト,京都府京都市東山区新橋通大和大路東入元吉町46 何生館内,食べログ バー 百名店 2022,https://tabelog.com/kyoto/A2601/A260301/26016560/,,https://www.google.com/maps/search/?api=1&query=%E3%82%B6%E3%83%BB%E3%82%B3%E3%83%A2%E3%83%B3%E3%83%BB%E3%83%AF%E3%83%B3%E3%83%BB%E3%83%90%E3%83%BC%E3%83%BB%E3%82%AD%E3%83%A7%E3%82%A6%E3%83%88%20%E4%BA%AC%E9%83%BD%E5%BA%9C%E4%BA%AC%E9%83%BD%E5%B8%82%E6%9D%B1%E5%B1%B1%E5%8C%BA%E6%96%B0%E6%A9%8B%E9%80%9A%E5%A4%A7%E5%92%8C%E5%A4%A7%E8%B7%AF%E6%9D%B1%E5%85%A5%E5%85%83%E5%90%89%E7%94%BA46%20%E4%BD%95%E7%94%9F%E9%A4%A8%E5%86%85,35.0060704,135.7733039,2022,バー,bar,発表日：2022年11月1日
北サンボア,大阪府大阪市北区曽根崎2-2-12,食べログ バー 百名店 2022,https://tabelog.com/osaka/A2701/A270101/27001894/,,https://www.google.com/maps/search/?api=1&query=%E5%8C%97%E3%82%B5%E3%83%B3%E3%83%9C%E3%82%A2%20%E5%A4%A7%E9%98%AA%E5%BA%9C%E5%A4%A7%E9%98%AA%E5%B8%82%E5%8C%97%E5%8C%BA%E6%9B%BD%E6%A0%B9%E5%B4%8E2-2-12,34.6992342,135.5015499,2022,バー,bar,発表日：2022年11月1日
バー クーゲル,京都府京都市東山区大和大路通四条上ル常盤町161-3,食べログ バー 百名店 2022,https://tabelog.com/kyoto/A2601/A260301/26002072/,,https://www.google.com/maps/search/?api=1&query=%E3%83%90%E3%83%BC%20%E3%82%AF%E3%83%BC%E3%82%B2%E3%83%AB%20%E4%BA%AC%E9%83%BD%E5%BA%9C%E4%BA%AC%E9%83%BD%E5%B8%82%E6%9D%B1%E5%B1%B1%E5%8C%BA%E5%A4%A7%E5%92%8C%E5%A4%A7%E8%B7%AF%E9%80%9A%E5%9B%9B%E6%9D%A1%E4%B8%8A%E3%83%AB%E5%B8%B8%E7%9B%A4%E7%94%BA161-3,35.0049147,135.7726470,2022,バー,bar,発表日：2022年11月1日
バー・オーガスタ・ターロギー,大阪府大阪市北区鶴野町2-3 アラカワビル　１Ｆ,食べログ バー 百名店 2022,https://tabelog.com/osaka/A2701/A270101/27003573/,,https://www.google.com/maps/search/?api=1&query=%E3%83%90%E3%83%BC%E3%83%BB%E3%82%AA%E3%83%BC%E3%82%AC%E3%82%B9%E3%82%BF%E3%83%BB%E3%82%BF%E3%83%BC%E3%83%AD%E3%82%AE%E3%83%BC%20%E5%A4%A7%E9%98%AA%E5%BA%9C%E5%A4%A7%E9%98%AA%E5%B8%82%E5%8C%97%E5%8C%BA%E9%B6%B4%E9%87%8E%E7%94%BA2-3%20%E3%82%A2%E3%83%A9%E3%82%AB%E3%83%AF%E3%83%93%E3%83%AB%E3%80%80%EF%BC%91%EF%BC%A6,34.7070234,135.5012104,2022,バー,bar,発表日：2022年11月1日
カアラ,大阪府大阪市北区曽根崎新地1-1-18 グリーンテラスビル　６Ｆ,食べログ バー 百名店 2022,https://tabelog.com/osaka/A2701/A270101/27003386/,,https://www.google.com/maps/search/?api=1&query=%E3%82%AB%E3%82%A2%E3%83%A9%20%E5%A4%A7%E9%98%AA%E5%BA%9C%E5%A4%A7%E9%98%AA%E5%B8%82%E5%8C%97%E5%8C%BA%E6%9B%BD%E6%A0%B9%E5%B4%8E%E6%96%B0%E5%9C%B01-1-18%20%E3%82%B0%E3%83%AA%E3%83%BC%E3%83%B3%E3%83%86%E3%83%A9%E3%82%B9%E3%83%93%E3%83%AB%E3%80%80%EF%BC%96%EF%BC%A6,34.6968258,135.4992582,2022,バー,bar,発表日：2022年11月1日
バー ル・サロン,兵庫県神戸市中央区中山手通2-14-13 ハンタービル　２Ｆ,食べログ バー 百名店 2022,https://tabelog.com/hyogo/A2801/A280101/28001274/,,https://www.google.com/maps/search/?api=1&query=%E3%83%90%E3%83%BC%20%E3%83%AB%E3%83%BB%E3%82%B5%E3%83%AD%E3%83%B3%20%E5%85%B5%E5%BA%AB%E7%9C%8C%E7%A5%9E%E6%88%B8%E5%B8%82%E4%B8%AD%E5%A4%AE%E5%8C%BA%E4%B8%AD%E5%B1%B1%E6%89%8B%E9%80%9A2-14-13%20%E3%83%8F%E3%83%B3%E3%82%BF%E3%83%BC%E3%83%93%E3%83%AB%E3%80%80%EF%BC%92%EF%BC%A6,34.6971593,135.1902503,2022,バー,bar,発表日：2022年11月1日
バー ラリティー,大阪府大阪市中央区博労町4-6-17 第三丸米ビル B1F,食べログ バー 百名店 2022,https://tabelog.com/osaka/A2701/A270201/27001678/,https://tabelog.com/osaka/A2701/A270201/27001678/?cid=google_yoyaku,https://www.google.com/maps/search/?api=1&query=%E3%83%90%E3%83%BC%20%E3%83%A9%E3%83%AA%E3%83%86%E3%82%A3%E3%83%BC%20%E5%A4%A7%E9%98%AA%E5%BA%9C%E5%A4%A7%E9%98%AA%E5%B8%82%E4%B8%AD%E5%A4%AE%E5%8C%BA%E5%8D%9A%E5%8A%B4%E7%94%BA4-6-17%20%E7%AC%AC%E4%B8%89%E4%B8%B8%E7%B1%B3%E3%83%93%E3%83%AB%20B1F,34.6777876,135.4989331,2022,バー,bar,発表日：2022年11月1日
カルバドール,京都府京都市中京区妙満寺前町446 若林ビル　２Ｆ,食べログ バー 百名店 2022,https://tabelog.com/kyoto/A2601/A260201/26001936/,,https://www.google.com/maps/search/?api=1&query=%E3%82%AB%E3%83%AB%E3%83%90%E3%83%89%E3%83%BC%E3%83%AB%20%E4%BA%AC%E9%83%BD%E5%BA%9C%E4%BA%AC%E9%83%BD%E5%B8%82%E4%B8%AD%E4%BA%AC%E5%8C%BA%E5%A6%99%E6%BA%80%E5%AF%BA%E5%89%8D%E7%94%BA446%20%E8%8B%A5%E6%9E%97%E3%83%93%E3%83%AB%E3%80%80%EF%BC%92%EF%BC%A6,35.0134338,135.7670594,2022,バー,bar,発表日：2022年11月1日
KYOTO STAR BAR,京都府京都市中京区木屋町通三条下る材木町185-5,食べログ バー 百名店 2022,https://tabelog.com/kyoto/A2601/A260202/26027655/,https://tabelog.com/kyoto/A2601/A260202/26027655/?cid=google_yoyaku,https://www.google.com/maps/search/?api=1&query=KYOTO%20STAR%20BAR%20%E4%BA%AC%E9%83%BD%E5%BA%9C%E4%BA%AC%E9%83%BD%E5%B8%82%E4%B8%AD%E4%BA%AC%E5%8C%BA%E6%9C%A8%E5%B1%8B%E7%94%BA%E9%80%9A%E4%B8%89%E6%9D%A1%E4%B8%8B%E3%82%8B%E6%9D%90%E6%9C%A8%E7%94%BA185-5,35.0072817,135.7708617,2022,バー,bar,発表日：2022年11月1日
祇園サンボア,京都府京都市東山区祇園町南側570-186,食べログ バー 百名店 2022,https://tabelog.com/kyoto/A2601/A260301/26001401/,,https://www.google.com/maps/search/?api=1&query=%E7%A5%87%E5%9C%92%E3%82%B5%E3%83%B3%E3%83%9C%E3%82%A2%20%E4%BA%AC%E9%83%BD%E5%BA%9C%E4%BA%AC%E9%83%BD%E5%B8%82%E6%9D%B1%E5%B1%B1%E5%8C%BA%E7%A5%87%E5%9C%92%E7%94%BA%E5%8D%97%E5%81%B4570-186,35.0026555,135.7765465,2022,バー,bar,発表日：2022年11月1日
エル・テソロ,京都府京都市東山区大和大路新橋上がる西側 大和ビル 1F,食べログ バー 百名店 2022,https://tabelog.com/kyoto/A2601/A260301/26004165/,,https://www.google.com/maps/search/?api=1&query=%E3%82%A8%E3%83%AB%E3%83%BB%E3%83%86%E3%82%BD%E3%83%AD%20%E4%BA%AC%E9%83%BD%E5%BA%9C%E4%BA%AC%E9%83%BD%E5%B8%82%E6%9D%B1%E5%B1%B1%E5%8C%BA%E5%A4%A7%E5%92%8C%E5%A4%A7%E8%B7%AF%E6%96%B0%E6%A9%8B%E4%B8%8A%E3%81%8C%E3%82%8B%E8%A5%BF%E5%81%B4%20%E5%A4%A7%E5%92%8C%E3%83%93%E3%83%AB%201F,35.0060916,135.7725313,2022,バー,bar,発表日：2022年11月1日
フルール・ド・ファリーヌ,京都府京都市中京区東洞院通三条下ル三文字町200 ミックナカムラビル　１Ｆ,食べログ パン WEST 百名店 2022,https://tabelog.com/kyoto/A2601/A260202/26004724/,,https://www.google.com/maps/search/?api=1&query=%E3%83%95%E3%83%AB%E3%83%BC%E3%83%AB%E3%83%BB%E3%83%89%E3%83%BB%E3%83%95%E3%82%A1%E3%83%AA%E3%83%BC%E3%83%8C%20%E4%BA%AC%E9%83%BD%E5%BA%9C%E4%BA%AC%E9%83%BD%E5%B8%82%E4%B8%AD%E4%BA%AC%E5%8C%BA%E6%9D%B1%E6%B4%9E%E9%99%A2%E9%80%9A%E4%B8%89%E6%9D%A1%E4%B8%8B%E3%83%AB%E4%B8%89%E6%96%87%E5%AD%97%E7%94%BA200%20%E3%83%9F%E3%83%83%E3%82%AF%E3%83%8A%E3%82%AB%E3%83%A0%E3%83%A9%E3%83%93%E3%83%AB%E3%80%80%EF%BC%91%EF%BC%A6,35.0083767,135.7611343,2022,パン WEST,bread_west,発表日：2022年10月11日
Croix-Rousse,京都府京都市中京区西洞院通四条上ル蟷螂山町468-4 シティファースト　 １Ｆ,食べログ パン WEST 百名店 2022,https://tabelog.com/kyoto/A2601/A260201/26007737/,,https://www.google.com/maps/search/?api=1&query=Croix-Rousse%20%E4%BA%AC%E9%83%BD%E5%BA%9C%E4%BA%AC%E9%83%BD%E5%B8%82%E4%B8%AD%E4%BA%AC%E5%8C%BA%E8%A5%BF%E6%B4%9E%E9%99%A2%E9%80%9A%E5%9B%9B%E6%9D%A1%E4%B8%8A%E3%83%AB%E8%9F%B7%E8%9E%82%E5%B1%B1%E7%94%BA468-4%20%E3%82%B7%E3%83%86%E3%82%A3%E3%83%95%E3%82%A1%E3%83%BC%E3%82%B9%E3%83%88%E3%80%80%20%EF%BC%91%EF%BC%A6,35.0044909,135.7552067,2022,パン WEST,bread_west,発表日：2022年10月11日
パネ・ポルチーニ,大阪府大阪市福島区福島5-10-22,食べログ パン WEST 百名店 2022,https://tabelog.com/osaka/A2701/A270108/27049674/,,https://www.google.com/maps/search/?api=1&query=%E3%83%91%E3%83%8D%E3%83%BB%E3%83%9D%E3%83%AB%E3%83%81%E3%83%BC%E3%83%8B%20%E5%A4%A7%E9%98%AA%E5%BA%9C%E5%A4%A7%E9%98%AA%E5%B8%82%E7%A6%8F%E5%B3%B6%E5%8C%BA%E7%A6%8F%E5%B3%B65-10-22,34.6958900,135.4868721,2022,パン WEST,bread_west,発表日：2022年10月11日
イシノウエ,大阪府堺市北区百舌鳥梅町3-10-8 ハイツ中百舌鳥　1F,食べログ パン WEST 百名店 2022,https://tabelog.com/osaka/A2705/A270501/27046308/,,https://www.google.com/maps/search/?api=1&query=%E3%82%A4%E3%82%B7%E3%83%8E%E3%82%A6%E3%82%A8%20%E5%A4%A7%E9%98%AA%E5%BA%9C%E5%A0%BA%E5%B8%82%E5%8C%97%E5%8C%BA%E7%99%BE%E8%88%8C%E9%B3%A5%E6%A2%85%E7%94%BA3-10-8%20%E3%83%8F%E3%82%A4%E3%83%84%E4%B8%AD%E7%99%BE%E8%88%8C%E9%B3%A5%E3%80%801F,34.5521072,135.5026978,2022,パン WEST,bread_west,発表日：2022年10月11日
メリッサ,大阪府大阪市北区中之島5-3-68 リーガロイヤルホテル 1F,食べログ パン WEST 百名店 2022,https://tabelog.com/osaka/A2701/A270108/27007267/,,https://www.google.com/maps/search/?api=1&query=%E3%83%A1%E3%83%AA%E3%83%83%E3%82%B5%20%E5%A4%A7%E9%98%AA%E5%BA%9C%E5%A4%A7%E9%98%AA%E5%B8%82%E5%8C%97%E5%8C%BA%E4%B8%AD%E4%B9%8B%E5%B3%B65-3-68%20%E3%83%AA%E3%83%BC%E3%82%AC%E3%83%AD%E3%82%A4%E3%83%A4%E3%83%AB%E3%83%9B%E3%83%86%E3%83%AB%201F,34.6904011,135.4873635,2022,パン WEST,bread_west,発表日：2022年10月11日
トロワ ブーランジェリー,大阪府大阪市平野区平野本町3-5-3,食べログ パン WEST 百名店 2022,https://tabelog.com/osaka/A2701/A270405/27054996/,,https://www.google.com/maps/search/?api=1&query=%E3%83%88%E3%83%AD%E3%83%AF%20%E3%83%96%E3%83%BC%E3%83%A9%E3%83%B3%E3%82%B8%E3%82%A7%E3%83%AA%E3%83%BC%20%E5%A4%A7%E9%98%AA%E5%BA%9C%E5%A4%A7%E9%98%AA%E5%B8%82%E5%B9%B3%E9%87%8E%E5%8C%BA%E5%B9%B3%E9%87%8E%E6%9C%AC%E7%94%BA3-5-3,34.6250469,135.5542326,2022,パン WEST,bread_west,発表日：2022年10月11日
ナカガワ小麦店,京都府京都市左京区下鴨松ノ木町52-1,食べログ パン WEST 百名店 2022,https://tabelog.com/kyoto/A2601/A260302/26019004/,,https://www.google.com/maps/search/?api=1&query=%E3%83%8A%E3%82%AB%E3%82%AC%E3%83%AF%E5%B0%8F%E9%BA%A6%E5%BA%97%20%E4%BA%AC%E9%83%BD%E5%BA%9C%E4%BA%AC%E9%83%BD%E5%B8%82%E5%B7%A6%E4%BA%AC%E5%8C%BA%E4%B8%8B%E9%B4%A8%E6%9D%BE%E3%83%8E%E6%9C%A8%E7%94%BA52-1,35.0396402,135.7710537,2022,パン WEST,bread_west,発表日：2022年10月11日
ameen’s oven,兵庫県西宮市若松町6-18 ヴィラドコアン　１Ｆ,食べログ パン WEST 百名店 2022,https://tabelog.com/hyogo/A2803/A280301/28006379/,,https://www.google.com/maps/search/?api=1&query=ameen%E2%80%99s%20oven%20%E5%85%B5%E5%BA%AB%E7%9C%8C%E8%A5%BF%E5%AE%AE%E5%B8%82%E8%8B%A5%E6%9D%BE%E7%94%BA6-18%20%E3%83%B4%E3%82%A3%E3%83%A9%E3%83%89%E3%82%B3%E3%82%A2%E3%83%B3%E3%80%80%EF%BC%91%EF%BC%A6,34.7436256,135.3316153,2022,パン WEST,bread_west,発表日：2022年10月11日
ベッカライ ビオブロート,兵庫県芦屋市宮塚町14-14 1F,食べログ パン WEST 百名店 2022,https://tabelog.com/hyogo/A2803/A280302/28001945/,,https://www.google.com/maps/search/?api=1&query=%E3%83%99%E3%83%83%E3%82%AB%E3%83%A9%E3%82%A4%20%E3%83%93%E3%82%AA%E3%83%96%E3%83%AD%E3%83%BC%E3%83%88%20%E5%85%B5%E5%BA%AB%E7%9C%8C%E8%8A%A6%E5%B1%8B%E5%B8%82%E5%AE%AE%E5%A1%9A%E7%94%BA14-14%201F,34.7303783,135.3094729,2022,パン WEST,bread_west,発表日：2022年10月11日
ル・パン神戸北野 本店,兵庫県神戸市中央区山本通2-7-4,食べログ パン WEST 百名店 2022,https://tabelog.com/hyogo/A2801/A280101/28033979/,,https://www.google.com/maps/search/?api=1&query=%E3%83%AB%E3%83%BB%E3%83%91%E3%83%B3%E7%A5%9E%E6%88%B8%E5%8C%97%E9%87%8E%20%E6%9C%AC%E5%BA%97%20%E5%85%B5%E5%BA%AB%E7%9C%8C%E7%A5%9E%E6%88%B8%E5%B8%82%E4%B8%AD%E5%A4%AE%E5%8C%BA%E5%B1%B1%E6%9C%AC%E9%80%9A2-7-4,34.6976266,135.1882602,2022,パン WEST,bread_west,発表日：2022年10月11日
ジュエ ボワット,大阪府高槻市大手町3-6,食べログ パン WEST 百名店 2022,https://tabelog.com/osaka/A2706/A270604/27012984/,,https://www.google.com/maps/search/?api=1&query=%E3%82%B8%E3%83%A5%E3%82%A8%20%E3%83%9C%E3%83%AF%E3%83%83%E3%83%88%20%E5%A4%A7%E9%98%AA%E5%BA%9C%E9%AB%98%E6%A7%BB%E5%B8%82%E5%A4%A7%E6%89%8B%E7%94%BA3-6,34.8466374,135.6225655,2022,パン WEST,bread_west,発表日：2022年10月11日
サ・マーシュ,兵庫県神戸市中央区山本通3-1-3,食べログ パン WEST 百名店 2022,https://tabelog.com/hyogo/A2801/A280101/28027356/,,https://www.google.com/maps/search/?api=1&query=%E3%82%B5%E3%83%BB%E3%83%9E%E3%83%BC%E3%82%B7%E3%83%A5%20%E5%85%B5%E5%BA%AB%E7%9C%8C%E7%A5%9E%E6%88%B8%E5%B8%82%E4%B8%AD%E5%A4%AE%E5%8C%BA%E5%B1%B1%E6%9C%AC%E9%80%9A3-1-3,34.6967796,135.1883480,2022,パン WEST,bread_west,発表日：2022年10月11日
wada,兵庫県芦屋市松ノ内町4-5 アーベイン芦屋川 1F,食べログ パン WEST 百名店 2022,https://tabelog.com/hyogo/A2803/A280302/28028120/,,https://www.google.com/maps/search/?api=1&query=wada%20%E5%85%B5%E5%BA%AB%E7%9C%8C%E8%8A%A6%E5%B1%8B%E5%B8%82%E6%9D%BE%E3%83%8E%E5%86%85%E7%94%BA4-5%20%E3%82%A2%E3%83%BC%E3%83%99%E3%82%A4%E3%83%B3%E8%8A%A6%E5%B1%8B%E5%B7%9D%201F,34.7347298,135.3018880,2022,パン WEST,bread_west,発表日：2022年10月11日
ワルダー,京都府京都市中京区麩屋町六角下ル坂井町452 ハイマート・ふや町 1F,食べログ パン WEST 百名店 2022,https://tabelog.com/kyoto/A2601/A260201/26004637/,,https://www.google.com/maps/search/?api=1&query=%E3%83%AF%E3%83%AB%E3%83%80%E3%83%BC%20%E4%BA%AC%E9%83%BD%E5%BA%9C%E4%BA%AC%E9%83%BD%E5%B8%82%E4%B8%AD%E4%BA%AC%E5%8C%BA%E9%BA%A9%E5%B1%8B%E7%94%BA%E5%85%AD%E8%A7%92%E4%B8%8B%E3%83%AB%E5%9D%82%E4%BA%95%E7%94%BA452%20%E3%83%8F%E3%82%A4%E3%83%9E%E3%83%BC%E3%83%88%E3%83%BB%E3%81%B5%E3%82%84%E7%94%BA%201F,35.0070239,135.7658858,2022,パン WEST,bread_west,発表日：2022年10月11日
エズ ブルー,京都府京都市上京区今出川通寺町西入大原口町212 カーサビアンカビル 1F,食べログ パン WEST 百名店 2022,https://tabelog.com/kyoto/A2601/A260302/26002639/,,https://www.google.com/maps/search/?api=1&query=%E3%82%A8%E3%82%BA%20%E3%83%96%E3%83%AB%E3%83%BC%20%E4%BA%AC%E9%83%BD%E5%BA%9C%E4%BA%AC%E9%83%BD%E5%B8%82%E4%B8%8A%E4%BA%AC%E5%8C%BA%E4%BB%8A%E5%87%BA%E5%B7%9D%E9%80%9A%E5%AF%BA%E7%94%BA%E8%A5%BF%E5%85%A5%E5%A4%A7%E5%8E%9F%E5%8F%A3%E7%94%BA212%20%E3%82%AB%E3%83%BC%E3%82%B5%E3%83%93%E3%82%A2%E3%83%B3%E3%82%AB%E3%83%93%E3%83%AB%201F,35.0290588,135.7672310,2022,パン WEST,bread_west,発表日：2022年10月11日
ル・プチメック 今出川店,京都府京都市上京区今出川通大宮西入ル元北小路町159 大晋メゾネ西陣今出川 1F,食べログ パン WEST 百名店 2022,https://tabelog.com/kyoto/A2601/A260202/26000210/,,https://www.google.com/maps/search/?api=1&query=%E3%83%AB%E3%83%BB%E3%83%97%E3%83%81%E3%83%A1%E3%83%83%E3%82%AF%20%E4%BB%8A%E5%87%BA%E5%B7%9D%E5%BA%97%20%E4%BA%AC%E9%83%BD%E5%BA%9C%E4%BA%AC%E9%83%BD%E5%B8%82%E4%B8%8A%E4%BA%AC%E5%8C%BA%E4%BB%8A%E5%87%BA%E5%B7%9D%E9%80%9A%E5%A4%A7%E5%AE%AE%E8%A5%BF%E5%85%A5%E3%83%AB%E5%85%83%E5%8C%97%E5%B0%8F%E8%B7%AF%E7%94%BA159%20%E5%A4%A7%E6%99%8B%E3%83%A1%E3%82%BE%E3%83%8D%E8%A5%BF%E9%99%A3%E4%BB%8A%E5%87%BA%E5%B7%9D%201F,35.0299044,135.7480166,2022,パン WEST,bread_west,発表日：2022年10月11日
コム・シノワ,兵庫県神戸市中央区御幸通7-1-16 三宮ビル南館 B1F,食べログ パン WEST 百名店 2022,https://tabelog.com/hyogo/A2801/A280101/28004087/,,https://www.google.com/maps/search/?api=1&query=%E3%82%B3%E3%83%A0%E3%83%BB%E3%82%B7%E3%83%8E%E3%83%AF%20%E5%85%B5%E5%BA%AB%E7%9C%8C%E7%A5%9E%E6%88%B8%E5%B8%82%E4%B8%AD%E5%A4%AE%E5%8C%BA%E5%BE%A1%E5%B9%B8%E9%80%9A7-1-16%20%E4%B8%89%E5%AE%AE%E3%83%93%E3%83%AB%E5%8D%97%E9%A4%A8%20B1F,34.6924685,135.1966343,2022,パン WEST,bread_west,発表日：2022年10月11日
ベーカリー燈,兵庫県姫路市本町68 平和不動産ビル1F西,食べログ パン WEST 百名店 2022,https://tabelog.com/hyogo/A2805/A280501/28026604/,,https://www.google.com/maps/search/?api=1&query=%E3%83%99%E3%83%BC%E3%82%AB%E3%83%AA%E3%83%BC%E7%87%88%20%E5%85%B5%E5%BA%AB%E7%9C%8C%E5%A7%AB%E8%B7%AF%E5%B8%82%E6%9C%AC%E7%94%BA68%20%E5%B9%B3%E5%92%8C%E4%B8%8D%E5%8B%95%E7%94%A3%E3%83%93%E3%83%AB1F%E8%A5%BF,34.8340411,134.6919803,2022,パン WEST,bread_west,発表日：2022年10月11日
パンとお話 アップルの発音,大阪府大阪市平野区流町1-9-14,食べログ パン WEST 百名店 2022,https://tabelog.com/osaka/A2701/A270405/27044053/,,https://www.google.com/maps/search/?api=1&query=%E3%83%91%E3%83%B3%E3%81%A8%E3%81%8A%E8%A9%B1%20%E3%82%A2%E3%83%83%E3%83%97%E3%83%AB%E3%81%AE%E7%99%BA%E9%9F%B3%20%E5%A4%A7%E9%98%AA%E5%BA%9C%E5%A4%A7%E9%98%AA%E5%B8%82%E5%B9%B3%E9%87%8E%E5%8C%BA%E6%B5%81%E7%94%BA1-9-14,34.6199855,135.5519075,2022,パン WEST,bread_west,発表日：2022年10月11日
フロイン堂,兵庫県神戸市東灘区岡本1-11-23,食べログ パン WEST 百名店 2022,https://tabelog.com/hyogo/A2801/A280105/28001078/,,https://www.google.com/maps/search/?api=1&query=%E3%83%95%E3%83%AD%E3%82%A4%E3%83%B3%E5%A0%82%20%E5%85%B5%E5%BA%AB%E7%9C%8C%E7%A5%9E%E6%88%B8%E5%B8%82%E6%9D%B1%E7%81%98%E5%8C%BA%E5%B2%A1%E6%9C%AC1-11-23,34.7286743,135.2751927,2022,パン WEST,bread_west,発表日：2022年10月11日
ブーランジェリー ミヤナガ,兵庫県西宮市相生町7-3 夙川第一ビル 1F,食べログ パン WEST 百名店 2022,https://tabelog.com/hyogo/A2803/A280301/28026569/,,https://www.google.com/maps/search/?api=1&query=%E3%83%96%E3%83%BC%E3%83%A9%E3%83%B3%E3%82%B8%E3%82%A7%E3%83%AA%E3%83%BC%20%E3%83%9F%E3%83%A4%E3%83%8A%E3%82%AC%20%E5%85%B5%E5%BA%AB%E7%9C%8C%E8%A5%BF%E5%AE%AE%E5%B8%82%E7%9B%B8%E7%94%9F%E7%94%BA7-3%20%E5%A4%99%E5%B7%9D%E7%AC%AC%E4%B8%80%E3%83%93%E3%83%AB%201F,34.7425496,135.3277357,2022,パン WEST,bread_west,発表日：2022年10月11日
ベーカリー 柳月堂,京都府京都市左京区田中下柳町5-1 柳月堂ビル 1F,食べログ パン WEST 百名店 2022,https://tabelog.com/kyoto/A2601/A260302/26001108/,,https://www.google.com/maps/search/?api=1&query=%E3%83%99%E3%83%BC%E3%82%AB%E3%83%AA%E3%83%BC%20%E6%9F%B3%E6%9C%88%E5%A0%82%20%E4%BA%AC%E9%83%BD%E5%BA%9C%E4%BA%AC%E9%83%BD%E5%B8%82%E5%B7%A6%E4%BA%AC%E5%8C%BA%E7%94%B0%E4%B8%AD%E4%B8%8B%E6%9F%B3%E7%94%BA5-1%20%E6%9F%B3%E6%9C%88%E5%A0%82%E3%83%93%E3%83%AB%201F,35.0302082,135.7736734,2022,パン WEST,bread_west,発表日：2022年10月11日
ブーランジェ エス・カガワ,大阪府大阪市北区中崎1-10-10 ソレイユ中崎 1F,食べログ パン WEST 百名店 2022,https://tabelog.com/osaka/A2701/A270101/27059555/,,https://www.google.com/maps/search/?api=1&query=%E3%83%96%E3%83%BC%E3%83%A9%E3%83%B3%E3%82%B8%E3%82%A7%20%E3%82%A8%E3%82%B9%E3%83%BB%E3%82%AB%E3%82%AC%E3%83%AF%20%E5%A4%A7%E9%98%AA%E5%BA%9C%E5%A4%A7%E9%98%AA%E5%B8%82%E5%8C%97%E5%8C%BA%E4%B8%AD%E5%B4%8E1-10-10%20%E3%82%BD%E3%83%AC%E3%82%A4%E3%83%A6%E4%B8%AD%E5%B4%8E%201F,34.7078488,135.5067893,2022,パン WEST,bread_west,発表日：2022年10月11日
フリップアップ,京都府京都市中京区押小路通室町東入ル蛸薬師町292-2,食べログ パン WEST 百名店 2022,https://tabelog.com/kyoto/A2601/A260202/26004579/,,https://www.google.com/maps/search/?api=1&query=%E3%83%95%E3%83%AA%E3%83%83%E3%83%97%E3%82%A2%E3%83%83%E3%83%97%20%E4%BA%AC%E9%83%BD%E5%BA%9C%E4%BA%AC%E9%83%BD%E5%B8%82%E4%B8%AD%E4%BA%AC%E5%8C%BA%E6%8A%BC%E5%B0%8F%E8%B7%AF%E9%80%9A%E5%AE%A4%E7%94%BA%E6%9D%B1%E5%85%A5%E3%83%AB%E8%9B%B8%E8%96%AC%E5%B8%AB%E7%94%BA292-2,35.0123556,135.7582747,2022,パン WEST,bread_west,発表日：2022年10月11日
ビアン シュール,大阪府大阪市阿倍野区阿倍野筋2-4-44,食べログ パン WEST 百名店 2022,https://tabelog.com/osaka/A2701/A270203/27000545/,,https://www.google.com/maps/search/?api=1&query=%E3%83%93%E3%82%A2%E3%83%B3%20%E3%82%B7%E3%83%A5%E3%83%BC%E3%83%AB%20%E5%A4%A7%E9%98%AA%E5%BA%9C%E5%A4%A7%E9%98%AA%E5%B8%82%E9%98%BF%E5%80%8D%E9%87%8E%E5%8C%BA%E9%98%BF%E5%80%8D%E9%87%8E%E7%AD%8B2-4-44,34.6434219,135.5124346,2022,パン WEST,bread_west,発表日：2022年10月11日
パン工房　フルニエ,大阪府和泉市のぞみ野3-11-24,食べログ パン WEST 百名店 2022,https://tabelog.com/osaka/A2705/A270502/27016975/,,https://www.google.com/maps/search/?api=1&query=%E3%83%91%E3%83%B3%E5%B7%A5%E6%88%BF%E3%80%80%E3%83%95%E3%83%AB%E3%83%8B%E3%82%A8%20%E5%A4%A7%E9%98%AA%E5%BA%9C%E5%92%8C%E6%B3%89%E5%B8%82%E3%81%AE%E3%81%9E%E3%81%BF%E9%87%8E3-11-24,34.4517407,135.4576034,2022,パン WEST,bread_west,発表日：2022年10月11日
デ・トゥット・パンデュース エキマルシェ大阪店,大阪府大阪市北区梅田3-1-1 エキマルシェ大阪 1F,食べログ パン WEST 百名店 2022,https://tabelog.com/osaka/A2701/A270101/27068845/,,https://www.google.com/maps/search/?api=1&query=%E3%83%87%E3%83%BB%E3%83%88%E3%82%A5%E3%83%83%E3%83%88%E3%83%BB%E3%83%91%E3%83%B3%E3%83%87%E3%83%A5%E3%83%BC%E3%82%B9%20%E3%82%A8%E3%82%AD%E3%83%9E%E3%83%AB%E3%82%B7%E3%82%A7%E5%A4%A7%E9%98%AA%E5%BA%97%20%E5%A4%A7%E9%98%AA%E5%BA%9C%E5%A4%A7%E9%98%AA%E5%B8%82%E5%8C%97%E5%8C%BA%E6%A2%85%E7%94%B03-1-1%20%E3%82%A8%E3%82%AD%E3%83%9E%E3%83%AB%E3%82%B7%E3%82%A7%E5%A4%A7%E9%98%AA%201F,34.7017955,135.4954299,2022,パン WEST,bread_west,発表日：2022年10月11日
ル・シュクレクール 北新地,大阪府大阪市北区堂島浜1-2-1 新ダイビル 1F,食べログ パン WEST 百名店 2022,https://tabelog.com/osaka/A2701/A270101/27092018/,,https://www.google.com/maps/search/?api=1&query=%E3%83%AB%E3%83%BB%E3%82%B7%E3%83%A5%E3%82%AF%E3%83%AC%E3%82%AF%E3%83%BC%E3%83%AB%20%E5%8C%97%E6%96%B0%E5%9C%B0%20%E5%A4%A7%E9%98%AA%E5%BA%9C%E5%A4%A7%E9%98%AA%E5%B8%82%E5%8C%97%E5%8C%BA%E5%A0%82%E5%B3%B6%E6%B5%9C1-2-1%20%E6%96%B0%E3%83%80%E3%82%A4%E3%83%93%E3%83%AB%201F,34.6956932,135.4992817,2022,パン WEST,bread_west,発表日：2022年10月11日
un peu de,兵庫県神戸市東灘区森南町1-11-11,食べログ パン WEST 百名店 2022,https://tabelog.com/hyogo/A2801/A280105/28025630/,,https://www.google.com/maps/search/?api=1&query=un%20peu%20de%20%E5%85%B5%E5%BA%AB%E7%9C%8C%E7%A5%9E%E6%88%B8%E5%B8%82%E6%9D%B1%E7%81%98%E5%8C%BA%E6%A3%AE%E5%8D%97%E7%94%BA1-11-11,34.7293448,135.2920156,2022,パン WEST,bread_west,発表日：2022年10月11日
焼きたてパン マンハッタン,京都府京都市中京区壬生辻町18,食べログ パン WEST 百名店 2022,https://tabelog.com/kyoto/A2601/A260203/26014268/,,https://www.google.com/maps/search/?api=1&query=%E7%84%BC%E3%81%8D%E3%81%9F%E3%81%A6%E3%83%91%E3%83%B3%20%E3%83%9E%E3%83%B3%E3%83%8F%E3%83%83%E3%82%BF%E3%83%B3%20%E4%BA%AC%E9%83%BD%E5%BA%9C%E4%BA%AC%E9%83%BD%E5%B8%82%E4%B8%AD%E4%BA%AC%E5%8C%BA%E5%A3%AC%E7%94%9F%E8%BE%BB%E7%94%BA18,35.0001798,135.7431460,2022,パン WEST,bread_west,発表日：2022年10月11日
パン・ドゥ・マルシェ,滋賀県草津市追分南6-19-8,食べログ パン WEST 百名店 2022,https://tabelog.com/shiga/A2502/A250201/25001153/,,https://www.google.com/maps/search/?api=1&query=%E3%83%91%E3%83%B3%E3%83%BB%E3%83%89%E3%82%A5%E3%83%BB%E3%83%9E%E3%83%AB%E3%82%B7%E3%82%A7%20%E6%BB%8B%E8%B3%80%E7%9C%8C%E8%8D%89%E6%B4%A5%E5%B8%82%E8%BF%BD%E5%88%86%E5%8D%976-19-8,34.9924823,135.9646554,2022,パン WEST,bread_west,発表日：2022年10月11日
まっしゅ京都,京都府京都市下京区東洞院通高辻下る燈籠町568,食べログ パン WEST 百名店 2022,https://tabelog.com/kyoto/A2601/A260201/26006051/,,https://www.google.com/maps/search/?api=1&query=%E3%81%BE%E3%81%A3%E3%81%97%E3%82%85%E4%BA%AC%E9%83%BD%20%E4%BA%AC%E9%83%BD%E5%BA%9C%E4%BA%AC%E9%83%BD%E5%B8%82%E4%B8%8B%E4%BA%AC%E5%8C%BA%E6%9D%B1%E6%B4%9E%E9%99%A2%E9%80%9A%E9%AB%98%E8%BE%BB%E4%B8%8B%E3%82%8B%E7%87%88%E7%B1%A0%E7%94%BA568,34.9998273,135.7610738,2022,パン WEST,bread_west,発表日：2022年10月11日
リョウイチヤマウチ,兵庫県西宮市南越木岩町15 ルーブルコート苦楽園1F,食べログ パン WEST 百名店 2022,https://tabelog.com/hyogo/A2803/A280301/28006731/,,https://www.google.com/maps/search/?api=1&query=%E3%83%AA%E3%83%A7%E3%82%A6%E3%82%A4%E3%83%81%E3%83%A4%E3%83%9E%E3%82%A6%E3%83%81%20%E5%85%B5%E5%BA%AB%E7%9C%8C%E8%A5%BF%E5%AE%AE%E5%B8%82%E5%8D%97%E8%B6%8A%E6%9C%A8%E5%B2%A9%E7%94%BA15%20%E3%83%AB%E3%83%BC%E3%83%96%E3%83%AB%E3%82%B3%E3%83%BC%E3%83%88%E8%8B%A6%E6%A5%BD%E5%9C%921F,34.7510581,135.3249395,2022,パン WEST,bread_west,発表日：2022年10月11日
ブーランジュリー&カフェ グウ,大阪府大阪市中央区内本町1-1-10 リンサンビル 1F,食べログ パン WEST 百名店 2022,https://tabelog.com/osaka/A2701/A270104/27075014/,,https://www.google.com/maps/search/?api=1&query=%E3%83%96%E3%83%BC%E3%83%A9%E3%83%B3%E3%82%B8%E3%83%A5%E3%83%AA%E3%83%BC%26%E3%82%AB%E3%83%95%E3%82%A7%20%E3%82%B0%E3%82%A6%20%E5%A4%A7%E9%98%AA%E5%BA%9C%E5%A4%A7%E9%98%AA%E5%B8%82%E4%B8%AD%E5%A4%AE%E5%8C%BA%E5%86%85%E6%9C%AC%E7%94%BA1-1-10%20%E3%83%AA%E3%83%B3%E3%82%B5%E3%83%B3%E3%83%93%E3%83%AB%201F,34.6835202,135.5160495,2022,パン WEST,bread_west,発表日：2022年10月11日
ル・シュクレクール 岸部,大阪府吹田市岸部北5-20-3,食べログ パン WEST 百名店 2022,https://tabelog.com/osaka/A2706/A270602/27003426/,,https://www.google.com/maps/search/?api=1&query=%E3%83%AB%E3%83%BB%E3%82%B7%E3%83%A5%E3%82%AF%E3%83%AC%E3%82%AF%E3%83%BC%E3%83%AB%20%E5%B2%B8%E9%83%A8%20%E5%A4%A7%E9%98%AA%E5%BA%9C%E5%90%B9%E7%94%B0%E5%B8%82%E5%B2%B8%E9%83%A8%E5%8C%975-20-3,34.7858166,135.5345492,2022,パン WEST,bread_west,発表日：2022年10月11日
トミーズ 三宮東店,兵庫県神戸市中央区琴ノ緒町4-1-5-393,食べログ パン WEST 百名店 2022,https://tabelog.com/hyogo/A2801/A280101/28008331/,,https://www.google.com/maps/search/?api=1&query=%E3%83%88%E3%83%9F%E3%83%BC%E3%82%BA%20%E4%B8%89%E5%AE%AE%E6%9D%B1%E5%BA%97%20%E5%85%B5%E5%BA%AB%E7%9C%8C%E7%A5%9E%E6%88%B8%E5%B8%82%E4%B8%AD%E5%A4%AE%E5%8C%BA%E7%90%B4%E3%83%8E%E7%B7%92%E7%94%BA4-1-5-393,34.6960011,135.1959192,2022,パン WEST,bread_west,発表日：2022年10月11日
ブーランジュリー パリゴ,大阪府大阪市天王寺区上本町9-3-4 CITY SPIRE 上町台 1F,食べログ パン WEST 百名店 2022,https://tabelog.com/osaka/A2701/A270205/27007052/,,https://www.google.com/maps/search/?api=1&query=%E3%83%96%E3%83%BC%E3%83%A9%E3%83%B3%E3%82%B8%E3%83%A5%E3%83%AA%E3%83%BC%20%E3%83%91%E3%83%AA%E3%82%B4%20%E5%A4%A7%E9%98%AA%E5%BA%9C%E5%A4%A7%E9%98%AA%E5%B8%82%E5%A4%A9%E7%8E%8B%E5%AF%BA%E5%8C%BA%E4%B8%8A%E6%9C%AC%E7%94%BA9-3-4%20CITY%20SPIRE%20%E4%B8%8A%E7%94%BA%E5%8F%B0%201F,34.6578158,135.5176466,2022,パン WEST,bread_west,発表日：2022年10月11日
ROUTE271 梅田本店,大阪府大阪市北区芝田2-3-2 1F,食べログ パン WEST 百名店 2022,https://tabelog.com/osaka/A2701/A270101/27087157/,,https://www.google.com/maps/search/?api=1&query=ROUTE271%20%E6%A2%85%E7%94%B0%E6%9C%AC%E5%BA%97%20%E5%A4%A7%E9%98%AA%E5%BA%9C%E5%A4%A7%E9%98%AA%E5%B8%82%E5%8C%97%E5%8C%BA%E8%8A%9D%E7%94%B02-3-2%201F,34.7052011,135.4956540,2022,パン WEST,bread_west,発表日：2022年10月11日
アド・パンデュース,大阪府大阪市中央区北浜4-3-1 淀屋橋odona 2F,食べログ パン WEST 百名店 2022,https://tabelog.com/osaka/A2701/A270102/27015191/,,https://www.google.com/maps/search/?api=1&query=%E3%82%A2%E3%83%89%E3%83%BB%E3%83%91%E3%83%B3%E3%83%87%E3%83%A5%E3%83%BC%E3%82%B9%20%E5%A4%A7%E9%98%AA%E5%BA%9C%E5%A4%A7%E9%98%AA%E5%B8%82%E4%B8%AD%E5%A4%AE%E5%8C%BA%E5%8C%97%E6%B5%9C4-3-1%20%E6%B7%80%E5%B1%8B%E6%A9%8Bodona%202F,34.6913871,135.4999600,2022,パン WEST,bread_west,発表日：2022年10月11日
ブーランジュリー タカギ,大阪府大阪市西区江戸堀1-5-1,食べログ パン WEST 百名店 2022,https://tabelog.com/osaka/A2701/A270102/27002376/,,https://www.google.com/maps/search/?api=1&query=%E3%83%96%E3%83%BC%E3%83%A9%E3%83%B3%E3%82%B8%E3%83%A5%E3%83%AA%E3%83%BC%20%E3%82%BF%E3%82%AB%E3%82%AE%20%E5%A4%A7%E9%98%AA%E5%BA%9C%E5%A4%A7%E9%98%AA%E5%B8%82%E8%A5%BF%E5%8C%BA%E6%B1%9F%E6%88%B8%E5%A0%801-5-1,34.6906608,135.4971500,2022,パン WEST,bread_west,発表日：2022年10月11日
ゴジュウニチョウメベーカリー,大阪府大阪市中央区農人橋2-1-6 レジデンス中央1A,食べログ パン WEST 百名店 2022,https://tabelog.com/osaka/A2701/A270104/27059169/,,https://www.google.com/maps/search/?api=1&query=%E3%82%B4%E3%82%B8%E3%83%A5%E3%82%A6%E3%83%8B%E3%83%81%E3%83%A7%E3%82%A6%E3%83%A1%E3%83%99%E3%83%BC%E3%82%AB%E3%83%AA%E3%83%BC%20%E5%A4%A7%E9%98%AA%E5%BA%9C%E5%A4%A7%E9%98%AA%E5%B8%82%E4%B8%AD%E5%A4%AE%E5%8C%BA%E8%BE%B2%E4%BA%BA%E6%A9%8B2-1-6%20%E3%83%AC%E3%82%B8%E3%83%87%E3%83%B3%E3%82%B9%E4%B8%AD%E5%A4%AE1A,34.6807154,135.5141899,2022,パン WEST,bread_west,発表日：2022年10月11日
グランディール 下鴨店,京都府京都市左京区下鴨梅ノ木町44 ロジェ下鴨 1F,食べログ パン WEST 百名店 2022,https://tabelog.com/kyoto/A2601/A260503/26002312/,,https://www.google.com/maps/search/?api=1&query=%E3%82%B0%E3%83%A9%E3%83%B3%E3%83%87%E3%82%A3%E3%83%BC%E3%83%AB%20%E4%B8%8B%E9%B4%A8%E5%BA%97%20%E4%BA%AC%E9%83%BD%E5%BA%9C%E4%BA%AC%E9%83%BD%E5%B8%82%E5%B7%A6%E4%BA%AC%E5%8C%BA%E4%B8%8B%E9%B4%A8%E6%A2%85%E3%83%8E%E6%9C%A8%E7%94%BA44%20%E3%83%AD%E3%82%B8%E3%82%A7%E4%B8%8B%E9%B4%A8%201F,35.0465831,135.7705959,2022,パン WEST,bread_west,発表日：2022年10月11日
ルルット,大阪府大阪市西区江戸堀2-3-17 1F,食べログ パン WEST 百名店 2022,https://tabelog.com/osaka/A2701/A270102/27075939/,,https://www.google.com/maps/search/?api=1&query=%E3%83%AB%E3%83%AB%E3%83%83%E3%83%88%20%E5%A4%A7%E9%98%AA%E5%BA%9C%E5%A4%A7%E9%98%AA%E5%B8%82%E8%A5%BF%E5%8C%BA%E6%B1%9F%E6%88%B8%E5%A0%802-3-17%201F,34.6869667,135.4911140,2022,パン WEST,bread_west,発表日：2022年10月11日
パンタイム,兵庫県芦屋市茶屋之町10-6,食べログ パン WEST 百名店 2022,https://tabelog.com/hyogo/A2803/A280302/28004182/,,https://www.google.com/maps/search/?api=1&query=%E3%83%91%E3%83%B3%E3%82%BF%E3%82%A4%E3%83%A0%20%E5%85%B5%E5%BA%AB%E7%9C%8C%E8%8A%A6%E5%B1%8B%E5%B8%82%E8%8C%B6%E5%B1%8B%E4%B9%8B%E7%94%BA10-6,34.7298526,135.3075328,2022,パン WEST,bread_west,発表日：2022年10月11日
パリアッシュ,大阪府大阪市北区中之島3-6-32 ダイビル本館 1F,食べログ パン WEST 百名店 2022,https://tabelog.com/osaka/A2701/A270108/27074010/,,https://www.google.com/maps/search/?api=1&query=%E3%83%91%E3%83%AA%E3%82%A2%E3%83%83%E3%82%B7%E3%83%A5%20%E5%A4%A7%E9%98%AA%E5%BA%9C%E5%A4%A7%E9%98%AA%E5%B8%82%E5%8C%97%E5%8C%BA%E4%B8%AD%E4%B9%8B%E5%B3%B63-6-32%20%E3%83%80%E3%82%A4%E3%83%93%E3%83%AB%E6%9C%AC%E9%A4%A8%201F,34.6931942,135.4925507,2022,パン WEST,bread_west,発表日：2022年10月11日
ル・アイ 谷町店,大阪府大阪市中央区谷町6-2-27 １Ｆ,食べログ パン WEST 百名店 2022,https://tabelog.com/osaka/A2701/A270204/27004715/,,https://www.google.com/maps/search/?api=1&query=%E3%83%AB%E3%83%BB%E3%82%A2%E3%82%A4%20%E8%B0%B7%E7%94%BA%E5%BA%97%20%E5%A4%A7%E9%98%AA%E5%BA%9C%E5%A4%A7%E9%98%AA%E5%B8%82%E4%B8%AD%E5%A4%AE%E5%8C%BA%E8%B0%B7%E7%94%BA6-2-27%20%EF%BC%91%EF%BC%A6,34.6744473,135.5172183,2022,パン WEST,bread_west,発表日：2022年10月11日
クロア,京都府京都市北区鷹峯藤林町6 長八館　１Ｆ,食べログ パン WEST 百名店 2022,https://tabelog.com/kyoto/A2601/A260503/26002694/,,https://www.google.com/maps/search/?api=1&query=%E3%82%AF%E3%83%AD%E3%82%A2%20%E4%BA%AC%E9%83%BD%E5%BA%9C%E4%BA%AC%E9%83%BD%E5%B8%82%E5%8C%97%E5%8C%BA%E9%B7%B9%E5%B3%AF%E8%97%A4%E6%9E%97%E7%94%BA6%20%E9%95%B7%E5%85%AB%E9%A4%A8%E3%80%80%EF%BC%91%EF%BC%A6,35.0485994,135.7360720,2022,パン WEST,bread_west,発表日：2022年10月11日
プレザン,大阪府高槻市上田辺町4-25-102,食べログ パン WEST 百名店 2022,https://tabelog.com/osaka/A2706/A270604/27017741/,,https://www.google.com/maps/search/?api=1&query=%E3%83%97%E3%83%AC%E3%82%B6%E3%83%B3%20%E5%A4%A7%E9%98%AA%E5%BA%9C%E9%AB%98%E6%A7%BB%E5%B8%82%E4%B8%8A%E7%94%B0%E8%BE%BA%E7%94%BA4-25-102,34.8503405,135.6175346,2022,パン WEST,bread_west,発表日：2022年10月11日
ボン・ボランテ,京都府京都市上京区河原町通荒神口下ル上生洲町229-1,食べログ パン WEST 百名店 2022,https://tabelog.com/kyoto/A2601/A260302/26002684/,,https://www.google.com/maps/search/?api=1&query=%E3%83%9C%E3%83%B3%E3%83%BB%E3%83%9C%E3%83%A9%E3%83%B3%E3%83%86%20%E4%BA%AC%E9%83%BD%E5%BA%9C%E4%BA%AC%E9%83%BD%E5%B8%82%E4%B8%8A%E4%BA%AC%E5%8C%BA%E6%B2%B3%E5%8E%9F%E7%94%BA%E9%80%9A%E8%8D%92%E7%A5%9E%E5%8F%A3%E4%B8%8B%E3%83%AB%E4%B8%8A%E7%94%9F%E6%B4%B2%E7%94%BA229-1,35.0201661,135.7696306,2022,パン WEST,bread_west,発表日：2022年10月11日
ハッピーキャンパーベーグル,大阪府大阪市北区天神橋3-7-24,食べログ パン WEST 百名店 2022,https://tabelog.com/osaka/A2701/A270103/27071749/,,https://www.google.com/maps/search/?api=1&query=%E3%83%8F%E3%83%83%E3%83%94%E3%83%BC%E3%82%AD%E3%83%A3%E3%83%B3%E3%83%91%E3%83%BC%E3%83%99%E3%83%BC%E3%82%B0%E3%83%AB%20%E5%A4%A7%E9%98%AA%E5%BA%9C%E5%A4%A7%E9%98%AA%E5%B8%82%E5%8C%97%E5%8C%BA%E5%A4%A9%E7%A5%9E%E6%A9%8B3-7-24,34.7013422,135.5114560,2022,パン WEST,bread_west,発表日：2022年10月11日
レガル,京都府木津川市梅谷荊谷55-1,食べログ パン WEST 百名店 2022,https://tabelog.com/kyoto/A2607/A260705/26005980/,,https://www.google.com/maps/search/?api=1&query=%E3%83%AC%E3%82%AC%E3%83%AB%20%E4%BA%AC%E9%83%BD%E5%BA%9C%E6%9C%A8%E6%B4%A5%E5%B7%9D%E5%B8%82%E6%A2%85%E8%B0%B7%E8%8D%8A%E8%B0%B755-1,34.7214696,135.8409410,2022,パン WEST,bread_west,発表日：2022年10月11日
エス・ブーランジュリー,兵庫県三田市ゆりのき台5-32-1 SANDA WOODY TOWN内　FRAME,食べログ パン WEST 百名店 2022,https://tabelog.com/hyogo/A2807/A280703/28009524/,,https://www.google.com/maps/search/?api=1&query=%E3%82%A8%E3%82%B9%E3%83%BB%E3%83%96%E3%83%BC%E3%83%A9%E3%83%B3%E3%82%B8%E3%83%A5%E3%83%AA%E3%83%BC%20%E5%85%B5%E5%BA%AB%E7%9C%8C%E4%B8%89%E7%94%B0%E5%B8%82%E3%82%86%E3%82%8A%E3%81%AE%E3%81%8D%E5%8F%B05-32-1%20SANDA%20WOODY%20TOWN%E5%86%85%E3%80%80FRAME,34.9179630,135.1824771,2022,パン WEST,bread_west,発表日：2022年10月11日
パンスケープ 二条駅前店,京都府京都市中京区西ノ京職司町19-3,食べログ パン WEST 百名店 2022,https://tabelog.com/kyoto/A2601/A260203/26017091/,,https://www.google.com/maps/search/?api=1&query=%E3%83%91%E3%83%B3%E3%82%B9%E3%82%B1%E3%83%BC%E3%83%97%20%E4%BA%8C%E6%9D%A1%E9%A7%85%E5%89%8D%E5%BA%97%20%E4%BA%AC%E9%83%BD%E5%BA%9C%E4%BA%AC%E9%83%BD%E5%B8%82%E4%B8%AD%E4%BA%AC%E5%8C%BA%E8%A5%BF%E3%83%8E%E4%BA%AC%E8%81%B7%E5%8F%B8%E7%94%BA19-3,35.0104072,135.7428374,2022,パン WEST,bread_west,発表日：2022年10月11日
アルチザナル,京都府京都市上京区今出川通寺町東入ル一真町89,食べログ パン WEST 百名店 2022,https://tabelog.com/kyoto/A2601/A260302/26020779/,,https://www.google.com/maps/search/?api=1&query=%E3%82%A2%E3%83%AB%E3%83%81%E3%82%B6%E3%83%8A%E3%83%AB%20%E4%BA%AC%E9%83%BD%E5%BA%9C%E4%BA%AC%E9%83%BD%E5%B8%82%E4%B8%8A%E4%BA%AC%E5%8C%BA%E4%BB%8A%E5%87%BA%E5%B7%9D%E9%80%9A%E5%AF%BA%E7%94%BA%E6%9D%B1%E5%85%A5%E3%83%AB%E4%B8%80%E7%9C%9F%E7%94%BA89,35.0293074,135.7684371,2022,パン WEST,bread_west,発表日：2022年10月11日
まん福ベーカリー,大阪府大阪市中央区北浜東5-1,食べログ パン WEST 百名店 2022,https://tabelog.com/osaka/A2701/A270102/27060424/,,https://www.google.com/maps/search/?api=1&query=%E3%81%BE%E3%82%93%E7%A6%8F%E3%83%99%E3%83%BC%E3%82%AB%E3%83%AA%E3%83%BC%20%E5%A4%A7%E9%98%AA%E5%BA%9C%E5%A4%A7%E9%98%AA%E5%B8%82%E4%B8%AD%E5%A4%AE%E5%8C%BA%E5%8C%97%E6%B5%9C%E6%9D%B15-1,34.6900745,135.5100683,2022,パン WEST,bread_west,発表日：2022年10月11日
ラ バゲット ド パリ ヨシカワ,兵庫県西宮市樋之池町3-6,食べログ パン WEST 百名店 2022,https://tabelog.com/hyogo/A2803/A280301/28018035/,,https://www.google.com/maps/search/?api=1&query=%E3%83%A9%20%E3%83%90%E3%82%B2%E3%83%83%E3%83%88%20%E3%83%89%20%E3%83%91%E3%83%AA%20%E3%83%A8%E3%82%B7%E3%82%AB%E3%83%AF%20%E5%85%B5%E5%BA%AB%E7%9C%8C%E8%A5%BF%E5%AE%AE%E5%B8%82%E6%A8%8B%E4%B9%8B%E6%B1%A0%E7%94%BA3-6,34.7522622,135.3221514,2022,パン WEST,bread_west,発表日：2022年10月11日
トリコ,兵庫県西宮市大井手町3-6 ヴァンベール夙川 B1F,食べログ パン WEST 百名店 2022,https://tabelog.com/hyogo/A2803/A280301/28031160/,,https://www.google.com/maps/search/?api=1&query=%E3%83%88%E3%83%AA%E3%82%B3%20%E5%85%B5%E5%BA%AB%E7%9C%8C%E8%A5%BF%E5%AE%AE%E5%B8%82%E5%A4%A7%E4%BA%95%E6%89%8B%E7%94%BA3-6%20%E3%83%B4%E3%82%A1%E3%83%B3%E3%83%99%E3%83%BC%E3%83%AB%E5%A4%99%E5%B7%9D%20B1F,34.7425249,135.3291123,2022,パン WEST,bread_west,発表日：2022年10月11日
プラス ドゥ パスト,兵庫県神戸市中央区橘通3-1-1 西門ビル 1F,食べログ パン WEST 百名店 2022,https://tabelog.com/hyogo/A2801/A280102/28002212/,,https://www.google.com/maps/search/?api=1&query=%E3%83%97%E3%83%A9%E3%82%B9%20%E3%83%89%E3%82%A5%20%E3%83%91%E3%82%B9%E3%83%88%20%E5%85%B5%E5%BA%AB%E7%9C%8C%E7%A5%9E%E6%88%B8%E5%B8%82%E4%B8%AD%E5%A4%AE%E5%8C%BA%E6%A9%98%E9%80%9A3-1-1%20%E8%A5%BF%E9%96%80%E3%83%93%E3%83%AB%201F,34.6809026,135.1750298,2022,パン WEST,bread_west,発表日：2022年10月11日
ベッカライ・ペルケオ・アルト・ハイデルベルク,京都府京都市左京区岡崎天王町54-1 クリヨン岡崎１階,食べログ パン WEST 百名店 2022,https://tabelog.com/kyoto/A2601/A260301/26014599/,,https://www.google.com/maps/search/?api=1&query=%E3%83%99%E3%83%83%E3%82%AB%E3%83%A9%E3%82%A4%E3%83%BB%E3%83%9A%E3%83%AB%E3%82%B1%E3%82%AA%E3%83%BB%E3%82%A2%E3%83%AB%E3%83%88%E3%83%BB%E3%83%8F%E3%82%A4%E3%83%87%E3%83%AB%E3%83%99%E3%83%AB%E3%82%AF%20%E4%BA%AC%E9%83%BD%E5%BA%9C%E4%BA%AC%E9%83%BD%E5%B8%82%E5%B7%A6%E4%BA%AC%E5%8C%BA%E5%B2%A1%E5%B4%8E%E5%A4%A9%E7%8E%8B%E7%94%BA54-1%20%E3%82%AF%E3%83%AA%E3%83%A8%E3%83%B3%E5%B2%A1%E5%B4%8E%EF%BC%91%E9%9A%8E,35.0165991,135.7871585,2022,パン WEST,bread_west,発表日：2022年10月11日
パンデュース 本店,大阪府大阪市中央区淡路町4-3-1 FOBOSビル 1F,食べログ パン WEST 百名店 2022,https://tabelog.com/osaka/A2701/A270106/27003262/,,https://www.google.com/maps/search/?api=1&query=%E3%83%91%E3%83%B3%E3%83%87%E3%83%A5%E3%83%BC%E3%82%B9%20%E6%9C%AC%E5%BA%97%20%E5%A4%A7%E9%98%AA%E5%BA%9C%E5%A4%A7%E9%98%AA%E5%B8%82%E4%B8%AD%E5%A4%AE%E5%8C%BA%E6%B7%A1%E8%B7%AF%E7%94%BA4-3-1%20FOBOS%E3%83%93%E3%83%AB%201F,34.6867341,135.4991968,2022,パン WEST,bread_west,発表日：2022年10月11日
泉北堂 本店,大阪府堺市南区和田東329-2,食べログ パン WEST 百名店 2022,https://tabelog.com/osaka/A2705/A270501/27014335/,,https://www.google.com/maps/search/?api=1&query=%E6%B3%89%E5%8C%97%E5%A0%82%20%E6%9C%AC%E5%BA%97%20%E5%A4%A7%E9%98%AA%E5%BA%9C%E5%A0%BA%E5%B8%82%E5%8D%97%E5%8C%BA%E5%92%8C%E7%94%B0%E6%9D%B1329-2,34.5034839,135.5055971,2022,パン WEST,bread_west,発表日：2022年10月11日
パンやきどころ RIKI,兵庫県神戸市中央区栄町通2-7-4 佐野達ビル 1F,食べログ パン WEST 百名店 2022,https://tabelog.com/hyogo/A2801/A280102/28038627/,,https://www.google.com/maps/search/?api=1&query=%E3%83%91%E3%83%B3%E3%82%84%E3%81%8D%E3%81%A9%E3%81%93%E3%82%8D%20RIKI%20%E5%85%B5%E5%BA%AB%E7%9C%8C%E7%A5%9E%E6%88%B8%E5%B8%82%E4%B8%AD%E5%A4%AE%E5%8C%BA%E6%A0%84%E7%94%BA%E9%80%9A2-7-4%20%E4%BD%90%E9%87%8E%E9%81%94%E3%83%93%E3%83%AB%201F,34.6873619,135.1868680,2022,パン WEST,bread_west,発表日：2022年10月11日
グリム,兵庫県伊丹市西台3-7-27,食べログ パン WEST 百名店 2022,https://tabelog.com/hyogo/A2803/A280306/28005935/,,https://www.google.com/maps/search/?api=1&query=%E3%82%B0%E3%83%AA%E3%83%A0%20%E5%85%B5%E5%BA%AB%E7%9C%8C%E4%BC%8A%E4%B8%B9%E5%B8%82%E8%A5%BF%E5%8F%B03-7-27,34.7781460,135.4134552,2022,パン WEST,bread_west,発表日：2022年10月11日
クラブハリエ ジュブリルタン,滋賀県彦根市松原町1435-83,食べログ パン WEST 百名店 2022,https://tabelog.com/shiga/A2503/A250303/25004738/,,https://www.google.com/maps/search/?api=1&query=%E3%82%AF%E3%83%A9%E3%83%96%E3%83%8F%E3%83%AA%E3%82%A8%20%E3%82%B8%E3%83%A5%E3%83%96%E3%83%AA%E3%83%AB%E3%82%BF%E3%83%B3%20%E6%BB%8B%E8%B3%80%E7%9C%8C%E5%BD%A6%E6%A0%B9%E5%B8%82%E6%9D%BE%E5%8E%9F%E7%94%BA1435-83,35.2960504,136.2570568,2022,パン WEST,bread_west,発表日：2022年10月11日
トミーズ 三宮店,兵庫県神戸市中央区北長狭通1-31高架下35,食べログ パン WEST 百名店 2022,https://tabelog.com/hyogo/A2801/A280101/28002135/,,https://www.google.com/maps/search/?api=1&query=%E3%83%88%E3%83%9F%E3%83%BC%E3%82%BA%20%E4%B8%89%E5%AE%AE%E5%BA%97%20%E5%85%B5%E5%BA%AB%E7%9C%8C%E7%A5%9E%E6%88%B8%E5%B8%82%E4%B8%AD%E5%A4%AE%E5%8C%BA%E5%8C%97%E9%95%B7%E7%8B%AD%E9%80%9A1-31%E9%AB%98%E6%9E%B6%E4%B8%8B35,34.6923689,135.1919149,2022,パン WEST,bread_west,発表日：2022年10月11日
ブランジュリ P&B,大阪府大阪市西区北堀江2-6-15 winビル 1F,食べログ パン WEST 百名店 2022,https://tabelog.com/osaka/A2701/A270105/27010111/,,https://www.google.com/maps/search/?api=1&query=%E3%83%96%E3%83%A9%E3%83%B3%E3%82%B8%E3%83%A5%E3%83%AA%20P%26B%20%E5%A4%A7%E9%98%AA%E5%BA%9C%E5%A4%A7%E9%98%AA%E5%B8%82%E8%A5%BF%E5%8C%BA%E5%8C%97%E5%A0%80%E6%B1%9F2-6-15%20win%E3%83%93%E3%83%AB%201F,34.6739170,135.4914785,2022,パン WEST,bread_west,発表日：2022年10月11日
たま木亭,京都府宇治市五ケ庄平野57-14,食べログ パン WEST 百名店 2022,https://tabelog.com/kyoto/A2607/A260701/26025957/,,https://www.google.com/maps/search/?api=1&query=%E3%81%9F%E3%81%BE%E6%9C%A8%E4%BA%AD%20%E4%BA%AC%E9%83%BD%E5%BA%9C%E5%AE%87%E6%B2%BB%E5%B8%82%E4%BA%94%E3%82%B1%E5%BA%84%E5%B9%B3%E9%87%8E57-14,34.9101150,135.8034314,2022,パン WEST,bread_west,発表日：2022年10月11日
食パン工房　ラミ 福島本店,大阪府大阪市福島区鷺洲1-5-17,食べログ パン WEST 百名店 2022,https://tabelog.com/osaka/A2701/A270108/27017967/,,https://www.google.com/maps/search/?api=1&query=%E9%A3%9F%E3%83%91%E3%83%B3%E5%B7%A5%E6%88%BF%E3%80%80%E3%83%A9%E3%83%9F%20%E7%A6%8F%E5%B3%B6%E6%9C%AC%E5%BA%97%20%E5%A4%A7%E9%98%AA%E5%BA%9C%E5%A4%A7%E9%98%AA%E5%B8%82%E7%A6%8F%E5%B3%B6%E5%8C%BA%E9%B7%BA%E6%B4%B21-5-17,34.6960477,135.4820497,2022,パン WEST,bread_west,発表日：2022年10月11日
まるき製パン所,京都府京都市下京区松原通堀川西入ル,食べログ パン WEST 百名店 2022,https://tabelog.com/kyoto/A2601/A260203/26003237/,,https://www.google.com/maps/search/?api=1&query=%E3%81%BE%E3%82%8B%E3%81%8D%E8%A3%BD%E3%83%91%E3%83%B3%E6%89%80%20%E4%BA%AC%E9%83%BD%E5%BA%9C%E4%BA%AC%E9%83%BD%E5%B8%82%E4%B8%8B%E4%BA%AC%E5%8C%BA%E6%9D%BE%E5%8E%9F%E9%80%9A%E5%A0%80%E5%B7%9D%E8%A5%BF%E5%85%A5%E3%83%AB,34.9987256,135.7502443,2022,パン WEST,bread_west,発表日：2022年10月11日
しろはとベーカリー,京都府京都市中京区西押小路町102-2 ヴィラート押小路 1F,食べログ パン WEST 百名店 2022,https://tabelog.com/kyoto/A2601/A260202/26021765/,,https://www.google.com/maps/search/?api=1&query=%E3%81%97%E3%82%8D%E3%81%AF%E3%81%A8%E3%83%99%E3%83%BC%E3%82%AB%E3%83%AA%E3%83%BC%20%E4%BA%AC%E9%83%BD%E5%BA%9C%E4%BA%AC%E9%83%BD%E5%B8%82%E4%B8%AD%E4%BA%AC%E5%8C%BA%E8%A5%BF%E6%8A%BC%E5%B0%8F%E8%B7%AF%E7%94%BA102-2%20%E3%83%B4%E3%82%A3%E3%83%A9%E3%83%BC%E3%83%88%E6%8A%BC%E5%B0%8F%E8%B7%AF%201F,35.0123444,135.7600485,2022,パン WEST,bread_west,発表日：2022年10月11日
ビゴの店 本店,兵庫県芦屋市業平町6-16,食べログ パン WEST 百名店 2022,https://tabelog.com/hyogo/A2803/A280302/28001784/,,https://www.google.com/maps/search/?api=1&query=%E3%83%93%E3%82%B4%E3%81%AE%E5%BA%97%20%E6%9C%AC%E5%BA%97%20%E5%85%B5%E5%BA%AB%E7%9C%8C%E8%8A%A6%E5%B1%8B%E5%B8%82%E6%A5%AD%E5%B9%B3%E7%94%BA6-16,34.7321871,135.3047921,2022,パン WEST,bread_west,発表日：2022年10月11日
コンセントマーケット,兵庫県西宮市寿町5-15,食べログ パン WEST 百名店 2022,https://tabelog.com/hyogo/A2803/A280301/28025424/,,https://www.google.com/maps/search/?api=1&query=%E3%82%B3%E3%83%B3%E3%82%BB%E3%83%B3%E3%83%88%E3%83%9E%E3%83%BC%E3%82%B1%E3%83%83%E3%83%88%20%E5%85%B5%E5%BA%AB%E7%9C%8C%E8%A5%BF%E5%AE%AE%E5%B8%82%E5%AF%BF%E7%94%BA5-15,34.7414137,135.3288190,2022,パン WEST,bread_west,発表日：2022年10月11日
オーガニックパン工房　それいゆ,大阪府大阪市阿倍野区帝塚山1-7-4,食べログ パン WEST 百名店 2022,https://tabelog.com/osaka/A2701/A270203/27062806/,,https://www.google.com/maps/search/?api=1&query=%E3%82%AA%E3%83%BC%E3%82%AC%E3%83%8B%E3%83%83%E3%82%AF%E3%83%91%E3%83%B3%E5%B7%A5%E6%88%BF%E3%80%80%E3%81%9D%E3%82%8C%E3%81%84%E3%82%86%20%E5%A4%A7%E9%98%AA%E5%BA%9C%E5%A4%A7%E9%98%AA%E5%B8%82%E9%98%BF%E5%80%8D%E9%87%8E%E5%8C%BA%E5%B8%9D%E5%A1%9A%E5%B1%B11-7-4,34.6251694,135.5038056,2022,パン WEST,bread_west,発表日：2022年10月11日
レディオベーグル,京都府京都市北区上賀茂池端町9 久世ハイツ 1F,食べログ パン WEST 百名店 2022,https://tabelog.com/kyoto/A2601/A260503/26007367/,,https://www.google.com/maps/search/?api=1&query=%E3%83%AC%E3%83%87%E3%82%A3%E3%82%AA%E3%83%99%E3%83%BC%E3%82%B0%E3%83%AB%20%E4%BA%AC%E9%83%BD%E5%BA%9C%E4%BA%AC%E9%83%BD%E5%B8%82%E5%8C%97%E5%8C%BA%E4%B8%8A%E8%B3%80%E8%8C%82%E6%B1%A0%E7%AB%AF%E7%94%BA9%20%E4%B9%85%E4%B8%96%E3%83%8F%E3%82%A4%E3%83%84%201F,35.0567434,135.7673725,2022,パン WEST,bread_west,発表日：2022年10月11日
ブーランジェリー ブルディガラ 大阪店,大阪府大阪市北区梅田2-5-25 ハービスプラザ B2F,食べログ パン WEST 百名店 2022,https://tabelog.com/osaka/A2701/A270101/27009000/,,https://www.google.com/maps/search/?api=1&query=%E3%83%96%E3%83%BC%E3%83%A9%E3%83%B3%E3%82%B8%E3%82%A7%E3%83%AA%E3%83%BC%20%E3%83%96%E3%83%AB%E3%83%87%E3%82%A3%E3%82%AC%E3%83%A9%20%E5%A4%A7%E9%98%AA%E5%BA%97%20%E5%A4%A7%E9%98%AA%E5%BA%9C%E5%A4%A7%E9%98%AA%E5%B8%82%E5%8C%97%E5%8C%BA%E6%A2%85%E7%94%B02-5-25%20%E3%83%8F%E3%83%BC%E3%83%93%E3%82%B9%E3%83%97%E3%83%A9%E3%82%B6%20B2F,34.6990798,135.4935659,2022,パン WEST,bread_west,発表日：2022年10月11日
ル・プチメック 御池店,京都府京都市中京区衣棚通御池上ル下妙覚寺186 ビスカリア光樹 1F,食べログ パン WEST 百名店 2022,https://tabelog.com/kyoto/A2601/A260202/26005029/,,https://www.google.com/maps/search/?api=1&query=%E3%83%AB%E3%83%BB%E3%83%97%E3%83%81%E3%83%A1%E3%83%83%E3%82%AF%20%E5%BE%A1%E6%B1%A0%E5%BA%97%20%E4%BA%AC%E9%83%BD%E5%BA%9C%E4%BA%AC%E9%83%BD%E5%B8%82%E4%B8%AD%E4%BA%AC%E5%8C%BA%E8%A1%A3%E6%A3%9A%E9%80%9A%E5%BE%A1%E6%B1%A0%E4%B8%8A%E3%83%AB%E4%B8%8B%E5%A6%99%E8%A6%9A%E5%AF%BA186%20%E3%83%93%E3%82%B9%E3%82%AB%E3%83%AA%E3%82%A2%E5%85%89%E6%A8%B9%201F,35.0112986,135.7570603,2022,パン WEST,bread_west,発表日：2022年10月11日
Pane Ho Maretta,兵庫県神戸市中央区下山手通5-1-1 興栄ビル 1F,食べログ パン WEST 百名店 2022,https://tabelog.com/hyogo/A2801/A280102/28049237/,,https://www.google.com/maps/search/?api=1&query=Pane%20Ho%20Maretta%20%E5%85%B5%E5%BA%AB%E7%9C%8C%E7%A5%9E%E6%88%B8%E5%B8%82%E4%B8%AD%E5%A4%AE%E5%8C%BA%E4%B8%8B%E5%B1%B1%E6%89%8B%E9%80%9A5-1-1%20%E8%88%88%E6%A0%84%E3%83%93%E3%83%AB%201F,34.6900495,135.1851008,2022,パン WEST,bread_west,発表日：2022年10月11日
ブリアン 北山本店,京都府京都市北区上賀茂岩ヶ垣内町33-39,食べログ パン WEST 百名店 2022,https://tabelog.com/kyoto/A2601/A260503/26004348/,,https://www.google.com/maps/search/?api=1&query=%E3%83%96%E3%83%AA%E3%82%A2%E3%83%B3%20%E5%8C%97%E5%B1%B1%E6%9C%AC%E5%BA%97%20%E4%BA%AC%E9%83%BD%E5%BA%9C%E4%BA%AC%E9%83%BD%E5%B8%82%E5%8C%97%E5%8C%BA%E4%B8%8A%E8%B3%80%E8%8C%82%E5%B2%A9%E3%83%B6%E5%9E%A3%E5%86%85%E7%94%BA33-39,35.0513181,135.7640247,2022,パン WEST,bread_west,発表日：2022年10月11日
手作りパン工房 コネルヤ,京都府京都市中京区聚楽廻西町71-2,食べログ パン WEST 百名店 2022,https://tabelog.com/kyoto/A2601/A260203/26002695/,,https://www.google.com/maps/search/?api=1&query=%E6%89%8B%E4%BD%9C%E3%82%8A%E3%83%91%E3%83%B3%E5%B7%A5%E6%88%BF%20%E3%82%B3%E3%83%8D%E3%83%AB%E3%83%A4%20%E4%BA%AC%E9%83%BD%E5%BA%9C%E4%BA%AC%E9%83%BD%E5%B8%82%E4%B8%AD%E4%BA%AC%E5%8C%BA%E8%81%9A%E6%A5%BD%E5%BB%BB%E8%A5%BF%E7%94%BA71-2,35.0185623,135.7403415,2022,パン WEST,bread_west,発表日：2022年10月11日
ル・ブーランジェ・ドゥ・モンジュ うめだ阪急店,大阪府大阪市北区角田町8-7 阪急うめだ本店 B2F,食べログ パン WEST 百名店 2022,https://tabelog.com/osaka/A2701/A270101/27068669/,,https://www.google.com/maps/search/?api=1&query=%E3%83%AB%E3%83%BB%E3%83%96%E3%83%BC%E3%83%A9%E3%83%B3%E3%82%B8%E3%82%A7%E3%83%BB%E3%83%89%E3%82%A5%E3%83%BB%E3%83%A2%E3%83%B3%E3%82%B8%E3%83%A5%20%E3%81%86%E3%82%81%E3%81%A0%E9%98%AA%E6%80%A5%E5%BA%97%20%E5%A4%A7%E9%98%AA%E5%BA%9C%E5%A4%A7%E9%98%AA%E5%B8%82%E5%8C%97%E5%8C%BA%E8%A7%92%E7%94%B0%E7%94%BA8-7%20%E9%98%AA%E6%80%A5%E3%81%86%E3%82%81%E3%81%A0%E6%9C%AC%E5%BA%97%20B2F,34.7029572,135.4985596,2022,パン WEST,bread_west,発表日：2022年10月11日
こころにあまい あんぱんや 梅田店,大阪府大阪市北区角田町9-24 新梅田食道街　1F,食べログ パン WEST 百名店 2022,https://tabelog.com/osaka/A2701/A270101/27010364/,,https://www.google.com/maps/search/?api=1&query=%E3%81%93%E3%81%93%E3%82%8D%E3%81%AB%E3%81%82%E3%81%BE%E3%81%84%20%E3%81%82%E3%82%93%E3%81%B1%E3%82%93%E3%82%84%20%E6%A2%85%E7%94%B0%E5%BA%97%20%E5%A4%A7%E9%98%AA%E5%BA%9C%E5%A4%A7%E9%98%AA%E5%B8%82%E5%8C%97%E5%8C%BA%E8%A7%92%E7%94%B0%E7%94%BA9-24%20%E6%96%B0%E6%A2%85%E7%94%B0%E9%A3%9F%E9%81%93%E8%A1%97%E3%80%801F,34.7038453,135.4976723,2022,パン WEST,bread_west,発表日：2022年10月11日
フロインドリーブ 生田店,兵庫県神戸市中央区生田町4-6-15 １Ｆ,食べログ パン WEST 百名店 2022,https://tabelog.com/hyogo/A2801/A280101/28000106/,,https://www.google.com/maps/search/?api=1&query=%E3%83%95%E3%83%AD%E3%82%A4%E3%83%B3%E3%83%89%E3%83%AA%E3%83%BC%E3%83%96%20%E7%94%9F%E7%94%B0%E5%BA%97%20%E5%85%B5%E5%BA%AB%E7%9C%8C%E7%A5%9E%E6%88%B8%E5%B8%82%E4%B8%AD%E5%A4%AE%E5%8C%BA%E7%94%9F%E7%94%B0%E7%94%BA4-6-15%20%EF%BC%91%EF%BC%A6,34.7008044,135.1951555,2022,パン WEST,bread_west,発表日：2022年10月11日
マリーフランス 北山店,京都府京都市左京区下鴨南芝町44 比叡荘ビル１Ｆ,食べログ パン WEST 百名店 2022,https://tabelog.com/kyoto/A2601/A260503/26004491/,,https://www.google.com/maps/search/?api=1&query=%E3%83%9E%E3%83%AA%E3%83%BC%E3%83%95%E3%83%A9%E3%83%B3%E3%82%B9%20%E5%8C%97%E5%B1%B1%E5%BA%97%20%E4%BA%AC%E9%83%BD%E5%BA%9C%E4%BA%AC%E9%83%BD%E5%B8%82%E5%B7%A6%E4%BA%AC%E5%8C%BA%E4%B8%8B%E9%B4%A8%E5%8D%97%E8%8A%9D%E7%94%BA44%20%E6%AF%94%E5%8F%A1%E8%8D%98%E3%83%93%E3%83%AB%EF%BC%91%EF%BC%A6,35.0516566,135.7688447,2022,パン WEST,bread_west,発表日：2022年10月11日
ブーランジュリー グウ,大阪府大阪市中央区安堂寺町1-3-5 キャピトル安堂寺 1F,食べログ パン WEST 百名店 2022,https://tabelog.com/osaka/A2701/A270204/27014650/,,https://www.google.com/maps/search/?api=1&query=%E3%83%96%E3%83%BC%E3%83%A9%E3%83%B3%E3%82%B8%E3%83%A5%E3%83%AA%E3%83%BC%20%E3%82%B0%E3%82%A6%20%E5%A4%A7%E9%98%AA%E5%BA%9C%E5%A4%A7%E9%98%AA%E5%B8%82%E4%B8%AD%E5%A4%AE%E5%8C%BA%E5%AE%89%E5%A0%82%E5%AF%BA%E7%94%BA1-3-5%20%E3%82%AD%E3%83%A3%E3%83%94%E3%83%88%E3%83%AB%E5%AE%89%E5%A0%82%E5%AF%BA%201F,34.6761140,135.5192285,2022,パン WEST,bread_west,発表日：2022年10月11日
キルシュブリューテ,大阪府大阪市西区南堀江3-11-6-101,食べログ パン WEST 百名店 2022,https://tabelog.com/osaka/A2701/A270105/27059403/,,https://www.google.com/maps/search/?api=1&query=%E3%82%AD%E3%83%AB%E3%82%B7%E3%83%A5%E3%83%96%E3%83%AA%E3%83%A5%E3%83%BC%E3%83%86%20%E5%A4%A7%E9%98%AA%E5%BA%9C%E5%A4%A7%E9%98%AA%E5%B8%82%E8%A5%BF%E5%8C%BA%E5%8D%97%E5%A0%80%E6%B1%9F3-11-6-101,34.6725184,135.4889724,2022,パン WEST,bread_west,発表日：2022年10月11日
カンテ・グランデ ベーカリー,大阪府大阪市北区中津1-12-11 メロディーハイム中津二番館 1F,食べログ パン WEST 百名店 2022,https://tabelog.com/osaka/A2701/A270101/27005149/,,https://www.google.com/maps/search/?api=1&query=%E3%82%AB%E3%83%B3%E3%83%86%E3%83%BB%E3%82%B0%E3%83%A9%E3%83%B3%E3%83%87%20%E3%83%99%E3%83%BC%E3%82%AB%E3%83%AA%E3%83%BC%20%E5%A4%A7%E9%98%AA%E5%BA%9C%E5%A4%A7%E9%98%AA%E5%B8%82%E5%8C%97%E5%8C%BA%E4%B8%AD%E6%B4%A51-12-11%20%E3%83%A1%E3%83%AD%E3%83%87%E3%82%A3%E3%83%BC%E3%83%8F%E3%82%A4%E3%83%A0%E4%B8%AD%E6%B4%A5%E4%BA%8C%E7%95%AA%E9%A4%A8%201F,34.7115614,135.4971208,2022,パン WEST,bread_west,発表日：2022年10月11日
ブーランジュリー・リベルテ,京都府京都市中京区寺町二条上る常盤木町65-2 1F,食べログ パン WEST 百名店 2022,https://tabelog.com/kyoto/A2601/A260201/26014258/,,https://www.google.com/maps/search/?api=1&query=%E3%83%96%E3%83%BC%E3%83%A9%E3%83%B3%E3%82%B8%E3%83%A5%E3%83%AA%E3%83%BC%E3%83%BB%E3%83%AA%E3%83%99%E3%83%AB%E3%83%86%20%E4%BA%AC%E9%83%BD%E5%BA%9C%E4%BA%AC%E9%83%BD%E5%B8%82%E4%B8%AD%E4%BA%AC%E5%8C%BA%E5%AF%BA%E7%94%BA%E4%BA%8C%E6%9D%A1%E4%B8%8A%E3%82%8B%E5%B8%B8%E7%9B%A4%E6%9C%A8%E7%94%BA65-2%201F,35.0136381,135.7673613,2022,パン WEST,bread_west,発表日：2022年10月11日
デ トゥット パンデュース エキマルシェ新大阪店,大阪府大阪市淀川区西中島5-16-1 JR新大阪駅  エキマルシェ新大阪,食べログ パン WEST 百名店 2022,https://tabelog.com/osaka/A2701/A270301/27089438/,,https://www.google.com/maps/search/?api=1&query=%E3%83%87%20%E3%83%88%E3%82%A5%E3%83%83%E3%83%88%20%E3%83%91%E3%83%B3%E3%83%87%E3%83%A5%E3%83%BC%E3%82%B9%20%E3%82%A8%E3%82%AD%E3%83%9E%E3%83%AB%E3%82%B7%E3%82%A7%E6%96%B0%E5%A4%A7%E9%98%AA%E5%BA%97%20%E5%A4%A7%E9%98%AA%E5%BA%9C%E5%A4%A7%E9%98%AA%E5%B8%82%E6%B7%80%E5%B7%9D%E5%8C%BA%E8%A5%BF%E4%B8%AD%E5%B3%B65-16-1%20JR%E6%96%B0%E5%A4%A7%E9%98%AA%E9%A7%85%20%20%E3%82%A8%E3%82%AD%E3%83%9E%E3%83%AB%E3%82%B7%E3%82%A7%E6%96%B0%E5%A4%A7%E9%98%AA,34.7341893,135.5017520,2022,パン WEST,bread_west,発表日：2022年10月11日
eight,京都府京都市伏見区深草直違橋3-400,食べログ パン WEST 百名店 2022,https://tabelog.com/kyoto/A2601/A260601/26018675/,,https://www.google.com/maps/search/?api=1&query=eight%20%E4%BA%AC%E9%83%BD%E5%BA%9C%E4%BA%AC%E9%83%BD%E5%B8%82%E4%BC%8F%E8%A6%8B%E5%8C%BA%E6%B7%B1%E8%8D%89%E7%9B%B4%E9%81%95%E6%A9%8B3-400,34.9564171,135.7711664,2022,パン WEST,bread_west,発表日：2022年10月11日
ハナカゴ,京都府京都市中京区室町通六角下ル鯉山町516-4,食べログ パン WEST 百名店 2022,https://tabelog.com/kyoto/A2601/A260202/26025406/,,https://www.google.com/maps/search/?api=1&query=%E3%83%8F%E3%83%8A%E3%82%AB%E3%82%B4%20%E4%BA%AC%E9%83%BD%E5%BA%9C%E4%BA%AC%E9%83%BD%E5%B8%82%E4%B8%AD%E4%BA%AC%E5%8C%BA%E5%AE%A4%E7%94%BA%E9%80%9A%E5%85%AD%E8%A7%92%E4%B8%8B%E3%83%AB%E9%AF%89%E5%B1%B1%E7%94%BA516-4,35.0068195,135.7580166,2022,パン WEST,bread_west,発表日：2022年10月11日
モグモグベーカリー,京都府宇治市宇治妙楽26-1,食べログ パン WEST 百名店 2022,https://tabelog.com/kyoto/A2607/A260701/26006153/,,https://www.google.com/maps/search/?api=1&query=%E3%83%A2%E3%82%B0%E3%83%A2%E3%82%B0%E3%83%99%E3%83%BC%E3%82%AB%E3%83%AA%E3%83%BC%20%E4%BA%AC%E9%83%BD%E5%BA%9C%E5%AE%87%E6%B2%BB%E5%B8%82%E5%AE%87%E6%B2%BB%E5%A6%99%E6%A5%BD26-1,34.8906324,135.8035037,2022,パン WEST,bread_west,発表日：2022年10月11日
ラ・フルネ,大阪府大阪市西区土佐堀1-4-2 西田ビル 1F,食べログ パン WEST 百名店 2022,https://tabelog.com/osaka/A2701/A270102/27081942/,,https://www.google.com/maps/search/?api=1&query=%E3%83%A9%E3%83%BB%E3%83%95%E3%83%AB%E3%83%8D%20%E5%A4%A7%E9%98%AA%E5%BA%9C%E5%A4%A7%E9%98%AA%E5%B8%82%E8%A5%BF%E5%8C%BA%E5%9C%9F%E4%BD%90%E5%A0%801-4-2%20%E8%A5%BF%E7%94%B0%E3%83%93%E3%83%AB%201F,34.6904375,135.4931409,2022,パン WEST,bread_west,発表日：2022年10月11日
ファイブラン,京都府京都市中京区役行者町377,食べログ パン WEST 百名店 2022,https://tabelog.com/kyoto/A2601/A260202/26026337/,,https://www.google.com/maps/search/?api=1&query=%E3%83%95%E3%82%A1%E3%82%A4%E3%83%96%E3%83%A9%E3%83%B3%20%E4%BA%AC%E9%83%BD%E5%BA%9C%E4%BA%AC%E9%83%BD%E5%B8%82%E4%B8%AD%E4%BA%AC%E5%8C%BA%E5%BD%B9%E8%A1%8C%E8%80%85%E7%94%BA377,35.0089941,135.7579228,2022,パン WEST,bread_west,発表日：2022年10月11日
Nick&Renée 豊中本店,大阪府豊中市東豊中町6-1-11 たかみビル 1F,食べログ ハンバーガー 百名店 2022,https://tabelog.com/osaka/A2706/A270602/27043816/,,https://www.google.com/maps/search/?api=1&query=Nick%26Ren%C3%A9e%20%E8%B1%8A%E4%B8%AD%E6%9C%AC%E5%BA%97%20%E5%A4%A7%E9%98%AA%E5%BA%9C%E8%B1%8A%E4%B8%AD%E5%B8%82%E6%9D%B1%E8%B1%8A%E4%B8%AD%E7%94%BA6-1-11%20%E3%81%9F%E3%81%8B%E3%81%BF%E3%83%93%E3%83%AB%201F,34.7937281,135.4786228,2022,ハンバーガー,hamburger,発表日：2022年5月12日
クリッターズバーガー,大阪府大阪市中央区西心斎橋1-10-35 アルシュ11　１Ｆ,食べログ ハンバーガー 百名店 2022,https://tabelog.com/osaka/A2701/A270201/27041627/,,https://www.google.com/maps/search/?api=1&query=%E3%82%AF%E3%83%AA%E3%83%83%E3%82%BF%E3%83%BC%E3%82%BA%E3%83%90%E3%83%BC%E3%82%AC%E3%83%BC%20%E5%A4%A7%E9%98%AA%E5%BA%9C%E5%A4%A7%E9%98%AA%E5%B8%82%E4%B8%AD%E5%A4%AE%E5%8C%BA%E8%A5%BF%E5%BF%83%E6%96%8E%E6%A9%8B1-10-35%20%E3%82%A2%E3%83%AB%E3%82%B7%E3%83%A511%E3%80%80%EF%BC%91%EF%BC%A6,34.6742209,135.4986441,2022,ハンバーガー,hamburger,発表日：2022年5月12日
ジャックスピザアンドバーガーズ,兵庫県尼崎市南塚口町2-24-12 ハピネス南塚口 1F,食べログ ハンバーガー 百名店 2022,https://tabelog.com/hyogo/A2803/A280304/28034838/,,https://www.google.com/maps/search/?api=1&query=%E3%82%B8%E3%83%A3%E3%83%83%E3%82%AF%E3%82%B9%E3%83%94%E3%82%B6%E3%82%A2%E3%83%B3%E3%83%89%E3%83%90%E3%83%BC%E3%82%AC%E3%83%BC%E3%82%BA%20%E5%85%B5%E5%BA%AB%E7%9C%8C%E5%B0%BC%E5%B4%8E%E5%B8%82%E5%8D%97%E5%A1%9A%E5%8F%A3%E7%94%BA2-24-12%20%E3%83%8F%E3%83%94%E3%83%8D%E3%82%B9%E5%8D%97%E5%A1%9A%E5%8F%A3%201F,34.7500915,135.4159363,2022,ハンバーガー,hamburger,発表日：2022年5月12日
ダコタ ラスティック テーブル,兵庫県神戸市北区長尾町宅原707-1,食べログ ハンバーガー 百名店 2022,https://tabelog.com/hyogo/A2801/A280112/28052720/,,https://www.google.com/maps/search/?api=1&query=%E3%83%80%E3%82%B3%E3%82%BF%20%E3%83%A9%E3%82%B9%E3%83%86%E3%82%A3%E3%83%83%E3%82%AF%20%E3%83%86%E3%83%BC%E3%83%96%E3%83%AB%20%E5%85%B5%E5%BA%AB%E7%9C%8C%E7%A5%9E%E6%88%B8%E5%B8%82%E5%8C%97%E5%8C%BA%E9%95%B7%E5%B0%BE%E7%94%BA%E5%AE%85%E5%8E%9F707-1,34.8701665,135.2045058,2022,ハンバーガー,hamburger,発表日：2022年5月12日
エスビーダイナー コウベ,兵庫県神戸市中央区北長狭通2-4-5 大永ビル 2F,食べログ ハンバーガー 百名店 2022,https://tabelog.com/hyogo/A2801/A280101/28025659/,,https://www.google.com/maps/search/?api=1&query=%E3%82%A8%E3%82%B9%E3%83%93%E3%83%BC%E3%83%80%E3%82%A4%E3%83%8A%E3%83%BC%20%E3%82%B3%E3%82%A6%E3%83%99%20%E5%85%B5%E5%BA%AB%E7%9C%8C%E7%A5%9E%E6%88%B8%E5%B8%82%E4%B8%AD%E5%A4%AE%E5%8C%BA%E5%8C%97%E9%95%B7%E7%8B%AD%E9%80%9A2-4-5%20%E5%A4%A7%E6%B0%B8%E3%83%93%E3%83%AB%202F,34.6920143,135.1903819,2022,ハンバーガー,hamburger,発表日：2022年5月12日
ザ ブッチャー,大阪府大阪市中央区難波千日前10-13 スギモトビル 2F,食べログ ハンバーガー 百名店 2022,https://tabelog.com/osaka/A2701/A270202/27091986/,,https://www.google.com/maps/search/?api=1&query=%E3%82%B6%20%E3%83%96%E3%83%83%E3%83%81%E3%83%A3%E3%83%BC%20%E5%A4%A7%E9%98%AA%E5%BA%9C%E5%A4%A7%E9%98%AA%E5%B8%82%E4%B8%AD%E5%A4%AE%E5%8C%BA%E9%9B%A3%E6%B3%A2%E5%8D%83%E6%97%A5%E5%89%8D10-13%20%E3%82%B9%E3%82%AE%E3%83%A2%E3%83%88%E3%83%93%E3%83%AB%202F,34.6645756,135.5036276,2022,ハンバーガー,hamburger,発表日：2022年5月12日
さくらバーガー,奈良県奈良市東向北町6,食べログ ハンバーガー 百名店 2022,https://tabelog.com/nara/A2901/A290101/29006078/,,https://www.google.com/maps/search/?api=1&query=%E3%81%95%E3%81%8F%E3%82%89%E3%83%90%E3%83%BC%E3%82%AC%E3%83%BC%20%E5%A5%88%E8%89%AF%E7%9C%8C%E5%A5%88%E8%89%AF%E5%B8%82%E6%9D%B1%E5%90%91%E5%8C%97%E7%94%BA6,34.6848698,135.8287406,2022,ハンバーガー,hamburger,発表日：2022年5月12日
Craft Burger co. 北堀江店,大阪府大阪市西区北堀江1-6-12,食べログ ハンバーガー 百名店 2022,https://tabelog.com/osaka/A2701/A270201/27088635/,,https://www.google.com/maps/search/?api=1&query=Craft%20Burger%20co.%20%E5%8C%97%E5%A0%80%E6%B1%9F%E5%BA%97%20%E5%A4%A7%E9%98%AA%E5%BA%9C%E5%A4%A7%E9%98%AA%E5%B8%82%E8%A5%BF%E5%8C%BA%E5%8C%97%E5%A0%80%E6%B1%9F1-6-12,34.6741543,135.4963120,2022,ハンバーガー,hamburger,発表日：2022年5月12日
スマート珈琲店,京都府京都市中京区寺町通三条上ル天性寺前町537,食べログ 喫茶店 百名店 2022,https://tabelog.com/kyoto/A2601/A260201/26000647/,,https://www.google.com/maps/search/?api=1&query=%E3%82%B9%E3%83%9E%E3%83%BC%E3%83%88%E7%8F%88%E7%90%B2%E5%BA%97%20%E4%BA%AC%E9%83%BD%E5%BA%9C%E4%BA%AC%E9%83%BD%E5%B8%82%E4%B8%AD%E4%BA%AC%E5%8C%BA%E5%AF%BA%E7%94%BA%E9%80%9A%E4%B8%89%E6%9D%A1%E4%B8%8A%E3%83%AB%E5%A4%A9%E6%80%A7%E5%AF%BA%E5%89%8D%E7%94%BA537,35.0094616,135.7670911,2022,喫茶店,kissaten,発表日：2022年9月27日
元町サントス,兵庫県神戸市中央区元町通2-3-12,食べログ 喫茶店 百名店 2022,https://tabelog.com/hyogo/A2801/A280102/28001590/,,https://www.google.com/maps/search/?api=1&query=%E5%85%83%E7%94%BA%E3%82%B5%E3%83%B3%E3%83%88%E3%82%B9%20%E5%85%B5%E5%BA%AB%E7%9C%8C%E7%A5%9E%E6%88%B8%E5%B8%82%E4%B8%AD%E5%A4%AE%E5%8C%BA%E5%85%83%E7%94%BA%E9%80%9A2-3-12,34.6884612,135.1874599,2022,喫茶店,kissaten,発表日：2022年9月27日
前田珈琲 室町本店,京都府京都市中京区蛸薬師通烏丸西入橋弁慶町236,食べログ 喫茶店 百名店 2022,https://tabelog.com/kyoto/A2601/A260201/26001559/,,https://www.google.com/maps/search/?api=1&query=%E5%89%8D%E7%94%B0%E7%8F%88%E7%90%B2%20%E5%AE%A4%E7%94%BA%E6%9C%AC%E5%BA%97%20%E4%BA%AC%E9%83%BD%E5%BA%9C%E4%BA%AC%E9%83%BD%E5%B8%82%E4%B8%AD%E4%BA%AC%E5%8C%BA%E8%9B%B8%E8%96%AC%E5%B8%AB%E9%80%9A%E7%83%8F%E4%B8%B8%E8%A5%BF%E5%85%A5%E6%A9%8B%E5%BC%81%E6%85%B6%E7%94%BA236,35.0062185,135.7592965,2022,喫茶店,kissaten,発表日：2022年9月27日
喫茶 いち,大阪府豊中市新千里東町1-3 せんちゅうパル B1F,食べログ 喫茶店 百名店 2022,https://tabelog.com/osaka/A2706/A270601/27012020/,,https://www.google.com/maps/search/?api=1&query=%E5%96%AB%E8%8C%B6%20%E3%81%84%E3%81%A1%20%E5%A4%A7%E9%98%AA%E5%BA%9C%E8%B1%8A%E4%B8%AD%E5%B8%82%E6%96%B0%E5%8D%83%E9%87%8C%E6%9D%B1%E7%94%BA1-3%20%E3%81%9B%E3%82%93%E3%81%A1%E3%82%85%E3%81%86%E3%83%91%E3%83%AB%20B1F,34.8106468,135.4951558,2022,喫茶店,kissaten,発表日：2022年9月27日
喫茶チロル,京都府京都市中京区御池通大宮西入ル門前町539-3,食べログ 喫茶店 百名店 2022,https://tabelog.com/kyoto/A2601/A260203/26002251/,,https://www.google.com/maps/search/?api=1&query=%E5%96%AB%E8%8C%B6%E3%83%81%E3%83%AD%E3%83%AB%20%E4%BA%AC%E9%83%BD%E5%BA%9C%E4%BA%AC%E9%83%BD%E5%B8%82%E4%B8%AD%E4%BA%AC%E5%8C%BA%E5%BE%A1%E6%B1%A0%E9%80%9A%E5%A4%A7%E5%AE%AE%E8%A5%BF%E5%85%A5%E3%83%AB%E9%96%80%E5%89%8D%E7%94%BA539-3,35.0111238,135.7474611,2022,喫茶店,kissaten,発表日：2022年9月27日
アラビヤコーヒー,大阪府大阪市中央区難波1-6-7,食べログ 喫茶店 百名店 2022,https://tabelog.com/osaka/A2701/A270202/27001511/,,https://www.google.com/maps/search/?api=1&query=%E3%82%A2%E3%83%A9%E3%83%93%E3%83%A4%E3%82%B3%E3%83%BC%E3%83%92%E3%83%BC%20%E5%A4%A7%E9%98%AA%E5%BA%9C%E5%A4%A7%E9%98%AA%E5%B8%82%E4%B8%AD%E5%A4%AE%E5%8C%BA%E9%9B%A3%E6%B3%A21-6-7,34.6679200,135.5018727,2022,喫茶店,kissaten,発表日：2022年9月27日
茜屋珈琲店,兵庫県神戸市中央区北長狭通1-9-4 コースト岸卯ビル　 2F,食べログ 喫茶店 百名店 2022,https://tabelog.com/hyogo/A2801/A280101/28001625/,,https://www.google.com/maps/search/?api=1&query=%E8%8C%9C%E5%B1%8B%E7%8F%88%E7%90%B2%E5%BA%97%20%E5%85%B5%E5%BA%AB%E7%9C%8C%E7%A5%9E%E6%88%B8%E5%B8%82%E4%B8%AD%E5%A4%AE%E5%8C%BA%E5%8C%97%E9%95%B7%E7%8B%AD%E9%80%9A1-9-4%20%E3%82%B3%E3%83%BC%E3%82%B9%E3%83%88%E5%B2%B8%E5%8D%AF%E3%83%93%E3%83%AB%E3%80%80%202F,34.6925499,135.1916637,2022,喫茶店,kissaten,発表日：2022年9月27日
ゼー六 本町店,大阪府大阪市中央区本町1-3-22,食べログ 喫茶店 百名店 2022,https://tabelog.com/osaka/A2701/A270106/27001820/,,https://www.google.com/maps/search/?api=1&query=%E3%82%BC%E3%83%BC%E5%85%AD%20%E6%9C%AC%E7%94%BA%E5%BA%97%20%E5%A4%A7%E9%98%AA%E5%BA%9C%E5%A4%A7%E9%98%AA%E5%B8%82%E4%B8%AD%E5%A4%AE%E5%8C%BA%E6%9C%AC%E7%94%BA1-3-22,34.6833904,135.5092894,2022,喫茶店,kissaten,発表日：2022年9月27日
築地,京都府京都市中京区米屋町384-2,食べログ 喫茶店 百名店 2022,https://tabelog.com/kyoto/A2601/A260201/26001588/,,https://www.google.com/maps/search/?api=1&query=%E7%AF%89%E5%9C%B0%20%E4%BA%AC%E9%83%BD%E5%BA%9C%E4%BA%AC%E9%83%BD%E5%B8%82%E4%B8%AD%E4%BA%AC%E5%8C%BA%E7%B1%B3%E5%B1%8B%E7%94%BA384-2,35.0043753,135.7696930,2022,喫茶店,kissaten,発表日：2022年9月27日
コーヒーハウス マキ,京都府京都市上京区河原町今出川上ル青龍町211,食べログ 喫茶店 百名店 2022,https://tabelog.com/kyoto/A2601/A260302/26009412/,,https://www.google.com/maps/search/?api=1&query=%E3%82%B3%E3%83%BC%E3%83%92%E3%83%BC%E3%83%8F%E3%82%A6%E3%82%B9%20%E3%83%9E%E3%82%AD%20%E4%BA%AC%E9%83%BD%E5%BA%9C%E4%BA%AC%E9%83%BD%E5%B8%82%E4%B8%8A%E4%BA%AC%E5%8C%BA%E6%B2%B3%E5%8E%9F%E7%94%BA%E4%BB%8A%E5%87%BA%E5%B7%9D%E4%B8%8A%E3%83%AB%E9%9D%92%E9%BE%8D%E7%94%BA211,35.0309443,135.7699472,2022,喫茶店,kissaten,発表日：2022年9月27日
サンシャイン,大阪府大阪市北区曽根崎2-11-8 B2F,食べログ 喫茶店 百名店 2022,https://tabelog.com/osaka/A2701/A270101/27038064/,,https://www.google.com/maps/search/?api=1&query=%E3%82%B5%E3%83%B3%E3%82%B7%E3%83%A3%E3%82%A4%E3%83%B3%20%E5%A4%A7%E9%98%AA%E5%BA%9C%E5%A4%A7%E9%98%AA%E5%B8%82%E5%8C%97%E5%8C%BA%E6%9B%BD%E6%A0%B9%E5%B4%8E2-11-8%20B2F,34.7002954,135.5000699,2022,喫茶店,kissaten,発表日：2022年9月27日
ばん珈琲店,大阪府大阪市中央区森之宮中央1-16-21,食べログ 喫茶店 百名店 2022,https://tabelog.com/osaka/A2701/A270107/27037023/,,https://www.google.com/maps/search/?api=1&query=%E3%81%B0%E3%82%93%E7%8F%88%E7%90%B2%E5%BA%97%20%E5%A4%A7%E9%98%AA%E5%BA%9C%E5%A4%A7%E9%98%AA%E5%B8%82%E4%B8%AD%E5%A4%AE%E5%8C%BA%E6%A3%AE%E4%B9%8B%E5%AE%AE%E4%B8%AD%E5%A4%AE1-16-21,34.6812524,135.5323400,2022,喫茶店,kissaten,発表日：2022年9月27日
高木珈琲店 高辻本店,京都府京都市下京区高辻通室町東入ル骨屋町175,食べログ 喫茶店 百名店 2022,https://tabelog.com/kyoto/A2601/A260201/26005195/,,https://www.google.com/maps/search/?api=1&query=%E9%AB%98%E6%9C%A8%E7%8F%88%E7%90%B2%E5%BA%97%20%E9%AB%98%E8%BE%BB%E6%9C%AC%E5%BA%97%20%E4%BA%AC%E9%83%BD%E5%BA%9C%E4%BA%AC%E9%83%BD%E5%B8%82%E4%B8%8B%E4%BA%AC%E5%8C%BA%E9%AB%98%E8%BE%BB%E9%80%9A%E5%AE%A4%E7%94%BA%E6%9D%B1%E5%85%A5%E3%83%AB%E9%AA%A8%E5%B1%8B%E7%94%BA175,35.0002158,135.7583983,2022,喫茶店,kissaten,発表日：2022年9月27日
自家焙煎珈琲工房 カフェ バーンホーフ 三番街店,大阪府大阪市北区芝田1-1-3 阪急三番街 B2F,食べログ 喫茶店 百名店 2022,https://tabelog.com/osaka/A2701/A270101/27011966/,,https://www.google.com/maps/search/?api=1&query=%E8%87%AA%E5%AE%B6%E7%84%99%E7%85%8E%E7%8F%88%E7%90%B2%E5%B7%A5%E6%88%BF%20%E3%82%AB%E3%83%95%E3%82%A7%20%E3%83%90%E3%83%BC%E3%83%B3%E3%83%9B%E3%83%BC%E3%83%95%20%E4%B8%89%E7%95%AA%E8%A1%97%E5%BA%97%20%E5%A4%A7%E9%98%AA%E5%BA%9C%E5%A4%A7%E9%98%AA%E5%B8%82%E5%8C%97%E5%8C%BA%E8%8A%9D%E7%94%B01-1-3%20%E9%98%AA%E6%80%A5%E4%B8%89%E7%95%AA%E8%A1%97%20B2F,34.7045683,135.4986177,2022,喫茶店,kissaten,発表日：2022年9月27日
ニューアストリア,大阪府豊中市新千里東町1-3-8 せんちゅうパル　Ｂ１Ｆ,食べログ 喫茶店 百名店 2022,https://tabelog.com/osaka/A2706/A270601/27002923/,,https://www.google.com/maps/search/?api=1&query=%E3%83%8B%E3%83%A5%E3%83%BC%E3%82%A2%E3%82%B9%E3%83%88%E3%83%AA%E3%82%A2%20%E5%A4%A7%E9%98%AA%E5%BA%9C%E8%B1%8A%E4%B8%AD%E5%B8%82%E6%96%B0%E5%8D%83%E9%87%8C%E6%9D%B1%E7%94%BA1-3-8%20%E3%81%9B%E3%82%93%E3%81%A1%E3%82%85%E3%81%86%E3%83%91%E3%83%AB%E3%80%80%EF%BC%A2%EF%BC%91%EF%BC%A6,34.8091293,135.4951418,2022,喫茶店,kissaten,発表日：2022年9月27日
平岡珈琲店,大阪府大阪市中央区瓦町3-6-11,食べログ 喫茶店 百名店 2022,https://tabelog.com/osaka/A2701/A270106/27000071/,,https://www.google.com/maps/search/?api=1&query=%E5%B9%B3%E5%B2%A1%E7%8F%88%E7%90%B2%E5%BA%97%20%E5%A4%A7%E9%98%AA%E5%BA%9C%E5%A4%A7%E9%98%AA%E5%B8%82%E4%B8%AD%E5%A4%AE%E5%8C%BA%E7%93%A6%E7%94%BA3-6-11,34.6860298,135.5015421,2022,喫茶店,kissaten,発表日：2022年9月27日
ビクトリー,大阪府大阪市西区江戸堀1-23-31,食べログ 喫茶店 百名店 2022,https://tabelog.com/osaka/A2701/A270102/27000271/,,https://www.google.com/maps/search/?api=1&query=%E3%83%93%E3%82%AF%E3%83%88%E3%83%AA%E3%83%BC%20%E5%A4%A7%E9%98%AA%E5%BA%9C%E5%A4%A7%E9%98%AA%E5%B8%82%E8%A5%BF%E5%8C%BA%E6%B1%9F%E6%88%B8%E5%A0%801-23-31,34.6896220,135.4932429,2022,喫茶店,kissaten,発表日：2022年9月27日
ダンケ 心斎橋,大阪府大阪市中央区心斎橋筋1-2-22 2F,食べログ 喫茶店 百名店 2022,https://tabelog.com/osaka/A2701/A270201/27053278/,,https://www.google.com/maps/search/?api=1&query=%E3%83%80%E3%83%B3%E3%82%B1%20%E5%BF%83%E6%96%8E%E6%A9%8B%20%E5%A4%A7%E9%98%AA%E5%BA%9C%E5%A4%A7%E9%98%AA%E5%B8%82%E4%B8%AD%E5%A4%AE%E5%8C%BA%E5%BF%83%E6%96%8E%E6%A9%8B%E7%AD%8B1-2-22%202F,34.6746333,135.5019369,2022,喫茶店,kissaten,発表日：2022年9月27日
リザルブ珈琲店,大阪府高槻市芥川町3-19-3,食べログ 喫茶店 百名店 2022,https://tabelog.com/osaka/A2706/A270604/27046966/,,https://www.google.com/maps/search/?api=1&query=%E3%83%AA%E3%82%B6%E3%83%AB%E3%83%96%E7%8F%88%E7%90%B2%E5%BA%97%20%E5%A4%A7%E9%98%AA%E5%BA%9C%E9%AB%98%E6%A7%BB%E5%B8%82%E8%8A%A5%E5%B7%9D%E7%94%BA3-19-3,34.8519307,135.6111378,2022,喫茶店,kissaten,発表日：2022年9月27日
Le Premier Cafe 心斎橋本店,大阪府大阪市中央区心斎橋筋1-3-28 ビギ1stビル　3F,食べログ 喫茶店 百名店 2022,https://tabelog.com/osaka/A2701/A270201/27004529/,,https://www.google.com/maps/search/?api=1&query=Le%20Premier%20Cafe%20%E5%BF%83%E6%96%8E%E6%A9%8B%E6%9C%AC%E5%BA%97%20%E5%A4%A7%E9%98%AA%E5%BA%9C%E5%A4%A7%E9%98%AA%E5%B8%82%E4%B8%AD%E5%A4%AE%E5%8C%BA%E5%BF%83%E6%96%8E%E6%A9%8B%E7%AD%8B1-3-28%20%E3%83%93%E3%82%AE1st%E3%83%93%E3%83%AB%E3%80%803F,34.6742393,135.5017624,2022,喫茶店,kissaten,発表日：2022年9月27日
喫茶葦島,京都府京都市中京区三条通河原町東入大黒町37 文明堂ビル 5Ｆ,食べログ 喫茶店 百名店 2022,https://tabelog.com/kyoto/A2601/A260201/26015997/,,https://www.google.com/maps/search/?api=1&query=%E5%96%AB%E8%8C%B6%E8%91%A6%E5%B3%B6%20%E4%BA%AC%E9%83%BD%E5%BA%9C%E4%BA%AC%E9%83%BD%E5%B8%82%E4%B8%AD%E4%BA%AC%E5%8C%BA%E4%B8%89%E6%9D%A1%E9%80%9A%E6%B2%B3%E5%8E%9F%E7%94%BA%E6%9D%B1%E5%85%A5%E5%A4%A7%E9%BB%92%E7%94%BA37%20%E6%96%87%E6%98%8E%E5%A0%82%E3%83%93%E3%83%AB%205%EF%BC%A6,35.0086724,135.7693212,2022,喫茶店,kissaten,発表日：2022年9月27日
フランソア喫茶室,京都府京都市下京区西木屋町通四条下ル船頭町184,食べログ 喫茶店 百名店 2022,https://tabelog.com/kyoto/A2601/A260201/26000900/,,https://www.google.com/maps/search/?api=1&query=%E3%83%95%E3%83%A9%E3%83%B3%E3%82%BD%E3%82%A2%E5%96%AB%E8%8C%B6%E5%AE%A4%20%E4%BA%AC%E9%83%BD%E5%BA%9C%E4%BA%AC%E9%83%BD%E5%B8%82%E4%B8%8B%E4%BA%AC%E5%8C%BA%E8%A5%BF%E6%9C%A8%E5%B1%8B%E7%94%BA%E9%80%9A%E5%9B%9B%E6%9D%A1%E4%B8%8B%E3%83%AB%E8%88%B9%E9%A0%AD%E7%94%BA184,35.0032919,135.7702133,2022,喫茶店,kissaten,発表日：2022年9月27日
モトマチ喫茶,兵庫県神戸市中央区北長狭通3-9-7,食べログ 喫茶店 百名店 2022,https://tabelog.com/hyogo/A2801/A280102/28024154/,,https://www.google.com/maps/search/?api=1&query=%E3%83%A2%E3%83%88%E3%83%9E%E3%83%81%E5%96%AB%E8%8C%B6%20%E5%85%B5%E5%BA%AB%E7%9C%8C%E7%A5%9E%E6%88%B8%E5%B8%82%E4%B8%AD%E5%A4%AE%E5%8C%BA%E5%8C%97%E9%95%B7%E7%8B%AD%E9%80%9A3-9-7,34.6917731,135.1879398,2022,喫茶店,kissaten,発表日：2022年9月27日
六曜社珈琲店,京都府京都市中京区河原町三条下ル大黒町40,食べログ 喫茶店 百名店 2022,https://tabelog.com/kyoto/A2601/A260202/26013227/,,https://www.google.com/maps/search/?api=1&query=%E5%85%AD%E6%9B%9C%E7%A4%BE%E7%8F%88%E7%90%B2%E5%BA%97%20%E4%BA%AC%E9%83%BD%E5%BA%9C%E4%BA%AC%E9%83%BD%E5%B8%82%E4%B8%AD%E4%BA%AC%E5%8C%BA%E6%B2%B3%E5%8E%9F%E7%94%BA%E4%B8%89%E6%9D%A1%E4%B8%8B%E3%83%AB%E5%A4%A7%E9%BB%92%E7%94%BA40,35.0084670,135.7691735,2022,喫茶店,kissaten,発表日：2022年9月27日
純喫茶 アメリカン,大阪府大阪市中央区道頓堀1-7-4 株式会社アメリカンビル,食べログ 喫茶店 百名店 2022,https://tabelog.com/osaka/A2701/A270202/27005758/,,https://www.google.com/maps/search/?api=1&query=%E7%B4%94%E5%96%AB%E8%8C%B6%20%E3%82%A2%E3%83%A1%E3%83%AA%E3%82%AB%E3%83%B3%20%E5%A4%A7%E9%98%AA%E5%BA%9C%E5%A4%A7%E9%98%AA%E5%B8%82%E4%B8%AD%E5%A4%AE%E5%8C%BA%E9%81%93%E9%A0%93%E5%A0%801-7-4%20%E6%A0%AA%E5%BC%8F%E4%BC%9A%E7%A4%BE%E3%82%A2%E3%83%A1%E3%83%AA%E3%82%AB%E3%83%B3%E3%83%93%E3%83%AB,34.6683901,135.5030497,2022,喫茶店,kissaten,発表日：2022年9月27日
エビアンコーヒー,兵庫県神戸市中央区元町通1-7-2,食べログ 喫茶店 百名店 2022,https://tabelog.com/hyogo/A2801/A280102/28000650/,,https://www.google.com/maps/search/?api=1&query=%E3%82%A8%E3%83%93%E3%82%A2%E3%83%B3%E3%82%B3%E3%83%BC%E3%83%92%E3%83%BC%20%E5%85%B5%E5%BA%AB%E7%9C%8C%E7%A5%9E%E6%88%B8%E5%B8%82%E4%B8%AD%E5%A4%AE%E5%8C%BA%E5%85%83%E7%94%BA%E9%80%9A1-7-2,34.6891755,135.1890844,2022,喫茶店,kissaten,発表日：2022年9月27日
六曜社 地下店,京都府京都市中京区河原町三条下ル大黒町40 B1F,食べログ 喫茶店 百名店 2022,https://tabelog.com/kyoto/A2601/A260202/26000159/,,https://www.google.com/maps/search/?api=1&query=%E5%85%AD%E6%9B%9C%E7%A4%BE%20%E5%9C%B0%E4%B8%8B%E5%BA%97%20%E4%BA%AC%E9%83%BD%E5%BA%9C%E4%BA%AC%E9%83%BD%E5%B8%82%E4%B8%AD%E4%BA%AC%E5%8C%BA%E6%B2%B3%E5%8E%9F%E7%94%BA%E4%B8%89%E6%9D%A1%E4%B8%8B%E3%83%AB%E5%A4%A7%E9%BB%92%E7%94%BA40%20B1F,35.0084644,135.7691862,2022,喫茶店,kissaten,発表日：2022年9月27日
モール&ホソイコーヒーズ,大阪府大阪市中央区伏見町3-3-3 芝川ビル B1F,食べログ 喫茶店 百名店 2022,https://tabelog.com/osaka/A2701/A270102/27020048/,,https://www.google.com/maps/search/?api=1&query=%E3%83%A2%E3%83%BC%E3%83%AB%26%E3%83%9B%E3%82%BD%E3%82%A4%E3%82%B3%E3%83%BC%E3%83%92%E3%83%BC%E3%82%BA%20%E5%A4%A7%E9%98%AA%E5%BA%9C%E5%A4%A7%E9%98%AA%E5%B8%82%E4%B8%AD%E5%A4%AE%E5%8C%BA%E4%BC%8F%E8%A6%8B%E7%94%BA3-3-3%20%E8%8A%9D%E5%B7%9D%E3%83%93%E3%83%AB%20B1F,34.6890585,135.5018553,2022,喫茶店,kissaten,発表日：2022年9月27日
喫茶 マドラグ,京都府京都市中京区押小路通西洞院東入ル北側,食べログ 喫茶店 百名店 2022,https://tabelog.com/kyoto/A2601/A260202/26019438/,,https://www.google.com/maps/search/?api=1&query=%E5%96%AB%E8%8C%B6%20%E3%83%9E%E3%83%89%E3%83%A9%E3%82%B0%20%E4%BA%AC%E9%83%BD%E5%BA%9C%E4%BA%AC%E9%83%BD%E5%B8%82%E4%B8%AD%E4%BA%AC%E5%8C%BA%E6%8A%BC%E5%B0%8F%E8%B7%AF%E9%80%9A%E8%A5%BF%E6%B4%9E%E9%99%A2%E6%9D%B1%E5%85%A5%E3%83%AB%E5%8C%97%E5%81%B4,35.0123300,135.7556446,2022,喫茶店,kissaten,発表日：2022年9月27日
生きている珈琲,京都府京都市下京区四条通麩屋町西入 立売東町みのや四条ビルB１F,食べログ 喫茶店 百名店 2022,https://tabelog.com/kyoto/A2601/A260201/26017295/,,https://www.google.com/maps/search/?api=1&query=%E7%94%9F%E3%81%8D%E3%81%A6%E3%81%84%E3%82%8B%E7%8F%88%E7%90%B2%20%E4%BA%AC%E9%83%BD%E5%BA%9C%E4%BA%AC%E9%83%BD%E5%B8%82%E4%B8%8B%E4%BA%AC%E5%8C%BA%E5%9B%9B%E6%9D%A1%E9%80%9A%E9%BA%A9%E5%B1%8B%E7%94%BA%E8%A5%BF%E5%85%A5%20%E7%AB%8B%E5%A3%B2%E6%9D%B1%E7%94%BA%E3%81%BF%E3%81%AE%E3%82%84%E5%9B%9B%E6%9D%A1%E3%83%93%E3%83%ABB%EF%BC%91F,35.0039354,135.7651517,2022,喫茶店,kissaten,発表日：2022年9月27日
お好み焼きもみじ,大阪府大阪市天王寺区生玉町9-19,食べログ お好み焼き 百名店 2022,https://tabelog.com/osaka/A2701/A270205/27040855/,,https://www.google.com/maps/search/?api=1&query=%E3%81%8A%E5%A5%BD%E3%81%BF%E7%84%BC%E3%81%8D%E3%82%82%E3%81%BF%E3%81%98%20%E5%A4%A7%E9%98%AA%E5%BA%9C%E5%A4%A7%E9%98%AA%E5%B8%82%E5%A4%A9%E7%8E%8B%E5%AF%BA%E5%8C%BA%E7%94%9F%E7%8E%89%E7%94%BA9-19,34.6664716,135.5139542,2022,お好み焼き,okonomiyaki,発表日：2022年4月26日
美作 神戸北野店,兵庫県神戸市中央区中山手通1-8-1 明関ビル 1F,食べログ お好み焼き 百名店 2022,https://tabelog.com/hyogo/A2801/A280101/28000977/,,https://www.google.com/maps/search/?api=1&query=%E7%BE%8E%E4%BD%9C%20%E7%A5%9E%E6%88%B8%E5%8C%97%E9%87%8E%E5%BA%97%20%E5%85%B5%E5%BA%AB%E7%9C%8C%E7%A5%9E%E6%88%B8%E5%B8%82%E4%B8%AD%E5%A4%AE%E5%8C%BA%E4%B8%AD%E5%B1%B1%E6%89%8B%E9%80%9A1-8-1%20%E6%98%8E%E9%96%A2%E3%83%93%E3%83%AB%201F,34.6947065,135.1928111,2022,お好み焼き,okonomiyaki,発表日：2022年4月26日
どんたく,大阪府大阪市北区堂山町16-12,食べログ お好み焼き 百名店 2022,https://tabelog.com/osaka/A2701/A270101/27009618/,,https://www.google.com/maps/search/?api=1&query=%E3%81%A9%E3%82%93%E3%81%9F%E3%81%8F%20%E5%A4%A7%E9%98%AA%E5%BA%9C%E5%A4%A7%E9%98%AA%E5%B8%82%E5%8C%97%E5%8C%BA%E5%A0%82%E5%B1%B1%E7%94%BA16-12,34.7041250,135.5027779,2022,お好み焼き,okonomiyaki,発表日：2022年4月26日
美津の,大阪府大阪市中央区道頓堀1-4-15,食べログ お好み焼き 百名店 2022,https://tabelog.com/osaka/A2701/A270202/27001278/,,https://www.google.com/maps/search/?api=1&query=%E7%BE%8E%E6%B4%A5%E3%81%AE%20%E5%A4%A7%E9%98%AA%E5%BA%9C%E5%A4%A7%E9%98%AA%E5%B8%82%E4%B8%AD%E5%A4%AE%E5%8C%BA%E9%81%93%E9%A0%93%E5%A0%801-4-15,34.6683632,135.5032319,2022,お好み焼き,okonomiyaki,発表日：2022年4月26日
味乃家 本店,大阪府大阪市中央区難波1-7-16,食べログ お好み焼き 百名店 2022,https://tabelog.com/osaka/A2701/A270202/27001439/,,https://www.google.com/maps/search/?api=1&query=%E5%91%B3%E4%B9%83%E5%AE%B6%20%E6%9C%AC%E5%BA%97%20%E5%A4%A7%E9%98%AA%E5%BA%9C%E5%A4%A7%E9%98%AA%E5%B8%82%E4%B8%AD%E5%A4%AE%E5%8C%BA%E9%9B%A3%E6%B3%A21-7-16,34.6680738,135.5009849,2022,お好み焼き,okonomiyaki,発表日：2022年4月26日
お好み焼 青森,兵庫県神戸市長田区久保町4-8-6,食べログ お好み焼き 百名店 2022,https://tabelog.com/hyogo/A2801/A280110/28000773/,,https://www.google.com/maps/search/?api=1&query=%E3%81%8A%E5%A5%BD%E3%81%BF%E7%84%BC%20%E9%9D%92%E6%A3%AE%20%E5%85%B5%E5%BA%AB%E7%9C%8C%E7%A5%9E%E6%88%B8%E5%B8%82%E9%95%B7%E7%94%B0%E5%8C%BA%E4%B9%85%E4%BF%9D%E7%94%BA4-8-6,34.6547929,135.1482076,2022,お好み焼き,okonomiyaki,発表日：2022年4月26日
オモニ グランフロント大阪店,大阪府大阪市北区大深町4-20 グランフロント大阪南館 7F,食べログ お好み焼き 百名店 2022,https://tabelog.com/osaka/A2701/A270101/27072543/,,https://www.google.com/maps/search/?api=1&query=%E3%82%AA%E3%83%A2%E3%83%8B%20%E3%82%B0%E3%83%A9%E3%83%B3%E3%83%95%E3%83%AD%E3%83%B3%E3%83%88%E5%A4%A7%E9%98%AA%E5%BA%97%20%E5%A4%A7%E9%98%AA%E5%BA%9C%E5%A4%A7%E9%98%AA%E5%B8%82%E5%8C%97%E5%8C%BA%E5%A4%A7%E6%B7%B1%E7%94%BA4-20%20%E3%82%B0%E3%83%A9%E3%83%B3%E3%83%95%E3%83%AD%E3%83%B3%E3%83%88%E5%A4%A7%E9%98%AA%E5%8D%97%E9%A4%A8%207F,34.7043276,135.4947757,2022,お好み焼き,okonomiyaki,発表日：2022年4月26日
法善寺横丁 やき然,大阪府大阪市中央区難波1-1-18,食べログ お好み焼き 百名店 2022,https://tabelog.com/osaka/A2701/A270202/27003472/,,https://www.google.com/maps/search/?api=1&query=%E6%B3%95%E5%96%84%E5%AF%BA%E6%A8%AA%E4%B8%81%20%E3%82%84%E3%81%8D%E7%84%B6%20%E5%A4%A7%E9%98%AA%E5%BA%9C%E5%A4%A7%E9%98%AA%E5%B8%82%E4%B8%AD%E5%A4%AE%E5%8C%BA%E9%9B%A3%E6%B3%A21-1-18,34.6681102,135.5026460,2022,お好み焼き,okonomiyaki,発表日：2022年4月26日
お好み焼 オモニ 本店,大阪府大阪市生野区桃谷3-3-2,食べログ お好み焼き 百名店 2022,https://tabelog.com/osaka/A2701/A270205/27000560/,,https://www.google.com/maps/search/?api=1&query=%E3%81%8A%E5%A5%BD%E3%81%BF%E7%84%BC%20%E3%82%AA%E3%83%A2%E3%83%8B%20%E6%9C%AC%E5%BA%97%20%E5%A4%A7%E9%98%AA%E5%BA%9C%E5%A4%A7%E9%98%AA%E5%B8%82%E7%94%9F%E9%87%8E%E5%8C%BA%E6%A1%83%E8%B0%B73-3-2,34.6619901,135.5359747,2022,お好み焼き,okonomiyaki,発表日：2022年4月26日
山本まんぼ,京都府京都市下京区小稲荷町61-54,食べログ お好み焼き 百名店 2022,https://tabelog.com/kyoto/A2601/A260101/26034294/,,https://www.google.com/maps/search/?api=1&query=%E5%B1%B1%E6%9C%AC%E3%81%BE%E3%82%93%E3%81%BC%20%E4%BA%AC%E9%83%BD%E5%BA%9C%E4%BA%AC%E9%83%BD%E5%B8%82%E4%B8%8B%E4%BA%AC%E5%8C%BA%E5%B0%8F%E7%A8%B2%E8%8D%B7%E7%94%BA61-54,34.9879439,135.7628525,2022,お好み焼き,okonomiyaki,発表日：2022年4月26日
てんてこ 武庫之荘店,兵庫県尼崎市南武庫之荘3-36-11,食べログ お好み焼き 百名店 2022,https://tabelog.com/hyogo/A2803/A280304/28008622/,,https://www.google.com/maps/search/?api=1&query=%E3%81%A6%E3%82%93%E3%81%A6%E3%81%93%20%E6%AD%A6%E5%BA%AB%E4%B9%8B%E8%8D%98%E5%BA%97%20%E5%85%B5%E5%BA%AB%E7%9C%8C%E5%B0%BC%E5%B4%8E%E5%B8%82%E5%8D%97%E6%AD%A6%E5%BA%AB%E4%B9%8B%E8%8D%983-36-11,34.7484456,135.3929715,2022,お好み焼き,okonomiyaki,発表日：2022年4月26日
もりぐち,兵庫県神戸市灘区琵琶町1-10-11,食べログ お好み焼き 百名店 2022,https://tabelog.com/hyogo/A2801/A280108/28005999/,,https://www.google.com/maps/search/?api=1&query=%E3%82%82%E3%82%8A%E3%81%90%E3%81%A1%20%E5%85%B5%E5%BA%AB%E7%9C%8C%E7%A5%9E%E6%88%B8%E5%B8%82%E7%81%98%E5%8C%BA%E7%90%B5%E7%90%B6%E7%94%BA1-10-11,34.7135569,135.2371622,2022,お好み焼き,okonomiyaki,発表日：2022年4月26日
あらた,京都府京都市南区西九条院町24-4,食べログ お好み焼き 百名店 2022,https://tabelog.com/kyoto/A2601/A260101/26001641/,,https://www.google.com/maps/search/?api=1&query=%E3%81%82%E3%82%89%E3%81%9F%20%E4%BA%AC%E9%83%BD%E5%BA%9C%E4%BA%AC%E9%83%BD%E5%B8%82%E5%8D%97%E5%8C%BA%E8%A5%BF%E4%B9%9D%E6%9D%A1%E9%99%A2%E7%94%BA24-4,34.9820610,135.7561812,2022,お好み焼き,okonomiyaki,発表日：2022年4月26日
ねぎ焼やまもと 本店,大阪府大阪市淀川区十三本町1-8-4,食べログ お好み焼き 百名店 2022,https://tabelog.com/osaka/A2701/A270302/27000981/,,https://www.google.com/maps/search/?api=1&query=%E3%81%AD%E3%81%8E%E7%84%BC%E3%82%84%E3%81%BE%E3%82%82%E3%81%A8%20%E6%9C%AC%E5%BA%97%20%E5%A4%A7%E9%98%AA%E5%BA%9C%E5%A4%A7%E9%98%AA%E5%B8%82%E6%B7%80%E5%B7%9D%E5%8C%BA%E5%8D%81%E4%B8%89%E6%9C%AC%E7%94%BA1-8-4,34.7192174,135.4812397,2022,お好み焼き,okonomiyaki,発表日：2022年4月26日
お好み焼き Sakura,大阪府大阪市北区角田町9-10 新梅田食道街,食べログ お好み焼き 百名店 2022,https://tabelog.com/osaka/A2701/A270101/27006469/,,https://www.google.com/maps/search/?api=1&query=%E3%81%8A%E5%A5%BD%E3%81%BF%E7%84%BC%E3%81%8D%20Sakura%20%E5%A4%A7%E9%98%AA%E5%BA%9C%E5%A4%A7%E9%98%AA%E5%B8%82%E5%8C%97%E5%8C%BA%E8%A7%92%E7%94%B0%E7%94%BA9-10%20%E6%96%B0%E6%A2%85%E7%94%B0%E9%A3%9F%E9%81%93%E8%A1%97,34.7036306,135.4983939,2022,お好み焼き,okonomiyaki,発表日：2022年4月26日
象屋,大阪府大阪市西成区玉出西2-7-10,食べログ お好み焼き 百名店 2022,https://tabelog.com/osaka/A2701/A270406/27002851/,,https://www.google.com/maps/search/?api=1&query=%E8%B1%A1%E5%B1%8B%20%E5%A4%A7%E9%98%AA%E5%BA%9C%E5%A4%A7%E9%98%AA%E5%B8%82%E8%A5%BF%E6%88%90%E5%8C%BA%E7%8E%89%E5%87%BA%E8%A5%BF2-7-10,34.6234014,135.4896639,2022,お好み焼き,okonomiyaki,発表日：2022年4月26日
広島流お好み焼 つかさ,和歌山県和歌山市園部943-13,食べログ お好み焼き 百名店 2022,https://tabelog.com/wakayama/A3001/A300101/30000437/,,https://www.google.com/maps/search/?api=1&query=%E5%BA%83%E5%B3%B6%E6%B5%81%E3%81%8A%E5%A5%BD%E3%81%BF%E7%84%BC%20%E3%81%A4%E3%81%8B%E3%81%95%20%E5%92%8C%E6%AD%8C%E5%B1%B1%E7%9C%8C%E5%92%8C%E6%AD%8C%E5%B1%B1%E5%B8%82%E5%9C%92%E9%83%A8943-13,34.2615556,135.1903669,2022,お好み焼き,okonomiyaki,発表日：2022年4月26日
祇園ねぎ焼 かな 東店,京都府京都市東山区東大路安井北門通月見町13,食べログ お好み焼き 百名店 2022,https://tabelog.com/kyoto/A2601/A260301/26000572/,,https://www.google.com/maps/search/?api=1&query=%E7%A5%87%E5%9C%92%E3%81%AD%E3%81%8E%E7%84%BC%20%E3%81%8B%E3%81%AA%20%E6%9D%B1%E5%BA%97%20%E4%BA%AC%E9%83%BD%E5%BA%9C%E4%BA%AC%E9%83%BD%E5%B8%82%E6%9D%B1%E5%B1%B1%E5%8C%BA%E6%9D%B1%E5%A4%A7%E8%B7%AF%E5%AE%89%E4%BA%95%E5%8C%97%E9%96%80%E9%80%9A%E6%9C%88%E8%A6%8B%E7%94%BA13,35.0013945,135.7774286,2022,お好み焼き,okonomiyaki,発表日：2022年4月26日
夢屋,京都府京都市左京区川端通二条通上ル孫橋町1,食べログ お好み焼き 百名店 2022,https://tabelog.com/kyoto/A2601/A260302/26005094/,,https://www.google.com/maps/search/?api=1&query=%E5%A4%A2%E5%B1%8B%20%E4%BA%AC%E9%83%BD%E5%BA%9C%E4%BA%AC%E9%83%BD%E5%B8%82%E5%B7%A6%E4%BA%AC%E5%8C%BA%E5%B7%9D%E7%AB%AF%E9%80%9A%E4%BA%8C%E6%9D%A1%E9%80%9A%E4%B8%8A%E3%83%AB%E5%AD%AB%E6%A9%8B%E7%94%BA1,35.0136063,135.7725451,2022,お好み焼き,okonomiyaki,発表日：2022年4月26日
福太郎 なんばダイニングメゾン店,大阪府大阪市中央区難波5-1-18 なんばダイニングメゾン 8F,食べログ お好み焼き 百名店 2022,https://tabelog.com/osaka/A2701/A270202/27046834/,,https://www.google.com/maps/search/?api=1&query=%E7%A6%8F%E5%A4%AA%E9%83%8E%20%E3%81%AA%E3%82%93%E3%81%B0%E3%83%80%E3%82%A4%E3%83%8B%E3%83%B3%E3%82%B0%E3%83%A1%E3%82%BE%E3%83%B3%E5%BA%97%20%E5%A4%A7%E9%98%AA%E5%BA%9C%E5%A4%A7%E9%98%AA%E5%B8%82%E4%B8%AD%E5%A4%AE%E5%8C%BA%E9%9B%A3%E6%B3%A25-1-18%20%E3%81%AA%E3%82%93%E3%81%B0%E3%83%80%E3%82%A4%E3%83%8B%E3%83%B3%E3%82%B0%E3%83%A1%E3%82%BE%E3%83%B3%208F,34.6645919,135.5017650,2022,お好み焼き,okonomiyaki,発表日：2022年4月26日
ひろかずや 東通り店,大阪府大阪市北区神山町9-5,食べログ お好み焼き 百名店 2022,https://tabelog.com/osaka/A2701/A270103/27006484/,https://tabelog.com/osaka/A2701/A270103/27006484/?cid=google_yoyaku,https://www.google.com/maps/search/?api=1&query=%E3%81%B2%E3%82%8D%E3%81%8B%E3%81%9A%E3%82%84%20%E6%9D%B1%E9%80%9A%E3%82%8A%E5%BA%97%20%E5%A4%A7%E9%98%AA%E5%BA%9C%E5%A4%A7%E9%98%AA%E5%B8%82%E5%8C%97%E5%8C%BA%E7%A5%9E%E5%B1%B1%E7%94%BA9-5,34.7032402,135.5051964,2022,お好み焼き,okonomiyaki,発表日：2022年4月26日
ヒロお好み焼,和歌山県田辺市江川14-8,食べログ お好み焼き 百名店 2022,https://tabelog.com/wakayama/A3004/A300402/30002507/,,https://www.google.com/maps/search/?api=1&query=%E3%83%92%E3%83%AD%E3%81%8A%E5%A5%BD%E3%81%BF%E7%84%BC%20%E5%92%8C%E6%AD%8C%E5%B1%B1%E7%9C%8C%E7%94%B0%E8%BE%BA%E5%B8%82%E6%B1%9F%E5%B7%9D14-8,33.7318874,135.3703718,2022,お好み焼き,okonomiyaki,発表日：2022年4月26日
AT THE 21,大阪府豊中市上野東3-18-19,食べログ お好み焼き 百名店 2022,https://tabelog.com/osaka/A2706/A270601/27010845/,,https://www.google.com/maps/search/?api=1&query=AT%20THE%2021%20%E5%A4%A7%E9%98%AA%E5%BA%9C%E8%B1%8A%E4%B8%AD%E5%B8%82%E4%B8%8A%E9%87%8E%E6%9D%B13-18-19,34.7999601,135.4724836,2022,お好み焼き,okonomiyaki,発表日：2022年4月26日
富士屋,兵庫県神戸市東灘区住吉宮町2-17-3,食べログ お好み焼き 百名店 2022,https://tabelog.com/hyogo/A2801/A280106/28022791/,,https://www.google.com/maps/search/?api=1&query=%E5%AF%8C%E5%A3%AB%E5%B1%8B%20%E5%85%B5%E5%BA%AB%E7%9C%8C%E7%A5%9E%E6%88%B8%E5%B8%82%E6%9D%B1%E7%81%98%E5%8C%BA%E4%BD%8F%E5%90%89%E5%AE%AE%E7%94%BA2-17-3,34.7151581,135.2643721,2022,お好み焼き,okonomiyaki,発表日：2022年4月26日
モッさんのべた焼 壬生店,京都府京都市中京区壬生高樋町24-19 レジデンス志摩 1F,食べログ お好み焼き 百名店 2022,https://tabelog.com/kyoto/A2601/A260401/26024610/,,https://www.google.com/maps/search/?api=1&query=%E3%83%A2%E3%83%83%E3%81%95%E3%82%93%E3%81%AE%E3%81%B9%E3%81%9F%E7%84%BC%20%E5%A3%AC%E7%94%9F%E5%BA%97%20%E4%BA%AC%E9%83%BD%E5%BA%9C%E4%BA%AC%E9%83%BD%E5%B8%82%E4%B8%AD%E4%BA%AC%E5%8C%BA%E5%A3%AC%E7%94%9F%E9%AB%98%E6%A8%8B%E7%94%BA24-19%20%E3%83%AC%E3%82%B8%E3%83%87%E3%83%B3%E3%82%B9%E5%BF%97%E6%91%A9%201F,35.0030574,135.7395508,2022,お好み焼き,okonomiyaki,発表日：2022年4月26日
お好み焼吉野,京都府京都市東山区大和大路通り塩小路下ル上池田町546,食べログ お好み焼き 百名店 2022,https://tabelog.com/kyoto/A2601/A260304/26001618/,,https://www.google.com/maps/search/?api=1&query=%E3%81%8A%E5%A5%BD%E3%81%BF%E7%84%BC%E5%90%89%E9%87%8E%20%E4%BA%AC%E9%83%BD%E5%BA%9C%E4%BA%AC%E9%83%BD%E5%B8%82%E6%9D%B1%E5%B1%B1%E5%8C%BA%E5%A4%A7%E5%92%8C%E5%A4%A7%E8%B7%AF%E9%80%9A%E3%82%8A%E5%A1%A9%E5%B0%8F%E8%B7%AF%E4%B8%8B%E3%83%AB%E4%B8%8A%E6%B1%A0%E7%94%B0%E7%94%BA546,34.9863662,135.7715433,2022,お好み焼き,okonomiyaki,発表日：2022年4月26日
お好み焼 きじ 本店,大阪府大阪市北区角田町9-20 新梅田食道街 1F,食べログ お好み焼き 百名店 2022,https://tabelog.com/osaka/A2701/A270101/27000297/,,https://www.google.com/maps/search/?api=1&query=%E3%81%8A%E5%A5%BD%E3%81%BF%E7%84%BC%20%E3%81%8D%E3%81%98%20%E6%9C%AC%E5%BA%97%20%E5%A4%A7%E9%98%AA%E5%BA%9C%E5%A4%A7%E9%98%AA%E5%B8%82%E5%8C%97%E5%8C%BA%E8%A7%92%E7%94%B0%E7%94%BA9-20%20%E6%96%B0%E6%A2%85%E7%94%B0%E9%A3%9F%E9%81%93%E8%A1%97%201F,34.7034976,135.4978130,2022,お好み焼き,okonomiyaki,発表日：2022年4月26日
あべとん,大阪府大阪市天王寺区堀越町13 アベノ地下街１号　Ｂ１Ｆ,食べログ お好み焼き 百名店 2022,https://tabelog.com/osaka/A2701/A270203/27017208/,,https://www.google.com/maps/search/?api=1&query=%E3%81%82%E3%81%B9%E3%81%A8%E3%82%93%20%E5%A4%A7%E9%98%AA%E5%BA%9C%E5%A4%A7%E9%98%AA%E5%B8%82%E5%A4%A9%E7%8E%8B%E5%AF%BA%E5%8C%BA%E5%A0%80%E8%B6%8A%E7%94%BA13%20%E3%82%A2%E3%83%99%E3%83%8E%E5%9C%B0%E4%B8%8B%E8%A1%97%EF%BC%91%E5%8F%B7%E3%80%80%EF%BC%A2%EF%BC%91%EF%BC%A6,34.6489205,135.5133312,2022,お好み焼き,okonomiyaki,発表日：2022年4月26日
あっちゃん,兵庫県神戸市中央区北本町通4-2,食べログ お好み焼き 百名店 2022,https://tabelog.com/hyogo/A2801/A280103/28014143/,,https://www.google.com/maps/search/?api=1&query=%E3%81%82%E3%81%A3%E3%81%A1%E3%82%83%E3%82%93%20%E5%85%B5%E5%BA%AB%E7%9C%8C%E7%A5%9E%E6%88%B8%E5%B8%82%E4%B8%AD%E5%A4%AE%E5%8C%BA%E5%8C%97%E6%9C%AC%E7%94%BA%E9%80%9A4-2,34.6973872,135.2059867,2022,お好み焼き,okonomiyaki,発表日：2022年4月26日
ノルド,兵庫県尼崎市七松町1-9-3,食べログ お好み焼き 百名店 2022,https://tabelog.com/hyogo/A2803/A280304/28016979/,,https://www.google.com/maps/search/?api=1&query=%E3%83%8E%E3%83%AB%E3%83%89%20%E5%85%B5%E5%BA%AB%E7%9C%8C%E5%B0%BC%E5%B4%8E%E5%B8%82%E4%B8%83%E6%9D%BE%E7%94%BA1-9-3,34.7362291,135.3992112,2022,お好み焼き,okonomiyaki,発表日：2022年4月26日
お好み焼 きじ 梅田スカイビル店,大阪府大阪市北区大淀中1-1-90 梅田スカイビル B1F滝見小路,食べログ お好み焼き 百名店 2022,https://tabelog.com/osaka/A2701/A270101/27000322/,,https://www.google.com/maps/search/?api=1&query=%E3%81%8A%E5%A5%BD%E3%81%BF%E7%84%BC%20%E3%81%8D%E3%81%98%20%E6%A2%85%E7%94%B0%E3%82%B9%E3%82%AB%E3%82%A4%E3%83%93%E3%83%AB%E5%BA%97%20%E5%A4%A7%E9%98%AA%E5%BA%9C%E5%A4%A7%E9%98%AA%E5%B8%82%E5%8C%97%E5%8C%BA%E5%A4%A7%E6%B7%80%E4%B8%AD1-1-90%20%E6%A2%85%E7%94%B0%E3%82%B9%E3%82%AB%E3%82%A4%E3%83%93%E3%83%AB%20B1F%E6%BB%9D%E8%A6%8B%E5%B0%8F%E8%B7%AF,34.7047400,135.4906296,2022,お好み焼き,okonomiyaki,発表日：2022年4月26日
福太郎 本店,大阪府大阪市中央区千日前2-3-17,食べログ お好み焼き 百名店 2022,https://tabelog.com/osaka/A2701/A270202/27002665/,,https://www.google.com/maps/search/?api=1&query=%E7%A6%8F%E5%A4%AA%E9%83%8E%20%E6%9C%AC%E5%BA%97%20%E5%A4%A7%E9%98%AA%E5%BA%9C%E5%A4%A7%E9%98%AA%E5%B8%82%E4%B8%AD%E5%A4%AE%E5%8C%BA%E5%8D%83%E6%97%A5%E5%89%8D2-3-17,34.6656002,135.5045469,2022,お好み焼き,okonomiyaki,発表日：2022年4月26日
くろちゃん,大阪府大阪市東成区中道2-14-10,食べログ お好み焼き 百名店 2022,https://tabelog.com/osaka/A2701/A270107/27011789/,,https://www.google.com/maps/search/?api=1&query=%E3%81%8F%E3%82%8D%E3%81%A1%E3%82%83%E3%82%93%20%E5%A4%A7%E9%98%AA%E5%BA%9C%E5%A4%A7%E9%98%AA%E5%B8%82%E6%9D%B1%E6%88%90%E5%8C%BA%E4%B8%AD%E9%81%932-14-10,34.6794027,135.5395696,2022,お好み焼き,okonomiyaki,発表日：2022年4月26日
ねぎ焼やまもと 梅田エスト店,大阪府大阪市北区角田町3番25号 エストＥ27　East Area 1F,食べログ お好み焼き 百名店 2022,https://tabelog.com/osaka/A2701/A270101/27003858/,,https://www.google.com/maps/search/?api=1&query=%E3%81%AD%E3%81%8E%E7%84%BC%E3%82%84%E3%81%BE%E3%82%82%E3%81%A8%20%E6%A2%85%E7%94%B0%E3%82%A8%E3%82%B9%E3%83%88%E5%BA%97%20%E5%A4%A7%E9%98%AA%E5%BA%9C%E5%A4%A7%E9%98%AA%E5%B8%82%E5%8C%97%E5%8C%BA%E8%A7%92%E7%94%B0%E7%94%BA3%E7%95%AA25%E5%8F%B7%20%E3%82%A8%E3%82%B9%E3%83%88%EF%BC%A527%E3%80%80East%20Area%201F,34.7046699,135.5010606,2022,お好み焼き,okonomiyaki,発表日：2022年4月26日
お好み焼 千草,大阪府大阪市北区天神橋4-11-18,食べログ お好み焼き 百名店 2022,https://tabelog.com/osaka/A2701/A270103/27002204/,,https://www.google.com/maps/search/?api=1&query=%E3%81%8A%E5%A5%BD%E3%81%BF%E7%84%BC%20%E5%8D%83%E8%8D%89%20%E5%A4%A7%E9%98%AA%E5%BA%9C%E5%A4%A7%E9%98%AA%E5%B8%82%E5%8C%97%E5%8C%BA%E5%A4%A9%E7%A5%9E%E6%A9%8B4-11-18,34.7062826,135.5116015,2022,お好み焼き,okonomiyaki,発表日：2022年4月26日
双月,大阪府大阪市北区天神橋3-9-9,食べログ お好み焼き 百名店 2022,https://tabelog.com/osaka/A2701/A270103/27002280/,,https://www.google.com/maps/search/?api=1&query=%E5%8F%8C%E6%9C%88%20%E5%A4%A7%E9%98%AA%E5%BA%9C%E5%A4%A7%E9%98%AA%E5%B8%82%E5%8C%97%E5%8C%BA%E5%A4%A9%E7%A5%9E%E6%A9%8B3-9-9,34.7019962,135.5116347,2022,お好み焼き,okonomiyaki,発表日：2022年4月26日
お好み焼 ひかり,兵庫県神戸市兵庫区東出町3-21-2,食べログ お好み焼き 百名店 2022,https://tabelog.com/hyogo/A2801/A280102/28005916/,,https://www.google.com/maps/search/?api=1&query=%E3%81%8A%E5%A5%BD%E3%81%BF%E7%84%BC%20%E3%81%B2%E3%81%8B%E3%82%8A%20%E5%85%B5%E5%BA%AB%E7%9C%8C%E7%A5%9E%E6%88%B8%E5%B8%82%E5%85%B5%E5%BA%AB%E5%8C%BA%E6%9D%B1%E5%87%BA%E7%94%BA3-21-2,34.6740998,135.1799496,2022,お好み焼き,okonomiyaki,発表日：2022年4月26日
お好み焼き ちとせ,大阪府大阪市西成区太子 1-11-10,食べログ お好み焼き 百名店 2022,https://tabelog.com/osaka/A2701/A270206/27019100/,,https://www.google.com/maps/search/?api=1&query=%E3%81%8A%E5%A5%BD%E3%81%BF%E7%84%BC%E3%81%8D%20%E3%81%A1%E3%81%A8%E3%81%9B%20%E5%A4%A7%E9%98%AA%E5%BA%9C%E5%A4%A7%E9%98%AA%E5%B8%82%E8%A5%BF%E6%88%90%E5%8C%BA%E5%A4%AA%E5%AD%90%201-11-10,34.6475342,135.5046740,2022,お好み焼き,okonomiyaki,発表日：2022年4月26日
花,大阪府大阪市都島区東野田町4-2-15,食べログ お好み焼き 百名店 2022,https://tabelog.com/osaka/A2701/A270107/27019304/,,https://www.google.com/maps/search/?api=1&query=%E8%8A%B1%20%E5%A4%A7%E9%98%AA%E5%BA%9C%E5%A4%A7%E9%98%AA%E5%B8%82%E9%83%BD%E5%B3%B6%E5%8C%BA%E6%9D%B1%E9%87%8E%E7%94%B0%E7%94%BA4-2-15,34.6979003,135.5282033,2022,お好み焼き,okonomiyaki,発表日：2022年4月26日
鶏 soba 座銀 本店,大阪府大阪市西区江戸堀1-19-2,食べログ ラーメン WEST 百名店 2022,https://tabelog.com/osaka/A2701/A270102/27079112/,,https://www.google.com/maps/search/?api=1&query=%E9%B6%8F%20soba%20%E5%BA%A7%E9%8A%80%20%E6%9C%AC%E5%BA%97%20%E5%A4%A7%E9%98%AA%E5%BA%9C%E5%A4%A7%E9%98%AA%E5%B8%82%E8%A5%BF%E5%8C%BA%E6%B1%9F%E6%88%B8%E5%A0%801-19-2,34.6896211,135.4950644,2022,ラーメン WEST,ramen_west,発表日：2022年11月28日
鶏Soba 座銀 にぼし店,大阪府大阪市中央区南船場3-9-6,食べログ ラーメン WEST 百名店 2022,https://tabelog.com/osaka/A2701/A270201/27086371/,,https://www.google.com/maps/search/?api=1&query=%E9%B6%8FSoba%20%E5%BA%A7%E9%8A%80%20%E3%81%AB%E3%81%BC%E3%81%97%E5%BA%97%20%E5%A4%A7%E9%98%AA%E5%BA%9C%E5%A4%A7%E9%98%AA%E5%B8%82%E4%B8%AD%E5%A4%AE%E5%8C%BA%E5%8D%97%E8%88%B9%E5%A0%B43-9-6,34.6776699,135.5011299,2022,ラーメン WEST,ramen_west,発表日：2022年11月28日
らぁめん真,大阪府茨木市駅前1-3-4,食べログ ラーメン WEST 百名店 2022,https://tabelog.com/osaka/A2706/A270604/27083381/,,https://www.google.com/maps/search/?api=1&query=%E3%82%89%E3%81%81%E3%82%81%E3%82%93%E7%9C%9F%20%E5%A4%A7%E9%98%AA%E5%BA%9C%E8%8C%A8%E6%9C%A8%E5%B8%82%E9%A7%85%E5%89%8D1-3-4,34.8163403,135.5635753,2022,ラーメン WEST,ramen_west,発表日：2022年11月28日
らーめん弥七,大阪府大阪市北区豊崎3-4-8,食べログ ラーメン WEST 百名店 2022,https://tabelog.com/osaka/A2701/A270101/27003232/,,https://www.google.com/maps/search/?api=1&query=%E3%82%89%E3%83%BC%E3%82%81%E3%82%93%E5%BC%A5%E4%B8%83%20%E5%A4%A7%E9%98%AA%E5%BA%9C%E5%A4%A7%E9%98%AA%E5%B8%82%E5%8C%97%E5%8C%BA%E8%B1%8A%E5%B4%8E3-4-8,34.7113043,135.4997373,2022,ラーメン WEST,ramen_west,発表日：2022年11月28日
麺屋NOROMA,奈良県奈良市南京終町3-1531,食べログ ラーメン WEST 百名店 2022,https://tabelog.com/nara/A2901/A290101/29007675/,,https://www.google.com/maps/search/?api=1&query=%E9%BA%BA%E5%B1%8BNOROMA%20%E5%A5%88%E8%89%AF%E7%9C%8C%E5%A5%88%E8%89%AF%E5%B8%82%E5%8D%97%E4%BA%AC%E7%B5%82%E7%94%BA3-1531,34.6663552,135.8191455,2022,ラーメン WEST,ramen_west,発表日：2022年11月28日
麺や しき,大阪府守口市豊秀町2-1-3 エスポワール豊秀ワン1F,食べログ ラーメン WEST 百名店 2022,https://tabelog.com/osaka/A2707/A270701/27061274/,,https://www.google.com/maps/search/?api=1&query=%E9%BA%BA%E3%82%84%20%E3%81%97%E3%81%8D%20%E5%A4%A7%E9%98%AA%E5%BA%9C%E5%AE%88%E5%8F%A3%E5%B8%82%E8%B1%8A%E7%A7%80%E7%94%BA2-1-3%20%E3%82%A8%E3%82%B9%E3%83%9D%E3%83%AF%E3%83%BC%E3%83%AB%E8%B1%8A%E7%A7%80%E3%83%AF%E3%83%B31F,34.7383157,135.5649208,2022,ラーメン WEST,ramen_west,発表日：2022年11月28日
ふく流らーめん 轍  総本家,大阪府大阪市天王寺区寺田町2-5-6,食べログ ラーメン WEST 百名店 2022,https://tabelog.com/osaka/A2701/A270203/27088045/,,https://www.google.com/maps/search/?api=1&query=%E3%81%B5%E3%81%8F%E6%B5%81%E3%82%89%E3%83%BC%E3%82%81%E3%82%93%20%E8%BD%8D%20%20%E7%B7%8F%E6%9C%AC%E5%AE%B6%20%E5%A4%A7%E9%98%AA%E5%BA%9C%E5%A4%A7%E9%98%AA%E5%B8%82%E5%A4%A9%E7%8E%8B%E5%AF%BA%E5%8C%BA%E5%AF%BA%E7%94%B0%E7%94%BA2-5-6,34.6489014,135.5241439,2022,ラーメン WEST,ramen_west,発表日：2022年11月28日
麺屋 丈六 なんば店,大阪府大阪市中央区難波千日前6-16,食べログ ラーメン WEST 百名店 2022,https://tabelog.com/osaka/A2701/A270202/27084754/,,https://www.google.com/maps/search/?api=1&query=%E9%BA%BA%E5%B1%8B%20%E4%B8%88%E5%85%AD%20%E3%81%AA%E3%82%93%E3%81%B0%E5%BA%97%20%E5%A4%A7%E9%98%AA%E5%BA%9C%E5%A4%A7%E9%98%AA%E5%B8%82%E4%B8%AD%E5%A4%AE%E5%8C%BA%E9%9B%A3%E6%B3%A2%E5%8D%83%E6%97%A5%E5%89%8D6-16,34.6636803,135.5048690,2022,ラーメン WEST,ramen_west,発表日：2022年11月28日
ジャンクストーリー 本店,大阪府大阪市中央区高津1-2-11,食べログ ラーメン WEST 百名店 2022,https://tabelog.com/osaka/A2701/A270205/27050596/,,https://www.google.com/maps/search/?api=1&query=%E3%82%B8%E3%83%A3%E3%83%B3%E3%82%AF%E3%82%B9%E3%83%88%E3%83%BC%E3%83%AA%E3%83%BC%20%E6%9C%AC%E5%BA%97%20%E5%A4%A7%E9%98%AA%E5%BA%9C%E5%A4%A7%E9%98%AA%E5%B8%82%E4%B8%AD%E5%A4%AE%E5%8C%BA%E9%AB%98%E6%B4%A51-2-11,34.6669575,135.5143003,2022,ラーメン WEST,ramen_west,発表日：2022年11月28日
あいつのラーメン かたぐるま 本店,京都府京都市下京区西七条西八反田町77 ガーディアン青山 1F,食べログ ラーメン WEST 百名店 2022,https://tabelog.com/kyoto/A2601/A260203/26023737/,,https://www.google.com/maps/search/?api=1&query=%E3%81%82%E3%81%84%E3%81%A4%E3%81%AE%E3%83%A9%E3%83%BC%E3%83%A1%E3%83%B3%20%E3%81%8B%E3%81%9F%E3%81%90%E3%82%8B%E3%81%BE%20%E6%9C%AC%E5%BA%97%20%E4%BA%AC%E9%83%BD%E5%BA%9C%E4%BA%AC%E9%83%BD%E5%B8%82%E4%B8%8B%E4%BA%AC%E5%8C%BA%E8%A5%BF%E4%B8%83%E6%9D%A1%E8%A5%BF%E5%85%AB%E5%8F%8D%E7%94%B0%E7%94%BA77%20%E3%82%AC%E3%83%BC%E3%83%87%E3%82%A3%E3%82%A2%E3%83%B3%E9%9D%92%E5%B1%B1%201F,34.9928652,135.7361933,2022,ラーメン WEST,ramen_west,発表日：2022年11月28日
麺屋彩々 昭和町本店,大阪府大阪市阿倍野区阪南町1-46-8,食べログ ラーメン WEST 百名店 2022,https://tabelog.com/osaka/A2701/A270203/27059500/,,https://www.google.com/maps/search/?api=1&query=%E9%BA%BA%E5%B1%8B%E5%BD%A9%E3%80%85%20%E6%98%AD%E5%92%8C%E7%94%BA%E6%9C%AC%E5%BA%97%20%E5%A4%A7%E9%98%AA%E5%BA%9C%E5%A4%A7%E9%98%AA%E5%B8%82%E9%98%BF%E5%80%8D%E9%87%8E%E5%8C%BA%E9%98%AA%E5%8D%97%E7%94%BA1-46-8,34.6339893,135.5163803,2022,ラーメン WEST,ramen_west,発表日：2022年11月28日
麺や而今 大東本店,大阪府大東市灰塚6-7-9,食べログ ラーメン WEST 百名店 2022,https://tabelog.com/osaka/A2707/A270704/27054613/,,https://www.google.com/maps/search/?api=1&query=%E9%BA%BA%E3%82%84%E8%80%8C%E4%BB%8A%20%E5%A4%A7%E6%9D%B1%E6%9C%AC%E5%BA%97%20%E5%A4%A7%E9%98%AA%E5%BA%9C%E5%A4%A7%E6%9D%B1%E5%B8%82%E7%81%B0%E5%A1%9A6-7-9,34.6991230,135.6075399,2022,ラーメン WEST,ramen_west,発表日：2022年11月28日
中華そば麦右衛門,兵庫県揖保郡太子町鵤496-1,食べログ ラーメン WEST 百名店 2022,https://tabelog.com/hyogo/A2805/A280503/28037743/,,https://www.google.com/maps/search/?api=1&query=%E4%B8%AD%E8%8F%AF%E3%81%9D%E3%81%B0%E9%BA%A6%E5%8F%B3%E8%A1%9B%E9%96%80%20%E5%85%B5%E5%BA%AB%E7%9C%8C%E6%8F%96%E4%BF%9D%E9%83%A1%E5%A4%AA%E5%AD%90%E7%94%BA%E9%B5%A4496-1,34.8344408,134.5759313,2022,ラーメン WEST,ramen_west,発表日：2022年11月28日
烈志笑魚油 麺香房 三く,大阪府大阪市福島区福島2-6-5 AKパレス 1F,食べログ ラーメン WEST 百名店 2022,https://tabelog.com/osaka/A2701/A270108/27058993/,,https://www.google.com/maps/search/?api=1&query=%E7%83%88%E5%BF%97%E7%AC%91%E9%AD%9A%E6%B2%B9%20%E9%BA%BA%E9%A6%99%E6%88%BF%20%E4%B8%89%E3%81%8F%20%E5%A4%A7%E9%98%AA%E5%BA%9C%E5%A4%A7%E9%98%AA%E5%B8%82%E7%A6%8F%E5%B3%B6%E5%8C%BA%E7%A6%8F%E5%B3%B62-6-5%20AK%E3%83%91%E3%83%AC%E3%82%B9%201F,34.6937634,135.4859225,2022,ラーメン WEST,ramen_west,発表日：2022年11月28日
手打ち麺 やす田,大阪府大阪市東淀川区東中島1-21-2 新大阪ハイツ106号,食べログ ラーメン WEST 百名店 2022,https://tabelog.com/osaka/A2701/A270301/27060153/,,https://www.google.com/maps/search/?api=1&query=%E6%89%8B%E6%89%93%E3%81%A1%E9%BA%BA%20%E3%82%84%E3%81%99%E7%94%B0%20%E5%A4%A7%E9%98%AA%E5%BA%9C%E5%A4%A7%E9%98%AA%E5%B8%82%E6%9D%B1%E6%B7%80%E5%B7%9D%E5%8C%BA%E6%9D%B1%E4%B8%AD%E5%B3%B61-21-2%20%E6%96%B0%E5%A4%A7%E9%98%AA%E3%83%8F%E3%82%A4%E3%83%84106%E5%8F%B7,34.7329633,135.5040267,2022,ラーメン WEST,ramen_west,発表日：2022年11月28日
人類みな麺類,大阪府大阪市淀川区西中島1-12-15,食べログ ラーメン WEST 百名店 2022,https://tabelog.com/osaka/A2701/A270301/27064584/,,https://www.google.com/maps/search/?api=1&query=%E4%BA%BA%E9%A1%9E%E3%81%BF%E3%81%AA%E9%BA%BA%E9%A1%9E%20%E5%A4%A7%E9%98%AA%E5%BA%9C%E5%A4%A7%E9%98%AA%E5%B8%82%E6%B7%80%E5%B7%9D%E5%8C%BA%E8%A5%BF%E4%B8%AD%E5%B3%B61-12-15,34.7254621,135.4991805,2022,ラーメン WEST,ramen_west,発表日：2022年11月28日
彩色ラーメン きんせい総本家 夢風,大阪府高槻市栄町2-19-7,食べログ ラーメン WEST 百名店 2022,https://tabelog.com/osaka/A2706/A270604/27002131/,,https://www.google.com/maps/search/?api=1&query=%E5%BD%A9%E8%89%B2%E3%83%A9%E3%83%BC%E3%83%A1%E3%83%B3%20%E3%81%8D%E3%82%93%E3%81%9B%E3%81%84%E7%B7%8F%E6%9C%AC%E5%AE%B6%20%E5%A4%A2%E9%A2%A8%20%E5%A4%A7%E9%98%AA%E5%BA%9C%E9%AB%98%E6%A7%BB%E5%B8%82%E6%A0%84%E7%94%BA2-19-7,34.8284340,135.6031493,2022,ラーメン WEST,ramen_west,発表日：2022年11月28日
中華蕎麦 葛,大阪府大阪市西区阿波座1-12-21 喜多ビル 1F,食べログ ラーメン WEST 百名店 2022,https://tabelog.com/osaka/A2701/A270106/27087256/,,https://www.google.com/maps/search/?api=1&query=%E4%B8%AD%E8%8F%AF%E8%95%8E%E9%BA%A6%20%E8%91%9B%20%E5%A4%A7%E9%98%AA%E5%BA%9C%E5%A4%A7%E9%98%AA%E5%B8%82%E8%A5%BF%E5%8C%BA%E9%98%BF%E6%B3%A2%E5%BA%A71-12-21%20%E5%96%9C%E5%A4%9A%E3%83%93%E3%83%AB%201F,34.6813664,135.4949993,2022,ラーメン WEST,ramen_west,発表日：2022年11月28日
麺や 紡,大阪府茨木市宇野辺2-1-24,食べログ ラーメン WEST 百名店 2022,https://tabelog.com/osaka/A2706/A270604/27064537/,,https://www.google.com/maps/search/?api=1&query=%E9%BA%BA%E3%82%84%20%E7%B4%A1%20%E5%A4%A7%E9%98%AA%E5%BA%9C%E8%8C%A8%E6%9C%A8%E5%B8%82%E5%AE%87%E9%87%8E%E8%BE%BA2-1-24,34.8035746,135.5563601,2022,ラーメン WEST,ramen_west,発表日：2022年11月28日
拳ラーメン,京都府京都市下京区朱雀正会町1-16,食べログ ラーメン WEST 百名店 2022,https://tabelog.com/kyoto/A2601/A260203/26017616/,,https://www.google.com/maps/search/?api=1&query=%E6%8B%B3%E3%83%A9%E3%83%BC%E3%83%A1%E3%83%B3%20%E4%BA%AC%E9%83%BD%E5%BA%9C%E4%BA%AC%E9%83%BD%E5%B8%82%E4%B8%8B%E4%BA%AC%E5%8C%BA%E6%9C%B1%E9%9B%80%E6%AD%A3%E4%BC%9A%E7%94%BA1-16,34.9893055,135.7437055,2022,ラーメン WEST,ramen_west,発表日：2022年11月28日
らーめん香澄 中崎町店,大阪府大阪市北区中崎2-1-1 小川ビル 1F,食べログ ラーメン WEST 百名店 2022,https://tabelog.com/osaka/A2701/A270101/27088923/,,https://www.google.com/maps/search/?api=1&query=%E3%82%89%E3%83%BC%E3%82%81%E3%82%93%E9%A6%99%E6%BE%84%20%E4%B8%AD%E5%B4%8E%E7%94%BA%E5%BA%97%20%E5%A4%A7%E9%98%AA%E5%BA%9C%E5%A4%A7%E9%98%AA%E5%B8%82%E5%8C%97%E5%8C%BA%E4%B8%AD%E5%B4%8E2-1-1%20%E5%B0%8F%E5%B7%9D%E3%83%93%E3%83%AB%201F,34.7085271,135.5071565,2022,ラーメン WEST,ramen_west,発表日：2022年11月28日
麦と麺助,大阪府大阪市北区豊崎3-4-12,食べログ ラーメン WEST 百名店 2022,https://tabelog.com/osaka/A2701/A270101/27104891/,,https://www.google.com/maps/search/?api=1&query=%E9%BA%A6%E3%81%A8%E9%BA%BA%E5%8A%A9%20%E5%A4%A7%E9%98%AA%E5%BA%9C%E5%A4%A7%E9%98%AA%E5%B8%82%E5%8C%97%E5%8C%BA%E8%B1%8A%E5%B4%8E3-4-12,34.7113443,135.5000197,2022,ラーメン WEST,ramen_west,発表日：2022年11月28日
新宿めんや風花,京都府京都市下京区三軒町551,食べログ ラーメン WEST 百名店 2022,https://tabelog.com/kyoto/A2601/A260201/26000827/,,https://www.google.com/maps/search/?api=1&query=%E6%96%B0%E5%AE%BF%E3%82%81%E3%82%93%E3%82%84%E9%A2%A8%E8%8A%B1%20%E4%BA%AC%E9%83%BD%E5%BA%9C%E4%BA%AC%E9%83%BD%E5%B8%82%E4%B8%8B%E4%BA%AC%E5%8C%BA%E4%B8%89%E8%BB%92%E7%94%BA551,35.0003483,135.7614800,2022,ラーメン WEST,ramen_west,発表日：2022年11月28日
ラーメン 坊也哲,大阪府東大阪市西岩田4-4-46,食べログ ラーメン WEST 百名店 2022,https://tabelog.com/osaka/A2707/A270703/27073370/,,https://www.google.com/maps/search/?api=1&query=%E3%83%A9%E3%83%BC%E3%83%A1%E3%83%B3%20%E5%9D%8A%E4%B9%9F%E5%93%B2%20%E5%A4%A7%E9%98%AA%E5%BA%9C%E6%9D%B1%E5%A4%A7%E9%98%AA%E5%B8%82%E8%A5%BF%E5%B2%A9%E7%94%B04-4-46,34.6673415,135.5989894,2022,ラーメン WEST,ramen_west,発表日：2022年11月28日
カドヤ食堂 総本店,大阪府大阪市西区新町4-16-13 キャピタル西長堀 1F,食べログ ラーメン WEST 百名店 2022,https://tabelog.com/osaka/A2701/A270105/27001084/,,https://www.google.com/maps/search/?api=1&query=%E3%82%AB%E3%83%89%E3%83%A4%E9%A3%9F%E5%A0%82%20%E7%B7%8F%E6%9C%AC%E5%BA%97%20%E5%A4%A7%E9%98%AA%E5%BA%9C%E5%A4%A7%E9%98%AA%E5%B8%82%E8%A5%BF%E5%8C%BA%E6%96%B0%E7%94%BA4-16-13%20%E3%82%AD%E3%83%A3%E3%83%94%E3%82%BF%E3%83%AB%E8%A5%BF%E9%95%B7%E5%A0%80%201F,34.6761037,135.4838498,2022,ラーメン WEST,ramen_west,発表日：2022年11月28日
ロックンビリーS1,兵庫県尼崎市南塚口町3-29-13,食べログ ラーメン WEST 百名店 2022,https://tabelog.com/hyogo/A2803/A280304/28040893/,,https://www.google.com/maps/search/?api=1&query=%E3%83%AD%E3%83%83%E3%82%AF%E3%83%B3%E3%83%93%E3%83%AA%E3%83%BCS1%20%E5%85%B5%E5%BA%AB%E7%9C%8C%E5%B0%BC%E5%B4%8E%E5%B8%82%E5%8D%97%E5%A1%9A%E5%8F%A3%E7%94%BA3-29-13,34.7482174,135.4209445,2022,ラーメン WEST,ramen_west,発表日：2022年11月28日
がふうあん,兵庫県伊丹市西台2-1-11,食べログ ラーメン WEST 百名店 2022,https://tabelog.com/hyogo/A2803/A280306/28022134/,,https://www.google.com/maps/search/?api=1&query=%E3%81%8C%E3%81%B5%E3%81%86%E3%81%82%E3%82%93%20%E5%85%B5%E5%BA%AB%E7%9C%8C%E4%BC%8A%E4%B8%B9%E5%B8%82%E8%A5%BF%E5%8F%B02-1-11,34.7811818,135.4109186,2022,ラーメン WEST,ramen_west,発表日：2022年11月28日
がむしゃら 奈良,奈良県大和郡山市上三橋町152-1,食べログ ラーメン WEST 百名店 2022,https://tabelog.com/nara/A2902/A290202/29001411/,,https://www.google.com/maps/search/?api=1&query=%E3%81%8C%E3%82%80%E3%81%97%E3%82%83%E3%82%89%20%E5%A5%88%E8%89%AF%20%E5%A5%88%E8%89%AF%E7%9C%8C%E5%A4%A7%E5%92%8C%E9%83%A1%E5%B1%B1%E5%B8%82%E4%B8%8A%E4%B8%89%E6%A9%8B%E7%94%BA152-1,34.6452979,135.8155598,2022,ラーメン WEST,ramen_west,発表日：2022年11月28日
ふく流らーめん 轍 本町本店,大阪府大阪市西区西本町1-8-2 三晃ビル旧館 1F,食べログ ラーメン WEST 百名店 2022,https://tabelog.com/osaka/A2701/A270106/27077641/,,https://www.google.com/maps/search/?api=1&query=%E3%81%B5%E3%81%8F%E6%B5%81%E3%82%89%E3%83%BC%E3%82%81%E3%82%93%20%E8%BD%8D%20%E6%9C%AC%E7%94%BA%E6%9C%AC%E5%BA%97%20%E5%A4%A7%E9%98%AA%E5%BA%9C%E5%A4%A7%E9%98%AA%E5%B8%82%E8%A5%BF%E5%8C%BA%E8%A5%BF%E6%9C%AC%E7%94%BA1-8-2%20%E4%B8%89%E6%99%83%E3%83%93%E3%83%AB%E6%97%A7%E9%A4%A8%201F,34.6834578,135.4959683,2022,ラーメン WEST,ramen_west,発表日：2022年11月28日
自己流ラーメン綿麺,大阪府松原市松ヶ丘3-6-15,食べログ ラーメン WEST 百名店 2022,https://tabelog.com/osaka/A2708/A270801/27007813/,,https://www.google.com/maps/search/?api=1&query=%E8%87%AA%E5%B7%B1%E6%B5%81%E3%83%A9%E3%83%BC%E3%83%A1%E3%83%B3%E7%B6%BF%E9%BA%BA%20%E5%A4%A7%E9%98%AA%E5%BA%9C%E6%9D%BE%E5%8E%9F%E5%B8%82%E6%9D%BE%E3%83%B6%E4%B8%983-6-15,34.5837672,135.5622519,2022,ラーメン WEST,ramen_west,発表日：2022年11月28日
ENISHI総本店,兵庫県神戸市灘区岩屋北町5-2-32 サニーハイツ灘1F,食べログ ラーメン WEST 百名店 2022,https://tabelog.com/hyogo/A2801/A280103/28040621/,,https://www.google.com/maps/search/?api=1&query=ENISHI%E7%B7%8F%E6%9C%AC%E5%BA%97%20%E5%85%B5%E5%BA%AB%E7%9C%8C%E7%A5%9E%E6%88%B8%E5%B8%82%E7%81%98%E5%8C%BA%E5%B2%A9%E5%B1%8B%E5%8C%97%E7%94%BA5-2-32%20%E3%82%B5%E3%83%8B%E3%83%BC%E3%83%8F%E3%82%A4%E3%83%84%E7%81%981F,34.7042355,135.2165946,2022,ラーメン WEST,ramen_west,発表日：2022年11月28日
麺一盃,大阪府大阪市西淀川区柏里2-1-25,食べログ ラーメン WEST 百名店 2022,https://tabelog.com/osaka/A2701/A270302/27052471/,,https://www.google.com/maps/search/?api=1&query=%E9%BA%BA%E4%B8%80%E7%9B%83%20%E5%A4%A7%E9%98%AA%E5%BA%9C%E5%A4%A7%E9%98%AA%E5%B8%82%E8%A5%BF%E6%B7%80%E5%B7%9D%E5%8C%BA%E6%9F%8F%E9%87%8C2-1-25,34.7112716,135.4694560,2022,ラーメン WEST,ramen_west,発表日：2022年11月28日
麺～leads～なかの 大和高田本店,奈良県大和高田市神楽254-6 セゾン神楽103,食べログ ラーメン WEST 百名店 2022,https://tabelog.com/nara/A2903/A290302/29009138/,,https://www.google.com/maps/search/?api=1&query=%E9%BA%BA%EF%BD%9Eleads%EF%BD%9E%E3%81%AA%E3%81%8B%E3%81%AE%20%E5%A4%A7%E5%92%8C%E9%AB%98%E7%94%B0%E6%9C%AC%E5%BA%97%20%E5%A5%88%E8%89%AF%E7%9C%8C%E5%A4%A7%E5%92%8C%E9%AB%98%E7%94%B0%E5%B8%82%E7%A5%9E%E6%A5%BD254-6%20%E3%82%BB%E3%82%BE%E3%83%B3%E7%A5%9E%E6%A5%BD103,34.5247914,135.7434797,2022,ラーメン WEST,ramen_west,発表日：2022年11月28日
ストライク軒,大阪府大阪市北区天神橋5-8-8,食べログ ラーメン WEST 百名店 2022,https://tabelog.com/osaka/A2701/A270103/27074457/,,https://www.google.com/maps/search/?api=1&query=%E3%82%B9%E3%83%88%E3%83%A9%E3%82%A4%E3%82%AF%E8%BB%92%20%E5%A4%A7%E9%98%AA%E5%BA%9C%E5%A4%A7%E9%98%AA%E5%B8%82%E5%8C%97%E5%8C%BA%E5%A4%A9%E7%A5%9E%E6%A9%8B5-8-8,34.7081846,135.5110489,2022,ラーメン WEST,ramen_west,発表日：2022年11月28日
福島壱麺,大阪府大阪市福島区福島5-6-16 ホテル阪神 B1F,食べログ ラーメン WEST 百名店 2022,https://tabelog.com/osaka/A2701/A270108/27079245/,,https://www.google.com/maps/search/?api=1&query=%E7%A6%8F%E5%B3%B6%E5%A3%B1%E9%BA%BA%20%E5%A4%A7%E9%98%AA%E5%BA%9C%E5%A4%A7%E9%98%AA%E5%B8%82%E7%A6%8F%E5%B3%B6%E5%8C%BA%E7%A6%8F%E5%B3%B65-6-16%20%E3%83%9B%E3%83%86%E3%83%AB%E9%98%AA%E7%A5%9E%20B1F,34.6972029,135.4879011,2022,ラーメン WEST,ramen_west,発表日：2022年11月28日
ラーメンにっこう,滋賀県彦根市宇尾町1366-2,食べログ ラーメン WEST 百名店 2022,https://tabelog.com/shiga/A2503/A250303/25000362/,,https://www.google.com/maps/search/?api=1&query=%E3%83%A9%E3%83%BC%E3%83%A1%E3%83%B3%E3%81%AB%E3%81%A3%E3%81%93%E3%81%86%20%E6%BB%8B%E8%B3%80%E7%9C%8C%E5%BD%A6%E6%A0%B9%E5%B8%82%E5%AE%87%E5%B0%BE%E7%94%BA1366-2,35.2407311,136.2258312,2022,ラーメン WEST,ramen_west,発表日：2022年11月28日
燃えよ麺助,大阪府大阪市福島区福島5-12-21,食べログ ラーメン WEST 百名店 2022,https://tabelog.com/osaka/A2701/A270108/27091454/,,https://www.google.com/maps/search/?api=1&query=%E7%87%83%E3%81%88%E3%82%88%E9%BA%BA%E5%8A%A9%20%E5%A4%A7%E9%98%AA%E5%BA%9C%E5%A4%A7%E9%98%AA%E5%B8%82%E7%A6%8F%E5%B3%B6%E5%8C%BA%E7%A6%8F%E5%B3%B65-12-21,34.6963657,135.4868678,2022,ラーメン WEST,ramen_west,発表日：2022年11月28日
彩色ラーメンきんせい 高槻本店,大阪府高槻市北園町18番1 コーケンビル１Ｆ103号,食べログ ラーメン WEST 百名店 2022,https://tabelog.com/osaka/A2706/A270604/27040392/,,https://www.google.com/maps/search/?api=1&query=%E5%BD%A9%E8%89%B2%E3%83%A9%E3%83%BC%E3%83%A1%E3%83%B3%E3%81%8D%E3%82%93%E3%81%9B%E3%81%84%20%E9%AB%98%E6%A7%BB%E6%9C%AC%E5%BA%97%20%E5%A4%A7%E9%98%AA%E5%BA%9C%E9%AB%98%E6%A7%BB%E5%B8%82%E5%8C%97%E5%9C%92%E7%94%BA18%E7%95%AA1%20%E3%82%B3%E3%83%BC%E3%82%B1%E3%83%B3%E3%83%93%E3%83%AB%EF%BC%91%EF%BC%A6103%E5%8F%B7,34.8499333,135.6216848,2022,ラーメン WEST,ramen_west,発表日：2022年11月28日
博多とんこつ 天神旗,大阪府大阪市東淀川区上新庄3-19-87,食べログ ラーメン WEST 百名店 2022,https://tabelog.com/osaka/A2701/A270307/27002613/,,https://www.google.com/maps/search/?api=1&query=%E5%8D%9A%E5%A4%9A%E3%81%A8%E3%82%93%E3%81%93%E3%81%A4%20%E5%A4%A9%E7%A5%9E%E6%97%97%20%E5%A4%A7%E9%98%AA%E5%BA%9C%E5%A4%A7%E9%98%AA%E5%B8%82%E6%9D%B1%E6%B7%80%E5%B7%9D%E5%8C%BA%E4%B8%8A%E6%96%B0%E5%BA%843-19-87,34.7521542,135.5324793,2022,ラーメン WEST,ramen_west,発表日：2022年11月28日
無鉄砲  大阪店,大阪府大阪市浪速区戎本町1-5-21 米田ビル　１Ｆ,食べログ ラーメン WEST 百名店 2022,https://tabelog.com/osaka/A2701/A270206/27005006/,,https://www.google.com/maps/search/?api=1&query=%E7%84%A1%E9%89%84%E7%A0%B2%20%20%E5%A4%A7%E9%98%AA%E5%BA%97%20%E5%A4%A7%E9%98%AA%E5%BA%9C%E5%A4%A7%E9%98%AA%E5%B8%82%E6%B5%AA%E9%80%9F%E5%8C%BA%E6%88%8E%E6%9C%AC%E7%94%BA1-5-21%20%E7%B1%B3%E7%94%B0%E3%83%93%E3%83%AB%E3%80%80%EF%BC%91%EF%BC%A6,34.6546081,135.5002273,2022,ラーメン WEST,ramen_west,発表日：2022年11月28日
中華そば うえまち,大阪府大阪市中央区上町A番22号,食べログ ラーメン WEST 百名店 2022,https://tabelog.com/osaka/A2701/A270204/27069769/,,https://www.google.com/maps/search/?api=1&query=%E4%B8%AD%E8%8F%AF%E3%81%9D%E3%81%B0%20%E3%81%86%E3%81%88%E3%81%BE%E3%81%A1%20%E5%A4%A7%E9%98%AA%E5%BA%9C%E5%A4%A7%E9%98%AA%E5%B8%82%E4%B8%AD%E5%A4%AE%E5%8C%BA%E4%B8%8A%E7%94%BAA%E7%95%AA22%E5%8F%B7,34.6769108,135.5210331,2022,ラーメン WEST,ramen_west,発表日：2022年11月28日
極麺 青二犀,大阪府吹田市末広町21-53,食べログ ラーメン WEST 百名店 2022,https://tabelog.com/osaka/A2706/A270602/27074166/,,https://www.google.com/maps/search/?api=1&query=%E6%A5%B5%E9%BA%BA%20%E9%9D%92%E4%BA%8C%E7%8A%80%20%E5%A4%A7%E9%98%AA%E5%BA%9C%E5%90%B9%E7%94%B0%E5%B8%82%E6%9C%AB%E5%BA%83%E7%94%BA21-53,34.7652846,135.5334372,2022,ラーメン WEST,ramen_west,発表日：2022年11月28日
京都 麺屋たけ井 阪急梅田店,大阪府大阪市北区芝田1-1-2 阪急梅田駅改札内 2F,食べログ ラーメン WEST 百名店 2022,https://tabelog.com/osaka/A2701/A270101/27092383/,,https://www.google.com/maps/search/?api=1&query=%E4%BA%AC%E9%83%BD%20%E9%BA%BA%E5%B1%8B%E3%81%9F%E3%81%91%E4%BA%95%20%E9%98%AA%E6%80%A5%E6%A2%85%E7%94%B0%E5%BA%97%20%E5%A4%A7%E9%98%AA%E5%BA%9C%E5%A4%A7%E9%98%AA%E5%B8%82%E5%8C%97%E5%8C%BA%E8%8A%9D%E7%94%B01-1-2%20%E9%98%AA%E6%80%A5%E6%A2%85%E7%94%B0%E9%A7%85%E6%94%B9%E6%9C%AD%E5%86%85%202F,34.7052524,135.4980807,2022,ラーメン WEST,ramen_west,発表日：2022年11月28日
時屋,大阪府大阪市淀川区西中島5-1-4 １Ｆ,食べログ ラーメン WEST 百名店 2022,https://tabelog.com/osaka/A2701/A270301/27040424/,,https://www.google.com/maps/search/?api=1&query=%E6%99%82%E5%B1%8B%20%E5%A4%A7%E9%98%AA%E5%BA%9C%E5%A4%A7%E9%98%AA%E5%B8%82%E6%B7%80%E5%B7%9D%E5%8C%BA%E8%A5%BF%E4%B8%AD%E5%B3%B65-1-4%20%EF%BC%91%EF%BC%A6,34.7283414,135.5012277,2022,ラーメン WEST,ramen_west,発表日：2022年11月28日
らーめん専門 和心 武庫之荘店,兵庫県尼崎市南武庫之荘1-22-23 プラザ8番館1F,食べログ ラーメン WEST 百名店 2022,https://tabelog.com/hyogo/A2803/A280304/28042762/,,https://www.google.com/maps/search/?api=1&query=%E3%82%89%E3%83%BC%E3%82%81%E3%82%93%E5%B0%82%E9%96%80%20%E5%92%8C%E5%BF%83%20%E6%AD%A6%E5%BA%AB%E4%B9%8B%E8%8D%98%E5%BA%97%20%E5%85%B5%E5%BA%AB%E7%9C%8C%E5%B0%BC%E5%B4%8E%E5%B8%82%E5%8D%97%E6%AD%A6%E5%BA%AB%E4%B9%8B%E8%8D%981-22-23%20%E3%83%97%E3%83%A9%E3%82%B68%E7%95%AA%E9%A4%A81F,34.7504238,135.3908999,2022,ラーメン WEST,ramen_west,発表日：2022年11月28日
本家 第一旭 本店,京都府京都市下京区東塩小路向畑町845,食べログ ラーメン WEST 百名店 2022,https://tabelog.com/kyoto/A2601/A260101/26000873/,,https://www.google.com/maps/search/?api=1&query=%E6%9C%AC%E5%AE%B6%20%E7%AC%AC%E4%B8%80%E6%97%AD%20%E6%9C%AC%E5%BA%97%20%E4%BA%AC%E9%83%BD%E5%BA%9C%E4%BA%AC%E9%83%BD%E5%B8%82%E4%B8%8B%E4%BA%AC%E5%8C%BA%E6%9D%B1%E5%A1%A9%E5%B0%8F%E8%B7%AF%E5%90%91%E7%95%91%E7%94%BA845,34.9867046,135.7625109,2022,ラーメン WEST,ramen_west,発表日：2022年11月28日
麺処 と市,奈良県橿原市十市町1213,食べログ ラーメン WEST 百名店 2022,https://tabelog.com/nara/A2903/A290302/29006955/,,https://www.google.com/maps/search/?api=1&query=%E9%BA%BA%E5%87%A6%20%E3%81%A8%E5%B8%82%20%E5%A5%88%E8%89%AF%E7%9C%8C%E6%A9%BF%E5%8E%9F%E5%B8%82%E5%8D%81%E5%B8%82%E7%94%BA1213,34.5295653,135.7983020,2022,ラーメン WEST,ramen_west,発表日：2022年11月28日
らーめん颯人,大阪府大阪市北区南森町1-2-2,食べログ ラーメン WEST 百名店 2022,https://tabelog.com/osaka/A2701/A270103/27083921/,,https://www.google.com/maps/search/?api=1&query=%E3%82%89%E3%83%BC%E3%82%81%E3%82%93%E9%A2%AF%E4%BA%BA%20%E5%A4%A7%E9%98%AA%E5%BA%9C%E5%A4%A7%E9%98%AA%E5%B8%82%E5%8C%97%E5%8C%BA%E5%8D%97%E6%A3%AE%E7%94%BA1-2-2,34.6956260,135.5100441,2022,ラーメン WEST,ramen_west,発表日：2022年11月28日
らーめん香澄 阿波座本店,大阪府大阪市西区京町堀2-12-13,食べログ ラーメン WEST 百名店 2022,https://tabelog.com/osaka/A2701/A270105/27065090/,,https://www.google.com/maps/search/?api=1&query=%E3%82%89%E3%83%BC%E3%82%81%E3%82%93%E9%A6%99%E6%BE%84%20%E9%98%BF%E6%B3%A2%E5%BA%A7%E6%9C%AC%E5%BA%97%20%E5%A4%A7%E9%98%AA%E5%BA%9C%E5%A4%A7%E9%98%AA%E5%B8%82%E8%A5%BF%E5%8C%BA%E4%BA%AC%E7%94%BA%E5%A0%802-12-13,34.6849770,135.4893700,2022,ラーメン WEST,ramen_west,発表日：2022年11月28日
麺元素,大阪府大阪市北区天神橋5-2-16,食べログ ラーメン WEST 百名店 2022,https://tabelog.com/osaka/A2701/A270103/27042439/,,https://www.google.com/maps/search/?api=1&query=%E9%BA%BA%E5%85%83%E7%B4%A0%20%E5%A4%A7%E9%98%AA%E5%BA%9C%E5%A4%A7%E9%98%AA%E5%B8%82%E5%8C%97%E5%8C%BA%E5%A4%A9%E7%A5%9E%E6%A9%8B5-2-16,34.7072111,135.5121436,2022,ラーメン WEST,ramen_west,発表日：2022年11月28日
烈火 本店,大阪府豊中市庄内東町2-2-14,食べログ ラーメン WEST 百名店 2022,https://tabelog.com/osaka/A2706/A270601/27059898/,,https://www.google.com/maps/search/?api=1&query=%E7%83%88%E7%81%AB%20%E6%9C%AC%E5%BA%97%20%E5%A4%A7%E9%98%AA%E5%BA%9C%E8%B1%8A%E4%B8%AD%E5%B8%82%E5%BA%84%E5%86%85%E6%9D%B1%E7%94%BA2-2-14,34.7489655,135.4757903,2022,ラーメン WEST,ramen_west,発表日：2022年11月28日
ぶたのほし,兵庫県尼崎市長洲西通1-16-7,食べログ ラーメン WEST 百名店 2022,https://tabelog.com/hyogo/A2803/A280304/28050830/,,https://www.google.com/maps/search/?api=1&query=%E3%81%B6%E3%81%9F%E3%81%AE%E3%81%BB%E3%81%97%20%E5%85%B5%E5%BA%AB%E7%9C%8C%E5%B0%BC%E5%B4%8E%E5%B8%82%E9%95%B7%E6%B4%B2%E8%A5%BF%E9%80%9A1-16-7,34.7275364,135.4284091,2022,ラーメン WEST,ramen_west,発表日：2022年11月28日
中華そば 閃,大阪府大阪市住吉区苅田7-6-15,食べログ ラーメン WEST 百名店 2022,https://tabelog.com/osaka/A2701/A270404/27061126/,,https://www.google.com/maps/search/?api=1&query=%E4%B8%AD%E8%8F%AF%E3%81%9D%E3%81%B0%20%E9%96%83%20%E5%A4%A7%E9%98%AA%E5%BA%9C%E5%A4%A7%E9%98%AA%E5%B8%82%E4%BD%8F%E5%90%89%E5%8C%BA%E8%8B%85%E7%94%B07-6-15,34.5991829,135.5148516,2022,ラーメン WEST,ramen_west,発表日：2022年11月28日
吟醸らーめん 久保田,京都府京都市下京区西松屋町563 フジ萬ビル 1F,食べログ ラーメン WEST 百名店 2022,https://tabelog.com/kyoto/A2601/A260101/26004660/,,https://www.google.com/maps/search/?api=1&query=%E5%90%9F%E9%86%B8%E3%82%89%E3%83%BC%E3%82%81%E3%82%93%20%E4%B9%85%E4%BF%9D%E7%94%B0%20%E4%BA%AC%E9%83%BD%E5%BA%9C%E4%BA%AC%E9%83%BD%E5%B8%82%E4%B8%8B%E4%BA%AC%E5%8C%BA%E8%A5%BF%E6%9D%BE%E5%B1%8B%E7%94%BA563%20%E3%83%95%E3%82%B8%E8%90%AC%E3%83%93%E3%83%AB%201F,34.9929202,135.7552277,2022,ラーメン WEST,ramen_west,発表日：2022年11月28日
群青,大阪府大阪市北区天神橋6-3-26,食べログ ラーメン WEST 百名店 2022,https://tabelog.com/osaka/A2701/A270103/27018753/,,https://www.google.com/maps/search/?api=1&query=%E7%BE%A4%E9%9D%92%20%E5%A4%A7%E9%98%AA%E5%BA%9C%E5%A4%A7%E9%98%AA%E5%B8%82%E5%8C%97%E5%8C%BA%E5%A4%A9%E7%A5%9E%E6%A9%8B6-3-26,34.7100401,135.5126344,2022,ラーメン WEST,ramen_west,発表日：2022年11月28日
セアブラノ神 壬生本店,京都府京都市中京区壬生相合町25-4 デイスターアベニュー 1Ｆ,食べログ ラーメン WEST 百名店 2022,https://tabelog.com/kyoto/A2601/A260203/26022456/,,https://www.google.com/maps/search/?api=1&query=%E3%82%BB%E3%82%A2%E3%83%96%E3%83%A9%E3%83%8E%E7%A5%9E%20%E5%A3%AC%E7%94%9F%E6%9C%AC%E5%BA%97%20%E4%BA%AC%E9%83%BD%E5%BA%9C%E4%BA%AC%E9%83%BD%E5%B8%82%E4%B8%AD%E4%BA%AC%E5%8C%BA%E5%A3%AC%E7%94%9F%E7%9B%B8%E5%90%88%E7%94%BA25-4%20%E3%83%87%E3%82%A4%E3%82%B9%E3%82%BF%E3%83%BC%E3%82%A2%E3%83%99%E3%83%8B%E3%83%A5%E3%83%BC%201%EF%BC%A6,35.0002329,135.7469412,2022,ラーメン WEST,ramen_west,発表日：2022年11月28日
中華そば 高安,京都府京都市左京区一乗寺高槻町10,食べログ ラーメン WEST 百名店 2022,https://tabelog.com/kyoto/A2601/A260303/26001199/,,https://www.google.com/maps/search/?api=1&query=%E4%B8%AD%E8%8F%AF%E3%81%9D%E3%81%B0%20%E9%AB%98%E5%AE%89%20%E4%BA%AC%E9%83%BD%E5%BA%9C%E4%BA%AC%E9%83%BD%E5%B8%82%E5%B7%A6%E4%BA%AC%E5%8C%BA%E4%B8%80%E4%B9%97%E5%AF%BA%E9%AB%98%E6%A7%BB%E7%94%BA10,35.0451112,135.7851391,2022,ラーメン WEST,ramen_west,発表日：2022年11月28日
らーめん専門 和海,兵庫県尼崎市武庫川町2丁目19-3,食べログ ラーメン WEST 百名店 2022,https://tabelog.com/hyogo/A2803/A280304/28031755/,,https://www.google.com/maps/search/?api=1&query=%E3%82%89%E3%83%BC%E3%82%81%E3%82%93%E5%B0%82%E9%96%80%20%E5%92%8C%E6%B5%B7%20%E5%85%B5%E5%BA%AB%E7%9C%8C%E5%B0%BC%E5%B4%8E%E5%B8%82%E6%AD%A6%E5%BA%AB%E5%B7%9D%E7%94%BA2%E4%B8%81%E7%9B%AE19-3,34.7167483,135.3870011,2022,ラーメン WEST,ramen_west,発表日：2022年11月28日
麺屋 たけ井 本店,京都府城陽市観音堂甲田48-2,食べログ ラーメン WEST 百名店 2022,https://tabelog.com/kyoto/A2607/A260704/26017227/,,https://www.google.com/maps/search/?api=1&query=%E9%BA%BA%E5%B1%8B%20%E3%81%9F%E3%81%91%E4%BA%95%20%E6%9C%AC%E5%BA%97%20%E4%BA%AC%E9%83%BD%E5%BA%9C%E5%9F%8E%E9%99%BD%E5%B8%82%E8%A6%B3%E9%9F%B3%E5%A0%82%E7%94%B2%E7%94%B048-2,34.8355752,135.7918024,2022,ラーメン WEST,ramen_west,発表日：2022年11月28日
中村商店 高槻本店,大阪府高槻市上田辺町4-14,食べログ ラーメン WEST 百名店 2022,https://tabelog.com/osaka/A2706/A270604/27064101/,,https://www.google.com/maps/search/?api=1&query=%E4%B8%AD%E6%9D%91%E5%95%86%E5%BA%97%20%E9%AB%98%E6%A7%BB%E6%9C%AC%E5%BA%97%20%E5%A4%A7%E9%98%AA%E5%BA%9C%E9%AB%98%E6%A7%BB%E5%B8%82%E4%B8%8A%E7%94%B0%E8%BE%BA%E7%94%BA4-14,34.8498624,135.6173936,2022,ラーメン WEST,ramen_west,発表日：2022年11月28日
豊中麺哲,大阪府豊中市岡上の町2-2-6,食べログ ラーメン WEST 百名店 2022,https://tabelog.com/osaka/A2706/A270601/27004096/,,https://www.google.com/maps/search/?api=1&query=%E8%B1%8A%E4%B8%AD%E9%BA%BA%E5%93%B2%20%E5%A4%A7%E9%98%AA%E5%BA%9C%E8%B1%8A%E4%B8%AD%E5%B8%82%E5%B2%A1%E4%B8%8A%E3%81%AE%E7%94%BA2-2-6,34.7848383,135.4634057,2022,ラーメン WEST,ramen_west,発表日：2022年11月28日
麺や 福はら,大阪府大阪市生野区新今里5-1-8,食べログ ラーメン WEST 百名店 2022,https://tabelog.com/osaka/A2701/A270306/27099659/,,https://www.google.com/maps/search/?api=1&query=%E9%BA%BA%E3%82%84%20%E7%A6%8F%E3%81%AF%E3%82%89%20%E5%A4%A7%E9%98%AA%E5%BA%9C%E5%A4%A7%E9%98%AA%E5%B8%82%E7%94%9F%E9%87%8E%E5%8C%BA%E6%96%B0%E4%BB%8A%E9%87%8C5-1-8,34.6617479,135.5489265,2022,ラーメン WEST,ramen_west,発表日：2022年11月28日
麺屋 たけ井 R1店,京都府八幡市八幡南山57-2,食べログ ラーメン WEST 百名店 2022,https://tabelog.com/kyoto/A2607/A260702/26023971/,,https://www.google.com/maps/search/?api=1&query=%E9%BA%BA%E5%B1%8B%20%E3%81%9F%E3%81%91%E4%BA%95%20R1%E5%BA%97%20%E4%BA%AC%E9%83%BD%E5%BA%9C%E5%85%AB%E5%B9%A1%E5%B8%82%E5%85%AB%E5%B9%A1%E5%8D%97%E5%B1%B157-2,34.8555312,135.7078375,2022,ラーメン WEST,ramen_west,発表日：2022年11月28日
かしや,大阪府大阪市西成区玉出中2-4-21,食べログ ラーメン WEST 百名店 2022,https://tabelog.com/osaka/A2701/A270406/27052519/,,https://www.google.com/maps/search/?api=1&query=%E3%81%8B%E3%81%97%E3%82%84%20%E5%A4%A7%E9%98%AA%E5%BA%9C%E5%A4%A7%E9%98%AA%E5%B8%82%E8%A5%BF%E6%88%90%E5%8C%BA%E7%8E%89%E5%87%BA%E4%B8%AD2-4-21,34.6261718,135.4915548,2022,ラーメン WEST,ramen_west,発表日：2022年11月28日
らーめん 小僧,大阪府大阪市福島区福島3-8-10,食べログ ラーメン WEST 百名店 2022,https://tabelog.com/osaka/A2701/A270108/27077479/,,https://www.google.com/maps/search/?api=1&query=%E3%82%89%E3%83%BC%E3%82%81%E3%82%93%20%E5%B0%8F%E5%83%A7%20%E5%A4%A7%E9%98%AA%E5%BA%9C%E5%A4%A7%E9%98%AA%E5%B8%82%E7%A6%8F%E5%B3%B6%E5%8C%BA%E7%A6%8F%E5%B3%B63-8-10,34.6935428,135.4854389,2022,ラーメン WEST,ramen_west,発表日：2022年11月28日
麺屋 八海山,大阪府高槻市芥川町1-14-9,食べログ ラーメン WEST 百名店 2022,https://tabelog.com/osaka/A2706/A270604/27061072/,,https://www.google.com/maps/search/?api=1&query=%E9%BA%BA%E5%B1%8B%20%E5%85%AB%E6%B5%B7%E5%B1%B1%20%E5%A4%A7%E9%98%AA%E5%BA%9C%E9%AB%98%E6%A7%BB%E5%B8%82%E8%8A%A5%E5%B7%9D%E7%94%BA1-14-9,34.8534559,135.6169840,2022,ラーメン WEST,ramen_west,発表日：2022年11月28日
麺屋 はなぶさ,大阪府大阪市中央区本町1-1-4,食べログ ラーメン WEST 百名店 2022,https://tabelog.com/osaka/A2701/A270106/27071670/,,https://www.google.com/maps/search/?api=1&query=%E9%BA%BA%E5%B1%8B%20%E3%81%AF%E3%81%AA%E3%81%B6%E3%81%95%20%E5%A4%A7%E9%98%AA%E5%BA%9C%E5%A4%A7%E9%98%AA%E5%B8%82%E4%B8%AD%E5%A4%AE%E5%8C%BA%E6%9C%AC%E7%94%BA1-1-4,34.6838648,135.5096148,2022,ラーメン WEST,ramen_west,発表日：2022年11月28日
山崎麺二郎,京都府京都市中京区西ノ京北円町1-8,食べログ ラーメン WEST 百名店 2022,https://tabelog.com/kyoto/A2601/A260501/26008681/,,https://www.google.com/maps/search/?api=1&query=%E5%B1%B1%E5%B4%8E%E9%BA%BA%E4%BA%8C%E9%83%8E%20%E4%BA%AC%E9%83%BD%E5%BA%9C%E4%BA%AC%E9%83%BD%E5%B8%82%E4%B8%AD%E4%BA%AC%E5%8C%BA%E8%A5%BF%E3%83%8E%E4%BA%AC%E5%8C%97%E5%86%86%E7%94%BA1-8,35.0194978,135.7316497,2022,ラーメン WEST,ramen_west,発表日：2022年11月28日
麺屋 極鶏 一乗寺本店,京都府京都市左京区一乗寺西閉川原町29-7,食べログ ラーメン WEST 百名店 2022,https://tabelog.com/kyoto/A2601/A260303/26017870/,,https://www.google.com/maps/search/?api=1&query=%E9%BA%BA%E5%B1%8B%20%E6%A5%B5%E9%B6%8F%20%E4%B8%80%E4%B9%97%E5%AF%BA%E6%9C%AC%E5%BA%97%20%E4%BA%AC%E9%83%BD%E5%BA%9C%E4%BA%AC%E9%83%BD%E5%B8%82%E5%B7%A6%E4%BA%AC%E5%8C%BA%E4%B8%80%E4%B9%97%E5%AF%BA%E8%A5%BF%E9%96%89%E5%B7%9D%E5%8E%9F%E7%94%BA29-7,35.0472267,135.7871419,2022,ラーメン WEST,ramen_west,発表日：2022年11月28日
総大醤,大阪府大阪市北区浮田2-4-16,食べログ ラーメン WEST 百名店 2022,https://tabelog.com/osaka/A2701/A270103/27003383/,,https://www.google.com/maps/search/?api=1&query=%E7%B7%8F%E5%A4%A7%E9%86%A4%20%E5%A4%A7%E9%98%AA%E5%BA%9C%E5%A4%A7%E9%98%AA%E5%B8%82%E5%8C%97%E5%8C%BA%E6%B5%AE%E7%94%B02-4-16,34.7102932,135.5077150,2022,ラーメン WEST,ramen_west,発表日：2022年11月28日
世界一暇なラーメン屋,大阪府大阪市北区中之島3-3-23 中之島ダイビル 2F,食べログ ラーメン WEST 百名店 2022,https://tabelog.com/osaka/A2701/A270102/27077402/,,https://www.google.com/maps/search/?api=1&query=%E4%B8%96%E7%95%8C%E4%B8%80%E6%9A%87%E3%81%AA%E3%83%A9%E3%83%BC%E3%83%A1%E3%83%B3%E5%B1%8B%20%E5%A4%A7%E9%98%AA%E5%BA%9C%E5%A4%A7%E9%98%AA%E5%B8%82%E5%8C%97%E5%8C%BA%E4%B8%AD%E4%B9%8B%E5%B3%B63-3-23%20%E4%B8%AD%E4%B9%8B%E5%B3%B6%E3%83%80%E3%82%A4%E3%83%93%E3%83%AB%202F,34.6929865,135.4936612,2022,ラーメン WEST,ramen_west,発表日：2022年11月28日
いかれたヌードル フィッシュトンズ,大阪府大阪市西区新町1-25-18 レナジア新町ビル 1F,食べログ ラーメン WEST 百名店 2022,https://tabelog.com/osaka/A2701/A270201/27101904/,,https://www.google.com/maps/search/?api=1&query=%E3%81%84%E3%81%8B%E3%82%8C%E3%81%9F%E3%83%8C%E3%83%BC%E3%83%89%E3%83%AB%20%E3%83%95%E3%82%A3%E3%83%83%E3%82%B7%E3%83%A5%E3%83%88%E3%83%B3%E3%82%BA%20%E5%A4%A7%E9%98%AA%E5%BA%9C%E5%A4%A7%E9%98%AA%E5%B8%82%E8%A5%BF%E5%8C%BA%E6%96%B0%E7%94%BA1-25-18%20%E3%83%AC%E3%83%8A%E3%82%B8%E3%82%A2%E6%96%B0%E7%94%BA%E3%83%93%E3%83%AB%201F,34.6763053,135.4950656,2022,ラーメン WEST,ramen_west,発表日：2022年11月28日
中華そば いぶき,大阪府大阪市北区浪花町4-16,食べログ ラーメン WEST 百名店 2022,https://tabelog.com/osaka/A2701/A270103/27062565/,,https://www.google.com/maps/search/?api=1&query=%E4%B8%AD%E8%8F%AF%E3%81%9D%E3%81%B0%20%E3%81%84%E3%81%B6%E3%81%8D%20%E5%A4%A7%E9%98%AA%E5%BA%9C%E5%A4%A7%E9%98%AA%E5%B8%82%E5%8C%97%E5%8C%BA%E6%B5%AA%E8%8A%B1%E7%94%BA4-16,34.7075482,135.5099018,2022,ラーメン WEST,ramen_west,発表日：2022年11月28日
つけ麺無心,奈良県奈良市中町323-1,食べログ ラーメン WEST 百名店 2022,https://tabelog.com/nara/A2901/A290102/29004440/,,https://www.google.com/maps/search/?api=1&query=%E3%81%A4%E3%81%91%E9%BA%BA%E7%84%A1%E5%BF%83%20%E5%A5%88%E8%89%AF%E7%9C%8C%E5%A5%88%E8%89%AF%E5%B8%82%E4%B8%AD%E7%94%BA323-1,34.6746095,135.7521343,2022,ラーメン WEST,ramen_west,発表日：2022年11月28日
つけ麺 繁田,兵庫県神戸市灘区桜口町5-1-1 ウェルブ六甲道5番街1番館 103,食べログ ラーメン WEST 百名店 2022,https://tabelog.com/hyogo/A2801/A280108/28045107/,,https://www.google.com/maps/search/?api=1&query=%E3%81%A4%E3%81%91%E9%BA%BA%20%E7%B9%81%E7%94%B0%20%E5%85%B5%E5%BA%AB%E7%9C%8C%E7%A5%9E%E6%88%B8%E5%B8%82%E7%81%98%E5%8C%BA%E6%A1%9C%E5%8F%A3%E7%94%BA5-1-1%20%E3%82%A6%E3%82%A7%E3%83%AB%E3%83%96%E5%85%AD%E7%94%B2%E9%81%935%E7%95%AA%E8%A1%971%E7%95%AA%E9%A4%A8%20103,34.7122065,135.2381989,2022,ラーメン WEST,ramen_west,発表日：2022年11月28日
洛二神,大阪府大阪市北区浪花町4-22 藤ビル　１Ｆ,食べログ ラーメン WEST 百名店 2022,https://tabelog.com/osaka/A2701/A270103/27000534/,,https://www.google.com/maps/search/?api=1&query=%E6%B4%9B%E4%BA%8C%E7%A5%9E%20%E5%A4%A7%E9%98%AA%E5%BA%9C%E5%A4%A7%E9%98%AA%E5%B8%82%E5%8C%97%E5%8C%BA%E6%B5%AA%E8%8A%B1%E7%94%BA4-22%20%E8%97%A4%E3%83%93%E3%83%AB%E3%80%80%EF%BC%91%EF%BC%A6,34.7075440,135.5105547,2022,ラーメン WEST,ramen_west,発表日：2022年11月28日
ラーメン家 みつ葉,奈良県奈良市富雄元町3丁目3-15-1,食べログ ラーメン WEST 百名店 2022,https://tabelog.com/nara/A2901/A290102/29006502/,,https://www.google.com/maps/search/?api=1&query=%E3%83%A9%E3%83%BC%E3%83%A1%E3%83%B3%E5%AE%B6%20%E3%81%BF%E3%81%A4%E8%91%89%20%E5%A5%88%E8%89%AF%E7%9C%8C%E5%A5%88%E8%89%AF%E5%B8%82%E5%AF%8C%E9%9B%84%E5%85%83%E7%94%BA3%E4%B8%81%E7%9B%AE3-15-1,34.6924205,135.7319657,2022,ラーメン WEST,ramen_west,発表日：2022年11月28日
桐麺 本店,大阪府大阪市淀川区三津屋北3-1-15,食べログ ラーメン WEST 百名店 2022,https://tabelog.com/osaka/A2701/A270302/27082568/,,https://www.google.com/maps/search/?api=1&query=%E6%A1%90%E9%BA%BA%20%E6%9C%AC%E5%BA%97%20%E5%A4%A7%E9%98%AA%E5%BA%9C%E5%A4%A7%E9%98%AA%E5%B8%82%E6%B7%80%E5%B7%9D%E5%8C%BA%E4%B8%89%E6%B4%A5%E5%B1%8B%E5%8C%973-1-15,34.7277063,135.4654902,2022,ラーメン WEST,ramen_west,発表日：2022年11月28日
馬鹿坊,大阪府大阪市北区浮田1-4-10,食べログ ラーメン WEST 百名店 2022,https://tabelog.com/osaka/A2701/A270101/27084317/,,https://www.google.com/maps/search/?api=1&query=%E9%A6%AC%E9%B9%BF%E5%9D%8A%20%E5%A4%A7%E9%98%AA%E5%BA%9C%E5%A4%A7%E9%98%AA%E5%B8%82%E5%8C%97%E5%8C%BA%E6%B5%AE%E7%94%B01-4-10,34.7088392,135.5080625,2022,ラーメン WEST,ramen_west,発表日：2022年11月28日
麺匠 而今,大阪府守口市紅屋町6-16,食べログ ラーメン WEST 百名店 2022,https://tabelog.com/osaka/A2707/A270701/27078739/,,https://www.google.com/maps/search/?api=1&query=%E9%BA%BA%E5%8C%A0%20%E8%80%8C%E4%BB%8A%20%E5%A4%A7%E9%98%AA%E5%BA%9C%E5%AE%88%E5%8F%A3%E5%B8%82%E7%B4%85%E5%B1%8B%E7%94%BA6-16,34.7279198,135.5568003,2022,ラーメン WEST,ramen_west,発表日：2022年11月28日
ラーメン人生JET600,大阪府大阪市東成区東小橋1-3-2,食べログ ラーメン WEST 百名店 2022,https://tabelog.com/osaka/A2701/A270204/27059047/,,https://www.google.com/maps/search/?api=1&query=%E3%83%A9%E3%83%BC%E3%83%A1%E3%83%B3%E4%BA%BA%E7%94%9FJET600%20%E5%A4%A7%E9%98%AA%E5%BA%9C%E5%A4%A7%E9%98%AA%E5%B8%82%E6%9D%B1%E6%88%90%E5%8C%BA%E6%9D%B1%E5%B0%8F%E6%A9%8B1-3-2,34.6741769,135.5343902,2022,ラーメン WEST,ramen_west,発表日：2022年11月28日
中華そば 無限,大阪府大阪市福島区海老江5-5-10,食べログ ラーメン WEST 百名店 2022,https://tabelog.com/osaka/A2701/A270108/27053626/,,https://www.google.com/maps/search/?api=1&query=%E4%B8%AD%E8%8F%AF%E3%81%9D%E3%81%B0%20%E7%84%A1%E9%99%90%20%E5%A4%A7%E9%98%AA%E5%BA%9C%E5%A4%A7%E9%98%AA%E5%B8%82%E7%A6%8F%E5%B3%B6%E5%8C%BA%E6%B5%B7%E8%80%81%E6%B1%9F5-5-10,34.6966113,135.4722095,2022,ラーメン WEST,ramen_west,発表日：2022年11月28日
とんぴととりの光龍益,大阪府大阪市都島区中野町5-9-5,食べログ ラーメン WEST 百名店 2022,https://tabelog.com/osaka/A2701/A270304/27015801/,,https://www.google.com/maps/search/?api=1&query=%E3%81%A8%E3%82%93%E3%81%B4%E3%81%A8%E3%81%A8%E3%82%8A%E3%81%AE%E5%85%89%E9%BE%8D%E7%9B%8A%20%E5%A4%A7%E9%98%AA%E5%BA%9C%E5%A4%A7%E9%98%AA%E5%B8%82%E9%83%BD%E5%B3%B6%E5%8C%BA%E4%B8%AD%E9%87%8E%E7%94%BA5-9-5,34.7056435,135.5231032,2022,ラーメン WEST,ramen_west,発表日：2022年11月28日
大阪麺哲,大阪府大阪市北区曾根崎2-10-27,食べログ ラーメン WEST 百名店 2022,https://tabelog.com/osaka/A2701/A270101/27080479/,,https://www.google.com/maps/search/?api=1&query=%E5%A4%A7%E9%98%AA%E9%BA%BA%E5%93%B2%20%E5%A4%A7%E9%98%AA%E5%BA%9C%E5%A4%A7%E9%98%AA%E5%B8%82%E5%8C%97%E5%8C%BA%E6%9B%BE%E6%A0%B9%E5%B4%8E2-10-27,34.7008486,135.5017236,2022,ラーメン WEST,ramen_west,発表日：2022年11月28日
無鉄砲 総本店,京都府木津川市梅谷髯谷15-3,食べログ ラーメン WEST 百名店 2022,https://tabelog.com/kyoto/A2607/A260705/26002160/,,https://www.google.com/maps/search/?api=1&query=%E7%84%A1%E9%89%84%E7%A0%B2%20%E7%B7%8F%E6%9C%AC%E5%BA%97%20%E4%BA%AC%E9%83%BD%E5%BA%9C%E6%9C%A8%E6%B4%A5%E5%B7%9D%E5%B8%82%E6%A2%85%E8%B0%B7%E9%AB%AF%E8%B0%B715-3,34.7217762,135.8444954,2022,ラーメン WEST,ramen_west,発表日：2022年11月28日
ラーメン人生JET,大阪府大阪市福島区福島7-12-2,食べログ ラーメン WEST 百名店 2022,https://tabelog.com/osaka/A2701/A270108/27050827/,,https://www.google.com/maps/search/?api=1&query=%E3%83%A9%E3%83%BC%E3%83%A1%E3%83%B3%E4%BA%BA%E7%94%9FJET%20%E5%A4%A7%E9%98%AA%E5%BA%9C%E5%A4%A7%E9%98%AA%E5%B8%82%E7%A6%8F%E5%B3%B6%E5%8C%BA%E7%A6%8F%E5%B3%B67-12-2,34.6986176,135.4866080,2022,ラーメン WEST,ramen_west,発表日：2022年11月28日
らぁめん トリカヂ イッパイ,奈良県生駒市俵口町1093,食べログ ラーメン WEST 百名店 2022,https://tabelog.com/nara/A2902/A290201/29008833/,,https://www.google.com/maps/search/?api=1&query=%E3%82%89%E3%81%81%E3%82%81%E3%82%93%20%E3%83%88%E3%83%AA%E3%82%AB%E3%83%82%20%E3%82%A4%E3%83%83%E3%83%91%E3%82%A4%20%E5%A5%88%E8%89%AF%E7%9C%8C%E7%94%9F%E9%A7%92%E5%B8%82%E4%BF%B5%E5%8F%A3%E7%94%BA1093,34.7032653,135.6971477,2022,ラーメン WEST,ramen_west,発表日：2022年11月28日
麺や高倉二条,京都府京都市中京区観音町64-1,食べログ ラーメン WEST 百名店 2022,https://tabelog.com/kyoto/A2601/A260202/26003182/,,https://www.google.com/maps/search/?api=1&query=%E9%BA%BA%E3%82%84%E9%AB%98%E5%80%89%E4%BA%8C%E6%9D%A1%20%E4%BA%AC%E9%83%BD%E5%BA%9C%E4%BA%AC%E9%83%BD%E5%B8%82%E4%B8%AD%E4%BA%AC%E5%8C%BA%E8%A6%B3%E9%9F%B3%E7%94%BA64-1,35.0135638,135.7624717,2022,ラーメン WEST,ramen_west,発表日：2022年11月28日
麺屋 さん田,京都府京都市右京区西院追分町7-4,食べログ ラーメン WEST 百名店 2022,https://tabelog.com/kyoto/A2601/A260401/26029285/,,https://www.google.com/maps/search/?api=1&query=%E9%BA%BA%E5%B1%8B%20%E3%81%95%E3%82%93%E7%94%B0%20%E4%BA%AC%E9%83%BD%E5%BA%9C%E4%BA%AC%E9%83%BD%E5%B8%82%E5%8F%B3%E4%BA%AC%E5%8C%BA%E8%A5%BF%E9%99%A2%E8%BF%BD%E5%88%86%E7%94%BA7-4,34.9976663,135.7258864,2022,ラーメン WEST,ramen_west,発表日：2022年11月28日
麺のようじ,大阪府大阪市中央区高津2-1-2 大越ビル 1F,食べログ ラーメン WEST 百名店 2022,https://tabelog.com/osaka/A2701/A270202/27072765/,,https://www.google.com/maps/search/?api=1&query=%E9%BA%BA%E3%81%AE%E3%82%88%E3%81%86%E3%81%98%20%E5%A4%A7%E9%98%AA%E5%BA%9C%E5%A4%A7%E9%98%AA%E5%B8%82%E4%B8%AD%E5%A4%AE%E5%8C%BA%E9%AB%98%E6%B4%A52-1-2%20%E5%A4%A7%E8%B6%8A%E3%83%93%E3%83%AB%201F,34.6683022,135.5113037,2022,ラーメン WEST,ramen_west,発表日：2022年11月28日
極汁美麺 umami,大阪府東大阪市菱屋西3-1-1,食べログ ラーメン WEST 百名店 2022,https://tabelog.com/osaka/A2707/A270703/27093539/,,https://www.google.com/maps/search/?api=1&query=%E6%A5%B5%E6%B1%81%E7%BE%8E%E9%BA%BA%20umami%20%E5%A4%A7%E9%98%AA%E5%BA%9C%E6%9D%B1%E5%A4%A7%E9%98%AA%E5%B8%82%E8%8F%B1%E5%B1%8B%E8%A5%BF3-1-1,34.6639568,135.5783347,2022,ラーメン WEST,ramen_west,発表日：2022年11月28日
俺のラーメン あっぱれ屋,京都府城陽市奈島下小路11,食べログ ラーメン WEST 百名店 2022,https://tabelog.com/kyoto/A2607/A260704/26011617/,,https://www.google.com/maps/search/?api=1&query=%E4%BF%BA%E3%81%AE%E3%83%A9%E3%83%BC%E3%83%A1%E3%83%B3%20%E3%81%82%E3%81%A3%E3%81%B1%E3%82%8C%E5%B1%8B%20%E4%BA%AC%E9%83%BD%E5%BA%9C%E5%9F%8E%E9%99%BD%E5%B8%82%E5%A5%88%E5%B3%B6%E4%B8%8B%E5%B0%8F%E8%B7%AF11,34.8392940,135.8321706,2022,ラーメン WEST,ramen_west,発表日：2022年11月28日
中華そば 桐麺 総本店,大阪府大阪市淀川区十三本町2-1-6,食べログ ラーメン WEST 百名店 2022,https://tabelog.com/osaka/A2701/A270302/27097422/,,https://www.google.com/maps/search/?api=1&query=%E4%B8%AD%E8%8F%AF%E3%81%9D%E3%81%B0%20%E6%A1%90%E9%BA%BA%20%E7%B7%8F%E6%9C%AC%E5%BA%97%20%E5%A4%A7%E9%98%AA%E5%BA%9C%E5%A4%A7%E9%98%AA%E5%B8%82%E6%B7%80%E5%B7%9D%E5%8C%BA%E5%8D%81%E4%B8%89%E6%9C%AC%E7%94%BA2-1-6,34.7201701,135.4808801,2022,ラーメン WEST,ramen_west,発表日：2022年11月28日
寿司処 しん,大阪府大阪市北区天神橋7-12-14 グレーシィ天神橋 106,食べログ 寿司 WEST 百名店 2022,https://tabelog.com/osaka/A2701/A270103/27091491/,,https://www.google.com/maps/search/?api=1&query=%E5%AF%BF%E5%8F%B8%E5%87%A6%20%E3%81%97%E3%82%93%20%E5%A4%A7%E9%98%AA%E5%BA%9C%E5%A4%A7%E9%98%AA%E5%B8%82%E5%8C%97%E5%8C%BA%E5%A4%A9%E7%A5%9E%E6%A9%8B7-12-14%20%E3%82%B0%E3%83%AC%E3%83%BC%E3%82%B7%E3%82%A3%E5%A4%A9%E7%A5%9E%E6%A9%8B%20106,34.7140266,135.5111178,2022,寿司 WEST,sushi_west,発表日：2022年6月28日
尽誠,大阪府大阪市中央区心斎橋筋2-1-3,食べログ 寿司 WEST 百名店 2022,https://tabelog.com/osaka/A2701/A270201/27000411/,,https://www.google.com/maps/search/?api=1&query=%E5%B0%BD%E8%AA%A0%20%E5%A4%A7%E9%98%AA%E5%BA%9C%E5%A4%A7%E9%98%AA%E5%B8%82%E4%B8%AD%E5%A4%AE%E5%8C%BA%E5%BF%83%E6%96%8E%E6%A9%8B%E7%AD%8B2-1-3,34.6716889,135.5020966,2022,寿司 WEST,sushi_west,発表日：2022年6月28日
鮨割烹 なか一,京都府京都市東山区祇園町南側570-196,食べログ 寿司 WEST 百名店 2022,https://tabelog.com/kyoto/A2601/A260301/26001409/,,https://www.google.com/maps/search/?api=1&query=%E9%AE%A8%E5%89%B2%E7%83%B9%20%E3%81%AA%E3%81%8B%E4%B8%80%20%E4%BA%AC%E9%83%BD%E5%BA%9C%E4%BA%AC%E9%83%BD%E5%B8%82%E6%9D%B1%E5%B1%B1%E5%8C%BA%E7%A5%87%E5%9C%92%E7%94%BA%E5%8D%97%E5%81%B4570-196,35.0023745,135.7764538,2022,寿司 WEST,sushi_west,発表日：2022年6月28日
鮨 三心,大阪府大阪市中央区内久宝寺町2-7-14,食べログ 寿司 WEST 百名店 2022,https://tabelog.com/osaka/A2701/A270204/27095402/,,https://www.google.com/maps/search/?api=1&query=%E9%AE%A8%20%E4%B8%89%E5%BF%83%20%E5%A4%A7%E9%98%AA%E5%BA%9C%E5%A4%A7%E9%98%AA%E5%B8%82%E4%B8%AD%E5%A4%AE%E5%8C%BA%E5%86%85%E4%B9%85%E5%AE%9D%E5%AF%BA%E7%94%BA2-7-14,34.6781569,135.5182927,2022,寿司 WEST,sushi_west,発表日：2022年6月28日
鮨処 池上,大阪府摂津市千里丘1-7-8,食べログ 寿司 WEST 百名店 2022,https://tabelog.com/osaka/A2706/A270604/27040900/,,https://www.google.com/maps/search/?api=1&query=%E9%AE%A8%E5%87%A6%20%E6%B1%A0%E4%B8%8A%20%E5%A4%A7%E9%98%AA%E5%BA%9C%E6%91%82%E6%B4%A5%E5%B8%82%E5%8D%83%E9%87%8C%E4%B8%981-7-8,34.7917964,135.5494319,2022,寿司 WEST,sushi_west,発表日：2022年6月28日
鮨 のぐち,大阪府大阪市北区曽根崎新地1-2-8,食べログ 寿司 WEST 百名店 2022,https://tabelog.com/osaka/A2701/A270101/27004965/,,https://www.google.com/maps/search/?api=1&query=%E9%AE%A8%20%E3%81%AE%E3%81%90%E3%81%A1%20%E5%A4%A7%E9%98%AA%E5%BA%9C%E5%A4%A7%E9%98%AA%E5%B8%82%E5%8C%97%E5%8C%BA%E6%9B%BD%E6%A0%B9%E5%B4%8E%E6%96%B0%E5%9C%B01-2-8,34.6970884,135.4979199,2022,寿司 WEST,sushi_west,発表日：2022年6月28日
寿司常,大阪府大阪市北区天神橋2-4-3,食べログ 寿司 WEST 百名店 2022,https://tabelog.com/osaka/A2701/A270103/27094765/,,https://www.google.com/maps/search/?api=1&query=%E5%AF%BF%E5%8F%B8%E5%B8%B8%20%E5%A4%A7%E9%98%AA%E5%BA%9C%E5%A4%A7%E9%98%AA%E5%B8%82%E5%8C%97%E5%8C%BA%E5%A4%A9%E7%A5%9E%E6%A9%8B2-4-3,34.6967293,135.5120941,2022,寿司 WEST,sushi_west,発表日：2022年6月28日
喜一,兵庫県芦屋市大桝町5-8 アパートメントアシヤ大枡 1F,食べログ 寿司 WEST 百名店 2022,https://tabelog.com/hyogo/A2803/A280302/28040672/,,https://www.google.com/maps/search/?api=1&query=%E5%96%9C%E4%B8%80%20%E5%85%B5%E5%BA%AB%E7%9C%8C%E8%8A%A6%E5%B1%8B%E5%B8%82%E5%A4%A7%E6%A1%9D%E7%94%BA5-8%20%E3%82%A2%E3%83%91%E3%83%BC%E3%83%88%E3%83%A1%E3%83%B3%E3%83%88%E3%82%A2%E3%82%B7%E3%83%A4%E5%A4%A7%E6%9E%A1%201F,34.7296650,135.3059968,2022,寿司 WEST,sushi_west,発表日：2022年6月28日
鮨いわもと,大阪府大阪市北区堂島1-3-9 日宝堂島センタービル 1F,食べログ 寿司 WEST 百名店 2022,https://tabelog.com/osaka/A2701/A270101/27105582/,https://tabelog.com/osaka/A2701/A270101/27105582/?cid=google_yoyaku,https://www.google.com/maps/search/?api=1&query=%E9%AE%A8%E3%81%84%E3%82%8F%E3%82%82%E3%81%A8%20%E5%A4%A7%E9%98%AA%E5%BA%9C%E5%A4%A7%E9%98%AA%E5%B8%82%E5%8C%97%E5%8C%BA%E5%A0%82%E5%B3%B61-3-9%20%E6%97%A5%E5%AE%9D%E5%A0%82%E5%B3%B6%E3%82%BB%E3%83%B3%E3%82%BF%E3%83%BC%E3%83%93%E3%83%AB%201F,34.6964255,135.4976805,2022,寿司 WEST,sushi_west,発表日：2022年6月28日
大阪天満宮 鮨とよなが,大阪府大阪市北区天神橋2-5-3 1Ｆ,食べログ 寿司 WEST 百名店 2022,https://tabelog.com/osaka/A2701/A270103/27105145/,,https://www.google.com/maps/search/?api=1&query=%E5%A4%A7%E9%98%AA%E5%A4%A9%E6%BA%80%E5%AE%AE%20%E9%AE%A8%E3%81%A8%E3%82%88%E3%81%AA%E3%81%8C%20%E5%A4%A7%E9%98%AA%E5%BA%9C%E5%A4%A7%E9%98%AA%E5%B8%82%E5%8C%97%E5%8C%BA%E5%A4%A9%E7%A5%9E%E6%A9%8B2-5-3%201%EF%BC%A6,34.6968411,135.5134131,2022,寿司 WEST,sushi_west,発表日：2022年6月28日
菊水鮓 西店,兵庫県明石市松の内1-4-15,食べログ 寿司 WEST 百名店 2022,https://tabelog.com/hyogo/A2804/A280401/28031883/,https://tabelog.com/hyogo/A2804/A280401/28031883/?cid=google_yoyaku,https://www.google.com/maps/search/?api=1&query=%E8%8F%8A%E6%B0%B4%E9%AE%93%20%E8%A5%BF%E5%BA%97%20%E5%85%B5%E5%BA%AB%E7%9C%8C%E6%98%8E%E7%9F%B3%E5%B8%82%E6%9D%BE%E3%81%AE%E5%86%851-4-15,34.6645219,134.9646634,2022,寿司 WEST,sushi_west,発表日：2022年6月28日
鮨 原正,大阪府大阪市天王寺区上之宮町3-30,食べログ 寿司 WEST 百名店 2022,https://tabelog.com/osaka/A2701/A270205/27104509/,,https://www.google.com/maps/search/?api=1&query=%E9%AE%A8%20%E5%8E%9F%E6%AD%A3%20%E5%A4%A7%E9%98%AA%E5%BA%9C%E5%A4%A7%E9%98%AA%E5%B8%82%E5%A4%A9%E7%8E%8B%E5%AF%BA%E5%8C%BA%E4%B8%8A%E4%B9%8B%E5%AE%AE%E7%94%BA3-30,34.6621943,135.5198761,2022,寿司 WEST,sushi_west,発表日：2022年6月28日
祇園 鮨 忠保,京都府京都市東山区祇園町南側572-9,食べログ 寿司 WEST 百名店 2022,https://tabelog.com/kyoto/A2601/A260301/26029012/,,https://www.google.com/maps/search/?api=1&query=%E7%A5%87%E5%9C%92%20%E9%AE%A8%20%E5%BF%A0%E4%BF%9D%20%E4%BA%AC%E9%83%BD%E5%BA%9C%E4%BA%AC%E9%83%BD%E5%B8%82%E6%9D%B1%E5%B1%B1%E5%8C%BA%E7%A5%87%E5%9C%92%E7%94%BA%E5%8D%97%E5%81%B4572-9,35.0034798,135.7745747,2022,寿司 WEST,sushi_west,発表日：2022年6月28日
鮨 まつ本,兵庫県西宮市樋之池町2-33 セルシェール苦楽園　１Ｆ,食べログ 寿司 WEST 百名店 2022,https://tabelog.com/hyogo/A2803/A280301/28006932/,,https://www.google.com/maps/search/?api=1&query=%E9%AE%A8%20%E3%81%BE%E3%81%A4%E6%9C%AC%20%E5%85%B5%E5%BA%AB%E7%9C%8C%E8%A5%BF%E5%AE%AE%E5%B8%82%E6%A8%8B%E4%B9%8B%E6%B1%A0%E7%94%BA2-33%20%E3%82%BB%E3%83%AB%E3%82%B7%E3%82%A7%E3%83%BC%E3%83%AB%E8%8B%A6%E6%A5%BD%E5%9C%92%E3%80%80%EF%BC%91%EF%BC%A6,34.7515009,135.3240365,2022,寿司 WEST,sushi_west,発表日：2022年6月28日
淡路島 亙,兵庫県淡路市志筑1871-5,食べログ 寿司 WEST 百名店 2022,https://tabelog.com/hyogo/A2806/A280601/28023929/,,https://www.google.com/maps/search/?api=1&query=%E6%B7%A1%E8%B7%AF%E5%B3%B6%20%E4%BA%99%20%E5%85%B5%E5%BA%AB%E7%9C%8C%E6%B7%A1%E8%B7%AF%E5%B8%82%E5%BF%97%E7%AD%911871-5,34.4357653,134.8957573,2022,寿司 WEST,sushi_west,発表日：2022年6月28日
鮓 きずな,大阪府大阪市都島区都島南通2-4-9 藤美ハイツ　１Ｆ,食べログ 寿司 WEST 百名店 2022,https://tabelog.com/osaka/A2701/A270107/27041868/,,https://www.google.com/maps/search/?api=1&query=%E9%AE%93%20%E3%81%8D%E3%81%9A%E3%81%AA%20%E5%A4%A7%E9%98%AA%E5%BA%9C%E5%A4%A7%E9%98%AA%E5%B8%82%E9%83%BD%E5%B3%B6%E5%8C%BA%E9%83%BD%E5%B3%B6%E5%8D%97%E9%80%9A2-4-9%20%E8%97%A4%E7%BE%8E%E3%83%8F%E3%82%A4%E3%83%84%E3%80%80%EF%BC%91%EF%BC%A6,34.7010610,135.5336221,2022,寿司 WEST,sushi_west,発表日：2022年6月28日
松寿司 たにがわ,大阪府大阪市阿倍野区王子町3-13-6,食べログ 寿司 WEST 百名店 2022,https://tabelog.com/osaka/A2701/A270203/27015415/,,https://www.google.com/maps/search/?api=1&query=%E6%9D%BE%E5%AF%BF%E5%8F%B8%20%E3%81%9F%E3%81%AB%E3%81%8C%E3%82%8F%20%E5%A4%A7%E9%98%AA%E5%BA%9C%E5%A4%A7%E9%98%AA%E5%B8%82%E9%98%BF%E5%80%8D%E9%87%8E%E5%8C%BA%E7%8E%8B%E5%AD%90%E7%94%BA3-13-6,34.6277345,135.5099890,2022,寿司 WEST,sushi_west,発表日：2022年6月28日
髙橋 謙太郎,大阪府大阪市北区曽根崎新地1-7-5 バサラビル 4Ｆ,食べログ 寿司 WEST 百名店 2022,https://tabelog.com/osaka/A2701/A270101/27087204/,,https://www.google.com/maps/search/?api=1&query=%E9%AB%99%E6%A9%8B%20%E8%AC%99%E5%A4%AA%E9%83%8E%20%E5%A4%A7%E9%98%AA%E5%BA%9C%E5%A4%A7%E9%98%AA%E5%B8%82%E5%8C%97%E5%8C%BA%E6%9B%BD%E6%A0%B9%E5%B4%8E%E6%96%B0%E5%9C%B01-7-5%20%E3%83%90%E3%82%B5%E3%83%A9%E3%83%93%E3%83%AB%204%EF%BC%A6,34.6969600,135.5004743,2022,寿司 WEST,sushi_west,発表日：2022年6月28日
弥助,大阪府堺市堺区大町東1-1-18,食べログ 寿司 WEST 百名店 2022,https://tabelog.com/osaka/A2705/A270501/27001079/,,https://www.google.com/maps/search/?api=1&query=%E5%BC%A5%E5%8A%A9%20%E5%A4%A7%E9%98%AA%E5%BA%9C%E5%A0%BA%E5%B8%82%E5%A0%BA%E5%8C%BA%E5%A4%A7%E7%94%BA%E6%9D%B11-1-18,34.5763616,135.4726487,2022,寿司 WEST,sushi_west,発表日：2022年6月28日
寿し おおはた,大阪府大阪市北区堂島1-4-8 廣ビル 2F,食べログ 寿司 WEST 百名店 2022,https://tabelog.com/osaka/A2701/A270101/27057420/,,https://www.google.com/maps/search/?api=1&query=%E5%AF%BF%E3%81%97%20%E3%81%8A%E3%81%8A%E3%81%AF%E3%81%9F%20%E5%A4%A7%E9%98%AA%E5%BA%9C%E5%A4%A7%E9%98%AA%E5%B8%82%E5%8C%97%E5%8C%BA%E5%A0%82%E5%B3%B61-4-8%20%E5%BB%A3%E3%83%93%E3%83%AB%202F,34.6960324,135.4977490,2022,寿司 WEST,sushi_west,発表日：2022年6月28日
鮨 生粋,兵庫県神戸市東灘区本山中町3-3-6,食べログ 寿司 WEST 百名店 2022,https://tabelog.com/hyogo/A2801/A280105/28006305/,,https://www.google.com/maps/search/?api=1&query=%E9%AE%A8%20%E7%94%9F%E7%B2%8B%20%E5%85%B5%E5%BA%AB%E7%9C%8C%E7%A5%9E%E6%88%B8%E5%B8%82%E6%9D%B1%E7%81%98%E5%8C%BA%E6%9C%AC%E5%B1%B1%E4%B8%AD%E7%94%BA3-3-6,34.7257723,135.2821408,2022,寿司 WEST,sushi_west,発表日：2022年6月28日
鮨　樋口,大阪府大阪市中央区東心斎橋2-4-30 グランドジャニスビル１F,食べログ 寿司 WEST 百名店 2022,https://tabelog.com/osaka/A2701/A270201/27043154/,,https://www.google.com/maps/search/?api=1&query=%E9%AE%A8%E3%80%80%E6%A8%8B%E5%8F%A3%20%E5%A4%A7%E9%98%AA%E5%BA%9C%E5%A4%A7%E9%98%AA%E5%B8%82%E4%B8%AD%E5%A4%AE%E5%8C%BA%E6%9D%B1%E5%BF%83%E6%96%8E%E6%A9%8B2-4-30%20%E3%82%B0%E3%83%A9%E3%83%B3%E3%83%89%E3%82%B8%E3%83%A3%E3%83%8B%E3%82%B9%E3%83%93%E3%83%AB%EF%BC%91F,34.6717307,135.5050598,2022,寿司 WEST,sushi_west,発表日：2022年6月28日
鮨 栄美古,兵庫県神戸市中央区中山手通1-9-11,食べログ 寿司 WEST 百名店 2022,https://tabelog.com/hyogo/A2801/A280101/28006109/,,https://www.google.com/maps/search/?api=1&query=%E9%AE%A8%20%E6%A0%84%E7%BE%8E%E5%8F%A4%20%E5%85%B5%E5%BA%AB%E7%9C%8C%E7%A5%9E%E6%88%B8%E5%B8%82%E4%B8%AD%E5%A4%AE%E5%8C%BA%E4%B8%AD%E5%B1%B1%E6%89%8B%E9%80%9A1-9-11,34.6956290,135.1917822,2022,寿司 WEST,sushi_west,発表日：2022年6月28日
鮨まつもと,京都府京都市東山区祇園町南側570-123,食べログ 寿司 WEST 百名店 2022,https://tabelog.com/kyoto/A2601/A260301/26002579/,https://tabelog.com/kyoto/A2601/A260301/26002579/?cid=google_yoyaku,https://www.google.com/maps/search/?api=1&query=%E9%AE%A8%E3%81%BE%E3%81%A4%E3%82%82%E3%81%A8%20%E4%BA%AC%E9%83%BD%E5%BA%9C%E4%BA%AC%E9%83%BD%E5%B8%82%E6%9D%B1%E5%B1%B1%E5%8C%BA%E7%A5%87%E5%9C%92%E7%94%BA%E5%8D%97%E5%81%B4570-123,35.0033994,135.7744356,2022,寿司 WEST,sushi_west,発表日：2022年6月28日
鮨　Shizuku,大阪府大阪市中央区東心斎橋2-1-27 周防町ウィングス 1F,食べログ 寿司 WEST 百名店 2022,https://tabelog.com/osaka/A2701/A270201/27093524/,,https://www.google.com/maps/search/?api=1&query=%E9%AE%A8%E3%80%80Shizuku%20%E5%A4%A7%E9%98%AA%E5%BA%9C%E5%A4%A7%E9%98%AA%E5%B8%82%E4%B8%AD%E5%A4%AE%E5%8C%BA%E6%9D%B1%E5%BF%83%E6%96%8E%E6%A9%8B2-1-27%20%E5%91%A8%E9%98%B2%E7%94%BA%E3%82%A6%E3%82%A3%E3%83%B3%E3%82%B0%E3%82%B9%201F,34.6718199,135.5056569,2022,寿司 WEST,sushi_west,発表日：2022年6月28日
寿司赤酢・望月,大阪府大阪市北区堂島1-3-4 谷安ビル 1F,食べログ 寿司 WEST 百名店 2022,https://tabelog.com/osaka/A2701/A270101/27120182/,https://tabelog.com/osaka/A2701/A270101/27120182/?cid=google_yoyaku,https://www.google.com/maps/search/?api=1&query=%E5%AF%BF%E5%8F%B8%E8%B5%A4%E9%85%A2%E3%83%BB%E6%9C%9B%E6%9C%88%20%E5%A4%A7%E9%98%AA%E5%BA%9C%E5%A4%A7%E9%98%AA%E5%B8%82%E5%8C%97%E5%8C%BA%E5%A0%82%E5%B3%B61-3-4%20%E8%B0%B7%E5%AE%89%E3%83%93%E3%83%AB%201F,34.6964096,135.4981930,2022,寿司 WEST,sushi_west,発表日：2022年6月28日
鮨 村上二郎,大阪府大阪市北区曽根崎新地1-5-7 森ビル 1F,食べログ 寿司 WEST 百名店 2022,https://tabelog.com/osaka/A2701/A270101/27078821/,,https://www.google.com/maps/search/?api=1&query=%E9%AE%A8%20%E6%9D%91%E4%B8%8A%E4%BA%8C%E9%83%8E%20%E5%A4%A7%E9%98%AA%E5%BA%9C%E5%A4%A7%E9%98%AA%E5%B8%82%E5%8C%97%E5%8C%BA%E6%9B%BD%E6%A0%B9%E5%B4%8E%E6%96%B0%E5%9C%B01-5-7%20%E6%A3%AE%E3%83%93%E3%83%AB%201F,34.6977494,135.4973177,2022,寿司 WEST,sushi_west,発表日：2022年6月28日
植月,兵庫県神戸市兵庫区荒田町3-41-16,食べログ 寿司 WEST 百名店 2022,https://tabelog.com/hyogo/A2801/A280102/28000679/,,https://www.google.com/maps/search/?api=1&query=%E6%A4%8D%E6%9C%88%20%E5%85%B5%E5%BA%AB%E7%9C%8C%E7%A5%9E%E6%88%B8%E5%B8%82%E5%85%B5%E5%BA%AB%E5%8C%BA%E8%8D%92%E7%94%B0%E7%94%BA3-41-16,34.6862153,135.1692834,2022,寿司 WEST,sushi_west,発表日：2022年6月28日
鮨 一二郎,大阪府泉大津市昭和町10-27,食べログ 寿司 WEST 百名店 2022,https://tabelog.com/osaka/A2705/A270502/27000713/,,https://www.google.com/maps/search/?api=1&query=%E9%AE%A8%20%E4%B8%80%E4%BA%8C%E9%83%8E%20%E5%A4%A7%E9%98%AA%E5%BA%9C%E6%B3%89%E5%A4%A7%E6%B4%A5%E5%B8%82%E6%98%AD%E5%92%8C%E7%94%BA10-27,34.4992024,135.4024830,2022,寿司 WEST,sushi_west,発表日：2022年6月28日
寿志 城助,兵庫県神戸市中央区北野町2-1-10 黄能ハウス 1F,食べログ 寿司 WEST 百名店 2022,https://tabelog.com/hyogo/A2801/A280103/28006575/,,https://www.google.com/maps/search/?api=1&query=%E5%AF%BF%E5%BF%97%20%E5%9F%8E%E5%8A%A9%20%E5%85%B5%E5%BA%AB%E7%9C%8C%E7%A5%9E%E6%88%B8%E5%B8%82%E4%B8%AD%E5%A4%AE%E5%8C%BA%E5%8C%97%E9%87%8E%E7%94%BA2-1-10%20%E9%BB%84%E8%83%BD%E3%83%8F%E3%82%A6%E3%82%B9%201F,34.7002014,135.1921578,2022,寿司 WEST,sushi_west,発表日：2022年6月28日
すし うえだ,兵庫県神戸市中央区中山手通3-2-1 トア山手ザ神戸タワー112,食べログ 寿司 WEST 百名店 2022,https://tabelog.com/hyogo/A2801/A280102/28053397/,,https://www.google.com/maps/search/?api=1&query=%E3%81%99%E3%81%97%20%E3%81%86%E3%81%88%E3%81%A0%20%E5%85%B5%E5%BA%AB%E7%9C%8C%E7%A5%9E%E6%88%B8%E5%B8%82%E4%B8%AD%E5%A4%AE%E5%8C%BA%E4%B8%AD%E5%B1%B1%E6%89%8B%E9%80%9A3-2-1%20%E3%83%88%E3%82%A2%E5%B1%B1%E6%89%8B%E3%82%B6%E7%A5%9E%E6%88%B8%E3%82%BF%E3%83%AF%E3%83%BC112,34.6934528,135.1875671,2022,寿司 WEST,sushi_west,発表日：2022年6月28日
鮨処 多田,大阪府大阪市北区曽根崎新地1-5-26 永楽リンデンビル　 4F,食べログ 寿司 WEST 百名店 2022,https://tabelog.com/osaka/A2701/A270101/27003367/,,https://www.google.com/maps/search/?api=1&query=%E9%AE%A8%E5%87%A6%20%E5%A4%9A%E7%94%B0%20%E5%A4%A7%E9%98%AA%E5%BA%9C%E5%A4%A7%E9%98%AA%E5%B8%82%E5%8C%97%E5%8C%BA%E6%9B%BD%E6%A0%B9%E5%B4%8E%E6%96%B0%E5%9C%B01-5-26%20%E6%B0%B8%E6%A5%BD%E3%83%AA%E3%83%B3%E3%83%87%E3%83%B3%E3%83%93%E3%83%AB%E3%80%80%204F,34.6978600,135.4978127,2022,寿司 WEST,sushi_west,発表日：2022年6月28日
寿司 うち田,大阪府大阪市北区堂島1-3-40 スタッフ堂島ビル　２Ｆ,食べログ 寿司 WEST 百名店 2022,https://tabelog.com/osaka/A2701/A270101/27011689/,,https://www.google.com/maps/search/?api=1&query=%E5%AF%BF%E5%8F%B8%20%E3%81%86%E3%81%A1%E7%94%B0%20%E5%A4%A7%E9%98%AA%E5%BA%9C%E5%A4%A7%E9%98%AA%E5%B8%82%E5%8C%97%E5%8C%BA%E5%A0%82%E5%B3%B61-3-40%20%E3%82%B9%E3%82%BF%E3%83%83%E3%83%95%E5%A0%82%E5%B3%B6%E3%83%93%E3%83%AB%E3%80%80%EF%BC%92%EF%BC%A6,34.6965569,135.4985783,2022,寿司 WEST,sushi_west,発表日：2022年6月28日
鮨 おおが,大阪府堺市堺区大町東1-2-7,食べログ 寿司 WEST 百名店 2022,https://tabelog.com/osaka/A2705/A270501/27104114/,https://tabelog.com/osaka/A2705/A270501/27104114/?cid=google_yoyaku,https://www.google.com/maps/search/?api=1&query=%E9%AE%A8%20%E3%81%8A%E3%81%8A%E3%81%8C%20%E5%A4%A7%E9%98%AA%E5%BA%9C%E5%A0%BA%E5%B8%82%E5%A0%BA%E5%8C%BA%E5%A4%A7%E7%94%BA%E6%9D%B11-2-7,34.5762373,135.4728643,2022,寿司 WEST,sushi_west,発表日：2022年6月28日
黒杉,大阪府大阪市北区堂島浜1-2-1 新ダイビル 2F,食べログ 寿司 WEST 百名店 2022,https://tabelog.com/osaka/A2701/A270101/27086390/,https://tabelog.com/osaka/A2701/A270101/27086390/?cid=google_yoyaku,https://www.google.com/maps/search/?api=1&query=%E9%BB%92%E6%9D%89%20%E5%A4%A7%E9%98%AA%E5%BA%9C%E5%A4%A7%E9%98%AA%E5%B8%82%E5%8C%97%E5%8C%BA%E5%A0%82%E5%B3%B6%E6%B5%9C1-2-1%20%E6%96%B0%E3%83%80%E3%82%A4%E3%83%93%E3%83%AB%202F,34.6956933,135.4993092,2022,寿司 WEST,sushi_west,発表日：2022年6月28日
寿司赤酢 神戸元町店,兵庫県神戸市中央区中山手通3-2-1 トア山手ザ神戸タワー114,食べログ 寿司 WEST 百名店 2022,https://tabelog.com/hyogo/A2801/A280101/28057552/,,https://www.google.com/maps/search/?api=1&query=%E5%AF%BF%E5%8F%B8%E8%B5%A4%E9%85%A2%20%E7%A5%9E%E6%88%B8%E5%85%83%E7%94%BA%E5%BA%97%20%E5%85%B5%E5%BA%AB%E7%9C%8C%E7%A5%9E%E6%88%B8%E5%B8%82%E4%B8%AD%E5%A4%AE%E5%8C%BA%E4%B8%AD%E5%B1%B1%E6%89%8B%E9%80%9A3-2-1%20%E3%83%88%E3%82%A2%E5%B1%B1%E6%89%8B%E3%82%B6%E7%A5%9E%E6%88%B8%E3%82%BF%E3%83%AF%E3%83%BC114,34.6934820,135.1874478,2022,寿司 WEST,sushi_west,発表日：2022年6月28日
鮨 福萬,大阪府大阪市中央区瓦屋町1-6-2,食べログ 寿司 WEST 百名店 2022,https://tabelog.com/osaka/A2701/A270204/27051709/,,https://www.google.com/maps/search/?api=1&query=%E9%AE%A8%20%E7%A6%8F%E8%90%AC%20%E5%A4%A7%E9%98%AA%E5%BA%9C%E5%A4%A7%E9%98%AA%E5%B8%82%E4%B8%AD%E5%A4%AE%E5%8C%BA%E7%93%A6%E5%B1%8B%E7%94%BA1-6-2,34.6731495,135.5133579,2022,寿司 WEST,sushi_west,発表日：2022年6月28日
寿司 赤酢,大阪府大阪市北区堂島1-3-4 谷安ビル B1F,食べログ 寿司 WEST 百名店 2022,https://tabelog.com/osaka/A2701/A270101/27114022/,https://tabelog.com/osaka/A2701/A270101/27114022/?cid=google_yoyaku,https://www.google.com/maps/search/?api=1&query=%E5%AF%BF%E5%8F%B8%20%E8%B5%A4%E9%85%A2%20%E5%A4%A7%E9%98%AA%E5%BA%9C%E5%A4%A7%E9%98%AA%E5%B8%82%E5%8C%97%E5%8C%BA%E5%A0%82%E5%B3%B61-3-4%20%E8%B0%B7%E5%AE%89%E3%83%93%E3%83%AB%20B1F,34.6964082,135.4981922,2022,寿司 WEST,sushi_west,発表日：2022年6月28日
千成寿司,大阪府大阪市東淀川区菅原5-5-13,食べログ 寿司 WEST 百名店 2022,https://tabelog.com/osaka/A2701/A270307/27011309/,,https://www.google.com/maps/search/?api=1&query=%E5%8D%83%E6%88%90%E5%AF%BF%E5%8F%B8%20%E5%A4%A7%E9%98%AA%E5%BA%9C%E5%A4%A7%E9%98%AA%E5%B8%82%E6%9D%B1%E6%B7%80%E5%B7%9D%E5%8C%BA%E8%8F%85%E5%8E%9F5-5-13,34.7400945,135.5184112,2022,寿司 WEST,sushi_west,発表日：2022年6月28日
きう,京都府京都市下京区神明町230-2 2F,食べログ 寿司 WEST 百名店 2022,https://tabelog.com/kyoto/A2601/A260201/26034605/,,https://www.google.com/maps/search/?api=1&query=%E3%81%8D%E3%81%86%20%E4%BA%AC%E9%83%BD%E5%BA%9C%E4%BA%AC%E9%83%BD%E5%B8%82%E4%B8%8B%E4%BA%AC%E5%8C%BA%E7%A5%9E%E6%98%8E%E7%94%BA230-2%202F,35.0024839,135.7625562,2022,寿司 WEST,sushi_west,発表日：2022年6月28日
パスティチュリア・デリチュース 大阪店,大阪府大阪市北区梅田3-1-1 JR大阪駅,食べログ スイーツ WEST 百名店 2022,https://tabelog.com/osaka/A2701/A270101/27010561/,,https://www.google.com/maps/search/?api=1&query=%E3%83%91%E3%82%B9%E3%83%86%E3%82%A3%E3%83%81%E3%83%A5%E3%83%AA%E3%82%A2%E3%83%BB%E3%83%87%E3%83%AA%E3%83%81%E3%83%A5%E3%83%BC%E3%82%B9%20%E5%A4%A7%E9%98%AA%E5%BA%97%20%E5%A4%A7%E9%98%AA%E5%BA%9C%E5%A4%A7%E9%98%AA%E5%B8%82%E5%8C%97%E5%8C%BA%E6%A2%85%E7%94%B03-1-1%20JR%E5%A4%A7%E9%98%AA%E9%A7%85,34.7026727,135.4966276,2022,スイーツ WEST,sweets_west,発表日：2022年10月20日
エクチュア  からほり「蔵」本店,大阪府大阪市中央区谷町6-17-43 練,食べログ スイーツ WEST 百名店 2022,https://tabelog.com/osaka/A2701/A270204/27000958/,,https://www.google.com/maps/search/?api=1&query=%E3%82%A8%E3%82%AF%E3%83%81%E3%83%A5%E3%82%A2%20%20%E3%81%8B%E3%82%89%E3%81%BB%E3%82%8A%E3%80%8C%E8%94%B5%E3%80%8D%E6%9C%AC%E5%BA%97%20%E5%A4%A7%E9%98%AA%E5%BA%9C%E5%A4%A7%E9%98%AA%E5%B8%82%E4%B8%AD%E5%A4%AE%E5%8C%BA%E8%B0%B7%E7%94%BA6-17-43%20%E7%B7%B4,34.6751711,135.5126801,2022,スイーツ WEST,sweets_west,発表日：2022年10月20日
ミッシェルバッハ,兵庫県西宮市久出ケ谷町2-28,食べログ スイーツ WEST 百名店 2022,https://tabelog.com/hyogo/A2803/A280301/28001388/,,https://www.google.com/maps/search/?api=1&query=%E3%83%9F%E3%83%83%E3%82%B7%E3%82%A7%E3%83%AB%E3%83%90%E3%83%83%E3%83%8F%20%E5%85%B5%E5%BA%AB%E7%9C%8C%E8%A5%BF%E5%AE%AE%E5%B8%82%E4%B9%85%E5%87%BA%E3%82%B1%E8%B0%B7%E7%94%BA2-28,34.7454714,135.3270084,2022,スイーツ WEST,sweets_west,発表日：2022年10月20日
クレープリー・アルション,大阪府大阪市中央区難波1-4-18,食べログ スイーツ WEST 百名店 2022,https://tabelog.com/osaka/A2701/A270202/27003897/,,https://www.google.com/maps/search/?api=1&query=%E3%82%AF%E3%83%AC%E3%83%BC%E3%83%97%E3%83%AA%E3%83%BC%E3%83%BB%E3%82%A2%E3%83%AB%E3%82%B7%E3%83%A7%E3%83%B3%20%E5%A4%A7%E9%98%AA%E5%BA%9C%E5%A4%A7%E9%98%AA%E5%B8%82%E4%B8%AD%E5%A4%AE%E5%8C%BA%E9%9B%A3%E6%B3%A21-4-18,34.6674185,135.5022652,2022,スイーツ WEST,sweets_west,発表日：2022年10月20日
パティスリー タンドレス,京都府京都市左京区一乗寺花ノ木町21-3,食べログ スイーツ WEST 百名店 2022,https://tabelog.com/kyoto/A2601/A260303/26003706/,,https://www.google.com/maps/search/?api=1&query=%E3%83%91%E3%83%86%E3%82%A3%E3%82%B9%E3%83%AA%E3%83%BC%20%E3%82%BF%E3%83%B3%E3%83%89%E3%83%AC%E3%82%B9%20%E4%BA%AC%E9%83%BD%E5%BA%9C%E4%BA%AC%E9%83%BD%E5%B8%82%E5%B7%A6%E4%BA%AC%E5%8C%BA%E4%B8%80%E4%B9%97%E5%AF%BA%E8%8A%B1%E3%83%8E%E6%9C%A8%E7%94%BA21-3,35.0429120,135.7929033,2022,スイーツ WEST,sweets_west,発表日：2022年10月20日
粟餅所・澤屋,京都府京都市上京区北野天満宮前西入紙屋川町838-7,食べログ スイーツ WEST 百名店 2022,https://tabelog.com/kyoto/A2601/A260501/26001539/,,https://www.google.com/maps/search/?api=1&query=%E7%B2%9F%E9%A4%85%E6%89%80%E3%83%BB%E6%BE%A4%E5%B1%8B%20%E4%BA%AC%E9%83%BD%E5%BA%9C%E4%BA%AC%E9%83%BD%E5%B8%82%E4%B8%8A%E4%BA%AC%E5%8C%BA%E5%8C%97%E9%87%8E%E5%A4%A9%E6%BA%80%E5%AE%AE%E5%89%8D%E8%A5%BF%E5%85%A5%E7%B4%99%E5%B1%8B%E5%B7%9D%E7%94%BA838-7,35.0276137,135.7352086,2022,スイーツ WEST,sweets_west,発表日：2022年10月20日
かん袋,大阪府堺市堺区新在家町東1-2-1,食べログ スイーツ WEST 百名店 2022,https://tabelog.com/osaka/A2705/A270501/27001078/,,https://www.google.com/maps/search/?api=1&query=%E3%81%8B%E3%82%93%E8%A2%8B%20%E5%A4%A7%E9%98%AA%E5%BA%9C%E5%A0%BA%E5%B8%82%E5%A0%BA%E5%8C%BA%E6%96%B0%E5%9C%A8%E5%AE%B6%E7%94%BA%E6%9D%B11-2-1,34.5718882,135.4688238,2022,スイーツ WEST,sweets_west,発表日：2022年10月20日
"Patisserie Ravi,e relier",大阪府大阪市北区山崎町5-13,食べログ スイーツ WEST 百名店 2022,https://tabelog.com/osaka/A2701/A270103/27044987/,,https://www.google.com/maps/search/?api=1&query=Patisserie%20Ravi%2Ce%20relier%20%E5%A4%A7%E9%98%AA%E5%BA%9C%E5%A4%A7%E9%98%AA%E5%B8%82%E5%8C%97%E5%8C%BA%E5%B1%B1%E5%B4%8E%E7%94%BA5-13,34.7057238,135.5076960,2022,スイーツ WEST,sweets_west,発表日：2022年10月20日
洛叉庵,京都府京都市北区紫竹下芝本町22,食べログ スイーツ WEST 百名店 2022,https://tabelog.com/kyoto/A2601/A260503/26012788/,,https://www.google.com/maps/search/?api=1&query=%E6%B4%9B%E5%8F%89%E5%BA%B5%20%E4%BA%AC%E9%83%BD%E5%BA%9C%E4%BA%AC%E9%83%BD%E5%B8%82%E5%8C%97%E5%8C%BA%E7%B4%AB%E7%AB%B9%E4%B8%8B%E8%8A%9D%E6%9C%AC%E7%94%BA22,35.0495924,135.7498321,2022,スイーツ WEST,sweets_west,発表日：2022年10月20日
中谷堂,奈良県奈良市橋本町29,食べログ スイーツ WEST 百名店 2022,https://tabelog.com/nara/A2901/A290101/29000222/,,https://www.google.com/maps/search/?api=1&query=%E4%B8%AD%E8%B0%B7%E5%A0%82%20%E5%A5%88%E8%89%AF%E7%9C%8C%E5%A5%88%E8%89%AF%E5%B8%82%E6%A9%8B%E6%9C%AC%E7%94%BA29,34.6819507,135.8289079,2022,スイーツ WEST,sweets_west,発表日：2022年10月20日
あぶり餅 本家 根元 かざりや,京都府京都市北区紫野今宮町96,食べログ スイーツ WEST 百名店 2022,https://tabelog.com/kyoto/A2601/A260503/26001670/,,https://www.google.com/maps/search/?api=1&query=%E3%81%82%E3%81%B6%E3%82%8A%E9%A4%85%20%E6%9C%AC%E5%AE%B6%20%E6%A0%B9%E5%85%83%20%E3%81%8B%E3%81%96%E3%82%8A%E3%82%84%20%E4%BA%AC%E9%83%BD%E5%BA%9C%E4%BA%AC%E9%83%BD%E5%B8%82%E5%8C%97%E5%8C%BA%E7%B4%AB%E9%87%8E%E4%BB%8A%E5%AE%AE%E7%94%BA96,35.0451945,135.7427870,2022,スイーツ WEST,sweets_west,発表日：2022年10月20日
出町ふたば,京都府京都市上京区出町通今出川上ル青龍町236,食べログ スイーツ WEST 百名店 2022,https://tabelog.com/kyoto/A2601/A260302/26001520/,,https://www.google.com/maps/search/?api=1&query=%E5%87%BA%E7%94%BA%E3%81%B5%E3%81%9F%E3%81%B0%20%E4%BA%AC%E9%83%BD%E5%BA%9C%E4%BA%AC%E9%83%BD%E5%B8%82%E4%B8%8A%E4%BA%AC%E5%8C%BA%E5%87%BA%E7%94%BA%E9%80%9A%E4%BB%8A%E5%87%BA%E5%B7%9D%E4%B8%8A%E3%83%AB%E9%9D%92%E9%BE%8D%E7%94%BA236,35.0301091,135.7696265,2022,スイーツ WEST,sweets_west,発表日：2022年10月20日
パティスリー・ラ プラージュ,大阪府大阪市中央区北新町3-7 1F,食べログ スイーツ WEST 百名店 2022,https://tabelog.com/osaka/A2701/A270104/27003644/,,https://www.google.com/maps/search/?api=1&query=%E3%83%91%E3%83%86%E3%82%A3%E3%82%B9%E3%83%AA%E3%83%BC%E3%83%BB%E3%83%A9%20%E3%83%97%E3%83%A9%E3%83%BC%E3%82%B8%E3%83%A5%20%E5%A4%A7%E9%98%AA%E5%BA%9C%E5%A4%A7%E9%98%AA%E5%B8%82%E4%B8%AD%E5%A4%AE%E5%8C%BA%E5%8C%97%E6%96%B0%E7%94%BA3-7%201F,34.6849191,135.5152153,2022,スイーツ WEST,sweets_west,発表日：2022年10月20日
レ・プティット・パピヨット,大阪府大阪市西区京町掘1-12-24 OH MILLS京町堀 1F,食べログ スイーツ WEST 百名店 2022,https://tabelog.com/osaka/A2701/A270102/27064714/,,https://www.google.com/maps/search/?api=1&query=%E3%83%AC%E3%83%BB%E3%83%97%E3%83%86%E3%82%A3%E3%83%83%E3%83%88%E3%83%BB%E3%83%91%E3%83%94%E3%83%A8%E3%83%83%E3%83%88%20%E5%A4%A7%E9%98%AA%E5%BA%9C%E5%A4%A7%E9%98%AA%E5%B8%82%E8%A5%BF%E5%8C%BA%E4%BA%AC%E7%94%BA%E6%8E%981-12-24%20OH%20MILLS%E4%BA%AC%E7%94%BA%E5%A0%80%201F,34.6872991,135.4943216,2022,スイーツ WEST,sweets_west,発表日：2022年10月20日
ラヴニュー,兵庫県神戸市中央区山本通3-7-3 ユートピア・トーア1F,食べログ スイーツ WEST 百名店 2022,https://tabelog.com/hyogo/A2801/A280102/28033447/,,https://www.google.com/maps/search/?api=1&query=%E3%83%A9%E3%83%B4%E3%83%8B%E3%83%A5%E3%83%BC%20%E5%85%B5%E5%BA%AB%E7%9C%8C%E7%A5%9E%E6%88%B8%E5%B8%82%E4%B8%AD%E5%A4%AE%E5%8C%BA%E5%B1%B1%E6%9C%AC%E9%80%9A3-7-3%20%E3%83%A6%E3%83%BC%E3%83%88%E3%83%94%E3%82%A2%E3%83%BB%E3%83%88%E3%83%BC%E3%82%A21F,34.6959335,135.1868804,2022,スイーツ WEST,sweets_west,発表日：2022年10月20日
LA VOITURE,京都府京都市左京区聖護院円頓美町47-5,食べログ スイーツ WEST 百名店 2022,https://tabelog.com/kyoto/A2601/A260302/26001070/,,https://www.google.com/maps/search/?api=1&query=LA%20VOITURE%20%E4%BA%AC%E9%83%BD%E5%BA%9C%E4%BA%AC%E9%83%BD%E5%B8%82%E5%B7%A6%E4%BA%AC%E5%8C%BA%E8%81%96%E8%AD%B7%E9%99%A2%E5%86%86%E9%A0%93%E7%BE%8E%E7%94%BA47-5,35.0166081,135.7801950,2022,スイーツ WEST,sweets_west,発表日：2022年10月20日
五感 北浜本館,大阪府大阪市中央区今橋2-1-1 新井ビル,食べログ スイーツ WEST 百名店 2022,https://tabelog.com/osaka/A2701/A270102/27003404/,,https://www.google.com/maps/search/?api=1&query=%E4%BA%94%E6%84%9F%20%E5%8C%97%E6%B5%9C%E6%9C%AC%E9%A4%A8%20%E5%A4%A7%E9%98%AA%E5%BA%9C%E5%A4%A7%E9%98%AA%E5%B8%82%E4%B8%AD%E5%A4%AE%E5%8C%BA%E4%BB%8A%E6%A9%8B2-1-1%20%E6%96%B0%E4%BA%95%E3%83%93%E3%83%AB,34.6907227,135.5063907,2022,スイーツ WEST,sweets_west,発表日：2022年10月20日
甘泉堂,京都府京都市東山区祇園町344-6,食べログ スイーツ WEST 百名店 2022,https://tabelog.com/kyoto/A2601/A260301/26001392/,,https://www.google.com/maps/search/?api=1&query=%E7%94%98%E6%B3%89%E5%A0%82%20%E4%BA%AC%E9%83%BD%E5%BA%9C%E4%BA%AC%E9%83%BD%E5%B8%82%E6%9D%B1%E5%B1%B1%E5%8C%BA%E7%A5%87%E5%9C%92%E7%94%BA344-6,35.0042449,135.7754751,2022,スイーツ WEST,sweets_west,発表日：2022年10月20日
Poche du Reve,兵庫県芦屋市公光町9-7 モントルービル101,食べログ スイーツ WEST 百名店 2022,https://tabelog.com/hyogo/A2803/A280302/28012993/,,https://www.google.com/maps/search/?api=1&query=Poche%20du%20Reve%20%E5%85%B5%E5%BA%AB%E7%9C%8C%E8%8A%A6%E5%B1%8B%E5%B8%82%E5%85%AC%E5%85%89%E7%94%BA9-7%20%E3%83%A2%E3%83%B3%E3%83%88%E3%83%AB%E3%83%BC%E3%83%93%E3%83%AB101,34.7286854,135.3043277,2022,スイーツ WEST,sweets_west,発表日：2022年10月20日
パティスリー モンプリュ 本店,兵庫県神戸市中央区海岸通3-1-17,食べログ スイーツ WEST 百名店 2022,https://tabelog.com/hyogo/A2801/A280102/28002315/,,https://www.google.com/maps/search/?api=1&query=%E3%83%91%E3%83%86%E3%82%A3%E3%82%B9%E3%83%AA%E3%83%BC%20%E3%83%A2%E3%83%B3%E3%83%97%E3%83%AA%E3%83%A5%20%E6%9C%AC%E5%BA%97%20%E5%85%B5%E5%BA%AB%E7%9C%8C%E7%A5%9E%E6%88%B8%E5%B8%82%E4%B8%AD%E5%A4%AE%E5%8C%BA%E6%B5%B7%E5%B2%B8%E9%80%9A3-1-17,34.6863147,135.1868102,2022,スイーツ WEST,sweets_west,発表日：2022年10月20日
アシッドラシーヌ,大阪府大阪市中央区内平野町1-4-6 ヴィヴァーチェ 大手前 1F,食べログ スイーツ WEST 百名店 2022,https://tabelog.com/osaka/A2701/A270104/27071315/,,https://www.google.com/maps/search/?api=1&query=%E3%82%A2%E3%82%B7%E3%83%83%E3%83%89%E3%83%A9%E3%82%B7%E3%83%BC%E3%83%8C%20%E5%A4%A7%E9%98%AA%E5%BA%9C%E5%A4%A7%E9%98%AA%E5%B8%82%E4%B8%AD%E5%A4%AE%E5%8C%BA%E5%86%85%E5%B9%B3%E9%87%8E%E7%94%BA1-4-6%20%E3%83%B4%E3%82%A3%E3%83%B4%E3%82%A1%E3%83%BC%E3%83%81%E3%82%A7%20%E5%A4%A7%E6%89%8B%E5%89%8D%201F,34.6871244,135.5153457,2022,スイーツ WEST,sweets_west,発表日：2022年10月20日
セイイチロウ ニシゾノ,大阪府大阪市西区京町堀1-12-25,食べログ スイーツ WEST 百名店 2022,https://tabelog.com/osaka/A2701/A270102/27082393/,,https://www.google.com/maps/search/?api=1&query=%E3%82%BB%E3%82%A4%E3%82%A4%E3%83%81%E3%83%AD%E3%82%A6%20%E3%83%8B%E3%82%B7%E3%82%BE%E3%83%8E%20%E5%A4%A7%E9%98%AA%E5%BA%9C%E5%A4%A7%E9%98%AA%E5%B8%82%E8%A5%BF%E5%8C%BA%E4%BA%AC%E7%94%BA%E5%A0%801-12-25,34.6873358,135.4943871,2022,スイーツ WEST,sweets_west,発表日：2022年10月20日
萬御菓子誂處 樫舎,奈良県奈良市中院町22-3,食べログ スイーツ WEST 百名店 2022,https://tabelog.com/nara/A2901/A290101/29002296/,,https://www.google.com/maps/search/?api=1&query=%E8%90%AC%E5%BE%A1%E8%8F%93%E5%AD%90%E8%AA%82%E8%99%95%20%E6%A8%AB%E8%88%8E%20%E5%A5%88%E8%89%AF%E7%9C%8C%E5%A5%88%E8%89%AF%E5%B8%82%E4%B8%AD%E9%99%A2%E7%94%BA22-3,34.6785695,135.8305996,2022,スイーツ WEST,sweets_west,発表日：2022年10月20日
カファレル 神戸北野本店,兵庫県神戸市中央区山本通3-7-29 神戸トアロードビル　1F,食べログ スイーツ WEST 百名店 2022,https://tabelog.com/hyogo/A2801/A280101/28002143/,,https://www.google.com/maps/search/?api=1&query=%E3%82%AB%E3%83%95%E3%82%A1%E3%83%AC%E3%83%AB%20%E7%A5%9E%E6%88%B8%E5%8C%97%E9%87%8E%E6%9C%AC%E5%BA%97%20%E5%85%B5%E5%BA%AB%E7%9C%8C%E7%A5%9E%E6%88%B8%E5%B8%82%E4%B8%AD%E5%A4%AE%E5%8C%BA%E5%B1%B1%E6%9C%AC%E9%80%9A3-7-29%20%E7%A5%9E%E6%88%B8%E3%83%88%E3%82%A2%E3%83%AD%E3%83%BC%E3%83%89%E3%83%93%E3%83%AB%E3%80%801F,34.6960220,135.1869780,2022,スイーツ WEST,sweets_west,発表日：2022年10月20日
御菓子司 聚洸,京都府京都市上京区筋違橋町548-4,食べログ スイーツ WEST 百名店 2022,https://tabelog.com/kyoto/A2601/A260503/26005468/,,https://www.google.com/maps/search/?api=1&query=%E5%BE%A1%E8%8F%93%E5%AD%90%E5%8F%B8%20%E8%81%9A%E6%B4%B8%20%E4%BA%AC%E9%83%BD%E5%BA%9C%E4%BA%AC%E9%83%BD%E5%B8%82%E4%B8%8A%E4%BA%AC%E5%8C%BA%E7%AD%8B%E9%81%95%E6%A9%8B%E7%94%BA548-4,35.0369203,135.7487571,2022,スイーツ WEST,sweets_west,発表日：2022年10月20日
クレープリー・スタンド シャンデレール 梅田店,大阪府大阪市北区鶴野町1-9 梅田ゲートタワー １Ｆ,食べログ スイーツ WEST 百名店 2022,https://tabelog.com/osaka/A2701/A270101/27053125/,,https://www.google.com/maps/search/?api=1&query=%E3%82%AF%E3%83%AC%E3%83%BC%E3%83%97%E3%83%AA%E3%83%BC%E3%83%BB%E3%82%B9%E3%82%BF%E3%83%B3%E3%83%89%20%E3%82%B7%E3%83%A3%E3%83%B3%E3%83%87%E3%83%AC%E3%83%BC%E3%83%AB%20%E6%A2%85%E7%94%B0%E5%BA%97%20%E5%A4%A7%E9%98%AA%E5%BA%9C%E5%A4%A7%E9%98%AA%E5%B8%82%E5%8C%97%E5%8C%BA%E9%B6%B4%E9%87%8E%E7%94%BA1-9%20%E6%A2%85%E7%94%B0%E3%82%B2%E3%83%BC%E3%83%88%E3%82%BF%E3%83%AF%E3%83%BC%20%EF%BC%91%EF%BC%A6,34.7068024,135.5009212,2022,スイーツ WEST,sweets_west,発表日：2022年10月20日
みつばち,京都府京都市上京区河原町今出川下ル梶井町448-60,食べログ スイーツ WEST 百名店 2022,https://tabelog.com/kyoto/A2601/A260302/26002128/,,https://www.google.com/maps/search/?api=1&query=%E3%81%BF%E3%81%A4%E3%81%B0%E3%81%A1%20%E4%BA%AC%E9%83%BD%E5%BA%9C%E4%BA%AC%E9%83%BD%E5%B8%82%E4%B8%8A%E4%BA%AC%E5%8C%BA%E6%B2%B3%E5%8E%9F%E7%94%BA%E4%BB%8A%E5%87%BA%E5%B7%9D%E4%B8%8B%E3%83%AB%E6%A2%B6%E4%BA%95%E7%94%BA448-60,35.0279961,135.7696391,2022,スイーツ WEST,sweets_west,発表日：2022年10月20日
エシレ・マルシェ オ ブール,大阪府大阪市北区角田町8-7 阪急うめだ本店 B2F,食べログ スイーツ WEST 百名店 2022,https://tabelog.com/osaka/A2701/A270101/27068734/,,https://www.google.com/maps/search/?api=1&query=%E3%82%A8%E3%82%B7%E3%83%AC%E3%83%BB%E3%83%9E%E3%83%AB%E3%82%B7%E3%82%A7%20%E3%82%AA%20%E3%83%96%E3%83%BC%E3%83%AB%20%E5%A4%A7%E9%98%AA%E5%BA%9C%E5%A4%A7%E9%98%AA%E5%B8%82%E5%8C%97%E5%8C%BA%E8%A7%92%E7%94%B0%E7%94%BA8-7%20%E9%98%AA%E6%80%A5%E3%81%86%E3%82%81%E3%81%A0%E6%9C%AC%E5%BA%97%20B2F,34.7031399,135.4983936,2022,スイーツ WEST,sweets_west,発表日：2022年10月20日
ジョエル,大阪府大阪市中央区北浜4-3-1 淀屋橋odona １Ｆ,食べログ スイーツ WEST 百名店 2022,https://tabelog.com/osaka/A2701/A270102/27015193/,,https://www.google.com/maps/search/?api=1&query=%E3%82%B8%E3%83%A7%E3%82%A8%E3%83%AB%20%E5%A4%A7%E9%98%AA%E5%BA%9C%E5%A4%A7%E9%98%AA%E5%B8%82%E4%B8%AD%E5%A4%AE%E5%8C%BA%E5%8C%97%E6%B5%9C4-3-1%20%E6%B7%80%E5%B1%8B%E6%A9%8Bodona%20%EF%BC%91%EF%BC%A6,34.6912860,135.5002538,2022,スイーツ WEST,sweets_west,発表日：2022年10月20日
宝泉 JR新幹線京都駅店,京都府京都市下京区東塩小路高倉町8-3 新幹線 JR京都駅 2F,食べログ スイーツ WEST 百名店 2022,https://tabelog.com/kyoto/A2601/A260101/26006790/,,https://www.google.com/maps/search/?api=1&query=%E5%AE%9D%E6%B3%89%20JR%E6%96%B0%E5%B9%B9%E7%B7%9A%E4%BA%AC%E9%83%BD%E9%A7%85%E5%BA%97%20%E4%BA%AC%E9%83%BD%E5%BA%9C%E4%BA%AC%E9%83%BD%E5%B8%82%E4%B8%8B%E4%BA%AC%E5%8C%BA%E6%9D%B1%E5%A1%A9%E5%B0%8F%E8%B7%AF%E9%AB%98%E5%80%89%E7%94%BA8-3%20%E6%96%B0%E5%B9%B9%E7%B7%9A%20JR%E4%BA%AC%E9%83%BD%E9%A7%85%202F,34.9847790,135.7590773,2022,スイーツ WEST,sweets_west,発表日：2022年10月20日
大阪浪花家,大阪府大阪市北区中崎1-9-21 平和ビル 1Ｆ,食べログ スイーツ WEST 百名店 2022,https://tabelog.com/osaka/A2701/A270101/27069919/,,https://www.google.com/maps/search/?api=1&query=%E5%A4%A7%E9%98%AA%E6%B5%AA%E8%8A%B1%E5%AE%B6%20%E5%A4%A7%E9%98%AA%E5%BA%9C%E5%A4%A7%E9%98%AA%E5%B8%82%E5%8C%97%E5%8C%BA%E4%B8%AD%E5%B4%8E1-9-21%20%E5%B9%B3%E5%92%8C%E3%83%93%E3%83%AB%201%EF%BC%A6,34.7074864,135.5072267,2022,スイーツ WEST,sweets_west,発表日：2022年10月20日
ドゥブルベ・ボレロ 大阪本町店,大阪府大阪市中央区瓦町4-7-4 南星瓦町ビル 1F,食べログ スイーツ WEST 百名店 2022,https://tabelog.com/osaka/A2701/A270102/27075194/,,https://www.google.com/maps/search/?api=1&query=%E3%83%89%E3%82%A5%E3%83%96%E3%83%AB%E3%83%99%E3%83%BB%E3%83%9C%E3%83%AC%E3%83%AD%20%E5%A4%A7%E9%98%AA%E6%9C%AC%E7%94%BA%E5%BA%97%20%E5%A4%A7%E9%98%AA%E5%BA%9C%E5%A4%A7%E9%98%AA%E5%B8%82%E4%B8%AD%E5%A4%AE%E5%8C%BA%E7%93%A6%E7%94%BA4-7-4%20%E5%8D%97%E6%98%9F%E7%93%A6%E7%94%BA%E3%83%93%E3%83%AB%201F,34.6859668,135.4981817,2022,スイーツ WEST,sweets_west,発表日：2022年10月20日
神馬堂,京都府京都市北区上賀茂御薗口町4,食べログ スイーツ WEST 百名店 2022,https://tabelog.com/kyoto/A2601/A260503/26000370/,,https://www.google.com/maps/search/?api=1&query=%E7%A5%9E%E9%A6%AC%E5%A0%82%20%E4%BA%AC%E9%83%BD%E5%BA%9C%E4%BA%AC%E9%83%BD%E5%B8%82%E5%8C%97%E5%8C%BA%E4%B8%8A%E8%B3%80%E8%8C%82%E5%BE%A1%E8%96%97%E5%8F%A3%E7%94%BA4,35.0579776,135.7515486,2022,スイーツ WEST,sweets_west,発表日：2022年10月20日
加茂みたらし茶屋,京都府京都市左京区下鴨松ノ木町53,食べログ スイーツ WEST 百名店 2022,https://tabelog.com/kyoto/A2601/A260503/26001758/,,https://www.google.com/maps/search/?api=1&query=%E5%8A%A0%E8%8C%82%E3%81%BF%E3%81%9F%E3%82%89%E3%81%97%E8%8C%B6%E5%B1%8B%20%E4%BA%AC%E9%83%BD%E5%BA%9C%E4%BA%AC%E9%83%BD%E5%B8%82%E5%B7%A6%E4%BA%AC%E5%8C%BA%E4%B8%8B%E9%B4%A8%E6%9D%BE%E3%83%8E%E6%9C%A8%E7%94%BA53,35.0396699,135.7707726,2022,スイーツ WEST,sweets_west,発表日：2022年10月20日
シェ・アガタ,京都府宇治市莵道谷下り44-11,食べログ スイーツ WEST 百名店 2022,https://tabelog.com/kyoto/A2607/A260701/26009042/,,https://www.google.com/maps/search/?api=1&query=%E3%82%B7%E3%82%A7%E3%83%BB%E3%82%A2%E3%82%AC%E3%82%BF%20%E4%BA%AC%E9%83%BD%E5%BA%9C%E5%AE%87%E6%B2%BB%E5%B8%82%E8%8E%B5%E9%81%93%E8%B0%B7%E4%B8%8B%E3%82%8A44-11,34.8991419,135.8085857,2022,スイーツ WEST,sweets_west,発表日：2022年10月20日
出入橋きんつば屋,大阪府大阪市北区堂島3-4-10,食べログ スイーツ WEST 百名店 2022,https://tabelog.com/osaka/A2701/A270108/27003802/,,https://www.google.com/maps/search/?api=1&query=%E5%87%BA%E5%85%A5%E6%A9%8B%E3%81%8D%E3%82%93%E3%81%A4%E3%81%B0%E5%B1%8B%20%E5%A4%A7%E9%98%AA%E5%BA%9C%E5%A4%A7%E9%98%AA%E5%B8%82%E5%8C%97%E5%8C%BA%E5%A0%82%E5%B3%B63-4-10,34.6969560,135.4915653,2022,スイーツ WEST,sweets_west,発表日：2022年10月20日
ぎおん徳屋,京都府京都市東山区祇園町南側570-127,食べログ スイーツ WEST 百名店 2022,https://tabelog.com/kyoto/A2601/A260301/26002075/,,https://www.google.com/maps/search/?api=1&query=%E3%81%8E%E3%81%8A%E3%82%93%E5%BE%B3%E5%B1%8B%20%E4%BA%AC%E9%83%BD%E5%BA%9C%E4%BA%AC%E9%83%BD%E5%B8%82%E6%9D%B1%E5%B1%B1%E5%8C%BA%E7%A5%87%E5%9C%92%E7%94%BA%E5%8D%97%E5%81%B4570-127,35.0024930,135.7749270,2022,スイーツ WEST,sweets_west,発表日：2022年10月20日
阿闍梨餅本舗 京菓子司 満月 本店,京都府京都市左京区鞠小路通今出川上ル,食べログ スイーツ WEST 百名店 2022,https://tabelog.com/kyoto/A2601/A260302/26003917/,,https://www.google.com/maps/search/?api=1&query=%E9%98%BF%E9%97%8D%E6%A2%A8%E9%A4%85%E6%9C%AC%E8%88%97%20%E4%BA%AC%E8%8F%93%E5%AD%90%E5%8F%B8%20%E6%BA%80%E6%9C%88%20%E6%9C%AC%E5%BA%97%20%E4%BA%AC%E9%83%BD%E5%BA%9C%E4%BA%AC%E9%83%BD%E5%B8%82%E5%B7%A6%E4%BA%AC%E5%8C%BA%E9%9E%A0%E5%B0%8F%E8%B7%AF%E9%80%9A%E4%BB%8A%E5%87%BA%E5%B7%9D%E4%B8%8A%E3%83%AB,35.0300624,135.7780541,2022,スイーツ WEST,sweets_west,発表日：2022年10月20日
ツマガリ 大丸梅田店,大阪府大阪市北区梅田3-1-1 大丸梅田店 B1F 西,食べログ スイーツ WEST 百名店 2022,https://tabelog.com/osaka/A2701/A270101/27003482/,,https://www.google.com/maps/search/?api=1&query=%E3%83%84%E3%83%9E%E3%82%AC%E3%83%AA%20%E5%A4%A7%E4%B8%B8%E6%A2%85%E7%94%B0%E5%BA%97%20%E5%A4%A7%E9%98%AA%E5%BA%9C%E5%A4%A7%E9%98%AA%E5%B8%82%E5%8C%97%E5%8C%BA%E6%A2%85%E7%94%B03-1-1%20%E5%A4%A7%E4%B8%B8%E6%A2%85%E7%94%B0%E5%BA%97%20B1F%20%E8%A5%BF,34.7017705,135.4960567,2022,スイーツ WEST,sweets_west,発表日：2022年10月20日
パティスリー プラン,兵庫県芦屋市茶屋之町3-3 1F,食べログ スイーツ WEST 百名店 2022,https://tabelog.com/hyogo/A2803/A280302/28005628/,,https://www.google.com/maps/search/?api=1&query=%E3%83%91%E3%83%86%E3%82%A3%E3%82%B9%E3%83%AA%E3%83%BC%20%E3%83%97%E3%83%A9%E3%83%B3%20%E5%85%B5%E5%BA%AB%E7%9C%8C%E8%8A%A6%E5%B1%8B%E5%B8%82%E8%8C%B6%E5%B1%8B%E4%B9%8B%E7%94%BA3-3%201F,34.7314263,135.3072471,2022,スイーツ WEST,sweets_west,発表日：2022年10月20日
なかたに亭,大阪府大阪市天王寺区上本町6-6-27 中川ビル 1F,食べログ スイーツ WEST 百名店 2022,https://tabelog.com/osaka/A2701/A270205/27000953/,,https://www.google.com/maps/search/?api=1&query=%E3%81%AA%E3%81%8B%E3%81%9F%E3%81%AB%E4%BA%AD%20%E5%A4%A7%E9%98%AA%E5%BA%9C%E5%A4%A7%E9%98%AA%E5%B8%82%E5%A4%A9%E7%8E%8B%E5%AF%BA%E5%8C%BA%E4%B8%8A%E6%9C%AC%E7%94%BA6-6-27%20%E4%B8%AD%E5%B7%9D%E3%83%93%E3%83%AB%201F,34.6643638,135.5197295,2022,スイーツ WEST,sweets_west,発表日：2022年10月20日
御菓子司 塩芳軒,京都府京都市上京区黒門通中立売上ル飛騨殿町180,食べログ スイーツ WEST 百名店 2022,https://tabelog.com/kyoto/A2601/A260202/26005963/,,https://www.google.com/maps/search/?api=1&query=%E5%BE%A1%E8%8F%93%E5%AD%90%E5%8F%B8%20%E5%A1%A9%E8%8A%B3%E8%BB%92%20%E4%BA%AC%E9%83%BD%E5%BA%9C%E4%BA%AC%E9%83%BD%E5%B8%82%E4%B8%8A%E4%BA%AC%E5%8C%BA%E9%BB%92%E9%96%80%E9%80%9A%E4%B8%AD%E7%AB%8B%E5%A3%B2%E4%B8%8A%E3%83%AB%E9%A3%9B%E9%A8%A8%E6%AE%BF%E7%94%BA180,35.0252691,135.7497079,2022,スイーツ WEST,sweets_west,発表日：2022年10月20日
一和 一文字屋 和輔,京都府京都市北区紫野今宮町69,食べログ スイーツ WEST 百名店 2022,https://tabelog.com/kyoto/A2601/A260503/26001669/,,https://www.google.com/maps/search/?api=1&query=%E4%B8%80%E5%92%8C%20%E4%B8%80%E6%96%87%E5%AD%97%E5%B1%8B%20%E5%92%8C%E8%BC%94%20%E4%BA%AC%E9%83%BD%E5%BA%9C%E4%BA%AC%E9%83%BD%E5%B8%82%E5%8C%97%E5%8C%BA%E7%B4%AB%E9%87%8E%E4%BB%8A%E5%AE%AE%E7%94%BA69,35.0453499,135.7428039,2022,スイーツ WEST,sweets_west,発表日：2022年10月20日
ラ コリーナ近江八幡,滋賀県近江八幡市北之庄町615-1,食べログ スイーツ WEST 百名店 2022,https://tabelog.com/shiga/A2503/A250301/25007466/,,https://www.google.com/maps/search/?api=1&query=%E3%83%A9%20%E3%82%B3%E3%83%AA%E3%83%BC%E3%83%8A%E8%BF%91%E6%B1%9F%E5%85%AB%E5%B9%A1%20%E6%BB%8B%E8%B3%80%E7%9C%8C%E8%BF%91%E6%B1%9F%E5%85%AB%E5%B9%A1%E5%B8%82%E5%8C%97%E4%B9%8B%E5%BA%84%E7%94%BA615-1,35.1489037,136.0913936,2022,スイーツ WEST,sweets_west,発表日：2022年10月20日
カフェ ラインベック,京都府京都市上京区大宮通中立売上ル石薬師町692,食べログ スイーツ WEST 百名店 2022,https://tabelog.com/kyoto/A2601/A260202/26014941/,,https://www.google.com/maps/search/?api=1&query=%E3%82%AB%E3%83%95%E3%82%A7%20%E3%83%A9%E3%82%A4%E3%83%B3%E3%83%99%E3%83%83%E3%82%AF%20%E4%BA%AC%E9%83%BD%E5%BA%9C%E4%BA%AC%E9%83%BD%E5%B8%82%E4%B8%8A%E4%BA%AC%E5%8C%BA%E5%A4%A7%E5%AE%AE%E9%80%9A%E4%B8%AD%E7%AB%8B%E5%A3%B2%E4%B8%8A%E3%83%AB%E7%9F%B3%E8%96%AC%E5%B8%AB%E7%94%BA692,35.0276108,135.7489122,2022,スイーツ WEST,sweets_west,発表日：2022年10月20日
ガトー・ド・ボワ A LA MAISON,奈良県奈良市西大寺南町1-19-101,食べログ スイーツ WEST 百名店 2022,https://tabelog.com/nara/A2901/A290101/29000134/,,https://www.google.com/maps/search/?api=1&query=%E3%82%AC%E3%83%88%E3%83%BC%E3%83%BB%E3%83%89%E3%83%BB%E3%83%9C%E3%83%AF%20A%20LA%20MAISON%20%E5%A5%88%E8%89%AF%E7%9C%8C%E5%A5%88%E8%89%AF%E5%B8%82%E8%A5%BF%E5%A4%A7%E5%AF%BA%E5%8D%97%E7%94%BA1-19-101,34.6935660,135.7812194,2022,スイーツ WEST,sweets_west,発表日：2022年10月20日
カカオサンパカ 大丸梅田店,大阪府大阪市北区梅田3-1-1 大丸梅田店 7F,食べログ スイーツ WEST 百名店 2022,https://tabelog.com/osaka/A2701/A270101/27055936/,,https://www.google.com/maps/search/?api=1&query=%E3%82%AB%E3%82%AB%E3%82%AA%E3%82%B5%E3%83%B3%E3%83%91%E3%82%AB%20%E5%A4%A7%E4%B8%B8%E6%A2%85%E7%94%B0%E5%BA%97%20%E5%A4%A7%E9%98%AA%E5%BA%9C%E5%A4%A7%E9%98%AA%E5%B8%82%E5%8C%97%E5%8C%BA%E6%A2%85%E7%94%B03-1-1%20%E5%A4%A7%E4%B8%B8%E6%A2%85%E7%94%B0%E5%BA%97%207F,34.7013196,135.4960895,2022,スイーツ WEST,sweets_west,発表日：2022年10月20日
茶菓円山,京都府京都市東山区円山町620-1-2 円山公園内,食べログ スイーツ WEST 百名店 2022,https://tabelog.com/kyoto/A2601/A260301/26024782/,,https://www.google.com/maps/search/?api=1&query=%E8%8C%B6%E8%8F%93%E5%86%86%E5%B1%B1%20%E4%BA%AC%E9%83%BD%E5%BA%9C%E4%BA%AC%E9%83%BD%E5%B8%82%E6%9D%B1%E5%B1%B1%E5%8C%BA%E5%86%86%E5%B1%B1%E7%94%BA620-1-2%20%E5%86%86%E5%B1%B1%E5%85%AC%E5%9C%92%E5%86%85,35.0040055,135.7811890,2022,スイーツ WEST,sweets_west,発表日：2022年10月20日
今西軒,京都府京都市下京区烏丸五条西入ル一筋目下ル横諏訪町312,食べログ スイーツ WEST 百名店 2022,https://tabelog.com/kyoto/A2601/A260201/26002101/,,https://www.google.com/maps/search/?api=1&query=%E4%BB%8A%E8%A5%BF%E8%BB%92%20%E4%BA%AC%E9%83%BD%E5%BA%9C%E4%BA%AC%E9%83%BD%E5%B8%82%E4%B8%8B%E4%BA%AC%E5%8C%BA%E7%83%8F%E4%B8%B8%E4%BA%94%E6%9D%A1%E8%A5%BF%E5%85%A5%E3%83%AB%E4%B8%80%E7%AD%8B%E7%9B%AE%E4%B8%8B%E3%83%AB%E6%A8%AA%E8%AB%8F%E8%A8%AA%E7%94%BA312,34.9954465,135.7589232,2022,スイーツ WEST,sweets_west,発表日：2022年10月20日
PATISSERIE LACROIX,兵庫県伊丹市伊丹2-2-18,食べログ スイーツ WEST 百名店 2022,https://tabelog.com/hyogo/A2803/A280306/28031988/,,https://www.google.com/maps/search/?api=1&query=PATISSERIE%20LACROIX%20%E5%85%B5%E5%BA%AB%E7%9C%8C%E4%BC%8A%E4%B8%B9%E5%B8%82%E4%BC%8A%E4%B8%B92-2-18,34.7809467,135.4193098,2022,スイーツ WEST,sweets_west,発表日：2022年10月20日
パティスリーエス,京都府京都市下京区高辻通室町西入繁昌町300-1 カノン室町四条1 階,食べログ スイーツ WEST 百名店 2022,https://tabelog.com/kyoto/A2601/A260201/26012808/,,https://www.google.com/maps/search/?api=1&query=%E3%83%91%E3%83%86%E3%82%A3%E3%82%B9%E3%83%AA%E3%83%BC%E3%82%A8%E3%82%B9%20%E4%BA%AC%E9%83%BD%E5%BA%9C%E4%BA%AC%E9%83%BD%E5%B8%82%E4%B8%8B%E4%BA%AC%E5%8C%BA%E9%AB%98%E8%BE%BB%E9%80%9A%E5%AE%A4%E7%94%BA%E8%A5%BF%E5%85%A5%E7%B9%81%E6%98%8C%E7%94%BA300-1%20%E3%82%AB%E3%83%8E%E3%83%B3%E5%AE%A4%E7%94%BA%E5%9B%9B%E6%9D%A11%20%E9%9A%8E,35.0002376,135.7574648,2022,スイーツ WEST,sweets_west,発表日：2022年10月20日
二條若狭屋 寺町店,京都府京都市中京区寺町通二条下ル榎木町67,食べログ スイーツ WEST 百名店 2022,https://tabelog.com/kyoto/A2601/A260201/26022589/,,https://www.google.com/maps/search/?api=1&query=%E4%BA%8C%E6%A2%9D%E8%8B%A5%E7%8B%AD%E5%B1%8B%20%E5%AF%BA%E7%94%BA%E5%BA%97%20%E4%BA%AC%E9%83%BD%E5%BA%9C%E4%BA%AC%E9%83%BD%E5%B8%82%E4%B8%AD%E4%BA%AC%E5%8C%BA%E5%AF%BA%E7%94%BA%E9%80%9A%E4%BA%8C%E6%9D%A1%E4%B8%8B%E3%83%AB%E6%A6%8E%E6%9C%A8%E7%94%BA67,35.0135451,135.7673764,2022,スイーツ WEST,sweets_west,発表日：2022年10月20日
サロン・ド・テ・アルション 法善寺本店,大阪府大阪市中央区難波1-6-20,食べログ スイーツ WEST 百名店 2022,https://tabelog.com/osaka/A2701/A270202/27001538/,https://tabelog.com/osaka/A2701/A270202/27001538/?cid=google_yoyaku,https://www.google.com/maps/search/?api=1&query=%E3%82%B5%E3%83%AD%E3%83%B3%E3%83%BB%E3%83%89%E3%83%BB%E3%83%86%E3%83%BB%E3%82%A2%E3%83%AB%E3%82%B7%E3%83%A7%E3%83%B3%20%E6%B3%95%E5%96%84%E5%AF%BA%E6%9C%AC%E5%BA%97%20%E5%A4%A7%E9%98%AA%E5%BA%9C%E5%A4%A7%E9%98%AA%E5%B8%82%E4%B8%AD%E5%A4%AE%E5%8C%BA%E9%9B%A3%E6%B3%A21-6-20,34.6681248,135.5019104,2022,スイーツ WEST,sweets_west,発表日：2022年10月20日
パティシエ エス コヤマ,兵庫県三田市ゆりのき台5-32-1 三田ウッディタウン,食べログ スイーツ WEST 百名店 2022,https://tabelog.com/hyogo/A2807/A280703/28001965/,,https://www.google.com/maps/search/?api=1&query=%E3%83%91%E3%83%86%E3%82%A3%E3%82%B7%E3%82%A8%20%E3%82%A8%E3%82%B9%20%E3%82%B3%E3%83%A4%E3%83%9E%20%E5%85%B5%E5%BA%AB%E7%9C%8C%E4%B8%89%E7%94%B0%E5%B8%82%E3%82%86%E3%82%8A%E3%81%AE%E3%81%8D%E5%8F%B05-32-1%20%E4%B8%89%E7%94%B0%E3%82%A6%E3%83%83%E3%83%87%E3%82%A3%E3%82%BF%E3%82%A6%E3%83%B3,34.9177960,135.1829297,2022,スイーツ WEST,sweets_west,発表日：2022年10月20日
ショコラティエ パレ ド オール 大阪,大阪府大阪市北区梅田2-2-22 ハービスPLAZA ENT 4F,食べログ スイーツ WEST 百名店 2022,https://tabelog.com/osaka/A2701/A270101/27003190/,,https://www.google.com/maps/search/?api=1&query=%E3%82%B7%E3%83%A7%E3%82%B3%E3%83%A9%E3%83%86%E3%82%A3%E3%82%A8%20%E3%83%91%E3%83%AC%20%E3%83%89%20%E3%82%AA%E3%83%BC%E3%83%AB%20%E5%A4%A7%E9%98%AA%20%E5%A4%A7%E9%98%AA%E5%BA%9C%E5%A4%A7%E9%98%AA%E5%B8%82%E5%8C%97%E5%8C%BA%E6%A2%85%E7%94%B02-2-22%20%E3%83%8F%E3%83%BC%E3%83%93%E3%82%B9PLAZA%20ENT%204F,34.7001863,135.4950192,2022,スイーツ WEST,sweets_west,発表日：2022年10月20日
京都宇治金時や,京都府京都市東山区白糸町569-10,食べログ スイーツ WEST 百名店 2022,https://tabelog.com/kyoto/A2601/A260301/26036014/,,https://www.google.com/maps/search/?api=1&query=%E4%BA%AC%E9%83%BD%E5%AE%87%E6%B2%BB%E9%87%91%E6%99%82%E3%82%84%20%E4%BA%AC%E9%83%BD%E5%BA%9C%E4%BA%AC%E9%83%BD%E5%B8%82%E6%9D%B1%E5%B1%B1%E5%8C%BA%E7%99%BD%E7%B3%B8%E7%94%BA569-10,34.9947699,135.7774981,2022,スイーツ WEST,sweets_west,発表日：2022年10月20日
パティシエ・エイジ・ニッタ,兵庫県西宮市北口町8-15,食べログ スイーツ WEST 百名店 2022,https://tabelog.com/hyogo/A2803/A280301/28002149/,,https://www.google.com/maps/search/?api=1&query=%E3%83%91%E3%83%86%E3%82%A3%E3%82%B7%E3%82%A8%E3%83%BB%E3%82%A8%E3%82%A4%E3%82%B8%E3%83%BB%E3%83%8B%E3%83%83%E3%82%BF%20%E5%85%B5%E5%BA%AB%E7%9C%8C%E8%A5%BF%E5%AE%AE%E5%B8%82%E5%8C%97%E5%8F%A3%E7%94%BA8-15,34.7483596,135.3573340,2022,スイーツ WEST,sweets_west,発表日：2022年10月20日
フルーツパーラーヤオイソ,京都府京都市下京区四条大宮東立中町496,食べログ スイーツ WEST 百名店 2022,https://tabelog.com/kyoto/A2601/A260203/26022444/,,https://www.google.com/maps/search/?api=1&query=%E3%83%95%E3%83%AB%E3%83%BC%E3%83%84%E3%83%91%E3%83%BC%E3%83%A9%E3%83%BC%E3%83%A4%E3%82%AA%E3%82%A4%E3%82%BD%20%E4%BA%AC%E9%83%BD%E5%BA%9C%E4%BA%AC%E9%83%BD%E5%B8%82%E4%B8%8B%E4%BA%AC%E5%8C%BA%E5%9B%9B%E6%9D%A1%E5%A4%A7%E5%AE%AE%E6%9D%B1%E7%AB%8B%E4%B8%AD%E7%94%BA496,35.0035129,135.7500706,2022,スイーツ WEST,sweets_west,発表日：2022年10月20日
緑寿庵清水,京都府京都市左京区吉田泉殿町38番地の2,食べログ スイーツ WEST 百名店 2022,https://tabelog.com/kyoto/A2601/A260302/26005325/,,https://www.google.com/maps/search/?api=1&query=%E7%B7%91%E5%AF%BF%E5%BA%B5%E6%B8%85%E6%B0%B4%20%E4%BA%AC%E9%83%BD%E5%BA%9C%E4%BA%AC%E9%83%BD%E5%B8%82%E5%B7%A6%E4%BA%AC%E5%8C%BA%E5%90%89%E7%94%B0%E6%B3%89%E6%AE%BF%E7%94%BA38%E7%95%AA%E5%9C%B0%E3%81%AE2,35.0280659,135.7772272,2022,スイーツ WEST,sweets_west,発表日：2022年10月20日
ジェラテリア チルコドーロ,大阪府大阪市中央区谷町7丁目3-4 新谷町第三ビル114,食べログ スイーツ WEST 百名店 2022,https://tabelog.com/osaka/A2701/A270204/27009531/,,https://www.google.com/maps/search/?api=1&query=%E3%82%B8%E3%82%A7%E3%83%A9%E3%83%86%E3%83%AA%E3%82%A2%20%E3%83%81%E3%83%AB%E3%82%B3%E3%83%89%E3%83%BC%E3%83%AD%20%E5%A4%A7%E9%98%AA%E5%BA%9C%E5%A4%A7%E9%98%AA%E5%B8%82%E4%B8%AD%E5%A4%AE%E5%8C%BA%E8%B0%B7%E7%94%BA7%E4%B8%81%E7%9B%AE3-4%20%E6%96%B0%E8%B0%B7%E7%94%BA%E7%AC%AC%E4%B8%89%E3%83%93%E3%83%AB114,34.6720847,135.5164912,2022,スイーツ WEST,sweets_west,発表日：2022年10月20日
茶房いせはん,京都府京都市上京区青龍町242,食べログ スイーツ WEST 百名店 2022,https://tabelog.com/kyoto/A2601/A260302/26001023/,,https://www.google.com/maps/search/?api=1&query=%E8%8C%B6%E6%88%BF%E3%81%84%E3%81%9B%E3%81%AF%E3%82%93%20%E4%BA%AC%E9%83%BD%E5%BA%9C%E4%BA%AC%E9%83%BD%E5%B8%82%E4%B8%8A%E4%BA%AC%E5%8C%BA%E9%9D%92%E9%BE%8D%E7%94%BA242,35.0298819,135.7701716,2022,スイーツ WEST,sweets_west,発表日：2022年10月20日
コム・シノワ 高島屋大阪店,大阪府大阪市中央区難波5-1-5 大阪タカシマヤ B1F,食べログ スイーツ WEST 百名店 2022,https://tabelog.com/osaka/A2701/A270202/27014893/,,https://www.google.com/maps/search/?api=1&query=%E3%82%B3%E3%83%A0%E3%83%BB%E3%82%B7%E3%83%8E%E3%83%AF%20%E9%AB%98%E5%B3%B6%E5%B1%8B%E5%A4%A7%E9%98%AA%E5%BA%97%20%E5%A4%A7%E9%98%AA%E5%BA%9C%E5%A4%A7%E9%98%AA%E5%B8%82%E4%B8%AD%E5%A4%AE%E5%8C%BA%E9%9B%A3%E6%B3%A25-1-5%20%E5%A4%A7%E9%98%AA%E3%82%BF%E3%82%AB%E3%82%B7%E3%83%9E%E3%83%A4%20B1F,34.6642946,135.5014915,2022,スイーツ WEST,sweets_west,発表日：2022年10月20日
祇園きなな 本店,京都府京都市東山区祇園町南側570-119,食べログ スイーツ WEST 百名店 2022,https://tabelog.com/kyoto/A2601/A260301/26002500/,,https://www.google.com/maps/search/?api=1&query=%E7%A5%87%E5%9C%92%E3%81%8D%E3%81%AA%E3%81%AA%20%E6%9C%AC%E5%BA%97%20%E4%BA%AC%E9%83%BD%E5%BA%9C%E4%BA%AC%E9%83%BD%E5%B8%82%E6%9D%B1%E5%B1%B1%E5%8C%BA%E7%A5%87%E5%9C%92%E7%94%BA%E5%8D%97%E5%81%B4570-119,35.0023370,135.7742943,2022,スイーツ WEST,sweets_west,発表日：2022年10月20日
ミキ フルーツ カフェ,大阪府大阪市西区北堀江2-2-12 アジル北堀江 　1F,食べログ スイーツ WEST 百名店 2022,https://tabelog.com/osaka/A2701/A270201/27012996/,,https://www.google.com/maps/search/?api=1&query=%E3%83%9F%E3%82%AD%20%E3%83%95%E3%83%AB%E3%83%BC%E3%83%84%20%E3%82%AB%E3%83%95%E3%82%A7%20%E5%A4%A7%E9%98%AA%E5%BA%9C%E5%A4%A7%E9%98%AA%E5%B8%82%E8%A5%BF%E5%8C%BA%E5%8C%97%E5%A0%80%E6%B1%9F2-2-12%20%E3%82%A2%E3%82%B8%E3%83%AB%E5%8C%97%E5%A0%80%E6%B1%9F%20%E3%80%801F,34.6743345,135.4926904,2022,スイーツ WEST,sweets_west,発表日：2022年10月20日
亀末廣,京都府京都市中京区姉小路車屋町東入ル車屋町251,食べログ スイーツ WEST 百名店 2022,https://tabelog.com/kyoto/A2601/A260202/26000641/,,https://www.google.com/maps/search/?api=1&query=%E4%BA%80%E6%9C%AB%E5%BB%A3%20%E4%BA%AC%E9%83%BD%E5%BA%9C%E4%BA%AC%E9%83%BD%E5%B8%82%E4%B8%AD%E4%BA%AC%E5%8C%BA%E5%A7%89%E5%B0%8F%E8%B7%AF%E8%BB%8A%E5%B1%8B%E7%94%BA%E6%9D%B1%E5%85%A5%E3%83%AB%E8%BB%8A%E5%B1%8B%E7%94%BA251,35.0099357,135.7603780,2022,スイーツ WEST,sweets_west,発表日：2022年10月20日
本家月餅家直正,京都府京都市中京区木屋町通三条上ル上大阪町530,食べログ スイーツ WEST 百名店 2022,https://tabelog.com/kyoto/A2601/A260202/26002393/,,https://www.google.com/maps/search/?api=1&query=%E6%9C%AC%E5%AE%B6%E6%9C%88%E9%A4%85%E5%AE%B6%E7%9B%B4%E6%AD%A3%20%E4%BA%AC%E9%83%BD%E5%BA%9C%E4%BA%AC%E9%83%BD%E5%B8%82%E4%B8%AD%E4%BA%AC%E5%8C%BA%E6%9C%A8%E5%B1%8B%E7%94%BA%E9%80%9A%E4%B8%89%E6%9D%A1%E4%B8%8A%E3%83%AB%E4%B8%8A%E5%A4%A7%E9%98%AA%E7%94%BA530,35.0094360,135.7706372,2022,スイーツ WEST,sweets_west,発表日：2022年10月20日
グラン・ヴァニーユ,京都府京都市中京区間之町二条下ル鍵屋町486,食べログ スイーツ WEST 百名店 2022,https://tabelog.com/kyoto/A2601/A260202/26017389/,,https://www.google.com/maps/search/?api=1&query=%E3%82%B0%E3%83%A9%E3%83%B3%E3%83%BB%E3%83%B4%E3%82%A1%E3%83%8B%E3%83%BC%E3%83%A6%20%E4%BA%AC%E9%83%BD%E5%BA%9C%E4%BA%AC%E9%83%BD%E5%B8%82%E4%B8%AD%E4%BA%AC%E5%8C%BA%E9%96%93%E4%B9%8B%E7%94%BA%E4%BA%8C%E6%9D%A1%E4%B8%8B%E3%83%AB%E9%8D%B5%E5%B1%8B%E7%94%BA486,35.0126930,135.7618397,2022,スイーツ WEST,sweets_west,発表日：2022年10月20日
デリチュース  箕面本店,大阪府箕面市小野原西6-14-22,食べログ スイーツ WEST 百名店 2022,https://tabelog.com/osaka/A2706/A270603/27004930/,,https://www.google.com/maps/search/?api=1&query=%E3%83%87%E3%83%AA%E3%83%81%E3%83%A5%E3%83%BC%E3%82%B9%20%20%E7%AE%95%E9%9D%A2%E6%9C%AC%E5%BA%97%20%E5%A4%A7%E9%98%AA%E5%BA%9C%E7%AE%95%E9%9D%A2%E5%B8%82%E5%B0%8F%E9%87%8E%E5%8E%9F%E8%A5%BF6-14-22,34.8283917,135.5156496,2022,スイーツ WEST,sweets_west,発表日：2022年10月20日
梅田 ミックスジュース 本店,大阪府大阪市北区梅田3 大阪駅前地下街6号,食べログ スイーツ WEST 百名店 2022,https://tabelog.com/osaka/A2701/A270101/27013772/,,https://www.google.com/maps/search/?api=1&query=%E6%A2%85%E7%94%B0%20%E3%83%9F%E3%83%83%E3%82%AF%E3%82%B9%E3%82%B8%E3%83%A5%E3%83%BC%E3%82%B9%20%E6%9C%AC%E5%BA%97%20%E5%A4%A7%E9%98%AA%E5%BA%9C%E5%A4%A7%E9%98%AA%E5%B8%82%E5%8C%97%E5%8C%BA%E6%A2%85%E7%94%B03%20%E5%A4%A7%E9%98%AA%E9%A7%85%E5%89%8D%E5%9C%B0%E4%B8%8B%E8%A1%976%E5%8F%B7,34.7016074,135.4981633,2022,スイーツ WEST,sweets_west,発表日：2022年10月20日
レ・グーテ,大阪府大阪市西区京町堀1-14-28 UTSUBO+2 1F,食べログ スイーツ WEST 百名店 2022,https://tabelog.com/osaka/A2701/A270102/27052440/,,https://www.google.com/maps/search/?api=1&query=%E3%83%AC%E3%83%BB%E3%82%B0%E3%83%BC%E3%83%86%20%E5%A4%A7%E9%98%AA%E5%BA%9C%E5%A4%A7%E9%98%AA%E5%B8%82%E8%A5%BF%E5%8C%BA%E4%BA%AC%E7%94%BA%E5%A0%801-14-28%20UTSUBO%2B2%201F,34.6862290,135.4936640,2022,スイーツ WEST,sweets_west,発表日：2022年10月20日
御菓子司 中村軒,京都府京都市西京区桂浅原町61,食べログ スイーツ WEST 百名店 2022,https://tabelog.com/kyoto/A2601/A260401/26001883/,,https://www.google.com/maps/search/?api=1&query=%E5%BE%A1%E8%8F%93%E5%AD%90%E5%8F%B8%20%E4%B8%AD%E6%9D%91%E8%BB%92%20%E4%BA%AC%E9%83%BD%E5%BA%9C%E4%BA%AC%E9%83%BD%E5%B8%82%E8%A5%BF%E4%BA%AC%E5%8C%BA%E6%A1%82%E6%B5%85%E5%8E%9F%E7%94%BA61,34.9829552,135.7115693,2022,スイーツ WEST,sweets_west,発表日：2022年10月20日
パティスリー アクイユ,大阪府大阪市西区北堀江1-17-18 102,食べログ スイーツ WEST 百名店 2022,https://tabelog.com/osaka/A2701/A270201/27079456/,,https://www.google.com/maps/search/?api=1&query=%E3%83%91%E3%83%86%E3%82%A3%E3%82%B9%E3%83%AA%E3%83%BC%20%E3%82%A2%E3%82%AF%E3%82%A4%E3%83%A6%20%E5%A4%A7%E9%98%AA%E5%BA%9C%E5%A4%A7%E9%98%AA%E5%B8%82%E8%A5%BF%E5%8C%BA%E5%8C%97%E5%A0%80%E6%B1%9F1-17-18%20102,34.6744510,135.4944867,2022,スイーツ WEST,sweets_west,発表日：2022年10月20日
餅匠しづく 新町店,大阪府大阪市西区新町1-17-17 新町ハウス 1F,食べログ スイーツ WEST 百名店 2022,https://tabelog.com/osaka/A2701/A270201/27024632/,,https://www.google.com/maps/search/?api=1&query=%E9%A4%85%E5%8C%A0%E3%81%97%E3%81%A5%E3%81%8F%20%E6%96%B0%E7%94%BA%E5%BA%97%20%E5%A4%A7%E9%98%AA%E5%BA%9C%E5%A4%A7%E9%98%AA%E5%B8%82%E8%A5%BF%E5%8C%BA%E6%96%B0%E7%94%BA1-17-17%20%E6%96%B0%E7%94%BA%E3%83%8F%E3%82%A6%E3%82%B9%201F,34.6776136,135.4943379,2022,スイーツ WEST,sweets_west,発表日：2022年10月20日
茶寮 宝泉,京都府京都市左京区下鴨西高木町25,食べログ スイーツ WEST 百名店 2022,https://tabelog.com/kyoto/A2601/A260503/26001872/,,https://www.google.com/maps/search/?api=1&query=%E8%8C%B6%E5%AF%AE%20%E5%AE%9D%E6%B3%89%20%E4%BA%AC%E9%83%BD%E5%BA%9C%E4%BA%AC%E9%83%BD%E5%B8%82%E5%B7%A6%E4%BA%AC%E5%8C%BA%E4%B8%8B%E9%B4%A8%E8%A5%BF%E9%AB%98%E6%9C%A8%E7%94%BA25,35.0432077,135.7742617,2022,スイーツ WEST,sweets_west,発表日：2022年10月20日
ル・ピノー 北堀江本店,大阪府大阪市西区北堀江2-4-12 メゾンドエルキタホリエ　1Ｆ,食べログ スイーツ WEST 百名店 2022,https://tabelog.com/osaka/A2701/A270201/27001030/,,https://www.google.com/maps/search/?api=1&query=%E3%83%AB%E3%83%BB%E3%83%94%E3%83%8E%E3%83%BC%20%E5%8C%97%E5%A0%80%E6%B1%9F%E6%9C%AC%E5%BA%97%20%E5%A4%A7%E9%98%AA%E5%BA%9C%E5%A4%A7%E9%98%AA%E5%B8%82%E8%A5%BF%E5%8C%BA%E5%8C%97%E5%A0%80%E6%B1%9F2-4-12%20%E3%83%A1%E3%82%BE%E3%83%B3%E3%83%89%E3%82%A8%E3%83%AB%E3%82%AD%E3%82%BF%E3%83%9B%E3%83%AA%E3%82%A8%E3%80%801%EF%BC%A6,34.6728234,135.4921558,2022,スイーツ WEST,sweets_west,発表日：2022年10月20日
松竹堂 吹田山田本店,大阪府吹田市山田東2-36-2,食べログ スイーツ WEST 百名店 2022,https://tabelog.com/osaka/A2706/A270602/27003885/,,https://www.google.com/maps/search/?api=1&query=%E6%9D%BE%E7%AB%B9%E5%A0%82%20%E5%90%B9%E7%94%B0%E5%B1%B1%E7%94%B0%E6%9C%AC%E5%BA%97%20%E5%A4%A7%E9%98%AA%E5%BA%9C%E5%90%B9%E7%94%B0%E5%B8%82%E5%B1%B1%E7%94%B0%E6%9D%B12-36-2,34.7988021,135.5289449,2022,スイーツ WEST,sweets_west,発表日：2022年10月20日
玉製家,大阪府大阪市中央区千日前1-4-4,食べログ スイーツ WEST 百名店 2022,https://tabelog.com/osaka/A2701/A270202/27001576/,,https://www.google.com/maps/search/?api=1&query=%E7%8E%89%E8%A3%BD%E5%AE%B6%20%E5%A4%A7%E9%98%AA%E5%BA%9C%E5%A4%A7%E9%98%AA%E5%B8%82%E4%B8%AD%E5%A4%AE%E5%8C%BA%E5%8D%83%E6%97%A5%E5%89%8D1-4-4,34.6673074,135.5050983,2022,スイーツ WEST,sweets_west,発表日：2022年10月20日
嘯月,京都府京都市北区紫野上柳町6,食べログ スイーツ WEST 百名店 2022,https://tabelog.com/kyoto/A2601/A260503/26001672/,,https://www.google.com/maps/search/?api=1&query=%E5%98%AF%E6%9C%88%20%E4%BA%AC%E9%83%BD%E5%BA%9C%E4%BA%AC%E9%83%BD%E5%B8%82%E5%8C%97%E5%8C%BA%E7%B4%AB%E9%87%8E%E4%B8%8A%E6%9F%B3%E7%94%BA6,35.0443940,135.7526037,2022,スイーツ WEST,sweets_west,発表日：2022年10月20日
マツシタキッチン,大阪府大阪市東成区東小橋1-18-32,食べログ スイーツ WEST 百名店 2022,https://tabelog.com/osaka/A2701/A270204/27066981/,,https://www.google.com/maps/search/?api=1&query=%E3%83%9E%E3%83%84%E3%82%B7%E3%82%BF%E3%82%AD%E3%83%83%E3%83%81%E3%83%B3%20%E5%A4%A7%E9%98%AA%E5%BA%9C%E5%A4%A7%E9%98%AA%E5%B8%82%E6%9D%B1%E6%88%90%E5%8C%BA%E6%9D%B1%E5%B0%8F%E6%A9%8B1-18-32,34.6717546,135.5329794,2022,スイーツ WEST,sweets_west,発表日：2022年10月20日
川端道喜,京都府京都市左京区下鴨南野々神町2-12,食べログ スイーツ WEST 百名店 2022,https://tabelog.com/kyoto/A2601/A260503/26001766/,,https://www.google.com/maps/search/?api=1&query=%E5%B7%9D%E7%AB%AF%E9%81%93%E5%96%9C%20%E4%BA%AC%E9%83%BD%E5%BA%9C%E4%BA%AC%E9%83%BD%E5%B8%82%E5%B7%A6%E4%BA%AC%E5%8C%BA%E4%B8%8B%E9%B4%A8%E5%8D%97%E9%87%8E%E3%80%85%E7%A5%9E%E7%94%BA2-12,35.0512783,135.7703893,2022,スイーツ WEST,sweets_west,発表日：2022年10月20日
ひつじ,京都府京都市中京区大炊町355-1,食べログ スイーツ WEST 百名店 2022,https://tabelog.com/kyoto/A2601/A260202/26018786/,,https://www.google.com/maps/search/?api=1&query=%E3%81%B2%E3%81%A4%E3%81%98%20%E4%BA%AC%E9%83%BD%E5%BA%9C%E4%BA%AC%E9%83%BD%E5%B8%82%E4%B8%AD%E4%BA%AC%E5%8C%BA%E5%A4%A7%E7%82%8A%E7%94%BA355-1,35.0150054,135.7649518,2022,スイーツ WEST,sweets_west,発表日：2022年10月20日
村上開新堂,京都府京都市中京区常盤木町62,食べログ スイーツ WEST 百名店 2022,https://tabelog.com/kyoto/A2601/A260201/26004753/,,https://www.google.com/maps/search/?api=1&query=%E6%9D%91%E4%B8%8A%E9%96%8B%E6%96%B0%E5%A0%82%20%E4%BA%AC%E9%83%BD%E5%BA%9C%E4%BA%AC%E9%83%BD%E5%B8%82%E4%B8%AD%E4%BA%AC%E5%8C%BA%E5%B8%B8%E7%9B%A4%E6%9C%A8%E7%94%BA62,35.0138122,135.7675051,2022,スイーツ WEST,sweets_west,発表日：2022年10月20日
京菓子司 松寿軒,京都府京都市東山区松原通大和大路西入弓矢町19-12,食べログ スイーツ WEST 百名店 2022,https://tabelog.com/kyoto/A2601/A260301/26009387/,,https://www.google.com/maps/search/?api=1&query=%E4%BA%AC%E8%8F%93%E5%AD%90%E5%8F%B8%20%E6%9D%BE%E5%AF%BF%E8%BB%92%20%E4%BA%AC%E9%83%BD%E5%BA%9C%E4%BA%AC%E9%83%BD%E5%B8%82%E6%9D%B1%E5%B1%B1%E5%8C%BA%E6%9D%BE%E5%8E%9F%E9%80%9A%E5%A4%A7%E5%92%8C%E5%A4%A7%E8%B7%AF%E8%A5%BF%E5%85%A5%E5%BC%93%E7%9F%A2%E7%94%BA19-12,34.9986955,135.7714870,2022,スイーツ WEST,sweets_west,発表日：2022年10月20日
ドゥブルベ・ボレロ 守山本店,滋賀県守山市播磨田町48-4,食べログ スイーツ WEST 百名店 2022,https://tabelog.com/shiga/A2502/A250203/25000747/,,https://www.google.com/maps/search/?api=1&query=%E3%83%89%E3%82%A5%E3%83%96%E3%83%AB%E3%83%99%E3%83%BB%E3%83%9C%E3%83%AC%E3%83%AD%20%E5%AE%88%E5%B1%B1%E6%9C%AC%E5%BA%97%20%E6%BB%8B%E8%B3%80%E7%9C%8C%E5%AE%88%E5%B1%B1%E5%B8%82%E6%92%AD%E7%A3%A8%E7%94%B0%E7%94%BA48-4,35.0658008,135.9979127,2022,スイーツ WEST,sweets_west,発表日：2022年10月20日
鍵善良房 四条本店,京都府京都市東山区祇園町北側264,食べログ スイーツ WEST 百名店 2022,https://tabelog.com/kyoto/A2601/A260301/26001887/,,https://www.google.com/maps/search/?api=1&query=%E9%8D%B5%E5%96%84%E8%89%AF%E6%88%BF%20%E5%9B%9B%E6%9D%A1%E6%9C%AC%E5%BA%97%20%E4%BA%AC%E9%83%BD%E5%BA%9C%E4%BA%AC%E9%83%BD%E5%B8%82%E6%9D%B1%E5%B1%B1%E5%8C%BA%E7%A5%87%E5%9C%92%E7%94%BA%E5%8C%97%E5%81%B4264,35.0039783,135.7747529,2022,スイーツ WEST,sweets_west,発表日：2022年10月20日
大極殿本舗 六角店,京都府京都市中京区六角通高倉東入ル南側堀之上町120,食べログ スイーツ WEST 百名店 2022,https://tabelog.com/kyoto/A2601/A260202/26004652/,,https://www.google.com/maps/search/?api=1&query=%E5%A4%A7%E6%A5%B5%E6%AE%BF%E6%9C%AC%E8%88%97%20%E5%85%AD%E8%A7%92%E5%BA%97%20%E4%BA%AC%E9%83%BD%E5%BA%9C%E4%BA%AC%E9%83%BD%E5%B8%82%E4%B8%AD%E4%BA%AC%E5%8C%BA%E5%85%AD%E8%A7%92%E9%80%9A%E9%AB%98%E5%80%89%E6%9D%B1%E5%85%A5%E3%83%AB%E5%8D%97%E5%81%B4%E5%A0%80%E4%B9%8B%E4%B8%8A%E7%94%BA120,35.0072836,135.7629579,2022,スイーツ WEST,sweets_west,発表日：2022年10月20日
アッサンブラージュ カキモト,京都府京都市中京区竹屋町通寺町西入ル松本町587-5,食べログ スイーツ WEST 百名店 2022,https://tabelog.com/kyoto/A2601/A260202/26027283/,,https://www.google.com/maps/search/?api=1&query=%E3%82%A2%E3%83%83%E3%82%B5%E3%83%B3%E3%83%96%E3%83%A9%E3%83%BC%E3%82%B8%E3%83%A5%20%E3%82%AB%E3%82%AD%E3%83%A2%E3%83%88%20%E4%BA%AC%E9%83%BD%E5%BA%9C%E4%BA%AC%E9%83%BD%E5%B8%82%E4%B8%AD%E4%BA%AC%E5%8C%BA%E7%AB%B9%E5%B1%8B%E7%94%BA%E9%80%9A%E5%AF%BA%E7%94%BA%E8%A5%BF%E5%85%A5%E3%83%AB%E6%9D%BE%E6%9C%AC%E7%94%BA587-5,35.0161412,135.7667252,2022,スイーツ WEST,sweets_west,発表日：2022年10月20日
サロン・ド・ロワイヤル 京都店,京都府京都市中京区木屋町通り御池上ル上樵木町502 1F,食べログ スイーツ WEST 百名店 2022,https://tabelog.com/kyoto/A2601/A260202/26021798/,,https://www.google.com/maps/search/?api=1&query=%E3%82%B5%E3%83%AD%E3%83%B3%E3%83%BB%E3%83%89%E3%83%BB%E3%83%AD%E3%83%AF%E3%82%A4%E3%83%A4%E3%83%AB%20%E4%BA%AC%E9%83%BD%E5%BA%97%20%E4%BA%AC%E9%83%BD%E5%BA%9C%E4%BA%AC%E9%83%BD%E5%B8%82%E4%B8%AD%E4%BA%AC%E5%8C%BA%E6%9C%A8%E5%B1%8B%E7%94%BA%E9%80%9A%E3%82%8A%E5%BE%A1%E6%B1%A0%E4%B8%8A%E3%83%AB%E4%B8%8A%E6%A8%B5%E6%9C%A8%E7%94%BA502%201F,35.0114204,135.7711246,2022,スイーツ WEST,sweets_west,発表日：2022年10月20日
マリベル 京都本店,京都府京都市中京区柳馬場三条下ル槌屋町83番地,食べログ スイーツ WEST 百名店 2022,https://tabelog.com/kyoto/A2601/A260202/26019937/,,https://www.google.com/maps/search/?api=1&query=%E3%83%9E%E3%83%AA%E3%83%99%E3%83%AB%20%E4%BA%AC%E9%83%BD%E6%9C%AC%E5%BA%97%20%E4%BA%AC%E9%83%BD%E5%BA%9C%E4%BA%AC%E9%83%BD%E5%B8%82%E4%B8%AD%E4%BA%AC%E5%8C%BA%E6%9F%B3%E9%A6%AC%E5%A0%B4%E4%B8%89%E6%9D%A1%E4%B8%8B%E3%83%AB%E6%A7%8C%E5%B1%8B%E7%94%BA83%E7%95%AA%E5%9C%B0,35.0083131,135.7638967,2022,スイーツ WEST,sweets_west,発表日：2022年10月20日
ツマガリ 甲陽園本店,兵庫県西宮市甲陽園本庄町6-38,食べログ スイーツ WEST 百名店 2022,https://tabelog.com/hyogo/A2803/A280301/28001357/,,https://www.google.com/maps/search/?api=1&query=%E3%83%84%E3%83%9E%E3%82%AC%E3%83%AA%20%E7%94%B2%E9%99%BD%E5%9C%92%E6%9C%AC%E5%BA%97%20%E5%85%B5%E5%BA%AB%E7%9C%8C%E8%A5%BF%E5%AE%AE%E5%B8%82%E7%94%B2%E9%99%BD%E5%9C%92%E6%9C%AC%E5%BA%84%E7%94%BA6-38,34.7617611,135.3303111,2022,スイーツ WEST,sweets_west,発表日：2022年10月20日
パティスリー ショコラトリー オーディネール,大阪府大阪市西区南堀江2-4-16 ファヴール南堀江 1F,食べログ スイーツ WEST 百名店 2022,https://tabelog.com/osaka/A2701/A270201/27076593/,,https://www.google.com/maps/search/?api=1&query=%E3%83%91%E3%83%86%E3%82%A3%E3%82%B9%E3%83%AA%E3%83%BC%20%E3%82%B7%E3%83%A7%E3%82%B3%E3%83%A9%E3%83%88%E3%83%AA%E3%83%BC%20%E3%82%AA%E3%83%BC%E3%83%87%E3%82%A3%E3%83%8D%E3%83%BC%E3%83%AB%20%E5%A4%A7%E9%98%AA%E5%BA%9C%E5%A4%A7%E9%98%AA%E5%B8%82%E8%A5%BF%E5%8C%BA%E5%8D%97%E5%A0%80%E6%B1%9F2-4-16%20%E3%83%95%E3%82%A1%E3%83%B4%E3%83%BC%E3%83%AB%E5%8D%97%E5%A0%80%E6%B1%9F%201F,34.6710853,135.4918925,2022,スイーツ WEST,sweets_west,発表日：2022年10月20日
麩嘉 府庁前本店,京都府京都市上京区西洞院堪木町上ル東裏辻町413,食べログ スイーツ WEST 百名店 2022,https://tabelog.com/kyoto/A2601/A260202/26001531/,,https://www.google.com/maps/search/?api=1&query=%E9%BA%A9%E5%98%89%20%E5%BA%9C%E5%BA%81%E5%89%8D%E6%9C%AC%E5%BA%97%20%E4%BA%AC%E9%83%BD%E5%BA%9C%E4%BA%AC%E9%83%BD%E5%B8%82%E4%B8%8A%E4%BA%AC%E5%8C%BA%E8%A5%BF%E6%B4%9E%E9%99%A2%E5%A0%AA%E6%9C%A8%E7%94%BA%E4%B8%8A%E3%83%AB%E6%9D%B1%E8%A3%8F%E8%BE%BB%E7%94%BA413,35.0188807,135.7548763,2022,スイーツ WEST,sweets_west,発表日：2022年10月20日
天麩羅　吉祥,大阪府大阪市北区中崎西1-6-24,食べログ 天ぷら 百名店 2022,https://tabelog.com/osaka/A2701/A270101/27085445/,,https://www.google.com/maps/search/?api=1&query=%E5%A4%A9%E9%BA%A9%E7%BE%85%E3%80%80%E5%90%89%E7%A5%A5%20%E5%A4%A7%E9%98%AA%E5%BA%9C%E5%A4%A7%E9%98%AA%E5%B8%82%E5%8C%97%E5%8C%BA%E4%B8%AD%E5%B4%8E%E8%A5%BF1-6-24,34.7077142,135.5042764,2022,天ぷら,tempura,発表日：2022年4月12日
天ぷら 松,京都府京都市右京区梅津大縄場町21-26,食べログ 天ぷら 百名店 2022,https://tabelog.com/kyoto/A2601/A260403/26001461/,,https://www.google.com/maps/search/?api=1&query=%E5%A4%A9%E3%81%B7%E3%82%89%20%E6%9D%BE%20%E4%BA%AC%E9%83%BD%E5%BA%9C%E4%BA%AC%E9%83%BD%E5%B8%82%E5%8F%B3%E4%BA%AC%E5%8C%BA%E6%A2%85%E6%B4%A5%E5%A4%A7%E7%B8%84%E5%A0%B4%E7%94%BA21-26,35.0039892,135.6905239,2022,天ぷら,tempura,発表日：2022年4月12日
天ぷら 大坂屋 草哲,大阪府大阪市福島区福島6-8-2 サントビル 1F,食べログ 天ぷら 百名店 2022,https://tabelog.com/osaka/A2701/A270108/27093282/,https://tabelog.com/osaka/A2701/A270108/27093282/?cid=google_yoyaku,https://www.google.com/maps/search/?api=1&query=%E5%A4%A9%E3%81%B7%E3%82%89%20%E5%A4%A7%E5%9D%82%E5%B1%8B%20%E8%8D%89%E5%93%B2%20%E5%A4%A7%E9%98%AA%E5%BA%9C%E5%A4%A7%E9%98%AA%E5%B8%82%E7%A6%8F%E5%B3%B6%E5%8C%BA%E7%A6%8F%E5%B3%B66-8-2%20%E3%82%B5%E3%83%B3%E3%83%88%E3%83%93%E3%83%AB%201F,34.6993526,135.4879969,2022,天ぷら,tempura,発表日：2022年4月12日
なにわ天ぷら 維心,大阪府大阪市北区曽根崎新地1-3-36 竹新ビル 3F,食べログ 天ぷら 百名店 2022,https://tabelog.com/osaka/A2701/A270101/27095310/,https://tabelog.com/osaka/A2701/A270101/27095310/?cid=google_yoyaku,https://www.google.com/maps/search/?api=1&query=%E3%81%AA%E3%81%AB%E3%82%8F%E5%A4%A9%E3%81%B7%E3%82%89%20%E7%B6%AD%E5%BF%83%20%E5%A4%A7%E9%98%AA%E5%BA%9C%E5%A4%A7%E9%98%AA%E5%B8%82%E5%8C%97%E5%8C%BA%E6%9B%BD%E6%A0%B9%E5%B4%8E%E6%96%B0%E5%9C%B01-3-36%20%E7%AB%B9%E6%96%B0%E3%83%93%E3%83%AB%203F,34.6974585,135.4971882,2022,天ぷら,tempura,発表日：2022年4月12日
天ぷら 京星,京都府京都市東山区花見小路末吉町東入ル 双葉ビル 1F,食べログ 天ぷら 百名店 2022,https://tabelog.com/kyoto/A2601/A260301/26006057/,,https://www.google.com/maps/search/?api=1&query=%E5%A4%A9%E3%81%B7%E3%82%89%20%E4%BA%AC%E6%98%9F%20%E4%BA%AC%E9%83%BD%E5%BA%9C%E4%BA%AC%E9%83%BD%E5%B8%82%E6%9D%B1%E5%B1%B1%E5%8C%BA%E8%8A%B1%E8%A6%8B%E5%B0%8F%E8%B7%AF%E6%9C%AB%E5%90%89%E7%94%BA%E6%9D%B1%E5%85%A5%E3%83%AB%20%E5%8F%8C%E8%91%89%E3%83%93%E3%83%AB%201F,35.0051289,135.7756621,2022,天ぷら,tempura,発表日：2022年4月12日
旬彩天 つちや,大阪府吹田市豊津町41-4,食べログ 天ぷら 百名店 2022,https://tabelog.com/osaka/A2706/A270602/27017728/,,https://www.google.com/maps/search/?api=1&query=%E6%97%AC%E5%BD%A9%E5%A4%A9%20%E3%81%A4%E3%81%A1%E3%82%84%20%E5%A4%A7%E9%98%AA%E5%BA%9C%E5%90%B9%E7%94%B0%E5%B8%82%E8%B1%8A%E6%B4%A5%E7%94%BA41-4,34.7605254,135.4909354,2022,天ぷら,tempura,発表日：2022年4月12日
北新地 天富,大阪府大阪市北区曽根崎新地1-5-2 大川ビル本館　２Ｆ,食べログ 天ぷら 百名店 2022,https://tabelog.com/osaka/A2701/A270101/27002018/,https://tabelog.com/osaka/A2701/A270101/27002018/?cid=google_yoyaku,https://www.google.com/maps/search/?api=1&query=%E5%8C%97%E6%96%B0%E5%9C%B0%20%E5%A4%A9%E5%AF%8C%20%E5%A4%A7%E9%98%AA%E5%BA%9C%E5%A4%A7%E9%98%AA%E5%B8%82%E5%8C%97%E5%8C%BA%E6%9B%BD%E6%A0%B9%E5%B4%8E%E6%96%B0%E5%9C%B01-5-2%20%E5%A4%A7%E5%B7%9D%E3%83%93%E3%83%AB%E6%9C%AC%E9%A4%A8%E3%80%80%EF%BC%92%EF%BC%A6,34.6975664,135.4977674,2022,天ぷら,tempura,発表日：2022年4月12日
京都祇園 天ぷら八坂圓堂,京都府京都市東山区八坂通東大路西入ル小松町566,食べログ 天ぷら 百名店 2022,https://tabelog.com/kyoto/A2601/A260301/26000592/,https://tabelog.com/kyoto/A2601/A260301/26000592/?cid=google_yoyaku,https://www.google.com/maps/search/?api=1&query=%E4%BA%AC%E9%83%BD%E7%A5%87%E5%9C%92%20%E5%A4%A9%E3%81%B7%E3%82%89%E5%85%AB%E5%9D%82%E5%9C%93%E5%A0%82%20%E4%BA%AC%E9%83%BD%E5%BA%9C%E4%BA%AC%E9%83%BD%E5%B8%82%E6%9D%B1%E5%B1%B1%E5%8C%BA%E5%85%AB%E5%9D%82%E9%80%9A%E6%9D%B1%E5%A4%A7%E8%B7%AF%E8%A5%BF%E5%85%A5%E3%83%AB%E5%B0%8F%E6%9D%BE%E7%94%BA566,34.9989140,135.7751114,2022,天ぷら,tempura,発表日：2022年4月12日
ぬま田,大阪府大阪市北区曽根崎新地1-10-2 北新地プレイス 7F,食べログ 天ぷら 百名店 2022,https://tabelog.com/osaka/A2701/A270101/27119864/,,https://www.google.com/maps/search/?api=1&query=%E3%81%AC%E3%81%BE%E7%94%B0%20%E5%A4%A7%E9%98%AA%E5%BA%9C%E5%A4%A7%E9%98%AA%E5%B8%82%E5%8C%97%E5%8C%BA%E6%9B%BD%E6%A0%B9%E5%B4%8E%E6%96%B0%E5%9C%B01-10-2%20%E5%8C%97%E6%96%B0%E5%9C%B0%E3%83%97%E3%83%AC%E3%82%A4%E3%82%B9%207F,34.6980154,135.4979337,2022,天ぷら,tempura,発表日：2022年4月12日
芦屋天がゆ ルクア大阪店,大阪府大阪市北区梅田3-1-3 ルクアイーレ 10F,食べログ 天ぷら 百名店 2022,https://tabelog.com/osaka/A2701/A270101/27057135/,https://tabelog.com/osaka/A2701/A270101/27057135/?cid=google_yoyaku,https://www.google.com/maps/search/?api=1&query=%E8%8A%A6%E5%B1%8B%E5%A4%A9%E3%81%8C%E3%82%86%20%E3%83%AB%E3%82%AF%E3%82%A2%E5%A4%A7%E9%98%AA%E5%BA%97%20%E5%A4%A7%E9%98%AA%E5%BA%9C%E5%A4%A7%E9%98%AA%E5%B8%82%E5%8C%97%E5%8C%BA%E6%A2%85%E7%94%B03-1-3%20%E3%83%AB%E3%82%AF%E3%82%A2%E3%82%A4%E3%83%BC%E3%83%AC%2010F,34.7026532,135.4949944,2022,天ぷら,tempura,発表日：2022年4月12日
天婦羅処 京林泉,京都府京都市下京区烏丸通塩小路下ル JR京都駅中央口 ホテルグランヴィア京都 M3F,食べログ 天ぷら 百名店 2022,https://tabelog.com/kyoto/A2601/A260101/26000484/,https://tabelog.com/kyoto/A2601/A260101/26000484/?cid=google_yoyaku,https://www.google.com/maps/search/?api=1&query=%E5%A4%A9%E5%A9%A6%E7%BE%85%E5%87%A6%20%E4%BA%AC%E6%9E%97%E6%B3%89%20%E4%BA%AC%E9%83%BD%E5%BA%9C%E4%BA%AC%E9%83%BD%E5%B8%82%E4%B8%8B%E4%BA%AC%E5%8C%BA%E7%83%8F%E4%B8%B8%E9%80%9A%E5%A1%A9%E5%B0%8F%E8%B7%AF%E4%B8%8B%E3%83%AB%20JR%E4%BA%AC%E9%83%BD%E9%A7%85%E4%B8%AD%E5%A4%AE%E5%8F%A3%20%E3%83%9B%E3%83%86%E3%83%AB%E3%82%B0%E3%83%A9%E3%83%B3%E3%83%B4%E3%82%A3%E3%82%A2%E4%BA%AC%E9%83%BD%20M3F,34.9858103,135.7593556,2022,天ぷら,tempura,発表日：2022年4月12日
天ぷら 川辰,京都府京都市南区久世川原町65,食べログ 天ぷら 百名店 2022,https://tabelog.com/kyoto/A2601/A260401/26004797/,https://tabelog.com/kyoto/A2601/A260401/26004797/?cid=google_yoyaku,https://www.google.com/maps/search/?api=1&query=%E5%A4%A9%E3%81%B7%E3%82%89%20%E5%B7%9D%E8%BE%B0%20%E4%BA%AC%E9%83%BD%E5%BA%9C%E4%BA%AC%E9%83%BD%E5%B8%82%E5%8D%97%E5%8C%BA%E4%B9%85%E4%B8%96%E5%B7%9D%E5%8E%9F%E7%94%BA65,34.9649376,135.7202299,2022,天ぷら,tempura,発表日：2022年4月12日
京・富小路 天ぷら吉川,京都府京都市中京区富小路通御池下ル松下町135 料理旅館・天ぷら　吉川,食べログ 天ぷら 百名店 2022,https://tabelog.com/kyoto/A2601/A260202/26001150/,https://tabelog.com/kyoto/A2601/A260202/26001150/?cid=google_yoyaku,https://www.google.com/maps/search/?api=1&query=%E4%BA%AC%E3%83%BB%E5%AF%8C%E5%B0%8F%E8%B7%AF%20%E5%A4%A9%E3%81%B7%E3%82%89%E5%90%89%E5%B7%9D%20%E4%BA%AC%E9%83%BD%E5%BA%9C%E4%BA%AC%E9%83%BD%E5%B8%82%E4%B8%AD%E4%BA%AC%E5%8C%BA%E5%AF%8C%E5%B0%8F%E8%B7%AF%E9%80%9A%E5%BE%A1%E6%B1%A0%E4%B8%8B%E3%83%AB%E6%9D%BE%E4%B8%8B%E7%94%BA135%20%E6%96%99%E7%90%86%E6%97%85%E9%A4%A8%E3%83%BB%E5%A4%A9%E3%81%B7%E3%82%89%E3%80%80%E5%90%89%E5%B7%9D,35.0103212,135.7648070,2022,天ぷら,tempura,発表日：2022年4月12日
ぽくぽく,奈良県奈良市勝南院町23,食べログ とんかつ 百名店 2022,https://tabelog.com/nara/A2901/A290101/29006452/,,https://www.google.com/maps/search/?api=1&query=%E3%81%BD%E3%81%8F%E3%81%BD%E3%81%8F%20%E5%A5%88%E8%89%AF%E7%9C%8C%E5%A5%88%E8%89%AF%E5%B8%82%E5%8B%9D%E5%8D%97%E9%99%A2%E7%94%BA23,34.6787586,135.8304129,2022,とんかつ,tonkatsu,発表日：2022年6月7日
とんかつ 乃ぐち,大阪府大阪市北区中津3-14-2 平家アパート 1F,食べログ とんかつ 百名店 2022,https://tabelog.com/osaka/A2701/A270101/27126154/,,https://www.google.com/maps/search/?api=1&query=%E3%81%A8%E3%82%93%E3%81%8B%E3%81%A4%20%E4%B9%83%E3%81%90%E3%81%A1%20%E5%A4%A7%E9%98%AA%E5%BA%9C%E5%A4%A7%E9%98%AA%E5%B8%82%E5%8C%97%E5%8C%BA%E4%B8%AD%E6%B4%A53-14-2%20%E5%B9%B3%E5%AE%B6%E3%82%A2%E3%83%91%E3%83%BC%E3%83%88%201F,34.7120521,135.4934039,2022,とんかつ,tonkatsu,発表日：2022年6月7日
きんとん 神戸店,兵庫県神戸市中央区三宮町1-8-1 さんプラザ B1F,食べログ とんかつ 百名店 2022,https://tabelog.com/hyogo/A2801/A280101/28049009/,,https://www.google.com/maps/search/?api=1&query=%E3%81%8D%E3%82%93%E3%81%A8%E3%82%93%20%E7%A5%9E%E6%88%B8%E5%BA%97%20%E5%85%B5%E5%BA%AB%E7%9C%8C%E7%A5%9E%E6%88%B8%E5%B8%82%E4%B8%AD%E5%A4%AE%E5%8C%BA%E4%B8%89%E5%AE%AE%E7%94%BA1-8-1%20%E3%81%95%E3%82%93%E3%83%97%E3%83%A9%E3%82%B6%20B1F,34.6917871,135.1931115,2022,とんかつ,tonkatsu,発表日：2022年6月7日
空蝉亭,京都府京都市上京区下立売通大宮西入浮田町600 1F,食べログ とんかつ 百名店 2022,https://tabelog.com/kyoto/A2601/A260203/26030601/,,https://www.google.com/maps/search/?api=1&query=%E7%A9%BA%E8%9D%89%E4%BA%AD%20%E4%BA%AC%E9%83%BD%E5%BA%9C%E4%BA%AC%E9%83%BD%E5%B8%82%E4%B8%8A%E4%BA%AC%E5%8C%BA%E4%B8%8B%E7%AB%8B%E5%A3%B2%E9%80%9A%E5%A4%A7%E5%AE%AE%E8%A5%BF%E5%85%A5%E6%B5%AE%E7%94%B0%E7%94%BA600%201F,35.0200760,135.7481007,2022,とんかつ,tonkatsu,発表日：2022年6月7日
熟成豚 かわむら,京都府京都市山科区竹鼻西ノ口町57-1,食べログ とんかつ 百名店 2022,https://tabelog.com/kyoto/A2601/A260603/26029597/,,https://www.google.com/maps/search/?api=1&query=%E7%86%9F%E6%88%90%E8%B1%9A%20%E3%81%8B%E3%82%8F%E3%82%80%E3%82%89%20%E4%BA%AC%E9%83%BD%E5%BA%9C%E4%BA%AC%E9%83%BD%E5%B8%82%E5%B1%B1%E7%A7%91%E5%8C%BA%E7%AB%B9%E9%BC%BB%E8%A5%BF%E3%83%8E%E5%8F%A3%E7%94%BA57-1,34.9887637,135.8159036,2022,とんかつ,tonkatsu,発表日：2022年6月7日
epais,大阪府大阪市北区曽根崎新地1-9-3 ニュー華ビル 3F,食べログ とんかつ 百名店 2022,https://tabelog.com/osaka/A2701/A270101/27072441/,https://tabelog.com/osaka/A2701/A270101/27072441/?cid=google_yoyaku,https://www.google.com/maps/search/?api=1&query=epais%20%E5%A4%A7%E9%98%AA%E5%BA%9C%E5%A4%A7%E9%98%AA%E5%B8%82%E5%8C%97%E5%8C%BA%E6%9B%BD%E6%A0%B9%E5%B4%8E%E6%96%B0%E5%9C%B01-9-3%20%E3%83%8B%E3%83%A5%E3%83%BC%E8%8F%AF%E3%83%93%E3%83%AB%203F,34.6975756,135.4995848,2022,とんかつ,tonkatsu,発表日：2022年6月7日
とんかつ山本,京都府京都市中京区新烏丸通二条上ル,食べログ とんかつ 百名店 2022,https://tabelog.com/kyoto/A2601/A260202/26006075/,,https://www.google.com/maps/search/?api=1&query=%E3%81%A8%E3%82%93%E3%81%8B%E3%81%A4%E5%B1%B1%E6%9C%AC%20%E4%BA%AC%E9%83%BD%E5%BA%9C%E4%BA%AC%E9%83%BD%E5%B8%82%E4%B8%AD%E4%BA%AC%E5%8C%BA%E6%96%B0%E7%83%8F%E4%B8%B8%E9%80%9A%E4%BA%8C%E6%9D%A1%E4%B8%8A%E3%83%AB,35.0143442,135.7681710,2022,とんかつ,tonkatsu,発表日：2022年6月7日
イブファーム,和歌山県田辺市新庄町2744-58 セレナ・ヴィータビル,食べログ とんかつ 百名店 2022,https://tabelog.com/wakayama/A3004/A300402/30007457/,,https://www.google.com/maps/search/?api=1&query=%E3%82%A4%E3%83%96%E3%83%95%E3%82%A1%E3%83%BC%E3%83%A0%20%E5%92%8C%E6%AD%8C%E5%B1%B1%E7%9C%8C%E7%94%B0%E8%BE%BA%E5%B8%82%E6%96%B0%E5%BA%84%E7%94%BA2744-58%20%E3%82%BB%E3%83%AC%E3%83%8A%E3%83%BB%E3%83%B4%E3%82%A3%E3%83%BC%E3%82%BF%E3%83%93%E3%83%AB,33.7084002,135.4003018,2022,とんかつ,tonkatsu,発表日：2022年6月7日
ニューベイブ,大阪府大阪市中央区内本町2-3-8 ダイヤパレスビル 1F,食べログ とんかつ 百名店 2022,https://tabelog.com/osaka/A2701/A270104/27121557/,https://tabelog.com/osaka/A2701/A270104/27121557/?cid=google_yoyaku,https://www.google.com/maps/search/?api=1&query=%E3%83%8B%E3%83%A5%E3%83%BC%E3%83%99%E3%82%A4%E3%83%96%20%E5%A4%A7%E9%98%AA%E5%BA%9C%E5%A4%A7%E9%98%AA%E5%B8%82%E4%B8%AD%E5%A4%AE%E5%8C%BA%E5%86%85%E6%9C%AC%E7%94%BA2-3-8%20%E3%83%80%E3%82%A4%E3%83%A4%E3%83%91%E3%83%AC%E3%82%B9%E3%83%93%E3%83%AB%201F,34.6831227,135.5122639,2022,とんかつ,tonkatsu,発表日：2022年6月7日
とんかつ中村,大阪府大阪市旭区千林2-8-15,食べログ とんかつ 百名店 2022,https://tabelog.com/osaka/A2701/A270304/27092639/,https://tabelog.com/osaka/A2701/A270304/27092639/?cid=google_yoyaku,https://www.google.com/maps/search/?api=1&query=%E3%81%A8%E3%82%93%E3%81%8B%E3%81%A4%E4%B8%AD%E6%9D%91%20%E5%A4%A7%E9%98%AA%E5%BA%9C%E5%A4%A7%E9%98%AA%E5%B8%82%E6%97%AD%E5%8C%BA%E5%8D%83%E6%9E%972-8-15,34.7244134,135.5515168,2022,とんかつ,tonkatsu,発表日：2022年6月7日
とんかつ上善,大阪府茨木市真砂1丁目12番31号 サンライフタウン古市１階,食べログ とんかつ 百名店 2022,https://tabelog.com/osaka/A2706/A270604/27045173/,,https://www.google.com/maps/search/?api=1&query=%E3%81%A8%E3%82%93%E3%81%8B%E3%81%A4%E4%B8%8A%E5%96%84%20%E5%A4%A7%E9%98%AA%E5%BA%9C%E8%8C%A8%E6%9C%A8%E5%B8%82%E7%9C%9F%E7%A0%821%E4%B8%81%E7%9B%AE12%E7%95%AA31%E5%8F%B7%20%E3%82%B5%E3%83%B3%E3%83%A9%E3%82%A4%E3%83%95%E3%82%BF%E3%82%A6%E3%83%B3%E5%8F%A4%E5%B8%82%EF%BC%91%E9%9A%8E,34.7997058,135.5772763,2022,とんかつ,tonkatsu,発表日：2022年6月7日
とんかつ亭 天乃家,滋賀県近江八幡市安土町上豊浦1012,食べログ とんかつ 百名店 2022,https://tabelog.com/shiga/A2503/A250301/25000001/,,https://www.google.com/maps/search/?api=1&query=%E3%81%A8%E3%82%93%E3%81%8B%E3%81%A4%E4%BA%AD%20%E5%A4%A9%E4%B9%83%E5%AE%B6%20%E6%BB%8B%E8%B3%80%E7%9C%8C%E8%BF%91%E6%B1%9F%E5%85%AB%E5%B9%A1%E5%B8%82%E5%AE%89%E5%9C%9F%E7%94%BA%E4%B8%8A%E8%B1%8A%E6%B5%A61012,35.1380310,136.1372696,2022,とんかつ,tonkatsu,発表日：2022年6月7日
とんかつ マンジェ,大阪府八尾市陽光園2-3-22,食べログ とんかつ 百名店 2022,https://tabelog.com/osaka/A2707/A270705/27013624/,,https://www.google.com/maps/search/?api=1&query=%E3%81%A8%E3%82%93%E3%81%8B%E3%81%A4%20%E3%83%9E%E3%83%B3%E3%82%B8%E3%82%A7%20%E5%A4%A7%E9%98%AA%E5%BA%9C%E5%85%AB%E5%B0%BE%E5%B8%82%E9%99%BD%E5%85%89%E5%9C%922-3-22,34.6200728,135.5983881,2022,とんかつ,tonkatsu,発表日：2022年6月7日
エペ クープ,大阪府吹田市元町5-5,食べログ とんかつ 百名店 2022,https://tabelog.com/osaka/A2706/A270602/27092131/,https://tabelog.com/osaka/A2706/A270602/27092131/?cid=google_yoyaku,https://www.google.com/maps/search/?api=1&query=%E3%82%A8%E3%83%9A%20%E3%82%AF%E3%83%BC%E3%83%97%20%E5%A4%A7%E9%98%AA%E5%BA%9C%E5%90%B9%E7%94%B0%E5%B8%82%E5%85%83%E7%94%BA5-5,34.7619722,135.5241571,2022,とんかつ,tonkatsu,発表日：2022年6月7日
とんかつ ますいや,大阪府大阪市城東区今福東3-3-23,食べログ とんかつ 百名店 2022,https://tabelog.com/osaka/A2701/A270305/27004283/,https://tabelog.com/osaka/A2701/A270305/27004283/?cid=google_yoyaku,https://www.google.com/maps/search/?api=1&query=%E3%81%A8%E3%82%93%E3%81%8B%E3%81%A4%20%E3%81%BE%E3%81%99%E3%81%84%E3%82%84%20%E5%A4%A7%E9%98%AA%E5%BA%9C%E5%A4%A7%E9%98%AA%E5%B8%82%E5%9F%8E%E6%9D%B1%E5%8C%BA%E4%BB%8A%E7%A6%8F%E6%9D%B13-3-23,34.7046337,135.5555456,2022,とんかつ,tonkatsu,発表日：2022年6月7日
江戸堀 木田 讃岐うどん,大阪府大阪市西区江戸堀1丁目23-31,食べログ うどん WEST 百名店 2022,https://tabelog.com/osaka/A2701/A270102/27027893/,,https://www.google.com/maps/search/?api=1&query=%E6%B1%9F%E6%88%B8%E5%A0%80%20%E6%9C%A8%E7%94%B0%20%E8%AE%83%E5%B2%90%E3%81%86%E3%81%A9%E3%82%93%20%E5%A4%A7%E9%98%AA%E5%BA%9C%E5%A4%A7%E9%98%AA%E5%B8%82%E8%A5%BF%E5%8C%BA%E6%B1%9F%E6%88%B8%E5%A0%801%E4%B8%81%E7%9B%AE23-31,34.6896173,135.4933226,2022,うどん WEST,udon_west,発表日：2022年3月15日
手打ちうどん 上を向いて,大阪府寝屋川市香里南之町34-5,食べログ うどん WEST 百名店 2022,https://tabelog.com/osaka/A2707/A270702/27094977/,,https://www.google.com/maps/search/?api=1&query=%E6%89%8B%E6%89%93%E3%81%A1%E3%81%86%E3%81%A8%E3%82%99%E3%82%93%20%E4%B8%8A%E3%82%92%E5%90%91%E3%81%84%E3%81%A6%20%E5%A4%A7%E9%98%AA%E5%BA%9C%E5%AF%9D%E5%B1%8B%E5%B7%9D%E5%B8%82%E9%A6%99%E9%87%8C%E5%8D%97%E4%B9%8B%E7%94%BA34-5,34.7837962,135.6282674,2022,うどん WEST,udon_west,発表日：2022年3月15日
うどん工房悠々,兵庫県尼崎市南塚口町2-1-2 塚口さんさんタウン２番館１Ｆ,食べログ うどん WEST 百名店 2022,https://tabelog.com/hyogo/A2803/A280304/28029478/,,https://www.google.com/maps/search/?api=1&query=%E3%81%86%E3%81%A9%E3%82%93%E5%B7%A5%E6%88%BF%E6%82%A0%E3%80%85%20%E5%85%B5%E5%BA%AB%E7%9C%8C%E5%B0%BC%E5%B4%8E%E5%B8%82%E5%8D%97%E5%A1%9A%E5%8F%A3%E7%94%BA2-1-2%20%E5%A1%9A%E5%8F%A3%E3%81%95%E3%82%93%E3%81%95%E3%82%93%E3%82%BF%E3%82%A6%E3%83%B3%EF%BC%92%E7%95%AA%E9%A4%A8%EF%BC%91%EF%BC%A6,34.7517891,135.4164488,2022,うどん WEST,udon_west,発表日：2022年3月15日
讃歌うどん はんげしょう,兵庫県西宮市本町9-5,食べログ うどん WEST 百名店 2022,https://tabelog.com/hyogo/A2803/A280301/28026561/,,https://www.google.com/maps/search/?api=1&query=%E8%AE%83%E6%AD%8C%E3%81%86%E3%81%A9%E3%82%93%20%E3%81%AF%E3%82%93%E3%81%92%E3%81%97%E3%82%87%E3%81%86%20%E5%85%B5%E5%BA%AB%E7%9C%8C%E8%A5%BF%E5%AE%AE%E5%B8%82%E6%9C%AC%E7%94%BA9-5,34.7343086,135.3370794,2022,うどん WEST,udon_west,発表日：2022年3月15日
山元麺蔵,京都府京都市左京区岡崎南御所町34,食べログ うどん WEST 百名店 2022,https://tabelog.com/kyoto/A2601/A260301/26002504/,,https://www.google.com/maps/search/?api=1&query=%E5%B1%B1%E5%85%83%E9%BA%BA%E8%94%B5%20%E4%BA%AC%E9%83%BD%E5%BA%9C%E4%BA%AC%E9%83%BD%E5%B8%82%E5%B7%A6%E4%BA%AC%E5%8C%BA%E5%B2%A1%E5%B4%8E%E5%8D%97%E5%BE%A1%E6%89%80%E7%94%BA34,35.0142736,135.7848164,2022,うどん WEST,udon_west,発表日：2022年3月15日
うどん 蔵十,大阪府大阪市旭区中宮1-12-18,食べログ うどん WEST 百名店 2022,https://tabelog.com/osaka/A2701/A270304/27000719/,,https://www.google.com/maps/search/?api=1&query=%E3%81%86%E3%81%A9%E3%82%93%20%E8%94%B5%E5%8D%81%20%E5%A4%A7%E9%98%AA%E5%BA%9C%E5%A4%A7%E9%98%AA%E5%B8%82%E6%97%AD%E5%8C%BA%E4%B8%AD%E5%AE%AE1-12-18,34.7217295,135.5435316,2022,うどん WEST,udon_west,発表日：2022年3月15日
手打ちうどん 団平,大阪府枚方市三栗1-1-10,食べログ うどん WEST 百名店 2022,https://tabelog.com/osaka/A2707/A270702/27006805/,,https://www.google.com/maps/search/?api=1&query=%E6%89%8B%E6%89%93%E3%81%A1%E3%81%86%E3%81%A9%E3%82%93%20%E5%9B%A3%E5%B9%B3%20%E5%A4%A7%E9%98%AA%E5%BA%9C%E6%9E%9A%E6%96%B9%E5%B8%82%E4%B8%89%E6%A0%971-1-10,34.8323277,135.6553529,2022,うどん WEST,udon_west,発表日：2022年3月15日
極浄うどん うだま,大阪府大阪市北区梅田1-1-3 大阪駅前第3ビル B1F,食べログ うどん WEST 百名店 2022,https://tabelog.com/osaka/A2701/A270101/27056300/,,https://www.google.com/maps/search/?api=1&query=%E6%A5%B5%E6%B5%84%E3%81%86%E3%81%A9%E3%82%93%20%E3%81%86%E3%81%A0%E3%81%BE%20%E5%A4%A7%E9%98%AA%E5%BA%9C%E5%A4%A7%E9%98%AA%E5%B8%82%E5%8C%97%E5%8C%BA%E6%A2%85%E7%94%B01-1-3%20%E5%A4%A7%E9%98%AA%E9%A7%85%E5%89%8D%E7%AC%AC3%E3%83%93%E3%83%AB%20B1F,34.6986263,135.4996506,2022,うどん WEST,udon_west,発表日：2022年3月15日
極楽うどん TKU,大阪府大阪市東成区東小橋1-1-4,食べログ うどん WEST 百名店 2022,https://tabelog.com/osaka/A2701/A270204/27042400/,,https://www.google.com/maps/search/?api=1&query=%E6%A5%B5%E6%A5%BD%E3%81%86%E3%81%A9%E3%82%93%20TKU%20%E5%A4%A7%E9%98%AA%E5%BA%9C%E5%A4%A7%E9%98%AA%E5%B8%82%E6%9D%B1%E6%88%90%E5%8C%BA%E6%9D%B1%E5%B0%8F%E6%A9%8B1-1-4,34.6742840,135.5336598,2022,うどん WEST,udon_west,発表日：2022年3月15日
千とせ 本店,大阪府大阪市中央区難波千日前8-1,食べログ うどん WEST 百名店 2022,https://tabelog.com/osaka/A2701/A270202/27002763/,,https://www.google.com/maps/search/?api=1&query=%E5%8D%83%E3%81%A8%E3%81%9B%20%E6%9C%AC%E5%BA%97%20%E5%A4%A7%E9%98%AA%E5%BA%9C%E5%A4%A7%E9%98%AA%E5%B8%82%E4%B8%AD%E5%A4%AE%E5%8C%BA%E9%9B%A3%E6%B3%A2%E5%8D%83%E6%97%A5%E5%89%8D8-1,34.6640879,135.5040107,2022,うどん WEST,udon_west,発表日：2022年3月15日
うどん うばら,大阪府大阪市天王寺区東高津町9-19,食べログ うどん WEST 百名店 2022,https://tabelog.com/osaka/A2701/A270205/27060219/,,https://www.google.com/maps/search/?api=1&query=%E3%81%86%E3%81%A9%E3%82%93%20%E3%81%86%E3%81%B0%E3%82%89%20%E5%A4%A7%E9%98%AA%E5%BA%9C%E5%A4%A7%E9%98%AA%E5%B8%82%E5%A4%A9%E7%8E%8B%E5%AF%BA%E5%8C%BA%E6%9D%B1%E9%AB%98%E6%B4%A5%E7%94%BA9-19,34.6670156,135.5226954,2022,うどん WEST,udon_west,発表日：2022年3月15日
本町製麺所 本店,大阪府大阪市中央区北久宝寺町2-6-13,食べログ うどん WEST 百名店 2022,https://tabelog.com/osaka/A2701/A270106/27014646/,,https://www.google.com/maps/search/?api=1&query=%E6%9C%AC%E7%94%BA%E8%A3%BD%E9%BA%BA%E6%89%80%20%E6%9C%AC%E5%BA%97%20%E5%A4%A7%E9%98%AA%E5%BA%9C%E5%A4%A7%E9%98%AA%E5%B8%82%E4%B8%AD%E5%A4%AE%E5%8C%BA%E5%8C%97%E4%B9%85%E5%AE%9D%E5%AF%BA%E7%94%BA2-6-13,34.6798317,135.5043755,2022,うどん WEST,udon_west,発表日：2022年3月15日
Udon Kyutaro,大阪府大阪市中央区久太郎町3-1-16 丼池繊維会館 1F,食べログ うどん WEST 百名店 2022,https://tabelog.com/osaka/A2701/A270106/27100801/,,https://www.google.com/maps/search/?api=1&query=Udon%20Kyutaro%20%E5%A4%A7%E9%98%AA%E5%BA%9C%E5%A4%A7%E9%98%AA%E5%B8%82%E4%B8%AD%E5%A4%AE%E5%8C%BA%E4%B9%85%E5%A4%AA%E9%83%8E%E7%94%BA3-1-16%20%E4%B8%BC%E6%B1%A0%E7%B9%8A%E7%B6%AD%E4%BC%9A%E9%A4%A8%201F,34.6808766,135.5025689,2022,うどん WEST,udon_west,発表日：2022年3月15日
どとう ぜにや,大阪府堺市中区土塔町2076-1,食べログ うどん WEST 百名店 2022,https://tabelog.com/osaka/A2705/A270501/27013157/,,https://www.google.com/maps/search/?api=1&query=%E3%81%A9%E3%81%A8%E3%81%86%20%E3%81%9C%E3%81%AB%E3%82%84%20%E5%A4%A7%E9%98%AA%E5%BA%9C%E5%A0%BA%E5%B8%82%E4%B8%AD%E5%8C%BA%E5%9C%9F%E5%A1%94%E7%94%BA2076-1,34.5338343,135.5077517,2022,うどん WEST,udon_west,発表日：2022年3月15日
うどん日和,大阪府東大阪市中新開2-13-46-103 正起吉田ハイツ１階,食べログ うどん WEST 百名店 2022,https://tabelog.com/osaka/A2707/A270703/27023042/,,https://www.google.com/maps/search/?api=1&query=%E3%81%86%E3%81%A9%E3%82%93%E6%97%A5%E5%92%8C%20%E5%A4%A7%E9%98%AA%E5%BA%9C%E6%9D%B1%E5%A4%A7%E9%98%AA%E5%B8%82%E4%B8%AD%E6%96%B0%E9%96%8B2-13-46-103%20%E6%AD%A3%E8%B5%B7%E5%90%89%E7%94%B0%E3%83%8F%E3%82%A4%E3%83%84%EF%BC%91%E9%9A%8E,34.6834351,135.6239846,2022,うどん WEST,udon_west,発表日：2022年3月15日
釜揚うどん一紀,大阪府大阪市西成区南開1-6-10,食べログ うどん WEST 百名店 2022,https://tabelog.com/osaka/A2701/A270406/27059480/,,https://www.google.com/maps/search/?api=1&query=%E9%87%9C%E6%8F%9A%E3%81%86%E3%81%A9%E3%82%93%E4%B8%80%E7%B4%80%20%E5%A4%A7%E9%98%AA%E5%BA%9C%E5%A4%A7%E9%98%AA%E5%B8%82%E8%A5%BF%E6%88%90%E5%8C%BA%E5%8D%97%E9%96%8B1-6-10,34.6513729,135.4908987,2022,うどん WEST,udon_west,発表日：2022年3月15日
うどん屋 きすけ,大阪府大阪市北区鶴野町4-1 コープ野村梅田Ａ棟1F,食べログ うどん WEST 百名店 2022,https://tabelog.com/osaka/A2701/A270101/27015342/,,https://www.google.com/maps/search/?api=1&query=%E3%81%86%E3%81%A9%E3%82%93%E5%B1%8B%20%E3%81%8D%E3%81%99%E3%81%91%20%E5%A4%A7%E9%98%AA%E5%BA%9C%E5%A4%A7%E9%98%AA%E5%B8%82%E5%8C%97%E5%8C%BA%E9%B6%B4%E9%87%8E%E7%94%BA4-1%20%E3%82%B3%E3%83%BC%E3%83%97%E9%87%8E%E6%9D%91%E6%A2%85%E7%94%B0%EF%BC%A1%E6%A3%9F1F,34.7093727,135.5014888,2022,うどん WEST,udon_west,発表日：2022年3月15日
桂ちゃん,大阪府大阪市平野区長吉長原東3-1-68,食べログ うどん WEST 百名店 2022,https://tabelog.com/osaka/A2701/A270405/27013633/,,https://www.google.com/maps/search/?api=1&query=%E6%A1%82%E3%81%A1%E3%82%83%E3%82%93%20%E5%A4%A7%E9%98%AA%E5%BA%9C%E5%A4%A7%E9%98%AA%E5%B8%82%E5%B9%B3%E9%87%8E%E5%8C%BA%E9%95%B7%E5%90%89%E9%95%B7%E5%8E%9F%E6%9D%B13-1-68,34.6016159,135.5742128,2022,うどん WEST,udon_west,発表日：2022年3月15日
たけうちうどん店,大阪府大阪市北区豊崎5-2-19,食べログ うどん WEST 百名店 2022,https://tabelog.com/osaka/A2701/A270101/27006684/,,https://www.google.com/maps/search/?api=1&query=%E3%81%9F%E3%81%91%E3%81%86%E3%81%A1%E3%81%86%E3%81%A9%E3%82%93%E5%BA%97%20%E5%A4%A7%E9%98%AA%E5%BA%9C%E5%A4%A7%E9%98%AA%E5%B8%82%E5%8C%97%E5%8C%BA%E8%B1%8A%E5%B4%8E5-2-19,34.7123790,135.4998452,2022,うどん WEST,udon_west,発表日：2022年3月15日
さぬき手打ちうどん 銭形,大阪府豊中市服部西町2-2-21,食べログ うどん WEST 百名店 2022,https://tabelog.com/osaka/A2706/A270601/27012525/,,https://www.google.com/maps/search/?api=1&query=%E3%81%95%E3%81%AC%E3%81%8D%E6%89%8B%E6%89%93%E3%81%A1%E3%81%86%E3%81%A9%E3%82%93%20%E9%8A%AD%E5%BD%A2%20%E5%A4%A7%E9%98%AA%E5%BA%9C%E8%B1%8A%E4%B8%AD%E5%B8%82%E6%9C%8D%E9%83%A8%E8%A5%BF%E7%94%BA2-2-21,34.7628355,135.4725497,2022,うどん WEST,udon_west,発表日：2022年3月15日
梅田 釜たけうどん,大阪府大阪市北区角田町9-25 新梅田食道街,食べログ うどん WEST 百名店 2022,https://tabelog.com/osaka/A2701/A270101/27052204/,,https://www.google.com/maps/search/?api=1&query=%E6%A2%85%E7%94%B0%20%E9%87%9C%E3%81%9F%E3%81%91%E3%81%86%E3%81%A9%E3%82%93%20%E5%A4%A7%E9%98%AA%E5%BA%9C%E5%A4%A7%E9%98%AA%E5%B8%82%E5%8C%97%E5%8C%BA%E8%A7%92%E7%94%B0%E7%94%BA9-25%20%E6%96%B0%E6%A2%85%E7%94%B0%E9%A3%9F%E9%81%93%E8%A1%97,34.7033568,135.4980438,2022,うどん WEST,udon_west,発表日：2022年3月15日
日の出うどん,京都府京都市左京区南禅寺北ノ坊町36,食べログ うどん WEST 百名店 2022,https://tabelog.com/kyoto/A2601/A260301/26000815/,,https://www.google.com/maps/search/?api=1&query=%E6%97%A5%E3%81%AE%E5%87%BA%E3%81%86%E3%81%A9%E3%82%93%20%E4%BA%AC%E9%83%BD%E5%BA%9C%E4%BA%AC%E9%83%BD%E5%B8%82%E5%B7%A6%E4%BA%AC%E5%8C%BA%E5%8D%97%E7%A6%85%E5%AF%BA%E5%8C%97%E3%83%8E%E5%9D%8A%E7%94%BA36,35.0163904,135.7936492,2022,うどん WEST,udon_west,発表日：2022年3月15日
讃岐うどん いってつ,大阪府大阪狭山市茱萸木3丁目245-1,食べログ うどん WEST 百名店 2022,https://tabelog.com/osaka/A2708/A270802/27009072/,,https://www.google.com/maps/search/?api=1&query=%E8%AE%83%E5%B2%90%E3%81%86%E3%81%A9%E3%82%93%20%E3%81%84%E3%81%A3%E3%81%A6%E3%81%A4%20%E5%A4%A7%E9%98%AA%E5%BA%9C%E5%A4%A7%E9%98%AA%E7%8B%AD%E5%B1%B1%E5%B8%82%E8%8C%B1%E8%90%B8%E6%9C%A83%E4%B8%81%E7%9B%AE245-1,34.4937348,135.5481206,2022,うどん WEST,udon_west,発表日：2022年3月15日
活麺富蔵,大阪府四條畷市楠公2-8-26 谷山ビル　１F,食べログ うどん WEST 百名店 2022,https://tabelog.com/osaka/A2707/A270704/27052338/,,https://www.google.com/maps/search/?api=1&query=%E6%B4%BB%E9%BA%BA%E5%AF%8C%E8%94%B5%20%E5%A4%A7%E9%98%AA%E5%BA%9C%E5%9B%9B%E6%A2%9D%E7%95%B7%E5%B8%82%E6%A5%A0%E5%85%AC2-8-26%20%E8%B0%B7%E5%B1%B1%E3%83%93%E3%83%AB%E3%80%80%EF%BC%91F,34.7324955,135.6398371,2022,うどん WEST,udon_west,発表日：2022年3月15日
踊るうどん 滝井本店,大阪府守口市紅屋町6-7,食べログ うどん WEST 百名店 2022,https://tabelog.com/osaka/A2707/A270701/27004023/,,https://www.google.com/maps/search/?api=1&query=%E8%B8%8A%E3%82%8B%E3%81%86%E3%81%A9%E3%82%93%20%E6%BB%9D%E4%BA%95%E6%9C%AC%E5%BA%97%20%E5%A4%A7%E9%98%AA%E5%BA%9C%E5%AE%88%E5%8F%A3%E5%B8%82%E7%B4%85%E5%B1%8B%E7%94%BA6-7,34.7275406,135.5569592,2022,うどん WEST,udon_west,発表日：2022年3月15日
釜ひろ,大阪府大阪市東住吉区山坂5-2-27 ジョイフル鶴が丘　１F,食べログ うどん WEST 百名店 2022,https://tabelog.com/osaka/A2701/A270405/27011913/,,https://www.google.com/maps/search/?api=1&query=%E9%87%9C%E3%81%B2%E3%82%8D%20%E5%A4%A7%E9%98%AA%E5%BA%9C%E5%A4%A7%E9%98%AA%E5%B8%82%E6%9D%B1%E4%BD%8F%E5%90%89%E5%8C%BA%E5%B1%B1%E5%9D%825-2-27%20%E3%82%B8%E3%83%A7%E3%82%A4%E3%83%95%E3%83%AB%E9%B6%B4%E3%81%8C%E4%B8%98%E3%80%80%EF%BC%91F,34.6176797,135.5172815,2022,うどん WEST,udon_west,発表日：2022年3月15日
讃岐屋 雅次郎,大阪府八尾市美園町4丁目59,食べログ うどん WEST 百名店 2022,https://tabelog.com/osaka/A2707/A270705/27019261/,,https://www.google.com/maps/search/?api=1&query=%E8%AE%83%E5%B2%90%E5%B1%8B%20%E9%9B%85%E6%AC%A1%E9%83%8E%20%E5%A4%A7%E9%98%AA%E5%BA%9C%E5%85%AB%E5%B0%BE%E5%B8%82%E7%BE%8E%E5%9C%92%E7%94%BA4%E4%B8%81%E7%9B%AE59,34.6402083,135.5908146,2022,うどん WEST,udon_west,発表日：2022年3月15日
本格手打うどん 大河,京都府京都市伏見区深草西浦町7-45-1,食べログ うどん WEST 百名店 2022,https://tabelog.com/kyoto/A2601/A260601/26020260/,,https://www.google.com/maps/search/?api=1&query=%E6%9C%AC%E6%A0%BC%E6%89%8B%E6%89%93%E3%81%86%E3%81%A9%E3%82%93%20%E5%A4%A7%E6%B2%B3%20%E4%BA%AC%E9%83%BD%E5%BA%9C%E4%BA%AC%E9%83%BD%E5%B8%82%E4%BC%8F%E8%A6%8B%E5%8C%BA%E6%B7%B1%E8%8D%89%E8%A5%BF%E6%B5%A6%E7%94%BA7-45-1,34.9579666,135.7646783,2022,うどん WEST,udon_west,発表日：2022年3月15日
讃岐うどん 白庵,大阪府大阪市淀川区新高6-12-7 三和マンション 1F,食べログ うどん WEST 百名店 2022,https://tabelog.com/osaka/A2701/A270302/27014852/,,https://www.google.com/maps/search/?api=1&query=%E8%AE%83%E5%B2%90%E3%81%86%E3%81%A9%E3%82%93%20%E7%99%BD%E5%BA%B5%20%E5%A4%A7%E9%98%AA%E5%BA%9C%E5%A4%A7%E9%98%AA%E5%B8%82%E6%B7%80%E5%B7%9D%E5%8C%BA%E6%96%B0%E9%AB%986-12-7%20%E4%B8%89%E5%92%8C%E3%83%9E%E3%83%B3%E3%82%B7%E3%83%A7%E3%83%B3%201F,34.7319762,135.4737120,2022,うどん WEST,udon_west,発表日：2022年3月15日
饂飩とお酒 からほり きぬ川,大阪府大阪市中央区谷町7-6-35,食べログ うどん WEST 百名店 2022,https://tabelog.com/osaka/A2701/A270204/27061119/,,https://www.google.com/maps/search/?api=1&query=%E9%A5%82%E9%A3%A9%E3%81%A8%E3%81%8A%E9%85%92%20%E3%81%8B%E3%82%89%E3%81%BB%E3%82%8A%20%E3%81%8D%E3%81%AC%E5%B7%9D%20%E5%A4%A7%E9%98%AA%E5%BA%9C%E5%A4%A7%E9%98%AA%E5%B8%82%E4%B8%AD%E5%A4%AE%E5%8C%BA%E8%B0%B7%E7%94%BA7-6-35,34.6734768,135.5152678,2022,うどん WEST,udon_west,発表日：2022年3月15日
うどん居酒屋 麦笑,大阪府大阪市東成区中道1-10-19,食べログ うどん WEST 百名店 2022,https://tabelog.com/osaka/A2701/A270107/27013801/,https://tabelog.com/osaka/A2701/A270107/27013801/?cid=google_yoyaku,https://www.google.com/maps/search/?api=1&query=%E3%81%86%E3%81%A9%E3%82%93%E5%B1%85%E9%85%92%E5%B1%8B%20%E9%BA%A6%E7%AC%91%20%E5%A4%A7%E9%98%AA%E5%BA%9C%E5%A4%A7%E9%98%AA%E5%B8%82%E6%9D%B1%E6%88%90%E5%8C%BA%E4%B8%AD%E9%81%931-10-19,34.6779267,135.5355753,2022,うどん WEST,udon_west,発表日：2022年3月15日
極楽うどん Ah-麺,大阪府大阪市生野区生野西2-1-29 宇野ビル 1F,食べログ うどん WEST 百名店 2022,https://tabelog.com/osaka/A2701/A270306/27075334/,,https://www.google.com/maps/search/?api=1&query=%E6%A5%B5%E6%A5%BD%E3%81%86%E3%81%A9%E3%82%93%20Ah-%E9%BA%BA%20%E5%A4%A7%E9%98%AA%E5%BA%9C%E5%A4%A7%E9%98%AA%E5%B8%82%E7%94%9F%E9%87%8E%E5%8C%BA%E7%94%9F%E9%87%8E%E8%A5%BF2-1-29%20%E5%AE%87%E9%87%8E%E3%83%93%E3%83%AB%201F,34.6481466,135.5247537,2022,うどん WEST,udon_west,発表日：2022年3月15日
たからや,大阪府八尾市若林町3-104-7,食べログ うどん WEST 百名店 2022,https://tabelog.com/osaka/A2707/A270705/27019530/,,https://www.google.com/maps/search/?api=1&query=%E3%81%9F%E3%81%8B%E3%82%89%E3%82%84%20%E5%A4%A7%E9%98%AA%E5%BA%9C%E5%85%AB%E5%B0%BE%E5%B8%82%E8%8B%A5%E6%9E%97%E7%94%BA3-104-7,34.5938288,135.5823108,2022,うどん WEST,udon_west,発表日：2022年3月15日
踊るうどん 梅田店,大阪府大阪市北区梅田1-1 駅前第３ビル　Ｂ２Ｆ,食べログ うどん WEST 百名店 2022,https://tabelog.com/osaka/A2701/A270101/27015312/,,https://www.google.com/maps/search/?api=1&query=%E8%B8%8A%E3%82%8B%E3%81%86%E3%81%A9%E3%82%93%20%E6%A2%85%E7%94%B0%E5%BA%97%20%E5%A4%A7%E9%98%AA%E5%BA%9C%E5%A4%A7%E9%98%AA%E5%B8%82%E5%8C%97%E5%8C%BA%E6%A2%85%E7%94%B01-1%20%E9%A7%85%E5%89%8D%E7%AC%AC%EF%BC%93%E3%83%93%E3%83%AB%E3%80%80%EF%BC%A2%EF%BC%92%EF%BC%A6,34.6984850,135.4992588,2022,うどん WEST,udon_west,発表日：2022年3月15日
手造りうどん 楽々,大阪府交野市幾野6-6-1,食べログ うどん WEST 百名店 2022,https://tabelog.com/osaka/A2707/A270704/27011240/,,https://www.google.com/maps/search/?api=1&query=%E6%89%8B%E9%80%A0%E3%82%8A%E3%81%86%E3%81%A9%E3%82%93%20%E6%A5%BD%E3%80%85%20%E5%A4%A7%E9%98%AA%E5%BA%9C%E4%BA%A4%E9%87%8E%E5%B8%82%E5%B9%BE%E9%87%8E6-6-1,34.8015616,135.6750204,2022,うどん WEST,udon_west,発表日：2022年3月15日
がいな製麺所,兵庫県加西市和泉町25-2,食べログ うどん WEST 百名店 2022,https://tabelog.com/hyogo/A2804/A280403/28003753/,,https://www.google.com/maps/search/?api=1&query=%E3%81%8C%E3%81%84%E3%81%AA%E8%A3%BD%E9%BA%BA%E6%89%80%20%E5%85%B5%E5%BA%AB%E7%9C%8C%E5%8A%A0%E8%A5%BF%E5%B8%82%E5%92%8C%E6%B3%89%E7%94%BA25-2,34.9467228,134.8864787,2022,うどん WEST,udon_west,発表日：2022年3月15日
うどん 讃く,大阪府大阪市福島区福島2-8-3,食べログ うどん WEST 百名店 2022,https://tabelog.com/osaka/A2701/A270108/27066859/,,https://www.google.com/maps/search/?api=1&query=%E3%81%86%E3%81%A9%E3%82%93%20%E8%AE%83%E3%81%8F%20%E5%A4%A7%E9%98%AA%E5%BA%9C%E5%A4%A7%E9%98%AA%E5%B8%82%E7%A6%8F%E5%B3%B6%E5%8C%BA%E7%A6%8F%E5%B3%B62-8-3,34.6945390,135.4869740,2022,うどん WEST,udon_west,発表日：2022年3月15日
爽月,大阪府大阪市住之江区粉浜2-11-3,食べログ うどん WEST 百名店 2022,https://tabelog.com/osaka/A2701/A270404/27051701/,,https://www.google.com/maps/search/?api=1&query=%E7%88%BD%E6%9C%88%20%E5%A4%A7%E9%98%AA%E5%BA%9C%E5%A4%A7%E9%98%AA%E5%B8%82%E4%BD%8F%E4%B9%8B%E6%B1%9F%E5%8C%BA%E7%B2%89%E6%B5%9C2-11-3,34.6173321,135.4911624,2022,うどん WEST,udon_west,発表日：2022年3月15日
釜揚げうどん 鈴庵,奈良県北葛城郡広陵町馬見中5-1-26,食べログ うどん WEST 百名店 2022,https://tabelog.com/nara/A2903/A290301/29004110/,,https://www.google.com/maps/search/?api=1&query=%E9%87%9C%E6%8F%9A%E3%81%92%E3%81%86%E3%81%A9%E3%82%93%20%E9%88%B4%E5%BA%B5%20%E5%A5%88%E8%89%AF%E7%9C%8C%E5%8C%97%E8%91%9B%E5%9F%8E%E9%83%A1%E5%BA%83%E9%99%B5%E7%94%BA%E9%A6%AC%E8%A6%8B%E4%B8%AD5-1-26,34.5478429,135.7220814,2022,うどん WEST,udon_west,発表日：2022年3月15日
空飛ぶうどん やまぶき家,大阪府豊中市岡上の町2-2-5,食べログ うどん WEST 百名店 2022,https://tabelog.com/osaka/A2706/A270601/27069779/,,https://www.google.com/maps/search/?api=1&query=%E7%A9%BA%E9%A3%9B%E3%81%B6%E3%81%86%E3%81%A9%E3%82%93%20%E3%82%84%E3%81%BE%E3%81%B6%E3%81%8D%E5%AE%B6%20%E5%A4%A7%E9%98%AA%E5%BA%9C%E8%B1%8A%E4%B8%AD%E5%B8%82%E5%B2%A1%E4%B8%8A%E3%81%AE%E7%94%BA2-2-5,34.7847583,135.4633925,2022,うどん WEST,udon_west,発表日：2022年3月15日
本格さぬきうどん　穂乃香,兵庫県尼崎市神田中通4-157-1,食べログ うどん WEST 百名店 2022,https://tabelog.com/hyogo/A2803/A280304/28025306/,,https://www.google.com/maps/search/?api=1&query=%E6%9C%AC%E6%A0%BC%E3%81%95%E3%81%AC%E3%81%8D%E3%81%86%E3%81%A9%E3%82%93%E3%80%80%E7%A9%82%E4%B9%83%E9%A6%99%20%E5%85%B5%E5%BA%AB%E7%9C%8C%E5%B0%BC%E5%B4%8E%E5%B8%82%E7%A5%9E%E7%94%B0%E4%B8%AD%E9%80%9A4-157-1,34.7204930,135.4113122,2022,うどん WEST,udon_west,発表日：2022年3月15日
麦きり トクオカ,兵庫県明石市魚住町清水2189,食べログ うどん WEST 百名店 2022,https://tabelog.com/hyogo/A2804/A280401/28001187/,,https://www.google.com/maps/search/?api=1&query=%E9%BA%A6%E3%81%8D%E3%82%8A%20%E3%83%88%E3%82%AF%E3%82%AA%E3%82%AB%20%E5%85%B5%E5%BA%AB%E7%9C%8C%E6%98%8E%E7%9F%B3%E5%B8%82%E9%AD%9A%E4%BD%8F%E7%94%BA%E6%B8%85%E6%B0%B42189,34.7219410,134.8915913,2022,うどん WEST,udon_west,発表日：2022年3月15日
本格手打 いわしや 西宮店,兵庫県西宮市山口町下山口3-12-20,食べログ うどん WEST 百名店 2022,https://tabelog.com/hyogo/A2803/A280301/28002495/,,https://www.google.com/maps/search/?api=1&query=%E6%9C%AC%E6%A0%BC%E6%89%8B%E6%89%93%20%E3%81%84%E3%82%8F%E3%81%97%E3%82%84%20%E8%A5%BF%E5%AE%AE%E5%BA%97%20%E5%85%B5%E5%BA%AB%E7%9C%8C%E8%A5%BF%E5%AE%AE%E5%B8%82%E5%B1%B1%E5%8F%A3%E7%94%BA%E4%B8%8B%E5%B1%B1%E5%8F%A33-12-20,34.8342550,135.2374387,2022,うどん WEST,udon_west,発表日：2022年3月15日
讃岐うどん 今雪,大阪府大阪市北区神山町3-10 クラウンマエダビル 1F,食べログ うどん WEST 百名店 2022,https://tabelog.com/osaka/A2701/A270101/27067874/,https://tabelog.com/osaka/A2701/A270101/27067874/?cid=google_yoyaku,https://www.google.com/maps/search/?api=1&query=%E8%AE%83%E5%B2%90%E3%81%86%E3%81%A9%E3%82%93%20%E4%BB%8A%E9%9B%AA%20%E5%A4%A7%E9%98%AA%E5%BA%9C%E5%A4%A7%E9%98%AA%E5%B8%82%E5%8C%97%E5%8C%BA%E7%A5%9E%E5%B1%B1%E7%94%BA3-10%20%E3%82%AF%E3%83%A9%E3%82%A6%E3%83%B3%E3%83%9E%E3%82%A8%E3%83%80%E3%83%93%E3%83%AB%201F,34.7030077,135.5060774,2022,うどん WEST,udon_west,発表日：2022年3月15日
うどん ゆきの,大阪府大阪市東住吉区山坂3-10-14,食べログ うどん WEST 百名店 2022,https://tabelog.com/osaka/A2701/A270405/27000574/,,https://www.google.com/maps/search/?api=1&query=%E3%81%86%E3%81%A9%E3%82%93%20%E3%82%86%E3%81%8D%E3%81%AE%20%E5%A4%A7%E9%98%AA%E5%BA%9C%E5%A4%A7%E9%98%AA%E5%B8%82%E6%9D%B1%E4%BD%8F%E5%90%89%E5%8C%BA%E5%B1%B1%E5%9D%823-10-14,34.6212423,135.5204220,2022,うどん WEST,udon_west,発表日：2022年3月15日
うどん棒 大阪本店,大阪府大阪市北区梅田1-1-3 大阪駅前第3ビル B2F,食べログ うどん WEST 百名店 2022,https://tabelog.com/osaka/A2701/A270101/27003766/,,https://www.google.com/maps/search/?api=1&query=%E3%81%86%E3%81%A9%E3%82%93%E6%A3%92%20%E5%A4%A7%E9%98%AA%E6%9C%AC%E5%BA%97%20%E5%A4%A7%E9%98%AA%E5%BA%9C%E5%A4%A7%E9%98%AA%E5%B8%82%E5%8C%97%E5%8C%BA%E6%A2%85%E7%94%B01-1-3%20%E5%A4%A7%E9%98%AA%E9%A7%85%E5%89%8D%E7%AC%AC3%E3%83%93%E3%83%AB%20B2F,34.6990494,135.4995071,2022,うどん WEST,udon_west,発表日：2022年3月15日
ちか定,滋賀県大津市玉野浦7-4,食べログ うなぎ 百名店 2022,https://tabelog.com/shiga/A2501/A250101/25000697/,,https://www.google.com/maps/search/?api=1&query=%E3%81%A1%E3%81%8B%E5%AE%9A%20%E6%BB%8B%E8%B3%80%E7%9C%8C%E5%A4%A7%E6%B4%A5%E5%B8%82%E7%8E%89%E9%87%8E%E6%B5%A67-4,34.9806793,135.9088342,2022,うなぎ,unagi,発表日：2022年7月12日
吉寅,大阪府大阪市中央区備後町1-6-6,食べログ うなぎ 百名店 2022,https://tabelog.com/osaka/A2701/A270106/27001073/,,https://www.google.com/maps/search/?api=1&query=%E5%90%89%E5%AF%85%20%E5%A4%A7%E9%98%AA%E5%BA%9C%E5%A4%A7%E9%98%AA%E5%B8%82%E4%B8%AD%E5%A4%AE%E5%8C%BA%E5%82%99%E5%BE%8C%E7%94%BA1-6-6,34.6854549,135.5071587,2022,うなぎ,unagi,発表日：2022年7月12日
鰻家,大阪府大阪市淀川区西中島4-5-22 第3新大阪ビル 1F,食べログ うなぎ 百名店 2022,https://tabelog.com/osaka/A2701/A270301/27080635/,,https://www.google.com/maps/search/?api=1&query=%E9%B0%BB%E5%AE%B6%20%E5%A4%A7%E9%98%AA%E5%BA%9C%E5%A4%A7%E9%98%AA%E5%B8%82%E6%B7%80%E5%B7%9D%E5%8C%BA%E8%A5%BF%E4%B8%AD%E5%B3%B64-5-22%20%E7%AC%AC3%E6%96%B0%E5%A4%A7%E9%98%AA%E3%83%93%E3%83%AB%201F,34.7273266,135.4966832,2022,うなぎ,unagi,発表日：2022年7月12日
祇をん う桶や う,京都府京都市東山区祇園西花見小路四条下ル,食べログ うなぎ 百名店 2022,https://tabelog.com/kyoto/A2601/A260301/26001387/,,https://www.google.com/maps/search/?api=1&query=%E7%A5%87%E3%82%92%E3%82%93%20%E3%81%86%E6%A1%B6%E3%82%84%20%E3%81%86%20%E4%BA%AC%E9%83%BD%E5%BA%9C%E4%BA%AC%E9%83%BD%E5%B8%82%E6%9D%B1%E5%B1%B1%E5%8C%BA%E7%A5%87%E5%9C%92%E8%A5%BF%E8%8A%B1%E8%A6%8B%E5%B0%8F%E8%B7%AF%E5%9B%9B%E6%9D%A1%E4%B8%8B%E3%83%AB,35.0020976,135.7743708,2022,うなぎ,unagi,発表日：2022年7月12日
う嵐,滋賀県大津市浜大津3-3-2,食べログ うなぎ 百名店 2022,https://tabelog.com/shiga/A2501/A250101/25004102/,,https://www.google.com/maps/search/?api=1&query=%E3%81%86%E5%B5%90%20%E6%BB%8B%E8%B3%80%E7%9C%8C%E5%A4%A7%E6%B4%A5%E5%B8%82%E6%B5%9C%E5%A4%A7%E6%B4%A53-3-2,35.0116047,135.8590362,2022,うなぎ,unagi,発表日：2022年7月12日
鰻 にしはら,大阪府大阪市中央区北新町4-12,食べログ うなぎ 百名店 2022,https://tabelog.com/osaka/A2701/A270104/27081196/,,https://www.google.com/maps/search/?api=1&query=%E9%B0%BB%20%E3%81%AB%E3%81%97%E3%81%AF%E3%82%89%20%E5%A4%A7%E9%98%AA%E5%BA%9C%E5%A4%A7%E9%98%AA%E5%B8%82%E4%B8%AD%E5%A4%AE%E5%8C%BA%E5%8C%97%E6%96%B0%E7%94%BA4-12,34.6852551,135.5147222,2022,うなぎ,unagi,発表日：2022年7月12日
うなぎ屋 廣川,京都府京都市右京区嵯峨天龍寺北造路町44-1,食べログ うなぎ 百名店 2022,https://tabelog.com/kyoto/A2601/A260403/26000921/,,https://www.google.com/maps/search/?api=1&query=%E3%81%86%E3%81%AA%E3%81%8E%E5%B1%8B%20%E5%BB%A3%E5%B7%9D%20%E4%BA%AC%E9%83%BD%E5%BA%9C%E4%BA%AC%E9%83%BD%E5%B8%82%E5%8F%B3%E4%BA%AC%E5%8C%BA%E5%B5%AF%E5%B3%A8%E5%A4%A9%E9%BE%8D%E5%AF%BA%E5%8C%97%E9%80%A0%E8%B7%AF%E7%94%BA44-1,35.0169665,135.6772510,2022,うなぎ,unagi,発表日：2022年7月12日
大國屋鰻兵衞,京都府京都市中京区菊屋町534,食べログ うなぎ 百名店 2022,https://tabelog.com/kyoto/A2601/A260201/26030320/,,https://www.google.com/maps/search/?api=1&query=%E5%A4%A7%E5%9C%8B%E5%B1%8B%E9%B0%BB%E5%85%B5%E8%A1%9E%20%E4%BA%AC%E9%83%BD%E5%BA%9C%E4%BA%AC%E9%83%BD%E5%B8%82%E4%B8%AD%E4%BA%AC%E5%8C%BA%E8%8F%8A%E5%B1%8B%E7%94%BA534,35.0052113,135.7633473,2022,うなぎ,unagi,発表日：2022年7月12日
伊賀喜,大阪府大阪市中央区谷町1丁目6-5 伊賀喜ビル,食べログ うなぎ 百名店 2022,https://tabelog.com/osaka/A2701/A270104/27011949/,,https://www.google.com/maps/search/?api=1&query=%E4%BC%8A%E8%B3%80%E5%96%9C%20%E5%A4%A7%E9%98%AA%E5%BA%9C%E5%A4%A7%E9%98%AA%E5%B8%82%E4%B8%AD%E5%A4%AE%E5%8C%BA%E8%B0%B7%E7%94%BA1%E4%B8%81%E7%9B%AE6-5%20%E4%BC%8A%E8%B3%80%E5%96%9C%E3%83%93%E3%83%AB,34.6889548,135.5171137,2022,うなぎ,unagi,発表日：2022年7月12日
うなぎの豊川,奈良県奈良市富雄元町3-3-12,食べログ うなぎ 百名店 2022,https://tabelog.com/nara/A2901/A290102/29000217/,,https://www.google.com/maps/search/?api=1&query=%E3%81%86%E3%81%AA%E3%81%8E%E3%81%AE%E8%B1%8A%E5%B7%9D%20%E5%A5%88%E8%89%AF%E7%9C%8C%E5%A5%88%E8%89%AF%E5%B8%82%E5%AF%8C%E9%9B%84%E5%85%83%E7%94%BA3-3-12,34.6924969,135.7322206,2022,うなぎ,unagi,発表日：2022年7月12日
さつま,大阪府大阪市北区堂島1丁目1-21 GOTS北新地ビル３号館 1階,食べログ 焼肉 WEST 百名店 2022,https://tabelog.com/osaka/A2701/A270101/27006074/,,https://www.google.com/maps/search/?api=1&query=%E3%81%95%E3%81%A4%E3%81%BE%20%E5%A4%A7%E9%98%AA%E5%BA%9C%E5%A4%A7%E9%98%AA%E5%B8%82%E5%8C%97%E5%8C%BA%E5%A0%82%E5%B3%B61%E4%B8%81%E7%9B%AE1-21%20GOTS%E5%8C%97%E6%96%B0%E5%9C%B0%E3%83%93%E3%83%AB%EF%BC%93%E5%8F%B7%E9%A4%A8%201%E9%9A%8E,34.6964095,135.5003690,2022,焼肉 WEST,yakiniku_west,発表日：2022年8月23日
川もり,京都府京都市東山区三条通白川橋東入五軒町113,食べログ 焼肉 WEST 百名店 2022,https://tabelog.com/kyoto/A2601/A260301/26008216/,,https://www.google.com/maps/search/?api=1&query=%E5%B7%9D%E3%82%82%E3%82%8A%20%E4%BA%AC%E9%83%BD%E5%BA%9C%E4%BA%AC%E9%83%BD%E5%B8%82%E6%9D%B1%E5%B1%B1%E5%8C%BA%E4%B8%89%E6%9D%A1%E9%80%9A%E7%99%BD%E5%B7%9D%E6%A9%8B%E6%9D%B1%E5%85%A5%E4%BA%94%E8%BB%92%E7%94%BA113,35.0095063,135.7813545,2022,焼肉 WEST,yakiniku_west,発表日：2022年8月23日
かまちゃん,大阪府東大阪市末広町1-4,食べログ 焼肉 WEST 百名店 2022,https://tabelog.com/osaka/A2707/A270703/27011419/,,https://www.google.com/maps/search/?api=1&query=%E3%81%8B%E3%81%BE%E3%81%A1%E3%82%83%E3%82%93%20%E5%A4%A7%E9%98%AA%E5%BA%9C%E6%9D%B1%E5%A4%A7%E9%98%AA%E5%B8%82%E6%9C%AB%E5%BA%83%E7%94%BA1-4,34.6574428,135.6396399,2022,焼肉 WEST,yakiniku_west,発表日：2022年8月23日
オカダ食品株式会社,兵庫県神戸市中央区楠町1-3-10 2F,食べログ 焼肉 WEST 百名店 2022,https://tabelog.com/hyogo/A2801/A280102/28042651/,,https://www.google.com/maps/search/?api=1&query=%E3%82%AA%E3%82%AB%E3%83%80%E9%A3%9F%E5%93%81%E6%A0%AA%E5%BC%8F%E4%BC%9A%E7%A4%BE%20%E5%85%B5%E5%BA%AB%E7%9C%8C%E7%A5%9E%E6%88%B8%E5%B8%82%E4%B8%AD%E5%A4%AE%E5%8C%BA%E6%A5%A0%E7%94%BA1-3-10%202F,34.6847014,135.1774121,2022,焼肉 WEST,yakiniku_west,発表日：2022年8月23日
鶴屋,兵庫県神戸市中央区中山手通1-14-2 マリンビル　１Ｆ,食べログ 焼肉 WEST 百名店 2022,https://tabelog.com/hyogo/A2801/A280101/28007472/,,https://www.google.com/maps/search/?api=1&query=%E9%B6%B4%E5%B1%8B%20%E5%85%B5%E5%BA%AB%E7%9C%8C%E7%A5%9E%E6%88%B8%E5%B8%82%E4%B8%AD%E5%A4%AE%E5%8C%BA%E4%B8%AD%E5%B1%B1%E6%89%8B%E9%80%9A1-14-2%20%E3%83%9E%E3%83%AA%E3%83%B3%E3%83%93%E3%83%AB%E3%80%80%EF%BC%91%EF%BC%A6,34.6958860,135.1916163,2022,焼肉 WEST,yakiniku_west,発表日：2022年8月23日
糸桜,兵庫県神戸市中央区北長狭通8-3-2 川口ビル　１Ｆ,食べログ 焼肉 WEST 百名店 2022,https://tabelog.com/hyogo/A2801/A280102/28008377/,https://tabelog.com/hyogo/A2801/A280102/28008377/?cid=google_yoyaku,https://www.google.com/maps/search/?api=1&query=%E7%B3%B8%E6%A1%9C%20%E5%85%B5%E5%BA%AB%E7%9C%8C%E7%A5%9E%E6%88%B8%E5%B8%82%E4%B8%AD%E5%A4%AE%E5%8C%BA%E5%8C%97%E9%95%B7%E7%8B%AD%E9%80%9A8-3-2%20%E5%B7%9D%E5%8F%A3%E3%83%93%E3%83%AB%E3%80%80%EF%BC%91%EF%BC%A6,34.6836143,135.1783463,2022,焼肉 WEST,yakiniku_west,発表日：2022年8月23日
焼肉八七,奈良県奈良市横井1-713-1,食べログ 焼肉 WEST 百名店 2022,https://tabelog.com/nara/A2901/A290101/29001942/,,https://www.google.com/maps/search/?api=1&query=%E7%84%BC%E8%82%89%E5%85%AB%E4%B8%83%20%E5%A5%88%E8%89%AF%E7%9C%8C%E5%A5%88%E8%89%AF%E5%B8%82%E6%A8%AA%E4%BA%951-713-1,34.6554829,135.8329525,2022,焼肉 WEST,yakiniku_west,発表日：2022年8月23日
万両 肥後橋店,大阪府大阪市西区土佐堀1-6-10 土佐堀トキワビル 1Ｆ,食べログ 焼肉 WEST 百名店 2022,https://tabelog.com/osaka/A2701/A270102/27088182/,https://tabelog.com/osaka/A2701/A270102/27088182/?cid=google_yoyaku,https://www.google.com/maps/search/?api=1&query=%E4%B8%87%E4%B8%A1%20%E8%82%A5%E5%BE%8C%E6%A9%8B%E5%BA%97%20%E5%A4%A7%E9%98%AA%E5%BA%9C%E5%A4%A7%E9%98%AA%E5%B8%82%E8%A5%BF%E5%8C%BA%E5%9C%9F%E4%BD%90%E5%A0%801-6-10%20%E5%9C%9F%E4%BD%90%E5%A0%80%E3%83%88%E3%82%AD%E3%83%AF%E3%83%93%E3%83%AB%201%EF%BC%A6,34.6901720,135.4923779,2022,焼肉 WEST,yakiniku_west,発表日：2022年8月23日
多来多来,京都府久世郡久御山町野村村東240,食べログ 焼肉 WEST 百名店 2022,https://tabelog.com/kyoto/A2607/A260702/26002078/,,https://www.google.com/maps/search/?api=1&query=%E5%A4%9A%E6%9D%A5%E5%A4%9A%E6%9D%A5%20%E4%BA%AC%E9%83%BD%E5%BA%9C%E4%B9%85%E4%B8%96%E9%83%A1%E4%B9%85%E5%BE%A1%E5%B1%B1%E7%94%BA%E9%87%8E%E6%9D%91%E6%9D%91%E6%9D%B1240,34.8920979,135.7409583,2022,焼肉 WEST,yakiniku_west,発表日：2022年8月23日
同心亭,大阪府大阪市北区同心2-15-25,食べログ 焼肉 WEST 百名店 2022,https://tabelog.com/osaka/A2701/A270304/27003798/,,https://www.google.com/maps/search/?api=1&query=%E5%90%8C%E5%BF%83%E4%BA%AD%20%E5%A4%A7%E9%98%AA%E5%BA%9C%E5%A4%A7%E9%98%AA%E5%B8%82%E5%8C%97%E5%8C%BA%E5%90%8C%E5%BF%832-15-25,34.7030071,135.5172628,2022,焼肉 WEST,yakiniku_west,発表日：2022年8月23日
半蔵,大阪府大阪市西区新町2-17-3,食べログ 焼肉 WEST 百名店 2022,https://tabelog.com/osaka/A2701/A270201/27034895/,,https://www.google.com/maps/search/?api=1&query=%E5%8D%8A%E8%94%B5%20%E5%A4%A7%E9%98%AA%E5%BA%9C%E5%A4%A7%E9%98%AA%E5%B8%82%E8%A5%BF%E5%8C%BA%E6%96%B0%E7%94%BA2-17-3,34.6773210,135.4915749,2022,焼肉 WEST,yakiniku_west,発表日：2022年8月23日
焼肉矢澤 京都,京都府京都市下京区神明町243 雅綾小路ビル 1F,食べログ 焼肉 WEST 百名店 2022,https://tabelog.com/kyoto/A2601/A260201/26028368/,https://tabelog.com/kyoto/A2601/A260201/26028368/?cid=google_yoyaku,https://www.google.com/maps/search/?api=1&query=%E7%84%BC%E8%82%89%E7%9F%A2%E6%BE%A4%20%E4%BA%AC%E9%83%BD%20%E4%BA%AC%E9%83%BD%E5%BA%9C%E4%BA%AC%E9%83%BD%E5%B8%82%E4%B8%8B%E4%BA%AC%E5%8C%BA%E7%A5%9E%E6%98%8E%E7%94%BA243%20%E9%9B%85%E7%B6%BE%E5%B0%8F%E8%B7%AF%E3%83%93%E3%83%AB%201F,35.0023268,135.7616509,2022,焼肉 WEST,yakiniku_west,発表日：2022年8月23日
焼肉政ちゃん,大阪府大阪市西成区鶴見橋3-8-21,食べログ 焼肉 WEST 百名店 2022,https://tabelog.com/osaka/A2701/A270406/27023255/,,https://www.google.com/maps/search/?api=1&query=%E7%84%BC%E8%82%89%E6%94%BF%E3%81%A1%E3%82%83%E3%82%93%20%E5%A4%A7%E9%98%AA%E5%BA%9C%E5%A4%A7%E9%98%AA%E5%B8%82%E8%A5%BF%E6%88%90%E5%8C%BA%E9%B6%B4%E8%A6%8B%E6%A9%8B3-8-21,34.6463656,135.4867069,2022,焼肉 WEST,yakiniku_west,発表日：2022年8月23日
奈良きみや 別邸 柘榴,大阪府大阪市北区西天満2-7-19 西宝ビル 1F,食べログ 焼肉 WEST 百名店 2022,https://tabelog.com/osaka/A2701/A270101/27113560/,,https://www.google.com/maps/search/?api=1&query=%E5%A5%88%E8%89%AF%E3%81%8D%E3%81%BF%E3%82%84%20%E5%88%A5%E9%82%B8%20%E6%9F%98%E6%A6%B4%20%E5%A4%A7%E9%98%AA%E5%BA%9C%E5%A4%A7%E9%98%AA%E5%B8%82%E5%8C%97%E5%8C%BA%E8%A5%BF%E5%A4%A9%E6%BA%802-7-19%20%E8%A5%BF%E5%AE%9D%E3%83%93%E3%83%AB%201F,34.6963110,135.5016890,2022,焼肉 WEST,yakiniku_west,発表日：2022年8月23日
神戸元町 炭火焼肉 くにきや,兵庫県神戸市中央区元町通3-2-17,食べログ 焼肉 WEST 百名店 2022,https://tabelog.com/hyogo/A2801/A280102/28006104/,,https://www.google.com/maps/search/?api=1&query=%E7%A5%9E%E6%88%B8%E5%85%83%E7%94%BA%20%E7%82%AD%E7%81%AB%E7%84%BC%E8%82%89%20%E3%81%8F%E3%81%AB%E3%81%8D%E3%82%84%20%E5%85%B5%E5%BA%AB%E7%9C%8C%E7%A5%9E%E6%88%B8%E5%B8%82%E4%B8%AD%E5%A4%AE%E5%8C%BA%E5%85%83%E7%94%BA%E9%80%9A3-2-17,34.6878816,135.1865615,2022,焼肉 WEST,yakiniku_west,発表日：2022年8月23日
きらく,兵庫県神戸市中央区吾妻通り5-4-5,食べログ 焼肉 WEST 百名店 2022,https://tabelog.com/hyogo/A2801/A280103/28005344/,,https://www.google.com/maps/search/?api=1&query=%E3%81%8D%E3%82%89%E3%81%8F%20%E5%85%B5%E5%BA%AB%E7%9C%8C%E7%A5%9E%E6%88%B8%E5%B8%82%E4%B8%AD%E5%A4%AE%E5%8C%BA%E5%90%BE%E5%A6%BB%E9%80%9A%E3%82%8A5-4-5,34.6979422,135.2033420,2022,焼肉 WEST,yakiniku_west,発表日：2022年8月23日
焼肉やまちゃん,京都府京都市中京区蛸屋町157-11,食べログ 焼肉 WEST 百名店 2022,https://tabelog.com/kyoto/A2601/A260201/26035839/,https://tabelog.com/kyoto/A2601/A260201/26035839/?cid=google_yoyaku,https://www.google.com/maps/search/?api=1&query=%E7%84%BC%E8%82%89%E3%82%84%E3%81%BE%E3%81%A1%E3%82%83%E3%82%93%20%E4%BA%AC%E9%83%BD%E5%BA%9C%E4%BA%AC%E9%83%BD%E5%B8%82%E4%B8%AD%E4%BA%AC%E5%8C%BA%E8%9B%B8%E5%B1%8B%E7%94%BA157-11,35.0061149,135.7660691,2022,焼肉 WEST,yakiniku_west,発表日：2022年8月23日
萩之茶屋鶴一 浪速筋店,大阪府大阪市西成区長橋3-2-7,食べログ 焼肉 WEST 百名店 2022,https://tabelog.com/osaka/A2701/A270406/27054104/,,https://www.google.com/maps/search/?api=1&query=%E8%90%A9%E4%B9%8B%E8%8C%B6%E5%B1%8B%E9%B6%B4%E4%B8%80%20%E6%B5%AA%E9%80%9F%E7%AD%8B%E5%BA%97%20%E5%A4%A7%E9%98%AA%E5%BA%9C%E5%A4%A7%E9%98%AA%E5%B8%82%E8%A5%BF%E6%88%90%E5%8C%BA%E9%95%B7%E6%A9%8B3-2-7,34.6478889,135.4901189,2022,焼肉 WEST,yakiniku_west,発表日：2022年8月23日
きみや,奈良県生駒市鹿畑町907,食べログ 焼肉 WEST 百名店 2022,https://tabelog.com/nara/A2901/A290102/29001982/,,https://www.google.com/maps/search/?api=1&query=%E3%81%8D%E3%81%BF%E3%82%84%20%E5%A5%88%E8%89%AF%E7%9C%8C%E7%94%9F%E9%A7%92%E5%B8%82%E9%B9%BF%E7%95%91%E7%94%BA907,34.7291024,135.7465789,2022,焼肉 WEST,yakiniku_west,発表日：2022年8月23日
和牛懐石 但馬屋 梅田,大阪府大阪市北区太融寺町8-2,食べログ 焼肉 WEST 百名店 2022,https://tabelog.com/osaka/A2701/A270101/27015353/,,https://www.google.com/maps/search/?api=1&query=%E5%92%8C%E7%89%9B%E6%87%90%E7%9F%B3%20%E4%BD%86%E9%A6%AC%E5%B1%8B%20%E6%A2%85%E7%94%B0%20%E5%A4%A7%E9%98%AA%E5%BA%9C%E5%A4%A7%E9%98%AA%E5%B8%82%E5%8C%97%E5%8C%BA%E5%A4%AA%E8%9E%8D%E5%AF%BA%E7%94%BA8-2,34.7013304,135.5024722,2022,焼肉 WEST,yakiniku_west,発表日：2022年8月23日
京洛焼肉 ぽめ,大阪府大阪市中央区東心斎橋2-1-25 大優ビル 1F,食べログ 焼肉 WEST 百名店 2022,https://tabelog.com/osaka/A2701/A270201/27119987/,,https://www.google.com/maps/search/?api=1&query=%E4%BA%AC%E6%B4%9B%E7%84%BC%E8%82%89%20%E3%81%BD%E3%82%81%20%E5%A4%A7%E9%98%AA%E5%BA%9C%E5%A4%A7%E9%98%AA%E5%B8%82%E4%B8%AD%E5%A4%AE%E5%8C%BA%E6%9D%B1%E5%BF%83%E6%96%8E%E6%A9%8B2-1-25%20%E5%A4%A7%E5%84%AA%E3%83%93%E3%83%AB%201F,34.6718280,135.5054932,2022,焼肉 WEST,yakiniku_west,発表日：2022年8月23日
松蘭,大阪府大阪市生野区小路2-26-25,食べログ 焼肉 WEST 百名店 2022,https://tabelog.com/osaka/A2701/A270306/27015864/,,https://www.google.com/maps/search/?api=1&query=%E6%9D%BE%E8%98%AD%20%E5%A4%A7%E9%98%AA%E5%BA%9C%E5%A4%A7%E9%98%AA%E5%B8%82%E7%94%9F%E9%87%8E%E5%8C%BA%E5%B0%8F%E8%B7%AF2-26-25,34.6615869,135.5551598,2022,焼肉 WEST,yakiniku_west,発表日：2022年8月23日
万両 南森町店,大阪府大阪市北区南森町1-2-14 ロイヤルハイツ　１Ｆ,食べログ 焼肉 WEST 百名店 2022,https://tabelog.com/osaka/A2701/A270103/27002291/,,https://www.google.com/maps/search/?api=1&query=%E4%B8%87%E4%B8%A1%20%E5%8D%97%E6%A3%AE%E7%94%BA%E5%BA%97%20%E5%A4%A7%E9%98%AA%E5%BA%9C%E5%A4%A7%E9%98%AA%E5%B8%82%E5%8C%97%E5%8C%BA%E5%8D%97%E6%A3%AE%E7%94%BA1-2-14%20%E3%83%AD%E3%82%A4%E3%83%A4%E3%83%AB%E3%83%8F%E3%82%A4%E3%83%84%E3%80%80%EF%BC%91%EF%BC%A6,34.6963081,135.5097017,2022,焼肉 WEST,yakiniku_west,発表日：2022年8月23日
肉料理 荒川,京都府京都市中京区西木屋町通四条上る紙屋町372-4,食べログ 焼肉 WEST 百名店 2022,https://tabelog.com/kyoto/A2601/A260201/26006491/,,https://www.google.com/maps/search/?api=1&query=%E8%82%89%E6%96%99%E7%90%86%20%E8%8D%92%E5%B7%9D%20%E4%BA%AC%E9%83%BD%E5%BA%9C%E4%BA%AC%E9%83%BD%E5%B8%82%E4%B8%AD%E4%BA%AC%E5%8C%BA%E8%A5%BF%E6%9C%A8%E5%B1%8B%E7%94%BA%E9%80%9A%E5%9B%9B%E6%9D%A1%E4%B8%8A%E3%82%8B%E7%B4%99%E5%B1%8B%E7%94%BA372-4,35.0046203,135.7702224,2022,焼肉 WEST,yakiniku_west,発表日：2022年8月23日
万両 天神橋店,大阪府大阪市北区天神橋3-1-9,食べログ 焼肉 WEST 百名店 2022,https://tabelog.com/osaka/A2701/A270103/27013555/,,https://www.google.com/maps/search/?api=1&query=%E4%B8%87%E4%B8%A1%20%E5%A4%A9%E7%A5%9E%E6%A9%8B%E5%BA%97%20%E5%A4%A7%E9%98%AA%E5%BA%9C%E5%A4%A7%E9%98%AA%E5%B8%82%E5%8C%97%E5%8C%BA%E5%A4%A9%E7%A5%9E%E6%A9%8B3-1-9,34.6987836,135.5118019,2022,焼肉 WEST,yakiniku_west,発表日：2022年8月23日
万葉 八日市店,滋賀県東近江市妙法寺町694-6,食べログ 焼肉 WEST 百名店 2022,https://tabelog.com/shiga/A2503/A250302/25005328/,,https://www.google.com/maps/search/?api=1&query=%E4%B8%87%E8%91%89%20%E5%85%AB%E6%97%A5%E5%B8%82%E5%BA%97%20%E6%BB%8B%E8%B3%80%E7%9C%8C%E6%9D%B1%E8%BF%91%E6%B1%9F%E5%B8%82%E5%A6%99%E6%B3%95%E5%AF%BA%E7%94%BA694-6,35.0992125,136.2262783,2022,焼肉 WEST,yakiniku_west,発表日：2022年8月23日
近江牛 焼肉竹,滋賀県東近江市東沖野4-1-9,食べログ 焼肉 WEST 百名店 2022,https://tabelog.com/shiga/A2503/A250302/25001052/,https://tabelog.com/shiga/A2503/A250302/25001052/?cid=google_yoyaku,https://www.google.com/maps/search/?api=1&query=%E8%BF%91%E6%B1%9F%E7%89%9B%20%E7%84%BC%E8%82%89%E7%AB%B9%20%E6%BB%8B%E8%B3%80%E7%9C%8C%E6%9D%B1%E8%BF%91%E6%B1%9F%E5%B8%82%E6%9D%B1%E6%B2%96%E9%87%8E4-1-9,35.1023980,136.2162680,2022,焼肉 WEST,yakiniku_west,発表日：2022年8月23日
満月,兵庫県神戸市中央区下山手通8-7-3,食べログ 焼肉 WEST 百名店 2022,https://tabelog.com/hyogo/A2801/A280102/28000918/,,https://www.google.com/maps/search/?api=1&query=%E6%BA%80%E6%9C%88%20%E5%85%B5%E5%BA%AB%E7%9C%8C%E7%A5%9E%E6%88%B8%E5%B8%82%E4%B8%AD%E5%A4%AE%E5%8C%BA%E4%B8%8B%E5%B1%B1%E6%89%8B%E9%80%9A8-7-3,34.6853072,135.1792549,2022,焼肉 WEST,yakiniku_west,発表日：2022年8月23日
ニュー万長,京都府京都市上京区仁和寺街道千本西入五番町5,食べログ 焼肉 WEST 百名店 2022,https://tabelog.com/kyoto/A2601/A260501/26007977/,,https://www.google.com/maps/search/?api=1&query=%E3%83%8B%E3%83%A5%E3%83%BC%E4%B8%87%E9%95%B7%20%E4%BA%AC%E9%83%BD%E5%BA%9C%E4%BA%AC%E9%83%BD%E5%B8%82%E4%B8%8A%E4%BA%AC%E5%8C%BA%E4%BB%81%E5%92%8C%E5%AF%BA%E8%A1%97%E9%81%93%E5%8D%83%E6%9C%AC%E8%A5%BF%E5%85%A5%E4%BA%94%E7%95%AA%E7%94%BA5,35.0239663,135.7421538,2022,焼肉 WEST,yakiniku_west,発表日：2022年8月23日
北新地やまがた屋,大阪府大阪市北区堂島1-5-5 エスパス北新地25 3Ｆ,食べログ 焼肉 WEST 百名店 2022,https://tabelog.com/osaka/A2701/A270101/27011099/,https://tabelog.com/osaka/A2701/A270101/27011099/?cid=google_yoyaku,https://www.google.com/maps/search/?api=1&query=%E5%8C%97%E6%96%B0%E5%9C%B0%E3%82%84%E3%81%BE%E3%81%8C%E3%81%9F%E5%B1%8B%20%E5%A4%A7%E9%98%AA%E5%BA%9C%E5%A4%A7%E9%98%AA%E5%B8%82%E5%8C%97%E5%8C%BA%E5%A0%82%E5%B3%B61-5-5%20%E3%82%A8%E3%82%B9%E3%83%91%E3%82%B9%E5%8C%97%E6%96%B0%E5%9C%B025%203%EF%BC%A6,34.6959938,135.4966584,2022,焼肉 WEST,yakiniku_west,発表日：2022年8月23日
個室 和牛焼肉 吟 難波店,大阪府大阪市中央区難波1-8-16 なんばHIPS 10F,食べログ 焼肉 WEST 百名店 2022,https://tabelog.com/osaka/A2701/A270202/27060998/,https://tabelog.com/osaka/A2701/A270202/27060998/?cid=google_yoyaku,https://www.google.com/maps/search/?api=1&query=%E5%80%8B%E5%AE%A4%20%E5%92%8C%E7%89%9B%E7%84%BC%E8%82%89%20%E5%90%9F%20%E9%9B%A3%E6%B3%A2%E5%BA%97%20%E5%A4%A7%E9%98%AA%E5%BA%9C%E5%A4%A7%E9%98%AA%E5%B8%82%E4%B8%AD%E5%A4%AE%E5%8C%BA%E9%9B%A3%E6%B3%A21-8-16%20%E3%81%AA%E3%82%93%E3%81%B0HIPS%2010F,34.6676542,135.5007463,2022,焼肉 WEST,yakiniku_west,発表日：2022年8月23日
游玄亭 ホテルニューオータニ大阪店,大阪府大阪市中央区城見1-4-1 ホテルニューオータニ大阪 3F,食べログ 焼肉 WEST 百名店 2022,https://tabelog.com/osaka/A2701/A270107/27009170/,https://tabelog.com/osaka/A2701/A270107/27009170/?cid=google_yoyaku,https://www.google.com/maps/search/?api=1&query=%E6%B8%B8%E7%8E%84%E4%BA%AD%20%E3%83%9B%E3%83%86%E3%83%AB%E3%83%8B%E3%83%A5%E3%83%BC%E3%82%AA%E3%83%BC%E3%82%BF%E3%83%8B%E5%A4%A7%E9%98%AA%E5%BA%97%20%E5%A4%A7%E9%98%AA%E5%BA%9C%E5%A4%A7%E9%98%AA%E5%B8%82%E4%B8%AD%E5%A4%AE%E5%8C%BA%E5%9F%8E%E8%A6%8B1-4-1%20%E3%83%9B%E3%83%86%E3%83%AB%E3%83%8B%E3%83%A5%E3%83%BC%E3%82%AA%E3%83%BC%E3%82%BF%E3%83%8B%E5%A4%A7%E9%98%AA%203F,34.6905062,135.5333458,2022,焼肉 WEST,yakiniku_west,発表日：2022年8月23日
上田商店,大阪府大阪市東住吉区針中野1-14-13,食べログ 焼肉 WEST 百名店 2022,https://tabelog.com/osaka/A2701/A270405/27102594/,https://tabelog.com/osaka/A2701/A270405/27102594/?cid=google_yoyaku,https://www.google.com/maps/search/?api=1&query=%E4%B8%8A%E7%94%B0%E5%95%86%E5%BA%97%20%E5%A4%A7%E9%98%AA%E5%BA%9C%E5%A4%A7%E9%98%AA%E5%B8%82%E6%9D%B1%E4%BD%8F%E5%90%89%E5%8C%BA%E9%87%9D%E4%B8%AD%E9%87%8E1-14-13,34.6192992,135.5329424,2022,焼肉 WEST,yakiniku_west,発表日：2022年8月23日
生ホルモン処 おさむちゃん。,大阪府堺市西区鳳北町8-33-4,食べログ 焼肉 WEST 百名店 2022,https://tabelog.com/osaka/A2705/A270501/27052134/,,https://www.google.com/maps/search/?api=1&query=%E7%94%9F%E3%83%9B%E3%83%AB%E3%83%A2%E3%83%B3%E5%87%A6%20%E3%81%8A%E3%81%95%E3%82%80%E3%81%A1%E3%82%83%E3%82%93%E3%80%82%20%E5%A4%A7%E9%98%AA%E5%BA%9C%E5%A0%BA%E5%B8%82%E8%A5%BF%E5%8C%BA%E9%B3%B3%E5%8C%97%E7%94%BA8-33-4,34.5421853,135.4590078,2022,焼肉 WEST,yakiniku_west,発表日：2022年8月23日
炭焼肉　石田屋。 Hanare,兵庫県神戸市中央区北長狭通1-21-2 TAKAIビル 7F,食べログ 焼肉 WEST 百名店 2022,https://tabelog.com/hyogo/A2801/A280101/28028299/,https://tabelog.com/hyogo/A2801/A280101/28028299/?cid=google_yoyaku,https://www.google.com/maps/search/?api=1&query=%E7%82%AD%E7%84%BC%E8%82%89%E3%80%80%E7%9F%B3%E7%94%B0%E5%B1%8B%E3%80%82%20Hanare%20%E5%85%B5%E5%BA%AB%E7%9C%8C%E7%A5%9E%E6%88%B8%E5%B8%82%E4%B8%AD%E5%A4%AE%E5%8C%BA%E5%8C%97%E9%95%B7%E7%8B%AD%E9%80%9A1-21-2%20TAKAI%E3%83%93%E3%83%AB%207F,34.6941685,135.1925155,2022,焼肉 WEST,yakiniku_west,発表日：2022年8月23日
Matasaburo,大阪府大阪市住吉区長居2-13-13 R HOTEL RE. OSAKA NAGAI PARK 1F,食べログ 焼肉 WEST 百名店 2022,https://tabelog.com/osaka/A2701/A270404/27057397/,https://tabelog.com/osaka/A2701/A270404/27057397/?cid=google_yoyaku,https://www.google.com/maps/search/?api=1&query=Matasaburo%20%E5%A4%A7%E9%98%AA%E5%BA%9C%E5%A4%A7%E9%98%AA%E5%B8%82%E4%BD%8F%E5%90%89%E5%8C%BA%E9%95%B7%E5%B1%852-13-13%20R%20HOTEL%20RE.%20OSAKA%20NAGAI%20PARK%201F,34.6121756,135.5129157,2022,焼肉 WEST,yakiniku_west,発表日：2022年8月23日
藤むら,京都府京都市下京区仏光寺通油小路西入ル,食べログ 焼肉 WEST 百名店 2022,https://tabelog.com/kyoto/A2601/A260101/26004181/,,https://www.google.com/maps/search/?api=1&query=%E8%97%A4%E3%82%80%E3%82%89%20%E4%BA%AC%E9%83%BD%E5%BA%9C%E4%BA%AC%E9%83%BD%E5%B8%82%E4%B8%8B%E4%BA%AC%E5%8C%BA%E4%BB%8F%E5%85%89%E5%AF%BA%E9%80%9A%E6%B2%B9%E5%B0%8F%E8%B7%AF%E8%A5%BF%E5%85%A5%E3%83%AB,35.0012867,135.7531522,2022,焼肉 WEST,yakiniku_west,発表日：2022年8月23日
万正,大阪府大阪市生野区桃谷3-3-2,食べログ 焼肉 WEST 百名店 2022,https://tabelog.com/osaka/A2701/A270205/27000561/,,https://www.google.com/maps/search/?api=1&query=%E4%B8%87%E6%AD%A3%20%E5%A4%A7%E9%98%AA%E5%BA%9C%E5%A4%A7%E9%98%AA%E5%B8%82%E7%94%9F%E9%87%8E%E5%8C%BA%E6%A1%83%E8%B0%B73-3-2,34.6620236,135.5359698,2022,焼肉 WEST,yakiniku_west,発表日：2022年8月23日
蔓牛,大阪府大阪市中央区瓦屋町3-5-14,食べログ 焼肉 WEST 百名店 2022,https://tabelog.com/osaka/A2701/A270202/27010644/,,https://www.google.com/maps/search/?api=1&query=%E8%94%93%E7%89%9B%20%E5%A4%A7%E9%98%AA%E5%BA%9C%E5%A4%A7%E9%98%AA%E5%B8%82%E4%B8%AD%E5%A4%AE%E5%8C%BA%E7%93%A6%E5%B1%8B%E7%94%BA3-5-14,34.6695954,135.5117147,2022,焼肉 WEST,yakiniku_west,発表日：2022年8月23日
アジェ 松原本店,京都府京都市下京区西木屋町通松原上ル東側 美松会館　１Ｆ,食べログ 焼肉 WEST 百名店 2022,https://tabelog.com/kyoto/A2601/A260301/26000080/,,https://www.google.com/maps/search/?api=1&query=%E3%82%A2%E3%82%B8%E3%82%A7%20%E6%9D%BE%E5%8E%9F%E6%9C%AC%E5%BA%97%20%E4%BA%AC%E9%83%BD%E5%BA%9C%E4%BA%AC%E9%83%BD%E5%B8%82%E4%B8%8B%E4%BA%AC%E5%8C%BA%E8%A5%BF%E6%9C%A8%E5%B1%8B%E7%94%BA%E9%80%9A%E6%9D%BE%E5%8E%9F%E4%B8%8A%E3%83%AB%E6%9D%B1%E5%81%B4%20%E7%BE%8E%E6%9D%BE%E4%BC%9A%E9%A4%A8%E3%80%80%EF%BC%91%EF%BC%A6,34.9991687,135.7682628,2022,焼肉 WEST,yakiniku_west,発表日：2022年8月23日
安兵衛,大阪府大阪市此花区西九条3-11-18,食べログ 焼肉 WEST 百名店 2022,https://tabelog.com/osaka/A2701/A270401/27000791/,,https://www.google.com/maps/search/?api=1&query=%E5%AE%89%E5%85%B5%E8%A1%9B%20%E5%A4%A7%E9%98%AA%E5%BA%9C%E5%A4%A7%E9%98%AA%E5%B8%82%E6%AD%A4%E8%8A%B1%E5%8C%BA%E8%A5%BF%E4%B9%9D%E6%9D%A13-11-18,34.6829852,135.4668389,2022,焼肉 WEST,yakiniku_west,発表日：2022年8月23日
江畑,京都府京都市上京区六軒町通下ル長者町東側四番町148-1,食べログ 焼肉 WEST 百名店 2022,https://tabelog.com/kyoto/A2601/A260501/26001035/,,https://www.google.com/maps/search/?api=1&query=%E6%B1%9F%E7%95%91%20%E4%BA%AC%E9%83%BD%E5%BA%9C%E4%BA%AC%E9%83%BD%E5%B8%82%E4%B8%8A%E4%BA%AC%E5%8C%BA%E5%85%AD%E8%BB%92%E7%94%BA%E9%80%9A%E4%B8%8B%E3%83%AB%E9%95%B7%E8%80%85%E7%94%BA%E6%9D%B1%E5%81%B4%E5%9B%9B%E7%95%AA%E7%94%BA148-1,35.0231008,135.7413254,2022,焼肉 WEST,yakiniku_west,発表日：2022年8月23日
味楽園,兵庫県尼崎市南竹谷町2-1,食べログ 焼肉 WEST 百名店 2022,https://tabelog.com/hyogo/A2803/A280304/28001406/,,https://www.google.com/maps/search/?api=1&query=%E5%91%B3%E6%A5%BD%E5%9C%92%20%E5%85%B5%E5%BA%AB%E7%9C%8C%E5%B0%BC%E5%B4%8E%E5%B8%82%E5%8D%97%E7%AB%B9%E8%B0%B7%E7%94%BA2-1,34.7175140,135.4051699,2022,焼肉 WEST,yakiniku_west,発表日：2022年8月23日
大番,大阪府大阪市北区曽根崎新地1-5-4 スプレッドビル　１Ｆ,食べログ 焼肉 WEST 百名店 2022,https://tabelog.com/osaka/A2701/A270101/27002139/,,https://www.google.com/maps/search/?api=1&query=%E5%A4%A7%E7%95%AA%20%E5%A4%A7%E9%98%AA%E5%BA%9C%E5%A4%A7%E9%98%AA%E5%B8%82%E5%8C%97%E5%8C%BA%E6%9B%BD%E6%A0%B9%E5%B4%8E%E6%96%B0%E5%9C%B01-5-4%20%E3%82%B9%E3%83%97%E3%83%AC%E3%83%83%E3%83%89%E3%83%93%E3%83%AB%E3%80%80%EF%BC%91%EF%BC%A6,34.6977486,135.4974909,2022,焼肉 WEST,yakiniku_west,発表日：2022年8月23日
万両 東天満店,大阪府大阪市北区天満2-7-25 塩見ビル　１Ｆ,食べログ 焼肉 WEST 百名店 2022,https://tabelog.com/osaka/A2701/A270103/27003763/,,https://www.google.com/maps/search/?api=1&query=%E4%B8%87%E4%B8%A1%20%E6%9D%B1%E5%A4%A9%E6%BA%80%E5%BA%97%20%E5%A4%A7%E9%98%AA%E5%BA%9C%E5%A4%A7%E9%98%AA%E5%B8%82%E5%8C%97%E5%8C%BA%E5%A4%A9%E6%BA%802-7-25%20%E5%A1%A9%E8%A6%8B%E3%83%93%E3%83%AB%E3%80%80%EF%BC%91%EF%BC%A6,34.6937972,135.5173226,2022,焼肉 WEST,yakiniku_west,発表日：2022年8月23日
つねちゃん,大阪府堺市堺区御陵通4-7 和伸ビル 1F,食べログ 焼肉 WEST 百名店 2022,https://tabelog.com/osaka/A2705/A270501/27079111/,,https://www.google.com/maps/search/?api=1&query=%E3%81%A4%E3%81%AD%E3%81%A1%E3%82%83%E3%82%93%20%E5%A4%A7%E9%98%AA%E5%BA%9C%E5%A0%BA%E5%B8%82%E5%A0%BA%E5%8C%BA%E5%BE%A1%E9%99%B5%E9%80%9A4-7%20%E5%92%8C%E4%BC%B8%E3%83%93%E3%83%AB%201F,34.5654693,135.4734755,2022,焼肉 WEST,yakiniku_west,発表日：2022年8月23日
京松蘭 本店,大阪府大阪市都島区片町2-11-22 京橋ROOBO 4F,食べログ 焼肉 WEST 百名店 2022,https://tabelog.com/osaka/A2701/A270107/27090232/,,https://www.google.com/maps/search/?api=1&query=%E4%BA%AC%E6%9D%BE%E8%98%AD%20%E6%9C%AC%E5%BA%97%20%E5%A4%A7%E9%98%AA%E5%BA%9C%E5%A4%A7%E9%98%AA%E5%B8%82%E9%83%BD%E5%B3%B6%E5%8C%BA%E7%89%87%E7%94%BA2-11-22%20%E4%BA%AC%E6%A9%8BROOBO%204F,34.6959544,135.5307890,2022,焼肉 WEST,yakiniku_west,発表日：2022年8月23日
焼肉たきもと,大阪府堺市北区中長尾町3-1-24,食べログ 焼肉 WEST 百名店 2022,https://tabelog.com/osaka/A2705/A270501/27019731/,https://tabelog.com/osaka/A2705/A270501/27019731/?cid=google_yoyaku,https://www.google.com/maps/search/?api=1&query=%E7%84%BC%E8%82%89%E3%81%9F%E3%81%8D%E3%82%82%E3%81%A8%20%E5%A4%A7%E9%98%AA%E5%BA%9C%E5%A0%BA%E5%B8%82%E5%8C%97%E5%8C%BA%E4%B8%AD%E9%95%B7%E5%B0%BE%E7%94%BA3-1-24,34.5729523,135.5001902,2022,焼肉 WEST,yakiniku_west,発表日：2022年8月23日
炭火焼肉屋台 たじま屋,兵庫県神戸市兵庫区西出町2-3-4,食べログ 焼肉 WEST 百名店 2022,https://tabelog.com/hyogo/A2801/A280109/28004023/,,https://www.google.com/maps/search/?api=1&query=%E7%82%AD%E7%81%AB%E7%84%BC%E8%82%89%E5%B1%8B%E5%8F%B0%20%E3%81%9F%E3%81%98%E3%81%BE%E5%B1%8B%20%E5%85%B5%E5%BA%AB%E7%9C%8C%E7%A5%9E%E6%88%B8%E5%B8%82%E5%85%B5%E5%BA%AB%E5%8C%BA%E8%A5%BF%E5%87%BA%E7%94%BA2-3-4,34.6728843,135.1772757,2022,焼肉 WEST,yakiniku_west,発表日：2022年8月23日
炭焼肉 石田屋。 トアロード,兵庫県神戸市中央区下山手通2-13-3 建創ビル 2F,食べログ 焼肉 WEST 百名店 2022,https://tabelog.com/hyogo/A2801/A280101/28036678/,,https://www.google.com/maps/search/?api=1&query=%E7%82%AD%E7%84%BC%E8%82%89%20%E7%9F%B3%E7%94%B0%E5%B1%8B%E3%80%82%20%E3%83%88%E3%82%A2%E3%83%AD%E3%83%BC%E3%83%89%20%E5%85%B5%E5%BA%AB%E7%9C%8C%E7%A5%9E%E6%88%B8%E5%B8%82%E4%B8%AD%E5%A4%AE%E5%8C%BA%E4%B8%8B%E5%B1%B1%E6%89%8B%E9%80%9A2-13-3%20%E5%BB%BA%E5%89%B5%E3%83%93%E3%83%AB%202F,34.6930306,135.1891093,2022,焼肉 WEST,yakiniku_west,発表日：2022年8月23日
雄三郎,兵庫県神戸市中央区加納町3-12-7,食べログ 焼肉 WEST 百名店 2022,https://tabelog.com/hyogo/A2801/A280101/28043971/,,https://www.google.com/maps/search/?api=1&query=%E9%9B%84%E4%B8%89%E9%83%8E%20%E5%85%B5%E5%BA%AB%E7%9C%8C%E7%A5%9E%E6%88%B8%E5%B8%82%E4%B8%AD%E5%A4%AE%E5%8C%BA%E5%8A%A0%E7%B4%8D%E7%94%BA3-12-7,34.6981205,135.1926089,2022,焼肉 WEST,yakiniku_west,発表日：2022年8月23日
焼肉くろちゃん,大阪府和泉市伏屋町1-12-27,食べログ 焼肉 WEST 百名店 2022,https://tabelog.com/osaka/A2705/A270501/27083330/,https://tabelog.com/osaka/A2705/A270501/27083330/?cid=google_yoyaku,https://www.google.com/maps/search/?api=1&query=%E7%84%BC%E8%82%89%E3%81%8F%E3%82%8D%E3%81%A1%E3%82%83%E3%82%93%20%E5%A4%A7%E9%98%AA%E5%BA%9C%E5%92%8C%E6%B3%89%E5%B8%82%E4%BC%8F%E5%B1%8B%E7%94%BA1-12-27,34.4881055,135.4661333,2022,焼肉 WEST,yakiniku_west,発表日：2022年8月23日
オカダ食品株式会社別棟,兵庫県神戸市中央区楠町1-5-8,食べログ 焼肉 WEST 百名店 2022,https://tabelog.com/hyogo/A2801/A280102/28054528/,,https://www.google.com/maps/search/?api=1&query=%E3%82%AA%E3%82%AB%E3%83%80%E9%A3%9F%E5%93%81%E6%A0%AA%E5%BC%8F%E4%BC%9A%E7%A4%BE%E5%88%A5%E6%A3%9F%20%E5%85%B5%E5%BA%AB%E7%9C%8C%E7%A5%9E%E6%88%B8%E5%B8%82%E4%B8%AD%E5%A4%AE%E5%8C%BA%E6%A5%A0%E7%94%BA1-5-8,34.6848286,135.1769755,2022,焼肉 WEST,yakiniku_west,発表日：2022年8月23日
焼肉かつらぎ,大阪府堺市北区北長尾町1丁7-14,食べログ 焼肉 WEST 百名店 2022,https://tabelog.com/osaka/A2705/A270501/27023411/,https://tabelog.com/osaka/A2705/A270501/27023411/?cid=google_yoyaku,https://www.google.com/maps/search/?api=1&query=%E7%84%BC%E8%82%89%E3%81%8B%E3%81%A4%E3%82%89%E3%81%8E%20%E5%A4%A7%E9%98%AA%E5%BA%9C%E5%A0%BA%E5%B8%82%E5%8C%97%E5%8C%BA%E5%8C%97%E9%95%B7%E5%B0%BE%E7%94%BA1%E4%B8%817-14,34.5769040,135.4992255,2022,焼肉 WEST,yakiniku_west,発表日：2022年8月23日
和牛 まつした 本通り店,大阪府大阪市北区曽根崎新地1-5-9 REXビル 6F,食べログ 焼肉 WEST 百名店 2022,https://tabelog.com/osaka/A2701/A270101/27018922/,https://tabelog.com/osaka/A2701/A270101/27018922/?cid=google_yoyaku,https://www.google.com/maps/search/?api=1&query=%E5%92%8C%E7%89%9B%20%E3%81%BE%E3%81%A4%E3%81%97%E3%81%9F%20%E6%9C%AC%E9%80%9A%E3%82%8A%E5%BA%97%20%E5%A4%A7%E9%98%AA%E5%BA%9C%E5%A4%A7%E9%98%AA%E5%B8%82%E5%8C%97%E5%8C%BA%E6%9B%BD%E6%A0%B9%E5%B4%8E%E6%96%B0%E5%9C%B01-5-9%20REX%E3%83%93%E3%83%AB%206F,34.6977455,135.4970316,2022,焼肉 WEST,yakiniku_west,発表日：2022年8月23日
焼肉 かっぱ梶岡,大阪府豊中市豊南町東3-5-23,食べログ 焼肉 WEST 百名店 2022,https://tabelog.com/osaka/A2706/A270601/27023459/,,https://www.google.com/maps/search/?api=1&query=%E7%84%BC%E8%82%89%20%E3%81%8B%E3%81%A3%E3%81%B1%E6%A2%B6%E5%B2%A1%20%E5%A4%A7%E9%98%AA%E5%BA%9C%E8%B1%8A%E4%B8%AD%E5%B8%82%E8%B1%8A%E5%8D%97%E7%94%BA%E6%9D%B13-5-23,34.7494745,135.4844948,2022,焼肉 WEST,yakiniku_west,発表日：2022年8月23日
和牛 まつした 上通り店,大阪府大阪市北区曽根崎新地1-3-30 北新地幸田ビル2F,食べログ 焼肉 WEST 百名店 2022,https://tabelog.com/osaka/A2701/A270101/27086935/,https://tabelog.com/osaka/A2701/A270101/27086935/?cid=google_yoyaku,https://www.google.com/maps/search/?api=1&query=%E5%92%8C%E7%89%9B%20%E3%81%BE%E3%81%A4%E3%81%97%E3%81%9F%20%E4%B8%8A%E9%80%9A%E3%82%8A%E5%BA%97%20%E5%A4%A7%E9%98%AA%E5%BA%9C%E5%A4%A7%E9%98%AA%E5%B8%82%E5%8C%97%E5%8C%BA%E6%9B%BD%E6%A0%B9%E5%B4%8E%E6%96%B0%E5%9C%B01-3-30%20%E5%8C%97%E6%96%B0%E5%9C%B0%E5%B9%B8%E7%94%B0%E3%83%93%E3%83%AB2F,34.6975006,135.4967410,2022,焼肉 WEST,yakiniku_west,発表日：2022年8月23日
やきにくポッサムチプ,兵庫県神戸市兵庫区駅南通1-2-20,食べログ 焼肉 WEST 百名店 2022,https://tabelog.com/hyogo/A2801/A280109/28002221/,https://tabelog.com/hyogo/A2801/A280109/28002221/?cid=google_yoyaku,https://www.google.com/maps/search/?api=1&query=%E3%82%84%E3%81%8D%E3%81%AB%E3%81%8F%E3%83%9D%E3%83%83%E3%82%B5%E3%83%A0%E3%83%81%E3%83%97%20%E5%85%B5%E5%BA%AB%E7%9C%8C%E7%A5%9E%E6%88%B8%E5%B8%82%E5%85%B5%E5%BA%AB%E5%8C%BA%E9%A7%85%E5%8D%97%E9%80%9A1-2-20,34.6666129,135.1641173,2022,焼肉 WEST,yakiniku_west,発表日：2022年8月23日
板前焼肉 一斗 天下茶屋本店,大阪府大阪市西成区天下茶屋東1-23-18,食べログ 焼肉 WEST 百名店 2022,https://tabelog.com/osaka/A2701/A270406/27011178/,,https://www.google.com/maps/search/?api=1&query=%E6%9D%BF%E5%89%8D%E7%84%BC%E8%82%89%20%E4%B8%80%E6%96%97%20%E5%A4%A9%E4%B8%8B%E8%8C%B6%E5%B1%8B%E6%9C%AC%E5%BA%97%20%E5%A4%A7%E9%98%AA%E5%BA%9C%E5%A4%A7%E9%98%AA%E5%B8%82%E8%A5%BF%E6%88%90%E5%8C%BA%E5%A4%A9%E4%B8%8B%E8%8C%B6%E5%B1%8B%E6%9D%B11-23-18,34.6422985,135.5022307,2022,焼肉 WEST,yakiniku_west,発表日：2022年8月23日
肉匠なか田 本店,大阪府大阪市中央区難波1-7-16 現代こいさんビル 5F,食べログ 焼肉 WEST 百名店 2022,https://tabelog.com/osaka/A2701/A270202/27001305/,https://tabelog.com/osaka/A2701/A270202/27001305/?cid=google_yoyaku,https://www.google.com/maps/search/?api=1&query=%E8%82%89%E5%8C%A0%E3%81%AA%E3%81%8B%E7%94%B0%20%E6%9C%AC%E5%BA%97%20%E5%A4%A7%E9%98%AA%E5%BA%9C%E5%A4%A7%E9%98%AA%E5%B8%82%E4%B8%AD%E5%A4%AE%E5%8C%BA%E9%9B%A3%E6%B3%A21-7-16%20%E7%8F%BE%E4%BB%A3%E3%81%93%E3%81%84%E3%81%95%E3%82%93%E3%83%93%E3%83%AB%205F,34.6680936,135.5009665,2022,焼肉 WEST,yakiniku_west,発表日：2022年8月23日
和牛の紀楽,大阪府大阪市北区天満2-12-7,食べログ 焼肉 WEST 百名店 2022,https://tabelog.com/osaka/A2701/A270104/27008433/,https://tabelog.com/osaka/A2701/A270104/27008433/?cid=google_yoyaku,https://www.google.com/maps/search/?api=1&query=%E5%92%8C%E7%89%9B%E3%81%AE%E7%B4%80%E6%A5%BD%20%E5%A4%A7%E9%98%AA%E5%BA%9C%E5%A4%A7%E9%98%AA%E5%B8%82%E5%8C%97%E5%8C%BA%E5%A4%A9%E6%BA%802-12-7,34.6948195,135.5170345,2022,焼肉 WEST,yakiniku_west,発表日：2022年8月23日
きみや 大阪本店,大阪府大阪市北区本庄西1-13-6,食べログ 焼肉 WEST 百名店 2022,https://tabelog.com/osaka/A2701/A270101/27098417/,https://tabelog.com/osaka/A2701/A270101/27098417/?cid=google_yoyaku,https://www.google.com/maps/search/?api=1&query=%E3%81%8D%E3%81%BF%E3%82%84%20%E5%A4%A7%E9%98%AA%E6%9C%AC%E5%BA%97%20%E5%A4%A7%E9%98%AA%E5%BA%9C%E5%A4%A7%E9%98%AA%E5%B8%82%E5%8C%97%E5%8C%BA%E6%9C%AC%E5%BA%84%E8%A5%BF1-13-6,34.7113555,135.5043624,2022,焼肉 WEST,yakiniku_west,発表日：2022年8月23日
ちょうちん,大阪府大阪市都島区大東町2-9-15,食べログ 焼肉 WEST 百名店 2022,https://tabelog.com/osaka/A2701/A270304/27023045/,,https://www.google.com/maps/search/?api=1&query=%E3%81%A1%E3%82%87%E3%81%86%E3%81%A1%E3%82%93%20%E5%A4%A7%E9%98%AA%E5%BA%9C%E5%A4%A7%E9%98%AA%E5%B8%82%E9%83%BD%E5%B3%B6%E5%8C%BA%E5%A4%A7%E6%9D%B1%E7%94%BA2-9-15,34.7253012,135.5293497,2022,焼肉 WEST,yakiniku_west,発表日：2022年8月23日
京の焼肉処 弘 千本三条本店,京都府京都市中京区壬生朱雀町2-6,食べログ 焼肉 WEST 百名店 2022,https://tabelog.com/kyoto/A2601/A260203/26002138/,,https://www.google.com/maps/search/?api=1&query=%E4%BA%AC%E3%81%AE%E7%84%BC%E8%82%89%E5%87%A6%20%E5%BC%98%20%E5%8D%83%E6%9C%AC%E4%B8%89%E6%9D%A1%E6%9C%AC%E5%BA%97%20%E4%BA%AC%E9%83%BD%E5%BA%9C%E4%BA%AC%E9%83%BD%E5%B8%82%E4%B8%AD%E4%BA%AC%E5%8C%BA%E5%A3%AC%E7%94%9F%E6%9C%B1%E9%9B%80%E7%94%BA2-6,35.0084648,135.7433894,2022,焼肉 WEST,yakiniku_west,発表日：2022年8月23日
