Name,Address,Description,Website,Google Maps URL,Latitude,Longitude,Year,Genre,Genre Slug,Release Date
森彦,北海道札幌市中央区南二条西26-2-18,食べログ カフェ EAST 百名店 2025,https://tabelog.com/hokkaido/A0101/A010105/1000080/,https://www.google.com/maps/search/?api=1&query=%E6%A3%AE%E5%BD%A6%20%E5%8C%97%E6%B5%B7%E9%81%93%E6%9C%AD%E5%B9%8C%E5%B8%82%E4%B8%AD%E5%A4%AE%E5%8C%BA%E5%8D%97%E4%BA%8C%E6%9D%A1%E8%A5%BF26-2-18,43.0533162,141.3186179,2025,カフェ EAST,cafe_east,発表日：2025年7月8日
アグリスケープ,北海道札幌市西区小別沢177,食べログ 創作料理・イノベーティブ 百名店 2025,https://tabelog.com/hokkaido/A0101/A010105/1061234/,https://www.google.com/maps/search/?api=1&query=%E3%82%A2%E3%82%B0%E3%83%AA%E3%82%B9%E3%82%B1%E3%83%BC%E3%83%97%20%E5%8C%97%E6%B5%B7%E9%81%93%E6%9C%AD%E5%B9%8C%E5%B8%82%E8%A5%BF%E5%8C%BA%E5%B0%8F%E5%88%A5%E6%B2%A2177,43.0438051,141.2767262,2025,創作料理・イノベーティブ,creative_innovative,発表日：2025年5月27日
Yoichi LOOP,北海道余市郡余市町黒川町4-123,食べログ 創作料理・イノベーティブ 百名店 2025,https://tabelog.com/hokkaido/A0106/A010602/1065828/,https://www.google.com/maps/search/?api=1&query=Yoichi%20LOOP%20%E5%8C%97%E6%B5%B7%E9%81%93%E4%BD%99%E5%B8%82%E9%83%A1%E4%BD%99%E5%B8%82%E7%94%BA%E9%BB%92%E5%B7%9D%E7%94%BA4-123,43.1871857,140.7936023,2025,創作料理・イノベーティブ,creative_innovative,発表日：2025年5月27日
霜止出苗,北海道札幌市中央区南9西4-5-12 カモカモビル1F,食べログ 創作料理・イノベーティブ 百名店 2025,https://tabelog.com/hokkaido/A0101/A010104/1061277/,https://www.google.com/maps/search/?api=1&query=%E9%9C%9C%E6%AD%A2%E5%87%BA%E8%8B%97%20%E5%8C%97%E6%B5%B7%E9%81%93%E6%9C%AD%E5%B9%8C%E5%B8%82%E4%B8%AD%E5%A4%AE%E5%8C%BA%E5%8D%979%E8%A5%BF4-5-12%20%E3%82%AB%E3%83%A2%E3%82%AB%E3%83%A2%E3%83%93%E3%83%AB1F,43.0476283,141.3529998,2025,創作料理・イノベーティブ,creative_innovative,発表日：2025年5月27日
モリエール モンターニュ,北海道虻田郡倶知安町岩尾別字328-47 パーク ハイアット ニセコ HANAZONO レジデンス棟 1F,食べログ フレンチ EAST 百名店 2025,https://tabelog.com/hokkaido/A0106/A010603/1063971/,https://www.google.com/maps/search/?api=1&query=%E3%83%A2%E3%83%AA%E3%82%A8%E3%83%BC%E3%83%AB%20%E3%83%A2%E3%83%B3%E3%82%BF%E3%83%BC%E3%83%8B%E3%83%A5%20%E5%8C%97%E6%B5%B7%E9%81%93%E8%99%BB%E7%94%B0%E9%83%A1%E5%80%B6%E7%9F%A5%E5%AE%89%E7%94%BA%E5%B2%A9%E5%B0%BE%E5%88%A5%E5%AD%97328-47%20%E3%83%91%E3%83%BC%E3%82%AF%20%E3%83%8F%E3%82%A4%E3%82%A2%E3%83%83%E3%83%88%20%E3%83%8B%E3%82%BB%E3%82%B3%20HANAZONO%20%E3%83%AC%E3%82%B8%E3%83%87%E3%83%B3%E3%82%B9%E6%A3%9F%201F,42.8934206,140.6996300,2025,フレンチ EAST,french_east,発表日：2025年6月10日
レストラン・アスペルジュ,北海道上川郡美瑛町大町2 美瑛選果,食べログ フレンチ EAST 百名店 2025,https://tabelog.com/hokkaido/A0104/A010403/1005336/,https://www.google.com/maps/search/?api=1&query=%E3%83%AC%E3%82%B9%E3%83%88%E3%83%A9%E3%83%B3%E3%83%BB%E3%82%A2%E3%82%B9%E3%83%9A%E3%83%AB%E3%82%B8%E3%83%A5%20%E5%8C%97%E6%B5%B7%E9%81%93%E4%B8%8A%E5%B7%9D%E9%83%A1%E7%BE%8E%E7%91%9B%E7%94%BA%E5%A4%A7%E7%94%BA2%20%E7%BE%8E%E7%91%9B%E9%81%B8%E6%9E%9C,43.5907581,142.4542693,2025,フレンチ EAST,french_east,発表日：2025年6月10日
ラ・サンテ,北海道札幌市中央区北3条西27-2-16,食べログ フレンチ EAST 百名店 2025,https://tabelog.com/hokkaido/A0101/A010105/1000183/,https://www.google.com/maps/search/?api=1&query=%E3%83%A9%E3%83%BB%E3%82%B5%E3%83%B3%E3%83%86%20%E5%8C%97%E6%B5%B7%E9%81%93%E6%9C%AD%E5%B9%8C%E5%B8%82%E4%B8%AD%E5%A4%AE%E5%8C%BA%E5%8C%973%E6%9D%A1%E8%A5%BF27-2-16,43.0602917,141.3160427,2025,フレンチ EAST,french_east,発表日：2025年6月10日
Remede nikaho,秋田県にかほ市平沢字家ノ後49-1,食べログ フレンチ EAST 百名店 2025,https://tabelog.com/akita/A0506/A050602/5008507/,https://www.google.com/maps/search/?api=1&query=Remede%20nikaho%20%E7%A7%8B%E7%94%B0%E7%9C%8C%E3%81%AB%E3%81%8B%E3%81%BB%E5%B8%82%E5%B9%B3%E6%B2%A2%E5%AD%97%E5%AE%B6%E3%83%8E%E5%BE%8C49-1,39.2923839,139.9668059,2025,フレンチ EAST,french_east,発表日：2025年6月10日
credo,山形県山形市飯田5-21-11,食べログ フレンチ EAST 百名店 2025,https://tabelog.com/yamagata/A0601/A060101/6011324/,https://www.google.com/maps/search/?api=1&query=credo%20%E5%B1%B1%E5%BD%A2%E7%9C%8C%E5%B1%B1%E5%BD%A2%E5%B8%82%E9%A3%AF%E7%94%B05-21-11,38.2106678,140.3273813,2025,フレンチ EAST,french_east,発表日：2025年6月10日
メゾン フジヤ ハコダテ,北海道函館市元町17-17,食べログ フレンチ EAST 百名店 2025,https://tabelog.com/hokkaido/A0105/A010501/1065131/,https://www.google.com/maps/search/?api=1&query=%E3%83%A1%E3%82%BE%E3%83%B3%20%E3%83%95%E3%82%B8%E3%83%A4%20%E3%83%8F%E3%82%B3%E3%83%80%E3%83%86%20%E5%8C%97%E6%B5%B7%E9%81%93%E5%87%BD%E9%A4%A8%E5%B8%82%E5%85%83%E7%94%BA17-17,41.7624117,140.7139332,2025,フレンチ EAST,french_east,発表日：2025年6月10日
HAGI,福島県いわき市内郷御台境町鬼越171-10,食べログ フレンチ EAST 百名店 2025,https://tabelog.com/fukushima/A0704/A070401/7008647/,https://www.google.com/maps/search/?api=1&query=HAGI%20%E7%A6%8F%E5%B3%B6%E7%9C%8C%E3%81%84%E3%82%8F%E3%81%8D%E5%B8%82%E5%86%85%E9%83%B7%E5%BE%A1%E5%8F%B0%E5%A2%83%E7%94%BA%E9%AC%BC%E8%B6%8A171-10,37.0524474,140.8653798,2025,フレンチ EAST,french_east,発表日：2025年6月10日
マリヨンヌ,北海道帯広市西一条南10-2-1,食べログ フレンチ EAST 百名店 2025,https://tabelog.com/hokkaido/A0111/A011101/1064481/,https://www.google.com/maps/search/?api=1&query=%E3%83%9E%E3%83%AA%E3%83%A8%E3%83%B3%E3%83%8C%20%E5%8C%97%E6%B5%B7%E9%81%93%E5%B8%AF%E5%BA%83%E5%B8%82%E8%A5%BF%E4%B8%80%E6%9D%A1%E5%8D%9710-2-1,42.9213772,143.2040422,2025,フレンチ EAST,french_east,発表日：2025年6月10日
レストラン パ・マル,山形県山形市七日町2-3-16,食べログ フレンチ EAST 百名店 2025,https://tabelog.com/yamagata/A0601/A060101/6009428/,https://www.google.com/maps/search/?api=1&query=%E3%83%AC%E3%82%B9%E3%83%88%E3%83%A9%E3%83%B3%20%E3%83%91%E3%83%BB%E3%83%9E%E3%83%AB%20%E5%B1%B1%E5%BD%A2%E7%9C%8C%E5%B1%B1%E5%BD%A2%E5%B8%82%E4%B8%83%E6%97%A5%E7%94%BA2-3-16,38.2520141,140.3412480,2025,フレンチ EAST,french_east,発表日：2025年6月10日
シェヌー,宮城県塩竈市海岸通7-2,食べログ フレンチ EAST 百名店 2025,https://tabelog.com/miyagi/A0404/A040404/4000003/,https://www.google.com/maps/search/?api=1&query=%E3%82%B7%E3%82%A7%E3%83%8C%E3%83%BC%20%E5%AE%AE%E5%9F%8E%E7%9C%8C%E5%A1%A9%E7%AB%88%E5%B8%82%E6%B5%B7%E5%B2%B8%E9%80%9A7-2,38.3185866,141.0213799,2025,フレンチ EAST,french_east,発表日：2025年6月10日
レストラン山崎,青森県弘前市親方町41,食べログ フレンチ EAST 百名店 2025,https://tabelog.com/aomori/A0202/A020201/2000326/,https://www.google.com/maps/search/?api=1&query=%E3%83%AC%E3%82%B9%E3%83%88%E3%83%A9%E3%83%B3%E5%B1%B1%E5%B4%8E%20%E9%9D%92%E6%A3%AE%E7%9C%8C%E5%BC%98%E5%89%8D%E5%B8%82%E8%A6%AA%E6%96%B9%E7%94%BA41,40.6023965,140.4703011,2025,フレンチ EAST,french_east,発表日：2025年6月10日
フレンチレストラン・プレジール,宮城県仙台市青葉区大町2丁目3-23 駒井ビル1F,食べログ フレンチ EAST 百名店 2025,https://tabelog.com/miyagi/A0401/A040101/4002558/,https://www.google.com/maps/search/?api=1&query=%E3%83%95%E3%83%AC%E3%83%B3%E3%83%81%E3%83%AC%E3%82%B9%E3%83%88%E3%83%A9%E3%83%B3%E3%83%BB%E3%83%97%E3%83%AC%E3%82%B8%E3%83%BC%E3%83%AB%20%E5%AE%AE%E5%9F%8E%E7%9C%8C%E4%BB%99%E5%8F%B0%E5%B8%82%E9%9D%92%E8%91%89%E5%8C%BA%E5%A4%A7%E7%94%BA2%E4%B8%81%E7%9B%AE3-23%20%E9%A7%92%E4%BA%95%E3%83%93%E3%83%AB1F,38.2590234,140.8655907,2025,フレンチ EAST,french_east,発表日：2025年6月10日
AKI NAGAO,北海道札幌市中央区南3西3-3 Ｇ　ＤＩＮＩＮＧ　１Ｆ,食べログ フレンチ EAST 百名店 2025,https://tabelog.com/hokkaido/A0101/A010103/1028665/,https://www.google.com/maps/search/?api=1&query=AKI%20NAGAO%20%E5%8C%97%E6%B5%B7%E9%81%93%E6%9C%AD%E5%B9%8C%E5%B8%82%E4%B8%AD%E5%A4%AE%E5%8C%BA%E5%8D%973%E8%A5%BF3-3%20%EF%BC%A7%E3%80%80%EF%BC%A4%EF%BC%A9%EF%BC%AE%EF%BC%A9%EF%BC%AE%EF%BC%A7%E3%80%80%EF%BC%91%EF%BC%A6,43.0564366,141.3542931,2025,フレンチ EAST,french_east,発表日：2025年6月10日
ル・ミュゼ・イデア,北海道札幌市中央区宮の森一条14-3-20 ル・ミュゼ 2F,食べログ フレンチ EAST 百名店 2025,https://tabelog.com/hokkaido/A0101/A010105/1064856/,https://www.google.com/maps/search/?api=1&query=%E3%83%AB%E3%83%BB%E3%83%9F%E3%83%A5%E3%82%BC%E3%83%BB%E3%82%A4%E3%83%87%E3%82%A2%20%E5%8C%97%E6%B5%B7%E9%81%93%E6%9C%AD%E5%B9%8C%E5%B8%82%E4%B8%AD%E5%A4%AE%E5%8C%BA%E5%AE%AE%E3%81%AE%E6%A3%AE%E4%B8%80%E6%9D%A114-3-20%20%E3%83%AB%E3%83%BB%E3%83%9F%E3%83%A5%E3%82%BC%202F,43.0498516,141.2989908,2025,フレンチ EAST,french_east,発表日：2025年6月10日
ロワゾー・パー・マツナガ,北海道函館市柏木町4-5,食べログ フレンチ EAST 百名店 2025,https://tabelog.com/hokkaido/A0105/A010501/1043997/,https://www.google.com/maps/search/?api=1&query=%E3%83%AD%E3%83%AF%E3%82%BE%E3%83%BC%E3%83%BB%E3%83%91%E3%83%BC%E3%83%BB%E3%83%9E%E3%83%84%E3%83%8A%E3%82%AC%20%E5%8C%97%E6%B5%B7%E9%81%93%E5%87%BD%E9%A4%A8%E5%B8%82%E6%9F%8F%E6%9C%A8%E7%94%BA4-5,41.7909936,140.7644954,2025,フレンチ EAST,french_east,発表日：2025年6月10日
シェムラブルリス,岩手県盛岡市神明町10-10,食べログ フレンチ EAST 百名店 2025,https://tabelog.com/iwate/A0301/A030101/3007052/,https://www.google.com/maps/search/?api=1&query=%E3%82%B7%E3%82%A7%E3%83%A0%E3%83%A9%E3%83%96%E3%83%AB%E3%83%AA%E3%82%B9%20%E5%B2%A9%E6%89%8B%E7%9C%8C%E7%9B%9B%E5%B2%A1%E5%B8%82%E7%A5%9E%E6%98%8E%E7%94%BA10-10,39.7002043,141.1591749,2025,フレンチ EAST,french_east,発表日：2025年6月10日
フェネトレ,北海道標津郡中標津町緑町南1-2-29,食べログ フレンチ EAST 百名店 2025,https://tabelog.com/hokkaido/A0112/A011204/1064822/,https://www.google.com/maps/search/?api=1&query=%E3%83%95%E3%82%A7%E3%83%8D%E3%83%88%E3%83%AC%20%E5%8C%97%E6%B5%B7%E9%81%93%E6%A8%99%E6%B4%A5%E9%83%A1%E4%B8%AD%E6%A8%99%E6%B4%A5%E7%94%BA%E7%B7%91%E7%94%BA%E5%8D%971-2-29,43.5351809,144.9621272,2025,フレンチ EAST,french_east,発表日：2025年6月10日
スシュ,秋田県秋田市大町1-2-40,食べログ フレンチ EAST 百名店 2025,https://tabelog.com/akita/A0501/A050101/5009178/,https://www.google.com/maps/search/?api=1&query=%E3%82%B9%E3%82%B7%E3%83%A5%20%E7%A7%8B%E7%94%B0%E7%9C%8C%E7%A7%8B%E7%94%B0%E5%B8%82%E5%A4%A7%E7%94%BA1-2-40,39.7191173,140.1177249,2025,フレンチ EAST,french_east,発表日：2025年6月10日
エッサンス,秋田県秋田市手形西谷地704-1 センティースマンション 105,食べログ フレンチ EAST 百名店 2025,https://tabelog.com/akita/A0501/A050101/5006735/,https://www.google.com/maps/search/?api=1&query=%E3%82%A8%E3%83%83%E3%82%B5%E3%83%B3%E3%82%B9%20%E7%A7%8B%E7%94%B0%E7%9C%8C%E7%A7%8B%E7%94%B0%E5%B8%82%E6%89%8B%E5%BD%A2%E8%A5%BF%E8%B0%B7%E5%9C%B0704-1%20%E3%82%BB%E3%83%B3%E3%83%86%E3%82%A3%E3%83%BC%E3%82%B9%E3%83%9E%E3%83%B3%E3%82%B7%E3%83%A7%E3%83%B3%20105,39.7173699,140.1343380,2025,フレンチ EAST,french_east,発表日：2025年6月10日
プチレストラン ブーケ・ド・フランス,青森県青森市虹ヶ丘1-10-7,食べログ フレンチ EAST 百名店 2025,https://tabelog.com/aomori/A0201/A020101/2000155/,https://www.google.com/maps/search/?api=1&query=%E3%83%97%E3%83%81%E3%83%AC%E3%82%B9%E3%83%88%E3%83%A9%E3%83%B3%20%E3%83%96%E3%83%BC%E3%82%B1%E3%83%BB%E3%83%89%E3%83%BB%E3%83%95%E3%83%A9%E3%83%B3%E3%82%B9%20%E9%9D%92%E6%A3%AE%E7%9C%8C%E9%9D%92%E6%A3%AE%E5%B8%82%E8%99%B9%E3%83%B6%E4%B8%981-10-7,40.8115895,140.7934418,2025,フレンチ EAST,french_east,発表日：2025年6月10日
Kashu,青森県青森市新町1-10-4,食べログ フレンチ EAST 百名店 2025,https://tabelog.com/aomori/A0201/A020101/2011353/,https://www.google.com/maps/search/?api=1&query=Kashu%20%E9%9D%92%E6%A3%AE%E7%9C%8C%E9%9D%92%E6%A3%AE%E5%B8%82%E6%96%B0%E7%94%BA1-10-4,40.8274778,140.7392539,2025,フレンチ EAST,french_east,発表日：2025年6月10日
オーベルジュ・ド・リル サッポロ,北海道札幌市中央区南一条西28-3-1,食べログ フレンチ EAST 百名店 2025,https://tabelog.com/hokkaido/A0101/A010105/1000049/,https://www.google.com/maps/search/?api=1&query=%E3%82%AA%E3%83%BC%E3%83%99%E3%83%AB%E3%82%B8%E3%83%A5%E3%83%BB%E3%83%89%E3%83%BB%E3%83%AA%E3%83%AB%20%E3%82%B5%E3%83%83%E3%83%9D%E3%83%AD%20%E5%8C%97%E6%B5%B7%E9%81%93%E6%9C%AD%E5%B9%8C%E5%B8%82%E4%B8%AD%E5%A4%AE%E5%8C%BA%E5%8D%97%E4%B8%80%E6%9D%A1%E8%A5%BF28-3-1,43.0548971,141.3145110,2025,フレンチ EAST,french_east,発表日：2025年6月10日
レストラン・モリエール,北海道札幌市中央区宮ケ丘2-1-1 ラファイエット宮ヶ丘　１Ｆ,食べログ フレンチ EAST 百名店 2025,https://tabelog.com/hokkaido/A0101/A010105/1000022/,https://www.google.com/maps/search/?api=1&query=%E3%83%AC%E3%82%B9%E3%83%88%E3%83%A9%E3%83%B3%E3%83%BB%E3%83%A2%E3%83%AA%E3%82%A8%E3%83%BC%E3%83%AB%20%E5%8C%97%E6%B5%B7%E9%81%93%E6%9C%AD%E5%B9%8C%E5%B8%82%E4%B8%AD%E5%A4%AE%E5%8C%BA%E5%AE%AE%E3%82%B1%E4%B8%982-1-1%20%E3%83%A9%E3%83%95%E3%82%A1%E3%82%A4%E3%82%A8%E3%83%83%E3%83%88%E5%AE%AE%E3%83%B6%E4%B8%98%E3%80%80%EF%BC%91%EF%BC%A6,43.0573825,141.3116058,2025,フレンチ EAST,french_east,発表日：2025年6月10日
meli melo,北海道札幌市中央区南3西3-11 メッセビル 2F,食べログ フレンチ EAST 百名店 2025,https://tabelog.com/hokkaido/A0101/A010102/1063472/,https://www.google.com/maps/search/?api=1&query=meli%20melo%20%E5%8C%97%E6%B5%B7%E9%81%93%E6%9C%AD%E5%B9%8C%E5%B8%82%E4%B8%AD%E5%A4%AE%E5%8C%BA%E5%8D%973%E8%A5%BF3-11%20%E3%83%A1%E3%83%83%E3%82%BB%E3%83%93%E3%83%AB%202F,43.0572948,141.3542589,2025,フレンチ EAST,french_east,発表日：2025年6月10日
ナクレ,宮城県仙台市青葉区一番町3-1-1 藤崎ファーストタワー館 4F,食べログ フレンチ EAST 百名店 2025,https://tabelog.com/miyagi/A0401/A040101/4023008/,https://www.google.com/maps/search/?api=1&query=%E3%83%8A%E3%82%AF%E3%83%AC%20%E5%AE%AE%E5%9F%8E%E7%9C%8C%E4%BB%99%E5%8F%B0%E5%B8%82%E9%9D%92%E8%91%89%E5%8C%BA%E4%B8%80%E7%95%AA%E7%94%BA3-1-1%20%E8%97%A4%E5%B4%8E%E3%83%95%E3%82%A1%E3%83%BC%E3%82%B9%E3%83%88%E3%82%BF%E3%83%AF%E3%83%BC%E9%A4%A8%204F,38.2607096,140.8742871,2025,フレンチ EAST,french_east,発表日：2025年6月10日
ゴーシェ,北海道札幌市中央区南3条西8-7 大洋ビル 2F,食べログ フレンチ EAST 百名店 2025,https://tabelog.com/hokkaido/A0101/A010103/1048816/,https://www.google.com/maps/search/?api=1&query=%E3%82%B4%E3%83%BC%E3%82%B7%E3%82%A7%20%E5%8C%97%E6%B5%B7%E9%81%93%E6%9C%AD%E5%B9%8C%E5%B8%82%E4%B8%AD%E5%A4%AE%E5%8C%BA%E5%8D%973%E6%9D%A1%E8%A5%BF8-7%20%E5%A4%A7%E6%B4%8B%E3%83%93%E3%83%AB%202F,43.0560980,141.3463387,2025,フレンチ EAST,french_east,発表日：2025年6月10日
arkua,宮城県仙台市青葉区国分町3-5-22 清野ビルディング 1F,食べログ フレンチ EAST 百名店 2025,https://tabelog.com/miyagi/A0401/A040101/4025238/,https://www.google.com/maps/search/?api=1&query=arkua%20%E5%AE%AE%E5%9F%8E%E7%9C%8C%E4%BB%99%E5%8F%B0%E5%B8%82%E9%9D%92%E8%91%89%E5%8C%BA%E5%9B%BD%E5%88%86%E7%94%BA3-5-22%20%E6%B8%85%E9%87%8E%E3%83%93%E3%83%AB%E3%83%87%E3%82%A3%E3%83%B3%E3%82%B0%201F,38.2666920,140.8677103,2025,フレンチ EAST,french_east,発表日：2025年6月10日
レストラン コートドール,北海道札幌市中央区宮ケ丘1-2-38,食べログ フレンチ EAST 百名店 2025,https://tabelog.com/hokkaido/A0101/A010105/1000005/,https://www.google.com/maps/search/?api=1&query=%E3%83%AC%E3%82%B9%E3%83%88%E3%83%A9%E3%83%B3%20%E3%82%B3%E3%83%BC%E3%83%88%E3%83%89%E3%83%BC%E3%83%AB%20%E5%8C%97%E6%B5%B7%E9%81%93%E6%9C%AD%E5%B9%8C%E5%B8%82%E4%B8%AD%E5%A4%AE%E5%8C%BA%E5%AE%AE%E3%82%B1%E4%B8%981-2-38,43.0580230,141.3121314,2025,フレンチ EAST,french_east,発表日：2025年6月10日
ジュエーメ,秋田県大仙市戸蒔字谷地添100-1,食べログ イタリアン EAST 百名店 2025,https://tabelog.com/akita/A0504/A050402/5006765/,https://www.google.com/maps/search/?api=1&query=%E3%82%B8%E3%83%A5%E3%82%A8%E3%83%BC%E3%83%A1%20%E7%A7%8B%E7%94%B0%E7%9C%8C%E5%A4%A7%E4%BB%99%E5%B8%82%E6%88%B8%E8%92%94%E5%AD%97%E8%B0%B7%E5%9C%B0%E6%B7%BB100-1,39.4509758,140.5023045,2025,イタリアン EAST,italian_east,発表日：2025年4月22日
アルチェントロ,青森県青森市長島2-15-2,食べログ イタリアン EAST 百名店 2025,https://tabelog.com/aomori/A0201/A020101/2005075/,https://www.google.com/maps/search/?api=1&query=%E3%82%A2%E3%83%AB%E3%83%81%E3%82%A7%E3%83%B3%E3%83%88%E3%83%AD%20%E9%9D%92%E6%A3%AE%E7%9C%8C%E9%9D%92%E6%A3%AE%E5%B8%82%E9%95%B7%E5%B3%B62-15-2,40.8218938,140.7422332,2025,イタリアン EAST,italian_east,発表日：2025年4月22日
アル・ケッチァーノ,山形県鶴岡市遠賀原字稲荷43,食べログ イタリアン EAST 百名店 2025,https://tabelog.com/yamagata/A0603/A060302/6011928/,https://www.google.com/maps/search/?api=1&query=%E3%82%A2%E3%83%AB%E3%83%BB%E3%82%B1%E3%83%83%E3%83%81%E3%82%A1%E3%83%BC%E3%83%8E%20%E5%B1%B1%E5%BD%A2%E7%9C%8C%E9%B6%B4%E5%B2%A1%E5%B8%82%E9%81%A0%E8%B3%80%E5%8E%9F%E5%AD%97%E7%A8%B2%E8%8D%B743,38.7068660,139.8414826,2025,イタリアン EAST,italian_east,発表日：2025年4月22日
カーサ・デル・チーボ,青森県八戸市湊高台1-19-6,食べログ イタリアン EAST 百名店 2025,https://tabelog.com/aomori/A0203/A020301/2006500/,https://www.google.com/maps/search/?api=1&query=%E3%82%AB%E3%83%BC%E3%82%B5%E3%83%BB%E3%83%87%E3%83%AB%E3%83%BB%E3%83%81%E3%83%BC%E3%83%9C%20%E9%9D%92%E6%A3%AE%E7%9C%8C%E5%85%AB%E6%88%B8%E5%B8%82%E6%B9%8A%E9%AB%98%E5%8F%B01-19-6,40.5076952,141.5361166,2025,イタリアン EAST,italian_east,発表日：2025年4月22日
ラ クチーナ ヴェンティトレ,北海道函館市柳町14-23,食べログ イタリアン EAST 百名店 2025,https://tabelog.com/hokkaido/A0105/A010501/1014060/,https://www.google.com/maps/search/?api=1&query=%E3%83%A9%20%E3%82%AF%E3%83%81%E3%83%BC%E3%83%8A%20%E3%83%B4%E3%82%A7%E3%83%B3%E3%83%86%E3%82%A3%E3%83%88%E3%83%AC%20%E5%8C%97%E6%B5%B7%E9%81%93%E5%87%BD%E9%A4%A8%E5%B8%82%E6%9F%B3%E7%94%BA14-23,41.7925386,140.7653397,2025,イタリアン EAST,italian_east,発表日：2025年4月22日
f,秋田県秋田市中通5-5-31 KMビル 3F,食べログ イタリアン EAST 百名店 2025,https://tabelog.com/akita/A0501/A050101/5009499/,https://www.google.com/maps/search/?api=1&query=f%20%E7%A7%8B%E7%94%B0%E7%9C%8C%E7%A7%8B%E7%94%B0%E5%B8%82%E4%B8%AD%E9%80%9A5-5-31%20KM%E3%83%93%E3%83%AB%203F,39.7120953,140.1194171,2025,イタリアン EAST,italian_east,発表日：2025年4月22日
トラットリア ダ オクムラ,北海道-札幌市中央区南2条西4 乙井ビル B1F,食べログ イタリアン EAST 百名店 2025,https://tabelog.com/hokkaido/A0101/A010103/1057270/,https://www.google.com/maps/search/?api=1&query=%E3%83%88%E3%83%A9%E3%83%83%E3%83%88%E3%83%AA%E3%82%A2%20%E3%83%80%20%E3%82%AA%E3%82%AF%E3%83%A0%E3%83%A9%20%E5%8C%97%E6%B5%B7%E9%81%93-%E6%9C%AD%E5%B9%8C%E5%B8%82%E4%B8%AD%E5%A4%AE%E5%8C%BA%E5%8D%972%E6%9D%A1%E8%A5%BF4%20%E4%B9%99%E4%BA%95%E3%83%93%E3%83%AB%20B1F,43.0578351,141.3515952,2025,イタリアン EAST,italian_east,発表日：2025年4月22日
Badalone,岩手県花巻市大通り1-5-12,食べログ イタリアン EAST 百名店 2025,https://tabelog.com/iwate/A0302/A030201/3007303/,https://www.google.com/maps/search/?api=1&query=Badalone%20%E5%B2%A9%E6%89%8B%E7%9C%8C%E8%8A%B1%E5%B7%BB%E5%B8%82%E5%A4%A7%E9%80%9A%E3%82%8A1-5-12,39.3912249,141.1125009,2025,イタリアン EAST,italian_east,発表日：2025年4月22日
イル コテキーノ,山形県山形市あこや町2-1-28,食べログ イタリアン EAST 百名店 2025,https://tabelog.com/yamagata/A0601/A060101/6011015/,https://www.google.com/maps/search/?api=1&query=%E3%82%A4%E3%83%AB%20%E3%82%B3%E3%83%86%E3%82%AD%E3%83%BC%E3%83%8E%20%E5%B1%B1%E5%BD%A2%E7%9C%8C%E5%B1%B1%E5%BD%A2%E5%B8%82%E3%81%82%E3%81%93%E3%82%84%E7%94%BA2-1-28,38.2419270,140.3498097,2025,イタリアン EAST,italian_east,発表日：2025年4月22日
TAKAO,北海道札幌市中央区南3条西23-2-10 Condo Maruyama KIRARI 1F,食べログ イタリアン EAST 百名店 2025,https://tabelog.com/hokkaido/A0101/A010105/1051245/,https://www.google.com/maps/search/?api=1&query=TAKAO%20%E5%8C%97%E6%B5%B7%E9%81%93%E6%9C%AD%E5%B9%8C%E5%B8%82%E4%B8%AD%E5%A4%AE%E5%8C%BA%E5%8D%973%E6%9D%A1%E8%A5%BF23-2-10%20Condo%20Maruyama%20KIRARI%201F,43.0533076,141.3227527,2025,イタリアン EAST,italian_east,発表日：2025年4月22日
エノテカ・ラ・リコルマ,北海道函館市富岡町2-33-12,食べログ イタリアン EAST 百名店 2025,https://tabelog.com/hokkaido/A0105/A010501/1002207/,https://www.google.com/maps/search/?api=1&query=%E3%82%A8%E3%83%8E%E3%83%86%E3%82%AB%E3%83%BB%E3%83%A9%E3%83%BB%E3%83%AA%E3%82%B3%E3%83%AB%E3%83%9E%20%E5%8C%97%E6%B5%B7%E9%81%93%E5%87%BD%E9%A4%A8%E5%B8%82%E5%AF%8C%E5%B2%A1%E7%94%BA2-33-12,41.8051098,140.7510605,2025,イタリアン EAST,italian_east,発表日：2025年4月22日
Ristorante SHIKAZAWA,岩手県盛岡市菜園2-4-6,食べログ イタリアン EAST 百名店 2025,https://tabelog.com/iwate/A0301/A030101/3006532/,https://www.google.com/maps/search/?api=1&query=Ristorante%20SHIKAZAWA%20%E5%B2%A9%E6%89%8B%E7%9C%8C%E7%9B%9B%E5%B2%A1%E5%B8%82%E8%8F%9C%E5%9C%922-4-6,39.7020382,141.1462095,2025,イタリアン EAST,italian_east,発表日：2025年4月22日
余市SAGRA,北海道余市郡余市町登町987-2,食べログ イタリアン EAST 百名店 2025,https://tabelog.com/hokkaido/A0106/A010602/1057186/,https://www.google.com/maps/search/?api=1&query=%E4%BD%99%E5%B8%82SAGRA%20%E5%8C%97%E6%B5%B7%E9%81%93%E4%BD%99%E5%B8%82%E9%83%A1%E4%BD%99%E5%B8%82%E7%94%BA%E7%99%BB%E7%94%BA987-2,43.1656875,140.8211636,2025,イタリアン EAST,italian_east,発表日：2025年4月22日
affetto akita,秋田県由利本荘市本荘64 AIBAビル 1F,食べログ イタリアン EAST 百名店 2025,https://tabelog.com/akita/A0506/A050601/5008365/,https://www.google.com/maps/search/?api=1&query=affetto%20akita%20%E7%A7%8B%E7%94%B0%E7%9C%8C%E7%94%B1%E5%88%A9%E6%9C%AC%E8%8D%98%E5%B8%82%E6%9C%AC%E8%8D%9864%20AIBA%E3%83%93%E3%83%AB%201F,39.3919248,140.0474341,2025,イタリアン EAST,italian_east,発表日：2025年4月22日
マガーリ,北海道札幌市中央区大通西14丁目1-14 NEOビル1F,食べログ イタリアン EAST 百名店 2025,https://tabelog.com/hokkaido/A0101/A010102/1057726/,https://www.google.com/maps/search/?api=1&query=%E3%83%9E%E3%82%AC%E3%83%BC%E3%83%AA%20%E5%8C%97%E6%B5%B7%E9%81%93%E6%9C%AD%E5%B9%8C%E5%B8%82%E4%B8%AD%E5%A4%AE%E5%8C%BA%E5%A4%A7%E9%80%9A%E8%A5%BF14%E4%B8%81%E7%9B%AE1-14%20NEO%E3%83%93%E3%83%AB1F,43.0577713,141.3361143,2025,イタリアン EAST,italian_east,発表日：2025年4月22日
コルツ,北海道函館市宝来町34-7,食べログ イタリアン EAST 百名店 2025,https://tabelog.com/hokkaido/A0105/A010501/1075368/,https://www.google.com/maps/search/?api=1&query=%E3%82%B3%E3%83%AB%E3%83%84%20%E5%8C%97%E6%B5%B7%E9%81%93%E5%87%BD%E9%A4%A8%E5%B8%82%E5%AE%9D%E6%9D%A5%E7%94%BA34-7,41.7632139,140.7209774,2025,イタリアン EAST,italian_east,発表日：2025年4月22日
バローレ,北海道上川郡美瑛町美沢共生,食べログ イタリアン EAST 百名店 2025,https://tabelog.com/hokkaido/A0104/A010403/1005335/,https://www.google.com/maps/search/?api=1&query=%E3%83%90%E3%83%AD%E3%83%BC%E3%83%AC%20%E5%8C%97%E6%B5%B7%E9%81%93%E4%B8%8A%E5%B7%9D%E9%83%A1%E7%BE%8E%E7%91%9B%E7%94%BA%E7%BE%8E%E6%B2%A2%E5%85%B1%E7%94%9F,43.5516563,142.5148118,2025,イタリアン EAST,italian_east,発表日：2025年4月22日
FRUTTO,秋田県秋田市中通4-17-30,食べログ イタリアン EAST 百名店 2025,https://tabelog.com/akita/A0501/A050101/5008651/,https://www.google.com/maps/search/?api=1&query=FRUTTO%20%E7%A7%8B%E7%94%B0%E7%9C%8C%E7%A7%8B%E7%94%B0%E5%B8%82%E4%B8%AD%E9%80%9A4-17-30,39.7147201,140.1277102,2025,イタリアン EAST,italian_east,発表日：2025年4月22日
オステリア・エノテカ・ダ・サスィーノ,青森県弘前市本町56-8 グレイス本町　２Ｆ,食べログ イタリアン EAST 百名店 2025,https://tabelog.com/aomori/A0202/A020201/2000293/,https://www.google.com/maps/search/?api=1&query=%E3%82%AA%E3%82%B9%E3%83%86%E3%83%AA%E3%82%A2%E3%83%BB%E3%82%A8%E3%83%8E%E3%83%86%E3%82%AB%E3%83%BB%E3%83%80%E3%83%BB%E3%82%B5%E3%82%B9%E3%82%A3%E3%83%BC%E3%83%8E%20%E9%9D%92%E6%A3%AE%E7%9C%8C%E5%BC%98%E5%89%8D%E5%B8%82%E6%9C%AC%E7%94%BA56-8%20%E3%82%B0%E3%83%AC%E3%82%A4%E3%82%B9%E6%9C%AC%E7%94%BA%E3%80%80%EF%BC%92%EF%BC%A6,40.6009805,140.4670173,2025,イタリアン EAST,italian_east,発表日：2025年4月22日
セミーナ,北海道札幌市中央区南1条西8-20-1 ライオンズマンション小六ビル 1F,食べログ イタリアン EAST 百名店 2025,https://tabelog.com/hokkaido/A0101/A010102/1055732/,https://www.google.com/maps/search/?api=1&query=%E3%82%BB%E3%83%9F%E3%83%BC%E3%83%8A%20%E5%8C%97%E6%B5%B7%E9%81%93%E6%9C%AD%E5%B9%8C%E5%B8%82%E4%B8%AD%E5%A4%AE%E5%8C%BA%E5%8D%971%E6%9D%A1%E8%A5%BF8-20-1%20%E3%83%A9%E3%82%A4%E3%82%AA%E3%83%B3%E3%82%BA%E3%83%9E%E3%83%B3%E3%82%B7%E3%83%A7%E3%83%B3%E5%B0%8F%E5%85%AD%E3%83%93%E3%83%AB%201F,43.0583462,141.3447541,2025,イタリアン EAST,italian_east,発表日：2025年4月22日
テアトロ ディ マッサ,北海道札幌市中央区南3条西8-7 大洋ビル 2F,食べログ イタリアン EAST 百名店 2025,https://tabelog.com/hokkaido/A0101/A010103/1045656/,https://www.google.com/maps/search/?api=1&query=%E3%83%86%E3%82%A2%E3%83%88%E3%83%AD%20%E3%83%87%E3%82%A3%20%E3%83%9E%E3%83%83%E3%82%B5%20%E5%8C%97%E6%B5%B7%E9%81%93%E6%9C%AD%E5%B9%8C%E5%B8%82%E4%B8%AD%E5%A4%AE%E5%8C%BA%E5%8D%973%E6%9D%A1%E8%A5%BF8-7%20%E5%A4%A7%E6%B4%8B%E3%83%93%E3%83%AB%202F,43.0561364,141.3465507,2025,イタリアン EAST,italian_east,発表日：2025年4月22日
パルコ フィエラ,北海道札幌市手稲区稲穂1条4-8-10,食べログ イタリアン EAST 百名店 2025,https://tabelog.com/hokkaido/A0101/A010203/1064202/,https://www.google.com/maps/search/?api=1&query=%E3%83%91%E3%83%AB%E3%82%B3%20%E3%83%95%E3%82%A3%E3%82%A8%E3%83%A9%20%E5%8C%97%E6%B5%B7%E9%81%93%E6%9C%AD%E5%B9%8C%E5%B8%82%E6%89%8B%E7%A8%B2%E5%8C%BA%E7%A8%B2%E7%A9%821%E6%9D%A14-8-10,43.1274894,141.2232828,2025,イタリアン EAST,italian_east,発表日：2025年4月22日
おのひづめ,岩手県遠野市新穀町2-1,食べログ イタリアン EAST 百名店 2025,https://tabelog.com/iwate/A0302/A030203/3011180/,https://www.google.com/maps/search/?api=1&query=%E3%81%8A%E3%81%AE%E3%81%B2%E3%81%A5%E3%82%81%20%E5%B2%A9%E6%89%8B%E7%9C%8C%E9%81%A0%E9%87%8E%E5%B8%82%E6%96%B0%E7%A9%80%E7%94%BA2-1,39.3312777,141.5306705,2025,イタリアン EAST,italian_east,発表日：2025年4月22日
白雪,宮城県仙台市青葉区大町2-6-17 HALBLD.1F,食べログ 居酒屋 EAST 百名店 2025,https://tabelog.com/miyagi/A0401/A040101/4012960/,https://www.google.com/maps/search/?api=1&query=%E7%99%BD%E9%9B%AA%20%E5%AE%AE%E5%9F%8E%E7%9C%8C%E4%BB%99%E5%8F%B0%E5%B8%82%E9%9D%92%E8%91%89%E5%8C%BA%E5%A4%A7%E7%94%BA2-6-17%20HALBLD.1F,38.2605078,140.8679971,2025,居酒屋 EAST,izakaya_east,発表日：2025年10月1日
味の店 いわし,岩手県盛岡市中央通2-11-7,食べログ 居酒屋 EAST 百名店 2025,https://tabelog.com/iwate/A0301/A030101/3011348/,https://www.google.com/maps/search/?api=1&query=%E5%91%B3%E3%81%AE%E5%BA%97%20%E3%81%84%E3%82%8F%E3%81%97%20%E5%B2%A9%E6%89%8B%E7%9C%8C%E7%9B%9B%E5%B2%A1%E5%B8%82%E4%B8%AD%E5%A4%AE%E9%80%9A2-11-7,39.7039969,141.1443264,2025,居酒屋 EAST,izakaya_east,発表日：2025年10月1日
酔亭よっちゃん,宮城県仙台市青葉区国分町2-8-31,食べログ 居酒屋 EAST 百名店 2025,https://tabelog.com/miyagi/A0401/A040101/4005415/,https://www.google.com/maps/search/?api=1&query=%E9%85%94%E4%BA%AD%E3%82%88%E3%81%A3%E3%81%A1%E3%82%83%E3%82%93%20%E5%AE%AE%E5%9F%8E%E7%9C%8C%E4%BB%99%E5%8F%B0%E5%B8%82%E9%9D%92%E8%91%89%E5%8C%BA%E5%9B%BD%E5%88%86%E7%94%BA2-8-31,38.2634292,140.8678195,2025,居酒屋 EAST,izakaya_east,発表日：2025年10月1日
魚菜,北海道札幌市中央区南三条西5 三条美松ビル　４Ｆ,食べログ 居酒屋 EAST 百名店 2025,https://tabelog.com/hokkaido/A0101/A010103/1000426/,https://www.google.com/maps/search/?api=1&query=%E9%AD%9A%E8%8F%9C%20%E5%8C%97%E6%B5%B7%E9%81%93%E6%9C%AD%E5%B9%8C%E5%B8%82%E4%B8%AD%E5%A4%AE%E5%8C%BA%E5%8D%97%E4%B8%89%E6%9D%A1%E8%A5%BF5%20%E4%B8%89%E6%9D%A1%E7%BE%8E%E6%9D%BE%E3%83%93%E3%83%AB%E3%80%80%EF%BC%94%EF%BC%A6,43.0568820,141.3507251,2025,居酒屋 EAST,izakaya_east,発表日：2025年10月1日
薄野 肉海鮮炉端 芯々,北海道札幌市中央区南6条西4-5 高瀬ビル 1F,食べログ 居酒屋 EAST 百名店 2025,https://tabelog.com/hokkaido/A0101/A010103/1075214/,https://www.google.com/maps/search/?api=1&query=%E8%96%84%E9%87%8E%20%E8%82%89%E6%B5%B7%E9%AE%AE%E7%82%89%E7%AB%AF%20%E8%8A%AF%E3%80%85%20%E5%8C%97%E6%B5%B7%E9%81%93%E6%9C%AD%E5%B9%8C%E5%B8%82%E4%B8%AD%E5%A4%AE%E5%8C%BA%E5%8D%976%E6%9D%A1%E8%A5%BF4-5%20%E9%AB%98%E7%80%AC%E3%83%93%E3%83%AB%201F,43.0536936,141.3529197,2025,居酒屋 EAST,izakaya_east,発表日：2025年10月1日
とっぴんぱらりのぷ,秋田県秋田市千秋久保田町4-5 秋田駅前ビル 5F,食べログ 居酒屋 EAST 百名店 2025,https://tabelog.com/akita/A0501/A050101/5007785/,https://www.google.com/maps/search/?api=1&query=%E3%81%A8%E3%81%A3%E3%81%B4%E3%82%93%E3%81%B1%E3%82%89%E3%82%8A%E3%81%AE%E3%81%B7%20%E7%A7%8B%E7%94%B0%E7%9C%8C%E7%A7%8B%E7%94%B0%E5%B8%82%E5%8D%83%E7%A7%8B%E4%B9%85%E4%BF%9D%E7%94%B0%E7%94%BA4-5%20%E7%A7%8B%E7%94%B0%E9%A7%85%E5%89%8D%E3%83%93%E3%83%AB%205F,39.7177009,140.1280594,2025,居酒屋 EAST,izakaya_east,発表日：2025年10月1日
心粋厨房 獬,秋田県秋田市南通亀の町11-6,食べログ 居酒屋 EAST 百名店 2025,https://tabelog.com/akita/A0501/A050101/5007373/,https://www.google.com/maps/search/?api=1&query=%E5%BF%83%E7%B2%8B%E5%8E%A8%E6%88%BF%20%E7%8D%AC%20%E7%A7%8B%E7%94%B0%E7%9C%8C%E7%A7%8B%E7%94%B0%E5%B8%82%E5%8D%97%E9%80%9A%E4%BA%80%E3%81%AE%E7%94%BA11-6,39.7117280,140.1213761,2025,居酒屋 EAST,izakaya_east,発表日：2025年10月1日
海味 はちきょう 本店,北海道札幌市中央区南三条西3 都ビル　１Ｆ,食べログ 居酒屋 EAST 百名店 2025,https://tabelog.com/hokkaido/A0101/A010103/1003784/,https://www.google.com/maps/search/?api=1&query=%E6%B5%B7%E5%91%B3%20%E3%81%AF%E3%81%A1%E3%81%8D%E3%82%87%E3%81%86%20%E6%9C%AC%E5%BA%97%20%E5%8C%97%E6%B5%B7%E9%81%93%E6%9C%AD%E5%B9%8C%E5%B8%82%E4%B8%AD%E5%A4%AE%E5%8C%BA%E5%8D%97%E4%B8%89%E6%9D%A1%E8%A5%BF3%20%E9%83%BD%E3%83%93%E3%83%AB%E3%80%80%EF%BC%91%EF%BC%A6,43.0564351,141.3540272,2025,居酒屋 EAST,izakaya_east,発表日：2025年10月1日
酒庵 田なか,秋田県秋田市泉中央2-6-14,食べログ 居酒屋 EAST 百名店 2025,https://tabelog.com/akita/A0501/A050101/5000620/,https://www.google.com/maps/search/?api=1&query=%E9%85%92%E5%BA%B5%20%E7%94%B0%E3%81%AA%E3%81%8B%20%E7%A7%8B%E7%94%B0%E7%9C%8C%E7%A7%8B%E7%94%B0%E5%B8%82%E6%B3%89%E4%B8%AD%E5%A4%AE2-6-14,39.7340216,140.1037238,2025,居酒屋 EAST,izakaya_east,発表日：2025年10月1日
阿古,宮城県仙台市青葉区国分町2-11-11,食べログ 居酒屋 EAST 百名店 2025,https://tabelog.com/miyagi/A0401/A040101/4006686/,https://www.google.com/maps/search/?api=1&query=%E9%98%BF%E5%8F%A4%20%E5%AE%AE%E5%9F%8E%E7%9C%8C%E4%BB%99%E5%8F%B0%E5%B8%82%E9%9D%92%E8%91%89%E5%8C%BA%E5%9B%BD%E5%88%86%E7%94%BA2-11-11,38.2650260,140.8697778,2025,居酒屋 EAST,izakaya_east,発表日：2025年10月1日
永楽食堂,秋田県秋田市中通4-14-33,食べログ 居酒屋 EAST 百名店 2025,https://tabelog.com/akita/A0501/A050101/5010673/,https://www.google.com/maps/search/?api=1&query=%E6%B0%B8%E6%A5%BD%E9%A3%9F%E5%A0%82%20%E7%A7%8B%E7%94%B0%E7%9C%8C%E7%A7%8B%E7%94%B0%E5%B8%82%E4%B8%AD%E9%80%9A4-14-33,39.7149168,140.1269005,2025,居酒屋 EAST,izakaya_east,発表日：2025年10月1日
ばんや,青森県八戸市朔日町4,食べログ 居酒屋 EAST 百名店 2025,https://tabelog.com/aomori/A0203/A020301/2000410/,https://www.google.com/maps/search/?api=1&query=%E3%81%B0%E3%82%93%E3%82%84%20%E9%9D%92%E6%A3%AE%E7%9C%8C%E5%85%AB%E6%88%B8%E5%B8%82%E6%9C%94%E6%97%A5%E7%94%BA4,40.5096103,141.4922218,2025,居酒屋 EAST,izakaya_east,発表日：2025年10月1日
すし居酒屋 樽,青森県青森市新町1-11-13,食べログ 居酒屋 EAST 百名店 2025,https://tabelog.com/aomori/A0201/A020101/2006270/,https://www.google.com/maps/search/?api=1&query=%E3%81%99%E3%81%97%E5%B1%85%E9%85%92%E5%B1%8B%20%E6%A8%BD%20%E9%9D%92%E6%A3%AE%E7%9C%8C%E9%9D%92%E6%A3%AE%E5%B8%82%E6%96%B0%E7%94%BA1-11-13,40.8269888,140.7398067,2025,居酒屋 EAST,izakaya_east,発表日：2025年10月1日
旬菜旬魚 たじま,北海道函館市富岡町3-36-1,食べログ 居酒屋 EAST 百名店 2025,https://tabelog.com/hokkaido/A0105/A010501/1073561/,https://www.google.com/maps/search/?api=1&query=%E6%97%AC%E8%8F%9C%E6%97%AC%E9%AD%9A%20%E3%81%9F%E3%81%98%E3%81%BE%20%E5%8C%97%E6%B5%B7%E9%81%93%E5%87%BD%E9%A4%A8%E5%B8%82%E5%AF%8C%E5%B2%A1%E7%94%BA3-36-1,41.8119258,140.7470659,2025,居酒屋 EAST,izakaya_east,発表日：2025年10月1日
かかし屋,岩手県盛岡市菜園2-3-22 バンベールビル B1F,食べログ 居酒屋 EAST 百名店 2025,https://tabelog.com/iwate/A0301/A030101/3007022/,https://www.google.com/maps/search/?api=1&query=%E3%81%8B%E3%81%8B%E3%81%97%E5%B1%8B%20%E5%B2%A9%E6%89%8B%E7%9C%8C%E7%9B%9B%E5%B2%A1%E5%B8%82%E8%8F%9C%E5%9C%922-3-22%20%E3%83%90%E3%83%B3%E3%83%99%E3%83%BC%E3%83%AB%E3%83%93%E3%83%AB%20B1F,39.7017039,141.1465085,2025,居酒屋 EAST,izakaya_east,発表日：2025年10月1日
さけ富,秋田県秋田市大町5-1-27 なかや大町ビル 1F,食べログ 居酒屋 EAST 百名店 2025,https://tabelog.com/akita/A0501/A050101/5008588/,https://www.google.com/maps/search/?api=1&query=%E3%81%95%E3%81%91%E5%AF%8C%20%E7%A7%8B%E7%94%B0%E7%9C%8C%E7%A7%8B%E7%94%B0%E5%B8%82%E5%A4%A7%E7%94%BA5-1-27%20%E3%81%AA%E3%81%8B%E3%82%84%E5%A4%A7%E7%94%BA%E3%83%93%E3%83%AB%201F,39.7128507,140.1161959,2025,居酒屋 EAST,izakaya_east,発表日：2025年10月1日
夜ノ焼魚 ちょーちょむすび,宮城県仙台市青葉区上杉1-7-32 1F,食べログ 居酒屋 EAST 百名店 2025,https://tabelog.com/miyagi/A0401/A040101/4018576/,https://www.google.com/maps/search/?api=1&query=%E5%A4%9C%E3%83%8E%E7%84%BC%E9%AD%9A%20%E3%81%A1%E3%82%87%E3%83%BC%E3%81%A1%E3%82%87%E3%82%80%E3%81%99%E3%81%B3%20%E5%AE%AE%E5%9F%8E%E7%9C%8C%E4%BB%99%E5%8F%B0%E5%B8%82%E9%9D%92%E8%91%89%E5%8C%BA%E4%B8%8A%E6%9D%891-7-32%201F,38.2708092,140.8707902,2025,居酒屋 EAST,izakaya_east,発表日：2025年10月1日
佗び助,宮城県仙台市青葉区立町6-16,食べログ 居酒屋 EAST 百名店 2025,https://tabelog.com/miyagi/A0401/A040101/4002537/,https://www.google.com/maps/search/?api=1&query=%E4%BD%97%E3%81%B3%E5%8A%A9%20%E5%AE%AE%E5%9F%8E%E7%9C%8C%E4%BB%99%E5%8F%B0%E5%B8%82%E9%9D%92%E8%91%89%E5%8C%BA%E7%AB%8B%E7%94%BA6-16,38.2624173,140.8650597,2025,居酒屋 EAST,izakaya_east,発表日：2025年10月1日
ススキノデパート,北海道札幌市中央区南五条西2-2 サイバーシティビル 2F,食べログ 居酒屋 EAST 百名店 2025,https://tabelog.com/hokkaido/A0101/A010103/1079840/,https://www.google.com/maps/search/?api=1&query=%E3%82%B9%E3%82%B9%E3%82%AD%E3%83%8E%E3%83%87%E3%83%91%E3%83%BC%E3%83%88%20%E5%8C%97%E6%B5%B7%E9%81%93%E6%9C%AD%E5%B9%8C%E5%B8%82%E4%B8%AD%E5%A4%AE%E5%8C%BA%E5%8D%97%E4%BA%94%E6%9D%A1%E8%A5%BF2-2%20%E3%82%B5%E3%82%A4%E3%83%90%E3%83%BC%E3%82%B7%E3%83%86%E3%82%A3%E3%83%93%E3%83%AB%202F,43.0544189,141.3559963,2025,居酒屋 EAST,izakaya_east,発表日：2025年10月1日
居酒屋 伝七,山形県山形市幸町5-1,食べログ 居酒屋 EAST 百名店 2025,https://tabelog.com/yamagata/A0601/A060101/6002200/,https://www.google.com/maps/search/?api=1&query=%E5%B1%85%E9%85%92%E5%B1%8B%20%E4%BC%9D%E4%B8%83%20%E5%B1%B1%E5%BD%A2%E7%9C%8C%E5%B1%B1%E5%BD%A2%E5%B8%82%E5%B9%B8%E7%94%BA5-1,38.2474918,140.3283324,2025,居酒屋 EAST,izakaya_east,発表日：2025年10月1日
灯,北海道札幌市中央区南5条西4-7 南興ビル 3F,食べログ 居酒屋 EAST 百名店 2025,https://tabelog.com/hokkaido/A0101/A010103/1076206/,https://www.google.com/maps/search/?api=1&query=%E7%81%AF%20%E5%8C%97%E6%B5%B7%E9%81%93%E6%9C%AD%E5%B9%8C%E5%B8%82%E4%B8%AD%E5%A4%AE%E5%8C%BA%E5%8D%975%E6%9D%A1%E8%A5%BF4-7%20%E5%8D%97%E8%88%88%E3%83%93%E3%83%AB%203F,43.0545887,141.3532886,2025,居酒屋 EAST,izakaya_east,発表日：2025年10月1日
独酌　三四郎,北海道旭川市2条通5丁目左7号,食べログ 居酒屋 EAST 百名店 2025,https://tabelog.com/hokkaido/A0104/A010401/1014057/,https://www.google.com/maps/search/?api=1&query=%E7%8B%AC%E9%85%8C%E3%80%80%E4%B8%89%E5%9B%9B%E9%83%8E%20%E5%8C%97%E6%B5%B7%E9%81%93%E6%97%AD%E5%B7%9D%E5%B8%822%E6%9D%A1%E9%80%9A5%E4%B8%81%E7%9B%AE%E5%B7%A67%E5%8F%B7,43.7681968,142.3564681,2025,居酒屋 EAST,izakaya_east,発表日：2025年10月1日
はすや,青森県弘前市上瓦ケ町1-1,食べログ 居酒屋 EAST 百名店 2025,https://tabelog.com/aomori/A0202/A020201/2007573/,https://www.google.com/maps/search/?api=1&query=%E3%81%AF%E3%81%99%E3%82%84%20%E9%9D%92%E6%A3%AE%E7%9C%8C%E5%BC%98%E5%89%8D%E5%B8%82%E4%B8%8A%E7%93%A6%E3%82%B1%E7%94%BA1-1,40.5992774,140.4755772,2025,居酒屋 EAST,izakaya_east,発表日：2025年10月1日
暖だん,青森県八戸市大字鷹匠小路4,食べログ 居酒屋 EAST 百名店 2025,https://tabelog.com/aomori/A0203/A020301/2009073/,https://www.google.com/maps/search/?api=1&query=%E6%9A%96%E3%81%A0%E3%82%93%20%E9%9D%92%E6%A3%AE%E7%9C%8C%E5%85%AB%E6%88%B8%E5%B8%82%E5%A4%A7%E5%AD%97%E9%B7%B9%E5%8C%A0%E5%B0%8F%E8%B7%AF4,40.5079883,141.4927047,2025,居酒屋 EAST,izakaya_east,発表日：2025年10月1日
居酒屋 ちょーちょ,宮城県仙台市青葉区国分町3-4-21 第2旭ビル 105,食べログ 居酒屋 EAST 百名店 2025,https://tabelog.com/miyagi/A0401/A040101/4025521/,https://www.google.com/maps/search/?api=1&query=%E5%B1%85%E9%85%92%E5%B1%8B%20%E3%81%A1%E3%82%87%E3%83%BC%E3%81%A1%E3%82%87%20%E5%AE%AE%E5%9F%8E%E7%9C%8C%E4%BB%99%E5%8F%B0%E5%B8%82%E9%9D%92%E8%91%89%E5%8C%BA%E5%9B%BD%E5%88%86%E7%94%BA3-4-21%20%E7%AC%AC2%E6%97%AD%E3%83%93%E3%83%AB%20105,38.2665403,140.8671518,2025,居酒屋 EAST,izakaya_east,発表日：2025年10月1日
酒盃,秋田県秋田市山王1-6-9,食べログ 居酒屋 EAST 百名店 2025,https://tabelog.com/akita/A0501/A050101/5000004/,https://www.google.com/maps/search/?api=1&query=%E9%85%92%E7%9B%83%20%E7%A7%8B%E7%94%B0%E7%9C%8C%E7%A7%8B%E7%94%B0%E5%B8%82%E5%B1%B1%E7%8E%8B1-6-9,39.7221971,140.1018305,2025,居酒屋 EAST,izakaya_east,発表日：2025年10月1日
盃爛処,福島県会津若松市中央1-3-23,食べログ 居酒屋 EAST 百名店 2025,https://tabelog.com/fukushima/A0705/A070501/7015971/,https://www.google.com/maps/search/?api=1&query=%E7%9B%83%E7%88%9B%E5%87%A6%20%E7%A6%8F%E5%B3%B6%E7%9C%8C%E4%BC%9A%E6%B4%A5%E8%8B%A5%E6%9D%BE%E5%B8%82%E4%B8%AD%E5%A4%AE1-3-23,37.4995791,139.9292958,2025,居酒屋 EAST,izakaya_east,発表日：2025年10月1日
ん。,秋田県秋田市中通5-5-39,食べログ 居酒屋 EAST 百名店 2025,https://tabelog.com/akita/A0501/A050101/5003686/,https://www.google.com/maps/search/?api=1&query=%E3%82%93%E3%80%82%20%E7%A7%8B%E7%94%B0%E7%9C%8C%E7%A7%8B%E7%94%B0%E5%B8%82%E4%B8%AD%E9%80%9A5-5-39,39.7122504,140.1191887,2025,居酒屋 EAST,izakaya_east,発表日：2025年10月1日
二代目 佐平次,北海道函館市五稜郭町4-13,食べログ 居酒屋 EAST 百名店 2025,https://tabelog.com/hokkaido/A0105/A010501/1010526/,https://www.google.com/maps/search/?api=1&query=%E4%BA%8C%E4%BB%A3%E7%9B%AE%20%E4%BD%90%E5%B9%B3%E6%AC%A1%20%E5%8C%97%E6%B5%B7%E9%81%93%E5%87%BD%E9%A4%A8%E5%B8%82%E4%BA%94%E7%A8%9C%E9%83%AD%E7%94%BA4-13,41.7939341,140.7514072,2025,居酒屋 EAST,izakaya_east,発表日：2025年10月1日
晩酌と晩御飯 ちょうつがひ,宮城県仙台市青葉区一番町4-7-7,食べログ 居酒屋 EAST 百名店 2025,https://tabelog.com/miyagi/A0401/A040101/4021968/,https://www.google.com/maps/search/?api=1&query=%E6%99%A9%E9%85%8C%E3%81%A8%E6%99%A9%E5%BE%A1%E9%A3%AF%20%E3%81%A1%E3%82%87%E3%81%86%E3%81%A4%E3%81%8C%E3%81%B2%20%E5%AE%AE%E5%9F%8E%E7%9C%8C%E4%BB%99%E5%8F%B0%E5%B8%82%E9%9D%92%E8%91%89%E5%8C%BA%E4%B8%80%E7%95%AA%E7%94%BA4-7-7,38.2646102,140.8713939,2025,居酒屋 EAST,izakaya_east,発表日：2025年10月1日
氏ノ木,宮城県仙台市青葉区一番町1-6-19 壱番館ビル 1F,食べログ 居酒屋 EAST 百名店 2025,https://tabelog.com/miyagi/A0401/A040101/4016692/,https://www.google.com/maps/search/?api=1&query=%E6%B0%8F%E3%83%8E%E6%9C%A8%20%E5%AE%AE%E5%9F%8E%E7%9C%8C%E4%BB%99%E5%8F%B0%E5%B8%82%E9%9D%92%E8%91%89%E5%8C%BA%E4%B8%80%E7%95%AA%E7%94%BA1-6-19%20%E5%A3%B1%E7%95%AA%E9%A4%A8%E3%83%93%E3%83%AB%201F,38.2570052,140.8734839,2025,居酒屋 EAST,izakaya_east,発表日：2025年10月1日
源氏,宮城県仙台市青葉区一番町2-4-8,食べログ 居酒屋 EAST 百名店 2025,https://tabelog.com/miyagi/A0401/A040101/4000031/,https://www.google.com/maps/search/?api=1&query=%E6%BA%90%E6%B0%8F%20%E5%AE%AE%E5%9F%8E%E7%9C%8C%E4%BB%99%E5%8F%B0%E5%B8%82%E9%9D%92%E8%91%89%E5%8C%BA%E4%B8%80%E7%95%AA%E7%94%BA2-4-8,38.2593138,140.8733455,2025,居酒屋 EAST,izakaya_east,発表日：2025年10月1日
はた善,青森県青森市安方2-17-15 ライオンズマンション新町通 1F,食べログ 居酒屋 EAST 百名店 2025,https://tabelog.com/aomori/A0201/A020101/2000414/,https://www.google.com/maps/search/?api=1&query=%E3%81%AF%E3%81%9F%E5%96%84%20%E9%9D%92%E6%A3%AE%E7%9C%8C%E9%9D%92%E6%A3%AE%E5%B8%82%E5%AE%89%E6%96%B92-17-15%20%E3%83%A9%E3%82%A4%E3%82%AA%E3%83%B3%E3%82%BA%E3%83%9E%E3%83%B3%E3%82%B7%E3%83%A7%E3%83%B3%E6%96%B0%E7%94%BA%E9%80%9A%201F,40.8264626,140.7444677,2025,居酒屋 EAST,izakaya_east,発表日：2025年10月1日
めんめ,北海道札幌市中央区南3条西6 狸小路市場内,食べログ 居酒屋 EAST 百名店 2025,https://tabelog.com/hokkaido/A0101/A010103/1003973/,https://www.google.com/maps/search/?api=1&query=%E3%82%81%E3%82%93%E3%82%81%20%E5%8C%97%E6%B5%B7%E9%81%93%E6%9C%AD%E5%B9%8C%E5%B8%82%E4%B8%AD%E5%A4%AE%E5%8C%BA%E5%8D%973%E6%9D%A1%E8%A5%BF6%20%E7%8B%B8%E5%B0%8F%E8%B7%AF%E5%B8%82%E5%A0%B4%E5%86%85,43.0565337,141.3493693,2025,居酒屋 EAST,izakaya_east,発表日：2025年10月1日
菜のはな,青森県青森市本町5-4-20,食べログ 日本料理 EAST 百名店 2025,https://tabelog.com/aomori/A0201/A020101/2000243/,https://www.google.com/maps/search/?api=1&query=%E8%8F%9C%E3%81%AE%E3%81%AF%E3%81%AA%20%E9%9D%92%E6%A3%AE%E7%9C%8C%E9%9D%92%E6%A3%AE%E5%B8%82%E6%9C%AC%E7%94%BA5-4-20,40.8256579,140.7507634,2025,日本料理 EAST,japanese_east,発表日：2025年3月25日
和食すがわら,秋田県秋田市大町1-2-7 サンパティオ大町,食べログ 日本料理 EAST 百名店 2025,https://tabelog.com/akita/A0501/A050101/5000689/,https://www.google.com/maps/search/?api=1&query=%E5%92%8C%E9%A3%9F%E3%81%99%E3%81%8C%E3%82%8F%E3%82%89%20%E7%A7%8B%E7%94%B0%E7%9C%8C%E7%A7%8B%E7%94%B0%E5%B8%82%E5%A4%A7%E7%94%BA1-2-7%20%E3%82%B5%E3%83%B3%E3%83%91%E3%83%86%E3%82%A3%E3%82%AA%E5%A4%A7%E7%94%BA,39.7195520,140.1176686,2025,日本料理 EAST,japanese_east,発表日：2025年3月25日
らん亭～ 美日庵,福島県郡山市富田東5-101,食べログ 日本料理 EAST 百名店 2025,https://tabelog.com/fukushima/A0702/A070201/7000278/,https://www.google.com/maps/search/?api=1&query=%E3%82%89%E3%82%93%E4%BA%AD%EF%BD%9E%20%E7%BE%8E%E6%97%A5%E5%BA%B5%20%E7%A6%8F%E5%B3%B6%E7%9C%8C%E9%83%A1%E5%B1%B1%E5%B8%82%E5%AF%8C%E7%94%B0%E6%9D%B15-101,37.4225312,140.3708014,2025,日本料理 EAST,japanese_east,発表日：2025年3月25日
温味,北海道札幌市中央区南10条西6丁目3番2号,食べログ 日本料理 EAST 百名店 2025,https://tabelog.com/hokkaido/A0101/A010104/1053112/,https://www.google.com/maps/search/?api=1&query=%E6%B8%A9%E5%91%B3%20%E5%8C%97%E6%B5%B7%E9%81%93%E6%9C%AD%E5%B9%8C%E5%B8%82%E4%B8%AD%E5%A4%AE%E5%8C%BA%E5%8D%9710%E6%9D%A1%E8%A5%BF6%E4%B8%81%E7%9B%AE3%E7%95%AA2%E5%8F%B7,43.0467125,141.3520293,2025,日本料理 EAST,japanese_east,発表日：2025年3月25日
まつ久ら,北海道札幌市中央区南7条西3 LC2番館 B1F,食べログ 日本料理 EAST 百名店 2025,https://tabelog.com/hokkaido/A0101/A010103/1002718/,https://www.google.com/maps/search/?api=1&query=%E3%81%BE%E3%81%A4%E4%B9%85%E3%82%89%20%E5%8C%97%E6%B5%B7%E9%81%93%E6%9C%AD%E5%B9%8C%E5%B8%82%E4%B8%AD%E5%A4%AE%E5%8C%BA%E5%8D%977%E6%9D%A1%E8%A5%BF3%20LC2%E7%95%AA%E9%A4%A8%20B1F,43.0520046,141.3545211,2025,日本料理 EAST,japanese_east,発表日：2025年3月25日
ほむら,青森県八戸市一番町1丁目1-30,食べログ 日本料理 EAST 百名店 2025,https://tabelog.com/aomori/A0203/A020301/2000619/,https://www.google.com/maps/search/?api=1&query=%E3%81%BB%E3%82%80%E3%82%89%20%E9%9D%92%E6%A3%AE%E7%9C%8C%E5%85%AB%E6%88%B8%E5%B8%82%E4%B8%80%E7%95%AA%E7%94%BA1%E4%B8%81%E7%9B%AE1-30,40.5084416,141.4323945,2025,日本料理 EAST,japanese_east,発表日：2025年3月25日
御りょうり屋 伊藤,山形県山形市七日町4-10-16,食べログ 日本料理 EAST 百名店 2025,https://tabelog.com/yamagata/A0601/A060101/6007923/,https://www.google.com/maps/search/?api=1&query=%E5%BE%A1%E3%82%8A%E3%82%87%E3%81%86%E3%82%8A%E5%B1%8B%20%E4%BC%8A%E8%97%A4%20%E5%B1%B1%E5%BD%A2%E7%9C%8C%E5%B1%B1%E5%BD%A2%E5%B8%82%E4%B8%83%E6%97%A5%E7%94%BA4-10-16,38.2536860,140.3439599,2025,日本料理 EAST,japanese_east,発表日：2025年3月25日
日本料理 たかむら,秋田県秋田市大町1-7-31,食べログ 日本料理 EAST 百名店 2025,https://tabelog.com/akita/A0501/A050101/5000664/,https://www.google.com/maps/search/?api=1&query=%E6%97%A5%E6%9C%AC%E6%96%99%E7%90%86%20%E3%81%9F%E3%81%8B%E3%82%80%E3%82%89%20%E7%A7%8B%E7%94%B0%E7%9C%8C%E7%A7%8B%E7%94%B0%E5%B8%82%E5%A4%A7%E7%94%BA1-7-31,39.7206970,140.1127065,2025,日本料理 EAST,japanese_east,発表日：2025年3月25日
津軽割烹未来,青森県青森市安方2-3-16,食べログ 日本料理 EAST 百名店 2025,https://tabelog.com/aomori/A0201/A020101/2001751/,https://www.google.com/maps/search/?api=1&query=%E6%B4%A5%E8%BB%BD%E5%89%B2%E7%83%B9%E6%9C%AA%E6%9D%A5%20%E9%9D%92%E6%A3%AE%E7%9C%8C%E9%9D%92%E6%A3%AE%E5%B8%82%E5%AE%89%E6%96%B92-3-16,40.8279296,140.7407659,2025,日本料理 EAST,japanese_east,発表日：2025年3月25日
陽,青森県弘前市北川端町36-3,食べログ 日本料理 EAST 百名店 2025,https://tabelog.com/aomori/A0202/A020201/2012387/,https://www.google.com/maps/search/?api=1&query=%E9%99%BD%20%E9%9D%92%E6%A3%AE%E7%9C%8C%E5%BC%98%E5%89%8D%E5%B8%82%E5%8C%97%E5%B7%9D%E7%AB%AF%E7%94%BA36-3,40.5996227,140.4718708,2025,日本料理 EAST,japanese_east,発表日：2025年3月25日
丸新,福島県郡山市神明町15-4,食べログ 日本料理 EAST 百名店 2025,https://tabelog.com/fukushima/A0702/A070201/7001521/,https://www.google.com/maps/search/?api=1&query=%E4%B8%B8%E6%96%B0%20%E7%A6%8F%E5%B3%B6%E7%9C%8C%E9%83%A1%E5%B1%B1%E5%B8%82%E7%A5%9E%E6%98%8E%E7%94%BA15-4,37.4010436,140.3783549,2025,日本料理 EAST,japanese_east,発表日：2025年3月25日
日本料理こまつ,北海道札幌市中央区円山西町8-4-26,食べログ 日本料理 EAST 百名店 2025,https://tabelog.com/hokkaido/A0101/A010105/1047890/,https://www.google.com/maps/search/?api=1&query=%E6%97%A5%E6%9C%AC%E6%96%99%E7%90%86%E3%81%93%E3%81%BE%E3%81%A4%20%E5%8C%97%E6%B5%B7%E9%81%93%E6%9C%AD%E5%B9%8C%E5%B8%82%E4%B8%AD%E5%A4%AE%E5%8C%BA%E5%86%86%E5%B1%B1%E8%A5%BF%E7%94%BA8-4-26,43.0441412,141.3070073,2025,日本料理 EAST,japanese_east,発表日：2025年3月25日
味道広路,北海道夕張郡栗山町湯地40-35,食べログ 日本料理 EAST 百名店 2025,https://tabelog.com/hokkaido/A0107/A010704/1016052/,https://www.google.com/maps/search/?api=1&query=%E5%91%B3%E9%81%93%E5%BA%83%E8%B7%AF%20%E5%8C%97%E6%B5%B7%E9%81%93%E5%A4%95%E5%BC%B5%E9%83%A1%E6%A0%97%E5%B1%B1%E7%94%BA%E6%B9%AF%E5%9C%B040-35,43.0602509,141.7959814,2025,日本料理 EAST,japanese_east,発表日：2025年3月25日
みえ田,北海道札幌市中央区南五条西3丁目 第23桂和ビル 4F,食べログ 日本料理 EAST 百名店 2025,https://tabelog.com/hokkaido/A0101/A010103/1007034/,https://www.google.com/maps/search/?api=1&query=%E3%81%BF%E3%81%88%E7%94%B0%20%E5%8C%97%E6%B5%B7%E9%81%93%E6%9C%AD%E5%B9%8C%E5%B8%82%E4%B8%AD%E5%A4%AE%E5%8C%BA%E5%8D%97%E4%BA%94%E6%9D%A1%E8%A5%BF3%E4%B8%81%E7%9B%AE%20%E7%AC%AC23%E6%A1%82%E5%92%8C%E3%83%93%E3%83%AB%204F,43.0548374,141.3537737,2025,日本料理 EAST,japanese_east,発表日：2025年3月25日
花小路 さわ田,北海道札幌市中央区南7条西4丁目 プラザ7・4浅井ビル 3F,食べログ 日本料理 EAST 百名店 2025,https://tabelog.com/hokkaido/A0101/A010103/1030202/,https://www.google.com/maps/search/?api=1&query=%E8%8A%B1%E5%B0%8F%E8%B7%AF%20%E3%81%95%E3%82%8F%E7%94%B0%20%E5%8C%97%E6%B5%B7%E9%81%93%E6%9C%AD%E5%B9%8C%E5%B8%82%E4%B8%AD%E5%A4%AE%E5%8C%BA%E5%8D%977%E6%9D%A1%E8%A5%BF4%E4%B8%81%E7%9B%AE%20%E3%83%97%E3%83%A9%E3%82%B67%E3%83%BB4%E6%B5%85%E4%BA%95%E3%83%93%E3%83%AB%203F,43.0524736,141.3534290,2025,日本料理 EAST,japanese_east,発表日：2025年3月25日
千松しま,宮城県塩竈市長沢町15-1,食べログ 日本料理 EAST 百名店 2025,https://tabelog.com/miyagi/A0404/A040404/4001636/,https://www.google.com/maps/search/?api=1&query=%E5%8D%83%E6%9D%BE%E3%81%97%E3%81%BE%20%E5%AE%AE%E5%9F%8E%E7%9C%8C%E5%A1%A9%E7%AB%88%E5%B8%82%E9%95%B7%E6%B2%A2%E7%94%BA15-1,38.3272647,141.0142160,2025,日本料理 EAST,japanese_east,発表日：2025年3月25日
御料理 ふじ田,北海道札幌市中央区南6条西21-4-6,食べログ 日本料理 EAST 百名店 2025,https://tabelog.com/hokkaido/A0101/A010105/1060134/,https://www.google.com/maps/search/?api=1&query=%E5%BE%A1%E6%96%99%E7%90%86%20%E3%81%B5%E3%81%98%E7%94%B0%20%E5%8C%97%E6%B5%B7%E9%81%93%E6%9C%AD%E5%B9%8C%E5%B8%82%E4%B8%AD%E5%A4%AE%E5%8C%BA%E5%8D%976%E6%9D%A1%E8%A5%BF21-4-6,43.0497837,141.3265212,2025,日本料理 EAST,japanese_east,発表日：2025年3月25日
日本料理 新茶家,岩手県奥州市江刺中町4-1,食べログ 日本料理 EAST 百名店 2025,https://tabelog.com/iwate/A0303/A030302/3006494/,https://www.google.com/maps/search/?api=1&query=%E6%97%A5%E6%9C%AC%E6%96%99%E7%90%86%20%E6%96%B0%E8%8C%B6%E5%AE%B6%20%E5%B2%A9%E6%89%8B%E7%9C%8C%E5%A5%A5%E5%B7%9E%E5%B8%82%E6%B1%9F%E5%88%BA%E4%B8%AD%E7%94%BA4-1,39.1889030,141.1783964,2025,日本料理 EAST,japanese_east,発表日：2025年3月25日
壽山,北海道札幌市中央区大通西17-2-8 グラシアス大通 1F,食べログ 日本料理 EAST 百名店 2025,https://tabelog.com/hokkaido/A0101/A010104/1060884/,https://www.google.com/maps/search/?api=1&query=%E5%A3%BD%E5%B1%B1%20%E5%8C%97%E6%B5%B7%E9%81%93%E6%9C%AD%E5%B9%8C%E5%B8%82%E4%B8%AD%E5%A4%AE%E5%8C%BA%E5%A4%A7%E9%80%9A%E8%A5%BF17-2-8%20%E3%82%B0%E3%83%A9%E3%82%B7%E3%82%A2%E3%82%B9%E5%A4%A7%E9%80%9A%201F,43.0577329,141.3310911,2025,日本料理 EAST,japanese_east,発表日：2025年3月25日
御料理 寺沢,岩手県北上市大通り4丁目4-3,食べログ 日本料理 EAST 百名店 2025,https://tabelog.com/iwate/A0302/A030202/3005625/,https://www.google.com/maps/search/?api=1&query=%E5%BE%A1%E6%96%99%E7%90%86%20%E5%AF%BA%E6%B2%A2%20%E5%B2%A9%E6%89%8B%E7%9C%8C%E5%8C%97%E4%B8%8A%E5%B8%82%E5%A4%A7%E9%80%9A%E3%82%8A4%E4%B8%81%E7%9B%AE4-3,39.2859232,141.1079281,2025,日本料理 EAST,japanese_east,発表日：2025年3月25日
日本料理 e.,宮城県仙台市青葉区片平1-1-18 バレンタインハウス 1F,食べログ 日本料理 EAST 百名店 2025,https://tabelog.com/miyagi/A0401/A040101/4016108/,https://www.google.com/maps/search/?api=1&query=%E6%97%A5%E6%9C%AC%E6%96%99%E7%90%86%20e.%20%E5%AE%AE%E5%9F%8E%E7%9C%8C%E4%BB%99%E5%8F%B0%E5%B8%82%E9%9D%92%E8%91%89%E5%8C%BA%E7%89%87%E5%B9%B31-1-18%20%E3%83%90%E3%83%AC%E3%83%B3%E3%82%BF%E3%82%A4%E3%83%B3%E3%83%8F%E3%82%A6%E3%82%B9%201F,38.2581391,140.8682858,2025,日本料理 EAST,japanese_east,発表日：2025年3月25日
あかつき,北海道北見市高栄西町1丁目7-22,食べログ お好み焼き 百名店 2025,https://tabelog.com/hokkaido/A0110/A011003/1030080/,https://www.google.com/maps/search/?api=1&query=%E3%81%82%E3%81%8B%E3%81%A4%E3%81%8D%20%E5%8C%97%E6%B5%B7%E9%81%93%E5%8C%97%E8%A6%8B%E5%B8%82%E9%AB%98%E6%A0%84%E8%A5%BF%E7%94%BA1%E4%B8%81%E7%9B%AE7-22,43.8089660,143.8661990,2025,お好み焼き,okonomiyaki,発表日：2025年9月2日
はこだて ふさや 大門店,北海道函館市若松町18-22,食べログ お好み焼き 百名店 2025,https://tabelog.com/hokkaido/A0105/A010501/1008098/,https://www.google.com/maps/search/?api=1&query=%E3%81%AF%E3%81%93%E3%81%A0%E3%81%A6%20%E3%81%B5%E3%81%95%E3%82%84%20%E5%A4%A7%E9%96%80%E5%BA%97%20%E5%8C%97%E6%B5%B7%E9%81%93%E5%87%BD%E9%A4%A8%E5%B8%82%E8%8B%A5%E6%9D%BE%E7%94%BA18-22,41.7725685,140.7297893,2025,お好み焼き,okonomiyaki,発表日：2025年9月2日
かっちゃん,福島県福島市南中央1丁目76-1,食べログ お好み焼き 百名店 2025,https://tabelog.com/fukushima/A0701/A070101/7001700/,https://www.google.com/maps/search/?api=1&query=%E3%81%8B%E3%81%A3%E3%81%A1%E3%82%83%E3%82%93%20%E7%A6%8F%E5%B3%B6%E7%9C%8C%E7%A6%8F%E5%B3%B6%E5%B8%82%E5%8D%97%E4%B8%AD%E5%A4%AE1%E4%B8%81%E7%9B%AE76-1,37.7608197,140.4407235,2025,お好み焼き,okonomiyaki,発表日：2025年9月2日
ウッデンシップ,宮城県富谷市富ケ丘2-28-2,食べログ ピザ 百名店 2025,https://tabelog.com/miyagi/A0403/A040304/4001876/,https://www.google.com/maps/search/?api=1&query=%E3%82%A6%E3%83%83%E3%83%87%E3%83%B3%E3%82%B7%E3%83%83%E3%83%97%20%E5%AE%AE%E5%9F%8E%E7%9C%8C%E5%AF%8C%E8%B0%B7%E5%B8%82%E5%AF%8C%E3%82%B1%E4%B8%982-28-2,38.3618548,140.8647756,2025,ピザ,pizza,発表日：2025年4月9日
ピッツェリア デ ナプレ,宮城県仙台市青葉区立町26-19 井上ビル 1F,食べログ ピザ 百名店 2025,https://tabelog.com/miyagi/A0401/A040101/4000125/,https://www.google.com/maps/search/?api=1&query=%E3%83%94%E3%83%83%E3%83%84%E3%82%A7%E3%83%AA%E3%82%A2%20%E3%83%87%20%E3%83%8A%E3%83%97%E3%83%AC%20%E5%AE%AE%E5%9F%8E%E7%9C%8C%E4%BB%99%E5%8F%B0%E5%B8%82%E9%9D%92%E8%91%89%E5%8C%BA%E7%AB%8B%E7%94%BA26-19%20%E4%BA%95%E4%B8%8A%E3%83%93%E3%83%AB%201F,38.2648194,140.8655212,2025,ピザ,pizza,発表日：2025年4月9日
ピッツェリア エ オステリア パドリーノ,宮城県仙台市青葉区二日町17-31 プレシャス二日町 1F,食べログ ピザ 百名店 2025,https://tabelog.com/miyagi/A0401/A040101/4024529/,https://www.google.com/maps/search/?api=1&query=%E3%83%94%E3%83%83%E3%83%84%E3%82%A7%E3%83%AA%E3%82%A2%20%E3%82%A8%20%E3%82%AA%E3%82%B9%E3%83%86%E3%83%AA%E3%82%A2%20%E3%83%91%E3%83%89%E3%83%AA%E3%83%BC%E3%83%8E%20%E5%AE%AE%E5%9F%8E%E7%9C%8C%E4%BB%99%E5%8F%B0%E5%B8%82%E9%9D%92%E8%91%89%E5%8C%BA%E4%BA%8C%E6%97%A5%E7%94%BA17-31%20%E3%83%97%E3%83%AC%E3%82%B7%E3%83%A3%E3%82%B9%E4%BA%8C%E6%97%A5%E7%94%BA%201F,38.2714023,140.8669184,2025,ピザ,pizza,発表日：2025年4月9日
ピッツェリア チンクエ,岩手県花巻市台5-9-3,食べログ ピザ 百名店 2025,https://tabelog.com/iwate/A0302/A030201/3004267/,https://www.google.com/maps/search/?api=1&query=%E3%83%94%E3%83%83%E3%83%84%E3%82%A7%E3%83%AA%E3%82%A2%20%E3%83%81%E3%83%B3%E3%82%AF%E3%82%A8%20%E5%B2%A9%E6%89%8B%E7%9C%8C%E8%8A%B1%E5%B7%BB%E5%B8%82%E5%8F%B05-9-3,39.4484840,141.0725579,2025,ピザ,pizza,発表日：2025年4月9日
ピッツェリア  Tuka,北海道河西郡更別村字更別北1線95-20,食べログ ピザ 百名店 2025,https://tabelog.com/hokkaido/A0111/A011103/1042561/,https://www.google.com/maps/search/?api=1&query=%E3%83%94%E3%83%83%E3%83%84%E3%82%A7%E3%83%AA%E3%82%A2%20%20Tuka%20%E5%8C%97%E6%B5%B7%E9%81%93%E6%B2%B3%E8%A5%BF%E9%83%A1%E6%9B%B4%E5%88%A5%E6%9D%91%E5%AD%97%E6%9B%B4%E5%88%A5%E5%8C%971%E7%B7%9A95-20,42.6602058,143.1818493,2025,ピザ,pizza,発表日：2025年4月9日
イル・ピッツァイオーロ,宮城県仙台市青葉区堤町1-9-21 第13ジュリヤン 1F,食べログ ピザ 百名店 2025,https://tabelog.com/miyagi/A0401/A040101/4016875/,https://www.google.com/maps/search/?api=1&query=%E3%82%A4%E3%83%AB%E3%83%BB%E3%83%94%E3%83%83%E3%83%84%E3%82%A1%E3%82%A4%E3%82%AA%E3%83%BC%E3%83%AD%20%E5%AE%AE%E5%9F%8E%E7%9C%8C%E4%BB%99%E5%8F%B0%E5%B8%82%E9%9D%92%E8%91%89%E5%8C%BA%E5%A0%A4%E7%94%BA1-9-21%20%E7%AC%AC13%E3%82%B8%E3%83%A5%E3%83%AA%E3%83%A4%E3%83%B3%201F,38.2841786,140.8699331,2025,ピザ,pizza,発表日：2025年4月9日
ピッツェリア ダ マッシモ,北海道札幌市白石区川下2条5丁目2-8,食べログ ピザ 百名店 2025,https://tabelog.com/hokkaido/A0101/A010301/1031158/,https://www.google.com/maps/search/?api=1&query=%E3%83%94%E3%83%83%E3%83%84%E3%82%A7%E3%83%AA%E3%82%A2%20%E3%83%80%20%E3%83%9E%E3%83%83%E3%82%B7%E3%83%A2%20%E5%8C%97%E6%B5%B7%E9%81%93%E6%9C%AD%E5%B9%8C%E5%B8%82%E7%99%BD%E7%9F%B3%E5%8C%BA%E5%B7%9D%E4%B8%8B2%E6%9D%A15%E4%B8%81%E7%9B%AE2-8,43.0482084,141.4463669,2025,ピザ,pizza,発表日：2025年4月9日
さんくるげ,福島県田村市滝根町神俣梵天川52,食べログ ラーメン EAST 百名店 2025,https://tabelog.com/fukushima/A0702/A070203/7015807/,https://www.google.com/maps/search/?api=1&query=%E3%81%95%E3%82%93%E3%81%8F%E3%82%8B%E3%81%92%20%E7%A6%8F%E5%B3%B6%E7%9C%8C%E7%94%B0%E6%9D%91%E5%B8%82%E6%BB%9D%E6%A0%B9%E7%94%BA%E7%A5%9E%E4%BF%A3%E6%A2%B5%E5%A4%A9%E5%B7%9D52,37.3243191,140.6580210,2025,ラーメン EAST,ramen_east,発表日：2025年12月2日
仙台中華そば 銘店嘉一 国分町店,宮城県仙台市青葉区国分町3-8-12,食べログ ラーメン EAST 百名店 2025,https://tabelog.com/miyagi/A0401/A040101/4009075/,https://www.google.com/maps/search/?api=1&query=%E4%BB%99%E5%8F%B0%E4%B8%AD%E8%8F%AF%E3%81%9D%E3%81%B0%20%E9%8A%98%E5%BA%97%E5%98%89%E4%B8%80%20%E5%9B%BD%E5%88%86%E7%94%BA%E5%BA%97%20%E5%AE%AE%E5%9F%8E%E7%9C%8C%E4%BB%99%E5%8F%B0%E5%B8%82%E9%9D%92%E8%91%89%E5%8C%BA%E5%9B%BD%E5%88%86%E7%94%BA3-8-12,38.2676824,140.8683822,2025,ラーメン EAST,ramen_east,発表日：2025年12月2日
中華そば処 琴平荘,山形県鶴岡市三瀬己381-46 旅館琴平荘,食べログ ラーメン EAST 百名店 2025,https://tabelog.com/yamagata/A0603/A060302/6000573/,https://www.google.com/maps/search/?api=1&query=%E4%B8%AD%E8%8F%AF%E3%81%9D%E3%81%B0%E5%87%A6%20%E7%90%B4%E5%B9%B3%E8%8D%98%20%E5%B1%B1%E5%BD%A2%E7%9C%8C%E9%B6%B4%E5%B2%A1%E5%B8%82%E4%B8%89%E7%80%AC%E5%B7%B1381-46%20%E6%97%85%E9%A4%A8%E7%90%B4%E5%B9%B3%E8%8D%98,38.7062248,139.6620644,2025,ラーメン EAST,ramen_east,発表日：2025年12月2日
だし廊 仙台南町通り本店,宮城県仙台市青葉区一番町2-2-11 TKビル 1F,食べログ ラーメン EAST 百名店 2025,https://tabelog.com/miyagi/A0401/A040101/4019493/,https://www.google.com/maps/search/?api=1&query=%E3%81%A0%E3%81%97%E5%BB%8A%20%E4%BB%99%E5%8F%B0%E5%8D%97%E7%94%BA%E9%80%9A%E3%82%8A%E6%9C%AC%E5%BA%97%20%E5%AE%AE%E5%9F%8E%E7%9C%8C%E4%BB%99%E5%8F%B0%E5%B8%82%E9%9D%92%E8%91%89%E5%8C%BA%E4%B8%80%E7%95%AA%E7%94%BA2-2-11%20TK%E3%83%93%E3%83%AB%201F,38.2585860,140.8749303,2025,ラーメン EAST,ramen_east,発表日：2025年12月2日
食堂 はせ川,福島県喜多方市大荒井6,食べログ ラーメン EAST 百名店 2025,https://tabelog.com/fukushima/A0706/A070601/7000009/,https://www.google.com/maps/search/?api=1&query=%E9%A3%9F%E5%A0%82%20%E3%81%AF%E3%81%9B%E5%B7%9D%20%E7%A6%8F%E5%B3%B6%E7%9C%8C%E5%96%9C%E5%A4%9A%E6%96%B9%E5%B8%82%E5%A4%A7%E8%8D%92%E4%BA%956,37.6707438,139.8641408,2025,ラーメン EAST,ramen_east,発表日：2025年12月2日
ケンチャンラーメン 山形,山形県山形市西田2-1-17,食べログ ラーメン EAST 百名店 2025,https://tabelog.com/yamagata/A0601/A060101/6000555/,https://www.google.com/maps/search/?api=1&query=%E3%82%B1%E3%83%B3%E3%83%81%E3%83%A3%E3%83%B3%E3%83%A9%E3%83%BC%E3%83%A1%E3%83%B3%20%E5%B1%B1%E5%BD%A2%20%E5%B1%B1%E5%BD%A2%E7%9C%8C%E5%B1%B1%E5%BD%A2%E5%B8%82%E8%A5%BF%E7%94%B02-1-17,38.2629906,140.3153989,2025,ラーメン EAST,ramen_east,発表日：2025年12月2日
喜一,福島県喜多方市関柴町上高額境田635-7,食べログ ラーメン EAST 百名店 2025,https://tabelog.com/fukushima/A0706/A070601/7000556/,https://www.google.com/maps/search/?api=1&query=%E5%96%9C%E4%B8%80%20%E7%A6%8F%E5%B3%B6%E7%9C%8C%E5%96%9C%E5%A4%9A%E6%96%B9%E5%B8%82%E9%96%A2%E6%9F%B4%E7%94%BA%E4%B8%8A%E9%AB%98%E9%A1%8D%E5%A2%83%E7%94%B0635-7,37.6471450,139.8822734,2025,ラーメン EAST,ramen_east,発表日：2025年12月2日
伊達屋,福島県福島市南沢又字下番匠田22,食べログ ラーメン EAST 百名店 2025,https://tabelog.com/fukushima/A0701/A070101/7001032/,https://www.google.com/maps/search/?api=1&query=%E4%BC%8A%E9%81%94%E5%B1%8B%20%E7%A6%8F%E5%B3%B6%E7%9C%8C%E7%A6%8F%E5%B3%B6%E5%B8%82%E5%8D%97%E6%B2%A2%E5%8F%88%E5%AD%97%E4%B8%8B%E7%95%AA%E5%8C%A0%E7%94%B022,37.7843340,140.4399954,2025,ラーメン EAST,ramen_east,発表日：2025年12月2日
うえんで,福島県会津若松市大戸町上三寄大豆田11-3,食べログ ラーメン EAST 百名店 2025,https://tabelog.com/fukushima/A0705/A070501/7001697/,https://www.google.com/maps/search/?api=1&query=%E3%81%86%E3%81%88%E3%82%93%E3%81%A7%20%E7%A6%8F%E5%B3%B6%E7%9C%8C%E4%BC%9A%E6%B4%A5%E8%8B%A5%E6%9D%BE%E5%B8%82%E5%A4%A7%E6%88%B8%E7%94%BA%E4%B8%8A%E4%B8%89%E5%AF%84%E5%A4%A7%E8%B1%86%E7%94%B011-3,37.3948346,139.9343038,2025,ラーメン EAST,ramen_east,発表日：2025年12月2日
とら食堂,福島県白河市双石滝ノ尻1,食べログ ラーメン EAST 百名店 2025,https://tabelog.com/fukushima/A0703/A070301/7000016/,https://www.google.com/maps/search/?api=1&query=%E3%81%A8%E3%82%89%E9%A3%9F%E5%A0%82%20%E7%A6%8F%E5%B3%B6%E7%9C%8C%E7%99%BD%E6%B2%B3%E5%B8%82%E5%8F%8C%E7%9F%B3%E6%BB%9D%E3%83%8E%E5%B0%BB1,37.1125898,140.2603621,2025,ラーメン EAST,ramen_east,発表日：2025年12月2日
坂内食堂,福島県喜多方市字細田7230,食べログ ラーメン EAST 百名店 2025,https://tabelog.com/fukushima/A0706/A070601/7000007/,https://www.google.com/maps/search/?api=1&query=%E5%9D%82%E5%86%85%E9%A3%9F%E5%A0%82%20%E7%A6%8F%E5%B3%B6%E7%9C%8C%E5%96%9C%E5%A4%9A%E6%96%B9%E5%B8%82%E5%AD%97%E7%B4%B0%E7%94%B07230,37.6510825,139.8735175,2025,ラーメン EAST,ramen_east,発表日：2025年12月2日
みずさわ屋,宮城県仙台市青葉区栗生5-22-3,食べログ ラーメン EAST 百名店 2025,https://tabelog.com/miyagi/A0401/A040101/4000181/,https://www.google.com/maps/search/?api=1&query=%E3%81%BF%E3%81%9A%E3%81%95%E3%82%8F%E5%B1%8B%20%E5%AE%AE%E5%9F%8E%E7%9C%8C%E4%BB%99%E5%8F%B0%E5%B8%82%E9%9D%92%E8%91%89%E5%8C%BA%E6%A0%97%E7%94%9F5-22-3,38.2691314,140.7903791,2025,ラーメン EAST,ramen_east,発表日：2025年12月2日
春木屋 郡山分店,福島県郡山市桑野2-16-13,食べログ ラーメン EAST 百名店 2025,https://tabelog.com/fukushima/A0702/A070201/7000025/,https://www.google.com/maps/search/?api=1&query=%E6%98%A5%E6%9C%A8%E5%B1%8B%20%E9%83%A1%E5%B1%B1%E5%88%86%E5%BA%97%20%E7%A6%8F%E5%B3%B6%E7%9C%8C%E9%83%A1%E5%B1%B1%E5%B8%82%E6%A1%91%E9%87%8E2-16-13,37.4051518,140.3552484,2025,ラーメン EAST,ramen_east,発表日：2025年12月2日
自家製麺 うろた,福島県福島市新町3-14 上州ビル 1F,食べログ ラーメン EAST 百名店 2025,https://tabelog.com/fukushima/A0701/A070101/7012906/,https://www.google.com/maps/search/?api=1&query=%E8%87%AA%E5%AE%B6%E8%A3%BD%E9%BA%BA%20%E3%81%86%E3%82%8D%E3%81%9F%20%E7%A6%8F%E5%B3%B6%E7%9C%8C%E7%A6%8F%E5%B3%B6%E5%B8%82%E6%96%B0%E7%94%BA3-14%20%E4%B8%8A%E5%B7%9E%E3%83%93%E3%83%AB%201F,37.7558807,140.4675343,2025,ラーメン EAST,ramen_east,発表日：2025年12月2日
四代目麺処 ゆうじ,北海道札幌市北区新琴似8条8丁目1-1,食べログ ラーメン HOKKAIDO 百名店 2025,https://tabelog.com/hokkaido/A0101/A010201/1030914/,https://www.google.com/maps/search/?api=1&query=%E5%9B%9B%E4%BB%A3%E7%9B%AE%E9%BA%BA%E5%87%A6%20%E3%82%86%E3%81%86%E3%81%98%20%E5%8C%97%E6%B5%B7%E9%81%93%E6%9C%AD%E5%B9%8C%E5%B8%82%E5%8C%97%E5%8C%BA%E6%96%B0%E7%90%B4%E4%BC%BC8%E6%9D%A18%E4%B8%81%E7%9B%AE1-1,43.1167266,141.3245798,2025,ラーメン HOKKAIDO,ramen_hokkaido,発表日：2025年12月2日
らあめん 新,北海道札幌市中央区南六条西7-1-6 高砂ビル1F,食べログ ラーメン HOKKAIDO 百名店 2025,https://tabelog.com/hokkaido/A0101/A010103/1006022/,https://www.google.com/maps/search/?api=1&query=%E3%82%89%E3%81%82%E3%82%81%E3%82%93%20%E6%96%B0%20%E5%8C%97%E6%B5%B7%E9%81%93%E6%9C%AD%E5%B9%8C%E5%B8%82%E4%B8%AD%E5%A4%AE%E5%8C%BA%E5%8D%97%E5%85%AD%E6%9D%A1%E8%A5%BF7-1-6%20%E9%AB%98%E7%A0%82%E3%83%93%E3%83%AB1F,43.0521336,141.3491000,2025,ラーメン HOKKAIDO,ramen_hokkaido,発表日：2025年12月2日
らー麺 山さわ,北海道札幌市白石区栄通2-8-25,食べログ ラーメン HOKKAIDO 百名店 2025,https://tabelog.com/hokkaido/A0101/A010301/1056128/,https://www.google.com/maps/search/?api=1&query=%E3%82%89%E3%83%BC%E9%BA%BA%20%E5%B1%B1%E3%81%95%E3%82%8F%20%E5%8C%97%E6%B5%B7%E9%81%93%E6%9C%AD%E5%B9%8C%E5%B8%82%E7%99%BD%E7%9F%B3%E5%8C%BA%E6%A0%84%E9%80%9A2-8-25,43.0402695,141.3975720,2025,ラーメン HOKKAIDO,ramen_hokkaido,発表日：2025年12月2日
味特 本店,北海道旭川市3条通7丁目右3号,食べログ ラーメン HOKKAIDO 百名店 2025,https://tabelog.com/hokkaido/A0104/A010401/1004362/,https://www.google.com/maps/search/?api=1&query=%E5%91%B3%E7%89%B9%20%E6%9C%AC%E5%BA%97%20%E5%8C%97%E6%B5%B7%E9%81%93%E6%97%AD%E5%B7%9D%E5%B8%823%E6%9D%A1%E9%80%9A7%E4%B8%81%E7%9B%AE%E5%8F%B33%E5%8F%B7,43.7676439,142.3591073,2025,ラーメン HOKKAIDO,ramen_hokkaido,発表日：2025年12月2日
RAMEN RS 改,北海道札幌市清田区平岡1条4-2-11,食べログ ラーメン HOKKAIDO 百名店 2025,https://tabelog.com/hokkaido/A0101/A010304/1056051/,https://www.google.com/maps/search/?api=1&query=RAMEN%20RS%20%E6%94%B9%20%E5%8C%97%E6%B5%B7%E9%81%93%E6%9C%AD%E5%B9%8C%E5%B8%82%E6%B8%85%E7%94%B0%E5%8C%BA%E5%B9%B3%E5%B2%A11%E6%9D%A14-2-11,42.9943407,141.4502516,2025,ラーメン HOKKAIDO,ramen_hokkaido,発表日：2025年12月2日
北山龍,北海道札幌市北区麻生町2-4-8,食べログ ラーメン HOKKAIDO 百名店 2025,https://tabelog.com/hokkaido/A0101/A010201/1000468/,https://www.google.com/maps/search/?api=1&query=%E5%8C%97%E5%B1%B1%E9%BE%8D%20%E5%8C%97%E6%B5%B7%E9%81%93%E6%9C%AD%E5%B9%8C%E5%B8%82%E5%8C%97%E5%8C%BA%E9%BA%BB%E7%94%9F%E7%94%BA2-4-8,43.1095288,141.3392179,2025,ラーメン HOKKAIDO,ramen_hokkaido,発表日：2025年12月2日
和だしらぁめん うめきち,北海道札幌市中央区南5条東2-11-1,食べログ ラーメン HOKKAIDO 百名店 2025,https://tabelog.com/hokkaido/A0101/A010103/1055157/,https://www.google.com/maps/search/?api=1&query=%E5%92%8C%E3%81%A0%E3%81%97%E3%82%89%E3%81%81%E3%82%81%E3%82%93%20%E3%81%86%E3%82%81%E3%81%8D%E3%81%A1%20%E5%8C%97%E6%B5%B7%E9%81%93%E6%9C%AD%E5%B9%8C%E5%B8%82%E4%B8%AD%E5%A4%AE%E5%8C%BA%E5%8D%975%E6%9D%A1%E6%9D%B12-11-1,43.0563396,141.3599829,2025,ラーメン HOKKAIDO,ramen_hokkaido,発表日：2025年12月2日
麺屋 彩未,北海道札幌市豊平区美園10条5-3-12,食べログ ラーメン HOKKAIDO 百名店 2025,https://tabelog.com/hokkaido/A0101/A010303/1000018/,https://www.google.com/maps/search/?api=1&query=%E9%BA%BA%E5%B1%8B%20%E5%BD%A9%E6%9C%AA%20%E5%8C%97%E6%B5%B7%E9%81%93%E6%9C%AD%E5%B9%8C%E5%B8%82%E8%B1%8A%E5%B9%B3%E5%8C%BA%E7%BE%8E%E5%9C%9210%E6%9D%A15-3-12,43.0352738,141.3819516,2025,ラーメン HOKKAIDO,ramen_hokkaido,発表日：2025年12月2日
ラーメン専門 ひまわり,北海道旭川市大雪通3丁目491-1 特一ビル 1F,食べログ ラーメン HOKKAIDO 百名店 2025,https://tabelog.com/hokkaido/A0104/A010401/1002587/,https://www.google.com/maps/search/?api=1&query=%E3%83%A9%E3%83%BC%E3%83%A1%E3%83%B3%E5%B0%82%E9%96%80%20%E3%81%B2%E3%81%BE%E3%82%8F%E3%82%8A%20%E5%8C%97%E6%B5%B7%E9%81%93%E6%97%AD%E5%B7%9D%E5%B8%82%E5%A4%A7%E9%9B%AA%E9%80%9A3%E4%B8%81%E7%9B%AE491-1%20%E7%89%B9%E4%B8%80%E3%83%93%E3%83%AB%201F,43.7768276,142.3851685,2025,ラーメン HOKKAIDO,ramen_hokkaido,発表日：2025年12月2日
麺屋 169,北海道札幌市中央区南16条西9丁目1-1 松名ビル1F,食べログ ラーメン HOKKAIDO 百名店 2025,https://tabelog.com/hokkaido/A0101/A010104/1049322/,https://www.google.com/maps/search/?api=1&query=%E9%BA%BA%E5%B1%8B%20169%20%E5%8C%97%E6%B5%B7%E9%81%93%E6%9C%AD%E5%B9%8C%E5%B8%82%E4%B8%AD%E5%A4%AE%E5%8C%BA%E5%8D%9716%E6%9D%A1%E8%A5%BF9%E4%B8%81%E7%9B%AE1-1%20%E6%9D%BE%E5%90%8D%E3%83%93%E3%83%AB1F,43.0389002,141.3472063,2025,ラーメン HOKKAIDO,ramen_hokkaido,発表日：2025年12月2日
蜂屋 旭川本店,北海道旭川市三条通15丁目左8,食べログ ラーメン HOKKAIDO 百名店 2025,https://tabelog.com/hokkaido/A0104/A010401/1003302/,https://www.google.com/maps/search/?api=1&query=%E8%9C%82%E5%B1%8B%20%E6%97%AD%E5%B7%9D%E6%9C%AC%E5%BA%97%20%E5%8C%97%E6%B5%B7%E9%81%93%E6%97%AD%E5%B7%9D%E5%B8%82%E4%B8%89%E6%9D%A1%E9%80%9A15%E4%B8%81%E7%9B%AE%E5%B7%A68,43.7645298,142.3721433,2025,ラーメン HOKKAIDO,ramen_hokkaido,発表日：2025年12月2日
らーめん初代 小樽本店,北海道小樽市住吉町14-8,食べログ ラーメン HOKKAIDO 百名店 2025,https://tabelog.com/hokkaido/A0106/A010601/1000282/,https://www.google.com/maps/search/?api=1&query=%E3%82%89%E3%83%BC%E3%82%81%E3%82%93%E5%88%9D%E4%BB%A3%20%E5%B0%8F%E6%A8%BD%E6%9C%AC%E5%BA%97%20%E5%8C%97%E6%B5%B7%E9%81%93%E5%B0%8F%E6%A8%BD%E5%B8%82%E4%BD%8F%E5%90%89%E7%94%BA14-8,43.1869952,141.0109528,2025,ラーメン HOKKAIDO,ramen_hokkaido,発表日：2025年12月2日
麺 鍾馗,北海道札幌市東区北26条東1-2-25 ノース26 1F,食べログ ラーメン HOKKAIDO 百名店 2025,https://tabelog.com/hokkaido/A0101/A010202/1070261/,https://www.google.com/maps/search/?api=1&query=%E9%BA%BA%20%E9%8D%BE%E9%A6%97%20%E5%8C%97%E6%B5%B7%E9%81%93%E6%9C%AD%E5%B9%8C%E5%B8%82%E6%9D%B1%E5%8C%BA%E5%8C%9726%E6%9D%A1%E6%9D%B11-2-25%20%E3%83%8E%E3%83%BC%E3%82%B926%201F,43.0936572,141.3490088,2025,ラーメン HOKKAIDO,ramen_hokkaido,発表日：2025年12月2日
ラーメン札幌一粒庵,北海道札幌市中央区北四条西1-1 ホクレンビル B1F,食べログ ラーメン HOKKAIDO 百名店 2025,https://tabelog.com/hokkaido/A0101/A010101/1001190/,https://www.google.com/maps/search/?api=1&query=%E3%83%A9%E3%83%BC%E3%83%A1%E3%83%B3%E6%9C%AD%E5%B9%8C%E4%B8%80%E7%B2%92%E5%BA%B5%20%E5%8C%97%E6%B5%B7%E9%81%93%E6%9C%AD%E5%B9%8C%E5%B8%82%E4%B8%AD%E5%A4%AE%E5%8C%BA%E5%8C%97%E5%9B%9B%E6%9D%A1%E8%A5%BF1-1%20%E3%83%9B%E3%82%AF%E3%83%AC%E3%83%B3%E3%83%93%E3%83%AB%20B1F,43.0670240,141.3540274,2025,ラーメン HOKKAIDO,ramen_hokkaido,発表日：2025年12月2日
いそのかづお,北海道札幌市中央区南5条西5丁目21 第2旭観光ビル1F,食べログ ラーメン HOKKAIDO 百名店 2025,https://tabelog.com/hokkaido/A0101/A010103/1034478/,https://www.google.com/maps/search/?api=1&query=%E3%81%84%E3%81%9D%E3%81%AE%E3%81%8B%E3%81%A5%E3%81%8A%20%E5%8C%97%E6%B5%B7%E9%81%93%E6%9C%AD%E5%B9%8C%E5%B8%82%E4%B8%AD%E5%A4%AE%E5%8C%BA%E5%8D%975%E6%9D%A1%E8%A5%BF5%E4%B8%81%E7%9B%AE21%20%E7%AC%AC2%E6%97%AD%E8%A6%B3%E5%85%89%E3%83%93%E3%83%AB1F,43.0542330,141.3507578,2025,ラーメン HOKKAIDO,ramen_hokkaido,発表日：2025年12月2日
麺や けせらせら,北海道札幌市北区太平7-5-2-5,食べログ ラーメン HOKKAIDO 百名店 2025,https://tabelog.com/hokkaido/A0101/A010201/1009525/,https://www.google.com/maps/search/?api=1&query=%E9%BA%BA%E3%82%84%20%E3%81%91%E3%81%9B%E3%82%89%E3%81%9B%E3%82%89%20%E5%8C%97%E6%B5%B7%E9%81%93%E6%9C%AD%E5%B9%8C%E5%B8%82%E5%8C%97%E5%8C%BA%E5%A4%AA%E5%B9%B37-5-2-5,43.1306207,141.3550168,2025,ラーメン HOKKAIDO,ramen_hokkaido,発表日：2025年12月2日
らーめんサッポロ 赤星,北海道札幌市中央区南三条西7-7 狸小路商店街,食べログ ラーメン HOKKAIDO 百名店 2025,https://tabelog.com/hokkaido/A0101/A010102/1000912/,https://www.google.com/maps/search/?api=1&query=%E3%82%89%E3%83%BC%E3%82%81%E3%82%93%E3%82%B5%E3%83%83%E3%83%9D%E3%83%AD%20%E8%B5%A4%E6%98%9F%20%E5%8C%97%E6%B5%B7%E9%81%93%E6%9C%AD%E5%B9%8C%E5%B8%82%E4%B8%AD%E5%A4%AE%E5%8C%BA%E5%8D%97%E4%B8%89%E6%9D%A1%E8%A5%BF7-7%20%E7%8B%B8%E5%B0%8F%E8%B7%AF%E5%95%86%E5%BA%97%E8%A1%97,43.0563649,141.3468842,2025,ラーメン HOKKAIDO,ramen_hokkaido,発表日：2025年12月2日
さっぽろ純連 北31条店,北海道札幌市東区北31条東1-1-8,食べログ ラーメン HOKKAIDO 百名店 2025,https://tabelog.com/hokkaido/A0101/A010202/1041313/,https://www.google.com/maps/search/?api=1&query=%E3%81%95%E3%81%A3%E3%81%BD%E3%82%8D%E7%B4%94%E9%80%A3%20%E5%8C%9731%E6%9D%A1%E5%BA%97%20%E5%8C%97%E6%B5%B7%E9%81%93%E6%9C%AD%E5%B9%8C%E5%B8%82%E6%9D%B1%E5%8C%BA%E5%8C%9731%E6%9D%A1%E6%9D%B11-1-8,43.0988475,141.3459958,2025,ラーメン HOKKAIDO,ramen_hokkaido,発表日：2025年12月2日
旭川ラーメン ななし,北海道札幌市西区琴似一条1丁目6-16,食べログ ラーメン HOKKAIDO 百名店 2025,https://tabelog.com/hokkaido/A0101/A010204/1000059/,https://www.google.com/maps/search/?api=1&query=%E6%97%AD%E5%B7%9D%E3%83%A9%E3%83%BC%E3%83%A1%E3%83%B3%20%E3%81%AA%E3%81%AA%E3%81%97%20%E5%8C%97%E6%B5%B7%E9%81%93%E6%9C%AD%E5%B9%8C%E5%B8%82%E8%A5%BF%E5%8C%BA%E7%90%B4%E4%BC%BC%E4%B8%80%E6%9D%A11%E4%B8%81%E7%9B%AE6-16,43.0798709,141.3074993,2025,ラーメン HOKKAIDO,ramen_hokkaido,発表日：2025年12月2日
蜂屋 五条創業店,北海道旭川市五条通7丁目右6,食べログ ラーメン HOKKAIDO 百名店 2025,https://tabelog.com/hokkaido/A0104/A010401/1000269/,https://www.google.com/maps/search/?api=1&query=%E8%9C%82%E5%B1%8B%20%E4%BA%94%E6%9D%A1%E5%89%B5%E6%A5%AD%E5%BA%97%20%E5%8C%97%E6%B5%B7%E9%81%93%E6%97%AD%E5%B7%9D%E5%B8%82%E4%BA%94%E6%9D%A1%E9%80%9A7%E4%B8%81%E7%9B%AE%E5%8F%B36,43.7699713,142.3607266,2025,ラーメン HOKKAIDO,ramen_hokkaido,発表日：2025年12月2日
中華そば うさぎ,北海道札幌市北区北27条西3-4-7 のりたマンション 1F,食べログ ラーメン HOKKAIDO 百名店 2025,https://tabelog.com/hokkaido/A0101/A010201/1043647/,https://www.google.com/maps/search/?api=1&query=%E4%B8%AD%E8%8F%AF%E3%81%9D%E3%81%B0%20%E3%81%86%E3%81%95%E3%81%8E%20%E5%8C%97%E6%B5%B7%E9%81%93%E6%9C%AD%E5%B9%8C%E5%B8%82%E5%8C%97%E5%8C%BA%E5%8C%9727%E6%9D%A1%E8%A5%BF3-4-7%20%E3%81%AE%E3%82%8A%E3%81%9F%E3%83%9E%E3%83%B3%E3%82%B7%E3%83%A7%E3%83%B3%201F,43.0946638,141.3436174,2025,ラーメン HOKKAIDO,ramen_hokkaido,発表日：2025年12月2日
あじさい 本店,北海道函館市五稜郭町29-22,食べログ ラーメン HOKKAIDO 百名店 2025,https://tabelog.com/hokkaido/A0105/A010501/1000366/,https://www.google.com/maps/search/?api=1&query=%E3%81%82%E3%81%98%E3%81%95%E3%81%84%20%E6%9C%AC%E5%BA%97%20%E5%8C%97%E6%B5%B7%E9%81%93%E5%87%BD%E9%A4%A8%E5%B8%82%E4%BA%94%E7%A8%9C%E9%83%AD%E7%94%BA29-22,41.7946727,140.7532545,2025,ラーメン HOKKAIDO,ramen_hokkaido,発表日：2025年12月2日
雨は、やさしく,北海道札幌市白石区菊水元町4条2丁目1-7 古川ビル 1F,食べログ ラーメン HOKKAIDO 百名店 2025,https://tabelog.com/hokkaido/A0101/A010301/1045278/,https://www.google.com/maps/search/?api=1&query=%E9%9B%A8%E3%81%AF%E3%80%81%E3%82%84%E3%81%95%E3%81%97%E3%81%8F%20%E5%8C%97%E6%B5%B7%E9%81%93%E6%9C%AD%E5%B9%8C%E5%B8%82%E7%99%BD%E7%9F%B3%E5%8C%BA%E8%8F%8A%E6%B0%B4%E5%85%83%E7%94%BA4%E6%9D%A12%E4%B8%81%E7%9B%AE1-7%20%E5%8F%A4%E5%B7%9D%E3%83%93%E3%83%AB%201F,43.0693860,141.4036723,2025,ラーメン HOKKAIDO,ramen_hokkaido,発表日：2025年12月2日
あじさい 新千歳空港店,北海道千歳市美々987 新千歳空港 国内線ターミナルビル 3F 北海道ラーメン道場内,食べログ ラーメン HOKKAIDO 百名店 2025,https://tabelog.com/hokkaido/A0107/A010701/1000368/,https://www.google.com/maps/search/?api=1&query=%E3%81%82%E3%81%98%E3%81%95%E3%81%84%20%E6%96%B0%E5%8D%83%E6%AD%B3%E7%A9%BA%E6%B8%AF%E5%BA%97%20%E5%8C%97%E6%B5%B7%E9%81%93%E5%8D%83%E6%AD%B3%E5%B8%82%E7%BE%8E%E3%80%85987%20%E6%96%B0%E5%8D%83%E6%AD%B3%E7%A9%BA%E6%B8%AF%20%E5%9B%BD%E5%86%85%E7%B7%9A%E3%82%BF%E3%83%BC%E3%83%9F%E3%83%8A%E3%83%AB%E3%83%93%E3%83%AB%203F%20%E5%8C%97%E6%B5%B7%E9%81%93%E3%83%A9%E3%83%BC%E3%83%A1%E3%83%B3%E9%81%93%E5%A0%B4%E5%86%85,42.7878041,141.6804568,2025,ラーメン HOKKAIDO,ramen_hokkaido,発表日：2025年12月2日
虎,北海道札幌市清田区北野3条3丁目15-30,食べログ ラーメン HOKKAIDO 百名店 2025,https://tabelog.com/hokkaido/A0101/A010304/1024014/,https://www.google.com/maps/search/?api=1&query=%E8%99%8E%20%E5%8C%97%E6%B5%B7%E9%81%93%E6%9C%AD%E5%B9%8C%E5%B8%82%E6%B8%85%E7%94%B0%E5%8C%BA%E5%8C%97%E9%87%8E3%E6%9D%A13%E4%B8%81%E7%9B%AE15-30,43.0095750,141.4374464,2025,ラーメン HOKKAIDO,ramen_hokkaido,発表日：2025年12月2日
ラーメン信月,北海道札幌市中央区南5条西3丁目 N･グランデビル（旧･第4グリーンビル）1F,食べログ ラーメン HOKKAIDO 百名店 2025,https://tabelog.com/hokkaido/A0101/A010103/1000456/,https://www.google.com/maps/search/?api=1&query=%E3%83%A9%E3%83%BC%E3%83%A1%E3%83%B3%E4%BF%A1%E6%9C%88%20%E5%8C%97%E6%B5%B7%E9%81%93%E6%9C%AD%E5%B9%8C%E5%B8%82%E4%B8%AD%E5%A4%AE%E5%8C%BA%E5%8D%975%E6%9D%A1%E8%A5%BF3%E4%B8%81%E7%9B%AE%20N%EF%BD%A5%E3%82%B0%E3%83%A9%E3%83%B3%E3%83%87%E3%83%93%E3%83%AB%EF%BC%88%E6%97%A7%EF%BD%A5%E7%AC%AC4%E3%82%B0%E3%83%AA%E3%83%BC%E3%83%B3%E3%83%93%E3%83%AB%EF%BC%891F,43.0549189,141.3544755,2025,ラーメン HOKKAIDO,ramen_hokkaido,発表日：2025年12月2日
麺処 玖,北海道札幌市豊平区月寒東5条8-2-8 三上コーポ 1F,食べログ ラーメン HOKKAIDO 百名店 2025,https://tabelog.com/hokkaido/A0101/A010303/1069008/,https://www.google.com/maps/search/?api=1&query=%E9%BA%BA%E5%87%A6%20%E7%8E%96%20%E5%8C%97%E6%B5%B7%E9%81%93%E6%9C%AD%E5%B9%8C%E5%B8%82%E8%B1%8A%E5%B9%B3%E5%8C%BA%E6%9C%88%E5%AF%92%E6%9D%B15%E6%9D%A18-2-8%20%E4%B8%89%E4%B8%8A%E3%82%B3%E3%83%BC%E3%83%9D%201F,43.0354778,141.4095244,2025,ラーメン HOKKAIDO,ramen_hokkaido,発表日：2025年12月2日
花丸,北海道札幌市清田区美しが丘三条7-1-33,食べログ ラーメン HOKKAIDO 百名店 2025,https://tabelog.com/hokkaido/A0101/A010304/1006995/,https://www.google.com/maps/search/?api=1&query=%E8%8A%B1%E4%B8%B8%20%E5%8C%97%E6%B5%B7%E9%81%93%E6%9C%AD%E5%B9%8C%E5%B8%82%E6%B8%85%E7%94%B0%E5%8C%BA%E7%BE%8E%E3%81%97%E3%81%8C%E4%B8%98%E4%B8%89%E6%9D%A17-1-33,42.9775629,141.4604130,2025,ラーメン HOKKAIDO,ramen_hokkaido,発表日：2025年12月2日
らーめん 信玄 南６条店,北海道札幌市中央区南六条西8,食べログ ラーメン HOKKAIDO 百名店 2025,https://tabelog.com/hokkaido/A0101/A010103/1002793/,https://www.google.com/maps/search/?api=1&query=%E3%82%89%E3%83%BC%E3%82%81%E3%82%93%20%E4%BF%A1%E7%8E%84%20%E5%8D%97%EF%BC%96%E6%9D%A1%E5%BA%97%20%E5%8C%97%E6%B5%B7%E9%81%93%E6%9C%AD%E5%B9%8C%E5%B8%82%E4%B8%AD%E5%A4%AE%E5%8C%BA%E5%8D%97%E5%85%AD%E6%9D%A1%E8%A5%BF8,43.0522862,141.3475513,2025,ラーメン HOKKAIDO,ramen_hokkaido,発表日：2025年12月2日
恵庭 おとん食堂,北海道恵庭市漁町13,食べログ ラーメン HOKKAIDO 百名店 2025,https://tabelog.com/hokkaido/A0107/A010703/1009164/,https://www.google.com/maps/search/?api=1&query=%E6%81%B5%E5%BA%AD%20%E3%81%8A%E3%81%A8%E3%82%93%E9%A3%9F%E5%A0%82%20%E5%8C%97%E6%B5%B7%E9%81%93%E6%81%B5%E5%BA%AD%E5%B8%82%E6%BC%81%E7%94%BA13,42.8817315,141.5759837,2025,ラーメン HOKKAIDO,ramen_hokkaido,発表日：2025年12月2日
らーめん みかん,北海道小樽市新富町13-13,食べログ ラーメン HOKKAIDO 百名店 2025,https://tabelog.com/hokkaido/A0106/A010601/1000904/,https://www.google.com/maps/search/?api=1&query=%E3%82%89%E3%83%BC%E3%82%81%E3%82%93%20%E3%81%BF%E3%81%8B%E3%82%93%20%E5%8C%97%E6%B5%B7%E9%81%93%E5%B0%8F%E6%A8%BD%E5%B8%82%E6%96%B0%E5%AF%8C%E7%94%BA13-13,43.1819818,141.0095003,2025,ラーメン HOKKAIDO,ramen_hokkaido,発表日：2025年12月2日
札幌つけ麺 札幌ラーメン 風来堂,北海道札幌市豊平区豊平八条9-3-20 三信ビル 1F,食べログ ラーメン HOKKAIDO 百名店 2025,https://tabelog.com/hokkaido/A0101/A010303/1030289/,https://www.google.com/maps/search/?api=1&query=%E6%9C%AD%E5%B9%8C%E3%81%A4%E3%81%91%E9%BA%BA%20%E6%9C%AD%E5%B9%8C%E3%83%A9%E3%83%BC%E3%83%A1%E3%83%B3%20%E9%A2%A8%E6%9D%A5%E5%A0%82%20%E5%8C%97%E6%B5%B7%E9%81%93%E6%9C%AD%E5%B9%8C%E5%B8%82%E8%B1%8A%E5%B9%B3%E5%8C%BA%E8%B1%8A%E5%B9%B3%E5%85%AB%E6%9D%A19-3-20%20%E4%B8%89%E4%BF%A1%E3%83%93%E3%83%AB%201F,43.0433427,141.3705377,2025,ラーメン HOKKAIDO,ramen_hokkaido,発表日：2025年12月2日
らぁめん 千寿,北海道札幌市中央区大通西8-2-39 北大通ビル B1F,食べログ ラーメン HOKKAIDO 百名店 2025,https://tabelog.com/hokkaido/A0101/A010102/1000011/,https://www.google.com/maps/search/?api=1&query=%E3%82%89%E3%81%81%E3%82%81%E3%82%93%20%E5%8D%83%E5%AF%BF%20%E5%8C%97%E6%B5%B7%E9%81%93%E6%9C%AD%E5%B9%8C%E5%B8%82%E4%B8%AD%E5%A4%AE%E5%8C%BA%E5%A4%A7%E9%80%9A%E8%A5%BF8-2-39%20%E5%8C%97%E5%A4%A7%E9%80%9A%E3%83%93%E3%83%AB%20B1F,43.0603718,141.3443718,2025,ラーメン HOKKAIDO,ramen_hokkaido,発表日：2025年12月2日
麺屋 おざわ,北海道札幌市白石区菊水6条3丁目1-22 I'Sコート 1F,食べログ ラーメン HOKKAIDO 百名店 2025,https://tabelog.com/hokkaido/A0101/A010301/1036118/,https://www.google.com/maps/search/?api=1&query=%E9%BA%BA%E5%B1%8B%20%E3%81%8A%E3%81%96%E3%82%8F%20%E5%8C%97%E6%B5%B7%E9%81%93%E6%9C%AD%E5%B9%8C%E5%B8%82%E7%99%BD%E7%9F%B3%E5%8C%BA%E8%8F%8A%E6%B0%B46%E6%9D%A13%E4%B8%81%E7%9B%AE1-22%20I%27S%E3%82%B3%E3%83%BC%E3%83%88%201F,43.0571603,141.3787933,2025,ラーメン HOKKAIDO,ramen_hokkaido,発表日：2025年12月2日
"雨は、やさしく NO,2",北海道札幌市東区北七条東3-1-1,食べログ ラーメン HOKKAIDO 百名店 2025,https://tabelog.com/hokkaido/A0101/A010202/1055806/,https://www.google.com/maps/search/?api=1&query=%E9%9B%A8%E3%81%AF%E3%80%81%E3%82%84%E3%81%95%E3%81%97%E3%81%8F%20NO%2C2%20%E5%8C%97%E6%B5%B7%E9%81%93%E6%9C%AD%E5%B9%8C%E5%B8%82%E6%9D%B1%E5%8C%BA%E5%8C%97%E4%B8%83%E6%9D%A1%E6%9D%B13-1-1,43.0714032,141.3593625,2025,ラーメン HOKKAIDO,ramen_hokkaido,発表日：2025年12月2日
ふじ屋 NOODLE,北海道札幌市中央区南4条西3 第3グリーンビル 1F 新ラーメン横丁,食べログ ラーメン HOKKAIDO 百名店 2025,https://tabelog.com/hokkaido/A0101/A010103/1051218/,https://www.google.com/maps/search/?api=1&query=%E3%81%B5%E3%81%98%E5%B1%8B%20NOODLE%20%E5%8C%97%E6%B5%B7%E9%81%93%E6%9C%AD%E5%B9%8C%E5%B8%82%E4%B8%AD%E5%A4%AE%E5%8C%BA%E5%8D%974%E6%9D%A1%E8%A5%BF3%20%E7%AC%AC3%E3%82%B0%E3%83%AA%E3%83%BC%E3%83%B3%E3%83%93%E3%83%AB%201F%20%E6%96%B0%E3%83%A9%E3%83%BC%E3%83%A1%E3%83%B3%E6%A8%AA%E4%B8%81,43.0553454,141.3542502,2025,ラーメン HOKKAIDO,ramen_hokkaido,発表日：2025年12月2日
八乃木,北海道札幌市西区発寒7条14丁目1-33,食べログ ラーメン HOKKAIDO 百名店 2025,https://tabelog.com/hokkaido/A0101/A010204/1051736/,https://www.google.com/maps/search/?api=1&query=%E5%85%AB%E4%B9%83%E6%9C%A8%20%E5%8C%97%E6%B5%B7%E9%81%93%E6%9C%AD%E5%B9%8C%E5%B8%82%E8%A5%BF%E5%8C%BA%E7%99%BA%E5%AF%927%E6%9D%A114%E4%B8%81%E7%9B%AE1-33,43.0970141,141.2708927,2025,ラーメン HOKKAIDO,ramen_hokkaido,発表日：2025年12月2日
麺屋 高橋,北海道札幌市豊平区月寒東1条19-2-72 伸光ビル 1F,食べログ ラーメン HOKKAIDO 百名店 2025,https://tabelog.com/hokkaido/A0101/A010303/1009886/,https://www.google.com/maps/search/?api=1&query=%E9%BA%BA%E5%B1%8B%20%E9%AB%98%E6%A9%8B%20%E5%8C%97%E6%B5%B7%E9%81%93%E6%9C%AD%E5%B9%8C%E5%B8%82%E8%B1%8A%E5%B9%B3%E5%8C%BA%E6%9C%88%E5%AF%92%E6%9D%B11%E6%9D%A119-2-72%20%E4%BC%B8%E5%85%89%E3%83%93%E3%83%AB%201F,43.0121486,141.4202634,2025,ラーメン HOKKAIDO,ramen_hokkaido,発表日：2025年12月2日
麺屋 雪風 すすきの店,北海道札幌市中央区南七条西4-2-6 LC拾壱番館 1F,食べログ ラーメン HOKKAIDO 百名店 2025,https://tabelog.com/hokkaido/A0101/A010103/1004868/,https://www.google.com/maps/search/?api=1&query=%E9%BA%BA%E5%B1%8B%20%E9%9B%AA%E9%A2%A8%20%E3%81%99%E3%81%99%E3%81%8D%E3%81%AE%E5%BA%97%20%E5%8C%97%E6%B5%B7%E9%81%93%E6%9C%AD%E5%B9%8C%E5%B8%82%E4%B8%AD%E5%A4%AE%E5%8C%BA%E5%8D%97%E4%B8%83%E6%9D%A1%E8%A5%BF4-2-6%20LC%E6%8B%BE%E5%A3%B1%E7%95%AA%E9%A4%A8%201F,43.0523456,141.3526903,2025,ラーメン HOKKAIDO,ramen_hokkaido,発表日：2025年12月2日
まるたかラーメン,北海道札幌市北区北十一条西4-1-28 三上コーポ　1Ｆ,食べログ ラーメン HOKKAIDO 百名店 2025,https://tabelog.com/hokkaido/A0101/A010201/1001347/,https://www.google.com/maps/search/?api=1&query=%E3%81%BE%E3%82%8B%E3%81%9F%E3%81%8B%E3%83%A9%E3%83%BC%E3%83%A1%E3%83%B3%20%E5%8C%97%E6%B5%B7%E9%81%93%E6%9C%AD%E5%B9%8C%E5%B8%82%E5%8C%97%E5%8C%BA%E5%8C%97%E5%8D%81%E4%B8%80%E6%9D%A1%E8%A5%BF4-1-28%20%E4%B8%89%E4%B8%8A%E3%82%B3%E3%83%BC%E3%83%9D%E3%80%801%EF%BC%A6,43.0736988,141.3480898,2025,ラーメン HOKKAIDO,ramen_hokkaido,発表日：2025年12月2日
あらとん 本店,北海道札幌市中央区北十条西21-15-1 札幌場外市場　食堂長屋,食べログ ラーメン HOKKAIDO 百名店 2025,https://tabelog.com/hokkaido/A0101/A010105/1004170/,https://www.google.com/maps/search/?api=1&query=%E3%81%82%E3%82%89%E3%81%A8%E3%82%93%20%E6%9C%AC%E5%BA%97%20%E5%8C%97%E6%B5%B7%E9%81%93%E6%9C%AD%E5%B9%8C%E5%B8%82%E4%B8%AD%E5%A4%AE%E5%8C%BA%E5%8C%97%E5%8D%81%E6%9D%A1%E8%A5%BF21-15-1%20%E6%9C%AD%E5%B9%8C%E5%A0%B4%E5%A4%96%E5%B8%82%E5%A0%B4%E3%80%80%E9%A3%9F%E5%A0%82%E9%95%B7%E5%B1%8B,43.0697346,141.3208729,2025,ラーメン HOKKAIDO,ramen_hokkaido,発表日：2025年12月2日
さっぽろ純連 札幌店,北海道札幌市豊平区平岸二条17丁目1-41 シャトー純連 1F,食べログ ラーメン HOKKAIDO 百名店 2025,https://tabelog.com/hokkaido/A0101/A010303/1000031/,https://www.google.com/maps/search/?api=1&query=%E3%81%95%E3%81%A3%E3%81%BD%E3%82%8D%E7%B4%94%E9%80%A3%20%E6%9C%AD%E5%B9%8C%E5%BA%97%20%E5%8C%97%E6%B5%B7%E9%81%93%E6%9C%AD%E5%B9%8C%E5%B8%82%E8%B1%8A%E5%B9%B3%E5%8C%BA%E5%B9%B3%E5%B2%B8%E4%BA%8C%E6%9D%A117%E4%B8%81%E7%9B%AE1-41%20%E3%82%B7%E3%83%A3%E3%83%88%E3%83%BC%E7%B4%94%E9%80%A3%201F,43.0208389,141.3669223,2025,ラーメン HOKKAIDO,ramen_hokkaido,発表日：2025年12月2日
Japanese Ramen Noodle Lab Q,北海道札幌市中央区北1条西2-1-3 りんどうビル B1F,食べログ ラーメン HOKKAIDO 百名店 2025,https://tabelog.com/hokkaido/A0101/A010102/1057715/,https://www.google.com/maps/search/?api=1&query=Japanese%20Ramen%20Noodle%20Lab%20Q%20%E5%8C%97%E6%B5%B7%E9%81%93%E6%9C%AD%E5%B9%8C%E5%B8%82%E4%B8%AD%E5%A4%AE%E5%8C%BA%E5%8C%971%E6%9D%A1%E8%A5%BF2-1-3%20%E3%82%8A%E3%82%93%E3%81%A9%E3%81%86%E3%83%93%E3%83%AB%20B1F,43.0634765,141.3543001,2025,ラーメン HOKKAIDO,ramen_hokkaido,発表日：2025年12月2日
らーめん心繋,北海道札幌市豊平区月寒東5条8-5-12,食べログ ラーメン HOKKAIDO 百名店 2025,https://tabelog.com/hokkaido/A0101/A010303/1042590/,https://www.google.com/maps/search/?api=1&query=%E3%82%89%E3%83%BC%E3%82%81%E3%82%93%E5%BF%83%E7%B9%8B%20%E5%8C%97%E6%B5%B7%E9%81%93%E6%9C%AD%E5%B9%8C%E5%B8%82%E8%B1%8A%E5%B9%B3%E5%8C%BA%E6%9C%88%E5%AF%92%E6%9D%B15%E6%9D%A18-5-12,43.0350547,141.4108793,2025,ラーメン HOKKAIDO,ramen_hokkaido,発表日：2025年12月2日
北海道名物らー麺 えびそば一幻 総本店,北海道札幌市中央区南7条西9丁目1024-10,食べログ ラーメン HOKKAIDO 百名店 2025,https://tabelog.com/hokkaido/A0101/A010103/1025072/,https://www.google.com/maps/search/?api=1&query=%E5%8C%97%E6%B5%B7%E9%81%93%E5%90%8D%E7%89%A9%E3%82%89%E3%83%BC%E9%BA%BA%20%E3%81%88%E3%81%B3%E3%81%9D%E3%81%B0%E4%B8%80%E5%B9%BB%20%E7%B7%8F%E6%9C%AC%E5%BA%97%20%E5%8C%97%E6%B5%B7%E9%81%93%E6%9C%AD%E5%B9%8C%E5%B8%82%E4%B8%AD%E5%A4%AE%E5%8C%BA%E5%8D%977%E6%9D%A1%E8%A5%BF9%E4%B8%81%E7%9B%AE1024-10,43.0512786,141.3454810,2025,ラーメン HOKKAIDO,ramen_hokkaido,発表日：2025年12月2日
らーめん佳,北海道札幌市豊平区月寒西1条7丁目8-19,食べログ ラーメン HOKKAIDO 百名店 2025,https://tabelog.com/hokkaido/A0101/A010303/1007919/,https://www.google.com/maps/search/?api=1&query=%E3%82%89%E3%83%BC%E3%82%81%E3%82%93%E4%BD%B3%20%E5%8C%97%E6%B5%B7%E9%81%93%E6%9C%AD%E5%B9%8C%E5%B8%82%E8%B1%8A%E5%B9%B3%E5%8C%BA%E6%9C%88%E5%AF%92%E8%A5%BF1%E6%9D%A17%E4%B8%81%E7%9B%AE8-19,43.0296687,141.3954971,2025,ラーメン HOKKAIDO,ramen_hokkaido,発表日：2025年12月2日
ラーメン まるひら,北海道釧路市浦見8-1-13,食べログ ラーメン HOKKAIDO 百名店 2025,https://tabelog.com/hokkaido/A0112/A011201/1004357/,https://www.google.com/maps/search/?api=1&query=%E3%83%A9%E3%83%BC%E3%83%A1%E3%83%B3%20%E3%81%BE%E3%82%8B%E3%81%B2%E3%82%89%20%E5%8C%97%E6%B5%B7%E9%81%93%E9%87%A7%E8%B7%AF%E5%B8%82%E6%B5%A6%E8%A6%8B8-1-13,42.9741833,144.3766151,2025,ラーメン HOKKAIDO,ramen_hokkaido,発表日：2025年12月2日
すみれ 中の島本店,北海道札幌市豊平区中の島2条4-7-28,食べログ ラーメン HOKKAIDO 百名店 2025,https://tabelog.com/hokkaido/A0101/A010303/1000134/,https://www.google.com/maps/search/?api=1&query=%E3%81%99%E3%81%BF%E3%82%8C%20%E4%B8%AD%E3%81%AE%E5%B3%B6%E6%9C%AC%E5%BA%97%20%E5%8C%97%E6%B5%B7%E9%81%93%E6%9C%AD%E5%B9%8C%E5%B8%82%E8%B1%8A%E5%B9%B3%E5%8C%BA%E4%B8%AD%E3%81%AE%E5%B3%B62%E6%9D%A14-7-28,43.0326818,141.3616296,2025,ラーメン HOKKAIDO,ramen_hokkaido,発表日：2025年12月2日
斗香庵 SHINKOTONI,北海道札幌市北区新琴似8条14-3-1 ヤマキヨビル 1F,食べログ ラーメン HOKKAIDO 百名店 2025,https://tabelog.com/hokkaido/A0101/A010201/1069358/,https://www.google.com/maps/search/?api=1&query=%E6%96%97%E9%A6%99%E5%BA%B5%20SHINKOTONI%20%E5%8C%97%E6%B5%B7%E9%81%93%E6%9C%AD%E5%B9%8C%E5%B8%82%E5%8C%97%E5%8C%BA%E6%96%B0%E7%90%B4%E4%BC%BC8%E6%9D%A114-3-1%20%E3%83%A4%E3%83%9E%E3%82%AD%E3%83%A8%E3%83%93%E3%83%AB%201F,43.1229484,141.3138221,2025,ラーメン HOKKAIDO,ramen_hokkaido,発表日：2025年12月2日
狼スープ,北海道札幌市中央区南十一条西1-5-1,食べログ ラーメン HOKKAIDO 百名店 2025,https://tabelog.com/hokkaido/A0101/A010104/1000799/,https://www.google.com/maps/search/?api=1&query=%E7%8B%BC%E3%82%B9%E3%83%BC%E3%83%97%20%E5%8C%97%E6%B5%B7%E9%81%93%E6%9C%AD%E5%B9%8C%E5%B8%82%E4%B8%AD%E5%A4%AE%E5%8C%BA%E5%8D%97%E5%8D%81%E4%B8%80%E6%9D%A1%E8%A5%BF1-5-1,43.0465230,141.3573332,2025,ラーメン HOKKAIDO,ramen_hokkaido,発表日：2025年12月2日
味の大王 室蘭本店,北海道室蘭市中央町2-9-3,食べログ ラーメン HOKKAIDO 百名店 2025,https://tabelog.com/hokkaido/A0108/A010803/1004612/,https://www.google.com/maps/search/?api=1&query=%E5%91%B3%E3%81%AE%E5%A4%A7%E7%8E%8B%20%E5%AE%A4%E8%98%AD%E6%9C%AC%E5%BA%97%20%E5%8C%97%E6%B5%B7%E9%81%93%E5%AE%A4%E8%98%AD%E5%B8%82%E4%B8%AD%E5%A4%AE%E7%94%BA2-9-3,42.3176571,140.9703161,2025,ラーメン HOKKAIDO,ramen_hokkaido,発表日：2025年12月2日
こく一番 ラーメン みどりや,北海道札幌市中央区南18条西15丁目2-13,食べログ ラーメン HOKKAIDO 百名店 2025,https://tabelog.com/hokkaido/A0101/A010104/1002116/,https://www.google.com/maps/search/?api=1&query=%E3%81%93%E3%81%8F%E4%B8%80%E7%95%AA%20%E3%83%A9%E3%83%BC%E3%83%A1%E3%83%B3%20%E3%81%BF%E3%81%A9%E3%82%8A%E3%82%84%20%E5%8C%97%E6%B5%B7%E9%81%93%E6%9C%AD%E5%B9%8C%E5%B8%82%E4%B8%AD%E5%A4%AE%E5%8C%BA%E5%8D%9718%E6%9D%A1%E8%A5%BF15%E4%B8%81%E7%9B%AE2-13,43.0344914,141.3370689,2025,ラーメン HOKKAIDO,ramen_hokkaido,発表日：2025年12月2日
滋養軒,北海道函館市松風町7-12,食べログ ラーメン HOKKAIDO 百名店 2025,https://tabelog.com/hokkaido/A0105/A010501/1007287/,https://www.google.com/maps/search/?api=1&query=%E6%BB%8B%E9%A4%8A%E8%BB%92%20%E5%8C%97%E6%B5%B7%E9%81%93%E5%87%BD%E9%A4%A8%E5%B8%82%E6%9D%BE%E9%A2%A8%E7%94%BA7-12,41.7730822,140.7308575,2025,ラーメン HOKKAIDO,ramen_hokkaido,発表日：2025年12月2日
喜来登,北海道札幌市中央区南2条西6丁目3-2 岡田ビル,食べログ ラーメン HOKKAIDO 百名店 2025,https://tabelog.com/hokkaido/A0101/A010103/1001849/,https://www.google.com/maps/search/?api=1&query=%E5%96%9C%E6%9D%A5%E7%99%BB%20%E5%8C%97%E6%B5%B7%E9%81%93%E6%9C%AD%E5%B9%8C%E5%B8%82%E4%B8%AD%E5%A4%AE%E5%8C%BA%E5%8D%972%E6%9D%A1%E8%A5%BF6%E4%B8%81%E7%9B%AE3-2%20%E5%B2%A1%E7%94%B0%E3%83%93%E3%83%AB,43.0568785,141.3492315,2025,ラーメン HOKKAIDO,ramen_hokkaido,発表日：2025年12月2日
春一家 三代目 麺宿 本店,北海道札幌市豊平区美園11条6-1,食べログ ラーメン HOKKAIDO 百名店 2025,https://tabelog.com/hokkaido/A0101/A010303/1028192/,https://www.google.com/maps/search/?api=1&query=%E6%98%A5%E4%B8%80%E5%AE%B6%20%E4%B8%89%E4%BB%A3%E7%9B%AE%20%E9%BA%BA%E5%AE%BF%20%E6%9C%AC%E5%BA%97%20%E5%8C%97%E6%B5%B7%E9%81%93%E6%9C%AD%E5%B9%8C%E5%B8%82%E8%B1%8A%E5%B9%B3%E5%8C%BA%E7%BE%8E%E5%9C%9211%E6%9D%A16-1,43.0345000,141.3815202,2025,ラーメン HOKKAIDO,ramen_hokkaido,発表日：2025年12月2日
ラーメン屋 切田製麺,北海道札幌市中央区大通西5-8 昭和ビル B1F,食べログ ラーメン HOKKAIDO 百名店 2025,https://tabelog.com/hokkaido/A0101/A010102/1048956/,https://www.google.com/maps/search/?api=1&query=%E3%83%A9%E3%83%BC%E3%83%A1%E3%83%B3%E5%B1%8B%20%E5%88%87%E7%94%B0%E8%A3%BD%E9%BA%BA%20%E5%8C%97%E6%B5%B7%E9%81%93%E6%9C%AD%E5%B9%8C%E5%B8%82%E4%B8%AD%E5%A4%AE%E5%8C%BA%E5%A4%A7%E9%80%9A%E8%A5%BF5-8%20%E6%98%AD%E5%92%8C%E3%83%93%E3%83%AB%20B1F,43.0596065,141.3495659,2025,ラーメン HOKKAIDO,ramen_hokkaido,発表日：2025年12月2日
はこだて塩らーめん　しなの,北海道函館市若松町20-10,食べログ ラーメン HOKKAIDO 百名店 2025,https://tabelog.com/hokkaido/A0105/A010501/1020986/,https://www.google.com/maps/search/?api=1&query=%E3%81%AF%E3%81%93%E3%81%A0%E3%81%A6%E5%A1%A9%E3%82%89%E3%83%BC%E3%82%81%E3%82%93%E3%80%80%E3%81%97%E3%81%AA%E3%81%AE%20%E5%8C%97%E6%B5%B7%E9%81%93%E5%87%BD%E9%A4%A8%E5%B8%82%E8%8B%A5%E6%9D%BE%E7%94%BA20-10,41.7734792,140.7287289,2025,ラーメン HOKKAIDO,ramen_hokkaido,発表日：2025年12月2日
北海道名物らー麺 えびそば一幻 新千歳空港店,北海道千歳市美々 新千歳空港ターミナルビル 3F 北海道ラーメン道場内,食べログ ラーメン HOKKAIDO 百名店 2025,https://tabelog.com/hokkaido/A0107/A010701/1034338/,https://www.google.com/maps/search/?api=1&query=%E5%8C%97%E6%B5%B7%E9%81%93%E5%90%8D%E7%89%A9%E3%82%89%E3%83%BC%E9%BA%BA%20%E3%81%88%E3%81%B3%E3%81%9D%E3%81%B0%E4%B8%80%E5%B9%BB%20%E6%96%B0%E5%8D%83%E6%AD%B3%E7%A9%BA%E6%B8%AF%E5%BA%97%20%E5%8C%97%E6%B5%B7%E9%81%93%E5%8D%83%E6%AD%B3%E5%B8%82%E7%BE%8E%E3%80%85%20%E6%96%B0%E5%8D%83%E6%AD%B3%E7%A9%BA%E6%B8%AF%E3%82%BF%E3%83%BC%E3%83%9F%E3%83%8A%E3%83%AB%E3%83%93%E3%83%AB%203F%20%E5%8C%97%E6%B5%B7%E9%81%93%E3%83%A9%E3%83%BC%E3%83%A1%E3%83%B3%E9%81%93%E5%A0%B4%E5%86%85,42.7877091,141.6803494,2025,ラーメン HOKKAIDO,ramen_hokkaido,発表日：2025年12月2日
ラーメン櫻島 本店,北海道札幌市西区西野四条3丁目1-38,食べログ ラーメン HOKKAIDO 百名店 2025,https://tabelog.com/hokkaido/A0101/A010204/1000337/,https://www.google.com/maps/search/?api=1&query=%E3%83%A9%E3%83%BC%E3%83%A1%E3%83%B3%E6%AB%BB%E5%B3%B6%20%E6%9C%AC%E5%BA%97%20%E5%8C%97%E6%B5%B7%E9%81%93%E6%9C%AD%E5%B9%8C%E5%B8%82%E8%A5%BF%E5%8C%BA%E8%A5%BF%E9%87%8E%E5%9B%9B%E6%9D%A13%E4%B8%81%E7%9B%AE1-38,43.0729232,141.2802649,2025,ラーメン HOKKAIDO,ramen_hokkaido,発表日：2025年12月2日
麺屋 菜々兵衛 本店,北海道札幌市白石区川下3条4丁目3-21,食べログ ラーメン HOKKAIDO 百名店 2025,https://tabelog.com/hokkaido/A0101/A010301/1009634/,https://www.google.com/maps/search/?api=1&query=%E9%BA%BA%E5%B1%8B%20%E8%8F%9C%E3%80%85%E5%85%B5%E8%A1%9B%20%E6%9C%AC%E5%BA%97%20%E5%8C%97%E6%B5%B7%E9%81%93%E6%9C%AD%E5%B9%8C%E5%B8%82%E7%99%BD%E7%9F%B3%E5%8C%BA%E5%B7%9D%E4%B8%8B3%E6%9D%A14%E4%B8%81%E7%9B%AE3-21,43.0494886,141.4459606,2025,ラーメン HOKKAIDO,ramen_hokkaido,発表日：2025年12月2日
すみれ 札幌すすきの店,北海道札幌市中央区南3条西3-9-2 ピクシスビル　2F,食べログ ラーメン HOKKAIDO 百名店 2025,https://tabelog.com/hokkaido/A0101/A010103/1009050/,https://www.google.com/maps/search/?api=1&query=%E3%81%99%E3%81%BF%E3%82%8C%20%E6%9C%AD%E5%B9%8C%E3%81%99%E3%81%99%E3%81%8D%E3%81%AE%E5%BA%97%20%E5%8C%97%E6%B5%B7%E9%81%93%E6%9C%AD%E5%B9%8C%E5%B8%82%E4%B8%AD%E5%A4%AE%E5%8C%BA%E5%8D%973%E6%9D%A1%E8%A5%BF3-9-2%20%E3%83%94%E3%82%AF%E3%82%B7%E3%82%B9%E3%83%93%E3%83%AB%E3%80%802F,43.0563372,141.3535789,2025,ラーメン HOKKAIDO,ramen_hokkaido,発表日：2025年12月2日
醤油屋本店 サンピアザ店,北海道札幌市厚別区厚別中央2条5-7-4 サンピアザ メトロモール B3F,食べログ ラーメン HOKKAIDO 百名店 2025,https://tabelog.com/hokkaido/A0101/A010302/1001904/,https://www.google.com/maps/search/?api=1&query=%E9%86%A4%E6%B2%B9%E5%B1%8B%E6%9C%AC%E5%BA%97%20%E3%82%B5%E3%83%B3%E3%83%94%E3%82%A2%E3%82%B6%E5%BA%97%20%E5%8C%97%E6%B5%B7%E9%81%93%E6%9C%AD%E5%B9%8C%E5%B8%82%E5%8E%9A%E5%88%A5%E5%8C%BA%E5%8E%9A%E5%88%A5%E4%B8%AD%E5%A4%AE2%E6%9D%A15-7-4%20%E3%82%B5%E3%83%B3%E3%83%94%E3%82%A2%E3%82%B6%20%E3%83%A1%E3%83%88%E3%83%AD%E3%83%A2%E3%83%BC%E3%83%AB%20B3F,43.0378804,141.4733292,2025,ラーメン HOKKAIDO,ramen_hokkaido,発表日：2025年12月2日
元祖札幌ラーメン もぐら,北海道札幌市中央区南4条西3 新ラーメン横丁,食べログ ラーメン HOKKAIDO 百名店 2025,https://tabelog.com/hokkaido/A0101/A010103/1004842/,https://www.google.com/maps/search/?api=1&query=%E5%85%83%E7%A5%96%E6%9C%AD%E5%B9%8C%E3%83%A9%E3%83%BC%E3%83%A1%E3%83%B3%20%E3%82%82%E3%81%90%E3%82%89%20%E5%8C%97%E6%B5%B7%E9%81%93%E6%9C%AD%E5%B9%8C%E5%B8%82%E4%B8%AD%E5%A4%AE%E5%8C%BA%E5%8D%974%E6%9D%A1%E8%A5%BF3%20%E6%96%B0%E3%83%A9%E3%83%BC%E3%83%A1%E3%83%B3%E6%A8%AA%E4%B8%81,43.0554780,141.3542574,2025,ラーメン HOKKAIDO,ramen_hokkaido,発表日：2025年12月2日
山嵐 本店,北海道札幌市豊平区平岸一条9-6-1,食べログ ラーメン HOKKAIDO 百名店 2025,https://tabelog.com/hokkaido/A0101/A010303/1003584/,https://www.google.com/maps/search/?api=1&query=%E5%B1%B1%E5%B5%90%20%E6%9C%AC%E5%BA%97%20%E5%8C%97%E6%B5%B7%E9%81%93%E6%9C%AD%E5%B9%8C%E5%B8%82%E8%B1%8A%E5%B9%B3%E5%8C%BA%E5%B9%B3%E5%B2%B8%E4%B8%80%E6%9D%A19-6-1,43.0319114,141.3639272,2025,ラーメン HOKKAIDO,ramen_hokkaido,発表日：2025年12月2日
らーめん ほっぺ家,北海道札幌市東区北十一条東6-1-40 館ビル 1F,食べログ ラーメン HOKKAIDO 百名店 2025,https://tabelog.com/hokkaido/A0101/A010202/1039493/,https://www.google.com/maps/search/?api=1&query=%E3%82%89%E3%83%BC%E3%82%81%E3%82%93%20%E3%81%BB%E3%81%A3%E3%81%BA%E5%AE%B6%20%E5%8C%97%E6%B5%B7%E9%81%93%E6%9C%AD%E5%B9%8C%E5%B8%82%E6%9D%B1%E5%8C%BA%E5%8C%97%E5%8D%81%E4%B8%80%E6%9D%A1%E6%9D%B16-1-40%20%E9%A4%A8%E3%83%93%E3%83%AB%201F,43.0758970,141.3630968,2025,ラーメン HOKKAIDO,ramen_hokkaido,発表日：2025年12月2日
らーめん優月,北海道札幌市東区北12条東13丁目2-15 秀和ビル3,食べログ ラーメン HOKKAIDO 百名店 2025,https://tabelog.com/hokkaido/A0101/A010202/1049135/,https://www.google.com/maps/search/?api=1&query=%E3%82%89%E3%83%BC%E3%82%81%E3%82%93%E5%84%AA%E6%9C%88%20%E5%8C%97%E6%B5%B7%E9%81%93%E6%9C%AD%E5%B9%8C%E5%B8%82%E6%9D%B1%E5%8C%BA%E5%8C%9712%E6%9D%A1%E6%9D%B113%E4%B8%81%E7%9B%AE2-15%20%E7%A7%80%E5%92%8C%E3%83%93%E3%83%AB3,43.0791377,141.3728626,2025,ラーメン HOKKAIDO,ramen_hokkaido,発表日：2025年12月2日
けやき すすきの本店,北海道札幌市中央区南六条西3 睦ビル 1F,食べログ ラーメン HOKKAIDO 百名店 2025,https://tabelog.com/hokkaido/A0101/A010103/1000150/,https://www.google.com/maps/search/?api=1&query=%E3%81%91%E3%82%84%E3%81%8D%20%E3%81%99%E3%81%99%E3%81%8D%E3%81%AE%E6%9C%AC%E5%BA%97%20%E5%8C%97%E6%B5%B7%E9%81%93%E6%9C%AD%E5%B9%8C%E5%B8%82%E4%B8%AD%E5%A4%AE%E5%8C%BA%E5%8D%97%E5%85%AD%E6%9D%A1%E8%A5%BF3%20%E7%9D%A6%E3%83%93%E3%83%AB%201F,43.0539000,141.3544830,2025,ラーメン HOKKAIDO,ramen_hokkaido,発表日：2025年12月2日
らーめんや天金 四条店,北海道旭川市四条通9丁目1704-31,食べログ ラーメン HOKKAIDO 百名店 2025,https://tabelog.com/hokkaido/A0104/A010401/1000090/,https://www.google.com/maps/search/?api=1&query=%E3%82%89%E3%83%BC%E3%82%81%E3%82%93%E3%82%84%E5%A4%A9%E9%87%91%20%E5%9B%9B%E6%9D%A1%E5%BA%97%20%E5%8C%97%E6%B5%B7%E9%81%93%E6%97%AD%E5%B7%9D%E5%B8%82%E5%9B%9B%E6%9D%A1%E9%80%9A9%E4%B8%81%E7%9B%AE1704-31,43.7678135,142.3632587,2025,ラーメン HOKKAIDO,ramen_hokkaido,発表日：2025年12月2日
ラーメン二郎  札幌店,北海道札幌市北区北6条西8丁目8-11,食べログ ラーメン HOKKAIDO 百名店 2025,https://tabelog.com/hokkaido/A0101/A010201/1041731/,https://www.google.com/maps/search/?api=1&query=%E3%83%A9%E3%83%BC%E3%83%A1%E3%83%B3%E4%BA%8C%E9%83%8E%20%20%E6%9C%AD%E5%B9%8C%E5%BA%97%20%E5%8C%97%E6%B5%B7%E9%81%93%E6%9C%AD%E5%B9%8C%E5%B8%82%E5%8C%97%E5%8C%BA%E5%8C%976%E6%9D%A1%E8%A5%BF8%E4%B8%81%E7%9B%AE8-11,43.0673945,141.3439033,2025,ラーメン HOKKAIDO,ramen_hokkaido,発表日：2025年12月2日
旭川らぅめん青葉 本店,北海道旭川市二条通8丁目左8 二条ビル　名店街,食べログ ラーメン HOKKAIDO 百名店 2025,https://tabelog.com/hokkaido/A0104/A010401/1000314/,https://www.google.com/maps/search/?api=1&query=%E6%97%AD%E5%B7%9D%E3%82%89%E3%81%85%E3%82%81%E3%82%93%E9%9D%92%E8%91%89%20%E6%9C%AC%E5%BA%97%20%E5%8C%97%E6%B5%B7%E9%81%93%E6%97%AD%E5%B7%9D%E5%B8%82%E4%BA%8C%E6%9D%A1%E9%80%9A8%E4%B8%81%E7%9B%AE%E5%B7%A68%20%E4%BA%8C%E6%9D%A1%E3%83%93%E3%83%AB%E3%80%80%E5%90%8D%E5%BA%97%E8%A1%97,43.7667400,142.3612049,2025,ラーメン HOKKAIDO,ramen_hokkaido,発表日：2025年12月2日
麺処まるは BEYOND,北海道札幌市豊平区平岸3条13-7-7 第3アメニティ藤川 101,食べログ ラーメン HOKKAIDO 百名店 2025,https://tabelog.com/hokkaido/A0101/A010303/1067548/,https://www.google.com/maps/search/?api=1&query=%E9%BA%BA%E5%87%A6%E3%81%BE%E3%82%8B%E3%81%AF%20BEYOND%20%E5%8C%97%E6%B5%B7%E9%81%93%E6%9C%AD%E5%B9%8C%E5%B8%82%E8%B1%8A%E5%B9%B3%E5%8C%BA%E5%B9%B3%E5%B2%B83%E6%9D%A113-7-7%20%E7%AC%AC3%E3%82%A2%E3%83%A1%E3%83%8B%E3%83%86%E3%82%A3%E8%97%A4%E5%B7%9D%20101,43.0271729,141.3711891,2025,ラーメン HOKKAIDO,ramen_hokkaido,発表日：2025年12月2日
NOUILLES JAPONAISE とくいち,北海道札幌市中央区北11条西22-1-26 卸売センター 万歳市場 1F,食べログ ラーメン HOKKAIDO 百名店 2025,https://tabelog.com/hokkaido/A0101/A010105/1073732/,https://www.google.com/maps/search/?api=1&query=NOUILLES%20JAPONAISE%20%E3%81%A8%E3%81%8F%E3%81%84%E3%81%A1%20%E5%8C%97%E6%B5%B7%E9%81%93%E6%9C%AD%E5%B9%8C%E5%B8%82%E4%B8%AD%E5%A4%AE%E5%8C%BA%E5%8C%9711%E6%9D%A1%E8%A5%BF22-1-26%20%E5%8D%B8%E5%A3%B2%E3%82%BB%E3%83%B3%E3%82%BF%E3%83%BC%20%E4%B8%87%E6%AD%B3%E5%B8%82%E5%A0%B4%201F,43.0704934,141.3202312,2025,ラーメン HOKKAIDO,ramen_hokkaido,発表日：2025年12月2日
らーめん空 新千歳空港店,北海道千歳市美々987-22 新千歳空港国内線旅客ターミナルビル 3F,食べログ ラーメン HOKKAIDO 百名店 2025,https://tabelog.com/hokkaido/A0107/A010701/1047747/,https://www.google.com/maps/search/?api=1&query=%E3%82%89%E3%83%BC%E3%82%81%E3%82%93%E7%A9%BA%20%E6%96%B0%E5%8D%83%E6%AD%B3%E7%A9%BA%E6%B8%AF%E5%BA%97%20%E5%8C%97%E6%B5%B7%E9%81%93%E5%8D%83%E6%AD%B3%E5%B8%82%E7%BE%8E%E3%80%85987-22%20%E6%96%B0%E5%8D%83%E6%AD%B3%E7%A9%BA%E6%B8%AF%E5%9B%BD%E5%86%85%E7%B7%9A%E6%97%85%E5%AE%A2%E3%82%BF%E3%83%BC%E3%83%9F%E3%83%8A%E3%83%AB%E3%83%93%E3%83%AB%203F,42.7878633,141.6803157,2025,ラーメン HOKKAIDO,ramen_hokkaido,発表日：2025年12月2日
札幌らーめん輝風 すすきの店,北海道札幌市中央区南5条西3-1 大松ビル 1F,食べログ ラーメン HOKKAIDO 百名店 2025,https://tabelog.com/hokkaido/A0101/A010103/1060348/,https://www.google.com/maps/search/?api=1&query=%E6%9C%AD%E5%B9%8C%E3%82%89%E3%83%BC%E3%82%81%E3%82%93%E8%BC%9D%E9%A2%A8%20%E3%81%99%E3%81%99%E3%81%8D%E3%81%AE%E5%BA%97%20%E5%8C%97%E6%B5%B7%E9%81%93%E6%9C%AD%E5%B9%8C%E5%B8%82%E4%B8%AD%E5%A4%AE%E5%8C%BA%E5%8D%975%E6%9D%A1%E8%A5%BF3-1%20%E5%A4%A7%E6%9D%BE%E3%83%93%E3%83%AB%201F,43.0544099,141.3547189,2025,ラーメン HOKKAIDO,ramen_hokkaido,発表日：2025年12月2日
生姜ラーメン みづの,北海道旭川市常盤通2丁目,食べログ ラーメン HOKKAIDO 百名店 2025,https://tabelog.com/hokkaido/A0104/A010401/1003673/,https://www.google.com/maps/search/?api=1&query=%E7%94%9F%E5%A7%9C%E3%83%A9%E3%83%BC%E3%83%A1%E3%83%B3%20%E3%81%BF%E3%81%A5%E3%81%AE%20%E5%8C%97%E6%B5%B7%E9%81%93%E6%97%AD%E5%B7%9D%E5%B8%82%E5%B8%B8%E7%9B%A4%E9%80%9A2%E4%B8%81%E7%9B%AE,43.7752886,142.3618834,2025,ラーメン HOKKAIDO,ramen_hokkaido,発表日：2025年12月2日
175°DENO〜担担麺〜 札幌北口店,北海道札幌市北区北七条西4-1-1 東カン札幌ビル 1F,食べログ ラーメン HOKKAIDO 百名店 2025,https://tabelog.com/hokkaido/A0101/A010101/1050775/,https://www.google.com/maps/search/?api=1&query=175%C2%B0DENO%E3%80%9C%E6%8B%85%E6%8B%85%E9%BA%BA%E3%80%9C%20%E6%9C%AD%E5%B9%8C%E5%8C%97%E5%8F%A3%E5%BA%97%20%E5%8C%97%E6%B5%B7%E9%81%93%E6%9C%AD%E5%B9%8C%E5%B8%82%E5%8C%97%E5%8C%BA%E5%8C%97%E4%B8%83%E6%9D%A1%E8%A5%BF4-1-1%20%E6%9D%B1%E3%82%AB%E3%83%B3%E6%9C%AD%E5%B9%8C%E3%83%93%E3%83%AB%201F,43.0692241,141.3495426,2025,ラーメン HOKKAIDO,ramen_hokkaido,発表日：2025年12月2日
札幌 Fuji屋,北海道札幌市東区北14条東7-1-22,食べログ ラーメン HOKKAIDO 百名店 2025,https://tabelog.com/hokkaido/A0101/A010202/1063705/,https://www.google.com/maps/search/?api=1&query=%E6%9C%AD%E5%B9%8C%20Fuji%E5%B1%8B%20%E5%8C%97%E6%B5%B7%E9%81%93%E6%9C%AD%E5%B9%8C%E5%B8%82%E6%9D%B1%E5%8C%BA%E5%8C%9714%E6%9D%A1%E6%9D%B17-1-22,43.0800861,141.3632775,2025,ラーメン HOKKAIDO,ramen_hokkaido,発表日：2025年12月2日
麺や 亀陣,北海道札幌市東区北47条東8丁目1-1 47ビル 1F,食べログ ラーメン HOKKAIDO 百名店 2025,https://tabelog.com/hokkaido/A0101/A010202/1030240/,https://www.google.com/maps/search/?api=1&query=%E9%BA%BA%E3%82%84%20%E4%BA%80%E9%99%A3%20%E5%8C%97%E6%B5%B7%E9%81%93%E6%9C%AD%E5%B9%8C%E5%B8%82%E6%9D%B1%E5%8C%BA%E5%8C%9747%E6%9D%A1%E6%9D%B18%E4%B8%81%E7%9B%AE1-1%2047%E3%83%93%E3%83%AB%201F,43.1178867,141.3546558,2025,ラーメン HOKKAIDO,ramen_hokkaido,発表日：2025年12月2日
IOrI,北海道千歳市住吉1-12-2,食べログ ラーメン HOKKAIDO 百名店 2025,https://tabelog.com/hokkaido/A0107/A010701/1029291/,https://www.google.com/maps/search/?api=1&query=IOrI%20%E5%8C%97%E6%B5%B7%E9%81%93%E5%8D%83%E6%AD%B3%E5%B8%82%E4%BD%8F%E5%90%891-12-2,42.8358736,141.6601081,2025,ラーメン HOKKAIDO,ramen_hokkaido,発表日：2025年12月2日
眞麺 穂高,北海道札幌市厚別区大谷地東4丁目2-15 西村ビル 1F,食べログ ラーメン HOKKAIDO 百名店 2025,https://tabelog.com/hokkaido/A0101/A010302/1006291/,https://www.google.com/maps/search/?api=1&query=%E7%9C%9E%E9%BA%BA%20%E7%A9%82%E9%AB%98%20%E5%8C%97%E6%B5%B7%E9%81%93%E6%9C%AD%E5%B9%8C%E5%B8%82%E5%8E%9A%E5%88%A5%E5%8C%BA%E5%A4%A7%E8%B0%B7%E5%9C%B0%E6%9D%B14%E4%B8%81%E7%9B%AE2-15%20%E8%A5%BF%E6%9D%91%E3%83%93%E3%83%AB%201F,43.0288109,141.4560279,2025,ラーメン HOKKAIDO,ramen_hokkaido,発表日：2025年12月2日
ラーメン 木曜日,北海道札幌市中央区南8条西13-3-35,食べログ ラーメン HOKKAIDO 百名店 2025,https://tabelog.com/hokkaido/A0101/A010104/1038229/,https://www.google.com/maps/search/?api=1&query=%E3%83%A9%E3%83%BC%E3%83%A1%E3%83%B3%20%E6%9C%A8%E6%9B%9C%E6%97%A5%20%E5%8C%97%E6%B5%B7%E9%81%93%E6%9C%AD%E5%B9%8C%E5%B8%82%E4%B8%AD%E5%A4%AE%E5%8C%BA%E5%8D%978%E6%9D%A1%E8%A5%BF13-3-35,43.0485966,141.3373518,2025,ラーメン HOKKAIDO,ramen_hokkaido,発表日：2025年12月2日
中華そば カリフォルニア,北海道札幌市白石区菊水3条4-4-6 ビバ菊水 1F,食べログ ラーメン HOKKAIDO 百名店 2025,https://tabelog.com/hokkaido/A0101/A010301/1049040/,https://www.google.com/maps/search/?api=1&query=%E4%B8%AD%E8%8F%AF%E3%81%9D%E3%81%B0%20%E3%82%AB%E3%83%AA%E3%83%95%E3%82%A9%E3%83%AB%E3%83%8B%E3%82%A2%20%E5%8C%97%E6%B5%B7%E9%81%93%E6%9C%AD%E5%B9%8C%E5%B8%82%E7%99%BD%E7%9F%B3%E5%8C%BA%E8%8F%8A%E6%B0%B43%E6%9D%A14-4-6%20%E3%83%93%E3%83%90%E8%8F%8A%E6%B0%B4%201F,43.0543339,141.3769089,2025,ラーメン HOKKAIDO,ramen_hokkaido,発表日：2025年12月2日
らーめん五丈原 本店,北海道札幌市中央区南七条西8-1024-24,食べログ ラーメン HOKKAIDO 百名店 2025,https://tabelog.com/hokkaido/A0101/A010103/1000281/,https://www.google.com/maps/search/?api=1&query=%E3%82%89%E3%83%BC%E3%82%81%E3%82%93%E4%BA%94%E4%B8%88%E5%8E%9F%20%E6%9C%AC%E5%BA%97%20%E5%8C%97%E6%B5%B7%E9%81%93%E6%9C%AD%E5%B9%8C%E5%B8%82%E4%B8%AD%E5%A4%AE%E5%8C%BA%E5%8D%97%E4%B8%83%E6%9D%A1%E8%A5%BF8-1024-24,43.0511128,141.3459194,2025,ラーメン HOKKAIDO,ramen_hokkaido,発表日：2025年12月2日
麺屋 すずらん,北海道札幌市中央区南五条西4-13-4,食べログ ラーメン HOKKAIDO 百名店 2025,https://tabelog.com/hokkaido/A0101/A010103/1040041/,https://www.google.com/maps/search/?api=1&query=%E9%BA%BA%E5%B1%8B%20%E3%81%99%E3%81%9A%E3%82%89%E3%82%93%20%E5%8C%97%E6%B5%B7%E9%81%93%E6%9C%AD%E5%B9%8C%E5%B8%82%E4%B8%AD%E5%A4%AE%E5%8C%BA%E5%8D%97%E4%BA%94%E6%9D%A1%E8%A5%BF4-13-4,43.0540314,141.3522462,2025,ラーメン HOKKAIDO,ramen_hokkaido,発表日：2025年12月2日
札幌麺屋 美椿,北海道札幌市西区発寒10条4-6-25,食べログ ラーメン HOKKAIDO 百名店 2025,https://tabelog.com/hokkaido/A0101/A010204/1061580/,https://www.google.com/maps/search/?api=1&query=%E6%9C%AD%E5%B9%8C%E9%BA%BA%E5%B1%8B%20%E7%BE%8E%E6%A4%BF%20%E5%8C%97%E6%B5%B7%E9%81%93%E6%9C%AD%E5%B9%8C%E5%B8%82%E8%A5%BF%E5%8C%BA%E7%99%BA%E5%AF%9210%E6%9D%A14-6-25,43.0931475,141.2934075,2025,ラーメン HOKKAIDO,ramen_hokkaido,発表日：2025年12月2日
札幌味噌ラーメン専門店 けやき 新千歳空港店,北海道千歳市美々987-22 新千歳空港 国内線ターミナルビル 3F,食べログ ラーメン HOKKAIDO 百名店 2025,https://tabelog.com/hokkaido/A0107/A010701/1042872/,https://www.google.com/maps/search/?api=1&query=%E6%9C%AD%E5%B9%8C%E5%91%B3%E5%99%8C%E3%83%A9%E3%83%BC%E3%83%A1%E3%83%B3%E5%B0%82%E9%96%80%E5%BA%97%20%E3%81%91%E3%82%84%E3%81%8D%20%E6%96%B0%E5%8D%83%E6%AD%B3%E7%A9%BA%E6%B8%AF%E5%BA%97%20%E5%8C%97%E6%B5%B7%E9%81%93%E5%8D%83%E6%AD%B3%E5%B8%82%E7%BE%8E%E3%80%85987-22%20%E6%96%B0%E5%8D%83%E6%AD%B3%E7%A9%BA%E6%B8%AF%20%E5%9B%BD%E5%86%85%E7%B7%9A%E3%82%BF%E3%83%BC%E3%83%9F%E3%83%8A%E3%83%AB%E3%83%93%E3%83%AB%203F,42.7879879,141.6801456,2025,ラーメン HOKKAIDO,ramen_hokkaido,発表日：2025年12月2日
いせのじょう 菊水本店,北海道札幌市白石区菊水一条1-3-2 菊水会館 1F,食べログ ラーメン HOKKAIDO 百名店 2025,https://tabelog.com/hokkaido/A0101/A010301/1009504/,https://www.google.com/maps/search/?api=1&query=%E3%81%84%E3%81%9B%E3%81%AE%E3%81%98%E3%82%87%E3%81%86%20%E8%8F%8A%E6%B0%B4%E6%9C%AC%E5%BA%97%20%E5%8C%97%E6%B5%B7%E9%81%93%E6%9C%AD%E5%B9%8C%E5%B8%82%E7%99%BD%E7%9F%B3%E5%8C%BA%E8%8F%8A%E6%B0%B4%E4%B8%80%E6%9D%A11-3-2%20%E8%8F%8A%E6%B0%B4%E4%BC%9A%E9%A4%A8%201F,43.0566681,141.3685323,2025,ラーメン HOKKAIDO,ramen_hokkaido,発表日：2025年12月2日
札幌 凡の風,北海道札幌市中央区南8条西15-1-1 ブランノワールAMJ815 1F,食べログ ラーメン HOKKAIDO 百名店 2025,https://tabelog.com/hokkaido/A0101/A010104/1002540/,https://www.google.com/maps/search/?api=1&query=%E6%9C%AD%E5%B9%8C%20%E5%87%A1%E3%81%AE%E9%A2%A8%20%E5%8C%97%E6%B5%B7%E9%81%93%E6%9C%AD%E5%B9%8C%E5%B8%82%E4%B8%AD%E5%A4%AE%E5%8C%BA%E5%8D%978%E6%9D%A1%E8%A5%BF15-1-1%20%E3%83%96%E3%83%A9%E3%83%B3%E3%83%8E%E3%83%AF%E3%83%BC%E3%83%ABAMJ815%201F,43.0494014,141.3351448,2025,ラーメン HOKKAIDO,ramen_hokkaido,発表日：2025年12月2日
RAMEN ROOM 18,北海道函館市昭和2-1-23,食べログ ラーメン HOKKAIDO 百名店 2025,https://tabelog.com/hokkaido/A0105/A010501/1065227/,https://www.google.com/maps/search/?api=1&query=RAMEN%20ROOM%2018%20%E5%8C%97%E6%B5%B7%E9%81%93%E5%87%BD%E9%A4%A8%E5%B8%82%E6%98%AD%E5%92%8C2-1-23,41.8100536,140.7417345,2025,ラーメン HOKKAIDO,ramen_hokkaido,発表日：2025年12月2日
麺や 麗,北海道千歳市高台4丁目2-10,食べログ ラーメン HOKKAIDO 百名店 2025,https://tabelog.com/hokkaido/A0107/A010701/1026411/,https://www.google.com/maps/search/?api=1&query=%E9%BA%BA%E3%82%84%20%E9%BA%97%20%E5%8C%97%E6%B5%B7%E9%81%93%E5%8D%83%E6%AD%B3%E5%B8%82%E9%AB%98%E5%8F%B04%E4%B8%81%E7%9B%AE2-10,42.8369067,141.6524824,2025,ラーメン HOKKAIDO,ramen_hokkaido,発表日：2025年12月2日
鶏白湯そば 燠,北海道札幌市白石区菊水6条1-1-22,食べログ ラーメン HOKKAIDO 百名店 2025,https://tabelog.com/hokkaido/A0101/A010301/1066732/,https://www.google.com/maps/search/?api=1&query=%E9%B6%8F%E7%99%BD%E6%B9%AF%E3%81%9D%E3%81%B0%20%E7%87%A0%20%E5%8C%97%E6%B5%B7%E9%81%93%E6%9C%AD%E5%B9%8C%E5%B8%82%E7%99%BD%E7%9F%B3%E5%8C%BA%E8%8F%8A%E6%B0%B46%E6%9D%A11-1-22,43.0617627,141.3750907,2025,ラーメン HOKKAIDO,ramen_hokkaido,発表日：2025年12月2日
MEN-EIJI HIRAGISHI BASE,北海道札幌市豊平区平岸2条11丁目1-12,食べログ ラーメン HOKKAIDO 百名店 2025,https://tabelog.com/hokkaido/A0101/A010303/1034678/,https://www.google.com/maps/search/?api=1&query=MEN-EIJI%20HIRAGISHI%20BASE%20%E5%8C%97%E6%B5%B7%E9%81%93%E6%9C%AD%E5%B9%8C%E5%B8%82%E8%B1%8A%E5%B9%B3%E5%8C%BA%E5%B9%B3%E5%B2%B82%E6%9D%A111%E4%B8%81%E7%9B%AE1-12,43.0294053,141.3663171,2025,ラーメン HOKKAIDO,ramen_hokkaido,発表日：2025年12月2日
味の大王 総本店,北海道苫小牧市字植苗138-3,食べログ ラーメン HOKKAIDO 百名店 2025,https://tabelog.com/hokkaido/A0108/A010802/1003490/,https://www.google.com/maps/search/?api=1&query=%E5%91%B3%E3%81%AE%E5%A4%A7%E7%8E%8B%20%E7%B7%8F%E6%9C%AC%E5%BA%97%20%E5%8C%97%E6%B5%B7%E9%81%93%E8%8B%AB%E5%B0%8F%E7%89%A7%E5%B8%82%E5%AD%97%E6%A4%8D%E8%8B%97138-3,42.7151177,141.7070385,2025,ラーメン HOKKAIDO,ramen_hokkaido,発表日：2025年12月2日
ラーメン専門 つるや,北海道旭川市四条通19丁目左10,食べログ ラーメン HOKKAIDO 百名店 2025,https://tabelog.com/hokkaido/A0104/A010401/1000533/,https://www.google.com/maps/search/?api=1&query=%E3%83%A9%E3%83%BC%E3%83%A1%E3%83%B3%E5%B0%82%E9%96%80%20%E3%81%A4%E3%82%8B%E3%82%84%20%E5%8C%97%E6%B5%B7%E9%81%93%E6%97%AD%E5%B7%9D%E5%B8%82%E5%9B%9B%E6%9D%A1%E9%80%9A19%E4%B8%81%E7%9B%AE%E5%B7%A610,43.7639777,142.3792357,2025,ラーメン HOKKAIDO,ramen_hokkaido,発表日：2025年12月2日
我流麺舞 飛燕,北海道札幌市豊平区中の島1条9丁目4-14,食べログ ラーメン HOKKAIDO 百名店 2025,https://tabelog.com/hokkaido/A0101/A010303/1026753/,https://www.google.com/maps/search/?api=1&query=%E6%88%91%E6%B5%81%E9%BA%BA%E8%88%9E%20%E9%A3%9B%E7%87%95%20%E5%8C%97%E6%B5%B7%E9%81%93%E6%9C%AD%E5%B9%8C%E5%B8%82%E8%B1%8A%E5%B9%B3%E5%8C%BA%E4%B8%AD%E3%81%AE%E5%B3%B61%E6%9D%A19%E4%B8%81%E7%9B%AE4-14,43.0234484,141.3568956,2025,ラーメン HOKKAIDO,ramen_hokkaido,発表日：2025年12月2日
味の三平,北海道札幌市中央区南1条西3丁目2 大丸藤井セントラルビル 4F,食べログ ラーメン HOKKAIDO 百名店 2025,https://tabelog.com/hokkaido/A0101/A010102/1000316/,https://www.google.com/maps/search/?api=1&query=%E5%91%B3%E3%81%AE%E4%B8%89%E5%B9%B3%20%E5%8C%97%E6%B5%B7%E9%81%93%E6%9C%AD%E5%B9%8C%E5%B8%82%E4%B8%AD%E5%A4%AE%E5%8C%BA%E5%8D%971%E6%9D%A1%E8%A5%BF3%E4%B8%81%E7%9B%AE2%20%E5%A4%A7%E4%B8%B8%E8%97%A4%E4%BA%95%E3%82%BB%E3%83%B3%E3%83%88%E3%83%A9%E3%83%AB%E3%83%93%E3%83%AB%204F,43.0588226,141.3536363,2025,ラーメン HOKKAIDO,ramen_hokkaido,発表日：2025年12月2日
コクミンショクドウ,北海道札幌市北区太平4条3丁目3-3 ノースリバービル 1F,食べログ ラーメン HOKKAIDO 百名店 2025,https://tabelog.com/hokkaido/A0101/A010201/1041032/,https://www.google.com/maps/search/?api=1&query=%E3%82%B3%E3%82%AF%E3%83%9F%E3%83%B3%E3%82%B7%E3%83%A7%E3%82%AF%E3%83%89%E3%82%A6%20%E5%8C%97%E6%B5%B7%E9%81%93%E6%9C%AD%E5%B9%8C%E5%B8%82%E5%8C%97%E5%8C%BA%E5%A4%AA%E5%B9%B34%E6%9D%A13%E4%B8%81%E7%9B%AE3-3%20%E3%83%8E%E3%83%BC%E3%82%B9%E3%83%AA%E3%83%90%E3%83%BC%E3%83%93%E3%83%AB%201F,43.1288081,141.3489778,2025,ラーメン HOKKAIDO,ramen_hokkaido,発表日：2025年12月2日
支那そば 鋳,北海道札幌市中央区北1条西27-2-13,食べログ ラーメン HOKKAIDO 百名店 2025,https://tabelog.com/hokkaido/A0101/A010105/1070050/,https://www.google.com/maps/search/?api=1&query=%E6%94%AF%E9%82%A3%E3%81%9D%E3%81%B0%20%E9%8B%B3%20%E5%8C%97%E6%B5%B7%E9%81%93%E6%9C%AD%E5%B9%8C%E5%B8%82%E4%B8%AD%E5%A4%AE%E5%8C%BA%E5%8C%971%E6%9D%A1%E8%A5%BF27-2-13,43.0573154,141.3157307,2025,ラーメン HOKKAIDO,ramen_hokkaido,発表日：2025年12月2日
麺や hide,北海道札幌市北区新川7条16-709-8,食べログ ラーメン HOKKAIDO 百名店 2025,https://tabelog.com/hokkaido/A0101/A010201/1056336/,https://www.google.com/maps/search/?api=1&query=%E9%BA%BA%E3%82%84%20hide%20%E5%8C%97%E6%B5%B7%E9%81%93%E6%9C%AD%E5%B9%8C%E5%B8%82%E5%8C%97%E5%8C%BA%E6%96%B0%E5%B7%9D7%E6%9D%A116-709-8,43.1189726,141.3001749,2025,ラーメン HOKKAIDO,ramen_hokkaido,発表日：2025年12月2日
らーめん工房 魚一,北海道釧路市幸町13-1 釧路丹頂市場内,食べログ ラーメン HOKKAIDO 百名店 2025,https://tabelog.com/hokkaido/A0112/A011201/1007709/,https://www.google.com/maps/search/?api=1&query=%E3%82%89%E3%83%BC%E3%82%81%E3%82%93%E5%B7%A5%E6%88%BF%20%E9%AD%9A%E4%B8%80%20%E5%8C%97%E6%B5%B7%E9%81%93%E9%87%A7%E8%B7%AF%E5%B8%82%E5%B9%B8%E7%94%BA13-1%20%E9%87%A7%E8%B7%AF%E4%B8%B9%E9%A0%82%E5%B8%82%E5%A0%B4%E5%86%85,42.9886846,144.3793086,2025,ラーメン HOKKAIDO,ramen_hokkaido,発表日：2025年12月2日
手打ちそば 梅蕎麦,山形県山形市東原町3-5-10,食べログ そば EAST 百名店 2025,https://tabelog.com/yamagata/A0601/A060101/6000107/,https://www.google.com/maps/search/?api=1&query=%E6%89%8B%E6%89%93%E3%81%A1%E3%81%9D%E3%81%B0%20%E6%A2%85%E8%95%8E%E9%BA%A6%20%E5%B1%B1%E5%BD%A2%E7%9C%8C%E5%B1%B1%E5%BD%A2%E5%B8%82%E6%9D%B1%E5%8E%9F%E7%94%BA3-5-10,38.2410946,140.3429940,2025,そば EAST,soba_east,発表日：2025年7月23日
手打蕎麦のたぐと,北海道札幌市西区西野一条3-2-2,食べログ そば EAST 百名店 2025,https://tabelog.com/hokkaido/A0101/A010204/1000649/,https://www.google.com/maps/search/?api=1&query=%E6%89%8B%E6%89%93%E8%95%8E%E9%BA%A6%E3%81%AE%E3%81%9F%E3%81%90%E3%81%A8%20%E5%8C%97%E6%B5%B7%E9%81%93%E6%9C%AD%E5%B9%8C%E5%B8%82%E8%A5%BF%E5%8C%BA%E8%A5%BF%E9%87%8E%E4%B8%80%E6%9D%A13-2-2,43.0767327,141.2845977,2025,そば EAST,soba_east,発表日：2025年7月23日
手打蕎麦かとう,秋田県秋田市中通3-4-60,食べログ そば EAST 百名店 2025,https://tabelog.com/akita/A0501/A050101/5007255/,https://www.google.com/maps/search/?api=1&query=%E6%89%8B%E6%89%93%E8%95%8E%E9%BA%A6%E3%81%8B%E3%81%A8%E3%81%86%20%E7%A7%8B%E7%94%B0%E7%9C%8C%E7%A7%8B%E7%94%B0%E5%B8%82%E4%B8%AD%E9%80%9A3-4-60,39.7161546,140.1207679,2025,そば EAST,soba_east,発表日：2025年7月23日
あらきそば,山形県村山市大久保甲65,食べログ そば EAST 百名店 2025,https://tabelog.com/yamagata/A0605/A060502/6000017/,https://www.google.com/maps/search/?api=1&query=%E3%81%82%E3%82%89%E3%81%8D%E3%81%9D%E3%81%B0%20%E5%B1%B1%E5%BD%A2%E7%9C%8C%E6%9D%91%E5%B1%B1%E5%B8%82%E5%A4%A7%E4%B9%85%E4%BF%9D%E7%94%B265,38.4701467,140.3239724,2025,そば EAST,soba_east,発表日：2025年7月23日
いな穂,秋田県北秋田市材木町6-41,食べログ そば EAST 百名店 2025,https://tabelog.com/akita/A0502/A050202/5007367/,https://www.google.com/maps/search/?api=1&query=%E3%81%84%E3%81%AA%E7%A9%82%20%E7%A7%8B%E7%94%B0%E7%9C%8C%E5%8C%97%E7%A7%8B%E7%94%B0%E5%B8%82%E6%9D%90%E6%9C%A8%E7%94%BA6-41,40.2311132,140.3713051,2025,そば EAST,soba_east,発表日：2025年7月23日
いし豆,北海道虻田郡真狩村字社206-8,食べログ そば EAST 百名店 2025,https://tabelog.com/hokkaido/A0106/A010603/1005543/,https://www.google.com/maps/search/?api=1&query=%E3%81%84%E3%81%97%E8%B1%86%20%E5%8C%97%E6%B5%B7%E9%81%93%E8%99%BB%E7%94%B0%E9%83%A1%E7%9C%9F%E7%8B%A9%E6%9D%91%E5%AD%97%E7%A4%BE206-8,42.7795549,140.7830411,2025,そば EAST,soba_east,発表日：2025年7月23日
伊達 翁,北海道伊達市弄月町239-3,食べログ そば EAST 百名店 2025,https://tabelog.com/hokkaido/A0108/A010801/1003486/,https://www.google.com/maps/search/?api=1&query=%E4%BC%8A%E9%81%94%20%E7%BF%81%20%E5%8C%97%E6%B5%B7%E9%81%93%E4%BC%8A%E9%81%94%E5%B8%82%E5%BC%84%E6%9C%88%E7%94%BA239-3,42.4577603,140.8866963,2025,そば EAST,soba_east,発表日：2025年7月23日
蕎麦切り あなざわ,福島県郡山市静町37-13,食べログ そば EAST 百名店 2025,https://tabelog.com/fukushima/A0702/A070201/7000355/,https://www.google.com/maps/search/?api=1&query=%E8%95%8E%E9%BA%A6%E5%88%87%E3%82%8A%20%E3%81%82%E3%81%AA%E3%81%96%E3%82%8F%20%E7%A6%8F%E5%B3%B6%E7%9C%8C%E9%83%A1%E5%B1%B1%E5%B8%82%E9%9D%99%E7%94%BA37-13,37.3856316,140.3360165,2025,そば EAST,soba_east,発表日：2025年7月23日
蕎麦彩膳 隆仙坊,福島県郡山市清水台2-6-5,食べログ そば EAST 百名店 2025,https://tabelog.com/fukushima/A0702/A070201/7001027/,https://www.google.com/maps/search/?api=1&query=%E8%95%8E%E9%BA%A6%E5%BD%A9%E8%86%B3%20%E9%9A%86%E4%BB%99%E5%9D%8A%20%E7%A6%8F%E5%B3%B6%E7%9C%8C%E9%83%A1%E5%B1%B1%E5%B8%82%E6%B8%85%E6%B0%B4%E5%8F%B02-6-5,37.4001569,140.3813301,2025,そば EAST,soba_east,発表日：2025年7月23日
ステーキ＆ワイン いしざき,北海道札幌市中央区南四条西3 ニュー北星ビル 4Ｆ,食べログ ステーキ・鉄板焼き EAST 百名店 2025,https://tabelog.com/hokkaido/A0101/A010103/1002853/,https://www.google.com/maps/search/?api=1&query=%E3%82%B9%E3%83%86%E3%83%BC%E3%82%AD%EF%BC%86%E3%83%AF%E3%82%A4%E3%83%B3%20%E3%81%84%E3%81%97%E3%81%96%E3%81%8D%20%E5%8C%97%E6%B5%B7%E9%81%93%E6%9C%AD%E5%B9%8C%E5%B8%82%E4%B8%AD%E5%A4%AE%E5%8C%BA%E5%8D%97%E5%9B%9B%E6%9D%A1%E8%A5%BF3%20%E3%83%8B%E3%83%A5%E3%83%BC%E5%8C%97%E6%98%9F%E3%83%93%E3%83%AB%204%EF%BC%A6,43.0561033,141.3540347,2025,ステーキ・鉄板焼き EAST,steak_east,発表日：2025年8月19日
米沢牛亭 ぐっど,山形県米沢市下花沢1-3-4,食べログ ステーキ・鉄板焼き EAST 百名店 2025,https://tabelog.com/yamagata/A0602/A060201/6000031/,https://www.google.com/maps/search/?api=1&query=%E7%B1%B3%E6%B2%A2%E7%89%9B%E4%BA%AD%20%E3%81%90%E3%81%A3%E3%81%A9%20%E5%B1%B1%E5%BD%A2%E7%9C%8C%E7%B1%B3%E6%B2%A2%E5%B8%82%E4%B8%8B%E8%8A%B1%E6%B2%A21-3-4,37.9067366,140.1334029,2025,ステーキ・鉄板焼き EAST,steak_east,発表日：2025年8月19日
鉄板焼 漆,北海道札幌市中央区南五条西3-3 中銀三番館ビル 2F,食べログ ステーキ・鉄板焼き EAST 百名店 2025,https://tabelog.com/hokkaido/A0101/A010103/1070319/,https://www.google.com/maps/search/?api=1&query=%E9%89%84%E6%9D%BF%E7%84%BC%20%E6%BC%86%20%E5%8C%97%E6%B5%B7%E9%81%93%E6%9C%AD%E5%B9%8C%E5%B8%82%E4%B8%AD%E5%A4%AE%E5%8C%BA%E5%8D%97%E4%BA%94%E6%9D%A1%E8%A5%BF3-3%20%E4%B8%AD%E9%8A%80%E4%B8%89%E7%95%AA%E9%A4%A8%E3%83%93%E3%83%AB%202F,43.0540887,141.3544313,2025,ステーキ・鉄板焼き EAST,steak_east,発表日：2025年8月19日
大胡椒,宮城県仙台市青葉区一番町4-3-18,食べログ ステーキ・鉄板焼き EAST 百名店 2025,https://tabelog.com/miyagi/A0401/A040101/4001116/,https://www.google.com/maps/search/?api=1&query=%E5%A4%A7%E8%83%A1%E6%A4%92%20%E5%AE%AE%E5%9F%8E%E7%9C%8C%E4%BB%99%E5%8F%B0%E5%B8%82%E9%9D%92%E8%91%89%E5%8C%BA%E4%B8%80%E7%95%AA%E7%94%BA4-3-18,38.2634637,140.8707931,2025,ステーキ・鉄板焼き EAST,steak_east,発表日：2025年8月19日
Golot,岩手県盛岡市菜園2-6-28,食べログ ステーキ・鉄板焼き EAST 百名店 2025,https://tabelog.com/iwate/A0301/A030101/3008898/,https://www.google.com/maps/search/?api=1&query=Golot%20%E5%B2%A9%E6%89%8B%E7%9C%8C%E7%9B%9B%E5%B2%A1%E5%B8%82%E8%8F%9C%E5%9C%922-6-28,39.7019603,141.1450292,2025,ステーキ・鉄板焼き EAST,steak_east,発表日：2025年8月19日
鉄板焼 石狩,北海道札幌市中央区北三条西1 ANAクラウンプラザホテル札幌 26F,食べログ ステーキ・鉄板焼き EAST 百名店 2025,https://tabelog.com/hokkaido/A0101/A010101/1004828/,https://www.google.com/maps/search/?api=1&query=%E9%89%84%E6%9D%BF%E7%84%BC%20%E7%9F%B3%E7%8B%A9%20%E5%8C%97%E6%B5%B7%E9%81%93%E6%9C%AD%E5%B9%8C%E5%B8%82%E4%B8%AD%E5%A4%AE%E5%8C%BA%E5%8C%97%E4%B8%89%E6%9D%A1%E8%A5%BF1%20ANA%E3%82%AF%E3%83%A9%E3%82%A6%E3%83%B3%E3%83%97%E3%83%A9%E3%82%B6%E3%83%9B%E3%83%86%E3%83%AB%E6%9C%AD%E5%B9%8C%2026F,43.0656087,141.3551896,2025,ステーキ・鉄板焼き EAST,steak_east,発表日：2025年8月19日
仙台牛と和風個室 すていき小次郎,宮城県仙台市青葉区立町15-3,食べログ ステーキ・鉄板焼き EAST 百名店 2025,https://tabelog.com/miyagi/A0401/A040101/4000805/,https://www.google.com/maps/search/?api=1&query=%E4%BB%99%E5%8F%B0%E7%89%9B%E3%81%A8%E5%92%8C%E9%A2%A8%E5%80%8B%E5%AE%A4%20%E3%81%99%E3%81%A6%E3%81%84%E3%81%8D%E5%B0%8F%E6%AC%A1%E9%83%8E%20%E5%AE%AE%E5%9F%8E%E7%9C%8C%E4%BB%99%E5%8F%B0%E5%B8%82%E9%9D%92%E8%91%89%E5%8C%BA%E7%AB%8B%E7%94%BA15-3,38.2634404,140.8669067,2025,ステーキ・鉄板焼き EAST,steak_east,発表日：2025年8月19日
ステーキ・鉄板料理 和かな 盛岡本店,岩手県盛岡市大沢川原1-3-33,食べログ ステーキ・鉄板焼き EAST 百名店 2025,https://tabelog.com/iwate/A0301/A030101/3000116/,https://www.google.com/maps/search/?api=1&query=%E3%82%B9%E3%83%86%E3%83%BC%E3%82%AD%E3%83%BB%E9%89%84%E6%9D%BF%E6%96%99%E7%90%86%20%E5%92%8C%E3%81%8B%E3%81%AA%20%E7%9B%9B%E5%B2%A1%E6%9C%AC%E5%BA%97%20%E5%B2%A9%E6%89%8B%E7%9C%8C%E7%9B%9B%E5%B2%A1%E5%B8%82%E5%A4%A7%E6%B2%A2%E5%B7%9D%E5%8E%9F1-3-33,39.6998379,141.1483888,2025,ステーキ・鉄板焼き EAST,steak_east,発表日：2025年8月19日
鮨棗 本店,北海道札幌市中央区南四条西5丁目 第4藤井ビル　７Ｆ,食べログ 寿司 EAST 百名店 2025,https://tabelog.com/hokkaido/A0101/A010103/1029733/,https://www.google.com/maps/search/?api=1&query=%E9%AE%A8%E6%A3%97%20%E6%9C%AC%E5%BA%97%20%E5%8C%97%E6%B5%B7%E9%81%93%E6%9C%AD%E5%B9%8C%E5%B8%82%E4%B8%AD%E5%A4%AE%E5%8C%BA%E5%8D%97%E5%9B%9B%E6%9D%A1%E8%A5%BF5%E4%B8%81%E7%9B%AE%20%E7%AC%AC4%E8%97%A4%E4%BA%95%E3%83%93%E3%83%AB%E3%80%80%EF%BC%97%EF%BC%A6,43.0555692,141.3503060,2025,寿司 EAST,sushi_east,発表日：2025年2月26日
鮨菜 和喜智,北海道札幌市中央区南二条西25-1-22,食べログ 寿司 EAST 百名店 2025,https://tabelog.com/hokkaido/A0101/A010105/1000645/,https://www.google.com/maps/search/?api=1&query=%E9%AE%A8%E8%8F%9C%20%E5%92%8C%E5%96%9C%E6%99%BA%20%E5%8C%97%E6%B5%B7%E9%81%93%E6%9C%AD%E5%B9%8C%E5%B8%82%E4%B8%AD%E5%A4%AE%E5%8C%BA%E5%8D%97%E4%BA%8C%E6%9D%A1%E8%A5%BF25-1-22,43.0544951,141.3191215,2025,寿司 EAST,sushi_east,発表日：2025年2月26日
鮨 おくの,北海道滝川市栄町3-4-5,食べログ 寿司 EAST 百名店 2025,https://tabelog.com/hokkaido/A0107/A010705/1051002/,https://www.google.com/maps/search/?api=1&query=%E9%AE%A8%20%E3%81%8A%E3%81%8F%E3%81%AE%20%E5%8C%97%E6%B5%B7%E9%81%93%E6%BB%9D%E5%B7%9D%E5%B8%82%E6%A0%84%E7%94%BA3-4-5,43.5570160,141.9057933,2025,寿司 EAST,sushi_east,発表日：2025年2月26日
弐ノ蔵,北海道札幌市中央区南3条西22-2-7 第51藤栄ビル 1F,食べログ 寿司 EAST 百名店 2025,https://tabelog.com/hokkaido/A0101/A010105/1065867/,https://www.google.com/maps/search/?api=1&query=%E5%BC%90%E3%83%8E%E8%94%B5%20%E5%8C%97%E6%B5%B7%E9%81%93%E6%9C%AD%E5%B9%8C%E5%B8%82%E4%B8%AD%E5%A4%AE%E5%8C%BA%E5%8D%973%E6%9D%A1%E8%A5%BF22-2-7%20%E7%AC%AC51%E8%97%A4%E6%A0%84%E3%83%93%E3%83%AB%201F,43.0535919,141.3248105,2025,寿司 EAST,sushi_east,発表日：2025年2月26日
塩竈 すし哲 S-PAL仙台店,宮城県仙台市青葉区中央1-1-1 エスパル仙台店 B1F,食べログ 寿司 EAST 百名店 2025,https://tabelog.com/miyagi/A0401/A040101/4000160/,https://www.google.com/maps/search/?api=1&query=%E5%A1%A9%E7%AB%88%20%E3%81%99%E3%81%97%E5%93%B2%20S-PAL%E4%BB%99%E5%8F%B0%E5%BA%97%20%E5%AE%AE%E5%9F%8E%E7%9C%8C%E4%BB%99%E5%8F%B0%E5%B8%82%E9%9D%92%E8%91%89%E5%8C%BA%E4%B8%AD%E5%A4%AE1-1-1%20%E3%82%A8%E3%82%B9%E3%83%91%E3%83%AB%E4%BB%99%E5%8F%B0%E5%BA%97%20B1F,38.2598108,140.8820956,2025,寿司 EAST,sushi_east,発表日：2025年2月26日
鮨駒,秋田県由利本荘市桶屋町120,食べログ 寿司 EAST 百名店 2025,https://tabelog.com/akita/A0506/A050601/5006041/,https://www.google.com/maps/search/?api=1&query=%E9%AE%A8%E9%A7%92%20%E7%A7%8B%E7%94%B0%E7%9C%8C%E7%94%B1%E5%88%A9%E6%9C%AC%E8%8D%98%E5%B8%82%E6%A1%B6%E5%B1%8B%E7%94%BA120,39.3927228,140.0475617,2025,寿司 EAST,sushi_east,発表日：2025年2月26日
まる鮨,北海道札幌市中央区南六条西4-4,食べログ 寿司 EAST 百名店 2025,https://tabelog.com/hokkaido/A0101/A010103/1000041/,https://www.google.com/maps/search/?api=1&query=%E3%81%BE%E3%82%8B%E9%AE%A8%20%E5%8C%97%E6%B5%B7%E9%81%93%E6%9C%AD%E5%B9%8C%E5%B8%82%E4%B8%AD%E5%A4%AE%E5%8C%BA%E5%8D%97%E5%85%AD%E6%9D%A1%E8%A5%BF4-4,43.0528720,141.3525437,2025,寿司 EAST,sushi_east,発表日：2025年2月26日
小判寿司,宮城県仙台市青葉区一番町2-3-41 文化横丁,食べログ 寿司 EAST 百名店 2025,https://tabelog.com/miyagi/A0401/A040101/4000197/,https://www.google.com/maps/search/?api=1&query=%E5%B0%8F%E5%88%A4%E5%AF%BF%E5%8F%B8%20%E5%AE%AE%E5%9F%8E%E7%9C%8C%E4%BB%99%E5%8F%B0%E5%B8%82%E9%9D%92%E8%91%89%E5%8C%BA%E4%B8%80%E7%95%AA%E7%94%BA2-3-41%20%E6%96%87%E5%8C%96%E6%A8%AA%E4%B8%81,38.2591576,140.8734866,2025,寿司 EAST,sushi_east,発表日：2025年2月26日
すし哲 本店,宮城県塩竈市海岸通2-22,食べログ 寿司 EAST 百名店 2025,https://tabelog.com/miyagi/A0404/A040404/4000002/,https://www.google.com/maps/search/?api=1&query=%E3%81%99%E3%81%97%E5%93%B2%20%E6%9C%AC%E5%BA%97%20%E5%AE%AE%E5%9F%8E%E7%9C%8C%E5%A1%A9%E7%AB%88%E5%B8%82%E6%B5%B7%E5%B2%B8%E9%80%9A2-22,38.3173028,141.0212690,2025,寿司 EAST,sushi_east,発表日：2025年2月26日
鮨 結委,宮城県仙台市青葉区中央3-9-18 蕉風ビル　 1F,食べログ 寿司 EAST 百名店 2025,https://tabelog.com/miyagi/A0401/A040101/4002612/,https://www.google.com/maps/search/?api=1&query=%E9%AE%A8%20%E7%B5%90%E5%A7%94%20%E5%AE%AE%E5%9F%8E%E7%9C%8C%E4%BB%99%E5%8F%B0%E5%B8%82%E9%9D%92%E8%91%89%E5%8C%BA%E4%B8%AD%E5%A4%AE3-9-18%20%E8%95%89%E9%A2%A8%E3%83%93%E3%83%AB%E3%80%80%201F,38.2587132,140.8769929,2025,寿司 EAST,sushi_east,発表日：2025年2月26日
鮨みなと,北海道旭川市三条通5-左9,食べログ 寿司 EAST 百名店 2025,https://tabelog.com/hokkaido/A0104/A010401/1001719/,https://www.google.com/maps/search/?api=1&query=%E9%AE%A8%E3%81%BF%E3%81%AA%E3%81%A8%20%E5%8C%97%E6%B5%B7%E9%81%93%E6%97%AD%E5%B7%9D%E5%B8%82%E4%B8%89%E6%9D%A1%E9%80%9A5-%E5%B7%A69,43.7688865,142.3571341,2025,寿司 EAST,sushi_east,発表日：2025年2月26日
氏金寿司,宮城県登米市迫町佐沼字錦27,食べログ 寿司 EAST 百名店 2025,https://tabelog.com/miyagi/A0403/A040303/4008600/,https://www.google.com/maps/search/?api=1&query=%E6%B0%8F%E9%87%91%E5%AF%BF%E5%8F%B8%20%E5%AE%AE%E5%9F%8E%E7%9C%8C%E7%99%BB%E7%B1%B3%E5%B8%82%E8%BF%AB%E7%94%BA%E4%BD%90%E6%B2%BC%E5%AD%97%E9%8C%A627,38.6884071,141.1999350,2025,寿司 EAST,sushi_east,発表日：2025年2月26日
鮨処 美な味,北海道函館市末広町9-5,食べログ 寿司 EAST 百名店 2025,https://tabelog.com/hokkaido/A0105/A010501/1005718/,https://www.google.com/maps/search/?api=1&query=%E9%AE%A8%E5%87%A6%20%E7%BE%8E%E3%81%AA%E5%91%B3%20%E5%8C%97%E6%B5%B7%E9%81%93%E5%87%BD%E9%A4%A8%E5%B8%82%E6%9C%AB%E5%BA%83%E7%94%BA9-5,41.7646645,140.7180244,2025,寿司 EAST,sushi_east,発表日：2025年2月26日
鮨德,宮城県仙台市青葉区春日町5-16 シエロ春日町 2F,食べログ 寿司 EAST 百名店 2025,https://tabelog.com/miyagi/A0401/A040101/4025745/,https://www.google.com/maps/search/?api=1&query=%E9%AE%A8%E5%BE%B7%20%E5%AE%AE%E5%9F%8E%E7%9C%8C%E4%BB%99%E5%8F%B0%E5%B8%82%E9%9D%92%E8%91%89%E5%8C%BA%E6%98%A5%E6%97%A5%E7%94%BA5-16%20%E3%82%B7%E3%82%A8%E3%83%AD%E6%98%A5%E6%97%A5%E7%94%BA%202F,38.2660421,140.8645647,2025,寿司 EAST,sushi_east,発表日：2025年2月26日
すし匠,秋田県秋田市大町3-2-36 赤れんが郷土館前,食べログ 寿司 EAST 百名店 2025,https://tabelog.com/akita/A0501/A050101/5007025/,https://www.google.com/maps/search/?api=1&query=%E3%81%99%E3%81%97%E5%8C%A0%20%E7%A7%8B%E7%94%B0%E7%9C%8C%E7%A7%8B%E7%94%B0%E5%B8%82%E5%A4%A7%E7%94%BA3-2-36%20%E8%B5%A4%E3%82%8C%E3%82%93%E3%81%8C%E9%83%B7%E5%9C%9F%E9%A4%A8%E5%89%8D,39.7164938,140.1161950,2025,寿司 EAST,sushi_east,発表日：2025年2月26日
亀喜寿司,宮城県塩竈市新富町6-12,食べログ 寿司 EAST 百名店 2025,https://tabelog.com/miyagi/A0404/A040404/4000004/,https://www.google.com/maps/search/?api=1&query=%E4%BA%80%E5%96%9C%E5%AF%BF%E5%8F%B8%20%E5%AE%AE%E5%9F%8E%E7%9C%8C%E5%A1%A9%E7%AB%88%E5%B8%82%E6%96%B0%E5%AF%8C%E7%94%BA6-12,38.3146654,141.0264689,2025,寿司 EAST,sushi_east,発表日：2025年2月26日
金寿司,北海道札幌市中央区北二条東7,食べログ 寿司 EAST 百名店 2025,https://tabelog.com/hokkaido/A0101/A010102/1000006/,https://www.google.com/maps/search/?api=1&query=%E9%87%91%E5%AF%BF%E5%8F%B8%20%E5%8C%97%E6%B5%B7%E9%81%93%E6%9C%AD%E5%B9%8C%E5%B8%82%E4%B8%AD%E5%A4%AE%E5%8C%BA%E5%8C%97%E4%BA%8C%E6%9D%A1%E6%9D%B17,43.0657182,141.3667890,2025,寿司 EAST,sushi_east,発表日：2025年2月26日
くりや,北海道札幌市白石区本郷通8丁目北1-22 石田ビル 2F,食べログ 寿司 EAST 百名店 2025,https://tabelog.com/hokkaido/A0101/A010301/1013145/,https://www.google.com/maps/search/?api=1&query=%E3%81%8F%E3%82%8A%E3%82%84%20%E5%8C%97%E6%B5%B7%E9%81%93%E6%9C%AD%E5%B9%8C%E5%B8%82%E7%99%BD%E7%9F%B3%E5%8C%BA%E6%9C%AC%E9%83%B7%E9%80%9A8%E4%B8%81%E7%9B%AE%E5%8C%971-22%20%E7%9F%B3%E7%94%B0%E3%83%93%E3%83%AB%202F,43.0422168,141.4143764,2025,寿司 EAST,sushi_east,発表日：2025年2月26日
こい勢,山形県酒田市相生町1-3-25,食べログ 寿司 EAST 百名店 2025,https://tabelog.com/yamagata/A0603/A060301/6000012/,https://www.google.com/maps/search/?api=1&query=%E3%81%93%E3%81%84%E5%8B%A2%20%E5%B1%B1%E5%BD%A2%E7%9C%8C%E9%85%92%E7%94%B0%E5%B8%82%E7%9B%B8%E7%94%9F%E7%94%BA1-3-25,38.9201999,139.8425418,2025,寿司 EAST,sushi_east,発表日：2025年2月26日
東雲,北海道札幌市中央区南1条西22-2-15 シーズンビル 2F,食べログ 寿司 EAST 百名店 2025,https://tabelog.com/hokkaido/A0101/A010105/1053675/,https://www.google.com/maps/search/?api=1&query=%E6%9D%B1%E9%9B%B2%20%E5%8C%97%E6%B5%B7%E9%81%93%E6%9C%AD%E5%B9%8C%E5%B8%82%E4%B8%AD%E5%A4%AE%E5%8C%BA%E5%8D%971%E6%9D%A1%E8%A5%BF22-2-15%20%E3%82%B7%E3%83%BC%E3%82%BA%E3%83%B3%E3%83%93%E3%83%AB%202F,43.0556325,141.3234896,2025,寿司 EAST,sushi_east,発表日：2025年2月26日
すし宮川,北海道札幌市中央区北四条西25-2-2 リヒトラーレ円山 1F,食べログ 寿司 EAST 百名店 2025,https://tabelog.com/hokkaido/A0101/A010105/1073214/,https://www.google.com/maps/search/?api=1&query=%E3%81%99%E3%81%97%E5%AE%AE%E5%B7%9D%20%E5%8C%97%E6%B5%B7%E9%81%93%E6%9C%AD%E5%B9%8C%E5%B8%82%E4%B8%AD%E5%A4%AE%E5%8C%BA%E5%8C%97%E5%9B%9B%E6%9D%A1%E8%A5%BF25-2-2%20%E3%83%AA%E3%83%92%E3%83%88%E3%83%A9%E3%83%BC%E3%83%AC%E5%86%86%E5%B1%B1%201F,43.0621324,141.3176202,2025,寿司 EAST,sushi_east,発表日：2025年2月26日
すし 開,北海道札幌市中央区南1条西24-1-30 円山OCTビル 1F,食べログ 寿司 EAST 百名店 2025,https://tabelog.com/hokkaido/A0101/A010105/1073555/,https://www.google.com/maps/search/?api=1&query=%E3%81%99%E3%81%97%20%E9%96%8B%20%E5%8C%97%E6%B5%B7%E9%81%93%E6%9C%AD%E5%B9%8C%E5%B8%82%E4%B8%AD%E5%A4%AE%E5%8C%BA%E5%8D%971%E6%9D%A1%E8%A5%BF24-1-30%20%E5%86%86%E5%B1%B1OCT%E3%83%93%E3%83%AB%201F,43.0557565,141.3212401,2025,寿司 EAST,sushi_east,発表日：2025年2月26日
すし兆,秋田県秋田市中通4-14-6,食べログ 寿司 EAST 百名店 2025,https://tabelog.com/akita/A0501/A050101/5006548/,https://www.google.com/maps/search/?api=1&query=%E3%81%99%E3%81%97%E5%85%86%20%E7%A7%8B%E7%94%B0%E7%9C%8C%E7%A7%8B%E7%94%B0%E5%B8%82%E4%B8%AD%E9%80%9A4-14-6,39.7151548,140.1274871,2025,寿司 EAST,sushi_east,発表日：2025年2月26日
鮨処 有馬,北海道札幌市中央区南3条西4 南3西4ビル4F,食べログ 寿司 EAST 百名店 2025,https://tabelog.com/hokkaido/A0101/A010102/1000457/,https://www.google.com/maps/search/?api=1&query=%E9%AE%A8%E5%87%A6%20%E6%9C%89%E9%A6%AC%20%E5%8C%97%E6%B5%B7%E9%81%93%E6%9C%AD%E5%B9%8C%E5%B8%82%E4%B8%AD%E5%A4%AE%E5%8C%BA%E5%8D%973%E6%9D%A1%E8%A5%BF4%20%E5%8D%973%E8%A5%BF4%E3%83%93%E3%83%AB4F,43.0567675,141.3516278,2025,寿司 EAST,sushi_east,発表日：2025年2月26日
田久鮓,北海道札幌市中央区南三条西3-3 G DINING SAPPORO 6F,食べログ 寿司 EAST 百名店 2025,https://tabelog.com/hokkaido/A0101/A010102/1030580/,https://www.google.com/maps/search/?api=1&query=%E7%94%B0%E4%B9%85%E9%AE%93%20%E5%8C%97%E6%B5%B7%E9%81%93%E6%9C%AD%E5%B9%8C%E5%B8%82%E4%B8%AD%E5%A4%AE%E5%8C%BA%E5%8D%97%E4%B8%89%E6%9D%A1%E8%A5%BF3-3%20G%20DINING%20SAPPORO%206F,43.0567541,141.3543144,2025,寿司 EAST,sushi_east,発表日：2025年2月26日
寿司割烹 魚紋,福島県郡山市駅前1-5-6,食べログ 寿司 EAST 百名店 2025,https://tabelog.com/fukushima/A0702/A070201/7000382/,https://www.google.com/maps/search/?api=1&query=%E5%AF%BF%E5%8F%B8%E5%89%B2%E7%83%B9%20%E9%AD%9A%E7%B4%8B%20%E7%A6%8F%E5%B3%B6%E7%9C%8C%E9%83%A1%E5%B1%B1%E5%B8%82%E9%A7%85%E5%89%8D1-5-6,37.3978338,140.3859886,2025,寿司 EAST,sushi_east,発表日：2025年2月26日
姫沙羅,北海道札幌市中央区南8条西20-1-2,食べログ 寿司 EAST 百名店 2025,https://tabelog.com/hokkaido/A0101/A010105/1057657/,https://www.google.com/maps/search/?api=1&query=%E5%A7%AB%E6%B2%99%E7%BE%85%20%E5%8C%97%E6%B5%B7%E9%81%93%E6%9C%AD%E5%B9%8C%E5%B8%82%E4%B8%AD%E5%A4%AE%E5%8C%BA%E5%8D%978%E6%9D%A1%E8%A5%BF20-1-2,43.0484869,141.3283786,2025,寿司 EAST,sushi_east,発表日：2025年2月26日
鮨 しょう太,北海道札幌市中央区北1条西3-3-14 敷島プラザビル別館 B1F,食べログ 寿司 EAST 百名店 2025,https://tabelog.com/hokkaido/A0101/A010102/1073448/,https://www.google.com/maps/search/?api=1&query=%E9%AE%A8%20%E3%81%97%E3%82%87%E3%81%86%E5%A4%AA%20%E5%8C%97%E6%B5%B7%E9%81%93%E6%9C%AD%E5%B9%8C%E5%B8%82%E4%B8%AD%E5%A4%AE%E5%8C%BA%E5%8C%971%E6%9D%A1%E8%A5%BF3-3-14%20%E6%95%B7%E5%B3%B6%E3%83%97%E3%83%A9%E3%82%B6%E3%83%93%E3%83%AB%E5%88%A5%E9%A4%A8%20B1F,43.0625744,141.3521812,2025,寿司 EAST,sushi_east,発表日：2025年2月26日
仙令鮨 JR仙台駅 3階店,宮城県仙台市青葉区中央1-1-1 JR仙台駅 3F,食べログ 寿司 EAST 百名店 2025,https://tabelog.com/miyagi/A0401/A040101/4000282/,https://www.google.com/maps/search/?api=1&query=%E4%BB%99%E4%BB%A4%E9%AE%A8%20JR%E4%BB%99%E5%8F%B0%E9%A7%85%203%E9%9A%8E%E5%BA%97%20%E5%AE%AE%E5%9F%8E%E7%9C%8C%E4%BB%99%E5%8F%B0%E5%B8%82%E9%9D%92%E8%91%89%E5%8C%BA%E4%B8%AD%E5%A4%AE1-1-1%20JR%E4%BB%99%E5%8F%B0%E9%A7%85%203F,38.2611042,140.8819818,2025,寿司 EAST,sushi_east,発表日：2025年2月26日
北の華 はやし,北海道千歳市幸町1-1,食べログ 寿司 EAST 百名店 2025,https://tabelog.com/hokkaido/A0107/A010701/1049376/,https://www.google.com/maps/search/?api=1&query=%E5%8C%97%E3%81%AE%E8%8F%AF%20%E3%81%AF%E3%82%84%E3%81%97%20%E5%8C%97%E6%B5%B7%E9%81%93%E5%8D%83%E6%AD%B3%E5%B8%82%E5%B9%B8%E7%94%BA1-1,42.8219335,141.6457022,2025,寿司 EAST,sushi_east,発表日：2025年2月26日
宝寿司分店,秋田県秋田市寺内蛭根3丁目5-7,食べログ 寿司 EAST 百名店 2025,https://tabelog.com/akita/A0501/A050101/5004621/,https://www.google.com/maps/search/?api=1&query=%E5%AE%9D%E5%AF%BF%E5%8F%B8%E5%88%86%E5%BA%97%20%E7%A7%8B%E7%94%B0%E7%9C%8C%E7%A7%8B%E7%94%B0%E5%B8%82%E5%AF%BA%E5%86%85%E8%9B%AD%E6%A0%B93%E4%B8%81%E7%9B%AE5-7,39.7312412,140.0835561,2025,寿司 EAST,sushi_east,発表日：2025年2月26日
すゝき野 鮨金,北海道札幌市中央区南四条西4-4-7 松岡ビル 1F,食べログ 寿司 EAST 百名店 2025,https://tabelog.com/hokkaido/A0101/A010103/1002644/,https://www.google.com/maps/search/?api=1&query=%E3%81%99%E3%82%9D%E3%81%8D%E9%87%8E%20%E9%AE%A8%E9%87%91%20%E5%8C%97%E6%B5%B7%E9%81%93%E6%9C%AD%E5%B9%8C%E5%B8%82%E4%B8%AD%E5%A4%AE%E5%8C%BA%E5%8D%97%E5%9B%9B%E6%9D%A1%E8%A5%BF4-4-7%20%E6%9D%BE%E5%B2%A1%E3%83%93%E3%83%AB%201F,43.0559763,141.3525847,2025,寿司 EAST,sushi_east,発表日：2025年2月26日
鮨処いちい,北海道札幌市中央区南四条西4 第5グリーンビル 1F,食べログ 寿司 EAST 百名店 2025,https://tabelog.com/hokkaido/A0101/A010103/1002533/,https://www.google.com/maps/search/?api=1&query=%E9%AE%A8%E5%87%A6%E3%81%84%E3%81%A1%E3%81%84%20%E5%8C%97%E6%B5%B7%E9%81%93%E6%9C%AD%E5%B9%8C%E5%B8%82%E4%B8%AD%E5%A4%AE%E5%8C%BA%E5%8D%97%E5%9B%9B%E6%9D%A1%E8%A5%BF4%20%E7%AC%AC5%E3%82%B0%E3%83%AA%E3%83%BC%E3%83%B3%E3%83%93%E3%83%AB%201F,43.0558228,141.3519841,2025,寿司 EAST,sushi_east,発表日：2025年2月26日
鮨 草平,北海道札幌市中央区南2条西28-1-10 エビスビル 1F,食べログ 寿司 EAST 百名店 2025,https://tabelog.com/hokkaido/A0101/A010105/1071934/,https://www.google.com/maps/search/?api=1&query=%E9%AE%A8%20%E8%8D%89%E5%B9%B3%20%E5%8C%97%E6%B5%B7%E9%81%93%E6%9C%AD%E5%B9%8C%E5%B8%82%E4%B8%AD%E5%A4%AE%E5%8C%BA%E5%8D%972%E6%9D%A1%E8%A5%BF28-1-10%20%E3%82%A8%E3%83%93%E3%82%B9%E3%83%93%E3%83%AB%201F,43.0533274,141.3160865,2025,寿司 EAST,sushi_east,発表日：2025年2月26日
小判寿司 棚倉,福島県東白川郡棚倉町大字棚倉字古町30-2,食べログ 寿司 EAST 百名店 2025,https://tabelog.com/fukushima/A0703/A070304/7000810/,https://www.google.com/maps/search/?api=1&query=%E5%B0%8F%E5%88%A4%E5%AF%BF%E5%8F%B8%20%E6%A3%9A%E5%80%89%20%E7%A6%8F%E5%B3%B6%E7%9C%8C%E6%9D%B1%E7%99%BD%E5%B7%9D%E9%83%A1%E6%A3%9A%E5%80%89%E7%94%BA%E5%A4%A7%E5%AD%97%E6%A3%9A%E5%80%89%E5%AD%97%E5%8F%A4%E7%94%BA30-2,37.0281564,140.3891505,2025,寿司 EAST,sushi_east,発表日：2025年2月26日
鮨 江なみ,宮城県仙台市青葉区国分町1丁目3-21 エビスヤパークサイド　1Ｆ,食べログ 寿司 EAST 百名店 2025,https://tabelog.com/miyagi/A0401/A040101/4002402/,https://www.google.com/maps/search/?api=1&query=%E9%AE%A8%20%E6%B1%9F%E3%81%AA%E3%81%BF%20%E5%AE%AE%E5%9F%8E%E7%9C%8C%E4%BB%99%E5%8F%B0%E5%B8%82%E9%9D%92%E8%91%89%E5%8C%BA%E5%9B%BD%E5%88%86%E7%94%BA1%E4%B8%81%E7%9B%AE3-21%20%E3%82%A8%E3%83%93%E3%82%B9%E3%83%A4%E3%83%91%E3%83%BC%E3%82%AF%E3%82%B5%E3%82%A4%E3%83%89%E3%80%801%EF%BC%A6,38.2609001,140.8692292,2025,寿司 EAST,sushi_east,発表日：2025年2月26日
鮨　あら田,秋田県秋田市新屋扇町5-2,食べログ 寿司 EAST 百名店 2025,https://tabelog.com/akita/A0501/A050101/5000861/,https://www.google.com/maps/search/?api=1&query=%E9%AE%A8%E3%80%80%E3%81%82%E3%82%89%E7%94%B0%20%E7%A7%8B%E7%94%B0%E7%9C%8C%E7%A7%8B%E7%94%B0%E5%B8%82%E6%96%B0%E5%B1%8B%E6%89%87%E7%94%BA5-2,39.6818831,140.0861787,2025,寿司 EAST,sushi_east,発表日：2025年2月26日
鮨 いとう,福島県いわき市平字南町73,食べログ 寿司 EAST 百名店 2025,https://tabelog.com/fukushima/A0704/A070401/7000924/,https://www.google.com/maps/search/?api=1&query=%E9%AE%A8%20%E3%81%84%E3%81%A8%E3%81%86%20%E7%A6%8F%E5%B3%B6%E7%9C%8C%E3%81%84%E3%82%8F%E3%81%8D%E5%B8%82%E5%B9%B3%E5%AD%97%E5%8D%97%E7%94%BA73,37.0547983,140.8905320,2025,寿司 EAST,sushi_east,発表日：2025年2月26日
すし蓑,宮城県仙台市青葉区国分町2-12-19,食べログ 寿司 EAST 百名店 2025,https://tabelog.com/miyagi/A0401/A040101/4000199/,https://www.google.com/maps/search/?api=1&query=%E3%81%99%E3%81%97%E8%93%91%20%E5%AE%AE%E5%9F%8E%E7%9C%8C%E4%BB%99%E5%8F%B0%E5%B8%82%E9%9D%92%E8%91%89%E5%8C%BA%E5%9B%BD%E5%88%86%E7%94%BA2-12-19,38.2648110,140.8686364,2025,寿司 EAST,sushi_east,発表日：2025年2月26日
寿し ひでたか,北海道札幌市中央区南7条西4-1-2 延寿ビル 1F,食べログ 寿司 EAST 百名店 2025,https://tabelog.com/hokkaido/A0101/A010103/1038603/,https://www.google.com/maps/search/?api=1&query=%E5%AF%BF%E3%81%97%20%E3%81%B2%E3%81%A7%E3%81%9F%E3%81%8B%20%E5%8C%97%E6%B5%B7%E9%81%93%E6%9C%AD%E5%B9%8C%E5%B8%82%E4%B8%AD%E5%A4%AE%E5%8C%BA%E5%8D%977%E6%9D%A1%E8%A5%BF4-1-2%20%E5%BB%B6%E5%AF%BF%E3%83%93%E3%83%AB%201F,43.0525576,141.3536420,2025,寿司 EAST,sushi_east,発表日：2025年2月26日
鮨 小じま,秋田県秋田市山王1-8-13,食べログ 寿司 EAST 百名店 2025,https://tabelog.com/akita/A0501/A050101/5010619/,https://www.google.com/maps/search/?api=1&query=%E9%AE%A8%20%E5%B0%8F%E3%81%98%E3%81%BE%20%E7%A7%8B%E7%94%B0%E7%9C%8C%E7%A7%8B%E7%94%B0%E5%B8%82%E5%B1%B1%E7%8E%8B1-8-13,39.7224163,140.1025789,2025,寿司 EAST,sushi_east,発表日：2025年2月26日
伊勢鮨,北海道小樽市稲穂3-15-3,食べログ 寿司 EAST 百名店 2025,https://tabelog.com/hokkaido/A0106/A010601/1000008/,https://www.google.com/maps/search/?api=1&query=%E4%BC%8A%E5%8B%A2%E9%AE%A8%20%E5%8C%97%E6%B5%B7%E9%81%93%E5%B0%8F%E6%A8%BD%E5%B8%82%E7%A8%B2%E7%A9%823-15-3,43.2006405,140.9954090,2025,寿司 EAST,sushi_east,発表日：2025年2月26日
鮨ノ蔵,北海道札幌市中央区南2条西4 乙井ビル B1F,食べログ 寿司 EAST 百名店 2025,https://tabelog.com/hokkaido/A0101/A010103/1045430/,https://www.google.com/maps/search/?api=1&query=%E9%AE%A8%E3%83%8E%E8%94%B5%20%E5%8C%97%E6%B5%B7%E9%81%93%E6%9C%AD%E5%B9%8C%E5%B8%82%E4%B8%AD%E5%A4%AE%E5%8C%BA%E5%8D%972%E6%9D%A1%E8%A5%BF4%20%E4%B9%99%E4%BA%95%E3%83%93%E3%83%AB%20B1F,43.0578331,141.3515780,2025,寿司 EAST,sushi_east,発表日：2025年2月26日
鮨 うえはら,青森県弘前市土手町31 土手町コミュニティーパーク ごちそうプラザ,食べログ 寿司 EAST 百名店 2025,https://tabelog.com/aomori/A0202/A020201/2007680/,https://www.google.com/maps/search/?api=1&query=%E9%AE%A8%20%E3%81%86%E3%81%88%E3%81%AF%E3%82%89%20%E9%9D%92%E6%A3%AE%E7%9C%8C%E5%BC%98%E5%89%8D%E5%B8%82%E5%9C%9F%E6%89%8B%E7%94%BA31%20%E5%9C%9F%E6%89%8B%E7%94%BA%E3%82%B3%E3%83%9F%E3%83%A5%E3%83%8B%E3%83%86%E3%82%A3%E3%83%BC%E3%83%91%E3%83%BC%E3%82%AF%20%E3%81%94%E3%81%A1%E3%81%9D%E3%81%86%E3%83%97%E3%83%A9%E3%82%B6,40.6021663,140.4715381,2025,寿司 EAST,sushi_east,発表日：2025年2月26日
あきたくらす,秋田県秋田市中通7-1-2 秋田駅ビル トピコ 2F,食べログ 立ち飲み 百名店 2025,https://tabelog.com/akita/A0501/A050101/5008033/,https://www.google.com/maps/search/?api=1&query=%E3%81%82%E3%81%8D%E3%81%9F%E3%81%8F%E3%82%89%E3%81%99%20%E7%A7%8B%E7%94%B0%E7%9C%8C%E7%A7%8B%E7%94%B0%E5%B8%82%E4%B8%AD%E9%80%9A7-1-2%20%E7%A7%8B%E7%94%B0%E9%A7%85%E3%83%93%E3%83%AB%20%E3%83%88%E3%83%94%E3%82%B3%202F,39.7168252,140.1293271,2025,立ち飲み,tachinomi,発表日：2025年9月17日
立ち飲み 円,山形県山形市香澄町1-6-1,食べログ 立ち飲み 百名店 2025,https://tabelog.com/yamagata/A0601/A060101/6010930/,https://www.google.com/maps/search/?api=1&query=%E7%AB%8B%E3%81%A1%E9%A3%B2%E3%81%BF%20%E5%86%86%20%E5%B1%B1%E5%BD%A2%E7%9C%8C%E5%B1%B1%E5%BD%A2%E5%B8%82%E9%A6%99%E6%BE%84%E7%94%BA1-6-1,38.2483238,140.3300640,2025,立ち飲み,tachinomi,発表日：2025年9月17日
天ぷら成,北海道札幌市中央区南四条西4-7 松岡ビル 1F 浪花亭,食べログ 天ぷら 百名店 2025,https://tabelog.com/hokkaido/A0101/A010103/1067374/,https://www.google.com/maps/search/?api=1&query=%E5%A4%A9%E3%81%B7%E3%82%89%E6%88%90%20%E5%8C%97%E6%B5%B7%E9%81%93%E6%9C%AD%E5%B9%8C%E5%B8%82%E4%B8%AD%E5%A4%AE%E5%8C%BA%E5%8D%97%E5%9B%9B%E6%9D%A1%E8%A5%BF4-7%20%E6%9D%BE%E5%B2%A1%E3%83%93%E3%83%AB%201F%20%E6%B5%AA%E8%8A%B1%E4%BA%AD,43.0559968,141.3526669,2025,天ぷら,tempura,発表日：2025年3月11日
つくも,山形県山形市成沢西1丁目1-23,食べログ 天ぷら 百名店 2025,https://tabelog.com/yamagata/A0601/A060101/6000521/,https://www.google.com/maps/search/?api=1&query=%E3%81%A4%E3%81%8F%E3%82%82%20%E5%B1%B1%E5%BD%A2%E7%9C%8C%E5%B1%B1%E5%BD%A2%E5%B8%82%E6%88%90%E6%B2%A2%E8%A5%BF1%E4%B8%81%E7%9B%AE1-23,38.2118928,140.3144445,2025,天ぷら,tempura,発表日：2025年3月11日
天ぷら　安住,宮城県仙台市青葉区国分町2-12-20 都ビル 1Ｆ,食べログ 天ぷら 百名店 2025,https://tabelog.com/miyagi/A0401/A040101/4010809/,https://www.google.com/maps/search/?api=1&query=%E5%A4%A9%E3%81%B7%E3%82%89%E3%80%80%E5%AE%89%E4%BD%8F%20%E5%AE%AE%E5%9F%8E%E7%9C%8C%E4%BB%99%E5%8F%B0%E5%B8%82%E9%9D%92%E8%91%89%E5%8C%BA%E5%9B%BD%E5%88%86%E7%94%BA2-12-20%20%E9%83%BD%E3%83%93%E3%83%AB%201%EF%BC%A6,38.2647947,140.8681329,2025,天ぷら,tempura,発表日：2025年3月11日
天ぷらあら木,北海道札幌市中央区南7条西4 延寿堂 1F,食べログ 天ぷら 百名店 2025,https://tabelog.com/hokkaido/A0101/A010103/1048079/,https://www.google.com/maps/search/?api=1&query=%E5%A4%A9%E3%81%B7%E3%82%89%E3%81%82%E3%82%89%E6%9C%A8%20%E5%8C%97%E6%B5%B7%E9%81%93%E6%9C%AD%E5%B9%8C%E5%B8%82%E4%B8%AD%E5%A4%AE%E5%8C%BA%E5%8D%977%E6%9D%A1%E8%A5%BF4%20%E5%BB%B6%E5%AF%BF%E5%A0%82%201F,43.0525128,141.3535891,2025,天ぷら,tempura,発表日：2025年3月11日
てんぷら ひら井,福島県福島市置賜町5-13 シルクビル　１Ｆ,食べログ 天ぷら 百名店 2025,https://tabelog.com/fukushima/A0701/A070101/7000216/,https://www.google.com/maps/search/?api=1&query=%E3%81%A6%E3%82%93%E3%81%B7%E3%82%89%20%E3%81%B2%E3%82%89%E4%BA%95%20%E7%A6%8F%E5%B3%B6%E7%9C%8C%E7%A6%8F%E5%B3%B6%E5%B8%82%E7%BD%AE%E8%B3%9C%E7%94%BA5-13%20%E3%82%B7%E3%83%AB%E3%82%AF%E3%83%93%E3%83%AB%E3%80%80%EF%BC%91%EF%BC%A6,37.7560346,140.4644025,2025,天ぷら,tempura,発表日：2025年3月11日
天ぷら 佐久間,福島県郡山市富田東1-379,食べログ 天ぷら 百名店 2025,https://tabelog.com/fukushima/A0702/A070201/7000013/,https://www.google.com/maps/search/?api=1&query=%E5%A4%A9%E3%81%B7%E3%82%89%20%E4%BD%90%E4%B9%85%E9%96%93%20%E7%A6%8F%E5%B3%B6%E7%9C%8C%E9%83%A1%E5%B1%B1%E5%B8%82%E5%AF%8C%E7%94%B0%E6%9D%B11-379,37.4176115,140.3654768,2025,天ぷら,tempura,発表日：2025年3月11日
しおや,福島県福島市上町2-14,食べログ 天ぷら 百名店 2025,https://tabelog.com/fukushima/A0701/A070101/7010902/,https://www.google.com/maps/search/?api=1&query=%E3%81%97%E3%81%8A%E3%82%84%20%E7%A6%8F%E5%B3%B6%E7%9C%8C%E7%A6%8F%E5%B3%B6%E5%B8%82%E4%B8%8A%E7%94%BA2-14,37.7540826,140.4686368,2025,天ぷら,tempura,発表日：2025年3月11日
天ぷら 正心庵,秋田県湯沢市稲庭町字稲庭81,食べログ 天ぷら 百名店 2025,https://tabelog.com/akita/A0505/A050502/5008667/,https://www.google.com/maps/search/?api=1&query=%E5%A4%A9%E3%81%B7%E3%82%89%20%E6%AD%A3%E5%BF%83%E5%BA%B5%20%E7%A7%8B%E7%94%B0%E7%9C%8C%E6%B9%AF%E6%B2%A2%E5%B8%82%E7%A8%B2%E5%BA%AD%E7%94%BA%E5%AD%97%E7%A8%B2%E5%BA%AD81,39.1070260,140.5829306,2025,天ぷら,tempura,発表日：2025年3月11日
秋田 てんぷら みかわ,秋田県秋田市大町4-4-4,食べログ 天ぷら 百名店 2025,https://tabelog.com/akita/A0501/A050101/5007142/,https://www.google.com/maps/search/?api=1&query=%E7%A7%8B%E7%94%B0%20%E3%81%A6%E3%82%93%E3%81%B7%E3%82%89%20%E3%81%BF%E3%81%8B%E3%82%8F%20%E7%A7%8B%E7%94%B0%E7%9C%8C%E7%A7%8B%E7%94%B0%E5%B8%82%E5%A4%A7%E7%94%BA4-4-4,39.7166574,140.1140997,2025,天ぷら,tempura,発表日：2025年3月11日
河島,山形県山形市七日町3-2-25 北斗ビル　１Ｆ,食べログ 鳥料理 百名店 2025,https://tabelog.com/yamagata/A0601/A060101/6000145/,https://www.google.com/maps/search/?api=1&query=%E6%B2%B3%E5%B3%B6%20%E5%B1%B1%E5%BD%A2%E7%9C%8C%E5%B1%B1%E5%BD%A2%E5%B8%82%E4%B8%83%E6%97%A5%E7%94%BA3-2-25%20%E5%8C%97%E6%96%97%E3%83%93%E3%83%AB%E3%80%80%EF%BC%91%EF%BC%A6,38.2537168,140.3412401,2025,鳥料理,toriryori,発表日：2025年10月28日
小野木,北海道旭川市東旭川北一条6-10-27,食べログ 鳥料理 百名店 2025,https://tabelog.com/hokkaido/A0104/A010401/1000796/,https://www.google.com/maps/search/?api=1&query=%E5%B0%8F%E9%87%8E%E6%9C%A8%20%E5%8C%97%E6%B5%B7%E9%81%93%E6%97%AD%E5%B7%9D%E5%B8%82%E6%9D%B1%E6%97%AD%E5%B7%9D%E5%8C%97%E4%B8%80%E6%9D%A16-10-27,43.7708041,142.4434476,2025,鳥料理,toriryori,発表日：2025年10月28日
やまさ和,北海道札幌市中央区南1条西12-4-85,食べログ 鳥料理 百名店 2025,https://tabelog.com/hokkaido/A0101/A010102/1069668/,https://www.google.com/maps/search/?api=1&query=%E3%82%84%E3%81%BE%E3%81%95%E5%92%8C%20%E5%8C%97%E6%B5%B7%E9%81%93%E6%9C%AD%E5%B9%8C%E5%B8%82%E4%B8%AD%E5%A4%AE%E5%8C%BA%E5%8D%971%E6%9D%A1%E8%A5%BF12-4-85,43.0573363,141.3392777,2025,鳥料理,toriryori,発表日：2025年10月28日
るこっく,北海道札幌市中央区南4条西1-4,食べログ 鳥料理 百名店 2025,https://tabelog.com/hokkaido/A0101/A010103/1044227/,https://www.google.com/maps/search/?api=1&query=%E3%82%8B%E3%81%93%E3%81%A3%E3%81%8F%20%E5%8C%97%E6%B5%B7%E9%81%93%E6%9C%AD%E5%B9%8C%E5%B8%82%E4%B8%AD%E5%A4%AE%E5%8C%BA%E5%8D%974%E6%9D%A1%E8%A5%BF1-4,43.0564793,141.3570760,2025,鳥料理,toriryori,発表日：2025年10月28日
秋田比内や 大館本店,秋田県大館市字大町21,食べログ 鳥料理 百名店 2025,https://tabelog.com/akita/A0502/A050201/5000030/,https://www.google.com/maps/search/?api=1&query=%E7%A7%8B%E7%94%B0%E6%AF%94%E5%86%85%E3%82%84%20%E5%A4%A7%E9%A4%A8%E6%9C%AC%E5%BA%97%20%E7%A7%8B%E7%94%B0%E7%9C%8C%E5%A4%A7%E9%A4%A8%E5%B8%82%E5%AD%97%E5%A4%A7%E7%94%BA21,40.2707218,140.5593424,2025,鳥料理,toriryori,発表日：2025年10月28日
とぶ,秋田県横手市大町5-33 桧山ビル 1F,食べログ 鳥料理 百名店 2025,https://tabelog.com/akita/A0505/A050501/5006730/,https://www.google.com/maps/search/?api=1&query=%E3%81%A8%E3%81%B6%20%E7%A7%8B%E7%94%B0%E7%9C%8C%E6%A8%AA%E6%89%8B%E5%B8%82%E5%A4%A7%E7%94%BA5-33%20%E6%A1%A7%E5%B1%B1%E3%83%93%E3%83%AB%201F,39.3146186,140.5680325,2025,鳥料理,toriryori,発表日：2025年10月28日
秋田牛玄亭 駅前本店,秋田県秋田市中通2-6-44 2F,食べログ 焼肉 EAST 百名店 2025,https://tabelog.com/akita/A0501/A050101/5004372/,https://www.google.com/maps/search/?api=1&query=%E7%A7%8B%E7%94%B0%E7%89%9B%E7%8E%84%E4%BA%AD%20%E9%A7%85%E5%89%8D%E6%9C%AC%E5%BA%97%20%E7%A7%8B%E7%94%B0%E7%9C%8C%E7%A7%8B%E7%94%B0%E5%B8%82%E4%B8%AD%E9%80%9A2-6-44%202F,39.7166907,140.1261233,2025,焼肉 EAST,yakiniku_east,発表日：2025年10月15日
炭火焼肉 ぐら 塩釜本店,宮城県塩竈市尾島町22-5,食べログ 焼肉 EAST 百名店 2025,https://tabelog.com/miyagi/A0404/A040404/4008582/,https://www.google.com/maps/search/?api=1&query=%E7%82%AD%E7%81%AB%E7%84%BC%E8%82%89%20%E3%81%90%E3%82%89%20%E5%A1%A9%E9%87%9C%E6%9C%AC%E5%BA%97%20%E5%AE%AE%E5%9F%8E%E7%9C%8C%E5%A1%A9%E7%AB%88%E5%B8%82%E5%B0%BE%E5%B3%B6%E7%94%BA22-5,38.3151177,141.0255602,2025,焼肉 EAST,yakiniku_east,発表日：2025年10月15日
焼肉 グルマンズいとう,北海道札幌市中央区南3条西3-8 克美ビル 1F,食べログ 焼肉 EAST 百名店 2025,https://tabelog.com/hokkaido/A0101/A010103/1068431/,https://www.google.com/maps/search/?api=1&query=%E7%84%BC%E8%82%89%20%E3%82%B0%E3%83%AB%E3%83%9E%E3%83%B3%E3%82%BA%E3%81%84%E3%81%A8%E3%81%86%20%E5%8C%97%E6%B5%B7%E9%81%93%E6%9C%AD%E5%B9%8C%E5%B8%82%E4%B8%AD%E5%A4%AE%E5%8C%BA%E5%8D%973%E6%9D%A1%E8%A5%BF3-8%20%E5%85%8B%E7%BE%8E%E3%83%93%E3%83%AB%201F,43.0563067,141.3537052,2025,焼肉 EAST,yakiniku_east,発表日：2025年10月15日
炭火焼肉 ホルモン にく式,北海道札幌市北区北39条西5-1-8,食べログ 焼肉 EAST 百名店 2025,https://tabelog.com/hokkaido/A0101/A010201/1060867/,https://www.google.com/maps/search/?api=1&query=%E7%82%AD%E7%81%AB%E7%84%BC%E8%82%89%20%E3%83%9B%E3%83%AB%E3%83%A2%E3%83%B3%20%E3%81%AB%E3%81%8F%E5%BC%8F%20%E5%8C%97%E6%B5%B7%E9%81%93%E6%9C%AD%E5%B9%8C%E5%B8%82%E5%8C%97%E5%8C%BA%E5%8C%9739%E6%9D%A1%E8%A5%BF5-1-8,43.1066831,141.3381388,2025,焼肉 EAST,yakiniku_east,発表日：2025年10月15日
焼肉みよし,山形県米沢市駅前3-2-23,食べログ 焼肉 EAST 百名店 2025,https://tabelog.com/yamagata/A0602/A060201/6004247/,https://www.google.com/maps/search/?api=1&query=%E7%84%BC%E8%82%89%E3%81%BF%E3%82%88%E3%81%97%20%E5%B1%B1%E5%BD%A2%E7%9C%8C%E7%B1%B3%E6%B2%A2%E5%B8%82%E9%A7%85%E5%89%8D3-2-23,37.9100967,140.1264304,2025,焼肉 EAST,yakiniku_east,発表日：2025年10月15日
トトリ 本店,北海道札幌市中央区南五条西7,食べログ 焼肉 EAST 百名店 2025,https://tabelog.com/hokkaido/A0101/A010103/1000023/,https://www.google.com/maps/search/?api=1&query=%E3%83%88%E3%83%88%E3%83%AA%20%E6%9C%AC%E5%BA%97%20%E5%8C%97%E6%B5%B7%E9%81%93%E6%9C%AD%E5%B9%8C%E5%B8%82%E4%B8%AD%E5%A4%AE%E5%8C%BA%E5%8D%97%E4%BA%94%E6%9D%A1%E8%A5%BF7,43.0534416,141.3479390,2025,焼肉 EAST,yakiniku_east,発表日：2025年10月15日
焼肉名匠 山牛 山形店,山形県山形市旅籠町1-8-15,食べログ 焼肉 EAST 百名店 2025,https://tabelog.com/yamagata/A0601/A060101/6009409/,https://www.google.com/maps/search/?api=1&query=%E7%84%BC%E8%82%89%E5%90%8D%E5%8C%A0%20%E5%B1%B1%E7%89%9B%20%E5%B1%B1%E5%BD%A2%E5%BA%97%20%E5%B1%B1%E5%BD%A2%E7%9C%8C%E5%B1%B1%E5%BD%A2%E5%B8%82%E6%97%85%E7%B1%A0%E7%94%BA1-8-15,38.2549098,140.3356764,2025,焼肉 EAST,yakiniku_east,発表日：2025年10月15日
牛刺しと焼肉 仔虎 クリスロード店,宮城県仙台市青葉区中央2-3-18 B1F,食べログ 焼肉 EAST 百名店 2025,https://tabelog.com/miyagi/A0401/A040101/4020439/,https://www.google.com/maps/search/?api=1&query=%E7%89%9B%E5%88%BA%E3%81%97%E3%81%A8%E7%84%BC%E8%82%89%20%E4%BB%94%E8%99%8E%20%E3%82%AF%E3%83%AA%E3%82%B9%E3%83%AD%E3%83%BC%E3%83%89%E5%BA%97%20%E5%AE%AE%E5%9F%8E%E7%9C%8C%E4%BB%99%E5%8F%B0%E5%B8%82%E9%9D%92%E8%91%89%E5%8C%BA%E4%B8%AD%E5%A4%AE2-3-18%20B1F,38.2608820,140.8750469,2025,焼肉 EAST,yakiniku_east,発表日：2025年10月15日
炭火焼肉生ホルモン処 しょうちゃん,秋田県秋田市大町5-2-7 1F,食べログ 焼肉 EAST 百名店 2025,https://tabelog.com/akita/A0501/A050101/5009470/,https://www.google.com/maps/search/?api=1&query=%E7%82%AD%E7%81%AB%E7%84%BC%E8%82%89%E7%94%9F%E3%83%9B%E3%83%AB%E3%83%A2%E3%83%B3%E5%87%A6%20%E3%81%97%E3%82%87%E3%81%86%E3%81%A1%E3%82%83%E3%82%93%20%E7%A7%8B%E7%94%B0%E7%9C%8C%E7%A7%8B%E7%94%B0%E5%B8%82%E5%A4%A7%E7%94%BA5-2-7%201F,39.7148168,140.1161891,2025,焼肉 EAST,yakiniku_east,発表日：2025年10月15日
ほるもん猿,秋田県秋田市中通り6-12-13,食べログ 焼肉 EAST 百名店 2025,https://tabelog.com/akita/A0501/A050101/5004381/,https://www.google.com/maps/search/?api=1&query=%E3%81%BB%E3%82%8B%E3%82%82%E3%82%93%E7%8C%BF%20%E7%A7%8B%E7%94%B0%E7%9C%8C%E7%A7%8B%E7%94%B0%E5%B8%82%E4%B8%AD%E9%80%9A%E3%82%8A6-12-13,39.7134407,140.1266413,2025,焼肉 EAST,yakiniku_east,発表日：2025年10月15日
塩ホルモン 炭楽,秋田県大仙市大曲通町3-17,食べログ 焼肉 EAST 百名店 2025,https://tabelog.com/akita/A0504/A050402/5000442/,https://www.google.com/maps/search/?api=1&query=%E5%A1%A9%E3%83%9B%E3%83%AB%E3%83%A2%E3%83%B3%20%E7%82%AD%E6%A5%BD%20%E7%A7%8B%E7%94%B0%E7%9C%8C%E5%A4%A7%E4%BB%99%E5%B8%82%E5%A4%A7%E6%9B%B2%E9%80%9A%E7%94%BA3-17,39.4647424,140.4794095,2025,焼肉 EAST,yakiniku_east,発表日：2025年10月15日
NIKUSYO taku ohira,北海道札幌市中央区南5条西4 第20桂和ビル 1F,食べログ 焼肉 EAST 百名店 2025,https://tabelog.com/hokkaido/A0101/A010103/1046794/,https://www.google.com/maps/search/?api=1&query=NIKUSYO%20taku%20ohira%20%E5%8C%97%E6%B5%B7%E9%81%93%E6%9C%AD%E5%B9%8C%E5%B8%82%E4%B8%AD%E5%A4%AE%E5%8C%BA%E5%8D%975%E6%9D%A1%E8%A5%BF4%20%E7%AC%AC20%E6%A1%82%E5%92%8C%E3%83%93%E3%83%AB%201F,43.0538896,141.3527728,2025,焼肉 EAST,yakiniku_east,発表日：2025年10月15日
春美可,北海道札幌市中央区南2条西9-3-31 ケンタクビル29 1F,食べログ 焼肉 EAST 百名店 2025,https://tabelog.com/hokkaido/A0101/A010102/1056834/,https://www.google.com/maps/search/?api=1&query=%E6%98%A5%E7%BE%8E%E5%8F%AF%20%E5%8C%97%E6%B5%B7%E9%81%93%E6%9C%AD%E5%B9%8C%E5%B8%82%E4%B8%AD%E5%A4%AE%E5%8C%BA%E5%8D%972%E6%9D%A1%E8%A5%BF9-3-31%20%E3%82%B1%E3%83%B3%E3%82%BF%E3%82%AF%E3%83%93%E3%83%AB29%201F,43.0567547,141.3435418,2025,焼肉 EAST,yakiniku_east,発表日：2025年10月15日
食道園,岩手県盛岡市大通1-8-2,食べログ 焼肉 EAST 百名店 2025,https://tabelog.com/iwate/A0301/A030101/3000025/,https://www.google.com/maps/search/?api=1&query=%E9%A3%9F%E9%81%93%E5%9C%92%20%E5%B2%A9%E6%89%8B%E7%9C%8C%E7%9B%9B%E5%B2%A1%E5%B8%82%E5%A4%A7%E9%80%9A1-8-2,39.7033238,141.1481969,2025,焼肉 EAST,yakiniku_east,発表日：2025年10月15日
炭火焼肉 だいじゅん,青森県青森市堤町2-22-32,食べログ 焼肉 EAST 百名店 2025,https://tabelog.com/aomori/A0201/A020101/2007966/,https://www.google.com/maps/search/?api=1&query=%E7%82%AD%E7%81%AB%E7%84%BC%E8%82%89%20%E3%81%A0%E3%81%84%E3%81%98%E3%82%85%E3%82%93%20%E9%9D%92%E6%A3%AE%E7%9C%8C%E9%9D%92%E6%A3%AE%E5%B8%82%E5%A0%A4%E7%94%BA2-22-32,40.8235636,140.7595516,2025,焼肉 EAST,yakiniku_east,発表日：2025年10月15日
米沢牛焼肉 仔虎 仙台駅前店,宮城県仙台市青葉区中央1-6-1 Herb SENDAI 8F,食べログ 焼肉 EAST 百名店 2025,https://tabelog.com/miyagi/A0401/A040101/4003320/,https://www.google.com/maps/search/?api=1&query=%E7%B1%B3%E6%B2%A2%E7%89%9B%E7%84%BC%E8%82%89%20%E4%BB%94%E8%99%8E%20%E4%BB%99%E5%8F%B0%E9%A7%85%E5%89%8D%E5%BA%97%20%E5%AE%AE%E5%9F%8E%E7%9C%8C%E4%BB%99%E5%8F%B0%E5%B8%82%E9%9D%92%E8%91%89%E5%8C%BA%E4%B8%AD%E5%A4%AE1-6-1%20Herb%20SENDAI%208F,38.2627036,140.8803375,2025,焼肉 EAST,yakiniku_east,発表日：2025年10月15日
おまる商店,北海道札幌市中央区南六条西3 有馬ビル2F,食べログ 焼肉 EAST 百名店 2025,https://tabelog.com/hokkaido/A0101/A010103/1025712/,https://www.google.com/maps/search/?api=1&query=%E3%81%8A%E3%81%BE%E3%82%8B%E5%95%86%E5%BA%97%20%E5%8C%97%E6%B5%B7%E9%81%93%E6%9C%AD%E5%B9%8C%E5%B8%82%E4%B8%AD%E5%A4%AE%E5%8C%BA%E5%8D%97%E5%85%AD%E6%9D%A1%E8%A5%BF3%20%E6%9C%89%E9%A6%AC%E3%83%93%E3%83%AB2F,43.0538280,141.3548281,2025,焼肉 EAST,yakiniku_east,発表日：2025年10月15日
米沢牛・焼肉 さかの,山形県米沢市中央3-4-21,食べログ 焼肉 EAST 百名店 2025,https://tabelog.com/yamagata/A0602/A060201/6010943/,https://www.google.com/maps/search/?api=1&query=%E7%B1%B3%E6%B2%A2%E7%89%9B%E3%83%BB%E7%84%BC%E8%82%89%20%E3%81%95%E3%81%8B%E3%81%AE%20%E5%B1%B1%E5%BD%A2%E7%9C%8C%E7%B1%B3%E6%B2%A2%E5%B8%82%E4%B8%AD%E5%A4%AE3-4-21,37.9149712,140.1118510,2025,焼肉 EAST,yakiniku_east,発表日：2025年10月15日
秋田牛玄亭 山王別館,秋田県秋田市山王3-1-33,食べログ 焼肉 EAST 百名店 2025,https://tabelog.com/akita/A0501/A050101/5006266/,https://www.google.com/maps/search/?api=1&query=%E7%A7%8B%E7%94%B0%E7%89%9B%E7%8E%84%E4%BA%AD%20%E5%B1%B1%E7%8E%8B%E5%88%A5%E9%A4%A8%20%E7%A7%8B%E7%94%B0%E7%9C%8C%E7%A7%8B%E7%94%B0%E5%B8%82%E5%B1%B1%E7%8E%8B3-1-33,39.7171115,140.1073056,2025,焼肉 EAST,yakiniku_east,発表日：2025年10月15日
タカラヤ,秋田県秋田市山王1-6-7,食べログ 焼肉 EAST 百名店 2025,https://tabelog.com/akita/A0501/A050101/5001305/,https://www.google.com/maps/search/?api=1&query=%E3%82%BF%E3%82%AB%E3%83%A9%E3%83%A4%20%E7%A7%8B%E7%94%B0%E7%9C%8C%E7%A7%8B%E7%94%B0%E5%B8%82%E5%B1%B1%E7%8E%8B1-6-7,39.7222296,140.1016289,2025,焼肉 EAST,yakiniku_east,発表日：2025年10月15日
焼肉せがわ,岩手県盛岡市本町通1-16-33,食べログ 焼肉 EAST 百名店 2025,https://tabelog.com/iwate/A0301/A030101/3000295/,https://www.google.com/maps/search/?api=1&query=%E7%84%BC%E8%82%89%E3%81%9B%E3%81%8C%E3%82%8F%20%E5%B2%A9%E6%89%8B%E7%9C%8C%E7%9B%9B%E5%B2%A1%E5%B8%82%E6%9C%AC%E7%94%BA%E9%80%9A1-16-33,39.7066344,141.1531250,2025,焼肉 EAST,yakiniku_east,発表日：2025年10月15日
北海道焼肉 北うし,北海道札幌市中央区南六条西4-5-7,食べログ 焼肉 EAST 百名店 2025,https://tabelog.com/hokkaido/A0101/A010103/1069943/,https://www.google.com/maps/search/?api=1&query=%E5%8C%97%E6%B5%B7%E9%81%93%E7%84%BC%E8%82%89%20%E5%8C%97%E3%81%86%E3%81%97%20%E5%8C%97%E6%B5%B7%E9%81%93%E6%9C%AD%E5%B9%8C%E5%B8%82%E4%B8%AD%E5%A4%AE%E5%8C%BA%E5%8D%97%E5%85%AD%E6%9D%A1%E8%A5%BF4-5-7,43.0538066,141.3535372,2025,焼肉 EAST,yakiniku_east,発表日：2025年10月15日
炭火焼肉ぐら 仙台朝市駅前店,宮城県仙台市青葉区中央4-3-1 東四市場 1F,食べログ 焼肉 EAST 百名店 2025,https://tabelog.com/miyagi/A0401/A040101/4019691/,https://www.google.com/maps/search/?api=1&query=%E7%82%AD%E7%81%AB%E7%84%BC%E8%82%89%E3%81%90%E3%82%89%20%E4%BB%99%E5%8F%B0%E6%9C%9D%E5%B8%82%E9%A7%85%E5%89%8D%E5%BA%97%20%E5%AE%AE%E5%9F%8E%E7%9C%8C%E4%BB%99%E5%8F%B0%E5%B8%82%E9%9D%92%E8%91%89%E5%8C%BA%E4%B8%AD%E5%A4%AE4-3-1%20%E6%9D%B1%E5%9B%9B%E5%B8%82%E5%A0%B4%201F,38.2586398,140.8789034,2025,焼肉 EAST,yakiniku_east,発表日：2025年10月15日
炭火焼肉 久,秋田県秋田市中通4-17-15 1Ｆ,食べログ 焼肉 EAST 百名店 2025,https://tabelog.com/akita/A0501/A050101/5009110/,https://www.google.com/maps/search/?api=1&query=%E7%82%AD%E7%81%AB%E7%84%BC%E8%82%89%20%E4%B9%85%20%E7%A7%8B%E7%94%B0%E7%9C%8C%E7%A7%8B%E7%94%B0%E5%B8%82%E4%B8%AD%E9%80%9A4-17-15%201%EF%BC%A6,39.7144844,140.1281735,2025,焼肉 EAST,yakiniku_east,発表日：2025年10月15日
池田ファーム,青森県三戸郡田子町田子池振外平11,食べログ 焼肉 EAST 百名店 2025,https://tabelog.com/aomori/A0203/A020302/2000473/,https://www.google.com/maps/search/?api=1&query=%E6%B1%A0%E7%94%B0%E3%83%95%E3%82%A1%E3%83%BC%E3%83%A0%20%E9%9D%92%E6%A3%AE%E7%9C%8C%E4%B8%89%E6%88%B8%E9%83%A1%E7%94%B0%E5%AD%90%E7%94%BA%E7%94%B0%E5%AD%90%E6%B1%A0%E6%8C%AF%E5%A4%96%E5%B9%B311,40.3456316,141.1380838,2025,焼肉 EAST,yakiniku_east,発表日：2025年10月15日
仙台牛焼肉 花牛,宮城県仙台市青葉区一番町1-9-1 トラストシティプラザ 2F,食べログ 焼肉 EAST 百名店 2025,https://tabelog.com/miyagi/A0401/A040101/4000133/,https://www.google.com/maps/search/?api=1&query=%E4%BB%99%E5%8F%B0%E7%89%9B%E7%84%BC%E8%82%89%20%E8%8A%B1%E7%89%9B%20%E5%AE%AE%E5%9F%8E%E7%9C%8C%E4%BB%99%E5%8F%B0%E5%B8%82%E9%9D%92%E8%91%89%E5%8C%BA%E4%B8%80%E7%95%AA%E7%94%BA1-9-1%20%E3%83%88%E3%83%A9%E3%82%B9%E3%83%88%E3%82%B7%E3%83%86%E3%82%A3%E3%83%97%E3%83%A9%E3%82%B6%202F,38.2566111,140.8762522,2025,焼肉 EAST,yakiniku_east,発表日：2025年10月15日
すすきの焼肉きらく,北海道札幌市中央区南六条西5-3-6 THE SUSUKINO SQUARE WEST 2F,食べログ 焼肉 EAST 百名店 2025,https://tabelog.com/hokkaido/A0101/A010103/1077075/,https://www.google.com/maps/search/?api=1&query=%E3%81%99%E3%81%99%E3%81%8D%E3%81%AE%E7%84%BC%E8%82%89%E3%81%8D%E3%82%89%E3%81%8F%20%E5%8C%97%E6%B5%B7%E9%81%93%E6%9C%AD%E5%B9%8C%E5%B8%82%E4%B8%AD%E5%A4%AE%E5%8C%BA%E5%8D%97%E5%85%AD%E6%9D%A1%E8%A5%BF5-3-6%20THE%20SUSUKINO%20SQUARE%20WEST%202F,43.0527420,141.3518774,2025,焼肉 EAST,yakiniku_east,発表日：2025年10月15日
龍園,岩手県奥州市水沢袋町2-11,食べログ 焼肉 EAST 百名店 2025,https://tabelog.com/iwate/A0303/A030302/3000006/,https://www.google.com/maps/search/?api=1&query=%E9%BE%8D%E5%9C%92%20%E5%B2%A9%E6%89%8B%E7%9C%8C%E5%A5%A5%E5%B7%9E%E5%B8%82%E6%B0%B4%E6%B2%A2%E8%A2%8B%E7%94%BA2-11,39.1368724,141.1424082,2025,焼肉 EAST,yakiniku_east,発表日：2025年10月15日
盛楼閣,岩手県盛岡市盛岡駅前通15-5 ワールドインＧＥＮプラザ　２Ｆ,食べログ 焼肉 EAST 百名店 2025,https://tabelog.com/iwate/A0301/A030101/3000020/,https://www.google.com/maps/search/?api=1&query=%E7%9B%9B%E6%A5%BC%E9%96%A3%20%E5%B2%A9%E6%89%8B%E7%9C%8C%E7%9B%9B%E5%B2%A1%E5%B8%82%E7%9B%9B%E5%B2%A1%E9%A7%85%E5%89%8D%E9%80%9A15-5%20%E3%83%AF%E3%83%BC%E3%83%AB%E3%83%89%E3%82%A4%E3%83%B3%EF%BC%A7%EF%BC%A5%EF%BC%AE%E3%83%97%E3%83%A9%E3%82%B6%E3%80%80%EF%BC%92%EF%BC%A6,39.7028397,141.1366071,2025,焼肉 EAST,yakiniku_east,発表日：2025年10月15日
焼肉ホルモン 風土.,北海道札幌市中央区南六条西4-5-7,食べログ 焼肉 EAST 百名店 2025,https://tabelog.com/hokkaido/A0101/A010103/1068608/,https://www.google.com/maps/search/?api=1&query=%E7%84%BC%E8%82%89%E3%83%9B%E3%83%AB%E3%83%A2%E3%83%B3%20%E9%A2%A8%E5%9C%9F.%20%E5%8C%97%E6%B5%B7%E9%81%93%E6%9C%AD%E5%B9%8C%E5%B8%82%E4%B8%AD%E5%A4%AE%E5%8C%BA%E5%8D%97%E5%85%AD%E6%9D%A1%E8%A5%BF4-5-7,43.0537735,141.3535239,2025,焼肉 EAST,yakiniku_east,発表日：2025年10月15日
比内地鶏串 Sot l'y laisse,秋田県秋田市南通亀の町3-44 川原田ビル 1F,食べログ 焼き鳥 EAST 百名店 2025,https://tabelog.com/akita/A0501/A050101/5010335/,https://www.google.com/maps/search/?api=1&query=%E6%AF%94%E5%86%85%E5%9C%B0%E9%B6%8F%E4%B8%B2%20Sot%20l%27y%20laisse%20%E7%A7%8B%E7%94%B0%E7%9C%8C%E7%A7%8B%E7%94%B0%E5%B8%82%E5%8D%97%E9%80%9A%E4%BA%80%E3%81%AE%E7%94%BA3-44%20%E5%B7%9D%E5%8E%9F%E7%94%B0%E3%83%93%E3%83%AB%201F,39.7112223,140.1166032,2025,焼き鳥 EAST,yakitori_east,発表日：2025年11月11日
hou,宮城県仙台市青葉区一番町2-3-3 J-BOXビル 3F,食べログ 焼き鳥 EAST 百名店 2025,https://tabelog.com/miyagi/A0401/A040101/4023532/,https://www.google.com/maps/search/?api=1&query=hou%20%E5%AE%AE%E5%9F%8E%E7%9C%8C%E4%BB%99%E5%8F%B0%E5%B8%82%E9%9D%92%E8%91%89%E5%8C%BA%E4%B8%80%E7%95%AA%E7%94%BA2-3-3%20J-BOX%E3%83%93%E3%83%AB%203F,38.2591456,140.8738037,2025,焼き鳥 EAST,yakitori_east,発表日：2025年11月11日
むなかた屋,福島県郡山市駅前1-9-5 NATURE倶楽部 1F,食べログ 焼き鳥 EAST 百名店 2025,https://tabelog.com/fukushima/A0702/A070201/7000795/,https://www.google.com/maps/search/?api=1&query=%E3%82%80%E3%81%AA%E3%81%8B%E3%81%9F%E5%B1%8B%20%E7%A6%8F%E5%B3%B6%E7%9C%8C%E9%83%A1%E5%B1%B1%E5%B8%82%E9%A7%85%E5%89%8D1-9-5%20NATURE%E5%80%B6%E6%A5%BD%E9%83%A8%201F,37.3964212,140.3864402,2025,焼き鳥 EAST,yakitori_east,発表日：2025年11月11日
焼鳥 ひげぼうず,北海道札幌市中央区南五条西6-4 多田ビル 1F,食べログ 焼き鳥 EAST 百名店 2025,https://tabelog.com/hokkaido/A0101/A010103/1070763/,https://www.google.com/maps/search/?api=1&query=%E7%84%BC%E9%B3%A5%20%E3%81%B2%E3%81%92%E3%81%BC%E3%81%86%E3%81%9A%20%E5%8C%97%E6%B5%B7%E9%81%93%E6%9C%AD%E5%B9%8C%E5%B8%82%E4%B8%AD%E5%A4%AE%E5%8C%BA%E5%8D%97%E4%BA%94%E6%9D%A1%E8%A5%BF6-4%20%E5%A4%9A%E7%94%B0%E3%83%93%E3%83%AB%201F,43.0537171,141.3499727,2025,焼き鳥 EAST,yakitori_east,発表日：2025年11月11日
そね田やきとりや,山形県山形市香澄町1-18-8,食べログ 焼き鳥 EAST 百名店 2025,https://tabelog.com/yamagata/A0601/A060101/6004772/,https://www.google.com/maps/search/?api=1&query=%E3%81%9D%E3%81%AD%E7%94%B0%E3%82%84%E3%81%8D%E3%81%A8%E3%82%8A%E3%82%84%20%E5%B1%B1%E5%BD%A2%E7%9C%8C%E5%B1%B1%E5%BD%A2%E5%B8%82%E9%A6%99%E6%BE%84%E7%94%BA1-18-8,38.2509816,140.3294727,2025,焼き鳥 EAST,yakitori_east,発表日：2025年11月11日
鶏けん,福島県福島市栄町12-1 第1寿ビル1F,食べログ 焼き鳥 EAST 百名店 2025,https://tabelog.com/fukushima/A0701/A070101/7000904/,https://www.google.com/maps/search/?api=1&query=%E9%B6%8F%E3%81%91%E3%82%93%20%E7%A6%8F%E5%B3%B6%E7%9C%8C%E7%A6%8F%E5%B3%B6%E5%B8%82%E6%A0%84%E7%94%BA12-1%20%E7%AC%AC1%E5%AF%BF%E3%83%93%E3%83%AB1F,37.7544670,140.4627805,2025,焼き鳥 EAST,yakitori_east,発表日：2025年11月11日
鳥好,秋田県秋田市中通4-11-5 栄ビル 1F,食べログ 焼き鳥 EAST 百名店 2025,https://tabelog.com/akita/A0501/A050101/5007853/,https://www.google.com/maps/search/?api=1&query=%E9%B3%A5%E5%A5%BD%20%E7%A7%8B%E7%94%B0%E7%9C%8C%E7%A7%8B%E7%94%B0%E5%B8%82%E4%B8%AD%E9%80%9A4-11-5%20%E6%A0%84%E3%83%93%E3%83%AB%201F,39.7154927,140.1264237,2025,焼き鳥 EAST,yakitori_east,発表日：2025年11月11日
sou,宮城県仙台市青葉区一番町1-1-8 青葉パークビル B1F,食べログ 焼き鳥 EAST 百名店 2025,https://tabelog.com/miyagi/A0401/A040101/4027171/,https://www.google.com/maps/search/?api=1&query=sou%20%E5%AE%AE%E5%9F%8E%E7%9C%8C%E4%BB%99%E5%8F%B0%E5%B8%82%E9%9D%92%E8%91%89%E5%8C%BA%E4%B8%80%E7%95%AA%E7%94%BA1-1-8%20%E9%9D%92%E8%91%89%E3%83%91%E3%83%BC%E3%82%AF%E3%83%93%E3%83%AB%20B1F,38.2579175,140.8757621,2025,焼き鳥 EAST,yakitori_east,発表日：2025年11月11日
源氏,福島県郡山市駅前1-5-3 源氏ビル2F,食べログ 洋食 EAST 百名店 2025,https://tabelog.com/fukushima/A0702/A070201/7001189/,https://www.google.com/maps/search/?api=1&query=%E6%BA%90%E6%B0%8F%20%E7%A6%8F%E5%B3%B6%E7%9C%8C%E9%83%A1%E5%B1%B1%E5%B8%82%E9%A7%85%E5%89%8D1-5-3%20%E6%BA%90%E6%B0%8F%E3%83%93%E3%83%AB2F,37.3974835,140.3858832,2025,洋食 EAST,yoshoku_east,発表日：2025年6月24日
洋食コノヨシ 清田区北野店,北海道札幌市清田区北野7条2-5-5 第2おおたビル 1F,食べログ 洋食 EAST 百名店 2025,https://tabelog.com/hokkaido/A0101/A010301/1070618/,https://www.google.com/maps/search/?api=1&query=%E6%B4%8B%E9%A3%9F%E3%82%B3%E3%83%8E%E3%83%A8%E3%82%B7%20%E6%B8%85%E7%94%B0%E5%8C%BA%E5%8C%97%E9%87%8E%E5%BA%97%20%E5%8C%97%E6%B5%B7%E9%81%93%E6%9C%AD%E5%B9%8C%E5%B8%82%E6%B8%85%E7%94%B0%E5%8C%BA%E5%8C%97%E9%87%8E7%E6%9D%A12-5-5%20%E7%AC%AC2%E3%81%8A%E3%81%8A%E3%81%9F%E3%83%93%E3%83%AB%201F,43.0245670,141.4372515,2025,洋食 EAST,yoshoku_east,発表日：2025年6月24日
リンカーン,福島県福島市飯坂町平野原78,食べログ 洋食 EAST 百名店 2025,https://tabelog.com/fukushima/A0701/A070101/7004651/,https://www.google.com/maps/search/?api=1&query=%E3%83%AA%E3%83%B3%E3%82%AB%E3%83%BC%E3%83%B3%20%E7%A6%8F%E5%B3%B6%E7%9C%8C%E7%A6%8F%E5%B3%B6%E5%B8%82%E9%A3%AF%E5%9D%82%E7%94%BA%E5%B9%B3%E9%87%8E%E5%8E%9F78,37.8149694,140.4397081,2025,洋食 EAST,yoshoku_east,発表日：2025年6月24日
手作りハンバーグ工房Toshi,北海道札幌市中央区南一条西2-5 南一条Ｋビル　Ｂ１Ｆ,食べログ 洋食 EAST 百名店 2025,https://tabelog.com/hokkaido/A0101/A010102/1009680/,https://www.google.com/maps/search/?api=1&query=%E6%89%8B%E4%BD%9C%E3%82%8A%E3%83%8F%E3%83%B3%E3%83%90%E3%83%BC%E3%82%B0%E5%B7%A5%E6%88%BFToshi%20%E5%8C%97%E6%B5%B7%E9%81%93%E6%9C%AD%E5%B9%8C%E5%B8%82%E4%B8%AD%E5%A4%AE%E5%8C%BA%E5%8D%97%E4%B8%80%E6%9D%A1%E8%A5%BF2-5%20%E5%8D%97%E4%B8%80%E6%9D%A1%EF%BC%AB%E3%83%93%E3%83%AB%E3%80%80%EF%BC%A2%EF%BC%91%EF%BC%A6,43.0590723,141.3547975,2025,洋食 EAST,yoshoku_east,発表日：2025年6月24日
グゥー,宮城県仙台市青葉区一番町1-6-9 IBIZAビル 1F,食べログ 洋食 EAST 百名店 2025,https://tabelog.com/miyagi/A0401/A040101/4010873/,https://www.google.com/maps/search/?api=1&query=%E3%82%B0%E3%82%A5%E3%83%BC%20%E5%AE%AE%E5%9F%8E%E7%9C%8C%E4%BB%99%E5%8F%B0%E5%B8%82%E9%9D%92%E8%91%89%E5%8C%BA%E4%B8%80%E7%95%AA%E7%94%BA1-6-9%20IBIZA%E3%83%93%E3%83%AB%201F,38.2571203,140.8743157,2025,洋食 EAST,yoshoku_east,発表日：2025年6月24日
ポトフ,北海道札幌市清田区真栄五条2-2-22,食べログ 洋食 EAST 百名店 2025,https://tabelog.com/hokkaido/A0101/A010304/1001222/,https://www.google.com/maps/search/?api=1&query=%E3%83%9D%E3%83%88%E3%83%95%20%E5%8C%97%E6%B5%B7%E9%81%93%E6%9C%AD%E5%B9%8C%E5%B8%82%E6%B8%85%E7%94%B0%E5%8C%BA%E7%9C%9F%E6%A0%84%E4%BA%94%E6%9D%A12-2-22,42.9830427,141.4382513,2025,洋食 EAST,yoshoku_east,発表日：2025年6月24日
とわいらいと,北海道札幌市清田区北野7条2丁目11-25,食べログ 洋食 EAST 百名店 2025,https://tabelog.com/hokkaido/A0101/A010304/1005175/,https://www.google.com/maps/search/?api=1&query=%E3%81%A8%E3%82%8F%E3%81%84%E3%82%89%E3%81%84%E3%81%A8%20%E5%8C%97%E6%B5%B7%E9%81%93%E6%9C%AD%E5%B9%8C%E5%B8%82%E6%B8%85%E7%94%B0%E5%8C%BA%E5%8C%97%E9%87%8E7%E6%9D%A12%E4%B8%81%E7%9B%AE11-25,43.0225297,141.4377933,2025,洋食 EAST,yoshoku_east,発表日：2025年6月24日
ビストロミカサ,福島県福島市置賜町5-10,食べログ 洋食 EAST 百名店 2025,https://tabelog.com/fukushima/A0701/A070101/7005974/,https://www.google.com/maps/search/?api=1&query=%E3%83%93%E3%82%B9%E3%83%88%E3%83%AD%E3%83%9F%E3%82%AB%E3%82%B5%20%E7%A6%8F%E5%B3%B6%E7%9C%8C%E7%A6%8F%E5%B3%B6%E5%B8%82%E7%BD%AE%E8%B3%9C%E7%94%BA5-10,37.7560278,140.4640722,2025,洋食 EAST,yoshoku_east,発表日：2025年6月24日
ステーキ＆ハンバーグ ひげ 札幌南5条本店,北海道札幌市中央区南5条西6丁目 第5桂和ビル 1F,食べログ 洋食 EAST 百名店 2025,https://tabelog.com/hokkaido/A0101/A010103/1047150/,https://www.google.com/maps/search/?api=1&query=%E3%82%B9%E3%83%86%E3%83%BC%E3%82%AD%EF%BC%86%E3%83%8F%E3%83%B3%E3%83%90%E3%83%BC%E3%82%B0%20%E3%81%B2%E3%81%92%20%E6%9C%AD%E5%B9%8C%E5%8D%975%E6%9D%A1%E6%9C%AC%E5%BA%97%20%E5%8C%97%E6%B5%B7%E9%81%93%E6%9C%AD%E5%B9%8C%E5%B8%82%E4%B8%AD%E5%A4%AE%E5%8C%BA%E5%8D%975%E6%9D%A1%E8%A5%BF6%E4%B8%81%E7%9B%AE%20%E7%AC%AC5%E6%A1%82%E5%92%8C%E3%83%93%E3%83%AB%201F,43.0541272,141.3501707,2025,洋食 EAST,yoshoku_east,発表日：2025年6月24日
サラマンジェ・ヒロ,宮城県仙台市泉区実沢字中山北18-179,食べログ 洋食 EAST 百名店 2025,https://tabelog.com/miyagi/A0401/A040104/4011797/,https://www.google.com/maps/search/?api=1&query=%E3%82%B5%E3%83%A9%E3%83%9E%E3%83%B3%E3%82%B8%E3%82%A7%E3%83%BB%E3%83%92%E3%83%AD%20%E5%AE%AE%E5%9F%8E%E7%9C%8C%E4%BB%99%E5%8F%B0%E5%B8%82%E6%B3%89%E5%8C%BA%E5%AE%9F%E6%B2%A2%E5%AD%97%E4%B8%AD%E5%B1%B1%E5%8C%9718-179,38.3041415,140.8148089,2025,洋食 EAST,yoshoku_east,発表日：2025年6月24日
ユニヴェール エス,北海道札幌市西区二十四軒4条5丁目10-18 ライオンズステーションプラザ琴似 1F,食べログ 洋食 EAST 百名店 2025,https://tabelog.com/hokkaido/A0101/A010204/1060900/,https://www.google.com/maps/search/?api=1&query=%E3%83%A6%E3%83%8B%E3%83%B4%E3%82%A7%E3%83%BC%E3%83%AB%20%E3%82%A8%E3%82%B9%20%E5%8C%97%E6%B5%B7%E9%81%93%E6%9C%AD%E5%B9%8C%E5%B8%82%E8%A5%BF%E5%8C%BA%E4%BA%8C%E5%8D%81%E5%9B%9B%E8%BB%924%E6%9D%A15%E4%B8%81%E7%9B%AE10-18%20%E3%83%A9%E3%82%A4%E3%82%AA%E3%83%B3%E3%82%BA%E3%82%B9%E3%83%86%E3%83%BC%E3%82%B7%E3%83%A7%E3%83%B3%E3%83%97%E3%83%A9%E3%82%B6%E7%90%B4%E4%BC%BC%201F,43.0744919,141.3048784,2025,洋食 EAST,yoshoku_east,発表日：2025年6月24日
スープホリック,秋田県秋田市中通6-9-10,食べログ 洋食 EAST 百名店 2025,https://tabelog.com/akita/A0501/A050101/5006901/,https://www.google.com/maps/search/?api=1&query=%E3%82%B9%E3%83%BC%E3%83%97%E3%83%9B%E3%83%AA%E3%83%83%E3%82%AF%20%E7%A7%8B%E7%94%B0%E7%9C%8C%E7%A7%8B%E7%94%B0%E5%B8%82%E4%B8%AD%E9%80%9A6-9-10,39.7140653,140.1257363,2025,洋食 EAST,yoshoku_east,発表日：2025年6月24日
ノースコンチネント MACHI NO NAKA,北海道札幌市中央区南2条西1丁目 マリアールビルB1,食べログ 洋食 EAST 百名店 2025,https://tabelog.com/hokkaido/A0101/A010102/1024277/,https://www.google.com/maps/search/?api=1&query=%E3%83%8E%E3%83%BC%E3%82%B9%E3%82%B3%E3%83%B3%E3%83%81%E3%83%8D%E3%83%B3%E3%83%88%20MACHI%20NO%20NAKA%20%E5%8C%97%E6%B5%B7%E9%81%93%E6%9C%AD%E5%B9%8C%E5%B8%82%E4%B8%AD%E5%A4%AE%E5%8C%BA%E5%8D%972%E6%9D%A1%E8%A5%BF1%E4%B8%81%E7%9B%AE%20%E3%83%9E%E3%83%AA%E3%82%A2%E3%83%BC%E3%83%AB%E3%83%93%E3%83%ABB1,43.0580256,141.3562270,2025,洋食 EAST,yoshoku_east,発表日：2025年6月24日
