Name,Address,Description,Website,Google Maps URL,Year,Genre,Genre Slug,Release Date
ネパールステーション,愛知県名古屋市中区丸の内2-14-15 河合ビル 2F,食べログ アジア・エスニック EAST 百名店 2024,https://tabelog.com/aichi/A2301/A230102/23066065/,https://www.google.com/maps/search/?api=1&query=%E3%83%8D%E3%83%91%E3%83%BC%E3%83%AB%E3%82%B9%E3%83%86%E3%83%BC%E3%82%B7%E3%83%A7%E3%83%B3%20%E6%84%9B%E7%9F%A5%E7%9C%8C%E5%90%8D%E5%8F%A4%E5%B1%8B%E5%B8%82%E4%B8%AD%E5%8C%BA%E4%B8%B8%E3%81%AE%E5%86%852-14-15%20%E6%B2%B3%E5%90%88%E3%83%93%E3%83%AB%202F,2024,アジア・エスニック EAST,asia_ethnic_east,発表日：2024年7月23日
バンチャガル,愛知県名古屋市千種区星ヶ丘元町15-27,食べログ アジア・エスニック EAST 百名店 2024,https://tabelog.com/aichi/A2301/A230111/23009012/,https://www.google.com/maps/search/?api=1&query=%E3%83%90%E3%83%B3%E3%83%81%E3%83%A3%E3%82%AC%E3%83%AB%20%E6%84%9B%E7%9F%A5%E7%9C%8C%E5%90%8D%E5%8F%A4%E5%B1%8B%E5%B8%82%E5%8D%83%E7%A8%AE%E5%8C%BA%E6%98%9F%E3%83%B6%E4%B8%98%E5%85%83%E7%94%BA15-27,2024,アジア・エスニック EAST,asia_ethnic_east,発表日：2024年7月23日
サバーイ・ディール,静岡県静岡市葵区紺屋町6-13 松永ビル 2F,食べログ アジア・エスニック EAST 百名店 2024,https://tabelog.com/shizuoka/A2201/A220101/22000848/,https://www.google.com/maps/search/?api=1&query=%E3%82%B5%E3%83%90%E3%83%BC%E3%82%A4%E3%83%BB%E3%83%87%E3%82%A3%E3%83%BC%E3%83%AB%20%E9%9D%99%E5%B2%A1%E7%9C%8C%E9%9D%99%E5%B2%A1%E5%B8%82%E8%91%B5%E5%8C%BA%E7%B4%BA%E5%B1%8B%E7%94%BA6-13%20%E6%9D%BE%E6%B0%B8%E3%83%93%E3%83%AB%202F,2024,アジア・エスニック EAST,asia_ethnic_east,発表日：2024年7月23日
円頓寺マッコリ醸造所,愛知県名古屋市西区那古野2-12-22 シャルマンソワレ名駅 1F,食べログ アジア・エスニック EAST 百名店 2024,https://tabelog.com/aichi/A2301/A230101/23086208/,https://www.google.com/maps/search/?api=1&query=%E5%86%86%E9%A0%93%E5%AF%BA%E3%83%9E%E3%83%83%E3%82%B3%E3%83%AA%E9%86%B8%E9%80%A0%E6%89%80%20%E6%84%9B%E7%9F%A5%E7%9C%8C%E5%90%8D%E5%8F%A4%E5%B1%8B%E5%B8%82%E8%A5%BF%E5%8C%BA%E9%82%A3%E5%8F%A4%E9%87%8E2-12-22%20%E3%82%B7%E3%83%A3%E3%83%AB%E3%83%9E%E3%83%B3%E3%82%BD%E3%83%AF%E3%83%AC%E5%90%8D%E9%A7%85%201F,2024,アジア・エスニック EAST,asia_ethnic_east,発表日：2024年7月23日
サウンスンダ Hiroko,愛知県長久手市北熊16,食べログ アジア・エスニック EAST 百名店 2024,https://tabelog.com/aichi/A2303/A230302/23063380/,https://www.google.com/maps/search/?api=1&query=%E3%82%B5%E3%82%A6%E3%83%B3%E3%82%B9%E3%83%B3%E3%83%80%20Hiroko%20%E6%84%9B%E7%9F%A5%E7%9C%8C%E9%95%B7%E4%B9%85%E6%89%8B%E5%B8%82%E5%8C%97%E7%86%8A16,2024,アジア・エスニック EAST,asia_ethnic_east,発表日：2024年7月23日
yaab thai,愛知県名古屋市中区栄3-13-6 LEXT HOUSE B1F,食べログ アジア・エスニック EAST 百名店 2024,https://tabelog.com/aichi/A2301/A230103/23078088/,https://www.google.com/maps/search/?api=1&query=yaab%20thai%20%E6%84%9B%E7%9F%A5%E7%9C%8C%E5%90%8D%E5%8F%A4%E5%B1%8B%E5%B8%82%E4%B8%AD%E5%8C%BA%E6%A0%843-13-6%20LEXT%20HOUSE%20B1F,2024,アジア・エスニック EAST,asia_ethnic_east,発表日：2024年7月23日
YAAB THAI en CASA,愛知県名古屋市中村区太閤1-6-5 角屋ビル,食べログ アジア・エスニック EAST 百名店 2024,https://tabelog.com/aichi/A2301/A230101/23085715/,https://www.google.com/maps/search/?api=1&query=YAAB%20THAI%20en%20CASA%20%E6%84%9B%E7%9F%A5%E7%9C%8C%E5%90%8D%E5%8F%A4%E5%B1%8B%E5%B8%82%E4%B8%AD%E6%9D%91%E5%8C%BA%E5%A4%AA%E9%96%A41-6-5%20%E8%A7%92%E5%B1%8B%E3%83%93%E3%83%AB,2024,アジア・エスニック EAST,asia_ethnic_east,発表日：2024年7月23日
インターナショナルビレッジ,愛知県弥富市稲荷2-72-1,食べログ アジア・エスニック EAST 百名店 2024,https://tabelog.com/aichi/A2302/A230202/23068551/,https://www.google.com/maps/search/?api=1&query=%E3%82%A4%E3%83%B3%E3%82%BF%E3%83%BC%E3%83%8A%E3%82%B7%E3%83%A7%E3%83%8A%E3%83%AB%E3%83%93%E3%83%AC%E3%83%83%E3%82%B8%20%E6%84%9B%E7%9F%A5%E7%9C%8C%E5%BC%A5%E5%AF%8C%E5%B8%82%E7%A8%B2%E8%8D%B72-72-1,2024,アジア・エスニック EAST,asia_ethnic_east,発表日：2024年7月23日
スコンター 錦店,愛知県名古屋市中区錦3-18-13 アミューズ錦 1F,食べログ アジア・エスニック EAST 百名店 2024,https://tabelog.com/aichi/A2301/A230103/23003874/,https://www.google.com/maps/search/?api=1&query=%E3%82%B9%E3%82%B3%E3%83%B3%E3%82%BF%E3%83%BC%20%E9%8C%A6%E5%BA%97%20%E6%84%9B%E7%9F%A5%E7%9C%8C%E5%90%8D%E5%8F%A4%E5%B1%8B%E5%B8%82%E4%B8%AD%E5%8C%BA%E9%8C%A63-18-13%20%E3%82%A2%E3%83%9F%E3%83%A5%E3%83%BC%E3%82%BA%E9%8C%A6%201F,2024,アジア・エスニック EAST,asia_ethnic_east,発表日：2024年7月23日
ラオパサ,愛知県名古屋市東区泉2-13-4 カスティロ泉１B,食べログ アジア・エスニック EAST 百名店 2024,https://tabelog.com/aichi/A2301/A230104/23004325/,https://www.google.com/maps/search/?api=1&query=%E3%83%A9%E3%82%AA%E3%83%91%E3%82%B5%20%E6%84%9B%E7%9F%A5%E7%9C%8C%E5%90%8D%E5%8F%A4%E5%B1%8B%E5%B8%82%E6%9D%B1%E5%8C%BA%E6%B3%892-13-4%20%E3%82%AB%E3%82%B9%E3%83%86%E3%82%A3%E3%83%AD%E6%B3%89%EF%BC%91B,2024,アジア・エスニック EAST,asia_ethnic_east,発表日：2024年7月23日
ワルン プアン,愛知県名古屋市千種区今池1-14-8,食べログ アジア・エスニック EAST 百名店 2024,https://tabelog.com/aichi/A2301/A230106/23081177/,https://www.google.com/maps/search/?api=1&query=%E3%83%AF%E3%83%AB%E3%83%B3%20%E3%83%97%E3%82%A2%E3%83%B3%20%E6%84%9B%E7%9F%A5%E7%9C%8C%E5%90%8D%E5%8F%A4%E5%B1%8B%E5%B8%82%E5%8D%83%E7%A8%AE%E5%8C%BA%E4%BB%8A%E6%B1%A01-14-8,2024,アジア・エスニック EAST,asia_ethnic_east,発表日：2024年7月23日
ナマステ 蓼科店,長野県茅野市北山鹿山4026-2 東急リゾートタウン内,食べログ アジア・エスニック EAST 百名店 2024,https://tabelog.com/nagano/A2004/A200403/20000030/,https://www.google.com/maps/search/?api=1&query=%E3%83%8A%E3%83%9E%E3%82%B9%E3%83%86%20%E8%93%BC%E7%A7%91%E5%BA%97%20%E9%95%B7%E9%87%8E%E7%9C%8C%E8%8C%85%E9%87%8E%E5%B8%82%E5%8C%97%E5%B1%B1%E9%B9%BF%E5%B1%B14026-2%20%E6%9D%B1%E6%80%A5%E3%83%AA%E3%82%BE%E3%83%BC%E3%83%88%E3%82%BF%E3%82%A6%E3%83%B3%E5%86%85,2024,アジア・エスニック EAST,asia_ethnic_east,発表日：2024年7月23日
ロカンタ・アイハン,愛知県名古屋市中区栄1-23-34,食べログ アジア・エスニック EAST 百名店 2024,https://tabelog.com/aichi/A2301/A230105/23082557/,https://www.google.com/maps/search/?api=1&query=%E3%83%AD%E3%82%AB%E3%83%B3%E3%82%BF%E3%83%BB%E3%82%A2%E3%82%A4%E3%83%8F%E3%83%B3%20%E6%84%9B%E7%9F%A5%E7%9C%8C%E5%90%8D%E5%8F%A4%E5%B1%8B%E5%B8%82%E4%B8%AD%E5%8C%BA%E6%A0%841-23-34,2024,アジア・エスニック EAST,asia_ethnic_east,発表日：2024年7月23日
南インド家庭料理 カルナータカー,愛知県名古屋市名東区豊ヶ丘1809,食べログ アジア・エスニック EAST 百名店 2024,https://tabelog.com/aichi/A2301/A230111/23044940/,https://www.google.com/maps/search/?api=1&query=%E5%8D%97%E3%82%A4%E3%83%B3%E3%83%89%E5%AE%B6%E5%BA%AD%E6%96%99%E7%90%86%20%E3%82%AB%E3%83%AB%E3%83%8A%E3%83%BC%E3%82%BF%E3%82%AB%E3%83%BC%20%E6%84%9B%E7%9F%A5%E7%9C%8C%E5%90%8D%E5%8F%A4%E5%B1%8B%E5%B8%82%E5%90%8D%E6%9D%B1%E5%8C%BA%E8%B1%8A%E3%83%B6%E4%B8%981809,2024,アジア・エスニック EAST,asia_ethnic_east,発表日：2024年7月23日
アジア屋台ごはん 五五吉食堂,山梨県北杜市小淵沢町10150-1,食べログ アジア・エスニック EAST 百名店 2024,https://tabelog.com/yamanashi/A1902/A190201/19009562/,https://www.google.com/maps/search/?api=1&query=%E3%82%A2%E3%82%B8%E3%82%A2%E5%B1%8B%E5%8F%B0%E3%81%94%E3%81%AF%E3%82%93%20%E4%BA%94%E4%BA%94%E5%90%89%E9%A3%9F%E5%A0%82%20%E5%B1%B1%E6%A2%A8%E7%9C%8C%E5%8C%97%E6%9D%9C%E5%B8%82%E5%B0%8F%E6%B7%B5%E6%B2%A2%E7%94%BA10150-1,2024,アジア・エスニック EAST,asia_ethnic_east,発表日：2024年7月23日
ビンヤン,愛知県名古屋市中区正木4-6-10 羽衣ビル 1F,食べログ アジア・エスニック EAST 百名店 2024,https://tabelog.com/aichi/A2301/A230105/23049561/,https://www.google.com/maps/search/?api=1&query=%E3%83%93%E3%83%B3%E3%83%A4%E3%83%B3%20%E6%84%9B%E7%9F%A5%E7%9C%8C%E5%90%8D%E5%8F%A4%E5%B1%8B%E5%B8%82%E4%B8%AD%E5%8C%BA%E6%AD%A3%E6%9C%A84-6-10%20%E7%BE%BD%E8%A1%A3%E3%83%93%E3%83%AB%201F,2024,アジア・エスニック EAST,asia_ethnic_east,発表日：2024年7月23日
釜山,愛知県名古屋市中村区藤江町3-45-1,食べログ アジア・エスニック EAST 百名店 2024,https://tabelog.com/aichi/A2301/A230113/23000771/,https://www.google.com/maps/search/?api=1&query=%E9%87%9C%E5%B1%B1%20%E6%84%9B%E7%9F%A5%E7%9C%8C%E5%90%8D%E5%8F%A4%E5%B1%8B%E5%B8%82%E4%B8%AD%E6%9D%91%E5%8C%BA%E8%97%A4%E6%B1%9F%E7%94%BA3-45-1,2024,アジア・エスニック EAST,asia_ethnic_east,発表日：2024年7月23日
三日月バル,岐阜県岐阜市住田町2-20,食べログ アジア・エスニック EAST 百名店 2024,https://tabelog.com/gifu/A2101/A210101/21013254/,https://www.google.com/maps/search/?api=1&query=%E4%B8%89%E6%97%A5%E6%9C%88%E3%83%90%E3%83%AB%20%E5%B2%90%E9%98%9C%E7%9C%8C%E5%B2%90%E9%98%9C%E5%B8%82%E4%BD%8F%E7%94%B0%E7%94%BA2-20,2024,アジア・エスニック EAST,asia_ethnic_east,発表日：2024年7月23日
グート,長野県上伊那郡箕輪町中箕輪542-1 古民家 箕澤屋,食べログ アジア・エスニック EAST 百名店 2024,https://tabelog.com/nagano/A2006/A200601/20022280/,https://www.google.com/maps/search/?api=1&query=%E3%82%B0%E3%83%BC%E3%83%88%20%E9%95%B7%E9%87%8E%E7%9C%8C%E4%B8%8A%E4%BC%8A%E9%82%A3%E9%83%A1%E7%AE%95%E8%BC%AA%E7%94%BA%E4%B8%AD%E7%AE%95%E8%BC%AA542-1%20%E5%8F%A4%E6%B0%91%E5%AE%B6%20%E7%AE%95%E6%BE%A4%E5%B1%8B,2024,アジア・エスニック EAST,asia_ethnic_east,発表日：2024年7月23日
Alan.,愛知県名古屋市中区栄3-9-2 ジェムズ栄 3F,食べログ アジア・エスニック EAST 百名店 2024,https://tabelog.com/aichi/A2301/A230103/23072433/,https://www.google.com/maps/search/?api=1&query=Alan.%20%E6%84%9B%E7%9F%A5%E7%9C%8C%E5%90%8D%E5%8F%A4%E5%B1%8B%E5%B8%82%E4%B8%AD%E5%8C%BA%E6%A0%843-9-2%20%E3%82%B8%E3%82%A7%E3%83%A0%E3%82%BA%E6%A0%84%203F,2024,アジア・エスニック EAST,asia_ethnic_east,発表日：2024年7月23日
大衆韓国 韓国中毒 名古屋駅店,愛知県名古屋市中村区名駅3-23-14 渡辺ビル 3F,食べログ アジア・エスニック EAST 百名店 2024,https://tabelog.com/aichi/A2301/A230101/23071183/,https://www.google.com/maps/search/?api=1&query=%E5%A4%A7%E8%A1%86%E9%9F%93%E5%9B%BD%20%E9%9F%93%E5%9B%BD%E4%B8%AD%E6%AF%92%20%E5%90%8D%E5%8F%A4%E5%B1%8B%E9%A7%85%E5%BA%97%20%E6%84%9B%E7%9F%A5%E7%9C%8C%E5%90%8D%E5%8F%A4%E5%B1%8B%E5%B8%82%E4%B8%AD%E6%9D%91%E5%8C%BA%E5%90%8D%E9%A7%853-23-14%20%E6%B8%A1%E8%BE%BA%E3%83%93%E3%83%AB%203F,2024,アジア・エスニック EAST,asia_ethnic_east,発表日：2024年7月23日
韓国料理 金家,愛知県名古屋市中区栄3-11-13 GKビル １F,食べログ アジア・エスニック EAST 百名店 2024,https://tabelog.com/aichi/A2301/A230103/23032482/,https://www.google.com/maps/search/?api=1&query=%E9%9F%93%E5%9B%BD%E6%96%99%E7%90%86%20%E9%87%91%E5%AE%B6%20%E6%84%9B%E7%9F%A5%E7%9C%8C%E5%90%8D%E5%8F%A4%E5%B1%8B%E5%B8%82%E4%B8%AD%E5%8C%BA%E6%A0%843-11-13%20GK%E3%83%93%E3%83%AB%20%EF%BC%91F,2024,アジア・エスニック EAST,asia_ethnic_east,発表日：2024年7月23日
東インドオディシャ食堂 パツカリー,愛知県名古屋市昭和区塩付通6-76-2,食べログ アジア・エスニック EAST 百名店 2024,https://tabelog.com/aichi/A2301/A230108/23081646/,https://www.google.com/maps/search/?api=1&query=%E6%9D%B1%E3%82%A4%E3%83%B3%E3%83%89%E3%82%AA%E3%83%87%E3%82%A3%E3%82%B7%E3%83%A3%E9%A3%9F%E5%A0%82%20%E3%83%91%E3%83%84%E3%82%AB%E3%83%AA%E3%83%BC%20%E6%84%9B%E7%9F%A5%E7%9C%8C%E5%90%8D%E5%8F%A4%E5%B1%8B%E5%B8%82%E6%98%AD%E5%92%8C%E5%8C%BA%E5%A1%A9%E4%BB%98%E9%80%9A6-76-2,2024,アジア・エスニック EAST,asia_ethnic_east,発表日：2024年7月23日
ララカレーハママツ,静岡県浜松市中央区肴町312-16,食べログ アジア・エスニック EAST 百名店 2024,https://tabelog.com/shizuoka/A2202/A220201/22030476/,https://www.google.com/maps/search/?api=1&query=%E3%83%A9%E3%83%A9%E3%82%AB%E3%83%AC%E3%83%BC%E3%83%8F%E3%83%9E%E3%83%9E%E3%83%84%20%E9%9D%99%E5%B2%A1%E7%9C%8C%E6%B5%9C%E6%9D%BE%E5%B8%82%E4%B8%AD%E5%A4%AE%E5%8C%BA%E8%82%B4%E7%94%BA312-16,2024,アジア・エスニック EAST,asia_ethnic_east,発表日：2024年7月23日
エリックサウス KITTE名古屋店,愛知県名古屋市中村区名駅1-1-1 KITTE名古屋 B1F,食べログ アジア・エスニック EAST 百名店 2024,https://tabelog.com/aichi/A2301/A230101/23060430/,https://www.google.com/maps/search/?api=1&query=%E3%82%A8%E3%83%AA%E3%83%83%E3%82%AF%E3%82%B5%E3%82%A6%E3%82%B9%20KITTE%E5%90%8D%E5%8F%A4%E5%B1%8B%E5%BA%97%20%E6%84%9B%E7%9F%A5%E7%9C%8C%E5%90%8D%E5%8F%A4%E5%B1%8B%E5%B8%82%E4%B8%AD%E6%9D%91%E5%8C%BA%E5%90%8D%E9%A7%851-1-1%20KITTE%E5%90%8D%E5%8F%A4%E5%B1%8B%20B1F,2024,アジア・エスニック EAST,asia_ethnic_east,発表日：2024年7月23日
しみず,愛知県名古屋市北区清水2丁目4-6 清水ビル１F,食べログ アジア・エスニック EAST 百名店 2024,https://tabelog.com/aichi/A2301/A230110/23037011/,https://www.google.com/maps/search/?api=1&query=%E3%81%97%E3%81%BF%E3%81%9A%20%E6%84%9B%E7%9F%A5%E7%9C%8C%E5%90%8D%E5%8F%A4%E5%B1%8B%E5%B8%82%E5%8C%97%E5%8C%BA%E6%B8%85%E6%B0%B42%E4%B8%81%E7%9B%AE4-6%20%E6%B8%85%E6%B0%B4%E3%83%93%E3%83%AB%EF%BC%91F,2024,アジア・エスニック EAST,asia_ethnic_east,発表日：2024年7月23日
マーライオン,愛知県名古屋市東区矢田1-5-26,食べログ アジア・エスニック EAST 百名店 2024,https://tabelog.com/aichi/A2301/A230110/23000941/,https://www.google.com/maps/search/?api=1&query=%E3%83%9E%E3%83%BC%E3%83%A9%E3%82%A4%E3%82%AA%E3%83%B3%20%E6%84%9B%E7%9F%A5%E7%9C%8C%E5%90%8D%E5%8F%A4%E5%B1%8B%E5%B8%82%E6%9D%B1%E5%8C%BA%E7%9F%A2%E7%94%B01-5-26,2024,アジア・エスニック EAST,asia_ethnic_east,発表日：2024年7月23日
ネパーリチュロ,愛知県名古屋市熱田区金山町1-16-9 2F,食べログ アジア・エスニック EAST 百名店 2024,https://tabelog.com/aichi/A2301/A230105/23061918/,https://www.google.com/maps/search/?api=1&query=%E3%83%8D%E3%83%91%E3%83%BC%E3%83%AA%E3%83%81%E3%83%A5%E3%83%AD%20%E6%84%9B%E7%9F%A5%E7%9C%8C%E5%90%8D%E5%8F%A4%E5%B1%8B%E5%B8%82%E7%86%B1%E7%94%B0%E5%8C%BA%E9%87%91%E5%B1%B1%E7%94%BA1-16-9%202F,2024,アジア・エスニック EAST,asia_ethnic_east,発表日：2024年7月23日
タイ料理 喃楽,富山県富山市桜木町6-8 桜木町ビル 1F,食べログ アジア・エスニック WEST 百名店 2024,https://tabelog.com/toyama/A1601/A160101/16006914/,https://www.google.com/maps/search/?api=1&query=%E3%82%BF%E3%82%A4%E6%96%99%E7%90%86%20%E5%96%83%E6%A5%BD%20%E5%AF%8C%E5%B1%B1%E7%9C%8C%E5%AF%8C%E5%B1%B1%E5%B8%82%E6%A1%9C%E6%9C%A8%E7%94%BA6-8%20%E6%A1%9C%E6%9C%A8%E7%94%BA%E3%83%93%E3%83%AB%201F,2024,アジア・エスニック WEST,asia_ethnic_west,発表日：2024年7月23日
スカスカ,三重県鈴鹿市算所5-12-5,食べログ アジア・エスニック WEST 百名店 2024,https://tabelog.com/mie/A2402/A240202/24012047/,https://www.google.com/maps/search/?api=1&query=%E3%82%B9%E3%82%AB%E3%82%B9%E3%82%AB%20%E4%B8%89%E9%87%8D%E7%9C%8C%E9%88%B4%E9%B9%BF%E5%B8%82%E7%AE%97%E6%89%805-12-5,2024,アジア・エスニック WEST,asia_ethnic_west,発表日：2024年7月23日
ジョニーのビリヤニ,石川県野々市市白山町4-1 イオンタウン野々市,食べログ アジア・エスニック WEST 百名店 2024,https://tabelog.com/ishikawa/A1702/A170203/17013055/,https://www.google.com/maps/search/?api=1&query=%E3%82%B8%E3%83%A7%E3%83%8B%E3%83%BC%E3%81%AE%E3%83%93%E3%83%AA%E3%83%A4%E3%83%8B%20%E7%9F%B3%E5%B7%9D%E7%9C%8C%E9%87%8E%E3%80%85%E5%B8%82%E5%B8%82%E7%99%BD%E5%B1%B1%E7%94%BA4-1%20%E3%82%A4%E3%82%AA%E3%83%B3%E3%82%BF%E3%82%A6%E3%83%B3%E9%87%8E%E3%80%85%E5%B8%82,2024,アジア・エスニック WEST,asia_ethnic_west,発表日：2024年7月23日
スパイスボックス,石川県金沢市片町2-30-8,食べログ アジア・エスニック WEST 百名店 2024,https://tabelog.com/ishikawa/A1701/A170101/17004612/,https://www.google.com/maps/search/?api=1&query=%E3%82%B9%E3%83%91%E3%82%A4%E3%82%B9%E3%83%9C%E3%83%83%E3%82%AF%E3%82%B9%20%E7%9F%B3%E5%B7%9D%E7%9C%8C%E9%87%91%E6%B2%A2%E5%B8%82%E7%89%87%E7%94%BA2-30-8,2024,アジア・エスニック WEST,asia_ethnic_west,発表日：2024年7月23日
カシミール,富山県射水市沖塚原752-1,食べログ アジア・エスニック WEST 百名店 2024,https://tabelog.com/toyama/A1604/A160401/16000629/,https://www.google.com/maps/search/?api=1&query=%E3%82%AB%E3%82%B7%E3%83%9F%E3%83%BC%E3%83%AB%20%E5%AF%8C%E5%B1%B1%E7%9C%8C%E5%B0%84%E6%B0%B4%E5%B8%82%E6%B2%96%E5%A1%9A%E5%8E%9F752-1,2024,アジア・エスニック WEST,asia_ethnic_west,発表日：2024年7月23日
口福菜 亀吉,愛知県名古屋市東区飯田町1,食べログ 中国料理 EAST 百名店 2024,https://tabelog.com/aichi/A2301/A230104/23082241/,https://www.google.com/maps/search/?api=1&query=%E5%8F%A3%E7%A6%8F%E8%8F%9C%20%E4%BA%80%E5%90%89%20%E6%84%9B%E7%9F%A5%E7%9C%8C%E5%90%8D%E5%8F%A4%E5%B1%8B%E5%B8%82%E6%9D%B1%E5%8C%BA%E9%A3%AF%E7%94%B0%E7%94%BA1,2024,中国料理 EAST,chinese_east,発表日：2024年6月11日
開化亭,岐阜県岐阜市鷹見町25-2,食べログ 中国料理 EAST 百名店 2024,https://tabelog.com/gifu/A2101/A210101/21000011/,https://www.google.com/maps/search/?api=1&query=%E9%96%8B%E5%8C%96%E4%BA%AD%20%E5%B2%90%E9%98%9C%E7%9C%8C%E5%B2%90%E9%98%9C%E5%B8%82%E9%B7%B9%E8%A6%8B%E7%94%BA25-2,2024,中国料理 EAST,chinese_east,発表日：2024年6月11日
MASA'S KITCHEN 名古屋JRゲートタワー,愛知県名古屋市中村区名駅1-1-3 JR ゲートタワー12F ゲートタワープラザレストラン街,食べログ 中国料理 EAST 百名店 2024,https://tabelog.com/aichi/A2301/A230101/23063252/,https://www.google.com/maps/search/?api=1&query=MASA%27S%20KITCHEN%20%E5%90%8D%E5%8F%A4%E5%B1%8BJR%E3%82%B2%E3%83%BC%E3%83%88%E3%82%BF%E3%83%AF%E3%83%BC%20%E6%84%9B%E7%9F%A5%E7%9C%8C%E5%90%8D%E5%8F%A4%E5%B1%8B%E5%B8%82%E4%B8%AD%E6%9D%91%E5%8C%BA%E5%90%8D%E9%A7%851-1-3%20JR%20%E3%82%B2%E3%83%BC%E3%83%88%E3%82%BF%E3%83%AF%E3%83%BC12F%20%E3%82%B2%E3%83%BC%E3%83%88%E3%82%BF%E3%83%AF%E3%83%BC%E3%83%97%E3%83%A9%E3%82%B6%E3%83%AC%E3%82%B9%E3%83%88%E3%83%A9%E3%83%B3%E8%A1%97,2024,中国料理 EAST,chinese_east,発表日：2024年6月11日
1022,愛知県名古屋市西区那古野1-20-28-2 endoji square 2F,食べログ 中国料理 EAST 百名店 2024,https://tabelog.com/aichi/A2301/A230101/23084327/,https://www.google.com/maps/search/?api=1&query=1022%20%E6%84%9B%E7%9F%A5%E7%9C%8C%E5%90%8D%E5%8F%A4%E5%B1%8B%E5%B8%82%E8%A5%BF%E5%8C%BA%E9%82%A3%E5%8F%A4%E9%87%8E1-20-28-2%20endoji%20square%202F,2024,中国料理 EAST,chinese_east,発表日：2024年6月11日
スーツァンレストラン 陳 名古屋,愛知県名古屋市中村区名駅1-1-4 タワーズプラザ 12F,食べログ 中国料理 EAST 百名店 2024,https://tabelog.com/aichi/A2301/A230101/23000312/,https://www.google.com/maps/search/?api=1&query=%E3%82%B9%E3%83%BC%E3%83%84%E3%82%A1%E3%83%B3%E3%83%AC%E3%82%B9%E3%83%88%E3%83%A9%E3%83%B3%20%E9%99%B3%20%E5%90%8D%E5%8F%A4%E5%B1%8B%20%E6%84%9B%E7%9F%A5%E7%9C%8C%E5%90%8D%E5%8F%A4%E5%B1%8B%E5%B8%82%E4%B8%AD%E6%9D%91%E5%8C%BA%E5%90%8D%E9%A7%851-1-4%20%E3%82%BF%E3%83%AF%E3%83%BC%E3%82%BA%E3%83%97%E3%83%A9%E3%82%B6%2012F,2024,中国料理 EAST,chinese_east,発表日：2024年6月11日
鼎泰豐 名古屋店,愛知県名古屋市中村区名駅1-1-4 タワーズプラザ 12F,食べログ 中国料理 EAST 百名店 2024,https://tabelog.com/aichi/A2301/A230101/23000777/,https://www.google.com/maps/search/?api=1&query=%E9%BC%8E%E6%B3%B0%E8%B1%90%20%E5%90%8D%E5%8F%A4%E5%B1%8B%E5%BA%97%20%E6%84%9B%E7%9F%A5%E7%9C%8C%E5%90%8D%E5%8F%A4%E5%B1%8B%E5%B8%82%E4%B8%AD%E6%9D%91%E5%8C%BA%E5%90%8D%E9%A7%851-1-4%20%E3%82%BF%E3%83%AF%E3%83%BC%E3%82%BA%E3%83%97%E3%83%A9%E3%82%B6%2012F,2024,中国料理 EAST,chinese_east,発表日：2024年6月11日
味仙 今池本店,愛知県名古屋市千種区今池1-12-10,食べログ 中国料理 EAST 百名店 2024,https://tabelog.com/aichi/A2301/A230106/23000239/,https://www.google.com/maps/search/?api=1&query=%E5%91%B3%E4%BB%99%20%E4%BB%8A%E6%B1%A0%E6%9C%AC%E5%BA%97%20%E6%84%9B%E7%9F%A5%E7%9C%8C%E5%90%8D%E5%8F%A4%E5%B1%8B%E5%B8%82%E5%8D%83%E7%A8%AE%E5%8C%BA%E4%BB%8A%E6%B1%A01-12-10,2024,中国料理 EAST,chinese_east,発表日：2024年6月11日
來杏 Chinese Restaurant,愛知県名古屋市中村区名駅4-24-8 いちご名古屋ビル B1F,食べログ 中国料理 EAST 百名店 2024,https://tabelog.com/aichi/A2301/A230101/23054616/,https://www.google.com/maps/search/?api=1&query=%E4%BE%86%E6%9D%8F%20Chinese%20Restaurant%20%E6%84%9B%E7%9F%A5%E7%9C%8C%E5%90%8D%E5%8F%A4%E5%B1%8B%E5%B8%82%E4%B8%AD%E6%9D%91%E5%8C%BA%E5%90%8D%E9%A7%854-24-8%20%E3%81%84%E3%81%A1%E3%81%94%E5%90%8D%E5%8F%A4%E5%B1%8B%E3%83%93%E3%83%AB%20B1F,2024,中国料理 EAST,chinese_east,発表日：2024年6月11日
中国飯店 麗穂,愛知県名古屋市中村区名駅4-7-1 ミッドランドスクエア 41F,食べログ 中国料理 EAST 百名店 2024,https://tabelog.com/aichi/A2301/A230101/23064306/,https://www.google.com/maps/search/?api=1&query=%E4%B8%AD%E5%9B%BD%E9%A3%AF%E5%BA%97%20%E9%BA%97%E7%A9%82%20%E6%84%9B%E7%9F%A5%E7%9C%8C%E5%90%8D%E5%8F%A4%E5%B1%8B%E5%B8%82%E4%B8%AD%E6%9D%91%E5%8C%BA%E5%90%8D%E9%A7%854-7-1%20%E3%83%9F%E3%83%83%E3%83%89%E3%83%A9%E3%83%B3%E3%83%89%E3%82%B9%E3%82%AF%E3%82%A8%E3%82%A2%2041F,2024,中国料理 EAST,chinese_east,発表日：2024年6月11日
樓蘭,静岡県浜松市浜名区小松3110-1,食べログ 中国料理 EAST 百名店 2024,https://tabelog.com/shizuoka/A2202/A220201/22001112/,https://www.google.com/maps/search/?api=1&query=%E6%A8%93%E8%98%AD%20%E9%9D%99%E5%B2%A1%E7%9C%8C%E6%B5%9C%E6%9D%BE%E5%B8%82%E6%B5%9C%E5%90%8D%E5%8C%BA%E5%B0%8F%E6%9D%BE3110-1,2024,中国料理 EAST,chinese_east,発表日：2024年6月11日
小菜一碟,愛知県名古屋市東区相生町43,食べログ 中国料理 EAST 百名店 2024,https://tabelog.com/aichi/A2301/A230104/23072536/,https://www.google.com/maps/search/?api=1&query=%E5%B0%8F%E8%8F%9C%E4%B8%80%E7%A2%9F%20%E6%84%9B%E7%9F%A5%E7%9C%8C%E5%90%8D%E5%8F%A4%E5%B1%8B%E5%B8%82%E6%9D%B1%E5%8C%BA%E7%9B%B8%E7%94%9F%E7%94%BA43,2024,中国料理 EAST,chinese_east,発表日：2024年6月11日
静岡四川飯店,静岡県静岡市葵区紺屋町3-10 中島屋グランドホテル B1Ｆ,食べログ 中国料理 EAST 百名店 2024,https://tabelog.com/shizuoka/A2201/A220101/22002703/,https://www.google.com/maps/search/?api=1&query=%E9%9D%99%E5%B2%A1%E5%9B%9B%E5%B7%9D%E9%A3%AF%E5%BA%97%20%E9%9D%99%E5%B2%A1%E7%9C%8C%E9%9D%99%E5%B2%A1%E5%B8%82%E8%91%B5%E5%8C%BA%E7%B4%BA%E5%B1%8B%E7%94%BA3-10%20%E4%B8%AD%E5%B3%B6%E5%B1%8B%E3%82%B0%E3%83%A9%E3%83%B3%E3%83%89%E3%83%9B%E3%83%86%E3%83%AB%20B1%EF%BC%A6,2024,中国料理 EAST,chinese_east,発表日：2024年6月11日
Le Chinois SANO Nagoya,愛知県名古屋市中区栄1-4-16 CForestX 2F,食べログ 中国料理 EAST 百名店 2024,https://tabelog.com/aichi/A2301/A230102/23079388/,https://www.google.com/maps/search/?api=1&query=Le%20Chinois%20SANO%20Nagoya%20%E6%84%9B%E7%9F%A5%E7%9C%8C%E5%90%8D%E5%8F%A4%E5%B1%8B%E5%B8%82%E4%B8%AD%E5%8C%BA%E6%A0%841-4-16%20CForestX%202F,2024,中国料理 EAST,chinese_east,発表日：2024年6月11日
茶虎飯店,長野県諏訪郡富士見町落合10007-9,食べログ 中国料理 EAST 百名店 2024,https://tabelog.com/nagano/A2004/A200405/20023093/,https://www.google.com/maps/search/?api=1&query=%E8%8C%B6%E8%99%8E%E9%A3%AF%E5%BA%97%20%E9%95%B7%E9%87%8E%E7%9C%8C%E8%AB%8F%E8%A8%AA%E9%83%A1%E5%AF%8C%E5%A3%AB%E8%A6%8B%E7%94%BA%E8%90%BD%E5%90%8810007-9,2024,中国料理 EAST,chinese_east,発表日：2024年6月11日
中国四川料理 錦水苑,愛知県名古屋市北区杉村1-1-7 ハートイン尼ヶ坂 1F,食べログ 中国料理 EAST 百名店 2024,https://tabelog.com/aichi/A2301/A230110/23062504/,https://www.google.com/maps/search/?api=1&query=%E4%B8%AD%E5%9B%BD%E5%9B%9B%E5%B7%9D%E6%96%99%E7%90%86%20%E9%8C%A6%E6%B0%B4%E8%8B%91%20%E6%84%9B%E7%9F%A5%E7%9C%8C%E5%90%8D%E5%8F%A4%E5%B1%8B%E5%B8%82%E5%8C%97%E5%8C%BA%E6%9D%89%E6%9D%911-1-7%20%E3%83%8F%E3%83%BC%E3%83%88%E3%82%A4%E3%83%B3%E5%B0%BC%E3%83%B6%E5%9D%82%201F,2024,中国料理 EAST,chinese_east,発表日：2024年6月11日
Joe'skitchen,愛知県名古屋市中区丸の内3-9-19 正起ビル 1F,食べログ 中国料理 EAST 百名店 2024,https://tabelog.com/aichi/A2301/A230103/23000564/,https://www.google.com/maps/search/?api=1&query=Joe%27skitchen%20%E6%84%9B%E7%9F%A5%E7%9C%8C%E5%90%8D%E5%8F%A4%E5%B1%8B%E5%B8%82%E4%B8%AD%E5%8C%BA%E4%B8%B8%E3%81%AE%E5%86%853-9-19%20%E6%AD%A3%E8%B5%B7%E3%83%93%E3%83%AB%201F,2024,中国料理 EAST,chinese_east,発表日：2024年6月11日
茗圃,愛知県名古屋市中区栄2-12-22 ウィンコート白川　１Ｆ,食べログ 中国料理 EAST 百名店 2024,https://tabelog.com/aichi/A2301/A230102/23033553/,https://www.google.com/maps/search/?api=1&query=%E8%8C%97%E5%9C%83%20%E6%84%9B%E7%9F%A5%E7%9C%8C%E5%90%8D%E5%8F%A4%E5%B1%8B%E5%B8%82%E4%B8%AD%E5%8C%BA%E6%A0%842-12-22%20%E3%82%A6%E3%82%A3%E3%83%B3%E3%82%B3%E3%83%BC%E3%83%88%E7%99%BD%E5%B7%9D%E3%80%80%EF%BC%91%EF%BC%A6,2024,中国料理 EAST,chinese_east,発表日：2024年6月11日
中華割烹 わらじん,愛知県名古屋市中村区名駅4-18-13,食べログ 中国料理 EAST 百名店 2024,https://tabelog.com/aichi/A2301/A230101/23080951/,https://www.google.com/maps/search/?api=1&query=%E4%B8%AD%E8%8F%AF%E5%89%B2%E7%83%B9%20%E3%82%8F%E3%82%89%E3%81%98%E3%82%93%20%E6%84%9B%E7%9F%A5%E7%9C%8C%E5%90%8D%E5%8F%A4%E5%B1%8B%E5%B8%82%E4%B8%AD%E6%9D%91%E5%8C%BA%E5%90%8D%E9%A7%854-18-13,2024,中国料理 EAST,chinese_east,発表日：2024年6月11日
台湾ラーメン光陽,愛知県名古屋市西区比良3-139,食べログ 中国料理 EAST 百名店 2024,https://tabelog.com/aichi/A2301/A230113/23011919/,https://www.google.com/maps/search/?api=1&query=%E5%8F%B0%E6%B9%BE%E3%83%A9%E3%83%BC%E3%83%A1%E3%83%B3%E5%85%89%E9%99%BD%20%E6%84%9B%E7%9F%A5%E7%9C%8C%E5%90%8D%E5%8F%A4%E5%B1%8B%E5%B8%82%E8%A5%BF%E5%8C%BA%E6%AF%94%E8%89%AF3-139,2024,中国料理 EAST,chinese_east,発表日：2024年6月11日
ホテルオークラレストラン名古屋 中国料理 桃花林,愛知県名古屋市東区東桜1-14-25 東海放送会館内,食べログ 中国料理 EAST 百名店 2024,https://tabelog.com/aichi/A2301/A230104/23000289/,https://www.google.com/maps/search/?api=1&query=%E3%83%9B%E3%83%86%E3%83%AB%E3%82%AA%E3%83%BC%E3%82%AF%E3%83%A9%E3%83%AC%E3%82%B9%E3%83%88%E3%83%A9%E3%83%B3%E5%90%8D%E5%8F%A4%E5%B1%8B%20%E4%B8%AD%E5%9B%BD%E6%96%99%E7%90%86%20%E6%A1%83%E8%8A%B1%E6%9E%97%20%E6%84%9B%E7%9F%A5%E7%9C%8C%E5%90%8D%E5%8F%A4%E5%B1%8B%E5%B8%82%E6%9D%B1%E5%8C%BA%E6%9D%B1%E6%A1%9C1-14-25%20%E6%9D%B1%E6%B5%B7%E6%94%BE%E9%80%81%E4%BC%9A%E9%A4%A8%E5%86%85,2024,中国料理 EAST,chinese_east,発表日：2024年6月11日
アロン,愛知県名古屋市中区新栄2-24-14 明治第10ビル 1F,食べログ 中国料理 EAST 百名店 2024,https://tabelog.com/aichi/A2301/A230104/23058209/,https://www.google.com/maps/search/?api=1&query=%E3%82%A2%E3%83%AD%E3%83%B3%20%E6%84%9B%E7%9F%A5%E7%9C%8C%E5%90%8D%E5%8F%A4%E5%B1%8B%E5%B8%82%E4%B8%AD%E5%8C%BA%E6%96%B0%E6%A0%842-24-14%20%E6%98%8E%E6%B2%BB%E7%AC%AC10%E3%83%93%E3%83%AB%201F,2024,中国料理 EAST,chinese_east,発表日：2024年6月11日
中山邸Labo,愛知県名古屋市千種区仲田2-12-25 金子ビル 1F,食べログ 中国料理 EAST 百名店 2024,https://tabelog.com/aichi/A2301/A230106/23078337/,https://www.google.com/maps/search/?api=1&query=%E4%B8%AD%E5%B1%B1%E9%82%B8Labo%20%E6%84%9B%E7%9F%A5%E7%9C%8C%E5%90%8D%E5%8F%A4%E5%B1%8B%E5%B8%82%E5%8D%83%E7%A8%AE%E5%8C%BA%E4%BB%B2%E7%94%B02-12-25%20%E9%87%91%E5%AD%90%E3%83%93%E3%83%AB%201F,2024,中国料理 EAST,chinese_east,発表日：2024年6月11日
海鮮中国料理黄河,愛知県名古屋市西区那古野2-11-15,食べログ 中国料理 EAST 百名店 2024,https://tabelog.com/aichi/A2301/A230101/23010210/,https://www.google.com/maps/search/?api=1&query=%E6%B5%B7%E9%AE%AE%E4%B8%AD%E5%9B%BD%E6%96%99%E7%90%86%E9%BB%84%E6%B2%B3%20%E6%84%9B%E7%9F%A5%E7%9C%8C%E5%90%8D%E5%8F%A4%E5%B1%8B%E5%B8%82%E8%A5%BF%E5%8C%BA%E9%82%A3%E5%8F%A4%E9%87%8E2-11-15,2024,中国料理 EAST,chinese_east,発表日：2024年6月11日
榮林 軽井沢店,長野県北佐久郡軽井沢町軽井沢1151-3,食べログ 中国料理 EAST 百名店 2024,https://tabelog.com/nagano/A2003/A200301/20000154/,https://www.google.com/maps/search/?api=1&query=%E6%A6%AE%E6%9E%97%20%E8%BB%BD%E4%BA%95%E6%B2%A2%E5%BA%97%20%E9%95%B7%E9%87%8E%E7%9C%8C%E5%8C%97%E4%BD%90%E4%B9%85%E9%83%A1%E8%BB%BD%E4%BA%95%E6%B2%A2%E7%94%BA%E8%BB%BD%E4%BA%95%E6%B2%A21151-3,2024,中国料理 EAST,chinese_east,発表日：2024年6月11日
THE CONDER HOUSE,愛知県名古屋市中区錦2-20-25,食べログ 中国料理 EAST 百名店 2024,https://tabelog.com/aichi/A2301/A230102/23066790/,https://www.google.com/maps/search/?api=1&query=THE%20CONDER%20HOUSE%20%E6%84%9B%E7%9F%A5%E7%9C%8C%E5%90%8D%E5%8F%A4%E5%B1%8B%E5%B8%82%E4%B8%AD%E5%8C%BA%E9%8C%A62-20-25,2024,中国料理 EAST,chinese_east,発表日：2024年6月11日
眞善美,愛知県名古屋市東区東桜2-12-34 M's GARDEN 2F,食べログ 中国料理 EAST 百名店 2024,https://tabelog.com/aichi/A2301/A230104/23075825/,https://www.google.com/maps/search/?api=1&query=%E7%9C%9E%E5%96%84%E7%BE%8E%20%E6%84%9B%E7%9F%A5%E7%9C%8C%E5%90%8D%E5%8F%A4%E5%B1%8B%E5%B8%82%E6%9D%B1%E5%8C%BA%E6%9D%B1%E6%A1%9C2-12-34%20M%27s%20GARDEN%202F,2024,中国料理 EAST,chinese_east,発表日：2024年6月11日
壹番,静岡県熱海市咲見町7-48 咲見ハイツ 1Ｆ,食べログ 中国料理 EAST 百名店 2024,https://tabelog.com/shizuoka/A2205/A220502/22000012/,https://www.google.com/maps/search/?api=1&query=%E5%A3%B9%E7%95%AA%20%E9%9D%99%E5%B2%A1%E7%9C%8C%E7%86%B1%E6%B5%B7%E5%B8%82%E5%92%B2%E8%A6%8B%E7%94%BA7-48%20%E5%92%B2%E8%A6%8B%E3%83%8F%E3%82%A4%E3%83%84%201%EF%BC%A6,2024,中国料理 EAST,chinese_east,発表日：2024年6月11日
中華ダイニング 華火,岐阜県岐阜市北島7-13-9,食べログ 中国料理 EAST 百名店 2024,https://tabelog.com/gifu/A2101/A210101/21015771/,https://www.google.com/maps/search/?api=1&query=%E4%B8%AD%E8%8F%AF%E3%83%80%E3%82%A4%E3%83%8B%E3%83%B3%E3%82%B0%20%E8%8F%AF%E7%81%AB%20%E5%B2%90%E9%98%9C%E7%9C%8C%E5%B2%90%E9%98%9C%E5%B8%82%E5%8C%97%E5%B3%B67-13-9,2024,中国料理 EAST,chinese_east,発表日：2024年6月11日
小菜中華 hiro,岐阜県岐阜市鷹見町13-7 OKAMOTOビル 1F,食べログ 中国料理 EAST 百名店 2024,https://tabelog.com/gifu/A2101/A210101/21010875/,https://www.google.com/maps/search/?api=1&query=%E5%B0%8F%E8%8F%9C%E4%B8%AD%E8%8F%AF%20hiro%20%E5%B2%90%E9%98%9C%E7%9C%8C%E5%B2%90%E9%98%9C%E5%B8%82%E9%B7%B9%E8%A6%8B%E7%94%BA13-7%20OKAMOTO%E3%83%93%E3%83%AB%201F,2024,中国料理 EAST,chinese_east,発表日：2024年6月11日
中国料理 村松,静岡県静岡市葵区太田町9-3,食べログ 中国料理 EAST 百名店 2024,https://tabelog.com/shizuoka/A2201/A220101/22039417/,https://www.google.com/maps/search/?api=1&query=%E4%B8%AD%E5%9B%BD%E6%96%99%E7%90%86%20%E6%9D%91%E6%9D%BE%20%E9%9D%99%E5%B2%A1%E7%9C%8C%E9%9D%99%E5%B2%A1%E5%B8%82%E8%91%B5%E5%8C%BA%E5%A4%AA%E7%94%B0%E7%94%BA9-3,2024,中国料理 EAST,chinese_east,発表日：2024年6月11日
中国料理柳城,愛知県名古屋市中区錦一丁目19-30,食べログ 中国料理 EAST 百名店 2024,https://tabelog.com/aichi/A2301/A230102/23077611/,https://www.google.com/maps/search/?api=1&query=%E4%B8%AD%E5%9B%BD%E6%96%99%E7%90%86%E6%9F%B3%E5%9F%8E%20%E6%84%9B%E7%9F%A5%E7%9C%8C%E5%90%8D%E5%8F%A4%E5%B1%8B%E5%B8%82%E4%B8%AD%E5%8C%BA%E9%8C%A6%E4%B8%80%E4%B8%81%E7%9B%AE19-30,2024,中国料理 EAST,chinese_east,発表日：2024年6月11日
菜の花,愛知県名古屋市千種区若水3-18-2,食べログ 中国料理 EAST 百名店 2024,https://tabelog.com/aichi/A2301/A230106/23002546/,https://www.google.com/maps/search/?api=1&query=%E8%8F%9C%E3%81%AE%E8%8A%B1%20%E6%84%9B%E7%9F%A5%E7%9C%8C%E5%90%8D%E5%8F%A4%E5%B1%8B%E5%B8%82%E5%8D%83%E7%A8%AE%E5%8C%BA%E8%8B%A5%E6%B0%B43-18-2,2024,中国料理 EAST,chinese_east,発表日：2024年6月11日
四川 China 八兵衛,愛知県日進市岩崎町大塚42-3 エターナルビル　1F,食べログ 中国料理 EAST 百名店 2024,https://tabelog.com/aichi/A2303/A230302/23032100/,https://www.google.com/maps/search/?api=1&query=%E5%9B%9B%E5%B7%9D%20China%20%E5%85%AB%E5%85%B5%E8%A1%9B%20%E6%84%9B%E7%9F%A5%E7%9C%8C%E6%97%A5%E9%80%B2%E5%B8%82%E5%B2%A9%E5%B4%8E%E7%94%BA%E5%A4%A7%E5%A1%9A42-3%20%E3%82%A8%E3%82%BF%E3%83%BC%E3%83%8A%E3%83%AB%E3%83%93%E3%83%AB%E3%80%801F,2024,中国料理 EAST,chinese_east,発表日：2024年6月11日
中国料理 新香港,愛知県名古屋市中区錦3-24-17 BINO栄 5F,食べログ 中国料理 EAST 百名店 2024,https://tabelog.com/aichi/A2301/A230103/23077649/,https://www.google.com/maps/search/?api=1&query=%E4%B8%AD%E5%9B%BD%E6%96%99%E7%90%86%20%E6%96%B0%E9%A6%99%E6%B8%AF%20%E6%84%9B%E7%9F%A5%E7%9C%8C%E5%90%8D%E5%8F%A4%E5%B1%8B%E5%B8%82%E4%B8%AD%E5%8C%BA%E9%8C%A63-24-17%20BINO%E6%A0%84%205F,2024,中国料理 EAST,chinese_east,発表日：2024年6月11日
好蘭,愛知県名古屋市中区栄5-1-21 MLアシスト栄ビル 2F,食べログ 中国料理 EAST 百名店 2024,https://tabelog.com/aichi/A2301/A230103/23082675/,https://www.google.com/maps/search/?api=1&query=%E5%A5%BD%E8%98%AD%20%E6%84%9B%E7%9F%A5%E7%9C%8C%E5%90%8D%E5%8F%A4%E5%B1%8B%E5%B8%82%E4%B8%AD%E5%8C%BA%E6%A0%845-1-21%20ML%E3%82%A2%E3%82%B7%E3%82%B9%E3%83%88%E6%A0%84%E3%83%93%E3%83%AB%202F,2024,中国料理 EAST,chinese_east,発表日：2024年6月11日
矢場味仙,愛知県名古屋市中区大須3-6-3,食べログ 中国料理 EAST 百名店 2024,https://tabelog.com/aichi/A2301/A230103/23004315/,https://www.google.com/maps/search/?api=1&query=%E7%9F%A2%E5%A0%B4%E5%91%B3%E4%BB%99%20%E6%84%9B%E7%9F%A5%E7%9C%8C%E5%90%8D%E5%8F%A4%E5%B1%8B%E5%B8%82%E4%B8%AD%E5%8C%BA%E5%A4%A7%E9%A0%883-6-3,2024,中国料理 EAST,chinese_east,発表日：2024年6月11日
餃子菜館 勝ちゃん,石川県小松市土居原町395,食べログ 中国料理 WEST 百名店 2024,https://tabelog.com/ishikawa/A1702/A170202/17000692/,https://www.google.com/maps/search/?api=1&query=%E9%A4%83%E5%AD%90%E8%8F%9C%E9%A4%A8%20%E5%8B%9D%E3%81%A1%E3%82%83%E3%82%93%20%E7%9F%B3%E5%B7%9D%E7%9C%8C%E5%B0%8F%E6%9D%BE%E5%B8%82%E5%9C%9F%E5%B1%85%E5%8E%9F%E7%94%BA395,2024,中国料理 WEST,chinese_west,発表日：2024年6月11日
私房菜 きた川,三重県松阪市伊勢寺町1020,食べログ 中国料理 WEST 百名店 2024,https://tabelog.com/mie/A2401/A240102/24013156/,https://www.google.com/maps/search/?api=1&query=%E7%A7%81%E6%88%BF%E8%8F%9C%20%E3%81%8D%E3%81%9F%E5%B7%9D%20%E4%B8%89%E9%87%8D%E7%9C%8C%E6%9D%BE%E9%98%AA%E5%B8%82%E4%BC%8A%E5%8B%A2%E5%AF%BA%E7%94%BA1020,2024,中国料理 WEST,chinese_west,発表日：2024年6月11日
ヴィラ・アフガン,山梨県北杜市大泉町西井出8240-3510,食べログ カレー EAST 百名店 2024,https://tabelog.com/yamanashi/A1902/A190201/19000083/,https://www.google.com/maps/search/?api=1&query=%E3%83%B4%E3%82%A3%E3%83%A9%E3%83%BB%E3%82%A2%E3%83%95%E3%82%AC%E3%83%B3%20%E5%B1%B1%E6%A2%A8%E7%9C%8C%E5%8C%97%E6%9D%9C%E5%B8%82%E5%A4%A7%E6%B3%89%E7%94%BA%E8%A5%BF%E4%BA%95%E5%87%BA8240-3510,2024,カレー EAST,curry_east,発表日：2024年8月6日
カレー専門店cafe New Delhi,愛知県名古屋市中村区向島町4-24-9,食べログ カレー EAST 百名店 2024,https://tabelog.com/aichi/A2301/A230113/23007998/,https://www.google.com/maps/search/?api=1&query=%E3%82%AB%E3%83%AC%E3%83%BC%E5%B0%82%E9%96%80%E5%BA%97cafe%20New%20Delhi%20%E6%84%9B%E7%9F%A5%E7%9C%8C%E5%90%8D%E5%8F%A4%E5%B1%8B%E5%B8%82%E4%B8%AD%E6%9D%91%E5%8C%BA%E5%90%91%E5%B3%B6%E7%94%BA4-24-9,2024,カレー EAST,curry_east,発表日：2024年8月6日
匠 三越店,愛知県名古屋市中区栄3-5-1 名古屋栄三越 B1F,食べログ カレー EAST 百名店 2024,https://tabelog.com/aichi/A2301/A230103/23007038/,https://www.google.com/maps/search/?api=1&query=%E5%8C%A0%20%E4%B8%89%E8%B6%8A%E5%BA%97%20%E6%84%9B%E7%9F%A5%E7%9C%8C%E5%90%8D%E5%8F%A4%E5%B1%8B%E5%B8%82%E4%B8%AD%E5%8C%BA%E6%A0%843-5-1%20%E5%90%8D%E5%8F%A4%E5%B1%8B%E6%A0%84%E4%B8%89%E8%B6%8A%20B1F,2024,カレー EAST,curry_east,発表日：2024年8月6日
タンドゥール,愛知県名古屋市中村区名駅4-9-10 ミヤコ地下街,食べログ カレー EAST 百名店 2024,https://tabelog.com/aichi/A2301/A230101/23000920/,https://www.google.com/maps/search/?api=1&query=%E3%82%BF%E3%83%B3%E3%83%89%E3%82%A5%E3%83%BC%E3%83%AB%20%E6%84%9B%E7%9F%A5%E7%9C%8C%E5%90%8D%E5%8F%A4%E5%B1%8B%E5%B8%82%E4%B8%AD%E6%9D%91%E5%8C%BA%E5%90%8D%E9%A7%854-9-10%20%E3%83%9F%E3%83%A4%E3%82%B3%E5%9C%B0%E4%B8%8B%E8%A1%97,2024,カレー EAST,curry_east,発表日：2024年8月6日
松本メーヤウ 信大前店,長野県松本市桐2-1-25,食べログ カレー EAST 百名店 2024,https://tabelog.com/nagano/A2002/A200201/20000053/,https://www.google.com/maps/search/?api=1&query=%E6%9D%BE%E6%9C%AC%E3%83%A1%E3%83%BC%E3%83%A4%E3%82%A6%20%E4%BF%A1%E5%A4%A7%E5%89%8D%E5%BA%97%20%E9%95%B7%E9%87%8E%E7%9C%8C%E6%9D%BE%E6%9C%AC%E5%B8%82%E6%A1%902-1-25,2024,カレー EAST,curry_east,発表日：2024年8月6日
福みつ,静岡県浜松市中央区佐藤1-25-8,食べログ 餃子 百名店 2024,https://tabelog.com/shizuoka/A2202/A220201/22001373/,https://www.google.com/maps/search/?api=1&query=%E7%A6%8F%E3%81%BF%E3%81%A4%20%E9%9D%99%E5%B2%A1%E7%9C%8C%E6%B5%9C%E6%9D%BE%E5%B8%82%E4%B8%AD%E5%A4%AE%E5%8C%BA%E4%BD%90%E8%97%A41-25-8,2024,餃子,gyoza,発表日：2024年6月25日
ぎょうざの美鈴,三重県伊勢市宮町1-2-17,食べログ 餃子 百名店 2024,https://tabelog.com/mie/A2403/A240301/24000014/,https://www.google.com/maps/search/?api=1&query=%E3%81%8E%E3%82%87%E3%81%86%E3%81%96%E3%81%AE%E7%BE%8E%E9%88%B4%20%E4%B8%89%E9%87%8D%E7%9C%8C%E4%BC%8A%E5%8B%A2%E5%B8%82%E5%AE%AE%E7%94%BA1-2-17,2024,餃子,gyoza,発表日：2024年6月25日
むつぎく,静岡県浜松市中央区砂山町356-5,食べログ 餃子 百名店 2024,https://tabelog.com/shizuoka/A2202/A220201/22021065/,https://www.google.com/maps/search/?api=1&query=%E3%82%80%E3%81%A4%E3%81%8E%E3%81%8F%20%E9%9D%99%E5%B2%A1%E7%9C%8C%E6%B5%9C%E6%9D%BE%E5%B8%82%E4%B8%AD%E5%A4%AE%E5%8C%BA%E7%A0%82%E5%B1%B1%E7%94%BA356-5,2024,餃子,gyoza,発表日：2024年6月25日
岐州,岐阜県岐阜市住田町1-31 マツノビル　１Ｆ,食べログ 餃子 百名店 2024,https://tabelog.com/gifu/A2101/A210101/21001121/,https://www.google.com/maps/search/?api=1&query=%E5%B2%90%E5%B7%9E%20%E5%B2%90%E9%98%9C%E7%9C%8C%E5%B2%90%E9%98%9C%E5%B8%82%E4%BD%8F%E7%94%B0%E7%94%BA1-31%20%E3%83%9E%E3%83%84%E3%83%8E%E3%83%93%E3%83%AB%E3%80%80%EF%BC%91%EF%BC%A6,2024,餃子,gyoza,発表日：2024年6月25日
天一,愛知県名古屋市西区天塚町1丁目73-2 レインボー天塚1Ｆ,食べログ 餃子 百名店 2024,https://tabelog.com/aichi/A2301/A230113/23008880/,https://www.google.com/maps/search/?api=1&query=%E5%A4%A9%E4%B8%80%20%E6%84%9B%E7%9F%A5%E7%9C%8C%E5%90%8D%E5%8F%A4%E5%B1%8B%E5%B8%82%E8%A5%BF%E5%8C%BA%E5%A4%A9%E5%A1%9A%E7%94%BA1%E4%B8%81%E7%9B%AE73-2%20%E3%83%AC%E3%82%A4%E3%83%B3%E3%83%9C%E3%83%BC%E5%A4%A9%E5%A1%9A1%EF%BC%A6,2024,餃子,gyoza,発表日：2024年6月25日
たつみ,愛知県名古屋市中区新栄2-8-13 シャトー秋月 1F,食べログ 餃子 百名店 2024,https://tabelog.com/aichi/A2301/A230104/23053109/,https://www.google.com/maps/search/?api=1&query=%E3%81%9F%E3%81%A4%E3%81%BF%20%E6%84%9B%E7%9F%A5%E7%9C%8C%E5%90%8D%E5%8F%A4%E5%B1%8B%E5%B8%82%E4%B8%AD%E5%8C%BA%E6%96%B0%E6%A0%842-8-13%20%E3%82%B7%E3%83%A3%E3%83%88%E3%83%BC%E7%A7%8B%E6%9C%88%201F,2024,餃子,gyoza,発表日：2024年6月25日
百老亭 今池店,愛知県名古屋市千種区今池1-13-12,食べログ 餃子 百名店 2024,https://tabelog.com/aichi/A2301/A230106/23029601/,https://www.google.com/maps/search/?api=1&query=%E7%99%BE%E8%80%81%E4%BA%AD%20%E4%BB%8A%E6%B1%A0%E5%BA%97%20%E6%84%9B%E7%9F%A5%E7%9C%8C%E5%90%8D%E5%8F%A4%E5%B1%8B%E5%B8%82%E5%8D%83%E7%A8%AE%E5%8C%BA%E4%BB%8A%E6%B1%A01-13-12,2024,餃子,gyoza,発表日：2024年6月25日
ぎょうざ専門店唐や 錦店,愛知県名古屋市中区錦3-12-5,食べログ 餃子 百名店 2024,https://tabelog.com/aichi/A2301/A230103/23015455/,https://www.google.com/maps/search/?api=1&query=%E3%81%8E%E3%82%87%E3%81%86%E3%81%96%E5%B0%82%E9%96%80%E5%BA%97%E5%94%90%E3%82%84%20%E9%8C%A6%E5%BA%97%20%E6%84%9B%E7%9F%A5%E7%9C%8C%E5%90%8D%E5%8F%A4%E5%B1%8B%E5%B8%82%E4%B8%AD%E5%8C%BA%E9%8C%A63-12-5,2024,餃子,gyoza,発表日：2024年6月25日
小白,静岡県浜松市中央区古川町269-2,食べログ 餃子 百名店 2024,https://tabelog.com/shizuoka/A2202/A220201/22002680/,https://www.google.com/maps/search/?api=1&query=%E5%B0%8F%E7%99%BD%20%E9%9D%99%E5%B2%A1%E7%9C%8C%E6%B5%9C%E6%9D%BE%E5%B8%82%E4%B8%AD%E5%A4%AE%E5%8C%BA%E5%8F%A4%E5%B7%9D%E7%94%BA269-2,2024,餃子,gyoza,発表日：2024年6月25日
きよ,静岡県浜松市中央区鴨江1-33-5,食べログ 餃子 百名店 2024,https://tabelog.com/shizuoka/A2202/A220201/22000103/,https://www.google.com/maps/search/?api=1&query=%E3%81%8D%E3%82%88%20%E9%9D%99%E5%B2%A1%E7%9C%8C%E6%B5%9C%E6%9D%BE%E5%B8%82%E4%B8%AD%E5%A4%AE%E5%8C%BA%E9%B4%A8%E6%B1%9F1-33-5,2024,餃子,gyoza,発表日：2024年6月25日
喜慕里,静岡県浜松市中央区増楽町563-3,食べログ 餃子 百名店 2024,https://tabelog.com/shizuoka/A2202/A220201/22002540/,https://www.google.com/maps/search/?api=1&query=%E5%96%9C%E6%85%95%E9%87%8C%20%E9%9D%99%E5%B2%A1%E7%9C%8C%E6%B5%9C%E6%9D%BE%E5%B8%82%E4%B8%AD%E5%A4%AE%E5%8C%BA%E5%A2%97%E6%A5%BD%E7%94%BA563-3,2024,餃子,gyoza,発表日：2024年6月25日
餃子とスパークリング バブルス,愛知県名古屋市中区栄2-1-12 ダイアパレス伏見 1F,食べログ 餃子 百名店 2024,https://tabelog.com/aichi/A2301/A230102/23068000/,https://www.google.com/maps/search/?api=1&query=%E9%A4%83%E5%AD%90%E3%81%A8%E3%82%B9%E3%83%91%E3%83%BC%E3%82%AF%E3%83%AA%E3%83%B3%E3%82%B0%20%E3%83%90%E3%83%96%E3%83%AB%E3%82%B9%20%E6%84%9B%E7%9F%A5%E7%9C%8C%E5%90%8D%E5%8F%A4%E5%B1%8B%E5%B8%82%E4%B8%AD%E5%8C%BA%E6%A0%842-1-12%20%E3%83%80%E3%82%A4%E3%82%A2%E3%83%91%E3%83%AC%E3%82%B9%E4%BC%8F%E8%A6%8B%201F,2024,餃子,gyoza,発表日：2024年6月25日
餃子酒場 一世一代 本店,愛知県名古屋市中区栄4-4-9 西新ビル 1F,食べログ 餃子 百名店 2024,https://tabelog.com/aichi/A2301/A230103/23073991/,https://www.google.com/maps/search/?api=1&query=%E9%A4%83%E5%AD%90%E9%85%92%E5%A0%B4%20%E4%B8%80%E4%B8%96%E4%B8%80%E4%BB%A3%20%E6%9C%AC%E5%BA%97%20%E6%84%9B%E7%9F%A5%E7%9C%8C%E5%90%8D%E5%8F%A4%E5%B1%8B%E5%B8%82%E4%B8%AD%E5%8C%BA%E6%A0%844-4-9%20%E8%A5%BF%E6%96%B0%E3%83%93%E3%83%AB%201F,2024,餃子,gyoza,発表日：2024年6月25日
中央亭,静岡県沼津市添地町46,食べログ 餃子 百名店 2024,https://tabelog.com/shizuoka/A2205/A220501/22039475/,https://www.google.com/maps/search/?api=1&query=%E4%B8%AD%E5%A4%AE%E4%BA%AD%20%E9%9D%99%E5%B2%A1%E7%9C%8C%E6%B2%BC%E6%B4%A5%E5%B8%82%E6%B7%BB%E5%9C%B0%E7%94%BA46,2024,餃子,gyoza,発表日：2024年6月25日
エース バーガー カフェ,三重県伊勢市御薗町新開725-7,食べログ ハンバーガー 百名店 2024,https://tabelog.com/mie/A2403/A240301/24013160/,https://www.google.com/maps/search/?api=1&query=%E3%82%A8%E3%83%BC%E3%82%B9%20%E3%83%90%E3%83%BC%E3%82%AC%E3%83%BC%20%E3%82%AB%E3%83%95%E3%82%A7%20%E4%B8%89%E9%87%8D%E7%9C%8C%E4%BC%8A%E5%8B%A2%E5%B8%82%E5%BE%A1%E8%96%97%E7%94%BA%E6%96%B0%E9%96%8B725-7,2024,ハンバーガー,hamburger,発表日：2024年3月12日
The Burger Stand N’s,愛知県名古屋市千種区池下1-4-20,食べログ ハンバーガー 百名店 2024,https://tabelog.com/aichi/A2301/A230106/23066099/,https://www.google.com/maps/search/?api=1&query=The%20Burger%20Stand%20N%E2%80%99s%20%E6%84%9B%E7%9F%A5%E7%9C%8C%E5%90%8D%E5%8F%A4%E5%B1%8B%E5%B8%82%E5%8D%83%E7%A8%AE%E5%8C%BA%E6%B1%A0%E4%B8%8B1-4-20,2024,ハンバーガー,hamburger,発表日：2024年3月12日
ノンズ・バーガー・イズ・ヘブンリー,岐阜県各務原市那加桜町2-329 桜ビルディング 1F,食べログ ハンバーガー 百名店 2024,https://tabelog.com/gifu/A2101/A210102/21016569/,https://www.google.com/maps/search/?api=1&query=%E3%83%8E%E3%83%B3%E3%82%BA%E3%83%BB%E3%83%90%E3%83%BC%E3%82%AC%E3%83%BC%E3%83%BB%E3%82%A4%E3%82%BA%E3%83%BB%E3%83%98%E3%83%96%E3%83%B3%E3%83%AA%E3%83%BC%20%E5%B2%90%E9%98%9C%E7%9C%8C%E5%90%84%E5%8B%99%E5%8E%9F%E5%B8%82%E9%82%A3%E5%8A%A0%E6%A1%9C%E7%94%BA2-329%20%E6%A1%9C%E3%83%93%E3%83%AB%E3%83%87%E3%82%A3%E3%83%B3%E3%82%B0%201F,2024,ハンバーガー,hamburger,発表日：2024年3月12日
1/3 HAMBURGER FACTORY,石川県金沢市畝田東4-1125,食べログ ハンバーガー 百名店 2024,https://tabelog.com/ishikawa/A1701/A170101/17013126/,https://www.google.com/maps/search/?api=1&query=1/3%20HAMBURGER%20FACTORY%20%E7%9F%B3%E5%B7%9D%E7%9C%8C%E9%87%91%E6%B2%A2%E5%B8%82%E7%95%9D%E7%94%B0%E6%9D%B14-1125,2024,ハンバーガー,hamburger,発表日：2024年3月12日
ザ・コーナー ハンバーガー＆サルーン,愛知県名古屋市西区那古野2-18-7,食べログ ハンバーガー 百名店 2024,https://tabelog.com/aichi/A2301/A230101/23036425/,https://www.google.com/maps/search/?api=1&query=%E3%82%B6%E3%83%BB%E3%82%B3%E3%83%BC%E3%83%8A%E3%83%BC%20%E3%83%8F%E3%83%B3%E3%83%90%E3%83%BC%E3%82%AC%E3%83%BC%EF%BC%86%E3%82%B5%E3%83%AB%E3%83%BC%E3%83%B3%20%E6%84%9B%E7%9F%A5%E7%9C%8C%E5%90%8D%E5%8F%A4%E5%B1%8B%E5%B8%82%E8%A5%BF%E5%8C%BA%E9%82%A3%E5%8F%A4%E9%87%8E2-18-7,2024,ハンバーガー,hamburger,発表日：2024年3月12日
ソウルダイナー,愛知県名古屋市天白区植田3-1701 ワイズビル 1Ｆ,食べログ ハンバーガー 百名店 2024,https://tabelog.com/aichi/A2301/A230111/23046143/,https://www.google.com/maps/search/?api=1&query=%E3%82%BD%E3%82%A6%E3%83%AB%E3%83%80%E3%82%A4%E3%83%8A%E3%83%BC%20%E6%84%9B%E7%9F%A5%E7%9C%8C%E5%90%8D%E5%8F%A4%E5%B1%8B%E5%B8%82%E5%A4%A9%E7%99%BD%E5%8C%BA%E6%A4%8D%E7%94%B03-1701%20%E3%83%AF%E3%82%A4%E3%82%BA%E3%83%93%E3%83%AB%201%EF%BC%A6,2024,ハンバーガー,hamburger,発表日：2024年3月12日
CENTER4 HAMBURGERS,岐阜県高山市上一之町94,食べログ ハンバーガー 百名店 2024,https://tabelog.com/gifu/A2104/A210401/21009922/,https://www.google.com/maps/search/?api=1&query=CENTER4%20HAMBURGERS%20%E5%B2%90%E9%98%9C%E7%9C%8C%E9%AB%98%E5%B1%B1%E5%B8%82%E4%B8%8A%E4%B8%80%E4%B9%8B%E7%94%BA94,2024,ハンバーガー,hamburger,発表日：2024年3月12日
ザ リスコ,愛知県名古屋市中区平和1-16-6,食べログ ハンバーガー 百名店 2024,https://tabelog.com/aichi/A2301/A230105/23059609/,https://www.google.com/maps/search/?api=1&query=%E3%82%B6%20%E3%83%AA%E3%82%B9%E3%82%B3%20%E6%84%9B%E7%9F%A5%E7%9C%8C%E5%90%8D%E5%8F%A4%E5%B1%8B%E5%B8%82%E4%B8%AD%E5%8C%BA%E5%B9%B3%E5%92%8C1-16-6,2024,ハンバーガー,hamburger,発表日：2024年3月12日
JACK's KITCHEN,愛知県名古屋市東区泉3丁目4-23 ラメゾンエスト 1階,食べログ ハンバーガー 百名店 2024,https://tabelog.com/aichi/A2301/A230104/23052177/,https://www.google.com/maps/search/?api=1&query=JACK%27s%20KITCHEN%20%E6%84%9B%E7%9F%A5%E7%9C%8C%E5%90%8D%E5%8F%A4%E5%B1%8B%E5%B8%82%E6%9D%B1%E5%8C%BA%E6%B3%893%E4%B8%81%E7%9B%AE4-23%20%E3%83%A9%E3%83%A1%E3%82%BE%E3%83%B3%E3%82%A8%E3%82%B9%E3%83%88%201%E9%9A%8E,2024,ハンバーガー,hamburger,発表日：2024年3月12日
ハンサム バーガー,愛知県名古屋市中区錦2-13-24 伏見地下街 39-40,食べログ ハンバーガー 百名店 2024,https://tabelog.com/aichi/A2301/A230102/23058190/,https://www.google.com/maps/search/?api=1&query=%E3%83%8F%E3%83%B3%E3%82%B5%E3%83%A0%20%E3%83%90%E3%83%BC%E3%82%AC%E3%83%BC%20%E6%84%9B%E7%9F%A5%E7%9C%8C%E5%90%8D%E5%8F%A4%E5%B1%8B%E5%B8%82%E4%B8%AD%E5%8C%BA%E9%8C%A62-13-24%20%E4%BC%8F%E8%A6%8B%E5%9C%B0%E4%B8%8B%E8%A1%97%2039-40,2024,ハンバーガー,hamburger,発表日：2024年3月12日
tbz 覚王山本店,愛知県名古屋市千種区覚王山通9-8-2 キリン堂ビル 1F,食べログ ハンバーガー 百名店 2024,https://tabelog.com/aichi/A2301/A230107/23074354/,https://www.google.com/maps/search/?api=1&query=tbz%20%E8%A6%9A%E7%8E%8B%E5%B1%B1%E6%9C%AC%E5%BA%97%20%E6%84%9B%E7%9F%A5%E7%9C%8C%E5%90%8D%E5%8F%A4%E5%B1%8B%E5%B8%82%E5%8D%83%E7%A8%AE%E5%8C%BA%E8%A6%9A%E7%8E%8B%E5%B1%B1%E9%80%9A9-8-2%20%E3%82%AD%E3%83%AA%E3%83%B3%E5%A0%82%E3%83%93%E3%83%AB%201F,2024,ハンバーガー,hamburger,発表日：2024年3月12日
レイヤーズ 丸の内 本店,愛知県名古屋市中区丸の内3-8-26,食べログ ハンバーガー 百名店 2024,https://tabelog.com/aichi/A2301/A230103/23006213/,https://www.google.com/maps/search/?api=1&query=%E3%83%AC%E3%82%A4%E3%83%A4%E3%83%BC%E3%82%BA%20%E4%B8%B8%E3%81%AE%E5%86%85%20%E6%9C%AC%E5%BA%97%20%E6%84%9B%E7%9F%A5%E7%9C%8C%E5%90%8D%E5%8F%A4%E5%B1%8B%E5%B8%82%E4%B8%AD%E5%8C%BA%E4%B8%B8%E3%81%AE%E5%86%853-8-26,2024,ハンバーガー,hamburger,発表日：2024年3月12日
CARLY BURGER,岐阜県可児市今渡9-9 ビクトリア今渡 1F,食べログ ハンバーガー 百名店 2024,https://tabelog.com/gifu/A2102/A210203/21017158/,https://www.google.com/maps/search/?api=1&query=CARLY%20BURGER%20%E5%B2%90%E9%98%9C%E7%9C%8C%E5%8F%AF%E5%85%90%E5%B8%82%E4%BB%8A%E6%B8%A19-9%20%E3%83%93%E3%82%AF%E3%83%88%E3%83%AA%E3%82%A2%E4%BB%8A%E6%B8%A1%201F,2024,ハンバーガー,hamburger,発表日：2024年3月12日
Burger Stand Tender,新潟県新潟市中央区東中通1番町86-12 福住ビルⅡF1,食べログ ハンバーガー 百名店 2024,https://tabelog.com/niigata/A1501/A150101/15018604/,https://www.google.com/maps/search/?api=1&query=Burger%20Stand%20Tender%20%E6%96%B0%E6%BD%9F%E7%9C%8C%E6%96%B0%E6%BD%9F%E5%B8%82%E4%B8%AD%E5%A4%AE%E5%8C%BA%E6%9D%B1%E4%B8%AD%E9%80%9A1%E7%95%AA%E7%94%BA86-12%20%E7%A6%8F%E4%BD%8F%E3%83%93%E3%83%AB%E2%85%A1F1,2024,ハンバーガー,hamburger,発表日：2024年3月12日
World Burger 新潟駅前店,新潟県新潟市中央区弁天3-2-24,食べログ ハンバーガー 百名店 2024,https://tabelog.com/niigata/A1501/A150101/15021928/,https://www.google.com/maps/search/?api=1&query=World%20Burger%20%E6%96%B0%E6%BD%9F%E9%A7%85%E5%89%8D%E5%BA%97%20%E6%96%B0%E6%BD%9F%E7%9C%8C%E6%96%B0%E6%BD%9F%E5%B8%82%E4%B8%AD%E5%A4%AE%E5%8C%BA%E5%BC%81%E5%A4%A93-2-24,2024,ハンバーガー,hamburger,発表日：2024年3月12日
ムースヒルズバーガー,山梨県南都留郡富士河口湖町勝山3290-1,食べログ ハンバーガー 百名店 2024,https://tabelog.com/yamanashi/A1903/A190303/19003886/,https://www.google.com/maps/search/?api=1&query=%E3%83%A0%E3%83%BC%E3%82%B9%E3%83%92%E3%83%AB%E3%82%BA%E3%83%90%E3%83%BC%E3%82%AC%E3%83%BC%20%E5%B1%B1%E6%A2%A8%E7%9C%8C%E5%8D%97%E9%83%BD%E7%95%99%E9%83%A1%E5%AF%8C%E5%A3%AB%E6%B2%B3%E5%8F%A3%E6%B9%96%E7%94%BA%E5%8B%9D%E5%B1%B13290-1,2024,ハンバーガー,hamburger,発表日：2024年3月12日
葱ぼうず,新潟県新潟市中央区笹口1-10-1,食べログ 居酒屋 EAST 百名店 2024,https://tabelog.com/niigata/A1501/A150101/15000667/,https://www.google.com/maps/search/?api=1&query=%E8%91%B1%E3%81%BC%E3%81%86%E3%81%9A%20%E6%96%B0%E6%BD%9F%E7%9C%8C%E6%96%B0%E6%BD%9F%E5%B8%82%E4%B8%AD%E5%A4%AE%E5%8C%BA%E7%AC%B9%E5%8F%A31-10-1,2024,居酒屋 EAST,izakaya_east,発表日：2024年10月8日
大甚 本店,愛知県名古屋市中区栄1-5-6,食べログ 居酒屋 EAST 百名店 2024,https://tabelog.com/aichi/A2301/A230102/23000102/,https://www.google.com/maps/search/?api=1&query=%E5%A4%A7%E7%94%9A%20%E6%9C%AC%E5%BA%97%20%E6%84%9B%E7%9F%A5%E7%9C%8C%E5%90%8D%E5%8F%A4%E5%B1%8B%E5%B8%82%E4%B8%AD%E5%8C%BA%E6%A0%841-5-6,2024,居酒屋 EAST,izakaya_east,発表日：2024年10月8日
五郎 万代店,新潟県新潟市中央区東大通2-3-15 ２Ｆ,食べログ 居酒屋 EAST 百名店 2024,https://tabelog.com/niigata/A1501/A150101/15000444/,https://www.google.com/maps/search/?api=1&query=%E4%BA%94%E9%83%8E%20%E4%B8%87%E4%BB%A3%E5%BA%97%20%E6%96%B0%E6%BD%9F%E7%9C%8C%E6%96%B0%E6%BD%9F%E5%B8%82%E4%B8%AD%E5%A4%AE%E5%8C%BA%E6%9D%B1%E5%A4%A7%E9%80%9A2-3-15%20%EF%BC%92%EF%BC%A6,2024,居酒屋 EAST,izakaya_east,発表日：2024年10月8日
卯屋,長野県松本市中央1-2-12,食べログ 居酒屋 EAST 百名店 2024,https://tabelog.com/nagano/A2002/A200201/20000086/,https://www.google.com/maps/search/?api=1&query=%E5%8D%AF%E5%B1%8B%20%E9%95%B7%E9%87%8E%E7%9C%8C%E6%9D%BE%E6%9C%AC%E5%B8%82%E4%B8%AD%E5%A4%AE1-2-12,2024,居酒屋 EAST,izakaya_east,発表日：2024年10月8日
呑ひゃら,愛知県名古屋市西区浅間1-3-11,食べログ 居酒屋 EAST 百名店 2024,https://tabelog.com/aichi/A2301/A230109/23023883/,https://www.google.com/maps/search/?api=1&query=%E5%91%91%E3%81%B2%E3%82%83%E3%82%89%20%E6%84%9B%E7%9F%A5%E7%9C%8C%E5%90%8D%E5%8F%A4%E5%B1%8B%E5%B8%82%E8%A5%BF%E5%8C%BA%E6%B5%85%E9%96%931-3-11,2024,居酒屋 EAST,izakaya_east,発表日：2024年10月8日
魚ト日本酒あたらよ,愛知県名古屋市中区栄3-12-6 インペリアルプラザビル B1F,食べログ 居酒屋 EAST 百名店 2024,https://tabelog.com/aichi/A2301/A230103/23085958/,https://www.google.com/maps/search/?api=1&query=%E9%AD%9A%E3%83%88%E6%97%A5%E6%9C%AC%E9%85%92%E3%81%82%E3%81%9F%E3%82%89%E3%82%88%20%E6%84%9B%E7%9F%A5%E7%9C%8C%E5%90%8D%E5%8F%A4%E5%B1%8B%E5%B8%82%E4%B8%AD%E5%8C%BA%E6%A0%843-12-6%20%E3%82%A4%E3%83%B3%E3%83%9A%E3%83%AA%E3%82%A2%E3%83%AB%E3%83%97%E3%83%A9%E3%82%B6%E3%83%93%E3%83%AB%20B1F,2024,居酒屋 EAST,izakaya_east,発表日：2024年10月8日
酒肴遊善 じねん,静岡県浜松市中央区田町323-4,食べログ 居酒屋 EAST 百名店 2024,https://tabelog.com/shizuoka/A2202/A220201/22000724/,https://www.google.com/maps/search/?api=1&query=%E9%85%92%E8%82%B4%E9%81%8A%E5%96%84%20%E3%81%98%E3%81%AD%E3%82%93%20%E9%9D%99%E5%B2%A1%E7%9C%8C%E6%B5%9C%E6%9D%BE%E5%B8%82%E4%B8%AD%E5%A4%AE%E5%8C%BA%E7%94%B0%E7%94%BA323-4,2024,居酒屋 EAST,izakaya_east,発表日：2024年10月8日
漁師のおかず海老や,静岡県沼津市高島町15-9,食べログ 居酒屋 EAST 百名店 2024,https://tabelog.com/shizuoka/A2205/A220501/22011794/,https://www.google.com/maps/search/?api=1&query=%E6%BC%81%E5%B8%AB%E3%81%AE%E3%81%8A%E3%81%8B%E3%81%9A%E6%B5%B7%E8%80%81%E3%82%84%20%E9%9D%99%E5%B2%A1%E7%9C%8C%E6%B2%BC%E6%B4%A5%E5%B8%82%E9%AB%98%E5%B3%B6%E7%94%BA15-9,2024,居酒屋 EAST,izakaya_east,発表日：2024年10月8日
創作居酒家 NoBuSHo,愛知県名古屋市中村区名駅南1-10-20,食べログ 居酒屋 EAST 百名店 2024,https://tabelog.com/aichi/A2301/A230101/23083420/,https://www.google.com/maps/search/?api=1&query=%E5%89%B5%E4%BD%9C%E5%B1%85%E9%85%92%E5%AE%B6%20NoBuSHo%20%E6%84%9B%E7%9F%A5%E7%9C%8C%E5%90%8D%E5%8F%A4%E5%B1%8B%E5%B8%82%E4%B8%AD%E6%9D%91%E5%8C%BA%E5%90%8D%E9%A7%85%E5%8D%971-10-20,2024,居酒屋 EAST,izakaya_east,発表日：2024年10月8日
樽平,岐阜県高山市総和町1-50-6,食べログ 居酒屋 EAST 百名店 2024,https://tabelog.com/gifu/A2104/A210401/21006202/,https://www.google.com/maps/search/?api=1&query=%E6%A8%BD%E5%B9%B3%20%E5%B2%90%E9%98%9C%E7%9C%8C%E9%AB%98%E5%B1%B1%E5%B8%82%E7%B7%8F%E5%92%8C%E7%94%BA1-50-6,2024,居酒屋 EAST,izakaya_east,発表日：2024年10月8日
地酒と旬の味 ききや,愛知県名古屋市千種区高見1-16-7 ベネッセ高見　１Ｆ,食べログ 居酒屋 EAST 百名店 2024,https://tabelog.com/aichi/A2301/A230106/23001445/,https://www.google.com/maps/search/?api=1&query=%E5%9C%B0%E9%85%92%E3%81%A8%E6%97%AC%E3%81%AE%E5%91%B3%20%E3%81%8D%E3%81%8D%E3%82%84%20%E6%84%9B%E7%9F%A5%E7%9C%8C%E5%90%8D%E5%8F%A4%E5%B1%8B%E5%B8%82%E5%8D%83%E7%A8%AE%E5%8C%BA%E9%AB%98%E8%A6%8B1-16-7%20%E3%83%99%E3%83%8D%E3%83%83%E3%82%BB%E9%AB%98%E8%A6%8B%E3%80%80%EF%BC%91%EF%BC%A6,2024,居酒屋 EAST,izakaya_east,発表日：2024年10月8日
海の日,愛知県名古屋市中区栄4-15-14 栄ハイホーム １Ｆ,食べログ 居酒屋 EAST 百名店 2024,https://tabelog.com/aichi/A2301/A230103/23047210/,https://www.google.com/maps/search/?api=1&query=%E6%B5%B7%E3%81%AE%E6%97%A5%20%E6%84%9B%E7%9F%A5%E7%9C%8C%E5%90%8D%E5%8F%A4%E5%B1%8B%E5%B8%82%E4%B8%AD%E5%8C%BA%E6%A0%844-15-14%20%E6%A0%84%E3%83%8F%E3%82%A4%E3%83%9B%E3%83%BC%E3%83%A0%20%EF%BC%91%EF%BC%A6,2024,居酒屋 EAST,izakaya_east,発表日：2024年10月8日
越後一会 十郎,新潟県新潟市中央区東大通2-1-7 松屋ビル　１Ｆ,食べログ 居酒屋 EAST 百名店 2024,https://tabelog.com/niigata/A1501/A150101/15008980/,https://www.google.com/maps/search/?api=1&query=%E8%B6%8A%E5%BE%8C%E4%B8%80%E4%BC%9A%20%E5%8D%81%E9%83%8E%20%E6%96%B0%E6%BD%9F%E7%9C%8C%E6%96%B0%E6%BD%9F%E5%B8%82%E4%B8%AD%E5%A4%AE%E5%8C%BA%E6%9D%B1%E5%A4%A7%E9%80%9A2-1-7%20%E6%9D%BE%E5%B1%8B%E3%83%93%E3%83%AB%E3%80%80%EF%BC%91%EF%BC%A6,2024,居酒屋 EAST,izakaya_east,発表日：2024年10月8日
五郎 古町店,新潟県新潟市中央区古町通8番町1446 一蔵ビル 1F,食べログ 居酒屋 EAST 百名店 2024,https://tabelog.com/niigata/A1501/A150101/15000064/,https://www.google.com/maps/search/?api=1&query=%E4%BA%94%E9%83%8E%20%E5%8F%A4%E7%94%BA%E5%BA%97%20%E6%96%B0%E6%BD%9F%E7%9C%8C%E6%96%B0%E6%BD%9F%E5%B8%82%E4%B8%AD%E5%A4%AE%E5%8C%BA%E5%8F%A4%E7%94%BA%E9%80%9A8%E7%95%AA%E7%94%BA1446%20%E4%B8%80%E8%94%B5%E3%83%93%E3%83%AB%201F,2024,居酒屋 EAST,izakaya_east,発表日：2024年10月8日
おばんざい あんこ,愛知県名古屋市中村区名駅南1-10-19,食べログ 居酒屋 EAST 百名店 2024,https://tabelog.com/aichi/A2301/A230101/23073563/,https://www.google.com/maps/search/?api=1&query=%E3%81%8A%E3%81%B0%E3%82%93%E3%81%96%E3%81%84%20%E3%81%82%E3%82%93%E3%81%93%20%E6%84%9B%E7%9F%A5%E7%9C%8C%E5%90%8D%E5%8F%A4%E5%B1%8B%E5%B8%82%E4%B8%AD%E6%9D%91%E5%8C%BA%E5%90%8D%E9%A7%85%E5%8D%971-10-19,2024,居酒屋 EAST,izakaya_east,発表日：2024年10月8日
ルッカ,愛知県名古屋市中区東桜2-22-15 いずみビル 1F,食べログ 居酒屋 EAST 百名店 2024,https://tabelog.com/aichi/A2301/A230104/23047705/,https://www.google.com/maps/search/?api=1&query=%E3%83%AB%E3%83%83%E3%82%AB%20%E6%84%9B%E7%9F%A5%E7%9C%8C%E5%90%8D%E5%8F%A4%E5%B1%8B%E5%B8%82%E4%B8%AD%E5%8C%BA%E6%9D%B1%E6%A1%9C2-22-15%20%E3%81%84%E3%81%9A%E3%81%BF%E3%83%93%E3%83%AB%201F,2024,居酒屋 EAST,izakaya_east,発表日：2024年10月8日
フランス惣菜と串カツ マルブラード,"愛知県名古屋市中区新栄2-15-6, プラザ新栄",食べログ 居酒屋 EAST 百名店 2024,https://tabelog.com/aichi/A2301/A230104/23067674/,https://www.google.com/maps/search/?api=1&query=%E3%83%95%E3%83%A9%E3%83%B3%E3%82%B9%E6%83%A3%E8%8F%9C%E3%81%A8%E4%B8%B2%E3%82%AB%E3%83%84%20%E3%83%9E%E3%83%AB%E3%83%96%E3%83%A9%E3%83%BC%E3%83%89%20%E6%84%9B%E7%9F%A5%E7%9C%8C%E5%90%8D%E5%8F%A4%E5%B1%8B%E5%B8%82%E4%B8%AD%E5%8C%BA%E6%96%B0%E6%A0%842-15-6%2C%20%E3%83%97%E3%83%A9%E3%82%B6%E6%96%B0%E6%A0%84,2024,居酒屋 EAST,izakaya_east,発表日：2024年10月8日
喜ぐち,新潟県新潟市中央区古町通10番町1720,食べログ 居酒屋 EAST 百名店 2024,https://tabelog.com/niigata/A1501/A150101/15002367/,https://www.google.com/maps/search/?api=1&query=%E5%96%9C%E3%81%90%E3%81%A1%20%E6%96%B0%E6%BD%9F%E7%9C%8C%E6%96%B0%E6%BD%9F%E5%B8%82%E4%B8%AD%E5%A4%AE%E5%8C%BA%E5%8F%A4%E7%94%BA%E9%80%9A10%E7%95%AA%E7%94%BA1720,2024,居酒屋 EAST,izakaya_east,発表日：2024年10月8日
産直さばと青魚 伏見あおい,愛知県名古屋市中区錦2-10-25,食べログ 居酒屋 EAST 百名店 2024,https://tabelog.com/aichi/A2301/A230102/23072428/,https://www.google.com/maps/search/?api=1&query=%E7%94%A3%E7%9B%B4%E3%81%95%E3%81%B0%E3%81%A8%E9%9D%92%E9%AD%9A%20%E4%BC%8F%E8%A6%8B%E3%81%82%E3%81%8A%E3%81%84%20%E6%84%9B%E7%9F%A5%E7%9C%8C%E5%90%8D%E5%8F%A4%E5%B1%8B%E5%B8%82%E4%B8%AD%E5%8C%BA%E9%8C%A62-10-25,2024,居酒屋 EAST,izakaya_east,発表日：2024年10月8日
居酒屋 大江戸,愛知県名古屋市中区大須3-8-26,食べログ 居酒屋 EAST 百名店 2024,https://tabelog.com/aichi/A2301/A230103/23007244/,https://www.google.com/maps/search/?api=1&query=%E5%B1%85%E9%85%92%E5%B1%8B%20%E5%A4%A7%E6%B1%9F%E6%88%B8%20%E6%84%9B%E7%9F%A5%E7%9C%8C%E5%90%8D%E5%8F%A4%E5%B1%8B%E5%B8%82%E4%B8%AD%E5%8C%BA%E5%A4%A7%E9%A0%883-8-26,2024,居酒屋 EAST,izakaya_east,発表日：2024年10月8日
泰平,静岡県静岡市葵区両替町2-3-11,食べログ 居酒屋 EAST 百名店 2024,https://tabelog.com/shizuoka/A2201/A220101/22012151/,https://www.google.com/maps/search/?api=1&query=%E6%B3%B0%E5%B9%B3%20%E9%9D%99%E5%B2%A1%E7%9C%8C%E9%9D%99%E5%B2%A1%E5%B8%82%E8%91%B5%E5%8C%BA%E4%B8%A1%E6%9B%BF%E7%94%BA2-3-11,2024,居酒屋 EAST,izakaya_east,発表日：2024年10月8日
貴田乃瀬,静岡県浜松市中央区田町231-1,食べログ 居酒屋 EAST 百名店 2024,https://tabelog.com/shizuoka/A2202/A220201/22000035/,https://www.google.com/maps/search/?api=1&query=%E8%B2%B4%E7%94%B0%E4%B9%83%E7%80%AC%20%E9%9D%99%E5%B2%A1%E7%9C%8C%E6%B5%9C%E6%9D%BE%E5%B8%82%E4%B8%AD%E5%A4%AE%E5%8C%BA%E7%94%B0%E7%94%BA231-1,2024,居酒屋 EAST,izakaya_east,発表日：2024年10月8日
どんまい 名駅南一丁目,愛知県名古屋市中村区名駅南1-14-20,食べログ 居酒屋 EAST 百名店 2024,https://tabelog.com/aichi/A2301/A230101/23058092/,https://www.google.com/maps/search/?api=1&query=%E3%81%A9%E3%82%93%E3%81%BE%E3%81%84%20%E5%90%8D%E9%A7%85%E5%8D%97%E4%B8%80%E4%B8%81%E7%9B%AE%20%E6%84%9B%E7%9F%A5%E7%9C%8C%E5%90%8D%E5%8F%A4%E5%B1%8B%E5%B8%82%E4%B8%AD%E6%9D%91%E5%8C%BA%E5%90%8D%E9%A7%85%E5%8D%971-14-20,2024,居酒屋 EAST,izakaya_east,発表日：2024年10月8日
めしや 浮世ばなれ,愛知県名古屋市中区栄3-11-18 ミドリヤビル 2F,食べログ 居酒屋 EAST 百名店 2024,https://tabelog.com/aichi/A2301/A230103/23078839/,https://www.google.com/maps/search/?api=1&query=%E3%82%81%E3%81%97%E3%82%84%20%E6%B5%AE%E4%B8%96%E3%81%B0%E3%81%AA%E3%82%8C%20%E6%84%9B%E7%9F%A5%E7%9C%8C%E5%90%8D%E5%8F%A4%E5%B1%8B%E5%B8%82%E4%B8%AD%E5%8C%BA%E6%A0%843-11-18%20%E3%83%9F%E3%83%89%E3%83%AA%E3%83%A4%E3%83%93%E3%83%AB%202F,2024,居酒屋 EAST,izakaya_east,発表日：2024年10月8日
向井酒の店,三重県伊勢市宮後2-5-26,食べログ 居酒屋 WEST 百名店 2024,https://tabelog.com/mie/A2403/A240301/24005695/,https://www.google.com/maps/search/?api=1&query=%E5%90%91%E4%BA%95%E9%85%92%E3%81%AE%E5%BA%97%20%E4%B8%89%E9%87%8D%E7%9C%8C%E4%BC%8A%E5%8B%A2%E5%B8%82%E5%AE%AE%E5%BE%8C2-5-26,2024,居酒屋 WEST,izakaya_west,発表日：2024年10月8日
いたる 本店,石川県金沢市柿木畠3-8,食べログ 居酒屋 WEST 百名店 2024,https://tabelog.com/ishikawa/A1701/A170101/17000009/,https://www.google.com/maps/search/?api=1&query=%E3%81%84%E3%81%9F%E3%82%8B%20%E6%9C%AC%E5%BA%97%20%E7%9F%B3%E5%B7%9D%E7%9C%8C%E9%87%91%E6%B2%A2%E5%B8%82%E6%9F%BF%E6%9C%A8%E7%95%A03-8,2024,居酒屋 WEST,izakaya_west,発表日：2024年10月8日
おき野,三重県四日市市諏訪栄町14-6,食べログ 居酒屋 WEST 百名店 2024,https://tabelog.com/mie/A2402/A240201/24004901/,https://www.google.com/maps/search/?api=1&query=%E3%81%8A%E3%81%8D%E9%87%8E%20%E4%B8%89%E9%87%8D%E7%9C%8C%E5%9B%9B%E6%97%A5%E5%B8%82%E5%B8%82%E8%AB%8F%E8%A8%AA%E6%A0%84%E7%94%BA14-6,2024,居酒屋 WEST,izakaya_west,発表日：2024年10月8日
黒百合,石川県金沢市木ノ新保町1-1 金沢百番街　あんと,食べログ 居酒屋 WEST 百名店 2024,https://tabelog.com/ishikawa/A1701/A170101/17000022/,https://www.google.com/maps/search/?api=1&query=%E9%BB%92%E7%99%BE%E5%90%88%20%E7%9F%B3%E5%B7%9D%E7%9C%8C%E9%87%91%E6%B2%A2%E5%B8%82%E6%9C%A8%E3%83%8E%E6%96%B0%E4%BF%9D%E7%94%BA1-1%20%E9%87%91%E6%B2%A2%E7%99%BE%E7%95%AA%E8%A1%97%E3%80%80%E3%81%82%E3%82%93%E3%81%A8,2024,居酒屋 WEST,izakaya_west,発表日：2024年10月8日
吟魚,富山県富山市新富町2-1-3,食べログ 居酒屋 WEST 百名店 2024,https://tabelog.com/toyama/A1601/A160101/16007011/,https://www.google.com/maps/search/?api=1&query=%E5%90%9F%E9%AD%9A%20%E5%AF%8C%E5%B1%B1%E7%9C%8C%E5%AF%8C%E5%B1%B1%E5%B8%82%E6%96%B0%E5%AF%8C%E7%94%BA2-1-3,2024,居酒屋 WEST,izakaya_west,発表日：2024年10月8日
こいで,石川県金沢市笠市町5-7,食べログ 居酒屋 WEST 百名店 2024,https://tabelog.com/ishikawa/A1701/A170101/17001005/,https://www.google.com/maps/search/?api=1&query=%E3%81%93%E3%81%84%E3%81%A7%20%E7%9F%B3%E5%B7%9D%E7%9C%8C%E9%87%91%E6%B2%A2%E5%B8%82%E7%AC%A0%E5%B8%82%E7%94%BA5-7,2024,居酒屋 WEST,izakaya_west,発表日：2024年10月8日
虎丸,三重県伊勢市河崎2-13-6,食べログ 居酒屋 WEST 百名店 2024,https://tabelog.com/mie/A2403/A240301/24000592/,https://www.google.com/maps/search/?api=1&query=%E8%99%8E%E4%B8%B8%20%E4%B8%89%E9%87%8D%E7%9C%8C%E4%BC%8A%E5%8B%A2%E5%B8%82%E6%B2%B3%E5%B4%8E2-13-6,2024,居酒屋 WEST,izakaya_west,発表日：2024年10月8日
酒粋 醍醐,石川県金沢市安江町19-4,食べログ 居酒屋 WEST 百名店 2024,https://tabelog.com/ishikawa/A1701/A170101/17009374/,https://www.google.com/maps/search/?api=1&query=%E9%85%92%E7%B2%8B%20%E9%86%8D%E9%86%90%20%E7%9F%B3%E5%B7%9D%E7%9C%8C%E9%87%91%E6%B2%A2%E5%B8%82%E5%AE%89%E6%B1%9F%E7%94%BA19-4,2024,居酒屋 WEST,izakaya_west,発表日：2024年10月8日
味楽 ゆめり,石川県金沢市本町1-3-33,食べログ 居酒屋 WEST 百名店 2024,https://tabelog.com/ishikawa/A1701/A170101/17005534/,https://www.google.com/maps/search/?api=1&query=%E5%91%B3%E6%A5%BD%20%E3%82%86%E3%82%81%E3%82%8A%20%E7%9F%B3%E5%B7%9D%E7%9C%8C%E9%87%91%E6%B2%A2%E5%B8%82%E6%9C%AC%E7%94%BA1-3-33,2024,居酒屋 WEST,izakaya_west,発表日：2024年10月8日
吟魚のはなれ  吟チロリ,富山県富山市宝町2-4-20 宝町ビル1F,食べログ 居酒屋 WEST 百名店 2024,https://tabelog.com/toyama/A1601/A160101/16008871/,https://www.google.com/maps/search/?api=1&query=%E5%90%9F%E9%AD%9A%E3%81%AE%E3%81%AF%E3%81%AA%E3%82%8C%20%20%E5%90%9F%E3%83%81%E3%83%AD%E3%83%AA%20%E5%AF%8C%E5%B1%B1%E7%9C%8C%E5%AF%8C%E5%B1%B1%E5%B8%82%E5%AE%9D%E7%94%BA2-4-20%20%E5%AE%9D%E7%94%BA%E3%83%93%E3%83%AB1F,2024,居酒屋 WEST,izakaya_west,発表日：2024年10月8日
一月家,三重県伊勢市曽祢2-4-4,食べログ 居酒屋 WEST 百名店 2024,https://tabelog.com/mie/A2403/A240301/24005542/,https://www.google.com/maps/search/?api=1&query=%E4%B8%80%E6%9C%88%E5%AE%B6%20%E4%B8%89%E9%87%8D%E7%9C%8C%E4%BC%8A%E5%8B%A2%E5%B8%82%E6%9B%BD%E7%A5%A22-4-4,2024,居酒屋 WEST,izakaya_west,発表日：2024年10月8日
今池屋,愛知県名古屋市千種区今池4丁目12-16,食べログ お好み焼き 百名店 2024,https://tabelog.com/aichi/A2301/A230106/23001713/,https://www.google.com/maps/search/?api=1&query=%E4%BB%8A%E6%B1%A0%E5%B1%8B%20%E6%84%9B%E7%9F%A5%E7%9C%8C%E5%90%8D%E5%8F%A4%E5%B1%8B%E5%B8%82%E5%8D%83%E7%A8%AE%E5%8C%BA%E4%BB%8A%E6%B1%A04%E4%B8%81%E7%9B%AE12-16,2024,お好み焼き,okonomiyaki,発表日：2024年5月28日
ぼてやん多奈加,富山県富山市新富町1-2-3 CiC B1F,食べログ お好み焼き 百名店 2024,https://tabelog.com/toyama/A1601/A160101/16007479/,https://www.google.com/maps/search/?api=1&query=%E3%81%BC%E3%81%A6%E3%82%84%E3%82%93%E5%A4%9A%E5%A5%88%E5%8A%A0%20%E5%AF%8C%E5%B1%B1%E7%9C%8C%E5%AF%8C%E5%B1%B1%E5%B8%82%E6%96%B0%E5%AF%8C%E7%94%BA1-2-3%20CiC%20B1F,2024,お好み焼き,okonomiyaki,発表日：2024年5月28日
ぼてふく,岐阜県可児市土田字渡2763-3,食べログ お好み焼き 百名店 2024,https://tabelog.com/gifu/A2102/A210203/21001810/,https://www.google.com/maps/search/?api=1&query=%E3%81%BC%E3%81%A6%E3%81%B5%E3%81%8F%20%E5%B2%90%E9%98%9C%E7%9C%8C%E5%8F%AF%E5%85%90%E5%B8%82%E5%9C%9F%E7%94%B0%E5%AD%97%E6%B8%A12763-3,2024,お好み焼き,okonomiyaki,発表日：2024年5月28日
じゃけん 名古屋店,愛知県名古屋市中村区名駅3-3-4 児玉ビル１階,食べログ お好み焼き 百名店 2024,https://tabelog.com/aichi/A2301/A230101/23035482/,https://www.google.com/maps/search/?api=1&query=%E3%81%98%E3%82%83%E3%81%91%E3%82%93%20%E5%90%8D%E5%8F%A4%E5%B1%8B%E5%BA%97%20%E6%84%9B%E7%9F%A5%E7%9C%8C%E5%90%8D%E5%8F%A4%E5%B1%8B%E5%B8%82%E4%B8%AD%E6%9D%91%E5%8C%BA%E5%90%8D%E9%A7%853-3-4%20%E5%85%90%E7%8E%89%E3%83%93%E3%83%AB%EF%BC%91%E9%9A%8E,2024,お好み焼き,okonomiyaki,発表日：2024年5月28日
お好み焼 平野屋,石川県七尾市本府中町ル-20,食べログ お好み焼き 百名店 2024,https://tabelog.com/ishikawa/A1703/A170302/17003809/,https://www.google.com/maps/search/?api=1&query=%E3%81%8A%E5%A5%BD%E3%81%BF%E7%84%BC%20%E5%B9%B3%E9%87%8E%E5%B1%8B%20%E7%9F%B3%E5%B7%9D%E7%9C%8C%E4%B8%83%E5%B0%BE%E5%B8%82%E6%9C%AC%E5%BA%9C%E4%B8%AD%E7%94%BA%E3%83%AB-20,2024,お好み焼き,okonomiyaki,発表日：2024年5月28日
八尾家,石川県白山市鶴来水戸町ネ79-1,食べログ お好み焼き 百名店 2024,https://tabelog.com/ishikawa/A1702/A170203/17008658/,https://www.google.com/maps/search/?api=1&query=%E5%85%AB%E5%B0%BE%E5%AE%B6%20%E7%9F%B3%E5%B7%9D%E7%9C%8C%E7%99%BD%E5%B1%B1%E5%B8%82%E9%B6%B4%E6%9D%A5%E6%B0%B4%E6%88%B8%E7%94%BA%E3%83%8D79-1,2024,お好み焼き,okonomiyaki,発表日：2024年5月28日
京祇園ねぎ焼 粉,石川県金沢市片町2-7-21,食べログ お好み焼き 百名店 2024,https://tabelog.com/ishikawa/A1701/A170101/17005442/,https://www.google.com/maps/search/?api=1&query=%E4%BA%AC%E7%A5%87%E5%9C%92%E3%81%AD%E3%81%8E%E7%84%BC%20%E7%B2%89%20%E7%9F%B3%E5%B7%9D%E7%9C%8C%E9%87%91%E6%B2%A2%E5%B8%82%E7%89%87%E7%94%BA2-7-21,2024,お好み焼き,okonomiyaki,発表日：2024年5月28日
りきどう,岐阜県岐阜市島栄町2-53,食べログ ラーメン EAST 百名店 2024,https://tabelog.com/gifu/A2101/A210101/21013064/,https://www.google.com/maps/search/?api=1&query=%E3%82%8A%E3%81%8D%E3%81%A9%E3%81%86%20%E5%B2%90%E9%98%9C%E7%9C%8C%E5%B2%90%E9%98%9C%E5%B8%82%E5%B3%B6%E6%A0%84%E7%94%BA2-53,2024,ラーメン EAST,ramen_east,発表日：2024年12月3日
自家製麺 公園前,愛知県岡崎市柱4-8-16,食べログ ラーメン EAST 百名店 2024,https://tabelog.com/aichi/A2305/A230502/23056524/,https://www.google.com/maps/search/?api=1&query=%E8%87%AA%E5%AE%B6%E8%A3%BD%E9%BA%BA%20%E5%85%AC%E5%9C%92%E5%89%8D%20%E6%84%9B%E7%9F%A5%E7%9C%8C%E5%B2%A1%E5%B4%8E%E5%B8%82%E6%9F%B14-8-16,2024,ラーメン EAST,ramen_east,発表日：2024年12月3日
えびそば 緋彩,愛知県名古屋市瑞穂区明前町13-19 堀田グリーンハイツ 1F,食べログ ラーメン EAST 百名店 2024,https://tabelog.com/aichi/A2301/A230112/23072604/,https://www.google.com/maps/search/?api=1&query=%E3%81%88%E3%81%B3%E3%81%9D%E3%81%B0%20%E7%B7%8B%E5%BD%A9%20%E6%84%9B%E7%9F%A5%E7%9C%8C%E5%90%8D%E5%8F%A4%E5%B1%8B%E5%B8%82%E7%91%9E%E7%A9%82%E5%8C%BA%E6%98%8E%E5%89%8D%E7%94%BA13-19%20%E5%A0%80%E7%94%B0%E3%82%B0%E3%83%AA%E3%83%BC%E3%83%B3%E3%83%8F%E3%82%A4%E3%83%84%201F,2024,ラーメン EAST,ramen_east,発表日：2024年12月3日
麺 㐂色,岐阜県羽島郡岐南町上印食9-101,食べログ ラーメン EAST 百名店 2024,https://tabelog.com/gifu/A2101/A210102/21019373/,https://www.google.com/maps/search/?api=1&query=%E9%BA%BA%20%E3%90%82%E8%89%B2%20%E5%B2%90%E9%98%9C%E7%9C%8C%E7%BE%BD%E5%B3%B6%E9%83%A1%E5%B2%90%E5%8D%97%E7%94%BA%E4%B8%8A%E5%8D%B0%E9%A3%9F9-101,2024,ラーメン EAST,ramen_east,発表日：2024年12月3日
小麦そば 池,長野県松本市中央1-25-1 犬飼ビル1F,食べログ ラーメン EAST 百名店 2024,https://tabelog.com/nagano/A2002/A200201/20026169/,https://www.google.com/maps/search/?api=1&query=%E5%B0%8F%E9%BA%A6%E3%81%9D%E3%81%B0%20%E6%B1%A0%20%E9%95%B7%E9%87%8E%E7%9C%8C%E6%9D%BE%E6%9C%AC%E5%B8%82%E4%B8%AD%E5%A4%AE1-25-1%20%E7%8A%AC%E9%A3%BC%E3%83%93%E3%83%AB1F,2024,ラーメン EAST,ramen_east,発表日：2024年12月3日
だし・麺 未蕾,愛知県蒲郡市本町1-25,食べログ ラーメン EAST 百名店 2024,https://tabelog.com/aichi/A2306/A230603/23066516/,https://www.google.com/maps/search/?api=1&query=%E3%81%A0%E3%81%97%E3%83%BB%E9%BA%BA%20%E6%9C%AA%E8%95%BE%20%E6%84%9B%E7%9F%A5%E7%9C%8C%E8%92%B2%E9%83%A1%E5%B8%82%E6%9C%AC%E7%94%BA1-25,2024,ラーメン EAST,ramen_east,発表日：2024年12月3日
らぁ麺 飛鶏,愛知県春日井市御幸町3-4-6,食べログ ラーメン EAST 百名店 2024,https://tabelog.com/aichi/A2303/A230301/23051026/,https://www.google.com/maps/search/?api=1&query=%E3%82%89%E3%81%81%E9%BA%BA%20%E9%A3%9B%E9%B6%8F%20%E6%84%9B%E7%9F%A5%E7%9C%8C%E6%98%A5%E6%97%A5%E4%BA%95%E5%B8%82%E5%BE%A1%E5%B9%B8%E7%94%BA3-4-6,2024,ラーメン EAST,ramen_east,発表日：2024年12月3日
らぁ麺や 汐そば雫,愛知県名古屋市瑞穂区下坂町4-15 スターリア1F,食べログ ラーメン EAST 百名店 2024,https://tabelog.com/aichi/A2301/A230112/23050560/,https://www.google.com/maps/search/?api=1&query=%E3%82%89%E3%81%81%E9%BA%BA%E3%82%84%20%E6%B1%90%E3%81%9D%E3%81%B0%E9%9B%AB%20%E6%84%9B%E7%9F%A5%E7%9C%8C%E5%90%8D%E5%8F%A4%E5%B1%8B%E5%B8%82%E7%91%9E%E7%A9%82%E5%8C%BA%E4%B8%8B%E5%9D%82%E7%94%BA4-15%20%E3%82%B9%E3%82%BF%E3%83%BC%E3%83%AA%E3%82%A21F,2024,ラーメン EAST,ramen_east,発表日：2024年12月3日
中華蕎麦 生る,愛知県名古屋市千種区豊年町3-18,食べログ ラーメン EAST 百名店 2024,https://tabelog.com/aichi/A2301/A230106/23061894/,https://www.google.com/maps/search/?api=1&query=%E4%B8%AD%E8%8F%AF%E8%95%8E%E9%BA%A6%20%E7%94%9F%E3%82%8B%20%E6%84%9B%E7%9F%A5%E7%9C%8C%E5%90%8D%E5%8F%A4%E5%B1%8B%E5%B8%82%E5%8D%83%E7%A8%AE%E5%8C%BA%E8%B1%8A%E5%B9%B4%E7%94%BA3-18,2024,ラーメン EAST,ramen_east,発表日：2024年12月3日
麺屋さくら,愛知県半田市出口町1-45-16,食べログ ラーメン EAST 百名店 2024,https://tabelog.com/aichi/A2304/A230402/23036504/,https://www.google.com/maps/search/?api=1&query=%E9%BA%BA%E5%B1%8B%E3%81%95%E3%81%8F%E3%82%89%20%E6%84%9B%E7%9F%A5%E7%9C%8C%E5%8D%8A%E7%94%B0%E5%B8%82%E5%87%BA%E5%8F%A3%E7%94%BA1-45-16,2024,ラーメン EAST,ramen_east,発表日：2024年12月3日
ラーメン専門店 徳川町 如水,愛知県名古屋市東区徳川町201,食べログ ラーメン EAST 百名店 2024,https://tabelog.com/aichi/A2301/A230110/23000971/,https://www.google.com/maps/search/?api=1&query=%E3%83%A9%E3%83%BC%E3%83%A1%E3%83%B3%E5%B0%82%E9%96%80%E5%BA%97%20%E5%BE%B3%E5%B7%9D%E7%94%BA%20%E5%A6%82%E6%B0%B4%20%E6%84%9B%E7%9F%A5%E7%9C%8C%E5%90%8D%E5%8F%A4%E5%B1%8B%E5%B8%82%E6%9D%B1%E5%8C%BA%E5%BE%B3%E5%B7%9D%E7%94%BA201,2024,ラーメン EAST,ramen_east,発表日：2024年12月3日
らーめん奏,愛知県名古屋市昭和区阿由知通1-9,食べログ ラーメン EAST 百名店 2024,https://tabelog.com/aichi/A2301/A230106/23056955/,https://www.google.com/maps/search/?api=1&query=%E3%82%89%E3%83%BC%E3%82%81%E3%82%93%E5%A5%8F%20%E6%84%9B%E7%9F%A5%E7%9C%8C%E5%90%8D%E5%8F%A4%E5%B1%8B%E5%B8%82%E6%98%AD%E5%92%8C%E5%8C%BA%E9%98%BF%E7%94%B1%E7%9F%A5%E9%80%9A1-9,2024,ラーメン EAST,ramen_east,発表日：2024年12月3日
麺家 獅子丸,愛知県名古屋市中村区亀島2-1-1,食べログ ラーメン EAST 百名店 2024,https://tabelog.com/aichi/A2301/A230101/23060674/,https://www.google.com/maps/search/?api=1&query=%E9%BA%BA%E5%AE%B6%20%E7%8D%85%E5%AD%90%E4%B8%B8%20%E6%84%9B%E7%9F%A5%E7%9C%8C%E5%90%8D%E5%8F%A4%E5%B1%8B%E5%B8%82%E4%B8%AD%E6%9D%91%E5%8C%BA%E4%BA%80%E5%B3%B62-1-1,2024,ラーメン EAST,ramen_east,発表日：2024年12月3日
杭州飯店,新潟県燕市燕49-4,食べログ ラーメン EAST 百名店 2024,https://tabelog.com/niigata/A1501/A150102/15000002/,https://www.google.com/maps/search/?api=1&query=%E6%9D%AD%E5%B7%9E%E9%A3%AF%E5%BA%97%20%E6%96%B0%E6%BD%9F%E7%9C%8C%E7%87%95%E5%B8%82%E7%87%9549-4,2024,ラーメン EAST,ramen_east,発表日：2024年12月3日
酒楽亭 空庵,愛知県名古屋市緑区武路町122,食べログ ラーメン EAST 百名店 2024,https://tabelog.com/aichi/A2301/A230112/23051081/,https://www.google.com/maps/search/?api=1&query=%E9%85%92%E6%A5%BD%E4%BA%AD%20%E7%A9%BA%E5%BA%B5%20%E6%84%9B%E7%9F%A5%E7%9C%8C%E5%90%8D%E5%8F%A4%E5%B1%8B%E5%B8%82%E7%B7%91%E5%8C%BA%E6%AD%A6%E8%B7%AF%E7%94%BA122,2024,ラーメン EAST,ramen_east,発表日：2024年12月3日
麺家 喜多楽,愛知県名古屋市中区橘1-28-6 近藤ビル　１Ｆ,食べログ ラーメン EAST 百名店 2024,https://tabelog.com/aichi/A2301/A230105/23000186/,https://www.google.com/maps/search/?api=1&query=%E9%BA%BA%E5%AE%B6%20%E5%96%9C%E5%A4%9A%E6%A5%BD%20%E6%84%9B%E7%9F%A5%E7%9C%8C%E5%90%8D%E5%8F%A4%E5%B1%8B%E5%B8%82%E4%B8%AD%E5%8C%BA%E6%A9%981-28-6%20%E8%BF%91%E8%97%A4%E3%83%93%E3%83%AB%E3%80%80%EF%BC%91%EF%BC%A6,2024,ラーメン EAST,ramen_east,発表日：2024年12月3日
らぁ麺 めん奏心,静岡県島田市金谷栄町3538,食べログ ラーメン EAST 百名店 2024,https://tabelog.com/shizuoka/A2203/A220302/22019502/,https://www.google.com/maps/search/?api=1&query=%E3%82%89%E3%81%81%E9%BA%BA%20%E3%82%81%E3%82%93%E5%A5%8F%E5%BF%83%20%E9%9D%99%E5%B2%A1%E7%9C%8C%E5%B3%B6%E7%94%B0%E5%B8%82%E9%87%91%E8%B0%B7%E6%A0%84%E7%94%BA3538,2024,ラーメン EAST,ramen_east,発表日：2024年12月3日
らぁ麺 麦一粒,長野県北安曇郡松川村赤芝7002-3,食べログ ラーメン EAST 百名店 2024,https://tabelog.com/nagano/A2005/A200502/20021423/,https://www.google.com/maps/search/?api=1&query=%E3%82%89%E3%81%81%E9%BA%BA%20%E9%BA%A6%E4%B8%80%E7%B2%92%20%E9%95%B7%E9%87%8E%E7%9C%8C%E5%8C%97%E5%AE%89%E6%9B%87%E9%83%A1%E6%9D%BE%E5%B7%9D%E6%9D%91%E8%B5%A4%E8%8A%9D7002-3,2024,ラーメン EAST,ramen_east,発表日：2024年12月3日
なるとや,愛知県名古屋市中区栄4-7-13 木村ビルディング　１Ｆ,食べログ ラーメン EAST 百名店 2024,https://tabelog.com/aichi/A2301/A230104/23005819/,https://www.google.com/maps/search/?api=1&query=%E3%81%AA%E3%82%8B%E3%81%A8%E3%82%84%20%E6%84%9B%E7%9F%A5%E7%9C%8C%E5%90%8D%E5%8F%A4%E5%B1%8B%E5%B8%82%E4%B8%AD%E5%8C%BA%E6%A0%844-7-13%20%E6%9C%A8%E6%9D%91%E3%83%93%E3%83%AB%E3%83%87%E3%82%A3%E3%83%B3%E3%82%B0%E3%80%80%EF%BC%91%EF%BC%A6,2024,ラーメン EAST,ramen_east,発表日：2024年12月3日
らーめんNageyari,岐阜県各務原市那加野畑町2-53,食べログ ラーメン EAST 百名店 2024,https://tabelog.com/gifu/A2101/A210102/21000295/,https://www.google.com/maps/search/?api=1&query=%E3%82%89%E3%83%BC%E3%82%81%E3%82%93Nageyari%20%E5%B2%90%E9%98%9C%E7%9C%8C%E5%90%84%E5%8B%99%E5%8E%9F%E5%B8%82%E9%82%A3%E5%8A%A0%E9%87%8E%E7%95%91%E7%94%BA2-53,2024,ラーメン EAST,ramen_east,発表日：2024年12月3日
中華蕎麦うゑず,山梨県中巨摩郡昭和町清水新居59-1 サンシャイン平岩 103,食べログ ラーメン EAST 百名店 2024,https://tabelog.com/yamanashi/A1901/A190101/19008413/,https://www.google.com/maps/search/?api=1&query=%E4%B8%AD%E8%8F%AF%E8%95%8E%E9%BA%A6%E3%81%86%E3%82%91%E3%81%9A%20%E5%B1%B1%E6%A2%A8%E7%9C%8C%E4%B8%AD%E5%B7%A8%E6%91%A9%E9%83%A1%E6%98%AD%E5%92%8C%E7%94%BA%E6%B8%85%E6%B0%B4%E6%96%B0%E5%B1%8559-1%20%E3%82%B5%E3%83%B3%E3%82%B7%E3%83%A3%E3%82%A4%E3%83%B3%E5%B9%B3%E5%B2%A9%20103,2024,ラーメン EAST,ramen_east,発表日：2024年12月3日
いち井,新潟県長岡市曙1-1-5,食べログ ラーメン EAST 百名店 2024,https://tabelog.com/niigata/A1502/A150201/15000043/,https://www.google.com/maps/search/?api=1&query=%E3%81%84%E3%81%A1%E4%BA%95%20%E6%96%B0%E6%BD%9F%E7%9C%8C%E9%95%B7%E5%B2%A1%E5%B8%82%E6%9B%991-1-5,2024,ラーメン EAST,ramen_east,発表日：2024年12月3日
麦の道 すぐれ,愛知県一宮市本町3-5-2,食べログ ラーメン EAST 百名店 2024,https://tabelog.com/aichi/A2302/A230201/23062847/,https://www.google.com/maps/search/?api=1&query=%E9%BA%A6%E3%81%AE%E9%81%93%20%E3%81%99%E3%81%90%E3%82%8C%20%E6%84%9B%E7%9F%A5%E7%9C%8C%E4%B8%80%E5%AE%AE%E5%B8%82%E6%9C%AC%E7%94%BA3-5-2,2024,ラーメン EAST,ramen_east,発表日：2024年12月3日
麺道 麒麟児,長野県長野市川中島町原657-4,食べログ ラーメン EAST 百名店 2024,https://tabelog.com/nagano/A2001/A200101/20017737/,https://www.google.com/maps/search/?api=1&query=%E9%BA%BA%E9%81%93%20%E9%BA%92%E9%BA%9F%E5%85%90%20%E9%95%B7%E9%87%8E%E7%9C%8C%E9%95%B7%E9%87%8E%E5%B8%82%E5%B7%9D%E4%B8%AD%E5%B3%B6%E7%94%BA%E5%8E%9F657-4,2024,ラーメン EAST,ramen_east,発表日：2024年12月3日
らぁ麺 紫陽花,愛知県名古屋市中川区八剱町4-20-1 コーポ源 1F,食べログ ラーメン EAST 百名店 2024,https://tabelog.com/aichi/A2301/A230112/23055953/,https://www.google.com/maps/search/?api=1&query=%E3%82%89%E3%81%81%E9%BA%BA%20%E7%B4%AB%E9%99%BD%E8%8A%B1%20%E6%84%9B%E7%9F%A5%E7%9C%8C%E5%90%8D%E5%8F%A4%E5%B1%8B%E5%B8%82%E4%B8%AD%E5%B7%9D%E5%8C%BA%E5%85%AB%E5%89%B1%E7%94%BA4-20-1%20%E3%82%B3%E3%83%BC%E3%83%9D%E6%BA%90%201F,2024,ラーメン EAST,ramen_east,発表日：2024年12月3日
湯河原 飯田商店 ららぽーと沼津店,静岡県沼津市東椎路字東荒301-3 ららぽーと沼津 3F フードコート内,食べログ ラーメン EAST 百名店 2024,https://tabelog.com/shizuoka/A2205/A220501/22035546/,https://www.google.com/maps/search/?api=1&query=%E6%B9%AF%E6%B2%B3%E5%8E%9F%20%E9%A3%AF%E7%94%B0%E5%95%86%E5%BA%97%20%E3%82%89%E3%82%89%E3%81%BD%E3%83%BC%E3%81%A8%E6%B2%BC%E6%B4%A5%E5%BA%97%20%E9%9D%99%E5%B2%A1%E7%9C%8C%E6%B2%BC%E6%B4%A5%E5%B8%82%E6%9D%B1%E6%A4%8E%E8%B7%AF%E5%AD%97%E6%9D%B1%E8%8D%92301-3%20%E3%82%89%E3%82%89%E3%81%BD%E3%83%BC%E3%81%A8%E6%B2%BC%E6%B4%A5%203F%20%E3%83%95%E3%83%BC%E3%83%89%E3%82%B3%E3%83%BC%E3%83%88%E5%86%85,2024,ラーメン EAST,ramen_east,発表日：2024年12月3日
麦の空 GACHI SOBA DOJO,愛知県豊橋市神野新田町中道東246-1,食べログ ラーメン EAST 百名店 2024,https://tabelog.com/aichi/A2306/A230601/23077116/,https://www.google.com/maps/search/?api=1&query=%E9%BA%A6%E3%81%AE%E7%A9%BA%20GACHI%20SOBA%20DOJO%20%E6%84%9B%E7%9F%A5%E7%9C%8C%E8%B1%8A%E6%A9%8B%E5%B8%82%E7%A5%9E%E9%87%8E%E6%96%B0%E7%94%B0%E7%94%BA%E4%B8%AD%E9%81%93%E6%9D%B1246-1,2024,ラーメン EAST,ramen_east,発表日：2024年12月3日
麺屋 一八,愛知県知多郡武豊町鹿ノ子田2-60,食べログ ラーメン EAST 百名店 2024,https://tabelog.com/aichi/A2304/A230402/23000973/,https://www.google.com/maps/search/?api=1&query=%E9%BA%BA%E5%B1%8B%20%E4%B8%80%E5%85%AB%20%E6%84%9B%E7%9F%A5%E7%9C%8C%E7%9F%A5%E5%A4%9A%E9%83%A1%E6%AD%A6%E8%B1%8A%E7%94%BA%E9%B9%BF%E3%83%8E%E5%AD%90%E7%94%B02-60,2024,ラーメン EAST,ramen_east,発表日：2024年12月3日
麺屋大河,石川県金沢市堀川町6-3,食べログ ラーメン WEST 百名店 2024,https://tabelog.com/ishikawa/A1701/A170101/17007507/,https://www.google.com/maps/search/?api=1&query=%E9%BA%BA%E5%B1%8B%E5%A4%A7%E6%B2%B3%20%E7%9F%B3%E5%B7%9D%E7%9C%8C%E9%87%91%E6%B2%A2%E5%B8%82%E5%A0%80%E5%B7%9D%E7%94%BA6-3,2024,ラーメン WEST,ramen_west,発表日：2024年12月3日
はじめ家,富山県魚津市吉島67-1,食べログ ラーメン WEST 百名店 2024,https://tabelog.com/toyama/A1602/A160202/16000104/,https://www.google.com/maps/search/?api=1&query=%E3%81%AF%E3%81%98%E3%82%81%E5%AE%B6%20%E5%AF%8C%E5%B1%B1%E7%9C%8C%E9%AD%9A%E6%B4%A5%E5%B8%82%E5%90%89%E5%B3%B667-1,2024,ラーメン WEST,ramen_west,発表日：2024年12月3日
麺屋 そにどり,三重県四日市市堀木2-10-20,食べログ ラーメン WEST 百名店 2024,https://tabelog.com/mie/A2402/A240201/24015239/,https://www.google.com/maps/search/?api=1&query=%E9%BA%BA%E5%B1%8B%20%E3%81%9D%E3%81%AB%E3%81%A9%E3%82%8A%20%E4%B8%89%E9%87%8D%E7%9C%8C%E5%9B%9B%E6%97%A5%E5%B8%82%E5%B8%82%E5%A0%80%E6%9C%A82-10-20,2024,ラーメン WEST,ramen_west,発表日：2024年12月3日
麺や　福座,石川県金沢市有松4-1-1,食べログ ラーメン WEST 百名店 2024,https://tabelog.com/ishikawa/A1701/A170101/17002724/,https://www.google.com/maps/search/?api=1&query=%E9%BA%BA%E3%82%84%E3%80%80%E7%A6%8F%E5%BA%A7%20%E7%9F%B3%E5%B7%9D%E7%9C%8C%E9%87%91%E6%B2%A2%E5%B8%82%E6%9C%89%E6%9D%BE4-1-1,2024,ラーメン WEST,ramen_west,発表日：2024年12月3日
貪瞋癡,富山県氷見市朝日本町1-30,食べログ ラーメン WEST 百名店 2024,https://tabelog.com/toyama/A1604/A160402/16001104/,https://www.google.com/maps/search/?api=1&query=%E8%B2%AA%E7%9E%8B%E7%99%A1%20%E5%AF%8C%E5%B1%B1%E7%9C%8C%E6%B0%B7%E8%A6%8B%E5%B8%82%E6%9C%9D%E6%97%A5%E6%9C%AC%E7%94%BA1-30,2024,ラーメン WEST,ramen_west,発表日：2024年12月3日
らぁめん登里勝,三重県桑名市京町39,食べログ ラーメン WEST 百名店 2024,https://tabelog.com/mie/A2402/A240203/24003363/,https://www.google.com/maps/search/?api=1&query=%E3%82%89%E3%81%81%E3%82%81%E3%82%93%E7%99%BB%E9%87%8C%E5%8B%9D%20%E4%B8%89%E9%87%8D%E7%9C%8C%E6%A1%91%E5%90%8D%E5%B8%82%E4%BA%AC%E7%94%BA39,2024,ラーメン WEST,ramen_west,発表日：2024年12月3日
自然派ラーメン 神楽,石川県金沢市寺町1-20-10,食べログ ラーメン WEST 百名店 2024,https://tabelog.com/ishikawa/A1701/A170101/17001321/,https://www.google.com/maps/search/?api=1&query=%E8%87%AA%E7%84%B6%E6%B4%BE%E3%83%A9%E3%83%BC%E3%83%A1%E3%83%B3%20%E7%A5%9E%E6%A5%BD%20%E7%9F%B3%E5%B7%9D%E7%9C%8C%E9%87%91%E6%B2%A2%E5%B8%82%E5%AF%BA%E7%94%BA1-20-10,2024,ラーメン WEST,ramen_west,発表日：2024年12月3日
らーめん 鉢ノ葦葉,三重県四日市市城北町1-12 ル・グラン　１Ｆ,食べログ ラーメン WEST 百名店 2024,https://tabelog.com/mie/A2402/A240201/24000851/,https://www.google.com/maps/search/?api=1&query=%E3%82%89%E3%83%BC%E3%82%81%E3%82%93%20%E9%89%A2%E3%83%8E%E8%91%A6%E8%91%89%20%E4%B8%89%E9%87%8D%E7%9C%8C%E5%9B%9B%E6%97%A5%E5%B8%82%E5%B8%82%E5%9F%8E%E5%8C%97%E7%94%BA1-12%20%E3%83%AB%E3%83%BB%E3%82%B0%E3%83%A9%E3%83%B3%E3%80%80%EF%BC%91%EF%BC%A6,2024,ラーメン WEST,ramen_west,発表日：2024年12月3日
まほろば,福井県福井市渕4-207,食べログ ラーメン WEST 百名店 2024,https://tabelog.com/fukui/A1801/A180101/18007900/,https://www.google.com/maps/search/?api=1&query=%E3%81%BE%E3%81%BB%E3%82%8D%E3%81%B0%20%E7%A6%8F%E4%BA%95%E7%9C%8C%E7%A6%8F%E4%BA%95%E5%B8%82%E6%B8%954-207,2024,ラーメン WEST,ramen_west,発表日：2024年12月3日
朝日屋,岐阜県大垣市東長町40,食べログ 食堂 百名店 2024,https://tabelog.com/gifu/A2101/A210104/21008822/,https://www.google.com/maps/search/?api=1&query=%E6%9C%9D%E6%97%A5%E5%B1%8B%20%E5%B2%90%E9%98%9C%E7%9C%8C%E5%A4%A7%E5%9E%A3%E5%B8%82%E6%9D%B1%E9%95%B7%E7%94%BA40,2024,食堂,shokudo,発表日：2024年9月25日
松月,愛知県蒲郡市形原町春日浦29-1,食べログ 食堂 百名店 2024,https://tabelog.com/aichi/A2306/A230603/23066940/,https://www.google.com/maps/search/?api=1&query=%E6%9D%BE%E6%9C%88%20%E6%84%9B%E7%9F%A5%E7%9C%8C%E8%92%B2%E9%83%A1%E5%B8%82%E5%BD%A2%E5%8E%9F%E7%94%BA%E6%98%A5%E6%97%A5%E6%B5%A629-1,2024,食堂,shokudo,発表日：2024年9月25日
いろり　じねん,新潟県魚沼市上折立718,食べログ 食堂 百名店 2024,https://tabelog.com/niigata/A1504/A150401/15001175/,https://www.google.com/maps/search/?api=1&query=%E3%81%84%E3%82%8D%E3%82%8A%E3%80%80%E3%81%98%E3%81%AD%E3%82%93%20%E6%96%B0%E6%BD%9F%E7%9C%8C%E9%AD%9A%E6%B2%BC%E5%B8%82%E4%B8%8A%E6%8A%98%E7%AB%8B718,2024,食堂,shokudo,発表日：2024年9月25日
国八食堂,岐阜県高山市下切町1441-3,食べログ 食堂 百名店 2024,https://tabelog.com/gifu/A2104/A210401/21001354/,https://www.google.com/maps/search/?api=1&query=%E5%9B%BD%E5%85%AB%E9%A3%9F%E5%A0%82%20%E5%B2%90%E9%98%9C%E7%9C%8C%E9%AB%98%E5%B1%B1%E5%B8%82%E4%B8%8B%E5%88%87%E7%94%BA1441-3,2024,食堂,shokudo,発表日：2024年9月25日
西村食堂,三重県鳥羽市石鏡町336-1,食べログ 食堂 百名店 2024,https://tabelog.com/mie/A2403/A240302/24000942/,https://www.google.com/maps/search/?api=1&query=%E8%A5%BF%E6%9D%91%E9%A3%9F%E5%A0%82%20%E4%B8%89%E9%87%8D%E7%9C%8C%E9%B3%A5%E7%BE%BD%E5%B8%82%E7%9F%B3%E9%8F%A1%E7%94%BA336-1,2024,食堂,shokudo,発表日：2024年9月25日
漣 伊勢店,三重県伊勢市神久3-5-55 ホテルキャッスルイン伊勢１Ｆ,食べログ 食堂 百名店 2024,https://tabelog.com/mie/A2403/A240301/24001215/,https://www.google.com/maps/search/?api=1&query=%E6%BC%A3%20%E4%BC%8A%E5%8B%A2%E5%BA%97%20%E4%B8%89%E9%87%8D%E7%9C%8C%E4%BC%8A%E5%8B%A2%E5%B8%82%E7%A5%9E%E4%B9%853-5-55%20%E3%83%9B%E3%83%86%E3%83%AB%E3%82%AD%E3%83%A3%E3%83%83%E3%82%B9%E3%83%AB%E3%82%A4%E3%83%B3%E4%BC%8A%E5%8B%A2%EF%BC%91%EF%BC%A6,2024,食堂,shokudo,発表日：2024年9月25日
新潟本町 鈴木鮮魚,新潟県新潟市中央区本町通6番町1114,食べログ 食堂 百名店 2024,https://tabelog.com/niigata/A1501/A150101/15011022/,https://www.google.com/maps/search/?api=1&query=%E6%96%B0%E6%BD%9F%E6%9C%AC%E7%94%BA%20%E9%88%B4%E6%9C%A8%E9%AE%AE%E9%AD%9A%20%E6%96%B0%E6%BD%9F%E7%9C%8C%E6%96%B0%E6%BD%9F%E5%B8%82%E4%B8%AD%E5%A4%AE%E5%8C%BA%E6%9C%AC%E7%94%BA%E9%80%9A6%E7%95%AA%E7%94%BA1114,2024,食堂,shokudo,発表日：2024年9月25日
食堂ニューミサ,新潟県上越市中郷区稲荷山367,食べログ 食堂 百名店 2024,https://tabelog.com/niigata/A1503/A150301/15000005/,https://www.google.com/maps/search/?api=1&query=%E9%A3%9F%E5%A0%82%E3%83%8B%E3%83%A5%E3%83%BC%E3%83%9F%E3%82%B5%20%E6%96%B0%E6%BD%9F%E7%9C%8C%E4%B8%8A%E8%B6%8A%E5%B8%82%E4%B8%AD%E9%83%B7%E5%8C%BA%E7%A8%B2%E8%8D%B7%E5%B1%B1367,2024,食堂,shokudo,発表日：2024年9月25日
とん汁 たちばな,新潟県妙高市栗原2-3-10,食べログ 食堂 百名店 2024,https://tabelog.com/niigata/A1503/A150303/15000112/,https://www.google.com/maps/search/?api=1&query=%E3%81%A8%E3%82%93%E6%B1%81%20%E3%81%9F%E3%81%A1%E3%81%B0%E3%81%AA%20%E6%96%B0%E6%BD%9F%E7%9C%8C%E5%A6%99%E9%AB%98%E5%B8%82%E6%A0%97%E5%8E%9F2-3-10,2024,食堂,shokudo,発表日：2024年9月25日
氷見 魚市場食堂,富山県氷見市比美町435,食べログ 食堂 百名店 2024,https://tabelog.com/toyama/A1604/A160402/16008630/,https://www.google.com/maps/search/?api=1&query=%E6%B0%B7%E8%A6%8B%20%E9%AD%9A%E5%B8%82%E5%A0%B4%E9%A3%9F%E5%A0%82%20%E5%AF%8C%E5%B1%B1%E7%9C%8C%E6%B0%B7%E8%A6%8B%E5%B8%82%E6%AF%94%E7%BE%8E%E7%94%BA435,2024,食堂,shokudo,発表日：2024年9月25日
おおむろ軽食堂,静岡県伊東市富戸1317-5 大室山リフト館 1F,食べログ 食堂 百名店 2024,https://tabelog.com/shizuoka/A2205/A220503/22025692/,https://www.google.com/maps/search/?api=1&query=%E3%81%8A%E3%81%8A%E3%82%80%E3%82%8D%E8%BB%BD%E9%A3%9F%E5%A0%82%20%E9%9D%99%E5%B2%A1%E7%9C%8C%E4%BC%8A%E6%9D%B1%E5%B8%82%E5%AF%8C%E6%88%B81317-5%20%E5%A4%A7%E5%AE%A4%E5%B1%B1%E3%83%AA%E3%83%95%E3%83%88%E9%A4%A8%201F,2024,食堂,shokudo,発表日：2024年9月25日
あおぞら,静岡県静岡市清水区由比今宿195-1,食べログ 食堂 百名店 2024,https://tabelog.com/shizuoka/A2201/A220102/22003918/,https://www.google.com/maps/search/?api=1&query=%E3%81%82%E3%81%8A%E3%81%9E%E3%82%89%20%E9%9D%99%E5%B2%A1%E7%9C%8C%E9%9D%99%E5%B2%A1%E5%B8%82%E6%B8%85%E6%B0%B4%E5%8C%BA%E7%94%B1%E6%AF%94%E4%BB%8A%E5%AE%BF195-1,2024,食堂,shokudo,発表日：2024年9月25日
宇宙軒食堂,石川県金沢市片町1-5-29 ニュー銀座会館　１F,食べログ 食堂 百名店 2024,https://tabelog.com/ishikawa/A1701/A170101/17000078/,https://www.google.com/maps/search/?api=1&query=%E5%AE%87%E5%AE%99%E8%BB%92%E9%A3%9F%E5%A0%82%20%E7%9F%B3%E5%B7%9D%E7%9C%8C%E9%87%91%E6%B2%A2%E5%B8%82%E7%89%87%E7%94%BA1-5-29%20%E3%83%8B%E3%83%A5%E3%83%BC%E9%8A%80%E5%BA%A7%E4%BC%9A%E9%A4%A8%E3%80%80%EF%BC%91F,2024,食堂,shokudo,発表日：2024年9月25日
黒川 ゆうあん亭,愛知県名古屋市北区清水4-15-1,食べログ 食堂 百名店 2024,https://tabelog.com/aichi/A2301/A230110/23081865/,https://www.google.com/maps/search/?api=1&query=%E9%BB%92%E5%B7%9D%20%E3%82%86%E3%81%86%E3%81%82%E3%82%93%E4%BA%AD%20%E6%84%9B%E7%9F%A5%E7%9C%8C%E5%90%8D%E5%8F%A4%E5%B1%8B%E5%B8%82%E5%8C%97%E5%8C%BA%E6%B8%85%E6%B0%B44-15-1,2024,食堂,shokudo,発表日：2024年9月25日
野麦,長野県松本市中央2-9-11,食べログ そば EAST 百名店 2024,https://tabelog.com/nagano/A2002/A200201/20000101/,https://www.google.com/maps/search/?api=1&query=%E9%87%8E%E9%BA%A6%20%E9%95%B7%E9%87%8E%E7%9C%8C%E6%9D%BE%E6%9C%AC%E5%B8%82%E4%B8%AD%E5%A4%AE2-9-11,2024,そば EAST,soba_east,発表日：2024年4月9日
蕎麦倶楽部　佐々木,長野県松本市大手4丁目8-3,食べログ そば EAST 百名店 2024,https://tabelog.com/nagano/A2002/A200201/20002376/,https://www.google.com/maps/search/?api=1&query=%E8%95%8E%E9%BA%A6%E5%80%B6%E6%A5%BD%E9%83%A8%E3%80%80%E4%BD%90%E3%80%85%E6%9C%A8%20%E9%95%B7%E9%87%8E%E7%9C%8C%E6%9D%BE%E6%9C%AC%E5%B8%82%E5%A4%A7%E6%89%8B4%E4%B8%81%E7%9B%AE8-3,2024,そば EAST,soba_east,発表日：2024年4月9日
手挽きそば 一心,愛知県名古屋市港区須成町3-9-1,食べログ そば EAST 百名店 2024,https://tabelog.com/aichi/A2301/A230112/23004733/,https://www.google.com/maps/search/?api=1&query=%E6%89%8B%E6%8C%BD%E3%81%8D%E3%81%9D%E3%81%B0%20%E4%B8%80%E5%BF%83%20%E6%84%9B%E7%9F%A5%E7%9C%8C%E5%90%8D%E5%8F%A4%E5%B1%8B%E5%B8%82%E6%B8%AF%E5%8C%BA%E9%A0%88%E6%88%90%E7%94%BA3-9-1,2024,そば EAST,soba_east,発表日：2024年4月9日
蕎麦正まつい,岐阜県郡上市八幡町鍛冶屋町774-2,食べログ そば EAST 百名店 2024,https://tabelog.com/gifu/A2102/A210205/21008212/,https://www.google.com/maps/search/?api=1&query=%E8%95%8E%E9%BA%A6%E6%AD%A3%E3%81%BE%E3%81%A4%E3%81%84%20%E5%B2%90%E9%98%9C%E7%9C%8C%E9%83%A1%E4%B8%8A%E5%B8%82%E5%85%AB%E5%B9%A1%E7%94%BA%E9%8D%9B%E5%86%B6%E5%B1%8B%E7%94%BA774-2,2024,そば EAST,soba_east,発表日：2024年4月9日
うずら家,長野県長野市戸隠3229,食べログ そば EAST 百名店 2024,https://tabelog.com/nagano/A2001/A200101/20000191/,https://www.google.com/maps/search/?api=1&query=%E3%81%86%E3%81%9A%E3%82%89%E5%AE%B6%20%E9%95%B7%E9%87%8E%E7%9C%8C%E9%95%B7%E9%87%8E%E5%B8%82%E6%88%B8%E9%9A%A03229,2024,そば EAST,soba_east,発表日：2024年4月9日
仲佐,岐阜県下呂市森918-47,食べログ そば EAST 百名店 2024,https://tabelog.com/gifu/A2104/A210403/21000060/,https://www.google.com/maps/search/?api=1&query=%E4%BB%B2%E4%BD%90%20%E5%B2%90%E9%98%9C%E7%9C%8C%E4%B8%8B%E5%91%82%E5%B8%82%E6%A3%AE918-47,2024,そば EAST,soba_east,発表日：2024年4月9日
軽井沢 川上庵 本店,長野県北佐久郡軽井沢町軽井沢6-10,食べログ そば EAST 百名店 2024,https://tabelog.com/nagano/A2003/A200301/20000161/,https://www.google.com/maps/search/?api=1&query=%E8%BB%BD%E4%BA%95%E6%B2%A2%20%E5%B7%9D%E4%B8%8A%E5%BA%B5%20%E6%9C%AC%E5%BA%97%20%E9%95%B7%E9%87%8E%E7%9C%8C%E5%8C%97%E4%BD%90%E4%B9%85%E9%83%A1%E8%BB%BD%E4%BA%95%E6%B2%A2%E7%94%BA%E8%BB%BD%E4%BA%95%E6%B2%A26-10,2024,そば EAST,soba_east,発表日：2024年4月9日
山里乃蕎麦 丸富,長野県駒ヶ根市赤穂23-180,食べログ そば EAST 百名店 2024,https://tabelog.com/nagano/A2006/A200602/20000040/,https://www.google.com/maps/search/?api=1&query=%E5%B1%B1%E9%87%8C%E4%B9%83%E8%95%8E%E9%BA%A6%20%E4%B8%B8%E5%AF%8C%20%E9%95%B7%E9%87%8E%E7%9C%8C%E9%A7%92%E3%83%B6%E6%A0%B9%E5%B8%82%E8%B5%A4%E7%A9%8223-180,2024,そば EAST,soba_east,発表日：2024年4月9日
薮蕎麦 宮本,静岡県島田市船木253-7,食べログ そば EAST 百名店 2024,https://tabelog.com/shizuoka/A2203/A220302/22000036/,https://www.google.com/maps/search/?api=1&query=%E8%96%AE%E8%95%8E%E9%BA%A6%20%E5%AE%AE%E6%9C%AC%20%E9%9D%99%E5%B2%A1%E7%9C%8C%E5%B3%B6%E7%94%B0%E5%B8%82%E8%88%B9%E6%9C%A8253-7,2024,そば EAST,soba_east,発表日：2024年4月9日
せきざわ,長野県上高井郡小布施町中松872-9,食べログ そば EAST 百名店 2024,https://tabelog.com/nagano/A2001/A200106/20000282/,https://www.google.com/maps/search/?api=1&query=%E3%81%9B%E3%81%8D%E3%81%96%E3%82%8F%20%E9%95%B7%E9%87%8E%E7%9C%8C%E4%B8%8A%E9%AB%98%E4%BA%95%E9%83%A1%E5%B0%8F%E5%B8%83%E6%96%BD%E7%94%BA%E4%B8%AD%E6%9D%BE872-9,2024,そば EAST,soba_east,発表日：2024年4月9日
三城,長野県松本市大手3-3-5,食べログ そば EAST 百名店 2024,https://tabelog.com/nagano/A2002/A200201/20000629/,https://www.google.com/maps/search/?api=1&query=%E4%B8%89%E5%9F%8E%20%E9%95%B7%E9%87%8E%E7%9C%8C%E6%9D%BE%E6%9C%AC%E5%B8%82%E5%A4%A7%E6%89%8B3-3-5,2024,そば EAST,soba_east,発表日：2024年4月9日
手打蕎麦 わくり,岐阜県中津川市太田町2-2-35,食べログ そば EAST 百名店 2024,https://tabelog.com/gifu/A2103/A210303/21014458/,https://www.google.com/maps/search/?api=1&query=%E6%89%8B%E6%89%93%E8%95%8E%E9%BA%A6%20%E3%82%8F%E3%81%8F%E3%82%8A%20%E5%B2%90%E9%98%9C%E7%9C%8C%E4%B8%AD%E6%B4%A5%E5%B7%9D%E5%B8%82%E5%A4%AA%E7%94%B0%E7%94%BA2-2-35,2024,そば EAST,soba_east,発表日：2024年4月9日
そばの実,長野県長野市戸隠3510-25,食べログ そば EAST 百名店 2024,https://tabelog.com/nagano/A2001/A200101/20001575/,https://www.google.com/maps/search/?api=1&query=%E3%81%9D%E3%81%B0%E3%81%AE%E5%AE%9F%20%E9%95%B7%E9%87%8E%E7%9C%8C%E9%95%B7%E9%87%8E%E5%B8%82%E6%88%B8%E9%9A%A03510-25,2024,そば EAST,soba_east,発表日：2024年4月9日
胡蝶庵 仙波,岐阜県岐阜市日光町3-26,食べログ そば EAST 百名店 2024,https://tabelog.com/gifu/A2101/A210101/21000104/,https://www.google.com/maps/search/?api=1&query=%E8%83%A1%E8%9D%B6%E5%BA%B5%20%E4%BB%99%E6%B3%A2%20%E5%B2%90%E9%98%9C%E7%9C%8C%E5%B2%90%E9%98%9C%E5%B8%82%E6%97%A5%E5%85%89%E7%94%BA3-26,2024,そば EAST,soba_east,発表日：2024年4月9日
玄水,愛知県名古屋市中区錦3-11-15 錦101ビル 1F,食べログ そば EAST 百名店 2024,https://tabelog.com/aichi/A2301/A230103/23074368/,https://www.google.com/maps/search/?api=1&query=%E7%8E%84%E6%B0%B4%20%E6%84%9B%E7%9F%A5%E7%9C%8C%E5%90%8D%E5%8F%A4%E5%B1%8B%E5%B8%82%E4%B8%AD%E5%8C%BA%E9%8C%A63-11-15%20%E9%8C%A6101%E3%83%93%E3%83%AB%201F,2024,そば EAST,soba_east,発表日：2024年4月9日
蕎麦 ふじおか,長野県-長野市上ヶ屋2471-2066,食べログ そば EAST 百名店 2024,https://tabelog.com/nagano/A2001/A200101/20000415/,https://www.google.com/maps/search/?api=1&query=%E8%95%8E%E9%BA%A6%20%E3%81%B5%E3%81%98%E3%81%8A%E3%81%8B%20%E9%95%B7%E9%87%8E%E7%9C%8C-%E9%95%B7%E9%87%8E%E5%B8%82%E4%B8%8A%E3%83%B6%E5%B1%8B2471-2066,2024,そば EAST,soba_east,発表日：2024年4月9日
宮野屋,新潟県南魚沼市大崎3742,食べログ そば EAST 百名店 2024,https://tabelog.com/niigata/A1504/A150402/15001265/,https://www.google.com/maps/search/?api=1&query=%E5%AE%AE%E9%87%8E%E5%B1%8B%20%E6%96%B0%E6%BD%9F%E7%9C%8C%E5%8D%97%E9%AD%9A%E6%B2%BC%E5%B8%82%E5%A4%A7%E5%B4%8E3742,2024,そば EAST,soba_east,発表日：2024年4月9日
草笛 小諸本店,長野県小諸市古城1-1-10,食べログ そば EAST 百名店 2024,https://tabelog.com/nagano/A2004/A200402/20001360/,https://www.google.com/maps/search/?api=1&query=%E8%8D%89%E7%AC%9B%20%E5%B0%8F%E8%AB%B8%E6%9C%AC%E5%BA%97%20%E9%95%B7%E9%87%8E%E7%9C%8C%E5%B0%8F%E8%AB%B8%E5%B8%82%E5%8F%A4%E5%9F%8E1-1-10,2024,そば EAST,soba_east,発表日：2024年4月9日
そばのさと,長野県茅野市塚原2-15-16,食べログ そば EAST 百名店 2024,https://tabelog.com/nagano/A2004/A200403/20000642/,https://www.google.com/maps/search/?api=1&query=%E3%81%9D%E3%81%B0%E3%81%AE%E3%81%95%E3%81%A8%20%E9%95%B7%E9%87%8E%E7%9C%8C%E8%8C%85%E9%87%8E%E5%B8%82%E5%A1%9A%E5%8E%9F2-15-16,2024,そば EAST,soba_east,発表日：2024年4月9日
七里庵,愛知県名古屋市西区枇杷島3-19-11,食べログ そば EAST 百名店 2024,https://tabelog.com/aichi/A2301/A230113/23005253/,https://www.google.com/maps/search/?api=1&query=%E4%B8%83%E9%87%8C%E5%BA%B5%20%E6%84%9B%E7%9F%A5%E7%9C%8C%E5%90%8D%E5%8F%A4%E5%B1%8B%E5%B8%82%E8%A5%BF%E5%8C%BA%E6%9E%87%E6%9D%B7%E5%B3%B63-19-11,2024,そば EAST,soba_east,発表日：2024年4月9日
手打ち蕎麦 たがた,静岡県静岡市葵区常磐町2丁目6-7,食べログ そば EAST 百名店 2024,https://tabelog.com/shizuoka/A2201/A220101/22002324/,https://www.google.com/maps/search/?api=1&query=%E6%89%8B%E6%89%93%E3%81%A1%E8%95%8E%E9%BA%A6%20%E3%81%9F%E3%81%8C%E3%81%9F%20%E9%9D%99%E5%B2%A1%E7%9C%8C%E9%9D%99%E5%B2%A1%E5%B8%82%E8%91%B5%E5%8C%BA%E5%B8%B8%E7%A3%90%E7%94%BA2%E4%B8%81%E7%9B%AE6-7,2024,そば EAST,soba_east,発表日：2024年4月9日
更科藤井,石川県金沢市柿木畠3-3,食べログ そば WEST 百名店 2024,https://tabelog.com/ishikawa/A1701/A170101/17006763/,https://www.google.com/maps/search/?api=1&query=%E6%9B%B4%E7%A7%91%E8%97%A4%E4%BA%95%20%E7%9F%B3%E5%B7%9D%E7%9C%8C%E9%87%91%E6%B2%A2%E5%B8%82%E6%9F%BF%E6%9C%A8%E7%95%A03-3,2024,そば WEST,soba_west,発表日：2024年4月9日
達磨,富山県富山市黒瀬北町1-8-8,食べログ そば WEST 百名店 2024,https://tabelog.com/toyama/A1601/A160101/16000054/,https://www.google.com/maps/search/?api=1&query=%E9%81%94%E7%A3%A8%20%E5%AF%8C%E5%B1%B1%E7%9C%8C%E5%AF%8C%E5%B1%B1%E5%B8%82%E9%BB%92%E7%80%AC%E5%8C%97%E7%94%BA1-8-8,2024,そば WEST,soba_west,発表日：2024年4月9日
あみだそば はなれ,福井県福井市中央1-9-1,食べログ そば WEST 百名店 2024,https://tabelog.com/fukui/A1801/A180101/18004153/,https://www.google.com/maps/search/?api=1&query=%E3%81%82%E3%81%BF%E3%81%A0%E3%81%9D%E3%81%B0%20%E3%81%AF%E3%81%AA%E3%82%8C%20%E7%A6%8F%E4%BA%95%E7%9C%8C%E7%A6%8F%E4%BA%95%E5%B8%82%E4%B8%AD%E5%A4%AE1-9-1,2024,そば WEST,soba_west,発表日：2024年4月9日
福助,富山県砺波市林947-1,食べログ そば WEST 百名店 2024,https://tabelog.com/toyama/A1605/A160501/16000660/,https://www.google.com/maps/search/?api=1&query=%E7%A6%8F%E5%8A%A9%20%E5%AF%8C%E5%B1%B1%E7%9C%8C%E7%A0%BA%E6%B3%A2%E5%B8%82%E6%9E%97947-1,2024,そば WEST,soba_west,発表日：2024年4月9日
うるしや,福井県越前市京町1-4-26,食べログ そば WEST 百名店 2024,https://tabelog.com/fukui/A1802/A180202/18007966/,https://www.google.com/maps/search/?api=1&query=%E3%81%86%E3%82%8B%E3%81%97%E3%82%84%20%E7%A6%8F%E4%BA%95%E7%9C%8C%E8%B6%8A%E5%89%8D%E5%B8%82%E4%BA%AC%E7%94%BA1-4-26,2024,そば WEST,soba_west,発表日：2024年4月9日
草庵,石川県白山市鶴来日吉町ロ32,食べログ そば WEST 百名店 2024,https://tabelog.com/ishikawa/A1702/A170203/17001320/,https://www.google.com/maps/search/?api=1&query=%E8%8D%89%E5%BA%B5%20%E7%9F%B3%E5%B7%9D%E7%9C%8C%E7%99%BD%E5%B1%B1%E5%B8%82%E9%B6%B4%E6%9D%A5%E6%97%A5%E5%90%89%E7%94%BA%E3%83%AD32,2024,そば WEST,soba_west,発表日：2024年4月9日
手取川 竹やぶ,石川県能美市三ツ屋町イ12,食べログ そば WEST 百名店 2024,https://tabelog.com/ishikawa/A1702/A170203/17001500/,https://www.google.com/maps/search/?api=1&query=%E6%89%8B%E5%8F%96%E5%B7%9D%20%E7%AB%B9%E3%82%84%E3%81%B6%20%E7%9F%B3%E5%B7%9D%E7%9C%8C%E8%83%BD%E7%BE%8E%E5%B8%82%E4%B8%89%E3%83%84%E5%B1%8B%E7%94%BA%E3%82%A412,2024,そば WEST,soba_west,発表日：2024年4月9日
亀蔵,福井県鯖江市東鯖江1-1-3 MM6ﾋﾞﾙ1F,食べログ そば WEST 百名店 2024,https://tabelog.com/fukui/A1802/A180201/18004146/,https://www.google.com/maps/search/?api=1&query=%E4%BA%80%E8%94%B5%20%E7%A6%8F%E4%BA%95%E7%9C%8C%E9%AF%96%E6%B1%9F%E5%B8%82%E6%9D%B1%E9%AF%96%E6%B1%9F1-1-3%20MM6%EF%BE%8B%EF%BE%9E%EF%BE%991F,2024,そば WEST,soba_west,発表日：2024年4月9日
そば蔵 谷川,福井県越前市深草2-9-28,食べログ そば WEST 百名店 2024,https://tabelog.com/fukui/A1802/A180202/18000587/,https://www.google.com/maps/search/?api=1&query=%E3%81%9D%E3%81%B0%E8%94%B5%20%E8%B0%B7%E5%B7%9D%20%E7%A6%8F%E4%BA%95%E7%9C%8C%E8%B6%8A%E5%89%8D%E5%B8%82%E6%B7%B1%E8%8D%892-9-28,2024,そば WEST,soba_west,発表日：2024年4月9日
蕎麦 やすたけ,福井県福井市文京7-9-35,食べログ そば WEST 百名店 2024,https://tabelog.com/fukui/A1801/A180101/18000999/,https://www.google.com/maps/search/?api=1&query=%E8%95%8E%E9%BA%A6%20%E3%82%84%E3%81%99%E3%81%9F%E3%81%91%20%E7%A6%8F%E4%BA%95%E7%9C%8C%E7%A6%8F%E4%BA%95%E5%B8%82%E6%96%87%E4%BA%AC7-9-35,2024,そば WEST,soba_west,発表日：2024年4月9日
きょうや,福井県福井市和田中2-936-2,食べログ そば WEST 百名店 2024,https://tabelog.com/fukui/A1801/A180101/18002814/,https://www.google.com/maps/search/?api=1&query=%E3%81%8D%E3%82%87%E3%81%86%E3%82%84%20%E7%A6%8F%E4%BA%95%E7%9C%8C%E7%A6%8F%E4%BA%95%E5%B8%82%E5%92%8C%E7%94%B0%E4%B8%AD2-936-2,2024,そば WEST,soba_west,発表日：2024年4月9日
あみだそば 福の井,福井県福井市中央1-2-1 ハピリン 1F,食べログ そば WEST 百名店 2024,https://tabelog.com/fukui/A1801/A180101/18007050/,https://www.google.com/maps/search/?api=1&query=%E3%81%82%E3%81%BF%E3%81%A0%E3%81%9D%E3%81%B0%20%E7%A6%8F%E3%81%AE%E4%BA%95%20%E7%A6%8F%E4%BA%95%E7%9C%8C%E7%A6%8F%E4%BA%95%E5%B8%82%E4%B8%AD%E5%A4%AE1-2-1%20%E3%83%8F%E3%83%94%E3%83%AA%E3%83%B3%201F,2024,そば WEST,soba_west,発表日：2024年4月9日
けんぞう蕎麦,福井県吉田郡永平寺町松岡春日3-26,食べログ そば WEST 百名店 2024,https://tabelog.com/fukui/A1801/A180103/18000030/,https://www.google.com/maps/search/?api=1&query=%E3%81%91%E3%82%93%E3%81%9E%E3%81%86%E8%95%8E%E9%BA%A6%20%E7%A6%8F%E4%BA%95%E7%9C%8C%E5%90%89%E7%94%B0%E9%83%A1%E6%B0%B8%E5%B9%B3%E5%AF%BA%E7%94%BA%E6%9D%BE%E5%B2%A1%E6%98%A5%E6%97%A53-26,2024,そば WEST,soba_west,発表日：2024年4月9日
手打蕎麦 こより,石川県金沢市長田2-20-13,食べログ そば WEST 百名店 2024,https://tabelog.com/ishikawa/A1701/A170101/17012178/,https://www.google.com/maps/search/?api=1&query=%E6%89%8B%E6%89%93%E8%95%8E%E9%BA%A6%20%E3%81%93%E3%82%88%E3%82%8A%20%E7%9F%B3%E5%B7%9D%E7%9C%8C%E9%87%91%E6%B2%A2%E5%B8%82%E9%95%B7%E7%94%B02-20-13,2024,そば WEST,soba_west,発表日：2024年4月9日
カラ カルメン,愛知県名古屋市中村区則武1-4-1,食べログ スペイン料理 百名店 2024,https://tabelog.com/aichi/A2301/A230101/23004817/,https://www.google.com/maps/search/?api=1&query=%E3%82%AB%E3%83%A9%20%E3%82%AB%E3%83%AB%E3%83%A1%E3%83%B3%20%E6%84%9B%E7%9F%A5%E7%9C%8C%E5%90%8D%E5%8F%A4%E5%B1%8B%E5%B8%82%E4%B8%AD%E6%9D%91%E5%8C%BA%E5%89%87%E6%AD%A61-4-1,2024,スペイン料理,spanish,発表日：2024年8月27日
バル・バロッサ,岐阜県岐阜市金宝町1-12 PORT-A‎　B１F,食べログ スペイン料理 百名店 2024,https://tabelog.com/gifu/A2101/A210101/21004401/,https://www.google.com/maps/search/?api=1&query=%E3%83%90%E3%83%AB%E3%83%BB%E3%83%90%E3%83%AD%E3%83%83%E3%82%B5%20%E5%B2%90%E9%98%9C%E7%9C%8C%E5%B2%90%E9%98%9C%E5%B8%82%E9%87%91%E5%AE%9D%E7%94%BA1-12%20PORT-A%E2%80%8E%E3%80%80B%EF%BC%91F,2024,スペイン料理,spanish,発表日：2024年8月27日
スペイン料理 アロス,石川県金沢市木倉町1-7,食べログ スペイン料理 百名店 2024,https://tabelog.com/ishikawa/A1701/A170101/17001118/,https://www.google.com/maps/search/?api=1&query=%E3%82%B9%E3%83%9A%E3%82%A4%E3%83%B3%E6%96%99%E7%90%86%20%E3%82%A2%E3%83%AD%E3%82%B9%20%E7%9F%B3%E5%B7%9D%E7%9C%8C%E9%87%91%E6%B2%A2%E5%B8%82%E6%9C%A8%E5%80%89%E7%94%BA1-7,2024,スペイン料理,spanish,発表日：2024年8月27日
スペインバル ボスケ,三重県四日市市安島1-1-42,食べログ スペイン料理 百名店 2024,https://tabelog.com/mie/A2402/A240201/24015616/,https://www.google.com/maps/search/?api=1&query=%E3%82%B9%E3%83%9A%E3%82%A4%E3%83%B3%E3%83%90%E3%83%AB%20%E3%83%9C%E3%82%B9%E3%82%B1%20%E4%B8%89%E9%87%8D%E7%9C%8C%E5%9B%9B%E6%97%A5%E5%B8%82%E5%B8%82%E5%AE%89%E5%B3%B61-1-42,2024,スペイン料理,spanish,発表日：2024年8月27日
スペインバルBULBO,愛知県名古屋市中区新栄2-27-12 加藤コーポ新栄 1F,食べログ スペイン料理 百名店 2024,https://tabelog.com/aichi/A2301/A230104/23086123/,https://www.google.com/maps/search/?api=1&query=%E3%82%B9%E3%83%9A%E3%82%A4%E3%83%B3%E3%83%90%E3%83%ABBULBO%20%E6%84%9B%E7%9F%A5%E7%9C%8C%E5%90%8D%E5%8F%A4%E5%B1%8B%E5%B8%82%E4%B8%AD%E5%8C%BA%E6%96%B0%E6%A0%842-27-12%20%E5%8A%A0%E8%97%A4%E3%82%B3%E3%83%BC%E3%83%9D%E6%96%B0%E6%A0%84%201F,2024,スペイン料理,spanish,発表日：2024年8月27日
エルトレロ,愛知県名古屋市昭和区御器所3-1-43 藤田ビル 1F,食べログ スペイン料理 百名店 2024,https://tabelog.com/aichi/A2301/A230108/23000353/,https://www.google.com/maps/search/?api=1&query=%E3%82%A8%E3%83%AB%E3%83%88%E3%83%AC%E3%83%AD%20%E6%84%9B%E7%9F%A5%E7%9C%8C%E5%90%8D%E5%8F%A4%E5%B1%8B%E5%B8%82%E6%98%AD%E5%92%8C%E5%8C%BA%E5%BE%A1%E5%99%A8%E6%89%803-1-43%20%E8%97%A4%E7%94%B0%E3%83%93%E3%83%AB%201F,2024,スペイン料理,spanish,発表日：2024年8月27日
レスピラシオン,石川県金沢市博労町67,食べログ スペイン料理 百名店 2024,https://tabelog.com/ishikawa/A1701/A170101/17010732/,https://www.google.com/maps/search/?api=1&query=%E3%83%AC%E3%82%B9%E3%83%94%E3%83%A9%E3%82%B7%E3%82%AA%E3%83%B3%20%E7%9F%B3%E5%B7%9D%E7%9C%8C%E9%87%91%E6%B2%A2%E5%B8%82%E5%8D%9A%E5%8A%B4%E7%94%BA67,2024,スペイン料理,spanish,発表日：2024年8月27日
びすとろ Den Den,愛知県名古屋市千種区仲田2-19-13,食べログ スペイン料理 百名店 2024,https://tabelog.com/aichi/A2301/A230106/23073009/,https://www.google.com/maps/search/?api=1&query=%E3%81%B3%E3%81%99%E3%81%A8%E3%82%8D%20Den%20Den%20%E6%84%9B%E7%9F%A5%E7%9C%8C%E5%90%8D%E5%8F%A4%E5%B1%8B%E5%B8%82%E5%8D%83%E7%A8%AE%E5%8C%BA%E4%BB%B2%E7%94%B02-19-13,2024,スペイン料理,spanish,発表日：2024年8月27日
リアス バイ ココチャ,三重県志摩市浜島町迫子2619-1,食べログ スペイン料理 百名店 2024,https://tabelog.com/mie/A2403/A240303/24015478/,https://www.google.com/maps/search/?api=1&query=%E3%83%AA%E3%82%A2%E3%82%B9%20%E3%83%90%E3%82%A4%20%E3%82%B3%E3%82%B3%E3%83%81%E3%83%A3%20%E4%B8%89%E9%87%8D%E7%9C%8C%E5%BF%97%E6%91%A9%E5%B8%82%E6%B5%9C%E5%B3%B6%E7%94%BA%E8%BF%AB%E5%AD%902619-1,2024,スペイン料理,spanish,発表日：2024年8月27日
グルマンプラス,愛知県名古屋市西区城西3-10-5 シャトーサイド谷 1F,食べログ スペイン料理 百名店 2024,https://tabelog.com/aichi/A2301/A230109/23075497/,https://www.google.com/maps/search/?api=1&query=%E3%82%B0%E3%83%AB%E3%83%9E%E3%83%B3%E3%83%97%E3%83%A9%E3%82%B9%20%E6%84%9B%E7%9F%A5%E7%9C%8C%E5%90%8D%E5%8F%A4%E5%B1%8B%E5%B8%82%E8%A5%BF%E5%8C%BA%E5%9F%8E%E8%A5%BF3-10-5%20%E3%82%B7%E3%83%A3%E3%83%88%E3%83%BC%E3%82%B5%E3%82%A4%E3%83%89%E8%B0%B7%201F,2024,スペイン料理,spanish,発表日：2024年8月27日
オレール,愛知県名古屋市千種区豊年町14-13 クリーンビル 1F,食べログ スペイン料理 百名店 2024,https://tabelog.com/aichi/A2301/A230106/23077859/,https://www.google.com/maps/search/?api=1&query=%E3%82%AA%E3%83%AC%E3%83%BC%E3%83%AB%20%E6%84%9B%E7%9F%A5%E7%9C%8C%E5%90%8D%E5%8F%A4%E5%B1%8B%E5%B8%82%E5%8D%83%E7%A8%AE%E5%8C%BA%E8%B1%8A%E5%B9%B4%E7%94%BA14-13%20%E3%82%AF%E3%83%AA%E3%83%BC%E3%83%B3%E3%83%93%E3%83%AB%201F,2024,スペイン料理,spanish,発表日：2024年8月27日
Jose Luis Karuizawa,長野県北佐久郡軽井沢町大字軽井沢1151-11,食べログ スペイン料理 百名店 2024,https://tabelog.com/nagano/A2003/A200301/20023846/,https://www.google.com/maps/search/?api=1&query=Jose%20Luis%20Karuizawa%20%E9%95%B7%E9%87%8E%E7%9C%8C%E5%8C%97%E4%BD%90%E4%B9%85%E9%83%A1%E8%BB%BD%E4%BA%95%E6%B2%A2%E7%94%BA%E5%A4%A7%E5%AD%97%E8%BB%BD%E4%BA%95%E6%B2%A21151-11,2024,スペイン料理,spanish,発表日：2024年8月27日
ラコンチャ,愛知県名古屋市東区葵1-26-10 ユニーブル新栄 102,食べログ スペイン料理 百名店 2024,https://tabelog.com/aichi/A2301/A230104/23061094/,https://www.google.com/maps/search/?api=1&query=%E3%83%A9%E3%82%B3%E3%83%B3%E3%83%81%E3%83%A3%20%E6%84%9B%E7%9F%A5%E7%9C%8C%E5%90%8D%E5%8F%A4%E5%B1%8B%E5%B8%82%E6%9D%B1%E5%8C%BA%E8%91%B51-26-10%20%E3%83%A6%E3%83%8B%E3%83%BC%E3%83%96%E3%83%AB%E6%96%B0%E6%A0%84%20102,2024,スペイン料理,spanish,発表日：2024年8月27日
Comedor Kito-,愛知県名古屋市西区那古野1-36-52,食べログ スペイン料理 百名店 2024,https://tabelog.com/aichi/A2301/A230102/23069105/,https://www.google.com/maps/search/?api=1&query=Comedor%20Kito-%20%E6%84%9B%E7%9F%A5%E7%9C%8C%E5%90%8D%E5%8F%A4%E5%B1%8B%E5%B8%82%E8%A5%BF%E5%8C%BA%E9%82%A3%E5%8F%A4%E9%87%8E1-36-52,2024,スペイン料理,spanish,発表日：2024年8月27日
タンボラーダ,愛知県岡崎市竜美南4-8-10,食べログ スペイン料理 百名店 2024,https://tabelog.com/aichi/A2305/A230502/23064711/,https://www.google.com/maps/search/?api=1&query=%E3%82%BF%E3%83%B3%E3%83%9C%E3%83%A9%E3%83%BC%E3%83%80%20%E6%84%9B%E7%9F%A5%E7%9C%8C%E5%B2%A1%E5%B4%8E%E5%B8%82%E7%AB%9C%E7%BE%8E%E5%8D%974-8-10,2024,スペイン料理,spanish,発表日：2024年8月27日
IZURUN,三重県多気郡多気町ヴィソン672-1 ホテルヴィソン 10F,食べログ スペイン料理 百名店 2024,https://tabelog.com/mie/A2401/A240103/24018252/,https://www.google.com/maps/search/?api=1&query=IZURUN%20%E4%B8%89%E9%87%8D%E7%9C%8C%E5%A4%9A%E6%B0%97%E9%83%A1%E5%A4%9A%E6%B0%97%E7%94%BA%E3%83%B4%E3%82%A3%E3%82%BD%E3%83%B3672-1%20%E3%83%9B%E3%83%86%E3%83%AB%E3%83%B4%E3%82%A3%E3%82%BD%E3%83%B3%2010F,2024,スペイン料理,spanish,発表日：2024年8月27日
コメール マル イ モンターニャ,石川県金沢市木倉町5-3,食べログ スペイン料理 百名店 2024,https://tabelog.com/ishikawa/A1701/A170101/17011295/,https://www.google.com/maps/search/?api=1&query=%E3%82%B3%E3%83%A1%E3%83%BC%E3%83%AB%20%E3%83%9E%E3%83%AB%20%E3%82%A4%20%E3%83%A2%E3%83%B3%E3%82%BF%E3%83%BC%E3%83%8B%E3%83%A3%20%E7%9F%B3%E5%B7%9D%E7%9C%8C%E9%87%91%E6%B2%A2%E5%B8%82%E6%9C%A8%E5%80%89%E7%94%BA5-3,2024,スペイン料理,spanish,発表日：2024年8月27日
千薫庵,愛知県名古屋市名東区猪子石1-2701,食べログ ステーキ・鉄板焼き EAST 百名店 2024,https://tabelog.com/aichi/A2301/A230111/23001008/,https://www.google.com/maps/search/?api=1&query=%E5%8D%83%E8%96%AB%E5%BA%B5%20%E6%84%9B%E7%9F%A5%E7%9C%8C%E5%90%8D%E5%8F%A4%E5%B1%8B%E5%B8%82%E5%90%8D%E6%9D%B1%E5%8C%BA%E7%8C%AA%E5%AD%90%E7%9F%B31-2701,2024,ステーキ・鉄板焼き EAST,steak_east,発表日：2024年4月23日
鉄板DINING集 栄店,愛知県名古屋市中区栄3-23-5 Arrow栄ビル 2F,食べログ ステーキ・鉄板焼き EAST 百名店 2024,https://tabelog.com/aichi/A2301/A230103/23045350/,https://www.google.com/maps/search/?api=1&query=%E9%89%84%E6%9D%BFDINING%E9%9B%86%20%E6%A0%84%E5%BA%97%20%E6%84%9B%E7%9F%A5%E7%9C%8C%E5%90%8D%E5%8F%A4%E5%B1%8B%E5%B8%82%E4%B8%AD%E5%8C%BA%E6%A0%843-23-5%20Arrow%E6%A0%84%E3%83%93%E3%83%AB%202F,2024,ステーキ・鉄板焼き EAST,steak_east,発表日：2024年4月23日
カフェ＆鉄板レストラン 藤川,山梨県南巨摩郡身延町常葉7052-14,食べログ ステーキ・鉄板焼き EAST 百名店 2024,https://tabelog.com/yamanashi/A1904/A190402/19000363/,https://www.google.com/maps/search/?api=1&query=%E3%82%AB%E3%83%95%E3%82%A7%EF%BC%86%E9%89%84%E6%9D%BF%E3%83%AC%E3%82%B9%E3%83%88%E3%83%A9%E3%83%B3%20%E8%97%A4%E5%B7%9D%20%E5%B1%B1%E6%A2%A8%E7%9C%8C%E5%8D%97%E5%B7%A8%E6%91%A9%E9%83%A1%E8%BA%AB%E5%BB%B6%E7%94%BA%E5%B8%B8%E8%91%897052-14,2024,ステーキ・鉄板焼き EAST,steak_east,発表日：2024年4月23日
特選飛騨牛 花ざくろ,岐阜県岐阜市栗矢田町1-5,食べログ ステーキ・鉄板焼き EAST 百名店 2024,https://tabelog.com/gifu/A2101/A210101/21000094/,https://www.google.com/maps/search/?api=1&query=%E7%89%B9%E9%81%B8%E9%A3%9B%E9%A8%A8%E7%89%9B%20%E8%8A%B1%E3%81%96%E3%81%8F%E3%82%8D%20%E5%B2%90%E9%98%9C%E7%9C%8C%E5%B2%90%E9%98%9C%E5%B8%82%E6%A0%97%E7%9F%A2%E7%94%B0%E7%94%BA1-5,2024,ステーキ・鉄板焼き EAST,steak_east,発表日：2024年4月23日
鉄板焼じろう,愛知県名古屋市中区栄4-5-18 栄ソシアルビル B1F,食べログ ステーキ・鉄板焼き EAST 百名店 2024,https://tabelog.com/aichi/A2301/A230103/23071876/,https://www.google.com/maps/search/?api=1&query=%E9%89%84%E6%9D%BF%E7%84%BC%E3%81%98%E3%82%8D%E3%81%86%20%E6%84%9B%E7%9F%A5%E7%9C%8C%E5%90%8D%E5%8F%A4%E5%B1%8B%E5%B8%82%E4%B8%AD%E5%8C%BA%E6%A0%844-5-18%20%E6%A0%84%E3%82%BD%E3%82%B7%E3%82%A2%E3%83%AB%E3%83%93%E3%83%AB%20B1F,2024,ステーキ・鉄板焼き EAST,steak_east,発表日：2024年4月23日
那古亭,愛知県名古屋市中村区名駅1-1-4 名古屋マリオットアソシアホテル　１８Ｆ,食べログ ステーキ・鉄板焼き EAST 百名店 2024,https://tabelog.com/aichi/A2301/A230101/23000324/,https://www.google.com/maps/search/?api=1&query=%E9%82%A3%E5%8F%A4%E4%BA%AD%20%E6%84%9B%E7%9F%A5%E7%9C%8C%E5%90%8D%E5%8F%A4%E5%B1%8B%E5%B8%82%E4%B8%AD%E6%9D%91%E5%8C%BA%E5%90%8D%E9%A7%851-1-4%20%E5%90%8D%E5%8F%A4%E5%B1%8B%E3%83%9E%E3%83%AA%E3%82%AA%E3%83%83%E3%83%88%E3%82%A2%E3%82%BD%E3%82%B7%E3%82%A2%E3%83%9B%E3%83%86%E3%83%AB%E3%80%80%EF%BC%91%EF%BC%98%EF%BC%A6,2024,ステーキ・鉄板焼き EAST,steak_east,発表日：2024年4月23日
潜龍,岐阜県岐阜市長良14,食べログ ステーキ・鉄板焼き EAST 百名店 2024,https://tabelog.com/gifu/A2101/A210101/21000012/,https://www.google.com/maps/search/?api=1&query=%E6%BD%9C%E9%BE%8D%20%E5%B2%90%E9%98%9C%E7%9C%8C%E5%B2%90%E9%98%9C%E5%B8%82%E9%95%B7%E8%89%AF14,2024,ステーキ・鉄板焼き EAST,steak_east,発表日：2024年4月23日
六角堂,愛知県蒲郡市竹島町15-1 蒲郡クラシックホテル,食べログ ステーキ・鉄板焼き EAST 百名店 2024,https://tabelog.com/aichi/A2306/A230603/23000855/,https://www.google.com/maps/search/?api=1&query=%E5%85%AD%E8%A7%92%E5%A0%82%20%E6%84%9B%E7%9F%A5%E7%9C%8C%E8%92%B2%E9%83%A1%E5%B8%82%E7%AB%B9%E5%B3%B6%E7%94%BA15-1%20%E8%92%B2%E9%83%A1%E3%82%AF%E3%83%A9%E3%82%B7%E3%83%83%E3%82%AF%E3%83%9B%E3%83%86%E3%83%AB,2024,ステーキ・鉄板焼き EAST,steak_east,発表日：2024年4月23日
ローズルーム名古屋,愛知県名古屋市中区栄2-7-13 ヴィア白川　２Ｆ,食べログ ステーキ・鉄板焼き EAST 百名店 2024,https://tabelog.com/aichi/A2301/A230102/23006175/,https://www.google.com/maps/search/?api=1&query=%E3%83%AD%E3%83%BC%E3%82%BA%E3%83%AB%E3%83%BC%E3%83%A0%E5%90%8D%E5%8F%A4%E5%B1%8B%20%E6%84%9B%E7%9F%A5%E7%9C%8C%E5%90%8D%E5%8F%A4%E5%B1%8B%E5%B8%82%E4%B8%AD%E5%8C%BA%E6%A0%842-7-13%20%E3%83%B4%E3%82%A3%E3%82%A2%E7%99%BD%E5%B7%9D%E3%80%80%EF%BC%92%EF%BC%A6,2024,ステーキ・鉄板焼き EAST,steak_east,発表日：2024年4月23日
レストラン ロワール 鉄板焼,愛知県名古屋市中区栄4-6-8 名古屋東急ホテル 2F,食べログ ステーキ・鉄板焼き EAST 百名店 2024,https://tabelog.com/aichi/A2301/A230103/23080634/,https://www.google.com/maps/search/?api=1&query=%E3%83%AC%E3%82%B9%E3%83%88%E3%83%A9%E3%83%B3%20%E3%83%AD%E3%83%AF%E3%83%BC%E3%83%AB%20%E9%89%84%E6%9D%BF%E7%84%BC%20%E6%84%9B%E7%9F%A5%E7%9C%8C%E5%90%8D%E5%8F%A4%E5%B1%8B%E5%B8%82%E4%B8%AD%E5%8C%BA%E6%A0%844-6-8%20%E5%90%8D%E5%8F%A4%E5%B1%8B%E6%9D%B1%E6%80%A5%E3%83%9B%E3%83%86%E3%83%AB%202F,2024,ステーキ・鉄板焼き EAST,steak_east,発表日：2024年4月23日
鉄板焼 宇佐見,愛知県半田市泉町28 早苗ビル 1F,食べログ ステーキ・鉄板焼き EAST 百名店 2024,https://tabelog.com/aichi/A2304/A230402/23080626/,https://www.google.com/maps/search/?api=1&query=%E9%89%84%E6%9D%BF%E7%84%BC%20%E5%AE%87%E4%BD%90%E8%A6%8B%20%E6%84%9B%E7%9F%A5%E7%9C%8C%E5%8D%8A%E7%94%B0%E5%B8%82%E6%B3%89%E7%94%BA28%20%E6%97%A9%E8%8B%97%E3%83%93%E3%83%AB%201F,2024,ステーキ・鉄板焼き EAST,steak_east,発表日：2024年4月23日
L'atelier泉,愛知県名古屋市東区泉1-17-3 オレンジタウン 2F,食べログ ステーキ・鉄板焼き EAST 百名店 2024,https://tabelog.com/aichi/A2301/A230103/23069527/,https://www.google.com/maps/search/?api=1&query=L%27atelier%E6%B3%89%20%E6%84%9B%E7%9F%A5%E7%9C%8C%E5%90%8D%E5%8F%A4%E5%B1%8B%E5%B8%82%E6%9D%B1%E5%8C%BA%E6%B3%891-17-3%20%E3%82%AA%E3%83%AC%E3%83%B3%E3%82%B8%E3%82%BF%E3%82%A6%E3%83%B3%202F,2024,ステーキ・鉄板焼き EAST,steak_east,発表日：2024年4月23日
ザ　カウボーイハウス,長野県北佐久郡軽井沢町大字長倉2144,食べログ ステーキ・鉄板焼き EAST 百名店 2024,https://tabelog.com/nagano/A2003/A200301/20000179/,https://www.google.com/maps/search/?api=1&query=%E3%82%B6%E3%80%80%E3%82%AB%E3%82%A6%E3%83%9C%E3%83%BC%E3%82%A4%E3%83%8F%E3%82%A6%E3%82%B9%20%E9%95%B7%E9%87%8E%E7%9C%8C%E5%8C%97%E4%BD%90%E4%B9%85%E9%83%A1%E8%BB%BD%E4%BA%95%E6%B2%A2%E7%94%BA%E5%A4%A7%E5%AD%97%E9%95%B7%E5%80%892144,2024,ステーキ・鉄板焼き EAST,steak_east,発表日：2024年4月23日
備長炭ステーキ炉　Sakai,愛知県名古屋市中区大須2-8-23,食べログ ステーキ・鉄板焼き EAST 百名店 2024,https://tabelog.com/aichi/A2301/A230105/23000754/,https://www.google.com/maps/search/?api=1&query=%E5%82%99%E9%95%B7%E7%82%AD%E3%82%B9%E3%83%86%E3%83%BC%E3%82%AD%E7%82%89%E3%80%80Sakai%20%E6%84%9B%E7%9F%A5%E7%9C%8C%E5%90%8D%E5%8F%A4%E5%B1%8B%E5%B8%82%E4%B8%AD%E5%8C%BA%E5%A4%A7%E9%A0%882-8-23,2024,ステーキ・鉄板焼き EAST,steak_east,発表日：2024年4月23日
ステーキハウス スエ,愛知県名古屋市中村区名駅南1-8-18,食べログ ステーキ・鉄板焼き EAST 百名店 2024,https://tabelog.com/aichi/A2301/A230101/23002562/,https://www.google.com/maps/search/?api=1&query=%E3%82%B9%E3%83%86%E3%83%BC%E3%82%AD%E3%83%8F%E3%82%A6%E3%82%B9%20%E3%82%B9%E3%82%A8%20%E6%84%9B%E7%9F%A5%E7%9C%8C%E5%90%8D%E5%8F%A4%E5%B1%8B%E5%B8%82%E4%B8%AD%E6%9D%91%E5%8C%BA%E5%90%8D%E9%A7%85%E5%8D%971-8-18,2024,ステーキ・鉄板焼き EAST,steak_east,発表日：2024年4月23日
FRENCH TEPPAN 静香庵,新潟県新潟市中央区万代3-1-1 メディアシップ １９階,食べログ ステーキ・鉄板焼き EAST 百名店 2024,https://tabelog.com/niigata/A1501/A150101/15013868/,https://www.google.com/maps/search/?api=1&query=FRENCH%20TEPPAN%20%E9%9D%99%E9%A6%99%E5%BA%B5%20%E6%96%B0%E6%BD%9F%E7%9C%8C%E6%96%B0%E6%BD%9F%E5%B8%82%E4%B8%AD%E5%A4%AE%E5%8C%BA%E4%B8%87%E4%BB%A33-1-1%20%E3%83%A1%E3%83%87%E3%82%A3%E3%82%A2%E3%82%B7%E3%83%83%E3%83%97%20%EF%BC%91%EF%BC%99%E9%9A%8E,2024,ステーキ・鉄板焼き EAST,steak_east,発表日：2024年4月23日
ブルボン,岐阜県高山市本町4-5,食べログ ステーキ・鉄板焼き EAST 百名店 2024,https://tabelog.com/gifu/A2104/A210401/21000079/,https://www.google.com/maps/search/?api=1&query=%E3%83%96%E3%83%AB%E3%83%9C%E3%83%B3%20%E5%B2%90%E9%98%9C%E7%9C%8C%E9%AB%98%E5%B1%B1%E5%B8%82%E6%9C%AC%E7%94%BA4-5,2024,ステーキ・鉄板焼き EAST,steak_east,発表日：2024年4月23日
飛騨牛グリルばくろ,岐阜県岐阜市米屋町9,食べログ ステーキ・鉄板焼き EAST 百名店 2024,https://tabelog.com/gifu/A2101/A210101/21010723/,https://www.google.com/maps/search/?api=1&query=%E9%A3%9B%E9%A8%A8%E7%89%9B%E3%82%B0%E3%83%AA%E3%83%AB%E3%81%B0%E3%81%8F%E3%82%8D%20%E5%B2%90%E9%98%9C%E7%9C%8C%E5%B2%90%E9%98%9C%E5%B8%82%E7%B1%B3%E5%B1%8B%E7%94%BA9,2024,ステーキ・鉄板焼き EAST,steak_east,発表日：2024年4月23日
ステーキハウス キッチンリボン,愛知県名古屋市昭和区菊園町4-24 菊園ビル　１Ｆ,食べログ ステーキ・鉄板焼き EAST 百名店 2024,https://tabelog.com/aichi/A2301/A230108/23000494/,https://www.google.com/maps/search/?api=1&query=%E3%82%B9%E3%83%86%E3%83%BC%E3%82%AD%E3%83%8F%E3%82%A6%E3%82%B9%20%E3%82%AD%E3%83%83%E3%83%81%E3%83%B3%E3%83%AA%E3%83%9C%E3%83%B3%20%E6%84%9B%E7%9F%A5%E7%9C%8C%E5%90%8D%E5%8F%A4%E5%B1%8B%E5%B8%82%E6%98%AD%E5%92%8C%E5%8C%BA%E8%8F%8A%E5%9C%92%E7%94%BA4-24%20%E8%8F%8A%E5%9C%92%E3%83%93%E3%83%AB%E3%80%80%EF%BC%91%EF%BC%A6,2024,ステーキ・鉄板焼き EAST,steak_east,発表日：2024年4月23日
チョットジョット,愛知県名古屋市東区泉2-2-30 ヴィアーレジュエリー 2F,食べログ ステーキ・鉄板焼き EAST 百名店 2024,https://tabelog.com/aichi/A2301/A230104/23072950/,https://www.google.com/maps/search/?api=1&query=%E3%83%81%E3%83%A7%E3%83%83%E3%83%88%E3%82%B8%E3%83%A7%E3%83%83%E3%83%88%20%E6%84%9B%E7%9F%A5%E7%9C%8C%E5%90%8D%E5%8F%A4%E5%B1%8B%E5%B8%82%E6%9D%B1%E5%8C%BA%E6%B3%892-2-30%20%E3%83%B4%E3%82%A3%E3%82%A2%E3%83%BC%E3%83%AC%E3%82%B8%E3%83%A5%E3%82%A8%E3%83%AA%E3%83%BC%202F,2024,ステーキ・鉄板焼き EAST,steak_east,発表日：2024年4月23日
ラトリエK,愛知県名古屋市東区東桜2-12-22 水谷ビル 2F,食べログ ステーキ・鉄板焼き EAST 百名店 2024,https://tabelog.com/aichi/A2301/A230104/23063123/,https://www.google.com/maps/search/?api=1&query=%E3%83%A9%E3%83%88%E3%83%AA%E3%82%A8K%20%E6%84%9B%E7%9F%A5%E7%9C%8C%E5%90%8D%E5%8F%A4%E5%B1%8B%E5%B8%82%E6%9D%B1%E5%8C%BA%E6%9D%B1%E6%A1%9C2-12-22%20%E6%B0%B4%E8%B0%B7%E3%83%93%E3%83%AB%202F,2024,ステーキ・鉄板焼き EAST,steak_east,発表日：2024年4月23日
尾乃道,愛知県名古屋市東区泉1-17-29,食べログ ステーキ・鉄板焼き EAST 百名店 2024,https://tabelog.com/aichi/A2301/A230103/23071120/,https://www.google.com/maps/search/?api=1&query=%E5%B0%BE%E4%B9%83%E9%81%93%20%E6%84%9B%E7%9F%A5%E7%9C%8C%E5%90%8D%E5%8F%A4%E5%B1%8B%E5%B8%82%E6%9D%B1%E5%8C%BA%E6%B3%891-17-29,2024,ステーキ・鉄板焼き EAST,steak_east,発表日：2024年4月23日
ビーフクラブ ノエル,三重県松阪市京町25,食べログ ステーキ・鉄板焼き WEST 百名店 2024,https://tabelog.com/mie/A2401/A240102/24001065/,https://www.google.com/maps/search/?api=1&query=%E3%83%93%E3%83%BC%E3%83%95%E3%82%AF%E3%83%A9%E3%83%96%20%E3%83%8E%E3%82%A8%E3%83%AB%20%E4%B8%89%E9%87%8D%E7%9C%8C%E6%9D%BE%E9%98%AA%E5%B8%82%E4%BA%AC%E7%94%BA25,2024,ステーキ・鉄板焼き WEST,steak_west,発表日：2024年4月23日
鉄板焼き 鳥羽別邸 華暦,三重県鳥羽市安楽島町字ニエ212-8,食べログ ステーキ・鉄板焼き WEST 百名店 2024,https://tabelog.com/mie/A2403/A240302/24015985/,https://www.google.com/maps/search/?api=1&query=%E9%89%84%E6%9D%BF%E7%84%BC%E3%81%8D%20%E9%B3%A5%E7%BE%BD%E5%88%A5%E9%82%B8%20%E8%8F%AF%E6%9A%A6%20%E4%B8%89%E9%87%8D%E7%9C%8C%E9%B3%A5%E7%BE%BD%E5%B8%82%E5%AE%89%E6%A5%BD%E5%B3%B6%E7%94%BA%E5%AD%97%E3%83%8B%E3%82%A8212-8,2024,ステーキ・鉄板焼き WEST,steak_west,発表日：2024年4月23日
最飛び飛騨牛 しゃぶすき家 馬喰一代 名古屋WEST,愛知県名古屋市西区牛島町6-24 アクロスキューブ名古屋 2F,食べログ すき焼き・しゃぶしゃぶ 百名店 2024,https://tabelog.com/aichi/A2301/A230101/23072437/,https://www.google.com/maps/search/?api=1&query=%E6%9C%80%E9%A3%9B%E3%81%B3%E9%A3%9B%E9%A8%A8%E7%89%9B%20%E3%81%97%E3%82%83%E3%81%B6%E3%81%99%E3%81%8D%E5%AE%B6%20%E9%A6%AC%E5%96%B0%E4%B8%80%E4%BB%A3%20%E5%90%8D%E5%8F%A4%E5%B1%8BWEST%20%E6%84%9B%E7%9F%A5%E7%9C%8C%E5%90%8D%E5%8F%A4%E5%B1%8B%E5%B8%82%E8%A5%BF%E5%8C%BA%E7%89%9B%E5%B3%B6%E7%94%BA6-24%20%E3%82%A2%E3%82%AF%E3%83%AD%E3%82%B9%E3%82%AD%E3%83%A5%E3%83%BC%E3%83%96%E5%90%8D%E5%8F%A4%E5%B1%8B%202F,2024,すき焼き・しゃぶしゃぶ,sukiyaki_shabushabu,発表日：2024年9月10日
まと場,三重県鈴鹿市矢橋1-25-15,食べログ すき焼き・しゃぶしゃぶ 百名店 2024,https://tabelog.com/mie/A2402/A240202/24000103/,https://www.google.com/maps/search/?api=1&query=%E3%81%BE%E3%81%A8%E5%A0%B4%20%E4%B8%89%E9%87%8D%E7%9C%8C%E9%88%B4%E9%B9%BF%E5%B8%82%E7%9F%A2%E6%A9%8B1-25-15,2024,すき焼き・しゃぶしゃぶ,sukiyaki_shabushabu,発表日：2024年9月10日
柿安 料亭本店,三重県桑名市江戸町36,食べログ すき焼き・しゃぶしゃぶ 百名店 2024,https://tabelog.com/mie/A2402/A240203/24000024/,https://www.google.com/maps/search/?api=1&query=%E6%9F%BF%E5%AE%89%20%E6%96%99%E4%BA%AD%E6%9C%AC%E5%BA%97%20%E4%B8%89%E9%87%8D%E7%9C%8C%E6%A1%91%E5%90%8D%E5%B8%82%E6%B1%9F%E6%88%B8%E7%94%BA36,2024,すき焼き・しゃぶしゃぶ,sukiyaki_shabushabu,発表日：2024年9月10日
江戸庄,新潟県村上市大町2-17,食べログ すき焼き・しゃぶしゃぶ 百名店 2024,https://tabelog.com/niigata/A1505/A150504/15001277/,https://www.google.com/maps/search/?api=1&query=%E6%B1%9F%E6%88%B8%E5%BA%84%20%E6%96%B0%E6%BD%9F%E7%9C%8C%E6%9D%91%E4%B8%8A%E5%B8%82%E5%A4%A7%E7%94%BA2-17,2024,すき焼き・しゃぶしゃぶ,sukiyaki_shabushabu,発表日：2024年9月10日
すき焼き 牛しゃぶ 松重,三重県津市羽所町381,食べログ すき焼き・しゃぶしゃぶ 百名店 2024,https://tabelog.com/mie/A2401/A240101/24013621/,https://www.google.com/maps/search/?api=1&query=%E3%81%99%E3%81%8D%E7%84%BC%E3%81%8D%20%E7%89%9B%E3%81%97%E3%82%83%E3%81%B6%20%E6%9D%BE%E9%87%8D%20%E4%B8%89%E9%87%8D%E7%9C%8C%E6%B4%A5%E5%B8%82%E7%BE%BD%E6%89%80%E7%94%BA381,2024,すき焼き・しゃぶしゃぶ,sukiyaki_shabushabu,発表日：2024年9月10日
たか福 名古屋JRセントラルタワーズ店,愛知県名古屋市中村区名駅1-1-4 JRセントラルタワーズ 13F,食べログ すき焼き・しゃぶしゃぶ 百名店 2024,https://tabelog.com/aichi/A2301/A230101/23063516/,https://www.google.com/maps/search/?api=1&query=%E3%81%9F%E3%81%8B%E7%A6%8F%20%E5%90%8D%E5%8F%A4%E5%B1%8BJR%E3%82%BB%E3%83%B3%E3%83%88%E3%83%A9%E3%83%AB%E3%82%BF%E3%83%AF%E3%83%BC%E3%82%BA%E5%BA%97%20%E6%84%9B%E7%9F%A5%E7%9C%8C%E5%90%8D%E5%8F%A4%E5%B1%8B%E5%B8%82%E4%B8%AD%E6%9D%91%E5%8C%BA%E5%90%8D%E9%A7%851-1-4%20JR%E3%82%BB%E3%83%B3%E3%83%88%E3%83%A9%E3%83%AB%E3%82%BF%E3%83%AF%E3%83%BC%E3%82%BA%2013F,2024,すき焼き・しゃぶしゃぶ,sukiyaki_shabushabu,発表日：2024年9月10日
本格肉料理 丸小,愛知県名古屋市中区東桜2-18-24 サンマルコビル 1F,食べログ すき焼き・しゃぶしゃぶ 百名店 2024,https://tabelog.com/aichi/A2301/A230104/23001975/,https://www.google.com/maps/search/?api=1&query=%E6%9C%AC%E6%A0%BC%E8%82%89%E6%96%99%E7%90%86%20%E4%B8%B8%E5%B0%8F%20%E6%84%9B%E7%9F%A5%E7%9C%8C%E5%90%8D%E5%8F%A4%E5%B1%8B%E5%B8%82%E4%B8%AD%E5%8C%BA%E6%9D%B1%E6%A1%9C2-18-24%20%E3%82%B5%E3%83%B3%E3%83%9E%E3%83%AB%E3%82%B3%E3%83%93%E3%83%AB%201F,2024,すき焼き・しゃぶしゃぶ,sukiyaki_shabushabu,発表日：2024年9月10日
和田金,三重県松阪市中町1878,食べログ すき焼き・しゃぶしゃぶ 百名店 2024,https://tabelog.com/mie/A2401/A240102/24000069/,https://www.google.com/maps/search/?api=1&query=%E5%92%8C%E7%94%B0%E9%87%91%20%E4%B8%89%E9%87%8D%E7%9C%8C%E6%9D%BE%E9%98%AA%E5%B8%82%E4%B8%AD%E7%94%BA1878,2024,すき焼き・しゃぶしゃぶ,sukiyaki_shabushabu,発表日：2024年9月10日
スギモト 本店,愛知県名古屋市中区栄3-1-35,食べログ すき焼き・しゃぶしゃぶ 百名店 2024,https://tabelog.com/aichi/A2301/A230102/23002469/,https://www.google.com/maps/search/?api=1&query=%E3%82%B9%E3%82%AE%E3%83%A2%E3%83%88%20%E6%9C%AC%E5%BA%97%20%E6%84%9B%E7%9F%A5%E7%9C%8C%E5%90%8D%E5%8F%A4%E5%B1%8B%E5%B8%82%E4%B8%AD%E5%8C%BA%E6%A0%843-1-35,2024,すき焼き・しゃぶしゃぶ,sukiyaki_shabushabu,発表日：2024年9月10日
松阪亭 三澤,愛知県西春日井郡豊山町豊場高前15,食べログ すき焼き・しゃぶしゃぶ 百名店 2024,https://tabelog.com/aichi/A2301/A230113/23007512/,https://www.google.com/maps/search/?api=1&query=%E6%9D%BE%E9%98%AA%E4%BA%AD%20%E4%B8%89%E6%BE%A4%20%E6%84%9B%E7%9F%A5%E7%9C%8C%E8%A5%BF%E6%98%A5%E6%97%A5%E4%BA%95%E9%83%A1%E8%B1%8A%E5%B1%B1%E7%94%BA%E8%B1%8A%E5%A0%B4%E9%AB%98%E5%89%8D15,2024,すき焼き・しゃぶしゃぶ,sukiyaki_shabushabu,発表日：2024年9月10日
八雲,愛知県名古屋市東区東桜2丁目16-25,食べログ すき焼き・しゃぶしゃぶ 百名店 2024,https://tabelog.com/aichi/A2301/A230104/23001776/,https://www.google.com/maps/search/?api=1&query=%E5%85%AB%E9%9B%B2%20%E6%84%9B%E7%9F%A5%E7%9C%8C%E5%90%8D%E5%8F%A4%E5%B1%8B%E5%B8%82%E6%9D%B1%E5%8C%BA%E6%9D%B1%E6%A1%9C2%E4%B8%81%E7%9B%AE16-25,2024,すき焼き・しゃぶしゃぶ,sukiyaki_shabushabu,発表日：2024年9月10日
豚捨 若柳,三重県伊勢市大世古2-10-12,食べログ すき焼き・しゃぶしゃぶ 百名店 2024,https://tabelog.com/mie/A2403/A240301/24000563/,https://www.google.com/maps/search/?api=1&query=%E8%B1%9A%E6%8D%A8%20%E8%8B%A5%E6%9F%B3%20%E4%B8%89%E9%87%8D%E7%9C%8C%E4%BC%8A%E5%8B%A2%E5%B8%82%E5%A4%A7%E4%B8%96%E5%8F%A42-10-12,2024,すき焼き・しゃぶしゃぶ,sukiyaki_shabushabu,発表日：2024年9月10日
金谷 本店,三重県伊賀市上野農人町434,食べログ すき焼き・しゃぶしゃぶ 百名店 2024,https://tabelog.com/mie/A2404/A240401/24000003/,https://www.google.com/maps/search/?api=1&query=%E9%87%91%E8%B0%B7%20%E6%9C%AC%E5%BA%97%20%E4%B8%89%E9%87%8D%E7%9C%8C%E4%BC%8A%E8%B3%80%E5%B8%82%E4%B8%8A%E9%87%8E%E8%BE%B2%E4%BA%BA%E7%94%BA434,2024,すき焼き・しゃぶしゃぶ,sukiyaki_shabushabu,発表日：2024年9月10日
しゃぶしゃぶ・創作料理居酒屋 豚吟 栄店,愛知県名古屋市中区栄4-9-10 愛信プラザビル 2F,食べログ すき焼き・しゃぶしゃぶ 百名店 2024,https://tabelog.com/aichi/A2301/A230103/23052362/,https://www.google.com/maps/search/?api=1&query=%E3%81%97%E3%82%83%E3%81%B6%E3%81%97%E3%82%83%E3%81%B6%E3%83%BB%E5%89%B5%E4%BD%9C%E6%96%99%E7%90%86%E5%B1%85%E9%85%92%E5%B1%8B%20%E8%B1%9A%E5%90%9F%20%E6%A0%84%E5%BA%97%20%E6%84%9B%E7%9F%A5%E7%9C%8C%E5%90%8D%E5%8F%A4%E5%B1%8B%E5%B8%82%E4%B8%AD%E5%8C%BA%E6%A0%844-9-10%20%E6%84%9B%E4%BF%A1%E3%83%97%E3%83%A9%E3%82%B6%E3%83%93%E3%83%AB%202F,2024,すき焼き・しゃぶしゃぶ,sukiyaki_shabushabu,発表日：2024年9月10日
人形町今半 名古屋ミッドランドスクエア店,愛知県名古屋市中村区名駅四丁目7番1号 ミッドランドスクエア　４１Ｆ,食べログ すき焼き・しゃぶしゃぶ 百名店 2024,https://tabelog.com/aichi/A2301/A230101/23004106/,https://www.google.com/maps/search/?api=1&query=%E4%BA%BA%E5%BD%A2%E7%94%BA%E4%BB%8A%E5%8D%8A%20%E5%90%8D%E5%8F%A4%E5%B1%8B%E3%83%9F%E3%83%83%E3%83%89%E3%83%A9%E3%83%B3%E3%83%89%E3%82%B9%E3%82%AF%E3%82%A8%E3%82%A2%E5%BA%97%20%E6%84%9B%E7%9F%A5%E7%9C%8C%E5%90%8D%E5%8F%A4%E5%B1%8B%E5%B8%82%E4%B8%AD%E6%9D%91%E5%8C%BA%E5%90%8D%E9%A7%85%E5%9B%9B%E4%B8%81%E7%9B%AE7%E7%95%AA1%E5%8F%B7%20%E3%83%9F%E3%83%83%E3%83%89%E3%83%A9%E3%83%B3%E3%83%89%E3%82%B9%E3%82%AF%E3%82%A8%E3%82%A2%E3%80%80%EF%BC%94%EF%BC%91%EF%BC%A6,2024,すき焼き・しゃぶしゃぶ,sukiyaki_shabushabu,発表日：2024年9月10日
牛銀本店,三重県松阪市魚町1618,食べログ すき焼き・しゃぶしゃぶ 百名店 2024,https://tabelog.com/mie/A2401/A240102/24000055/,https://www.google.com/maps/search/?api=1&query=%E7%89%9B%E9%8A%80%E6%9C%AC%E5%BA%97%20%E4%B8%89%E9%87%8D%E7%9C%8C%E6%9D%BE%E9%98%AA%E5%B8%82%E9%AD%9A%E7%94%BA1618,2024,すき焼き・しゃぶしゃぶ,sukiyaki_shabushabu,発表日：2024年9月10日
松阪 海津 本店,三重県松阪市市場庄町1340,食べログ すき焼き・しゃぶしゃぶ 百名店 2024,https://tabelog.com/mie/A2401/A240102/24002083/,https://www.google.com/maps/search/?api=1&query=%E6%9D%BE%E9%98%AA%20%E6%B5%B7%E6%B4%A5%20%E6%9C%AC%E5%BA%97%20%E4%B8%89%E9%87%8D%E7%9C%8C%E6%9D%BE%E9%98%AA%E5%B8%82%E5%B8%82%E5%A0%B4%E5%BA%84%E7%94%BA1340,2024,すき焼き・しゃぶしゃぶ,sukiyaki_shabushabu,発表日：2024年9月10日
すき亭 本店,長野県長野市南長野妻科112-1,食べログ すき焼き・しゃぶしゃぶ 百名店 2024,https://tabelog.com/nagano/A2001/A200101/20000232/,https://www.google.com/maps/search/?api=1&query=%E3%81%99%E3%81%8D%E4%BA%AD%20%E6%9C%AC%E5%BA%97%20%E9%95%B7%E9%87%8E%E7%9C%8C%E9%95%B7%E9%87%8E%E5%B8%82%E5%8D%97%E9%95%B7%E9%87%8E%E5%A6%BB%E7%A7%91112-1,2024,すき焼き・しゃぶしゃぶ,sukiyaki_shabushabu,発表日：2024年9月10日
水塩土菜 本店,静岡県静岡市葵区相生町6-22,食べログ とんかつ 百名店 2024,https://tabelog.com/shizuoka/A2201/A220101/22014897/,https://www.google.com/maps/search/?api=1&query=%E6%B0%B4%E5%A1%A9%E5%9C%9F%E8%8F%9C%20%E6%9C%AC%E5%BA%97%20%E9%9D%99%E5%B2%A1%E7%9C%8C%E9%9D%99%E5%B2%A1%E5%B8%82%E8%91%B5%E5%8C%BA%E7%9B%B8%E7%94%9F%E7%94%BA6-22,2024,とんかつ,tonkatsu,発表日：2024年3月26日
ぶた いながき,愛知県名古屋市瑞穂区洲雲町3-26 ブロアセレッソ 1F,食べログ とんかつ 百名店 2024,https://tabelog.com/aichi/A2301/A230108/23071466/,https://www.google.com/maps/search/?api=1&query=%E3%81%B6%E3%81%9F%20%E3%81%84%E3%81%AA%E3%81%8C%E3%81%8D%20%E6%84%9B%E7%9F%A5%E7%9C%8C%E5%90%8D%E5%8F%A4%E5%B1%8B%E5%B8%82%E7%91%9E%E7%A9%82%E5%8C%BA%E6%B4%B2%E9%9B%B2%E7%94%BA3-26%20%E3%83%96%E3%83%AD%E3%82%A2%E3%82%BB%E3%83%AC%E3%83%83%E3%82%BD%201F,2024,とんかつ,tonkatsu,発表日：2024年3月26日
とんかつ 力亭,長野県上田市天神1-2-32,食べログ とんかつ 百名店 2024,https://tabelog.com/nagano/A2004/A200401/20005756/,https://www.google.com/maps/search/?api=1&query=%E3%81%A8%E3%82%93%E3%81%8B%E3%81%A4%20%E5%8A%9B%E4%BA%AD%20%E9%95%B7%E9%87%8E%E7%9C%8C%E4%B8%8A%E7%94%B0%E5%B8%82%E5%A4%A9%E7%A5%9E1-2-32,2024,とんかつ,tonkatsu,発表日：2024年3月26日
とん唐てん,静岡県浜松市中央区高林2-8-30,食べログ とんかつ 百名店 2024,https://tabelog.com/shizuoka/A2202/A220201/22028186/,https://www.google.com/maps/search/?api=1&query=%E3%81%A8%E3%82%93%E5%94%90%E3%81%A6%E3%82%93%20%E9%9D%99%E5%B2%A1%E7%9C%8C%E6%B5%9C%E6%9D%BE%E5%B8%82%E4%B8%AD%E5%A4%AE%E5%8C%BA%E9%AB%98%E6%9E%972-8-30,2024,とんかつ,tonkatsu,発表日：2024年3月26日
幸楽,静岡県浜松市中央区肴町317-13,食べログ とんかつ 百名店 2024,https://tabelog.com/shizuoka/A2202/A220201/22000181/,https://www.google.com/maps/search/?api=1&query=%E5%B9%B8%E6%A5%BD%20%E9%9D%99%E5%B2%A1%E7%9C%8C%E6%B5%9C%E6%9D%BE%E5%B8%82%E4%B8%AD%E5%A4%AE%E5%8C%BA%E8%82%B4%E7%94%BA317-13,2024,とんかつ,tonkatsu,発表日：2024年3月26日
とんかつ野崎,三重県松阪市長月町9,食べログ とんかつ 百名店 2024,https://tabelog.com/mie/A2401/A240102/24001400/,https://www.google.com/maps/search/?api=1&query=%E3%81%A8%E3%82%93%E3%81%8B%E3%81%A4%E9%87%8E%E5%B4%8E%20%E4%B8%89%E9%87%8D%E7%9C%8C%E6%9D%BE%E9%98%AA%E5%B8%82%E9%95%B7%E6%9C%88%E7%94%BA9,2024,とんかつ,tonkatsu,発表日：2024年3月26日
キッチン美味小家,山梨県甲府市湯村2-6-22,食べログ とんかつ 百名店 2024,https://tabelog.com/yamanashi/A1901/A190101/19000291/,https://www.google.com/maps/search/?api=1&query=%E3%82%AD%E3%83%83%E3%83%81%E3%83%B3%E7%BE%8E%E5%91%B3%E5%B0%8F%E5%AE%B6%20%E5%B1%B1%E6%A2%A8%E7%9C%8C%E7%94%B2%E5%BA%9C%E5%B8%82%E6%B9%AF%E6%9D%912-6-22,2024,とんかつ,tonkatsu,発表日：2024年3月26日
とんかつ食房 厚○,愛知県名古屋市守山区大字下志段味字釼当先1022,食べログ とんかつ 百名店 2024,https://tabelog.com/aichi/A2301/A230114/23006270/,https://www.google.com/maps/search/?api=1&query=%E3%81%A8%E3%82%93%E3%81%8B%E3%81%A4%E9%A3%9F%E6%88%BF%20%E5%8E%9A%E2%97%8B%20%E6%84%9B%E7%9F%A5%E7%9C%8C%E5%90%8D%E5%8F%A4%E5%B1%8B%E5%B8%82%E5%AE%88%E5%B1%B1%E5%8C%BA%E5%A4%A7%E5%AD%97%E4%B8%8B%E5%BF%97%E6%AE%B5%E5%91%B3%E5%AD%97%E9%87%BC%E5%BD%93%E5%85%881022,2024,とんかつ,tonkatsu,発表日：2024年3月26日
美はる,愛知県尾張旭市北本地ヶ原4-27-5,食べログ とんかつ 百名店 2024,https://tabelog.com/aichi/A2303/A230302/23043621/,https://www.google.com/maps/search/?api=1&query=%E7%BE%8E%E3%81%AF%E3%82%8B%20%E6%84%9B%E7%9F%A5%E7%9C%8C%E5%B0%BE%E5%BC%B5%E6%97%AD%E5%B8%82%E5%8C%97%E6%9C%AC%E5%9C%B0%E3%83%B6%E5%8E%9F4-27-5,2024,とんかつ,tonkatsu,発表日：2024年3月26日
矢田かつ,愛知県名古屋市東区矢田2-5-18,食べログ とんかつ 百名店 2024,https://tabelog.com/aichi/A2301/A230110/23037296/,https://www.google.com/maps/search/?api=1&query=%E7%9F%A2%E7%94%B0%E3%81%8B%E3%81%A4%20%E6%84%9B%E7%9F%A5%E7%9C%8C%E5%90%8D%E5%8F%A4%E5%B1%8B%E5%B8%82%E6%9D%B1%E5%8C%BA%E7%9F%A2%E7%94%B02-5-18,2024,とんかつ,tonkatsu,発表日：2024年3月26日
焼とんかつ たいら,愛知県名古屋市千種区今池5-8-9,食べログ とんかつ 百名店 2024,https://tabelog.com/aichi/A2301/A230106/23004729/,https://www.google.com/maps/search/?api=1&query=%E7%84%BC%E3%81%A8%E3%82%93%E3%81%8B%E3%81%A4%20%E3%81%9F%E3%81%84%E3%82%89%20%E6%84%9B%E7%9F%A5%E7%9C%8C%E5%90%8D%E5%8F%A4%E5%B1%8B%E5%B8%82%E5%8D%83%E7%A8%AE%E5%8C%BA%E4%BB%8A%E6%B1%A05-8-9,2024,とんかつ,tonkatsu,発表日：2024年3月26日
カツレツMATUMURA,愛知県名古屋市中村区名駅3-28-12 大名古屋ビルヂング 3F,食べログ とんかつ 百名店 2024,https://tabelog.com/aichi/A2301/A230101/23073675/,https://www.google.com/maps/search/?api=1&query=%E3%82%AB%E3%83%84%E3%83%AC%E3%83%84MATUMURA%20%E6%84%9B%E7%9F%A5%E7%9C%8C%E5%90%8D%E5%8F%A4%E5%B1%8B%E5%B8%82%E4%B8%AD%E6%9D%91%E5%8C%BA%E5%90%8D%E9%A7%853-28-12%20%E5%A4%A7%E5%90%8D%E5%8F%A4%E5%B1%8B%E3%83%93%E3%83%AB%E3%83%82%E3%83%B3%E3%82%B0%203F,2024,とんかつ,tonkatsu,発表日：2024年3月26日
カレーうどん 鯱乃家,愛知県名古屋市北区田幡2-14-1,食べログ うどん EAST 百名店 2024,https://tabelog.com/aichi/A2301/A230110/23000050/,https://www.google.com/maps/search/?api=1&query=%E3%82%AB%E3%83%AC%E3%83%BC%E3%81%86%E3%81%A9%E3%82%93%20%E9%AF%B1%E4%B9%83%E5%AE%B6%20%E6%84%9B%E7%9F%A5%E7%9C%8C%E5%90%8D%E5%8F%A4%E5%B1%8B%E5%B8%82%E5%8C%97%E5%8C%BA%E7%94%B0%E5%B9%A12-14-1,2024,うどん EAST,udon_east,発表日：2024年2月27日
玉川 豊橋広小路本店,愛知県豊橋市広小路1-13,食べログ うどん EAST 百名店 2024,https://tabelog.com/aichi/A2306/A230601/23009617/,https://www.google.com/maps/search/?api=1&query=%E7%8E%89%E5%B7%9D%20%E8%B1%8A%E6%A9%8B%E5%BA%83%E5%B0%8F%E8%B7%AF%E6%9C%AC%E5%BA%97%20%E6%84%9B%E7%9F%A5%E7%9C%8C%E8%B1%8A%E6%A9%8B%E5%B8%82%E5%BA%83%E5%B0%8F%E8%B7%AF1-13,2024,うどん EAST,udon_east,発表日：2024年2月27日
信濃屋,岐阜県多治見市上野町3-46,食べログ うどん EAST 百名店 2024,https://tabelog.com/gifu/A2103/A210301/21000027/,https://www.google.com/maps/search/?api=1&query=%E4%BF%A1%E6%BF%83%E5%B1%8B%20%E5%B2%90%E9%98%9C%E7%9C%8C%E5%A4%9A%E6%B2%BB%E8%A6%8B%E5%B8%82%E4%B8%8A%E9%87%8E%E7%94%BA3-46,2024,うどん EAST,udon_east,発表日：2024年2月27日
きしや,愛知県名古屋市千種区仲田2-17-7 池下タワーズ1F,食べログ うどん EAST 百名店 2024,https://tabelog.com/aichi/A2301/A230106/23001708/,https://www.google.com/maps/search/?api=1&query=%E3%81%8D%E3%81%97%E3%82%84%20%E6%84%9B%E7%9F%A5%E7%9C%8C%E5%90%8D%E5%8F%A4%E5%B1%8B%E5%B8%82%E5%8D%83%E7%A8%AE%E5%8C%BA%E4%BB%B2%E7%94%B02-17-7%20%E6%B1%A0%E4%B8%8B%E3%82%BF%E3%83%AF%E3%83%BC%E3%82%BA1F,2024,うどん EAST,udon_east,発表日：2024年2月27日
めん専門店 味良,愛知県名古屋市北区川中町4-3,食べログ うどん EAST 百名店 2024,https://tabelog.com/aichi/A2301/A230110/23013430/,https://www.google.com/maps/search/?api=1&query=%E3%82%81%E3%82%93%E5%B0%82%E9%96%80%E5%BA%97%20%E5%91%B3%E8%89%AF%20%E6%84%9B%E7%9F%A5%E7%9C%8C%E5%90%8D%E5%8F%A4%E5%B1%8B%E5%B8%82%E5%8C%97%E5%8C%BA%E5%B7%9D%E4%B8%AD%E7%94%BA4-3,2024,うどん EAST,udon_east,発表日：2024年2月27日
うどん 錦,愛知県名古屋市中区錦3-18-9 錦花園ビル 1F,食べログ うどん EAST 百名店 2024,https://tabelog.com/aichi/A2301/A230103/23000374/,https://www.google.com/maps/search/?api=1&query=%E3%81%86%E3%81%A9%E3%82%93%20%E9%8C%A6%20%E6%84%9B%E7%9F%A5%E7%9C%8C%E5%90%8D%E5%8F%A4%E5%B1%8B%E5%B8%82%E4%B8%AD%E5%8C%BA%E9%8C%A63-18-9%20%E9%8C%A6%E8%8A%B1%E5%9C%92%E3%83%93%E3%83%AB%201F,2024,うどん EAST,udon_east,発表日：2024年2月27日
讃州手打ちうどん 我龍,愛知県西尾市下羽角町六反60-1,食べログ うどん EAST 百名店 2024,https://tabelog.com/aichi/A2305/A230504/23032890/,https://www.google.com/maps/search/?api=1&query=%E8%AE%83%E5%B7%9E%E6%89%8B%E6%89%93%E3%81%A1%E3%81%86%E3%81%A9%E3%82%93%20%E6%88%91%E9%BE%8D%20%E6%84%9B%E7%9F%A5%E7%9C%8C%E8%A5%BF%E5%B0%BE%E5%B8%82%E4%B8%8B%E7%BE%BD%E8%A7%92%E7%94%BA%E5%85%AD%E5%8F%8D60-1,2024,うどん EAST,udon_east,発表日：2024年2月27日
手打麺舗丸一,愛知県名古屋市中区上前津1-12-26,食べログ うどん EAST 百名店 2024,https://tabelog.com/aichi/A2301/A230105/23013180/,https://www.google.com/maps/search/?api=1&query=%E6%89%8B%E6%89%93%E9%BA%BA%E8%88%97%E4%B8%B8%E4%B8%80%20%E6%84%9B%E7%9F%A5%E7%9C%8C%E5%90%8D%E5%8F%A4%E5%B1%8B%E5%B8%82%E4%B8%AD%E5%8C%BA%E4%B8%8A%E5%89%8D%E6%B4%A51-12-26,2024,うどん EAST,udon_east,発表日：2024年2月27日
麺許皆伝,山梨県富士吉田市上吉田東1-4-58,食べログ うどん EAST 百名店 2024,https://tabelog.com/yamanashi/A1903/A190301/19000136/,https://www.google.com/maps/search/?api=1&query=%E9%BA%BA%E8%A8%B1%E7%9A%86%E4%BC%9D%20%E5%B1%B1%E6%A2%A8%E7%9C%8C%E5%AF%8C%E5%A3%AB%E5%90%89%E7%94%B0%E5%B8%82%E4%B8%8A%E5%90%89%E7%94%B0%E6%9D%B11-4-58,2024,うどん EAST,udon_east,発表日：2024年2月27日
うどん料理 千,愛知県名古屋市中区栄2-4-24 谷口ビル　１Ｆ,食べログ うどん EAST 百名店 2024,https://tabelog.com/aichi/A2301/A230102/23007583/,https://www.google.com/maps/search/?api=1&query=%E3%81%86%E3%81%A9%E3%82%93%E6%96%99%E7%90%86%20%E5%8D%83%20%E6%84%9B%E7%9F%A5%E7%9C%8C%E5%90%8D%E5%8F%A4%E5%B1%8B%E5%B8%82%E4%B8%AD%E5%8C%BA%E6%A0%842-4-24%20%E8%B0%B7%E5%8F%A3%E3%83%93%E3%83%AB%E3%80%80%EF%BC%91%EF%BC%A6,2024,うどん EAST,udon_east,発表日：2024年2月27日
桜井うどん,山梨県富士吉田市下吉田5-1-33,食べログ うどん EAST 百名店 2024,https://tabelog.com/yamanashi/A1903/A190301/19000357/,https://www.google.com/maps/search/?api=1&query=%E6%A1%9C%E4%BA%95%E3%81%86%E3%81%A9%E3%82%93%20%E5%B1%B1%E6%A2%A8%E7%9C%8C%E5%AF%8C%E5%A3%AB%E5%90%89%E7%94%B0%E5%B8%82%E4%B8%8B%E5%90%89%E7%94%B05-1-33,2024,うどん EAST,udon_east,発表日：2024年2月27日
みうらうどん,山梨県富士吉田市下吉田1-22-5,食べログ うどん EAST 百名店 2024,https://tabelog.com/yamanashi/A1903/A190301/19000359/,https://www.google.com/maps/search/?api=1&query=%E3%81%BF%E3%81%86%E3%82%89%E3%81%86%E3%81%A9%E3%82%93%20%E5%B1%B1%E6%A2%A8%E7%9C%8C%E5%AF%8C%E5%A3%AB%E5%90%89%E7%94%B0%E5%B8%82%E4%B8%8B%E5%90%89%E7%94%B01-22-5,2024,うどん EAST,udon_east,発表日：2024年2月27日
手打ちうどん ムサシ,山梨県富士吉田市上吉田6-10-19,食べログ うどん EAST 百名店 2024,https://tabelog.com/yamanashi/A1903/A190301/19000243/,https://www.google.com/maps/search/?api=1&query=%E6%89%8B%E6%89%93%E3%81%A1%E3%81%86%E3%81%A9%E3%82%93%20%E3%83%A0%E3%82%B5%E3%82%B7%20%E5%B1%B1%E6%A2%A8%E7%9C%8C%E5%AF%8C%E5%A3%AB%E5%90%89%E7%94%B0%E5%B8%82%E4%B8%8A%E5%90%89%E7%94%B06-10-19,2024,うどん EAST,udon_east,発表日：2024年2月27日
手打うどん かとう,愛知県名古屋市中村区太閤通3-26,食べログ うどん EAST 百名店 2024,https://tabelog.com/aichi/A2301/A230101/23039141/,https://www.google.com/maps/search/?api=1&query=%E6%89%8B%E6%89%93%E3%81%86%E3%81%A9%E3%82%93%20%E3%81%8B%E3%81%A8%E3%81%86%20%E6%84%9B%E7%9F%A5%E7%9C%8C%E5%90%8D%E5%8F%A4%E5%B1%8B%E5%B8%82%E4%B8%AD%E6%9D%91%E5%8C%BA%E5%A4%AA%E9%96%A4%E9%80%9A3-26,2024,うどん EAST,udon_east,発表日：2024年2月27日
糸庄 本店,富山県富山市太郎丸本町1-7-6,食べログ うどん WEST 百名店 2024,https://tabelog.com/toyama/A1601/A160101/16000661/,https://www.google.com/maps/search/?api=1&query=%E7%B3%B8%E5%BA%84%20%E6%9C%AC%E5%BA%97%20%E5%AF%8C%E5%B1%B1%E7%9C%8C%E5%AF%8C%E5%B1%B1%E5%B8%82%E5%A4%AA%E9%83%8E%E4%B8%B8%E6%9C%AC%E7%94%BA1-7-6,2024,うどん WEST,udon_west,発表日：2024年2月27日
うなぎ家 しば福や,愛知県名古屋市西区那古野1-23-10,食べログ うなぎ 百名店 2024,https://tabelog.com/aichi/A2301/A230101/23067466/,https://www.google.com/maps/search/?api=1&query=%E3%81%86%E3%81%AA%E3%81%8E%E5%AE%B6%20%E3%81%97%E3%81%B0%EF%A8%9B%E3%82%84%20%E6%84%9B%E7%9F%A5%E7%9C%8C%E5%90%8D%E5%8F%A4%E5%B1%8B%E5%B8%82%E8%A5%BF%E5%8C%BA%E9%82%A3%E5%8F%A4%E9%87%8E1-23-10,2024,うなぎ,unagi,発表日：2024年7月9日
鰻う おか冨士,愛知県名古屋市中区栄1-6-15 御園座タワー 1F,食べログ うなぎ 百名店 2024,https://tabelog.com/aichi/A2301/A230102/23066002/,https://www.google.com/maps/search/?api=1&query=%E9%B0%BB%E3%81%86%20%E3%81%8A%E3%81%8B%E5%86%A8%E5%A3%AB%20%E6%84%9B%E7%9F%A5%E7%9C%8C%E5%90%8D%E5%8F%A4%E5%B1%8B%E5%B8%82%E4%B8%AD%E5%8C%BA%E6%A0%841-6-15%20%E5%BE%A1%E5%9C%92%E5%BA%A7%E3%82%BF%E3%83%AF%E3%83%BC%201F,2024,うなぎ,unagi,発表日：2024年7月9日
炭焼うなぎ あおいや,静岡県浜松市中央区飯田町616-2,食べログ うなぎ 百名店 2024,https://tabelog.com/shizuoka/A2202/A220201/22000099/,https://www.google.com/maps/search/?api=1&query=%E7%82%AD%E7%84%BC%E3%81%86%E3%81%AA%E3%81%8E%20%E3%81%82%E3%81%8A%E3%81%84%E3%82%84%20%E9%9D%99%E5%B2%A1%E7%9C%8C%E6%B5%9C%E6%9D%BE%E5%B8%82%E4%B8%AD%E5%A4%AE%E5%8C%BA%E9%A3%AF%E7%94%B0%E7%94%BA616-2,2024,うなぎ,unagi,発表日：2024年7月9日
うなぎ料理 あつみ,静岡県浜松市中央区千歳町70,食べログ うなぎ 百名店 2024,https://tabelog.com/shizuoka/A2202/A220201/22000096/,https://www.google.com/maps/search/?api=1&query=%E3%81%86%E3%81%AA%E3%81%8E%E6%96%99%E7%90%86%20%E3%81%82%E3%81%A4%E3%81%BF%20%E9%9D%99%E5%B2%A1%E7%9C%8C%E6%B5%9C%E6%9D%BE%E5%B8%82%E4%B8%AD%E5%A4%AE%E5%8C%BA%E5%8D%83%E6%AD%B3%E7%94%BA70,2024,うなぎ,unagi,発表日：2024年7月9日
イチビキ,愛知県名古屋市中村区名駅南1-3-16,食べログ うなぎ 百名店 2024,https://tabelog.com/aichi/A2301/A230101/23001379/,https://www.google.com/maps/search/?api=1&query=%E3%82%A4%E3%83%81%E3%83%93%E3%82%AD%20%E6%84%9B%E7%9F%A5%E7%9C%8C%E5%90%8D%E5%8F%A4%E5%B1%8B%E5%B8%82%E4%B8%AD%E6%9D%91%E5%8C%BA%E5%90%8D%E9%A7%85%E5%8D%971-3-16,2024,うなぎ,unagi,発表日：2024年7月9日
山勢,長野県松本市大手4-6-10-2,食べログ うなぎ 百名店 2024,https://tabelog.com/nagano/A2002/A200201/20026525/,https://www.google.com/maps/search/?api=1&query=%E5%B1%B1%E5%8B%A2%20%E9%95%B7%E9%87%8E%E7%9C%8C%E6%9D%BE%E6%9C%AC%E5%B8%82%E5%A4%A7%E6%89%8B4-6-10-2,2024,うなぎ,unagi,発表日：2024年7月9日
あつた蓬莱軒 神宮店,愛知県名古屋市熱田区神宮2-10-26,食べログ うなぎ 百名店 2024,https://tabelog.com/aichi/A2301/A230112/23000109/,https://www.google.com/maps/search/?api=1&query=%E3%81%82%E3%81%A4%E3%81%9F%E8%93%AC%E8%8E%B1%E8%BB%92%20%E7%A5%9E%E5%AE%AE%E5%BA%97%20%E6%84%9B%E7%9F%A5%E7%9C%8C%E5%90%8D%E5%8F%A4%E5%B1%8B%E5%B8%82%E7%86%B1%E7%94%B0%E5%8C%BA%E7%A5%9E%E5%AE%AE2-10-26,2024,うなぎ,unagi,発表日：2024年7月9日
清月,愛知県名古屋市東区徳川町2502 マルカネエクセレンス 1F,食べログ うなぎ 百名店 2024,https://tabelog.com/aichi/A2301/A230110/23050355/,https://www.google.com/maps/search/?api=1&query=%E6%B8%85%E6%9C%88%20%E6%84%9B%E7%9F%A5%E7%9C%8C%E5%90%8D%E5%8F%A4%E5%B1%8B%E5%B8%82%E6%9D%B1%E5%8C%BA%E5%BE%B3%E5%B7%9D%E7%94%BA2502%20%E3%83%9E%E3%83%AB%E3%82%AB%E3%83%8D%E3%82%A8%E3%82%AF%E3%82%BB%E3%83%AC%E3%83%B3%E3%82%B9%201F,2024,うなぎ,unagi,発表日：2024年7月9日
うなぎ専門店 本多,長野県飯山市大字飯山福寿町1117,食べログ うなぎ 百名店 2024,https://tabelog.com/nagano/A2001/A200105/20001229/,https://www.google.com/maps/search/?api=1&query=%E3%81%86%E3%81%AA%E3%81%8E%E5%B0%82%E9%96%80%E5%BA%97%20%E6%9C%AC%E5%A4%9A%20%E9%95%B7%E9%87%8E%E7%9C%8C%E9%A3%AF%E5%B1%B1%E5%B8%82%E5%A4%A7%E5%AD%97%E9%A3%AF%E5%B1%B1%E7%A6%8F%E5%AF%BF%E7%94%BA1117,2024,うなぎ,unagi,発表日：2024年7月9日
麟,静岡県浜松市中央区千歳町42-2,食べログ うなぎ 百名店 2024,https://tabelog.com/shizuoka/A2202/A220201/22037448/,https://www.google.com/maps/search/?api=1&query=%E9%BA%9F%20%E9%9D%99%E5%B2%A1%E7%9C%8C%E6%B5%9C%E6%9D%BE%E5%B8%82%E4%B8%AD%E5%A4%AE%E5%8C%BA%E5%8D%83%E6%AD%B3%E7%94%BA42-2,2024,うなぎ,unagi,発表日：2024年7月9日
しげ吉,岐阜県関市山王通1-3-29,食べログ うなぎ 百名店 2024,https://tabelog.com/gifu/A2102/A210204/21000054/,https://www.google.com/maps/search/?api=1&query=%E3%81%97%E3%81%92%E5%90%89%20%E5%B2%90%E9%98%9C%E7%9C%8C%E9%96%A2%E5%B8%82%E5%B1%B1%E7%8E%8B%E9%80%9A1-3-29,2024,うなぎ,unagi,発表日：2024年7月9日
辻屋,岐阜県関市本町5-14,食べログ うなぎ 百名店 2024,https://tabelog.com/gifu/A2102/A210204/21000002/,https://www.google.com/maps/search/?api=1&query=%E8%BE%BB%E5%B1%8B%20%E5%B2%90%E9%98%9C%E7%9C%8C%E9%96%A2%E5%B8%82%E6%9C%AC%E7%94%BA5-14,2024,うなぎ,unagi,発表日：2024年7月9日
うな千,岐阜県多治見市青木町1,食べログ うなぎ 百名店 2024,https://tabelog.com/gifu/A2103/A210301/21001486/,https://www.google.com/maps/search/?api=1&query=%E3%81%86%E3%81%AA%E5%8D%83%20%E5%B2%90%E9%98%9C%E7%9C%8C%E5%A4%9A%E6%B2%BB%E8%A6%8B%E5%B8%82%E9%9D%92%E6%9C%A8%E7%94%BA1,2024,うなぎ,unagi,発表日：2024年7月9日
うなぎのまつ嘉,長野県松本市中央3-2-29,食べログ うなぎ 百名店 2024,https://tabelog.com/nagano/A2002/A200201/20000103/,https://www.google.com/maps/search/?api=1&query=%E3%81%86%E3%81%AA%E3%81%8E%E3%81%AE%E3%81%BE%E3%81%A4%E5%98%89%20%E9%95%B7%E9%87%8E%E7%9C%8C%E6%9D%BE%E6%9C%AC%E5%B8%82%E4%B8%AD%E5%A4%AE3-2-29,2024,うなぎ,unagi,発表日：2024年7月9日
あつた蓬莱軒 松坂屋店,愛知県名古屋市中区栄3-30-8 松坂屋名古屋店 南館 10F,食べログ うなぎ 百名店 2024,https://tabelog.com/aichi/A2301/A230103/23000108/,https://www.google.com/maps/search/?api=1&query=%E3%81%82%E3%81%A4%E3%81%9F%E8%93%AC%E8%8E%B1%E8%BB%92%20%E6%9D%BE%E5%9D%82%E5%B1%8B%E5%BA%97%20%E6%84%9B%E7%9F%A5%E7%9C%8C%E5%90%8D%E5%8F%A4%E5%B1%8B%E5%B8%82%E4%B8%AD%E5%8C%BA%E6%A0%843-30-8%20%E6%9D%BE%E5%9D%82%E5%B1%8B%E5%90%8D%E5%8F%A4%E5%B1%8B%E5%BA%97%20%E5%8D%97%E9%A4%A8%2010F,2024,うなぎ,unagi,発表日：2024年7月9日
炭火焼うなぎ 東山物産,三重県志摩市阿児町鵜方4032,食べログ うなぎ 百名店 2024,https://tabelog.com/mie/A2403/A240303/24006418/,https://www.google.com/maps/search/?api=1&query=%E7%82%AD%E7%81%AB%E7%84%BC%E3%81%86%E3%81%AA%E3%81%8E%20%E6%9D%B1%E5%B1%B1%E7%89%A9%E7%94%A3%20%E4%B8%89%E9%87%8D%E7%9C%8C%E5%BF%97%E6%91%A9%E5%B8%82%E9%98%BF%E5%85%90%E7%94%BA%E9%B5%9C%E6%96%B94032,2024,うなぎ,unagi,発表日：2024年7月9日
鰻 小林,長野県諏訪市四賀赤沼1958-2,食べログ うなぎ 百名店 2024,https://tabelog.com/nagano/A2004/A200404/20001043/,https://www.google.com/maps/search/?api=1&query=%E9%B0%BB%20%E5%B0%8F%E6%9E%97%20%E9%95%B7%E9%87%8E%E7%9C%8C%E8%AB%8F%E8%A8%AA%E5%B8%82%E5%9B%9B%E8%B3%80%E8%B5%A4%E6%B2%BC1958-2,2024,うなぎ,unagi,発表日：2024年7月9日
うなぎ 桜家,静岡県三島市広小路町13-2,食べログ うなぎ 百名店 2024,https://tabelog.com/shizuoka/A2205/A220501/22000127/,https://www.google.com/maps/search/?api=1&query=%E3%81%86%E3%81%AA%E3%81%8E%20%E6%A1%9C%E5%AE%B6%20%E9%9D%99%E5%B2%A1%E7%9C%8C%E4%B8%89%E5%B3%B6%E5%B8%82%E5%BA%83%E5%B0%8F%E8%B7%AF%E7%94%BA13-2,2024,うなぎ,unagi,発表日：2024年7月9日
瞬,静岡県静岡市葵区有永町22-60,食べログ うなぎ 百名店 2024,https://tabelog.com/shizuoka/A2201/A220101/22019273/,https://www.google.com/maps/search/?api=1&query=%E7%9E%AC%20%E9%9D%99%E5%B2%A1%E7%9C%8C%E9%9D%99%E5%B2%A1%E5%B8%82%E8%91%B5%E5%8C%BA%E6%9C%89%E6%B0%B8%E7%94%BA22-60,2024,うなぎ,unagi,発表日：2024年7月9日
田代,愛知県瀬戸市深川町13,食べログ うなぎ 百名店 2024,https://tabelog.com/aichi/A2303/A230302/23003045/,https://www.google.com/maps/search/?api=1&query=%E7%94%B0%E4%BB%A3%20%E6%84%9B%E7%9F%A5%E7%9C%8C%E7%80%AC%E6%88%B8%E5%B8%82%E6%B7%B1%E5%B7%9D%E7%94%BA13,2024,うなぎ,unagi,発表日：2024年7月9日
紀文,岐阜県養老郡養老町飯田1350-9,食べログ うなぎ 百名店 2024,https://tabelog.com/gifu/A2101/A210103/21001137/,https://www.google.com/maps/search/?api=1&query=%E7%B4%80%E6%96%87%20%E5%B2%90%E9%98%9C%E7%9C%8C%E9%A4%8A%E8%80%81%E9%83%A1%E9%A4%8A%E8%80%81%E7%94%BA%E9%A3%AF%E7%94%B01350-9,2024,うなぎ,unagi,発表日：2024年7月9日
あつた蓬莱軒 本店,愛知県名古屋市熱田区神戸町503,食べログ うなぎ 百名店 2024,https://tabelog.com/aichi/A2301/A230112/23000063/,https://www.google.com/maps/search/?api=1&query=%E3%81%82%E3%81%A4%E3%81%9F%E8%93%AC%E8%8E%B1%E8%BB%92%20%E6%9C%AC%E5%BA%97%20%E6%84%9B%E7%9F%A5%E7%9C%8C%E5%90%8D%E5%8F%A4%E5%B1%8B%E5%B8%82%E7%86%B1%E7%94%B0%E5%8C%BA%E7%A5%9E%E6%88%B8%E7%94%BA503,2024,うなぎ,unagi,発表日：2024年7月9日
小淵沢 井筒屋,山梨県北杜市小淵沢町1035,食べログ うなぎ 百名店 2024,https://tabelog.com/yamanashi/A1902/A190201/19000064/,https://www.google.com/maps/search/?api=1&query=%E5%B0%8F%E6%B7%B5%E6%B2%A2%20%E4%BA%95%E7%AD%92%E5%B1%8B%20%E5%B1%B1%E6%A2%A8%E7%9C%8C%E5%8C%97%E6%9D%9C%E5%B8%82%E5%B0%8F%E6%B7%B5%E6%B2%A2%E7%94%BA1035,2024,うなぎ,unagi,発表日：2024年7月9日
うな豊,愛知県名古屋市瑞穂区豊岡通3-40,食べログ うなぎ 百名店 2024,https://tabelog.com/aichi/A2301/A230112/23006249/,https://www.google.com/maps/search/?api=1&query=%E3%81%86%E3%81%AA%E8%B1%8A%20%E6%84%9B%E7%9F%A5%E7%9C%8C%E5%90%8D%E5%8F%A4%E5%B1%8B%E5%B8%82%E7%91%9E%E7%A9%82%E5%8C%BA%E8%B1%8A%E5%B2%A1%E9%80%9A3-40,2024,うなぎ,unagi,発表日：2024年7月9日
さくめ,静岡県浜松市浜名区三ケ日町佐久米724-1,食べログ うなぎ 百名店 2024,https://tabelog.com/shizuoka/A2202/A220201/22011080/,https://www.google.com/maps/search/?api=1&query=%E3%81%95%E3%81%8F%E3%82%81%20%E9%9D%99%E5%B2%A1%E7%9C%8C%E6%B5%9C%E6%9D%BE%E5%B8%82%E6%B5%9C%E5%90%8D%E5%8C%BA%E4%B8%89%E3%82%B1%E6%97%A5%E7%94%BA%E4%BD%90%E4%B9%85%E7%B1%B3724-1,2024,うなぎ,unagi,発表日：2024年7月9日
炭焼うな富士,愛知県名古屋市昭和区白金1-1-4 プレザント白金,食べログ うなぎ 百名店 2024,https://tabelog.com/aichi/A2301/A230105/23000105/,https://www.google.com/maps/search/?api=1&query=%E7%82%AD%E7%84%BC%E3%81%86%E3%81%AA%E5%AF%8C%E5%A3%AB%20%E6%84%9B%E7%9F%A5%E7%9C%8C%E5%90%8D%E5%8F%A4%E5%B1%8B%E5%B8%82%E6%98%AD%E5%92%8C%E5%8C%BA%E7%99%BD%E9%87%911-1-4%20%E3%83%97%E3%83%AC%E3%82%B6%E3%83%B3%E3%83%88%E7%99%BD%E9%87%91,2024,うなぎ,unagi,発表日：2024年7月9日
一鰻,静岡県伊東市湯川1-9-6,食べログ うなぎ 百名店 2024,https://tabelog.com/shizuoka/A2205/A220503/22004100/,https://www.google.com/maps/search/?api=1&query=%E4%B8%80%E9%B0%BB%20%E9%9D%99%E5%B2%A1%E7%9C%8C%E4%BC%8A%E6%9D%B1%E5%B8%82%E6%B9%AF%E5%B7%9D1-9-6,2024,うなぎ,unagi,発表日：2024年7月9日
炭焼うなぎ 加茂,静岡県浜松市浜名区三ヶ日町都筑791-8,食べログ うなぎ 百名店 2024,https://tabelog.com/shizuoka/A2202/A220201/22008615/,https://www.google.com/maps/search/?api=1&query=%E7%82%AD%E7%84%BC%E3%81%86%E3%81%AA%E3%81%8E%20%E5%8A%A0%E8%8C%82%20%E9%9D%99%E5%B2%A1%E7%9C%8C%E6%B5%9C%E6%9D%BE%E5%B8%82%E6%B5%9C%E5%90%8D%E5%8C%BA%E4%B8%89%E3%83%B6%E6%97%A5%E7%94%BA%E9%83%BD%E7%AD%91791-8,2024,うなぎ,unagi,発表日：2024年7月9日
炭焼鰻 はじめ,静岡県浜松市中央区雄踏町宇布見9690,食べログ うなぎ 百名店 2024,https://tabelog.com/shizuoka/A2202/A220201/22030160/,https://www.google.com/maps/search/?api=1&query=%E7%82%AD%E7%84%BC%E9%B0%BB%20%E3%81%AF%E3%81%98%E3%82%81%20%E9%9D%99%E5%B2%A1%E7%9C%8C%E6%B5%9C%E6%9D%BE%E5%B8%82%E4%B8%AD%E5%A4%AE%E5%8C%BA%E9%9B%84%E8%B8%8F%E7%94%BA%E5%AE%87%E5%B8%83%E8%A6%8B9690,2024,うなぎ,unagi,発表日：2024年7月9日
うなふじ,三重県津市高野尾町633-29,食べログ うなぎ 百名店 2024,https://tabelog.com/mie/A2401/A240101/24000800/,https://www.google.com/maps/search/?api=1&query=%E3%81%86%E3%81%AA%E3%81%B5%E3%81%98%20%E4%B8%89%E9%87%8D%E7%9C%8C%E6%B4%A5%E5%B8%82%E9%AB%98%E9%87%8E%E5%B0%BE%E7%94%BA633-29,2024,うなぎ,unagi,発表日：2024年7月9日
TANAKA YAKINIKU RESTAURANTE,愛知県名古屋市中村区名駅4-6-23 第三堀内ビル B1F,食べログ 焼肉 EAST 百名店 2024,https://tabelog.com/aichi/A2301/A230101/23082303/,https://www.google.com/maps/search/?api=1&query=TANAKA%20YAKINIKU%20RESTAURANTE%20%E6%84%9B%E7%9F%A5%E7%9C%8C%E5%90%8D%E5%8F%A4%E5%B1%8B%E5%B8%82%E4%B8%AD%E6%9D%91%E5%8C%BA%E5%90%8D%E9%A7%854-6-23%20%E7%AC%AC%E4%B8%89%E5%A0%80%E5%86%85%E3%83%93%E3%83%AB%20B1F,2024,焼肉 EAST,yakiniku_east,発表日：2024年10月22日
雪月花 たなかさとる,愛知県名古屋市中区栄3-9-2 GEMS栄 11F,食べログ 焼肉 EAST 百名店 2024,https://tabelog.com/aichi/A2301/A230103/23071686/,https://www.google.com/maps/search/?api=1&query=%E9%9B%AA%E6%9C%88%E8%8A%B1%20%E3%81%9F%E3%81%AA%E3%81%8B%E3%81%95%E3%81%A8%E3%82%8B%20%E6%84%9B%E7%9F%A5%E7%9C%8C%E5%90%8D%E5%8F%A4%E5%B1%8B%E5%B8%82%E4%B8%AD%E5%8C%BA%E6%A0%843-9-2%20GEMS%E6%A0%84%2011F,2024,焼肉 EAST,yakiniku_east,発表日：2024年10月22日
焼肉 大河,愛知県名古屋市中区東桜2-22-26,食べログ 焼肉 EAST 百名店 2024,https://tabelog.com/aichi/A2301/A230104/23046007/,https://www.google.com/maps/search/?api=1&query=%E7%84%BC%E8%82%89%20%E5%A4%A7%E6%B2%B3%20%E6%84%9B%E7%9F%A5%E7%9C%8C%E5%90%8D%E5%8F%A4%E5%B1%8B%E5%B8%82%E4%B8%AD%E5%8C%BA%E6%9D%B1%E6%A1%9C2-22-26,2024,焼肉 EAST,yakiniku_east,発表日：2024年10月22日
和牛焼肉 ワンダフィレ,愛知県名古屋市中区錦3-17-24 都ビル 2F,食べログ 焼肉 EAST 百名店 2024,https://tabelog.com/aichi/A2301/A230103/23072213/,https://www.google.com/maps/search/?api=1&query=%E5%92%8C%E7%89%9B%E7%84%BC%E8%82%89%20%E3%83%AF%E3%83%B3%E3%83%80%E3%83%95%E3%82%A3%E3%83%AC%20%E6%84%9B%E7%9F%A5%E7%9C%8C%E5%90%8D%E5%8F%A4%E5%B1%8B%E5%B8%82%E4%B8%AD%E5%8C%BA%E9%8C%A63-17-24%20%E9%83%BD%E3%83%93%E3%83%AB%202F,2024,焼肉 EAST,yakiniku_east,発表日：2024年10月22日
肉のひぐち直営焼肉 安福 本店,岐阜県多治見市住吉町7-29-6 ファインビル住吉Ⅱ,食べログ 焼肉 EAST 百名店 2024,https://tabelog.com/gifu/A2103/A210301/21018447/,https://www.google.com/maps/search/?api=1&query=%E8%82%89%E3%81%AE%E3%81%B2%E3%81%90%E3%81%A1%E7%9B%B4%E5%96%B6%E7%84%BC%E8%82%89%20%E5%AE%89%E7%A6%8F%20%E6%9C%AC%E5%BA%97%20%E5%B2%90%E9%98%9C%E7%9C%8C%E5%A4%9A%E6%B2%BB%E8%A6%8B%E5%B8%82%E4%BD%8F%E5%90%89%E7%94%BA7-29-6%20%E3%83%95%E3%82%A1%E3%82%A4%E3%83%B3%E3%83%93%E3%83%AB%E4%BD%8F%E5%90%89%E2%85%A1,2024,焼肉 EAST,yakiniku_east,発表日：2024年10月22日
竹千代,愛知県名古屋市東区葵1-1-20 まんてんビル　１Ｆ,食べログ 焼肉 EAST 百名店 2024,https://tabelog.com/aichi/A2301/A230104/23007634/,https://www.google.com/maps/search/?api=1&query=%E7%AB%B9%E5%8D%83%E4%BB%A3%20%E6%84%9B%E7%9F%A5%E7%9C%8C%E5%90%8D%E5%8F%A4%E5%B1%8B%E5%B8%82%E6%9D%B1%E5%8C%BA%E8%91%B51-1-20%20%E3%81%BE%E3%82%93%E3%81%A6%E3%82%93%E3%83%93%E3%83%AB%E3%80%80%EF%BC%91%EF%BC%A6,2024,焼肉 EAST,yakiniku_east,発表日：2024年10月22日
李昇 本館,愛知県名古屋市東区泉1-22-36,食べログ 焼肉 EAST 百名店 2024,https://tabelog.com/aichi/A2301/A230103/23007886/,https://www.google.com/maps/search/?api=1&query=%E6%9D%8E%E6%98%87%20%E6%9C%AC%E9%A4%A8%20%E6%84%9B%E7%9F%A5%E7%9C%8C%E5%90%8D%E5%8F%A4%E5%B1%8B%E5%B8%82%E6%9D%B1%E5%8C%BA%E6%B3%891-22-36,2024,焼肉 EAST,yakiniku_east,発表日：2024年10月22日
古民家焼肉 古登里,岐阜県多治見市宝町3-38,食べログ 焼肉 EAST 百名店 2024,https://tabelog.com/gifu/A2103/A210301/21019963/,https://www.google.com/maps/search/?api=1&query=%E5%8F%A4%E6%B0%91%E5%AE%B6%E7%84%BC%E8%82%89%20%E5%8F%A4%E7%99%BB%E9%87%8C%20%E5%B2%90%E9%98%9C%E7%9C%8C%E5%A4%9A%E6%B2%BB%E8%A6%8B%E5%B8%82%E5%AE%9D%E7%94%BA3-38,2024,焼肉 EAST,yakiniku_east,発表日：2024年10月22日
あかね家,岐阜県岐阜市美殿町49-3,食べログ 焼肉 EAST 百名店 2024,https://tabelog.com/gifu/A2101/A210101/21001923/,https://www.google.com/maps/search/?api=1&query=%E3%81%82%E3%81%8B%E3%81%AD%E5%AE%B6%20%E5%B2%90%E9%98%9C%E7%9C%8C%E5%B2%90%E9%98%9C%E5%B8%82%E7%BE%8E%E6%AE%BF%E7%94%BA49-3,2024,焼肉 EAST,yakiniku_east,発表日：2024年10月22日
焼肉&手打ち冷麺 二郎 柳橋店,愛知県名古屋市中村区名駅4-14-10 柳橋Food Market 3F,食べログ 焼肉 EAST 百名店 2024,https://tabelog.com/aichi/A2301/A230101/23062109/,https://www.google.com/maps/search/?api=1&query=%E7%84%BC%E8%82%89%26%E6%89%8B%E6%89%93%E3%81%A1%E5%86%B7%E9%BA%BA%20%E4%BA%8C%E9%83%8E%20%E6%9F%B3%E6%A9%8B%E5%BA%97%20%E6%84%9B%E7%9F%A5%E7%9C%8C%E5%90%8D%E5%8F%A4%E5%B1%8B%E5%B8%82%E4%B8%AD%E6%9D%91%E5%8C%BA%E5%90%8D%E9%A7%854-14-10%20%E6%9F%B3%E6%A9%8BFood%20Market%203F,2024,焼肉 EAST,yakiniku_east,発表日：2024年10月22日
龍園,愛知県一宮市真清田2-5-3,食べログ 焼肉 EAST 百名店 2024,https://tabelog.com/aichi/A2302/A230201/23012457/,https://www.google.com/maps/search/?api=1&query=%E9%BE%8D%E5%9C%92%20%E6%84%9B%E7%9F%A5%E7%9C%8C%E4%B8%80%E5%AE%AE%E5%B8%82%E7%9C%9F%E6%B8%85%E7%94%B02-5-3,2024,焼肉 EAST,yakiniku_east,発表日：2024年10月22日
焼肉&手打ち冷麺 二郎 KANAYAMA,愛知県名古屋市中区金山2-16-16 冨士田ビル 2F,食べログ 焼肉 EAST 百名店 2024,https://tabelog.com/aichi/A2301/A230105/23073820/,https://www.google.com/maps/search/?api=1&query=%E7%84%BC%E8%82%89%26%E6%89%8B%E6%89%93%E3%81%A1%E5%86%B7%E9%BA%BA%20%E4%BA%8C%E9%83%8E%20KANAYAMA%20%E6%84%9B%E7%9F%A5%E7%9C%8C%E5%90%8D%E5%8F%A4%E5%B1%8B%E5%B8%82%E4%B8%AD%E5%8C%BA%E9%87%91%E5%B1%B12-16-16%20%E5%86%A8%E5%A3%AB%E7%94%B0%E3%83%93%E3%83%AB%202F,2024,焼肉 EAST,yakiniku_east,発表日：2024年10月22日
焼肉割烹QUON,愛知県名古屋市東区葵2-14-29 スカイレジデンス太平 1F,食べログ 焼肉 EAST 百名店 2024,https://tabelog.com/aichi/A2301/A230106/23084015/,https://www.google.com/maps/search/?api=1&query=%E7%84%BC%E8%82%89%E5%89%B2%E7%83%B9QUON%20%E6%84%9B%E7%9F%A5%E7%9C%8C%E5%90%8D%E5%8F%A4%E5%B1%8B%E5%B8%82%E6%9D%B1%E5%8C%BA%E8%91%B52-14-29%20%E3%82%B9%E3%82%AB%E3%82%A4%E3%83%AC%E3%82%B8%E3%83%87%E3%83%B3%E3%82%B9%E5%A4%AA%E5%B9%B3%201F,2024,焼肉 EAST,yakiniku_east,発表日：2024年10月22日
炭火焼肉 たけのうち 本店,愛知県名古屋市西区笠取町2-13,食べログ 焼肉 EAST 百名店 2024,https://tabelog.com/aichi/A2301/A230113/23008521/,https://www.google.com/maps/search/?api=1&query=%E7%82%AD%E7%81%AB%E7%84%BC%E8%82%89%20%E3%81%9F%E3%81%91%E3%81%AE%E3%81%86%E3%81%A1%20%E6%9C%AC%E5%BA%97%20%E6%84%9B%E7%9F%A5%E7%9C%8C%E5%90%8D%E5%8F%A4%E5%B1%8B%E5%B8%82%E8%A5%BF%E5%8C%BA%E7%AC%A0%E5%8F%96%E7%94%BA2-13,2024,焼肉 EAST,yakiniku_east,発表日：2024年10月22日
PORKMAN,愛知県名古屋市中区新栄2-22-8,食べログ 焼肉 EAST 百名店 2024,https://tabelog.com/aichi/A2301/A230104/23059965/,https://www.google.com/maps/search/?api=1&query=PORKMAN%20%E6%84%9B%E7%9F%A5%E7%9C%8C%E5%90%8D%E5%8F%A4%E5%B1%8B%E5%B8%82%E4%B8%AD%E5%8C%BA%E6%96%B0%E6%A0%842-22-8,2024,焼肉 EAST,yakiniku_east,発表日：2024年10月22日
七輪焼肉 楽しいら,愛知県西尾市米津町野寺道20-1,食べログ 焼肉 EAST 百名店 2024,https://tabelog.com/aichi/A2305/A230504/23001597/,https://www.google.com/maps/search/?api=1&query=%E4%B8%83%E8%BC%AA%E7%84%BC%E8%82%89%20%E6%A5%BD%E3%81%97%E3%81%84%E3%82%89%20%E6%84%9B%E7%9F%A5%E7%9C%8C%E8%A5%BF%E5%B0%BE%E5%B8%82%E7%B1%B3%E6%B4%A5%E7%94%BA%E9%87%8E%E5%AF%BA%E9%81%9320-1,2024,焼肉 EAST,yakiniku_east,発表日：2024年10月22日
名古屋焼肉きらく,愛知県名古屋市中区栄1-7-26 EFFORT FUSHIMI 2F,食べログ 焼肉 EAST 百名店 2024,https://tabelog.com/aichi/A2301/A230102/23074986/,https://www.google.com/maps/search/?api=1&query=%E5%90%8D%E5%8F%A4%E5%B1%8B%E7%84%BC%E8%82%89%E3%81%8D%E3%82%89%E3%81%8F%20%E6%84%9B%E7%9F%A5%E7%9C%8C%E5%90%8D%E5%8F%A4%E5%B1%8B%E5%B8%82%E4%B8%AD%E5%8C%BA%E6%A0%841-7-26%20EFFORT%20FUSHIMI%202F,2024,焼肉 EAST,yakiniku_east,発表日：2024年10月22日
焼肉みつ星,愛知県名古屋市中区金山3-15-18,食べログ 焼肉 EAST 百名店 2024,https://tabelog.com/aichi/A2301/A230105/23064486/,https://www.google.com/maps/search/?api=1&query=%E7%84%BC%E8%82%89%E3%81%BF%E3%81%A4%E6%98%9F%20%E6%84%9B%E7%9F%A5%E7%9C%8C%E5%90%8D%E5%8F%A4%E5%B1%8B%E5%B8%82%E4%B8%AD%E5%8C%BA%E9%87%91%E5%B1%B13-15-18,2024,焼肉 EAST,yakiniku_east,発表日：2024年10月22日
焼肉 拍手喝采,愛知県名古屋市千種区高見2-5-6 シティライフ池下北 1F,食べログ 焼肉 EAST 百名店 2024,https://tabelog.com/aichi/A2301/A230106/23064959/,https://www.google.com/maps/search/?api=1&query=%E7%84%BC%E8%82%89%20%E6%8B%8D%E6%89%8B%E5%96%9D%E9%87%87%20%E6%84%9B%E7%9F%A5%E7%9C%8C%E5%90%8D%E5%8F%A4%E5%B1%8B%E5%B8%82%E5%8D%83%E7%A8%AE%E5%8C%BA%E9%AB%98%E8%A6%8B2-5-6%20%E3%82%B7%E3%83%86%E3%82%A3%E3%83%A9%E3%82%A4%E3%83%95%E6%B1%A0%E4%B8%8B%E5%8C%97%201F,2024,焼肉 EAST,yakiniku_east,発表日：2024年10月22日
味樹園 名駅三丁目店,愛知県名古屋市中村区名駅3-17-33,食べログ 焼肉 EAST 百名店 2024,https://tabelog.com/aichi/A2301/A230101/23039889/,https://www.google.com/maps/search/?api=1&query=%E5%91%B3%E6%A8%B9%E5%9C%92%20%E5%90%8D%E9%A7%85%E4%B8%89%E4%B8%81%E7%9B%AE%E5%BA%97%20%E6%84%9B%E7%9F%A5%E7%9C%8C%E5%90%8D%E5%8F%A4%E5%B1%8B%E5%B8%82%E4%B8%AD%E6%9D%91%E5%8C%BA%E5%90%8D%E9%A7%853-17-33,2024,焼肉 EAST,yakiniku_east,発表日：2024年10月22日
焼肉みずの,愛知県長久手市打越109 サンメイト　１Ｆ,食べログ 焼肉 EAST 百名店 2024,https://tabelog.com/aichi/A2303/A230302/23009377/,https://www.google.com/maps/search/?api=1&query=%E7%84%BC%E8%82%89%E3%81%BF%E3%81%9A%E3%81%AE%20%E6%84%9B%E7%9F%A5%E7%9C%8C%E9%95%B7%E4%B9%85%E6%89%8B%E5%B8%82%E6%89%93%E8%B6%8A109%20%E3%82%B5%E3%83%B3%E3%83%A1%E3%82%A4%E3%83%88%E3%80%80%EF%BC%91%EF%BC%A6,2024,焼肉 EAST,yakiniku_east,発表日：2024年10月22日
飛騨牛一頭家 馬喰一代 岐阜神田,岐阜県岐阜市神田町7-7,食べログ 焼肉 EAST 百名店 2024,https://tabelog.com/gifu/A2101/A210101/21000284/,https://www.google.com/maps/search/?api=1&query=%E9%A3%9B%E9%A8%A8%E7%89%9B%E4%B8%80%E9%A0%AD%E5%AE%B6%20%E9%A6%AC%E5%96%B0%E4%B8%80%E4%BB%A3%20%E5%B2%90%E9%98%9C%E7%A5%9E%E7%94%B0%20%E5%B2%90%E9%98%9C%E7%9C%8C%E5%B2%90%E9%98%9C%E5%B8%82%E7%A5%9E%E7%94%B0%E7%94%BA7-7,2024,焼肉 EAST,yakiniku_east,発表日：2024年10月22日
炭火焼肉 希林,愛知県名古屋市東区泉1-17-15 T.Yビル 2F,食べログ 焼肉 EAST 百名店 2024,https://tabelog.com/aichi/A2301/A230103/23074771/,https://www.google.com/maps/search/?api=1&query=%E7%82%AD%E7%81%AB%E7%84%BC%E8%82%89%20%E5%B8%8C%E6%9E%97%20%E6%84%9B%E7%9F%A5%E7%9C%8C%E5%90%8D%E5%8F%A4%E5%B1%8B%E5%B8%82%E6%9D%B1%E5%8C%BA%E6%B3%891-17-15%20T.Y%E3%83%93%E3%83%AB%202F,2024,焼肉 EAST,yakiniku_east,発表日：2024年10月22日
芭蕉苑,岐阜県岐阜市吹上町1-11 アバンティ公園通り1-A,食べログ 焼肉 EAST 百名店 2024,https://tabelog.com/gifu/A2101/A210101/21015091/,https://www.google.com/maps/search/?api=1&query=%E8%8A%AD%E8%95%89%E8%8B%91%20%E5%B2%90%E9%98%9C%E7%9C%8C%E5%B2%90%E9%98%9C%E5%B8%82%E5%90%B9%E4%B8%8A%E7%94%BA1-11%20%E3%82%A2%E3%83%90%E3%83%B3%E3%83%86%E3%82%A3%E5%85%AC%E5%9C%92%E9%80%9A%E3%82%8A1-A,2024,焼肉 EAST,yakiniku_east,発表日：2024年10月22日
味樹園 志賀本通店,愛知県名古屋市北区芦辺町1-18-1,食べログ 焼肉 EAST 百名店 2024,https://tabelog.com/aichi/A2301/A230110/23005126/,https://www.google.com/maps/search/?api=1&query=%E5%91%B3%E6%A8%B9%E5%9C%92%20%E5%BF%97%E8%B3%80%E6%9C%AC%E9%80%9A%E5%BA%97%20%E6%84%9B%E7%9F%A5%E7%9C%8C%E5%90%8D%E5%8F%A4%E5%B1%8B%E5%B8%82%E5%8C%97%E5%8C%BA%E8%8A%A6%E8%BE%BA%E7%94%BA1-18-1,2024,焼肉 EAST,yakiniku_east,発表日：2024年10月22日
焼肉ふじ,静岡県伊東市宇佐美1977-2,食べログ 焼肉 EAST 百名店 2024,https://tabelog.com/shizuoka/A2205/A220503/22015662/,https://www.google.com/maps/search/?api=1&query=%E7%84%BC%E8%82%89%E3%81%B5%E3%81%98%20%E9%9D%99%E5%B2%A1%E7%9C%8C%E4%BC%8A%E6%9D%B1%E5%B8%82%E5%AE%87%E4%BD%90%E7%BE%8E1977-2,2024,焼肉 EAST,yakiniku_east,発表日：2024年10月22日
飛騨牛焼肉・韓国料理 丸明,愛知県名古屋市瑞穂区甲山町1-6,食べログ 焼肉 EAST 百名店 2024,https://tabelog.com/aichi/A2301/A230112/23009532/,https://www.google.com/maps/search/?api=1&query=%E9%A3%9B%E9%A8%A8%E7%89%9B%E7%84%BC%E8%82%89%E3%83%BB%E9%9F%93%E5%9B%BD%E6%96%99%E7%90%86%20%E4%B8%B8%E6%98%8E%20%E6%84%9B%E7%9F%A5%E7%9C%8C%E5%90%8D%E5%8F%A4%E5%B1%8B%E5%B8%82%E7%91%9E%E7%A9%82%E5%8C%BA%E7%94%B2%E5%B1%B1%E7%94%BA1-6,2024,焼肉 EAST,yakiniku_east,発表日：2024年10月22日
和牛焼肉じろうや 介 wagyu&sake 名古屋駅前本店,愛知県名古屋市中村区名駅4-5-15 コスモス名駅イースト3F,食べログ 焼肉 EAST 百名店 2024,https://tabelog.com/aichi/A2301/A230101/23056573/,https://www.google.com/maps/search/?api=1&query=%E5%92%8C%E7%89%9B%E7%84%BC%E8%82%89%E3%81%98%E3%82%8D%E3%81%86%E3%82%84%20%E4%BB%8B%20wagyu%26sake%20%E5%90%8D%E5%8F%A4%E5%B1%8B%E9%A7%85%E5%89%8D%E6%9C%AC%E5%BA%97%20%E6%84%9B%E7%9F%A5%E7%9C%8C%E5%90%8D%E5%8F%A4%E5%B1%8B%E5%B8%82%E4%B8%AD%E6%9D%91%E5%8C%BA%E5%90%8D%E9%A7%854-5-15%20%E3%82%B3%E3%82%B9%E3%83%A2%E3%82%B9%E5%90%8D%E9%A7%85%E3%82%A4%E3%83%BC%E3%82%B9%E3%83%883F,2024,焼肉 EAST,yakiniku_east,発表日：2024年10月22日
馬力屋,愛知県名古屋市西区新道1-23-31,食べログ 焼肉 EAST 百名店 2024,https://tabelog.com/aichi/A2301/A230109/23000645/,https://www.google.com/maps/search/?api=1&query=%E9%A6%AC%E5%8A%9B%E5%B1%8B%20%E6%84%9B%E7%9F%A5%E7%9C%8C%E5%90%8D%E5%8F%A4%E5%B1%8B%E5%B8%82%E8%A5%BF%E5%8C%BA%E6%96%B0%E9%81%931-23-31,2024,焼肉 EAST,yakiniku_east,発表日：2024年10月22日
昇家 名駅,愛知県名古屋市中村区名駅3-8-14,食べログ 焼肉 EAST 百名店 2024,https://tabelog.com/aichi/A2301/A230101/23044961/,https://www.google.com/maps/search/?api=1&query=%E6%98%87%E5%AE%B6%20%E5%90%8D%E9%A7%85%20%E6%84%9B%E7%9F%A5%E7%9C%8C%E5%90%8D%E5%8F%A4%E5%B1%8B%E5%B8%82%E4%B8%AD%E6%9D%91%E5%8C%BA%E5%90%8D%E9%A7%853-8-14,2024,焼肉 EAST,yakiniku_east,発表日：2024年10月22日
雪月花 ながら,岐阜県岐阜市上土居2-1-1 エアーズビル 1F,食べログ 焼肉 EAST 百名店 2024,https://tabelog.com/gifu/A2101/A210101/21012846/,https://www.google.com/maps/search/?api=1&query=%E9%9B%AA%E6%9C%88%E8%8A%B1%20%E3%81%AA%E3%81%8C%E3%82%89%20%E5%B2%90%E9%98%9C%E7%9C%8C%E5%B2%90%E9%98%9C%E5%B8%82%E4%B8%8A%E5%9C%9F%E5%B1%852-1-1%20%E3%82%A8%E3%82%A2%E3%83%BC%E3%82%BA%E3%83%93%E3%83%AB%201F,2024,焼肉 EAST,yakiniku_east,発表日：2024年10月22日
炭火和牛焼肉もうもう亭 広小路店,愛知県名古屋市中区栄1-4-4 C Forest XIビル 2F,食べログ 焼肉 EAST 百名店 2024,https://tabelog.com/aichi/A2301/A230102/23085896/,https://www.google.com/maps/search/?api=1&query=%E7%82%AD%E7%81%AB%E5%92%8C%E7%89%9B%E7%84%BC%E8%82%89%E3%82%82%E3%81%86%E3%82%82%E3%81%86%E4%BA%AD%20%E5%BA%83%E5%B0%8F%E8%B7%AF%E5%BA%97%20%E6%84%9B%E7%9F%A5%E7%9C%8C%E5%90%8D%E5%8F%A4%E5%B1%8B%E5%B8%82%E4%B8%AD%E5%8C%BA%E6%A0%841-4-4%20C%20Forest%20XI%E3%83%93%E3%83%AB%202F,2024,焼肉 EAST,yakiniku_east,発表日：2024年10月22日
ヒロ ナゴヤ,愛知県名古屋市西区樋の口町2-17 シャトー西の丸 2F,食べログ 焼肉 EAST 百名店 2024,https://tabelog.com/aichi/A2301/A230109/23059055/,https://www.google.com/maps/search/?api=1&query=%E3%83%92%E3%83%AD%20%E3%83%8A%E3%82%B4%E3%83%A4%20%E6%84%9B%E7%9F%A5%E7%9C%8C%E5%90%8D%E5%8F%A4%E5%B1%8B%E5%B8%82%E8%A5%BF%E5%8C%BA%E6%A8%8B%E3%81%AE%E5%8F%A3%E7%94%BA2-17%20%E3%82%B7%E3%83%A3%E3%83%88%E3%83%BC%E8%A5%BF%E3%81%AE%E4%B8%B8%202F,2024,焼肉 EAST,yakiniku_east,発表日：2024年10月22日
焼肉旬やさい ファンボギ,岐阜県岐阜市住田町2-4 南陽ビル 1F,食べログ 焼肉 EAST 百名店 2024,https://tabelog.com/gifu/A2101/A210101/21009615/,https://www.google.com/maps/search/?api=1&query=%E7%84%BC%E8%82%89%E6%97%AC%E3%82%84%E3%81%95%E3%81%84%20%E3%83%95%E3%82%A1%E3%83%B3%E3%83%9C%E3%82%AE%20%E5%B2%90%E9%98%9C%E7%9C%8C%E5%B2%90%E9%98%9C%E5%B8%82%E4%BD%8F%E7%94%B0%E7%94%BA2-4%20%E5%8D%97%E9%99%BD%E3%83%93%E3%83%AB%201F,2024,焼肉 EAST,yakiniku_east,発表日：2024年10月22日
焼肉 フジサン 甚目寺工場店,愛知県あま市甚目寺桑丸64-2,食べログ 焼肉 EAST 百名店 2024,https://tabelog.com/aichi/A2302/A230202/23079901/,https://www.google.com/maps/search/?api=1&query=%E7%84%BC%E8%82%89%20%E3%83%95%E3%82%B8%E3%82%B5%E3%83%B3%20%E7%94%9A%E7%9B%AE%E5%AF%BA%E5%B7%A5%E5%A0%B4%E5%BA%97%20%E6%84%9B%E7%9F%A5%E7%9C%8C%E3%81%82%E3%81%BE%E5%B8%82%E7%94%9A%E7%9B%AE%E5%AF%BA%E6%A1%91%E4%B8%B864-2,2024,焼肉 EAST,yakiniku_east,発表日：2024年10月22日
焼肉JIN NAGOYA,愛知県名古屋市中区栄1-7-13 伏見パークビル 2F,食べログ 焼肉 EAST 百名店 2024,https://tabelog.com/aichi/A2301/A230102/23079781/,https://www.google.com/maps/search/?api=1&query=%E7%84%BC%E8%82%89JIN%20NAGOYA%20%E6%84%9B%E7%9F%A5%E7%9C%8C%E5%90%8D%E5%8F%A4%E5%B1%8B%E5%B8%82%E4%B8%AD%E5%8C%BA%E6%A0%841-7-13%20%E4%BC%8F%E8%A6%8B%E3%83%91%E3%83%BC%E3%82%AF%E3%83%93%E3%83%AB%202F,2024,焼肉 EAST,yakiniku_east,発表日：2024年10月22日
柳橋焼にく わにく,愛知県名古屋市中村区名駅4-16-17 ロンシャンビル,食べログ 焼肉 EAST 百名店 2024,https://tabelog.com/aichi/A2301/A230101/23067138/,https://www.google.com/maps/search/?api=1&query=%E6%9F%B3%E6%A9%8B%E7%84%BC%E3%81%AB%E3%81%8F%20%E3%82%8F%E3%81%AB%E3%81%8F%20%E6%84%9B%E7%9F%A5%E7%9C%8C%E5%90%8D%E5%8F%A4%E5%B1%8B%E5%B8%82%E4%B8%AD%E6%9D%91%E5%8C%BA%E5%90%8D%E9%A7%854-16-17%20%E3%83%AD%E3%83%B3%E3%82%B7%E3%83%A3%E3%83%B3%E3%83%93%E3%83%AB,2024,焼肉 EAST,yakiniku_east,発表日：2024年10月22日
丸明 飛騨高山店,岐阜県高山市天満町6-8-1,食べログ 焼肉 EAST 百名店 2024,https://tabelog.com/gifu/A2104/A210401/21000041/,https://www.google.com/maps/search/?api=1&query=%E4%B8%B8%E6%98%8E%20%E9%A3%9B%E9%A8%A8%E9%AB%98%E5%B1%B1%E5%BA%97%20%E5%B2%90%E9%98%9C%E7%9C%8C%E9%AB%98%E5%B1%B1%E5%B8%82%E5%A4%A9%E6%BA%80%E7%94%BA6-8-1,2024,焼肉 EAST,yakiniku_east,発表日：2024年10月22日
ヤキニク旭,愛知県名古屋市東区東桜2-12-25 メゾン森2F,食べログ 焼肉 EAST 百名店 2024,https://tabelog.com/aichi/A2301/A230104/23062170/,https://www.google.com/maps/search/?api=1&query=%E3%83%A4%E3%82%AD%E3%83%8B%E3%82%AF%E6%97%AD%20%E6%84%9B%E7%9F%A5%E7%9C%8C%E5%90%8D%E5%8F%A4%E5%B1%8B%E5%B8%82%E6%9D%B1%E5%8C%BA%E6%9D%B1%E6%A1%9C2-12-25%20%E3%83%A1%E3%82%BE%E3%83%B3%E6%A3%AE2F,2024,焼肉 EAST,yakiniku_east,発表日：2024年10月22日
新羅館 名東本店,愛知県名古屋市名東区極楽5-1,食べログ 焼肉 EAST 百名店 2024,https://tabelog.com/aichi/A2301/A230111/23000966/,https://www.google.com/maps/search/?api=1&query=%E6%96%B0%E7%BE%85%E9%A4%A8%20%E5%90%8D%E6%9D%B1%E6%9C%AC%E5%BA%97%20%E6%84%9B%E7%9F%A5%E7%9C%8C%E5%90%8D%E5%8F%A4%E5%B1%8B%E5%B8%82%E5%90%8D%E6%9D%B1%E5%8C%BA%E6%A5%B5%E6%A5%BD5-1,2024,焼肉 EAST,yakiniku_east,発表日：2024年10月22日
大皿焼肉 老中,愛知県名古屋市西区那古野2-19-23 ZERO-NEXT E,食べログ 焼肉 EAST 百名店 2024,https://tabelog.com/aichi/A2301/A230101/23079713/,https://www.google.com/maps/search/?api=1&query=%E5%A4%A7%E7%9A%BF%E7%84%BC%E8%82%89%20%E8%80%81%E4%B8%AD%20%E6%84%9B%E7%9F%A5%E7%9C%8C%E5%90%8D%E5%8F%A4%E5%B1%8B%E5%B8%82%E8%A5%BF%E5%8C%BA%E9%82%A3%E5%8F%A4%E9%87%8E2-19-23%20ZERO-NEXT%20E,2024,焼肉 EAST,yakiniku_east,発表日：2024年10月22日
焼肉 安萬 本店,愛知県安城市三河安城町1-4-5,食べログ 焼肉 EAST 百名店 2024,https://tabelog.com/aichi/A2305/A230503/23066597/,https://www.google.com/maps/search/?api=1&query=%E7%84%BC%E8%82%89%20%E5%AE%89%E8%90%AC%20%E6%9C%AC%E5%BA%97%20%E6%84%9B%E7%9F%A5%E7%9C%8C%E5%AE%89%E5%9F%8E%E5%B8%82%E4%B8%89%E6%B2%B3%E5%AE%89%E5%9F%8E%E7%94%BA1-4-5,2024,焼肉 EAST,yakiniku_east,発表日：2024年10月22日
THE 雪月花,岐阜県岐阜市玉森町26,食べログ 焼肉 EAST 百名店 2024,https://tabelog.com/gifu/A2101/A210101/21015190/,https://www.google.com/maps/search/?api=1&query=THE%20%E9%9B%AA%E6%9C%88%E8%8A%B1%20%E5%B2%90%E9%98%9C%E7%9C%8C%E5%B2%90%E9%98%9C%E5%B8%82%E7%8E%89%E6%A3%AE%E7%94%BA26,2024,焼肉 EAST,yakiniku_east,発表日：2024年10月22日
やまに,新潟県魚沼市小出島124-26,食べログ 焼肉 EAST 百名店 2024,https://tabelog.com/niigata/A1504/A150401/15000481/,https://www.google.com/maps/search/?api=1&query=%E3%82%84%E3%81%BE%E3%81%AB%20%E6%96%B0%E6%BD%9F%E7%9C%8C%E9%AD%9A%E6%B2%BC%E5%B8%82%E5%B0%8F%E5%87%BA%E5%B3%B6124-26,2024,焼肉 EAST,yakiniku_east,発表日：2024年10月22日
百寧,愛知県名古屋市千種区仲田2-8-6 NAKATAビル 1F,食べログ 焼肉 EAST 百名店 2024,https://tabelog.com/aichi/A2301/A230106/23072810/,https://www.google.com/maps/search/?api=1&query=%E7%99%BE%E5%AF%A7%20%E6%84%9B%E7%9F%A5%E7%9C%8C%E5%90%8D%E5%8F%A4%E5%B1%8B%E5%B8%82%E5%8D%83%E7%A8%AE%E5%8C%BA%E4%BB%B2%E7%94%B02-8-6%20NAKATA%E3%83%93%E3%83%AB%201F,2024,焼肉 EAST,yakiniku_east,発表日：2024年10月22日
やきにくホルモン 幸心,愛知県名古屋市東区泉1-19-31,食べログ 焼肉 EAST 百名店 2024,https://tabelog.com/aichi/A2301/A230104/23079782/,https://www.google.com/maps/search/?api=1&query=%E3%82%84%E3%81%8D%E3%81%AB%E3%81%8F%E3%83%9B%E3%83%AB%E3%83%A2%E3%83%B3%20%E5%B9%B8%E5%BF%83%20%E6%84%9B%E7%9F%A5%E7%9C%8C%E5%90%8D%E5%8F%A4%E5%B1%8B%E5%B8%82%E6%9D%B1%E5%8C%BA%E6%B3%891-19-31,2024,焼肉 EAST,yakiniku_east,発表日：2024年10月22日
桔梗苑 本店,岐阜県岐阜市加納矢場町2-29,食べログ 焼肉 EAST 百名店 2024,https://tabelog.com/gifu/A2101/A210101/21000004/,https://www.google.com/maps/search/?api=1&query=%E6%A1%94%E6%A2%97%E8%8B%91%20%E6%9C%AC%E5%BA%97%20%E5%B2%90%E9%98%9C%E7%9C%8C%E5%B2%90%E9%98%9C%E5%B8%82%E5%8A%A0%E7%B4%8D%E7%9F%A2%E5%A0%B4%E7%94%BA2-29,2024,焼肉 EAST,yakiniku_east,発表日：2024年10月22日
ホルモン焼肉 富や 栄店,愛知県名古屋市中区新栄町3-8 今川ビル 3F,食べログ 焼肉 EAST 百名店 2024,https://tabelog.com/aichi/A2301/A230103/23076537/,https://www.google.com/maps/search/?api=1&query=%E3%83%9B%E3%83%AB%E3%83%A2%E3%83%B3%E7%84%BC%E8%82%89%20%E5%AF%8C%E3%82%84%20%E6%A0%84%E5%BA%97%20%E6%84%9B%E7%9F%A5%E7%9C%8C%E5%90%8D%E5%8F%A4%E5%B1%8B%E5%B8%82%E4%B8%AD%E5%8C%BA%E6%96%B0%E6%A0%84%E7%94%BA3-8%20%E4%BB%8A%E5%B7%9D%E3%83%93%E3%83%AB%203F,2024,焼肉 EAST,yakiniku_east,発表日：2024年10月22日
焼肉 富や,愛知県名古屋市中区千代田5-20-2 アラキビル 1F,食べログ 焼肉 EAST 百名店 2024,https://tabelog.com/aichi/A2301/A230105/23072266/,https://www.google.com/maps/search/?api=1&query=%E7%84%BC%E8%82%89%20%E5%AF%8C%E3%82%84%20%E6%84%9B%E7%9F%A5%E7%9C%8C%E5%90%8D%E5%8F%A4%E5%B1%8B%E5%B8%82%E4%B8%AD%E5%8C%BA%E5%8D%83%E4%BB%A3%E7%94%B05-20-2%20%E3%82%A2%E3%83%A9%E3%82%AD%E3%83%93%E3%83%AB%201F,2024,焼肉 EAST,yakiniku_east,発表日：2024年10月22日
老舗精肉店直送 岡崎焼肉 飛騨牛の奴隷 岡崎店,愛知県岡崎市鴨田南町5-13,食べログ 焼肉 EAST 百名店 2024,https://tabelog.com/aichi/A2305/A230502/23078626/,https://www.google.com/maps/search/?api=1&query=%E8%80%81%E8%88%97%E7%B2%BE%E8%82%89%E5%BA%97%E7%9B%B4%E9%80%81%20%E5%B2%A1%E5%B4%8E%E7%84%BC%E8%82%89%20%E9%A3%9B%E9%A8%A8%E7%89%9B%E3%81%AE%E5%A5%B4%E9%9A%B7%20%E5%B2%A1%E5%B4%8E%E5%BA%97%20%E6%84%9B%E7%9F%A5%E7%9C%8C%E5%B2%A1%E5%B4%8E%E5%B8%82%E9%B4%A8%E7%94%B0%E5%8D%97%E7%94%BA5-13,2024,焼肉 EAST,yakiniku_east,発表日：2024年10月22日
一升びん 本店,三重県松阪市南町232-3,食べログ 焼肉 WEST 百名店 2024,https://tabelog.com/mie/A2401/A240102/24000073/,https://www.google.com/maps/search/?api=1&query=%E4%B8%80%E5%8D%87%E3%81%B3%E3%82%93%20%E6%9C%AC%E5%BA%97%20%E4%B8%89%E9%87%8D%E7%9C%8C%E6%9D%BE%E9%98%AA%E5%B8%82%E5%8D%97%E7%94%BA232-3,2024,焼肉 WEST,yakiniku_west,発表日：2024年10月22日
焼肉 八廣,三重県津市久居野村町571-15,食べログ 焼肉 WEST 百名店 2024,https://tabelog.com/mie/A2401/A240101/24001944/,https://www.google.com/maps/search/?api=1&query=%E7%84%BC%E8%82%89%20%E5%85%AB%E5%BB%A3%20%E4%B8%89%E9%87%8D%E7%9C%8C%E6%B4%A5%E5%B8%82%E4%B9%85%E5%B1%85%E9%87%8E%E6%9D%91%E7%94%BA571-15,2024,焼肉 WEST,yakiniku_west,発表日：2024年10月22日
焼肉 すっきゃねん,三重県桑名市大福681,食べログ 焼肉 WEST 百名店 2024,https://tabelog.com/mie/A2402/A240203/24001878/,https://www.google.com/maps/search/?api=1&query=%E7%84%BC%E8%82%89%20%E3%81%99%E3%81%A3%E3%81%8D%E3%82%83%E3%81%AD%E3%82%93%20%E4%B8%89%E9%87%8D%E7%9C%8C%E6%A1%91%E5%90%8D%E5%B8%82%E5%A4%A7%E7%A6%8F681,2024,焼肉 WEST,yakiniku_west,発表日：2024年10月22日
韓国厨房セナラ,福井県福井市開発3丁目2509,食べログ 焼肉 WEST 百名店 2024,https://tabelog.com/fukui/A1801/A180101/18000442/,https://www.google.com/maps/search/?api=1&query=%E9%9F%93%E5%9B%BD%E5%8E%A8%E6%88%BF%E3%82%BB%E3%83%8A%E3%83%A9%20%E7%A6%8F%E4%BA%95%E7%9C%8C%E7%A6%8F%E4%BA%95%E5%B8%82%E9%96%8B%E7%99%BA3%E4%B8%81%E7%9B%AE2509,2024,焼肉 WEST,yakiniku_west,発表日：2024年10月22日
鳥つる,愛知県名古屋市中村区那古野1-46-15,食べログ 焼き鳥 EAST 百名店 2024,https://tabelog.com/aichi/A2301/A230101/23059160/,https://www.google.com/maps/search/?api=1&query=%E9%B3%A5%E3%81%A4%E3%82%8B%20%E6%84%9B%E7%9F%A5%E7%9C%8C%E5%90%8D%E5%8F%A4%E5%B1%8B%E5%B8%82%E4%B8%AD%E6%9D%91%E5%8C%BA%E9%82%A3%E5%8F%A4%E9%87%8E1-46-15,2024,焼き鳥 EAST,yakitori_east,発表日：2024年11月6日
炭焼 ちきんかばぶ,愛知県名古屋市中区栄4丁目16-8 栄メンバーズオフィスビル　B1,食べログ 焼き鳥 EAST 百名店 2024,https://tabelog.com/aichi/A2301/A230103/23032616/,https://www.google.com/maps/search/?api=1&query=%E7%82%AD%E7%84%BC%20%E3%81%A1%E3%81%8D%E3%82%93%E3%81%8B%E3%81%B0%E3%81%B6%20%E6%84%9B%E7%9F%A5%E7%9C%8C%E5%90%8D%E5%8F%A4%E5%B1%8B%E5%B8%82%E4%B8%AD%E5%8C%BA%E6%A0%844%E4%B8%81%E7%9B%AE16-8%20%E6%A0%84%E3%83%A1%E3%83%B3%E3%83%90%E3%83%BC%E3%82%BA%E3%82%AA%E3%83%95%E3%82%A3%E3%82%B9%E3%83%93%E3%83%AB%E3%80%80B1,2024,焼き鳥 EAST,yakitori_east,発表日：2024年11月6日
ひきざんたしざん,愛知県名古屋市千種区春岡1-5-13 コンフォール池下 1F,食べログ 焼き鳥 EAST 百名店 2024,https://tabelog.com/aichi/A2301/A230106/23072041/,https://www.google.com/maps/search/?api=1&query=%E3%81%B2%E3%81%8D%E3%81%96%E3%82%93%E3%81%9F%E3%81%97%E3%81%96%E3%82%93%20%E6%84%9B%E7%9F%A5%E7%9C%8C%E5%90%8D%E5%8F%A4%E5%B1%8B%E5%B8%82%E5%8D%83%E7%A8%AE%E5%8C%BA%E6%98%A5%E5%B2%A11-5-13%20%E3%82%B3%E3%83%B3%E3%83%95%E3%82%A9%E3%83%BC%E3%83%AB%E6%B1%A0%E4%B8%8B%201F,2024,焼き鳥 EAST,yakitori_east,発表日：2024年11月6日
地葉 栄,愛知県名古屋市中区栄3-19-20 GL栄ビル 2F,食べログ 焼き鳥 EAST 百名店 2024,https://tabelog.com/aichi/A2301/A230103/23074332/,https://www.google.com/maps/search/?api=1&query=%E5%9C%B0%E8%91%89%20%E6%A0%84%20%E6%84%9B%E7%9F%A5%E7%9C%8C%E5%90%8D%E5%8F%A4%E5%B1%8B%E5%B8%82%E4%B8%AD%E5%8C%BA%E6%A0%843-19-20%20GL%E6%A0%84%E3%83%93%E3%83%AB%202F,2024,焼き鳥 EAST,yakitori_east,発表日：2024年11月6日
大銀杏 栄店,愛知県名古屋市中区栄5-2-18,食べログ 焼き鳥 EAST 百名店 2024,https://tabelog.com/aichi/A2301/A230103/23047581/,https://www.google.com/maps/search/?api=1&query=%E5%A4%A7%E9%8A%80%E6%9D%8F%20%E6%A0%84%E5%BA%97%20%E6%84%9B%E7%9F%A5%E7%9C%8C%E5%90%8D%E5%8F%A4%E5%B1%8B%E5%B8%82%E4%B8%AD%E5%8C%BA%E6%A0%845-2-18,2024,焼き鳥 EAST,yakitori_east,発表日：2024年11月6日
焼き鳥 幸羽,静岡県浜松市中央区千歳町6 コートクビル 1F,食べログ 焼き鳥 EAST 百名店 2024,https://tabelog.com/shizuoka/A2202/A220201/22040511/,https://www.google.com/maps/search/?api=1&query=%E7%84%BC%E3%81%8D%E9%B3%A5%20%E5%B9%B8%E7%BE%BD%20%E9%9D%99%E5%B2%A1%E7%9C%8C%E6%B5%9C%E6%9D%BE%E5%B8%82%E4%B8%AD%E5%A4%AE%E5%8C%BA%E5%8D%83%E6%AD%B3%E7%94%BA6%20%E3%82%B3%E3%83%BC%E3%83%88%E3%82%AF%E3%83%93%E3%83%AB%201F,2024,焼き鳥 EAST,yakitori_east,発表日：2024年11月6日
焼鳥 かん田,愛知県-名古屋市,食べログ 焼き鳥 EAST 百名店 2024,https://tabelog.com/aichi/A2301/A230109/23066675/,https://www.google.com/maps/search/?api=1&query=%E7%84%BC%E9%B3%A5%20%E3%81%8B%E3%82%93%E7%94%B0%20%E6%84%9B%E7%9F%A5%E7%9C%8C-%E5%90%8D%E5%8F%A4%E5%B1%8B%E5%B8%82,2024,焼き鳥 EAST,yakitori_east,発表日：2024年11月6日
焼き鳥 茂 東桜,愛知県名古屋市東区東桜1-10-7,食べログ 焼き鳥 EAST 百名店 2024,https://tabelog.com/aichi/A2301/A230103/23077448/,https://www.google.com/maps/search/?api=1&query=%E7%84%BC%E3%81%8D%E9%B3%A5%20%E8%8C%82%20%E6%9D%B1%E6%A1%9C%20%E6%84%9B%E7%9F%A5%E7%9C%8C%E5%90%8D%E5%8F%A4%E5%B1%8B%E5%B8%82%E6%9D%B1%E5%8C%BA%E6%9D%B1%E6%A1%9C1-10-7,2024,焼き鳥 EAST,yakitori_east,発表日：2024年11月6日
焼鳥 空,愛知県名古屋市千種区内山1-4-10 MIYAKODORIビル 1F,食べログ 焼き鳥 EAST 百名店 2024,https://tabelog.com/aichi/A2301/A230106/23080203/,https://www.google.com/maps/search/?api=1&query=%E7%84%BC%E9%B3%A5%20%E7%A9%BA%20%E6%84%9B%E7%9F%A5%E7%9C%8C%E5%90%8D%E5%8F%A4%E5%B1%8B%E5%B8%82%E5%8D%83%E7%A8%AE%E5%8C%BA%E5%86%85%E5%B1%B11-4-10%20MIYAKODORI%E3%83%93%E3%83%AB%201F,2024,焼き鳥 EAST,yakitori_east,発表日：2024年11月6日
備長炭焼鳥 鳥しげ,静岡県藤枝市小石川町1-3-7,食べログ 焼き鳥 EAST 百名店 2024,https://tabelog.com/shizuoka/A2203/A220301/22039162/,https://www.google.com/maps/search/?api=1&query=%E5%82%99%E9%95%B7%E7%82%AD%E7%84%BC%E9%B3%A5%20%E9%B3%A5%E3%81%97%E3%81%92%20%E9%9D%99%E5%B2%A1%E7%9C%8C%E8%97%A4%E6%9E%9D%E5%B8%82%E5%B0%8F%E7%9F%B3%E5%B7%9D%E7%94%BA1-3-7,2024,焼き鳥 EAST,yakitori_east,発表日：2024年11月6日
焼鳥 みずき,岐阜県岐阜市神田町3-9 岐阜屋ビル 2F,食べログ 焼き鳥 EAST 百名店 2024,https://tabelog.com/gifu/A2101/A210101/21012245/,https://www.google.com/maps/search/?api=1&query=%E7%84%BC%E9%B3%A5%20%E3%81%BF%E3%81%9A%E3%81%8D%20%E5%B2%90%E9%98%9C%E7%9C%8C%E5%B2%90%E9%98%9C%E5%B8%82%E7%A5%9E%E7%94%B0%E7%94%BA3-9%20%E5%B2%90%E9%98%9C%E5%B1%8B%E3%83%93%E3%83%AB%202F,2024,焼き鳥 EAST,yakitori_east,発表日：2024年11月6日
焼鳥  吉祥,愛知県名古屋市東区東桜2-17-46,食べログ 焼き鳥 EAST 百名店 2024,https://tabelog.com/aichi/A2301/A230104/23061531/,https://www.google.com/maps/search/?api=1&query=%E7%84%BC%E9%B3%A5%20%20%E5%90%89%E7%A5%A5%20%E6%84%9B%E7%9F%A5%E7%9C%8C%E5%90%8D%E5%8F%A4%E5%B1%8B%E5%B8%82%E6%9D%B1%E5%8C%BA%E6%9D%B1%E6%A1%9C2-17-46,2024,焼き鳥 EAST,yakitori_east,発表日：2024年11月6日
練馬 鳥長 新潟,新潟県新潟市中央区東大通2-1-7 松屋ビル 2F,食べログ 焼き鳥 EAST 百名店 2024,https://tabelog.com/niigata/A1501/A150101/15020003/,https://www.google.com/maps/search/?api=1&query=%E7%B7%B4%E9%A6%AC%20%E9%B3%A5%E9%95%B7%20%E6%96%B0%E6%BD%9F%20%E6%96%B0%E6%BD%9F%E7%9C%8C%E6%96%B0%E6%BD%9F%E5%B8%82%E4%B8%AD%E5%A4%AE%E5%8C%BA%E6%9D%B1%E5%A4%A7%E9%80%9A2-1-7%20%E6%9D%BE%E5%B1%8B%E3%83%93%E3%83%AB%202F,2024,焼き鳥 EAST,yakitori_east,発表日：2024年11月6日
千亀,愛知県名古屋市中区栄3-1-19 ソフランビル 2F,食べログ 焼き鳥 EAST 百名店 2024,https://tabelog.com/aichi/A2301/A230103/23001704/,https://www.google.com/maps/search/?api=1&query=%E5%8D%83%E4%BA%80%20%E6%84%9B%E7%9F%A5%E7%9C%8C%E5%90%8D%E5%8F%A4%E5%B1%8B%E5%B8%82%E4%B8%AD%E5%8C%BA%E6%A0%843-1-19%20%E3%82%BD%E3%83%95%E3%83%A9%E3%83%B3%E3%83%93%E3%83%AB%202F,2024,焼き鳥 EAST,yakitori_east,発表日：2024年11月6日
炭火焼鳥正ざわ,長野県松本市中央1-27-21,食べログ 焼き鳥 EAST 百名店 2024,https://tabelog.com/nagano/A2002/A200201/20003246/,https://www.google.com/maps/search/?api=1&query=%E7%82%AD%E7%81%AB%E7%84%BC%E9%B3%A5%E6%AD%A3%E3%81%96%E3%82%8F%20%E9%95%B7%E9%87%8E%E7%9C%8C%E6%9D%BE%E6%9C%AC%E5%B8%82%E4%B8%AD%E5%A4%AE1-27-21,2024,焼き鳥 EAST,yakitori_east,発表日：2024年11月6日
蛤坂 まえかわ,石川県金沢市野町1-1-9,食べログ 焼き鳥 WEST 百名店 2024,https://tabelog.com/ishikawa/A1701/A170101/17012585/,https://www.google.com/maps/search/?api=1&query=%E8%9B%A4%E5%9D%82%20%E3%81%BE%E3%81%88%E3%81%8B%E3%82%8F%20%E7%9F%B3%E5%B7%9D%E7%9C%8C%E9%87%91%E6%B2%A2%E5%B8%82%E9%87%8E%E7%94%BA1-1-9,2024,焼き鳥 WEST,yakitori_west,発表日：2024年11月6日
にかわ,三重県伊勢市一之木2-5-10,食べログ 焼き鳥 WEST 百名店 2024,https://tabelog.com/mie/A2403/A240301/24019007/,https://www.google.com/maps/search/?api=1&query=%E3%81%AB%E3%81%8B%E3%82%8F%20%E4%B8%89%E9%87%8D%E7%9C%8C%E4%BC%8A%E5%8B%A2%E5%B8%82%E4%B8%80%E4%B9%8B%E6%9C%A82-5-10,2024,焼き鳥 WEST,yakitori_west,発表日：2024年11月6日
焼鳥 真ゆき,富山県高岡市大手町11-14,食べログ 焼き鳥 WEST 百名店 2024,https://tabelog.com/toyama/A1604/A160401/16009900/,https://www.google.com/maps/search/?api=1&query=%E7%84%BC%E9%B3%A5%20%E7%9C%9F%E3%82%86%E3%81%8D%20%E5%AF%8C%E5%B1%B1%E7%9C%8C%E9%AB%98%E5%B2%A1%E5%B8%82%E5%A4%A7%E6%89%8B%E7%94%BA11-14,2024,焼き鳥 WEST,yakitori_west,発表日：2024年11月6日
鳥たけ,石川県金沢市袋町2-15,食べログ 焼き鳥 WEST 百名店 2024,https://tabelog.com/ishikawa/A1701/A170101/17009295/,https://www.google.com/maps/search/?api=1&query=%E9%B3%A5%E3%81%9F%E3%81%91%20%E7%9F%B3%E5%B7%9D%E7%9C%8C%E9%87%91%E6%B2%A2%E5%B8%82%E8%A2%8B%E7%94%BA2-15,2024,焼き鳥 WEST,yakitori_west,発表日：2024年11月6日
BIRD,石川県金沢市本町2-2-14,食べログ 焼き鳥 WEST 百名店 2024,https://tabelog.com/ishikawa/A1701/A170101/17005811/,https://www.google.com/maps/search/?api=1&query=BIRD%20%E7%9F%B3%E5%B7%9D%E7%9C%8C%E9%87%91%E6%B2%A2%E5%B8%82%E6%9C%AC%E7%94%BA2-2-14,2024,焼き鳥 WEST,yakitori_west,発表日：2024年11月6日
