Name,Address,Description,Website,Tabelog Reservation URL,Google Maps URL,Latitude,Longitude,Year,Genre,Genre Slug,Release Date
ランディワ,茨城県常総市向石下899-3,食べログ アジア・エスニック EAST 百名店 2024,https://tabelog.com/ibaraki/A0806/A080603/8011256/,,https://www.google.com/maps/search/?api=1&query=%E3%83%A9%E3%83%B3%E3%83%87%E3%82%A3%E3%83%AF%20%E8%8C%A8%E5%9F%8E%E7%9C%8C%E5%B8%B8%E7%B7%8F%E5%B8%82%E5%90%91%E7%9F%B3%E4%B8%8B899-3,36.1128459,139.9500256,2024,アジア・エスニック EAST,asia_ethnic_east,発表日：2024年7月23日
クルワ・プリックタイ,神奈川県川崎市中原区上丸子山王町1-1401,食べログ アジア・エスニック EAST 百名店 2024,https://tabelog.com/kanagawa/A1405/A140504/14062017/,https://tabelog.com/kanagawa/A1405/A140504/14062017/?cid=google_yoyaku,https://www.google.com/maps/search/?api=1&query=%E3%82%AF%E3%83%AB%E3%83%AF%E3%83%BB%E3%83%97%E3%83%AA%E3%83%83%E3%82%AF%E3%82%BF%E3%82%A4%20%E7%A5%9E%E5%A5%88%E5%B7%9D%E7%9C%8C%E5%B7%9D%E5%B4%8E%E5%B8%82%E4%B8%AD%E5%8E%9F%E5%8C%BA%E4%B8%8A%E4%B8%B8%E5%AD%90%E5%B1%B1%E7%8E%8B%E7%94%BA1-1401,35.5773580,139.6658387,2024,アジア・エスニック EAST,asia_ethnic_east,発表日：2024年7月23日
アーユーボーワン,千葉県柏市東上町2-24 1F,食べログ アジア・エスニック EAST 百名店 2024,https://tabelog.com/chiba/A1203/A120301/12033520/,https://tabelog.com/chiba/A1203/A120301/12033520/?cid=google_yoyaku,https://www.google.com/maps/search/?api=1&query=%E3%82%A2%E3%83%BC%E3%83%A6%E3%83%BC%E3%83%9C%E3%83%BC%E3%83%AF%E3%83%B3%20%E5%8D%83%E8%91%89%E7%9C%8C%E6%9F%8F%E5%B8%82%E6%9D%B1%E4%B8%8A%E7%94%BA2-24%201F,35.8592643,139.9759948,2024,アジア・エスニック EAST,asia_ethnic_east,発表日：2024年7月23日
ケララキッチン,神奈川県川崎市中原区丸子通2-682 石森ビル 1F,食べログ アジア・エスニック EAST 百名店 2024,https://tabelog.com/kanagawa/A1405/A140504/14081140/,,https://www.google.com/maps/search/?api=1&query=%E3%82%B1%E3%83%A9%E3%83%A9%E3%82%AD%E3%83%83%E3%83%81%E3%83%B3%20%E7%A5%9E%E5%A5%88%E5%B7%9D%E7%9C%8C%E5%B7%9D%E5%B4%8E%E5%B8%82%E4%B8%AD%E5%8E%9F%E5%8C%BA%E4%B8%B8%E5%AD%90%E9%80%9A2-682%20%E7%9F%B3%E6%A3%AE%E3%83%93%E3%83%AB%201F,35.5832028,139.6618701,2024,アジア・エスニック EAST,asia_ethnic_east,発表日：2024年7月23日
トルコ料理 アセナ,埼玉県さいたま市浦和区仲町1-11-4 アネックスビル 3F,食べログ アジア・エスニック EAST 百名店 2024,https://tabelog.com/saitama/A1101/A110102/11052547/,https://tabelog.com/saitama/A1101/A110102/11052547/?cid=google_yoyaku,https://www.google.com/maps/search/?api=1&query=%E3%83%88%E3%83%AB%E3%82%B3%E6%96%99%E7%90%86%20%E3%82%A2%E3%82%BB%E3%83%8A%20%E5%9F%BC%E7%8E%89%E7%9C%8C%E3%81%95%E3%81%84%E3%81%9F%E3%81%BE%E5%B8%82%E6%B5%A6%E5%92%8C%E5%8C%BA%E4%BB%B2%E7%94%BA1-11-4%20%E3%82%A2%E3%83%8D%E3%83%83%E3%82%AF%E3%82%B9%E3%83%93%E3%83%AB%203F,35.8609812,139.6535678,2024,アジア・エスニック EAST,asia_ethnic_east,発表日：2024年7月23日
ハラール ドーサ ビリヤニ,千葉県成田市ウィング土屋24 イオンモール成田 2F,食べログ アジア・エスニック EAST 百名店 2024,https://tabelog.com/chiba/A1204/A120401/12046523/,,https://www.google.com/maps/search/?api=1&query=%E3%83%8F%E3%83%A9%E3%83%BC%E3%83%AB%20%E3%83%89%E3%83%BC%E3%82%B5%20%E3%83%93%E3%83%AA%E3%83%A4%E3%83%8B%20%E5%8D%83%E8%91%89%E7%9C%8C%E6%88%90%E7%94%B0%E5%B8%82%E3%82%A6%E3%82%A3%E3%83%B3%E3%82%B0%E5%9C%9F%E5%B1%8B24%20%E3%82%A4%E3%82%AA%E3%83%B3%E3%83%A2%E3%83%BC%E3%83%AB%E6%88%90%E7%94%B0%202F,35.7956392,140.3174316,2024,アジア・エスニック EAST,asia_ethnic_east,発表日：2024年7月23日
(食)越南,神奈川県川崎市中原区上小田中3丁目27-10,食べログ アジア・エスニック EAST 百名店 2024,https://tabelog.com/kanagawa/A1405/A140504/14011047/,,https://www.google.com/maps/search/?api=1&query=%28%E9%A3%9F%29%E8%B6%8A%E5%8D%97%20%E7%A5%9E%E5%A5%88%E5%B7%9D%E7%9C%8C%E5%B7%9D%E5%B4%8E%E5%B8%82%E4%B8%AD%E5%8E%9F%E5%8C%BA%E4%B8%8A%E5%B0%8F%E7%94%B0%E4%B8%AD3%E4%B8%81%E7%9B%AE27-10,35.5877686,139.6322081,2024,アジア・エスニック EAST,asia_ethnic_east,発表日：2024年7月23日
ムムターズレストラン,千葉県白井市河原子228-11,食べログ アジア・エスニック EAST 百名店 2024,https://tabelog.com/chiba/A1203/A120303/12043760/,,https://www.google.com/maps/search/?api=1&query=%E3%83%A0%E3%83%A0%E3%82%BF%E3%83%BC%E3%82%BA%E3%83%AC%E3%82%B9%E3%83%88%E3%83%A9%E3%83%B3%20%E5%8D%83%E8%91%89%E7%9C%8C%E7%99%BD%E4%BA%95%E5%B8%82%E6%B2%B3%E5%8E%9F%E5%AD%90228-11,35.8152635,140.0594599,2024,アジア・エスニック EAST,asia_ethnic_east,発表日：2024年7月23日
ロビンズインドキッチン,千葉県船橋市本中山4-25-16,食べログ アジア・エスニック EAST 百名店 2024,https://tabelog.com/chiba/A1202/A120201/12056250/,,https://www.google.com/maps/search/?api=1&query=%E3%83%AD%E3%83%93%E3%83%B3%E3%82%BA%E3%82%A4%E3%83%B3%E3%83%89%E3%82%AD%E3%83%83%E3%83%81%E3%83%B3%20%E5%8D%83%E8%91%89%E7%9C%8C%E8%88%B9%E6%A9%8B%E5%B8%82%E6%9C%AC%E4%B8%AD%E5%B1%B14-25-16,35.7127568,139.9403816,2024,アジア・エスニック EAST,asia_ethnic_east,発表日：2024年7月23日
バンセンストア,茨城県水戸市平戸町367-1,食べログ アジア・エスニック EAST 百名店 2024,https://tabelog.com/ibaraki/A0801/A080102/8012548/,,https://www.google.com/maps/search/?api=1&query=%E3%83%90%E3%83%B3%E3%82%BB%E3%83%B3%E3%82%B9%E3%83%88%E3%82%A2%20%E8%8C%A8%E5%9F%8E%E7%9C%8C%E6%B0%B4%E6%88%B8%E5%B8%82%E5%B9%B3%E6%88%B8%E7%94%BA367-1,36.3223594,140.5627876,2024,アジア・エスニック EAST,asia_ethnic_east,発表日：2024年7月23日
Soi Gapao,神奈川県相模原市南区相模大野5-29-10-1 Shinoplaza1F,食べログ アジア・エスニック EAST 百名店 2024,https://tabelog.com/kanagawa/A1407/A140701/14061706/,https://tabelog.com/kanagawa/A1407/A140701/14061706/?cid=google_yoyaku,https://www.google.com/maps/search/?api=1&query=Soi%20Gapao%20%E7%A5%9E%E5%A5%88%E5%B7%9D%E7%9C%8C%E7%9B%B8%E6%A8%A1%E5%8E%9F%E5%B8%82%E5%8D%97%E5%8C%BA%E7%9B%B8%E6%A8%A1%E5%A4%A7%E9%87%8E5-29-10-1%20Shinoplaza1F,35.5312082,139.4325408,2024,アジア・エスニック EAST,asia_ethnic_east,発表日：2024年7月23日
シルクロード ムラト,埼玉県さいたま市桜区栄和3-20-13,食べログ アジア・エスニック EAST 百名店 2024,https://tabelog.com/saitama/A1101/A110101/11002026/,https://tabelog.com/saitama/A1101/A110101/11002026/?cid=google_yoyaku,https://www.google.com/maps/search/?api=1&query=%E3%82%B7%E3%83%AB%E3%82%AF%E3%83%AD%E3%83%BC%E3%83%89%20%E3%83%A0%E3%83%A9%E3%83%88%20%E5%9F%BC%E7%8E%89%E7%9C%8C%E3%81%95%E3%81%84%E3%81%9F%E3%81%BE%E5%B8%82%E6%A1%9C%E5%8C%BA%E6%A0%84%E5%92%8C3-20-13,35.8680735,139.6166134,2024,アジア・エスニック EAST,asia_ethnic_east,発表日：2024年7月23日
マーフレストラン,茨城県常総市馬場441-8,食べログ アジア・エスニック EAST 百名店 2024,https://tabelog.com/ibaraki/A0806/A080602/8015291/,,https://www.google.com/maps/search/?api=1&query=%E3%83%9E%E3%83%BC%E3%83%95%E3%83%AC%E3%82%B9%E3%83%88%E3%83%A9%E3%83%B3%20%E8%8C%A8%E5%9F%8E%E7%9C%8C%E5%B8%B8%E7%B7%8F%E5%B8%82%E9%A6%AC%E5%A0%B4441-8,36.1328055,139.9183799,2024,アジア・エスニック EAST,asia_ethnic_east,発表日：2024年7月23日
クラフトビールとモロッコ料理 ホップとリップ,埼玉県さいたま市中央区下落合1711 シティマークタワー21 1F,食べログ アジア・エスニック EAST 百名店 2024,https://tabelog.com/saitama/A1101/A110101/11058630/,,https://www.google.com/maps/search/?api=1&query=%E3%82%AF%E3%83%A9%E3%83%95%E3%83%88%E3%83%93%E3%83%BC%E3%83%AB%E3%81%A8%E3%83%A2%E3%83%AD%E3%83%83%E3%82%B3%E6%96%99%E7%90%86%20%E3%83%9B%E3%83%83%E3%83%97%E3%81%A8%E3%83%AA%E3%83%83%E3%83%97%20%E5%9F%BC%E7%8E%89%E7%9C%8C%E3%81%95%E3%81%84%E3%81%9F%E3%81%BE%E5%B8%82%E4%B8%AD%E5%A4%AE%E5%8C%BA%E4%B8%8B%E8%90%BD%E5%90%881711%20%E3%82%B7%E3%83%86%E3%82%A3%E3%83%9E%E3%83%BC%E3%82%AF%E3%82%BF%E3%83%AF%E3%83%BC21%201F,35.8841574,139.6360925,2024,アジア・エスニック EAST,asia_ethnic_east,発表日：2024年7月23日
コジコジ,茨城県水戸市渡里町2305-6 オザワビル 2F,食べログ アジア・エスニック EAST 百名店 2024,https://tabelog.com/ibaraki/A0801/A080101/8014163/,,https://www.google.com/maps/search/?api=1&query=%E3%82%B3%E3%82%B8%E3%82%B3%E3%82%B8%20%E8%8C%A8%E5%9F%8E%E7%9C%8C%E6%B0%B4%E6%88%B8%E5%B8%82%E6%B8%A1%E9%87%8C%E7%94%BA2305-6%20%E3%82%AA%E3%82%B6%E3%83%AF%E3%83%93%E3%83%AB%202F,36.4008435,140.4396346,2024,アジア・エスニック EAST,asia_ethnic_east,発表日：2024年7月23日
ボエチェー,千葉県船橋市本町2-11-22 友山ビル 2F,食べログ アジア・エスニック EAST 百名店 2024,https://tabelog.com/chiba/A1202/A120201/12055840/,https://tabelog.com/chiba/A1202/A120201/12055840/?cid=google_yoyaku,https://www.google.com/maps/search/?api=1&query=%E3%83%9C%E3%82%A8%E3%83%81%E3%82%A7%E3%83%BC%20%E5%8D%83%E8%91%89%E7%9C%8C%E8%88%B9%E6%A9%8B%E5%B8%82%E6%9C%AC%E7%94%BA2-11-22%20%E5%8F%8B%E5%B1%B1%E3%83%93%E3%83%AB%202F,35.6973431,139.9818215,2024,アジア・エスニック EAST,asia_ethnic_east,発表日：2024年7月23日
カリカキッチン,埼玉県さいたま市大宮区桜木町4-209,食べログ アジア・エスニック EAST 百名店 2024,https://tabelog.com/saitama/A1101/A110101/11051760/,,https://www.google.com/maps/search/?api=1&query=%E3%82%AB%E3%83%AA%E3%82%AB%E3%82%AD%E3%83%83%E3%83%81%E3%83%B3%20%E5%9F%BC%E7%8E%89%E7%9C%8C%E3%81%95%E3%81%84%E3%81%9F%E3%81%BE%E5%B8%82%E5%A4%A7%E5%AE%AE%E5%8C%BA%E6%A1%9C%E6%9C%A8%E7%94%BA4-209,35.9059886,139.6173960,2024,アジア・エスニック EAST,asia_ethnic_east,発表日：2024年7月23日
ナーガ・ラジャ,神奈川県横須賀市久里浜4-3-15 メゾンドアヤ　１０２,食べログ アジア・エスニック EAST 百名店 2024,https://tabelog.com/kanagawa/A1406/A140601/14003967/,https://tabelog.com/kanagawa/A1406/A140601/14003967/?cid=google_yoyaku,https://www.google.com/maps/search/?api=1&query=%E3%83%8A%E3%83%BC%E3%82%AC%E3%83%BB%E3%83%A9%E3%82%B8%E3%83%A3%20%E7%A5%9E%E5%A5%88%E5%B7%9D%E7%9C%8C%E6%A8%AA%E9%A0%88%E8%B3%80%E5%B8%82%E4%B9%85%E9%87%8C%E6%B5%9C4-3-15%20%E3%83%A1%E3%82%BE%E3%83%B3%E3%83%89%E3%82%A2%E3%83%A4%E3%80%80%EF%BC%91%EF%BC%90%EF%BC%92,35.2315964,139.7026202,2024,アジア・エスニック EAST,asia_ethnic_east,発表日：2024年7月23日
荒井商店,神奈川県足柄下郡湯河原町城堀18-2,食べログ アジア・エスニック EAST 百名店 2024,https://tabelog.com/kanagawa/A1410/A141002/14092547/,,https://www.google.com/maps/search/?api=1&query=%E8%8D%92%E4%BA%95%E5%95%86%E5%BA%97%20%E7%A5%9E%E5%A5%88%E5%B7%9D%E7%9C%8C%E8%B6%B3%E6%9F%84%E4%B8%8B%E9%83%A1%E6%B9%AF%E6%B2%B3%E5%8E%9F%E7%94%BA%E5%9F%8E%E5%A0%8018-2,35.1481848,139.1079637,2024,アジア・エスニック EAST,asia_ethnic_east,発表日：2024年7月23日
Salaam Curry,群馬県伊勢崎市柳原町54,食べログ アジア・エスニック EAST 百名店 2024,https://tabelog.com/gunma/A1002/A100202/10022154/,,https://www.google.com/maps/search/?api=1&query=Salaam%20Curry%20%E7%BE%A4%E9%A6%AC%E7%9C%8C%E4%BC%8A%E5%8B%A2%E5%B4%8E%E5%B8%82%E6%9F%B3%E5%8E%9F%E7%94%BA54,36.3286541,139.1980981,2024,アジア・エスニック EAST,asia_ethnic_east,発表日：2024年7月23日
シナモンガーデン,神奈川県大和市林間2-22-19,食べログ アジア・エスニック EAST 百名店 2024,https://tabelog.com/kanagawa/A1407/A140702/14055360/,https://tabelog.com/kanagawa/A1407/A140702/14055360/?cid=google_yoyaku,https://www.google.com/maps/search/?api=1&query=%E3%82%B7%E3%83%8A%E3%83%A2%E3%83%B3%E3%82%AC%E3%83%BC%E3%83%87%E3%83%B3%20%E7%A5%9E%E5%A5%88%E5%B7%9D%E7%9C%8C%E5%A4%A7%E5%92%8C%E5%B8%82%E6%9E%97%E9%96%932-22-19,35.4996747,139.4507734,2024,アジア・エスニック EAST,asia_ethnic_east,発表日：2024年7月23日
ブラジル グリル,群馬県高崎市鞘町63-1 さやもーる通り,食べログ アジア・エスニック EAST 百名店 2024,https://tabelog.com/gunma/A1001/A100102/10011057/,https://tabelog.com/gunma/A1001/A100102/10011057/?cid=google_yoyaku,https://www.google.com/maps/search/?api=1&query=%E3%83%96%E3%83%A9%E3%82%B8%E3%83%AB%20%E3%82%B0%E3%83%AA%E3%83%AB%20%E7%BE%A4%E9%A6%AC%E7%9C%8C%E9%AB%98%E5%B4%8E%E5%B8%82%E9%9E%98%E7%94%BA63-1%20%E3%81%95%E3%82%84%E3%82%82%E3%83%BC%E3%82%8B%E9%80%9A%E3%82%8A,36.3254562,139.0060049,2024,アジア・エスニック EAST,asia_ethnic_east,発表日：2024年7月23日
ガネーシュ,神奈川県横浜市金沢区能見台通8-5,食べログ アジア・エスニック EAST 百名店 2024,https://tabelog.com/kanagawa/A1401/A140310/14012113/,https://tabelog.com/kanagawa/A1401/A140310/14012113/?cid=google_yoyaku,https://www.google.com/maps/search/?api=1&query=%E3%82%AC%E3%83%8D%E3%83%BC%E3%82%B7%E3%83%A5%20%E7%A5%9E%E5%A5%88%E5%B7%9D%E7%9C%8C%E6%A8%AA%E6%B5%9C%E5%B8%82%E9%87%91%E6%B2%A2%E5%8C%BA%E8%83%BD%E8%A6%8B%E5%8F%B0%E9%80%9A8-5,35.3607919,139.6281367,2024,アジア・エスニック EAST,asia_ethnic_east,発表日：2024年7月23日
ケーイチェンマイ,千葉県松戸市日暮3-12-1 矢野マンション１０１,食べログ アジア・エスニック EAST 百名店 2024,https://tabelog.com/chiba/A1203/A120302/12055258/,,https://www.google.com/maps/search/?api=1&query=%E3%82%B1%E3%83%BC%E3%82%A4%E3%83%81%E3%82%A7%E3%83%B3%E3%83%9E%E3%82%A4%20%E5%8D%83%E8%91%89%E7%9C%8C%E6%9D%BE%E6%88%B8%E5%B8%82%E6%97%A5%E6%9A%AE3-12-1%20%E7%9F%A2%E9%87%8E%E3%83%9E%E3%83%B3%E3%82%B7%E3%83%A7%E3%83%B3%EF%BC%91%EF%BC%90%EF%BC%91,35.7900386,139.9351679,2024,アジア・エスニック EAST,asia_ethnic_east,発表日：2024年7月23日
アムリタ インドスパイスカレーとナンと,埼玉県川越市鯨井新田12-27 トレニアコーポ 1F,食べログ アジア・エスニック EAST 百名店 2024,https://tabelog.com/saitama/A1103/A110303/11051903/,https://tabelog.com/saitama/A1103/A110303/11051903/?cid=google_yoyaku,https://www.google.com/maps/search/?api=1&query=%E3%82%A2%E3%83%A0%E3%83%AA%E3%82%BF%20%E3%82%A4%E3%83%B3%E3%83%89%E3%82%B9%E3%83%91%E3%82%A4%E3%82%B9%E3%82%AB%E3%83%AC%E3%83%BC%E3%81%A8%E3%83%8A%E3%83%B3%E3%81%A8%20%E5%9F%BC%E7%8E%89%E7%9C%8C%E5%B7%9D%E8%B6%8A%E5%B8%82%E9%AF%A8%E4%BA%95%E6%96%B0%E7%94%B012-27%20%E3%83%88%E3%83%AC%E3%83%8B%E3%82%A2%E3%82%B3%E3%83%BC%E3%83%9D%201F,35.9342616,139.4219299,2024,アジア・エスニック EAST,asia_ethnic_east,発表日：2024年7月23日
Spice Corner Benzie,神奈川県横浜市西区戸部本町13-8,食べログ アジア・エスニック EAST 百名店 2024,https://tabelog.com/kanagawa/A1401/A140102/14082682/,,https://www.google.com/maps/search/?api=1&query=Spice%20Corner%20Benzie%20%E7%A5%9E%E5%A5%88%E5%B7%9D%E7%9C%8C%E6%A8%AA%E6%B5%9C%E5%B8%82%E8%A5%BF%E5%8C%BA%E6%88%B8%E9%83%A8%E6%9C%AC%E7%94%BA13-8,35.4559586,139.6201082,2024,アジア・エスニック EAST,asia_ethnic_east,発表日：2024年7月23日
ボージャン,神奈川県茅ヶ崎市浜須賀1-44,食べログ アジア・エスニック EAST 百名店 2024,https://tabelog.com/kanagawa/A1404/A140406/14002527/,,https://www.google.com/maps/search/?api=1&query=%E3%83%9C%E3%83%BC%E3%82%B8%E3%83%A3%E3%83%B3%20%E7%A5%9E%E5%A5%88%E5%B7%9D%E7%9C%8C%E8%8C%85%E3%83%B6%E5%B4%8E%E5%B8%82%E6%B5%9C%E9%A0%88%E8%B3%801-44,35.3253493,139.4297867,2024,アジア・エスニック EAST,asia_ethnic_east,発表日：2024年7月23日
KING LION スリランカレストラン＆バー,神奈川県川崎市高津区下作延2-5-41,食べログ アジア・エスニック EAST 百名店 2024,https://tabelog.com/kanagawa/A1405/A140505/14067616/,,https://www.google.com/maps/search/?api=1&query=KING%20LION%20%E3%82%B9%E3%83%AA%E3%83%A9%E3%83%B3%E3%82%AB%E3%83%AC%E3%82%B9%E3%83%88%E3%83%A9%E3%83%B3%EF%BC%86%E3%83%90%E3%83%BC%20%E7%A5%9E%E5%A5%88%E5%B7%9D%E7%9C%8C%E5%B7%9D%E5%B4%8E%E5%B8%82%E9%AB%98%E6%B4%A5%E5%8C%BA%E4%B8%8B%E4%BD%9C%E5%BB%B62-5-41,35.6006151,139.6062199,2024,アジア・エスニック EAST,asia_ethnic_east,発表日：2024年7月23日
アユタヤ,千葉県船橋市本町3-36-34 石井ビル 3F,食べログ アジア・エスニック EAST 百名店 2024,https://tabelog.com/chiba/A1202/A120201/12000203/,https://tabelog.com/chiba/A1202/A120201/12000203/?cid=google_yoyaku,https://www.google.com/maps/search/?api=1&query=%E3%82%A2%E3%83%A6%E3%82%BF%E3%83%A4%20%E5%8D%83%E8%91%89%E7%9C%8C%E8%88%B9%E6%A9%8B%E5%B8%82%E6%9C%AC%E7%94%BA3-36-34%20%E7%9F%B3%E4%BA%95%E3%83%93%E3%83%AB%203F,35.6971310,139.9857683,2024,アジア・エスニック EAST,asia_ethnic_east,発表日：2024年7月23日
Handi レストラン,千葉県野田市目吹1508-1,食べログ アジア・エスニック EAST 百名店 2024,https://tabelog.com/chiba/A1203/A120305/12026828/,,https://www.google.com/maps/search/?api=1&query=Handi%20%E3%83%AC%E3%82%B9%E3%83%88%E3%83%A9%E3%83%B3%20%E5%8D%83%E8%91%89%E7%9C%8C%E9%87%8E%E7%94%B0%E5%B8%82%E7%9B%AE%E5%90%B91508-1,35.9649470,139.8824353,2024,アジア・エスニック EAST,asia_ethnic_east,発表日：2024年7月23日
DEWAN 幕張店,千葉県千葉市美浜区浜田2-33 グルメ大江戸ビル　 2F,食べログ アジア・エスニック EAST 百名店 2024,https://tabelog.com/chiba/A1201/A120102/12000695/,,https://www.google.com/maps/search/?api=1&query=DEWAN%20%E5%B9%95%E5%BC%B5%E5%BA%97%20%E5%8D%83%E8%91%89%E7%9C%8C%E5%8D%83%E8%91%89%E5%B8%82%E7%BE%8E%E6%B5%9C%E5%8C%BA%E6%B5%9C%E7%94%B02-33%20%E3%82%B0%E3%83%AB%E3%83%A1%E5%A4%A7%E6%B1%9F%E6%88%B8%E3%83%93%E3%83%AB%E3%80%80%202F,35.6565399,140.0326938,2024,アジア・エスニック EAST,asia_ethnic_east,発表日：2024年7月23日
シルクロード料理 ブドウエン,神奈川県横浜市瀬谷区三ツ境19-21,食べログ アジア・エスニック EAST 百名店 2024,https://tabelog.com/kanagawa/A1401/A140303/14072954/,https://tabelog.com/kanagawa/A1401/A140303/14072954/?cid=google_yoyaku,https://www.google.com/maps/search/?api=1&query=%E3%82%B7%E3%83%AB%E3%82%AF%E3%83%AD%E3%83%BC%E3%83%89%E6%96%99%E7%90%86%20%E3%83%96%E3%83%89%E3%82%A6%E3%82%A8%E3%83%B3%20%E7%A5%9E%E5%A5%88%E5%B7%9D%E7%9C%8C%E6%A8%AA%E6%B5%9C%E5%B8%82%E7%80%AC%E8%B0%B7%E5%8C%BA%E4%B8%89%E3%83%84%E5%A2%8319-21,35.4661363,139.5023701,2024,アジア・エスニック EAST,asia_ethnic_east,発表日：2024年7月23日
南インド料理店 ボーディセナ,神奈川県横浜市中区住吉町3-28 新井ビル 1F,食べログ アジア・エスニック EAST 百名店 2024,https://tabelog.com/kanagawa/A1401/A140104/14076991/,https://tabelog.com/kanagawa/A1401/A140104/14076991/?cid=google_yoyaku,https://www.google.com/maps/search/?api=1&query=%E5%8D%97%E3%82%A4%E3%83%B3%E3%83%89%E6%96%99%E7%90%86%E5%BA%97%20%E3%83%9C%E3%83%BC%E3%83%87%E3%82%A3%E3%82%BB%E3%83%8A%20%E7%A5%9E%E5%A5%88%E5%B7%9D%E7%9C%8C%E6%A8%AA%E6%B5%9C%E5%B8%82%E4%B8%AD%E5%8C%BA%E4%BD%8F%E5%90%89%E7%94%BA3-28%20%E6%96%B0%E4%BA%95%E3%83%93%E3%83%AB%201F,35.4464238,139.6374889,2024,アジア・エスニック EAST,asia_ethnic_east,発表日：2024年7月23日
サールナート,千葉県船橋市宮本5-1-8,食べログ アジア・エスニック EAST 百名店 2024,https://tabelog.com/chiba/A1202/A120201/12000128/,,https://www.google.com/maps/search/?api=1&query=%E3%82%B5%E3%83%BC%E3%83%AB%E3%83%8A%E3%83%BC%E3%83%88%20%E5%8D%83%E8%91%89%E7%9C%8C%E8%88%B9%E6%A9%8B%E5%B8%82%E5%AE%AE%E6%9C%AC5-1-8,35.6958206,139.9923080,2024,アジア・エスニック EAST,asia_ethnic_east,発表日：2024年7月23日
アキフーズ,埼玉県さいたま市緑区三室1629-9,食べログ アジア・エスニック EAST 百名店 2024,https://tabelog.com/saitama/A1101/A110102/11053628/,,https://www.google.com/maps/search/?api=1&query=%E3%82%A2%E3%82%AD%E3%83%95%E3%83%BC%E3%82%BA%20%E5%9F%BC%E7%8E%89%E7%9C%8C%E3%81%95%E3%81%84%E3%81%9F%E3%81%BE%E5%B8%82%E7%B7%91%E5%8C%BA%E4%B8%89%E5%AE%A41629-9,35.8823859,139.6784615,2024,アジア・エスニック EAST,asia_ethnic_east,発表日：2024年7月23日
行徳ビリヤーニーハウス,千葉県市川市行徳駅前3-7-15,食べログ アジア・エスニック EAST 百名店 2024,https://tabelog.com/chiba/A1202/A120202/12058533/,,https://www.google.com/maps/search/?api=1&query=%E8%A1%8C%E5%BE%B3%E3%83%93%E3%83%AA%E3%83%A4%E3%83%BC%E3%83%8B%E3%83%BC%E3%83%8F%E3%82%A6%E3%82%B9%20%E5%8D%83%E8%91%89%E7%9C%8C%E5%B8%82%E5%B7%9D%E5%B8%82%E8%A1%8C%E5%BE%B3%E9%A7%85%E5%89%8D3-7-15,35.6802121,139.9178307,2024,アジア・エスニック EAST,asia_ethnic_east,発表日：2024年7月23日
インド食堂 チャラカラ,群馬県前橋市総社町総社2014-5 大山マンション 104,食べログ アジア・エスニック EAST 百名店 2024,https://tabelog.com/gunma/A1001/A100101/10015770/,,https://www.google.com/maps/search/?api=1&query=%E3%82%A4%E3%83%B3%E3%83%89%E9%A3%9F%E5%A0%82%20%E3%83%81%E3%83%A3%E3%83%A9%E3%82%AB%E3%83%A9%20%E7%BE%A4%E9%A6%AC%E7%9C%8C%E5%89%8D%E6%A9%8B%E5%B8%82%E7%B7%8F%E7%A4%BE%E7%94%BA%E7%B7%8F%E7%A4%BE2014-5%20%E5%A4%A7%E5%B1%B1%E3%83%9E%E3%83%B3%E3%82%B7%E3%83%A7%E3%83%B3%20104,36.4042453,139.0328787,2024,アジア・エスニック EAST,asia_ethnic_east,発表日：2024年7月23日
ヘラディワ,茨城県つくば市天久保1-8-6 グリーン天久保 2F,食べログ アジア・エスニック EAST 百名店 2024,https://tabelog.com/ibaraki/A0802/A080201/8017310/,,https://www.google.com/maps/search/?api=1&query=%E3%83%98%E3%83%A9%E3%83%87%E3%82%A3%E3%83%AF%20%E8%8C%A8%E5%9F%8E%E7%9C%8C%E3%81%A4%E3%81%8F%E3%81%B0%E5%B8%82%E5%A4%A9%E4%B9%85%E4%BF%9D1-8-6%20%E3%82%B0%E3%83%AA%E3%83%BC%E3%83%B3%E5%A4%A9%E4%B9%85%E4%BF%9D%202F,36.0922586,140.1086195,2024,アジア・エスニック EAST,asia_ethnic_east,発表日：2024年7月23日
テコテコ,千葉県成田市上町858-1,食べログ アジア・エスニック EAST 百名店 2024,https://tabelog.com/chiba/A1204/A120401/12002649/,,https://www.google.com/maps/search/?api=1&query=%E3%83%86%E3%82%B3%E3%83%86%E3%82%B3%20%E5%8D%83%E8%91%89%E7%9C%8C%E6%88%90%E7%94%B0%E5%B8%82%E4%B8%8A%E7%94%BA858-1,35.7802803,140.3153694,2024,アジア・エスニック EAST,asia_ethnic_east,発表日：2024年7月23日
ガンディー,千葉県船橋市本町4-42-4,食べログ アジア・エスニック EAST 百名店 2024,https://tabelog.com/chiba/A1202/A120201/12000107/,https://tabelog.com/chiba/A1202/A120201/12000107/?cid=google_yoyaku,https://www.google.com/maps/search/?api=1&query=%E3%82%AC%E3%83%B3%E3%83%87%E3%82%A3%E3%83%BC%20%E5%8D%83%E8%91%89%E7%9C%8C%E8%88%B9%E6%A9%8B%E5%B8%82%E6%9C%AC%E7%94%BA4-42-4,35.6994439,139.9864908,2024,アジア・エスニック EAST,asia_ethnic_east,発表日：2024年7月23日
サティヤム,埼玉県さいたま市緑区道祖土1-27-10 サイドプラザ １F,食べログ アジア・エスニック EAST 百名店 2024,https://tabelog.com/saitama/A1101/A110102/11023701/,,https://www.google.com/maps/search/?api=1&query=%E3%82%B5%E3%83%86%E3%82%A3%E3%83%A4%E3%83%A0%20%E5%9F%BC%E7%8E%89%E7%9C%8C%E3%81%95%E3%81%84%E3%81%9F%E3%81%BE%E5%B8%82%E7%B7%91%E5%8C%BA%E9%81%93%E7%A5%96%E5%9C%9F1-27-10%20%E3%82%B5%E3%82%A4%E3%83%89%E3%83%97%E3%83%A9%E3%82%B6%20%EF%BC%91F,35.8790240,139.6684614,2024,アジア・エスニック EAST,asia_ethnic_east,発表日：2024年7月23日
カルマ,茨城県水戸市中央2-8-10,食べログ アジア・エスニック EAST 百名店 2024,https://tabelog.com/ibaraki/A0801/A080101/8000263/,,https://www.google.com/maps/search/?api=1&query=%E3%82%AB%E3%83%AB%E3%83%9E%20%E8%8C%A8%E5%9F%8E%E7%9C%8C%E6%B0%B4%E6%88%B8%E5%B8%82%E4%B8%AD%E5%A4%AE2-8-10,36.3661748,140.4700184,2024,アジア・エスニック EAST,asia_ethnic_east,発表日：2024年7月23日
印度料理シタール,千葉県千葉市花見川区検見川町1-106-16,食べログ アジア・エスニック EAST 百名店 2024,https://tabelog.com/chiba/A1201/A120104/12000109/,,https://www.google.com/maps/search/?api=1&query=%E5%8D%B0%E5%BA%A6%E6%96%99%E7%90%86%E3%82%B7%E3%82%BF%E3%83%BC%E3%83%AB%20%E5%8D%83%E8%91%89%E7%9C%8C%E5%8D%83%E8%91%89%E5%B8%82%E8%8A%B1%E8%A6%8B%E5%B7%9D%E5%8C%BA%E6%A4%9C%E8%A6%8B%E5%B7%9D%E7%94%BA1-106-16,35.6519675,140.0653893,2024,アジア・エスニック EAST,asia_ethnic_east,発表日：2024年7月23日
タイ料理レストラン きんめだい,千葉県船橋市山野町68-5 パストラル弐番館 1F,食べログ アジア・エスニック EAST 百名店 2024,https://tabelog.com/chiba/A1202/A120201/12045774/,https://tabelog.com/chiba/A1202/A120201/12045774/?cid=google_yoyaku,https://www.google.com/maps/search/?api=1&query=%E3%82%BF%E3%82%A4%E6%96%99%E7%90%86%E3%83%AC%E3%82%B9%E3%83%88%E3%83%A9%E3%83%B3%20%E3%81%8D%E3%82%93%E3%82%81%E3%81%A0%E3%81%84%20%E5%8D%83%E8%91%89%E7%9C%8C%E8%88%B9%E6%A9%8B%E5%B8%82%E5%B1%B1%E9%87%8E%E7%94%BA68-5%20%E3%83%91%E3%82%B9%E3%83%88%E3%83%A9%E3%83%AB%E5%BC%90%E7%95%AA%E9%A4%A8%201F,35.7060743,139.9610721,2024,アジア・エスニック EAST,asia_ethnic_east,発表日：2024年7月23日
Enak Enak,千葉県市川市市川南1-10-1-109 ザタワーズウエスト　１Ｆ,食べログ アジア・エスニック EAST 百名店 2024,https://tabelog.com/chiba/A1202/A120202/12035969/,https://tabelog.com/chiba/A1202/A120202/12035969/?cid=google_yoyaku,https://www.google.com/maps/search/?api=1&query=Enak%20Enak%20%E5%8D%83%E8%91%89%E7%9C%8C%E5%B8%82%E5%B7%9D%E5%B8%82%E5%B8%82%E5%B7%9D%E5%8D%971-10-1-109%20%E3%82%B6%E3%82%BF%E3%83%AF%E3%83%BC%E3%82%BA%E3%82%A6%E3%82%A8%E3%82%B9%E3%83%88%E3%80%80%EF%BC%91%EF%BC%A6,35.7288901,139.9061014,2024,アジア・エスニック EAST,asia_ethnic_east,発表日：2024年7月23日
マドラスミールス,神奈川県川崎市中原区上丸子八幡町816 山本ビル1F,食べログ アジア・エスニック EAST 百名店 2024,https://tabelog.com/kanagawa/A1405/A140504/14043719/,,https://www.google.com/maps/search/?api=1&query=%E3%83%9E%E3%83%89%E3%83%A9%E3%82%B9%E3%83%9F%E3%83%BC%E3%83%AB%E3%82%B9%20%E7%A5%9E%E5%A5%88%E5%B7%9D%E7%9C%8C%E5%B7%9D%E5%B4%8E%E5%B8%82%E4%B8%AD%E5%8E%9F%E5%8C%BA%E4%B8%8A%E4%B8%B8%E5%AD%90%E5%85%AB%E5%B9%A1%E7%94%BA816%20%E5%B1%B1%E6%9C%AC%E3%83%93%E3%83%AB1F,35.5802558,139.6648886,2024,アジア・エスニック EAST,asia_ethnic_east,発表日：2024年7月23日
南インド料理 葉菜,千葉県八千代市勝田台1-13-32 MTビル １F,食べログ アジア・エスニック EAST 百名店 2024,https://tabelog.com/chiba/A1202/A120204/12012667/,,https://www.google.com/maps/search/?api=1&query=%E5%8D%97%E3%82%A4%E3%83%B3%E3%83%89%E6%96%99%E7%90%86%20%E8%91%89%E8%8F%9C%20%E5%8D%83%E8%91%89%E7%9C%8C%E5%85%AB%E5%8D%83%E4%BB%A3%E5%B8%82%E5%8B%9D%E7%94%B0%E5%8F%B01-13-32%20MT%E3%83%93%E3%83%AB%20%EF%BC%91F,35.7145866,140.1280656,2024,アジア・エスニック EAST,asia_ethnic_east,発表日：2024年7月23日
タンハー,神奈川県横浜市泉区上飯田町3050,食べログ アジア・エスニック EAST 百名店 2024,https://tabelog.com/kanagawa/A1407/A140702/14051586/,,https://www.google.com/maps/search/?api=1&query=%E3%82%BF%E3%83%B3%E3%83%8F%E3%83%BC%20%E7%A5%9E%E5%A5%88%E5%B7%9D%E7%9C%8C%E6%A8%AA%E6%B5%9C%E5%B8%82%E6%B3%89%E5%8C%BA%E4%B8%8A%E9%A3%AF%E7%94%B0%E7%94%BA3050,35.4298792,139.4755937,2024,アジア・エスニック EAST,asia_ethnic_east,発表日：2024年7月23日
冨ノ家 本八幡本店,千葉県市川市八幡1-11-13 シャトー森井　１Ｆ,食べログ アジア・エスニック EAST 百名店 2024,https://tabelog.com/chiba/A1202/A120202/12003209/,,https://www.google.com/maps/search/?api=1&query=%E5%86%A8%E3%83%8E%E5%AE%B6%20%E6%9C%AC%E5%85%AB%E5%B9%A1%E6%9C%AC%E5%BA%97%20%E5%8D%83%E8%91%89%E7%9C%8C%E5%B8%82%E5%B7%9D%E5%B8%82%E5%85%AB%E5%B9%A11-11-13%20%E3%82%B7%E3%83%A3%E3%83%88%E3%83%BC%E6%A3%AE%E4%BA%95%E3%80%80%EF%BC%91%EF%BC%A6,35.7196415,139.9342467,2024,アジア・エスニック EAST,asia_ethnic_east,発表日：2024年7月23日
カラチの空,埼玉県八潮市中央1-7-11 三木ビル,食べログ アジア・エスニック EAST 百名店 2024,https://tabelog.com/saitama/A1102/A110205/11020803/,,https://www.google.com/maps/search/?api=1&query=%E3%82%AB%E3%83%A9%E3%83%81%E3%81%AE%E7%A9%BA%20%E5%9F%BC%E7%8E%89%E7%9C%8C%E5%85%AB%E6%BD%AE%E5%B8%82%E4%B8%AD%E5%A4%AE1-7-11%20%E4%B8%89%E6%9C%A8%E3%83%93%E3%83%AB,35.8207774,139.8388286,2024,アジア・エスニック EAST,asia_ethnic_east,発表日：2024年7月23日
INDU,神奈川県横浜市中区元町1-36-2 原ビル 1F,食べログ アジア・エスニック EAST 百名店 2024,https://tabelog.com/kanagawa/A1401/A140105/14078045/,,https://www.google.com/maps/search/?api=1&query=INDU%20%E7%A5%9E%E5%A5%88%E5%B7%9D%E7%9C%8C%E6%A8%AA%E6%B5%9C%E5%B8%82%E4%B8%AD%E5%8C%BA%E5%85%83%E7%94%BA1-36-2%20%E5%8E%9F%E3%83%93%E3%83%AB%201F,35.4408550,139.6505033,2024,アジア・エスニック EAST,asia_ethnic_east,発表日：2024年7月23日
アルカラム,埼玉県八潮市中央1-8-10,食べログ アジア・エスニック EAST 百名店 2024,https://tabelog.com/saitama/A1102/A110205/11021841/,,https://www.google.com/maps/search/?api=1&query=%E3%82%A2%E3%83%AB%E3%82%AB%E3%83%A9%E3%83%A0%20%E5%9F%BC%E7%8E%89%E7%9C%8C%E5%85%AB%E6%BD%AE%E5%B8%82%E4%B8%AD%E5%A4%AE1-8-10,35.8209018,139.8383798,2024,アジア・エスニック EAST,asia_ethnic_east,発表日：2024年7月23日
ペンタイ,神奈川県大和市南林間2-10-17,食べログ アジア・エスニック EAST 百名店 2024,https://tabelog.com/kanagawa/A1407/A140702/14003708/,,https://www.google.com/maps/search/?api=1&query=%E3%83%9A%E3%83%B3%E3%82%BF%E3%82%A4%20%E7%A5%9E%E5%A5%88%E5%B7%9D%E7%9C%8C%E5%A4%A7%E5%92%8C%E5%B8%82%E5%8D%97%E6%9E%97%E9%96%932-10-17,35.4962832,139.4468882,2024,アジア・エスニック EAST,asia_ethnic_east,発表日：2024年7月23日
イーサン食堂,神奈川県大和市南林間2-10-4,食べログ アジア・エスニック EAST 百名店 2024,https://tabelog.com/kanagawa/A1407/A140702/14007814/,https://tabelog.com/kanagawa/A1407/A140702/14007814/?cid=google_yoyaku,https://www.google.com/maps/search/?api=1&query=%E3%82%A4%E3%83%BC%E3%82%B5%E3%83%B3%E9%A3%9F%E5%A0%82%20%E7%A5%9E%E5%A5%88%E5%B7%9D%E7%9C%8C%E5%A4%A7%E5%92%8C%E5%B8%82%E5%8D%97%E6%9E%97%E9%96%932-10-4,35.4961434,139.4467084,2024,アジア・エスニック EAST,asia_ethnic_east,発表日：2024年7月23日
ケララ キッチン 川崎ラ チッタ デッラ店,神奈川県川崎市川崎区小川町4-1 ラチッタデッラ マッジョーレ 1F,食べログ アジア・エスニック EAST 百名店 2024,https://tabelog.com/kanagawa/A1405/A140501/14091934/,https://tabelog.com/kanagawa/A1405/A140501/14091934/?cid=google_yoyaku,https://www.google.com/maps/search/?api=1&query=%E3%82%B1%E3%83%A9%E3%83%A9%20%E3%82%AD%E3%83%83%E3%83%81%E3%83%B3%20%E5%B7%9D%E5%B4%8E%E3%83%A9%20%E3%83%81%E3%83%83%E3%82%BF%20%E3%83%87%E3%83%83%E3%83%A9%E5%BA%97%20%E7%A5%9E%E5%A5%88%E5%B7%9D%E7%9C%8C%E5%B7%9D%E5%B4%8E%E5%B8%82%E5%B7%9D%E5%B4%8E%E5%8C%BA%E5%B0%8F%E5%B7%9D%E7%94%BA4-1%20%E3%83%A9%E3%83%81%E3%83%83%E3%82%BF%E3%83%87%E3%83%83%E3%83%A9%20%E3%83%9E%E3%83%83%E3%82%B8%E3%83%A7%E3%83%BC%E3%83%AC%201F,35.5283736,139.6981495,2024,アジア・エスニック EAST,asia_ethnic_east,発表日：2024年7月23日
カーサ パスカーレ,千葉県柏市藤心3-3-8,食べログ アジア・エスニック EAST 百名店 2024,https://tabelog.com/chiba/A1203/A120301/12049084/,,https://www.google.com/maps/search/?api=1&query=%E3%82%AB%E3%83%BC%E3%82%B5%20%E3%83%91%E3%82%B9%E3%82%AB%E3%83%BC%E3%83%AC%20%E5%8D%83%E8%91%89%E7%9C%8C%E6%9F%8F%E5%B8%82%E8%97%A4%E5%BF%833-3-8,35.8248515,139.9859462,2024,アジア・エスニック EAST,asia_ethnic_east,発表日：2024年7月23日
シナモンガーデン 関内店,神奈川県横浜市中区常盤町3-22-3 徳栄ビル 2F,食べログ アジア・エスニック EAST 百名店 2024,https://tabelog.com/kanagawa/A1401/A140104/14089904/,https://tabelog.com/kanagawa/A1401/A140104/14089904/?cid=google_yoyaku,https://www.google.com/maps/search/?api=1&query=%E3%82%B7%E3%83%8A%E3%83%A2%E3%83%B3%E3%82%AC%E3%83%BC%E3%83%87%E3%83%B3%20%E9%96%A2%E5%86%85%E5%BA%97%20%E7%A5%9E%E5%A5%88%E5%B7%9D%E7%9C%8C%E6%A8%AA%E6%B5%9C%E5%B8%82%E4%B8%AD%E5%8C%BA%E5%B8%B8%E7%9B%A4%E7%94%BA3-22-3%20%E5%BE%B3%E6%A0%84%E3%83%93%E3%83%AB%202F,35.4461226,139.6369087,2024,アジア・エスニック EAST,asia_ethnic_east,発表日：2024年7月23日
マッサマン タイキッチン,神奈川県中郡大磯町大磯1045-6,食べログ アジア・エスニック EAST 百名店 2024,https://tabelog.com/kanagawa/A1404/A140408/14048869/,,https://www.google.com/maps/search/?api=1&query=%E3%83%9E%E3%83%83%E3%82%B5%E3%83%9E%E3%83%B3%20%E3%82%BF%E3%82%A4%E3%82%AD%E3%83%83%E3%83%81%E3%83%B3%20%E7%A5%9E%E5%A5%88%E5%B7%9D%E7%9C%8C%E4%B8%AD%E9%83%A1%E5%A4%A7%E7%A3%AF%E7%94%BA%E5%A4%A7%E7%A3%AF1045-6,35.3105380,139.3162856,2024,アジア・エスニック EAST,asia_ethnic_east,発表日：2024年7月23日
パンジャビ ダバ,神奈川県川崎市中原区小杉町1-519 田原ビル 1F,食べログ アジア・エスニック EAST 百名店 2024,https://tabelog.com/kanagawa/A1405/A140504/14048892/,,https://www.google.com/maps/search/?api=1&query=%E3%83%91%E3%83%B3%E3%82%B8%E3%83%A3%E3%83%93%20%E3%83%80%E3%83%90%20%E7%A5%9E%E5%A5%88%E5%B7%9D%E7%9C%8C%E5%B7%9D%E5%B4%8E%E5%B8%82%E4%B8%AD%E5%8E%9F%E5%8C%BA%E5%B0%8F%E6%9D%89%E7%94%BA1-519%20%E7%94%B0%E5%8E%9F%E3%83%93%E3%83%AB%201F,35.5790456,139.6592125,2024,アジア・エスニック EAST,asia_ethnic_east,発表日：2024年7月23日
マリニ 南インド＆フュージョン,神奈川県川崎市中原区木月1-12-8,食べログ アジア・エスニック EAST 百名店 2024,https://tabelog.com/kanagawa/A1405/A140504/14087289/,https://tabelog.com/kanagawa/A1405/A140504/14087289/?cid=google_yoyaku,https://www.google.com/maps/search/?api=1&query=%E3%83%9E%E3%83%AA%E3%83%8B%20%E5%8D%97%E3%82%A4%E3%83%B3%E3%83%89%EF%BC%86%E3%83%95%E3%83%A5%E3%83%BC%E3%82%B8%E3%83%A7%E3%83%B3%20%E7%A5%9E%E5%A5%88%E5%B7%9D%E7%9C%8C%E5%B7%9D%E5%B4%8E%E5%B8%82%E4%B8%AD%E5%8E%9F%E5%8C%BA%E6%9C%A8%E6%9C%881-12-8,35.5664191,139.6535350,2024,アジア・エスニック EAST,asia_ethnic_east,発表日：2024年7月23日
Spice Drunker やぶや,神奈川県横浜市中区伊勢佐木町1-3-7 沼田ビル 3F,食べログ アジア・エスニック EAST 百名店 2024,https://tabelog.com/kanagawa/A1401/A140104/14082117/,,https://www.google.com/maps/search/?api=1&query=Spice%20Drunker%20%E3%82%84%E3%81%B6%E3%82%84%20%E7%A5%9E%E5%A5%88%E5%B7%9D%E7%9C%8C%E6%A8%AA%E6%B5%9C%E5%B8%82%E4%B8%AD%E5%8C%BA%E4%BC%8A%E5%8B%A2%E4%BD%90%E6%9C%A8%E7%94%BA1-3-7%20%E6%B2%BC%E7%94%B0%E3%83%93%E3%83%AB%203F,35.4451366,139.6333482,2024,アジア・エスニック EAST,asia_ethnic_east,発表日：2024年7月23日
バンタイ,東京都新宿区歌舞伎町1-23-14 第１メトロビル 3Ｆ,食べログ アジア・エスニック TOKYO 百名店 2024,https://tabelog.com/tokyo/A1304/A130401/13000085/,,https://www.google.com/maps/search/?api=1&query=%E3%83%90%E3%83%B3%E3%82%BF%E3%82%A4%20%E6%9D%B1%E4%BA%AC%E9%83%BD%E6%96%B0%E5%AE%BF%E5%8C%BA%E6%AD%8C%E8%88%9E%E4%BC%8E%E7%94%BA1-23-14%20%E7%AC%AC%EF%BC%91%E3%83%A1%E3%83%88%E3%83%AD%E3%83%93%E3%83%AB%203%EF%BC%A6,35.6941765,139.7010048,2024,アジア・エスニック TOKYO,asia_ethnic_tokyo,発表日：2024年7月23日
TOKYO BHAVAN,東京都千代田区飯田橋1-12-7 MSビル,食べログ アジア・エスニック TOKYO 百名店 2024,https://tabelog.com/tokyo/A1309/A130905/13284013/,https://tabelog.com/tokyo/A1309/A130905/13284013/?cid=google_yoyaku,https://www.google.com/maps/search/?api=1&query=TOKYO%20BHAVAN%20%E6%9D%B1%E4%BA%AC%E9%83%BD%E5%8D%83%E4%BB%A3%E7%94%B0%E5%8C%BA%E9%A3%AF%E7%94%B0%E6%A9%8B1-12-7%20MS%E3%83%93%E3%83%AB,35.6989138,139.7485469,2024,アジア・エスニック TOKYO,asia_ethnic_tokyo,発表日：2024年7月23日
サンバレーホテル,東京都世田谷区上馬1-15-10 オリエント三軒茶屋ハウス1F,食べログ アジア・エスニック TOKYO 百名店 2024,https://tabelog.com/tokyo/A1317/A131706/13195313/,,https://www.google.com/maps/search/?api=1&query=%E3%82%B5%E3%83%B3%E3%83%90%E3%83%AC%E3%83%BC%E3%83%9B%E3%83%86%E3%83%AB%20%E6%9D%B1%E4%BA%AC%E9%83%BD%E4%B8%96%E7%94%B0%E8%B0%B7%E5%8C%BA%E4%B8%8A%E9%A6%AC1-15-10%20%E3%82%AA%E3%83%AA%E3%82%A8%E3%83%B3%E3%83%88%E4%B8%89%E8%BB%92%E8%8C%B6%E5%B1%8B%E3%83%8F%E3%82%A6%E3%82%B91F,35.6383819,139.6674203,2024,アジア・エスニック TOKYO,asia_ethnic_tokyo,発表日：2024年7月23日
ネパール民族料理 アーガン,東京都新宿区大久保2-32-3 リスボンビル4F,食べログ アジア・エスニック TOKYO 百名店 2024,https://tabelog.com/tokyo/A1304/A130404/13196997/,https://tabelog.com/tokyo/A1304/A130404/13196997/?cid=google_yoyaku,https://www.google.com/maps/search/?api=1&query=%E3%83%8D%E3%83%91%E3%83%BC%E3%83%AB%E6%B0%91%E6%97%8F%E6%96%99%E7%90%86%20%E3%82%A2%E3%83%BC%E3%82%AC%E3%83%B3%20%E6%9D%B1%E4%BA%AC%E9%83%BD%E6%96%B0%E5%AE%BF%E5%8C%BA%E5%A4%A7%E4%B9%85%E4%BF%9D2-32-3%20%E3%83%AA%E3%82%B9%E3%83%9C%E3%83%B3%E3%83%93%E3%83%AB4F,35.7014784,139.7024782,2024,アジア・エスニック TOKYO,asia_ethnic_tokyo,発表日：2024年7月23日
バンゲラズキッチン,東京都中央区銀座西2-2 銀座インズ2 2F,食べログ アジア・エスニック TOKYO 百名店 2024,https://tabelog.com/tokyo/A1301/A130101/13217211/,https://tabelog.com/tokyo/A1301/A130101/13217211/?cid=google_yoyaku,https://www.google.com/maps/search/?api=1&query=%E3%83%90%E3%83%B3%E3%82%B2%E3%83%A9%E3%82%BA%E3%82%AD%E3%83%83%E3%83%81%E3%83%B3%20%E6%9D%B1%E4%BA%AC%E9%83%BD%E4%B8%AD%E5%A4%AE%E5%8C%BA%E9%8A%80%E5%BA%A7%E8%A5%BF2-2%20%E9%8A%80%E5%BA%A7%E3%82%A4%E3%83%B3%E3%82%BA2%202F,35.6747095,139.7647938,2024,アジア・エスニック TOKYO,asia_ethnic_tokyo,発表日：2024年7月23日
ゼロワンカレーA.o.D,東京都港区三田3-2-9 杉浦ビル 1F,食べログ アジア・エスニック TOKYO 百名店 2024,https://tabelog.com/tokyo/A1314/A131402/13239329/,https://tabelog.com/tokyo/A1314/A131402/13239329/?cid=google_yoyaku,https://www.google.com/maps/search/?api=1&query=%E3%82%BC%E3%83%AD%E3%83%AF%E3%83%B3%E3%82%AB%E3%83%AC%E3%83%BCA.o.D%20%E6%9D%B1%E4%BA%AC%E9%83%BD%E6%B8%AF%E5%8C%BA%E4%B8%89%E7%94%B03-2-9%20%E6%9D%89%E6%B5%A6%E3%83%93%E3%83%AB%201F,35.6474078,139.7433572,2024,アジア・エスニック TOKYO,asia_ethnic_tokyo,発表日：2024年7月23日
バーン・タム,東京都新宿区大久保2-19-1 セントラル大久保ビル B1F,食べログ アジア・エスニック TOKYO 百名店 2024,https://tabelog.com/tokyo/A1304/A130404/13198074/,https://tabelog.com/tokyo/A1304/A130404/13198074/?cid=google_yoyaku,https://www.google.com/maps/search/?api=1&query=%E3%83%90%E3%83%BC%E3%83%B3%E3%83%BB%E3%82%BF%E3%83%A0%20%E6%9D%B1%E4%BA%AC%E9%83%BD%E6%96%B0%E5%AE%BF%E5%8C%BA%E5%A4%A7%E4%B9%85%E4%BF%9D2-19-1%20%E3%82%BB%E3%83%B3%E3%83%88%E3%83%A9%E3%83%AB%E5%A4%A7%E4%B9%85%E4%BF%9D%E3%83%93%E3%83%AB%20B1F,35.7014552,139.7048309,2024,アジア・エスニック TOKYO,asia_ethnic_tokyo,発表日：2024年7月23日
やっぱりインディア,東京都豊島区南大塚3-50-3 運来ビル 2F,食べログ アジア・エスニック TOKYO 百名店 2024,https://tabelog.com/tokyo/A1323/A132302/13207605/,https://tabelog.com/tokyo/A1323/A132302/13207605/?cid=google_yoyaku,https://www.google.com/maps/search/?api=1&query=%E3%82%84%E3%81%A3%E3%81%B1%E3%82%8A%E3%82%A4%E3%83%B3%E3%83%87%E3%82%A3%E3%82%A2%20%E6%9D%B1%E4%BA%AC%E9%83%BD%E8%B1%8A%E5%B3%B6%E5%8C%BA%E5%8D%97%E5%A4%A7%E5%A1%9A3-50-3%20%E9%81%8B%E6%9D%A5%E3%83%93%E3%83%AB%202F,35.7302393,139.7280388,2024,アジア・エスニック TOKYO,asia_ethnic_tokyo,発表日：2024年7月23日
カーン・ケバブ・ビリヤニ,東京都中央区銀座8-8-11 銀座博品館 6F,食べログ アジア・エスニック TOKYO 百名店 2024,https://tabelog.com/tokyo/A1301/A130103/13170211/,https://tabelog.com/tokyo/A1301/A130103/13170211/?cid=google_yoyaku,https://www.google.com/maps/search/?api=1&query=%E3%82%AB%E3%83%BC%E3%83%B3%E3%83%BB%E3%82%B1%E3%83%90%E3%83%96%E3%83%BB%E3%83%93%E3%83%AA%E3%83%A4%E3%83%8B%20%E6%9D%B1%E4%BA%AC%E9%83%BD%E4%B8%AD%E5%A4%AE%E5%8C%BA%E9%8A%80%E5%BA%A78-8-11%20%E9%8A%80%E5%BA%A7%E5%8D%9A%E5%93%81%E9%A4%A8%206F,35.6678862,139.7610078,2024,アジア・エスニック TOKYO,asia_ethnic_tokyo,発表日：2024年7月23日
馬来風光美食,東京都杉並区天沼2-3-7 ＳＡＫＡＩビルディング　Ｂ１Ｆ,食べログ アジア・エスニック TOKYO 百名店 2024,https://tabelog.com/tokyo/A1319/A131906/13005578/,,https://www.google.com/maps/search/?api=1&query=%E9%A6%AC%E6%9D%A5%E9%A2%A8%E5%85%89%E7%BE%8E%E9%A3%9F%20%E6%9D%B1%E4%BA%AC%E9%83%BD%E6%9D%89%E4%B8%A6%E5%8C%BA%E5%A4%A9%E6%B2%BC2-3-7%20%EF%BC%B3%EF%BC%A1%EF%BC%AB%EF%BC%A1%EF%BC%A9%E3%83%93%E3%83%AB%E3%83%87%E3%82%A3%E3%83%B3%E3%82%B0%E3%80%80%EF%BC%A2%EF%BC%91%EF%BC%A6,35.7051596,139.6235809,2024,アジア・エスニック TOKYO,asia_ethnic_tokyo,発表日：2024年7月23日
タンドールバル カマル2号,東京都江東区亀戸6-24-8 ニューハウス亀戸 1F,食べログ アジア・エスニック TOKYO 百名店 2024,https://tabelog.com/tokyo/A1312/A131202/13231356/,,https://www.google.com/maps/search/?api=1&query=%E3%82%BF%E3%83%B3%E3%83%89%E3%83%BC%E3%83%AB%E3%83%90%E3%83%AB%20%E3%82%AB%E3%83%9E%E3%83%AB2%E5%8F%B7%20%E6%9D%B1%E4%BA%AC%E9%83%BD%E6%B1%9F%E6%9D%B1%E5%8C%BA%E4%BA%80%E6%88%B86-24-8%20%E3%83%8B%E3%83%A5%E3%83%BC%E3%83%8F%E3%82%A6%E3%82%B9%E4%BA%80%E6%88%B8%201F,35.6956379,139.8265100,2024,アジア・エスニック TOKYO,asia_ethnic_tokyo,発表日：2024年7月23日
南インド料理 なんどり,東京都荒川区西尾久7-29-9,食べログ アジア・エスニック TOKYO 百名店 2024,https://tabelog.com/tokyo/A1323/A132303/13151371/,,https://www.google.com/maps/search/?api=1&query=%E5%8D%97%E3%82%A4%E3%83%B3%E3%83%89%E6%96%99%E7%90%86%20%E3%81%AA%E3%82%93%E3%81%A9%E3%82%8A%20%E6%9D%B1%E4%BA%AC%E9%83%BD%E8%8D%92%E5%B7%9D%E5%8C%BA%E8%A5%BF%E5%B0%BE%E4%B9%857-29-9,35.7506675,139.7555981,2024,アジア・エスニック TOKYO,asia_ethnic_tokyo,発表日：2024年7月23日
ガラムマサラ,東京都世田谷区経堂1-22-18 タイムポート経堂 2Ｆ,食べログ アジア・エスニック TOKYO 百名店 2024,https://tabelog.com/tokyo/A1318/A131813/13013124/,https://tabelog.com/tokyo/A1318/A131813/13013124/?cid=google_yoyaku,https://www.google.com/maps/search/?api=1&query=%E3%82%AC%E3%83%A9%E3%83%A0%E3%83%9E%E3%82%B5%E3%83%A9%20%E6%9D%B1%E4%BA%AC%E9%83%BD%E4%B8%96%E7%94%B0%E8%B0%B7%E5%8C%BA%E7%B5%8C%E5%A0%821-22-18%20%E3%82%BF%E3%82%A4%E3%83%A0%E3%83%9D%E3%83%BC%E3%83%88%E7%B5%8C%E5%A0%82%202%EF%BC%A6,35.6507761,139.6358102,2024,アジア・エスニック TOKYO,asia_ethnic_tokyo,発表日：2024年7月23日
スパイスバル コザブロ,東京都文京区向丘2-34-8 1F,食べログ アジア・エスニック TOKYO 百名店 2024,https://tabelog.com/tokyo/A1323/A132301/13207647/,https://tabelog.com/tokyo/A1323/A132301/13207647/?cid=google_yoyaku,https://www.google.com/maps/search/?api=1&query=%E3%82%B9%E3%83%91%E3%82%A4%E3%82%B9%E3%83%90%E3%83%AB%20%E3%82%B3%E3%82%B6%E3%83%96%E3%83%AD%20%E6%9D%B1%E4%BA%AC%E9%83%BD%E6%96%87%E4%BA%AC%E5%8C%BA%E5%90%91%E4%B8%982-34-8%201F,35.7240355,139.7563240,2024,アジア・エスニック TOKYO,asia_ethnic_tokyo,発表日：2024年7月23日
赤坂一龍 別館,東京都港区赤坂2-13-17 シントミ赤坂第２ビル １Ｆ,食べログ アジア・エスニック TOKYO 百名店 2024,https://tabelog.com/tokyo/A1308/A130801/13002759/,,https://www.google.com/maps/search/?api=1&query=%E8%B5%A4%E5%9D%82%E4%B8%80%E9%BE%8D%20%E5%88%A5%E9%A4%A8%20%E6%9D%B1%E4%BA%AC%E9%83%BD%E6%B8%AF%E5%8C%BA%E8%B5%A4%E5%9D%822-13-17%20%E3%82%B7%E3%83%B3%E3%83%88%E3%83%9F%E8%B5%A4%E5%9D%82%E7%AC%AC%EF%BC%92%E3%83%93%E3%83%AB%20%EF%BC%91%EF%BC%A6,35.6723483,139.7383040,2024,アジア・エスニック TOKYO,asia_ethnic_tokyo,発表日：2024年7月23日
ラジャ,東京都渋谷区代々木4-2-8 ピースビル　１Ｆ,食べログ アジア・エスニック TOKYO 百名店 2024,https://tabelog.com/tokyo/A1318/A131810/13009199/,,https://www.google.com/maps/search/?api=1&query=%E3%83%A9%E3%82%B8%E3%83%A3%20%E6%9D%B1%E4%BA%AC%E9%83%BD%E6%B8%8B%E8%B0%B7%E5%8C%BA%E4%BB%A3%E3%80%85%E6%9C%A84-2-8%20%E3%83%94%E3%83%BC%E3%82%B9%E3%83%93%E3%83%AB%E3%80%80%EF%BC%91%EF%BC%A6,35.6787430,139.6932901,2024,アジア・エスニック TOKYO,asia_ethnic_tokyo,発表日：2024年7月23日
アジアカレーハウス,東京都墨田区江東橋3-9-24,食べログ アジア・エスニック TOKYO 百名店 2024,https://tabelog.com/tokyo/A1312/A131201/13168072/,,https://www.google.com/maps/search/?api=1&query=%E3%82%A2%E3%82%B8%E3%82%A2%E3%82%AB%E3%83%AC%E3%83%BC%E3%83%8F%E3%82%A6%E3%82%B9%20%E6%9D%B1%E4%BA%AC%E9%83%BD%E5%A2%A8%E7%94%B0%E5%8C%BA%E6%B1%9F%E6%9D%B1%E6%A9%8B3-9-24,35.6945558,139.8136990,2024,アジア・エスニック TOKYO,asia_ethnic_tokyo,発表日：2024年7月23日
マンゴツリー東京,東京都千代田区丸の内2-4-1 丸の内ビルディング 35F,食べログ アジア・エスニック TOKYO 百名店 2024,https://tabelog.com/tokyo/A1302/A130201/13004078/,https://tabelog.com/tokyo/A1302/A130201/13004078/?cid=google_yoyaku,https://www.google.com/maps/search/?api=1&query=%E3%83%9E%E3%83%B3%E3%82%B4%E3%83%84%E3%83%AA%E3%83%BC%E6%9D%B1%E4%BA%AC%20%E6%9D%B1%E4%BA%AC%E9%83%BD%E5%8D%83%E4%BB%A3%E7%94%B0%E5%8C%BA%E4%B8%B8%E3%81%AE%E5%86%852-4-1%20%E4%B8%B8%E3%81%AE%E5%86%85%E3%83%93%E3%83%AB%E3%83%87%E3%82%A3%E3%83%B3%E3%82%B0%2035F,35.6809358,139.7640002,2024,アジア・エスニック TOKYO,asia_ethnic_tokyo,発表日：2024年7月23日
サンサール 小岩店,東京都江戸川区南小岩5-18-16 ニューシャトレー　１０３,食べログ アジア・エスニック TOKYO 百名店 2024,https://tabelog.com/tokyo/A1312/A131204/13009589/,,https://www.google.com/maps/search/?api=1&query=%E3%82%B5%E3%83%B3%E3%82%B5%E3%83%BC%E3%83%AB%20%E5%B0%8F%E5%B2%A9%E5%BA%97%20%E6%9D%B1%E4%BA%AC%E9%83%BD%E6%B1%9F%E6%88%B8%E5%B7%9D%E5%8C%BA%E5%8D%97%E5%B0%8F%E5%B2%A95-18-16%20%E3%83%8B%E3%83%A5%E3%83%BC%E3%82%B7%E3%83%A3%E3%83%88%E3%83%AC%E3%83%BC%E3%80%80%EF%BC%91%EF%BC%90%EF%BC%93,35.7260140,139.8825998,2024,アジア・エスニック TOKYO,asia_ethnic_tokyo,発表日：2024年7月23日
ベンガル料理プージャー,東京都荒川区町屋3-2-1 ライオンズプラザ町屋　Ｂ１Ｆ,食べログ アジア・エスニック TOKYO 百名店 2024,https://tabelog.com/tokyo/A1324/A132401/13036794/,https://tabelog.com/tokyo/A1324/A132401/13036794/?cid=google_yoyaku,https://www.google.com/maps/search/?api=1&query=%E3%83%99%E3%83%B3%E3%82%AC%E3%83%AB%E6%96%99%E7%90%86%E3%83%97%E3%83%BC%E3%82%B8%E3%83%A3%E3%83%BC%20%E6%9D%B1%E4%BA%AC%E9%83%BD%E8%8D%92%E5%B7%9D%E5%8C%BA%E7%94%BA%E5%B1%8B3-2-1%20%E3%83%A9%E3%82%A4%E3%82%AA%E3%83%B3%E3%82%BA%E3%83%97%E3%83%A9%E3%82%B6%E7%94%BA%E5%B1%8B%E3%80%80%EF%BC%A2%EF%BC%91%EF%BC%A6,35.7460317,139.7821701,2024,アジア・エスニック TOKYO,asia_ethnic_tokyo,発表日：2024年7月23日
ケララの風モーニング,東京都大田区山王3-1-10,食べログ アジア・エスニック TOKYO 百名店 2024,https://tabelog.com/tokyo/A1315/A131502/13230241/,,https://www.google.com/maps/search/?api=1&query=%E3%82%B1%E3%83%A9%E3%83%A9%E3%81%AE%E9%A2%A8%E3%83%A2%E3%83%BC%E3%83%8B%E3%83%B3%E3%82%B0%20%E6%9D%B1%E4%BA%AC%E9%83%BD%E5%A4%A7%E7%94%B0%E5%8C%BA%E5%B1%B1%E7%8E%8B3-1-10,35.5854504,139.7255861,2024,アジア・エスニック TOKYO,asia_ethnic_tokyo,発表日：2024年7月23日
HASUO,東京都渋谷区広尾5-10-3 フロストバード広尾 1F,食べログ アジア・エスニック TOKYO 百名店 2024,https://tabelog.com/tokyo/A1307/A130703/13227361/,,https://www.google.com/maps/search/?api=1&query=HASUO%20%E6%9D%B1%E4%BA%AC%E9%83%BD%E6%B8%8B%E8%B0%B7%E5%8C%BA%E5%BA%83%E5%B0%BE5-10-3%20%E3%83%95%E3%83%AD%E3%82%B9%E3%83%88%E3%83%90%E3%83%BC%E3%83%89%E5%BA%83%E5%B0%BE%201F,35.6495046,139.7210556,2024,アジア・エスニック TOKYO,asia_ethnic_tokyo,発表日：2024年7月23日
デリー 銀座店,東京都中央区銀座6-3-11 西銀座ビル 3F,食べログ アジア・エスニック TOKYO 百名店 2024,https://tabelog.com/tokyo/A1301/A130101/13002616/,,https://www.google.com/maps/search/?api=1&query=%E3%83%87%E3%83%AA%E3%83%BC%20%E9%8A%80%E5%BA%A7%E5%BA%97%20%E6%9D%B1%E4%BA%AC%E9%83%BD%E4%B8%AD%E5%A4%AE%E5%8C%BA%E9%8A%80%E5%BA%A76-3-11%20%E8%A5%BF%E9%8A%80%E5%BA%A7%E3%83%93%E3%83%AB%203F,35.6711913,139.7608517,2024,アジア・エスニック TOKYO,asia_ethnic_tokyo,発表日：2024年7月23日
ロス タコス アスーレス,東京都世田谷区上馬1-17-9,食べログ アジア・エスニック TOKYO 百名店 2024,https://tabelog.com/tokyo/A1317/A131706/13227066/,,https://www.google.com/maps/search/?api=1&query=%E3%83%AD%E3%82%B9%20%E3%82%BF%E3%82%B3%E3%82%B9%20%E3%82%A2%E3%82%B9%E3%83%BC%E3%83%AC%E3%82%B9%20%E6%9D%B1%E4%BA%AC%E9%83%BD%E4%B8%96%E7%94%B0%E8%B0%B7%E5%8C%BA%E4%B8%8A%E9%A6%AC1-17-9,35.6383537,139.6681261,2024,アジア・エスニック TOKYO,asia_ethnic_tokyo,発表日：2024年7月23日
インディアンレストラン アールティ,東京都千代田区神田佐久間河岸50 大岩ビル２Ｆ,食べログ アジア・エスニック TOKYO 百名店 2024,https://tabelog.com/tokyo/A1310/A131001/13091984/,,https://www.google.com/maps/search/?api=1&query=%E3%82%A4%E3%83%B3%E3%83%87%E3%82%A3%E3%82%A2%E3%83%B3%E3%83%AC%E3%82%B9%E3%83%88%E3%83%A9%E3%83%B3%20%E3%82%A2%E3%83%BC%E3%83%AB%E3%83%86%E3%82%A3%20%E6%9D%B1%E4%BA%AC%E9%83%BD%E5%8D%83%E4%BB%A3%E7%94%B0%E5%8C%BA%E7%A5%9E%E7%94%B0%E4%BD%90%E4%B9%85%E9%96%93%E6%B2%B3%E5%B2%B850%20%E5%A4%A7%E5%B2%A9%E3%83%93%E3%83%AB%EF%BC%92%EF%BC%A6,35.6971406,139.7761905,2024,アジア・エスニック TOKYO,asia_ethnic_tokyo,発表日：2024年7月23日
ベジキッチン,東京都台東区台東3-44-8,食べログ アジア・エスニック TOKYO 百名店 2024,https://tabelog.com/tokyo/A1311/A131101/13168026/,,https://www.google.com/maps/search/?api=1&query=%E3%83%99%E3%82%B8%E3%82%AD%E3%83%83%E3%83%81%E3%83%B3%20%E6%9D%B1%E4%BA%AC%E9%83%BD%E5%8F%B0%E6%9D%B1%E5%8C%BA%E5%8F%B0%E6%9D%B13-44-8,35.7055733,139.7778411,2024,アジア・エスニック TOKYO,asia_ethnic_tokyo,発表日：2024年7月23日
ADI,東京都目黒区上目黒2-46-7,食べログ アジア・エスニック TOKYO 百名店 2024,https://tabelog.com/tokyo/A1317/A131701/13248455/,,https://www.google.com/maps/search/?api=1&query=ADI%20%E6%9D%B1%E4%BA%AC%E9%83%BD%E7%9B%AE%E9%BB%92%E5%8C%BA%E4%B8%8A%E7%9B%AE%E9%BB%922-46-7,35.6417561,139.6956174,2024,アジア・エスニック TOKYO,asia_ethnic_tokyo,発表日：2024年7月23日
アロマズ オブ インディア,東京都千代田区神田須田町1-21-4 神田NKビル B1F・1F,食べログ アジア・エスニック TOKYO 百名店 2024,https://tabelog.com/tokyo/A1310/A131002/13193476/,,https://www.google.com/maps/search/?api=1&query=%E3%82%A2%E3%83%AD%E3%83%9E%E3%82%BA%20%E3%82%AA%E3%83%96%20%E3%82%A4%E3%83%B3%E3%83%87%E3%82%A3%E3%82%A2%20%E6%9D%B1%E4%BA%AC%E9%83%BD%E5%8D%83%E4%BB%A3%E7%94%B0%E5%8C%BA%E7%A5%9E%E7%94%B0%E9%A0%88%E7%94%B0%E7%94%BA1-21-4%20%E7%A5%9E%E7%94%B0NK%E3%83%93%E3%83%AB%20B1F%E3%83%BB1F,35.6968230,139.7693536,2024,アジア・エスニック TOKYO,asia_ethnic_tokyo,発表日：2024年7月23日
ハリマ・ケバブ・ビリヤニ,東京都台東区東上野3-36-7 1F,食べログ アジア・エスニック TOKYO 百名店 2024,https://tabelog.com/tokyo/A1311/A131101/13168753/,https://tabelog.com/tokyo/A1311/A131101/13168753/?cid=google_yoyaku,https://www.google.com/maps/search/?api=1&query=%E3%83%8F%E3%83%AA%E3%83%9E%E3%83%BB%E3%82%B1%E3%83%90%E3%83%96%E3%83%BB%E3%83%93%E3%83%AA%E3%83%A4%E3%83%8B%20%E6%9D%B1%E4%BA%AC%E9%83%BD%E5%8F%B0%E6%9D%B1%E5%8C%BA%E6%9D%B1%E4%B8%8A%E9%87%8E3-36-7%201F,35.7115775,139.7803381,2024,アジア・エスニック TOKYO,asia_ethnic_tokyo,発表日：2024年7月23日
アーンドラ・ダバ,東京都千代田区内神田3-7-8 サトウハウスビル 2F,食べログ アジア・エスニック TOKYO 百名店 2024,https://tabelog.com/tokyo/A1310/A131002/13199412/,,https://www.google.com/maps/search/?api=1&query=%E3%82%A2%E3%83%BC%E3%83%B3%E3%83%89%E3%83%A9%E3%83%BB%E3%83%80%E3%83%90%20%E6%9D%B1%E4%BA%AC%E9%83%BD%E5%8D%83%E4%BB%A3%E7%94%B0%E5%8C%BA%E5%86%85%E7%A5%9E%E7%94%B03-7-8%20%E3%82%B5%E3%83%88%E3%82%A6%E3%83%8F%E3%82%A6%E3%82%B9%E3%83%93%E3%83%AB%202F,35.6907497,139.7701985,2024,アジア・エスニック TOKYO,asia_ethnic_tokyo,発表日：2024年7月23日
スリマンガラムA/C 祖師ヶ谷大蔵店,東京都世田谷区祖師谷3-33-2 三興ビル B1F,食べログ アジア・エスニック TOKYO 百名店 2024,https://tabelog.com/tokyo/A1318/A131814/13271579/,,https://www.google.com/maps/search/?api=1&query=%E3%82%B9%E3%83%AA%E3%83%9E%E3%83%B3%E3%82%AC%E3%83%A9%E3%83%A0A/C%20%E7%A5%96%E5%B8%AB%E3%83%B6%E8%B0%B7%E5%A4%A7%E8%94%B5%E5%BA%97%20%E6%9D%B1%E4%BA%AC%E9%83%BD%E4%B8%96%E7%94%B0%E8%B0%B7%E5%8C%BA%E7%A5%96%E5%B8%AB%E8%B0%B73-33-2%20%E4%B8%89%E8%88%88%E3%83%93%E3%83%AB%20B1F,35.6437767,139.6084661,2024,アジア・エスニック TOKYO,asia_ethnic_tokyo,発表日：2024年7月23日
初台スパイス食堂 和魂印才たんどーる,東京都新宿区西新宿4-41-10 スカイコート西新宿 １Ｆ,食べログ アジア・エスニック TOKYO 百名店 2024,https://tabelog.com/tokyo/A1318/A131807/13195398/,,https://www.google.com/maps/search/?api=1&query=%E5%88%9D%E5%8F%B0%E3%82%B9%E3%83%91%E3%82%A4%E3%82%B9%E9%A3%9F%E5%A0%82%20%E5%92%8C%E9%AD%82%E5%8D%B0%E6%89%8D%E3%81%9F%E3%82%93%E3%81%A9%E3%83%BC%E3%82%8B%20%E6%9D%B1%E4%BA%AC%E9%83%BD%E6%96%B0%E5%AE%BF%E5%8C%BA%E8%A5%BF%E6%96%B0%E5%AE%BF4-41-10%20%E3%82%B9%E3%82%AB%E3%82%A4%E3%82%B3%E3%83%BC%E3%83%88%E8%A5%BF%E6%96%B0%E5%AE%BF%20%EF%BC%91%EF%BC%A6,35.6846928,139.6854629,2024,アジア・エスニック TOKYO,asia_ethnic_tokyo,発表日：2024年7月23日
アラリヤ ランカ 五反田本店,東京都品川区西五反田2-12-15 五反田リーラハイタウン 1F,食べログ アジア・エスニック TOKYO 百名店 2024,https://tabelog.com/tokyo/A1316/A131603/13245471/,,https://www.google.com/maps/search/?api=1&query=%E3%82%A2%E3%83%A9%E3%83%AA%E3%83%A4%20%E3%83%A9%E3%83%B3%E3%82%AB%20%E4%BA%94%E5%8F%8D%E7%94%B0%E6%9C%AC%E5%BA%97%20%E6%9D%B1%E4%BA%AC%E9%83%BD%E5%93%81%E5%B7%9D%E5%8C%BA%E8%A5%BF%E4%BA%94%E5%8F%8D%E7%94%B02-12-15%20%E4%BA%94%E5%8F%8D%E7%94%B0%E3%83%AA%E3%83%BC%E3%83%A9%E3%83%8F%E3%82%A4%E3%82%BF%E3%82%A6%E3%83%B3%201F,35.6267418,139.7194009,2024,アジア・エスニック TOKYO,asia_ethnic_tokyo,発表日：2024年7月23日
對馬流 南インド系辛口料理店 タリカロ,東京都杉並区西荻南3-15-13 高梨ビル 1F,食べログ アジア・エスニック TOKYO 百名店 2024,https://tabelog.com/tokyo/A1319/A131907/13255518/,,https://www.google.com/maps/search/?api=1&query=%E5%B0%8D%E9%A6%AC%E6%B5%81%20%E5%8D%97%E3%82%A4%E3%83%B3%E3%83%89%E7%B3%BB%E8%BE%9B%E5%8F%A3%E6%96%99%E7%90%86%E5%BA%97%20%E3%82%BF%E3%83%AA%E3%82%AB%E3%83%AD%20%E6%9D%B1%E4%BA%AC%E9%83%BD%E6%9D%89%E4%B8%A6%E5%8C%BA%E8%A5%BF%E8%8D%BB%E5%8D%973-15-13%20%E9%AB%98%E6%A2%A8%E3%83%93%E3%83%AB%201F,35.7036782,139.6017139,2024,アジア・エスニック TOKYO,asia_ethnic_tokyo,発表日：2024年7月23日
グルガオン,東京都中央区銀座1-6-13 銀座１０６ビル　Ｂ１Ｆ,食べログ アジア・エスニック TOKYO 百名店 2024,https://tabelog.com/tokyo/A1301/A130101/13002457/,,https://www.google.com/maps/search/?api=1&query=%E3%82%B0%E3%83%AB%E3%82%AC%E3%82%AA%E3%83%B3%20%E6%9D%B1%E4%BA%AC%E9%83%BD%E4%B8%AD%E5%A4%AE%E5%8C%BA%E9%8A%80%E5%BA%A71-6-13%20%E9%8A%80%E5%BA%A7%EF%BC%91%EF%BC%90%EF%BC%96%E3%83%93%E3%83%AB%E3%80%80%EF%BC%A2%EF%BC%91%EF%BC%A6,35.6745344,139.7673541,2024,アジア・エスニック TOKYO,asia_ethnic_tokyo,発表日：2024年7月23日
アーンドラ・キッチン,東京都台東区上野3-20-2 水野ビル　B1F,食べログ アジア・エスニック TOKYO 百名店 2024,https://tabelog.com/tokyo/A1311/A131101/13096305/,,https://www.google.com/maps/search/?api=1&query=%E3%82%A2%E3%83%BC%E3%83%B3%E3%83%89%E3%83%A9%E3%83%BB%E3%82%AD%E3%83%83%E3%83%81%E3%83%B3%20%E6%9D%B1%E4%BA%AC%E9%83%BD%E5%8F%B0%E6%9D%B1%E5%8C%BA%E4%B8%8A%E9%87%8E3-20-2%20%E6%B0%B4%E9%87%8E%E3%83%93%E3%83%AB%E3%80%80B1F,35.7057340,139.7739310,2024,アジア・エスニック TOKYO,asia_ethnic_tokyo,発表日：2024年7月23日
フォーティントーキョー,東京都豊島区東池袋1-12-14 ハヤカワビル B1F,食べログ アジア・エスニック TOKYO 百名店 2024,https://tabelog.com/tokyo/A1305/A130501/13232077/,,https://www.google.com/maps/search/?api=1&query=%E3%83%95%E3%82%A9%E3%83%BC%E3%83%86%E3%82%A3%E3%83%B3%E3%83%88%E3%83%BC%E3%82%AD%E3%83%A7%E3%83%BC%20%E6%9D%B1%E4%BA%AC%E9%83%BD%E8%B1%8A%E5%B3%B6%E5%8C%BA%E6%9D%B1%E6%B1%A0%E8%A2%8B1-12-14%20%E3%83%8F%E3%83%A4%E3%82%AB%E3%83%AF%E3%83%93%E3%83%AB%20B1F,35.7294122,139.7146179,2024,アジア・エスニック TOKYO,asia_ethnic_tokyo,発表日：2024年7月23日
SEABIRD COLONY 銀座本店,東京都中央区銀座5-4-15 西五ビル 3F,食べログ アジア・エスニック TOKYO 百名店 2024,https://tabelog.com/tokyo/A1301/A130101/13257559/,https://tabelog.com/tokyo/A1301/A130101/13257559/?cid=google_yoyaku,https://www.google.com/maps/search/?api=1&query=SEABIRD%20COLONY%20%E9%8A%80%E5%BA%A7%E6%9C%AC%E5%BA%97%20%E6%9D%B1%E4%BA%AC%E9%83%BD%E4%B8%AD%E5%A4%AE%E5%8C%BA%E9%8A%80%E5%BA%A75-4-15%20%E8%A5%BF%E4%BA%94%E3%83%93%E3%83%AB%203F,35.6716192,139.7629990,2024,アジア・エスニック TOKYO,asia_ethnic_tokyo,発表日：2024年7月23日
プロカンジャンケジャン 赤坂店,東京都港区赤坂3-11-7 ソシアル赤坂ビル２階,食べログ アジア・エスニック TOKYO 百名店 2024,https://tabelog.com/tokyo/A1308/A130801/13110628/,,https://www.google.com/maps/search/?api=1&query=%E3%83%97%E3%83%AD%E3%82%AB%E3%83%B3%E3%82%B8%E3%83%A3%E3%83%B3%E3%82%B1%E3%82%B8%E3%83%A3%E3%83%B3%20%E8%B5%A4%E5%9D%82%E5%BA%97%20%E6%9D%B1%E4%BA%AC%E9%83%BD%E6%B8%AF%E5%8C%BA%E8%B5%A4%E5%9D%823-11-7%20%E3%82%BD%E3%82%B7%E3%82%A2%E3%83%AB%E8%B5%A4%E5%9D%82%E3%83%93%E3%83%AB%EF%BC%92%E9%9A%8E,35.6745811,139.7375493,2024,アジア・エスニック TOKYO,asia_ethnic_tokyo,発表日：2024年7月23日
シバカリーワラ,東京都世田谷区太子堂4-28-6 2F,食べログ アジア・エスニック TOKYO 百名店 2024,https://tabelog.com/tokyo/A1317/A131706/13151738/,,https://www.google.com/maps/search/?api=1&query=%E3%82%B7%E3%83%90%E3%82%AB%E3%83%AA%E3%83%BC%E3%83%AF%E3%83%A9%20%E6%9D%B1%E4%BA%AC%E9%83%BD%E4%B8%96%E7%94%B0%E8%B0%B7%E5%8C%BA%E5%A4%AA%E5%AD%90%E5%A0%824-28-6%202F,35.6459920,139.6698258,2024,アジア・エスニック TOKYO,asia_ethnic_tokyo,発表日：2024年7月23日
コチン ニヴァース,東京都新宿区西新宿5-9-17 1F,食べログ アジア・エスニック TOKYO 百名店 2024,https://tabelog.com/tokyo/A1304/A130401/13056242/,,https://www.google.com/maps/search/?api=1&query=%E3%82%B3%E3%83%81%E3%83%B3%20%E3%83%8B%E3%83%B4%E3%82%A1%E3%83%BC%E3%82%B9%20%E6%9D%B1%E4%BA%AC%E9%83%BD%E6%96%B0%E5%AE%BF%E5%8C%BA%E8%A5%BF%E6%96%B0%E5%AE%BF5-9-17%201F,35.6917487,139.6859176,2024,アジア・エスニック TOKYO,asia_ethnic_tokyo,発表日：2024年7月23日
砂の岬,東京都世田谷区新町2-6-14,食べログ アジア・エスニック TOKYO 百名店 2024,https://tabelog.com/tokyo/A1317/A131707/13120204/,,https://www.google.com/maps/search/?api=1&query=%E7%A0%82%E3%81%AE%E5%B2%AC%20%E6%9D%B1%E4%BA%AC%E9%83%BD%E4%B8%96%E7%94%B0%E8%B0%B7%E5%8C%BA%E6%96%B0%E7%94%BA2-6-14,35.6311327,139.6503995,2024,アジア・エスニック TOKYO,asia_ethnic_tokyo,発表日：2024年7月23日
シモン,東京都港区麻布十番1-5-5 湯建十番ビル,食べログ アジア・エスニック TOKYO 百名店 2024,https://tabelog.com/tokyo/A1307/A130702/13001860/,,https://www.google.com/maps/search/?api=1&query=%E3%82%B7%E3%83%A2%E3%83%B3%20%E6%9D%B1%E4%BA%AC%E9%83%BD%E6%B8%AF%E5%8C%BA%E9%BA%BB%E5%B8%83%E5%8D%81%E7%95%AA1-5-5%20%E6%B9%AF%E5%BB%BA%E5%8D%81%E7%95%AA%E3%83%93%E3%83%AB,35.6573524,139.7329072,2024,アジア・エスニック TOKYO,asia_ethnic_tokyo,発表日：2024年7月23日
アジャンタ,東京都千代田区二番町3-11,食べログ アジア・エスニック TOKYO 百名店 2024,https://tabelog.com/tokyo/A1308/A130803/13000438/,https://tabelog.com/tokyo/A1308/A130803/13000438/?cid=google_yoyaku,https://www.google.com/maps/search/?api=1&query=%E3%82%A2%E3%82%B8%E3%83%A3%E3%83%B3%E3%82%BF%20%E6%9D%B1%E4%BA%AC%E9%83%BD%E5%8D%83%E4%BB%A3%E7%94%B0%E5%8C%BA%E4%BA%8C%E7%95%AA%E7%94%BA3-11,35.6861492,139.7369332,2024,アジア・エスニック TOKYO,asia_ethnic_tokyo,発表日：2024年7月23日
An Di,東京都渋谷区神宮前3-42-12 1F,食べログ アジア・エスニック TOKYO 百名店 2024,https://tabelog.com/tokyo/A1306/A130603/13209346/,https://tabelog.com/tokyo/A1306/A130603/13209346/?cid=google_yoyaku,https://www.google.com/maps/search/?api=1&query=An%20Di%20%E6%9D%B1%E4%BA%AC%E9%83%BD%E6%B8%8B%E8%B0%B7%E5%8C%BA%E7%A5%9E%E5%AE%AE%E5%89%8D3-42-12%201F,35.6719198,139.7139077,2024,アジア・エスニック TOKYO,asia_ethnic_tokyo,発表日：2024年7月23日
サンサール 新宿店,東京都新宿区新宿6-13-8,食べログ アジア・エスニック TOKYO 百名店 2024,https://tabelog.com/tokyo/A1304/A130401/13006805/,,https://www.google.com/maps/search/?api=1&query=%E3%82%B5%E3%83%B3%E3%82%B5%E3%83%BC%E3%83%AB%20%E6%96%B0%E5%AE%BF%E5%BA%97%20%E6%9D%B1%E4%BA%AC%E9%83%BD%E6%96%B0%E5%AE%BF%E5%8C%BA%E6%96%B0%E5%AE%BF6-13-8,35.6949890,139.7085508,2024,アジア・エスニック TOKYO,asia_ethnic_tokyo,発表日：2024年7月23日
西インドスパイス ガヤバジ,東京都台東区西浅草1-6-2,食べログ アジア・エスニック TOKYO 百名店 2024,https://tabelog.com/tokyo/A1311/A131102/13255851/,,https://www.google.com/maps/search/?api=1&query=%E8%A5%BF%E3%82%A4%E3%83%B3%E3%83%89%E3%82%B9%E3%83%91%E3%82%A4%E3%82%B9%20%E3%82%AC%E3%83%A4%E3%83%90%E3%82%B8%20%E6%9D%B1%E4%BA%AC%E9%83%BD%E5%8F%B0%E6%9D%B1%E5%8C%BA%E8%A5%BF%E6%B5%85%E8%8D%891-6-2,35.7108015,139.7904258,2024,アジア・エスニック TOKYO,asia_ethnic_tokyo,発表日：2024年7月23日
ペルー料理 DESTINO51,東京都港区南青山5-4-30 CASA SERENA 1F,食べログ アジア・エスニック TOKYO 百名店 2024,https://tabelog.com/tokyo/A1306/A130602/13248957/,https://tabelog.com/tokyo/A1306/A130602/13248957/?cid=google_yoyaku,https://www.google.com/maps/search/?api=1&query=%E3%83%9A%E3%83%AB%E3%83%BC%E6%96%99%E7%90%86%20DESTINO51%20%E6%9D%B1%E4%BA%AC%E9%83%BD%E6%B8%AF%E5%8C%BA%E5%8D%97%E9%9D%92%E5%B1%B15-4-30%20CASA%20SERENA%201F,35.6616827,139.7141979,2024,アジア・エスニック TOKYO,asia_ethnic_tokyo,発表日：2024年7月23日
三燈舎,東京都千代田区神田小川町3-2 古室ビル 2F,食べログ アジア・エスニック TOKYO 百名店 2024,https://tabelog.com/tokyo/A1310/A131002/13234867/,,https://www.google.com/maps/search/?api=1&query=%E4%B8%89%E7%87%88%E8%88%8E%20%E6%9D%B1%E4%BA%AC%E9%83%BD%E5%8D%83%E4%BB%A3%E7%94%B0%E5%8C%BA%E7%A5%9E%E7%94%B0%E5%B0%8F%E5%B7%9D%E7%94%BA3-2%20%E5%8F%A4%E5%AE%A4%E3%83%93%E3%83%AB%202F,35.6947928,139.7626931,2024,アジア・エスニック TOKYO,asia_ethnic_tokyo,発表日：2024年7月23日
ネパリコ 渋谷店,東京都渋谷区桜丘町30-18 メイサ南平台 １Ｆ,食べログ アジア・エスニック TOKYO 百名店 2024,https://tabelog.com/tokyo/A1303/A130301/13116418/,https://tabelog.com/tokyo/A1303/A130301/13116418/?cid=google_yoyaku,https://www.google.com/maps/search/?api=1&query=%E3%83%8D%E3%83%91%E3%83%AA%E3%82%B3%20%E6%B8%8B%E8%B0%B7%E5%BA%97%20%E6%9D%B1%E4%BA%AC%E9%83%BD%E6%B8%8B%E8%B0%B7%E5%8C%BA%E6%A1%9C%E4%B8%98%E7%94%BA30-18%20%E3%83%A1%E3%82%A4%E3%82%B5%E5%8D%97%E5%B9%B3%E5%8F%B0%20%EF%BC%91%EF%BC%A6,35.6558464,139.6984017,2024,アジア・エスニック TOKYO,asia_ethnic_tokyo,発表日：2024年7月23日
大岩食堂,東京都杉並区西荻南3-24-1,食べログ アジア・エスニック TOKYO 百名店 2024,https://tabelog.com/tokyo/A1319/A131907/13171369/,https://tabelog.com/tokyo/A1319/A131907/13171369/?cid=google_yoyaku,https://www.google.com/maps/search/?api=1&query=%E5%A4%A7%E5%B2%A9%E9%A3%9F%E5%A0%82%20%E6%9D%B1%E4%BA%AC%E9%83%BD%E6%9D%89%E4%B8%A6%E5%8C%BA%E8%A5%BF%E8%8D%BB%E5%8D%973-24-1,35.7038711,139.6022756,2024,アジア・エスニック TOKYO,asia_ethnic_tokyo,発表日：2024年7月23日
エリックサウス 高円寺カレー＆ビリヤニセンター,東京都杉並区高円寺南4-49-1,食べログ アジア・エスニック TOKYO 百名店 2024,https://tabelog.com/tokyo/A1319/A131904/13245273/,,https://www.google.com/maps/search/?api=1&query=%E3%82%A8%E3%83%AA%E3%83%83%E3%82%AF%E3%82%B5%E3%82%A6%E3%82%B9%20%E9%AB%98%E5%86%86%E5%AF%BA%E3%82%AB%E3%83%AC%E3%83%BC%EF%BC%86%E3%83%93%E3%83%AA%E3%83%A4%E3%83%8B%E3%82%BB%E3%83%B3%E3%82%BF%E3%83%BC%20%E6%9D%B1%E4%BA%AC%E9%83%BD%E6%9D%89%E4%B8%A6%E5%8C%BA%E9%AB%98%E5%86%86%E5%AF%BA%E5%8D%974-49-1,35.7053268,139.6515844,2024,アジア・エスニック TOKYO,asia_ethnic_tokyo,発表日：2024年7月23日
バンダラ ランカ,東京都新宿区大京町12-9 アートコンプレックスセンター 1F,食べログ アジア・エスニック TOKYO 百名店 2024,https://tabelog.com/tokyo/A1309/A130903/13227101/,,https://www.google.com/maps/search/?api=1&query=%E3%83%90%E3%83%B3%E3%83%80%E3%83%A9%20%E3%83%A9%E3%83%B3%E3%82%AB%20%E6%9D%B1%E4%BA%AC%E9%83%BD%E6%96%B0%E5%AE%BF%E5%8C%BA%E5%A4%A7%E4%BA%AC%E7%94%BA12-9%20%E3%82%A2%E3%83%BC%E3%83%88%E3%82%B3%E3%83%B3%E3%83%97%E3%83%AC%E3%83%83%E3%82%AF%E3%82%B9%E3%82%BB%E3%83%B3%E3%82%BF%E3%83%BC%201F,35.6843171,139.7179221,2024,アジア・エスニック TOKYO,asia_ethnic_tokyo,発表日：2024年7月23日
タンドールバル カマルプール 木場店,東京都江東区東陽3-20-9 鈴木ビル 1F,食べログ アジア・エスニック TOKYO 百名店 2024,https://tabelog.com/tokyo/A1313/A131303/13128960/,,https://www.google.com/maps/search/?api=1&query=%E3%82%BF%E3%83%B3%E3%83%89%E3%83%BC%E3%83%AB%E3%83%90%E3%83%AB%20%E3%82%AB%E3%83%9E%E3%83%AB%E3%83%97%E3%83%BC%E3%83%AB%20%E6%9C%A8%E5%A0%B4%E5%BA%97%20%E6%9D%B1%E4%BA%AC%E9%83%BD%E6%B1%9F%E6%9D%B1%E5%8C%BA%E6%9D%B1%E9%99%BD3-20-9%20%E9%88%B4%E6%9C%A8%E3%83%93%E3%83%AB%201F,35.6688870,139.8108685,2024,アジア・エスニック TOKYO,asia_ethnic_tokyo,発表日：2024年7月23日
チョンソル,東京都港区赤坂2-13-8 赤坂ロイヤルプラザ102,食べログ アジア・エスニック TOKYO 百名店 2024,https://tabelog.com/tokyo/A1308/A130801/13035074/,,https://www.google.com/maps/search/?api=1&query=%E3%83%81%E3%83%A7%E3%83%B3%E3%82%BD%E3%83%AB%20%E6%9D%B1%E4%BA%AC%E9%83%BD%E6%B8%AF%E5%8C%BA%E8%B5%A4%E5%9D%822-13-8%20%E8%B5%A4%E5%9D%82%E3%83%AD%E3%82%A4%E3%83%A4%E3%83%AB%E3%83%97%E3%83%A9%E3%82%B6102,35.6721419,139.7384450,2024,アジア・エスニック TOKYO,asia_ethnic_tokyo,発表日：2024年7月23日
アンジュナ,東京都日野市高幡3-7 ユニバーサルビル　１Ｆ,食べログ アジア・エスニック TOKYO 百名店 2024,https://tabelog.com/tokyo/A1329/A132903/13006010/,,https://www.google.com/maps/search/?api=1&query=%E3%82%A2%E3%83%B3%E3%82%B8%E3%83%A5%E3%83%8A%20%E6%9D%B1%E4%BA%AC%E9%83%BD%E6%97%A5%E9%87%8E%E5%B8%82%E9%AB%98%E5%B9%A13-7%20%E3%83%A6%E3%83%8B%E3%83%90%E3%83%BC%E3%82%B5%E3%83%AB%E3%83%93%E3%83%AB%E3%80%80%EF%BC%91%EF%BC%A6,35.6622245,139.4123416,2024,アジア・エスニック TOKYO,asia_ethnic_tokyo,発表日：2024年7月23日
マロロガ バワン,東京都中野区新井1-35-12,食べログ アジア・エスニック TOKYO 百名店 2024,https://tabelog.com/tokyo/A1321/A132104/13242332/,,https://www.google.com/maps/search/?api=1&query=%E3%83%9E%E3%83%AD%E3%83%AD%E3%82%AC%20%E3%83%90%E3%83%AF%E3%83%B3%20%E6%9D%B1%E4%BA%AC%E9%83%BD%E4%B8%AD%E9%87%8E%E5%8C%BA%E6%96%B0%E4%BA%951-35-12,35.7130359,139.6680672,2024,アジア・エスニック TOKYO,asia_ethnic_tokyo,発表日：2024年7月23日
メーヤウ,東京都新宿区信濃町21 大門ビル　Ｂ１Ｆ,食べログ アジア・エスニック TOKYO 百名店 2024,https://tabelog.com/tokyo/A1309/A130901/13000930/,,https://www.google.com/maps/search/?api=1&query=%E3%83%A1%E3%83%BC%E3%83%A4%E3%82%A6%20%E6%9D%B1%E4%BA%AC%E9%83%BD%E6%96%B0%E5%AE%BF%E5%8C%BA%E4%BF%A1%E6%BF%83%E7%94%BA21%20%E5%A4%A7%E9%96%80%E3%83%93%E3%83%AB%E3%80%80%EF%BC%A2%EF%BC%91%EF%BC%A6,35.6826442,139.7199022,2024,アジア・エスニック TOKYO,asia_ethnic_tokyo,発表日：2024年7月23日
スパイスボックス,東京都千代田区内神田1-15-12 第二斉木ビル 1F,食べログ アジア・エスニック TOKYO 百名店 2024,https://tabelog.com/tokyo/A1310/A131002/13191118/,https://tabelog.com/tokyo/A1310/A131002/13191118/?cid=google_yoyaku,https://www.google.com/maps/search/?api=1&query=%E3%82%B9%E3%83%91%E3%82%A4%E3%82%B9%E3%83%9C%E3%83%83%E3%82%AF%E3%82%B9%20%E6%9D%B1%E4%BA%AC%E9%83%BD%E5%8D%83%E4%BB%A3%E7%94%B0%E5%8C%BA%E5%86%85%E7%A5%9E%E7%94%B01-15-12%20%E7%AC%AC%E4%BA%8C%E6%96%89%E6%9C%A8%E3%83%93%E3%83%AB%201F,35.6922419,139.7659027,2024,アジア・エスニック TOKYO,asia_ethnic_tokyo,発表日：2024年7月23日
エリックサウス 八重洲店,東京都中央区八重洲2-1 八重洲地下街 中4号 (八重洲地下二番通り),食べログ アジア・エスニック TOKYO 百名店 2024,https://tabelog.com/tokyo/A1302/A130202/13130363/,,https://www.google.com/maps/search/?api=1&query=%E3%82%A8%E3%83%AA%E3%83%83%E3%82%AF%E3%82%B5%E3%82%A6%E3%82%B9%20%E5%85%AB%E9%87%8D%E6%B4%B2%E5%BA%97%20%E6%9D%B1%E4%BA%AC%E9%83%BD%E4%B8%AD%E5%A4%AE%E5%8C%BA%E5%85%AB%E9%87%8D%E6%B4%B22-1%20%E5%85%AB%E9%87%8D%E6%B4%B2%E5%9C%B0%E4%B8%8B%E8%A1%97%20%E4%B8%AD4%E5%8F%B7%20%28%E5%85%AB%E9%87%8D%E6%B4%B2%E5%9C%B0%E4%B8%8B%E4%BA%8C%E7%95%AA%E9%80%9A%E3%82%8A%29,35.6794949,139.7708522,2024,アジア・エスニック TOKYO,asia_ethnic_tokyo,発表日：2024年7月23日
ラヒ パンジャービー･キッチン,東京都杉並区西荻南3-15-17 2F,食べログ アジア・エスニック TOKYO 百名店 2024,https://tabelog.com/tokyo/A1319/A131907/13051190/,,https://www.google.com/maps/search/?api=1&query=%E3%83%A9%E3%83%92%20%E3%83%91%E3%83%B3%E3%82%B8%E3%83%A3%E3%83%BC%E3%83%93%E3%83%BC%EF%BD%A5%E3%82%AD%E3%83%83%E3%83%81%E3%83%B3%20%E6%9D%B1%E4%BA%AC%E9%83%BD%E6%9D%89%E4%B8%A6%E5%8C%BA%E8%A5%BF%E8%8D%BB%E5%8D%973-15-17%202F,35.7031711,139.6016452,2024,アジア・エスニック TOKYO,asia_ethnic_tokyo,発表日：2024年7月23日
カリ～ アンド スパイスバル カリ～ビト,東京都千代田区飯田橋3-2-6 フィルパーク飯田橋 1F,食べログ アジア・エスニック TOKYO 百名店 2024,https://tabelog.com/tokyo/A1309/A130905/13186472/,,https://www.google.com/maps/search/?api=1&query=%E3%82%AB%E3%83%AA%EF%BD%9E%20%E3%82%A2%E3%83%B3%E3%83%89%20%E3%82%B9%E3%83%91%E3%82%A4%E3%82%B9%E3%83%90%E3%83%AB%20%E3%82%AB%E3%83%AA%EF%BD%9E%E3%83%93%E3%83%88%20%E6%9D%B1%E4%BA%AC%E9%83%BD%E5%8D%83%E4%BB%A3%E7%94%B0%E5%8C%BA%E9%A3%AF%E7%94%B0%E6%A9%8B3-2-6%20%E3%83%95%E3%82%A3%E3%83%AB%E3%83%91%E3%83%BC%E3%82%AF%E9%A3%AF%E7%94%B0%E6%A9%8B%201F,35.7008248,139.7482764,2024,アジア・エスニック TOKYO,asia_ethnic_tokyo,発表日：2024年7月23日
ミ・レイ,東京都大田区蒲田5-1-4 関根ビル　２Ｆ,食べログ アジア・エスニック TOKYO 百名店 2024,https://tabelog.com/tokyo/A1315/A131503/13003307/,,https://www.google.com/maps/search/?api=1&query=%E3%83%9F%E3%83%BB%E3%83%AC%E3%82%A4%20%E6%9D%B1%E4%BA%AC%E9%83%BD%E5%A4%A7%E7%94%B0%E5%8C%BA%E8%92%B2%E7%94%B05-1-4%20%E9%96%A2%E6%A0%B9%E3%83%93%E3%83%AB%E3%80%80%EF%BC%92%EF%BC%A6,35.5642046,139.7170310,2024,アジア・エスニック TOKYO,asia_ethnic_tokyo,発表日：2024年7月23日
はすの里 新御徒町本店,東京都台東区台東4-3-1,食べログ アジア・エスニック TOKYO 百名店 2024,https://tabelog.com/tokyo/A1311/A131101/13181146/,https://tabelog.com/tokyo/A1311/A131101/13181146/?cid=google_yoyaku,https://www.google.com/maps/search/?api=1&query=%E3%81%AF%E3%81%99%E3%81%AE%E9%87%8C%20%E6%96%B0%E5%BE%A1%E5%BE%92%E7%94%BA%E6%9C%AC%E5%BA%97%20%E6%9D%B1%E4%BA%AC%E9%83%BD%E5%8F%B0%E6%9D%B1%E5%8C%BA%E5%8F%B0%E6%9D%B14-3-1,35.7056540,139.7796396,2024,アジア・エスニック TOKYO,asia_ethnic_tokyo,発表日：2024年7月23日
ナンディニ 虎ノ門店,東京都港区西新橋2-22-1 ル・グラシエルBLDG4 1F,食べログ アジア・エスニック TOKYO 百名店 2024,https://tabelog.com/tokyo/A1301/A130103/13206264/,,https://www.google.com/maps/search/?api=1&query=%E3%83%8A%E3%83%B3%E3%83%87%E3%82%A3%E3%83%8B%20%E8%99%8E%E3%83%8E%E9%96%80%E5%BA%97%20%E6%9D%B1%E4%BA%AC%E9%83%BD%E6%B8%AF%E5%8C%BA%E8%A5%BF%E6%96%B0%E6%A9%8B2-22-1%20%E3%83%AB%E3%83%BB%E3%82%B0%E3%83%A9%E3%82%B7%E3%82%A8%E3%83%ABBLDG4%201F,35.6656850,139.7526908,2024,アジア・エスニック TOKYO,asia_ethnic_tokyo,発表日：2024年7月23日
ニルヴァーナ ニューヨーク,東京都港区赤坂9-7-4 東京ミッドタウン ガレリア ガーデンテラス 1F,食べログ アジア・エスニック TOKYO 百名店 2024,https://tabelog.com/tokyo/A1307/A130701/13037327/,https://tabelog.com/tokyo/A1307/A130701/13037327/?cid=google_yoyaku,https://www.google.com/maps/search/?api=1&query=%E3%83%8B%E3%83%AB%E3%83%B4%E3%82%A1%E3%83%BC%E3%83%8A%20%E3%83%8B%E3%83%A5%E3%83%BC%E3%83%A8%E3%83%BC%E3%82%AF%20%E6%9D%B1%E4%BA%AC%E9%83%BD%E6%B8%AF%E5%8C%BA%E8%B5%A4%E5%9D%829-7-4%20%E6%9D%B1%E4%BA%AC%E3%83%9F%E3%83%83%E3%83%89%E3%82%BF%E3%82%A6%E3%83%B3%20%E3%82%AC%E3%83%AC%E3%83%AA%E3%82%A2%20%E3%82%AC%E3%83%BC%E3%83%87%E3%83%B3%E3%83%86%E3%83%A9%E3%82%B9%201F,35.6668099,139.7308129,2024,アジア・エスニック TOKYO,asia_ethnic_tokyo,発表日：2024年7月23日
シターラ 青山店,東京都港区南青山5-7-17 小原流会館 B1F,食べログ アジア・エスニック TOKYO 百名店 2024,https://tabelog.com/tokyo/A1306/A130602/13009705/,,https://www.google.com/maps/search/?api=1&query=%E3%82%B7%E3%82%BF%E3%83%BC%E3%83%A9%20%E9%9D%92%E5%B1%B1%E5%BA%97%20%E6%9D%B1%E4%BA%AC%E9%83%BD%E6%B8%AF%E5%8C%BA%E5%8D%97%E9%9D%92%E5%B1%B15-7-17%20%E5%B0%8F%E5%8E%9F%E6%B5%81%E4%BC%9A%E9%A4%A8%20B1F,35.6623114,139.7128530,2024,アジア・エスニック TOKYO,asia_ethnic_tokyo,発表日：2024年7月23日
ペルー料理 bepocah,東京都渋谷区神宮前2-17-6,食べログ アジア・エスニック TOKYO 百名店 2024,https://tabelog.com/tokyo/A1306/A130601/13153983/,,https://www.google.com/maps/search/?api=1&query=%E3%83%9A%E3%83%AB%E3%83%BC%E6%96%99%E7%90%86%20bepocah%20%E6%9D%B1%E4%BA%AC%E9%83%BD%E6%B8%8B%E8%B0%B7%E5%8C%BA%E7%A5%9E%E5%AE%AE%E5%89%8D2-17-6,35.6725365,139.7101427,2024,アジア・エスニック TOKYO,asia_ethnic_tokyo,発表日：2024年7月23日
シルクロード,東京都荒川区西日暮里4-23-1,食べログ アジア・エスニック TOKYO 百名店 2024,https://tabelog.com/tokyo/A1311/A131105/13204354/,,https://www.google.com/maps/search/?api=1&query=%E3%82%B7%E3%83%AB%E3%82%AF%E3%83%AD%E3%83%BC%E3%83%89%20%E6%9D%B1%E4%BA%AC%E9%83%BD%E8%8D%92%E5%B7%9D%E5%8C%BA%E8%A5%BF%E6%97%A5%E6%9A%AE%E9%87%8C4-23-1,35.7311559,139.7641370,2024,アジア・エスニック TOKYO,asia_ethnic_tokyo,発表日：2024年7月23日
エリックサウス 東京ガーデンテラス店,東京都千代田区紀尾井町1-3 東京ガーデンテラス紀尾井町 2F,食べログ アジア・エスニック TOKYO 百名店 2024,https://tabelog.com/tokyo/A1308/A130801/13195343/,https://tabelog.com/tokyo/A1308/A130801/13195343/?cid=google_yoyaku,https://www.google.com/maps/search/?api=1&query=%E3%82%A8%E3%83%AA%E3%83%83%E3%82%AF%E3%82%B5%E3%82%A6%E3%82%B9%20%E6%9D%B1%E4%BA%AC%E3%82%AC%E3%83%BC%E3%83%87%E3%83%B3%E3%83%86%E3%83%A9%E3%82%B9%E5%BA%97%20%E6%9D%B1%E4%BA%AC%E9%83%BD%E5%8D%83%E4%BB%A3%E7%94%B0%E5%8C%BA%E7%B4%80%E5%B0%BE%E4%BA%95%E7%94%BA1-3%20%E6%9D%B1%E4%BA%AC%E3%82%AC%E3%83%BC%E3%83%87%E3%83%B3%E3%83%86%E3%83%A9%E3%82%B9%E7%B4%80%E5%B0%BE%E4%BA%95%E7%94%BA%202F,35.6793472,139.7375010,2024,アジア・エスニック TOKYO,asia_ethnic_tokyo,発表日：2024年7月23日
Curry&Spice青い鳥,東京都渋谷区幡ヶ谷2-47-12 2F,食べログ アジア・エスニック TOKYO 百名店 2024,https://tabelog.com/tokyo/A1318/A131807/13190512/,,https://www.google.com/maps/search/?api=1&query=Curry%26Spice%E9%9D%92%E3%81%84%E9%B3%A5%20%E6%9D%B1%E4%BA%AC%E9%83%BD%E6%B8%8B%E8%B0%B7%E5%8C%BA%E5%B9%A1%E3%83%B6%E8%B0%B72-47-12%202F,35.6792314,139.6770991,2024,アジア・エスニック TOKYO,asia_ethnic_tokyo,発表日：2024年7月23日
アチャラナータ,東京都中野区中野2-27-14 丸萬ビル 3F,食べログ アジア・エスニック TOKYO 百名店 2024,https://tabelog.com/tokyo/A1319/A131902/13156154/,https://tabelog.com/tokyo/A1319/A131902/13156154/?cid=google_yoyaku,https://www.google.com/maps/search/?api=1&query=%E3%82%A2%E3%83%81%E3%83%A3%E3%83%A9%E3%83%8A%E3%83%BC%E3%82%BF%20%E6%9D%B1%E4%BA%AC%E9%83%BD%E4%B8%AD%E9%87%8E%E5%8C%BA%E4%B8%AD%E9%87%8E2-27-14%20%E4%B8%B8%E8%90%AC%E3%83%93%E3%83%AB%203F,35.7038365,139.6660002,2024,アジア・エスニック TOKYO,asia_ethnic_tokyo,発表日：2024年7月23日
HOPPERS,東京都中央区日本橋兜町7-1 KABUTO ONE 1F,食べログ アジア・エスニック TOKYO 百名店 2024,https://tabelog.com/tokyo/A1302/A130203/13266235/,,https://www.google.com/maps/search/?api=1&query=HOPPERS%20%E6%9D%B1%E4%BA%AC%E9%83%BD%E4%B8%AD%E5%A4%AE%E5%8C%BA%E6%97%A5%E6%9C%AC%E6%A9%8B%E5%85%9C%E7%94%BA7-1%20KABUTO%20ONE%201F,35.6812143,139.7781568,2024,アジア・エスニック TOKYO,asia_ethnic_tokyo,発表日：2024年7月23日
カッチャル バッチャル,東京都豊島区南大塚3-2-10 林ビル 2F,食べログ アジア・エスニック TOKYO 百名店 2024,https://tabelog.com/tokyo/A1323/A132302/13120294/,,https://www.google.com/maps/search/?api=1&query=%E3%82%AB%E3%83%83%E3%83%81%E3%83%A3%E3%83%AB%20%E3%83%90%E3%83%83%E3%83%81%E3%83%A3%E3%83%AB%20%E6%9D%B1%E4%BA%AC%E9%83%BD%E8%B1%8A%E5%B3%B6%E5%8C%BA%E5%8D%97%E5%A4%A7%E5%A1%9A3-2-10%20%E6%9E%97%E3%83%93%E3%83%AB%202F,35.7273182,139.7294771,2024,アジア・エスニック TOKYO,asia_ethnic_tokyo,発表日：2024年7月23日
ナイルレストラン,東京都中央区銀座4-10-7,食べログ アジア・エスニック TOKYO 百名店 2024,https://tabelog.com/tokyo/A1301/A130101/13002329/,,https://www.google.com/maps/search/?api=1&query=%E3%83%8A%E3%82%A4%E3%83%AB%E3%83%AC%E3%82%B9%E3%83%88%E3%83%A9%E3%83%B3%20%E6%9D%B1%E4%BA%AC%E9%83%BD%E4%B8%AD%E5%A4%AE%E5%8C%BA%E9%8A%80%E5%BA%A74-10-7,35.6701124,139.7671955,2024,アジア・エスニック TOKYO,asia_ethnic_tokyo,発表日：2024年7月23日
OLD NEPAL TOKYO,東京都世田谷区豪徳寺1-42-11,食べログ アジア・エスニック TOKYO 百名店 2024,https://tabelog.com/tokyo/A1318/A131813/13248272/,,https://www.google.com/maps/search/?api=1&query=OLD%20NEPAL%20TOKYO%20%E6%9D%B1%E4%BA%AC%E9%83%BD%E4%B8%96%E7%94%B0%E8%B0%B7%E5%8C%BA%E8%B1%AA%E5%BE%B3%E5%AF%BA1-42-11,35.6547080,139.6478525,2024,アジア・エスニック TOKYO,asia_ethnic_tokyo,発表日：2024年7月23日
スパイスバザール アチャカナ,東京都新宿区西新宿7-12-23 松沢ビル 3F,食べログ アジア・エスニック TOKYO 百名店 2024,https://tabelog.com/tokyo/A1304/A130401/13233798/,,https://www.google.com/maps/search/?api=1&query=%E3%82%B9%E3%83%91%E3%82%A4%E3%82%B9%E3%83%90%E3%82%B6%E3%83%BC%E3%83%AB%20%E3%82%A2%E3%83%81%E3%83%A3%E3%82%AB%E3%83%8A%20%E6%9D%B1%E4%BA%AC%E9%83%BD%E6%96%B0%E5%AE%BF%E5%8C%BA%E8%A5%BF%E6%96%B0%E5%AE%BF7-12-23%20%E6%9D%BE%E6%B2%A2%E3%83%93%E3%83%AB%203F,35.6938811,139.6970186,2024,アジア・エスニック TOKYO,asia_ethnic_tokyo,発表日：2024年7月23日
南印度ダイニング ポンディバワン 武蔵新田,東京都大田区矢口1-7-9,食べログ アジア・エスニック TOKYO 百名店 2024,https://tabelog.com/tokyo/A1317/A131716/13105113/,,https://www.google.com/maps/search/?api=1&query=%E5%8D%97%E5%8D%B0%E5%BA%A6%E3%83%80%E3%82%A4%E3%83%8B%E3%83%B3%E3%82%B0%20%E3%83%9D%E3%83%B3%E3%83%87%E3%82%A3%E3%83%90%E3%83%AF%E3%83%B3%20%E6%AD%A6%E8%94%B5%E6%96%B0%E7%94%B0%20%E6%9D%B1%E4%BA%AC%E9%83%BD%E5%A4%A7%E7%94%B0%E5%8C%BA%E7%9F%A2%E5%8F%A31-7-9,35.5690143,139.6919236,2024,アジア・エスニック TOKYO,asia_ethnic_tokyo,発表日：2024年7月23日
ロス・バルバドス,東京都渋谷区宇田川町41-26 パピエビル１０４,食べログ アジア・エスニック TOKYO 百名店 2024,https://tabelog.com/tokyo/A1303/A130301/13111493/,,https://www.google.com/maps/search/?api=1&query=%E3%83%AD%E3%82%B9%E3%83%BB%E3%83%90%E3%83%AB%E3%83%90%E3%83%89%E3%82%B9%20%E6%9D%B1%E4%BA%AC%E9%83%BD%E6%B8%8B%E8%B0%B7%E5%8C%BA%E5%AE%87%E7%94%B0%E5%B7%9D%E7%94%BA41-26%20%E3%83%91%E3%83%94%E3%82%A8%E3%83%93%E3%83%AB%EF%BC%91%EF%BC%90%EF%BC%94,35.6627358,139.6954346,2024,アジア・エスニック TOKYO,asia_ethnic_tokyo,発表日：2024年7月23日
Indian Street Food & Bar GOND,東京都千代田区神田駿河台3-5-15 荒井ビル 1F,食べログ アジア・エスニック TOKYO 百名店 2024,https://tabelog.com/tokyo/A1310/A131002/13284903/,,https://www.google.com/maps/search/?api=1&query=Indian%20Street%20Food%20%26%20Bar%20GOND%20%E6%9D%B1%E4%BA%AC%E9%83%BD%E5%8D%83%E4%BB%A3%E7%94%B0%E5%8C%BA%E7%A5%9E%E7%94%B0%E9%A7%BF%E6%B2%B3%E5%8F%B03-5-15%20%E8%8D%92%E4%BA%95%E3%83%93%E3%83%AB%201F,35.6960959,139.7639571,2024,アジア・エスニック TOKYO,asia_ethnic_tokyo,発表日：2024年7月23日
ブルガズ アダ,東京都港区麻布十番3-7-4 麻布六堂　３Ｆ,食べログ アジア・エスニック TOKYO 百名店 2024,https://tabelog.com/tokyo/A1307/A130702/13055381/,https://tabelog.com/tokyo/A1307/A130702/13055381/?cid=google_yoyaku,https://www.google.com/maps/search/?api=1&query=%E3%83%96%E3%83%AB%E3%82%AC%E3%82%BA%20%E3%82%A2%E3%83%80%20%E6%9D%B1%E4%BA%AC%E9%83%BD%E6%B8%AF%E5%8C%BA%E9%BA%BB%E5%B8%83%E5%8D%81%E7%95%AA3-7-4%20%E9%BA%BB%E5%B8%83%E5%85%AD%E5%A0%82%E3%80%80%EF%BC%93%EF%BC%A6,35.6537385,139.7350318,2024,アジア・エスニック TOKYO,asia_ethnic_tokyo,発表日：2024年7月23日
韓灯,東京都中央区月島2-8-12 AS ONE月島 B1F,食べログ アジア・エスニック TOKYO 百名店 2024,https://tabelog.com/tokyo/A1313/A131302/13019721/,,https://www.google.com/maps/search/?api=1&query=%E9%9F%93%E7%81%AF%20%E6%9D%B1%E4%BA%AC%E9%83%BD%E4%B8%AD%E5%A4%AE%E5%8C%BA%E6%9C%88%E5%B3%B62-8-12%20AS%20ONE%E6%9C%88%E5%B3%B6%20B1F,35.6633476,139.7847009,2024,アジア・エスニック TOKYO,asia_ethnic_tokyo,発表日：2024年7月23日
エリックサウスマサラダイナー,東京都渋谷区神宮前6-19-17 GEMS神宮前 5F,食べログ アジア・エスニック TOKYO 百名店 2024,https://tabelog.com/tokyo/A1303/A130301/13220984/,,https://www.google.com/maps/search/?api=1&query=%E3%82%A8%E3%83%AA%E3%83%83%E3%82%AF%E3%82%B5%E3%82%A6%E3%82%B9%E3%83%9E%E3%82%B5%E3%83%A9%E3%83%80%E3%82%A4%E3%83%8A%E3%83%BC%20%E6%9D%B1%E4%BA%AC%E9%83%BD%E6%B8%8B%E8%B0%B7%E5%8C%BA%E7%A5%9E%E5%AE%AE%E5%89%8D6-19-17%20GEMS%E7%A5%9E%E5%AE%AE%E5%89%8D%205F,35.6637720,139.7023839,2024,アジア・エスニック TOKYO,asia_ethnic_tokyo,発表日：2024年7月23日
タイ料理 ミャオミャオ,東京都渋谷区幡ヶ谷2-1-4 SYLA HATAGAYA 2F,食べログ アジア・エスニック TOKYO 百名店 2024,https://tabelog.com/tokyo/A1318/A131807/13267611/,,https://www.google.com/maps/search/?api=1&query=%E3%82%BF%E3%82%A4%E6%96%99%E7%90%86%20%E3%83%9F%E3%83%A3%E3%82%AA%E3%83%9F%E3%83%A3%E3%82%AA%20%E6%9D%B1%E4%BA%AC%E9%83%BD%E6%B8%8B%E8%B0%B7%E5%8C%BA%E5%B9%A1%E3%83%B6%E8%B0%B72-1-4%20SYLA%20HATAGAYA%202F,35.6779597,139.6785532,2024,アジア・エスニック TOKYO,asia_ethnic_tokyo,発表日：2024年7月23日
インド料理 想いの木,東京都新宿区神楽坂5-22 KS神楽坂　 2F,食べログ アジア・エスニック TOKYO 百名店 2024,https://tabelog.com/tokyo/A1309/A130905/13023967/,https://tabelog.com/tokyo/A1309/A130905/13023967/?cid=google_yoyaku,https://www.google.com/maps/search/?api=1&query=%E3%82%A4%E3%83%B3%E3%83%89%E6%96%99%E7%90%86%20%E6%83%B3%E3%81%84%E3%81%AE%E6%9C%A8%20%E6%9D%B1%E4%BA%AC%E9%83%BD%E6%96%B0%E5%AE%BF%E5%8C%BA%E7%A5%9E%E6%A5%BD%E5%9D%825-22%20KS%E7%A5%9E%E6%A5%BD%E5%9D%82%E3%80%80%202F,35.7023077,139.7378230,2024,アジア・エスニック TOKYO,asia_ethnic_tokyo,発表日：2024年7月23日
エリックサウス 虎ノ門ヒルズ店,東京都港区虎ノ門1-17-1 虎ノ門ヒルズ ビジネスタワー B1F,食べログ アジア・エスニック TOKYO 百名店 2024,https://tabelog.com/tokyo/A1308/A130802/13247575/,https://tabelog.com/tokyo/A1308/A130802/13247575/?cid=google_yoyaku,https://www.google.com/maps/search/?api=1&query=%E3%82%A8%E3%83%AA%E3%83%83%E3%82%AF%E3%82%B5%E3%82%A6%E3%82%B9%20%E8%99%8E%E3%83%8E%E9%96%80%E3%83%92%E3%83%AB%E3%82%BA%E5%BA%97%20%E6%9D%B1%E4%BA%AC%E9%83%BD%E6%B8%AF%E5%8C%BA%E8%99%8E%E3%83%8E%E9%96%801-17-1%20%E8%99%8E%E3%83%8E%E9%96%80%E3%83%92%E3%83%AB%E3%82%BA%20%E3%83%93%E3%82%B8%E3%83%8D%E3%82%B9%E3%82%BF%E3%83%AF%E3%83%BC%20B1F,35.6678067,139.7497345,2024,アジア・エスニック TOKYO,asia_ethnic_tokyo,発表日：2024年7月23日
アーンドラ・ダイニング 銀座,東京都中央区銀座1-8-2 銀座プルミエビル２Ｆ,食べログ アジア・エスニック TOKYO 百名店 2024,https://tabelog.com/tokyo/A1301/A130101/13136701/,,https://www.google.com/maps/search/?api=1&query=%E3%82%A2%E3%83%BC%E3%83%B3%E3%83%89%E3%83%A9%E3%83%BB%E3%83%80%E3%82%A4%E3%83%8B%E3%83%B3%E3%82%B0%20%E9%8A%80%E5%BA%A7%20%E6%9D%B1%E4%BA%AC%E9%83%BD%E4%B8%AD%E5%A4%AE%E5%8C%BA%E9%8A%80%E5%BA%A71-8-2%20%E9%8A%80%E5%BA%A7%E3%83%97%E3%83%AB%E3%83%9F%E3%82%A8%E3%83%93%E3%83%AB%EF%BC%92%EF%BC%A6,35.6745331,139.7690300,2024,アジア・エスニック TOKYO,asia_ethnic_tokyo,発表日：2024年7月23日
タイ料理 みもっと,東京都目黒区目黒1-24-7,食べログ アジア・エスニック TOKYO 百名店 2024,https://tabelog.com/tokyo/A1316/A131601/13238530/,https://tabelog.com/tokyo/A1316/A131601/13238530/?cid=google_yoyaku,https://www.google.com/maps/search/?api=1&query=%E3%82%BF%E3%82%A4%E6%96%99%E7%90%86%20%E3%81%BF%E3%82%82%E3%81%A3%E3%81%A8%20%E6%9D%B1%E4%BA%AC%E9%83%BD%E7%9B%AE%E9%BB%92%E5%8C%BA%E7%9B%AE%E9%BB%921-24-7,35.6352056,139.7099944,2024,アジア・エスニック TOKYO,asia_ethnic_tokyo,発表日：2024年7月23日
ベトナムちゃん,東京都新宿区百人町1-19-17,食べログ アジア・エスニック TOKYO 百名店 2024,https://tabelog.com/tokyo/A1304/A130404/13122530/,,https://www.google.com/maps/search/?api=1&query=%E3%83%99%E3%83%88%E3%83%8A%E3%83%A0%E3%81%A1%E3%82%83%E3%82%93%20%E6%9D%B1%E4%BA%AC%E9%83%BD%E6%96%B0%E5%AE%BF%E5%8C%BA%E7%99%BE%E4%BA%BA%E7%94%BA1-19-17,35.7015063,139.6963898,2024,アジア・エスニック TOKYO,asia_ethnic_tokyo,発表日：2024年7月23日
李南河 代官山店,東京都渋谷区代官山町20-20 モンシェリー代官山 B1F,食べログ アジア・エスニック TOKYO 百名店 2024,https://tabelog.com/tokyo/A1303/A130303/13004636/,,https://www.google.com/maps/search/?api=1&query=%E6%9D%8E%E5%8D%97%E6%B2%B3%20%E4%BB%A3%E5%AE%98%E5%B1%B1%E5%BA%97%20%E6%9D%B1%E4%BA%AC%E9%83%BD%E6%B8%8B%E8%B0%B7%E5%8C%BA%E4%BB%A3%E5%AE%98%E5%B1%B1%E7%94%BA20-20%20%E3%83%A2%E3%83%B3%E3%82%B7%E3%82%A7%E3%83%AA%E3%83%BC%E4%BB%A3%E5%AE%98%E5%B1%B1%20B1F,35.6480693,139.7022894,2024,アジア・エスニック TOKYO,asia_ethnic_tokyo,発表日：2024年7月23日
スパイスバル猫六,東京都墨田区東向島2-14-2,食べログ アジア・エスニック TOKYO 百名店 2024,https://tabelog.com/tokyo/A1312/A131203/13167391/,,https://www.google.com/maps/search/?api=1&query=%E3%82%B9%E3%83%91%E3%82%A4%E3%82%B9%E3%83%90%E3%83%AB%E7%8C%AB%E5%85%AD%20%E6%9D%B1%E4%BA%AC%E9%83%BD%E5%A2%A8%E7%94%B0%E5%8C%BA%E6%9D%B1%E5%90%91%E5%B3%B62-14-2,35.7176064,139.8160066,2024,アジア・エスニック TOKYO,asia_ethnic_tokyo,発表日：2024年7月23日
すぱいす暮らし,東京都目黒区鷹番2-20-14,食べログ アジア・エスニック TOKYO 百名店 2024,https://tabelog.com/tokyo/A1317/A131702/13195314/,,https://www.google.com/maps/search/?api=1&query=%E3%81%99%E3%81%B1%E3%81%84%E3%81%99%E6%9A%AE%E3%82%89%E3%81%97%20%E6%9D%B1%E4%BA%AC%E9%83%BD%E7%9B%AE%E9%BB%92%E5%8C%BA%E9%B7%B9%E7%95%AA2-20-14,35.6294675,139.6862196,2024,アジア・エスニック TOKYO,asia_ethnic_tokyo,発表日：2024年7月23日
セレンディッブ,東京都台東区寿3-8-3 1F,食べログ アジア・エスニック TOKYO 百名店 2024,https://tabelog.com/tokyo/A1311/A131103/13252301/,,https://www.google.com/maps/search/?api=1&query=%E3%82%BB%E3%83%AC%E3%83%B3%E3%83%87%E3%82%A3%E3%83%83%E3%83%96%20%E6%9D%B1%E4%BA%AC%E9%83%BD%E5%8F%B0%E6%9D%B1%E5%8C%BA%E5%AF%BF3-8-3%201F,35.7063715,139.7910043,2024,アジア・エスニック TOKYO,asia_ethnic_tokyo,発表日：2024年7月23日
松記鶏飯,東京都千代田区神田司町2-15-1  パレヤソジマ 1F,食べログ アジア・エスニック TOKYO 百名店 2024,https://tabelog.com/tokyo/A1310/A131002/13160030/,https://tabelog.com/tokyo/A1310/A131002/13160030/?cid=google_yoyaku,https://www.google.com/maps/search/?api=1&query=%E6%9D%BE%E8%A8%98%E9%B6%8F%E9%A3%AF%20%E6%9D%B1%E4%BA%AC%E9%83%BD%E5%8D%83%E4%BB%A3%E7%94%B0%E5%8C%BA%E7%A5%9E%E7%94%B0%E5%8F%B8%E7%94%BA2-15-1%E2%80%A8%20%E3%83%91%E3%83%AC%E3%83%A4%E3%82%BD%E3%82%B8%E3%83%9E%201F,35.6939025,139.7667579,2024,アジア・エスニック TOKYO,asia_ethnic_tokyo,発表日：2024年7月23日
spice kitchen moona,東京都世田谷区北沢2-12-13 細沢ビル 5F,食べログ アジア・エスニック TOKYO 百名店 2024,https://tabelog.com/tokyo/A1318/A131802/13048166/,,https://www.google.com/maps/search/?api=1&query=spice%20kitchen%20moona%20%E6%9D%B1%E4%BA%AC%E9%83%BD%E4%B8%96%E7%94%B0%E8%B0%B7%E5%8C%BA%E5%8C%97%E6%B2%A22-12-13%20%E7%B4%B0%E6%B2%A2%E3%83%93%E3%83%AB%205F,35.6609646,139.6683058,2024,アジア・エスニック TOKYO,asia_ethnic_tokyo,発表日：2024年7月23日
ヴェヌス サウス インディアン ダイニング 錦糸町店,東京都墨田区錦糸2-6-11,食べログ アジア・エスニック TOKYO 百名店 2024,https://tabelog.com/tokyo/A1312/A131201/13183010/,https://tabelog.com/tokyo/A1312/A131201/13183010/?cid=google_yoyaku,https://www.google.com/maps/search/?api=1&query=%E3%83%B4%E3%82%A7%E3%83%8C%E3%82%B9%20%E3%82%B5%E3%82%A6%E3%82%B9%20%E3%82%A4%E3%83%B3%E3%83%87%E3%82%A3%E3%82%A2%E3%83%B3%20%E3%83%80%E3%82%A4%E3%83%8B%E3%83%B3%E3%82%B0%20%E9%8C%A6%E7%B3%B8%E7%94%BA%E5%BA%97%20%E6%9D%B1%E4%BA%AC%E9%83%BD%E5%A2%A8%E7%94%B0%E5%8C%BA%E9%8C%A6%E7%B3%B82-6-11,35.6981893,139.8122121,2024,アジア・エスニック TOKYO,asia_ethnic_tokyo,発表日：2024年7月23日
馬来西亜マレー,東京都世田谷区祖師谷4-21-1,食べログ アジア・エスニック TOKYO 百名店 2024,https://tabelog.com/tokyo/A1318/A131814/13091996/,,https://www.google.com/maps/search/?api=1&query=%E9%A6%AC%E6%9D%A5%E8%A5%BF%E4%BA%9C%E3%83%9E%E3%83%AC%E3%83%BC%20%E6%9D%B1%E4%BA%AC%E9%83%BD%E4%B8%96%E7%94%B0%E8%B0%B7%E5%8C%BA%E7%A5%96%E5%B8%AB%E8%B0%B74-21-1,35.6482945,139.6064949,2024,アジア・エスニック TOKYO,asia_ethnic_tokyo,発表日：2024年7月23日
スパイスカフェ,東京都墨田区文花1-6-10,食べログ アジア・エスニック TOKYO 百名店 2024,https://tabelog.com/tokyo/A1312/A131203/13002935/,https://tabelog.com/tokyo/A1312/A131203/13002935/?cid=google_yoyaku,https://www.google.com/maps/search/?api=1&query=%E3%82%B9%E3%83%91%E3%82%A4%E3%82%B9%E3%82%AB%E3%83%95%E3%82%A7%20%E6%9D%B1%E4%BA%AC%E9%83%BD%E5%A2%A8%E7%94%B0%E5%8C%BA%E6%96%87%E8%8A%B11-6-10,35.7097715,139.8200520,2024,アジア・エスニック TOKYO,asia_ethnic_tokyo,発表日：2024年7月23日
オールドタイランド 飯田橋店,東京都千代田区富士見2-3-8 横江ビル２階,食べログ アジア・エスニック TOKYO 百名店 2024,https://tabelog.com/tokyo/A1309/A130905/13039587/,,https://www.google.com/maps/search/?api=1&query=%E3%82%AA%E3%83%BC%E3%83%AB%E3%83%89%E3%82%BF%E3%82%A4%E3%83%A9%E3%83%B3%E3%83%89%20%E9%A3%AF%E7%94%B0%E6%A9%8B%E5%BA%97%20%E6%9D%B1%E4%BA%AC%E9%83%BD%E5%8D%83%E4%BB%A3%E7%94%B0%E5%8C%BA%E5%AF%8C%E5%A3%AB%E8%A6%8B2-3-8%20%E6%A8%AA%E6%B1%9F%E3%83%93%E3%83%AB%EF%BC%92%E9%9A%8E,35.6995076,139.7450539,2024,アジア・エスニック TOKYO,asia_ethnic_tokyo,発表日：2024年7月23日
チョンギワ 本館,東京都港区赤坂3-15-2 ＫＹＯＷＡ　ＦＯＲＭＥビル　１Ｆ,食べログ アジア・エスニック TOKYO 百名店 2024,https://tabelog.com/tokyo/A1308/A130801/13015210/,,https://www.google.com/maps/search/?api=1&query=%E3%83%81%E3%83%A7%E3%83%B3%E3%82%AE%E3%83%AF%20%E6%9C%AC%E9%A4%A8%20%E6%9D%B1%E4%BA%AC%E9%83%BD%E6%B8%AF%E5%8C%BA%E8%B5%A4%E5%9D%823-15-2%20%EF%BC%AB%EF%BC%B9%EF%BC%AF%EF%BC%B7%EF%BC%A1%E3%80%80%EF%BC%A6%EF%BC%AF%EF%BC%B2%EF%BC%AD%EF%BC%A5%E3%83%93%E3%83%AB%E3%80%80%EF%BC%91%EF%BC%A6,35.6744648,139.7371614,2024,アジア・エスニック TOKYO,asia_ethnic_tokyo,発表日：2024年7月23日
Chinese restaurant KUE,神奈川県鎌倉市岡本1-2-35 大船プラザ 204,食べログ 中国料理 EAST 百名店 2024,https://tabelog.com/kanagawa/A1404/A140401/14085564/,,https://www.google.com/maps/search/?api=1&query=Chinese%20restaurant%20KUE%20%E7%A5%9E%E5%A5%88%E5%B7%9D%E7%9C%8C%E9%8E%8C%E5%80%89%E5%B8%82%E5%B2%A1%E6%9C%AC1-2-35%20%E5%A4%A7%E8%88%B9%E3%83%97%E3%83%A9%E3%82%B6%20204,35.3537000,139.5297278,2024,中国料理 EAST,chinese_east,発表日：2024年6月11日
文菜華,千葉県柏市東上町2-2,食べログ 中国料理 EAST 百名店 2024,https://tabelog.com/chiba/A1203/A120301/12004381/,https://tabelog.com/chiba/A1203/A120301/12004381/?cid=google_yoyaku,https://www.google.com/maps/search/?api=1&query=%E6%96%87%E8%8F%9C%E8%8F%AF%20%E5%8D%83%E8%91%89%E7%9C%8C%E6%9F%8F%E5%B8%82%E6%9D%B1%E4%B8%8A%E7%94%BA2-2,35.8586176,139.9756625,2024,中国料理 EAST,chinese_east,発表日：2024年6月11日
第一亭,神奈川県横浜市中区日ノ出町1-20,食べログ 中国料理 EAST 百名店 2024,https://tabelog.com/kanagawa/A1401/A140102/14004194/,,https://www.google.com/maps/search/?api=1&query=%E7%AC%AC%E4%B8%80%E4%BA%AD%20%E7%A5%9E%E5%A5%88%E5%B7%9D%E7%9C%8C%E6%A8%AA%E6%B5%9C%E5%B8%82%E4%B8%AD%E5%8C%BA%E6%97%A5%E3%83%8E%E5%87%BA%E7%94%BA1-20,35.4456527,139.6280752,2024,中国料理 EAST,chinese_east,発表日：2024年6月11日
來來,群馬県高崎市柳川町35,食べログ 中国料理 EAST 百名店 2024,https://tabelog.com/gunma/A1001/A100102/10002409/,https://tabelog.com/gunma/A1001/A100102/10002409/?cid=google_yoyaku,https://www.google.com/maps/search/?api=1&query=%E4%BE%86%E4%BE%86%20%E7%BE%A4%E9%A6%AC%E7%9C%8C%E9%AB%98%E5%B4%8E%E5%B8%82%E6%9F%B3%E5%B7%9D%E7%94%BA35,36.3283690,139.0048099,2024,中国料理 EAST,chinese_east,発表日：2024年6月11日
中国料理 堀内,神奈川県横浜市青葉区青葉台1-29-36 若葉ハイツ　１Ｆ,食べログ 中国料理 EAST 百名店 2024,https://tabelog.com/kanagawa/A1401/A140202/14007887/,https://tabelog.com/kanagawa/A1401/A140202/14007887/?cid=google_yoyaku,https://www.google.com/maps/search/?api=1&query=%E4%B8%AD%E5%9B%BD%E6%96%99%E7%90%86%20%E5%A0%80%E5%86%85%20%E7%A5%9E%E5%A5%88%E5%B7%9D%E7%9C%8C%E6%A8%AA%E6%B5%9C%E5%B8%82%E9%9D%92%E8%91%89%E5%8C%BA%E9%9D%92%E8%91%89%E5%8F%B01-29-36%20%E8%8B%A5%E8%91%89%E3%83%8F%E3%82%A4%E3%83%84%E3%80%80%EF%BC%91%EF%BC%A6,35.5496170,139.5170781,2024,中国料理 EAST,chinese_east,発表日：2024年6月11日
菜香新館,神奈川県横浜市中区山下町192,食べログ 中国料理 EAST 百名店 2024,https://tabelog.com/kanagawa/A1401/A140105/14003055/,,https://www.google.com/maps/search/?api=1&query=%E8%8F%9C%E9%A6%99%E6%96%B0%E9%A4%A8%20%E7%A5%9E%E5%A5%88%E5%B7%9D%E7%9C%8C%E6%A8%AA%E6%B5%9C%E5%B8%82%E4%B8%AD%E5%8C%BA%E5%B1%B1%E4%B8%8B%E7%94%BA192,35.4430662,139.6468173,2024,中国料理 EAST,chinese_east,発表日：2024年6月11日
中国四川酒家 蔓山,千葉県千葉市花見川区幕張本郷6-25-4 マリオット本郷 1F,食べログ 中国料理 EAST 百名店 2024,https://tabelog.com/chiba/A1201/A120102/12020350/,https://tabelog.com/chiba/A1201/A120102/12020350/?cid=google_yoyaku,https://www.google.com/maps/search/?api=1&query=%E4%B8%AD%E5%9B%BD%E5%9B%9B%E5%B7%9D%E9%85%92%E5%AE%B6%20%E8%94%93%E5%B1%B1%20%E5%8D%83%E8%91%89%E7%9C%8C%E5%8D%83%E8%91%89%E5%B8%82%E8%8A%B1%E8%A6%8B%E5%B7%9D%E5%8C%BA%E5%B9%95%E5%BC%B5%E6%9C%AC%E9%83%B76-25-4%20%E3%83%9E%E3%83%AA%E3%82%AA%E3%83%83%E3%83%88%E6%9C%AC%E9%83%B7%201F,35.6740497,140.0440217,2024,中国料理 EAST,chinese_east,発表日：2024年6月11日
南粤美食,神奈川県横浜市中区山下町165-2 INビル,食べログ 中国料理 EAST 百名店 2024,https://tabelog.com/kanagawa/A1401/A140105/14064517/,https://tabelog.com/kanagawa/A1401/A140105/14064517/?cid=google_yoyaku,https://www.google.com/maps/search/?api=1&query=%E5%8D%97%E7%B2%A4%E7%BE%8E%E9%A3%9F%20%E7%A5%9E%E5%A5%88%E5%B7%9D%E7%9C%8C%E6%A8%AA%E6%B5%9C%E5%B8%82%E4%B8%AD%E5%8C%BA%E5%B1%B1%E4%B8%8B%E7%94%BA165-2%20IN%E3%83%93%E3%83%AB,35.4437580,139.6469368,2024,中国料理 EAST,chinese_east,発表日：2024年6月11日
獅門酒楼,神奈川県横浜市中区山下町145,食べログ 中国料理 EAST 百名店 2024,https://tabelog.com/kanagawa/A1401/A140105/14007196/,https://tabelog.com/kanagawa/A1401/A140105/14007196/?cid=google_yoyaku,https://www.google.com/maps/search/?api=1&query=%E7%8D%85%E9%96%80%E9%85%92%E6%A5%BC%20%E7%A5%9E%E5%A5%88%E5%B7%9D%E7%9C%8C%E6%A8%AA%E6%B5%9C%E5%B8%82%E4%B8%AD%E5%8C%BA%E5%B1%B1%E4%B8%8B%E7%94%BA145,35.4428897,139.6451447,2024,中国料理 EAST,chinese_east,発表日：2024年6月11日
景徳鎮,神奈川県横浜市中区山下町190,食べログ 中国料理 EAST 百名店 2024,https://tabelog.com/kanagawa/A1401/A140105/14000499/,,https://www.google.com/maps/search/?api=1&query=%E6%99%AF%E5%BE%B3%E9%8E%AE%20%E7%A5%9E%E5%A5%88%E5%B7%9D%E7%9C%8C%E6%A8%AA%E6%B5%9C%E5%B8%82%E4%B8%AD%E5%8C%BA%E5%B1%B1%E4%B8%8B%E7%94%BA190,35.4427243,139.6463945,2024,中国料理 EAST,chinese_east,発表日：2024年6月11日
崎陽軒本店 嘉宮,神奈川県横浜市西区高島2-13-12 崎陽軒本店　２Ｆ,食べログ 中国料理 EAST 百名店 2024,https://tabelog.com/kanagawa/A1401/A140101/14000069/,https://tabelog.com/kanagawa/A1401/A140101/14000069/?cid=google_yoyaku,https://www.google.com/maps/search/?api=1&query=%E5%B4%8E%E9%99%BD%E8%BB%92%E6%9C%AC%E5%BA%97%20%E5%98%89%E5%AE%AE%20%E7%A5%9E%E5%A5%88%E5%B7%9D%E7%9C%8C%E6%A8%AA%E6%B5%9C%E5%B8%82%E8%A5%BF%E5%8C%BA%E9%AB%98%E5%B3%B62-13-12%20%E5%B4%8E%E9%99%BD%E8%BB%92%E6%9C%AC%E5%BA%97%E3%80%80%EF%BC%92%EF%BC%A6,35.4642111,139.6229946,2024,中国料理 EAST,chinese_east,発表日：2024年6月11日
龍の子,埼玉県北足立郡伊奈町寿2-87-3,食べログ 中国料理 EAST 百名店 2024,https://tabelog.com/saitama/A1104/A110402/11019467/,,https://www.google.com/maps/search/?api=1&query=%E9%BE%8D%E3%81%AE%E5%AD%90%20%E5%9F%BC%E7%8E%89%E7%9C%8C%E5%8C%97%E8%B6%B3%E7%AB%8B%E9%83%A1%E4%BC%8A%E5%A5%88%E7%94%BA%E5%AF%BF2-87-3,36.0055508,139.6036844,2024,中国料理 EAST,chinese_east,発表日：2024年6月11日
李園,神奈川県横浜市中区本郷町1-18,食べログ 中国料理 EAST 百名店 2024,https://tabelog.com/kanagawa/A1401/A140106/14000539/,,https://www.google.com/maps/search/?api=1&query=%E6%9D%8E%E5%9C%92%20%E7%A5%9E%E5%A5%88%E5%B7%9D%E7%9C%8C%E6%A8%AA%E6%B5%9C%E5%B8%82%E4%B8%AD%E5%8C%BA%E6%9C%AC%E9%83%B7%E7%94%BA1-18,35.4325105,139.6534433,2024,中国料理 EAST,chinese_east,発表日：2024年6月11日
炎神,茨城県水戸市桜川2-1-6 アイランドビル 1Ｆ,食べログ 中国料理 EAST 百名店 2024,https://tabelog.com/ibaraki/A0801/A080101/8000134/,,https://www.google.com/maps/search/?api=1&query=%E7%82%8E%E7%A5%9E%20%E8%8C%A8%E5%9F%8E%E7%9C%8C%E6%B0%B4%E6%88%B8%E5%B8%82%E6%A1%9C%E5%B7%9D2-1-6%20%E3%82%A2%E3%82%A4%E3%83%A9%E3%83%B3%E3%83%89%E3%83%93%E3%83%AB%201%EF%BC%A6,36.3687428,140.4779172,2024,中国料理 EAST,chinese_east,発表日：2024年6月11日
川菜味,千葉県船橋市本町2-10-29,食べログ 中国料理 EAST 百名店 2024,https://tabelog.com/chiba/A1202/A120201/12000282/,,https://www.google.com/maps/search/?api=1&query=%E5%B7%9D%E8%8F%9C%E5%91%B3%20%E5%8D%83%E8%91%89%E7%9C%8C%E8%88%B9%E6%A9%8B%E5%B8%82%E6%9C%AC%E7%94%BA2-10-29,35.6977346,139.9824176,2024,中国料理 EAST,chinese_east,発表日：2024年6月11日
中華料理 忠実堂,千葉県船橋市本中山1-15-23,食べログ 中国料理 EAST 百名店 2024,https://tabelog.com/chiba/A1202/A120201/12004326/,https://tabelog.com/chiba/A1202/A120201/12004326/?cid=google_yoyaku,https://www.google.com/maps/search/?api=1&query=%E4%B8%AD%E8%8F%AF%E6%96%99%E7%90%86%20%E5%BF%A0%E5%AE%9F%E5%A0%82%20%E5%8D%83%E8%91%89%E7%9C%8C%E8%88%B9%E6%A9%8B%E5%B8%82%E6%9C%AC%E4%B8%AD%E5%B1%B11-15-23,35.7168466,139.9451062,2024,中国料理 EAST,chinese_east,発表日：2024年6月11日
中国料理 獅子房,千葉県市川市市川南1-10-1 I-linkタウンいちかわ ザ タワーズウエスト 1F,食べログ 中国料理 EAST 百名店 2024,https://tabelog.com/chiba/A1202/A120202/12002707/,,https://www.google.com/maps/search/?api=1&query=%E4%B8%AD%E5%9B%BD%E6%96%99%E7%90%86%20%E7%8D%85%E5%AD%90%E6%88%BF%20%E5%8D%83%E8%91%89%E7%9C%8C%E5%B8%82%E5%B7%9D%E5%B8%82%E5%B8%82%E5%B7%9D%E5%8D%971-10-1%20I-link%E3%82%BF%E3%82%A6%E3%83%B3%E3%81%84%E3%81%A1%E3%81%8B%E3%82%8F%20%E3%82%B6%20%E3%82%BF%E3%83%AF%E3%83%BC%E3%82%BA%E3%82%A6%E3%82%A8%E3%82%B9%E3%83%88%201F,35.7289858,139.9060149,2024,中国料理 EAST,chinese_east,発表日：2024年6月11日
啓徳,埼玉県さいたま市浦和区上木崎1-10-15 入江ビル１F,食べログ 中国料理 EAST 百名店 2024,https://tabelog.com/saitama/A1101/A110101/11004552/,https://tabelog.com/saitama/A1101/A110101/11004552/?cid=google_yoyaku,https://www.google.com/maps/search/?api=1&query=%E5%95%93%E5%BE%B3%20%E5%9F%BC%E7%8E%89%E7%9C%8C%E3%81%95%E3%81%84%E3%81%9F%E3%81%BE%E5%B8%82%E6%B5%A6%E5%92%8C%E5%8C%BA%E4%B8%8A%E6%9C%A8%E5%B4%8E1-10-15%20%E5%85%A5%E6%B1%9F%E3%83%93%E3%83%AB%EF%BC%91F,35.8855028,139.6377297,2024,中国料理 EAST,chinese_east,発表日：2024年6月11日
太原,神奈川県足柄下郡箱根町仙石原1181,食べログ 中国料理 EAST 百名店 2024,https://tabelog.com/kanagawa/A1410/A141001/14004554/,,https://www.google.com/maps/search/?api=1&query=%E5%A4%AA%E5%8E%9F%20%E7%A5%9E%E5%A5%88%E5%B7%9D%E7%9C%8C%E8%B6%B3%E6%9F%84%E4%B8%8B%E9%83%A1%E7%AE%B1%E6%A0%B9%E7%94%BA%E4%BB%99%E7%9F%B3%E5%8E%9F1181,35.2771686,138.9978965,2024,中国料理 EAST,chinese_east,発表日：2024年6月11日
和の中,栃木県宇都宮市駒生町1296-33,食べログ 中国料理 EAST 百名店 2024,https://tabelog.com/tochigi/A0901/A090101/9000118/,,https://www.google.com/maps/search/?api=1&query=%E5%92%8C%E3%81%AE%E4%B8%AD%20%E6%A0%83%E6%9C%A8%E7%9C%8C%E5%AE%87%E9%83%BD%E5%AE%AE%E5%B8%82%E9%A7%92%E7%94%9F%E7%94%BA1296-33,36.5790974,139.8450072,2024,中国料理 EAST,chinese_east,発表日：2024年6月11日
ウチダ テイ,神奈川県川崎市中原区新丸子東2-897-31,食べログ 中国料理 EAST 百名店 2024,https://tabelog.com/kanagawa/A1405/A140504/14054701/,https://tabelog.com/kanagawa/A1405/A140504/14054701/?cid=google_yoyaku,https://www.google.com/maps/search/?api=1&query=%E3%82%A6%E3%83%81%E3%83%80%20%E3%83%86%E3%82%A4%20%E7%A5%9E%E5%A5%88%E5%B7%9D%E7%9C%8C%E5%B7%9D%E5%B4%8E%E5%B8%82%E4%B8%AD%E5%8E%9F%E5%8C%BA%E6%96%B0%E4%B8%B8%E5%AD%90%E6%9D%B12-897-31,35.5785086,139.6624719,2024,中国料理 EAST,chinese_east,発表日：2024年6月11日
愛群,神奈川県横浜市中区山下町138,食べログ 中国料理 EAST 百名店 2024,https://tabelog.com/kanagawa/A1401/A140105/14001179/,,https://www.google.com/maps/search/?api=1&query=%E6%84%9B%E7%BE%A4%20%E7%A5%9E%E5%A5%88%E5%B7%9D%E7%9C%8C%E6%A8%AA%E6%B5%9C%E5%B8%82%E4%B8%AD%E5%8C%BA%E5%B1%B1%E4%B8%8B%E7%94%BA138,35.4423471,139.6461254,2024,中国料理 EAST,chinese_east,発表日：2024年6月11日
中国旬菜 茶馬燕,神奈川県藤沢市南藤沢20-15 第一興産18号館ビル 6F,食べログ 中国料理 EAST 百名店 2024,https://tabelog.com/kanagawa/A1404/A140404/14031172/,,https://www.google.com/maps/search/?api=1&query=%E4%B8%AD%E5%9B%BD%E6%97%AC%E8%8F%9C%20%E8%8C%B6%E9%A6%AC%E7%87%95%20%E7%A5%9E%E5%A5%88%E5%B7%9D%E7%9C%8C%E8%97%A4%E6%B2%A2%E5%B8%82%E5%8D%97%E8%97%A4%E6%B2%A220-15%20%E7%AC%AC%E4%B8%80%E8%88%88%E7%94%A318%E5%8F%B7%E9%A4%A8%E3%83%93%E3%83%AB%206F,35.3369819,139.4889607,2024,中国料理 EAST,chinese_east,発表日：2024年6月11日
清風楼,神奈川県横浜市中区山下町190,食べログ 中国料理 EAST 百名店 2024,https://tabelog.com/kanagawa/A1401/A140105/14000501/,,https://www.google.com/maps/search/?api=1&query=%E6%B8%85%E9%A2%A8%E6%A5%BC%20%E7%A5%9E%E5%A5%88%E5%B7%9D%E7%9C%8C%E6%A8%AA%E6%B5%9C%E5%B8%82%E4%B8%AD%E5%8C%BA%E5%B1%B1%E4%B8%8B%E7%94%BA190,35.4424122,139.6465231,2024,中国料理 EAST,chinese_east,発表日：2024年6月11日
台湾小吃店 慶龍,千葉県船橋市湊町3-6-24,食べログ 中国料理 EAST 百名店 2024,https://tabelog.com/chiba/A1202/A120201/12003459/,,https://www.google.com/maps/search/?api=1&query=%E5%8F%B0%E6%B9%BE%E5%B0%8F%E5%90%83%E5%BA%97%20%E6%85%B6%E9%BE%8D%20%E5%8D%83%E8%91%89%E7%9C%8C%E8%88%B9%E6%A9%8B%E5%B8%82%E6%B9%8A%E7%94%BA3-6-24,35.6924271,139.9819399,2024,中国料理 EAST,chinese_east,発表日：2024年6月11日
龍鳳,神奈川県横浜市中区長者町7-112 伊勢佐木センタービル2F,食べログ 中国料理 EAST 百名店 2024,https://tabelog.com/kanagawa/A1401/A140104/14015123/,,https://www.google.com/maps/search/?api=1&query=%E9%BE%8D%E9%B3%B3%20%E7%A5%9E%E5%A5%88%E5%B7%9D%E7%9C%8C%E6%A8%AA%E6%B5%9C%E5%B8%82%E4%B8%AD%E5%8C%BA%E9%95%B7%E8%80%85%E7%94%BA7-112%20%E4%BC%8A%E5%8B%A2%E4%BD%90%E6%9C%A8%E3%82%BB%E3%83%B3%E3%82%BF%E3%83%BC%E3%83%93%E3%83%AB2F,35.4428381,139.6303477,2024,中国料理 EAST,chinese_east,発表日：2024年6月11日
中国料理 三鶴,神奈川県川崎市川崎区小川町16-10,食べログ 中国料理 EAST 百名店 2024,https://tabelog.com/kanagawa/A1405/A140501/14016280/,,https://www.google.com/maps/search/?api=1&query=%E4%B8%AD%E5%9B%BD%E6%96%99%E7%90%86%20%E4%B8%89%E9%B6%B4%20%E7%A5%9E%E5%A5%88%E5%B7%9D%E7%9C%8C%E5%B7%9D%E5%B4%8E%E5%B8%82%E5%B7%9D%E5%B4%8E%E5%8C%BA%E5%B0%8F%E5%B7%9D%E7%94%BA16-10,35.5271377,139.6989884,2024,中国料理 EAST,chinese_east,発表日：2024年6月11日
松の樹,神奈川県川崎市川崎区宮本町6-11,食べログ 中国料理 EAST 百名店 2024,https://tabelog.com/kanagawa/A1405/A140501/14001739/,,https://www.google.com/maps/search/?api=1&query=%E6%9D%BE%E3%81%AE%E6%A8%B9%20%E7%A5%9E%E5%A5%88%E5%B7%9D%E7%9C%8C%E5%B7%9D%E5%B4%8E%E5%B8%82%E5%B7%9D%E5%B4%8E%E5%8C%BA%E5%AE%AE%E6%9C%AC%E7%94%BA6-11,35.5309138,139.7039923,2024,中国料理 EAST,chinese_east,発表日：2024年6月11日
牡丹園,神奈川県横浜市中区山下町147,食べログ 中国料理 EAST 百名店 2024,https://tabelog.com/kanagawa/A1401/A140105/14000479/,,https://www.google.com/maps/search/?api=1&query=%E7%89%A1%E4%B8%B9%E5%9C%92%20%E7%A5%9E%E5%A5%88%E5%B7%9D%E7%9C%8C%E6%A8%AA%E6%B5%9C%E5%B8%82%E4%B8%AD%E5%8C%BA%E5%B1%B1%E4%B8%8B%E7%94%BA147,35.4427899,139.6457981,2024,中国料理 EAST,chinese_east,発表日：2024年6月11日
京華樓 本館,神奈川県横浜市中区山下町138,食べログ 中国料理 EAST 百名店 2024,https://tabelog.com/kanagawa/A1401/A140105/14001178/,https://tabelog.com/kanagawa/A1401/A140105/14001178/?cid=google_yoyaku,https://www.google.com/maps/search/?api=1&query=%E4%BA%AC%E8%8F%AF%E6%A8%93%20%E6%9C%AC%E9%A4%A8%20%E7%A5%9E%E5%A5%88%E5%B7%9D%E7%9C%8C%E6%A8%AA%E6%B5%9C%E5%B8%82%E4%B8%AD%E5%8C%BA%E5%B1%B1%E4%B8%8B%E7%94%BA138,35.4423895,139.6459554,2024,中国料理 EAST,chinese_east,発表日：2024年6月11日
中国料理 彩龍 (横浜ベイシェラトン ホテル&タワーズ),神奈川県横浜市西区北幸1-3-23 横浜ベイシェラトン ホテル＆タワーズ 3F,食べログ 中国料理 EAST 百名店 2024,https://tabelog.com/kanagawa/A1401/A140101/14001312/,https://tabelog.com/kanagawa/A1401/A140101/14001312/?cid=google_yoyaku,https://www.google.com/maps/search/?api=1&query=%E4%B8%AD%E5%9B%BD%E6%96%99%E7%90%86%20%E5%BD%A9%E9%BE%8D%20%28%E6%A8%AA%E6%B5%9C%E3%83%99%E3%82%A4%E3%82%B7%E3%82%A7%E3%83%A9%E3%83%88%E3%83%B3%20%E3%83%9B%E3%83%86%E3%83%AB%26%E3%82%BF%E3%83%AF%E3%83%BC%E3%82%BA%29%20%E7%A5%9E%E5%A5%88%E5%B7%9D%E7%9C%8C%E6%A8%AA%E6%B5%9C%E5%B8%82%E8%A5%BF%E5%8C%BA%E5%8C%97%E5%B9%B81-3-23%20%E6%A8%AA%E6%B5%9C%E3%83%99%E3%82%A4%E3%82%B7%E3%82%A7%E3%83%A9%E3%83%88%E3%83%B3%20%E3%83%9B%E3%83%86%E3%83%AB%EF%BC%86%E3%82%BF%E3%83%AF%E3%83%BC%E3%82%BA%203F,35.4667999,139.6201448,2024,中国料理 EAST,chinese_east,発表日：2024年6月11日
陳麻婆豆腐 マエジマ,埼玉県志木市本町6-27-12,食べログ 中国料理 EAST 百名店 2024,https://tabelog.com/saitama/A1103/A110302/11052302/,https://tabelog.com/saitama/A1103/A110302/11052302/?cid=google_yoyaku,https://www.google.com/maps/search/?api=1&query=%E9%99%B3%E9%BA%BB%E5%A9%86%E8%B1%86%E8%85%90%20%E3%83%9E%E3%82%A8%E3%82%B8%E3%83%9E%20%E5%9F%BC%E7%8E%89%E7%9C%8C%E5%BF%97%E6%9C%A8%E5%B8%82%E6%9C%AC%E7%94%BA6-27-12,35.8243469,139.5736524,2024,中国料理 EAST,chinese_east,発表日：2024年6月11日
シルクロードガーデン,千葉県浦安市舞浜1-13 東京ディズニー・シーホテルミラコスタ,食べログ 中国料理 EAST 百名店 2024,https://tabelog.com/chiba/A1202/A120203/12002798/,,https://www.google.com/maps/search/?api=1&query=%E3%82%B7%E3%83%AB%E3%82%AF%E3%83%AD%E3%83%BC%E3%83%89%E3%82%AC%E3%83%BC%E3%83%87%E3%83%B3%20%E5%8D%83%E8%91%89%E7%9C%8C%E6%B5%A6%E5%AE%89%E5%B8%82%E8%88%9E%E6%B5%9C1-13%20%E6%9D%B1%E4%BA%AC%E3%83%87%E3%82%A3%E3%82%BA%E3%83%8B%E3%83%BC%E3%83%BB%E3%82%B7%E3%83%BC%E3%83%9B%E3%83%86%E3%83%AB%E3%83%9F%E3%83%A9%E3%82%B3%E3%82%B9%E3%82%BF,35.6271193,139.8874756,2024,中国料理 EAST,chinese_east,発表日：2024年6月11日
中華一 龍王,神奈川県横浜市西区南幸1-5-24,食べログ 中国料理 EAST 百名店 2024,https://tabelog.com/kanagawa/A1401/A140101/14001655/,,https://www.google.com/maps/search/?api=1&query=%E4%B8%AD%E8%8F%AF%E4%B8%80%20%E9%BE%8D%E7%8E%8B%20%E7%A5%9E%E5%A5%88%E5%B7%9D%E7%9C%8C%E6%A8%AA%E6%B5%9C%E5%B8%82%E8%A5%BF%E5%8C%BA%E5%8D%97%E5%B9%B81-5-24,35.4640259,139.6202814,2024,中国料理 EAST,chinese_east,発表日：2024年6月11日
永吉,埼玉県川口市西川口1-5-5 MFハイツ 1F,食べログ 中国料理 EAST 百名店 2024,https://tabelog.com/saitama/A1102/A110201/11033146/,,https://www.google.com/maps/search/?api=1&query=%E6%B0%B8%E5%90%89%20%E5%9F%BC%E7%8E%89%E7%9C%8C%E5%B7%9D%E5%8F%A3%E5%B8%82%E8%A5%BF%E5%B7%9D%E5%8F%A31-5-5%20MF%E3%83%8F%E3%82%A4%E3%83%84%201F,35.8147802,139.7039522,2024,中国料理 EAST,chinese_east,発表日：2024年6月11日
萬珍樓點心舗,神奈川県横浜市中区山下町156,食べログ 中国料理 EAST 百名店 2024,https://tabelog.com/kanagawa/A1401/A140104/14000128/,,https://www.google.com/maps/search/?api=1&query=%E8%90%AC%E7%8F%8D%E6%A8%93%E9%BB%9E%E5%BF%83%E8%88%97%20%E7%A5%9E%E5%A5%88%E5%B7%9D%E7%9C%8C%E6%A8%AA%E6%B5%9C%E5%B8%82%E4%B8%AD%E5%8C%BA%E5%B1%B1%E4%B8%8B%E7%94%BA156,35.4437948,139.6448108,2024,中国料理 EAST,chinese_east,発表日：2024年6月11日
チャイナダイニング 喰う 喰う,神奈川県逗子市逗子1-10-26,食べログ 中国料理 EAST 百名店 2024,https://tabelog.com/kanagawa/A1406/A140602/14009413/,,https://www.google.com/maps/search/?api=1&query=%E3%83%81%E3%83%A3%E3%82%A4%E3%83%8A%E3%83%80%E3%82%A4%E3%83%8B%E3%83%B3%E3%82%B0%20%E5%96%B0%E3%81%86%20%E5%96%B0%E3%81%86%20%E7%A5%9E%E5%A5%88%E5%B7%9D%E7%9C%8C%E9%80%97%E5%AD%90%E5%B8%82%E9%80%97%E5%AD%901-10-26,35.2967892,139.5765505,2024,中国料理 EAST,chinese_east,発表日：2024年6月11日
イチリン ハナレ,神奈川県鎌倉市扇ガ谷2-17-6,食べログ 中国料理 EAST 百名店 2024,https://tabelog.com/kanagawa/A1404/A140402/14066990/,https://tabelog.com/kanagawa/A1404/A140402/14066990/?cid=google_yoyaku,https://www.google.com/maps/search/?api=1&query=%E3%82%A4%E3%83%81%E3%83%AA%E3%83%B3%20%E3%83%8F%E3%83%8A%E3%83%AC%20%E7%A5%9E%E5%A5%88%E5%B7%9D%E7%9C%8C%E9%8E%8C%E5%80%89%E5%B8%82%E6%89%87%E3%82%AC%E8%B0%B72-17-6,35.3257140,139.5520976,2024,中国料理 EAST,chinese_east,発表日：2024年6月11日
くぬぎ屋,神奈川県横浜市中区羽衣町3-59-1,食べログ 中国料理 EAST 百名店 2024,https://tabelog.com/kanagawa/A1401/A140104/14062814/,,https://www.google.com/maps/search/?api=1&query=%E3%81%8F%E3%81%AC%E3%81%8E%E5%B1%8B%20%E7%A5%9E%E5%A5%88%E5%B7%9D%E7%9C%8C%E6%A8%AA%E6%B5%9C%E5%B8%82%E4%B8%AD%E5%8C%BA%E7%BE%BD%E8%A1%A3%E7%94%BA3-59-1,35.4431756,139.6323297,2024,中国料理 EAST,chinese_east,発表日：2024年6月11日
中国料理 翆陽,神奈川県足柄下郡湯河原町宮上631-1 エクシブ湯河原離宮 1F,食べログ 中国料理 EAST 百名店 2024,https://tabelog.com/kanagawa/A1410/A141002/14070214/,,https://www.google.com/maps/search/?api=1&query=%E4%B8%AD%E5%9B%BD%E6%96%99%E7%90%86%20%E7%BF%86%E9%99%BD%20%E7%A5%9E%E5%A5%88%E5%B7%9D%E7%9C%8C%E8%B6%B3%E6%9F%84%E4%B8%8B%E9%83%A1%E6%B9%AF%E6%B2%B3%E5%8E%9F%E7%94%BA%E5%AE%AE%E4%B8%8A631-1%20%E3%82%A8%E3%82%AF%E3%82%B7%E3%83%96%E6%B9%AF%E6%B2%B3%E5%8E%9F%E9%9B%A2%E5%AE%AE%201F,35.1493272,139.0701177,2024,中国料理 EAST,chinese_east,発表日：2024年6月11日
中華菜館 同發 本館,神奈川県横浜市中区山下町148,食べログ 中国料理 EAST 百名店 2024,https://tabelog.com/kanagawa/A1401/A140105/14000152/,,https://www.google.com/maps/search/?api=1&query=%E4%B8%AD%E8%8F%AF%E8%8F%9C%E9%A4%A8%20%E5%90%8C%E7%99%BC%20%E6%9C%AC%E9%A4%A8%20%E7%A5%9E%E5%A5%88%E5%B7%9D%E7%9C%8C%E6%A8%AA%E6%B5%9C%E5%B8%82%E4%B8%AD%E5%8C%BA%E5%B1%B1%E4%B8%8B%E7%94%BA148,35.4433902,139.6460594,2024,中国料理 EAST,chinese_east,発表日：2024年6月11日
中国料理 竜苑,群馬県北群馬郡吉岡町大久保3476-1,食べログ 中国料理 EAST 百名店 2024,https://tabelog.com/gunma/A1004/A100401/10002504/,,https://www.google.com/maps/search/?api=1&query=%E4%B8%AD%E5%9B%BD%E6%96%99%E7%90%86%20%E7%AB%9C%E8%8B%91%20%E7%BE%A4%E9%A6%AC%E7%9C%8C%E5%8C%97%E7%BE%A4%E9%A6%AC%E9%83%A1%E5%90%89%E5%B2%A1%E7%94%BA%E5%A4%A7%E4%B9%85%E4%BF%9D3476-1,36.4403353,139.0198600,2024,中国料理 EAST,chinese_east,発表日：2024年6月11日
粥菜坊,神奈川県川崎市中原区今井南町4-12,食べログ 中国料理 EAST 百名店 2024,https://tabelog.com/kanagawa/A1405/A140504/14009596/,,https://www.google.com/maps/search/?api=1&query=%E7%B2%A5%E8%8F%9C%E5%9D%8A%20%E7%A5%9E%E5%A5%88%E5%B7%9D%E7%9C%8C%E5%B7%9D%E5%B4%8E%E5%B8%82%E4%B8%AD%E5%8E%9F%E5%8C%BA%E4%BB%8A%E4%BA%95%E5%8D%97%E7%94%BA4-12,35.5743035,139.6536915,2024,中国料理 EAST,chinese_east,発表日：2024年6月11日
安記,神奈川県横浜市中区山下町147,食べログ 中国料理 EAST 百名店 2024,https://tabelog.com/kanagawa/A1401/A140104/14000104/,,https://www.google.com/maps/search/?api=1&query=%E5%AE%89%E8%A8%98%20%E7%A5%9E%E5%A5%88%E5%B7%9D%E7%9C%8C%E6%A8%AA%E6%B5%9C%E5%B8%82%E4%B8%AD%E5%8C%BA%E5%B1%B1%E4%B8%8B%E7%94%BA147,35.4431527,139.6456100,2024,中国料理 EAST,chinese_east,発表日：2024年6月11日
中国料理 一楽,神奈川県横浜市中区山下町150,食べログ 中国料理 EAST 百名店 2024,https://tabelog.com/kanagawa/A1401/A140104/14000485/,https://tabelog.com/kanagawa/A1401/A140104/14000485/?cid=google_yoyaku,https://www.google.com/maps/search/?api=1&query=%E4%B8%AD%E5%9B%BD%E6%96%99%E7%90%86%20%E4%B8%80%E6%A5%BD%20%E7%A5%9E%E5%A5%88%E5%B7%9D%E7%9C%8C%E6%A8%AA%E6%B5%9C%E5%B8%82%E4%B8%AD%E5%8C%BA%E5%B1%B1%E4%B8%8B%E7%94%BA150,35.4434260,139.6454970,2024,中国料理 EAST,chinese_east,発表日：2024年6月11日
中国料理 「王朝」 ヒルトン東京ベイ,千葉県浦安市舞浜1-8 ヒルトン東京ベイ,食べログ 中国料理 EAST 百名店 2024,https://tabelog.com/chiba/A1202/A120203/12000220/,https://tabelog.com/chiba/A1202/A120203/12000220/?cid=google_yoyaku,https://www.google.com/maps/search/?api=1&query=%E4%B8%AD%E5%9B%BD%E6%96%99%E7%90%86%20%E3%80%8C%E7%8E%8B%E6%9C%9D%E3%80%8D%20%E3%83%92%E3%83%AB%E3%83%88%E3%83%B3%E6%9D%B1%E4%BA%AC%E3%83%99%E3%82%A4%20%E5%8D%83%E8%91%89%E7%9C%8C%E6%B5%A6%E5%AE%89%E5%B8%82%E8%88%9E%E6%B5%9C1-8%20%E3%83%92%E3%83%AB%E3%83%88%E3%83%B3%E6%9D%B1%E4%BA%AC%E3%83%99%E3%82%A4,35.6273418,139.8733730,2024,中国料理 EAST,chinese_east,発表日：2024年6月11日
上海家庭料理 謝謝 船橋駅前南口店,千葉県船橋市本町1-4-8,食べログ 中国料理 EAST 百名店 2024,https://tabelog.com/chiba/A1202/A120201/12002278/,,https://www.google.com/maps/search/?api=1&query=%E4%B8%8A%E6%B5%B7%E5%AE%B6%E5%BA%AD%E6%96%99%E7%90%86%20%E8%AC%9D%E8%AC%9D%20%E8%88%B9%E6%A9%8B%E9%A7%85%E5%89%8D%E5%8D%97%E5%8F%A3%E5%BA%97%20%E5%8D%83%E8%91%89%E7%9C%8C%E8%88%B9%E6%A9%8B%E5%B8%82%E6%9C%AC%E7%94%BA1-4-8,35.7002970,139.9850683,2024,中国料理 EAST,chinese_east,発表日：2024年6月11日
中国料理 眺遊楼(横浜ベイコート倶楽部 ホテル＆スパリゾート),神奈川県横浜市西区みなとみらい1-1-4 14F,食べログ 中国料理 EAST 百名店 2024,https://tabelog.com/kanagawa/A1401/A140103/14081410/,,https://www.google.com/maps/search/?api=1&query=%E4%B8%AD%E5%9B%BD%E6%96%99%E7%90%86%20%E7%9C%BA%E9%81%8A%E6%A5%BC%28%E6%A8%AA%E6%B5%9C%E3%83%99%E3%82%A4%E3%82%B3%E3%83%BC%E3%83%88%E5%80%B6%E6%A5%BD%E9%83%A8%20%E3%83%9B%E3%83%86%E3%83%AB%EF%BC%86%E3%82%B9%E3%83%91%E3%83%AA%E3%82%BE%E3%83%BC%E3%83%88%29%20%E7%A5%9E%E5%A5%88%E5%B7%9D%E7%9C%8C%E6%A8%AA%E6%B5%9C%E5%B8%82%E8%A5%BF%E5%8C%BA%E3%81%BF%E3%81%AA%E3%81%A8%E3%81%BF%E3%82%89%E3%81%841-1-4%2014F,35.4624494,139.6349950,2024,中国料理 EAST,chinese_east,発表日：2024年6月11日
横浜中華街 北京飯店,神奈川県横浜市中区山下町79-5,食べログ 中国料理 EAST 百名店 2024,https://tabelog.com/kanagawa/A1401/A140105/14000679/,https://tabelog.com/kanagawa/A1401/A140105/14000679/?cid=google_yoyaku,https://www.google.com/maps/search/?api=1&query=%E6%A8%AA%E6%B5%9C%E4%B8%AD%E8%8F%AF%E8%A1%97%20%E5%8C%97%E4%BA%AC%E9%A3%AF%E5%BA%97%20%E7%A5%9E%E5%A5%88%E5%B7%9D%E7%9C%8C%E6%A8%AA%E6%B5%9C%E5%B8%82%E4%B8%AD%E5%8C%BA%E5%B1%B1%E4%B8%8B%E7%94%BA79-5,35.4440954,139.6477887,2024,中国料理 EAST,chinese_east,発表日：2024年6月11日
中国小麦粉料理専門店恵泉,千葉県千葉市若葉区都賀3-24-8 都賀プラザ1Ｆ,食べログ 中国料理 EAST 百名店 2024,https://tabelog.com/chiba/A1201/A120105/12024951/,,https://www.google.com/maps/search/?api=1&query=%E4%B8%AD%E5%9B%BD%E5%B0%8F%E9%BA%A6%E7%B2%89%E6%96%99%E7%90%86%E5%B0%82%E9%96%80%E5%BA%97%E6%81%B5%E6%B3%89%20%E5%8D%83%E8%91%89%E7%9C%8C%E5%8D%83%E8%91%89%E5%B8%82%E8%8B%A5%E8%91%89%E5%8C%BA%E9%83%BD%E8%B3%803-24-8%20%E9%83%BD%E8%B3%80%E3%83%97%E3%83%A9%E3%82%B61%EF%BC%A6,35.6353735,140.1516691,2024,中国料理 EAST,chinese_east,発表日：2024年6月11日
萬珍樓 本店,神奈川県横浜市中区山下町153,食べログ 中国料理 EAST 百名店 2024,https://tabelog.com/kanagawa/A1401/A140104/14000144/,,https://www.google.com/maps/search/?api=1&query=%E8%90%AC%E7%8F%8D%E6%A8%93%20%E6%9C%AC%E5%BA%97%20%E7%A5%9E%E5%A5%88%E5%B7%9D%E7%9C%8C%E6%A8%AA%E6%B5%9C%E5%B8%82%E4%B8%AD%E5%8C%BA%E5%B1%B1%E4%B8%8B%E7%94%BA153,35.4433443,139.6444883,2024,中国料理 EAST,chinese_east,発表日：2024年6月11日
中国料理 皇苑,神奈川県横浜市西区みなとみらい2-2-1-3 横浜ロイヤルパークホテル 68F,食べログ 中国料理 EAST 百名店 2024,https://tabelog.com/kanagawa/A1401/A140103/14000374/,,https://www.google.com/maps/search/?api=1&query=%E4%B8%AD%E5%9B%BD%E6%96%99%E7%90%86%20%E7%9A%87%E8%8B%91%20%E7%A5%9E%E5%A5%88%E5%B7%9D%E7%9C%8C%E6%A8%AA%E6%B5%9C%E5%B8%82%E8%A5%BF%E5%8C%BA%E3%81%BF%E3%81%AA%E3%81%A8%E3%81%BF%E3%82%89%E3%81%842-2-1-3%20%E6%A8%AA%E6%B5%9C%E3%83%AD%E3%82%A4%E3%83%A4%E3%83%AB%E3%83%91%E3%83%BC%E3%82%AF%E3%83%9B%E3%83%86%E3%83%AB%2068F,35.4548140,139.6311579,2024,中国料理 EAST,chinese_east,発表日：2024年6月11日
徳記,神奈川県横浜市中区山下町166,食べログ 中国料理 EAST 百名店 2024,https://tabelog.com/kanagawa/A1401/A140105/14006821/,https://tabelog.com/kanagawa/A1401/A140105/14006821/?cid=google_yoyaku,https://www.google.com/maps/search/?api=1&query=%E5%BE%B3%E8%A8%98%20%E7%A5%9E%E5%A5%88%E5%B7%9D%E7%9C%8C%E6%A8%AA%E6%B5%9C%E5%B8%82%E4%B8%AD%E5%8C%BA%E5%B1%B1%E4%B8%8B%E7%94%BA166,35.4418336,139.6449789,2024,中国料理 EAST,chinese_east,発表日：2024年6月11日
翆陽 エクシブ箱根離宮,神奈川県足柄下郡箱根町宮ノ下112-2 エクシブ箱根離宮,食べログ 中国料理 EAST 百名店 2024,https://tabelog.com/kanagawa/A1410/A141001/14039889/,,https://www.google.com/maps/search/?api=1&query=%E7%BF%86%E9%99%BD%20%E3%82%A8%E3%82%AF%E3%82%B7%E3%83%96%E7%AE%B1%E6%A0%B9%E9%9B%A2%E5%AE%AE%20%E7%A5%9E%E5%A5%88%E5%B7%9D%E7%9C%8C%E8%B6%B3%E6%9F%84%E4%B8%8B%E9%83%A1%E7%AE%B1%E6%A0%B9%E7%94%BA%E5%AE%AE%E3%83%8E%E4%B8%8B112-2%20%E3%82%A8%E3%82%AF%E3%82%B7%E3%83%96%E7%AE%B1%E6%A0%B9%E9%9B%A2%E5%AE%AE,35.2442110,139.0612654,2024,中国料理 EAST,chinese_east,発表日：2024年6月11日
山東 2号店,神奈川県横浜市中区山下町150-3,食べログ 中国料理 EAST 百名店 2024,https://tabelog.com/kanagawa/A1401/A140104/14000483/,,https://www.google.com/maps/search/?api=1&query=%E5%B1%B1%E6%9D%B1%202%E5%8F%B7%E5%BA%97%20%E7%A5%9E%E5%A5%88%E5%B7%9D%E7%9C%8C%E6%A8%AA%E6%B5%9C%E5%B8%82%E4%B8%AD%E5%8C%BA%E5%B1%B1%E4%B8%8B%E7%94%BA150-3,35.4437552,139.6454068,2024,中国料理 EAST,chinese_east,発表日：2024年6月11日
中国菜 智林,東京都新宿区白銀町12-5 白銀ビル 1F,食べログ 中国料理 TOKYO 百名店 2024,https://tabelog.com/tokyo/A1309/A130905/13233789/,https://tabelog.com/tokyo/A1309/A130905/13233789/?cid=google_yoyaku,https://www.google.com/maps/search/?api=1&query=%E4%B8%AD%E5%9B%BD%E8%8F%9C%20%E6%99%BA%E6%9E%97%20%E6%9D%B1%E4%BA%AC%E9%83%BD%E6%96%B0%E5%AE%BF%E5%8C%BA%E7%99%BD%E9%8A%80%E7%94%BA12-5%20%E7%99%BD%E9%8A%80%E3%83%93%E3%83%AB%201F,35.7031658,139.7393287,2024,中国料理 TOKYO,chinese_tokyo,発表日：2024年6月11日
福満苑 鼓楼,東京都豊島区要町1-14-9,食べログ 中国料理 TOKYO 百名店 2024,https://tabelog.com/tokyo/A1322/A132202/13228727/,,https://www.google.com/maps/search/?api=1&query=%E7%A6%8F%E6%BA%80%E8%8B%91%20%E9%BC%93%E6%A5%BC%20%E6%9D%B1%E4%BA%AC%E9%83%BD%E8%B1%8A%E5%B3%B6%E5%8C%BA%E8%A6%81%E7%94%BA1-14-9,35.7342610,139.6993651,2024,中国料理 TOKYO,chinese_tokyo,発表日：2024年6月11日
黒猫夜 赤坂店,東京都港区赤坂3-9-8 篠原ビル　３Ｆ,食べログ 中国料理 TOKYO 百名店 2024,https://tabelog.com/tokyo/A1308/A130801/13019152/,https://tabelog.com/tokyo/A1308/A130801/13019152/?cid=google_yoyaku,https://www.google.com/maps/search/?api=1&query=%E9%BB%92%E7%8C%AB%E5%A4%9C%20%E8%B5%A4%E5%9D%82%E5%BA%97%20%E6%9D%B1%E4%BA%AC%E9%83%BD%E6%B8%AF%E5%8C%BA%E8%B5%A4%E5%9D%823-9-8%20%E7%AF%A0%E5%8E%9F%E3%83%93%E3%83%AB%E3%80%80%EF%BC%93%EF%BC%A6,35.6765791,139.7366841,2024,中国料理 TOKYO,chinese_tokyo,発表日：2024年6月11日
家寶 跳龍門,東京都中央区銀座6-10-1 銀座シックス 6F,食べログ 中国料理 TOKYO 百名店 2024,https://tabelog.com/tokyo/A1301/A130101/13263227/,https://tabelog.com/tokyo/A1301/A130101/13263227/?cid=google_yoyaku,https://www.google.com/maps/search/?api=1&query=%E5%AE%B6%E5%AF%B6%20%E8%B7%B3%E9%BE%8D%E9%96%80%20%E6%9D%B1%E4%BA%AC%E9%83%BD%E4%B8%AD%E5%A4%AE%E5%8C%BA%E9%8A%80%E5%BA%A76-10-1%20%E9%8A%80%E5%BA%A7%E3%82%B7%E3%83%83%E3%82%AF%E3%82%B9%206F,35.6694953,139.7635434,2024,中国料理 TOKYO,chinese_tokyo,発表日：2024年6月11日
シェフス,東京都新宿区新宿1-24-1 藤和ハイタウン　１Ｆ,食べログ 中国料理 TOKYO 百名店 2024,https://tabelog.com/tokyo/A1304/A130402/13000884/,https://tabelog.com/tokyo/A1304/A130402/13000884/?cid=google_yoyaku,https://www.google.com/maps/search/?api=1&query=%E3%82%B7%E3%82%A7%E3%83%95%E3%82%B9%20%E6%9D%B1%E4%BA%AC%E9%83%BD%E6%96%B0%E5%AE%BF%E5%8C%BA%E6%96%B0%E5%AE%BF1-24-1%20%E8%97%A4%E5%92%8C%E3%83%8F%E3%82%A4%E3%82%BF%E3%82%A6%E3%83%B3%E3%80%80%EF%BC%91%EF%BC%A6,35.6897416,139.7142075,2024,中国料理 TOKYO,chinese_tokyo,発表日：2024年6月11日
中国飯店 富麗華,東京都港区東麻布3-7-5,食べログ 中国料理 TOKYO 百名店 2024,https://tabelog.com/tokyo/A1307/A130702/13004967/,,https://www.google.com/maps/search/?api=1&query=%E4%B8%AD%E5%9B%BD%E9%A3%AF%E5%BA%97%20%E5%AF%8C%E9%BA%97%E8%8F%AF%20%E6%9D%B1%E4%BA%AC%E9%83%BD%E6%B8%AF%E5%8C%BA%E6%9D%B1%E9%BA%BB%E5%B8%833-7-5,35.6562742,139.7384840,2024,中国料理 TOKYO,chinese_tokyo,発表日：2024年6月11日
茶禅華,東京都港区南麻布4-7-5,食べログ 中国料理 TOKYO 百名店 2024,https://tabelog.com/tokyo/A1307/A130703/13205298/,,https://www.google.com/maps/search/?api=1&query=%E8%8C%B6%E7%A6%85%E8%8F%AF%20%E6%9D%B1%E4%BA%AC%E9%83%BD%E6%B8%AF%E5%8C%BA%E5%8D%97%E9%BA%BB%E5%B8%834-7-5,35.6495829,139.7283719,2024,中国料理 TOKYO,chinese_tokyo,発表日：2024年6月11日
中国四川料理 梅香,東京都新宿区横寺町37-39 中島第一ビル　１Ｆ,食べログ 中国料理 TOKYO 百名店 2024,https://tabelog.com/tokyo/A1309/A130905/13059767/,,https://www.google.com/maps/search/?api=1&query=%E4%B8%AD%E5%9B%BD%E5%9B%9B%E5%B7%9D%E6%96%99%E7%90%86%20%E6%A2%85%E9%A6%99%20%E6%9D%B1%E4%BA%AC%E9%83%BD%E6%96%B0%E5%AE%BF%E5%8C%BA%E6%A8%AA%E5%AF%BA%E7%94%BA37-39%20%E4%B8%AD%E5%B3%B6%E7%AC%AC%E4%B8%80%E3%83%93%E3%83%AB%E3%80%80%EF%BC%91%EF%BC%A6,35.7012046,139.7363552,2024,中国料理 TOKYO,chinese_tokyo,発表日：2024年6月11日
Ji-Cube,東京都港区西麻布3-18-10,食べログ 中国料理 TOKYO 百名店 2024,https://tabelog.com/tokyo/A1307/A130701/13259432/,,https://www.google.com/maps/search/?api=1&query=Ji-Cube%20%E6%9D%B1%E4%BA%AC%E9%83%BD%E6%B8%AF%E5%8C%BA%E8%A5%BF%E9%BA%BB%E5%B8%833-18-10,35.6590918,139.7260749,2024,中国料理 TOKYO,chinese_tokyo,発表日：2024年6月11日
赤坂 桃の木,東京都千代田区紀尾井町1-3 紀尾井テラス 3F,食べログ 中国料理 TOKYO 百名店 2024,https://tabelog.com/tokyo/A1308/A130803/13244424/,https://tabelog.com/tokyo/A1308/A130803/13244424/?cid=google_yoyaku,https://www.google.com/maps/search/?api=1&query=%E8%B5%A4%E5%9D%82%20%E6%A1%83%E3%81%AE%E6%9C%A8%20%E6%9D%B1%E4%BA%AC%E9%83%BD%E5%8D%83%E4%BB%A3%E7%94%B0%E5%8C%BA%E7%B4%80%E5%B0%BE%E4%BA%95%E7%94%BA1-3%20%E7%B4%80%E5%B0%BE%E4%BA%95%E3%83%86%E3%83%A9%E3%82%B9%203F,35.6792060,139.7375213,2024,中国料理 TOKYO,chinese_tokyo,発表日：2024年6月11日
蓮香,東京都港区白金4-1-7,食べログ 中国料理 TOKYO 百名店 2024,https://tabelog.com/tokyo/A1316/A131602/13190771/,,https://www.google.com/maps/search/?api=1&query=%E8%93%AE%E9%A6%99%20%E6%9D%B1%E4%BA%AC%E9%83%BD%E6%B8%AF%E5%8C%BA%E7%99%BD%E9%87%914-1-7,35.6442516,139.7267408,2024,中国料理 TOKYO,chinese_tokyo,発表日：2024年6月11日
錦福 香港美食,東京都千代田区九段北1-9-12,食べログ 中国料理 TOKYO 百名店 2024,https://tabelog.com/tokyo/A1309/A130906/13218085/,,https://www.google.com/maps/search/?api=1&query=%E9%8C%A6%E7%A6%8F%20%E9%A6%99%E6%B8%AF%E7%BE%8E%E9%A3%9F%20%E6%9D%B1%E4%BA%AC%E9%83%BD%E5%8D%83%E4%BB%A3%E7%94%B0%E5%8C%BA%E4%B9%9D%E6%AE%B5%E5%8C%971-9-12,35.6980132,139.7507203,2024,中国料理 TOKYO,chinese_tokyo,発表日：2024年6月11日
わさ,東京都渋谷区東3-16-1 ベルザ恵比寿 1F,食べログ 中国料理 TOKYO 百名店 2024,https://tabelog.com/tokyo/A1303/A130302/13251804/,,https://www.google.com/maps/search/?api=1&query=%E3%82%8F%E3%81%95%20%E6%9D%B1%E4%BA%AC%E9%83%BD%E6%B8%8B%E8%B0%B7%E5%8C%BA%E6%9D%B13-16-1%20%E3%83%99%E3%83%AB%E3%82%B6%E6%81%B5%E6%AF%94%E5%AF%BF%201F,35.6498158,139.7101141,2024,中国料理 TOKYO,chinese_tokyo,発表日：2024年6月11日
ヘイフンテラス,東京都千代田区有楽町1-8-1 ザ・ペニンシュラ東京　２Ｆ,食べログ 中国料理 TOKYO 百名店 2024,https://tabelog.com/tokyo/A1301/A130102/13042931/,https://tabelog.com/tokyo/A1301/A130102/13042931/?cid=google_yoyaku,https://www.google.com/maps/search/?api=1&query=%E3%83%98%E3%82%A4%E3%83%95%E3%83%B3%E3%83%86%E3%83%A9%E3%82%B9%20%E6%9D%B1%E4%BA%AC%E9%83%BD%E5%8D%83%E4%BB%A3%E7%94%B0%E5%8C%BA%E6%9C%89%E6%A5%BD%E7%94%BA1-8-1%20%E3%82%B6%E3%83%BB%E3%83%9A%E3%83%8B%E3%83%B3%E3%82%B7%E3%83%A5%E3%83%A9%E6%9D%B1%E4%BA%AC%E3%80%80%EF%BC%92%EF%BC%A6,35.6748483,139.7603149,2024,中国料理 TOKYO,chinese_tokyo,発表日：2024年6月11日
ミモザ,東京都港区南青山3-10-40 フィオラ南青山ビル 2F,食べログ 中国料理 TOKYO 百名店 2024,https://tabelog.com/tokyo/A1306/A130602/13197047/,https://tabelog.com/tokyo/A1306/A130602/13197047/?cid=google_yoyaku,https://www.google.com/maps/search/?api=1&query=%E3%83%9F%E3%83%A2%E3%82%B6%20%E6%9D%B1%E4%BA%AC%E9%83%BD%E6%B8%AF%E5%8C%BA%E5%8D%97%E9%9D%92%E5%B1%B13-10-40%20%E3%83%95%E3%82%A3%E3%82%AA%E3%83%A9%E5%8D%97%E9%9D%92%E5%B1%B1%E3%83%93%E3%83%AB%202F,35.6664517,139.7143715,2024,中国料理 TOKYO,chinese_tokyo,発表日：2024年6月11日
中華寝台,東京都渋谷区道玄坂2-23-13 渋谷デリタワー 2Ｆ,食べログ 中国料理 TOKYO 百名店 2024,https://tabelog.com/tokyo/A1303/A130301/13240037/,https://tabelog.com/tokyo/A1303/A130301/13240037/?cid=google_yoyaku,https://www.google.com/maps/search/?api=1&query=%E4%B8%AD%E8%8F%AF%E5%AF%9D%E5%8F%B0%20%E6%9D%B1%E4%BA%AC%E9%83%BD%E6%B8%8B%E8%B0%B7%E5%8C%BA%E9%81%93%E7%8E%84%E5%9D%822-23-13%20%E6%B8%8B%E8%B0%B7%E3%83%87%E3%83%AA%E3%82%BF%E3%83%AF%E3%83%BC%202%EF%BC%A6,35.6601179,139.6961412,2024,中国料理 TOKYO,chinese_tokyo,発表日：2024年6月11日
メゾン・ド・ユーロン,東京都港区赤坂4-13-18,食べログ 中国料理 TOKYO 百名店 2024,https://tabelog.com/tokyo/A1308/A130801/13002871/,https://tabelog.com/tokyo/A1308/A130801/13002871/?cid=google_yoyaku,https://www.google.com/maps/search/?api=1&query=%E3%83%A1%E3%82%BE%E3%83%B3%E3%83%BB%E3%83%89%E3%83%BB%E3%83%A6%E3%83%BC%E3%83%AD%E3%83%B3%20%E6%9D%B1%E4%BA%AC%E9%83%BD%E6%B8%AF%E5%8C%BA%E8%B5%A4%E5%9D%824-13-18,35.6729496,139.7318089,2024,中国料理 TOKYO,chinese_tokyo,発表日：2024年6月11日
登龍 麻布店,東京都港区麻布十番2-4-5,食べログ 中国料理 TOKYO 百名店 2024,https://tabelog.com/tokyo/A1307/A130702/13001659/,,https://www.google.com/maps/search/?api=1&query=%E7%99%BB%E9%BE%8D%20%E9%BA%BB%E5%B8%83%E5%BA%97%20%E6%9D%B1%E4%BA%AC%E9%83%BD%E6%B8%AF%E5%8C%BA%E9%BA%BB%E5%B8%83%E5%8D%81%E7%95%AA2-4-5,35.6560177,139.7346461,2024,中国料理 TOKYO,chinese_tokyo,発表日：2024年6月11日
隼,東京都港区六本木4-4-2 ヒルサイドパレス六本木 B1F,食べログ 中国料理 TOKYO 百名店 2024,https://tabelog.com/tokyo/A1307/A130701/13225413/,,https://www.google.com/maps/search/?api=1&query=%E9%9A%BC%20%E6%9D%B1%E4%BA%AC%E9%83%BD%E6%B8%AF%E5%8C%BA%E5%85%AD%E6%9C%AC%E6%9C%A84-4-2%20%E3%83%92%E3%83%AB%E3%82%B5%E3%82%A4%E3%83%89%E3%83%91%E3%83%AC%E3%82%B9%E5%85%AD%E6%9C%AC%E6%9C%A8%20B1F,35.6652614,139.7324816,2024,中国料理 TOKYO,chinese_tokyo,発表日：2024年6月11日
の弥七,東京都新宿区荒木町2-9 MIT四ッ谷三丁目ビル 1F,食べログ 中国料理 TOKYO 百名店 2024,https://tabelog.com/tokyo/A1309/A130903/13209784/,https://tabelog.com/tokyo/A1309/A130903/13209784/?cid=google_yoyaku,https://www.google.com/maps/search/?api=1&query=%E3%81%AE%E5%BC%A5%E4%B8%83%20%E6%9D%B1%E4%BA%AC%E9%83%BD%E6%96%B0%E5%AE%BF%E5%8C%BA%E8%8D%92%E6%9C%A8%E7%94%BA2-9%20MIT%E5%9B%9B%E3%83%83%E8%B0%B7%E4%B8%89%E4%B8%81%E7%9B%AE%E3%83%93%E3%83%AB%201F,35.6885952,139.7224228,2024,中国料理 TOKYO,chinese_tokyo,発表日：2024年6月11日
筑紫樓 恵比寿店,東京都渋谷区恵比寿南1-10-2 恵比寿３２山京ビル　１Ｆ・２Ｆ,食べログ 中国料理 TOKYO 百名店 2024,https://tabelog.com/tokyo/A1303/A130302/13003323/,,https://www.google.com/maps/search/?api=1&query=%E7%AD%91%E7%B4%AB%E6%A8%93%20%E6%81%B5%E6%AF%94%E5%AF%BF%E5%BA%97%20%E6%9D%B1%E4%BA%AC%E9%83%BD%E6%B8%8B%E8%B0%B7%E5%8C%BA%E6%81%B5%E6%AF%94%E5%AF%BF%E5%8D%971-10-2%20%E6%81%B5%E6%AF%94%E5%AF%BF%EF%BC%93%EF%BC%92%E5%B1%B1%E4%BA%AC%E3%83%93%E3%83%AB%E3%80%80%EF%BC%91%EF%BC%A6%E3%83%BB%EF%BC%92%EF%BC%A6,35.6457454,139.7086245,2024,中国料理 TOKYO,chinese_tokyo,発表日：2024年6月11日
龍口酒家 本店,東京都-渋谷区幡ケ谷1-3-1 幡ヶ谷ゴールデンセンター　Ｂ１Ｆ,食べログ 中国料理 TOKYO 百名店 2024,https://tabelog.com/tokyo/A1318/A131807/13004350/,,https://www.google.com/maps/search/?api=1&query=%E9%BE%8D%E5%8F%A3%E9%85%92%E5%AE%B6%20%E6%9C%AC%E5%BA%97%20%E6%9D%B1%E4%BA%AC%E9%83%BD-%E6%B8%8B%E8%B0%B7%E5%8C%BA%E5%B9%A1%E3%82%B1%E8%B0%B71-3-1%20%E5%B9%A1%E3%83%B6%E8%B0%B7%E3%82%B4%E3%83%BC%E3%83%AB%E3%83%87%E3%83%B3%E3%82%BB%E3%83%B3%E3%82%BF%E3%83%BC%E3%80%80%EF%BC%A2%EF%BC%91%EF%BC%A6,35.6768564,139.6764600,2024,中国料理 TOKYO,chinese_tokyo,発表日：2024年6月11日
52,東京都港区六本木4-6-4 第５一越ビル 2F,食べログ 中国料理 TOKYO 百名店 2024,https://tabelog.com/tokyo/A1307/A130701/13150543/,,https://www.google.com/maps/search/?api=1&query=52%20%E6%9D%B1%E4%BA%AC%E9%83%BD%E6%B8%AF%E5%8C%BA%E5%85%AD%E6%9C%AC%E6%9C%A84-6-4%20%E7%AC%AC%EF%BC%95%E4%B8%80%E8%B6%8A%E3%83%93%E3%83%AB%202F,35.6644920,139.7325319,2024,中国料理 TOKYO,chinese_tokyo,発表日：2024年6月11日
カントニーズ 燕,東京都千代田区丸の内1-9-1 東京ステーションホテル B1F,食べログ 中国料理 TOKYO 百名店 2024,https://tabelog.com/tokyo/A1302/A130201/13147494/,https://tabelog.com/tokyo/A1302/A130201/13147494/?cid=google_yoyaku,https://www.google.com/maps/search/?api=1&query=%E3%82%AB%E3%83%B3%E3%83%88%E3%83%8B%E3%83%BC%E3%82%BA%20%E7%87%95%20%E6%9D%B1%E4%BA%AC%E9%83%BD%E5%8D%83%E4%BB%A3%E7%94%B0%E5%8C%BA%E4%B8%B8%E3%81%AE%E5%86%851-9-1%20%E6%9D%B1%E4%BA%AC%E3%82%B9%E3%83%86%E3%83%BC%E3%82%B7%E3%83%A7%E3%83%B3%E3%83%9B%E3%83%86%E3%83%AB%20B1F,35.6805701,139.7656199,2024,中国料理 TOKYO,chinese_tokyo,発表日：2024年6月11日
O2,東京都江東区三好2-15-12 峯岸ビル1F,食べログ 中国料理 TOKYO 百名店 2024,https://tabelog.com/tokyo/A1313/A131303/13219958/,,https://www.google.com/maps/search/?api=1&query=O2%20%E6%9D%B1%E4%BA%AC%E9%83%BD%E6%B1%9F%E6%9D%B1%E5%8C%BA%E4%B8%89%E5%A5%BD2-15-12%20%E5%B3%AF%E5%B2%B8%E3%83%93%E3%83%AB1F,35.6803082,139.8026955,2024,中国料理 TOKYO,chinese_tokyo,発表日：2024年6月11日
中国菜 膳楽房,東京都新宿区神楽坂1-11-8,食べログ 中国料理 TOKYO 百名店 2024,https://tabelog.com/tokyo/A1309/A130905/13156026/,https://tabelog.com/tokyo/A1309/A130905/13156026/?cid=google_yoyaku,https://www.google.com/maps/search/?api=1&query=%E4%B8%AD%E5%9B%BD%E8%8F%9C%20%E8%86%B3%E6%A5%BD%E6%88%BF%20%E6%9D%B1%E4%BA%AC%E9%83%BD%E6%96%B0%E5%AE%BF%E5%8C%BA%E7%A5%9E%E6%A5%BD%E5%9D%821-11-8,35.7003617,139.7420448,2024,中国料理 TOKYO,chinese_tokyo,発表日：2024年6月11日
中国菜 ARATA,東京都中央区日本橋小舟町15-17 協栄ビル 1F,食べログ 中国料理 TOKYO 百名店 2024,https://tabelog.com/tokyo/A1302/A130204/13277885/,https://tabelog.com/tokyo/A1302/A130204/13277885/?cid=google_yoyaku,https://www.google.com/maps/search/?api=1&query=%E4%B8%AD%E5%9B%BD%E8%8F%9C%20ARATA%20%E6%9D%B1%E4%BA%AC%E9%83%BD%E4%B8%AD%E5%A4%AE%E5%8C%BA%E6%97%A5%E6%9C%AC%E6%A9%8B%E5%B0%8F%E8%88%9F%E7%94%BA15-17%20%E5%8D%94%E6%A0%84%E3%83%93%E3%83%AB%201F,35.6853628,139.7797575,2024,中国料理 TOKYO,chinese_tokyo,発表日：2024年6月11日
馥香 浅草橋本店,東京都台東区柳橋2-14-2 アリス・マナーガーデン浅草橋　１Ｆ,食べログ 中国料理 TOKYO 百名店 2024,https://tabelog.com/tokyo/A1311/A131103/13010780/,,https://www.google.com/maps/search/?api=1&query=%E9%A6%A5%E9%A6%99%20%E6%B5%85%E8%8D%89%E6%A9%8B%E6%9C%AC%E5%BA%97%20%E6%9D%B1%E4%BA%AC%E9%83%BD%E5%8F%B0%E6%9D%B1%E5%8C%BA%E6%9F%B3%E6%A9%8B2-14-2%20%E3%82%A2%E3%83%AA%E3%82%B9%E3%83%BB%E3%83%9E%E3%83%8A%E3%83%BC%E3%82%AC%E3%83%BC%E3%83%87%E3%83%B3%E6%B5%85%E8%8D%89%E6%A9%8B%E3%80%80%EF%BC%91%EF%BC%A6,35.6992761,139.7877677,2024,中国料理 TOKYO,chinese_tokyo,発表日：2024年6月11日
萬来園,東京都品川区東大井5-6-8,食べログ 中国料理 TOKYO 百名店 2024,https://tabelog.com/tokyo/A1315/A131501/13001657/,,https://www.google.com/maps/search/?api=1&query=%E8%90%AC%E6%9D%A5%E5%9C%92%20%E6%9D%B1%E4%BA%AC%E9%83%BD%E5%93%81%E5%B7%9D%E5%8C%BA%E6%9D%B1%E5%A4%A7%E4%BA%955-6-8,35.6072690,139.7369677,2024,中国料理 TOKYO,chinese_tokyo,発表日：2024年6月11日
蟹王府,東京都中央区日本橋室町2-1-1 三井二号館 1F,食べログ 中国料理 TOKYO 百名店 2024,https://tabelog.com/tokyo/A1302/A130202/13253305/,https://tabelog.com/tokyo/A1302/A130202/13253305/?cid=google_yoyaku,https://www.google.com/maps/search/?api=1&query=%E8%9F%B9%E7%8E%8B%E5%BA%9C%20%E6%9D%B1%E4%BA%AC%E9%83%BD%E4%B8%AD%E5%A4%AE%E5%8C%BA%E6%97%A5%E6%9C%AC%E6%A9%8B%E5%AE%A4%E7%94%BA2-1-1%20%E4%B8%89%E4%BA%95%E4%BA%8C%E5%8F%B7%E9%A4%A8%201F,35.6866500,139.7724386,2024,中国料理 TOKYO,chinese_tokyo,発表日：2024年6月11日
慈華,東京都港区南青山2-14-15 AOYAMA FUSION Bldg. 2F,食べログ 中国料理 TOKYO 百名店 2024,https://tabelog.com/tokyo/A1306/A130603/13242634/,https://tabelog.com/tokyo/A1306/A130603/13242634/?cid=google_yoyaku,https://www.google.com/maps/search/?api=1&query=%E6%85%88%E8%8F%AF%20%E6%9D%B1%E4%BA%AC%E9%83%BD%E6%B8%AF%E5%8C%BA%E5%8D%97%E9%9D%92%E5%B1%B12-14-15%20AOYAMA%20FUSION%20Bldg.%202F,35.6702595,139.7202185,2024,中国料理 TOKYO,chinese_tokyo,発表日：2024年6月11日
ワキヤ 一笑美茶樓,東京都港区赤坂6-11-10,食べログ 中国料理 TOKYO 百名店 2024,https://tabelog.com/tokyo/A1308/A130801/13005033/,https://tabelog.com/tokyo/A1308/A130801/13005033/?cid=google_yoyaku,https://www.google.com/maps/search/?api=1&query=%E3%83%AF%E3%82%AD%E3%83%A4%20%E4%B8%80%E7%AC%91%E7%BE%8E%E8%8C%B6%E6%A8%93%20%E6%9D%B1%E4%BA%AC%E9%83%BD%E6%B8%AF%E5%8C%BA%E8%B5%A4%E5%9D%826-11-10,35.6696475,139.7348561,2024,中国料理 TOKYO,chinese_tokyo,発表日：2024年6月11日
サエキ飯店,東京都目黒区三田2-10-30 荒井ビル 1F,食べログ 中国料理 TOKYO 百名店 2024,https://tabelog.com/tokyo/A1316/A131601/13233311/,,https://www.google.com/maps/search/?api=1&query=%E3%82%B5%E3%82%A8%E3%82%AD%E9%A3%AF%E5%BA%97%20%E6%9D%B1%E4%BA%AC%E9%83%BD%E7%9B%AE%E9%BB%92%E5%8C%BA%E4%B8%89%E7%94%B02-10-30%20%E8%8D%92%E4%BA%95%E3%83%93%E3%83%AB%201F,35.6391038,139.7124151,2024,中国料理 TOKYO,chinese_tokyo,発表日：2024年6月11日
四川料理 龍の子,東京都渋谷区神宮前1-8-5 メナー神宮前 B1Ｆ,食べログ 中国料理 TOKYO 百名店 2024,https://tabelog.com/tokyo/A1306/A130601/13001219/,,https://www.google.com/maps/search/?api=1&query=%E5%9B%9B%E5%B7%9D%E6%96%99%E7%90%86%20%E9%BE%8D%E3%81%AE%E5%AD%90%20%E6%9D%B1%E4%BA%AC%E9%83%BD%E6%B8%8B%E8%B0%B7%E5%8C%BA%E7%A5%9E%E5%AE%AE%E5%89%8D1-8-5%20%E3%83%A1%E3%83%8A%E3%83%BC%E7%A5%9E%E5%AE%AE%E5%89%8D%20B1%EF%BC%A6,35.6702109,139.7064826,2024,中国料理 TOKYO,chinese_tokyo,発表日：2024年6月11日
私厨房 勇,東京都港区白金6-5-5 モリハウス 1F,食べログ 中国料理 TOKYO 百名店 2024,https://tabelog.com/tokyo/A1316/A131602/13168401/,,https://www.google.com/maps/search/?api=1&query=%E7%A7%81%E5%8E%A8%E6%88%BF%20%E5%8B%87%20%E6%9D%B1%E4%BA%AC%E9%83%BD%E6%B8%AF%E5%8C%BA%E7%99%BD%E9%87%916-5-5%20%E3%83%A2%E3%83%AA%E3%83%8F%E3%82%A6%E3%82%B9%201F,35.6443394,139.7251566,2024,中国料理 TOKYO,chinese_tokyo,発表日：2024年6月11日
中国飯店 琥珀宮,東京都千代田区丸の内 1-1-1 パレスホテル東京 5F,食べログ 中国料理 TOKYO 百名店 2024,https://tabelog.com/tokyo/A1302/A130201/13141135/,,https://www.google.com/maps/search/?api=1&query=%E4%B8%AD%E5%9B%BD%E9%A3%AF%E5%BA%97%20%E7%90%A5%E7%8F%80%E5%AE%AE%20%E6%9D%B1%E4%BA%AC%E9%83%BD%E5%8D%83%E4%BB%A3%E7%94%B0%E5%8C%BA%E4%B8%B8%E3%81%AE%E5%86%85%201-1-1%20%E3%83%91%E3%83%AC%E3%82%B9%E3%83%9B%E3%83%86%E3%83%AB%E6%9D%B1%E4%BA%AC%205F,35.6845076,139.7612291,2024,中国料理 TOKYO,chinese_tokyo,発表日：2024年6月11日
對馬,東京都港区元麻布3-2-3 けやき坂 NEST 1F,食べログ 中国料理 TOKYO 百名店 2024,https://tabelog.com/tokyo/A1307/A130701/13245835/,https://tabelog.com/tokyo/A1307/A130701/13245835/?cid=google_yoyaku,https://www.google.com/maps/search/?api=1&query=%E5%B0%8D%E9%A6%AC%20%E6%9D%B1%E4%BA%AC%E9%83%BD%E6%B8%AF%E5%8C%BA%E5%85%83%E9%BA%BB%E5%B8%833-2-3%20%E3%81%91%E3%82%84%E3%81%8D%E5%9D%82%20NEST%201F,35.6576306,139.7277532,2024,中国料理 TOKYO,chinese_tokyo,発表日：2024年6月11日
銀座 上瀧,東京都中央区銀座7-5-15 AG1ビル 3F,食べログ 中国料理 TOKYO 百名店 2024,https://tabelog.com/tokyo/A1301/A130101/13267801/,,https://www.google.com/maps/search/?api=1&query=%E9%8A%80%E5%BA%A7%20%E4%B8%8A%E7%80%A7%20%E6%9D%B1%E4%BA%AC%E9%83%BD%E4%B8%AD%E5%A4%AE%E5%8C%BA%E9%8A%80%E5%BA%A77-5-15%20AG1%E3%83%93%E3%83%AB%203F,35.6698021,139.7610528,2024,中国料理 TOKYO,chinese_tokyo,発表日：2024年6月11日
旬華 なか村,東京都中央区東日本橋2-11-7 ラスパシオ東日本橋リバーサイド 1F,食べログ 中国料理 TOKYO 百名店 2024,https://tabelog.com/tokyo/A1302/A130204/13261122/,https://tabelog.com/tokyo/A1302/A130204/13261122/?cid=google_yoyaku,https://www.google.com/maps/search/?api=1&query=%E6%97%AC%E8%8F%AF%20%E3%81%AA%E3%81%8B%E6%9D%91%20%E6%9D%B1%E4%BA%AC%E9%83%BD%E4%B8%AD%E5%A4%AE%E5%8C%BA%E6%9D%B1%E6%97%A5%E6%9C%AC%E6%A9%8B2-11-7%20%E3%83%A9%E3%82%B9%E3%83%91%E3%82%B7%E3%82%AA%E6%9D%B1%E6%97%A5%E6%9C%AC%E6%A9%8B%E3%83%AA%E3%83%90%E3%83%BC%E3%82%B5%E3%82%A4%E3%83%89%201F,35.6928458,139.7871545,2024,中国料理 TOKYO,chinese_tokyo,発表日：2024年6月11日
中国飯店 六本木店,東京都港区西麻布1-1-5 オリエンタルビル　１Ｆ・２Ｆ,食べログ 中国料理 TOKYO 百名店 2024,https://tabelog.com/tokyo/A1307/A130701/13001954/,https://tabelog.com/tokyo/A1307/A130701/13001954/?cid=google_yoyaku,https://www.google.com/maps/search/?api=1&query=%E4%B8%AD%E5%9B%BD%E9%A3%AF%E5%BA%97%20%E5%85%AD%E6%9C%AC%E6%9C%A8%E5%BA%97%20%E6%9D%B1%E4%BA%AC%E9%83%BD%E6%B8%AF%E5%8C%BA%E8%A5%BF%E9%BA%BB%E5%B8%831-1-5%20%E3%82%AA%E3%83%AA%E3%82%A8%E3%83%B3%E3%82%BF%E3%83%AB%E3%83%93%E3%83%AB%E3%80%80%EF%BC%91%EF%BC%A6%E3%83%BB%EF%BC%92%EF%BC%A6,35.6615104,139.7279904,2024,中国料理 TOKYO,chinese_tokyo,発表日：2024年6月11日
series,東京都港区麻布台3-4-11 麻布エスビル 1F,食べログ 中国料理 TOKYO 百名店 2024,https://tabelog.com/tokyo/A1307/A130701/13246575/,https://tabelog.com/tokyo/A1307/A130701/13246575/?cid=google_yoyaku,https://www.google.com/maps/search/?api=1&query=series%20%E6%9D%B1%E4%BA%AC%E9%83%BD%E6%B8%AF%E5%8C%BA%E9%BA%BB%E5%B8%83%E5%8F%B03-4-11%20%E9%BA%BB%E5%B8%83%E3%82%A8%E3%82%B9%E3%83%93%E3%83%AB%201F,35.6606078,139.7390035,2024,中国料理 TOKYO,chinese_tokyo,発表日：2024年6月11日
飄香 広尾店,東京都渋谷区広尾5-19-1 HIROO VILLAGE 1-2F,食べログ 中国料理 TOKYO 百名店 2024,https://tabelog.com/tokyo/A1307/A130703/13274033/,https://tabelog.com/tokyo/A1307/A130703/13274033/?cid=google_yoyaku,https://www.google.com/maps/search/?api=1&query=%E9%A3%84%E9%A6%99%20%E5%BA%83%E5%B0%BE%E5%BA%97%20%E6%9D%B1%E4%BA%AC%E9%83%BD%E6%B8%8B%E8%B0%B7%E5%8C%BA%E5%BA%83%E5%B0%BE5-19-1%20HIROO%20VILLAGE%201-2F,35.6490149,139.7195953,2024,中国料理 TOKYO,chinese_tokyo,発表日：2024年6月11日
龍朋,東京都新宿区矢来町123 第一矢来ビル Ｂ１,食べログ 中国料理 TOKYO 百名店 2024,https://tabelog.com/tokyo/A1309/A130905/13006446/,,https://www.google.com/maps/search/?api=1&query=%E9%BE%8D%E6%9C%8B%20%E6%9D%B1%E4%BA%AC%E9%83%BD%E6%96%B0%E5%AE%BF%E5%8C%BA%E7%9F%A2%E6%9D%A5%E7%94%BA123%20%E7%AC%AC%E4%B8%80%E7%9F%A2%E6%9D%A5%E3%83%93%E3%83%AB%20%EF%BC%A2%EF%BC%91,35.7042238,139.7335669,2024,中国料理 TOKYO,chinese_tokyo,発表日：2024年6月11日
小熊飯店,東京都渋谷区千駄ヶ谷3-14-10 Chez Castor B1F,食べログ 中国料理 TOKYO 百名店 2024,https://tabelog.com/tokyo/A1309/A130901/13142019/,,https://www.google.com/maps/search/?api=1&query=%E5%B0%8F%E7%86%8A%E9%A3%AF%E5%BA%97%20%E6%9D%B1%E4%BA%AC%E9%83%BD%E6%B8%8B%E8%B0%B7%E5%8C%BA%E5%8D%83%E9%A7%84%E3%83%B6%E8%B0%B73-14-10%20Chez%20Castor%20B1F,35.6769107,139.7066522,2024,中国料理 TOKYO,chinese_tokyo,発表日：2024年6月11日
赤坂珉珉,東京都港区赤坂8-7-4,食べログ 中国料理 TOKYO 百名店 2024,https://tabelog.com/tokyo/A1307/A130701/13001342/,,https://www.google.com/maps/search/?api=1&query=%E8%B5%A4%E5%9D%82%E7%8F%89%E7%8F%89%20%E6%9D%B1%E4%BA%AC%E9%83%BD%E6%B8%AF%E5%8C%BA%E8%B5%A4%E5%9D%828-7-4,35.6707848,139.7296758,2024,中国料理 TOKYO,chinese_tokyo,発表日：2024年6月11日
SEN YO,東京都杉並区和田3-18-9,食べログ 中国料理 TOKYO 百名店 2024,https://tabelog.com/tokyo/A1319/A131904/13135036/,,https://www.google.com/maps/search/?api=1&query=SEN%20YO%20%E6%9D%B1%E4%BA%AC%E9%83%BD%E6%9D%89%E4%B8%A6%E5%8C%BA%E5%92%8C%E7%94%B03-18-9,35.6941377,139.6544985,2024,中国料理 TOKYO,chinese_tokyo,発表日：2024年6月11日
敦煌,東京都新宿区舟町15 野方ビル　１Ｆ,食べログ 中国料理 TOKYO 百名店 2024,https://tabelog.com/tokyo/A1309/A130903/13000935/,,https://www.google.com/maps/search/?api=1&query=%E6%95%A6%E7%85%8C%20%E6%9D%B1%E4%BA%AC%E9%83%BD%E6%96%B0%E5%AE%BF%E5%8C%BA%E8%88%9F%E7%94%BA15%20%E9%87%8E%E6%96%B9%E3%83%93%E3%83%AB%E3%80%80%EF%BC%91%EF%BC%A6,35.6918436,139.7213819,2024,中国料理 TOKYO,chinese_tokyo,発表日：2024年6月11日
REIKASAI GINZA,東京都中央区銀座1-7-7 ポーラ銀座ビル ９F,食べログ 中国料理 TOKYO 百名店 2024,https://tabelog.com/tokyo/A1301/A130101/13196687/,https://tabelog.com/tokyo/A1301/A130101/13196687/?cid=google_yoyaku,https://www.google.com/maps/search/?api=1&query=REIKASAI%20GINZA%20%E6%9D%B1%E4%BA%AC%E9%83%BD%E4%B8%AD%E5%A4%AE%E5%8C%BA%E9%8A%80%E5%BA%A71-7-7%20%E3%83%9D%E3%83%BC%E3%83%A9%E9%8A%80%E5%BA%A7%E3%83%93%E3%83%AB%20%EF%BC%99F,35.6742909,139.7679227,2024,中国料理 TOKYO,chinese_tokyo,発表日：2024年6月11日
北京遊膳,東京都杉並区荻窪5-24-7 富士ビル　２Ｆ,食べログ 中国料理 TOKYO 百名店 2024,https://tabelog.com/tokyo/A1319/A131906/13001102/,,https://www.google.com/maps/search/?api=1&query=%E5%8C%97%E4%BA%AC%E9%81%8A%E8%86%B3%20%E6%9D%B1%E4%BA%AC%E9%83%BD%E6%9D%89%E4%B8%A6%E5%8C%BA%E8%8D%BB%E7%AA%AA5-24-7%20%E5%AF%8C%E5%A3%AB%E3%83%93%E3%83%AB%E3%80%80%EF%BC%92%EF%BC%A6,35.7038674,139.6199057,2024,中国料理 TOKYO,chinese_tokyo,発表日：2024年6月11日
ビーフン東,東京都港区新橋2-20-15 新橋駅前ビル1号館 2F,食べログ 中国料理 TOKYO 百名店 2024,https://tabelog.com/tokyo/A1301/A130103/13002609/,,https://www.google.com/maps/search/?api=1&query=%E3%83%93%E3%83%BC%E3%83%95%E3%83%B3%E6%9D%B1%20%E6%9D%B1%E4%BA%AC%E9%83%BD%E6%B8%AF%E5%8C%BA%E6%96%B0%E6%A9%8B2-20-15%20%E6%96%B0%E6%A9%8B%E9%A7%85%E5%89%8D%E3%83%93%E3%83%AB1%E5%8F%B7%E9%A4%A8%202F,35.6661866,139.7594874,2024,中国料理 TOKYO,chinese_tokyo,発表日：2024年6月11日
一平飯店,東京都港区元麻布3-12-41,食べログ 中国料理 TOKYO 百名店 2024,https://tabelog.com/tokyo/A1307/A130702/13268624/,https://tabelog.com/tokyo/A1307/A130702/13268624/?cid=google_yoyaku,https://www.google.com/maps/search/?api=1&query=%E4%B8%80%E5%B9%B3%E9%A3%AF%E5%BA%97%20%E6%9D%B1%E4%BA%AC%E9%83%BD%E6%B8%AF%E5%8C%BA%E5%85%83%E9%BA%BB%E5%B8%833-12-41,35.6563514,139.7318254,2024,中国料理 TOKYO,chinese_tokyo,発表日：2024年6月11日
龍天門,東京都目黒区三田1-4-1 ウェスティンホテル東京 2F,食べログ 中国料理 TOKYO 百名店 2024,https://tabelog.com/tokyo/A1303/A130302/13004490/,https://tabelog.com/tokyo/A1303/A130302/13004490/?cid=google_yoyaku,https://www.google.com/maps/search/?api=1&query=%E9%BE%8D%E5%A4%A9%E9%96%80%20%E6%9D%B1%E4%BA%AC%E9%83%BD%E7%9B%AE%E9%BB%92%E5%8C%BA%E4%B8%89%E7%94%B01-4-1%20%E3%82%A6%E3%82%A7%E3%82%B9%E3%83%86%E3%82%A3%E3%83%B3%E3%83%9B%E3%83%86%E3%83%AB%E6%9D%B1%E4%BA%AC%202F,35.6415864,139.7154311,2024,中国料理 TOKYO,chinese_tokyo,発表日：2024年6月11日
中華風家庭料理 ふーみん,東京都港区南青山5-7-17 小原流会館 B1F,食べログ 中国料理 TOKYO 百名店 2024,https://tabelog.com/tokyo/A1306/A130602/13002096/,https://tabelog.com/tokyo/A1306/A130602/13002096/?cid=google_yoyaku,https://www.google.com/maps/search/?api=1&query=%E4%B8%AD%E8%8F%AF%E9%A2%A8%E5%AE%B6%E5%BA%AD%E6%96%99%E7%90%86%20%E3%81%B5%E3%83%BC%E3%81%BF%E3%82%93%20%E6%9D%B1%E4%BA%AC%E9%83%BD%E6%B8%AF%E5%8C%BA%E5%8D%97%E9%9D%92%E5%B1%B15-7-17%20%E5%B0%8F%E5%8E%9F%E6%B5%81%E4%BC%9A%E9%A4%A8%20B1F,35.6623336,139.7128389,2024,中国料理 TOKYO,chinese_tokyo,発表日：2024年6月11日
港式料理 鴻禧,東京都港区西新橋2-13-6 ミタニビル 1F,食べログ 中国料理 TOKYO 百名店 2024,https://tabelog.com/tokyo/A1308/A130802/13274319/,https://tabelog.com/tokyo/A1308/A130802/13274319/?cid=google_yoyaku,https://www.google.com/maps/search/?api=1&query=%E6%B8%AF%E5%BC%8F%E6%96%99%E7%90%86%20%E9%B4%BB%E7%A6%A7%20%E6%9D%B1%E4%BA%AC%E9%83%BD%E6%B8%AF%E5%8C%BA%E8%A5%BF%E6%96%B0%E6%A9%8B2-13-6%20%E3%83%9F%E3%82%BF%E3%83%8B%E3%83%93%E3%83%AB%201F,35.6667125,139.7516525,2024,中国料理 TOKYO,chinese_tokyo,発表日：2024年6月11日
ShinoiS,東京都港区白金台4-2-7 bld桜なみき 2F,食べログ 中国料理 TOKYO 百名店 2024,https://tabelog.com/tokyo/A1316/A131602/13241948/,,https://www.google.com/maps/search/?api=1&query=ShinoiS%20%E6%9D%B1%E4%BA%AC%E9%83%BD%E6%B8%AF%E5%8C%BA%E7%99%BD%E9%87%91%E5%8F%B04-2-7%20bld%E6%A1%9C%E3%81%AA%E3%81%BF%E3%81%8D%202F,35.6392938,139.7281820,2024,中国料理 TOKYO,chinese_tokyo,発表日：2024年6月11日
赤坂 四川飯店,東京都千代田区平河町2-5-5 全国旅館会館ビル　５Ｆ・６Ｆ,食べログ 中国料理 TOKYO 百名店 2024,https://tabelog.com/tokyo/A1308/A130803/13000434/,,https://www.google.com/maps/search/?api=1&query=%E8%B5%A4%E5%9D%82%20%E5%9B%9B%E5%B7%9D%E9%A3%AF%E5%BA%97%20%E6%9D%B1%E4%BA%AC%E9%83%BD%E5%8D%83%E4%BB%A3%E7%94%B0%E5%8C%BA%E5%B9%B3%E6%B2%B3%E7%94%BA2-5-5%20%E5%85%A8%E5%9B%BD%E6%97%85%E9%A4%A8%E4%BC%9A%E9%A4%A8%E3%83%93%E3%83%AB%E3%80%80%EF%BC%95%EF%BC%A6%E3%83%BB%EF%BC%96%EF%BC%A6,35.6798561,139.7393381,2024,中国料理 TOKYO,chinese_tokyo,発表日：2024年6月11日
farm studio #203,東京都目黒区鷹番2-20-4 学大十字街ビル 2F,食べログ 中国料理 TOKYO 百名店 2024,https://tabelog.com/tokyo/A1317/A131702/13236333/,https://tabelog.com/tokyo/A1317/A131702/13236333/?cid=google_yoyaku,https://www.google.com/maps/search/?api=1&query=farm%20studio%20%23203%20%E6%9D%B1%E4%BA%AC%E9%83%BD%E7%9B%AE%E9%BB%92%E5%8C%BA%E9%B7%B9%E7%95%AA2-20-4%20%E5%AD%A6%E5%A4%A7%E5%8D%81%E5%AD%97%E8%A1%97%E3%83%93%E3%83%AB%202F,35.6293472,139.6865334,2024,中国料理 TOKYO,chinese_tokyo,発表日：2024年6月11日
筑紫樓 銀座店,東京都中央区銀座7-10-1 ＳＴＲＡＴＡ　ＧＩＮＺＡ　Ｂ１Ｆ,食べログ 中国料理 TOKYO 百名店 2024,https://tabelog.com/tokyo/A1301/A130101/13030770/,,https://www.google.com/maps/search/?api=1&query=%E7%AD%91%E7%B4%AB%E6%A8%93%20%E9%8A%80%E5%BA%A7%E5%BA%97%20%E6%9D%B1%E4%BA%AC%E9%83%BD%E4%B8%AD%E5%A4%AE%E5%8C%BA%E9%8A%80%E5%BA%A77-10-1%20%EF%BC%B3%EF%BC%B4%EF%BC%B2%EF%BC%A1%EF%BC%B4%EF%BC%A1%E3%80%80%EF%BC%A7%EF%BC%A9%EF%BC%AE%EF%BC%BA%EF%BC%A1%E3%80%80%EF%BC%A2%EF%BC%91%EF%BC%A6,35.6689007,139.7635792,2024,中国料理 TOKYO,chinese_tokyo,発表日：2024年6月11日
中国飯店 市ヶ谷店,東京都千代田区九段北4-1-7 九段センタービル B1F,食べログ 中国料理 TOKYO 百名店 2024,https://tabelog.com/tokyo/A1309/A130904/13000553/,https://tabelog.com/tokyo/A1309/A130904/13000553/?cid=google_yoyaku,https://www.google.com/maps/search/?api=1&query=%E4%B8%AD%E5%9B%BD%E9%A3%AF%E5%BA%97%20%E5%B8%82%E3%83%B6%E8%B0%B7%E5%BA%97%20%E6%9D%B1%E4%BA%AC%E9%83%BD%E5%8D%83%E4%BB%A3%E7%94%B0%E5%8C%BA%E4%B9%9D%E6%AE%B5%E5%8C%974-1-7%20%E4%B9%9D%E6%AE%B5%E3%82%BB%E3%83%B3%E3%82%BF%E3%83%BC%E3%83%93%E3%83%AB%20B1F,35.6930157,139.7394681,2024,中国料理 TOKYO,chinese_tokyo,発表日：2024年6月11日
中国意境菜 白燕,東京都台東区元浅草2-7-10 オルタンシアIV 2F,食べログ 中国料理 TOKYO 百名店 2024,https://tabelog.com/tokyo/A1311/A131101/13238666/,https://tabelog.com/tokyo/A1311/A131101/13238666/?cid=google_yoyaku,https://www.google.com/maps/search/?api=1&query=%E4%B8%AD%E5%9B%BD%E6%84%8F%E5%A2%83%E8%8F%9C%20%E7%99%BD%E7%87%95%20%E6%9D%B1%E4%BA%AC%E9%83%BD%E5%8F%B0%E6%9D%B1%E5%8C%BA%E5%85%83%E6%B5%85%E8%8D%892-7-10%20%E3%82%AA%E3%83%AB%E3%82%BF%E3%83%B3%E3%82%B7%E3%82%A2IV%202F,35.7106932,139.7830383,2024,中国料理 TOKYO,chinese_tokyo,発表日：2024年6月11日
スーツァン・レストラン陳 渋谷店,東京都渋谷区桜丘町26-1 セルリアンタワー東急ホテル 2F,食べログ 中国料理 TOKYO 百名店 2024,https://tabelog.com/tokyo/A1303/A130301/13001909/,https://tabelog.com/tokyo/A1303/A130301/13001909/?cid=google_yoyaku,https://www.google.com/maps/search/?api=1&query=%E3%82%B9%E3%83%BC%E3%83%84%E3%82%A1%E3%83%B3%E3%83%BB%E3%83%AC%E3%82%B9%E3%83%88%E3%83%A9%E3%83%B3%E9%99%B3%20%E6%B8%8B%E8%B0%B7%E5%BA%97%20%E6%9D%B1%E4%BA%AC%E9%83%BD%E6%B8%8B%E8%B0%B7%E5%8C%BA%E6%A1%9C%E4%B8%98%E7%94%BA26-1%20%E3%82%BB%E3%83%AB%E3%83%AA%E3%82%A2%E3%83%B3%E3%82%BF%E3%83%AF%E3%83%BC%E6%9D%B1%E6%80%A5%E3%83%9B%E3%83%86%E3%83%AB%202F,35.6564279,139.6994356,2024,中国料理 TOKYO,chinese_tokyo,発表日：2024年6月11日
黒猫夜 銀座店,東京都中央区銀座7-8-15 第2新橋会館 8F,食べログ 中国料理 TOKYO 百名店 2024,https://tabelog.com/tokyo/A1301/A130101/13162692/,https://tabelog.com/tokyo/A1301/A130101/13162692/?cid=google_yoyaku,https://www.google.com/maps/search/?api=1&query=%E9%BB%92%E7%8C%AB%E5%A4%9C%20%E9%8A%80%E5%BA%A7%E5%BA%97%20%E6%9D%B1%E4%BA%AC%E9%83%BD%E4%B8%AD%E5%A4%AE%E5%8C%BA%E9%8A%80%E5%BA%A77-8-15%20%E7%AC%AC2%E6%96%B0%E6%A9%8B%E4%BC%9A%E9%A4%A8%208F,35.6690982,139.7622020,2024,中国料理 TOKYO,chinese_tokyo,発表日：2024年6月11日
広尾はしづめ,東京都港区南麻布5-16-10 カルチェブラン広尾 2F,食べログ 中国料理 TOKYO 百名店 2024,https://tabelog.com/tokyo/A1307/A130703/13141454/,,https://www.google.com/maps/search/?api=1&query=%E5%BA%83%E5%B0%BE%E3%81%AF%E3%81%97%E3%81%A5%E3%82%81%20%E6%9D%B1%E4%BA%AC%E9%83%BD%E6%B8%AF%E5%8C%BA%E5%8D%97%E9%BA%BB%E5%B8%835-16-10%20%E3%82%AB%E3%83%AB%E3%83%81%E3%82%A7%E3%83%96%E3%83%A9%E3%83%B3%E5%BA%83%E5%B0%BE%202F,35.6513126,139.7233359,2024,中国料理 TOKYO,chinese_tokyo,発表日：2024年6月11日
銀座嘉禅,東京都中央区銀座6-3-11 西銀座ビル 2F,食べログ 中国料理 TOKYO 百名店 2024,https://tabelog.com/tokyo/A1301/A130101/13270780/,https://tabelog.com/tokyo/A1301/A130101/13270780/?cid=google_yoyaku,https://www.google.com/maps/search/?api=1&query=%E9%8A%80%E5%BA%A7%E5%98%89%E7%A6%85%20%E6%9D%B1%E4%BA%AC%E9%83%BD%E4%B8%AD%E5%A4%AE%E5%8C%BA%E9%8A%80%E5%BA%A76-3-11%20%E8%A5%BF%E9%8A%80%E5%BA%A7%E3%83%93%E3%83%AB%202F,35.6711887,139.7608842,2024,中国料理 TOKYO,chinese_tokyo,発表日：2024年6月11日
豊栄,東京都文京区本駒込3-1-8 COCOPLUS本駒込 1F,食べログ 中国料理 TOKYO 百名店 2024,https://tabelog.com/tokyo/A1323/A132301/13276558/,https://tabelog.com/tokyo/A1323/A132301/13276558/?cid=google_yoyaku,https://www.google.com/maps/search/?api=1&query=%E8%B1%8A%E6%A0%84%20%E6%9D%B1%E4%BA%AC%E9%83%BD%E6%96%87%E4%BA%AC%E5%8C%BA%E6%9C%AC%E9%A7%92%E8%BE%BC3-1-8%20COCOPLUS%E6%9C%AC%E9%A7%92%E8%BE%BC%201F,35.7258240,139.7536752,2024,中国料理 TOKYO,chinese_tokyo,発表日：2024年6月11日
中華香彩JASMINE 広尾本店,東京都渋谷区広尾5-22-3 広尾西川ビル 1F,食べログ 中国料理 TOKYO 百名店 2024,https://tabelog.com/tokyo/A1303/A130302/13123634/,https://tabelog.com/tokyo/A1303/A130302/13123634/?cid=google_yoyaku,https://www.google.com/maps/search/?api=1&query=%E4%B8%AD%E8%8F%AF%E9%A6%99%E5%BD%A9JASMINE%20%E5%BA%83%E5%B0%BE%E6%9C%AC%E5%BA%97%20%E6%9D%B1%E4%BA%AC%E9%83%BD%E6%B8%8B%E8%B0%B7%E5%8C%BA%E5%BA%83%E5%B0%BE5-22-3%20%E5%BA%83%E5%B0%BE%E8%A5%BF%E5%B7%9D%E3%83%93%E3%83%AB%201F,35.6486018,139.7178864,2024,中国料理 TOKYO,chinese_tokyo,発表日：2024年6月11日
エンジン,東京都新宿区神楽坂5-43-2 ROJI神楽坂 1F,食べログ 中国料理 TOKYO 百名店 2024,https://tabelog.com/tokyo/A1309/A130905/13178164/,,https://www.google.com/maps/search/?api=1&query=%E3%82%A8%E3%83%B3%E3%82%B8%E3%83%B3%20%E6%9D%B1%E4%BA%AC%E9%83%BD%E6%96%B0%E5%AE%BF%E5%8C%BA%E7%A5%9E%E6%A5%BD%E5%9D%825-43-2%20ROJI%E7%A5%9E%E6%A5%BD%E5%9D%82%201F,35.7022361,139.7394785,2024,中国料理 TOKYO,chinese_tokyo,発表日：2024年6月11日
香妃園,東京都港区六本木3-8-15 瀬里奈ビレッジ　２Ｆ,食べログ 中国料理 TOKYO 百名店 2024,https://tabelog.com/tokyo/A1307/A130701/13001271/,,https://www.google.com/maps/search/?api=1&query=%E9%A6%99%E5%A6%83%E5%9C%92%20%E6%9D%B1%E4%BA%AC%E9%83%BD%E6%B8%AF%E5%8C%BA%E5%85%AD%E6%9C%AC%E6%9C%A83-8-15%20%E7%80%AC%E9%87%8C%E5%A5%88%E3%83%93%E3%83%AC%E3%83%83%E3%82%B8%E3%80%80%EF%BC%92%EF%BC%A6,35.6634329,139.7340196,2024,中国料理 TOKYO,chinese_tokyo,発表日：2024年6月11日
フルタ,東京都中央区銀座1-21-14,食べログ 中国料理 TOKYO 百名店 2024,https://tabelog.com/tokyo/A1313/A131301/13176780/,,https://www.google.com/maps/search/?api=1&query=%E3%83%95%E3%83%AB%E3%82%BF%20%E6%9D%B1%E4%BA%AC%E9%83%BD%E4%B8%AD%E5%A4%AE%E5%8C%BA%E9%8A%80%E5%BA%A71-21-14,35.6725919,139.7707323,2024,中国料理 TOKYO,chinese_tokyo,発表日：2024年6月11日
好好,東京都品川区西五反田3-8-14,食べログ 中国料理 TOKYO 百名店 2024,https://tabelog.com/tokyo/A1317/A131710/13007471/,,https://www.google.com/maps/search/?api=1&query=%E5%A5%BD%E5%A5%BD%20%E6%9D%B1%E4%BA%AC%E9%83%BD%E5%93%81%E5%B7%9D%E5%8C%BA%E8%A5%BF%E4%BA%94%E5%8F%8D%E7%94%B03-8-14,35.6257023,139.7176838,2024,中国料理 TOKYO,chinese_tokyo,発表日：2024年6月11日
神田 雲林,東京都千代田区神田須田町1-17 2F,食べログ 中国料理 TOKYO 百名店 2024,https://tabelog.com/tokyo/A1310/A131002/13023052/,https://tabelog.com/tokyo/A1310/A131002/13023052/?cid=google_yoyaku,https://www.google.com/maps/search/?api=1&query=%E7%A5%9E%E7%94%B0%20%E9%9B%B2%E6%9E%97%20%E6%9D%B1%E4%BA%AC%E9%83%BD%E5%8D%83%E4%BB%A3%E7%94%B0%E5%8C%BA%E7%A5%9E%E7%94%B0%E9%A0%88%E7%94%B0%E7%94%BA1-17%202F,35.6966374,139.7686588,2024,中国料理 TOKYO,chinese_tokyo,発表日：2024年6月11日
中国料理 礼華 四君子草,東京都千代田区有楽町1-1-2 東京ミッドタウン日比谷 3F,食べログ 中国料理 TOKYO 百名店 2024,https://tabelog.com/tokyo/A1301/A130102/13219684/,https://tabelog.com/tokyo/A1301/A130102/13219684/?cid=google_yoyaku,https://www.google.com/maps/search/?api=1&query=%E4%B8%AD%E5%9B%BD%E6%96%99%E7%90%86%20%E7%A4%BC%E8%8F%AF%20%E5%9B%9B%E5%90%9B%E5%AD%90%E8%8D%89%20%E6%9D%B1%E4%BA%AC%E9%83%BD%E5%8D%83%E4%BB%A3%E7%94%B0%E5%8C%BA%E6%9C%89%E6%A5%BD%E7%94%BA1-1-2%20%E6%9D%B1%E4%BA%AC%E3%83%9F%E3%83%83%E3%83%89%E3%82%BF%E3%82%A6%E3%83%B3%E6%97%A5%E6%AF%94%E8%B0%B7%203F,35.6738561,139.7590166,2024,中国料理 TOKYO,chinese_tokyo,発表日：2024年6月11日
桃仙閣 東京,東京都港区六本木4-8-7 嶋田ビル B1F,食べログ 中国料理 TOKYO 百名店 2024,https://tabelog.com/tokyo/A1307/A130701/13250092/,https://tabelog.com/tokyo/A1307/A130701/13250092/?cid=google_yoyaku,https://www.google.com/maps/search/?api=1&query=%E6%A1%83%E4%BB%99%E9%96%A3%20%E6%9D%B1%E4%BA%AC%20%E6%9D%B1%E4%BA%AC%E9%83%BD%E6%B8%AF%E5%8C%BA%E5%85%AD%E6%9C%AC%E6%9C%A84-8-7%20%E5%B6%8B%E7%94%B0%E3%83%93%E3%83%AB%20B1F,35.6638974,139.7331332,2024,中国料理 TOKYO,chinese_tokyo,発表日：2024年6月11日
中華 銀座亭,東京都中央区銀座7-11-10,食べログ 中国料理 TOKYO 百名店 2024,https://tabelog.com/tokyo/A1301/A130101/13054334/,,https://www.google.com/maps/search/?api=1&query=%E4%B8%AD%E8%8F%AF%20%E9%8A%80%E5%BA%A7%E4%BA%AD%20%E6%9D%B1%E4%BA%AC%E9%83%BD%E4%B8%AD%E5%A4%AE%E5%8C%BA%E9%8A%80%E5%BA%A77-11-10,35.6680516,139.7630522,2024,中国料理 TOKYO,chinese_tokyo,発表日：2024年6月11日
赤坂璃宮 赤坂本店,東京都港区赤坂5-3-1 赤坂Bizタワー 2F,食べログ 中国料理 TOKYO 百名店 2024,https://tabelog.com/tokyo/A1308/A130801/13005028/,https://tabelog.com/tokyo/A1308/A130801/13005028/?cid=google_yoyaku,https://www.google.com/maps/search/?api=1&query=%E8%B5%A4%E5%9D%82%E7%92%83%E5%AE%AE%20%E8%B5%A4%E5%9D%82%E6%9C%AC%E5%BA%97%20%E6%9D%B1%E4%BA%AC%E9%83%BD%E6%B8%AF%E5%8C%BA%E8%B5%A4%E5%9D%825-3-1%20%E8%B5%A4%E5%9D%82Biz%E3%82%BF%E3%83%AF%E3%83%BC%202F,35.6730974,139.7357972,2024,中国料理 TOKYO,chinese_tokyo,発表日：2024年6月11日
筑紫樓 丸の内店,東京都千代田区丸の内2-4-1 丸の内ビルディング 5F,食べログ 中国料理 TOKYO 百名店 2024,https://tabelog.com/tokyo/A1302/A130201/13005656/,,https://www.google.com/maps/search/?api=1&query=%E7%AD%91%E7%B4%AB%E6%A8%93%20%E4%B8%B8%E3%81%AE%E5%86%85%E5%BA%97%20%E6%9D%B1%E4%BA%AC%E9%83%BD%E5%8D%83%E4%BB%A3%E7%94%B0%E5%8C%BA%E4%B8%B8%E3%81%AE%E5%86%852-4-1%20%E4%B8%B8%E3%81%AE%E5%86%85%E3%83%93%E3%83%AB%E3%83%87%E3%82%A3%E3%83%B3%E3%82%B0%205F,35.6812794,139.7635554,2024,中国料理 TOKYO,chinese_tokyo,発表日：2024年6月11日
中国料理 四川,東京都港区白金台1-1-50 シェラトン都ホテル東京 1F,食べログ 中国料理 TOKYO 百名店 2024,https://tabelog.com/tokyo/A1316/A131602/13000014/,https://tabelog.com/tokyo/A1316/A131602/13000014/?cid=google_yoyaku,https://www.google.com/maps/search/?api=1&query=%E4%B8%AD%E5%9B%BD%E6%96%99%E7%90%86%20%E5%9B%9B%E5%B7%9D%20%E6%9D%B1%E4%BA%AC%E9%83%BD%E6%B8%AF%E5%8C%BA%E7%99%BD%E9%87%91%E5%8F%B01-1-50%20%E3%82%B7%E3%82%A7%E3%83%A9%E3%83%88%E3%83%B3%E9%83%BD%E3%83%9B%E3%83%86%E3%83%AB%E6%9D%B1%E4%BA%AC%201F,35.6391190,139.7303239,2024,中国料理 TOKYO,chinese_tokyo,発表日：2024年6月11日
広東料理 センス,東京都中央区日本橋室町2-1-1 マンダリン オリエンタル 東京 37F,食べログ 中国料理 TOKYO 百名店 2024,https://tabelog.com/tokyo/A1302/A130202/13020361/,https://tabelog.com/tokyo/A1302/A130202/13020361/?cid=google_yoyaku,https://www.google.com/maps/search/?api=1&query=%E5%BA%83%E6%9D%B1%E6%96%99%E7%90%86%20%E3%82%BB%E3%83%B3%E3%82%B9%20%E6%9D%B1%E4%BA%AC%E9%83%BD%E4%B8%AD%E5%A4%AE%E5%8C%BA%E6%97%A5%E6%9C%AC%E6%A9%8B%E5%AE%A4%E7%94%BA2-1-1%20%E3%83%9E%E3%83%B3%E3%83%80%E3%83%AA%E3%83%B3%20%E3%82%AA%E3%83%AA%E3%82%A8%E3%83%B3%E3%82%BF%E3%83%AB%20%E6%9D%B1%E4%BA%AC%2037F,35.6870561,139.7730723,2024,中国料理 TOKYO,chinese_tokyo,発表日：2024年6月11日
老四川 飄香小院,東京都港区六本木6-10-1 六本木ヒルズ森タワーウェストウォーク 5F,食べログ 中国料理 TOKYO 百名店 2024,https://tabelog.com/tokyo/A1307/A130701/13226183/,https://tabelog.com/tokyo/A1307/A130701/13226183/?cid=google_yoyaku,https://www.google.com/maps/search/?api=1&query=%E8%80%81%E5%9B%9B%E5%B7%9D%20%E9%A3%84%E9%A6%99%E5%B0%8F%E9%99%A2%20%E6%9D%B1%E4%BA%AC%E9%83%BD%E6%B8%AF%E5%8C%BA%E5%85%AD%E6%9C%AC%E6%9C%A86-10-1%20%E5%85%AD%E6%9C%AC%E6%9C%A8%E3%83%92%E3%83%AB%E3%82%BA%E6%A3%AE%E3%82%BF%E3%83%AF%E3%83%BC%E3%82%A6%E3%82%A7%E3%82%B9%E3%83%88%E3%82%A6%E3%82%A9%E3%83%BC%E3%82%AF%205F,35.6608089,139.7293083,2024,中国料理 TOKYO,chinese_tokyo,発表日：2024年6月11日
みこころ 無添加チャイナ935,東京都千代田区神田小川町3-22 細野ビル 2F,食べログ 中国料理 TOKYO 百名店 2024,https://tabelog.com/tokyo/A1310/A131003/13241715/,,https://www.google.com/maps/search/?api=1&query=%E3%81%BF%E3%81%93%E3%81%93%E3%82%8D%20%E7%84%A1%E6%B7%BB%E5%8A%A0%E3%83%81%E3%83%A3%E3%82%A4%E3%83%8A935%20%E6%9D%B1%E4%BA%AC%E9%83%BD%E5%8D%83%E4%BB%A3%E7%94%B0%E5%8C%BA%E7%A5%9E%E7%94%B0%E5%B0%8F%E5%B7%9D%E7%94%BA3-22%20%E7%B4%B0%E9%87%8E%E3%83%93%E3%83%AB%202F,35.6964202,139.7617517,2024,中国料理 TOKYO,chinese_tokyo,発表日：2024年6月11日
ヤウメイ,東京都千代田区丸の内3-2-3 二重橋スクエア 2F,食べログ 中国料理 TOKYO 百名店 2024,https://tabelog.com/tokyo/A1301/A130102/13228215/,,https://www.google.com/maps/search/?api=1&query=%E3%83%A4%E3%82%A6%E3%83%A1%E3%82%A4%20%E6%9D%B1%E4%BA%AC%E9%83%BD%E5%8D%83%E4%BB%A3%E7%94%B0%E5%8C%BA%E4%B8%B8%E3%81%AE%E5%86%853-2-3%20%E4%BA%8C%E9%87%8D%E6%A9%8B%E3%82%B9%E3%82%AF%E3%82%A8%E3%82%A2%202F,35.6777079,139.7617439,2024,中国料理 TOKYO,chinese_tokyo,発表日：2024年6月11日
赤坂璃宮 銀座店,東京都中央区銀座6-8-7 交詢ビル 5F,食べログ 中国料理 TOKYO 百名店 2024,https://tabelog.com/tokyo/A1301/A130101/13013346/,https://tabelog.com/tokyo/A1301/A130101/13013346/?cid=google_yoyaku,https://www.google.com/maps/search/?api=1&query=%E8%B5%A4%E5%9D%82%E7%92%83%E5%AE%AE%20%E9%8A%80%E5%BA%A7%E5%BA%97%20%E6%9D%B1%E4%BA%AC%E9%83%BD%E4%B8%AD%E5%A4%AE%E5%8C%BA%E9%8A%80%E5%BA%A76-8-7%20%E4%BA%A4%E8%A9%A2%E3%83%93%E3%83%AB%205F,35.6700856,139.7627592,2024,中国料理 TOKYO,chinese_tokyo,発表日：2024年6月11日
竹韻飄香,東京都渋谷区上原1-17-14 LAビル 1F,食べログ 中国料理 TOKYO 百名店 2024,https://tabelog.com/tokyo/A1318/A131811/13264806/,,https://www.google.com/maps/search/?api=1&query=%E7%AB%B9%E9%9F%BB%E9%A3%84%E9%A6%99%20%E6%9D%B1%E4%BA%AC%E9%83%BD%E6%B8%8B%E8%B0%B7%E5%8C%BA%E4%B8%8A%E5%8E%9F1-17-14%20LA%E3%83%93%E3%83%AB%201F,35.6692775,139.6824993,2024,中国料理 TOKYO,chinese_tokyo,発表日：2024年6月11日
中国料理 桃花林,東京都港区虎ノ門2-10-4 The Okura Tokyoオークラ プレステージタワー 6F,食べログ 中国料理 TOKYO 百名店 2024,https://tabelog.com/tokyo/A1308/A130802/13238558/,,https://www.google.com/maps/search/?api=1&query=%E4%B8%AD%E5%9B%BD%E6%96%99%E7%90%86%20%E6%A1%83%E8%8A%B1%E6%9E%97%20%E6%9D%B1%E4%BA%AC%E9%83%BD%E6%B8%AF%E5%8C%BA%E8%99%8E%E3%83%8E%E9%96%802-10-4%20The%20Okura%20Tokyo%E3%82%AA%E3%83%BC%E3%82%AF%E3%83%A9%20%E3%83%97%E3%83%AC%E3%82%B9%E3%83%86%E3%83%BC%E3%82%B8%E3%82%BF%E3%83%AF%E3%83%BC%206F,35.6670688,139.7440118,2024,中国料理 TOKYO,chinese_tokyo,発表日：2024年6月11日
Ino Cantonese 日本橋 たかせ,東京都中央区日本橋堀留町1-8-11 人形町スクエア 1F,食べログ 中国料理 TOKYO 百名店 2024,https://tabelog.com/tokyo/A1302/A130204/13273526/,https://tabelog.com/tokyo/A1302/A130204/13273526/?cid=google_yoyaku,https://www.google.com/maps/search/?api=1&query=Ino%20Cantonese%20%E6%97%A5%E6%9C%AC%E6%A9%8B%20%E3%81%9F%E3%81%8B%E3%81%9B%20%E6%9D%B1%E4%BA%AC%E9%83%BD%E4%B8%AD%E5%A4%AE%E5%8C%BA%E6%97%A5%E6%9C%AC%E6%A9%8B%E5%A0%80%E7%95%99%E7%94%BA1-8-11%20%E4%BA%BA%E5%BD%A2%E7%94%BA%E3%82%B9%E3%82%AF%E3%82%A8%E3%82%A2%201F,35.6876024,139.7809853,2024,中国料理 TOKYO,chinese_tokyo,発表日：2024年6月11日
4000 Chinese Restaurant,東京都港区南青山7-10-10 パークアクシス南青山7丁目 1F,食べログ 中国料理 TOKYO 百名店 2024,https://tabelog.com/tokyo/A1307/A130703/13229559/,,https://www.google.com/maps/search/?api=1&query=4000%20Chinese%20Restaurant%20%E6%9D%B1%E4%BA%AC%E9%83%BD%E6%B8%AF%E5%8C%BA%E5%8D%97%E9%9D%92%E5%B1%B17-10-10%20%E3%83%91%E3%83%BC%E3%82%AF%E3%82%A2%E3%82%AF%E3%82%B7%E3%82%B9%E5%8D%97%E9%9D%92%E5%B1%B17%E4%B8%81%E7%9B%AE%201F,35.6588700,139.7186910,2024,中国料理 TOKYO,chinese_tokyo,発表日：2024年6月11日
南方中華料理 南三,東京都新宿区荒木町10-14 伍番館ビル 2F B,食べログ 中国料理 TOKYO 百名店 2024,https://tabelog.com/tokyo/A1309/A130903/13221235/,https://tabelog.com/tokyo/A1309/A130903/13221235/?cid=google_yoyaku,https://www.google.com/maps/search/?api=1&query=%E5%8D%97%E6%96%B9%E4%B8%AD%E8%8F%AF%E6%96%99%E7%90%86%20%E5%8D%97%E4%B8%89%20%E6%9D%B1%E4%BA%AC%E9%83%BD%E6%96%B0%E5%AE%BF%E5%8C%BA%E8%8D%92%E6%9C%A8%E7%94%BA10-14%20%E4%BC%8D%E7%95%AA%E9%A4%A8%E3%83%93%E3%83%AB%202F%20B,35.6895410,139.7226030,2024,中国料理 TOKYO,chinese_tokyo,発表日：2024年6月11日
中国菜 老四川 飄香 銀座三越店,東京都中央区銀座4-6-16 銀座三越新館 12F,食べログ 中国料理 TOKYO 百名店 2024,https://tabelog.com/tokyo/A1301/A130101/13115780/,https://tabelog.com/tokyo/A1301/A130101/13115780/?cid=google_yoyaku,https://www.google.com/maps/search/?api=1&query=%E4%B8%AD%E5%9B%BD%E8%8F%9C%20%E8%80%81%E5%9B%9B%E5%B7%9D%20%E9%A3%84%E9%A6%99%20%E9%8A%80%E5%BA%A7%E4%B8%89%E8%B6%8A%E5%BA%97%20%E6%9D%B1%E4%BA%AC%E9%83%BD%E4%B8%AD%E5%A4%AE%E5%8C%BA%E9%8A%80%E5%BA%A74-6-16%20%E9%8A%80%E5%BA%A7%E4%B8%89%E8%B6%8A%E6%96%B0%E9%A4%A8%2012F,35.6710355,139.7659531,2024,中国料理 TOKYO,chinese_tokyo,発表日：2024年6月11日
龍圓,東京都台東区西浅草3-1-9,食べログ 中国料理 TOKYO 百名店 2024,https://tabelog.com/tokyo/A1311/A131102/13003700/,https://tabelog.com/tokyo/A1311/A131102/13003700/?cid=google_yoyaku,https://www.google.com/maps/search/?api=1&query=%E9%BE%8D%E5%9C%93%20%E6%9D%B1%E4%BA%AC%E9%83%BD%E5%8F%B0%E6%9D%B1%E5%8C%BA%E8%A5%BF%E6%B5%85%E8%8D%893-1-9,35.7143127,139.7923262,2024,中国料理 TOKYO,chinese_tokyo,発表日：2024年6月11日
ジュウバー,東京都新宿区神楽坂2-12 神楽坂ビル 3F,食べログ 中国料理 TOKYO 百名店 2024,https://tabelog.com/tokyo/A1309/A130905/13207885/,,https://www.google.com/maps/search/?api=1&query=%E3%82%B8%E3%83%A5%E3%82%A6%E3%83%90%E3%83%BC%20%E6%9D%B1%E4%BA%AC%E9%83%BD%E6%96%B0%E5%AE%BF%E5%8C%BA%E7%A5%9E%E6%A5%BD%E5%9D%822-12%20%E7%A5%9E%E6%A5%BD%E5%9D%82%E3%83%93%E3%83%AB%203F,35.7010199,139.7414715,2024,中国料理 TOKYO,chinese_tokyo,発表日：2024年6月11日
中国飯店 三田店,東京都港区芝5-13-18 いちご三田ビル 1F,食べログ 中国料理 TOKYO 百名店 2024,https://tabelog.com/tokyo/A1314/A131402/13003506/,https://tabelog.com/tokyo/A1314/A131402/13003506/?cid=google_yoyaku,https://www.google.com/maps/search/?api=1&query=%E4%B8%AD%E5%9B%BD%E9%A3%AF%E5%BA%97%20%E4%B8%89%E7%94%B0%E5%BA%97%20%E6%9D%B1%E4%BA%AC%E9%83%BD%E6%B8%AF%E5%8C%BA%E8%8A%9D5-13-18%20%E3%81%84%E3%81%A1%E3%81%94%E4%B8%89%E7%94%B0%E3%83%93%E3%83%AB%201F,35.6496242,139.7449909,2024,中国料理 TOKYO,chinese_tokyo,発表日：2024年6月11日
中華 兆徳,東京都文京区向丘1-10-5,食べログ 中国料理 TOKYO 百名店 2024,https://tabelog.com/tokyo/A1323/A132301/13051394/,,https://www.google.com/maps/search/?api=1&query=%E4%B8%AD%E8%8F%AF%20%E5%85%86%E5%BE%B3%20%E6%9D%B1%E4%BA%AC%E9%83%BD%E6%96%87%E4%BA%AC%E5%8C%BA%E5%90%91%E4%B8%981-10-5,35.7229153,139.7540856,2024,中国料理 TOKYO,chinese_tokyo,発表日：2024年6月11日
東京チャイニーズ 一凛,東京都中央区築地1-5-8 樋泉ビル 1F,食べログ 中国料理 TOKYO 百名店 2024,https://tabelog.com/tokyo/A1313/A131301/13153417/,https://tabelog.com/tokyo/A1313/A131301/13153417/?cid=google_yoyaku,https://www.google.com/maps/search/?api=1&query=%E6%9D%B1%E4%BA%AC%E3%83%81%E3%83%A3%E3%82%A4%E3%83%8B%E3%83%BC%E3%82%BA%20%E4%B8%80%E5%87%9B%20%E6%9D%B1%E4%BA%AC%E9%83%BD%E4%B8%AD%E5%A4%AE%E5%8C%BA%E7%AF%89%E5%9C%B01-5-8%20%E6%A8%8B%E6%B3%89%E3%83%93%E3%83%AB%201F,35.6698658,139.7715467,2024,中国料理 TOKYO,chinese_tokyo,発表日：2024年6月11日
銀座 やまの辺 江戸中華,東京都中央区銀座6-7-6 ラペビル 9F,食べログ 中国料理 TOKYO 百名店 2024,https://tabelog.com/tokyo/A1301/A130101/13251366/,,https://www.google.com/maps/search/?api=1&query=%E9%8A%80%E5%BA%A7%20%E3%82%84%E3%81%BE%E3%81%AE%E8%BE%BA%20%E6%B1%9F%E6%88%B8%E4%B8%AD%E8%8F%AF%20%E6%9D%B1%E4%BA%AC%E9%83%BD%E4%B8%AD%E5%A4%AE%E5%8C%BA%E9%8A%80%E5%BA%A76-7-6%20%E3%83%A9%E3%83%9A%E3%83%93%E3%83%AB%209F,35.6704480,139.7627302,2024,中国料理 TOKYO,chinese_tokyo,発表日：2024年6月11日
虎峰,東京都港区六本木3-8-7 PALビル 1F,食べログ 中国料理 TOKYO 百名店 2024,https://tabelog.com/tokyo/A1307/A130701/13194122/,https://tabelog.com/tokyo/A1307/A130701/13194122/?cid=google_yoyaku,https://www.google.com/maps/search/?api=1&query=%E8%99%8E%E5%B3%B0%20%E6%9D%B1%E4%BA%AC%E9%83%BD%E6%B8%AF%E5%8C%BA%E5%85%AD%E6%9C%AC%E6%9C%A83-8-7%20PAL%E3%83%93%E3%83%AB%201F,35.6633271,139.7344878,2024,中国料理 TOKYO,chinese_tokyo,発表日：2024年6月11日
チャイナルーム,東京都港区六本木6-10-3 六本木ヒルズ　グランド　ハイアット　東京　６Ｆ,食べログ 中国料理 TOKYO 百名店 2024,https://tabelog.com/tokyo/A1307/A130701/13017089/,https://tabelog.com/tokyo/A1307/A130701/13017089/?cid=google_yoyaku,https://www.google.com/maps/search/?api=1&query=%E3%83%81%E3%83%A3%E3%82%A4%E3%83%8A%E3%83%AB%E3%83%BC%E3%83%A0%20%E6%9D%B1%E4%BA%AC%E9%83%BD%E6%B8%AF%E5%8C%BA%E5%85%AD%E6%9C%AC%E6%9C%A86-10-3%20%E5%85%AD%E6%9C%AC%E6%9C%A8%E3%83%92%E3%83%AB%E3%82%BA%E3%80%80%E3%82%B0%E3%83%A9%E3%83%B3%E3%83%89%E3%80%80%E3%83%8F%E3%82%A4%E3%82%A2%E3%83%83%E3%83%88%E3%80%80%E6%9D%B1%E4%BA%AC%E3%80%80%EF%BC%96%EF%BC%A6,35.6600863,139.7283297,2024,中国料理 TOKYO,chinese_tokyo,発表日：2024年6月11日
MASA’S KITCHEN 恵比寿,東京都渋谷区恵比寿1-21-13 BPRレジデンス恵比寿 B1F,食べログ 中国料理 TOKYO 百名店 2024,https://tabelog.com/tokyo/A1303/A130302/13054526/,,https://www.google.com/maps/search/?api=1&query=MASA%E2%80%99S%20KITCHEN%20%E6%81%B5%E6%AF%94%E5%AF%BF%20%E6%9D%B1%E4%BA%AC%E9%83%BD%E6%B8%8B%E8%B0%B7%E5%8C%BA%E6%81%B5%E6%AF%94%E5%AF%BF1-21-13%20BPR%E3%83%AC%E3%82%B8%E3%83%87%E3%83%B3%E3%82%B9%E6%81%B5%E6%AF%94%E5%AF%BF%20B1F,35.6466480,139.7146322,2024,中国料理 TOKYO,chinese_tokyo,発表日：2024年6月11日
レンゲ,東京都中央区銀座7-4-5 GINZA745ビル 9F,食べログ 中国料理 TOKYO 百名店 2024,https://tabelog.com/tokyo/A1301/A130101/13183555/,https://tabelog.com/tokyo/A1301/A130101/13183555/?cid=google_yoyaku,https://www.google.com/maps/search/?api=1&query=%E3%83%AC%E3%83%B3%E3%82%B2%20%E6%9D%B1%E4%BA%AC%E9%83%BD%E4%B8%AD%E5%A4%AE%E5%8C%BA%E9%8A%80%E5%BA%A77-4-5%20GINZA745%E3%83%93%E3%83%AB%209F,35.6701260,139.7611130,2024,中国料理 TOKYO,chinese_tokyo,発表日：2024年6月11日
虎穴,東京都中央区東日本橋3-5-16 仙石ビル 1F,食べログ 中国料理 TOKYO 百名店 2024,https://tabelog.com/tokyo/A1302/A130204/13098919/,,https://www.google.com/maps/search/?api=1&query=%E8%99%8E%E7%A9%B4%20%E6%9D%B1%E4%BA%AC%E9%83%BD%E4%B8%AD%E5%A4%AE%E5%8C%BA%E6%9D%B1%E6%97%A5%E6%9C%AC%E6%A9%8B3-5-16%20%E4%BB%99%E7%9F%B3%E3%83%93%E3%83%AB%201F,35.6906870,139.7831530,2024,中国料理 TOKYO,chinese_tokyo,発表日：2024年6月11日
御膳房 六本木店,東京都港区六本木6-8-15 第2五月ビル 1F,食べログ 中国料理 TOKYO 百名店 2024,https://tabelog.com/tokyo/A1307/A130701/13001852/,https://tabelog.com/tokyo/A1307/A130701/13001852/?cid=google_yoyaku,https://www.google.com/maps/search/?api=1&query=%E5%BE%A1%E8%86%B3%E6%88%BF%20%E5%85%AD%E6%9C%AC%E6%9C%A8%E5%BA%97%20%E6%9D%B1%E4%BA%AC%E9%83%BD%E6%B8%AF%E5%8C%BA%E5%85%AD%E6%9C%AC%E6%9C%A86-8-15%20%E7%AC%AC2%E4%BA%94%E6%9C%88%E3%83%93%E3%83%AB%201F,35.6607019,139.7325587,2024,中国料理 TOKYO,chinese_tokyo,発表日：2024年6月11日
カレーハウス チリチリ,埼玉県戸田市本町4-11-19,食べログ カレー EAST 百名店 2024,https://tabelog.com/saitama/A1102/A110202/11052130/,,https://www.google.com/maps/search/?api=1&query=%E3%82%AB%E3%83%AC%E3%83%BC%E3%83%8F%E3%82%A6%E3%82%B9%20%E3%83%81%E3%83%AA%E3%83%81%E3%83%AA%20%E5%9F%BC%E7%8E%89%E7%9C%8C%E6%88%B8%E7%94%B0%E5%B8%82%E6%9C%AC%E7%94%BA4-11-19,35.8072080,139.6782490,2024,カレー EAST,curry_east,発表日：2024年8月6日
Kikuya Curry,神奈川県横浜市中区野毛町4-173 天悦ビル　１０１,食べログ カレー EAST 百名店 2024,https://tabelog.com/kanagawa/A1401/A140102/14004143/,,https://www.google.com/maps/search/?api=1&query=Kikuya%20Curry%20%E7%A5%9E%E5%A5%88%E5%B7%9D%E7%9C%8C%E6%A8%AA%E6%B5%9C%E5%B8%82%E4%B8%AD%E5%8C%BA%E9%87%8E%E6%AF%9B%E7%94%BA4-173%20%E5%A4%A9%E6%82%A6%E3%83%93%E3%83%AB%E3%80%80%EF%BC%91%EF%BC%90%EF%BC%91,35.4484749,139.6270283,2024,カレー EAST,curry_east,発表日：2024年8月6日
Curry House MUMBAI 松戸店,千葉県松戸市松戸1150 ニューハイム松戸ビル 2F,食べログ カレー EAST 百名店 2024,https://tabelog.com/chiba/A1203/A120302/12034462/,,https://www.google.com/maps/search/?api=1&query=Curry%20House%20MUMBAI%20%E6%9D%BE%E6%88%B8%E5%BA%97%20%E5%8D%83%E8%91%89%E7%9C%8C%E6%9D%BE%E6%88%B8%E5%B8%82%E6%9D%BE%E6%88%B81150%20%E3%83%8B%E3%83%A5%E3%83%BC%E3%83%8F%E3%82%A4%E3%83%A0%E6%9D%BE%E6%88%B8%E3%83%93%E3%83%AB%202F,35.7848219,139.9029048,2024,カレー EAST,curry_east,発表日：2024年8月6日
オクシモロン コマチ,神奈川県鎌倉市雪ノ下1-5-38 2Ｆ,食べログ カレー EAST 百名店 2024,https://tabelog.com/kanagawa/A1404/A140402/14014612/,,https://www.google.com/maps/search/?api=1&query=%E3%82%AA%E3%82%AF%E3%82%B7%E3%83%A2%E3%83%AD%E3%83%B3%20%E3%82%B3%E3%83%9E%E3%83%81%20%E7%A5%9E%E5%A5%88%E5%B7%9D%E7%9C%8C%E9%8E%8C%E5%80%89%E5%B8%82%E9%9B%AA%E3%83%8E%E4%B8%8B1-5-38%202%EF%BC%A6,35.3227527,139.5526054,2024,カレー EAST,curry_east,発表日：2024年8月6日
アジョワン,神奈川県横浜市都筑区中川中央1-28-21,食べログ カレー EAST 百名店 2024,https://tabelog.com/kanagawa/A1401/A140203/14000168/,https://tabelog.com/kanagawa/A1401/A140203/14000168/?cid=google_yoyaku,https://www.google.com/maps/search/?api=1&query=%E3%82%A2%E3%82%B8%E3%83%A7%E3%83%AF%E3%83%B3%20%E7%A5%9E%E5%A5%88%E5%B7%9D%E7%9C%8C%E6%A8%AA%E6%B5%9C%E5%B8%82%E9%83%BD%E7%AD%91%E5%8C%BA%E4%B8%AD%E5%B7%9D%E4%B8%AD%E5%A4%AE1-28-21,35.5545407,139.5801845,2024,カレー EAST,curry_east,発表日：2024年8月6日
コスギカレー,神奈川県川崎市中原区新丸子東2-897-11 ラポール新丸子102,食べログ カレー EAST 百名店 2024,https://tabelog.com/kanagawa/A1405/A140504/14042207/,https://tabelog.com/kanagawa/A1405/A140504/14042207/?cid=google_yoyaku,https://www.google.com/maps/search/?api=1&query=%E3%82%B3%E3%82%B9%E3%82%AE%E3%82%AB%E3%83%AC%E3%83%BC%20%E7%A5%9E%E5%A5%88%E5%B7%9D%E7%9C%8C%E5%B7%9D%E5%B4%8E%E5%B8%82%E4%B8%AD%E5%8E%9F%E5%8C%BA%E6%96%B0%E4%B8%B8%E5%AD%90%E6%9D%B12-897-11%20%E3%83%A9%E3%83%9D%E3%83%BC%E3%83%AB%E6%96%B0%E4%B8%B8%E5%AD%90102,35.5782948,139.6626544,2024,カレー EAST,curry_east,発表日：2024年8月6日
negombo33,埼玉県所沢市星の宮1-9-1,食べログ カレー EAST 百名店 2024,https://tabelog.com/saitama/A1106/A110601/11015014/,,https://www.google.com/maps/search/?api=1&query=negombo33%20%E5%9F%BC%E7%8E%89%E7%9C%8C%E6%89%80%E6%B2%A2%E5%B8%82%E6%98%9F%E3%81%AE%E5%AE%AE1-9-1,35.7874953,139.4614106,2024,カレー EAST,curry_east,発表日：2024年8月6日
CURRY CLUB キュイエール,神奈川県鎌倉市大船1-13-11 岡本ビル 1F,食べログ カレー EAST 百名店 2024,https://tabelog.com/kanagawa/A1404/A140401/14054482/,,https://www.google.com/maps/search/?api=1&query=CURRY%20CLUB%20%E3%82%AD%E3%83%A5%E3%82%A4%E3%82%A8%E3%83%BC%E3%83%AB%20%E7%A5%9E%E5%A5%88%E5%B7%9D%E7%9C%8C%E9%8E%8C%E5%80%89%E5%B8%82%E5%A4%A7%E8%88%B91-13-11%20%E5%B2%A1%E6%9C%AC%E3%83%93%E3%83%AB%201F,35.3505146,139.5318131,2024,カレー EAST,curry_east,発表日：2024年8月6日
サリサリカリー,神奈川県横浜市神奈川区西神奈川3-9-2,食べログ カレー EAST 百名店 2024,https://tabelog.com/kanagawa/A1401/A140205/14064834/,,https://www.google.com/maps/search/?api=1&query=%E3%82%B5%E3%83%AA%E3%82%B5%E3%83%AA%E3%82%AB%E3%83%AA%E3%83%BC%20%E7%A5%9E%E5%A5%88%E5%B7%9D%E7%9C%8C%E6%A8%AA%E6%B5%9C%E5%B8%82%E7%A5%9E%E5%A5%88%E5%B7%9D%E5%8C%BA%E8%A5%BF%E7%A5%9E%E5%A5%88%E5%B7%9D3-9-2,35.4865796,139.6262033,2024,カレー EAST,curry_east,発表日：2024年8月6日
カレー専門店 KEN,神奈川県横浜市青葉区つつじが丘10-18,食べログ カレー EAST 百名店 2024,https://tabelog.com/kanagawa/A1401/A140202/14010409/,,https://www.google.com/maps/search/?api=1&query=%E3%82%AB%E3%83%AC%E3%83%BC%E5%B0%82%E9%96%80%E5%BA%97%20KEN%20%E7%A5%9E%E5%A5%88%E5%B7%9D%E7%9C%8C%E6%A8%AA%E6%B5%9C%E5%B8%82%E9%9D%92%E8%91%89%E5%8C%BA%E3%81%A4%E3%81%A4%E3%81%98%E3%81%8C%E4%B8%9810-18,35.5408218,139.5191663,2024,カレー EAST,curry_east,発表日：2024年8月6日
カレーハウスデリー,神奈川県川崎市高津区溝口2丁目7-3,食べログ カレー EAST 百名店 2024,https://tabelog.com/kanagawa/A1405/A140505/14009483/,,https://www.google.com/maps/search/?api=1&query=%E3%82%AB%E3%83%AC%E3%83%BC%E3%83%8F%E3%82%A6%E3%82%B9%E3%83%87%E3%83%AA%E3%83%BC%20%E7%A5%9E%E5%A5%88%E5%B7%9D%E7%9C%8C%E5%B7%9D%E5%B4%8E%E5%B8%82%E9%AB%98%E6%B4%A5%E5%8C%BA%E6%BA%9D%E5%8F%A32%E4%B8%81%E7%9B%AE7-3,35.6002480,139.6105542,2024,カレー EAST,curry_east,発表日：2024年8月6日
スパイス・ツリー,神奈川県逗子市逗子7-6-25,食べログ カレー EAST 百名店 2024,https://tabelog.com/kanagawa/A1406/A140602/14053565/,,https://www.google.com/maps/search/?api=1&query=%E3%82%B9%E3%83%91%E3%82%A4%E3%82%B9%E3%83%BB%E3%83%84%E3%83%AA%E3%83%BC%20%E7%A5%9E%E5%A5%88%E5%B7%9D%E7%9C%8C%E9%80%97%E5%AD%90%E5%B8%82%E9%80%97%E5%AD%907-6-25,35.2968317,139.5752225,2024,カレー EAST,curry_east,発表日：2024年8月6日
モアナマカイ珊瑚礁,神奈川県鎌倉市七里ガ浜1-3-22,食べログ カレー EAST 百名店 2024,https://tabelog.com/kanagawa/A1404/A140402/14000586/,,https://www.google.com/maps/search/?api=1&query=%E3%83%A2%E3%82%A2%E3%83%8A%E3%83%9E%E3%82%AB%E3%82%A4%E7%8F%8A%E7%91%9A%E7%A4%81%20%E7%A5%9E%E5%A5%88%E5%B7%9D%E7%9C%8C%E9%8E%8C%E5%80%89%E5%B8%82%E4%B8%83%E9%87%8C%E3%82%AC%E6%B5%9C1-3-22,35.3057174,139.5089799,2024,カレー EAST,curry_east,発表日：2024年8月6日
アルペンジロー 本店,神奈川県横浜市中区弥生町3-26,食べログ カレー EAST 百名店 2024,https://tabelog.com/kanagawa/A1401/A140306/14000553/,https://tabelog.com/kanagawa/A1401/A140306/14000553/?cid=google_yoyaku,https://www.google.com/maps/search/?api=1&query=%E3%82%A2%E3%83%AB%E3%83%9A%E3%83%B3%E3%82%B8%E3%83%AD%E3%83%BC%20%E6%9C%AC%E5%BA%97%20%E7%A5%9E%E5%A5%88%E5%B7%9D%E7%9C%8C%E6%A8%AA%E6%B5%9C%E5%B8%82%E4%B8%AD%E5%8C%BA%E5%BC%A5%E7%94%9F%E7%94%BA3-26,35.4395926,139.6286672,2024,カレー EAST,curry_east,発表日：2024年8月6日
珊瑚礁 本店,神奈川県鎌倉市七里ガ浜東3-1-2,食べログ カレー EAST 百名店 2024,https://tabelog.com/kanagawa/A1404/A140402/14000276/,,https://www.google.com/maps/search/?api=1&query=%E7%8F%8A%E7%91%9A%E7%A4%81%20%E6%9C%AC%E5%BA%97%20%E7%A5%9E%E5%A5%88%E5%B7%9D%E7%9C%8C%E9%8E%8C%E5%80%89%E5%B8%82%E4%B8%83%E9%87%8C%E3%82%AC%E6%B5%9C%E6%9D%B13-1-2,35.3091115,139.5166104,2024,カレー EAST,curry_east,発表日：2024年8月6日
中華 大島,千葉県柏市中央1-6-4,食べログ カレー EAST 百名店 2024,https://tabelog.com/chiba/A1203/A120301/12009777/,,https://www.google.com/maps/search/?api=1&query=%E4%B8%AD%E8%8F%AF%20%E5%A4%A7%E5%B3%B6%20%E5%8D%83%E8%91%89%E7%9C%8C%E6%9F%8F%E5%B8%82%E4%B8%AD%E5%A4%AE1-6-4,35.8577819,139.9710599,2024,カレー EAST,curry_east,発表日：2024年8月6日
スパイスカレー モクロミ,埼玉県越谷市千間台西5-2-30 2F,食べログ カレー EAST 百名店 2024,https://tabelog.com/saitama/A1102/A110203/11045458/,,https://www.google.com/maps/search/?api=1&query=%E3%82%B9%E3%83%91%E3%82%A4%E3%82%B9%E3%82%AB%E3%83%AC%E3%83%BC%20%E3%83%A2%E3%82%AF%E3%83%AD%E3%83%9F%20%E5%9F%BC%E7%8E%89%E7%9C%8C%E8%B6%8A%E8%B0%B7%E5%B8%82%E5%8D%83%E9%96%93%E5%8F%B0%E8%A5%BF5-2-30%202F,35.9325301,139.7662635,2024,カレー EAST,curry_east,発表日：2024年8月6日
Curry&herb Cherry blossom,神奈川県川崎市麻生区上麻生1-20-1 新百合ヶ丘駅構内南口,食べログ カレー EAST 百名店 2024,https://tabelog.com/kanagawa/A1405/A140508/14000777/,,https://www.google.com/maps/search/?api=1&query=Curry%26herb%20Cherry%20blossom%20%E7%A5%9E%E5%A5%88%E5%B7%9D%E7%9C%8C%E5%B7%9D%E5%B4%8E%E5%B8%82%E9%BA%BB%E7%94%9F%E5%8C%BA%E4%B8%8A%E9%BA%BB%E7%94%9F1-20-1%20%E6%96%B0%E7%99%BE%E5%90%88%E3%83%B6%E4%B8%98%E9%A7%85%E6%A7%8B%E5%86%85%E5%8D%97%E5%8F%A3,35.6035641,139.5077963,2024,カレー EAST,curry_east,発表日：2024年8月6日
キャラウェイ,神奈川県平塚市錦町1-16,食べログ カレー EAST 百名店 2024,https://tabelog.com/kanagawa/A1404/A140407/14004751/,,https://www.google.com/maps/search/?api=1&query=%E3%82%AD%E3%83%A3%E3%83%A9%E3%82%A6%E3%82%A7%E3%82%A4%20%E7%A5%9E%E5%A5%88%E5%B7%9D%E7%9C%8C%E5%B9%B3%E5%A1%9A%E5%B8%82%E9%8C%A6%E7%94%BA1-16,35.3277610,139.3453521,2024,カレー EAST,curry_east,発表日：2024年8月6日
Bay&Leaf 横浜,神奈川県横浜市戸塚区戸塚町120 斉藤ビル 2F,食べログ カレー EAST 百名店 2024,https://tabelog.com/kanagawa/A1401/A140305/14000620/,,https://www.google.com/maps/search/?api=1&query=Bay%26Leaf%20%E6%A8%AA%E6%B5%9C%20%E7%A5%9E%E5%A5%88%E5%B7%9D%E7%9C%8C%E6%A8%AA%E6%B5%9C%E5%B8%82%E6%88%B8%E5%A1%9A%E5%8C%BA%E6%88%B8%E5%A1%9A%E7%94%BA120%20%E6%96%89%E8%97%A4%E3%83%93%E3%83%AB%202F,35.3978525,139.5316472,2024,カレー EAST,curry_east,発表日：2024年8月6日
ハイ，ハウ アー ユー,神奈川県横浜市港北区日吉本町1-21-5 西之蔵ビル　３Ｆ,食べログ カレー EAST 百名店 2024,https://tabelog.com/kanagawa/A1401/A140204/14040637/,,https://www.google.com/maps/search/?api=1&query=%E3%83%8F%E3%82%A4%EF%BC%8C%E3%83%8F%E3%82%A6%20%E3%82%A2%E3%83%BC%20%E3%83%A6%E3%83%BC%20%E7%A5%9E%E5%A5%88%E5%B7%9D%E7%9C%8C%E6%A8%AA%E6%B5%9C%E5%B8%82%E6%B8%AF%E5%8C%97%E5%8C%BA%E6%97%A5%E5%90%89%E6%9C%AC%E7%94%BA1-21-5%20%E8%A5%BF%E4%B9%8B%E8%94%B5%E3%83%93%E3%83%AB%E3%80%80%EF%BC%93%EF%BC%A6,35.5532428,139.6460196,2024,カレー EAST,curry_east,発表日：2024年8月6日
キャラウェイ,神奈川県鎌倉市小町2-12-20,食べログ カレー EAST 百名店 2024,https://tabelog.com/kanagawa/A1404/A140402/14000589/,,https://www.google.com/maps/search/?api=1&query=%E3%82%AD%E3%83%A3%E3%83%A9%E3%82%A6%E3%82%A7%E3%82%A4%20%E7%A5%9E%E5%A5%88%E5%B7%9D%E7%9C%8C%E9%8E%8C%E5%80%89%E5%B8%82%E5%B0%8F%E7%94%BA2-12-20,35.3219056,139.5533113,2024,カレー EAST,curry_east,発表日：2024年8月6日
らっきょ＆Star,神奈川県横浜市港北区綱島西1-2-9 ゴールデンパーク 1F,食べログ カレー EAST 百名店 2024,https://tabelog.com/kanagawa/A1401/A140204/14009431/,,https://www.google.com/maps/search/?api=1&query=%E3%82%89%E3%81%A3%E3%81%8D%E3%82%87%EF%BC%86Star%20%E7%A5%9E%E5%A5%88%E5%B7%9D%E7%9C%8C%E6%A8%AA%E6%B5%9C%E5%B8%82%E6%B8%AF%E5%8C%97%E5%8C%BA%E7%B6%B1%E5%B3%B6%E8%A5%BF1-2-9%20%E3%82%B4%E3%83%BC%E3%83%AB%E3%83%87%E3%83%B3%E3%83%91%E3%83%BC%E3%82%AF%201F,35.5379490,139.6353430,2024,カレー EAST,curry_east,発表日：2024年8月6日
カレーの店 マボロシ,神奈川県相模原市中央区中央3-7-1,食べログ カレー EAST 百名店 2024,https://tabelog.com/kanagawa/A1407/A140701/14040492/,,https://www.google.com/maps/search/?api=1&query=%E3%82%AB%E3%83%AC%E3%83%BC%E3%81%AE%E5%BA%97%20%E3%83%9E%E3%83%9C%E3%83%AD%E3%82%B7%20%E7%A5%9E%E5%A5%88%E5%B7%9D%E7%9C%8C%E7%9B%B8%E6%A8%A1%E5%8E%9F%E5%B8%82%E4%B8%AD%E5%A4%AE%E5%8C%BA%E4%B8%AD%E5%A4%AE3-7-1,35.5715777,139.3711076,2024,カレー EAST,curry_east,発表日：2024年8月6日
カレーの店 ボンベイ 本店,千葉県柏市柏3-6-16 磯野ビル 1F,食べログ カレー EAST 百名店 2024,https://tabelog.com/chiba/A1203/A120301/12026182/,,https://www.google.com/maps/search/?api=1&query=%E3%82%AB%E3%83%AC%E3%83%BC%E3%81%AE%E5%BA%97%20%E3%83%9C%E3%83%B3%E3%83%99%E3%82%A4%20%E6%9C%AC%E5%BA%97%20%E5%8D%83%E8%91%89%E7%9C%8C%E6%9F%8F%E5%B8%82%E6%9F%8F3-6-16%20%E7%A3%AF%E9%87%8E%E3%83%93%E3%83%AB%201F,35.8601993,139.9742370,2024,カレー EAST,curry_east,発表日：2024年8月6日
ラマイ 横浜伊勢佐木モール店,神奈川県横浜市中区伊勢佐木町1-6-5 亀楽ビル 7F,食べログ カレー EAST 百名店 2024,https://tabelog.com/kanagawa/A1401/A140104/14045095/,,https://www.google.com/maps/search/?api=1&query=%E3%83%A9%E3%83%9E%E3%82%A4%20%E6%A8%AA%E6%B5%9C%E4%BC%8A%E5%8B%A2%E4%BD%90%E6%9C%A8%E3%83%A2%E3%83%BC%E3%83%AB%E5%BA%97%20%E7%A5%9E%E5%A5%88%E5%B7%9D%E7%9C%8C%E6%A8%AA%E6%B5%9C%E5%B8%82%E4%B8%AD%E5%8C%BA%E4%BC%8A%E5%8B%A2%E4%BD%90%E6%9C%A8%E7%94%BA1-6-5%20%E4%BA%80%E6%A5%BD%E3%83%93%E3%83%AB%207F,35.4439678,139.6324762,2024,カレー EAST,curry_east,発表日：2024年8月6日
カレーレストラン シバ,千葉県千葉市稲毛区稲毛東3-19-15 ｍｆビル　１Ｆ,食べログ カレー EAST 百名店 2024,https://tabelog.com/chiba/A1201/A120104/12000017/,https://tabelog.com/chiba/A1201/A120104/12000017/?cid=google_yoyaku,https://www.google.com/maps/search/?api=1&query=%E3%82%AB%E3%83%AC%E3%83%BC%E3%83%AC%E3%82%B9%E3%83%88%E3%83%A9%E3%83%B3%20%E3%82%B7%E3%83%90%20%E5%8D%83%E8%91%89%E7%9C%8C%E5%8D%83%E8%91%89%E5%B8%82%E7%A8%B2%E6%AF%9B%E5%8C%BA%E7%A8%B2%E6%AF%9B%E6%9D%B13-19-15%20%EF%BD%8D%EF%BD%86%E3%83%93%E3%83%AB%E3%80%80%EF%BC%91%EF%BC%A6,35.6364086,140.0926969,2024,カレー EAST,curry_east,発表日：2024年8月6日
丸祇羅,神奈川県横浜市中区福富町仲通4-2 一和ビル 3F,食べログ カレー EAST 百名店 2024,https://tabelog.com/kanagawa/A1401/A140104/14079157/,,https://www.google.com/maps/search/?api=1&query=%E4%B8%B8%E7%A5%87%E7%BE%85%20%E7%A5%9E%E5%A5%88%E5%B7%9D%E7%9C%8C%E6%A8%AA%E6%B5%9C%E5%B8%82%E4%B8%AD%E5%8C%BA%E7%A6%8F%E5%AF%8C%E7%94%BA%E4%BB%B2%E9%80%9A4-2%20%E4%B8%80%E5%92%8C%E3%83%93%E3%83%AB%203F,35.4451814,139.6317355,2024,カレー EAST,curry_east,発表日：2024年8月6日
札幌スープカリー アナンダ,神奈川県横浜市西区平沼1-38-2 咲久良ビル M2F,食べログ カレー EAST 百名店 2024,https://tabelog.com/kanagawa/A1401/A140102/14010851/,,https://www.google.com/maps/search/?api=1&query=%E6%9C%AD%E5%B9%8C%E3%82%B9%E3%83%BC%E3%83%97%E3%82%AB%E3%83%AA%E3%83%BC%20%E3%82%A2%E3%83%8A%E3%83%B3%E3%83%80%20%E7%A5%9E%E5%A5%88%E5%B7%9D%E7%9C%8C%E6%A8%AA%E6%B5%9C%E5%B8%82%E8%A5%BF%E5%8C%BA%E5%B9%B3%E6%B2%BC1-38-2%20%E5%92%B2%E4%B9%85%E8%89%AF%E3%83%93%E3%83%AB%20M2F,35.4613449,139.6207449,2024,カレー EAST,curry_east,発表日：2024年8月6日
gii,埼玉県さいたま市見沼区大和田町1-1527-1,食べログ カレー EAST 百名店 2024,https://tabelog.com/saitama/A1101/A110103/11003352/,,https://www.google.com/maps/search/?api=1&query=gii%20%E5%9F%BC%E7%8E%89%E7%9C%8C%E3%81%95%E3%81%84%E3%81%9F%E3%81%BE%E5%B8%82%E8%A6%8B%E6%B2%BC%E5%8C%BA%E5%A4%A7%E5%92%8C%E7%94%B0%E7%94%BA1-1527-1,35.9260711,139.6536490,2024,カレー EAST,curry_east,発表日：2024年8月6日
negombo33 高円寺,東京都杉並区高円寺南4-44-3 マーキュリービル 1F,食べログ カレー TOKYO 百名店 2024,https://tabelog.com/tokyo/A1319/A131904/13228221/,,https://www.google.com/maps/search/?api=1&query=negombo33%20%E9%AB%98%E5%86%86%E5%AF%BA%20%E6%9D%B1%E4%BA%AC%E9%83%BD%E6%9D%89%E4%B8%A6%E5%8C%BA%E9%AB%98%E5%86%86%E5%AF%BA%E5%8D%974-44-3%20%E3%83%9E%E3%83%BC%E3%82%AD%E3%83%A5%E3%83%AA%E3%83%BC%E3%83%93%E3%83%AB%201F,35.7046777,139.6509064,2024,カレー TOKYO,curry_tokyo,発表日：2024年8月6日
CURRY SHOP くじら 高円寺,東京都杉並区高円寺北3-22-8 大一市場 1Ｆ,食べログ カレー TOKYO 百名店 2024,https://tabelog.com/tokyo/A1319/A131904/13149528/,,https://www.google.com/maps/search/?api=1&query=CURRY%20SHOP%20%E3%81%8F%E3%81%98%E3%82%89%20%E9%AB%98%E5%86%86%E5%AF%BA%20%E6%9D%B1%E4%BA%AC%E9%83%BD%E6%9D%89%E4%B8%A6%E5%8C%BA%E9%AB%98%E5%86%86%E5%AF%BA%E5%8C%973-22-8%20%E5%A4%A7%E4%B8%80%E5%B8%82%E5%A0%B4%201%EF%BC%A6,35.7060973,139.6491652,2024,カレー TOKYO,curry_tokyo,発表日：2024年8月6日
カレー屋ばんび,東京都千代田区神田小川町3-10-17 木邑ビル 1F,食べログ カレー TOKYO 百名店 2024,https://tabelog.com/tokyo/A1310/A131003/13245356/,https://tabelog.com/tokyo/A1310/A131003/13245356/?cid=google_yoyaku,https://www.google.com/maps/search/?api=1&query=%E3%82%AB%E3%83%AC%E3%83%BC%E5%B1%8B%E3%81%B0%E3%82%93%E3%81%B3%20%E6%9D%B1%E4%BA%AC%E9%83%BD%E5%8D%83%E4%BB%A3%E7%94%B0%E5%8C%BA%E7%A5%9E%E7%94%B0%E5%B0%8F%E5%B7%9D%E7%94%BA3-10-17%20%E6%9C%A8%E9%82%91%E3%83%93%E3%83%AB%201F,35.6963809,139.7612593,2024,カレー TOKYO,curry_tokyo,発表日：2024年8月6日
３丁目のカレー屋さん,東京都中央区京橋3-9-9 ウィンド京橋ビル B1F,食べログ カレー TOKYO 百名店 2024,https://tabelog.com/tokyo/A1302/A130202/13025962/,,https://www.google.com/maps/search/?api=1&query=%EF%BC%93%E4%B8%81%E7%9B%AE%E3%81%AE%E3%82%AB%E3%83%AC%E3%83%BC%E5%B1%8B%E3%81%95%E3%82%93%20%E6%9D%B1%E4%BA%AC%E9%83%BD%E4%B8%AD%E5%A4%AE%E5%8C%BA%E4%BA%AC%E6%A9%8B3-9-9%20%E3%82%A6%E3%82%A3%E3%83%B3%E3%83%89%E4%BA%AC%E6%A9%8B%E3%83%93%E3%83%AB%20B1F,35.6749186,139.7707801,2024,カレー TOKYO,curry_tokyo,発表日：2024年8月6日
リッチなカレーの店 アサノ,東京都町田市原町田4-5-19 町田仲見世飲食街,食べログ カレー TOKYO 百名店 2024,https://tabelog.com/tokyo/A1327/A132701/13006035/,,https://www.google.com/maps/search/?api=1&query=%E3%83%AA%E3%83%83%E3%83%81%E3%81%AA%E3%82%AB%E3%83%AC%E3%83%BC%E3%81%AE%E5%BA%97%20%E3%82%A2%E3%82%B5%E3%83%8E%20%E6%9D%B1%E4%BA%AC%E9%83%BD%E7%94%BA%E7%94%B0%E5%B8%82%E5%8E%9F%E7%94%BA%E7%94%B04-5-19%20%E7%94%BA%E7%94%B0%E4%BB%B2%E8%A6%8B%E4%B8%96%E9%A3%B2%E9%A3%9F%E8%A1%97,35.5414638,139.4483483,2024,カレー TOKYO,curry_tokyo,発表日：2024年8月6日
東京ドミニカ,東京都新宿区新宿3-31-1 第２大伸ビルB1F,食べログ カレー TOKYO 百名店 2024,https://tabelog.com/tokyo/A1304/A130401/13124113/,,https://www.google.com/maps/search/?api=1&query=%E6%9D%B1%E4%BA%AC%E3%83%89%E3%83%9F%E3%83%8B%E3%82%AB%20%E6%9D%B1%E4%BA%AC%E9%83%BD%E6%96%B0%E5%AE%BF%E5%8C%BA%E6%96%B0%E5%AE%BF3-31-1%20%E7%AC%AC%EF%BC%92%E5%A4%A7%E4%BC%B8%E3%83%93%E3%83%ABB1F,35.6905295,139.7043782,2024,カレー TOKYO,curry_tokyo,発表日：2024年8月6日
ジンコック,東京都千代田区神田須田町1-2-3 山勝ビル 1F,食べログ カレー TOKYO 百名店 2024,https://tabelog.com/tokyo/A1310/A131002/13102075/,,https://www.google.com/maps/search/?api=1&query=%E3%82%B8%E3%83%B3%E3%82%B3%E3%83%83%E3%82%AF%20%E6%9D%B1%E4%BA%AC%E9%83%BD%E5%8D%83%E4%BB%A3%E7%94%B0%E5%8C%BA%E7%A5%9E%E7%94%B0%E9%A0%88%E7%94%B0%E7%94%BA1-2-3%20%E5%B1%B1%E5%8B%9D%E3%83%93%E3%83%AB%201F,35.6951384,139.7681346,2024,カレー TOKYO,curry_tokyo,発表日：2024年8月6日
オイシイカレー,東京都世田谷区北沢2-27-10,食べログ カレー TOKYO 百名店 2024,https://tabelog.com/tokyo/A1318/A131802/13258223/,,https://www.google.com/maps/search/?api=1&query=%E3%82%AA%E3%82%A4%E3%82%B7%E3%82%A4%E3%82%AB%E3%83%AC%E3%83%BC%20%E6%9D%B1%E4%BA%AC%E9%83%BD%E4%B8%96%E7%94%B0%E8%B0%B7%E5%8C%BA%E5%8C%97%E6%B2%A22-27-10,35.6629203,139.6660357,2024,カレー TOKYO,curry_tokyo,発表日：2024年8月6日
MOKUBAZA,東京都渋谷区神宮前2-28-12 １Ｆ,食べログ カレー TOKYO 百名店 2024,https://tabelog.com/tokyo/A1309/A130901/13154685/,,https://www.google.com/maps/search/?api=1&query=MOKUBAZA%20%E6%9D%B1%E4%BA%AC%E9%83%BD%E6%B8%8B%E8%B0%B7%E5%8C%BA%E7%A5%9E%E5%AE%AE%E5%89%8D2-28-12%20%EF%BC%91%EF%BC%A6,35.6745756,139.7094931,2024,カレー TOKYO,curry_tokyo,発表日：2024年8月6日
カリガリ 秋葉原,東京都千代田区外神田3-6-9 沖村ビル 1F,食べログ カレー TOKYO 百名店 2024,https://tabelog.com/tokyo/A1311/A131101/13178599/,,https://www.google.com/maps/search/?api=1&query=%E3%82%AB%E3%83%AA%E3%82%AC%E3%83%AA%20%E7%A7%8B%E8%91%89%E5%8E%9F%20%E6%9D%B1%E4%BA%AC%E9%83%BD%E5%8D%83%E4%BB%A3%E7%94%B0%E5%8C%BA%E5%A4%96%E7%A5%9E%E7%94%B03-6-9%20%E6%B2%96%E6%9D%91%E3%83%93%E3%83%AB%201F,35.7028386,139.7700297,2024,カレー TOKYO,curry_tokyo,発表日：2024年8月6日
旧ヤム邸  シモキタ荘,東京都世田谷区代沢5-29-9 ナイスビル 1F,食べログ カレー TOKYO 百名店 2024,https://tabelog.com/tokyo/A1318/A131802/13211142/,,https://www.google.com/maps/search/?api=1&query=%E6%97%A7%E3%83%A4%E3%83%A0%E9%82%B8%20%20%E3%82%B7%E3%83%A2%E3%82%AD%E3%82%BF%E8%8D%98%20%E6%9D%B1%E4%BA%AC%E9%83%BD%E4%B8%96%E7%94%B0%E8%B0%B7%E5%8C%BA%E4%BB%A3%E6%B2%A25-29-9%20%E3%83%8A%E3%82%A4%E3%82%B9%E3%83%93%E3%83%AB%201F,35.6584264,139.6670736,2024,カレー TOKYO,curry_tokyo,発表日：2024年8月6日
ハブモアカレー,東京都渋谷区猿楽町2-13 F93 Daikanyama 1F,食べログ カレー TOKYO 百名店 2024,https://tabelog.com/tokyo/A1303/A130301/13254583/,,https://www.google.com/maps/search/?api=1&query=%E3%83%8F%E3%83%96%E3%83%A2%E3%82%A2%E3%82%AB%E3%83%AC%E3%83%BC%20%E6%9D%B1%E4%BA%AC%E9%83%BD%E6%B8%8B%E8%B0%B7%E5%8C%BA%E7%8C%BF%E6%A5%BD%E7%94%BA2-13%20F93%20Daikanyama%201F,35.6534074,139.7047681,2024,カレー TOKYO,curry_tokyo,発表日：2024年8月6日
ガヴィアル,東京都千代田区神田神保町1-9 稲垣ビル 2Ｆ,食べログ カレー TOKYO 百名店 2024,https://tabelog.com/tokyo/A1310/A131003/13000358/,,https://www.google.com/maps/search/?api=1&query=%E3%82%AC%E3%83%B4%E3%82%A3%E3%82%A2%E3%83%AB%20%E6%9D%B1%E4%BA%AC%E9%83%BD%E5%8D%83%E4%BB%A3%E7%94%B0%E5%8C%BA%E7%A5%9E%E7%94%B0%E7%A5%9E%E4%BF%9D%E7%94%BA1-9%20%E7%A8%B2%E5%9E%A3%E3%83%93%E3%83%AB%202%EF%BC%A6,35.6957487,139.7584483,2024,カレー TOKYO,curry_tokyo,発表日：2024年8月6日
札幌ドミニカ 銀座店,東京都中央区京橋3-4-1 ＴＭ銀座ビル　２Ｆ,食べログ カレー TOKYO 百名店 2024,https://tabelog.com/tokyo/A1302/A130202/13025381/,,https://www.google.com/maps/search/?api=1&query=%E6%9C%AD%E5%B9%8C%E3%83%89%E3%83%9F%E3%83%8B%E3%82%AB%20%E9%8A%80%E5%BA%A7%E5%BA%97%20%E6%9D%B1%E4%BA%AC%E9%83%BD%E4%B8%AD%E5%A4%AE%E5%8C%BA%E4%BA%AC%E6%A9%8B3-4-1%20%EF%BC%B4%EF%BC%AD%E9%8A%80%E5%BA%A7%E3%83%93%E3%83%AB%E3%80%80%EF%BC%92%EF%BC%A6,35.6755062,139.7679160,2024,カレー TOKYO,curry_tokyo,発表日：2024年8月6日
トマト,東京都杉並区荻窪5-20-7 吉田ビル 1F,食べログ カレー TOKYO 百名店 2024,https://tabelog.com/tokyo/A1319/A131906/13001113/,,https://www.google.com/maps/search/?api=1&query=%E3%83%88%E3%83%9E%E3%83%88%20%E6%9D%B1%E4%BA%AC%E9%83%BD%E6%9D%89%E4%B8%A6%E5%8C%BA%E8%8D%BB%E7%AA%AA5-20-7%20%E5%90%89%E7%94%B0%E3%83%93%E3%83%AB%201F,35.7024775,139.6197423,2024,カレー TOKYO,curry_tokyo,発表日：2024年8月6日
ガネー舎,東京都港区新橋5-12-2 鴻盟社ビル　Ｂ１Ｆ,食べログ カレー TOKYO 百名店 2024,https://tabelog.com/tokyo/A1301/A130103/13001507/,,https://www.google.com/maps/search/?api=1&query=%E3%82%AC%E3%83%8D%E3%83%BC%E8%88%8E%20%E6%9D%B1%E4%BA%AC%E9%83%BD%E6%B8%AF%E5%8C%BA%E6%96%B0%E6%A9%8B5-12-2%20%E9%B4%BB%E7%9B%9F%E7%A4%BE%E3%83%93%E3%83%AB%E3%80%80%EF%BC%A2%EF%BC%91%EF%BC%A6,35.6631984,139.7568863,2024,カレー TOKYO,curry_tokyo,発表日：2024年8月6日
とんかつ檍のカレー屋 いっぺこっぺ 蒲田本店,東京都大田区蒲田5-43-7,食べログ カレー TOKYO 百名店 2024,https://tabelog.com/tokyo/A1315/A131503/13178494/,,https://www.google.com/maps/search/?api=1&query=%E3%81%A8%E3%82%93%E3%81%8B%E3%81%A4%E6%AA%8D%E3%81%AE%E3%82%AB%E3%83%AC%E3%83%BC%E5%B1%8B%20%E3%81%84%E3%81%A3%E3%81%BA%E3%81%93%E3%81%A3%E3%81%BA%20%E8%92%B2%E7%94%B0%E6%9C%AC%E5%BA%97%20%E6%9D%B1%E4%BA%AC%E9%83%BD%E5%A4%A7%E7%94%B0%E5%8C%BA%E8%92%B2%E7%94%B05-43-7,35.5604640,139.7170265,2024,カレー TOKYO,curry_tokyo,発表日：2024年8月6日
ライスカレー まんてん,東京都千代田区神田神保町1-54,食べログ カレー TOKYO 百名店 2024,https://tabelog.com/tokyo/A1310/A131003/13000603/,,https://www.google.com/maps/search/?api=1&query=%E3%83%A9%E3%82%A4%E3%82%B9%E3%82%AB%E3%83%AC%E3%83%BC%20%E3%81%BE%E3%82%93%E3%81%A6%E3%82%93%20%E6%9D%B1%E4%BA%AC%E9%83%BD%E5%8D%83%E4%BB%A3%E7%94%B0%E5%8C%BA%E7%A5%9E%E7%94%B0%E7%A5%9E%E4%BF%9D%E7%94%BA1-54,35.6983136,139.7576406,2024,カレー TOKYO,curry_tokyo,発表日：2024年8月6日
ロダン,東京都中央区八丁堀3-8-4,食べログ カレー TOKYO 百名店 2024,https://tabelog.com/tokyo/A1302/A130203/13048485/,https://tabelog.com/tokyo/A1302/A130203/13048485/?cid=google_yoyaku,https://www.google.com/maps/search/?api=1&query=%E3%83%AD%E3%83%80%E3%83%B3%20%E6%9D%B1%E4%BA%AC%E9%83%BD%E4%B8%AD%E5%A4%AE%E5%8C%BA%E5%85%AB%E4%B8%81%E5%A0%803-8-4,35.6756425,139.7748426,2024,カレー TOKYO,curry_tokyo,発表日：2024年8月6日
BLOCK HOUSE 水曜カレー,東京都渋谷区神宮前6-12-9 BLOCK HOUSE 3F,食べログ カレー TOKYO 百名店 2024,https://tabelog.com/tokyo/A1306/A130601/13183182/,,https://www.google.com/maps/search/?api=1&query=BLOCK%20HOUSE%20%E6%B0%B4%E6%9B%9C%E3%82%AB%E3%83%AC%E3%83%BC%20%E6%9D%B1%E4%BA%AC%E9%83%BD%E6%B8%8B%E8%B0%B7%E5%8C%BA%E7%A5%9E%E5%AE%AE%E5%89%8D6-12-9%20BLOCK%20HOUSE%203F,35.6661720,139.7044092,2024,カレー TOKYO,curry_tokyo,発表日：2024年8月6日
アッチャカーナ,東京都世田谷区玉川3-17-1 玉川タカシマヤ 1F,食べログ カレー TOKYO 百名店 2024,https://tabelog.com/tokyo/A1317/A131708/13003136/,,https://www.google.com/maps/search/?api=1&query=%E3%82%A2%E3%83%83%E3%83%81%E3%83%A3%E3%82%AB%E3%83%BC%E3%83%8A%20%E6%9D%B1%E4%BA%AC%E9%83%BD%E4%B8%96%E7%94%B0%E8%B0%B7%E5%8C%BA%E7%8E%89%E5%B7%9D3-17-1%20%E7%8E%89%E5%B7%9D%E3%82%BF%E3%82%AB%E3%82%B7%E3%83%9E%E3%83%A4%201F,35.6147646,139.6266839,2024,カレー TOKYO,curry_tokyo,発表日：2024年8月6日
カレーショップ初恋,東京都渋谷区道玄坂1-17-11 ミナミビル B1F,食べログ カレー TOKYO 百名店 2024,https://tabelog.com/tokyo/A1303/A130301/13240190/,,https://www.google.com/maps/search/?api=1&query=%E3%82%AB%E3%83%AC%E3%83%BC%E3%82%B7%E3%83%A7%E3%83%83%E3%83%97%E5%88%9D%E6%81%8B%20%E6%9D%B1%E4%BA%AC%E9%83%BD%E6%B8%8B%E8%B0%B7%E5%8C%BA%E9%81%93%E7%8E%84%E5%9D%821-17-11%20%E3%83%9F%E3%83%8A%E3%83%9F%E3%83%93%E3%83%AB%20B1F,35.6571075,139.6967503,2024,カレー TOKYO,curry_tokyo,発表日：2024年8月6日
スパイスパレット,東京都台東区台東1-9-4 松浦ビル 2F,食べログ カレー TOKYO 百名店 2024,https://tabelog.com/tokyo/A1311/A131101/13240357/,,https://www.google.com/maps/search/?api=1&query=%E3%82%B9%E3%83%91%E3%82%A4%E3%82%B9%E3%83%91%E3%83%AC%E3%83%83%E3%83%88%20%E6%9D%B1%E4%BA%AC%E9%83%BD%E5%8F%B0%E6%9D%B1%E5%8C%BA%E5%8F%B0%E6%9D%B11-9-4%20%E6%9D%BE%E6%B5%A6%E3%83%93%E3%83%AB%202F,35.7008845,139.7758540,2024,カレー TOKYO,curry_tokyo,発表日：2024年8月6日
東京 京橋屋カレー,東京都中央区京橋3-4-3 千成ビル２F,食べログ カレー TOKYO 百名店 2024,https://tabelog.com/tokyo/A1302/A130202/13027104/,,https://www.google.com/maps/search/?api=1&query=%E6%9D%B1%E4%BA%AC%20%E4%BA%AC%E6%A9%8B%E5%B1%8B%E3%82%AB%E3%83%AC%E3%83%BC%20%E6%9D%B1%E4%BA%AC%E9%83%BD%E4%B8%AD%E5%A4%AE%E5%8C%BA%E4%BA%AC%E6%A9%8B3-4-3%20%E5%8D%83%E6%88%90%E3%83%93%E3%83%AB%EF%BC%92F,35.6753800,139.7682310,2024,カレー TOKYO,curry_tokyo,発表日：2024年8月6日
月と亀,東京都江東区新大橋3-7-3,食べログ カレー TOKYO 百名店 2024,https://tabelog.com/tokyo/A1312/A131201/13262828/,,https://www.google.com/maps/search/?api=1&query=%E6%9C%88%E3%81%A8%E4%BA%80%20%E6%9D%B1%E4%BA%AC%E9%83%BD%E6%B1%9F%E6%9D%B1%E5%8C%BA%E6%96%B0%E5%A4%A7%E6%A9%8B3-7-3,35.6876948,139.7956608,2024,カレー TOKYO,curry_tokyo,発表日：2024年8月6日
ムルギー,東京都渋谷区道玄坂2-19-2,食べログ カレー TOKYO 百名店 2024,https://tabelog.com/tokyo/A1303/A130301/13001732/,,https://www.google.com/maps/search/?api=1&query=%E3%83%A0%E3%83%AB%E3%82%AE%E3%83%BC%20%E6%9D%B1%E4%BA%AC%E9%83%BD%E6%B8%8B%E8%B0%B7%E5%8C%BA%E9%81%93%E7%8E%84%E5%9D%822-19-2,35.6589790,139.6965897,2024,カレー TOKYO,curry_tokyo,発表日：2024年8月6日
スマトラカレー 共栄堂,東京都千代田区神田神保町1-6 神保町サンビルディング Ｂ１,食べログ カレー TOKYO 百名店 2024,https://tabelog.com/tokyo/A1310/A131003/13000596/,,https://www.google.com/maps/search/?api=1&query=%E3%82%B9%E3%83%9E%E3%83%88%E3%83%A9%E3%82%AB%E3%83%AC%E3%83%BC%20%E5%85%B1%E6%A0%84%E5%A0%82%20%E6%9D%B1%E4%BA%AC%E9%83%BD%E5%8D%83%E4%BB%A3%E7%94%B0%E5%8C%BA%E7%A5%9E%E7%94%B0%E7%A5%9E%E4%BF%9D%E7%94%BA1-6%20%E7%A5%9E%E4%BF%9D%E7%94%BA%E3%82%B5%E3%83%B3%E3%83%93%E3%83%AB%E3%83%87%E3%82%A3%E3%83%B3%E3%82%B0%20%EF%BC%A2%EF%BC%91,35.6962104,139.7593670,2024,カレー TOKYO,curry_tokyo,発表日：2024年8月6日
ジャパニーズ スパイス カリー ワッカ,東京都中央区八丁堀2-19-7 庄司ビル 1F,食べログ カレー TOKYO 百名店 2024,https://tabelog.com/tokyo/A1302/A130203/13254664/,,https://www.google.com/maps/search/?api=1&query=%E3%82%B8%E3%83%A3%E3%83%91%E3%83%8B%E3%83%BC%E3%82%BA%20%E3%82%B9%E3%83%91%E3%82%A4%E3%82%B9%20%E3%82%AB%E3%83%AA%E3%83%BC%20%E3%83%AF%E3%83%83%E3%82%AB%20%E6%9D%B1%E4%BA%AC%E9%83%BD%E4%B8%AD%E5%A4%AE%E5%8C%BA%E5%85%AB%E4%B8%81%E5%A0%802-19-7%20%E5%BA%84%E5%8F%B8%E3%83%93%E3%83%AB%201F,35.6758869,139.7762535,2024,カレー TOKYO,curry_tokyo,発表日：2024年8月6日
ニューキャッスル,東京都中央区銀座2-11-1 銀座ランドビル Ｂ1Ｆ,食べログ カレー TOKYO 百名店 2024,https://tabelog.com/tokyo/A1301/A130101/13002424/,,https://www.google.com/maps/search/?api=1&query=%E3%83%8B%E3%83%A5%E3%83%BC%E3%82%AD%E3%83%A3%E3%83%83%E3%82%B9%E3%83%AB%20%E6%9D%B1%E4%BA%AC%E9%83%BD%E4%B8%AD%E5%A4%AE%E5%8C%BA%E9%8A%80%E5%BA%A72-11-1%20%E9%8A%80%E5%BA%A7%E3%83%A9%E3%83%B3%E3%83%89%E3%83%93%E3%83%AB%20%EF%BC%A21%EF%BC%A6,35.6727307,139.7692198,2024,カレー TOKYO,curry_tokyo,発表日：2024年8月6日
ホールスパイスカレー青藍,東京都杉並区高円寺北2-41-15,食べログ カレー TOKYO 百名店 2024,https://tabelog.com/tokyo/A1319/A131904/13215450/,,https://www.google.com/maps/search/?api=1&query=%E3%83%9B%E3%83%BC%E3%83%AB%E3%82%B9%E3%83%91%E3%82%A4%E3%82%B9%E3%82%AB%E3%83%AC%E3%83%BC%E9%9D%92%E8%97%8D%20%E6%9D%B1%E4%BA%AC%E9%83%BD%E6%9D%89%E4%B8%A6%E5%8C%BA%E9%AB%98%E5%86%86%E5%AF%BA%E5%8C%972-41-15,35.7094296,139.6499300,2024,カレー TOKYO,curry_tokyo,発表日：2024年8月6日
ホットスプーン 五反田店,東京都品川区東五反田1-14-8 KCビル 1F,食べログ カレー TOKYO 百名店 2024,https://tabelog.com/tokyo/A1316/A131603/13024328/,,https://www.google.com/maps/search/?api=1&query=%E3%83%9B%E3%83%83%E3%83%88%E3%82%B9%E3%83%97%E3%83%BC%E3%83%B3%20%E4%BA%94%E5%8F%8D%E7%94%B0%E5%BA%97%20%E6%9D%B1%E4%BA%AC%E9%83%BD%E5%93%81%E5%B7%9D%E5%8C%BA%E6%9D%B1%E4%BA%94%E5%8F%8D%E7%94%B01-14-8%20KC%E3%83%93%E3%83%AB%201F,35.6259001,139.7254657,2024,カレー TOKYO,curry_tokyo,発表日：2024年8月6日
かれーの店 うどん,東京都品川区西五反田2-31-5,食べログ カレー TOKYO 百名店 2024,https://tabelog.com/tokyo/A1316/A131603/13004531/,,https://www.google.com/maps/search/?api=1&query=%E3%81%8B%E3%82%8C%E3%83%BC%E3%81%AE%E5%BA%97%20%E3%81%86%E3%81%A9%E3%82%93%20%E6%9D%B1%E4%BA%AC%E9%83%BD%E5%93%81%E5%B7%9D%E5%8C%BA%E8%A5%BF%E4%BA%94%E5%8F%8D%E7%94%B02-31-5,35.6248618,139.7197788,2024,カレー TOKYO,curry_tokyo,発表日：2024年8月6日
ホンカトリー,東京都文京区湯島2-7-9,食べログ カレー TOKYO 百名店 2024,https://tabelog.com/tokyo/A1310/A131002/13210157/,,https://www.google.com/maps/search/?api=1&query=%E3%83%9B%E3%83%B3%E3%82%AB%E3%83%88%E3%83%AA%E3%83%BC%20%E6%9D%B1%E4%BA%AC%E9%83%BD%E6%96%87%E4%BA%AC%E5%8C%BA%E6%B9%AF%E5%B3%B62-7-9,35.7041658,139.7653966,2024,カレー TOKYO,curry_tokyo,発表日：2024年8月6日
ベンガル,東京都千代田区外神田3-6-1 丸山ビル 1F,食べログ カレー TOKYO 百名店 2024,https://tabelog.com/tokyo/A1311/A131101/13006361/,,https://www.google.com/maps/search/?api=1&query=%E3%83%99%E3%83%B3%E3%82%AC%E3%83%AB%20%E6%9D%B1%E4%BA%AC%E9%83%BD%E5%8D%83%E4%BB%A3%E7%94%B0%E5%8C%BA%E5%A4%96%E7%A5%9E%E7%94%B03-6-1%20%E4%B8%B8%E5%B1%B1%E3%83%93%E3%83%AB%201F,35.7021731,139.7695211,2024,カレー TOKYO,curry_tokyo,発表日：2024年8月6日
欧風カレー ソレイユ,東京都千代田区二番町11-20 グンショウ二番町ビル 1F,食べログ カレー TOKYO 百名店 2024,https://tabelog.com/tokyo/A1309/A130904/13164006/,,https://www.google.com/maps/search/?api=1&query=%E6%AC%A7%E9%A2%A8%E3%82%AB%E3%83%AC%E3%83%BC%20%E3%82%BD%E3%83%AC%E3%82%A4%E3%83%A6%20%E6%9D%B1%E4%BA%AC%E9%83%BD%E5%8D%83%E4%BB%A3%E7%94%B0%E5%8C%BA%E4%BA%8C%E7%95%AA%E7%94%BA11-20%20%E3%82%B0%E3%83%B3%E3%82%B7%E3%83%A7%E3%82%A6%E4%BA%8C%E7%95%AA%E7%94%BA%E3%83%93%E3%83%AB%201F,35.6860282,139.7387254,2024,カレー TOKYO,curry_tokyo,発表日：2024年8月6日
レインボウスパイス,東京都立川市柴崎町3-3-4 英ビル 1F,食べログ カレー TOKYO 百名店 2024,https://tabelog.com/tokyo/A1329/A132901/13147181/,,https://www.google.com/maps/search/?api=1&query=%E3%83%AC%E3%82%A4%E3%83%B3%E3%83%9C%E3%82%A6%E3%82%B9%E3%83%91%E3%82%A4%E3%82%B9%20%E6%9D%B1%E4%BA%AC%E9%83%BD%E7%AB%8B%E5%B7%9D%E5%B8%82%E6%9F%B4%E5%B4%8E%E7%94%BA3-3-4%20%E8%8B%B1%E3%83%93%E3%83%AB%201F,35.6969685,139.4142501,2024,カレー TOKYO,curry_tokyo,発表日：2024年8月6日
火星カレー,東京都豊島区西池袋3-27-3 S&Kビル B1F,食べログ カレー TOKYO 百名店 2024,https://tabelog.com/tokyo/A1305/A130501/13170490/,,https://www.google.com/maps/search/?api=1&query=%E7%81%AB%E6%98%9F%E3%82%AB%E3%83%AC%E3%83%BC%20%E6%9D%B1%E4%BA%AC%E9%83%BD%E8%B1%8A%E5%B3%B6%E5%8C%BA%E8%A5%BF%E6%B1%A0%E8%A2%8B3-27-3%20S%26K%E3%83%93%E3%83%AB%20B1F,35.7305418,139.7072029,2024,カレー TOKYO,curry_tokyo,発表日：2024年8月6日
カレーノトリコ,東京都千代田区神田鍛冶町3-5 一八ビル 1F,食べログ カレー TOKYO 百名店 2024,https://tabelog.com/tokyo/A1310/A131002/13224725/,,https://www.google.com/maps/search/?api=1&query=%E3%82%AB%E3%83%AC%E3%83%BC%E3%83%8E%E3%83%88%E3%83%AA%E3%82%B3%20%E6%9D%B1%E4%BA%AC%E9%83%BD%E5%8D%83%E4%BB%A3%E7%94%B0%E5%8C%BA%E7%A5%9E%E7%94%B0%E9%8D%9B%E5%86%B6%E7%94%BA3-5%20%E4%B8%80%E5%85%AB%E3%83%93%E3%83%AB%201F,35.6939086,139.7698901,2024,カレー TOKYO,curry_tokyo,発表日：2024年8月6日
Cuit Bonne,東京都中央区日本橋茅場町1-4-6 木村実業第２ビル B1F,食べログ カレー TOKYO 百名店 2024,https://tabelog.com/tokyo/A1302/A130203/13003029/,,https://www.google.com/maps/search/?api=1&query=Cuit%20Bonne%20%E6%9D%B1%E4%BA%AC%E9%83%BD%E4%B8%AD%E5%A4%AE%E5%8C%BA%E6%97%A5%E6%9C%AC%E6%A9%8B%E8%8C%85%E5%A0%B4%E7%94%BA1-4-6%20%E6%9C%A8%E6%9D%91%E5%AE%9F%E6%A5%AD%E7%AC%AC%EF%BC%92%E3%83%93%E3%83%AB%20B1F,35.6802824,139.7799159,2024,カレー TOKYO,curry_tokyo,発表日：2024年8月6日
イエローカンパニー 恵比寿本店,東京都渋谷区東3-14-19 オークヒルズ　１Ｆ,食べログ カレー TOKYO 百名店 2024,https://tabelog.com/tokyo/A1303/A130302/13014312/,,https://www.google.com/maps/search/?api=1&query=%E3%82%A4%E3%82%A8%E3%83%AD%E3%83%BC%E3%82%AB%E3%83%B3%E3%83%91%E3%83%8B%E3%83%BC%20%E6%81%B5%E6%AF%94%E5%AF%BF%E6%9C%AC%E5%BA%97%20%E6%9D%B1%E4%BA%AC%E9%83%BD%E6%B8%8B%E8%B0%B7%E5%8C%BA%E6%9D%B13-14-19%20%E3%82%AA%E3%83%BC%E3%82%AF%E3%83%92%E3%83%AB%E3%82%BA%E3%80%80%EF%BC%91%EF%BC%A6,35.6513838,139.7094512,2024,カレー TOKYO,curry_tokyo,発表日：2024年8月6日
本石亭,東京都中央区日本橋本石町4-4-16,食べログ カレー TOKYO 百名店 2024,https://tabelog.com/tokyo/A1302/A130202/13046781/,,https://www.google.com/maps/search/?api=1&query=%E6%9C%AC%E7%9F%B3%E4%BA%AD%20%E6%9D%B1%E4%BA%AC%E9%83%BD%E4%B8%AD%E5%A4%AE%E5%8C%BA%E6%97%A5%E6%9C%AC%E6%A9%8B%E6%9C%AC%E7%9F%B3%E7%94%BA4-4-16,35.6886665,139.7709808,2024,カレー TOKYO,curry_tokyo,発表日：2024年8月6日
タケウチ 神保町本店,東京都千代田区神田神保町1-20-3 1F,食べログ カレー TOKYO 百名店 2024,https://tabelog.com/tokyo/A1310/A131003/13160882/,,https://www.google.com/maps/search/?api=1&query=%E3%82%BF%E3%82%B1%E3%82%A6%E3%83%81%20%E7%A5%9E%E4%BF%9D%E7%94%BA%E6%9C%AC%E5%BA%97%20%E6%9D%B1%E4%BA%AC%E9%83%BD%E5%8D%83%E4%BB%A3%E7%94%B0%E5%8C%BA%E7%A5%9E%E7%94%B0%E7%A5%9E%E4%BF%9D%E7%94%BA1-20-3%201F,35.6968033,139.7595321,2024,カレー TOKYO,curry_tokyo,発表日：2024年8月6日
葡萄舎,東京都千代田区鍛冶町1-3-10 MJ神田ビル 5F,食べログ カレー TOKYO 百名店 2024,https://tabelog.com/tokyo/A1310/A131002/13036906/,,https://www.google.com/maps/search/?api=1&query=%E8%91%A1%E8%90%84%E8%88%8E%20%E6%9D%B1%E4%BA%AC%E9%83%BD%E5%8D%83%E4%BB%A3%E7%94%B0%E5%8C%BA%E9%8D%9B%E5%86%B6%E7%94%BA1-3-10%20MJ%E7%A5%9E%E7%94%B0%E3%83%93%E3%83%AB%205F,35.6898578,139.7708008,2024,カレー TOKYO,curry_tokyo,発表日：2024年8月6日
パンチマハル,東京都千代田区神田神保町1-64-2 野間ビル,食べログ カレー TOKYO 百名店 2024,https://tabelog.com/tokyo/A1310/A131003/13026681/,,https://www.google.com/maps/search/?api=1&query=%E3%83%91%E3%83%B3%E3%83%81%E3%83%9E%E3%83%8F%E3%83%AB%20%E6%9D%B1%E4%BA%AC%E9%83%BD%E5%8D%83%E4%BB%A3%E7%94%B0%E5%8C%BA%E7%A5%9E%E7%94%B0%E7%A5%9E%E4%BF%9D%E7%94%BA1-64-2%20%E9%87%8E%E9%96%93%E3%83%93%E3%83%AB,35.6988062,139.7582672,2024,カレー TOKYO,curry_tokyo,発表日：2024年8月6日
フィッシュ 新宿店,東京都新宿区西新宿7-5-6 新宿ダイカンプラザ756 2F,食べログ カレー TOKYO 百名店 2024,https://tabelog.com/tokyo/A1304/A130401/13222551/,,https://www.google.com/maps/search/?api=1&query=%E3%83%95%E3%82%A3%E3%83%83%E3%82%B7%E3%83%A5%20%E6%96%B0%E5%AE%BF%E5%BA%97%20%E6%9D%B1%E4%BA%AC%E9%83%BD%E6%96%B0%E5%AE%BF%E5%8C%BA%E8%A5%BF%E6%96%B0%E5%AE%BF7-5-6%20%E6%96%B0%E5%AE%BF%E3%83%80%E3%82%A4%E3%82%AB%E3%83%B3%E3%83%97%E3%83%A9%E3%82%B6756%202F,35.6965212,139.6983059,2024,カレー TOKYO,curry_tokyo,発表日：2024年8月6日
般゜若 PANNYA CAFE CURRY,東京都世田谷区北沢2-33-6 スズキビル1Ｆ,食べログ カレー TOKYO 百名店 2024,https://tabelog.com/tokyo/A1318/A131802/13215255/,,https://www.google.com/maps/search/?api=1&query=%E8%88%AC%E3%82%9C%E8%8B%A5%20PANNYA%20CAFE%20CURRY%20%E6%9D%B1%E4%BA%AC%E9%83%BD%E4%B8%96%E7%94%B0%E8%B0%B7%E5%8C%BA%E5%8C%97%E6%B2%A22-33-6%20%E3%82%B9%E3%82%BA%E3%82%AD%E3%83%93%E3%83%AB1%EF%BC%A6,35.6630342,139.6688364,2024,カレー TOKYO,curry_tokyo,発表日：2024年8月6日
ブラウニー,東京都千代田区外神田3-7-9 サンビュー外神田　１Ｆ,食べログ カレー TOKYO 百名店 2024,https://tabelog.com/tokyo/A1311/A131101/13006343/,,https://www.google.com/maps/search/?api=1&query=%E3%83%96%E3%83%A9%E3%82%A6%E3%83%8B%E3%83%BC%20%E6%9D%B1%E4%BA%AC%E9%83%BD%E5%8D%83%E4%BB%A3%E7%94%B0%E5%8C%BA%E5%A4%96%E7%A5%9E%E7%94%B03-7-9%20%E3%82%B5%E3%83%B3%E3%83%93%E3%83%A5%E3%83%BC%E5%A4%96%E7%A5%9E%E7%94%B0%E3%80%80%EF%BC%91%EF%BC%A6,35.7028490,139.7704958,2024,カレー TOKYO,curry_tokyo,発表日：2024年8月6日
けらら,東京都新宿区富久町16-14 シティフラット富久町　１０２,食べログ カレー TOKYO 百名店 2024,https://tabelog.com/tokyo/A1304/A130402/13006680/,,https://www.google.com/maps/search/?api=1&query=%E3%81%91%E3%82%89%E3%82%89%20%E6%9D%B1%E4%BA%AC%E9%83%BD%E6%96%B0%E5%AE%BF%E5%8C%BA%E5%AF%8C%E4%B9%85%E7%94%BA16-14%20%E3%82%B7%E3%83%86%E3%82%A3%E3%83%95%E3%83%A9%E3%83%83%E3%83%88%E5%AF%8C%E4%B9%85%E7%94%BA%E3%80%80%EF%BC%91%EF%BC%90%EF%BC%92,35.6917297,139.7126189,2024,カレー TOKYO,curry_tokyo,発表日：2024年8月6日
カリーアップ,東京都渋谷区神宮前2-35-9 原宿リビン 105,食べログ カレー TOKYO 百名店 2024,https://tabelog.com/tokyo/A1306/A130601/13103835/,https://tabelog.com/tokyo/A1306/A130601/13103835/?cid=google_yoyaku,https://www.google.com/maps/search/?api=1&query=%E3%82%AB%E3%83%AA%E3%83%BC%E3%82%A2%E3%83%83%E3%83%97%20%E6%9D%B1%E4%BA%AC%E9%83%BD%E6%B8%8B%E8%B0%B7%E5%8C%BA%E7%A5%9E%E5%AE%AE%E5%89%8D2-35-9%20%E5%8E%9F%E5%AE%BF%E3%83%AA%E3%83%93%E3%83%B3%20105,35.6746121,139.7077625,2024,カレー TOKYO,curry_tokyo,発表日：2024年8月6日
ハルダモンカレー,東京都渋谷区上原1-33-12 ちとせビル 1F,食べログ カレー TOKYO 百名店 2024,https://tabelog.com/tokyo/A1318/A131811/13234284/,,https://www.google.com/maps/search/?api=1&query=%E3%83%8F%E3%83%AB%E3%83%80%E3%83%A2%E3%83%B3%E3%82%AB%E3%83%AC%E3%83%BC%20%E6%9D%B1%E4%BA%AC%E9%83%BD%E6%B8%8B%E8%B0%B7%E5%8C%BA%E4%B8%8A%E5%8E%9F1-33-12%20%E3%81%A1%E3%81%A8%E3%81%9B%E3%83%93%E3%83%AB%201F,35.6692158,139.6807575,2024,カレー TOKYO,curry_tokyo,発表日：2024年8月6日
エピタフカレー,東京都新宿区新宿3-7-5 第2シグマビル B1F,食べログ カレー TOKYO 百名店 2024,https://tabelog.com/tokyo/A1304/A130401/13246903/,,https://www.google.com/maps/search/?api=1&query=%E3%82%A8%E3%83%94%E3%82%BF%E3%83%95%E3%82%AB%E3%83%AC%E3%83%BC%20%E6%9D%B1%E4%BA%AC%E9%83%BD%E6%96%B0%E5%AE%BF%E5%8C%BA%E6%96%B0%E5%AE%BF3-7-5%20%E7%AC%AC2%E3%82%B7%E3%82%B0%E3%83%9E%E3%83%93%E3%83%AB%20B1F,35.6910681,139.7060342,2024,カレー TOKYO,curry_tokyo,発表日：2024年8月6日
チャントーヤ ココナッツカリー,東京都千代田区神田小川町3-28-7 昇龍館ビル 1F,食べログ カレー TOKYO 百名店 2024,https://tabelog.com/tokyo/A1310/A131002/13131134/,,https://www.google.com/maps/search/?api=1&query=%E3%83%81%E3%83%A3%E3%83%B3%E3%83%88%E3%83%BC%E3%83%A4%20%E3%82%B3%E3%82%B3%E3%83%8A%E3%83%83%E3%83%84%E3%82%AB%E3%83%AA%E3%83%BC%20%E6%9D%B1%E4%BA%AC%E9%83%BD%E5%8D%83%E4%BB%A3%E7%94%B0%E5%8C%BA%E7%A5%9E%E7%94%B0%E5%B0%8F%E5%B7%9D%E7%94%BA3-28-7%20%E6%98%87%E9%BE%8D%E9%A4%A8%E3%83%93%E3%83%AB%201F,35.6962029,139.7629439,2024,カレー TOKYO,curry_tokyo,発表日：2024年8月6日
タイカリーピキヌー,東京都世田谷区駒沢1-4-10 サエキビル　１Ｆ,食べログ カレー TOKYO 百名店 2024,https://tabelog.com/tokyo/A1317/A131707/13001446/,,https://www.google.com/maps/search/?api=1&query=%E3%82%BF%E3%82%A4%E3%82%AB%E3%83%AA%E3%83%BC%E3%83%94%E3%82%AD%E3%83%8C%E3%83%BC%20%E6%9D%B1%E4%BA%AC%E9%83%BD%E4%B8%96%E7%94%B0%E8%B0%B7%E5%8C%BA%E9%A7%92%E6%B2%A21-4-10%20%E3%82%B5%E3%82%A8%E3%82%AD%E3%83%93%E3%83%AB%E3%80%80%EF%BC%91%EF%BC%A6,35.6323603,139.6607899,2024,カレー TOKYO,curry_tokyo,発表日：2024年8月6日
コロンビア8 八重洲地下街店,東京都中央区八重洲2-1 八重洲地下街南1 B1F,食べログ カレー TOKYO 百名店 2024,https://tabelog.com/tokyo/A1302/A130202/13268002/,,https://www.google.com/maps/search/?api=1&query=%E3%82%B3%E3%83%AD%E3%83%B3%E3%83%93%E3%82%A28%20%E5%85%AB%E9%87%8D%E6%B4%B2%E5%9C%B0%E4%B8%8B%E8%A1%97%E5%BA%97%20%E6%9D%B1%E4%BA%AC%E9%83%BD%E4%B8%AD%E5%A4%AE%E5%8C%BA%E5%85%AB%E9%87%8D%E6%B4%B22-1%20%E5%85%AB%E9%87%8D%E6%B4%B2%E5%9C%B0%E4%B8%8B%E8%A1%97%E5%8D%971%20B1F,35.6795103,139.7680013,2024,カレー TOKYO,curry_tokyo,発表日：2024年8月6日
ポークビンダルー食べる副大統領,東京都渋谷区宇田川町41-26 パピエビル 2F,食べログ カレー TOKYO 百名店 2024,https://tabelog.com/tokyo/A1303/A130301/13235448/,,https://www.google.com/maps/search/?api=1&query=%E3%83%9D%E3%83%BC%E3%82%AF%E3%83%93%E3%83%B3%E3%83%80%E3%83%AB%E3%83%BC%E9%A3%9F%E3%81%B9%E3%82%8B%E5%89%AF%E5%A4%A7%E7%B5%B1%E9%A0%98%20%E6%9D%B1%E4%BA%AC%E9%83%BD%E6%B8%8B%E8%B0%B7%E5%8C%BA%E5%AE%87%E7%94%B0%E5%B7%9D%E7%94%BA41-26%20%E3%83%91%E3%83%94%E3%82%A8%E3%83%93%E3%83%AB%202F,35.6627459,139.6954391,2024,カレー TOKYO,curry_tokyo,発表日：2024年8月6日
牛すじカレー 小さなカレー家,東京都新宿区百人町1-24-10,食べログ カレー TOKYO 百名店 2024,https://tabelog.com/tokyo/A1304/A130404/13048031/,,https://www.google.com/maps/search/?api=1&query=%E7%89%9B%E3%81%99%E3%81%98%E3%82%AB%E3%83%AC%E3%83%BC%20%E5%B0%8F%E3%81%95%E3%81%AA%E3%82%AB%E3%83%AC%E3%83%BC%E5%AE%B6%20%E6%9D%B1%E4%BA%AC%E9%83%BD%E6%96%B0%E5%AE%BF%E5%8C%BA%E7%99%BE%E4%BA%BA%E7%94%BA1-24-10,35.6990091,139.6976901,2024,カレー TOKYO,curry_tokyo,発表日：2024年8月6日
みのりんご,東京都渋谷区神宮前1-22-7 ウエストビル 1F,食べログ カレー TOKYO 百名店 2024,https://tabelog.com/tokyo/A1306/A130601/13108716/,,https://www.google.com/maps/search/?api=1&query=%E3%81%BF%E3%81%AE%E3%82%8A%E3%82%93%E3%81%94%20%E6%9D%B1%E4%BA%AC%E9%83%BD%E6%B8%8B%E8%B0%B7%E5%8C%BA%E7%A5%9E%E5%AE%AE%E5%89%8D1-22-7%20%E3%82%A6%E3%82%A8%E3%82%B9%E3%83%88%E3%83%93%E3%83%AB%201F,35.6725276,139.7035386,2024,カレー TOKYO,curry_tokyo,発表日：2024年8月6日
カレーの店 プーさん,東京都小金井市前原町3-40-27,食べログ カレー TOKYO 百名店 2024,https://tabelog.com/tokyo/A1325/A132501/13005962/,,https://www.google.com/maps/search/?api=1&query=%E3%82%AB%E3%83%AC%E3%83%BC%E3%81%AE%E5%BA%97%20%E3%83%97%E3%83%BC%E3%81%95%E3%82%93%20%E6%9D%B1%E4%BA%AC%E9%83%BD%E5%B0%8F%E9%87%91%E4%BA%95%E5%B8%82%E5%89%8D%E5%8E%9F%E7%94%BA3-40-27,35.6983116,139.5061757,2024,カレー TOKYO,curry_tokyo,発表日：2024年8月6日
ラッフルズ カリー,東京都台東区台東4-29-10 第二さたけビル 1F,食べログ カレー TOKYO 百名店 2024,https://tabelog.com/tokyo/A1311/A131101/13033116/,,https://www.google.com/maps/search/?api=1&query=%E3%83%A9%E3%83%83%E3%83%95%E3%83%AB%E3%82%BA%20%E3%82%AB%E3%83%AA%E3%83%BC%20%E6%9D%B1%E4%BA%AC%E9%83%BD%E5%8F%B0%E6%9D%B1%E5%8C%BA%E5%8F%B0%E6%9D%B14-29-10%20%E7%AC%AC%E4%BA%8C%E3%81%95%E3%81%9F%E3%81%91%E3%83%93%E3%83%AB%201F,35.7073239,139.7782949,2024,カレー TOKYO,curry_tokyo,発表日：2024年8月6日
プネウマカレー,東京都新宿区高田馬場1-17-10 ふじ荘 1F,食べログ カレー TOKYO 百名店 2024,https://tabelog.com/tokyo/A1305/A130503/13210644/,,https://www.google.com/maps/search/?api=1&query=%E3%83%97%E3%83%8D%E3%82%A6%E3%83%9E%E3%82%AB%E3%83%AC%E3%83%BC%20%E6%9D%B1%E4%BA%AC%E9%83%BD%E6%96%B0%E5%AE%BF%E5%8C%BA%E9%AB%98%E7%94%B0%E9%A6%AC%E5%A0%B41-17-10%20%E3%81%B5%E3%81%98%E8%8D%98%201F,35.7118904,139.7067170,2024,カレー TOKYO,curry_tokyo,発表日：2024年8月6日
カレーの店 ガン爺,東京都港区西新橋2-13-1 2F,食べログ カレー TOKYO 百名店 2024,https://tabelog.com/tokyo/A1308/A130802/13226045/,,https://www.google.com/maps/search/?api=1&query=%E3%82%AB%E3%83%AC%E3%83%BC%E3%81%AE%E5%BA%97%20%E3%82%AC%E3%83%B3%E7%88%BA%20%E6%9D%B1%E4%BA%AC%E9%83%BD%E6%B8%AF%E5%8C%BA%E8%A5%BF%E6%96%B0%E6%A9%8B2-13-1%202F,35.6672271,139.7516607,2024,カレー TOKYO,curry_tokyo,発表日：2024年8月6日
ザ・カリ,東京都港区新橋5-31-7 中村ビル １Ｆ,食べログ カレー TOKYO 百名店 2024,https://tabelog.com/tokyo/A1301/A130103/13007129/,,https://www.google.com/maps/search/?api=1&query=%E3%82%B6%E3%83%BB%E3%82%AB%E3%83%AA%20%E6%9D%B1%E4%BA%AC%E9%83%BD%E6%B8%AF%E5%8C%BA%E6%96%B0%E6%A9%8B5-31-7%20%E4%B8%AD%E6%9D%91%E3%83%93%E3%83%AB%20%EF%BC%91%EF%BC%A6,35.6623292,139.7549196,2024,カレー TOKYO,curry_tokyo,発表日：2024年8月6日
吉田カレー,東京都杉並区天沼3-8-2 2Ｆ,食べログ カレー TOKYO 百名店 2024,https://tabelog.com/tokyo/A1319/A131906/13132405/,,https://www.google.com/maps/search/?api=1&query=%E5%90%89%E7%94%B0%E3%82%AB%E3%83%AC%E3%83%BC%20%E6%9D%B1%E4%BA%AC%E9%83%BD%E6%9D%89%E4%B8%A6%E5%8C%BA%E5%A4%A9%E6%B2%BC3-8-2%202%EF%BC%A6,35.7064814,139.6181396,2024,カレー TOKYO,curry_tokyo,発表日：2024年8月6日
東新宿 サンラサー,東京都新宿区新宿6-27-17 カノープス新宿 3Ｆ,食べログ カレー TOKYO 百名店 2024,https://tabelog.com/tokyo/A1304/A130401/13215551/,,https://www.google.com/maps/search/?api=1&query=%E6%9D%B1%E6%96%B0%E5%AE%BF%20%E3%82%B5%E3%83%B3%E3%83%A9%E3%82%B5%E3%83%BC%20%E6%9D%B1%E4%BA%AC%E9%83%BD%E6%96%B0%E5%AE%BF%E5%8C%BA%E6%96%B0%E5%AE%BF6-27-17%20%E3%82%AB%E3%83%8E%E3%83%BC%E3%83%97%E3%82%B9%E6%96%B0%E5%AE%BF%203%EF%BC%A6,35.6950496,139.7075109,2024,カレー TOKYO,curry_tokyo,発表日：2024年8月6日
カリー＆ワイン ビストロべっぴん舎 お茶の水店,東京都千代田区神田小川町3-10-1 駿台ビル 2F,食べログ カレー TOKYO 百名店 2024,https://tabelog.com/tokyo/A1310/A131002/13198751/,,https://www.google.com/maps/search/?api=1&query=%E3%82%AB%E3%83%AA%E3%83%BC%EF%BC%86%E3%83%AF%E3%82%A4%E3%83%B3%20%E3%83%93%E3%82%B9%E3%83%88%E3%83%AD%E3%81%B9%E3%81%A3%E3%81%B4%E3%82%93%E8%88%8E%20%E3%81%8A%E8%8C%B6%E3%81%AE%E6%B0%B4%E5%BA%97%20%E6%9D%B1%E4%BA%AC%E9%83%BD%E5%8D%83%E4%BB%A3%E7%94%B0%E5%8C%BA%E7%A5%9E%E7%94%B0%E5%B0%8F%E5%B7%9D%E7%94%BA3-10-1%20%E9%A7%BF%E5%8F%B0%E3%83%93%E3%83%AB%202F,35.6959203,139.7612526,2024,カレー TOKYO,curry_tokyo,発表日：2024年8月6日
カリーライス専門店エチオピア 本店,東京都千代田区神田小川町3-10-6,食べログ カレー TOKYO 百名店 2024,https://tabelog.com/tokyo/A1310/A131003/13000638/,,https://www.google.com/maps/search/?api=1&query=%E3%82%AB%E3%83%AA%E3%83%BC%E3%83%A9%E3%82%A4%E3%82%B9%E5%B0%82%E9%96%80%E5%BA%97%E3%82%A8%E3%83%81%E3%82%AA%E3%83%94%E3%82%A2%20%E6%9C%AC%E5%BA%97%20%E6%9D%B1%E4%BA%AC%E9%83%BD%E5%8D%83%E4%BB%A3%E7%94%B0%E5%8C%BA%E7%A5%9E%E7%94%B0%E5%B0%8F%E5%B7%9D%E7%94%BA3-10-6,35.6963731,139.7614131,2024,カレー TOKYO,curry_tokyo,発表日：2024年8月6日
ヘンドリクス カリー バー,東京都渋谷区神宮前2-13-2 ユハラアネックスビル　１Ｆ,食べログ カレー TOKYO 百名店 2024,https://tabelog.com/tokyo/A1309/A130901/13007422/,,https://www.google.com/maps/search/?api=1&query=%E3%83%98%E3%83%B3%E3%83%89%E3%83%AA%E3%82%AF%E3%82%B9%20%E3%82%AB%E3%83%AA%E3%83%BC%20%E3%83%90%E3%83%BC%20%E6%9D%B1%E4%BA%AC%E9%83%BD%E6%B8%8B%E8%B0%B7%E5%8C%BA%E7%A5%9E%E5%AE%AE%E5%89%8D2-13-2%20%E3%83%A6%E3%83%8F%E3%83%A9%E3%82%A2%E3%83%8D%E3%83%83%E3%82%AF%E3%82%B9%E3%83%93%E3%83%AB%E3%80%80%EF%BC%91%EF%BC%A6,35.6748551,139.7125102,2024,カレー TOKYO,curry_tokyo,発表日：2024年8月6日
ヒナタ屋,東京都千代田区神田小川町3-10 振天堂ビル4Ｆ,食べログ カレー TOKYO 百名店 2024,https://tabelog.com/tokyo/A1310/A131002/13057210/,,https://www.google.com/maps/search/?api=1&query=%E3%83%92%E3%83%8A%E3%82%BF%E5%B1%8B%20%E6%9D%B1%E4%BA%AC%E9%83%BD%E5%8D%83%E4%BB%A3%E7%94%B0%E5%8C%BA%E7%A5%9E%E7%94%B0%E5%B0%8F%E5%B7%9D%E7%94%BA3-10%20%E6%8C%AF%E5%A4%A9%E5%A0%82%E3%83%93%E3%83%AB4%EF%BC%A6,35.6964655,139.7614539,2024,カレー TOKYO,curry_tokyo,発表日：2024年8月6日
まめ蔵,東京都武蔵野市吉祥寺本町2-18-15,食べログ カレー TOKYO 百名店 2024,https://tabelog.com/tokyo/A1320/A132001/13005789/,,https://www.google.com/maps/search/?api=1&query=%E3%81%BE%E3%82%81%E8%94%B5%20%E6%9D%B1%E4%BA%AC%E9%83%BD%E6%AD%A6%E8%94%B5%E9%87%8E%E5%B8%82%E5%90%89%E7%A5%A5%E5%AF%BA%E6%9C%AC%E7%94%BA2-18-15,35.7044445,139.5758857,2024,カレー TOKYO,curry_tokyo,発表日：2024年8月6日
ジャパニーズスパイスカレー カリッシュ,東京都中央区新川1-9-9,食べログ カレー TOKYO 百名店 2024,https://tabelog.com/tokyo/A1302/A130203/13020472/,,https://www.google.com/maps/search/?api=1&query=%E3%82%B8%E3%83%A3%E3%83%91%E3%83%8B%E3%83%BC%E3%82%BA%E3%82%B9%E3%83%91%E3%82%A4%E3%82%B9%E3%82%AB%E3%83%AC%E3%83%BC%20%E3%82%AB%E3%83%AA%E3%83%83%E3%82%B7%E3%83%A5%20%E6%9D%B1%E4%BA%AC%E9%83%BD%E4%B8%AD%E5%A4%AE%E5%8C%BA%E6%96%B0%E5%B7%9D1-9-9,35.6772612,139.7827555,2024,カレー TOKYO,curry_tokyo,発表日：2024年8月6日
フレンチカレー スプーン,東京都杉並区松庵3-38-19 リヴェール西荻　1F,食べログ カレー TOKYO 百名店 2024,https://tabelog.com/tokyo/A1319/A131907/13093699/,,https://www.google.com/maps/search/?api=1&query=%E3%83%95%E3%83%AC%E3%83%B3%E3%83%81%E3%82%AB%E3%83%AC%E3%83%BC%20%E3%82%B9%E3%83%97%E3%83%BC%E3%83%B3%20%E6%9D%B1%E4%BA%AC%E9%83%BD%E6%9D%89%E4%B8%A6%E5%8C%BA%E6%9D%BE%E5%BA%B53-38-19%20%E3%83%AA%E3%83%B4%E3%82%A7%E3%83%BC%E3%83%AB%E8%A5%BF%E8%8D%BB%E3%80%801F,35.7027396,139.5996919,2024,カレー TOKYO,curry_tokyo,発表日：2024年8月6日
スープカレー カムイ,東京都千代田区神田須田町2-3-24 KT須田ビル 1F,食べログ カレー TOKYO 百名店 2024,https://tabelog.com/tokyo/A1310/A131002/13121713/,,https://www.google.com/maps/search/?api=1&query=%E3%82%B9%E3%83%BC%E3%83%97%E3%82%AB%E3%83%AC%E3%83%BC%20%E3%82%AB%E3%83%A0%E3%82%A4%20%E6%9D%B1%E4%BA%AC%E9%83%BD%E5%8D%83%E4%BB%A3%E7%94%B0%E5%8C%BA%E7%A5%9E%E7%94%B0%E9%A0%88%E7%94%B0%E7%94%BA2-3-24%20KT%E9%A0%88%E7%94%B0%E3%83%93%E3%83%AB%201F,35.6959199,139.7716943,2024,カレー TOKYO,curry_tokyo,発表日：2024年8月6日
欧風カレー ボンディ 神保町本店,東京都千代田区神田神保町2-3 神田古書センター ２Ｆ,食べログ カレー TOKYO 百名店 2024,https://tabelog.com/tokyo/A1310/A131003/13000439/,,https://www.google.com/maps/search/?api=1&query=%E6%AC%A7%E9%A2%A8%E3%82%AB%E3%83%AC%E3%83%BC%20%E3%83%9C%E3%83%B3%E3%83%87%E3%82%A3%20%E7%A5%9E%E4%BF%9D%E7%94%BA%E6%9C%AC%E5%BA%97%20%E6%9D%B1%E4%BA%AC%E9%83%BD%E5%8D%83%E4%BB%A3%E7%94%B0%E5%8C%BA%E7%A5%9E%E7%94%B0%E7%A5%9E%E4%BF%9D%E7%94%BA2-3%20%E7%A5%9E%E7%94%B0%E5%8F%A4%E6%9B%B8%E3%82%BB%E3%83%B3%E3%82%BF%E3%83%BC%20%EF%BC%92%EF%BC%A6,35.6955824,139.7573753,2024,カレー TOKYO,curry_tokyo,発表日：2024年8月6日
カリカル 新橋本店,東京都港区新橋2-20-15 新橋駅前ビル1号館 B1F,食べログ カレー TOKYO 百名店 2024,https://tabelog.com/tokyo/A1301/A130103/13013413/,,https://www.google.com/maps/search/?api=1&query=%E3%82%AB%E3%83%AA%E3%82%AB%E3%83%AB%20%E6%96%B0%E6%A9%8B%E6%9C%AC%E5%BA%97%20%E6%9D%B1%E4%BA%AC%E9%83%BD%E6%B8%AF%E5%8C%BA%E6%96%B0%E6%A9%8B2-20-15%20%E6%96%B0%E6%A9%8B%E9%A7%85%E5%89%8D%E3%83%93%E3%83%AB1%E5%8F%B7%E9%A4%A8%20B1F,35.6664660,139.7593399,2024,カレー TOKYO,curry_tokyo,発表日：2024年8月6日
ヨゴロウ,東京都渋谷区神宮前2-20-10 小松ビル 1F,食べログ カレー TOKYO 百名店 2024,https://tabelog.com/tokyo/A1306/A130601/13076645/,,https://www.google.com/maps/search/?api=1&query=%E3%83%A8%E3%82%B4%E3%83%AD%E3%82%A6%20%E6%9D%B1%E4%BA%AC%E9%83%BD%E6%B8%8B%E8%B0%B7%E5%8C%BA%E7%A5%9E%E5%AE%AE%E5%89%8D2-20-10%20%E5%B0%8F%E6%9D%BE%E3%83%93%E3%83%AB%201F,35.6742590,139.7109560,2024,カレー TOKYO,curry_tokyo,発表日：2024年8月6日
きんもち,東京都新宿区西新宿3-9-1 西新宿ティーオービル 1F,食べログ カレー TOKYO 百名店 2024,https://tabelog.com/tokyo/A1318/A131807/13009223/,,https://www.google.com/maps/search/?api=1&query=%E3%81%8D%E3%82%93%E3%82%82%E3%81%A1%20%E6%9D%B1%E4%BA%AC%E9%83%BD%E6%96%B0%E5%AE%BF%E5%8C%BA%E8%A5%BF%E6%96%B0%E5%AE%BF3-9-1%20%E8%A5%BF%E6%96%B0%E5%AE%BF%E3%83%86%E3%82%A3%E3%83%BC%E3%82%AA%E3%83%BC%E3%83%93%E3%83%AB%201F,35.6851076,139.6897677,2024,カレー TOKYO,curry_tokyo,発表日：2024年8月6日
デリー 上野店,東京都文京区湯島3-42-2,食べログ カレー TOKYO 百名店 2024,https://tabelog.com/tokyo/A1311/A131101/13003605/,,https://www.google.com/maps/search/?api=1&query=%E3%83%87%E3%83%AA%E3%83%BC%20%E4%B8%8A%E9%87%8E%E5%BA%97%20%E6%9D%B1%E4%BA%AC%E9%83%BD%E6%96%87%E4%BA%AC%E5%8C%BA%E6%B9%AF%E5%B3%B63-42-2,35.7082849,139.7712554,2024,カレー TOKYO,curry_tokyo,発表日：2024年8月6日
SPICY CURRY 魯珈,東京都新宿区百人町1-24-8 新宿タウンプラザビル BF-J,食べログ カレー TOKYO 百名店 2024,https://tabelog.com/tokyo/A1304/A130404/13286023/,,https://www.google.com/maps/search/?api=1&query=SPICY%20CURRY%20%E9%AD%AF%E7%8F%88%20%E6%9D%B1%E4%BA%AC%E9%83%BD%E6%96%B0%E5%AE%BF%E5%8C%BA%E7%99%BE%E4%BA%BA%E7%94%BA1-24-8%20%E6%96%B0%E5%AE%BF%E3%82%BF%E3%82%A6%E3%83%B3%E3%83%97%E3%83%A9%E3%82%B6%E3%83%93%E3%83%AB%20BF-J,35.6986998,139.6977331,2024,カレー TOKYO,curry_tokyo,発表日：2024年8月6日
エチオピアカリーキッチン 高田馬場店,東京都新宿区西早稲田3-28-1 ミスミビル　１Ｆ,食べログ カレー TOKYO 百名店 2024,https://tabelog.com/tokyo/A1305/A130503/13006165/,,https://www.google.com/maps/search/?api=1&query=%E3%82%A8%E3%83%81%E3%82%AA%E3%83%94%E3%82%A2%E3%82%AB%E3%83%AA%E3%83%BC%E3%82%AD%E3%83%83%E3%83%81%E3%83%B3%20%E9%AB%98%E7%94%B0%E9%A6%AC%E5%A0%B4%E5%BA%97%20%E6%9D%B1%E4%BA%AC%E9%83%BD%E6%96%B0%E5%AE%BF%E5%8C%BA%E8%A5%BF%E6%97%A9%E7%A8%B2%E7%94%B03-28-1%20%E3%83%9F%E3%82%B9%E3%83%9F%E3%83%93%E3%83%AB%E3%80%80%EF%BC%91%EF%BC%A6,35.7115343,139.7104461,2024,カレー TOKYO,curry_tokyo,発表日：2024年8月6日
キッチン アンド カリー,東京都世田谷区羽根木1-21-24 亀甲新い52,食べログ カレー TOKYO 百名店 2024,https://tabelog.com/tokyo/A1318/A131803/13224066/,,https://www.google.com/maps/search/?api=1&query=%E3%82%AD%E3%83%83%E3%83%81%E3%83%B3%20%E3%82%A2%E3%83%B3%E3%83%89%20%E3%82%AB%E3%83%AA%E3%83%BC%20%E6%9D%B1%E4%BA%AC%E9%83%BD%E4%B8%96%E7%94%B0%E8%B0%B7%E5%8C%BA%E7%BE%BD%E6%A0%B9%E6%9C%A81-21-24%20%E4%BA%80%E7%94%B2%E6%96%B0%E3%81%8452,35.6639074,139.6585779,2024,カレー TOKYO,curry_tokyo,発表日：2024年8月6日
カレーショップ フェンネル,東京都杉並区松庵3-37-22 西荻マノン 2F,食べログ カレー TOKYO 百名店 2024,https://tabelog.com/tokyo/A1319/A131907/13273254/,,https://www.google.com/maps/search/?api=1&query=%E3%82%AB%E3%83%AC%E3%83%BC%E3%82%B7%E3%83%A7%E3%83%83%E3%83%97%20%E3%83%95%E3%82%A7%E3%83%B3%E3%83%8D%E3%83%AB%20%E6%9D%B1%E4%BA%AC%E9%83%BD%E6%9D%89%E4%B8%A6%E5%8C%BA%E6%9D%BE%E5%BA%B53-37-22%20%E8%A5%BF%E8%8D%BB%E3%83%9E%E3%83%8E%E3%83%B3%202F,35.7017994,139.5992584,2024,カレー TOKYO,curry_tokyo,発表日：2024年8月6日
カレー食堂 リトルスパイス,東京都武蔵野市吉祥寺本町2-14-1 山田ビル　２Ｆ,食べログ カレー TOKYO 百名店 2024,https://tabelog.com/tokyo/A1320/A132001/13009943/,,https://www.google.com/maps/search/?api=1&query=%E3%82%AB%E3%83%AC%E3%83%BC%E9%A3%9F%E5%A0%82%20%E3%83%AA%E3%83%88%E3%83%AB%E3%82%B9%E3%83%91%E3%82%A4%E3%82%B9%20%E6%9D%B1%E4%BA%AC%E9%83%BD%E6%AD%A6%E8%94%B5%E9%87%8E%E5%B8%82%E5%90%89%E7%A5%A5%E5%AF%BA%E6%9C%AC%E7%94%BA2-14-1%20%E5%B1%B1%E7%94%B0%E3%83%93%E3%83%AB%E3%80%80%EF%BC%92%EF%BC%A6,35.7057949,139.5774183,2024,カレー TOKYO,curry_tokyo,発表日：2024年8月6日
スパイスポスト,東京都渋谷区富ヶ谷1-52-2,食べログ カレー TOKYO 百名店 2024,https://tabelog.com/tokyo/A1318/A131810/13210691/,,https://www.google.com/maps/search/?api=1&query=%E3%82%B9%E3%83%91%E3%82%A4%E3%82%B9%E3%83%9D%E3%82%B9%E3%83%88%20%E6%9D%B1%E4%BA%AC%E9%83%BD%E6%B8%8B%E8%B0%B7%E5%8C%BA%E5%AF%8C%E3%83%B6%E8%B0%B71-52-2,35.6690128,139.6890245,2024,カレー TOKYO,curry_tokyo,発表日：2024年8月6日
インド風カリーライス すぱいす,東京都杉並区荻窪5-16-20,食べログ カレー TOKYO 百名店 2024,https://tabelog.com/tokyo/A1319/A131906/13004379/,,https://www.google.com/maps/search/?api=1&query=%E3%82%A4%E3%83%B3%E3%83%89%E9%A2%A8%E3%82%AB%E3%83%AA%E3%83%BC%E3%83%A9%E3%82%A4%E3%82%B9%20%E3%81%99%E3%81%B1%E3%81%84%E3%81%99%20%E6%9D%B1%E4%BA%AC%E9%83%BD%E6%9D%89%E4%B8%A6%E5%8C%BA%E8%8D%BB%E7%AA%AA5-16-20,35.7039181,139.6181170,2024,カレー TOKYO,curry_tokyo,発表日：2024年8月6日
ムーンボウ,東京都渋谷区代々木2-30-4 ヨシダペアランドＢ　１０２,食べログ カレー TOKYO 百名店 2024,https://tabelog.com/tokyo/A1304/A130403/13006570/,,https://www.google.com/maps/search/?api=1&query=%E3%83%A0%E3%83%BC%E3%83%B3%E3%83%9C%E3%82%A6%20%E6%9D%B1%E4%BA%AC%E9%83%BD%E6%B8%8B%E8%B0%B7%E5%8C%BA%E4%BB%A3%E3%80%85%E6%9C%A82-30-4%20%E3%83%A8%E3%82%B7%E3%83%80%E3%83%9A%E3%82%A2%E3%83%A9%E3%83%B3%E3%83%89%EF%BC%A2%E3%80%80%EF%BC%91%EF%BC%90%EF%BC%92,35.6838773,139.6985523,2024,カレー TOKYO,curry_tokyo,発表日：2024年8月6日
トプカ 神田本店,東京都千代田区神田須田町1-11 竹内ビル 1F,食べログ カレー TOKYO 百名店 2024,https://tabelog.com/tokyo/A1310/A131002/13000377/,,https://www.google.com/maps/search/?api=1&query=%E3%83%88%E3%83%97%E3%82%AB%20%E7%A5%9E%E7%94%B0%E6%9C%AC%E5%BA%97%20%E6%9D%B1%E4%BA%AC%E9%83%BD%E5%8D%83%E4%BB%A3%E7%94%B0%E5%8C%BA%E7%A5%9E%E7%94%B0%E9%A0%88%E7%94%B0%E7%94%BA1-11%20%E7%AB%B9%E5%86%85%E3%83%93%E3%83%AB%201F,35.6962897,139.7691906,2024,カレー TOKYO,curry_tokyo,発表日：2024年8月6日
スパイシーカリーハウス 銀座半月,東京都中央区銀座6-4-15 銀座数寄屋橋ビル 1F,食べログ カレー TOKYO 百名店 2024,https://tabelog.com/tokyo/A1301/A130101/13246897/,,https://www.google.com/maps/search/?api=1&query=%E3%82%B9%E3%83%91%E3%82%A4%E3%82%B7%E3%83%BC%E3%82%AB%E3%83%AA%E3%83%BC%E3%83%8F%E3%82%A6%E3%82%B9%20%E9%8A%80%E5%BA%A7%E5%8D%8A%E6%9C%88%20%E6%9D%B1%E4%BA%AC%E9%83%BD%E4%B8%AD%E5%A4%AE%E5%8C%BA%E9%8A%80%E5%BA%A76-4-15%20%E9%8A%80%E5%BA%A7%E6%95%B0%E5%AF%84%E5%B1%8B%E6%A9%8B%E3%83%93%E3%83%AB%201F,35.6712688,139.7612621,2024,カレー TOKYO,curry_tokyo,発表日：2024年8月6日
東京らっきょブラザーズ,東京都新宿区馬場下町61-9 山口ビル　１Ｆ,食べログ カレー TOKYO 百名店 2024,https://tabelog.com/tokyo/A1305/A130504/13040401/,,https://www.google.com/maps/search/?api=1&query=%E6%9D%B1%E4%BA%AC%E3%82%89%E3%81%A3%E3%81%8D%E3%82%87%E3%83%96%E3%83%A9%E3%82%B6%E3%83%BC%E3%82%BA%20%E6%9D%B1%E4%BA%AC%E9%83%BD%E6%96%B0%E5%AE%BF%E5%8C%BA%E9%A6%AC%E5%A0%B4%E4%B8%8B%E7%94%BA61-9%20%E5%B1%B1%E5%8F%A3%E3%83%93%E3%83%AB%E3%80%80%EF%BC%91%EF%BC%A6,35.7062615,139.7202952,2024,カレー TOKYO,curry_tokyo,発表日：2024年8月6日
カレーライス専門店 ブラザー,東京都新宿区高田馬場2-19-7 タックイレブン1Ｆ,食べログ カレー TOKYO 百名店 2024,https://tabelog.com/tokyo/A1305/A130503/13212319/,,https://www.google.com/maps/search/?api=1&query=%E3%82%AB%E3%83%AC%E3%83%BC%E3%83%A9%E3%82%A4%E3%82%B9%E5%B0%82%E9%96%80%E5%BA%97%20%E3%83%96%E3%83%A9%E3%82%B6%E3%83%BC%20%E6%9D%B1%E4%BA%AC%E9%83%BD%E6%96%B0%E5%AE%BF%E5%8C%BA%E9%AB%98%E7%94%B0%E9%A6%AC%E5%A0%B42-19-7%20%E3%82%BF%E3%83%83%E3%82%AF%E3%82%A4%E3%83%AC%E3%83%96%E3%83%B31%EF%BC%A6,35.7138883,139.7043578,2024,カレー TOKYO,curry_tokyo,発表日：2024年8月6日
スパイシーカリーハウス半月,東京都新宿区西新宿7-6-9 コンフォート・セゾン 1F,食べログ カレー TOKYO 百名店 2024,https://tabelog.com/tokyo/A1304/A130401/13211678/,,https://www.google.com/maps/search/?api=1&query=%E3%82%B9%E3%83%91%E3%82%A4%E3%82%B7%E3%83%BC%E3%82%AB%E3%83%AA%E3%83%BC%E3%83%8F%E3%82%A6%E3%82%B9%E5%8D%8A%E6%9C%88%20%E6%9D%B1%E4%BA%AC%E9%83%BD%E6%96%B0%E5%AE%BF%E5%8C%BA%E8%A5%BF%E6%96%B0%E5%AE%BF7-6-9%20%E3%82%B3%E3%83%B3%E3%83%95%E3%82%A9%E3%83%BC%E3%83%88%E3%83%BB%E3%82%BB%E3%82%BE%E3%83%B3%201F,35.6978454,139.6979324,2024,カレー TOKYO,curry_tokyo,発表日：2024年8月6日
プティフ・ア・ラ・カンパーニュ,東京都千代田区一番町8-13 日興ロイヤルパレス一番町　１Ｆ,食べログ カレー TOKYO 百名店 2024,https://tabelog.com/tokyo/A1308/A130803/13000254/,,https://www.google.com/maps/search/?api=1&query=%E3%83%97%E3%83%86%E3%82%A3%E3%83%95%E3%83%BB%E3%82%A2%E3%83%BB%E3%83%A9%E3%83%BB%E3%82%AB%E3%83%B3%E3%83%91%E3%83%BC%E3%83%8B%E3%83%A5%20%E6%9D%B1%E4%BA%AC%E9%83%BD%E5%8D%83%E4%BB%A3%E7%94%B0%E5%8C%BA%E4%B8%80%E7%95%AA%E7%94%BA8-13%20%E6%97%A5%E8%88%88%E3%83%AD%E3%82%A4%E3%83%A4%E3%83%AB%E3%83%91%E3%83%AC%E3%82%B9%E4%B8%80%E7%95%AA%E7%94%BA%E3%80%80%EF%BC%91%EF%BC%A6,35.6870801,139.7406418,2024,カレー TOKYO,curry_tokyo,発表日：2024年8月6日
ガンジー,東京都新宿区新宿3-17-21 新三ビル 2F,食べログ カレー TOKYO 百名店 2024,https://tabelog.com/tokyo/A1304/A130401/13000880/,,https://www.google.com/maps/search/?api=1&query=%E3%82%AC%E3%83%B3%E3%82%B8%E3%83%BC%20%E6%9D%B1%E4%BA%AC%E9%83%BD%E6%96%B0%E5%AE%BF%E5%8C%BA%E6%96%B0%E5%AE%BF3-17-21%20%E6%96%B0%E4%B8%89%E3%83%93%E3%83%AB%202F,35.6919120,139.7035041,2024,カレー TOKYO,curry_tokyo,発表日：2024年8月6日
エチオピアカリーキッチン 御茶ノ水ソラシティ店,東京都千代田区神田駿河台4-6 御茶ノ水ソラシティ B1F,食べログ カレー TOKYO 百名店 2024,https://tabelog.com/tokyo/A1310/A131002/13154753/,,https://www.google.com/maps/search/?api=1&query=%E3%82%A8%E3%83%81%E3%82%AA%E3%83%94%E3%82%A2%E3%82%AB%E3%83%AA%E3%83%BC%E3%82%AD%E3%83%83%E3%83%81%E3%83%B3%20%E5%BE%A1%E8%8C%B6%E3%83%8E%E6%B0%B4%E3%82%BD%E3%83%A9%E3%82%B7%E3%83%86%E3%82%A3%E5%BA%97%20%E6%9D%B1%E4%BA%AC%E9%83%BD%E5%8D%83%E4%BB%A3%E7%94%B0%E5%8C%BA%E7%A5%9E%E7%94%B0%E9%A7%BF%E6%B2%B3%E5%8F%B04-6%20%E5%BE%A1%E8%8C%B6%E3%83%8E%E6%B0%B4%E3%82%BD%E3%83%A9%E3%82%B7%E3%83%86%E3%82%A3%20B1F,35.6987389,139.7660730,2024,カレー TOKYO,curry_tokyo,発表日：2024年8月6日
&スリランカTOKYO,東京都千代田区神田神保町1-54-4 JHVビル 1F,食べログ カレー TOKYO 百名店 2024,https://tabelog.com/tokyo/A1310/A131003/13276047/,https://tabelog.com/tokyo/A1310/A131003/13276047/?cid=google_yoyaku,https://www.google.com/maps/search/?api=1&query=%26%E3%82%B9%E3%83%AA%E3%83%A9%E3%83%B3%E3%82%ABTOKYO%20%E6%9D%B1%E4%BA%AC%E9%83%BD%E5%8D%83%E4%BB%A3%E7%94%B0%E5%8C%BA%E7%A5%9E%E7%94%B0%E7%A5%9E%E4%BF%9D%E7%94%BA1-54-4%20JHV%E3%83%93%E3%83%AB%201F,35.6982234,139.7571662,2024,カレー TOKYO,curry_tokyo,発表日：2024年8月6日
東京ボンベイ 恵比寿本店,東京都渋谷区恵比寿南1-23-1 ABC亜米利加橋ビル 1F,食べログ カレー TOKYO 百名店 2024,https://tabelog.com/tokyo/A1303/A130302/13221284/,,https://www.google.com/maps/search/?api=1&query=%E6%9D%B1%E4%BA%AC%E3%83%9C%E3%83%B3%E3%83%99%E3%82%A4%20%E6%81%B5%E6%AF%94%E5%AF%BF%E6%9C%AC%E5%BA%97%20%E6%9D%B1%E4%BA%AC%E9%83%BD%E6%B8%8B%E8%B0%B7%E5%8C%BA%E6%81%B5%E6%AF%94%E5%AF%BF%E5%8D%971-23-1%20ABC%E4%BA%9C%E7%B1%B3%E5%88%A9%E5%8A%A0%E6%A9%8B%E3%83%93%E3%83%AB%201F,35.6433823,139.7117227,2024,カレー TOKYO,curry_tokyo,発表日：2024年8月6日
Curry Spice Gelateria KALPASI,東京都世田谷区北沢2-12-2 サウスウェーブ下北沢 1F,食べログ カレー TOKYO 百名店 2024,https://tabelog.com/tokyo/A1318/A131802/13247887/,,https://www.google.com/maps/search/?api=1&query=Curry%20Spice%20Gelateria%20KALPASI%20%E6%9D%B1%E4%BA%AC%E9%83%BD%E4%B8%96%E7%94%B0%E8%B0%B7%E5%8C%BA%E5%8C%97%E6%B2%A22-12-2%20%E3%82%B5%E3%82%A6%E3%82%B9%E3%82%A6%E3%82%A7%E3%83%BC%E3%83%96%E4%B8%8B%E5%8C%97%E6%B2%A2%201F,35.6609166,139.6681006,2024,カレー TOKYO,curry_tokyo,発表日：2024年8月6日
スープカレー屋 鴻 神田駿河台店,東京都千代田区神田小川町3-10-18,食べログ カレー TOKYO 百名店 2024,https://tabelog.com/tokyo/A1310/A131003/13040204/,,https://www.google.com/maps/search/?api=1&query=%E3%82%B9%E3%83%BC%E3%83%97%E3%82%AB%E3%83%AC%E3%83%BC%E5%B1%8B%20%E9%B4%BB%20%E7%A5%9E%E7%94%B0%E9%A7%BF%E6%B2%B3%E5%8F%B0%E5%BA%97%20%E6%9D%B1%E4%BA%AC%E9%83%BD%E5%8D%83%E4%BB%A3%E7%94%B0%E5%8C%BA%E7%A5%9E%E7%94%B0%E5%B0%8F%E5%B7%9D%E7%94%BA3-10-18,35.6963391,139.7613724,2024,カレー TOKYO,curry_tokyo,発表日：2024年8月6日
マリーアイランガニー,東京都渋谷区宇田川町34-6 M&Iビル 5F,食べログ カレー TOKYO 百名店 2024,https://tabelog.com/tokyo/A1303/A130301/13166471/,,https://www.google.com/maps/search/?api=1&query=%E3%83%9E%E3%83%AA%E3%83%BC%E3%82%A2%E3%82%A4%E3%83%A9%E3%83%B3%E3%82%AC%E3%83%8B%E3%83%BC%20%E6%9D%B1%E4%BA%AC%E9%83%BD%E6%B8%8B%E8%B0%B7%E5%8C%BA%E5%AE%87%E7%94%B0%E5%B7%9D%E7%94%BA34-6%20M%26I%E3%83%93%E3%83%AB%205F,35.6612662,139.6963918,2024,カレー TOKYO,curry_tokyo,発表日：2024年8月6日
かえる食堂,東京都豊島区池袋3-6-1 第2京花荘 1F,食べログ カレー TOKYO 百名店 2024,https://tabelog.com/tokyo/A1322/A132202/13030312/,,https://www.google.com/maps/search/?api=1&query=%E3%81%8B%E3%81%88%E3%82%8B%E9%A3%9F%E5%A0%82%20%E6%9D%B1%E4%BA%AC%E9%83%BD%E8%B1%8A%E5%B3%B6%E5%8C%BA%E6%B1%A0%E8%A2%8B3-6-1%20%E7%AC%AC2%E4%BA%AC%E8%8A%B1%E8%8D%98%201F,35.7338184,139.7029540,2024,カレー TOKYO,curry_tokyo,発表日：2024年8月6日
ストーン,東京都台東区浅草橋1-10-12,食べログ カレー TOKYO 百名店 2024,https://tabelog.com/tokyo/A1311/A131103/13031461/,,https://www.google.com/maps/search/?api=1&query=%E3%82%B9%E3%83%88%E3%83%BC%E3%83%B3%20%E6%9D%B1%E4%BA%AC%E9%83%BD%E5%8F%B0%E6%9D%B1%E5%8C%BA%E6%B5%85%E8%8D%89%E6%A9%8B1-10-12,35.6971325,139.7854700,2024,カレー TOKYO,curry_tokyo,発表日：2024年8月6日
正嗣 宮島本店,栃木県宇都宮市馬場通り4-3-1,食べログ 餃子 百名店 2024,https://tabelog.com/tochigi/A0901/A090101/9000046/,,https://www.google.com/maps/search/?api=1&query=%E6%AD%A3%E5%97%A3%20%E5%AE%AE%E5%B3%B6%E6%9C%AC%E5%BA%97%20%E6%A0%83%E6%9C%A8%E7%9C%8C%E5%AE%87%E9%83%BD%E5%AE%AE%E5%B8%82%E9%A6%AC%E5%A0%B4%E9%80%9A%E3%82%8A4-3-1,36.5616443,139.8877189,2024,餃子,gyoza,発表日：2024年6月25日
亀戸ぎょうざ 両国支店,東京都墨田区両国4-34-10,食べログ 餃子 百名店 2024,https://tabelog.com/tokyo/A1312/A131201/13039735/,,https://www.google.com/maps/search/?api=1&query=%E4%BA%80%E6%88%B8%E3%81%8E%E3%82%87%E3%81%86%E3%81%96%20%E4%B8%A1%E5%9B%BD%E6%94%AF%E5%BA%97%20%E6%9D%B1%E4%BA%AC%E9%83%BD%E5%A2%A8%E7%94%B0%E5%8C%BA%E4%B8%A1%E5%9B%BD4-34-10,35.6949873,139.7972697,2024,餃子,gyoza,発表日：2024年6月25日
PAIRON 飯田橋本店,東京都新宿区新小川町8-32,食べログ 餃子 百名店 2024,https://tabelog.com/tokyo/A1309/A130905/13127427/,,https://www.google.com/maps/search/?api=1&query=PAIRON%20%E9%A3%AF%E7%94%B0%E6%A9%8B%E6%9C%AC%E5%BA%97%20%E6%9D%B1%E4%BA%AC%E9%83%BD%E6%96%B0%E5%AE%BF%E5%8C%BA%E6%96%B0%E5%B0%8F%E5%B7%9D%E7%94%BA8-32,35.7058464,139.7415392,2024,餃子,gyoza,発表日：2024年6月25日
野方餃子 本店,東京都中野区野方6-18-8 杉山ビル 1Ｆ,食べログ 餃子 百名店 2024,https://tabelog.com/tokyo/A1321/A132104/13154377/,https://tabelog.com/tokyo/A1321/A132104/13154377/?cid=google_yoyaku,https://www.google.com/maps/search/?api=1&query=%E9%87%8E%E6%96%B9%E9%A4%83%E5%AD%90%20%E6%9C%AC%E5%BA%97%20%E6%9D%B1%E4%BA%AC%E9%83%BD%E4%B8%AD%E9%87%8E%E5%8C%BA%E9%87%8E%E6%96%B96-18-8%20%E6%9D%89%E5%B1%B1%E3%83%93%E3%83%AB%201%EF%BC%A6,35.7230512,139.6522015,2024,餃子,gyoza,発表日：2024年6月25日
横堀餃子,埼玉県三郷市三郷1-6-9,食べログ 餃子 百名店 2024,https://tabelog.com/saitama/A1102/A110205/11039302/,,https://www.google.com/maps/search/?api=1&query=%E6%A8%AA%E5%A0%80%E9%A4%83%E5%AD%90%20%E5%9F%BC%E7%8E%89%E7%9C%8C%E4%B8%89%E9%83%B7%E5%B8%82%E4%B8%89%E9%83%B71-6-9,35.8426502,139.8854765,2024,餃子,gyoza,発表日：2024年6月25日
亜細亜割烹 蓮月,東京都港区南青山1-23-7 Grange南青山 101,食べログ 餃子 百名店 2024,https://tabelog.com/tokyo/A1307/A130701/13182912/,,https://www.google.com/maps/search/?api=1&query=%E4%BA%9C%E7%B4%B0%E4%BA%9C%E5%89%B2%E7%83%B9%20%E8%93%AE%E6%9C%88%20%E6%9D%B1%E4%BA%AC%E9%83%BD%E6%B8%AF%E5%8C%BA%E5%8D%97%E9%9D%92%E5%B1%B11-23-7%20Grange%E5%8D%97%E9%9D%92%E5%B1%B1%20101,35.6665590,139.7247858,2024,餃子,gyoza,発表日：2024年6月25日
餃子マニア 品川本店,東京都港区高輪4-11-16 京急第11ビル 2F,食べログ 餃子 百名店 2024,https://tabelog.com/tokyo/A1314/A131403/13247755/,,https://www.google.com/maps/search/?api=1&query=%E9%A4%83%E5%AD%90%E3%83%9E%E3%83%8B%E3%82%A2%20%E5%93%81%E5%B7%9D%E6%9C%AC%E5%BA%97%20%E6%9D%B1%E4%BA%AC%E9%83%BD%E6%B8%AF%E5%8C%BA%E9%AB%98%E8%BC%AA4-11-16%20%E4%BA%AC%E6%80%A5%E7%AC%AC11%E3%83%93%E3%83%AB%202F,35.6268761,139.7373424,2024,餃子,gyoza,発表日：2024年6月25日
香蘭,栃木県宇都宮市本町1-24,食べログ 餃子 百名店 2024,https://tabelog.com/tochigi/A0901/A090101/9010705/,,https://www.google.com/maps/search/?api=1&query=%E9%A6%99%E8%98%AD%20%E6%A0%83%E6%9C%A8%E7%9C%8C%E5%AE%87%E9%83%BD%E5%AE%AE%E5%B8%82%E6%9C%AC%E7%94%BA1-24,36.5626567,139.8824009,2024,餃子,gyoza,発表日：2024年6月25日
餃子の王さま,東京都台東区浅草1-30-8,食べログ 餃子 百名店 2024,https://tabelog.com/tokyo/A1311/A131102/13016814/,,https://www.google.com/maps/search/?api=1&query=%E9%A4%83%E5%AD%90%E3%81%AE%E7%8E%8B%E3%81%95%E3%81%BE%20%E6%9D%B1%E4%BA%AC%E9%83%BD%E5%8F%B0%E6%9D%B1%E5%8C%BA%E6%B5%85%E8%8D%891-30-8,35.7121413,139.7956565,2024,餃子,gyoza,発表日：2024年6月25日
餃子坊 豚八戒,東京都杉並区阿佐谷南3-37-5,食べログ 餃子 百名店 2024,https://tabelog.com/tokyo/A1319/A131905/13090377/,,https://www.google.com/maps/search/?api=1&query=%E9%A4%83%E5%AD%90%E5%9D%8A%20%E8%B1%9A%E5%85%AB%E6%88%92%20%E6%9D%B1%E4%BA%AC%E9%83%BD%E6%9D%89%E4%B8%A6%E5%8C%BA%E9%98%BF%E4%BD%90%E8%B0%B7%E5%8D%973-37-5,35.7044813,139.6349459,2024,餃子,gyoza,発表日：2024年6月25日
餃子館,東京都世田谷区上北沢4-29-19,食べログ 餃子 百名店 2024,https://tabelog.com/tokyo/A1318/A131809/13108385/,,https://www.google.com/maps/search/?api=1&query=%E9%A4%83%E5%AD%90%E9%A4%A8%20%E6%9D%B1%E4%BA%AC%E9%83%BD%E4%B8%96%E7%94%B0%E8%B0%B7%E5%8C%BA%E4%B8%8A%E5%8C%97%E6%B2%A24-29-19,35.6711028,139.6188956,2024,餃子,gyoza,発表日：2024年6月25日
亀戸ぎょうざ 錦糸町店,東京都墨田区江東橋3-9-1,食べログ 餃子 百名店 2024,https://tabelog.com/tokyo/A1312/A131201/13041091/,,https://www.google.com/maps/search/?api=1&query=%E4%BA%80%E6%88%B8%E3%81%8E%E3%82%87%E3%81%86%E3%81%96%20%E9%8C%A6%E7%B3%B8%E7%94%BA%E5%BA%97%20%E6%9D%B1%E4%BA%AC%E9%83%BD%E5%A2%A8%E7%94%B0%E5%8C%BA%E6%B1%9F%E6%9D%B1%E6%A9%8B3-9-1,35.6946362,139.8131811,2024,餃子,gyoza,発表日：2024年6月25日
宇都宮みんみん 本店,栃木県宇都宮市馬場通り4-2-3,食べログ 餃子 百名店 2024,https://tabelog.com/tochigi/A0901/A090101/9000045/,,https://www.google.com/maps/search/?api=1&query=%E5%AE%87%E9%83%BD%E5%AE%AE%E3%81%BF%E3%82%93%E3%81%BF%E3%82%93%20%E6%9C%AC%E5%BA%97%20%E6%A0%83%E6%9C%A8%E7%9C%8C%E5%AE%87%E9%83%BD%E5%AE%AE%E5%B8%82%E9%A6%AC%E5%A0%B4%E9%80%9A%E3%82%8A4-2-3,36.5616221,139.8873770,2024,餃子,gyoza,発表日：2024年6月25日
横浜とんとん,神奈川県横浜市保土ケ谷区星川1-15-27,食べログ 餃子 百名店 2024,https://tabelog.com/kanagawa/A1401/A140301/14003956/,,https://www.google.com/maps/search/?api=1&query=%E6%A8%AA%E6%B5%9C%E3%81%A8%E3%82%93%E3%81%A8%E3%82%93%20%E7%A5%9E%E5%A5%88%E5%B7%9D%E7%9C%8C%E6%A8%AA%E6%B5%9C%E5%B8%82%E4%BF%9D%E5%9C%9F%E3%82%B1%E8%B0%B7%E5%8C%BA%E6%98%9F%E5%B7%9D1-15-27,35.4552253,139.5927644,2024,餃子,gyoza,発表日：2024年6月25日
龍門,東京都大田区西糀谷3-35-3,食べログ 餃子 百名店 2024,https://tabelog.com/tokyo/A1315/A131504/13017770/,,https://www.google.com/maps/search/?api=1&query=%E9%BE%8D%E9%96%80%20%E6%9D%B1%E4%BA%AC%E9%83%BD%E5%A4%A7%E7%94%B0%E5%8C%BA%E8%A5%BF%E7%B3%80%E8%B0%B73-35-3,35.5540526,139.7391389,2024,餃子,gyoza,発表日：2024年6月25日
悟空,栃木県宇都宮市馬場通り4-2-4 日野屋ビル 1F,食べログ 餃子 百名店 2024,https://tabelog.com/tochigi/A0901/A090101/9014744/,,https://www.google.com/maps/search/?api=1&query=%E6%82%9F%E7%A9%BA%20%E6%A0%83%E6%9C%A8%E7%9C%8C%E5%AE%87%E9%83%BD%E5%AE%AE%E5%B8%82%E9%A6%AC%E5%A0%B4%E9%80%9A%E3%82%8A4-2-4%20%E6%97%A5%E9%87%8E%E5%B1%8B%E3%83%93%E3%83%AB%201F,36.5616263,139.8874940,2024,餃子,gyoza,発表日：2024年6月25日
餃子といえば芭莉龍,栃木県宇都宮市川向町1-23 宇都宮駅ビルパセオ 1F,食べログ 餃子 百名店 2024,https://tabelog.com/tochigi/A0901/A090101/9019556/,,https://www.google.com/maps/search/?api=1&query=%E9%A4%83%E5%AD%90%E3%81%A8%E3%81%84%E3%81%88%E3%81%B0%E8%8A%AD%E8%8E%89%E9%BE%8D%20%E6%A0%83%E6%9C%A8%E7%9C%8C%E5%AE%87%E9%83%BD%E5%AE%AE%E5%B8%82%E5%B7%9D%E5%90%91%E7%94%BA1-23%20%E5%AE%87%E9%83%BD%E5%AE%AE%E9%A7%85%E3%83%93%E3%83%AB%E3%83%91%E3%82%BB%E3%82%AA%201F,36.5590796,139.8979705,2024,餃子,gyoza,発表日：2024年6月25日
餃天堂 シンボルロード店,栃木県宇都宮市池上町1-11,食べログ 餃子 百名店 2024,https://tabelog.com/tochigi/A0901/A090101/9020423/,,https://www.google.com/maps/search/?api=1&query=%E9%A4%83%E5%A4%A9%E5%A0%82%20%E3%82%B7%E3%83%B3%E3%83%9C%E3%83%AB%E3%83%AD%E3%83%BC%E3%83%89%E5%BA%97%20%E6%A0%83%E6%9C%A8%E7%9C%8C%E5%AE%87%E9%83%BD%E5%AE%AE%E5%B8%82%E6%B1%A0%E4%B8%8A%E7%94%BA1-11,36.5609694,139.8831763,2024,餃子,gyoza,発表日：2024年6月25日
幸楽,栃木県宇都宮市宝木町2-864-4,食べログ 餃子 百名店 2024,https://tabelog.com/tochigi/A0901/A090101/9001322/,,https://www.google.com/maps/search/?api=1&query=%E5%B9%B8%E6%A5%BD%20%E6%A0%83%E6%9C%A8%E7%9C%8C%E5%AE%87%E9%83%BD%E5%AE%AE%E5%B8%82%E5%AE%9D%E6%9C%A8%E7%94%BA2-864-4,36.5805906,139.8420204,2024,餃子,gyoza,発表日：2024年6月25日
えびすの安兵衛,東京都渋谷区恵比寿4-9-15 荻原ビル5 1F,食べログ 餃子 百名店 2024,https://tabelog.com/tokyo/A1303/A130302/13117106/,,https://www.google.com/maps/search/?api=1&query=%E3%81%88%E3%81%B3%E3%81%99%E3%81%AE%E5%AE%89%E5%85%B5%E8%A1%9B%20%E6%9D%B1%E4%BA%AC%E9%83%BD%E6%B8%8B%E8%B0%B7%E5%8C%BA%E6%81%B5%E6%AF%94%E5%AF%BF4-9-15%20%E8%8D%BB%E5%8E%9F%E3%83%93%E3%83%AB5%201F,35.6456140,139.7147014,2024,餃子,gyoza,発表日：2024年6月25日
おけ以,東京都千代田区富士見2-12-16,食べログ 餃子 百名店 2024,https://tabelog.com/tokyo/A1309/A130905/13000410/,,https://www.google.com/maps/search/?api=1&query=%E3%81%8A%E3%81%91%E4%BB%A5%20%E6%9D%B1%E4%BA%AC%E9%83%BD%E5%8D%83%E4%BB%A3%E7%94%B0%E5%8C%BA%E5%AF%8C%E5%A3%AB%E8%A6%8B2-12-16,35.6988916,139.7444986,2024,餃子,gyoza,発表日：2024年6月25日
您好,東京都渋谷区西原2-27-4 升本酒店　２Ｆ,食べログ 餃子 百名店 2024,https://tabelog.com/tokyo/A1318/A131807/13001812/,,https://www.google.com/maps/search/?api=1&query=%E6%82%A8%E5%A5%BD%20%E6%9D%B1%E4%BA%AC%E9%83%BD%E6%B8%8B%E8%B0%B7%E5%8C%BA%E8%A5%BF%E5%8E%9F2-27-4%20%E5%8D%87%E6%9C%AC%E9%85%92%E5%BA%97%E3%80%80%EF%BC%92%EF%BC%A6,35.6752434,139.6783653,2024,餃子,gyoza,発表日：2024年6月25日
鎮海楼,東京都品川区上大崎2-15-6 市川ビル 1F,食べログ 餃子 百名店 2024,https://tabelog.com/tokyo/A1316/A131601/13020138/,,https://www.google.com/maps/search/?api=1&query=%E9%8E%AE%E6%B5%B7%E6%A5%BC%20%E6%9D%B1%E4%BA%AC%E9%83%BD%E5%93%81%E5%B7%9D%E5%8C%BA%E4%B8%8A%E5%A4%A7%E5%B4%8E2-15-6%20%E5%B8%82%E5%B7%9D%E3%83%93%E3%83%AB%201F,35.6345859,139.7169027,2024,餃子,gyoza,発表日：2024年6月25日
按田餃子 代々木上原店,東京都渋谷区西原3-21-2 1F,食べログ 餃子 百名店 2024,https://tabelog.com/tokyo/A1318/A131811/13140146/,,https://www.google.com/maps/search/?api=1&query=%E6%8C%89%E7%94%B0%E9%A4%83%E5%AD%90%20%E4%BB%A3%E3%80%85%E6%9C%A8%E4%B8%8A%E5%8E%9F%E5%BA%97%20%E6%9D%B1%E4%BA%AC%E9%83%BD%E6%B8%8B%E8%B0%B7%E5%8C%BA%E8%A5%BF%E5%8E%9F3-21-2%201F,35.6706021,139.6819117,2024,餃子,gyoza,発表日：2024年6月25日
來々軒,東京都江東区東陽3-21-4 ライオンズマンション　1F,食べログ 餃子 百名店 2024,https://tabelog.com/tokyo/A1313/A131303/13098822/,,https://www.google.com/maps/search/?api=1&query=%E4%BE%86%E3%80%85%E8%BB%92%20%E6%9D%B1%E4%BA%AC%E9%83%BD%E6%B1%9F%E6%9D%B1%E5%8C%BA%E6%9D%B1%E9%99%BD3-21-4%20%E3%83%A9%E3%82%A4%E3%82%AA%E3%83%B3%E3%82%BA%E3%83%9E%E3%83%B3%E3%82%B7%E3%83%A7%E3%83%B3%E3%80%801F,35.6691366,139.8114658,2024,餃子,gyoza,発表日：2024年6月25日
香蘭 宇都宮駅西口店,栃木県宇都宮市駅前通り1-5-9,食べログ 餃子 百名店 2024,https://tabelog.com/tochigi/A0901/A090101/9020129/,,https://www.google.com/maps/search/?api=1&query=%E9%A6%99%E8%98%AD%20%E5%AE%87%E9%83%BD%E5%AE%AE%E9%A7%85%E8%A5%BF%E5%8F%A3%E5%BA%97%20%E6%A0%83%E6%9C%A8%E7%9C%8C%E5%AE%87%E9%83%BD%E5%AE%AE%E5%B8%82%E9%A7%85%E5%89%8D%E9%80%9A%E3%82%8A1-5-9,36.5594307,139.8970830,2024,餃子,gyoza,発表日：2024年6月25日
餃子のハルピン,東京都三鷹市下連雀3-31-8,食べログ 餃子 百名店 2024,https://tabelog.com/tokyo/A1320/A132002/13005875/,,https://www.google.com/maps/search/?api=1&query=%E9%A4%83%E5%AD%90%E3%81%AE%E3%83%8F%E3%83%AB%E3%83%94%E3%83%B3%20%E6%9D%B1%E4%BA%AC%E9%83%BD%E4%B8%89%E9%B7%B9%E5%B8%82%E4%B8%8B%E9%80%A3%E9%9B%803-31-8,35.6977540,139.5605623,2024,餃子,gyoza,発表日：2024年6月25日
東亭,東京都豊島区東池袋2-50-13,食べログ 餃子 百名店 2024,https://tabelog.com/tokyo/A1305/A130501/13008958/,,https://www.google.com/maps/search/?api=1&query=%E6%9D%B1%E4%BA%AD%20%E6%9D%B1%E4%BA%AC%E9%83%BD%E8%B1%8A%E5%B3%B6%E5%8C%BA%E6%9D%B1%E6%B1%A0%E8%A2%8B2-50-13,35.7325128,139.7197848,2024,餃子,gyoza,発表日：2024年6月25日
亀戸餃子 本店,東京都江東区亀戸5-3-4,食べログ 餃子 百名店 2024,https://tabelog.com/tokyo/A1312/A131202/13003078/,,https://www.google.com/maps/search/?api=1&query=%E4%BA%80%E6%88%B8%E9%A4%83%E5%AD%90%20%E6%9C%AC%E5%BA%97%20%E6%9D%B1%E4%BA%AC%E9%83%BD%E6%B1%9F%E6%9D%B1%E5%8C%BA%E4%BA%80%E6%88%B85-3-4,35.6985477,139.8262455,2024,餃子,gyoza,発表日：2024年6月25日
東京餃子楼 三軒茶屋店,東京都世田谷区太子堂4-4-2 ラウスパレス三軒茶屋,食べログ 餃子 百名店 2024,https://tabelog.com/tokyo/A1317/A131706/13004530/,https://tabelog.com/tokyo/A1317/A131706/13004530/?cid=google_yoyaku,https://www.google.com/maps/search/?api=1&query=%E6%9D%B1%E4%BA%AC%E9%A4%83%E5%AD%90%E6%A5%BC%20%E4%B8%89%E8%BB%92%E8%8C%B6%E5%B1%8B%E5%BA%97%20%E6%9D%B1%E4%BA%AC%E9%83%BD%E4%B8%96%E7%94%B0%E8%B0%B7%E5%8C%BA%E5%A4%AA%E5%AD%90%E5%A0%824-4-2%20%E3%83%A9%E3%82%A6%E3%82%B9%E3%83%91%E3%83%AC%E3%82%B9%E4%B8%89%E8%BB%92%E8%8C%B6%E5%B1%8B,35.6432199,139.6676392,2024,餃子,gyoza,発表日：2024年6月25日
手作り餃子の店 吉春,東京都調布市国領町8-1-14,食べログ 餃子 百名店 2024,https://tabelog.com/tokyo/A1326/A132601/13254805/,,https://www.google.com/maps/search/?api=1&query=%E6%89%8B%E4%BD%9C%E3%82%8A%E9%A4%83%E5%AD%90%E3%81%AE%E5%BA%97%20%E5%90%89%E6%98%A5%20%E6%9D%B1%E4%BA%AC%E9%83%BD%E8%AA%BF%E5%B8%83%E5%B8%82%E5%9B%BD%E9%A0%98%E7%94%BA8-1-14,35.6465504,139.5619203,2024,餃子,gyoza,発表日：2024年6月25日
萬里,神奈川県横浜市中区野毛町2-71,食べログ 餃子 百名店 2024,https://tabelog.com/kanagawa/A1401/A140102/14006776/,,https://www.google.com/maps/search/?api=1&query=%E8%90%AC%E9%87%8C%20%E7%A5%9E%E5%A5%88%E5%B7%9D%E7%9C%8C%E6%A8%AA%E6%B5%9C%E5%B8%82%E4%B8%AD%E5%8C%BA%E9%87%8E%E6%AF%9B%E7%94%BA2-71,35.4484870,139.6303381,2024,餃子,gyoza,発表日：2024年6月25日
永楽,東京都江戸川区北小岩5-16-2,食べログ 餃子 百名店 2024,https://tabelog.com/tokyo/A1312/A131204/13052293/,,https://www.google.com/maps/search/?api=1&query=%E6%B0%B8%E6%A5%BD%20%E6%9D%B1%E4%BA%AC%E9%83%BD%E6%B1%9F%E6%88%B8%E5%B7%9D%E5%8C%BA%E5%8C%97%E5%B0%8F%E5%B2%A95-16-2,35.7405548,139.8892822,2024,餃子,gyoza,発表日：2024年6月25日
CHATTY CHATTY,東京都新宿区新宿1-12-1 サンサーラ第三御苑 1F,食べログ ハンバーガー 百名店 2024,https://tabelog.com/tokyo/A1304/A130402/13171395/,,https://www.google.com/maps/search/?api=1&query=CHATTY%20CHATTY%20%E6%9D%B1%E4%BA%AC%E9%83%BD%E6%96%B0%E5%AE%BF%E5%8C%BA%E6%96%B0%E5%AE%BF1-12-1%20%E3%82%B5%E3%83%B3%E3%82%B5%E3%83%BC%E3%83%A9%E7%AC%AC%E4%B8%89%E5%BE%A1%E8%8B%91%201F,35.6888369,139.7128761,2024,ハンバーガー,hamburger,発表日：2024年3月12日
Reg-On Diner 渋谷本店,東京都渋谷区東1-8-1 K HOUSE 1F,食べログ ハンバーガー 百名店 2024,https://tabelog.com/tokyo/A1303/A130301/13054359/,https://tabelog.com/tokyo/A1303/A130301/13054359/?cid=google_yoyaku,https://www.google.com/maps/search/?api=1&query=Reg-On%20Diner%20%E6%B8%8B%E8%B0%B7%E6%9C%AC%E5%BA%97%20%E6%9D%B1%E4%BA%AC%E9%83%BD%E6%B8%8B%E8%B0%B7%E5%8C%BA%E6%9D%B11-8-1%20K%20HOUSE%201F,35.6555674,139.7098925,2024,ハンバーガー,hamburger,発表日：2024年3月12日
パントリー コヨーテ,千葉県千葉市中央区中央3-11-11 ニュー豊田ビル 1F,食べログ ハンバーガー 百名店 2024,https://tabelog.com/chiba/A1201/A120101/12020222/,,https://www.google.com/maps/search/?api=1&query=%E3%83%91%E3%83%B3%E3%83%88%E3%83%AA%E3%83%BC%20%E3%82%B3%E3%83%A8%E3%83%BC%E3%83%86%20%E5%8D%83%E8%91%89%E7%9C%8C%E5%8D%83%E8%91%89%E5%B8%82%E4%B8%AD%E5%A4%AE%E5%8C%BA%E4%B8%AD%E5%A4%AE3-11-11%20%E3%83%8B%E3%83%A5%E3%83%BC%E8%B1%8A%E7%94%B0%E3%83%93%E3%83%AB%201F,35.6079526,140.1246755,2024,ハンバーガー,hamburger,発表日：2024年3月12日
アルデバラン,東京都港区麻布十番3-3-1 三喜ビル 3F,食べログ ハンバーガー 百名店 2024,https://tabelog.com/tokyo/A1307/A130702/13278678/,,https://www.google.com/maps/search/?api=1&query=%E3%82%A2%E3%83%AB%E3%83%87%E3%83%90%E3%83%A9%E3%83%B3%20%E6%9D%B1%E4%BA%AC%E9%83%BD%E6%B8%AF%E5%8C%BA%E9%BA%BB%E5%B8%83%E5%8D%81%E7%95%AA3-3-1%20%E4%B8%89%E5%96%9C%E3%83%93%E3%83%AB%203F,35.6538196,139.7353037,2024,ハンバーガー,hamburger,発表日：2024年3月12日
CENTRAL BURGER SHOP,神奈川県横浜市中区石川町2-85-5,食べログ ハンバーガー 百名店 2024,https://tabelog.com/kanagawa/A1401/A140105/14087178/,,https://www.google.com/maps/search/?api=1&query=CENTRAL%20BURGER%20SHOP%20%E7%A5%9E%E5%A5%88%E5%B7%9D%E7%9C%8C%E6%A8%AA%E6%B5%9C%E5%B8%82%E4%B8%AD%E5%8C%BA%E7%9F%B3%E5%B7%9D%E7%94%BA2-85-5,35.4375565,139.6422234,2024,ハンバーガー,hamburger,発表日：2024年3月12日
エーエス クラシックス ダイナー KOMAZAWA,東京都目黒区八雲5-9-22 オリオン駒沢ビル　１Ｆ,食べログ ハンバーガー 百名店 2024,https://tabelog.com/tokyo/A1317/A131707/13022762/,,https://www.google.com/maps/search/?api=1&query=%E3%82%A8%E3%83%BC%E3%82%A8%E3%82%B9%20%E3%82%AF%E3%83%A9%E3%82%B7%E3%83%83%E3%82%AF%E3%82%B9%20%E3%83%80%E3%82%A4%E3%83%8A%E3%83%BC%20KOMAZAWA%20%E6%9D%B1%E4%BA%AC%E9%83%BD%E7%9B%AE%E9%BB%92%E5%8C%BA%E5%85%AB%E9%9B%B25-9-22%20%E3%82%AA%E3%83%AA%E3%82%AA%E3%83%B3%E9%A7%92%E6%B2%A2%E3%83%93%E3%83%AB%E3%80%80%EF%BC%91%EF%BC%A6,35.6250929,139.6674906,2024,ハンバーガー,hamburger,発表日：2024年3月12日
THE BURGER STAND FELLOWS,東京都港区北青山3-8-11,食べログ ハンバーガー 百名店 2024,https://tabelog.com/tokyo/A1306/A130602/13020792/,,https://www.google.com/maps/search/?api=1&query=THE%20BURGER%20STAND%20FELLOWS%20%E6%9D%B1%E4%BA%AC%E9%83%BD%E6%B8%AF%E5%8C%BA%E5%8C%97%E9%9D%92%E5%B1%B13-8-11,35.6650232,139.7102959,2024,ハンバーガー,hamburger,発表日：2024年3月12日
Viva la Burger,東京都豊島区池袋2-59-5 1F,食べログ ハンバーガー 百名店 2024,https://tabelog.com/tokyo/A1305/A130501/13233786/,https://tabelog.com/tokyo/A1305/A130501/13233786/?cid=google_yoyaku,https://www.google.com/maps/search/?api=1&query=Viva%20la%20Burger%20%E6%9D%B1%E4%BA%AC%E9%83%BD%E8%B1%8A%E5%B3%B6%E5%8C%BA%E6%B1%A0%E8%A2%8B2-59-5%201F,35.7346839,139.7084461,2024,ハンバーガー,hamburger,発表日：2024年3月12日
バーガーマニア 恵比寿店,東京都渋谷区恵比寿4-9-5 マンションニュー恵比寿 1F,食べログ ハンバーガー 百名店 2024,https://tabelog.com/tokyo/A1303/A130302/13166437/,,https://www.google.com/maps/search/?api=1&query=%E3%83%90%E3%83%BC%E3%82%AC%E3%83%BC%E3%83%9E%E3%83%8B%E3%82%A2%20%E6%81%B5%E6%AF%94%E5%AF%BF%E5%BA%97%20%E6%9D%B1%E4%BA%AC%E9%83%BD%E6%B8%8B%E8%B0%B7%E5%8C%BA%E6%81%B5%E6%AF%94%E5%AF%BF4-9-5%20%E3%83%9E%E3%83%B3%E3%82%B7%E3%83%A7%E3%83%B3%E3%83%8B%E3%83%A5%E3%83%BC%E6%81%B5%E6%AF%94%E5%AF%BF%201F,35.6460031,139.7130797,2024,ハンバーガー,hamburger,発表日：2024年3月12日
アイコウシャ,東京都千代田区神田三崎町1-4-8 愛光舎ビル 1F,食べログ ハンバーガー 百名店 2024,https://tabelog.com/tokyo/A1310/A131003/13006525/,,https://www.google.com/maps/search/?api=1&query=%E3%82%A2%E3%82%A4%E3%82%B3%E3%82%A6%E3%82%B7%E3%83%A3%20%E6%9D%B1%E4%BA%AC%E9%83%BD%E5%8D%83%E4%BB%A3%E7%94%B0%E5%8C%BA%E7%A5%9E%E7%94%B0%E4%B8%89%E5%B4%8E%E7%94%BA1-4-8%20%E6%84%9B%E5%85%89%E8%88%8E%E3%83%93%E3%83%AB%201F,35.7010922,139.7557766,2024,ハンバーガー,hamburger,発表日：2024年3月12日
オールドニューダイナー,東京都立川市錦町1-8-5 イーグル立川1F,食べログ ハンバーガー 百名店 2024,https://tabelog.com/tokyo/A1329/A132901/13196856/,,https://www.google.com/maps/search/?api=1&query=%E3%82%AA%E3%83%BC%E3%83%AB%E3%83%89%E3%83%8B%E3%83%A5%E3%83%BC%E3%83%80%E3%82%A4%E3%83%8A%E3%83%BC%20%E6%9D%B1%E4%BA%AC%E9%83%BD%E7%AB%8B%E5%B7%9D%E5%B8%82%E9%8C%A6%E7%94%BA1-8-5%20%E3%82%A4%E3%83%BC%E3%82%B0%E3%83%AB%E7%AB%8B%E5%B7%9D1F,35.6956746,139.4190739,2024,ハンバーガー,hamburger,発表日：2024年3月12日
folk burgers&beers,東京都千代田区神田神保町2-8-1 レフィール神保町1F,食べログ ハンバーガー 百名店 2024,https://tabelog.com/tokyo/A1310/A131003/13224811/,https://tabelog.com/tokyo/A1310/A131003/13224811/?cid=google_yoyaku,https://www.google.com/maps/search/?api=1&query=folk%20burgers%26beers%20%E6%9D%B1%E4%BA%AC%E9%83%BD%E5%8D%83%E4%BB%A3%E7%94%B0%E5%8C%BA%E7%A5%9E%E7%94%B0%E7%A5%9E%E4%BF%9D%E7%94%BA2-8-1%20%E3%83%AC%E3%83%95%E3%82%A3%E3%83%BC%E3%83%AB%E7%A5%9E%E4%BF%9D%E7%94%BA1F,35.6968376,139.7555999,2024,ハンバーガー,hamburger,発表日：2024年3月12日
Jack37Burger,東京都中央区日本橋小伝馬町16-16,食べログ ハンバーガー 百名店 2024,https://tabelog.com/tokyo/A1302/A130204/13186781/,,https://www.google.com/maps/search/?api=1&query=Jack37Burger%20%E6%9D%B1%E4%BA%AC%E9%83%BD%E4%B8%AD%E5%A4%AE%E5%8C%BA%E6%97%A5%E6%9C%AC%E6%A9%8B%E5%B0%8F%E4%BC%9D%E9%A6%AC%E7%94%BA16-16,35.6921633,139.7799156,2024,ハンバーガー,hamburger,発表日：2024年3月12日
ブラザーズ 日本橋高島屋店,東京都中央区日本橋 2-5-1 日本橋高島屋S.C. 新館 7F,食べログ ハンバーガー 百名店 2024,https://tabelog.com/tokyo/A1302/A130202/13226533/,https://tabelog.com/tokyo/A1302/A130202/13226533/?cid=google_yoyaku,https://www.google.com/maps/search/?api=1&query=%E3%83%96%E3%83%A9%E3%82%B6%E3%83%BC%E3%82%BA%20%E6%97%A5%E6%9C%AC%E6%A9%8B%E9%AB%98%E5%B3%B6%E5%B1%8B%E5%BA%97%20%E6%9D%B1%E4%BA%AC%E9%83%BD%E4%B8%AD%E5%A4%AE%E5%8C%BA%E6%97%A5%E6%9C%AC%E6%A9%8B%202-5-1%20%E6%97%A5%E6%9C%AC%E6%A9%8B%E9%AB%98%E5%B3%B6%E5%B1%8BS.C.%20%E6%96%B0%E9%A4%A8%207F,35.6813996,139.7736947,2024,ハンバーガー,hamburger,発表日：2024年3月12日
バーガーマニア 広尾店,東京都港区南麻布 5-15-25 ２Ｆ,食べログ ハンバーガー 百名店 2024,https://tabelog.com/tokyo/A1307/A130703/13123717/,,https://www.google.com/maps/search/?api=1&query=%E3%83%90%E3%83%BC%E3%82%AC%E3%83%BC%E3%83%9E%E3%83%8B%E3%82%A2%20%E5%BA%83%E5%B0%BE%E5%BA%97%20%E6%9D%B1%E4%BA%AC%E9%83%BD%E6%B8%AF%E5%8C%BA%E5%8D%97%E9%BA%BB%E5%B8%83%205-15-25%20%EF%BC%92%EF%BC%A6,35.6518552,139.7224142,2024,ハンバーガー,hamburger,発表日：2024年3月12日
ヒッチ ハイカーズ バーガー スタンド,群馬県前橋市三俣町3-27-3 吉田コーポ 1F,食べログ ハンバーガー 百名店 2024,https://tabelog.com/gunma/A1001/A100101/10019951/,,https://www.google.com/maps/search/?api=1&query=%E3%83%92%E3%83%83%E3%83%81%20%E3%83%8F%E3%82%A4%E3%82%AB%E3%83%BC%E3%82%BA%20%E3%83%90%E3%83%BC%E3%82%AC%E3%83%BC%20%E3%82%B9%E3%82%BF%E3%83%B3%E3%83%89%20%E7%BE%A4%E9%A6%AC%E7%9C%8C%E5%89%8D%E6%A9%8B%E5%B8%82%E4%B8%89%E4%BF%A3%E7%94%BA3-27-3%20%E5%90%89%E7%94%B0%E3%82%B3%E3%83%BC%E3%83%9D%201F,36.3994368,139.0883906,2024,ハンバーガー,hamburger,発表日：2024年3月12日
ドロール ダイナー,茨城県つくば市手子生924-7,食べログ ハンバーガー 百名店 2024,https://tabelog.com/ibaraki/A0802/A080201/8023963/,,https://www.google.com/maps/search/?api=1&query=%E3%83%89%E3%83%AD%E3%83%BC%E3%83%AB%20%E3%83%80%E3%82%A4%E3%83%8A%E3%83%BC%20%E8%8C%A8%E5%9F%8E%E7%9C%8C%E3%81%A4%E3%81%8F%E3%81%B0%E5%B8%82%E6%89%8B%E5%AD%90%E7%94%9F924-7,36.1064468,140.0307551,2024,ハンバーガー,hamburger,発表日：2024年3月12日
hide mode,東京都文京区本郷2-30-10 コーラルコート 1F,食べログ ハンバーガー 百名店 2024,https://tabelog.com/tokyo/A1310/A131004/13222449/,https://tabelog.com/tokyo/A1310/A131004/13222449/?cid=google_yoyaku,https://www.google.com/maps/search/?api=1&query=hide%20mode%20%E6%9D%B1%E4%BA%AC%E9%83%BD%E6%96%87%E4%BA%AC%E5%8C%BA%E6%9C%AC%E9%83%B72-30-10%20%E3%82%B3%E3%83%BC%E3%83%A9%E3%83%AB%E3%82%B3%E3%83%BC%E3%83%88%201F,35.7053214,139.7588624,2024,ハンバーガー,hamburger,発表日：2024年3月12日
ブラザーズ 人形町本店,東京都中央区日本橋人形町2-28-5 月村マンション№25 1F,食べログ ハンバーガー 百名店 2024,https://tabelog.com/tokyo/A1302/A130204/13003002/,https://tabelog.com/tokyo/A1302/A130204/13003002/?cid=google_yoyaku,https://www.google.com/maps/search/?api=1&query=%E3%83%96%E3%83%A9%E3%82%B6%E3%83%BC%E3%82%BA%20%E4%BA%BA%E5%BD%A2%E7%94%BA%E6%9C%AC%E5%BA%97%20%E6%9D%B1%E4%BA%AC%E9%83%BD%E4%B8%AD%E5%A4%AE%E5%8C%BA%E6%97%A5%E6%9C%AC%E6%A9%8B%E4%BA%BA%E5%BD%A2%E7%94%BA2-28-5%20%E6%9C%88%E6%9D%91%E3%83%9E%E3%83%B3%E3%82%B7%E3%83%A7%E3%83%B3%E2%84%9625%201F,35.6871835,139.7850729,2024,ハンバーガー,hamburger,発表日：2024年3月12日
CRUZ BURGERS & CRAFT BEERS,東京都新宿区四谷三栄町15-6 小椋ビル 1F,食べログ ハンバーガー 百名店 2024,https://tabelog.com/tokyo/A1309/A130902/13189090/,https://tabelog.com/tokyo/A1309/A130902/13189090/?cid=google_yoyaku,https://www.google.com/maps/search/?api=1&query=CRUZ%20BURGERS%20%26%20CRAFT%20BEERS%20%E6%9D%B1%E4%BA%AC%E9%83%BD%E6%96%B0%E5%AE%BF%E5%8C%BA%E5%9B%9B%E8%B0%B7%E4%B8%89%E6%A0%84%E7%94%BA15-6%20%E5%B0%8F%E6%A4%8B%E3%83%93%E3%83%AB%201F,35.6881102,139.7263938,2024,ハンバーガー,hamburger,発表日：2024年3月12日
アームズ,東京都渋谷区代々木5-64-7,食べログ ハンバーガー 百名店 2024,https://tabelog.com/tokyo/A1318/A131810/13019608/,,https://www.google.com/maps/search/?api=1&query=%E3%82%A2%E3%83%BC%E3%83%A0%E3%82%BA%20%E6%9D%B1%E4%BA%AC%E9%83%BD%E6%B8%8B%E8%B0%B7%E5%8C%BA%E4%BB%A3%E3%80%85%E6%9C%A85-64-7,35.6726145,139.6910113,2024,ハンバーガー,hamburger,発表日：2024年3月12日
マティーニバーガー,東京都新宿区中里町31,食べログ ハンバーガー 百名店 2024,https://tabelog.com/tokyo/A1309/A130905/13117569/,https://tabelog.com/tokyo/A1309/A130905/13117569/?cid=google_yoyaku,https://www.google.com/maps/search/?api=1&query=%E3%83%9E%E3%83%86%E3%82%A3%E3%83%BC%E3%83%8B%E3%83%90%E3%83%BC%E3%82%AC%E3%83%BC%20%E6%9D%B1%E4%BA%AC%E9%83%BD%E6%96%B0%E5%AE%BF%E5%8C%BA%E4%B8%AD%E9%87%8C%E7%94%BA31,35.7055926,139.7311029,2024,ハンバーガー,hamburger,発表日：2024年3月12日
オーセンティック,東京都港区赤坂2-18-19 赤坂シャレーⅡ 1F,食べログ ハンバーガー 百名店 2024,https://tabelog.com/tokyo/A1308/A130802/13030795/,,https://www.google.com/maps/search/?api=1&query=%E3%82%AA%E3%83%BC%E3%82%BB%E3%83%B3%E3%83%86%E3%82%A3%E3%83%83%E3%82%AF%20%E6%9D%B1%E4%BA%AC%E9%83%BD%E6%B8%AF%E5%8C%BA%E8%B5%A4%E5%9D%822-18-19%20%E8%B5%A4%E5%9D%82%E3%82%B7%E3%83%A3%E3%83%AC%E3%83%BC%E2%85%A1%201F,35.6693434,139.7387244,2024,ハンバーガー,hamburger,発表日：2024年3月12日
ブラザーズ 新富町店,東京都中央区新富2-2-11,食べログ ハンバーガー 百名店 2024,https://tabelog.com/tokyo/A1313/A131301/13144295/,https://tabelog.com/tokyo/A1313/A131301/13144295/?cid=google_yoyaku,https://www.google.com/maps/search/?api=1&query=%E3%83%96%E3%83%A9%E3%82%B6%E3%83%BC%E3%82%BA%20%E6%96%B0%E5%AF%8C%E7%94%BA%E5%BA%97%20%E6%9D%B1%E4%BA%AC%E9%83%BD%E4%B8%AD%E5%A4%AE%E5%8C%BA%E6%96%B0%E5%AF%8C2-2-11,35.6714702,139.7723860,2024,ハンバーガー,hamburger,発表日：2024年3月12日
BURGER&MILKSHAKE CRANE,東京都千代田区外神田6-16-3,食べログ ハンバーガー 百名店 2024,https://tabelog.com/tokyo/A1311/A131101/13202745/,,https://www.google.com/maps/search/?api=1&query=BURGER%26MILKSHAKE%20CRANE%20%E6%9D%B1%E4%BA%AC%E9%83%BD%E5%8D%83%E4%BB%A3%E7%94%B0%E5%8C%BA%E5%A4%96%E7%A5%9E%E7%94%B06-16-3,35.7049834,139.7714351,2024,ハンバーガー,hamburger,発表日：2024年3月12日
COOKER'S GRILL,神奈川県藤沢市辻堂2-9-35 太田ビル 1F,食べログ ハンバーガー 百名店 2024,https://tabelog.com/kanagawa/A1404/A140404/14066337/,,https://www.google.com/maps/search/?api=1&query=COOKER%27S%20GRILL%20%E7%A5%9E%E5%A5%88%E5%B7%9D%E7%9C%8C%E8%97%A4%E6%B2%A2%E5%B8%82%E8%BE%BB%E5%A0%822-9-35%20%E5%A4%AA%E7%94%B0%E3%83%93%E3%83%AB%201F,35.3361064,139.4466923,2024,ハンバーガー,hamburger,発表日：2024年3月12日
ハングリー ヘブン 目黒店,東京都目黒区下目黒1-2-22 セザール目黒 2F,食べログ ハンバーガー 百名店 2024,https://tabelog.com/tokyo/A1316/A131601/13119994/,,https://www.google.com/maps/search/?api=1&query=%E3%83%8F%E3%83%B3%E3%82%B0%E3%83%AA%E3%83%BC%20%E3%83%98%E3%83%96%E3%83%B3%20%E7%9B%AE%E9%BB%92%E5%BA%97%20%E6%9D%B1%E4%BA%AC%E9%83%BD%E7%9B%AE%E9%BB%92%E5%8C%BA%E4%B8%8B%E7%9B%AE%E9%BB%921-2-22%20%E3%82%BB%E3%82%B6%E3%83%BC%E3%83%AB%E7%9B%AE%E9%BB%92%202F,35.6339422,139.7136842,2024,ハンバーガー,hamburger,発表日：2024年3月12日
66,千葉県柏市中央町4-25,食べログ ハンバーガー 百名店 2024,https://tabelog.com/chiba/A1203/A120301/12004138/,,https://www.google.com/maps/search/?api=1&query=66%20%E5%8D%83%E8%91%89%E7%9C%8C%E6%9F%8F%E5%B8%82%E4%B8%AD%E5%A4%AE%E7%94%BA4-25,35.8587176,139.9709864,2024,ハンバーガー,hamburger,発表日：2024年3月12日
ルーフトップス,神奈川県鎌倉市小町1-6-17 鎌倉マークビル 6F,食べログ ハンバーガー 百名店 2024,https://tabelog.com/kanagawa/A1404/A140402/14058323/,,https://www.google.com/maps/search/?api=1&query=%E3%83%AB%E3%83%BC%E3%83%95%E3%83%88%E3%83%83%E3%83%97%E3%82%B9%20%E7%A5%9E%E5%A5%88%E5%B7%9D%E7%9C%8C%E9%8E%8C%E5%80%89%E5%B8%82%E5%B0%8F%E7%94%BA1-6-17%20%E9%8E%8C%E5%80%89%E3%83%9E%E3%83%BC%E3%82%AF%E3%83%93%E3%83%AB%206F,35.3194742,139.5512554,2024,ハンバーガー,hamburger,発表日：2024年3月12日
No.18,東京都豊島区東池袋2-57-2 コスモ東池袋105‬,食べログ ハンバーガー 百名店 2024,https://tabelog.com/tokyo/A1305/A130501/13172081/,,https://www.google.com/maps/search/?api=1&query=No.18%20%E6%9D%B1%E4%BA%AC%E9%83%BD%E8%B1%8A%E5%B3%B6%E5%8C%BA%E6%9D%B1%E6%B1%A0%E8%A2%8B2-57-2%20%E3%82%B3%E3%82%B9%E3%83%A2%E6%9D%B1%E6%B1%A0%E8%A2%8B105%E2%80%AC,35.7331901,139.7179381,2024,ハンバーガー,hamburger,発表日：2024年3月12日
ヘンリーズ バーガー 代官山,東京都渋谷区恵比寿西1-36-6,食べログ ハンバーガー 百名店 2024,https://tabelog.com/tokyo/A1303/A130303/13190156/,,https://www.google.com/maps/search/?api=1&query=%E3%83%98%E3%83%B3%E3%83%AA%E3%83%BC%E3%82%BA%20%E3%83%90%E3%83%BC%E3%82%AC%E3%83%BC%20%E4%BB%A3%E5%AE%98%E5%B1%B1%20%E6%9D%B1%E4%BA%AC%E9%83%BD%E6%B8%8B%E8%B0%B7%E5%8C%BA%E6%81%B5%E6%AF%94%E5%AF%BF%E8%A5%BF1-36-6,35.6474103,139.7021384,2024,ハンバーガー,hamburger,発表日：2024年3月12日
SHOGUN BURGER 新宿店,東京都新宿区歌舞伎町1-15-12 ピアットビル 1F,食べログ ハンバーガー 百名店 2024,https://tabelog.com/tokyo/A1304/A130401/13227776/,,https://www.google.com/maps/search/?api=1&query=SHOGUN%20BURGER%20%E6%96%B0%E5%AE%BF%E5%BA%97%20%E6%9D%B1%E4%BA%AC%E9%83%BD%E6%96%B0%E5%AE%BF%E5%8C%BA%E6%AD%8C%E8%88%9E%E4%BC%8E%E7%94%BA1-15-12%20%E3%83%94%E3%82%A2%E3%83%83%E3%83%88%E3%83%93%E3%83%AB%201F,35.6940840,139.7024788,2024,ハンバーガー,hamburger,発表日：2024年3月12日
魔女のちいさな森のハンバーガー,東京都目黒区自由が丘1-3-15 BISビル 4F,食べログ ハンバーガー 百名店 2024,https://tabelog.com/tokyo/A1317/A131703/13054778/,https://tabelog.com/tokyo/A1317/A131703/13054778/?cid=google_yoyaku,https://www.google.com/maps/search/?api=1&query=%E9%AD%94%E5%A5%B3%E3%81%AE%E3%81%A1%E3%81%84%E3%81%95%E3%81%AA%E6%A3%AE%E3%81%AE%E3%83%8F%E3%83%B3%E3%83%90%E3%83%BC%E3%82%AC%E3%83%BC%20%E6%9D%B1%E4%BA%AC%E9%83%BD%E7%9B%AE%E9%BB%92%E5%8C%BA%E8%87%AA%E7%94%B1%E3%81%8C%E4%B8%981-3-15%20BIS%E3%83%93%E3%83%AB%204F,35.6084639,139.6706990,2024,ハンバーガー,hamburger,発表日：2024年3月12日
THE GREAT BURGER,東京都渋谷区神宮前6-12-5 1Ｆ,食べログ ハンバーガー 百名店 2024,https://tabelog.com/tokyo/A1306/A130601/13042654/,https://tabelog.com/tokyo/A1306/A130601/13042654/?cid=google_yoyaku,https://www.google.com/maps/search/?api=1&query=THE%20GREAT%20BURGER%20%E6%9D%B1%E4%BA%AC%E9%83%BD%E6%B8%8B%E8%B0%B7%E5%8C%BA%E7%A5%9E%E5%AE%AE%E5%89%8D6-12-5%201%EF%BC%A6,35.6662306,139.7046969,2024,ハンバーガー,hamburger,発表日：2024年3月12日
フランクリン・アベニュー,東京都品川区東五反田3-15-18,食べログ ハンバーガー 百名店 2024,https://tabelog.com/tokyo/A1316/A131603/13001556/,,https://www.google.com/maps/search/?api=1&query=%E3%83%95%E3%83%A9%E3%83%B3%E3%82%AF%E3%83%AA%E3%83%B3%E3%83%BB%E3%82%A2%E3%83%99%E3%83%8B%E3%83%A5%E3%83%BC%20%E6%9D%B1%E4%BA%AC%E9%83%BD%E5%93%81%E5%B7%9D%E5%8C%BA%E6%9D%B1%E4%BA%94%E5%8F%8D%E7%94%B03-15-18,35.6258926,139.7296260,2024,ハンバーガー,hamburger,発表日：2024年3月12日
コディーズ,神奈川県横浜市中区新山下1-5-7,食べログ ハンバーガー 百名店 2024,https://tabelog.com/kanagawa/A1401/A140105/14077868/,,https://www.google.com/maps/search/?api=1&query=%E3%82%B3%E3%83%87%E3%82%A3%E3%83%BC%E3%82%BA%20%E7%A5%9E%E5%A5%88%E5%B7%9D%E7%9C%8C%E6%A8%AA%E6%B5%9C%E5%B8%82%E4%B8%AD%E5%8C%BA%E6%96%B0%E5%B1%B1%E4%B8%8B1-5-7,35.4420679,139.6547808,2024,ハンバーガー,hamburger,発表日：2024年3月12日
R-S,千葉県松戸市小金原6-2-6,食べログ ハンバーガー 百名店 2024,https://tabelog.com/chiba/A1203/A120302/12006175/,,https://www.google.com/maps/search/?api=1&query=R-S%20%E5%8D%83%E8%91%89%E7%9C%8C%E6%9D%BE%E6%88%B8%E5%B8%82%E5%B0%8F%E9%87%91%E5%8E%9F6-2-6,35.8196471,139.9456214,2024,ハンバーガー,hamburger,発表日：2024年3月12日
ハングリー ヘブン 上板橋店,東京都板橋区常盤台4-33-3 アサカビル 2F,食べログ ハンバーガー 百名店 2024,https://tabelog.com/tokyo/A1322/A132203/13204777/,https://tabelog.com/tokyo/A1322/A132203/13204777/?cid=google_yoyaku,https://www.google.com/maps/search/?api=1&query=%E3%83%8F%E3%83%B3%E3%82%B0%E3%83%AA%E3%83%BC%20%E3%83%98%E3%83%96%E3%83%B3%20%E4%B8%8A%E6%9D%BF%E6%A9%8B%E5%BA%97%20%E6%9D%B1%E4%BA%AC%E9%83%BD%E6%9D%BF%E6%A9%8B%E5%8C%BA%E5%B8%B8%E7%9B%A4%E5%8F%B04-33-3%20%E3%82%A2%E3%82%B5%E3%82%AB%E3%83%93%E3%83%AB%202F,35.7638986,139.6763696,2024,ハンバーガー,hamburger,発表日：2024年3月12日
ビッグスマイル,茨城県取手市戸頭2-3-11,食べログ ハンバーガー 百名店 2024,https://tabelog.com/ibaraki/A0803/A080301/8000941/,,https://www.google.com/maps/search/?api=1&query=%E3%83%93%E3%83%83%E3%82%B0%E3%82%B9%E3%83%9E%E3%82%A4%E3%83%AB%20%E8%8C%A8%E5%9F%8E%E7%9C%8C%E5%8F%96%E6%89%8B%E5%B8%82%E6%88%B8%E9%A0%AD2-3-11,35.9196262,140.0165019,2024,ハンバーガー,hamburger,発表日：2024年3月12日
シェイクツリー バーガー＆バー,東京都墨田区亀沢3-13-6 岩崎ビル1F,食べログ ハンバーガー 百名店 2024,https://tabelog.com/tokyo/A1312/A131201/13134063/,,https://www.google.com/maps/search/?api=1&query=%E3%82%B7%E3%82%A7%E3%82%A4%E3%82%AF%E3%83%84%E3%83%AA%E3%83%BC%20%E3%83%90%E3%83%BC%E3%82%AC%E3%83%BC%EF%BC%86%E3%83%90%E3%83%BC%20%E6%9D%B1%E4%BA%AC%E9%83%BD%E5%A2%A8%E7%94%B0%E5%8C%BA%E4%BA%80%E6%B2%A23-13-6%20%E5%B2%A9%E5%B4%8E%E3%83%93%E3%83%AB1F,35.6972153,139.8051177,2024,ハンバーガー,hamburger,発表日：2024年3月12日
ブッチャーズテーブル 大泉学園店,東京都練馬区東大泉2-9-18,食べログ ハンバーガー 百名店 2024,https://tabelog.com/tokyo/A1321/A132103/13091061/,,https://www.google.com/maps/search/?api=1&query=%E3%83%96%E3%83%83%E3%83%81%E3%83%A3%E3%83%BC%E3%82%BA%E3%83%86%E3%83%BC%E3%83%96%E3%83%AB%20%E5%A4%A7%E6%B3%89%E5%AD%A6%E5%9C%92%E5%BA%97%20%E6%9D%B1%E4%BA%AC%E9%83%BD%E7%B7%B4%E9%A6%AC%E5%8C%BA%E6%9D%B1%E5%A4%A7%E6%B3%892-9-18,35.7517368,139.5938253,2024,ハンバーガー,hamburger,発表日：2024年3月12日
ハニービー,神奈川県横須賀市本町2-1,食べログ ハンバーガー 百名店 2024,https://tabelog.com/kanagawa/A1406/A140601/14000902/,,https://www.google.com/maps/search/?api=1&query=%E3%83%8F%E3%83%8B%E3%83%BC%E3%83%93%E3%83%BC%20%E7%A5%9E%E5%A5%88%E5%B7%9D%E7%9C%8C%E6%A8%AA%E9%A0%88%E8%B3%80%E5%B8%82%E6%9C%AC%E7%94%BA2-1,35.2822488,139.6659733,2024,ハンバーガー,hamburger,発表日：2024年3月12日
BAKERY & BURGER JB'S TOKYO,東京都渋谷区代々木1-33-3,食べログ ハンバーガー 百名店 2024,https://tabelog.com/tokyo/A1304/A130403/13260771/,,https://www.google.com/maps/search/?api=1&query=BAKERY%20%26%20BURGER%20JB%27S%20TOKYO%20%E6%9D%B1%E4%BA%AC%E9%83%BD%E6%B8%8B%E8%B0%B7%E5%8C%BA%E4%BB%A3%E3%80%85%E6%9C%A81-33-3,35.6828078,139.7021912,2024,ハンバーガー,hamburger,発表日：2024年3月12日
マンチズ バーガー シャック,東京都港区芝2-26-1 i・smartビル 1F・2F,食べログ ハンバーガー 百名店 2024,https://tabelog.com/tokyo/A1314/A131401/13121856/,,https://www.google.com/maps/search/?api=1&query=%E3%83%9E%E3%83%B3%E3%83%81%E3%82%BA%20%E3%83%90%E3%83%BC%E3%82%AC%E3%83%BC%20%E3%82%B7%E3%83%A3%E3%83%83%E3%82%AF%20%E6%9D%B1%E4%BA%AC%E9%83%BD%E6%B8%AF%E5%8C%BA%E8%8A%9D2-26-1%20i%E3%83%BBsmart%E3%83%93%E3%83%AB%201F%E3%83%BB2F,35.6510202,139.7518396,2024,ハンバーガー,hamburger,発表日：2024年3月12日
バーガーマニア 白金店,東京都港区白金6-5-7,食べログ ハンバーガー 百名店 2024,https://tabelog.com/tokyo/A1316/A131602/13047335/,,https://www.google.com/maps/search/?api=1&query=%E3%83%90%E3%83%BC%E3%82%AC%E3%83%BC%E3%83%9E%E3%83%8B%E3%82%A2%20%E7%99%BD%E9%87%91%E5%BA%97%20%E6%9D%B1%E4%BA%AC%E9%83%BD%E6%B8%AF%E5%8C%BA%E7%99%BD%E9%87%916-5-7,35.6443766,139.7254323,2024,ハンバーガー,hamburger,発表日：2024年3月12日
Burger POLICE,東京都目黒区碑文谷4-24-16 104,食べログ ハンバーガー 百名店 2024,https://tabelog.com/tokyo/A1317/A131702/13255370/,https://tabelog.com/tokyo/A1317/A131702/13255370/?cid=google_yoyaku,https://www.google.com/maps/search/?api=1&query=Burger%20POLICE%20%E6%9D%B1%E4%BA%AC%E9%83%BD%E7%9B%AE%E9%BB%92%E5%8C%BA%E7%A2%91%E6%96%87%E8%B0%B74-24-16%20104,35.6206646,139.6809768,2024,ハンバーガー,hamburger,発表日：2024年3月12日
マクレーン オールドバーガースタンド,東京都台東区駒形2-2-10 ファンライフ駒形 1F・2F,食べログ ハンバーガー 百名店 2024,https://tabelog.com/tokyo/A1311/A131103/13195774/,,https://www.google.com/maps/search/?api=1&query=%E3%83%9E%E3%82%AF%E3%83%AC%E3%83%BC%E3%83%B3%20%E3%82%AA%E3%83%BC%E3%83%AB%E3%83%89%E3%83%90%E3%83%BC%E3%82%AC%E3%83%BC%E3%82%B9%E3%82%BF%E3%83%B3%E3%83%89%20%E6%9D%B1%E4%BA%AC%E9%83%BD%E5%8F%B0%E6%9D%B1%E5%8C%BA%E9%A7%92%E5%BD%A22-2-10%20%E3%83%95%E3%82%A1%E3%83%B3%E3%83%A9%E3%82%A4%E3%83%95%E9%A7%92%E5%BD%A2%201F%E3%83%BB2F,35.7050235,139.7941791,2024,ハンバーガー,hamburger,発表日：2024年3月12日
ザグッドベアーバーガー,群馬県高崎市貝沢町740-1 パリスコート 102,食べログ ハンバーガー 百名店 2024,https://tabelog.com/gunma/A1001/A100102/10014094/,,https://www.google.com/maps/search/?api=1&query=%E3%82%B6%E3%82%B0%E3%83%83%E3%83%89%E3%83%99%E3%82%A2%E3%83%BC%E3%83%90%E3%83%BC%E3%82%AC%E3%83%BC%20%E7%BE%A4%E9%A6%AC%E7%9C%8C%E9%AB%98%E5%B4%8E%E5%B8%82%E8%B2%9D%E6%B2%A2%E7%94%BA740-1%20%E3%83%91%E3%83%AA%E3%82%B9%E3%82%B3%E3%83%BC%E3%83%88%20102,36.3456203,139.0195966,2024,ハンバーガー,hamburger,発表日：2024年3月12日
ブラッカウズ,東京都渋谷区恵比寿西2-11-9 東光ホワイトビル 1F,食べログ ハンバーガー 百名店 2024,https://tabelog.com/tokyo/A1303/A130302/13096437/,https://tabelog.com/tokyo/A1303/A130302/13096437/?cid=google_yoyaku,https://www.google.com/maps/search/?api=1&query=%E3%83%96%E3%83%A9%E3%83%83%E3%82%AB%E3%82%A6%E3%82%BA%20%E6%9D%B1%E4%BA%AC%E9%83%BD%E6%B8%8B%E8%B0%B7%E5%8C%BA%E6%81%B5%E6%AF%94%E5%AF%BF%E8%A5%BF2-11-9%20%E6%9D%B1%E5%85%89%E3%83%9B%E3%83%AF%E3%82%A4%E3%83%88%E3%83%93%E3%83%AB%201F,35.6494652,139.7071419,2024,ハンバーガー,hamburger,発表日：2024年3月12日
ベーカーバウンス,東京都世田谷区太子堂5-13-5,食べログ ハンバーガー 百名店 2024,https://tabelog.com/tokyo/A1317/A131706/13004780/,,https://www.google.com/maps/search/?api=1&query=%E3%83%99%E3%83%BC%E3%82%AB%E3%83%BC%E3%83%90%E3%82%A6%E3%83%B3%E3%82%B9%20%E6%9D%B1%E4%BA%AC%E9%83%BD%E4%B8%96%E7%94%B0%E8%B0%B7%E5%8C%BA%E5%A4%AA%E5%AD%90%E5%A0%825-13-5,35.6472919,139.6674043,2024,ハンバーガー,hamburger,発表日：2024年3月12日
チョッパーズ,埼玉県所沢市小手指町3-11-19 メイゾン小手指弐番館 1F,食べログ ハンバーガー 百名店 2024,https://tabelog.com/saitama/A1106/A110601/11040099/,,https://www.google.com/maps/search/?api=1&query=%E3%83%81%E3%83%A7%E3%83%83%E3%83%91%E3%83%BC%E3%82%BA%20%E5%9F%BC%E7%8E%89%E7%9C%8C%E6%89%80%E6%B2%A2%E5%B8%82%E5%B0%8F%E6%89%8B%E6%8C%87%E7%94%BA3-11-19%20%E3%83%A1%E3%82%A4%E3%82%BE%E3%83%B3%E5%B0%8F%E6%89%8B%E6%8C%87%E5%BC%90%E7%95%AA%E9%A4%A8%201F,35.8007523,139.4344424,2024,ハンバーガー,hamburger,発表日：2024年3月12日
THE BURGER SHOP,東京都千代田区紀尾井町3-28 ADMIRAL紀尾井町 1F,食べログ ハンバーガー 百名店 2024,https://tabelog.com/tokyo/A1308/A130803/13217432/,,https://www.google.com/maps/search/?api=1&query=THE%20BURGER%20SHOP%20%E6%9D%B1%E4%BA%AC%E9%83%BD%E5%8D%83%E4%BB%A3%E7%94%B0%E5%8C%BA%E7%B4%80%E5%B0%BE%E4%BA%95%E7%94%BA3-28%20ADMIRAL%E7%B4%80%E5%B0%BE%E4%BA%95%E7%94%BA%201F,35.6819373,139.7380862,2024,ハンバーガー,hamburger,発表日：2024年3月12日
ファイヤーハウス,東京都文京区本郷4-5-10,食べログ ハンバーガー 百名店 2024,https://tabelog.com/tokyo/A1310/A131004/13003538/,,https://www.google.com/maps/search/?api=1&query=%E3%83%95%E3%82%A1%E3%82%A4%E3%83%A4%E3%83%BC%E3%83%8F%E3%82%A6%E3%82%B9%20%E6%9D%B1%E4%BA%AC%E9%83%BD%E6%96%87%E4%BA%AC%E5%8C%BA%E6%9C%AC%E9%83%B74-5-10,35.7075987,139.7581728,2024,ハンバーガー,hamburger,発表日：2024年3月12日
久松屋,東京都中央区日本橋久松町13-4 トスパビル　Ｂ１,食べログ 居酒屋 EAST 百名店 2024,https://tabelog.com/tokyo/A1302/A130204/13097387/,https://tabelog.com/tokyo/A1302/A130204/13097387/?cid=google_yoyaku,https://www.google.com/maps/search/?api=1&query=%E4%B9%85%E6%9D%BE%E5%B1%8B%20%E6%9D%B1%E4%BA%AC%E9%83%BD%E4%B8%AD%E5%A4%AE%E5%8C%BA%E6%97%A5%E6%9C%AC%E6%A9%8B%E4%B9%85%E6%9D%BE%E7%94%BA13-4%20%E3%83%88%E3%82%B9%E3%83%91%E3%83%93%E3%83%AB%E3%80%80%EF%BC%A2%EF%BC%91,35.6905706,139.7843163,2024,居酒屋 EAST,izakaya_east,発表日：2024年10月8日
銀座 いっぱし,東京都中央区銀座8-4-9 奥山ビル B１F,食べログ 居酒屋 EAST 百名店 2024,https://tabelog.com/tokyo/A1301/A130103/13041208/,https://tabelog.com/tokyo/A1301/A130103/13041208/?cid=google_yoyaku,https://www.google.com/maps/search/?api=1&query=%E9%8A%80%E5%BA%A7%20%E3%81%84%E3%81%A3%E3%81%B1%E3%81%97%20%E6%9D%B1%E4%BA%AC%E9%83%BD%E4%B8%AD%E5%A4%AE%E5%8C%BA%E9%8A%80%E5%BA%A78-4-9%20%E5%A5%A5%E5%B1%B1%E3%83%93%E3%83%AB%20B%EF%BC%91F,35.6689655,139.7596946,2024,居酒屋 EAST,izakaya_east,発表日：2024年10月8日
酒亭 沿露目,東京都江東区富岡1-12-6 阿久津ビル 1F,食べログ 居酒屋 EAST 百名店 2024,https://tabelog.com/tokyo/A1313/A131303/13162236/,,https://www.google.com/maps/search/?api=1&query=%E9%85%92%E4%BA%AD%20%E6%B2%BF%E9%9C%B2%E7%9B%AE%20%E6%9D%B1%E4%BA%AC%E9%83%BD%E6%B1%9F%E6%9D%B1%E5%8C%BA%E5%AF%8C%E5%B2%A11-12-6%20%E9%98%BF%E4%B9%85%E6%B4%A5%E3%83%93%E3%83%AB%201F,35.6716812,139.7981742,2024,居酒屋 EAST,izakaya_east,発表日：2024年10月8日
丸千葉,東京都台東区日本堤1-1-3,食べログ 居酒屋 EAST 百名店 2024,https://tabelog.com/tokyo/A1324/A132401/13050828/,,https://www.google.com/maps/search/?api=1&query=%E4%B8%B8%E5%8D%83%E8%91%89%20%E6%9D%B1%E4%BA%AC%E9%83%BD%E5%8F%B0%E6%9D%B1%E5%8C%BA%E6%97%A5%E6%9C%AC%E5%A0%A41-1-3,35.7260163,139.8002536,2024,居酒屋 EAST,izakaya_east,発表日：2024年10月8日
大塚 みや穂,東京都豊島区南大塚3-48-5 大明ビル１Ｆ,食べログ 居酒屋 EAST 百名店 2024,https://tabelog.com/tokyo/A1323/A132302/13103559/,https://tabelog.com/tokyo/A1323/A132302/13103559/?cid=google_yoyaku,https://www.google.com/maps/search/?api=1&query=%E5%A4%A7%E5%A1%9A%20%E3%81%BF%E3%82%84%E7%A9%82%20%E6%9D%B1%E4%BA%AC%E9%83%BD%E8%B1%8A%E5%B3%B6%E5%8C%BA%E5%8D%97%E5%A4%A7%E5%A1%9A3-48-5%20%E5%A4%A7%E6%98%8E%E3%83%93%E3%83%AB%EF%BC%91%EF%BC%A6,35.7305075,139.7273476,2024,居酒屋 EAST,izakaya_east,発表日：2024年10月8日
ヤマト,東京都中央区日本橋富沢町16-3,食べログ 居酒屋 EAST 百名店 2024,https://tabelog.com/tokyo/A1302/A130204/13040338/,,https://www.google.com/maps/search/?api=1&query=%E3%83%A4%E3%83%9E%E3%83%88%20%E6%9D%B1%E4%BA%AC%E9%83%BD%E4%B8%AD%E5%A4%AE%E5%8C%BA%E6%97%A5%E6%9C%AC%E6%A9%8B%E5%AF%8C%E6%B2%A2%E7%94%BA16-3,35.6881331,139.7843253,2024,居酒屋 EAST,izakaya_east,発表日：2024年10月8日
一期一会 よねさん,東京都江東区牡丹2-4-5,食べログ 居酒屋 EAST 百名店 2024,https://tabelog.com/tokyo/A1313/A131303/13280866/,,https://www.google.com/maps/search/?api=1&query=%E4%B8%80%E6%9C%9F%E4%B8%80%E4%BC%9A%20%E3%82%88%E3%81%AD%E3%81%95%E3%82%93%20%E6%9D%B1%E4%BA%AC%E9%83%BD%E6%B1%9F%E6%9D%B1%E5%8C%BA%E7%89%A1%E4%B8%B92-4-5,35.6695105,139.7975813,2024,居酒屋 EAST,izakaya_east,発表日：2024年10月8日
日南,東京都品川区東五反田1-13-6,食べログ 居酒屋 EAST 百名店 2024,https://tabelog.com/tokyo/A1316/A131603/13001650/,,https://www.google.com/maps/search/?api=1&query=%E6%97%A5%E5%8D%97%20%E6%9D%B1%E4%BA%AC%E9%83%BD%E5%93%81%E5%B7%9D%E5%8C%BA%E6%9D%B1%E4%BA%94%E5%8F%8D%E7%94%B01-13-6,35.6264934,139.7246507,2024,居酒屋 EAST,izakaya_east,発表日：2024年10月8日
牧野,東京都品川区北品川2-19-2,食べログ 居酒屋 EAST 百名店 2024,https://tabelog.com/tokyo/A1314/A131405/13027466/,,https://www.google.com/maps/search/?api=1&query=%E7%89%A7%E9%87%8E%20%E6%9D%B1%E4%BA%AC%E9%83%BD%E5%93%81%E5%B7%9D%E5%8C%BA%E5%8C%97%E5%93%81%E5%B7%9D2-19-2,35.6182002,139.7420243,2024,居酒屋 EAST,izakaya_east,発表日：2024年10月8日
ふなっ子,千葉県船橋市東船橋1-37-12,食べログ 居酒屋 EAST 百名店 2024,https://tabelog.com/chiba/A1202/A120201/12000917/,,https://www.google.com/maps/search/?api=1&query=%E3%81%B5%E3%81%AA%E3%81%A3%E5%AD%90%20%E5%8D%83%E8%91%89%E7%9C%8C%E8%88%B9%E6%A9%8B%E5%B8%82%E6%9D%B1%E8%88%B9%E6%A9%8B1-37-12,35.6991448,140.0038469,2024,居酒屋 EAST,izakaya_east,発表日：2024年10月8日
食堂とだか,東京都品川区西五反田1-9-3 リバーライトビル B1F,食べログ 居酒屋 EAST 百名店 2024,https://tabelog.com/tokyo/A1316/A131603/13187669/,,https://www.google.com/maps/search/?api=1&query=%E9%A3%9F%E5%A0%82%E3%81%A8%E3%81%A0%E3%81%8B%20%E6%9D%B1%E4%BA%AC%E9%83%BD%E5%93%81%E5%B7%9D%E5%8C%BA%E8%A5%BF%E4%BA%94%E5%8F%8D%E7%94%B01-9-3%20%E3%83%AA%E3%83%90%E3%83%BC%E3%83%A9%E3%82%A4%E3%83%88%E3%83%93%E3%83%AB%20B1F,35.6248832,139.7242860,2024,居酒屋 EAST,izakaya_east,発表日：2024年10月8日
肴や味泉,東京都中央区月島1-18-10,食べログ 居酒屋 EAST 百名店 2024,https://tabelog.com/tokyo/A1313/A131302/13002247/,,https://www.google.com/maps/search/?api=1&query=%E8%82%B4%E3%82%84%E5%91%B3%E6%B3%89%20%E6%9D%B1%E4%BA%AC%E9%83%BD%E4%B8%AD%E5%A4%AE%E5%8C%BA%E6%9C%88%E5%B3%B61-18-10,35.6648856,139.7814455,2024,居酒屋 EAST,izakaya_east,発表日：2024年10月8日
美味ぇ津゛,東京都港区新橋4-21-7 つるや加藤ビル 1F,食べログ 居酒屋 EAST 百名店 2024,https://tabelog.com/tokyo/A1301/A130103/13159855/,,https://www.google.com/maps/search/?api=1&query=%E7%BE%8E%E5%91%B3%E3%81%87%E6%B4%A5%E3%82%9B%20%E6%9D%B1%E4%BA%AC%E9%83%BD%E6%B8%AF%E5%8C%BA%E6%96%B0%E6%A9%8B4-21-7%20%E3%81%A4%E3%82%8B%E3%82%84%E5%8A%A0%E8%97%A4%E3%83%93%E3%83%AB%201F,35.6638750,139.7578028,2024,居酒屋 EAST,izakaya_east,発表日：2024年10月8日
萬屋 おかげさん,東京都新宿区四谷2-10 松本館　Ｂ１Ｆ,食べログ 居酒屋 EAST 百名店 2024,https://tabelog.com/tokyo/A1309/A130903/13025617/,,https://www.google.com/maps/search/?api=1&query=%E8%90%AC%E5%B1%8B%20%E3%81%8A%E3%81%8B%E3%81%92%E3%81%95%E3%82%93%20%E6%9D%B1%E4%BA%AC%E9%83%BD%E6%96%B0%E5%AE%BF%E5%8C%BA%E5%9B%9B%E8%B0%B72-10%20%E6%9D%BE%E6%9C%AC%E9%A4%A8%E3%80%80%EF%BC%A2%EF%BC%91%EF%BC%A6,35.6877008,139.7250620,2024,居酒屋 EAST,izakaya_east,発表日：2024年10月8日
高太郎,東京都渋谷区桜丘町28-2 三笠ビル 1F,食べログ 居酒屋 EAST 百名店 2024,https://tabelog.com/tokyo/A1303/A130301/13123997/,,https://www.google.com/maps/search/?api=1&query=%E9%AB%98%E5%A4%AA%E9%83%8E%20%E6%9D%B1%E4%BA%AC%E9%83%BD%E6%B8%8B%E8%B0%B7%E5%8C%BA%E6%A1%9C%E4%B8%98%E7%94%BA28-2%20%E4%B8%89%E7%AC%A0%E3%83%93%E3%83%AB%201F,35.6555662,139.6992881,2024,居酒屋 EAST,izakaya_east,発表日：2024年10月8日
立呑み とだか,東京都品川区西五反田1-9-3 リバーライトビル B1F,食べログ 居酒屋 EAST 百名店 2024,https://tabelog.com/tokyo/A1316/A131603/13201886/,,https://www.google.com/maps/search/?api=1&query=%E7%AB%8B%E5%91%91%E3%81%BF%20%E3%81%A8%E3%81%A0%E3%81%8B%20%E6%9D%B1%E4%BA%AC%E9%83%BD%E5%93%81%E5%B7%9D%E5%8C%BA%E8%A5%BF%E4%BA%94%E5%8F%8D%E7%94%B01-9-3%20%E3%83%AA%E3%83%90%E3%83%BC%E3%83%A9%E3%82%A4%E3%83%88%E3%83%93%E3%83%AB%20B1F,35.6248855,139.7242093,2024,居酒屋 EAST,izakaya_east,発表日：2024年10月8日
でんでんでん,東京都港区赤坂3-14-7 バルビゾン４４　２Ｆ,食べログ 居酒屋 EAST 百名店 2024,https://tabelog.com/tokyo/A1308/A130801/13006104/,,https://www.google.com/maps/search/?api=1&query=%E3%81%A7%E3%82%93%E3%81%A7%E3%82%93%E3%81%A7%E3%82%93%20%E6%9D%B1%E4%BA%AC%E9%83%BD%E6%B8%AF%E5%8C%BA%E8%B5%A4%E5%9D%823-14-7%20%E3%83%90%E3%83%AB%E3%83%93%E3%82%BE%E3%83%B3%EF%BC%94%EF%BC%94%E3%80%80%EF%BC%92%EF%BC%A6,35.6736626,139.7371397,2024,居酒屋 EAST,izakaya_east,発表日：2024年10月8日
産直屋 たか,東京都渋谷区円山町12-2 ライオンズマンション渋谷 B1F,食べログ 居酒屋 EAST 百名店 2024,https://tabelog.com/tokyo/A1303/A130301/13008327/,,https://www.google.com/maps/search/?api=1&query=%E7%94%A3%E7%9B%B4%E5%B1%8B%20%E3%81%9F%E3%81%8B%20%E6%9D%B1%E4%BA%AC%E9%83%BD%E6%B8%8B%E8%B0%B7%E5%8C%BA%E5%86%86%E5%B1%B1%E7%94%BA12-2%20%E3%83%A9%E3%82%A4%E3%82%AA%E3%83%B3%E3%82%BA%E3%83%9E%E3%83%B3%E3%82%B7%E3%83%A7%E3%83%B3%E6%B8%8B%E8%B0%B7%20B1F,35.6585219,139.6941532,2024,居酒屋 EAST,izakaya_east,発表日：2024年10月8日
ぬる燗,東京都台東区浅草3-20-9,食べログ 居酒屋 EAST 百名店 2024,https://tabelog.com/tokyo/A1311/A131102/13181288/,,https://www.google.com/maps/search/?api=1&query=%E3%81%AC%E3%82%8B%E7%87%97%20%E6%9D%B1%E4%BA%AC%E9%83%BD%E5%8F%B0%E6%9D%B1%E5%8C%BA%E6%B5%85%E8%8D%893-20-9,35.7171578,139.7958443,2024,居酒屋 EAST,izakaya_east,発表日：2024年10月8日
みますや,東京都千代田区神田司町2-15-2,食べログ 居酒屋 EAST 百名店 2024,https://tabelog.com/tokyo/A1310/A131002/13000630/,,https://www.google.com/maps/search/?api=1&query=%E3%81%BF%E3%81%BE%E3%81%99%E3%82%84%20%E6%9D%B1%E4%BA%AC%E9%83%BD%E5%8D%83%E4%BB%A3%E7%94%B0%E5%8C%BA%E7%A5%9E%E7%94%B0%E5%8F%B8%E7%94%BA2-15-2,35.6940522,139.7668578,2024,居酒屋 EAST,izakaya_east,発表日：2024年10月8日
田舎家 炉,埼玉県さいたま市浦和区常盤9-33-22 セキネビル1Ｆ,食べログ 居酒屋 EAST 百名店 2024,https://tabelog.com/saitama/A1101/A110102/11003207/,,https://www.google.com/maps/search/?api=1&query=%E7%94%B0%E8%88%8E%E5%AE%B6%20%E7%82%89%20%E5%9F%BC%E7%8E%89%E7%9C%8C%E3%81%95%E3%81%84%E3%81%9F%E3%81%BE%E5%B8%82%E6%B5%A6%E5%92%8C%E5%8C%BA%E5%B8%B8%E7%9B%A49-33-22%20%E3%82%BB%E3%82%AD%E3%83%8D%E3%83%93%E3%83%AB1%EF%BC%A6,35.8718529,139.6435330,2024,居酒屋 EAST,izakaya_east,発表日：2024年10月8日
多け乃,東京都中央区築地6-21-2,食べログ 居酒屋 EAST 百名店 2024,https://tabelog.com/tokyo/A1313/A131301/13007634/,https://tabelog.com/tokyo/A1313/A131301/13007634/?cid=google_yoyaku,https://www.google.com/maps/search/?api=1&query=%E5%A4%9A%E3%81%91%E4%B9%83%20%E6%9D%B1%E4%BA%AC%E9%83%BD%E4%B8%AD%E5%A4%AE%E5%8C%BA%E7%AF%89%E5%9C%B06-21-2,35.6646018,139.7722398,2024,居酒屋 EAST,izakaya_east,発表日：2024年10月8日
シンスケ,東京都文京区湯島3-31-5 YUSHIMA3315ビル 1F・2F,食べログ 居酒屋 EAST 百名店 2024,https://tabelog.com/tokyo/A1311/A131101/13003607/,,https://www.google.com/maps/search/?api=1&query=%E3%82%B7%E3%83%B3%E3%82%B9%E3%82%B1%20%E6%9D%B1%E4%BA%AC%E9%83%BD%E6%96%87%E4%BA%AC%E5%8C%BA%E6%B9%AF%E5%B3%B63-31-5%20YUSHIMA3315%E3%83%93%E3%83%AB%201F%E3%83%BB2F,35.7081855,139.7691608,2024,居酒屋 EAST,izakaya_east,発表日：2024年10月8日
山利喜 本館,東京都江東区森下2-18-8,食べログ 居酒屋 EAST 百名店 2024,https://tabelog.com/tokyo/A1312/A131201/13002992/,,https://www.google.com/maps/search/?api=1&query=%E5%B1%B1%E5%88%A9%E5%96%9C%20%E6%9C%AC%E9%A4%A8%20%E6%9D%B1%E4%BA%AC%E9%83%BD%E6%B1%9F%E6%9D%B1%E5%8C%BA%E6%A3%AE%E4%B8%8B2-18-8,35.6881944,139.7985692,2024,居酒屋 EAST,izakaya_east,発表日：2024年10月8日
おおはま,神奈川県鎌倉市御成町4-15 みゆきビル 101,食べログ 居酒屋 EAST 百名店 2024,https://tabelog.com/kanagawa/A1404/A140402/14055085/,,https://www.google.com/maps/search/?api=1&query=%E3%81%8A%E3%81%8A%E3%81%AF%E3%81%BE%20%E7%A5%9E%E5%A5%88%E5%B7%9D%E7%9C%8C%E9%8E%8C%E5%80%89%E5%B8%82%E5%BE%A1%E6%88%90%E7%94%BA4-15%20%E3%81%BF%E3%82%86%E3%81%8D%E3%83%93%E3%83%AB%20101,35.3158930,139.5495685,2024,居酒屋 EAST,izakaya_east,発表日：2024年10月8日
酒 秀治郎,東京都渋谷区恵比寿西2-10-8 エビスダイカンイースト 1F,食べログ 居酒屋 EAST 百名店 2024,https://tabelog.com/tokyo/A1303/A130302/13222854/,,https://www.google.com/maps/search/?api=1&query=%E9%85%92%20%E7%A7%80%E6%B2%BB%E9%83%8E%20%E6%9D%B1%E4%BA%AC%E9%83%BD%E6%B8%8B%E8%B0%B7%E5%8C%BA%E6%81%B5%E6%AF%94%E5%AF%BF%E8%A5%BF2-10-8%20%E3%82%A8%E3%83%93%E3%82%B9%E3%83%80%E3%82%A4%E3%82%AB%E3%83%B3%E3%82%A4%E3%83%BC%E3%82%B9%E3%83%88%201F,35.6490876,139.7065744,2024,居酒屋 EAST,izakaya_east,発表日：2024年10月8日
酒井商会,東京都渋谷区渋谷3-6-18 荻津ビル2階,食べログ 居酒屋 EAST 百名店 2024,https://tabelog.com/tokyo/A1303/A130301/13220751/,,https://www.google.com/maps/search/?api=1&query=%E9%85%92%E4%BA%95%E5%95%86%E4%BC%9A%20%E6%9D%B1%E4%BA%AC%E9%83%BD%E6%B8%8B%E8%B0%B7%E5%8C%BA%E6%B8%8B%E8%B0%B73-6-18%20%E8%8D%BB%E6%B4%A5%E3%83%93%E3%83%AB2%E9%9A%8E,35.6575688,139.7049024,2024,居酒屋 EAST,izakaya_east,発表日：2024年10月8日
こころや,神奈川県鎌倉市山ノ内1386,食べログ 居酒屋 EAST 百名店 2024,https://tabelog.com/kanagawa/A1404/A140401/14067133/,,https://www.google.com/maps/search/?api=1&query=%E3%81%93%E3%81%93%E3%82%8D%E3%82%84%20%E7%A5%9E%E5%A5%88%E5%B7%9D%E7%9C%8C%E9%8E%8C%E5%80%89%E5%B8%82%E5%B1%B1%E3%83%8E%E5%86%851386,35.3350034,139.5466597,2024,居酒屋 EAST,izakaya_east,発表日：2024年10月8日
企久太,神奈川県鎌倉市小町2-9-14 植山ビル　２Ｆ,食べログ 居酒屋 EAST 百名店 2024,https://tabelog.com/kanagawa/A1404/A140402/14004243/,,https://www.google.com/maps/search/?api=1&query=%E4%BC%81%E4%B9%85%E5%A4%AA%20%E7%A5%9E%E5%A5%88%E5%B7%9D%E7%9C%8C%E9%8E%8C%E5%80%89%E5%B8%82%E5%B0%8F%E7%94%BA2-9-14%20%E6%A4%8D%E5%B1%B1%E3%83%93%E3%83%AB%E3%80%80%EF%BC%92%EF%BC%A6,35.3206364,139.5523466,2024,居酒屋 EAST,izakaya_east,発表日：2024年10月8日
菜香餃子房,東京都足立区千住1-39-9,食べログ 居酒屋 EAST 百名店 2024,https://tabelog.com/tokyo/A1324/A132402/13158080/,,https://www.google.com/maps/search/?api=1&query=%E8%8F%9C%E9%A6%99%E9%A4%83%E5%AD%90%E6%88%BF%20%E6%9D%B1%E4%BA%AC%E9%83%BD%E8%B6%B3%E7%AB%8B%E5%8C%BA%E5%8D%83%E4%BD%8F1-39-9,35.7478502,139.8039438,2024,居酒屋 EAST,izakaya_east,発表日：2024年10月8日
酒肴 新屋敷,東京都新宿区高田馬場2-2-15,食べログ 居酒屋 EAST 百名店 2024,https://tabelog.com/tokyo/A1305/A130503/13193868/,,https://www.google.com/maps/search/?api=1&query=%E9%85%92%E8%82%B4%20%E6%96%B0%E5%B1%8B%E6%95%B7%20%E6%9D%B1%E4%BA%AC%E9%83%BD%E6%96%B0%E5%AE%BF%E5%8C%BA%E9%AB%98%E7%94%B0%E9%A6%AC%E5%A0%B42-2-15,35.7118572,139.7095371,2024,居酒屋 EAST,izakaya_east,発表日：2024年10月8日
味のなかむら,東京都港区西麻布4-7-10 麻布笄町Aハウス,食べログ 居酒屋 EAST 百名店 2024,https://tabelog.com/tokyo/A1307/A130703/13170372/,,https://www.google.com/maps/search/?api=1&query=%E5%91%B3%E3%81%AE%E3%81%AA%E3%81%8B%E3%82%80%E3%82%89%20%E6%9D%B1%E4%BA%AC%E9%83%BD%E6%B8%AF%E5%8C%BA%E8%A5%BF%E9%BA%BB%E5%B8%834-7-10%20%E9%BA%BB%E5%B8%83%E7%AC%84%E7%94%BAA%E3%83%8F%E3%82%A6%E3%82%B9,35.6561954,139.7214497,2024,居酒屋 EAST,izakaya_east,発表日：2024年10月8日
かんだ光壽,東京都千代田区鍛冶町2-9-7 大貫ビル　１Ｆ,食べログ 居酒屋 EAST 百名店 2024,https://tabelog.com/tokyo/A1310/A131002/13011272/,https://tabelog.com/tokyo/A1310/A131002/13011272/?cid=google_yoyaku,https://www.google.com/maps/search/?api=1&query=%E3%81%8B%E3%82%93%E3%81%A0%E5%85%89%E5%A3%BD%20%E6%9D%B1%E4%BA%AC%E9%83%BD%E5%8D%83%E4%BB%A3%E7%94%B0%E5%8C%BA%E9%8D%9B%E5%86%B6%E7%94%BA2-9-7%20%E5%A4%A7%E8%B2%AB%E3%83%93%E3%83%AB%E3%80%80%EF%BC%91%EF%BC%A6,35.6932943,139.7721747,2024,居酒屋 EAST,izakaya_east,発表日：2024年10月8日
浅草 ASA虎,東京都台東区花川戸1-8-11,食べログ 居酒屋 EAST 百名店 2024,https://tabelog.com/tokyo/A1311/A131102/13259649/,https://tabelog.com/tokyo/A1311/A131102/13259649/?cid=google_yoyaku,https://www.google.com/maps/search/?api=1&query=%E6%B5%85%E8%8D%89%20ASA%E8%99%8E%20%E6%9D%B1%E4%BA%AC%E9%83%BD%E5%8F%B0%E6%9D%B1%E5%8C%BA%E8%8A%B1%E5%B7%9D%E6%88%B81-8-11,35.7130542,139.7986193,2024,居酒屋 EAST,izakaya_east,発表日：2024年10月8日
長生庵,東京都中央区築地4-14-1 モンテベルデ　１Ｆ,食べログ 居酒屋 EAST 百名店 2024,https://tabelog.com/tokyo/A1313/A131301/13024450/,https://tabelog.com/tokyo/A1313/A131301/13024450/?cid=google_yoyaku,https://www.google.com/maps/search/?api=1&query=%E9%95%B7%E7%94%9F%E5%BA%B5%20%E6%9D%B1%E4%BA%AC%E9%83%BD%E4%B8%AD%E5%A4%AE%E5%8C%BA%E7%AF%89%E5%9C%B04-14-1%20%E3%83%A2%E3%83%B3%E3%83%86%E3%83%99%E3%83%AB%E3%83%87%E3%80%80%EF%BC%91%EF%BC%A6,35.6653100,139.7715052,2024,居酒屋 EAST,izakaya_east,発表日：2024年10月8日
新橋 いっぱし,東京都港区新橋1-18-11 一松ビル B1F,食べログ 居酒屋 EAST 百名店 2024,https://tabelog.com/tokyo/A1301/A130103/13224766/,https://tabelog.com/tokyo/A1301/A130103/13224766/?cid=google_yoyaku,https://www.google.com/maps/search/?api=1&query=%E6%96%B0%E6%A9%8B%20%E3%81%84%E3%81%A3%E3%81%B1%E3%81%97%20%E6%9D%B1%E4%BA%AC%E9%83%BD%E6%B8%AF%E5%8C%BA%E6%96%B0%E6%A9%8B1-18-11%20%E4%B8%80%E6%9D%BE%E3%83%93%E3%83%AB%20B1F,35.6682934,139.7564613,2024,居酒屋 EAST,izakaya_east,発表日：2024年10月8日
壇太,東京都港区高輪3-7-14,食べログ 居酒屋 EAST 百名店 2024,https://tabelog.com/tokyo/A1316/A131603/13020500/,,https://www.google.com/maps/search/?api=1&query=%E5%A3%87%E5%A4%AA%20%E6%9D%B1%E4%BA%AC%E9%83%BD%E6%B8%AF%E5%8C%BA%E9%AB%98%E8%BC%AA3-7-14,35.6326874,139.7317012,2024,居酒屋 EAST,izakaya_east,発表日：2024年10月8日
四季の味 ふじ芳,東京都墨田区緑1-15-9,食べログ 居酒屋 EAST 百名店 2024,https://tabelog.com/tokyo/A1312/A131201/13220723/,,https://www.google.com/maps/search/?api=1&query=%E5%9B%9B%E5%AD%A3%E3%81%AE%E5%91%B3%20%E3%81%B5%E3%81%98%E8%8A%B3%20%E6%9D%B1%E4%BA%AC%E9%83%BD%E5%A2%A8%E7%94%B0%E5%8C%BA%E7%B7%911-15-9,35.6944481,139.7989497,2024,居酒屋 EAST,izakaya_east,発表日：2024年10月8日
岸田屋,東京都中央区月島3-15-12,食べログ 居酒屋 EAST 百名店 2024,https://tabelog.com/tokyo/A1313/A131302/13002239/,,https://www.google.com/maps/search/?api=1&query=%E5%B2%B8%E7%94%B0%E5%B1%8B%20%E6%9D%B1%E4%BA%AC%E9%83%BD%E4%B8%AD%E5%A4%AE%E5%8C%BA%E6%9C%88%E5%B3%B63-15-12,35.6623952,139.7798961,2024,居酒屋 EAST,izakaya_east,発表日：2024年10月8日
松濤 爛缶,東京都渋谷区松濤2-14-5,食べログ 居酒屋 EAST 百名店 2024,https://tabelog.com/tokyo/A1303/A130301/13246953/,,https://www.google.com/maps/search/?api=1&query=%E6%9D%BE%E6%BF%A4%20%E7%88%9B%E7%BC%B6%20%E6%9D%B1%E4%BA%AC%E9%83%BD%E6%B8%8B%E8%B0%B7%E5%8C%BA%E6%9D%BE%E6%BF%A42-14-5,35.6586245,139.6925158,2024,居酒屋 EAST,izakaya_east,発表日：2024年10月8日
わたや,埼玉県さいたま市浦和区常盤4-3-15,食べログ 居酒屋 EAST 百名店 2024,https://tabelog.com/saitama/A1101/A110102/11028872/,,https://www.google.com/maps/search/?api=1&query=%E3%82%8F%E3%81%9F%E3%82%84%20%E5%9F%BC%E7%8E%89%E7%9C%8C%E3%81%95%E3%81%84%E3%81%9F%E3%81%BE%E5%B8%82%E6%B5%A6%E5%92%8C%E5%8C%BA%E5%B8%B8%E7%9B%A44-3-15,35.8622873,139.6501623,2024,居酒屋 EAST,izakaya_east,発表日：2024年10月8日
金田,東京都目黒区自由が丘1-11-4,食べログ 居酒屋 EAST 百名店 2024,https://tabelog.com/tokyo/A1317/A131703/13003212/,,https://www.google.com/maps/search/?api=1&query=%E9%87%91%E7%94%B0%20%E6%9D%B1%E4%BA%AC%E9%83%BD%E7%9B%AE%E9%BB%92%E5%8C%BA%E8%87%AA%E7%94%B1%E3%81%8C%E4%B8%981-11-4,35.6081611,139.6694128,2024,居酒屋 EAST,izakaya_east,発表日：2024年10月8日
銀座呑小路やま岸,東京都中央区銀座7-3-6 銀座髙木ビル 10F,食べログ 居酒屋 EAST 百名店 2024,https://tabelog.com/tokyo/A1301/A130101/13289912/,https://tabelog.com/tokyo/A1301/A130101/13289912/?cid=google_yoyaku,https://www.google.com/maps/search/?api=1&query=%E9%8A%80%E5%BA%A7%E5%91%91%E5%B0%8F%E8%B7%AF%E3%82%84%E3%81%BE%E5%B2%B8%20%E6%9D%B1%E4%BA%AC%E9%83%BD%E4%B8%AD%E5%A4%AE%E5%8C%BA%E9%8A%80%E5%BA%A77-3-6%20%E9%8A%80%E5%BA%A7%E9%AB%99%E6%9C%A8%E3%83%93%E3%83%AB%2010F,35.6703381,139.7606975,2024,居酒屋 EAST,izakaya_east,発表日：2024年10月8日
並木橋なかむら,東京都渋谷区渋谷3-13-5 BPRレジデンス渋谷2F-B,食べログ 居酒屋 EAST 百名店 2024,https://tabelog.com/tokyo/A1303/A130301/13059986/,,https://www.google.com/maps/search/?api=1&query=%E4%B8%A6%E6%9C%A8%E6%A9%8B%E3%81%AA%E3%81%8B%E3%82%80%E3%82%89%20%E6%9D%B1%E4%BA%AC%E9%83%BD%E6%B8%8B%E8%B0%B7%E5%8C%BA%E6%B8%8B%E8%B0%B73-13-5%20BPR%E3%83%AC%E3%82%B8%E3%83%87%E3%83%B3%E3%82%B9%E6%B8%8B%E8%B0%B72F-B,35.6558254,139.7065338,2024,居酒屋 EAST,izakaya_east,発表日：2024年10月8日
のどぐろ専門 銀座 中俣,東京都中央区銀座4-10-12 銀座サマリアビル B1,食べログ 居酒屋 EAST 百名店 2024,https://tabelog.com/tokyo/A1301/A130101/13186922/,https://tabelog.com/tokyo/A1301/A130101/13186922/?cid=google_yoyaku,https://www.google.com/maps/search/?api=1&query=%E3%81%AE%E3%81%A9%E3%81%90%E3%82%8D%E5%B0%82%E9%96%80%20%E9%8A%80%E5%BA%A7%20%E4%B8%AD%E4%BF%A3%20%E6%9D%B1%E4%BA%AC%E9%83%BD%E4%B8%AD%E5%A4%AE%E5%8C%BA%E9%8A%80%E5%BA%A74-10-12%20%E9%8A%80%E5%BA%A7%E3%82%B5%E3%83%9E%E3%83%AA%E3%82%A2%E3%83%93%E3%83%AB%20B1,35.6701804,139.7669770,2024,居酒屋 EAST,izakaya_east,発表日：2024年10月8日
創和堂,東京都渋谷区広尾1-12–15 リバーサイドビル 1F,食べログ 居酒屋 EAST 百名店 2024,https://tabelog.com/tokyo/A1303/A130302/13248516/,,https://www.google.com/maps/search/?api=1&query=%E5%89%B5%E5%92%8C%E5%A0%82%20%E6%9D%B1%E4%BA%AC%E9%83%BD%E6%B8%8B%E8%B0%B7%E5%8C%BA%E5%BA%83%E5%B0%BE1-12%E2%80%9315%20%E3%83%AA%E3%83%90%E3%83%BC%E3%82%B5%E3%82%A4%E3%83%89%E3%83%93%E3%83%AB%201F,35.6480301,139.7153203,2024,居酒屋 EAST,izakaya_east,発表日：2024年10月8日
カープ 東京支店,東京都千代田区神田鍛冶町3-5 保坂神田ビル,食べログ お好み焼き 百名店 2024,https://tabelog.com/tokyo/A1310/A131002/13004170/,,https://www.google.com/maps/search/?api=1&query=%E3%82%AB%E3%83%BC%E3%83%97%20%E6%9D%B1%E4%BA%AC%E6%94%AF%E5%BA%97%20%E6%9D%B1%E4%BA%AC%E9%83%BD%E5%8D%83%E4%BB%A3%E7%94%B0%E5%8C%BA%E7%A5%9E%E7%94%B0%E9%8D%9B%E5%86%B6%E7%94%BA3-5%20%E4%BF%9D%E5%9D%82%E7%A5%9E%E7%94%B0%E3%83%93%E3%83%AB,35.6937303,139.7703229,2024,お好み焼き,okonomiyaki,発表日：2024年5月28日
お好み焼き いまり 恵比寿,東京都渋谷区恵比寿西2-3-11 メゾン ド エビス 1F,食べログ お好み焼き 百名店 2024,https://tabelog.com/tokyo/A1303/A130302/13155810/,,https://www.google.com/maps/search/?api=1&query=%E3%81%8A%E5%A5%BD%E3%81%BF%E7%84%BC%E3%81%8D%20%E3%81%84%E3%81%BE%E3%82%8A%20%E6%81%B5%E6%AF%94%E5%AF%BF%20%E6%9D%B1%E4%BA%AC%E9%83%BD%E6%B8%8B%E8%B0%B7%E5%8C%BA%E6%81%B5%E6%AF%94%E5%AF%BF%E8%A5%BF2-3-11%20%E3%83%A1%E3%82%BE%E3%83%B3%20%E3%83%89%20%E3%82%A8%E3%83%93%E3%82%B9%201F,35.6498816,139.7077005,2024,お好み焼き,okonomiyaki,発表日：2024年5月28日
広島お好み焼き おこたろう,東京都葛飾区亀有3-31-8,食べログ お好み焼き 百名店 2024,https://tabelog.com/tokyo/A1324/A132403/13061247/,,https://www.google.com/maps/search/?api=1&query=%E5%BA%83%E5%B3%B6%E3%81%8A%E5%A5%BD%E3%81%BF%E7%84%BC%E3%81%8D%20%E3%81%8A%E3%81%93%E3%81%9F%E3%82%8D%E3%81%86%20%E6%9D%B1%E4%BA%AC%E9%83%BD%E8%91%9B%E9%A3%BE%E5%8C%BA%E4%BA%80%E6%9C%893-31-8,35.7653554,139.8488467,2024,お好み焼き,okonomiyaki,発表日：2024年5月28日
浪花,東京都練馬区豊玉北5-15-1 小泉ビル　２Ｆ,食べログ お好み焼き 百名店 2024,https://tabelog.com/tokyo/A1321/A132102/13008999/,,https://www.google.com/maps/search/?api=1&query=%E6%B5%AA%E8%8A%B1%20%E6%9D%B1%E4%BA%AC%E9%83%BD%E7%B7%B4%E9%A6%AC%E5%8C%BA%E8%B1%8A%E7%8E%89%E5%8C%975-15-1%20%E5%B0%8F%E6%B3%89%E3%83%93%E3%83%AB%E3%80%80%EF%BC%92%EF%BC%A6,35.7356625,139.6549099,2024,お好み焼き,okonomiyaki,発表日：2024年5月28日
キャベツ畑,神奈川県鎌倉市大船1-20-4,食べログ お好み焼き 百名店 2024,https://tabelog.com/kanagawa/A1404/A140401/14002209/,,https://www.google.com/maps/search/?api=1&query=%E3%82%AD%E3%83%A3%E3%83%99%E3%83%84%E7%95%91%20%E7%A5%9E%E5%A5%88%E5%B7%9D%E7%9C%8C%E9%8E%8C%E5%80%89%E5%B8%82%E5%A4%A7%E8%88%B91-20-4,35.3519001,139.5323955,2024,お好み焼き,okonomiyaki,発表日：2024年5月28日
源亀,東京都墨田区錦糸4-14-9 本間ビル　１Ｆ,食べログ お好み焼き 百名店 2024,https://tabelog.com/tokyo/A1312/A131201/13072955/,https://tabelog.com/tokyo/A1312/A131201/13072955/?cid=google_yoyaku,https://www.google.com/maps/search/?api=1&query=%E6%BA%90%E4%BA%80%20%E6%9D%B1%E4%BA%AC%E9%83%BD%E5%A2%A8%E7%94%B0%E5%8C%BA%E9%8C%A6%E7%B3%B84-14-9%20%E6%9C%AC%E9%96%93%E3%83%93%E3%83%AB%E3%80%80%EF%BC%91%EF%BC%A6,35.6977803,139.8157020,2024,お好み焼き,okonomiyaki,発表日：2024年5月28日
なんばん亭 下北沢店,東京都世田谷区北沢2-12-3 石川ビル 2F,食べログ お好み焼き 百名店 2024,https://tabelog.com/tokyo/A1318/A131802/13037445/,https://tabelog.com/tokyo/A1318/A131802/13037445/?cid=google_yoyaku,https://www.google.com/maps/search/?api=1&query=%E3%81%AA%E3%82%93%E3%81%B0%E3%82%93%E4%BA%AD%20%E4%B8%8B%E5%8C%97%E6%B2%A2%E5%BA%97%20%E6%9D%B1%E4%BA%AC%E9%83%BD%E4%B8%96%E7%94%B0%E8%B0%B7%E5%8C%BA%E5%8C%97%E6%B2%A22-12-3%20%E7%9F%B3%E5%B7%9D%E3%83%93%E3%83%AB%202F,35.6607579,139.6679094,2024,お好み焼き,okonomiyaki,発表日：2024年5月28日
ソニア,東京都港区新橋5-15-1 ル・グラシエルBLDG19 B1F,食べログ お好み焼き 百名店 2024,https://tabelog.com/tokyo/A1301/A130103/13023882/,,https://www.google.com/maps/search/?api=1&query=%E3%82%BD%E3%83%8B%E3%82%A2%20%E6%9D%B1%E4%BA%AC%E9%83%BD%E6%B8%AF%E5%8C%BA%E6%96%B0%E6%A9%8B5-15-1%20%E3%83%AB%E3%83%BB%E3%82%B0%E3%83%A9%E3%82%B7%E3%82%A8%E3%83%ABBLDG19%20B1F,35.6622172,139.7560365,2024,お好み焼き,okonomiyaki,発表日：2024年5月28日
電光石火 東京駅店,東京都千代田区丸の内1-9-1 東京駅一番街 B1F,食べログ お好み焼き 百名店 2024,https://tabelog.com/tokyo/A1302/A130201/13206700/,,https://www.google.com/maps/search/?api=1&query=%E9%9B%BB%E5%85%89%E7%9F%B3%E7%81%AB%20%E6%9D%B1%E4%BA%AC%E9%A7%85%E5%BA%97%20%E6%9D%B1%E4%BA%AC%E9%83%BD%E5%8D%83%E4%BB%A3%E7%94%B0%E5%8C%BA%E4%B8%B8%E3%81%AE%E5%86%851-9-1%20%E6%9D%B1%E4%BA%AC%E9%A7%85%E4%B8%80%E7%95%AA%E8%A1%97%20B1F,35.6804459,139.7678435,2024,お好み焼き,okonomiyaki,発表日：2024年5月28日
お好み焼き 福竹,東京都大田区東矢口1-17-11,食べログ お好み焼き 百名店 2024,https://tabelog.com/tokyo/A1317/A131714/13003312/,,https://www.google.com/maps/search/?api=1&query=%E3%81%8A%E5%A5%BD%E3%81%BF%E7%84%BC%E3%81%8D%20%E7%A6%8F%E7%AB%B9%20%E6%9D%B1%E4%BA%AC%E9%83%BD%E5%A4%A7%E7%94%B0%E5%8C%BA%E6%9D%B1%E7%9F%A2%E5%8F%A31-17-11,35.5643932,139.7070646,2024,お好み焼き,okonomiyaki,発表日：2024年5月28日
戸田亘のお好み焼 さんて寛,東京都港区六本木1-4-5 アークヒルズサウスタワー B1F,食べログ お好み焼き 百名店 2024,https://tabelog.com/tokyo/A1307/A130701/13163322/,https://tabelog.com/tokyo/A1307/A130701/13163322/?cid=google_yoyaku,https://www.google.com/maps/search/?api=1&query=%E6%88%B8%E7%94%B0%E4%BA%98%E3%81%AE%E3%81%8A%E5%A5%BD%E3%81%BF%E7%84%BC%20%E3%81%95%E3%82%93%E3%81%A6%E5%AF%9B%20%E6%9D%B1%E4%BA%AC%E9%83%BD%E6%B8%AF%E5%8C%BA%E5%85%AD%E6%9C%AC%E6%9C%A81-4-5%20%E3%82%A2%E3%83%BC%E3%82%AF%E3%83%92%E3%83%AB%E3%82%BA%E3%82%B5%E3%82%A6%E3%82%B9%E3%82%BF%E3%83%AF%E3%83%BC%20B1F,35.6655965,139.7394605,2024,お好み焼き,okonomiyaki,発表日：2024年5月28日
広島風お好み焼 もみじ屋,東京都千代田区飯田橋4-2-6 アヴァンセ飯田橋 101,食べログ お好み焼き 百名店 2024,https://tabelog.com/tokyo/A1309/A130905/13000245/,https://tabelog.com/tokyo/A1309/A130905/13000245/?cid=google_yoyaku,https://www.google.com/maps/search/?api=1&query=%E5%BA%83%E5%B3%B6%E9%A2%A8%E3%81%8A%E5%A5%BD%E3%81%BF%E7%84%BC%20%E3%82%82%E3%81%BF%E3%81%98%E5%B1%8B%20%E6%9D%B1%E4%BA%AC%E9%83%BD%E5%8D%83%E4%BB%A3%E7%94%B0%E5%8C%BA%E9%A3%AF%E7%94%B0%E6%A9%8B4-2-6%20%E3%82%A2%E3%83%B4%E3%82%A1%E3%83%B3%E3%82%BB%E9%A3%AF%E7%94%B0%E6%A9%8B%20101,35.6999986,139.7474469,2024,お好み焼き,okonomiyaki,発表日：2024年5月28日
お好み焼 きじ 品川店,東京都港区港南2-3-13 品川フロントビル 2F,食べログ お好み焼き 百名店 2024,https://tabelog.com/tokyo/A1314/A131403/13120197/,,https://www.google.com/maps/search/?api=1&query=%E3%81%8A%E5%A5%BD%E3%81%BF%E7%84%BC%20%E3%81%8D%E3%81%98%20%E5%93%81%E5%B7%9D%E5%BA%97%20%E6%9D%B1%E4%BA%AC%E9%83%BD%E6%B8%AF%E5%8C%BA%E6%B8%AF%E5%8D%972-3-13%20%E5%93%81%E5%B7%9D%E3%83%95%E3%83%AD%E3%83%B3%E3%83%88%E3%83%93%E3%83%AB%202F,35.6290515,139.7444458,2024,お好み焼き,okonomiyaki,発表日：2024年5月28日
お好み焼 きじ 丸の内店,東京都千代田区丸の内2-7-3 東京ビルTOKIA B1F,食べログ お好み焼き 百名店 2024,https://tabelog.com/tokyo/A1302/A130201/13020110/,,https://www.google.com/maps/search/?api=1&query=%E3%81%8A%E5%A5%BD%E3%81%BF%E7%84%BC%20%E3%81%8D%E3%81%98%20%E4%B8%B8%E3%81%AE%E5%86%85%E5%BA%97%20%E6%9D%B1%E4%BA%AC%E9%83%BD%E5%8D%83%E4%BB%A3%E7%94%B0%E5%8C%BA%E4%B8%B8%E3%81%AE%E5%86%852-7-3%20%E6%9D%B1%E4%BA%AC%E3%83%93%E3%83%ABTOKIA%20B1F,35.6784521,139.7650939,2024,お好み焼き,okonomiyaki,発表日：2024年5月28日
八昌,東京都世田谷区経堂1-21-18 ＨＡＲＡＤＡビル 2F,食べログ お好み焼き 百名店 2024,https://tabelog.com/tokyo/A1318/A131813/13013135/,,https://www.google.com/maps/search/?api=1&query=%E5%85%AB%E6%98%8C%20%E6%9D%B1%E4%BA%AC%E9%83%BD%E4%B8%96%E7%94%B0%E8%B0%B7%E5%8C%BA%E7%B5%8C%E5%A0%821-21-18%20%EF%BC%A8%EF%BC%A1%EF%BC%B2%EF%BC%A1%EF%BC%A4%EF%BC%A1%E3%83%93%E3%83%AB%202F,35.6505246,139.6370092,2024,お好み焼き,okonomiyaki,発表日：2024年5月28日
USHIO,東京都港区六本木3-10-9 かじかわ誠志堂ビル 2F,食べログ お好み焼き 百名店 2024,https://tabelog.com/tokyo/A1307/A130701/13038559/,https://tabelog.com/tokyo/A1307/A130701/13038559/?cid=google_yoyaku,https://www.google.com/maps/search/?api=1&query=USHIO%20%E6%9D%B1%E4%BA%AC%E9%83%BD%E6%B8%AF%E5%8C%BA%E5%85%AD%E6%9C%AC%E6%9C%A83-10-9%20%E3%81%8B%E3%81%98%E3%81%8B%E3%82%8F%E8%AA%A0%E5%BF%97%E5%A0%82%E3%83%93%E3%83%AB%202F,35.6634208,139.7331131,2024,お好み焼き,okonomiyaki,発表日：2024年5月28日
子ぐま,神奈川県横浜市青葉区美しが丘2-17-26,食べログ お好み焼き 百名店 2024,https://tabelog.com/kanagawa/A1401/A140201/14076732/,,https://www.google.com/maps/search/?api=1&query=%E5%AD%90%E3%81%90%E3%81%BE%20%E7%A5%9E%E5%A5%88%E5%B7%9D%E7%9C%8C%E6%A8%AA%E6%B5%9C%E5%B8%82%E9%9D%92%E8%91%89%E5%8C%BA%E7%BE%8E%E3%81%97%E3%81%8C%E4%B8%982-17-26,35.5796655,139.5597520,2024,お好み焼き,okonomiyaki,発表日：2024年5月28日
味処 むさし野,千葉県松戸市松戸新田133-4,食べログ ラーメン EAST 百名店 2024,https://tabelog.com/chiba/A1203/A120302/12000080/,,https://www.google.com/maps/search/?api=1&query=%E5%91%B3%E5%87%A6%20%E3%82%80%E3%81%95%E3%81%97%E9%87%8E%20%E5%8D%83%E8%91%89%E7%9C%8C%E6%9D%BE%E6%88%B8%E5%B8%82%E6%9D%BE%E6%88%B8%E6%96%B0%E7%94%B0133-4,35.7826700,139.9180845,2024,ラーメン EAST,ramen_east,発表日：2024年12月3日
麺屋 桐龍 東川口本店,埼玉県川口市戸塚3-36-18,食べログ ラーメン EAST 百名店 2024,https://tabelog.com/saitama/A1102/A110201/11028693/,,https://www.google.com/maps/search/?api=1&query=%E9%BA%BA%E5%B1%8B%20%E6%A1%90%E9%BE%8D%20%E6%9D%B1%E5%B7%9D%E5%8F%A3%E6%9C%AC%E5%BA%97%20%E5%9F%BC%E7%8E%89%E7%9C%8C%E5%B7%9D%E5%8F%A3%E5%B8%82%E6%88%B8%E5%A1%9A3-36-18,35.8676933,139.7525265,2024,ラーメン EAST,ramen_east,発表日：2024年12月3日
オランダ軒,埼玉県さいたま市岩槻区東岩槻6-1-4 1F,食べログ ラーメン EAST 百名店 2024,https://tabelog.com/saitama/A1101/A110103/11057845/,,https://www.google.com/maps/search/?api=1&query=%E3%82%AA%E3%83%A9%E3%83%B3%E3%83%80%E8%BB%92%20%E5%9F%BC%E7%8E%89%E7%9C%8C%E3%81%95%E3%81%84%E3%81%9F%E3%81%BE%E5%B8%82%E5%B2%A9%E6%A7%BB%E5%8C%BA%E6%9D%B1%E5%B2%A9%E6%A7%BB6-1-4%201F,35.9632462,139.7140991,2024,ラーメン EAST,ramen_east,発表日：2024年12月3日
中華ソバ 篤々,千葉県八千代市勝田台1-5-27,食べログ ラーメン EAST 百名店 2024,https://tabelog.com/chiba/A1202/A120204/12040080/,,https://www.google.com/maps/search/?api=1&query=%E4%B8%AD%E8%8F%AF%E3%82%BD%E3%83%90%20%E7%AF%A4%E3%80%85%20%E5%8D%83%E8%91%89%E7%9C%8C%E5%85%AB%E5%8D%83%E4%BB%A3%E5%B8%82%E5%8B%9D%E7%94%B0%E5%8F%B01-5-27,35.7147159,140.1242600,2024,ラーメン EAST,ramen_east,発表日：2024年12月3日
つけソバ いしい,千葉県市川市市川3‐27‐20 ライオンズステーションプラザ市川・国府台 1F,食べログ ラーメン EAST 百名店 2024,https://tabelog.com/chiba/A1202/A120202/12055768/,,https://www.google.com/maps/search/?api=1&query=%E3%81%A4%E3%81%91%E3%82%BD%E3%83%90%20%E3%81%84%E3%81%97%E3%81%84%20%E5%8D%83%E8%91%89%E7%9C%8C%E5%B8%82%E5%B7%9D%E5%B8%82%E5%B8%82%E5%B7%9D3%E2%80%9027%E2%80%9020%20%E3%83%A9%E3%82%A4%E3%82%AA%E3%83%B3%E3%82%BA%E3%82%B9%E3%83%86%E3%83%BC%E3%82%B7%E3%83%A7%E3%83%B3%E3%83%97%E3%83%A9%E3%82%B6%E5%B8%82%E5%B7%9D%E3%83%BB%E5%9B%BD%E5%BA%9C%E5%8F%B0%201F,35.7374644,139.9029338,2024,ラーメン EAST,ramen_east,発表日：2024年12月3日
兎に角 松戸本店,千葉県松戸市根本462 比嘉ビル　1F,食べログ ラーメン EAST 百名店 2024,https://tabelog.com/chiba/A1203/A120302/12001198/,,https://www.google.com/maps/search/?api=1&query=%E5%85%8E%E3%81%AB%E8%A7%92%20%E6%9D%BE%E6%88%B8%E6%9C%AC%E5%BA%97%20%E5%8D%83%E8%91%89%E7%9C%8C%E6%9D%BE%E6%88%B8%E5%B8%82%E6%A0%B9%E6%9C%AC462%20%E6%AF%94%E5%98%89%E3%83%93%E3%83%AB%E3%80%801F,35.7858468,139.9017741,2024,ラーメン EAST,ramen_east,発表日：2024年12月3日
ラーメン二郎 大宮公園駅前店,埼玉県さいたま市大宮区寿能町1-24 前場ビル 1F,食べログ ラーメン EAST 百名店 2024,https://tabelog.com/saitama/A1101/A110101/11052604/,,https://www.google.com/maps/search/?api=1&query=%E3%83%A9%E3%83%BC%E3%83%A1%E3%83%B3%E4%BA%8C%E9%83%8E%20%E5%A4%A7%E5%AE%AE%E5%85%AC%E5%9C%92%E9%A7%85%E5%89%8D%E5%BA%97%20%E5%9F%BC%E7%8E%89%E7%9C%8C%E3%81%95%E3%81%84%E3%81%9F%E3%81%BE%E5%B8%82%E5%A4%A7%E5%AE%AE%E5%8C%BA%E5%AF%BF%E8%83%BD%E7%94%BA1-24%20%E5%89%8D%E5%A0%B4%E3%83%93%E3%83%AB%201F,35.9225927,139.6320199,2024,ラーメン EAST,ramen_east,発表日：2024年12月3日
自家製手もみ麺 鈴ノ木,埼玉県所沢市狭山ヶ丘1-3003-83,食べログ ラーメン EAST 百名店 2024,https://tabelog.com/saitama/A1106/A110601/11048539/,,https://www.google.com/maps/search/?api=1&query=%E8%87%AA%E5%AE%B6%E8%A3%BD%E6%89%8B%E3%82%82%E3%81%BF%E9%BA%BA%20%E9%88%B4%E3%83%8E%E6%9C%A8%20%E5%9F%BC%E7%8E%89%E7%9C%8C%E6%89%80%E6%B2%A2%E5%B8%82%E7%8B%AD%E5%B1%B1%E3%83%B6%E4%B8%981-3003-83,35.8097142,139.4158088,2024,ラーメン EAST,ramen_east,発表日：2024年12月3日
中華蕎麦 柳,千葉県松戸市殿平賀82,食べログ ラーメン EAST 百名店 2024,https://tabelog.com/chiba/A1203/A120302/12056433/,,https://www.google.com/maps/search/?api=1&query=%E4%B8%AD%E8%8F%AF%E8%95%8E%E9%BA%A6%20%E6%9F%B3%20%E5%8D%83%E8%91%89%E7%9C%8C%E6%9D%BE%E6%88%B8%E5%B8%82%E6%AE%BF%E5%B9%B3%E8%B3%8082,35.8355097,139.9301986,2024,ラーメン EAST,ramen_east,発表日：2024年12月3日
ラーメン濱野家,千葉県市原市五井2442-1,食べログ ラーメン EAST 百名店 2024,https://tabelog.com/chiba/A1206/A120601/12050938/,,https://www.google.com/maps/search/?api=1&query=%E3%83%A9%E3%83%BC%E3%83%A1%E3%83%B3%E6%BF%B1%E9%87%8E%E5%AE%B6%20%E5%8D%83%E8%91%89%E7%9C%8C%E5%B8%82%E5%8E%9F%E5%B8%82%E4%BA%94%E4%BA%952442-1,35.5174184,140.0851898,2024,ラーメン EAST,ramen_east,発表日：2024年12月3日
中華そば専門 とんちぼ,埼玉県日高市栗坪26-46,食べログ ラーメン EAST 百名店 2024,https://tabelog.com/saitama/A1106/A110603/11045493/,,https://www.google.com/maps/search/?api=1&query=%E4%B8%AD%E8%8F%AF%E3%81%9D%E3%81%B0%E5%B0%82%E9%96%80%20%E3%81%A8%E3%82%93%E3%81%A1%E3%81%BC%20%E5%9F%BC%E7%8E%89%E7%9C%8C%E6%97%A5%E9%AB%98%E5%B8%82%E6%A0%97%E5%9D%AA26-46,35.8866110,139.3124048,2024,ラーメン EAST,ramen_east,発表日：2024年12月3日
ユナイテッド ヌードル アメノオト,栃木県佐野市堀米町455-1 シルフィード 1F,食べログ ラーメン EAST 百名店 2024,https://tabelog.com/tochigi/A0902/A090202/9016306/,,https://www.google.com/maps/search/?api=1&query=%E3%83%A6%E3%83%8A%E3%82%A4%E3%83%86%E3%83%83%E3%83%89%20%E3%83%8C%E3%83%BC%E3%83%89%E3%83%AB%20%E3%82%A2%E3%83%A1%E3%83%8E%E3%82%AA%E3%83%88%20%E6%A0%83%E6%9C%A8%E7%9C%8C%E4%BD%90%E9%87%8E%E5%B8%82%E5%A0%80%E7%B1%B3%E7%94%BA455-1%20%E3%82%B7%E3%83%AB%E3%83%95%E3%82%A3%E3%83%BC%E3%83%89%201F,36.3270768,139.5883956,2024,ラーメン EAST,ramen_east,発表日：2024年12月3日
自家製麺 くろ松,群馬県高崎市柳川町9-5,食べログ ラーメン EAST 百名店 2024,https://tabelog.com/gunma/A1001/A100102/10017627/,,https://www.google.com/maps/search/?api=1&query=%E8%87%AA%E5%AE%B6%E8%A3%BD%E9%BA%BA%20%E3%81%8F%E3%82%8D%E6%9D%BE%20%E7%BE%A4%E9%A6%AC%E7%9C%8C%E9%AB%98%E5%B4%8E%E5%B8%82%E6%9F%B3%E5%B7%9D%E7%94%BA9-5,36.3273206,139.0027411,2024,ラーメン EAST,ramen_east,発表日：2024年12月3日
柳麺 呉田,埼玉県さいたま市浦和区常盤9-16-7,食べログ ラーメン EAST 百名店 2024,https://tabelog.com/saitama/A1101/A110102/11038398/,,https://www.google.com/maps/search/?api=1&query=%E6%9F%B3%E9%BA%BA%20%E5%91%89%E7%94%B0%20%E5%9F%BC%E7%8E%89%E7%9C%8C%E3%81%95%E3%81%84%E3%81%9F%E3%81%BE%E5%B8%82%E6%B5%A6%E5%92%8C%E5%8C%BA%E5%B8%B8%E7%9B%A49-16-7,35.8707300,139.6471997,2024,ラーメン EAST,ramen_east,発表日：2024年12月3日
Handicraft Works,埼玉県八潮市伊勢野111-1,食べログ ラーメン EAST 百名店 2024,https://tabelog.com/saitama/A1102/A110205/11044340/,,https://www.google.com/maps/search/?api=1&query=Handicraft%20Works%20%E5%9F%BC%E7%8E%89%E7%9C%8C%E5%85%AB%E6%BD%AE%E5%B8%82%E4%BC%8A%E5%8B%A2%E9%87%8E111-1,35.8099278,139.8563784,2024,ラーメン EAST,ramen_east,発表日：2024年12月3日
とら食堂 松戸分店,千葉県松戸市紙敷1-8-6,食べログ ラーメン EAST 百名店 2024,https://tabelog.com/chiba/A1203/A120302/12026940/,,https://www.google.com/maps/search/?api=1&query=%E3%81%A8%E3%82%89%E9%A3%9F%E5%A0%82%20%E6%9D%BE%E6%88%B8%E5%88%86%E5%BA%97%20%E5%8D%83%E8%91%89%E7%9C%8C%E6%9D%BE%E6%88%B8%E5%B8%82%E7%B4%99%E6%95%B71-8-6,35.7759884,139.9578354,2024,ラーメン EAST,ramen_east,発表日：2024年12月3日
ラーメンショップ 牛久結束店,茨城県牛久市結束町504-1,食べログ ラーメン EAST 百名店 2024,https://tabelog.com/ibaraki/A0803/A080302/8011099/,,https://www.google.com/maps/search/?api=1&query=%E3%83%A9%E3%83%BC%E3%83%A1%E3%83%B3%E3%82%B7%E3%83%A7%E3%83%83%E3%83%97%20%E7%89%9B%E4%B9%85%E7%B5%90%E6%9D%9F%E5%BA%97%20%E8%8C%A8%E5%9F%8E%E7%9C%8C%E7%89%9B%E4%B9%85%E5%B8%82%E7%B5%90%E6%9D%9F%E7%94%BA504-1,35.9662275,140.1708977,2024,ラーメン EAST,ramen_east,発表日：2024年12月3日
ラーメン二郎 京成大久保店,千葉県船橋市三山2-1-11,食べログ ラーメン EAST 百名店 2024,https://tabelog.com/chiba/A1202/A120204/12000911/,,https://www.google.com/maps/search/?api=1&query=%E3%83%A9%E3%83%BC%E3%83%A1%E3%83%B3%E4%BA%8C%E9%83%8E%20%E4%BA%AC%E6%88%90%E5%A4%A7%E4%B9%85%E4%BF%9D%E5%BA%97%20%E5%8D%83%E8%91%89%E7%9C%8C%E8%88%B9%E6%A9%8B%E5%B8%82%E4%B8%89%E5%B1%B12-1-11,35.6915559,140.0496236,2024,ラーメン EAST,ramen_east,発表日：2024年12月3日
らぁめん 喜乃壺,茨城県つくば市稲岡728-13,食べログ ラーメン EAST 百名店 2024,https://tabelog.com/ibaraki/A0802/A080201/8010935/,,https://www.google.com/maps/search/?api=1&query=%E3%82%89%E3%81%81%E3%82%81%E3%82%93%20%E5%96%9C%E4%B9%83%E5%A3%BA%20%E8%8C%A8%E5%9F%8E%E7%9C%8C%E3%81%A4%E3%81%8F%E3%81%B0%E5%B8%82%E7%A8%B2%E5%B2%A1728-13,36.0326905,140.1409423,2024,ラーメン EAST,ramen_east,発表日：2024年12月3日
食煅 もみじ,埼玉県久喜市樋ノ口584-4,食べログ ラーメン EAST 百名店 2024,https://tabelog.com/saitama/A1104/A110402/11050143/,,https://www.google.com/maps/search/?api=1&query=%E9%A3%9F%E7%85%85%20%E3%82%82%E3%81%BF%E3%81%98%20%E5%9F%BC%E7%8E%89%E7%9C%8C%E4%B9%85%E5%96%9C%E5%B8%82%E6%A8%8B%E3%83%8E%E5%8F%A3584-4,36.0399986,139.6503006,2024,ラーメン EAST,ramen_east,発表日：2024年12月3日
中華そば 深緑,埼玉県東松山市今泉297-11,食べログ ラーメン EAST 百名店 2024,https://tabelog.com/saitama/A1105/A110502/11053248/,,https://www.google.com/maps/search/?api=1&query=%E4%B8%AD%E8%8F%AF%E3%81%9D%E3%81%B0%20%E6%B7%B1%E7%B7%91%20%E5%9F%BC%E7%8E%89%E7%9C%8C%E6%9D%B1%E6%9D%BE%E5%B1%B1%E5%B8%82%E4%BB%8A%E6%B3%89297-11,36.0062412,139.4362889,2024,ラーメン EAST,ramen_east,発表日：2024年12月3日
煮干中華ソバ イチカワ,茨城県つくば市天久保2-9-2 A101,食べログ ラーメン EAST 百名店 2024,https://tabelog.com/ibaraki/A0802/A080201/8014295/,,https://www.google.com/maps/search/?api=1&query=%E7%85%AE%E5%B9%B2%E4%B8%AD%E8%8F%AF%E3%82%BD%E3%83%90%20%E3%82%A4%E3%83%81%E3%82%AB%E3%83%AF%20%E8%8C%A8%E5%9F%8E%E7%9C%8C%E3%81%A4%E3%81%8F%E3%81%B0%E5%B8%82%E5%A4%A9%E4%B9%85%E4%BF%9D2-9-2%20A101,36.0983736,140.1083994,2024,ラーメン EAST,ramen_east,発表日：2024年12月3日
豚骨醤油ラーメン 王道家 柏店,千葉県柏市明原1-7-26,食べログ ラーメン EAST 百名店 2024,https://tabelog.com/chiba/A1203/A120301/12047768/,,https://www.google.com/maps/search/?api=1&query=%E8%B1%9A%E9%AA%A8%E9%86%A4%E6%B2%B9%E3%83%A9%E3%83%BC%E3%83%A1%E3%83%B3%20%E7%8E%8B%E9%81%93%E5%AE%B6%20%E6%9F%8F%E5%BA%97%20%E5%8D%83%E8%91%89%E7%9C%8C%E6%9F%8F%E5%B8%82%E6%98%8E%E5%8E%9F1-7-26,35.8629991,139.9674144,2024,ラーメン EAST,ramen_east,発表日：2024年12月3日
中華そば まるき,千葉県松戸市小根本51-2 １Ｆ,食べログ ラーメン EAST 百名店 2024,https://tabelog.com/chiba/A1203/A120302/12000228/,,https://www.google.com/maps/search/?api=1&query=%E4%B8%AD%E8%8F%AF%E3%81%9D%E3%81%B0%20%E3%81%BE%E3%82%8B%E3%81%8D%20%E5%8D%83%E8%91%89%E7%9C%8C%E6%9D%BE%E6%88%B8%E5%B8%82%E5%B0%8F%E6%A0%B9%E6%9C%AC51-2%20%EF%BC%91%EF%BC%A6,35.7875244,139.9046490,2024,ラーメン EAST,ramen_east,発表日：2024年12月3日
頑者 本店,埼玉県川越市新富町1-1-8,食べログ ラーメン EAST 百名店 2024,https://tabelog.com/saitama/A1103/A110303/11000150/,,https://www.google.com/maps/search/?api=1&query=%E9%A0%91%E8%80%85%20%E6%9C%AC%E5%BA%97%20%E5%9F%BC%E7%8E%89%E7%9C%8C%E5%B7%9D%E8%B6%8A%E5%B8%82%E6%96%B0%E5%AF%8C%E7%94%BA1-1-8,35.9150950,139.4825695,2024,ラーメン EAST,ramen_east,発表日：2024年12月3日
松戸中華そば 富田食堂,千葉県松戸市松戸1239-1 関根ビル 1F,食べログ ラーメン EAST 百名店 2024,https://tabelog.com/chiba/A1203/A120302/12042171/,,https://www.google.com/maps/search/?api=1&query=%E6%9D%BE%E6%88%B8%E4%B8%AD%E8%8F%AF%E3%81%9D%E3%81%B0%20%E5%AF%8C%E7%94%B0%E9%A3%9F%E5%A0%82%20%E5%8D%83%E8%91%89%E7%9C%8C%E6%9D%BE%E6%88%B8%E5%B8%82%E6%9D%BE%E6%88%B81239-1%20%E9%96%A2%E6%A0%B9%E3%83%93%E3%83%AB%201F,35.7832291,139.9014742,2024,ラーメン EAST,ramen_east,発表日：2024年12月3日
中華そば 四つ葉,埼玉県比企郡川島町伊草298-20,食べログ ラーメン EAST 百名店 2024,https://tabelog.com/saitama/A1105/A110502/11034264/,,https://www.google.com/maps/search/?api=1&query=%E4%B8%AD%E8%8F%AF%E3%81%9D%E3%81%B0%20%E5%9B%9B%E3%81%A4%E8%91%89%20%E5%9F%BC%E7%8E%89%E7%9C%8C%E6%AF%94%E4%BC%81%E9%83%A1%E5%B7%9D%E5%B3%B6%E7%94%BA%E4%BC%8A%E8%8D%89298-20,35.9682778,139.4689540,2024,ラーメン EAST,ramen_east,発表日：2024年12月3日
とものもと,千葉県船橋市本町7-23-14 文平ビル 1F,食べログ ラーメン EAST 百名店 2024,https://tabelog.com/chiba/A1202/A120201/12049054/,,https://www.google.com/maps/search/?api=1&query=%E3%81%A8%E3%82%82%E3%81%AE%E3%82%82%E3%81%A8%20%E5%8D%83%E8%91%89%E7%9C%8C%E8%88%B9%E6%A9%8B%E5%B8%82%E6%9C%AC%E7%94%BA7-23-14%20%E6%96%87%E5%B9%B3%E3%83%93%E3%83%AB%201F,35.7067018,139.9818213,2024,ラーメン EAST,ramen_east,発表日：2024年12月3日
麺処 はら田,埼玉県さいたま市南区南浦和2-28-13,食べログ ラーメン EAST 百名店 2024,https://tabelog.com/saitama/A1101/A110102/11049834/,,https://www.google.com/maps/search/?api=1&query=%E9%BA%BA%E5%87%A6%20%E3%81%AF%E3%82%89%E7%94%B0%20%E5%9F%BC%E7%8E%89%E7%9C%8C%E3%81%95%E3%81%84%E3%81%9F%E3%81%BE%E5%B8%82%E5%8D%97%E5%8C%BA%E5%8D%97%E6%B5%A6%E5%92%8C2-28-13,35.8493067,139.6713260,2024,ラーメン EAST,ramen_east,発表日：2024年12月3日
赤坂味一,千葉県船橋市湊町2-2-19,食べログ ラーメン EAST 百名店 2024,https://tabelog.com/chiba/A1202/A120201/12000108/,,https://www.google.com/maps/search/?api=1&query=%E8%B5%A4%E5%9D%82%E5%91%B3%E4%B8%80%20%E5%8D%83%E8%91%89%E7%9C%8C%E8%88%B9%E6%A9%8B%E5%B8%82%E6%B9%8A%E7%94%BA2-2-19,35.6958425,139.9838985,2024,ラーメン EAST,ramen_east,発表日：2024年12月3日
らーめん かねかつ,埼玉県さいたま市浦和区北浦和3-1-6,食べログ ラーメン EAST 百名店 2024,https://tabelog.com/saitama/A1101/A110102/11058235/,,https://www.google.com/maps/search/?api=1&query=%E3%82%89%E3%83%BC%E3%82%81%E3%82%93%20%E3%81%8B%E3%81%AD%E3%81%8B%E3%81%A4%20%E5%9F%BC%E7%8E%89%E7%9C%8C%E3%81%95%E3%81%84%E3%81%9F%E3%81%BE%E5%B8%82%E6%B5%A6%E5%92%8C%E5%8C%BA%E5%8C%97%E6%B5%A6%E5%92%8C3-1-6,35.8717506,139.6470256,2024,ラーメン EAST,ramen_east,発表日：2024年12月3日
煮干乱舞,埼玉県春日部市大場1114-1,食べログ ラーメン EAST 百名店 2024,https://tabelog.com/saitama/A1102/A110204/11043059/,,https://www.google.com/maps/search/?api=1&query=%E7%85%AE%E5%B9%B2%E4%B9%B1%E8%88%9E%20%E5%9F%BC%E7%8E%89%E7%9C%8C%E6%98%A5%E6%97%A5%E9%83%A8%E5%B8%82%E5%A4%A7%E5%A0%B41114-1,35.9488804,139.7698026,2024,ラーメン EAST,ramen_east,発表日：2024年12月3日
狼煙 本店,埼玉県さいたま市北区東大成町1-544,食べログ ラーメン EAST 百名店 2024,https://tabelog.com/saitama/A1101/A110101/11004115/,,https://www.google.com/maps/search/?api=1&query=%E7%8B%BC%E7%85%99%20%E6%9C%AC%E5%BA%97%20%E5%9F%BC%E7%8E%89%E7%9C%8C%E3%81%95%E3%81%84%E3%81%9F%E3%81%BE%E5%B8%82%E5%8C%97%E5%8C%BA%E6%9D%B1%E5%A4%A7%E6%88%90%E7%94%BA1-544,35.9240128,139.6221634,2024,ラーメン EAST,ramen_east,発表日：2024年12月3日
中華そば よしかわ 上尾店,埼玉県上尾市南97-5,食べログ ラーメン EAST 百名店 2024,https://tabelog.com/saitama/A1104/A110401/11036997/,,https://www.google.com/maps/search/?api=1&query=%E4%B8%AD%E8%8F%AF%E3%81%9D%E3%81%B0%20%E3%82%88%E3%81%97%E3%81%8B%E3%82%8F%20%E4%B8%8A%E5%B0%BE%E5%BA%97%20%E5%9F%BC%E7%8E%89%E7%9C%8C%E4%B8%8A%E5%B0%BE%E5%B8%82%E5%8D%9797-5,35.9958312,139.5865741,2024,ラーメン EAST,ramen_east,発表日：2024年12月3日
麺処 有彩,埼玉県川口市西川口1-8-5,食べログ ラーメン EAST 百名店 2024,https://tabelog.com/saitama/A1102/A110201/11038476/,,https://www.google.com/maps/search/?api=1&query=%E9%BA%BA%E5%87%A6%20%E6%9C%89%E5%BD%A9%20%E5%9F%BC%E7%8E%89%E7%9C%8C%E5%B7%9D%E5%8F%A3%E5%B8%82%E8%A5%BF%E5%B7%9D%E5%8F%A31-8-5,35.8160680,139.7032353,2024,ラーメン EAST,ramen_east,発表日：2024年12月3日
中華蕎麦 瑞山,埼玉県朝霞市本町2-8-15,食べログ ラーメン EAST 百名店 2024,https://tabelog.com/saitama/A1103/A110301/11024713/,,https://www.google.com/maps/search/?api=1&query=%E4%B8%AD%E8%8F%AF%E8%95%8E%E9%BA%A6%20%E7%91%9E%E5%B1%B1%20%E5%9F%BC%E7%8E%89%E7%9C%8C%E6%9C%9D%E9%9C%9E%E5%B8%82%E6%9C%AC%E7%94%BA2-8-15,35.7991422,139.5959535,2024,ラーメン EAST,ramen_east,発表日：2024年12月3日
The Noodles & Saloon Kiriya,千葉県流山市西初石4-475-1,食べログ ラーメン EAST 百名店 2024,https://tabelog.com/chiba/A1203/A120305/12040892/,,https://www.google.com/maps/search/?api=1&query=The%20Noodles%20%26%20Saloon%20Kiriya%20%E5%8D%83%E8%91%89%E7%9C%8C%E6%B5%81%E5%B1%B1%E5%B8%82%E8%A5%BF%E5%88%9D%E7%9F%B34-475-1,35.8818591,139.9164677,2024,ラーメン EAST,ramen_east,発表日：2024年12月3日
麺屋 ようすけ,栃木県佐野市田島町232,食べログ ラーメン EAST 百名店 2024,https://tabelog.com/tochigi/A0902/A090202/9012617/,,https://www.google.com/maps/search/?api=1&query=%E9%BA%BA%E5%B1%8B%20%E3%82%88%E3%81%86%E3%81%99%E3%81%91%20%E6%A0%83%E6%9C%A8%E7%9C%8C%E4%BD%90%E9%87%8E%E5%B8%82%E7%94%B0%E5%B3%B6%E7%94%BA232,36.2910814,139.5641685,2024,ラーメン EAST,ramen_east,発表日：2024年12月3日
中華そば 幻六,埼玉県朝霞市東弁財1-3-10,食べログ ラーメン EAST 百名店 2024,https://tabelog.com/saitama/A1103/A110301/11035642/,,https://www.google.com/maps/search/?api=1&query=%E4%B8%AD%E8%8F%AF%E3%81%9D%E3%81%B0%20%E5%B9%BB%E5%85%AD%20%E5%9F%BC%E7%8E%89%E7%9C%8C%E6%9C%9D%E9%9C%9E%E5%B8%82%E6%9D%B1%E5%BC%81%E8%B2%A11-3-10,35.8140476,139.5863247,2024,ラーメン EAST,ramen_east,発表日：2024年12月3日
中華蕎麦 とみ田,千葉県松戸市松戸1339 高橋ビル 1F,食べログ ラーメン EAST 百名店 2024,https://tabelog.com/chiba/A1203/A120302/12000422/,,https://www.google.com/maps/search/?api=1&query=%E4%B8%AD%E8%8F%AF%E8%95%8E%E9%BA%A6%20%E3%81%A8%E3%81%BF%E7%94%B0%20%E5%8D%83%E8%91%89%E7%9C%8C%E6%9D%BE%E6%88%B8%E5%B8%82%E6%9D%BE%E6%88%B81339%20%E9%AB%98%E6%A9%8B%E3%83%93%E3%83%AB%201F,35.7818086,139.9009721,2024,ラーメン EAST,ramen_east,発表日：2024年12月3日
ぜんや,埼玉県新座市野火止4-10-5,食べログ ラーメン EAST 百名店 2024,https://tabelog.com/saitama/A1103/A110301/11000014/,,https://www.google.com/maps/search/?api=1&query=%E3%81%9C%E3%82%93%E3%82%84%20%E5%9F%BC%E7%8E%89%E7%9C%8C%E6%96%B0%E5%BA%A7%E5%B8%82%E9%87%8E%E7%81%AB%E6%AD%A24-10-5,35.7988467,139.5565357,2024,ラーメン EAST,ramen_east,発表日：2024年12月3日
和風楽麺 四代目 ひのでや,埼玉県蓮田市本町2-21 田中電機ビル 1F・2F,食べログ ラーメン EAST 百名店 2024,https://tabelog.com/saitama/A1104/A110402/11030891/,,https://www.google.com/maps/search/?api=1&query=%E5%92%8C%E9%A2%A8%E6%A5%BD%E9%BA%BA%20%E5%9B%9B%E4%BB%A3%E7%9B%AE%20%E3%81%B2%E3%81%AE%E3%81%A7%E3%82%84%20%E5%9F%BC%E7%8E%89%E7%9C%8C%E8%93%AE%E7%94%B0%E5%B8%82%E6%9C%AC%E7%94%BA2-21%20%E7%94%B0%E4%B8%AD%E9%9B%BB%E6%A9%9F%E3%83%93%E3%83%AB%201F%E3%83%BB2F,35.9812999,139.6520376,2024,ラーメン EAST,ramen_east,発表日：2024年12月3日
寿製麺 よしかわ 川越店,埼玉県川越市今福1738-14,食べログ ラーメン EAST 百名店 2024,https://tabelog.com/saitama/A1103/A110303/11040851/,,https://www.google.com/maps/search/?api=1&query=%E5%AF%BF%E8%A3%BD%E9%BA%BA%20%E3%82%88%E3%81%97%E3%81%8B%E3%82%8F%20%E5%B7%9D%E8%B6%8A%E5%BA%97%20%E5%9F%BC%E7%8E%89%E7%9C%8C%E5%B7%9D%E8%B6%8A%E5%B8%82%E4%BB%8A%E7%A6%8F1738-14,35.8760422,139.4744707,2024,ラーメン EAST,ramen_east,発表日：2024年12月3日
麺処 にし尾,千葉県柏市東1-2-45 石戸第3ビル 1F,食べログ ラーメン EAST 百名店 2024,https://tabelog.com/chiba/A1203/A120301/12054858/,,https://www.google.com/maps/search/?api=1&query=%E9%BA%BA%E5%87%A6%20%E3%81%AB%E3%81%97%E5%B0%BE%20%E5%8D%83%E8%91%89%E7%9C%8C%E6%9F%8F%E5%B8%82%E6%9D%B11-2-45%20%E7%9F%B3%E6%88%B8%E7%AC%AC3%E3%83%93%E3%83%AB%201F,35.8578968,139.9766916,2024,ラーメン EAST,ramen_east,発表日：2024年12月3日
らーめん大金,栃木県佐野市大橋町3229-7,食べログ ラーメン EAST 百名店 2024,https://tabelog.com/tochigi/A0902/A090202/9006290/,,https://www.google.com/maps/search/?api=1&query=%E3%82%89%E3%83%BC%E3%82%81%E3%82%93%E5%A4%A7%E9%87%91%20%E6%A0%83%E6%9C%A8%E7%9C%8C%E4%BD%90%E9%87%8E%E5%B8%82%E5%A4%A7%E6%A9%8B%E7%94%BA3229-7,36.3077863,139.5640518,2024,ラーメン EAST,ramen_east,発表日：2024年12月3日
中華蕎麦 鳴神食堂,群馬県高崎市中泉町142-1,食べログ ラーメン EAST 百名店 2024,https://tabelog.com/gunma/A1001/A100102/10021905/,,https://www.google.com/maps/search/?api=1&query=%E4%B8%AD%E8%8F%AF%E8%95%8E%E9%BA%A6%20%E9%B3%B4%E7%A5%9E%E9%A3%9F%E5%A0%82%20%E7%BE%A4%E9%A6%AC%E7%9C%8C%E9%AB%98%E5%B4%8E%E5%B8%82%E4%B8%AD%E6%B3%89%E7%94%BA142-1,36.3741480,139.0008154,2024,ラーメン EAST,ramen_east,発表日：2024年12月3日
濃麺 海月,千葉県千葉市中央区要町1-4,食べログ ラーメン EAST 百名店 2024,https://tabelog.com/chiba/A1201/A120101/12033982/,,https://www.google.com/maps/search/?api=1&query=%E6%BF%83%E9%BA%BA%20%E6%B5%B7%E6%9C%88%20%E5%8D%83%E8%91%89%E7%9C%8C%E5%8D%83%E8%91%89%E5%B8%82%E4%B8%AD%E5%A4%AE%E5%8C%BA%E8%A6%81%E7%94%BA1-4,35.6157547,140.1212149,2024,ラーメン EAST,ramen_east,発表日：2024年12月3日
らーめん芝浜,群馬県桐生市相生町1-303-1,食べログ ラーメン EAST 百名店 2024,https://tabelog.com/gunma/A1002/A100201/10014488/,,https://www.google.com/maps/search/?api=1&query=%E3%82%89%E3%83%BC%E3%82%81%E3%82%93%E8%8A%9D%E6%B5%9C%20%E7%BE%A4%E9%A6%AC%E7%9C%8C%E6%A1%90%E7%94%9F%E5%B8%82%E7%9B%B8%E7%94%9F%E7%94%BA1-303-1,36.4040265,139.3167275,2024,ラーメン EAST,ramen_east,発表日：2024年12月3日
ヨコクラストアハウス,栃木県小山市横倉596-76,食べログ ラーメン EAST 百名店 2024,https://tabelog.com/tochigi/A0902/A090203/9018935/,,https://www.google.com/maps/search/?api=1&query=%E3%83%A8%E3%82%B3%E3%82%AF%E3%83%A9%E3%82%B9%E3%83%88%E3%82%A2%E3%83%8F%E3%82%A6%E3%82%B9%20%E6%A0%83%E6%9C%A8%E7%9C%8C%E5%B0%8F%E5%B1%B1%E5%B8%82%E6%A8%AA%E5%80%89596-76,36.2816241,139.8288368,2024,ラーメン EAST,ramen_east,発表日：2024年12月3日
らーめん カッパハウス,埼玉県所沢市旭町2-1,食べログ ラーメン EAST 百名店 2024,https://tabelog.com/saitama/A1106/A110601/11035922/,,https://www.google.com/maps/search/?api=1&query=%E3%82%89%E3%83%BC%E3%82%81%E3%82%93%20%E3%82%AB%E3%83%83%E3%83%91%E3%83%8F%E3%82%A6%E3%82%B9%20%E5%9F%BC%E7%8E%89%E7%9C%8C%E6%89%80%E6%B2%A2%E5%B8%82%E6%97%AD%E7%94%BA2-1,35.7894587,139.4738993,2024,ラーメン EAST,ramen_east,発表日：2024年12月3日
支那ソバ 小むろ,千葉県市川市末広1-18-13 SATOMI-4番館,食べログ ラーメン EAST 百名店 2024,https://tabelog.com/chiba/A1202/A120202/12035648/,,https://www.google.com/maps/search/?api=1&query=%E6%94%AF%E9%82%A3%E3%82%BD%E3%83%90%20%E5%B0%8F%E3%82%80%E3%82%8D%20%E5%8D%83%E8%91%89%E7%9C%8C%E5%B8%82%E5%B7%9D%E5%B8%82%E6%9C%AB%E5%BA%831-18-13%20SATOMI-4%E7%95%AA%E9%A4%A8,35.6838180,139.9180783,2024,ラーメン EAST,ramen_east,発表日：2024年12月3日
ラーメン 杉田家 千葉祐光店,千葉県千葉市中央区祐光4-17-7,食べログ ラーメン EAST 百名店 2024,https://tabelog.com/chiba/A1201/A120101/12025333/,,https://www.google.com/maps/search/?api=1&query=%E3%83%A9%E3%83%BC%E3%83%A1%E3%83%B3%20%E6%9D%89%E7%94%B0%E5%AE%B6%20%E5%8D%83%E8%91%89%E7%A5%90%E5%85%89%E5%BA%97%20%E5%8D%83%E8%91%89%E7%9C%8C%E5%8D%83%E8%91%89%E5%B8%82%E4%B8%AD%E5%A4%AE%E5%8C%BA%E7%A5%90%E5%85%894-17-7,35.6189691,140.1314872,2024,ラーメン EAST,ramen_east,発表日：2024年12月3日
手打 焔,栃木県那須塩原市上厚崎374-2,食べログ ラーメン EAST 百名店 2024,https://tabelog.com/tochigi/A0905/A090501/9011436/,,https://www.google.com/maps/search/?api=1&query=%E6%89%8B%E6%89%93%20%E7%84%94%20%E6%A0%83%E6%9C%A8%E7%9C%8C%E9%82%A3%E9%A0%88%E5%A1%A9%E5%8E%9F%E5%B8%82%E4%B8%8A%E5%8E%9A%E5%B4%8E374-2,36.9620329,140.0290367,2024,ラーメン EAST,ramen_east,発表日：2024年12月3日
次念序,埼玉県鴻巣市滝馬室214-1,食べログ ラーメン EAST 百名店 2024,https://tabelog.com/saitama/A1104/A110401/11001881/,,https://www.google.com/maps/search/?api=1&query=%E6%AC%A1%E5%BF%B5%E5%BA%8F%20%E5%9F%BC%E7%8E%89%E7%9C%8C%E9%B4%BB%E5%B7%A3%E5%B8%82%E6%BB%9D%E9%A6%AC%E5%AE%A4214-1,36.0543768,139.5103843,2024,ラーメン EAST,ramen_east,発表日：2024年12月3日
ヌードル＆スパイスカレー 今日の1番,埼玉県川口市飯塚3-2-12,食べログ ラーメン EAST 百名店 2024,https://tabelog.com/saitama/A1102/A110201/11052642/,,https://www.google.com/maps/search/?api=1&query=%E3%83%8C%E3%83%BC%E3%83%89%E3%83%AB%EF%BC%86%E3%82%B9%E3%83%91%E3%82%A4%E3%82%B9%E3%82%AB%E3%83%AC%E3%83%BC%20%E4%BB%8A%E6%97%A5%E3%81%AE1%E7%95%AA%20%E5%9F%BC%E7%8E%89%E7%9C%8C%E5%B7%9D%E5%8F%A3%E5%B8%82%E9%A3%AF%E5%A1%9A3-2-12,35.8015498,139.7106475,2024,ラーメン EAST,ramen_east,発表日：2024年12月3日
はりけんラーメン 本店,茨城県つくば市栗原2857-8,食べログ ラーメン EAST 百名店 2024,https://tabelog.com/ibaraki/A0802/A080201/8012178/,,https://www.google.com/maps/search/?api=1&query=%E3%81%AF%E3%82%8A%E3%81%91%E3%82%93%E3%83%A9%E3%83%BC%E3%83%A1%E3%83%B3%20%E6%9C%AC%E5%BA%97%20%E8%8C%A8%E5%9F%8E%E7%9C%8C%E3%81%A4%E3%81%8F%E3%81%B0%E5%B8%82%E6%A0%97%E5%8E%9F2857-8,36.1192270,140.1137531,2024,ラーメン EAST,ramen_east,発表日：2024年12月3日
手揉み中華そば 中村,埼玉県さいたま市大宮区下町1-30-3,食べログ ラーメン EAST 百名店 2024,https://tabelog.com/saitama/A1101/A110101/11053705/,,https://www.google.com/maps/search/?api=1&query=%E6%89%8B%E6%8F%89%E3%81%BF%E4%B8%AD%E8%8F%AF%E3%81%9D%E3%81%B0%20%E4%B8%AD%E6%9D%91%20%E5%9F%BC%E7%8E%89%E7%9C%8C%E3%81%95%E3%81%84%E3%81%9F%E3%81%BE%E5%B8%82%E5%A4%A7%E5%AE%AE%E5%8C%BA%E4%B8%8B%E7%94%BA1-30-3,35.9036449,139.6271576,2024,ラーメン EAST,ramen_east,発表日：2024年12月3日
青竹手打ラーメン 日向屋,栃木県佐野市免鳥町548-7,食べログ ラーメン EAST 百名店 2024,https://tabelog.com/tochigi/A0902/A090202/9009352/,,https://www.google.com/maps/search/?api=1&query=%E9%9D%92%E7%AB%B9%E6%89%8B%E6%89%93%E3%83%A9%E3%83%BC%E3%83%A1%E3%83%B3%20%E6%97%A5%E5%90%91%E5%B1%8B%20%E6%A0%83%E6%9C%A8%E7%9C%8C%E4%BD%90%E9%87%8E%E5%B8%82%E5%85%8D%E9%B3%A5%E7%94%BA548-7,36.3115665,139.5489426,2024,ラーメン EAST,ramen_east,発表日：2024年12月3日
地球の中華そば,神奈川県横浜市金沢区谷津町347 千輝ビル 101,食べログ ラーメン KANAGAWA 百名店 2024,https://tabelog.com/kanagawa/A1401/A140310/14089878/,,https://www.google.com/maps/search/?api=1&query=%E5%9C%B0%E7%90%83%E3%81%AE%E4%B8%AD%E8%8F%AF%E3%81%9D%E3%81%B0%20%E7%A5%9E%E5%A5%88%E5%B7%9D%E7%9C%8C%E6%A8%AA%E6%B5%9C%E5%B8%82%E9%87%91%E6%B2%A2%E5%8C%BA%E8%B0%B7%E6%B4%A5%E7%94%BA347%20%E5%8D%83%E8%BC%9D%E3%83%93%E3%83%AB%20101,35.3427250,139.6228114,2024,ラーメン KANAGAWA,ramen_kanagawa,発表日：2024年12月3日
煮干しらぁめん 猫トラ亭,神奈川県大和市上草柳3-19-23,食べログ ラーメン KANAGAWA 百名店 2024,https://tabelog.com/kanagawa/A1407/A140702/14056037/,,https://www.google.com/maps/search/?api=1&query=%E7%85%AE%E5%B9%B2%E3%81%97%E3%82%89%E3%81%81%E3%82%81%E3%82%93%20%E7%8C%AB%E3%83%88%E3%83%A9%E4%BA%AD%20%E7%A5%9E%E5%A5%88%E5%B7%9D%E7%9C%8C%E5%A4%A7%E5%92%8C%E5%B8%82%E4%B8%8A%E8%8D%89%E6%9F%B33-19-23,35.4780677,139.4534874,2024,ラーメン KANAGAWA,ramen_kanagawa,発表日：2024年12月3日
53'sNoodle,神奈川県藤沢市湘南台2-1-1 53田中ビル 2F,食べログ ラーメン KANAGAWA 百名店 2024,https://tabelog.com/kanagawa/A1404/A140405/14085551/,,https://www.google.com/maps/search/?api=1&query=53%27sNoodle%20%E7%A5%9E%E5%A5%88%E5%B7%9D%E7%9C%8C%E8%97%A4%E6%B2%A2%E5%B8%82%E6%B9%98%E5%8D%97%E5%8F%B02-1-1%2053%E7%94%B0%E4%B8%AD%E3%83%93%E3%83%AB%202F,35.3971054,139.4651214,2024,ラーメン KANAGAWA,ramen_kanagawa,発表日：2024年12月3日
麺屋 歩夢,神奈川県相模原市中央区淵野辺本町3-29-13,食べログ ラーメン KANAGAWA 百名店 2024,https://tabelog.com/kanagawa/A1407/A140701/14071127/,,https://www.google.com/maps/search/?api=1&query=%E9%BA%BA%E5%B1%8B%20%E6%AD%A9%E5%A4%A2%20%E7%A5%9E%E5%A5%88%E5%B7%9D%E7%9C%8C%E7%9B%B8%E6%A8%A1%E5%8E%9F%E5%B8%82%E4%B8%AD%E5%A4%AE%E5%8C%BA%E6%B7%B5%E9%87%8E%E8%BE%BA%E6%9C%AC%E7%94%BA3-29-13,35.5741044,139.4067295,2024,ラーメン KANAGAWA,ramen_kanagawa,発表日：2024年12月3日
らーめん くじら軒 横浜本店,神奈川県横浜市都筑区牛久保西1-2-10 アネックスパーク 1-B,食べログ ラーメン KANAGAWA 百名店 2024,https://tabelog.com/kanagawa/A1401/A140203/14000169/,,https://www.google.com/maps/search/?api=1&query=%E3%82%89%E3%83%BC%E3%82%81%E3%82%93%20%E3%81%8F%E3%81%98%E3%82%89%E8%BB%92%20%E6%A8%AA%E6%B5%9C%E6%9C%AC%E5%BA%97%20%E7%A5%9E%E5%A5%88%E5%B7%9D%E7%9C%8C%E6%A8%AA%E6%B5%9C%E5%B8%82%E9%83%BD%E7%AD%91%E5%8C%BA%E7%89%9B%E4%B9%85%E4%BF%9D%E8%A5%BF1-2-10%20%E3%82%A2%E3%83%8D%E3%83%83%E3%82%AF%E3%82%B9%E3%83%91%E3%83%BC%E3%82%AF%201-B,35.5586526,139.5789734,2024,ラーメン KANAGAWA,ramen_kanagawa,発表日：2024年12月3日
家系総本山 吉村家,神奈川県横浜市西区岡野1-6-4,食べログ ラーメン KANAGAWA 百名店 2024,https://tabelog.com/kanagawa/A1401/A140102/14090328/,,https://www.google.com/maps/search/?api=1&query=%E5%AE%B6%E7%B3%BB%E7%B7%8F%E6%9C%AC%E5%B1%B1%20%E5%90%89%E6%9D%91%E5%AE%B6%20%E7%A5%9E%E5%A5%88%E5%B7%9D%E7%9C%8C%E6%A8%AA%E6%B5%9C%E5%B8%82%E8%A5%BF%E5%8C%BA%E5%B2%A1%E9%87%8E1-6-4,35.4630268,139.6150827,2024,ラーメン KANAGAWA,ramen_kanagawa,発表日：2024年12月3日
ラーメン 郷,神奈川県大和市鶴間2-12-32,食べログ ラーメン KANAGAWA 百名店 2024,https://tabelog.com/kanagawa/A1407/A140702/14088100/,,https://www.google.com/maps/search/?api=1&query=%E3%83%A9%E3%83%BC%E3%83%A1%E3%83%B3%20%E9%83%B7%20%E7%A5%9E%E5%A5%88%E5%B7%9D%E7%9C%8C%E5%A4%A7%E5%92%8C%E5%B8%82%E9%B6%B4%E9%96%932-12-32,35.4911387,139.4551224,2024,ラーメン KANAGAWA,ramen_kanagawa,発表日：2024年12月3日
中華そば 笑歩,神奈川県横浜市港北区綱島西3-22-14,食べログ ラーメン KANAGAWA 百名店 2024,https://tabelog.com/kanagawa/A1401/A140204/14070233/,,https://www.google.com/maps/search/?api=1&query=%E4%B8%AD%E8%8F%AF%E3%81%9D%E3%81%B0%20%E7%AC%91%E6%AD%A9%20%E7%A5%9E%E5%A5%88%E5%B7%9D%E7%9C%8C%E6%A8%AA%E6%B5%9C%E5%B8%82%E6%B8%AF%E5%8C%97%E5%8C%BA%E7%B6%B1%E5%B3%B6%E8%A5%BF3-22-14,35.5391357,139.6277712,2024,ラーメン KANAGAWA,ramen_kanagawa,発表日：2024年12月3日
らーめん 雅楽,神奈川県横浜市青葉区新石川2-15-1,食べログ ラーメン KANAGAWA 百名店 2024,https://tabelog.com/kanagawa/A1401/A140201/14055006/,https://tabelog.com/kanagawa/A1401/A140201/14055006/?cid=google_yoyaku,https://www.google.com/maps/search/?api=1&query=%E3%82%89%E3%83%BC%E3%82%81%E3%82%93%20%E9%9B%85%E6%A5%BD%20%E7%A5%9E%E5%A5%88%E5%B7%9D%E7%9C%8C%E6%A8%AA%E6%B5%9C%E5%B8%82%E9%9D%92%E8%91%89%E5%8C%BA%E6%96%B0%E7%9F%B3%E5%B7%9D2-15-1,35.5716282,139.5550705,2024,ラーメン KANAGAWA,ramen_kanagawa,発表日：2024年12月3日
飯田商店,神奈川県足柄下郡湯河原町土肥2-12-14,食べログ ラーメン KANAGAWA 百名店 2024,https://tabelog.com/kanagawa/A1410/A141002/14038776/,,https://www.google.com/maps/search/?api=1&query=%E9%A3%AF%E7%94%B0%E5%95%86%E5%BA%97%20%E7%A5%9E%E5%A5%88%E5%B7%9D%E7%9C%8C%E8%B6%B3%E6%9F%84%E4%B8%8B%E9%83%A1%E6%B9%AF%E6%B2%B3%E5%8E%9F%E7%94%BA%E5%9C%9F%E8%82%A52-12-14,35.1446247,139.1097637,2024,ラーメン KANAGAWA,ramen_kanagawa,発表日：2024年12月3日
Sagamihara 欅,神奈川県相模原市南区相南4-1-33,食べログ ラーメン KANAGAWA 百名店 2024,https://tabelog.com/kanagawa/A1407/A140701/14068944/,,https://www.google.com/maps/search/?api=1&query=Sagamihara%20%E6%AC%85%20%E7%A5%9E%E5%A5%88%E5%B7%9D%E7%9C%8C%E7%9B%B8%E6%A8%A1%E5%8E%9F%E5%B8%82%E5%8D%97%E5%8C%BA%E7%9B%B8%E5%8D%974-1-33,35.5154016,139.4257469,2024,ラーメン KANAGAWA,ramen_kanagawa,発表日：2024年12月3日
麺屋 ぬまた,神奈川県横浜市鶴見区鶴見中央1-27-15 トモエビル,食べログ ラーメン KANAGAWA 百名店 2024,https://tabelog.com/kanagawa/A1401/A140210/14078862/,,https://www.google.com/maps/search/?api=1&query=%E9%BA%BA%E5%B1%8B%20%E3%81%AC%E3%81%BE%E3%81%9F%20%E7%A5%9E%E5%A5%88%E5%B7%9D%E7%9C%8C%E6%A8%AA%E6%B5%9C%E5%B8%82%E9%B6%B4%E8%A6%8B%E5%8C%BA%E9%B6%B4%E8%A6%8B%E4%B8%AD%E5%A4%AE1-27-15%20%E3%83%88%E3%83%A2%E3%82%A8%E3%83%93%E3%83%AB,35.5083206,139.6784169,2024,ラーメン KANAGAWA,ramen_kanagawa,発表日：2024年12月3日
まっち棒 溝の口店,神奈川県川崎市高津区溝口2-3-7 サウスウイング　１Ｆ,食べログ ラーメン KANAGAWA 百名店 2024,https://tabelog.com/kanagawa/A1405/A140505/14006090/,,https://www.google.com/maps/search/?api=1&query=%E3%81%BE%E3%81%A3%E3%81%A1%E6%A3%92%20%E6%BA%9D%E3%81%AE%E5%8F%A3%E5%BA%97%20%E7%A5%9E%E5%A5%88%E5%B7%9D%E7%9C%8C%E5%B7%9D%E5%B4%8E%E5%B8%82%E9%AB%98%E6%B4%A5%E5%8C%BA%E6%BA%9D%E5%8F%A32-3-7%20%E3%82%B5%E3%82%A6%E3%82%B9%E3%82%A6%E3%82%A4%E3%83%B3%E3%82%B0%E3%80%80%EF%BC%91%EF%BC%A6,35.5995106,139.6097299,2024,ラーメン KANAGAWA,ramen_kanagawa,発表日：2024年12月3日
ラーメン丸仙,神奈川県川崎市中原区小杉町3-66,食べログ ラーメン KANAGAWA 百名店 2024,https://tabelog.com/kanagawa/A1405/A140504/14002807/,,https://www.google.com/maps/search/?api=1&query=%E3%83%A9%E3%83%BC%E3%83%A1%E3%83%B3%E4%B8%B8%E4%BB%99%20%E7%A5%9E%E5%A5%88%E5%B7%9D%E7%9C%8C%E5%B7%9D%E5%B4%8E%E5%B8%82%E4%B8%AD%E5%8E%9F%E5%8C%BA%E5%B0%8F%E6%9D%89%E7%94%BA3-66,35.5731820,139.6570337,2024,ラーメン KANAGAWA,ramen_kanagawa,発表日：2024年12月3日
らぁめん夢,神奈川県横浜市神奈川区二ツ谷町1-21,食べログ ラーメン KANAGAWA 百名店 2024,https://tabelog.com/kanagawa/A1401/A140212/14053385/,,https://www.google.com/maps/search/?api=1&query=%E3%82%89%E3%81%81%E3%82%81%E3%82%93%E5%A4%A2%20%E7%A5%9E%E5%A5%88%E5%B7%9D%E7%9C%8C%E6%A8%AA%E6%B5%9C%E5%B8%82%E7%A5%9E%E5%A5%88%E5%B7%9D%E5%8C%BA%E4%BA%8C%E3%83%84%E8%B0%B7%E7%94%BA1-21,35.4761140,139.6307746,2024,ラーメン KANAGAWA,ramen_kanagawa,発表日：2024年12月3日
手打ち中華そば 酒田,神奈川県川崎市川崎区京町3-13-10,食べログ ラーメン KANAGAWA 百名店 2024,https://tabelog.com/kanagawa/A1405/A140502/14072941/,,https://www.google.com/maps/search/?api=1&query=%E6%89%8B%E6%89%93%E3%81%A1%E4%B8%AD%E8%8F%AF%E3%81%9D%E3%81%B0%20%E9%85%92%E7%94%B0%20%E7%A5%9E%E5%A5%88%E5%B7%9D%E7%9C%8C%E5%B7%9D%E5%B4%8E%E5%B8%82%E5%B7%9D%E5%B4%8E%E5%8C%BA%E4%BA%AC%E7%94%BA3-13-10,35.5091224,139.6982398,2024,ラーメン KANAGAWA,ramen_kanagawa,発表日：2024年12月3日
ラーメン二郎 中山駅前店,神奈川県横浜市緑区台村町309-1 土井ビル 1F,食べログ ラーメン KANAGAWA 百名店 2024,https://tabelog.com/kanagawa/A1401/A140207/14038422/,,https://www.google.com/maps/search/?api=1&query=%E3%83%A9%E3%83%BC%E3%83%A1%E3%83%B3%E4%BA%8C%E9%83%8E%20%E4%B8%AD%E5%B1%B1%E9%A7%85%E5%89%8D%E5%BA%97%20%E7%A5%9E%E5%A5%88%E5%B7%9D%E7%9C%8C%E6%A8%AA%E6%B5%9C%E5%B8%82%E7%B7%91%E5%8C%BA%E5%8F%B0%E6%9D%91%E7%94%BA309-1%20%E5%9C%9F%E4%BA%95%E3%83%93%E3%83%AB%201F,35.5130773,139.5386580,2024,ラーメン KANAGAWA,ramen_kanagawa,発表日：2024年12月3日
白河手打中華そば こすが,神奈川県横浜市青葉区新石川1-19-4,食べログ ラーメン KANAGAWA 百名店 2024,https://tabelog.com/kanagawa/A1401/A140201/14085710/,,https://www.google.com/maps/search/?api=1&query=%E7%99%BD%E6%B2%B3%E6%89%8B%E6%89%93%E4%B8%AD%E8%8F%AF%E3%81%9D%E3%81%B0%20%E3%81%93%E3%81%99%E3%81%8C%20%E7%A5%9E%E5%A5%88%E5%B7%9D%E7%9C%8C%E6%A8%AA%E6%B5%9C%E5%B8%82%E9%9D%92%E8%91%89%E5%8C%BA%E6%96%B0%E7%9F%B3%E5%B7%9D1-19-4,35.5684562,139.5561121,2024,ラーメン KANAGAWA,ramen_kanagawa,発表日：2024年12月3日
家系ラーメン クックら,神奈川県相模原市南区相模大野5-27-5 ショウ・ハウジング 2F,食べログ ラーメン KANAGAWA 百名店 2024,https://tabelog.com/kanagawa/A1407/A140701/14068809/,,https://www.google.com/maps/search/?api=1&query=%E5%AE%B6%E7%B3%BB%E3%83%A9%E3%83%BC%E3%83%A1%E3%83%B3%20%E3%82%AF%E3%83%83%E3%82%AF%E3%82%89%20%E7%A5%9E%E5%A5%88%E5%B7%9D%E7%9C%8C%E7%9B%B8%E6%A8%A1%E5%8E%9F%E5%B8%82%E5%8D%97%E5%8C%BA%E7%9B%B8%E6%A8%A1%E5%A4%A7%E9%87%8E5-27-5%20%E3%82%B7%E3%83%A7%E3%82%A6%E3%83%BB%E3%83%8F%E3%82%A6%E3%82%B8%E3%83%B3%E3%82%B0%202F,35.5321593,139.4328497,2024,ラーメン KANAGAWA,ramen_kanagawa,発表日：2024年12月3日
麺庭つむぎ,神奈川県大和市南林間2-3-5,食べログ ラーメン KANAGAWA 百名店 2024,https://tabelog.com/kanagawa/A1407/A140702/14090776/,,https://www.google.com/maps/search/?api=1&query=%E9%BA%BA%E5%BA%AD%E3%81%A4%E3%82%80%E3%81%8E%20%E7%A5%9E%E5%A5%88%E5%B7%9D%E7%9C%8C%E5%A4%A7%E5%92%8C%E5%B8%82%E5%8D%97%E6%9E%97%E9%96%932-3-5,35.4969536,139.4465498,2024,ラーメン KANAGAWA,ramen_kanagawa,発表日：2024年12月3日
寿々喜家 曙町店,神奈川県横浜市中区曙町3-42-5,食べログ ラーメン KANAGAWA 百名店 2024,https://tabelog.com/kanagawa/A1401/A140306/14062589/,,https://www.google.com/maps/search/?api=1&query=%E5%AF%BF%E3%80%85%E5%96%9C%E5%AE%B6%20%E6%9B%99%E7%94%BA%E5%BA%97%20%E7%A5%9E%E5%A5%88%E5%B7%9D%E7%9C%8C%E6%A8%AA%E6%B5%9C%E5%B8%82%E4%B8%AD%E5%8C%BA%E6%9B%99%E7%94%BA3-42-5,35.4395511,139.6276135,2024,ラーメン KANAGAWA,ramen_kanagawa,発表日：2024年12月3日
ShiNaChiKu亭,神奈川県横浜市神奈川区反町2-15-14 ヒルトップ反町,食べログ ラーメン KANAGAWA 百名店 2024,https://tabelog.com/kanagawa/A1401/A140205/14002008/,,https://www.google.com/maps/search/?api=1&query=ShiNaChiKu%E4%BA%AD%20%E7%A5%9E%E5%A5%88%E5%B7%9D%E7%9C%8C%E6%A8%AA%E6%B5%9C%E5%B8%82%E7%A5%9E%E5%A5%88%E5%B7%9D%E5%8C%BA%E5%8F%8D%E7%94%BA2-15-14%20%E3%83%92%E3%83%AB%E3%83%88%E3%83%83%E3%83%97%E5%8F%8D%E7%94%BA,35.4761163,139.6275900,2024,ラーメン KANAGAWA,ramen_kanagawa,発表日：2024年12月3日
ラーメン二郎 相模大野店,神奈川県相模原市南区相模大野6-14-9,食べログ ラーメン KANAGAWA 百名店 2024,https://tabelog.com/kanagawa/A1407/A140701/14000839/,,https://www.google.com/maps/search/?api=1&query=%E3%83%A9%E3%83%BC%E3%83%A1%E3%83%B3%E4%BA%8C%E9%83%8E%20%E7%9B%B8%E6%A8%A1%E5%A4%A7%E9%87%8E%E5%BA%97%20%E7%A5%9E%E5%A5%88%E5%B7%9D%E7%9C%8C%E7%9B%B8%E6%A8%A1%E5%8E%9F%E5%B8%82%E5%8D%97%E5%8C%BA%E7%9B%B8%E6%A8%A1%E5%A4%A7%E9%87%8E6-14-9,35.5299915,139.4328699,2024,ラーメン KANAGAWA,ramen_kanagawa,発表日：2024年12月3日
くり山,神奈川県横浜市神奈川区六角橋1-17-29,食べログ ラーメン KANAGAWA 百名店 2024,https://tabelog.com/kanagawa/A1401/A140205/14012001/,,https://www.google.com/maps/search/?api=1&query=%E3%81%8F%E3%82%8A%E5%B1%B1%20%E7%A5%9E%E5%A5%88%E5%B7%9D%E7%9C%8C%E6%A8%AA%E6%B5%9C%E5%B8%82%E7%A5%9E%E5%A5%88%E5%B7%9D%E5%8C%BA%E5%85%AD%E8%A7%92%E6%A9%8B1-17-29,35.4889371,139.6247043,2024,ラーメン KANAGAWA,ramen_kanagawa,発表日：2024年12月3日
啜磨専科,神奈川県横浜市港南区上大岡西2-14-15,食べログ ラーメン KANAGAWA 百名店 2024,https://tabelog.com/kanagawa/A1401/A140307/14043755/,,https://www.google.com/maps/search/?api=1&query=%E5%95%9C%E7%A3%A8%E5%B0%82%E7%A7%91%20%E7%A5%9E%E5%A5%88%E5%B7%9D%E7%9C%8C%E6%A8%AA%E6%B5%9C%E5%B8%82%E6%B8%AF%E5%8D%97%E5%8C%BA%E4%B8%8A%E5%A4%A7%E5%B2%A1%E8%A5%BF2-14-15,35.4042784,139.5937334,2024,ラーメン KANAGAWA,ramen_kanagawa,発表日：2024年12月3日
めん処 樹,神奈川県横浜市保土ケ谷区天王町1-32-17,食べログ ラーメン KANAGAWA 百名店 2024,https://tabelog.com/kanagawa/A1401/A140301/14009887/,,https://www.google.com/maps/search/?api=1&query=%E3%82%81%E3%82%93%E5%87%A6%20%E6%A8%B9%20%E7%A5%9E%E5%A5%88%E5%B7%9D%E7%9C%8C%E6%A8%AA%E6%B5%9C%E5%B8%82%E4%BF%9D%E5%9C%9F%E3%82%B1%E8%B0%B7%E5%8C%BA%E5%A4%A9%E7%8E%8B%E7%94%BA1-32-17,35.4576587,139.6001849,2024,ラーメン KANAGAWA,ramen_kanagawa,発表日：2024年12月3日
ラーメン二郎 生田駅前店,神奈川県川崎市多摩区生田8-1-15,食べログ ラーメン KANAGAWA 百名店 2024,https://tabelog.com/kanagawa/A1405/A140506/14091118/,,https://www.google.com/maps/search/?api=1&query=%E3%83%A9%E3%83%BC%E3%83%A1%E3%83%B3%E4%BA%8C%E9%83%8E%20%E7%94%9F%E7%94%B0%E9%A7%85%E5%89%8D%E5%BA%97%20%E7%A5%9E%E5%A5%88%E5%B7%9D%E7%9C%8C%E5%B7%9D%E5%B4%8E%E5%B8%82%E5%A4%9A%E6%91%A9%E5%8C%BA%E7%94%9F%E7%94%B08-1-15,35.6154967,139.5454517,2024,ラーメン KANAGAWA,ramen_kanagawa,発表日：2024年12月3日
横濱家系ラーメン 勝鬨家,神奈川県横浜市中区長者町2-5-4,食べログ ラーメン KANAGAWA 百名店 2024,https://tabelog.com/kanagawa/A1401/A140104/14064625/,,https://www.google.com/maps/search/?api=1&query=%E6%A8%AA%E6%BF%B1%E5%AE%B6%E7%B3%BB%E3%83%A9%E3%83%BC%E3%83%A1%E3%83%B3%20%E5%8B%9D%E9%AC%A8%E5%AE%B6%20%E7%A5%9E%E5%A5%88%E5%B7%9D%E7%9C%8C%E6%A8%AA%E6%B5%9C%E5%B8%82%E4%B8%AD%E5%8C%BA%E9%95%B7%E8%80%85%E7%94%BA2-5-4,35.4387341,139.6355909,2024,ラーメン KANAGAWA,ramen_kanagawa,発表日：2024年12月3日
トーキョー ベイ フィッシャーマンズ ヌードル,神奈川県横須賀市森崎2-11-13,食べログ ラーメン KANAGAWA 百名店 2024,https://tabelog.com/kanagawa/A1406/A140601/14079528/,,https://www.google.com/maps/search/?api=1&query=%E3%83%88%E3%83%BC%E3%82%AD%E3%83%A7%E3%83%BC%20%E3%83%99%E3%82%A4%20%E3%83%95%E3%82%A3%E3%83%83%E3%82%B7%E3%83%A3%E3%83%BC%E3%83%9E%E3%83%B3%E3%82%BA%20%E3%83%8C%E3%83%BC%E3%83%89%E3%83%AB%20%E7%A5%9E%E5%A5%88%E5%B7%9D%E7%9C%8C%E6%A8%AA%E9%A0%88%E8%B3%80%E5%B8%82%E6%A3%AE%E5%B4%8E2-11-13,35.2495066,139.6797986,2024,ラーメン KANAGAWA,ramen_kanagawa,発表日：2024年12月3日
麺場 浜虎,神奈川県横浜市神奈川区鶴屋町2-12-1 鶴屋町第二ビル　１Ｆ,食べログ ラーメン KANAGAWA 百名店 2024,https://tabelog.com/kanagawa/A1401/A140101/14000361/,,https://www.google.com/maps/search/?api=1&query=%E9%BA%BA%E5%A0%B4%20%E6%B5%9C%E8%99%8E%20%E7%A5%9E%E5%A5%88%E5%B7%9D%E7%9C%8C%E6%A8%AA%E6%B5%9C%E5%B8%82%E7%A5%9E%E5%A5%88%E5%B7%9D%E5%8C%BA%E9%B6%B4%E5%B1%8B%E7%94%BA2-12-1%20%E9%B6%B4%E5%B1%8B%E7%94%BA%E7%AC%AC%E4%BA%8C%E3%83%93%E3%83%AB%E3%80%80%EF%BC%91%EF%BC%A6,35.4688695,139.6231194,2024,ラーメン KANAGAWA,ramen_kanagawa,発表日：2024年12月3日
うまいヨゆうちゃんラーメン,神奈川県大和市上草柳3-15-15,食べログ ラーメン KANAGAWA 百名店 2024,https://tabelog.com/kanagawa/A1407/A140702/14057313/,,https://www.google.com/maps/search/?api=1&query=%E3%81%86%E3%81%BE%E3%81%84%E3%83%A8%E3%82%86%E3%81%86%E3%81%A1%E3%82%83%E3%82%93%E3%83%A9%E3%83%BC%E3%83%A1%E3%83%B3%20%E7%A5%9E%E5%A5%88%E5%B7%9D%E7%9C%8C%E5%A4%A7%E5%92%8C%E5%B8%82%E4%B8%8A%E8%8D%89%E6%9F%B33-15-15,35.4763627,139.4543204,2024,ラーメン KANAGAWA,ramen_kanagawa,発表日：2024年12月3日
鮮魚鶏出汁麺 沢むら,神奈川県藤沢市大鋸999-8,食べログ ラーメン KANAGAWA 百名店 2024,https://tabelog.com/kanagawa/A1404/A140404/14063346/,,https://www.google.com/maps/search/?api=1&query=%E9%AE%AE%E9%AD%9A%E9%B6%8F%E5%87%BA%E6%B1%81%E9%BA%BA%20%E6%B2%A2%E3%82%80%E3%82%89%20%E7%A5%9E%E5%A5%88%E5%B7%9D%E7%9C%8C%E8%97%A4%E6%B2%A2%E5%B8%82%E5%A4%A7%E9%8B%B8999-8,35.3498270,139.4940179,2024,ラーメン KANAGAWA,ramen_kanagawa,発表日：2024年12月3日
ラーメン フリーバーズ,神奈川県横浜市栄区桂町181-12,食べログ ラーメン KANAGAWA 百名店 2024,https://tabelog.com/kanagawa/A1401/A140309/14072025/,,https://www.google.com/maps/search/?api=1&query=%E3%83%A9%E3%83%BC%E3%83%A1%E3%83%B3%20%E3%83%95%E3%83%AA%E3%83%BC%E3%83%90%E3%83%BC%E3%82%BA%20%E7%A5%9E%E5%A5%88%E5%B7%9D%E7%9C%8C%E6%A8%AA%E6%B5%9C%E5%B8%82%E6%A0%84%E5%8C%BA%E6%A1%82%E7%94%BA181-12,35.3616260,139.5494427,2024,ラーメン KANAGAWA,ramen_kanagawa,発表日：2024年12月3日
らぁ麺 すぎ本,神奈川県横浜市青葉区桜台26-1 第3アサキビル 1F,食べログ ラーメン KANAGAWA 百名店 2024,https://tabelog.com/kanagawa/A1401/A140202/14080372/,,https://www.google.com/maps/search/?api=1&query=%E3%82%89%E3%81%81%E9%BA%BA%20%E3%81%99%E3%81%8E%E6%9C%AC%20%E7%A5%9E%E5%A5%88%E5%B7%9D%E7%9C%8C%E6%A8%AA%E6%B5%9C%E5%B8%82%E9%9D%92%E8%91%89%E5%8C%BA%E6%A1%9C%E5%8F%B026-1%20%E7%AC%AC3%E3%82%A2%E3%82%B5%E3%82%AD%E3%83%93%E3%83%AB%201F,35.5503030,139.5153370,2024,ラーメン KANAGAWA,ramen_kanagawa,発表日：2024年12月3日
つけめん 玉,神奈川県川崎市川崎区追分町6-12,食べログ ラーメン KANAGAWA 百名店 2024,https://tabelog.com/kanagawa/A1405/A140502/14013437/,,https://www.google.com/maps/search/?api=1&query=%E3%81%A4%E3%81%91%E3%82%81%E3%82%93%20%E7%8E%89%20%E7%A5%9E%E5%A5%88%E5%B7%9D%E7%9C%8C%E5%B7%9D%E5%B4%8E%E5%B8%82%E5%B7%9D%E5%B4%8E%E5%8C%BA%E8%BF%BD%E5%88%86%E7%94%BA6-12,35.5193367,139.7159689,2024,ラーメン KANAGAWA,ramen_kanagawa,発表日：2024年12月3日
ラーメン 末廣家,神奈川県横浜市神奈川区六角橋1-14-7,食べログ ラーメン KANAGAWA 百名店 2024,https://tabelog.com/kanagawa/A1401/A140205/14051496/,,https://www.google.com/maps/search/?api=1&query=%E3%83%A9%E3%83%BC%E3%83%A1%E3%83%B3%20%E6%9C%AB%E5%BB%A3%E5%AE%B6%20%E7%A5%9E%E5%A5%88%E5%B7%9D%E7%9C%8C%E6%A8%AA%E6%B5%9C%E5%B8%82%E7%A5%9E%E5%A5%88%E5%B7%9D%E5%8C%BA%E5%85%AD%E8%A7%92%E6%A9%8B1-14-7,35.4880410,139.6247533,2024,ラーメン KANAGAWA,ramen_kanagawa,発表日：2024年12月3日
自家製麺 二丁目ラーメン,神奈川県相模原市緑区橋本2-2-13,食べログ ラーメン KANAGAWA 百名店 2024,https://tabelog.com/kanagawa/A1407/A140701/14088226/,,https://www.google.com/maps/search/?api=1&query=%E8%87%AA%E5%AE%B6%E8%A3%BD%E9%BA%BA%20%E4%BA%8C%E4%B8%81%E7%9B%AE%E3%83%A9%E3%83%BC%E3%83%A1%E3%83%B3%20%E7%A5%9E%E5%A5%88%E5%B7%9D%E7%9C%8C%E7%9B%B8%E6%A8%A1%E5%8E%9F%E5%B8%82%E7%B7%91%E5%8C%BA%E6%A9%8B%E6%9C%AC2-2-13,35.5952283,139.3420514,2024,ラーメン KANAGAWA,ramen_kanagawa,発表日：2024年12月3日
寿々喜家 本店,神奈川県横浜市保土ケ谷区上星川2-3-1 1F,食べログ ラーメン KANAGAWA 百名店 2024,https://tabelog.com/kanagawa/A1401/A140302/14000063/,,https://www.google.com/maps/search/?api=1&query=%E5%AF%BF%E3%80%85%E5%96%9C%E5%AE%B6%20%E6%9C%AC%E5%BA%97%20%E7%A5%9E%E5%A5%88%E5%B7%9D%E7%9C%8C%E6%A8%AA%E6%B5%9C%E5%B8%82%E4%BF%9D%E5%9C%9F%E3%82%B1%E8%B0%B7%E5%8C%BA%E4%B8%8A%E6%98%9F%E5%B7%9D2-3-1%201F,35.4712357,139.5761367,2024,ラーメン KANAGAWA,ramen_kanagawa,発表日：2024年12月3日
厚木本丸亭,神奈川県厚木市幸町4-10,食べログ ラーメン KANAGAWA 百名店 2024,https://tabelog.com/kanagawa/A1408/A140802/14000181/,,https://www.google.com/maps/search/?api=1&query=%E5%8E%9A%E6%9C%A8%E6%9C%AC%E4%B8%B8%E4%BA%AD%20%E7%A5%9E%E5%A5%88%E5%B7%9D%E7%9C%8C%E5%8E%9A%E6%9C%A8%E5%B8%82%E5%B9%B8%E7%94%BA4-10,35.4396794,139.3705927,2024,ラーメン KANAGAWA,ramen_kanagawa,発表日：2024年12月3日
らーめん森や。,神奈川県横浜市栄区長沼町339 二本松ハイツ 105,食べログ ラーメン KANAGAWA 百名店 2024,https://tabelog.com/kanagawa/A1401/A140309/14055421/,,https://www.google.com/maps/search/?api=1&query=%E3%82%89%E3%83%BC%E3%82%81%E3%82%93%E6%A3%AE%E3%82%84%E3%80%82%20%E7%A5%9E%E5%A5%88%E5%B7%9D%E7%9C%8C%E6%A8%AA%E6%B5%9C%E5%B8%82%E6%A0%84%E5%8C%BA%E9%95%B7%E6%B2%BC%E7%94%BA339%20%E4%BA%8C%E6%9C%AC%E6%9D%BE%E3%83%8F%E3%82%A4%E3%83%84%20105,35.3792136,139.5379204,2024,ラーメン KANAGAWA,ramen_kanagawa,発表日：2024年12月3日
雪ぐに,神奈川県横浜市泉区中田東2-6-13,食べログ ラーメン KANAGAWA 百名店 2024,https://tabelog.com/kanagawa/A1401/A140304/14082640/,,https://www.google.com/maps/search/?api=1&query=%E9%9B%AA%E3%81%90%E3%81%AB%20%E7%A5%9E%E5%A5%88%E5%B7%9D%E7%9C%8C%E6%A8%AA%E6%B5%9C%E5%B8%82%E6%B3%89%E5%8C%BA%E4%B8%AD%E7%94%B0%E6%9D%B12-6-13,35.4124351,139.5125034,2024,ラーメン KANAGAWA,ramen_kanagawa,発表日：2024年12月3日
豚星。,神奈川県川崎市中原区木月4-5-20 1F,食べログ ラーメン KANAGAWA 百名店 2024,https://tabelog.com/kanagawa/A1405/A140504/14058333/,,https://www.google.com/maps/search/?api=1&query=%E8%B1%9A%E6%98%9F%E3%80%82%20%E7%A5%9E%E5%A5%88%E5%B7%9D%E7%9C%8C%E5%B7%9D%E5%B4%8E%E5%B8%82%E4%B8%AD%E5%8E%9F%E5%8C%BA%E6%9C%A8%E6%9C%884-5-20%201F,35.5599166,139.6543843,2024,ラーメン KANAGAWA,ramen_kanagawa,発表日：2024年12月3日
拉麺大公,神奈川県横浜市南区南太田1-8-24,食べログ ラーメン KANAGAWA 百名店 2024,https://tabelog.com/kanagawa/A1401/A140306/14050344/,,https://www.google.com/maps/search/?api=1&query=%E6%8B%89%E9%BA%BA%E5%A4%A7%E5%85%AC%20%E7%A5%9E%E5%A5%88%E5%B7%9D%E7%9C%8C%E6%A8%AA%E6%B5%9C%E5%B8%82%E5%8D%97%E5%8C%BA%E5%8D%97%E5%A4%AA%E7%94%B01-8-24,35.4367050,139.6144527,2024,ラーメン KANAGAWA,ramen_kanagawa,発表日：2024年12月3日
G麺７,神奈川県横浜市港南区上大岡西3-10-6,食べログ ラーメン KANAGAWA 百名店 2024,https://tabelog.com/kanagawa/A1401/A140307/14015182/,,https://www.google.com/maps/search/?api=1&query=G%E9%BA%BA%EF%BC%97%20%E7%A5%9E%E5%A5%88%E5%B7%9D%E7%9C%8C%E6%A8%AA%E6%B5%9C%E5%B8%82%E6%B8%AF%E5%8D%97%E5%8C%BA%E4%B8%8A%E5%A4%A7%E5%B2%A1%E8%A5%BF3-10-6,35.4035615,139.5976689,2024,ラーメン KANAGAWA,ramen_kanagawa,発表日：2024年12月3日
中華蕎麦 時雨 伊勢佐木長者町本店,神奈川県横浜市中区不老町2-10-5 三陣ビル 1F,食べログ ラーメン KANAGAWA 百名店 2024,https://tabelog.com/kanagawa/A1401/A140104/14067138/,,https://www.google.com/maps/search/?api=1&query=%E4%B8%AD%E8%8F%AF%E8%95%8E%E9%BA%A6%20%E6%99%82%E9%9B%A8%20%E4%BC%8A%E5%8B%A2%E4%BD%90%E6%9C%A8%E9%95%B7%E8%80%85%E7%94%BA%E6%9C%AC%E5%BA%97%20%E7%A5%9E%E5%A5%88%E5%B7%9D%E7%9C%8C%E6%A8%AA%E6%B5%9C%E5%B8%82%E4%B8%AD%E5%8C%BA%E4%B8%8D%E8%80%81%E7%94%BA2-10-5%20%E4%B8%89%E9%99%A3%E3%83%93%E3%83%AB%201F,35.4415046,139.6351757,2024,ラーメン KANAGAWA,ramen_kanagawa,発表日：2024年12月3日
麺や でこ,神奈川県川崎市中原区小杉町1-520-6,食べログ ラーメン KANAGAWA 百名店 2024,https://tabelog.com/kanagawa/A1405/A140504/14054555/,,https://www.google.com/maps/search/?api=1&query=%E9%BA%BA%E3%82%84%20%E3%81%A7%E3%81%93%20%E7%A5%9E%E5%A5%88%E5%B7%9D%E7%9C%8C%E5%B7%9D%E5%B4%8E%E5%B8%82%E4%B8%AD%E5%8E%9F%E5%8C%BA%E5%B0%8F%E6%9D%89%E7%94%BA1-520-6,35.5797346,139.6595162,2024,ラーメン KANAGAWA,ramen_kanagawa,発表日：2024年12月3日
KITCHEN TAKANO,神奈川県横浜市神奈川区大口通11-5,食べログ ラーメン KANAGAWA 百名店 2024,https://tabelog.com/kanagawa/A1401/A140211/14085368/,,https://www.google.com/maps/search/?api=1&query=KITCHEN%20TAKANO%20%E7%A5%9E%E5%A5%88%E5%B7%9D%E7%9C%8C%E6%A8%AA%E6%B5%9C%E5%B8%82%E7%A5%9E%E5%A5%88%E5%B7%9D%E5%8C%BA%E5%A4%A7%E5%8F%A3%E9%80%9A11-5,35.4906243,139.6447586,2024,ラーメン KANAGAWA,ramen_kanagawa,発表日：2024年12月3日
横浜中華そば 維新商店 本店,神奈川県横浜市西区北幸2-10-21 横浜太陽ビル 1F,食べログ ラーメン KANAGAWA 百名店 2024,https://tabelog.com/kanagawa/A1401/A140102/14051850/,,https://www.google.com/maps/search/?api=1&query=%E6%A8%AA%E6%B5%9C%E4%B8%AD%E8%8F%AF%E3%81%9D%E3%81%B0%20%E7%B6%AD%E6%96%B0%E5%95%86%E5%BA%97%20%E6%9C%AC%E5%BA%97%20%E7%A5%9E%E5%A5%88%E5%B7%9D%E7%9C%8C%E6%A8%AA%E6%B5%9C%E5%B8%82%E8%A5%BF%E5%8C%BA%E5%8C%97%E5%B9%B82-10-21%20%E6%A8%AA%E6%B5%9C%E5%A4%AA%E9%99%BD%E3%83%93%E3%83%AB%201F,35.4654848,139.6143502,2024,ラーメン KANAGAWA,ramen_kanagawa,発表日：2024年12月3日
煮干しらーめん 田中にぼる,神奈川県川崎市高津区末長4-25-3,食べログ ラーメン KANAGAWA 百名店 2024,https://tabelog.com/kanagawa/A1405/A140504/14083610/,,https://www.google.com/maps/search/?api=1&query=%E7%85%AE%E5%B9%B2%E3%81%97%E3%82%89%E3%83%BC%E3%82%81%E3%82%93%20%E7%94%B0%E4%B8%AD%E3%81%AB%E3%81%BC%E3%82%8B%20%E7%A5%9E%E5%A5%88%E5%B7%9D%E7%9C%8C%E5%B7%9D%E5%B4%8E%E5%B8%82%E9%AB%98%E6%B4%A5%E5%8C%BA%E6%9C%AB%E9%95%B74-25-3,35.5886612,139.6269868,2024,ラーメン KANAGAWA,ramen_kanagawa,発表日：2024年12月3日
らー麺土俵 鶴嶺峰,神奈川県横浜市鶴見区鶴見中央4-25-6 1Ｆ,食べログ ラーメン KANAGAWA 百名店 2024,https://tabelog.com/kanagawa/A1401/A140210/14048930/,,https://www.google.com/maps/search/?api=1&query=%E3%82%89%E3%83%BC%E9%BA%BA%E5%9C%9F%E4%BF%B5%20%E9%B6%B4%E5%B6%BA%E5%B3%B0%20%E7%A5%9E%E5%A5%88%E5%B7%9D%E7%9C%8C%E6%A8%AA%E6%B5%9C%E5%B8%82%E9%B6%B4%E8%A6%8B%E5%8C%BA%E9%B6%B4%E8%A6%8B%E4%B8%AD%E5%A4%AE4-25-6%201%EF%BC%A6,35.5074693,139.6796349,2024,ラーメン KANAGAWA,ramen_kanagawa,発表日：2024年12月3日
麺処 懐や,神奈川県川崎市宮前区鷺沼3-3-12,食べログ ラーメン KANAGAWA 百名店 2024,https://tabelog.com/kanagawa/A1405/A140507/14049709/,,https://www.google.com/maps/search/?api=1&query=%E9%BA%BA%E5%87%A6%20%E6%87%90%E3%82%84%20%E7%A5%9E%E5%A5%88%E5%B7%9D%E7%9C%8C%E5%B7%9D%E5%B4%8E%E5%B8%82%E5%AE%AE%E5%89%8D%E5%8C%BA%E9%B7%BA%E6%B2%BC3-3-12,35.5796727,139.5716868,2024,ラーメン KANAGAWA,ramen_kanagawa,発表日：2024年12月3日
ラーメン星印,神奈川県横浜市神奈川区反町1-3-4 ルミノ反町 1F,食べログ ラーメン KANAGAWA 百名店 2024,https://tabelog.com/kanagawa/A1401/A140205/14054005/,,https://www.google.com/maps/search/?api=1&query=%E3%83%A9%E3%83%BC%E3%83%A1%E3%83%B3%E6%98%9F%E5%8D%B0%20%E7%A5%9E%E5%A5%88%E5%B7%9D%E7%9C%8C%E6%A8%AA%E6%B5%9C%E5%B8%82%E7%A5%9E%E5%A5%88%E5%B7%9D%E5%8C%BA%E5%8F%8D%E7%94%BA1-3-4%20%E3%83%AB%E3%83%9F%E3%83%8E%E5%8F%8D%E7%94%BA%201F,35.4740821,139.6281047,2024,ラーメン KANAGAWA,ramen_kanagawa,発表日：2024年12月3日
らぁめん鴇,神奈川県藤沢市藤沢1034,食べログ ラーメン KANAGAWA 百名店 2024,https://tabelog.com/kanagawa/A1404/A140404/14059192/,,https://www.google.com/maps/search/?api=1&query=%E3%82%89%E3%81%81%E3%82%81%E3%82%93%E9%B4%87%20%E7%A5%9E%E5%A5%88%E5%B7%9D%E7%9C%8C%E8%97%A4%E6%B2%A2%E5%B8%82%E8%97%A4%E6%B2%A21034,35.3390918,139.4814727,2024,ラーメン KANAGAWA,ramen_kanagawa,発表日：2024年12月3日
バロンヌードル,神奈川県横浜市西区岡野1-9-12 加藤ビル 2F,食べログ ラーメン KANAGAWA 百名店 2024,https://tabelog.com/kanagawa/A1401/A140102/14086339/,,https://www.google.com/maps/search/?api=1&query=%E3%83%90%E3%83%AD%E3%83%B3%E3%83%8C%E3%83%BC%E3%83%89%E3%83%AB%20%E7%A5%9E%E5%A5%88%E5%B7%9D%E7%9C%8C%E6%A8%AA%E6%B5%9C%E5%B8%82%E8%A5%BF%E5%8C%BA%E5%B2%A1%E9%87%8E1-9-12%20%E5%8A%A0%E8%97%A4%E3%83%93%E3%83%AB%202F,35.4627127,139.6165414,2024,ラーメン KANAGAWA,ramen_kanagawa,発表日：2024年12月3日
らーめん 藁,神奈川県茅ヶ崎市代官町5-1,食べログ ラーメン KANAGAWA 百名店 2024,https://tabelog.com/kanagawa/A1404/A140404/14087347/,,https://www.google.com/maps/search/?api=1&query=%E3%82%89%E3%83%BC%E3%82%81%E3%82%93%20%E8%97%81%20%E7%A5%9E%E5%A5%88%E5%B7%9D%E7%9C%8C%E8%8C%85%E3%83%B6%E5%B4%8E%E5%B8%82%E4%BB%A3%E5%AE%98%E7%94%BA5-1,35.3388084,139.4346045,2024,ラーメン KANAGAWA,ramen_kanagawa,発表日：2024年12月3日
川の先の上,神奈川県横浜市港南区大久保1-15-36 第1ミツワセンター 2F,食べログ ラーメン KANAGAWA 百名店 2024,https://tabelog.com/kanagawa/A1401/A140307/14075882/,,https://www.google.com/maps/search/?api=1&query=%E5%B7%9D%E3%81%AE%E5%85%88%E3%81%AE%E4%B8%8A%20%E7%A5%9E%E5%A5%88%E5%B7%9D%E7%9C%8C%E6%A8%AA%E6%B5%9C%E5%B8%82%E6%B8%AF%E5%8D%97%E5%8C%BA%E5%A4%A7%E4%B9%85%E4%BF%9D1-15-36%20%E7%AC%AC1%E3%83%9F%E3%83%84%E3%83%AF%E3%82%BB%E3%83%B3%E3%82%BF%E3%83%BC%202F,35.4090696,139.5934810,2024,ラーメン KANAGAWA,ramen_kanagawa,発表日：2024年12月3日
横浜ラーメン 真砂家,神奈川県横浜市中区真砂町3-33 セルテ 6F 関内ラーメン横丁内,食べログ ラーメン KANAGAWA 百名店 2024,https://tabelog.com/kanagawa/A1401/A140104/14081395/,,https://www.google.com/maps/search/?api=1&query=%E6%A8%AA%E6%B5%9C%E3%83%A9%E3%83%BC%E3%83%A1%E3%83%B3%20%E7%9C%9F%E7%A0%82%E5%AE%B6%20%E7%A5%9E%E5%A5%88%E5%B7%9D%E7%9C%8C%E6%A8%AA%E6%B5%9C%E5%B8%82%E4%B8%AD%E5%8C%BA%E7%9C%9F%E7%A0%82%E7%94%BA3-33%20%E3%82%BB%E3%83%AB%E3%83%86%206F%20%E9%96%A2%E5%86%85%E3%83%A9%E3%83%BC%E3%83%A1%E3%83%B3%E6%A8%AA%E4%B8%81%E5%86%85,35.4449969,139.6357548,2024,ラーメン KANAGAWA,ramen_kanagawa,発表日：2024年12月3日
櫻井中華そば店,神奈川県横浜市保土ケ谷区岩井町53 稲村ビル 1F,食べログ ラーメン KANAGAWA 百名店 2024,https://tabelog.com/kanagawa/A1401/A140301/14068897/,,https://www.google.com/maps/search/?api=1&query=%E6%AB%BB%E4%BA%95%E4%B8%AD%E8%8F%AF%E3%81%9D%E3%81%B0%E5%BA%97%20%E7%A5%9E%E5%A5%88%E5%B7%9D%E7%9C%8C%E6%A8%AA%E6%B5%9C%E5%B8%82%E4%BF%9D%E5%9C%9F%E3%82%B1%E8%B0%B7%E5%8C%BA%E5%B2%A9%E4%BA%95%E7%94%BA53%20%E7%A8%B2%E6%9D%91%E3%83%93%E3%83%AB%201F,35.4453964,139.5985000,2024,ラーメン KANAGAWA,ramen_kanagawa,発表日：2024年12月3日
大勝軒 淵野辺店,神奈川県相模原市中央区淵野辺2-6-24,食べログ ラーメン KANAGAWA 百名店 2024,https://tabelog.com/kanagawa/A1407/A140701/14000842/,,https://www.google.com/maps/search/?api=1&query=%E5%A4%A7%E5%8B%9D%E8%BB%92%20%E6%B7%B5%E9%87%8E%E8%BE%BA%E5%BA%97%20%E7%A5%9E%E5%A5%88%E5%B7%9D%E7%9C%8C%E7%9B%B8%E6%A8%A1%E5%8E%9F%E5%B8%82%E4%B8%AD%E5%A4%AE%E5%8C%BA%E6%B7%B5%E9%87%8E%E8%BE%BA2-6-24,35.5729073,139.3929485,2024,ラーメン KANAGAWA,ramen_kanagawa,発表日：2024年12月3日
弘明寺丿貫,神奈川県横浜市南区通町4-111,食べログ ラーメン KANAGAWA 百名店 2024,https://tabelog.com/kanagawa/A1401/A140306/14068127/,,https://www.google.com/maps/search/?api=1&query=%E5%BC%98%E6%98%8E%E5%AF%BA%E4%B8%BF%E8%B2%AB%20%E7%A5%9E%E5%A5%88%E5%B7%9D%E7%9C%8C%E6%A8%AA%E6%B5%9C%E5%B8%82%E5%8D%97%E5%8C%BA%E9%80%9A%E7%94%BA4-111,35.4239595,139.6022415,2024,ラーメン KANAGAWA,ramen_kanagawa,発表日：2024年12月3日
中華そば 麺や食堂 本店,神奈川県厚木市幸町9-6,食べログ ラーメン KANAGAWA 百名店 2024,https://tabelog.com/kanagawa/A1408/A140802/14001610/,,https://www.google.com/maps/search/?api=1&query=%E4%B8%AD%E8%8F%AF%E3%81%9D%E3%81%B0%20%E9%BA%BA%E3%82%84%E9%A3%9F%E5%A0%82%20%E6%9C%AC%E5%BA%97%20%E7%A5%9E%E5%A5%88%E5%B7%9D%E7%9C%8C%E5%8E%9A%E6%9C%A8%E5%B8%82%E5%B9%B8%E7%94%BA9-6,35.4413370,139.3706140,2024,ラーメン KANAGAWA,ramen_kanagawa,発表日：2024年12月3日
丿貫 福富町本店,神奈川県横浜市中区福富町仲通2-4,食べログ ラーメン KANAGAWA 百名店 2024,https://tabelog.com/kanagawa/A1401/A140104/14062435/,,https://www.google.com/maps/search/?api=1&query=%E4%B8%BF%E8%B2%AB%20%E7%A6%8F%E5%AF%8C%E7%94%BA%E6%9C%AC%E5%BA%97%20%E7%A5%9E%E5%A5%88%E5%B7%9D%E7%9C%8C%E6%A8%AA%E6%B5%9C%E5%B8%82%E4%B8%AD%E5%8C%BA%E7%A6%8F%E5%AF%8C%E7%94%BA%E4%BB%B2%E9%80%9A2-4,35.4458115,139.6316575,2024,ラーメン KANAGAWA,ramen_kanagawa,発表日：2024年12月3日
麺処 ら塾,神奈川県藤沢市鵠沼花沢町2-16,食べログ ラーメン KANAGAWA 百名店 2024,https://tabelog.com/kanagawa/A1404/A140404/14011366/,,https://www.google.com/maps/search/?api=1&query=%E9%BA%BA%E5%87%A6%20%E3%82%89%E5%A1%BE%20%E7%A5%9E%E5%A5%88%E5%B7%9D%E7%9C%8C%E8%97%A4%E6%B2%A2%E5%B8%82%E9%B5%A0%E6%B2%BC%E8%8A%B1%E6%B2%A2%E7%94%BA2-16,35.3378635,139.4852843,2024,ラーメン KANAGAWA,ramen_kanagawa,発表日：2024年12月3日
らーめん いのうえ,神奈川県横浜市鶴見区矢向1-7-26,食べログ ラーメン KANAGAWA 百名店 2024,https://tabelog.com/kanagawa/A1401/A140210/14054147/,,https://www.google.com/maps/search/?api=1&query=%E3%82%89%E3%83%BC%E3%82%81%E3%82%93%20%E3%81%84%E3%81%AE%E3%81%86%E3%81%88%20%E7%A5%9E%E5%A5%88%E5%B7%9D%E7%9C%8C%E6%A8%AA%E6%B5%9C%E5%B8%82%E9%B6%B4%E8%A6%8B%E5%8C%BA%E7%9F%A2%E5%90%911-7-26,35.5295532,139.6772551,2024,ラーメン KANAGAWA,ramen_kanagawa,発表日：2024年12月3日
中華そば 髙野,神奈川県横浜市神奈川区大口通135-11,食べログ ラーメン KANAGAWA 百名店 2024,https://tabelog.com/kanagawa/A1401/A140211/14071663/,,https://www.google.com/maps/search/?api=1&query=%E4%B8%AD%E8%8F%AF%E3%81%9D%E3%81%B0%20%E9%AB%99%E9%87%8E%20%E7%A5%9E%E5%A5%88%E5%B7%9D%E7%9C%8C%E6%A8%AA%E6%B5%9C%E5%B8%82%E7%A5%9E%E5%A5%88%E5%B7%9D%E5%8C%BA%E5%A4%A7%E5%8F%A3%E9%80%9A135-11,35.4913463,139.6460180,2024,ラーメン KANAGAWA,ramen_kanagawa,発表日：2024年12月3日
支那ソバ すずき,神奈川県大和市福田2-14-4,食べログ ラーメン KANAGAWA 百名店 2024,https://tabelog.com/kanagawa/A1407/A140702/14050334/,,https://www.google.com/maps/search/?api=1&query=%E6%94%AF%E9%82%A3%E3%82%BD%E3%83%90%20%E3%81%99%E3%81%9A%E3%81%8D%20%E7%A5%9E%E5%A5%88%E5%B7%9D%E7%9C%8C%E5%A4%A7%E5%92%8C%E5%B8%82%E7%A6%8F%E7%94%B02-14-4,35.4498547,139.4643064,2024,ラーメン KANAGAWA,ramen_kanagawa,発表日：2024年12月3日
すみれ 横浜店,神奈川県横浜市中区野毛町1-26-5 野毛サーク 1F,食べログ ラーメン KANAGAWA 百名店 2024,https://tabelog.com/kanagawa/A1401/A140102/14074387/,,https://www.google.com/maps/search/?api=1&query=%E3%81%99%E3%81%BF%E3%82%8C%20%E6%A8%AA%E6%B5%9C%E5%BA%97%20%E7%A5%9E%E5%A5%88%E5%B7%9D%E7%9C%8C%E6%A8%AA%E6%B5%9C%E5%B8%82%E4%B8%AD%E5%8C%BA%E9%87%8E%E6%AF%9B%E7%94%BA1-26-5%20%E9%87%8E%E6%AF%9B%E3%82%B5%E3%83%BC%E3%82%AF%201F,35.4479360,139.6307398,2024,ラーメン KANAGAWA,ramen_kanagawa,発表日：2024年12月3日
ラーメン 杉田家 本店,神奈川県横浜市磯子区新杉田町3-5,食べログ ラーメン KANAGAWA 百名店 2024,https://tabelog.com/kanagawa/A1401/A140308/14000917/,,https://www.google.com/maps/search/?api=1&query=%E3%83%A9%E3%83%BC%E3%83%A1%E3%83%B3%20%E6%9D%89%E7%94%B0%E5%AE%B6%20%E6%9C%AC%E5%BA%97%20%E7%A5%9E%E5%A5%88%E5%B7%9D%E7%9C%8C%E6%A8%AA%E6%B5%9C%E5%B8%82%E7%A3%AF%E5%AD%90%E5%8C%BA%E6%96%B0%E6%9D%89%E7%94%B0%E7%94%BA3-5,35.3881725,139.6182234,2024,ラーメン KANAGAWA,ramen_kanagawa,発表日：2024年12月3日
ラーメン二郎 横浜関内店,神奈川県横浜市中区長者町6-94,食べログ ラーメン KANAGAWA 百名店 2024,https://tabelog.com/kanagawa/A1401/A140104/14001518/,,https://www.google.com/maps/search/?api=1&query=%E3%83%A9%E3%83%BC%E3%83%A1%E3%83%B3%E4%BA%8C%E9%83%8E%20%E6%A8%AA%E6%B5%9C%E9%96%A2%E5%86%85%E5%BA%97%20%E7%A5%9E%E5%A5%88%E5%B7%9D%E7%9C%8C%E6%A8%AA%E6%B5%9C%E5%B8%82%E4%B8%AD%E5%8C%BA%E9%95%B7%E8%80%85%E7%94%BA6-94,35.4419423,139.6307777,2024,ラーメン KANAGAWA,ramen_kanagawa,発表日：2024年12月3日
貝ガラ屋,神奈川県相模原市中央区淵野辺本町3-24-3 マンション色利 101,食べログ ラーメン KANAGAWA 百名店 2024,https://tabelog.com/kanagawa/A1407/A140701/14056997/,,https://www.google.com/maps/search/?api=1&query=%E8%B2%9D%E3%82%AC%E3%83%A9%E5%B1%8B%20%E7%A5%9E%E5%A5%88%E5%B7%9D%E7%9C%8C%E7%9B%B8%E6%A8%A1%E5%8E%9F%E5%B8%82%E4%B8%AD%E5%A4%AE%E5%8C%BA%E6%B7%B5%E9%87%8E%E8%BE%BA%E6%9C%AC%E7%94%BA3-24-3%20%E3%83%9E%E3%83%B3%E3%82%B7%E3%83%A7%E3%83%B3%E8%89%B2%E5%88%A9%20101,35.5728982,139.4052740,2024,ラーメン KANAGAWA,ramen_kanagawa,発表日：2024年12月3日
ラーメン 環2家,神奈川県横浜市港南区下永谷3-3-21,食べログ ラーメン KANAGAWA 百名店 2024,https://tabelog.com/kanagawa/A1401/A140307/14000161/,,https://www.google.com/maps/search/?api=1&query=%E3%83%A9%E3%83%BC%E3%83%A1%E3%83%B3%20%E7%92%B02%E5%AE%B6%20%E7%A5%9E%E5%A5%88%E5%B7%9D%E7%9C%8C%E6%A8%AA%E6%B5%9C%E5%B8%82%E6%B8%AF%E5%8D%97%E5%8C%BA%E4%B8%8B%E6%B0%B8%E8%B0%B73-3-21,35.4084163,139.5643284,2024,ラーメン KANAGAWA,ramen_kanagawa,発表日：2024年12月3日
塩らー麺 本丸亭 横浜店,神奈川県横浜市神奈川区鶴屋町1-7-21 タクエー横浜西口第三ビル 1F,食べログ ラーメン KANAGAWA 百名店 2024,https://tabelog.com/kanagawa/A1401/A140212/14049658/,,https://www.google.com/maps/search/?api=1&query=%E5%A1%A9%E3%82%89%E3%83%BC%E9%BA%BA%20%E6%9C%AC%E4%B8%B8%E4%BA%AD%20%E6%A8%AA%E6%B5%9C%E5%BA%97%20%E7%A5%9E%E5%A5%88%E5%B7%9D%E7%9C%8C%E6%A8%AA%E6%B5%9C%E5%B8%82%E7%A5%9E%E5%A5%88%E5%B7%9D%E5%8C%BA%E9%B6%B4%E5%B1%8B%E7%94%BA1-7-21%20%E3%82%BF%E3%82%AF%E3%82%A8%E3%83%BC%E6%A8%AA%E6%B5%9C%E8%A5%BF%E5%8F%A3%E7%AC%AC%E4%B8%89%E3%83%93%E3%83%AB%201F,35.4694253,139.6239783,2024,ラーメン KANAGAWA,ramen_kanagawa,発表日：2024年12月3日
麺小屋 てち,神奈川県川崎市中原区新城4-4-15 森善ビル 101,食べログ ラーメン KANAGAWA 百名店 2024,https://tabelog.com/kanagawa/A1405/A140504/14059560/,,https://www.google.com/maps/search/?api=1&query=%E9%BA%BA%E5%B0%8F%E5%B1%8B%20%E3%81%A6%E3%81%A1%20%E7%A5%9E%E5%A5%88%E5%B7%9D%E7%9C%8C%E5%B7%9D%E5%B4%8E%E5%B8%82%E4%B8%AD%E5%8E%9F%E5%8C%BA%E6%96%B0%E5%9F%8E4-4-15%20%E6%A3%AE%E5%96%84%E3%83%93%E3%83%AB%20101,35.5837618,139.6298268,2024,ラーメン KANAGAWA,ramen_kanagawa,発表日：2024年12月3日
自家製麺 麺や 六等星,神奈川県川崎市多摩区菅稲田堤1-1-2,食べログ ラーメン KANAGAWA 百名店 2024,https://tabelog.com/kanagawa/A1405/A140506/14077566/,,https://www.google.com/maps/search/?api=1&query=%E8%87%AA%E5%AE%B6%E8%A3%BD%E9%BA%BA%20%E9%BA%BA%E3%82%84%20%E5%85%AD%E7%AD%89%E6%98%9F%20%E7%A5%9E%E5%A5%88%E5%B7%9D%E7%9C%8C%E5%B7%9D%E5%B4%8E%E5%B8%82%E5%A4%9A%E6%91%A9%E5%8C%BA%E8%8F%85%E7%A8%B2%E7%94%B0%E5%A0%A41-1-2,35.6336371,139.5355154,2024,ラーメン KANAGAWA,ramen_kanagawa,発表日：2024年12月3日
ラーメン＆カレー専門店 太源,神奈川県横浜市中区伊勢佐木町2-81,食べログ ラーメン KANAGAWA 百名店 2024,https://tabelog.com/kanagawa/A1401/A140104/14001113/,,https://www.google.com/maps/search/?api=1&query=%E3%83%A9%E3%83%BC%E3%83%A1%E3%83%B3%EF%BC%86%E3%82%AB%E3%83%AC%E3%83%BC%E5%B0%82%E9%96%80%E5%BA%97%20%E5%A4%AA%E6%BA%90%20%E7%A5%9E%E5%A5%88%E5%B7%9D%E7%9C%8C%E6%A8%AA%E6%B5%9C%E5%B8%82%E4%B8%AD%E5%8C%BA%E4%BC%8A%E5%8B%A2%E4%BD%90%E6%9C%A8%E7%94%BA2-81,35.4432144,139.6305939,2024,ラーメン KANAGAWA,ramen_kanagawa,発表日：2024年12月3日
三三㐂,神奈川県川崎市川崎区小川町9-7,食べログ ラーメン KANAGAWA 百名店 2024,https://tabelog.com/kanagawa/A1405/A140501/14032399/,,https://www.google.com/maps/search/?api=1&query=%E4%B8%89%E4%B8%89%E3%90%82%20%E7%A5%9E%E5%A5%88%E5%B7%9D%E7%9C%8C%E5%B7%9D%E5%B4%8E%E5%B8%82%E5%B7%9D%E5%B4%8E%E5%8C%BA%E5%B0%8F%E5%B7%9D%E7%94%BA9-7,35.5259039,139.6959147,2024,ラーメン KANAGAWA,ramen_kanagawa,発表日：2024年12月3日
麺処 秋もと,神奈川県-横浜市青葉区市ヶ尾町1157-1 アネックスショッピングビル 1F,食べログ ラーメン KANAGAWA 百名店 2024,https://tabelog.com/kanagawa/A1401/A140201/14086053/,,https://www.google.com/maps/search/?api=1&query=%E9%BA%BA%E5%87%A6%20%E7%A7%8B%E3%82%82%E3%81%A8%20%E7%A5%9E%E5%A5%88%E5%B7%9D%E7%9C%8C-%E6%A8%AA%E6%B5%9C%E5%B8%82%E9%9D%92%E8%91%89%E5%8C%BA%E5%B8%82%E3%83%B6%E5%B0%BE%E7%94%BA1157-1%20%E3%82%A2%E3%83%8D%E3%83%83%E3%82%AF%E3%82%B9%E3%82%B7%E3%83%A7%E3%83%83%E3%83%94%E3%83%B3%E3%82%B0%E3%83%93%E3%83%AB%201F,35.5524823,139.5417548,2024,ラーメン KANAGAWA,ramen_kanagawa,発表日：2024年12月3日
支那蕎麦屋 藤花,神奈川県横浜市都筑区池辺町4800-6,食べログ ラーメン KANAGAWA 百名店 2024,https://tabelog.com/kanagawa/A1401/A140207/14070248/,,https://www.google.com/maps/search/?api=1&query=%E6%94%AF%E9%82%A3%E8%95%8E%E9%BA%A6%E5%B1%8B%20%E8%97%A4%E8%8A%B1%20%E7%A5%9E%E5%A5%88%E5%B7%9D%E7%9C%8C%E6%A8%AA%E6%B5%9C%E5%B8%82%E9%83%BD%E7%AD%91%E5%8C%BA%E6%B1%A0%E8%BE%BA%E7%94%BA4800-6,35.5180675,139.5760572,2024,ラーメン KANAGAWA,ramen_kanagawa,発表日：2024年12月3日
ラーメン二郎 京急川崎店,神奈川県川崎市川崎区本町2-10,食べログ ラーメン KANAGAWA 百名店 2024,https://tabelog.com/kanagawa/A1405/A140501/14000765/,,https://www.google.com/maps/search/?api=1&query=%E3%83%A9%E3%83%BC%E3%83%A1%E3%83%B3%E4%BA%8C%E9%83%8E%20%E4%BA%AC%E6%80%A5%E5%B7%9D%E5%B4%8E%E5%BA%97%20%E7%A5%9E%E5%A5%88%E5%B7%9D%E7%9C%8C%E5%B7%9D%E5%B4%8E%E5%B8%82%E5%B7%9D%E5%B4%8E%E5%8C%BA%E6%9C%AC%E7%94%BA2-10,35.5349220,139.7051997,2024,ラーメン KANAGAWA,ramen_kanagawa,発表日：2024年12月3日
横浜家系らーめん 天王家 寒川総本店,神奈川県高座郡寒川町小谷1-1-43,食べログ ラーメン KANAGAWA 百名店 2024,https://tabelog.com/kanagawa/A1404/A140406/14080094/,,https://www.google.com/maps/search/?api=1&query=%E6%A8%AA%E6%B5%9C%E5%AE%B6%E7%B3%BB%E3%82%89%E3%83%BC%E3%82%81%E3%82%93%20%E5%A4%A9%E7%8E%8B%E5%AE%B6%20%E5%AF%92%E5%B7%9D%E7%B7%8F%E6%9C%AC%E5%BA%97%20%E7%A5%9E%E5%A5%88%E5%B7%9D%E7%9C%8C%E9%AB%98%E5%BA%A7%E9%83%A1%E5%AF%92%E5%B7%9D%E7%94%BA%E5%B0%8F%E8%B0%B71-1-43,35.3763484,139.3964034,2024,ラーメン KANAGAWA,ramen_kanagawa,発表日：2024年12月3日
うずとかみなり,神奈川県藤沢市鵠沼桜が岡3-5-7,食べログ ラーメン KANAGAWA 百名店 2024,https://tabelog.com/kanagawa/A1404/A140404/14086414/,,https://www.google.com/maps/search/?api=1&query=%E3%81%86%E3%81%9A%E3%81%A8%E3%81%8B%E3%81%BF%E3%81%AA%E3%82%8A%20%E7%A5%9E%E5%A5%88%E5%B7%9D%E7%9C%8C%E8%97%A4%E6%B2%A2%E5%B8%82%E9%B5%A0%E6%B2%BC%E6%A1%9C%E3%81%8C%E5%B2%A13-5-7,35.3302350,139.4759485,2024,ラーメン KANAGAWA,ramen_kanagawa,発表日：2024年12月3日
利尻らーめん味楽 新横浜ラーメン博物館店,神奈川県横浜市港北区新横浜2-14-21 新横浜ラーメン博物館 B2F,食べログ ラーメン KANAGAWA 百名店 2024,https://tabelog.com/kanagawa/A1401/A140206/14066708/,,https://www.google.com/maps/search/?api=1&query=%E5%88%A9%E5%B0%BB%E3%82%89%E3%83%BC%E3%82%81%E3%82%93%E5%91%B3%E6%A5%BD%20%E6%96%B0%E6%A8%AA%E6%B5%9C%E3%83%A9%E3%83%BC%E3%83%A1%E3%83%B3%E5%8D%9A%E7%89%A9%E9%A4%A8%E5%BA%97%20%E7%A5%9E%E5%A5%88%E5%B7%9D%E7%9C%8C%E6%A8%AA%E6%B5%9C%E5%B8%82%E6%B8%AF%E5%8C%97%E5%8C%BA%E6%96%B0%E6%A8%AA%E6%B5%9C2-14-21%20%E6%96%B0%E6%A8%AA%E6%B5%9C%E3%83%A9%E3%83%BC%E3%83%A1%E3%83%B3%E5%8D%9A%E7%89%A9%E9%A4%A8%20B2F,35.5097608,139.6145806,2024,ラーメン KANAGAWA,ramen_kanagawa,発表日：2024年12月3日
横浜ラーメン 田上家,神奈川県横浜市南区通町3-48,食べログ ラーメン KANAGAWA 百名店 2024,https://tabelog.com/kanagawa/A1401/A140306/14056326/,,https://www.google.com/maps/search/?api=1&query=%E6%A8%AA%E6%B5%9C%E3%83%A9%E3%83%BC%E3%83%A1%E3%83%B3%20%E7%94%B0%E4%B8%8A%E5%AE%B6%20%E7%A5%9E%E5%A5%88%E5%B7%9D%E7%9C%8C%E6%A8%AA%E6%B5%9C%E5%B8%82%E5%8D%97%E5%8C%BA%E9%80%9A%E7%94%BA3-48,35.4262781,139.6038072,2024,ラーメン KANAGAWA,ramen_kanagawa,発表日：2024年12月3日
流星軒,神奈川県横浜市南区日枝町4-97-2,食べログ ラーメン KANAGAWA 百名店 2024,https://tabelog.com/kanagawa/A1401/A140306/14000569/,,https://www.google.com/maps/search/?api=1&query=%E6%B5%81%E6%98%9F%E8%BB%92%20%E7%A5%9E%E5%A5%88%E5%B7%9D%E7%9C%8C%E6%A8%AA%E6%B5%9C%E5%B8%82%E5%8D%97%E5%8C%BA%E6%97%A5%E6%9E%9D%E7%94%BA4-97-2,35.4370591,139.6174750,2024,ラーメン KANAGAWA,ramen_kanagawa,発表日：2024年12月3日
らーめん 鶏喰,神奈川県横浜市南区吉野町4-20,食べログ ラーメン KANAGAWA 百名店 2024,https://tabelog.com/kanagawa/A1401/A140306/14048864/,,https://www.google.com/maps/search/?api=1&query=%E3%82%89%E3%83%BC%E3%82%81%E3%82%93%20%E9%B6%8F%E5%96%B0%20%E7%A5%9E%E5%A5%88%E5%B7%9D%E7%9C%8C%E6%A8%AA%E6%B5%9C%E5%B8%82%E5%8D%97%E5%8C%BA%E5%90%89%E9%87%8E%E7%94%BA4-20,35.4351781,139.6184059,2024,ラーメン KANAGAWA,ramen_kanagawa,発表日：2024年12月3日
麺や魁星,神奈川県横浜市中区吉田町3-11,食べログ ラーメン KANAGAWA 百名店 2024,https://tabelog.com/kanagawa/A1401/A140104/14073157/,https://tabelog.com/kanagawa/A1401/A140104/14073157/?cid=google_yoyaku,https://www.google.com/maps/search/?api=1&query=%E9%BA%BA%E3%82%84%E9%AD%81%E6%98%9F%20%E7%A5%9E%E5%A5%88%E5%B7%9D%E7%9C%8C%E6%A8%AA%E6%B5%9C%E5%B8%82%E4%B8%AD%E5%8C%BA%E5%90%89%E7%94%B0%E7%94%BA3-11,35.4459834,139.6324406,2024,ラーメン KANAGAWA,ramen_kanagawa,発表日：2024年12月3日
日陰,神奈川県川崎市幸区南加瀬4-16-2,食べログ ラーメン KANAGAWA 百名店 2024,https://tabelog.com/kanagawa/A1405/A140503/14081996/,,https://www.google.com/maps/search/?api=1&query=%E6%97%A5%E9%99%B0%20%E7%A5%9E%E5%A5%88%E5%B7%9D%E7%9C%8C%E5%B7%9D%E5%B4%8E%E5%B8%82%E5%B9%B8%E5%8C%BA%E5%8D%97%E5%8A%A0%E7%80%AC4-16-2,35.5462595,139.6599219,2024,ラーメン KANAGAWA,ramen_kanagawa,発表日：2024年12月3日
ヌードルズキッチン ガナーズ,神奈川県川崎市中原区新丸子町754,食べログ ラーメン KANAGAWA 百名店 2024,https://tabelog.com/kanagawa/A1405/A140504/14067309/,,https://www.google.com/maps/search/?api=1&query=%E3%83%8C%E3%83%BC%E3%83%89%E3%83%AB%E3%82%BA%E3%82%AD%E3%83%83%E3%83%81%E3%83%B3%20%E3%82%AC%E3%83%8A%E3%83%BC%E3%82%BA%20%E7%A5%9E%E5%A5%88%E5%B7%9D%E7%9C%8C%E5%B7%9D%E5%B4%8E%E5%B8%82%E4%B8%AD%E5%8E%9F%E5%8C%BA%E6%96%B0%E4%B8%B8%E5%AD%90%E7%94%BA754,35.5799661,139.6598546,2024,ラーメン KANAGAWA,ramen_kanagawa,発表日：2024年12月3日
ラーメン 厚木家,神奈川県厚木市妻田東2-25-11,食べログ ラーメン KANAGAWA 百名店 2024,https://tabelog.com/kanagawa/A1408/A140802/14013886/,,https://www.google.com/maps/search/?api=1&query=%E3%83%A9%E3%83%BC%E3%83%A1%E3%83%B3%20%E5%8E%9A%E6%9C%A8%E5%AE%B6%20%E7%A5%9E%E5%A5%88%E5%B7%9D%E7%9C%8C%E5%8E%9A%E6%9C%A8%E5%B8%82%E5%A6%BB%E7%94%B0%E6%9D%B12-25-11,35.4579475,139.3594897,2024,ラーメン KANAGAWA,ramen_kanagawa,発表日：2024年12月3日
元祖一条流 がんこ総本家 分店,神奈川県相模原市緑区向原4-2-3 コピオ相模原インター店 1F,食べログ ラーメン KANAGAWA 百名店 2024,https://tabelog.com/kanagawa/A1407/A140701/14067394/,,https://www.google.com/maps/search/?api=1&query=%E5%85%83%E7%A5%96%E4%B8%80%E6%9D%A1%E6%B5%81%20%E3%81%8C%E3%82%93%E3%81%93%E7%B7%8F%E6%9C%AC%E5%AE%B6%20%E5%88%86%E5%BA%97%20%E7%A5%9E%E5%A5%88%E5%B7%9D%E7%9C%8C%E7%9B%B8%E6%A8%A1%E5%8E%9F%E5%B8%82%E7%B7%91%E5%8C%BA%E5%90%91%E5%8E%9F4-2-3%20%E3%82%B3%E3%83%94%E3%82%AA%E7%9B%B8%E6%A8%A1%E5%8E%9F%E3%82%A4%E3%83%B3%E3%82%BF%E3%83%BC%E5%BA%97%201F,35.5899491,139.3058695,2024,ラーメン KANAGAWA,ramen_kanagawa,発表日：2024年12月3日
麺庵ちとせ,神奈川県小田原市風祭77-1,食べログ ラーメン KANAGAWA 百名店 2024,https://tabelog.com/kanagawa/A1410/A141001/14083221/,,https://www.google.com/maps/search/?api=1&query=%E9%BA%BA%E5%BA%B5%E3%81%A1%E3%81%A8%E3%81%9B%20%E7%A5%9E%E5%A5%88%E5%B7%9D%E7%9C%8C%E5%B0%8F%E7%94%B0%E5%8E%9F%E5%B8%82%E9%A2%A8%E7%A5%AD77-1,35.2444148,139.1275954,2024,ラーメン KANAGAWA,ramen_kanagawa,発表日：2024年12月3日
横浜家系ラーメン 黄金家,神奈川県横浜市中区末吉町3-67-7,食べログ ラーメン KANAGAWA 百名店 2024,https://tabelog.com/kanagawa/A1401/A140306/14072621/,,https://www.google.com/maps/search/?api=1&query=%E6%A8%AA%E6%B5%9C%E5%AE%B6%E7%B3%BB%E3%83%A9%E3%83%BC%E3%83%A1%E3%83%B3%20%E9%BB%84%E9%87%91%E5%AE%B6%20%E7%A5%9E%E5%A5%88%E5%B7%9D%E7%9C%8C%E6%A8%AA%E6%B5%9C%E5%B8%82%E4%B8%AD%E5%8C%BA%E6%9C%AB%E5%90%89%E7%94%BA3-67-7,35.4392225,139.6243272,2024,ラーメン KANAGAWA,ramen_kanagawa,発表日：2024年12月3日
麺処 にぼし香 アソビル店,神奈川県横浜市西区高島2-14-9 アソビル 1F,食べログ ラーメン KANAGAWA 百名店 2024,https://tabelog.com/kanagawa/A1401/A140101/14075484/,,https://www.google.com/maps/search/?api=1&query=%E9%BA%BA%E5%87%A6%20%E3%81%AB%E3%81%BC%E3%81%97%E9%A6%99%20%E3%82%A2%E3%82%BD%E3%83%93%E3%83%AB%E5%BA%97%20%E7%A5%9E%E5%A5%88%E5%B7%9D%E7%9C%8C%E6%A8%AA%E6%B5%9C%E5%B8%82%E8%A5%BF%E5%8C%BA%E9%AB%98%E5%B3%B62-14-9%20%E3%82%A2%E3%82%BD%E3%83%93%E3%83%AB%201F,35.4637564,139.6221866,2024,ラーメン KANAGAWA,ramen_kanagawa,発表日：2024年12月3日
肉煮干中華そば 鈴木ラーメン店,神奈川県相模原市南区相模大野3-18-3 新井ビル 1F,食べログ ラーメン KANAGAWA 百名店 2024,https://tabelog.com/kanagawa/A1407/A140701/14044862/,,https://www.google.com/maps/search/?api=1&query=%E8%82%89%E7%85%AE%E5%B9%B2%E4%B8%AD%E8%8F%AF%E3%81%9D%E3%81%B0%20%E9%88%B4%E6%9C%A8%E3%83%A9%E3%83%BC%E3%83%A1%E3%83%B3%E5%BA%97%20%E7%A5%9E%E5%A5%88%E5%B7%9D%E7%9C%8C%E7%9B%B8%E6%A8%A1%E5%8E%9F%E5%B8%82%E5%8D%97%E5%8C%BA%E7%9B%B8%E6%A8%A1%E5%A4%A7%E9%87%8E3-18-3%20%E6%96%B0%E4%BA%95%E3%83%93%E3%83%AB%201F,35.5334340,139.4362281,2024,ラーメン KANAGAWA,ramen_kanagawa,発表日：2024年12月3日
ラーメン二郎 湘南藤沢店,神奈川県藤沢市本町1-10-14,食べログ ラーメン KANAGAWA 百名店 2024,https://tabelog.com/kanagawa/A1404/A140404/14035072/,,https://www.google.com/maps/search/?api=1&query=%E3%83%A9%E3%83%BC%E3%83%A1%E3%83%B3%E4%BA%8C%E9%83%8E%20%E6%B9%98%E5%8D%97%E8%97%A4%E6%B2%A2%E5%BA%97%20%E7%A5%9E%E5%A5%88%E5%B7%9D%E7%9C%8C%E8%97%A4%E6%B2%A2%E5%B8%82%E6%9C%AC%E7%94%BA1-10-14,35.3430642,139.4822311,2024,ラーメン KANAGAWA,ramen_kanagawa,発表日：2024年12月3日
支那そばや 本店,神奈川県横浜市戸塚区戸塚町4081-1,食べログ ラーメン KANAGAWA 百名店 2024,https://tabelog.com/kanagawa/A1401/A140305/14014445/,,https://www.google.com/maps/search/?api=1&query=%E6%94%AF%E9%82%A3%E3%81%9D%E3%81%B0%E3%82%84%20%E6%9C%AC%E5%BA%97%20%E7%A5%9E%E5%A5%88%E5%B7%9D%E7%9C%8C%E6%A8%AA%E6%B5%9C%E5%B8%82%E6%88%B8%E5%A1%9A%E5%8C%BA%E6%88%B8%E5%A1%9A%E7%94%BA4081-1,35.4014080,139.5318283,2024,ラーメン KANAGAWA,ramen_kanagawa,発表日：2024年12月3日
ZUND-BAR,神奈川県厚木市七沢1954-7,食べログ ラーメン KANAGAWA 百名店 2024,https://tabelog.com/kanagawa/A1408/A140802/14000184/,,https://www.google.com/maps/search/?api=1&query=ZUND-BAR%20%E7%A5%9E%E5%A5%88%E5%B7%9D%E7%9C%8C%E5%8E%9A%E6%9C%A8%E5%B8%82%E4%B8%83%E6%B2%A21954-7,35.4516522,139.2924245,2024,ラーメン KANAGAWA,ramen_kanagawa,発表日：2024年12月3日
自家製麺 カミカゼ,神奈川県横浜市戸塚区汲沢町1207-3,食べログ ラーメン KANAGAWA 百名店 2024,https://tabelog.com/kanagawa/A1401/A140305/14064633/,,https://www.google.com/maps/search/?api=1&query=%E8%87%AA%E5%AE%B6%E8%A3%BD%E9%BA%BA%20%E3%82%AB%E3%83%9F%E3%82%AB%E3%82%BC%20%E7%A5%9E%E5%A5%88%E5%B7%9D%E7%9C%8C%E6%A8%AA%E6%B5%9C%E5%B8%82%E6%88%B8%E5%A1%9A%E5%8C%BA%E6%B1%B2%E6%B2%A2%E7%94%BA1207-3,35.3890753,139.5207683,2024,ラーメン KANAGAWA,ramen_kanagawa,発表日：2024年12月3日
麺工房 隠國 愛川本店,神奈川県愛甲郡愛川町角田768-9,食べログ ラーメン KANAGAWA 百名店 2024,https://tabelog.com/kanagawa/A1407/A140704/14000874/,,https://www.google.com/maps/search/?api=1&query=%E9%BA%BA%E5%B7%A5%E6%88%BF%20%E9%9A%A0%E5%9C%8B%20%E6%84%9B%E5%B7%9D%E6%9C%AC%E5%BA%97%20%E7%A5%9E%E5%A5%88%E5%B7%9D%E7%9C%8C%E6%84%9B%E7%94%B2%E9%83%A1%E6%84%9B%E5%B7%9D%E7%94%BA%E8%A7%92%E7%94%B0768-9,35.5371321,139.3281043,2024,ラーメン KANAGAWA,ramen_kanagawa,発表日：2024年12月3日
らーめん まつや,神奈川県茅ヶ崎市堤73-5,食べログ ラーメン KANAGAWA 百名店 2024,https://tabelog.com/kanagawa/A1404/A140406/14044665/,,https://www.google.com/maps/search/?api=1&query=%E3%82%89%E3%83%BC%E3%82%81%E3%82%93%20%E3%81%BE%E3%81%A4%E3%82%84%20%E7%A5%9E%E5%A5%88%E5%B7%9D%E7%9C%8C%E8%8C%85%E3%83%B6%E5%B4%8E%E5%B8%82%E5%A0%A473-5,35.3671371,139.4337194,2024,ラーメン KANAGAWA,ramen_kanagawa,発表日：2024年12月3日
Ramen FeeL,東京都青梅市梅郷4-695-1,食べログ ラーメン TOKYO 百名店 2024,https://tabelog.com/tokyo/A1330/A133003/13254631/,,https://www.google.com/maps/search/?api=1&query=Ramen%20FeeL%20%E6%9D%B1%E4%BA%AC%E9%83%BD%E9%9D%92%E6%A2%85%E5%B8%82%E6%A2%85%E9%83%B74-695-1,35.7887206,139.2217850,2024,ラーメン TOKYO,ramen_tokyo,発表日：2024年12月3日
麺尊 RAGE,東京都杉並区松庵3-37-22 レンツェン松庵 1F,食べログ ラーメン TOKYO 百名店 2024,https://tabelog.com/tokyo/A1319/A131907/13178309/,,https://www.google.com/maps/search/?api=1&query=%E9%BA%BA%E5%B0%8A%20RAGE%20%E6%9D%B1%E4%BA%AC%E9%83%BD%E6%9D%89%E4%B8%A6%E5%8C%BA%E6%9D%BE%E5%BA%B53-37-22%20%E3%83%AC%E3%83%B3%E3%83%84%E3%82%A7%E3%83%B3%E6%9D%BE%E5%BA%B5%201F,35.7017901,139.5991866,2024,ラーメン TOKYO,ramen_tokyo,発表日：2024年12月3日
中華蕎麦 ひら井,東京都府中市栄町2-11-7,食べログ ラーメン TOKYO 百名店 2024,https://tabelog.com/tokyo/A1326/A132602/13259078/,,https://www.google.com/maps/search/?api=1&query=%E4%B8%AD%E8%8F%AF%E8%95%8E%E9%BA%A6%20%E3%81%B2%E3%82%89%E4%BA%95%20%E6%9D%B1%E4%BA%AC%E9%83%BD%E5%BA%9C%E4%B8%AD%E5%B8%82%E6%A0%84%E7%94%BA2-11-7,35.6880434,139.4796180,2024,ラーメン TOKYO,ramen_tokyo,発表日：2024年12月3日
MENSHO,東京都文京区音羽1-17-16 中銀音羽マンシオン１F,食べログ ラーメン TOKYO 百名店 2024,https://tabelog.com/tokyo/A1323/A132302/13203848/,,https://www.google.com/maps/search/?api=1&query=MENSHO%20%E6%9D%B1%E4%BA%AC%E9%83%BD%E6%96%87%E4%BA%AC%E5%8C%BA%E9%9F%B3%E7%BE%BD1-17-16%20%E4%B8%AD%E9%8A%80%E9%9F%B3%E7%BE%BD%E3%83%9E%E3%83%B3%E3%82%B7%E3%82%AA%E3%83%B3%EF%BC%91F,35.7163380,139.7286885,2024,ラーメン TOKYO,ramen_tokyo,発表日：2024年12月3日
SOBA HOUSE 金色不如帰 新宿御苑本店,東京都新宿区新宿2-4-1 第22宮廷マンション 1F,食べログ ラーメン TOKYO 百名店 2024,https://tabelog.com/tokyo/A1304/A130402/13222172/,,https://www.google.com/maps/search/?api=1&query=SOBA%20HOUSE%20%E9%87%91%E8%89%B2%E4%B8%8D%E5%A6%82%E5%B8%B0%20%E6%96%B0%E5%AE%BF%E5%BE%A1%E8%8B%91%E6%9C%AC%E5%BA%97%20%E6%9D%B1%E4%BA%AC%E9%83%BD%E6%96%B0%E5%AE%BF%E5%8C%BA%E6%96%B0%E5%AE%BF2-4-1%20%E7%AC%AC22%E5%AE%AE%E5%BB%B7%E3%83%9E%E3%83%B3%E3%82%B7%E3%83%A7%E3%83%B3%201F,35.6887934,139.7083014,2024,ラーメン TOKYO,ramen_tokyo,発表日：2024年12月3日
煮干しつけ麺 宮元,東京都大田区西蒲田7-8-1 1F,食べログ ラーメン TOKYO 百名店 2024,https://tabelog.com/tokyo/A1315/A131503/13180862/,,https://www.google.com/maps/search/?api=1&query=%E7%85%AE%E5%B9%B2%E3%81%97%E3%81%A4%E3%81%91%E9%BA%BA%20%E5%AE%AE%E5%85%83%20%E6%9D%B1%E4%BA%AC%E9%83%BD%E5%A4%A7%E7%94%B0%E5%8C%BA%E8%A5%BF%E8%92%B2%E7%94%B07-8-1%201F,35.5642360,139.7134367,2024,ラーメン TOKYO,ramen_tokyo,発表日：2024年12月3日
つけ麺 道,東京都葛飾区亀有5-28-17,食べログ ラーメン TOKYO 百名店 2024,https://tabelog.com/tokyo/A1324/A132403/13094595/,,https://www.google.com/maps/search/?api=1&query=%E3%81%A4%E3%81%91%E9%BA%BA%20%E9%81%93%20%E6%9D%B1%E4%BA%AC%E9%83%BD%E8%91%9B%E9%A3%BE%E5%8C%BA%E4%BA%80%E6%9C%895-28-17,35.7679215,139.8468097,2024,ラーメン TOKYO,ramen_tokyo,発表日：2024年12月3日
らぁ麺やまぐち,東京都新宿区西早稲田3-13-4 1F,食べログ ラーメン TOKYO 百名店 2024,https://tabelog.com/tokyo/A1305/A130504/13151200/,,https://www.google.com/maps/search/?api=1&query=%E3%82%89%E3%81%81%E9%BA%BA%E3%82%84%E3%81%BE%E3%81%90%E3%81%A1%20%E6%9D%B1%E4%BA%AC%E9%83%BD%E6%96%B0%E5%AE%BF%E5%8C%BA%E8%A5%BF%E6%97%A9%E7%A8%B2%E7%94%B03-13-4%201F,35.7099829,139.7139162,2024,ラーメン TOKYO,ramen_tokyo,発表日：2024年12月3日
RAMEN CiQUE,東京都杉並区阿佐谷南3-10-8,食べログ ラーメン TOKYO 百名店 2024,https://tabelog.com/tokyo/A1319/A131905/13048520/,,https://www.google.com/maps/search/?api=1&query=RAMEN%20CiQUE%20%E6%9D%B1%E4%BA%AC%E9%83%BD%E6%9D%89%E4%B8%A6%E5%8C%BA%E9%98%BF%E4%BD%90%E8%B0%B7%E5%8D%973-10-8,35.7020884,139.6297448,2024,ラーメン TOKYO,ramen_tokyo,発表日：2024年12月3日
麺処 晴,東京都台東区下谷1-11-7,食べログ ラーメン TOKYO 百名店 2024,https://tabelog.com/tokyo/A1311/A131104/13143115/,,https://www.google.com/maps/search/?api=1&query=%E9%BA%BA%E5%87%A6%20%E6%99%B4%20%E6%9D%B1%E4%BA%AC%E9%83%BD%E5%8F%B0%E6%9D%B1%E5%8C%BA%E4%B8%8B%E8%B0%B71-11-7,35.7196562,139.7834110,2024,ラーメン TOKYO,ramen_tokyo,発表日：2024年12月3日
らぁめん小池,東京都世田谷区上北沢4-19-18 上北沢ハイネスコーポ1F,食べログ ラーメン TOKYO 百名店 2024,https://tabelog.com/tokyo/A1318/A131809/13172994/,,https://www.google.com/maps/search/?api=1&query=%E3%82%89%E3%81%81%E3%82%81%E3%82%93%E5%B0%8F%E6%B1%A0%20%E6%9D%B1%E4%BA%AC%E9%83%BD%E4%B8%96%E7%94%B0%E8%B0%B7%E5%8C%BA%E4%B8%8A%E5%8C%97%E6%B2%A24-19-18%20%E4%B8%8A%E5%8C%97%E6%B2%A2%E3%83%8F%E3%82%A4%E3%83%8D%E3%82%B9%E3%82%B3%E3%83%BC%E3%83%9D1F,35.6705067,139.6223869,2024,ラーメン TOKYO,ramen_tokyo,発表日：2024年12月3日
ラーメン 健やか,東京都武蔵野市中町1-28-1 矢島ビル 102,食べログ ラーメン TOKYO 百名店 2024,https://tabelog.com/tokyo/A1320/A132002/13207054/,,https://www.google.com/maps/search/?api=1&query=%E3%83%A9%E3%83%BC%E3%83%A1%E3%83%B3%20%E5%81%A5%E3%82%84%E3%81%8B%20%E6%9D%B1%E4%BA%AC%E9%83%BD%E6%AD%A6%E8%94%B5%E9%87%8E%E5%B8%82%E4%B8%AD%E7%94%BA1-28-1%20%E7%9F%A2%E5%B3%B6%E3%83%93%E3%83%AB%20102,35.7038132,139.5643359,2024,ラーメン TOKYO,ramen_tokyo,発表日：2024年12月3日
煮干そば 流。,東京都北区上十条1-13-2,食べログ ラーメン TOKYO 百名店 2024,https://tabelog.com/tokyo/A1323/A132304/13175140/,,https://www.google.com/maps/search/?api=1&query=%E7%85%AE%E5%B9%B2%E3%81%9D%E3%81%B0%20%E6%B5%81%E3%80%82%20%E6%9D%B1%E4%BA%AC%E9%83%BD%E5%8C%97%E5%8C%BA%E4%B8%8A%E5%8D%81%E6%9D%A11-13-2,35.7610908,139.7224130,2024,ラーメン TOKYO,ramen_tokyo,発表日：2024年12月3日
銀座 八五,東京都中央区銀座3-14-2 第一はなぶさビル 1F,食べログ ラーメン TOKYO 百名店 2024,https://tabelog.com/tokyo/A1301/A130101/13228602/,,https://www.google.com/maps/search/?api=1&query=%E9%8A%80%E5%BA%A7%20%E5%85%AB%E4%BA%94%20%E6%9D%B1%E4%BA%AC%E9%83%BD%E4%B8%AD%E5%A4%AE%E5%8C%BA%E9%8A%80%E5%BA%A73-14-2%20%E7%AC%AC%E4%B8%80%E3%81%AF%E3%81%AA%E3%81%B6%E3%81%95%E3%83%93%E3%83%AB%201F,35.6705563,139.7701589,2024,ラーメン TOKYO,ramen_tokyo,発表日：2024年12月3日
ラーメン巌哲,東京都新宿区西早稲田1-10-4,食べログ ラーメン TOKYO 百名店 2024,https://tabelog.com/tokyo/A1305/A130504/13167439/,,https://www.google.com/maps/search/?api=1&query=%E3%83%A9%E3%83%BC%E3%83%A1%E3%83%B3%E5%B7%8C%E5%93%B2%20%E6%9D%B1%E4%BA%AC%E9%83%BD%E6%96%B0%E5%AE%BF%E5%8C%BA%E8%A5%BF%E6%97%A9%E7%A8%B2%E7%94%B01-10-4,35.7111747,139.7218960,2024,ラーメン TOKYO,ramen_tokyo,発表日：2024年12月3日
煮干鰮らーめん 圓 八王子本店,東京都八王子市横山町21-21,食べログ ラーメン TOKYO 百名店 2024,https://tabelog.com/tokyo/A1329/A132904/13091258/,,https://www.google.com/maps/search/?api=1&query=%E7%85%AE%E5%B9%B2%E9%B0%AE%E3%82%89%E3%83%BC%E3%82%81%E3%82%93%20%E5%9C%93%20%E5%85%AB%E7%8E%8B%E5%AD%90%E6%9C%AC%E5%BA%97%20%E6%9D%B1%E4%BA%AC%E9%83%BD%E5%85%AB%E7%8E%8B%E5%AD%90%E5%B8%82%E6%A8%AA%E5%B1%B1%E7%94%BA21-21,35.6603327,139.3384319,2024,ラーメン TOKYO,ramen_tokyo,発表日：2024年12月3日
中華蕎麦にし乃,東京都文京区本郷3-30-7 熊野ビル B101,食べログ ラーメン TOKYO 百名店 2024,https://tabelog.com/tokyo/A1310/A131004/13218311/,,https://www.google.com/maps/search/?api=1&query=%E4%B8%AD%E8%8F%AF%E8%95%8E%E9%BA%A6%E3%81%AB%E3%81%97%E4%B9%83%20%E6%9D%B1%E4%BA%AC%E9%83%BD%E6%96%87%E4%BA%AC%E5%8C%BA%E6%9C%AC%E9%83%B73-30-7%20%E7%86%8A%E9%87%8E%E3%83%93%E3%83%AB%20B101,35.7067627,139.7616380,2024,ラーメン TOKYO,ramen_tokyo,発表日：2024年12月3日
宍道湖しじみ中華蕎麦 琥珀 東京本店,東京都大田区西六郷2-1-3,食べログ ラーメン TOKYO 百名店 2024,https://tabelog.com/tokyo/A1315/A131503/13234195/,,https://www.google.com/maps/search/?api=1&query=%E5%AE%8D%E9%81%93%E6%B9%96%E3%81%97%E3%81%98%E3%81%BF%E4%B8%AD%E8%8F%AF%E8%95%8E%E9%BA%A6%20%E7%90%A5%E7%8F%80%20%E6%9D%B1%E4%BA%AC%E6%9C%AC%E5%BA%97%20%E6%9D%B1%E4%BA%AC%E9%83%BD%E5%A4%A7%E7%94%B0%E5%8C%BA%E8%A5%BF%E5%85%AD%E9%83%B72-1-3,35.5512547,139.7111955,2024,ラーメン TOKYO,ramen_tokyo,発表日：2024年12月3日
麺 みつヰ,東京都台東区寿2-9-15,食べログ ラーメン TOKYO 百名店 2024,https://tabelog.com/tokyo/A1311/A131102/13284327/,,https://www.google.com/maps/search/?api=1&query=%E9%BA%BA%20%E3%81%BF%E3%81%A4%E3%83%B0%20%E6%9D%B1%E4%BA%AC%E9%83%BD%E5%8F%B0%E6%9D%B1%E5%8C%BA%E5%AF%BF2-9-15,35.7095426,139.7903309,2024,ラーメン TOKYO,ramen_tokyo,発表日：2024年12月3日
ジャパニーズ ラーメン 五感,東京都豊島区東池袋2-57-2 コスモ東池袋 101,食べログ ラーメン TOKYO 百名店 2024,https://tabelog.com/tokyo/A1305/A130501/13284009/,,https://www.google.com/maps/search/?api=1&query=%E3%82%B8%E3%83%A3%E3%83%91%E3%83%8B%E3%83%BC%E3%82%BA%20%E3%83%A9%E3%83%BC%E3%83%A1%E3%83%B3%20%E4%BA%94%E6%84%9F%20%E6%9D%B1%E4%BA%AC%E9%83%BD%E8%B1%8A%E5%B3%B6%E5%8C%BA%E6%9D%B1%E6%B1%A0%E8%A2%8B2-57-2%20%E3%82%B3%E3%82%B9%E3%83%A2%E6%9D%B1%E6%B1%A0%E8%A2%8B%20101,35.7330881,139.7179144,2024,ラーメン TOKYO,ramen_tokyo,発表日：2024年12月3日
成城青果,東京都世田谷区南烏山3-1-11 芦花パークヒル 1F,食べログ ラーメン TOKYO 百名店 2024,https://tabelog.com/tokyo/A1318/A131809/13247939/,,https://www.google.com/maps/search/?api=1&query=%E6%88%90%E5%9F%8E%E9%9D%92%E6%9E%9C%20%E6%9D%B1%E4%BA%AC%E9%83%BD%E4%B8%96%E7%94%B0%E8%B0%B7%E5%8C%BA%E5%8D%97%E7%83%8F%E5%B1%B13-1-11%20%E8%8A%A6%E8%8A%B1%E3%83%91%E3%83%BC%E3%82%AF%E3%83%92%E3%83%AB%201F,35.6713185,139.6089474,2024,ラーメン TOKYO,ramen_tokyo,発表日：2024年12月3日
メンドコロ キナリ,東京都中野区東中野1-51-4 大総ビル 1F,食べログ ラーメン TOKYO 百名店 2024,https://tabelog.com/tokyo/A1319/A131901/13221001/,,https://www.google.com/maps/search/?api=1&query=%E3%83%A1%E3%83%B3%E3%83%89%E3%82%B3%E3%83%AD%20%E3%82%AD%E3%83%8A%E3%83%AA%20%E6%9D%B1%E4%BA%AC%E9%83%BD%E4%B8%AD%E9%87%8E%E5%8C%BA%E6%9D%B1%E4%B8%AD%E9%87%8E1-51-4%20%E5%A4%A7%E7%B7%8F%E3%83%93%E3%83%AB%201F,35.7056635,139.6861716,2024,ラーメン TOKYO,ramen_tokyo,発表日：2024年12月3日
こうかいぼう,東京都江東区深川2-13-10 ニックハイム深川 1F,食べログ ラーメン TOKYO 百名店 2024,https://tabelog.com/tokyo/A1313/A131303/13005052/,,https://www.google.com/maps/search/?api=1&query=%E3%81%93%E3%81%86%E3%81%8B%E3%81%84%E3%81%BC%E3%81%86%20%E6%9D%B1%E4%BA%AC%E9%83%BD%E6%B1%9F%E6%9D%B1%E5%8C%BA%E6%B7%B1%E5%B7%9D2-13-10%20%E3%83%8B%E3%83%83%E3%82%AF%E3%83%8F%E3%82%A4%E3%83%A0%E6%B7%B1%E5%B7%9D%201F,35.6753095,139.7988116,2024,ラーメン TOKYO,ramen_tokyo,発表日：2024年12月3日
麺屋一燈,東京都葛飾区東新小岩1-4-17,食べログ ラーメン TOKYO 百名店 2024,https://tabelog.com/tokyo/A1312/A131204/13111737/,,https://www.google.com/maps/search/?api=1&query=%E9%BA%BA%E5%B1%8B%E4%B8%80%E7%87%88%20%E6%9D%B1%E4%BA%AC%E9%83%BD%E8%91%9B%E9%A3%BE%E5%8C%BA%E6%9D%B1%E6%96%B0%E5%B0%8F%E5%B2%A91-4-17,35.7188318,139.8577053,2024,ラーメン TOKYO,ramen_tokyo,発表日：2024年12月3日
入鹿TOKYO,東京都東久留米市本町1-4-28,食べログ ラーメン TOKYO 百名店 2024,https://tabelog.com/tokyo/A1328/A132802/13234223/,,https://www.google.com/maps/search/?api=1&query=%E5%85%A5%E9%B9%BFTOKYO%20%E6%9D%B1%E4%BA%AC%E9%83%BD%E6%9D%B1%E4%B9%85%E7%95%99%E7%B1%B3%E5%B8%82%E6%9C%AC%E7%94%BA1-4-28,35.7592219,139.5321558,2024,ラーメン TOKYO,ramen_tokyo,発表日：2024年12月3日
大島,東京都江戸川区船堀6-7-13,食べログ ラーメン TOKYO 百名店 2024,https://tabelog.com/tokyo/A1312/A131205/13155875/,,https://www.google.com/maps/search/?api=1&query=%E5%A4%A7%E5%B3%B6%20%E6%9D%B1%E4%BA%AC%E9%83%BD%E6%B1%9F%E6%88%B8%E5%B7%9D%E5%8C%BA%E8%88%B9%E5%A0%806-7-13,35.6795891,139.8699886,2024,ラーメン TOKYO,ramen_tokyo,発表日：2024年12月3日
手打麺祭 かめ囲,東京都調布市菊野台1-55-1 コーポえびすい 1F,食べログ ラーメン TOKYO 百名店 2024,https://tabelog.com/tokyo/A1326/A132601/13273350/,,https://www.google.com/maps/search/?api=1&query=%E6%89%8B%E6%89%93%E9%BA%BA%E7%A5%AD%20%E3%81%8B%E3%82%81%E5%9B%B2%20%E6%9D%B1%E4%BA%AC%E9%83%BD%E8%AA%BF%E5%B8%83%E5%B8%82%E8%8F%8A%E9%87%8E%E5%8F%B01-55-1%20%E3%82%B3%E3%83%BC%E3%83%9D%E3%81%88%E3%81%B3%E3%81%99%E3%81%84%201F,35.6546278,139.5643700,2024,ラーメン TOKYO,ramen_tokyo,発表日：2024年12月3日
中華ソバ 伊吹,東京都板橋区前野町4-58-10 見次パークマンション 1F,食べログ ラーメン TOKYO 百名店 2024,https://tabelog.com/tokyo/A1322/A132205/13163874/,,https://www.google.com/maps/search/?api=1&query=%E4%B8%AD%E8%8F%AF%E3%82%BD%E3%83%90%20%E4%BC%8A%E5%90%B9%20%E6%9D%B1%E4%BA%AC%E9%83%BD%E6%9D%BF%E6%A9%8B%E5%8C%BA%E5%89%8D%E9%87%8E%E7%94%BA4-58-10%20%E8%A6%8B%E6%AC%A1%E3%83%91%E3%83%BC%E3%82%AF%E3%83%9E%E3%83%B3%E3%82%B7%E3%83%A7%E3%83%B3%201F,35.7727013,139.6925532,2024,ラーメン TOKYO,ramen_tokyo,発表日：2024年12月3日
麺笑 巧真,東京都八王子市明神町4-12-2,食べログ ラーメン TOKYO 百名店 2024,https://tabelog.com/tokyo/A1329/A132904/13246669/,,https://www.google.com/maps/search/?api=1&query=%E9%BA%BA%E7%AC%91%20%E5%B7%A7%E7%9C%9F%20%E6%9D%B1%E4%BA%AC%E9%83%BD%E5%85%AB%E7%8E%8B%E5%AD%90%E5%B8%82%E6%98%8E%E7%A5%9E%E7%94%BA4-12-2,35.6597623,139.3419699,2024,ラーメン TOKYO,ramen_tokyo,発表日：2024年12月3日
中華そば 児ノ木,東京都新宿区上落合1-5-3,食べログ ラーメン TOKYO 百名店 2024,https://tabelog.com/tokyo/A1319/A131901/13154006/,,https://www.google.com/maps/search/?api=1&query=%E4%B8%AD%E8%8F%AF%E3%81%9D%E3%81%B0%20%E5%85%90%E3%83%8E%E6%9C%A8%20%E6%9D%B1%E4%BA%AC%E9%83%BD%E6%96%B0%E5%AE%BF%E5%8C%BA%E4%B8%8A%E8%90%BD%E5%90%881-5-3,35.7112300,139.6912971,2024,ラーメン TOKYO,ramen_tokyo,発表日：2024年12月3日
三馬路 東京店,東京都千代田区内神田2-9-6 祥司ビル 1F,食べログ ラーメン TOKYO 百名店 2024,https://tabelog.com/tokyo/A1310/A131002/13266565/,,https://www.google.com/maps/search/?api=1&query=%E4%B8%89%E9%A6%AC%E8%B7%AF%20%E6%9D%B1%E4%BA%AC%E5%BA%97%20%E6%9D%B1%E4%BA%AC%E9%83%BD%E5%8D%83%E4%BB%A3%E7%94%B0%E5%8C%BA%E5%86%85%E7%A5%9E%E7%94%B02-9-6%20%E7%A5%A5%E5%8F%B8%E3%83%93%E3%83%AB%201F,35.6910603,139.7682113,2024,ラーメン TOKYO,ramen_tokyo,発表日：2024年12月3日
長男、ほそのたかし,東京都練馬区旭丘1-68-12 第4正道江古田ビル 1F,食べログ ラーメン TOKYO 百名店 2024,https://tabelog.com/tokyo/A1321/A132101/13261549/,,https://www.google.com/maps/search/?api=1&query=%E9%95%B7%E7%94%B7%E3%80%81%E3%81%BB%E3%81%9D%E3%81%AE%E3%81%9F%E3%81%8B%E3%81%97%20%E6%9D%B1%E4%BA%AC%E9%83%BD%E7%B7%B4%E9%A6%AC%E5%8C%BA%E6%97%AD%E4%B8%981-68-12%20%E7%AC%AC4%E6%AD%A3%E9%81%93%E6%B1%9F%E5%8F%A4%E7%94%B0%E3%83%93%E3%83%AB%201F,35.7363725,139.6740978,2024,ラーメン TOKYO,ramen_tokyo,発表日：2024年12月3日
らーめん亭 ひなり竜王,東京都大田区大森中2-14-17,食べログ ラーメン TOKYO 百名店 2024,https://tabelog.com/tokyo/A1315/A131503/13276299/,,https://www.google.com/maps/search/?api=1&query=%E3%82%89%E3%83%BC%E3%82%81%E3%82%93%E4%BA%AD%20%E3%81%B2%E3%81%AA%E3%82%8A%E7%AB%9C%E7%8E%8B%20%E6%9D%B1%E4%BA%AC%E9%83%BD%E5%A4%A7%E7%94%B0%E5%8C%BA%E5%A4%A7%E6%A3%AE%E4%B8%AD2-14-17,35.5673558,139.7356380,2024,ラーメン TOKYO,ramen_tokyo,発表日：2024年12月3日
つけ麺 和 東京本店,東京都足立区西竹ノ塚1-12-9 共栄ビル 1F,食べログ ラーメン TOKYO 百名店 2024,https://tabelog.com/tokyo/A1324/A132404/13217032/,,https://www.google.com/maps/search/?api=1&query=%E3%81%A4%E3%81%91%E9%BA%BA%20%E5%92%8C%20%E6%9D%B1%E4%BA%AC%E6%9C%AC%E5%BA%97%20%E6%9D%B1%E4%BA%AC%E9%83%BD%E8%B6%B3%E7%AB%8B%E5%8C%BA%E8%A5%BF%E7%AB%B9%E3%83%8E%E5%A1%9A1-12-9%20%E5%85%B1%E6%A0%84%E3%83%93%E3%83%AB%201F,35.7938191,139.7894459,2024,ラーメン TOKYO,ramen_tokyo,発表日：2024年12月3日
味噌麺処 田坂屋,東京都豊島区西池袋3-30-2 フェリース西池袋 1F,食べログ ラーメン TOKYO 百名店 2024,https://tabelog.com/tokyo/A1305/A130501/13282625/,,https://www.google.com/maps/search/?api=1&query=%E5%91%B3%E5%99%8C%E9%BA%BA%E5%87%A6%20%E7%94%B0%E5%9D%82%E5%B1%8B%20%E6%9D%B1%E4%BA%AC%E9%83%BD%E8%B1%8A%E5%B3%B6%E5%8C%BA%E8%A5%BF%E6%B1%A0%E8%A2%8B3-30-2%20%E3%83%95%E3%82%A7%E3%83%AA%E3%83%BC%E3%82%B9%E8%A5%BF%E6%B1%A0%E8%A2%8B%201F,35.7306015,139.7068150,2024,ラーメン TOKYO,ramen_tokyo,発表日：2024年12月3日
麺処 しろくろ,東京都杉並区上高井戸1-1-7,食べログ ラーメン TOKYO 百名店 2024,https://tabelog.com/tokyo/A1318/A131809/13242508/,,https://www.google.com/maps/search/?api=1&query=%E9%BA%BA%E5%87%A6%20%E3%81%97%E3%82%8D%E3%81%8F%E3%82%8D%20%E6%9D%B1%E4%BA%AC%E9%83%BD%E6%9D%89%E4%B8%A6%E5%8C%BA%E4%B8%8A%E9%AB%98%E4%BA%95%E6%88%B81-1-7,35.6697704,139.6155377,2024,ラーメン TOKYO,ramen_tokyo,発表日：2024年12月3日
三ん寅,東京都新宿区山吹町362 プレステージ362,食べログ ラーメン TOKYO 百名店 2024,https://tabelog.com/tokyo/A1309/A130905/13240660/,,https://www.google.com/maps/search/?api=1&query=%E4%B8%89%E3%82%93%E5%AF%85%20%E6%9D%B1%E4%BA%AC%E9%83%BD%E6%96%B0%E5%AE%BF%E5%8C%BA%E5%B1%B1%E5%90%B9%E7%94%BA362%20%E3%83%97%E3%83%AC%E3%82%B9%E3%83%86%E3%83%BC%E3%82%B8362,35.7092467,139.7304052,2024,ラーメン TOKYO,ramen_tokyo,発表日：2024年12月3日
ラーメン屋 トイ・ボックス,東京都荒川区東日暮里1-1-3 1階,食べログ ラーメン TOKYO 百名店 2024,https://tabelog.com/tokyo/A1324/A132401/13162973/,,https://www.google.com/maps/search/?api=1&query=%E3%83%A9%E3%83%BC%E3%83%A1%E3%83%B3%E5%B1%8B%20%E3%83%88%E3%82%A4%E3%83%BB%E3%83%9C%E3%83%83%E3%82%AF%E3%82%B9%20%E6%9D%B1%E4%BA%AC%E9%83%BD%E8%8D%92%E5%B7%9D%E5%8C%BA%E6%9D%B1%E6%97%A5%E6%9A%AE%E9%87%8C1-1-3%201%E9%9A%8E,35.7311964,139.7920405,2024,ラーメン TOKYO,ramen_tokyo,発表日：2024年12月3日
しおらーめん進化 2nd,東京都町田市大蔵町337-1 第二工藤ビル 1F,食べログ ラーメン TOKYO 百名店 2024,https://tabelog.com/tokyo/A1327/A132701/13277081/,,https://www.google.com/maps/search/?api=1&query=%E3%81%97%E3%81%8A%E3%82%89%E3%83%BC%E3%82%81%E3%82%93%E9%80%B2%E5%8C%96%202nd%20%E6%9D%B1%E4%BA%AC%E9%83%BD%E7%94%BA%E7%94%B0%E5%B8%82%E5%A4%A7%E8%94%B5%E7%94%BA337-1%20%E7%AC%AC%E4%BA%8C%E5%B7%A5%E8%97%A4%E3%83%93%E3%83%AB%201F,35.5874663,139.4688658,2024,ラーメン TOKYO,ramen_tokyo,発表日：2024年12月3日
奈つやの中華そば,東京都大田区下丸子4-4-8,食べログ ラーメン TOKYO 百名店 2024,https://tabelog.com/tokyo/A1317/A131716/13293385/,,https://www.google.com/maps/search/?api=1&query=%E5%A5%88%E3%81%A4%E3%82%84%E3%81%AE%E4%B8%AD%E8%8F%AF%E3%81%9D%E3%81%B0%20%E6%9D%B1%E4%BA%AC%E9%83%BD%E5%A4%A7%E7%94%B0%E5%8C%BA%E4%B8%8B%E4%B8%B8%E5%AD%904-4-8,35.5714028,139.6838912,2024,ラーメン TOKYO,ramen_tokyo,発表日：2024年12月3日
麺屋 さくら井,東京都武蔵野市西久保2-15-27,食べログ ラーメン TOKYO 百名店 2024,https://tabelog.com/tokyo/A1320/A132002/13202438/,,https://www.google.com/maps/search/?api=1&query=%E9%BA%BA%E5%B1%8B%20%E3%81%95%E3%81%8F%E3%82%89%E4%BA%95%20%E6%9D%B1%E4%BA%AC%E9%83%BD%E6%AD%A6%E8%94%B5%E9%87%8E%E5%B8%82%E8%A5%BF%E4%B9%85%E4%BF%9D2-15-27,35.7094858,139.5596199,2024,ラーメン TOKYO,ramen_tokyo,発表日：2024年12月3日
創作麺工房 鳴龍,東京都豊島区南大塚2-34-4 SKY南大塚 1F,食べログ ラーメン TOKYO 百名店 2024,https://tabelog.com/tokyo/A1323/A132302/13141302/,,https://www.google.com/maps/search/?api=1&query=%E5%89%B5%E4%BD%9C%E9%BA%BA%E5%B7%A5%E6%88%BF%20%E9%B3%B4%E9%BE%8D%20%E6%9D%B1%E4%BA%AC%E9%83%BD%E8%B1%8A%E5%B3%B6%E5%8C%BA%E5%8D%97%E5%A4%A7%E5%A1%9A2-34-4%20SKY%E5%8D%97%E5%A4%A7%E5%A1%9A%201F,35.7286843,139.7303508,2024,ラーメン TOKYO,ramen_tokyo,発表日：2024年12月3日
Japanese Soba Noodles 蔦,東京都渋谷区西原3-2-4 フロンティア代々木上原 B1F,食べログ ラーメン TOKYO 百名店 2024,https://tabelog.com/tokyo/A1318/A131811/13241560/,,https://www.google.com/maps/search/?api=1&query=Japanese%20Soba%20Noodles%20%E8%94%A6%20%E6%9D%B1%E4%BA%AC%E9%83%BD%E6%B8%8B%E8%B0%B7%E5%8C%BA%E8%A5%BF%E5%8E%9F3-2-4%20%E3%83%95%E3%83%AD%E3%83%B3%E3%83%86%E3%82%A3%E3%82%A2%E4%BB%A3%E3%80%85%E6%9C%A8%E4%B8%8A%E5%8E%9F%20B1F,35.6704056,139.6824837,2024,ラーメン TOKYO,ramen_tokyo,発表日：2024年12月3日
タンタン,東京都八王子市子安町1-30-6,食べログ ラーメン TOKYO 百名店 2024,https://tabelog.com/tokyo/A1329/A132904/13046007/,,https://www.google.com/maps/search/?api=1&query=%E3%82%BF%E3%83%B3%E3%82%BF%E3%83%B3%20%E6%9D%B1%E4%BA%AC%E9%83%BD%E5%85%AB%E7%8E%8B%E5%AD%90%E5%B8%82%E5%AD%90%E5%AE%89%E7%94%BA1-30-6,35.6519184,139.3403234,2024,ラーメン TOKYO,ramen_tokyo,発表日：2024年12月3日
支那そば たんたん亭,東京都杉並区浜田山3-31-4,食べログ ラーメン TOKYO 百名店 2024,https://tabelog.com/tokyo/A1318/A131805/13000705/,,https://www.google.com/maps/search/?api=1&query=%E6%94%AF%E9%82%A3%E3%81%9D%E3%81%B0%20%E3%81%9F%E3%82%93%E3%81%9F%E3%82%93%E4%BA%AD%20%E6%9D%B1%E4%BA%AC%E9%83%BD%E6%9D%89%E4%B8%A6%E5%8C%BA%E6%B5%9C%E7%94%B0%E5%B1%B13-31-4,35.6818251,139.6274185,2024,ラーメン TOKYO,ramen_tokyo,発表日：2024年12月3日
中華そば 多賀野,東京都品川区中延2-15-10,食べログ ラーメン TOKYO 百名店 2024,https://tabelog.com/tokyo/A1317/A131712/13003421/,,https://www.google.com/maps/search/?api=1&query=%E4%B8%AD%E8%8F%AF%E3%81%9D%E3%81%B0%20%E5%A4%9A%E8%B3%80%E9%87%8E%20%E6%9D%B1%E4%BA%AC%E9%83%BD%E5%93%81%E5%B7%9D%E5%8C%BA%E4%B8%AD%E5%BB%B62-15-10,35.6097235,139.7115685,2024,ラーメン TOKYO,ramen_tokyo,発表日：2024年12月3日
つけそば 神田 勝本,東京都千代田区神田猿楽町1-2-4,食べログ ラーメン TOKYO 百名店 2024,https://tabelog.com/tokyo/A1310/A131003/13192433/,,https://www.google.com/maps/search/?api=1&query=%E3%81%A4%E3%81%91%E3%81%9D%E3%81%B0%20%E7%A5%9E%E7%94%B0%20%E5%8B%9D%E6%9C%AC%20%E6%9D%B1%E4%BA%AC%E9%83%BD%E5%8D%83%E4%BB%A3%E7%94%B0%E5%8C%BA%E7%A5%9E%E7%94%B0%E7%8C%BF%E6%A5%BD%E7%94%BA1-2-4,35.6974963,139.7595724,2024,ラーメン TOKYO,ramen_tokyo,発表日：2024年12月3日
麺屋吉左右,東京都江東区東陽1-11-3,食べログ ラーメン TOKYO 百名店 2024,https://tabelog.com/tokyo/A1313/A131303/13021140/,,https://www.google.com/maps/search/?api=1&query=%E9%BA%BA%E5%B1%8B%E5%90%89%E5%B7%A6%E5%8F%B3%20%E6%9D%B1%E4%BA%AC%E9%83%BD%E6%B1%9F%E6%9D%B1%E5%8C%BA%E6%9D%B1%E9%99%BD1-11-3,35.6684765,139.8103168,2024,ラーメン TOKYO,ramen_tokyo,発表日：2024年12月3日
らぁめん ご恩,東京都中野区大和町1-13-7,食べログ ラーメン TOKYO 百名店 2024,https://tabelog.com/tokyo/A1321/A132104/13269170/,,https://www.google.com/maps/search/?api=1&query=%E3%82%89%E3%81%81%E3%82%81%E3%82%93%20%E3%81%94%E6%81%A9%20%E6%9D%B1%E4%BA%AC%E9%83%BD%E4%B8%AD%E9%87%8E%E5%8C%BA%E5%A4%A7%E5%92%8C%E7%94%BA1-13-7,35.7135092,139.6536091,2024,ラーメン TOKYO,ramen_tokyo,発表日：2024年12月3日
入鹿TOKYO 六本木,東京都港区六本木4-12-12 穂高ビル 1F,食べログ ラーメン TOKYO 百名店 2024,https://tabelog.com/tokyo/A1307/A130701/13264260/,,https://www.google.com/maps/search/?api=1&query=%E5%85%A5%E9%B9%BFTOKYO%20%E5%85%AD%E6%9C%AC%E6%9C%A8%20%E6%9D%B1%E4%BA%AC%E9%83%BD%E6%B8%AF%E5%8C%BA%E5%85%AD%E6%9C%AC%E6%9C%A84-12-12%20%E7%A9%82%E9%AB%98%E3%83%93%E3%83%AB%201F,35.6647700,139.7316827,2024,ラーメン TOKYO,ramen_tokyo,発表日：2024年12月3日
はつね,東京都杉並区西荻南3-11-9,食べログ ラーメン TOKYO 百名店 2024,https://tabelog.com/tokyo/A1319/A131907/13000717/,,https://www.google.com/maps/search/?api=1&query=%E3%81%AF%E3%81%A4%E3%81%AD%20%E6%9D%B1%E4%BA%AC%E9%83%BD%E6%9D%89%E4%B8%A6%E5%8C%BA%E8%A5%BF%E8%8D%BB%E5%8D%973-11-9,35.7034708,139.5998033,2024,ラーメン TOKYO,ramen_tokyo,発表日：2024年12月3日
柴崎亭 つつじヶ丘本店,東京都調布市西つつじケ丘3-25-52,食べログ ラーメン TOKYO 百名店 2024,https://tabelog.com/tokyo/A1326/A132601/13135162/,,https://www.google.com/maps/search/?api=1&query=%E6%9F%B4%E5%B4%8E%E4%BA%AD%20%E3%81%A4%E3%81%A4%E3%81%98%E3%83%B6%E4%B8%98%E6%9C%AC%E5%BA%97%20%E6%9D%B1%E4%BA%AC%E9%83%BD%E8%AA%BF%E5%B8%83%E5%B8%82%E8%A5%BF%E3%81%A4%E3%81%A4%E3%81%98%E3%82%B1%E4%B8%983-25-52,35.6575475,139.5737444,2024,ラーメン TOKYO,ramen_tokyo,発表日：2024年12月3日
あさひ町内会,東京都板橋区板橋3-5-1 リビオタワー板橋 1F,食べログ ラーメン TOKYO 百名店 2024,https://tabelog.com/tokyo/A1322/A132205/13244535/,,https://www.google.com/maps/search/?api=1&query=%E3%81%82%E3%81%95%E3%81%B2%E7%94%BA%E5%86%85%E4%BC%9A%20%E6%9D%B1%E4%BA%AC%E9%83%BD%E6%9D%BF%E6%A9%8B%E5%8C%BA%E6%9D%BF%E6%A9%8B3-5-1%20%E3%83%AA%E3%83%93%E3%82%AA%E3%82%BF%E3%83%AF%E3%83%BC%E6%9D%BF%E6%A9%8B%201F,35.7501124,139.7121674,2024,ラーメン TOKYO,ramen_tokyo,発表日：2024年12月3日
六厘舎 東京駅東京ラーメンストリート,東京都千代田区丸の内1-9-1 東京駅一番街 B1F 東京ラーメンストリート内,食べログ ラーメン TOKYO 百名店 2024,https://tabelog.com/tokyo/A1302/A130201/13093047/,,https://www.google.com/maps/search/?api=1&query=%E5%85%AD%E5%8E%98%E8%88%8E%20%E6%9D%B1%E4%BA%AC%E9%A7%85%E6%9D%B1%E4%BA%AC%E3%83%A9%E3%83%BC%E3%83%A1%E3%83%B3%E3%82%B9%E3%83%88%E3%83%AA%E3%83%BC%E3%83%88%20%E6%9D%B1%E4%BA%AC%E9%83%BD%E5%8D%83%E4%BB%A3%E7%94%B0%E5%8C%BA%E4%B8%B8%E3%81%AE%E5%86%851-9-1%20%E6%9D%B1%E4%BA%AC%E9%A7%85%E4%B8%80%E7%95%AA%E8%A1%97%20B1F%20%E6%9D%B1%E4%BA%AC%E3%83%A9%E3%83%BC%E3%83%A1%E3%83%B3%E3%82%B9%E3%83%88%E3%83%AA%E3%83%BC%E3%83%88%E5%86%85,35.6800613,139.7678543,2024,ラーメン TOKYO,ramen_tokyo,発表日：2024年12月3日
中華そば 西川,東京都世田谷区砧2-15-10 メゾンドオーポン 1F,食べログ ラーメン TOKYO 百名店 2024,https://tabelog.com/tokyo/A1318/A131813/13213036/,,https://www.google.com/maps/search/?api=1&query=%E4%B8%AD%E8%8F%AF%E3%81%9D%E3%81%B0%20%E8%A5%BF%E5%B7%9D%20%E6%9D%B1%E4%BA%AC%E9%83%BD%E4%B8%96%E7%94%B0%E8%B0%B7%E5%8C%BA%E7%A0%A72-15-10%20%E3%83%A1%E3%82%BE%E3%83%B3%E3%83%89%E3%82%AA%E3%83%BC%E3%83%9D%E3%83%B3%201F,35.6442286,139.6181611,2024,ラーメン TOKYO,ramen_tokyo,発表日：2024年12月3日
らぁめん 山と樹,東京都杉並区高円寺南5-21-7 高円寺マンション 107,食べログ ラーメン TOKYO 百名店 2024,https://tabelog.com/tokyo/A1319/A131904/13204607/,,https://www.google.com/maps/search/?api=1&query=%E3%82%89%E3%81%81%E3%82%81%E3%82%93%20%E5%B1%B1%E3%81%A8%E6%A8%B9%20%E6%9D%B1%E4%BA%AC%E9%83%BD%E6%9D%89%E4%B8%A6%E5%8C%BA%E9%AB%98%E5%86%86%E5%AF%BA%E5%8D%975-21-7%20%E9%AB%98%E5%86%86%E5%AF%BA%E3%83%9E%E3%83%B3%E3%82%B7%E3%83%A7%E3%83%B3%20107,35.7035040,139.6550777,2024,ラーメン TOKYO,ramen_tokyo,発表日：2024年12月3日
麺処 びぎ屋 学芸大学本店,東京都目黒区鷹番2-4-9,食べログ ラーメン TOKYO 百名店 2024,https://tabelog.com/tokyo/A1317/A131702/13093976/,,https://www.google.com/maps/search/?api=1&query=%E9%BA%BA%E5%87%A6%20%E3%81%B3%E3%81%8E%E5%B1%8B%20%E5%AD%A6%E8%8A%B8%E5%A4%A7%E5%AD%A6%E6%9C%AC%E5%BA%97%20%E6%9D%B1%E4%BA%AC%E9%83%BD%E7%9B%AE%E9%BB%92%E5%8C%BA%E9%B7%B9%E7%95%AA2-4-9,35.6288124,139.6891317,2024,ラーメン TOKYO,ramen_tokyo,発表日：2024年12月3日
スパイス・ラー麺 卍力 西葛西店,東京都江戸川区西葛西3-16-5 スワームマンションⅡ 1F,食べログ ラーメン TOKYO 百名店 2024,https://tabelog.com/tokyo/A1313/A131305/13168253/,,https://www.google.com/maps/search/?api=1&query=%E3%82%B9%E3%83%91%E3%82%A4%E3%82%B9%E3%83%BB%E3%83%A9%E3%83%BC%E9%BA%BA%20%E5%8D%8D%E5%8A%9B%20%E8%A5%BF%E8%91%9B%E8%A5%BF%E5%BA%97%20%E6%9D%B1%E4%BA%AC%E9%83%BD%E6%B1%9F%E6%88%B8%E5%B7%9D%E5%8C%BA%E8%A5%BF%E8%91%9B%E8%A5%BF3-16-5%20%E3%82%B9%E3%83%AF%E3%83%BC%E3%83%A0%E3%83%9E%E3%83%B3%E3%82%B7%E3%83%A7%E3%83%B3%E2%85%A1%201F,35.6658696,139.8579849,2024,ラーメン TOKYO,ramen_tokyo,発表日：2024年12月3日
寿製麺 よしかわ 西台駅前店,東京都板橋区蓮根3-8-14,食べログ ラーメン TOKYO 百名店 2024,https://tabelog.com/tokyo/A1322/A132205/13228611/,,https://www.google.com/maps/search/?api=1&query=%E5%AF%BF%E8%A3%BD%E9%BA%BA%20%E3%82%88%E3%81%97%E3%81%8B%E3%82%8F%20%E8%A5%BF%E5%8F%B0%E9%A7%85%E5%89%8D%E5%BA%97%20%E6%9D%B1%E4%BA%AC%E9%83%BD%E6%9D%BF%E6%A9%8B%E5%8C%BA%E8%93%AE%E6%A0%B93-8-14,35.7859170,139.6747347,2024,ラーメン TOKYO,ramen_tokyo,発表日：2024年12月3日
自家製中華そば としおか,東京都新宿区弁天町20,食べログ ラーメン TOKYO 百名店 2024,https://tabelog.com/tokyo/A1305/A130504/13182315/,,https://www.google.com/maps/search/?api=1&query=%E8%87%AA%E5%AE%B6%E8%A3%BD%E4%B8%AD%E8%8F%AF%E3%81%9D%E3%81%B0%20%E3%81%A8%E3%81%97%E3%81%8A%E3%81%8B%20%E6%9D%B1%E4%BA%AC%E9%83%BD%E6%96%B0%E5%AE%BF%E5%8C%BA%E5%BC%81%E5%A4%A9%E7%94%BA20,35.7047087,139.7265393,2024,ラーメン TOKYO,ramen_tokyo,発表日：2024年12月3日
饗 くろ喜,東京都台東区浅草橋1-28-9 ROJI ASAKUSABASHI 1F,食べログ ラーメン TOKYO 百名店 2024,https://tabelog.com/tokyo/A1311/A131103/13290780/,,https://www.google.com/maps/search/?api=1&query=%E9%A5%97%20%E3%81%8F%E3%82%8D%E5%96%9C%20%E6%9D%B1%E4%BA%AC%E9%83%BD%E5%8F%B0%E6%9D%B1%E5%8C%BA%E6%B5%85%E8%8D%89%E6%A9%8B1-28-9%20ROJI%20ASAKUSABASHI%201F,35.6980047,139.7854566,2024,ラーメン TOKYO,ramen_tokyo,発表日：2024年12月3日
らーめん改,東京都台東区蔵前4-20-10 宮内ビル 1F,食べログ ラーメン TOKYO 百名店 2024,https://tabelog.com/tokyo/A1311/A131103/13191776/,,https://www.google.com/maps/search/?api=1&query=%E3%82%89%E3%83%BC%E3%82%81%E3%82%93%E6%94%B9%20%E6%9D%B1%E4%BA%AC%E9%83%BD%E5%8F%B0%E6%9D%B1%E5%8C%BA%E8%94%B5%E5%89%8D4-20-10%20%E5%AE%AE%E5%86%85%E3%83%93%E3%83%AB%201F,35.7044486,139.7901650,2024,ラーメン TOKYO,ramen_tokyo,発表日：2024年12月3日
手打ち 蓮,東京都墨田区千歳3-16-2,食べログ ラーメン TOKYO 百名店 2024,https://tabelog.com/tokyo/A1312/A131201/13278390/,,https://www.google.com/maps/search/?api=1&query=%E6%89%8B%E6%89%93%E3%81%A1%20%E8%93%AE%20%E6%9D%B1%E4%BA%AC%E9%83%BD%E5%A2%A8%E7%94%B0%E5%8C%BA%E5%8D%83%E6%AD%B33-16-2,35.6914631,139.7959167,2024,ラーメン TOKYO,ramen_tokyo,発表日：2024年12月3日
RAMEN MATSUI,東京都新宿区四谷4-25-10 ダイアパレス御苑前 B-2,食べログ ラーメン TOKYO 百名店 2024,https://tabelog.com/tokyo/A1304/A130402/13285098/,,https://www.google.com/maps/search/?api=1&query=RAMEN%20MATSUI%20%E6%9D%B1%E4%BA%AC%E9%83%BD%E6%96%B0%E5%AE%BF%E5%8C%BA%E5%9B%9B%E8%B0%B74-25-10%20%E3%83%80%E3%82%A4%E3%82%A2%E3%83%91%E3%83%AC%E3%82%B9%E5%BE%A1%E8%8B%91%E5%89%8D%20B-2,35.6890791,139.7155100,2024,ラーメン TOKYO,ramen_tokyo,発表日：2024年12月3日
麺 ふじさき,東京都江東区亀戸2-8-11 アドリーム亀戸 1F,食べログ ラーメン TOKYO 百名店 2024,https://tabelog.com/tokyo/A1312/A131202/13276443/,,https://www.google.com/maps/search/?api=1&query=%E9%BA%BA%20%E3%81%B5%E3%81%98%E3%81%95%E3%81%8D%20%E6%9D%B1%E4%BA%AC%E9%83%BD%E6%B1%9F%E6%9D%B1%E5%8C%BA%E4%BA%80%E6%88%B82-8-11%20%E3%82%A2%E3%83%89%E3%83%AA%E3%83%BC%E3%83%A0%E4%BA%80%E6%88%B8%201F,35.7014573,139.8227618,2024,ラーメン TOKYO,ramen_tokyo,発表日：2024年12月3日
田中商店 本店,東京都足立区一ツ家2-14-6,食べログ ラーメン TOKYO 百名店 2024,https://tabelog.com/tokyo/A1324/A132404/13003726/,,https://www.google.com/maps/search/?api=1&query=%E7%94%B0%E4%B8%AD%E5%95%86%E5%BA%97%20%E6%9C%AC%E5%BA%97%20%E6%9D%B1%E4%BA%AC%E9%83%BD%E8%B6%B3%E7%AB%8B%E5%8C%BA%E4%B8%80%E3%83%84%E5%AE%B62-14-6,35.7846658,139.8109256,2024,ラーメン TOKYO,ramen_tokyo,発表日：2024年12月3日
燦燦斗,東京都北区中十条3-16-15,食べログ ラーメン TOKYO 百名店 2024,https://tabelog.com/tokyo/A1323/A132304/13038064/,,https://www.google.com/maps/search/?api=1&query=%E7%87%A6%E7%87%A6%E6%96%97%20%E6%9D%B1%E4%BA%AC%E9%83%BD%E5%8C%97%E5%8C%BA%E4%B8%AD%E5%8D%81%E6%9D%A13-16-15,35.7645882,139.7258011,2024,ラーメン TOKYO,ramen_tokyo,発表日：2024年12月3日
Ramen にじゅうぶんのいち,東京都荒川区東尾久2-19-10 西脇ビル 1F,食べログ ラーメン TOKYO 百名店 2024,https://tabelog.com/tokyo/A1324/A132401/13147594/,,https://www.google.com/maps/search/?api=1&query=Ramen%20%E3%81%AB%E3%81%98%E3%82%85%E3%81%86%E3%81%B6%E3%82%93%E3%81%AE%E3%81%84%E3%81%A1%20%E6%9D%B1%E4%BA%AC%E9%83%BD%E8%8D%92%E5%B7%9D%E5%8C%BA%E6%9D%B1%E5%B0%BE%E4%B9%852-19-10%20%E8%A5%BF%E8%84%87%E3%83%93%E3%83%AB%201F,35.7446011,139.7729376,2024,ラーメン TOKYO,ramen_tokyo,発表日：2024年12月3日
はやし,東京都渋谷区道玄坂1-14-9 ソシアル道玄坂 1F,食べログ ラーメン TOKYO 百名店 2024,https://tabelog.com/tokyo/A1303/A130301/13003367/,,https://www.google.com/maps/search/?api=1&query=%E3%81%AF%E3%82%84%E3%81%97%20%E6%9D%B1%E4%BA%AC%E9%83%BD%E6%B8%8B%E8%B0%B7%E5%8C%BA%E9%81%93%E7%8E%84%E5%9D%821-14-9%20%E3%82%BD%E3%82%B7%E3%82%A2%E3%83%AB%E9%81%93%E7%8E%84%E5%9D%82%201F,35.6573337,139.6979915,2024,ラーメン TOKYO,ramen_tokyo,発表日：2024年12月3日
麺屋鈴春,東京都文京区本郷2-26-1 福重ビル 1F,食べログ ラーメン TOKYO 百名店 2024,https://tabelog.com/tokyo/A1310/A131004/13250293/,,https://www.google.com/maps/search/?api=1&query=%E9%BA%BA%E5%B1%8B%E9%88%B4%E6%98%A5%20%E6%9D%B1%E4%BA%AC%E9%83%BD%E6%96%87%E4%BA%AC%E5%8C%BA%E6%9C%AC%E9%83%B72-26-1%20%E7%A6%8F%E9%87%8D%E3%83%93%E3%83%AB%201F,35.7048835,139.7608247,2024,ラーメン TOKYO,ramen_tokyo,発表日：2024年12月3日
Homemade Ramen 麦苗,東京都品川区南大井6-11-10,食べログ ラーメン TOKYO 百名店 2024,https://tabelog.com/tokyo/A1315/A131502/13194812/,,https://www.google.com/maps/search/?api=1&query=Homemade%20Ramen%20%E9%BA%A6%E8%8B%97%20%E6%9D%B1%E4%BA%AC%E9%83%BD%E5%93%81%E5%B7%9D%E5%8C%BA%E5%8D%97%E5%A4%A7%E4%BA%956-11-10,35.5907851,139.7328123,2024,ラーメン TOKYO,ramen_tokyo,発表日：2024年12月3日
麺創庵 砂田,東京都豊島区巣鴨4-24-6 富士ビル,食べログ ラーメン TOKYO 百名店 2024,https://tabelog.com/tokyo/A1322/A132201/13246362/,,https://www.google.com/maps/search/?api=1&query=%E9%BA%BA%E5%89%B5%E5%BA%B5%20%E7%A0%82%E7%94%B0%20%E6%9D%B1%E4%BA%AC%E9%83%BD%E8%B1%8A%E5%B3%B6%E5%8C%BA%E5%B7%A3%E9%B4%A84-24-6%20%E5%AF%8C%E5%A3%AB%E3%83%93%E3%83%AB,35.7373955,139.7336153,2024,ラーメン TOKYO,ramen_tokyo,発表日：2024年12月3日
桜上水 船越,東京都杉並区下高井戸1-21-10 1F,食べログ ラーメン TOKYO 百名店 2024,https://tabelog.com/tokyo/A1318/A131809/13281101/,,https://www.google.com/maps/search/?api=1&query=%E6%A1%9C%E4%B8%8A%E6%B0%B4%20%E8%88%B9%E8%B6%8A%20%E6%9D%B1%E4%BA%AC%E9%83%BD%E6%9D%89%E4%B8%A6%E5%8C%BA%E4%B8%8B%E9%AB%98%E4%BA%95%E6%88%B81-21-10%201F,35.6688289,139.6335773,2024,ラーメン TOKYO,ramen_tokyo,発表日：2024年12月3日
キング製麺,東京都北区王子本町1-14-1 高崎ビル 1F,食べログ ラーメン TOKYO 百名店 2024,https://tabelog.com/tokyo/A1323/A132303/13232817/,,https://www.google.com/maps/search/?api=1&query=%E3%82%AD%E3%83%B3%E3%82%B0%E8%A3%BD%E9%BA%BA%20%E6%9D%B1%E4%BA%AC%E9%83%BD%E5%8C%97%E5%8C%BA%E7%8E%8B%E5%AD%90%E6%9C%AC%E7%94%BA1-14-1%20%E9%AB%98%E5%B4%8E%E3%83%93%E3%83%AB%201F,35.7534157,139.7338294,2024,ラーメン TOKYO,ramen_tokyo,発表日：2024年12月3日
らーめんMAIKAGURA,東京都世田谷区船橋1-38-4,食べログ ラーメン TOKYO 百名店 2024,https://tabelog.com/tokyo/A1318/A131813/13218425/,,https://www.google.com/maps/search/?api=1&query=%E3%82%89%E3%83%BC%E3%82%81%E3%82%93MAIKAGURA%20%E6%9D%B1%E4%BA%AC%E9%83%BD%E4%B8%96%E7%94%B0%E8%B0%B7%E5%8C%BA%E8%88%B9%E6%A9%8B1-38-4,35.6480703,139.6189883,2024,ラーメン TOKYO,ramen_tokyo,発表日：2024年12月3日
支那ソバ おさだ,東京都板橋区大山金井町38-1,食べログ ラーメン TOKYO 百名店 2024,https://tabelog.com/tokyo/A1322/A132203/13266841/,,https://www.google.com/maps/search/?api=1&query=%E6%94%AF%E9%82%A3%E3%82%BD%E3%83%90%20%E3%81%8A%E3%81%95%E3%81%A0%20%E6%9D%B1%E4%BA%AC%E9%83%BD%E6%9D%BF%E6%A9%8B%E5%8C%BA%E5%A4%A7%E5%B1%B1%E9%87%91%E4%BA%95%E7%94%BA38-1,35.7475056,139.7041997,2024,ラーメン TOKYO,ramen_tokyo,発表日：2024年12月3日
中華そば屋 伊藤,東京都北区豊島4-5-3,食べログ ラーメン TOKYO 百名店 2024,https://tabelog.com/tokyo/A1323/A132304/13008779/,,https://www.google.com/maps/search/?api=1&query=%E4%B8%AD%E8%8F%AF%E3%81%9D%E3%81%B0%E5%B1%8B%20%E4%BC%8A%E8%97%A4%20%E6%9D%B1%E4%BA%AC%E9%83%BD%E5%8C%97%E5%8C%BA%E8%B1%8A%E5%B3%B64-5-3,35.7632413,139.7459579,2024,ラーメン TOKYO,ramen_tokyo,発表日：2024年12月3日
塩そば 時空,東京都杉並区高井戸東4-14-7,食べログ ラーメン TOKYO 百名店 2024,https://tabelog.com/tokyo/A1319/A131906/13287906/,,https://www.google.com/maps/search/?api=1&query=%E5%A1%A9%E3%81%9D%E3%81%B0%20%E6%99%82%E7%A9%BA%20%E6%9D%B1%E4%BA%AC%E9%83%BD%E6%9D%89%E4%B8%A6%E5%8C%BA%E9%AB%98%E4%BA%95%E6%88%B8%E6%9D%B14-14-7,35.6897495,139.6189773,2024,ラーメン TOKYO,ramen_tokyo,発表日：2024年12月3日
麺屋 翔 本店,東京都新宿区西新宿7-22-34,食べログ ラーメン TOKYO 百名店 2024,https://tabelog.com/tokyo/A1304/A130401/13040181/,,https://www.google.com/maps/search/?api=1&query=%E9%BA%BA%E5%B1%8B%20%E7%BF%94%20%E6%9C%AC%E5%BA%97%20%E6%9D%B1%E4%BA%AC%E9%83%BD%E6%96%B0%E5%AE%BF%E5%8C%BA%E8%A5%BF%E6%96%B0%E5%AE%BF7-22-34,35.6966029,139.6966100,2024,ラーメン TOKYO,ramen_tokyo,発表日：2024年12月3日
メヂカそば 吟魚,東京都日野市石田2-9-1,食べログ ラーメン TOKYO 百名店 2024,https://tabelog.com/tokyo/A1329/A132903/13272366/,,https://www.google.com/maps/search/?api=1&query=%E3%83%A1%E3%83%82%E3%82%AB%E3%81%9D%E3%81%B0%20%E5%90%9F%E9%AD%9A%20%E6%9D%B1%E4%BA%AC%E9%83%BD%E6%97%A5%E9%87%8E%E5%B8%82%E7%9F%B3%E7%94%B02-9-1,35.6696180,139.4191363,2024,ラーメン TOKYO,ramen_tokyo,発表日：2024年12月3日
神名備,東京都文京区千駄木4-21-3,食べログ ラーメン TOKYO 百名店 2024,https://tabelog.com/tokyo/A1311/A131105/13006070/,,https://www.google.com/maps/search/?api=1&query=%E7%A5%9E%E5%90%8D%E5%82%99%20%E6%9D%B1%E4%BA%AC%E9%83%BD%E6%96%87%E4%BA%AC%E5%8C%BA%E5%8D%83%E9%A7%84%E6%9C%A84-21-3,35.7310989,139.7607357,2024,ラーメン TOKYO,ramen_tokyo,発表日：2024年12月3日
一条流がんこ総本家分家四谷荒木町,東京都新宿区舟町4-1 メゾンド四谷 106,食べログ ラーメン TOKYO 百名店 2024,https://tabelog.com/tokyo/A1309/A130903/13126058/,,https://www.google.com/maps/search/?api=1&query=%E4%B8%80%E6%9D%A1%E6%B5%81%E3%81%8C%E3%82%93%E3%81%93%E7%B7%8F%E6%9C%AC%E5%AE%B6%E5%88%86%E5%AE%B6%E5%9B%9B%E8%B0%B7%E8%8D%92%E6%9C%A8%E7%94%BA%20%E6%9D%B1%E4%BA%AC%E9%83%BD%E6%96%B0%E5%AE%BF%E5%8C%BA%E8%88%9F%E7%94%BA4-1%20%E3%83%A1%E3%82%BE%E3%83%B3%E3%83%89%E5%9B%9B%E8%B0%B7%20106,35.6892677,139.7215066,2024,ラーメン TOKYO,ramen_tokyo,発表日：2024年12月3日
中華そば べんてん,東京都練馬区旭町3-25-2,食べログ ラーメン TOKYO 百名店 2024,https://tabelog.com/tokyo/A1322/A132204/13200351/,,https://www.google.com/maps/search/?api=1&query=%E4%B8%AD%E8%8F%AF%E3%81%9D%E3%81%B0%20%E3%81%B9%E3%82%93%E3%81%A6%E3%82%93%20%E6%9D%B1%E4%BA%AC%E9%83%BD%E7%B7%B4%E9%A6%AC%E5%8C%BA%E6%97%AD%E7%94%BA3-25-2,35.7761627,139.6292513,2024,ラーメン TOKYO,ramen_tokyo,発表日：2024年12月3日
らぁ麺や 嶋,東京都渋谷区本町3-41-12,食べログ ラーメン TOKYO 百名店 2024,https://tabelog.com/tokyo/A1304/A130401/13247487/,,https://www.google.com/maps/search/?api=1&query=%E3%82%89%E3%81%81%E9%BA%BA%E3%82%84%20%E5%B6%8B%20%E6%9D%B1%E4%BA%AC%E9%83%BD%E6%B8%8B%E8%B0%B7%E5%8C%BA%E6%9C%AC%E7%94%BA3-41-12,35.6883418,139.6808741,2024,ラーメン TOKYO,ramen_tokyo,発表日：2024年12月3日
中華そば 鴨福,東京都八王子市小門町5-3,食べログ ラーメン TOKYO 百名店 2024,https://tabelog.com/tokyo/A1329/A132904/13297180/,,https://www.google.com/maps/search/?api=1&query=%E4%B8%AD%E8%8F%AF%E3%81%9D%E3%81%B0%20%E9%B4%A8%E7%A6%8F%20%E6%9D%B1%E4%BA%AC%E9%83%BD%E5%85%AB%E7%8E%8B%E5%AD%90%E5%B8%82%E5%B0%8F%E9%96%80%E7%94%BA5-3,35.6574430,139.3279250,2024,ラーメン TOKYO,ramen_tokyo,発表日：2024年12月3日
燎,東京都中央区新富1-9-5 SOPHIA GINZA 1F,食べログ ラーメン TOKYO 百名店 2024,https://tabelog.com/tokyo/A1313/A131301/13296303/,,https://www.google.com/maps/search/?api=1&query=%E7%87%8E%20%E6%9D%B1%E4%BA%AC%E9%83%BD%E4%B8%AD%E5%A4%AE%E5%8C%BA%E6%96%B0%E5%AF%8C1-9-5%20SOPHIA%20GINZA%201F,35.6721044,139.7742658,2024,ラーメン TOKYO,ramen_tokyo,発表日：2024年12月3日
純手打ち だるま,東京都杉並区和田1-18-3,食べログ ラーメン TOKYO 百名店 2024,https://tabelog.com/tokyo/A1319/A131903/13218715/,,https://www.google.com/maps/search/?api=1&query=%E7%B4%94%E6%89%8B%E6%89%93%E3%81%A1%20%E3%81%A0%E3%82%8B%E3%81%BE%20%E6%9D%B1%E4%BA%AC%E9%83%BD%E6%9D%89%E4%B8%A6%E5%8C%BA%E5%92%8C%E7%94%B01-18-3,35.6909510,139.6665315,2024,ラーメン TOKYO,ramen_tokyo,発表日：2024年12月3日
Tokyo Style Noodle ほたて日和,東京都千代田区神田佐久間町2-25,食べログ ラーメン TOKYO 百名店 2024,https://tabelog.com/tokyo/A1310/A131001/13280086/,,https://www.google.com/maps/search/?api=1&query=Tokyo%20Style%20Noodle%20%E3%81%BB%E3%81%9F%E3%81%A6%E6%97%A5%E5%92%8C%20%E6%9D%B1%E4%BA%AC%E9%83%BD%E5%8D%83%E4%BB%A3%E7%94%B0%E5%8C%BA%E7%A5%9E%E7%94%B0%E4%BD%90%E4%B9%85%E9%96%93%E7%94%BA2-25,35.6985639,139.7771670,2024,ラーメン TOKYO,ramen_tokyo,発表日：2024年12月3日
麺や 七彩,東京都中央区八丁堀2-13-2 ドミノビル 1F,食べログ ラーメン TOKYO 百名店 2024,https://tabelog.com/tokyo/A1302/A130203/13184399/,,https://www.google.com/maps/search/?api=1&query=%E9%BA%BA%E3%82%84%20%E4%B8%83%E5%BD%A9%20%E6%9D%B1%E4%BA%AC%E9%83%BD%E4%B8%AD%E5%A4%AE%E5%8C%BA%E5%85%AB%E4%B8%81%E5%A0%802-13-2%20%E3%83%89%E3%83%9F%E3%83%8E%E3%83%93%E3%83%AB%201F,35.6771854,139.7763382,2024,ラーメン TOKYO,ramen_tokyo,発表日：2024年12月3日
麺や金時,東京都練馬区小竹町1-2-7,食べログ ラーメン TOKYO 百名店 2024,https://tabelog.com/tokyo/A1321/A132101/13139195/,,https://www.google.com/maps/search/?api=1&query=%E9%BA%BA%E3%82%84%E9%87%91%E6%99%82%20%E6%9D%B1%E4%BA%AC%E9%83%BD%E7%B7%B4%E9%A6%AC%E5%8C%BA%E5%B0%8F%E7%AB%B9%E7%94%BA1-2-7,35.7383286,139.6782949,2024,ラーメン TOKYO,ramen_tokyo,発表日：2024年12月3日
there is ramen,東京都杉並区天沼3-10-16,食べログ ラーメン TOKYO 百名店 2024,https://tabelog.com/tokyo/A1319/A131906/13277729/,,https://www.google.com/maps/search/?api=1&query=there%20is%20ramen%20%E6%9D%B1%E4%BA%AC%E9%83%BD%E6%9D%89%E4%B8%A6%E5%8C%BA%E5%A4%A9%E6%B2%BC3-10-16,35.7074173,139.6183611,2024,ラーメン TOKYO,ramen_tokyo,発表日：2024年12月3日
らーめん飛粋,東京都大田区蒲田5-2-5,食べログ ラーメン TOKYO 百名店 2024,https://tabelog.com/tokyo/A1315/A131503/13217922/,,https://www.google.com/maps/search/?api=1&query=%E3%82%89%E3%83%BC%E3%82%81%E3%82%93%E9%A3%9B%E7%B2%8B%20%E6%9D%B1%E4%BA%AC%E9%83%BD%E5%A4%A7%E7%94%B0%E5%8C%BA%E8%92%B2%E7%94%B05-2-5,35.5640446,139.7173173,2024,ラーメン TOKYO,ramen_tokyo,発表日：2024年12月3日
一番いちばん,東京都町田市中町1-28-24 大成ビル　１Ｆ,食べログ ラーメン TOKYO 百名店 2024,https://tabelog.com/tokyo/A1327/A132701/13001469/,,https://www.google.com/maps/search/?api=1&query=%E4%B8%80%E7%95%AA%E3%81%84%E3%81%A1%E3%81%B0%E3%82%93%20%E6%9D%B1%E4%BA%AC%E9%83%BD%E7%94%BA%E7%94%B0%E5%B8%82%E4%B8%AD%E7%94%BA1-28-24%20%E5%A4%A7%E6%88%90%E3%83%93%E3%83%AB%E3%80%80%EF%BC%91%EF%BC%A6,35.5493985,139.4469977,2024,ラーメン TOKYO,ramen_tokyo,発表日：2024年12月3日
麺処 銀笹,東京都中央区銀座8-15-2 藤ビル 1F,食べログ ラーメン TOKYO 百名店 2024,https://tabelog.com/tokyo/A1301/A130103/13119563/,,https://www.google.com/maps/search/?api=1&query=%E9%BA%BA%E5%87%A6%20%E9%8A%80%E7%AC%B9%20%E6%9D%B1%E4%BA%AC%E9%83%BD%E4%B8%AD%E5%A4%AE%E5%8C%BA%E9%8A%80%E5%BA%A78-15-2%20%E8%97%A4%E3%83%93%E3%83%AB%201F,35.6662326,139.7634291,2024,ラーメン TOKYO,ramen_tokyo,発表日：2024年12月3日
味噌っ子 ふっく,東京都杉並区上荻2-40-11 四面道ビル 1F,食べログ ラーメン TOKYO 百名店 2024,https://tabelog.com/tokyo/A1319/A131906/13226777/,,https://www.google.com/maps/search/?api=1&query=%E5%91%B3%E5%99%8C%E3%81%A3%E5%AD%90%20%E3%81%B5%E3%81%A3%E3%81%8F%20%E6%9D%B1%E4%BA%AC%E9%83%BD%E6%9D%89%E4%B8%A6%E5%8C%BA%E4%B8%8A%E8%8D%BB2-40-11%20%E5%9B%9B%E9%9D%A2%E9%81%93%E3%83%93%E3%83%AB%201F,35.7083829,139.6141871,2024,ラーメン TOKYO,ramen_tokyo,発表日：2024年12月3日
かしわぎ,東京都中野区東中野1-36-7,食べログ ラーメン TOKYO 百名店 2024,https://tabelog.com/tokyo/A1319/A131901/13209326/,,https://www.google.com/maps/search/?api=1&query=%E3%81%8B%E3%81%97%E3%82%8F%E3%81%8E%20%E6%9D%B1%E4%BA%AC%E9%83%BD%E4%B8%AD%E9%87%8E%E5%8C%BA%E6%9D%B1%E4%B8%AD%E9%87%8E1-36-7,35.7042914,139.6856570,2024,ラーメン TOKYO,ramen_tokyo,発表日：2024年12月3日
西永福の煮干箱,東京都杉並区永福3-55-3,食べログ ラーメン TOKYO 百名店 2024,https://tabelog.com/tokyo/A1318/A131805/13263789/,,https://www.google.com/maps/search/?api=1&query=%E8%A5%BF%E6%B0%B8%E7%A6%8F%E3%81%AE%E7%85%AE%E5%B9%B2%E7%AE%B1%20%E6%9D%B1%E4%BA%AC%E9%83%BD%E6%9D%89%E4%B8%A6%E5%8C%BA%E6%B0%B8%E7%A6%8F3-55-3,35.6787417,139.6364281,2024,ラーメン TOKYO,ramen_tokyo,発表日：2024年12月3日
えーちゃん食堂,東京都目黒区下目黒3-4-6 サンライズ目黒 1Ｆ,食べログ ラーメン TOKYO 百名店 2024,https://tabelog.com/tokyo/A1316/A131601/13284505/,,https://www.google.com/maps/search/?api=1&query=%E3%81%88%E3%83%BC%E3%81%A1%E3%82%83%E3%82%93%E9%A3%9F%E5%A0%82%20%E6%9D%B1%E4%BA%AC%E9%83%BD%E7%9B%AE%E9%BB%92%E5%8C%BA%E4%B8%8B%E7%9B%AE%E9%BB%923-4-6%20%E3%82%B5%E3%83%B3%E3%83%A9%E3%82%A4%E3%82%BA%E7%9B%AE%E9%BB%92%201%EF%BC%A6,35.6305455,139.7095555,2024,ラーメン TOKYO,ramen_tokyo,発表日：2024年12月3日
中華そば 和渦 TOKYO,東京都品川区北品川3-2-1 MTM STUDIO 2F,食べログ ラーメン TOKYO 百名店 2024,https://tabelog.com/tokyo/A1314/A131405/13233678/,,https://www.google.com/maps/search/?api=1&query=%E4%B8%AD%E8%8F%AF%E3%81%9D%E3%81%B0%20%E5%92%8C%E6%B8%A6%20TOKYO%20%E6%9D%B1%E4%BA%AC%E9%83%BD%E5%93%81%E5%B7%9D%E5%8C%BA%E5%8C%97%E5%93%81%E5%B7%9D3-2-1%20MTM%20STUDIO%202F,35.6219021,139.7384468,2024,ラーメン TOKYO,ramen_tokyo,発表日：2024年12月3日
手打ち 陰日向,東京都府中市美好町3-9-10,食べログ ラーメン TOKYO 百名店 2024,https://tabelog.com/tokyo/A1326/A132602/13297403/,,https://www.google.com/maps/search/?api=1&query=%E6%89%8B%E6%89%93%E3%81%A1%20%E9%99%B0%E6%97%A5%E5%90%91%20%E6%9D%B1%E4%BA%AC%E9%83%BD%E5%BA%9C%E4%B8%AD%E5%B8%82%E7%BE%8E%E5%A5%BD%E7%94%BA3-9-10,35.6716485,139.4670786,2024,ラーメン TOKYO,ramen_tokyo,発表日：2024年12月3日
しゃけ小島 本店,東京都杉並区和泉1-3-15 めんそーれ大都市場内,食べログ 食堂 百名店 2024,https://tabelog.com/tokyo/A1318/A131808/13095793/,,https://www.google.com/maps/search/?api=1&query=%E3%81%97%E3%82%83%E3%81%91%E5%B0%8F%E5%B3%B6%20%E6%9C%AC%E5%BA%97%20%E6%9D%B1%E4%BA%AC%E9%83%BD%E6%9D%89%E4%B8%A6%E5%8C%BA%E5%92%8C%E6%B3%891-3-15%20%E3%82%81%E3%82%93%E3%81%9D%E3%83%BC%E3%82%8C%E5%A4%A7%E9%83%BD%E5%B8%82%E5%A0%B4%E5%86%85,35.6727073,139.6581340,2024,食堂,shokudo,発表日：2024年9月25日
久六,千葉県銚子市新生町1-36-49,食べログ 食堂 百名店 2024,https://tabelog.com/chiba/A1205/A120501/12000082/,,https://www.google.com/maps/search/?api=1&query=%E4%B9%85%E5%85%AD%20%E5%8D%83%E8%91%89%E7%9C%8C%E9%8A%9A%E5%AD%90%E5%B8%82%E6%96%B0%E7%94%9F%E7%94%BA1-36-49,35.7337800,140.8382962,2024,食堂,shokudo,発表日：2024年9月25日
お食事処 大原,神奈川県小田原市早川1-6-10,食べログ 食堂 百名店 2024,https://tabelog.com/kanagawa/A1409/A140901/14023879/,,https://www.google.com/maps/search/?api=1&query=%E3%81%8A%E9%A3%9F%E4%BA%8B%E5%87%A6%20%E5%A4%A7%E5%8E%9F%20%E7%A5%9E%E5%A5%88%E5%B7%9D%E7%9C%8C%E5%B0%8F%E7%94%B0%E5%8E%9F%E5%B8%82%E6%97%A9%E5%B7%9D1-6-10,35.2406830,139.1494506,2024,食堂,shokudo,発表日：2024年9月25日
ここのつ,東京都足立区千住旭町43-13,食べログ 食堂 百名店 2024,https://tabelog.com/tokyo/A1324/A132402/13158606/,,https://www.google.com/maps/search/?api=1&query=%E3%81%93%E3%81%93%E3%81%AE%E3%81%A4%20%E6%9D%B1%E4%BA%AC%E9%83%BD%E8%B6%B3%E7%AB%8B%E5%8C%BA%E5%8D%83%E4%BD%8F%E6%97%AD%E7%94%BA43-13,35.7504786,139.8064601,2024,食堂,shokudo,発表日：2024年9月25日
炭焼き かどた/お料理すゞ㐂,東京都渋谷区恵比寿西1-1-2 しんみつビル B1F,食べログ 食堂 百名店 2024,https://tabelog.com/tokyo/A1303/A130302/13016622/,https://tabelog.com/tokyo/A1303/A130302/13016622/?cid=google_yoyaku,https://www.google.com/maps/search/?api=1&query=%E7%82%AD%E7%84%BC%E3%81%8D%20%E3%81%8B%E3%81%A9%E3%81%9F/%E3%81%8A%E6%96%99%E7%90%86%E3%81%99%E3%82%9E%E3%90%82%20%E6%9D%B1%E4%BA%AC%E9%83%BD%E6%B8%8B%E8%B0%B7%E5%8C%BA%E6%81%B5%E6%AF%94%E5%AF%BF%E8%A5%BF1-1-2%20%E3%81%97%E3%82%93%E3%81%BF%E3%81%A4%E3%83%93%E3%83%AB%20B1F,35.6479182,139.7092065,2024,食堂,shokudo,発表日：2024年9月25日
まるやま食堂,東京都大田区蒲田5-2-7 渡辺ビル　1F,食べログ 食堂 百名店 2024,https://tabelog.com/tokyo/A1315/A131503/13119166/,,https://www.google.com/maps/search/?api=1&query=%E3%81%BE%E3%82%8B%E3%82%84%E3%81%BE%E9%A3%9F%E5%A0%82%20%E6%9D%B1%E4%BA%AC%E9%83%BD%E5%A4%A7%E7%94%B0%E5%8C%BA%E8%92%B2%E7%94%B05-2-7%20%E6%B8%A1%E8%BE%BA%E3%83%93%E3%83%AB%E3%80%801F,35.5639549,139.7171302,2024,食堂,shokudo,発表日：2024年9月25日
炭火焼き魚弁当 すみさわ,東京都世田谷区世田谷4-5-1,食べログ 食堂 百名店 2024,https://tabelog.com/tokyo/A1317/A131709/13252662/,,https://www.google.com/maps/search/?api=1&query=%E7%82%AD%E7%81%AB%E7%84%BC%E3%81%8D%E9%AD%9A%E5%BC%81%E5%BD%93%20%E3%81%99%E3%81%BF%E3%81%95%E3%82%8F%20%E6%9D%B1%E4%BA%AC%E9%83%BD%E4%B8%96%E7%94%B0%E8%B0%B7%E5%8C%BA%E4%B8%96%E7%94%B0%E8%B0%B74-5-1,35.6425370,139.6533522,2024,食堂,shokudo,発表日：2024年9月25日
キセキ食堂 上尾店,埼玉県上尾市本町3-11-13,食べログ 食堂 百名店 2024,https://tabelog.com/saitama/A1104/A110401/11043868/,,https://www.google.com/maps/search/?api=1&query=%E3%82%AD%E3%82%BB%E3%82%AD%E9%A3%9F%E5%A0%82%20%E4%B8%8A%E5%B0%BE%E5%BA%97%20%E5%9F%BC%E7%8E%89%E7%9C%8C%E4%B8%8A%E5%B0%BE%E5%B8%82%E6%9C%AC%E7%94%BA3-11-13,35.9789291,139.5941434,2024,食堂,shokudo,発表日：2024年9月25日
とんかつ小田保 場内店,東京都江東区豊洲6-5-1 水産仲卸棟 3F,食べログ 食堂 百名店 2024,https://tabelog.com/tokyo/A1313/A131307/13026535/,,https://www.google.com/maps/search/?api=1&query=%E3%81%A8%E3%82%93%E3%81%8B%E3%81%A4%E5%B0%8F%E7%94%B0%E4%BF%9D%20%E5%A0%B4%E5%86%85%E5%BA%97%20%E6%9D%B1%E4%BA%AC%E9%83%BD%E6%B1%9F%E6%9D%B1%E5%8C%BA%E8%B1%8A%E6%B4%B26-5-1%20%E6%B0%B4%E7%94%A3%E4%BB%B2%E5%8D%B8%E6%A3%9F%203F,35.6446793,139.7821060,2024,食堂,shokudo,発表日：2024年9月25日
もつ煮 太郎,千葉県柏市大青田706-5,食べログ 食堂 百名店 2024,https://tabelog.com/chiba/A1203/A120301/12001718/,,https://www.google.com/maps/search/?api=1&query=%E3%82%82%E3%81%A4%E7%85%AE%20%E5%A4%AA%E9%83%8E%20%E5%8D%83%E8%91%89%E7%9C%8C%E6%9F%8F%E5%B8%82%E5%A4%A7%E9%9D%92%E7%94%B0706-5,35.9087263,139.9393848,2024,食堂,shokudo,発表日：2024年9月25日
野口鮮魚店,東京都墨田区東駒形4-6-9 リバーハイツワコー　1F,食べログ 食堂 百名店 2024,https://tabelog.com/tokyo/A1312/A131203/13103727/,,https://www.google.com/maps/search/?api=1&query=%E9%87%8E%E5%8F%A3%E9%AE%AE%E9%AD%9A%E5%BA%97%20%E6%9D%B1%E4%BA%AC%E9%83%BD%E5%A2%A8%E7%94%B0%E5%8C%BA%E6%9D%B1%E9%A7%92%E5%BD%A24-6-9%20%E3%83%AA%E3%83%90%E3%83%BC%E3%83%8F%E3%82%A4%E3%83%84%E3%83%AF%E3%82%B3%E3%83%BC%E3%80%801F,35.7064249,139.8056250,2024,食堂,shokudo,発表日：2024年9月25日
京粕漬 魚久  銀座店,東京都中央区銀座3-10-15 東銀2ビル 2F,食べログ 食堂 百名店 2024,https://tabelog.com/tokyo/A1301/A130101/13005687/,,https://www.google.com/maps/search/?api=1&query=%E4%BA%AC%E7%B2%95%E6%BC%AC%20%E9%AD%9A%E4%B9%85%20%20%E9%8A%80%E5%BA%A7%E5%BA%97%20%E6%9D%B1%E4%BA%AC%E9%83%BD%E4%B8%AD%E5%A4%AE%E5%8C%BA%E9%8A%80%E5%BA%A73-10-15%20%E6%9D%B1%E9%8A%802%E3%83%93%E3%83%AB%202F,35.6711194,139.7678247,2024,食堂,shokudo,発表日：2024年9月25日
さばめしの鯖匠,東京都千代田区神田三崎町2-21-11 ゑびすビル 1F,食べログ 食堂 百名店 2024,https://tabelog.com/tokyo/A1310/A131003/13265562/,,https://www.google.com/maps/search/?api=1&query=%E3%81%95%E3%81%B0%E3%82%81%E3%81%97%E3%81%AE%E9%AF%96%E5%8C%A0%20%E6%9D%B1%E4%BA%AC%E9%83%BD%E5%8D%83%E4%BB%A3%E7%94%B0%E5%8C%BA%E7%A5%9E%E7%94%B0%E4%B8%89%E5%B4%8E%E7%94%BA2-21-11%20%E3%82%91%E3%81%B3%E3%81%99%E3%83%93%E3%83%AB%201F,35.7014150,139.7536835,2024,食堂,shokudo,発表日：2024年9月25日
永井食堂,群馬県渋川市上白井4477-1,食べログ 食堂 百名店 2024,https://tabelog.com/gunma/A1004/A100401/10000040/,,https://www.google.com/maps/search/?api=1&query=%E6%B0%B8%E4%BA%95%E9%A3%9F%E5%A0%82%20%E7%BE%A4%E9%A6%AC%E7%9C%8C%E6%B8%8B%E5%B7%9D%E5%B8%82%E4%B8%8A%E7%99%BD%E4%BA%954477-1,36.5651626,139.0373935,2024,食堂,shokudo,発表日：2024年9月25日
里の宿,東京都武蔵野市吉祥寺南町1-28-5 107MAC吉祥寺コート 1F,食べログ 食堂 百名店 2024,https://tabelog.com/tokyo/A1320/A132001/13026447/,,https://www.google.com/maps/search/?api=1&query=%E9%87%8C%E3%81%AE%E5%AE%BF%20%E6%9D%B1%E4%BA%AC%E9%83%BD%E6%AD%A6%E8%94%B5%E9%87%8E%E5%B8%82%E5%90%89%E7%A5%A5%E5%AF%BA%E5%8D%97%E7%94%BA1-28-5%20107MAC%E5%90%89%E7%A5%A5%E5%AF%BA%E3%82%B3%E3%83%BC%E3%83%88%201F,35.7009114,139.5823885,2024,食堂,shokudo,発表日：2024年9月25日
かつお食堂,東京都渋谷区鶯谷町7-12 GranDuo渋谷 B1F,食べログ 食堂 百名店 2024,https://tabelog.com/tokyo/A1303/A130301/13237611/,,https://www.google.com/maps/search/?api=1&query=%E3%81%8B%E3%81%A4%E3%81%8A%E9%A3%9F%E5%A0%82%20%E6%9D%B1%E4%BA%AC%E9%83%BD%E6%B8%8B%E8%B0%B7%E5%8C%BA%E9%B6%AF%E8%B0%B7%E7%94%BA7-12%20GranDuo%E6%B8%8B%E8%B0%B7%20B1F,35.6541198,139.7021120,2024,食堂,shokudo,発表日：2024年9月25日
さすけ食堂,千葉県富津市金谷2193-5,食べログ 食堂 百名店 2024,https://tabelog.com/chiba/A1206/A120603/12014064/,,https://www.google.com/maps/search/?api=1&query=%E3%81%95%E3%81%99%E3%81%91%E9%A3%9F%E5%A0%82%20%E5%8D%83%E8%91%89%E7%9C%8C%E5%AF%8C%E6%B4%A5%E5%B8%82%E9%87%91%E8%B0%B72193-5,35.1673560,139.8212011,2024,食堂,shokudo,発表日：2024年9月25日
食事処 池田,千葉県鴨川市八色518-8,食べログ 食堂 百名店 2024,https://tabelog.com/chiba/A1207/A120703/12006767/,,https://www.google.com/maps/search/?api=1&query=%E9%A3%9F%E4%BA%8B%E5%87%A6%20%E6%B1%A0%E7%94%B0%20%E5%8D%83%E8%91%89%E7%9C%8C%E9%B4%A8%E5%B7%9D%E5%B8%82%E5%85%AB%E8%89%B2518-8,35.1182309,140.0890937,2024,食堂,shokudo,発表日：2024年9月25日
菱田屋,東京都目黒区駒場1-27-12,食べログ 食堂 百名店 2024,https://tabelog.com/tokyo/A1318/A131801/13010480/,,https://www.google.com/maps/search/?api=1&query=%E8%8F%B1%E7%94%B0%E5%B1%8B%20%E6%9D%B1%E4%BA%AC%E9%83%BD%E7%9B%AE%E9%BB%92%E5%8C%BA%E9%A7%92%E5%A0%B41-27-12,35.6576359,139.6858636,2024,食堂,shokudo,発表日：2024年9月25日
かつれつ四谷たけだ,東京都新宿区四谷1-4-2  峯村ビル　１Ｆ,食べログ 食堂 百名店 2024,https://tabelog.com/tokyo/A1309/A130902/13131643/,,https://www.google.com/maps/search/?api=1&query=%E3%81%8B%E3%81%A4%E3%82%8C%E3%81%A4%E5%9B%9B%E8%B0%B7%E3%81%9F%E3%81%91%E3%81%A0%20%E6%9D%B1%E4%BA%AC%E9%83%BD%E6%96%B0%E5%AE%BF%E5%8C%BA%E5%9B%9B%E8%B0%B71-4-2%20%20%E5%B3%AF%E6%9D%91%E3%83%93%E3%83%AB%E3%80%80%EF%BC%91%EF%BC%A6,35.6864746,139.7293480,2024,食堂,shokudo,発表日：2024年9月25日
割烹 三友,東京都中央区日本橋人形町1-10-8,食べログ 食堂 百名店 2024,https://tabelog.com/tokyo/A1302/A130204/13048033/,,https://www.google.com/maps/search/?api=1&query=%E5%89%B2%E7%83%B9%20%E4%B8%89%E5%8F%8B%20%E6%9D%B1%E4%BA%AC%E9%83%BD%E4%B8%AD%E5%A4%AE%E5%8C%BA%E6%97%A5%E6%9C%AC%E6%A9%8B%E4%BA%BA%E5%BD%A2%E7%94%BA1-10-8,35.6841290,139.7827693,2024,食堂,shokudo,発表日：2024年9月25日
季節料理 いし井,東京都中央区日本橋2-2-15 B1F,食べログ 食堂 百名店 2024,https://tabelog.com/tokyo/A1302/A130202/13011465/,,https://www.google.com/maps/search/?api=1&query=%E5%AD%A3%E7%AF%80%E6%96%99%E7%90%86%20%E3%81%84%E3%81%97%E4%BA%95%20%E6%9D%B1%E4%BA%AC%E9%83%BD%E4%B8%AD%E5%A4%AE%E5%8C%BA%E6%97%A5%E6%9C%AC%E6%A9%8B2-2-15%20B1F,35.6818816,139.7724886,2024,食堂,shokudo,発表日：2024年9月25日
こもれび食堂+,埼玉県さいたま市浦和区仲町2-16-15 ATビル 1F,食べログ 食堂 百名店 2024,https://tabelog.com/saitama/A1101/A110102/11036633/,,https://www.google.com/maps/search/?api=1&query=%E3%81%93%E3%82%82%E3%82%8C%E3%81%B3%E9%A3%9F%E5%A0%82%2B%20%E5%9F%BC%E7%8E%89%E7%9C%8C%E3%81%95%E3%81%84%E3%81%9F%E3%81%BE%E5%B8%82%E6%B5%A6%E5%92%8C%E5%8C%BA%E4%BB%B2%E7%94%BA2-16-15%20AT%E3%83%93%E3%83%AB%201F,35.8590869,139.6504889,2024,食堂,shokudo,発表日：2024年9月25日
とんかつ八千代,東京都江東区豊洲6-6-1 豊洲市場7街区 管理施設棟3F,食べログ 食堂 百名店 2024,https://tabelog.com/tokyo/A1313/A131306/13227143/,,https://www.google.com/maps/search/?api=1&query=%E3%81%A8%E3%82%93%E3%81%8B%E3%81%A4%E5%85%AB%E5%8D%83%E4%BB%A3%20%E6%9D%B1%E4%BA%AC%E9%83%BD%E6%B1%9F%E6%9D%B1%E5%8C%BA%E8%B1%8A%E6%B4%B26-6-1%20%E8%B1%8A%E6%B4%B2%E5%B8%82%E5%A0%B47%E8%A1%97%E5%8C%BA%20%E7%AE%A1%E7%90%86%E6%96%BD%E8%A8%AD%E6%A3%9F3F,35.6441887,139.7841446,2024,食堂,shokudo,発表日：2024年9月25日
かてい菜園 ささ木,東京都新宿区下落合3-18-4,食べログ 食堂 百名店 2024,https://tabelog.com/tokyo/A1305/A130502/13012434/,,https://www.google.com/maps/search/?api=1&query=%E3%81%8B%E3%81%A6%E3%81%84%E8%8F%9C%E5%9C%92%20%E3%81%95%E3%81%95%E6%9C%A8%20%E6%9D%B1%E4%BA%AC%E9%83%BD%E6%96%B0%E5%AE%BF%E5%8C%BA%E4%B8%8B%E8%90%BD%E5%90%883-18-4,35.7227903,139.7040420,2024,食堂,shokudo,発表日：2024年9月25日
巣鴨ときわ食堂 本店,東京都豊島区巣鴨3-14-20,食べログ 食堂 百名店 2024,https://tabelog.com/tokyo/A1322/A132201/13012336/,,https://www.google.com/maps/search/?api=1&query=%E5%B7%A3%E9%B4%A8%E3%81%A8%E3%81%8D%E3%82%8F%E9%A3%9F%E5%A0%82%20%E6%9C%AC%E5%BA%97%20%E6%9D%B1%E4%BA%AC%E9%83%BD%E8%B1%8A%E5%B3%B6%E5%8C%BA%E5%B7%A3%E9%B4%A83-14-20,35.7361698,139.7341017,2024,食堂,shokudo,発表日：2024年9月25日
季節料理 魚竹,東京都中央区築地1-9-1,食べログ 食堂 百名店 2024,https://tabelog.com/tokyo/A1313/A131301/13002300/,,https://www.google.com/maps/search/?api=1&query=%E5%AD%A3%E7%AF%80%E6%96%99%E7%90%86%20%E9%AD%9A%E7%AB%B9%20%E6%9D%B1%E4%BA%AC%E9%83%BD%E4%B8%AD%E5%A4%AE%E5%8C%BA%E7%AF%89%E5%9C%B01-9-1,35.6695348,139.7716932,2024,食堂,shokudo,発表日：2024年9月25日
まるいち食堂,神奈川県三浦市三崎3-5-12,食べログ 食堂 百名店 2024,https://tabelog.com/kanagawa/A1406/A140603/14012378/,,https://www.google.com/maps/search/?api=1&query=%E3%81%BE%E3%82%8B%E3%81%84%E3%81%A1%E9%A3%9F%E5%A0%82%20%E7%A5%9E%E5%A5%88%E5%B7%9D%E7%9C%8C%E4%B8%89%E6%B5%A6%E5%B8%82%E4%B8%89%E5%B4%8E3-5-12,35.1405163,139.6183923,2024,食堂,shokudo,発表日：2024年9月25日
魚久 イートイン あじみせ 本店,東京都中央区日本橋人形町1-1-20 京粕漬　魚久　本店　２Ｆ,食べログ 食堂 百名店 2024,https://tabelog.com/tokyo/A1302/A130204/13051336/,,https://www.google.com/maps/search/?api=1&query=%E9%AD%9A%E4%B9%85%20%E3%82%A4%E3%83%BC%E3%83%88%E3%82%A4%E3%83%B3%20%E3%81%82%E3%81%98%E3%81%BF%E3%81%9B%20%E6%9C%AC%E5%BA%97%20%E6%9D%B1%E4%BA%AC%E9%83%BD%E4%B8%AD%E5%A4%AE%E5%8C%BA%E6%97%A5%E6%9C%AC%E6%A9%8B%E4%BA%BA%E5%BD%A2%E7%94%BA1-1-20%20%E4%BA%AC%E7%B2%95%E6%BC%AC%E3%80%80%E9%AD%9A%E4%B9%85%E3%80%80%E6%9C%AC%E5%BA%97%E3%80%80%EF%BC%92%EF%BC%A6,35.6844224,139.7819356,2024,食堂,shokudo,発表日：2024年9月25日
洋庖丁 板橋店,東京都板橋区板橋1-48-1,食べログ 食堂 百名店 2024,https://tabelog.com/tokyo/A1322/A132201/13008895/,,https://www.google.com/maps/search/?api=1&query=%E6%B4%8B%E5%BA%96%E4%B8%81%20%E6%9D%BF%E6%A9%8B%E5%BA%97%20%E6%9D%B1%E4%BA%AC%E9%83%BD%E6%9D%BF%E6%A9%8B%E5%8C%BA%E6%9D%BF%E6%A9%8B1-48-1,35.7480020,139.7194957,2024,食堂,shokudo,発表日：2024年9月25日
スワチカ,東京都品川区西五反田1-27-6,食べログ 食堂 百名店 2024,https://tabelog.com/tokyo/A1316/A131603/13014630/,,https://www.google.com/maps/search/?api=1&query=%E3%82%B9%E3%83%AF%E3%83%81%E3%82%AB%20%E6%9D%B1%E4%BA%AC%E9%83%BD%E5%93%81%E5%B7%9D%E5%8C%BA%E8%A5%BF%E4%BA%94%E5%8F%8D%E7%94%B01-27-6,35.6244347,139.7229528,2024,食堂,shokudo,発表日：2024年9月25日
レバニラ定食 kei楽,東京都清瀬市松山1-20-3 1F,食べログ 食堂 百名店 2024,https://tabelog.com/tokyo/A1328/A132803/13101028/,,https://www.google.com/maps/search/?api=1&query=%E3%83%AC%E3%83%90%E3%83%8B%E3%83%A9%E5%AE%9A%E9%A3%9F%20kei%E6%A5%BD%20%E6%9D%B1%E4%BA%AC%E9%83%BD%E6%B8%85%E7%80%AC%E5%B8%82%E6%9D%BE%E5%B1%B11-20-3%201F,35.7694324,139.5169600,2024,食堂,shokudo,発表日：2024年9月25日
はまべ,千葉県富津市金谷3971,食べログ 食堂 百名店 2024,https://tabelog.com/chiba/A1206/A120603/12035117/,,https://www.google.com/maps/search/?api=1&query=%E3%81%AF%E3%81%BE%E3%81%B9%20%E5%8D%83%E8%91%89%E7%9C%8C%E5%AF%8C%E6%B4%A5%E5%B8%82%E9%87%91%E8%B0%B73971,35.1643307,139.8228574,2024,食堂,shokudo,発表日：2024年9月25日
吟八亭 やざ和,東京都葛飾区亀有1-27-8,食べログ そば EAST 百名店 2024,https://tabelog.com/tokyo/A1324/A132403/13003083/,,https://www.google.com/maps/search/?api=1&query=%E5%90%9F%E5%85%AB%E4%BA%AD%20%E3%82%84%E3%81%96%E5%92%8C%20%E6%9D%B1%E4%BA%AC%E9%83%BD%E8%91%9B%E9%A3%BE%E5%8C%BA%E4%BA%80%E6%9C%891-27-8,35.7629033,139.8463948,2024,そば EAST,soba_east,発表日：2024年4月9日
甜蕎屋 源平,栃木県日光市木和田島2505-4,食べログ そば EAST 百名店 2024,https://tabelog.com/tochigi/A0903/A090302/9000065/,,https://www.google.com/maps/search/?api=1&query=%E7%94%9C%E8%95%8E%E5%B1%8B%20%E6%BA%90%E5%B9%B3%20%E6%A0%83%E6%9C%A8%E7%9C%8C%E6%97%A5%E5%85%89%E5%B8%82%E6%9C%A8%E5%92%8C%E7%94%B0%E5%B3%B62505-4,36.6789835,139.7593801,2024,そば EAST,soba_east,発表日：2024年4月9日
並木藪蕎麦,東京都台東区雷門2-11-9,食べログ そば EAST 百名店 2024,https://tabelog.com/tokyo/A1311/A131102/13003650/,,https://www.google.com/maps/search/?api=1&query=%E4%B8%A6%E6%9C%A8%E8%97%AA%E8%95%8E%E9%BA%A6%20%E6%9D%B1%E4%BA%AC%E9%83%BD%E5%8F%B0%E6%9D%B1%E5%8C%BA%E9%9B%B7%E9%96%802-11-9,35.7096849,139.7959541,2024,そば EAST,soba_east,発表日：2024年4月9日
一東菴,東京都北区東十条2-16-10,食べログ そば EAST 百名店 2024,https://tabelog.com/tokyo/A1323/A132304/13143622/,,https://www.google.com/maps/search/?api=1&query=%E4%B8%80%E6%9D%B1%E8%8F%B4%20%E6%9D%B1%E4%BA%AC%E9%83%BD%E5%8C%97%E5%8C%BA%E6%9D%B1%E5%8D%81%E6%9D%A12-16-10,35.7631080,139.7288831,2024,そば EAST,soba_east,発表日：2024年4月9日
汐見,東京都新宿区早稲田鶴巻町556 松下ビル 1F,食べログ そば EAST 百名店 2024,https://tabelog.com/tokyo/A1305/A130504/13183623/,https://tabelog.com/tokyo/A1305/A130504/13183623/?cid=google_yoyaku,https://www.google.com/maps/search/?api=1&query=%E6%B1%90%E8%A6%8B%20%E6%9D%B1%E4%BA%AC%E9%83%BD%E6%96%B0%E5%AE%BF%E5%8C%BA%E6%97%A9%E7%A8%B2%E7%94%B0%E9%B6%B4%E5%B7%BB%E7%94%BA556%20%E6%9D%BE%E4%B8%8B%E3%83%93%E3%83%AB%201F,35.7076775,139.7263148,2024,そば EAST,soba_east,発表日：2024年4月9日
手打ち蕎麦切り 匠,東京都千代田区神田佐久間町3-20-3 NINEビル 1F,食べログ そば EAST 百名店 2024,https://tabelog.com/tokyo/A1310/A131002/13208650/,,https://www.google.com/maps/search/?api=1&query=%E6%89%8B%E6%89%93%E3%81%A1%E8%95%8E%E9%BA%A6%E5%88%87%E3%82%8A%20%E5%8C%A0%20%E6%9D%B1%E4%BA%AC%E9%83%BD%E5%8D%83%E4%BB%A3%E7%94%B0%E5%8C%BA%E7%A5%9E%E7%94%B0%E4%BD%90%E4%B9%85%E9%96%93%E7%94%BA3-20-3%20NINE%E3%83%93%E3%83%AB%201F,35.6974501,139.7786726,2024,そば EAST,soba_east,発表日：2024年4月9日
分上野藪 かねこ,埼玉県さいたま市浦和区仲町2-9-11,食べログ そば EAST 百名店 2024,https://tabelog.com/saitama/A1101/A110102/11000044/,,https://www.google.com/maps/search/?api=1&query=%E5%88%86%E4%B8%8A%E9%87%8E%E8%97%AA%20%E3%81%8B%E3%81%AD%E3%81%93%20%E5%9F%BC%E7%8E%89%E7%9C%8C%E3%81%95%E3%81%84%E3%81%9F%E3%81%BE%E5%B8%82%E6%B5%A6%E5%92%8C%E5%8C%BA%E4%BB%B2%E7%94%BA2-9-11,35.8611848,139.6502590,2024,そば EAST,soba_east,発表日：2024年4月9日
木挽庵,茨城県ひたちなか市東石川3069-14,食べログ そば EAST 百名店 2024,https://tabelog.com/ibaraki/A0801/A080102/8000290/,,https://www.google.com/maps/search/?api=1&query=%E6%9C%A8%E6%8C%BD%E5%BA%B5%20%E8%8C%A8%E5%9F%8E%E7%9C%8C%E3%81%B2%E3%81%9F%E3%81%A1%E3%81%AA%E3%81%8B%E5%B8%82%E6%9D%B1%E7%9F%B3%E5%B7%9D3069-14,36.4149166,140.5293093,2024,そば EAST,soba_east,発表日：2024年4月9日
吾妻橋 やぶそば,東京都墨田区吾妻橋1-11-2,食べログ そば EAST 百名店 2024,https://tabelog.com/tokyo/A1311/A131102/13007981/,,https://www.google.com/maps/search/?api=1&query=%E5%90%BE%E5%A6%BB%E6%A9%8B%20%E3%82%84%E3%81%B6%E3%81%9D%E3%81%B0%20%E6%9D%B1%E4%BA%AC%E9%83%BD%E5%A2%A8%E7%94%B0%E5%8C%BA%E5%90%BE%E5%A6%BB%E6%A9%8B1-11-2,35.7080472,139.7986541,2024,そば EAST,soba_east,発表日：2024年4月9日
蕎麦 惠土,神奈川県三浦郡葉山町堀内870-7,食べログ そば EAST 百名店 2024,https://tabelog.com/kanagawa/A1406/A140602/14004578/,,https://www.google.com/maps/search/?api=1&query=%E8%95%8E%E9%BA%A6%20%E6%83%A0%E5%9C%9F%20%E7%A5%9E%E5%A5%88%E5%B7%9D%E7%9C%8C%E4%B8%89%E6%B5%A6%E9%83%A1%E8%91%89%E5%B1%B1%E7%94%BA%E5%A0%80%E5%86%85870-7,35.2763579,139.5742976,2024,そば EAST,soba_east,発表日：2024年4月9日
松翁,東京都千代田区神田猿楽町2-1-7,食べログ そば EAST 百名店 2024,https://tabelog.com/tokyo/A1310/A131003/13000604/,,https://www.google.com/maps/search/?api=1&query=%E6%9D%BE%E7%BF%81%20%E6%9D%B1%E4%BA%AC%E9%83%BD%E5%8D%83%E4%BB%A3%E7%94%B0%E5%8C%BA%E7%A5%9E%E7%94%B0%E7%8C%BF%E6%A5%BD%E7%94%BA2-1-7,35.6991587,139.7588624,2024,そば EAST,soba_east,発表日：2024年4月9日
西荻窪 鞍馬,東京都杉並区西荻南3-10-1,食べログ そば EAST 百名店 2024,https://tabelog.com/tokyo/A1319/A131907/13000716/,,https://www.google.com/maps/search/?api=1&query=%E8%A5%BF%E8%8D%BB%E7%AA%AA%20%E9%9E%8D%E9%A6%AC%20%E6%9D%B1%E4%BA%AC%E9%83%BD%E6%9D%89%E4%B8%A6%E5%8C%BA%E8%A5%BF%E8%8D%BB%E5%8D%973-10-1,35.7030140,139.5997085,2024,そば EAST,soba_east,発表日：2024年4月9日
竹やぶ 柏本店,千葉県柏市柏1144-2,食べログ そば EAST 百名店 2024,https://tabelog.com/chiba/A1203/A120301/12000067/,,https://www.google.com/maps/search/?api=1&query=%E7%AB%B9%E3%82%84%E3%81%B6%20%E6%9F%8F%E6%9C%AC%E5%BA%97%20%E5%8D%83%E8%91%89%E7%9C%8C%E6%9F%8F%E5%B8%82%E6%9F%8F1144-2,35.8658507,139.9878609,2024,そば EAST,soba_east,発表日：2024年4月9日
蕎や 月心,東京都目黒区中町2-44-15,食べログ そば EAST 百名店 2024,https://tabelog.com/tokyo/A1317/A131701/13096494/,,https://www.google.com/maps/search/?api=1&query=%E8%95%8E%E3%82%84%20%E6%9C%88%E5%BF%83%20%E6%9D%B1%E4%BA%AC%E9%83%BD%E7%9B%AE%E9%BB%92%E5%8C%BA%E4%B8%AD%E7%94%BA2-44-15,35.6325541,139.6921697,2024,そば EAST,soba_east,発表日：2024年4月9日
手打蕎麦 松竹庵 ます川,東京都千代田区神田淡路町2-6,食べログ そば EAST 百名店 2024,https://tabelog.com/tokyo/A1310/A131002/13068153/,,https://www.google.com/maps/search/?api=1&query=%E6%89%8B%E6%89%93%E8%95%8E%E9%BA%A6%20%E6%9D%BE%E7%AB%B9%E5%BA%B5%20%E3%81%BE%E3%81%99%E5%B7%9D%20%E6%9D%B1%E4%BA%AC%E9%83%BD%E5%8D%83%E4%BB%A3%E7%94%B0%E5%8C%BA%E7%A5%9E%E7%94%B0%E6%B7%A1%E8%B7%AF%E7%94%BA2-6,35.6967922,139.7679830,2024,そば EAST,soba_east,発表日：2024年4月9日
手打ち蕎麦 銀杏,東京都江東区大島2-15-3,食べログ そば EAST 百名店 2024,https://tabelog.com/tokyo/A1312/A131202/13019925/,,https://www.google.com/maps/search/?api=1&query=%E6%89%8B%E6%89%93%E3%81%A1%E8%95%8E%E9%BA%A6%20%E9%8A%80%E6%9D%8F%20%E6%9D%B1%E4%BA%AC%E9%83%BD%E6%B1%9F%E6%9D%B1%E5%8C%BA%E5%A4%A7%E5%B3%B62-15-3,35.6905306,139.8232011,2024,そば EAST,soba_east,発表日：2024年4月9日
手造りそば 打墨庵 加瀬,千葉県鴨川市打墨2329-1,食べログ そば EAST 百名店 2024,https://tabelog.com/chiba/A1207/A120703/12020932/,https://tabelog.com/chiba/A1207/A120703/12020932/?cid=google_yoyaku,https://www.google.com/maps/search/?api=1&query=%E6%89%8B%E9%80%A0%E3%82%8A%E3%81%9D%E3%81%B0%20%E6%89%93%E5%A2%A8%E5%BA%B5%20%E5%8A%A0%E7%80%AC%20%E5%8D%83%E8%91%89%E7%9C%8C%E9%B4%A8%E5%B7%9D%E5%B8%82%E6%89%93%E5%A2%A82329-1,35.1480394,140.0709960,2024,そば EAST,soba_east,発表日：2024年4月9日
石臼挽き手打ち蕎麦 高はし,東京都杉並区荻窪2-30-7,食べログ そば EAST 百名店 2024,https://tabelog.com/tokyo/A1319/A131906/13004378/,,https://www.google.com/maps/search/?api=1&query=%E7%9F%B3%E8%87%BC%E6%8C%BD%E3%81%8D%E6%89%8B%E6%89%93%E3%81%A1%E8%95%8E%E9%BA%A6%20%E9%AB%98%E3%81%AF%E3%81%97%20%E6%9D%B1%E4%BA%AC%E9%83%BD%E6%9D%89%E4%B8%A6%E5%8C%BA%E8%8D%BB%E7%AA%AA2-30-7,35.6976548,139.6178261,2024,そば EAST,soba_east,発表日：2024年4月9日
紫仙庵,東京都目黒区下目黒6-6-3,食べログ そば EAST 百名店 2024,https://tabelog.com/tokyo/A1317/A131710/13038860/,,https://www.google.com/maps/search/?api=1&query=%E7%B4%AB%E4%BB%99%E5%BA%B5%20%E6%9D%B1%E4%BA%AC%E9%83%BD%E7%9B%AE%E9%BB%92%E5%8C%BA%E4%B8%8B%E7%9B%AE%E9%BB%926-6-3,35.6270716,139.7012339,2024,そば EAST,soba_east,発表日：2024年4月9日
玉笑,東京都渋谷区神宮前5-23-3,食べログ そば EAST 百名店 2024,https://tabelog.com/tokyo/A1306/A130601/13129390/,,https://www.google.com/maps/search/?api=1&query=%E7%8E%89%E7%AC%91%20%E6%9D%B1%E4%BA%AC%E9%83%BD%E6%B8%8B%E8%B0%B7%E5%8C%BA%E7%A5%9E%E5%AE%AE%E5%89%8D5-23-3,35.6644489,139.7046843,2024,そば EAST,soba_east,発表日：2024年4月9日
東京 土山人,東京都目黒区青葉台3-19-8,食べログ そば EAST 百名店 2024,https://tabelog.com/tokyo/A1317/A131705/13047472/,,https://www.google.com/maps/search/?api=1&query=%E6%9D%B1%E4%BA%AC%20%E5%9C%9F%E5%B1%B1%E4%BA%BA%20%E6%9D%B1%E4%BA%AC%E9%83%BD%E7%9B%AE%E9%BB%92%E5%8C%BA%E9%9D%92%E8%91%89%E5%8F%B03-19-8,35.6500879,139.6914419,2024,そば EAST,soba_east,発表日：2024年4月9日
神楽坂 大川や,東京都新宿区神楽坂6-25,食べログ そば EAST 百名店 2024,https://tabelog.com/tokyo/A1309/A130905/13197727/,,https://www.google.com/maps/search/?api=1&query=%E7%A5%9E%E6%A5%BD%E5%9D%82%20%E5%A4%A7%E5%B7%9D%E3%82%84%20%E6%9D%B1%E4%BA%AC%E9%83%BD%E6%96%B0%E5%AE%BF%E5%8C%BA%E7%A5%9E%E6%A5%BD%E5%9D%826-25,35.7036644,139.7364684,2024,そば EAST,soba_east,発表日：2024年4月9日
にのまえ,茨城県水戸市末広町3-7-15,食べログ そば EAST 百名店 2024,https://tabelog.com/ibaraki/A0801/A080101/8002373/,,https://www.google.com/maps/search/?api=1&query=%E3%81%AB%E3%81%AE%E3%81%BE%E3%81%88%20%E8%8C%A8%E5%9F%8E%E7%9C%8C%E6%B0%B4%E6%88%B8%E5%B8%82%E6%9C%AB%E5%BA%83%E7%94%BA3-7-15,36.3933461,140.4506567,2024,そば EAST,soba_east,発表日：2024年4月9日
ら すとらあだ,東京都中野区本町2-41-2,食べログ そば EAST 百名店 2024,https://tabelog.com/tokyo/A1319/A131903/13141774/,,https://www.google.com/maps/search/?api=1&query=%E3%82%89%20%E3%81%99%E3%81%A8%E3%82%89%E3%81%82%E3%81%A0%20%E6%9D%B1%E4%BA%AC%E9%83%BD%E4%B8%AD%E9%87%8E%E5%8C%BA%E6%9C%AC%E7%94%BA2-41-2,35.6958183,139.6804017,2024,そば EAST,soba_east,発表日：2024年4月9日
もりいろ,東京都大田区大森西5-10-8 1F,食べログ そば EAST 百名店 2024,https://tabelog.com/tokyo/A1315/A131502/13176833/,,https://www.google.com/maps/search/?api=1&query=%E3%82%82%E3%82%8A%E3%81%84%E3%82%8D%20%E6%9D%B1%E4%BA%AC%E9%83%BD%E5%A4%A7%E7%94%B0%E5%8C%BA%E5%A4%A7%E6%A3%AE%E8%A5%BF5-10-8%201F,35.5720678,139.7310786,2024,そば EAST,soba_east,発表日：2024年4月9日
蕎房 猪口屋,神奈川県茅ヶ崎市東海岸南6-3-18,食べログ そば EAST 百名店 2024,https://tabelog.com/kanagawa/A1404/A140406/14035065/,,https://www.google.com/maps/search/?api=1&query=%E8%95%8E%E6%88%BF%20%E7%8C%AA%E5%8F%A3%E5%B1%8B%20%E7%A5%9E%E5%A5%88%E5%B7%9D%E7%9C%8C%E8%8C%85%E3%83%B6%E5%B4%8E%E5%B8%82%E6%9D%B1%E6%B5%B7%E5%B2%B8%E5%8D%976-3-18,35.3201549,139.4155478,2024,そば EAST,soba_east,発表日：2024年4月9日
巽蕎麦 志ま平,東京都新宿区納戸町33 ガーデンヒルズ市ヶ谷 1F,食べログ そば EAST 百名店 2024,https://tabelog.com/tokyo/A1309/A130905/13020236/,,https://www.google.com/maps/search/?api=1&query=%E5%B7%BD%E8%95%8E%E9%BA%A6%20%E5%BF%97%E3%81%BE%E5%B9%B3%20%E6%9D%B1%E4%BA%AC%E9%83%BD%E6%96%B0%E5%AE%BF%E5%8C%BA%E7%B4%8D%E6%88%B8%E7%94%BA33%20%E3%82%AC%E3%83%BC%E3%83%87%E3%83%B3%E3%83%92%E3%83%AB%E3%82%BA%E5%B8%82%E3%83%B6%E8%B0%B7%201F,35.6977720,139.7340373,2024,そば EAST,soba_east,発表日：2024年4月9日
眠庵,東京都千代田区神田須田町1-16-4,食べログ そば EAST 百名店 2024,https://tabelog.com/tokyo/A1310/A131002/13020841/,,https://www.google.com/maps/search/?api=1&query=%E7%9C%A0%E5%BA%B5%20%E6%9D%B1%E4%BA%AC%E9%83%BD%E5%8D%83%E4%BB%A3%E7%94%B0%E5%8C%BA%E7%A5%9E%E7%94%B0%E9%A0%88%E7%94%B0%E7%94%BA1-16-4,35.6953416,139.7707371,2024,そば EAST,soba_east,発表日：2024年4月9日
蕎麦懐石 無庵,東京都立川市曙町1-28-5,食べログ そば EAST 百名店 2024,https://tabelog.com/tokyo/A1329/A132901/13005984/,https://tabelog.com/tokyo/A1329/A132901/13005984/?cid=google_yoyaku,https://www.google.com/maps/search/?api=1&query=%E8%95%8E%E9%BA%A6%E6%87%90%E7%9F%B3%20%E7%84%A1%E5%BA%B5%20%E6%9D%B1%E4%BA%AC%E9%83%BD%E7%AB%8B%E5%B7%9D%E5%B8%82%E6%9B%99%E7%94%BA1-28-5,35.6995684,139.4108182,2024,そば EAST,soba_east,発表日：2024年4月9日
神田まつや 本店,東京都千代田区神田須田町1-13,食べログ そば EAST 百名店 2024,https://tabelog.com/tokyo/A1310/A131002/13000340/,,https://www.google.com/maps/search/?api=1&query=%E7%A5%9E%E7%94%B0%E3%81%BE%E3%81%A4%E3%82%84%20%E6%9C%AC%E5%BA%97%20%E6%9D%B1%E4%BA%AC%E9%83%BD%E5%8D%83%E4%BB%A3%E7%94%B0%E5%8C%BA%E7%A5%9E%E7%94%B0%E9%A0%88%E7%94%B0%E7%94%BA1-13,35.6961234,139.7687974,2024,そば EAST,soba_east,発表日：2024年4月9日
打心蕎庵,東京都世田谷区代沢3-7-14,食べログ そば EAST 百名店 2024,https://tabelog.com/tokyo/A1318/A131802/13028732/,,https://www.google.com/maps/search/?api=1&query=%E6%89%93%E5%BF%83%E8%95%8E%E5%BA%B5%20%E6%9D%B1%E4%BA%AC%E9%83%BD%E4%B8%96%E7%94%B0%E8%B0%B7%E5%8C%BA%E4%BB%A3%E6%B2%A23-7-14,35.6558433,139.6687019,2024,そば EAST,soba_east,発表日：2024年4月9日
蕎麦 たじま,東京都港区西麻布3-8-6 大伊乃ビル　1F,食べログ そば EAST 百名店 2024,https://tabelog.com/tokyo/A1307/A130703/13020154/,,https://www.google.com/maps/search/?api=1&query=%E8%95%8E%E9%BA%A6%20%E3%81%9F%E3%81%98%E3%81%BE%20%E6%9D%B1%E4%BA%AC%E9%83%BD%E6%B8%AF%E5%8C%BA%E8%A5%BF%E9%BA%BB%E5%B8%833-8-6%20%E5%A4%A7%E4%BC%8A%E4%B9%83%E3%83%93%E3%83%AB%E3%80%801F,35.6547816,139.7260769,2024,そば EAST,soba_east,発表日：2024年4月9日
green glass,東京都新宿区上落合3-28-9,食べログ そば EAST 百名店 2024,https://tabelog.com/tokyo/A1321/A132104/13196314/,,https://www.google.com/maps/search/?api=1&query=green%20glass%20%E6%9D%B1%E4%BA%AC%E9%83%BD%E6%96%B0%E5%AE%BF%E5%8C%BA%E4%B8%8A%E8%90%BD%E5%90%883-28-9,35.7132871,139.6824465,2024,そば EAST,soba_east,発表日：2024年4月9日
石臼挽き手打 蕎楽亭,東京都新宿区神楽坂3-6 神楽坂館　１Ｆ,食べログ そば EAST 百名店 2024,https://tabelog.com/tokyo/A1309/A130905/13000479/,,https://www.google.com/maps/search/?api=1&query=%E7%9F%B3%E8%87%BC%E6%8C%BD%E3%81%8D%E6%89%8B%E6%89%93%20%E8%95%8E%E6%A5%BD%E4%BA%AD%20%E6%9D%B1%E4%BA%AC%E9%83%BD%E6%96%B0%E5%AE%BF%E5%8C%BA%E7%A5%9E%E6%A5%BD%E5%9D%823-6%20%E7%A5%9E%E6%A5%BD%E5%9D%82%E9%A4%A8%E3%80%80%EF%BC%91%EF%BC%A6,35.7007854,139.7395161,2024,そば EAST,soba_east,発表日：2024年4月9日
千寿 竹やぶ,東京都足立区千住河原町7-12,食べログ そば EAST 百名店 2024,https://tabelog.com/tokyo/A1324/A132402/13003773/,,https://www.google.com/maps/search/?api=1&query=%E5%8D%83%E5%AF%BF%20%E7%AB%B9%E3%82%84%E3%81%B6%20%E6%9D%B1%E4%BA%AC%E9%83%BD%E8%B6%B3%E7%AB%8B%E5%8C%BA%E5%8D%83%E4%BD%8F%E6%B2%B3%E5%8E%9F%E7%94%BA7-12,35.7444787,139.7973076,2024,そば EAST,soba_east,発表日：2024年4月9日
布恒更科,東京都品川区南大井3-18-8,食べログ そば EAST 百名店 2024,https://tabelog.com/tokyo/A1315/A131502/13003331/,,https://www.google.com/maps/search/?api=1&query=%E5%B8%83%E6%81%92%E6%9B%B4%E7%A7%91%20%E6%9D%B1%E4%BA%AC%E9%83%BD%E5%93%81%E5%B7%9D%E5%8C%BA%E5%8D%97%E5%A4%A7%E4%BA%953-18-8,35.5896218,139.7339166,2024,そば EAST,soba_east,発表日：2024年4月9日
総本家更科堀井 本店,東京都港区元麻布3-11-4,食べログ そば EAST 百名店 2024,https://tabelog.com/tokyo/A1307/A130702/13001226/,,https://www.google.com/maps/search/?api=1&query=%E7%B7%8F%E6%9C%AC%E5%AE%B6%E6%9B%B4%E7%A7%91%E5%A0%80%E4%BA%95%20%E6%9C%AC%E5%BA%97%20%E6%9D%B1%E4%BA%AC%E9%83%BD%E6%B8%AF%E5%8C%BA%E5%85%83%E9%BA%BB%E5%B8%833-11-4,35.6568105,139.7328900,2024,そば EAST,soba_east,発表日：2024年4月9日
室町 砂場 赤坂店,東京都港区赤坂6-3-5,食べログ そば EAST 百名店 2024,https://tabelog.com/tokyo/A1308/A130801/13002787/,,https://www.google.com/maps/search/?api=1&query=%E5%AE%A4%E7%94%BA%20%E7%A0%82%E5%A0%B4%20%E8%B5%A4%E5%9D%82%E5%BA%97%20%E6%9D%B1%E4%BA%AC%E9%83%BD%E6%B8%AF%E5%8C%BA%E8%B5%A4%E5%9D%826-3-5,35.6711686,139.7361939,2024,そば EAST,soba_east,発表日：2024年4月9日
室町砂場 日本橋本店,東京都中央区日本橋室町4-1-13 砂場ビル,食べログ そば EAST 百名店 2024,https://tabelog.com/tokyo/A1310/A131002/13000316/,,https://www.google.com/maps/search/?api=1&query=%E5%AE%A4%E7%94%BA%E7%A0%82%E5%A0%B4%20%E6%97%A5%E6%9C%AC%E6%A9%8B%E6%9C%AC%E5%BA%97%20%E6%9D%B1%E4%BA%AC%E9%83%BD%E4%B8%AD%E5%A4%AE%E5%8C%BA%E6%97%A5%E6%9C%AC%E6%A9%8B%E5%AE%A4%E7%94%BA4-1-13%20%E7%A0%82%E5%A0%B4%E3%83%93%E3%83%AB,35.6893614,139.7717805,2024,そば EAST,soba_east,発表日：2024年4月9日
手打蕎麦 松永,東京都渋谷区神宮前2-19-12,食べログ そば EAST 百名店 2024,https://tabelog.com/tokyo/A1306/A130601/13024514/,,https://www.google.com/maps/search/?api=1&query=%E6%89%8B%E6%89%93%E8%95%8E%E9%BA%A6%20%E6%9D%BE%E6%B0%B8%20%E6%9D%B1%E4%BA%AC%E9%83%BD%E6%B8%8B%E8%B0%B7%E5%8C%BA%E7%A5%9E%E5%AE%AE%E5%89%8D2-19-12,35.6734731,139.7101294,2024,そば EAST,soba_east,発表日：2024年4月9日
手打ちそば 根津 鷹匠,東京都文京区根津2-32-8,食べログ そば EAST 百名店 2024,https://tabelog.com/tokyo/A1311/A131106/13009812/,,https://www.google.com/maps/search/?api=1&query=%E6%89%8B%E6%89%93%E3%81%A1%E3%81%9D%E3%81%B0%20%E6%A0%B9%E6%B4%A5%20%E9%B7%B9%E5%8C%A0%20%E6%9D%B1%E4%BA%AC%E9%83%BD%E6%96%87%E4%BA%AC%E5%8C%BA%E6%A0%B9%E6%B4%A52-32-8,35.7205985,139.7644463,2024,そば EAST,soba_east,発表日：2024年4月9日
狭山 翁,埼玉県所沢市小手指南1-17-34,食べログ そば EAST 百名店 2024,https://tabelog.com/saitama/A1106/A110601/11000055/,,https://www.google.com/maps/search/?api=1&query=%E7%8B%AD%E5%B1%B1%20%E7%BF%81%20%E5%9F%BC%E7%8E%89%E7%9C%8C%E6%89%80%E6%B2%A2%E5%B8%82%E5%B0%8F%E6%89%8B%E6%8C%87%E5%8D%971-17-34,35.7865047,139.4394943,2024,そば EAST,soba_east,発表日：2024年4月9日
オリベ,神奈川県中郡二宮町百合が丘1-1-2,食べログ そば EAST 百名店 2024,https://tabelog.com/kanagawa/A1404/A140408/14007619/,,https://www.google.com/maps/search/?api=1&query=%E3%82%AA%E3%83%AA%E3%83%99%20%E7%A5%9E%E5%A5%88%E5%B7%9D%E7%9C%8C%E4%B8%AD%E9%83%A1%E4%BA%8C%E5%AE%AE%E7%94%BA%E7%99%BE%E5%90%88%E3%81%8C%E4%B8%981-1-2,35.3080785,139.2426729,2024,そば EAST,soba_east,発表日：2024年4月9日
蕎麦切り 酒 大愚,東京都港区西新橋1-19-10,食べログ そば EAST 百名店 2024,https://tabelog.com/tokyo/A1308/A130802/13130565/,,https://www.google.com/maps/search/?api=1&query=%E8%95%8E%E9%BA%A6%E5%88%87%E3%82%8A%20%E9%85%92%20%E5%A4%A7%E6%84%9A%20%E6%9D%B1%E4%BA%AC%E9%83%BD%E6%B8%AF%E5%8C%BA%E8%A5%BF%E6%96%B0%E6%A9%8B1-19-10,35.6677813,139.7526912,2024,そば EAST,soba_east,発表日：2024年4月9日
竹やぶ 箱根店,神奈川県足柄下郡箱根町元箱根160-80,食べログ そば EAST 百名店 2024,https://tabelog.com/kanagawa/A1410/A141001/14001257/,,https://www.google.com/maps/search/?api=1&query=%E7%AB%B9%E3%82%84%E3%81%B6%20%E7%AE%B1%E6%A0%B9%E5%BA%97%20%E7%A5%9E%E5%A5%88%E5%B7%9D%E7%9C%8C%E8%B6%B3%E6%9F%84%E4%B8%8B%E9%83%A1%E7%AE%B1%E6%A0%B9%E7%94%BA%E5%85%83%E7%AE%B1%E6%A0%B9160-80,35.2419178,139.0041729,2024,そば EAST,soba_east,発表日：2024年4月9日
手打ち蕎麦 成冨,東京都中央区銀座8-18-6 二葉ビル　１Ｆ,食べログ そば EAST 百名店 2024,https://tabelog.com/tokyo/A1313/A131301/13023064/,,https://www.google.com/maps/search/?api=1&query=%E6%89%8B%E6%89%93%E3%81%A1%E8%95%8E%E9%BA%A6%20%E6%88%90%E5%86%A8%20%E6%9D%B1%E4%BA%AC%E9%83%BD%E4%B8%AD%E5%A4%AE%E5%8C%BA%E9%8A%80%E5%BA%A78-18-6%20%E4%BA%8C%E8%91%89%E3%83%93%E3%83%AB%E3%80%80%EF%BC%91%EF%BC%A6,35.6659980,139.7650524,2024,そば EAST,soba_east,発表日：2024年4月9日
凡味 そばきり,群馬県高崎市問屋町西1-8-6,食べログ そば EAST 百名店 2024,https://tabelog.com/gunma/A1001/A100102/10000142/,,https://www.google.com/maps/search/?api=1&query=%E5%87%A1%E5%91%B3%20%E3%81%9D%E3%81%B0%E3%81%8D%E3%82%8A%20%E7%BE%A4%E9%A6%AC%E7%9C%8C%E9%AB%98%E5%B4%8E%E5%B8%82%E5%95%8F%E5%B1%8B%E7%94%BA%E8%A5%BF1-8-6,36.3504447,139.0069608,2024,そば EAST,soba_east,発表日：2024年4月9日
手打そば 菊谷 巣鴨本店,東京都豊島区巣鴨4-14-15,食べログ そば EAST 百名店 2024,https://tabelog.com/tokyo/A1322/A132201/13127598/,https://tabelog.com/tokyo/A1322/A132201/13127598/?cid=google_yoyaku,https://www.google.com/maps/search/?api=1&query=%E6%89%8B%E6%89%93%E3%81%9D%E3%81%B0%20%E8%8F%8A%E8%B0%B7%20%E5%B7%A3%E9%B4%A8%E6%9C%AC%E5%BA%97%20%E6%9D%B1%E4%BA%AC%E9%83%BD%E8%B1%8A%E5%B3%B6%E5%8C%BA%E5%B7%A3%E9%B4%A84-14-15,35.7380503,139.7314290,2024,そば EAST,soba_east,発表日：2024年4月9日
ふかがわ翁,東京都江東区常盤2-12-12 RR tokiwa 1F,食べログ そば EAST 百名店 2024,https://tabelog.com/tokyo/A1312/A131201/13244447/,https://tabelog.com/tokyo/A1312/A131201/13244447/?cid=google_yoyaku,https://www.google.com/maps/search/?api=1&query=%E3%81%B5%E3%81%8B%E3%81%8C%E3%82%8F%E7%BF%81%20%E6%9D%B1%E4%BA%AC%E9%83%BD%E6%B1%9F%E6%9D%B1%E5%8C%BA%E5%B8%B8%E7%9B%A42-12-12%20RR%20tokiwa%201F,35.6850815,139.7982945,2024,そば EAST,soba_east,発表日：2024年4月9日
蕎麦 流石,東京都中央区銀座2-13-6 東二ビル2F,食べログ そば EAST 百名店 2024,https://tabelog.com/tokyo/A1301/A130101/13002488/,https://tabelog.com/tokyo/A1301/A130101/13002488/?cid=google_yoyaku,https://www.google.com/maps/search/?api=1&query=%E8%95%8E%E9%BA%A6%20%E6%B5%81%E7%9F%B3%20%E6%9D%B1%E4%BA%AC%E9%83%BD%E4%B8%AD%E5%A4%AE%E5%8C%BA%E9%8A%80%E5%BA%A72-13-6%20%E6%9D%B1%E4%BA%8C%E3%83%93%E3%83%AB2F,35.6716533,139.7701891,2024,そば EAST,soba_east,発表日：2024年4月9日
蕎心,東京都文京区根津2-11-10,食べログ そば EAST 百名店 2024,https://tabelog.com/tokyo/A1311/A131106/13187177/,,https://www.google.com/maps/search/?api=1&query=%E8%95%8E%E5%BF%83%20%E6%9D%B1%E4%BA%AC%E9%83%BD%E6%96%87%E4%BA%AC%E5%8C%BA%E6%A0%B9%E6%B4%A52-11-10,35.7169328,139.7665672,2024,そば EAST,soba_east,発表日：2024年4月9日
蕎麦おさめ,東京都新宿区下落合3-21-5,食べログ そば EAST 百名店 2024,https://tabelog.com/tokyo/A1305/A130502/13283508/,,https://www.google.com/maps/search/?api=1&query=%E8%95%8E%E9%BA%A6%E3%81%8A%E3%81%95%E3%82%81%20%E6%9D%B1%E4%BA%AC%E9%83%BD%E6%96%B0%E5%AE%BF%E5%8C%BA%E4%B8%8B%E8%90%BD%E5%90%883-21-5,35.7226301,139.7010084,2024,そば EAST,soba_east,発表日：2024年4月9日
蕎麦小路 さわらび,東京都千代田区隼町2-10 ２１０半蔵門　１Ｆ,食べログ そば EAST 百名店 2024,https://tabelog.com/tokyo/A1308/A130803/13022640/,,https://www.google.com/maps/search/?api=1&query=%E8%95%8E%E9%BA%A6%E5%B0%8F%E8%B7%AF%20%E3%81%95%E3%82%8F%E3%82%89%E3%81%B3%20%E6%9D%B1%E4%BA%AC%E9%83%BD%E5%8D%83%E4%BB%A3%E7%94%B0%E5%8C%BA%E9%9A%BC%E7%94%BA2-10%20%EF%BC%92%EF%BC%91%EF%BC%90%E5%8D%8A%E8%94%B5%E9%96%80%E3%80%80%EF%BC%91%EF%BC%A6,35.6824341,139.7420059,2024,そば EAST,soba_east,発表日：2024年4月9日
蕎庵 三たて,東京都港区麻布十番2-8-12 リレント麻布十番 2F,食べログ そば EAST 百名店 2024,https://tabelog.com/tokyo/A1307/A130702/13274939/,,https://www.google.com/maps/search/?api=1&query=%E8%95%8E%E5%BA%B5%20%E4%B8%89%E3%81%9F%E3%81%A6%20%E6%9D%B1%E4%BA%AC%E9%83%BD%E6%B8%AF%E5%8C%BA%E9%BA%BB%E5%B8%83%E5%8D%81%E7%95%AA2-8-12%20%E3%83%AA%E3%83%AC%E3%83%B3%E3%83%88%E9%BA%BB%E5%B8%83%E5%8D%81%E7%95%AA%202F,35.6554713,139.7342171,2024,そば EAST,soba_east,発表日：2024年4月9日
手打蕎麦 じゆうさん,東京都中野区江原町3-1-4,食べログ そば EAST 百名店 2024,https://tabelog.com/tokyo/A1321/A132101/13025978/,,https://www.google.com/maps/search/?api=1&query=%E6%89%8B%E6%89%93%E8%95%8E%E9%BA%A6%20%E3%81%98%E3%82%86%E3%81%86%E3%81%95%E3%82%93%20%E6%9D%B1%E4%BA%AC%E9%83%BD%E4%B8%AD%E9%87%8E%E5%8C%BA%E6%B1%9F%E5%8E%9F%E7%94%BA3-1-4,35.7299199,139.6771189,2024,そば EAST,soba_east,発表日：2024年4月9日
松庵,東京都新宿区荒木町3 北島ビル 1F,食べログ そば EAST 百名店 2024,https://tabelog.com/tokyo/A1309/A130903/13165186/,https://tabelog.com/tokyo/A1309/A130903/13165186/?cid=google_yoyaku,https://www.google.com/maps/search/?api=1&query=%E6%9D%BE%E5%BA%B5%20%E6%9D%B1%E4%BA%AC%E9%83%BD%E6%96%B0%E5%AE%BF%E5%8C%BA%E8%8D%92%E6%9C%A8%E7%94%BA3%20%E5%8C%97%E5%B3%B6%E3%83%93%E3%83%AB%201F,35.6886228,139.7227520,2024,そば EAST,soba_east,発表日：2024年4月9日
鎌倉 松原庵,神奈川県鎌倉市由比ガ浜4-10-3,食べログ そば EAST 百名店 2024,https://tabelog.com/kanagawa/A1404/A140402/14008453/,,https://www.google.com/maps/search/?api=1&query=%E9%8E%8C%E5%80%89%20%E6%9D%BE%E5%8E%9F%E5%BA%B5%20%E7%A5%9E%E5%A5%88%E5%B7%9D%E7%9C%8C%E9%8E%8C%E5%80%89%E5%B8%82%E7%94%B1%E6%AF%94%E3%82%AC%E6%B5%9C4-10-3,35.3113922,139.5410089,2024,そば EAST,soba_east,発表日：2024年4月9日
手打そば 大川や,東京都千代田区九段南3-4-2,食べログ そば EAST 百名店 2024,https://tabelog.com/tokyo/A1309/A130904/13000259/,,https://www.google.com/maps/search/?api=1&query=%E6%89%8B%E6%89%93%E3%81%9D%E3%81%B0%20%E5%A4%A7%E5%B7%9D%E3%82%84%20%E6%9D%B1%E4%BA%AC%E9%83%BD%E5%8D%83%E4%BB%A3%E7%94%B0%E5%8C%BA%E4%B9%9D%E6%AE%B5%E5%8D%973-4-2,35.6921163,139.7420445,2024,そば EAST,soba_east,発表日：2024年4月9日
鯨荘 塩町館,茨城県常陸太田市西一町2325-1,食べログ そば EAST 百名店 2024,https://tabelog.com/ibaraki/A0805/A080502/8000966/,,https://www.google.com/maps/search/?api=1&query=%E9%AF%A8%E8%8D%98%20%E5%A1%A9%E7%94%BA%E9%A4%A8%20%E8%8C%A8%E5%9F%8E%E7%9C%8C%E5%B8%B8%E9%99%B8%E5%A4%AA%E7%94%B0%E5%B8%82%E8%A5%BF%E4%B8%80%E7%94%BA2325-1,36.5407828,140.5228497,2024,そば EAST,soba_east,発表日：2024年4月9日
木挽町 湯津上屋,東京都中央区銀座1-22-14,食べログ そば EAST 百名店 2024,https://tabelog.com/tokyo/A1313/A131301/13019153/,,https://www.google.com/maps/search/?api=1&query=%E6%9C%A8%E6%8C%BD%E7%94%BA%20%E6%B9%AF%E6%B4%A5%E4%B8%8A%E5%B1%8B%20%E6%9D%B1%E4%BA%AC%E9%83%BD%E4%B8%AD%E5%A4%AE%E5%8C%BA%E9%8A%80%E5%BA%A71-22-14,35.6720369,139.7709573,2024,そば EAST,soba_east,発表日：2024年4月9日
蕎麦 坐忘,東京都八王子市千人町3-14-11,食べログ そば EAST 百名店 2024,https://tabelog.com/tokyo/A1329/A132904/13006022/,https://tabelog.com/tokyo/A1329/A132904/13006022/?cid=google_yoyaku,https://www.google.com/maps/search/?api=1&query=%E8%95%8E%E9%BA%A6%20%E5%9D%90%E5%BF%98%20%E6%9D%B1%E4%BA%AC%E9%83%BD%E5%85%AB%E7%8E%8B%E5%AD%90%E5%B8%82%E5%8D%83%E4%BA%BA%E7%94%BA3-14-11,35.6575730,139.3079567,2024,そば EAST,soba_east,発表日：2024年4月9日
胡桃亭,栃木県那須塩原市一区町131-18,食べログ そば EAST 百名店 2024,https://tabelog.com/tochigi/A0905/A090501/9001316/,,https://www.google.com/maps/search/?api=1&query=%E8%83%A1%E6%A1%83%E4%BA%AD%20%E6%A0%83%E6%9C%A8%E7%9C%8C%E9%82%A3%E9%A0%88%E5%A1%A9%E5%8E%9F%E5%B8%82%E4%B8%80%E5%8C%BA%E7%94%BA131-18,36.8468934,139.9792195,2024,そば EAST,soba_east,発表日：2024年4月9日
流山 すず季,千葉県流山市西初石3-1-17,食べログ そば EAST 百名店 2024,https://tabelog.com/chiba/A1203/A120305/12003116/,,https://www.google.com/maps/search/?api=1&query=%E6%B5%81%E5%B1%B1%20%E3%81%99%E3%81%9A%E5%AD%A3%20%E5%8D%83%E8%91%89%E7%9C%8C%E6%B5%81%E5%B1%B1%E5%B8%82%E8%A5%BF%E5%88%9D%E7%9F%B33-1-17,35.8841248,139.9118036,2024,そば EAST,soba_east,発表日：2024年4月9日
おそばの甲賀,東京都港区西麻布2-14-5,食べログ そば EAST 百名店 2024,https://tabelog.com/tokyo/A1307/A130701/13047594/,https://tabelog.com/tokyo/A1307/A130701/13047594/?cid=google_yoyaku,https://www.google.com/maps/search/?api=1&query=%E3%81%8A%E3%81%9D%E3%81%B0%E3%81%AE%E7%94%B2%E8%B3%80%20%E6%9D%B1%E4%BA%AC%E9%83%BD%E6%B8%AF%E5%8C%BA%E8%A5%BF%E9%BA%BB%E5%B8%832-14-5,35.6600511,139.7227797,2024,そば EAST,soba_east,発表日：2024年4月9日
土家,東京都東村山市野口町4-18-1,食べログ そば EAST 百名店 2024,https://tabelog.com/tokyo/A1328/A132806/13061606/,,https://www.google.com/maps/search/?api=1&query=%E5%9C%9F%E5%AE%B6%20%E6%9D%B1%E4%BA%AC%E9%83%BD%E6%9D%B1%E6%9D%91%E5%B1%B1%E5%B8%82%E9%87%8E%E5%8F%A3%E7%94%BA4-18-1,35.7623120,139.4629602,2024,そば EAST,soba_east,発表日：2024年4月9日
そば 法師人,東京都練馬区豊玉中2-7-12,食べログ そば EAST 百名店 2024,https://tabelog.com/tokyo/A1321/A132102/13017075/,,https://www.google.com/maps/search/?api=1&query=%E3%81%9D%E3%81%B0%20%E6%B3%95%E5%B8%AB%E4%BA%BA%20%E6%9D%B1%E4%BA%AC%E9%83%BD%E7%B7%B4%E9%A6%AC%E5%8C%BA%E8%B1%8A%E7%8E%89%E4%B8%AD2-7-12,35.7306181,139.6601622,2024,そば EAST,soba_east,発表日：2024年4月9日
手打ちそば 舞鶴,群馬県高崎市通町90-12,食べログ そば EAST 百名店 2024,https://tabelog.com/gunma/A1001/A100102/10010351/,,https://www.google.com/maps/search/?api=1&query=%E6%89%8B%E6%89%93%E3%81%A1%E3%81%9D%E3%81%B0%20%E8%88%9E%E9%B6%B4%20%E7%BE%A4%E9%A6%AC%E7%9C%8C%E9%AB%98%E5%B4%8E%E5%B8%82%E9%80%9A%E7%94%BA90-12,36.3246600,139.0093654,2024,そば EAST,soba_east,発表日：2024年4月9日
慈久庵,茨城県常陸太田市天下野町2162,食べログ そば EAST 百名店 2024,https://tabelog.com/ibaraki/A0805/A080502/8000227/,,https://www.google.com/maps/search/?api=1&query=%E6%85%88%E4%B9%85%E5%BA%B5%20%E8%8C%A8%E5%9F%8E%E7%9C%8C%E5%B8%B8%E9%99%B8%E5%A4%AA%E7%94%B0%E5%B8%82%E5%A4%A9%E4%B8%8B%E9%87%8E%E7%94%BA2162,36.6823334,140.4706056,2024,そば EAST,soba_east,発表日：2024年4月9日
江戸蕎麦 ほそ川,東京都墨田区亀沢1-6-5,食べログ そば EAST 百名店 2024,https://tabelog.com/tokyo/A1312/A131201/13002967/,,https://www.google.com/maps/search/?api=1&query=%E6%B1%9F%E6%88%B8%E8%95%8E%E9%BA%A6%20%E3%81%BB%E3%81%9D%E5%B7%9D%20%E6%9D%B1%E4%BA%AC%E9%83%BD%E5%A2%A8%E7%94%B0%E5%8C%BA%E4%BA%80%E6%B2%A21-6-5,35.6967299,139.7980586,2024,そば EAST,soba_east,発表日：2024年4月9日
浅草じゅうろく,東京都台東区浅草4-37-8 小田井ビル 1F,食べログ そば EAST 百名店 2024,https://tabelog.com/tokyo/A1311/A131102/13185027/,,https://www.google.com/maps/search/?api=1&query=%E6%B5%85%E8%8D%89%E3%81%98%E3%82%85%E3%81%86%E3%82%8D%E3%81%8F%20%E6%9D%B1%E4%BA%AC%E9%83%BD%E5%8F%B0%E6%9D%B1%E5%8C%BA%E6%B5%85%E8%8D%894-37-8%20%E5%B0%8F%E7%94%B0%E4%BA%95%E3%83%93%E3%83%AB%201F,35.7195550,139.7960562,2024,そば EAST,soba_east,発表日：2024年4月9日
Flowers&Spanish Sonrisa,東京都大田区蒲田3-17-12 束田ビル 1F,食べログ スペイン料理 百名店 2024,https://tabelog.com/tokyo/A1315/A131503/13214735/,,https://www.google.com/maps/search/?api=1&query=Flowers%26Spanish%20Sonrisa%20%E6%9D%B1%E4%BA%AC%E9%83%BD%E5%A4%A7%E7%94%B0%E5%8C%BA%E8%92%B2%E7%94%B03-17-12%20%E6%9D%9F%E7%94%B0%E3%83%93%E3%83%AB%201F,35.5629274,139.7226356,2024,スペイン料理,spanish,発表日：2024年8月27日
Jose Luis,東京都渋谷区渋谷2-24-12 渋谷スクランブルスクエア 13F,食べログ スペイン料理 百名店 2024,https://tabelog.com/tokyo/A1303/A130301/13240101/,https://tabelog.com/tokyo/A1303/A130301/13240101/?cid=google_yoyaku,https://www.google.com/maps/search/?api=1&query=Jose%20Luis%20%E6%9D%B1%E4%BA%AC%E9%83%BD%E6%B8%8B%E8%B0%B7%E5%8C%BA%E6%B8%8B%E8%B0%B72-24-12%20%E6%B8%8B%E8%B0%B7%E3%82%B9%E3%82%AF%E3%83%A9%E3%83%B3%E3%83%96%E3%83%AB%E3%82%B9%E3%82%AF%E3%82%A8%E3%82%A2%2013F,35.6584552,139.7021715,2024,スペイン料理,spanish,発表日：2024年8月27日
アロセリア ラ パンサ,東京都中央区銀座1-15-8 銀座耀ビル 1F,食べログ スペイン料理 百名店 2024,https://tabelog.com/tokyo/A1301/A130101/13205229/,,https://www.google.com/maps/search/?api=1&query=%E3%82%A2%E3%83%AD%E3%82%BB%E3%83%AA%E3%82%A2%20%E3%83%A9%20%E3%83%91%E3%83%B3%E3%82%B5%20%E6%9D%B1%E4%BA%AC%E9%83%BD%E4%B8%AD%E5%A4%AE%E5%8C%BA%E9%8A%80%E5%BA%A71-15-8%20%E9%8A%80%E5%BA%A7%E8%80%80%E3%83%93%E3%83%AB%201F,35.6734154,139.7700540,2024,スペイン料理,spanish,発表日：2024年8月27日
ロス・レイエス・マーゴス,東京都渋谷区代々木5-55-7,食べログ スペイン料理 百名店 2024,https://tabelog.com/tokyo/A1318/A131810/13001848/,https://tabelog.com/tokyo/A1318/A131810/13001848/?cid=google_yoyaku,https://www.google.com/maps/search/?api=1&query=%E3%83%AD%E3%82%B9%E3%83%BB%E3%83%AC%E3%82%A4%E3%82%A8%E3%82%B9%E3%83%BB%E3%83%9E%E3%83%BC%E3%82%B4%E3%82%B9%20%E6%9D%B1%E4%BA%AC%E9%83%BD%E6%B8%8B%E8%B0%B7%E5%8C%BA%E4%BB%A3%E3%80%85%E6%9C%A85-55-7,35.6778401,139.6923220,2024,スペイン料理,spanish,発表日：2024年8月27日
アカ,東京都中央区日本橋室町2-1-1 三井2号館,食べログ スペイン料理 百名店 2024,https://tabelog.com/tokyo/A1302/A130202/13249117/,,https://www.google.com/maps/search/?api=1&query=%E3%82%A2%E3%82%AB%20%E6%9D%B1%E4%BA%AC%E9%83%BD%E4%B8%AD%E5%A4%AE%E5%8C%BA%E6%97%A5%E6%9C%AC%E6%A9%8B%E5%AE%A4%E7%94%BA2-1-1%20%E4%B8%89%E4%BA%952%E5%8F%B7%E9%A4%A8,35.6868736,139.7723527,2024,スペイン料理,spanish,発表日：2024年8月27日
Gracia,東京都渋谷区広尾5-4-16 EAT PLAY WORKS THE RESTAURANT 2F,食べログ スペイン料理 百名店 2024,https://tabelog.com/tokyo/A1307/A130703/13248611/,https://tabelog.com/tokyo/A1307/A130703/13248611/?cid=google_yoyaku,https://www.google.com/maps/search/?api=1&query=Gracia%20%E6%9D%B1%E4%BA%AC%E9%83%BD%E6%B8%8B%E8%B0%B7%E5%8C%BA%E5%BA%83%E5%B0%BE5-4-16%20EAT%20PLAY%20WORKS%20THE%20RESTAURANT%202F,35.6507357,139.7219019,2024,スペイン料理,spanish,発表日：2024年8月27日
anchoa,神奈川県鎌倉市御成町2-14-3 御成ヴィレッジ A棟 1F,食べログ スペイン料理 百名店 2024,https://tabelog.com/kanagawa/A1404/A140402/14083796/,https://tabelog.com/kanagawa/A1404/A140402/14083796/?cid=google_yoyaku,https://www.google.com/maps/search/?api=1&query=anchoa%20%E7%A5%9E%E5%A5%88%E5%B7%9D%E7%9C%8C%E9%8E%8C%E5%80%89%E5%B8%82%E5%BE%A1%E6%88%90%E7%94%BA2-14-3%20%E5%BE%A1%E6%88%90%E3%83%B4%E3%82%A3%E3%83%AC%E3%83%83%E3%82%B8%20A%E6%A3%9F%201F,35.3176123,139.5500712,2024,スペイン料理,spanish,発表日：2024年8月27日
バル・エンリケ,東京都目黒区上目黒2-10-4,食べログ スペイン料理 百名店 2024,https://tabelog.com/tokyo/A1317/A131701/13001831/,,https://www.google.com/maps/search/?api=1&query=%E3%83%90%E3%83%AB%E3%83%BB%E3%82%A8%E3%83%B3%E3%83%AA%E3%82%B1%20%E6%9D%B1%E4%BA%AC%E9%83%BD%E7%9B%AE%E9%BB%92%E5%8C%BA%E4%B8%8A%E7%9B%AE%E9%BB%922-10-4,35.6415501,139.6992174,2024,スペイン料理,spanish,発表日：2024年8月27日
月島スペインクラブ,東京都中央区月島1-14-7 旭倉庫　１Ｆ,食べログ スペイン料理 百名店 2024,https://tabelog.com/tokyo/A1313/A131302/13002244/,https://tabelog.com/tokyo/A1313/A131302/13002244/?cid=google_yoyaku,https://www.google.com/maps/search/?api=1&query=%E6%9C%88%E5%B3%B6%E3%82%B9%E3%83%9A%E3%82%A4%E3%83%B3%E3%82%AF%E3%83%A9%E3%83%96%20%E6%9D%B1%E4%BA%AC%E9%83%BD%E4%B8%AD%E5%A4%AE%E5%8C%BA%E6%9C%88%E5%B3%B61-14-7%20%E6%97%AD%E5%80%89%E5%BA%AB%E3%80%80%EF%BC%91%EF%BC%A6,35.6659519,139.7822401,2024,スペイン料理,spanish,発表日：2024年8月27日
メソン･バスカ,千葉県船橋市千葉県船橋市本町4-4-7 船橋ＮＴビル 1階,食べログ スペイン料理 百名店 2024,https://tabelog.com/chiba/A1202/A120201/12032960/,https://tabelog.com/chiba/A1202/A120201/12032960/?cid=google_yoyaku,https://www.google.com/maps/search/?api=1&query=%E3%83%A1%E3%82%BD%E3%83%B3%EF%BD%A5%E3%83%90%E3%82%B9%E3%82%AB%20%E5%8D%83%E8%91%89%E7%9C%8C%E8%88%B9%E6%A9%8B%E5%B8%82%E5%8D%83%E8%91%89%E7%9C%8C%E8%88%B9%E6%A9%8B%E5%B8%82%E6%9C%AC%E7%94%BA4-4-7%20%E8%88%B9%E6%A9%8B%EF%BC%AE%EF%BC%B4%E3%83%93%E3%83%AB%201%E9%9A%8E,35.7010239,139.9876321,2024,スペイン料理,spanish,発表日：2024年8月27日
スリオラ,東京都中央区銀座6-8-7 交詢ビル　4Ｆ,食べログ スペイン料理 百名店 2024,https://tabelog.com/tokyo/A1301/A130101/13125046/,https://tabelog.com/tokyo/A1301/A130101/13125046/?cid=google_yoyaku,https://www.google.com/maps/search/?api=1&query=%E3%82%B9%E3%83%AA%E3%82%AA%E3%83%A9%20%E6%9D%B1%E4%BA%AC%E9%83%BD%E4%B8%AD%E5%A4%AE%E5%8C%BA%E9%8A%80%E5%BA%A76-8-7%20%E4%BA%A4%E8%A9%A2%E3%83%93%E3%83%AB%E3%80%804%EF%BC%A6,35.6701384,139.7628674,2024,スペイン料理,spanish,発表日：2024年8月27日
Bihotza,神奈川県横浜市中区長者町5-85 三共横浜ビル １F（旧 明治安田生命ラジオ日本ビル）,食べログ スペイン料理 百名店 2024,https://tabelog.com/kanagawa/A1401/A140104/14057529/,https://tabelog.com/kanagawa/A1401/A140104/14057529/?cid=google_yoyaku,https://www.google.com/maps/search/?api=1&query=Bihotza%20%E7%A5%9E%E5%A5%88%E5%B7%9D%E7%9C%8C%E6%A8%AA%E6%B5%9C%E5%B8%82%E4%B8%AD%E5%8C%BA%E9%95%B7%E8%80%85%E7%94%BA5-85%20%E4%B8%89%E5%85%B1%E6%A8%AA%E6%B5%9C%E3%83%93%E3%83%AB%20%EF%BC%91F%EF%BC%88%E6%97%A7%20%E6%98%8E%E6%B2%BB%E5%AE%89%E7%94%B0%E7%94%9F%E5%91%BD%E3%83%A9%E3%82%B8%E3%82%AA%E6%97%A5%E6%9C%AC%E3%83%93%E3%83%AB%EF%BC%89,35.4423259,139.6321551,2024,スペイン料理,spanish,発表日：2024年8月27日
コングスト,東京都中央区日本橋小網町16-19 大都ビル 1F,食べログ スペイン料理 百名店 2024,https://tabelog.com/tokyo/A1302/A130204/13290035/,,https://www.google.com/maps/search/?api=1&query=%E3%82%B3%E3%83%B3%E3%82%B0%E3%82%B9%E3%83%88%20%E6%9D%B1%E4%BA%AC%E9%83%BD%E4%B8%AD%E5%A4%AE%E5%8C%BA%E6%97%A5%E6%9C%AC%E6%A9%8B%E5%B0%8F%E7%B6%B2%E7%94%BA16-19%20%E5%A4%A7%E9%83%BD%E3%83%93%E3%83%AB%201F,35.6846091,139.7804739,2024,スペイン料理,spanish,発表日：2024年8月27日
白金Baru,東京都渋谷区恵比寿3-49-1,食べログ スペイン料理 百名店 2024,https://tabelog.com/tokyo/A1307/A130703/13014058/,https://tabelog.com/tokyo/A1307/A130703/13014058/?cid=google_yoyaku,https://www.google.com/maps/search/?api=1&query=%E7%99%BD%E9%87%91Baru%20%E6%9D%B1%E4%BA%AC%E9%83%BD%E6%B8%8B%E8%B0%B7%E5%8C%BA%E6%81%B5%E6%AF%94%E5%AF%BF3-49-1,35.6446186,139.7220059,2024,スペイン料理,spanish,発表日：2024年8月27日
ボン・グー,茨城県つくば市二の宮2-2-22 つくば横丁会,食べログ スペイン料理 百名店 2024,https://tabelog.com/ibaraki/A0802/A080201/8017566/,https://tabelog.com/ibaraki/A0802/A080201/8017566/?cid=google_yoyaku,https://www.google.com/maps/search/?api=1&query=%E3%83%9C%E3%83%B3%E3%83%BB%E3%82%B0%E3%83%BC%20%E8%8C%A8%E5%9F%8E%E7%9C%8C%E3%81%A4%E3%81%8F%E3%81%B0%E5%B8%82%E4%BA%8C%E3%81%AE%E5%AE%AE2-2-22%20%E3%81%A4%E3%81%8F%E3%81%B0%E6%A8%AA%E4%B8%81%E4%BC%9A,36.0662186,140.1206479,2024,スペイン料理,spanish,発表日：2024年8月27日
マルカドール,茨城県水戸市南町2-2-32 羽田ビル1F,食べログ スペイン料理 百名店 2024,https://tabelog.com/ibaraki/A0801/A080101/8012739/,https://tabelog.com/ibaraki/A0801/A080101/8012739/?cid=google_yoyaku,https://www.google.com/maps/search/?api=1&query=%E3%83%9E%E3%83%AB%E3%82%AB%E3%83%89%E3%83%BC%E3%83%AB%20%E8%8C%A8%E5%9F%8E%E7%9C%8C%E6%B0%B4%E6%88%B8%E5%B8%82%E5%8D%97%E7%94%BA2-2-32%20%E7%BE%BD%E7%94%B0%E3%83%93%E3%83%AB1F,36.3748988,140.4716943,2024,スペイン料理,spanish,発表日：2024年8月27日
カサ・ベリヤ,東京都新宿区歌舞伎町2-42-11 カーサ新宿ビル 2F,食べログ スペイン料理 百名店 2024,https://tabelog.com/tokyo/A1304/A130401/13000123/,,https://www.google.com/maps/search/?api=1&query=%E3%82%AB%E3%82%B5%E3%83%BB%E3%83%99%E3%83%AA%E3%83%A4%20%E6%9D%B1%E4%BA%AC%E9%83%BD%E6%96%B0%E5%AE%BF%E5%8C%BA%E6%AD%8C%E8%88%9E%E4%BC%8E%E7%94%BA2-42-11%20%E3%82%AB%E3%83%BC%E3%82%B5%E6%96%B0%E5%AE%BF%E3%83%93%E3%83%AB%202F,35.6979153,139.7013156,2024,スペイン料理,spanish,発表日：2024年8月27日
スペインバル・ジローナ,東京都品川区西五反田8-2-12,食べログ スペイン料理 百名店 2024,https://tabelog.com/tokyo/A1316/A131603/13011022/,https://tabelog.com/tokyo/A1316/A131603/13011022/?cid=google_yoyaku,https://www.google.com/maps/search/?api=1&query=%E3%82%B9%E3%83%9A%E3%82%A4%E3%83%B3%E3%83%90%E3%83%AB%E3%83%BB%E3%82%B8%E3%83%AD%E3%83%BC%E3%83%8A%20%E6%9D%B1%E4%BA%AC%E9%83%BD%E5%93%81%E5%B7%9D%E5%8C%BA%E8%A5%BF%E4%BA%94%E5%8F%8D%E7%94%B08-2-12,35.6229165,139.7208199,2024,スペイン料理,spanish,発表日：2024年8月27日
ティオ・ダンジョウ,東京都調布市布田2-37-7 エランクラス １FB,食べログ スペイン料理 百名店 2024,https://tabelog.com/tokyo/A1326/A132601/13180094/,,https://www.google.com/maps/search/?api=1&query=%E3%83%86%E3%82%A3%E3%82%AA%E3%83%BB%E3%83%80%E3%83%B3%E3%82%B8%E3%83%A7%E3%82%A6%20%E6%9D%B1%E4%BA%AC%E9%83%BD%E8%AA%BF%E5%B8%83%E5%B8%82%E5%B8%83%E7%94%B02-37-7%20%E3%82%A8%E3%83%A9%E3%83%B3%E3%82%AF%E3%83%A9%E3%82%B9%20%EF%BC%91FB,35.6511739,139.5471584,2024,スペイン料理,spanish,発表日：2024年8月27日
パイス バスコ,東京都中央区銀座7-3-16,食べログ スペイン料理 百名店 2024,https://tabelog.com/tokyo/A1301/A130101/13147579/,https://tabelog.com/tokyo/A1301/A130101/13147579/?cid=google_yoyaku,https://www.google.com/maps/search/?api=1&query=%E3%83%91%E3%82%A4%E3%82%B9%20%E3%83%90%E3%82%B9%E3%82%B3%20%E6%9D%B1%E4%BA%AC%E9%83%BD%E4%B8%AD%E5%A4%AE%E5%8C%BA%E9%8A%80%E5%BA%A77-3-16,35.6704810,139.7606065,2024,スペイン料理,spanish,発表日：2024年8月27日
MASIA,東京都中央区銀座2-4-6 銀座ベルビア館 8F,食べログ スペイン料理 百名店 2024,https://tabelog.com/tokyo/A1301/A130101/13276770/,https://tabelog.com/tokyo/A1301/A130101/13276770/?cid=google_yoyaku,https://www.google.com/maps/search/?api=1&query=MASIA%20%E6%9D%B1%E4%BA%AC%E9%83%BD%E4%B8%AD%E5%A4%AE%E5%8C%BA%E9%8A%80%E5%BA%A72-4-6%20%E9%8A%80%E5%BA%A7%E3%83%99%E3%83%AB%E3%83%93%E3%82%A2%E9%A4%A8%208F,35.6740153,139.7664563,2024,スペイン料理,spanish,発表日：2024年8月27日
小笠原伯爵邸,東京都新宿区河田町10-10,食べログ スペイン料理 百名店 2024,https://tabelog.com/tokyo/A1305/A130504/13000998/,https://tabelog.com/tokyo/A1305/A130504/13000998/?cid=google_yoyaku,https://www.google.com/maps/search/?api=1&query=%E5%B0%8F%E7%AC%A0%E5%8E%9F%E4%BC%AF%E7%88%B5%E9%82%B8%20%E6%9D%B1%E4%BA%AC%E9%83%BD%E6%96%B0%E5%AE%BF%E5%8C%BA%E6%B2%B3%E7%94%B0%E7%94%BA10-10,35.6983410,139.7175208,2024,スペイン料理,spanish,発表日：2024年8月27日
FERMINTXO,東京都港区西麻布1-8-13,食べログ スペイン料理 百名店 2024,https://tabelog.com/tokyo/A1307/A130701/13130765/,https://tabelog.com/tokyo/A1307/A130701/13130765/?cid=google_yoyaku,https://www.google.com/maps/search/?api=1&query=FERMINTXO%20%E6%9D%B1%E4%BA%AC%E9%83%BD%E6%B8%AF%E5%8C%BA%E8%A5%BF%E9%BA%BB%E5%B8%831-8-13,35.6608166,139.7248001,2024,スペイン料理,spanish,発表日：2024年8月27日
Txiki Plaka,東京都港区新橋2-15-13,食べログ スペイン料理 百名店 2024,https://tabelog.com/tokyo/A1301/A130103/13215737/,,https://www.google.com/maps/search/?api=1&query=Txiki%20Plaka%20%E6%9D%B1%E4%BA%AC%E9%83%BD%E6%B8%AF%E5%8C%BA%E6%96%B0%E6%A9%8B2-15-13,35.6665886,139.7563223,2024,スペイン料理,spanish,発表日：2024年8月27日
エル・カステリャーノ,東京都渋谷区渋谷2-9-12 インテリックス青山通ビル　２Ｆ,食べログ スペイン料理 百名店 2024,https://tabelog.com/tokyo/A1303/A130301/13001313/,https://tabelog.com/tokyo/A1303/A130301/13001313/?cid=google_yoyaku,https://www.google.com/maps/search/?api=1&query=%E3%82%A8%E3%83%AB%E3%83%BB%E3%82%AB%E3%82%B9%E3%83%86%E3%83%AA%E3%83%A3%E3%83%BC%E3%83%8E%20%E6%9D%B1%E4%BA%AC%E9%83%BD%E6%B8%8B%E8%B0%B7%E5%8C%BA%E6%B8%8B%E8%B0%B72-9-12%20%E3%82%A4%E3%83%B3%E3%83%86%E3%83%AA%E3%83%83%E3%82%AF%E3%82%B9%E9%9D%92%E5%B1%B1%E9%80%9A%E3%83%93%E3%83%AB%E3%80%80%EF%BC%92%EF%BC%A6,35.6608466,139.7075076,2024,スペイン料理,spanish,発表日：2024年8月27日
Potoro,群馬県高崎市通町64 2F,食べログ スペイン料理 百名店 2024,https://tabelog.com/gunma/A1001/A100102/10020720/,,https://www.google.com/maps/search/?api=1&query=Potoro%20%E7%BE%A4%E9%A6%AC%E7%9C%8C%E9%AB%98%E5%B4%8E%E5%B8%82%E9%80%9A%E7%94%BA64%202F,36.3253550,139.0085851,2024,スペイン料理,spanish,発表日：2024年8月27日
エル・ペスカドール,東京都目黒区自由が丘1-13-4,食べログ スペイン料理 百名店 2024,https://tabelog.com/tokyo/A1317/A131703/13003271/,,https://www.google.com/maps/search/?api=1&query=%E3%82%A8%E3%83%AB%E3%83%BB%E3%83%9A%E3%82%B9%E3%82%AB%E3%83%89%E3%83%BC%E3%83%AB%20%E6%9D%B1%E4%BA%AC%E9%83%BD%E7%9B%AE%E9%BB%92%E5%8C%BA%E8%87%AA%E7%94%B1%E3%81%8C%E4%B8%981-13-4,35.6080439,139.6704500,2024,スペイン料理,spanish,発表日：2024年8月27日
ENEKO Tokyo,東京都港区西麻布3-16-28 TOKI-ON 西麻布,食べログ スペイン料理 百名店 2024,https://tabelog.com/tokyo/A1307/A130701/13212953/,,https://www.google.com/maps/search/?api=1&query=ENEKO%20Tokyo%20%E6%9D%B1%E4%BA%AC%E9%83%BD%E6%B8%AF%E5%8C%BA%E8%A5%BF%E9%BA%BB%E5%B8%833-16-28%20TOKI-ON%20%E8%A5%BF%E9%BA%BB%E5%B8%83,35.6583912,139.7257391,2024,スペイン料理,spanish,発表日：2024年8月27日
sardexka,東京都台東区下谷1-6-7 竹内マンション 1F,食べログ スペイン料理 百名店 2024,https://tabelog.com/tokyo/A1311/A131104/13196197/,,https://www.google.com/maps/search/?api=1&query=sardexka%20%E6%9D%B1%E4%BA%AC%E9%83%BD%E5%8F%B0%E6%9D%B1%E5%8C%BA%E4%B8%8B%E8%B0%B71-6-7%20%E7%AB%B9%E5%86%85%E3%83%9E%E3%83%B3%E3%82%B7%E3%83%A7%E3%83%B3%201F,35.7195494,139.7810555,2024,スペイン料理,spanish,発表日：2024年8月27日
Tinc gana,東京都千代田区六番町4-3 GEMS市ヶ谷 1F,食べログ スペイン料理 百名店 2024,https://tabelog.com/tokyo/A1309/A130904/13275231/,https://tabelog.com/tokyo/A1309/A130904/13275231/?cid=google_yoyaku,https://www.google.com/maps/search/?api=1&query=Tinc%20gana%20%E6%9D%B1%E4%BA%AC%E9%83%BD%E5%8D%83%E4%BB%A3%E7%94%B0%E5%8C%BA%E5%85%AD%E7%95%AA%E7%94%BA4-3%20GEMS%E5%B8%82%E3%83%B6%E8%B0%B7%201F,35.6891685,139.7352607,2024,スペイン料理,spanish,発表日：2024年8月27日
スペイン料理Pablo,東京都目黒区東山1-6-13 リテーラ中目黒102,食べログ スペイン料理 百名店 2024,https://tabelog.com/tokyo/A1317/A131701/13221213/,,https://www.google.com/maps/search/?api=1&query=%E3%82%B9%E3%83%9A%E3%82%A4%E3%83%B3%E6%96%99%E7%90%86Pablo%20%E6%9D%B1%E4%BA%AC%E9%83%BD%E7%9B%AE%E9%BB%92%E5%8C%BA%E6%9D%B1%E5%B1%B11-6-13%20%E3%83%AA%E3%83%86%E3%83%BC%E3%83%A9%E4%B8%AD%E7%9B%AE%E9%BB%92102,35.6458526,139.6964069,2024,スペイン料理,spanish,発表日：2024年8月27日
カンビオ,茨城県つくば市学園の森2-39-4 イストワール 001,食べログ スペイン料理 百名店 2024,https://tabelog.com/ibaraki/A0802/A080201/8017202/,,https://www.google.com/maps/search/?api=1&query=%E3%82%AB%E3%83%B3%E3%83%93%E3%82%AA%20%E8%8C%A8%E5%9F%8E%E7%9C%8C%E3%81%A4%E3%81%8F%E3%81%B0%E5%B8%82%E5%AD%A6%E5%9C%92%E3%81%AE%E6%A3%AE2-39-4%20%E3%82%A4%E3%82%B9%E3%83%88%E3%83%AF%E3%83%BC%E3%83%AB%20001,36.1006639,140.0790578,2024,スペイン料理,spanish,発表日：2024年8月27日
バル ポルティージョ,東京都目黒区青葉台1-19-12 エスセナーリオ青葉台 103,食べログ スペイン料理 百名店 2024,https://tabelog.com/tokyo/A1317/A131701/13232995/,,https://www.google.com/maps/search/?api=1&query=%E3%83%90%E3%83%AB%20%E3%83%9D%E3%83%AB%E3%83%86%E3%82%A3%E3%83%BC%E3%82%B8%E3%83%A7%20%E6%9D%B1%E4%BA%AC%E9%83%BD%E7%9B%AE%E9%BB%92%E5%8C%BA%E9%9D%92%E8%91%89%E5%8F%B01-19-12%20%E3%82%A8%E3%82%B9%E3%82%BB%E3%83%8A%E3%83%BC%E3%83%AA%E3%82%AA%E9%9D%92%E8%91%89%E5%8F%B0%20103,35.6471325,139.6976921,2024,スペイン料理,spanish,発表日：2024年8月27日
ミ・カサ,神奈川県鎌倉市佐助1-12-9,食べログ スペイン料理 百名店 2024,https://tabelog.com/kanagawa/A1404/A140402/14088808/,https://tabelog.com/kanagawa/A1404/A140402/14088808/?cid=google_yoyaku,https://www.google.com/maps/search/?api=1&query=%E3%83%9F%E3%83%BB%E3%82%AB%E3%82%B5%20%E7%A5%9E%E5%A5%88%E5%B7%9D%E7%9C%8C%E9%8E%8C%E5%80%89%E5%B8%82%E4%BD%90%E5%8A%A91-12-9,35.3204604,139.5424984,2024,スペイン料理,spanish,発表日：2024年8月27日
バルパンチョ,神奈川県藤沢市辻堂2-16-8,食べログ スペイン料理 百名店 2024,https://tabelog.com/kanagawa/A1404/A140404/14052885/,,https://www.google.com/maps/search/?api=1&query=%E3%83%90%E3%83%AB%E3%83%91%E3%83%B3%E3%83%81%E3%83%A7%20%E7%A5%9E%E5%A5%88%E5%B7%9D%E7%9C%8C%E8%97%A4%E6%B2%A2%E5%B8%82%E8%BE%BB%E5%A0%822-16-8,35.3354531,139.4457359,2024,スペイン料理,spanish,発表日：2024年8月27日
エラルテ,神奈川県藤沢市南藤沢9-2 山下ビル 1F,食べログ スペイン料理 百名店 2024,https://tabelog.com/kanagawa/A1404/A140404/14051146/,https://tabelog.com/kanagawa/A1404/A140404/14051146/?cid=google_yoyaku,https://www.google.com/maps/search/?api=1&query=%E3%82%A8%E3%83%A9%E3%83%AB%E3%83%86%20%E7%A5%9E%E5%A5%88%E5%B7%9D%E7%9C%8C%E8%97%A4%E6%B2%A2%E5%B8%82%E5%8D%97%E8%97%A4%E6%B2%A29-2%20%E5%B1%B1%E4%B8%8B%E3%83%93%E3%83%AB%201F,35.3374836,139.4923989,2024,スペイン料理,spanish,発表日：2024年8月27日
Mira!たまプラーザ,神奈川県横浜市青葉区美しが丘1-12-3 第七松美ビル 102,食べログ スペイン料理 百名店 2024,https://tabelog.com/kanagawa/A1401/A140201/14037175/,,https://www.google.com/maps/search/?api=1&query=Mira%21%E3%81%9F%E3%81%BE%E3%83%97%E3%83%A9%E3%83%BC%E3%82%B6%20%E7%A5%9E%E5%A5%88%E5%B7%9D%E7%9C%8C%E6%A8%AA%E6%B5%9C%E5%B8%82%E9%9D%92%E8%91%89%E5%8C%BA%E7%BE%8E%E3%81%97%E3%81%8C%E4%B8%981-12-3%20%E7%AC%AC%E4%B8%83%E6%9D%BE%E7%BE%8E%E3%83%93%E3%83%AB%20102,35.5790492,139.5548350,2024,スペイン料理,spanish,発表日：2024年8月27日
BCN groc,東京都港区南麻布1-15-2 1F,食べログ スペイン料理 百名店 2024,https://tabelog.com/tokyo/A1307/A130702/13285601/,,https://www.google.com/maps/search/?api=1&query=BCN%20groc%20%E6%9D%B1%E4%BA%AC%E9%83%BD%E6%B8%AF%E5%8C%BA%E5%8D%97%E9%BA%BB%E5%B8%831-15-2%201F,35.6515155,139.7338489,2024,スペイン料理,spanish,発表日：2024年8月27日
すぺいん亭,埼玉県川越市今成4-11-4,食べログ スペイン料理 百名店 2024,https://tabelog.com/saitama/A1103/A110303/11000037/,https://tabelog.com/saitama/A1103/A110303/11000037/?cid=google_yoyaku,https://www.google.com/maps/search/?api=1&query=%E3%81%99%E3%81%BA%E3%81%84%E3%82%93%E4%BA%AD%20%E5%9F%BC%E7%8E%89%E7%9C%8C%E5%B7%9D%E8%B6%8A%E5%B8%82%E4%BB%8A%E6%88%904-11-4,35.9176101,139.4666589,2024,スペイン料理,spanish,発表日：2024年8月27日
eman,東京都江東区白河1-3-6,食べログ スペイン料理 百名店 2024,https://tabelog.com/tokyo/A1313/A131303/13266919/,,https://www.google.com/maps/search/?api=1&query=eman%20%E6%9D%B1%E4%BA%AC%E9%83%BD%E6%B1%9F%E6%9D%B1%E5%8C%BA%E7%99%BD%E6%B2%B31-3-6,35.6815191,139.7994410,2024,スペイン料理,spanish,発表日：2024年8月27日
TOKi,東京都港区新橋1-8-4 SMBC新橋 2F,食べログ スペイン料理 百名店 2024,https://tabelog.com/tokyo/A1301/A130103/13262451/,https://tabelog.com/tokyo/A1301/A130103/13262451/?cid=google_yoyaku,https://www.google.com/maps/search/?api=1&query=TOKi%20%E6%9D%B1%E4%BA%AC%E9%83%BD%E6%B8%AF%E5%8C%BA%E6%96%B0%E6%A9%8B1-8-4%20SMBC%E6%96%B0%E6%A9%8B%202F,35.6670859,139.7605328,2024,スペイン料理,spanish,発表日：2024年8月27日
フォンダ サン ジョルディ,東京都渋谷区恵比寿1-12-5 萩原ビル3 2F,食べログ スペイン料理 百名店 2024,https://tabelog.com/tokyo/A1303/A130302/13174380/,https://tabelog.com/tokyo/A1303/A130302/13174380/?cid=google_yoyaku,https://www.google.com/maps/search/?api=1&query=%E3%83%95%E3%82%A9%E3%83%B3%E3%83%80%20%E3%82%B5%E3%83%B3%20%E3%82%B8%E3%83%A7%E3%83%AB%E3%83%87%E3%82%A3%20%E6%9D%B1%E4%BA%AC%E9%83%BD%E6%B8%8B%E8%B0%B7%E5%8C%BA%E6%81%B5%E6%AF%94%E5%AF%BF1-12-5%20%E8%90%A9%E5%8E%9F%E3%83%93%E3%83%AB3%202F,35.6467602,139.7121648,2024,スペイン料理,spanish,発表日：2024年8月27日
エスタシオン,東京都新宿区神楽坂3-6 カーサピッコラ神楽坂 1F,食べログ スペイン料理 百名店 2024,https://tabelog.com/tokyo/A1309/A130905/13187660/,,https://www.google.com/maps/search/?api=1&query=%E3%82%A8%E3%82%B9%E3%82%BF%E3%82%B7%E3%82%AA%E3%83%B3%20%E6%9D%B1%E4%BA%AC%E9%83%BD%E6%96%B0%E5%AE%BF%E5%8C%BA%E7%A5%9E%E6%A5%BD%E5%9D%823-6%20%E3%82%AB%E3%83%BC%E3%82%B5%E3%83%94%E3%83%83%E3%82%B3%E3%83%A9%E7%A5%9E%E6%A5%BD%E5%9D%82%201F,35.7006476,139.7405684,2024,スペイン料理,spanish,発表日：2024年8月27日
サル イ アモール,東京都渋谷区代官山町12-19 第３横芝ビル B1F,食べログ スペイン料理 百名店 2024,https://tabelog.com/tokyo/A1303/A130303/13151425/,,https://www.google.com/maps/search/?api=1&query=%E3%82%B5%E3%83%AB%20%E3%82%A4%20%E3%82%A2%E3%83%A2%E3%83%BC%E3%83%AB%20%E6%9D%B1%E4%BA%AC%E9%83%BD%E6%B8%8B%E8%B0%B7%E5%8C%BA%E4%BB%A3%E5%AE%98%E5%B1%B1%E7%94%BA12-19%20%E7%AC%AC%EF%BC%93%E6%A8%AA%E8%8A%9D%E3%83%93%E3%83%AB%20B1F,35.6508292,139.7034880,2024,スペイン料理,spanish,発表日：2024年8月27日
Seafood & Tapas LUBINA,東京都千代田区有楽町1-1-2 東京ミッドタウン日比谷 2F,食べログ スペイン料理 百名店 2024,https://tabelog.com/tokyo/A1301/A130102/13219110/,,https://www.google.com/maps/search/?api=1&query=Seafood%20%26%20Tapas%20LUBINA%20%E6%9D%B1%E4%BA%AC%E9%83%BD%E5%8D%83%E4%BB%A3%E7%94%B0%E5%8C%BA%E6%9C%89%E6%A5%BD%E7%94%BA1-1-2%20%E6%9D%B1%E4%BA%AC%E3%83%9F%E3%83%83%E3%83%89%E3%82%BF%E3%82%A6%E3%83%B3%E6%97%A5%E6%AF%94%E8%B0%B7%202F,35.6737360,139.7589034,2024,スペイン料理,spanish,発表日：2024年8月27日
西洋料理 島,東京都中央区日本橋3-5-12 日本橋ＭＭビル　Ｂ１Ｆ,食べログ ステーキ・鉄板焼き EAST 百名店 2024,https://tabelog.com/tokyo/A1302/A130202/13000495/,,https://www.google.com/maps/search/?api=1&query=%E8%A5%BF%E6%B4%8B%E6%96%99%E7%90%86%20%E5%B3%B6%20%E6%9D%B1%E4%BA%AC%E9%83%BD%E4%B8%AD%E5%A4%AE%E5%8C%BA%E6%97%A5%E6%9C%AC%E6%A9%8B3-5-12%20%E6%97%A5%E6%9C%AC%E6%A9%8B%EF%BC%AD%EF%BC%AD%E3%83%93%E3%83%AB%E3%80%80%EF%BC%A2%EF%BC%91%EF%BC%A6,35.6790558,139.7729046,2024,ステーキ・鉄板焼き EAST,steak_east,発表日：2024年4月23日
Peter Luger Steak House Tokyo,東京都渋谷区恵比寿4-19-19,食べログ ステーキ・鉄板焼き EAST 百名店 2024,https://tabelog.com/tokyo/A1303/A130302/13258435/,,https://www.google.com/maps/search/?api=1&query=Peter%20Luger%20Steak%20House%20Tokyo%20%E6%9D%B1%E4%BA%AC%E9%83%BD%E6%B8%8B%E8%B0%B7%E5%8C%BA%E6%81%B5%E6%AF%94%E5%AF%BF4-19-19,35.6438822,139.7139624,2024,ステーキ・鉄板焼き EAST,steak_east,発表日：2024年4月23日
紅花別館,東京都中央区日本橋1-2-15,食べログ ステーキ・鉄板焼き EAST 百名店 2024,https://tabelog.com/tokyo/A1302/A130202/13000487/,,https://www.google.com/maps/search/?api=1&query=%E7%B4%85%E8%8A%B1%E5%88%A5%E9%A4%A8%20%E6%9D%B1%E4%BA%AC%E9%83%BD%E4%B8%AD%E5%A4%AE%E5%8C%BA%E6%97%A5%E6%9C%AC%E6%A9%8B1-2-15,35.6832666,139.7733211,2024,ステーキ・鉄板焼き EAST,steak_east,発表日：2024年4月23日
嘉門,東京都千代田区内幸町1-1-1 帝国ホテル東京 本館 17F,食べログ ステーキ・鉄板焼き EAST 百名店 2024,https://tabelog.com/tokyo/A1301/A130102/13002295/,https://tabelog.com/tokyo/A1301/A130102/13002295/?cid=google_yoyaku,https://www.google.com/maps/search/?api=1&query=%E5%98%89%E9%96%80%20%E6%9D%B1%E4%BA%AC%E9%83%BD%E5%8D%83%E4%BB%A3%E7%94%B0%E5%8C%BA%E5%86%85%E5%B9%B8%E7%94%BA1-1-1%20%E5%B8%9D%E5%9B%BD%E3%83%9B%E3%83%86%E3%83%AB%E6%9D%B1%E4%BA%AC%20%E6%9C%AC%E9%A4%A8%2017F,35.6724135,139.7583493,2024,ステーキ・鉄板焼き EAST,steak_east,発表日：2024年4月23日
定谷,東京都台東区根岸4-3-2,食べログ ステーキ・鉄板焼き EAST 百名店 2024,https://tabelog.com/tokyo/A1311/A131104/13031814/,,https://www.google.com/maps/search/?api=1&query=%E5%AE%9A%E8%B0%B7%20%E6%9D%B1%E4%BA%AC%E9%83%BD%E5%8F%B0%E6%9D%B1%E5%8C%BA%E6%A0%B9%E5%B2%B84-3-2,35.7248869,139.7837757,2024,ステーキ・鉄板焼き EAST,steak_east,発表日：2024年4月23日
神戸牛炉釜ステーキ GINZA KOKO炉,東京都中央区銀座1-8-7 VORT銀座 B1F,食べログ ステーキ・鉄板焼き EAST 百名店 2024,https://tabelog.com/tokyo/A1301/A130101/13224979/,https://tabelog.com/tokyo/A1301/A130101/13224979/?cid=google_yoyaku,https://www.google.com/maps/search/?api=1&query=%E7%A5%9E%E6%88%B8%E7%89%9B%E7%82%89%E9%87%9C%E3%82%B9%E3%83%86%E3%83%BC%E3%82%AD%20GINZA%20KOKO%E7%82%89%20%E6%9D%B1%E4%BA%AC%E9%83%BD%E4%B8%AD%E5%A4%AE%E5%8C%BA%E9%8A%80%E5%BA%A71-8-7%20VORT%E9%8A%80%E5%BA%A7%20B1F,35.6740891,139.7686060,2024,ステーキ・鉄板焼き EAST,steak_east,発表日：2024年4月23日
ロウリーズ・ザ・プライムリブ 赤坂店,東京都港区赤坂1-8-1 赤坂インターシティ AIR 3F,食べログ ステーキ・鉄板焼き EAST 百名店 2024,https://tabelog.com/tokyo/A1308/A130802/13210946/,https://tabelog.com/tokyo/A1308/A130802/13210946/?cid=google_yoyaku,https://www.google.com/maps/search/?api=1&query=%E3%83%AD%E3%82%A6%E3%83%AA%E3%83%BC%E3%82%BA%E3%83%BB%E3%82%B6%E3%83%BB%E3%83%97%E3%83%A9%E3%82%A4%E3%83%A0%E3%83%AA%E3%83%96%20%E8%B5%A4%E5%9D%82%E5%BA%97%20%E6%9D%B1%E4%BA%AC%E9%83%BD%E6%B8%AF%E5%8C%BA%E8%B5%A4%E5%9D%821-8-1%20%E8%B5%A4%E5%9D%82%E3%82%A4%E3%83%B3%E3%82%BF%E3%83%BC%E3%82%B7%E3%83%86%E3%82%A3%20AIR%203F,35.6699459,139.7426463,2024,ステーキ・鉄板焼き EAST,steak_east,発表日：2024年4月23日
神戸牛炉釜炭焼ステーキ IDEA 銀座,東京都中央区銀座7-8-15 第2新橋会館 7F,食べログ ステーキ・鉄板焼き EAST 百名店 2024,https://tabelog.com/tokyo/A1301/A130101/13161192/,https://tabelog.com/tokyo/A1301/A130101/13161192/?cid=google_yoyaku,https://www.google.com/maps/search/?api=1&query=%E7%A5%9E%E6%88%B8%E7%89%9B%E7%82%89%E9%87%9C%E7%82%AD%E7%84%BC%E3%82%B9%E3%83%86%E3%83%BC%E3%82%AD%20IDEA%20%E9%8A%80%E5%BA%A7%20%E6%9D%B1%E4%BA%AC%E9%83%BD%E4%B8%AD%E5%A4%AE%E5%8C%BA%E9%8A%80%E5%BA%A77-8-15%20%E7%AC%AC2%E6%96%B0%E6%A9%8B%E4%BC%9A%E9%A4%A8%207F,35.6690805,139.7622024,2024,ステーキ・鉄板焼き EAST,steak_east,発表日：2024年4月23日
オーク ドア,東京都港区六本木6-10-3 六本木ヒルズ グランド ハイアット 東京 6F,食べログ ステーキ・鉄板焼き EAST 百名店 2024,https://tabelog.com/tokyo/A1307/A130701/13000004/,https://tabelog.com/tokyo/A1307/A130701/13000004/?cid=google_yoyaku,https://www.google.com/maps/search/?api=1&query=%E3%82%AA%E3%83%BC%E3%82%AF%20%E3%83%89%E3%82%A2%20%E6%9D%B1%E4%BA%AC%E9%83%BD%E6%B8%AF%E5%8C%BA%E5%85%AD%E6%9C%AC%E6%9C%A86-10-3%20%E5%85%AD%E6%9C%AC%E6%9C%A8%E3%83%92%E3%83%AB%E3%82%BA%20%E3%82%B0%E3%83%A9%E3%83%B3%E3%83%89%20%E3%83%8F%E3%82%A4%E3%82%A2%E3%83%83%E3%83%88%20%E6%9D%B1%E4%BA%AC%206F,35.6600922,139.7285595,2024,ステーキ・鉄板焼き EAST,steak_east,発表日：2024年4月23日
鉄板焼きINAGAKI亭,神奈川県茅ヶ崎市浜竹4-1-73 アメニティ-湘南1F,食べログ ステーキ・鉄板焼き EAST 百名店 2024,https://tabelog.com/kanagawa/A1404/A140404/14061711/,https://tabelog.com/kanagawa/A1404/A140404/14061711/?cid=google_yoyaku,https://www.google.com/maps/search/?api=1&query=%E9%89%84%E6%9D%BF%E7%84%BC%E3%81%8DINAGAKI%E4%BA%AD%20%E7%A5%9E%E5%A5%88%E5%B7%9D%E7%9C%8C%E8%8C%85%E3%83%B6%E5%B4%8E%E5%B8%82%E6%B5%9C%E7%AB%B94-1-73%20%E3%82%A2%E3%83%A1%E3%83%8B%E3%83%86%E3%82%A3-%E6%B9%98%E5%8D%971F,35.3315549,139.4386502,2024,ステーキ・鉄板焼き EAST,steak_east,発表日：2024年4月23日
ルース クリス ステーキハウス,東京都千代田区霞が関3-2-6 東京倶楽部ビルディング　霞ダイニング　１Ｆ,食べログ ステーキ・鉄板焼き EAST 百名店 2024,https://tabelog.com/tokyo/A1308/A130802/13045091/,,https://www.google.com/maps/search/?api=1&query=%E3%83%AB%E3%83%BC%E3%82%B9%20%E3%82%AF%E3%83%AA%E3%82%B9%20%E3%82%B9%E3%83%86%E3%83%BC%E3%82%AD%E3%83%8F%E3%82%A6%E3%82%B9%20%E6%9D%B1%E4%BA%AC%E9%83%BD%E5%8D%83%E4%BB%A3%E7%94%B0%E5%8C%BA%E9%9C%9E%E3%81%8C%E9%96%A23-2-6%20%E6%9D%B1%E4%BA%AC%E5%80%B6%E6%A5%BD%E9%83%A8%E3%83%93%E3%83%AB%E3%83%87%E3%82%A3%E3%83%B3%E3%82%B0%E3%80%80%E9%9C%9E%E3%83%80%E3%82%A4%E3%83%8B%E3%83%B3%E3%82%B0%E3%80%80%EF%BC%91%EF%BC%A6,35.6705908,139.7465245,2024,ステーキ・鉄板焼き EAST,steak_east,発表日：2024年4月23日
本店山科,東京都中央区銀座5-8-1 GINZA PLACE 11F,食べログ ステーキ・鉄板焼き EAST 百名店 2024,https://tabelog.com/tokyo/A1301/A130101/13268574/,https://tabelog.com/tokyo/A1301/A130101/13268574/?cid=google_yoyaku,https://www.google.com/maps/search/?api=1&query=%E6%9C%AC%E5%BA%97%E5%B1%B1%E7%A7%91%20%E6%9D%B1%E4%BA%AC%E9%83%BD%E4%B8%AD%E5%A4%AE%E5%8C%BA%E9%8A%80%E5%BA%A75-8-1%20GINZA%20PLACE%2011F,35.6708941,139.7650122,2024,ステーキ・鉄板焼き EAST,steak_east,発表日：2024年4月23日
かわむら,東京都中央区,食べログ ステーキ・鉄板焼き EAST 百名店 2024,https://tabelog.com/tokyo/A1301/A130101/13016506/,,https://www.google.com/maps/search/?api=1&query=%E3%81%8B%E3%82%8F%E3%82%80%E3%82%89%20%E6%9D%B1%E4%BA%AC%E9%83%BD%E4%B8%AD%E5%A4%AE%E5%8C%BA,0.0000000,0.0000000,2024,ステーキ・鉄板焼き EAST,steak_east,発表日：2024年4月23日
佐賀牛 銀座季楽,東京都中央区銀座5-4-6 ロイヤルクリスタル銀座　5F,食べログ ステーキ・鉄板焼き EAST 百名店 2024,https://tabelog.com/tokyo/A1301/A130101/13020504/,https://tabelog.com/tokyo/A1301/A130101/13020504/?cid=google_yoyaku,https://www.google.com/maps/search/?api=1&query=%E4%BD%90%E8%B3%80%E7%89%9B%20%E9%8A%80%E5%BA%A7%E5%AD%A3%E6%A5%BD%20%E6%9D%B1%E4%BA%AC%E9%83%BD%E4%B8%AD%E5%A4%AE%E5%8C%BA%E9%8A%80%E5%BA%A75-4-6%20%E3%83%AD%E3%82%A4%E3%83%A4%E3%83%AB%E3%82%AF%E3%83%AA%E3%82%B9%E3%82%BF%E3%83%AB%E9%8A%80%E5%BA%A7%E3%80%805F,35.6717209,139.7632982,2024,ステーキ・鉄板焼き EAST,steak_east,発表日：2024年4月23日
哥利歐,東京都中央区銀座8-18-3 DJ銀座ビル1F,食べログ ステーキ・鉄板焼き EAST 百名店 2024,https://tabelog.com/tokyo/A1313/A131301/13002356/,https://tabelog.com/tokyo/A1313/A131301/13002356/?cid=google_yoyaku,https://www.google.com/maps/search/?api=1&query=%E5%93%A5%E5%88%A9%E6%AD%90%20%E6%9D%B1%E4%BA%AC%E9%83%BD%E4%B8%AD%E5%A4%AE%E5%8C%BA%E9%8A%80%E5%BA%A78-18-3%20DJ%E9%8A%80%E5%BA%A7%E3%83%93%E3%83%AB1F,35.6662575,139.7649905,2024,ステーキ・鉄板焼き EAST,steak_east,発表日：2024年4月23日
ステーキハウス リベラ 目黒店,東京都目黒区下目黒6-17-20,食べログ ステーキ・鉄板焼き EAST 百名店 2024,https://tabelog.com/tokyo/A1316/A131601/13018560/,,https://www.google.com/maps/search/?api=1&query=%E3%82%B9%E3%83%86%E3%83%BC%E3%82%AD%E3%83%8F%E3%82%A6%E3%82%B9%20%E3%83%AA%E3%83%99%E3%83%A9%20%E7%9B%AE%E9%BB%92%E5%BA%97%20%E6%9D%B1%E4%BA%AC%E9%83%BD%E7%9B%AE%E9%BB%92%E5%8C%BA%E4%B8%8B%E7%9B%AE%E9%BB%926-17-20,35.6290416,139.6973250,2024,ステーキ・鉄板焼き EAST,steak_east,発表日：2024年4月23日
ベンジャミンステーキハウス 六本木,東京都港区六本木7-14-4 レム六本木ビル B1F,食べログ ステーキ・鉄板焼き EAST 百名店 2024,https://tabelog.com/tokyo/A1307/A130701/13209863/,https://tabelog.com/tokyo/A1307/A130701/13209863/?cid=google_yoyaku,https://www.google.com/maps/search/?api=1&query=%E3%83%99%E3%83%B3%E3%82%B8%E3%83%A3%E3%83%9F%E3%83%B3%E3%82%B9%E3%83%86%E3%83%BC%E3%82%AD%E3%83%8F%E3%82%A6%E3%82%B9%20%E5%85%AD%E6%9C%AC%E6%9C%A8%20%E6%9D%B1%E4%BA%AC%E9%83%BD%E6%B8%AF%E5%8C%BA%E5%85%AD%E6%9C%AC%E6%9C%A87-14-4%20%E3%83%AC%E3%83%A0%E5%85%AD%E6%9C%AC%E6%9C%A8%E3%83%93%E3%83%AB%20B1F,35.6637873,139.7314977,2024,ステーキ・鉄板焼き EAST,steak_east,発表日：2024年4月23日
FORNO,東京都港区西麻布4-11-25 モダンフォルム西麻布パートⅢ 3F,食べログ ステーキ・鉄板焼き EAST 百名店 2024,https://tabelog.com/tokyo/A1307/A130703/13220897/,https://tabelog.com/tokyo/A1307/A130703/13220897/?cid=google_yoyaku,https://www.google.com/maps/search/?api=1&query=FORNO%20%E6%9D%B1%E4%BA%AC%E9%83%BD%E6%B8%AF%E5%8C%BA%E8%A5%BF%E9%BA%BB%E5%B8%834-11-25%20%E3%83%A2%E3%83%80%E3%83%B3%E3%83%95%E3%82%A9%E3%83%AB%E3%83%A0%E8%A5%BF%E9%BA%BB%E5%B8%83%E3%83%91%E3%83%BC%E3%83%88%E2%85%A2%203F,35.6592545,139.7222932,2024,ステーキ・鉄板焼き EAST,steak_east,発表日：2024年4月23日
Steak Dining Vitis,東京都目黒区上目黒3-1-13 ACE中目黒ビル B1F,食べログ ステーキ・鉄板焼き EAST 百名店 2024,https://tabelog.com/tokyo/A1317/A131701/13173227/,https://tabelog.com/tokyo/A1317/A131701/13173227/?cid=google_yoyaku,https://www.google.com/maps/search/?api=1&query=Steak%20Dining%20Vitis%20%E6%9D%B1%E4%BA%AC%E9%83%BD%E7%9B%AE%E9%BB%92%E5%8C%BA%E4%B8%8A%E7%9B%AE%E9%BB%923-1-13%20ACE%E4%B8%AD%E7%9B%AE%E9%BB%92%E3%83%93%E3%83%AB%20B1F,35.6452508,139.6971470,2024,ステーキ・鉄板焼き EAST,steak_east,発表日：2024年4月23日
ロウリーズ・ザ・プライムリブ 恵比寿ガーデンプレイス店,東京都渋谷区恵比寿4-20-3 恵比寿ガーデンプレイスタワー B2F,食べログ ステーキ・鉄板焼き EAST 百名店 2024,https://tabelog.com/tokyo/A1303/A130302/13165420/,https://tabelog.com/tokyo/A1303/A130302/13165420/?cid=google_yoyaku,https://www.google.com/maps/search/?api=1&query=%E3%83%AD%E3%82%A6%E3%83%AA%E3%83%BC%E3%82%BA%E3%83%BB%E3%82%B6%E3%83%BB%E3%83%97%E3%83%A9%E3%82%A4%E3%83%A0%E3%83%AA%E3%83%96%20%E6%81%B5%E6%AF%94%E5%AF%BF%E3%82%AC%E3%83%BC%E3%83%87%E3%83%B3%E3%83%97%E3%83%AC%E3%82%A4%E3%82%B9%E5%BA%97%20%E6%9D%B1%E4%BA%AC%E9%83%BD%E6%B8%8B%E8%B0%B7%E5%8C%BA%E6%81%B5%E6%AF%94%E5%AF%BF4-20-3%20%E6%81%B5%E6%AF%94%E5%AF%BF%E3%82%AC%E3%83%BC%E3%83%87%E3%83%B3%E3%83%97%E3%83%AC%E3%82%A4%E3%82%B9%E3%82%BF%E3%83%AF%E3%83%BC%20B2F,35.6422116,139.7136739,2024,ステーキ・鉄板焼き EAST,steak_east,発表日：2024年4月23日
六本木うかい亭,東京都港区六本木6-12-4 六本木ヒルズ 六本木けやき坂通り 2F,食べログ ステーキ・鉄板焼き EAST 百名店 2024,https://tabelog.com/tokyo/A1307/A130701/13219288/,https://tabelog.com/tokyo/A1307/A130701/13219288/?cid=google_yoyaku,https://www.google.com/maps/search/?api=1&query=%E5%85%AD%E6%9C%AC%E6%9C%A8%E3%81%86%E3%81%8B%E3%81%84%E4%BA%AD%20%E6%9D%B1%E4%BA%AC%E9%83%BD%E6%B8%AF%E5%8C%BA%E5%85%AD%E6%9C%AC%E6%9C%A86-12-4%20%E5%85%AD%E6%9C%AC%E6%9C%A8%E3%83%92%E3%83%AB%E3%82%BA%20%E5%85%AD%E6%9C%AC%E6%9C%A8%E3%81%91%E3%82%84%E3%81%8D%E5%9D%82%E9%80%9A%E3%82%8A%202F,35.6589508,139.7310964,2024,ステーキ・鉄板焼き EAST,steak_east,発表日：2024年4月23日
石垣吉田,東京都港区麻布十番2-8-10 パティオ麻布十番 3F,食べログ ステーキ・鉄板焼き EAST 百名店 2024,https://tabelog.com/tokyo/A1307/A130702/13152618/,,https://www.google.com/maps/search/?api=1&query=%E7%9F%B3%E5%9E%A3%E5%90%89%E7%94%B0%20%E6%9D%B1%E4%BA%AC%E9%83%BD%E6%B8%AF%E5%8C%BA%E9%BA%BB%E5%B8%83%E5%8D%81%E7%95%AA2-8-10%20%E3%83%91%E3%83%86%E3%82%A3%E3%82%AA%E9%BA%BB%E5%B8%83%E5%8D%81%E7%95%AA%203F,35.6554124,139.7345767,2024,ステーキ・鉄板焼き EAST,steak_east,発表日：2024年4月23日
銀座 ひらやま,東京都中央区銀座7-17-1 武蔵野ビル1F,食べログ ステーキ・鉄板焼き EAST 百名店 2024,https://tabelog.com/tokyo/A1313/A131301/13151917/,,https://www.google.com/maps/search/?api=1&query=%E9%8A%80%E5%BA%A7%20%E3%81%B2%E3%82%89%E3%82%84%E3%81%BE%20%E6%9D%B1%E4%BA%AC%E9%83%BD%E4%B8%AD%E5%A4%AE%E5%8C%BA%E9%8A%80%E5%BA%A77-17-1%20%E6%AD%A6%E8%94%B5%E9%87%8E%E3%83%93%E3%83%AB1F,35.6667858,139.7663668,2024,ステーキ・鉄板焼き EAST,steak_east,発表日：2024年4月23日
和牛ステーキ桜 那須高原店,栃木県那須郡那須町大字高久甲4585-4,食べログ ステーキ・鉄板焼き EAST 百名店 2024,https://tabelog.com/tochigi/A0905/A090501/9002675/,,https://www.google.com/maps/search/?api=1&query=%E5%92%8C%E7%89%9B%E3%82%B9%E3%83%86%E3%83%BC%E3%82%AD%E6%A1%9C%20%E9%82%A3%E9%A0%88%E9%AB%98%E5%8E%9F%E5%BA%97%20%E6%A0%83%E6%9C%A8%E7%9C%8C%E9%82%A3%E9%A0%88%E9%83%A1%E9%82%A3%E9%A0%88%E7%94%BA%E5%A4%A7%E5%AD%97%E9%AB%98%E4%B9%85%E7%94%B24585-4,37.0170273,140.0286833,2024,ステーキ・鉄板焼き EAST,steak_east,発表日：2024年4月23日
OSAKA きっちん 銀座本店,東京都中央区銀座4-14-19 グレート2F,食べログ ステーキ・鉄板焼き EAST 百名店 2024,https://tabelog.com/tokyo/A1301/A130101/13100121/,https://tabelog.com/tokyo/A1301/A130101/13100121/?cid=google_yoyaku,https://www.google.com/maps/search/?api=1&query=OSAKA%20%E3%81%8D%E3%81%A3%E3%81%A1%E3%82%93%20%E9%8A%80%E5%BA%A7%E6%9C%AC%E5%BA%97%20%E6%9D%B1%E4%BA%AC%E9%83%BD%E4%B8%AD%E5%A4%AE%E5%8C%BA%E9%8A%80%E5%BA%A74-14-19%20%E3%82%B0%E3%83%AC%E3%83%BC%E3%83%882F,35.6695293,139.7691643,2024,ステーキ・鉄板焼き EAST,steak_east,発表日：2024年4月23日
ウルフギャング・ステーキハウス 丸の内店,東京都千代田区丸の内2-1-1 丸の内MY PLAZA 明治生命館 B1F,食べログ ステーキ・鉄板焼き EAST 百名店 2024,https://tabelog.com/tokyo/A1302/A130201/13175479/,https://tabelog.com/tokyo/A1302/A130201/13175479/?cid=google_yoyaku,https://www.google.com/maps/search/?api=1&query=%E3%82%A6%E3%83%AB%E3%83%95%E3%82%AE%E3%83%A3%E3%83%B3%E3%82%B0%E3%83%BB%E3%82%B9%E3%83%86%E3%83%BC%E3%82%AD%E3%83%8F%E3%82%A6%E3%82%B9%20%E4%B8%B8%E3%81%AE%E5%86%85%E5%BA%97%20%E6%9D%B1%E4%BA%AC%E9%83%BD%E5%8D%83%E4%BB%A3%E7%94%B0%E5%8C%BA%E4%B8%B8%E3%81%AE%E5%86%852-1-1%20%E4%B8%B8%E3%81%AE%E5%86%85MY%20PLAZA%20%E6%98%8E%E6%B2%BB%E7%94%9F%E5%91%BD%E9%A4%A8%20B1F,35.6793436,139.7617865,2024,ステーキ・鉄板焼き EAST,steak_east,発表日：2024年4月23日
CHACOあめみや,東京都渋谷区千駄ヶ谷1-7-12 Ｂ１Ｆ,食べログ ステーキ・鉄板焼き EAST 百名店 2024,https://tabelog.com/tokyo/A1309/A130901/13006988/,,https://www.google.com/maps/search/?api=1&query=CHACO%E3%81%82%E3%82%81%E3%81%BF%E3%82%84%20%E6%9D%B1%E4%BA%AC%E9%83%BD%E6%B8%8B%E8%B0%B7%E5%8C%BA%E5%8D%83%E9%A7%84%E3%83%B6%E8%B0%B71-7-12%20%EF%BC%A2%EF%BC%91%EF%BC%A6,35.6786118,139.7101075,2024,ステーキ・鉄板焼き EAST,steak_east,発表日：2024年4月23日
鉄板焼き 高見,東京都渋谷区広尾3-12-40 広尾ビル 2F,食べログ ステーキ・鉄板焼き EAST 百名店 2024,https://tabelog.com/tokyo/A1303/A130302/13021191/,,https://www.google.com/maps/search/?api=1&query=%E9%89%84%E6%9D%BF%E7%84%BC%E3%81%8D%20%E9%AB%98%E8%A6%8B%20%E6%9D%B1%E4%BA%AC%E9%83%BD%E6%B8%8B%E8%B0%B7%E5%8C%BA%E5%BA%83%E5%B0%BE3-12-40%20%E5%BA%83%E5%B0%BE%E3%83%93%E3%83%AB%202F,35.6539576,139.7138423,2024,ステーキ・鉄板焼き EAST,steak_east,発表日：2024年4月23日
ナスキロ,東京都新宿区新宿1-18-16 サンパーク花園 2F,食べログ ステーキ・鉄板焼き EAST 百名店 2024,https://tabelog.com/tokyo/A1304/A130402/13263017/,,https://www.google.com/maps/search/?api=1&query=%E3%83%8A%E3%82%B9%E3%82%AD%E3%83%AD%20%E6%9D%B1%E4%BA%AC%E9%83%BD%E6%96%B0%E5%AE%BF%E5%8C%BA%E6%96%B0%E5%AE%BF1-18-16%20%E3%82%B5%E3%83%B3%E3%83%91%E3%83%BC%E3%82%AF%E8%8A%B1%E5%9C%92%202F,35.6898172,139.7121987,2024,ステーキ・鉄板焼き EAST,steak_east,発表日：2024年4月23日
グルマンズ和牛,栃木県日光市所野1541-297,食べログ ステーキ・鉄板焼き EAST 百名店 2024,https://tabelog.com/tochigi/A0903/A090301/9000108/,,https://www.google.com/maps/search/?api=1&query=%E3%82%B0%E3%83%AB%E3%83%9E%E3%83%B3%E3%82%BA%E5%92%8C%E7%89%9B%20%E6%A0%83%E6%9C%A8%E7%9C%8C%E6%97%A5%E5%85%89%E5%B8%82%E6%89%80%E9%87%8E1541-297,36.7651118,139.6161766,2024,ステーキ・鉄板焼き EAST,steak_east,発表日：2024年4月23日
六本木モンシェルトントン,東京都港区六本木3-12-2,食べログ ステーキ・鉄板焼き EAST 百名店 2024,https://tabelog.com/tokyo/A1307/A130701/13006984/,https://tabelog.com/tokyo/A1307/A130701/13006984/?cid=google_yoyaku,https://www.google.com/maps/search/?api=1&query=%E5%85%AD%E6%9C%AC%E6%9C%A8%E3%83%A2%E3%83%B3%E3%82%B7%E3%82%A7%E3%83%AB%E3%83%88%E3%83%B3%E3%83%88%E3%83%B3%20%E6%9D%B1%E4%BA%AC%E9%83%BD%E6%B8%AF%E5%8C%BA%E5%85%AD%E6%9C%AC%E6%9C%A83-12-2,35.6631887,139.7337047,2024,ステーキ・鉄板焼き EAST,steak_east,発表日：2024年4月23日
蘭麻,東京都港区東麻布1-18-5,食べログ ステーキ・鉄板焼き EAST 百名店 2024,https://tabelog.com/tokyo/A1314/A131401/13034212/,,https://www.google.com/maps/search/?api=1&query=%E8%98%AD%E9%BA%BB%20%E6%9D%B1%E4%BA%AC%E9%83%BD%E6%B8%AF%E5%8C%BA%E6%9D%B1%E9%BA%BB%E5%B8%831-18-5,35.6559295,139.7428273,2024,ステーキ・鉄板焼き EAST,steak_east,発表日：2024年4月23日
ラステイクス,東京都渋谷区広尾5-22-3 広尾西川ビル B1F,食べログ ステーキ・鉄板焼き EAST 百名店 2024,https://tabelog.com/tokyo/A1303/A130302/13183954/,https://tabelog.com/tokyo/A1303/A130302/13183954/?cid=google_yoyaku,https://www.google.com/maps/search/?api=1&query=%E3%83%A9%E3%82%B9%E3%83%86%E3%82%A4%E3%82%AF%E3%82%B9%20%E6%9D%B1%E4%BA%AC%E9%83%BD%E6%B8%8B%E8%B0%B7%E5%8C%BA%E5%BA%83%E5%B0%BE5-22-3%20%E5%BA%83%E5%B0%BE%E8%A5%BF%E5%B7%9D%E3%83%93%E3%83%AB%20B1F,35.6486848,139.7179702,2024,ステーキ・鉄板焼き EAST,steak_east,発表日：2024年4月23日
PENTHOUSE GINZA hanare:,東京都中央区銀座8-5-9 民友ビル 3F,食べログ ステーキ・鉄板焼き EAST 百名店 2024,https://tabelog.com/tokyo/A1301/A130101/13209209/,https://tabelog.com/tokyo/A1301/A130101/13209209/?cid=google_yoyaku,https://www.google.com/maps/search/?api=1&query=PENTHOUSE%20GINZA%20hanare%3A%20%E6%9D%B1%E4%BA%AC%E9%83%BD%E4%B8%AD%E5%A4%AE%E5%8C%BA%E9%8A%80%E5%BA%A78-5-9%20%E6%B0%91%E5%8F%8B%E3%83%93%E3%83%AB%203F,35.6687284,139.7600051,2024,ステーキ・鉄板焼き EAST,steak_east,発表日：2024年4月23日
Empire Steak House Roppongi,東京都港区六本木6-7-11 1F,食べログ ステーキ・鉄板焼き EAST 百名店 2024,https://tabelog.com/tokyo/A1307/A130701/13213238/,https://tabelog.com/tokyo/A1307/A130701/13213238/?cid=google_yoyaku,https://www.google.com/maps/search/?api=1&query=Empire%20Steak%20House%20Roppongi%20%E6%9D%B1%E4%BA%AC%E9%83%BD%E6%B8%AF%E5%8C%BA%E5%85%AD%E6%9C%AC%E6%9C%A86-7-11%201F,35.6620505,139.7326913,2024,ステーキ・鉄板焼き EAST,steak_east,発表日：2024年4月23日
妙月坊,栃木県日光市山内2381,食べログ ステーキ・鉄板焼き EAST 百名店 2024,https://tabelog.com/tochigi/A0903/A090301/9018659/,,https://www.google.com/maps/search/?api=1&query=%E5%A6%99%E6%9C%88%E5%9D%8A%20%E6%A0%83%E6%9C%A8%E7%9C%8C%E6%97%A5%E5%85%89%E5%B8%82%E5%B1%B1%E5%86%852381,36.7541016,139.6038309,2024,ステーキ・鉄板焼き EAST,steak_east,発表日：2024年4月23日
神戸牛炉釜炭焼ステーキ銀座一宮,東京都中央区銀座5-14-14 サンリット銀座ビルⅢ 8F,食べログ ステーキ・鉄板焼き EAST 百名店 2024,https://tabelog.com/tokyo/A1301/A130101/13231933/,https://tabelog.com/tokyo/A1301/A130101/13231933/?cid=google_yoyaku,https://www.google.com/maps/search/?api=1&query=%E7%A5%9E%E6%88%B8%E7%89%9B%E7%82%89%E9%87%9C%E7%82%AD%E7%84%BC%E3%82%B9%E3%83%86%E3%83%BC%E3%82%AD%E9%8A%80%E5%BA%A7%E4%B8%80%E5%AE%AE%20%E6%9D%B1%E4%BA%AC%E9%83%BD%E4%B8%AD%E5%A4%AE%E5%8C%BA%E9%8A%80%E5%BA%A75-14-14%20%E3%82%B5%E3%83%B3%E3%83%AA%E3%83%83%E3%83%88%E9%8A%80%E5%BA%A7%E3%83%93%E3%83%AB%E2%85%A2%208F,35.6686382,139.7669840,2024,ステーキ・鉄板焼き EAST,steak_east,発表日：2024年4月23日
あざみ野うかい亭,神奈川県横浜市青葉区あざみ野南2-14-3,食べログ ステーキ・鉄板焼き EAST 百名店 2024,https://tabelog.com/kanagawa/A1401/A140201/14003795/,,https://www.google.com/maps/search/?api=1&query=%E3%81%82%E3%81%96%E3%81%BF%E9%87%8E%E3%81%86%E3%81%8B%E3%81%84%E4%BA%AD%20%E7%A5%9E%E5%A5%88%E5%B7%9D%E7%9C%8C%E6%A8%AA%E6%B5%9C%E5%B8%82%E9%9D%92%E8%91%89%E5%8C%BA%E3%81%82%E3%81%96%E3%81%BF%E9%87%8E%E5%8D%972-14-3,35.5652172,139.5523541,2024,ステーキ・鉄板焼き EAST,steak_east,発表日：2024年4月23日
ビフテキのカワムラ 銀座店,東京都中央区銀座6-5-1 8F,食べログ ステーキ・鉄板焼き EAST 百名店 2024,https://tabelog.com/tokyo/A1301/A130101/13061204/,,https://www.google.com/maps/search/?api=1&query=%E3%83%93%E3%83%95%E3%83%86%E3%82%AD%E3%81%AE%E3%82%AB%E3%83%AF%E3%83%A0%E3%83%A9%20%E9%8A%80%E5%BA%A7%E5%BA%97%20%E6%9D%B1%E4%BA%AC%E9%83%BD%E4%B8%AD%E5%A4%AE%E5%8C%BA%E9%8A%80%E5%BA%A76-5-1%208F,35.6713532,139.7623264,2024,ステーキ・鉄板焼き EAST,steak_east,発表日：2024年4月23日
神楽坂 鉄板焼 向日葵,東京都新宿区神楽坂3-6-40 かぐらビル 3F,食べログ ステーキ・鉄板焼き EAST 百名店 2024,https://tabelog.com/tokyo/A1309/A130905/13220651/,https://tabelog.com/tokyo/A1309/A130905/13220651/?cid=google_yoyaku,https://www.google.com/maps/search/?api=1&query=%E7%A5%9E%E6%A5%BD%E5%9D%82%20%E9%89%84%E6%9D%BF%E7%84%BC%20%E5%90%91%E6%97%A5%E8%91%B5%20%E6%9D%B1%E4%BA%AC%E9%83%BD%E6%96%B0%E5%AE%BF%E5%8C%BA%E7%A5%9E%E6%A5%BD%E5%9D%823-6-40%20%E3%81%8B%E3%81%90%E3%82%89%E3%83%93%E3%83%AB%203F,35.7010129,139.7394515,2024,ステーキ・鉄板焼き EAST,steak_east,発表日：2024年4月23日
築地鉄板焼 Kurosawa,東京都中央区築地2-9-8,食べログ ステーキ・鉄板焼き EAST 百名店 2024,https://tabelog.com/tokyo/A1313/A131301/13022458/,,https://www.google.com/maps/search/?api=1&query=%E7%AF%89%E5%9C%B0%E9%89%84%E6%9D%BF%E7%84%BC%20Kurosawa%20%E6%9D%B1%E4%BA%AC%E9%83%BD%E4%B8%AD%E5%A4%AE%E5%8C%BA%E7%AF%89%E5%9C%B02-9-8,35.6691760,139.7727856,2024,ステーキ・鉄板焼き EAST,steak_east,発表日：2024年4月23日
裏虎,東京都目黒区,食べログ ステーキ・鉄板焼き EAST 百名店 2024,https://tabelog.com/tokyo/A1317/A131701/13216607/,,https://www.google.com/maps/search/?api=1&query=%E8%A3%8F%E8%99%8E%20%E6%9D%B1%E4%BA%AC%E9%83%BD%E7%9B%AE%E9%BB%92%E5%8C%BA,0.0000000,0.0000000,2024,ステーキ・鉄板焼き EAST,steak_east,発表日：2024年4月23日
くずし鉄板 あばぐら 神田店,東京都千代田区鍛冶町1-9-19 GEMS神田 5F,食べログ ステーキ・鉄板焼き EAST 百名店 2024,https://tabelog.com/tokyo/A1310/A131002/13197319/,https://tabelog.com/tokyo/A1310/A131002/13197319/?cid=google_yoyaku,https://www.google.com/maps/search/?api=1&query=%E3%81%8F%E3%81%9A%E3%81%97%E9%89%84%E6%9D%BF%20%E3%81%82%E3%81%B0%E3%81%90%E3%82%89%20%E7%A5%9E%E7%94%B0%E5%BA%97%20%E6%9D%B1%E4%BA%AC%E9%83%BD%E5%8D%83%E4%BB%A3%E7%94%B0%E5%8C%BA%E9%8D%9B%E5%86%B6%E7%94%BA1-9-19%20GEMS%E7%A5%9E%E7%94%B0%205F,35.6904733,139.7725951,2024,ステーキ・鉄板焼き EAST,steak_east,発表日：2024年4月23日
銀座うかい亭,東京都中央区銀座5-15-8 時事通信ビル　１Ｆ,食べログ ステーキ・鉄板焼き EAST 百名店 2024,https://tabelog.com/tokyo/A1301/A130101/13002367/,,https://www.google.com/maps/search/?api=1&query=%E9%8A%80%E5%BA%A7%E3%81%86%E3%81%8B%E3%81%84%E4%BA%AD%20%E6%9D%B1%E4%BA%AC%E9%83%BD%E4%B8%AD%E5%A4%AE%E5%8C%BA%E9%8A%80%E5%BA%A75-15-8%20%E6%99%82%E4%BA%8B%E9%80%9A%E4%BF%A1%E3%83%93%E3%83%AB%E3%80%80%EF%BC%91%EF%BC%A6,35.6680901,139.7671982,2024,ステーキ・鉄板焼き EAST,steak_east,発表日：2024年4月23日
BLT STEAK GINZA,東京都中央区銀座5-4-6 ロイヤルクリスタル銀座 8F,食べログ ステーキ・鉄板焼き EAST 百名店 2024,https://tabelog.com/tokyo/A1301/A130101/13181490/,https://tabelog.com/tokyo/A1301/A130101/13181490/?cid=google_yoyaku,https://www.google.com/maps/search/?api=1&query=BLT%20STEAK%20GINZA%20%E6%9D%B1%E4%BA%AC%E9%83%BD%E4%B8%AD%E5%A4%AE%E5%8C%BA%E9%8A%80%E5%BA%A75-4-6%20%E3%83%AD%E3%82%A4%E3%83%A4%E3%83%AB%E3%82%AF%E3%83%AA%E3%82%B9%E3%82%BF%E3%83%AB%E9%8A%80%E5%BA%A7%208F,35.6717247,139.7633400,2024,ステーキ・鉄板焼き EAST,steak_east,発表日：2024年4月23日
Peter,東京都千代田区有楽町1-8-1 ザ・ペニンシュラ東京 24Ｆ,食べログ ステーキ・鉄板焼き EAST 百名店 2024,https://tabelog.com/tokyo/A1301/A130102/13042813/,https://tabelog.com/tokyo/A1301/A130102/13042813/?cid=google_yoyaku,https://www.google.com/maps/search/?api=1&query=Peter%20%E6%9D%B1%E4%BA%AC%E9%83%BD%E5%8D%83%E4%BB%A3%E7%94%B0%E5%8C%BA%E6%9C%89%E6%A5%BD%E7%94%BA1-8-1%20%E3%82%B6%E3%83%BB%E3%83%9A%E3%83%8B%E3%83%B3%E3%82%B7%E3%83%A5%E3%83%A9%E6%9D%B1%E4%BA%AC%2024%EF%BC%A6,35.6748483,139.7603149,2024,ステーキ・鉄板焼き EAST,steak_east,発表日：2024年4月23日
鉄板焼 花,東京都渋谷区代官山町13-6 ８８.DAIKANYAMA 2F,食べログ ステーキ・鉄板焼き EAST 百名店 2024,https://tabelog.com/tokyo/A1303/A130303/13192732/,https://tabelog.com/tokyo/A1303/A130303/13192732/?cid=google_yoyaku,https://www.google.com/maps/search/?api=1&query=%E9%89%84%E6%9D%BF%E7%84%BC%20%E8%8A%B1%20%E6%9D%B1%E4%BA%AC%E9%83%BD%E6%B8%8B%E8%B0%B7%E5%8C%BA%E4%BB%A3%E5%AE%98%E5%B1%B1%E7%94%BA13-6%20%EF%BC%98%EF%BC%98.DAIKANYAMA%202F,35.6500719,139.7044938,2024,ステーキ・鉄板焼き EAST,steak_east,発表日：2024年4月23日
ウルフギャング・ステーキハウス 六本木,東京都港区六本木5-16-50 六本木DUPLEX M's 1F,食べログ ステーキ・鉄板焼き EAST 百名店 2024,https://tabelog.com/tokyo/A1307/A130701/13164062/,https://tabelog.com/tokyo/A1307/A130701/13164062/?cid=google_yoyaku,https://www.google.com/maps/search/?api=1&query=%E3%82%A6%E3%83%AB%E3%83%95%E3%82%AE%E3%83%A3%E3%83%B3%E3%82%B0%E3%83%BB%E3%82%B9%E3%83%86%E3%83%BC%E3%82%AD%E3%83%8F%E3%82%A6%E3%82%B9%20%E5%85%AD%E6%9C%AC%E6%9C%A8%20%E6%9D%B1%E4%BA%AC%E9%83%BD%E6%B8%AF%E5%8C%BA%E5%85%AD%E6%9C%AC%E6%9C%A85-16-50%20%E5%85%AD%E6%9C%AC%E6%9C%A8DUPLEX%20M%27s%201F,35.6614478,139.7353795,2024,ステーキ・鉄板焼き EAST,steak_east,発表日：2024年4月23日
ステーキハウス寿楽 本店,栃木県那須郡那須町湯本379,食べログ ステーキ・鉄板焼き EAST 百名店 2024,https://tabelog.com/tochigi/A0905/A090501/9002608/,,https://www.google.com/maps/search/?api=1&query=%E3%82%B9%E3%83%86%E3%83%BC%E3%82%AD%E3%83%8F%E3%82%A6%E3%82%B9%E5%AF%BF%E6%A5%BD%20%E6%9C%AC%E5%BA%97%20%E6%A0%83%E6%9C%A8%E7%9C%8C%E9%82%A3%E9%A0%88%E9%83%A1%E9%82%A3%E9%A0%88%E7%94%BA%E6%B9%AF%E6%9C%AC379,37.0772892,140.0134598,2024,ステーキ・鉄板焼き EAST,steak_east,発表日：2024年4月23日
ステーキ＆ワイン　神房,東京都千代田区神田神保町2-3 神田古書センター １Ｆ,食べログ ステーキ・鉄板焼き EAST 百名店 2024,https://tabelog.com/tokyo/A1310/A131003/13053632/,,https://www.google.com/maps/search/?api=1&query=%E3%82%B9%E3%83%86%E3%83%BC%E3%82%AD%EF%BC%86%E3%83%AF%E3%82%A4%E3%83%B3%E3%80%80%E7%A5%9E%E6%88%BF%20%E6%9D%B1%E4%BA%AC%E9%83%BD%E5%8D%83%E4%BB%A3%E7%94%B0%E5%8C%BA%E7%A5%9E%E7%94%B0%E7%A5%9E%E4%BF%9D%E7%94%BA2-3%20%E7%A5%9E%E7%94%B0%E5%8F%A4%E6%9B%B8%E3%82%BB%E3%83%B3%E3%82%BF%E3%83%BC%20%EF%BC%91%EF%BC%A6,35.6956758,139.7573701,2024,ステーキ・鉄板焼き EAST,steak_east,発表日：2024年4月23日
三田牛竈炭火焼 ウェスタ,東京都中央区日本橋3-8-13 華蓮日本橋ビル 1F,食べログ ステーキ・鉄板焼き EAST 百名店 2024,https://tabelog.com/tokyo/A1302/A130202/13185496/,https://tabelog.com/tokyo/A1302/A130202/13185496/?cid=google_yoyaku,https://www.google.com/maps/search/?api=1&query=%E4%B8%89%E7%94%B0%E7%89%9B%E7%AB%88%E7%82%AD%E7%81%AB%E7%84%BC%20%E3%82%A6%E3%82%A7%E3%82%B9%E3%82%BF%20%E6%9D%B1%E4%BA%AC%E9%83%BD%E4%B8%AD%E5%A4%AE%E5%8C%BA%E6%97%A5%E6%9C%AC%E6%A9%8B3-8-13%20%E8%8F%AF%E8%93%AE%E6%97%A5%E6%9C%AC%E6%A9%8B%E3%83%93%E3%83%AB%201F,35.6800031,139.7733857,2024,ステーキ・鉄板焼き EAST,steak_east,発表日：2024年4月23日
秋田牛鉄板焼 銀座五明,東京都中央区銀座6-4-18 マキシドピアビル B1F,食べログ ステーキ・鉄板焼き EAST 百名店 2024,https://tabelog.com/tokyo/A1301/A130101/13187289/,https://tabelog.com/tokyo/A1301/A130101/13187289/?cid=google_yoyaku,https://www.google.com/maps/search/?api=1&query=%E7%A7%8B%E7%94%B0%E7%89%9B%E9%89%84%E6%9D%BF%E7%84%BC%20%E9%8A%80%E5%BA%A7%E4%BA%94%E6%98%8E%20%E6%9D%B1%E4%BA%AC%E9%83%BD%E4%B8%AD%E5%A4%AE%E5%8C%BA%E9%8A%80%E5%BA%A76-4-18%20%E3%83%9E%E3%82%AD%E3%82%B7%E3%83%89%E3%83%94%E3%82%A2%E3%83%93%E3%83%AB%20B1F,35.6716004,139.7616429,2024,ステーキ・鉄板焼き EAST,steak_east,発表日：2024年4月23日
テンダーハウス 基順館,東京都北区滝野川6-84-8,食べログ ステーキ・鉄板焼き EAST 百名店 2024,https://tabelog.com/tokyo/A1322/A132201/13056875/,,https://www.google.com/maps/search/?api=1&query=%E3%83%86%E3%83%B3%E3%83%80%E3%83%BC%E3%83%8F%E3%82%A6%E3%82%B9%20%E5%9F%BA%E9%A0%86%E9%A4%A8%20%E6%9D%B1%E4%BA%AC%E9%83%BD%E5%8C%97%E5%8C%BA%E6%BB%9D%E9%87%8E%E5%B7%9D6-84-8,35.7464006,139.7214943,2024,ステーキ・鉄板焼き EAST,steak_east,発表日：2024年4月23日
存じやす　極,栃木県宇都宮市中央5-3-5,食べログ ステーキ・鉄板焼き EAST 百名店 2024,https://tabelog.com/tochigi/A0901/A090101/9007919/,,https://www.google.com/maps/search/?api=1&query=%E5%AD%98%E3%81%98%E3%82%84%E3%81%99%E3%80%80%E6%A5%B5%20%E6%A0%83%E6%9C%A8%E7%9C%8C%E5%AE%87%E9%83%BD%E5%AE%AE%E5%B8%82%E4%B8%AD%E5%A4%AE5-3-5,36.5582979,139.8862341,2024,ステーキ・鉄板焼き EAST,steak_east,発表日：2024年4月23日
BLT STEAK  ROPPONGI,東京都港区六本木1丁目6-1 泉ガーデン5階,食べログ ステーキ・鉄板焼き EAST 百名店 2024,https://tabelog.com/tokyo/A1307/A130701/13172995/,https://tabelog.com/tokyo/A1307/A130701/13172995/?cid=google_yoyaku,https://www.google.com/maps/search/?api=1&query=BLT%20STEAK%20%20ROPPONGI%20%E6%9D%B1%E4%BA%AC%E9%83%BD%E6%B8%AF%E5%8C%BA%E5%85%AD%E6%9C%AC%E6%9C%A81%E4%B8%81%E7%9B%AE6-1%20%E6%B3%89%E3%82%AC%E3%83%BC%E3%83%87%E3%83%B35%E9%9A%8E,35.6646036,139.7392919,2024,ステーキ・鉄板焼き EAST,steak_east,発表日：2024年4月23日
しらかわ,茨城県水戸市南町2-3-32 西洋倶楽部ビル 2F,食べログ ステーキ・鉄板焼き EAST 百名店 2024,https://tabelog.com/ibaraki/A0801/A080101/8009475/,,https://www.google.com/maps/search/?api=1&query=%E3%81%97%E3%82%89%E3%81%8B%E3%82%8F%20%E8%8C%A8%E5%9F%8E%E7%9C%8C%E6%B0%B4%E6%88%B8%E5%B8%82%E5%8D%97%E7%94%BA2-3-32%20%E8%A5%BF%E6%B4%8B%E5%80%B6%E6%A5%BD%E9%83%A8%E3%83%93%E3%83%AB%202F,36.3753356,140.4704257,2024,ステーキ・鉄板焼き EAST,steak_east,発表日：2024年4月23日
巴里 夕顔,東京都中央区銀座8-8-8 銀座８８８ビル 5Ｆ,食べログ ステーキ・鉄板焼き EAST 百名店 2024,https://tabelog.com/tokyo/A1301/A130101/13079558/,,https://www.google.com/maps/search/?api=1&query=%E5%B7%B4%E9%87%8C%20%E5%A4%95%E9%A1%94%20%E6%9D%B1%E4%BA%AC%E9%83%BD%E4%B8%AD%E5%A4%AE%E5%8C%BA%E9%8A%80%E5%BA%A78-8-8%20%E9%8A%80%E5%BA%A7%EF%BC%98%EF%BC%98%EF%BC%98%E3%83%93%E3%83%AB%205%EF%BC%A6,35.6681660,139.7612636,2024,ステーキ・鉄板焼き EAST,steak_east,発表日：2024年4月23日
加藤牛肉店 銀座,東京都中央区銀座6-4-15 トニービル　１Ｆ,食べログ ステーキ・鉄板焼き EAST 百名店 2024,https://tabelog.com/tokyo/A1301/A130101/13076544/,https://tabelog.com/tokyo/A1301/A130101/13076544/?cid=google_yoyaku,https://www.google.com/maps/search/?api=1&query=%E5%8A%A0%E8%97%A4%E7%89%9B%E8%82%89%E5%BA%97%20%E9%8A%80%E5%BA%A7%20%E6%9D%B1%E4%BA%AC%E9%83%BD%E4%B8%AD%E5%A4%AE%E5%8C%BA%E9%8A%80%E5%BA%A76-4-15%20%E3%83%88%E3%83%8B%E3%83%BC%E3%83%93%E3%83%AB%E3%80%80%EF%BC%91%EF%BC%A6,35.6712601,139.7613312,2024,ステーキ・鉄板焼き EAST,steak_east,発表日：2024年4月23日
横浜うかい亭,神奈川県大和市つきみ野6-5-2,食べログ ステーキ・鉄板焼き EAST 百名店 2024,https://tabelog.com/kanagawa/A1407/A140702/14000790/,,https://www.google.com/maps/search/?api=1&query=%E6%A8%AA%E6%B5%9C%E3%81%86%E3%81%8B%E3%81%84%E4%BA%AD%20%E7%A5%9E%E5%A5%88%E5%B7%9D%E7%9C%8C%E5%A4%A7%E5%92%8C%E5%B8%82%E3%81%A4%E3%81%8D%E3%81%BF%E9%87%8E6-5-2,35.5146071,139.4518980,2024,ステーキ・鉄板焼き EAST,steak_east,発表日：2024年4月23日
平,東京都文京区湯島3-37-3 ＲＭビル ２Ｆ,食べログ ステーキ・鉄板焼き EAST 百名店 2024,https://tabelog.com/tokyo/A1311/A131101/13089504/,https://tabelog.com/tokyo/A1311/A131101/13089504/?cid=google_yoyaku,https://www.google.com/maps/search/?api=1&query=%E5%B9%B3%20%E6%9D%B1%E4%BA%AC%E9%83%BD%E6%96%87%E4%BA%AC%E5%8C%BA%E6%B9%AF%E5%B3%B63-37-3%20%EF%BC%B2%EF%BC%AD%E3%83%93%E3%83%AB%20%EF%BC%92%EF%BC%A6,35.7074686,139.7711519,2024,ステーキ・鉄板焼き EAST,steak_east,発表日：2024年4月23日
トロワフレーシュ,東京都中央区銀座8-2-8 銀座高本ビル 2F,食べログ ステーキ・鉄板焼き EAST 百名店 2024,https://tabelog.com/tokyo/A1301/A130103/13130978/,,https://www.google.com/maps/search/?api=1&query=%E3%83%88%E3%83%AD%E3%83%AF%E3%83%95%E3%83%AC%E3%83%BC%E3%82%B7%E3%83%A5%20%E6%9D%B1%E4%BA%AC%E9%83%BD%E4%B8%AD%E5%A4%AE%E5%8C%BA%E9%8A%80%E5%BA%A78-2-8%20%E9%8A%80%E5%BA%A7%E9%AB%98%E6%9C%AC%E3%83%93%E3%83%AB%202F,35.6697194,139.7596071,2024,ステーキ・鉄板焼き EAST,steak_east,発表日：2024年4月23日
表参道うかい亭,東京都渋谷区神宮前5-10-1 表参道ジャイル 5F,食べログ ステーキ・鉄板焼き EAST 百名店 2024,https://tabelog.com/tokyo/A1306/A130601/13044361/,https://tabelog.com/tokyo/A1306/A130601/13044361/?cid=google_yoyaku,https://www.google.com/maps/search/?api=1&query=%E8%A1%A8%E5%8F%82%E9%81%93%E3%81%86%E3%81%8B%E3%81%84%E4%BA%AD%20%E6%9D%B1%E4%BA%AC%E9%83%BD%E6%B8%8B%E8%B0%B7%E5%8C%BA%E7%A5%9E%E5%AE%AE%E5%89%8D5-10-1%20%E8%A1%A8%E5%8F%82%E9%81%93%E3%82%B8%E3%83%A3%E3%82%A4%E3%83%AB%205F,35.6673975,139.7067968,2024,ステーキ・鉄板焼き EAST,steak_east,発表日：2024年4月23日
旬菜ステーキ処 らいむらいと,東京都千代田区九段南3-4-8 パディホームズ一口坂　１Ｆ・B1F,食べログ ステーキ・鉄板焼き EAST 百名店 2024,https://tabelog.com/tokyo/A1309/A130904/13000220/,https://tabelog.com/tokyo/A1309/A130904/13000220/?cid=google_yoyaku,https://www.google.com/maps/search/?api=1&query=%E6%97%AC%E8%8F%9C%E3%82%B9%E3%83%86%E3%83%BC%E3%82%AD%E5%87%A6%20%E3%82%89%E3%81%84%E3%82%80%E3%82%89%E3%81%84%E3%81%A8%20%E6%9D%B1%E4%BA%AC%E9%83%BD%E5%8D%83%E4%BB%A3%E7%94%B0%E5%8C%BA%E4%B9%9D%E6%AE%B5%E5%8D%973-4-8%20%E3%83%91%E3%83%87%E3%82%A3%E3%83%9B%E3%83%BC%E3%83%A0%E3%82%BA%E4%B8%80%E5%8F%A3%E5%9D%82%E3%80%80%EF%BC%91%EF%BC%A6%E3%83%BBB1F,35.6919567,139.7412086,2024,ステーキ・鉄板焼き EAST,steak_east,発表日：2024年4月23日
ワカヌイ グリル ダイニング バー 東京,東京都港区芝公園3-4-30 32芝公園ビル 10F,食べログ ステーキ・鉄板焼き EAST 百名店 2024,https://tabelog.com/tokyo/A1307/A130704/13124827/,,https://www.google.com/maps/search/?api=1&query=%E3%83%AF%E3%82%AB%E3%83%8C%E3%82%A4%20%E3%82%B0%E3%83%AA%E3%83%AB%20%E3%83%80%E3%82%A4%E3%83%8B%E3%83%B3%E3%82%B0%20%E3%83%90%E3%83%BC%20%E6%9D%B1%E4%BA%AC%20%E6%9D%B1%E4%BA%AC%E9%83%BD%E6%B8%AF%E5%8C%BA%E8%8A%9D%E5%85%AC%E5%9C%923-4-30%2032%E8%8A%9D%E5%85%AC%E5%9C%92%E3%83%93%E3%83%AB%2010F,35.6588637,139.7464359,2024,ステーキ・鉄板焼き EAST,steak_east,発表日：2024年4月23日
Morton's The Steakhouse 丸の内,東京都千代田区丸の内3-2-3 丸の内二重橋ビル 二重橋スクエア 2F,食べログ ステーキ・鉄板焼き EAST 百名店 2024,https://tabelog.com/tokyo/A1301/A130102/13226598/,https://tabelog.com/tokyo/A1301/A130102/13226598/?cid=google_yoyaku,https://www.google.com/maps/search/?api=1&query=Morton%27s%20The%20Steakhouse%20%E4%B8%B8%E3%81%AE%E5%86%85%20%E6%9D%B1%E4%BA%AC%E9%83%BD%E5%8D%83%E4%BB%A3%E7%94%B0%E5%8C%BA%E4%B8%B8%E3%81%AE%E5%86%853-2-3%20%E4%B8%B8%E3%81%AE%E5%86%85%E4%BA%8C%E9%87%8D%E6%A9%8B%E3%83%93%E3%83%AB%20%E4%BA%8C%E9%87%8D%E6%A9%8B%E3%82%B9%E3%82%AF%E3%82%A8%E3%82%A2%202F,35.6779757,139.7619015,2024,ステーキ・鉄板焼き EAST,steak_east,発表日：2024年4月23日
麤皮,東京都港区西新橋3-23-11 御成門小田急ビル　１Ｆ,食べログ ステーキ・鉄板焼き EAST 百名店 2024,https://tabelog.com/tokyo/A1314/A131401/13002897/,,https://www.google.com/maps/search/?api=1&query=%E9%BA%A4%E7%9A%AE%20%E6%9D%B1%E4%BA%AC%E9%83%BD%E6%B8%AF%E5%8C%BA%E8%A5%BF%E6%96%B0%E6%A9%8B3-23-11%20%E5%BE%A1%E6%88%90%E9%96%80%E5%B0%8F%E7%94%B0%E6%80%A5%E3%83%93%E3%83%AB%E3%80%80%EF%BC%91%EF%BC%A6,35.6617793,139.7513538,2024,ステーキ・鉄板焼き EAST,steak_east,発表日：2024年4月23日
鉄板焼き 七里ガ浜,神奈川県鎌倉市七里ガ浜1-4-3,食べログ ステーキ・鉄板焼き EAST 百名店 2024,https://tabelog.com/kanagawa/A1404/A140402/14079605/,,https://www.google.com/maps/search/?api=1&query=%E9%89%84%E6%9D%BF%E7%84%BC%E3%81%8D%20%E4%B8%83%E9%87%8C%E3%82%AC%E6%B5%9C%20%E7%A5%9E%E5%A5%88%E5%B7%9D%E7%9C%8C%E9%8E%8C%E5%80%89%E5%B8%82%E4%B8%83%E9%87%8C%E3%82%AC%E6%B5%9C1-4-3,35.3057298,139.5080313,2024,ステーキ・鉄板焼き EAST,steak_east,発表日：2024年4月23日
小石川 中勢以,東京都文京区小石川5-10-18,食べログ ステーキ・鉄板焼き EAST 百名店 2024,https://tabelog.com/tokyo/A1323/A132302/13152057/,https://tabelog.com/tokyo/A1323/A132302/13152057/?cid=google_yoyaku,https://www.google.com/maps/search/?api=1&query=%E5%B0%8F%E7%9F%B3%E5%B7%9D%20%E4%B8%AD%E5%8B%A2%E4%BB%A5%20%E6%9D%B1%E4%BA%AC%E9%83%BD%E6%96%87%E4%BA%AC%E5%8C%BA%E5%B0%8F%E7%9F%B3%E5%B7%9D5-10-18,35.7161546,139.7406740,2024,ステーキ・鉄板焼き EAST,steak_east,発表日：2024年4月23日
竹田屋 千葉店,千葉県千葉市中央区中央3-13-7 コスモ千葉中央ビル,食べログ ステーキ・鉄板焼き EAST 百名店 2024,https://tabelog.com/chiba/A1201/A120101/12002186/,,https://www.google.com/maps/search/?api=1&query=%E7%AB%B9%E7%94%B0%E5%B1%8B%20%E5%8D%83%E8%91%89%E5%BA%97%20%E5%8D%83%E8%91%89%E7%9C%8C%E5%8D%83%E8%91%89%E5%B8%82%E4%B8%AD%E5%A4%AE%E5%8C%BA%E4%B8%AD%E5%A4%AE3-13-7%20%E3%82%B3%E3%82%B9%E3%83%A2%E5%8D%83%E8%91%89%E4%B8%AD%E5%A4%AE%E3%83%93%E3%83%AB,35.6081367,140.1236554,2024,ステーキ・鉄板焼き EAST,steak_east,発表日：2024年4月23日
八王子うかい亭,東京都八王子市暁町2-14-6,食べログ ステーキ・鉄板焼き EAST 百名店 2024,https://tabelog.com/tokyo/A1329/A132904/13006015/,,https://www.google.com/maps/search/?api=1&query=%E5%85%AB%E7%8E%8B%E5%AD%90%E3%81%86%E3%81%8B%E3%81%84%E4%BA%AD%20%E6%9D%B1%E4%BA%AC%E9%83%BD%E5%85%AB%E7%8E%8B%E5%AD%90%E5%B8%82%E6%9A%81%E7%94%BA2-14-6,35.6734111,139.3343503,2024,ステーキ・鉄板焼き EAST,steak_east,発表日：2024年4月23日
鉄板焼 赤坂,東京都港区赤坂1-12-33 ANAインターコンチネンタルホテル東京 37F,食べログ ステーキ・鉄板焼き EAST 百名店 2024,https://tabelog.com/tokyo/A1308/A130802/13007536/,https://tabelog.com/tokyo/A1308/A130802/13007536/?cid=google_yoyaku,https://www.google.com/maps/search/?api=1&query=%E9%89%84%E6%9D%BF%E7%84%BC%20%E8%B5%A4%E5%9D%82%20%E6%9D%B1%E4%BA%AC%E9%83%BD%E6%B8%AF%E5%8C%BA%E8%B5%A4%E5%9D%821-12-33%20ANA%E3%82%A4%E3%83%B3%E3%82%BF%E3%83%BC%E3%82%B3%E3%83%B3%E3%83%81%E3%83%8D%E3%83%B3%E3%82%BF%E3%83%AB%E3%83%9B%E3%83%86%E3%83%AB%E6%9D%B1%E4%BA%AC%2037F,35.6680679,139.7411756,2024,ステーキ・鉄板焼き EAST,steak_east,発表日：2024年4月23日
人形町今半 銀座店,東京都中央区銀座6-8-7 交詢ビル　５Ｆ,食べログ すき焼き・しゃぶしゃぶ 百名店 2024,https://tabelog.com/tokyo/A1301/A130101/13016566/,,https://www.google.com/maps/search/?api=1&query=%E4%BA%BA%E5%BD%A2%E7%94%BA%E4%BB%8A%E5%8D%8A%20%E9%8A%80%E5%BA%A7%E5%BA%97%20%E6%9D%B1%E4%BA%AC%E9%83%BD%E4%B8%AD%E5%A4%AE%E5%8C%BA%E9%8A%80%E5%BA%A76-8-7%20%E4%BA%A4%E8%A9%A2%E3%83%93%E3%83%AB%E3%80%80%EF%BC%95%EF%BC%A6,35.6701194,139.7628183,2024,すき焼き・しゃぶしゃぶ,sukiyaki_shabushabu,発表日：2024年9月10日
三田ばさら 本店,東京都港区芝3-43-16 KDX三田ビル地下1階,食べログ すき焼き・しゃぶしゃぶ 百名店 2024,https://tabelog.com/tokyo/A1314/A131402/13094054/,https://tabelog.com/tokyo/A1314/A131402/13094054/?cid=google_yoyaku,https://www.google.com/maps/search/?api=1&query=%E4%B8%89%E7%94%B0%E3%81%B0%E3%81%95%E3%82%89%20%E6%9C%AC%E5%BA%97%20%E6%9D%B1%E4%BA%AC%E9%83%BD%E6%B8%AF%E5%8C%BA%E8%8A%9D3-43-16%20KDX%E4%B8%89%E7%94%B0%E3%83%93%E3%83%AB%E5%9C%B0%E4%B8%8B1%E9%9A%8E,35.6507247,139.7452042,2024,すき焼き・しゃぶしゃぶ,sukiyaki_shabushabu,発表日：2024年9月10日
松木家,東京都渋谷区円山町6-8 松木家ビル 1F,食べログ すき焼き・しゃぶしゃぶ 百名店 2024,https://tabelog.com/tokyo/A1303/A130301/13007240/,,https://www.google.com/maps/search/?api=1&query=%E6%9D%BE%E6%9C%A8%E5%AE%B6%20%E6%9D%B1%E4%BA%AC%E9%83%BD%E6%B8%8B%E8%B0%B7%E5%8C%BA%E5%86%86%E5%B1%B1%E7%94%BA6-8%20%E6%9D%BE%E6%9C%A8%E5%AE%B6%E3%83%93%E3%83%AB%201F,35.6571778,139.6947133,2024,すき焼き・しゃぶしゃぶ,sukiyaki_shabushabu,発表日：2024年9月10日
PRETTY PORK FACTORY & KATSUプリポー,東京都渋谷区神宮前6-31-21 東急プラザ原宿ハラカド 506,食べログ すき焼き・しゃぶしゃぶ 百名店 2024,https://tabelog.com/tokyo/A1306/A130601/13295369/,https://tabelog.com/tokyo/A1306/A130601/13295369/?cid=google_yoyaku,https://www.google.com/maps/search/?api=1&query=PRETTY%20PORK%20FACTORY%20%26%20KATSU%E3%83%97%E3%83%AA%E3%83%9D%E3%83%BC%20%E6%9D%B1%E4%BA%AC%E9%83%BD%E6%B8%8B%E8%B0%B7%E5%8C%BA%E7%A5%9E%E5%AE%AE%E5%89%8D6-31-21%20%E6%9D%B1%E6%80%A5%E3%83%97%E3%83%A9%E3%82%B6%E5%8E%9F%E5%AE%BF%E3%83%8F%E3%83%A9%E3%82%AB%E3%83%89%20506,35.6684249,139.7048986,2024,すき焼き・しゃぶしゃぶ,sukiyaki_shabushabu,発表日：2024年9月10日
人形町 今半 東京ガーデンテラス紀尾井町店,東京都千代田区紀尾井町1-3 東京ガーデンテラス紀尾井町 紀尾井テラス 3F,食べログ すき焼き・しゃぶしゃぶ 百名店 2024,https://tabelog.com/tokyo/A1308/A130803/13199422/,,https://www.google.com/maps/search/?api=1&query=%E4%BA%BA%E5%BD%A2%E7%94%BA%20%E4%BB%8A%E5%8D%8A%20%E6%9D%B1%E4%BA%AC%E3%82%AC%E3%83%BC%E3%83%87%E3%83%B3%E3%83%86%E3%83%A9%E3%82%B9%E7%B4%80%E5%B0%BE%E4%BA%95%E7%94%BA%E5%BA%97%20%E6%9D%B1%E4%BA%AC%E9%83%BD%E5%8D%83%E4%BB%A3%E7%94%B0%E5%8C%BA%E7%B4%80%E5%B0%BE%E4%BA%95%E7%94%BA1-3%20%E6%9D%B1%E4%BA%AC%E3%82%AC%E3%83%BC%E3%83%87%E3%83%B3%E3%83%86%E3%83%A9%E3%82%B9%E7%B4%80%E5%B0%BE%E4%BA%95%E7%94%BA%20%E7%B4%80%E5%B0%BE%E4%BA%95%E3%83%86%E3%83%A9%E3%82%B9%203F,35.6792285,139.7381752,2024,すき焼き・しゃぶしゃぶ,sukiyaki_shabushabu,発表日：2024年9月10日
ちんや,東京都台東区花川戸2-16-1,食べログ すき焼き・しゃぶしゃぶ 百名店 2024,https://tabelog.com/tokyo/A1311/A131102/13268750/,https://tabelog.com/tokyo/A1311/A131102/13268750/?cid=google_yoyaku,https://www.google.com/maps/search/?api=1&query=%E3%81%A1%E3%82%93%E3%82%84%20%E6%9D%B1%E4%BA%AC%E9%83%BD%E5%8F%B0%E6%9D%B1%E5%8C%BA%E8%8A%B1%E5%B7%9D%E6%88%B82-16-1,35.7150222,139.8013830,2024,すき焼き・しゃぶしゃぶ,sukiyaki_shabushabu,発表日：2024年9月10日
荒井屋 万國橋店,神奈川県横浜市中区海岸通4-23 相模ビル　１Ｆ,食べログ すき焼き・しゃぶしゃぶ 百名店 2024,https://tabelog.com/kanagawa/A1401/A140104/14009643/,,https://www.google.com/maps/search/?api=1&query=%E8%8D%92%E4%BA%95%E5%B1%8B%20%E4%B8%87%E5%9C%8B%E6%A9%8B%E5%BA%97%20%E7%A5%9E%E5%A5%88%E5%B7%9D%E7%9C%8C%E6%A8%AA%E6%B5%9C%E5%B8%82%E4%B8%AD%E5%8C%BA%E6%B5%B7%E5%B2%B8%E9%80%9A4-23%20%E7%9B%B8%E6%A8%A1%E3%83%93%E3%83%AB%E3%80%80%EF%BC%91%EF%BC%A6,35.4509033,139.6384834,2024,すき焼き・しゃぶしゃぶ,sukiyaki_shabushabu,発表日：2024年9月10日
ますだや,東京都新宿区神楽坂2-9,食べログ すき焼き・しゃぶしゃぶ 百名店 2024,https://tabelog.com/tokyo/A1309/A130905/13040653/,,https://www.google.com/maps/search/?api=1&query=%E3%81%BE%E3%81%99%E3%81%A0%E3%82%84%20%E6%9D%B1%E4%BA%AC%E9%83%BD%E6%96%B0%E5%AE%BF%E5%8C%BA%E7%A5%9E%E6%A5%BD%E5%9D%822-9,35.7009482,139.7412392,2024,すき焼き・しゃぶしゃぶ,sukiyaki_shabushabu,発表日：2024年9月10日
ざくろ 銀座店,東京都中央区銀座4-6-1 銀座三和ビル　Ｂ１Ｆ,食べログ すき焼き・しゃぶしゃぶ 百名店 2024,https://tabelog.com/tokyo/A1301/A130101/13002261/,,https://www.google.com/maps/search/?api=1&query=%E3%81%96%E3%81%8F%E3%82%8D%20%E9%8A%80%E5%BA%A7%E5%BA%97%20%E6%9D%B1%E4%BA%AC%E9%83%BD%E4%B8%AD%E5%A4%AE%E5%8C%BA%E9%8A%80%E5%BA%A74-6-1%20%E9%8A%80%E5%BA%A7%E4%B8%89%E5%92%8C%E3%83%93%E3%83%AB%E3%80%80%EF%BC%A2%EF%BC%91%EF%BC%A6,35.6716636,139.7661970,2024,すき焼き・しゃぶしゃぶ,sukiyaki_shabushabu,発表日：2024年9月10日
かがやき,東京都台東区竜泉2-16-6,食べログ すき焼き・しゃぶしゃぶ 百名店 2024,https://tabelog.com/tokyo/A1324/A132401/13083284/,,https://www.google.com/maps/search/?api=1&query=%E3%81%8B%E3%81%8C%E3%82%84%E3%81%8D%20%E6%9D%B1%E4%BA%AC%E9%83%BD%E5%8F%B0%E6%9D%B1%E5%8C%BA%E7%AB%9C%E6%B3%892-16-6,35.7264165,139.7895634,2024,すき焼き・しゃぶしゃぶ,sukiyaki_shabushabu,発表日：2024年9月10日
浅草今半 国際通り本店,東京都台東区西浅草3-1-12,食べログ すき焼き・しゃぶしゃぶ 百名店 2024,https://tabelog.com/tokyo/A1311/A131102/13003649/,,https://www.google.com/maps/search/?api=1&query=%E6%B5%85%E8%8D%89%E4%BB%8A%E5%8D%8A%20%E5%9B%BD%E9%9A%9B%E9%80%9A%E3%82%8A%E6%9C%AC%E5%BA%97%20%E6%9D%B1%E4%BA%AC%E9%83%BD%E5%8F%B0%E6%9D%B1%E5%8C%BA%E8%A5%BF%E6%B5%85%E8%8D%893-1-12,35.7139423,139.7922387,2024,すき焼き・しゃぶしゃぶ,sukiyaki_shabushabu,発表日：2024年9月10日
代々木 今半,東京都渋谷区代々木1-45-4 代々木山陽ビル B1F,食べログ すき焼き・しゃぶしゃぶ 百名店 2024,https://tabelog.com/tokyo/A1318/A131810/13001039/,,https://www.google.com/maps/search/?api=1&query=%E4%BB%A3%E3%80%85%E6%9C%A8%20%E4%BB%8A%E5%8D%8A%20%E6%9D%B1%E4%BA%AC%E9%83%BD%E6%B8%8B%E8%B0%B7%E5%8C%BA%E4%BB%A3%E3%80%85%E6%9C%A81-45-4%20%E4%BB%A3%E3%80%85%E6%9C%A8%E5%B1%B1%E9%99%BD%E3%83%93%E3%83%AB%20B1F,35.6822757,139.6982653,2024,すき焼き・しゃぶしゃぶ,sukiyaki_shabushabu,発表日：2024年9月10日
伊吹,東京都新宿区西新宿1-16-8 河野ビル別館2F,食べログ すき焼き・しゃぶしゃぶ 百名店 2024,https://tabelog.com/tokyo/A1304/A130401/13136926/,,https://www.google.com/maps/search/?api=1&query=%E4%BC%8A%E5%90%B9%20%E6%9D%B1%E4%BA%AC%E9%83%BD%E6%96%B0%E5%AE%BF%E5%8C%BA%E8%A5%BF%E6%96%B0%E5%AE%BF1-16-8%20%E6%B2%B3%E9%87%8E%E3%83%93%E3%83%AB%E5%88%A5%E9%A4%A82F,35.6890019,139.6976647,2024,すき焼き・しゃぶしゃぶ,sukiyaki_shabushabu,発表日：2024年9月10日
今半 別館,東京都台東区浅草2-2-5,食べログ すき焼き・しゃぶしゃぶ 百名店 2024,https://tabelog.com/tokyo/A1311/A131102/13003656/,,https://www.google.com/maps/search/?api=1&query=%E4%BB%8A%E5%8D%8A%20%E5%88%A5%E9%A4%A8%20%E6%9D%B1%E4%BA%AC%E9%83%BD%E5%8F%B0%E6%9D%B1%E5%8C%BA%E6%B5%85%E8%8D%892-2-5,35.7131458,139.7969354,2024,すき焼き・しゃぶしゃぶ,sukiyaki_shabushabu,発表日：2024年9月10日
荒井屋 本店,神奈川県横浜市中区曙町2-17,食べログ すき焼き・しゃぶしゃぶ 百名店 2024,https://tabelog.com/kanagawa/A1401/A140104/14003068/,,https://www.google.com/maps/search/?api=1&query=%E8%8D%92%E4%BA%95%E5%B1%8B%20%E6%9C%AC%E5%BA%97%20%E7%A5%9E%E5%A5%88%E5%B7%9D%E7%9C%8C%E6%A8%AA%E6%B5%9C%E5%B8%82%E4%B8%AD%E5%8C%BA%E6%9B%99%E7%94%BA2-17,35.4414436,139.6294889,2024,すき焼き・しゃぶしゃぶ,sukiyaki_shabushabu,発表日：2024年9月10日
ざくろ TBS店,東京都港区赤坂5-3-1 赤坂Bizタワー SHOPS＆DINING 2F,食べログ すき焼き・しゃぶしゃぶ 百名店 2024,https://tabelog.com/tokyo/A1308/A130801/13002758/,,https://www.google.com/maps/search/?api=1&query=%E3%81%96%E3%81%8F%E3%82%8D%20TBS%E5%BA%97%20%E6%9D%B1%E4%BA%AC%E9%83%BD%E6%B8%AF%E5%8C%BA%E8%B5%A4%E5%9D%825-3-1%20%E8%B5%A4%E5%9D%82Biz%E3%82%BF%E3%83%AF%E3%83%BC%20SHOPS%EF%BC%86DINING%202F,35.6731814,139.7361661,2024,すき焼き・しゃぶしゃぶ,sukiyaki_shabushabu,発表日：2024年9月10日
東京肉しゃぶ家 秀彬,東京都中央区銀座8-6-20 銀座八番館 B1F,食べログ すき焼き・しゃぶしゃぶ 百名店 2024,https://tabelog.com/tokyo/A1301/A130101/13287203/,https://tabelog.com/tokyo/A1301/A130101/13287203/?cid=google_yoyaku,https://www.google.com/maps/search/?api=1&query=%E6%9D%B1%E4%BA%AC%E8%82%89%E3%81%97%E3%82%83%E3%81%B6%E5%AE%B6%20%E7%A7%80%E5%BD%AC%20%E6%9D%B1%E4%BA%AC%E9%83%BD%E4%B8%AD%E5%A4%AE%E5%8C%BA%E9%8A%80%E5%BA%A78-6-20%20%E9%8A%80%E5%BA%A7%E5%85%AB%E7%95%AA%E9%A4%A8%20B1F,35.6687194,139.7605192,2024,すき焼き・しゃぶしゃぶ,sukiyaki_shabushabu,発表日：2024年9月10日
赤坂武蔵,東京都港区赤坂3-12-11 セントラル赤坂ビル　Ｂ１Ｆ,食べログ すき焼き・しゃぶしゃぶ 百名店 2024,https://tabelog.com/tokyo/A1308/A130801/13038448/,https://tabelog.com/tokyo/A1308/A130801/13038448/?cid=google_yoyaku,https://www.google.com/maps/search/?api=1&query=%E8%B5%A4%E5%9D%82%E6%AD%A6%E8%94%B5%20%E6%9D%B1%E4%BA%AC%E9%83%BD%E6%B8%AF%E5%8C%BA%E8%B5%A4%E5%9D%823-12-11%20%E3%82%BB%E3%83%B3%E3%83%88%E3%83%A9%E3%83%AB%E8%B5%A4%E5%9D%82%E3%83%93%E3%83%AB%E3%80%80%EF%BC%A2%EF%BC%91%EF%BC%A6,35.6731607,139.7380077,2024,すき焼き・しゃぶしゃぶ,sukiyaki_shabushabu,発表日：2024年9月10日
太田なわのれん,神奈川県横浜市中区末吉町1-15,食べログ すき焼き・しゃぶしゃぶ 百名店 2024,https://tabelog.com/kanagawa/A1401/A140102/14001847/,,https://www.google.com/maps/search/?api=1&query=%E5%A4%AA%E7%94%B0%E3%81%AA%E3%82%8F%E3%81%AE%E3%82%8C%E3%82%93%20%E7%A5%9E%E5%A5%88%E5%B7%9D%E7%9C%8C%E6%A8%AA%E6%B5%9C%E5%B8%82%E4%B8%AD%E5%8C%BA%E6%9C%AB%E5%90%89%E7%94%BA1-15,35.4421586,139.6274779,2024,すき焼き・しゃぶしゃぶ,sukiyaki_shabushabu,発表日：2024年9月10日
岡半,東京都千代田区紀尾井町4-1 ホテルニューオータニ東京 本館 ロビィ階,食べログ すき焼き・しゃぶしゃぶ 百名店 2024,https://tabelog.com/tokyo/A1308/A130803/13019041/,https://tabelog.com/tokyo/A1308/A130803/13019041/?cid=google_yoyaku,https://www.google.com/maps/search/?api=1&query=%E5%B2%A1%E5%8D%8A%20%E6%9D%B1%E4%BA%AC%E9%83%BD%E5%8D%83%E4%BB%A3%E7%94%B0%E5%8C%BA%E7%B4%80%E5%B0%BE%E4%BA%95%E7%94%BA4-1%20%E3%83%9B%E3%83%86%E3%83%AB%E3%83%8B%E3%83%A5%E3%83%BC%E3%82%AA%E3%83%BC%E3%82%BF%E3%83%8B%E6%9D%B1%E4%BA%AC%20%E6%9C%AC%E9%A4%A8%20%E3%83%AD%E3%83%93%E3%82%A3%E9%9A%8E,35.6811157,139.7335588,2024,すき焼き・しゃぶしゃぶ,sukiyaki_shabushabu,発表日：2024年9月10日
モリタ屋 東京丸の内店,東京都千代田区丸の内2-4-1 丸の内ビルディング 35F,食べログ すき焼き・しゃぶしゃぶ 百名店 2024,https://tabelog.com/tokyo/A1302/A130201/13006083/,,https://www.google.com/maps/search/?api=1&query=%E3%83%A2%E3%83%AA%E3%82%BF%E5%B1%8B%20%E6%9D%B1%E4%BA%AC%E4%B8%B8%E3%81%AE%E5%86%85%E5%BA%97%20%E6%9D%B1%E4%BA%AC%E9%83%BD%E5%8D%83%E4%BB%A3%E7%94%B0%E5%8C%BA%E4%B8%B8%E3%81%AE%E5%86%852-4-1%20%E4%B8%B8%E3%81%AE%E5%86%85%E3%83%93%E3%83%AB%E3%83%87%E3%82%A3%E3%83%B3%E3%82%B0%2035F,35.6813511,139.7636488,2024,すき焼き・しゃぶしゃぶ,sukiyaki_shabushabu,発表日：2024年9月10日
日本橋 伊勢重,東京都中央区日本橋小伝馬町14-9,食べログ すき焼き・しゃぶしゃぶ 百名店 2024,https://tabelog.com/tokyo/A1302/A130204/13008056/,,https://www.google.com/maps/search/?api=1&query=%E6%97%A5%E6%9C%AC%E6%A9%8B%20%E4%BC%8A%E5%8B%A2%E9%87%8D%20%E6%9D%B1%E4%BA%AC%E9%83%BD%E4%B8%AD%E5%A4%AE%E5%8C%BA%E6%97%A5%E6%9C%AC%E6%A9%8B%E5%B0%8F%E4%BC%9D%E9%A6%AC%E7%94%BA14-9,35.6917736,139.7806749,2024,すき焼き・しゃぶしゃぶ,sukiyaki_shabushabu,発表日：2024年9月10日
東京肉しゃぶ家,東京都新宿区大久保1-12-3 カーサ第二新宿 1F,食べログ すき焼き・しゃぶしゃぶ 百名店 2024,https://tabelog.com/tokyo/A1304/A130401/13196268/,https://tabelog.com/tokyo/A1304/A130401/13196268/?cid=google_yoyaku,https://www.google.com/maps/search/?api=1&query=%E6%9D%B1%E4%BA%AC%E8%82%89%E3%81%97%E3%82%83%E3%81%B6%E5%AE%B6%20%E6%9D%B1%E4%BA%AC%E9%83%BD%E6%96%B0%E5%AE%BF%E5%8C%BA%E5%A4%A7%E4%B9%85%E4%BF%9D1-12-3%20%E3%82%AB%E3%83%BC%E3%82%B5%E7%AC%AC%E4%BA%8C%E6%96%B0%E5%AE%BF%201F,35.6983902,139.7033613,2024,すき焼き・しゃぶしゃぶ,sukiyaki_shabushabu,発表日：2024年9月10日
今福,東京都港区白金1-12-19,食べログ すき焼き・しゃぶしゃぶ 百名店 2024,https://tabelog.com/tokyo/A1316/A131602/13136201/,https://tabelog.com/tokyo/A1316/A131602/13136201/?cid=google_yoyaku,https://www.google.com/maps/search/?api=1&query=%E4%BB%8A%E7%A6%8F%20%E6%9D%B1%E4%BA%AC%E9%83%BD%E6%B8%AF%E5%8C%BA%E7%99%BD%E9%87%911-12-19,35.6454098,139.7341507,2024,すき焼き・しゃぶしゃぶ,sukiyaki_shabushabu,発表日：2024年9月10日
松阪牛 よし田,東京都新宿区西新宿3-20-2 東京オペラシティタワー 53階,食べログ すき焼き・しゃぶしゃぶ 百名店 2024,https://tabelog.com/tokyo/A1318/A131807/13188515/,https://tabelog.com/tokyo/A1318/A131807/13188515/?cid=google_yoyaku,https://www.google.com/maps/search/?api=1&query=%E6%9D%BE%E9%98%AA%E7%89%9B%20%E3%82%88%E3%81%97%E7%94%B0%20%E6%9D%B1%E4%BA%AC%E9%83%BD%E6%96%B0%E5%AE%BF%E5%8C%BA%E8%A5%BF%E6%96%B0%E5%AE%BF3-20-2%20%E6%9D%B1%E4%BA%AC%E3%82%AA%E3%83%9A%E3%83%A9%E3%82%B7%E3%83%86%E3%82%A3%E3%82%BF%E3%83%AF%E3%83%BC%2053%E9%9A%8E,35.6827975,139.6871001,2024,すき焼き・しゃぶしゃぶ,sukiyaki_shabushabu,発表日：2024年9月10日
かがやき,東京都中央区銀座1-20-2 1F・2F,食べログ すき焼き・しゃぶしゃぶ 百名店 2024,https://tabelog.com/tokyo/A1301/A130101/13187129/,https://tabelog.com/tokyo/A1301/A130101/13187129/?cid=google_yoyaku,https://www.google.com/maps/search/?api=1&query=%E3%81%8B%E3%81%8C%E3%82%84%E3%81%8D%20%E6%9D%B1%E4%BA%AC%E9%83%BD%E4%B8%AD%E5%A4%AE%E5%8C%BA%E9%8A%80%E5%BA%A71-20-2%201F%E3%83%BB2F,35.6729311,139.7706009,2024,すき焼き・しゃぶしゃぶ,sukiyaki_shabushabu,発表日：2024年9月10日
Shangri-La's secret ROPPONGI,東京都港区六本木4-11-11 六本木GMビル 4F,食べログ すき焼き・しゃぶしゃぶ 百名店 2024,https://tabelog.com/tokyo/A1307/A130701/13175214/,https://tabelog.com/tokyo/A1307/A130701/13175214/?cid=google_yoyaku,https://www.google.com/maps/search/?api=1&query=Shangri-La%27s%20secret%20ROPPONGI%20%E6%9D%B1%E4%BA%AC%E9%83%BD%E6%B8%AF%E5%8C%BA%E5%85%AD%E6%9C%AC%E6%9C%A84-11-11%20%E5%85%AD%E6%9C%AC%E6%9C%A8GM%E3%83%93%E3%83%AB%204F,35.6642430,139.7315540,2024,すき焼き・しゃぶしゃぶ,sukiyaki_shabushabu,発表日：2024年9月10日
いし橋,東京都千代田区外神田3-6-8,食べログ すき焼き・しゃぶしゃぶ 百名店 2024,https://tabelog.com/tokyo/A1311/A131101/13021036/,,https://www.google.com/maps/search/?api=1&query=%E3%81%84%E3%81%97%E6%A9%8B%20%E6%9D%B1%E4%BA%AC%E9%83%BD%E5%8D%83%E4%BB%A3%E7%94%B0%E5%8C%BA%E5%A4%96%E7%A5%9E%E7%94%B03-6-8,35.7028393,139.7698686,2024,すき焼き・しゃぶしゃぶ,sukiyaki_shabushabu,発表日：2024年9月10日
人形町今半 上野広小路店,東京都台東区上野1-20-11 ヒューリック上野広小路ビル 6F,食べログ すき焼き・しゃぶしゃぶ 百名店 2024,https://tabelog.com/tokyo/A1311/A131101/13005082/,,https://www.google.com/maps/search/?api=1&query=%E4%BA%BA%E5%BD%A2%E7%94%BA%E4%BB%8A%E5%8D%8A%20%E4%B8%8A%E9%87%8E%E5%BA%83%E5%B0%8F%E8%B7%AF%E5%BA%97%20%E6%9D%B1%E4%BA%AC%E9%83%BD%E5%8F%B0%E6%9D%B1%E5%8C%BA%E4%B8%8A%E9%87%8E1-20-11%20%E3%83%92%E3%83%A5%E3%83%BC%E3%83%AA%E3%83%83%E3%82%AF%E4%B8%8A%E9%87%8E%E5%BA%83%E5%B0%8F%E8%B7%AF%E3%83%93%E3%83%AB%206F,35.7074833,139.7726448,2024,すき焼き・しゃぶしゃぶ,sukiyaki_shabushabu,発表日：2024年9月10日
牛幸 本店,東京都中央区新川1-9-8,食べログ すき焼き・しゃぶしゃぶ 百名店 2024,https://tabelog.com/tokyo/A1302/A130203/13007682/,,https://www.google.com/maps/search/?api=1&query=%E7%89%9B%E5%B9%B8%20%E6%9C%AC%E5%BA%97%20%E6%9D%B1%E4%BA%AC%E9%83%BD%E4%B8%AD%E5%A4%AE%E5%8C%BA%E6%96%B0%E5%B7%9D1-9-8,35.6771773,139.7827753,2024,すき焼き・しゃぶしゃぶ,sukiyaki_shabushabu,発表日：2024年9月10日
米久本店,東京都台東区浅草2-17-10,食べログ すき焼き・しゃぶしゃぶ 百名店 2024,https://tabelog.com/tokyo/A1311/A131102/13003667/,,https://www.google.com/maps/search/?api=1&query=%E7%B1%B3%E4%B9%85%E6%9C%AC%E5%BA%97%20%E6%9D%B1%E4%BA%AC%E9%83%BD%E5%8F%B0%E6%9D%B1%E5%8C%BA%E6%B5%85%E8%8D%892-17-10,35.7159321,139.7937184,2024,すき焼き・しゃぶしゃぶ,sukiyaki_shabushabu,発表日：2024年9月10日
PRETTY PORK FACTORY,東京都新宿区歌舞伎町1-10-3 G3ビル 2F,食べログ すき焼き・しゃぶしゃぶ 百名店 2024,https://tabelog.com/tokyo/A1304/A130401/13254601/,https://tabelog.com/tokyo/A1304/A130401/13254601/?cid=google_yoyaku,https://www.google.com/maps/search/?api=1&query=PRETTY%20PORK%20FACTORY%20%E6%9D%B1%E4%BA%AC%E9%83%BD%E6%96%B0%E5%AE%BF%E5%8C%BA%E6%AD%8C%E8%88%9E%E4%BC%8E%E7%94%BA1-10-3%20G3%E3%83%93%E3%83%AB%202F,35.6947579,139.7030126,2024,すき焼き・しゃぶしゃぶ,sukiyaki_shabushabu,発表日：2024年9月10日
人形町今半 本店,東京都中央区日本橋人形町2-9-12,食べログ すき焼き・しゃぶしゃぶ 百名店 2024,https://tabelog.com/tokyo/A1302/A130204/13003059/,,https://www.google.com/maps/search/?api=1&query=%E4%BA%BA%E5%BD%A2%E7%94%BA%E4%BB%8A%E5%8D%8A%20%E6%9C%AC%E5%BA%97%20%E6%9D%B1%E4%BA%AC%E9%83%BD%E4%B8%AD%E5%A4%AE%E5%8C%BA%E6%97%A5%E6%9C%AC%E6%A9%8B%E4%BA%BA%E5%BD%A2%E7%94%BA2-9-12,35.6857785,139.7836794,2024,すき焼き・しゃぶしゃぶ,sukiyaki_shabushabu,発表日：2024年9月10日
すき焼割烹 日山,東京都中央区日本橋人形町2-5-1 日山ビル 2F,食べログ すき焼き・しゃぶしゃぶ 百名店 2024,https://tabelog.com/tokyo/A1302/A130204/13003043/,https://tabelog.com/tokyo/A1302/A130204/13003043/?cid=google_yoyaku,https://www.google.com/maps/search/?api=1&query=%E3%81%99%E3%81%8D%E7%84%BC%E5%89%B2%E7%83%B9%20%E6%97%A5%E5%B1%B1%20%E6%9D%B1%E4%BA%AC%E9%83%BD%E4%B8%AD%E5%A4%AE%E5%8C%BA%E6%97%A5%E6%9C%AC%E6%A9%8B%E4%BA%BA%E5%BD%A2%E7%94%BA2-5-1%20%E6%97%A5%E5%B1%B1%E3%83%93%E3%83%AB%202F,35.6857317,139.7830205,2024,すき焼き・しゃぶしゃぶ,sukiyaki_shabushabu,発表日：2024年9月10日
にし邑,東京都中央区銀座3-12-6 盛重ビル 1F,食べログ とんかつ 百名店 2024,https://tabelog.com/tokyo/A1301/A130101/13025298/,,https://www.google.com/maps/search/?api=1&query=%E3%81%AB%E3%81%97%E9%82%91%20%E6%9D%B1%E4%BA%AC%E9%83%BD%E4%B8%AD%E5%A4%AE%E5%8C%BA%E9%8A%80%E5%BA%A73-12-6%20%E7%9B%9B%E9%87%8D%E3%83%93%E3%83%AB%201F,35.6706745,139.7692164,2024,とんかつ,tonkatsu,発表日：2024年3月26日
とんかつ ゆたか,東京都台東区浅草1-15-9,食べログ とんかつ 百名店 2024,https://tabelog.com/tokyo/A1311/A131102/13003669/,https://tabelog.com/tokyo/A1311/A131102/13003669/?cid=google_yoyaku,https://www.google.com/maps/search/?api=1&query=%E3%81%A8%E3%82%93%E3%81%8B%E3%81%A4%20%E3%82%86%E3%81%9F%E3%81%8B%20%E6%9D%B1%E4%BA%AC%E9%83%BD%E5%8F%B0%E6%9D%B1%E5%8C%BA%E6%B5%85%E8%8D%891-15-9,35.7117767,139.7940792,2024,とんかつ,tonkatsu,発表日：2024年3月26日
あげづき,東京都新宿区神楽坂3-2 山ノ内ビル B1F,食べログ とんかつ 百名店 2024,https://tabelog.com/tokyo/A1309/A130905/13107796/,,https://www.google.com/maps/search/?api=1&query=%E3%81%82%E3%81%92%E3%81%A5%E3%81%8D%20%E6%9D%B1%E4%BA%AC%E9%83%BD%E6%96%B0%E5%AE%BF%E5%8C%BA%E7%A5%9E%E6%A5%BD%E5%9D%823-2%20%E5%B1%B1%E3%83%8E%E5%86%85%E3%83%93%E3%83%AB%20B1F,35.7013316,139.7407752,2024,とんかつ,tonkatsu,発表日：2024年3月26日
塩梅,千葉県柏市明原1-2-3 柏田中ビル　Ｂ１Ｆ,食べログ とんかつ 百名店 2024,https://tabelog.com/chiba/A1203/A120301/12000061/,,https://www.google.com/maps/search/?api=1&query=%E5%A1%A9%E6%A2%85%20%E5%8D%83%E8%91%89%E7%9C%8C%E6%9F%8F%E5%B8%82%E6%98%8E%E5%8E%9F1-2-3%20%E6%9F%8F%E7%94%B0%E4%B8%AD%E3%83%93%E3%83%AB%E3%80%80%EF%BC%A2%EF%BC%91%EF%BC%A6,35.8642037,139.9666040,2024,とんかつ,tonkatsu,発表日：2024年3月26日
とんかつ やまいち,東京都千代田区神田須田町1-8-4 玉井ビル1F,食べログ とんかつ 百名店 2024,https://tabelog.com/tokyo/A1310/A131002/13042246/,,https://www.google.com/maps/search/?api=1&query=%E3%81%A8%E3%82%93%E3%81%8B%E3%81%A4%20%E3%82%84%E3%81%BE%E3%81%84%E3%81%A1%20%E6%9D%B1%E4%BA%AC%E9%83%BD%E5%8D%83%E4%BB%A3%E7%94%B0%E5%8C%BA%E7%A5%9E%E7%94%B0%E9%A0%88%E7%94%B0%E7%94%BA1-8-4%20%E7%8E%89%E4%BA%95%E3%83%93%E3%83%AB1F,35.6953702,139.7685813,2024,とんかつ,tonkatsu,発表日：2024年3月26日
もち豚とんかつ たいよう,東京都品川区小山3-22-7 メゾンいずみ 1-112,食べログ とんかつ 百名店 2024,https://tabelog.com/tokyo/A1317/A131710/13059862/,,https://www.google.com/maps/search/?api=1&query=%E3%82%82%E3%81%A1%E8%B1%9A%E3%81%A8%E3%82%93%E3%81%8B%E3%81%A4%20%E3%81%9F%E3%81%84%E3%82%88%E3%81%86%20%E6%9D%B1%E4%BA%AC%E9%83%BD%E5%93%81%E5%B7%9D%E5%8C%BA%E5%B0%8F%E5%B1%B13-22-7%20%E3%83%A1%E3%82%BE%E3%83%B3%E3%81%84%E3%81%9A%E3%81%BF%201-112,35.6188255,139.7064293,2024,とんかつ,tonkatsu,発表日：2024年3月26日
銀座かつかみ,東京都中央区銀座5-6-10 銀座ミヤコビル 5F,食べログ とんかつ 百名店 2024,https://tabelog.com/tokyo/A1301/A130101/13225476/,https://tabelog.com/tokyo/A1301/A130101/13225476/?cid=google_yoyaku,https://www.google.com/maps/search/?api=1&query=%E9%8A%80%E5%BA%A7%E3%81%8B%E3%81%A4%E3%81%8B%E3%81%BF%20%E6%9D%B1%E4%BA%AC%E9%83%BD%E4%B8%AD%E5%A4%AE%E5%8C%BA%E9%8A%80%E5%BA%A75-6-10%20%E9%8A%80%E5%BA%A7%E3%83%9F%E3%83%A4%E3%82%B3%E3%83%93%E3%83%AB%205F,35.6707534,139.7636690,2024,とんかつ,tonkatsu,発表日：2024年3月26日
とんかつ武信 代々木上原店,東京都渋谷区西原3-1-7 ティーズプレイス 1F,食べログ とんかつ 百名店 2024,https://tabelog.com/tokyo/A1318/A131811/13024248/,,https://www.google.com/maps/search/?api=1&query=%E3%81%A8%E3%82%93%E3%81%8B%E3%81%A4%E6%AD%A6%E4%BF%A1%20%E4%BB%A3%E3%80%85%E6%9C%A8%E4%B8%8A%E5%8E%9F%E5%BA%97%20%E6%9D%B1%E4%BA%AC%E9%83%BD%E6%B8%8B%E8%B0%B7%E5%8C%BA%E8%A5%BF%E5%8E%9F3-1-7%20%E3%83%86%E3%82%A3%E3%83%BC%E3%82%BA%E3%83%97%E3%83%AC%E3%82%A4%E3%82%B9%201F,35.6703070,139.6827839,2024,とんかつ,tonkatsu,発表日：2024年3月26日
とんかつ けい太 西荻窪駅前店,東京都杉並区西荻南3-10-6 中村ビル B1F,食べログ とんかつ 百名店 2024,https://tabelog.com/tokyo/A1319/A131907/13241723/,,https://www.google.com/maps/search/?api=1&query=%E3%81%A8%E3%82%93%E3%81%8B%E3%81%A4%20%E3%81%91%E3%81%84%E5%A4%AA%20%E8%A5%BF%E8%8D%BB%E7%AA%AA%E9%A7%85%E5%89%8D%E5%BA%97%20%E6%9D%B1%E4%BA%AC%E9%83%BD%E6%9D%89%E4%B8%A6%E5%8C%BA%E8%A5%BF%E8%8D%BB%E5%8D%973-10-6%20%E4%B8%AD%E6%9D%91%E3%83%93%E3%83%AB%20B1F,35.7035338,139.5999061,2024,とんかつ,tonkatsu,発表日：2024年3月26日
tonkatsu.jp 表参道,東京都港区北青山3-9-9 FNビル 1F,食べログ とんかつ 百名店 2024,https://tabelog.com/tokyo/A1306/A130602/13264557/,,https://www.google.com/maps/search/?api=1&query=tonkatsu.jp%20%E8%A1%A8%E5%8F%82%E9%81%93%20%E6%9D%B1%E4%BA%AC%E9%83%BD%E6%B8%AF%E5%8C%BA%E5%8C%97%E9%9D%92%E5%B1%B13-9-9%20FN%E3%83%93%E3%83%AB%201F,35.6644334,139.7099999,2024,とんかつ,tonkatsu,発表日：2024年3月26日
あげ福,東京都品川区西五反田2-15-13 ニューハイツ西五反田 1F,食べログ とんかつ 百名店 2024,https://tabelog.com/tokyo/A1316/A131603/13154272/,,https://www.google.com/maps/search/?api=1&query=%E3%81%82%E3%81%92%E7%A6%8F%20%E6%9D%B1%E4%BA%AC%E9%83%BD%E5%93%81%E5%B7%9D%E5%8C%BA%E8%A5%BF%E4%BA%94%E5%8F%8D%E7%94%B02-15-13%20%E3%83%8B%E3%83%A5%E3%83%BC%E3%83%8F%E3%82%A4%E3%83%84%E8%A5%BF%E4%BA%94%E5%8F%8D%E7%94%B0%201F,35.6260600,139.7205046,2024,とんかつ,tonkatsu,発表日：2024年3月26日
とんかつ目黒こがね,東京都品川区上大崎3-3-4 ヤマヒロビル 1F,食べログ とんかつ 百名店 2024,https://tabelog.com/tokyo/A1316/A131601/13218267/,,https://www.google.com/maps/search/?api=1&query=%E3%81%A8%E3%82%93%E3%81%8B%E3%81%A4%E7%9B%AE%E9%BB%92%E3%81%93%E3%81%8C%E3%81%AD%20%E6%9D%B1%E4%BA%AC%E9%83%BD%E5%93%81%E5%B7%9D%E5%8C%BA%E4%B8%8A%E5%A4%A7%E5%B4%8E3-3-4%20%E3%83%A4%E3%83%9E%E3%83%92%E3%83%AD%E3%83%93%E3%83%AB%201F,35.6339563,139.7180480,2024,とんかつ,tonkatsu,発表日：2024年3月26日
とんかつとカツカレーの店 キセキ食堂 岩槻店,埼玉県さいたま市岩槻区大字本宿194-12,食べログ とんかつ 百名店 2024,https://tabelog.com/saitama/A1101/A110103/11050274/,,https://www.google.com/maps/search/?api=1&query=%E3%81%A8%E3%82%93%E3%81%8B%E3%81%A4%E3%81%A8%E3%82%AB%E3%83%84%E3%82%AB%E3%83%AC%E3%83%BC%E3%81%AE%E5%BA%97%20%E3%82%AD%E3%82%BB%E3%82%AD%E9%A3%9F%E5%A0%82%20%E5%B2%A9%E6%A7%BB%E5%BA%97%20%E5%9F%BC%E7%8E%89%E7%9C%8C%E3%81%95%E3%81%84%E3%81%9F%E3%81%BE%E5%B8%82%E5%B2%A9%E6%A7%BB%E5%8C%BA%E5%A4%A7%E5%AD%97%E6%9C%AC%E5%AE%BF194-12,35.9653740,139.6927997,2024,とんかつ,tonkatsu,発表日：2024年3月26日
西麻布 豚組,東京都港区西麻布2-24-9,食べログ とんかつ 百名店 2024,https://tabelog.com/tokyo/A1307/A130701/13004791/,,https://www.google.com/maps/search/?api=1&query=%E8%A5%BF%E9%BA%BB%E5%B8%83%20%E8%B1%9A%E7%B5%84%20%E6%9D%B1%E4%BA%AC%E9%83%BD%E6%B8%AF%E5%8C%BA%E8%A5%BF%E9%BA%BB%E5%B8%832-24-9,35.6609746,139.7221381,2024,とんかつ,tonkatsu,発表日：2024年3月26日
丸五,東京都千代田区外神田1-8-14,食べログ とんかつ 百名店 2024,https://tabelog.com/tokyo/A1310/A131001/13000379/,,https://www.google.com/maps/search/?api=1&query=%E4%B8%B8%E4%BA%94%20%E6%9D%B1%E4%BA%AC%E9%83%BD%E5%8D%83%E4%BB%A3%E7%94%B0%E5%8C%BA%E5%A4%96%E7%A5%9E%E7%94%B01-8-14,35.6991477,139.7697358,2024,とんかつ,tonkatsu,発表日：2024年3月26日
とんかつ 明石,東京都港区新橋2-16-1 ニュー新橋ビル 4F,食べログ とんかつ 百名店 2024,https://tabelog.com/tokyo/A1301/A130103/13033663/,,https://www.google.com/maps/search/?api=1&query=%E3%81%A8%E3%82%93%E3%81%8B%E3%81%A4%20%E6%98%8E%E7%9F%B3%20%E6%9D%B1%E4%BA%AC%E9%83%BD%E6%B8%AF%E5%8C%BA%E6%96%B0%E6%A9%8B2-16-1%20%E3%83%8B%E3%83%A5%E3%83%BC%E6%96%B0%E6%A9%8B%E3%83%93%E3%83%AB%204F,35.6662905,139.7573905,2024,とんかつ,tonkatsu,発表日：2024年3月26日
井泉 本店,東京都文京区湯島3-40-3,食べログ とんかつ 百名店 2024,https://tabelog.com/tokyo/A1311/A131101/13003619/,,https://www.google.com/maps/search/?api=1&query=%E4%BA%95%E6%B3%89%20%E6%9C%AC%E5%BA%97%20%E6%9D%B1%E4%BA%AC%E9%83%BD%E6%96%87%E4%BA%AC%E5%8C%BA%E6%B9%AF%E5%B3%B63-40-3,35.7074785,139.7722049,2024,とんかつ,tonkatsu,発表日：2024年3月26日
丸一,東京都大田区蒲田5-28-12,食べログ とんかつ 百名店 2024,https://tabelog.com/tokyo/A1315/A131503/13017765/,,https://www.google.com/maps/search/?api=1&query=%E4%B8%B8%E4%B8%80%20%E6%9D%B1%E4%BA%AC%E9%83%BD%E5%A4%A7%E7%94%B0%E5%8C%BA%E8%92%B2%E7%94%B05-28-12,35.5615492,139.7202574,2024,とんかつ,tonkatsu,発表日：2024年3月26日
はせ川,東京都墨田区両国3-24-1 両国尾崎ビル　１０３,食べログ とんかつ 百名店 2024,https://tabelog.com/tokyo/A1312/A131201/13019126/,https://tabelog.com/tokyo/A1312/A131201/13019126/?cid=google_yoyaku,https://www.google.com/maps/search/?api=1&query=%E3%81%AF%E3%81%9B%E5%B7%9D%20%E6%9D%B1%E4%BA%AC%E9%83%BD%E5%A2%A8%E7%94%B0%E5%8C%BA%E4%B8%A1%E5%9B%BD3-24-1%20%E4%B8%A1%E5%9B%BD%E5%B0%BE%E5%B4%8E%E3%83%93%E3%83%AB%E3%80%80%EF%BC%91%EF%BC%90%EF%BC%93,35.6950367,139.7939509,2024,とんかつ,tonkatsu,発表日：2024年3月26日
とんかつ 和栗,神奈川県横浜市港北区日吉本町1-20-16,食べログ とんかつ 百名店 2024,https://tabelog.com/kanagawa/A1401/A140204/14057269/,,https://www.google.com/maps/search/?api=1&query=%E3%81%A8%E3%82%93%E3%81%8B%E3%81%A4%20%E5%92%8C%E6%A0%97%20%E7%A5%9E%E5%A5%88%E5%B7%9D%E7%9C%8C%E6%A8%AA%E6%B5%9C%E5%B8%82%E6%B8%AF%E5%8C%97%E5%8C%BA%E6%97%A5%E5%90%89%E6%9C%AC%E7%94%BA1-20-16,35.5532397,139.6459023,2024,とんかつ,tonkatsu,発表日：2024年3月26日
かつ吉 渋谷店,東京都渋谷区渋谷3-9-10 ＫＤＣビル B1F,食べログ とんかつ 百名店 2024,https://tabelog.com/tokyo/A1303/A130301/13004792/,,https://www.google.com/maps/search/?api=1&query=%E3%81%8B%E3%81%A4%E5%90%89%20%E6%B8%8B%E8%B0%B7%E5%BA%97%20%E6%9D%B1%E4%BA%AC%E9%83%BD%E6%B8%8B%E8%B0%B7%E5%8C%BA%E6%B8%8B%E8%B0%B73-9-10%20%EF%BC%AB%EF%BC%A4%EF%BC%A3%E3%83%93%E3%83%AB%20B1F,35.6572126,139.7046511,2024,とんかつ,tonkatsu,発表日：2024年3月26日
とんかつ ばんぶー,千葉県市川市南八幡4-14-13,食べログ とんかつ 百名店 2024,https://tabelog.com/chiba/A1202/A120202/12050758/,,https://www.google.com/maps/search/?api=1&query=%E3%81%A8%E3%82%93%E3%81%8B%E3%81%A4%20%E3%81%B0%E3%82%93%E3%81%B6%E3%83%BC%20%E5%8D%83%E8%91%89%E7%9C%8C%E5%B8%82%E5%B7%9D%E5%B8%82%E5%8D%97%E5%85%AB%E5%B9%A14-14-13,35.7188252,139.9251262,2024,とんかつ,tonkatsu,発表日：2024年3月26日
とん八亭,東京都台東区上野4-3-4,食べログ とんかつ 百名店 2024,https://tabelog.com/tokyo/A1311/A131101/13003593/,,https://www.google.com/maps/search/?api=1&query=%E3%81%A8%E3%82%93%E5%85%AB%E4%BA%AD%20%E6%9D%B1%E4%BA%AC%E9%83%BD%E5%8F%B0%E6%9D%B1%E5%8C%BA%E4%B8%8A%E9%87%8E4-3-4,35.7084216,139.7737469,2024,とんかつ,tonkatsu,発表日：2024年3月26日
車力門 ちゃわんぶ,東京都新宿区荒木町3-22 島ビル 1F,食べログ とんかつ 百名店 2024,https://tabelog.com/tokyo/A1309/A130903/13234679/,,https://www.google.com/maps/search/?api=1&query=%E8%BB%8A%E5%8A%9B%E9%96%80%20%E3%81%A1%E3%82%83%E3%82%8F%E3%82%93%E3%81%B6%20%E6%9D%B1%E4%BA%AC%E9%83%BD%E6%96%B0%E5%AE%BF%E5%8C%BA%E8%8D%92%E6%9C%A8%E7%94%BA3-22%20%E5%B3%B6%E3%83%93%E3%83%AB%201F,35.6888801,139.7226347,2024,とんかつ,tonkatsu,発表日：2024年3月26日
馬酔木,神奈川県横浜市都筑区高山14-5 エスパシオ高山,食べログ とんかつ 百名店 2024,https://tabelog.com/kanagawa/A1401/A140203/14004365/,,https://www.google.com/maps/search/?api=1&query=%E9%A6%AC%E9%85%94%E6%9C%A8%20%E7%A5%9E%E5%A5%88%E5%B7%9D%E7%9C%8C%E6%A8%AA%E6%B5%9C%E5%B8%82%E9%83%BD%E7%AD%91%E5%8C%BA%E9%AB%98%E5%B1%B114-5%20%E3%82%A8%E3%82%B9%E3%83%91%E3%82%B7%E3%82%AA%E9%AB%98%E5%B1%B1,35.5342078,139.5612894,2024,とんかつ,tonkatsu,発表日：2024年3月26日
とんかつ七井戸,東京都渋谷区神宮前3-42-11 ローザビアンカ 104,食べログ とんかつ 百名店 2024,https://tabelog.com/tokyo/A1306/A130603/13229075/,,https://www.google.com/maps/search/?api=1&query=%E3%81%A8%E3%82%93%E3%81%8B%E3%81%A4%E4%B8%83%E4%BA%95%E6%88%B8%20%E6%9D%B1%E4%BA%AC%E9%83%BD%E6%B8%8B%E8%B0%B7%E5%8C%BA%E7%A5%9E%E5%AE%AE%E5%89%8D3-42-11%20%E3%83%AD%E3%83%BC%E3%82%B6%E3%83%93%E3%82%A2%E3%83%B3%E3%82%AB%20104,35.6718329,139.7138148,2024,とんかつ,tonkatsu,発表日：2024年3月26日
とんかつ とみた,千葉県松戸市松戸1177 マチビル 2F,食べログ とんかつ 百名店 2024,https://tabelog.com/chiba/A1203/A120302/12051667/,,https://www.google.com/maps/search/?api=1&query=%E3%81%A8%E3%82%93%E3%81%8B%E3%81%A4%20%E3%81%A8%E3%81%BF%E3%81%9F%20%E5%8D%83%E8%91%89%E7%9C%8C%E6%9D%BE%E6%88%B8%E5%B8%82%E6%9D%BE%E6%88%B81177%20%E3%83%9E%E3%83%81%E3%83%93%E3%83%AB%202F,35.7841763,139.9018507,2024,とんかつ,tonkatsu,発表日：2024年3月26日
Katsuプリポー,東京都新宿区歌舞伎町1-10-3 G3ビル 2F,食べログ とんかつ 百名店 2024,https://tabelog.com/tokyo/A1304/A130401/13264309/,https://tabelog.com/tokyo/A1304/A130401/13264309/?cid=google_yoyaku,https://www.google.com/maps/search/?api=1&query=Katsu%E3%83%97%E3%83%AA%E3%83%9D%E3%83%BC%20%E6%9D%B1%E4%BA%AC%E9%83%BD%E6%96%B0%E5%AE%BF%E5%8C%BA%E6%AD%8C%E8%88%9E%E4%BC%8E%E7%94%BA1-10-3%20G3%E3%83%93%E3%83%AB%202F,35.6947579,139.7030126,2024,とんかつ,tonkatsu,発表日：2024年3月26日
とんかつ桂,東京都小平市上水本町5-7-20,食べログ とんかつ 百名店 2024,https://tabelog.com/tokyo/A1325/A132502/13016062/,,https://www.google.com/maps/search/?api=1&query=%E3%81%A8%E3%82%93%E3%81%8B%E3%81%A4%E6%A1%82%20%E6%9D%B1%E4%BA%AC%E9%83%BD%E5%B0%8F%E5%B9%B3%E5%B8%82%E4%B8%8A%E6%B0%B4%E6%9C%AC%E7%94%BA5-7-20,35.7087717,139.4780936,2024,とんかつ,tonkatsu,発表日：2024年3月26日
とんかつ いわい,東京都港区芝公園2-3-7 玉川ビル 2F,食べログ とんかつ 百名店 2024,https://tabelog.com/tokyo/A1314/A131401/13170377/,,https://www.google.com/maps/search/?api=1&query=%E3%81%A8%E3%82%93%E3%81%8B%E3%81%A4%20%E3%81%84%E3%82%8F%E3%81%84%20%E6%9D%B1%E4%BA%AC%E9%83%BD%E6%B8%AF%E5%8C%BA%E8%8A%9D%E5%85%AC%E5%9C%922-3-7%20%E7%8E%89%E5%B7%9D%E3%83%93%E3%83%AB%202F,35.6568019,139.7527346,2024,とんかつ,tonkatsu,発表日：2024年3月26日
とん久,東京都新宿区高田馬場1-26-5 Ｆ・Ｉビル B1F,食べログ とんかつ 百名店 2024,https://tabelog.com/tokyo/A1305/A130503/13000116/,,https://www.google.com/maps/search/?api=1&query=%E3%81%A8%E3%82%93%E4%B9%85%20%E6%9D%B1%E4%BA%AC%E9%83%BD%E6%96%B0%E5%AE%BF%E5%8C%BA%E9%AB%98%E7%94%B0%E9%A6%AC%E5%A0%B41-26-5%20%EF%BC%A6%E3%83%BB%EF%BC%A9%E3%83%93%E3%83%AB%20B1F,35.7127609,139.7051510,2024,とんかつ,tonkatsu,発表日：2024年3月26日
イマカツ 銀座店,東京都中央区銀座4-13-18 医療ビル 1F,食べログ とんかつ 百名店 2024,https://tabelog.com/tokyo/A1301/A130101/13159038/,,https://www.google.com/maps/search/?api=1&query=%E3%82%A4%E3%83%9E%E3%82%AB%E3%83%84%20%E9%8A%80%E5%BA%A7%E5%BA%97%20%E6%9D%B1%E4%BA%AC%E9%83%BD%E4%B8%AD%E5%A4%AE%E5%8C%BA%E9%8A%80%E5%BA%A74-13-18%20%E5%8C%BB%E7%99%82%E3%83%93%E3%83%AB%201F,35.6696011,139.7687536,2024,とんかつ,tonkatsu,発表日：2024年3月26日
とん太,東京都豊島区高田3-17-8,食べログ とんかつ 百名店 2024,https://tabelog.com/tokyo/A1305/A130503/13003984/,,https://www.google.com/maps/search/?api=1&query=%E3%81%A8%E3%82%93%E5%A4%AA%20%E6%9D%B1%E4%BA%AC%E9%83%BD%E8%B1%8A%E5%B3%B6%E5%8C%BA%E9%AB%98%E7%94%B03-17-8,35.7155453,139.7065058,2024,とんかつ,tonkatsu,発表日：2024年3月26日
自然坊,東京都大田区久が原4-19-24,食べログ とんかつ 百名店 2024,https://tabelog.com/tokyo/A1317/A131714/13076783/,,https://www.google.com/maps/search/?api=1&query=%E8%87%AA%E7%84%B6%E5%9D%8A%20%E6%9D%B1%E4%BA%AC%E9%83%BD%E5%A4%A7%E7%94%B0%E5%8C%BA%E4%B9%85%E3%81%8C%E5%8E%9F4-19-24,35.5794386,139.6894889,2024,とんかつ,tonkatsu,発表日：2024年3月26日
とんかつ成蔵,東京都杉並区成田東4-33-9,食べログ とんかつ 百名店 2024,https://tabelog.com/tokyo/A1319/A131905/13236380/,,https://www.google.com/maps/search/?api=1&query=%E3%81%A8%E3%82%93%E3%81%8B%E3%81%A4%E6%88%90%E8%94%B5%20%E6%9D%B1%E4%BA%AC%E9%83%BD%E6%9D%89%E4%B8%A6%E5%8C%BA%E6%88%90%E7%94%B0%E6%9D%B14-33-9,35.6977138,139.6387536,2024,とんかつ,tonkatsu,発表日：2024年3月26日
すぎ田,東京都台東区寿3-8-3,食べログ とんかつ 百名店 2024,https://tabelog.com/tokyo/A1311/A131103/13003707/,https://tabelog.com/tokyo/A1311/A131103/13003707/?cid=google_yoyaku,https://www.google.com/maps/search/?api=1&query=%E3%81%99%E3%81%8E%E7%94%B0%20%E6%9D%B1%E4%BA%AC%E9%83%BD%E5%8F%B0%E6%9D%B1%E5%8C%BA%E5%AF%BF3-8-3,35.7064513,139.7910196,2024,とんかつ,tonkatsu,発表日：2024年3月26日
とんかつ燕楽,東京都大田区池上6-1-4,食べログ とんかつ 百名店 2024,https://tabelog.com/tokyo/A1317/A131714/13034183/,,https://www.google.com/maps/search/?api=1&query=%E3%81%A8%E3%82%93%E3%81%8B%E3%81%A4%E7%87%95%E6%A5%BD%20%E6%9D%B1%E4%BA%AC%E9%83%BD%E5%A4%A7%E7%94%B0%E5%8C%BA%E6%B1%A0%E4%B8%8A6-1-4,35.5729466,139.7041955,2024,とんかつ,tonkatsu,発表日：2024年3月26日
とんかつ檍 大門店,東京都港区浜松町1-11-12 KMビル 1F,食べログ とんかつ 百名店 2024,https://tabelog.com/tokyo/A1314/A131401/13190933/,,https://www.google.com/maps/search/?api=1&query=%E3%81%A8%E3%82%93%E3%81%8B%E3%81%A4%E6%AA%8D%20%E5%A4%A7%E9%96%80%E5%BA%97%20%E6%9D%B1%E4%BA%AC%E9%83%BD%E6%B8%AF%E5%8C%BA%E6%B5%9C%E6%9D%BE%E7%94%BA1-11-12%20KM%E3%83%93%E3%83%AB%201F,35.6588077,139.7557671,2024,とんかつ,tonkatsu,発表日：2024年3月26日
とんかつ檍 蒲田本店,東京都大田区蒲田5-43-7 ロイヤルハイツ蒲田１０２,食べログ とんかつ 百名店 2024,https://tabelog.com/tokyo/A1315/A131503/13114843/,,https://www.google.com/maps/search/?api=1&query=%E3%81%A8%E3%82%93%E3%81%8B%E3%81%A4%E6%AA%8D%20%E8%92%B2%E7%94%B0%E6%9C%AC%E5%BA%97%20%E6%9D%B1%E4%BA%AC%E9%83%BD%E5%A4%A7%E7%94%B0%E5%8C%BA%E8%92%B2%E7%94%B05-43-7%20%E3%83%AD%E3%82%A4%E3%83%A4%E3%83%AB%E3%83%8F%E3%82%A4%E3%83%84%E8%92%B2%E7%94%B0%EF%BC%91%EF%BC%90%EF%BC%92,35.5604568,139.7170439,2024,とんかつ,tonkatsu,発表日：2024年3月26日
とんかつ 大宝,東京都目黒区目黒1-6-15 1F,食べログ とんかつ 百名店 2024,https://tabelog.com/tokyo/A1316/A131601/13007463/,,https://www.google.com/maps/search/?api=1&query=%E3%81%A8%E3%82%93%E3%81%8B%E3%81%A4%20%E5%A4%A7%E5%AE%9D%20%E6%9D%B1%E4%BA%AC%E9%83%BD%E7%9B%AE%E9%BB%92%E5%8C%BA%E7%9B%AE%E9%BB%921-6-15%201F,35.6344473,139.7117784,2024,とんかつ,tonkatsu,発表日：2024年3月26日
黒豚とんかつ ほり壱,東京都港区新橋3-8-5 ル・グラシエルBLDG.13 B1F,食べログ とんかつ 百名店 2024,https://tabelog.com/tokyo/A1301/A130103/13258841/,,https://www.google.com/maps/search/?api=1&query=%E9%BB%92%E8%B1%9A%E3%81%A8%E3%82%93%E3%81%8B%E3%81%A4%20%E3%81%BB%E3%82%8A%E5%A3%B1%20%E6%9D%B1%E4%BA%AC%E9%83%BD%E6%B8%AF%E5%8C%BA%E6%96%B0%E6%A9%8B3-8-5%20%E3%83%AB%E3%83%BB%E3%82%B0%E3%83%A9%E3%82%B7%E3%82%A8%E3%83%ABBLDG.13%20B1F,35.6653686,139.7556341,2024,とんかつ,tonkatsu,発表日：2024年3月26日
とんかつ ひやま,栃木県宇都宮市若松原2-2-7,食べログ とんかつ 百名店 2024,https://tabelog.com/tochigi/A0901/A090101/9000141/,,https://www.google.com/maps/search/?api=1&query=%E3%81%A8%E3%82%93%E3%81%8B%E3%81%A4%20%E3%81%B2%E3%82%84%E3%81%BE%20%E6%A0%83%E6%9C%A8%E7%9C%8C%E5%AE%87%E9%83%BD%E5%AE%AE%E5%B8%82%E8%8B%A5%E6%9D%BE%E5%8E%9F2-2-7,36.5027741,139.8665407,2024,とんかつ,tonkatsu,発表日：2024年3月26日
勝烈庵 馬車道総本店,神奈川県横浜市中区常盤町5-58-2,食べログ とんかつ 百名店 2024,https://tabelog.com/kanagawa/A1401/A140104/14000146/,,https://www.google.com/maps/search/?api=1&query=%E5%8B%9D%E7%83%88%E5%BA%B5%20%E9%A6%AC%E8%BB%8A%E9%81%93%E7%B7%8F%E6%9C%AC%E5%BA%97%20%E7%A5%9E%E5%A5%88%E5%B7%9D%E7%9C%8C%E6%A8%AA%E6%B5%9C%E5%B8%82%E4%B8%AD%E5%8C%BA%E5%B8%B8%E7%9B%A4%E7%94%BA5-58-2,35.4471518,139.6348977,2024,とんかつ,tonkatsu,発表日：2024年3月26日
とんかつ まさむね,東京都港区赤坂2-8-19,食べログ とんかつ 百名店 2024,https://tabelog.com/tokyo/A1308/A130802/13156833/,,https://www.google.com/maps/search/?api=1&query=%E3%81%A8%E3%82%93%E3%81%8B%E3%81%A4%20%E3%81%BE%E3%81%95%E3%82%80%E3%81%AD%20%E6%9D%B1%E4%BA%AC%E9%83%BD%E6%B8%AF%E5%8C%BA%E8%B5%A4%E5%9D%822-8-19,35.6720702,139.7400244,2024,とんかつ,tonkatsu,発表日：2024年3月26日
かつ好,東京都中央区日本橋人形町3-4-11,食べログ とんかつ 百名店 2024,https://tabelog.com/tokyo/A1302/A130204/13204633/,,https://www.google.com/maps/search/?api=1&query=%E3%81%8B%E3%81%A4%E5%A5%BD%20%E6%9D%B1%E4%BA%AC%E9%83%BD%E4%B8%AD%E5%A4%AE%E5%8C%BA%E6%97%A5%E6%9C%AC%E6%A9%8B%E4%BA%BA%E5%BD%A2%E7%94%BA3-4-11,35.6862367,139.7812147,2024,とんかつ,tonkatsu,発表日：2024年3月26日
とんかつ 三太,千葉県松戸市樋野口608-1,食べログ とんかつ 百名店 2024,https://tabelog.com/chiba/A1203/A120302/12005186/,,https://www.google.com/maps/search/?api=1&query=%E3%81%A8%E3%82%93%E3%81%8B%E3%81%A4%20%E4%B8%89%E5%A4%AA%20%E5%8D%83%E8%91%89%E7%9C%8C%E6%9D%BE%E6%88%B8%E5%B8%82%E6%A8%8B%E9%87%8E%E5%8F%A3608-1,35.7904442,139.8974925,2024,とんかつ,tonkatsu,発表日：2024年3月26日
福よし,群馬県館林市緑町2-22-8,食べログ とんかつ 百名店 2024,https://tabelog.com/gunma/A1002/A100204/10000922/,,https://www.google.com/maps/search/?api=1&query=%E7%A6%8F%E3%82%88%E3%81%97%20%E7%BE%A4%E9%A6%AC%E7%9C%8C%E9%A4%A8%E6%9E%97%E5%B8%82%E7%B7%91%E7%94%BA2-22-8,36.2368363,139.5373085,2024,とんかつ,tonkatsu,発表日：2024年3月26日
とんかつ 蒼樹,神奈川県横浜市港南区大久保1-8-1,食べログ とんかつ 百名店 2024,https://tabelog.com/kanagawa/A1401/A140307/14085229/,,https://www.google.com/maps/search/?api=1&query=%E3%81%A8%E3%82%93%E3%81%8B%E3%81%A4%20%E8%92%BC%E6%A8%B9%20%E7%A5%9E%E5%A5%88%E5%B7%9D%E7%9C%8C%E6%A8%AA%E6%B5%9C%E5%B8%82%E6%B8%AF%E5%8D%97%E5%8C%BA%E5%A4%A7%E4%B9%85%E4%BF%9D1-8-1,35.4108492,139.5934772,2024,とんかつ,tonkatsu,発表日：2024年3月26日
とんかつ はせ川 東銀座店,東京都中央区築地1-13-11 高橋ビル 1F,食べログ とんかつ 百名店 2024,https://tabelog.com/tokyo/A1313/A131301/13266947/,https://tabelog.com/tokyo/A1313/A131301/13266947/?cid=google_yoyaku,https://www.google.com/maps/search/?api=1&query=%E3%81%A8%E3%82%93%E3%81%8B%E3%81%A4%20%E3%81%AF%E3%81%9B%E5%B7%9D%20%E6%9D%B1%E9%8A%80%E5%BA%A7%E5%BA%97%20%E6%9D%B1%E4%BA%AC%E9%83%BD%E4%B8%AD%E5%A4%AE%E5%8C%BA%E7%AF%89%E5%9C%B01-13-11%20%E9%AB%98%E6%A9%8B%E3%83%93%E3%83%AB%201F,35.6677425,139.7698294,2024,とんかつ,tonkatsu,発表日：2024年3月26日
かつ平,東京都中央区日本橋本町1-2-3,食べログ とんかつ 百名店 2024,https://tabelog.com/tokyo/A1302/A130202/13006321/,,https://www.google.com/maps/search/?api=1&query=%E3%81%8B%E3%81%A4%E5%B9%B3%20%E6%9D%B1%E4%BA%AC%E9%83%BD%E4%B8%AD%E5%A4%AE%E5%8C%BA%E6%97%A5%E6%9C%AC%E6%A9%8B%E6%9C%AC%E7%94%BA1-2-3,35.6856247,139.7762977,2024,とんかつ,tonkatsu,発表日：2024年3月26日
とんかつ あづま,栃木県日光市平ケ崎306-1,食べログ とんかつ 百名店 2024,https://tabelog.com/tochigi/A0903/A090302/9000137/,,https://www.google.com/maps/search/?api=1&query=%E3%81%A8%E3%82%93%E3%81%8B%E3%81%A4%20%E3%81%82%E3%81%A5%E3%81%BE%20%E6%A0%83%E6%9C%A8%E7%9C%8C%E6%97%A5%E5%85%89%E5%B8%82%E5%B9%B3%E3%82%B1%E5%B4%8E306-1,36.7222012,139.6797825,2024,とんかつ,tonkatsu,発表日：2024年3月26日
ポンチ軒,東京都千代田区神田小川町2-8 扇ビル 1F,食べログ とんかつ 百名店 2024,https://tabelog.com/tokyo/A1310/A131002/13141456/,,https://www.google.com/maps/search/?api=1&query=%E3%83%9D%E3%83%B3%E3%83%81%E8%BB%92%20%E6%9D%B1%E4%BA%AC%E9%83%BD%E5%8D%83%E4%BB%A3%E7%94%B0%E5%8C%BA%E7%A5%9E%E7%94%B0%E5%B0%8F%E5%B7%9D%E7%94%BA2-8%20%E6%89%87%E3%83%93%E3%83%AB%201F,35.6949164,139.7639764,2024,とんかつ,tonkatsu,発表日：2024年3月26日
とんかつひなた,東京都新宿区高田馬場2-13-9 鈴木ビル1階,食べログ とんかつ 百名店 2024,https://tabelog.com/tokyo/A1305/A130503/13204289/,,https://www.google.com/maps/search/?api=1&query=%E3%81%A8%E3%82%93%E3%81%8B%E3%81%A4%E3%81%B2%E3%81%AA%E3%81%9F%20%E6%9D%B1%E4%BA%AC%E9%83%BD%E6%96%B0%E5%AE%BF%E5%8C%BA%E9%AB%98%E7%94%B0%E9%A6%AC%E5%A0%B42-13-9%20%E9%88%B4%E6%9C%A8%E3%83%93%E3%83%AB1%E9%9A%8E,35.7129772,139.7074909,2024,とんかつ,tonkatsu,発表日：2024年3月26日
鈴新,東京都新宿区荒木町10-28 十番館ビル 1F,食べログ とんかつ 百名店 2024,https://tabelog.com/tokyo/A1309/A130903/13027073/,,https://www.google.com/maps/search/?api=1&query=%E9%88%B4%E6%96%B0%20%E6%9D%B1%E4%BA%AC%E9%83%BD%E6%96%B0%E5%AE%BF%E5%8C%BA%E8%8D%92%E6%9C%A8%E7%94%BA10-28%20%E5%8D%81%E7%95%AA%E9%A4%A8%E3%83%93%E3%83%AB%201F,35.6893969,139.7225184,2024,とんかつ,tonkatsu,発表日：2024年3月26日
丸一,東京都大田区大森北1-7-2,食べログ とんかつ 百名店 2024,https://tabelog.com/tokyo/A1315/A131502/13003332/,,https://www.google.com/maps/search/?api=1&query=%E4%B8%B8%E4%B8%80%20%E6%9D%B1%E4%BA%AC%E9%83%BD%E5%A4%A7%E7%94%B0%E5%8C%BA%E5%A4%A7%E6%A3%AE%E5%8C%971-7-2,35.5873558,139.7274216,2024,とんかつ,tonkatsu,発表日：2024年3月26日
とんかつ かつ壱,東京都品川区上大崎2-25-5 久米ビル　Ｂ１Ｆ,食べログ とんかつ 百名店 2024,https://tabelog.com/tokyo/A1316/A131601/13021829/,,https://www.google.com/maps/search/?api=1&query=%E3%81%A8%E3%82%93%E3%81%8B%E3%81%A4%20%E3%81%8B%E3%81%A4%E5%A3%B1%20%E6%9D%B1%E4%BA%AC%E9%83%BD%E5%93%81%E5%B7%9D%E5%8C%BA%E4%B8%8A%E5%A4%A7%E5%B4%8E2-25-5%20%E4%B9%85%E7%B1%B3%E3%83%93%E3%83%AB%E3%80%80%EF%BC%A2%EF%BC%91%EF%BC%A6,35.6345931,139.7146823,2024,とんかつ,tonkatsu,発表日：2024年3月26日
とんかつ 鉄,東京都品川区南大井6-19-16 カテリーナ大森 B1F,食べログ とんかつ 百名店 2024,https://tabelog.com/tokyo/A1315/A131502/13178524/,,https://www.google.com/maps/search/?api=1&query=%E3%81%A8%E3%82%93%E3%81%8B%E3%81%A4%20%E9%89%84%20%E6%9D%B1%E4%BA%AC%E9%83%BD%E5%93%81%E5%B7%9D%E5%8C%BA%E5%8D%97%E5%A4%A7%E4%BA%956-19-16%20%E3%82%AB%E3%83%86%E3%83%AA%E3%83%BC%E3%83%8A%E5%A4%A7%E6%A3%AE%20B1F,35.5904694,139.7320758,2024,とんかつ,tonkatsu,発表日：2024年3月26日
ポンチ軒,群馬県高崎市栄町12-3,食べログ とんかつ 百名店 2024,https://tabelog.com/gunma/A1001/A100102/10018332/,https://tabelog.com/gunma/A1001/A100102/10018332/?cid=google_yoyaku,https://www.google.com/maps/search/?api=1&query=%E3%83%9D%E3%83%B3%E3%83%81%E8%BB%92%20%E7%BE%A4%E9%A6%AC%E7%9C%8C%E9%AB%98%E5%B4%8E%E5%B8%82%E6%A0%84%E7%94%BA12-3,36.3213243,139.0161936,2024,とんかつ,tonkatsu,発表日：2024年3月26日
とんかつ檍 銀座8丁目店,東京都中央区銀座8-8-7 第3ソワレ・ドビル B1F,食べログ とんかつ 百名店 2024,https://tabelog.com/tokyo/A1301/A130101/13219635/,,https://www.google.com/maps/search/?api=1&query=%E3%81%A8%E3%82%93%E3%81%8B%E3%81%A4%E6%AA%8D%20%E9%8A%80%E5%BA%A78%E4%B8%81%E7%9B%AE%E5%BA%97%20%E6%9D%B1%E4%BA%AC%E9%83%BD%E4%B8%AD%E5%A4%AE%E5%8C%BA%E9%8A%80%E5%BA%A78-8-7%20%E7%AC%AC3%E3%82%BD%E3%83%AF%E3%83%AC%E3%83%BB%E3%83%89%E3%83%93%E3%83%AB%20B1F,35.6682300,139.7614911,2024,とんかつ,tonkatsu,発表日：2024年3月26日
とんかつ 大倉,千葉県千葉市美浜区幸町1-15-3,食べログ とんかつ 百名店 2024,https://tabelog.com/chiba/A1201/A120103/12045786/,,https://www.google.com/maps/search/?api=1&query=%E3%81%A8%E3%82%93%E3%81%8B%E3%81%A4%20%E5%A4%A7%E5%80%89%20%E5%8D%83%E8%91%89%E7%9C%8C%E5%8D%83%E8%91%89%E5%B8%82%E7%BE%8E%E6%B5%9C%E5%8C%BA%E5%B9%B8%E7%94%BA1-15-3,35.6155163,140.0988128,2024,とんかつ,tonkatsu,発表日：2024年3月26日
とんかつ 檍 横浜馬車道店,神奈川県横浜市中区相生町5-80 1F,食べログ とんかつ 百名店 2024,https://tabelog.com/kanagawa/A1401/A140104/14077627/,,https://www.google.com/maps/search/?api=1&query=%E3%81%A8%E3%82%93%E3%81%8B%E3%81%A4%20%E6%AA%8D%20%E6%A8%AA%E6%B5%9C%E9%A6%AC%E8%BB%8A%E9%81%93%E5%BA%97%20%E7%A5%9E%E5%A5%88%E5%B7%9D%E7%9C%8C%E6%A8%AA%E6%B5%9C%E5%B8%82%E4%B8%AD%E5%8C%BA%E7%9B%B8%E7%94%9F%E7%94%BA5-80%201F,35.4479181,139.6358428,2024,とんかつ,tonkatsu,発表日：2024年3月26日
竹や,東京都文京区湯島1-9-15 御茶ノ水HYビル 1F,食べログ うどん EAST 百名店 2024,https://tabelog.com/tokyo/A1310/A131002/13005072/,https://tabelog.com/tokyo/A1310/A131002/13005072/?cid=google_yoyaku,https://www.google.com/maps/search/?api=1&query=%E7%AB%B9%E3%82%84%20%E6%9D%B1%E4%BA%AC%E9%83%BD%E6%96%87%E4%BA%AC%E5%8C%BA%E6%B9%AF%E5%B3%B61-9-15%20%E5%BE%A1%E8%8C%B6%E3%83%8E%E6%B0%B4HY%E3%83%93%E3%83%AB%201F,35.7018268,139.7661111,2024,うどん EAST,udon_east,発表日：2024年2月27日
小平うどん 小平本店,東京都小平市回田町300-2,食べログ うどん EAST 百名店 2024,https://tabelog.com/tokyo/A1328/A132804/13087964/,,https://www.google.com/maps/search/?api=1&query=%E5%B0%8F%E5%B9%B3%E3%81%86%E3%81%A9%E3%82%93%20%E5%B0%8F%E5%B9%B3%E6%9C%AC%E5%BA%97%20%E6%9D%B1%E4%BA%AC%E9%83%BD%E5%B0%8F%E5%B9%B3%E5%B8%82%E5%9B%9E%E7%94%B0%E7%94%BA300-2,35.7169543,139.4967605,2024,うどん EAST,udon_east,発表日：2024年2月27日
うどん 丸香,東京都千代田区神田小川町3-16-1 ニュー駿河台ビル 1F,食べログ うどん EAST 百名店 2024,https://tabelog.com/tokyo/A1310/A131003/13000629/,,https://www.google.com/maps/search/?api=1&query=%E3%81%86%E3%81%A9%E3%82%93%20%E4%B8%B8%E9%A6%99%20%E6%9D%B1%E4%BA%AC%E9%83%BD%E5%8D%83%E4%BB%A3%E7%94%B0%E5%8C%BA%E7%A5%9E%E7%94%B0%E5%B0%8F%E5%B7%9D%E7%94%BA3-16-1%20%E3%83%8B%E3%83%A5%E3%83%BC%E9%A7%BF%E6%B2%B3%E5%8F%B0%E3%83%93%E3%83%AB%201F,35.6967074,139.7601317,2024,うどん EAST,udon_east,発表日：2024年2月27日
うちたて家,東京都豊島区南池袋3-13-17,食べログ うどん EAST 百名店 2024,https://tabelog.com/tokyo/A1305/A130501/13003889/,,https://www.google.com/maps/search/?api=1&query=%E3%81%86%E3%81%A1%E3%81%9F%E3%81%A6%E5%AE%B6%20%E6%9D%B1%E4%BA%AC%E9%83%BD%E8%B1%8A%E5%B3%B6%E5%8C%BA%E5%8D%97%E6%B1%A0%E8%A2%8B3-13-17,35.7261571,139.7126639,2024,うどん EAST,udon_east,発表日：2024年2月27日
手打うどん すみた,東京都北区志茂2-52-8,食べログ うどん EAST 百名店 2024,https://tabelog.com/tokyo/A1323/A132305/13003783/,,https://www.google.com/maps/search/?api=1&query=%E6%89%8B%E6%89%93%E3%81%86%E3%81%A9%E3%82%93%20%E3%81%99%E3%81%BF%E3%81%9F%20%E6%9D%B1%E4%BA%AC%E9%83%BD%E5%8C%97%E5%8C%BA%E5%BF%97%E8%8C%822-52-8,35.7805077,139.7266323,2024,うどん EAST,udon_east,発表日：2024年2月27日
六助うどん,埼玉県本庄市傍示堂575,食べログ うどん EAST 百名店 2024,https://tabelog.com/saitama/A1105/A110504/11004153/,,https://www.google.com/maps/search/?api=1&query=%E5%85%AD%E5%8A%A9%E3%81%86%E3%81%A9%E3%82%93%20%E5%9F%BC%E7%8E%89%E7%9C%8C%E6%9C%AC%E5%BA%84%E5%B8%82%E5%82%8D%E7%A4%BA%E5%A0%82575,36.2367056,139.2100445,2024,うどん EAST,udon_east,発表日：2024年2月27日
純手打ち讃岐うどん五郎,東京都墨田区江東橋1-13-1,食べログ うどん EAST 百名店 2024,https://tabelog.com/tokyo/A1312/A131201/13156107/,,https://www.google.com/maps/search/?api=1&query=%E7%B4%94%E6%89%8B%E6%89%93%E3%81%A1%E8%AE%83%E5%B2%90%E3%81%86%E3%81%A9%E3%82%93%E4%BA%94%E9%83%8E%20%E6%9D%B1%E4%BA%AC%E9%83%BD%E5%A2%A8%E7%94%B0%E5%8C%BA%E6%B1%9F%E6%9D%B1%E6%A9%8B1-13-1,35.6958259,139.8105928,2024,うどん EAST,udon_east,発表日：2024年2月27日
こんぴら茶屋,東京都品川区上大崎3-3-1 坂上ビル　１Ｆ,食べログ うどん EAST 百名店 2024,https://tabelog.com/tokyo/A1316/A131601/13013189/,,https://www.google.com/maps/search/?api=1&query=%E3%81%93%E3%82%93%E3%81%B4%E3%82%89%E8%8C%B6%E5%B1%8B%20%E6%9D%B1%E4%BA%AC%E9%83%BD%E5%93%81%E5%B7%9D%E5%8C%BA%E4%B8%8A%E5%A4%A7%E5%B4%8E3-3-1%20%E5%9D%82%E4%B8%8A%E3%83%93%E3%83%AB%E3%80%80%EF%BC%91%EF%BC%A6,35.6338256,139.7176269,2024,うどん EAST,udon_east,発表日：2024年2月27日
むさしの エン座,東京都練馬区石神井町5-12-16 石神井公園ふるさと文化館内,食べログ うどん EAST 百名店 2024,https://tabelog.com/tokyo/A1321/A132103/13022818/,,https://www.google.com/maps/search/?api=1&query=%E3%82%80%E3%81%95%E3%81%97%E3%81%AE%20%E3%82%A8%E3%83%B3%E5%BA%A7%20%E6%9D%B1%E4%BA%AC%E9%83%BD%E7%B7%B4%E9%A6%AC%E5%8C%BA%E7%9F%B3%E7%A5%9E%E4%BA%95%E7%94%BA5-12-16%20%E7%9F%B3%E7%A5%9E%E4%BA%95%E5%85%AC%E5%9C%92%E3%81%B5%E3%82%8B%E3%81%95%E3%81%A8%E6%96%87%E5%8C%96%E9%A4%A8%E5%86%85,35.7375386,139.5994739,2024,うどん EAST,udon_east,発表日：2024年2月27日
おにやんま 五反田本店,東京都品川区西五反田1-6-3,食べログ うどん EAST 百名店 2024,https://tabelog.com/tokyo/A1316/A131603/13111869/,,https://www.google.com/maps/search/?api=1&query=%E3%81%8A%E3%81%AB%E3%82%84%E3%82%93%E3%81%BE%20%E4%BA%94%E5%8F%8D%E7%94%B0%E6%9C%AC%E5%BA%97%20%E6%9D%B1%E4%BA%AC%E9%83%BD%E5%93%81%E5%B7%9D%E5%8C%BA%E8%A5%BF%E4%BA%94%E5%8F%8D%E7%94%B01-6-3,35.6254350,139.7239613,2024,うどん EAST,udon_east,発表日：2024年2月27日
駕籠休み,埼玉県さいたま市大宮区吉敷町2-108-12,食べログ うどん EAST 百名店 2024,https://tabelog.com/saitama/A1101/A110101/11005442/,,https://www.google.com/maps/search/?api=1&query=%E9%A7%95%E7%B1%A0%E4%BC%91%E3%81%BF%20%E5%9F%BC%E7%8E%89%E7%9C%8C%E3%81%95%E3%81%84%E3%81%9F%E3%81%BE%E5%B8%82%E5%A4%A7%E5%AE%AE%E5%8C%BA%E5%90%89%E6%95%B7%E7%94%BA2-108-12,35.9008833,139.6311949,2024,うどん EAST,udon_east,発表日：2024年2月27日
おにやんま 新橋店,東京都港区新橋3-16-23,食べログ うどん EAST 百名店 2024,https://tabelog.com/tokyo/A1301/A130103/13162575/,,https://www.google.com/maps/search/?api=1&query=%E3%81%8A%E3%81%AB%E3%82%84%E3%82%93%E3%81%BE%20%E6%96%B0%E6%A9%8B%E5%BA%97%20%E6%9D%B1%E4%BA%AC%E9%83%BD%E6%B8%AF%E5%8C%BA%E6%96%B0%E6%A9%8B3-16-23,35.6658329,139.7566476,2024,うどん EAST,udon_east,発表日：2024年2月27日
手打うどん いわしや 青山店,東京都港区北青山1-2-3 青山ビルヂング B1F,食べログ うどん EAST 百名店 2024,https://tabelog.com/tokyo/A1306/A130603/13224471/,,https://www.google.com/maps/search/?api=1&query=%E6%89%8B%E6%89%93%E3%81%86%E3%81%A9%E3%82%93%20%E3%81%84%E3%82%8F%E3%81%97%E3%82%84%20%E9%9D%92%E5%B1%B1%E5%BA%97%20%E6%9D%B1%E4%BA%AC%E9%83%BD%E6%B8%AF%E5%8C%BA%E5%8C%97%E9%9D%92%E5%B1%B11-2-3%20%E9%9D%92%E5%B1%B1%E3%83%93%E3%83%AB%E3%83%82%E3%83%B3%E3%82%B0%20B1F,35.6729947,139.7231417,2024,うどん EAST,udon_east,発表日：2024年2月27日
一滴八銭屋 新宿本店,東京都新宿区西新宿1-15-9 KCビル　２Ｆ・３Ｆ,食べログ うどん EAST 百名店 2024,https://tabelog.com/tokyo/A1304/A130401/13000760/,,https://www.google.com/maps/search/?api=1&query=%E4%B8%80%E6%BB%B4%E5%85%AB%E9%8A%AD%E5%B1%8B%20%E6%96%B0%E5%AE%BF%E6%9C%AC%E5%BA%97%20%E6%9D%B1%E4%BA%AC%E9%83%BD%E6%96%B0%E5%AE%BF%E5%8C%BA%E8%A5%BF%E6%96%B0%E5%AE%BF1-15-9%20KC%E3%83%93%E3%83%AB%E3%80%80%EF%BC%92%EF%BC%A6%E3%83%BB%EF%BC%93%EF%BC%A6,35.6890488,139.6971740,2024,うどん EAST,udon_east,発表日：2024年2月27日
本手打ちうどん庄司,埼玉県比企郡川島町上伊草743-9,食べログ うどん EAST 百名店 2024,https://tabelog.com/saitama/A1105/A110502/11001574/,,https://www.google.com/maps/search/?api=1&query=%E6%9C%AC%E6%89%8B%E6%89%93%E3%81%A1%E3%81%86%E3%81%A9%E3%82%93%E5%BA%84%E5%8F%B8%20%E5%9F%BC%E7%8E%89%E7%9C%8C%E6%AF%94%E4%BC%81%E9%83%A1%E5%B7%9D%E5%B3%B6%E7%94%BA%E4%B8%8A%E4%BC%8A%E8%8D%89743-9,35.9728004,139.4620962,2024,うどん EAST,udon_east,発表日：2024年2月27日
うどん山長,東京都渋谷区恵比寿1-1-5 エビスオークビル1 1F,食べログ うどん EAST 百名店 2024,https://tabelog.com/tokyo/A1303/A130302/13045327/,,https://www.google.com/maps/search/?api=1&query=%E3%81%86%E3%81%A9%E3%82%93%E5%B1%B1%E9%95%B7%20%E6%9D%B1%E4%BA%AC%E9%83%BD%E6%B8%8B%E8%B0%B7%E5%8C%BA%E6%81%B5%E6%AF%94%E5%AF%BF1-1-5%20%E3%82%A8%E3%83%93%E3%82%B9%E3%82%AA%E3%83%BC%E3%82%AF%E3%83%93%E3%83%AB1%201F,35.6483001,139.7111243,2024,うどん EAST,udon_east,発表日：2024年2月27日
がむしゃら,埼玉県入間市野田886-3,食べログ うどん EAST 百名店 2024,https://tabelog.com/saitama/A1106/A110602/11029324/,,https://www.google.com/maps/search/?api=1&query=%E3%81%8C%E3%82%80%E3%81%97%E3%82%83%E3%82%89%20%E5%9F%BC%E7%8E%89%E7%9C%8C%E5%85%A5%E9%96%93%E5%B8%82%E9%87%8E%E7%94%B0886-3,35.8460441,139.3608935,2024,うどん EAST,udon_east,発表日：2024年2月27日
うどん処 おはな,埼玉県朝霞市西弁財1-10-25 保第一ビル 1F,食べログ うどん EAST 百名店 2024,https://tabelog.com/saitama/A1103/A110301/11022150/,,https://www.google.com/maps/search/?api=1&query=%E3%81%86%E3%81%A9%E3%82%93%E5%87%A6%20%E3%81%8A%E3%81%AF%E3%81%AA%20%E5%9F%BC%E7%8E%89%E7%9C%8C%E6%9C%9D%E9%9C%9E%E5%B8%82%E8%A5%BF%E5%BC%81%E8%B2%A11-10-25%20%E4%BF%9D%E7%AC%AC%E4%B8%80%E3%83%93%E3%83%AB%201F,35.8146342,139.5850841,2024,うどん EAST,udon_east,発表日：2024年2月27日
五代目 花山うどん 銀座店,東京都中央区銀座3-14-13,食べログ うどん EAST 百名店 2024,https://tabelog.com/tokyo/A1301/A130101/13200630/,,https://www.google.com/maps/search/?api=1&query=%E4%BA%94%E4%BB%A3%E7%9B%AE%20%E8%8A%B1%E5%B1%B1%E3%81%86%E3%81%A9%E3%82%93%20%E9%8A%80%E5%BA%A7%E5%BA%97%20%E6%9D%B1%E4%BA%AC%E9%83%BD%E4%B8%AD%E5%A4%AE%E5%8C%BA%E9%8A%80%E5%BA%A73-14-13,35.6699088,139.7691465,2024,うどん EAST,udon_east,発表日：2024年2月27日
讃岐うどん いそや,東京都八王子市元横山町2-1-14 中島ビル　１Ｆ,食べログ うどん EAST 百名店 2024,https://tabelog.com/tokyo/A1329/A132904/13022380/,,https://www.google.com/maps/search/?api=1&query=%E8%AE%83%E5%B2%90%E3%81%86%E3%81%A9%E3%82%93%20%E3%81%84%E3%81%9D%E3%82%84%20%E6%9D%B1%E4%BA%AC%E9%83%BD%E5%85%AB%E7%8E%8B%E5%AD%90%E5%B8%82%E5%85%83%E6%A8%AA%E5%B1%B1%E7%94%BA2-1-14%20%E4%B8%AD%E5%B3%B6%E3%83%93%E3%83%AB%E3%80%80%EF%BC%91%EF%BC%A6,35.6613532,139.3397343,2024,うどん EAST,udon_east,発表日：2024年2月27日
武蔵野うどん 藤原 北与野本店,埼玉県さいたま市中央区上落合3-12-36,食べログ うどん EAST 百名店 2024,https://tabelog.com/saitama/A1101/A110101/11004286/,,https://www.google.com/maps/search/?api=1&query=%E6%AD%A6%E8%94%B5%E9%87%8E%E3%81%86%E3%81%A9%E3%82%93%20%E8%97%A4%E5%8E%9F%20%E5%8C%97%E4%B8%8E%E9%87%8E%E6%9C%AC%E5%BA%97%20%E5%9F%BC%E7%8E%89%E7%9C%8C%E3%81%95%E3%81%84%E3%81%9F%E3%81%BE%E5%B8%82%E4%B8%AD%E5%A4%AE%E5%8C%BA%E4%B8%8A%E8%90%BD%E5%90%883-12-36,35.8893699,139.6241441,2024,うどん EAST,udon_east,発表日：2024年2月27日
田舎うどん てつ,埼玉県川越市久下戸2881,食べログ うどん EAST 百名店 2024,https://tabelog.com/saitama/A1103/A110303/11004160/,,https://www.google.com/maps/search/?api=1&query=%E7%94%B0%E8%88%8E%E3%81%86%E3%81%A9%E3%82%93%20%E3%81%A6%E3%81%A4%20%E5%9F%BC%E7%8E%89%E7%9C%8C%E5%B7%9D%E8%B6%8A%E5%B8%82%E4%B9%85%E4%B8%8B%E6%88%B82881,35.8898296,139.5447773,2024,うどん EAST,udon_east,発表日：2024年2月27日
手打ちうどん まつ奈,埼玉県さいたま市浦和区岸町3-3-16,食べログ うどん EAST 百名店 2024,https://tabelog.com/saitama/A1101/A110102/11028299/,,https://www.google.com/maps/search/?api=1&query=%E6%89%8B%E6%89%93%E3%81%A1%E3%81%86%E3%81%A9%E3%82%93%20%E3%81%BE%E3%81%A4%E5%A5%88%20%E5%9F%BC%E7%8E%89%E7%9C%8C%E3%81%95%E3%81%84%E3%81%9F%E3%81%BE%E5%B8%82%E6%B5%A6%E5%92%8C%E5%8C%BA%E5%B2%B8%E7%94%BA3-3-16,35.8536549,139.6596779,2024,うどん EAST,udon_east,発表日：2024年2月27日
楢製麺,東京都渋谷区代々木2-26-2 第2桑野ビル,食べログ うどん EAST 百名店 2024,https://tabelog.com/tokyo/A1304/A130401/13234984/,,https://www.google.com/maps/search/?api=1&query=%E6%A5%A2%E8%A3%BD%E9%BA%BA%20%E6%9D%B1%E4%BA%AC%E9%83%BD%E6%B8%8B%E8%B0%B7%E5%8C%BA%E4%BB%A3%E3%80%85%E6%9C%A82-26-2%20%E7%AC%AC2%E6%A1%91%E9%87%8E%E3%83%93%E3%83%AB,35.6852988,139.6993132,2024,うどん EAST,udon_east,発表日：2024年2月27日
手打うどん 松屋,埼玉県桶川市寿1-11-18,食べログ うどん EAST 百名店 2024,https://tabelog.com/saitama/A1104/A110401/11004724/,,https://www.google.com/maps/search/?api=1&query=%E6%89%8B%E6%89%93%E3%81%86%E3%81%A9%E3%82%93%20%E6%9D%BE%E5%B1%8B%20%E5%9F%BC%E7%8E%89%E7%9C%8C%E6%A1%B6%E5%B7%9D%E5%B8%82%E5%AF%BF1-11-18,36.0021057,139.5643410,2024,うどん EAST,udon_east,発表日：2024年2月27日
手打うどん 長谷沼,埼玉県川越市中原町2-1-13,食べログ うどん EAST 百名店 2024,https://tabelog.com/saitama/A1103/A110303/11033610/,,https://www.google.com/maps/search/?api=1&query=%E6%89%8B%E6%89%93%E3%81%86%E3%81%A9%E3%82%93%20%E9%95%B7%E8%B0%B7%E6%B2%BC%20%E5%9F%BC%E7%8E%89%E7%9C%8C%E5%B7%9D%E8%B6%8A%E5%B8%82%E4%B8%AD%E5%8E%9F%E7%94%BA2-1-13,35.9157397,139.4815442,2024,うどん EAST,udon_east,発表日：2024年2月27日
太常うどん 銀座本店,東京都中央区銀座7-15-17 だいつねビル１階,食べログ うどん EAST 百名店 2024,https://tabelog.com/tokyo/A1301/A130101/13104580/,,https://www.google.com/maps/search/?api=1&query=%E5%A4%AA%E5%B8%B8%E3%81%86%E3%81%A9%E3%82%93%20%E9%8A%80%E5%BA%A7%E6%9C%AC%E5%BA%97%20%E6%9D%B1%E4%BA%AC%E9%83%BD%E4%B8%AD%E5%A4%AE%E5%8C%BA%E9%8A%80%E5%BA%A77-15-17%20%E3%81%A0%E3%81%84%E3%81%A4%E3%81%AD%E3%83%93%E3%83%AB%EF%BC%91%E9%9A%8E,35.6673370,139.7652829,2024,うどん EAST,udon_east,発表日：2024年2月27日
酒と味噌煮込み 味噌煮込罠,東京都文京区本郷3-31-15 菅谷ビル,食べログ うどん EAST 百名店 2024,https://tabelog.com/tokyo/A1310/A131004/13036030/,https://tabelog.com/tokyo/A1310/A131004/13036030/?cid=google_yoyaku,https://www.google.com/maps/search/?api=1&query=%E9%85%92%E3%81%A8%E5%91%B3%E5%99%8C%E7%85%AE%E8%BE%BC%E3%81%BF%20%E5%91%B3%E5%99%8C%E7%85%AE%E8%BE%BC%E7%BD%A0%20%E6%9D%B1%E4%BA%AC%E9%83%BD%E6%96%87%E4%BA%AC%E5%8C%BA%E6%9C%AC%E9%83%B73-31-15%20%E8%8F%85%E8%B0%B7%E3%83%93%E3%83%AB,35.7064046,139.7614435,2024,うどん EAST,udon_east,発表日：2024年2月27日
玉丁本店 八重洲店,東京都中央区八重洲2-1 八重洲地下街 外堀地下2番通り,食べログ うどん EAST 百名店 2024,https://tabelog.com/tokyo/A1302/A130201/13015841/,https://tabelog.com/tokyo/A1302/A130201/13015841/?cid=google_yoyaku,https://www.google.com/maps/search/?api=1&query=%E7%8E%89%E4%B8%81%E6%9C%AC%E5%BA%97%20%E5%85%AB%E9%87%8D%E6%B4%B2%E5%BA%97%20%E6%9D%B1%E4%BA%AC%E9%83%BD%E4%B8%AD%E5%A4%AE%E5%8C%BA%E5%85%AB%E9%87%8D%E6%B4%B22-1%20%E5%85%AB%E9%87%8D%E6%B4%B2%E5%9C%B0%E4%B8%8B%E8%A1%97%20%E5%A4%96%E5%A0%80%E5%9C%B0%E4%B8%8B2%E7%95%AA%E9%80%9A%E3%82%8A,35.6792660,139.7682559,2024,うどん EAST,udon_east,発表日：2024年2月27日
ががちゃ屋,埼玉県鶴ヶ島市下新田12-8,食べログ うどん EAST 百名店 2024,https://tabelog.com/saitama/A1103/A110304/11017604/,,https://www.google.com/maps/search/?api=1&query=%E3%81%8C%E3%81%8C%E3%81%A1%E3%82%83%E5%B1%8B%20%E5%9F%BC%E7%8E%89%E7%9C%8C%E9%B6%B4%E3%83%B6%E5%B3%B6%E5%B8%82%E4%B8%8B%E6%96%B0%E7%94%B012-8,35.9428064,139.3701342,2024,うどん EAST,udon_east,発表日：2024年2月27日
きつね庵,東京都中央区銀座3-8-13 光生ビル 2F,食べログ うどん EAST 百名店 2024,https://tabelog.com/tokyo/A1301/A130101/13181414/,,https://www.google.com/maps/search/?api=1&query=%E3%81%8D%E3%81%A4%E3%81%AD%E5%BA%B5%20%E6%9D%B1%E4%BA%AC%E9%83%BD%E4%B8%AD%E5%A4%AE%E5%8C%BA%E9%8A%80%E5%BA%A73-8-13%20%E5%85%89%E7%94%9F%E3%83%93%E3%83%AB%202F,35.6716648,139.7673913,2024,うどん EAST,udon_east,発表日：2024年2月27日
根津 釜竹,東京都文京区根津2-14-18,食べログ うどん EAST 百名店 2024,https://tabelog.com/tokyo/A1311/A131106/13020252/,https://tabelog.com/tokyo/A1311/A131106/13020252/?cid=google_yoyaku,https://www.google.com/maps/search/?api=1&query=%E6%A0%B9%E6%B4%A5%20%E9%87%9C%E7%AB%B9%20%E6%9D%B1%E4%BA%AC%E9%83%BD%E6%96%87%E4%BA%AC%E5%8C%BA%E6%A0%B9%E6%B4%A52-14-18,35.7180908,139.7669723,2024,うどん EAST,udon_east,発表日：2024年2月27日
おのうどん,埼玉県さいたま市中央区本町東5-13-21,食べログ うどん EAST 百名店 2024,https://tabelog.com/saitama/A1101/A110101/11000761/,,https://www.google.com/maps/search/?api=1&query=%E3%81%8A%E3%81%AE%E3%81%86%E3%81%A9%E3%82%93%20%E5%9F%BC%E7%8E%89%E7%9C%8C%E3%81%95%E3%81%84%E3%81%9F%E3%81%BE%E5%B8%82%E4%B8%AD%E5%A4%AE%E5%8C%BA%E6%9C%AC%E7%94%BA%E6%9D%B15-13-21,35.8903653,139.6193305,2024,うどん EAST,udon_east,発表日：2024年2月27日
讃岐うどん 蔵之介,東京都豊島区高田3-7-15,食べログ うどん EAST 百名店 2024,https://tabelog.com/tokyo/A1305/A130503/13049983/,,https://www.google.com/maps/search/?api=1&query=%E8%AE%83%E5%B2%90%E3%81%86%E3%81%A9%E3%82%93%20%E8%94%B5%E4%B9%8B%E4%BB%8B%20%E6%9D%B1%E4%BA%AC%E9%83%BD%E8%B1%8A%E5%B3%B6%E5%8C%BA%E9%AB%98%E7%94%B03-7-15,35.7145098,139.7075186,2024,うどん EAST,udon_east,発表日：2024年2月27日
三丁目の手打うどん,埼玉県狭山市水野1266-49,食べログ うどん EAST 百名店 2024,https://tabelog.com/saitama/A1106/A110602/11001573/,,https://www.google.com/maps/search/?api=1&query=%E4%B8%89%E4%B8%81%E7%9B%AE%E3%81%AE%E6%89%8B%E6%89%93%E3%81%86%E3%81%A9%E3%82%93%20%E5%9F%BC%E7%8E%89%E7%9C%8C%E7%8B%AD%E5%B1%B1%E5%B8%82%E6%B0%B4%E9%87%8E1266-49,35.8214410,139.4183656,2024,うどん EAST,udon_east,発表日：2024年2月27日
香川 一福 神田店,東京都千代田区内神田1-18-11 東京ロイヤルプラザ102,食べログ うどん EAST 百名店 2024,https://tabelog.com/tokyo/A1310/A131002/13185500/,,https://www.google.com/maps/search/?api=1&query=%E9%A6%99%E5%B7%9D%20%E4%B8%80%E7%A6%8F%20%E7%A5%9E%E7%94%B0%E5%BA%97%20%E6%9D%B1%E4%BA%AC%E9%83%BD%E5%8D%83%E4%BB%A3%E7%94%B0%E5%8C%BA%E5%86%85%E7%A5%9E%E7%94%B01-18-11%20%E6%9D%B1%E4%BA%AC%E3%83%AD%E3%82%A4%E3%83%A4%E3%83%AB%E3%83%97%E3%83%A9%E3%82%B6102,35.6919137,139.7671737,2024,うどん EAST,udon_east,発表日：2024年2月27日
野村屋本店,栃木県佐野市相生町2819,食べログ うどん EAST 百名店 2024,https://tabelog.com/tochigi/A0902/A090202/9001007/,,https://www.google.com/maps/search/?api=1&query=%E9%87%8E%E6%9D%91%E5%B1%8B%E6%9C%AC%E5%BA%97%20%E6%A0%83%E6%9C%A8%E7%9C%8C%E4%BD%90%E9%87%8E%E5%B8%82%E7%9B%B8%E7%94%9F%E7%94%BA2819,36.3131827,139.5820243,2024,うどん EAST,udon_east,発表日：2024年2月27日
関西風手打うどん いらっしゃい,東京都台東区下谷1-13-10,食べログ うどん EAST 百名店 2024,https://tabelog.com/tokyo/A1311/A131104/13042758/,,https://www.google.com/maps/search/?api=1&query=%E9%96%A2%E8%A5%BF%E9%A2%A8%E6%89%8B%E6%89%93%E3%81%86%E3%81%A9%E3%82%93%20%E3%81%84%E3%82%89%E3%81%A3%E3%81%97%E3%82%83%E3%81%84%20%E6%9D%B1%E4%BA%AC%E9%83%BD%E5%8F%B0%E6%9D%B1%E5%8C%BA%E4%B8%8B%E8%B0%B71-13-10,35.7203710,139.7816865,2024,うどん EAST,udon_east,発表日：2024年2月27日
天茶屋 七蔵,東京都港区新橋2-20-15 新橋駅前ビル1号館 2F,食べログ うどん EAST 百名店 2024,https://tabelog.com/tokyo/A1301/A130103/13002602/,,https://www.google.com/maps/search/?api=1&query=%E5%A4%A9%E8%8C%B6%E5%B1%8B%20%E4%B8%83%E8%94%B5%20%E6%9D%B1%E4%BA%AC%E9%83%BD%E6%B8%AF%E5%8C%BA%E6%96%B0%E6%A9%8B2-20-15%20%E6%96%B0%E6%A9%8B%E9%A7%85%E5%89%8D%E3%83%93%E3%83%AB1%E5%8F%B7%E9%A4%A8%202F,35.6661624,139.7595392,2024,うどん EAST,udon_east,発表日：2024年2月27日
トウキョウライトブルー ホンゴウスリー,東京都文京区本郷2-39-7,食べログ うどん EAST 百名店 2024,https://tabelog.com/tokyo/A1310/A131004/13240246/,,https://www.google.com/maps/search/?api=1&query=%E3%83%88%E3%82%A6%E3%82%AD%E3%83%A7%E3%82%A6%E3%83%A9%E3%82%A4%E3%83%88%E3%83%96%E3%83%AB%E3%83%BC%20%E3%83%9B%E3%83%B3%E3%82%B4%E3%82%A6%E3%82%B9%E3%83%AA%E3%83%BC%20%E6%9D%B1%E4%BA%AC%E9%83%BD%E6%96%87%E4%BA%AC%E5%8C%BA%E6%9C%AC%E9%83%B72-39-7,35.7064786,139.7605634,2024,うどん EAST,udon_east,発表日：2024年2月27日
釜あげうどん はつとみ,東京都文京区関口1-48-5 イシダビル 1F,食べログ うどん EAST 百名店 2024,https://tabelog.com/tokyo/A1309/A130905/13095976/,,https://www.google.com/maps/search/?api=1&query=%E9%87%9C%E3%81%82%E3%81%92%E3%81%86%E3%81%A9%E3%82%93%20%E3%81%AF%E3%81%A4%E3%81%A8%E3%81%BF%20%E6%9D%B1%E4%BA%AC%E9%83%BD%E6%96%87%E4%BA%AC%E5%8C%BA%E9%96%A2%E5%8F%A31-48-5%20%E3%82%A4%E3%82%B7%E3%83%80%E3%83%93%E3%83%AB%201F,35.7095197,139.7303750,2024,うどん EAST,udon_east,発表日：2024年2月27日
藤店うどん 川越店,埼玉県川越市新宿町4-1-5,食べログ うどん EAST 百名店 2024,https://tabelog.com/saitama/A1103/A110303/11004070/,,https://www.google.com/maps/search/?api=1&query=%E8%97%A4%E5%BA%97%E3%81%86%E3%81%A9%E3%82%93%20%E5%B7%9D%E8%B6%8A%E5%BA%97%20%E5%9F%BC%E7%8E%89%E7%9C%8C%E5%B7%9D%E8%B6%8A%E5%B8%82%E6%96%B0%E5%AE%BF%E7%94%BA4-1-5,35.8980124,139.4807104,2024,うどん EAST,udon_east,発表日：2024年2月27日
永井,埼玉県入間郡三芳町北永井264-2,食べログ うどん EAST 百名店 2024,https://tabelog.com/saitama/A1103/A110302/11033420/,,https://www.google.com/maps/search/?api=1&query=%E6%B0%B8%E4%BA%95%20%E5%9F%BC%E7%8E%89%E7%9C%8C%E5%85%A5%E9%96%93%E9%83%A1%E4%B8%89%E8%8A%B3%E7%94%BA%E5%8C%97%E6%B0%B8%E4%BA%95264-2,35.8343305,139.5111340,2024,うどん EAST,udon_east,発表日：2024年2月27日
おにやんま 人形町店,東京都中央区日本橋人形町2-6-1,食べログ うどん EAST 百名店 2024,https://tabelog.com/tokyo/A1302/A130204/13216456/,,https://www.google.com/maps/search/?api=1&query=%E3%81%8A%E3%81%AB%E3%82%84%E3%82%93%E3%81%BE%20%E4%BA%BA%E5%BD%A2%E7%94%BA%E5%BA%97%20%E6%9D%B1%E4%BA%AC%E9%83%BD%E4%B8%AD%E5%A4%AE%E5%8C%BA%E6%97%A5%E6%9C%AC%E6%A9%8B%E4%BA%BA%E5%BD%A2%E7%94%BA2-6-1,35.6860068,139.7827768,2024,うどん EAST,udon_east,発表日：2024年2月27日
手打うどん 福助,東京都小平市小川町2-1307-20,食べログ うどん EAST 百名店 2024,https://tabelog.com/tokyo/A1328/A132804/13149268/,,https://www.google.com/maps/search/?api=1&query=%E6%89%8B%E6%89%93%E3%81%86%E3%81%A9%E3%82%93%20%E7%A6%8F%E5%8A%A9%20%E6%9D%B1%E4%BA%AC%E9%83%BD%E5%B0%8F%E5%B9%B3%E5%B8%82%E5%B0%8F%E5%B7%9D%E7%94%BA2-1307-20,35.7274278,139.4749608,2024,うどん EAST,udon_east,発表日：2024年2月27日
賞讃,東京都葛飾区東四つ木2-18-4,食べログ うどん EAST 百名店 2024,https://tabelog.com/tokyo/A1324/A132403/13022111/,,https://www.google.com/maps/search/?api=1&query=%E8%B3%9E%E8%AE%83%20%E6%9D%B1%E4%BA%AC%E9%83%BD%E8%91%9B%E9%A3%BE%E5%8C%BA%E6%9D%B1%E5%9B%9B%E3%81%A4%E6%9C%A82-18-4,35.7303425,139.8459024,2024,うどん EAST,udon_east,発表日：2024年2月27日
本格手打 もり家 東京店,東京都港区浜松町2-6-5 浜松町エクセレントビル ポンテせとうみ 2F,食べログ うどん EAST 百名店 2024,https://tabelog.com/tokyo/A1314/A131401/13227953/,,https://www.google.com/maps/search/?api=1&query=%E6%9C%AC%E6%A0%BC%E6%89%8B%E6%89%93%20%E3%82%82%E3%82%8A%E5%AE%B6%20%E6%9D%B1%E4%BA%AC%E5%BA%97%20%E6%9D%B1%E4%BA%AC%E9%83%BD%E6%B8%AF%E5%8C%BA%E6%B5%9C%E6%9D%BE%E7%94%BA2-6-5%20%E6%B5%9C%E6%9D%BE%E7%94%BA%E3%82%A8%E3%82%AF%E3%82%BB%E3%83%AC%E3%83%B3%E3%83%88%E3%83%93%E3%83%AB%20%E3%83%9D%E3%83%B3%E3%83%86%E3%81%9B%E3%81%A8%E3%81%86%E3%81%BF%202F,35.6544187,139.7558568,2024,うどん EAST,udon_east,発表日：2024年2月27日
よしふじ,東京都小平市大沼町7-6-6,食べログ うどん EAST 百名店 2024,https://tabelog.com/tokyo/A1328/A132804/13080472/,,https://www.google.com/maps/search/?api=1&query=%E3%82%88%E3%81%97%E3%81%B5%E3%81%98%20%E6%9D%B1%E4%BA%AC%E9%83%BD%E5%B0%8F%E5%B9%B3%E5%B8%82%E5%A4%A7%E6%B2%BC%E7%94%BA7-6-6,35.7370730,139.4989909,2024,うどん EAST,udon_east,発表日：2024年2月27日
難波千日前 釜たけうどん 八重洲北口店,東京都千代田区丸の内1-9-1 八重北食堂 1F,食べログ うどん EAST 百名店 2024,https://tabelog.com/tokyo/A1302/A130201/13156494/,,https://www.google.com/maps/search/?api=1&query=%E9%9B%A3%E6%B3%A2%E5%8D%83%E6%97%A5%E5%89%8D%20%E9%87%9C%E3%81%9F%E3%81%91%E3%81%86%E3%81%A9%E3%82%93%20%E5%85%AB%E9%87%8D%E6%B4%B2%E5%8C%97%E5%8F%A3%E5%BA%97%20%E6%9D%B1%E4%BA%AC%E9%83%BD%E5%8D%83%E4%BB%A3%E7%94%B0%E5%8C%BA%E4%B8%B8%E3%81%AE%E5%86%851-9-1%20%E5%85%AB%E9%87%8D%E5%8C%97%E9%A3%9F%E5%A0%82%201F,35.6824776,139.7680818,2024,うどん EAST,udon_east,発表日：2024年2月27日
讃岐のおうどん 花は咲く 新中野本店,東京都中野区中央4-6-12 新中野マンション 1F,食べログ うどん EAST 百名店 2024,https://tabelog.com/tokyo/A1319/A131902/13156851/,https://tabelog.com/tokyo/A1319/A131902/13156851/?cid=google_yoyaku,https://www.google.com/maps/search/?api=1&query=%E8%AE%83%E5%B2%90%E3%81%AE%E3%81%8A%E3%81%86%E3%81%A9%E3%82%93%20%E8%8A%B1%E3%81%AF%E5%92%B2%E3%81%8F%20%E6%96%B0%E4%B8%AD%E9%87%8E%E6%9C%AC%E5%BA%97%20%E6%9D%B1%E4%BA%AC%E9%83%BD%E4%B8%AD%E9%87%8E%E5%8C%BA%E4%B8%AD%E5%A4%AE4-6-12%20%E6%96%B0%E4%B8%AD%E9%87%8E%E3%83%9E%E3%83%B3%E3%82%B7%E3%83%A7%E3%83%B3%201F,35.6991915,139.6677490,2024,うどん EAST,udon_east,発表日：2024年2月27日
ウドンスタンド五頭,東京都武蔵野市西久保1-6-20 FF三鷹,食べログ うどん EAST 百名店 2024,https://tabelog.com/tokyo/A1320/A132002/13117283/,,https://www.google.com/maps/search/?api=1&query=%E3%82%A6%E3%83%89%E3%83%B3%E3%82%B9%E3%82%BF%E3%83%B3%E3%83%89%E4%BA%94%E9%A0%AD%20%E6%9D%B1%E4%BA%AC%E9%83%BD%E6%AD%A6%E8%94%B5%E9%87%8E%E5%B8%82%E8%A5%BF%E4%B9%85%E4%BF%9D1-6-20%20FF%E4%B8%89%E9%B7%B9,35.7073404,139.5607207,2024,うどん EAST,udon_east,発表日：2024年2月27日
武蔵野うどん 澤村,埼玉県戸田市美女木北1-2-25,食べログ うどん EAST 百名店 2024,https://tabelog.com/saitama/A1102/A110202/11049204/,,https://www.google.com/maps/search/?api=1&query=%E6%AD%A6%E8%94%B5%E9%87%8E%E3%81%86%E3%81%A9%E3%82%93%20%E6%BE%A4%E6%9D%91%20%E5%9F%BC%E7%8E%89%E7%9C%8C%E6%88%B8%E7%94%B0%E5%B8%82%E7%BE%8E%E5%A5%B3%E6%9C%A8%E5%8C%971-2-25,35.8338624,139.6536645,2024,うどん EAST,udon_east,発表日：2024年2月27日
おにやんま 中目黒店,東京都目黒区上目黒3-3-1 1F,食べログ うどん EAST 百名店 2024,https://tabelog.com/tokyo/A1317/A131701/13199054/,,https://www.google.com/maps/search/?api=1&query=%E3%81%8A%E3%81%AB%E3%82%84%E3%82%93%E3%81%BE%20%E4%B8%AD%E7%9B%AE%E9%BB%92%E5%BA%97%20%E6%9D%B1%E4%BA%AC%E9%83%BD%E7%9B%AE%E9%BB%92%E5%8C%BA%E4%B8%8A%E7%9B%AE%E9%BB%923-3-1%201F,35.6446422,139.6984963,2024,うどん EAST,udon_east,発表日：2024年2月27日
慶屋,東京都千代田区有楽町2丁目4-11,食べログ うどん EAST 百名店 2024,https://tabelog.com/tokyo/A1301/A130102/13044658/,,https://www.google.com/maps/search/?api=1&query=%E6%85%B6%E5%B1%8B%20%E6%9D%B1%E4%BA%AC%E9%83%BD%E5%8D%83%E4%BB%A3%E7%94%B0%E5%8C%BA%E6%9C%89%E6%A5%BD%E7%94%BA2%E4%B8%81%E7%9B%AE4-11,35.6737468,139.7617128,2024,うどん EAST,udon_east,発表日：2024年2月27日
武蔵野 伝統の味 涼太郎,埼玉県所沢市くすのき台3-14-4,食べログ うどん EAST 百名店 2024,https://tabelog.com/saitama/A1106/A110601/11000460/,,https://www.google.com/maps/search/?api=1&query=%E6%AD%A6%E8%94%B5%E9%87%8E%20%E4%BC%9D%E7%B5%B1%E3%81%AE%E5%91%B3%20%E6%B6%BC%E5%A4%AA%E9%83%8E%20%E5%9F%BC%E7%8E%89%E7%9C%8C%E6%89%80%E6%B2%A2%E5%B8%82%E3%81%8F%E3%81%99%E3%81%AE%E3%81%8D%E5%8F%B03-14-4,35.7871099,139.4773830,2024,うどん EAST,udon_east,発表日：2024年2月27日
由す美,埼玉県行田市棚田町2-3-6,食べログ うどん EAST 百名店 2024,https://tabelog.com/saitama/A1104/A110403/11003505/,,https://www.google.com/maps/search/?api=1&query=%E7%94%B1%E3%81%99%E7%BE%8E%20%E5%9F%BC%E7%8E%89%E7%9C%8C%E8%A1%8C%E7%94%B0%E5%B8%82%E6%A3%9A%E7%94%B0%E7%94%BA2-3-6,36.1247743,139.4365313,2024,うどん EAST,udon_east,発表日：2024年2月27日
切麦や 甚六,東京都新宿区新宿1-17-1 LAND・DEN 1F,食べログ うどん EAST 百名店 2024,https://tabelog.com/tokyo/A1304/A130402/13182646/,,https://www.google.com/maps/search/?api=1&query=%E5%88%87%E9%BA%A6%E3%82%84%20%E7%94%9A%E5%85%AD%20%E6%9D%B1%E4%BA%AC%E9%83%BD%E6%96%B0%E5%AE%BF%E5%8C%BA%E6%96%B0%E5%AE%BF1-17-1%20LAND%E3%83%BBDEN%201F,35.6891666,139.7118699,2024,うどん EAST,udon_east,発表日：2024年2月27日
うどん 慎,東京都渋谷区代々木2-20-16 相馬ビル1F,食べログ うどん EAST 百名店 2024,https://tabelog.com/tokyo/A1304/A130401/13125862/,,https://www.google.com/maps/search/?api=1&query=%E3%81%86%E3%81%A9%E3%82%93%20%E6%85%8E%20%E6%9D%B1%E4%BA%AC%E9%83%BD%E6%B8%8B%E8%B0%B7%E5%8C%BA%E4%BB%A3%E3%80%85%E6%9C%A82-20-16%20%E7%9B%B8%E9%A6%AC%E3%83%93%E3%83%AB1F,35.6864974,139.6970090,2024,うどん EAST,udon_east,発表日：2024年2月27日
おにやんま 東品川店,東京都品川区東品川4-1-20,食べログ うどん EAST 百名店 2024,https://tabelog.com/tokyo/A1315/A131501/13142095/,,https://www.google.com/maps/search/?api=1&query=%E3%81%8A%E3%81%AB%E3%82%84%E3%82%93%E3%81%BE%20%E6%9D%B1%E5%93%81%E5%B7%9D%E5%BA%97%20%E6%9D%B1%E4%BA%AC%E9%83%BD%E5%93%81%E5%B7%9D%E5%8C%BA%E6%9D%B1%E5%93%81%E5%B7%9D4-1-20,35.6108593,139.7453442,2024,うどん EAST,udon_east,発表日：2024年2月27日
讃岐うどん いわい,東京都北区上十条3-28-7,食べログ うどん EAST 百名店 2024,https://tabelog.com/tokyo/A1323/A132304/13141130/,,https://www.google.com/maps/search/?api=1&query=%E8%AE%83%E5%B2%90%E3%81%86%E3%81%A9%E3%82%93%20%E3%81%84%E3%82%8F%E3%81%84%20%E6%9D%B1%E4%BA%AC%E9%83%BD%E5%8C%97%E5%8C%BA%E4%B8%8A%E5%8D%81%E6%9D%A13-28-7,35.7615402,139.7188766,2024,うどん EAST,udon_east,発表日：2024年2月27日
自家製さぬきうどんと肉 甚三 大門店,東京都港区芝大門2-6-10 コンフォート芝大門 1F,食べログ うどん EAST 百名店 2024,https://tabelog.com/tokyo/A1314/A131401/13188754/,,https://www.google.com/maps/search/?api=1&query=%E8%87%AA%E5%AE%B6%E8%A3%BD%E3%81%95%E3%81%AC%E3%81%8D%E3%81%86%E3%81%A9%E3%82%93%E3%81%A8%E8%82%89%20%E7%94%9A%E4%B8%89%20%E5%A4%A7%E9%96%80%E5%BA%97%20%E6%9D%B1%E4%BA%AC%E9%83%BD%E6%B8%AF%E5%8C%BA%E8%8A%9D%E5%A4%A7%E9%96%802-6-10%20%E3%82%B3%E3%83%B3%E3%83%95%E3%82%A9%E3%83%BC%E3%83%88%E8%8A%9D%E5%A4%A7%E9%96%80%201F,35.6548680,139.7536177,2024,うどん EAST,udon_east,発表日：2024年2月27日
稲庭うどんとめし 金子半之助 コレド室町店,東京都中央区日本橋室町2-3-1 コレド室町2 B1F,食べログ うどん EAST 百名店 2024,https://tabelog.com/tokyo/A1302/A130202/13193074/,,https://www.google.com/maps/search/?api=1&query=%E7%A8%B2%E5%BA%AD%E3%81%86%E3%81%A9%E3%82%93%E3%81%A8%E3%82%81%E3%81%97%20%E9%87%91%E5%AD%90%E5%8D%8A%E4%B9%8B%E5%8A%A9%20%E3%82%B3%E3%83%AC%E3%83%89%E5%AE%A4%E7%94%BA%E5%BA%97%20%E6%9D%B1%E4%BA%AC%E9%83%BD%E4%B8%AD%E5%A4%AE%E5%8C%BA%E6%97%A5%E6%9C%AC%E6%A9%8B%E5%AE%A4%E7%94%BA2-3-1%20%E3%82%B3%E3%83%AC%E3%83%89%E5%AE%A4%E7%94%BA2%20B1F,35.6869694,139.7745117,2024,うどん EAST,udon_east,発表日：2024年2月27日
釜揚げうどん専門店もと,神奈川県平塚市宮松町6-26,食べログ うどん EAST 百名店 2024,https://tabelog.com/kanagawa/A1404/A140407/14061080/,,https://www.google.com/maps/search/?api=1&query=%E9%87%9C%E6%8F%9A%E3%81%92%E3%81%86%E3%81%A9%E3%82%93%E5%B0%82%E9%96%80%E5%BA%97%E3%82%82%E3%81%A8%20%E7%A5%9E%E5%A5%88%E5%B7%9D%E7%9C%8C%E5%B9%B3%E5%A1%9A%E5%B8%82%E5%AE%AE%E6%9D%BE%E7%94%BA6-26,35.3342438,139.3505843,2024,うどん EAST,udon_east,発表日：2024年2月27日
手打うどん あかう,東京都荒川区西日暮里2-39-6 ＧＳハイム日暮里　１０３,食べログ うどん EAST 百名店 2024,https://tabelog.com/tokyo/A1311/A131105/13018604/,,https://www.google.com/maps/search/?api=1&query=%E6%89%8B%E6%89%93%E3%81%86%E3%81%A9%E3%82%93%20%E3%81%82%E3%81%8B%E3%81%86%20%E6%9D%B1%E4%BA%AC%E9%83%BD%E8%8D%92%E5%B7%9D%E5%8C%BA%E8%A5%BF%E6%97%A5%E6%9A%AE%E9%87%8C2-39-6%20%EF%BC%A7%EF%BC%B3%E3%83%8F%E3%82%A4%E3%83%A0%E6%97%A5%E6%9A%AE%E9%87%8C%E3%80%80%EF%BC%91%EF%BC%90%EF%BC%93,35.7307725,139.7708367,2024,うどん EAST,udon_east,発表日：2024年2月27日
本格手打うどん あらた,東京都八王子市八日町10-1,食べログ うどん EAST 百名店 2024,https://tabelog.com/tokyo/A1329/A132904/13025001/,,https://www.google.com/maps/search/?api=1&query=%E6%9C%AC%E6%A0%BC%E6%89%8B%E6%89%93%E3%81%86%E3%81%A9%E3%82%93%20%E3%81%82%E3%82%89%E3%81%9F%20%E6%9D%B1%E4%BA%AC%E9%83%BD%E5%85%AB%E7%8E%8B%E5%AD%90%E5%B8%82%E5%85%AB%E6%97%A5%E7%94%BA10-1,35.6602295,139.3335427,2024,うどん EAST,udon_east,発表日：2024年2月27日
谷や,東京都中央区日本橋人形町2-15-17 １階,食べログ うどん EAST 百名店 2024,https://tabelog.com/tokyo/A1302/A130204/13114085/,,https://www.google.com/maps/search/?api=1&query=%E8%B0%B7%E3%82%84%20%E6%9D%B1%E4%BA%AC%E9%83%BD%E4%B8%AD%E5%A4%AE%E5%8C%BA%E6%97%A5%E6%9C%AC%E6%A9%8B%E4%BA%BA%E5%BD%A2%E7%94%BA2-15-17%20%EF%BC%91%E9%9A%8E,35.6846371,139.7857165,2024,うどん EAST,udon_east,発表日：2024年2月27日
熊たまや,埼玉県熊谷市桜木町1-202-1 熊谷駅秩父鉄道　改札口前,食べログ うどん EAST 百名店 2024,https://tabelog.com/saitama/A1105/A110501/11020450/,,https://www.google.com/maps/search/?api=1&query=%E7%86%8A%E3%81%9F%E3%81%BE%E3%82%84%20%E5%9F%BC%E7%8E%89%E7%9C%8C%E7%86%8A%E8%B0%B7%E5%B8%82%E6%A1%9C%E6%9C%A8%E7%94%BA1-202-1%20%E7%86%8A%E8%B0%B7%E9%A7%85%E7%A7%A9%E7%88%B6%E9%89%84%E9%81%93%E3%80%80%E6%94%B9%E6%9C%AD%E5%8F%A3%E5%89%8D,36.1393507,139.3893415,2024,うどん EAST,udon_east,発表日：2024年2月27日
豚や,東京都杉並区上荻4-19-23,食べログ うどん EAST 百名店 2024,https://tabelog.com/tokyo/A1319/A131907/13018776/,,https://www.google.com/maps/search/?api=1&query=%E8%B1%9A%E3%82%84%20%E6%9D%B1%E4%BA%AC%E9%83%BD%E6%9D%89%E4%B8%A6%E5%8C%BA%E4%B8%8A%E8%8D%BB4-19-23,35.7109613,139.6076071,2024,うどん EAST,udon_east,発表日：2024年2月27日
とこ井,東京都杉並区高円寺南4-7-5 久万乃ビル 1F,食べログ うどん EAST 百名店 2024,https://tabelog.com/tokyo/A1319/A131904/13153065/,,https://www.google.com/maps/search/?api=1&query=%E3%81%A8%E3%81%93%E4%BA%95%20%E6%9D%B1%E4%BA%AC%E9%83%BD%E6%9D%89%E4%B8%A6%E5%8C%BA%E9%AB%98%E5%86%86%E5%AF%BA%E5%8D%974-7-5%20%E4%B9%85%E4%B8%87%E4%B9%83%E3%83%93%E3%83%AB%201F,35.7033252,139.6491369,2024,うどん EAST,udon_east,発表日：2024年2月27日
雅楽,東京都千代田区飯田橋3-7-3 岡田ビル １Ｆ,食べログ うどん EAST 百名店 2024,https://tabelog.com/tokyo/A1309/A130905/13032356/,,https://www.google.com/maps/search/?api=1&query=%E9%9B%85%E6%A5%BD%20%E6%9D%B1%E4%BA%AC%E9%83%BD%E5%8D%83%E4%BB%A3%E7%94%B0%E5%8C%BA%E9%A3%AF%E7%94%B0%E6%A9%8B3-7-3%20%E5%B2%A1%E7%94%B0%E3%83%93%E3%83%AB%20%EF%BC%91%EF%BC%A6,35.7018603,139.7468202,2024,うどん EAST,udon_east,発表日：2024年2月27日
手打ちうどん こげら,東京都東村山市富士見町2-6-72,食べログ うどん EAST 百名店 2024,https://tabelog.com/tokyo/A1328/A132805/13163619/,,https://www.google.com/maps/search/?api=1&query=%E6%89%8B%E6%89%93%E3%81%A1%E3%81%86%E3%81%A9%E3%82%93%20%E3%81%93%E3%81%92%E3%82%89%20%E6%9D%B1%E4%BA%AC%E9%83%BD%E6%9D%B1%E6%9D%91%E5%B1%B1%E5%B8%82%E5%AF%8C%E5%A3%AB%E8%A6%8B%E7%94%BA2-6-72,35.7421843,139.4509840,2024,うどん EAST,udon_east,発表日：2024年2月27日
麺匠 釜善,東京都千代田区神田司町2-14-15 高梨ビル 1F,食べログ うどん EAST 百名店 2024,https://tabelog.com/tokyo/A1310/A131002/13201863/,,https://www.google.com/maps/search/?api=1&query=%E9%BA%BA%E5%8C%A0%20%E9%87%9C%E5%96%84%20%E6%9D%B1%E4%BA%AC%E9%83%BD%E5%8D%83%E4%BB%A3%E7%94%B0%E5%8C%BA%E7%A5%9E%E7%94%B0%E5%8F%B8%E7%94%BA2-14-15%20%E9%AB%98%E6%A2%A8%E3%83%93%E3%83%AB%201F,35.6936961,139.7683218,2024,うどん EAST,udon_east,発表日：2024年2月27日
正太郎うどん,東京都練馬区下石神井5-1-36,食べログ うどん EAST 百名店 2024,https://tabelog.com/tokyo/A1321/A132105/13095768/,,https://www.google.com/maps/search/?api=1&query=%E6%AD%A3%E5%A4%AA%E9%83%8E%E3%81%86%E3%81%A9%E3%82%93%20%E6%9D%B1%E4%BA%AC%E9%83%BD%E7%B7%B4%E9%A6%AC%E5%8C%BA%E4%B8%8B%E7%9F%B3%E7%A5%9E%E4%BA%955-1-36,35.7299060,139.6035059,2024,うどん EAST,udon_east,発表日：2024年2月27日
五島うどん びぜん家,東京都小金井市本町6-9-42,食べログ うどん EAST 百名店 2024,https://tabelog.com/tokyo/A1325/A132501/13126103/,,https://www.google.com/maps/search/?api=1&query=%E4%BA%94%E5%B3%B6%E3%81%86%E3%81%A9%E3%82%93%20%E3%81%B3%E3%81%9C%E3%82%93%E5%AE%B6%20%E6%9D%B1%E4%BA%AC%E9%83%BD%E5%B0%8F%E9%87%91%E4%BA%95%E5%B8%82%E6%9C%AC%E7%94%BA6-9-42,35.6997707,139.5037072,2024,うどん EAST,udon_east,発表日：2024年2月27日
cuud,東京都大田区羽田空港3-3-2 羽田空港第1旅客ターミナル 2F,食べログ うどん EAST 百名店 2024,https://tabelog.com/tokyo/A1315/A131504/13193378/,,https://www.google.com/maps/search/?api=1&query=cuud%20%E6%9D%B1%E4%BA%AC%E9%83%BD%E5%A4%A7%E7%94%B0%E5%8C%BA%E7%BE%BD%E7%94%B0%E7%A9%BA%E6%B8%AF3-3-2%20%E7%BE%BD%E7%94%B0%E7%A9%BA%E6%B8%AF%E7%AC%AC1%E6%97%85%E5%AE%A2%E3%82%BF%E3%83%BC%E3%83%9F%E3%83%8A%E3%83%AB%202F,35.5480960,139.7850423,2024,うどん EAST,udon_east,発表日：2024年2月27日
手打 しまだ,東京都港区南青山3-13-3,食べログ うどん EAST 百名店 2024,https://tabelog.com/tokyo/A1306/A130602/13006991/,,https://www.google.com/maps/search/?api=1&query=%E6%89%8B%E6%89%93%20%E3%81%97%E3%81%BE%E3%81%A0%20%E6%9D%B1%E4%BA%AC%E9%83%BD%E6%B8%AF%E5%8C%BA%E5%8D%97%E9%9D%92%E5%B1%B13-13-3,35.6658675,139.7138992,2024,うどん EAST,udon_east,発表日：2024年2月27日
村山 満月うどん,東京都武蔵村山市三ツ木1-12-10,食べログ うどん EAST 百名店 2024,https://tabelog.com/tokyo/A1329/A132901/13026307/,,https://www.google.com/maps/search/?api=1&query=%E6%9D%91%E5%B1%B1%20%E6%BA%80%E6%9C%88%E3%81%86%E3%81%A9%E3%82%93%20%E6%9D%B1%E4%BA%AC%E9%83%BD%E6%AD%A6%E8%94%B5%E6%9D%91%E5%B1%B1%E5%B8%82%E4%B8%89%E3%83%84%E6%9C%A81-12-10,35.7577308,139.3793573,2024,うどん EAST,udon_east,発表日：2024年2月27日
讃岐うどん 條辺,埼玉県ふじみ野市上福岡1-7-9,食べログ うどん EAST 百名店 2024,https://tabelog.com/saitama/A1103/A110302/11004258/,,https://www.google.com/maps/search/?api=1&query=%E8%AE%83%E5%B2%90%E3%81%86%E3%81%A9%E3%82%93%20%E6%A2%9D%E8%BE%BA%20%E5%9F%BC%E7%8E%89%E7%9C%8C%E3%81%B5%E3%81%98%E3%81%BF%E9%87%8E%E5%B8%82%E4%B8%8A%E7%A6%8F%E5%B2%A11-7-9,35.8749685,139.5129648,2024,うどん EAST,udon_east,発表日：2024年2月27日
手打ちうどん　 いしづか,埼玉県桶川市南1-7-5,食べログ うどん EAST 百名店 2024,https://tabelog.com/saitama/A1104/A110401/11005554/,,https://www.google.com/maps/search/?api=1&query=%E6%89%8B%E6%89%93%E3%81%A1%E3%81%86%E3%81%A9%E3%82%93%E3%80%80%20%E3%81%84%E3%81%97%E3%81%A5%E3%81%8B%20%E5%9F%BC%E7%8E%89%E7%9C%8C%E6%A1%B6%E5%B7%9D%E5%B8%82%E5%8D%971-7-5,35.9999835,139.5663808,2024,うどん EAST,udon_east,発表日：2024年2月27日
ぶつをのうどん,栃木県宇都宮市松が峰2-9-3,食べログ うどん EAST 百名店 2024,https://tabelog.com/tochigi/A0901/A090101/9003113/,,https://www.google.com/maps/search/?api=1&query=%E3%81%B6%E3%81%A4%E3%82%92%E3%81%AE%E3%81%86%E3%81%A9%E3%82%93%20%E6%A0%83%E6%9C%A8%E7%9C%8C%E5%AE%87%E9%83%BD%E5%AE%AE%E5%B8%82%E6%9D%BE%E3%81%8C%E5%B3%B02-9-3,36.5557538,139.8818463,2024,うどん EAST,udon_east,発表日：2024年2月27日
うどん家　一,埼玉県所沢市小手指町1-29-3,食べログ うどん EAST 百名店 2024,https://tabelog.com/saitama/A1106/A110601/11026435/,,https://www.google.com/maps/search/?api=1&query=%E3%81%86%E3%81%A9%E3%82%93%E5%AE%B6%E3%80%80%E4%B8%80%20%E5%9F%BC%E7%8E%89%E7%9C%8C%E6%89%80%E6%B2%A2%E5%B8%82%E5%B0%8F%E6%89%8B%E6%8C%87%E7%94%BA1-29-3,35.8052269,139.4380128,2024,うどん EAST,udon_east,発表日：2024年2月27日
葉隠,東京都港区赤坂3-10-20 第三対翠館ビル　Ｂ１Ｆ,食べログ うどん EAST 百名店 2024,https://tabelog.com/tokyo/A1308/A130801/13024229/,,https://www.google.com/maps/search/?api=1&query=%E8%91%89%E9%9A%A0%20%E6%9D%B1%E4%BA%AC%E9%83%BD%E6%B8%AF%E5%8C%BA%E8%B5%A4%E5%9D%823-10-20%20%E7%AC%AC%E4%B8%89%E5%AF%BE%E7%BF%A0%E9%A4%A8%E3%83%93%E3%83%AB%E3%80%80%EF%BC%A2%EF%BC%91%EF%BC%A6,35.6764234,139.7365258,2024,うどん EAST,udon_east,発表日：2024年2月27日
手打うどん長谷川,東京都練馬区東大泉4-3-18-102,食べログ うどん EAST 百名店 2024,https://tabelog.com/tokyo/A1321/A132103/13105083/,,https://www.google.com/maps/search/?api=1&query=%E6%89%8B%E6%89%93%E3%81%86%E3%81%A9%E3%82%93%E9%95%B7%E8%B0%B7%E5%B7%9D%20%E6%9D%B1%E4%BA%AC%E9%83%BD%E7%B7%B4%E9%A6%AC%E5%8C%BA%E6%9D%B1%E5%A4%A7%E6%B3%894-3-18-102,35.7507746,139.5851717,2024,うどん EAST,udon_east,発表日：2024年2月27日
藤店うどん,埼玉県さいたま市西区三橋6-14-7,食べログ うどん EAST 百名店 2024,https://tabelog.com/saitama/A1101/A110103/11000476/,,https://www.google.com/maps/search/?api=1&query=%E8%97%A4%E5%BA%97%E3%81%86%E3%81%A9%E3%82%93%20%E5%9F%BC%E7%8E%89%E7%9C%8C%E3%81%95%E3%81%84%E3%81%9F%E3%81%BE%E5%B8%82%E8%A5%BF%E5%8C%BA%E4%B8%89%E6%A9%8B6-14-7,35.9106474,139.5904488,2024,うどん EAST,udon_east,発表日：2024年2月27日
あんぷく 池袋店,東京都豊島区西池袋1-37-8 ＪＰビル　１Ｆ,食べログ うどん EAST 百名店 2024,https://tabelog.com/tokyo/A1305/A130501/13097934/,,https://www.google.com/maps/search/?api=1&query=%E3%81%82%E3%82%93%E3%81%B7%E3%81%8F%20%E6%B1%A0%E8%A2%8B%E5%BA%97%20%E6%9D%B1%E4%BA%AC%E9%83%BD%E8%B1%8A%E5%B3%B6%E5%8C%BA%E8%A5%BF%E6%B1%A0%E8%A2%8B1-37-8%20%EF%BC%AA%EF%BC%B0%E3%83%93%E3%83%AB%E3%80%80%EF%BC%91%EF%BC%A6,35.7325014,139.7090600,2024,うどん EAST,udon_east,発表日：2024年2月27日
あそび,埼玉県比企郡小川町増尾473-6,食べログ うどん EAST 百名店 2024,https://tabelog.com/saitama/A1105/A110605/11017560/,,https://www.google.com/maps/search/?api=1&query=%E3%81%82%E3%81%9D%E3%81%B3%20%E5%9F%BC%E7%8E%89%E7%9C%8C%E6%AF%94%E4%BC%81%E9%83%A1%E5%B0%8F%E5%B7%9D%E7%94%BA%E5%A2%97%E5%B0%BE473-6,36.0512461,139.2514935,2024,うどん EAST,udon_east,発表日：2024年2月27日
満寿家,埼玉県さいたま市浦和区岸町7-1-3,食べログ うなぎ 百名店 2024,https://tabelog.com/saitama/A1101/A110102/11000153/,https://tabelog.com/saitama/A1101/A110102/11000153/?cid=google_yoyaku,https://www.google.com/maps/search/?api=1&query=%E6%BA%80%E5%AF%BF%E5%AE%B6%20%E5%9F%BC%E7%8E%89%E7%9C%8C%E3%81%95%E3%81%84%E3%81%9F%E3%81%BE%E5%B8%82%E6%B5%A6%E5%92%8C%E5%8C%BA%E5%B2%B8%E7%94%BA7-1-3,35.8560804,139.6543518,2024,うなぎ,unagi,発表日：2024年7月9日
うなぎ 浜名,埼玉県さいたま市浦和区仲町2-9-2 インフィニティうらわ　１Ｆ,食べログ うなぎ 百名店 2024,https://tabelog.com/saitama/A1101/A110102/11003229/,,https://www.google.com/maps/search/?api=1&query=%E3%81%86%E3%81%AA%E3%81%8E%20%E6%B5%9C%E5%90%8D%20%E5%9F%BC%E7%8E%89%E7%9C%8C%E3%81%95%E3%81%84%E3%81%9F%E3%81%BE%E5%B8%82%E6%B5%A6%E5%92%8C%E5%8C%BA%E4%BB%B2%E7%94%BA2-9-2%20%E3%82%A4%E3%83%B3%E3%83%95%E3%82%A3%E3%83%8B%E3%83%86%E3%82%A3%E3%81%86%E3%82%89%E3%82%8F%E3%80%80%EF%BC%91%EF%BC%A6,35.8610819,139.6516166,2024,うなぎ,unagi,発表日：2024年7月9日
神泉いちのや,東京都渋谷区神泉町20-22 神泉ハイツ 1F,食べログ うなぎ 百名店 2024,https://tabelog.com/tokyo/A1303/A130301/13004659/,,https://www.google.com/maps/search/?api=1&query=%E7%A5%9E%E6%B3%89%E3%81%84%E3%81%A1%E3%81%AE%E3%82%84%20%E6%9D%B1%E4%BA%AC%E9%83%BD%E6%B8%8B%E8%B0%B7%E5%8C%BA%E7%A5%9E%E6%B3%89%E7%94%BA20-22%20%E7%A5%9E%E6%B3%89%E3%83%8F%E3%82%A4%E3%83%84%201F,35.6570742,139.6914331,2024,うなぎ,unagi,発表日：2024年7月9日
鰻 むさし乃,埼玉県さいたま市浦和区東高砂町8-3 1F,食べログ うなぎ 百名店 2024,https://tabelog.com/saitama/A1101/A110102/11003959/,,https://www.google.com/maps/search/?api=1&query=%E9%B0%BB%20%E3%82%80%E3%81%95%E3%81%97%E4%B9%83%20%E5%9F%BC%E7%8E%89%E7%9C%8C%E3%81%95%E3%81%84%E3%81%9F%E3%81%BE%E5%B8%82%E6%B5%A6%E5%92%8C%E5%8C%BA%E6%9D%B1%E9%AB%98%E7%A0%82%E7%94%BA8-3%201F,35.8572914,139.6601042,2024,うなぎ,unagi,発表日：2024年7月9日
うなぎ割烹山田,千葉県香取市佐原イ457,食べログ うなぎ 百名店 2024,https://tabelog.com/chiba/A1204/A120404/12000489/,,https://www.google.com/maps/search/?api=1&query=%E3%81%86%E3%81%AA%E3%81%8E%E5%89%B2%E7%83%B9%E5%B1%B1%E7%94%B0%20%E5%8D%83%E8%91%89%E7%9C%8C%E9%A6%99%E5%8F%96%E5%B8%82%E4%BD%90%E5%8E%9F%E3%82%A4457,35.8923675,140.4974194,2024,うなぎ,unagi,発表日：2024年7月9日
活鰻の店 つぐみ庵,東京都北区中里1-29-1,食べログ うなぎ 百名店 2024,https://tabelog.com/tokyo/A1323/A132301/13080463/,,https://www.google.com/maps/search/?api=1&query=%E6%B4%BB%E9%B0%BB%E3%81%AE%E5%BA%97%20%E3%81%A4%E3%81%90%E3%81%BF%E5%BA%B5%20%E6%9D%B1%E4%BA%AC%E9%83%BD%E5%8C%97%E5%8C%BA%E4%B8%AD%E9%87%8C1-29-1,35.7379166,139.7527582,2024,うなぎ,unagi,発表日：2024年7月9日
駿河屋,千葉県成田市仲町359,食べログ うなぎ 百名店 2024,https://tabelog.com/chiba/A1204/A120401/12006496/,,https://www.google.com/maps/search/?api=1&query=%E9%A7%BF%E6%B2%B3%E5%B1%8B%20%E5%8D%83%E8%91%89%E7%9C%8C%E6%88%90%E7%94%B0%E5%B8%82%E4%BB%B2%E7%94%BA359,35.7846345,140.3172932,2024,うなぎ,unagi,発表日：2024年7月9日
鰻禅,東京都墨田区吾妻橋3-6-18,食べログ うなぎ 百名店 2024,https://tabelog.com/tokyo/A1312/A131203/13058979/,,https://www.google.com/maps/search/?api=1&query=%E9%B0%BB%E7%A6%85%20%E6%9D%B1%E4%BA%AC%E9%83%BD%E5%A2%A8%E7%94%B0%E5%8C%BA%E5%90%BE%E5%A6%BB%E6%A9%8B3-6-18,35.7088447,139.8057217,2024,うなぎ,unagi,発表日：2024年7月9日
うなせん,千葉県香取市小見川5628,食べログ うなぎ 百名店 2024,https://tabelog.com/chiba/A1204/A120404/12001192/,,https://www.google.com/maps/search/?api=1&query=%E3%81%86%E3%81%AA%E3%81%9B%E3%82%93%20%E5%8D%83%E8%91%89%E7%9C%8C%E9%A6%99%E5%8F%96%E5%B8%82%E5%B0%8F%E8%A6%8B%E5%B7%9D5628,35.8604005,140.6058332,2024,うなぎ,unagi,発表日：2024年7月9日
明神下 神田川 本店,東京都千代田区外神田2-5-11,食べログ うなぎ 百名店 2024,https://tabelog.com/tokyo/A1310/A131002/13000346/,,https://www.google.com/maps/search/?api=1&query=%E6%98%8E%E7%A5%9E%E4%B8%8B%20%E7%A5%9E%E7%94%B0%E5%B7%9D%20%E6%9C%AC%E5%BA%97%20%E6%9D%B1%E4%BA%AC%E9%83%BD%E5%8D%83%E4%BB%A3%E7%94%B0%E5%8C%BA%E5%A4%96%E7%A5%9E%E7%94%B02-5-11,35.7003811,139.7689918,2024,うなぎ,unagi,発表日：2024年7月9日
はし本,東京都文京区水道2-5-7,食べログ うなぎ 百名店 2024,https://tabelog.com/tokyo/A1309/A130905/13018616/,,https://www.google.com/maps/search/?api=1&query=%E3%81%AF%E3%81%97%E6%9C%AC%20%E6%9D%B1%E4%BA%AC%E9%83%BD%E6%96%87%E4%BA%AC%E5%8C%BA%E6%B0%B4%E9%81%932-5-7,35.7093662,139.7363541,2024,うなぎ,unagi,発表日：2024年7月9日
うなぎ亭 友栄,神奈川県小田原市風祭122,食べログ うなぎ 百名店 2024,https://tabelog.com/kanagawa/A1410/A141001/14001626/,,https://www.google.com/maps/search/?api=1&query=%E3%81%86%E3%81%AA%E3%81%8E%E4%BA%AD%20%E5%8F%8B%E6%A0%84%20%E7%A5%9E%E5%A5%88%E5%B7%9D%E7%9C%8C%E5%B0%8F%E7%94%B0%E5%8E%9F%E5%B8%82%E9%A2%A8%E7%A5%AD122,35.2433316,139.1262486,2024,うなぎ,unagi,発表日：2024年7月9日
石ばし,東京都文京区水道2-4-29,食べログ うなぎ 百名店 2024,https://tabelog.com/tokyo/A1309/A130905/13003531/,,https://www.google.com/maps/search/?api=1&query=%E7%9F%B3%E3%81%B0%E3%81%97%20%E6%9D%B1%E4%BA%AC%E9%83%BD%E6%96%87%E4%BA%AC%E5%8C%BA%E6%B0%B4%E9%81%932-4-29,35.7092814,139.7384767,2024,うなぎ,unagi,発表日：2024年7月9日
参宮橋 あさや,東京都渋谷区代々木4-6-5 A&U 1F,食べログ うなぎ 百名店 2024,https://tabelog.com/tokyo/A1318/A131810/13289291/,,https://www.google.com/maps/search/?api=1&query=%E5%8F%82%E5%AE%AE%E6%A9%8B%20%E3%81%82%E3%81%95%E3%82%84%20%E6%9D%B1%E4%BA%AC%E9%83%BD%E6%B8%8B%E8%B0%B7%E5%8C%BA%E4%BB%A3%E3%80%85%E6%9C%A84-6-5%20A%26U%201F,35.6785250,139.6933573,2024,うなぎ,unagi,発表日：2024年7月9日
うなぎ 平八,東京都大田区田園調布2-50-2,食べログ うなぎ 百名店 2024,https://tabelog.com/tokyo/A1317/A131704/13017676/,,https://www.google.com/maps/search/?api=1&query=%E3%81%86%E3%81%AA%E3%81%8E%20%E5%B9%B3%E5%85%AB%20%E6%9D%B1%E4%BA%AC%E9%83%BD%E5%A4%A7%E7%94%B0%E5%8C%BA%E7%94%B0%E5%9C%92%E8%AA%BF%E5%B8%832-50-2,35.5971037,139.6677918,2024,うなぎ,unagi,発表日：2024年7月9日
川蝉,栃木県宇都宮市大通り5-1-19,食べログ うなぎ 百名店 2024,https://tabelog.com/tochigi/A0901/A090101/9000024/,,https://www.google.com/maps/search/?api=1&query=%E5%B7%9D%E8%9D%89%20%E6%A0%83%E6%9C%A8%E7%9C%8C%E5%AE%87%E9%83%BD%E5%AE%AE%E5%B8%82%E5%A4%A7%E9%80%9A%E3%82%8A5-1-19,36.5613549,139.8921114,2024,うなぎ,unagi,発表日：2024年7月9日
やしま,東京都台東区小島2-18-19,食べログ うなぎ 百名店 2024,https://tabelog.com/tokyo/A1311/A131101/13024325/,,https://www.google.com/maps/search/?api=1&query=%E3%82%84%E3%81%97%E3%81%BE%20%E6%9D%B1%E4%BA%AC%E9%83%BD%E5%8F%B0%E6%9D%B1%E5%8C%BA%E5%B0%8F%E5%B3%B62-18-19,35.7066309,139.7848108,2024,うなぎ,unagi,発表日：2024年7月9日
炭焼 うな富士 有楽町店,東京都千代田区内幸町1-7-1 H12,食べログ うなぎ 百名店 2024,https://tabelog.com/tokyo/A1301/A130103/13250032/,https://tabelog.com/tokyo/A1301/A130103/13250032/?cid=google_yoyaku,https://www.google.com/maps/search/?api=1&query=%E7%82%AD%E7%84%BC%20%E3%81%86%E3%81%AA%E5%AF%8C%E5%A3%AB%20%E6%9C%89%E6%A5%BD%E7%94%BA%E5%BA%97%20%E6%9D%B1%E4%BA%AC%E9%83%BD%E5%8D%83%E4%BB%A3%E7%94%B0%E5%8C%BA%E5%86%85%E5%B9%B8%E7%94%BA1-7-1%20H12,35.6703367,139.7590275,2024,うなぎ,unagi,発表日：2024年7月9日
小満津,東京都杉並区和田3-62-3 １Ｆ,食べログ うなぎ 百名店 2024,https://tabelog.com/tokyo/A1319/A131904/13001079/,,https://www.google.com/maps/search/?api=1&query=%E5%B0%8F%E6%BA%80%E6%B4%A5%20%E6%9D%B1%E4%BA%AC%E9%83%BD%E6%9D%89%E4%B8%A6%E5%8C%BA%E5%92%8C%E7%94%B03-62-3%20%EF%BC%91%EF%BC%A6,35.6973304,139.6614366,2024,うなぎ,unagi,発表日：2024年7月9日
うなぎ 目白ぞろ芽,東京都豊島区目白3-3-1 目白スクエアビルB1F,食べログ うなぎ 百名店 2024,https://tabelog.com/tokyo/A1305/A130502/13224277/,https://tabelog.com/tokyo/A1305/A130502/13224277/?cid=google_yoyaku,https://www.google.com/maps/search/?api=1&query=%E3%81%86%E3%81%AA%E3%81%8E%20%E7%9B%AE%E7%99%BD%E3%81%9E%E3%82%8D%E8%8A%BD%20%E6%9D%B1%E4%BA%AC%E9%83%BD%E8%B1%8A%E5%B3%B6%E5%8C%BA%E7%9B%AE%E7%99%BD3-3-1%20%E7%9B%AE%E7%99%BD%E3%82%B9%E3%82%AF%E3%82%A8%E3%82%A2%E3%83%93%E3%83%ABB1F,35.7215808,139.7063916,2024,うなぎ,unagi,発表日：2024年7月9日
小暮や,千葉県我孫子市天王台4-2-22 マンション　１Ｆ,食べログ うなぎ 百名店 2024,https://tabelog.com/chiba/A1203/A120304/12000292/,,https://www.google.com/maps/search/?api=1&query=%E5%B0%8F%E6%9A%AE%E3%82%84%20%E5%8D%83%E8%91%89%E7%9C%8C%E6%88%91%E5%AD%AB%E5%AD%90%E5%B8%82%E5%A4%A9%E7%8E%8B%E5%8F%B04-2-22%20%E3%83%9E%E3%83%B3%E3%82%B7%E3%83%A7%E3%83%B3%E3%80%80%EF%BC%91%EF%BC%A6,35.8724303,140.0376184,2024,うなぎ,unagi,発表日：2024年7月9日
尾花,東京都荒川区南千住5-33-1,食べログ うなぎ 百名店 2024,https://tabelog.com/tokyo/A1324/A132401/13003509/,,https://www.google.com/maps/search/?api=1&query=%E5%B0%BE%E8%8A%B1%20%E6%9D%B1%E4%BA%AC%E9%83%BD%E8%8D%92%E5%B7%9D%E5%8C%BA%E5%8D%97%E5%8D%83%E4%BD%8F5-33-1,35.7316368,139.7969008,2024,うなぎ,unagi,発表日：2024年7月9日
山の茶屋,東京都千代田区永田町2-10-6,食べログ うなぎ 百名店 2024,https://tabelog.com/tokyo/A1308/A130802/13002739/,,https://www.google.com/maps/search/?api=1&query=%E5%B1%B1%E3%81%AE%E8%8C%B6%E5%B1%8B%20%E6%9D%B1%E4%BA%AC%E9%83%BD%E5%8D%83%E4%BB%A3%E7%94%B0%E5%8C%BA%E6%B0%B8%E7%94%B0%E7%94%BA2-10-6,35.6753325,139.7400479,2024,うなぎ,unagi,発表日：2024年7月9日
かぶと,東京都豊島区池袋2-53-2 池袋ESビル 1F,食べログ うなぎ 百名店 2024,https://tabelog.com/tokyo/A1305/A130501/13016660/,,https://www.google.com/maps/search/?api=1&query=%E3%81%8B%E3%81%B6%E3%81%A8%20%E6%9D%B1%E4%BA%AC%E9%83%BD%E8%B1%8A%E5%B3%B6%E5%8C%BA%E6%B1%A0%E8%A2%8B2-53-2%20%E6%B1%A0%E8%A2%8BES%E3%83%93%E3%83%AB%201F,35.7337640,139.7090415,2024,うなぎ,unagi,発表日：2024年7月9日
入谷鬼子母神門前のだや,東京都台東区下谷2-3-1,食べログ うなぎ 百名店 2024,https://tabelog.com/tokyo/A1311/A131104/13152282/,https://tabelog.com/tokyo/A1311/A131104/13152282/?cid=google_yoyaku,https://www.google.com/maps/search/?api=1&query=%E5%85%A5%E8%B0%B7%E9%AC%BC%E5%AD%90%E6%AF%8D%E7%A5%9E%E9%96%80%E5%89%8D%E3%81%AE%E3%81%A0%E3%82%84%20%E6%9D%B1%E4%BA%AC%E9%83%BD%E5%8F%B0%E6%9D%B1%E5%8C%BA%E4%B8%8B%E8%B0%B72-3-1,35.7202956,139.7830919,2024,うなぎ,unagi,発表日：2024年7月9日
うなぎ時任,東京都港区麻布十番2-5-11 AZABUMAISON201,食べログ うなぎ 百名店 2024,https://tabelog.com/tokyo/A1307/A130702/13224663/,https://tabelog.com/tokyo/A1307/A130702/13224663/?cid=google_yoyaku,https://www.google.com/maps/search/?api=1&query=%E3%81%86%E3%81%AA%E3%81%8E%E6%99%82%E4%BB%BB%20%E6%9D%B1%E4%BA%AC%E9%83%BD%E6%B8%AF%E5%8C%BA%E9%BA%BB%E5%B8%83%E5%8D%81%E7%95%AA2-5-11%20AZABUMAISON201,35.6562382,139.7333236,2024,うなぎ,unagi,発表日：2024年7月9日
日本橋いづもや,東京都中央区日本橋本石町3-3-4,食べログ うなぎ 百名店 2024,https://tabelog.com/tokyo/A1302/A130202/13011198/,,https://www.google.com/maps/search/?api=1&query=%E6%97%A5%E6%9C%AC%E6%A9%8B%E3%81%84%E3%81%A5%E3%82%82%E3%82%84%20%E6%9D%B1%E4%BA%AC%E9%83%BD%E4%B8%AD%E5%A4%AE%E5%8C%BA%E6%97%A5%E6%9C%AC%E6%A9%8B%E6%9C%AC%E7%9F%B3%E7%94%BA3-3-4,35.6878299,139.7709644,2024,うなぎ,unagi,発表日：2024年7月9日
初小川,東京都台東区雷門2-8-4,食べログ うなぎ 百名店 2024,https://tabelog.com/tokyo/A1311/A131102/13003702/,,https://www.google.com/maps/search/?api=1&query=%E5%88%9D%E5%B0%8F%E5%B7%9D%20%E6%9D%B1%E4%BA%AC%E9%83%BD%E5%8F%B0%E6%9D%B1%E5%8C%BA%E9%9B%B7%E9%96%802-8-4,35.7097639,139.7945365,2024,うなぎ,unagi,発表日：2024年7月9日
古久家,群馬県前橋市本町2-11-6,食べログ うなぎ 百名店 2024,https://tabelog.com/gunma/A1001/A100101/10006048/,https://tabelog.com/gunma/A1001/A100101/10006048/?cid=google_yoyaku,https://www.google.com/maps/search/?api=1&query=%E5%8F%A4%E4%B9%85%E5%AE%B6%20%E7%BE%A4%E9%A6%AC%E7%9C%8C%E5%89%8D%E6%A9%8B%E5%B8%82%E6%9C%AC%E7%94%BA2-11-6,36.3886796,139.0714809,2024,うなぎ,unagi,発表日：2024年7月9日
ぬりや 泉町大通り,茨城県水戸市泉町3-1-31,食べログ うなぎ 百名店 2024,https://tabelog.com/ibaraki/A0801/A080101/8001191/,,https://www.google.com/maps/search/?api=1&query=%E3%81%AC%E3%82%8A%E3%82%84%20%E6%B3%89%E7%94%BA%E5%A4%A7%E9%80%9A%E3%82%8A%20%E8%8C%A8%E5%9F%8E%E7%9C%8C%E6%B0%B4%E6%88%B8%E5%B8%82%E6%B3%89%E7%94%BA3-1-31,36.3791654,140.4619102,2024,うなぎ,unagi,発表日：2024年7月9日
銀座 四代目 高橋屋 銀座店,東京都中央区銀座4-12-1 ＶＯＲＴ銀座イーストⅡビル 4F,食べログ うなぎ 百名店 2024,https://tabelog.com/tokyo/A1301/A130101/13262334/,https://tabelog.com/tokyo/A1301/A130101/13262334/?cid=google_yoyaku,https://www.google.com/maps/search/?api=1&query=%E9%8A%80%E5%BA%A7%20%E5%9B%9B%E4%BB%A3%E7%9B%AE%20%E9%AB%98%E6%A9%8B%E5%B1%8B%20%E9%8A%80%E5%BA%A7%E5%BA%97%20%E6%9D%B1%E4%BA%AC%E9%83%BD%E4%B8%AD%E5%A4%AE%E5%8C%BA%E9%8A%80%E5%BA%A74-12-1%20%EF%BC%B6%EF%BC%AF%EF%BC%B2%EF%BC%B4%E9%8A%80%E5%BA%A7%E3%82%A4%E3%83%BC%E3%82%B9%E3%83%88%E2%85%A1%E3%83%93%E3%83%AB%204F,35.6701836,139.7679352,2024,うなぎ,unagi,発表日：2024年7月9日
國よし,神奈川県中郡大磯町大磯1085,食べログ うなぎ 百名店 2024,https://tabelog.com/kanagawa/A1404/A140408/14000793/,,https://www.google.com/maps/search/?api=1&query=%E5%9C%8B%E3%82%88%E3%81%97%20%E7%A5%9E%E5%A5%88%E5%B7%9D%E7%9C%8C%E4%B8%AD%E9%83%A1%E5%A4%A7%E7%A3%AF%E7%94%BA%E5%A4%A7%E7%A3%AF1085,35.3081967,139.3150241,2024,うなぎ,unagi,発表日：2024年7月9日
わたべ,東京都文京区小石川1-9-14 アトラスタワー小石川 1Ｆ,食べログ うなぎ 百名店 2024,https://tabelog.com/tokyo/A1310/A131003/13042184/,,https://www.google.com/maps/search/?api=1&query=%E3%82%8F%E3%81%9F%E3%81%B9%20%E6%9D%B1%E4%BA%AC%E9%83%BD%E6%96%87%E4%BA%AC%E5%8C%BA%E5%B0%8F%E7%9F%B3%E5%B7%9D1-9-14%20%E3%82%A2%E3%83%88%E3%83%A9%E3%82%B9%E3%82%BF%E3%83%AF%E3%83%BC%E5%B0%8F%E7%9F%B3%E5%B7%9D%201%EF%BC%A6,35.7113280,139.7520833,2024,うなぎ,unagi,発表日：2024年7月9日
魚登久,栃木県日光市今市467,食べログ うなぎ 百名店 2024,https://tabelog.com/tochigi/A0903/A090302/9000136/,,https://www.google.com/maps/search/?api=1&query=%E9%AD%9A%E7%99%BB%E4%B9%85%20%E6%A0%83%E6%9C%A8%E7%9C%8C%E6%97%A5%E5%85%89%E5%B8%82%E4%BB%8A%E5%B8%82467,36.7239581,139.6855664,2024,うなぎ,unagi,発表日：2024年7月9日
川魚 根本,埼玉県三郷市戸ケ崎2951-1,食べログ うなぎ 百名店 2024,https://tabelog.com/saitama/A1102/A110205/11000077/,,https://www.google.com/maps/search/?api=1&query=%E5%B7%9D%E9%AD%9A%20%E6%A0%B9%E6%9C%AC%20%E5%9F%BC%E7%8E%89%E7%9C%8C%E4%B8%89%E9%83%B7%E5%B8%82%E6%88%B8%E3%82%B1%E5%B4%8E2951-1,35.7960220,139.8608198,2024,うなぎ,unagi,発表日：2024年7月9日
小川菊,埼玉県川越市仲町3-22,食べログ うなぎ 百名店 2024,https://tabelog.com/saitama/A1103/A110303/11000040/,,https://www.google.com/maps/search/?api=1&query=%E5%B0%8F%E5%B7%9D%E8%8F%8A%20%E5%9F%BC%E7%8E%89%E7%9C%8C%E5%B7%9D%E8%B6%8A%E5%B8%82%E4%BB%B2%E7%94%BA3-22,35.9206813,139.4832822,2024,うなぎ,unagi,発表日：2024年7月9日
うなぎ お㚙川 我孫子店,千葉県我孫子市本町1-1-11 青木ビル 1F,食べログ うなぎ 百名店 2024,https://tabelog.com/chiba/A1203/A120304/12029065/,,https://www.google.com/maps/search/?api=1&query=%E3%81%86%E3%81%AA%E3%81%8E%20%E3%81%8A%E3%9A%99%E5%B7%9D%20%E6%88%91%E5%AD%AB%E5%AD%90%E5%BA%97%20%E5%8D%83%E8%91%89%E7%9C%8C%E6%88%91%E5%AD%AB%E5%AD%90%E5%B8%82%E6%9C%AC%E7%94%BA1-1-11%20%E9%9D%92%E6%9C%A8%E3%83%93%E3%83%AB%201F,35.8719548,140.0099606,2024,うなぎ,unagi,発表日：2024年7月9日
うなぎ 丸富,東京都品川区南品川3-6-2,食べログ うなぎ 百名店 2024,https://tabelog.com/tokyo/A1315/A131501/13026638/,,https://www.google.com/maps/search/?api=1&query=%E3%81%86%E3%81%AA%E3%81%8E%20%E4%B8%B8%E5%AF%8C%20%E6%9D%B1%E4%BA%AC%E9%83%BD%E5%93%81%E5%B7%9D%E5%8C%BA%E5%8D%97%E5%93%81%E5%B7%9D3-6-2,35.6106965,139.7445446,2024,うなぎ,unagi,発表日：2024年7月9日
鳥常本店,栃木県足利市通1-2686,食べログ うなぎ 百名店 2024,https://tabelog.com/tochigi/A0902/A090202/9006284/,,https://www.google.com/maps/search/?api=1&query=%E9%B3%A5%E5%B8%B8%E6%9C%AC%E5%BA%97%20%E6%A0%83%E6%9C%A8%E7%9C%8C%E8%B6%B3%E5%88%A9%E5%B8%82%E9%80%9A1-2686,36.3333105,139.4530607,2024,うなぎ,unagi,発表日：2024年7月9日
鰻専門店 愛川,東京都新宿区高田馬場1-17-22,食べログ うなぎ 百名店 2024,https://tabelog.com/tokyo/A1305/A130503/13029734/,,https://www.google.com/maps/search/?api=1&query=%E9%B0%BB%E5%B0%82%E9%96%80%E5%BA%97%20%E6%84%9B%E5%B7%9D%20%E6%9D%B1%E4%BA%AC%E9%83%BD%E6%96%B0%E5%AE%BF%E5%8C%BA%E9%AB%98%E7%94%B0%E9%A6%AC%E5%A0%B41-17-22,35.7113517,139.7075687,2024,うなぎ,unagi,発表日：2024年7月9日
川越 いちのや,埼玉県川越市松江町1-18-10,食べログ うなぎ 百名店 2024,https://tabelog.com/saitama/A1103/A110303/11000139/,,https://www.google.com/maps/search/?api=1&query=%E5%B7%9D%E8%B6%8A%20%E3%81%84%E3%81%A1%E3%81%AE%E3%82%84%20%E5%9F%BC%E7%8E%89%E7%9C%8C%E5%B7%9D%E8%B6%8A%E5%B8%82%E6%9D%BE%E6%B1%9F%E7%94%BA1-18-10,35.9192974,139.4854858,2024,うなぎ,unagi,発表日：2024年7月9日
うなぎ秋本,東京都千代田区麹町3-4-4,食べログ うなぎ 百名店 2024,https://tabelog.com/tokyo/A1308/A130803/13000415/,,https://www.google.com/maps/search/?api=1&query=%E3%81%86%E3%81%AA%E3%81%8E%E7%A7%8B%E6%9C%AC%20%E6%9D%B1%E4%BA%AC%E9%83%BD%E5%8D%83%E4%BB%A3%E7%94%B0%E5%8C%BA%E9%BA%B9%E7%94%BA3-4-4,35.6847245,139.7374739,2024,うなぎ,unagi,発表日：2024年7月9日
五代目 野田岩 麻布飯倉本店,東京都港区東麻布1-5-4,食べログ うなぎ 百名店 2024,https://tabelog.com/tokyo/A1314/A131401/13002789/,,https://www.google.com/maps/search/?api=1&query=%E4%BA%94%E4%BB%A3%E7%9B%AE%20%E9%87%8E%E7%94%B0%E5%B2%A9%20%E9%BA%BB%E5%B8%83%E9%A3%AF%E5%80%89%E6%9C%AC%E5%BA%97%20%E6%9D%B1%E4%BA%AC%E9%83%BD%E6%B8%AF%E5%8C%BA%E6%9D%B1%E9%BA%BB%E5%B8%831-5-4,35.6581323,139.7433803,2024,うなぎ,unagi,発表日：2024年7月9日
鰻家,東京都豊島区南長崎5-18-17,食べログ うなぎ 百名店 2024,https://tabelog.com/tokyo/A1321/A132101/13012445/,,https://www.google.com/maps/search/?api=1&query=%E9%B0%BB%E5%AE%B6%20%E6%9D%B1%E4%BA%AC%E9%83%BD%E8%B1%8A%E5%B3%B6%E5%8C%BA%E5%8D%97%E9%95%B7%E5%B4%8E5-18-17,35.7280648,139.6822725,2024,うなぎ,unagi,発表日：2024年7月9日
うなぎ 魚政,東京都葛飾区東四ツ木4-14-4,食べログ うなぎ 百名店 2024,https://tabelog.com/tokyo/A1324/A132403/13035339/,https://tabelog.com/tokyo/A1324/A132403/13035339/?cid=google_yoyaku,https://www.google.com/maps/search/?api=1&query=%E3%81%86%E3%81%AA%E3%81%8E%20%E9%AD%9A%E6%94%BF%20%E6%9D%B1%E4%BA%AC%E9%83%BD%E8%91%9B%E9%A3%BE%E5%8C%BA%E6%9D%B1%E5%9B%9B%E3%83%84%E6%9C%A84-14-4,35.7320863,139.8355548,2024,うなぎ,unagi,発表日：2024年7月9日
うなぎ屋酒坊・画荘 越後屋,埼玉県所沢市小手指町4-21-22,食べログ うなぎ 百名店 2024,https://tabelog.com/saitama/A1106/A110601/11002889/,,https://www.google.com/maps/search/?api=1&query=%E3%81%86%E3%81%AA%E3%81%8E%E5%B1%8B%E9%85%92%E5%9D%8A%E3%83%BB%E7%94%BB%E8%8D%98%20%E8%B6%8A%E5%BE%8C%E5%B1%8B%20%E5%9F%BC%E7%8E%89%E7%9C%8C%E6%89%80%E6%B2%A2%E5%B8%82%E5%B0%8F%E6%89%8B%E6%8C%87%E7%94%BA4-21-22,35.7976739,139.4364412,2024,うなぎ,unagi,発表日：2024年7月9日
小島屋,埼玉県さいたま市南区太田窪2166,食べログ うなぎ 百名店 2024,https://tabelog.com/saitama/A1101/A110102/11019772/,,https://www.google.com/maps/search/?api=1&query=%E5%B0%8F%E5%B3%B6%E5%B1%8B%20%E5%9F%BC%E7%8E%89%E7%9C%8C%E3%81%95%E3%81%84%E3%81%9F%E3%81%BE%E5%B8%82%E5%8D%97%E5%8C%BA%E5%A4%AA%E7%94%B0%E7%AA%AA2166,35.8508409,139.6808417,2024,うなぎ,unagi,発表日：2024年7月9日
龍苑,神奈川県川崎市川崎区渡田4-6-9,食べログ 焼肉 EAST 百名店 2024,https://tabelog.com/kanagawa/A1405/A140502/14001654/,,https://www.google.com/maps/search/?api=1&query=%E9%BE%8D%E8%8B%91%20%E7%A5%9E%E5%A5%88%E5%B7%9D%E7%9C%8C%E5%B7%9D%E5%B4%8E%E5%B8%82%E5%B7%9D%E5%B4%8E%E5%8C%BA%E6%B8%A1%E7%94%B04-6-9,35.5186220,139.7028494,2024,焼肉 EAST,yakiniku_east,発表日：2024年10月22日
焼肉うしごろ 横浜店,神奈川県横浜市神奈川区鶴屋町2-15 CRANE YOKOHAMA ビル 5F-E,食べログ 焼肉 EAST 百名店 2024,https://tabelog.com/kanagawa/A1401/A140101/14080409/,https://tabelog.com/kanagawa/A1401/A140101/14080409/?cid=google_yoyaku,https://www.google.com/maps/search/?api=1&query=%E7%84%BC%E8%82%89%E3%81%86%E3%81%97%E3%81%94%E3%82%8D%20%E6%A8%AA%E6%B5%9C%E5%BA%97%20%E7%A5%9E%E5%A5%88%E5%B7%9D%E7%9C%8C%E6%A8%AA%E6%B5%9C%E5%B8%82%E7%A5%9E%E5%A5%88%E5%B7%9D%E5%8C%BA%E9%B6%B4%E5%B1%8B%E7%94%BA2-15%20CRANE%20YOKOHAMA%20%E3%83%93%E3%83%AB%205F-E,35.4679305,139.6230516,2024,焼肉 EAST,yakiniku_east,発表日：2024年10月22日
タン・シャリ・焼肉 たんたたん 武蔵浦和,埼玉県さいたま市南区別所7-1-16,食べログ 焼肉 EAST 百名店 2024,https://tabelog.com/saitama/A1101/A110102/11041096/,https://tabelog.com/saitama/A1101/A110102/11041096/?cid=google_yoyaku,https://www.google.com/maps/search/?api=1&query=%E3%82%BF%E3%83%B3%E3%83%BB%E3%82%B7%E3%83%A3%E3%83%AA%E3%83%BB%E7%84%BC%E8%82%89%20%E3%81%9F%E3%82%93%E3%81%9F%E3%81%9F%E3%82%93%20%E6%AD%A6%E8%94%B5%E6%B5%A6%E5%92%8C%20%E5%9F%BC%E7%8E%89%E7%9C%8C%E3%81%95%E3%81%84%E3%81%9F%E3%81%BE%E5%B8%82%E5%8D%97%E5%8C%BA%E5%88%A5%E6%89%807-1-16,35.8459396,139.6487735,2024,焼肉 EAST,yakiniku_east,発表日：2024年10月22日
炭火焼肉 肉の匠 ひうち,埼玉県さいたま市大宮区桜木町2-177-10 クレセント小山ビル 1F,食べログ 焼肉 EAST 百名店 2024,https://tabelog.com/saitama/A1101/A110101/11055462/,https://tabelog.com/saitama/A1101/A110101/11055462/?cid=google_yoyaku,https://www.google.com/maps/search/?api=1&query=%E7%82%AD%E7%81%AB%E7%84%BC%E8%82%89%20%E8%82%89%E3%81%AE%E5%8C%A0%20%E3%81%B2%E3%81%86%E3%81%A1%20%E5%9F%BC%E7%8E%89%E7%9C%8C%E3%81%95%E3%81%84%E3%81%9F%E3%81%BE%E5%B8%82%E5%A4%A7%E5%AE%AE%E5%8C%BA%E6%A1%9C%E6%9C%A8%E7%94%BA2-177-10%20%E3%82%AF%E3%83%AC%E3%82%BB%E3%83%B3%E3%83%88%E5%B0%8F%E5%B1%B1%E3%83%93%E3%83%AB%201F,35.9070644,139.6200966,2024,焼肉 EAST,yakiniku_east,発表日：2024年10月22日
焼肉 喰心,埼玉県さいたま市大宮区宮町2-17 パインズビル1F,食べログ 焼肉 EAST 百名店 2024,https://tabelog.com/saitama/A1101/A110101/11048196/,https://tabelog.com/saitama/A1101/A110101/11048196/?cid=google_yoyaku,https://www.google.com/maps/search/?api=1&query=%E7%84%BC%E8%82%89%20%E5%96%B0%E5%BF%83%20%E5%9F%BC%E7%8E%89%E7%9C%8C%E3%81%95%E3%81%84%E3%81%9F%E3%81%BE%E5%B8%82%E5%A4%A7%E5%AE%AE%E5%8C%BA%E5%AE%AE%E7%94%BA2-17%20%E3%83%91%E3%82%A4%E3%83%B3%E3%82%BA%E3%83%93%E3%83%AB1F,35.9086344,139.6275461,2024,焼肉 EAST,yakiniku_east,発表日：2024年10月22日
炭火焼肉ホルモンさわいし,神奈川県川崎市中原区新城1-10-14,食べログ 焼肉 EAST 百名店 2024,https://tabelog.com/kanagawa/A1405/A140504/14091558/,,https://www.google.com/maps/search/?api=1&query=%E7%82%AD%E7%81%AB%E7%84%BC%E8%82%89%E3%83%9B%E3%83%AB%E3%83%A2%E3%83%B3%E3%81%95%E3%82%8F%E3%81%84%E3%81%97%20%E7%A5%9E%E5%A5%88%E5%B7%9D%E7%9C%8C%E5%B7%9D%E5%B4%8E%E5%B8%82%E4%B8%AD%E5%8E%9F%E5%8C%BA%E6%96%B0%E5%9F%8E1-10-14,35.5847671,139.6316100,2024,焼肉 EAST,yakiniku_east,発表日：2024年10月22日
大石,神奈川県横浜市保土ケ谷区天王町2-46-11,食べログ 焼肉 EAST 百名店 2024,https://tabelog.com/kanagawa/A1401/A140301/14056734/,,https://www.google.com/maps/search/?api=1&query=%E5%A4%A7%E7%9F%B3%20%E7%A5%9E%E5%A5%88%E5%B7%9D%E7%9C%8C%E6%A8%AA%E6%B5%9C%E5%B8%82%E4%BF%9D%E5%9C%9F%E3%82%B1%E8%B0%B7%E5%8C%BA%E5%A4%A9%E7%8E%8B%E7%94%BA2-46-11,35.4544105,139.6031595,2024,焼肉 EAST,yakiniku_east,発表日：2024年10月22日
焼肉 ホルモン Beef Boss,神奈川県川崎市川崎区池田1-15-9,食べログ 焼肉 EAST 百名店 2024,https://tabelog.com/kanagawa/A1405/A140502/14084521/,,https://www.google.com/maps/search/?api=1&query=%E7%84%BC%E8%82%89%20%E3%83%9B%E3%83%AB%E3%83%A2%E3%83%B3%20Beef%20Boss%20%E7%A5%9E%E5%A5%88%E5%B7%9D%E7%9C%8C%E5%B7%9D%E5%B4%8E%E5%B8%82%E5%B7%9D%E5%B4%8E%E5%8C%BA%E6%B1%A0%E7%94%B01-15-9,35.5229450,139.6922882,2024,焼肉 EAST,yakiniku_east,発表日：2024年10月22日
肉の匠 将泰庵  船橋本店,千葉県船橋市本町3-5-31 石田ビル 1F,食べログ 焼肉 EAST 百名店 2024,https://tabelog.com/chiba/A1202/A120201/12026157/,https://tabelog.com/chiba/A1202/A120201/12026157/?cid=google_yoyaku,https://www.google.com/maps/search/?api=1&query=%E8%82%89%E3%81%AE%E5%8C%A0%20%E5%B0%86%E6%B3%B0%E5%BA%B5%20%20%E8%88%B9%E6%A9%8B%E6%9C%AC%E5%BA%97%20%E5%8D%83%E8%91%89%E7%9C%8C%E8%88%B9%E6%A9%8B%E5%B8%82%E6%9C%AC%E7%94%BA3-5-31%20%E7%9F%B3%E7%94%B0%E3%83%93%E3%83%AB%201F,35.6973339,139.9878822,2024,焼肉 EAST,yakiniku_east,発表日：2024年10月22日
杏樹亭 岸根店,神奈川県横浜市港北区岸根町540-4 サニーヒル蔵方1-D,食べログ 焼肉 EAST 百名店 2024,https://tabelog.com/kanagawa/A1401/A140206/14011715/,,https://www.google.com/maps/search/?api=1&query=%E6%9D%8F%E6%A8%B9%E4%BA%AD%20%E5%B2%B8%E6%A0%B9%E5%BA%97%20%E7%A5%9E%E5%A5%88%E5%B7%9D%E7%9C%8C%E6%A8%AA%E6%B5%9C%E5%B8%82%E6%B8%AF%E5%8C%97%E5%8C%BA%E5%B2%B8%E6%A0%B9%E7%94%BA540-4%20%E3%82%B5%E3%83%8B%E3%83%BC%E3%83%92%E3%83%AB%E8%94%B5%E6%96%B91-D,35.4973128,139.6147017,2024,焼肉 EAST,yakiniku_east,発表日：2024年10月22日
炭火焼肉市場 済州家 本店,群馬県高崎市栄町12-8,食べログ 焼肉 EAST 百名店 2024,https://tabelog.com/gunma/A1001/A100102/10001876/,,https://www.google.com/maps/search/?api=1&query=%E7%82%AD%E7%81%AB%E7%84%BC%E8%82%89%E5%B8%82%E5%A0%B4%20%E6%B8%88%E5%B7%9E%E5%AE%B6%20%E6%9C%AC%E5%BA%97%20%E7%BE%A4%E9%A6%AC%E7%9C%8C%E9%AB%98%E5%B4%8E%E5%B8%82%E6%A0%84%E7%94%BA12-8,36.3209995,139.0165482,2024,焼肉 EAST,yakiniku_east,発表日：2024年10月22日
好楽園,神奈川県川崎市幸区塚越4-363,食べログ 焼肉 EAST 百名店 2024,https://tabelog.com/kanagawa/A1401/A140210/14006852/,,https://www.google.com/maps/search/?api=1&query=%E5%A5%BD%E6%A5%BD%E5%9C%92%20%E7%A5%9E%E5%A5%88%E5%B7%9D%E7%9C%8C%E5%B7%9D%E5%B4%8E%E5%B8%82%E5%B9%B8%E5%8C%BA%E5%A1%9A%E8%B6%8A4-363,35.5411737,139.6817004,2024,焼肉 EAST,yakiniku_east,発表日：2024年10月22日
焼肉ジンギスカン つるや,神奈川県川崎市川崎区日進町19-7,食べログ 焼肉 EAST 百名店 2024,https://tabelog.com/kanagawa/A1405/A140502/14018525/,,https://www.google.com/maps/search/?api=1&query=%E7%84%BC%E8%82%89%E3%82%B8%E3%83%B3%E3%82%AE%E3%82%B9%E3%82%AB%E3%83%B3%20%E3%81%A4%E3%82%8B%E3%82%84%20%E7%A5%9E%E5%A5%88%E5%B7%9D%E7%9C%8C%E5%B7%9D%E5%B4%8E%E5%B8%82%E5%B7%9D%E5%B4%8E%E5%8C%BA%E6%97%A5%E9%80%B2%E7%94%BA19-7,35.5249916,139.6946461,2024,焼肉 EAST,yakiniku_east,発表日：2024年10月22日
ぼたん,千葉県松戸市金ヶ作27 泉第６ビル１F,食べログ 焼肉 EAST 百名店 2024,https://tabelog.com/chiba/A1203/A120302/12023107/,,https://www.google.com/maps/search/?api=1&query=%E3%81%BC%E3%81%9F%E3%82%93%20%E5%8D%83%E8%91%89%E7%9C%8C%E6%9D%BE%E6%88%B8%E5%B8%82%E9%87%91%E3%83%B6%E4%BD%9C27%20%E6%B3%89%E7%AC%AC%EF%BC%96%E3%83%93%E3%83%AB%EF%BC%91F,35.7925769,139.9388365,2024,焼肉 EAST,yakiniku_east,発表日：2024年10月22日
高砂ホルモン,埼玉県秩父市東町30-3,食べログ 焼肉 EAST 百名店 2024,https://tabelog.com/saitama/A1107/A110701/11003214/,,https://www.google.com/maps/search/?api=1&query=%E9%AB%98%E7%A0%82%E3%83%9B%E3%83%AB%E3%83%A2%E3%83%B3%20%E5%9F%BC%E7%8E%89%E7%9C%8C%E7%A7%A9%E7%88%B6%E5%B8%82%E6%9D%B1%E7%94%BA30-3,35.9918905,139.0821357,2024,焼肉 EAST,yakiniku_east,発表日：2024年10月22日
焼肉グレート 宇都宮駅前店,栃木県宇都宮市駅前通り1-4-6 宇都宮西口東横イン向かい,食べログ 焼肉 EAST 百名店 2024,https://tabelog.com/tochigi/A0901/A090101/9011956/,,https://www.google.com/maps/search/?api=1&query=%E7%84%BC%E8%82%89%E3%82%B0%E3%83%AC%E3%83%BC%E3%83%88%20%E5%AE%87%E9%83%BD%E5%AE%AE%E9%A7%85%E5%89%8D%E5%BA%97%20%E6%A0%83%E6%9C%A8%E7%9C%8C%E5%AE%87%E9%83%BD%E5%AE%AE%E5%B8%82%E9%A7%85%E5%89%8D%E9%80%9A%E3%82%8A1-4-6%20%E5%AE%87%E9%83%BD%E5%AE%AE%E8%A5%BF%E5%8F%A3%E6%9D%B1%E6%A8%AA%E3%82%A4%E3%83%B3%E5%90%91%E3%81%8B%E3%81%84,36.5612651,139.8974030,2024,焼肉 EAST,yakiniku_east,発表日：2024年10月22日
やきにく穏和  つくば学園店,茨城県つくば市手代木716-1,食べログ 焼肉 EAST 百名店 2024,https://tabelog.com/ibaraki/A0802/A080201/8019828/,https://tabelog.com/ibaraki/A0802/A080201/8019828/?cid=google_yoyaku,https://www.google.com/maps/search/?api=1&query=%E3%82%84%E3%81%8D%E3%81%AB%E3%81%8F%E7%A9%8F%E5%92%8C%20%20%E3%81%A4%E3%81%8F%E3%81%B0%E5%AD%A6%E5%9C%92%E5%BA%97%20%E8%8C%A8%E5%9F%8E%E7%9C%8C%E3%81%A4%E3%81%8F%E3%81%B0%E5%B8%82%E6%89%8B%E4%BB%A3%E6%9C%A8716-1,36.0583782,140.1006460,2024,焼肉 EAST,yakiniku_east,発表日：2024年10月22日
焼肉 炭こう,群馬県高崎市下和田町4-5-13,食べログ 焼肉 EAST 百名店 2024,https://tabelog.com/gunma/A1001/A100102/10012132/,,https://www.google.com/maps/search/?api=1&query=%E7%84%BC%E8%82%89%20%E7%82%AD%E3%81%93%E3%81%86%20%E7%BE%A4%E9%A6%AC%E7%9C%8C%E9%AB%98%E5%B4%8E%E5%B8%82%E4%B8%8B%E5%92%8C%E7%94%B0%E7%94%BA4-5-13,36.3147150,139.0132631,2024,焼肉 EAST,yakiniku_east,発表日：2024年10月22日
三味園,千葉県松戸市根本89,食べログ 焼肉 EAST 百名店 2024,https://tabelog.com/chiba/A1203/A120302/12005547/,,https://www.google.com/maps/search/?api=1&query=%E4%B8%89%E5%91%B3%E5%9C%92%20%E5%8D%83%E8%91%89%E7%9C%8C%E6%9D%BE%E6%88%B8%E5%B8%82%E6%A0%B9%E6%9C%AC89,35.7883235,139.8987436,2024,焼肉 EAST,yakiniku_east,発表日：2024年10月22日
炭火焼肉ホルモン うらら,神奈川県横浜市青葉区美しが丘2-17-40,食べログ 焼肉 EAST 百名店 2024,https://tabelog.com/kanagawa/A1401/A140201/14084640/,,https://www.google.com/maps/search/?api=1&query=%E7%82%AD%E7%81%AB%E7%84%BC%E8%82%89%E3%83%9B%E3%83%AB%E3%83%A2%E3%83%B3%20%E3%81%86%E3%82%89%E3%82%89%20%E7%A5%9E%E5%A5%88%E5%B7%9D%E7%9C%8C%E6%A8%AA%E6%B5%9C%E5%B8%82%E9%9D%92%E8%91%89%E5%8C%BA%E7%BE%8E%E3%81%97%E3%81%8C%E4%B8%982-17-40,35.5794171,139.5596701,2024,焼肉 EAST,yakiniku_east,発表日：2024年10月22日
清香園,千葉県千葉市中央区院内1-11-2,食べログ 焼肉 EAST 百名店 2024,https://tabelog.com/chiba/A1201/A120101/12009936/,,https://www.google.com/maps/search/?api=1&query=%E6%B8%85%E9%A6%99%E5%9C%92%20%E5%8D%83%E8%91%89%E7%9C%8C%E5%8D%83%E8%91%89%E5%B8%82%E4%B8%AD%E5%A4%AE%E5%8C%BA%E9%99%A2%E5%86%851-11-2,35.6127886,140.1224149,2024,焼肉 EAST,yakiniku_east,発表日：2024年10月22日
今久 本店,千葉県旭市川口3435-7,食べログ 焼肉 EAST 百名店 2024,https://tabelog.com/chiba/A1205/A120502/12006170/,,https://www.google.com/maps/search/?api=1&query=%E4%BB%8A%E4%B9%85%20%E6%9C%AC%E5%BA%97%20%E5%8D%83%E8%91%89%E7%9C%8C%E6%97%AD%E5%B8%82%E5%B7%9D%E5%8F%A33435-7,35.7163279,140.5853602,2024,焼肉 EAST,yakiniku_east,発表日：2024年10月22日
肉八や,茨城県つくば市館野5-1,食べログ 焼肉 EAST 百名店 2024,https://tabelog.com/ibaraki/A0802/A080201/8015609/,https://tabelog.com/ibaraki/A0802/A080201/8015609/?cid=google_yoyaku,https://www.google.com/maps/search/?api=1&query=%E8%82%89%E5%85%AB%E3%82%84%20%E8%8C%A8%E5%9F%8E%E7%9C%8C%E3%81%A4%E3%81%8F%E3%81%B0%E5%B8%82%E9%A4%A8%E9%87%8E5-1,36.0487962,140.1219778,2024,焼肉 EAST,yakiniku_east,発表日：2024年10月22日
酔笑苑,神奈川県厚木市中町3-2-21,食べログ 焼肉 EAST 百名店 2024,https://tabelog.com/kanagawa/A1408/A140802/14001796/,,https://www.google.com/maps/search/?api=1&query=%E9%85%94%E7%AC%91%E8%8B%91%20%E7%A5%9E%E5%A5%88%E5%B7%9D%E7%9C%8C%E5%8E%9A%E6%9C%A8%E5%B8%82%E4%B8%AD%E7%94%BA3-2-21,35.4396658,139.3617691,2024,焼肉 EAST,yakiniku_east,発表日：2024年10月22日
肉山 おおみや,埼玉県さいたま市大宮区桜木町2-2-5 松村ビル 4F,食べログ 焼肉 EAST 百名店 2024,https://tabelog.com/saitama/A1101/A110101/11043526/,https://tabelog.com/saitama/A1101/A110101/11043526/?cid=google_yoyaku,https://www.google.com/maps/search/?api=1&query=%E8%82%89%E5%B1%B1%20%E3%81%8A%E3%81%8A%E3%81%BF%E3%82%84%20%E5%9F%BC%E7%8E%89%E7%9C%8C%E3%81%95%E3%81%84%E3%81%9F%E3%81%BE%E5%B8%82%E5%A4%A7%E5%AE%AE%E5%8C%BA%E6%A1%9C%E6%9C%A8%E7%94%BA2-2-5%20%E6%9D%BE%E6%9D%91%E3%83%93%E3%83%AB%204F,35.9059831,139.6216898,2024,焼肉 EAST,yakiniku_east,発表日：2024年10月22日
USHIGORO S. GINZA,東京都中央区銀座7-7-7 GINZA777 ADC BUILDING 6F,食べログ 焼肉 TOKYO 百名店 2024,https://tabelog.com/tokyo/A1301/A130101/13222093/,https://tabelog.com/tokyo/A1301/A130101/13222093/?cid=google_yoyaku,https://www.google.com/maps/search/?api=1&query=USHIGORO%20S.%20GINZA%20%E6%9D%B1%E4%BA%AC%E9%83%BD%E4%B8%AD%E5%A4%AE%E5%8C%BA%E9%8A%80%E5%BA%A77-7-7%20GINZA777%20ADC%20BUILDING%206F,35.6693197,139.7620312,2024,焼肉 TOKYO,yakiniku_tokyo,発表日：2024年10月22日
ホルモン青木 亀戸店,東京都江東区亀戸5-13-1,食べログ 焼肉 TOKYO 百名店 2024,https://tabelog.com/tokyo/A1312/A131202/13059962/,https://tabelog.com/tokyo/A1312/A131202/13059962/?cid=google_yoyaku,https://www.google.com/maps/search/?api=1&query=%E3%83%9B%E3%83%AB%E3%83%A2%E3%83%B3%E9%9D%92%E6%9C%A8%20%E4%BA%80%E6%88%B8%E5%BA%97%20%E6%9D%B1%E4%BA%AC%E9%83%BD%E6%B1%9F%E6%9D%B1%E5%8C%BA%E4%BA%80%E6%88%B85-13-1,35.6988728,139.8261713,2024,焼肉 TOKYO,yakiniku_tokyo,発表日：2024年10月22日
初代吉田,東京都江東区亀戸5-13-6 東栄ビル 1F・2F,食べログ 焼肉 TOKYO 百名店 2024,https://tabelog.com/tokyo/A1312/A131202/13059640/,https://tabelog.com/tokyo/A1312/A131202/13059640/?cid=google_yoyaku,https://www.google.com/maps/search/?api=1&query=%E5%88%9D%E4%BB%A3%E5%90%89%E7%94%B0%20%E6%9D%B1%E4%BA%AC%E9%83%BD%E6%B1%9F%E6%9D%B1%E5%8C%BA%E4%BA%80%E6%88%B85-13-6%20%E6%9D%B1%E6%A0%84%E3%83%93%E3%83%AB%201F%E3%83%BB2F,35.6994961,139.8261780,2024,焼肉 TOKYO,yakiniku_tokyo,発表日：2024年10月22日
焼肉 ジャンボ 本郷店,東京都文京区本郷3-38-1 本郷信徳ビル 1F,食べログ 焼肉 TOKYO 百名店 2024,https://tabelog.com/tokyo/A1310/A131004/13110601/,,https://www.google.com/maps/search/?api=1&query=%E7%84%BC%E8%82%89%20%E3%82%B8%E3%83%A3%E3%83%B3%E3%83%9C%20%E6%9C%AC%E9%83%B7%E5%BA%97%20%E6%9D%B1%E4%BA%AC%E9%83%BD%E6%96%87%E4%BA%AC%E5%8C%BA%E6%9C%AC%E9%83%B73-38-1%20%E6%9C%AC%E9%83%B7%E4%BF%A1%E5%BE%B3%E3%83%93%E3%83%AB%201F,35.7066948,139.7626237,2024,焼肉 TOKYO,yakiniku_tokyo,発表日：2024年10月22日
SATOブリアン 本店,東京都杉並区阿佐谷南3-44-2 新井ビル　1F,食べログ 焼肉 TOKYO 百名店 2024,https://tabelog.com/tokyo/A1319/A131905/13127046/,https://tabelog.com/tokyo/A1319/A131905/13127046/?cid=google_yoyaku,https://www.google.com/maps/search/?api=1&query=SATO%E3%83%96%E3%83%AA%E3%82%A2%E3%83%B3%20%E6%9C%AC%E5%BA%97%20%E6%9D%B1%E4%BA%AC%E9%83%BD%E6%9D%89%E4%B8%A6%E5%8C%BA%E9%98%BF%E4%BD%90%E8%B0%B7%E5%8D%973-44-2%20%E6%96%B0%E4%BA%95%E3%83%93%E3%83%AB%E3%80%801F,35.7046371,139.6342455,2024,焼肉 TOKYO,yakiniku_tokyo,発表日：2024年10月22日
焼肉 ジャンボ はなれ,東京都文京区本郷3-27-9 アンリツビル B1F～1F,食べログ 焼肉 TOKYO 百名店 2024,https://tabelog.com/tokyo/A1310/A131004/13160962/,,https://www.google.com/maps/search/?api=1&query=%E7%84%BC%E8%82%89%20%E3%82%B8%E3%83%A3%E3%83%B3%E3%83%9C%20%E3%81%AF%E3%81%AA%E3%82%8C%20%E6%9D%B1%E4%BA%AC%E9%83%BD%E6%96%87%E4%BA%AC%E5%8C%BA%E6%9C%AC%E9%83%B73-27-9%20%E3%82%A2%E3%83%B3%E3%83%AA%E3%83%84%E3%83%93%E3%83%AB%20B1F%EF%BD%9E1F,35.7066212,139.7624366,2024,焼肉 TOKYO,yakiniku_tokyo,発表日：2024年10月22日
焼肉ホルモン金樹,東京都港区赤坂2-13-17 赤坂グリーンランドビル 1F,食べログ 焼肉 TOKYO 百名店 2024,https://tabelog.com/tokyo/A1308/A130801/13273456/,https://tabelog.com/tokyo/A1308/A130801/13273456/?cid=google_yoyaku,https://www.google.com/maps/search/?api=1&query=%E7%84%BC%E8%82%89%E3%83%9B%E3%83%AB%E3%83%A2%E3%83%B3%E9%87%91%E6%A8%B9%20%E6%9D%B1%E4%BA%AC%E9%83%BD%E6%B8%AF%E5%8C%BA%E8%B5%A4%E5%9D%822-13-17%20%E8%B5%A4%E5%9D%82%E3%82%B0%E3%83%AA%E3%83%BC%E3%83%B3%E3%83%A9%E3%83%B3%E3%83%89%E3%83%93%E3%83%AB%201F,35.6723944,139.7384356,2024,焼肉 TOKYO,yakiniku_tokyo,発表日：2024年10月22日
焼肉冷麺だいじゅ,東京都豊島区北大塚2-6-3 メゾン大塚 101,食べログ 焼肉 TOKYO 百名店 2024,https://tabelog.com/tokyo/A1323/A132302/13245971/,https://tabelog.com/tokyo/A1323/A132302/13245971/?cid=google_yoyaku,https://www.google.com/maps/search/?api=1&query=%E7%84%BC%E8%82%89%E5%86%B7%E9%BA%BA%E3%81%A0%E3%81%84%E3%81%98%E3%82%85%20%E6%9D%B1%E4%BA%AC%E9%83%BD%E8%B1%8A%E5%B3%B6%E5%8C%BA%E5%8C%97%E5%A4%A7%E5%A1%9A2-6-3%20%E3%83%A1%E3%82%BE%E3%83%B3%E5%A4%A7%E5%A1%9A%20101,35.7324967,139.7278982,2024,焼肉 TOKYO,yakiniku_tokyo,発表日：2024年10月22日
正泰苑 銀座店,東京都中央区銀座5-9-5 チアーズ銀座 9F,食べログ 焼肉 TOKYO 百名店 2024,https://tabelog.com/tokyo/A1301/A130101/13016578/,,https://www.google.com/maps/search/?api=1&query=%E6%AD%A3%E6%B3%B0%E8%8B%91%20%E9%8A%80%E5%BA%A7%E5%BA%97%20%E6%9D%B1%E4%BA%AC%E9%83%BD%E4%B8%AD%E5%A4%AE%E5%8C%BA%E9%8A%80%E5%BA%A75-9-5%20%E3%83%81%E3%82%A2%E3%83%BC%E3%82%BA%E9%8A%80%E5%BA%A7%209F,35.6702050,139.7656486,2024,焼肉 TOKYO,yakiniku_tokyo,発表日：2024年10月22日
大幸園 小宮本店,東京都八王子市小宮町863-3,食べログ 焼肉 TOKYO 百名店 2024,https://tabelog.com/tokyo/A1329/A132904/13107594/,,https://www.google.com/maps/search/?api=1&query=%E5%A4%A7%E5%B9%B8%E5%9C%92%20%E5%B0%8F%E5%AE%AE%E6%9C%AC%E5%BA%97%20%E6%9D%B1%E4%BA%AC%E9%83%BD%E5%85%AB%E7%8E%8B%E5%AD%90%E5%B8%82%E5%B0%8F%E5%AE%AE%E7%94%BA863-3,35.6874499,139.3729108,2024,焼肉 TOKYO,yakiniku_tokyo,発表日：2024年10月22日
お肉屋 けいすけ 三男坊,東京都渋谷区広尾5-2-25 HONGOKUビル B1F,食べログ 焼肉 TOKYO 百名店 2024,https://tabelog.com/tokyo/A1307/A130703/13196643/,https://tabelog.com/tokyo/A1307/A130703/13196643/?cid=google_yoyaku,https://www.google.com/maps/search/?api=1&query=%E3%81%8A%E8%82%89%E5%B1%8B%20%E3%81%91%E3%81%84%E3%81%99%E3%81%91%20%E4%B8%89%E7%94%B7%E5%9D%8A%20%E6%9D%B1%E4%BA%AC%E9%83%BD%E6%B8%8B%E8%B0%B7%E5%8C%BA%E5%BA%83%E5%B0%BE5-2-25%20HONGOKU%E3%83%93%E3%83%AB%20B1F,35.6502319,139.7203085,2024,焼肉 TOKYO,yakiniku_tokyo,発表日：2024年10月22日
焼肉 静龍苑,東京都江東区常盤2-14-11,食べログ 焼肉 TOKYO 百名店 2024,https://tabelog.com/tokyo/A1313/A131303/13237978/,,https://www.google.com/maps/search/?api=1&query=%E7%84%BC%E8%82%89%20%E9%9D%99%E9%BE%8D%E8%8B%91%20%E6%9D%B1%E4%BA%AC%E9%83%BD%E6%B1%9F%E6%9D%B1%E5%8C%BA%E5%B8%B8%E7%9B%A42-14-11,35.6842858,139.7983408,2024,焼肉 TOKYO,yakiniku_tokyo,発表日：2024年10月22日
焼肉問屋 牛蔵,東京都練馬区貫井3-10-2 コイケビル　２Ｆ,食べログ 焼肉 TOKYO 百名店 2024,https://tabelog.com/tokyo/A1321/A132102/13008910/,,https://www.google.com/maps/search/?api=1&query=%E7%84%BC%E8%82%89%E5%95%8F%E5%B1%8B%20%E7%89%9B%E8%94%B5%20%E6%9D%B1%E4%BA%AC%E9%83%BD%E7%B7%B4%E9%A6%AC%E5%8C%BA%E8%B2%AB%E4%BA%953-10-2%20%E3%82%B3%E3%82%A4%E3%82%B1%E3%83%93%E3%83%AB%E3%80%80%EF%BC%92%EF%BC%A6,35.7360430,139.6290028,2024,焼肉 TOKYO,yakiniku_tokyo,発表日：2024年10月22日
赤坂 らいもん,東京都港区赤坂3-9-12 メトロビル 4F,食べログ 焼肉 TOKYO 百名店 2024,https://tabelog.com/tokyo/A1308/A130801/13224635/,,https://www.google.com/maps/search/?api=1&query=%E8%B5%A4%E5%9D%82%20%E3%82%89%E3%81%84%E3%82%82%E3%82%93%20%E6%9D%B1%E4%BA%AC%E9%83%BD%E6%B8%AF%E5%8C%BA%E8%B5%A4%E5%9D%823-9-12%20%E3%83%A1%E3%83%88%E3%83%AD%E3%83%93%E3%83%AB%204F,35.6768776,139.7362527,2024,焼肉 TOKYO,yakiniku_tokyo,発表日：2024年10月22日
焼肉幸泉,東京都葛飾区立石1-18-5,食べログ 焼肉 TOKYO 百名店 2024,https://tabelog.com/tokyo/A1324/A132403/13133997/,,https://www.google.com/maps/search/?api=1&query=%E7%84%BC%E8%82%89%E5%B9%B8%E6%B3%89%20%E6%9D%B1%E4%BA%AC%E9%83%BD%E8%91%9B%E9%A3%BE%E5%8C%BA%E7%AB%8B%E7%9F%B31-18-5,35.7381653,139.8488095,2024,焼肉 TOKYO,yakiniku_tokyo,発表日：2024年10月22日
代官山 焼肉かねこ,東京都渋谷区猿楽町17-17 1F,食べログ 焼肉 TOKYO 百名店 2024,https://tabelog.com/tokyo/A1303/A130303/13178613/,,https://www.google.com/maps/search/?api=1&query=%E4%BB%A3%E5%AE%98%E5%B1%B1%20%E7%84%BC%E8%82%89%E3%81%8B%E3%81%AD%E3%81%93%20%E6%9D%B1%E4%BA%AC%E9%83%BD%E6%B8%8B%E8%B0%B7%E5%8C%BA%E7%8C%BF%E6%A5%BD%E7%94%BA17-17%201F,35.6497196,139.6990218,2024,焼肉 TOKYO,yakiniku_tokyo,発表日：2024年10月22日
きらく亭,東京都港区南麻布4-11-26 南麻布ビル B1F～1F,食べログ 焼肉 TOKYO 百名店 2024,https://tabelog.com/tokyo/A1307/A130703/13007145/,,https://www.google.com/maps/search/?api=1&query=%E3%81%8D%E3%82%89%E3%81%8F%E4%BA%AD%20%E6%9D%B1%E4%BA%AC%E9%83%BD%E6%B8%AF%E5%8C%BA%E5%8D%97%E9%BA%BB%E5%B8%834-11-26%20%E5%8D%97%E9%BA%BB%E5%B8%83%E3%83%93%E3%83%AB%20B1F%EF%BD%9E1F,35.6469653,139.7277000,2024,焼肉 TOKYO,yakiniku_tokyo,発表日：2024年10月22日
SATOブリアン さんごう,東京都杉並区阿佐ヶ谷北1-37-6 1F,食べログ 焼肉 TOKYO 百名店 2024,https://tabelog.com/tokyo/A1319/A131905/13223460/,,https://www.google.com/maps/search/?api=1&query=SATO%E3%83%96%E3%83%AA%E3%82%A2%E3%83%B3%20%E3%81%95%E3%82%93%E3%81%94%E3%81%86%20%E6%9D%B1%E4%BA%AC%E9%83%BD%E6%9D%89%E4%B8%A6%E5%8C%BA%E9%98%BF%E4%BD%90%E3%83%B6%E8%B0%B7%E5%8C%971-37-6%201F,35.7089358,139.6355747,2024,焼肉 TOKYO,yakiniku_tokyo,発表日：2024年10月22日
焼肉くにもと 本店,東京都港区浜松町2-12-2,食べログ 焼肉 TOKYO 百名店 2024,https://tabelog.com/tokyo/A1314/A131401/13007842/,,https://www.google.com/maps/search/?api=1&query=%E7%84%BC%E8%82%89%E3%81%8F%E3%81%AB%E3%82%82%E3%81%A8%20%E6%9C%AC%E5%BA%97%20%E6%9D%B1%E4%BA%AC%E9%83%BD%E6%B8%AF%E5%8C%BA%E6%B5%9C%E6%9D%BE%E7%94%BA2-12-2,35.6535780,139.7551445,2024,焼肉 TOKYO,yakiniku_tokyo,発表日：2024年10月22日
游玄亭 西麻布本館,東京都港区西麻布3-24-18 叙々苑ビル,食べログ 焼肉 TOKYO 百名店 2024,https://tabelog.com/tokyo/A1307/A130701/13003488/,https://tabelog.com/tokyo/A1307/A130701/13003488/?cid=google_yoyaku,https://www.google.com/maps/search/?api=1&query=%E6%B8%B8%E7%8E%84%E4%BA%AD%20%E8%A5%BF%E9%BA%BB%E5%B8%83%E6%9C%AC%E9%A4%A8%20%E6%9D%B1%E4%BA%AC%E9%83%BD%E6%B8%AF%E5%8C%BA%E8%A5%BF%E9%BA%BB%E5%B8%833-24-18%20%E5%8F%99%E3%80%85%E8%8B%91%E3%83%93%E3%83%AB,35.6593251,139.7237424,2024,焼肉 TOKYO,yakiniku_tokyo,発表日：2024年10月22日
焼肉うしごろ 銀座並木通り店,東京都中央区銀座5-4-9 ニュー銀座5ビル 7F,食べログ 焼肉 TOKYO 百名店 2024,https://tabelog.com/tokyo/A1301/A130101/13226719/,https://tabelog.com/tokyo/A1301/A130101/13226719/?cid=google_yoyaku,https://www.google.com/maps/search/?api=1&query=%E7%84%BC%E8%82%89%E3%81%86%E3%81%97%E3%81%94%E3%82%8D%20%E9%8A%80%E5%BA%A7%E4%B8%A6%E6%9C%A8%E9%80%9A%E3%82%8A%E5%BA%97%20%E6%9D%B1%E4%BA%AC%E9%83%BD%E4%B8%AD%E5%A4%AE%E5%8C%BA%E9%8A%80%E5%BA%A75-4-9%20%E3%83%8B%E3%83%A5%E3%83%BC%E9%8A%80%E5%BA%A75%E3%83%93%E3%83%AB%207F,35.6713767,139.7627761,2024,焼肉 TOKYO,yakiniku_tokyo,発表日：2024年10月22日
スタミナ苑,東京都足立区鹿浜3-13-4,食べログ 焼肉 TOKYO 百名店 2024,https://tabelog.com/tokyo/A1323/A132305/13003777/,,https://www.google.com/maps/search/?api=1&query=%E3%82%B9%E3%82%BF%E3%83%9F%E3%83%8A%E8%8B%91%20%E6%9D%B1%E4%BA%AC%E9%83%BD%E8%B6%B3%E7%AB%8B%E5%8C%BA%E9%B9%BF%E6%B5%9C3-13-4,35.7799350,139.7524089,2024,焼肉 TOKYO,yakiniku_tokyo,発表日：2024年10月22日
赤坂大関 本店,東京都港区赤坂3-18-12,食べログ 焼肉 TOKYO 百名店 2024,https://tabelog.com/tokyo/A1308/A130801/13015197/,,https://www.google.com/maps/search/?api=1&query=%E8%B5%A4%E5%9D%82%E5%A4%A7%E9%96%A2%20%E6%9C%AC%E5%BA%97%20%E6%9D%B1%E4%BA%AC%E9%83%BD%E6%B8%AF%E5%8C%BA%E8%B5%A4%E5%9D%823-18-12,35.6754742,139.7363325,2024,焼肉 TOKYO,yakiniku_tokyo,発表日：2024年10月22日
高円寺 焼肉ここち 市場店,東京都杉並区高円寺北3-22-8 大一市場,食べログ 焼肉 TOKYO 百名店 2024,https://tabelog.com/tokyo/A1319/A131904/13284595/,,https://www.google.com/maps/search/?api=1&query=%E9%AB%98%E5%86%86%E5%AF%BA%20%E7%84%BC%E8%82%89%E3%81%93%E3%81%93%E3%81%A1%20%E5%B8%82%E5%A0%B4%E5%BA%97%20%E6%9D%B1%E4%BA%AC%E9%83%BD%E6%9D%89%E4%B8%A6%E5%8C%BA%E9%AB%98%E5%86%86%E5%AF%BA%E5%8C%973-22-8%20%E5%A4%A7%E4%B8%80%E5%B8%82%E5%A0%B4,35.7060718,139.6491835,2024,焼肉 TOKYO,yakiniku_tokyo,発表日：2024年10月22日
うし松,東京都港区西麻布3-13-14 LA・RES 西麻布 B1F,食べログ 焼肉 TOKYO 百名店 2024,https://tabelog.com/tokyo/A1307/A130703/13242515/,https://tabelog.com/tokyo/A1307/A130703/13242515/?cid=google_yoyaku,https://www.google.com/maps/search/?api=1&query=%E3%81%86%E3%81%97%E6%9D%BE%20%E6%9D%B1%E4%BA%AC%E9%83%BD%E6%B8%AF%E5%8C%BA%E8%A5%BF%E9%BA%BB%E5%B8%833-13-14%20LA%E3%83%BBRES%20%E8%A5%BF%E9%BA%BB%E5%B8%83%20B1F,35.6570594,139.7240427,2024,焼肉 TOKYO,yakiniku_tokyo,発表日：2024年10月22日
焼肉うしごろ 新宿三丁目店,東京都新宿区新宿3-17-10 HULIC &New SHINJUKU 12F,食べログ 焼肉 TOKYO 百名店 2024,https://tabelog.com/tokyo/A1304/A130401/13258565/,https://tabelog.com/tokyo/A1304/A130401/13258565/?cid=google_yoyaku,https://www.google.com/maps/search/?api=1&query=%E7%84%BC%E8%82%89%E3%81%86%E3%81%97%E3%81%94%E3%82%8D%20%E6%96%B0%E5%AE%BF%E4%B8%89%E4%B8%81%E7%9B%AE%E5%BA%97%20%E6%9D%B1%E4%BA%AC%E9%83%BD%E6%96%B0%E5%AE%BF%E5%8C%BA%E6%96%B0%E5%AE%BF3-17-10%20HULIC%20%26New%20SHINJUKU%2012F,35.6921260,139.7027568,2024,焼肉 TOKYO,yakiniku_tokyo,発表日：2024年10月22日
在市 月島本店,"東京都中央区月島2-14-8 AMビル1,2F",食べログ 焼肉 TOKYO 百名店 2024,https://tabelog.com/tokyo/A1313/A131302/13095398/,,https://www.google.com/maps/search/?api=1&query=%E5%9C%A8%E5%B8%82%20%E6%9C%88%E5%B3%B6%E6%9C%AC%E5%BA%97%20%E6%9D%B1%E4%BA%AC%E9%83%BD%E4%B8%AD%E5%A4%AE%E5%8C%BA%E6%9C%88%E5%B3%B62-14-8%20AM%E3%83%93%E3%83%AB1%2C2F,35.6622843,139.7829878,2024,焼肉 TOKYO,yakiniku_tokyo,発表日：2024年10月22日
ホルモン焼 婁熊東京,東京都渋谷区恵比寿西2-3-5 ISHII BLDG B1F,食べログ 焼肉 TOKYO 百名店 2024,https://tabelog.com/tokyo/A1303/A130302/13132685/,https://tabelog.com/tokyo/A1303/A130302/13132685/?cid=google_yoyaku,https://www.google.com/maps/search/?api=1&query=%E3%83%9B%E3%83%AB%E3%83%A2%E3%83%B3%E7%84%BC%20%E5%A9%81%E7%86%8A%E6%9D%B1%E4%BA%AC%20%E6%9D%B1%E4%BA%AC%E9%83%BD%E6%B8%8B%E8%B0%B7%E5%8C%BA%E6%81%B5%E6%AF%94%E5%AF%BF%E8%A5%BF2-3-5%20ISHII%20BLDG%20B1F,35.6500626,139.7079597,2024,焼肉 TOKYO,yakiniku_tokyo,発表日：2024年10月22日
焼肉ジャンボ 白金,東京都港区白金3-1-1 第一麻布ビル1F,食べログ 焼肉 TOKYO 百名店 2024,https://tabelog.com/tokyo/A1316/A131602/13026377/,,https://www.google.com/maps/search/?api=1&query=%E7%84%BC%E8%82%89%E3%82%B8%E3%83%A3%E3%83%B3%E3%83%9C%20%E7%99%BD%E9%87%91%20%E6%9D%B1%E4%BA%AC%E9%83%BD%E6%B8%AF%E5%8C%BA%E7%99%BD%E9%87%913-1-1%20%E7%AC%AC%E4%B8%80%E9%BA%BB%E5%B8%83%E3%83%93%E3%83%AB1F,35.6469989,139.7314201,2024,焼肉 TOKYO,yakiniku_tokyo,発表日：2024年10月22日
USHIGORO S. NISHIAZABU,東京都港区西麻布2-24-14 バルビゾン73 B1F,食べログ 焼肉 TOKYO 百名店 2024,https://tabelog.com/tokyo/A1307/A130701/13209611/,https://tabelog.com/tokyo/A1307/A130701/13209611/?cid=google_yoyaku,https://www.google.com/maps/search/?api=1&query=USHIGORO%20S.%20NISHIAZABU%20%E6%9D%B1%E4%BA%AC%E9%83%BD%E6%B8%AF%E5%8C%BA%E8%A5%BF%E9%BA%BB%E5%B8%832-24-14%20%E3%83%90%E3%83%AB%E3%83%93%E3%82%BE%E3%83%B373%20B1F,35.6600655,139.7225508,2024,焼肉 TOKYO,yakiniku_tokyo,発表日：2024年10月22日
焼肉 凛,東京都中央区月島1-27-1 フロリスオーランティウム3 1F,食べログ 焼肉 TOKYO 百名店 2024,https://tabelog.com/tokyo/A1313/A131302/13002240/,,https://www.google.com/maps/search/?api=1&query=%E7%84%BC%E8%82%89%20%E5%87%9B%20%E6%9D%B1%E4%BA%AC%E9%83%BD%E4%B8%AD%E5%A4%AE%E5%8C%BA%E6%9C%88%E5%B3%B61-27-1%20%E3%83%95%E3%83%AD%E3%83%AA%E3%82%B9%E3%82%AA%E3%83%BC%E3%83%A9%E3%83%B3%E3%83%86%E3%82%A3%E3%82%A6%E3%83%A03%201F,35.6632672,139.7825093,2024,焼肉 TOKYO,yakiniku_tokyo,発表日：2024年10月22日
山田屋 日暮里店,東京都荒川区西日暮里2-25-1 日暮里ステーションガーデンタワー 3F,食べログ 焼肉 TOKYO 百名店 2024,https://tabelog.com/tokyo/A1311/A131105/13091831/,,https://www.google.com/maps/search/?api=1&query=%E5%B1%B1%E7%94%B0%E5%B1%8B%20%E6%97%A5%E6%9A%AE%E9%87%8C%E5%BA%97%20%E6%9D%B1%E4%BA%AC%E9%83%BD%E8%8D%92%E5%B7%9D%E5%8C%BA%E8%A5%BF%E6%97%A5%E6%9A%AE%E9%87%8C2-25-1%20%E6%97%A5%E6%9A%AE%E9%87%8C%E3%82%B9%E3%83%86%E3%83%BC%E3%82%B7%E3%83%A7%E3%83%B3%E3%82%AC%E3%83%BC%E3%83%87%E3%83%B3%E3%82%BF%E3%83%AF%E3%83%BC%203F,35.7293959,139.7715171,2024,焼肉 TOKYO,yakiniku_tokyo,発表日：2024年10月22日
高麗亭,東京都渋谷区渋谷2-14-13 Ｂ１Ｆ,食べログ 焼肉 TOKYO 百名店 2024,https://tabelog.com/tokyo/A1303/A130301/13013023/,,https://www.google.com/maps/search/?api=1&query=%E9%AB%98%E9%BA%97%E4%BA%AD%20%E6%9D%B1%E4%BA%AC%E9%83%BD%E6%B8%8B%E8%B0%B7%E5%8C%BA%E6%B8%8B%E8%B0%B72-14-13%20%EF%BC%A2%EF%BC%91%EF%BC%A6,35.6594022,139.7056448,2024,焼肉 TOKYO,yakiniku_tokyo,発表日：2024年10月22日
焼肉ホルモン 稲田,東京都品川区上大崎2-13-45 トラストリンク第Ⅲビル 2F,食べログ 焼肉 TOKYO 百名店 2024,https://tabelog.com/tokyo/A1316/A131601/13049914/,https://tabelog.com/tokyo/A1316/A131601/13049914/?cid=google_yoyaku,https://www.google.com/maps/search/?api=1&query=%E7%84%BC%E8%82%89%E3%83%9B%E3%83%AB%E3%83%A2%E3%83%B3%20%E7%A8%B2%E7%94%B0%20%E6%9D%B1%E4%BA%AC%E9%83%BD%E5%93%81%E5%B7%9D%E5%8C%BA%E4%B8%8A%E5%A4%A7%E5%B4%8E2-13-45%20%E3%83%88%E3%83%A9%E3%82%B9%E3%83%88%E3%83%AA%E3%83%B3%E3%82%AF%E7%AC%AC%E2%85%A2%E3%83%93%E3%83%AB%202F,35.6348469,139.7169197,2024,焼肉 TOKYO,yakiniku_tokyo,発表日：2024年10月22日
広尾 大衆焼肉 暴飲暴食,東京都渋谷区広尾5-10-1,食べログ 焼肉 TOKYO 百名店 2024,https://tabelog.com/tokyo/A1307/A130703/13281284/,,https://www.google.com/maps/search/?api=1&query=%E5%BA%83%E5%B0%BE%20%E5%A4%A7%E8%A1%86%E7%84%BC%E8%82%89%20%E6%9A%B4%E9%A3%B2%E6%9A%B4%E9%A3%9F%20%E6%9D%B1%E4%BA%AC%E9%83%BD%E6%B8%8B%E8%B0%B7%E5%8C%BA%E5%BA%83%E5%B0%BE5-10-1,35.6494862,139.7208432,2024,焼肉 TOKYO,yakiniku_tokyo,発表日：2024年10月22日
焼肉 銀座コバウ 特別室,東京都中央区銀座6-7-6 ラペビル 8F,食べログ 焼肉 TOKYO 百名店 2024,https://tabelog.com/tokyo/A1301/A130101/13005008/,https://tabelog.com/tokyo/A1301/A130101/13005008/?cid=google_yoyaku,https://www.google.com/maps/search/?api=1&query=%E7%84%BC%E8%82%89%20%E9%8A%80%E5%BA%A7%E3%82%B3%E3%83%90%E3%82%A6%20%E7%89%B9%E5%88%A5%E5%AE%A4%20%E6%9D%B1%E4%BA%AC%E9%83%BD%E4%B8%AD%E5%A4%AE%E5%8C%BA%E9%8A%80%E5%BA%A76-7-6%20%E3%83%A9%E3%83%9A%E3%83%93%E3%83%AB%208F,35.6704745,139.7626810,2024,焼肉 TOKYO,yakiniku_tokyo,発表日：2024年10月22日
YORONIKU TOKYO AZABUDAIHILLS,東京都港区麻布台1-3-1 麻布台ヒルズ タワープラザ 3F,食べログ 焼肉 TOKYO 百名店 2024,https://tabelog.com/tokyo/A1307/A130701/13291424/,https://tabelog.com/tokyo/A1307/A130701/13291424/?cid=google_yoyaku,https://www.google.com/maps/search/?api=1&query=YORONIKU%20TOKYO%20AZABUDAIHILLS%20%E6%9D%B1%E4%BA%AC%E9%83%BD%E6%B8%AF%E5%8C%BA%E9%BA%BB%E5%B8%83%E5%8F%B01-3-1%20%E9%BA%BB%E5%B8%83%E5%8F%B0%E3%83%92%E3%83%AB%E3%82%BA%20%E3%82%BF%E3%83%AF%E3%83%BC%E3%83%97%E3%83%A9%E3%82%B6%203F,35.6611653,139.7407920,2024,焼肉 TOKYO,yakiniku_tokyo,発表日：2024年10月22日
東京食肉市場直送 肉焼屋 D-29 広尾店,東京都渋谷区広尾5-19-1 HIROO VILLAGE 2F,食べログ 焼肉 TOKYO 百名店 2024,https://tabelog.com/tokyo/A1307/A130703/13269923/,https://tabelog.com/tokyo/A1307/A130703/13269923/?cid=google_yoyaku,https://www.google.com/maps/search/?api=1&query=%E6%9D%B1%E4%BA%AC%E9%A3%9F%E8%82%89%E5%B8%82%E5%A0%B4%E7%9B%B4%E9%80%81%20%E8%82%89%E7%84%BC%E5%B1%8B%20D-29%20%E5%BA%83%E5%B0%BE%E5%BA%97%20%E6%9D%B1%E4%BA%AC%E9%83%BD%E6%B8%8B%E8%B0%B7%E5%8C%BA%E5%BA%83%E5%B0%BE5-19-1%20HIROO%20VILLAGE%202F,35.6491114,139.7195307,2024,焼肉 TOKYO,yakiniku_tokyo,発表日：2024年10月22日
游玄亭 新宿,東京都新宿区歌舞伎町1-10-7 叙々苑ビル,食べログ 焼肉 TOKYO 百名店 2024,https://tabelog.com/tokyo/A1304/A130401/13004152/,https://tabelog.com/tokyo/A1304/A130401/13004152/?cid=google_yoyaku,https://www.google.com/maps/search/?api=1&query=%E6%B8%B8%E7%8E%84%E4%BA%AD%20%E6%96%B0%E5%AE%BF%20%E6%9D%B1%E4%BA%AC%E9%83%BD%E6%96%B0%E5%AE%BF%E5%8C%BA%E6%AD%8C%E8%88%9E%E4%BC%8E%E7%94%BA1-10-7%20%E5%8F%99%E3%80%85%E8%8B%91%E3%83%93%E3%83%AB,35.6951810,139.7031699,2024,焼肉 TOKYO,yakiniku_tokyo,発表日：2024年10月22日
ホルモンまさる,東京都港区芝5-21-14,食べログ 焼肉 TOKYO 百名店 2024,https://tabelog.com/tokyo/A1314/A131402/13150755/,,https://www.google.com/maps/search/?api=1&query=%E3%83%9B%E3%83%AB%E3%83%A2%E3%83%B3%E3%81%BE%E3%81%95%E3%82%8B%20%E6%9D%B1%E4%BA%AC%E9%83%BD%E6%B8%AF%E5%8C%BA%E8%8A%9D5-21-14,35.6481086,139.7466677,2024,焼肉 TOKYO,yakiniku_tokyo,発表日：2024年10月22日
焼肉ホルモン 新井屋 渋谷,東京都渋谷区道玄坂2-19-13,食べログ 焼肉 TOKYO 百名店 2024,https://tabelog.com/tokyo/A1303/A130301/13237382/,https://tabelog.com/tokyo/A1303/A130301/13237382/?cid=google_yoyaku,https://www.google.com/maps/search/?api=1&query=%E7%84%BC%E8%82%89%E3%83%9B%E3%83%AB%E3%83%A2%E3%83%B3%20%E6%96%B0%E4%BA%95%E5%B1%8B%20%E6%B8%8B%E8%B0%B7%20%E6%9D%B1%E4%BA%AC%E9%83%BD%E6%B8%8B%E8%B0%B7%E5%8C%BA%E9%81%93%E7%8E%84%E5%9D%822-19-13,35.6593562,139.6963113,2024,焼肉 TOKYO,yakiniku_tokyo,発表日：2024年10月22日
四谷 たれ焼肉のんき,東京都新宿区舟町12 ミルボレー四谷1F,食べログ 焼肉 TOKYO 百名店 2024,https://tabelog.com/tokyo/A1309/A130903/13195840/,https://tabelog.com/tokyo/A1309/A130903/13195840/?cid=google_yoyaku,https://www.google.com/maps/search/?api=1&query=%E5%9B%9B%E8%B0%B7%20%E3%81%9F%E3%82%8C%E7%84%BC%E8%82%89%E3%81%AE%E3%82%93%E3%81%8D%20%E6%9D%B1%E4%BA%AC%E9%83%BD%E6%96%B0%E5%AE%BF%E5%8C%BA%E8%88%9F%E7%94%BA12%20%E3%83%9F%E3%83%AB%E3%83%9C%E3%83%AC%E3%83%BC%E5%9B%9B%E8%B0%B71F,35.6905200,139.7217151,2024,焼肉 TOKYO,yakiniku_tokyo,発表日：2024年10月22日
ビーフキッチン 恵比寿店,東京都渋谷区恵比寿南1-13-3 GOLD 1F,食べログ 焼肉 TOKYO 百名店 2024,https://tabelog.com/tokyo/A1303/A130302/13262681/,https://tabelog.com/tokyo/A1303/A130302/13262681/?cid=google_yoyaku,https://www.google.com/maps/search/?api=1&query=%E3%83%93%E3%83%BC%E3%83%95%E3%82%AD%E3%83%83%E3%83%81%E3%83%B3%20%E6%81%B5%E6%AF%94%E5%AF%BF%E5%BA%97%20%E6%9D%B1%E4%BA%AC%E9%83%BD%E6%B8%8B%E8%B0%B7%E5%8C%BA%E6%81%B5%E6%AF%94%E5%AF%BF%E5%8D%971-13-3%20GOLD%201F,35.6455052,139.7103245,2024,焼肉 TOKYO,yakiniku_tokyo,発表日：2024年10月22日
おやじ,東京都港区南青山1-3-23,食べログ 焼肉 TOKYO 百名店 2024,https://tabelog.com/tokyo/A1306/A130603/13042753/,https://tabelog.com/tokyo/A1306/A130603/13042753/?cid=google_yoyaku,https://www.google.com/maps/search/?api=1&query=%E3%81%8A%E3%82%84%E3%81%98%20%E6%9D%B1%E4%BA%AC%E9%83%BD%E6%B8%AF%E5%8C%BA%E5%8D%97%E9%9D%92%E5%B1%B11-3-23,35.6712438,139.7252119,2024,焼肉 TOKYO,yakiniku_tokyo,発表日：2024年10月22日
よろにく,東京都港区南青山6-6-22 ルナロッサ　Ｂ１Ｆ,食べログ 焼肉 TOKYO 百名店 2024,https://tabelog.com/tokyo/A1306/A130602/13042979/,https://tabelog.com/tokyo/A1306/A130602/13042979/?cid=google_yoyaku,https://www.google.com/maps/search/?api=1&query=%E3%82%88%E3%82%8D%E3%81%AB%E3%81%8F%20%E6%9D%B1%E4%BA%AC%E9%83%BD%E6%B8%AF%E5%8C%BA%E5%8D%97%E9%9D%92%E5%B1%B16-6-22%20%E3%83%AB%E3%83%8A%E3%83%AD%E3%83%83%E3%82%B5%E3%80%80%EF%BC%A2%EF%BC%91%EF%BC%A6,35.6602548,139.7175742,2024,焼肉 TOKYO,yakiniku_tokyo,発表日：2024年10月22日
サトブリDA,東京都杉並区阿佐谷南3-57-1,食べログ 焼肉 TOKYO 百名店 2024,https://tabelog.com/tokyo/A1319/A131905/13216529/,,https://www.google.com/maps/search/?api=1&query=%E3%82%B5%E3%83%88%E3%83%96%E3%83%AADA%20%E6%9D%B1%E4%BA%AC%E9%83%BD%E6%9D%89%E4%B8%A6%E5%8C%BA%E9%98%BF%E4%BD%90%E8%B0%B7%E5%8D%973-57-1,35.7047460,139.6346247,2024,焼肉 TOKYO,yakiniku_tokyo,発表日：2024年10月22日
西麻布 焼肉 X,東京都港区西麻布1-4-46 カーサスプレンディッド西麻布 B1F,食べログ 焼肉 TOKYO 百名店 2024,https://tabelog.com/tokyo/A1307/A130701/13233427/,https://tabelog.com/tokyo/A1307/A130701/13233427/?cid=google_yoyaku,https://www.google.com/maps/search/?api=1&query=%E8%A5%BF%E9%BA%BB%E5%B8%83%20%E7%84%BC%E8%82%89%20X%20%E6%9D%B1%E4%BA%AC%E9%83%BD%E6%B8%AF%E5%8C%BA%E8%A5%BF%E9%BA%BB%E5%B8%831-4-46%20%E3%82%AB%E3%83%BC%E3%82%B5%E3%82%B9%E3%83%97%E3%83%AC%E3%83%B3%E3%83%87%E3%82%A3%E3%83%83%E3%83%89%E8%A5%BF%E9%BA%BB%E5%B8%83%20B1F,35.6622712,139.7261847,2024,焼肉 TOKYO,yakiniku_tokyo,発表日：2024年10月22日
焼肉あきら 本郷本店,東京都文京区本郷1-10-12 カルム本郷 2F,食べログ 焼肉 TOKYO 百名店 2024,https://tabelog.com/tokyo/A1310/A131003/13251014/,https://tabelog.com/tokyo/A1310/A131003/13251014/?cid=google_yoyaku,https://www.google.com/maps/search/?api=1&query=%E7%84%BC%E8%82%89%E3%81%82%E3%81%8D%E3%82%89%20%E6%9C%AC%E9%83%B7%E6%9C%AC%E5%BA%97%20%E6%9D%B1%E4%BA%AC%E9%83%BD%E6%96%87%E4%BA%AC%E5%8C%BA%E6%9C%AC%E9%83%B71-10-12%20%E3%82%AB%E3%83%AB%E3%83%A0%E6%9C%AC%E9%83%B7%202F,35.7041690,139.7576699,2024,焼肉 TOKYO,yakiniku_tokyo,発表日：2024年10月22日
楽酔苑,東京都練馬区田柄2-33-18 1F,食べログ 焼肉 TOKYO 百名店 2024,https://tabelog.com/tokyo/A1322/A132204/13193192/,,https://www.google.com/maps/search/?api=1&query=%E6%A5%BD%E9%85%94%E8%8B%91%20%E6%9D%B1%E4%BA%AC%E9%83%BD%E7%B7%B4%E9%A6%AC%E5%8C%BA%E7%94%B0%E6%9F%842-33-18%201F,35.7685319,139.6446876,2024,焼肉 TOKYO,yakiniku_tokyo,発表日：2024年10月22日
ホルモン道場 闇市倶楽部 目黒店,東京都品川区上大崎2-27-1 サンフェリスタ目黒 B1F,食べログ 焼肉 TOKYO 百名店 2024,https://tabelog.com/tokyo/A1316/A131601/13002038/,,https://www.google.com/maps/search/?api=1&query=%E3%83%9B%E3%83%AB%E3%83%A2%E3%83%B3%E9%81%93%E5%A0%B4%20%E9%97%87%E5%B8%82%E5%80%B6%E6%A5%BD%E9%83%A8%20%E7%9B%AE%E9%BB%92%E5%BA%97%20%E6%9D%B1%E4%BA%AC%E9%83%BD%E5%93%81%E5%B7%9D%E5%8C%BA%E4%B8%8A%E5%A4%A7%E5%B4%8E2-27-1%20%E3%82%B5%E3%83%B3%E3%83%95%E3%82%A7%E3%83%AA%E3%82%B9%E3%82%BF%E7%9B%AE%E9%BB%92%20B1F,35.6342043,139.7148908,2024,焼肉 TOKYO,yakiniku_tokyo,発表日：2024年10月22日
生粋,東京都千代田区外神田6-14-7 VORT末広町 2F,食べログ 焼肉 TOKYO 百名店 2024,https://tabelog.com/tokyo/A1311/A131101/13165294/,https://tabelog.com/tokyo/A1311/A131101/13165294/?cid=google_yoyaku,https://www.google.com/maps/search/?api=1&query=%E7%94%9F%E7%B2%8B%20%E6%9D%B1%E4%BA%AC%E9%83%BD%E5%8D%83%E4%BB%A3%E7%94%B0%E5%8C%BA%E5%A4%96%E7%A5%9E%E7%94%B06-14-7%20VORT%E6%9C%AB%E5%BA%83%E7%94%BA%202F,35.7035759,139.7715338,2024,焼肉 TOKYO,yakiniku_tokyo,発表日：2024年10月22日
三宿トラジ,東京都目黒区祐天寺2-14-7 AIビル　Ｂ１Ｆ,食べログ 焼肉 TOKYO 百名店 2024,https://tabelog.com/tokyo/A1317/A131701/13004517/,,https://www.google.com/maps/search/?api=1&query=%E4%B8%89%E5%AE%BF%E3%83%88%E3%83%A9%E3%82%B8%20%E6%9D%B1%E4%BA%AC%E9%83%BD%E7%9B%AE%E9%BB%92%E5%8C%BA%E7%A5%90%E5%A4%A9%E5%AF%BA2-14-7%20AI%E3%83%93%E3%83%AB%E3%80%80%EF%BC%A2%EF%BC%91%EF%BC%A6,35.6368635,139.6911643,2024,焼肉 TOKYO,yakiniku_tokyo,発表日：2024年10月22日
神泉ホルモン 三百屋,東京都渋谷区神泉町12-4,食べログ 焼肉 TOKYO 百名店 2024,https://tabelog.com/tokyo/A1303/A130301/13024281/,,https://www.google.com/maps/search/?api=1&query=%E7%A5%9E%E6%B3%89%E3%83%9B%E3%83%AB%E3%83%A2%E3%83%B3%20%E4%B8%89%E7%99%BE%E5%B1%8B%20%E6%9D%B1%E4%BA%AC%E9%83%BD%E6%B8%8B%E8%B0%B7%E5%8C%BA%E7%A5%9E%E6%B3%89%E7%94%BA12-4,35.6557975,139.6926422,2024,焼肉 TOKYO,yakiniku_tokyo,発表日：2024年10月22日
炭焼 金竜山,東京都港区白金3-14-1 第１マンション　１Ｆ,食べログ 焼肉 TOKYO 百名店 2024,https://tabelog.com/tokyo/A1316/A131602/13001625/,,https://www.google.com/maps/search/?api=1&query=%E7%82%AD%E7%84%BC%20%E9%87%91%E7%AB%9C%E5%B1%B1%20%E6%9D%B1%E4%BA%AC%E9%83%BD%E6%B8%AF%E5%8C%BA%E7%99%BD%E9%87%913-14-1%20%E7%AC%AC%EF%BC%91%E3%83%9E%E3%83%B3%E3%82%B7%E3%83%A7%E3%83%B3%E3%80%80%EF%BC%91%EF%BC%A6,35.6453387,139.7283133,2024,焼肉 TOKYO,yakiniku_tokyo,発表日：2024年10月22日
焼肉 ジャンボ 篠崎本店,東京都江戸川区篠崎町4-13-19,食べログ 焼肉 TOKYO 百名店 2024,https://tabelog.com/tokyo/A1312/A131205/13003075/,https://tabelog.com/tokyo/A1312/A131205/13003075/?cid=google_yoyaku,https://www.google.com/maps/search/?api=1&query=%E7%84%BC%E8%82%89%20%E3%82%B8%E3%83%A3%E3%83%B3%E3%83%9C%20%E7%AF%A0%E5%B4%8E%E6%9C%AC%E5%BA%97%20%E6%9D%B1%E4%BA%AC%E9%83%BD%E6%B1%9F%E6%88%B8%E5%B7%9D%E5%8C%BA%E7%AF%A0%E5%B4%8E%E7%94%BA4-13-19,35.6985366,139.9118968,2024,焼肉 TOKYO,yakiniku_tokyo,発表日：2024年10月22日
ビーフキッチン 中目黒本店,東京都目黒区上目黒2-44-8 ロ・カーサ上目黒 B1F,食べログ 焼肉 TOKYO 百名店 2024,https://tabelog.com/tokyo/A1317/A131701/13054178/,https://tabelog.com/tokyo/A1317/A131701/13054178/?cid=google_yoyaku,https://www.google.com/maps/search/?api=1&query=%E3%83%93%E3%83%BC%E3%83%95%E3%82%AD%E3%83%83%E3%83%81%E3%83%B3%20%E4%B8%AD%E7%9B%AE%E9%BB%92%E6%9C%AC%E5%BA%97%20%E6%9D%B1%E4%BA%AC%E9%83%BD%E7%9B%AE%E9%BB%92%E5%8C%BA%E4%B8%8A%E7%9B%AE%E9%BB%922-44-8%20%E3%83%AD%E3%83%BB%E3%82%AB%E3%83%BC%E3%82%B5%E4%B8%8A%E7%9B%AE%E9%BB%92%20B1F,35.6413549,139.6963363,2024,焼肉 TOKYO,yakiniku_tokyo,発表日：2024年10月22日
赤坂 みすじ,東京都港区赤坂3-16-3 伊勢幸ビル 2F,食べログ 焼肉 TOKYO 百名店 2024,https://tabelog.com/tokyo/A1308/A130801/13114946/,https://tabelog.com/tokyo/A1308/A130801/13114946/?cid=google_yoyaku,https://www.google.com/maps/search/?api=1&query=%E8%B5%A4%E5%9D%82%20%E3%81%BF%E3%81%99%E3%81%98%20%E6%9D%B1%E4%BA%AC%E9%83%BD%E6%B8%AF%E5%8C%BA%E8%B5%A4%E5%9D%823-16-3%20%E4%BC%8A%E5%8B%A2%E5%B9%B8%E3%83%93%E3%83%AB%202F,35.6747059,139.7370034,2024,焼肉 TOKYO,yakiniku_tokyo,発表日：2024年10月22日
亀戸ホルモン 本店,東京都江東区亀戸5-4-9 第2ドミール 1F,食べログ 焼肉 TOKYO 百名店 2024,https://tabelog.com/tokyo/A1312/A131202/13008099/,,https://www.google.com/maps/search/?api=1&query=%E4%BA%80%E6%88%B8%E3%83%9B%E3%83%AB%E3%83%A2%E3%83%B3%20%E6%9C%AC%E5%BA%97%20%E6%9D%B1%E4%BA%AC%E9%83%BD%E6%B1%9F%E6%9D%B1%E5%8C%BA%E4%BA%80%E6%88%B85-4-9%20%E7%AC%AC2%E3%83%89%E3%83%9F%E3%83%BC%E3%83%AB%201F,35.6985667,139.8267914,2024,焼肉 TOKYO,yakiniku_tokyo,発表日：2024年10月22日
焼肉しみず,東京都品川区西五反田4-29-13 TYビル 2F,食べログ 焼肉 TOKYO 百名店 2024,https://tabelog.com/tokyo/A1317/A131710/13096548/,https://tabelog.com/tokyo/A1317/A131710/13096548/?cid=google_yoyaku,https://www.google.com/maps/search/?api=1&query=%E7%84%BC%E8%82%89%E3%81%97%E3%81%BF%E3%81%9A%20%E6%9D%B1%E4%BA%AC%E9%83%BD%E5%93%81%E5%B7%9D%E5%8C%BA%E8%A5%BF%E4%BA%94%E5%8F%8D%E7%94%B04-29-13%20TY%E3%83%93%E3%83%AB%202F,35.6259791,139.7128878,2024,焼肉 TOKYO,yakiniku_tokyo,発表日：2024年10月22日
銀座 王十里,東京都中央区銀座4-8-11 善隣ビル 1F～2F,食べログ 焼肉 TOKYO 百名店 2024,https://tabelog.com/tokyo/A1301/A130101/13002283/,,https://www.google.com/maps/search/?api=1&query=%E9%8A%80%E5%BA%A7%20%E7%8E%8B%E5%8D%81%E9%87%8C%20%E6%9D%B1%E4%BA%AC%E9%83%BD%E4%B8%AD%E5%A4%AE%E5%8C%BA%E9%8A%80%E5%BA%A74-8-11%20%E5%96%84%E9%9A%A3%E3%83%93%E3%83%AB%201F%EF%BD%9E2F,35.6708200,139.7666178,2024,焼肉 TOKYO,yakiniku_tokyo,発表日：2024年10月22日
ホルモン コウ,東京都杉並区上荻1-8-8 興和ビル 2F,食べログ 焼肉 TOKYO 百名店 2024,https://tabelog.com/tokyo/A1319/A131906/13275863/,https://tabelog.com/tokyo/A1319/A131906/13275863/?cid=google_yoyaku,https://www.google.com/maps/search/?api=1&query=%E3%83%9B%E3%83%AB%E3%83%A2%E3%83%B3%20%E3%82%B3%E3%82%A6%20%E6%9D%B1%E4%BA%AC%E9%83%BD%E6%9D%89%E4%B8%A6%E5%8C%BA%E4%B8%8A%E8%8D%BB1-8-8%20%E8%88%88%E5%92%8C%E3%83%93%E3%83%AB%202F,35.7050156,139.6203326,2024,焼肉 TOKYO,yakiniku_tokyo,発表日：2024年10月22日
焼肉うしごろ 銀座店,東京都中央区銀座1-8-19 ONE GINZA 7F,食べログ 焼肉 TOKYO 百名店 2024,https://tabelog.com/tokyo/A1301/A130101/13263391/,https://tabelog.com/tokyo/A1301/A130101/13263391/?cid=google_yoyaku,https://www.google.com/maps/search/?api=1&query=%E7%84%BC%E8%82%89%E3%81%86%E3%81%97%E3%81%94%E3%82%8D%20%E9%8A%80%E5%BA%A7%E5%BA%97%20%E6%9D%B1%E4%BA%AC%E9%83%BD%E4%B8%AD%E5%A4%AE%E5%8C%BA%E9%8A%80%E5%BA%A71-8-19%20ONE%20GINZA%207F,35.6743669,139.7687325,2024,焼肉 TOKYO,yakiniku_tokyo,発表日：2024年10月22日
USHIGORO S. SHINJUKU,東京都新宿区新宿3-17-10 HULIC & New SHINJUKU 11F,食べログ 焼肉 TOKYO 百名店 2024,https://tabelog.com/tokyo/A1304/A130401/13268688/,https://tabelog.com/tokyo/A1304/A130401/13268688/?cid=google_yoyaku,https://www.google.com/maps/search/?api=1&query=USHIGORO%20S.%20SHINJUKU%20%E6%9D%B1%E4%BA%AC%E9%83%BD%E6%96%B0%E5%AE%BF%E5%8C%BA%E6%96%B0%E5%AE%BF3-17-10%20HULIC%20%26%20New%20SHINJUKU%2011F,35.6921229,139.7027773,2024,焼肉 TOKYO,yakiniku_tokyo,発表日：2024年10月22日
炭火焼肉 なかはら,東京都千代田区六番町4-3 GEMS市ヶ谷 9F,食べログ 焼肉 TOKYO 百名店 2024,https://tabelog.com/tokyo/A1309/A130904/13175110/,,https://www.google.com/maps/search/?api=1&query=%E7%82%AD%E7%81%AB%E7%84%BC%E8%82%89%20%E3%81%AA%E3%81%8B%E3%81%AF%E3%82%89%20%E6%9D%B1%E4%BA%AC%E9%83%BD%E5%8D%83%E4%BB%A3%E7%94%B0%E5%8C%BA%E5%85%AD%E7%95%AA%E7%94%BA4-3%20GEMS%E5%B8%82%E3%83%B6%E8%B0%B7%209F,35.6891770,139.7352563,2024,焼肉 TOKYO,yakiniku_tokyo,発表日：2024年10月22日
焼肉くにもと 新館,東京都港区浜松町2-8-9 カノウビル　１Ｆ,食べログ 焼肉 TOKYO 百名店 2024,https://tabelog.com/tokyo/A1314/A131401/13035852/,,https://www.google.com/maps/search/?api=1&query=%E7%84%BC%E8%82%89%E3%81%8F%E3%81%AB%E3%82%82%E3%81%A8%20%E6%96%B0%E9%A4%A8%20%E6%9D%B1%E4%BA%AC%E9%83%BD%E6%B8%AF%E5%8C%BA%E6%B5%9C%E6%9D%BE%E7%94%BA2-8-9%20%E3%82%AB%E3%83%8E%E3%82%A6%E3%83%93%E3%83%AB%E3%80%80%EF%BC%91%EF%BC%A6,35.6540034,139.7556931,2024,焼肉 TOKYO,yakiniku_tokyo,発表日：2024年10月22日
蕃 YORONIKU,東京都渋谷区恵比寿1-11-5 GEMS恵比寿 8F,食べログ 焼肉 TOKYO 百名店 2024,https://tabelog.com/tokyo/A1303/A130302/13211927/,https://tabelog.com/tokyo/A1303/A130302/13211927/?cid=google_yoyaku,https://www.google.com/maps/search/?api=1&query=%E8%95%83%20YORONIKU%20%E6%9D%B1%E4%BA%AC%E9%83%BD%E6%B8%8B%E8%B0%B7%E5%8C%BA%E6%81%B5%E6%AF%94%E5%AF%BF1-11-5%20GEMS%E6%81%B5%E6%AF%94%E5%AF%BF%208F,35.6463657,139.7118146,2024,焼肉 TOKYO,yakiniku_tokyo,発表日：2024年10月22日
焼肉うしごろ 西麻布本店,東京都港区西麻布2-24-14 Barbizon73 1F,食べログ 焼肉 TOKYO 百名店 2024,https://tabelog.com/tokyo/A1307/A130701/13124592/,https://tabelog.com/tokyo/A1307/A130701/13124592/?cid=google_yoyaku,https://www.google.com/maps/search/?api=1&query=%E7%84%BC%E8%82%89%E3%81%86%E3%81%97%E3%81%94%E3%82%8D%20%E8%A5%BF%E9%BA%BB%E5%B8%83%E6%9C%AC%E5%BA%97%20%E6%9D%B1%E4%BA%AC%E9%83%BD%E6%B8%AF%E5%8C%BA%E8%A5%BF%E9%BA%BB%E5%B8%832-24-14%20Barbizon73%201F,35.6600742,139.7225297,2024,焼肉 TOKYO,yakiniku_tokyo,発表日：2024年10月22日
東京園,東京都中央区銀座5-9-5,食べログ 焼肉 TOKYO 百名店 2024,https://tabelog.com/tokyo/A1301/A130101/13002566/,,https://www.google.com/maps/search/?api=1&query=%E6%9D%B1%E4%BA%AC%E5%9C%92%20%E6%9D%B1%E4%BA%AC%E9%83%BD%E4%B8%AD%E5%A4%AE%E5%8C%BA%E9%8A%80%E5%BA%A75-9-5,35.6703083,139.7655147,2024,焼肉 TOKYO,yakiniku_tokyo,発表日：2024年10月22日
焼肉うしごろ 表参道店,東京都渋谷区神宮前5-50-3 アーバンテラス青山 2F,食べログ 焼肉 TOKYO 百名店 2024,https://tabelog.com/tokyo/A1306/A130602/13252182/,https://tabelog.com/tokyo/A1306/A130602/13252182/?cid=google_yoyaku,https://www.google.com/maps/search/?api=1&query=%E7%84%BC%E8%82%89%E3%81%86%E3%81%97%E3%81%94%E3%82%8D%20%E8%A1%A8%E5%8F%82%E9%81%93%E5%BA%97%20%E6%9D%B1%E4%BA%AC%E9%83%BD%E6%B8%8B%E8%B0%B7%E5%8C%BA%E7%A5%9E%E5%AE%AE%E5%89%8D5-50-3%20%E3%82%A2%E3%83%BC%E3%83%90%E3%83%B3%E3%83%86%E3%83%A9%E3%82%B9%E9%9D%92%E5%B1%B1%202F,35.6631873,139.7099121,2024,焼肉 TOKYO,yakiniku_tokyo,発表日：2024年10月22日
雪月花 銀座,東京都中央区銀座6-4-3 GICROS GINZA GEMS 9F,食べログ 焼肉 TOKYO 百名店 2024,https://tabelog.com/tokyo/A1301/A130101/13249568/,https://tabelog.com/tokyo/A1301/A130101/13249568/?cid=google_yoyaku,https://www.google.com/maps/search/?api=1&query=%E9%9B%AA%E6%9C%88%E8%8A%B1%20%E9%8A%80%E5%BA%A7%20%E6%9D%B1%E4%BA%AC%E9%83%BD%E4%B8%AD%E5%A4%AE%E5%8C%BA%E9%8A%80%E5%BA%A76-4-3%20GICROS%20GINZA%20GEMS%209F,35.6715846,139.7620062,2024,焼肉 TOKYO,yakiniku_tokyo,発表日：2024年10月22日
焼肉ヒロミヤ 3号店,東京都新宿区住吉町2-9,食べログ 焼肉 TOKYO 百名店 2024,https://tabelog.com/tokyo/A1309/A130903/13201547/,https://tabelog.com/tokyo/A1309/A130903/13201547/?cid=google_yoyaku,https://www.google.com/maps/search/?api=1&query=%E7%84%BC%E8%82%89%E3%83%92%E3%83%AD%E3%83%9F%E3%83%A4%203%E5%8F%B7%E5%BA%97%20%E6%9D%B1%E4%BA%AC%E9%83%BD%E6%96%B0%E5%AE%BF%E5%8C%BA%E4%BD%8F%E5%90%89%E7%94%BA2-9,35.6919810,139.7206240,2024,焼肉 TOKYO,yakiniku_tokyo,発表日：2024年10月22日
焼肉 思食,東京都港区赤坂3-19-5,食べログ 焼肉 TOKYO 百名店 2024,https://tabelog.com/tokyo/A1308/A130801/13247485/,https://tabelog.com/tokyo/A1308/A130801/13247485/?cid=google_yoyaku,https://www.google.com/maps/search/?api=1&query=%E7%84%BC%E8%82%89%20%E6%80%9D%E9%A3%9F%20%E6%9D%B1%E4%BA%AC%E9%83%BD%E6%B8%AF%E5%8C%BA%E8%B5%A4%E5%9D%823-19-5,35.6756808,139.7364069,2024,焼肉 TOKYO,yakiniku_tokyo,発表日：2024年10月22日
正泰苑 芝大門店,東京都港区芝大門1-7-4 パークサイド芝大門 1F,食べログ 焼肉 TOKYO 百名店 2024,https://tabelog.com/tokyo/A1314/A131401/13005213/,,https://www.google.com/maps/search/?api=1&query=%E6%AD%A3%E6%B3%B0%E8%8B%91%20%E8%8A%9D%E5%A4%A7%E9%96%80%E5%BA%97%20%E6%9D%B1%E4%BA%AC%E9%83%BD%E6%B8%AF%E5%8C%BA%E8%8A%9D%E5%A4%A7%E9%96%801-7-4%20%E3%83%91%E3%83%BC%E3%82%AF%E3%82%B5%E3%82%A4%E3%83%89%E8%8A%9D%E5%A4%A7%E9%96%80%201F,35.6580326,139.7537518,2024,焼肉 TOKYO,yakiniku_tokyo,発表日：2024年10月22日
炭火焼 ゆうじ,東京都渋谷区宇田川町11-1 松沼ビル　１Ｆ,食べログ 焼肉 TOKYO 百名店 2024,https://tabelog.com/tokyo/A1303/A130301/13001794/,,https://www.google.com/maps/search/?api=1&query=%E7%82%AD%E7%81%AB%E7%84%BC%20%E3%82%86%E3%81%86%E3%81%98%20%E6%9D%B1%E4%BA%AC%E9%83%BD%E6%B8%8B%E8%B0%B7%E5%8C%BA%E5%AE%87%E7%94%B0%E5%B7%9D%E7%94%BA11-1%20%E6%9D%BE%E6%B2%BC%E3%83%93%E3%83%AB%E3%80%80%EF%BC%91%EF%BC%A6,35.6625875,139.6973379,2024,焼肉 TOKYO,yakiniku_tokyo,発表日：2024年10月22日
焼肉 冷麺 ユッチャン。,東京都港区六本木7-17-24 eisu.bldg,食べログ 焼肉 TOKYO 百名店 2024,https://tabelog.com/tokyo/A1307/A130701/13230170/,https://tabelog.com/tokyo/A1307/A130701/13230170/?cid=google_yoyaku,https://www.google.com/maps/search/?api=1&query=%E7%84%BC%E8%82%89%20%E5%86%B7%E9%BA%BA%20%E3%83%A6%E3%83%83%E3%83%81%E3%83%A3%E3%83%B3%E3%80%82%20%E6%9D%B1%E4%BA%AC%E9%83%BD%E6%B8%AF%E5%8C%BA%E5%85%AD%E6%9C%AC%E6%9C%A87-17-24%20eisu.bldg,35.6627754,139.7282878,2024,焼肉 TOKYO,yakiniku_tokyo,発表日：2024年10月22日
焼肉 ぽんが 目黒本店,東京都品川区上大崎2-17-5 デルタンビル1,食べログ 焼肉 TOKYO 百名店 2024,https://tabelog.com/tokyo/A1316/A131601/13136905/,https://tabelog.com/tokyo/A1316/A131601/13136905/?cid=google_yoyaku,https://www.google.com/maps/search/?api=1&query=%E7%84%BC%E8%82%89%20%E3%81%BD%E3%82%93%E3%81%8C%20%E7%9B%AE%E9%BB%92%E6%9C%AC%E5%BA%97%20%E6%9D%B1%E4%BA%AC%E9%83%BD%E5%93%81%E5%B7%9D%E5%8C%BA%E4%B8%8A%E5%A4%A7%E5%B4%8E2-17-5%20%E3%83%87%E3%83%AB%E3%82%BF%E3%83%B3%E3%83%93%E3%83%AB1,35.6355376,139.7150216,2024,焼肉 TOKYO,yakiniku_tokyo,発表日：2024年10月22日
銀座 山科,東京都中央区銀座6-4-3 GICROS GINZA GEMS 7F,食べログ 焼肉 TOKYO 百名店 2024,https://tabelog.com/tokyo/A1301/A130101/13240197/,https://tabelog.com/tokyo/A1301/A130101/13240197/?cid=google_yoyaku,https://www.google.com/maps/search/?api=1&query=%E9%8A%80%E5%BA%A7%20%E5%B1%B1%E7%A7%91%20%E6%9D%B1%E4%BA%AC%E9%83%BD%E4%B8%AD%E5%A4%AE%E5%8C%BA%E9%8A%80%E5%BA%A76-4-3%20GICROS%20GINZA%20GEMS%207F,35.6716109,139.7619823,2024,焼肉 TOKYO,yakiniku_tokyo,発表日：2024年10月22日
本とさや,東京都台東区西浅草3-1-9,食べログ 焼肉 TOKYO 百名店 2024,https://tabelog.com/tokyo/A1311/A131102/13003711/,https://tabelog.com/tokyo/A1311/A131102/13003711/?cid=google_yoyaku,https://www.google.com/maps/search/?api=1&query=%E6%9C%AC%E3%81%A8%E3%81%95%E3%82%84%20%E6%9D%B1%E4%BA%AC%E9%83%BD%E5%8F%B0%E6%9D%B1%E5%8C%BA%E8%A5%BF%E6%B5%85%E8%8D%893-1-9,35.7143798,139.7920172,2024,焼肉 TOKYO,yakiniku_tokyo,発表日：2024年10月22日
焼肉もちお,東京都港区北青山3-5-2 VORT北青山 B1F,食べログ 焼肉 TOKYO 百名店 2024,https://tabelog.com/tokyo/A1306/A130602/13287286/,https://tabelog.com/tokyo/A1306/A130602/13287286/?cid=google_yoyaku,https://www.google.com/maps/search/?api=1&query=%E7%84%BC%E8%82%89%E3%82%82%E3%81%A1%E3%81%8A%20%E6%9D%B1%E4%BA%AC%E9%83%BD%E6%B8%AF%E5%8C%BA%E5%8C%97%E9%9D%92%E5%B1%B13-5-2%20VORT%E5%8C%97%E9%9D%92%E5%B1%B1%20B1F,35.6675564,139.7141780,2024,焼肉 TOKYO,yakiniku_tokyo,発表日：2024年10月22日
炭火焼肉ホルモン まるは,東京都品川区東五反田1-16-4 アルサイト 1F,食べログ 焼肉 TOKYO 百名店 2024,https://tabelog.com/tokyo/A1316/A131603/13210437/,https://tabelog.com/tokyo/A1316/A131603/13210437/?cid=google_yoyaku,https://www.google.com/maps/search/?api=1&query=%E7%82%AD%E7%81%AB%E7%84%BC%E8%82%89%E3%83%9B%E3%83%AB%E3%83%A2%E3%83%B3%20%E3%81%BE%E3%82%8B%E3%81%AF%20%E6%9D%B1%E4%BA%AC%E9%83%BD%E5%93%81%E5%B7%9D%E5%8C%BA%E6%9D%B1%E4%BA%94%E5%8F%8D%E7%94%B01-16-4%20%E3%82%A2%E3%83%AB%E3%82%B5%E3%82%A4%E3%83%88%201F,35.6267082,139.7254324,2024,焼肉 TOKYO,yakiniku_tokyo,発表日：2024年10月22日
SATOブリアン七番,東京都杉並区阿佐谷北2-3-2 BMビル,食べログ 焼肉 TOKYO 百名店 2024,https://tabelog.com/tokyo/A1319/A131905/13267452/,,https://www.google.com/maps/search/?api=1&query=SATO%E3%83%96%E3%83%AA%E3%82%A2%E3%83%B3%E4%B8%83%E7%95%AA%20%E6%9D%B1%E4%BA%AC%E9%83%BD%E6%9D%89%E4%B8%A6%E5%8C%BA%E9%98%BF%E4%BD%90%E8%B0%B7%E5%8C%972-3-2%20BM%E3%83%93%E3%83%AB,35.7049420,139.6337426,2024,焼肉 TOKYO,yakiniku_tokyo,発表日：2024年10月22日
SATOブリアン にごう,東京都杉並区阿佐ヶ谷南2-17-2,食べログ 焼肉 TOKYO 百名店 2024,https://tabelog.com/tokyo/A1319/A131905/13159782/,https://tabelog.com/tokyo/A1319/A131905/13159782/?cid=google_yoyaku,https://www.google.com/maps/search/?api=1&query=SATO%E3%83%96%E3%83%AA%E3%82%A2%E3%83%B3%20%E3%81%AB%E3%81%94%E3%81%86%20%E6%9D%B1%E4%BA%AC%E9%83%BD%E6%9D%89%E4%B8%A6%E5%8C%BA%E9%98%BF%E4%BD%90%E3%83%B6%E8%B0%B7%E5%8D%972-17-2,35.7048253,139.6376839,2024,焼肉 TOKYO,yakiniku_tokyo,発表日：2024年10月22日
志村 徳寿園,東京都板橋区志村2-9-4,食べログ 焼肉 TOKYO 百名店 2024,https://tabelog.com/tokyo/A1322/A132205/13043209/,https://tabelog.com/tokyo/A1322/A132205/13043209/?cid=google_yoyaku,https://www.google.com/maps/search/?api=1&query=%E5%BF%97%E6%9D%91%20%E5%BE%B3%E5%AF%BF%E5%9C%92%20%E6%9D%B1%E4%BA%AC%E9%83%BD%E6%9D%BF%E6%A9%8B%E5%8C%BA%E5%BF%97%E6%9D%912-9-4,35.7765226,139.6919728,2024,焼肉 TOKYO,yakiniku_tokyo,発表日：2024年10月22日
好ちゃん 飯田橋本店,東京都千代田区富士見2-3-12 飯田橋西口ビル 2F,食べログ 焼肉 TOKYO 百名店 2024,https://tabelog.com/tokyo/A1309/A130905/13030762/,,https://www.google.com/maps/search/?api=1&query=%E5%A5%BD%E3%81%A1%E3%82%83%E3%82%93%20%E9%A3%AF%E7%94%B0%E6%A9%8B%E6%9C%AC%E5%BA%97%20%E6%9D%B1%E4%BA%AC%E9%83%BD%E5%8D%83%E4%BB%A3%E7%94%B0%E5%8C%BA%E5%AF%8C%E5%A3%AB%E8%A6%8B2-3-12%20%E9%A3%AF%E7%94%B0%E6%A9%8B%E8%A5%BF%E5%8F%A3%E3%83%93%E3%83%AB%202F,35.6996617,139.7445619,2024,焼肉 TOKYO,yakiniku_tokyo,発表日：2024年10月22日
The INNOCENT CARVERY,東京都港区西麻布1-4-28 カルハ西麻布 101,食べログ 焼肉 TOKYO 百名店 2024,https://tabelog.com/tokyo/A1307/A130701/13189539/,https://tabelog.com/tokyo/A1307/A130701/13189539/?cid=google_yoyaku,https://www.google.com/maps/search/?api=1&query=The%20INNOCENT%20CARVERY%20%E6%9D%B1%E4%BA%AC%E9%83%BD%E6%B8%AF%E5%8C%BA%E8%A5%BF%E9%BA%BB%E5%B8%831-4-28%20%E3%82%AB%E3%83%AB%E3%83%8F%E8%A5%BF%E9%BA%BB%E5%B8%83%20101,35.6619437,139.7237514,2024,焼肉 TOKYO,yakiniku_tokyo,発表日：2024年10月22日
炭火焼肉 ふちおか,東京都世田谷区経堂1-5-8 ロイヤルハイツ経堂 1F,食べログ 焼肉 TOKYO 百名店 2024,https://tabelog.com/tokyo/A1318/A131813/13208137/,https://tabelog.com/tokyo/A1318/A131813/13208137/?cid=google_yoyaku,https://www.google.com/maps/search/?api=1&query=%E7%82%AD%E7%81%AB%E7%84%BC%E8%82%89%20%E3%81%B5%E3%81%A1%E3%81%8A%E3%81%8B%20%E6%9D%B1%E4%BA%AC%E9%83%BD%E4%B8%96%E7%94%B0%E8%B0%B7%E5%8C%BA%E7%B5%8C%E5%A0%821-5-8%20%E3%83%AD%E3%82%A4%E3%83%A4%E3%83%AB%E3%83%8F%E3%82%A4%E3%83%84%E7%B5%8C%E5%A0%82%201F,35.6483098,139.6361506,2024,焼肉 TOKYO,yakiniku_tokyo,発表日：2024年10月22日
誇味山,東京都港区西麻布1丁目15-9 ラ・アルタ西麻布1F,食べログ 焼肉 TOKYO 百名店 2024,https://tabelog.com/tokyo/A1307/A130701/13230924/,https://tabelog.com/tokyo/A1307/A130701/13230924/?cid=google_yoyaku,https://www.google.com/maps/search/?api=1&query=%E8%AA%87%E5%91%B3%E5%B1%B1%20%E6%9D%B1%E4%BA%AC%E9%83%BD%E6%B8%AF%E5%8C%BA%E8%A5%BF%E9%BA%BB%E5%B8%831%E4%B8%81%E7%9B%AE15-9%20%E3%83%A9%E3%83%BB%E3%82%A2%E3%83%AB%E3%82%BF%E8%A5%BF%E9%BA%BB%E5%B8%831F,35.6616682,139.7226807,2024,焼肉 TOKYO,yakiniku_tokyo,発表日：2024年10月22日
うしごろ 貫 恵比寿本店,東京都渋谷区恵比寿南1-8-1 STM恵比寿ビル 1F,食べログ 焼肉 TOKYO 百名店 2024,https://tabelog.com/tokyo/A1303/A130302/13160330/,https://tabelog.com/tokyo/A1303/A130302/13160330/?cid=google_yoyaku,https://www.google.com/maps/search/?api=1&query=%E3%81%86%E3%81%97%E3%81%94%E3%82%8D%20%E8%B2%AB%20%E6%81%B5%E6%AF%94%E5%AF%BF%E6%9C%AC%E5%BA%97%20%E6%9D%B1%E4%BA%AC%E9%83%BD%E6%B8%8B%E8%B0%B7%E5%8C%BA%E6%81%B5%E6%AF%94%E5%AF%BF%E5%8D%971-8-1%20STM%E6%81%B5%E6%AF%94%E5%AF%BF%E3%83%93%E3%83%AB%201F,35.6462496,139.7093564,2024,焼肉 TOKYO,yakiniku_tokyo,発表日：2024年10月22日
ホルモン人生タロちゃん,東京都中野区中野5-35-8 新東京アパート 1F,食べログ 焼肉 TOKYO 百名店 2024,https://tabelog.com/tokyo/A1319/A131902/13264580/,https://tabelog.com/tokyo/A1319/A131902/13264580/?cid=google_yoyaku,https://www.google.com/maps/search/?api=1&query=%E3%83%9B%E3%83%AB%E3%83%A2%E3%83%B3%E4%BA%BA%E7%94%9F%E3%82%BF%E3%83%AD%E3%81%A1%E3%82%83%E3%82%93%20%E6%9D%B1%E4%BA%AC%E9%83%BD%E4%B8%AD%E9%87%8E%E5%8C%BA%E4%B8%AD%E9%87%8E5-35-8%20%E6%96%B0%E6%9D%B1%E4%BA%AC%E3%82%A2%E3%83%91%E3%83%BC%E3%83%88%201F,35.7070936,139.6666899,2024,焼肉 TOKYO,yakiniku_tokyo,発表日：2024年10月22日
銀座焼肉 Salon de AgingBeef,東京都中央区銀座5-7-6 i liv 11F,食べログ 焼肉 TOKYO 百名店 2024,https://tabelog.com/tokyo/A1301/A130101/13235853/,,https://www.google.com/maps/search/?api=1&query=%E9%8A%80%E5%BA%A7%E7%84%BC%E8%82%89%20Salon%20de%20AgingBeef%20%E6%9D%B1%E4%BA%AC%E9%83%BD%E4%B8%AD%E5%A4%AE%E5%8C%BA%E9%8A%80%E5%BA%A75-7-6%20i%20liv%2011F,35.6709412,139.7643732,2024,焼肉 TOKYO,yakiniku_tokyo,発表日：2024年10月22日
炭火焼肉 牛和鹿 本店,東京都江東区門前仲町2-9-5 あずまビル　２Ｆ,食べログ 焼肉 TOKYO 百名店 2024,https://tabelog.com/tokyo/A1313/A131303/13038809/,https://tabelog.com/tokyo/A1313/A131303/13038809/?cid=google_yoyaku,https://www.google.com/maps/search/?api=1&query=%E7%82%AD%E7%81%AB%E7%84%BC%E8%82%89%20%E7%89%9B%E5%92%8C%E9%B9%BF%20%E6%9C%AC%E5%BA%97%20%E6%9D%B1%E4%BA%AC%E9%83%BD%E6%B1%9F%E6%9D%B1%E5%8C%BA%E9%96%80%E5%89%8D%E4%BB%B2%E7%94%BA2-9-5%20%E3%81%82%E3%81%9A%E3%81%BE%E3%83%93%E3%83%AB%E3%80%80%EF%BC%92%EF%BC%A6,35.6732128,139.7960915,2024,焼肉 TOKYO,yakiniku_tokyo,発表日：2024年10月22日
煌 焼肉,東京都港区南青山2-12-15 2F,食べログ 焼肉 TOKYO 百名店 2024,https://tabelog.com/tokyo/A1306/A130603/13236356/,https://tabelog.com/tokyo/A1306/A130603/13236356/?cid=google_yoyaku,https://www.google.com/maps/search/?api=1&query=%E7%85%8C%20%E7%84%BC%E8%82%89%20%E6%9D%B1%E4%BA%AC%E9%83%BD%E6%B8%AF%E5%8C%BA%E5%8D%97%E9%9D%92%E5%B1%B12-12-15%202F,35.6712525,139.7205037,2024,焼肉 TOKYO,yakiniku_tokyo,発表日：2024年10月22日
焼肉 鶯谷園,東京都台東区根岸1-5-15,食べログ 焼肉 TOKYO 百名店 2024,https://tabelog.com/tokyo/A1311/A131104/13012243/,,https://www.google.com/maps/search/?api=1&query=%E7%84%BC%E8%82%89%20%E9%B6%AF%E8%B0%B7%E5%9C%92%20%E6%9D%B1%E4%BA%AC%E9%83%BD%E5%8F%B0%E6%9D%B1%E5%8C%BA%E6%A0%B9%E5%B2%B81-5-15,35.7223633,139.7793524,2024,焼肉 TOKYO,yakiniku_tokyo,発表日：2024年10月22日
ら・ぼうふ 用賀本店,東京都世田谷区中町5-21-8,食べログ 焼肉 TOKYO 百名店 2024,https://tabelog.com/tokyo/A1317/A131707/13005123/,,https://www.google.com/maps/search/?api=1&query=%E3%82%89%E3%83%BB%E3%81%BC%E3%81%86%E3%81%B5%20%E7%94%A8%E8%B3%80%E6%9C%AC%E5%BA%97%20%E6%9D%B1%E4%BA%AC%E9%83%BD%E4%B8%96%E7%94%B0%E8%B0%B7%E5%8C%BA%E4%B8%AD%E7%94%BA5-21-8,35.6204005,139.6412912,2024,焼肉 TOKYO,yakiniku_tokyo,発表日：2024年10月22日
正泰苑 総本店,東京都荒川区町屋8-7-6,食べログ 焼肉 TOKYO 百名店 2024,https://tabelog.com/tokyo/A1324/A132401/13003776/,,https://www.google.com/maps/search/?api=1&query=%E6%AD%A3%E6%B3%B0%E8%8B%91%20%E7%B7%8F%E6%9C%AC%E5%BA%97%20%E6%9D%B1%E4%BA%AC%E9%83%BD%E8%8D%92%E5%B7%9D%E5%8C%BA%E7%94%BA%E5%B1%8B8-7-6,35.7477261,139.7850703,2024,焼肉 TOKYO,yakiniku_tokyo,発表日：2024年10月22日
Nose to Tail,東京都新宿区神楽坂3-2-6 神楽坂越後屋ビル 3F,食べログ 焼肉 TOKYO 百名店 2024,https://tabelog.com/tokyo/A1309/A130905/13265713/,,https://www.google.com/maps/search/?api=1&query=Nose%20to%20Tail%20%E6%9D%B1%E4%BA%AC%E9%83%BD%E6%96%B0%E5%AE%BF%E5%8C%BA%E7%A5%9E%E6%A5%BD%E5%9D%823-2-6%20%E7%A5%9E%E6%A5%BD%E5%9D%82%E8%B6%8A%E5%BE%8C%E5%B1%8B%E3%83%93%E3%83%AB%203F,35.7015092,139.7402935,2024,焼肉 TOKYO,yakiniku_tokyo,発表日：2024年10月22日
焼肉 うしみつ 恵比寿本店,東京都渋谷区恵比寿南1-14-12 ル・ソレイユ3 M1F,食べログ 焼肉 TOKYO 百名店 2024,https://tabelog.com/tokyo/A1303/A130302/13204541/,https://tabelog.com/tokyo/A1303/A130302/13204541/?cid=google_yoyaku,https://www.google.com/maps/search/?api=1&query=%E7%84%BC%E8%82%89%20%E3%81%86%E3%81%97%E3%81%BF%E3%81%A4%20%E6%81%B5%E6%AF%94%E5%AF%BF%E6%9C%AC%E5%BA%97%20%E6%9D%B1%E4%BA%AC%E9%83%BD%E6%B8%8B%E8%B0%B7%E5%8C%BA%E6%81%B5%E6%AF%94%E5%AF%BF%E5%8D%971-14-12%20%E3%83%AB%E3%83%BB%E3%82%BD%E3%83%AC%E3%82%A4%E3%83%A63%20M1F,35.6453339,139.7097208,2024,焼肉 TOKYO,yakiniku_tokyo,発表日：2024年10月22日
焼肉・光陽,東京都品川区大崎3-6-7,食べログ 焼肉 TOKYO 百名店 2024,https://tabelog.com/tokyo/A1316/A131604/13020181/,,https://www.google.com/maps/search/?api=1&query=%E7%84%BC%E8%82%89%E3%83%BB%E5%85%89%E9%99%BD%20%E6%9D%B1%E4%BA%AC%E9%83%BD%E5%93%81%E5%B7%9D%E5%8C%BA%E5%A4%A7%E5%B4%8E3-6-7,35.6202336,139.7271619,2024,焼肉 TOKYO,yakiniku_tokyo,発表日：2024年10月22日
Hodori 用賀店,東京都世田谷区用賀2-28-19 １F,食べログ 焼肉 TOKYO 百名店 2024,https://tabelog.com/tokyo/A1317/A131707/13098101/,,https://www.google.com/maps/search/?api=1&query=Hodori%20%E7%94%A8%E8%B3%80%E5%BA%97%20%E6%9D%B1%E4%BA%AC%E9%83%BD%E4%B8%96%E7%94%B0%E8%B0%B7%E5%8C%BA%E7%94%A8%E8%B3%802-28-19%20%EF%BC%91F,35.6247886,139.6373359,2024,焼肉 TOKYO,yakiniku_tokyo,発表日：2024年10月22日
銀座 ちかみつ 六丁目,東京都中央区銀座6-13-16 ヒューリック銀座ウォールビル 1F,食べログ 焼肉 TOKYO 百名店 2024,https://tabelog.com/tokyo/A1301/A130101/13259532/,https://tabelog.com/tokyo/A1301/A130101/13259532/?cid=google_yoyaku,https://www.google.com/maps/search/?api=1&query=%E9%8A%80%E5%BA%A7%20%E3%81%A1%E3%81%8B%E3%81%BF%E3%81%A4%20%E5%85%AD%E4%B8%81%E7%9B%AE%20%E6%9D%B1%E4%BA%AC%E9%83%BD%E4%B8%AD%E5%A4%AE%E5%8C%BA%E9%8A%80%E5%BA%A76-13-16%20%E3%83%92%E3%83%A5%E3%83%BC%E3%83%AA%E3%83%83%E3%82%AF%E9%8A%80%E5%BA%A7%E3%82%A6%E3%82%A9%E3%83%BC%E3%83%AB%E3%83%93%E3%83%AB%201F,35.6688472,139.7645859,2024,焼肉 TOKYO,yakiniku_tokyo,発表日：2024年10月22日
とり澤,東京都目黒区上目黒1-5-13 メゾン中目黒 1F,食べログ 焼き鳥 EAST 百名店 2024,https://tabelog.com/tokyo/A1317/A131701/13248473/,https://tabelog.com/tokyo/A1317/A131701/13248473/?cid=google_yoyaku,https://www.google.com/maps/search/?api=1&query=%E3%81%A8%E3%82%8A%E6%BE%A4%20%E6%9D%B1%E4%BA%AC%E9%83%BD%E7%9B%AE%E9%BB%92%E5%8C%BA%E4%B8%8A%E7%9B%AE%E9%BB%921-5-13%20%E3%83%A1%E3%82%BE%E3%83%B3%E4%B8%AD%E7%9B%AE%E9%BB%92%201F,35.6448333,139.7002307,2024,焼き鳥 EAST,yakitori_east,発表日：2024年11月6日
炭焼 TORI8,東京都中央区日本橋2-10-11 Ordin日本橋ビル 8F,食べログ 焼き鳥 EAST 百名店 2024,https://tabelog.com/tokyo/A1302/A130202/13293712/,,https://www.google.com/maps/search/?api=1&query=%E7%82%AD%E7%84%BC%20TORI8%20%E6%9D%B1%E4%BA%AC%E9%83%BD%E4%B8%AD%E5%A4%AE%E5%8C%BA%E6%97%A5%E6%9C%AC%E6%A9%8B2-10-11%20Ordin%E6%97%A5%E6%9C%AC%E6%A9%8B%E3%83%93%E3%83%AB%208F,35.6810032,139.7745839,2024,焼き鳥 EAST,yakitori_east,発表日：2024年11月6日
とりアロマ,東京都千代田区神田神保町2-12-3,食べログ 焼き鳥 EAST 百名店 2024,https://tabelog.com/tokyo/A1310/A131003/13280797/,,https://www.google.com/maps/search/?api=1&query=%E3%81%A8%E3%82%8A%E3%82%A2%E3%83%AD%E3%83%9E%20%E6%9D%B1%E4%BA%AC%E9%83%BD%E5%8D%83%E4%BB%A3%E7%94%B0%E5%8C%BA%E7%A5%9E%E7%94%B0%E7%A5%9E%E4%BF%9D%E7%94%BA2-12-3,35.6965254,139.7567004,2024,焼き鳥 EAST,yakitori_east,発表日：2024年11月6日
鳥よし 中目黒本店,東京都目黒区上目黒2-8-6 谷島ビル　１Ｆ,食べログ 焼き鳥 EAST 百名店 2024,https://tabelog.com/tokyo/A1317/A131701/13003200/,,https://www.google.com/maps/search/?api=1&query=%E9%B3%A5%E3%82%88%E3%81%97%20%E4%B8%AD%E7%9B%AE%E9%BB%92%E6%9C%AC%E5%BA%97%20%E6%9D%B1%E4%BA%AC%E9%83%BD%E7%9B%AE%E9%BB%92%E5%8C%BA%E4%B8%8A%E7%9B%AE%E9%BB%922-8-6%20%E8%B0%B7%E5%B3%B6%E3%83%93%E3%83%AB%E3%80%80%EF%BC%91%EF%BC%A6,35.6423786,139.6990935,2024,焼き鳥 EAST,yakitori_east,発表日：2024年11月6日
焼鳥 嘉とう,東京都港区三田3-3-2 豊田ビル 2F,食べログ 焼き鳥 EAST 百名店 2024,https://tabelog.com/tokyo/A1314/A131402/13193773/,https://tabelog.com/tokyo/A1314/A131402/13193773/?cid=google_yoyaku,https://www.google.com/maps/search/?api=1&query=%E7%84%BC%E9%B3%A5%20%E5%98%89%E3%81%A8%E3%81%86%20%E6%9D%B1%E4%BA%AC%E9%83%BD%E6%B8%AF%E5%8C%BA%E4%B8%89%E7%94%B03-3-2%20%E8%B1%8A%E7%94%B0%E3%83%93%E3%83%AB%202F,35.6473116,139.7436289,2024,焼き鳥 EAST,yakitori_east,発表日：2024年11月6日
銀座バードランド,東京都中央区銀座4-2-15 塚本素山ビル　Ｂ１Ｆ,食べログ 焼き鳥 EAST 百名店 2024,https://tabelog.com/tokyo/A1301/A130101/13004097/,,https://www.google.com/maps/search/?api=1&query=%E9%8A%80%E5%BA%A7%E3%83%90%E3%83%BC%E3%83%89%E3%83%A9%E3%83%B3%E3%83%89%20%E6%9D%B1%E4%BA%AC%E9%83%BD%E4%B8%AD%E5%A4%AE%E5%8C%BA%E9%8A%80%E5%BA%A74-2-15%20%E5%A1%9A%E6%9C%AC%E7%B4%A0%E5%B1%B1%E3%83%93%E3%83%AB%E3%80%80%EF%BC%A2%EF%BC%91%EF%BC%A6,35.6727936,139.7639019,2024,焼き鳥 EAST,yakitori_east,発表日：2024年11月6日
焼鳥 山香,東京都新宿区矢来町64-4 DEAR神楽坂 2F,食べログ 焼き鳥 EAST 百名店 2024,https://tabelog.com/tokyo/A1309/A130905/13245585/,,https://www.google.com/maps/search/?api=1&query=%E7%84%BC%E9%B3%A5%20%E5%B1%B1%E9%A6%99%20%E6%9D%B1%E4%BA%AC%E9%83%BD%E6%96%B0%E5%AE%BF%E5%8C%BA%E7%9F%A2%E6%9D%A5%E7%94%BA64-4%20DEAR%E7%A5%9E%E6%A5%BD%E5%9D%82%202F,35.7034887,139.7328096,2024,焼き鳥 EAST,yakitori_east,発表日：2024年11月6日
鳥さわ 麻布十番,東京都港区麻布十番3-3-4 サンピア麻布十番 8F,食べログ 焼き鳥 EAST 百名店 2024,https://tabelog.com/tokyo/A1307/A130702/13234334/,,https://www.google.com/maps/search/?api=1&query=%E9%B3%A5%E3%81%95%E3%82%8F%20%E9%BA%BB%E5%B8%83%E5%8D%81%E7%95%AA%20%E6%9D%B1%E4%BA%AC%E9%83%BD%E6%B8%AF%E5%8C%BA%E9%BA%BB%E5%B8%83%E5%8D%81%E7%95%AA3-3-4%20%E3%82%B5%E3%83%B3%E3%83%94%E3%82%A2%E9%BA%BB%E5%B8%83%E5%8D%81%E7%95%AA%208F,35.6537448,139.7358341,2024,焼き鳥 EAST,yakitori_east,発表日：2024年11月6日
酒亭 田中,東京都墨田区墨田3-25-7,食べログ 焼き鳥 EAST 百名店 2024,https://tabelog.com/tokyo/A1312/A131203/13285811/,,https://www.google.com/maps/search/?api=1&query=%E9%85%92%E4%BA%AD%20%E7%94%B0%E4%B8%AD%20%E6%9D%B1%E4%BA%AC%E9%83%BD%E5%A2%A8%E7%94%B0%E5%8C%BA%E5%A2%A8%E7%94%B03-25-7,35.7307105,139.8195587,2024,焼き鳥 EAST,yakitori_east,発表日：2024年11月6日
おが和,東京都中央区日本橋人形町3-11-2,食べログ 焼き鳥 EAST 百名店 2024,https://tabelog.com/tokyo/A1302/A130204/13063782/,,https://www.google.com/maps/search/?api=1&query=%E3%81%8A%E3%81%8C%E5%92%8C%20%E6%9D%B1%E4%BA%AC%E9%83%BD%E4%B8%AD%E5%A4%AE%E5%8C%BA%E6%97%A5%E6%9C%AC%E6%A9%8B%E4%BA%BA%E5%BD%A2%E7%94%BA3-11-2,35.6874728,139.7821862,2024,焼き鳥 EAST,yakitori_east,発表日：2024年11月6日
鳥さわ ジグボーンクラブ,東京都港区白金6-2-4,食べログ 焼き鳥 EAST 百名店 2024,https://tabelog.com/tokyo/A1316/A131602/13276341/,,https://www.google.com/maps/search/?api=1&query=%E9%B3%A5%E3%81%95%E3%82%8F%20%E3%82%B8%E3%82%B0%E3%83%9C%E3%83%BC%E3%83%B3%E3%82%AF%E3%83%A9%E3%83%96%20%E6%9D%B1%E4%BA%AC%E9%83%BD%E6%B8%AF%E5%8C%BA%E7%99%BD%E9%87%916-2-4,35.6444901,139.7235523,2024,焼き鳥 EAST,yakitori_east,発表日：2024年11月6日
焼鳥 おがわ,東京都新宿区荒木町9-1 ウインド荒木町 1F,食べログ 焼き鳥 EAST 百名店 2024,https://tabelog.com/tokyo/A1309/A130903/13158357/,,https://www.google.com/maps/search/?api=1&query=%E7%84%BC%E9%B3%A5%20%E3%81%8A%E3%81%8C%E3%82%8F%20%E6%9D%B1%E4%BA%AC%E9%83%BD%E6%96%B0%E5%AE%BF%E5%8C%BA%E8%8D%92%E6%9C%A8%E7%94%BA9-1%20%E3%82%A6%E3%82%A4%E3%83%B3%E3%83%89%E8%8D%92%E6%9C%A8%E7%94%BA%201F,35.6896307,139.7222033,2024,焼き鳥 EAST,yakitori_east,発表日：2024年11月6日
焼鳥 おみ乃,東京都墨田区押上1-38-4 清流ビル１Ｆ,食べログ 焼き鳥 EAST 百名店 2024,https://tabelog.com/tokyo/A1312/A131203/13206654/,,https://www.google.com/maps/search/?api=1&query=%E7%84%BC%E9%B3%A5%20%E3%81%8A%E3%81%BF%E4%B9%83%20%E6%9D%B1%E4%BA%AC%E9%83%BD%E5%A2%A8%E7%94%B0%E5%8C%BA%E6%8A%BC%E4%B8%8A1-38-4%20%E6%B8%85%E6%B5%81%E3%83%93%E3%83%AB%EF%BC%91%EF%BC%A6,35.7098733,139.8158998,2024,焼き鳥 EAST,yakitori_east,発表日：2024年11月6日
地葉,神奈川県横浜市中区常盤町5-72-1 GM横浜馬車道ビル 3F,食べログ 焼き鳥 EAST 百名店 2024,https://tabelog.com/kanagawa/A1401/A140104/14070995/,,https://www.google.com/maps/search/?api=1&query=%E5%9C%B0%E8%91%89%20%E7%A5%9E%E5%A5%88%E5%B7%9D%E7%9C%8C%E6%A8%AA%E6%B5%9C%E5%B8%82%E4%B8%AD%E5%8C%BA%E5%B8%B8%E7%9B%A4%E7%94%BA5-72-1%20GM%E6%A8%AA%E6%B5%9C%E9%A6%AC%E8%BB%8A%E9%81%93%E3%83%93%E3%83%AB%203F,35.4473382,139.6343901,2024,焼き鳥 EAST,yakitori_east,発表日：2024年11月6日
鳥つた,東京都渋谷区恵比寿1-22-12 エビステルコ 2F,食べログ 焼き鳥 EAST 百名店 2024,https://tabelog.com/tokyo/A1303/A130302/13237390/,https://tabelog.com/tokyo/A1303/A130302/13237390/?cid=google_yoyaku,https://www.google.com/maps/search/?api=1&query=%E9%B3%A5%E3%81%A4%E3%81%9F%20%E6%9D%B1%E4%BA%AC%E9%83%BD%E6%B8%8B%E8%B0%B7%E5%8C%BA%E6%81%B5%E6%AF%94%E5%AF%BF1-22-12%20%E3%82%A8%E3%83%93%E3%82%B9%E3%83%86%E3%83%AB%E3%82%B3%202F,35.6464698,139.7145626,2024,焼き鳥 EAST,yakitori_east,発表日：2024年11月6日
鳥さみ,東京都葛飾区亀有3-27-15 エルブランコ 1F,食べログ 焼き鳥 EAST 百名店 2024,https://tabelog.com/tokyo/A1324/A132403/13256125/,https://tabelog.com/tokyo/A1324/A132403/13256125/?cid=google_yoyaku,https://www.google.com/maps/search/?api=1&query=%E9%B3%A5%E3%81%95%E3%81%BF%20%E6%9D%B1%E4%BA%AC%E9%83%BD%E8%91%9B%E9%A3%BE%E5%8C%BA%E4%BA%80%E6%9C%893-27-15%20%E3%82%A8%E3%83%AB%E3%83%96%E3%83%A9%E3%83%B3%E3%82%B3%201F,35.7661948,139.8500453,2024,焼き鳥 EAST,yakitori_east,発表日：2024年11月6日
鳥恵 上野広小路店,東京都文京区湯島3-40-8 栗田ビル 1F,食べログ 焼き鳥 EAST 百名店 2024,https://tabelog.com/tokyo/A1311/A131101/13128870/,https://tabelog.com/tokyo/A1311/A131101/13128870/?cid=google_yoyaku,https://www.google.com/maps/search/?api=1&query=%E9%B3%A5%E6%81%B5%20%E4%B8%8A%E9%87%8E%E5%BA%83%E5%B0%8F%E8%B7%AF%E5%BA%97%20%E6%9D%B1%E4%BA%AC%E9%83%BD%E6%96%87%E4%BA%AC%E5%8C%BA%E6%B9%AF%E5%B3%B63-40-8%20%E6%A0%97%E7%94%B0%E3%83%93%E3%83%AB%201F,35.7078643,139.7723454,2024,焼き鳥 EAST,yakitori_east,発表日：2024年11月6日
かさ原,東京都新宿区東五軒町5-5 2F,食べログ 焼き鳥 EAST 百名店 2024,https://tabelog.com/tokyo/A1309/A130905/13266251/,,https://www.google.com/maps/search/?api=1&query=%E3%81%8B%E3%81%95%E5%8E%9F%20%E6%9D%B1%E4%BA%AC%E9%83%BD%E6%96%B0%E5%AE%BF%E5%8C%BA%E6%9D%B1%E4%BA%94%E8%BB%92%E7%94%BA5-5%202F,35.7063935,139.7398163,2024,焼き鳥 EAST,yakitori_east,発表日：2024年11月6日
鳥さわ22,東京都港区西麻布4-18-17,食べログ 焼き鳥 EAST 百名店 2024,https://tabelog.com/tokyo/A1307/A130703/13222625/,,https://www.google.com/maps/search/?api=1&query=%E9%B3%A5%E3%81%95%E3%82%8F22%20%E6%9D%B1%E4%BA%AC%E9%83%BD%E6%B8%AF%E5%8C%BA%E8%A5%BF%E9%BA%BB%E5%B8%834-18-17,35.6581718,139.7187307,2024,焼き鳥 EAST,yakitori_east,発表日：2024年11月6日
鳥匠いし井ひな,東京都港区南麻布1-27-7 クリフサイドビル 1F,食べログ 焼き鳥 EAST 百名店 2024,https://tabelog.com/tokyo/A1307/A130702/13271040/,,https://www.google.com/maps/search/?api=1&query=%E9%B3%A5%E5%8C%A0%E3%81%84%E3%81%97%E4%BA%95%E3%81%B2%E3%81%AA%20%E6%9D%B1%E4%BA%AC%E9%83%BD%E6%B8%AF%E5%8C%BA%E5%8D%97%E9%BA%BB%E5%B8%831-27-7%20%E3%82%AF%E3%83%AA%E3%83%95%E3%82%B5%E3%82%A4%E3%83%89%E3%83%93%E3%83%AB%201F,35.6500340,139.7333410,2024,焼き鳥 EAST,yakitori_east,発表日：2024年11月6日
鳥長,東京都練馬区豊玉北4-31-8,食べログ 焼き鳥 EAST 百名店 2024,https://tabelog.com/tokyo/A1321/A132102/13058892/,,https://www.google.com/maps/search/?api=1&query=%E9%B3%A5%E9%95%B7%20%E6%9D%B1%E4%BA%AC%E9%83%BD%E7%B7%B4%E9%A6%AC%E5%8C%BA%E8%B1%8A%E7%8E%89%E5%8C%974-31-8,35.7345985,139.6568358,2024,焼き鳥 EAST,yakitori_east,発表日：2024年11月6日
オオクサ,東京都新宿区荒木町7-13 森戸ビル 1Ｆ,食べログ 焼き鳥 EAST 百名店 2024,https://tabelog.com/tokyo/A1309/A130903/13240980/,,https://www.google.com/maps/search/?api=1&query=%E3%82%AA%E3%82%AA%E3%82%AF%E3%82%B5%20%E6%9D%B1%E4%BA%AC%E9%83%BD%E6%96%B0%E5%AE%BF%E5%8C%BA%E8%8D%92%E6%9C%A8%E7%94%BA7-13%20%E6%A3%AE%E6%88%B8%E3%83%93%E3%83%AB%201%EF%BC%A6,35.6891139,139.7222738,2024,焼き鳥 EAST,yakitori_east,発表日：2024年11月6日
焼鳥 うの,東京都世田谷区奥沢3-30-11,食べログ 焼き鳥 EAST 百名店 2024,https://tabelog.com/tokyo/A1317/A131711/13130757/,,https://www.google.com/maps/search/?api=1&query=%E7%84%BC%E9%B3%A5%20%E3%81%86%E3%81%AE%20%E6%9D%B1%E4%BA%AC%E9%83%BD%E4%B8%96%E7%94%B0%E8%B0%B7%E5%8C%BA%E5%A5%A5%E6%B2%A23-30-11,35.6024638,139.6718691,2024,焼き鳥 EAST,yakitori_east,発表日：2024年11月6日
喜鈴,東京都渋谷区恵比寿西1-8-10 EBISU高橋ビルB1F,食べログ 焼き鳥 EAST 百名店 2024,https://tabelog.com/tokyo/A1303/A130302/13188236/,https://tabelog.com/tokyo/A1303/A130302/13188236/?cid=google_yoyaku,https://www.google.com/maps/search/?api=1&query=%E5%96%9C%E9%88%B4%20%E6%9D%B1%E4%BA%AC%E9%83%BD%E6%B8%8B%E8%B0%B7%E5%8C%BA%E6%81%B5%E6%AF%94%E5%AF%BF%E8%A5%BF1-8-10%20EBISU%E9%AB%98%E6%A9%8B%E3%83%93%E3%83%ABB1F,35.6473016,139.7085078,2024,焼き鳥 EAST,yakitori_east,発表日：2024年11月6日
鳥焼 笹や,東京都目黒区目黒1-24-6 室井ビル 1F,食べログ 焼き鳥 EAST 百名店 2024,https://tabelog.com/tokyo/A1316/A131601/13045529/,https://tabelog.com/tokyo/A1316/A131601/13045529/?cid=google_yoyaku,https://www.google.com/maps/search/?api=1&query=%E9%B3%A5%E7%84%BC%20%E7%AC%B9%E3%82%84%20%E6%9D%B1%E4%BA%AC%E9%83%BD%E7%9B%AE%E9%BB%92%E5%8C%BA%E7%9B%AE%E9%BB%921-24-6%20%E5%AE%A4%E4%BA%95%E3%83%93%E3%83%AB%201F,35.6353006,139.7101509,2024,焼き鳥 EAST,yakitori_east,発表日：2024年11月6日
鳥よし 銀座店,東京都中央区銀座7-2 銀座コリドー 街 1F,食べログ 焼き鳥 EAST 百名店 2024,https://tabelog.com/tokyo/A1301/A130101/13016582/,,https://www.google.com/maps/search/?api=1&query=%E9%B3%A5%E3%82%88%E3%81%97%20%E9%8A%80%E5%BA%A7%E5%BA%97%20%E6%9D%B1%E4%BA%AC%E9%83%BD%E4%B8%AD%E5%A4%AE%E5%8C%BA%E9%8A%80%E5%BA%A77-2%20%E9%8A%80%E5%BA%A7%E3%82%B3%E3%83%AA%E3%83%89%E3%83%BC%20%E8%A1%97%201F,35.6705661,139.7597745,2024,焼き鳥 EAST,yakitori_east,発表日：2024年11月6日
焼鳥 高はし,東京都中央区日本橋2-10-11 Ordin日本橋ビル 2F,食べログ 焼き鳥 EAST 百名店 2024,https://tabelog.com/tokyo/A1302/A130202/13277790/,,https://www.google.com/maps/search/?api=1&query=%E7%84%BC%E9%B3%A5%20%E9%AB%98%E3%81%AF%E3%81%97%20%E6%9D%B1%E4%BA%AC%E9%83%BD%E4%B8%AD%E5%A4%AE%E5%8C%BA%E6%97%A5%E6%9C%AC%E6%A9%8B2-10-11%20Ordin%E6%97%A5%E6%9C%AC%E6%A9%8B%E3%83%93%E3%83%AB%202F,35.6809904,139.7746047,2024,焼き鳥 EAST,yakitori_east,発表日：2024年11月6日
とり喜,東京都墨田区錦糸1-8-13 小坂ビル1階,食べログ 焼き鳥 EAST 百名店 2024,https://tabelog.com/tokyo/A1312/A131201/13026017/,,https://www.google.com/maps/search/?api=1&query=%E3%81%A8%E3%82%8A%E5%96%9C%20%E6%9D%B1%E4%BA%AC%E9%83%BD%E5%A2%A8%E7%94%B0%E5%8C%BA%E9%8C%A6%E7%B3%B81-8-13%20%E5%B0%8F%E5%9D%82%E3%83%93%E3%83%AB1%E9%9A%8E,35.6981146,139.8113145,2024,焼き鳥 EAST,yakitori_east,発表日：2024年11月6日
文ちゃん,東京都新宿区神楽坂3-6 高橋ビル２　Ｂ１Ｆ,食べログ 焼き鳥 EAST 百名店 2024,https://tabelog.com/tokyo/A1309/A130905/13011406/,,https://www.google.com/maps/search/?api=1&query=%E6%96%87%E3%81%A1%E3%82%83%E3%82%93%20%E6%9D%B1%E4%BA%AC%E9%83%BD%E6%96%B0%E5%AE%BF%E5%8C%BA%E7%A5%9E%E6%A5%BD%E5%9D%823-6%20%E9%AB%98%E6%A9%8B%E3%83%93%E3%83%AB%EF%BC%92%E3%80%80%EF%BC%A2%EF%BC%91%EF%BC%A6,35.7007786,139.7398049,2024,焼き鳥 EAST,yakitori_east,発表日：2024年11月6日
やきとりshira,東京都世田谷区梅丘1-22-1 y'sステート B1F,食べログ 焼き鳥 EAST 百名店 2024,https://tabelog.com/tokyo/A1318/A131812/13193012/,,https://www.google.com/maps/search/?api=1&query=%E3%82%84%E3%81%8D%E3%81%A8%E3%82%8Ashira%20%E6%9D%B1%E4%BA%AC%E9%83%BD%E4%B8%96%E7%94%B0%E8%B0%B7%E5%8C%BA%E6%A2%85%E4%B8%981-22-1%20y%27s%E3%82%B9%E3%83%86%E3%83%BC%E3%83%88%20B1F,35.6552080,139.6532741,2024,焼き鳥 EAST,yakitori_east,発表日：2024年11月6日
焼鳥 はちまん,東京都新宿区西早稲田3-1-1 八幡鮨　Ｂ１Ｆ,食べログ 焼き鳥 EAST 百名店 2024,https://tabelog.com/tokyo/A1305/A130504/13000055/,,https://www.google.com/maps/search/?api=1&query=%E7%84%BC%E9%B3%A5%20%E3%81%AF%E3%81%A1%E3%81%BE%E3%82%93%20%E6%9D%B1%E4%BA%AC%E9%83%BD%E6%96%B0%E5%AE%BF%E5%8C%BA%E8%A5%BF%E6%97%A9%E7%A8%B2%E7%94%B03-1-1%20%E5%85%AB%E5%B9%A1%E9%AE%A8%E3%80%80%EF%BC%A2%EF%BC%91%EF%BC%A6,35.7095960,139.7163654,2024,焼き鳥 EAST,yakitori_east,発表日：2024年11月6日
やきとり 右羽。,東京都目黒区鷹番2-20-19 W.学芸大学 1F,食べログ 焼き鳥 EAST 百名店 2024,https://tabelog.com/tokyo/A1317/A131702/13253473/,https://tabelog.com/tokyo/A1317/A131702/13253473/?cid=google_yoyaku,https://www.google.com/maps/search/?api=1&query=%E3%82%84%E3%81%8D%E3%81%A8%E3%82%8A%20%E5%8F%B3%E7%BE%BD%E3%80%82%20%E6%9D%B1%E4%BA%AC%E9%83%BD%E7%9B%AE%E9%BB%92%E5%8C%BA%E9%B7%B9%E7%95%AA2-20-19%20W.%E5%AD%A6%E8%8A%B8%E5%A4%A7%E5%AD%A6%201F,35.6296807,139.6864766,2024,焼き鳥 EAST,yakitori_east,発表日：2024年11月6日
鳥はな,東京都新宿区新宿5丁目18-18,食べログ 焼き鳥 EAST 百名店 2024,https://tabelog.com/tokyo/A1304/A130401/13058653/,,https://www.google.com/maps/search/?api=1&query=%E9%B3%A5%E3%81%AF%E3%81%AA%20%E6%9D%B1%E4%BA%AC%E9%83%BD%E6%96%B0%E5%AE%BF%E5%8C%BA%E6%96%B0%E5%AE%BF5%E4%B8%81%E7%9B%AE18-18,35.6942264,139.7065142,2024,焼き鳥 EAST,yakitori_east,発表日：2024年11月6日
焼き鳥 峠,東京都新宿区細工町3-5 荘 1F,食べログ 焼き鳥 EAST 百名店 2024,https://tabelog.com/tokyo/A1309/A130905/13225479/,,https://www.google.com/maps/search/?api=1&query=%E7%84%BC%E3%81%8D%E9%B3%A5%20%E5%B3%A0%20%E6%9D%B1%E4%BA%AC%E9%83%BD%E6%96%B0%E5%AE%BF%E5%8C%BA%E7%B4%B0%E5%B7%A5%E7%94%BA3-5%20%E8%8D%98%201F,35.6990211,139.7327182,2024,焼き鳥 EAST,yakitori_east,発表日：2024年11月6日
焼鳥 茜,東京都新宿区天神町68 滝沢ビル1F,食べログ 焼き鳥 EAST 百名店 2024,https://tabelog.com/tokyo/A1309/A130905/13196727/,,https://www.google.com/maps/search/?api=1&query=%E7%84%BC%E9%B3%A5%20%E8%8C%9C%20%E6%9D%B1%E4%BA%AC%E9%83%BD%E6%96%B0%E5%AE%BF%E5%8C%BA%E5%A4%A9%E7%A5%9E%E7%94%BA68%20%E6%BB%9D%E6%B2%A2%E3%83%93%E3%83%AB1F,35.7056459,139.7307942,2024,焼き鳥 EAST,yakitori_east,発表日：2024年11月6日
阿佐ヶ谷バードランド,東京都杉並区阿佐谷南3-37-9 パールアサガヤ　１Ｆ,食べログ 焼き鳥 EAST 百名店 2024,https://tabelog.com/tokyo/A1319/A131905/13026225/,,https://www.google.com/maps/search/?api=1&query=%E9%98%BF%E4%BD%90%E3%83%B6%E8%B0%B7%E3%83%90%E3%83%BC%E3%83%89%E3%83%A9%E3%83%B3%E3%83%89%20%E6%9D%B1%E4%BA%AC%E9%83%BD%E6%9D%89%E4%B8%A6%E5%8C%BA%E9%98%BF%E4%BD%90%E8%B0%B7%E5%8D%973-37-9%20%E3%83%91%E3%83%BC%E3%83%AB%E3%82%A2%E3%82%B5%E3%82%AC%E3%83%A4%E3%80%80%EF%BC%91%EF%BC%A6,35.7043706,139.6347579,2024,焼き鳥 EAST,yakitori_east,発表日：2024年11月6日
南青山 七鳥目,東京都港区南青山7-13-13 フォレストビル B1F,食べログ 焼き鳥 EAST 百名店 2024,https://tabelog.com/tokyo/A1307/A130703/13200559/,,https://www.google.com/maps/search/?api=1&query=%E5%8D%97%E9%9D%92%E5%B1%B1%20%E4%B8%83%E9%B3%A5%E7%9B%AE%20%E6%9D%B1%E4%BA%AC%E9%83%BD%E6%B8%AF%E5%8C%BA%E5%8D%97%E9%9D%92%E5%B1%B17-13-13%20%E3%83%95%E3%82%A9%E3%83%AC%E3%82%B9%E3%83%88%E3%83%93%E3%83%AB%20B1F,35.6571501,139.7181601,2024,焼き鳥 EAST,yakitori_east,発表日：2024年11月6日
鍈輝,東京都渋谷区恵比寿2-10-5 ROZIS 1F,食べログ 焼き鳥 EAST 百名店 2024,https://tabelog.com/tokyo/A1303/A130302/13230923/,,https://www.google.com/maps/search/?api=1&query=%E9%8D%88%E8%BC%9D%20%E6%9D%B1%E4%BA%AC%E9%83%BD%E6%B8%8B%E8%B0%B7%E5%8C%BA%E6%81%B5%E6%AF%94%E5%AF%BF2-10-5%20ROZIS%201F,35.6456966,139.7168505,2024,焼き鳥 EAST,yakitori_east,発表日：2024年11月6日
里葉亭,神奈川県横浜市中区福富町仲通3-2,食べログ 焼き鳥 EAST 百名店 2024,https://tabelog.com/kanagawa/A1401/A140102/14001650/,,https://www.google.com/maps/search/?api=1&query=%E9%87%8C%E8%91%89%E4%BA%AD%20%E7%A5%9E%E5%A5%88%E5%B7%9D%E7%9C%8C%E6%A8%AA%E6%B5%9C%E5%B8%82%E4%B8%AD%E5%8C%BA%E7%A6%8F%E5%AF%8C%E7%94%BA%E4%BB%B2%E9%80%9A3-2,35.4456405,139.6314432,2024,焼き鳥 EAST,yakitori_east,発表日：2024年11月6日
鳥しき,東京都品川区上大崎2-14-12,食べログ 焼き鳥 EAST 百名店 2024,https://tabelog.com/tokyo/A1316/A131601/13041029/,,https://www.google.com/maps/search/?api=1&query=%E9%B3%A5%E3%81%97%E3%81%8D%20%E6%9D%B1%E4%BA%AC%E9%83%BD%E5%93%81%E5%B7%9D%E5%8C%BA%E4%B8%8A%E5%A4%A7%E5%B4%8E2-14-12,35.6342870,139.7168978,2024,焼き鳥 EAST,yakitori_east,発表日：2024年11月6日
鳥おか,東京都港区麻布台1-2-4 麻布台ヒルズ ガーデンプラザC B1F,食べログ 焼き鳥 EAST 百名店 2024,https://tabelog.com/tokyo/A1307/A130701/13293212/,,https://www.google.com/maps/search/?api=1&query=%E9%B3%A5%E3%81%8A%E3%81%8B%20%E6%9D%B1%E4%BA%AC%E9%83%BD%E6%B8%AF%E5%8C%BA%E9%BA%BB%E5%B8%83%E5%8F%B01-2-4%20%E9%BA%BB%E5%B8%83%E5%8F%B0%E3%83%92%E3%83%AB%E3%82%BA%20%E3%82%AC%E3%83%BC%E3%83%87%E3%83%B3%E3%83%97%E3%83%A9%E3%82%B6C%20B1F,35.6621671,139.7414644,2024,焼き鳥 EAST,yakitori_east,発表日：2024年11月6日
伊勢廣 ニューオータニ店,東京都千代田区紀尾井町4-1 ホテルニューオータニ東京 アーケード階,食べログ 焼き鳥 EAST 百名店 2024,https://tabelog.com/tokyo/A1308/A130803/13000174/,,https://www.google.com/maps/search/?api=1&query=%E4%BC%8A%E5%8B%A2%E5%BB%A3%20%E3%83%8B%E3%83%A5%E3%83%BC%E3%82%AA%E3%83%BC%E3%82%BF%E3%83%8B%E5%BA%97%20%E6%9D%B1%E4%BA%AC%E9%83%BD%E5%8D%83%E4%BB%A3%E7%94%B0%E5%8C%BA%E7%B4%80%E5%B0%BE%E4%BA%95%E7%94%BA4-1%20%E3%83%9B%E3%83%86%E3%83%AB%E3%83%8B%E3%83%A5%E3%83%BC%E3%82%AA%E3%83%BC%E3%82%BF%E3%83%8B%E6%9D%B1%E4%BA%AC%20%E3%82%A2%E3%83%BC%E3%82%B1%E3%83%BC%E3%83%89%E9%9A%8E,35.6816915,139.7341611,2024,焼き鳥 EAST,yakitori_east,発表日：2024年11月6日
根津 焼鳥 照隅,東京都文京区根津1-1-21,食べログ 焼き鳥 EAST 百名店 2024,https://tabelog.com/tokyo/A1311/A131106/13182104/,,https://www.google.com/maps/search/?api=1&query=%E6%A0%B9%E6%B4%A5%20%E7%84%BC%E9%B3%A5%20%E7%85%A7%E9%9A%85%20%E6%9D%B1%E4%BA%AC%E9%83%BD%E6%96%87%E4%BA%AC%E5%8C%BA%E6%A0%B9%E6%B4%A51-1-21,35.7169500,139.7659637,2024,焼き鳥 EAST,yakitori_east,発表日：2024年11月6日
やきとり阿部,東京都品川区上大崎3-3-4 MIYUKI HOUSE 1F,食べログ 焼き鳥 EAST 百名店 2024,https://tabelog.com/tokyo/A1316/A131601/13197391/,,https://www.google.com/maps/search/?api=1&query=%E3%82%84%E3%81%8D%E3%81%A8%E3%82%8A%E9%98%BF%E9%83%A8%20%E6%9D%B1%E4%BA%AC%E9%83%BD%E5%93%81%E5%B7%9D%E5%8C%BA%E4%B8%8A%E5%A4%A7%E5%B4%8E3-3-4%20MIYUKI%20HOUSE%201F,35.6339632,139.7181081,2024,焼き鳥 EAST,yakitori_east,発表日：2024年11月6日
興,東京都荒川区東日暮里1-32-3 1F,食べログ 焼き鳥 EAST 百名店 2024,https://tabelog.com/tokyo/A1324/A132401/13115926/,,https://www.google.com/maps/search/?api=1&query=%E8%88%88%20%E6%9D%B1%E4%BA%AC%E9%83%BD%E8%8D%92%E5%B7%9D%E5%8C%BA%E6%9D%B1%E6%97%A5%E6%9A%AE%E9%87%8C1-32-3%201F,35.7303394,139.7879640,2024,焼き鳥 EAST,yakitori_east,発表日：2024年11月6日
焼鶏 ひらこ,東京都港区西麻布1-5-23 東ビル 1F,食べログ 焼き鳥 EAST 百名店 2024,https://tabelog.com/tokyo/A1307/A130701/13232545/,https://tabelog.com/tokyo/A1307/A130701/13232545/?cid=google_yoyaku,https://www.google.com/maps/search/?api=1&query=%E7%84%BC%E9%B6%8F%20%E3%81%B2%E3%82%89%E3%81%93%20%E6%9D%B1%E4%BA%AC%E9%83%BD%E6%B8%AF%E5%8C%BA%E8%A5%BF%E9%BA%BB%E5%B8%831-5-23%20%E6%9D%B1%E3%83%93%E3%83%AB%201F,35.6618509,139.7257792,2024,焼き鳥 EAST,yakitori_east,発表日：2024年11月6日
とり茶太郎,東京都渋谷区鶯谷町7-12 TAKビル 1F,食べログ 焼き鳥 EAST 百名店 2024,https://tabelog.com/tokyo/A1303/A130301/13157208/,,https://www.google.com/maps/search/?api=1&query=%E3%81%A8%E3%82%8A%E8%8C%B6%E5%A4%AA%E9%83%8E%20%E6%9D%B1%E4%BA%AC%E9%83%BD%E6%B8%8B%E8%B0%B7%E5%8C%BA%E9%B6%AF%E8%B0%B7%E7%94%BA7-12%20TAK%E3%83%93%E3%83%AB%201F,35.6541121,139.7021497,2024,焼き鳥 EAST,yakitori_east,発表日：2024年11月6日
鳥よし 赤坂店,東京都港区赤坂3-20-3,食べログ 焼き鳥 EAST 百名店 2024,https://tabelog.com/tokyo/A1308/A130801/13045421/,,https://www.google.com/maps/search/?api=1&query=%E9%B3%A5%E3%82%88%E3%81%97%20%E8%B5%A4%E5%9D%82%E5%BA%97%20%E6%9D%B1%E4%BA%AC%E9%83%BD%E6%B8%AF%E5%8C%BA%E8%B5%A4%E5%9D%823-20-3,35.6761280,139.7362620,2024,焼き鳥 EAST,yakitori_east,発表日：2024年11月6日
白金 酉玉 本館,東京都港区白金6-22-19,食べログ 焼き鳥 EAST 百名店 2024,https://tabelog.com/tokyo/A1316/A131602/13005504/,https://tabelog.com/tokyo/A1316/A131602/13005504/?cid=google_yoyaku,https://www.google.com/maps/search/?api=1&query=%E7%99%BD%E9%87%91%20%E9%85%89%E7%8E%89%20%E6%9C%AC%E9%A4%A8%20%E6%9D%B1%E4%BA%AC%E9%83%BD%E6%B8%AF%E5%8C%BA%E7%99%BD%E9%87%916-22-19,35.6444924,139.7219085,2024,焼き鳥 EAST,yakitori_east,発表日：2024年11月6日
焼鳥今井,東京都渋谷区神宮前3-42-11 ローザビアンカ 1F,食べログ 焼き鳥 EAST 百名店 2024,https://tabelog.com/tokyo/A1306/A130603/13025995/,https://tabelog.com/tokyo/A1306/A130603/13025995/?cid=google_yoyaku,https://www.google.com/maps/search/?api=1&query=%E7%84%BC%E9%B3%A5%E4%BB%8A%E4%BA%95%20%E6%9D%B1%E4%BA%AC%E9%83%BD%E6%B8%8B%E8%B0%B7%E5%8C%BA%E7%A5%9E%E5%AE%AE%E5%89%8D3-42-11%20%E3%83%AD%E3%83%BC%E3%82%B6%E3%83%93%E3%82%A2%E3%83%B3%E3%82%AB%201F,35.6718300,139.7139443,2024,焼き鳥 EAST,yakitori_east,発表日：2024年11月6日
瀬尾,東京都港区麻布十番1-4-2 カーサツルオカ　B1F,食べログ 焼き鳥 EAST 百名店 2024,https://tabelog.com/tokyo/A1307/A130702/13005034/,,https://www.google.com/maps/search/?api=1&query=%E7%80%AC%E5%B0%BE%20%E6%9D%B1%E4%BA%AC%E9%83%BD%E6%B8%AF%E5%8C%BA%E9%BA%BB%E5%B8%83%E5%8D%81%E7%95%AA1-4-2%20%E3%82%AB%E3%83%BC%E3%82%B5%E3%83%84%E3%83%AB%E3%82%AA%E3%82%AB%E3%80%80B1F,35.6571917,139.7354839,2024,焼き鳥 EAST,yakitori_east,発表日：2024年11月6日
やきとり 陽火,東京都港区白金5-8-13 白金ハイツ 1F,食べログ 焼き鳥 EAST 百名店 2024,https://tabelog.com/tokyo/A1316/A131602/13247688/,https://tabelog.com/tokyo/A1316/A131602/13247688/?cid=google_yoyaku,https://www.google.com/maps/search/?api=1&query=%E3%82%84%E3%81%8D%E3%81%A8%E3%82%8A%20%E9%99%BD%E7%81%AB%20%E6%9D%B1%E4%BA%AC%E9%83%BD%E6%B8%AF%E5%8C%BA%E7%99%BD%E9%87%915-8-13%20%E7%99%BD%E9%87%91%E3%83%8F%E3%82%A4%E3%83%84%201F,35.6444845,139.7264025,2024,焼き鳥 EAST,yakitori_east,発表日：2024年11月6日
焼鳥 美鶏,神奈川県横浜市中区太田町2-30 田中ビル 2F,食べログ 焼き鳥 EAST 百名店 2024,https://tabelog.com/kanagawa/A1401/A140104/14064998/,https://tabelog.com/kanagawa/A1401/A140104/14064998/?cid=google_yoyaku,https://www.google.com/maps/search/?api=1&query=%E7%84%BC%E9%B3%A5%20%E7%BE%8E%E9%B6%8F%20%E7%A5%9E%E5%A5%88%E5%B7%9D%E7%9C%8C%E6%A8%AA%E6%B5%9C%E5%B8%82%E4%B8%AD%E5%8C%BA%E5%A4%AA%E7%94%B0%E7%94%BA2-30%20%E7%94%B0%E4%B8%AD%E3%83%93%E3%83%AB%202F,35.4467134,139.6387547,2024,焼き鳥 EAST,yakitori_east,発表日：2024年11月6日
焼鳥 山もと,東京都武蔵野市中町1-19-8 シティハイツ武蔵野 B1F,食べログ 焼き鳥 EAST 百名店 2024,https://tabelog.com/tokyo/A1320/A132002/13187433/,,https://www.google.com/maps/search/?api=1&query=%E7%84%BC%E9%B3%A5%20%E5%B1%B1%E3%82%82%E3%81%A8%20%E6%9D%B1%E4%BA%AC%E9%83%BD%E6%AD%A6%E8%94%B5%E9%87%8E%E5%B8%82%E4%B8%AD%E7%94%BA1-19-8%20%E3%82%B7%E3%83%86%E3%82%A3%E3%83%8F%E3%82%A4%E3%83%84%E6%AD%A6%E8%94%B5%E9%87%8E%20B1F,35.7050080,139.5626810,2024,焼き鳥 EAST,yakitori_east,発表日：2024年11月6日
焼鳥どろまみれ 四谷本店,東京都新宿区荒木町20 ヤカタビル ２Ｆ,食べログ 焼き鳥 EAST 百名店 2024,https://tabelog.com/tokyo/A1309/A130903/13116757/,https://tabelog.com/tokyo/A1309/A130903/13116757/?cid=google_yoyaku,https://www.google.com/maps/search/?api=1&query=%E7%84%BC%E9%B3%A5%E3%81%A9%E3%82%8D%E3%81%BE%E3%81%BF%E3%82%8C%20%E5%9B%9B%E8%B0%B7%E6%9C%AC%E5%BA%97%20%E6%9D%B1%E4%BA%AC%E9%83%BD%E6%96%B0%E5%AE%BF%E5%8C%BA%E8%8D%92%E6%9C%A8%E7%94%BA20%20%E3%83%A4%E3%82%AB%E3%82%BF%E3%83%93%E3%83%AB%20%EF%BC%92%EF%BC%A6,35.6907308,139.7225401,2024,焼き鳥 EAST,yakitori_east,発表日：2024年11月6日
地葉はなれ,神奈川県横浜市神奈川区鶴屋町1-7-1 デリス横浜ビル 4F,食べログ 焼き鳥 EAST 百名店 2024,https://tabelog.com/kanagawa/A1401/A140101/14074964/,,https://www.google.com/maps/search/?api=1&query=%E5%9C%B0%E8%91%89%E3%81%AF%E3%81%AA%E3%82%8C%20%E7%A5%9E%E5%A5%88%E5%B7%9D%E7%9C%8C%E6%A8%AA%E6%B5%9C%E5%B8%82%E7%A5%9E%E5%A5%88%E5%B7%9D%E5%8C%BA%E9%B6%B4%E5%B1%8B%E7%94%BA1-7-1%20%E3%83%87%E3%83%AA%E3%82%B9%E6%A8%AA%E6%B5%9C%E3%83%93%E3%83%AB%204F,35.4692223,139.6242134,2024,焼き鳥 EAST,yakitori_east,発表日：2024年11月6日
伸喜,神奈川県横浜市中区野毛町2-80,食べログ 焼き鳥 EAST 百名店 2024,https://tabelog.com/kanagawa/A1401/A140102/14000552/,,https://www.google.com/maps/search/?api=1&query=%E4%BC%B8%E5%96%9C%20%E7%A5%9E%E5%A5%88%E5%B7%9D%E7%9C%8C%E6%A8%AA%E6%B5%9C%E5%B8%82%E4%B8%AD%E5%8C%BA%E9%87%8E%E6%AF%9B%E7%94%BA2-80,35.4480504,139.6294258,2024,焼き鳥 EAST,yakitori_east,発表日：2024年11月6日
道しるべ,東京都新宿区歌舞伎町1-3-7,食べログ 焼き鳥 EAST 百名店 2024,https://tabelog.com/tokyo/A1304/A130401/13101685/,,https://www.google.com/maps/search/?api=1&query=%E9%81%93%E3%81%97%E3%82%8B%E3%81%B9%20%E6%9D%B1%E4%BA%AC%E9%83%BD%E6%96%B0%E5%AE%BF%E5%8C%BA%E6%AD%8C%E8%88%9E%E4%BC%8E%E7%94%BA1-3-7,35.6947681,139.7037019,2024,焼き鳥 EAST,yakitori_east,発表日：2024年11月6日
焼鳥 コの字,群馬県高崎市田町106-5,食べログ 焼き鳥 EAST 百名店 2024,https://tabelog.com/gunma/A1001/A100102/10014200/,,https://www.google.com/maps/search/?api=1&query=%E7%84%BC%E9%B3%A5%20%E3%82%B3%E3%81%AE%E5%AD%97%20%E7%BE%A4%E9%A6%AC%E7%9C%8C%E9%AB%98%E5%B4%8E%E5%B8%82%E7%94%B0%E7%94%BA106-5,36.3281244,139.0069807,2024,焼き鳥 EAST,yakitori_east,発表日：2024年11月6日
伊勢廣 京橋本店,東京都中央区京橋1-4-9,食べログ 焼き鳥 EAST 百名店 2024,https://tabelog.com/tokyo/A1302/A130202/13251802/,,https://www.google.com/maps/search/?api=1&query=%E4%BC%8A%E5%8B%A2%E5%BB%A3%20%E4%BA%AC%E6%A9%8B%E6%9C%AC%E5%BA%97%20%E6%9D%B1%E4%BA%AC%E9%83%BD%E4%B8%AD%E5%A4%AE%E5%8C%BA%E4%BA%AC%E6%A9%8B1-4-9,35.6784969,139.7703505,2024,焼き鳥 EAST,yakitori_east,発表日：2024年11月6日
おみ乃 神谷町,東京都港区虎ノ門3-17-1 TOKYU REIT虎ノ門ﾋﾞﾙ 104,食べログ 焼き鳥 EAST 百名店 2024,https://tabelog.com/tokyo/A1307/A130704/13255846/,https://tabelog.com/tokyo/A1307/A130704/13255846/?cid=google_yoyaku,https://www.google.com/maps/search/?api=1&query=%E3%81%8A%E3%81%BF%E4%B9%83%20%E7%A5%9E%E8%B0%B7%E7%94%BA%20%E6%9D%B1%E4%BA%AC%E9%83%BD%E6%B8%AF%E5%8C%BA%E8%99%8E%E3%83%8E%E9%96%803-17-1%20TOKYU%20REIT%E8%99%8E%E3%83%8E%E9%96%80%EF%BE%8B%EF%BE%9E%EF%BE%99%20104,35.6642292,139.7467555,2024,焼き鳥 EAST,yakitori_east,発表日：2024年11月6日
1000,神奈川県横浜市中区相生町2-52 金子ビル 3F,食べログ 焼き鳥 EAST 百名店 2024,https://tabelog.com/kanagawa/A1401/A140104/14083143/,,https://www.google.com/maps/search/?api=1&query=1000%20%E7%A5%9E%E5%A5%88%E5%B7%9D%E7%9C%8C%E6%A8%AA%E6%B5%9C%E5%B8%82%E4%B8%AD%E5%8C%BA%E7%9B%B8%E7%94%9F%E7%94%BA2-52%20%E9%87%91%E5%AD%90%E3%83%93%E3%83%AB%203F,35.4466308,139.6381485,2024,焼き鳥 EAST,yakitori_east,発表日：2024年11月6日
YAKITORI 燃 es,東京都港区六本木7-13-10 宮下ビル 1F,食べログ 焼き鳥 EAST 百名店 2024,https://tabelog.com/tokyo/A1307/A130701/13259508/,,https://www.google.com/maps/search/?api=1&query=YAKITORI%20%E7%87%83%20es%20%E6%9D%B1%E4%BA%AC%E9%83%BD%E6%B8%AF%E5%8C%BA%E5%85%AD%E6%9C%AC%E6%9C%A87-13-10%20%E5%AE%AE%E4%B8%8B%E3%83%92%E3%82%99%E3%83%AB%201F,35.6637354,139.7302952,2024,焼き鳥 EAST,yakitori_east,発表日：2024年11月6日
虎ノ門 焼鳥國よし,東京都港区西新橋2-15-2 親和ビル B1,食べログ 焼き鳥 EAST 百名店 2024,https://tabelog.com/tokyo/A1308/A130802/13213940/,https://tabelog.com/tokyo/A1308/A130802/13213940/?cid=google_yoyaku,https://www.google.com/maps/search/?api=1&query=%E8%99%8E%E3%83%8E%E9%96%80%20%E7%84%BC%E9%B3%A5%E5%9C%8B%E3%82%88%E3%81%97%20%E6%9D%B1%E4%BA%AC%E9%83%BD%E6%B8%AF%E5%8C%BA%E8%A5%BF%E6%96%B0%E6%A9%8B2-15-2%20%E8%A6%AA%E5%92%8C%E3%83%93%E3%83%AB%20B1,35.6670405,139.7507802,2024,焼き鳥 EAST,yakitori_east,発表日：2024年11月6日
薪鳥新神戸,東京都港区赤坂3-9-2 No.R赤坂見附 1F,食べログ 焼き鳥 EAST 百名店 2024,https://tabelog.com/tokyo/A1308/A130801/13291292/,,https://www.google.com/maps/search/?api=1&query=%E8%96%AA%E9%B3%A5%E6%96%B0%E7%A5%9E%E6%88%B8%20%E6%9D%B1%E4%BA%AC%E9%83%BD%E6%B8%AF%E5%8C%BA%E8%B5%A4%E5%9D%823-9-2%20No.R%E8%B5%A4%E5%9D%82%E8%A6%8B%E9%99%84%201F,35.6772812,139.7362031,2024,焼き鳥 EAST,yakitori_east,発表日：2024年11月6日
焼鳥 本田,東京都中央区湊3-5-1 エス・ユービル 1F,食べログ 焼き鳥 EAST 百名店 2024,https://tabelog.com/tokyo/A1313/A131301/13143142/,,https://www.google.com/maps/search/?api=1&query=%E7%84%BC%E9%B3%A5%20%E6%9C%AC%E7%94%B0%20%E6%9D%B1%E4%BA%AC%E9%83%BD%E4%B8%AD%E5%A4%AE%E5%8C%BA%E6%B9%8A3-5-1%20%E3%82%A8%E3%82%B9%E3%83%BB%E3%83%A6%E3%83%BC%E3%83%93%E3%83%AB%201F,35.6698353,139.7782058,2024,焼き鳥 EAST,yakitori_east,発表日：2024年11月6日
おみ乃 椿,東京都中央区京橋2-5-17 京橋SKビル B1F,食べログ 焼き鳥 EAST 百名店 2024,https://tabelog.com/tokyo/A1302/A130202/13290286/,https://tabelog.com/tokyo/A1302/A130202/13290286/?cid=google_yoyaku,https://www.google.com/maps/search/?api=1&query=%E3%81%8A%E3%81%BF%E4%B9%83%20%E6%A4%BF%20%E6%9D%B1%E4%BA%AC%E9%83%BD%E4%B8%AD%E5%A4%AE%E5%8C%BA%E4%BA%AC%E6%A9%8B2-5-17%20%E4%BA%AC%E6%A9%8BSK%E3%83%93%E3%83%AB%20B1F,35.6761292,139.7704693,2024,焼き鳥 EAST,yakitori_east,発表日：2024年11月6日
やき鳥 宮川,東京都中央区日本橋茅場町3-5-1,食べログ 焼き鳥 EAST 百名店 2024,https://tabelog.com/tokyo/A1302/A130203/13008082/,,https://www.google.com/maps/search/?api=1&query=%E3%82%84%E3%81%8D%E9%B3%A5%20%E5%AE%AE%E5%B7%9D%20%E6%9D%B1%E4%BA%AC%E9%83%BD%E4%B8%AD%E5%A4%AE%E5%8C%BA%E6%97%A5%E6%9C%AC%E6%A9%8B%E8%8C%85%E5%A0%B4%E7%94%BA3-5-1,35.6782970,139.7783194,2024,焼き鳥 EAST,yakitori_east,発表日：2024年11月6日
鳥さわ,東京都江東区亀戸2-24-13,食べログ 焼き鳥 EAST 百名店 2024,https://tabelog.com/tokyo/A1312/A131202/13135959/,,https://www.google.com/maps/search/?api=1&query=%E9%B3%A5%E3%81%95%E3%82%8F%20%E6%9D%B1%E4%BA%AC%E9%83%BD%E6%B1%9F%E6%9D%B1%E5%8C%BA%E4%BA%80%E6%88%B82-24-13,35.6983561,139.8237492,2024,焼き鳥 EAST,yakitori_east,発表日：2024年11月6日
串焼 大助,東京都港区芝大門2-1-4,食べログ 焼き鳥 EAST 百名店 2024,https://tabelog.com/tokyo/A1314/A131401/13116576/,,https://www.google.com/maps/search/?api=1&query=%E4%B8%B2%E7%84%BC%20%E5%A4%A7%E5%8A%A9%20%E6%9D%B1%E4%BA%AC%E9%83%BD%E6%B8%AF%E5%8C%BA%E8%8A%9D%E5%A4%A7%E9%96%802-1-4,35.6566684,139.7531881,2024,焼き鳥 EAST,yakitori_east,発表日：2024年11月6日
蒼天 南口店,東京都豊島区南大塚3-39-13 嵯峨・加藤ビル 1F,食べログ 焼き鳥 EAST 百名店 2024,https://tabelog.com/tokyo/A1323/A132302/13092061/,https://tabelog.com/tokyo/A1323/A132302/13092061/?cid=google_yoyaku,https://www.google.com/maps/search/?api=1&query=%E8%92%BC%E5%A4%A9%20%E5%8D%97%E5%8F%A3%E5%BA%97%20%E6%9D%B1%E4%BA%AC%E9%83%BD%E8%B1%8A%E5%B3%B6%E5%8C%BA%E5%8D%97%E5%A4%A7%E5%A1%9A3-39-13%20%E5%B5%AF%E5%B3%A8%E3%83%BB%E5%8A%A0%E8%97%A4%E3%83%93%E3%83%AB%201F,35.7295762,139.7274233,2024,焼き鳥 EAST,yakitori_east,発表日：2024年11月6日
BLESS,東京都江東区森下2-20-13,食べログ 焼き鳥 EAST 百名店 2024,https://tabelog.com/tokyo/A1312/A131201/13246437/,https://tabelog.com/tokyo/A1312/A131201/13246437/?cid=google_yoyaku,https://www.google.com/maps/search/?api=1&query=BLESS%20%E6%9D%B1%E4%BA%AC%E9%83%BD%E6%B1%9F%E6%9D%B1%E5%8C%BA%E6%A3%AE%E4%B8%8B2-20-13,35.6882784,139.7995098,2024,焼き鳥 EAST,yakitori_east,発表日：2024年11月6日
ヒヨク之トリ,東京都港区東麻布3-2-9,食べログ 焼き鳥 EAST 百名店 2024,https://tabelog.com/tokyo/A1307/A130702/13111237/,https://tabelog.com/tokyo/A1307/A130702/13111237/?cid=google_yoyaku,https://www.google.com/maps/search/?api=1&query=%E3%83%92%E3%83%A8%E3%82%AF%E4%B9%8B%E3%83%88%E3%83%AA%20%E6%9D%B1%E4%BA%AC%E9%83%BD%E6%B8%AF%E5%8C%BA%E6%9D%B1%E9%BA%BB%E5%B8%833-2-9,35.6576069,139.7385374,2024,焼き鳥 EAST,yakitori_east,発表日：2024年11月6日
床島,東京都世田谷区三軒茶屋2-8-10 ルナパーク三軒茶屋１０５,食べログ 焼き鳥 EAST 百名店 2024,https://tabelog.com/tokyo/A1317/A131706/13114433/,,https://www.google.com/maps/search/?api=1&query=%E5%BA%8A%E5%B3%B6%20%E6%9D%B1%E4%BA%AC%E9%83%BD%E4%B8%96%E7%94%B0%E8%B0%B7%E5%8C%BA%E4%B8%89%E8%BB%92%E8%8C%B6%E5%B1%8B2-8-10%20%E3%83%AB%E3%83%8A%E3%83%91%E3%83%BC%E3%82%AF%E4%B8%89%E8%BB%92%E8%8C%B6%E5%B1%8B%EF%BC%91%EF%BC%90%EF%BC%95,35.6425986,139.6675307,2024,焼き鳥 EAST,yakitori_east,発表日：2024年11月6日
花見川 大富,千葉県千葉市花見川区幕張本郷1-10-8 サントルビレッジ 1A,食べログ 焼き鳥 EAST 百名店 2024,https://tabelog.com/chiba/A1201/A120102/12052353/,https://tabelog.com/chiba/A1201/A120102/12052353/?cid=google_yoyaku,https://www.google.com/maps/search/?api=1&query=%E8%8A%B1%E8%A6%8B%E5%B7%9D%20%E5%A4%A7%E5%AF%8C%20%E5%8D%83%E8%91%89%E7%9C%8C%E5%8D%83%E8%91%89%E5%B8%82%E8%8A%B1%E8%A6%8B%E5%B7%9D%E5%8C%BA%E5%B9%95%E5%BC%B5%E6%9C%AC%E9%83%B71-10-8%20%E3%82%B5%E3%83%B3%E3%83%88%E3%83%AB%E3%83%93%E3%83%AC%E3%83%83%E3%82%B8%201A,35.6723907,140.0387665,2024,焼き鳥 EAST,yakitori_east,発表日：2024年11月6日
焼鳥 篠原,東京都港区西麻布1-4-40 SHINOビル 1F,食べログ 焼き鳥 EAST 百名店 2024,https://tabelog.com/tokyo/A1307/A130701/13254666/,https://tabelog.com/tokyo/A1307/A130701/13254666/?cid=google_yoyaku,https://www.google.com/maps/search/?api=1&query=%E7%84%BC%E9%B3%A5%20%E7%AF%A0%E5%8E%9F%20%E6%9D%B1%E4%BA%AC%E9%83%BD%E6%B8%AF%E5%8C%BA%E8%A5%BF%E9%BA%BB%E5%B8%831-4-40%20SHINO%E3%83%93%E3%83%AB%201F,35.6620862,139.7252176,2024,焼き鳥 EAST,yakitori_east,発表日：2024年11月6日
焼鳥 せきね,東京都豊島区駒込1-29-2,食べログ 焼き鳥 EAST 百名店 2024,https://tabelog.com/tokyo/A1323/A132301/13270116/,https://tabelog.com/tokyo/A1323/A132301/13270116/?cid=google_yoyaku,https://www.google.com/maps/search/?api=1&query=%E7%84%BC%E9%B3%A5%20%E3%81%9B%E3%81%8D%E3%81%AD%20%E6%9D%B1%E4%BA%AC%E9%83%BD%E8%B1%8A%E5%B3%B6%E5%8C%BA%E9%A7%92%E8%BE%BC1-29-2,35.7370856,139.7490353,2024,焼き鳥 EAST,yakitori_east,発表日：2024年11月6日
焼鳥 ひら野,東京都中央区銀座8-12-15 全国燃料会館 1F,食べログ 焼き鳥 EAST 百名店 2024,https://tabelog.com/tokyo/A1301/A130103/13267696/,https://tabelog.com/tokyo/A1301/A130103/13267696/?cid=google_yoyaku,https://www.google.com/maps/search/?api=1&query=%E7%84%BC%E9%B3%A5%20%E3%81%B2%E3%82%89%E9%87%8E%20%E6%9D%B1%E4%BA%AC%E9%83%BD%E4%B8%AD%E5%A4%AE%E5%8C%BA%E9%8A%80%E5%BA%A78-12-15%20%E5%85%A8%E5%9B%BD%E7%87%83%E6%96%99%E4%BC%9A%E9%A4%A8%201F,35.6675612,139.7631420,2024,焼き鳥 EAST,yakitori_east,発表日：2024年11月6日
