Name,Address,Description,Website,Google Maps URL,Year,Genre,Genre Slug,Release Date
バーガーマニア 恵比寿店,東京都渋谷区恵比寿4-9-5 マンションニュー恵比寿 1F,食べログ ハンバーガー 百名店 2018,https://tabelog.com/tokyo/A1303/A130302/13166437/,https://www.google.com/maps/search/?api=1&query=%E3%83%90%E3%83%BC%E3%82%AC%E3%83%BC%E3%83%9E%E3%83%8B%E3%82%A2%20%E6%81%B5%E6%AF%94%E5%AF%BF%E5%BA%97%20%E6%9D%B1%E4%BA%AC%E9%83%BD%E6%B8%8B%E8%B0%B7%E5%8C%BA%E6%81%B5%E6%AF%94%E5%AF%BF4-9-5%20%E3%83%9E%E3%83%B3%E3%82%B7%E3%83%A7%E3%83%B3%E3%83%8B%E3%83%A5%E3%83%BC%E6%81%B5%E6%AF%94%E5%AF%BF%201F,2018,ハンバーガー,hamburger,
バーガーマニア 白金店,東京都港区白金6-5-7,食べログ ハンバーガー 百名店 2018,https://tabelog.com/tokyo/A1316/A131602/13047335/,https://www.google.com/maps/search/?api=1&query=%E3%83%90%E3%83%BC%E3%82%AC%E3%83%BC%E3%83%9E%E3%83%8B%E3%82%A2%20%E7%99%BD%E9%87%91%E5%BA%97%20%E6%9D%B1%E4%BA%AC%E9%83%BD%E6%B8%AF%E5%8C%BA%E7%99%BD%E9%87%916-5-7,2018,ハンバーガー,hamburger,
サニーダイナー ルミネ北千住店,東京都足立区千住旭町42-2 ルミネ北千住店 8F,食べログ ハンバーガー 百名店 2018,https://tabelog.com/tokyo/A1324/A132402/13094114/,https://www.google.com/maps/search/?api=1&query=%E3%82%B5%E3%83%8B%E3%83%BC%E3%83%80%E3%82%A4%E3%83%8A%E3%83%BC%20%E3%83%AB%E3%83%9F%E3%83%8D%E5%8C%97%E5%8D%83%E4%BD%8F%E5%BA%97%20%E6%9D%B1%E4%BA%AC%E9%83%BD%E8%B6%B3%E7%AB%8B%E5%8C%BA%E5%8D%83%E4%BD%8F%E6%97%AD%E7%94%BA42-2%20%E3%83%AB%E3%83%9F%E3%83%8D%E5%8C%97%E5%8D%83%E4%BD%8F%E5%BA%97%208F,2018,ハンバーガー,hamburger,
ハニービー,神奈川県横須賀市本町2-1,食べログ ハンバーガー 百名店 2018,https://tabelog.com/kanagawa/A1406/A140601/14000902/,https://www.google.com/maps/search/?api=1&query=%E3%83%8F%E3%83%8B%E3%83%BC%E3%83%93%E3%83%BC%20%E7%A5%9E%E5%A5%88%E5%B7%9D%E7%9C%8C%E6%A8%AA%E9%A0%88%E8%B3%80%E5%B8%82%E6%9C%AC%E7%94%BA2-1,2018,ハンバーガー,hamburger,
BELLOWS BURGER,北海道旭川市緑町12丁目2559-12 ABCヴィレッジ 2F,食べログ ハンバーガー 百名店 2018,https://tabelog.com/hokkaido/A0104/A010401/1039689/,https://www.google.com/maps/search/?api=1&query=BELLOWS%20BURGER%20%E5%8C%97%E6%B5%B7%E9%81%93%E6%97%AD%E5%B7%9D%E5%B8%82%E7%B7%91%E7%94%BA12%E4%B8%81%E7%9B%AE2559-12%20ABC%E3%83%B4%E3%82%A3%E3%83%AC%E3%83%83%E3%82%B8%202F,2018,ハンバーガー,hamburger,
R-S,千葉県松戸市小金原6-2-6,食べログ ハンバーガー 百名店 2018,https://tabelog.com/chiba/A1203/A120302/12006175/,https://www.google.com/maps/search/?api=1&query=R-S%20%E5%8D%83%E8%91%89%E7%9C%8C%E6%9D%BE%E6%88%B8%E5%B8%82%E5%B0%8F%E9%87%91%E5%8E%9F6-2-6,2018,ハンバーガー,hamburger,
バーガーマニア 広尾店,東京都港区南麻布 5-15-25 ２Ｆ,食べログ ハンバーガー 百名店 2018,https://tabelog.com/tokyo/A1307/A130703/13123717/,https://www.google.com/maps/search/?api=1&query=%E3%83%90%E3%83%BC%E3%82%AC%E3%83%BC%E3%83%9E%E3%83%8B%E3%82%A2%20%E5%BA%83%E5%B0%BE%E5%BA%97%20%E6%9D%B1%E4%BA%AC%E9%83%BD%E6%B8%AF%E5%8C%BA%E5%8D%97%E9%BA%BB%E5%B8%83%205-15-25%20%EF%BC%92%EF%BC%A6,2018,ハンバーガー,hamburger,
ゴールデンブラウン 表参道,東京都渋谷区神宮前4-12-1 表参道ヒルズ 3F,食べログ ハンバーガー 百名店 2018,https://tabelog.com/tokyo/A1306/A130602/13100291/,https://www.google.com/maps/search/?api=1&query=%E3%82%B4%E3%83%BC%E3%83%AB%E3%83%87%E3%83%B3%E3%83%96%E3%83%A9%E3%82%A6%E3%83%B3%20%E8%A1%A8%E5%8F%82%E9%81%93%20%E6%9D%B1%E4%BA%AC%E9%83%BD%E6%B8%8B%E8%B0%B7%E5%8C%BA%E7%A5%9E%E5%AE%AE%E5%89%8D4-12-1%20%E8%A1%A8%E5%8F%82%E9%81%93%E3%83%92%E3%83%AB%E3%82%BA%203F,2018,ハンバーガー,hamburger,
BAREBURGER 自由が丘店,東京都目黒区自由が丘2-16-10 メイプルファーム,食べログ ハンバーガー 百名店 2018,https://tabelog.com/tokyo/A1317/A131703/13184951/,https://www.google.com/maps/search/?api=1&query=BAREBURGER%20%E8%87%AA%E7%94%B1%E3%81%8C%E4%B8%98%E5%BA%97%20%E6%9D%B1%E4%BA%AC%E9%83%BD%E7%9B%AE%E9%BB%92%E5%8C%BA%E8%87%AA%E7%94%B1%E3%81%8C%E4%B8%982-16-10%20%E3%83%A1%E3%82%A4%E3%83%97%E3%83%AB%E3%83%95%E3%82%A1%E3%83%BC%E3%83%A0,2018,ハンバーガー,hamburger,
JACK's KITCHEN,愛知県名古屋市東区泉3丁目4-23 ラメゾンエスト 1階,食べログ ハンバーガー 百名店 2018,https://tabelog.com/aichi/A2301/A230104/23052177/,https://www.google.com/maps/search/?api=1&query=JACK%27s%20KITCHEN%20%E6%84%9B%E7%9F%A5%E7%9C%8C%E5%90%8D%E5%8F%A4%E5%B1%8B%E5%B8%82%E6%9D%B1%E5%8C%BA%E6%B3%893%E4%B8%81%E7%9B%AE4-23%20%E3%83%A9%E3%83%A1%E3%82%BE%E3%83%B3%E3%82%A8%E3%82%B9%E3%83%88%201%E9%9A%8E,2018,ハンバーガー,hamburger,
クアアイナ なんばパークス店,大阪府大阪市浪速区難波中2-10-70 なんばパークス 6F,食べログ ハンバーガー 百名店 2018,https://tabelog.com/osaka/A2701/A270202/27002325/,https://www.google.com/maps/search/?api=1&query=%E3%82%AF%E3%82%A2%E3%82%A2%E3%82%A4%E3%83%8A%20%E3%81%AA%E3%82%93%E3%81%B0%E3%83%91%E3%83%BC%E3%82%AF%E3%82%B9%E5%BA%97%20%E5%A4%A7%E9%98%AA%E5%BA%9C%E5%A4%A7%E9%98%AA%E5%B8%82%E6%B5%AA%E9%80%9F%E5%8C%BA%E9%9B%A3%E6%B3%A2%E4%B8%AD2-10-70%20%E3%81%AA%E3%82%93%E3%81%B0%E3%83%91%E3%83%BC%E3%82%AF%E3%82%B9%206F,2018,ハンバーガー,hamburger,
ホームワークス 麻布十番店,東京都港区麻布十番1-5-8 ヴェスタビル　１Ｆ,食べログ ハンバーガー 百名店 2018,https://tabelog.com/tokyo/A1307/A130702/13010603/,https://www.google.com/maps/search/?api=1&query=%E3%83%9B%E3%83%BC%E3%83%A0%E3%83%AF%E3%83%BC%E3%82%AF%E3%82%B9%20%E9%BA%BB%E5%B8%83%E5%8D%81%E7%95%AA%E5%BA%97%20%E6%9D%B1%E4%BA%AC%E9%83%BD%E6%B8%AF%E5%8C%BA%E9%BA%BB%E5%B8%83%E5%8D%81%E7%95%AA1-5-8%20%E3%83%B4%E3%82%A7%E3%82%B9%E3%82%BF%E3%83%93%E3%83%AB%E3%80%80%EF%BC%91%EF%BC%A6,2018,ハンバーガー,hamburger,
フランクリン・アベニュー,東京都品川区東五反田3-15-18,食べログ ハンバーガー 百名店 2018,https://tabelog.com/tokyo/A1316/A131603/13001556/,https://www.google.com/maps/search/?api=1&query=%E3%83%95%E3%83%A9%E3%83%B3%E3%82%AF%E3%83%AA%E3%83%B3%E3%83%BB%E3%82%A2%E3%83%99%E3%83%8B%E3%83%A5%E3%83%BC%20%E6%9D%B1%E4%BA%AC%E9%83%BD%E5%93%81%E5%B7%9D%E5%8C%BA%E6%9D%B1%E4%BA%94%E5%8F%8D%E7%94%B03-15-18,2018,ハンバーガー,hamburger,
シェイクシャック 東京国際フォーラム,東京都千代田区丸の内3-5-1 東京国際フォーラム ホールC 1F,食べログ ハンバーガー 百名店 2018,https://tabelog.com/tokyo/A1301/A130102/13200310/,https://www.google.com/maps/search/?api=1&query=%E3%82%B7%E3%82%A7%E3%82%A4%E3%82%AF%E3%82%B7%E3%83%A3%E3%83%83%E3%82%AF%20%E6%9D%B1%E4%BA%AC%E5%9B%BD%E9%9A%9B%E3%83%95%E3%82%A9%E3%83%BC%E3%83%A9%E3%83%A0%20%E6%9D%B1%E4%BA%AC%E9%83%BD%E5%8D%83%E4%BB%A3%E7%94%B0%E5%8C%BA%E4%B8%B8%E3%81%AE%E5%86%853-5-1%20%E6%9D%B1%E4%BA%AC%E5%9B%BD%E9%9A%9B%E3%83%95%E3%82%A9%E3%83%BC%E3%83%A9%E3%83%A0%20%E3%83%9B%E3%83%BC%E3%83%ABC%201F,2018,ハンバーガー,hamburger,
ブラザーズ 新富町店,東京都中央区新富2-2-11,食べログ ハンバーガー 百名店 2018,https://tabelog.com/tokyo/A1313/A131301/13144295/,https://www.google.com/maps/search/?api=1&query=%E3%83%96%E3%83%A9%E3%82%B6%E3%83%BC%E3%82%BA%20%E6%96%B0%E5%AF%8C%E7%94%BA%E5%BA%97%20%E6%9D%B1%E4%BA%AC%E9%83%BD%E4%B8%AD%E5%A4%AE%E5%8C%BA%E6%96%B0%E5%AF%8C2-2-11,2018,ハンバーガー,hamburger,
THE COUNTER 六本木,東京都港区赤坂9-7-4 東京ミッドタウン ガレリア B1F,食べログ ハンバーガー 百名店 2018,https://tabelog.com/tokyo/A1307/A130701/13206969/,https://www.google.com/maps/search/?api=1&query=THE%20COUNTER%20%E5%85%AD%E6%9C%AC%E6%9C%A8%20%E6%9D%B1%E4%BA%AC%E9%83%BD%E6%B8%AF%E5%8C%BA%E8%B5%A4%E5%9D%829-7-4%20%E6%9D%B1%E4%BA%AC%E3%83%9F%E3%83%83%E3%83%89%E3%82%BF%E3%82%A6%E3%83%B3%20%E3%82%AC%E3%83%AC%E3%83%AA%E3%82%A2%20B1F,2018,ハンバーガー,hamburger,
サニーダイナー 本店,東京都足立区千住3-45,食べログ ハンバーガー 百名店 2018,https://tabelog.com/tokyo/A1324/A132402/13033094/,https://www.google.com/maps/search/?api=1&query=%E3%82%B5%E3%83%8B%E3%83%BC%E3%83%80%E3%82%A4%E3%83%8A%E3%83%BC%20%E6%9C%AC%E5%BA%97%20%E6%9D%B1%E4%BA%AC%E9%83%BD%E8%B6%B3%E7%AB%8B%E5%8C%BA%E5%8D%83%E4%BD%8F3-45,2018,ハンバーガー,hamburger,
ブッチャーズテーブル 大泉学園店,東京都練馬区東大泉2-9-18,食べログ ハンバーガー 百名店 2018,https://tabelog.com/tokyo/A1321/A132103/13091061/,https://www.google.com/maps/search/?api=1&query=%E3%83%96%E3%83%83%E3%83%81%E3%83%A3%E3%83%BC%E3%82%BA%E3%83%86%E3%83%BC%E3%83%96%E3%83%AB%20%E5%A4%A7%E6%B3%89%E5%AD%A6%E5%9C%92%E5%BA%97%20%E6%9D%B1%E4%BA%AC%E9%83%BD%E7%B7%B4%E9%A6%AC%E5%8C%BA%E6%9D%B1%E5%A4%A7%E6%B3%892-9-18,2018,ハンバーガー,hamburger,
deli fu cious,東京都目黒区東山1-9-13 1F,食べログ ハンバーガー 百名店 2018,https://tabelog.com/tokyo/A1317/A131701/13204220/,https://www.google.com/maps/search/?api=1&query=deli%20fu%20cious%20%E6%9D%B1%E4%BA%AC%E9%83%BD%E7%9B%AE%E9%BB%92%E5%8C%BA%E6%9D%B1%E5%B1%B11-9-13%201F,2018,ハンバーガー,hamburger,
サントゥーダイナー,東京都世田谷区代沢4-34-12 淡島マンション １F,食べログ ハンバーガー 百名店 2018,https://tabelog.com/tokyo/A1317/A131701/13130075/,https://www.google.com/maps/search/?api=1&query=%E3%82%B5%E3%83%B3%E3%83%88%E3%82%A5%E3%83%BC%E3%83%80%E3%82%A4%E3%83%8A%E3%83%BC%20%E6%9D%B1%E4%BA%AC%E9%83%BD%E4%B8%96%E7%94%B0%E8%B0%B7%E5%8C%BA%E4%BB%A3%E6%B2%A24-34-12%20%E6%B7%A1%E5%B3%B6%E3%83%9E%E3%83%B3%E3%82%B7%E3%83%A7%E3%83%B3%20%EF%BC%91F,2018,ハンバーガー,hamburger,
ズートンズ 久茂地店,沖縄県那覇市久茂地3-4-9,食べログ ハンバーガー 百名店 2018,https://tabelog.com/okinawa/A4701/A470101/47002146/,https://www.google.com/maps/search/?api=1&query=%E3%82%BA%E3%83%BC%E3%83%88%E3%83%B3%E3%82%BA%20%E4%B9%85%E8%8C%82%E5%9C%B0%E5%BA%97%20%E6%B2%96%E7%B8%84%E7%9C%8C%E9%82%A3%E8%A6%87%E5%B8%82%E4%B9%85%E8%8C%82%E5%9C%B03-4-9,2018,ハンバーガー,hamburger,
マクレーン オールドバーガースタンド,東京都台東区駒形2-2-10 ファンライフ駒形 1F・2F,食べログ ハンバーガー 百名店 2018,https://tabelog.com/tokyo/A1311/A131103/13195774/,https://www.google.com/maps/search/?api=1&query=%E3%83%9E%E3%82%AF%E3%83%AC%E3%83%BC%E3%83%B3%20%E3%82%AA%E3%83%BC%E3%83%AB%E3%83%89%E3%83%90%E3%83%BC%E3%82%AC%E3%83%BC%E3%82%B9%E3%82%BF%E3%83%B3%E3%83%89%20%E6%9D%B1%E4%BA%AC%E9%83%BD%E5%8F%B0%E6%9D%B1%E5%8C%BA%E9%A7%92%E5%BD%A22-2-10%20%E3%83%95%E3%82%A1%E3%83%B3%E3%83%A9%E3%82%A4%E3%83%95%E9%A7%92%E5%BD%A2%201F%E3%83%BB2F,2018,ハンバーガー,hamburger,
J.S. BURGERS CAFE 新宿店,東京都新宿区新宿4-1-7 3F,食べログ ハンバーガー 百名店 2018,https://tabelog.com/tokyo/A1304/A130401/13045308/,https://www.google.com/maps/search/?api=1&query=J.S.%20BURGERS%20CAFE%20%E6%96%B0%E5%AE%BF%E5%BA%97%20%E6%9D%B1%E4%BA%AC%E9%83%BD%E6%96%B0%E5%AE%BF%E5%8C%BA%E6%96%B0%E5%AE%BF4-1-7%203F,2018,ハンバーガー,hamburger,
あわじ島バーガー 淡路島オニオンキッチン 本店,兵庫県南あわじ市福良丙947-22 道の駅うずしお,食べログ ハンバーガー 百名店 2018,https://tabelog.com/hyogo/A2806/A280603/28034730/,https://www.google.com/maps/search/?api=1&query=%E3%81%82%E3%82%8F%E3%81%98%E5%B3%B6%E3%83%90%E3%83%BC%E3%82%AC%E3%83%BC%20%E6%B7%A1%E8%B7%AF%E5%B3%B6%E3%82%AA%E3%83%8B%E3%82%AA%E3%83%B3%E3%82%AD%E3%83%83%E3%83%81%E3%83%B3%20%E6%9C%AC%E5%BA%97%20%E5%85%B5%E5%BA%AB%E7%9C%8C%E5%8D%97%E3%81%82%E3%82%8F%E3%81%98%E5%B8%82%E7%A6%8F%E8%89%AF%E4%B8%99947-22%20%E9%81%93%E3%81%AE%E9%A7%85%E3%81%86%E3%81%9A%E3%81%97%E3%81%8A,2018,ハンバーガー,hamburger,
ウーピーバーガー,東京都渋谷区渋谷1-9-4 トーカンキャステール渋谷　１F,食べログ ハンバーガー 百名店 2018,https://tabelog.com/tokyo/A1303/A130301/13121586/,https://www.google.com/maps/search/?api=1&query=%E3%82%A6%E3%83%BC%E3%83%94%E3%83%BC%E3%83%90%E3%83%BC%E3%82%AC%E3%83%BC%20%E6%9D%B1%E4%BA%AC%E9%83%BD%E6%B8%8B%E8%B0%B7%E5%8C%BA%E6%B8%8B%E8%B0%B71-9-4%20%E3%83%88%E3%83%BC%E3%82%AB%E3%83%B3%E3%82%AD%E3%83%A3%E3%82%B9%E3%83%86%E3%83%BC%E3%83%AB%E6%B8%8B%E8%B0%B7%E3%80%80%EF%BC%91F,2018,ハンバーガー,hamburger,
ゴーディーズ,沖縄県中頭郡北谷町字砂辺100-530,食べログ ハンバーガー 百名店 2018,https://tabelog.com/okinawa/A4703/A470304/47002074/,https://www.google.com/maps/search/?api=1&query=%E3%82%B4%E3%83%BC%E3%83%87%E3%82%A3%E3%83%BC%E3%82%BA%20%E6%B2%96%E7%B8%84%E7%9C%8C%E4%B8%AD%E9%A0%AD%E9%83%A1%E5%8C%97%E8%B0%B7%E7%94%BA%E5%AD%97%E7%A0%82%E8%BE%BA100-530,2018,ハンバーガー,hamburger,
ラッキーピエロ ベイエリア本店,北海道函館市末広町23-18,食べログ ハンバーガー 百名店 2018,https://tabelog.com/hokkaido/A0105/A010501/1000019/,https://www.google.com/maps/search/?api=1&query=%E3%83%A9%E3%83%83%E3%82%AD%E3%83%BC%E3%83%94%E3%82%A8%E3%83%AD%20%E3%83%99%E3%82%A4%E3%82%A8%E3%83%AA%E3%82%A2%E6%9C%AC%E5%BA%97%20%E5%8C%97%E6%B5%B7%E9%81%93%E5%87%BD%E9%A4%A8%E5%B8%82%E6%9C%AB%E5%BA%83%E7%94%BA23-18,2018,ハンバーガー,hamburger,
BURGER&MILKSHAKE CRANE,東京都千代田区外神田6-16-3,食べログ ハンバーガー 百名店 2018,https://tabelog.com/tokyo/A1311/A131101/13202745/,https://www.google.com/maps/search/?api=1&query=BURGER%26MILKSHAKE%20CRANE%20%E6%9D%B1%E4%BA%AC%E9%83%BD%E5%8D%83%E4%BB%A3%E7%94%B0%E5%8C%BA%E5%A4%96%E7%A5%9E%E7%94%B06-16-3,2018,ハンバーガー,hamburger,
パントリー コヨーテ,千葉県千葉市中央区中央3-11-11 ニュー豊田ビル 1F,食べログ ハンバーガー 百名店 2018,https://tabelog.com/chiba/A1201/A120101/12020222/,https://www.google.com/maps/search/?api=1&query=%E3%83%91%E3%83%B3%E3%83%88%E3%83%AA%E3%83%BC%20%E3%82%B3%E3%83%A8%E3%83%BC%E3%83%86%20%E5%8D%83%E8%91%89%E7%9C%8C%E5%8D%83%E8%91%89%E5%B8%82%E4%B8%AD%E5%A4%AE%E5%8C%BA%E4%B8%AD%E5%A4%AE3-11-11%20%E3%83%8B%E3%83%A5%E3%83%BC%E8%B1%8A%E7%94%B0%E3%83%93%E3%83%AB%201F,2018,ハンバーガー,hamburger,
シェリーズバーガーカフェ,東京都品川区小山3-7-12,食べログ ハンバーガー 百名店 2018,https://tabelog.com/tokyo/A1317/A131710/13127011/,https://www.google.com/maps/search/?api=1&query=%E3%82%B7%E3%82%A7%E3%83%AA%E3%83%BC%E3%82%BA%E3%83%90%E3%83%BC%E3%82%AC%E3%83%BC%E3%82%AB%E3%83%95%E3%82%A7%20%E6%9D%B1%E4%BA%AC%E9%83%BD%E5%93%81%E5%B7%9D%E5%8C%BA%E5%B0%8F%E5%B1%B13-7-12,2018,ハンバーガー,hamburger,
ブラザーズ 人形町本店,東京都中央区日本橋人形町2-28-5 月村マンション№25 1F,食べログ ハンバーガー 百名店 2018,https://tabelog.com/tokyo/A1302/A130204/13003002/,https://www.google.com/maps/search/?api=1&query=%E3%83%96%E3%83%A9%E3%82%B6%E3%83%BC%E3%82%BA%20%E4%BA%BA%E5%BD%A2%E7%94%BA%E6%9C%AC%E5%BA%97%20%E6%9D%B1%E4%BA%AC%E9%83%BD%E4%B8%AD%E5%A4%AE%E5%8C%BA%E6%97%A5%E6%9C%AC%E6%A9%8B%E4%BA%BA%E5%BD%A2%E7%94%BA2-28-5%20%E6%9C%88%E6%9D%91%E3%83%9E%E3%83%B3%E3%82%B7%E3%83%A7%E3%83%B3%E2%84%9625%201F,2018,ハンバーガー,hamburger,
Nick&Renée 豊中本店,大阪府豊中市東豊中町6-1-11 たかみビル 1F,食べログ ハンバーガー 百名店 2018,https://tabelog.com/osaka/A2706/A270602/27043816/,https://www.google.com/maps/search/?api=1&query=Nick%26Ren%C3%A9e%20%E8%B1%8A%E4%B8%AD%E6%9C%AC%E5%BA%97%20%E5%A4%A7%E9%98%AA%E5%BA%9C%E8%B1%8A%E4%B8%AD%E5%B8%82%E6%9D%B1%E8%B1%8A%E4%B8%AD%E7%94%BA6-1-11%20%E3%81%9F%E3%81%8B%E3%81%BF%E3%83%93%E3%83%AB%201F,2018,ハンバーガー,hamburger,
クリッターズバーガー,大阪府大阪市中央区西心斎橋1-10-35 アルシュ11　１Ｆ,食べログ ハンバーガー 百名店 2018,https://tabelog.com/osaka/A2701/A270201/27041627/,https://www.google.com/maps/search/?api=1&query=%E3%82%AF%E3%83%AA%E3%83%83%E3%82%BF%E3%83%BC%E3%82%BA%E3%83%90%E3%83%BC%E3%82%AC%E3%83%BC%20%E5%A4%A7%E9%98%AA%E5%BA%9C%E5%A4%A7%E9%98%AA%E5%B8%82%E4%B8%AD%E5%A4%AE%E5%8C%BA%E8%A5%BF%E5%BF%83%E6%96%8E%E6%A9%8B1-10-35%20%E3%82%A2%E3%83%AB%E3%82%B7%E3%83%A511%E3%80%80%EF%BC%91%EF%BC%A6,2018,ハンバーガー,hamburger,
道後の町屋,愛媛県松山市道後湯之町14-26,食べログ ハンバーガー 百名店 2018,https://tabelog.com/ehime/A3801/A380101/38001052/,https://www.google.com/maps/search/?api=1&query=%E9%81%93%E5%BE%8C%E3%81%AE%E7%94%BA%E5%B1%8B%20%E6%84%9B%E5%AA%9B%E7%9C%8C%E6%9D%BE%E5%B1%B1%E5%B8%82%E9%81%93%E5%BE%8C%E6%B9%AF%E4%B9%8B%E7%94%BA14-26,2018,ハンバーガー,hamburger,
シェイクシャック 外苑いちょう並木,東京都港区北青山2-1-15,食べログ ハンバーガー 百名店 2018,https://tabelog.com/tokyo/A1306/A130603/13189009/,https://www.google.com/maps/search/?api=1&query=%E3%82%B7%E3%82%A7%E3%82%A4%E3%82%AF%E3%82%B7%E3%83%A3%E3%83%83%E3%82%AF%20%E5%A4%96%E8%8B%91%E3%81%84%E3%81%A1%E3%82%87%E3%81%86%E4%B8%A6%E6%9C%A8%20%E6%9D%B1%E4%BA%AC%E9%83%BD%E6%B8%AF%E5%8C%BA%E5%8C%97%E9%9D%92%E5%B1%B12-1-15,2018,ハンバーガー,hamburger,
佐世保バーガー BigMan 京町本店,長崎県佐世保市上京町7-10,食べログ ハンバーガー 百名店 2018,https://tabelog.com/nagasaki/A4202/A420201/42000078/,https://www.google.com/maps/search/?api=1&query=%E4%BD%90%E4%B8%96%E4%BF%9D%E3%83%90%E3%83%BC%E3%82%AC%E3%83%BC%20BigMan%20%E4%BA%AC%E7%94%BA%E6%9C%AC%E5%BA%97%20%E9%95%B7%E5%B4%8E%E7%9C%8C%E4%BD%90%E4%B8%96%E4%BF%9D%E5%B8%82%E4%B8%8A%E4%BA%AC%E7%94%BA7-10,2018,ハンバーガー,hamburger,
バーガーズベース,東京都渋谷区千駄ヶ谷5-18-1,食べログ ハンバーガー 百名店 2018,https://tabelog.com/tokyo/A1304/A130403/13041855/,https://www.google.com/maps/search/?api=1&query=%E3%83%90%E3%83%BC%E3%82%AC%E3%83%BC%E3%82%BA%E3%83%99%E3%83%BC%E3%82%B9%20%E6%9D%B1%E4%BA%AC%E9%83%BD%E6%B8%8B%E8%B0%B7%E5%8C%BA%E5%8D%83%E9%A7%84%E3%83%B6%E8%B0%B75-18-1,2018,ハンバーガー,hamburger,
テディーズ ビガー バーガー 原宿表参道店,東京都渋谷区神宮前6-28-5 宮崎ビル　２Ｆ,食べログ ハンバーガー 百名店 2018,https://tabelog.com/tokyo/A1306/A130601/13097927/,https://www.google.com/maps/search/?api=1&query=%E3%83%86%E3%83%87%E3%82%A3%E3%83%BC%E3%82%BA%20%E3%83%93%E3%82%AC%E3%83%BC%20%E3%83%90%E3%83%BC%E3%82%AC%E3%83%BC%20%E5%8E%9F%E5%AE%BF%E8%A1%A8%E5%8F%82%E9%81%93%E5%BA%97%20%E6%9D%B1%E4%BA%AC%E9%83%BD%E6%B8%8B%E8%B0%B7%E5%8C%BA%E7%A5%9E%E5%AE%AE%E5%89%8D6-28-5%20%E5%AE%AE%E5%B4%8E%E3%83%93%E3%83%AB%E3%80%80%EF%BC%92%EF%BC%A6,2018,ハンバーガー,hamburger,
ロコフィ,東京都大田区大森西3-25-5 大森西ダイヤモンドマンション106,食べログ ハンバーガー 百名店 2018,https://tabelog.com/tokyo/A1315/A131502/13120770/,https://www.google.com/maps/search/?api=1&query=%E3%83%AD%E3%82%B3%E3%83%95%E3%82%A3%20%E6%9D%B1%E4%BA%AC%E9%83%BD%E5%A4%A7%E7%94%B0%E5%8C%BA%E5%A4%A7%E6%A3%AE%E8%A5%BF3-25-5%20%E5%A4%A7%E6%A3%AE%E8%A5%BF%E3%83%80%E3%82%A4%E3%83%A4%E3%83%A2%E3%83%B3%E3%83%89%E3%83%9E%E3%83%B3%E3%82%B7%E3%83%A7%E3%83%B3106,2018,ハンバーガー,hamburger,
からつバーガー 虹ノ松原本店,佐賀県唐津市虹ノ松原 虹の松原,食べログ ハンバーガー 百名店 2018,https://tabelog.com/saga/A4102/A410201/41000364/,https://www.google.com/maps/search/?api=1&query=%E3%81%8B%E3%82%89%E3%81%A4%E3%83%90%E3%83%BC%E3%82%AC%E3%83%BC%20%E8%99%B9%E3%83%8E%E6%9D%BE%E5%8E%9F%E6%9C%AC%E5%BA%97%20%E4%BD%90%E8%B3%80%E7%9C%8C%E5%94%90%E6%B4%A5%E5%B8%82%E8%99%B9%E3%83%8E%E6%9D%BE%E5%8E%9F%20%E8%99%B9%E3%81%AE%E6%9D%BE%E5%8E%9F,2018,ハンバーガー,hamburger,
魔女のちいさな森のハンバーガー,東京都目黒区自由が丘1-3-15 BISビル 4F,食べログ ハンバーガー 百名店 2018,https://tabelog.com/tokyo/A1317/A131703/13054778/,https://www.google.com/maps/search/?api=1&query=%E9%AD%94%E5%A5%B3%E3%81%AE%E3%81%A1%E3%81%84%E3%81%95%E3%81%AA%E6%A3%AE%E3%81%AE%E3%83%8F%E3%83%B3%E3%83%90%E3%83%BC%E3%82%AC%E3%83%BC%20%E6%9D%B1%E4%BA%AC%E9%83%BD%E7%9B%AE%E9%BB%92%E5%8C%BA%E8%87%AA%E7%94%B1%E3%81%8C%E4%B8%981-3-15%20BIS%E3%83%93%E3%83%AB%204F,2018,ハンバーガー,hamburger,
ラッキーピエロ 函館駅前店,北海道函館市若松町17-12 函館駅前棒二森屋本館 1F,食べログ ハンバーガー 百名店 2018,https://tabelog.com/hokkaido/A0105/A010501/1000771/,https://www.google.com/maps/search/?api=1&query=%E3%83%A9%E3%83%83%E3%82%AD%E3%83%BC%E3%83%94%E3%82%A8%E3%83%AD%20%E5%87%BD%E9%A4%A8%E9%A7%85%E5%89%8D%E5%BA%97%20%E5%8C%97%E6%B5%B7%E9%81%93%E5%87%BD%E9%A4%A8%E5%B8%82%E8%8B%A5%E6%9D%BE%E7%94%BA17-12%20%E5%87%BD%E9%A4%A8%E9%A7%85%E5%89%8D%E6%A3%92%E4%BA%8C%E6%A3%AE%E5%B1%8B%E6%9C%AC%E9%A4%A8%201F,2018,ハンバーガー,hamburger,
シェイクシャック アトレ恵比寿,東京都渋谷区恵比寿南1-6-1 アトレ恵比寿西館 1F,食べログ ハンバーガー 百名店 2018,https://tabelog.com/tokyo/A1303/A130302/13194431/,https://www.google.com/maps/search/?api=1&query=%E3%82%B7%E3%82%A7%E3%82%A4%E3%82%AF%E3%82%B7%E3%83%A3%E3%83%83%E3%82%AF%20%E3%82%A2%E3%83%88%E3%83%AC%E6%81%B5%E6%AF%94%E5%AF%BF%20%E6%9D%B1%E4%BA%AC%E9%83%BD%E6%B8%8B%E8%B0%B7%E5%8C%BA%E6%81%B5%E6%AF%94%E5%AF%BF%E5%8D%971-6-1%20%E3%82%A2%E3%83%88%E3%83%AC%E6%81%B5%E6%AF%94%E5%AF%BF%E8%A5%BF%E9%A4%A8%201F,2018,ハンバーガー,hamburger,
ヘンリーズ バーガー 秋葉原,東京都千代田区外神田3-7-13,食べログ ハンバーガー 百名店 2018,https://tabelog.com/tokyo/A1311/A131101/13213161/,https://www.google.com/maps/search/?api=1&query=%E3%83%98%E3%83%B3%E3%83%AA%E3%83%BC%E3%82%BA%20%E3%83%90%E3%83%BC%E3%82%AC%E3%83%BC%20%E7%A7%8B%E8%91%89%E5%8E%9F%20%E6%9D%B1%E4%BA%AC%E9%83%BD%E5%8D%83%E4%BB%A3%E7%94%B0%E5%8C%BA%E5%A4%96%E7%A5%9E%E7%94%B03-7-13,2018,ハンバーガー,hamburger,
ログキット 佐世保本店,長崎県佐世保市矢岳町1-1 ２Ｆ,食べログ ハンバーガー 百名店 2018,https://tabelog.com/nagasaki/A4202/A420201/42000138/,https://www.google.com/maps/search/?api=1&query=%E3%83%AD%E3%82%B0%E3%82%AD%E3%83%83%E3%83%88%20%E4%BD%90%E4%B8%96%E4%BF%9D%E6%9C%AC%E5%BA%97%20%E9%95%B7%E5%B4%8E%E7%9C%8C%E4%BD%90%E4%B8%96%E4%BF%9D%E5%B8%82%E7%9F%A2%E5%B2%B3%E7%94%BA1-1%20%EF%BC%92%EF%BC%A6,2018,ハンバーガー,hamburger,
エスビーダイナー コウベ,兵庫県神戸市中央区北長狭通2-4-5 大永ビル 2F,食べログ ハンバーガー 百名店 2018,https://tabelog.com/hyogo/A2801/A280101/28025659/,https://www.google.com/maps/search/?api=1&query=%E3%82%A8%E3%82%B9%E3%83%93%E3%83%BC%E3%83%80%E3%82%A4%E3%83%8A%E3%83%BC%20%E3%82%B3%E3%82%A6%E3%83%99%20%E5%85%B5%E5%BA%AB%E7%9C%8C%E7%A5%9E%E6%88%B8%E5%B8%82%E4%B8%AD%E5%A4%AE%E5%8C%BA%E5%8C%97%E9%95%B7%E7%8B%AD%E9%80%9A2-4-5%20%E5%A4%A7%E6%B0%B8%E3%83%93%E3%83%AB%202F,2018,ハンバーガー,hamburger,
THE GREAT BURGER,東京都渋谷区神宮前6-12-5 1Ｆ,食べログ ハンバーガー 百名店 2018,https://tabelog.com/tokyo/A1306/A130601/13042654/,https://www.google.com/maps/search/?api=1&query=THE%20GREAT%20BURGER%20%E6%9D%B1%E4%BA%AC%E9%83%BD%E6%B8%8B%E8%B0%B7%E5%8C%BA%E7%A5%9E%E5%AE%AE%E5%89%8D6-12-5%201%EF%BC%A6,2018,ハンバーガー,hamburger,
コージーズ,岡山県岡山市北区表町1-1-40,食べログ ハンバーガー 百名店 2018,https://tabelog.com/okayama/A3301/A330101/33000310/,https://www.google.com/maps/search/?api=1&query=%E3%82%B3%E3%83%BC%E3%82%B8%E3%83%BC%E3%82%BA%20%E5%B2%A1%E5%B1%B1%E7%9C%8C%E5%B2%A1%E5%B1%B1%E5%B8%82%E5%8C%97%E5%8C%BA%E8%A1%A8%E7%94%BA1-1-40,2018,ハンバーガー,hamburger,
エーエス クラシックス ダイナー ROPPONGI,東京都港区六本木6-4-1 六本木ヒルズ メトロハット/ハリウッドプラザ B1F,食べログ ハンバーガー 百名店 2018,https://tabelog.com/tokyo/A1307/A130701/13154413/,https://www.google.com/maps/search/?api=1&query=%E3%82%A8%E3%83%BC%E3%82%A8%E3%82%B9%20%E3%82%AF%E3%83%A9%E3%82%B7%E3%83%83%E3%82%AF%E3%82%B9%20%E3%83%80%E3%82%A4%E3%83%8A%E3%83%BC%20ROPPONGI%20%E6%9D%B1%E4%BA%AC%E9%83%BD%E6%B8%AF%E5%8C%BA%E5%85%AD%E6%9C%AC%E6%9C%A86-4-1%20%E5%85%AD%E6%9C%AC%E6%9C%A8%E3%83%92%E3%83%AB%E3%82%BA%20%E3%83%A1%E3%83%88%E3%83%AD%E3%83%8F%E3%83%83%E3%83%88/%E3%83%8F%E3%83%AA%E3%82%A6%E3%83%83%E3%83%89%E3%83%97%E3%83%A9%E3%82%B6%20B1F,2018,ハンバーガー,hamburger,
エルエーガレージ,東京都世田谷区池尻3-29-4 アルティザ池尻 1F,食べログ ハンバーガー 百名店 2018,https://tabelog.com/tokyo/A1317/A131705/13183140/,https://www.google.com/maps/search/?api=1&query=%E3%82%A8%E3%83%AB%E3%82%A8%E3%83%BC%E3%82%AC%E3%83%AC%E3%83%BC%E3%82%B8%20%E6%9D%B1%E4%BA%AC%E9%83%BD%E4%B8%96%E7%94%B0%E8%B0%B7%E5%8C%BA%E6%B1%A0%E5%B0%BB3-29-4%20%E3%82%A2%E3%83%AB%E3%83%86%E3%82%A3%E3%82%B6%E6%B1%A0%E5%B0%BB%201F,2018,ハンバーガー,hamburger,
マンチズ バーガー シャック,東京都港区芝2-26-1 i・smartビル 1F・2F,食べログ ハンバーガー 百名店 2018,https://tabelog.com/tokyo/A1314/A131401/13121856/,https://www.google.com/maps/search/?api=1&query=%E3%83%9E%E3%83%B3%E3%83%81%E3%82%BA%20%E3%83%90%E3%83%BC%E3%82%AC%E3%83%BC%20%E3%82%B7%E3%83%A3%E3%83%83%E3%82%AF%20%E6%9D%B1%E4%BA%AC%E9%83%BD%E6%B8%AF%E5%8C%BA%E8%8A%9D2-26-1%20i%E3%83%BBsmart%E3%83%93%E3%83%AB%201F%E3%83%BB2F,2018,ハンバーガー,hamburger,
Reg-On Diner 渋谷本店,東京都渋谷区東1-8-1 K HOUSE 1F,食べログ ハンバーガー 百名店 2018,https://tabelog.com/tokyo/A1303/A130301/13054359/,https://www.google.com/maps/search/?api=1&query=Reg-On%20Diner%20%E6%B8%8B%E8%B0%B7%E6%9C%AC%E5%BA%97%20%E6%9D%B1%E4%BA%AC%E9%83%BD%E6%B8%8B%E8%B0%B7%E5%8C%BA%E6%9D%B11-8-1%20K%20HOUSE%201F,2018,ハンバーガー,hamburger,
TSUNAMI,神奈川県横須賀市本町2-1-9,食べログ ハンバーガー 百名店 2018,https://tabelog.com/kanagawa/A1406/A140601/14006674/,https://www.google.com/maps/search/?api=1&query=TSUNAMI%20%E7%A5%9E%E5%A5%88%E5%B7%9D%E7%9C%8C%E6%A8%AA%E9%A0%88%E8%B3%80%E5%B8%82%E6%9C%AC%E7%94%BA2-1-9,2018,ハンバーガー,hamburger,
ヘンリーズ バーガー 代官山,東京都渋谷区恵比寿西1-36-6,食べログ ハンバーガー 百名店 2018,https://tabelog.com/tokyo/A1303/A130303/13190156/,https://www.google.com/maps/search/?api=1&query=%E3%83%98%E3%83%B3%E3%83%AA%E3%83%BC%E3%82%BA%20%E3%83%90%E3%83%BC%E3%82%AC%E3%83%BC%20%E4%BB%A3%E5%AE%98%E5%B1%B1%20%E6%9D%B1%E4%BA%AC%E9%83%BD%E6%B8%8B%E8%B0%B7%E5%8C%BA%E6%81%B5%E6%AF%94%E5%AF%BF%E8%A5%BF1-36-6,2018,ハンバーガー,hamburger,
エーエス クラシックス ダイナー KOMAZAWA,東京都目黒区八雲5-9-22 オリオン駒沢ビル　１Ｆ,食べログ ハンバーガー 百名店 2018,https://tabelog.com/tokyo/A1317/A131707/13022762/,https://www.google.com/maps/search/?api=1&query=%E3%82%A8%E3%83%BC%E3%82%A8%E3%82%B9%20%E3%82%AF%E3%83%A9%E3%82%B7%E3%83%83%E3%82%AF%E3%82%B9%20%E3%83%80%E3%82%A4%E3%83%8A%E3%83%BC%20KOMAZAWA%20%E6%9D%B1%E4%BA%AC%E9%83%BD%E7%9B%AE%E9%BB%92%E5%8C%BA%E5%85%AB%E9%9B%B25-9-22%20%E3%82%AA%E3%83%AA%E3%82%AA%E3%83%B3%E9%A7%92%E6%B2%A2%E3%83%93%E3%83%AB%E3%80%80%EF%BC%91%EF%BC%A6,2018,ハンバーガー,hamburger,
アームズ,東京都渋谷区代々木5-64-7,食べログ ハンバーガー 百名店 2018,https://tabelog.com/tokyo/A1318/A131810/13019608/,https://www.google.com/maps/search/?api=1&query=%E3%82%A2%E3%83%BC%E3%83%A0%E3%82%BA%20%E6%9D%B1%E4%BA%AC%E9%83%BD%E6%B8%8B%E8%B0%B7%E5%8C%BA%E4%BB%A3%E3%80%85%E6%9C%A85-64-7,2018,ハンバーガー,hamburger,
キャプテンカンガルー 名護店,沖縄県名護市宇茂佐183,食べログ ハンバーガー 百名店 2018,https://tabelog.com/okinawa/A4702/A470201/47002024/,https://www.google.com/maps/search/?api=1&query=%E3%82%AD%E3%83%A3%E3%83%97%E3%83%86%E3%83%B3%E3%82%AB%E3%83%B3%E3%82%AC%E3%83%AB%E3%83%BC%20%E5%90%8D%E8%AD%B7%E5%BA%97%20%E6%B2%96%E7%B8%84%E7%9C%8C%E5%90%8D%E8%AD%B7%E5%B8%82%E5%AE%87%E8%8C%82%E4%BD%90183,2018,ハンバーガー,hamburger,
ミサロッソ,長崎県佐世保市万徳町2-15,食べログ ハンバーガー 百名店 2018,https://tabelog.com/nagasaki/A4202/A420201/42000523/,https://www.google.com/maps/search/?api=1&query=%E3%83%9F%E3%82%B5%E3%83%AD%E3%83%83%E3%82%BD%20%E9%95%B7%E5%B4%8E%E7%9C%8C%E4%BD%90%E4%B8%96%E4%BF%9D%E5%B8%82%E4%B8%87%E5%BE%B3%E7%94%BA2-15,2018,ハンバーガー,hamburger,
BeBu,東京都港区虎ノ門1-23-4 虎ノ門ヒルズ 森タワー アンダーズ 東京,食べログ ハンバーガー 百名店 2018,https://tabelog.com/tokyo/A1308/A130802/13169029/,https://www.google.com/maps/search/?api=1&query=BeBu%20%E6%9D%B1%E4%BA%AC%E9%83%BD%E6%B8%AF%E5%8C%BA%E8%99%8E%E3%83%8E%E9%96%801-23-4%20%E8%99%8E%E3%83%8E%E9%96%80%E3%83%92%E3%83%AB%E3%82%BA%20%E6%A3%AE%E3%82%BF%E3%83%AF%E3%83%BC%20%E3%82%A2%E3%83%B3%E3%83%80%E3%83%BC%E3%82%BA%20%E6%9D%B1%E4%BA%AC,2018,ハンバーガー,hamburger,
レイヤーズ 丸の内 本店,愛知県名古屋市中区丸の内3-8-26,食べログ ハンバーガー 百名店 2018,https://tabelog.com/aichi/A2301/A230103/23006213/,https://www.google.com/maps/search/?api=1&query=%E3%83%AC%E3%82%A4%E3%83%A4%E3%83%BC%E3%82%BA%20%E4%B8%B8%E3%81%AE%E5%86%85%20%E6%9C%AC%E5%BA%97%20%E6%84%9B%E7%9F%A5%E7%9C%8C%E5%90%8D%E5%8F%A4%E5%B1%8B%E5%B8%82%E4%B8%AD%E5%8C%BA%E4%B8%B8%E3%81%AE%E5%86%853-8-26,2018,ハンバーガー,hamburger,
ブラッカウズ,東京都渋谷区恵比寿西2-11-9 東光ホワイトビル 1F,食べログ ハンバーガー 百名店 2018,https://tabelog.com/tokyo/A1303/A130302/13096437/,https://www.google.com/maps/search/?api=1&query=%E3%83%96%E3%83%A9%E3%83%83%E3%82%AB%E3%82%A6%E3%82%BA%20%E6%9D%B1%E4%BA%AC%E9%83%BD%E6%B8%8B%E8%B0%B7%E5%8C%BA%E6%81%B5%E6%AF%94%E5%AF%BF%E8%A5%BF2-11-9%20%E6%9D%B1%E5%85%89%E3%83%9B%E3%83%AF%E3%82%A4%E3%83%88%E3%83%93%E3%83%AB%201F,2018,ハンバーガー,hamburger,
ファイヤーハウス,東京都文京区本郷4-5-10,食べログ ハンバーガー 百名店 2018,https://tabelog.com/tokyo/A1310/A131004/13003538/,https://www.google.com/maps/search/?api=1&query=%E3%83%95%E3%82%A1%E3%82%A4%E3%83%A4%E3%83%BC%E3%83%8F%E3%82%A6%E3%82%B9%20%E6%9D%B1%E4%BA%AC%E9%83%BD%E6%96%87%E4%BA%AC%E5%8C%BA%E6%9C%AC%E9%83%B74-5-10,2018,ハンバーガー,hamburger,
ダグズ・バーガー 宮古島本店,沖縄県宮古島市平良下里1153-3 101,食べログ ハンバーガー 百名店 2018,https://tabelog.com/okinawa/A4705/A470503/47009921/,https://www.google.com/maps/search/?api=1&query=%E3%83%80%E3%82%B0%E3%82%BA%E3%83%BB%E3%83%90%E3%83%BC%E3%82%AC%E3%83%BC%20%E5%AE%AE%E5%8F%A4%E5%B3%B6%E6%9C%AC%E5%BA%97%20%E6%B2%96%E7%B8%84%E7%9C%8C%E5%AE%AE%E5%8F%A4%E5%B3%B6%E5%B8%82%E5%B9%B3%E8%89%AF%E4%B8%8B%E9%87%8C1153-3%20101,2018,ハンバーガー,hamburger,
ハングリーヘブン 福岡今泉店,福岡県福岡市中央区今泉1-17-14-1 1F,食べログ ハンバーガー 百名店 2018,https://tabelog.com/fukuoka/A4001/A400103/40029521/,https://www.google.com/maps/search/?api=1&query=%E3%83%8F%E3%83%B3%E3%82%B0%E3%83%AA%E3%83%BC%E3%83%98%E3%83%96%E3%83%B3%20%E7%A6%8F%E5%B2%A1%E4%BB%8A%E6%B3%89%E5%BA%97%20%E7%A6%8F%E5%B2%A1%E7%9C%8C%E7%A6%8F%E5%B2%A1%E5%B8%82%E4%B8%AD%E5%A4%AE%E5%8C%BA%E4%BB%8A%E6%B3%891-17-14-1%201F,2018,ハンバーガー,hamburger,
the 3rd Burger アークヒルズサウスタワー店,東京都港区六本木1-4-5 アークヒルズサウスタワー B1F,食べログ ハンバーガー 百名店 2018,https://tabelog.com/tokyo/A1307/A130701/13164217/,https://www.google.com/maps/search/?api=1&query=the%203rd%20Burger%20%E3%82%A2%E3%83%BC%E3%82%AF%E3%83%92%E3%83%AB%E3%82%BA%E3%82%B5%E3%82%A6%E3%82%B9%E3%82%BF%E3%83%AF%E3%83%BC%E5%BA%97%20%E6%9D%B1%E4%BA%AC%E9%83%BD%E6%B8%AF%E5%8C%BA%E5%85%AD%E6%9C%AC%E6%9C%A81-4-5%20%E3%82%A2%E3%83%BC%E3%82%AF%E3%83%92%E3%83%AB%E3%82%BA%E3%82%B5%E3%82%A6%E3%82%B9%E3%82%BF%E3%83%AF%E3%83%BC%20B1F,2018,ハンバーガー,hamburger,
ザ リスコ,愛知県名古屋市中区平和1-16-6,食べログ ハンバーガー 百名店 2018,https://tabelog.com/aichi/A2301/A230105/23059609/,https://www.google.com/maps/search/?api=1&query=%E3%82%B6%20%E3%83%AA%E3%82%B9%E3%82%B3%20%E6%84%9B%E7%9F%A5%E7%9C%8C%E5%90%8D%E5%8F%A4%E5%B1%8B%E5%B8%82%E4%B8%AD%E5%8C%BA%E5%B9%B3%E5%92%8C1-16-6,2018,ハンバーガー,hamburger,
THE BURGER STAND FELLOWS,東京都港区北青山3-8-11,食べログ ハンバーガー 百名店 2018,https://tabelog.com/tokyo/A1306/A130602/13020792/,https://www.google.com/maps/search/?api=1&query=THE%20BURGER%20STAND%20FELLOWS%20%E6%9D%B1%E4%BA%AC%E9%83%BD%E6%B8%AF%E5%8C%BA%E5%8C%97%E9%9D%92%E5%B1%B13-8-11,2018,ハンバーガー,hamburger,
ヴィレッジヴァンガード ダイナー 吉祥寺,東京都武蔵野市吉祥寺本町2-20-1 ＴＹビル　２Ｆ,食べログ ハンバーガー 百名店 2018,https://tabelog.com/tokyo/A1320/A132001/13005797/,https://www.google.com/maps/search/?api=1&query=%E3%83%B4%E3%82%A3%E3%83%AC%E3%83%83%E3%82%B8%E3%83%B4%E3%82%A1%E3%83%B3%E3%82%AC%E3%83%BC%E3%83%89%20%E3%83%80%E3%82%A4%E3%83%8A%E3%83%BC%20%E5%90%89%E7%A5%A5%E5%AF%BA%20%E6%9D%B1%E4%BA%AC%E9%83%BD%E6%AD%A6%E8%94%B5%E9%87%8E%E5%B8%82%E5%90%89%E7%A5%A5%E5%AF%BA%E6%9C%AC%E7%94%BA2-20-1%20%EF%BC%B4%EF%BC%B9%E3%83%93%E3%83%AB%E3%80%80%EF%BC%92%EF%BC%A6,2018,ハンバーガー,hamburger,
ビア パブ カムデン 池袋東口店,東京都豊島区東池袋1-7-2 東駒ビル 2F,食べログ ハンバーガー 百名店 2018,https://tabelog.com/tokyo/A1305/A130501/13122469/,https://www.google.com/maps/search/?api=1&query=%E3%83%93%E3%82%A2%20%E3%83%91%E3%83%96%20%E3%82%AB%E3%83%A0%E3%83%87%E3%83%B3%20%E6%B1%A0%E8%A2%8B%E6%9D%B1%E5%8F%A3%E5%BA%97%20%E6%9D%B1%E4%BA%AC%E9%83%BD%E8%B1%8A%E5%B3%B6%E5%8C%BA%E6%9D%B1%E6%B1%A0%E8%A2%8B1-7-2%20%E6%9D%B1%E9%A7%92%E3%83%93%E3%83%AB%202F,2018,ハンバーガー,hamburger,
バーガリオン,大阪府大阪市西区京町堀3-8-9,食べログ ハンバーガー 百名店 2018,https://tabelog.com/osaka/A2701/A270105/27068233/,https://www.google.com/maps/search/?api=1&query=%E3%83%90%E3%83%BC%E3%82%AC%E3%83%AA%E3%82%AA%E3%83%B3%20%E5%A4%A7%E9%98%AA%E5%BA%9C%E5%A4%A7%E9%98%AA%E5%B8%82%E8%A5%BF%E5%8C%BA%E4%BA%AC%E7%94%BA%E5%A0%803-8-9,2018,ハンバーガー,hamburger,
ホームワークス 広尾店,東京都渋谷区広尾5-1-20 七星舎ビル　１Ｆ,食べログ ハンバーガー 百名店 2018,https://tabelog.com/tokyo/A1307/A130703/13001591/,https://www.google.com/maps/search/?api=1&query=%E3%83%9B%E3%83%BC%E3%83%A0%E3%83%AF%E3%83%BC%E3%82%AF%E3%82%B9%20%E5%BA%83%E5%B0%BE%E5%BA%97%20%E6%9D%B1%E4%BA%AC%E9%83%BD%E6%B8%8B%E8%B0%B7%E5%8C%BA%E5%BA%83%E5%B0%BE5-1-20%20%E4%B8%83%E6%98%9F%E8%88%8E%E3%83%93%E3%83%AB%E3%80%80%EF%BC%91%EF%BC%A6,2018,ハンバーガー,hamburger,
ヴィレッジヴァンガード ダイナー ルミネ横浜,神奈川県横浜市西区高島2-16-1 ルミネ横浜店 6F,食べログ ハンバーガー 百名店 2018,https://tabelog.com/kanagawa/A1401/A140101/14013506/,https://www.google.com/maps/search/?api=1&query=%E3%83%B4%E3%82%A3%E3%83%AC%E3%83%83%E3%82%B8%E3%83%B4%E3%82%A1%E3%83%B3%E3%82%AC%E3%83%BC%E3%83%89%20%E3%83%80%E3%82%A4%E3%83%8A%E3%83%BC%20%E3%83%AB%E3%83%9F%E3%83%8D%E6%A8%AA%E6%B5%9C%20%E7%A5%9E%E5%A5%88%E5%B7%9D%E7%9C%8C%E6%A8%AA%E6%B5%9C%E5%B8%82%E8%A5%BF%E5%8C%BA%E9%AB%98%E5%B3%B62-16-1%20%E3%83%AB%E3%83%9F%E3%83%8D%E6%A8%AA%E6%B5%9C%E5%BA%97%206F,2018,ハンバーガー,hamburger,
ベーカーバウンス,東京都世田谷区太子堂5-13-5,食べログ ハンバーガー 百名店 2018,https://tabelog.com/tokyo/A1317/A131706/13004780/,https://www.google.com/maps/search/?api=1&query=%E3%83%99%E3%83%BC%E3%82%AB%E3%83%BC%E3%83%90%E3%82%A6%E3%83%B3%E3%82%B9%20%E6%9D%B1%E4%BA%AC%E9%83%BD%E4%B8%96%E7%94%B0%E8%B0%B7%E5%8C%BA%E5%A4%AA%E5%AD%90%E5%A0%825-13-5,2018,ハンバーガー,hamburger,
自由が丘バーガー 羽田店,東京都大田区羽田空港3-4-2 羽田空港 第2旅客ターミナル 3F ターミナルロビー,食べログ ハンバーガー 百名店 2018,https://tabelog.com/tokyo/A1315/A131504/13183704/,https://www.google.com/maps/search/?api=1&query=%E8%87%AA%E7%94%B1%E3%81%8C%E4%B8%98%E3%83%90%E3%83%BC%E3%82%AC%E3%83%BC%20%E7%BE%BD%E7%94%B0%E5%BA%97%20%E6%9D%B1%E4%BA%AC%E9%83%BD%E5%A4%A7%E7%94%B0%E5%8C%BA%E7%BE%BD%E7%94%B0%E7%A9%BA%E6%B8%AF3-4-2%20%E7%BE%BD%E7%94%B0%E7%A9%BA%E6%B8%AF%20%E7%AC%AC2%E6%97%85%E5%AE%A2%E3%82%BF%E3%83%BC%E3%83%9F%E3%83%8A%E3%83%AB%203F%20%E3%82%BF%E3%83%BC%E3%83%9F%E3%83%8A%E3%83%AB%E3%83%AD%E3%83%93%E3%83%BC,2018,ハンバーガー,hamburger,
the 3rd Burger 青山骨董通り店,東京都港区南青山5-11-2 SANWA南青山ビル 1F,食べログ ハンバーガー 百名店 2018,https://tabelog.com/tokyo/A1306/A130602/13150800/,https://www.google.com/maps/search/?api=1&query=the%203rd%20Burger%20%E9%9D%92%E5%B1%B1%E9%AA%A8%E8%91%A3%E9%80%9A%E3%82%8A%E5%BA%97%20%E6%9D%B1%E4%BA%AC%E9%83%BD%E6%B8%AF%E5%8C%BA%E5%8D%97%E9%9D%92%E5%B1%B15-11-2%20SANWA%E5%8D%97%E9%9D%92%E5%B1%B1%E3%83%93%E3%83%AB%201F,2018,ハンバーガー,hamburger,
ルーフトップス,神奈川県鎌倉市小町1-6-17 鎌倉マークビル 6F,食べログ ハンバーガー 百名店 2018,https://tabelog.com/kanagawa/A1404/A140402/14058323/,https://www.google.com/maps/search/?api=1&query=%E3%83%AB%E3%83%BC%E3%83%95%E3%83%88%E3%83%83%E3%83%97%E3%82%B9%20%E7%A5%9E%E5%A5%88%E5%B7%9D%E7%9C%8C%E9%8E%8C%E5%80%89%E5%B8%82%E5%B0%8F%E7%94%BA1-6-17%20%E9%8E%8C%E5%80%89%E3%83%9E%E3%83%BC%E3%82%AF%E3%83%93%E3%83%AB%206F,2018,ハンバーガー,hamburger,
ハンサム バーガー,愛知県名古屋市中区錦2-13-24 伏見地下街 39-40,食べログ ハンバーガー 百名店 2018,https://tabelog.com/aichi/A2301/A230102/23058190/,https://www.google.com/maps/search/?api=1&query=%E3%83%8F%E3%83%B3%E3%82%B5%E3%83%A0%20%E3%83%90%E3%83%BC%E3%82%AC%E3%83%BC%20%E6%84%9B%E7%9F%A5%E7%9C%8C%E5%90%8D%E5%8F%A4%E5%B1%8B%E5%B8%82%E4%B8%AD%E5%8C%BA%E9%8C%A62-13-24%20%E4%BC%8F%E8%A6%8B%E5%9C%B0%E4%B8%8B%E8%A1%97%2039-40,2018,ハンバーガー,hamburger,
ファンゴー 三宿本店,東京都世田谷区下馬1-40-10,食べログ ハンバーガー 百名店 2018,https://tabelog.com/tokyo/A1317/A131706/13008406/,https://www.google.com/maps/search/?api=1&query=%E3%83%95%E3%82%A1%E3%83%B3%E3%82%B4%E3%83%BC%20%E4%B8%89%E5%AE%BF%E6%9C%AC%E5%BA%97%20%E6%9D%B1%E4%BA%AC%E9%83%BD%E4%B8%96%E7%94%B0%E8%B0%B7%E5%8C%BA%E4%B8%8B%E9%A6%AC1-40-10,2018,ハンバーガー,hamburger,
Jack37Burger,東京都中央区日本橋小伝馬町16-16,食べログ ハンバーガー 百名店 2018,https://tabelog.com/tokyo/A1302/A130204/13186781/,https://www.google.com/maps/search/?api=1&query=Jack37Burger%20%E6%9D%B1%E4%BA%AC%E9%83%BD%E4%B8%AD%E5%A4%AE%E5%8C%BA%E6%97%A5%E6%9C%AC%E6%A9%8B%E5%B0%8F%E4%BC%9D%E9%A6%AC%E7%94%BA16-16,2018,ハンバーガー,hamburger,
コックテイル ハンバーガーズ,東京都武蔵野市境南町2-1-22 1F,食べログ ハンバーガー 百名店 2018,https://tabelog.com/tokyo/A1320/A132003/13178287/,https://www.google.com/maps/search/?api=1&query=%E3%82%B3%E3%83%83%E3%82%AF%E3%83%86%E3%82%A4%E3%83%AB%20%E3%83%8F%E3%83%B3%E3%83%90%E3%83%BC%E3%82%AC%E3%83%BC%E3%82%BA%20%E6%9D%B1%E4%BA%AC%E9%83%BD%E6%AD%A6%E8%94%B5%E9%87%8E%E5%B8%82%E5%A2%83%E5%8D%97%E7%94%BA2-1-22%201F,2018,ハンバーガー,hamburger,
アイコウシャ,東京都千代田区神田三崎町1-4-8 愛光舎ビル 1F,食べログ ハンバーガー 百名店 2018,https://tabelog.com/tokyo/A1310/A131003/13006525/,https://www.google.com/maps/search/?api=1&query=%E3%82%A2%E3%82%A4%E3%82%B3%E3%82%A6%E3%82%B7%E3%83%A3%20%E6%9D%B1%E4%BA%AC%E9%83%BD%E5%8D%83%E4%BB%A3%E7%94%B0%E5%8C%BA%E7%A5%9E%E7%94%B0%E4%B8%89%E5%B4%8E%E7%94%BA1-4-8%20%E6%84%9B%E5%85%89%E8%88%8E%E3%83%93%E3%83%AB%201F,2018,ハンバーガー,hamburger,
ホーミーズ,東京都新宿区高田馬場2-9-1,食べログ ハンバーガー 百名店 2018,https://tabelog.com/tokyo/A1305/A130503/13151157/,https://www.google.com/maps/search/?api=1&query=%E3%83%9B%E3%83%BC%E3%83%9F%E3%83%BC%E3%82%BA%20%E6%9D%B1%E4%BA%AC%E9%83%BD%E6%96%B0%E5%AE%BF%E5%8C%BA%E9%AB%98%E7%94%B0%E9%A6%AC%E5%A0%B42-9-1,2018,ハンバーガー,hamburger,
CENTER4 HAMBURGERS,岐阜県高山市上一之町94,食べログ ハンバーガー 百名店 2018,https://tabelog.com/gifu/A2104/A210401/21009922/,https://www.google.com/maps/search/?api=1&query=CENTER4%20HAMBURGERS%20%E5%B2%90%E9%98%9C%E7%9C%8C%E9%AB%98%E5%B1%B1%E5%B8%82%E4%B8%8A%E4%B8%80%E4%B9%8B%E7%94%BA94,2018,ハンバーガー,hamburger,
No.18,東京都豊島区東池袋2-57-2 コスモ東池袋105‬,食べログ ハンバーガー 百名店 2018,https://tabelog.com/tokyo/A1305/A130501/13172081/,https://www.google.com/maps/search/?api=1&query=No.18%20%E6%9D%B1%E4%BA%AC%E9%83%BD%E8%B1%8A%E5%B3%B6%E5%8C%BA%E6%9D%B1%E6%B1%A0%E8%A2%8B2-57-2%20%E3%82%B3%E3%82%B9%E3%83%A2%E6%9D%B1%E6%B1%A0%E8%A2%8B105%E2%80%AC,2018,ハンバーガー,hamburger,
シェイクツリー バーガー＆バー,東京都墨田区亀沢3-13-6 岩崎ビル1F,食べログ ハンバーガー 百名店 2018,https://tabelog.com/tokyo/A1312/A131201/13134063/,https://www.google.com/maps/search/?api=1&query=%E3%82%B7%E3%82%A7%E3%82%A4%E3%82%AF%E3%83%84%E3%83%AA%E3%83%BC%20%E3%83%90%E3%83%BC%E3%82%AC%E3%83%BC%EF%BC%86%E3%83%90%E3%83%BC%20%E6%9D%B1%E4%BA%AC%E9%83%BD%E5%A2%A8%E7%94%B0%E5%8C%BA%E4%BA%80%E6%B2%A23-13-6%20%E5%B2%A9%E5%B4%8E%E3%83%93%E3%83%AB1F,2018,ハンバーガー,hamburger,
good mellows,神奈川県鎌倉市坂の下27-39,食べログ ハンバーガー 百名店 2018,https://tabelog.com/kanagawa/A1404/A140402/14030872/,https://www.google.com/maps/search/?api=1&query=good%20mellows%20%E7%A5%9E%E5%A5%88%E5%B7%9D%E7%9C%8C%E9%8E%8C%E5%80%89%E5%B8%82%E5%9D%82%E3%81%AE%E4%B8%8B27-39,2018,ハンバーガー,hamburger,
cafe Hohokam,東京都渋谷区神宮前3-22-14 ｵﾘｯｸｽ神宮前3丁目ﾋﾞﾙB棟 2F,食べログ ハンバーガー 百名店 2018,https://tabelog.com/tokyo/A1306/A130601/13111587/,https://www.google.com/maps/search/?api=1&query=cafe%20Hohokam%20%E6%9D%B1%E4%BA%AC%E9%83%BD%E6%B8%8B%E8%B0%B7%E5%8C%BA%E7%A5%9E%E5%AE%AE%E5%89%8D3-22-14%20%EF%BD%B5%EF%BE%98%EF%BD%AF%EF%BD%B8%EF%BD%BD%E7%A5%9E%E5%AE%AE%E5%89%8D3%E4%B8%81%E7%9B%AE%EF%BE%8B%EF%BE%9E%EF%BE%99B%E6%A3%9F%202F,2018,ハンバーガー,hamburger,
さくらバーガー,奈良県奈良市東向北町6,食べログ ハンバーガー 百名店 2018,https://tabelog.com/nara/A2901/A290101/29006078/,https://www.google.com/maps/search/?api=1&query=%E3%81%95%E3%81%8F%E3%82%89%E3%83%90%E3%83%BC%E3%82%AC%E3%83%BC%20%E5%A5%88%E8%89%AF%E7%9C%8C%E5%A5%88%E8%89%AF%E5%B8%82%E6%9D%B1%E5%90%91%E5%8C%97%E7%94%BA6,2018,ハンバーガー,hamburger,
マティーニバーガー,東京都新宿区中里町31,食べログ ハンバーガー 百名店 2018,https://tabelog.com/tokyo/A1309/A130905/13117569/,https://www.google.com/maps/search/?api=1&query=%E3%83%9E%E3%83%86%E3%82%A3%E3%83%BC%E3%83%8B%E3%83%90%E3%83%BC%E3%82%AC%E3%83%BC%20%E6%9D%B1%E4%BA%AC%E9%83%BD%E6%96%B0%E5%AE%BF%E5%8C%BA%E4%B8%AD%E9%87%8C%E7%94%BA31,2018,ハンバーガー,hamburger,
アイランドバーガーズ 四谷本店,東京都新宿区四谷3-1 須賀ビル 1F,食べログ ハンバーガー 百名店 2018,https://tabelog.com/tokyo/A1309/A130903/13163734/,https://www.google.com/maps/search/?api=1&query=%E3%82%A2%E3%82%A4%E3%83%A9%E3%83%B3%E3%83%89%E3%83%90%E3%83%BC%E3%82%AC%E3%83%BC%E3%82%BA%20%E5%9B%9B%E8%B0%B7%E6%9C%AC%E5%BA%97%20%E6%9D%B1%E4%BA%AC%E9%83%BD%E6%96%B0%E5%AE%BF%E5%8C%BA%E5%9B%9B%E8%B0%B73-1%20%E9%A0%88%E8%B3%80%E3%83%93%E3%83%AB%201F,2018,ハンバーガー,hamburger,
ビンゴバーガー,千葉県南房総市川田82-2 道の駅　三芳村　鄙の里,食べログ ハンバーガー 百名店 2018,https://tabelog.com/chiba/A1207/A120704/12003706/,https://www.google.com/maps/search/?api=1&query=%E3%83%93%E3%83%B3%E3%82%B4%E3%83%90%E3%83%BC%E3%82%AC%E3%83%BC%20%E5%8D%83%E8%91%89%E7%9C%8C%E5%8D%97%E6%88%BF%E7%B7%8F%E5%B8%82%E5%B7%9D%E7%94%B082-2%20%E9%81%93%E3%81%AE%E9%A7%85%E3%80%80%E4%B8%89%E8%8A%B3%E6%9D%91%E3%80%80%E9%84%99%E3%81%AE%E9%87%8C,2018,ハンバーガー,hamburger,
ザ・コーナー ハンバーガー＆サルーン,愛知県名古屋市西区那古野2-18-7,食べログ ハンバーガー 百名店 2018,https://tabelog.com/aichi/A2301/A230101/23036425/,https://www.google.com/maps/search/?api=1&query=%E3%82%B6%E3%83%BB%E3%82%B3%E3%83%BC%E3%83%8A%E3%83%BC%20%E3%83%8F%E3%83%B3%E3%83%90%E3%83%BC%E3%82%AC%E3%83%BC%EF%BC%86%E3%82%B5%E3%83%AB%E3%83%BC%E3%83%B3%20%E6%84%9B%E7%9F%A5%E7%9C%8C%E5%90%8D%E5%8F%A4%E5%B1%8B%E5%B8%82%E8%A5%BF%E5%8C%BA%E9%82%A3%E5%8F%A4%E9%87%8E2-18-7,2018,ハンバーガー,hamburger,
オーセンティック,東京都港区赤坂2-18-19 赤坂シャレーⅡ 1F,食べログ ハンバーガー 百名店 2018,https://tabelog.com/tokyo/A1308/A130802/13030795/,https://www.google.com/maps/search/?api=1&query=%E3%82%AA%E3%83%BC%E3%82%BB%E3%83%B3%E3%83%86%E3%82%A3%E3%83%83%E3%82%AF%20%E6%9D%B1%E4%BA%AC%E9%83%BD%E6%B8%AF%E5%8C%BA%E8%B5%A4%E5%9D%822-18-19%20%E8%B5%A4%E5%9D%82%E3%82%B7%E3%83%A3%E3%83%AC%E3%83%BC%E2%85%A1%201F,2018,ハンバーガー,hamburger,
CRUZ BURGERS & CRAFT BEERS,東京都新宿区四谷三栄町15-6 小椋ビル 1F,食べログ ハンバーガー 百名店 2018,https://tabelog.com/tokyo/A1309/A130902/13189090/,https://www.google.com/maps/search/?api=1&query=CRUZ%20BURGERS%20%26%20CRAFT%20BEERS%20%E6%9D%B1%E4%BA%AC%E9%83%BD%E6%96%B0%E5%AE%BF%E5%8C%BA%E5%9B%9B%E8%B0%B7%E4%B8%89%E6%A0%84%E7%94%BA15-6%20%E5%B0%8F%E6%A4%8B%E3%83%93%E3%83%AB%201F,2018,ハンバーガー,hamburger,
イーストヴィレッジ,東京都豊島区東池袋1-13-1 栄町通り,食べログ ハンバーガー 百名店 2018,https://tabelog.com/tokyo/A1305/A130501/13054782/,https://www.google.com/maps/search/?api=1&query=%E3%82%A4%E3%83%BC%E3%82%B9%E3%83%88%E3%83%B4%E3%82%A3%E3%83%AC%E3%83%83%E3%82%B8%20%E6%9D%B1%E4%BA%AC%E9%83%BD%E8%B1%8A%E5%B3%B6%E5%8C%BA%E6%9D%B1%E6%B1%A0%E8%A2%8B1-13-1%20%E6%A0%84%E7%94%BA%E9%80%9A%E3%82%8A,2018,ハンバーガー,hamburger,
ハラカラ。 三軒茶屋店,東京都世田谷区三軒茶屋2-16-8,食べログ ハンバーガー 百名店 2018,https://tabelog.com/tokyo/A1317/A131706/13091055/,https://www.google.com/maps/search/?api=1&query=%E3%83%8F%E3%83%A9%E3%82%AB%E3%83%A9%E3%80%82%20%E4%B8%89%E8%BB%92%E8%8C%B6%E5%B1%8B%E5%BA%97%20%E6%9D%B1%E4%BA%AC%E9%83%BD%E4%B8%96%E7%94%B0%E8%B0%B7%E5%8C%BA%E4%B8%89%E8%BB%92%E8%8C%B6%E5%B1%8B2-16-8,2018,ハンバーガー,hamburger,
GRILL BURGER CLUB SASA,東京都渋谷区恵比寿西2-21-15,食べログ ハンバーガー 百名店 2018,https://tabelog.com/tokyo/A1303/A130303/13086561/,https://www.google.com/maps/search/?api=1&query=GRILL%20BURGER%20CLUB%20SASA%20%E6%9D%B1%E4%BA%AC%E9%83%BD%E6%B8%8B%E8%B0%B7%E5%8C%BA%E6%81%B5%E6%AF%94%E5%AF%BF%E8%A5%BF2-21-15,2018,ハンバーガー,hamburger,
ムースヒルズバーガー,山梨県南都留郡富士河口湖町勝山3290-1,食べログ ハンバーガー 百名店 2018,https://tabelog.com/yamanashi/A1903/A190303/19003886/,https://www.google.com/maps/search/?api=1&query=%E3%83%A0%E3%83%BC%E3%82%B9%E3%83%92%E3%83%AB%E3%82%BA%E3%83%90%E3%83%BC%E3%82%AC%E3%83%BC%20%E5%B1%B1%E6%A2%A8%E7%9C%8C%E5%8D%97%E9%83%BD%E7%95%99%E9%83%A1%E5%AF%8C%E5%A3%AB%E6%B2%B3%E5%8F%A3%E6%B9%96%E7%94%BA%E5%8B%9D%E5%B1%B13290-1,2018,ハンバーガー,hamburger,
ハングリー ヘブン 目黒店,東京都目黒区下目黒1-2-22 セザール目黒 2F,食べログ ハンバーガー 百名店 2018,https://tabelog.com/tokyo/A1316/A131601/13119994/,https://www.google.com/maps/search/?api=1&query=%E3%83%8F%E3%83%B3%E3%82%B0%E3%83%AA%E3%83%BC%20%E3%83%98%E3%83%96%E3%83%B3%20%E7%9B%AE%E9%BB%92%E5%BA%97%20%E6%9D%B1%E4%BA%AC%E9%83%BD%E7%9B%AE%E9%BB%92%E5%8C%BA%E4%B8%8B%E7%9B%AE%E9%BB%921-2-22%20%E3%82%BB%E3%82%B6%E3%83%BC%E3%83%AB%E7%9B%AE%E9%BB%92%202F,2018,ハンバーガー,hamburger,
ソウルダイナー,愛知県名古屋市天白区植田3-1701 ワイズビル 1Ｆ,食べログ ハンバーガー 百名店 2018,https://tabelog.com/aichi/A2301/A230111/23046143/,https://www.google.com/maps/search/?api=1&query=%E3%82%BD%E3%82%A6%E3%83%AB%E3%83%80%E3%82%A4%E3%83%8A%E3%83%BC%20%E6%84%9B%E7%9F%A5%E7%9C%8C%E5%90%8D%E5%8F%A4%E5%B1%8B%E5%B8%82%E5%A4%A9%E7%99%BD%E5%8C%BA%E6%A4%8D%E7%94%B03-1701%20%E3%83%AF%E3%82%A4%E3%82%BA%E3%83%93%E3%83%AB%201%EF%BC%A6,2018,ハンバーガー,hamburger,
福太郎 本店,大阪府大阪市中央区千日前2-3-17,食べログ お好み焼き 百名店 2018,https://tabelog.com/osaka/A2701/A270202/27002665/,https://www.google.com/maps/search/?api=1&query=%E7%A6%8F%E5%A4%AA%E9%83%8E%20%E6%9C%AC%E5%BA%97%20%E5%A4%A7%E9%98%AA%E5%BA%9C%E5%A4%A7%E9%98%AA%E5%B8%82%E4%B8%AD%E5%A4%AE%E5%8C%BA%E5%8D%83%E6%97%A5%E5%89%8D2-3-17,2018,お好み焼き,okonomiyaki,
OSAKA きっちん。 虎ノ門店,東京都港区虎ノ門3-4-7 虎ノ門36森ビル B1F,食べログ お好み焼き 百名店 2018,https://tabelog.com/tokyo/A1308/A130802/13189466/,https://www.google.com/maps/search/?api=1&query=OSAKA%20%E3%81%8D%E3%81%A3%E3%81%A1%E3%82%93%E3%80%82%20%E8%99%8E%E3%83%8E%E9%96%80%E5%BA%97%20%E6%9D%B1%E4%BA%AC%E9%83%BD%E6%B8%AF%E5%8C%BA%E8%99%8E%E3%83%8E%E9%96%803-4-7%20%E8%99%8E%E3%83%8E%E9%96%8036%E6%A3%AE%E3%83%93%E3%83%AB%20B1F,2018,お好み焼き,okonomiyaki,
じゃけん 名古屋店,愛知県名古屋市中村区名駅3-3-4 児玉ビル１階,食べログ お好み焼き 百名店 2018,https://tabelog.com/aichi/A2301/A230101/23035482/,https://www.google.com/maps/search/?api=1&query=%E3%81%98%E3%82%83%E3%81%91%E3%82%93%20%E5%90%8D%E5%8F%A4%E5%B1%8B%E5%BA%97%20%E6%84%9B%E7%9F%A5%E7%9C%8C%E5%90%8D%E5%8F%A4%E5%B1%8B%E5%B8%82%E4%B8%AD%E6%9D%91%E5%8C%BA%E5%90%8D%E9%A7%853-3-4%20%E5%85%90%E7%8E%89%E3%83%93%E3%83%AB%EF%BC%91%E9%9A%8E,2018,お好み焼き,okonomiyaki,
ゆき,兵庫県神戸市長田区久保町4-2-5,食べログ お好み焼き 百名店 2018,https://tabelog.com/hyogo/A2801/A280110/28002109/,https://www.google.com/maps/search/?api=1&query=%E3%82%86%E3%81%8D%20%E5%85%B5%E5%BA%AB%E7%9C%8C%E7%A5%9E%E6%88%B8%E5%B8%82%E9%95%B7%E7%94%B0%E5%8C%BA%E4%B9%85%E4%BF%9D%E7%94%BA4-2-5,2018,お好み焼き,okonomiyaki,
お好み焼き 福竹,東京都大田区東矢口1-17-11,食べログ お好み焼き 百名店 2018,https://tabelog.com/tokyo/A1317/A131714/13003312/,https://www.google.com/maps/search/?api=1&query=%E3%81%8A%E5%A5%BD%E3%81%BF%E7%84%BC%E3%81%8D%20%E7%A6%8F%E7%AB%B9%20%E6%9D%B1%E4%BA%AC%E9%83%BD%E5%A4%A7%E7%94%B0%E5%8C%BA%E6%9D%B1%E7%9F%A2%E5%8F%A31-17-11,2018,お好み焼き,okonomiyaki,
カープ 東京支店,東京都千代田区神田鍛冶町3-5 保坂神田ビル,食べログ お好み焼き 百名店 2018,https://tabelog.com/tokyo/A1310/A131002/13004170/,https://www.google.com/maps/search/?api=1&query=%E3%82%AB%E3%83%BC%E3%83%97%20%E6%9D%B1%E4%BA%AC%E6%94%AF%E5%BA%97%20%E6%9D%B1%E4%BA%AC%E9%83%BD%E5%8D%83%E4%BB%A3%E7%94%B0%E5%8C%BA%E7%A5%9E%E7%94%B0%E9%8D%9B%E5%86%B6%E7%94%BA3-5%20%E4%BF%9D%E5%9D%82%E7%A5%9E%E7%94%B0%E3%83%93%E3%83%AB,2018,お好み焼き,okonomiyaki,
お好み焼 オモニ 本店,大阪府大阪市生野区桃谷3-3-2,食べログ お好み焼き 百名店 2018,https://tabelog.com/osaka/A2701/A270205/27000560/,https://www.google.com/maps/search/?api=1&query=%E3%81%8A%E5%A5%BD%E3%81%BF%E7%84%BC%20%E3%82%AA%E3%83%A2%E3%83%8B%20%E6%9C%AC%E5%BA%97%20%E5%A4%A7%E9%98%AA%E5%BA%9C%E5%A4%A7%E9%98%AA%E5%B8%82%E7%94%9F%E9%87%8E%E5%8C%BA%E6%A1%83%E8%B0%B73-3-2,2018,お好み焼き,okonomiyaki,
山本まんぼ,京都府京都市下京区高倉通塩小路下ル東側 市営住宅内,食べログ お好み焼き 百名店 2018,https://tabelog.com/kyoto/A2601/A260101/26000868/,https://www.google.com/maps/search/?api=1&query=%E5%B1%B1%E6%9C%AC%E3%81%BE%E3%82%93%E3%81%BC%20%E4%BA%AC%E9%83%BD%E5%BA%9C%E4%BA%AC%E9%83%BD%E5%B8%82%E4%B8%8B%E4%BA%AC%E5%8C%BA%E9%AB%98%E5%80%89%E9%80%9A%E5%A1%A9%E5%B0%8F%E8%B7%AF%E4%B8%8B%E3%83%AB%E6%9D%B1%E5%81%B4%20%E5%B8%82%E5%96%B6%E4%BD%8F%E5%AE%85%E5%86%85,2018,お好み焼き,okonomiyaki,
AT THE 21,大阪府豊中市上野東3-18-19,食べログ お好み焼き 百名店 2018,https://tabelog.com/osaka/A2706/A270601/27010845/,https://www.google.com/maps/search/?api=1&query=AT%20THE%2021%20%E5%A4%A7%E9%98%AA%E5%BA%9C%E8%B1%8A%E4%B8%AD%E5%B8%82%E4%B8%8A%E9%87%8E%E6%9D%B13-18-19,2018,お好み焼き,okonomiyaki,
新天地 みっちゃん,広島県広島市中区新天地6-12,食べログ お好み焼き 百名店 2018,https://tabelog.com/hiroshima/A3401/A340101/34000362/,https://www.google.com/maps/search/?api=1&query=%E6%96%B0%E5%A4%A9%E5%9C%B0%20%E3%81%BF%E3%81%A3%E3%81%A1%E3%82%83%E3%82%93%20%E5%BA%83%E5%B3%B6%E7%9C%8C%E5%BA%83%E5%B3%B6%E5%B8%82%E4%B8%AD%E5%8C%BA%E6%96%B0%E5%A4%A9%E5%9C%B06-12,2018,お好み焼き,okonomiyaki,
大丸堂,広島県広島市中区新天地5番13号 新天地プラザ4F,食べログ お好み焼き 百名店 2018,https://tabelog.com/hiroshima/A3401/A340101/34000423/,https://www.google.com/maps/search/?api=1&query=%E5%A4%A7%E4%B8%B8%E5%A0%82%20%E5%BA%83%E5%B3%B6%E7%9C%8C%E5%BA%83%E5%B3%B6%E5%B8%82%E4%B8%AD%E5%8C%BA%E6%96%B0%E5%A4%A9%E5%9C%B05%E7%95%AA13%E5%8F%B7%20%E6%96%B0%E5%A4%A9%E5%9C%B0%E3%83%97%E3%83%A9%E3%82%B64F,2018,お好み焼き,okonomiyaki,
玉屋,東京都武蔵野市吉祥寺東町1-3-6 1階,食べログ お好み焼き 百名店 2018,https://tabelog.com/tokyo/A1320/A132001/13114890/,https://www.google.com/maps/search/?api=1&query=%E7%8E%89%E5%B1%8B%20%E6%9D%B1%E4%BA%AC%E9%83%BD%E6%AD%A6%E8%94%B5%E9%87%8E%E5%B8%82%E5%90%89%E7%A5%A5%E5%AF%BA%E6%9D%B1%E7%94%BA1-3-6%201%E9%9A%8E,2018,お好み焼き,okonomiyaki,
丹波亭,東京都新宿区西新宿7-14-9,食べログ お好み焼き 百名店 2018,https://tabelog.com/tokyo/A1304/A130401/13011098/,https://www.google.com/maps/search/?api=1&query=%E4%B8%B9%E6%B3%A2%E4%BA%AD%20%E6%9D%B1%E4%BA%AC%E9%83%BD%E6%96%B0%E5%AE%BF%E5%8C%BA%E8%A5%BF%E6%96%B0%E5%AE%BF7-14-9,2018,お好み焼き,okonomiyaki,
福太郎 なんばダイニングメゾン店,大阪府大阪市中央区難波5-1-18 なんばダイニングメゾン 8F,食べログ お好み焼き 百名店 2018,https://tabelog.com/osaka/A2701/A270202/27046834/,https://www.google.com/maps/search/?api=1&query=%E7%A6%8F%E5%A4%AA%E9%83%8E%20%E3%81%AA%E3%82%93%E3%81%B0%E3%83%80%E3%82%A4%E3%83%8B%E3%83%B3%E3%82%B0%E3%83%A1%E3%82%BE%E3%83%B3%E5%BA%97%20%E5%A4%A7%E9%98%AA%E5%BA%9C%E5%A4%A7%E9%98%AA%E5%B8%82%E4%B8%AD%E5%A4%AE%E5%8C%BA%E9%9B%A3%E6%B3%A25-1-18%20%E3%81%AA%E3%82%93%E3%81%B0%E3%83%80%E3%82%A4%E3%83%8B%E3%83%B3%E3%82%B0%E3%83%A1%E3%82%BE%E3%83%B3%208F,2018,お好み焼き,okonomiyaki,
味乃家 本店,大阪府大阪市中央区難波1-7-16,食べログ お好み焼き 百名店 2018,https://tabelog.com/osaka/A2701/A270202/27001439/,https://www.google.com/maps/search/?api=1&query=%E5%91%B3%E4%B9%83%E5%AE%B6%20%E6%9C%AC%E5%BA%97%20%E5%A4%A7%E9%98%AA%E5%BA%9C%E5%A4%A7%E9%98%AA%E5%B8%82%E4%B8%AD%E5%A4%AE%E5%8C%BA%E9%9B%A3%E6%B3%A21-7-16,2018,お好み焼き,okonomiyaki,
お好み焼 青森,兵庫県神戸市長田区久保町4-8-6,食べログ お好み焼き 百名店 2018,https://tabelog.com/hyogo/A2801/A280110/28000773/,https://www.google.com/maps/search/?api=1&query=%E3%81%8A%E5%A5%BD%E3%81%BF%E7%84%BC%20%E9%9D%92%E6%A3%AE%20%E5%85%B5%E5%BA%AB%E7%9C%8C%E7%A5%9E%E6%88%B8%E5%B8%82%E9%95%B7%E7%94%B0%E5%8C%BA%E4%B9%85%E4%BF%9D%E7%94%BA4-8-6,2018,お好み焼き,okonomiyaki,
神戸鉄板 長田いっしん 武蔵小山店,東京都品川区小山3-25-6 1F～2F,食べログ お好み焼き 百名店 2018,https://tabelog.com/tokyo/A1317/A131710/13160552/,https://www.google.com/maps/search/?api=1&query=%E7%A5%9E%E6%88%B8%E9%89%84%E6%9D%BF%20%E9%95%B7%E7%94%B0%E3%81%84%E3%81%A3%E3%81%97%E3%82%93%20%E6%AD%A6%E8%94%B5%E5%B0%8F%E5%B1%B1%E5%BA%97%20%E6%9D%B1%E4%BA%AC%E9%83%BD%E5%93%81%E5%B7%9D%E5%8C%BA%E5%B0%8F%E5%B1%B13-25-6%201F%EF%BD%9E2F,2018,お好み焼き,okonomiyaki,
京祇園ねぎ焼 粉,石川県金沢市片町2-7-21,食べログ お好み焼き 百名店 2018,https://tabelog.com/ishikawa/A1701/A170101/17005442/,https://www.google.com/maps/search/?api=1&query=%E4%BA%AC%E7%A5%87%E5%9C%92%E3%81%AD%E3%81%8E%E7%84%BC%20%E7%B2%89%20%E7%9F%B3%E5%B7%9D%E7%9C%8C%E9%87%91%E6%B2%A2%E5%B8%82%E7%89%87%E7%94%BA2-7-21,2018,お好み焼き,okonomiyaki,
オモニ グランフロント大阪店,大阪府大阪市北区大深町4-20 グランフロント大阪南館 7F,食べログ お好み焼き 百名店 2018,https://tabelog.com/osaka/A2701/A270101/27072543/,https://www.google.com/maps/search/?api=1&query=%E3%82%AA%E3%83%A2%E3%83%8B%20%E3%82%B0%E3%83%A9%E3%83%B3%E3%83%95%E3%83%AD%E3%83%B3%E3%83%88%E5%A4%A7%E9%98%AA%E5%BA%97%20%E5%A4%A7%E9%98%AA%E5%BA%9C%E5%A4%A7%E9%98%AA%E5%B8%82%E5%8C%97%E5%8C%BA%E5%A4%A7%E6%B7%B1%E7%94%BA4-20%20%E3%82%B0%E3%83%A9%E3%83%B3%E3%83%95%E3%83%AD%E3%83%B3%E3%83%88%E5%A4%A7%E9%98%AA%E5%8D%97%E9%A4%A8%207F,2018,お好み焼き,okonomiyaki,
おかる,大阪府大阪市中央区千日前1-9-19,食べログ お好み焼き 百名店 2018,https://tabelog.com/osaka/A2701/A270202/27001276/,https://www.google.com/maps/search/?api=1&query=%E3%81%8A%E3%81%8B%E3%82%8B%20%E5%A4%A7%E9%98%AA%E5%BA%9C%E5%A4%A7%E9%98%AA%E5%B8%82%E4%B8%AD%E5%A4%AE%E5%8C%BA%E5%8D%83%E6%97%A5%E5%89%8D1-9-19,2018,お好み焼き,okonomiyaki,
日の出,愛媛県松山市三杉町11-8,食べログ お好み焼き 百名店 2018,https://tabelog.com/ehime/A3801/A380101/38000268/,https://www.google.com/maps/search/?api=1&query=%E6%97%A5%E3%81%AE%E5%87%BA%20%E6%84%9B%E5%AA%9B%E7%9C%8C%E6%9D%BE%E5%B1%B1%E5%B8%82%E4%B8%89%E6%9D%89%E7%94%BA11-8,2018,お好み焼き,okonomiyaki,
Vin樹亭,大阪府大阪市北区曾根崎新地1-2-24 ニューウメダビル１Ｆ,食べログ お好み焼き 百名店 2018,https://tabelog.com/osaka/A2701/A270101/27043237/,https://www.google.com/maps/search/?api=1&query=Vin%E6%A8%B9%E4%BA%AD%20%E5%A4%A7%E9%98%AA%E5%BA%9C%E5%A4%A7%E9%98%AA%E5%B8%82%E5%8C%97%E5%8C%BA%E6%9B%BE%E6%A0%B9%E5%B4%8E%E6%96%B0%E5%9C%B01-2-24%20%E3%83%8B%E3%83%A5%E3%83%BC%E3%82%A6%E3%83%A1%E3%83%80%E3%83%93%E3%83%AB%EF%BC%91%EF%BC%A6,2018,お好み焼き,okonomiyaki,
花子 飯田橋店,東京都千代田区飯田橋2-1-6 鈴木ビル 1F,食べログ お好み焼き 百名店 2018,https://tabelog.com/tokyo/A1309/A130906/13166148/,https://www.google.com/maps/search/?api=1&query=%E8%8A%B1%E5%AD%90%20%E9%A3%AF%E7%94%B0%E6%A9%8B%E5%BA%97%20%E6%9D%B1%E4%BA%AC%E9%83%BD%E5%8D%83%E4%BB%A3%E7%94%B0%E5%8C%BA%E9%A3%AF%E7%94%B0%E6%A9%8B2-1-6%20%E9%88%B4%E6%9C%A8%E3%83%93%E3%83%AB%201F,2018,お好み焼き,okonomiyaki,
お好み焼 村上,広島県尾道市久保2-1-15,食べログ お好み焼き 百名店 2018,https://tabelog.com/hiroshima/A3403/A340302/34002148/,https://www.google.com/maps/search/?api=1&query=%E3%81%8A%E5%A5%BD%E3%81%BF%E7%84%BC%20%E6%9D%91%E4%B8%8A%20%E5%BA%83%E5%B3%B6%E7%9C%8C%E5%B0%BE%E9%81%93%E5%B8%82%E4%B9%85%E4%BF%9D2-1-15,2018,お好み焼き,okonomiyaki,
お好み焼 きじ 本店,大阪府大阪市北区角田町9-20 新梅田食道街 1F,食べログ お好み焼き 百名店 2018,https://tabelog.com/osaka/A2701/A270101/27000297/,https://www.google.com/maps/search/?api=1&query=%E3%81%8A%E5%A5%BD%E3%81%BF%E7%84%BC%20%E3%81%8D%E3%81%98%20%E6%9C%AC%E5%BA%97%20%E5%A4%A7%E9%98%AA%E5%BA%9C%E5%A4%A7%E9%98%AA%E5%B8%82%E5%8C%97%E5%8C%BA%E8%A7%92%E7%94%B0%E7%94%BA9-20%20%E6%96%B0%E6%A2%85%E7%94%B0%E9%A3%9F%E9%81%93%E8%A1%97%201F,2018,お好み焼き,okonomiyaki,
ふみや お好み焼き 本店,香川県高松市瓦町2丁目2-35,食べログ お好み焼き 百名店 2018,https://tabelog.com/kagawa/A3701/A370101/37001631/,https://www.google.com/maps/search/?api=1&query=%E3%81%B5%E3%81%BF%E3%82%84%20%E3%81%8A%E5%A5%BD%E3%81%BF%E7%84%BC%E3%81%8D%20%E6%9C%AC%E5%BA%97%20%E9%A6%99%E5%B7%9D%E7%9C%8C%E9%AB%98%E6%9D%BE%E5%B8%82%E7%93%A6%E7%94%BA2%E4%B8%81%E7%9B%AE2-35,2018,お好み焼き,okonomiyaki,
広島風お好み焼 もみじ屋,東京都千代田区飯田橋4-2-6 アヴァンセ飯田橋 101,食べログ お好み焼き 百名店 2018,https://tabelog.com/tokyo/A1309/A130905/13000245/,https://www.google.com/maps/search/?api=1&query=%E5%BA%83%E5%B3%B6%E9%A2%A8%E3%81%8A%E5%A5%BD%E3%81%BF%E7%84%BC%20%E3%82%82%E3%81%BF%E3%81%98%E5%B1%8B%20%E6%9D%B1%E4%BA%AC%E9%83%BD%E5%8D%83%E4%BB%A3%E7%94%B0%E5%8C%BA%E9%A3%AF%E7%94%B0%E6%A9%8B4-2-6%20%E3%82%A2%E3%83%B4%E3%82%A1%E3%83%B3%E3%82%BB%E9%A3%AF%E7%94%B0%E6%A9%8B%20101,2018,お好み焼き,okonomiyaki,
福太郎 梅田店,大阪府大阪市北区大深町4-20 グランフロント大阪 7階,食べログ お好み焼き 百名店 2018,https://tabelog.com/osaka/A2701/A270101/27072493/,https://www.google.com/maps/search/?api=1&query=%E7%A6%8F%E5%A4%AA%E9%83%8E%20%E6%A2%85%E7%94%B0%E5%BA%97%20%E5%A4%A7%E9%98%AA%E5%BA%9C%E5%A4%A7%E9%98%AA%E5%B8%82%E5%8C%97%E5%8C%BA%E5%A4%A7%E6%B7%B1%E7%94%BA4-20%20%E3%82%B0%E3%83%A9%E3%83%B3%E3%83%95%E3%83%AD%E3%83%B3%E3%83%88%E5%A4%A7%E9%98%AA%207%E9%9A%8E,2018,お好み焼き,okonomiyaki,
浪花,東京都練馬区豊玉北5-15-1 小泉ビル　２Ｆ,食べログ お好み焼き 百名店 2018,https://tabelog.com/tokyo/A1321/A132102/13008999/,https://www.google.com/maps/search/?api=1&query=%E6%B5%AA%E8%8A%B1%20%E6%9D%B1%E4%BA%AC%E9%83%BD%E7%B7%B4%E9%A6%AC%E5%8C%BA%E8%B1%8A%E7%8E%89%E5%8C%975-15-1%20%E5%B0%8F%E6%B3%89%E3%83%93%E3%83%AB%E3%80%80%EF%BC%92%EF%BC%A6,2018,お好み焼き,okonomiyaki,
ねぎ焼やまもと 本店,大阪府大阪市淀川区十三本町1-8-4,食べログ お好み焼き 百名店 2018,https://tabelog.com/osaka/A2701/A270302/27000981/,https://www.google.com/maps/search/?api=1&query=%E3%81%AD%E3%81%8E%E7%84%BC%E3%82%84%E3%81%BE%E3%82%82%E3%81%A8%20%E6%9C%AC%E5%BA%97%20%E5%A4%A7%E9%98%AA%E5%BA%9C%E5%A4%A7%E9%98%AA%E5%B8%82%E6%B7%80%E5%B7%9D%E5%8C%BA%E5%8D%81%E4%B8%89%E6%9C%AC%E7%94%BA1-8-4,2018,お好み焼き,okonomiyaki,
お好み焼 きじ 丸の内店,東京都千代田区丸の内2-7-3 東京ビルTOKIA B1F,食べログ お好み焼き 百名店 2018,https://tabelog.com/tokyo/A1302/A130201/13020110/,https://www.google.com/maps/search/?api=1&query=%E3%81%8A%E5%A5%BD%E3%81%BF%E7%84%BC%20%E3%81%8D%E3%81%98%20%E4%B8%B8%E3%81%AE%E5%86%85%E5%BA%97%20%E6%9D%B1%E4%BA%AC%E9%83%BD%E5%8D%83%E4%BB%A3%E7%94%B0%E5%8C%BA%E4%B8%B8%E3%81%AE%E5%86%852-7-3%20%E6%9D%B1%E4%BA%AC%E3%83%93%E3%83%ABTOKIA%20B1F,2018,お好み焼き,okonomiyaki,
てっ平 広島空港店,広島県三原市本郷町善入寺64-31 広島空港3F,食べログ お好み焼き 百名店 2018,https://tabelog.com/hiroshima/A3403/A340303/34001423/,https://www.google.com/maps/search/?api=1&query=%E3%81%A6%E3%81%A3%E5%B9%B3%20%E5%BA%83%E5%B3%B6%E7%A9%BA%E6%B8%AF%E5%BA%97%20%E5%BA%83%E5%B3%B6%E7%9C%8C%E4%B8%89%E5%8E%9F%E5%B8%82%E6%9C%AC%E9%83%B7%E7%94%BA%E5%96%84%E5%85%A5%E5%AF%BA64-31%20%E5%BA%83%E5%B3%B6%E7%A9%BA%E6%B8%AF3F,2018,お好み焼き,okonomiyaki,
お好み焼き 越田 本店,広島県広島市中区流川町8-30,食べログ お好み焼き 百名店 2018,https://tabelog.com/hiroshima/A3401/A340101/34001191/,https://www.google.com/maps/search/?api=1&query=%E3%81%8A%E5%A5%BD%E3%81%BF%E7%84%BC%E3%81%8D%20%E8%B6%8A%E7%94%B0%20%E6%9C%AC%E5%BA%97%20%E5%BA%83%E5%B3%B6%E7%9C%8C%E5%BA%83%E5%B3%B6%E5%B8%82%E4%B8%AD%E5%8C%BA%E6%B5%81%E5%B7%9D%E7%94%BA8-30,2018,お好み焼き,okonomiyaki,
のんのん,広島県広島市南区段原南2-12-5,食べログ お好み焼き 百名店 2018,https://tabelog.com/hiroshima/A3401/A340102/34008394/,https://www.google.com/maps/search/?api=1&query=%E3%81%AE%E3%82%93%E3%81%AE%E3%82%93%20%E5%BA%83%E5%B3%B6%E7%9C%8C%E5%BA%83%E5%B3%B6%E5%B8%82%E5%8D%97%E5%8C%BA%E6%AE%B5%E5%8E%9F%E5%8D%972-12-5,2018,お好み焼き,okonomiyaki,
めっせ熊 新大阪店,大阪府大阪市淀川区西中島5-16-1 JR東海新大阪駅 1F 味の小路内,食べログ お好み焼き 百名店 2018,https://tabelog.com/osaka/A2701/A270301/27017718/,https://www.google.com/maps/search/?api=1&query=%E3%82%81%E3%81%A3%E3%81%9B%E7%86%8A%20%E6%96%B0%E5%A4%A7%E9%98%AA%E5%BA%97%20%E5%A4%A7%E9%98%AA%E5%BA%9C%E5%A4%A7%E9%98%AA%E5%B8%82%E6%B7%80%E5%B7%9D%E5%8C%BA%E8%A5%BF%E4%B8%AD%E5%B3%B65-16-1%20JR%E6%9D%B1%E6%B5%B7%E6%96%B0%E5%A4%A7%E9%98%AA%E9%A7%85%201F%20%E5%91%B3%E3%81%AE%E5%B0%8F%E8%B7%AF%E5%86%85,2018,お好み焼き,okonomiyaki,
お好み焼 SETO,広島県東広島市西条町御薗宇5049-5,食べログ お好み焼き 百名店 2018,https://tabelog.com/hiroshima/A3404/A340403/34017087/,https://www.google.com/maps/search/?api=1&query=%E3%81%8A%E5%A5%BD%E3%81%BF%E7%84%BC%20SETO%20%E5%BA%83%E5%B3%B6%E7%9C%8C%E6%9D%B1%E5%BA%83%E5%B3%B6%E5%B8%82%E8%A5%BF%E6%9D%A1%E7%94%BA%E5%BE%A1%E8%96%97%E5%AE%875049-5,2018,お好み焼き,okonomiyaki,
広島お好み焼き・鉄板焼き　倉はし 高田馬場店,東京都新宿区高田馬場1-26-5 FIビル B１F,食べログ お好み焼き 百名店 2018,https://tabelog.com/tokyo/A1305/A130503/13162084/,https://www.google.com/maps/search/?api=1&query=%E5%BA%83%E5%B3%B6%E3%81%8A%E5%A5%BD%E3%81%BF%E7%84%BC%E3%81%8D%E3%83%BB%E9%89%84%E6%9D%BF%E7%84%BC%E3%81%8D%E3%80%80%E5%80%89%E3%81%AF%E3%81%97%20%E9%AB%98%E7%94%B0%E9%A6%AC%E5%A0%B4%E5%BA%97%20%E6%9D%B1%E4%BA%AC%E9%83%BD%E6%96%B0%E5%AE%BF%E5%8C%BA%E9%AB%98%E7%94%B0%E9%A6%AC%E5%A0%B41-26-5%20FI%E3%83%93%E3%83%AB%20B%EF%BC%91F,2018,お好み焼き,okonomiyaki,
ジャンボ,京都府京都市北区等持院南町35,食べログ お好み焼き 百名店 2018,https://tabelog.com/kyoto/A2601/A260501/26000617/,https://www.google.com/maps/search/?api=1&query=%E3%82%B8%E3%83%A3%E3%83%B3%E3%83%9C%20%E4%BA%AC%E9%83%BD%E5%BA%9C%E4%BA%AC%E9%83%BD%E5%B8%82%E5%8C%97%E5%8C%BA%E7%AD%89%E6%8C%81%E9%99%A2%E5%8D%97%E7%94%BA35,2018,お好み焼き,okonomiyaki,
夢屋,京都府京都市左京区川端通二条通上ル孫橋町1,食べログ お好み焼き 百名店 2018,https://tabelog.com/kyoto/A2601/A260302/26005094/,https://www.google.com/maps/search/?api=1&query=%E5%A4%A2%E5%B1%8B%20%E4%BA%AC%E9%83%BD%E5%BA%9C%E4%BA%AC%E9%83%BD%E5%B8%82%E5%B7%A6%E4%BA%AC%E5%8C%BA%E5%B7%9D%E7%AB%AF%E9%80%9A%E4%BA%8C%E6%9D%A1%E9%80%9A%E4%B8%8A%E3%83%AB%E5%AD%AB%E6%A9%8B%E7%94%BA1,2018,お好み焼き,okonomiyaki,
お好み焼 三幸,広島県広島市安佐南区西原1-23-12,食べログ お好み焼き 百名店 2018,https://tabelog.com/hiroshima/A3401/A340107/34015747/,https://www.google.com/maps/search/?api=1&query=%E3%81%8A%E5%A5%BD%E3%81%BF%E7%84%BC%20%E4%B8%89%E5%B9%B8%20%E5%BA%83%E5%B3%B6%E7%9C%8C%E5%BA%83%E5%B3%B6%E5%B8%82%E5%AE%89%E4%BD%90%E5%8D%97%E5%8C%BA%E8%A5%BF%E5%8E%9F1-23-12,2018,お好み焼き,okonomiyaki,
子ぐま,神奈川県横浜市青葉区美しが丘2-17-1,食べログ お好み焼き 百名店 2018,https://tabelog.com/kanagawa/A1401/A140201/14002978/,https://www.google.com/maps/search/?api=1&query=%E5%AD%90%E3%81%90%E3%81%BE%20%E7%A5%9E%E5%A5%88%E5%B7%9D%E7%9C%8C%E6%A8%AA%E6%B5%9C%E5%B8%82%E9%9D%92%E8%91%89%E5%8C%BA%E7%BE%8E%E3%81%97%E3%81%8C%E4%B8%982-17-1,2018,お好み焼き,okonomiyaki,
松浪,東京都中央区日本橋人形町2-25-6,食べログ お好み焼き 百名店 2018,https://tabelog.com/tokyo/A1302/A130204/13003061/,https://www.google.com/maps/search/?api=1&query=%E6%9D%BE%E6%B5%AA%20%E6%9D%B1%E4%BA%AC%E9%83%BD%E4%B8%AD%E5%A4%AE%E5%8C%BA%E6%97%A5%E6%9C%AC%E6%A9%8B%E4%BA%BA%E5%BD%A2%E7%94%BA2-25-6,2018,お好み焼き,okonomiyaki,
お好み焼きもみじ,大阪府大阪市天王寺区生玉町9-19,食べログ お好み焼き 百名店 2018,https://tabelog.com/osaka/A2701/A270205/27040855/,https://www.google.com/maps/search/?api=1&query=%E3%81%8A%E5%A5%BD%E3%81%BF%E7%84%BC%E3%81%8D%E3%82%82%E3%81%BF%E3%81%98%20%E5%A4%A7%E9%98%AA%E5%BA%9C%E5%A4%A7%E9%98%AA%E5%B8%82%E5%A4%A9%E7%8E%8B%E5%AF%BA%E5%8C%BA%E7%94%9F%E7%8E%89%E7%94%BA9-19,2018,お好み焼き,okonomiyaki,
美作 神戸北野店,兵庫県神戸市中央区中山手通1-8-1 明関ビル 1F,食べログ お好み焼き 百名店 2018,https://tabelog.com/hyogo/A2801/A280101/28000977/,https://www.google.com/maps/search/?api=1&query=%E7%BE%8E%E4%BD%9C%20%E7%A5%9E%E6%88%B8%E5%8C%97%E9%87%8E%E5%BA%97%20%E5%85%B5%E5%BA%AB%E7%9C%8C%E7%A5%9E%E6%88%B8%E5%B8%82%E4%B8%AD%E5%A4%AE%E5%8C%BA%E4%B8%AD%E5%B1%B1%E6%89%8B%E9%80%9A1-8-1%20%E6%98%8E%E9%96%A2%E3%83%93%E3%83%AB%201F,2018,お好み焼き,okonomiyaki,
みっちゃん総本店 雅 そごう広島店,広島県広島市中区基町6-27 そごう広島店 本館 10F レストラン街,食べログ お好み焼き 百名店 2018,https://tabelog.com/hiroshima/A3401/A340101/34018692/,https://www.google.com/maps/search/?api=1&query=%E3%81%BF%E3%81%A3%E3%81%A1%E3%82%83%E3%82%93%E7%B7%8F%E6%9C%AC%E5%BA%97%20%E9%9B%85%20%E3%81%9D%E3%81%94%E3%81%86%E5%BA%83%E5%B3%B6%E5%BA%97%20%E5%BA%83%E5%B3%B6%E7%9C%8C%E5%BA%83%E5%B3%B6%E5%B8%82%E4%B8%AD%E5%8C%BA%E5%9F%BA%E7%94%BA6-27%20%E3%81%9D%E3%81%94%E3%81%86%E5%BA%83%E5%B3%B6%E5%BA%97%20%E6%9C%AC%E9%A4%A8%2010F%20%E3%83%AC%E3%82%B9%E3%83%88%E3%83%A9%E3%83%B3%E8%A1%97,2018,お好み焼き,okonomiyaki,
お好み焼き 大樹,広島県広島市安芸区船越南3-28-28,食べログ お好み焼き 百名店 2018,https://tabelog.com/hiroshima/A3401/A340105/34002051/,https://www.google.com/maps/search/?api=1&query=%E3%81%8A%E5%A5%BD%E3%81%BF%E7%84%BC%E3%81%8D%20%E5%A4%A7%E6%A8%B9%20%E5%BA%83%E5%B3%B6%E7%9C%8C%E5%BA%83%E5%B3%B6%E5%B8%82%E5%AE%89%E8%8A%B8%E5%8C%BA%E8%88%B9%E8%B6%8A%E5%8D%973-28-28,2018,お好み焼き,okonomiyaki,
戸田亘のお好み焼 さんて寛,東京都港区六本木1-4-5 アークヒルズサウスタワー B1F,食べログ お好み焼き 百名店 2018,https://tabelog.com/tokyo/A1307/A130701/13163322/,https://www.google.com/maps/search/?api=1&query=%E6%88%B8%E7%94%B0%E4%BA%98%E3%81%AE%E3%81%8A%E5%A5%BD%E3%81%BF%E7%84%BC%20%E3%81%95%E3%82%93%E3%81%A6%E5%AF%9B%20%E6%9D%B1%E4%BA%AC%E9%83%BD%E6%B8%AF%E5%8C%BA%E5%85%AD%E6%9C%AC%E6%9C%A81-4-5%20%E3%82%A2%E3%83%BC%E3%82%AF%E3%83%92%E3%83%AB%E3%82%BA%E3%82%B5%E3%82%A6%E3%82%B9%E3%82%BF%E3%83%AF%E3%83%BC%20B1F,2018,お好み焼き,okonomiyaki,
広島風お好み焼 大福,広島県広島市南区大須賀町12-7,食べログ お好み焼き 百名店 2018,https://tabelog.com/hiroshima/A3401/A340102/34007431/,https://www.google.com/maps/search/?api=1&query=%E5%BA%83%E5%B3%B6%E9%A2%A8%E3%81%8A%E5%A5%BD%E3%81%BF%E7%84%BC%20%E5%A4%A7%E7%A6%8F%20%E5%BA%83%E5%B3%B6%E7%9C%8C%E5%BA%83%E5%B3%B6%E5%B8%82%E5%8D%97%E5%8C%BA%E5%A4%A7%E9%A0%88%E8%B3%80%E7%94%BA12-7,2018,お好み焼き,okonomiyaki,
お好み焼 千草,大阪府大阪市北区天神橋4-11-18,食べログ お好み焼き 百名店 2018,https://tabelog.com/osaka/A2701/A270103/27002204/,https://www.google.com/maps/search/?api=1&query=%E3%81%8A%E5%A5%BD%E3%81%BF%E7%84%BC%20%E5%8D%83%E8%8D%89%20%E5%A4%A7%E9%98%AA%E5%BA%9C%E5%A4%A7%E9%98%AA%E5%B8%82%E5%8C%97%E5%8C%BA%E5%A4%A9%E7%A5%9E%E6%A9%8B4-11-18,2018,お好み焼き,okonomiyaki,
尾道 むらかみ,大阪府大阪市北区堂島1-3-9 日宝堂島センタービル 1Ｆ,食べログ お好み焼き 百名店 2018,https://tabelog.com/osaka/A2701/A270101/27004637/,https://www.google.com/maps/search/?api=1&query=%E5%B0%BE%E9%81%93%20%E3%82%80%E3%82%89%E3%81%8B%E3%81%BF%20%E5%A4%A7%E9%98%AA%E5%BA%9C%E5%A4%A7%E9%98%AA%E5%B8%82%E5%8C%97%E5%8C%BA%E5%A0%82%E5%B3%B61-3-9%20%E6%97%A5%E5%AE%9D%E5%A0%82%E5%B3%B6%E3%82%BB%E3%83%B3%E3%82%BF%E3%83%BC%E3%83%93%E3%83%AB%201%EF%BC%A6,2018,お好み焼き,okonomiyaki,
美舟,大阪府大阪市北区小松原町1-17,食べログ お好み焼き 百名店 2018,https://tabelog.com/osaka/A2701/A270101/27000315/,https://www.google.com/maps/search/?api=1&query=%E7%BE%8E%E8%88%9F%20%E5%A4%A7%E9%98%AA%E5%BA%9C%E5%A4%A7%E9%98%AA%E5%B8%82%E5%8C%97%E5%8C%BA%E5%B0%8F%E6%9D%BE%E5%8E%9F%E7%94%BA1-17,2018,お好み焼き,okonomiyaki,
電光石火 東京駅店,東京都千代田区丸の内1-9-1 東京駅一番街 B1F,食べログ お好み焼き 百名店 2018,https://tabelog.com/tokyo/A1302/A130201/13206700/,https://www.google.com/maps/search/?api=1&query=%E9%9B%BB%E5%85%89%E7%9F%B3%E7%81%AB%20%E6%9D%B1%E4%BA%AC%E9%A7%85%E5%BA%97%20%E6%9D%B1%E4%BA%AC%E9%83%BD%E5%8D%83%E4%BB%A3%E7%94%B0%E5%8C%BA%E4%B8%B8%E3%81%AE%E5%86%851-9-1%20%E6%9D%B1%E4%BA%AC%E9%A7%85%E4%B8%80%E7%95%AA%E8%A1%97%20B1F,2018,お好み焼き,okonomiyaki,
広島風お好み焼き ゆうか,兵庫県尼崎市南武庫之荘1丁目15-7,食べログ お好み焼き 百名店 2018,https://tabelog.com/hyogo/A2803/A280304/28004019/,https://www.google.com/maps/search/?api=1&query=%E5%BA%83%E5%B3%B6%E9%A2%A8%E3%81%8A%E5%A5%BD%E3%81%BF%E7%84%BC%E3%81%8D%20%E3%82%86%E3%81%86%E3%81%8B%20%E5%85%B5%E5%BA%AB%E7%9C%8C%E5%B0%BC%E5%B4%8E%E5%B8%82%E5%8D%97%E6%AD%A6%E5%BA%AB%E4%B9%8B%E8%8D%981%E4%B8%81%E7%9B%AE15-7,2018,お好み焼き,okonomiyaki,
かく庄,大阪府大阪市福島区福島7-1-10,食べログ お好み焼き 百名店 2018,https://tabelog.com/osaka/A2701/A270108/27032642/,https://www.google.com/maps/search/?api=1&query=%E3%81%8B%E3%81%8F%E5%BA%84%20%E5%A4%A7%E9%98%AA%E5%BA%9C%E5%A4%A7%E9%98%AA%E5%B8%82%E7%A6%8F%E5%B3%B6%E5%8C%BA%E7%A6%8F%E5%B3%B67-1-10,2018,お好み焼き,okonomiyaki,
お好み焼き いまり 恵比寿,東京都渋谷区恵比寿西2-3-11 メゾン ド エビス 1F,食べログ お好み焼き 百名店 2018,https://tabelog.com/tokyo/A1303/A130302/13155810/,https://www.google.com/maps/search/?api=1&query=%E3%81%8A%E5%A5%BD%E3%81%BF%E7%84%BC%E3%81%8D%20%E3%81%84%E3%81%BE%E3%82%8A%20%E6%81%B5%E6%AF%94%E5%AF%BF%20%E6%9D%B1%E4%BA%AC%E9%83%BD%E6%B8%8B%E8%B0%B7%E5%8C%BA%E6%81%B5%E6%AF%94%E5%AF%BF%E8%A5%BF2-3-11%20%E3%83%A1%E3%82%BE%E3%83%B3%20%E3%83%89%20%E3%82%A8%E3%83%93%E3%82%B9%201F,2018,お好み焼き,okonomiyaki,
お好み焼 きじ 品川店,東京都港区港南2-3-13 品川フロントビル 2F,食べログ お好み焼き 百名店 2018,https://tabelog.com/tokyo/A1314/A131403/13120197/,https://www.google.com/maps/search/?api=1&query=%E3%81%8A%E5%A5%BD%E3%81%BF%E7%84%BC%20%E3%81%8D%E3%81%98%20%E5%93%81%E5%B7%9D%E5%BA%97%20%E6%9D%B1%E4%BA%AC%E9%83%BD%E6%B8%AF%E5%8C%BA%E6%B8%AF%E5%8D%972-3-13%20%E5%93%81%E5%B7%9D%E3%83%95%E3%83%AD%E3%83%B3%E3%83%88%E3%83%93%E3%83%AB%202F,2018,お好み焼き,okonomiyaki,
はやしのお好み焼,徳島県徳島市南内町1-30-1,食べログ お好み焼き 百名店 2018,https://tabelog.com/tokushima/A3601/A360101/36000129/,https://www.google.com/maps/search/?api=1&query=%E3%81%AF%E3%82%84%E3%81%97%E3%81%AE%E3%81%8A%E5%A5%BD%E3%81%BF%E7%84%BC%20%E5%BE%B3%E5%B3%B6%E7%9C%8C%E5%BE%B3%E5%B3%B6%E5%B8%82%E5%8D%97%E5%86%85%E7%94%BA1-30-1,2018,お好み焼き,okonomiyaki,
お好み焼き 八昌,広島県広島市中区幟町14-17,食べログ お好み焼き 百名店 2018,https://tabelog.com/hiroshima/A3401/A340101/34019405/,https://www.google.com/maps/search/?api=1&query=%E3%81%8A%E5%A5%BD%E3%81%BF%E7%84%BC%E3%81%8D%20%E5%85%AB%E6%98%8C%20%E5%BA%83%E5%B3%B6%E7%9C%8C%E5%BA%83%E5%B3%B6%E5%B8%82%E4%B8%AD%E5%8C%BA%E5%B9%9F%E7%94%BA14-17,2018,お好み焼き,okonomiyaki,
圓,大阪府大阪市天王寺区上本町6-3-31-231 うえほんまちハイハイタウン 2F,食べログ お好み焼き 百名店 2018,https://tabelog.com/osaka/A2701/A270205/27002898/,https://www.google.com/maps/search/?api=1&query=%E5%9C%93%20%E5%A4%A7%E9%98%AA%E5%BA%9C%E5%A4%A7%E9%98%AA%E5%B8%82%E5%A4%A9%E7%8E%8B%E5%AF%BA%E5%8C%BA%E4%B8%8A%E6%9C%AC%E7%94%BA6-3-31-231%20%E3%81%86%E3%81%88%E3%81%BB%E3%82%93%E3%81%BE%E3%81%A1%E3%83%8F%E3%82%A4%E3%83%8F%E3%82%A4%E3%82%BF%E3%82%A6%E3%83%B3%202F,2018,お好み焼き,okonomiyaki,
薬研堀 八昌,広島県広島市中区薬研堀10-6,食べログ お好み焼き 百名店 2018,https://tabelog.com/hiroshima/A3401/A340101/34000100/,https://www.google.com/maps/search/?api=1&query=%E8%96%AC%E7%A0%94%E5%A0%80%20%E5%85%AB%E6%98%8C%20%E5%BA%83%E5%B3%B6%E7%9C%8C%E5%BA%83%E5%B3%B6%E5%B8%82%E4%B8%AD%E5%8C%BA%E8%96%AC%E7%A0%94%E5%A0%8010-6,2018,お好み焼き,okonomiyaki,
祇園ねぎ焼 かな 東店,京都府京都市東山区東大路安井北門通月見町13,食べログ お好み焼き 百名店 2018,https://tabelog.com/kyoto/A2601/A260301/26000572/,https://www.google.com/maps/search/?api=1&query=%E7%A5%87%E5%9C%92%E3%81%AD%E3%81%8E%E7%84%BC%20%E3%81%8B%E3%81%AA%20%E6%9D%B1%E5%BA%97%20%E4%BA%AC%E9%83%BD%E5%BA%9C%E4%BA%AC%E9%83%BD%E5%B8%82%E6%9D%B1%E5%B1%B1%E5%8C%BA%E6%9D%B1%E5%A4%A7%E8%B7%AF%E5%AE%89%E4%BA%95%E5%8C%97%E9%96%80%E9%80%9A%E6%9C%88%E8%A6%8B%E7%94%BA13,2018,お好み焼き,okonomiyaki,
ソニア,東京都港区新橋5-15-1 ル・グラシエルBLDG19 B1F,食べログ お好み焼き 百名店 2018,https://tabelog.com/tokyo/A1301/A130103/13023882/,https://www.google.com/maps/search/?api=1&query=%E3%82%BD%E3%83%8B%E3%82%A2%20%E6%9D%B1%E4%BA%AC%E9%83%BD%E6%B8%AF%E5%8C%BA%E6%96%B0%E6%A9%8B5-15-1%20%E3%83%AB%E3%83%BB%E3%82%B0%E3%83%A9%E3%82%B7%E3%82%A8%E3%83%ABBLDG19%20B1F,2018,お好み焼き,okonomiyaki,
お好み焼 はな,福岡県中間市長津2-23-15,食べログ お好み焼き 百名店 2018,https://tabelog.com/fukuoka/A4006/A400603/40025072/,https://www.google.com/maps/search/?api=1&query=%E3%81%8A%E5%A5%BD%E3%81%BF%E7%84%BC%20%E3%81%AF%E3%81%AA%20%E7%A6%8F%E5%B2%A1%E7%9C%8C%E4%B8%AD%E9%96%93%E5%B8%82%E9%95%B7%E6%B4%A52-23-15,2018,お好み焼き,okonomiyaki,
お好み焼 長田屋,広島県広島市中区大手町1-7-19 １Ｆ,食べログ お好み焼き 百名店 2018,https://tabelog.com/hiroshima/A3401/A340101/34010875/,https://www.google.com/maps/search/?api=1&query=%E3%81%8A%E5%A5%BD%E3%81%BF%E7%84%BC%20%E9%95%B7%E7%94%B0%E5%B1%8B%20%E5%BA%83%E5%B3%B6%E7%9C%8C%E5%BA%83%E5%B3%B6%E5%B8%82%E4%B8%AD%E5%8C%BA%E5%A4%A7%E6%89%8B%E7%94%BA1-7-19%20%EF%BC%91%EF%BC%A6,2018,お好み焼き,okonomiyaki,
双月,大阪府大阪市北区天神橋3-9-9,食べログ お好み焼き 百名店 2018,https://tabelog.com/osaka/A2701/A270103/27002280/,https://www.google.com/maps/search/?api=1&query=%E5%8F%8C%E6%9C%88%20%E5%A4%A7%E9%98%AA%E5%BA%9C%E5%A4%A7%E9%98%AA%E5%B8%82%E5%8C%97%E5%8C%BA%E5%A4%A9%E7%A5%9E%E6%A9%8B3-9-9,2018,お好み焼き,okonomiyaki,
ふみちゃん 流川店,広島県広島市中区堀川町1-20,食べログ お好み焼き 百名店 2018,https://tabelog.com/hiroshima/A3401/A340101/34000405/,https://www.google.com/maps/search/?api=1&query=%E3%81%B5%E3%81%BF%E3%81%A1%E3%82%83%E3%82%93%20%E6%B5%81%E5%B7%9D%E5%BA%97%20%E5%BA%83%E5%B3%B6%E7%9C%8C%E5%BA%83%E5%B3%B6%E5%B8%82%E4%B8%AD%E5%8C%BA%E5%A0%80%E5%B7%9D%E7%94%BA1-20,2018,お好み焼き,okonomiyaki,
大阪お好み焼 英 三田店,東京都港区芝5-30-4 1F,食べログ お好み焼き 百名店 2018,https://tabelog.com/tokyo/A1314/A131402/13134991/,https://www.google.com/maps/search/?api=1&query=%E5%A4%A7%E9%98%AA%E3%81%8A%E5%A5%BD%E3%81%BF%E7%84%BC%20%E8%8B%B1%20%E4%B8%89%E7%94%B0%E5%BA%97%20%E6%9D%B1%E4%BA%AC%E9%83%BD%E6%B8%AF%E5%8C%BA%E8%8A%9D5-30-4%201F,2018,お好み焼き,okonomiyaki,
お好み焼・鉄板焼 88 パチパチ 有楽町本店,東京都千代田区有楽町1-2-4,食べログ お好み焼き 百名店 2018,https://tabelog.com/tokyo/A1301/A130102/13043117/,https://www.google.com/maps/search/?api=1&query=%E3%81%8A%E5%A5%BD%E3%81%BF%E7%84%BC%E3%83%BB%E9%89%84%E6%9D%BF%E7%84%BC%2088%20%E3%83%91%E3%83%81%E3%83%91%E3%83%81%20%E6%9C%89%E6%A5%BD%E7%94%BA%E6%9C%AC%E5%BA%97%20%E6%9D%B1%E4%BA%AC%E9%83%BD%E5%8D%83%E4%BB%A3%E7%94%B0%E5%8C%BA%E6%9C%89%E6%A5%BD%E7%94%BA1-2-4,2018,お好み焼き,okonomiyaki,
お好み焼 きじ 梅田スカイビル店,大阪府大阪市北区大淀中1-1-90 梅田スカイビル B1F滝見小路,食べログ お好み焼き 百名店 2018,https://tabelog.com/osaka/A2701/A270101/27000322/,https://www.google.com/maps/search/?api=1&query=%E3%81%8A%E5%A5%BD%E3%81%BF%E7%84%BC%20%E3%81%8D%E3%81%98%20%E6%A2%85%E7%94%B0%E3%82%B9%E3%82%AB%E3%82%A4%E3%83%93%E3%83%AB%E5%BA%97%20%E5%A4%A7%E9%98%AA%E5%BA%9C%E5%A4%A7%E9%98%AA%E5%B8%82%E5%8C%97%E5%8C%BA%E5%A4%A7%E6%B7%80%E4%B8%AD1-1-90%20%E6%A2%85%E7%94%B0%E3%82%B9%E3%82%AB%E3%82%A4%E3%83%93%E3%83%AB%20B1F%E6%BB%9D%E8%A6%8B%E5%B0%8F%E8%B7%AF,2018,お好み焼き,okonomiyaki,
電光石火 駅前ひろば店,広島県広島市南区松原町10-1 広島フルフォーカスビル 6Ｆひろしまお好み物語駅前ひろば,食べログ お好み焼き 百名店 2018,https://tabelog.com/hiroshima/A3401/A340102/34001621/,https://www.google.com/maps/search/?api=1&query=%E9%9B%BB%E5%85%89%E7%9F%B3%E7%81%AB%20%E9%A7%85%E5%89%8D%E3%81%B2%E3%82%8D%E3%81%B0%E5%BA%97%20%E5%BA%83%E5%B3%B6%E7%9C%8C%E5%BA%83%E5%B3%B6%E5%B8%82%E5%8D%97%E5%8C%BA%E6%9D%BE%E5%8E%9F%E7%94%BA10-1%20%E5%BA%83%E5%B3%B6%E3%83%95%E3%83%AB%E3%83%95%E3%82%A9%E3%83%BC%E3%82%AB%E3%82%B9%E3%83%93%E3%83%AB%206%EF%BC%A6%E3%81%B2%E3%82%8D%E3%81%97%E3%81%BE%E3%81%8A%E5%A5%BD%E3%81%BF%E7%89%A9%E8%AA%9E%E9%A7%85%E5%89%8D%E3%81%B2%E3%82%8D%E3%81%B0,2018,お好み焼き,okonomiyaki,
八昌,東京都世田谷区経堂1-21-18 ＨＡＲＡＤＡビル 2F,食べログ お好み焼き 百名店 2018,https://tabelog.com/tokyo/A1318/A131813/13013135/,https://www.google.com/maps/search/?api=1&query=%E5%85%AB%E6%98%8C%20%E6%9D%B1%E4%BA%AC%E9%83%BD%E4%B8%96%E7%94%B0%E8%B0%B7%E5%8C%BA%E7%B5%8C%E5%A0%821-21-18%20%EF%BC%A8%EF%BC%A1%EF%BC%B2%EF%BC%A1%EF%BC%A4%EF%BC%A1%E3%83%93%E3%83%AB%202F,2018,お好み焼き,okonomiyaki,
お好み焼 ひかり,兵庫県神戸市兵庫区東出町3-21-2,食べログ お好み焼き 百名店 2018,https://tabelog.com/hyogo/A2801/A280102/28005916/,https://www.google.com/maps/search/?api=1&query=%E3%81%8A%E5%A5%BD%E3%81%BF%E7%84%BC%20%E3%81%B2%E3%81%8B%E3%82%8A%20%E5%85%B5%E5%BA%AB%E7%9C%8C%E7%A5%9E%E6%88%B8%E5%B8%82%E5%85%B5%E5%BA%AB%E5%8C%BA%E6%9D%B1%E5%87%BA%E7%94%BA3-21-2,2018,お好み焼き,okonomiyaki,
USHIO,東京都港区六本木3-10-9 かじかわ誠志堂ビル 2F,食べログ お好み焼き 百名店 2018,https://tabelog.com/tokyo/A1307/A130701/13038559/,https://www.google.com/maps/search/?api=1&query=USHIO%20%E6%9D%B1%E4%BA%AC%E9%83%BD%E6%B8%AF%E5%8C%BA%E5%85%AD%E6%9C%AC%E6%9C%A83-10-9%20%E3%81%8B%E3%81%98%E3%81%8B%E3%82%8F%E8%AA%A0%E5%BF%97%E5%A0%82%E3%83%93%E3%83%AB%202F,2018,お好み焼き,okonomiyaki,
お好み焼き Sakura,大阪府大阪市北区角田町9-10 新梅田食道街,食べログ お好み焼き 百名店 2018,https://tabelog.com/osaka/A2701/A270101/27006469/,https://www.google.com/maps/search/?api=1&query=%E3%81%8A%E5%A5%BD%E3%81%BF%E7%84%BC%E3%81%8D%20Sakura%20%E5%A4%A7%E9%98%AA%E5%BA%9C%E5%A4%A7%E9%98%AA%E5%B8%82%E5%8C%97%E5%8C%BA%E8%A7%92%E7%94%B0%E7%94%BA9-10%20%E6%96%B0%E6%A2%85%E7%94%B0%E9%A3%9F%E9%81%93%E8%A1%97,2018,お好み焼き,okonomiyaki,
時分時,大阪府大阪市中央区南久宝寺町4-5-11 ライオンズマンション御堂本町 1F,食べログ お好み焼き 百名店 2018,https://tabelog.com/osaka/A2701/A270106/27001808/,https://www.google.com/maps/search/?api=1&query=%E6%99%82%E5%88%86%E6%99%82%20%E5%A4%A7%E9%98%AA%E5%BA%9C%E5%A4%A7%E9%98%AA%E5%B8%82%E4%B8%AD%E5%A4%AE%E5%8C%BA%E5%8D%97%E4%B9%85%E5%AE%9D%E5%AF%BA%E7%94%BA4-5-11%20%E3%83%A9%E3%82%A4%E3%82%AA%E3%83%B3%E3%82%BA%E3%83%9E%E3%83%B3%E3%82%B7%E3%83%A7%E3%83%B3%E5%BE%A1%E5%A0%82%E6%9C%AC%E7%94%BA%201F,2018,お好み焼き,okonomiyaki,
お好み焼 小町 元町店,兵庫県神戸市中央区元町通1-9-3,食べログ お好み焼き 百名店 2018,https://tabelog.com/hyogo/A2801/A280102/28018708/,https://www.google.com/maps/search/?api=1&query=%E3%81%8A%E5%A5%BD%E3%81%BF%E7%84%BC%20%E5%B0%8F%E7%94%BA%20%E5%85%83%E7%94%BA%E5%BA%97%20%E5%85%B5%E5%BA%AB%E7%9C%8C%E7%A5%9E%E6%88%B8%E5%B8%82%E4%B8%AD%E5%A4%AE%E5%8C%BA%E5%85%83%E7%94%BA%E9%80%9A1-9-3,2018,お好み焼き,okonomiyaki,
貴家。 地蔵通り本店,広島県広島市中区富士見町5-11 藤井ビル 1Ｆ,食べログ お好み焼き 百名店 2018,https://tabelog.com/hiroshima/A3401/A340101/34000372/,https://www.google.com/maps/search/?api=1&query=%E8%B2%B4%E5%AE%B6%E3%80%82%20%E5%9C%B0%E8%94%B5%E9%80%9A%E3%82%8A%E6%9C%AC%E5%BA%97%20%E5%BA%83%E5%B3%B6%E7%9C%8C%E5%BA%83%E5%B3%B6%E5%B8%82%E4%B8%AD%E5%8C%BA%E5%AF%8C%E5%A3%AB%E8%A6%8B%E7%94%BA5-11%20%E8%97%A4%E4%BA%95%E3%83%93%E3%83%AB%201%EF%BC%A6,2018,お好み焼き,okonomiyaki,
源亀,東京都墨田区錦糸4-14-9 本間ビル　１Ｆ,食べログ お好み焼き 百名店 2018,https://tabelog.com/tokyo/A1312/A131201/13072955/,https://www.google.com/maps/search/?api=1&query=%E6%BA%90%E4%BA%80%20%E6%9D%B1%E4%BA%AC%E9%83%BD%E5%A2%A8%E7%94%B0%E5%8C%BA%E9%8C%A6%E7%B3%B84-14-9%20%E6%9C%AC%E9%96%93%E3%83%93%E3%83%AB%E3%80%80%EF%BC%91%EF%BC%A6,2018,お好み焼き,okonomiyaki,
あべとん,大阪府大阪市天王寺区堀越町13 アベノ地下街１号　Ｂ１Ｆ,食べログ お好み焼き 百名店 2018,https://tabelog.com/osaka/A2701/A270203/27017208/,https://www.google.com/maps/search/?api=1&query=%E3%81%82%E3%81%B9%E3%81%A8%E3%82%93%20%E5%A4%A7%E9%98%AA%E5%BA%9C%E5%A4%A7%E9%98%AA%E5%B8%82%E5%A4%A9%E7%8E%8B%E5%AF%BA%E5%8C%BA%E5%A0%80%E8%B6%8A%E7%94%BA13%20%E3%82%A2%E3%83%99%E3%83%8E%E5%9C%B0%E4%B8%8B%E8%A1%97%EF%BC%91%E5%8F%B7%E3%80%80%EF%BC%A2%EF%BC%91%EF%BC%A6,2018,お好み焼き,okonomiyaki,
ねぎ焼やまもと 梅田エスト店,大阪府大阪市北区角田町3番25号 エストＥ27　East Area 1F,食べログ お好み焼き 百名店 2018,https://tabelog.com/osaka/A2701/A270101/27003858/,https://www.google.com/maps/search/?api=1&query=%E3%81%AD%E3%81%8E%E7%84%BC%E3%82%84%E3%81%BE%E3%82%82%E3%81%A8%20%E6%A2%85%E7%94%B0%E3%82%A8%E3%82%B9%E3%83%88%E5%BA%97%20%E5%A4%A7%E9%98%AA%E5%BA%9C%E5%A4%A7%E9%98%AA%E5%B8%82%E5%8C%97%E5%8C%BA%E8%A7%92%E7%94%B0%E7%94%BA3%E7%95%AA25%E5%8F%B7%20%E3%82%A8%E3%82%B9%E3%83%88%EF%BC%A527%E3%80%80East%20Area%201F,2018,お好み焼き,okonomiyaki,
広島お好み焼き おこたろう,東京都葛飾区亀有3-31-8,食べログ お好み焼き 百名店 2018,https://tabelog.com/tokyo/A1324/A132403/13061247/,https://www.google.com/maps/search/?api=1&query=%E5%BA%83%E5%B3%B6%E3%81%8A%E5%A5%BD%E3%81%BF%E7%84%BC%E3%81%8D%20%E3%81%8A%E3%81%93%E3%81%9F%E3%82%8D%E3%81%86%20%E6%9D%B1%E4%BA%AC%E9%83%BD%E8%91%9B%E9%A3%BE%E5%8C%BA%E4%BA%80%E6%9C%893-31-8,2018,お好み焼き,okonomiyaki,
お好み焼 ゆかり 曽根崎本店,大阪府大阪市北区曽根崎2-14-13,食べログ お好み焼き 百名店 2018,https://tabelog.com/osaka/A2701/A270101/27001885/,https://www.google.com/maps/search/?api=1&query=%E3%81%8A%E5%A5%BD%E3%81%BF%E7%84%BC%20%E3%82%86%E3%81%8B%E3%82%8A%20%E6%9B%BD%E6%A0%B9%E5%B4%8E%E6%9C%AC%E5%BA%97%20%E5%A4%A7%E9%98%AA%E5%BA%9C%E5%A4%A7%E9%98%AA%E5%B8%82%E5%8C%97%E5%8C%BA%E6%9B%BD%E6%A0%B9%E5%B4%8E2-14-13,2018,お好み焼き,okonomiyaki,
タマちゃん,岡山県備前市日生町寒河1118,食べログ お好み焼き 百名店 2018,https://tabelog.com/okayama/A3305/A330501/33000431/,https://www.google.com/maps/search/?api=1&query=%E3%82%BF%E3%83%9E%E3%81%A1%E3%82%83%E3%82%93%20%E5%B2%A1%E5%B1%B1%E7%9C%8C%E5%82%99%E5%89%8D%E5%B8%82%E6%97%A5%E7%94%9F%E7%94%BA%E5%AF%92%E6%B2%B31118,2018,お好み焼き,okonomiyaki,
法善寺横丁 やき然,大阪府大阪市中央区難波1-1-18,食べログ お好み焼き 百名店 2018,https://tabelog.com/osaka/A2701/A270202/27003472/,https://www.google.com/maps/search/?api=1&query=%E6%B3%95%E5%96%84%E5%AF%BA%E6%A8%AA%E4%B8%81%20%E3%82%84%E3%81%8D%E7%84%B6%20%E5%A4%A7%E9%98%AA%E5%BA%9C%E5%A4%A7%E9%98%AA%E5%B8%82%E4%B8%AD%E5%A4%AE%E5%8C%BA%E9%9B%A3%E6%B3%A21-1-18,2018,お好み焼き,okonomiyaki,
美津の,大阪府大阪市中央区道頓堀1-4-15,食べログ お好み焼き 百名店 2018,https://tabelog.com/osaka/A2701/A270202/27001278/,https://www.google.com/maps/search/?api=1&query=%E7%BE%8E%E6%B4%A5%E3%81%AE%20%E5%A4%A7%E9%98%AA%E5%BA%9C%E5%A4%A7%E9%98%AA%E5%B8%82%E4%B8%AD%E5%A4%AE%E5%8C%BA%E9%81%93%E9%A0%93%E5%A0%801-4-15,2018,お好み焼き,okonomiyaki,
てんてこ 武庫之荘店,兵庫県尼崎市南武庫之荘3-36-11,食べログ お好み焼き 百名店 2018,https://tabelog.com/hyogo/A2803/A280304/28008622/,https://www.google.com/maps/search/?api=1&query=%E3%81%A6%E3%82%93%E3%81%A6%E3%81%93%20%E6%AD%A6%E5%BA%AB%E4%B9%8B%E8%8D%98%E5%BA%97%20%E5%85%B5%E5%BA%AB%E7%9C%8C%E5%B0%BC%E5%B4%8E%E5%B8%82%E5%8D%97%E6%AD%A6%E5%BA%AB%E4%B9%8B%E8%8D%983-36-11,2018,お好み焼き,okonomiyaki,
壹銭洋食 本店,京都府京都市東山区祇園四条通縄手上ル祇園町北側238,食べログ お好み焼き 百名店 2018,https://tabelog.com/kyoto/A2601/A260301/26001384/,https://www.google.com/maps/search/?api=1&query=%E5%A3%B9%E9%8A%AD%E6%B4%8B%E9%A3%9F%20%E6%9C%AC%E5%BA%97%20%E4%BA%AC%E9%83%BD%E5%BA%9C%E4%BA%AC%E9%83%BD%E5%B8%82%E6%9D%B1%E5%B1%B1%E5%8C%BA%E7%A5%87%E5%9C%92%E5%9B%9B%E6%9D%A1%E9%80%9A%E7%B8%84%E6%89%8B%E4%B8%8A%E3%83%AB%E7%A5%87%E5%9C%92%E7%94%BA%E5%8C%97%E5%81%B4238,2018,お好み焼き,okonomiyaki,
五日市 八昌,広島県広島市佐伯区五日市中央1-3-33,食べログ お好み焼き 百名店 2018,https://tabelog.com/hiroshima/A3401/A340106/34002563/,https://www.google.com/maps/search/?api=1&query=%E4%BA%94%E6%97%A5%E5%B8%82%20%E5%85%AB%E6%98%8C%20%E5%BA%83%E5%B3%B6%E7%9C%8C%E5%BA%83%E5%B3%B6%E5%B8%82%E4%BD%90%E4%BC%AF%E5%8C%BA%E4%BA%94%E6%97%A5%E5%B8%82%E4%B8%AD%E5%A4%AE1-3-33,2018,お好み焼き,okonomiyaki,
お好み焼吉野,京都府京都市東山区大和大路通り塩小路下ル上池田町546,食べログ お好み焼き 百名店 2018,https://tabelog.com/kyoto/A2601/A260304/26001618/,https://www.google.com/maps/search/?api=1&query=%E3%81%8A%E5%A5%BD%E3%81%BF%E7%84%BC%E5%90%89%E9%87%8E%20%E4%BA%AC%E9%83%BD%E5%BA%9C%E4%BA%AC%E9%83%BD%E5%B8%82%E6%9D%B1%E5%B1%B1%E5%8C%BA%E5%A4%A7%E5%92%8C%E5%A4%A7%E8%B7%AF%E9%80%9A%E3%82%8A%E5%A1%A9%E5%B0%8F%E8%B7%AF%E4%B8%8B%E3%83%AB%E4%B8%8A%E6%B1%A0%E7%94%B0%E7%94%BA546,2018,お好み焼き,okonomiyaki,
厳島,大阪府大阪市北区天神橋5-8-10,食べログ お好み焼き 百名店 2018,https://tabelog.com/osaka/A2701/A270103/27002277/,https://www.google.com/maps/search/?api=1&query=%E5%8E%B3%E5%B3%B6%20%E5%A4%A7%E9%98%AA%E5%BA%9C%E5%A4%A7%E9%98%AA%E5%B8%82%E5%8C%97%E5%8C%BA%E5%A4%A9%E7%A5%9E%E6%A9%8B5-8-10,2018,お好み焼き,okonomiyaki,
風流お好み焼 染太郎,東京都台東区西浅草2-2-2,食べログ お好み焼き 百名店 2018,https://tabelog.com/tokyo/A1311/A131102/13003710/,https://www.google.com/maps/search/?api=1&query=%E9%A2%A8%E6%B5%81%E3%81%8A%E5%A5%BD%E3%81%BF%E7%84%BC%20%E6%9F%93%E5%A4%AA%E9%83%8E%20%E6%9D%B1%E4%BA%AC%E9%83%BD%E5%8F%B0%E6%9D%B1%E5%8C%BA%E8%A5%BF%E6%B5%85%E8%8D%892-2-2,2018,お好み焼き,okonomiyaki,
お好み焼 みっちゃん総本店 八丁堀本店,広島県広島市中区八丁堀6-7 チュリス八丁堀 1F,食べログ お好み焼き 百名店 2018,https://tabelog.com/hiroshima/A3401/A340101/34000256/,https://www.google.com/maps/search/?api=1&query=%E3%81%8A%E5%A5%BD%E3%81%BF%E7%84%BC%20%E3%81%BF%E3%81%A3%E3%81%A1%E3%82%83%E3%82%93%E7%B7%8F%E6%9C%AC%E5%BA%97%20%E5%85%AB%E4%B8%81%E5%A0%80%E6%9C%AC%E5%BA%97%20%E5%BA%83%E5%B3%B6%E7%9C%8C%E5%BA%83%E5%B3%B6%E5%B8%82%E4%B8%AD%E5%8C%BA%E5%85%AB%E4%B8%81%E5%A0%806-7%20%E3%83%81%E3%83%A5%E3%83%AA%E3%82%B9%E5%85%AB%E4%B8%81%E5%A0%80%201F,2018,お好み焼き,okonomiyaki,
大阪お好み焼き ともくん家 新橋本店,東京都港区新橋3-3-3 新橋パイオニアビル 2F,食べログ お好み焼き 百名店 2018,https://tabelog.com/tokyo/A1308/A130802/13159860/,https://www.google.com/maps/search/?api=1&query=%E5%A4%A7%E9%98%AA%E3%81%8A%E5%A5%BD%E3%81%BF%E7%84%BC%E3%81%8D%20%E3%81%A8%E3%82%82%E3%81%8F%E3%82%93%E5%AE%B6%20%E6%96%B0%E6%A9%8B%E6%9C%AC%E5%BA%97%20%E6%9D%B1%E4%BA%AC%E9%83%BD%E6%B8%AF%E5%8C%BA%E6%96%B0%E6%A9%8B3-3-3%20%E6%96%B0%E6%A9%8B%E3%83%91%E3%82%A4%E3%82%AA%E3%83%8B%E3%82%A2%E3%83%93%E3%83%AB%202F,2018,お好み焼き,okonomiyaki,
花,大阪府大阪市都島区東野田町4-2-15,食べログ お好み焼き 百名店 2018,https://tabelog.com/osaka/A2701/A270107/27019304/,https://www.google.com/maps/search/?api=1&query=%E8%8A%B1%20%E5%A4%A7%E9%98%AA%E5%BA%9C%E5%A4%A7%E9%98%AA%E5%B8%82%E9%83%BD%E5%B3%B6%E5%8C%BA%E6%9D%B1%E9%87%8E%E7%94%B0%E7%94%BA4-2-15,2018,お好み焼き,okonomiyaki,
お好み焼 ゆかり 横浜スカイビル店,神奈川県横浜市西区高島2-19-12 スカイビル 11F,食べログ お好み焼き 百名店 2018,https://tabelog.com/kanagawa/A1401/A140101/14040054/,https://www.google.com/maps/search/?api=1&query=%E3%81%8A%E5%A5%BD%E3%81%BF%E7%84%BC%20%E3%82%86%E3%81%8B%E3%82%8A%20%E6%A8%AA%E6%B5%9C%E3%82%B9%E3%82%AB%E3%82%A4%E3%83%93%E3%83%AB%E5%BA%97%20%E7%A5%9E%E5%A5%88%E5%B7%9D%E7%9C%8C%E6%A8%AA%E6%B5%9C%E5%B8%82%E8%A5%BF%E5%8C%BA%E9%AB%98%E5%B3%B62-19-12%20%E3%82%B9%E3%82%AB%E3%82%A4%E3%83%93%E3%83%AB%2011F,2018,お好み焼き,okonomiyaki,
お好み焼 平野屋,石川県七尾市本府中町ル-20,食べログ お好み焼き 百名店 2018,https://tabelog.com/ishikawa/A1703/A170302/17003809/,https://www.google.com/maps/search/?api=1&query=%E3%81%8A%E5%A5%BD%E3%81%BF%E7%84%BC%20%E5%B9%B3%E9%87%8E%E5%B1%8B%20%E7%9F%B3%E5%B7%9D%E7%9C%8C%E4%B8%83%E5%B0%BE%E5%B8%82%E6%9C%AC%E5%BA%9C%E4%B8%AD%E7%94%BA%E3%83%AB-20,2018,お好み焼き,okonomiyaki,
ぼてやん多奈加,富山県富山市新富町1-2-3 CiC B1F,食べログ お好み焼き 百名店 2018,https://tabelog.com/toyama/A1601/A160101/16007479/,https://www.google.com/maps/search/?api=1&query=%E3%81%BC%E3%81%A6%E3%82%84%E3%82%93%E5%A4%9A%E5%A5%88%E5%8A%A0%20%E5%AF%8C%E5%B1%B1%E7%9C%8C%E5%AF%8C%E5%B1%B1%E5%B8%82%E6%96%B0%E5%AF%8C%E7%94%BA1-2-3%20CiC%20B1F,2018,お好み焼き,okonomiyaki,
お好み焼き もり,岡山県岡山市北区奉還町1-6-9,食べログ お好み焼き 百名店 2018,https://tabelog.com/okayama/A3301/A330101/33000348/,https://www.google.com/maps/search/?api=1&query=%E3%81%8A%E5%A5%BD%E3%81%BF%E7%84%BC%E3%81%8D%20%E3%82%82%E3%82%8A%20%E5%B2%A1%E5%B1%B1%E7%9C%8C%E5%B2%A1%E5%B1%B1%E5%B8%82%E5%8C%97%E5%8C%BA%E5%A5%89%E9%82%84%E7%94%BA1-6-9,2018,お好み焼き,okonomiyaki,
あらた,京都府京都市南区西九条院町24-4,食べログ お好み焼き 百名店 2018,https://tabelog.com/kyoto/A2601/A260101/26001641/,https://www.google.com/maps/search/?api=1&query=%E3%81%82%E3%82%89%E3%81%9F%20%E4%BA%AC%E9%83%BD%E5%BA%9C%E4%BA%AC%E9%83%BD%E5%B8%82%E5%8D%97%E5%8C%BA%E8%A5%BF%E4%B9%9D%E6%9D%A1%E9%99%A2%E7%94%BA24-4,2018,お好み焼き,okonomiyaki,
やまさ家,広島県広島市安佐南区高取北1-4-30 サンビル　１Ｆ,食べログ お好み焼き 百名店 2018,https://tabelog.com/hiroshima/A3401/A340107/34000287/,https://www.google.com/maps/search/?api=1&query=%E3%82%84%E3%81%BE%E3%81%95%E5%AE%B6%20%E5%BA%83%E5%B3%B6%E7%9C%8C%E5%BA%83%E5%B3%B6%E5%B8%82%E5%AE%89%E4%BD%90%E5%8D%97%E5%8C%BA%E9%AB%98%E5%8F%96%E5%8C%971-4-30%20%E3%82%B5%E3%83%B3%E3%83%93%E3%83%AB%E3%80%80%EF%BC%91%EF%BC%A6,2018,お好み焼き,okonomiyaki,
ラ・トリプレッタ,東京都品川区小山3-13-12,食べログ ピザ 百名店 2018,https://tabelog.com/tokyo/A1317/A131710/13165472/,https://www.google.com/maps/search/?api=1&query=%E3%83%A9%E3%83%BB%E3%83%88%E3%83%AA%E3%83%97%E3%83%AC%E3%83%83%E3%82%BF%20%E6%9D%B1%E4%BA%AC%E9%83%BD%E5%93%81%E5%B7%9D%E5%8C%BA%E5%B0%8F%E5%B1%B13-13-12,2018,ピザ,pizza,
SAVOY 麻布十番店,東京都港区元麻布3-10-1 中岡ビル　２Ｆ,食べログ ピザ 百名店 2018,https://tabelog.com/tokyo/A1307/A130702/13036875/,https://www.google.com/maps/search/?api=1&query=SAVOY%20%E9%BA%BB%E5%B8%83%E5%8D%81%E7%95%AA%E5%BA%97%20%E6%9D%B1%E4%BA%AC%E9%83%BD%E6%B8%AF%E5%8C%BA%E5%85%83%E9%BA%BB%E5%B8%833-10-1%20%E4%B8%AD%E5%B2%A1%E3%83%93%E3%83%AB%E3%80%80%EF%BC%92%EF%BC%A6,2018,ピザ,pizza,
アランジャルシ,東京都文京区湯島4-6-17 丸島ビル１F,食べログ ピザ 百名店 2018,https://tabelog.com/tokyo/A1311/A131101/13057017/,https://www.google.com/maps/search/?api=1&query=%E3%82%A2%E3%83%A9%E3%83%B3%E3%82%B8%E3%83%A3%E3%83%AB%E3%82%B7%20%E6%9D%B1%E4%BA%AC%E9%83%BD%E6%96%87%E4%BA%AC%E5%8C%BA%E6%B9%AF%E5%B3%B64-6-17%20%E4%B8%B8%E5%B3%B6%E3%83%93%E3%83%AB%EF%BC%91F,2018,ピザ,pizza,
ナプレ 横浜高島屋店,神奈川県横浜市西区南幸1-6-31 横浜タカシマヤ 8F,食べログ ピザ 百名店 2018,https://tabelog.com/kanagawa/A1401/A140101/14029630/,https://www.google.com/maps/search/?api=1&query=%E3%83%8A%E3%83%97%E3%83%AC%20%E6%A8%AA%E6%B5%9C%E9%AB%98%E5%B3%B6%E5%B1%8B%E5%BA%97%20%E7%A5%9E%E5%A5%88%E5%B7%9D%E7%9C%8C%E6%A8%AA%E6%B5%9C%E5%B8%82%E8%A5%BF%E5%8C%BA%E5%8D%97%E5%B9%B81-6-31%20%E6%A8%AA%E6%B5%9C%E3%82%BF%E3%82%AB%E3%82%B7%E3%83%9E%E3%83%A4%208F,2018,ピザ,pizza,
ピッツェリア パドリーノ・デル・ショーザン,宮城県仙台市青葉区上杉2-1-50 勝山館 1F,食べログ ピザ 百名店 2018,https://tabelog.com/miyagi/A0401/A040101/4014362/,https://www.google.com/maps/search/?api=1&query=%E3%83%94%E3%83%83%E3%83%84%E3%82%A7%E3%83%AA%E3%82%A2%20%E3%83%91%E3%83%89%E3%83%AA%E3%83%BC%E3%83%8E%E3%83%BB%E3%83%87%E3%83%AB%E3%83%BB%E3%82%B7%E3%83%A7%E3%83%BC%E3%82%B6%E3%83%B3%20%E5%AE%AE%E5%9F%8E%E7%9C%8C%E4%BB%99%E5%8F%B0%E5%B8%82%E9%9D%92%E8%91%89%E5%8C%BA%E4%B8%8A%E6%9D%892-1-50%20%E5%8B%9D%E5%B1%B1%E9%A4%A8%201F,2018,ピザ,pizza,
ピッツェリア・ロマーナ・イル・ペンティート,東京都渋谷区代々木3-1-1 ＡＸＩＳ　１Ｆ,食べログ ピザ 百名店 2018,https://tabelog.com/tokyo/A1318/A131810/13000684/,https://www.google.com/maps/search/?api=1&query=%E3%83%94%E3%83%83%E3%83%84%E3%82%A7%E3%83%AA%E3%82%A2%E3%83%BB%E3%83%AD%E3%83%9E%E3%83%BC%E3%83%8A%E3%83%BB%E3%82%A4%E3%83%AB%E3%83%BB%E3%83%9A%E3%83%B3%E3%83%86%E3%82%A3%E3%83%BC%E3%83%88%20%E6%9D%B1%E4%BA%AC%E9%83%BD%E6%B8%8B%E8%B0%B7%E5%8C%BA%E4%BB%A3%E3%80%85%E6%9C%A83-1-1%20%EF%BC%A1%EF%BC%B8%EF%BC%A9%EF%BC%B3%E3%80%80%EF%BC%91%EF%BC%A6,2018,ピザ,pizza,
フレイズ フェイマス ピッツェリア,東京都港区六本木4-5-15 1F,食べログ ピザ 百名店 2018,https://tabelog.com/tokyo/A1307/A130701/13124749/,https://www.google.com/maps/search/?api=1&query=%E3%83%95%E3%83%AC%E3%82%A4%E3%82%BA%20%E3%83%95%E3%82%A7%E3%82%A4%E3%83%9E%E3%82%B9%20%E3%83%94%E3%83%83%E3%83%84%E3%82%A7%E3%83%AA%E3%82%A2%20%E6%9D%B1%E4%BA%AC%E9%83%BD%E6%B8%AF%E5%8C%BA%E5%85%AD%E6%9C%AC%E6%9C%A84-5-15%201F,2018,ピザ,pizza,
ピッツァマン オオイマチ,東京都品川区大井1-11-8,食べログ ピザ 百名店 2018,https://tabelog.com/tokyo/A1315/A131501/13113311/,https://www.google.com/maps/search/?api=1&query=%E3%83%94%E3%83%83%E3%83%84%E3%82%A1%E3%83%9E%E3%83%B3%20%E3%82%AA%E3%82%AA%E3%82%A4%E3%83%9E%E3%83%81%20%E6%9D%B1%E4%BA%AC%E9%83%BD%E5%93%81%E5%B7%9D%E5%8C%BA%E5%A4%A7%E4%BA%951-11-8,2018,ピザ,pizza,
ピッツァ ケベロス 明治神宮前店,東京都渋谷区神宮前6-12-4 ヒダノビル 1F,食べログ ピザ 百名店 2018,https://tabelog.com/tokyo/A1306/A130601/13171079/,https://www.google.com/maps/search/?api=1&query=%E3%83%94%E3%83%83%E3%83%84%E3%82%A1%20%E3%82%B1%E3%83%99%E3%83%AD%E3%82%B9%20%E6%98%8E%E6%B2%BB%E7%A5%9E%E5%AE%AE%E5%89%8D%E5%BA%97%20%E6%9D%B1%E4%BA%AC%E9%83%BD%E6%B8%8B%E8%B0%B7%E5%8C%BA%E7%A5%9E%E5%AE%AE%E5%89%8D6-12-4%20%E3%83%92%E3%83%80%E3%83%8E%E3%83%93%E3%83%AB%201F,2018,ピザ,pizza,
ソロ ピッツァ ナポレターナ ダ ジェンナーロ 矢場店,愛知県名古屋市中区栄3-32-8,食べログ ピザ 百名店 2018,https://tabelog.com/aichi/A2301/A230103/23038884/,https://www.google.com/maps/search/?api=1&query=%E3%82%BD%E3%83%AD%20%E3%83%94%E3%83%83%E3%83%84%E3%82%A1%20%E3%83%8A%E3%83%9D%E3%83%AC%E3%82%BF%E3%83%BC%E3%83%8A%20%E3%83%80%20%E3%82%B8%E3%82%A7%E3%83%B3%E3%83%8A%E3%83%BC%E3%83%AD%20%E7%9F%A2%E5%A0%B4%E5%BA%97%20%E6%84%9B%E7%9F%A5%E7%9C%8C%E5%90%8D%E5%8F%A4%E5%B1%8B%E5%B8%82%E4%B8%AD%E5%8C%BA%E6%A0%843-32-8,2018,ピザ,pizza,
エンボカ 京都,京都府京都市中京区西洞院六角下ル池須町406,食べログ ピザ 百名店 2018,https://tabelog.com/kyoto/A2601/A260202/26017525/,https://www.google.com/maps/search/?api=1&query=%E3%82%A8%E3%83%B3%E3%83%9C%E3%82%AB%20%E4%BA%AC%E9%83%BD%20%E4%BA%AC%E9%83%BD%E5%BA%9C%E4%BA%AC%E9%83%BD%E5%B8%82%E4%B8%AD%E4%BA%AC%E5%8C%BA%E8%A5%BF%E6%B4%9E%E9%99%A2%E5%85%AD%E8%A7%92%E4%B8%8B%E3%83%AB%E6%B1%A0%E9%A0%88%E7%94%BA406,2018,ピザ,pizza,
トニーズピザ,東京都武蔵野市吉祥寺南町1-6-9,食べログ ピザ 百名店 2018,https://tabelog.com/tokyo/A1320/A132001/13005912/,https://www.google.com/maps/search/?api=1&query=%E3%83%88%E3%83%8B%E3%83%BC%E3%82%BA%E3%83%94%E3%82%B6%20%E6%9D%B1%E4%BA%AC%E9%83%BD%E6%AD%A6%E8%94%B5%E9%87%8E%E5%B8%82%E5%90%89%E7%A5%A5%E5%AF%BA%E5%8D%97%E7%94%BA1-6-9,2018,ピザ,pizza,
聖林館,東京都目黒区上目黒2-6-4,食べログ ピザ 百名店 2018,https://tabelog.com/tokyo/A1317/A131701/13003188/,https://www.google.com/maps/search/?api=1&query=%E8%81%96%E6%9E%97%E9%A4%A8%20%E6%9D%B1%E4%BA%AC%E9%83%BD%E7%9B%AE%E9%BB%92%E5%8C%BA%E4%B8%8A%E7%9B%AE%E9%BB%922-6-4,2018,ピザ,pizza,
リストランテ ピッツェリア ジャンカルロ トウキョウ,東京都港区麻布台3-4-14 麻布台マンション 1F,食べログ ピザ 百名店 2018,https://tabelog.com/tokyo/A1307/A130701/13210568/,https://www.google.com/maps/search/?api=1&query=%E3%83%AA%E3%82%B9%E3%83%88%E3%83%A9%E3%83%B3%E3%83%86%20%E3%83%94%E3%83%83%E3%83%84%E3%82%A7%E3%83%AA%E3%82%A2%20%E3%82%B8%E3%83%A3%E3%83%B3%E3%82%AB%E3%83%AB%E3%83%AD%20%E3%83%88%E3%82%A6%E3%82%AD%E3%83%A7%E3%82%A6%20%E6%9D%B1%E4%BA%AC%E9%83%BD%E6%B8%AF%E5%8C%BA%E9%BA%BB%E5%B8%83%E5%8F%B03-4-14%20%E9%BA%BB%E5%B8%83%E5%8F%B0%E3%83%9E%E3%83%B3%E3%82%B7%E3%83%A7%E3%83%B3%201F,2018,ピザ,pizza,
ナポリスタカ 神谷町店,東京都港区麻布台1-11-4 いんなあとりっぷビル１Ｆ,食べログ ピザ 百名店 2018,https://tabelog.com/tokyo/A1307/A130704/13132020/,https://www.google.com/maps/search/?api=1&query=%E3%83%8A%E3%83%9D%E3%83%AA%E3%82%B9%E3%82%BF%E3%82%AB%20%E7%A5%9E%E8%B0%B7%E7%94%BA%E5%BA%97%20%E6%9D%B1%E4%BA%AC%E9%83%BD%E6%B8%AF%E5%8C%BA%E9%BA%BB%E5%B8%83%E5%8F%B01-11-4%20%E3%81%84%E3%82%93%E3%81%AA%E3%81%82%E3%81%A8%E3%82%8A%E3%81%A3%E3%81%B7%E3%83%93%E3%83%AB%EF%BC%91%EF%BC%A6,2018,ピザ,pizza,
ピッツェリア　スペリアーモ！,神奈川県横浜市西区藤棚町1-121,食べログ ピザ 百名店 2018,https://tabelog.com/kanagawa/A1401/A140301/14002481/,https://www.google.com/maps/search/?api=1&query=%E3%83%94%E3%83%83%E3%83%84%E3%82%A7%E3%83%AA%E3%82%A2%E3%80%80%E3%82%B9%E3%83%9A%E3%83%AA%E3%82%A2%E3%83%BC%E3%83%A2%EF%BC%81%20%E7%A5%9E%E5%A5%88%E5%B7%9D%E7%9C%8C%E6%A8%AA%E6%B5%9C%E5%B8%82%E8%A5%BF%E5%8C%BA%E8%97%A4%E6%A3%9A%E7%94%BA1-121,2018,ピザ,pizza,
zio,東京都千代田区九段北4-1-31 一口坂ハイム 1F,食べログ ピザ 百名店 2018,https://tabelog.com/tokyo/A1309/A130905/13020488/,https://www.google.com/maps/search/?api=1&query=zio%20%E6%9D%B1%E4%BA%AC%E9%83%BD%E5%8D%83%E4%BB%A3%E7%94%B0%E5%8C%BA%E4%B9%9D%E6%AE%B5%E5%8C%974-1-31%20%E4%B8%80%E5%8F%A3%E5%9D%82%E3%83%8F%E3%82%A4%E3%83%A0%201F,2018,ピザ,pizza,
エノテカピッツェリア 神楽坂スタジオーネ,東京都新宿区神楽坂3-1 クレール神楽坂ＩＩＩ　５Ｆ,食べログ ピザ 百名店 2018,https://tabelog.com/tokyo/A1309/A130905/13055365/,https://www.google.com/maps/search/?api=1&query=%E3%82%A8%E3%83%8E%E3%83%86%E3%82%AB%E3%83%94%E3%83%83%E3%83%84%E3%82%A7%E3%83%AA%E3%82%A2%20%E7%A5%9E%E6%A5%BD%E5%9D%82%E3%82%B9%E3%82%BF%E3%82%B8%E3%82%AA%E3%83%BC%E3%83%8D%20%E6%9D%B1%E4%BA%AC%E9%83%BD%E6%96%B0%E5%AE%BF%E5%8C%BA%E7%A5%9E%E6%A5%BD%E5%9D%823-1%20%E3%82%AF%E3%83%AC%E3%83%BC%E3%83%AB%E7%A5%9E%E6%A5%BD%E5%9D%82%EF%BC%A9%EF%BC%A9%EF%BC%A9%E3%80%80%EF%BC%95%EF%BC%A6,2018,ピザ,pizza,
ピッツェリア ヴィスコンティ,神奈川県横浜市中区山下町276-5 ルグラン元町,食べログ ピザ 百名店 2018,https://tabelog.com/kanagawa/A1401/A140105/14002467/,https://www.google.com/maps/search/?api=1&query=%E3%83%94%E3%83%83%E3%83%84%E3%82%A7%E3%83%AA%E3%82%A2%20%E3%83%B4%E3%82%A3%E3%82%B9%E3%82%B3%E3%83%B3%E3%83%86%E3%82%A3%20%E7%A5%9E%E5%A5%88%E5%B7%9D%E7%9C%8C%E6%A8%AA%E6%B5%9C%E5%B8%82%E4%B8%AD%E5%8C%BA%E5%B1%B1%E4%B8%8B%E7%94%BA276-5%20%E3%83%AB%E3%82%B0%E3%83%A9%E3%83%B3%E5%85%83%E7%94%BA,2018,ピザ,pizza,
ナポリピッツァ Pizzeria la Rossa,東京都目黒区目黒本町5-33-25,食べログ ピザ 百名店 2018,https://tabelog.com/tokyo/A1317/A131702/13130666/,https://www.google.com/maps/search/?api=1&query=%E3%83%8A%E3%83%9D%E3%83%AA%E3%83%94%E3%83%83%E3%83%84%E3%82%A1%20Pizzeria%20la%20Rossa%20%E6%9D%B1%E4%BA%AC%E9%83%BD%E7%9B%AE%E9%BB%92%E5%8C%BA%E7%9B%AE%E9%BB%92%E6%9C%AC%E7%94%BA5-33-25,2018,ピザ,pizza,
ステッサ,宮崎県宮崎市吉村町天神前甲144-7,食べログ ピザ 百名店 2018,https://tabelog.com/miyazaki/A4501/A450101/45006807/,https://www.google.com/maps/search/?api=1&query=%E3%82%B9%E3%83%86%E3%83%83%E3%82%B5%20%E5%AE%AE%E5%B4%8E%E7%9C%8C%E5%AE%AE%E5%B4%8E%E5%B8%82%E5%90%89%E6%9D%91%E7%94%BA%E5%A4%A9%E7%A5%9E%E5%89%8D%E7%94%B2144-7,2018,ピザ,pizza,
リンシエメ,東京都江東区亀戸1-31-7,食べログ ピザ 百名店 2018,https://tabelog.com/tokyo/A1312/A131202/13193917/,https://www.google.com/maps/search/?api=1&query=%E3%83%AA%E3%83%B3%E3%82%B7%E3%82%A8%E3%83%A1%20%E6%9D%B1%E4%BA%AC%E9%83%BD%E6%B1%9F%E6%9D%B1%E5%8C%BA%E4%BA%80%E6%88%B81-31-7,2018,ピザ,pizza,
Pizzeria LUMEN,東京都新宿区歌舞伎町2-8-3 最上ビル新宿　１Ｆ,食べログ ピザ 百名店 2018,https://tabelog.com/tokyo/A1304/A130401/13025499/,https://www.google.com/maps/search/?api=1&query=Pizzeria%20LUMEN%20%E6%9D%B1%E4%BA%AC%E9%83%BD%E6%96%B0%E5%AE%BF%E5%8C%BA%E6%AD%8C%E8%88%9E%E4%BC%8E%E7%94%BA2-8-3%20%E6%9C%80%E4%B8%8A%E3%83%93%E3%83%AB%E6%96%B0%E5%AE%BF%E3%80%80%EF%BC%91%EF%BC%A6,2018,ピザ,pizza,
エキ ポンテベッキオ ア オオサカ,大阪府大阪市北区梅田3-1-3 ルクア 10F,食べログ ピザ 百名店 2018,https://tabelog.com/osaka/A2701/A270101/27057161/,https://www.google.com/maps/search/?api=1&query=%E3%82%A8%E3%82%AD%20%E3%83%9D%E3%83%B3%E3%83%86%E3%83%99%E3%83%83%E3%82%AD%E3%82%AA%20%E3%82%A2%20%E3%82%AA%E3%82%AA%E3%82%B5%E3%82%AB%20%E5%A4%A7%E9%98%AA%E5%BA%9C%E5%A4%A7%E9%98%AA%E5%B8%82%E5%8C%97%E5%8C%BA%E6%A2%85%E7%94%B03-1-3%20%E3%83%AB%E3%82%AF%E3%82%A2%2010F,2018,ピザ,pizza,
タランテッラ ダ ルイジ,東京都港区白金3-22-2-1F,食べログ ピザ 百名店 2018,https://tabelog.com/tokyo/A1316/A131602/13122166/,https://www.google.com/maps/search/?api=1&query=%E3%82%BF%E3%83%A9%E3%83%B3%E3%83%86%E3%83%83%E3%83%A9%20%E3%83%80%20%E3%83%AB%E3%82%A4%E3%82%B8%20%E6%9D%B1%E4%BA%AC%E9%83%BD%E6%B8%AF%E5%8C%BA%E7%99%BD%E9%87%913-22-2-1F,2018,ピザ,pizza,
ピッツェリア・ダ・ガエターノ 薬院店,福岡県福岡市中央区渡辺通り2-7-14 パグ​ーロ薬院1階,食べログ ピザ 百名店 2018,https://tabelog.com/fukuoka/A4001/A400104/40028105/,https://www.google.com/maps/search/?api=1&query=%E3%83%94%E3%83%83%E3%83%84%E3%82%A7%E3%83%AA%E3%82%A2%E3%83%BB%E3%83%80%E3%83%BB%E3%82%AC%E3%82%A8%E3%82%BF%E3%83%BC%E3%83%8E%20%E8%96%AC%E9%99%A2%E5%BA%97%20%E7%A6%8F%E5%B2%A1%E7%9C%8C%E7%A6%8F%E5%B2%A1%E5%B8%82%E4%B8%AD%E5%A4%AE%E5%8C%BA%E6%B8%A1%E8%BE%BA%E9%80%9A%E3%82%8A2-7-14%20%E3%83%91%E3%82%B0%E2%80%8B%E3%83%BC%E3%83%AD%E8%96%AC%E9%99%A21%E9%9A%8E,2018,ピザ,pizza,
ピッツェリア ダ マッシモ,北海道札幌市白石区川下2条5丁目2-8,食べログ ピザ 百名店 2018,https://tabelog.com/hokkaido/A0101/A010301/1031158/,https://www.google.com/maps/search/?api=1&query=%E3%83%94%E3%83%83%E3%83%84%E3%82%A7%E3%83%AA%E3%82%A2%20%E3%83%80%20%E3%83%9E%E3%83%83%E3%82%B7%E3%83%A2%20%E5%8C%97%E6%B5%B7%E9%81%93%E6%9C%AD%E5%B9%8C%E5%B8%82%E7%99%BD%E7%9F%B3%E5%8C%BA%E5%B7%9D%E4%B8%8B2%E6%9D%A15%E4%B8%81%E7%9B%AE2-8,2018,ピザ,pizza,
シシリヤ,神奈川県横浜市中区相生町1-7 和同ビル　１Ｆ,食べログ ピザ 百名店 2018,https://tabelog.com/kanagawa/A1401/A140104/14001040/,https://www.google.com/maps/search/?api=1&query=%E3%82%B7%E3%82%B7%E3%83%AA%E3%83%A4%20%E7%A5%9E%E5%A5%88%E5%B7%9D%E7%9C%8C%E6%A8%AA%E6%B5%9C%E5%B8%82%E4%B8%AD%E5%8C%BA%E7%9B%B8%E7%94%9F%E7%94%BA1-7%20%E5%92%8C%E5%90%8C%E3%83%93%E3%83%AB%E3%80%80%EF%BC%91%EF%BC%A6,2018,ピザ,pizza,
エッセ ドゥエ 赤坂店,東京都港区赤坂6-11-13 ｆａｂｒｉｃビル　B1F・1F,食べログ ピザ 百名店 2018,https://tabelog.com/tokyo/A1308/A130801/13002191/,https://www.google.com/maps/search/?api=1&query=%E3%82%A8%E3%83%83%E3%82%BB%20%E3%83%89%E3%82%A5%E3%82%A8%20%E8%B5%A4%E5%9D%82%E5%BA%97%20%E6%9D%B1%E4%BA%AC%E9%83%BD%E6%B8%AF%E5%8C%BA%E8%B5%A4%E5%9D%826-11-13%20%EF%BD%86%EF%BD%81%EF%BD%82%EF%BD%92%EF%BD%89%EF%BD%83%E3%83%93%E3%83%AB%E3%80%80B1F%E3%83%BB1F,2018,ピザ,pizza,
トラットリア ピッツェリア ラルテ,東京都世田谷区三軒茶屋1-35-17 1Ｆ,食べログ ピザ 百名店 2018,https://tabelog.com/tokyo/A1317/A131706/13128533/,https://www.google.com/maps/search/?api=1&query=%E3%83%88%E3%83%A9%E3%83%83%E3%83%88%E3%83%AA%E3%82%A2%20%E3%83%94%E3%83%83%E3%83%84%E3%82%A7%E3%83%AA%E3%82%A2%20%E3%83%A9%E3%83%AB%E3%83%86%20%E6%9D%B1%E4%BA%AC%E9%83%BD%E4%B8%96%E7%94%B0%E8%B0%B7%E5%8C%BA%E4%B8%89%E8%BB%92%E8%8C%B6%E5%B1%8B1-35-17%201%EF%BC%A6,2018,ピザ,pizza,
ナプレ 南青山本店,東京都港区南青山5-6-24 林ビル,食べログ ピザ 百名店 2018,https://tabelog.com/tokyo/A1306/A130602/13003493/,https://www.google.com/maps/search/?api=1&query=%E3%83%8A%E3%83%97%E3%83%AC%20%E5%8D%97%E9%9D%92%E5%B1%B1%E6%9C%AC%E5%BA%97%20%E6%9D%B1%E4%BA%AC%E9%83%BD%E6%B8%AF%E5%8C%BA%E5%8D%97%E9%9D%92%E5%B1%B15-6-24%20%E6%9E%97%E3%83%93%E3%83%AB,2018,ピザ,pizza,
大衆イタリア食堂 アレグロ 天満店,大阪府大阪市北区同心2丁目5-20 森下ビル1F,食べログ ピザ 百名店 2018,https://tabelog.com/osaka/A2701/A270103/27018209/,https://www.google.com/maps/search/?api=1&query=%E5%A4%A7%E8%A1%86%E3%82%A4%E3%82%BF%E3%83%AA%E3%82%A2%E9%A3%9F%E5%A0%82%20%E3%82%A2%E3%83%AC%E3%82%B0%E3%83%AD%20%E5%A4%A9%E6%BA%80%E5%BA%97%20%E5%A4%A7%E9%98%AA%E5%BA%9C%E5%A4%A7%E9%98%AA%E5%B8%82%E5%8C%97%E5%8C%BA%E5%90%8C%E5%BF%832%E4%B8%81%E7%9B%AE5-20%20%E6%A3%AE%E4%B8%8B%E3%83%93%E3%83%AB1F,2018,ピザ,pizza,
ダルブリガンテ,大阪府大阪市福島区福島3-6-14,食べログ ピザ 百名店 2018,https://tabelog.com/osaka/A2701/A270108/27004565/,https://www.google.com/maps/search/?api=1&query=%E3%83%80%E3%83%AB%E3%83%96%E3%83%AA%E3%82%AC%E3%83%B3%E3%83%86%20%E5%A4%A7%E9%98%AA%E5%BA%9C%E5%A4%A7%E9%98%AA%E5%B8%82%E7%A6%8F%E5%B3%B6%E5%8C%BA%E7%A6%8F%E5%B3%B63-6-14,2018,ピザ,pizza,
ピノッキオ,兵庫県神戸市中央区中山手通2-3-13 太洋ビル　１Ｆ,食べログ ピザ 百名店 2018,https://tabelog.com/hyogo/A2801/A280101/28000493/,https://www.google.com/maps/search/?api=1&query=%E3%83%94%E3%83%8E%E3%83%83%E3%82%AD%E3%82%AA%20%E5%85%B5%E5%BA%AB%E7%9C%8C%E7%A5%9E%E6%88%B8%E5%B8%82%E4%B8%AD%E5%A4%AE%E5%8C%BA%E4%B8%AD%E5%B1%B1%E6%89%8B%E9%80%9A2-3-13%20%E5%A4%AA%E6%B4%8B%E3%83%93%E3%83%AB%E3%80%80%EF%BC%91%EF%BC%A6,2018,ピザ,pizza,
ピッツェリア カンテラ,東京都渋谷区神宮前6-28-6 Q plaza HARAJUKU 9F,食べログ ピザ 百名店 2018,https://tabelog.com/tokyo/A1306/A130601/13180224/,https://www.google.com/maps/search/?api=1&query=%E3%83%94%E3%83%83%E3%83%84%E3%82%A7%E3%83%AA%E3%82%A2%20%E3%82%AB%E3%83%B3%E3%83%86%E3%83%A9%20%E6%9D%B1%E4%BA%AC%E9%83%BD%E6%B8%8B%E8%B0%B7%E5%8C%BA%E7%A5%9E%E5%AE%AE%E5%89%8D6-28-6%20Q%20plaza%20HARAJUKU%209F,2018,ピザ,pizza,
ピッツェリア エ トラットリア ダ・マサニエッロ,兵庫県宝塚市伊孑志1-8-20,食べログ ピザ 百名店 2018,https://tabelog.com/hyogo/A2803/A280303/28031917/,https://www.google.com/maps/search/?api=1&query=%E3%83%94%E3%83%83%E3%83%84%E3%82%A7%E3%83%AA%E3%82%A2%20%E3%82%A8%20%E3%83%88%E3%83%A9%E3%83%83%E3%83%88%E3%83%AA%E3%82%A2%20%E3%83%80%E3%83%BB%E3%83%9E%E3%82%B5%E3%83%8B%E3%82%A8%E3%83%83%E3%83%AD%20%E5%85%B5%E5%BA%AB%E7%9C%8C%E5%AE%9D%E5%A1%9A%E5%B8%82%E4%BC%8A%E5%AD%91%E5%BF%971-8-20,2018,ピザ,pizza,
SAVOY 三宿通り店,東京都世田谷区下馬1-23-13 フェルテロアール祐天寺　１Ｆ,食べログ ピザ 百名店 2018,https://tabelog.com/tokyo/A1317/A131701/13024109/,https://www.google.com/maps/search/?api=1&query=SAVOY%20%E4%B8%89%E5%AE%BF%E9%80%9A%E3%82%8A%E5%BA%97%20%E6%9D%B1%E4%BA%AC%E9%83%BD%E4%B8%96%E7%94%B0%E8%B0%B7%E5%8C%BA%E4%B8%8B%E9%A6%AC1-23-13%20%E3%83%95%E3%82%A7%E3%83%AB%E3%83%86%E3%83%AD%E3%82%A2%E3%83%BC%E3%83%AB%E7%A5%90%E5%A4%A9%E5%AF%BA%E3%80%80%EF%BC%91%EF%BC%A6,2018,ピザ,pizza,
ピッツエリア エ トラットリア ダ イーサ,東京都目黒区青葉台1-28-9,食べログ ピザ 百名店 2018,https://tabelog.com/tokyo/A1317/A131701/13103245/,https://www.google.com/maps/search/?api=1&query=%E3%83%94%E3%83%83%E3%83%84%E3%82%A8%E3%83%AA%E3%82%A2%20%E3%82%A8%20%E3%83%88%E3%83%A9%E3%83%83%E3%83%88%E3%83%AA%E3%82%A2%20%E3%83%80%20%E3%82%A4%E3%83%BC%E3%82%B5%20%E6%9D%B1%E4%BA%AC%E9%83%BD%E7%9B%AE%E9%BB%92%E5%8C%BA%E9%9D%92%E8%91%89%E5%8F%B01-28-9,2018,ピザ,pizza,
ピッツェリア チーロ 東中野店,東京都中野区東中野3-8-3 フェニックスビル1Ｆ,食べログ ピザ 百名店 2018,https://tabelog.com/tokyo/A1319/A131901/13115030/,https://www.google.com/maps/search/?api=1&query=%E3%83%94%E3%83%83%E3%83%84%E3%82%A7%E3%83%AA%E3%82%A2%20%E3%83%81%E3%83%BC%E3%83%AD%20%E6%9D%B1%E4%B8%AD%E9%87%8E%E5%BA%97%20%E6%9D%B1%E4%BA%AC%E9%83%BD%E4%B8%AD%E9%87%8E%E5%8C%BA%E6%9D%B1%E4%B8%AD%E9%87%8E3-8-3%20%E3%83%95%E3%82%A7%E3%83%8B%E3%83%83%E3%82%AF%E3%82%B9%E3%83%93%E3%83%AB1%EF%BC%A6,2018,ピザ,pizza,
アズーリ,兵庫県神戸市中央区山本通3-7-3 ユートピアトーア 1F,食べログ ピザ 百名店 2018,https://tabelog.com/hyogo/A2801/A280102/28004410/,https://www.google.com/maps/search/?api=1&query=%E3%82%A2%E3%82%BA%E3%83%BC%E3%83%AA%20%E5%85%B5%E5%BA%AB%E7%9C%8C%E7%A5%9E%E6%88%B8%E5%B8%82%E4%B8%AD%E5%A4%AE%E5%8C%BA%E5%B1%B1%E6%9C%AC%E9%80%9A3-7-3%20%E3%83%A6%E3%83%BC%E3%83%88%E3%83%94%E3%82%A2%E3%83%88%E3%83%BC%E3%82%A2%201F,2018,ピザ,pizza,
カトリカ,東京都墨田区東向島5丁目29-6,食べログ ピザ 百名店 2018,https://tabelog.com/tokyo/A1312/A131203/13040601/,https://www.google.com/maps/search/?api=1&query=%E3%82%AB%E3%83%88%E3%83%AA%E3%82%AB%20%E6%9D%B1%E4%BA%AC%E9%83%BD%E5%A2%A8%E7%94%B0%E5%8C%BA%E6%9D%B1%E5%90%91%E5%B3%B65%E4%B8%81%E7%9B%AE29-6,2018,ピザ,pizza,
ピッツェリア トラットリア マーレルナ,青森県青森市桂木4-3-9,食べログ ピザ 百名店 2018,https://tabelog.com/aomori/A0201/A020101/2000051/,https://www.google.com/maps/search/?api=1&query=%E3%83%94%E3%83%83%E3%83%84%E3%82%A7%E3%83%AA%E3%82%A2%20%E3%83%88%E3%83%A9%E3%83%83%E3%83%88%E3%83%AA%E3%82%A2%20%E3%83%9E%E3%83%BC%E3%83%AC%E3%83%AB%E3%83%8A%20%E9%9D%92%E6%A3%AE%E7%9C%8C%E9%9D%92%E6%A3%AE%E5%B8%82%E6%A1%82%E6%9C%A84-3-9,2018,ピザ,pizza,
Supernova,東京都武蔵野市中町1-24-16 杉山ビル 1F,食べログ ピザ 百名店 2018,https://tabelog.com/tokyo/A1320/A132002/13186095/,https://www.google.com/maps/search/?api=1&query=Supernova%20%E6%9D%B1%E4%BA%AC%E9%83%BD%E6%AD%A6%E8%94%B5%E9%87%8E%E5%B8%82%E4%B8%AD%E7%94%BA1-24-16%20%E6%9D%89%E5%B1%B1%E3%83%93%E3%83%AB%201F,2018,ピザ,pizza,
Trattoria&Pizzeria LOGIC 横浜,神奈川県横浜市西区北幸2-2-1 ハマボール イアス,食べログ ピザ 百名店 2018,https://tabelog.com/kanagawa/A1401/A140101/14021003/,https://www.google.com/maps/search/?api=1&query=Trattoria%26Pizzeria%20LOGIC%20%E6%A8%AA%E6%B5%9C%20%E7%A5%9E%E5%A5%88%E5%B7%9D%E7%9C%8C%E6%A8%AA%E6%B5%9C%E5%B8%82%E8%A5%BF%E5%8C%BA%E5%8C%97%E5%B9%B82-2-1%20%E3%83%8F%E3%83%9E%E3%83%9C%E3%83%BC%E3%83%AB%20%E3%82%A4%E3%82%A2%E3%82%B9,2018,ピザ,pizza,
quarto,兵庫県神戸市中央区中山手通2-3-7 サンハイツ中山手ビル 1F,食べログ ピザ 百名店 2018,https://tabelog.com/hyogo/A2801/A280101/28041401/,https://www.google.com/maps/search/?api=1&query=quarto%20%E5%85%B5%E5%BA%AB%E7%9C%8C%E7%A5%9E%E6%88%B8%E5%B8%82%E4%B8%AD%E5%A4%AE%E5%8C%BA%E4%B8%AD%E5%B1%B1%E6%89%8B%E9%80%9A2-3-7%20%E3%82%B5%E3%83%B3%E3%83%8F%E3%82%A4%E3%83%84%E4%B8%AD%E5%B1%B1%E6%89%8B%E3%83%93%E3%83%AB%201F,2018,ピザ,pizza,
ラ・バルカッチャ,大阪府大阪市北区豊崎3-5-17 1階,食べログ ピザ 百名店 2018,https://tabelog.com/osaka/A2701/A270101/27054558/,https://www.google.com/maps/search/?api=1&query=%E3%83%A9%E3%83%BB%E3%83%90%E3%83%AB%E3%82%AB%E3%83%83%E3%83%81%E3%83%A3%20%E5%A4%A7%E9%98%AA%E5%BA%9C%E5%A4%A7%E9%98%AA%E5%B8%82%E5%8C%97%E5%8C%BA%E8%B1%8A%E5%B4%8E3-5-17%201%E9%9A%8E,2018,ピザ,pizza,
ピッツァダバッボ,東京都中央区日本橋人形町2-21-1 FSビル １Ｆ,食べログ ピザ 百名店 2018,https://tabelog.com/tokyo/A1302/A130204/13025362/,https://www.google.com/maps/search/?api=1&query=%E3%83%94%E3%83%83%E3%83%84%E3%82%A1%E3%83%80%E3%83%90%E3%83%83%E3%83%9C%20%E6%9D%B1%E4%BA%AC%E9%83%BD%E4%B8%AD%E5%A4%AE%E5%8C%BA%E6%97%A5%E6%9C%AC%E6%A9%8B%E4%BA%BA%E5%BD%A2%E7%94%BA2-21-1%20FS%E3%83%93%E3%83%AB%20%EF%BC%91%EF%BC%A6,2018,ピザ,pizza,
ラ ピッツァ ナポレターナ レガロ,大阪府大阪市福島区福島1-5-2 堀野ビル 1F,食べログ ピザ 百名店 2018,https://tabelog.com/osaka/A2701/A270108/27084799/,https://www.google.com/maps/search/?api=1&query=%E3%83%A9%20%E3%83%94%E3%83%83%E3%83%84%E3%82%A1%20%E3%83%8A%E3%83%9D%E3%83%AC%E3%82%BF%E3%83%BC%E3%83%8A%20%E3%83%AC%E3%82%AC%E3%83%AD%20%E5%A4%A7%E9%98%AA%E5%BA%9C%E5%A4%A7%E9%98%AA%E5%B8%82%E7%A6%8F%E5%B3%B6%E5%8C%BA%E7%A6%8F%E5%B3%B61-5-2%20%E5%A0%80%E9%87%8E%E3%83%93%E3%83%AB%201F,2018,ピザ,pizza,
ヴォメロ,東京都中央区銀座3-12-8 NKCビル 1F,食べログ ピザ 百名店 2018,https://tabelog.com/tokyo/A1301/A130101/13139857/,https://www.google.com/maps/search/?api=1&query=%E3%83%B4%E3%82%A9%E3%83%A1%E3%83%AD%20%E6%9D%B1%E4%BA%AC%E9%83%BD%E4%B8%AD%E5%A4%AE%E5%8C%BA%E9%8A%80%E5%BA%A73-12-8%20NKC%E3%83%93%E3%83%AB%201F,2018,ピザ,pizza,
PIZZA BORSA,東京都豊島区西池袋3-30-8 渡辺ビル 1F,食べログ ピザ 百名店 2018,https://tabelog.com/tokyo/A1305/A130501/13170403/,https://www.google.com/maps/search/?api=1&query=PIZZA%20BORSA%20%E6%9D%B1%E4%BA%AC%E9%83%BD%E8%B1%8A%E5%B3%B6%E5%8C%BA%E8%A5%BF%E6%B1%A0%E8%A2%8B3-30-8%20%E6%B8%A1%E8%BE%BA%E3%83%93%E3%83%AB%201F,2018,ピザ,pizza,
ピッツェリア ロマーナ ジャニコロ,東京都港区麻布十番2-8-8 渡邊ビルB1F,食べログ ピザ 百名店 2018,https://tabelog.com/tokyo/A1307/A130702/13122753/,https://www.google.com/maps/search/?api=1&query=%E3%83%94%E3%83%83%E3%83%84%E3%82%A7%E3%83%AA%E3%82%A2%20%E3%83%AD%E3%83%9E%E3%83%BC%E3%83%8A%20%E3%82%B8%E3%83%A3%E3%83%8B%E3%82%B3%E3%83%AD%20%E6%9D%B1%E4%BA%AC%E9%83%BD%E6%B8%AF%E5%8C%BA%E9%BA%BB%E5%B8%83%E5%8D%81%E7%95%AA2-8-8%20%E6%B8%A1%E9%82%8A%E3%83%93%E3%83%ABB1F,2018,ピザ,pizza,
ナプレ 東京ミッドタウン店,東京都港区赤坂9-7-4 東京ミッドタウン ガレリア ガーデンテラス 1F,食べログ ピザ 百名店 2018,https://tabelog.com/tokyo/A1307/A130701/13037338/,https://www.google.com/maps/search/?api=1&query=%E3%83%8A%E3%83%97%E3%83%AC%20%E6%9D%B1%E4%BA%AC%E3%83%9F%E3%83%83%E3%83%89%E3%82%BF%E3%82%A6%E3%83%B3%E5%BA%97%20%E6%9D%B1%E4%BA%AC%E9%83%BD%E6%B8%AF%E5%8C%BA%E8%B5%A4%E5%9D%829-7-4%20%E6%9D%B1%E4%BA%AC%E3%83%9F%E3%83%83%E3%83%89%E3%82%BF%E3%82%A6%E3%83%B3%20%E3%82%AC%E3%83%AC%E3%83%AA%E3%82%A2%20%E3%82%AC%E3%83%BC%E3%83%87%E3%83%B3%E3%83%86%E3%83%A9%E3%82%B9%201F,2018,ピザ,pizza,
DADA,神奈川県鎌倉市雪ノ下1-11-2 雪ノ下ビル　１Ｆ,食べログ ピザ 百名店 2018,https://tabelog.com/kanagawa/A1404/A140402/14039433/,https://www.google.com/maps/search/?api=1&query=DADA%20%E7%A5%9E%E5%A5%88%E5%B7%9D%E7%9C%8C%E9%8E%8C%E5%80%89%E5%B8%82%E9%9B%AA%E3%83%8E%E4%B8%8B1-11-2%20%E9%9B%AA%E3%83%8E%E4%B8%8B%E3%83%93%E3%83%AB%E3%80%80%EF%BC%91%EF%BC%A6,2018,ピザ,pizza,
築地トゥットベーネ,東京都中央区築地7-10-10,食べログ ピザ 百名店 2018,https://tabelog.com/tokyo/A1313/A131301/13183253/,https://www.google.com/maps/search/?api=1&query=%E7%AF%89%E5%9C%B0%E3%83%88%E3%82%A5%E3%83%83%E3%83%88%E3%83%99%E3%83%BC%E3%83%8D%20%E6%9D%B1%E4%BA%AC%E9%83%BD%E4%B8%AD%E5%A4%AE%E5%8C%BA%E7%AF%89%E5%9C%B07-10-10,2018,ピザ,pizza,
イル ピッツァイオーロ,東京都世田谷区太子堂4-20-7 QG三軒茶屋 1F,食べログ ピザ 百名店 2018,https://tabelog.com/tokyo/A1317/A131706/13013741/,https://www.google.com/maps/search/?api=1&query=%E3%82%A4%E3%83%AB%20%E3%83%94%E3%83%83%E3%83%84%E3%82%A1%E3%82%A4%E3%82%AA%E3%83%BC%E3%83%AD%20%E6%9D%B1%E4%BA%AC%E9%83%BD%E4%B8%96%E7%94%B0%E8%B0%B7%E5%8C%BA%E5%A4%AA%E5%AD%90%E5%A0%824-20-7%20QG%E4%B8%89%E8%BB%92%E8%8C%B6%E5%B1%8B%201F,2018,ピザ,pizza,
ピッツェリア パーレンテッシ,東京都目黒区東山3-6-8 エクセル東山 2F,食べログ ピザ 百名店 2018,https://tabelog.com/tokyo/A1317/A131705/13006076/,https://www.google.com/maps/search/?api=1&query=%E3%83%94%E3%83%83%E3%83%84%E3%82%A7%E3%83%AA%E3%82%A2%20%E3%83%91%E3%83%BC%E3%83%AC%E3%83%B3%E3%83%86%E3%83%83%E3%82%B7%20%E6%9D%B1%E4%BA%AC%E9%83%BD%E7%9B%AE%E9%BB%92%E5%8C%BA%E6%9D%B1%E5%B1%B13-6-8%20%E3%82%A8%E3%82%AF%E3%82%BB%E3%83%AB%E6%9D%B1%E5%B1%B1%202F,2018,ピザ,pizza,
トラットリア ピッツェリア polipo,広島県広島市中区東白島町20-5,食べログ ピザ 百名店 2018,https://tabelog.com/hiroshima/A3401/A340101/34013074/,https://www.google.com/maps/search/?api=1&query=%E3%83%88%E3%83%A9%E3%83%83%E3%83%88%E3%83%AA%E3%82%A2%20%E3%83%94%E3%83%83%E3%83%84%E3%82%A7%E3%83%AA%E3%82%A2%20polipo%20%E5%BA%83%E5%B3%B6%E7%9C%8C%E5%BA%83%E5%B3%B6%E5%B8%82%E4%B8%AD%E5%8C%BA%E6%9D%B1%E7%99%BD%E5%B3%B6%E7%94%BA20-5,2018,ピザ,pizza,
山岡ピザ,奈良県生駒市鬼取町455,食べログ ピザ 百名店 2018,https://tabelog.com/nara/A2902/A290201/29000860/,https://www.google.com/maps/search/?api=1&query=%E5%B1%B1%E5%B2%A1%E3%83%94%E3%82%B6%20%E5%A5%88%E8%89%AF%E7%9C%8C%E7%94%9F%E9%A7%92%E5%B8%82%E9%AC%BC%E5%8F%96%E7%94%BA455,2018,ピザ,pizza,
ザ ピッツァバー ON 38TH,東京都中央区日本橋室町2-1-1 マンダリンオリエンタル東京 38F,食べログ ピザ 百名店 2018,https://tabelog.com/tokyo/A1310/A131002/13167573/,https://www.google.com/maps/search/?api=1&query=%E3%82%B6%20%E3%83%94%E3%83%83%E3%83%84%E3%82%A1%E3%83%90%E3%83%BC%20ON%2038TH%20%E6%9D%B1%E4%BA%AC%E9%83%BD%E4%B8%AD%E5%A4%AE%E5%8C%BA%E6%97%A5%E6%9C%AC%E6%A9%8B%E5%AE%A4%E7%94%BA2-1-1%20%E3%83%9E%E3%83%B3%E3%83%80%E3%83%AA%E3%83%B3%E3%82%AA%E3%83%AA%E3%82%A8%E3%83%B3%E3%82%BF%E3%83%AB%E6%9D%B1%E4%BA%AC%2038F,2018,ピザ,pizza,
エンボカ 軽井沢,長野県北佐久郡軽井沢町軽井沢1277-1,食べログ ピザ 百名店 2018,https://tabelog.com/nagano/A2003/A200301/20015714/,https://www.google.com/maps/search/?api=1&query=%E3%82%A8%E3%83%B3%E3%83%9C%E3%82%AB%20%E8%BB%BD%E4%BA%95%E6%B2%A2%20%E9%95%B7%E9%87%8E%E7%9C%8C%E5%8C%97%E4%BD%90%E4%B9%85%E9%83%A1%E8%BB%BD%E4%BA%95%E6%B2%A2%E7%94%BA%E8%BB%BD%E4%BA%95%E6%B2%A21277-1,2018,ピザ,pizza,
トラットリア ナティーボ,東京都練馬区田柄1-3-20 １Ｆ,食べログ ピザ 百名店 2018,https://tabelog.com/tokyo/A1322/A132202/13102598/,https://www.google.com/maps/search/?api=1&query=%E3%83%88%E3%83%A9%E3%83%83%E3%83%88%E3%83%AA%E3%82%A2%20%E3%83%8A%E3%83%86%E3%82%A3%E3%83%BC%E3%83%9C%20%E6%9D%B1%E4%BA%AC%E9%83%BD%E7%B7%B4%E9%A6%AC%E5%8C%BA%E7%94%B0%E6%9F%841-3-20%20%EF%BC%91%EF%BC%A6,2018,ピザ,pizza,
ベッラ・ナポリ,東京都江東区高橋9-3,食べログ ピザ 百名店 2018,https://tabelog.com/tokyo/A1312/A131201/13005043/,https://www.google.com/maps/search/?api=1&query=%E3%83%99%E3%83%83%E3%83%A9%E3%83%BB%E3%83%8A%E3%83%9D%E3%83%AA%20%E6%9D%B1%E4%BA%AC%E9%83%BD%E6%B1%9F%E6%9D%B1%E5%8C%BA%E9%AB%98%E6%A9%8B9-3,2018,ピザ,pizza,
BACAR,沖縄県那覇市久茂地3-16-15,食べログ ピザ 百名店 2018,https://tabelog.com/okinawa/A4701/A470101/47003553/,https://www.google.com/maps/search/?api=1&query=BACAR%20%E6%B2%96%E7%B8%84%E7%9C%8C%E9%82%A3%E8%A6%87%E5%B8%82%E4%B9%85%E8%8C%82%E5%9C%B03-16-15,2018,ピザ,pizza,
SAKURAGUMI,兵庫県赤穂市御崎2-1,食べログ ピザ 百名店 2018,https://tabelog.com/hyogo/A2805/A280502/28001438/,https://www.google.com/maps/search/?api=1&query=SAKURAGUMI%20%E5%85%B5%E5%BA%AB%E7%9C%8C%E8%B5%A4%E7%A9%82%E5%B8%82%E5%BE%A1%E5%B4%8E2-1,2018,ピザ,pizza,
ピザ スライス,東京都渋谷区猿楽町1-3 代官山上新ビル 1F,食べログ ピザ 百名店 2018,https://tabelog.com/tokyo/A1303/A130303/13164019/,https://www.google.com/maps/search/?api=1&query=%E3%83%94%E3%82%B6%20%E3%82%B9%E3%83%A9%E3%82%A4%E3%82%B9%20%E6%9D%B1%E4%BA%AC%E9%83%BD%E6%B8%8B%E8%B0%B7%E5%8C%BA%E7%8C%BF%E6%A5%BD%E7%94%BA1-3%20%E4%BB%A3%E5%AE%98%E5%B1%B1%E4%B8%8A%E6%96%B0%E3%83%93%E3%83%AB%201F,2018,ピザ,pizza,
ダ ユウキ,京都府京都市左京区岡崎円勝寺町36-3,食べログ ピザ 百名店 2018,https://tabelog.com/kyoto/A2601/A260301/26005239/,https://www.google.com/maps/search/?api=1&query=%E3%83%80%20%E3%83%A6%E3%82%A6%E3%82%AD%20%E4%BA%AC%E9%83%BD%E5%BA%9C%E4%BA%AC%E9%83%BD%E5%B8%82%E5%B7%A6%E4%BA%AC%E5%8C%BA%E5%B2%A1%E5%B4%8E%E5%86%86%E5%8B%9D%E5%AF%BA%E7%94%BA36-3,2018,ピザ,pizza,
ヴァカンツァ,東京都渋谷区恵比寿4-27-2 １Ｆ・２Ｆ,食べログ ピザ 百名店 2018,https://tabelog.com/tokyo/A1303/A130302/13007135/,https://www.google.com/maps/search/?api=1&query=%E3%83%B4%E3%82%A1%E3%82%AB%E3%83%B3%E3%83%84%E3%82%A1%20%E6%9D%B1%E4%BA%AC%E9%83%BD%E6%B8%8B%E8%B0%B7%E5%8C%BA%E6%81%B5%E6%AF%94%E5%AF%BF4-27-2%20%EF%BC%91%EF%BC%A6%E3%83%BB%EF%BC%92%EF%BC%A6,2018,ピザ,pizza,
リストランテ・エ・ピッツェリア ダ・イーヴォ,東京都渋谷区広尾1-6-10 ジラッファビル 1F,食べログ ピザ 百名店 2018,https://tabelog.com/tokyo/A1303/A130302/13005489/,https://www.google.com/maps/search/?api=1&query=%E3%83%AA%E3%82%B9%E3%83%88%E3%83%A9%E3%83%B3%E3%83%86%E3%83%BB%E3%82%A8%E3%83%BB%E3%83%94%E3%83%83%E3%83%84%E3%82%A7%E3%83%AA%E3%82%A2%20%E3%83%80%E3%83%BB%E3%82%A4%E3%83%BC%E3%83%B4%E3%82%A9%20%E6%9D%B1%E4%BA%AC%E9%83%BD%E6%B8%8B%E8%B0%B7%E5%8C%BA%E5%BA%83%E5%B0%BE1-6-10%20%E3%82%B8%E3%83%A9%E3%83%83%E3%83%95%E3%82%A1%E3%83%93%E3%83%AB%201F,2018,ピザ,pizza,
PIZZERIA CAPOLI,東京都新宿区新宿4-1-9 新宿ユースビルPAX B1F,食べログ ピザ 百名店 2018,https://tabelog.com/tokyo/A1304/A130401/13123990/,https://www.google.com/maps/search/?api=1&query=PIZZERIA%20CAPOLI%20%E6%9D%B1%E4%BA%AC%E9%83%BD%E6%96%B0%E5%AE%BF%E5%8C%BA%E6%96%B0%E5%AE%BF4-1-9%20%E6%96%B0%E5%AE%BF%E3%83%A6%E3%83%BC%E3%82%B9%E3%83%93%E3%83%ABPAX%20B1F,2018,ピザ,pizza,
ピッツェリア・スクニッツォ・ダ・シゲオ,大阪府大阪市北区本庄西2丁目4-7,食べログ ピザ 百名店 2018,https://tabelog.com/osaka/A2701/A270103/27053555/,https://www.google.com/maps/search/?api=1&query=%E3%83%94%E3%83%83%E3%83%84%E3%82%A7%E3%83%AA%E3%82%A2%E3%83%BB%E3%82%B9%E3%82%AF%E3%83%8B%E3%83%83%E3%83%84%E3%82%A9%E3%83%BB%E3%83%80%E3%83%BB%E3%82%B7%E3%82%B2%E3%82%AA%20%E5%A4%A7%E9%98%AA%E5%BA%9C%E5%A4%A7%E9%98%AA%E5%B8%82%E5%8C%97%E5%8C%BA%E6%9C%AC%E5%BA%84%E8%A5%BF2%E4%B8%81%E7%9B%AE4-7,2018,ピザ,pizza,
イ・ロッタ,東京都目黒区下目黒1-5-21 目黒ＤＫウェスト　１Ｆ,食べログ ピザ 百名店 2018,https://tabelog.com/tokyo/A1316/A131601/13003385/,https://www.google.com/maps/search/?api=1&query=%E3%82%A4%E3%83%BB%E3%83%AD%E3%83%83%E3%82%BF%20%E6%9D%B1%E4%BA%AC%E9%83%BD%E7%9B%AE%E9%BB%92%E5%8C%BA%E4%B8%8B%E7%9B%AE%E9%BB%921-5-21%20%E7%9B%AE%E9%BB%92%EF%BC%A4%EF%BC%AB%E3%82%A6%E3%82%A7%E3%82%B9%E3%83%88%E3%80%80%EF%BC%91%EF%BC%A6,2018,ピザ,pizza,
ピッツェリア ファッブリカ 1090,神奈川県川崎市中原区木月3-9-32,食べログ ピザ 百名店 2018,https://tabelog.com/kanagawa/A1405/A140504/14039484/,https://www.google.com/maps/search/?api=1&query=%E3%83%94%E3%83%83%E3%83%84%E3%82%A7%E3%83%AA%E3%82%A2%20%E3%83%95%E3%82%A1%E3%83%83%E3%83%96%E3%83%AA%E3%82%AB%201090%20%E7%A5%9E%E5%A5%88%E5%B7%9D%E7%9C%8C%E5%B7%9D%E5%B4%8E%E5%B8%82%E4%B8%AD%E5%8E%9F%E5%8C%BA%E6%9C%A8%E6%9C%883-9-32,2018,ピザ,pizza,
パルテノペ 恵比寿店,東京都渋谷区恵比寿1-22-20 恵比寿幸和ビル 1F,食べログ ピザ 百名店 2018,https://tabelog.com/tokyo/A1303/A130302/13005480/,https://www.google.com/maps/search/?api=1&query=%E3%83%91%E3%83%AB%E3%83%86%E3%83%8E%E3%83%9A%20%E6%81%B5%E6%AF%94%E5%AF%BF%E5%BA%97%20%E6%9D%B1%E4%BA%AC%E9%83%BD%E6%B8%8B%E8%B0%B7%E5%8C%BA%E6%81%B5%E6%AF%94%E5%AF%BF1-22-20%20%E6%81%B5%E6%AF%94%E5%AF%BF%E5%B9%B8%E5%92%8C%E3%83%93%E3%83%AB%201F,2018,ピザ,pizza,
da GIORGIO,東京都文京区湯島3-37-14 ソルミオビル 1F 2F,食べログ ピザ 百名店 2018,https://tabelog.com/tokyo/A1311/A131101/13170979/,https://www.google.com/maps/search/?api=1&query=da%20GIORGIO%20%E6%9D%B1%E4%BA%AC%E9%83%BD%E6%96%87%E4%BA%AC%E5%8C%BA%E6%B9%AF%E5%B3%B63-37-14%20%E3%82%BD%E3%83%AB%E3%83%9F%E3%82%AA%E3%83%93%E3%83%AB%201F%202F,2018,ピザ,pizza,
マッシモッタヴィオ,東京都杉並区永福4-4-4 永福町ファイブビル,食べログ ピザ 百名店 2018,https://tabelog.com/tokyo/A1318/A131805/13132982/,https://www.google.com/maps/search/?api=1&query=%E3%83%9E%E3%83%83%E3%82%B7%E3%83%A2%E3%83%83%E3%82%BF%E3%83%B4%E3%82%A3%E3%82%AA%20%E6%9D%B1%E4%BA%AC%E9%83%BD%E6%9D%89%E4%B8%A6%E5%8C%BA%E6%B0%B8%E7%A6%8F4-4-4%20%E6%B0%B8%E7%A6%8F%E7%94%BA%E3%83%95%E3%82%A1%E3%82%A4%E3%83%96%E3%83%93%E3%83%AB,2018,ピザ,pizza,
ピッツェリアGG 鎌倉,神奈川県鎌倉市由比ガ浜2-9-62 1F,食べログ ピザ 百名店 2018,https://tabelog.com/kanagawa/A1404/A140402/14051790/,https://www.google.com/maps/search/?api=1&query=%E3%83%94%E3%83%83%E3%83%84%E3%82%A7%E3%83%AA%E3%82%A2GG%20%E9%8E%8C%E5%80%89%20%E7%A5%9E%E5%A5%88%E5%B7%9D%E7%9C%8C%E9%8E%8C%E5%80%89%E5%B8%82%E7%94%B1%E6%AF%94%E3%82%AC%E6%B5%9C2-9-62%201F,2018,ピザ,pizza,
ソロ ピッツァ ナポレターナ ダ ルーチョ 名古屋駅店,愛知県名古屋市中村区名駅三丁目28-12 ダイナゴヤビルヂング 1F,食べログ ピザ 百名店 2018,https://tabelog.com/aichi/A2301/A230101/23059142/,https://www.google.com/maps/search/?api=1&query=%E3%82%BD%E3%83%AD%20%E3%83%94%E3%83%83%E3%83%84%E3%82%A1%20%E3%83%8A%E3%83%9D%E3%83%AC%E3%82%BF%E3%83%BC%E3%83%8A%20%E3%83%80%20%E3%83%AB%E3%83%BC%E3%83%81%E3%83%A7%20%E5%90%8D%E5%8F%A4%E5%B1%8B%E9%A7%85%E5%BA%97%20%E6%84%9B%E7%9F%A5%E7%9C%8C%E5%90%8D%E5%8F%A4%E5%B1%8B%E5%B8%82%E4%B8%AD%E6%9D%91%E5%8C%BA%E5%90%8D%E9%A7%85%E4%B8%89%E4%B8%81%E7%9B%AE28-12%20%E3%83%80%E3%82%A4%E3%83%8A%E3%82%B4%E3%83%A4%E3%83%93%E3%83%AB%E3%83%82%E3%83%B3%E3%82%B0%201F,2018,ピザ,pizza,
ラ・ピッコラ・ターヴォラ,東京都杉並区永福4-2-4,食べログ ピザ 百名店 2018,https://tabelog.com/tokyo/A1318/A131805/13005575/,https://www.google.com/maps/search/?api=1&query=%E3%83%A9%E3%83%BB%E3%83%94%E3%83%83%E3%82%B3%E3%83%A9%E3%83%BB%E3%82%BF%E3%83%BC%E3%83%B4%E3%82%A9%E3%83%A9%20%E6%9D%B1%E4%BA%AC%E9%83%BD%E6%9D%89%E4%B8%A6%E5%8C%BA%E6%B0%B8%E7%A6%8F4-2-4,2018,ピザ,pizza,
ピッツェリア チーロ 桜新町店,東京都世田谷区桜新町1-8-9 丸新ビル 1F,食べログ ピザ 百名店 2018,https://tabelog.com/tokyo/A1317/A131707/13174465/,https://www.google.com/maps/search/?api=1&query=%E3%83%94%E3%83%83%E3%83%84%E3%82%A7%E3%83%AA%E3%82%A2%20%E3%83%81%E3%83%BC%E3%83%AD%20%E6%A1%9C%E6%96%B0%E7%94%BA%E5%BA%97%20%E6%9D%B1%E4%BA%AC%E9%83%BD%E4%B8%96%E7%94%B0%E8%B0%B7%E5%8C%BA%E6%A1%9C%E6%96%B0%E7%94%BA1-8-9%20%E4%B8%B8%E6%96%B0%E3%83%93%E3%83%AB%201F,2018,ピザ,pizza,
ZUZU,東京都板橋区徳丸3-15-2,食べログ ピザ 百名店 2018,https://tabelog.com/tokyo/A1322/A132203/13169429/,https://www.google.com/maps/search/?api=1&query=ZUZU%20%E6%9D%B1%E4%BA%AC%E9%83%BD%E6%9D%BF%E6%A9%8B%E5%8C%BA%E5%BE%B3%E4%B8%B83-15-2,2018,ピザ,pizza,
パルテノペ 広尾店,東京都港区南麻布5-15-25 六幸館　１Ｆ,食べログ ピザ 百名店 2018,https://tabelog.com/tokyo/A1307/A130703/13005525/,https://www.google.com/maps/search/?api=1&query=%E3%83%91%E3%83%AB%E3%83%86%E3%83%8E%E3%83%9A%20%E5%BA%83%E5%B0%BE%E5%BA%97%20%E6%9D%B1%E4%BA%AC%E9%83%BD%E6%B8%AF%E5%8C%BA%E5%8D%97%E9%BA%BB%E5%B8%835-15-25%20%E5%85%AD%E5%B9%B8%E9%A4%A8%E3%80%80%EF%BC%91%EF%BC%A6,2018,ピザ,pizza,
アンティーカ・ピッツェリア・ダ・ミケーレ 恵比寿,東京都渋谷区恵比寿4-4-7,食べログ ピザ 百名店 2018,https://tabelog.com/tokyo/A1303/A130302/13136144/,https://www.google.com/maps/search/?api=1&query=%E3%82%A2%E3%83%B3%E3%83%86%E3%82%A3%E3%83%BC%E3%82%AB%E3%83%BB%E3%83%94%E3%83%83%E3%83%84%E3%82%A7%E3%83%AA%E3%82%A2%E3%83%BB%E3%83%80%E3%83%BB%E3%83%9F%E3%82%B1%E3%83%BC%E3%83%AC%20%E6%81%B5%E6%AF%94%E5%AF%BF%20%E6%9D%B1%E4%BA%AC%E9%83%BD%E6%B8%8B%E8%B0%B7%E5%8C%BA%E6%81%B5%E6%AF%94%E5%AF%BF4-4-7,2018,ピザ,pizza,
ラ フィーリア デル プレジデンテ,神奈川県横浜市中区常盤町5-59,食べログ ピザ 百名店 2018,https://tabelog.com/kanagawa/A1401/A140104/14064550/,https://www.google.com/maps/search/?api=1&query=%E3%83%A9%20%E3%83%95%E3%82%A3%E3%83%BC%E3%83%AA%E3%82%A2%20%E3%83%87%E3%83%AB%20%E3%83%97%E3%83%AC%E3%82%B8%E3%83%87%E3%83%B3%E3%83%86%20%E7%A5%9E%E5%A5%88%E5%B7%9D%E7%9C%8C%E6%A8%AA%E6%B5%9C%E5%B8%82%E4%B8%AD%E5%8C%BA%E5%B8%B8%E7%9B%A4%E7%94%BA5-59,2018,ピザ,pizza,
ガレオーネ,東京都目黒区中根1-7-3 オフィス都立大ビル1F,食べログ ピザ 百名店 2018,https://tabelog.com/tokyo/A1317/A131702/13168888/,https://www.google.com/maps/search/?api=1&query=%E3%82%AC%E3%83%AC%E3%82%AA%E3%83%BC%E3%83%8D%20%E6%9D%B1%E4%BA%AC%E9%83%BD%E7%9B%AE%E9%BB%92%E5%8C%BA%E4%B8%AD%E6%A0%B91-7-3%20%E3%82%AA%E3%83%95%E3%82%A3%E3%82%B9%E9%83%BD%E7%AB%8B%E5%A4%A7%E3%83%93%E3%83%AB1F,2018,ピザ,pizza,
ピッツァ ストラーダ,東京都港区麻布十番3-6-2 NS麻布十番ビル 1F,食べログ ピザ 百名店 2018,https://tabelog.com/tokyo/A1307/A130702/13131245/,https://www.google.com/maps/search/?api=1&query=%E3%83%94%E3%83%83%E3%83%84%E3%82%A1%20%E3%82%B9%E3%83%88%E3%83%A9%E3%83%BC%E3%83%80%20%E6%9D%B1%E4%BA%AC%E9%83%BD%E6%B8%AF%E5%8C%BA%E9%BA%BB%E5%B8%83%E5%8D%81%E7%95%AA3-6-2%20NS%E9%BA%BB%E5%B8%83%E5%8D%81%E7%95%AA%E3%83%93%E3%83%AB%201F,2018,ピザ,pizza,
ピッツェリア キアッキェローネ,神奈川県横浜市中区野毛町3-158,食べログ ピザ 百名店 2018,https://tabelog.com/kanagawa/A1401/A140102/14044667/,https://www.google.com/maps/search/?api=1&query=%E3%83%94%E3%83%83%E3%83%84%E3%82%A7%E3%83%AA%E3%82%A2%20%E3%82%AD%E3%82%A2%E3%83%83%E3%82%AD%E3%82%A7%E3%83%AD%E3%83%BC%E3%83%8D%20%E7%A5%9E%E5%A5%88%E5%B7%9D%E7%9C%8C%E6%A8%AA%E6%B5%9C%E5%B8%82%E4%B8%AD%E5%8C%BA%E9%87%8E%E6%AF%9B%E7%94%BA3-158,2018,ピザ,pizza,
ピッツェリア イル・タンブレッロ,東京都中央区日本橋堀留町1-2-9 DIG DUG１階,食べログ ピザ 百名店 2018,https://tabelog.com/tokyo/A1302/A130204/13114239/,https://www.google.com/maps/search/?api=1&query=%E3%83%94%E3%83%83%E3%83%84%E3%82%A7%E3%83%AA%E3%82%A2%20%E3%82%A4%E3%83%AB%E3%83%BB%E3%82%BF%E3%83%B3%E3%83%96%E3%83%AC%E3%83%83%E3%83%AD%20%E6%9D%B1%E4%BA%AC%E9%83%BD%E4%B8%AD%E5%A4%AE%E5%8C%BA%E6%97%A5%E6%9C%AC%E6%A9%8B%E5%A0%80%E7%95%99%E7%94%BA1-2-9%20DIG%20DUG%EF%BC%91%E9%9A%8E,2018,ピザ,pizza,
ピッツェリア ダ ティグレ,大阪府大阪市西区新町1-18-13,食べログ ピザ 百名店 2018,https://tabelog.com/osaka/A2701/A270201/27079870/,https://www.google.com/maps/search/?api=1&query=%E3%83%94%E3%83%83%E3%83%84%E3%82%A7%E3%83%AA%E3%82%A2%20%E3%83%80%20%E3%83%86%E3%82%A3%E3%82%B0%E3%83%AC%20%E5%A4%A7%E9%98%AA%E5%BA%9C%E5%A4%A7%E9%98%AA%E5%B8%82%E8%A5%BF%E5%8C%BA%E6%96%B0%E7%94%BA1-18-13,2018,ピザ,pizza,
武蔵野カンプス,東京都武蔵野市中町2-1-9 I.Gビル 1F,食べログ ピザ 百名店 2018,https://tabelog.com/tokyo/A1320/A132002/13114310/,https://www.google.com/maps/search/?api=1&query=%E6%AD%A6%E8%94%B5%E9%87%8E%E3%82%AB%E3%83%B3%E3%83%97%E3%82%B9%20%E6%9D%B1%E4%BA%AC%E9%83%BD%E6%AD%A6%E8%94%B5%E9%87%8E%E5%B8%82%E4%B8%AD%E7%94%BA2-1-9%20I.G%E3%83%93%E3%83%AB%201F,2018,ピザ,pizza,
ピッツェリア ジターリア ダ フィリッポ,東京都練馬区石神井町2-13-5 グリーンハイム たちばな 1F,食べログ ピザ 百名店 2018,https://tabelog.com/tokyo/A1321/A132103/13149962/,https://www.google.com/maps/search/?api=1&query=%E3%83%94%E3%83%83%E3%83%84%E3%82%A7%E3%83%AA%E3%82%A2%20%E3%82%B8%E3%82%BF%E3%83%BC%E3%83%AA%E3%82%A2%20%E3%83%80%20%E3%83%95%E3%82%A3%E3%83%AA%E3%83%83%E3%83%9D%20%E6%9D%B1%E4%BA%AC%E9%83%BD%E7%B7%B4%E9%A6%AC%E5%8C%BA%E7%9F%B3%E7%A5%9E%E4%BA%95%E7%94%BA2-13-5%20%E3%82%B0%E3%83%AA%E3%83%BC%E3%83%B3%E3%83%8F%E3%82%A4%E3%83%A0%20%E3%81%9F%E3%81%A1%E3%81%B0%E3%81%AA%201F,2018,ピザ,pizza,
トラットリア エ ピッツェリア アミーチ,茨城県つくば市手代木286-1,食べログ ピザ 百名店 2018,https://tabelog.com/ibaraki/A0802/A080201/8000842/,https://www.google.com/maps/search/?api=1&query=%E3%83%88%E3%83%A9%E3%83%83%E3%83%88%E3%83%AA%E3%82%A2%20%E3%82%A8%20%E3%83%94%E3%83%83%E3%83%84%E3%82%A7%E3%83%AA%E3%82%A2%20%E3%82%A2%E3%83%9F%E3%83%BC%E3%83%81%20%E8%8C%A8%E5%9F%8E%E7%9C%8C%E3%81%A4%E3%81%8F%E3%81%B0%E5%B8%82%E6%89%8B%E4%BB%A3%E6%9C%A8286-1,2018,ピザ,pizza,
ソロ ピッツァ ナポレターナ ダ ピッコロ 大須本店,愛知県名古屋市中区大須3-36-44,食べログ ピザ 百名店 2018,https://tabelog.com/aichi/A2301/A230105/23000240/,https://www.google.com/maps/search/?api=1&query=%E3%82%BD%E3%83%AD%20%E3%83%94%E3%83%83%E3%83%84%E3%82%A1%20%E3%83%8A%E3%83%9D%E3%83%AC%E3%82%BF%E3%83%BC%E3%83%8A%20%E3%83%80%20%E3%83%94%E3%83%83%E3%82%B3%E3%83%AD%20%E5%A4%A7%E9%A0%88%E6%9C%AC%E5%BA%97%20%E6%84%9B%E7%9F%A5%E7%9C%8C%E5%90%8D%E5%8F%A4%E5%B1%8B%E5%B8%82%E4%B8%AD%E5%8C%BA%E5%A4%A7%E9%A0%883-36-44,2018,ピザ,pizza,
ピッツェリア ダ・アオキ タッポスト,東京都練馬区早宮4-37-29 ラフィット豊島園　１Ｆ,食べログ ピザ 百名店 2018,https://tabelog.com/tokyo/A1321/A132102/13015826/,https://www.google.com/maps/search/?api=1&query=%E3%83%94%E3%83%83%E3%83%84%E3%82%A7%E3%83%AA%E3%82%A2%20%E3%83%80%E3%83%BB%E3%82%A2%E3%82%AA%E3%82%AD%20%E3%82%BF%E3%83%83%E3%83%9D%E3%82%B9%E3%83%88%20%E6%9D%B1%E4%BA%AC%E9%83%BD%E7%B7%B4%E9%A6%AC%E5%8C%BA%E6%97%A9%E5%AE%AE4-37-29%20%E3%83%A9%E3%83%95%E3%82%A3%E3%83%83%E3%83%88%E8%B1%8A%E5%B3%B6%E5%9C%92%E3%80%80%EF%BC%91%EF%BC%A6,2018,ピザ,pizza,
Pizzeria Bakka M'unica,東京都品川区東大井1-3-17 コーポマルイノ 1F,食べログ ピザ 百名店 2018,https://tabelog.com/tokyo/A1315/A131501/13182694/,https://www.google.com/maps/search/?api=1&query=Pizzeria%20Bakka%20M%27unica%20%E6%9D%B1%E4%BA%AC%E9%83%BD%E5%93%81%E5%B7%9D%E5%8C%BA%E6%9D%B1%E5%A4%A7%E4%BA%951-3-17%20%E3%82%B3%E3%83%BC%E3%83%9D%E3%83%9E%E3%83%AB%E3%82%A4%E3%83%8E%201F,2018,ピザ,pizza,
エンボカ 東京,東京都渋谷区元代々木16-16,食べログ ピザ 百名店 2018,https://tabelog.com/tokyo/A1318/A131811/13040937/,https://www.google.com/maps/search/?api=1&query=%E3%82%A8%E3%83%B3%E3%83%9C%E3%82%AB%20%E6%9D%B1%E4%BA%AC%20%E6%9D%B1%E4%BA%AC%E9%83%BD%E6%B8%8B%E8%B0%B7%E5%8C%BA%E5%85%83%E4%BB%A3%E3%80%85%E6%9C%A816-16,2018,ピザ,pizza,
ピッツェリアGG 吉祥寺,東京都武蔵野市吉祥寺南町1-17-1 プレジール B1F,食べログ ピザ 百名店 2018,https://tabelog.com/tokyo/A1320/A132001/13047308/,https://www.google.com/maps/search/?api=1&query=%E3%83%94%E3%83%83%E3%83%84%E3%82%A7%E3%83%AA%E3%82%A2GG%20%E5%90%89%E7%A5%A5%E5%AF%BA%20%E6%9D%B1%E4%BA%AC%E9%83%BD%E6%AD%A6%E8%94%B5%E9%87%8E%E5%B8%82%E5%90%89%E7%A5%A5%E5%AF%BA%E5%8D%97%E7%94%BA1-17-1%20%E3%83%97%E3%83%AC%E3%82%B8%E3%83%BC%E3%83%AB%20B1F,2018,ピザ,pizza,
ピッツェリア アル フォルノ,東京都渋谷区桜丘町2-3 第二富士商事ビル 1F,食べログ ピザ 百名店 2018,https://tabelog.com/tokyo/A1303/A130301/13045839/,https://www.google.com/maps/search/?api=1&query=%E3%83%94%E3%83%83%E3%83%84%E3%82%A7%E3%83%AA%E3%82%A2%20%E3%82%A2%E3%83%AB%20%E3%83%95%E3%82%A9%E3%83%AB%E3%83%8E%20%E6%9D%B1%E4%BA%AC%E9%83%BD%E6%B8%8B%E8%B0%B7%E5%8C%BA%E6%A1%9C%E4%B8%98%E7%94%BA2-3%20%E7%AC%AC%E4%BA%8C%E5%AF%8C%E5%A3%AB%E5%95%86%E4%BA%8B%E3%83%93%E3%83%AB%201F,2018,ピザ,pizza,
ラッテリア ベベ  カマクラ,神奈川県鎌倉市御成町11-17,食べログ ピザ 百名店 2018,https://tabelog.com/kanagawa/A1404/A140402/14058636/,https://www.google.com/maps/search/?api=1&query=%E3%83%A9%E3%83%83%E3%83%86%E3%83%AA%E3%82%A2%20%E3%83%99%E3%83%99%20%20%E3%82%AB%E3%83%9E%E3%82%AF%E3%83%A9%20%E7%A5%9E%E5%A5%88%E5%B7%9D%E7%9C%8C%E9%8E%8C%E5%80%89%E5%B8%82%E5%BE%A1%E6%88%90%E7%94%BA11-17,2018,ピザ,pizza,
ベントエマーレ,東京都品川区西五反田5-26-10 1F,食べログ ピザ 百名店 2018,https://tabelog.com/tokyo/A1317/A131710/13114520/,https://www.google.com/maps/search/?api=1&query=%E3%83%99%E3%83%B3%E3%83%88%E3%82%A8%E3%83%9E%E3%83%BC%E3%83%AC%20%E6%9D%B1%E4%BA%AC%E9%83%BD%E5%93%81%E5%B7%9D%E5%8C%BA%E8%A5%BF%E4%BA%94%E5%8F%8D%E7%94%B05-26-10%201F,2018,ピザ,pizza,
ピッツェリア ブラチェリア チェザリ,愛知県名古屋市中区大須3-36-44,食べログ ピザ 百名店 2018,https://tabelog.com/aichi/A2301/A230105/23008274/,https://www.google.com/maps/search/?api=1&query=%E3%83%94%E3%83%83%E3%83%84%E3%82%A7%E3%83%AA%E3%82%A2%20%E3%83%96%E3%83%A9%E3%83%81%E3%82%A7%E3%83%AA%E3%82%A2%20%E3%83%81%E3%82%A7%E3%82%B6%E3%83%AA%20%E6%84%9B%E7%9F%A5%E7%9C%8C%E5%90%8D%E5%8F%A4%E5%B1%8B%E5%B8%82%E4%B8%AD%E5%8C%BA%E5%A4%A7%E9%A0%883-36-44,2018,ピザ,pizza,
煮干乱舞,埼玉県春日部市大場1114-1,食べログ ラーメン 百名店 EAST 2018 百名店 2018,https://tabelog.com/tokyo/A1303/A130302/11043059/,https://www.google.com/maps/search/?api=1&query=%E7%85%AE%E5%B9%B2%E4%B9%B1%E8%88%9E%20%E5%9F%BC%E7%8E%89%E7%9C%8C%E6%98%A5%E6%97%A5%E9%83%A8%E5%B8%82%E5%A4%A7%E5%A0%B41114-1,2018,ラーメン 百名店 EAST 2018,ramen_east,
中華蕎麦 時雨 伊勢佐木長者町本店,神奈川県横浜市中区不老町2-10-5 三陣ビル 1F,食べログ ラーメン 百名店 EAST 2018 百名店 2018,https://tabelog.com/tokyo/A1303/A130302/14067138/,https://www.google.com/maps/search/?api=1&query=%E4%B8%AD%E8%8F%AF%E8%95%8E%E9%BA%A6%20%E6%99%82%E9%9B%A8%20%E4%BC%8A%E5%8B%A2%E4%BD%90%E6%9C%A8%E9%95%B7%E8%80%85%E7%94%BA%E6%9C%AC%E5%BA%97%20%E7%A5%9E%E5%A5%88%E5%B7%9D%E7%9C%8C%E6%A8%AA%E6%B5%9C%E5%B8%82%E4%B8%AD%E5%8C%BA%E4%B8%8D%E8%80%81%E7%94%BA2-10-5%20%E4%B8%89%E9%99%A3%E3%83%93%E3%83%AB%201F,2018,ラーメン 百名店 EAST 2018,ramen_east,
地球の中華そば,神奈川県横浜市中区長者町2-5-4 夕陽丘ニュースカイマンション 101,食べログ ラーメン 百名店 EAST 2018 百名店 2018,https://tabelog.com/tokyo/A1303/A130302/14056490/,https://www.google.com/maps/search/?api=1&query=%E5%9C%B0%E7%90%83%E3%81%AE%E4%B8%AD%E8%8F%AF%E3%81%9D%E3%81%B0%20%E7%A5%9E%E5%A5%88%E5%B7%9D%E7%9C%8C%E6%A8%AA%E6%B5%9C%E5%B8%82%E4%B8%AD%E5%8C%BA%E9%95%B7%E8%80%85%E7%94%BA2-5-4%20%E5%A4%95%E9%99%BD%E4%B8%98%E3%83%8B%E3%83%A5%E3%83%BC%E3%82%B9%E3%82%AB%E3%82%A4%E3%83%9E%E3%83%B3%E3%82%B7%E3%83%A7%E3%83%B3%20101,2018,ラーメン 百名店 EAST 2018,ramen_east,
麺屋 高橋,北海道札幌市豊平区月寒東1条19-2-72 伸光ビル 1F,食べログ ラーメン 百名店 EAST 2018 百名店 2018,https://tabelog.com/tokyo/A1303/A130302/1009886/,https://www.google.com/maps/search/?api=1&query=%E9%BA%BA%E5%B1%8B%20%E9%AB%98%E6%A9%8B%20%E5%8C%97%E6%B5%B7%E9%81%93%E6%9C%AD%E5%B9%8C%E5%B8%82%E8%B1%8A%E5%B9%B3%E5%8C%BA%E6%9C%88%E5%AF%92%E6%9D%B11%E6%9D%A119-2-72%20%E4%BC%B8%E5%85%89%E3%83%93%E3%83%AB%201F,2018,ラーメン 百名店 EAST 2018,ramen_east,
はりけんラーメン 本店,茨城県つくば市栗原2857-8,食べログ ラーメン 百名店 EAST 2018 百名店 2018,https://tabelog.com/tokyo/A1303/A130302/8012178/,https://www.google.com/maps/search/?api=1&query=%E3%81%AF%E3%82%8A%E3%81%91%E3%82%93%E3%83%A9%E3%83%BC%E3%83%A1%E3%83%B3%20%E6%9C%AC%E5%BA%97%20%E8%8C%A8%E5%9F%8E%E7%9C%8C%E3%81%A4%E3%81%8F%E3%81%B0%E5%B8%82%E6%A0%97%E5%8E%9F2857-8,2018,ラーメン 百名店 EAST 2018,ramen_east,
赤湯ラーメン 龍上海 赤湯本店,山形県南陽市二色根6-18,食べログ ラーメン 百名店 EAST 2018 百名店 2018,https://tabelog.com/tokyo/A1303/A130302/6000028/,https://www.google.com/maps/search/?api=1&query=%E8%B5%A4%E6%B9%AF%E3%83%A9%E3%83%BC%E3%83%A1%E3%83%B3%20%E9%BE%8D%E4%B8%8A%E6%B5%B7%20%E8%B5%A4%E6%B9%AF%E6%9C%AC%E5%BA%97%20%E5%B1%B1%E5%BD%A2%E7%9C%8C%E5%8D%97%E9%99%BD%E5%B8%82%E4%BA%8C%E8%89%B2%E6%A0%B96-18,2018,ラーメン 百名店 EAST 2018,ramen_east,
らーめんNageyari,岐阜県各務原市那加野畑町2-53,食べログ ラーメン 百名店 EAST 2018 百名店 2018,https://tabelog.com/tokyo/A1303/A130302/21000295/,https://www.google.com/maps/search/?api=1&query=%E3%82%89%E3%83%BC%E3%82%81%E3%82%93Nageyari%20%E5%B2%90%E9%98%9C%E7%9C%8C%E5%90%84%E5%8B%99%E5%8E%9F%E5%B8%82%E9%82%A3%E5%8A%A0%E9%87%8E%E7%95%91%E7%94%BA2-53,2018,ラーメン 百名店 EAST 2018,ramen_east,
仙台中華そば 銘店嘉一 国分町店,宮城県仙台市青葉区国分町3-8-12,食べログ ラーメン 百名店 EAST 2018 百名店 2018,https://tabelog.com/tokyo/A1303/A130302/4009075/,https://www.google.com/maps/search/?api=1&query=%E4%BB%99%E5%8F%B0%E4%B8%AD%E8%8F%AF%E3%81%9D%E3%81%B0%20%E9%8A%98%E5%BA%97%E5%98%89%E4%B8%80%20%E5%9B%BD%E5%88%86%E7%94%BA%E5%BA%97%20%E5%AE%AE%E5%9F%8E%E7%9C%8C%E4%BB%99%E5%8F%B0%E5%B8%82%E9%9D%92%E8%91%89%E5%8C%BA%E5%9B%BD%E5%88%86%E7%94%BA3-8-12,2018,ラーメン 百名店 EAST 2018,ramen_east,
からみそラーメン ふくろう 本店,愛知県名古屋市北区辻町2-32,食べログ ラーメン 百名店 EAST 2018 百名店 2018,https://tabelog.com/tokyo/A1303/A130302/23050032/,https://www.google.com/maps/search/?api=1&query=%E3%81%8B%E3%82%89%E3%81%BF%E3%81%9D%E3%83%A9%E3%83%BC%E3%83%A1%E3%83%B3%20%E3%81%B5%E3%81%8F%E3%82%8D%E3%81%86%20%E6%9C%AC%E5%BA%97%20%E6%84%9B%E7%9F%A5%E7%9C%8C%E5%90%8D%E5%8F%A4%E5%B1%8B%E5%B8%82%E5%8C%97%E5%8C%BA%E8%BE%BB%E7%94%BA2-32,2018,ラーメン 百名店 EAST 2018,ramen_east,
麺屋 桐龍 東川口本店,埼玉県川口市戸塚3-36-18,食べログ ラーメン 百名店 EAST 2018 百名店 2018,https://tabelog.com/tokyo/A1303/A130302/11028693/,https://www.google.com/maps/search/?api=1&query=%E9%BA%BA%E5%B1%8B%20%E6%A1%90%E9%BE%8D%20%E6%9D%B1%E5%B7%9D%E5%8F%A3%E6%9C%AC%E5%BA%97%20%E5%9F%BC%E7%8E%89%E7%9C%8C%E5%B7%9D%E5%8F%A3%E5%B8%82%E6%88%B8%E5%A1%9A3-36-18,2018,ラーメン 百名店 EAST 2018,ramen_east,
和風楽麺 四代目 ひのでや,埼玉県蓮田市本町2-21 田中電機ビル 1F・2F,食べログ ラーメン 百名店 EAST 2018 百名店 2018,https://tabelog.com/tokyo/A1303/A130302/11030891/,https://www.google.com/maps/search/?api=1&query=%E5%92%8C%E9%A2%A8%E6%A5%BD%E9%BA%BA%20%E5%9B%9B%E4%BB%A3%E7%9B%AE%20%E3%81%B2%E3%81%AE%E3%81%A7%E3%82%84%20%E5%9F%BC%E7%8E%89%E7%9C%8C%E8%93%AE%E7%94%B0%E5%B8%82%E6%9C%AC%E7%94%BA2-21%20%E7%94%B0%E4%B8%AD%E9%9B%BB%E6%A9%9F%E3%83%93%E3%83%AB%201F%E3%83%BB2F,2018,ラーメン 百名店 EAST 2018,ramen_east,
麺屋はなび 高畑本店,愛知県名古屋市中川区高畑1-170,食べログ ラーメン 百名店 EAST 2018 百名店 2018,https://tabelog.com/tokyo/A1303/A130302/23008839/,https://www.google.com/maps/search/?api=1&query=%E9%BA%BA%E5%B1%8B%E3%81%AF%E3%81%AA%E3%81%B3%20%E9%AB%98%E7%95%91%E6%9C%AC%E5%BA%97%20%E6%84%9B%E7%9F%A5%E7%9C%8C%E5%90%8D%E5%8F%A4%E5%B1%8B%E5%B8%82%E4%B8%AD%E5%B7%9D%E5%8C%BA%E9%AB%98%E7%95%911-170,2018,ラーメン 百名店 EAST 2018,ramen_east,
らーめん森や。,神奈川県横浜市栄区長沼町339 二本松ハイツ 105,食べログ ラーメン 百名店 EAST 2018 百名店 2018,https://tabelog.com/tokyo/A1303/A130302/14055421/,https://www.google.com/maps/search/?api=1&query=%E3%82%89%E3%83%BC%E3%82%81%E3%82%93%E6%A3%AE%E3%82%84%E3%80%82%20%E7%A5%9E%E5%A5%88%E5%B7%9D%E7%9C%8C%E6%A8%AA%E6%B5%9C%E5%B8%82%E6%A0%84%E5%8C%BA%E9%95%B7%E6%B2%BC%E7%94%BA339%20%E4%BA%8C%E6%9C%AC%E6%9D%BE%E3%83%8F%E3%82%A4%E3%83%84%20105,2018,ラーメン 百名店 EAST 2018,ramen_east,
らーめん佳,北海道札幌市豊平区月寒西1条7丁目8-19,食べログ ラーメン 百名店 EAST 2018 百名店 2018,https://tabelog.com/tokyo/A1303/A130302/1007919/,https://www.google.com/maps/search/?api=1&query=%E3%82%89%E3%83%BC%E3%82%81%E3%82%93%E4%BD%B3%20%E5%8C%97%E6%B5%B7%E9%81%93%E6%9C%AD%E5%B9%8C%E5%B8%82%E8%B1%8A%E5%B9%B3%E5%8C%BA%E6%9C%88%E5%AF%92%E8%A5%BF1%E6%9D%A17%E4%B8%81%E7%9B%AE8-19,2018,ラーメン 百名店 EAST 2018,ramen_east,
中華そば 四つ葉,埼玉県比企郡川島町伊草298-20,食べログ ラーメン 百名店 EAST 2018 百名店 2018,https://tabelog.com/tokyo/A1303/A130302/11034264/,https://www.google.com/maps/search/?api=1&query=%E4%B8%AD%E8%8F%AF%E3%81%9D%E3%81%B0%20%E5%9B%9B%E3%81%A4%E8%91%89%20%E5%9F%BC%E7%8E%89%E7%9C%8C%E6%AF%94%E4%BC%81%E9%83%A1%E5%B7%9D%E5%B3%B6%E7%94%BA%E4%BC%8A%E8%8D%89298-20,2018,ラーメン 百名店 EAST 2018,ramen_east,
煮干らぁめん なかじま,北海道札幌市北区北35条西4-1-1 サトービル 1F,食べログ ラーメン 百名店 EAST 2018 百名店 2018,https://tabelog.com/tokyo/A1303/A130302/1028821/,https://www.google.com/maps/search/?api=1&query=%E7%85%AE%E5%B9%B2%E3%82%89%E3%81%81%E3%82%81%E3%82%93%20%E3%81%AA%E3%81%8B%E3%81%98%E3%81%BE%20%E5%8C%97%E6%B5%B7%E9%81%93%E6%9C%AD%E5%B9%8C%E5%B8%82%E5%8C%97%E5%8C%BA%E5%8C%9735%E6%9D%A1%E8%A5%BF4-1-1%20%E3%82%B5%E3%83%88%E3%83%BC%E3%83%93%E3%83%AB%201F,2018,ラーメン 百名店 EAST 2018,ramen_east,
貝ガラ屋,神奈川県相模原市中央区淵野辺本町3-24-3 マンション色利 101,食べログ ラーメン 百名店 EAST 2018 百名店 2018,https://tabelog.com/tokyo/A1303/A130302/14056997/,https://www.google.com/maps/search/?api=1&query=%E8%B2%9D%E3%82%AC%E3%83%A9%E5%B1%8B%20%E7%A5%9E%E5%A5%88%E5%B7%9D%E7%9C%8C%E7%9B%B8%E6%A8%A1%E5%8E%9F%E5%B8%82%E4%B8%AD%E5%A4%AE%E5%8C%BA%E6%B7%B5%E9%87%8E%E8%BE%BA%E6%9C%AC%E7%94%BA3-24-3%20%E3%83%9E%E3%83%B3%E3%82%B7%E3%83%A7%E3%83%B3%E8%89%B2%E5%88%A9%20101,2018,ラーメン 百名店 EAST 2018,ramen_east,
らぁめん 喜乃壺,茨城県つくば市稲岡728-13,食べログ ラーメン 百名店 EAST 2018 百名店 2018,https://tabelog.com/tokyo/A1303/A130302/8010935/,https://www.google.com/maps/search/?api=1&query=%E3%82%89%E3%81%81%E3%82%81%E3%82%93%20%E5%96%9C%E4%B9%83%E5%A3%BA%20%E8%8C%A8%E5%9F%8E%E7%9C%8C%E3%81%A4%E3%81%8F%E3%81%B0%E5%B8%82%E7%A8%B2%E5%B2%A1728-13,2018,ラーメン 百名店 EAST 2018,ramen_east,
ラーメン 杉田家 本店,神奈川県横浜市磯子区新杉田町3-5,食べログ ラーメン 百名店 EAST 2018 百名店 2018,https://tabelog.com/tokyo/A1303/A130302/14000917/,https://www.google.com/maps/search/?api=1&query=%E3%83%A9%E3%83%BC%E3%83%A1%E3%83%B3%20%E6%9D%89%E7%94%B0%E5%AE%B6%20%E6%9C%AC%E5%BA%97%20%E7%A5%9E%E5%A5%88%E5%B7%9D%E7%9C%8C%E6%A8%AA%E6%B5%9C%E5%B8%82%E7%A3%AF%E5%AD%90%E5%8C%BA%E6%96%B0%E6%9D%89%E7%94%B0%E7%94%BA3-5,2018,ラーメン 百名店 EAST 2018,ramen_east,
MEN-EIJI HIRAGISHI BASE,北海道札幌市豊平区平岸2条11丁目1-12,食べログ ラーメン 百名店 EAST 2018 百名店 2018,https://tabelog.com/tokyo/A1303/A130302/1034678/,https://www.google.com/maps/search/?api=1&query=MEN-EIJI%20HIRAGISHI%20BASE%20%E5%8C%97%E6%B5%B7%E9%81%93%E6%9C%AD%E5%B9%8C%E5%B8%82%E8%B1%8A%E5%B9%B3%E5%8C%BA%E5%B9%B3%E5%B2%B82%E6%9D%A111%E4%B8%81%E7%9B%AE1-12,2018,ラーメン 百名店 EAST 2018,ramen_east,
らぁめん鴇,神奈川県藤沢市藤沢1034,食べログ ラーメン 百名店 EAST 2018 百名店 2018,https://tabelog.com/tokyo/A1303/A130302/14059192/,https://www.google.com/maps/search/?api=1&query=%E3%82%89%E3%81%81%E3%82%81%E3%82%93%E9%B4%87%20%E7%A5%9E%E5%A5%88%E5%B7%9D%E7%9C%8C%E8%97%A4%E6%B2%A2%E5%B8%82%E8%97%A4%E6%B2%A21034,2018,ラーメン 百名店 EAST 2018,ramen_east,
つけめん　さなだ,埼玉県三郷市早稲田4-8-1,食べログ ラーメン 百名店 EAST 2018 百名店 2018,https://tabelog.com/tokyo/A1303/A130302/11037313/,https://www.google.com/maps/search/?api=1&query=%E3%81%A4%E3%81%91%E3%82%81%E3%82%93%E3%80%80%E3%81%95%E3%81%AA%E3%81%A0%20%E5%9F%BC%E7%8E%89%E7%9C%8C%E4%B8%89%E9%83%B7%E5%B8%82%E6%97%A9%E7%A8%B2%E7%94%B04-8-1,2018,ラーメン 百名店 EAST 2018,ramen_east,
青竹手打ちラーメン 大和,栃木県佐野市北茂呂町1-5-2,食べログ ラーメン 百名店 EAST 2018 百名店 2018,https://tabelog.com/tokyo/A1303/A130302/9013736/,https://www.google.com/maps/search/?api=1&query=%E9%9D%92%E7%AB%B9%E6%89%8B%E6%89%93%E3%81%A1%E3%83%A9%E3%83%BC%E3%83%A1%E3%83%B3%20%E5%A4%A7%E5%92%8C%20%E6%A0%83%E6%9C%A8%E7%9C%8C%E4%BD%90%E9%87%8E%E5%B8%82%E5%8C%97%E8%8C%82%E5%91%82%E7%94%BA1-5-2,2018,ラーメン 百名店 EAST 2018,ramen_east,
The Noodles & Saloon Kiriya,千葉県流山市西初石4-475-1,食べログ ラーメン 百名店 EAST 2018 百名店 2018,https://tabelog.com/tokyo/A1303/A130302/12040892/,https://www.google.com/maps/search/?api=1&query=The%20Noodles%20%26%20Saloon%20Kiriya%20%E5%8D%83%E8%91%89%E7%9C%8C%E6%B5%81%E5%B1%B1%E5%B8%82%E8%A5%BF%E5%88%9D%E7%9F%B34-475-1,2018,ラーメン 百名店 EAST 2018,ramen_east,
流星軒,神奈川県横浜市南区日枝町4-97-2,食べログ ラーメン 百名店 EAST 2018 百名店 2018,https://tabelog.com/tokyo/A1303/A130302/14000569/,https://www.google.com/maps/search/?api=1&query=%E6%B5%81%E6%98%9F%E8%BB%92%20%E7%A5%9E%E5%A5%88%E5%B7%9D%E7%9C%8C%E6%A8%AA%E6%B5%9C%E5%B8%82%E5%8D%97%E5%8C%BA%E6%97%A5%E6%9E%9D%E7%94%BA4-97-2,2018,ラーメン 百名店 EAST 2018,ramen_east,
中華そば処 琴平荘,山形県鶴岡市三瀬己381-46 旅館琴平荘,食べログ ラーメン 百名店 EAST 2018 百名店 2018,https://tabelog.com/tokyo/A1303/A130302/6000573/,https://www.google.com/maps/search/?api=1&query=%E4%B8%AD%E8%8F%AF%E3%81%9D%E3%81%B0%E5%87%A6%20%E7%90%B4%E5%B9%B3%E8%8D%98%20%E5%B1%B1%E5%BD%A2%E7%9C%8C%E9%B6%B4%E5%B2%A1%E5%B8%82%E4%B8%89%E7%80%AC%E5%B7%B1381-46%20%E6%97%85%E9%A4%A8%E7%90%B4%E5%B9%B3%E8%8D%98,2018,ラーメン 百名店 EAST 2018,ramen_east,
とら食堂 松戸分店,千葉県松戸市紙敷1-8-6,食べログ ラーメン 百名店 EAST 2018 百名店 2018,https://tabelog.com/tokyo/A1303/A130302/12026940/,https://www.google.com/maps/search/?api=1&query=%E3%81%A8%E3%82%89%E9%A3%9F%E5%A0%82%20%E6%9D%BE%E6%88%B8%E5%88%86%E5%BA%97%20%E5%8D%83%E8%91%89%E7%9C%8C%E6%9D%BE%E6%88%B8%E5%B8%82%E7%B4%99%E6%95%B71-8-6,2018,ラーメン 百名店 EAST 2018,ramen_east,
ラーメン ABE's,静岡県静岡市葵区千代田4-2-1,食べログ ラーメン 百名店 EAST 2018 百名店 2018,https://tabelog.com/tokyo/A1303/A130302/22024882/,https://www.google.com/maps/search/?api=1&query=%E3%83%A9%E3%83%BC%E3%83%A1%E3%83%B3%20ABE%27s%20%E9%9D%99%E5%B2%A1%E7%9C%8C%E9%9D%99%E5%B2%A1%E5%B8%82%E8%91%B5%E5%8C%BA%E5%8D%83%E4%BB%A3%E7%94%B04-2-1,2018,ラーメン 百名店 EAST 2018,ramen_east,
横浜ラーメン 田上家,神奈川県横浜市南区通町3-48,食べログ ラーメン 百名店 EAST 2018 百名店 2018,https://tabelog.com/tokyo/A1303/A130302/14056326/,https://www.google.com/maps/search/?api=1&query=%E6%A8%AA%E6%B5%9C%E3%83%A9%E3%83%BC%E3%83%A1%E3%83%B3%20%E7%94%B0%E4%B8%8A%E5%AE%B6%20%E7%A5%9E%E5%A5%88%E5%B7%9D%E7%9C%8C%E6%A8%AA%E6%B5%9C%E5%B8%82%E5%8D%97%E5%8C%BA%E9%80%9A%E7%94%BA3-48,2018,ラーメン 百名店 EAST 2018,ramen_east,
ラーメン専門店 徳川町 如水,愛知県名古屋市東区徳川町201,食べログ ラーメン 百名店 EAST 2018 百名店 2018,https://tabelog.com/tokyo/A1303/A130302/23000971/,https://www.google.com/maps/search/?api=1&query=%E3%83%A9%E3%83%BC%E3%83%A1%E3%83%B3%E5%B0%82%E9%96%80%E5%BA%97%20%E5%BE%B3%E5%B7%9D%E7%94%BA%20%E5%A6%82%E6%B0%B4%20%E6%84%9B%E7%9F%A5%E7%9C%8C%E5%90%8D%E5%8F%A4%E5%B1%8B%E5%B8%82%E6%9D%B1%E5%8C%BA%E5%BE%B3%E5%B7%9D%E7%94%BA201,2018,ラーメン 百名店 EAST 2018,ramen_east,
自家製麺 うろた,福島県福島市新町3-14 上州ビル 1F,食べログ ラーメン 百名店 EAST 2018 百名店 2018,https://tabelog.com/tokyo/A1303/A130302/7012906/,https://www.google.com/maps/search/?api=1&query=%E8%87%AA%E5%AE%B6%E8%A3%BD%E9%BA%BA%20%E3%81%86%E3%82%8D%E3%81%9F%20%E7%A6%8F%E5%B3%B6%E7%9C%8C%E7%A6%8F%E5%B3%B6%E5%B8%82%E6%96%B0%E7%94%BA3-14%20%E4%B8%8A%E5%B7%9E%E3%83%93%E3%83%AB%201F,2018,ラーメン 百名店 EAST 2018,ramen_east,
らーめん 鶏喰,神奈川県横浜市南区吉野町4-20,食べログ ラーメン 百名店 EAST 2018 百名店 2018,https://tabelog.com/tokyo/A1303/A130302/14048864/,https://www.google.com/maps/search/?api=1&query=%E3%82%89%E3%83%BC%E3%82%81%E3%82%93%20%E9%B6%8F%E5%96%B0%20%E7%A5%9E%E5%A5%88%E5%B7%9D%E7%9C%8C%E6%A8%AA%E6%B5%9C%E5%B8%82%E5%8D%97%E5%8C%BA%E5%90%89%E9%87%8E%E7%94%BA4-20,2018,ラーメン 百名店 EAST 2018,ramen_east,
ちばから 市原本店,千葉県市原市西国分寺台1-3-16,食べログ ラーメン 百名店 EAST 2018 百名店 2018,https://tabelog.com/tokyo/A1303/A130302/12000912/,https://www.google.com/maps/search/?api=1&query=%E3%81%A1%E3%81%B0%E3%81%8B%E3%82%89%20%E5%B8%82%E5%8E%9F%E6%9C%AC%E5%BA%97%20%E5%8D%83%E8%91%89%E7%9C%8C%E5%B8%82%E5%8E%9F%E5%B8%82%E8%A5%BF%E5%9B%BD%E5%88%86%E5%AF%BA%E5%8F%B01-3-16,2018,ラーメン 百名店 EAST 2018,ramen_east,
支那そば なかじま,群馬県高崎市飯塚町1190-4 東金井県営住宅　１Ｆ,食べログ ラーメン 百名店 EAST 2018 百名店 2018,https://tabelog.com/tokyo/A1303/A130302/10007259/,https://www.google.com/maps/search/?api=1&query=%E6%94%AF%E9%82%A3%E3%81%9D%E3%81%B0%20%E3%81%AA%E3%81%8B%E3%81%98%E3%81%BE%20%E7%BE%A4%E9%A6%AC%E7%9C%8C%E9%AB%98%E5%B4%8E%E5%B8%82%E9%A3%AF%E5%A1%9A%E7%94%BA1190-4%20%E6%9D%B1%E9%87%91%E4%BA%95%E7%9C%8C%E5%96%B6%E4%BD%8F%E5%AE%85%E3%80%80%EF%BC%91%EF%BC%A6,2018,ラーメン 百名店 EAST 2018,ramen_east,
伊達屋,福島県福島市南沢又字下番匠田22,食べログ ラーメン 百名店 EAST 2018 百名店 2018,https://tabelog.com/tokyo/A1303/A130302/7001032/,https://www.google.com/maps/search/?api=1&query=%E4%BC%8A%E9%81%94%E5%B1%8B%20%E7%A6%8F%E5%B3%B6%E7%9C%8C%E7%A6%8F%E5%B3%B6%E5%B8%82%E5%8D%97%E6%B2%A2%E5%8F%88%E5%AD%97%E4%B8%8B%E7%95%AA%E5%8C%A0%E7%94%B022,2018,ラーメン 百名店 EAST 2018,ramen_east,
寿々喜家 本店,神奈川県横浜市保土ケ谷区上星川2-3-1 1F,食べログ ラーメン 百名店 EAST 2018 百名店 2018,https://tabelog.com/tokyo/A1303/A130302/14000063/,https://www.google.com/maps/search/?api=1&query=%E5%AF%BF%E3%80%85%E5%96%9C%E5%AE%B6%20%E6%9C%AC%E5%BA%97%20%E7%A5%9E%E5%A5%88%E5%B7%9D%E7%9C%8C%E6%A8%AA%E6%B5%9C%E5%B8%82%E4%BF%9D%E5%9C%9F%E3%82%B1%E8%B0%B7%E5%8C%BA%E4%B8%8A%E6%98%9F%E5%B7%9D2-3-1%201F,2018,ラーメン 百名店 EAST 2018,ramen_east,
ぜんや,埼玉県新座市野火止4-10-5,食べログ ラーメン 百名店 EAST 2018 百名店 2018,https://tabelog.com/tokyo/A1303/A130302/11000014/,https://www.google.com/maps/search/?api=1&query=%E3%81%9C%E3%82%93%E3%82%84%20%E5%9F%BC%E7%8E%89%E7%9C%8C%E6%96%B0%E5%BA%A7%E5%B8%82%E9%87%8E%E7%81%AB%E6%AD%A24-10-5,2018,ラーメン 百名店 EAST 2018,ramen_east,
麺の風 祥気,新潟県長岡市寺島町729,食べログ ラーメン 百名店 EAST 2018 百名店 2018,https://tabelog.com/tokyo/A1303/A130302/15013003/,https://www.google.com/maps/search/?api=1&query=%E9%BA%BA%E3%81%AE%E9%A2%A8%20%E7%A5%A5%E6%B0%97%20%E6%96%B0%E6%BD%9F%E7%9C%8C%E9%95%B7%E5%B2%A1%E5%B8%82%E5%AF%BA%E5%B3%B6%E7%94%BA729,2018,ラーメン 百名店 EAST 2018,ramen_east,
ラーメン 木曜日,北海道札幌市中央区南8条西13-3-35,食べログ ラーメン 百名店 EAST 2018 百名店 2018,https://tabelog.com/tokyo/A1303/A130302/1038229/,https://www.google.com/maps/search/?api=1&query=%E3%83%A9%E3%83%BC%E3%83%A1%E3%83%B3%20%E6%9C%A8%E6%9B%9C%E6%97%A5%20%E5%8C%97%E6%B5%B7%E9%81%93%E6%9C%AD%E5%B9%8C%E5%B8%82%E4%B8%AD%E5%A4%AE%E5%8C%BA%E5%8D%978%E6%9D%A1%E8%A5%BF13-3-35,2018,ラーメン 百名店 EAST 2018,ramen_east,
ラーメン 杉田家 千葉祐光店,千葉県千葉市中央区祐光4-17-7,食べログ ラーメン 百名店 EAST 2018 百名店 2018,https://tabelog.com/tokyo/A1303/A130302/12025333/,https://www.google.com/maps/search/?api=1&query=%E3%83%A9%E3%83%BC%E3%83%A1%E3%83%B3%20%E6%9D%89%E7%94%B0%E5%AE%B6%20%E5%8D%83%E8%91%89%E7%A5%90%E5%85%89%E5%BA%97%20%E5%8D%83%E8%91%89%E7%9C%8C%E5%8D%83%E8%91%89%E5%B8%82%E4%B8%AD%E5%A4%AE%E5%8C%BA%E7%A5%90%E5%85%894-17-7,2018,ラーメン 百名店 EAST 2018,ramen_east,
麺屋 ようすけ,栃木県佐野市田島町232,食べログ ラーメン 百名店 EAST 2018 百名店 2018,https://tabelog.com/tokyo/A1303/A130302/9012617/,https://www.google.com/maps/search/?api=1&query=%E9%BA%BA%E5%B1%8B%20%E3%82%88%E3%81%86%E3%81%99%E3%81%91%20%E6%A0%83%E6%9C%A8%E7%9C%8C%E4%BD%90%E9%87%8E%E5%B8%82%E7%94%B0%E5%B3%B6%E7%94%BA232,2018,ラーメン 百名店 EAST 2018,ramen_east,
とら食堂,福島県白河市双石滝ノ尻1,食べログ ラーメン 百名店 EAST 2018 百名店 2018,https://tabelog.com/tokyo/A1303/A130302/7000016/,https://www.google.com/maps/search/?api=1&query=%E3%81%A8%E3%82%89%E9%A3%9F%E5%A0%82%20%E7%A6%8F%E5%B3%B6%E7%9C%8C%E7%99%BD%E6%B2%B3%E5%B8%82%E5%8F%8C%E7%9F%B3%E6%BB%9D%E3%83%8E%E5%B0%BB1,2018,ラーメン 百名店 EAST 2018,ramen_east,
中華そば 麺や食堂 本店,神奈川県厚木市幸町9-6,食べログ ラーメン 百名店 EAST 2018 百名店 2018,https://tabelog.com/tokyo/A1303/A130302/14001610/,https://www.google.com/maps/search/?api=1&query=%E4%B8%AD%E8%8F%AF%E3%81%9D%E3%81%B0%20%E9%BA%BA%E3%82%84%E9%A3%9F%E5%A0%82%20%E6%9C%AC%E5%BA%97%20%E7%A5%9E%E5%A5%88%E5%B7%9D%E7%9C%8C%E5%8E%9A%E6%9C%A8%E5%B8%82%E5%B9%B8%E7%94%BA9-6,2018,ラーメン 百名店 EAST 2018,ramen_east,
くり山,神奈川県横浜市神奈川区六角橋1-17-29,食べログ ラーメン 百名店 EAST 2018 百名店 2018,https://tabelog.com/tokyo/A1303/A130302/14012001/,https://www.google.com/maps/search/?api=1&query=%E3%81%8F%E3%82%8A%E5%B1%B1%20%E7%A5%9E%E5%A5%88%E5%B7%9D%E7%9C%8C%E6%A8%AA%E6%B5%9C%E5%B8%82%E7%A5%9E%E5%A5%88%E5%B7%9D%E5%8C%BA%E5%85%AD%E8%A7%92%E6%A9%8B1-17-29,2018,ラーメン 百名店 EAST 2018,ramen_east,
麺屋さくら,愛知県半田市出口町1-45-16,食べログ ラーメン 百名店 EAST 2018 百名店 2018,https://tabelog.com/tokyo/A1303/A130302/23036504/,https://www.google.com/maps/search/?api=1&query=%E9%BA%BA%E5%B1%8B%E3%81%95%E3%81%8F%E3%82%89%20%E6%84%9B%E7%9F%A5%E7%9C%8C%E5%8D%8A%E7%94%B0%E5%B8%82%E5%87%BA%E5%8F%A3%E7%94%BA1-45-16,2018,ラーメン 百名店 EAST 2018,ramen_east,
らーめん大金,栃木県佐野市大橋町3229-7,食べログ ラーメン 百名店 EAST 2018 百名店 2018,https://tabelog.com/tokyo/A1303/A130302/9006290/,https://www.google.com/maps/search/?api=1&query=%E3%82%89%E3%83%BC%E3%82%81%E3%82%93%E5%A4%A7%E9%87%91%20%E6%A0%83%E6%9C%A8%E7%9C%8C%E4%BD%90%E9%87%8E%E5%B8%82%E5%A4%A7%E6%A9%8B%E7%94%BA3229-7,2018,ラーメン 百名店 EAST 2018,ramen_east,
らぁめん夢,神奈川県横浜市神奈川区二ツ谷町1-21,食べログ ラーメン 百名店 EAST 2018 百名店 2018,https://tabelog.com/tokyo/A1303/A130302/14053385/,https://www.google.com/maps/search/?api=1&query=%E3%82%89%E3%81%81%E3%82%81%E3%82%93%E5%A4%A2%20%E7%A5%9E%E5%A5%88%E5%B7%9D%E7%9C%8C%E6%A8%AA%E6%B5%9C%E5%B8%82%E7%A5%9E%E5%A5%88%E5%B7%9D%E5%8C%BA%E4%BA%8C%E3%83%84%E8%B0%B7%E7%94%BA1-21,2018,ラーメン 百名店 EAST 2018,ramen_east,
らぁ麺 めん奏心,静岡県島田市金谷栄町3538,食べログ ラーメン 百名店 EAST 2018 百名店 2018,https://tabelog.com/tokyo/A1303/A130302/22019502/,https://www.google.com/maps/search/?api=1&query=%E3%82%89%E3%81%81%E9%BA%BA%20%E3%82%81%E3%82%93%E5%A5%8F%E5%BF%83%20%E9%9D%99%E5%B2%A1%E7%9C%8C%E5%B3%B6%E7%94%B0%E5%B8%82%E9%87%91%E8%B0%B7%E6%A0%84%E7%94%BA3538,2018,ラーメン 百名店 EAST 2018,ramen_east,
175°DENO担担麺 本店,北海道札幌市中央区南1条西6-20 KYビル 1Ｆ,食べログ ラーメン 百名店 EAST 2018 百名店 2018,https://tabelog.com/tokyo/A1303/A130302/1041806/,https://www.google.com/maps/search/?api=1&query=175%C2%B0DENO%E6%8B%85%E6%8B%85%E9%BA%BA%20%E6%9C%AC%E5%BA%97%20%E5%8C%97%E6%B5%B7%E9%81%93%E6%9C%AD%E5%B9%8C%E5%B8%82%E4%B8%AD%E5%A4%AE%E5%8C%BA%E5%8D%971%E6%9D%A1%E8%A5%BF6-20%20KY%E3%83%93%E3%83%AB%201%EF%BC%A6,2018,ラーメン 百名店 EAST 2018,ramen_east,
浜田山,静岡県浜松市中央区高林1-8-1 松本マンション 1F,食べログ ラーメン 百名店 EAST 2018 百名店 2018,https://tabelog.com/tokyo/A1303/A130302/22025044/,https://www.google.com/maps/search/?api=1&query=%E6%B5%9C%E7%94%B0%E5%B1%B1%20%E9%9D%99%E5%B2%A1%E7%9C%8C%E6%B5%9C%E6%9D%BE%E5%B8%82%E4%B8%AD%E5%A4%AE%E5%8C%BA%E9%AB%98%E6%9E%971-8-1%20%E6%9D%BE%E6%9C%AC%E3%83%9E%E3%83%B3%E3%82%B7%E3%83%A7%E3%83%B3%201F,2018,ラーメン 百名店 EAST 2018,ramen_east,
麺屋 一八,愛知県知多郡武豊町鹿ノ子田2-60,食べログ ラーメン 百名店 EAST 2018 百名店 2018,https://tabelog.com/tokyo/A1303/A130302/23000973/,https://www.google.com/maps/search/?api=1&query=%E9%BA%BA%E5%B1%8B%20%E4%B8%80%E5%85%AB%20%E6%84%9B%E7%9F%A5%E7%9C%8C%E7%9F%A5%E5%A4%9A%E9%83%A1%E6%AD%A6%E8%B1%8A%E7%94%BA%E9%B9%BF%E3%83%8E%E5%AD%90%E7%94%B02-60,2018,ラーメン 百名店 EAST 2018,ramen_east,
中村麺三郎商店,神奈川県相模原市中央区淵野辺4-37-23,食べログ ラーメン 百名店 EAST 2018 百名店 2018,https://tabelog.com/tokyo/A1303/A130302/14063423/,https://www.google.com/maps/search/?api=1&query=%E4%B8%AD%E6%9D%91%E9%BA%BA%E4%B8%89%E9%83%8E%E5%95%86%E5%BA%97%20%E7%A5%9E%E5%A5%88%E5%B7%9D%E7%9C%8C%E7%9B%B8%E6%A8%A1%E5%8E%9F%E5%B8%82%E4%B8%AD%E5%A4%AE%E5%8C%BA%E6%B7%B5%E9%87%8E%E8%BE%BA4-37-23,2018,ラーメン 百名店 EAST 2018,ramen_east,
我流麺舞 飛燕,北海道札幌市豊平区中の島1条9丁目4-14,食べログ ラーメン 百名店 EAST 2018 百名店 2018,https://tabelog.com/tokyo/A1303/A130302/1026753/,https://www.google.com/maps/search/?api=1&query=%E6%88%91%E6%B5%81%E9%BA%BA%E8%88%9E%20%E9%A3%9B%E7%87%95%20%E5%8C%97%E6%B5%B7%E9%81%93%E6%9C%AD%E5%B9%8C%E5%B8%82%E8%B1%8A%E5%B9%B3%E5%8C%BA%E4%B8%AD%E3%81%AE%E5%B3%B61%E6%9D%A19%E4%B8%81%E7%9B%AE4-14,2018,ラーメン 百名店 EAST 2018,ramen_east,
らぁ麺や 汐そば雫,愛知県名古屋市瑞穂区下坂町4-15 スターリア1F,食べログ ラーメン 百名店 EAST 2018 百名店 2018,https://tabelog.com/tokyo/A1303/A130302/23050560/,https://www.google.com/maps/search/?api=1&query=%E3%82%89%E3%81%81%E9%BA%BA%E3%82%84%20%E6%B1%90%E3%81%9D%E3%81%B0%E9%9B%AB%20%E6%84%9B%E7%9F%A5%E7%9C%8C%E5%90%8D%E5%8F%A4%E5%B1%8B%E5%B8%82%E7%91%9E%E7%A9%82%E5%8C%BA%E4%B8%8B%E5%9D%82%E7%94%BA4-15%20%E3%82%B9%E3%82%BF%E3%83%BC%E3%83%AA%E3%82%A21F,2018,ラーメン 百名店 EAST 2018,ramen_east,
兎に角 松戸本店,千葉県松戸市根本462 比嘉ビル　1F,食べログ ラーメン 百名店 EAST 2018 百名店 2018,https://tabelog.com/tokyo/A1303/A130302/12001198/,https://www.google.com/maps/search/?api=1&query=%E5%85%8E%E3%81%AB%E8%A7%92%20%E6%9D%BE%E6%88%B8%E6%9C%AC%E5%BA%97%20%E5%8D%83%E8%91%89%E7%9C%8C%E6%9D%BE%E6%88%B8%E5%B8%82%E6%A0%B9%E6%9C%AC462%20%E6%AF%94%E5%98%89%E3%83%93%E3%83%AB%E3%80%801F,2018,ラーメン 百名店 EAST 2018,ramen_east,
らぁ麺 飛鶏,愛知県春日井市御幸町3-4-6,食べログ ラーメン 百名店 EAST 2018 百名店 2018,https://tabelog.com/tokyo/A1303/A130302/23051026/,https://www.google.com/maps/search/?api=1&query=%E3%82%89%E3%81%81%E9%BA%BA%20%E9%A3%9B%E9%B6%8F%20%E6%84%9B%E7%9F%A5%E7%9C%8C%E6%98%A5%E6%97%A5%E4%BA%95%E5%B8%82%E5%BE%A1%E5%B9%B8%E7%94%BA3-4-6,2018,ラーメン 百名店 EAST 2018,ramen_east,
麺や けせらせら,北海道札幌市北区太平7-5-2-5,食べログ ラーメン 百名店 EAST 2018 百名店 2018,https://tabelog.com/tokyo/A1303/A130302/1009525/,https://www.google.com/maps/search/?api=1&query=%E9%BA%BA%E3%82%84%20%E3%81%91%E3%81%9B%E3%82%89%E3%81%9B%E3%82%89%20%E5%8C%97%E6%B5%B7%E9%81%93%E6%9C%AD%E5%B9%8C%E5%B8%82%E5%8C%97%E5%8C%BA%E5%A4%AA%E5%B9%B37-5-2-5,2018,ラーメン 百名店 EAST 2018,ramen_east,
いち井,新潟県長岡市曙1-1-5,食べログ ラーメン 百名店 EAST 2018 百名店 2018,https://tabelog.com/tokyo/A1303/A130302/15000043/,https://www.google.com/maps/search/?api=1&query=%E3%81%84%E3%81%A1%E4%BA%95%20%E6%96%B0%E6%BD%9F%E7%9C%8C%E9%95%B7%E5%B2%A1%E5%B8%82%E6%9B%991-1-5,2018,ラーメン 百名店 EAST 2018,ramen_east,
零一弐三,千葉県船橋市本町7-23-14 文平ビル,食べログ ラーメン 百名店 EAST 2018 百名店 2018,https://tabelog.com/tokyo/A1303/A130302/12041414/,https://www.google.com/maps/search/?api=1&query=%E9%9B%B6%E4%B8%80%E5%BC%90%E4%B8%89%20%E5%8D%83%E8%91%89%E7%9C%8C%E8%88%B9%E6%A9%8B%E5%B8%82%E6%9C%AC%E7%94%BA7-23-14%20%E6%96%87%E5%B9%B3%E3%83%93%E3%83%AB,2018,ラーメン 百名店 EAST 2018,ramen_east,
麺や 麗,北海道千歳市高台4丁目2-10,食べログ ラーメン 百名店 EAST 2018 百名店 2018,https://tabelog.com/tokyo/A1303/A130302/1026411/,https://www.google.com/maps/search/?api=1&query=%E9%BA%BA%E3%82%84%20%E9%BA%97%20%E5%8C%97%E6%B5%B7%E9%81%93%E5%8D%83%E6%AD%B3%E5%B8%82%E9%AB%98%E5%8F%B04%E4%B8%81%E7%9B%AE2-10,2018,ラーメン 百名店 EAST 2018,ramen_east,
肉汁つけめん イナバ スタイル,埼玉県久喜市青毛3-13-19 1Ｆ,食べログ ラーメン 百名店 EAST 2018 百名店 2018,https://tabelog.com/tokyo/A1303/A130302/11033712/,https://www.google.com/maps/search/?api=1&query=%E8%82%89%E6%B1%81%E3%81%A4%E3%81%91%E3%82%81%E3%82%93%20%E3%82%A4%E3%83%8A%E3%83%90%20%E3%82%B9%E3%82%BF%E3%82%A4%E3%83%AB%20%E5%9F%BC%E7%8E%89%E7%9C%8C%E4%B9%85%E5%96%9C%E5%B8%82%E9%9D%92%E6%AF%9B3-13-19%201%EF%BC%A6,2018,ラーメン 百名店 EAST 2018,ramen_east,
中華そば よしかわ 上尾店,埼玉県上尾市南97-5,食べログ ラーメン 百名店 EAST 2018 百名店 2018,https://tabelog.com/tokyo/A1303/A130302/11036997/,https://www.google.com/maps/search/?api=1&query=%E4%B8%AD%E8%8F%AF%E3%81%9D%E3%81%B0%20%E3%82%88%E3%81%97%E3%81%8B%E3%82%8F%20%E4%B8%8A%E5%B0%BE%E5%BA%97%20%E5%9F%BC%E7%8E%89%E7%9C%8C%E4%B8%8A%E5%B0%BE%E5%B8%82%E5%8D%9797-5,2018,ラーメン 百名店 EAST 2018,ramen_east,
麺坊 ひかり,岐阜県岐阜市柳津町蓮池5-8 リトルタウンヒロセ　１Ｆ,食べログ ラーメン 百名店 EAST 2018 百名店 2018,https://tabelog.com/tokyo/A1303/A130302/21000692/,https://www.google.com/maps/search/?api=1&query=%E9%BA%BA%E5%9D%8A%20%E3%81%B2%E3%81%8B%E3%82%8A%20%E5%B2%90%E9%98%9C%E7%9C%8C%E5%B2%90%E9%98%9C%E5%B8%82%E6%9F%B3%E6%B4%A5%E7%94%BA%E8%93%AE%E6%B1%A05-8%20%E3%83%AA%E3%83%88%E3%83%AB%E3%82%BF%E3%82%A6%E3%83%B3%E3%83%92%E3%83%AD%E3%82%BB%E3%80%80%EF%BC%91%EF%BC%A6,2018,ラーメン 百名店 EAST 2018,ramen_east,
中華蕎麦 とみ田,千葉県松戸市松戸1339 高橋ビル 1F,食べログ ラーメン 百名店 EAST 2018 百名店 2018,https://tabelog.com/tokyo/A1303/A130302/12000422/,https://www.google.com/maps/search/?api=1&query=%E4%B8%AD%E8%8F%AF%E8%95%8E%E9%BA%A6%20%E3%81%A8%E3%81%BF%E7%94%B0%20%E5%8D%83%E8%91%89%E7%9C%8C%E6%9D%BE%E6%88%B8%E5%B8%82%E6%9D%BE%E6%88%B81339%20%E9%AB%98%E6%A9%8B%E3%83%93%E3%83%AB%201F,2018,ラーメン 百名店 EAST 2018,ramen_east,
らーめん奏,愛知県名古屋市昭和区阿由知通1-9,食べログ ラーメン 百名店 EAST 2018 百名店 2018,https://tabelog.com/tokyo/A1303/A130302/23056955/,https://www.google.com/maps/search/?api=1&query=%E3%82%89%E3%83%BC%E3%82%81%E3%82%93%E5%A5%8F%20%E6%84%9B%E7%9F%A5%E7%9C%8C%E5%90%8D%E5%8F%A4%E5%B1%8B%E5%B8%82%E6%98%AD%E5%92%8C%E5%8C%BA%E9%98%BF%E7%94%B1%E7%9F%A5%E9%80%9A1-9,2018,ラーメン 百名店 EAST 2018,ramen_east,
啜磨専科,神奈川県横浜市港南区上大岡西2-14-15,食べログ ラーメン 百名店 EAST 2018 百名店 2018,https://tabelog.com/tokyo/A1303/A130302/14043755/,https://www.google.com/maps/search/?api=1&query=%E5%95%9C%E7%A3%A8%E5%B0%82%E7%A7%91%20%E7%A5%9E%E5%A5%88%E5%B7%9D%E7%9C%8C%E6%A8%AA%E6%B5%9C%E5%B8%82%E6%B8%AF%E5%8D%97%E5%8C%BA%E4%B8%8A%E5%A4%A7%E5%B2%A1%E8%A5%BF2-14-15,2018,ラーメン 百名店 EAST 2018,ramen_east,
喜元門 研究学園店,茨城県つくば市研究学園5-6-6 D12ビル 1F,食べログ ラーメン 百名店 EAST 2018 百名店 2018,https://tabelog.com/tokyo/A1303/A130302/8013639/,https://www.google.com/maps/search/?api=1&query=%E5%96%9C%E5%85%83%E9%96%80%20%E7%A0%94%E7%A9%B6%E5%AD%A6%E5%9C%92%E5%BA%97%20%E8%8C%A8%E5%9F%8E%E7%9C%8C%E3%81%A4%E3%81%8F%E3%81%B0%E5%B8%82%E7%A0%94%E7%A9%B6%E5%AD%A6%E5%9C%925-6-6%20D12%E3%83%93%E3%83%AB%201F,2018,ラーメン 百名店 EAST 2018,ramen_east,
拉麺人生,茨城県常総市豊岡町乙1485-1,食べログ ラーメン 百名店 EAST 2018 百名店 2018,https://tabelog.com/tokyo/A1303/A130302/8000683/,https://www.google.com/maps/search/?api=1&query=%E6%8B%89%E9%BA%BA%E4%BA%BA%E7%94%9F%20%E8%8C%A8%E5%9F%8E%E7%9C%8C%E5%B8%B8%E7%B7%8F%E5%B8%82%E8%B1%8A%E5%B2%A1%E7%94%BA%E4%B9%991485-1,2018,ラーメン 百名店 EAST 2018,ramen_east,
煮干中華ソバ イチカワ,茨城県つくば市天久保2-9-2 A101,食べログ ラーメン 百名店 EAST 2018 百名店 2018,https://tabelog.com/tokyo/A1303/A130302/8014295/,https://www.google.com/maps/search/?api=1&query=%E7%85%AE%E5%B9%B2%E4%B8%AD%E8%8F%AF%E3%82%BD%E3%83%90%20%E3%82%A4%E3%83%81%E3%82%AB%E3%83%AF%20%E8%8C%A8%E5%9F%8E%E7%9C%8C%E3%81%A4%E3%81%8F%E3%81%B0%E5%B8%82%E5%A4%A9%E4%B9%85%E4%BF%9D2-9-2%20A101,2018,ラーメン 百名店 EAST 2018,ramen_east,
麺処 有彩,埼玉県川口市西川口1-8-5,食べログ ラーメン 百名店 EAST 2018 百名店 2018,https://tabelog.com/tokyo/A1303/A130302/11038476/,https://www.google.com/maps/search/?api=1&query=%E9%BA%BA%E5%87%A6%20%E6%9C%89%E5%BD%A9%20%E5%9F%BC%E7%8E%89%E7%9C%8C%E5%B7%9D%E5%8F%A3%E5%B8%82%E8%A5%BF%E5%B7%9D%E5%8F%A31-8-5,2018,ラーメン 百名店 EAST 2018,ramen_east,
ら～めん 寺子屋 麺倶楽部,千葉県我孫子市東我孫子2-34-8,食べログ ラーメン 百名店 EAST 2018 百名店 2018,https://tabelog.com/tokyo/A1303/A130302/12005357/,https://www.google.com/maps/search/?api=1&query=%E3%82%89%EF%BD%9E%E3%82%81%E3%82%93%20%E5%AF%BA%E5%AD%90%E5%B1%8B%20%E9%BA%BA%E5%80%B6%E6%A5%BD%E9%83%A8%20%E5%8D%83%E8%91%89%E7%9C%8C%E6%88%91%E5%AD%AB%E5%AD%90%E5%B8%82%E6%9D%B1%E6%88%91%E5%AD%AB%E5%AD%902-34-8,2018,ラーメン 百名店 EAST 2018,ramen_east,
濃麺 海月,千葉県千葉市中央区要町1-4,食べログ ラーメン 百名店 EAST 2018 百名店 2018,https://tabelog.com/tokyo/A1303/A130302/12033982/,https://www.google.com/maps/search/?api=1&query=%E6%BF%83%E9%BA%BA%20%E6%B5%B7%E6%9C%88%20%E5%8D%83%E8%91%89%E7%9C%8C%E5%8D%83%E8%91%89%E5%B8%82%E4%B8%AD%E5%A4%AE%E5%8C%BA%E8%A6%81%E7%94%BA1-4,2018,ラーメン 百名店 EAST 2018,ramen_east,
らーめん いのうえ,神奈川県横浜市鶴見区矢向1-7-26,食べログ ラーメン 百名店 EAST 2018 百名店 2018,https://tabelog.com/tokyo/A1303/A130302/14054147/,https://www.google.com/maps/search/?api=1&query=%E3%82%89%E3%83%BC%E3%82%81%E3%82%93%20%E3%81%84%E3%81%AE%E3%81%86%E3%81%88%20%E7%A5%9E%E5%A5%88%E5%B7%9D%E7%9C%8C%E6%A8%AA%E6%B5%9C%E5%B8%82%E9%B6%B4%E8%A6%8B%E5%8C%BA%E7%9F%A2%E5%90%911-7-26,2018,ラーメン 百名店 EAST 2018,ramen_east,
麺屋 菜々兵衛 本店,北海道札幌市白石区川下3条4丁目3-21,食べログ ラーメン 百名店 EAST 2018 百名店 2018,https://tabelog.com/tokyo/A1303/A130302/1009634/,https://www.google.com/maps/search/?api=1&query=%E9%BA%BA%E5%B1%8B%20%E8%8F%9C%E3%80%85%E5%85%B5%E8%A1%9B%20%E6%9C%AC%E5%BA%97%20%E5%8C%97%E6%B5%B7%E9%81%93%E6%9C%AD%E5%B9%8C%E5%B8%82%E7%99%BD%E7%9F%B3%E5%8C%BA%E5%B7%9D%E4%B8%8B3%E6%9D%A14%E4%B8%81%E7%9B%AE3-21,2018,ラーメン 百名店 EAST 2018,ramen_east,
拉麺酒房 熊人,長野県上田市上田原1588-4,食べログ ラーメン 百名店 EAST 2018 百名店 2018,https://tabelog.com/tokyo/A1303/A130302/20001717/,https://www.google.com/maps/search/?api=1&query=%E6%8B%89%E9%BA%BA%E9%85%92%E6%88%BF%20%E7%86%8A%E4%BA%BA%20%E9%95%B7%E9%87%8E%E7%9C%8C%E4%B8%8A%E7%94%B0%E5%B8%82%E4%B8%8A%E7%94%B0%E5%8E%9F1588-4,2018,ラーメン 百名店 EAST 2018,ramen_east,
麺屋あごすけ,新潟県上越市大字下門前1650,食べログ ラーメン 百名店 EAST 2018 百名店 2018,https://tabelog.com/tokyo/A1303/A130302/15000116/,https://www.google.com/maps/search/?api=1&query=%E9%BA%BA%E5%B1%8B%E3%81%82%E3%81%94%E3%81%99%E3%81%91%20%E6%96%B0%E6%BD%9F%E7%9C%8C%E4%B8%8A%E8%B6%8A%E5%B8%82%E5%A4%A7%E5%AD%97%E4%B8%8B%E9%96%80%E5%89%8D1650,2018,ラーメン 百名店 EAST 2018,ramen_east,
麺房 昭和呈,愛知県常滑市苅屋柳田136,食べログ ラーメン 百名店 EAST 2018 百名店 2018,https://tabelog.com/tokyo/A1303/A130302/23001357/,https://www.google.com/maps/search/?api=1&query=%E9%BA%BA%E6%88%BF%20%E6%98%AD%E5%92%8C%E5%91%88%20%E6%84%9B%E7%9F%A5%E7%9C%8C%E5%B8%B8%E6%BB%91%E5%B8%82%E8%8B%85%E5%B1%8B%E6%9F%B3%E7%94%B0136,2018,ラーメン 百名店 EAST 2018,ramen_east,
ラーメン 環2家,神奈川県横浜市港南区下永谷3-3-21,食べログ ラーメン 百名店 EAST 2018 百名店 2018,https://tabelog.com/tokyo/A1303/A130302/14000161/,https://www.google.com/maps/search/?api=1&query=%E3%83%A9%E3%83%BC%E3%83%A1%E3%83%B3%20%E7%92%B02%E5%AE%B6%20%E7%A5%9E%E5%A5%88%E5%B7%9D%E7%9C%8C%E6%A8%AA%E6%B5%9C%E5%B8%82%E6%B8%AF%E5%8D%97%E5%8C%BA%E4%B8%8B%E6%B0%B8%E8%B0%B73-3-21,2018,ラーメン 百名店 EAST 2018,ramen_east,
ラーメン 末廣家,神奈川県横浜市神奈川区六角橋1-14-7,食べログ ラーメン 百名店 EAST 2018 百名店 2018,https://tabelog.com/tokyo/A1303/A130302/14051496/,https://www.google.com/maps/search/?api=1&query=%E3%83%A9%E3%83%BC%E3%83%A1%E3%83%B3%20%E6%9C%AB%E5%BB%A3%E5%AE%B6%20%E7%A5%9E%E5%A5%88%E5%B7%9D%E7%9C%8C%E6%A8%AA%E6%B5%9C%E5%B8%82%E7%A5%9E%E5%A5%88%E5%B7%9D%E5%8C%BA%E5%85%AD%E8%A7%92%E6%A9%8B1-14-7,2018,ラーメン 百名店 EAST 2018,ramen_east,
麺処 懐や,神奈川県川崎市宮前区鷺沼3-3-12,食べログ ラーメン 百名店 EAST 2018 百名店 2018,https://tabelog.com/tokyo/A1303/A130302/14049709/,https://www.google.com/maps/search/?api=1&query=%E9%BA%BA%E5%87%A6%20%E6%87%90%E3%82%84%20%E7%A5%9E%E5%A5%88%E5%B7%9D%E7%9C%8C%E5%B7%9D%E5%B4%8E%E5%B8%82%E5%AE%AE%E5%89%8D%E5%8C%BA%E9%B7%BA%E6%B2%BC3-3-12,2018,ラーメン 百名店 EAST 2018,ramen_east,
狼煙 本店,埼玉県さいたま市北区東大成町1-544,食べログ ラーメン 百名店 EAST 2018 百名店 2018,https://tabelog.com/tokyo/A1303/A130302/11004115/,https://www.google.com/maps/search/?api=1&query=%E7%8B%BC%E7%85%99%20%E6%9C%AC%E5%BA%97%20%E5%9F%BC%E7%8E%89%E7%9C%8C%E3%81%95%E3%81%84%E3%81%9F%E3%81%BE%E5%B8%82%E5%8C%97%E5%8C%BA%E6%9D%B1%E5%A4%A7%E6%88%90%E7%94%BA1-544,2018,ラーメン 百名店 EAST 2018,ramen_east,
僕家のらーめん おえかき,静岡県浜松市浜名区於呂1480-4,食べログ ラーメン 百名店 EAST 2018 百名店 2018,https://tabelog.com/tokyo/A1303/A130302/22026909/,https://www.google.com/maps/search/?api=1&query=%E5%83%95%E5%AE%B6%E3%81%AE%E3%82%89%E3%83%BC%E3%82%81%E3%82%93%20%E3%81%8A%E3%81%88%E3%81%8B%E3%81%8D%20%E9%9D%99%E5%B2%A1%E7%9C%8C%E6%B5%9C%E6%9D%BE%E5%B8%82%E6%B5%9C%E5%90%8D%E5%8C%BA%E6%96%BC%E5%91%821480-4,2018,ラーメン 百名店 EAST 2018,ramen_east,
麺屋 彩未,北海道札幌市豊平区美園10条5-3-12,食べログ ラーメン 百名店 EAST 2018 百名店 2018,https://tabelog.com/tokyo/A1303/A130302/1000018/,https://www.google.com/maps/search/?api=1&query=%E9%BA%BA%E5%B1%8B%20%E5%BD%A9%E6%9C%AA%20%E5%8C%97%E6%B5%B7%E9%81%93%E6%9C%AD%E5%B9%8C%E5%B8%82%E8%B1%8A%E5%B9%B3%E5%8C%BA%E7%BE%8E%E5%9C%9210%E6%9D%A15-3-12,2018,ラーメン 百名店 EAST 2018,ramen_east,
らーめん芝浜,群馬県桐生市相生町1-303-1,食べログ ラーメン 百名店 EAST 2018 百名店 2018,https://tabelog.com/tokyo/A1303/A130302/10014488/,https://www.google.com/maps/search/?api=1&query=%E3%82%89%E3%83%BC%E3%82%81%E3%82%93%E8%8A%9D%E6%B5%9C%20%E7%BE%A4%E9%A6%AC%E7%9C%8C%E6%A1%90%E7%94%9F%E5%B8%82%E7%9B%B8%E7%94%9F%E7%94%BA1-303-1,2018,ラーメン 百名店 EAST 2018,ramen_east,
麺屋AMORE,静岡県浜松市浜名区寺島2725-2,食べログ ラーメン 百名店 EAST 2018 百名店 2018,https://tabelog.com/tokyo/A1303/A130302/22031748/,https://www.google.com/maps/search/?api=1&query=%E9%BA%BA%E5%B1%8BAMORE%20%E9%9D%99%E5%B2%A1%E7%9C%8C%E6%B5%9C%E6%9D%BE%E5%B8%82%E6%B5%9C%E5%90%8D%E5%8C%BA%E5%AF%BA%E5%B3%B62725-2,2018,ラーメン 百名店 EAST 2018,ramen_east,
青竹手打ラーメン 日向屋,栃木県佐野市免鳥町548-7,食べログ ラーメン 百名店 EAST 2018 百名店 2018,https://tabelog.com/tokyo/A1303/A130302/9009352/,https://www.google.com/maps/search/?api=1&query=%E9%9D%92%E7%AB%B9%E6%89%8B%E6%89%93%E3%83%A9%E3%83%BC%E3%83%A1%E3%83%B3%20%E6%97%A5%E5%90%91%E5%B1%8B%20%E6%A0%83%E6%9C%A8%E7%9C%8C%E4%BD%90%E9%87%8E%E5%B8%82%E5%85%8D%E9%B3%A5%E7%94%BA548-7,2018,ラーメン 百名店 EAST 2018,ramen_east,
味処 むさし野,千葉県松戸市松戸新田133-4,食べログ ラーメン 百名店 EAST 2018 百名店 2018,https://tabelog.com/tokyo/A1303/A130302/12000080/,https://www.google.com/maps/search/?api=1&query=%E5%91%B3%E5%87%A6%20%E3%82%80%E3%81%95%E3%81%97%E9%87%8E%20%E5%8D%83%E8%91%89%E7%9C%8C%E6%9D%BE%E6%88%B8%E5%B8%82%E6%9D%BE%E6%88%B8%E6%96%B0%E7%94%B0133-4,2018,ラーメン 百名店 EAST 2018,ramen_east,
豚星。,神奈川県川崎市中原区木月4-5-20 1F,食べログ ラーメン 百名店 EAST 2018 百名店 2018,https://tabelog.com/tokyo/A1303/A130302/14058333/,https://www.google.com/maps/search/?api=1&query=%E8%B1%9A%E6%98%9F%E3%80%82%20%E7%A5%9E%E5%A5%88%E5%B7%9D%E7%9C%8C%E5%B7%9D%E5%B4%8E%E5%B8%82%E4%B8%AD%E5%8E%9F%E5%8C%BA%E6%9C%A8%E6%9C%884-5-20%201F,2018,ラーメン 百名店 EAST 2018,ramen_east,
麺屋龍壽,静岡県浜松市中央区天王町1241-1,食べログ ラーメン 百名店 EAST 2018 百名店 2018,https://tabelog.com/tokyo/A1303/A130302/22030205/,https://www.google.com/maps/search/?api=1&query=%E9%BA%BA%E5%B1%8B%E9%BE%8D%E5%A3%BD%20%E9%9D%99%E5%B2%A1%E7%9C%8C%E6%B5%9C%E6%9D%BE%E5%B8%82%E4%B8%AD%E5%A4%AE%E5%8C%BA%E5%A4%A9%E7%8E%8B%E7%94%BA1241-1,2018,ラーメン 百名店 EAST 2018,ramen_east,
寿製麺 よしかわ 川越店,埼玉県川越市今福1738-14,食べログ ラーメン 百名店 EAST 2018 百名店 2018,https://tabelog.com/tokyo/A1303/A130302/11040851/,https://www.google.com/maps/search/?api=1&query=%E5%AF%BF%E8%A3%BD%E9%BA%BA%20%E3%82%88%E3%81%97%E3%81%8B%E3%82%8F%20%E5%B7%9D%E8%B6%8A%E5%BA%97%20%E5%9F%BC%E7%8E%89%E7%9C%8C%E5%B7%9D%E8%B6%8A%E5%B8%82%E4%BB%8A%E7%A6%8F1738-14,2018,ラーメン 百名店 EAST 2018,ramen_east,
飯田商店,神奈川県足柄下郡湯河原町土肥2-12-14,食べログ ラーメン 百名店 EAST 2018 百名店 2018,https://tabelog.com/tokyo/A1303/A130302/14038776/,https://www.google.com/maps/search/?api=1&query=%E9%A3%AF%E7%94%B0%E5%95%86%E5%BA%97%20%E7%A5%9E%E5%A5%88%E5%B7%9D%E7%9C%8C%E8%B6%B3%E6%9F%84%E4%B8%8B%E9%83%A1%E6%B9%AF%E6%B2%B3%E5%8E%9F%E7%94%BA%E5%9C%9F%E8%82%A52-12-14,2018,ラーメン 百名店 EAST 2018,ramen_east,
ちっきん,静岡県藤枝市田中2丁目13-6,食べログ ラーメン 百名店 EAST 2018 百名店 2018,https://tabelog.com/tokyo/A1303/A130302/22018484/,https://www.google.com/maps/search/?api=1&query=%E3%81%A1%E3%81%A3%E3%81%8D%E3%82%93%20%E9%9D%99%E5%B2%A1%E7%9C%8C%E8%97%A4%E6%9E%9D%E5%B8%82%E7%94%B0%E4%B8%AD2%E4%B8%81%E7%9B%AE13-6,2018,ラーメン 百名店 EAST 2018,ramen_east,
ラーメン二郎 横浜関内店,神奈川県横浜市中区長者町6-94,食べログ ラーメン 百名店 EAST 2018 百名店 2018,https://tabelog.com/tokyo/A1303/A130302/14001518/,https://www.google.com/maps/search/?api=1&query=%E3%83%A9%E3%83%BC%E3%83%A1%E3%83%B3%E4%BA%8C%E9%83%8E%20%E6%A8%AA%E6%B5%9C%E9%96%A2%E5%86%85%E5%BA%97%20%E7%A5%9E%E5%A5%88%E5%B7%9D%E7%9C%8C%E6%A8%AA%E6%B5%9C%E5%B8%82%E4%B8%AD%E5%8C%BA%E9%95%B7%E8%80%85%E7%94%BA6-94,2018,ラーメン 百名店 EAST 2018,ramen_east,
たかはし中華そば店,青森県弘前市撫牛子1-3-6,食べログ ラーメン 百名店 EAST 2018 百名店 2018,https://tabelog.com/tokyo/A1303/A130302/2000196/,https://www.google.com/maps/search/?api=1&query=%E3%81%9F%E3%81%8B%E3%81%AF%E3%81%97%E4%B8%AD%E8%8F%AF%E3%81%9D%E3%81%B0%E5%BA%97%20%E9%9D%92%E6%A3%AE%E7%9C%8C%E5%BC%98%E5%89%8D%E5%B8%82%E6%92%AB%E7%89%9B%E5%AD%901-3-6,2018,ラーメン 百名店 EAST 2018,ramen_east,
麺饗 松韻,秋田県由利本荘市石脇田頭100-5,食べログ ラーメン 百名店 EAST 2018 百名店 2018,https://tabelog.com/tokyo/A1303/A130302/5005568/,https://www.google.com/maps/search/?api=1&query=%E9%BA%BA%E9%A5%97%20%E6%9D%BE%E9%9F%BB%20%E7%A7%8B%E7%94%B0%E7%9C%8C%E7%94%B1%E5%88%A9%E6%9C%AC%E8%8D%98%E5%B8%82%E7%9F%B3%E8%84%87%E7%94%B0%E9%A0%AD100-5,2018,ラーメン 百名店 EAST 2018,ramen_east,
麺道 麒麟児,長野県長野市川中島町原657-4,食べログ ラーメン 百名店 EAST 2018 百名店 2018,https://tabelog.com/tokyo/A1303/A130302/20017737/,https://www.google.com/maps/search/?api=1&query=%E9%BA%BA%E9%81%93%20%E9%BA%92%E9%BA%9F%E5%85%90%20%E9%95%B7%E9%87%8E%E7%9C%8C%E9%95%B7%E9%87%8E%E5%B8%82%E5%B7%9D%E4%B8%AD%E5%B3%B6%E7%94%BA%E5%8E%9F657-4,2018,ラーメン 百名店 EAST 2018,ramen_east,
らぁ麺 紫陽花,愛知県名古屋市中川区八剱町4-20-1 コーポ源 1F,食べログ ラーメン 百名店 EAST 2018 百名店 2018,https://tabelog.com/tokyo/A1303/A130302/23055953/,https://www.google.com/maps/search/?api=1&query=%E3%82%89%E3%81%81%E9%BA%BA%20%E7%B4%AB%E9%99%BD%E8%8A%B1%20%E6%84%9B%E7%9F%A5%E7%9C%8C%E5%90%8D%E5%8F%A4%E5%B1%8B%E5%B8%82%E4%B8%AD%E5%B7%9D%E5%8C%BA%E5%85%AB%E5%89%B1%E7%94%BA4-20-1%20%E3%82%B3%E3%83%BC%E3%83%9D%E6%BA%90%201F,2018,ラーメン 百名店 EAST 2018,ramen_east,
麺座 かたぶつ,愛知県瀬戸市高根町1-45,食べログ ラーメン 百名店 EAST 2018 百名店 2018,https://tabelog.com/tokyo/A1303/A130302/23044368/,https://www.google.com/maps/search/?api=1&query=%E9%BA%BA%E5%BA%A7%20%E3%81%8B%E3%81%9F%E3%81%B6%E3%81%A4%20%E6%84%9B%E7%9F%A5%E7%9C%8C%E7%80%AC%E6%88%B8%E5%B8%82%E9%AB%98%E6%A0%B9%E7%94%BA1-45,2018,ラーメン 百名店 EAST 2018,ramen_east,
山之手 虎玄,愛知県豊田市山之手5-90,食べログ ラーメン 百名店 EAST 2018 百名店 2018,https://tabelog.com/tokyo/A1303/A130302/23006857/,https://www.google.com/maps/search/?api=1&query=%E5%B1%B1%E4%B9%8B%E6%89%8B%20%E8%99%8E%E7%8E%84%20%E6%84%9B%E7%9F%A5%E7%9C%8C%E8%B1%8A%E7%94%B0%E5%B8%82%E5%B1%B1%E4%B9%8B%E6%89%8B5-90,2018,ラーメン 百名店 EAST 2018,ramen_east,
麺屋 白神,岐阜県関市巾2-144-6,食べログ ラーメン 百名店 EAST 2018 百名店 2018,https://tabelog.com/tokyo/A1303/A130302/21000141/,https://www.google.com/maps/search/?api=1&query=%E9%BA%BA%E5%B1%8B%20%E7%99%BD%E7%A5%9E%20%E5%B2%90%E9%98%9C%E7%9C%8C%E9%96%A2%E5%B8%82%E5%B7%BE2-144-6,2018,ラーメン 百名店 EAST 2018,ramen_east,
ラーメン巌哲,東京都新宿区西早稲田1-10-4,食べログ ラーメン 百名店 TOKYO 2018 百名店 2018,https://tabelog.com/tokyo/A1303/A130302/13167439/,https://www.google.com/maps/search/?api=1&query=%E3%83%A9%E3%83%BC%E3%83%A1%E3%83%B3%E5%B7%8C%E5%93%B2%20%E6%9D%B1%E4%BA%AC%E9%83%BD%E6%96%B0%E5%AE%BF%E5%8C%BA%E8%A5%BF%E6%97%A9%E7%A8%B2%E7%94%B01-10-4,2018,ラーメン 百名店 TOKYO 2018,ramen_tokyo,
すごい煮干ラーメン凪 新宿ゴールデン街店本館,東京都新宿区歌舞伎町1-1-10 ゴールデン街(新宿ゴールデン街Ｇ２通り)  2F,食べログ ラーメン 百名店 TOKYO 2018 百名店 2018,https://tabelog.com/tokyo/A1303/A130302/13054766/,https://www.google.com/maps/search/?api=1&query=%E3%81%99%E3%81%94%E3%81%84%E7%85%AE%E5%B9%B2%E3%83%A9%E3%83%BC%E3%83%A1%E3%83%B3%E5%87%AA%20%E6%96%B0%E5%AE%BF%E3%82%B4%E3%83%BC%E3%83%AB%E3%83%87%E3%83%B3%E8%A1%97%E5%BA%97%E6%9C%AC%E9%A4%A8%20%E6%9D%B1%E4%BA%AC%E9%83%BD%E6%96%B0%E5%AE%BF%E5%8C%BA%E6%AD%8C%E8%88%9E%E4%BC%8E%E7%94%BA1-1-10%20%E3%82%B4%E3%83%BC%E3%83%AB%E3%83%87%E3%83%B3%E8%A1%97%28%E6%96%B0%E5%AE%BF%E3%82%B4%E3%83%BC%E3%83%AB%E3%83%87%E3%83%B3%E8%A1%97%EF%BC%A7%EF%BC%92%E9%80%9A%E3%82%8A%29%20%202F,2018,ラーメン 百名店 TOKYO 2018,ramen_tokyo,
くじら食堂,東京都小金井市梶野町5-1-19,食べログ ラーメン 百名店 TOKYO 2018 百名店 2018,https://tabelog.com/tokyo/A1303/A130302/13159891/,https://www.google.com/maps/search/?api=1&query=%E3%81%8F%E3%81%98%E3%82%89%E9%A3%9F%E5%A0%82%20%E6%9D%B1%E4%BA%AC%E9%83%BD%E5%B0%8F%E9%87%91%E4%BA%95%E5%B8%82%E6%A2%B6%E9%87%8E%E7%94%BA5-1-19,2018,ラーメン 百名店 TOKYO 2018,ramen_tokyo,
麺処 晴,東京都台東区下谷1-11-7,食べログ ラーメン 百名店 TOKYO 2018 百名店 2018,https://tabelog.com/tokyo/A1303/A130302/13143115/,https://www.google.com/maps/search/?api=1&query=%E9%BA%BA%E5%87%A6%20%E6%99%B4%20%E6%9D%B1%E4%BA%AC%E9%83%BD%E5%8F%B0%E6%9D%B1%E5%8C%BA%E4%B8%8B%E8%B0%B71-11-7,2018,ラーメン 百名店 TOKYO 2018,ramen_tokyo,
こうかいぼう,東京都江東区深川2-13-10 ニックハイム深川 1F,食べログ ラーメン 百名店 TOKYO 2018 百名店 2018,https://tabelog.com/tokyo/A1303/A130302/13005052/,https://www.google.com/maps/search/?api=1&query=%E3%81%93%E3%81%86%E3%81%8B%E3%81%84%E3%81%BC%E3%81%86%20%E6%9D%B1%E4%BA%AC%E9%83%BD%E6%B1%9F%E6%9D%B1%E5%8C%BA%E6%B7%B1%E5%B7%9D2-13-10%20%E3%83%8B%E3%83%83%E3%82%AF%E3%83%8F%E3%82%A4%E3%83%A0%E6%B7%B1%E5%B7%9D%201F,2018,ラーメン 百名店 TOKYO 2018,ramen_tokyo,
麺処 銀笹,東京都中央区銀座8-15-2 藤ビル 1F,食べログ ラーメン 百名店 TOKYO 2018 百名店 2018,https://tabelog.com/tokyo/A1303/A130302/13119563/,https://www.google.com/maps/search/?api=1&query=%E9%BA%BA%E5%87%A6%20%E9%8A%80%E7%AC%B9%20%E6%9D%B1%E4%BA%AC%E9%83%BD%E4%B8%AD%E5%A4%AE%E5%8C%BA%E9%8A%80%E5%BA%A78-15-2%20%E8%97%A4%E3%83%93%E3%83%AB%201F,2018,ラーメン 百名店 TOKYO 2018,ramen_tokyo,
中華そば ふくみみ,東京都府中市美好町1-19-6 伊藤コーポ 1F,食べログ ラーメン 百名店 TOKYO 2018 百名店 2018,https://tabelog.com/tokyo/A1303/A130302/13016486/,https://www.google.com/maps/search/?api=1&query=%E4%B8%AD%E8%8F%AF%E3%81%9D%E3%81%B0%20%E3%81%B5%E3%81%8F%E3%81%BF%E3%81%BF%20%E6%9D%B1%E4%BA%AC%E9%83%BD%E5%BA%9C%E4%B8%AD%E5%B8%82%E7%BE%8E%E5%A5%BD%E7%94%BA1-19-6%20%E4%BC%8A%E8%97%A4%E3%82%B3%E3%83%BC%E3%83%9D%201F,2018,ラーメン 百名店 TOKYO 2018,ramen_tokyo,
陽はまたのぼる,東京都足立区綾瀬2-1-4,食べログ ラーメン 百名店 TOKYO 2018 百名店 2018,https://tabelog.com/tokyo/A1303/A130302/13206995/,https://www.google.com/maps/search/?api=1&query=%E9%99%BD%E3%81%AF%E3%81%BE%E3%81%9F%E3%81%AE%E3%81%BC%E3%82%8B%20%E6%9D%B1%E4%BA%AC%E9%83%BD%E8%B6%B3%E7%AB%8B%E5%8C%BA%E7%B6%BE%E7%80%AC2-1-4,2018,ラーメン 百名店 TOKYO 2018,ramen_tokyo,
麺処ほん田,東京都北区東十条1-22-6,食べログ ラーメン 百名店 TOKYO 2018 百名店 2018,https://tabelog.com/tokyo/A1303/A130302/13047541/,https://www.google.com/maps/search/?api=1&query=%E9%BA%BA%E5%87%A6%E3%81%BB%E3%82%93%E7%94%B0%20%E6%9D%B1%E4%BA%AC%E9%83%BD%E5%8C%97%E5%8C%BA%E6%9D%B1%E5%8D%81%E6%9D%A11-22-6,2018,ラーメン 百名店 TOKYO 2018,ramen_tokyo,
中華めん処 道頓堀,東京都板橋区成増2-17-2,食べログ ラーメン 百名店 TOKYO 2018 百名店 2018,https://tabelog.com/tokyo/A1303/A130302/13003812/,https://www.google.com/maps/search/?api=1&query=%E4%B8%AD%E8%8F%AF%E3%82%81%E3%82%93%E5%87%A6%20%E9%81%93%E9%A0%93%E5%A0%80%20%E6%9D%B1%E4%BA%AC%E9%83%BD%E6%9D%BF%E6%A9%8B%E5%8C%BA%E6%88%90%E5%A2%972-17-2,2018,ラーメン 百名店 TOKYO 2018,ramen_tokyo,
むぎとオリーブ 銀座本店,東京都中央区銀座6-12-12 銀座ステラビル 1F,食べログ ラーメン 百名店 TOKYO 2018 百名店 2018,https://tabelog.com/tokyo/A1303/A130302/13164932/,https://www.google.com/maps/search/?api=1&query=%E3%82%80%E3%81%8E%E3%81%A8%E3%82%AA%E3%83%AA%E3%83%BC%E3%83%96%20%E9%8A%80%E5%BA%A7%E6%9C%AC%E5%BA%97%20%E6%9D%B1%E4%BA%AC%E9%83%BD%E4%B8%AD%E5%A4%AE%E5%8C%BA%E9%8A%80%E5%BA%A76-12-12%20%E9%8A%80%E5%BA%A7%E3%82%B9%E3%83%86%E3%83%A9%E3%83%93%E3%83%AB%201F,2018,ラーメン 百名店 TOKYO 2018,ramen_tokyo,
一番いちばん,東京都町田市中町1-28-24 大成ビル　１Ｆ,食べログ ラーメン 百名店 TOKYO 2018 百名店 2018,https://tabelog.com/tokyo/A1303/A130302/13001469/,https://www.google.com/maps/search/?api=1&query=%E4%B8%80%E7%95%AA%E3%81%84%E3%81%A1%E3%81%B0%E3%82%93%20%E6%9D%B1%E4%BA%AC%E9%83%BD%E7%94%BA%E7%94%B0%E5%B8%82%E4%B8%AD%E7%94%BA1-28-24%20%E5%A4%A7%E6%88%90%E3%83%93%E3%83%AB%E3%80%80%EF%BC%91%EF%BC%A6,2018,ラーメン 百名店 TOKYO 2018,ramen_tokyo,
MENSHO,東京都文京区音羽1-17-16 中銀音羽マンシオン１F,食べログ ラーメン 百名店 TOKYO 2018 百名店 2018,https://tabelog.com/tokyo/A1303/A130302/13203848/,https://www.google.com/maps/search/?api=1&query=MENSHO%20%E6%9D%B1%E4%BA%AC%E9%83%BD%E6%96%87%E4%BA%AC%E5%8C%BA%E9%9F%B3%E7%BE%BD1-17-16%20%E4%B8%AD%E9%8A%80%E9%9F%B3%E7%BE%BD%E3%83%9E%E3%83%B3%E3%82%B7%E3%82%AA%E3%83%B3%EF%BC%91F,2018,ラーメン 百名店 TOKYO 2018,ramen_tokyo,
ラーメン屋 トイ・ボックス,東京都荒川区東日暮里1-1-3 1階,食べログ ラーメン 百名店 TOKYO 2018 百名店 2018,https://tabelog.com/tokyo/A1303/A130302/13162973/,https://www.google.com/maps/search/?api=1&query=%E3%83%A9%E3%83%BC%E3%83%A1%E3%83%B3%E5%B1%8B%20%E3%83%88%E3%82%A4%E3%83%BB%E3%83%9C%E3%83%83%E3%82%AF%E3%82%B9%20%E6%9D%B1%E4%BA%AC%E9%83%BD%E8%8D%92%E5%B7%9D%E5%8C%BA%E6%9D%B1%E6%97%A5%E6%9A%AE%E9%87%8C1-1-3%201%E9%9A%8E,2018,ラーメン 百名店 TOKYO 2018,ramen_tokyo,
煮干鰮らーめん 圓 八王子本店,東京都八王子市横山町21-21,食べログ ラーメン 百名店 TOKYO 2018 百名店 2018,https://tabelog.com/tokyo/A1303/A130302/13091258/,https://www.google.com/maps/search/?api=1&query=%E7%85%AE%E5%B9%B2%E9%B0%AE%E3%82%89%E3%83%BC%E3%82%81%E3%82%93%20%E5%9C%93%20%E5%85%AB%E7%8E%8B%E5%AD%90%E6%9C%AC%E5%BA%97%20%E6%9D%B1%E4%BA%AC%E9%83%BD%E5%85%AB%E7%8E%8B%E5%AD%90%E5%B8%82%E6%A8%AA%E5%B1%B1%E7%94%BA21-21,2018,ラーメン 百名店 TOKYO 2018,ramen_tokyo,
おおぜき中華そば店,東京都渋谷区恵比寿西1-9-4 小熊ビル 1Ｆ,食べログ ラーメン 百名店 TOKYO 2018 百名店 2018,https://tabelog.com/tokyo/A1303/A130302/13147623/,https://www.google.com/maps/search/?api=1&query=%E3%81%8A%E3%81%8A%E3%81%9C%E3%81%8D%E4%B8%AD%E8%8F%AF%E3%81%9D%E3%81%B0%E5%BA%97%20%E6%9D%B1%E4%BA%AC%E9%83%BD%E6%B8%8B%E8%B0%B7%E5%8C%BA%E6%81%B5%E6%AF%94%E5%AF%BF%E8%A5%BF1-9-4%20%E5%B0%8F%E7%86%8A%E3%83%93%E3%83%AB%201%EF%BC%A6,2018,ラーメン 百名店 TOKYO 2018,ramen_tokyo,
八雲,東京都目黒区東山3-6-15 エビヤビル 1F,食べログ ラーメン 百名店 TOKYO 2018 百名店 2018,https://tabelog.com/tokyo/A1303/A130302/13204333/,https://www.google.com/maps/search/?api=1&query=%E5%85%AB%E9%9B%B2%20%E6%9D%B1%E4%BA%AC%E9%83%BD%E7%9B%AE%E9%BB%92%E5%8C%BA%E6%9D%B1%E5%B1%B13-6-15%20%E3%82%A8%E3%83%93%E3%83%A4%E3%83%93%E3%83%AB%201F,2018,ラーメン 百名店 TOKYO 2018,ramen_tokyo,
RAMEN CiQUE,東京都杉並区阿佐谷南3-10-8,食べログ ラーメン 百名店 TOKYO 2018 百名店 2018,https://tabelog.com/tokyo/A1303/A130302/13048520/,https://www.google.com/maps/search/?api=1&query=RAMEN%20CiQUE%20%E6%9D%B1%E4%BA%AC%E9%83%BD%E6%9D%89%E4%B8%A6%E5%8C%BA%E9%98%BF%E4%BD%90%E8%B0%B7%E5%8D%973-10-8,2018,ラーメン 百名店 TOKYO 2018,ramen_tokyo,
はやし,東京都渋谷区道玄坂1-14-9 ソシアル道玄坂 1F,食べログ ラーメン 百名店 TOKYO 2018 百名店 2018,https://tabelog.com/tokyo/A1303/A130302/13003367/,https://www.google.com/maps/search/?api=1&query=%E3%81%AF%E3%82%84%E3%81%97%20%E6%9D%B1%E4%BA%AC%E9%83%BD%E6%B8%8B%E8%B0%B7%E5%8C%BA%E9%81%93%E7%8E%84%E5%9D%821-14-9%20%E3%82%BD%E3%82%B7%E3%82%A2%E3%83%AB%E9%81%93%E7%8E%84%E5%9D%82%201F,2018,ラーメン 百名店 TOKYO 2018,ramen_tokyo,
麺尊 RAGE,東京都杉並区松庵3-37-22 レンツェン松庵 1F,食べログ ラーメン 百名店 TOKYO 2018 百名店 2018,https://tabelog.com/tokyo/A1303/A130302/13178309/,https://www.google.com/maps/search/?api=1&query=%E9%BA%BA%E5%B0%8A%20RAGE%20%E6%9D%B1%E4%BA%AC%E9%83%BD%E6%9D%89%E4%B8%A6%E5%8C%BA%E6%9D%BE%E5%BA%B53-37-22%20%E3%83%AC%E3%83%B3%E3%83%84%E3%82%A7%E3%83%B3%E6%9D%BE%E5%BA%B5%201F,2018,ラーメン 百名店 TOKYO 2018,ramen_tokyo,
麺処 篠はら,東京都豊島区池袋3-1-4,食べログ ラーメン 百名店 TOKYO 2018 百名店 2018,https://tabelog.com/tokyo/A1303/A130302/13188419/,https://www.google.com/maps/search/?api=1&query=%E9%BA%BA%E5%87%A6%20%E7%AF%A0%E3%81%AF%E3%82%89%20%E6%9D%B1%E4%BA%AC%E9%83%BD%E8%B1%8A%E5%B3%B6%E5%8C%BA%E6%B1%A0%E8%A2%8B3-1-4,2018,ラーメン 百名店 TOKYO 2018,ramen_tokyo,
一条流がんこ総本家分家四谷荒木町,東京都新宿区舟町4-1 メゾンド四谷 106,食べログ ラーメン 百名店 TOKYO 2018 百名店 2018,https://tabelog.com/tokyo/A1303/A130302/13126058/,https://www.google.com/maps/search/?api=1&query=%E4%B8%80%E6%9D%A1%E6%B5%81%E3%81%8C%E3%82%93%E3%81%93%E7%B7%8F%E6%9C%AC%E5%AE%B6%E5%88%86%E5%AE%B6%E5%9B%9B%E8%B0%B7%E8%8D%92%E6%9C%A8%E7%94%BA%20%E6%9D%B1%E4%BA%AC%E9%83%BD%E6%96%B0%E5%AE%BF%E5%8C%BA%E8%88%9F%E7%94%BA4-1%20%E3%83%A1%E3%82%BE%E3%83%B3%E3%83%89%E5%9B%9B%E8%B0%B7%20106,2018,ラーメン 百名店 TOKYO 2018,ramen_tokyo,
神名備,東京都文京区千駄木4-21-3,食べログ ラーメン 百名店 TOKYO 2018 百名店 2018,https://tabelog.com/tokyo/A1303/A130302/13006070/,https://www.google.com/maps/search/?api=1&query=%E7%A5%9E%E5%90%8D%E5%82%99%20%E6%9D%B1%E4%BA%AC%E9%83%BD%E6%96%87%E4%BA%AC%E5%8C%BA%E5%8D%83%E9%A7%84%E6%9C%A84-21-3,2018,ラーメン 百名店 TOKYO 2018,ramen_tokyo,
麺屋ひょっとこ 交通会館店,東京都千代田区有楽町2-10-1 東京交通会館 B1F,食べログ ラーメン 百名店 TOKYO 2018 百名店 2018,https://tabelog.com/tokyo/A1303/A130302/13046637/,https://www.google.com/maps/search/?api=1&query=%E9%BA%BA%E5%B1%8B%E3%81%B2%E3%82%87%E3%81%A3%E3%81%A8%E3%81%93%20%E4%BA%A4%E9%80%9A%E4%BC%9A%E9%A4%A8%E5%BA%97%20%E6%9D%B1%E4%BA%AC%E9%83%BD%E5%8D%83%E4%BB%A3%E7%94%B0%E5%8C%BA%E6%9C%89%E6%A5%BD%E7%94%BA2-10-1%20%E6%9D%B1%E4%BA%AC%E4%BA%A4%E9%80%9A%E4%BC%9A%E9%A4%A8%20B1F,2018,ラーメン 百名店 TOKYO 2018,ramen_tokyo,
麺や 七彩,東京都中央区八丁堀2-13-2 ドミノビル 1F,食べログ ラーメン 百名店 TOKYO 2018 百名店 2018,https://tabelog.com/tokyo/A1303/A130302/13184399/,https://www.google.com/maps/search/?api=1&query=%E9%BA%BA%E3%82%84%20%E4%B8%83%E5%BD%A9%20%E6%9D%B1%E4%BA%AC%E9%83%BD%E4%B8%AD%E5%A4%AE%E5%8C%BA%E5%85%AB%E4%B8%81%E5%A0%802-13-2%20%E3%83%89%E3%83%9F%E3%83%8E%E3%83%93%E3%83%AB%201F,2018,ラーメン 百名店 TOKYO 2018,ramen_tokyo,
鶏そば  ムタヒロ 2号店,東京都国分寺市本町2-3-6 タリホービル 1Ｆ右,食べログ ラーメン 百名店 TOKYO 2018 百名店 2018,https://tabelog.com/tokyo/A1303/A130302/13147068/,https://www.google.com/maps/search/?api=1&query=%E9%B6%8F%E3%81%9D%E3%81%B0%20%20%E3%83%A0%E3%82%BF%E3%83%92%E3%83%AD%202%E5%8F%B7%E5%BA%97%20%E6%9D%B1%E4%BA%AC%E9%83%BD%E5%9B%BD%E5%88%86%E5%AF%BA%E5%B8%82%E6%9C%AC%E7%94%BA2-3-6%20%E3%82%BF%E3%83%AA%E3%83%9B%E3%83%BC%E3%83%93%E3%83%AB%201%EF%BC%A6%E5%8F%B3,2018,ラーメン 百名店 TOKYO 2018,ramen_tokyo,
麺巧 潮,東京都千代田区神田淡路町2-4-4 アール神田淡路町 B1F,食べログ ラーメン 百名店 TOKYO 2018 百名店 2018,https://tabelog.com/tokyo/A1303/A130302/13147387/,https://www.google.com/maps/search/?api=1&query=%E9%BA%BA%E5%B7%A7%20%E6%BD%AE%20%E6%9D%B1%E4%BA%AC%E9%83%BD%E5%8D%83%E4%BB%A3%E7%94%B0%E5%8C%BA%E7%A5%9E%E7%94%B0%E6%B7%A1%E8%B7%AF%E7%94%BA2-4-4%20%E3%82%A2%E3%83%BC%E3%83%AB%E7%A5%9E%E7%94%B0%E6%B7%A1%E8%B7%AF%E7%94%BA%20B1F,2018,ラーメン 百名店 TOKYO 2018,ramen_tokyo,
六厘舎 東京駅東京ラーメンストリート,東京都千代田区丸の内1-9-1 東京駅一番街 B1F 東京ラーメンストリート内,食べログ ラーメン 百名店 TOKYO 2018 百名店 2018,https://tabelog.com/tokyo/A1303/A130302/13093047/,https://www.google.com/maps/search/?api=1&query=%E5%85%AD%E5%8E%98%E8%88%8E%20%E6%9D%B1%E4%BA%AC%E9%A7%85%E6%9D%B1%E4%BA%AC%E3%83%A9%E3%83%BC%E3%83%A1%E3%83%B3%E3%82%B9%E3%83%88%E3%83%AA%E3%83%BC%E3%83%88%20%E6%9D%B1%E4%BA%AC%E9%83%BD%E5%8D%83%E4%BB%A3%E7%94%B0%E5%8C%BA%E4%B8%B8%E3%81%AE%E5%86%851-9-1%20%E6%9D%B1%E4%BA%AC%E9%A7%85%E4%B8%80%E7%95%AA%E8%A1%97%20B1F%20%E6%9D%B1%E4%BA%AC%E3%83%A9%E3%83%BC%E3%83%A1%E3%83%B3%E3%82%B9%E3%83%88%E3%83%AA%E3%83%BC%E3%83%88%E5%86%85,2018,ラーメン 百名店 TOKYO 2018,ramen_tokyo,
中華そば ムタヒロ  1号店,東京都国分寺市南町3-15-9 寿コーポB号 1F,食べログ ラーメン 百名店 TOKYO 2018 百名店 2018,https://tabelog.com/tokyo/A1303/A130302/13131257/,https://www.google.com/maps/search/?api=1&query=%E4%B8%AD%E8%8F%AF%E3%81%9D%E3%81%B0%20%E3%83%A0%E3%82%BF%E3%83%92%E3%83%AD%20%201%E5%8F%B7%E5%BA%97%20%E6%9D%B1%E4%BA%AC%E9%83%BD%E5%9B%BD%E5%88%86%E5%AF%BA%E5%B8%82%E5%8D%97%E7%94%BA3-15-9%20%E5%AF%BF%E3%82%B3%E3%83%BC%E3%83%9DB%E5%8F%B7%201F,2018,ラーメン 百名店 TOKYO 2018,ramen_tokyo,
食堂七彩,東京都中野区鷺宮3-1-12,食べログ ラーメン 百名店 TOKYO 2018 百名店 2018,https://tabelog.com/tokyo/A1303/A130302/13145418/,https://www.google.com/maps/search/?api=1&query=%E9%A3%9F%E5%A0%82%E4%B8%83%E5%BD%A9%20%E6%9D%B1%E4%BA%AC%E9%83%BD%E4%B8%AD%E9%87%8E%E5%8C%BA%E9%B7%BA%E5%AE%AE3-1-12,2018,ラーメン 百名店 TOKYO 2018,ramen_tokyo,
麺 みつヰ,東京都台東区西浅草2-10-4 あけぼのビル1B,食べログ ラーメン 百名店 TOKYO 2018 百名店 2018,https://tabelog.com/tokyo/A1303/A130302/13203387/,https://www.google.com/maps/search/?api=1&query=%E9%BA%BA%20%E3%81%BF%E3%81%A4%E3%83%B0%20%E6%9D%B1%E4%BA%AC%E9%83%BD%E5%8F%B0%E6%9D%B1%E5%8C%BA%E8%A5%BF%E6%B5%85%E8%8D%892-10-4%20%E3%81%82%E3%81%91%E3%81%BC%E3%81%AE%E3%83%93%E3%83%AB1B,2018,ラーメン 百名店 TOKYO 2018,ramen_tokyo,
Japanese Soba Noodles 蔦,東京都豊島区巣鴨1-14-1 Plateau-Saka 1F,食べログ ラーメン 百名店 TOKYO 2018 百名店 2018,https://tabelog.com/tokyo/A1303/A130302/13136231/,https://www.google.com/maps/search/?api=1&query=Japanese%20Soba%20Noodles%20%E8%94%A6%20%E6%9D%B1%E4%BA%AC%E9%83%BD%E8%B1%8A%E5%B3%B6%E5%8C%BA%E5%B7%A3%E9%B4%A81-14-1%20Plateau-Saka%201F,2018,ラーメン 百名店 TOKYO 2018,ramen_tokyo,
中華そば しながわ,東京都豊島区西池袋4-19-14,食べログ ラーメン 百名店 TOKYO 2018 百名店 2018,https://tabelog.com/tokyo/A1303/A130302/13157559/,https://www.google.com/maps/search/?api=1&query=%E4%B8%AD%E8%8F%AF%E3%81%9D%E3%81%B0%20%E3%81%97%E3%81%AA%E3%81%8C%E3%82%8F%20%E6%9D%B1%E4%BA%AC%E9%83%BD%E8%B1%8A%E5%B3%B6%E5%8C%BA%E8%A5%BF%E6%B1%A0%E8%A2%8B4-19-14,2018,ラーメン 百名店 TOKYO 2018,ramen_tokyo,
ラーメン二郎 三田本店,東京都港区三田2-16-4,食べログ ラーメン 百名店 TOKYO 2018 百名店 2018,https://tabelog.com/tokyo/A1303/A130302/13006051/,https://www.google.com/maps/search/?api=1&query=%E3%83%A9%E3%83%BC%E3%83%A1%E3%83%B3%E4%BA%8C%E9%83%8E%20%E4%B8%89%E7%94%B0%E6%9C%AC%E5%BA%97%20%E6%9D%B1%E4%BA%AC%E9%83%BD%E6%B8%AF%E5%8C%BA%E4%B8%89%E7%94%B02-16-4,2018,ラーメン 百名店 TOKYO 2018,ramen_tokyo,
中華そば 多賀野,東京都品川区中延2-15-10,食べログ ラーメン 百名店 TOKYO 2018 百名店 2018,https://tabelog.com/tokyo/A1303/A130302/13003421/,https://www.google.com/maps/search/?api=1&query=%E4%B8%AD%E8%8F%AF%E3%81%9D%E3%81%B0%20%E5%A4%9A%E8%B3%80%E9%87%8E%20%E6%9D%B1%E4%BA%AC%E9%83%BD%E5%93%81%E5%B7%9D%E5%8C%BA%E4%B8%AD%E5%BB%B62-15-10,2018,ラーメン 百名店 TOKYO 2018,ramen_tokyo,
燦燦斗,東京都北区中十条3-16-15,食べログ ラーメン 百名店 TOKYO 2018 百名店 2018,https://tabelog.com/tokyo/A1303/A130302/13038064/,https://www.google.com/maps/search/?api=1&query=%E7%87%A6%E7%87%A6%E6%96%97%20%E6%9D%B1%E4%BA%AC%E9%83%BD%E5%8C%97%E5%8C%BA%E4%B8%AD%E5%8D%81%E6%9D%A13-16-15,2018,ラーメン 百名店 TOKYO 2018,ramen_tokyo,
らぁめん小池,東京都世田谷区上北沢4-19-18 上北沢ハイネスコーポ1F,食べログ ラーメン 百名店 TOKYO 2018 百名店 2018,https://tabelog.com/tokyo/A1303/A130302/13172994/,https://www.google.com/maps/search/?api=1&query=%E3%82%89%E3%81%81%E3%82%81%E3%82%93%E5%B0%8F%E6%B1%A0%20%E6%9D%B1%E4%BA%AC%E9%83%BD%E4%B8%96%E7%94%B0%E8%B0%B7%E5%8C%BA%E4%B8%8A%E5%8C%97%E6%B2%A24-19-18%20%E4%B8%8A%E5%8C%97%E6%B2%A2%E3%83%8F%E3%82%A4%E3%83%8D%E3%82%B9%E3%82%B3%E3%83%BC%E3%83%9D1F,2018,ラーメン 百名店 TOKYO 2018,ramen_tokyo,
麺屋 ねむ瑠,東京都文京区本郷4-3-2,食べログ ラーメン 百名店 TOKYO 2018 百名店 2018,https://tabelog.com/tokyo/A1303/A130302/13186981/,https://www.google.com/maps/search/?api=1&query=%E9%BA%BA%E5%B1%8B%20%E3%81%AD%E3%82%80%E7%91%A0%20%E6%9D%B1%E4%BA%AC%E9%83%BD%E6%96%87%E4%BA%AC%E5%8C%BA%E6%9C%AC%E9%83%B74-3-2,2018,ラーメン 百名店 TOKYO 2018,ramen_tokyo,
牛骨らぁ麺マタドール,東京都足立区千住東2-4-17 中村ビル１Ｆ,食べログ ラーメン 百名店 TOKYO 2018 百名店 2018,https://tabelog.com/tokyo/A1303/A130302/13128987/,https://www.google.com/maps/search/?api=1&query=%E7%89%9B%E9%AA%A8%E3%82%89%E3%81%81%E9%BA%BA%E3%83%9E%E3%82%BF%E3%83%89%E3%83%BC%E3%83%AB%20%E6%9D%B1%E4%BA%AC%E9%83%BD%E8%B6%B3%E7%AB%8B%E5%8C%BA%E5%8D%83%E4%BD%8F%E6%9D%B12-4-17%20%E4%B8%AD%E6%9D%91%E3%83%93%E3%83%AB%EF%BC%91%EF%BC%A6,2018,ラーメン 百名店 TOKYO 2018,ramen_tokyo,
タンタン,東京都八王子市子安町1-30-6,食べログ ラーメン 百名店 TOKYO 2018 百名店 2018,https://tabelog.com/tokyo/A1303/A130302/13046007/,https://www.google.com/maps/search/?api=1&query=%E3%82%BF%E3%83%B3%E3%82%BF%E3%83%B3%20%E6%9D%B1%E4%BA%AC%E9%83%BD%E5%85%AB%E7%8E%8B%E5%AD%90%E5%B8%82%E5%AD%90%E5%AE%89%E7%94%BA1-30-6,2018,ラーメン 百名店 TOKYO 2018,ramen_tokyo,
四川担担麺 阿吽 湯島本店,東京都文京区湯島3-25-11,食べログ ラーメン 百名店 TOKYO 2018 百名店 2018,https://tabelog.com/tokyo/A1303/A130302/13042564/,https://www.google.com/maps/search/?api=1&query=%E5%9B%9B%E5%B7%9D%E6%8B%85%E6%8B%85%E9%BA%BA%20%E9%98%BF%E5%90%BD%20%E6%B9%AF%E5%B3%B6%E6%9C%AC%E5%BA%97%20%E6%9D%B1%E4%BA%AC%E9%83%BD%E6%96%87%E4%BA%AC%E5%8C%BA%E6%B9%AF%E5%B3%B63-25-11,2018,ラーメン 百名店 TOKYO 2018,ramen_tokyo,
SOBA HOUSE 金色不如帰,東京都渋谷区幡ヶ谷2-47-12,食べログ ラーメン 百名店 TOKYO 2018 百名店 2018,https://tabelog.com/tokyo/A1303/A130302/13022582/,https://www.google.com/maps/search/?api=1&query=SOBA%20HOUSE%20%E9%87%91%E8%89%B2%E4%B8%8D%E5%A6%82%E5%B8%B0%20%E6%9D%B1%E4%BA%AC%E9%83%BD%E6%B8%8B%E8%B0%B7%E5%8C%BA%E5%B9%A1%E3%83%B6%E8%B0%B72-47-12,2018,ラーメン 百名店 TOKYO 2018,ramen_tokyo,
らぁ麺 はやし田 新宿本店,東京都新宿区新宿3-31-5 新宿ペガサス館 1F,食べログ ラーメン 百名店 TOKYO 2018 百名店 2018,https://tabelog.com/tokyo/A1303/A130302/13216496/,https://www.google.com/maps/search/?api=1&query=%E3%82%89%E3%81%81%E9%BA%BA%20%E3%81%AF%E3%82%84%E3%81%97%E7%94%B0%20%E6%96%B0%E5%AE%BF%E6%9C%AC%E5%BA%97%20%E6%9D%B1%E4%BA%AC%E9%83%BD%E6%96%B0%E5%AE%BF%E5%8C%BA%E6%96%B0%E5%AE%BF3-31-5%20%E6%96%B0%E5%AE%BF%E3%83%9A%E3%82%AC%E3%82%B5%E3%82%B9%E9%A4%A8%201F,2018,ラーメン 百名店 TOKYO 2018,ramen_tokyo,
そらのいろ麹町本舗,東京都千代田区平河町1-3-10 ブルービル本館1B,食べログ ラーメン 百名店 TOKYO 2018 百名店 2018,https://tabelog.com/tokyo/A1303/A130302/13126816/,https://www.google.com/maps/search/?api=1&query=%E3%81%9D%E3%82%89%E3%81%AE%E3%81%84%E3%82%8D%E9%BA%B9%E7%94%BA%E6%9C%AC%E8%88%97%20%E6%9D%B1%E4%BA%AC%E9%83%BD%E5%8D%83%E4%BB%A3%E7%94%B0%E5%8C%BA%E5%B9%B3%E6%B2%B3%E7%94%BA1-3-10%20%E3%83%96%E3%83%AB%E3%83%BC%E3%83%93%E3%83%AB%E6%9C%AC%E9%A4%A81B,2018,ラーメン 百名店 TOKYO 2018,ramen_tokyo,
手打式超多加水麺 ののくら,東京都葛飾区亀有3-11-11 マーベラス大協ビル 1F,食べログ ラーメン 百名店 TOKYO 2018 百名店 2018,https://tabelog.com/tokyo/A1303/A130302/13215713/,https://www.google.com/maps/search/?api=1&query=%E6%89%8B%E6%89%93%E5%BC%8F%E8%B6%85%E5%A4%9A%E5%8A%A0%E6%B0%B4%E9%BA%BA%20%E3%81%AE%E3%81%AE%E3%81%8F%E3%82%89%20%E6%9D%B1%E4%BA%AC%E9%83%BD%E8%91%9B%E9%A3%BE%E5%8C%BA%E4%BA%80%E6%9C%893-11-11%20%E3%83%9E%E3%83%BC%E3%83%99%E3%83%A9%E3%82%B9%E5%A4%A7%E5%8D%94%E3%83%93%E3%83%AB%201F,2018,ラーメン 百名店 TOKYO 2018,ramen_tokyo,
BASSOドリルマン,東京都豊島区西池袋2-9-7 プエルト西池袋　１Ｆ,食べログ ラーメン 百名店 TOKYO 2018 百名店 2018,https://tabelog.com/tokyo/A1303/A130302/13057282/,https://www.google.com/maps/search/?api=1&query=BASSO%E3%83%89%E3%83%AA%E3%83%AB%E3%83%9E%E3%83%B3%20%E6%9D%B1%E4%BA%AC%E9%83%BD%E8%B1%8A%E5%B3%B6%E5%8C%BA%E8%A5%BF%E6%B1%A0%E8%A2%8B2-9-7%20%E3%83%97%E3%82%A8%E3%83%AB%E3%83%88%E8%A5%BF%E6%B1%A0%E8%A2%8B%E3%80%80%EF%BC%91%EF%BC%A6,2018,ラーメン 百名店 TOKYO 2018,ramen_tokyo,
麺屋 Hulu-lu,東京都豊島区池袋2-60-7,食べログ ラーメン 百名店 TOKYO 2018 百名店 2018,https://tabelog.com/tokyo/A1303/A130302/13136428/,https://www.google.com/maps/search/?api=1&query=%E9%BA%BA%E5%B1%8B%20Hulu-lu%20%E6%9D%B1%E4%BA%AC%E9%83%BD%E8%B1%8A%E5%B3%B6%E5%8C%BA%E6%B1%A0%E8%A2%8B2-60-7,2018,ラーメン 百名店 TOKYO 2018,ramen_tokyo,
町田汁場 しおらーめん進化 本店,東京都町田市森野3-18-17 ウイング森野 1F,食べログ ラーメン 百名店 TOKYO 2018 百名店 2018,https://tabelog.com/tokyo/A1303/A130302/13050023/,https://www.google.com/maps/search/?api=1&query=%E7%94%BA%E7%94%B0%E6%B1%81%E5%A0%B4%20%E3%81%97%E3%81%8A%E3%82%89%E3%83%BC%E3%82%81%E3%82%93%E9%80%B2%E5%8C%96%20%E6%9C%AC%E5%BA%97%20%E6%9D%B1%E4%BA%AC%E9%83%BD%E7%94%BA%E7%94%B0%E5%B8%82%E6%A3%AE%E9%87%8E3-18-17%20%E3%82%A6%E3%82%A4%E3%83%B3%E3%82%B0%E6%A3%AE%E9%87%8E%201F,2018,ラーメン 百名店 TOKYO 2018,ramen_tokyo,
町田汁場 しおらーめん進化 町田駅前店,東京都町田市森野1-12-13 ワールドビル 2F,食べログ ラーメン 百名店 TOKYO 2018 百名店 2018,https://tabelog.com/tokyo/A1303/A130302/13165085/,https://www.google.com/maps/search/?api=1&query=%E7%94%BA%E7%94%B0%E6%B1%81%E5%A0%B4%20%E3%81%97%E3%81%8A%E3%82%89%E3%83%BC%E3%82%81%E3%82%93%E9%80%B2%E5%8C%96%20%E7%94%BA%E7%94%B0%E9%A7%85%E5%89%8D%E5%BA%97%20%E6%9D%B1%E4%BA%AC%E9%83%BD%E7%94%BA%E7%94%B0%E5%B8%82%E6%A3%AE%E9%87%8E1-12-13%20%E3%83%AF%E3%83%BC%E3%83%AB%E3%83%89%E3%83%93%E3%83%AB%202F,2018,ラーメン 百名店 TOKYO 2018,ramen_tokyo,
らーめん 稲荷屋,東京都台東区元浅草2-10-13 島田ビル 1F,食べログ ラーメン 百名店 TOKYO 2018 百名店 2018,https://tabelog.com/tokyo/A1303/A130302/13180646/,https://www.google.com/maps/search/?api=1&query=%E3%82%89%E3%83%BC%E3%82%81%E3%82%93%20%E7%A8%B2%E8%8D%B7%E5%B1%8B%20%E6%9D%B1%E4%BA%AC%E9%83%BD%E5%8F%B0%E6%9D%B1%E5%8C%BA%E5%85%83%E6%B5%85%E8%8D%892-10-13%20%E5%B3%B6%E7%94%B0%E3%83%93%E3%83%AB%201F,2018,ラーメン 百名店 TOKYO 2018,ramen_tokyo,
麺屋 瑞風,東京都西東京市田無町3-11-13 ラ・メーサ田無 1F,食べログ ラーメン 百名店 TOKYO 2018 百名店 2018,https://tabelog.com/tokyo/A1303/A130302/13194366/,https://www.google.com/maps/search/?api=1&query=%E9%BA%BA%E5%B1%8B%20%E7%91%9E%E9%A2%A8%20%E6%9D%B1%E4%BA%AC%E9%83%BD%E8%A5%BF%E6%9D%B1%E4%BA%AC%E5%B8%82%E7%94%B0%E7%84%A1%E7%94%BA3-11-13%20%E3%83%A9%E3%83%BB%E3%83%A1%E3%83%BC%E3%82%B5%E7%94%B0%E7%84%A1%201F,2018,ラーメン 百名店 TOKYO 2018,ramen_tokyo,
麺屋 翔 本店,東京都新宿区西新宿7-22-34,食べログ ラーメン 百名店 TOKYO 2018 百名店 2018,https://tabelog.com/tokyo/A1303/A130302/13040181/,https://www.google.com/maps/search/?api=1&query=%E9%BA%BA%E5%B1%8B%20%E7%BF%94%20%E6%9C%AC%E5%BA%97%20%E6%9D%B1%E4%BA%AC%E9%83%BD%E6%96%B0%E5%AE%BF%E5%8C%BA%E8%A5%BF%E6%96%B0%E5%AE%BF7-22-34,2018,ラーメン 百名店 TOKYO 2018,ramen_tokyo,
麺や庄の,東京都新宿区市谷田町1-3 クレセントビル 1Ｆ,食べログ ラーメン 百名店 TOKYO 2018 百名店 2018,https://tabelog.com/tokyo/A1303/A130302/13126304/,https://www.google.com/maps/search/?api=1&query=%E9%BA%BA%E3%82%84%E5%BA%84%E3%81%AE%20%E6%9D%B1%E4%BA%AC%E9%83%BD%E6%96%B0%E5%AE%BF%E5%8C%BA%E5%B8%82%E8%B0%B7%E7%94%B0%E7%94%BA1-3%20%E3%82%AF%E3%83%AC%E3%82%BB%E3%83%B3%E3%83%88%E3%83%93%E3%83%AB%201%EF%BC%A6,2018,ラーメン 百名店 TOKYO 2018,ramen_tokyo,
中華蕎麦 蘭鋳,東京都杉並区堀ノ内2-13-13,食べログ ラーメン 百名店 TOKYO 2018 百名店 2018,https://tabelog.com/tokyo/A1303/A130302/13113532/,https://www.google.com/maps/search/?api=1&query=%E4%B8%AD%E8%8F%AF%E8%95%8E%E9%BA%A6%20%E8%98%AD%E9%8B%B3%20%E6%9D%B1%E4%BA%AC%E9%83%BD%E6%9D%89%E4%B8%A6%E5%8C%BA%E5%A0%80%E3%83%8E%E5%86%852-13-13,2018,ラーメン 百名店 TOKYO 2018,ramen_tokyo,
柴崎亭 つつじヶ丘本店,東京都調布市西つつじケ丘3-25-52,食べログ ラーメン 百名店 TOKYO 2018 百名店 2018,https://tabelog.com/tokyo/A1303/A130302/13135162/,https://www.google.com/maps/search/?api=1&query=%E6%9F%B4%E5%B4%8E%E4%BA%AD%20%E3%81%A4%E3%81%A4%E3%81%98%E3%83%B6%E4%B8%98%E6%9C%AC%E5%BA%97%20%E6%9D%B1%E4%BA%AC%E9%83%BD%E8%AA%BF%E5%B8%83%E5%B8%82%E8%A5%BF%E3%81%A4%E3%81%A4%E3%81%98%E3%82%B1%E4%B8%983-25-52,2018,ラーメン 百名店 TOKYO 2018,ramen_tokyo,
竹末東京Premium,東京都墨田区業平5-14-7 フラーリシ押上 1F,食べログ ラーメン 百名店 TOKYO 2018 百名店 2018,https://tabelog.com/tokyo/A1303/A130302/13167920/,https://www.google.com/maps/search/?api=1&query=%E7%AB%B9%E6%9C%AB%E6%9D%B1%E4%BA%ACPremium%20%E6%9D%B1%E4%BA%AC%E9%83%BD%E5%A2%A8%E7%94%B0%E5%8C%BA%E6%A5%AD%E5%B9%B35-14-7%20%E3%83%95%E3%83%A9%E3%83%BC%E3%83%AA%E3%82%B7%E6%8A%BC%E4%B8%8A%201F,2018,ラーメン 百名店 TOKYO 2018,ramen_tokyo,
麺屋KABOちゃん,東京都北区西ケ原1-54-1,食べログ ラーメン 百名店 TOKYO 2018 百名店 2018,https://tabelog.com/tokyo/A1303/A130302/13151928/,https://www.google.com/maps/search/?api=1&query=%E9%BA%BA%E5%B1%8BKABO%E3%81%A1%E3%82%83%E3%82%93%20%E6%9D%B1%E4%BA%AC%E9%83%BD%E5%8C%97%E5%8C%BA%E8%A5%BF%E3%82%B1%E5%8E%9F1-54-1,2018,ラーメン 百名店 TOKYO 2018,ramen_tokyo,
饗 くろ喜,東京都千代田区神田和泉町2-15 四連ビル3号館　1F,食べログ ラーメン 百名店 TOKYO 2018 百名店 2018,https://tabelog.com/tokyo/A1303/A130302/13127743/,https://www.google.com/maps/search/?api=1&query=%E9%A5%97%20%E3%81%8F%E3%82%8D%E5%96%9C%20%E6%9D%B1%E4%BA%AC%E9%83%BD%E5%8D%83%E4%BB%A3%E7%94%B0%E5%8C%BA%E7%A5%9E%E7%94%B0%E5%92%8C%E6%B3%89%E7%94%BA2-15%20%E5%9B%9B%E9%80%A3%E3%83%93%E3%83%AB3%E5%8F%B7%E9%A4%A8%E3%80%801F,2018,ラーメン 百名店 TOKYO 2018,ramen_tokyo,
超純水採麺 天国屋,東京都町田市金森4-1-1,食べログ ラーメン 百名店 TOKYO 2018 百名店 2018,https://tabelog.com/tokyo/A1303/A130302/13162732/,https://www.google.com/maps/search/?api=1&query=%E8%B6%85%E7%B4%94%E6%B0%B4%E6%8E%A1%E9%BA%BA%20%E5%A4%A9%E5%9B%BD%E5%B1%8B%20%E6%9D%B1%E4%BA%AC%E9%83%BD%E7%94%BA%E7%94%B0%E5%B8%82%E9%87%91%E6%A3%AE4-1-1,2018,ラーメン 百名店 TOKYO 2018,ramen_tokyo,
かしわぎ,東京都中野区東中野1-36-7,食べログ ラーメン 百名店 TOKYO 2018 百名店 2018,https://tabelog.com/tokyo/A1303/A130302/13209326/,https://www.google.com/maps/search/?api=1&query=%E3%81%8B%E3%81%97%E3%82%8F%E3%81%8E%20%E6%9D%B1%E4%BA%AC%E9%83%BD%E4%B8%AD%E9%87%8E%E5%8C%BA%E6%9D%B1%E4%B8%AD%E9%87%8E1-36-7,2018,ラーメン 百名店 TOKYO 2018,ramen_tokyo,
ろく月,東京都台東区浅草橋2-4-5,食べログ ラーメン 百名店 TOKYO 2018 百名店 2018,https://tabelog.com/tokyo/A1303/A130302/13161632/,https://www.google.com/maps/search/?api=1&query=%E3%82%8D%E3%81%8F%E6%9C%88%20%E6%9D%B1%E4%BA%AC%E9%83%BD%E5%8F%B0%E6%9D%B1%E5%8C%BA%E6%B5%85%E8%8D%89%E6%A9%8B2-4-5,2018,ラーメン 百名店 TOKYO 2018,ramen_tokyo,
麺屋吉左右,東京都江東区東陽1-11-3,食べログ ラーメン 百名店 TOKYO 2018 百名店 2018,https://tabelog.com/tokyo/A1303/A130302/13021140/,https://www.google.com/maps/search/?api=1&query=%E9%BA%BA%E5%B1%8B%E5%90%89%E5%B7%A6%E5%8F%B3%20%E6%9D%B1%E4%BA%AC%E9%83%BD%E6%B1%9F%E6%9D%B1%E5%8C%BA%E6%9D%B1%E9%99%BD1-11-3,2018,ラーメン 百名店 TOKYO 2018,ramen_tokyo,
めだかタンタン,東京都昭島市玉川町3-17-17,食べログ ラーメン 百名店 TOKYO 2018 百名店 2018,https://tabelog.com/tokyo/A1303/A130302/13172508/,https://www.google.com/maps/search/?api=1&query=%E3%82%81%E3%81%A0%E3%81%8B%E3%82%BF%E3%83%B3%E3%82%BF%E3%83%B3%20%E6%9D%B1%E4%BA%AC%E9%83%BD%E6%98%AD%E5%B3%B6%E5%B8%82%E7%8E%89%E5%B7%9D%E7%94%BA3-17-17,2018,ラーメン 百名店 TOKYO 2018,ramen_tokyo,
麺屋一燈,東京都葛飾区東新小岩1-4-17,食べログ ラーメン 百名店 TOKYO 2018 百名店 2018,https://tabelog.com/tokyo/A1303/A130302/13111737/,https://www.google.com/maps/search/?api=1&query=%E9%BA%BA%E5%B1%8B%E4%B8%80%E7%87%88%20%E6%9D%B1%E4%BA%AC%E9%83%BD%E8%91%9B%E9%A3%BE%E5%8C%BA%E6%9D%B1%E6%96%B0%E5%B0%8F%E5%B2%A91-4-17,2018,ラーメン 百名店 TOKYO 2018,ramen_tokyo,
鶏こく中華 すず喜,東京都三鷹市下連雀3-28-21 公団三鷹駅前第2アパートB 1,食べログ ラーメン 百名店 TOKYO 2018 百名店 2018,https://tabelog.com/tokyo/A1303/A130302/13215409/,https://www.google.com/maps/search/?api=1&query=%E9%B6%8F%E3%81%93%E3%81%8F%E4%B8%AD%E8%8F%AF%20%E3%81%99%E3%81%9A%E5%96%9C%20%E6%9D%B1%E4%BA%AC%E9%83%BD%E4%B8%89%E9%B7%B9%E5%B8%82%E4%B8%8B%E9%80%A3%E9%9B%803-28-21%20%E5%85%AC%E5%9B%A3%E4%B8%89%E9%B7%B9%E9%A7%85%E5%89%8D%E7%AC%AC2%E3%82%A2%E3%83%91%E3%83%BC%E3%83%88B%201,2018,ラーメン 百名店 TOKYO 2018,ramen_tokyo,
麺屋はなび 新宿店,東京都新宿区大久保2-8-16 コスモビル 1F,食べログ ラーメン 百名店 TOKYO 2018 百名店 2018,https://tabelog.com/tokyo/A1303/A130302/13170488/,https://www.google.com/maps/search/?api=1&query=%E9%BA%BA%E5%B1%8B%E3%81%AF%E3%81%AA%E3%81%B3%20%E6%96%B0%E5%AE%BF%E5%BA%97%20%E6%9D%B1%E4%BA%AC%E9%83%BD%E6%96%B0%E5%AE%BF%E5%8C%BA%E5%A4%A7%E4%B9%85%E4%BF%9D2-8-16%20%E3%82%B3%E3%82%B9%E3%83%A2%E3%83%93%E3%83%AB%201F,2018,ラーメン 百名店 TOKYO 2018,ramen_tokyo,
ラーメン大至,東京都文京区湯島2-1-2 佐藤ビル 1F,食べログ ラーメン 百名店 TOKYO 2018 百名店 2018,https://tabelog.com/tokyo/A1303/A130302/13042832/,https://www.google.com/maps/search/?api=1&query=%E3%83%A9%E3%83%BC%E3%83%A1%E3%83%B3%E5%A4%A7%E8%87%B3%20%E6%9D%B1%E4%BA%AC%E9%83%BD%E6%96%87%E4%BA%AC%E5%8C%BA%E6%B9%AF%E5%B3%B62-1-2%20%E4%BD%90%E8%97%A4%E3%83%93%E3%83%AB%201F,2018,ラーメン 百名店 TOKYO 2018,ramen_tokyo,
ラーメン英二,東京都府中市晴見町3-1-22 レジェンドチダ第2ビル 1F,食べログ ラーメン 百名店 TOKYO 2018 百名店 2018,https://tabelog.com/tokyo/A1303/A130302/13164704/,https://www.google.com/maps/search/?api=1&query=%E3%83%A9%E3%83%BC%E3%83%A1%E3%83%B3%E8%8B%B1%E4%BA%8C%20%E6%9D%B1%E4%BA%AC%E9%83%BD%E5%BA%9C%E4%B8%AD%E5%B8%82%E6%99%B4%E8%A6%8B%E7%94%BA3-1-22%20%E3%83%AC%E3%82%B8%E3%82%A7%E3%83%B3%E3%83%89%E3%83%81%E3%83%80%E7%AC%AC2%E3%83%93%E3%83%AB%201F,2018,ラーメン 百名店 TOKYO 2018,ramen_tokyo,
中華そば しば田,東京都調布市若葉町2-25-20,食べログ ラーメン 百名店 TOKYO 2018 百名店 2018,https://tabelog.com/tokyo/A1303/A130302/13162681/,https://www.google.com/maps/search/?api=1&query=%E4%B8%AD%E8%8F%AF%E3%81%9D%E3%81%B0%20%E3%81%97%E3%81%B0%E7%94%B0%20%E6%9D%B1%E4%BA%AC%E9%83%BD%E8%AA%BF%E5%B8%83%E5%B8%82%E8%8B%A5%E8%91%89%E7%94%BA2-25-20,2018,ラーメン 百名店 TOKYO 2018,ramen_tokyo,
自家製麺 MENSHO TOKYO,東京都文京区春日1-15-9,食べログ ラーメン 百名店 TOKYO 2018 百名店 2018,https://tabelog.com/tokyo/A1303/A130302/13171239/,https://www.google.com/maps/search/?api=1&query=%E8%87%AA%E5%AE%B6%E8%A3%BD%E9%BA%BA%20MENSHO%20TOKYO%20%E6%9D%B1%E4%BA%AC%E9%83%BD%E6%96%87%E4%BA%AC%E5%8C%BA%E6%98%A5%E6%97%A51-15-9,2018,ラーメン 百名店 TOKYO 2018,ramen_tokyo,
中華麺店 喜楽,東京都渋谷区道玄坂2-17-6,食べログ ラーメン 百名店 TOKYO 2018 百名店 2018,https://tabelog.com/tokyo/A1303/A130302/13001705/,https://www.google.com/maps/search/?api=1&query=%E4%B8%AD%E8%8F%AF%E9%BA%BA%E5%BA%97%20%E5%96%9C%E6%A5%BD%20%E6%9D%B1%E4%BA%AC%E9%83%BD%E6%B8%8B%E8%B0%B7%E5%8C%BA%E9%81%93%E7%8E%84%E5%9D%822-17-6,2018,ラーメン 百名店 TOKYO 2018,ramen_tokyo,
ラーメン二郎 ひばりヶ丘駅前店,東京都西東京市谷戸町3-27-24 ひばりがおかプラザ　１Ｆ,食べログ ラーメン 百名店 TOKYO 2018 百名店 2018,https://tabelog.com/tokyo/A1303/A130302/13024745/,https://www.google.com/maps/search/?api=1&query=%E3%83%A9%E3%83%BC%E3%83%A1%E3%83%B3%E4%BA%8C%E9%83%8E%20%E3%81%B2%E3%81%B0%E3%82%8A%E3%83%B6%E4%B8%98%E9%A7%85%E5%89%8D%E5%BA%97%20%E6%9D%B1%E4%BA%AC%E9%83%BD%E8%A5%BF%E6%9D%B1%E4%BA%AC%E5%B8%82%E8%B0%B7%E6%88%B8%E7%94%BA3-27-24%20%E3%81%B2%E3%81%B0%E3%82%8A%E3%81%8C%E3%81%8A%E3%81%8B%E3%83%97%E3%83%A9%E3%82%B6%E3%80%80%EF%BC%91%EF%BC%A6,2018,ラーメン 百名店 TOKYO 2018,ramen_tokyo,
煮干しつけ麺 宮元,東京都大田区西蒲田7-8-1 1F,食べログ ラーメン 百名店 TOKYO 2018 百名店 2018,https://tabelog.com/tokyo/A1303/A130302/13180862/,https://www.google.com/maps/search/?api=1&query=%E7%85%AE%E5%B9%B2%E3%81%97%E3%81%A4%E3%81%91%E9%BA%BA%20%E5%AE%AE%E5%85%83%20%E6%9D%B1%E4%BA%AC%E9%83%BD%E5%A4%A7%E7%94%B0%E5%8C%BA%E8%A5%BF%E8%92%B2%E7%94%B07-8-1%201F,2018,ラーメン 百名店 TOKYO 2018,ramen_tokyo,
田中商店 本店,東京都足立区一ツ家2-14-6,食べログ ラーメン 百名店 TOKYO 2018 百名店 2018,https://tabelog.com/tokyo/A1303/A130302/13003726/,https://www.google.com/maps/search/?api=1&query=%E7%94%B0%E4%B8%AD%E5%95%86%E5%BA%97%20%E6%9C%AC%E5%BA%97%20%E6%9D%B1%E4%BA%AC%E9%83%BD%E8%B6%B3%E7%AB%8B%E5%8C%BA%E4%B8%80%E3%83%84%E5%AE%B62-14-6,2018,ラーメン 百名店 TOKYO 2018,ramen_tokyo,
支那そば たんたん亭,東京都杉並区浜田山3-31-4,食べログ ラーメン 百名店 TOKYO 2018 百名店 2018,https://tabelog.com/tokyo/A1303/A130302/13000705/,https://www.google.com/maps/search/?api=1&query=%E6%94%AF%E9%82%A3%E3%81%9D%E3%81%B0%20%E3%81%9F%E3%82%93%E3%81%9F%E3%82%93%E4%BA%AD%20%E6%9D%B1%E4%BA%AC%E9%83%BD%E6%9D%89%E4%B8%A6%E5%8C%BA%E6%B5%9C%E7%94%B0%E5%B1%B13-31-4,2018,ラーメン 百名店 TOKYO 2018,ramen_tokyo,
らぁ麺やまぐち,東京都新宿区西早稲田3-13-4 1F,食べログ ラーメン 百名店 TOKYO 2018 百名店 2018,https://tabelog.com/tokyo/A1303/A130302/13151200/,https://www.google.com/maps/search/?api=1&query=%E3%82%89%E3%81%81%E9%BA%BA%E3%82%84%E3%81%BE%E3%81%90%E3%81%A1%20%E6%9D%B1%E4%BA%AC%E9%83%BD%E6%96%B0%E5%AE%BF%E5%8C%BA%E8%A5%BF%E6%97%A9%E7%A8%B2%E7%94%B03-13-4%201F,2018,ラーメン 百名店 TOKYO 2018,ramen_tokyo,
銀座 篝 Echika fit 銀座店,東京都中央区銀座4-1-2 Echika fit 銀座,食べログ ラーメン 百名店 TOKYO 2018 百名店 2018,https://tabelog.com/tokyo/A1303/A130302/13182836/,https://www.google.com/maps/search/?api=1&query=%E9%8A%80%E5%BA%A7%20%E7%AF%9D%20Echika%20fit%20%E9%8A%80%E5%BA%A7%E5%BA%97%20%E6%9D%B1%E4%BA%AC%E9%83%BD%E4%B8%AD%E5%A4%AE%E5%8C%BA%E9%8A%80%E5%BA%A74-1-2%20Echika%20fit%20%E9%8A%80%E5%BA%A7,2018,ラーメン 百名店 TOKYO 2018,ramen_tokyo,
新橋 纏,東京都港区新橋3-13-2 IKENO-5 1F,食べログ ラーメン 百名店 TOKYO 2018 百名店 2018,https://tabelog.com/tokyo/A1303/A130302/13156937/,https://www.google.com/maps/search/?api=1&query=%E6%96%B0%E6%A9%8B%20%E7%BA%8F%20%E6%9D%B1%E4%BA%AC%E9%83%BD%E6%B8%AF%E5%8C%BA%E6%96%B0%E6%A9%8B3-13-2%20IKENO-5%201F,2018,ラーメン 百名店 TOKYO 2018,ramen_tokyo,
めん和正,東京都世田谷区太子堂2-6-2,食べログ ラーメン 百名店 TOKYO 2018 百名店 2018,https://tabelog.com/tokyo/A1303/A130302/13050021/,https://www.google.com/maps/search/?api=1&query=%E3%82%81%E3%82%93%E5%92%8C%E6%AD%A3%20%E6%9D%B1%E4%BA%AC%E9%83%BD%E4%B8%96%E7%94%B0%E8%B0%B7%E5%8C%BA%E5%A4%AA%E5%AD%90%E5%A0%822-6-2,2018,ラーメン 百名店 TOKYO 2018,ramen_tokyo,
ラーメン二郎 八王子野猿街道店 ２,東京都八王子市堀之内2-13-16,食べログ ラーメン 百名店 TOKYO 2018 百名店 2018,https://tabelog.com/tokyo/A1303/A130302/13025633/,https://www.google.com/maps/search/?api=1&query=%E3%83%A9%E3%83%BC%E3%83%A1%E3%83%B3%E4%BA%8C%E9%83%8E%20%E5%85%AB%E7%8E%8B%E5%AD%90%E9%87%8E%E7%8C%BF%E8%A1%97%E9%81%93%E5%BA%97%20%EF%BC%92%20%E6%9D%B1%E4%BA%AC%E9%83%BD%E5%85%AB%E7%8E%8B%E5%AD%90%E5%B8%82%E5%A0%80%E4%B9%8B%E5%86%852-13-16,2018,ラーメン 百名店 TOKYO 2018,ramen_tokyo,
風雲児 新宿本店,東京都渋谷区代々木2-14-3 北斗第一ビルB1F,食べログ ラーメン 百名店 TOKYO 2018 百名店 2018,https://tabelog.com/tokyo/A1303/A130302/13044091/,https://www.google.com/maps/search/?api=1&query=%E9%A2%A8%E9%9B%B2%E5%85%90%20%E6%96%B0%E5%AE%BF%E6%9C%AC%E5%BA%97%20%E6%9D%B1%E4%BA%AC%E9%83%BD%E6%B8%8B%E8%B0%B7%E5%8C%BA%E4%BB%A3%E3%80%85%E6%9C%A82-14-3%20%E5%8C%97%E6%96%97%E7%AC%AC%E4%B8%80%E3%83%93%E3%83%ABB1F,2018,ラーメン 百名店 TOKYO 2018,ramen_tokyo,
RAMEN GOTTSU,東京都練馬区練馬1-29-16,食べログ ラーメン 百名店 TOKYO 2018 百名店 2018,https://tabelog.com/tokyo/A1303/A130302/13153294/,https://www.google.com/maps/search/?api=1&query=RAMEN%20GOTTSU%20%E6%9D%B1%E4%BA%AC%E9%83%BD%E7%B7%B4%E9%A6%AC%E5%8C%BA%E7%B7%B4%E9%A6%AC1-29-16,2018,ラーメン 百名店 TOKYO 2018,ramen_tokyo,
中華そば屋 伊藤,東京都北区豊島4-5-3,食べログ ラーメン 百名店 TOKYO 2018 百名店 2018,https://tabelog.com/tokyo/A1303/A130302/13008779/,https://www.google.com/maps/search/?api=1&query=%E4%B8%AD%E8%8F%AF%E3%81%9D%E3%81%B0%E5%B1%8B%20%E4%BC%8A%E8%97%A4%20%E6%9D%B1%E4%BA%AC%E9%83%BD%E5%8C%97%E5%8C%BA%E8%B1%8A%E5%B3%B64-5-3,2018,ラーメン 百名店 TOKYO 2018,ramen_tokyo,
つけ麺 道,東京都葛飾区亀有5-28-17,食べログ ラーメン 百名店 TOKYO 2018 百名店 2018,https://tabelog.com/tokyo/A1303/A130302/13094595/,https://www.google.com/maps/search/?api=1&query=%E3%81%A4%E3%81%91%E9%BA%BA%20%E9%81%93%20%E6%9D%B1%E4%BA%AC%E9%83%BD%E8%91%9B%E9%A3%BE%E5%8C%BA%E4%BA%80%E6%9C%895-28-17,2018,ラーメン 百名店 TOKYO 2018,ramen_tokyo,
一汁三にぼし 裏不如帰,東京都渋谷区幡ヶ谷2-47-12,食べログ ラーメン 百名店 TOKYO 2018 百名店 2018,https://tabelog.com/tokyo/A1303/A130302/13044967/,https://www.google.com/maps/search/?api=1&query=%E4%B8%80%E6%B1%81%E4%B8%89%E3%81%AB%E3%81%BC%E3%81%97%20%E8%A3%8F%E4%B8%8D%E5%A6%82%E5%B8%B0%20%E6%9D%B1%E4%BA%AC%E9%83%BD%E6%B8%8B%E8%B0%B7%E5%8C%BA%E5%B9%A1%E3%83%B6%E8%B0%B72-47-12,2018,ラーメン 百名店 TOKYO 2018,ramen_tokyo,
ほっこり中華そば もつけ,東京都八王子市万町34-1,食べログ ラーメン 百名店 TOKYO 2018 百名店 2018,https://tabelog.com/tokyo/A1303/A130302/13192847/,https://www.google.com/maps/search/?api=1&query=%E3%81%BB%E3%81%A3%E3%81%93%E3%82%8A%E4%B8%AD%E8%8F%AF%E3%81%9D%E3%81%B0%20%E3%82%82%E3%81%A4%E3%81%91%20%E6%9D%B1%E4%BA%AC%E9%83%BD%E5%85%AB%E7%8E%8B%E5%AD%90%E5%B8%82%E4%B8%87%E7%94%BA34-1,2018,ラーメン 百名店 TOKYO 2018,ramen_tokyo,
はつね,東京都杉並区西荻南3-11-9,食べログ ラーメン 百名店 TOKYO 2018 百名店 2018,https://tabelog.com/tokyo/A1303/A130302/13000717/,https://www.google.com/maps/search/?api=1&query=%E3%81%AF%E3%81%A4%E3%81%AD%20%E6%9D%B1%E4%BA%AC%E9%83%BD%E6%9D%89%E4%B8%A6%E5%8C%BA%E8%A5%BF%E8%8D%BB%E5%8D%973-11-9,2018,ラーメン 百名店 TOKYO 2018,ramen_tokyo,
中華そば べんてん,東京都練馬区旭町3-25-2,食べログ ラーメン 百名店 TOKYO 2018 百名店 2018,https://tabelog.com/tokyo/A1303/A130302/13200351/,https://www.google.com/maps/search/?api=1&query=%E4%B8%AD%E8%8F%AF%E3%81%9D%E3%81%B0%20%E3%81%B9%E3%82%93%E3%81%A6%E3%82%93%20%E6%9D%B1%E4%BA%AC%E9%83%BD%E7%B7%B4%E9%A6%AC%E5%8C%BA%E6%97%AD%E7%94%BA3-25-2,2018,ラーメン 百名店 TOKYO 2018,ramen_tokyo,
麺庵ちとせ,東京都新宿区市谷台町18-5,食べログ ラーメン 百名店 TOKYO 2018 百名店 2018,https://tabelog.com/tokyo/A1303/A130302/13182327/,https://www.google.com/maps/search/?api=1&query=%E9%BA%BA%E5%BA%B5%E3%81%A1%E3%81%A8%E3%81%9B%20%E6%9D%B1%E4%BA%AC%E9%83%BD%E6%96%B0%E5%AE%BF%E5%8C%BA%E5%B8%82%E8%B0%B7%E5%8F%B0%E7%94%BA18-5,2018,ラーメン 百名店 TOKYO 2018,ramen_tokyo,
らぁ麺 すぎ本,東京都中野区鷺宮4-2-3,食べログ ラーメン 百名店 TOKYO 2018 百名店 2018,https://tabelog.com/tokyo/A1303/A130302/13163409/,https://www.google.com/maps/search/?api=1&query=%E3%82%89%E3%81%81%E9%BA%BA%20%E3%81%99%E3%81%8E%E6%9C%AC%20%E6%9D%B1%E4%BA%AC%E9%83%BD%E4%B8%AD%E9%87%8E%E5%8C%BA%E9%B7%BA%E5%AE%AE4-2-3,2018,ラーメン 百名店 TOKYO 2018,ramen_tokyo,
Homemade Ramen 麦苗,東京都品川区南大井6-11-10,食べログ ラーメン 百名店 TOKYO 2018 百名店 2018,https://tabelog.com/tokyo/A1303/A130302/13194812/,https://www.google.com/maps/search/?api=1&query=Homemade%20Ramen%20%E9%BA%A6%E8%8B%97%20%E6%9D%B1%E4%BA%AC%E9%83%BD%E5%93%81%E5%B7%9D%E5%8C%BA%E5%8D%97%E5%A4%A7%E4%BA%956-11-10,2018,ラーメン 百名店 TOKYO 2018,ramen_tokyo,
らーめん改,東京都台東区蔵前4-20-10 宮内ビル 1F,食べログ ラーメン 百名店 TOKYO 2018 百名店 2018,https://tabelog.com/tokyo/A1303/A130302/13191776/,https://www.google.com/maps/search/?api=1&query=%E3%82%89%E3%83%BC%E3%82%81%E3%82%93%E6%94%B9%20%E6%9D%B1%E4%BA%AC%E9%83%BD%E5%8F%B0%E6%9D%B1%E5%8C%BA%E8%94%B5%E5%89%8D4-20-10%20%E5%AE%AE%E5%86%85%E3%83%93%E3%83%AB%201F,2018,ラーメン 百名店 TOKYO 2018,ramen_tokyo,
麺屋 さくら井,東京都武蔵野市西久保2-15-27,食べログ ラーメン 百名店 TOKYO 2018 百名店 2018,https://tabelog.com/tokyo/A1303/A130302/13202438/,https://www.google.com/maps/search/?api=1&query=%E9%BA%BA%E5%B1%8B%20%E3%81%95%E3%81%8F%E3%82%89%E4%BA%95%20%E6%9D%B1%E4%BA%AC%E9%83%BD%E6%AD%A6%E8%94%B5%E9%87%8E%E5%B8%82%E8%A5%BF%E4%B9%85%E4%BF%9D2-15-27,2018,ラーメン 百名店 TOKYO 2018,ramen_tokyo,
麺処 びぎ屋 学芸大学本店,東京都目黒区鷹番2-4-9,食べログ ラーメン 百名店 TOKYO 2018 百名店 2018,https://tabelog.com/tokyo/A1303/A130302/13093976/,https://www.google.com/maps/search/?api=1&query=%E9%BA%BA%E5%87%A6%20%E3%81%B3%E3%81%8E%E5%B1%8B%20%E5%AD%A6%E8%8A%B8%E5%A4%A7%E5%AD%A6%E6%9C%AC%E5%BA%97%20%E6%9D%B1%E4%BA%AC%E9%83%BD%E7%9B%AE%E9%BB%92%E5%8C%BA%E9%B7%B9%E7%95%AA2-4-9,2018,ラーメン 百名店 TOKYO 2018,ramen_tokyo,
麺処 きなり,東京都北区西ヶ原1-1-15,食べログ ラーメン 百名店 TOKYO 2018 百名店 2018,https://tabelog.com/tokyo/A1303/A130302/13183631/,https://www.google.com/maps/search/?api=1&query=%E9%BA%BA%E5%87%A6%20%E3%81%8D%E3%81%AA%E3%82%8A%20%E6%9D%B1%E4%BA%AC%E9%83%BD%E5%8C%97%E5%8C%BA%E8%A5%BF%E3%83%B6%E5%8E%9F1-1-15,2018,ラーメン 百名店 TOKYO 2018,ramen_tokyo,
つけ麺 五ノ神製作所,東京都渋谷区千駄ヶ谷5-33-16 シャトレー新宿御苑第一 1F,食べログ ラーメン 百名店 TOKYO 2018 百名店 2018,https://tabelog.com/tokyo/A1303/A130302/13120708/,https://www.google.com/maps/search/?api=1&query=%E3%81%A4%E3%81%91%E9%BA%BA%20%E4%BA%94%E3%83%8E%E7%A5%9E%E8%A3%BD%E4%BD%9C%E6%89%80%20%E6%9D%B1%E4%BA%AC%E9%83%BD%E6%B8%8B%E8%B0%B7%E5%8C%BA%E5%8D%83%E9%A7%84%E3%83%B6%E8%B0%B75-33-16%20%E3%82%B7%E3%83%A3%E3%83%88%E3%83%AC%E3%83%BC%E6%96%B0%E5%AE%BF%E5%BE%A1%E8%8B%91%E7%AC%AC%E4%B8%80%201F,2018,ラーメン 百名店 TOKYO 2018,ramen_tokyo,
中華ソバ 伊吹,東京都板橋区前野町4-58-10 見次パークマンション 1F,食べログ ラーメン 百名店 TOKYO 2018 百名店 2018,https://tabelog.com/tokyo/A1303/A130302/13163874/,https://www.google.com/maps/search/?api=1&query=%E4%B8%AD%E8%8F%AF%E3%82%BD%E3%83%90%20%E4%BC%8A%E5%90%B9%20%E6%9D%B1%E4%BA%AC%E9%83%BD%E6%9D%BF%E6%A9%8B%E5%8C%BA%E5%89%8D%E9%87%8E%E7%94%BA4-58-10%20%E8%A6%8B%E6%AC%A1%E3%83%91%E3%83%BC%E3%82%AF%E3%83%9E%E3%83%B3%E3%82%B7%E3%83%A7%E3%83%B3%201F,2018,ラーメン 百名店 TOKYO 2018,ramen_tokyo,
カネキッチン ヌードル,東京都豊島区南長崎5-26-15 マチテラス南長崎 2F,食べログ ラーメン 百名店 TOKYO 2018 百名店 2018,https://tabelog.com/tokyo/A1303/A130302/13203355/,https://www.google.com/maps/search/?api=1&query=%E3%82%AB%E3%83%8D%E3%82%AD%E3%83%83%E3%83%81%E3%83%B3%20%E3%83%8C%E3%83%BC%E3%83%89%E3%83%AB%20%E6%9D%B1%E4%BA%AC%E9%83%BD%E8%B1%8A%E5%B3%B6%E5%8C%BA%E5%8D%97%E9%95%B7%E5%B4%8E5-26-15%20%E3%83%9E%E3%83%81%E3%83%86%E3%83%A9%E3%82%B9%E5%8D%97%E9%95%B7%E5%B4%8E%202F,2018,ラーメン 百名店 TOKYO 2018,ramen_tokyo,
創作麺工房 鳴龍,東京都豊島区南大塚2-34-4 SKY南大塚 1F,食べログ ラーメン 百名店 TOKYO 2018 百名店 2018,https://tabelog.com/tokyo/A1303/A130302/13141302/,https://www.google.com/maps/search/?api=1&query=%E5%89%B5%E4%BD%9C%E9%BA%BA%E5%B7%A5%E6%88%BF%20%E9%B3%B4%E9%BE%8D%20%E6%9D%B1%E4%BA%AC%E9%83%BD%E8%B1%8A%E5%B3%B6%E5%8C%BA%E5%8D%97%E5%A4%A7%E5%A1%9A2-34-4%20SKY%E5%8D%97%E5%A4%A7%E5%A1%9A%201F,2018,ラーメン 百名店 TOKYO 2018,ramen_tokyo,
中華そば いづる,東京都港区芝大門2-1-18,食べログ ラーメン 百名店 TOKYO 2018 百名店 2018,https://tabelog.com/tokyo/A1303/A130302/13204179/,https://www.google.com/maps/search/?api=1&query=%E4%B8%AD%E8%8F%AF%E3%81%9D%E3%81%B0%20%E3%81%84%E3%81%A5%E3%82%8B%20%E6%9D%B1%E4%BA%AC%E9%83%BD%E6%B8%AF%E5%8C%BA%E8%8A%9D%E5%A4%A7%E9%96%802-1-18,2018,ラーメン 百名店 TOKYO 2018,ramen_tokyo,
らーめん 鉢ノ葦葉,三重県四日市市城北町1-12 ル・グラン　１Ｆ,食べログ ラーメン 百名店 WEST 2018 百名店 2018,https://tabelog.com/tokyo/A1303/A130302/24000851/,https://www.google.com/maps/search/?api=1&query=%E3%82%89%E3%83%BC%E3%82%81%E3%82%93%20%E9%89%A2%E3%83%8E%E8%91%A6%E8%91%89%20%E4%B8%89%E9%87%8D%E7%9C%8C%E5%9B%9B%E6%97%A5%E5%B8%82%E5%B8%82%E5%9F%8E%E5%8C%97%E7%94%BA1-12%20%E3%83%AB%E3%83%BB%E3%82%B0%E3%83%A9%E3%83%B3%E3%80%80%EF%BC%91%EF%BC%A6,2018,ラーメン 百名店 WEST 2018,ramen_west,
This is 中川,大阪府大阪市東淀川区菅原6-24-12,食べログ ラーメン 百名店 WEST 2018 百名店 2018,https://tabelog.com/tokyo/A1303/A130302/27091268/,https://www.google.com/maps/search/?api=1&query=This%20is%20%E4%B8%AD%E5%B7%9D%20%E5%A4%A7%E9%98%AA%E5%BA%9C%E5%A4%A7%E9%98%AA%E5%B8%82%E6%9D%B1%E6%B7%80%E5%B7%9D%E5%8C%BA%E8%8F%85%E5%8E%9F6-24-12,2018,ラーメン 百名店 WEST 2018,ramen_west,
麺屋 たけ井 R1店,京都府八幡市八幡南山57-2,食べログ ラーメン 百名店 WEST 2018 百名店 2018,https://tabelog.com/tokyo/A1303/A130302/26023971/,https://www.google.com/maps/search/?api=1&query=%E9%BA%BA%E5%B1%8B%20%E3%81%9F%E3%81%91%E4%BA%95%20R1%E5%BA%97%20%E4%BA%AC%E9%83%BD%E5%BA%9C%E5%85%AB%E5%B9%A1%E5%B8%82%E5%85%AB%E5%B9%A1%E5%8D%97%E5%B1%B157-2,2018,ラーメン 百名店 WEST 2018,ramen_west,
石田一龍 本店,福岡県北九州市小倉南区下石田1-4-1,食べログ ラーメン 百名店 WEST 2018 百名店 2018,https://tabelog.com/tokyo/A1303/A130302/40024358/,https://www.google.com/maps/search/?api=1&query=%E7%9F%B3%E7%94%B0%E4%B8%80%E9%BE%8D%20%E6%9C%AC%E5%BA%97%20%E7%A6%8F%E5%B2%A1%E7%9C%8C%E5%8C%97%E4%B9%9D%E5%B7%9E%E5%B8%82%E5%B0%8F%E5%80%89%E5%8D%97%E5%8C%BA%E4%B8%8B%E7%9F%B3%E7%94%B01-4-1,2018,ラーメン 百名店 WEST 2018,ramen_west,
俺のラーメン あっぱれ屋,京都府城陽市奈島下小路11,食べログ ラーメン 百名店 WEST 2018 百名店 2018,https://tabelog.com/tokyo/A1303/A130302/26011617/,https://www.google.com/maps/search/?api=1&query=%E4%BF%BA%E3%81%AE%E3%83%A9%E3%83%BC%E3%83%A1%E3%83%B3%20%E3%81%82%E3%81%A3%E3%81%B1%E3%82%8C%E5%B1%8B%20%E4%BA%AC%E9%83%BD%E5%BA%9C%E5%9F%8E%E9%99%BD%E5%B8%82%E5%A5%88%E5%B3%B6%E4%B8%8B%E5%B0%8F%E8%B7%AF11,2018,ラーメン 百名店 WEST 2018,ramen_west,
ラーメン家 みつ葉,奈良県奈良市富雄元町3丁目3-15-1,食べログ ラーメン 百名店 WEST 2018 百名店 2018,https://tabelog.com/tokyo/A1303/A130302/29006502/,https://www.google.com/maps/search/?api=1&query=%E3%83%A9%E3%83%BC%E3%83%A1%E3%83%B3%E5%AE%B6%20%E3%81%BF%E3%81%A4%E8%91%89%20%E5%A5%88%E8%89%AF%E7%9C%8C%E5%A5%88%E8%89%AF%E5%B8%82%E5%AF%8C%E9%9B%84%E5%85%83%E7%94%BA3%E4%B8%81%E7%9B%AE3-15-1,2018,ラーメン 百名店 WEST 2018,ramen_west,
麺～leads～なかの 大和高田本店,奈良県大和高田市神楽254-6 セゾン神楽103,食べログ ラーメン 百名店 WEST 2018 百名店 2018,https://tabelog.com/tokyo/A1303/A130302/29009138/,https://www.google.com/maps/search/?api=1&query=%E9%BA%BA%EF%BD%9Eleads%EF%BD%9E%E3%81%AA%E3%81%8B%E3%81%AE%20%E5%A4%A7%E5%92%8C%E9%AB%98%E7%94%B0%E6%9C%AC%E5%BA%97%20%E5%A5%88%E8%89%AF%E7%9C%8C%E5%A4%A7%E5%92%8C%E9%AB%98%E7%94%B0%E5%B8%82%E7%A5%9E%E6%A5%BD254-6%20%E3%82%BB%E3%82%BE%E3%83%B3%E7%A5%9E%E6%A5%BD103,2018,ラーメン 百名店 WEST 2018,ramen_west,
中華蕎麦 葛,大阪府大阪市西区阿波座1-12-21 喜多ビル 1F,食べログ ラーメン 百名店 WEST 2018 百名店 2018,https://tabelog.com/tokyo/A1303/A130302/27087256/,https://www.google.com/maps/search/?api=1&query=%E4%B8%AD%E8%8F%AF%E8%95%8E%E9%BA%A6%20%E8%91%9B%20%E5%A4%A7%E9%98%AA%E5%BA%9C%E5%A4%A7%E9%98%AA%E5%B8%82%E8%A5%BF%E5%8C%BA%E9%98%BF%E6%B3%A2%E5%BA%A71-12-21%20%E5%96%9C%E5%A4%9A%E3%83%93%E3%83%AB%201F,2018,ラーメン 百名店 WEST 2018,ramen_west,
桐麺 本店,大阪府大阪市淀川区三津屋北3-1-15,食べログ ラーメン 百名店 WEST 2018 百名店 2018,https://tabelog.com/tokyo/A1303/A130302/27082568/,https://www.google.com/maps/search/?api=1&query=%E6%A1%90%E9%BA%BA%20%E6%9C%AC%E5%BA%97%20%E5%A4%A7%E9%98%AA%E5%BA%9C%E5%A4%A7%E9%98%AA%E5%B8%82%E6%B7%80%E5%B7%9D%E5%8C%BA%E4%B8%89%E6%B4%A5%E5%B1%8B%E5%8C%973-1-15,2018,ラーメン 百名店 WEST 2018,ramen_west,
麺のようじ,大阪府大阪市中央区高津2-1-2 大越ビル 1F,食べログ ラーメン 百名店 WEST 2018 百名店 2018,https://tabelog.com/tokyo/A1303/A130302/27072765/,https://www.google.com/maps/search/?api=1&query=%E9%BA%BA%E3%81%AE%E3%82%88%E3%81%86%E3%81%98%20%E5%A4%A7%E9%98%AA%E5%BA%9C%E5%A4%A7%E9%98%AA%E5%B8%82%E4%B8%AD%E5%A4%AE%E5%8C%BA%E9%AB%98%E6%B4%A52-1-2%20%E5%A4%A7%E8%B6%8A%E3%83%93%E3%83%AB%201F,2018,ラーメン 百名店 WEST 2018,ramen_west,
極麺 青二犀,大阪府吹田市末広町21-53,食べログ ラーメン 百名店 WEST 2018 百名店 2018,https://tabelog.com/tokyo/A1303/A130302/27074166/,https://www.google.com/maps/search/?api=1&query=%E6%A5%B5%E9%BA%BA%20%E9%9D%92%E4%BA%8C%E7%8A%80%20%E5%A4%A7%E9%98%AA%E5%BA%9C%E5%90%B9%E7%94%B0%E5%B8%82%E6%9C%AB%E5%BA%83%E7%94%BA21-53,2018,ラーメン 百名店 WEST 2018,ramen_west,
麺や 福はら,大阪府大阪市生野区新今里5-1-8,食べログ ラーメン 百名店 WEST 2018 百名店 2018,https://tabelog.com/tokyo/A1303/A130302/27099659/,https://www.google.com/maps/search/?api=1&query=%E9%BA%BA%E3%82%84%20%E7%A6%8F%E3%81%AF%E3%82%89%20%E5%A4%A7%E9%98%AA%E5%BA%9C%E5%A4%A7%E9%98%AA%E5%B8%82%E7%94%9F%E9%87%8E%E5%8C%BA%E6%96%B0%E4%BB%8A%E9%87%8C5-1-8,2018,ラーメン 百名店 WEST 2018,ramen_west,
麺や而今 大東本店,大阪府大東市灰塚6-7-9,食べログ ラーメン 百名店 WEST 2018 百名店 2018,https://tabelog.com/tokyo/A1303/A130302/27054613/,https://www.google.com/maps/search/?api=1&query=%E9%BA%BA%E3%82%84%E8%80%8C%E4%BB%8A%20%E5%A4%A7%E6%9D%B1%E6%9C%AC%E5%BA%97%20%E5%A4%A7%E9%98%AA%E5%BA%9C%E5%A4%A7%E6%9D%B1%E5%B8%82%E7%81%B0%E5%A1%9A6-7-9,2018,ラーメン 百名店 WEST 2018,ramen_west,
ラーメン人生JET600,大阪府大阪市東成区東小橋1-3-2,食べログ ラーメン 百名店 WEST 2018 百名店 2018,https://tabelog.com/tokyo/A1303/A130302/27059047/,https://www.google.com/maps/search/?api=1&query=%E3%83%A9%E3%83%BC%E3%83%A1%E3%83%B3%E4%BA%BA%E7%94%9FJET600%20%E5%A4%A7%E9%98%AA%E5%BA%9C%E5%A4%A7%E9%98%AA%E5%B8%82%E6%9D%B1%E6%88%90%E5%8C%BA%E6%9D%B1%E5%B0%8F%E6%A9%8B1-3-2,2018,ラーメン 百名店 WEST 2018,ramen_west,
ぎょらん亭 本店,福岡県北九州市小倉北区三郎丸3-6-29,食べログ ラーメン 百名店 WEST 2018 百名店 2018,https://tabelog.com/tokyo/A1303/A130302/40000363/,https://www.google.com/maps/search/?api=1&query=%E3%81%8E%E3%82%87%E3%82%89%E3%82%93%E4%BA%AD%20%E6%9C%AC%E5%BA%97%20%E7%A6%8F%E5%B2%A1%E7%9C%8C%E5%8C%97%E4%B9%9D%E5%B7%9E%E5%B8%82%E5%B0%8F%E5%80%89%E5%8C%97%E5%8C%BA%E4%B8%89%E9%83%8E%E4%B8%B83-6-29,2018,ラーメン 百名店 WEST 2018,ramen_west,
らぁめん トリカヂ イッパイ,奈良県生駒市俵口町1093,食べログ ラーメン 百名店 WEST 2018 百名店 2018,https://tabelog.com/tokyo/A1303/A130302/29008833/,https://www.google.com/maps/search/?api=1&query=%E3%82%89%E3%81%81%E3%82%81%E3%82%93%20%E3%83%88%E3%83%AA%E3%82%AB%E3%83%82%20%E3%82%A4%E3%83%83%E3%83%91%E3%82%A4%20%E5%A5%88%E8%89%AF%E7%9C%8C%E7%94%9F%E9%A7%92%E5%B8%82%E4%BF%B5%E5%8F%A3%E7%94%BA1093,2018,ラーメン 百名店 WEST 2018,ramen_west,
麺屋彩々 昭和町本店,大阪府大阪市阿倍野区阪南町1-46-8,食べログ ラーメン 百名店 WEST 2018 百名店 2018,https://tabelog.com/tokyo/A1303/A130302/27059500/,https://www.google.com/maps/search/?api=1&query=%E9%BA%BA%E5%B1%8B%E5%BD%A9%E3%80%85%20%E6%98%AD%E5%92%8C%E7%94%BA%E6%9C%AC%E5%BA%97%20%E5%A4%A7%E9%98%AA%E5%BA%9C%E5%A4%A7%E9%98%AA%E5%B8%82%E9%98%BF%E5%80%8D%E9%87%8E%E5%8C%BA%E9%98%AA%E5%8D%97%E7%94%BA1-46-8,2018,ラーメン 百名店 WEST 2018,ramen_west,
群青,大阪府大阪市北区天神橋6-3-26,食べログ ラーメン 百名店 WEST 2018 百名店 2018,https://tabelog.com/tokyo/A1303/A130302/27018753/,https://www.google.com/maps/search/?api=1&query=%E7%BE%A4%E9%9D%92%20%E5%A4%A7%E9%98%AA%E5%BA%9C%E5%A4%A7%E9%98%AA%E5%B8%82%E5%8C%97%E5%8C%BA%E5%A4%A9%E7%A5%9E%E6%A9%8B6-3-26,2018,ラーメン 百名店 WEST 2018,ramen_west,
麺屋 一徳,奈良県天理市川原城町372-2,食べログ ラーメン 百名店 WEST 2018 百名店 2018,https://tabelog.com/tokyo/A1303/A130302/29001646/,https://www.google.com/maps/search/?api=1&query=%E9%BA%BA%E5%B1%8B%20%E4%B8%80%E5%BE%B3%20%E5%A5%88%E8%89%AF%E7%9C%8C%E5%A4%A9%E7%90%86%E5%B8%82%E5%B7%9D%E5%8E%9F%E5%9F%8E%E7%94%BA372-2,2018,ラーメン 百名店 WEST 2018,ramen_west,
らーめん颯人,大阪府大阪市北区南森町1-2-2,食べログ ラーメン 百名店 WEST 2018 百名店 2018,https://tabelog.com/tokyo/A1303/A130302/27083921/,https://www.google.com/maps/search/?api=1&query=%E3%82%89%E3%83%BC%E3%82%81%E3%82%93%E9%A2%AF%E4%BA%BA%20%E5%A4%A7%E9%98%AA%E5%BA%9C%E5%A4%A7%E9%98%AA%E5%B8%82%E5%8C%97%E5%8C%BA%E5%8D%97%E6%A3%AE%E7%94%BA1-2-2,2018,ラーメン 百名店 WEST 2018,ramen_west,
つけ麺 繁田,兵庫県神戸市灘区桜口町5-1-1 ウェルブ六甲道5番街1番館 103,食べログ ラーメン 百名店 WEST 2018 百名店 2018,https://tabelog.com/tokyo/A1303/A130302/28045107/,https://www.google.com/maps/search/?api=1&query=%E3%81%A4%E3%81%91%E9%BA%BA%20%E7%B9%81%E7%94%B0%20%E5%85%B5%E5%BA%AB%E7%9C%8C%E7%A5%9E%E6%88%B8%E5%B8%82%E7%81%98%E5%8C%BA%E6%A1%9C%E5%8F%A3%E7%94%BA5-1-1%20%E3%82%A6%E3%82%A7%E3%83%AB%E3%83%96%E5%85%AD%E7%94%B2%E9%81%935%E7%95%AA%E8%A1%971%E7%95%AA%E9%A4%A8%20103,2018,ラーメン 百名店 WEST 2018,ramen_west,
貪瞋癡,富山県氷見市朝日本町1-30,食べログ ラーメン 百名店 WEST 2018 百名店 2018,https://tabelog.com/tokyo/A1303/A130302/16001104/,https://www.google.com/maps/search/?api=1&query=%E8%B2%AA%E7%9E%8B%E7%99%A1%20%E5%AF%8C%E5%B1%B1%E7%9C%8C%E6%B0%B7%E8%A6%8B%E5%B8%82%E6%9C%9D%E6%97%A5%E6%9C%AC%E7%94%BA1-30,2018,ラーメン 百名店 WEST 2018,ramen_west,
烈志笑魚油 麺香房 三く,大阪府大阪市福島区福島2-6-5 AKパレス 1F,食べログ ラーメン 百名店 WEST 2018 百名店 2018,https://tabelog.com/tokyo/A1303/A130302/27058993/,https://www.google.com/maps/search/?api=1&query=%E7%83%88%E5%BF%97%E7%AC%91%E9%AD%9A%E6%B2%B9%20%E9%BA%BA%E9%A6%99%E6%88%BF%20%E4%B8%89%E3%81%8F%20%E5%A4%A7%E9%98%AA%E5%BA%9C%E5%A4%A7%E9%98%AA%E5%B8%82%E7%A6%8F%E5%B3%B6%E5%8C%BA%E7%A6%8F%E5%B3%B62-6-5%20AK%E3%83%91%E3%83%AC%E3%82%B9%201F,2018,ラーメン 百名店 WEST 2018,ramen_west,
中華そば ムタヒロ 大阪福島店,大阪府大阪市福島区福島5-6-5,食べログ ラーメン 百名店 WEST 2018 百名店 2018,https://tabelog.com/tokyo/A1303/A130302/27082989/,https://www.google.com/maps/search/?api=1&query=%E4%B8%AD%E8%8F%AF%E3%81%9D%E3%81%B0%20%E3%83%A0%E3%82%BF%E3%83%92%E3%83%AD%20%E5%A4%A7%E9%98%AA%E7%A6%8F%E5%B3%B6%E5%BA%97%20%E5%A4%A7%E9%98%AA%E5%BA%9C%E5%A4%A7%E9%98%AA%E5%B8%82%E7%A6%8F%E5%B3%B6%E5%8C%BA%E7%A6%8F%E5%B3%B65-6-5,2018,ラーメン 百名店 WEST 2018,ramen_west,
ラーメンにっこう,滋賀県彦根市宇尾町1366-2,食べログ ラーメン 百名店 WEST 2018 百名店 2018,https://tabelog.com/tokyo/A1303/A130302/25000362/,https://www.google.com/maps/search/?api=1&query=%E3%83%A9%E3%83%BC%E3%83%A1%E3%83%B3%E3%81%AB%E3%81%A3%E3%81%93%E3%81%86%20%E6%BB%8B%E8%B3%80%E7%9C%8C%E5%BD%A6%E6%A0%B9%E5%B8%82%E5%AE%87%E5%B0%BE%E7%94%BA1366-2,2018,ラーメン 百名店 WEST 2018,ramen_west,
尼龍,兵庫県尼崎市崇徳院1-12,食べログ ラーメン 百名店 WEST 2018 百名店 2018,https://tabelog.com/tokyo/A1303/A130302/28011360/,https://www.google.com/maps/search/?api=1&query=%E5%B0%BC%E9%BE%8D%20%E5%85%B5%E5%BA%AB%E7%9C%8C%E5%B0%BC%E5%B4%8E%E5%B8%82%E5%B4%87%E5%BE%B3%E9%99%A21-12,2018,ラーメン 百名店 WEST 2018,ramen_west,
和 dining 清乃 本店,和歌山県有田市野696,食べログ ラーメン 百名店 WEST 2018 百名店 2018,https://tabelog.com/tokyo/A1303/A130302/30000653/,https://www.google.com/maps/search/?api=1&query=%E5%92%8C%20dining%20%E6%B8%85%E4%B9%83%20%E6%9C%AC%E5%BA%97%20%E5%92%8C%E6%AD%8C%E5%B1%B1%E7%9C%8C%E6%9C%89%E7%94%B0%E5%B8%82%E9%87%8E696,2018,ラーメン 百名店 WEST 2018,ramen_west,
山崎麺二郎,京都府京都市中京区西ノ京北円町1-8,食べログ ラーメン 百名店 WEST 2018 百名店 2018,https://tabelog.com/tokyo/A1303/A130302/26008681/,https://www.google.com/maps/search/?api=1&query=%E5%B1%B1%E5%B4%8E%E9%BA%BA%E4%BA%8C%E9%83%8E%20%E4%BA%AC%E9%83%BD%E5%BA%9C%E4%BA%AC%E9%83%BD%E5%B8%82%E4%B8%AD%E4%BA%AC%E5%8C%BA%E8%A5%BF%E3%83%8E%E4%BA%AC%E5%8C%97%E5%86%86%E7%94%BA1-8,2018,ラーメン 百名店 WEST 2018,ramen_west,
らーめん専門 和心 武庫之荘店,兵庫県尼崎市南武庫之荘1-22-23 プラザ8番館1F,食べログ ラーメン 百名店 WEST 2018 百名店 2018,https://tabelog.com/tokyo/A1303/A130302/28042762/,https://www.google.com/maps/search/?api=1&query=%E3%82%89%E3%83%BC%E3%82%81%E3%82%93%E5%B0%82%E9%96%80%20%E5%92%8C%E5%BF%83%20%E6%AD%A6%E5%BA%AB%E4%B9%8B%E8%8D%98%E5%BA%97%20%E5%85%B5%E5%BA%AB%E7%9C%8C%E5%B0%BC%E5%B4%8E%E5%B8%82%E5%8D%97%E6%AD%A6%E5%BA%AB%E4%B9%8B%E8%8D%981-22-23%20%E3%83%97%E3%83%A9%E3%82%B68%E7%95%AA%E9%A4%A81F,2018,ラーメン 百名店 WEST 2018,ramen_west,
麺屋 極鶏 一乗寺本店,京都府京都市左京区一乗寺西閉川原町29-7,食べログ ラーメン 百名店 WEST 2018 百名店 2018,https://tabelog.com/tokyo/A1303/A130302/26017870/,https://www.google.com/maps/search/?api=1&query=%E9%BA%BA%E5%B1%8B%20%E6%A5%B5%E9%B6%8F%20%E4%B8%80%E4%B9%97%E5%AF%BA%E6%9C%AC%E5%BA%97%20%E4%BA%AC%E9%83%BD%E5%BA%9C%E4%BA%AC%E9%83%BD%E5%B8%82%E5%B7%A6%E4%BA%AC%E5%8C%BA%E4%B8%80%E4%B9%97%E5%AF%BA%E8%A5%BF%E9%96%89%E5%B7%9D%E5%8E%9F%E7%94%BA29-7,2018,ラーメン 百名店 WEST 2018,ramen_west,
らぁ麺 とうひち,京都府京都市北区大宮北箱ノ井町33-6 セルリアンハイツ 1F,食べログ ラーメン 百名店 WEST 2018 百名店 2018,https://tabelog.com/tokyo/A1303/A130302/26025306/,https://www.google.com/maps/search/?api=1&query=%E3%82%89%E3%81%81%E9%BA%BA%20%E3%81%A8%E3%81%86%E3%81%B2%E3%81%A1%20%E4%BA%AC%E9%83%BD%E5%BA%9C%E4%BA%AC%E9%83%BD%E5%B8%82%E5%8C%97%E5%8C%BA%E5%A4%A7%E5%AE%AE%E5%8C%97%E7%AE%B1%E3%83%8E%E4%BA%95%E7%94%BA33-6%20%E3%82%BB%E3%83%AB%E3%83%AA%E3%82%A2%E3%83%B3%E3%83%8F%E3%82%A4%E3%83%84%201F,2018,ラーメン 百名店 WEST 2018,ramen_west,
ラーメン家 みつ葉 the second,奈良県生駒郡斑鳩町法隆寺東2-5-45,食べログ ラーメン 百名店 WEST 2018 百名店 2018,https://tabelog.com/tokyo/A1303/A130302/29010664/,https://www.google.com/maps/search/?api=1&query=%E3%83%A9%E3%83%BC%E3%83%A1%E3%83%B3%E5%AE%B6%20%E3%81%BF%E3%81%A4%E8%91%89%20the%20second%20%E5%A5%88%E8%89%AF%E7%9C%8C%E7%94%9F%E9%A7%92%E9%83%A1%E6%96%91%E9%B3%A9%E7%94%BA%E6%B3%95%E9%9A%86%E5%AF%BA%E6%9D%B12-5-45,2018,ラーメン 百名店 WEST 2018,ramen_west,
らぁめん こばやし,兵庫県西脇市野村町800-1 西脇市地方卸売市場,食べログ ラーメン 百名店 WEST 2018 百名店 2018,https://tabelog.com/tokyo/A1303/A130302/28034147/,https://www.google.com/maps/search/?api=1&query=%E3%82%89%E3%81%81%E3%82%81%E3%82%93%20%E3%81%93%E3%81%B0%E3%82%84%E3%81%97%20%E5%85%B5%E5%BA%AB%E7%9C%8C%E8%A5%BF%E8%84%87%E5%B8%82%E9%87%8E%E6%9D%91%E7%94%BA800-1%20%E8%A5%BF%E8%84%87%E5%B8%82%E5%9C%B0%E6%96%B9%E5%8D%B8%E5%A3%B2%E5%B8%82%E5%A0%B4,2018,ラーメン 百名店 WEST 2018,ramen_west,
中華そば いぶき,大阪府大阪市北区浪花町4-16,食べログ ラーメン 百名店 WEST 2018 百名店 2018,https://tabelog.com/tokyo/A1303/A130302/27062565/,https://www.google.com/maps/search/?api=1&query=%E4%B8%AD%E8%8F%AF%E3%81%9D%E3%81%B0%20%E3%81%84%E3%81%B6%E3%81%8D%20%E5%A4%A7%E9%98%AA%E5%BA%9C%E5%A4%A7%E9%98%AA%E5%B8%82%E5%8C%97%E5%8C%BA%E6%B5%AA%E8%8A%B1%E7%94%BA4-16,2018,ラーメン 百名店 WEST 2018,ramen_west,
自己流ラーメン綿麺,大阪府松原市松ヶ丘3-6-15,食べログ ラーメン 百名店 WEST 2018 百名店 2018,https://tabelog.com/tokyo/A1303/A130302/27007813/,https://www.google.com/maps/search/?api=1&query=%E8%87%AA%E5%B7%B1%E6%B5%81%E3%83%A9%E3%83%BC%E3%83%A1%E3%83%B3%E7%B6%BF%E9%BA%BA%20%E5%A4%A7%E9%98%AA%E5%BA%9C%E6%9D%BE%E5%8E%9F%E5%B8%82%E6%9D%BE%E3%83%B6%E4%B8%983-6-15,2018,ラーメン 百名店 WEST 2018,ramen_west,
麺屋 八海山,大阪府高槻市芥川町1-14-9,食べログ ラーメン 百名店 WEST 2018 百名店 2018,https://tabelog.com/tokyo/A1303/A130302/27061072/,https://www.google.com/maps/search/?api=1&query=%E9%BA%BA%E5%B1%8B%20%E5%85%AB%E6%B5%B7%E5%B1%B1%20%E5%A4%A7%E9%98%AA%E5%BA%9C%E9%AB%98%E6%A7%BB%E5%B8%82%E8%8A%A5%E5%B7%9D%E7%94%BA1-14-9,2018,ラーメン 百名店 WEST 2018,ramen_west,
麺匠 而今,大阪府守口市紅屋町6-16,食べログ ラーメン 百名店 WEST 2018 百名店 2018,https://tabelog.com/tokyo/A1303/A130302/27078739/,https://www.google.com/maps/search/?api=1&query=%E9%BA%BA%E5%8C%A0%20%E8%80%8C%E4%BB%8A%20%E5%A4%A7%E9%98%AA%E5%BA%9C%E5%AE%88%E5%8F%A3%E5%B8%82%E7%B4%85%E5%B1%8B%E7%94%BA6-16,2018,ラーメン 百名店 WEST 2018,ramen_west,
中華そば うえまち,大阪府大阪市中央区上町A番22号,食べログ ラーメン 百名店 WEST 2018 百名店 2018,https://tabelog.com/tokyo/A1303/A130302/27069769/,https://www.google.com/maps/search/?api=1&query=%E4%B8%AD%E8%8F%AF%E3%81%9D%E3%81%B0%20%E3%81%86%E3%81%88%E3%81%BE%E3%81%A1%20%E5%A4%A7%E9%98%AA%E5%BA%9C%E5%A4%A7%E9%98%AA%E5%B8%82%E4%B8%AD%E5%A4%AE%E5%8C%BA%E4%B8%8A%E7%94%BAA%E7%95%AA22%E5%8F%B7,2018,ラーメン 百名店 WEST 2018,ramen_west,
くそオヤジ最後のひとふり,大阪府大阪市淀川区十三本町1-3-13 1F,食べログ ラーメン 百名店 WEST 2018 百名店 2018,https://tabelog.com/tokyo/A1303/A130302/27072240/,https://www.google.com/maps/search/?api=1&query=%E3%81%8F%E3%81%9D%E3%82%AA%E3%83%A4%E3%82%B8%E6%9C%80%E5%BE%8C%E3%81%AE%E3%81%B2%E3%81%A8%E3%81%B5%E3%82%8A%20%E5%A4%A7%E9%98%AA%E5%BA%9C%E5%A4%A7%E9%98%AA%E5%B8%82%E6%B7%80%E5%B7%9D%E5%8C%BA%E5%8D%81%E4%B8%89%E6%9C%AC%E7%94%BA1-3-13%201F,2018,ラーメン 百名店 WEST 2018,ramen_west,
三谷製麺所 鶴橋店,大阪府大阪市東成区玉津3-1-6,食べログ ラーメン 百名店 WEST 2018 百名店 2018,https://tabelog.com/tokyo/A1303/A130302/27058724/,https://www.google.com/maps/search/?api=1&query=%E4%B8%89%E8%B0%B7%E8%A3%BD%E9%BA%BA%E6%89%80%20%E9%B6%B4%E6%A9%8B%E5%BA%97%20%E5%A4%A7%E9%98%AA%E5%BA%9C%E5%A4%A7%E9%98%AA%E5%B8%82%E6%9D%B1%E6%88%90%E5%8C%BA%E7%8E%89%E6%B4%A53-1-6,2018,ラーメン 百名店 WEST 2018,ramen_west,
来来,福岡県飯塚市片島1-3-38,食べログ ラーメン 百名店 WEST 2018 百名店 2018,https://tabelog.com/tokyo/A1303/A130302/40036441/,https://www.google.com/maps/search/?api=1&query=%E6%9D%A5%E6%9D%A5%20%E7%A6%8F%E5%B2%A1%E7%9C%8C%E9%A3%AF%E5%A1%9A%E5%B8%82%E7%89%87%E5%B3%B61-3-38,2018,ラーメン 百名店 WEST 2018,ramen_west,
らーめん専門 和海,兵庫県尼崎市武庫川町2丁目19-3,食べログ ラーメン 百名店 WEST 2018 百名店 2018,https://tabelog.com/tokyo/A1303/A130302/28031755/,https://www.google.com/maps/search/?api=1&query=%E3%82%89%E3%83%BC%E3%82%81%E3%82%93%E5%B0%82%E9%96%80%20%E5%92%8C%E6%B5%B7%20%E5%85%B5%E5%BA%AB%E7%9C%8C%E5%B0%BC%E5%B4%8E%E5%B8%82%E6%AD%A6%E5%BA%AB%E5%B7%9D%E7%94%BA2%E4%B8%81%E7%9B%AE19-3,2018,ラーメン 百名店 WEST 2018,ramen_west,
麺家 なかむら,愛媛県松山市三番町2-3-1,食べログ ラーメン 百名店 WEST 2018 百名店 2018,https://tabelog.com/tokyo/A1303/A130302/38006048/,https://www.google.com/maps/search/?api=1&query=%E9%BA%BA%E5%AE%B6%20%E3%81%AA%E3%81%8B%E3%82%80%E3%82%89%20%E6%84%9B%E5%AA%9B%E7%9C%8C%E6%9D%BE%E5%B1%B1%E5%B8%82%E4%B8%89%E7%95%AA%E7%94%BA2-3-1,2018,ラーメン 百名店 WEST 2018,ramen_west,
麺屋 Somie's,京都府福知山市駅前町24,食べログ ラーメン 百名店 WEST 2018 百名店 2018,https://tabelog.com/tokyo/A1303/A130302/26023025/,https://www.google.com/maps/search/?api=1&query=%E9%BA%BA%E5%B1%8B%20Somie%27s%20%E4%BA%AC%E9%83%BD%E5%BA%9C%E7%A6%8F%E7%9F%A5%E5%B1%B1%E5%B8%82%E9%A7%85%E5%89%8D%E7%94%BA24,2018,ラーメン 百名店 WEST 2018,ramen_west,
中華そば 陽気,広島県広島市中区江波南3-4-1,食べログ ラーメン 百名店 WEST 2018 百名店 2018,https://tabelog.com/tokyo/A1303/A130302/34000028/,https://www.google.com/maps/search/?api=1&query=%E4%B8%AD%E8%8F%AF%E3%81%9D%E3%81%B0%20%E9%99%BD%E6%B0%97%20%E5%BA%83%E5%B3%B6%E7%9C%8C%E5%BA%83%E5%B3%B6%E5%B8%82%E4%B8%AD%E5%8C%BA%E6%B1%9F%E6%B3%A2%E5%8D%973-4-1,2018,ラーメン 百名店 WEST 2018,ramen_west,
らーめん香澄 阿波座本店,大阪府大阪市西区京町堀2-12-13,食べログ ラーメン 百名店 WEST 2018 百名店 2018,https://tabelog.com/tokyo/A1303/A130302/27065090/,https://www.google.com/maps/search/?api=1&query=%E3%82%89%E3%83%BC%E3%82%81%E3%82%93%E9%A6%99%E6%BE%84%20%E9%98%BF%E6%B3%A2%E5%BA%A7%E6%9C%AC%E5%BA%97%20%E5%A4%A7%E9%98%AA%E5%BA%9C%E5%A4%A7%E9%98%AA%E5%B8%82%E8%A5%BF%E5%8C%BA%E4%BA%AC%E7%94%BA%E5%A0%802-12-13,2018,ラーメン 百名店 WEST 2018,ramen_west,
カドヤ食堂 総本店,大阪府大阪市西区新町4-16-13 キャピタル西長堀 1F,食べログ ラーメン 百名店 WEST 2018 百名店 2018,https://tabelog.com/tokyo/A1303/A130302/27001084/,https://www.google.com/maps/search/?api=1&query=%E3%82%AB%E3%83%89%E3%83%A4%E9%A3%9F%E5%A0%82%20%E7%B7%8F%E6%9C%AC%E5%BA%97%20%E5%A4%A7%E9%98%AA%E5%BA%9C%E5%A4%A7%E9%98%AA%E5%B8%82%E8%A5%BF%E5%8C%BA%E6%96%B0%E7%94%BA4-16-13%20%E3%82%AD%E3%83%A3%E3%83%94%E3%82%BF%E3%83%AB%E8%A5%BF%E9%95%B7%E5%A0%80%201F,2018,ラーメン 百名店 WEST 2018,ramen_west,
大阪麺哲,大阪府大阪市北区曾根崎2-10-27,食べログ ラーメン 百名店 WEST 2018 百名店 2018,https://tabelog.com/tokyo/A1303/A130302/27080479/,https://www.google.com/maps/search/?api=1&query=%E5%A4%A7%E9%98%AA%E9%BA%BA%E5%93%B2%20%E5%A4%A7%E9%98%AA%E5%BA%9C%E5%A4%A7%E9%98%AA%E5%B8%82%E5%8C%97%E5%8C%BA%E6%9B%BE%E6%A0%B9%E5%B4%8E2-10-27,2018,ラーメン 百名店 WEST 2018,ramen_west,
麺屋 藤,徳島県那賀郡那賀町吉野字森ノ下70-1,食べログ ラーメン 百名店 WEST 2018 百名店 2018,https://tabelog.com/tokyo/A1303/A130302/36003996/,https://www.google.com/maps/search/?api=1&query=%E9%BA%BA%E5%B1%8B%20%E8%97%A4%20%E5%BE%B3%E5%B3%B6%E7%9C%8C%E9%82%A3%E8%B3%80%E9%83%A1%E9%82%A3%E8%B3%80%E7%94%BA%E5%90%89%E9%87%8E%E5%AD%97%E6%A3%AE%E3%83%8E%E4%B8%8B70-1,2018,ラーメン 百名店 WEST 2018,ramen_west,
中華そば 無限,大阪府大阪市福島区海老江5-5-10,食べログ ラーメン 百名店 WEST 2018 百名店 2018,https://tabelog.com/tokyo/A1303/A130302/27053626/,https://www.google.com/maps/search/?api=1&query=%E4%B8%AD%E8%8F%AF%E3%81%9D%E3%81%B0%20%E7%84%A1%E9%99%90%20%E5%A4%A7%E9%98%AA%E5%BA%9C%E5%A4%A7%E9%98%AA%E5%B8%82%E7%A6%8F%E5%B3%B6%E5%8C%BA%E6%B5%B7%E8%80%81%E6%B1%9F5-5-10,2018,ラーメン 百名店 WEST 2018,ramen_west,
かしや,大阪府大阪市西成区玉出中2-4-21,食べログ ラーメン 百名店 WEST 2018 百名店 2018,https://tabelog.com/tokyo/A1303/A130302/27052519/,https://www.google.com/maps/search/?api=1&query=%E3%81%8B%E3%81%97%E3%82%84%20%E5%A4%A7%E9%98%AA%E5%BA%9C%E5%A4%A7%E9%98%AA%E5%B8%82%E8%A5%BF%E6%88%90%E5%8C%BA%E7%8E%89%E5%87%BA%E4%B8%AD2-4-21,2018,ラーメン 百名店 WEST 2018,ramen_west,
麺処 と市,奈良県橿原市十市町1213,食べログ ラーメン 百名店 WEST 2018 百名店 2018,https://tabelog.com/tokyo/A1303/A130302/29006955/,https://www.google.com/maps/search/?api=1&query=%E9%BA%BA%E5%87%A6%20%E3%81%A8%E5%B8%82%20%E5%A5%88%E8%89%AF%E7%9C%8C%E6%A9%BF%E5%8E%9F%E5%B8%82%E5%8D%81%E5%B8%82%E7%94%BA1213,2018,ラーメン 百名店 WEST 2018,ramen_west,
ジャンクストーリー 本店,大阪府大阪市中央区高津1-2-11,食べログ ラーメン 百名店 WEST 2018 百名店 2018,https://tabelog.com/tokyo/A1303/A130302/27050596/,https://www.google.com/maps/search/?api=1&query=%E3%82%B8%E3%83%A3%E3%83%B3%E3%82%AF%E3%82%B9%E3%83%88%E3%83%BC%E3%83%AA%E3%83%BC%20%E6%9C%AC%E5%BA%97%20%E5%A4%A7%E9%98%AA%E5%BA%9C%E5%A4%A7%E9%98%AA%E5%B8%82%E4%B8%AD%E5%A4%AE%E5%8C%BA%E9%AB%98%E6%B4%A51-2-11,2018,ラーメン 百名店 WEST 2018,ramen_west,
自家製麺中華そば 今里,山口県防府市字新田604-6,食べログ ラーメン 百名店 WEST 2018 百名店 2018,https://tabelog.com/tokyo/A1303/A130302/35007605/,https://www.google.com/maps/search/?api=1&query=%E8%87%AA%E5%AE%B6%E8%A3%BD%E9%BA%BA%E4%B8%AD%E8%8F%AF%E3%81%9D%E3%81%B0%20%E4%BB%8A%E9%87%8C%20%E5%B1%B1%E5%8F%A3%E7%9C%8C%E9%98%B2%E5%BA%9C%E5%B8%82%E5%AD%97%E6%96%B0%E7%94%B0604-6,2018,ラーメン 百名店 WEST 2018,ramen_west,
はまんど,香川県三豊市三野町大見3873-1,食べログ ラーメン 百名店 WEST 2018 百名店 2018,https://tabelog.com/tokyo/A1303/A130302/37000174/,https://www.google.com/maps/search/?api=1&query=%E3%81%AF%E3%81%BE%E3%82%93%E3%81%A9%20%E9%A6%99%E5%B7%9D%E7%9C%8C%E4%B8%89%E8%B1%8A%E5%B8%82%E4%B8%89%E9%87%8E%E7%94%BA%E5%A4%A7%E8%A6%8B3873-1,2018,ラーメン 百名店 WEST 2018,ramen_west,
らーめん弥七,大阪府大阪市北区豊崎3-4-8,食べログ ラーメン 百名店 WEST 2018 百名店 2018,https://tabelog.com/tokyo/A1303/A130302/27003232/,https://www.google.com/maps/search/?api=1&query=%E3%82%89%E3%83%BC%E3%82%81%E3%82%93%E5%BC%A5%E4%B8%83%20%E5%A4%A7%E9%98%AA%E5%BA%9C%E5%A4%A7%E9%98%AA%E5%B8%82%E5%8C%97%E5%8C%BA%E8%B1%8A%E5%B4%8E3-4-8,2018,ラーメン 百名店 WEST 2018,ramen_west,
火の国 文龍 菊陽バイパス店,熊本県菊池郡菊陽町津久礼164-8,食べログ ラーメン 百名店 WEST 2018 百名店 2018,https://tabelog.com/tokyo/A1303/A130302/43000751/,https://www.google.com/maps/search/?api=1&query=%E7%81%AB%E3%81%AE%E5%9B%BD%20%E6%96%87%E9%BE%8D%20%E8%8F%8A%E9%99%BD%E3%83%90%E3%82%A4%E3%83%91%E3%82%B9%E5%BA%97%20%E7%86%8A%E6%9C%AC%E7%9C%8C%E8%8F%8A%E6%B1%A0%E9%83%A1%E8%8F%8A%E9%99%BD%E7%94%BA%E6%B4%A5%E4%B9%85%E7%A4%BC164-8,2018,ラーメン 百名店 WEST 2018,ramen_west,
らーめん香澄 中崎町店,大阪府大阪市北区中崎2-1-1 小川ビル 1F,食べログ ラーメン 百名店 WEST 2018 百名店 2018,https://tabelog.com/tokyo/A1303/A130302/27088923/,https://www.google.com/maps/search/?api=1&query=%E3%82%89%E3%83%BC%E3%82%81%E3%82%93%E9%A6%99%E6%BE%84%20%E4%B8%AD%E5%B4%8E%E7%94%BA%E5%BA%97%20%E5%A4%A7%E9%98%AA%E5%BA%9C%E5%A4%A7%E9%98%AA%E5%B8%82%E5%8C%97%E5%8C%BA%E4%B8%AD%E5%B4%8E2-1-1%20%E5%B0%8F%E5%B7%9D%E3%83%93%E3%83%AB%201F,2018,ラーメン 百名店 WEST 2018,ramen_west,
ENISHI総本店,兵庫県神戸市灘区岩屋北町5-2-32 サニーハイツ灘1F,食べログ ラーメン 百名店 WEST 2018 百名店 2018,https://tabelog.com/tokyo/A1303/A130302/28040621/,https://www.google.com/maps/search/?api=1&query=ENISHI%E7%B7%8F%E6%9C%AC%E5%BA%97%20%E5%85%B5%E5%BA%AB%E7%9C%8C%E7%A5%9E%E6%88%B8%E5%B8%82%E7%81%98%E5%8C%BA%E5%B2%A9%E5%B1%8B%E5%8C%97%E7%94%BA5-2-32%20%E3%82%B5%E3%83%8B%E3%83%BC%E3%83%8F%E3%82%A4%E3%83%84%E7%81%981F,2018,ラーメン 百名店 WEST 2018,ramen_west,
麪家ひばり,島根県松江市北堀町189,食べログ ラーメン 百名店 WEST 2018 百名店 2018,https://tabelog.com/tokyo/A1303/A130302/32003390/,https://www.google.com/maps/search/?api=1&query=%E9%BA%AA%E5%AE%B6%E3%81%B2%E3%81%B0%E3%82%8A%20%E5%B3%B6%E6%A0%B9%E7%9C%8C%E6%9D%BE%E6%B1%9F%E5%B8%82%E5%8C%97%E5%A0%80%E7%94%BA189,2018,ラーメン 百名店 WEST 2018,ramen_west,
麺屋 丈六 なんば店,大阪府大阪市中央区難波千日前6-16,食べログ ラーメン 百名店 WEST 2018 百名店 2018,https://tabelog.com/tokyo/A1303/A130302/27084754/,https://www.google.com/maps/search/?api=1&query=%E9%BA%BA%E5%B1%8B%20%E4%B8%88%E5%85%AD%20%E3%81%AA%E3%82%93%E3%81%B0%E5%BA%97%20%E5%A4%A7%E9%98%AA%E5%BA%9C%E5%A4%A7%E9%98%AA%E5%B8%82%E4%B8%AD%E5%A4%AE%E5%8C%BA%E9%9B%A3%E6%B3%A2%E5%8D%83%E6%97%A5%E5%89%8D6-16,2018,ラーメン 百名店 WEST 2018,ramen_west,
らーめん鱗 茨木店,大阪府茨木市永代町10-19 永代町壱番館 1F,食べログ ラーメン 百名店 WEST 2018 百名店 2018,https://tabelog.com/tokyo/A1303/A130302/27077480/,https://www.google.com/maps/search/?api=1&query=%E3%82%89%E3%83%BC%E3%82%81%E3%82%93%E9%B1%97%20%E8%8C%A8%E6%9C%A8%E5%BA%97%20%E5%A4%A7%E9%98%AA%E5%BA%9C%E8%8C%A8%E6%9C%A8%E5%B8%82%E6%B0%B8%E4%BB%A3%E7%94%BA10-19%20%E6%B0%B8%E4%BB%A3%E7%94%BA%E5%A3%B1%E7%95%AA%E9%A4%A8%201F,2018,ラーメン 百名店 WEST 2018,ramen_west,
らぁめん真,大阪府茨木市駅前1-3-4,食べログ ラーメン 百名店 WEST 2018 百名店 2018,https://tabelog.com/tokyo/A1303/A130302/27083381/,https://www.google.com/maps/search/?api=1&query=%E3%82%89%E3%81%81%E3%82%81%E3%82%93%E7%9C%9F%20%E5%A4%A7%E9%98%AA%E5%BA%9C%E8%8C%A8%E6%9C%A8%E5%B8%82%E9%A7%85%E5%89%8D1-3-4,2018,ラーメン 百名店 WEST 2018,ramen_west,
がむしゃら 奈良,奈良県大和郡山市上三橋町152-1,食べログ ラーメン 百名店 WEST 2018 百名店 2018,https://tabelog.com/tokyo/A1303/A130302/29001411/,https://www.google.com/maps/search/?api=1&query=%E3%81%8C%E3%82%80%E3%81%97%E3%82%83%E3%82%89%20%E5%A5%88%E8%89%AF%20%E5%A5%88%E8%89%AF%E7%9C%8C%E5%A4%A7%E5%92%8C%E9%83%A1%E5%B1%B1%E5%B8%82%E4%B8%8A%E4%B8%89%E6%A9%8B%E7%94%BA152-1,2018,ラーメン 百名店 WEST 2018,ramen_west,
つけ麺無心,奈良県奈良市中町323-1,食べログ ラーメン 百名店 WEST 2018 百名店 2018,https://tabelog.com/tokyo/A1303/A130302/29004440/,https://www.google.com/maps/search/?api=1&query=%E3%81%A4%E3%81%91%E9%BA%BA%E7%84%A1%E5%BF%83%20%E5%A5%88%E8%89%AF%E7%9C%8C%E5%A5%88%E8%89%AF%E5%B8%82%E4%B8%AD%E7%94%BA323-1,2018,ラーメン 百名店 WEST 2018,ramen_west,
麺屋 號tetu,滋賀県長浜市南呉服町5-24,食べログ ラーメン 百名店 WEST 2018 百名店 2018,https://tabelog.com/tokyo/A1303/A130302/25004893/,https://www.google.com/maps/search/?api=1&query=%E9%BA%BA%E5%B1%8B%20%E8%99%9Ftetu%20%E6%BB%8B%E8%B3%80%E7%9C%8C%E9%95%B7%E6%B5%9C%E5%B8%82%E5%8D%97%E5%91%89%E6%9C%8D%E7%94%BA5-24,2018,ラーメン 百名店 WEST 2018,ramen_west,
麺屋 たけ井 本店,京都府城陽市観音堂甲田48-2,食べログ ラーメン 百名店 WEST 2018 百名店 2018,https://tabelog.com/tokyo/A1303/A130302/26017227/,https://www.google.com/maps/search/?api=1&query=%E9%BA%BA%E5%B1%8B%20%E3%81%9F%E3%81%91%E4%BA%95%20%E6%9C%AC%E5%BA%97%20%E4%BA%AC%E9%83%BD%E5%BA%9C%E5%9F%8E%E9%99%BD%E5%B8%82%E8%A6%B3%E9%9F%B3%E5%A0%82%E7%94%B2%E7%94%B048-2,2018,ラーメン 百名店 WEST 2018,ramen_west,
燃えよ麺助,大阪府大阪市福島区福島5-12-21,食べログ ラーメン 百名店 WEST 2018 百名店 2018,https://tabelog.com/tokyo/A1303/A130302/27091454/,https://www.google.com/maps/search/?api=1&query=%E7%87%83%E3%81%88%E3%82%88%E9%BA%BA%E5%8A%A9%20%E5%A4%A7%E9%98%AA%E5%BA%9C%E5%A4%A7%E9%98%AA%E5%B8%82%E7%A6%8F%E5%B3%B6%E5%8C%BA%E7%A6%8F%E5%B3%B65-12-21,2018,ラーメン 百名店 WEST 2018,ramen_west,
ふく流らーめん 轍  総本家,大阪府大阪市天王寺区寺田町2-5-6,食べログ ラーメン 百名店 WEST 2018 百名店 2018,https://tabelog.com/tokyo/A1303/A130302/27088045/,https://www.google.com/maps/search/?api=1&query=%E3%81%B5%E3%81%8F%E6%B5%81%E3%82%89%E3%83%BC%E3%82%81%E3%82%93%20%E8%BD%8D%20%20%E7%B7%8F%E6%9C%AC%E5%AE%B6%20%E5%A4%A7%E9%98%AA%E5%BA%9C%E5%A4%A7%E9%98%AA%E5%B8%82%E5%A4%A9%E7%8E%8B%E5%AF%BA%E5%8C%BA%E5%AF%BA%E7%94%B0%E7%94%BA2-5-6,2018,ラーメン 百名店 WEST 2018,ramen_west,
ラーメンたんろん白,兵庫県西宮市城ケ堀町2-13,食べログ ラーメン 百名店 WEST 2018 百名店 2018,https://tabelog.com/tokyo/A1303/A130302/28034897/,https://www.google.com/maps/search/?api=1&query=%E3%83%A9%E3%83%BC%E3%83%A1%E3%83%B3%E3%81%9F%E3%82%93%E3%82%8D%E3%82%93%E7%99%BD%20%E5%85%B5%E5%BA%AB%E7%9C%8C%E8%A5%BF%E5%AE%AE%E5%B8%82%E5%9F%8E%E3%82%B1%E5%A0%80%E7%94%BA2-13,2018,ラーメン 百名店 WEST 2018,ramen_west,
麺や 紡,大阪府茨木市宇野辺2-1-24,食べログ ラーメン 百名店 WEST 2018 百名店 2018,https://tabelog.com/tokyo/A1303/A130302/27064537/,https://www.google.com/maps/search/?api=1&query=%E9%BA%BA%E3%82%84%20%E7%B4%A1%20%E5%A4%A7%E9%98%AA%E5%BA%9C%E8%8C%A8%E6%9C%A8%E5%B8%82%E5%AE%87%E9%87%8E%E8%BE%BA2-1-24,2018,ラーメン 百名店 WEST 2018,ramen_west,
つけ麺 きらり,京都府京都市伏見区東浜南町660-3,食べログ ラーメン 百名店 WEST 2018 百名店 2018,https://tabelog.com/tokyo/A1303/A130302/26015996/,https://www.google.com/maps/search/?api=1&query=%E3%81%A4%E3%81%91%E9%BA%BA%20%E3%81%8D%E3%82%89%E3%82%8A%20%E4%BA%AC%E9%83%BD%E5%BA%9C%E4%BA%AC%E9%83%BD%E5%B8%82%E4%BC%8F%E8%A6%8B%E5%8C%BA%E6%9D%B1%E6%B5%9C%E5%8D%97%E7%94%BA660-3,2018,ラーメン 百名店 WEST 2018,ramen_west,
ロックンビリーS1,兵庫県尼崎市南塚口町3-29-13,食べログ ラーメン 百名店 WEST 2018 百名店 2018,https://tabelog.com/tokyo/A1303/A130302/28040893/,https://www.google.com/maps/search/?api=1&query=%E3%83%AD%E3%83%83%E3%82%AF%E3%83%B3%E3%83%93%E3%83%AA%E3%83%BCS1%20%E5%85%B5%E5%BA%AB%E7%9C%8C%E5%B0%BC%E5%B4%8E%E5%B8%82%E5%8D%97%E5%A1%9A%E5%8F%A3%E7%94%BA3-29-13,2018,ラーメン 百名店 WEST 2018,ramen_west,
彩色ラーメン きんせい総本家 夢風,大阪府高槻市栄町2-19-7,食べログ ラーメン 百名店 WEST 2018 百名店 2018,https://tabelog.com/tokyo/A1303/A130302/27002131/,https://www.google.com/maps/search/?api=1&query=%E5%BD%A9%E8%89%B2%E3%83%A9%E3%83%BC%E3%83%A1%E3%83%B3%20%E3%81%8D%E3%82%93%E3%81%9B%E3%81%84%E7%B7%8F%E6%9C%AC%E5%AE%B6%20%E5%A4%A2%E9%A2%A8%20%E5%A4%A7%E9%98%AA%E5%BA%9C%E9%AB%98%E6%A7%BB%E5%B8%82%E6%A0%84%E7%94%BA2-19-7,2018,ラーメン 百名店 WEST 2018,ramen_west,
あいつのラーメン かたぐるま 本店,京都府京都市下京区西七条西八反田町77 ガーディアン青山 1F,食べログ ラーメン 百名店 WEST 2018 百名店 2018,https://tabelog.com/tokyo/A1303/A130302/26023737/,https://www.google.com/maps/search/?api=1&query=%E3%81%82%E3%81%84%E3%81%A4%E3%81%AE%E3%83%A9%E3%83%BC%E3%83%A1%E3%83%B3%20%E3%81%8B%E3%81%9F%E3%81%90%E3%82%8B%E3%81%BE%20%E6%9C%AC%E5%BA%97%20%E4%BA%AC%E9%83%BD%E5%BA%9C%E4%BA%AC%E9%83%BD%E5%B8%82%E4%B8%8B%E4%BA%AC%E5%8C%BA%E8%A5%BF%E4%B8%83%E6%9D%A1%E8%A5%BF%E5%85%AB%E5%8F%8D%E7%94%B0%E7%94%BA77%20%E3%82%AC%E3%83%BC%E3%83%87%E3%82%A3%E3%82%A2%E3%83%B3%E9%9D%92%E5%B1%B1%201F,2018,ラーメン 百名店 WEST 2018,ramen_west,
馬鹿坊,大阪府大阪市北区浮田1-4-10,食べログ ラーメン 百名店 WEST 2018 百名店 2018,https://tabelog.com/tokyo/A1303/A130302/27084317/,https://www.google.com/maps/search/?api=1&query=%E9%A6%AC%E9%B9%BF%E5%9D%8A%20%E5%A4%A7%E9%98%AA%E5%BA%9C%E5%A4%A7%E9%98%AA%E5%B8%82%E5%8C%97%E5%8C%BA%E6%B5%AE%E7%94%B01-4-10,2018,ラーメン 百名店 WEST 2018,ramen_west,
手打ち麺 やす田,大阪府大阪市東淀川区東中島1-21-2 新大阪ハイツ106号,食べログ ラーメン 百名店 WEST 2018 百名店 2018,https://tabelog.com/tokyo/A1303/A130302/27060153/,https://www.google.com/maps/search/?api=1&query=%E6%89%8B%E6%89%93%E3%81%A1%E9%BA%BA%20%E3%82%84%E3%81%99%E7%94%B0%20%E5%A4%A7%E9%98%AA%E5%BA%9C%E5%A4%A7%E9%98%AA%E5%B8%82%E6%9D%B1%E6%B7%80%E5%B7%9D%E5%8C%BA%E6%9D%B1%E4%B8%AD%E5%B3%B61-21-2%20%E6%96%B0%E5%A4%A7%E9%98%AA%E3%83%8F%E3%82%A4%E3%83%84106%E5%8F%B7,2018,ラーメン 百名店 WEST 2018,ramen_west,
中華そば麦右衛門,兵庫県揖保郡太子町鵤496-1,食べログ ラーメン 百名店 WEST 2018 百名店 2018,https://tabelog.com/tokyo/A1303/A130302/28037743/,https://www.google.com/maps/search/?api=1&query=%E4%B8%AD%E8%8F%AF%E3%81%9D%E3%81%B0%E9%BA%A6%E5%8F%B3%E8%A1%9B%E9%96%80%20%E5%85%B5%E5%BA%AB%E7%9C%8C%E6%8F%96%E4%BF%9D%E9%83%A1%E5%A4%AA%E5%AD%90%E7%94%BA%E9%B5%A4496-1,2018,ラーメン 百名店 WEST 2018,ramen_west,
ラーメン人生JET,大阪府大阪市福島区福島7-12-2,食べログ ラーメン 百名店 WEST 2018 百名店 2018,https://tabelog.com/tokyo/A1303/A130302/27050827/,https://www.google.com/maps/search/?api=1&query=%E3%83%A9%E3%83%BC%E3%83%A1%E3%83%B3%E4%BA%BA%E7%94%9FJET%20%E5%A4%A7%E9%98%AA%E5%BA%9C%E5%A4%A7%E9%98%AA%E5%B8%82%E7%A6%8F%E5%B3%B6%E5%8C%BA%E7%A6%8F%E5%B3%B67-12-2,2018,ラーメン 百名店 WEST 2018,ramen_west,
フスマにかけろ 中崎壱丁 中崎商店會1-6-18号ラーメン,大阪府大阪市北区中崎1-6-18,食べログ ラーメン 百名店 WEST 2018 百名店 2018,https://tabelog.com/tokyo/A1303/A130302/27056367/,https://www.google.com/maps/search/?api=1&query=%E3%83%95%E3%82%B9%E3%83%9E%E3%81%AB%E3%81%8B%E3%81%91%E3%82%8D%20%E4%B8%AD%E5%B4%8E%E5%A3%B1%E4%B8%81%20%E4%B8%AD%E5%B4%8E%E5%95%86%E5%BA%97%E6%9C%831-6-18%E5%8F%B7%E3%83%A9%E3%83%BC%E3%83%A1%E3%83%B3%20%E5%A4%A7%E9%98%AA%E5%BA%9C%E5%A4%A7%E9%98%AA%E5%B8%82%E5%8C%97%E5%8C%BA%E4%B8%AD%E5%B4%8E1-6-18,2018,ラーメン 百名店 WEST 2018,ramen_west,
人類みな麺類,大阪府大阪市淀川区西中島1-12-15,食べログ ラーメン 百名店 WEST 2018 百名店 2018,https://tabelog.com/tokyo/A1303/A130302/27064584/,https://www.google.com/maps/search/?api=1&query=%E4%BA%BA%E9%A1%9E%E3%81%BF%E3%81%AA%E9%BA%BA%E9%A1%9E%20%E5%A4%A7%E9%98%AA%E5%BA%9C%E5%A4%A7%E9%98%AA%E5%B8%82%E6%B7%80%E5%B7%9D%E5%8C%BA%E8%A5%BF%E4%B8%AD%E5%B3%B61-12-15,2018,ラーメン 百名店 WEST 2018,ramen_west,
麺食堂 88,奈良県磯城郡川西町結崎674-6 酒井ビル 102,食べログ ラーメン 百名店 WEST 2018 百名店 2018,https://tabelog.com/tokyo/A1303/A130302/29008726/,https://www.google.com/maps/search/?api=1&query=%E9%BA%BA%E9%A3%9F%E5%A0%82%2088%20%E5%A5%88%E8%89%AF%E7%9C%8C%E7%A3%AF%E5%9F%8E%E9%83%A1%E5%B7%9D%E8%A5%BF%E7%94%BA%E7%B5%90%E5%B4%8E674-6%20%E9%85%92%E4%BA%95%E3%83%93%E3%83%AB%20102,2018,ラーメン 百名店 WEST 2018,ramen_west,
らぁ麺屋 はりねずみ,大阪府高槻市野見町4-6 1F,食べログ ラーメン 百名店 WEST 2018 百名店 2018,https://tabelog.com/tokyo/A1303/A130302/27097061/,https://www.google.com/maps/search/?api=1&query=%E3%82%89%E3%81%81%E9%BA%BA%E5%B1%8B%20%E3%81%AF%E3%82%8A%E3%81%AD%E3%81%9A%E3%81%BF%20%E5%A4%A7%E9%98%AA%E5%BA%9C%E9%AB%98%E6%A7%BB%E5%B8%82%E9%87%8E%E8%A6%8B%E7%94%BA4-6%201F,2018,ラーメン 百名店 WEST 2018,ramen_west,
極汁美麺 umami,大阪府東大阪市菱屋西3-1-1,食べログ ラーメン 百名店 WEST 2018 百名店 2018,https://tabelog.com/tokyo/A1303/A130302/27093539/,https://www.google.com/maps/search/?api=1&query=%E6%A5%B5%E6%B1%81%E7%BE%8E%E9%BA%BA%20umami%20%E5%A4%A7%E9%98%AA%E5%BA%9C%E6%9D%B1%E5%A4%A7%E9%98%AA%E5%B8%82%E8%8F%B1%E5%B1%8B%E8%A5%BF3-1-1,2018,ラーメン 百名店 WEST 2018,ramen_west,
がふうあん,兵庫県伊丹市西台2-1-11,食べログ ラーメン 百名店 WEST 2018 百名店 2018,https://tabelog.com/tokyo/A1303/A130302/28022134/,https://www.google.com/maps/search/?api=1&query=%E3%81%8C%E3%81%B5%E3%81%86%E3%81%82%E3%82%93%20%E5%85%B5%E5%BA%AB%E7%9C%8C%E4%BC%8A%E4%B8%B9%E5%B8%82%E8%A5%BF%E5%8F%B02-1-11,2018,ラーメン 百名店 WEST 2018,ramen_west,
おだしと小麦一三〇,京都府京都市左京区一乗寺樋之口町27 コーポラス禅 1F,食べログ ラーメン 百名店 WEST 2018 百名店 2018,https://tabelog.com/tokyo/A1303/A130302/26023624/,https://www.google.com/maps/search/?api=1&query=%E3%81%8A%E3%81%A0%E3%81%97%E3%81%A8%E5%B0%8F%E9%BA%A6%E4%B8%80%E4%B8%89%E3%80%87%20%E4%BA%AC%E9%83%BD%E5%BA%9C%E4%BA%AC%E9%83%BD%E5%B8%82%E5%B7%A6%E4%BA%AC%E5%8C%BA%E4%B8%80%E4%B9%97%E5%AF%BA%E6%A8%8B%E4%B9%8B%E5%8F%A3%E7%94%BA27%20%E3%82%B3%E3%83%BC%E3%83%9D%E3%83%A9%E3%82%B9%E7%A6%85%201F,2018,ラーメン 百名店 WEST 2018,ramen_west,
自然派ラーメン 神楽,石川県金沢市寺町1-20-10,食べログ ラーメン 百名店 WEST 2018 百名店 2018,https://tabelog.com/tokyo/A1303/A130302/17001321/,https://www.google.com/maps/search/?api=1&query=%E8%87%AA%E7%84%B6%E6%B4%BE%E3%83%A9%E3%83%BC%E3%83%A1%E3%83%B3%20%E7%A5%9E%E6%A5%BD%20%E7%9F%B3%E5%B7%9D%E7%9C%8C%E9%87%91%E6%B2%A2%E5%B8%82%E5%AF%BA%E7%94%BA1-20-10,2018,ラーメン 百名店 WEST 2018,ramen_west,
烈火 本店,大阪府豊中市庄内東町2-2-14,食べログ ラーメン 百名店 WEST 2018 百名店 2018,https://tabelog.com/tokyo/A1303/A130302/27059898/,https://www.google.com/maps/search/?api=1&query=%E7%83%88%E7%81%AB%20%E6%9C%AC%E5%BA%97%20%E5%A4%A7%E9%98%AA%E5%BA%9C%E8%B1%8A%E4%B8%AD%E5%B8%82%E5%BA%84%E5%86%85%E6%9D%B1%E7%94%BA2-2-14,2018,ラーメン 百名店 WEST 2018,ramen_west,
ラーメン無法松 本店,福岡県北九州市小倉北区神岳2-10-24 三共ビル 1F,食べログ ラーメン 百名店 WEST 2018 百名店 2018,https://tabelog.com/tokyo/A1303/A130302/40000370/,https://www.google.com/maps/search/?api=1&query=%E3%83%A9%E3%83%BC%E3%83%A1%E3%83%B3%E7%84%A1%E6%B3%95%E6%9D%BE%20%E6%9C%AC%E5%BA%97%20%E7%A6%8F%E5%B2%A1%E7%9C%8C%E5%8C%97%E4%B9%9D%E5%B7%9E%E5%B8%82%E5%B0%8F%E5%80%89%E5%8C%97%E5%8C%BA%E7%A5%9E%E5%B2%B32-10-24%20%E4%B8%89%E5%85%B1%E3%83%93%E3%83%AB%201F,2018,ラーメン 百名店 WEST 2018,ramen_west,
そらみち,石川県金沢市窪7-281 ヴィアーレ伏見台 102,食べログ ラーメン 百名店 WEST 2018 百名店 2018,https://tabelog.com/tokyo/A1303/A130302/17009845/,https://www.google.com/maps/search/?api=1&query=%E3%81%9D%E3%82%89%E3%81%BF%E3%81%A1%20%E7%9F%B3%E5%B7%9D%E7%9C%8C%E9%87%91%E6%B2%A2%E5%B8%82%E7%AA%AA7-281%20%E3%83%B4%E3%82%A3%E3%82%A2%E3%83%BC%E3%83%AC%E4%BC%8F%E8%A6%8B%E5%8F%B0%20102,2018,ラーメン 百名店 WEST 2018,ramen_west,
麺屋NOROMA,奈良県奈良市南京終町3-1531,食べログ ラーメン 百名店 WEST 2018 百名店 2018,https://tabelog.com/tokyo/A1303/A130302/29007675/,https://www.google.com/maps/search/?api=1&query=%E9%BA%BA%E5%B1%8BNOROMA%20%E5%A5%88%E8%89%AF%E7%9C%8C%E5%A5%88%E8%89%AF%E5%B8%82%E5%8D%97%E4%BA%AC%E7%B5%82%E7%94%BA3-1531,2018,ラーメン 百名店 WEST 2018,ramen_west,
Clutch Hitter,兵庫県伊丹市瑞ケ丘1-19,食べログ ラーメン 百名店 WEST 2018 百名店 2018,https://tabelog.com/tokyo/A1303/A130302/28046105/,https://www.google.com/maps/search/?api=1&query=Clutch%20Hitter%20%E5%85%B5%E5%BA%AB%E7%9C%8C%E4%BC%8A%E4%B8%B9%E5%B8%82%E7%91%9E%E3%82%B1%E4%B8%981-19,2018,ラーメン 百名店 WEST 2018,ramen_west,
麺や 青雲志,三重県松阪市嬉野権現前町神北405-14,食べログ ラーメン 百名店 WEST 2018 百名店 2018,https://tabelog.com/tokyo/A1303/A130302/24008988/,https://www.google.com/maps/search/?api=1&query=%E9%BA%BA%E3%82%84%20%E9%9D%92%E9%9B%B2%E5%BF%97%20%E4%B8%89%E9%87%8D%E7%9C%8C%E6%9D%BE%E9%98%AA%E5%B8%82%E5%AC%89%E9%87%8E%E6%A8%A9%E7%8F%BE%E5%89%8D%E7%94%BA%E7%A5%9E%E5%8C%97405-14,2018,ラーメン 百名店 WEST 2018,ramen_west,
麺道はなもこし,福岡県福岡市中央区薬院2-4-35 エステート・モアシャトー薬院 1F,食べログ ラーメン 百名店 WEST 2018 百名店 2018,https://tabelog.com/tokyo/A1303/A130302/40028964/,https://www.google.com/maps/search/?api=1&query=%E9%BA%BA%E9%81%93%E3%81%AF%E3%81%AA%E3%82%82%E3%81%93%E3%81%97%20%E7%A6%8F%E5%B2%A1%E7%9C%8C%E7%A6%8F%E5%B2%A1%E5%B8%82%E4%B8%AD%E5%A4%AE%E5%8C%BA%E8%96%AC%E9%99%A22-4-35%20%E3%82%A8%E3%82%B9%E3%83%86%E3%83%BC%E3%83%88%E3%83%BB%E3%83%A2%E3%82%A2%E3%82%B7%E3%83%A3%E3%83%88%E3%83%BC%E8%96%AC%E9%99%A2%201F,2018,ラーメン 百名店 WEST 2018,ramen_west,
麺屋 猪一,京都府京都市下京区恵比須之町528 エビステラス 1F,食べログ ラーメン 百名店 WEST 2018 百名店 2018,https://tabelog.com/tokyo/A1303/A130302/26022436/,https://www.google.com/maps/search/?api=1&query=%E9%BA%BA%E5%B1%8B%20%E7%8C%AA%E4%B8%80%20%E4%BA%AC%E9%83%BD%E5%BA%9C%E4%BA%AC%E9%83%BD%E5%B8%82%E4%B8%8B%E4%BA%AC%E5%8C%BA%E6%81%B5%E6%AF%94%E9%A0%88%E4%B9%8B%E7%94%BA528%20%E3%82%A8%E3%83%93%E3%82%B9%E3%83%86%E3%83%A9%E3%82%B9%201F,2018,ラーメン 百名店 WEST 2018,ramen_west,
金久右衛門 本店,大阪府大阪市東成区深江北3-2-8,食べログ ラーメン 百名店 WEST 2018 百名店 2018,https://tabelog.com/tokyo/A1303/A130302/27002999/,https://www.google.com/maps/search/?api=1&query=%E9%87%91%E4%B9%85%E5%8F%B3%E8%A1%9B%E9%96%80%20%E6%9C%AC%E5%BA%97%20%E5%A4%A7%E9%98%AA%E5%BA%9C%E5%A4%A7%E9%98%AA%E5%B8%82%E6%9D%B1%E6%88%90%E5%8C%BA%E6%B7%B1%E6%B1%9F%E5%8C%973-2-8,2018,ラーメン 百名店 WEST 2018,ramen_west,
金田家 本店,福岡県行橋市大橋1-4-3,食べログ ラーメン 百名店 WEST 2018 百名店 2018,https://tabelog.com/tokyo/A1303/A130302/40017922/,https://www.google.com/maps/search/?api=1&query=%E9%87%91%E7%94%B0%E5%AE%B6%20%E6%9C%AC%E5%BA%97%20%E7%A6%8F%E5%B2%A1%E7%9C%8C%E8%A1%8C%E6%A9%8B%E5%B8%82%E5%A4%A7%E6%A9%8B1-4-3,2018,ラーメン 百名店 WEST 2018,ramen_west,
らぁめん 欽山製麺所,香川県高松市片原町4-10,食べログ ラーメン 百名店 WEST 2018 百名店 2018,https://tabelog.com/tokyo/A1303/A130302/37007785/,https://www.google.com/maps/search/?api=1&query=%E3%82%89%E3%81%81%E3%82%81%E3%82%93%20%E6%AC%BD%E5%B1%B1%E8%A3%BD%E9%BA%BA%E6%89%80%20%E9%A6%99%E5%B7%9D%E7%9C%8C%E9%AB%98%E6%9D%BE%E5%B8%82%E7%89%87%E5%8E%9F%E7%94%BA4-10,2018,ラーメン 百名店 WEST 2018,ramen_west,
無鉄砲 総本店,京都府木津川市梅谷髯谷15-3,食べログ ラーメン 百名店 WEST 2018 百名店 2018,https://tabelog.com/tokyo/A1303/A130302/26002160/,https://www.google.com/maps/search/?api=1&query=%E7%84%A1%E9%89%84%E7%A0%B2%20%E7%B7%8F%E6%9C%AC%E5%BA%97%20%E4%BA%AC%E9%83%BD%E5%BA%9C%E6%9C%A8%E6%B4%A5%E5%B7%9D%E5%B8%82%E6%A2%85%E8%B0%B7%E9%AB%AF%E8%B0%B715-3,2018,ラーメン 百名店 WEST 2018,ramen_west,
とんぴととりの光龍益,大阪府大阪市都島区中野町5-9-5,食べログ ラーメン 百名店 WEST 2018 百名店 2018,https://tabelog.com/tokyo/A1303/A130302/27015801/,https://www.google.com/maps/search/?api=1&query=%E3%81%A8%E3%82%93%E3%81%B4%E3%81%A8%E3%81%A8%E3%82%8A%E3%81%AE%E5%85%89%E9%BE%8D%E7%9B%8A%20%E5%A4%A7%E9%98%AA%E5%BA%9C%E5%A4%A7%E9%98%AA%E5%B8%82%E9%83%BD%E5%B3%B6%E5%8C%BA%E4%B8%AD%E9%87%8E%E7%94%BA5-9-5,2018,ラーメン 百名店 WEST 2018,ramen_west,
覚王山 吉芋 本店,愛知県名古屋市千種区日進通5-2-4,食べログ スイーツ 百名店 EAST 2018 百名店 2018,https://tabelog.com/tokyo/A1303/A130302/23003953/,https://www.google.com/maps/search/?api=1&query=%E8%A6%9A%E7%8E%8B%E5%B1%B1%20%E5%90%89%E8%8A%8B%20%E6%9C%AC%E5%BA%97%20%E6%84%9B%E7%9F%A5%E7%9C%8C%E5%90%8D%E5%8F%A4%E5%B1%8B%E5%B8%82%E5%8D%83%E7%A8%AE%E5%8C%BA%E6%97%A5%E9%80%B2%E9%80%9A5-2-4,2018,スイーツ 百名店 EAST 2018,sweets_east,
阿左美冷蔵 金崎本店,埼玉県秩父郡皆野町金崎27-1,食べログ スイーツ 百名店 EAST 2018 百名店 2018,https://tabelog.com/tokyo/A1303/A130302/11000259/,https://www.google.com/maps/search/?api=1&query=%E9%98%BF%E5%B7%A6%E7%BE%8E%E5%86%B7%E8%94%B5%20%E9%87%91%E5%B4%8E%E6%9C%AC%E5%BA%97%20%E5%9F%BC%E7%8E%89%E7%9C%8C%E7%A7%A9%E7%88%B6%E9%83%A1%E7%9A%86%E9%87%8E%E7%94%BA%E9%87%91%E5%B4%8E27-1,2018,スイーツ 百名店 EAST 2018,sweets_east,
オ・プティ・マタン,神奈川県横浜市金沢区大川7-4 レイディアントシティ横浜　１Ｆ,食べログ スイーツ 百名店 EAST 2018 百名店 2018,https://tabelog.com/tokyo/A1303/A130302/14011336/,https://www.google.com/maps/search/?api=1&query=%E3%82%AA%E3%83%BB%E3%83%97%E3%83%86%E3%82%A3%E3%83%BB%E3%83%9E%E3%82%BF%E3%83%B3%20%E7%A5%9E%E5%A5%88%E5%B7%9D%E7%9C%8C%E6%A8%AA%E6%B5%9C%E5%B8%82%E9%87%91%E6%B2%A2%E5%8C%BA%E5%A4%A7%E5%B7%9D7-4%20%E3%83%AC%E3%82%A4%E3%83%87%E3%82%A3%E3%82%A2%E3%83%B3%E3%83%88%E3%82%B7%E3%83%86%E3%82%A3%E6%A8%AA%E6%B5%9C%E3%80%80%EF%BC%91%EF%BC%A6,2018,スイーツ 百名店 EAST 2018,sweets_east,
アトリエうかい たまプラーザ,神奈川県横浜市青葉区新石川2-4-10 モリテックスたまプラーザビル 1F,食べログ スイーツ 百名店 EAST 2018 百名店 2018,https://tabelog.com/tokyo/A1303/A130302/14054070/,https://www.google.com/maps/search/?api=1&query=%E3%82%A2%E3%83%88%E3%83%AA%E3%82%A8%E3%81%86%E3%81%8B%E3%81%84%20%E3%81%9F%E3%81%BE%E3%83%97%E3%83%A9%E3%83%BC%E3%82%B6%20%E7%A5%9E%E5%A5%88%E5%B7%9D%E7%9C%8C%E6%A8%AA%E6%B5%9C%E5%B8%82%E9%9D%92%E8%91%89%E5%8C%BA%E6%96%B0%E7%9F%B3%E5%B7%9D2-4-10%20%E3%83%A2%E3%83%AA%E3%83%86%E3%83%83%E3%82%AF%E3%82%B9%E3%81%9F%E3%81%BE%E3%83%97%E3%83%A9%E3%83%BC%E3%82%B6%E3%83%93%E3%83%AB%201F,2018,スイーツ 百名店 EAST 2018,sweets_east,
腰掛庵,山形県天童市北目1-6-11,食べログ スイーツ 百名店 EAST 2018 百名店 2018,https://tabelog.com/tokyo/A1303/A130302/6000084/,https://www.google.com/maps/search/?api=1&query=%E8%85%B0%E6%8E%9B%E5%BA%B5%20%E5%B1%B1%E5%BD%A2%E7%9C%8C%E5%A4%A9%E7%AB%A5%E5%B8%82%E5%8C%97%E7%9B%AE1-6-11,2018,スイーツ 百名店 EAST 2018,sweets_east,
埜庵,神奈川県藤沢市鵠沼海岸3-5-11,食べログ スイーツ 百名店 EAST 2018 百名店 2018,https://tabelog.com/tokyo/A1303/A130302/14002792/,https://www.google.com/maps/search/?api=1&query=%E5%9F%9C%E5%BA%B5%20%E7%A5%9E%E5%A5%88%E5%B7%9D%E7%9C%8C%E8%97%A4%E6%B2%A2%E5%B8%82%E9%B5%A0%E6%B2%BC%E6%B5%B7%E5%B2%B83-5-11,2018,スイーツ 百名店 EAST 2018,sweets_east,
CALVA,神奈川県鎌倉市大船1-12-18 エミールビル 1F,食べログ スイーツ 百名店 EAST 2018 百名店 2018,https://tabelog.com/tokyo/A1303/A130302/14030857/,https://www.google.com/maps/search/?api=1&query=CALVA%20%E7%A5%9E%E5%A5%88%E5%B7%9D%E7%9C%8C%E9%8E%8C%E5%80%89%E5%B8%82%E5%A4%A7%E8%88%B91-12-18%20%E3%82%A8%E3%83%9F%E3%83%BC%E3%83%AB%E3%83%93%E3%83%AB%201F,2018,スイーツ 百名店 EAST 2018,sweets_east,
フルーツパーラー 弘法屋 池下店,愛知県名古屋市千種区覚王山通8-70-1 名鉄パレサンクレア池下店　１F,食べログ スイーツ 百名店 EAST 2018 百名店 2018,https://tabelog.com/tokyo/A1303/A130302/23020841/,https://www.google.com/maps/search/?api=1&query=%E3%83%95%E3%83%AB%E3%83%BC%E3%83%84%E3%83%91%E3%83%BC%E3%83%A9%E3%83%BC%20%E5%BC%98%E6%B3%95%E5%B1%8B%20%E6%B1%A0%E4%B8%8B%E5%BA%97%20%E6%84%9B%E7%9F%A5%E7%9C%8C%E5%90%8D%E5%8F%A4%E5%B1%8B%E5%B8%82%E5%8D%83%E7%A8%AE%E5%8C%BA%E8%A6%9A%E7%8E%8B%E5%B1%B1%E9%80%9A8-70-1%20%E5%90%8D%E9%89%84%E3%83%91%E3%83%AC%E3%82%B5%E3%83%B3%E3%82%AF%E3%83%AC%E3%82%A2%E6%B1%A0%E4%B8%8B%E5%BA%97%E3%80%80%EF%BC%91F,2018,スイーツ 百名店 EAST 2018,sweets_east,
農家の茶屋　自然満喫倶楽部,北海道札幌市清田区有明187番地,食べログ スイーツ 百名店 EAST 2018 百名店 2018,https://tabelog.com/tokyo/A1303/A130302/1008448/,https://www.google.com/maps/search/?api=1&query=%E8%BE%B2%E5%AE%B6%E3%81%AE%E8%8C%B6%E5%B1%8B%E3%80%80%E8%87%AA%E7%84%B6%E6%BA%80%E5%96%AB%E5%80%B6%E6%A5%BD%E9%83%A8%20%E5%8C%97%E6%B5%B7%E9%81%93%E6%9C%AD%E5%B9%8C%E5%B8%82%E6%B8%85%E7%94%B0%E5%8C%BA%E6%9C%89%E6%98%8E187%E7%95%AA%E5%9C%B0,2018,スイーツ 百名店 EAST 2018,sweets_east,
清泉寮ジャージーハット,山梨県北杜市高根町清里3545 清泉寮,食べログ スイーツ 百名店 EAST 2018 百名店 2018,https://tabelog.com/tokyo/A1303/A130302/19000074/,https://www.google.com/maps/search/?api=1&query=%E6%B8%85%E6%B3%89%E5%AF%AE%E3%82%B8%E3%83%A3%E3%83%BC%E3%82%B8%E3%83%BC%E3%83%8F%E3%83%83%E3%83%88%20%E5%B1%B1%E6%A2%A8%E7%9C%8C%E5%8C%97%E6%9D%9C%E5%B8%82%E9%AB%98%E6%A0%B9%E7%94%BA%E6%B8%85%E9%87%8C3545%20%E6%B8%85%E6%B3%89%E5%AF%AE,2018,スイーツ 百名店 EAST 2018,sweets_east,
小布施堂本店,長野県上高井郡小布施町808,食べログ スイーツ 百名店 EAST 2018 百名店 2018,https://tabelog.com/tokyo/A1303/A130302/20001123/,https://www.google.com/maps/search/?api=1&query=%E5%B0%8F%E5%B8%83%E6%96%BD%E5%A0%82%E6%9C%AC%E5%BA%97%20%E9%95%B7%E9%87%8E%E7%9C%8C%E4%B8%8A%E9%AB%98%E4%BA%95%E9%83%A1%E5%B0%8F%E5%B8%83%E6%96%BD%E7%94%BA808,2018,スイーツ 百名店 EAST 2018,sweets_east,
ジェラテリア・イル・ブリガンテ,神奈川県鎌倉市小町2-9-6 1Ｆ,食べログ スイーツ 百名店 EAST 2018 百名店 2018,https://tabelog.com/tokyo/A1303/A130302/14011873/,https://www.google.com/maps/search/?api=1&query=%E3%82%B8%E3%82%A7%E3%83%A9%E3%83%86%E3%83%AA%E3%82%A2%E3%83%BB%E3%82%A4%E3%83%AB%E3%83%BB%E3%83%96%E3%83%AA%E3%82%AC%E3%83%B3%E3%83%86%20%E7%A5%9E%E5%A5%88%E5%B7%9D%E7%9C%8C%E9%8E%8C%E5%80%89%E5%B8%82%E5%B0%8F%E7%94%BA2-9-6%201%EF%BC%A6,2018,スイーツ 百名店 EAST 2018,sweets_east,
三日月氷菓店,千葉県柏市柏1-5-5 谷澤ビル2F,食べログ スイーツ 百名店 EAST 2018 百名店 2018,https://tabelog.com/tokyo/A1303/A130302/12023093/,https://www.google.com/maps/search/?api=1&query=%E4%B8%89%E6%97%A5%E6%9C%88%E6%B0%B7%E8%8F%93%E5%BA%97%20%E5%8D%83%E8%91%89%E7%9C%8C%E6%9F%8F%E5%B8%82%E6%9F%8F1-5-5%20%E8%B0%B7%E6%BE%A4%E3%83%93%E3%83%AB2F,2018,スイーツ 百名店 EAST 2018,sweets_east,
パティスリー オランジュ,埼玉県朝霞市西弁財2-2-24 かつみビル1階,食べログ スイーツ 百名店 EAST 2018 百名店 2018,https://tabelog.com/tokyo/A1303/A130302/11024456/,https://www.google.com/maps/search/?api=1&query=%E3%83%91%E3%83%86%E3%82%A3%E3%82%B9%E3%83%AA%E3%83%BC%20%E3%82%AA%E3%83%A9%E3%83%B3%E3%82%B8%E3%83%A5%20%E5%9F%BC%E7%8E%89%E7%9C%8C%E6%9C%9D%E9%9C%9E%E5%B8%82%E8%A5%BF%E5%BC%81%E8%B2%A12-2-24%20%E3%81%8B%E3%81%A4%E3%81%BF%E3%83%93%E3%83%AB1%E9%9A%8E,2018,スイーツ 百名店 EAST 2018,sweets_east,
ハッピーベリー,福島県西白河郡矢吹町弥栄63-2,食べログ スイーツ 百名店 EAST 2018 百名店 2018,https://tabelog.com/tokyo/A1303/A130302/7006158/,https://www.google.com/maps/search/?api=1&query=%E3%83%8F%E3%83%83%E3%83%94%E3%83%BC%E3%83%99%E3%83%AA%E3%83%BC%20%E7%A6%8F%E5%B3%B6%E7%9C%8C%E8%A5%BF%E7%99%BD%E6%B2%B3%E9%83%A1%E7%9F%A2%E5%90%B9%E7%94%BA%E5%BC%A5%E6%A0%8463-2,2018,スイーツ 百名店 EAST 2018,sweets_east,
カフェサブヒロ,愛知県名古屋市名東区一社2-55 斉藤ビル 1F,食べログ スイーツ 百名店 EAST 2018 百名店 2018,https://tabelog.com/tokyo/A1303/A130302/23047276/,https://www.google.com/maps/search/?api=1&query=%E3%82%AB%E3%83%95%E3%82%A7%E3%82%B5%E3%83%96%E3%83%92%E3%83%AD%20%E6%84%9B%E7%9F%A5%E7%9C%8C%E5%90%8D%E5%8F%A4%E5%B1%8B%E5%B8%82%E5%90%8D%E6%9D%B1%E5%8C%BA%E4%B8%80%E7%A4%BE2-55%20%E6%96%89%E8%97%A4%E3%83%93%E3%83%AB%201F,2018,スイーツ 百名店 EAST 2018,sweets_east,
フォルテシモ アッシュ,愛知県名古屋市千種区高見2-1-16 名古屋セントラルガーデン,食べログ スイーツ 百名店 EAST 2018 百名店 2018,https://tabelog.com/tokyo/A1303/A130302/23004369/,https://www.google.com/maps/search/?api=1&query=%E3%83%95%E3%82%A9%E3%83%AB%E3%83%86%E3%82%B7%E3%83%A2%20%E3%82%A2%E3%83%83%E3%82%B7%E3%83%A5%20%E6%84%9B%E7%9F%A5%E7%9C%8C%E5%90%8D%E5%8F%A4%E5%B1%8B%E5%B8%82%E5%8D%83%E7%A8%AE%E5%8C%BA%E9%AB%98%E8%A6%8B2-1-16%20%E5%90%8D%E5%8F%A4%E5%B1%8B%E3%82%BB%E3%83%B3%E3%83%88%E3%83%A9%E3%83%AB%E3%82%AC%E3%83%BC%E3%83%87%E3%83%B3,2018,スイーツ 百名店 EAST 2018,sweets_east,
fika.,愛知県名古屋市千種区菊坂町2-2 シャトレータカギ 1F,食べログ スイーツ 百名店 EAST 2018 百名店 2018,https://tabelog.com/tokyo/A1303/A130302/23009514/,https://www.google.com/maps/search/?api=1&query=fika.%20%E6%84%9B%E7%9F%A5%E7%9C%8C%E5%90%8D%E5%8F%A4%E5%B1%8B%E5%B8%82%E5%8D%83%E7%A8%AE%E5%8C%BA%E8%8F%8A%E5%9D%82%E7%94%BA2-2%20%E3%82%B7%E3%83%A3%E3%83%88%E3%83%AC%E3%83%BC%E3%82%BF%E3%82%AB%E3%82%AE%201F,2018,スイーツ 百名店 EAST 2018,sweets_east,
山田家,山形県山形市本町1-7-30,食べログ スイーツ 百名店 EAST 2018 百名店 2018,https://tabelog.com/tokyo/A1303/A130302/6000124/,https://www.google.com/maps/search/?api=1&query=%E5%B1%B1%E7%94%B0%E5%AE%B6%20%E5%B1%B1%E5%BD%A2%E7%9C%8C%E5%B1%B1%E5%BD%A2%E5%B8%82%E6%9C%AC%E7%94%BA1-7-30,2018,スイーツ 百名店 EAST 2018,sweets_east,
ボン・ヴィバン,北海道札幌市中央区南11条西1丁目5-23,食べログ スイーツ 百名店 EAST 2018 百名店 2018,https://tabelog.com/tokyo/A1303/A130302/1029443/,https://www.google.com/maps/search/?api=1&query=%E3%83%9C%E3%83%B3%E3%83%BB%E3%83%B4%E3%82%A3%E3%83%90%E3%83%B3%20%E5%8C%97%E6%B5%B7%E9%81%93%E6%9C%AD%E5%B9%8C%E5%B8%82%E4%B8%AD%E5%A4%AE%E5%8C%BA%E5%8D%9711%E6%9D%A1%E8%A5%BF1%E4%B8%81%E7%9B%AE5-23,2018,スイーツ 百名店 EAST 2018,sweets_east,
松月氷室,栃木県日光市今市379,食べログ スイーツ 百名店 EAST 2018 百名店 2018,https://tabelog.com/tokyo/A1303/A130302/9003227/,https://www.google.com/maps/search/?api=1&query=%E6%9D%BE%E6%9C%88%E6%B0%B7%E5%AE%A4%20%E6%A0%83%E6%9C%A8%E7%9C%8C%E6%97%A5%E5%85%89%E5%B8%82%E4%BB%8A%E5%B8%82379,2018,スイーツ 百名店 EAST 2018,sweets_east,
ハウス オブ フレーバーズ,神奈川県鎌倉市鎌倉山3-2-10,食べログ スイーツ 百名店 EAST 2018 百名店 2018,https://tabelog.com/tokyo/A1303/A130302/14001208/,https://www.google.com/maps/search/?api=1&query=%E3%83%8F%E3%82%A6%E3%82%B9%20%E3%82%AA%E3%83%96%20%E3%83%95%E3%83%AC%E3%83%BC%E3%83%90%E3%83%BC%E3%82%BA%20%E7%A5%9E%E5%A5%88%E5%B7%9D%E7%9C%8C%E9%8E%8C%E5%80%89%E5%B8%82%E9%8E%8C%E5%80%89%E5%B1%B13-2-10,2018,スイーツ 百名店 EAST 2018,sweets_east,
Paris パイ,新潟県長岡市大手通1-5-7,食べログ スイーツ 百名店 EAST 2018 百名店 2018,https://tabelog.com/tokyo/A1303/A130302/15002650/,https://www.google.com/maps/search/?api=1&query=Paris%20%E3%83%91%E3%82%A4%20%E6%96%B0%E6%BD%9F%E7%9C%8C%E9%95%B7%E5%B2%A1%E5%B8%82%E5%A4%A7%E6%89%8B%E9%80%9A1-5-7,2018,スイーツ 百名店 EAST 2018,sweets_east,
クラブハリエ B-スタジオ 名古屋高島屋店,愛知県名古屋市中村区名駅1-1-4 ジェイアール名古屋タカシマヤ 1F,食べログ スイーツ 百名店 EAST 2018 百名店 2018,https://tabelog.com/tokyo/A1303/A130302/23008941/,https://www.google.com/maps/search/?api=1&query=%E3%82%AF%E3%83%A9%E3%83%96%E3%83%8F%E3%83%AA%E3%82%A8%20B-%E3%82%B9%E3%82%BF%E3%82%B8%E3%82%AA%20%E5%90%8D%E5%8F%A4%E5%B1%8B%E9%AB%98%E5%B3%B6%E5%B1%8B%E5%BA%97%20%E6%84%9B%E7%9F%A5%E7%9C%8C%E5%90%8D%E5%8F%A4%E5%B1%8B%E5%B8%82%E4%B8%AD%E6%9D%91%E5%8C%BA%E5%90%8D%E9%A7%851-1-4%20%E3%82%B8%E3%82%A7%E3%82%A4%E3%82%A2%E3%83%BC%E3%83%AB%E5%90%8D%E5%8F%A4%E5%B1%8B%E3%82%BF%E3%82%AB%E3%82%B7%E3%83%9E%E3%83%A4%201F,2018,スイーツ 百名店 EAST 2018,sweets_east,
カプセルモンスター,北海道札幌市中央区南1条西15 シャトールレェーヴ 5F,食べログ スイーツ 百名店 EAST 2018 百名店 2018,https://tabelog.com/tokyo/A1303/A130302/1041432/,https://www.google.com/maps/search/?api=1&query=%E3%82%AB%E3%83%97%E3%82%BB%E3%83%AB%E3%83%A2%E3%83%B3%E3%82%B9%E3%82%BF%E3%83%BC%20%E5%8C%97%E6%B5%B7%E9%81%93%E6%9C%AD%E5%B9%8C%E5%B8%82%E4%B8%AD%E5%A4%AE%E5%8C%BA%E5%8D%971%E6%9D%A1%E8%A5%BF15%20%E3%82%B7%E3%83%A3%E3%83%88%E3%83%BC%E3%83%AB%E3%83%AC%E3%82%A7%E3%83%BC%E3%83%B4%205F,2018,スイーツ 百名店 EAST 2018,sweets_east,
甘味処 彦いち,宮城県仙台市青葉区一番町4-5-41,食べログ スイーツ 百名店 EAST 2018 百名店 2018,https://tabelog.com/tokyo/A1303/A130302/4001665/,https://www.google.com/maps/search/?api=1&query=%E7%94%98%E5%91%B3%E5%87%A6%20%E5%BD%A6%E3%81%84%E3%81%A1%20%E5%AE%AE%E5%9F%8E%E7%9C%8C%E4%BB%99%E5%8F%B0%E5%B8%82%E9%9D%92%E8%91%89%E5%8C%BA%E4%B8%80%E7%95%AA%E7%94%BA4-5-41,2018,スイーツ 百名店 EAST 2018,sweets_east,
スイーツガーデン ユウジアジキ,神奈川県横浜市都筑区北山田2-1-11 ベニシア　１Ｆ,食べログ スイーツ 百名店 EAST 2018 百名店 2018,https://tabelog.com/tokyo/A1303/A130302/14035784/,https://www.google.com/maps/search/?api=1&query=%E3%82%B9%E3%82%A4%E3%83%BC%E3%83%84%E3%82%AC%E3%83%BC%E3%83%87%E3%83%B3%20%E3%83%A6%E3%82%A6%E3%82%B8%E3%82%A2%E3%82%B8%E3%82%AD%20%E7%A5%9E%E5%A5%88%E5%B7%9D%E7%9C%8C%E6%A8%AA%E6%B5%9C%E5%B8%82%E9%83%BD%E7%AD%91%E5%8C%BA%E5%8C%97%E5%B1%B1%E7%94%B02-1-11%20%E3%83%99%E3%83%8B%E3%82%B7%E3%82%A2%E3%80%80%EF%BC%91%EF%BC%A6,2018,スイーツ 百名店 EAST 2018,sweets_east,
パティスリー・サダハル・アオキ・パリ JR名古屋タカシマヤ店,愛知県名古屋市中村区名駅1-1-4 ジェイアール名古屋タカシマヤ B1F,食べログ スイーツ 百名店 EAST 2018 百名店 2018,https://tabelog.com/tokyo/A1303/A130302/23050905/,https://www.google.com/maps/search/?api=1&query=%E3%83%91%E3%83%86%E3%82%A3%E3%82%B9%E3%83%AA%E3%83%BC%E3%83%BB%E3%82%B5%E3%83%80%E3%83%8F%E3%83%AB%E3%83%BB%E3%82%A2%E3%82%AA%E3%82%AD%E3%83%BB%E3%83%91%E3%83%AA%20JR%E5%90%8D%E5%8F%A4%E5%B1%8B%E3%82%BF%E3%82%AB%E3%82%B7%E3%83%9E%E3%83%A4%E5%BA%97%20%E6%84%9B%E7%9F%A5%E7%9C%8C%E5%90%8D%E5%8F%A4%E5%B1%8B%E5%B8%82%E4%B8%AD%E6%9D%91%E5%8C%BA%E5%90%8D%E9%A7%851-1-4%20%E3%82%B8%E3%82%A7%E3%82%A4%E3%82%A2%E3%83%BC%E3%83%AB%E5%90%8D%E5%8F%A4%E5%B1%8B%E3%82%BF%E3%82%AB%E3%82%B7%E3%83%9E%E3%83%A4%20B1F,2018,スイーツ 百名店 EAST 2018,sweets_east,
ピュイサンス,神奈川県横浜市青葉区みたけ台31-29,食べログ スイーツ 百名店 EAST 2018 百名店 2018,https://tabelog.com/tokyo/A1303/A130302/14003354/,https://www.google.com/maps/search/?api=1&query=%E3%83%94%E3%83%A5%E3%82%A4%E3%82%B5%E3%83%B3%E3%82%B9%20%E7%A5%9E%E5%A5%88%E5%B7%9D%E7%9C%8C%E6%A8%AA%E6%B5%9C%E5%B8%82%E9%9D%92%E8%91%89%E5%8C%BA%E3%81%BF%E3%81%9F%E3%81%91%E5%8F%B031-29,2018,スイーツ 百名店 EAST 2018,sweets_east,
プレリュード 福光店,岐阜県岐阜市福光南町16-19,食べログ スイーツ 百名店 EAST 2018 百名店 2018,https://tabelog.com/tokyo/A1303/A130302/21008360/,https://www.google.com/maps/search/?api=1&query=%E3%83%97%E3%83%AC%E3%83%AA%E3%83%A5%E3%83%BC%E3%83%89%20%E7%A6%8F%E5%85%89%E5%BA%97%20%E5%B2%90%E9%98%9C%E7%9C%8C%E5%B2%90%E9%98%9C%E5%B8%82%E7%A6%8F%E5%85%89%E5%8D%97%E7%94%BA16-19,2018,スイーツ 百名店 EAST 2018,sweets_east,
アカシエ 浦和店,埼玉県さいたま市浦和区仲町4-1-12 プリマベーラ １Ｆ,食べログ スイーツ 百名店 EAST 2018 百名店 2018,https://tabelog.com/tokyo/A1303/A130302/11003500/,https://www.google.com/maps/search/?api=1&query=%E3%82%A2%E3%82%AB%E3%82%B7%E3%82%A8%20%E6%B5%A6%E5%92%8C%E5%BA%97%20%E5%9F%BC%E7%8E%89%E7%9C%8C%E3%81%95%E3%81%84%E3%81%9F%E3%81%BE%E5%B8%82%E6%B5%A6%E5%92%8C%E5%8C%BA%E4%BB%B2%E7%94%BA4-1-12%20%E3%83%97%E3%83%AA%E3%83%9E%E3%83%99%E3%83%BC%E3%83%A9%20%EF%BC%91%EF%BC%A6,2018,スイーツ 百名店 EAST 2018,sweets_east,
菓子工房フラノデリス,北海道富良野市字下御料2156-1,食べログ スイーツ 百名店 EAST 2018 百名店 2018,https://tabelog.com/tokyo/A1303/A130302/1000940/,https://www.google.com/maps/search/?api=1&query=%E8%8F%93%E5%AD%90%E5%B7%A5%E6%88%BF%E3%83%95%E3%83%A9%E3%83%8E%E3%83%87%E3%83%AA%E3%82%B9%20%E5%8C%97%E6%B5%B7%E9%81%93%E5%AF%8C%E8%89%AF%E9%87%8E%E5%B8%82%E5%AD%97%E4%B8%8B%E5%BE%A1%E6%96%992156-1,2018,スイーツ 百名店 EAST 2018,sweets_east,
ちもと 駅前通り店,神奈川県足柄下郡箱根町湯本690,食べログ スイーツ 百名店 EAST 2018 百名店 2018,https://tabelog.com/tokyo/A1303/A130302/14011112/,https://www.google.com/maps/search/?api=1&query=%E3%81%A1%E3%82%82%E3%81%A8%20%E9%A7%85%E5%89%8D%E9%80%9A%E3%82%8A%E5%BA%97%20%E7%A5%9E%E5%A5%88%E5%B7%9D%E7%9C%8C%E8%B6%B3%E6%9F%84%E4%B8%8B%E9%83%A1%E7%AE%B1%E6%A0%B9%E7%94%BA%E6%B9%AF%E6%9C%AC690,2018,スイーツ 百名店 EAST 2018,sweets_east,
阿左美冷蔵 寶登山道店,埼玉県秩父郡長瀞町大字長瀞781-4,食べログ スイーツ 百名店 EAST 2018 百名店 2018,https://tabelog.com/tokyo/A1303/A130302/11000617/,https://www.google.com/maps/search/?api=1&query=%E9%98%BF%E5%B7%A6%E7%BE%8E%E5%86%B7%E8%94%B5%20%E5%AF%B6%E7%99%BB%E5%B1%B1%E9%81%93%E5%BA%97%20%E5%9F%BC%E7%8E%89%E7%9C%8C%E7%A7%A9%E7%88%B6%E9%83%A1%E9%95%B7%E7%80%9E%E7%94%BA%E5%A4%A7%E5%AD%97%E9%95%B7%E7%80%9E781-4,2018,スイーツ 百名店 EAST 2018,sweets_east,
茶屋赤鰐,岐阜県岐阜市八幡町13,食べログ スイーツ 百名店 EAST 2018 百名店 2018,https://tabelog.com/tokyo/A1303/A130302/21000111/,https://www.google.com/maps/search/?api=1&query=%E8%8C%B6%E5%B1%8B%E8%B5%A4%E9%B0%90%20%E5%B2%90%E9%98%9C%E7%9C%8C%E5%B2%90%E9%98%9C%E5%B8%82%E5%85%AB%E5%B9%A1%E7%94%BA13,2018,スイーツ 百名店 EAST 2018,sweets_east,
函館洋菓子スナッフルス 駅前店,北海道函館市若松町18-2,食べログ スイーツ 百名店 EAST 2018 百名店 2018,https://tabelog.com/tokyo/A1303/A130302/1000177/,https://www.google.com/maps/search/?api=1&query=%E5%87%BD%E9%A4%A8%E6%B4%8B%E8%8F%93%E5%AD%90%E3%82%B9%E3%83%8A%E3%83%83%E3%83%95%E3%83%AB%E3%82%B9%20%E9%A7%85%E5%89%8D%E5%BA%97%20%E5%8C%97%E6%B5%B7%E9%81%93%E5%87%BD%E9%A4%A8%E5%B8%82%E8%8B%A5%E6%9D%BE%E7%94%BA18-2,2018,スイーツ 百名店 EAST 2018,sweets_east,
カズノリ イケダ アンディヴィデュエル 南町通店,宮城県仙台市青葉区一番町2-3-8 ブラザーパーキング 1F,食べログ スイーツ 百名店 EAST 2018 百名店 2018,https://tabelog.com/tokyo/A1303/A130302/4012124/,https://www.google.com/maps/search/?api=1&query=%E3%82%AB%E3%82%BA%E3%83%8E%E3%83%AA%20%E3%82%A4%E3%82%B1%E3%83%80%20%E3%82%A2%E3%83%B3%E3%83%87%E3%82%A3%E3%83%B4%E3%82%A3%E3%83%87%E3%83%A5%E3%82%A8%E3%83%AB%20%E5%8D%97%E7%94%BA%E9%80%9A%E5%BA%97%20%E5%AE%AE%E5%9F%8E%E7%9C%8C%E4%BB%99%E5%8F%B0%E5%B8%82%E9%9D%92%E8%91%89%E5%8C%BA%E4%B8%80%E7%95%AA%E7%94%BA2-3-8%20%E3%83%96%E3%83%A9%E3%82%B6%E3%83%BC%E3%83%91%E3%83%BC%E3%82%AD%E3%83%B3%E3%82%B0%201F,2018,スイーツ 百名店 EAST 2018,sweets_east,
栗きんとん本家　すや 本店,岐阜県中津川市新町2-40,食べログ スイーツ 百名店 EAST 2018 百名店 2018,https://tabelog.com/tokyo/A1303/A130302/21000030/,https://www.google.com/maps/search/?api=1&query=%E6%A0%97%E3%81%8D%E3%82%93%E3%81%A8%E3%82%93%E6%9C%AC%E5%AE%B6%E3%80%80%E3%81%99%E3%82%84%20%E6%9C%AC%E5%BA%97%20%E5%B2%90%E9%98%9C%E7%9C%8C%E4%B8%AD%E6%B4%A5%E5%B7%9D%E5%B8%82%E6%96%B0%E7%94%BA2-40,2018,スイーツ 百名店 EAST 2018,sweets_east,
フランス焼菓子 シャンドゥリエ,愛知県名古屋市西区那古野1丁目34-14,食べログ スイーツ 百名店 EAST 2018 百名店 2018,https://tabelog.com/tokyo/A1303/A130302/23037600/,https://www.google.com/maps/search/?api=1&query=%E3%83%95%E3%83%A9%E3%83%B3%E3%82%B9%E7%84%BC%E8%8F%93%E5%AD%90%20%E3%82%B7%E3%83%A3%E3%83%B3%E3%83%89%E3%82%A5%E3%83%AA%E3%82%A8%20%E6%84%9B%E7%9F%A5%E7%9C%8C%E5%90%8D%E5%8F%A4%E5%B1%8B%E5%B8%82%E8%A5%BF%E5%8C%BA%E9%82%A3%E5%8F%A4%E9%87%8E1%E4%B8%81%E7%9B%AE34-14,2018,スイーツ 百名店 EAST 2018,sweets_east,
喜久家洋菓子舗 元町本店,神奈川県横浜市中区元町2-86,食べログ スイーツ 百名店 EAST 2018 百名店 2018,https://tabelog.com/tokyo/A1303/A130302/14002810/,https://www.google.com/maps/search/?api=1&query=%E5%96%9C%E4%B9%85%E5%AE%B6%E6%B4%8B%E8%8F%93%E5%AD%90%E8%88%97%20%E5%85%83%E7%94%BA%E6%9C%AC%E5%BA%97%20%E7%A5%9E%E5%A5%88%E5%B7%9D%E7%9C%8C%E6%A8%AA%E6%B5%9C%E5%B8%82%E4%B8%AD%E5%8C%BA%E5%85%83%E7%94%BA2-86,2018,スイーツ 百名店 EAST 2018,sweets_east,
シャンドワゾー,埼玉県川口市幸町1-1-26,食べログ スイーツ 百名店 EAST 2018 百名店 2018,https://tabelog.com/tokyo/A1303/A130302/11025121/,https://www.google.com/maps/search/?api=1&query=%E3%82%B7%E3%83%A3%E3%83%B3%E3%83%89%E3%83%AF%E3%82%BE%E3%83%BC%20%E5%9F%BC%E7%8E%89%E7%9C%8C%E5%B7%9D%E5%8F%A3%E5%B8%82%E5%B9%B8%E7%94%BA1-1-26,2018,スイーツ 百名店 EAST 2018,sweets_east,
慈げん,埼玉県熊谷市宮町2-95 間庭ビル 1F,食べログ スイーツ 百名店 EAST 2018 百名店 2018,https://tabelog.com/tokyo/A1303/A130302/11005999/,https://www.google.com/maps/search/?api=1&query=%E6%85%88%E3%81%92%E3%82%93%20%E5%9F%BC%E7%8E%89%E7%9C%8C%E7%86%8A%E8%B0%B7%E5%B8%82%E5%AE%AE%E7%94%BA2-95%20%E9%96%93%E5%BA%AD%E3%83%93%E3%83%AB%201F,2018,スイーツ 百名店 EAST 2018,sweets_east,
パティスリー・ヴィヴィエンヌ,愛知県名古屋市昭和区山手通2-13 クレス1F,食べログ スイーツ 百名店 EAST 2018 百名店 2018,https://tabelog.com/tokyo/A1303/A130302/23042818/,https://www.google.com/maps/search/?api=1&query=%E3%83%91%E3%83%86%E3%82%A3%E3%82%B9%E3%83%AA%E3%83%BC%E3%83%BB%E3%83%B4%E3%82%A3%E3%83%B4%E3%82%A3%E3%82%A8%E3%83%B3%E3%83%8C%20%E6%84%9B%E7%9F%A5%E7%9C%8C%E5%90%8D%E5%8F%A4%E5%B1%8B%E5%B8%82%E6%98%AD%E5%92%8C%E5%8C%BA%E5%B1%B1%E6%89%8B%E9%80%9A2-13%20%E3%82%AF%E3%83%AC%E3%82%B91F,2018,スイーツ 百名店 EAST 2018,sweets_east,
Patisserie　Rond-to,長野県上高井郡小布施町小布施534,食べログ スイーツ 百名店 EAST 2018 百名店 2018,https://tabelog.com/tokyo/A1303/A130302/20006070/,https://www.google.com/maps/search/?api=1&query=Patisserie%E3%80%80Rond-to%20%E9%95%B7%E9%87%8E%E7%9C%8C%E4%B8%8A%E9%AB%98%E4%BA%95%E9%83%A1%E5%B0%8F%E5%B8%83%E6%96%BD%E7%94%BA%E5%B0%8F%E5%B8%83%E6%96%BD534,2018,スイーツ 百名店 EAST 2018,sweets_east,
ミルク村 SAPPORO本店,北海道札幌市中央区南四条西3-7-1 ニュー北星ビル　６Ｆ,食べログ スイーツ 百名店 EAST 2018 百名店 2018,https://tabelog.com/tokyo/A1303/A130302/1000194/,https://www.google.com/maps/search/?api=1&query=%E3%83%9F%E3%83%AB%E3%82%AF%E6%9D%91%20SAPPORO%E6%9C%AC%E5%BA%97%20%E5%8C%97%E6%B5%B7%E9%81%93%E6%9C%AD%E5%B9%8C%E5%B8%82%E4%B8%AD%E5%A4%AE%E5%8C%BA%E5%8D%97%E5%9B%9B%E6%9D%A1%E8%A5%BF3-7-1%20%E3%83%8B%E3%83%A5%E3%83%BC%E5%8C%97%E6%98%9F%E3%83%93%E3%83%AB%E3%80%80%EF%BC%96%EF%BC%A6,2018,スイーツ 百名店 EAST 2018,sweets_east,
フルーツ・ブティック ゴトウ,愛知県名古屋市千種区春岡1-5-5 ゴトウ８８８ビル　１Ｆ,食べログ スイーツ 百名店 EAST 2018 百名店 2018,https://tabelog.com/tokyo/A1303/A130302/23000660/,https://www.google.com/maps/search/?api=1&query=%E3%83%95%E3%83%AB%E3%83%BC%E3%83%84%E3%83%BB%E3%83%96%E3%83%86%E3%82%A3%E3%83%83%E3%82%AF%20%E3%82%B4%E3%83%88%E3%82%A6%20%E6%84%9B%E7%9F%A5%E7%9C%8C%E5%90%8D%E5%8F%A4%E5%B1%8B%E5%B8%82%E5%8D%83%E7%A8%AE%E5%8C%BA%E6%98%A5%E5%B2%A11-5-5%20%E3%82%B4%E3%83%88%E3%82%A6%EF%BC%98%EF%BC%98%EF%BC%98%E3%83%93%E3%83%AB%E3%80%80%EF%BC%91%EF%BC%A6,2018,スイーツ 百名店 EAST 2018,sweets_east,
アボンドンス,静岡県浜松市中央区住吉2丁目14-27,食べログ スイーツ 百名店 EAST 2018 百名店 2018,https://tabelog.com/tokyo/A1303/A130302/22003393/,https://www.google.com/maps/search/?api=1&query=%E3%82%A2%E3%83%9C%E3%83%B3%E3%83%89%E3%83%B3%E3%82%B9%20%E9%9D%99%E5%B2%A1%E7%9C%8C%E6%B5%9C%E6%9D%BE%E5%B8%82%E4%B8%AD%E5%A4%AE%E5%8C%BA%E4%BD%8F%E5%90%892%E4%B8%81%E7%9B%AE14-27,2018,スイーツ 百名店 EAST 2018,sweets_east,
サロン・ド・テ ロザージュ,神奈川県足柄下郡箱根町元箱根80 山のホテル,食べログ スイーツ 百名店 EAST 2018 百名店 2018,https://tabelog.com/tokyo/A1303/A130302/14002271/,https://www.google.com/maps/search/?api=1&query=%E3%82%B5%E3%83%AD%E3%83%B3%E3%83%BB%E3%83%89%E3%83%BB%E3%83%86%20%E3%83%AD%E3%82%B6%E3%83%BC%E3%82%B8%E3%83%A5%20%E7%A5%9E%E5%A5%88%E5%B7%9D%E7%9C%8C%E8%B6%B3%E6%9F%84%E4%B8%8B%E9%83%A1%E7%AE%B1%E6%A0%B9%E7%94%BA%E5%85%83%E7%AE%B1%E6%A0%B980%20%E5%B1%B1%E3%81%AE%E3%83%9B%E3%83%86%E3%83%AB,2018,スイーツ 百名店 EAST 2018,sweets_east,
小樽洋菓子舗ルタオ 本店,北海道小樽市堺町7-16,食べログ スイーツ 百名店 EAST 2018 百名店 2018,https://tabelog.com/tokyo/A1303/A130302/1000304/,https://www.google.com/maps/search/?api=1&query=%E5%B0%8F%E6%A8%BD%E6%B4%8B%E8%8F%93%E5%AD%90%E8%88%97%E3%83%AB%E3%82%BF%E3%82%AA%20%E6%9C%AC%E5%BA%97%20%E5%8C%97%E6%B5%B7%E9%81%93%E5%B0%8F%E6%A8%BD%E5%B8%82%E5%A0%BA%E7%94%BA7-16,2018,スイーツ 百名店 EAST 2018,sweets_east,
とらや工房,静岡県御殿場市東山1022-1,食べログ スイーツ 百名店 EAST 2018 百名店 2018,https://tabelog.com/tokyo/A1303/A130302/22004106/,https://www.google.com/maps/search/?api=1&query=%E3%81%A8%E3%82%89%E3%82%84%E5%B7%A5%E6%88%BF%20%E9%9D%99%E5%B2%A1%E7%9C%8C%E5%BE%A1%E6%AE%BF%E5%A0%B4%E5%B8%82%E6%9D%B1%E5%B1%B11022-1,2018,スイーツ 百名店 EAST 2018,sweets_east,
アングランパ,埼玉県さいたま市大宮区吉敷町4-187-1,食べログ スイーツ 百名店 EAST 2018 百名店 2018,https://tabelog.com/tokyo/A1303/A130302/11035130/,https://www.google.com/maps/search/?api=1&query=%E3%82%A2%E3%83%B3%E3%82%B0%E3%83%A9%E3%83%B3%E3%83%91%20%E5%9F%BC%E7%8E%89%E7%9C%8C%E3%81%95%E3%81%84%E3%81%9F%E3%81%BE%E5%B8%82%E5%A4%A7%E5%AE%AE%E5%8C%BA%E5%90%89%E6%95%B7%E7%94%BA4-187-1,2018,スイーツ 百名店 EAST 2018,sweets_east,
パティスリーシイヤ,北海道札幌市中央区北5条西21-1-15,食べログ スイーツ 百名店 EAST 2018 百名店 2018,https://tabelog.com/tokyo/A1303/A130302/1000154/,https://www.google.com/maps/search/?api=1&query=%E3%83%91%E3%83%86%E3%82%A3%E3%82%B9%E3%83%AA%E3%83%BC%E3%82%B7%E3%82%A4%E3%83%A4%20%E5%8C%97%E6%B5%B7%E9%81%93%E6%9C%AD%E5%B9%8C%E5%B8%82%E4%B8%AD%E5%A4%AE%E5%8C%BA%E5%8C%975%E6%9D%A1%E8%A5%BF21-1-15,2018,スイーツ 百名店 EAST 2018,sweets_east,
たいやき札幌柳屋,北海道札幌市東区北46条東4丁目3-1,食べログ スイーツ 百名店 EAST 2018 百名店 2018,https://tabelog.com/tokyo/A1303/A130302/1004885/,https://www.google.com/maps/search/?api=1&query=%E3%81%9F%E3%81%84%E3%82%84%E3%81%8D%E6%9C%AD%E5%B9%8C%E6%9F%B3%E5%B1%8B%20%E5%8C%97%E6%B5%B7%E9%81%93%E6%9C%AD%E5%B9%8C%E5%B8%82%E6%9D%B1%E5%8C%BA%E5%8C%9746%E6%9D%A1%E6%9D%B14%E4%B8%81%E7%9B%AE3-1,2018,スイーツ 百名店 EAST 2018,sweets_east,
ツバメヤ 大名古屋ビルヂング店,愛知県名古屋市中村区名駅3-28-12 大名古屋ビルヂング B1F,食べログ スイーツ 百名店 EAST 2018 百名店 2018,https://tabelog.com/tokyo/A1303/A130302/23059315/,https://www.google.com/maps/search/?api=1&query=%E3%83%84%E3%83%90%E3%83%A1%E3%83%A4%20%E5%A4%A7%E5%90%8D%E5%8F%A4%E5%B1%8B%E3%83%93%E3%83%AB%E3%83%82%E3%83%B3%E3%82%B0%E5%BA%97%20%E6%84%9B%E7%9F%A5%E7%9C%8C%E5%90%8D%E5%8F%A4%E5%B1%8B%E5%B8%82%E4%B8%AD%E6%9D%91%E5%8C%BA%E5%90%8D%E9%A7%853-28-12%20%E5%A4%A7%E5%90%8D%E5%8F%A4%E5%B1%8B%E3%83%93%E3%83%AB%E3%83%82%E3%83%B3%E3%82%B0%20B1F,2018,スイーツ 百名店 EAST 2018,sweets_east,
ル・パティシエ ヨコヤマ 京成大久保店,千葉県習志野市大久保1-1-34,食べログ スイーツ 百名店 EAST 2018 百名店 2018,https://tabelog.com/tokyo/A1303/A130302/12000513/,https://www.google.com/maps/search/?api=1&query=%E3%83%AB%E3%83%BB%E3%83%91%E3%83%86%E3%82%A3%E3%82%B7%E3%82%A8%20%E3%83%A8%E3%82%B3%E3%83%A4%E3%83%9E%20%E4%BA%AC%E6%88%90%E5%A4%A7%E4%B9%85%E4%BF%9D%E5%BA%97%20%E5%8D%83%E8%91%89%E7%9C%8C%E7%BF%92%E5%BF%97%E9%87%8E%E5%B8%82%E5%A4%A7%E4%B9%85%E4%BF%9D1-1-34,2018,スイーツ 百名店 EAST 2018,sweets_east,
シンフラ,埼玉県志木市幸町3-4-50,食べログ スイーツ 百名店 EAST 2018 百名店 2018,https://tabelog.com/tokyo/A1303/A130302/11035335/,https://www.google.com/maps/search/?api=1&query=%E3%82%B7%E3%83%B3%E3%83%95%E3%83%A9%20%E5%9F%BC%E7%8E%89%E7%9C%8C%E5%BF%97%E6%9C%A8%E5%B8%82%E5%B9%B8%E7%94%BA3-4-50,2018,スイーツ 百名店 EAST 2018,sweets_east,
恵那川上屋 本社恵那峡店,岐阜県恵那市大井町2632-105,食べログ スイーツ 百名店 EAST 2018 百名店 2018,https://tabelog.com/tokyo/A1303/A130302/21008126/,https://www.google.com/maps/search/?api=1&query=%E6%81%B5%E9%82%A3%E5%B7%9D%E4%B8%8A%E5%B1%8B%20%E6%9C%AC%E7%A4%BE%E6%81%B5%E9%82%A3%E5%B3%A1%E5%BA%97%20%E5%B2%90%E9%98%9C%E7%9C%8C%E6%81%B5%E9%82%A3%E5%B8%82%E5%A4%A7%E4%BA%95%E7%94%BA2632-105,2018,スイーツ 百名店 EAST 2018,sweets_east,
栗の木テラス 小布施店,長野県上高井郡小布施町大字小布施中町784,食べログ スイーツ 百名店 EAST 2018 百名店 2018,https://tabelog.com/tokyo/A1303/A130302/20000669/,https://www.google.com/maps/search/?api=1&query=%E6%A0%97%E3%81%AE%E6%9C%A8%E3%83%86%E3%83%A9%E3%82%B9%20%E5%B0%8F%E5%B8%83%E6%96%BD%E5%BA%97%20%E9%95%B7%E9%87%8E%E7%9C%8C%E4%B8%8A%E9%AB%98%E4%BA%95%E9%83%A1%E5%B0%8F%E5%B8%83%E6%96%BD%E7%94%BA%E5%A4%A7%E5%AD%97%E5%B0%8F%E5%B8%83%E6%96%BD%E4%B8%AD%E7%94%BA784,2018,スイーツ 百名店 EAST 2018,sweets_east,
鎌倉紅谷 八幡宮前本店,神奈川県鎌倉市雪ノ下1-12-4,食べログ スイーツ 百名店 EAST 2018 百名店 2018,https://tabelog.com/tokyo/A1303/A130302/14003237/,https://www.google.com/maps/search/?api=1&query=%E9%8E%8C%E5%80%89%E7%B4%85%E8%B0%B7%20%E5%85%AB%E5%B9%A1%E5%AE%AE%E5%89%8D%E6%9C%AC%E5%BA%97%20%E7%A5%9E%E5%A5%88%E5%B7%9D%E7%9C%8C%E9%8E%8C%E5%80%89%E5%B8%82%E9%9B%AA%E3%83%8E%E4%B8%8B1-12-4,2018,スイーツ 百名店 EAST 2018,sweets_east,
ガトーフェスタ ハラダ 本館シャトー・デュ・ボヌール,群馬県高崎市新町1207,食べログ スイーツ 百名店 EAST 2018 百名店 2018,https://tabelog.com/tokyo/A1303/A130302/10000305/,https://www.google.com/maps/search/?api=1&query=%E3%82%AC%E3%83%88%E3%83%BC%E3%83%95%E3%82%A7%E3%82%B9%E3%82%BF%20%E3%83%8F%E3%83%A9%E3%83%80%20%E6%9C%AC%E9%A4%A8%E3%82%B7%E3%83%A3%E3%83%88%E3%83%BC%E3%83%BB%E3%83%87%E3%83%A5%E3%83%BB%E3%83%9C%E3%83%8C%E3%83%BC%E3%83%AB%20%E7%BE%A4%E9%A6%AC%E7%9C%8C%E9%AB%98%E5%B4%8E%E5%B8%82%E6%96%B0%E7%94%BA1207,2018,スイーツ 百名店 EAST 2018,sweets_east,
梵くら,宮城県仙台市青葉区立町23-14 スクエアビル 3F,食べログ スイーツ 百名店 EAST 2018 百名店 2018,https://tabelog.com/tokyo/A1303/A130302/4013005/,https://www.google.com/maps/search/?api=1&query=%E6%A2%B5%E3%81%8F%E3%82%89%20%E5%AE%AE%E5%9F%8E%E7%9C%8C%E4%BB%99%E5%8F%B0%E5%B8%82%E9%9D%92%E8%91%89%E5%8C%BA%E7%AB%8B%E7%94%BA23-14%20%E3%82%B9%E3%82%AF%E3%82%A8%E3%82%A2%E3%83%93%E3%83%AB%203F,2018,スイーツ 百名店 EAST 2018,sweets_east,
ツバメヤ 柳ヶ瀬本店,岐阜県岐阜市日ノ出町1-20 ロイヤルビル 1F,食べログ スイーツ 百名店 EAST 2018 百名店 2018,https://tabelog.com/tokyo/A1303/A130302/21009683/,https://www.google.com/maps/search/?api=1&query=%E3%83%84%E3%83%90%E3%83%A1%E3%83%A4%20%E6%9F%B3%E3%83%B6%E7%80%AC%E6%9C%AC%E5%BA%97%20%E5%B2%90%E9%98%9C%E7%9C%8C%E5%B2%90%E9%98%9C%E5%B8%82%E6%97%A5%E3%83%8E%E5%87%BA%E7%94%BA1-20%20%E3%83%AD%E3%82%A4%E3%83%A4%E3%83%AB%E3%83%93%E3%83%AB%201F,2018,スイーツ 百名店 EAST 2018,sweets_east,
ピネキ,千葉県館山市下真倉236-3,食べログ スイーツ 百名店 EAST 2018 百名店 2018,https://tabelog.com/tokyo/A1303/A130302/12005224/,https://www.google.com/maps/search/?api=1&query=%E3%83%94%E3%83%8D%E3%82%AD%20%E5%8D%83%E8%91%89%E7%9C%8C%E9%A4%A8%E5%B1%B1%E5%B8%82%E4%B8%8B%E7%9C%9F%E5%80%89236-3,2018,スイーツ 百名店 EAST 2018,sweets_east,
Patisserie 雪乃下  鎌倉本店,神奈川県鎌倉市小町2-7-27 Maison de 雪乃下,食べログ スイーツ 百名店 EAST 2018 百名店 2018,https://tabelog.com/tokyo/A1303/A130302/14007483/,https://www.google.com/maps/search/?api=1&query=Patisserie%20%E9%9B%AA%E4%B9%83%E4%B8%8B%20%20%E9%8E%8C%E5%80%89%E6%9C%AC%E5%BA%97%20%E7%A5%9E%E5%A5%88%E5%B7%9D%E7%9C%8C%E9%8E%8C%E5%80%89%E5%B8%82%E5%B0%8F%E7%94%BA2-7-27%20Maison%20de%20%E9%9B%AA%E4%B9%83%E4%B8%8B,2018,スイーツ 百名店 EAST 2018,sweets_east,
きのとや 新千歳空港店,北海道千歳市美々 新千歳空港 国内線ターミナルビル 2F,食べログ スイーツ 百名店 EAST 2018 百名店 2018,https://tabelog.com/tokyo/A1303/A130302/1034351/,https://www.google.com/maps/search/?api=1&query=%E3%81%8D%E3%81%AE%E3%81%A8%E3%82%84%20%E6%96%B0%E5%8D%83%E6%AD%B3%E7%A9%BA%E6%B8%AF%E5%BA%97%20%E5%8C%97%E6%B5%B7%E9%81%93%E5%8D%83%E6%AD%B3%E5%B8%82%E7%BE%8E%E3%80%85%20%E6%96%B0%E5%8D%83%E6%AD%B3%E7%A9%BA%E6%B8%AF%20%E5%9B%BD%E5%86%85%E7%B7%9A%E3%82%BF%E3%83%BC%E3%83%9F%E3%83%8A%E3%83%AB%E3%83%93%E3%83%AB%202F,2018,スイーツ 百名店 EAST 2018,sweets_east,
シェ・シバタ 名古屋,愛知県名古屋市千種区山門町2-54,食べログ スイーツ 百名店 EAST 2018 百名店 2018,https://tabelog.com/tokyo/A1303/A130302/23001565/,https://www.google.com/maps/search/?api=1&query=%E3%82%B7%E3%82%A7%E3%83%BB%E3%82%B7%E3%83%90%E3%82%BF%20%E5%90%8D%E5%8F%A4%E5%B1%8B%20%E6%84%9B%E7%9F%A5%E7%9C%8C%E5%90%8D%E5%8F%A4%E5%B1%8B%E5%B8%82%E5%8D%83%E7%A8%AE%E5%8C%BA%E5%B1%B1%E9%96%80%E7%94%BA2-54,2018,スイーツ 百名店 EAST 2018,sweets_east,
ピエール マルコリーニ 名古屋,愛知県名古屋市中村区名駅4-7-1 ミッドランドスクエア B1F,食べログ スイーツ 百名店 EAST 2018 百名店 2018,https://tabelog.com/tokyo/A1303/A130302/23004138/,https://www.google.com/maps/search/?api=1&query=%E3%83%94%E3%82%A8%E3%83%BC%E3%83%AB%20%E3%83%9E%E3%83%AB%E3%82%B3%E3%83%AA%E3%83%BC%E3%83%8B%20%E5%90%8D%E5%8F%A4%E5%B1%8B%20%E6%84%9B%E7%9F%A5%E7%9C%8C%E5%90%8D%E5%8F%A4%E5%B1%8B%E5%B8%82%E4%B8%AD%E6%9D%91%E5%8C%BA%E5%90%8D%E9%A7%854-7-1%20%E3%83%9F%E3%83%83%E3%83%89%E3%83%A9%E3%83%B3%E3%83%89%E3%82%B9%E3%82%AF%E3%82%A8%E3%82%A2%20B1F,2018,スイーツ 百名店 EAST 2018,sweets_east,
パティスリーグラム,愛知県名古屋市千種区猫洞通2-5 1F,食べログ スイーツ 百名店 EAST 2018 百名店 2018,https://tabelog.com/tokyo/A1303/A130302/23042366/,https://www.google.com/maps/search/?api=1&query=%E3%83%91%E3%83%86%E3%82%A3%E3%82%B9%E3%83%AA%E3%83%BC%E3%82%B0%E3%83%A9%E3%83%A0%20%E6%84%9B%E7%9F%A5%E7%9C%8C%E5%90%8D%E5%8F%A4%E5%B1%8B%E5%B8%82%E5%8D%83%E7%A8%AE%E5%8C%BA%E7%8C%AB%E6%B4%9E%E9%80%9A2-5%201F,2018,スイーツ 百名店 EAST 2018,sweets_east,
ナッシュカッツェ,神奈川県横浜市青葉区荏田西2-15-1,食べログ スイーツ 百名店 EAST 2018 百名店 2018,https://tabelog.com/tokyo/A1303/A130302/14010007/,https://www.google.com/maps/search/?api=1&query=%E3%83%8A%E3%83%83%E3%82%B7%E3%83%A5%E3%82%AB%E3%83%83%E3%83%84%E3%82%A7%20%E7%A5%9E%E5%A5%88%E5%B7%9D%E7%9C%8C%E6%A8%AA%E6%B5%9C%E5%B8%82%E9%9D%92%E8%91%89%E5%8C%BA%E8%8D%8F%E7%94%B0%E8%A5%BF2-15-1,2018,スイーツ 百名店 EAST 2018,sweets_east,
一夜城 ヨロイヅカ・ファーム,神奈川県小田原市早川1352-110,食べログ スイーツ 百名店 EAST 2018 百名店 2018,https://tabelog.com/tokyo/A1303/A130302/14043156/,https://www.google.com/maps/search/?api=1&query=%E4%B8%80%E5%A4%9C%E5%9F%8E%20%E3%83%A8%E3%83%AD%E3%82%A4%E3%83%85%E3%82%AB%E3%83%BB%E3%83%95%E3%82%A1%E3%83%BC%E3%83%A0%20%E7%A5%9E%E5%A5%88%E5%B7%9D%E7%9C%8C%E5%B0%8F%E7%94%B0%E5%8E%9F%E5%B8%82%E6%97%A9%E5%B7%9D1352-110,2018,スイーツ 百名店 EAST 2018,sweets_east,
リリエンベルグ,神奈川県川崎市麻生区上麻生4-18-17,食べログ スイーツ 百名店 EAST 2018 百名店 2018,https://tabelog.com/tokyo/A1303/A130302/14000034/,https://www.google.com/maps/search/?api=1&query=%E3%83%AA%E3%83%AA%E3%82%A8%E3%83%B3%E3%83%99%E3%83%AB%E3%82%B0%20%E7%A5%9E%E5%A5%88%E5%B7%9D%E7%9C%8C%E5%B7%9D%E5%B4%8E%E5%B8%82%E9%BA%BB%E7%94%9F%E5%8C%BA%E4%B8%8A%E9%BA%BB%E7%94%9F4-18-17,2018,スイーツ 百名店 EAST 2018,sweets_east,
リープリング,静岡県浜松市中央区東三方町128-5,食べログ スイーツ 百名店 EAST 2018 百名店 2018,https://tabelog.com/tokyo/A1303/A130302/22002216/,https://www.google.com/maps/search/?api=1&query=%E3%83%AA%E3%83%BC%E3%83%97%E3%83%AA%E3%83%B3%E3%82%B0%20%E9%9D%99%E5%B2%A1%E7%9C%8C%E6%B5%9C%E6%9D%BE%E5%B8%82%E4%B8%AD%E5%A4%AE%E5%8C%BA%E6%9D%B1%E4%B8%89%E6%96%B9%E7%94%BA128-5,2018,スイーツ 百名店 EAST 2018,sweets_east,
ル・パティシエ ヨコヤマ 谷津店,千葉県習志野市谷津4-8-45,食べログ スイーツ 百名店 EAST 2018 百名店 2018,https://tabelog.com/tokyo/A1303/A130302/12000255/,https://www.google.com/maps/search/?api=1&query=%E3%83%AB%E3%83%BB%E3%83%91%E3%83%86%E3%82%A3%E3%82%B7%E3%82%A8%20%E3%83%A8%E3%82%B3%E3%83%A4%E3%83%9E%20%E8%B0%B7%E6%B4%A5%E5%BA%97%20%E5%8D%83%E8%91%89%E7%9C%8C%E7%BF%92%E5%BF%97%E9%87%8E%E5%B8%82%E8%B0%B7%E6%B4%A54-8-45,2018,スイーツ 百名店 EAST 2018,sweets_east,
村上屋餅店,宮城県仙台市青葉区北目町2-38,食べログ スイーツ 百名店 EAST 2018 百名店 2018,https://tabelog.com/tokyo/A1303/A130302/4000119/,https://www.google.com/maps/search/?api=1&query=%E6%9D%91%E4%B8%8A%E5%B1%8B%E9%A4%85%E5%BA%97%20%E5%AE%AE%E5%9F%8E%E7%9C%8C%E4%BB%99%E5%8F%B0%E5%B8%82%E9%9D%92%E8%91%89%E5%8C%BA%E5%8C%97%E7%9B%AE%E7%94%BA2-38,2018,スイーツ 百名店 EAST 2018,sweets_east,
七福,岐阜県中津川市中津川3022-18,食べログ スイーツ 百名店 EAST 2018 百名店 2018,https://tabelog.com/tokyo/A1303/A130302/21000992/,https://www.google.com/maps/search/?api=1&query=%E4%B8%83%E7%A6%8F%20%E5%B2%90%E9%98%9C%E7%9C%8C%E4%B8%AD%E6%B4%A5%E5%B7%9D%E5%B8%82%E4%B8%AD%E6%B4%A5%E5%B7%9D3022-18,2018,スイーツ 百名店 EAST 2018,sweets_east,
川口屋,愛知県名古屋市中区錦3-13-12,食べログ スイーツ 百名店 EAST 2018 百名店 2018,https://tabelog.com/tokyo/A1303/A130302/23027478/,https://www.google.com/maps/search/?api=1&query=%E5%B7%9D%E5%8F%A3%E5%B1%8B%20%E6%84%9B%E7%9F%A5%E7%9C%8C%E5%90%8D%E5%8F%A4%E5%B1%8B%E5%B8%82%E4%B8%AD%E5%8C%BA%E9%8C%A63-13-12,2018,スイーツ 百名店 EAST 2018,sweets_east,
白い恋人パーク,北海道札幌市西区宮の沢2-2-11-36 白い恋人パーク,食べログ スイーツ 百名店 EAST 2018 百名店 2018,https://tabelog.com/tokyo/A1303/A130302/1024521/,https://www.google.com/maps/search/?api=1&query=%E7%99%BD%E3%81%84%E6%81%8B%E4%BA%BA%E3%83%91%E3%83%BC%E3%82%AF%20%E5%8C%97%E6%B5%B7%E9%81%93%E6%9C%AD%E5%B9%8C%E5%B8%82%E8%A5%BF%E5%8C%BA%E5%AE%AE%E3%81%AE%E6%B2%A22-2-11-36%20%E7%99%BD%E3%81%84%E6%81%8B%E4%BA%BA%E3%83%91%E3%83%BC%E3%82%AF,2018,スイーツ 百名店 EAST 2018,sweets_east,
ピエールプレシュウズ 長久手店,愛知県長久手市杁ケ池1120,食べログ スイーツ 百名店 EAST 2018 百名店 2018,https://tabelog.com/tokyo/A1303/A130302/23000859/,https://www.google.com/maps/search/?api=1&query=%E3%83%94%E3%82%A8%E3%83%BC%E3%83%AB%E3%83%97%E3%83%AC%E3%82%B7%E3%83%A5%E3%82%A6%E3%82%BA%20%E9%95%B7%E4%B9%85%E6%89%8B%E5%BA%97%20%E6%84%9B%E7%9F%A5%E7%9C%8C%E9%95%B7%E4%B9%85%E6%89%8B%E5%B8%82%E6%9D%81%E3%82%B1%E6%B1%A01120,2018,スイーツ 百名店 EAST 2018,sweets_east,
小倉屋,茨城県水戸市笠原町101-5,食べログ スイーツ 百名店 EAST 2018 百名店 2018,https://tabelog.com/tokyo/A1303/A130302/8000238/,https://www.google.com/maps/search/?api=1&query=%E5%B0%8F%E5%80%89%E5%B1%8B%20%E8%8C%A8%E5%9F%8E%E7%9C%8C%E6%B0%B4%E6%88%B8%E5%B8%82%E7%AC%A0%E5%8E%9F%E7%94%BA101-5,2018,スイーツ 百名店 EAST 2018,sweets_east,
バニラビーンズ みなとみらい本店,神奈川県横浜市中区海岸通5-25-2 シャレール海岸通 1F,食べログ スイーツ 百名店 EAST 2018 百名店 2018,https://tabelog.com/tokyo/A1303/A130302/14053382/,https://www.google.com/maps/search/?api=1&query=%E3%83%90%E3%83%8B%E3%83%A9%E3%83%93%E3%83%BC%E3%83%B3%E3%82%BA%20%E3%81%BF%E3%81%AA%E3%81%A8%E3%81%BF%E3%82%89%E3%81%84%E6%9C%AC%E5%BA%97%20%E7%A5%9E%E5%A5%88%E5%B7%9D%E7%9C%8C%E6%A8%AA%E6%B5%9C%E5%B8%82%E4%B8%AD%E5%8C%BA%E6%B5%B7%E5%B2%B8%E9%80%9A5-25-2%20%E3%82%B7%E3%83%A3%E3%83%AC%E3%83%BC%E3%83%AB%E6%B5%B7%E5%B2%B8%E9%80%9A%201F,2018,スイーツ 百名店 EAST 2018,sweets_east,
ピエールプレシュウズ 本店,愛知県名古屋市千種区丸山町3-83 メナージュマルヤマ,食べログ スイーツ 百名店 EAST 2018 百名店 2018,https://tabelog.com/tokyo/A1303/A130302/23052549/,https://www.google.com/maps/search/?api=1&query=%E3%83%94%E3%82%A8%E3%83%BC%E3%83%AB%E3%83%97%E3%83%AC%E3%82%B7%E3%83%A5%E3%82%A6%E3%82%BA%20%E6%9C%AC%E5%BA%97%20%E6%84%9B%E7%9F%A5%E7%9C%8C%E5%90%8D%E5%8F%A4%E5%B1%8B%E5%B8%82%E5%8D%83%E7%A8%AE%E5%8C%BA%E4%B8%B8%E5%B1%B1%E7%94%BA3-83%20%E3%83%A1%E3%83%8A%E3%83%BC%E3%82%B8%E3%83%A5%E3%83%9E%E3%83%AB%E3%83%A4%E3%83%9E,2018,スイーツ 百名店 EAST 2018,sweets_east,
六花亭 帯広本店,北海道帯広市西二条南9-6 六花亭本店 1F,食べログ スイーツ 百名店 EAST 2018 百名店 2018,https://tabelog.com/tokyo/A1303/A130302/1000012/,https://www.google.com/maps/search/?api=1&query=%E5%85%AD%E8%8A%B1%E4%BA%AD%20%E5%B8%AF%E5%BA%83%E6%9C%AC%E5%BA%97%20%E5%8C%97%E6%B5%B7%E9%81%93%E5%B8%AF%E5%BA%83%E5%B8%82%E8%A5%BF%E4%BA%8C%E6%9D%A1%E5%8D%979-6%20%E5%85%AD%E8%8A%B1%E4%BA%AD%E6%9C%AC%E5%BA%97%201F,2018,スイーツ 百名店 EAST 2018,sweets_east,
パンケーキ リストランテ,神奈川県横浜市中区山下町87-4,食べログ スイーツ 百名店 EAST 2018 百名店 2018,https://tabelog.com/tokyo/A1303/A130302/14003042/,https://www.google.com/maps/search/?api=1&query=%E3%83%91%E3%83%B3%E3%82%B1%E3%83%BC%E3%82%AD%20%E3%83%AA%E3%82%B9%E3%83%88%E3%83%A9%E3%83%B3%E3%83%86%20%E7%A5%9E%E5%A5%88%E5%B7%9D%E7%9C%8C%E6%A8%AA%E6%B5%9C%E5%B8%82%E4%B8%AD%E5%8C%BA%E5%B1%B1%E4%B8%8B%E7%94%BA87-4,2018,スイーツ 百名店 EAST 2018,sweets_east,
ミッシェル・ブラン JR名古屋高島屋,愛知県名古屋市中村区名駅1-1-4 ジェイアール名古屋タカシマヤ B1F,食べログ スイーツ 百名店 EAST 2018 百名店 2018,https://tabelog.com/tokyo/A1303/A130302/23036323/,https://www.google.com/maps/search/?api=1&query=%E3%83%9F%E3%83%83%E3%82%B7%E3%82%A7%E3%83%AB%E3%83%BB%E3%83%96%E3%83%A9%E3%83%B3%20JR%E5%90%8D%E5%8F%A4%E5%B1%8B%E9%AB%98%E5%B3%B6%E5%B1%8B%20%E6%84%9B%E7%9F%A5%E7%9C%8C%E5%90%8D%E5%8F%A4%E5%B1%8B%E5%B8%82%E4%B8%AD%E6%9D%91%E5%8C%BA%E5%90%8D%E9%A7%851-1-4%20%E3%82%B8%E3%82%A7%E3%82%A4%E3%82%A2%E3%83%BC%E3%83%AB%E5%90%8D%E5%8F%A4%E5%B1%8B%E3%82%BF%E3%82%AB%E3%82%B7%E3%83%9E%E3%83%A4%20B1F,2018,スイーツ 百名店 EAST 2018,sweets_east,
シュトラウス,青森県青森市新町1-13-21,食べログ スイーツ 百名店 EAST 2018 百名店 2018,https://tabelog.com/tokyo/A1303/A130302/2000092/,https://www.google.com/maps/search/?api=1&query=%E3%82%B7%E3%83%A5%E3%83%88%E3%83%A9%E3%82%A6%E3%82%B9%20%E9%9D%92%E6%A3%AE%E7%9C%8C%E9%9D%92%E6%A3%AE%E5%B8%82%E6%96%B0%E7%94%BA1-13-21,2018,スイーツ 百名店 EAST 2018,sweets_east,
パティスリー アン デュ トン プール ラ メゾン,愛知県稲沢市駅前1-12-11 1F,食べログ スイーツ 百名店 EAST 2018 百名店 2018,https://tabelog.com/tokyo/A1303/A130302/23041407/,https://www.google.com/maps/search/?api=1&query=%E3%83%91%E3%83%86%E3%82%A3%E3%82%B9%E3%83%AA%E3%83%BC%20%E3%82%A2%E3%83%B3%20%E3%83%87%E3%83%A5%20%E3%83%88%E3%83%B3%20%E3%83%97%E3%83%BC%E3%83%AB%20%E3%83%A9%20%E3%83%A1%E3%82%BE%E3%83%B3%20%E6%84%9B%E7%9F%A5%E7%9C%8C%E7%A8%B2%E6%B2%A2%E5%B8%82%E9%A7%85%E5%89%8D1-12-11%201F,2018,スイーツ 百名店 EAST 2018,sweets_east,
すや 西木,岐阜県中津川市中津川1296-1,食べログ スイーツ 百名店 EAST 2018 百名店 2018,https://tabelog.com/tokyo/A1303/A130302/21000352/,https://www.google.com/maps/search/?api=1&query=%E3%81%99%E3%82%84%20%E8%A5%BF%E6%9C%A8%20%E5%B2%90%E9%98%9C%E7%9C%8C%E4%B8%AD%E6%B4%A5%E5%B7%9D%E5%B8%82%E4%B8%AD%E6%B4%A5%E5%B7%9D1296-1,2018,スイーツ 百名店 EAST 2018,sweets_east,
ミルク&パフェ よつ葉ホワイトコージ 札幌パセオ店,北海道札幌市北区北六条西4-3-1 札幌パセオ　Ｂ１Ｆ,食べログ スイーツ 百名店 EAST 2018 百名店 2018,https://tabelog.com/tokyo/A1303/A130302/1001108/,https://www.google.com/maps/search/?api=1&query=%E3%83%9F%E3%83%AB%E3%82%AF%26%E3%83%91%E3%83%95%E3%82%A7%20%E3%82%88%E3%81%A4%E8%91%89%E3%83%9B%E3%83%AF%E3%82%A4%E3%83%88%E3%82%B3%E3%83%BC%E3%82%B8%20%E6%9C%AD%E5%B9%8C%E3%83%91%E3%82%BB%E3%82%AA%E5%BA%97%20%E5%8C%97%E6%B5%B7%E9%81%93%E6%9C%AD%E5%B9%8C%E5%B8%82%E5%8C%97%E5%8C%BA%E5%8C%97%E5%85%AD%E6%9D%A1%E8%A5%BF4-3-1%20%E6%9C%AD%E5%B9%8C%E3%83%91%E3%82%BB%E3%82%AA%E3%80%80%EF%BC%A2%EF%BC%91%EF%BC%A6,2018,スイーツ 百名店 EAST 2018,sweets_east,
覚王山 吉芋 名古屋駅店,愛知県名古屋市中村区名駅1-2-1 名鉄百貨店本店 B1F,食べログ スイーツ 百名店 EAST 2018 百名店 2018,https://tabelog.com/tokyo/A1303/A130302/23031418/,https://www.google.com/maps/search/?api=1&query=%E8%A6%9A%E7%8E%8B%E5%B1%B1%20%E5%90%89%E8%8A%8B%20%E5%90%8D%E5%8F%A4%E5%B1%8B%E9%A7%85%E5%BA%97%20%E6%84%9B%E7%9F%A5%E7%9C%8C%E5%90%8D%E5%8F%A4%E5%B1%8B%E5%B8%82%E4%B8%AD%E6%9D%91%E5%8C%BA%E5%90%8D%E9%A7%851-2-1%20%E5%90%8D%E9%89%84%E7%99%BE%E8%B2%A8%E5%BA%97%E6%9C%AC%E5%BA%97%20B1F,2018,スイーツ 百名店 EAST 2018,sweets_east,
オークウッド,埼玉県春日部市八丁目966-51,食べログ スイーツ 百名店 EAST 2018 百名店 2018,https://tabelog.com/tokyo/A1303/A130302/11000265/,https://www.google.com/maps/search/?api=1&query=%E3%82%AA%E3%83%BC%E3%82%AF%E3%82%A6%E3%83%83%E3%83%89%20%E5%9F%BC%E7%8E%89%E7%9C%8C%E6%98%A5%E6%97%A5%E9%83%A8%E5%B8%82%E5%85%AB%E4%B8%81%E7%9B%AE966-51,2018,スイーツ 百名店 EAST 2018,sweets_east,
芳光,愛知県名古屋市東区新出来1-9-1,食べログ スイーツ 百名店 EAST 2018 百名店 2018,https://tabelog.com/tokyo/A1303/A130302/23001413/,https://www.google.com/maps/search/?api=1&query=%E8%8A%B3%E5%85%89%20%E6%84%9B%E7%9F%A5%E7%9C%8C%E5%90%8D%E5%8F%A4%E5%B1%8B%E5%B8%82%E6%9D%B1%E5%8C%BA%E6%96%B0%E5%87%BA%E6%9D%A51-9-1,2018,スイーツ 百名店 EAST 2018,sweets_east,
桔梗屋 本社,山梨県笛吹市一宮町坪井1928,食べログ スイーツ 百名店 EAST 2018 百名店 2018,https://tabelog.com/tokyo/A1303/A130302/19000866/,https://www.google.com/maps/search/?api=1&query=%E6%A1%94%E6%A2%97%E5%B1%8B%20%E6%9C%AC%E7%A4%BE%20%E5%B1%B1%E6%A2%A8%E7%9C%8C%E7%AC%9B%E5%90%B9%E5%B8%82%E4%B8%80%E5%AE%AE%E7%94%BA%E5%9D%AA%E4%BA%951928,2018,スイーツ 百名店 EAST 2018,sweets_east,
美濃忠 本店,愛知県名古屋市中区丸の内1-5-31,食べログ スイーツ 百名店 EAST 2018 百名店 2018,https://tabelog.com/tokyo/A1303/A130302/23000710/,https://www.google.com/maps/search/?api=1&query=%E7%BE%8E%E6%BF%83%E5%BF%A0%20%E6%9C%AC%E5%BA%97%20%E6%84%9B%E7%9F%A5%E7%9C%8C%E5%90%8D%E5%8F%A4%E5%B1%8B%E5%B8%82%E4%B8%AD%E5%8C%BA%E4%B8%B8%E3%81%AE%E5%86%851-5-31,2018,スイーツ 百名店 EAST 2018,sweets_east,
エチエンヌ,神奈川県川崎市麻生区万福寺6-7-13 マスターアリーナ新百合ヶ丘 1F,食べログ スイーツ 百名店 EAST 2018 百名店 2018,https://tabelog.com/tokyo/A1303/A130302/14042063/,https://www.google.com/maps/search/?api=1&query=%E3%82%A8%E3%83%81%E3%82%A8%E3%83%B3%E3%83%8C%20%E7%A5%9E%E5%A5%88%E5%B7%9D%E7%9C%8C%E5%B7%9D%E5%B4%8E%E5%B8%82%E9%BA%BB%E7%94%9F%E5%8C%BA%E4%B8%87%E7%A6%8F%E5%AF%BA6-7-13%20%E3%83%9E%E3%82%B9%E3%82%BF%E3%83%BC%E3%82%A2%E3%83%AA%E3%83%BC%E3%83%8A%E6%96%B0%E7%99%BE%E5%90%88%E3%83%B6%E4%B8%98%201F,2018,スイーツ 百名店 EAST 2018,sweets_east,
ムラタ,宮城県多賀城市町前3-2-25,食べログ スイーツ 百名店 EAST 2018 百名店 2018,https://tabelog.com/tokyo/A1303/A130302/4002939/,https://www.google.com/maps/search/?api=1&query=%E3%83%A0%E3%83%A9%E3%82%BF%20%E5%AE%AE%E5%9F%8E%E7%9C%8C%E5%A4%9A%E8%B3%80%E5%9F%8E%E5%B8%82%E7%94%BA%E5%89%8D3-2-25,2018,スイーツ 百名店 EAST 2018,sweets_east,
レタンプリュス おおたかの森東口店,千葉県流山市東初石6-185-1 エルピス 1F,食べログ スイーツ 百名店 EAST 2018 百名店 2018,https://tabelog.com/tokyo/A1303/A130302/12030822/,https://www.google.com/maps/search/?api=1&query=%E3%83%AC%E3%82%BF%E3%83%B3%E3%83%97%E3%83%AA%E3%83%A5%E3%82%B9%20%E3%81%8A%E3%81%8A%E3%81%9F%E3%81%8B%E3%81%AE%E6%A3%AE%E6%9D%B1%E5%8F%A3%E5%BA%97%20%E5%8D%83%E8%91%89%E7%9C%8C%E6%B5%81%E5%B1%B1%E5%B8%82%E6%9D%B1%E5%88%9D%E7%9F%B36-185-1%20%E3%82%A8%E3%83%AB%E3%83%94%E3%82%B9%201F,2018,スイーツ 百名店 EAST 2018,sweets_east,
アンジェリック ヴォヤージュ 本店,北海道函館市弥生町3-11,食べログ スイーツ 百名店 EAST 2018 百名店 2018,https://tabelog.com/tokyo/A1303/A130302/1026155/,https://www.google.com/maps/search/?api=1&query=%E3%82%A2%E3%83%B3%E3%82%B8%E3%82%A7%E3%83%AA%E3%83%83%E3%82%AF%20%E3%83%B4%E3%82%A9%E3%83%A4%E3%83%BC%E3%82%B8%E3%83%A5%20%E6%9C%AC%E5%BA%97%20%E5%8C%97%E6%B5%B7%E9%81%93%E5%87%BD%E9%A4%A8%E5%B8%82%E5%BC%A5%E7%94%9F%E7%94%BA3-11,2018,スイーツ 百名店 EAST 2018,sweets_east,
グランディール アンサンブル,神奈川県鎌倉市由比ガ浜1-1-30,食べログ スイーツ 百名店 EAST 2018 百名店 2018,https://tabelog.com/tokyo/A1303/A130302/14061044/,https://www.google.com/maps/search/?api=1&query=%E3%82%B0%E3%83%A9%E3%83%B3%E3%83%87%E3%82%A3%E3%83%BC%E3%83%AB%20%E3%82%A2%E3%83%B3%E3%82%B5%E3%83%B3%E3%83%96%E3%83%AB%20%E7%A5%9E%E5%A5%88%E5%B7%9D%E7%9C%8C%E9%8E%8C%E5%80%89%E5%B8%82%E7%94%B1%E6%AF%94%E3%82%AC%E6%B5%9C1-1-30,2018,スイーツ 百名店 EAST 2018,sweets_east,
焼き菓子 ルルー,愛知県名古屋市瑞穂区洲雲町2-23-8,食べログ スイーツ 百名店 EAST 2018 百名店 2018,https://tabelog.com/tokyo/A1303/A130302/23006387/,https://www.google.com/maps/search/?api=1&query=%E7%84%BC%E3%81%8D%E8%8F%93%E5%AD%90%20%E3%83%AB%E3%83%AB%E3%83%BC%20%E6%84%9B%E7%9F%A5%E7%9C%8C%E5%90%8D%E5%8F%A4%E5%B1%8B%E5%B8%82%E7%91%9E%E7%A9%82%E5%8C%BA%E6%B4%B2%E9%9B%B2%E7%94%BA2-23-8,2018,スイーツ 百名店 EAST 2018,sweets_east,
茶房 雲母,神奈川県鎌倉市御成町16-7,食べログ スイーツ 百名店 EAST 2018 百名店 2018,https://tabelog.com/tokyo/A1303/A130302/14000248/,https://www.google.com/maps/search/?api=1&query=%E8%8C%B6%E6%88%BF%20%E9%9B%B2%E6%AF%8D%20%E7%A5%9E%E5%A5%88%E5%B7%9D%E7%9C%8C%E9%8E%8C%E5%80%89%E5%B8%82%E5%BE%A1%E6%88%90%E7%94%BA16-7,2018,スイーツ 百名店 EAST 2018,sweets_east,
ピエール・エルメ・パリ 伊勢丹新宿,東京都新宿区新宿3-14-1 伊勢丹新宿店 本館 B1F,食べログ スイーツ 百名店 TOKYO 2018 百名店 2018,https://tabelog.com/tokyo/A1303/A130302/13025129/,https://www.google.com/maps/search/?api=1&query=%E3%83%94%E3%82%A8%E3%83%BC%E3%83%AB%E3%83%BB%E3%82%A8%E3%83%AB%E3%83%A1%E3%83%BB%E3%83%91%E3%83%AA%20%E4%BC%8A%E5%8B%A2%E4%B8%B9%E6%96%B0%E5%AE%BF%20%E6%9D%B1%E4%BA%AC%E9%83%BD%E6%96%B0%E5%AE%BF%E5%8C%BA%E6%96%B0%E5%AE%BF3-14-1%20%E4%BC%8A%E5%8B%A2%E4%B8%B9%E6%96%B0%E5%AE%BF%E5%BA%97%20%E6%9C%AC%E9%A4%A8%20B1F,2018,スイーツ 百名店 TOKYO 2018,sweets_tokyo,
パティスリー カーヴァンソン,東京都新宿区筑土八幡町1-2 第３ＮＫビル 1Ｆ,食べログ スイーツ 百名店 TOKYO 2018 百名店 2018,https://tabelog.com/tokyo/A1303/A130302/13035194/,https://www.google.com/maps/search/?api=1&query=%E3%83%91%E3%83%86%E3%82%A3%E3%82%B9%E3%83%AA%E3%83%BC%20%E3%82%AB%E3%83%BC%E3%83%B4%E3%82%A1%E3%83%B3%E3%82%BD%E3%83%B3%20%E6%9D%B1%E4%BA%AC%E9%83%BD%E6%96%B0%E5%AE%BF%E5%8C%BA%E7%AD%91%E5%9C%9F%E5%85%AB%E5%B9%A1%E7%94%BA1-2%20%E7%AC%AC%EF%BC%93%EF%BC%AE%EF%BC%AB%E3%83%93%E3%83%AB%201%EF%BC%A6,2018,スイーツ 百名店 TOKYO 2018,sweets_tokyo,
フルーツカフェ　フルータス,東京都江東区富岡1-24-6,食べログ スイーツ 百名店 TOKYO 2018 百名店 2018,https://tabelog.com/tokyo/A1303/A130302/13056677/,https://www.google.com/maps/search/?api=1&query=%E3%83%95%E3%83%AB%E3%83%BC%E3%83%84%E3%82%AB%E3%83%95%E3%82%A7%E3%80%80%E3%83%95%E3%83%AB%E3%83%BC%E3%82%BF%E3%82%B9%20%E6%9D%B1%E4%BA%AC%E9%83%BD%E6%B1%9F%E6%9D%B1%E5%8C%BA%E5%AF%8C%E5%B2%A11-24-6,2018,スイーツ 百名店 TOKYO 2018,sweets_tokyo,
チリムーロ,東京都渋谷区猿楽町1-3,食べログ スイーツ 百名店 TOKYO 2018 百名店 2018,https://tabelog.com/tokyo/A1303/A130302/13164533/,https://www.google.com/maps/search/?api=1&query=%E3%83%81%E3%83%AA%E3%83%A0%E3%83%BC%E3%83%AD%20%E6%9D%B1%E4%BA%AC%E9%83%BD%E6%B8%8B%E8%B0%B7%E5%8C%BA%E7%8C%BF%E6%A5%BD%E7%94%BA1-3,2018,スイーツ 百名店 TOKYO 2018,sweets_tokyo,
イデミスギノ,東京都中央区京橋3-6-17 京橋大栄ビル　１Ｆ,食べログ スイーツ 百名店 TOKYO 2018 百名店 2018,https://tabelog.com/tokyo/A1303/A130302/13002285/,https://www.google.com/maps/search/?api=1&query=%E3%82%A4%E3%83%87%E3%83%9F%E3%82%B9%E3%82%AE%E3%83%8E%20%E6%9D%B1%E4%BA%AC%E9%83%BD%E4%B8%AD%E5%A4%AE%E5%8C%BA%E4%BA%AC%E6%A9%8B3-6-17%20%E4%BA%AC%E6%A9%8B%E5%A4%A7%E6%A0%84%E3%83%93%E3%83%AB%E3%80%80%EF%BC%91%EF%BC%A6,2018,スイーツ 百名店 TOKYO 2018,sweets_tokyo,
パティスリー・パリセヴェイユ,東京都目黒区自由が丘2-14-5 館山ビル 1F,食べログ スイーツ 百名店 TOKYO 2018 百名店 2018,https://tabelog.com/tokyo/A1303/A130302/13005198/,https://www.google.com/maps/search/?api=1&query=%E3%83%91%E3%83%86%E3%82%A3%E3%82%B9%E3%83%AA%E3%83%BC%E3%83%BB%E3%83%91%E3%83%AA%E3%82%BB%E3%83%B4%E3%82%A7%E3%82%A4%E3%83%A6%20%E6%9D%B1%E4%BA%AC%E9%83%BD%E7%9B%AE%E9%BB%92%E5%8C%BA%E8%87%AA%E7%94%B1%E3%81%8C%E4%B8%982-14-5%20%E9%A4%A8%E5%B1%B1%E3%83%93%E3%83%AB%201F,2018,スイーツ 百名店 TOKYO 2018,sweets_tokyo,
い志い,東京都葛飾区柴又7-6-20 柴又帝釈天参道,食べログ スイーツ 百名店 TOKYO 2018 百名店 2018,https://tabelog.com/tokyo/A1303/A130302/13098265/,https://www.google.com/maps/search/?api=1&query=%E3%81%84%E5%BF%97%E3%81%84%20%E6%9D%B1%E4%BA%AC%E9%83%BD%E8%91%9B%E9%A3%BE%E5%8C%BA%E6%9F%B4%E5%8F%887-6-20%20%E6%9F%B4%E5%8F%88%E5%B8%9D%E9%87%88%E5%A4%A9%E5%8F%82%E9%81%93,2018,スイーツ 百名店 TOKYO 2018,sweets_tokyo,
ラ・ローズ・ジャポネ,東京都葛飾区金町6-4-5,食べログ スイーツ 百名店 TOKYO 2018 百名店 2018,https://tabelog.com/tokyo/A1303/A130302/13138026/,https://www.google.com/maps/search/?api=1&query=%E3%83%A9%E3%83%BB%E3%83%AD%E3%83%BC%E3%82%BA%E3%83%BB%E3%82%B8%E3%83%A3%E3%83%9D%E3%83%8D%20%E6%9D%B1%E4%BA%AC%E9%83%BD%E8%91%9B%E9%A3%BE%E5%8C%BA%E9%87%91%E7%94%BA6-4-5,2018,スイーツ 百名店 TOKYO 2018,sweets_tokyo,
空也,東京都中央区銀座6-7-19,食べログ スイーツ 百名店 TOKYO 2018 百名店 2018,https://tabelog.com/tokyo/A1303/A130302/13002591/,https://www.google.com/maps/search/?api=1&query=%E7%A9%BA%E4%B9%9F%20%E6%9D%B1%E4%BA%AC%E9%83%BD%E4%B8%AD%E5%A4%AE%E5%8C%BA%E9%8A%80%E5%BA%A76-7-19,2018,スイーツ 百名店 TOKYO 2018,sweets_tokyo,
ラトリエ モトゾー,東京都目黒区東山3-1-4 ニューリバー東山　1Ｆ,食べログ スイーツ 百名店 TOKYO 2018 百名店 2018,https://tabelog.com/tokyo/A1303/A130302/13199223/,https://www.google.com/maps/search/?api=1&query=%E3%83%A9%E3%83%88%E3%83%AA%E3%82%A8%20%E3%83%A2%E3%83%88%E3%82%BE%E3%83%BC%20%E6%9D%B1%E4%BA%AC%E9%83%BD%E7%9B%AE%E9%BB%92%E5%8C%BA%E6%9D%B1%E5%B1%B13-1-4%20%E3%83%8B%E3%83%A5%E3%83%BC%E3%83%AA%E3%83%90%E3%83%BC%E6%9D%B1%E5%B1%B1%E3%80%801%EF%BC%A6,2018,スイーツ 百名店 TOKYO 2018,sweets_tokyo,
ユーゴ アンド ヴィクトール 伊勢丹新宿店,東京都新宿区新宿3-14-1 伊勢丹新宿店本館 B1F,食べログ スイーツ 百名店 TOKYO 2018 百名店 2018,https://tabelog.com/tokyo/A1303/A130302/13187714/,https://www.google.com/maps/search/?api=1&query=%E3%83%A6%E3%83%BC%E3%82%B4%20%E3%82%A2%E3%83%B3%E3%83%89%20%E3%83%B4%E3%82%A3%E3%82%AF%E3%83%88%E3%83%BC%E3%83%AB%20%E4%BC%8A%E5%8B%A2%E4%B8%B9%E6%96%B0%E5%AE%BF%E5%BA%97%20%E6%9D%B1%E4%BA%AC%E9%83%BD%E6%96%B0%E5%AE%BF%E5%8C%BA%E6%96%B0%E5%AE%BF3-14-1%20%E4%BC%8A%E5%8B%A2%E4%B8%B9%E6%96%B0%E5%AE%BF%E5%BA%97%E6%9C%AC%E9%A4%A8%20B1F,2018,スイーツ 百名店 TOKYO 2018,sweets_tokyo,
ツッカベッカライ カヤヌマ,東京都港区赤坂1-4-5 栢沼ビル 1F,食べログ スイーツ 百名店 TOKYO 2018 百名店 2018,https://tabelog.com/tokyo/A1303/A130302/13002756/,https://www.google.com/maps/search/?api=1&query=%E3%83%84%E3%83%83%E3%82%AB%E3%83%99%E3%83%83%E3%82%AB%E3%83%A9%E3%82%A4%20%E3%82%AB%E3%83%A4%E3%83%8C%E3%83%9E%20%E6%9D%B1%E4%BA%AC%E9%83%BD%E6%B8%AF%E5%8C%BA%E8%B5%A4%E5%9D%821-4-5%20%E6%A0%A2%E6%B2%BC%E3%83%93%E3%83%AB%201F,2018,スイーツ 百名店 TOKYO 2018,sweets_tokyo,
エーグルドゥース,東京都新宿区下落合3-22-13,食べログ スイーツ 百名店 TOKYO 2018 百名店 2018,https://tabelog.com/tokyo/A1303/A130302/13005641/,https://www.google.com/maps/search/?api=1&query=%E3%82%A8%E3%83%BC%E3%82%B0%E3%83%AB%E3%83%89%E3%82%A5%E3%83%BC%E3%82%B9%20%E6%9D%B1%E4%BA%AC%E9%83%BD%E6%96%B0%E5%AE%BF%E5%8C%BA%E4%B8%8B%E8%90%BD%E5%90%883-22-13,2018,スイーツ 百名店 TOKYO 2018,sweets_tokyo,
茶香,東京都足立区千住1-24-8,食べログ スイーツ 百名店 TOKYO 2018 百名店 2018,https://tabelog.com/tokyo/A1303/A130302/13110615/,https://www.google.com/maps/search/?api=1&query=%E8%8C%B6%E9%A6%99%20%E6%9D%B1%E4%BA%AC%E9%83%BD%E8%B6%B3%E7%AB%8B%E5%8C%BA%E5%8D%83%E4%BD%8F1-24-8,2018,スイーツ 百名店 TOKYO 2018,sweets_tokyo,
パティシエ・ヒロ ヤマモト,東京都江戸川区篠崎町1-7-23-1 ピラトゥス篠崎1号室,食べログ スイーツ 百名店 TOKYO 2018 百名店 2018,https://tabelog.com/tokyo/A1303/A130302/13121679/,https://www.google.com/maps/search/?api=1&query=%E3%83%91%E3%83%86%E3%82%A3%E3%82%B7%E3%82%A8%E3%83%BB%E3%83%92%E3%83%AD%20%E3%83%A4%E3%83%9E%E3%83%A2%E3%83%88%20%E6%9D%B1%E4%BA%AC%E9%83%BD%E6%B1%9F%E6%88%B8%E5%B7%9D%E5%8C%BA%E7%AF%A0%E5%B4%8E%E7%94%BA1-7-23-1%20%E3%83%94%E3%83%A9%E3%83%88%E3%82%A5%E3%82%B9%E7%AF%A0%E5%B4%8E1%E5%8F%B7%E5%AE%A4,2018,スイーツ 百名店 TOKYO 2018,sweets_tokyo,
パーラー ローレル,東京都世田谷区奥沢7-24-3 九品仏スカイハイツ 1F,食べログ スイーツ 百名店 TOKYO 2018 百名店 2018,https://tabelog.com/tokyo/A1303/A130302/13003097/,https://www.google.com/maps/search/?api=1&query=%E3%83%91%E3%83%BC%E3%83%A9%E3%83%BC%20%E3%83%AD%E3%83%BC%E3%83%AC%E3%83%AB%20%E6%9D%B1%E4%BA%AC%E9%83%BD%E4%B8%96%E7%94%B0%E8%B0%B7%E5%8C%BA%E5%A5%A5%E6%B2%A27-24-3%20%E4%B9%9D%E5%93%81%E4%BB%8F%E3%82%B9%E3%82%AB%E3%82%A4%E3%83%8F%E3%82%A4%E3%83%84%201F,2018,スイーツ 百名店 TOKYO 2018,sweets_tokyo,
Mont St. Clair,東京都目黒区自由が丘2-22-4,食べログ スイーツ 百名店 TOKYO 2018 百名店 2018,https://tabelog.com/tokyo/A1303/A130302/13003221/,https://www.google.com/maps/search/?api=1&query=Mont%20St.%20Clair%20%E6%9D%B1%E4%BA%AC%E9%83%BD%E7%9B%AE%E9%BB%92%E5%8C%BA%E8%87%AA%E7%94%B1%E3%81%8C%E4%B8%982-22-4,2018,スイーツ 百名店 TOKYO 2018,sweets_tokyo,
うさぎや 本店,東京都中央区日本橋1-2-19 日本橋ファーストビル　１Ｆ,食べログ スイーツ 百名店 TOKYO 2018 百名店 2018,https://tabelog.com/tokyo/A1303/A130302/13003250/,https://www.google.com/maps/search/?api=1&query=%E3%81%86%E3%81%95%E3%81%8E%E3%82%84%20%E6%9C%AC%E5%BA%97%20%E6%9D%B1%E4%BA%AC%E9%83%BD%E4%B8%AD%E5%A4%AE%E5%8C%BA%E6%97%A5%E6%9C%AC%E6%A9%8B1-2-19%20%E6%97%A5%E6%9C%AC%E6%A9%8B%E3%83%95%E3%82%A1%E3%83%BC%E3%82%B9%E3%83%88%E3%83%93%E3%83%AB%E3%80%80%EF%BC%91%EF%BC%A6,2018,スイーツ 百名店 TOKYO 2018,sweets_tokyo,
マテリエル,東京都板橋区大山町21-6 白樹舘壱番館 1F,食べログ スイーツ 百名店 TOKYO 2018 百名店 2018,https://tabelog.com/tokyo/A1303/A130302/13110008/,https://www.google.com/maps/search/?api=1&query=%E3%83%9E%E3%83%86%E3%83%AA%E3%82%A8%E3%83%AB%20%E6%9D%B1%E4%BA%AC%E9%83%BD%E6%9D%BF%E6%A9%8B%E5%8C%BA%E5%A4%A7%E5%B1%B1%E7%94%BA21-6%20%E7%99%BD%E6%A8%B9%E8%88%98%E5%A3%B1%E7%95%AA%E9%A4%A8%201F,2018,スイーツ 百名店 TOKYO 2018,sweets_tokyo,
アルカション 本店,東京都練馬区南大泉5-34-4,食べログ スイーツ 百名店 TOKYO 2018 百名店 2018,https://tabelog.com/tokyo/A1303/A130302/13023168/,https://www.google.com/maps/search/?api=1&query=%E3%82%A2%E3%83%AB%E3%82%AB%E3%82%B7%E3%83%A7%E3%83%B3%20%E6%9C%AC%E5%BA%97%20%E6%9D%B1%E4%BA%AC%E9%83%BD%E7%B7%B4%E9%A6%AC%E5%8C%BA%E5%8D%97%E5%A4%A7%E6%B3%895-34-4,2018,スイーツ 百名店 TOKYO 2018,sweets_tokyo,
ジェラテリア シンチェリータ,東京都杉並区阿佐谷北1-43-7,食べログ スイーツ 百名店 TOKYO 2018 百名店 2018,https://tabelog.com/tokyo/A1303/A130302/13108556/,https://www.google.com/maps/search/?api=1&query=%E3%82%B8%E3%82%A7%E3%83%A9%E3%83%86%E3%83%AA%E3%82%A2%20%E3%82%B7%E3%83%B3%E3%83%81%E3%82%A7%E3%83%AA%E3%83%BC%E3%82%BF%20%E6%9D%B1%E4%BA%AC%E9%83%BD%E6%9D%89%E4%B8%A6%E5%8C%BA%E9%98%BF%E4%BD%90%E8%B0%B7%E5%8C%971-43-7,2018,スイーツ 百名店 TOKYO 2018,sweets_tokyo,
たちばな,東京都中央区銀座8-7-19 江安ビル １Ｆ,食べログ スイーツ 百名店 TOKYO 2018 百名店 2018,https://tabelog.com/tokyo/A1303/A130302/13022189/,https://www.google.com/maps/search/?api=1&query=%E3%81%9F%E3%81%A1%E3%81%B0%E3%81%AA%20%E6%9D%B1%E4%BA%AC%E9%83%BD%E4%B8%AD%E5%A4%AE%E5%8C%BA%E9%8A%80%E5%BA%A78-7-19%20%E6%B1%9F%E5%AE%89%E3%83%93%E3%83%AB%20%EF%BC%91%EF%BC%A6,2018,スイーツ 百名店 TOKYO 2018,sweets_tokyo,
Patisserie JUN UJITA,東京都目黒区碑文谷4-6-6,食べログ スイーツ 百名店 TOKYO 2018 百名店 2018,https://tabelog.com/tokyo/A1303/A130302/13133033/,https://www.google.com/maps/search/?api=1&query=Patisserie%20JUN%20UJITA%20%E6%9D%B1%E4%BA%AC%E9%83%BD%E7%9B%AE%E9%BB%92%E5%8C%BA%E7%A2%91%E6%96%87%E8%B0%B74-6-6,2018,スイーツ 百名店 TOKYO 2018,sweets_tokyo,
西洋菓子 しろたえ,東京都港区赤坂4-1-4,食べログ スイーツ 百名店 TOKYO 2018 百名店 2018,https://tabelog.com/tokyo/A1303/A130302/13002850/,https://www.google.com/maps/search/?api=1&query=%E8%A5%BF%E6%B4%8B%E8%8F%93%E5%AD%90%20%E3%81%97%E3%82%8D%E3%81%9F%E3%81%88%20%E6%9D%B1%E4%BA%AC%E9%83%BD%E6%B8%AF%E5%8C%BA%E8%B5%A4%E5%9D%824-1-4,2018,スイーツ 百名店 TOKYO 2018,sweets_tokyo,
だるまや餅菓子店,東京都北区十条仲原1-3-6,食べログ スイーツ 百名店 TOKYO 2018 百名店 2018,https://tabelog.com/tokyo/A1303/A130302/13008769/,https://www.google.com/maps/search/?api=1&query=%E3%81%A0%E3%82%8B%E3%81%BE%E3%82%84%E9%A4%85%E8%8F%93%E5%AD%90%E5%BA%97%20%E6%9D%B1%E4%BA%AC%E9%83%BD%E5%8C%97%E5%8C%BA%E5%8D%81%E6%9D%A1%E4%BB%B2%E5%8E%9F1-3-6,2018,スイーツ 百名店 TOKYO 2018,sweets_tokyo,
梅むら,東京都台東区浅草3-22-12,食べログ スイーツ 百名店 TOKYO 2018 百名店 2018,https://tabelog.com/tokyo/A1303/A130302/13008698/,https://www.google.com/maps/search/?api=1&query=%E6%A2%85%E3%82%80%E3%82%89%20%E6%9D%B1%E4%BA%AC%E9%83%BD%E5%8F%B0%E6%9D%B1%E5%8C%BA%E6%B5%85%E8%8D%893-22-12,2018,スイーツ 百名店 TOKYO 2018,sweets_tokyo,
アテスウェイ,東京都武蔵野市吉祥寺東町3-8-8 カサ吉祥寺２,食べログ スイーツ 百名店 TOKYO 2018 百名店 2018,https://tabelog.com/tokyo/A1303/A130302/13005853/,https://www.google.com/maps/search/?api=1&query=%E3%82%A2%E3%83%86%E3%82%B9%E3%82%A6%E3%82%A7%E3%82%A4%20%E6%9D%B1%E4%BA%AC%E9%83%BD%E6%AD%A6%E8%94%B5%E9%87%8E%E5%B8%82%E5%90%89%E7%A5%A5%E5%AF%BA%E6%9D%B1%E7%94%BA3-8-8%20%E3%82%AB%E3%82%B5%E5%90%89%E7%A5%A5%E5%AF%BA%EF%BC%92,2018,スイーツ 百名店 TOKYO 2018,sweets_tokyo,
リュードパッシー,東京都目黒区鷹番3-17-6,食べログ スイーツ 百名店 TOKYO 2018 百名店 2018,https://tabelog.com/tokyo/A1303/A130302/13005155/,https://www.google.com/maps/search/?api=1&query=%E3%83%AA%E3%83%A5%E3%83%BC%E3%83%89%E3%83%91%E3%83%83%E3%82%B7%E3%83%BC%20%E6%9D%B1%E4%BA%AC%E9%83%BD%E7%9B%AE%E9%BB%92%E5%8C%BA%E9%B7%B9%E7%95%AA3-17-6,2018,スイーツ 百名店 TOKYO 2018,sweets_tokyo,
デセール ル コントワール,東京都世田谷区深沢5-2-1,食べログ スイーツ 百名店 TOKYO 2018 百名店 2018,https://tabelog.com/tokyo/A1303/A130302/13108815/,https://www.google.com/maps/search/?api=1&query=%E3%83%87%E3%82%BB%E3%83%BC%E3%83%AB%20%E3%83%AB%20%E3%82%B3%E3%83%B3%E3%83%88%E3%83%AF%E3%83%BC%E3%83%AB%20%E6%9D%B1%E4%BA%AC%E9%83%BD%E4%B8%96%E7%94%B0%E8%B0%B7%E5%8C%BA%E6%B7%B1%E6%B2%A25-2-1,2018,スイーツ 百名店 TOKYO 2018,sweets_tokyo,
リベルターブル 赤坂店,東京都港区赤坂2-6-24 1F,食べログ スイーツ 百名店 TOKYO 2018 百名店 2018,https://tabelog.com/tokyo/A1303/A130302/13160987/,https://www.google.com/maps/search/?api=1&query=%E3%83%AA%E3%83%99%E3%83%AB%E3%82%BF%E3%83%BC%E3%83%96%E3%83%AB%20%E8%B5%A4%E5%9D%82%E5%BA%97%20%E6%9D%B1%E4%BA%AC%E9%83%BD%E6%B8%AF%E5%8C%BA%E8%B5%A4%E5%9D%822-6-24%201F,2018,スイーツ 百名店 TOKYO 2018,sweets_tokyo,
越後屋若狭,東京都墨田区千歳1-8-4,食べログ スイーツ 百名店 TOKYO 2018 百名店 2018,https://tabelog.com/tokyo/A1303/A130302/13046248/,https://www.google.com/maps/search/?api=1&query=%E8%B6%8A%E5%BE%8C%E5%B1%8B%E8%8B%A5%E7%8B%AD%20%E6%9D%B1%E4%BA%AC%E9%83%BD%E5%A2%A8%E7%94%B0%E5%8C%BA%E5%8D%83%E6%AD%B31-8-4,2018,スイーツ 百名店 TOKYO 2018,sweets_tokyo,
亀十,東京都台東区雷門2-18-11,食べログ スイーツ 百名店 TOKYO 2018 百名店 2018,https://tabelog.com/tokyo/A1303/A130302/13003655/,https://www.google.com/maps/search/?api=1&query=%E4%BA%80%E5%8D%81%20%E6%9D%B1%E4%BA%AC%E9%83%BD%E5%8F%B0%E6%9D%B1%E5%8C%BA%E9%9B%B7%E9%96%802-18-11,2018,スイーツ 百名店 TOKYO 2018,sweets_tokyo,
セシル エリュアール 神楽坂,東京都新宿区赤城下町3-9,食べログ スイーツ 百名店 TOKYO 2018 百名店 2018,https://tabelog.com/tokyo/A1303/A130302/13158557/,https://www.google.com/maps/search/?api=1&query=%E3%82%BB%E3%82%B7%E3%83%AB%20%E3%82%A8%E3%83%AA%E3%83%A5%E3%82%A2%E3%83%BC%E3%83%AB%20%E7%A5%9E%E6%A5%BD%E5%9D%82%20%E6%9D%B1%E4%BA%AC%E9%83%BD%E6%96%B0%E5%AE%BF%E5%8C%BA%E8%B5%A4%E5%9F%8E%E4%B8%8B%E7%94%BA3-9,2018,スイーツ 百名店 TOKYO 2018,sweets_tokyo,
パティスリー SATSUKI,東京都千代田区紀尾井町4-1 ホテルニューオータニ東京 ロビィ階,食べログ スイーツ 百名店 TOKYO 2018 百名店 2018,https://tabelog.com/tokyo/A1303/A130302/13000178/,https://www.google.com/maps/search/?api=1&query=%E3%83%91%E3%83%86%E3%82%A3%E3%82%B9%E3%83%AA%E3%83%BC%20SATSUKI%20%E6%9D%B1%E4%BA%AC%E9%83%BD%E5%8D%83%E4%BB%A3%E7%94%B0%E5%8C%BA%E7%B4%80%E5%B0%BE%E4%BA%95%E7%94%BA4-1%20%E3%83%9B%E3%83%86%E3%83%AB%E3%83%8B%E3%83%A5%E3%83%BC%E3%82%AA%E3%83%BC%E3%82%BF%E3%83%8B%E6%9D%B1%E4%BA%AC%20%E3%83%AD%E3%83%93%E3%82%A3%E9%9A%8E,2018,スイーツ 百名店 TOKYO 2018,sweets_tokyo,
パティシエ イナムラ ショウゾウ,東京都台東区上野桜木2-19-8,食べログ スイーツ 百名店 TOKYO 2018 百名店 2018,https://tabelog.com/tokyo/A1303/A130302/13003575/,https://www.google.com/maps/search/?api=1&query=%E3%83%91%E3%83%86%E3%82%A3%E3%82%B7%E3%82%A8%20%E3%82%A4%E3%83%8A%E3%83%A0%E3%83%A9%20%E3%82%B7%E3%83%A7%E3%82%A6%E3%82%BE%E3%82%A6%20%E6%9D%B1%E4%BA%AC%E9%83%BD%E5%8F%B0%E6%9D%B1%E5%8C%BA%E4%B8%8A%E9%87%8E%E6%A1%9C%E6%9C%A82-19-8,2018,スイーツ 百名店 TOKYO 2018,sweets_tokyo,
千葉屋,東京都台東区浅草3-9-10,食べログ スイーツ 百名店 TOKYO 2018 百名店 2018,https://tabelog.com/tokyo/A1303/A130302/13008691/,https://www.google.com/maps/search/?api=1&query=%E5%8D%83%E8%91%89%E5%B1%8B%20%E6%9D%B1%E4%BA%AC%E9%83%BD%E5%8F%B0%E6%9D%B1%E5%8C%BA%E6%B5%85%E8%8D%893-9-10,2018,スイーツ 百名店 TOKYO 2018,sweets_tokyo,
群林堂,東京都文京区音羽2-1-2,食べログ スイーツ 百名店 TOKYO 2018 百名店 2018,https://tabelog.com/tokyo/A1303/A130302/13003816/,https://www.google.com/maps/search/?api=1&query=%E7%BE%A4%E6%9E%97%E5%A0%82%20%E6%9D%B1%E4%BA%AC%E9%83%BD%E6%96%87%E4%BA%AC%E5%8C%BA%E9%9F%B3%E7%BE%BD2-1-2,2018,スイーツ 百名店 TOKYO 2018,sweets_tokyo,
フランス菓子 パティシエ ショコラティエ イナムラショウゾウ,東京都台東区谷中7-19-5,食べログ スイーツ 百名店 TOKYO 2018 百名店 2018,https://tabelog.com/tokyo/A1303/A130302/13047298/,https://www.google.com/maps/search/?api=1&query=%E3%83%95%E3%83%A9%E3%83%B3%E3%82%B9%E8%8F%93%E5%AD%90%20%E3%83%91%E3%83%86%E3%82%A3%E3%82%B7%E3%82%A8%20%E3%82%B7%E3%83%A7%E3%82%B3%E3%83%A9%E3%83%86%E3%82%A3%E3%82%A8%20%E3%82%A4%E3%83%8A%E3%83%A0%E3%83%A9%E3%82%B7%E3%83%A7%E3%82%A6%E3%82%BE%E3%82%A6%20%E6%9D%B1%E4%BA%AC%E9%83%BD%E5%8F%B0%E6%9D%B1%E5%8C%BA%E8%B0%B7%E4%B8%AD7-19-5,2018,スイーツ 百名店 TOKYO 2018,sweets_tokyo,
フルーツパーラーフクナガ,東京都新宿区四谷3-4 fビル 2F,食べログ スイーツ 百名店 TOKYO 2018 百名店 2018,https://tabelog.com/tokyo/A1303/A130302/13006765/,https://www.google.com/maps/search/?api=1&query=%E3%83%95%E3%83%AB%E3%83%BC%E3%83%84%E3%83%91%E3%83%BC%E3%83%A9%E3%83%BC%E3%83%95%E3%82%AF%E3%83%8A%E3%82%AC%20%E6%9D%B1%E4%BA%AC%E9%83%BD%E6%96%B0%E5%AE%BF%E5%8C%BA%E5%9B%9B%E8%B0%B73-4%20f%E3%83%93%E3%83%AB%202F,2018,スイーツ 百名店 TOKYO 2018,sweets_tokyo,
ピエール マルコリーニ 銀座本店,東京都中央区銀座5-5-8,食べログ スイーツ 百名店 TOKYO 2018 百名店 2018,https://tabelog.com/tokyo/A1303/A130302/13127566/,https://www.google.com/maps/search/?api=1&query=%E3%83%94%E3%82%A8%E3%83%BC%E3%83%AB%20%E3%83%9E%E3%83%AB%E3%82%B3%E3%83%AA%E3%83%BC%E3%83%8B%20%E9%8A%80%E5%BA%A7%E6%9C%AC%E5%BA%97%20%E6%9D%B1%E4%BA%AC%E9%83%BD%E4%B8%AD%E5%A4%AE%E5%8C%BA%E9%8A%80%E5%BA%A75-5-8,2018,スイーツ 百名店 TOKYO 2018,sweets_tokyo,
ア コテ パティスリー,東京都港区白金台2-5-11,食べログ スイーツ 百名店 TOKYO 2018 百名店 2018,https://tabelog.com/tokyo/A1303/A130302/13051424/,https://www.google.com/maps/search/?api=1&query=%E3%82%A2%20%E3%82%B3%E3%83%86%20%E3%83%91%E3%83%86%E3%82%A3%E3%82%B9%E3%83%AA%E3%83%BC%20%E6%9D%B1%E4%BA%AC%E9%83%BD%E6%B8%AF%E5%8C%BA%E7%99%BD%E9%87%91%E5%8F%B02-5-11,2018,スイーツ 百名店 TOKYO 2018,sweets_tokyo,
パティスリー リョーコ,東京都港区高輪3-2-8,食べログ スイーツ 百名店 TOKYO 2018 百名店 2018,https://tabelog.com/tokyo/A1303/A130302/13137010/,https://www.google.com/maps/search/?api=1&query=%E3%83%91%E3%83%86%E3%82%A3%E3%82%B9%E3%83%AA%E3%83%BC%20%E3%83%AA%E3%83%A7%E3%83%BC%E3%82%B3%20%E6%9D%B1%E4%BA%AC%E9%83%BD%E6%B8%AF%E5%8C%BA%E9%AB%98%E8%BC%AA3-2-8,2018,スイーツ 百名店 TOKYO 2018,sweets_tokyo,
ホットケーキパーラー フルフル 赤坂店,東京都港区赤坂2-17-52 パラッツォ赤坂 1F,食べログ スイーツ 百名店 TOKYO 2018 百名店 2018,https://tabelog.com/tokyo/A1303/A130302/13155288/,https://www.google.com/maps/search/?api=1&query=%E3%83%9B%E3%83%83%E3%83%88%E3%82%B1%E3%83%BC%E3%82%AD%E3%83%91%E3%83%BC%E3%83%A9%E3%83%BC%20%E3%83%95%E3%83%AB%E3%83%95%E3%83%AB%20%E8%B5%A4%E5%9D%82%E5%BA%97%20%E6%9D%B1%E4%BA%AC%E9%83%BD%E6%B8%AF%E5%8C%BA%E8%B5%A4%E5%9D%822-17-52%20%E3%83%91%E3%83%A9%E3%83%83%E3%83%84%E3%82%A9%E8%B5%A4%E5%9D%82%201F,2018,スイーツ 百名店 TOKYO 2018,sweets_tokyo,
アディクト オ シュクル,東京都目黒区八雲1-10-6,食べログ スイーツ 百名店 TOKYO 2018 百名店 2018,https://tabelog.com/tokyo/A1303/A130302/13171753/,https://www.google.com/maps/search/?api=1&query=%E3%82%A2%E3%83%87%E3%82%A3%E3%82%AF%E3%83%88%20%E3%82%AA%20%E3%82%B7%E3%83%A5%E3%82%AF%E3%83%AB%20%E6%9D%B1%E4%BA%AC%E9%83%BD%E7%9B%AE%E9%BB%92%E5%8C%BA%E5%85%AB%E9%9B%B21-10-6,2018,スイーツ 百名店 TOKYO 2018,sweets_tokyo,
レピキュリアン,東京都武蔵野市吉祥寺南町1-9-5 1F,食べログ スイーツ 百名店 TOKYO 2018 百名店 2018,https://tabelog.com/tokyo/A1303/A130302/13005891/,https://www.google.com/maps/search/?api=1&query=%E3%83%AC%E3%83%94%E3%82%AD%E3%83%A5%E3%83%AA%E3%82%A2%E3%83%B3%20%E6%9D%B1%E4%BA%AC%E9%83%BD%E6%AD%A6%E8%94%B5%E9%87%8E%E5%B8%82%E5%90%89%E7%A5%A5%E5%AF%BA%E5%8D%97%E7%94%BA1-9-5%201F,2018,スイーツ 百名店 TOKYO 2018,sweets_tokyo,
浪花家総本店,東京都港区麻布十番1-8-14,食べログ スイーツ 百名店 TOKYO 2018 百名店 2018,https://tabelog.com/tokyo/A1303/A130302/13002775/,https://www.google.com/maps/search/?api=1&query=%E6%B5%AA%E8%8A%B1%E5%AE%B6%E7%B7%8F%E6%9C%AC%E5%BA%97%20%E6%9D%B1%E4%BA%AC%E9%83%BD%E6%B8%AF%E5%8C%BA%E9%BA%BB%E5%B8%83%E5%8D%81%E7%95%AA1-8-14,2018,スイーツ 百名店 TOKYO 2018,sweets_tokyo,
エムコイデ,東京都世田谷区奥沢6-32-9 ローズコート自由が丘 1Ｆ,食べログ スイーツ 百名店 TOKYO 2018 百名店 2018,https://tabelog.com/tokyo/A1303/A130302/13130756/,https://www.google.com/maps/search/?api=1&query=%E3%82%A8%E3%83%A0%E3%82%B3%E3%82%A4%E3%83%87%20%E6%9D%B1%E4%BA%AC%E9%83%BD%E4%B8%96%E7%94%B0%E8%B0%B7%E5%8C%BA%E5%A5%A5%E6%B2%A26-32-9%20%E3%83%AD%E3%83%BC%E3%82%BA%E3%82%B3%E3%83%BC%E3%83%88%E8%87%AA%E7%94%B1%E3%81%8C%E4%B8%98%201%EF%BC%A6,2018,スイーツ 百名店 TOKYO 2018,sweets_tokyo,
ホレンディッシェ・カカオシュトゥーベ 新宿伊勢丹店,東京都新宿区新宿3-14-1 伊勢丹新宿店 B1F,食べログ スイーツ 百名店 TOKYO 2018 百名店 2018,https://tabelog.com/tokyo/A1303/A130302/13097078/,https://www.google.com/maps/search/?api=1&query=%E3%83%9B%E3%83%AC%E3%83%B3%E3%83%87%E3%82%A3%E3%83%83%E3%82%B7%E3%82%A7%E3%83%BB%E3%82%AB%E3%82%AB%E3%82%AA%E3%82%B7%E3%83%A5%E3%83%88%E3%82%A5%E3%83%BC%E3%83%99%20%E6%96%B0%E5%AE%BF%E4%BC%8A%E5%8B%A2%E4%B8%B9%E5%BA%97%20%E6%9D%B1%E4%BA%AC%E9%83%BD%E6%96%B0%E5%AE%BF%E5%8C%BA%E6%96%B0%E5%AE%BF3-14-1%20%E4%BC%8A%E5%8B%A2%E4%B8%B9%E6%96%B0%E5%AE%BF%E5%BA%97%20B1F,2018,スイーツ 百名店 TOKYO 2018,sweets_tokyo,
コティ,東京都武蔵野市西久保2-25-15,食べログ スイーツ 百名店 TOKYO 2018 百名店 2018,https://tabelog.com/tokyo/A1303/A130302/13078859/,https://www.google.com/maps/search/?api=1&query=%E3%82%B3%E3%83%86%E3%82%A3%20%E6%9D%B1%E4%BA%AC%E9%83%BD%E6%AD%A6%E8%94%B5%E9%87%8E%E5%B8%82%E8%A5%BF%E4%B9%85%E4%BF%9D2-25-15,2018,スイーツ 百名店 TOKYO 2018,sweets_tokyo,
ミニマル 富ヶ谷本店,東京都渋谷区富ヶ谷2-1-9,食べログ スイーツ 百名店 TOKYO 2018 百名店 2018,https://tabelog.com/tokyo/A1303/A130302/13175834/,https://www.google.com/maps/search/?api=1&query=%E3%83%9F%E3%83%8B%E3%83%9E%E3%83%AB%20%E5%AF%8C%E3%83%B6%E8%B0%B7%E6%9C%AC%E5%BA%97%20%E6%9D%B1%E4%BA%AC%E9%83%BD%E6%B8%8B%E8%B0%B7%E5%8C%BA%E5%AF%8C%E3%83%B6%E8%B0%B72-1-9,2018,スイーツ 百名店 TOKYO 2018,sweets_tokyo,
うさぎや 中央通り店,東京都中央区日本橋1-3-8 ディアマントビル　1F,食べログ スイーツ 百名店 TOKYO 2018 百名店 2018,https://tabelog.com/tokyo/A1303/A130302/13041161/,https://www.google.com/maps/search/?api=1&query=%E3%81%86%E3%81%95%E3%81%8E%E3%82%84%20%E4%B8%AD%E5%A4%AE%E9%80%9A%E3%82%8A%E5%BA%97%20%E6%9D%B1%E4%BA%AC%E9%83%BD%E4%B8%AD%E5%A4%AE%E5%8C%BA%E6%97%A5%E6%9C%AC%E6%A9%8B1-3-8%20%E3%83%87%E3%82%A3%E3%82%A2%E3%83%9E%E3%83%B3%E3%83%88%E3%83%93%E3%83%AB%E3%80%801F,2018,スイーツ 百名店 TOKYO 2018,sweets_tokyo,
ロートンヌ 秋津本店,東京都東村山市秋津町5-13-4,食べログ スイーツ 百名店 TOKYO 2018 百名店 2018,https://tabelog.com/tokyo/A1303/A130302/13005967/,https://www.google.com/maps/search/?api=1&query=%E3%83%AD%E3%83%BC%E3%83%88%E3%83%B3%E3%83%8C%20%E7%A7%8B%E6%B4%A5%E6%9C%AC%E5%BA%97%20%E6%9D%B1%E4%BA%AC%E9%83%BD%E6%9D%B1%E6%9D%91%E5%B1%B1%E5%B8%82%E7%A7%8B%E6%B4%A5%E7%94%BA5-13-4,2018,スイーツ 百名店 TOKYO 2018,sweets_tokyo,
ショコラティエ・ミキ,東京都世田谷区南烏山4-9-11 第2アベニューハウス,食べログ スイーツ 百名店 TOKYO 2018 百名店 2018,https://tabelog.com/tokyo/A1303/A130302/13057310/,https://www.google.com/maps/search/?api=1&query=%E3%82%B7%E3%83%A7%E3%82%B3%E3%83%A9%E3%83%86%E3%82%A3%E3%82%A8%E3%83%BB%E3%83%9F%E3%82%AD%20%E6%9D%B1%E4%BA%AC%E9%83%BD%E4%B8%96%E7%94%B0%E8%B0%B7%E5%8C%BA%E5%8D%97%E7%83%8F%E5%B1%B14-9-11%20%E7%AC%AC2%E3%82%A2%E3%83%99%E3%83%8B%E3%83%A5%E3%83%BC%E3%83%8F%E3%82%A6%E3%82%B9,2018,スイーツ 百名店 TOKYO 2018,sweets_tokyo,
和栗や 谷中店,東京都台東区谷中3-9-14,食べログ スイーツ 百名店 TOKYO 2018 百名店 2018,https://tabelog.com/tokyo/A1303/A130302/13130539/,https://www.google.com/maps/search/?api=1&query=%E5%92%8C%E6%A0%97%E3%82%84%20%E8%B0%B7%E4%B8%AD%E5%BA%97%20%E6%9D%B1%E4%BA%AC%E9%83%BD%E5%8F%B0%E6%9D%B1%E5%8C%BA%E8%B0%B7%E4%B8%AD3-9-14,2018,スイーツ 百名店 TOKYO 2018,sweets_tokyo,
オーボンヴュータン 尾山台店,東京都世田谷区等々力2-1-3,食べログ スイーツ 百名店 TOKYO 2018 百名店 2018,https://tabelog.com/tokyo/A1303/A130302/13181654/,https://www.google.com/maps/search/?api=1&query=%E3%82%AA%E3%83%BC%E3%83%9C%E3%83%B3%E3%83%B4%E3%83%A5%E3%83%BC%E3%82%BF%E3%83%B3%20%E5%B0%BE%E5%B1%B1%E5%8F%B0%E5%BA%97%20%E6%9D%B1%E4%BA%AC%E9%83%BD%E4%B8%96%E7%94%B0%E8%B0%B7%E5%8C%BA%E7%AD%89%E3%80%85%E5%8A%9B2-1-3,2018,スイーツ 百名店 TOKYO 2018,sweets_tokyo,
アトリエコータ 神楽坂店,東京都新宿区神楽坂6-25,食べログ スイーツ 百名店 TOKYO 2018 百名店 2018,https://tabelog.com/tokyo/A1303/A130302/13136823/,https://www.google.com/maps/search/?api=1&query=%E3%82%A2%E3%83%88%E3%83%AA%E3%82%A8%E3%82%B3%E3%83%BC%E3%82%BF%20%E7%A5%9E%E6%A5%BD%E5%9D%82%E5%BA%97%20%E6%9D%B1%E4%BA%AC%E9%83%BD%E6%96%B0%E5%AE%BF%E5%8C%BA%E7%A5%9E%E6%A5%BD%E5%9D%826-25,2018,スイーツ 百名店 TOKYO 2018,sweets_tokyo,
浅草浪花家,東京都台東区浅草2-12-4,食べログ スイーツ 百名店 TOKYO 2018 百名店 2018,https://tabelog.com/tokyo/A1303/A130302/13120735/,https://www.google.com/maps/search/?api=1&query=%E6%B5%85%E8%8D%89%E6%B5%AA%E8%8A%B1%E5%AE%B6%20%E6%9D%B1%E4%BA%AC%E9%83%BD%E5%8F%B0%E6%9D%B1%E5%8C%BA%E6%B5%85%E8%8D%892-12-4,2018,スイーツ 百名店 TOKYO 2018,sweets_tokyo,
ピエール マルコリーニ グランスタ東京店,東京都千代田区丸の内1-9-1 東京駅 グランスタ B1F,食べログ スイーツ 百名店 TOKYO 2018 百名店 2018,https://tabelog.com/tokyo/A1303/A130302/13044107/,https://www.google.com/maps/search/?api=1&query=%E3%83%94%E3%82%A8%E3%83%BC%E3%83%AB%20%E3%83%9E%E3%83%AB%E3%82%B3%E3%83%AA%E3%83%BC%E3%83%8B%20%E3%82%B0%E3%83%A9%E3%83%B3%E3%82%B9%E3%82%BF%E6%9D%B1%E4%BA%AC%E5%BA%97%20%E6%9D%B1%E4%BA%AC%E9%83%BD%E5%8D%83%E4%BB%A3%E7%94%B0%E5%8C%BA%E4%B8%B8%E3%81%AE%E5%86%851-9-1%20%E6%9D%B1%E4%BA%AC%E9%A7%85%20%E3%82%B0%E3%83%A9%E3%83%B3%E3%82%B9%E3%82%BF%20B1F,2018,スイーツ 百名店 TOKYO 2018,sweets_tokyo,
和kitchen かんな,東京都世田谷区下馬2-43-11 2F,食べログ スイーツ 百名店 TOKYO 2018 百名店 2018,https://tabelog.com/tokyo/A1303/A130302/13156812/,https://www.google.com/maps/search/?api=1&query=%E5%92%8Ckitchen%20%E3%81%8B%E3%82%93%E3%81%AA%20%E6%9D%B1%E4%BA%AC%E9%83%BD%E4%B8%96%E7%94%B0%E8%B0%B7%E5%8C%BA%E4%B8%8B%E9%A6%AC2-43-11%202F,2018,スイーツ 百名店 TOKYO 2018,sweets_tokyo,
しもきた茶苑大山,東京都世田谷区北沢2-30-2 丸和センター ２Ｆ,食べログ スイーツ 百名店 TOKYO 2018 百名店 2018,https://tabelog.com/tokyo/A1303/A130302/13025597/,https://www.google.com/maps/search/?api=1&query=%E3%81%97%E3%82%82%E3%81%8D%E3%81%9F%E8%8C%B6%E8%8B%91%E5%A4%A7%E5%B1%B1%20%E6%9D%B1%E4%BA%AC%E9%83%BD%E4%B8%96%E7%94%B0%E8%B0%B7%E5%8C%BA%E5%8C%97%E6%B2%A22-30-2%20%E4%B8%B8%E5%92%8C%E3%82%BB%E3%83%B3%E3%82%BF%E3%83%BC%20%EF%BC%92%EF%BC%A6,2018,スイーツ 百名店 TOKYO 2018,sweets_tokyo,
ロートンヌ 中野店,東京都中野区江原町2-30-1,食べログ スイーツ 百名店 TOKYO 2018 百名店 2018,https://tabelog.com/tokyo/A1303/A130302/13118933/,https://www.google.com/maps/search/?api=1&query=%E3%83%AD%E3%83%BC%E3%83%88%E3%83%B3%E3%83%8C%20%E4%B8%AD%E9%87%8E%E5%BA%97%20%E6%9D%B1%E4%BA%AC%E9%83%BD%E4%B8%AD%E9%87%8E%E5%8C%BA%E6%B1%9F%E5%8E%9F%E7%94%BA2-30-1,2018,スイーツ 百名店 TOKYO 2018,sweets_tokyo,
パティスリー プレジール,東京都世田谷区代沢4-7-3,食べログ スイーツ 百名店 TOKYO 2018 百名店 2018,https://tabelog.com/tokyo/A1303/A130302/13045491/,https://www.google.com/maps/search/?api=1&query=%E3%83%91%E3%83%86%E3%82%A3%E3%82%B9%E3%83%AA%E3%83%BC%20%E3%83%97%E3%83%AC%E3%82%B8%E3%83%BC%E3%83%AB%20%E6%9D%B1%E4%BA%AC%E9%83%BD%E4%B8%96%E7%94%B0%E8%B0%B7%E5%8C%BA%E4%BB%A3%E6%B2%A24-7-3,2018,スイーツ 百名店 TOKYO 2018,sweets_tokyo,
フィオレンティーナ ペストリーブティック,東京都港区六本木6-10-3 グランド ハイアット 東京 1F ロビーフロア,食べログ スイーツ 百名店 TOKYO 2018 百名店 2018,https://tabelog.com/tokyo/A1303/A130302/13060521/,https://www.google.com/maps/search/?api=1&query=%E3%83%95%E3%82%A3%E3%82%AA%E3%83%AC%E3%83%B3%E3%83%86%E3%82%A3%E3%83%BC%E3%83%8A%20%E3%83%9A%E3%82%B9%E3%83%88%E3%83%AA%E3%83%BC%E3%83%96%E3%83%86%E3%82%A3%E3%83%83%E3%82%AF%20%E6%9D%B1%E4%BA%AC%E9%83%BD%E6%B8%AF%E5%8C%BA%E5%85%AD%E6%9C%AC%E6%9C%A86-10-3%20%E3%82%B0%E3%83%A9%E3%83%B3%E3%83%89%20%E3%83%8F%E3%82%A4%E3%82%A2%E3%83%83%E3%83%88%20%E6%9D%B1%E4%BA%AC%201F%20%E3%83%AD%E3%83%93%E3%83%BC%E3%83%95%E3%83%AD%E3%82%A2,2018,スイーツ 百名店 TOKYO 2018,sweets_tokyo,
松島屋,東京都港区高輪1-5-25,食べログ スイーツ 百名店 TOKYO 2018 百名店 2018,https://tabelog.com/tokyo/A1303/A130302/13007137/,https://www.google.com/maps/search/?api=1&query=%E6%9D%BE%E5%B3%B6%E5%B1%8B%20%E6%9D%B1%E4%BA%AC%E9%83%BD%E6%B8%AF%E5%8C%BA%E9%AB%98%E8%BC%AA1-5-25,2018,スイーツ 百名店 TOKYO 2018,sweets_tokyo,
ショコラティエ パレ ド オール 東京,東京都千代田区丸の内1-5-1 新丸の内ビルディング 1F,食べログ スイーツ 百名店 TOKYO 2018 百名店 2018,https://tabelog.com/tokyo/A1303/A130302/13038473/,https://www.google.com/maps/search/?api=1&query=%E3%82%B7%E3%83%A7%E3%82%B3%E3%83%A9%E3%83%86%E3%82%A3%E3%82%A8%20%E3%83%91%E3%83%AC%20%E3%83%89%20%E3%82%AA%E3%83%BC%E3%83%AB%20%E6%9D%B1%E4%BA%AC%20%E6%9D%B1%E4%BA%AC%E9%83%BD%E5%8D%83%E4%BB%A3%E7%94%B0%E5%8C%BA%E4%B8%B8%E3%81%AE%E5%86%851-5-1%20%E6%96%B0%E4%B8%B8%E3%81%AE%E5%86%85%E3%83%93%E3%83%AB%E3%83%87%E3%82%A3%E3%83%B3%E3%82%B0%201F,2018,スイーツ 百名店 TOKYO 2018,sweets_tokyo,
ルカフェデュボンボン,東京都渋谷区元代々木町9-2 水落ビル1階,食べログ スイーツ 百名店 TOKYO 2018 百名店 2018,https://tabelog.com/tokyo/A1303/A130302/13090623/,https://www.google.com/maps/search/?api=1&query=%E3%83%AB%E3%82%AB%E3%83%95%E3%82%A7%E3%83%87%E3%83%A5%E3%83%9C%E3%83%B3%E3%83%9C%E3%83%B3%20%E6%9D%B1%E4%BA%AC%E9%83%BD%E6%B8%8B%E8%B0%B7%E5%8C%BA%E5%85%83%E4%BB%A3%E3%80%85%E6%9C%A8%E7%94%BA9-2%20%E6%B0%B4%E8%90%BD%E3%83%93%E3%83%AB1%E9%9A%8E,2018,スイーツ 百名店 TOKYO 2018,sweets_tokyo,
ジェラテリア アクオリーナ,東京都目黒区五本木1-11-10,食べログ スイーツ 百名店 TOKYO 2018 百名店 2018,https://tabelog.com/tokyo/A1303/A130302/13141364/,https://www.google.com/maps/search/?api=1&query=%E3%82%B8%E3%82%A7%E3%83%A9%E3%83%86%E3%83%AA%E3%82%A2%20%E3%82%A2%E3%82%AF%E3%82%AA%E3%83%AA%E3%83%BC%E3%83%8A%20%E6%9D%B1%E4%BA%AC%E9%83%BD%E7%9B%AE%E9%BB%92%E5%8C%BA%E4%BA%94%E6%9C%AC%E6%9C%A81-11-10,2018,スイーツ 百名店 TOKYO 2018,sweets_tokyo,
一幸庵,東京都文京区小石川5-3-15,食べログ スイーツ 百名店 TOKYO 2018 百名店 2018,https://tabelog.com/tokyo/A1303/A130302/13005076/,https://www.google.com/maps/search/?api=1&query=%E4%B8%80%E5%B9%B8%E5%BA%B5%20%E6%9D%B1%E4%BA%AC%E9%83%BD%E6%96%87%E4%BA%AC%E5%8C%BA%E5%B0%8F%E7%9F%B3%E5%B7%9D5-3-15,2018,スイーツ 百名店 TOKYO 2018,sweets_tokyo,
フレデリック カッセル 銀座三越店,東京都中央区銀座4-6-16 銀座三越 B2F,食べログ スイーツ 百名店 TOKYO 2018 百名店 2018,https://tabelog.com/tokyo/A1303/A130302/13116839/,https://www.google.com/maps/search/?api=1&query=%E3%83%95%E3%83%AC%E3%83%87%E3%83%AA%E3%83%83%E3%82%AF%20%E3%82%AB%E3%83%83%E3%82%BB%E3%83%AB%20%E9%8A%80%E5%BA%A7%E4%B8%89%E8%B6%8A%E5%BA%97%20%E6%9D%B1%E4%BA%AC%E9%83%BD%E4%B8%AD%E5%A4%AE%E5%8C%BA%E9%8A%80%E5%BA%A74-6-16%20%E9%8A%80%E5%BA%A7%E4%B8%89%E8%B6%8A%20B2F,2018,スイーツ 百名店 TOKYO 2018,sweets_tokyo,
エシレ・メゾン デュ ブール,東京都千代田区丸の内2-6-1 丸の内ブリックスクエア 1F,食べログ スイーツ 百名店 TOKYO 2018 百名店 2018,https://tabelog.com/tokyo/A1303/A130302/13096439/,https://www.google.com/maps/search/?api=1&query=%E3%82%A8%E3%82%B7%E3%83%AC%E3%83%BB%E3%83%A1%E3%82%BE%E3%83%B3%20%E3%83%87%E3%83%A5%20%E3%83%96%E3%83%BC%E3%83%AB%20%E6%9D%B1%E4%BA%AC%E9%83%BD%E5%8D%83%E4%BB%A3%E7%94%B0%E5%8C%BA%E4%B8%B8%E3%81%AE%E5%86%852-6-1%20%E4%B8%B8%E3%81%AE%E5%86%85%E3%83%96%E3%83%AA%E3%83%83%E3%82%AF%E3%82%B9%E3%82%AF%E3%82%A8%E3%82%A2%201F,2018,スイーツ 百名店 TOKYO 2018,sweets_tokyo,
ラ･メゾン･デュ･ショコラ 丸の内店,東京都千代田区丸の内3-4-1 新国際ビル 1F,食べログ スイーツ 百名店 TOKYO 2018 百名店 2018,https://tabelog.com/tokyo/A1303/A130302/13000036/,https://www.google.com/maps/search/?api=1&query=%E3%83%A9%EF%BD%A5%E3%83%A1%E3%82%BE%E3%83%B3%EF%BD%A5%E3%83%87%E3%83%A5%EF%BD%A5%E3%82%B7%E3%83%A7%E3%82%B3%E3%83%A9%20%E4%B8%B8%E3%81%AE%E5%86%85%E5%BA%97%20%E6%9D%B1%E4%BA%AC%E9%83%BD%E5%8D%83%E4%BB%A3%E7%94%B0%E5%8C%BA%E4%B8%B8%E3%81%AE%E5%86%853-4-1%20%E6%96%B0%E5%9B%BD%E9%9A%9B%E3%83%93%E3%83%AB%201F,2018,スイーツ 百名店 TOKYO 2018,sweets_tokyo,
たいやき わかば,東京都新宿区若葉1-10 小沢ビル　１Ｆ,食べログ スイーツ 百名店 TOKYO 2018 百名店 2018,https://tabelog.com/tokyo/A1303/A130302/13000848/,https://www.google.com/maps/search/?api=1&query=%E3%81%9F%E3%81%84%E3%82%84%E3%81%8D%20%E3%82%8F%E3%81%8B%E3%81%B0%20%E6%9D%B1%E4%BA%AC%E9%83%BD%E6%96%B0%E5%AE%BF%E5%8C%BA%E8%8B%A5%E8%91%891-10%20%E5%B0%8F%E6%B2%A2%E3%83%93%E3%83%AB%E3%80%80%EF%BC%91%EF%BC%A6,2018,スイーツ 百名店 TOKYO 2018,sweets_tokyo,
うさぎや,東京都台東区上野1-10-10,食べログ スイーツ 百名店 TOKYO 2018 百名店 2018,https://tabelog.com/tokyo/A1303/A130302/13003599/,https://www.google.com/maps/search/?api=1&query=%E3%81%86%E3%81%95%E3%81%8E%E3%82%84%20%E6%9D%B1%E4%BA%AC%E9%83%BD%E5%8F%B0%E6%9D%B1%E5%8C%BA%E4%B8%8A%E9%87%8E1-10-10,2018,スイーツ 百名店 TOKYO 2018,sweets_tokyo,
黒松本舗 草月,東京都北区東十条2-15-16,食べログ スイーツ 百名店 TOKYO 2018 百名店 2018,https://tabelog.com/tokyo/A1303/A130302/13003793/,https://www.google.com/maps/search/?api=1&query=%E9%BB%92%E6%9D%BE%E6%9C%AC%E8%88%97%20%E8%8D%89%E6%9C%88%20%E6%9D%B1%E4%BA%AC%E9%83%BD%E5%8C%97%E5%8C%BA%E6%9D%B1%E5%8D%81%E6%9D%A12-15-16,2018,スイーツ 百名店 TOKYO 2018,sweets_tokyo,
アヴランシュ・ゲネー,東京都文京区本郷4-17-6 1F,食べログ スイーツ 百名店 TOKYO 2018 百名店 2018,https://tabelog.com/tokyo/A1303/A130302/13186450/,https://www.google.com/maps/search/?api=1&query=%E3%82%A2%E3%83%B4%E3%83%A9%E3%83%B3%E3%82%B7%E3%83%A5%E3%83%BB%E3%82%B2%E3%83%8D%E3%83%BC%20%E6%9D%B1%E4%BA%AC%E9%83%BD%E6%96%87%E4%BA%AC%E5%8C%BA%E6%9C%AC%E9%83%B74-17-6%201F,2018,スイーツ 百名店 TOKYO 2018,sweets_tokyo,
フルーツパーラーゴトー,東京都台東区浅草2-15-4,食べログ スイーツ 百名店 TOKYO 2018 百名店 2018,https://tabelog.com/tokyo/A1303/A130302/13095672/,https://www.google.com/maps/search/?api=1&query=%E3%83%95%E3%83%AB%E3%83%BC%E3%83%84%E3%83%91%E3%83%BC%E3%83%A9%E3%83%BC%E3%82%B4%E3%83%88%E3%83%BC%20%E6%9D%B1%E4%BA%AC%E9%83%BD%E5%8F%B0%E6%9D%B1%E5%8C%BA%E6%B5%85%E8%8D%892-15-4,2018,スイーツ 百名店 TOKYO 2018,sweets_tokyo,
リベルターブル 渋谷ヒカリエShinQs店,東京都渋谷区渋谷2-21-1 渋谷ヒカリエシンクス B2F,食べログ スイーツ 百名店 TOKYO 2018 百名店 2018,https://tabelog.com/tokyo/A1303/A130302/13173629/,https://www.google.com/maps/search/?api=1&query=%E3%83%AA%E3%83%99%E3%83%AB%E3%82%BF%E3%83%BC%E3%83%96%E3%83%AB%20%E6%B8%8B%E8%B0%B7%E3%83%92%E3%82%AB%E3%83%AA%E3%82%A8ShinQs%E5%BA%97%20%E6%9D%B1%E4%BA%AC%E9%83%BD%E6%B8%8B%E8%B0%B7%E5%8C%BA%E6%B8%8B%E8%B0%B72-21-1%20%E6%B8%8B%E8%B0%B7%E3%83%92%E3%82%AB%E3%83%AA%E3%82%A8%E3%82%B7%E3%83%B3%E3%82%AF%E3%82%B9%20B2F,2018,スイーツ 百名店 TOKYO 2018,sweets_tokyo,
パティスリー ユウ ササゲ,東京都世田谷区南烏山6-28-13,食べログ スイーツ 百名店 TOKYO 2018 百名店 2018,https://tabelog.com/tokyo/A1303/A130302/13155662/,https://www.google.com/maps/search/?api=1&query=%E3%83%91%E3%83%86%E3%82%A3%E3%82%B9%E3%83%AA%E3%83%BC%20%E3%83%A6%E3%82%A6%20%E3%82%B5%E3%82%B5%E3%82%B2%20%E6%9D%B1%E4%BA%AC%E9%83%BD%E4%B8%96%E7%94%B0%E8%B0%B7%E5%8C%BA%E5%8D%97%E7%83%8F%E5%B1%B16-28-13,2018,スイーツ 百名店 TOKYO 2018,sweets_tokyo,
パティスリー・サダハル・アオキ・パリ 丸の内店,東京都千代田区丸の内3-4-1 新国際ビル　１Ｆ,食べログ スイーツ 百名店 TOKYO 2018 百名店 2018,https://tabelog.com/tokyo/A1303/A130302/13018800/,https://www.google.com/maps/search/?api=1&query=%E3%83%91%E3%83%86%E3%82%A3%E3%82%B9%E3%83%AA%E3%83%BC%E3%83%BB%E3%82%B5%E3%83%80%E3%83%8F%E3%83%AB%E3%83%BB%E3%82%A2%E3%82%AA%E3%82%AD%E3%83%BB%E3%83%91%E3%83%AA%20%E4%B8%B8%E3%81%AE%E5%86%85%E5%BA%97%20%E6%9D%B1%E4%BA%AC%E9%83%BD%E5%8D%83%E4%BB%A3%E7%94%B0%E5%8C%BA%E4%B8%B8%E3%81%AE%E5%86%853-4-1%20%E6%96%B0%E5%9B%BD%E9%9A%9B%E3%83%93%E3%83%AB%E3%80%80%EF%BC%91%EF%BC%A6,2018,スイーツ 百名店 TOKYO 2018,sweets_tokyo,
PATISSERIE ASAKO IWAYANAGI,東京都世田谷区等々力4-4-5,食べログ スイーツ 百名店 TOKYO 2018 百名店 2018,https://tabelog.com/tokyo/A1303/A130302/13189509/,https://www.google.com/maps/search/?api=1&query=PATISSERIE%20ASAKO%20IWAYANAGI%20%E6%9D%B1%E4%BA%AC%E9%83%BD%E4%B8%96%E7%94%B0%E8%B0%B7%E5%8C%BA%E7%AD%89%E3%80%85%E5%8A%9B4-4-5,2018,スイーツ 百名店 TOKYO 2018,sweets_tokyo,
アステリスク,東京都渋谷区上原1-26-16 タマテクノビル 1F,食べログ スイーツ 百名店 TOKYO 2018 百名店 2018,https://tabelog.com/tokyo/A1303/A130302/13140735/,https://www.google.com/maps/search/?api=1&query=%E3%82%A2%E3%82%B9%E3%83%86%E3%83%AA%E3%82%B9%E3%82%AF%20%E6%9D%B1%E4%BA%AC%E9%83%BD%E6%B8%8B%E8%B0%B7%E5%8C%BA%E4%B8%8A%E5%8E%9F1-26-16%20%E3%82%BF%E3%83%9E%E3%83%86%E3%82%AF%E3%83%8E%E3%83%93%E3%83%AB%201F,2018,スイーツ 百名店 TOKYO 2018,sweets_tokyo,
洋菓子舗 茂右衛門,東京都国分寺市南町2-18-3 国分寺マンション B1F,食べログ スイーツ 百名店 TOKYO 2018 百名店 2018,https://tabelog.com/tokyo/A1303/A130302/13151471/,https://www.google.com/maps/search/?api=1&query=%E6%B4%8B%E8%8F%93%E5%AD%90%E8%88%97%20%E8%8C%82%E5%8F%B3%E8%A1%9B%E9%96%80%20%E6%9D%B1%E4%BA%AC%E9%83%BD%E5%9B%BD%E5%88%86%E5%AF%BA%E5%B8%82%E5%8D%97%E7%94%BA2-18-3%20%E5%9B%BD%E5%88%86%E5%AF%BA%E3%83%9E%E3%83%B3%E3%82%B7%E3%83%A7%E3%83%B3%20B1F,2018,スイーツ 百名店 TOKYO 2018,sweets_tokyo,
クリオロ 中目黒店,東京都目黒区上目黒1-23-1 中目黒アリーナ103,食べログ スイーツ 百名店 TOKYO 2018 百名店 2018,https://tabelog.com/tokyo/A1303/A130302/13077927/,https://www.google.com/maps/search/?api=1&query=%E3%82%AF%E3%83%AA%E3%82%AA%E3%83%AD%20%E4%B8%AD%E7%9B%AE%E9%BB%92%E5%BA%97%20%E6%9D%B1%E4%BA%AC%E9%83%BD%E7%9B%AE%E9%BB%92%E5%8C%BA%E4%B8%8A%E7%9B%AE%E9%BB%921-23-1%20%E4%B8%AD%E7%9B%AE%E9%BB%92%E3%82%A2%E3%83%AA%E3%83%BC%E3%83%8A103,2018,スイーツ 百名店 TOKYO 2018,sweets_tokyo,
御菓子処 さゝま,東京都千代田区神田神保町1-23,食べログ スイーツ 百名店 TOKYO 2018 百名店 2018,https://tabelog.com/tokyo/A1303/A130302/13000627/,https://www.google.com/maps/search/?api=1&query=%E5%BE%A1%E8%8F%93%E5%AD%90%E5%87%A6%20%E3%81%95%E3%82%9D%E3%81%BE%20%E6%9D%B1%E4%BA%AC%E9%83%BD%E5%8D%83%E4%BB%A3%E7%94%B0%E5%8C%BA%E7%A5%9E%E7%94%B0%E7%A5%9E%E4%BF%9D%E7%94%BA1-23,2018,スイーツ 百名店 TOKYO 2018,sweets_tokyo,
エスキス サンク,東京都中央区銀座5-2-1 東急プラザ銀座 4F,食べログ スイーツ 百名店 TOKYO 2018 百名店 2018,https://tabelog.com/tokyo/A1303/A130302/13193800/,https://www.google.com/maps/search/?api=1&query=%E3%82%A8%E3%82%B9%E3%82%AD%E3%82%B9%20%E3%82%B5%E3%83%B3%E3%82%AF%20%E6%9D%B1%E4%BA%AC%E9%83%BD%E4%B8%AD%E5%A4%AE%E5%8C%BA%E9%8A%80%E5%BA%A75-2-1%20%E6%9D%B1%E6%80%A5%E3%83%97%E3%83%A9%E3%82%B6%E9%8A%80%E5%BA%A7%204F,2018,スイーツ 百名店 TOKYO 2018,sweets_tokyo,
ジャン＝ポール・エヴァン 伊勢丹新宿本店,東京都新宿区新宿3-14-1 伊勢丹新宿店 B1F,食べログ スイーツ 百名店 TOKYO 2018 百名店 2018,https://tabelog.com/tokyo/A1303/A130302/13000854/,https://www.google.com/maps/search/?api=1&query=%E3%82%B8%E3%83%A3%E3%83%B3%EF%BC%9D%E3%83%9D%E3%83%BC%E3%83%AB%E3%83%BB%E3%82%A8%E3%83%B4%E3%82%A1%E3%83%B3%20%E4%BC%8A%E5%8B%A2%E4%B8%B9%E6%96%B0%E5%AE%BF%E6%9C%AC%E5%BA%97%20%E6%9D%B1%E4%BA%AC%E9%83%BD%E6%96%B0%E5%AE%BF%E5%8C%BA%E6%96%B0%E5%AE%BF3-14-1%20%E4%BC%8A%E5%8B%A2%E4%B8%B9%E6%96%B0%E5%AE%BF%E5%BA%97%20B1F,2018,スイーツ 百名店 TOKYO 2018,sweets_tokyo,
ノンナアンドシディショップ,東京都渋谷区恵比寿西2-10-6 大槻ビル 1F,食べログ スイーツ 百名店 TOKYO 2018 百名店 2018,https://tabelog.com/tokyo/A1303/A130302/13119959/,https://www.google.com/maps/search/?api=1&query=%E3%83%8E%E3%83%B3%E3%83%8A%E3%82%A2%E3%83%B3%E3%83%89%E3%82%B7%E3%83%87%E3%82%A3%E3%82%B7%E3%83%A7%E3%83%83%E3%83%97%20%E6%9D%B1%E4%BA%AC%E9%83%BD%E6%B8%8B%E8%B0%B7%E5%8C%BA%E6%81%B5%E6%AF%94%E5%AF%BF%E8%A5%BF2-10-6%20%E5%A4%A7%E6%A7%BB%E3%83%93%E3%83%AB%201F,2018,スイーツ 百名店 TOKYO 2018,sweets_tokyo,
ハリッツ 上原店,東京都渋谷区上原1-34-2,食べログ スイーツ 百名店 TOKYO 2018 百名店 2018,https://tabelog.com/tokyo/A1303/A130302/13023466/,https://www.google.com/maps/search/?api=1&query=%E3%83%8F%E3%83%AA%E3%83%83%E3%83%84%20%E4%B8%8A%E5%8E%9F%E5%BA%97%20%E6%9D%B1%E4%BA%AC%E9%83%BD%E6%B8%8B%E8%B0%B7%E5%8C%BA%E4%B8%8A%E5%8E%9F1-34-2,2018,スイーツ 百名店 TOKYO 2018,sweets_tokyo,
レ・カカオ 本店,東京都品川区東五反田2-19-2 第2東都ビル 1F,食べログ スイーツ 百名店 TOKYO 2018 百名店 2018,https://tabelog.com/tokyo/A1303/A130302/13203619/,https://www.google.com/maps/search/?api=1&query=%E3%83%AC%E3%83%BB%E3%82%AB%E3%82%AB%E3%82%AA%20%E6%9C%AC%E5%BA%97%20%E6%9D%B1%E4%BA%AC%E9%83%BD%E5%93%81%E5%B7%9D%E5%8C%BA%E6%9D%B1%E4%BA%94%E5%8F%8D%E7%94%B02-19-2%20%E7%AC%AC2%E6%9D%B1%E9%83%BD%E3%83%93%E3%83%AB%201F,2018,スイーツ 百名店 TOKYO 2018,sweets_tokyo,
パティスリー イル・プルー・シュル・ラ・セーヌ,東京都渋谷区猿楽町17-16 代官山フォーラム　２Ｆ,食べログ スイーツ 百名店 TOKYO 2018 百名店 2018,https://tabelog.com/tokyo/A1303/A130302/13001912/,https://www.google.com/maps/search/?api=1&query=%E3%83%91%E3%83%86%E3%82%A3%E3%82%B9%E3%83%AA%E3%83%BC%20%E3%82%A4%E3%83%AB%E3%83%BB%E3%83%97%E3%83%AB%E3%83%BC%E3%83%BB%E3%82%B7%E3%83%A5%E3%83%AB%E3%83%BB%E3%83%A9%E3%83%BB%E3%82%BB%E3%83%BC%E3%83%8C%20%E6%9D%B1%E4%BA%AC%E9%83%BD%E6%B8%8B%E8%B0%B7%E5%8C%BA%E7%8C%BF%E6%A5%BD%E7%94%BA17-16%20%E4%BB%A3%E5%AE%98%E5%B1%B1%E3%83%95%E3%82%A9%E3%83%BC%E3%83%A9%E3%83%A0%E3%80%80%EF%BC%92%EF%BC%A6,2018,スイーツ 百名店 TOKYO 2018,sweets_tokyo,
ケンズカフェ東京 総本店,東京都新宿区新宿1-23-3 御苑コーポビアネーズ 1F,食べログ スイーツ 百名店 TOKYO 2018 百名店 2018,https://tabelog.com/tokyo/A1303/A130302/13024643/,https://www.google.com/maps/search/?api=1&query=%E3%82%B1%E3%83%B3%E3%82%BA%E3%82%AB%E3%83%95%E3%82%A7%E6%9D%B1%E4%BA%AC%20%E7%B7%8F%E6%9C%AC%E5%BA%97%20%E6%9D%B1%E4%BA%AC%E9%83%BD%E6%96%B0%E5%AE%BF%E5%8C%BA%E6%96%B0%E5%AE%BF1-23-3%20%E5%BE%A1%E8%8B%91%E3%82%B3%E3%83%BC%E3%83%9D%E3%83%93%E3%82%A2%E3%83%8D%E3%83%BC%E3%82%BA%201F,2018,スイーツ 百名店 TOKYO 2018,sweets_tokyo,
甘味処 華樓,東京都練馬区東大泉5-41-6,食べログ スイーツ 百名店 TOKYO 2018 百名店 2018,https://tabelog.com/tokyo/A1303/A130302/13104017/,https://www.google.com/maps/search/?api=1&query=%E7%94%98%E5%91%B3%E5%87%A6%20%E8%8F%AF%E6%A8%93%20%E6%9D%B1%E4%BA%AC%E9%83%BD%E7%B7%B4%E9%A6%AC%E5%8C%BA%E6%9D%B1%E5%A4%A7%E6%B3%895-41-6,2018,スイーツ 百名店 TOKYO 2018,sweets_tokyo,
ひみつ堂,東京都台東区谷中3-11-18,食べログ スイーツ 百名店 TOKYO 2018 百名店 2018,https://tabelog.com/tokyo/A1303/A130302/13126796/,https://www.google.com/maps/search/?api=1&query=%E3%81%B2%E3%81%BF%E3%81%A4%E5%A0%82%20%E6%9D%B1%E4%BA%AC%E9%83%BD%E5%8F%B0%E6%9D%B1%E5%8C%BA%E8%B0%B7%E4%B8%AD3-11-18,2018,スイーツ 百名店 TOKYO 2018,sweets_tokyo,
廚 菓子 くろぎ,東京都文京区本郷7-3-1 東京大学本郷キャンパス 春日門 Daiwaユビキタス学術研究館 1F,食べログ スイーツ 百名店 TOKYO 2018 百名店 2018,https://tabelog.com/tokyo/A1303/A130302/13167993/,https://www.google.com/maps/search/?api=1&query=%E5%BB%9A%20%E8%8F%93%E5%AD%90%20%E3%81%8F%E3%82%8D%E3%81%8E%20%E6%9D%B1%E4%BA%AC%E9%83%BD%E6%96%87%E4%BA%AC%E5%8C%BA%E6%9C%AC%E9%83%B77-3-1%20%E6%9D%B1%E4%BA%AC%E5%A4%A7%E5%AD%A6%E6%9C%AC%E9%83%B7%E3%82%AD%E3%83%A3%E3%83%B3%E3%83%91%E3%82%B9%20%E6%98%A5%E6%97%A5%E9%96%80%20Daiwa%E3%83%A6%E3%83%93%E3%82%AD%E3%82%BF%E3%82%B9%E5%AD%A6%E8%A1%93%E7%A0%94%E7%A9%B6%E9%A4%A8%201F,2018,スイーツ 百名店 TOKYO 2018,sweets_tokyo,
紫野 和久傳 丸の内店 茶菓,東京都千代田区丸の内3-3-1 新東京ビル 1F,食べログ スイーツ 百名店 TOKYO 2018 百名店 2018,https://tabelog.com/tokyo/A1303/A130302/13162191/,https://www.google.com/maps/search/?api=1&query=%E7%B4%AB%E9%87%8E%20%E5%92%8C%E4%B9%85%E5%82%B3%20%E4%B8%B8%E3%81%AE%E5%86%85%E5%BA%97%20%E8%8C%B6%E8%8F%93%20%E6%9D%B1%E4%BA%AC%E9%83%BD%E5%8D%83%E4%BB%A3%E7%94%B0%E5%8C%BA%E4%B8%B8%E3%81%AE%E5%86%853-3-1%20%E6%96%B0%E6%9D%B1%E4%BA%AC%E3%83%93%E3%83%AB%201F,2018,スイーツ 百名店 TOKYO 2018,sweets_tokyo,
ちもと,東京都目黒区八雲1-4-6,食べログ スイーツ 百名店 TOKYO 2018 百名店 2018,https://tabelog.com/tokyo/A1303/A130302/13003218/,https://www.google.com/maps/search/?api=1&query=%E3%81%A1%E3%82%82%E3%81%A8%20%E6%9D%B1%E4%BA%AC%E9%83%BD%E7%9B%AE%E9%BB%92%E5%8C%BA%E5%85%AB%E9%9B%B21-4-6,2018,スイーツ 百名店 TOKYO 2018,sweets_tokyo,
ピエール・エルメ・パリ Aoyama,東京都渋谷区神宮前5-51-8 ラ・ポルト青山　1・2F,食べログ スイーツ 百名店 TOKYO 2018 百名店 2018,https://tabelog.com/tokyo/A1303/A130302/13014316/,https://www.google.com/maps/search/?api=1&query=%E3%83%94%E3%82%A8%E3%83%BC%E3%83%AB%E3%83%BB%E3%82%A8%E3%83%AB%E3%83%A1%E3%83%BB%E3%83%91%E3%83%AA%20Aoyama%20%E6%9D%B1%E4%BA%AC%E9%83%BD%E6%B8%8B%E8%B0%B7%E5%8C%BA%E7%A5%9E%E5%AE%AE%E5%89%8D5-51-8%20%E3%83%A9%E3%83%BB%E3%83%9D%E3%83%AB%E3%83%88%E9%9D%92%E5%B1%B1%E3%80%801%E3%83%BB2F,2018,スイーツ 百名店 TOKYO 2018,sweets_tokyo,
うさぎや,東京都杉並区阿佐谷北1-3-7,食べログ スイーツ 百名店 TOKYO 2018 百名店 2018,https://tabelog.com/tokyo/A1303/A130302/13000731/,https://www.google.com/maps/search/?api=1&query=%E3%81%86%E3%81%95%E3%81%8E%E3%82%84%20%E6%9D%B1%E4%BA%AC%E9%83%BD%E6%9D%89%E4%B8%A6%E5%8C%BA%E9%98%BF%E4%BD%90%E8%B0%B7%E5%8C%971-3-7,2018,スイーツ 百名店 TOKYO 2018,sweets_tokyo,
Toshi Yoroizuka Mid Town,東京都港区赤坂9-7-2 東京ミッドタウン･イースト 1F,食べログ スイーツ 百名店 TOKYO 2018 百名店 2018,https://tabelog.com/tokyo/A1303/A130302/13037382/,https://www.google.com/maps/search/?api=1&query=Toshi%20Yoroizuka%20Mid%20Town%20%E6%9D%B1%E4%BA%AC%E9%83%BD%E6%B8%AF%E5%8C%BA%E8%B5%A4%E5%9D%829-7-2%20%E6%9D%B1%E4%BA%AC%E3%83%9F%E3%83%83%E3%83%89%E3%82%BF%E3%82%A6%E3%83%B3%EF%BD%A5%E3%82%A4%E3%83%BC%E3%82%B9%E3%83%88%201F,2018,スイーツ 百名店 TOKYO 2018,sweets_tokyo,
クリオロ 本店,東京都板橋区向原3-9-2 サントスビル 1F,食べログ スイーツ 百名店 TOKYO 2018 百名店 2018,https://tabelog.com/tokyo/A1303/A130302/13194959/,https://www.google.com/maps/search/?api=1&query=%E3%82%AF%E3%83%AA%E3%82%AA%E3%83%AD%20%E6%9C%AC%E5%BA%97%20%E6%9D%B1%E4%BA%AC%E9%83%BD%E6%9D%BF%E6%A9%8B%E5%8C%BA%E5%90%91%E5%8E%9F3-9-2%20%E3%82%B5%E3%83%B3%E3%83%88%E3%82%B9%E3%83%93%E3%83%AB%201F,2018,スイーツ 百名店 TOKYO 2018,sweets_tokyo,
カフェ ラインベック,京都府京都市上京区大宮通中立売上ル石薬師町692,食べログ スイーツ 百名店 WEST 2018 百名店 2018,https://tabelog.com/tokyo/A1303/A130302/26014941/,https://www.google.com/maps/search/?api=1&query=%E3%82%AB%E3%83%95%E3%82%A7%20%E3%83%A9%E3%82%A4%E3%83%B3%E3%83%99%E3%83%83%E3%82%AF%20%E4%BA%AC%E9%83%BD%E5%BA%9C%E4%BA%AC%E9%83%BD%E5%B8%82%E4%B8%8A%E4%BA%AC%E5%8C%BA%E5%A4%A7%E5%AE%AE%E9%80%9A%E4%B8%AD%E7%AB%8B%E5%A3%B2%E4%B8%8A%E3%83%AB%E7%9F%B3%E8%96%AC%E5%B8%AB%E7%94%BA692,2018,スイーツ 百名店 WEST 2018,sweets_west,
オ・グルニエ・ドール,京都府京都市中京区堺町通錦小路上ル527-1,食べログ スイーツ 百名店 WEST 2018 百名店 2018,https://tabelog.com/tokyo/A1303/A130302/26000471/,https://www.google.com/maps/search/?api=1&query=%E3%82%AA%E3%83%BB%E3%82%B0%E3%83%AB%E3%83%8B%E3%82%A8%E3%83%BB%E3%83%89%E3%83%BC%E3%83%AB%20%E4%BA%AC%E9%83%BD%E5%BA%9C%E4%BA%AC%E9%83%BD%E5%B8%82%E4%B8%AD%E4%BA%AC%E5%8C%BA%E5%A0%BA%E7%94%BA%E9%80%9A%E9%8C%A6%E5%B0%8F%E8%B7%AF%E4%B8%8A%E3%83%AB527-1,2018,スイーツ 百名店 WEST 2018,sweets_west,
本家月餅家直正,京都府京都市中京区木屋町通三条上ル上大阪町530,食べログ スイーツ 百名店 WEST 2018 百名店 2018,https://tabelog.com/tokyo/A1303/A130302/26002393/,https://www.google.com/maps/search/?api=1&query=%E6%9C%AC%E5%AE%B6%E6%9C%88%E9%A4%85%E5%AE%B6%E7%9B%B4%E6%AD%A3%20%E4%BA%AC%E9%83%BD%E5%BA%9C%E4%BA%AC%E9%83%BD%E5%B8%82%E4%B8%AD%E4%BA%AC%E5%8C%BA%E6%9C%A8%E5%B1%8B%E7%94%BA%E9%80%9A%E4%B8%89%E6%9D%A1%E4%B8%8A%E3%83%AB%E4%B8%8A%E5%A4%A7%E9%98%AA%E7%94%BA530,2018,スイーツ 百名店 WEST 2018,sweets_west,
麩嘉 府庁前本店,京都府京都市上京区西洞院堪木町上ル東裏辻町413,食べログ スイーツ 百名店 WEST 2018 百名店 2018,https://tabelog.com/tokyo/A1303/A130302/26001531/,https://www.google.com/maps/search/?api=1&query=%E9%BA%A9%E5%98%89%20%E5%BA%9C%E5%BA%81%E5%89%8D%E6%9C%AC%E5%BA%97%20%E4%BA%AC%E9%83%BD%E5%BA%9C%E4%BA%AC%E9%83%BD%E5%B8%82%E4%B8%8A%E4%BA%AC%E5%8C%BA%E8%A5%BF%E6%B4%9E%E9%99%A2%E5%A0%AA%E6%9C%A8%E7%94%BA%E4%B8%8A%E3%83%AB%E6%9D%B1%E8%A3%8F%E8%BE%BB%E7%94%BA413,2018,スイーツ 百名店 WEST 2018,sweets_west,
アシッドラシーヌ,大阪府大阪市中央区内平野町1-4-6 ヴィヴァーチェ 大手前 1F,食べログ スイーツ 百名店 WEST 2018 百名店 2018,https://tabelog.com/tokyo/A1303/A130302/27071315/,https://www.google.com/maps/search/?api=1&query=%E3%82%A2%E3%82%B7%E3%83%83%E3%83%89%E3%83%A9%E3%82%B7%E3%83%BC%E3%83%8C%20%E5%A4%A7%E9%98%AA%E5%BA%9C%E5%A4%A7%E9%98%AA%E5%B8%82%E4%B8%AD%E5%A4%AE%E5%8C%BA%E5%86%85%E5%B9%B3%E9%87%8E%E7%94%BA1-4-6%20%E3%83%B4%E3%82%A3%E3%83%B4%E3%82%A1%E3%83%BC%E3%83%81%E3%82%A7%20%E5%A4%A7%E6%89%8B%E5%89%8D%201F,2018,スイーツ 百名店 WEST 2018,sweets_west,
御菓子司 塩芳軒,京都府京都市上京区黒門通中立売上ル飛騨殿町180,食べログ スイーツ 百名店 WEST 2018 百名店 2018,https://tabelog.com/tokyo/A1303/A130302/26005963/,https://www.google.com/maps/search/?api=1&query=%E5%BE%A1%E8%8F%93%E5%AD%90%E5%8F%B8%20%E5%A1%A9%E8%8A%B3%E8%BB%92%20%E4%BA%AC%E9%83%BD%E5%BA%9C%E4%BA%AC%E9%83%BD%E5%B8%82%E4%B8%8A%E4%BA%AC%E5%8C%BA%E9%BB%92%E9%96%80%E9%80%9A%E4%B8%AD%E7%AB%8B%E5%A3%B2%E4%B8%8A%E3%83%AB%E9%A3%9B%E9%A8%A8%E6%AE%BF%E7%94%BA180,2018,スイーツ 百名店 WEST 2018,sweets_west,
サロン・ド・テ オ・グルニエ・ドール,京都府京都市中京区堺町通錦小路上ル菊屋町519-1,食べログ スイーツ 百名店 WEST 2018 百名店 2018,https://tabelog.com/tokyo/A1303/A130302/26007072/,https://www.google.com/maps/search/?api=1&query=%E3%82%B5%E3%83%AD%E3%83%B3%E3%83%BB%E3%83%89%E3%83%BB%E3%83%86%20%E3%82%AA%E3%83%BB%E3%82%B0%E3%83%AB%E3%83%8B%E3%82%A8%E3%83%BB%E3%83%89%E3%83%BC%E3%83%AB%20%E4%BA%AC%E9%83%BD%E5%BA%9C%E4%BA%AC%E9%83%BD%E5%B8%82%E4%B8%AD%E4%BA%AC%E5%8C%BA%E5%A0%BA%E7%94%BA%E9%80%9A%E9%8C%A6%E5%B0%8F%E8%B7%AF%E4%B8%8A%E3%83%AB%E8%8F%8A%E5%B1%8B%E7%94%BA519-1,2018,スイーツ 百名店 WEST 2018,sweets_west,
アッサンブラージュ カキモト,京都府京都市中京区竹屋町通寺町西入ル松本町587-5,食べログ スイーツ 百名店 WEST 2018 百名店 2018,https://tabelog.com/tokyo/A1303/A130302/26027283/,https://www.google.com/maps/search/?api=1&query=%E3%82%A2%E3%83%83%E3%82%B5%E3%83%B3%E3%83%96%E3%83%A9%E3%83%BC%E3%82%B8%E3%83%A5%20%E3%82%AB%E3%82%AD%E3%83%A2%E3%83%88%20%E4%BA%AC%E9%83%BD%E5%BA%9C%E4%BA%AC%E9%83%BD%E5%B8%82%E4%B8%AD%E4%BA%AC%E5%8C%BA%E7%AB%B9%E5%B1%8B%E7%94%BA%E9%80%9A%E5%AF%BA%E7%94%BA%E8%A5%BF%E5%85%A5%E3%83%AB%E6%9D%BE%E6%9C%AC%E7%94%BA587-5,2018,スイーツ 百名店 WEST 2018,sweets_west,
ツマガリ 甲陽園本店,兵庫県西宮市甲陽園本庄町6-38,食べログ スイーツ 百名店 WEST 2018 百名店 2018,https://tabelog.com/tokyo/A1303/A130302/28001357/,https://www.google.com/maps/search/?api=1&query=%E3%83%84%E3%83%9E%E3%82%AC%E3%83%AA%20%E7%94%B2%E9%99%BD%E5%9C%92%E6%9C%AC%E5%BA%97%20%E5%85%B5%E5%BA%AB%E7%9C%8C%E8%A5%BF%E5%AE%AE%E5%B8%82%E7%94%B2%E9%99%BD%E5%9C%92%E6%9C%AC%E5%BA%84%E7%94%BA6-38,2018,スイーツ 百名店 WEST 2018,sweets_west,
ひつじ,京都府京都市中京区大炊町355-1,食べログ スイーツ 百名店 WEST 2018 百名店 2018,https://tabelog.com/tokyo/A1303/A130302/26018786/,https://www.google.com/maps/search/?api=1&query=%E3%81%B2%E3%81%A4%E3%81%98%20%E4%BA%AC%E9%83%BD%E5%BA%9C%E4%BA%AC%E9%83%BD%E5%B8%82%E4%B8%AD%E4%BA%AC%E5%8C%BA%E5%A4%A7%E7%82%8A%E7%94%BA355-1,2018,スイーツ 百名店 WEST 2018,sweets_west,
パテイスリー ケイ アシカリ,大分県大分市猪野21-38,食べログ スイーツ 百名店 WEST 2018 百名店 2018,https://tabelog.com/tokyo/A1303/A130302/44006199/,https://www.google.com/maps/search/?api=1&query=%E3%83%91%E3%83%86%E3%82%A4%E3%82%B9%E3%83%AA%E3%83%BC%20%E3%82%B1%E3%82%A4%20%E3%82%A2%E3%82%B7%E3%82%AB%E3%83%AA%20%E5%A4%A7%E5%88%86%E7%9C%8C%E5%A4%A7%E5%88%86%E5%B8%82%E7%8C%AA%E9%87%8E21-38,2018,スイーツ 百名店 WEST 2018,sweets_west,
なかたに亭,大阪府大阪市天王寺区上本町6-6-27 中川ビル 1F,食べログ スイーツ 百名店 WEST 2018 百名店 2018,https://tabelog.com/tokyo/A1303/A130302/27000953/,https://www.google.com/maps/search/?api=1&query=%E3%81%AA%E3%81%8B%E3%81%9F%E3%81%AB%E4%BA%AD%20%E5%A4%A7%E9%98%AA%E5%BA%9C%E5%A4%A7%E9%98%AA%E5%B8%82%E5%A4%A9%E7%8E%8B%E5%AF%BA%E5%8C%BA%E4%B8%8A%E6%9C%AC%E7%94%BA6-6-27%20%E4%B8%AD%E5%B7%9D%E3%83%93%E3%83%AB%201F,2018,スイーツ 百名店 WEST 2018,sweets_west,
ラヴニュー,兵庫県神戸市中央区山本通3-7-3 ユートピア・トーア1F,食べログ スイーツ 百名店 WEST 2018 百名店 2018,https://tabelog.com/tokyo/A1303/A130302/28033447/,https://www.google.com/maps/search/?api=1&query=%E3%83%A9%E3%83%B4%E3%83%8B%E3%83%A5%E3%83%BC%20%E5%85%B5%E5%BA%AB%E7%9C%8C%E7%A5%9E%E6%88%B8%E5%B8%82%E4%B8%AD%E5%A4%AE%E5%8C%BA%E5%B1%B1%E6%9C%AC%E9%80%9A3-7-3%20%E3%83%A6%E3%83%BC%E3%83%88%E3%83%94%E3%82%A2%E3%83%BB%E3%83%88%E3%83%BC%E3%82%A21F,2018,スイーツ 百名店 WEST 2018,sweets_west,
粟餅所・澤屋,京都府京都市上京区北野天満宮前西入紙屋川町838-7,食べログ スイーツ 百名店 WEST 2018 百名店 2018,https://tabelog.com/tokyo/A1303/A130302/26001539/,https://www.google.com/maps/search/?api=1&query=%E7%B2%9F%E9%A4%85%E6%89%80%E3%83%BB%E6%BE%A4%E5%B1%8B%20%E4%BA%AC%E9%83%BD%E5%BA%9C%E4%BA%AC%E9%83%BD%E5%B8%82%E4%B8%8A%E4%BA%AC%E5%8C%BA%E5%8C%97%E9%87%8E%E5%A4%A9%E6%BA%80%E5%AE%AE%E5%89%8D%E8%A5%BF%E5%85%A5%E7%B4%99%E5%B1%8B%E5%B7%9D%E7%94%BA838-7,2018,スイーツ 百名店 WEST 2018,sweets_west,
かしや,京都府京都市左京区吉永町270-3,食べログ スイーツ 百名店 WEST 2018 百名店 2018,https://tabelog.com/tokyo/A1303/A130302/26024343/,https://www.google.com/maps/search/?api=1&query=%E3%81%8B%E3%81%97%E3%82%84%20%E4%BA%AC%E9%83%BD%E5%BA%9C%E4%BA%AC%E9%83%BD%E5%B8%82%E5%B7%A6%E4%BA%AC%E5%8C%BA%E5%90%89%E6%B0%B8%E7%94%BA270-3,2018,スイーツ 百名店 WEST 2018,sweets_west,
紫野和久傳 堺町店,京都府京都市中京区堺町通御池下ル丸木材木町679,食べログ スイーツ 百名店 WEST 2018 百名店 2018,https://tabelog.com/tokyo/A1303/A130302/26001888/,https://www.google.com/maps/search/?api=1&query=%E7%B4%AB%E9%87%8E%E5%92%8C%E4%B9%85%E5%82%B3%20%E5%A0%BA%E7%94%BA%E5%BA%97%20%E4%BA%AC%E9%83%BD%E5%BA%9C%E4%BA%AC%E9%83%BD%E5%B8%82%E4%B8%AD%E4%BA%AC%E5%8C%BA%E5%A0%BA%E7%94%BA%E9%80%9A%E5%BE%A1%E6%B1%A0%E4%B8%8B%E3%83%AB%E4%B8%B8%E6%9C%A8%E6%9D%90%E6%9C%A8%E7%94%BA679,2018,スイーツ 百名店 WEST 2018,sweets_west,
パティスリー プラン,兵庫県芦屋市茶屋之町3-3 1F,食べログ スイーツ 百名店 WEST 2018 百名店 2018,https://tabelog.com/tokyo/A1303/A130302/28005628/,https://www.google.com/maps/search/?api=1&query=%E3%83%91%E3%83%86%E3%82%A3%E3%82%B9%E3%83%AA%E3%83%BC%20%E3%83%97%E3%83%A9%E3%83%B3%20%E5%85%B5%E5%BA%AB%E7%9C%8C%E8%8A%A6%E5%B1%8B%E5%B8%82%E8%8C%B6%E5%B1%8B%E4%B9%8B%E7%94%BA3-3%201F,2018,スイーツ 百名店 WEST 2018,sweets_west,
洛叉庵,京都府京都市北区紫竹下芝本町22,食べログ スイーツ 百名店 WEST 2018 百名店 2018,https://tabelog.com/tokyo/A1303/A130302/26012788/,https://www.google.com/maps/search/?api=1&query=%E6%B4%9B%E5%8F%89%E5%BA%B5%20%E4%BA%AC%E9%83%BD%E5%BA%9C%E4%BA%AC%E9%83%BD%E5%B8%82%E5%8C%97%E5%8C%BA%E7%B4%AB%E7%AB%B9%E4%B8%8B%E8%8A%9D%E6%9C%AC%E7%94%BA22,2018,スイーツ 百名店 WEST 2018,sweets_west,
エシレ・マルシェ オ ブール,大阪府大阪市北区角田町8-7 阪急うめだ本店 B2F,食べログ スイーツ 百名店 WEST 2018 百名店 2018,https://tabelog.com/tokyo/A1303/A130302/27068734/,https://www.google.com/maps/search/?api=1&query=%E3%82%A8%E3%82%B7%E3%83%AC%E3%83%BB%E3%83%9E%E3%83%AB%E3%82%B7%E3%82%A7%20%E3%82%AA%20%E3%83%96%E3%83%BC%E3%83%AB%20%E5%A4%A7%E9%98%AA%E5%BA%9C%E5%A4%A7%E9%98%AA%E5%B8%82%E5%8C%97%E5%8C%BA%E8%A7%92%E7%94%B0%E7%94%BA8-7%20%E9%98%AA%E6%80%A5%E3%81%86%E3%82%81%E3%81%A0%E6%9C%AC%E5%BA%97%20B2F,2018,スイーツ 百名店 WEST 2018,sweets_west,
ジェラテリア チルコドーロ,大阪府大阪市中央区谷町7丁目3-4 新谷町第三ビル114,食べログ スイーツ 百名店 WEST 2018 百名店 2018,https://tabelog.com/tokyo/A1303/A130302/27009531/,https://www.google.com/maps/search/?api=1&query=%E3%82%B8%E3%82%A7%E3%83%A9%E3%83%86%E3%83%AA%E3%82%A2%20%E3%83%81%E3%83%AB%E3%82%B3%E3%83%89%E3%83%BC%E3%83%AD%20%E5%A4%A7%E9%98%AA%E5%BA%9C%E5%A4%A7%E9%98%AA%E5%B8%82%E4%B8%AD%E5%A4%AE%E5%8C%BA%E8%B0%B7%E7%94%BA7%E4%B8%81%E7%9B%AE3-4%20%E6%96%B0%E8%B0%B7%E7%94%BA%E7%AC%AC%E4%B8%89%E3%83%93%E3%83%AB114,2018,スイーツ 百名店 WEST 2018,sweets_west,
餅匠しづく 新町店,大阪府大阪市西区新町1-17-17 新町ハウス 1F,食べログ スイーツ 百名店 WEST 2018 百名店 2018,https://tabelog.com/tokyo/A1303/A130302/27024632/,https://www.google.com/maps/search/?api=1&query=%E9%A4%85%E5%8C%A0%E3%81%97%E3%81%A5%E3%81%8F%20%E6%96%B0%E7%94%BA%E5%BA%97%20%E5%A4%A7%E9%98%AA%E5%BA%9C%E5%A4%A7%E9%98%AA%E5%B8%82%E8%A5%BF%E5%8C%BA%E6%96%B0%E7%94%BA1-17-17%20%E6%96%B0%E7%94%BA%E3%83%8F%E3%82%A6%E3%82%B9%201F,2018,スイーツ 百名店 WEST 2018,sweets_west,
クラブハリエ 近江八幡日牟禮ヴィレッジ,滋賀県近江八幡市宮内町246 近江八幡日牟禮ヴィレッジ,食べログ スイーツ 百名店 WEST 2018 百名店 2018,https://tabelog.com/tokyo/A1303/A130302/25000003/,https://www.google.com/maps/search/?api=1&query=%E3%82%AF%E3%83%A9%E3%83%96%E3%83%8F%E3%83%AA%E3%82%A8%20%E8%BF%91%E6%B1%9F%E5%85%AB%E5%B9%A1%E6%97%A5%E7%89%9F%E7%A6%AE%E3%83%B4%E3%82%A3%E3%83%AC%E3%83%83%E3%82%B8%20%E6%BB%8B%E8%B3%80%E7%9C%8C%E8%BF%91%E6%B1%9F%E5%85%AB%E5%B9%A1%E5%B8%82%E5%AE%AE%E5%86%85%E7%94%BA246%20%E8%BF%91%E6%B1%9F%E5%85%AB%E5%B9%A1%E6%97%A5%E7%89%9F%E7%A6%AE%E3%83%B4%E3%82%A3%E3%83%AC%E3%83%83%E3%82%B8,2018,スイーツ 百名店 WEST 2018,sweets_west,
ほうせき箱,奈良県奈良市餅飯殿町12 夢CUBE,食べログ スイーツ 百名店 WEST 2018 百名店 2018,https://tabelog.com/tokyo/A1303/A130302/29009247/,https://www.google.com/maps/search/?api=1&query=%E3%81%BB%E3%81%86%E3%81%9B%E3%81%8D%E7%AE%B1%20%E5%A5%88%E8%89%AF%E7%9C%8C%E5%A5%88%E8%89%AF%E5%B8%82%E9%A4%85%E9%A3%AF%E6%AE%BF%E7%94%BA12%20%E5%A4%A2CUBE,2018,スイーツ 百名店 WEST 2018,sweets_west,
クレープリー・アルション,大阪府大阪市中央区難波1-4-18,食べログ スイーツ 百名店 WEST 2018 百名店 2018,https://tabelog.com/tokyo/A1303/A130302/27003897/,https://www.google.com/maps/search/?api=1&query=%E3%82%AF%E3%83%AC%E3%83%BC%E3%83%97%E3%83%AA%E3%83%BC%E3%83%BB%E3%82%A2%E3%83%AB%E3%82%B7%E3%83%A7%E3%83%B3%20%E5%A4%A7%E9%98%AA%E5%BA%9C%E5%A4%A7%E9%98%AA%E5%B8%82%E4%B8%AD%E5%A4%AE%E5%8C%BA%E9%9B%A3%E6%B3%A21-4-18,2018,スイーツ 百名店 WEST 2018,sweets_west,
ラ・メゾン・デュ・ショコラ 梅田阪急店,大阪府大阪市北区角田町8-7 阪急うめだ本店 B1F,食べログ スイーツ 百名店 WEST 2018 百名店 2018,https://tabelog.com/tokyo/A1303/A130302/27068656/,https://www.google.com/maps/search/?api=1&query=%E3%83%A9%E3%83%BB%E3%83%A1%E3%82%BE%E3%83%B3%E3%83%BB%E3%83%87%E3%83%A5%E3%83%BB%E3%82%B7%E3%83%A7%E3%82%B3%E3%83%A9%20%E6%A2%85%E7%94%B0%E9%98%AA%E6%80%A5%E5%BA%97%20%E5%A4%A7%E9%98%AA%E5%BA%9C%E5%A4%A7%E9%98%AA%E5%B8%82%E5%8C%97%E5%8C%BA%E8%A7%92%E7%94%B0%E7%94%BA8-7%20%E9%98%AA%E6%80%A5%E3%81%86%E3%82%81%E3%81%A0%E6%9C%AC%E5%BA%97%20B1F,2018,スイーツ 百名店 WEST 2018,sweets_west,
ラ コリーナ近江八幡,滋賀県近江八幡市北之庄町615-1,食べログ スイーツ 百名店 WEST 2018 百名店 2018,https://tabelog.com/tokyo/A1303/A130302/25007466/,https://www.google.com/maps/search/?api=1&query=%E3%83%A9%20%E3%82%B3%E3%83%AA%E3%83%BC%E3%83%8A%E8%BF%91%E6%B1%9F%E5%85%AB%E5%B9%A1%20%E6%BB%8B%E8%B3%80%E7%9C%8C%E8%BF%91%E6%B1%9F%E5%85%AB%E5%B9%A1%E5%B8%82%E5%8C%97%E4%B9%8B%E5%BA%84%E7%94%BA615-1,2018,スイーツ 百名店 WEST 2018,sweets_west,
嘯月,京都府京都市北区紫野上柳町6,食べログ スイーツ 百名店 WEST 2018 百名店 2018,https://tabelog.com/tokyo/A1303/A130302/26001672/,https://www.google.com/maps/search/?api=1&query=%E5%98%AF%E6%9C%88%20%E4%BA%AC%E9%83%BD%E5%BA%9C%E4%BA%AC%E9%83%BD%E5%B8%82%E5%8C%97%E5%8C%BA%E7%B4%AB%E9%87%8E%E4%B8%8A%E6%9F%B3%E7%94%BA6,2018,スイーツ 百名店 WEST 2018,sweets_west,
チョコレートショップ 本店,福岡県福岡市博多区綱場町3-17,食べログ スイーツ 百名店 WEST 2018 百名店 2018,https://tabelog.com/tokyo/A1303/A130302/40000666/,https://www.google.com/maps/search/?api=1&query=%E3%83%81%E3%83%A7%E3%82%B3%E3%83%AC%E3%83%BC%E3%83%88%E3%82%B7%E3%83%A7%E3%83%83%E3%83%97%20%E6%9C%AC%E5%BA%97%20%E7%A6%8F%E5%B2%A1%E7%9C%8C%E7%A6%8F%E5%B2%A1%E5%B8%82%E5%8D%9A%E5%A4%9A%E5%8C%BA%E7%B6%B1%E5%A0%B4%E7%94%BA3-17,2018,スイーツ 百名店 WEST 2018,sweets_west,
川端道喜,京都府京都市左京区下鴨南野々神町2-12,食べログ スイーツ 百名店 WEST 2018 百名店 2018,https://tabelog.com/tokyo/A1303/A130302/26001766/,https://www.google.com/maps/search/?api=1&query=%E5%B7%9D%E7%AB%AF%E9%81%93%E5%96%9C%20%E4%BA%AC%E9%83%BD%E5%BA%9C%E4%BA%AC%E9%83%BD%E5%B8%82%E5%B7%A6%E4%BA%AC%E5%8C%BA%E4%B8%8B%E9%B4%A8%E5%8D%97%E9%87%8E%E3%80%85%E7%A5%9E%E7%94%BA2-12,2018,スイーツ 百名店 WEST 2018,sweets_west,
パティスリー モンプリュ 本店,兵庫県神戸市中央区海岸通3-1-17,食べログ スイーツ 百名店 WEST 2018 百名店 2018,https://tabelog.com/tokyo/A1303/A130302/28002315/,https://www.google.com/maps/search/?api=1&query=%E3%83%91%E3%83%86%E3%82%A3%E3%82%B9%E3%83%AA%E3%83%BC%20%E3%83%A2%E3%83%B3%E3%83%97%E3%83%AA%E3%83%A5%20%E6%9C%AC%E5%BA%97%20%E5%85%B5%E5%BA%AB%E7%9C%8C%E7%A5%9E%E6%88%B8%E5%B8%82%E4%B8%AD%E5%A4%AE%E5%8C%BA%E6%B5%B7%E5%B2%B8%E9%80%9A3-1-17,2018,スイーツ 百名店 WEST 2018,sweets_west,
パティスリー タンドレス,京都府京都市左京区一乗寺花ノ木町21-3,食べログ スイーツ 百名店 WEST 2018 百名店 2018,https://tabelog.com/tokyo/A1303/A130302/26003706/,https://www.google.com/maps/search/?api=1&query=%E3%83%91%E3%83%86%E3%82%A3%E3%82%B9%E3%83%AA%E3%83%BC%20%E3%82%BF%E3%83%B3%E3%83%89%E3%83%AC%E3%82%B9%20%E4%BA%AC%E9%83%BD%E5%BA%9C%E4%BA%AC%E9%83%BD%E5%B8%82%E5%B7%A6%E4%BA%AC%E5%8C%BA%E4%B8%80%E4%B9%97%E5%AF%BA%E8%8A%B1%E3%83%8E%E6%9C%A8%E7%94%BA21-3,2018,スイーツ 百名店 WEST 2018,sweets_west,
Dari K 祇園あきしの店,京都府京都市東山区下河原通八坂鳥居前下ル清井町492-22,食べログ スイーツ 百名店 WEST 2018 百名店 2018,https://tabelog.com/tokyo/A1303/A130302/26024920/,https://www.google.com/maps/search/?api=1&query=Dari%20K%20%E7%A5%87%E5%9C%92%E3%81%82%E3%81%8D%E3%81%97%E3%81%AE%E5%BA%97%20%E4%BA%AC%E9%83%BD%E5%BA%9C%E4%BA%AC%E9%83%BD%E5%B8%82%E6%9D%B1%E5%B1%B1%E5%8C%BA%E4%B8%8B%E6%B2%B3%E5%8E%9F%E9%80%9A%E5%85%AB%E5%9D%82%E9%B3%A5%E5%B1%85%E5%89%8D%E4%B8%8B%E3%83%AB%E6%B8%85%E4%BA%95%E7%94%BA492-22,2018,スイーツ 百名店 WEST 2018,sweets_west,
パティスリー オー フィル ドゥ ジュール,福岡県福岡市中央区桜坂1-14-9,食べログ スイーツ 百名店 WEST 2018 百名店 2018,https://tabelog.com/tokyo/A1303/A130302/40041873/,https://www.google.com/maps/search/?api=1&query=%E3%83%91%E3%83%86%E3%82%A3%E3%82%B9%E3%83%AA%E3%83%BC%20%E3%82%AA%E3%83%BC%20%E3%83%95%E3%82%A3%E3%83%AB%20%E3%83%89%E3%82%A5%20%E3%82%B8%E3%83%A5%E3%83%BC%E3%83%AB%20%E7%A6%8F%E5%B2%A1%E7%9C%8C%E7%A6%8F%E5%B2%A1%E5%B8%82%E4%B8%AD%E5%A4%AE%E5%8C%BA%E6%A1%9C%E5%9D%821-14-9,2018,スイーツ 百名店 WEST 2018,sweets_west,
阿闍梨餅本舗 京菓子司 満月 本店,京都府京都市左京区鞠小路通今出川上ル,食べログ スイーツ 百名店 WEST 2018 百名店 2018,https://tabelog.com/tokyo/A1303/A130302/26003917/,https://www.google.com/maps/search/?api=1&query=%E9%98%BF%E9%97%8D%E6%A2%A8%E9%A4%85%E6%9C%AC%E8%88%97%20%E4%BA%AC%E8%8F%93%E5%AD%90%E5%8F%B8%20%E6%BA%80%E6%9C%88%20%E6%9C%AC%E5%BA%97%20%E4%BA%AC%E9%83%BD%E5%BA%9C%E4%BA%AC%E9%83%BD%E5%B8%82%E5%B7%A6%E4%BA%AC%E5%8C%BA%E9%9E%A0%E5%B0%8F%E8%B7%AF%E9%80%9A%E4%BB%8A%E5%87%BA%E5%B7%9D%E4%B8%8A%E3%83%AB,2018,スイーツ 百名店 WEST 2018,sweets_west,
甘楽 花子,京都府京都市中京区烏丸丸太町下ル大倉町206 オクムラビル　１Ｆ,食べログ スイーツ 百名店 WEST 2018 百名店 2018,https://tabelog.com/tokyo/A1303/A130302/26004542/,https://www.google.com/maps/search/?api=1&query=%E7%94%98%E6%A5%BD%20%E8%8A%B1%E5%AD%90%20%E4%BA%AC%E9%83%BD%E5%BA%9C%E4%BA%AC%E9%83%BD%E5%B8%82%E4%B8%AD%E4%BA%AC%E5%8C%BA%E7%83%8F%E4%B8%B8%E4%B8%B8%E5%A4%AA%E7%94%BA%E4%B8%8B%E3%83%AB%E5%A4%A7%E5%80%89%E7%94%BA206%20%E3%82%AA%E3%82%AF%E3%83%A0%E3%83%A9%E3%83%93%E3%83%AB%E3%80%80%EF%BC%91%EF%BC%A6,2018,スイーツ 百名店 WEST 2018,sweets_west,
エクチュア  からほり「蔵」本店,大阪府大阪市中央区谷町6-17-43 練,食べログ スイーツ 百名店 WEST 2018 百名店 2018,https://tabelog.com/tokyo/A1303/A130302/27000958/,https://www.google.com/maps/search/?api=1&query=%E3%82%A8%E3%82%AF%E3%83%81%E3%83%A5%E3%82%A2%20%20%E3%81%8B%E3%82%89%E3%81%BB%E3%82%8A%E3%80%8C%E8%94%B5%E3%80%8D%E6%9C%AC%E5%BA%97%20%E5%A4%A7%E9%98%AA%E5%BA%9C%E5%A4%A7%E9%98%AA%E5%B8%82%E4%B8%AD%E5%A4%AE%E5%8C%BA%E8%B0%B7%E7%94%BA6-17-43%20%E7%B7%B4,2018,スイーツ 百名店 WEST 2018,sweets_west,
御菓子司 聚洸,京都府京都市上京区筋違橋町548-4,食べログ スイーツ 百名店 WEST 2018 百名店 2018,https://tabelog.com/tokyo/A1303/A130302/26005468/,https://www.google.com/maps/search/?api=1&query=%E5%BE%A1%E8%8F%93%E5%AD%90%E5%8F%B8%20%E8%81%9A%E6%B4%B8%20%E4%BA%AC%E9%83%BD%E5%BA%9C%E4%BA%AC%E9%83%BD%E5%B8%82%E4%B8%8A%E4%BA%AC%E5%8C%BA%E7%AD%8B%E9%81%95%E6%A9%8B%E7%94%BA548-4,2018,スイーツ 百名店 WEST 2018,sweets_west,
ガトー・ド・ボワ A LA MAISON,奈良県奈良市西大寺南町1-19-101,食べログ スイーツ 百名店 WEST 2018 百名店 2018,https://tabelog.com/tokyo/A1303/A130302/29000134/,https://www.google.com/maps/search/?api=1&query=%E3%82%AC%E3%83%88%E3%83%BC%E3%83%BB%E3%83%89%E3%83%BB%E3%83%9C%E3%83%AF%20A%20LA%20MAISON%20%E5%A5%88%E8%89%AF%E7%9C%8C%E5%A5%88%E8%89%AF%E5%B8%82%E8%A5%BF%E5%A4%A7%E5%AF%BA%E5%8D%97%E7%94%BA1-19-101,2018,スイーツ 百名店 WEST 2018,sweets_west,
宝泉 JR新幹線京都駅店,京都府京都市下京区東塩小路高倉町8-3 新幹線 JR京都駅 2F,食べログ スイーツ 百名店 WEST 2018 百名店 2018,https://tabelog.com/tokyo/A1303/A130302/26006790/,https://www.google.com/maps/search/?api=1&query=%E5%AE%9D%E6%B3%89%20JR%E6%96%B0%E5%B9%B9%E7%B7%9A%E4%BA%AC%E9%83%BD%E9%A7%85%E5%BA%97%20%E4%BA%AC%E9%83%BD%E5%BA%9C%E4%BA%AC%E9%83%BD%E5%B8%82%E4%B8%8B%E4%BA%AC%E5%8C%BA%E6%9D%B1%E5%A1%A9%E5%B0%8F%E8%B7%AF%E9%AB%98%E5%80%89%E7%94%BA8-3%20%E6%96%B0%E5%B9%B9%E7%B7%9A%20JR%E4%BA%AC%E9%83%BD%E9%A7%85%202F,2018,スイーツ 百名店 WEST 2018,sweets_west,
茶寮都路里 京都伊勢丹店,京都府京都市下京区烏丸通塩小路下る東塩小路町901 ジェイアール京都伊勢丹 6F,食べログ スイーツ 百名店 WEST 2018 百名店 2018,https://tabelog.com/tokyo/A1303/A130302/26000853/,https://www.google.com/maps/search/?api=1&query=%E8%8C%B6%E5%AF%AE%E9%83%BD%E8%B7%AF%E9%87%8C%20%E4%BA%AC%E9%83%BD%E4%BC%8A%E5%8B%A2%E4%B8%B9%E5%BA%97%20%E4%BA%AC%E9%83%BD%E5%BA%9C%E4%BA%AC%E9%83%BD%E5%B8%82%E4%B8%8B%E4%BA%AC%E5%8C%BA%E7%83%8F%E4%B8%B8%E9%80%9A%E5%A1%A9%E5%B0%8F%E8%B7%AF%E4%B8%8B%E3%82%8B%E6%9D%B1%E5%A1%A9%E5%B0%8F%E8%B7%AF%E7%94%BA901%20%E3%82%B8%E3%82%A7%E3%82%A4%E3%82%A2%E3%83%BC%E3%83%AB%E4%BA%AC%E9%83%BD%E4%BC%8A%E5%8B%A2%E4%B8%B9%206F,2018,スイーツ 百名店 WEST 2018,sweets_west,
萬御菓子誂處 樫舎,奈良県奈良市中院町22-3,食べログ スイーツ 百名店 WEST 2018 百名店 2018,https://tabelog.com/tokyo/A1303/A130302/29002296/,https://www.google.com/maps/search/?api=1&query=%E8%90%AC%E5%BE%A1%E8%8F%93%E5%AD%90%E8%AA%82%E8%99%95%20%E6%A8%AB%E8%88%8E%20%E5%A5%88%E8%89%AF%E7%9C%8C%E5%A5%88%E8%89%AF%E5%B8%82%E4%B8%AD%E9%99%A2%E7%94%BA22-3,2018,スイーツ 百名店 WEST 2018,sweets_west,
茶寮 宝泉,京都府京都市左京区下鴨西高木町25,食べログ スイーツ 百名店 WEST 2018 百名店 2018,https://tabelog.com/tokyo/A1303/A130302/26001872/,https://www.google.com/maps/search/?api=1&query=%E8%8C%B6%E5%AF%AE%20%E5%AE%9D%E6%B3%89%20%E4%BA%AC%E9%83%BD%E5%BA%9C%E4%BA%AC%E9%83%BD%E5%B8%82%E5%B7%A6%E4%BA%AC%E5%8C%BA%E4%B8%8B%E9%B4%A8%E8%A5%BF%E9%AB%98%E6%9C%A8%E7%94%BA25,2018,スイーツ 百名店 WEST 2018,sweets_west,
中村藤吉本店 宇治本店,京都府宇治市宇治壱番10,食べログ スイーツ 百名店 WEST 2018 百名店 2018,https://tabelog.com/tokyo/A1303/A130302/26000722/,https://www.google.com/maps/search/?api=1&query=%E4%B8%AD%E6%9D%91%E8%97%A4%E5%90%89%E6%9C%AC%E5%BA%97%20%E5%AE%87%E6%B2%BB%E6%9C%AC%E5%BA%97%20%E4%BA%AC%E9%83%BD%E5%BA%9C%E5%AE%87%E6%B2%BB%E5%B8%82%E5%AE%87%E6%B2%BB%E5%A3%B1%E7%95%AA10,2018,スイーツ 百名店 WEST 2018,sweets_west,
甘納豆かわむら,石川県金沢市野町2-24-7,食べログ スイーツ 百名店 WEST 2018 百名店 2018,https://tabelog.com/tokyo/A1303/A130302/17000514/,https://www.google.com/maps/search/?api=1&query=%E7%94%98%E7%B4%8D%E8%B1%86%E3%81%8B%E3%82%8F%E3%82%80%E3%82%89%20%E7%9F%B3%E5%B7%9D%E7%9C%8C%E9%87%91%E6%B2%A2%E5%B8%82%E9%87%8E%E7%94%BA2-24-7,2018,スイーツ 百名店 WEST 2018,sweets_west,
中谷堂,奈良県奈良市橋本町29,食べログ スイーツ 百名店 WEST 2018 百名店 2018,https://tabelog.com/tokyo/A1303/A130302/29000222/,https://www.google.com/maps/search/?api=1&query=%E4%B8%AD%E8%B0%B7%E5%A0%82%20%E5%A5%88%E8%89%AF%E7%9C%8C%E5%A5%88%E8%89%AF%E5%B8%82%E6%A9%8B%E6%9C%AC%E7%94%BA29,2018,スイーツ 百名店 WEST 2018,sweets_west,
白熊菓琲,鹿児島県鹿児島市千日町5-8 天文館むじゃきビル 1F,食べログ スイーツ 百名店 WEST 2018 百名店 2018,https://tabelog.com/tokyo/A1303/A130302/46000044/,https://www.google.com/maps/search/?api=1&query=%E7%99%BD%E7%86%8A%E8%8F%93%E7%90%B2%20%E9%B9%BF%E5%85%90%E5%B3%B6%E7%9C%8C%E9%B9%BF%E5%85%90%E5%B3%B6%E5%B8%82%E5%8D%83%E6%97%A5%E7%94%BA5-8%20%E5%A4%A9%E6%96%87%E9%A4%A8%E3%82%80%E3%81%98%E3%82%83%E3%81%8D%E3%83%93%E3%83%AB%201F,2018,スイーツ 百名店 WEST 2018,sweets_west,
パティシエ エス コヤマ,兵庫県三田市ゆりのき台5-32-1 三田ウッディタウン,食べログ スイーツ 百名店 WEST 2018 百名店 2018,https://tabelog.com/tokyo/A1303/A130302/28001965/,https://www.google.com/maps/search/?api=1&query=%E3%83%91%E3%83%86%E3%82%A3%E3%82%B7%E3%82%A8%20%E3%82%A8%E3%82%B9%20%E3%82%B3%E3%83%A4%E3%83%9E%20%E5%85%B5%E5%BA%AB%E7%9C%8C%E4%B8%89%E7%94%B0%E5%B8%82%E3%82%86%E3%82%8A%E3%81%AE%E3%81%8D%E5%8F%B05-32-1%20%E4%B8%89%E7%94%B0%E3%82%A6%E3%83%83%E3%83%87%E3%82%A3%E3%82%BF%E3%82%A6%E3%83%B3,2018,スイーツ 百名店 WEST 2018,sweets_west,
茶寮都路里 祇園本店,京都府京都市東山区四条通祇園町南側573-3 祇園辻利本店 2F・3F,食べログ スイーツ 百名店 WEST 2018 百名店 2018,https://tabelog.com/tokyo/A1303/A130302/26000408/,https://www.google.com/maps/search/?api=1&query=%E8%8C%B6%E5%AF%AE%E9%83%BD%E8%B7%AF%E9%87%8C%20%E7%A5%87%E5%9C%92%E6%9C%AC%E5%BA%97%20%E4%BA%AC%E9%83%BD%E5%BA%9C%E4%BA%AC%E9%83%BD%E5%B8%82%E6%9D%B1%E5%B1%B1%E5%8C%BA%E5%9B%9B%E6%9D%A1%E9%80%9A%E7%A5%87%E5%9C%92%E7%94%BA%E5%8D%97%E5%81%B4573-3%20%E7%A5%87%E5%9C%92%E8%BE%BB%E5%88%A9%E6%9C%AC%E5%BA%97%202F%E3%83%BB3F,2018,スイーツ 百名店 WEST 2018,sweets_west,
ル ミュゼ ドゥ アッシュ 金沢店,石川県金沢市出羽町2-1 石川県立美術館,食べログ スイーツ 百名店 WEST 2018 百名店 2018,https://tabelog.com/tokyo/A1303/A130302/17001257/,https://www.google.com/maps/search/?api=1&query=%E3%83%AB%20%E3%83%9F%E3%83%A5%E3%82%BC%20%E3%83%89%E3%82%A5%20%E3%82%A2%E3%83%83%E3%82%B7%E3%83%A5%20%E9%87%91%E6%B2%A2%E5%BA%97%20%E7%9F%B3%E5%B7%9D%E7%9C%8C%E9%87%91%E6%B2%A2%E5%B8%82%E5%87%BA%E7%BE%BD%E7%94%BA2-1%20%E7%9F%B3%E5%B7%9D%E7%9C%8C%E7%AB%8B%E7%BE%8E%E8%A1%93%E9%A4%A8,2018,スイーツ 百名店 WEST 2018,sweets_west,
シェ・アガタ,京都府宇治市莵道谷下り44-11,食べログ スイーツ 百名店 WEST 2018 百名店 2018,https://tabelog.com/tokyo/A1303/A130302/26009042/,https://www.google.com/maps/search/?api=1&query=%E3%82%B7%E3%82%A7%E3%83%BB%E3%82%A2%E3%82%AC%E3%82%BF%20%E4%BA%AC%E9%83%BD%E5%BA%9C%E5%AE%87%E6%B2%BB%E5%B8%82%E8%8E%B5%E9%81%93%E8%B0%B7%E4%B8%8B%E3%82%8A44-11,2018,スイーツ 百名店 WEST 2018,sweets_west,
アンオー,宮崎県宮崎市江平東1-7-1,食べログ スイーツ 百名店 WEST 2018 百名店 2018,https://tabelog.com/tokyo/A1303/A130302/45006780/,https://www.google.com/maps/search/?api=1&query=%E3%82%A2%E3%83%B3%E3%82%AA%E3%83%BC%20%E5%AE%AE%E5%B4%8E%E7%9C%8C%E5%AE%AE%E5%B4%8E%E5%B8%82%E6%B1%9F%E5%B9%B3%E6%9D%B11-7-1,2018,スイーツ 百名店 WEST 2018,sweets_west,
御菓子司 中村軒,京都府京都市西京区桂浅原町61,食べログ スイーツ 百名店 WEST 2018 百名店 2018,https://tabelog.com/tokyo/A1303/A130302/26001883/,https://www.google.com/maps/search/?api=1&query=%E5%BE%A1%E8%8F%93%E5%AD%90%E5%8F%B8%20%E4%B8%AD%E6%9D%91%E8%BB%92%20%E4%BA%AC%E9%83%BD%E5%BA%9C%E4%BA%AC%E9%83%BD%E5%B8%82%E8%A5%BF%E4%BA%AC%E5%8C%BA%E6%A1%82%E6%B5%85%E5%8E%9F%E7%94%BA61,2018,スイーツ 百名店 WEST 2018,sweets_west,
パティスリー ショコラトリー オーディネール,大阪府大阪市西区南堀江2-4-16 ファヴール南堀江 1F,食べログ スイーツ 百名店 WEST 2018 百名店 2018,https://tabelog.com/tokyo/A1303/A130302/27076593/,https://www.google.com/maps/search/?api=1&query=%E3%83%91%E3%83%86%E3%82%A3%E3%82%B9%E3%83%AA%E3%83%BC%20%E3%82%B7%E3%83%A7%E3%82%B3%E3%83%A9%E3%83%88%E3%83%AA%E3%83%BC%20%E3%82%AA%E3%83%BC%E3%83%87%E3%82%A3%E3%83%8D%E3%83%BC%E3%83%AB%20%E5%A4%A7%E9%98%AA%E5%BA%9C%E5%A4%A7%E9%98%AA%E5%B8%82%E8%A5%BF%E5%8C%BA%E5%8D%97%E5%A0%80%E6%B1%9F2-4-16%20%E3%83%95%E3%82%A1%E3%83%B4%E3%83%BC%E3%83%AB%E5%8D%97%E5%A0%80%E6%B1%9F%201F,2018,スイーツ 百名店 WEST 2018,sweets_west,
五感 北浜本館,大阪府大阪市中央区今橋2-1-1 新井ビル,食べログ スイーツ 百名店 WEST 2018 百名店 2018,https://tabelog.com/tokyo/A1303/A130302/27003404/,https://www.google.com/maps/search/?api=1&query=%E4%BA%94%E6%84%9F%20%E5%8C%97%E6%B5%9C%E6%9C%AC%E9%A4%A8%20%E5%A4%A7%E9%98%AA%E5%BA%9C%E5%A4%A7%E9%98%AA%E5%B8%82%E4%B8%AD%E5%A4%AE%E5%8C%BA%E4%BB%8A%E6%A9%8B2-1-1%20%E6%96%B0%E4%BA%95%E3%83%93%E3%83%AB,2018,スイーツ 百名店 WEST 2018,sweets_west,
京菓子司 松寿軒,京都府京都市東山区松原通大和大路西入弓矢町19-12,食べログ スイーツ 百名店 WEST 2018 百名店 2018,https://tabelog.com/tokyo/A1303/A130302/26009387/,https://www.google.com/maps/search/?api=1&query=%E4%BA%AC%E8%8F%93%E5%AD%90%E5%8F%B8%20%E6%9D%BE%E5%AF%BF%E8%BB%92%20%E4%BA%AC%E9%83%BD%E5%BA%9C%E4%BA%AC%E9%83%BD%E5%B8%82%E6%9D%B1%E5%B1%B1%E5%8C%BA%E6%9D%BE%E5%8E%9F%E9%80%9A%E5%A4%A7%E5%92%8C%E5%A4%A7%E8%B7%AF%E8%A5%BF%E5%85%A5%E5%BC%93%E7%9F%A2%E7%94%BA19-12,2018,スイーツ 百名店 WEST 2018,sweets_west,
かん袋,大阪府堺市堺区新在家町東1-2-1,食べログ スイーツ 百名店 WEST 2018 百名店 2018,https://tabelog.com/tokyo/A1303/A130302/27001078/,https://www.google.com/maps/search/?api=1&query=%E3%81%8B%E3%82%93%E8%A2%8B%20%E5%A4%A7%E9%98%AA%E5%BA%9C%E5%A0%BA%E5%B8%82%E5%A0%BA%E5%8C%BA%E6%96%B0%E5%9C%A8%E5%AE%B6%E7%94%BA%E6%9D%B11-2-1,2018,スイーツ 百名店 WEST 2018,sweets_west,
クレープリー・スタンド シャンデレール 梅田店,大阪府大阪市北区鶴野町1-9 梅田ゲートタワー １Ｆ,食べログ スイーツ 百名店 WEST 2018 百名店 2018,https://tabelog.com/tokyo/A1303/A130302/27053125/,https://www.google.com/maps/search/?api=1&query=%E3%82%AF%E3%83%AC%E3%83%BC%E3%83%97%E3%83%AA%E3%83%BC%E3%83%BB%E3%82%B9%E3%82%BF%E3%83%B3%E3%83%89%20%E3%82%B7%E3%83%A3%E3%83%B3%E3%83%87%E3%83%AC%E3%83%BC%E3%83%AB%20%E6%A2%85%E7%94%B0%E5%BA%97%20%E5%A4%A7%E9%98%AA%E5%BA%9C%E5%A4%A7%E9%98%AA%E5%B8%82%E5%8C%97%E5%8C%BA%E9%B6%B4%E9%87%8E%E7%94%BA1-9%20%E6%A2%85%E7%94%B0%E3%82%B2%E3%83%BC%E3%83%88%E3%82%BF%E3%83%AF%E3%83%BC%20%EF%BC%91%EF%BC%A6,2018,スイーツ 百名店 WEST 2018,sweets_west,
あぶり餅 本家 根元 かざりや,京都府京都市北区紫野今宮町96,食べログ スイーツ 百名店 WEST 2018 百名店 2018,https://tabelog.com/tokyo/A1303/A130302/26001670/,https://www.google.com/maps/search/?api=1&query=%E3%81%82%E3%81%B6%E3%82%8A%E9%A4%85%20%E6%9C%AC%E5%AE%B6%20%E6%A0%B9%E5%85%83%20%E3%81%8B%E3%81%96%E3%82%8A%E3%82%84%20%E4%BA%AC%E9%83%BD%E5%BA%9C%E4%BA%AC%E9%83%BD%E5%B8%82%E5%8C%97%E5%8C%BA%E7%B4%AB%E9%87%8E%E4%BB%8A%E5%AE%AE%E7%94%BA96,2018,スイーツ 百名店 WEST 2018,sweets_west,
ジャック 大濠店,福岡県福岡市中央区荒戸3丁目2番1号,食べログ スイーツ 百名店 WEST 2018 百名店 2018,https://tabelog.com/tokyo/A1303/A130302/40025283/,https://www.google.com/maps/search/?api=1&query=%E3%82%B8%E3%83%A3%E3%83%83%E3%82%AF%20%E5%A4%A7%E6%BF%A0%E5%BA%97%20%E7%A6%8F%E5%B2%A1%E7%9C%8C%E7%A6%8F%E5%B2%A1%E5%B8%82%E4%B8%AD%E5%A4%AE%E5%8C%BA%E8%8D%92%E6%88%B83%E4%B8%81%E7%9B%AE2%E7%95%AA1%E5%8F%B7,2018,スイーツ 百名店 WEST 2018,sweets_west,
緑寿庵清水,京都府京都市左京区吉田泉殿町38番地の2,食べログ スイーツ 百名店 WEST 2018 百名店 2018,https://tabelog.com/tokyo/A1303/A130302/26005325/,https://www.google.com/maps/search/?api=1&query=%E7%B7%91%E5%AF%BF%E5%BA%B5%E6%B8%85%E6%B0%B4%20%E4%BA%AC%E9%83%BD%E5%BA%9C%E4%BA%AC%E9%83%BD%E5%B8%82%E5%B7%A6%E4%BA%AC%E5%8C%BA%E5%90%89%E7%94%B0%E6%B3%89%E6%AE%BF%E7%94%BA38%E7%95%AA%E5%9C%B0%E3%81%AE2,2018,スイーツ 百名店 WEST 2018,sweets_west,
出町ふたば,京都府京都市上京区出町通今出川上ル青龍町236,食べログ スイーツ 百名店 WEST 2018 百名店 2018,https://tabelog.com/tokyo/A1303/A130302/26001520/,https://www.google.com/maps/search/?api=1&query=%E5%87%BA%E7%94%BA%E3%81%B5%E3%81%9F%E3%81%B0%20%E4%BA%AC%E9%83%BD%E5%BA%9C%E4%BA%AC%E9%83%BD%E5%B8%82%E4%B8%8A%E4%BA%AC%E5%8C%BA%E5%87%BA%E7%94%BA%E9%80%9A%E4%BB%8A%E5%87%BA%E5%B7%9D%E4%B8%8A%E3%83%AB%E9%9D%92%E9%BE%8D%E7%94%BA236,2018,スイーツ 百名店 WEST 2018,sweets_west,
パティスリージラフ,富山県富山市黒瀬北町1-8-7,食べログ スイーツ 百名店 WEST 2018 百名店 2018,https://tabelog.com/tokyo/A1303/A130302/16000052/,https://www.google.com/maps/search/?api=1&query=%E3%83%91%E3%83%86%E3%82%A3%E3%82%B9%E3%83%AA%E3%83%BC%E3%82%B8%E3%83%A9%E3%83%95%20%E5%AF%8C%E5%B1%B1%E7%9C%8C%E5%AF%8C%E5%B1%B1%E5%B8%82%E9%BB%92%E7%80%AC%E5%8C%97%E7%94%BA1-8-7,2018,スイーツ 百名店 WEST 2018,sweets_west,
カファレル 神戸北野本店,兵庫県神戸市中央区山本通3-7-29 神戸トアロードビル　1F,食べログ スイーツ 百名店 WEST 2018 百名店 2018,https://tabelog.com/tokyo/A1303/A130302/28002143/,https://www.google.com/maps/search/?api=1&query=%E3%82%AB%E3%83%95%E3%82%A1%E3%83%AC%E3%83%AB%20%E7%A5%9E%E6%88%B8%E5%8C%97%E9%87%8E%E6%9C%AC%E5%BA%97%20%E5%85%B5%E5%BA%AB%E7%9C%8C%E7%A5%9E%E6%88%B8%E5%B8%82%E4%B8%AD%E5%A4%AE%E5%8C%BA%E5%B1%B1%E6%9C%AC%E9%80%9A3-7-29%20%E7%A5%9E%E6%88%B8%E3%83%88%E3%82%A2%E3%83%AD%E3%83%BC%E3%83%89%E3%83%93%E3%83%AB%E3%80%801F,2018,スイーツ 百名店 WEST 2018,sweets_west,
中村藤吉本店 京都駅店,京都府京都市下京区烏丸通塩小路下る東塩小路町 ジェイアール京都伊勢丹 JR西口改札前イートパラダイス 3F,食べログ スイーツ 百名店 WEST 2018 百名店 2018,https://tabelog.com/tokyo/A1303/A130302/26005903/,https://www.google.com/maps/search/?api=1&query=%E4%B8%AD%E6%9D%91%E8%97%A4%E5%90%89%E6%9C%AC%E5%BA%97%20%E4%BA%AC%E9%83%BD%E9%A7%85%E5%BA%97%20%E4%BA%AC%E9%83%BD%E5%BA%9C%E4%BA%AC%E9%83%BD%E5%B8%82%E4%B8%8B%E4%BA%AC%E5%8C%BA%E7%83%8F%E4%B8%B8%E9%80%9A%E5%A1%A9%E5%B0%8F%E8%B7%AF%E4%B8%8B%E3%82%8B%E6%9D%B1%E5%A1%A9%E5%B0%8F%E8%B7%AF%E7%94%BA%20%E3%82%B8%E3%82%A7%E3%82%A4%E3%82%A2%E3%83%BC%E3%83%AB%E4%BA%AC%E9%83%BD%E4%BC%8A%E5%8B%A2%E4%B8%B9%20JR%E8%A5%BF%E5%8F%A3%E6%94%B9%E6%9C%AD%E5%89%8D%E3%82%A4%E3%83%BC%E3%83%88%E3%83%91%E3%83%A9%E3%83%80%E3%82%A4%E3%82%B9%203F,2018,スイーツ 百名店 WEST 2018,sweets_west,
マリベル 京都本店,京都府京都市中京区柳馬場三条下ル槌屋町83番地,食べログ スイーツ 百名店 WEST 2018 百名店 2018,https://tabelog.com/tokyo/A1303/A130302/26019937/,https://www.google.com/maps/search/?api=1&query=%E3%83%9E%E3%83%AA%E3%83%99%E3%83%AB%20%E4%BA%AC%E9%83%BD%E6%9C%AC%E5%BA%97%20%E4%BA%AC%E9%83%BD%E5%BA%9C%E4%BA%AC%E9%83%BD%E5%B8%82%E4%B8%AD%E4%BA%AC%E5%8C%BA%E6%9F%B3%E9%A6%AC%E5%A0%B4%E4%B8%89%E6%9D%A1%E4%B8%8B%E3%83%AB%E6%A7%8C%E5%B1%8B%E7%94%BA83%E7%95%AA%E5%9C%B0,2018,スイーツ 百名店 WEST 2018,sweets_west,
茶菓円山,京都府京都市東山区円山町620-1-2 円山公園内,食べログ スイーツ 百名店 WEST 2018 百名店 2018,https://tabelog.com/tokyo/A1303/A130302/26024782/,https://www.google.com/maps/search/?api=1&query=%E8%8C%B6%E8%8F%93%E5%86%86%E5%B1%B1%20%E4%BA%AC%E9%83%BD%E5%BA%9C%E4%BA%AC%E9%83%BD%E5%B8%82%E6%9D%B1%E5%B1%B1%E5%8C%BA%E5%86%86%E5%B1%B1%E7%94%BA620-1-2%20%E5%86%86%E5%B1%B1%E5%85%AC%E5%9C%92%E5%86%85,2018,スイーツ 百名店 WEST 2018,sweets_west,
グラン・ヴァニーユ,京都府京都市中京区間之町二条下ル鍵屋町486,食べログ スイーツ 百名店 WEST 2018 百名店 2018,https://tabelog.com/tokyo/A1303/A130302/26017389/,https://www.google.com/maps/search/?api=1&query=%E3%82%B0%E3%83%A9%E3%83%B3%E3%83%BB%E3%83%B4%E3%82%A1%E3%83%8B%E3%83%BC%E3%83%A6%20%E4%BA%AC%E9%83%BD%E5%BA%9C%E4%BA%AC%E9%83%BD%E5%B8%82%E4%B8%AD%E4%BA%AC%E5%8C%BA%E9%96%93%E4%B9%8B%E7%94%BA%E4%BA%8C%E6%9D%A1%E4%B8%8B%E3%83%AB%E9%8D%B5%E5%B1%8B%E7%94%BA486,2018,スイーツ 百名店 WEST 2018,sweets_west,
Poche du Reve,兵庫県芦屋市公光町9-7 モントルービル101,食べログ スイーツ 百名店 WEST 2018 百名店 2018,https://tabelog.com/tokyo/A1303/A130302/28012993/,https://www.google.com/maps/search/?api=1&query=Poche%20du%20Reve%20%E5%85%B5%E5%BA%AB%E7%9C%8C%E8%8A%A6%E5%B1%8B%E5%B8%82%E5%85%AC%E5%85%89%E7%94%BA9-7%20%E3%83%A2%E3%83%B3%E3%83%88%E3%83%AB%E3%83%BC%E3%83%93%E3%83%AB101,2018,スイーツ 百名店 WEST 2018,sweets_west,
カフェ アリエッティ,京都府京都市東山区妙法院前側町451-1,食べログ スイーツ 百名店 WEST 2018 百名店 2018,https://tabelog.com/tokyo/A1303/A130302/26023351/,https://www.google.com/maps/search/?api=1&query=%E3%82%AB%E3%83%95%E3%82%A7%20%E3%82%A2%E3%83%AA%E3%82%A8%E3%83%83%E3%83%86%E3%82%A3%20%E4%BA%AC%E9%83%BD%E5%BA%9C%E4%BA%AC%E9%83%BD%E5%B8%82%E6%9D%B1%E5%B1%B1%E5%8C%BA%E5%A6%99%E6%B3%95%E9%99%A2%E5%89%8D%E5%81%B4%E7%94%BA451-1,2018,スイーツ 百名店 WEST 2018,sweets_west,
赤福 本店,三重県伊勢市宇治中之切町26 おかげ横丁,食べログ スイーツ 百名店 WEST 2018 百名店 2018,https://tabelog.com/tokyo/A1303/A130302/24000008/,https://www.google.com/maps/search/?api=1&query=%E8%B5%A4%E7%A6%8F%20%E6%9C%AC%E5%BA%97%20%E4%B8%89%E9%87%8D%E7%9C%8C%E4%BC%8A%E5%8B%A2%E5%B8%82%E5%AE%87%E6%B2%BB%E4%B8%AD%E4%B9%8B%E5%88%87%E7%94%BA26%20%E3%81%8A%E3%81%8B%E3%81%92%E6%A8%AA%E4%B8%81,2018,スイーツ 百名店 WEST 2018,sweets_west,
"Patisserie Ravi,e relier",大阪府大阪市北区山崎町5-13,食べログ スイーツ 百名店 WEST 2018 百名店 2018,https://tabelog.com/tokyo/A1303/A130302/27044987/,https://www.google.com/maps/search/?api=1&query=Patisserie%20Ravi%2Ce%20relier%20%E5%A4%A7%E9%98%AA%E5%BA%9C%E5%A4%A7%E9%98%AA%E5%B8%82%E5%8C%97%E5%8C%BA%E5%B1%B1%E5%B4%8E%E7%94%BA5-13,2018,スイーツ 百名店 WEST 2018,sweets_west,
マツシタキッチン,大阪府大阪市東成区東小橋1-18-32,食べログ スイーツ 百名店 WEST 2018 百名店 2018,https://tabelog.com/tokyo/A1303/A130302/27066981/,https://www.google.com/maps/search/?api=1&query=%E3%83%9E%E3%83%84%E3%82%B7%E3%82%BF%E3%82%AD%E3%83%83%E3%83%81%E3%83%B3%20%E5%A4%A7%E9%98%AA%E5%BA%9C%E5%A4%A7%E9%98%AA%E5%B8%82%E6%9D%B1%E6%88%90%E5%8C%BA%E6%9D%B1%E5%B0%8F%E6%A9%8B1-18-32,2018,スイーツ 百名店 WEST 2018,sweets_west,
レ・グーテ,大阪府大阪市西区京町堀1-14-28 UTSUBO+2 1F,食べログ スイーツ 百名店 WEST 2018 百名店 2018,https://tabelog.com/tokyo/A1303/A130302/27052440/,https://www.google.com/maps/search/?api=1&query=%E3%83%AC%E3%83%BB%E3%82%B0%E3%83%BC%E3%83%86%20%E5%A4%A7%E9%98%AA%E5%BA%9C%E5%A4%A7%E9%98%AA%E5%B8%82%E8%A5%BF%E5%8C%BA%E4%BA%AC%E7%94%BA%E5%A0%801-14-28%20UTSUBO%2B2%201F,2018,スイーツ 百名店 WEST 2018,sweets_west,
和菓子店 青洋,京都府京都市北区紫竹西野山町54-1,食べログ スイーツ 百名店 WEST 2018 百名店 2018,https://tabelog.com/tokyo/A1303/A130302/26022394/,https://www.google.com/maps/search/?api=1&query=%E5%92%8C%E8%8F%93%E5%AD%90%E5%BA%97%20%E9%9D%92%E6%B4%8B%20%E4%BA%AC%E9%83%BD%E5%BA%9C%E4%BA%AC%E9%83%BD%E5%B8%82%E5%8C%97%E5%8C%BA%E7%B4%AB%E7%AB%B9%E8%A5%BF%E9%87%8E%E5%B1%B1%E7%94%BA54-1,2018,スイーツ 百名店 WEST 2018,sweets_west,
大極殿本舗 六角店,京都府京都市中京区六角通高倉東入ル南側堀之上町120,食べログ スイーツ 百名店 WEST 2018 百名店 2018,https://tabelog.com/tokyo/A1303/A130302/26004652/,https://www.google.com/maps/search/?api=1&query=%E5%A4%A7%E6%A5%B5%E6%AE%BF%E6%9C%AC%E8%88%97%20%E5%85%AD%E8%A7%92%E5%BA%97%20%E4%BA%AC%E9%83%BD%E5%BA%9C%E4%BA%AC%E9%83%BD%E5%B8%82%E4%B8%AD%E4%BA%AC%E5%8C%BA%E5%85%AD%E8%A7%92%E9%80%9A%E9%AB%98%E5%80%89%E6%9D%B1%E5%85%A5%E3%83%AB%E5%8D%97%E5%81%B4%E5%A0%80%E4%B9%8B%E4%B8%8A%E7%94%BA120,2018,スイーツ 百名店 WEST 2018,sweets_west,
デリチュース  箕面本店,大阪府箕面市小野原西6-14-22,食べログ スイーツ 百名店 WEST 2018 百名店 2018,https://tabelog.com/tokyo/A1303/A130302/27004930/,https://www.google.com/maps/search/?api=1&query=%E3%83%87%E3%83%AA%E3%83%81%E3%83%A5%E3%83%BC%E3%82%B9%20%20%E7%AE%95%E9%9D%A2%E6%9C%AC%E5%BA%97%20%E5%A4%A7%E9%98%AA%E5%BA%9C%E7%AE%95%E9%9D%A2%E5%B8%82%E5%B0%8F%E9%87%8E%E5%8E%9F%E8%A5%BF6-14-22,2018,スイーツ 百名店 WEST 2018,sweets_west,
神馬堂,京都府京都市北区上賀茂御薗口町4,食べログ スイーツ 百名店 WEST 2018 百名店 2018,https://tabelog.com/tokyo/A1303/A130302/26000370/,https://www.google.com/maps/search/?api=1&query=%E7%A5%9E%E9%A6%AC%E5%A0%82%20%E4%BA%AC%E9%83%BD%E5%BA%9C%E4%BA%AC%E9%83%BD%E5%B8%82%E5%8C%97%E5%8C%BA%E4%B8%8A%E8%B3%80%E8%8C%82%E5%BE%A1%E8%96%97%E5%8F%A3%E7%94%BA4,2018,スイーツ 百名店 WEST 2018,sweets_west,
ラ・ペッシュ,奈良県吉野郡大淀町新野190-1,食べログ スイーツ 百名店 WEST 2018 百名店 2018,https://tabelog.com/tokyo/A1303/A130302/29004292/,https://www.google.com/maps/search/?api=1&query=%E3%83%A9%E3%83%BB%E3%83%9A%E3%83%83%E3%82%B7%E3%83%A5%20%E5%A5%88%E8%89%AF%E7%9C%8C%E5%90%89%E9%87%8E%E9%83%A1%E5%A4%A7%E6%B7%80%E7%94%BA%E6%96%B0%E9%87%8E190-1,2018,スイーツ 百名店 WEST 2018,sweets_west,
ピエール・エルメ・パリ ザ・リッツ・カールトン京都,京都府京都市中京区鴨川二条大橋畔 リッツカールトン京都,食べログ スイーツ 百名店 WEST 2018 百名店 2018,https://tabelog.com/tokyo/A1303/A130302/26023293/,https://www.google.com/maps/search/?api=1&query=%E3%83%94%E3%82%A8%E3%83%BC%E3%83%AB%E3%83%BB%E3%82%A8%E3%83%AB%E3%83%A1%E3%83%BB%E3%83%91%E3%83%AA%20%E3%82%B6%E3%83%BB%E3%83%AA%E3%83%83%E3%83%84%E3%83%BB%E3%82%AB%E3%83%BC%E3%83%AB%E3%83%88%E3%83%B3%E4%BA%AC%E9%83%BD%20%E4%BA%AC%E9%83%BD%E5%BA%9C%E4%BA%AC%E9%83%BD%E5%B8%82%E4%B8%AD%E4%BA%AC%E5%8C%BA%E9%B4%A8%E5%B7%9D%E4%BA%8C%E6%9D%A1%E5%A4%A7%E6%A9%8B%E7%95%94%20%E3%83%AA%E3%83%83%E3%83%84%E3%82%AB%E3%83%BC%E3%83%AB%E3%83%88%E3%83%B3%E4%BA%AC%E9%83%BD,2018,スイーツ 百名店 WEST 2018,sweets_west,
フィナンシェ,大阪府大阪市北区曽根崎新地1-3-19 北新地ビル 9F,食べログ スイーツ 百名店 WEST 2018 百名店 2018,https://tabelog.com/tokyo/A1303/A130302/27082349/,https://www.google.com/maps/search/?api=1&query=%E3%83%95%E3%82%A3%E3%83%8A%E3%83%B3%E3%82%B7%E3%82%A7%20%E5%A4%A7%E9%98%AA%E5%BA%9C%E5%A4%A7%E9%98%AA%E5%B8%82%E5%8C%97%E5%8C%BA%E6%9B%BD%E6%A0%B9%E5%B4%8E%E6%96%B0%E5%9C%B01-3-19%20%E5%8C%97%E6%96%B0%E5%9C%B0%E3%83%93%E3%83%AB%209F,2018,スイーツ 百名店 WEST 2018,sweets_west,
パティスリー ルシェルシェ,大阪府大阪市西区南堀江4-5 B101,食べログ スイーツ 百名店 WEST 2018 百名店 2018,https://tabelog.com/tokyo/A1303/A130302/27054864/,https://www.google.com/maps/search/?api=1&query=%E3%83%91%E3%83%86%E3%82%A3%E3%82%B9%E3%83%AA%E3%83%BC%20%E3%83%AB%E3%82%B7%E3%82%A7%E3%83%AB%E3%82%B7%E3%82%A7%20%E5%A4%A7%E9%98%AA%E5%BA%9C%E5%A4%A7%E9%98%AA%E5%B8%82%E8%A5%BF%E5%8C%BA%E5%8D%97%E5%A0%80%E6%B1%9F4-5%20B101,2018,スイーツ 百名店 WEST 2018,sweets_west,
カフェ フェイト,大阪府大阪市北区本庄東1-6-16 メゾン・コンフォート 1F,食べログ スイーツ 百名店 WEST 2018 百名店 2018,https://tabelog.com/tokyo/A1303/A130302/27076635/,https://www.google.com/maps/search/?api=1&query=%E3%82%AB%E3%83%95%E3%82%A7%20%E3%83%95%E3%82%A7%E3%82%A4%E3%83%88%20%E5%A4%A7%E9%98%AA%E5%BA%9C%E5%A4%A7%E9%98%AA%E5%B8%82%E5%8C%97%E5%8C%BA%E6%9C%AC%E5%BA%84%E6%9D%B11-6-16%20%E3%83%A1%E3%82%BE%E3%83%B3%E3%83%BB%E3%82%B3%E3%83%B3%E3%83%95%E3%82%A9%E3%83%BC%E3%83%88%201F,2018,スイーツ 百名店 WEST 2018,sweets_west,
茶房いせはん,京都府京都市上京区青龍町242,食べログ スイーツ 百名店 WEST 2018 百名店 2018,https://tabelog.com/tokyo/A1303/A130302/26001023/,https://www.google.com/maps/search/?api=1&query=%E8%8C%B6%E6%88%BF%E3%81%84%E3%81%9B%E3%81%AF%E3%82%93%20%E4%BA%AC%E9%83%BD%E5%BA%9C%E4%BA%AC%E9%83%BD%E5%B8%82%E4%B8%8A%E4%BA%AC%E5%8C%BA%E9%9D%92%E9%BE%8D%E7%94%BA242,2018,スイーツ 百名店 WEST 2018,sweets_west,
夢菓房たから 春日町本店,香川県高松市春日町214,食べログ スイーツ 百名店 WEST 2018 百名店 2018,https://tabelog.com/tokyo/A1303/A130302/37003380/,https://www.google.com/maps/search/?api=1&query=%E5%A4%A2%E8%8F%93%E6%88%BF%E3%81%9F%E3%81%8B%E3%82%89%20%E6%98%A5%E6%97%A5%E7%94%BA%E6%9C%AC%E5%BA%97%20%E9%A6%99%E5%B7%9D%E7%9C%8C%E9%AB%98%E6%9D%BE%E5%B8%82%E6%98%A5%E6%97%A5%E7%94%BA214,2018,スイーツ 百名店 WEST 2018,sweets_west,
虎屋菓寮 京都一条店,京都府京都市上京区一条通烏丸西入ル,食べログ スイーツ 百名店 WEST 2018 百名店 2018,https://tabelog.com/tokyo/A1303/A130302/26000206/,https://www.google.com/maps/search/?api=1&query=%E8%99%8E%E5%B1%8B%E8%8F%93%E5%AF%AE%20%E4%BA%AC%E9%83%BD%E4%B8%80%E6%9D%A1%E5%BA%97%20%E4%BA%AC%E9%83%BD%E5%BA%9C%E4%BA%AC%E9%83%BD%E5%B8%82%E4%B8%8A%E4%BA%AC%E5%8C%BA%E4%B8%80%E6%9D%A1%E9%80%9A%E7%83%8F%E4%B8%B8%E8%A5%BF%E5%85%A5%E3%83%AB,2018,スイーツ 百名店 WEST 2018,sweets_west,
亀末廣,京都府京都市中京区姉小路車屋町東入ル車屋町251,食べログ スイーツ 百名店 WEST 2018 百名店 2018,https://tabelog.com/tokyo/A1303/A130302/26000641/,https://www.google.com/maps/search/?api=1&query=%E4%BA%80%E6%9C%AB%E5%BB%A3%20%E4%BA%AC%E9%83%BD%E5%BA%9C%E4%BA%AC%E9%83%BD%E5%B8%82%E4%B8%AD%E4%BA%AC%E5%8C%BA%E5%A7%89%E5%B0%8F%E8%B7%AF%E8%BB%8A%E5%B1%8B%E7%94%BA%E6%9D%B1%E5%85%A5%E3%83%AB%E8%BB%8A%E5%B1%8B%E7%94%BA251,2018,スイーツ 百名店 WEST 2018,sweets_west,
ロトス洋菓子店,京都府京都市下京区烏丸通松原上ル因幡堂町699 バインオークサーティーン 1F,食べログ スイーツ 百名店 WEST 2018 百名店 2018,https://tabelog.com/tokyo/A1303/A130302/26017308/,https://www.google.com/maps/search/?api=1&query=%E3%83%AD%E3%83%88%E3%82%B9%E6%B4%8B%E8%8F%93%E5%AD%90%E5%BA%97%20%E4%BA%AC%E9%83%BD%E5%BA%9C%E4%BA%AC%E9%83%BD%E5%B8%82%E4%B8%8B%E4%BA%AC%E5%8C%BA%E7%83%8F%E4%B8%B8%E9%80%9A%E6%9D%BE%E5%8E%9F%E4%B8%8A%E3%83%AB%E5%9B%A0%E5%B9%A1%E5%A0%82%E7%94%BA699%20%E3%83%90%E3%82%A4%E3%83%B3%E3%82%AA%E3%83%BC%E3%82%AF%E3%82%B5%E3%83%BC%E3%83%86%E3%82%A3%E3%83%BC%E3%83%B3%201F,2018,スイーツ 百名店 WEST 2018,sweets_west,
祇園きなな 本店,京都府京都市東山区祇園町南側570-119,食べログ スイーツ 百名店 WEST 2018 百名店 2018,https://tabelog.com/tokyo/A1303/A130302/26002500/,https://www.google.com/maps/search/?api=1&query=%E7%A5%87%E5%9C%92%E3%81%8D%E3%81%AA%E3%81%AA%20%E6%9C%AC%E5%BA%97%20%E4%BA%AC%E9%83%BD%E5%BA%9C%E4%BA%AC%E9%83%BD%E5%B8%82%E6%9D%B1%E5%B1%B1%E5%8C%BA%E7%A5%87%E5%9C%92%E7%94%BA%E5%8D%97%E5%81%B4570-119,2018,スイーツ 百名店 WEST 2018,sweets_west,
ドゥブルベ・ボレロ 大阪本町店,大阪府大阪市中央区瓦町4-7-4 南星瓦町ビル 1F,食べログ スイーツ 百名店 WEST 2018 百名店 2018,https://tabelog.com/tokyo/A1303/A130302/27075194/,https://www.google.com/maps/search/?api=1&query=%E3%83%89%E3%82%A5%E3%83%96%E3%83%AB%E3%83%99%E3%83%BB%E3%83%9C%E3%83%AC%E3%83%AD%20%E5%A4%A7%E9%98%AA%E6%9C%AC%E7%94%BA%E5%BA%97%20%E5%A4%A7%E9%98%AA%E5%BA%9C%E5%A4%A7%E9%98%AA%E5%B8%82%E4%B8%AD%E5%A4%AE%E5%8C%BA%E7%93%A6%E7%94%BA4-7-4%20%E5%8D%97%E6%98%9F%E7%93%A6%E7%94%BA%E3%83%93%E3%83%AB%201F,2018,スイーツ 百名店 WEST 2018,sweets_west,
フランス菓子16区,福岡県福岡市中央区薬院4-20-10,食べログ スイーツ 百名店 WEST 2018 百名店 2018,https://tabelog.com/tokyo/A1303/A130302/40000550/,https://www.google.com/maps/search/?api=1&query=%E3%83%95%E3%83%A9%E3%83%B3%E3%82%B9%E8%8F%93%E5%AD%9016%E5%8C%BA%20%E7%A6%8F%E5%B2%A1%E7%9C%8C%E7%A6%8F%E5%B2%A1%E5%B8%82%E4%B8%AD%E5%A4%AE%E5%8C%BA%E8%96%AC%E9%99%A24-20-10,2018,スイーツ 百名店 WEST 2018,sweets_west,
パティスリーエス,京都府京都市下京区高辻通室町西入繁昌町300-1 カノン室町四条1 階,食べログ スイーツ 百名店 WEST 2018 百名店 2018,https://tabelog.com/tokyo/A1303/A130302/26012808/,https://www.google.com/maps/search/?api=1&query=%E3%83%91%E3%83%86%E3%82%A3%E3%82%B9%E3%83%AA%E3%83%BC%E3%82%A8%E3%82%B9%20%E4%BA%AC%E9%83%BD%E5%BA%9C%E4%BA%AC%E9%83%BD%E5%B8%82%E4%B8%8B%E4%BA%AC%E5%8C%BA%E9%AB%98%E8%BE%BB%E9%80%9A%E5%AE%A4%E7%94%BA%E8%A5%BF%E5%85%A5%E7%B9%81%E6%98%8C%E7%94%BA300-1%20%E3%82%AB%E3%83%8E%E3%83%B3%E5%AE%A4%E7%94%BA%E5%9B%9B%E6%9D%A11%20%E9%9A%8E,2018,スイーツ 百名店 WEST 2018,sweets_west,
大阪浪花家,大阪府大阪市北区中崎1-9-21 平和ビル 1Ｆ,食べログ スイーツ 百名店 WEST 2018 百名店 2018,https://tabelog.com/tokyo/A1303/A130302/27069919/,https://www.google.com/maps/search/?api=1&query=%E5%A4%A7%E9%98%AA%E6%B5%AA%E8%8A%B1%E5%AE%B6%20%E5%A4%A7%E9%98%AA%E5%BA%9C%E5%A4%A7%E9%98%AA%E5%B8%82%E5%8C%97%E5%8C%BA%E4%B8%AD%E5%B4%8E1-9-21%20%E5%B9%B3%E5%92%8C%E3%83%93%E3%83%AB%201%EF%BC%A6,2018,スイーツ 百名店 WEST 2018,sweets_west,
ドゥブルベ・ボレロ 守山本店,滋賀県守山市播磨田町48-4,食べログ スイーツ 百名店 WEST 2018 百名店 2018,https://tabelog.com/tokyo/A1303/A130302/25000747/,https://www.google.com/maps/search/?api=1&query=%E3%83%89%E3%82%A5%E3%83%96%E3%83%AB%E3%83%99%E3%83%BB%E3%83%9C%E3%83%AC%E3%83%AD%20%E5%AE%88%E5%B1%B1%E6%9C%AC%E5%BA%97%20%E6%BB%8B%E8%B3%80%E7%9C%8C%E5%AE%88%E5%B1%B1%E5%B8%82%E6%92%AD%E7%A3%A8%E7%94%B0%E7%94%BA48-4,2018,スイーツ 百名店 WEST 2018,sweets_west,
ムッシュー・ジー,富山県富山市総曲輪4-10-9,食べログ スイーツ 百名店 WEST 2018 百名店 2018,https://tabelog.com/tokyo/A1303/A130302/16006819/,https://www.google.com/maps/search/?api=1&query=%E3%83%A0%E3%83%83%E3%82%B7%E3%83%A5%E3%83%BC%E3%83%BB%E3%82%B8%E3%83%BC%20%E5%AF%8C%E5%B1%B1%E7%9C%8C%E5%AF%8C%E5%B1%B1%E5%B8%82%E7%B7%8F%E6%9B%B2%E8%BC%AA4-10-9,2018,スイーツ 百名店 WEST 2018,sweets_west,
甘泉堂,京都府京都市東山区祇園町344-6,食べログ スイーツ 百名店 WEST 2018 百名店 2018,https://tabelog.com/tokyo/A1303/A130302/26001392/,https://www.google.com/maps/search/?api=1&query=%E7%94%98%E6%B3%89%E5%A0%82%20%E4%BA%AC%E9%83%BD%E5%BA%9C%E4%BA%AC%E9%83%BD%E5%B8%82%E6%9D%B1%E5%B1%B1%E5%8C%BA%E7%A5%87%E5%9C%92%E7%94%BA344-6,2018,スイーツ 百名店 WEST 2018,sweets_west,
PATISSERIE LACROIX,兵庫県伊丹市伊丹2-2-18,食べログ スイーツ 百名店 WEST 2018 百名店 2018,https://tabelog.com/tokyo/A1303/A130302/28031988/,https://www.google.com/maps/search/?api=1&query=PATISSERIE%20LACROIX%20%E5%85%B5%E5%BA%AB%E7%9C%8C%E4%BC%8A%E4%B8%B9%E5%B8%82%E4%BC%8A%E4%B8%B92-2-18,2018,スイーツ 百名店 WEST 2018,sweets_west,
玉製家,大阪府大阪市中央区千日前1-4-4,食べログ スイーツ 百名店 WEST 2018 百名店 2018,https://tabelog.com/tokyo/A1303/A130302/27001576/,https://www.google.com/maps/search/?api=1&query=%E7%8E%89%E8%A3%BD%E5%AE%B6%20%E5%A4%A7%E9%98%AA%E5%BA%9C%E5%A4%A7%E9%98%AA%E5%B8%82%E4%B8%AD%E5%A4%AE%E5%8C%BA%E5%8D%83%E6%97%A5%E5%89%8D1-4-4,2018,スイーツ 百名店 WEST 2018,sweets_west,
ぎおん徳屋,京都府京都市東山区祇園町南側570-127,食べログ スイーツ 百名店 WEST 2018 百名店 2018,https://tabelog.com/tokyo/A1303/A130302/26002075/,https://www.google.com/maps/search/?api=1&query=%E3%81%8E%E3%81%8A%E3%82%93%E5%BE%B3%E5%B1%8B%20%E4%BA%AC%E9%83%BD%E5%BA%9C%E4%BA%AC%E9%83%BD%E5%B8%82%E6%9D%B1%E5%B1%B1%E5%8C%BA%E7%A5%87%E5%9C%92%E7%94%BA%E5%8D%97%E5%81%B4570-127,2018,スイーツ 百名店 WEST 2018,sweets_west,
鍵善良房 四条本店,京都府京都市東山区祇園町北側264,食べログ スイーツ 百名店 WEST 2018 百名店 2018,https://tabelog.com/tokyo/A1303/A130302/26001887/,https://www.google.com/maps/search/?api=1&query=%E9%8D%B5%E5%96%84%E8%89%AF%E6%88%BF%20%E5%9B%9B%E6%9D%A1%E6%9C%AC%E5%BA%97%20%E4%BA%AC%E9%83%BD%E5%BA%9C%E4%BA%AC%E9%83%BD%E5%B8%82%E6%9D%B1%E5%B1%B1%E5%8C%BA%E7%A5%87%E5%9C%92%E7%94%BA%E5%8C%97%E5%81%B4264,2018,スイーツ 百名店 WEST 2018,sweets_west,
岩村もみじ屋,広島県廿日市市宮島町中江町304-1,食べログ スイーツ 百名店 WEST 2018 百名店 2018,https://tabelog.com/tokyo/A1303/A130302/34001087/,https://www.google.com/maps/search/?api=1&query=%E5%B2%A9%E6%9D%91%E3%82%82%E3%81%BF%E3%81%98%E5%B1%8B%20%E5%BA%83%E5%B3%B6%E7%9C%8C%E5%BB%BF%E6%97%A5%E5%B8%82%E5%B8%82%E5%AE%AE%E5%B3%B6%E7%94%BA%E4%B8%AD%E6%B1%9F%E7%94%BA304-1,2018,スイーツ 百名店 WEST 2018,sweets_west,
とんかつ いちかつ,東京都墨田区横網1-3-4,食べログ とんかつ 百名店 2018,https://tabelog.com/tokyo/A1312/A131201/13127752/,https://www.google.com/maps/search/?api=1&query=%E3%81%A8%E3%82%93%E3%81%8B%E3%81%A4%20%E3%81%84%E3%81%A1%E3%81%8B%E3%81%A4%20%E6%9D%B1%E4%BA%AC%E9%83%BD%E5%A2%A8%E7%94%B0%E5%8C%BA%E6%A8%AA%E7%B6%B21-3-4,2018,とんかつ,tonkatsu,
すぎ田,東京都台東区寿3-8-3,食べログ とんかつ 百名店 2018,https://tabelog.com/tokyo/A1311/A131103/13003707/,https://www.google.com/maps/search/?api=1&query=%E3%81%99%E3%81%8E%E7%94%B0%20%E6%9D%B1%E4%BA%AC%E9%83%BD%E5%8F%B0%E6%9D%B1%E5%8C%BA%E5%AF%BF3-8-3,2018,とんかつ,tonkatsu,
丸八とんかつ店 本店,東京都品川区東大井5-4-10,食べログ とんかつ 百名店 2018,https://tabelog.com/tokyo/A1315/A131501/13007363/,https://www.google.com/maps/search/?api=1&query=%E4%B8%B8%E5%85%AB%E3%81%A8%E3%82%93%E3%81%8B%E3%81%A4%E5%BA%97%20%E6%9C%AC%E5%BA%97%20%E6%9D%B1%E4%BA%AC%E9%83%BD%E5%93%81%E5%B7%9D%E5%8C%BA%E6%9D%B1%E5%A4%A7%E4%BA%955-4-10,2018,とんかつ,tonkatsu,
とんかつ太郎,新潟県新潟市中央区古町通6番町973,食べログ とんかつ 百名店 2018,https://tabelog.com/niigata/A1501/A150101/15000010/,https://www.google.com/maps/search/?api=1&query=%E3%81%A8%E3%82%93%E3%81%8B%E3%81%A4%E5%A4%AA%E9%83%8E%20%E6%96%B0%E6%BD%9F%E7%9C%8C%E6%96%B0%E6%BD%9F%E5%B8%82%E4%B8%AD%E5%A4%AE%E5%8C%BA%E5%8F%A4%E7%94%BA%E9%80%9A6%E7%95%AA%E7%94%BA973,2018,とんかつ,tonkatsu,
とんかつ かつせい,宮城県仙台市青葉区北目町7-25,食べログ とんかつ 百名店 2018,https://tabelog.com/miyagi/A0401/A040101/4000211/,https://www.google.com/maps/search/?api=1&query=%E3%81%A8%E3%82%93%E3%81%8B%E3%81%A4%20%E3%81%8B%E3%81%A4%E3%81%9B%E3%81%84%20%E5%AE%AE%E5%9F%8E%E7%9C%8C%E4%BB%99%E5%8F%B0%E5%B8%82%E9%9D%92%E8%91%89%E5%8C%BA%E5%8C%97%E7%9B%AE%E7%94%BA7-25,2018,とんかつ,tonkatsu,
塩梅,千葉県柏市明原1-2-3 柏田中ビル　Ｂ１Ｆ,食べログ とんかつ 百名店 2018,https://tabelog.com/chiba/A1203/A120301/12000061/,https://www.google.com/maps/search/?api=1&query=%E5%A1%A9%E6%A2%85%20%E5%8D%83%E8%91%89%E7%9C%8C%E6%9F%8F%E5%B8%82%E6%98%8E%E5%8E%9F1-2-3%20%E6%9F%8F%E7%94%B0%E4%B8%AD%E3%83%93%E3%83%AB%E3%80%80%EF%BC%A2%EF%BC%91%EF%BC%A6,2018,とんかつ,tonkatsu,
とんかつ 明石,東京都港区新橋2-16-1 ニュー新橋ビル 4F,食べログ とんかつ 百名店 2018,https://tabelog.com/tokyo/A1301/A130103/13033663/,https://www.google.com/maps/search/?api=1&query=%E3%81%A8%E3%82%93%E3%81%8B%E3%81%A4%20%E6%98%8E%E7%9F%B3%20%E6%9D%B1%E4%BA%AC%E9%83%BD%E6%B8%AF%E5%8C%BA%E6%96%B0%E6%A9%8B2-16-1%20%E3%83%8B%E3%83%A5%E3%83%BC%E6%96%B0%E6%A9%8B%E3%83%93%E3%83%AB%204F,2018,とんかつ,tonkatsu,
とんかつ おさむ,東京都豊島区南長崎1-3-11,食べログ とんかつ 百名店 2018,https://tabelog.com/tokyo/A1321/A132101/13012436/,https://www.google.com/maps/search/?api=1&query=%E3%81%A8%E3%82%93%E3%81%8B%E3%81%A4%20%E3%81%8A%E3%81%95%E3%82%80%20%E6%9D%B1%E4%BA%AC%E9%83%BD%E8%B1%8A%E5%B3%B6%E5%8C%BA%E5%8D%97%E9%95%B7%E5%B4%8E1-3-11,2018,とんかつ,tonkatsu,
イマカツ 銀座店,東京都中央区銀座4-13-18 医療ビル 1F,食べログ とんかつ 百名店 2018,https://tabelog.com/tokyo/A1301/A130101/13159038/,https://www.google.com/maps/search/?api=1&query=%E3%82%A4%E3%83%9E%E3%82%AB%E3%83%84%20%E9%8A%80%E5%BA%A7%E5%BA%97%20%E6%9D%B1%E4%BA%AC%E9%83%BD%E4%B8%AD%E5%A4%AE%E5%8C%BA%E9%8A%80%E5%BA%A74-13-18%20%E5%8C%BB%E7%99%82%E3%83%93%E3%83%AB%201F,2018,とんかつ,tonkatsu,
とんかつ 川久,鹿児島県鹿児島市中央町21-13,食べログ とんかつ 百名店 2018,https://tabelog.com/kagoshima/A4601/A460101/46000246/,https://www.google.com/maps/search/?api=1&query=%E3%81%A8%E3%82%93%E3%81%8B%E3%81%A4%20%E5%B7%9D%E4%B9%85%20%E9%B9%BF%E5%85%90%E5%B3%B6%E7%9C%8C%E9%B9%BF%E5%85%90%E5%B3%B6%E5%B8%82%E4%B8%AD%E5%A4%AE%E7%94%BA21-13,2018,とんかつ,tonkatsu,
矢田かつ,愛知県名古屋市東区矢田2-5-18,食べログ とんかつ 百名店 2018,https://tabelog.com/aichi/A2301/A230110/23037296/,https://www.google.com/maps/search/?api=1&query=%E7%9F%A2%E7%94%B0%E3%81%8B%E3%81%A4%20%E6%84%9B%E7%9F%A5%E7%9C%8C%E5%90%8D%E5%8F%A4%E5%B1%8B%E5%B8%82%E6%9D%B1%E5%8C%BA%E7%9F%A2%E7%94%B02-5-18,2018,とんかつ,tonkatsu,
とんかつ まい泉 青山本店,東京都渋谷区神宮前4-8-5,食べログ とんかつ 百名店 2018,https://tabelog.com/tokyo/A1306/A130602/13001850/,https://www.google.com/maps/search/?api=1&query=%E3%81%A8%E3%82%93%E3%81%8B%E3%81%A4%20%E3%81%BE%E3%81%84%E6%B3%89%20%E9%9D%92%E5%B1%B1%E6%9C%AC%E5%BA%97%20%E6%9D%B1%E4%BA%AC%E9%83%BD%E6%B8%8B%E8%B0%B7%E5%8C%BA%E7%A5%9E%E5%AE%AE%E5%89%8D4-8-5,2018,とんかつ,tonkatsu,
とんかつ瓢,千葉県柏市旭町2-2-2 第一松崎ビル 1F,食べログ とんかつ 百名店 2018,https://tabelog.com/chiba/A1203/A120301/12038382/,https://www.google.com/maps/search/?api=1&query=%E3%81%A8%E3%82%93%E3%81%8B%E3%81%A4%E7%93%A2%20%E5%8D%83%E8%91%89%E7%9C%8C%E6%9F%8F%E5%B8%82%E6%97%AD%E7%94%BA2-2-2%20%E7%AC%AC%E4%B8%80%E6%9D%BE%E5%B4%8E%E3%83%93%E3%83%AB%201F,2018,とんかつ,tonkatsu,
かつ好,東京都中央区日本橋人形町3-4-11,食べログ とんかつ 百名店 2018,https://tabelog.com/tokyo/A1302/A130204/13204633/,https://www.google.com/maps/search/?api=1&query=%E3%81%8B%E3%81%A4%E5%A5%BD%20%E6%9D%B1%E4%BA%AC%E9%83%BD%E4%B8%AD%E5%A4%AE%E5%8C%BA%E6%97%A5%E6%9C%AC%E6%A9%8B%E4%BA%BA%E5%BD%A2%E7%94%BA3-4-11,2018,とんかつ,tonkatsu,
とんかつ やまいち,東京都千代田区神田須田町1-8-4 玉井ビル1F,食べログ とんかつ 百名店 2018,https://tabelog.com/tokyo/A1310/A131002/13042246/,https://www.google.com/maps/search/?api=1&query=%E3%81%A8%E3%82%93%E3%81%8B%E3%81%A4%20%E3%82%84%E3%81%BE%E3%81%84%E3%81%A1%20%E6%9D%B1%E4%BA%AC%E9%83%BD%E5%8D%83%E4%BB%A3%E7%94%B0%E5%8C%BA%E7%A5%9E%E7%94%B0%E9%A0%88%E7%94%B0%E7%94%BA1-8-4%20%E7%8E%89%E4%BA%95%E3%83%93%E3%83%AB1F,2018,とんかつ,tonkatsu,
田むら銀かつ亭 本店,神奈川県足柄下郡箱根町強羅1300-739,食べログ とんかつ 百名店 2018,https://tabelog.com/kanagawa/A1410/A141001/14001492/,https://www.google.com/maps/search/?api=1&query=%E7%94%B0%E3%82%80%E3%82%89%E9%8A%80%E3%81%8B%E3%81%A4%E4%BA%AD%20%E6%9C%AC%E5%BA%97%20%E7%A5%9E%E5%A5%88%E5%B7%9D%E7%9C%8C%E8%B6%B3%E6%9F%84%E4%B8%8B%E9%83%A1%E7%AE%B1%E6%A0%B9%E7%94%BA%E5%BC%B7%E7%BE%851300-739,2018,とんかつ,tonkatsu,
ぽん多本家,東京都台東区上野3-23-3,食べログ とんかつ 百名店 2018,https://tabelog.com/tokyo/A1311/A131101/13003587/,https://www.google.com/maps/search/?api=1&query=%E3%81%BD%E3%82%93%E5%A4%9A%E6%9C%AC%E5%AE%B6%20%E6%9D%B1%E4%BA%AC%E9%83%BD%E5%8F%B0%E6%9D%B1%E5%8C%BA%E4%B8%8A%E9%87%8E3-23-3,2018,とんかつ,tonkatsu,
大五,東京都港区白金1-25-21 日興パレス　１Ｆ,食べログ とんかつ 百名店 2018,https://tabelog.com/tokyo/A1316/A131602/13007156/,https://www.google.com/maps/search/?api=1&query=%E5%A4%A7%E4%BA%94%20%E6%9D%B1%E4%BA%AC%E9%83%BD%E6%B8%AF%E5%8C%BA%E7%99%BD%E9%87%911-25-21%20%E6%97%A5%E8%88%88%E3%83%91%E3%83%AC%E3%82%B9%E3%80%80%EF%BC%91%EF%BC%A6,2018,とんかつ,tonkatsu,
勝烈庵 馬車道総本店,神奈川県横浜市中区常盤町5-58-2,食べログ とんかつ 百名店 2018,https://tabelog.com/kanagawa/A1401/A140104/14000146/,https://www.google.com/maps/search/?api=1&query=%E5%8B%9D%E7%83%88%E5%BA%B5%20%E9%A6%AC%E8%BB%8A%E9%81%93%E7%B7%8F%E6%9C%AC%E5%BA%97%20%E7%A5%9E%E5%A5%88%E5%B7%9D%E7%9C%8C%E6%A8%AA%E6%B5%9C%E5%B8%82%E4%B8%AD%E5%8C%BA%E5%B8%B8%E7%9B%A4%E7%94%BA5-58-2,2018,とんかつ,tonkatsu,
かつ吉 新丸ビル店,東京都千代田区丸の内1-5-1 新丸の内ビルディング 5F,食べログ とんかつ 百名店 2018,https://tabelog.com/tokyo/A1302/A130201/13038494/,https://www.google.com/maps/search/?api=1&query=%E3%81%8B%E3%81%A4%E5%90%89%20%E6%96%B0%E4%B8%B8%E3%83%93%E3%83%AB%E5%BA%97%20%E6%9D%B1%E4%BA%AC%E9%83%BD%E5%8D%83%E4%BB%A3%E7%94%B0%E5%8C%BA%E4%B8%B8%E3%81%AE%E5%86%851-5-1%20%E6%96%B0%E4%B8%B8%E3%81%AE%E5%86%85%E3%83%93%E3%83%AB%E3%83%87%E3%82%A3%E3%83%B3%E3%82%B0%205F,2018,とんかつ,tonkatsu,
味のとんかつ 丸一,鹿児島県鹿児島市山之口町1-10 鹿児島中央ビル　Ｂ１Ｆ,食べログ とんかつ 百名店 2018,https://tabelog.com/kagoshima/A4601/A460101/46000091/,https://www.google.com/maps/search/?api=1&query=%E5%91%B3%E3%81%AE%E3%81%A8%E3%82%93%E3%81%8B%E3%81%A4%20%E4%B8%B8%E4%B8%80%20%E9%B9%BF%E5%85%90%E5%B3%B6%E7%9C%8C%E9%B9%BF%E5%85%90%E5%B3%B6%E5%B8%82%E5%B1%B1%E4%B9%8B%E5%8F%A3%E7%94%BA1-10%20%E9%B9%BF%E5%85%90%E5%B3%B6%E4%B8%AD%E5%A4%AE%E3%83%93%E3%83%AB%E3%80%80%EF%BC%A2%EF%BC%91%EF%BC%A6,2018,とんかつ,tonkatsu,
とんかつひなた,東京都新宿区高田馬場2-13-9 鈴木ビル1階,食べログ とんかつ 百名店 2018,https://tabelog.com/tokyo/A1305/A130503/13204289/,https://www.google.com/maps/search/?api=1&query=%E3%81%A8%E3%82%93%E3%81%8B%E3%81%A4%E3%81%B2%E3%81%AA%E3%81%9F%20%E6%9D%B1%E4%BA%AC%E9%83%BD%E6%96%B0%E5%AE%BF%E5%8C%BA%E9%AB%98%E7%94%B0%E9%A6%AC%E5%A0%B42-13-9%20%E9%88%B4%E6%9C%A8%E3%83%93%E3%83%AB1%E9%9A%8E,2018,とんかつ,tonkatsu,
とんかつ ゆたか,東京都台東区浅草1-15-9,食べログ とんかつ 百名店 2018,https://tabelog.com/tokyo/A1311/A131102/13003669/,https://www.google.com/maps/search/?api=1&query=%E3%81%A8%E3%82%93%E3%81%8B%E3%81%A4%20%E3%82%86%E3%81%9F%E3%81%8B%20%E6%9D%B1%E4%BA%AC%E9%83%BD%E5%8F%B0%E6%9D%B1%E5%8C%BA%E6%B5%85%E8%8D%891-15-9,2018,とんかつ,tonkatsu,
とんかつ野崎,三重県松阪市長月町9,食べログ とんかつ 百名店 2018,https://tabelog.com/mie/A2401/A240102/24001400/,https://www.google.com/maps/search/?api=1&query=%E3%81%A8%E3%82%93%E3%81%8B%E3%81%A4%E9%87%8E%E5%B4%8E%20%E4%B8%89%E9%87%8D%E7%9C%8C%E6%9D%BE%E9%98%AA%E5%B8%82%E9%95%B7%E6%9C%88%E7%94%BA9,2018,とんかつ,tonkatsu,
とんかつまるや 新橋駅前本店,東京都港区新橋2-20-15 新橋駅前ビル1号館 1F,食べログ とんかつ 百名店 2018,https://tabelog.com/tokyo/A1301/A130103/13019814/,https://www.google.com/maps/search/?api=1&query=%E3%81%A8%E3%82%93%E3%81%8B%E3%81%A4%E3%81%BE%E3%82%8B%E3%82%84%20%E6%96%B0%E6%A9%8B%E9%A7%85%E5%89%8D%E6%9C%AC%E5%BA%97%20%E6%9D%B1%E4%BA%AC%E9%83%BD%E6%B8%AF%E5%8C%BA%E6%96%B0%E6%A9%8B2-20-15%20%E6%96%B0%E6%A9%8B%E9%A7%85%E5%89%8D%E3%83%93%E3%83%AB1%E5%8F%B7%E9%A4%A8%201F,2018,とんかつ,tonkatsu,
勝烈亭 新市街本店,熊本県熊本市中央区新市街8-18 林ビル　１Ｆ,食べログ とんかつ 百名店 2018,https://tabelog.com/kumamoto/A4301/A430101/43000307/,https://www.google.com/maps/search/?api=1&query=%E5%8B%9D%E7%83%88%E4%BA%AD%20%E6%96%B0%E5%B8%82%E8%A1%97%E6%9C%AC%E5%BA%97%20%E7%86%8A%E6%9C%AC%E7%9C%8C%E7%86%8A%E6%9C%AC%E5%B8%82%E4%B8%AD%E5%A4%AE%E5%8C%BA%E6%96%B0%E5%B8%82%E8%A1%978-18%20%E6%9E%97%E3%83%93%E3%83%AB%E3%80%80%EF%BC%91%EF%BC%A6,2018,とんかつ,tonkatsu,
とんかつ くにか,北海道札幌市白石区川下3条7丁目1-31,食べログ とんかつ 百名店 2018,https://tabelog.com/hokkaido/A0101/A010301/1003933/,https://www.google.com/maps/search/?api=1&query=%E3%81%A8%E3%82%93%E3%81%8B%E3%81%A4%20%E3%81%8F%E3%81%AB%E3%81%8B%20%E5%8C%97%E6%B5%B7%E9%81%93%E6%9C%AD%E5%B9%8C%E5%B8%82%E7%99%BD%E7%9F%B3%E5%8C%BA%E5%B7%9D%E4%B8%8B3%E6%9D%A17%E4%B8%81%E7%9B%AE1-31,2018,とんかつ,tonkatsu,
とんかつ檍 銀座8丁目店,東京都中央区銀座8-8-7 第3ソワレ・ドビル B1F,食べログ とんかつ 百名店 2018,https://tabelog.com/tokyo/A1301/A130101/13219635/,https://www.google.com/maps/search/?api=1&query=%E3%81%A8%E3%82%93%E3%81%8B%E3%81%A4%E6%AA%8D%20%E9%8A%80%E5%BA%A78%E4%B8%81%E7%9B%AE%E5%BA%97%20%E6%9D%B1%E4%BA%AC%E9%83%BD%E4%B8%AD%E5%A4%AE%E5%8C%BA%E9%8A%80%E5%BA%A78-8-7%20%E7%AC%AC3%E3%82%BD%E3%83%AF%E3%83%AC%E3%83%BB%E3%83%89%E3%83%93%E3%83%AB%20B1F,2018,とんかつ,tonkatsu,
キッチン直,千葉県船橋市宮本5-1-8,食べログ とんかつ 百名店 2018,https://tabelog.com/chiba/A1202/A120201/12003637/,https://www.google.com/maps/search/?api=1&query=%E3%82%AD%E3%83%83%E3%83%81%E3%83%B3%E7%9B%B4%20%E5%8D%83%E8%91%89%E7%9C%8C%E8%88%B9%E6%A9%8B%E5%B8%82%E5%AE%AE%E6%9C%AC5-1-8,2018,とんかつ,tonkatsu,
とんかつ燕楽,東京都大田区池上6-1-4,食べログ とんかつ 百名店 2018,https://tabelog.com/tokyo/A1317/A131714/13034183/,https://www.google.com/maps/search/?api=1&query=%E3%81%A8%E3%82%93%E3%81%8B%E3%81%A4%E7%87%95%E6%A5%BD%20%E6%9D%B1%E4%BA%AC%E9%83%BD%E5%A4%A7%E7%94%B0%E5%8C%BA%E6%B1%A0%E4%B8%8A6-1-4,2018,とんかつ,tonkatsu,
あけぼの,東京都千代田区有楽町2-10-1 東京交通会館 B1F,食べログ とんかつ 百名店 2018,https://tabelog.com/tokyo/A1301/A130102/13000129/,https://www.google.com/maps/search/?api=1&query=%E3%81%82%E3%81%91%E3%81%BC%E3%81%AE%20%E6%9D%B1%E4%BA%AC%E9%83%BD%E5%8D%83%E4%BB%A3%E7%94%B0%E5%8C%BA%E6%9C%89%E6%A5%BD%E7%94%BA2-10-1%20%E6%9D%B1%E4%BA%AC%E4%BA%A4%E9%80%9A%E4%BC%9A%E9%A4%A8%20B1F,2018,とんかつ,tonkatsu,
とんかつ食房 厚○,愛知県名古屋市守山区大字下志段味字釼当先1022,食べログ とんかつ 百名店 2018,https://tabelog.com/aichi/A2301/A230114/23006270/,https://www.google.com/maps/search/?api=1&query=%E3%81%A8%E3%82%93%E3%81%8B%E3%81%A4%E9%A3%9F%E6%88%BF%20%E5%8E%9A%E2%97%8B%20%E6%84%9B%E7%9F%A5%E7%9C%8C%E5%90%8D%E5%8F%A4%E5%B1%8B%E5%B8%82%E5%AE%88%E5%B1%B1%E5%8C%BA%E5%A4%A7%E5%AD%97%E4%B8%8B%E5%BF%97%E6%AE%B5%E5%91%B3%E5%AD%97%E9%87%BC%E5%BD%93%E5%85%881022,2018,とんかつ,tonkatsu,
焼とんかつ たいら,愛知県名古屋市千種区今池5-8-9,食べログ とんかつ 百名店 2018,https://tabelog.com/aichi/A2301/A230106/23004729/,https://www.google.com/maps/search/?api=1&query=%E7%84%BC%E3%81%A8%E3%82%93%E3%81%8B%E3%81%A4%20%E3%81%9F%E3%81%84%E3%82%89%20%E6%84%9B%E7%9F%A5%E7%9C%8C%E5%90%8D%E5%8F%A4%E5%B1%8B%E5%B8%82%E5%8D%83%E7%A8%AE%E5%8C%BA%E4%BB%8A%E6%B1%A05-8-9,2018,とんかつ,tonkatsu,
とんかつ たわら,大阪府大阪市天王寺区細工谷1-6-15,食べログ とんかつ 百名店 2018,https://tabelog.com/osaka/A2701/A270203/27008980/,https://www.google.com/maps/search/?api=1&query=%E3%81%A8%E3%82%93%E3%81%8B%E3%81%A4%20%E3%81%9F%E3%82%8F%E3%82%89%20%E5%A4%A7%E9%98%AA%E5%BA%9C%E5%A4%A7%E9%98%AA%E5%B8%82%E5%A4%A9%E7%8E%8B%E5%AF%BA%E5%8C%BA%E7%B4%B0%E5%B7%A5%E8%B0%B71-6-15,2018,とんかつ,tonkatsu,
とんかつ いわい,東京都港区芝公園2-3-7 玉川ビル 2F,食べログ とんかつ 百名店 2018,https://tabelog.com/tokyo/A1314/A131401/13170377/,https://www.google.com/maps/search/?api=1&query=%E3%81%A8%E3%82%93%E3%81%8B%E3%81%A4%20%E3%81%84%E3%82%8F%E3%81%84%20%E6%9D%B1%E4%BA%AC%E9%83%BD%E6%B8%AF%E5%8C%BA%E8%8A%9D%E5%85%AC%E5%9C%922-3-7%20%E7%8E%89%E5%B7%9D%E3%83%93%E3%83%AB%202F,2018,とんかつ,tonkatsu,
とんかつ ひろ喜 徳庵本店,大阪府東大阪市稲田本町3-20-11,食べログ とんかつ 百名店 2018,https://tabelog.com/osaka/A2707/A270703/27043187/,https://www.google.com/maps/search/?api=1&query=%E3%81%A8%E3%82%93%E3%81%8B%E3%81%A4%20%E3%81%B2%E3%82%8D%E5%96%9C%20%E5%BE%B3%E5%BA%B5%E6%9C%AC%E5%BA%97%20%E5%A4%A7%E9%98%AA%E5%BA%9C%E6%9D%B1%E5%A4%A7%E9%98%AA%E5%B8%82%E7%A8%B2%E7%94%B0%E6%9C%AC%E7%94%BA3-20-11,2018,とんかつ,tonkatsu,
とん八亭,東京都台東区上野4-3-4,食べログ とんかつ 百名店 2018,https://tabelog.com/tokyo/A1311/A131101/13003593/,https://www.google.com/maps/search/?api=1&query=%E3%81%A8%E3%82%93%E5%85%AB%E4%BA%AD%20%E6%9D%B1%E4%BA%AC%E9%83%BD%E5%8F%B0%E6%9D%B1%E5%8C%BA%E4%B8%8A%E9%87%8E4-3-4,2018,とんかつ,tonkatsu,
かつ平,東京都中央区築地6-12-10,食べログ とんかつ 百名店 2018,https://tabelog.com/tokyo/A1313/A131301/13007635/,https://www.google.com/maps/search/?api=1&query=%E3%81%8B%E3%81%A4%E5%B9%B3%20%E6%9D%B1%E4%BA%AC%E9%83%BD%E4%B8%AD%E5%A4%AE%E5%8C%BA%E7%AF%89%E5%9C%B06-12-10,2018,とんかつ,tonkatsu,
はせ川,東京都墨田区両国3-24-1 両国尾崎ビル　１０３,食べログ とんかつ 百名店 2018,https://tabelog.com/tokyo/A1312/A131201/13019126/,https://www.google.com/maps/search/?api=1&query=%E3%81%AF%E3%81%9B%E5%B7%9D%20%E6%9D%B1%E4%BA%AC%E9%83%BD%E5%A2%A8%E7%94%B0%E5%8C%BA%E4%B8%A1%E5%9B%BD3-24-1%20%E4%B8%A1%E5%9B%BD%E5%B0%BE%E5%B4%8E%E3%83%93%E3%83%AB%E3%80%80%EF%BC%91%EF%BC%90%EF%BC%93,2018,とんかつ,tonkatsu,
とんかつ マンジェ,大阪府八尾市陽光園2-3-22,食べログ とんかつ 百名店 2018,https://tabelog.com/osaka/A2707/A270705/27013624/,https://www.google.com/maps/search/?api=1&query=%E3%81%A8%E3%82%93%E3%81%8B%E3%81%A4%20%E3%83%9E%E3%83%B3%E3%82%B8%E3%82%A7%20%E5%A4%A7%E9%98%AA%E5%BA%9C%E5%85%AB%E5%B0%BE%E5%B8%82%E9%99%BD%E5%85%89%E5%9C%922-3-22,2018,とんかつ,tonkatsu,
西麻布 豚組,東京都港区西麻布2-24-9,食べログ とんかつ 百名店 2018,https://tabelog.com/tokyo/A1307/A130701/13004791/,https://www.google.com/maps/search/?api=1&query=%E8%A5%BF%E9%BA%BB%E5%B8%83%20%E8%B1%9A%E7%B5%84%20%E6%9D%B1%E4%BA%AC%E9%83%BD%E6%B8%AF%E5%8C%BA%E8%A5%BF%E9%BA%BB%E5%B8%832-24-9,2018,とんかつ,tonkatsu,
とんかつ杉,宮城県仙台市若林区志波町18-18,食べログ とんかつ 百名店 2018,https://tabelog.com/miyagi/A0401/A040103/4000021/,https://www.google.com/maps/search/?api=1&query=%E3%81%A8%E3%82%93%E3%81%8B%E3%81%A4%E6%9D%89%20%E5%AE%AE%E5%9F%8E%E7%9C%8C%E4%BB%99%E5%8F%B0%E5%B8%82%E8%8B%A5%E6%9E%97%E5%8C%BA%E5%BF%97%E6%B3%A2%E7%94%BA18-18,2018,とんかつ,tonkatsu,
すずや 新宿本店,東京都新宿区歌舞伎町1-23-15 SUZUYAビル 5F,食べログ とんかつ 百名店 2018,https://tabelog.com/tokyo/A1304/A130401/13193593/,https://www.google.com/maps/search/?api=1&query=%E3%81%99%E3%81%9A%E3%82%84%20%E6%96%B0%E5%AE%BF%E6%9C%AC%E5%BA%97%20%E6%9D%B1%E4%BA%AC%E9%83%BD%E6%96%B0%E5%AE%BF%E5%8C%BA%E6%AD%8C%E8%88%9E%E4%BC%8E%E7%94%BA1-23-15%20SUZUYA%E3%83%93%E3%83%AB%205F,2018,とんかつ,tonkatsu,
丸和,神奈川県横浜市中区住吉町5-61,食べログ とんかつ 百名店 2018,https://tabelog.com/kanagawa/A1401/A140104/14004558/,https://www.google.com/maps/search/?api=1&query=%E4%B8%B8%E5%92%8C%20%E7%A5%9E%E5%A5%88%E5%B7%9D%E7%9C%8C%E6%A8%AA%E6%B5%9C%E5%B8%82%E4%B8%AD%E5%8C%BA%E4%BD%8F%E5%90%89%E7%94%BA5-61,2018,とんかつ,tonkatsu,
epais,大阪府大阪市北区曽根崎新地1-9-3 ニュー華ビル 3F,食べログ とんかつ 百名店 2018,https://tabelog.com/osaka/A2701/A270101/27072441/,https://www.google.com/maps/search/?api=1&query=epais%20%E5%A4%A7%E9%98%AA%E5%BA%9C%E5%A4%A7%E9%98%AA%E5%B8%82%E5%8C%97%E5%8C%BA%E6%9B%BD%E6%A0%B9%E5%B4%8E%E6%96%B0%E5%9C%B01-9-3%20%E3%83%8B%E3%83%A5%E3%83%BC%E8%8F%AF%E3%83%93%E3%83%AB%203F,2018,とんかつ,tonkatsu,
美はる,愛知県尾張旭市北本地ヶ原4-27-5,食べログ とんかつ 百名店 2018,https://tabelog.com/aichi/A2303/A230302/23043621/,https://www.google.com/maps/search/?api=1&query=%E7%BE%8E%E3%81%AF%E3%82%8B%20%E6%84%9B%E7%9F%A5%E7%9C%8C%E5%B0%BE%E5%BC%B5%E6%97%AD%E5%B8%82%E5%8C%97%E6%9C%AC%E5%9C%B0%E3%83%B6%E5%8E%9F4-27-5,2018,とんかつ,tonkatsu,
井泉 本店,東京都文京区湯島3-40-3,食べログ とんかつ 百名店 2018,https://tabelog.com/tokyo/A1311/A131101/13003619/,https://www.google.com/maps/search/?api=1&query=%E4%BA%95%E6%B3%89%20%E6%9C%AC%E5%BA%97%20%E6%9D%B1%E4%BA%AC%E9%83%BD%E6%96%87%E4%BA%AC%E5%8C%BA%E6%B9%AF%E5%B3%B63-40-3,2018,とんかつ,tonkatsu,
涿屋,大阪府大阪市北区曽根崎2-5-37 1F,食べログ とんかつ 百名店 2018,https://tabelog.com/osaka/A2701/A270101/27002290/,https://www.google.com/maps/search/?api=1&query=%E6%B6%BF%E5%B1%8B%20%E5%A4%A7%E9%98%AA%E5%BA%9C%E5%A4%A7%E9%98%AA%E5%B8%82%E5%8C%97%E5%8C%BA%E6%9B%BD%E6%A0%B9%E5%B4%8E2-5-37%201F,2018,とんかつ,tonkatsu,
あげづき,東京都新宿区神楽坂3-2 山ノ内ビル B1F,食べログ とんかつ 百名店 2018,https://tabelog.com/tokyo/A1309/A130905/13107796/,https://www.google.com/maps/search/?api=1&query=%E3%81%82%E3%81%92%E3%81%A5%E3%81%8D%20%E6%9D%B1%E4%BA%AC%E9%83%BD%E6%96%B0%E5%AE%BF%E5%8C%BA%E7%A5%9E%E6%A5%BD%E5%9D%823-2%20%E5%B1%B1%E3%83%8E%E5%86%85%E3%83%93%E3%83%AB%20B1F,2018,とんかつ,tonkatsu,
豚組食堂,東京都港区六本木6-2-31 六本木ヒルズノースタワー B1F,食べログ とんかつ 百名店 2018,https://tabelog.com/tokyo/A1307/A130701/13155331/,https://www.google.com/maps/search/?api=1&query=%E8%B1%9A%E7%B5%84%E9%A3%9F%E5%A0%82%20%E6%9D%B1%E4%BA%AC%E9%83%BD%E6%B8%AF%E5%8C%BA%E5%85%AD%E6%9C%AC%E6%9C%A86-2-31%20%E5%85%AD%E6%9C%AC%E6%9C%A8%E3%83%92%E3%83%AB%E3%82%BA%E3%83%8E%E3%83%BC%E3%82%B9%E3%82%BF%E3%83%AF%E3%83%BC%20B1F,2018,とんかつ,tonkatsu,
とんかつ かつ壱,東京都品川区上大崎2-25-5 久米ビル　Ｂ１Ｆ,食べログ とんかつ 百名店 2018,https://tabelog.com/tokyo/A1316/A131601/13021829/,https://www.google.com/maps/search/?api=1&query=%E3%81%A8%E3%82%93%E3%81%8B%E3%81%A4%20%E3%81%8B%E3%81%A4%E5%A3%B1%20%E6%9D%B1%E4%BA%AC%E9%83%BD%E5%93%81%E5%B7%9D%E5%8C%BA%E4%B8%8A%E5%A4%A7%E5%B4%8E2-25-5%20%E4%B9%85%E7%B1%B3%E3%83%93%E3%83%AB%E3%80%80%EF%BC%A2%EF%BC%91%EF%BC%A6,2018,とんかつ,tonkatsu,
とん太,東京都豊島区高田3-17-8,食べログ とんかつ 百名店 2018,https://tabelog.com/tokyo/A1305/A130503/13003984/,https://www.google.com/maps/search/?api=1&query=%E3%81%A8%E3%82%93%E5%A4%AA%20%E6%9D%B1%E4%BA%AC%E9%83%BD%E8%B1%8A%E5%B3%B6%E5%8C%BA%E9%AB%98%E7%94%B03-17-8,2018,とんかつ,tonkatsu,
富山豚食堂 かつたま,富山県富山市二口町1-9-1,食べログ とんかつ 百名店 2018,https://tabelog.com/toyama/A1601/A160101/16007048/,https://www.google.com/maps/search/?api=1&query=%E5%AF%8C%E5%B1%B1%E8%B1%9A%E9%A3%9F%E5%A0%82%20%E3%81%8B%E3%81%A4%E3%81%9F%E3%81%BE%20%E5%AF%8C%E5%B1%B1%E7%9C%8C%E5%AF%8C%E5%B1%B1%E5%B8%82%E4%BA%8C%E5%8F%A3%E7%94%BA1-9-1,2018,とんかつ,tonkatsu,
とんかつ檍 大門店,東京都港区浜松町1-11-12 KMビル 1F,食べログ とんかつ 百名店 2018,https://tabelog.com/tokyo/A1314/A131401/13190933/,https://www.google.com/maps/search/?api=1&query=%E3%81%A8%E3%82%93%E3%81%8B%E3%81%A4%E6%AA%8D%20%E5%A4%A7%E9%96%80%E5%BA%97%20%E6%9D%B1%E4%BA%AC%E9%83%BD%E6%B8%AF%E5%8C%BA%E6%B5%9C%E6%9D%BE%E7%94%BA1-11-12%20KM%E3%83%93%E3%83%AB%201F,2018,とんかつ,tonkatsu,
丸一,東京都大田区大森北1-7-2,食べログ とんかつ 百名店 2018,https://tabelog.com/tokyo/A1315/A131502/13003332/,https://www.google.com/maps/search/?api=1&query=%E4%B8%B8%E4%B8%80%20%E6%9D%B1%E4%BA%AC%E9%83%BD%E5%A4%A7%E7%94%B0%E5%8C%BA%E5%A4%A7%E6%A3%AE%E5%8C%971-7-2,2018,とんかつ,tonkatsu,
とんかつ とんき 目黒本店,東京都目黒区下目黒1-1-2,食べログ とんかつ 百名店 2018,https://tabelog.com/tokyo/A1316/A131601/13002040/,https://www.google.com/maps/search/?api=1&query=%E3%81%A8%E3%82%93%E3%81%8B%E3%81%A4%20%E3%81%A8%E3%82%93%E3%81%8D%20%E7%9B%AE%E9%BB%92%E6%9C%AC%E5%BA%97%20%E6%9D%B1%E4%BA%AC%E9%83%BD%E7%9B%AE%E9%BB%92%E5%8C%BA%E4%B8%8B%E7%9B%AE%E9%BB%921-1-2,2018,とんかつ,tonkatsu,
かっぱ,岡山県倉敷市阿知2-17-2,食べログ とんかつ 百名店 2018,https://tabelog.com/okayama/A3302/A330201/33000185/,https://www.google.com/maps/search/?api=1&query=%E3%81%8B%E3%81%A3%E3%81%B1%20%E5%B2%A1%E5%B1%B1%E7%9C%8C%E5%80%89%E6%95%B7%E5%B8%82%E9%98%BF%E7%9F%A52-17-2,2018,とんかつ,tonkatsu,
とんかつ太郎,兵庫県神戸市中央区元町通4-6-1,食べログ とんかつ 百名店 2018,https://tabelog.com/hyogo/A2801/A280102/28001010/,https://www.google.com/maps/search/?api=1&query=%E3%81%A8%E3%82%93%E3%81%8B%E3%81%A4%E5%A4%AA%E9%83%8E%20%E5%85%B5%E5%BA%AB%E7%9C%8C%E7%A5%9E%E6%88%B8%E5%B8%82%E4%B8%AD%E5%A4%AE%E5%8C%BA%E5%85%83%E7%94%BA%E9%80%9A4-6-1,2018,とんかつ,tonkatsu,
とんかつ山家 御徒町店,東京都台東区上野6-2-6 胡同ビル 1F,食べログ とんかつ 百名店 2018,https://tabelog.com/tokyo/A1311/A131101/13138428/,https://www.google.com/maps/search/?api=1&query=%E3%81%A8%E3%82%93%E3%81%8B%E3%81%A4%E5%B1%B1%E5%AE%B6%20%E5%BE%A1%E5%BE%92%E7%94%BA%E5%BA%97%20%E6%9D%B1%E4%BA%AC%E9%83%BD%E5%8F%B0%E6%9D%B1%E5%8C%BA%E4%B8%8A%E9%87%8E6-2-6%20%E8%83%A1%E5%90%8C%E3%83%93%E3%83%AB%201F,2018,とんかつ,tonkatsu,
とんかつあさくら,愛知県名古屋市緑区滝の水1-809 エルパティオ滝ノ水　１Ｆ,食べログ とんかつ 百名店 2018,https://tabelog.com/aichi/A2301/A230112/23003992/,https://www.google.com/maps/search/?api=1&query=%E3%81%A8%E3%82%93%E3%81%8B%E3%81%A4%E3%81%82%E3%81%95%E3%81%8F%E3%82%89%20%E6%84%9B%E7%9F%A5%E7%9C%8C%E5%90%8D%E5%8F%A4%E5%B1%8B%E5%B8%82%E7%B7%91%E5%8C%BA%E6%BB%9D%E3%81%AE%E6%B0%B41-809%20%E3%82%A8%E3%83%AB%E3%83%91%E3%83%86%E3%82%A3%E3%82%AA%E6%BB%9D%E3%83%8E%E6%B0%B4%E3%80%80%EF%BC%91%EF%BC%A6,2018,とんかつ,tonkatsu,
とんかつ 大宝,東京都目黒区目黒1-6-15 1F,食べログ とんかつ 百名店 2018,https://tabelog.com/tokyo/A1316/A131601/13007463/,https://www.google.com/maps/search/?api=1&query=%E3%81%A8%E3%82%93%E3%81%8B%E3%81%A4%20%E5%A4%A7%E5%AE%9D%20%E6%9D%B1%E4%BA%AC%E9%83%BD%E7%9B%AE%E9%BB%92%E5%8C%BA%E7%9B%AE%E9%BB%921-6-15%201F,2018,とんかつ,tonkatsu,
丸五,東京都千代田区外神田1-8-14,食べログ とんかつ 百名店 2018,https://tabelog.com/tokyo/A1310/A131001/13000379/,https://www.google.com/maps/search/?api=1&query=%E4%B8%B8%E4%BA%94%20%E6%9D%B1%E4%BA%AC%E9%83%BD%E5%8D%83%E4%BB%A3%E7%94%B0%E5%8C%BA%E5%A4%96%E7%A5%9E%E7%94%B01-8-14,2018,とんかつ,tonkatsu,
とん亭,大阪府大阪市天王寺区大道4-1-2,食べログ とんかつ 百名店 2018,https://tabelog.com/osaka/A2701/A270203/27011174/,https://www.google.com/maps/search/?api=1&query=%E3%81%A8%E3%82%93%E4%BA%AD%20%E5%A4%A7%E9%98%AA%E5%BA%9C%E5%A4%A7%E9%98%AA%E5%B8%82%E5%A4%A9%E7%8E%8B%E5%AF%BA%E5%8C%BA%E5%A4%A7%E9%81%934-1-2,2018,とんかつ,tonkatsu,
すゞ家 赤門店,愛知県名古屋市中区大須3-11-17,食べログ とんかつ 百名店 2018,https://tabelog.com/aichi/A2301/A230105/23000039/,https://www.google.com/maps/search/?api=1&query=%E3%81%99%E3%82%9E%E5%AE%B6%20%E8%B5%A4%E9%96%80%E5%BA%97%20%E6%84%9B%E7%9F%A5%E7%9C%8C%E5%90%8D%E5%8F%A4%E5%B1%8B%E5%B8%82%E4%B8%AD%E5%8C%BA%E5%A4%A7%E9%A0%883-11-17,2018,とんかつ,tonkatsu,
とんかつ檍 蒲田本店,東京都大田区蒲田5-43-7 ロイヤルハイツ蒲田１０２,食べログ とんかつ 百名店 2018,https://tabelog.com/tokyo/A1315/A131503/13114843/,https://www.google.com/maps/search/?api=1&query=%E3%81%A8%E3%82%93%E3%81%8B%E3%81%A4%E6%AA%8D%20%E8%92%B2%E7%94%B0%E6%9C%AC%E5%BA%97%20%E6%9D%B1%E4%BA%AC%E9%83%BD%E5%A4%A7%E7%94%B0%E5%8C%BA%E8%92%B2%E7%94%B05-43-7%20%E3%83%AD%E3%82%A4%E3%83%A4%E3%83%AB%E3%83%8F%E3%82%A4%E3%83%84%E8%92%B2%E7%94%B0%EF%BC%91%EF%BC%90%EF%BC%92,2018,とんかつ,tonkatsu,
百年亭,愛知県名古屋市天白区植田本町2-1001,食べログ とんかつ 百名店 2018,https://tabelog.com/aichi/A2301/A230111/23001178/,https://www.google.com/maps/search/?api=1&query=%E7%99%BE%E5%B9%B4%E4%BA%AD%20%E6%84%9B%E7%9F%A5%E7%9C%8C%E5%90%8D%E5%8F%A4%E5%B1%8B%E5%B8%82%E5%A4%A9%E7%99%BD%E5%8C%BA%E6%A4%8D%E7%94%B0%E6%9C%AC%E7%94%BA2-1001,2018,とんかつ,tonkatsu,
銀座梅林 本店,東京都中央区銀座7-8-1 渋谷ビル 1F,食べログ とんかつ 百名店 2018,https://tabelog.com/tokyo/A1301/A130101/13002547/,https://www.google.com/maps/search/?api=1&query=%E9%8A%80%E5%BA%A7%E6%A2%85%E6%9E%97%20%E6%9C%AC%E5%BA%97%20%E6%9D%B1%E4%BA%AC%E9%83%BD%E4%B8%AD%E5%A4%AE%E5%8C%BA%E9%8A%80%E5%BA%A77-8-1%20%E6%B8%8B%E8%B0%B7%E3%83%93%E3%83%AB%201F,2018,とんかつ,tonkatsu,
豚珍館,東京都新宿区西新宿1-13-8 高橋ビル　２Ｆ,食べログ とんかつ 百名店 2018,https://tabelog.com/tokyo/A1304/A130401/13000809/,https://www.google.com/maps/search/?api=1&query=%E8%B1%9A%E7%8F%8D%E9%A4%A8%20%E6%9D%B1%E4%BA%AC%E9%83%BD%E6%96%B0%E5%AE%BF%E5%8C%BA%E8%A5%BF%E6%96%B0%E5%AE%BF1-13-8%20%E9%AB%98%E6%A9%8B%E3%83%93%E3%83%AB%E3%80%80%EF%BC%92%EF%BC%A6,2018,とんかつ,tonkatsu,
にし邑,東京都中央区銀座3-12-6 盛重ビル 1F,食べログ とんかつ 百名店 2018,https://tabelog.com/tokyo/A1301/A130101/13025298/,https://www.google.com/maps/search/?api=1&query=%E3%81%AB%E3%81%97%E9%82%91%20%E6%9D%B1%E4%BA%AC%E9%83%BD%E4%B8%AD%E5%A4%AE%E5%8C%BA%E9%8A%80%E5%BA%A73-12-6%20%E7%9B%9B%E9%87%8D%E3%83%93%E3%83%AB%201F,2018,とんかつ,tonkatsu,
ヨーロッパ軒 総本店,福井県福井市順化1-7-4,食べログ とんかつ 百名店 2018,https://tabelog.com/fukui/A1801/A180101/18000015/,https://www.google.com/maps/search/?api=1&query=%E3%83%A8%E3%83%BC%E3%83%AD%E3%83%83%E3%83%91%E8%BB%92%20%E7%B7%8F%E6%9C%AC%E5%BA%97%20%E7%A6%8F%E4%BA%95%E7%9C%8C%E7%A6%8F%E4%BA%95%E5%B8%82%E9%A0%86%E5%8C%961-7-4,2018,とんかつ,tonkatsu,
とん久,東京都新宿区高田馬場1-26-5 Ｆ・Ｉビル B1F,食べログ とんかつ 百名店 2018,https://tabelog.com/tokyo/A1305/A130503/13000116/,https://www.google.com/maps/search/?api=1&query=%E3%81%A8%E3%82%93%E4%B9%85%20%E6%9D%B1%E4%BA%AC%E9%83%BD%E6%96%B0%E5%AE%BF%E5%8C%BA%E9%AB%98%E7%94%B0%E9%A6%AC%E5%A0%B41-26-5%20%EF%BC%A6%E3%83%BB%EF%BC%A9%E3%83%93%E3%83%AB%20B1F,2018,とんかつ,tonkatsu,
勝漫,東京都千代田区神田須田町1-6-1 堀谷ビル 1F,食べログ とんかつ 百名店 2018,https://tabelog.com/tokyo/A1310/A131002/13000380/,https://www.google.com/maps/search/?api=1&query=%E5%8B%9D%E6%BC%AB%20%E6%9D%B1%E4%BA%AC%E9%83%BD%E5%8D%83%E4%BB%A3%E7%94%B0%E5%8C%BA%E7%A5%9E%E7%94%B0%E9%A0%88%E7%94%B0%E7%94%BA1-6-1%20%E5%A0%80%E8%B0%B7%E3%83%93%E3%83%AB%201F,2018,とんかつ,tonkatsu,
とんかつ まさむね,東京都港区赤坂2-8-19,食べログ とんかつ 百名店 2018,https://tabelog.com/tokyo/A1308/A130801/13156833/,https://www.google.com/maps/search/?api=1&query=%E3%81%A8%E3%82%93%E3%81%8B%E3%81%A4%20%E3%81%BE%E3%81%95%E3%82%80%E3%81%AD%20%E6%9D%B1%E4%BA%AC%E9%83%BD%E6%B8%AF%E5%8C%BA%E8%B5%A4%E5%9D%822-8-19,2018,とんかつ,tonkatsu,
とんかつまるや 新橋烏森口店,東京都港区新橋3-22-2 つるやＴＫビル 1F,食べログ とんかつ 百名店 2018,https://tabelog.com/tokyo/A1301/A130103/13050184/,https://www.google.com/maps/search/?api=1&query=%E3%81%A8%E3%82%93%E3%81%8B%E3%81%A4%E3%81%BE%E3%82%8B%E3%82%84%20%E6%96%B0%E6%A9%8B%E7%83%8F%E6%A3%AE%E5%8F%A3%E5%BA%97%20%E6%9D%B1%E4%BA%AC%E9%83%BD%E6%B8%AF%E5%8C%BA%E6%96%B0%E6%A9%8B3-22-2%20%E3%81%A4%E3%82%8B%E3%82%84%EF%BC%B4%EF%BC%AB%E3%83%93%E3%83%AB%201F,2018,とんかつ,tonkatsu,
明治亭 駒ヶ根本店,長野県駒ヶ根市赤穂898-6,食べログ とんかつ 百名店 2018,https://tabelog.com/nagano/A2006/A200602/20000038/,https://www.google.com/maps/search/?api=1&query=%E6%98%8E%E6%B2%BB%E4%BA%AD%20%E9%A7%92%E3%83%B6%E6%A0%B9%E6%9C%AC%E5%BA%97%20%E9%95%B7%E9%87%8E%E7%9C%8C%E9%A7%92%E3%83%B6%E6%A0%B9%E5%B8%82%E8%B5%A4%E7%A9%82898-6,2018,とんかつ,tonkatsu,
味処 叶,愛知県名古屋市中区栄3-4-110,食べログ とんかつ 百名店 2018,https://tabelog.com/aichi/A2301/A230103/23000292/,https://www.google.com/maps/search/?api=1&query=%E5%91%B3%E5%87%A6%20%E5%8F%B6%20%E6%84%9B%E7%9F%A5%E7%9C%8C%E5%90%8D%E5%8F%A4%E5%B1%8B%E5%B8%82%E4%B8%AD%E5%8C%BA%E6%A0%843-4-110,2018,とんかつ,tonkatsu,
ぽん太,東京都渋谷区恵比寿西1-34-15 ヒルズ代官山　１Ｆ,食べログ とんかつ 百名店 2018,https://tabelog.com/tokyo/A1303/A130303/13001729/,https://www.google.com/maps/search/?api=1&query=%E3%81%BD%E3%82%93%E5%A4%AA%20%E6%9D%B1%E4%BA%AC%E9%83%BD%E6%B8%8B%E8%B0%B7%E5%8C%BA%E6%81%B5%E6%AF%94%E5%AF%BF%E8%A5%BF1-34-15%20%E3%83%92%E3%83%AB%E3%82%BA%E4%BB%A3%E5%AE%98%E5%B1%B1%E3%80%80%EF%BC%91%EF%BC%A6,2018,とんかつ,tonkatsu,
とんかつ山家 上野店,東京都台東区上野4-5-1,食べログ とんかつ 百名店 2018,https://tabelog.com/tokyo/A1311/A131101/13162760/,https://www.google.com/maps/search/?api=1&query=%E3%81%A8%E3%82%93%E3%81%8B%E3%81%A4%E5%B1%B1%E5%AE%B6%20%E4%B8%8A%E9%87%8E%E5%BA%97%20%E6%9D%B1%E4%BA%AC%E9%83%BD%E5%8F%B0%E6%9D%B1%E5%8C%BA%E4%B8%8A%E9%87%8E4-5-1,2018,とんかつ,tonkatsu,
あげ福,東京都品川区西五反田2-15-13 ニューハイツ西五反田 1F,食べログ とんかつ 百名店 2018,https://tabelog.com/tokyo/A1316/A131603/13154272/,https://www.google.com/maps/search/?api=1&query=%E3%81%82%E3%81%92%E7%A6%8F%20%E6%9D%B1%E4%BA%AC%E9%83%BD%E5%93%81%E5%B7%9D%E5%8C%BA%E8%A5%BF%E4%BA%94%E5%8F%8D%E7%94%B02-15-13%20%E3%83%8B%E3%83%A5%E3%83%BC%E3%83%8F%E3%82%A4%E3%83%84%E8%A5%BF%E4%BA%94%E5%8F%8D%E7%94%B0%201F,2018,とんかつ,tonkatsu,
王ろじ,東京都新宿区新宿3-17-21,食べログ とんかつ 百名店 2018,https://tabelog.com/tokyo/A1304/A130401/13000860/,https://www.google.com/maps/search/?api=1&query=%E7%8E%8B%E3%82%8D%E3%81%98%20%E6%9D%B1%E4%BA%AC%E9%83%BD%E6%96%B0%E5%AE%BF%E5%8C%BA%E6%96%B0%E5%AE%BF3-17-21,2018,とんかつ,tonkatsu,
もち豚とんかつ たいよう,東京都品川区小山3-22-7 メゾンいずみ 1-112,食べログ とんかつ 百名店 2018,https://tabelog.com/tokyo/A1317/A131710/13059862/,https://www.google.com/maps/search/?api=1&query=%E3%82%82%E3%81%A1%E8%B1%9A%E3%81%A8%E3%82%93%E3%81%8B%E3%81%A4%20%E3%81%9F%E3%81%84%E3%82%88%E3%81%86%20%E6%9D%B1%E4%BA%AC%E9%83%BD%E5%93%81%E5%B7%9D%E5%8C%BA%E5%B0%8F%E5%B1%B13-22-7%20%E3%83%A1%E3%82%BE%E3%83%B3%E3%81%84%E3%81%9A%E3%81%BF%201-112,2018,とんかつ,tonkatsu,
幸楽,静岡県浜松市中央区肴町317-13,食べログ とんかつ 百名店 2018,https://tabelog.com/shizuoka/A2202/A220201/22000181/,https://www.google.com/maps/search/?api=1&query=%E5%B9%B8%E6%A5%BD%20%E9%9D%99%E5%B2%A1%E7%9C%8C%E6%B5%9C%E6%9D%BE%E5%B8%82%E4%B8%AD%E5%A4%AE%E5%8C%BA%E8%82%B4%E7%94%BA317-13,2018,とんかつ,tonkatsu,
ポンチ軒,東京都千代田区神田小川町2-8 扇ビル 1F,食べログ とんかつ 百名店 2018,https://tabelog.com/tokyo/A1310/A131002/13141456/,https://www.google.com/maps/search/?api=1&query=%E3%83%9D%E3%83%B3%E3%83%81%E8%BB%92%20%E6%9D%B1%E4%BA%AC%E9%83%BD%E5%8D%83%E4%BB%A3%E7%94%B0%E5%8C%BA%E7%A5%9E%E7%94%B0%E5%B0%8F%E5%B7%9D%E7%94%BA2-8%20%E6%89%87%E3%83%93%E3%83%AB%201F,2018,とんかつ,tonkatsu,
新潟カツ丼 タレカツ 本店,東京都千代田区西神田2-8-9,食べログ とんかつ 百名店 2018,https://tabelog.com/tokyo/A1310/A131003/13040666/,https://www.google.com/maps/search/?api=1&query=%E6%96%B0%E6%BD%9F%E3%82%AB%E3%83%84%E4%B8%BC%20%E3%82%BF%E3%83%AC%E3%82%AB%E3%83%84%20%E6%9C%AC%E5%BA%97%20%E6%9D%B1%E4%BA%AC%E9%83%BD%E5%8D%83%E4%BB%A3%E7%94%B0%E5%8C%BA%E8%A5%BF%E7%A5%9E%E7%94%B02-8-9,2018,とんかつ,tonkatsu,
キッチン美味小家,山梨県甲府市湯村2-6-22,食べログ とんかつ 百名店 2018,https://tabelog.com/yamanashi/A1901/A190101/19000291/,https://www.google.com/maps/search/?api=1&query=%E3%82%AD%E3%83%83%E3%83%81%E3%83%B3%E7%BE%8E%E5%91%B3%E5%B0%8F%E5%AE%B6%20%E5%B1%B1%E6%A2%A8%E7%9C%8C%E7%94%B2%E5%BA%9C%E5%B8%82%E6%B9%AF%E6%9D%912-6-22,2018,とんかつ,tonkatsu,
とんかつ桂,東京都小平市上水本町5-7-20,食べログ とんかつ 百名店 2018,https://tabelog.com/tokyo/A1325/A132502/13016062/,https://www.google.com/maps/search/?api=1&query=%E3%81%A8%E3%82%93%E3%81%8B%E3%81%A4%E6%A1%82%20%E6%9D%B1%E4%BA%AC%E9%83%BD%E5%B0%8F%E5%B9%B3%E5%B8%82%E4%B8%8A%E6%B0%B4%E6%9C%AC%E7%94%BA5-7-20,2018,とんかつ,tonkatsu,
とんかつ山本,京都府京都市中京区新烏丸通二条上ル,食べログ とんかつ 百名店 2018,https://tabelog.com/kyoto/A2601/A260202/26006075/,https://www.google.com/maps/search/?api=1&query=%E3%81%A8%E3%82%93%E3%81%8B%E3%81%A4%E5%B1%B1%E6%9C%AC%20%E4%BA%AC%E9%83%BD%E5%BA%9C%E4%BA%AC%E9%83%BD%E5%B8%82%E4%B8%AD%E4%BA%AC%E5%8C%BA%E6%96%B0%E7%83%8F%E4%B8%B8%E9%80%9A%E4%BA%8C%E6%9D%A1%E4%B8%8A%E3%83%AB,2018,とんかつ,tonkatsu,
あさや,東京都千代田区東神田1-14-6,食べログ とんかつ 百名店 2018,https://tabelog.com/tokyo/A1302/A130204/13016898/,https://www.google.com/maps/search/?api=1&query=%E3%81%82%E3%81%95%E3%82%84%20%E6%9D%B1%E4%BA%AC%E9%83%BD%E5%8D%83%E4%BB%A3%E7%94%B0%E5%8C%BA%E6%9D%B1%E7%A5%9E%E7%94%B01-14-6,2018,とんかつ,tonkatsu,
成蔵,東京都新宿区高田馬場1-32-11 小澤ビル B1F,食べログ とんかつ 百名店 2018,https://tabelog.com/tokyo/A1305/A130503/13114695/,https://www.google.com/maps/search/?api=1&query=%E6%88%90%E8%94%B5%20%E6%9D%B1%E4%BA%AC%E9%83%BD%E6%96%B0%E5%AE%BF%E5%8C%BA%E9%AB%98%E7%94%B0%E9%A6%AC%E5%A0%B41-32-11%20%E5%B0%8F%E6%BE%A4%E3%83%93%E3%83%AB%20B1F,2018,とんかつ,tonkatsu,
仁亭,福島県郡山市鶴見坦3-5-2,食べログ とんかつ 百名店 2018,https://tabelog.com/fukushima/A0702/A070201/7000028/,https://www.google.com/maps/search/?api=1&query=%E4%BB%81%E4%BA%AD%20%E7%A6%8F%E5%B3%B6%E7%9C%8C%E9%83%A1%E5%B1%B1%E5%B8%82%E9%B6%B4%E8%A6%8B%E5%9D%A63-5-2,2018,とんかつ,tonkatsu,
名古屋名物 みそかつ 矢場とん 矢場町本店,愛知県名古屋市中区大須3-6-18,食べログ とんかつ 百名店 2018,https://tabelog.com/aichi/A2301/A230103/23000134/,https://www.google.com/maps/search/?api=1&query=%E5%90%8D%E5%8F%A4%E5%B1%8B%E5%90%8D%E7%89%A9%20%E3%81%BF%E3%81%9D%E3%81%8B%E3%81%A4%20%E7%9F%A2%E5%A0%B4%E3%81%A8%E3%82%93%20%E7%9F%A2%E5%A0%B4%E7%94%BA%E6%9C%AC%E5%BA%97%20%E6%84%9B%E7%9F%A5%E7%9C%8C%E5%90%8D%E5%8F%A4%E5%B1%8B%E5%B8%82%E4%B8%AD%E5%8C%BA%E5%A4%A7%E9%A0%883-6-18,2018,とんかつ,tonkatsu,
かつ吉 水道橋店,東京都文京区本郷1-4-1 全水道会館　Ｂ１Ｆ,食べログ とんかつ 百名店 2018,https://tabelog.com/tokyo/A1310/A131003/13003524/,https://www.google.com/maps/search/?api=1&query=%E3%81%8B%E3%81%A4%E5%90%89%20%E6%B0%B4%E9%81%93%E6%A9%8B%E5%BA%97%20%E6%9D%B1%E4%BA%AC%E9%83%BD%E6%96%87%E4%BA%AC%E5%8C%BA%E6%9C%AC%E9%83%B71-4-1%20%E5%85%A8%E6%B0%B4%E9%81%93%E4%BC%9A%E9%A4%A8%E3%80%80%EF%BC%A2%EF%BC%91%EF%BC%A6,2018,とんかつ,tonkatsu,
とんかつ 鉄,東京都品川区南大井6-19-16 カテリーナ大森 B1F,食べログ とんかつ 百名店 2018,https://tabelog.com/tokyo/A1315/A131502/13178524/,https://www.google.com/maps/search/?api=1&query=%E3%81%A8%E3%82%93%E3%81%8B%E3%81%A4%20%E9%89%84%20%E6%9D%B1%E4%BA%AC%E9%83%BD%E5%93%81%E5%B7%9D%E5%8C%BA%E5%8D%97%E5%A4%A7%E4%BA%956-19-16%20%E3%82%AB%E3%83%86%E3%83%AA%E3%83%BC%E3%83%8A%E5%A4%A7%E6%A3%AE%20B1F,2018,とんかつ,tonkatsu,
かつ吉 渋谷店,東京都渋谷区渋谷3-9-10 ＫＤＣビル B1F,食べログ とんかつ 百名店 2018,https://tabelog.com/tokyo/A1303/A130301/13004792/,https://www.google.com/maps/search/?api=1&query=%E3%81%8B%E3%81%A4%E5%90%89%20%E6%B8%8B%E8%B0%B7%E5%BA%97%20%E6%9D%B1%E4%BA%AC%E9%83%BD%E6%B8%8B%E8%B0%B7%E5%8C%BA%E6%B8%8B%E8%B0%B73-9-10%20%EF%BC%AB%EF%BC%A4%EF%BC%A3%E3%83%93%E3%83%AB%20B1F,2018,とんかつ,tonkatsu,
とんかつかっぽう かつぜん,東京都中央区銀座6-8-7 交詢ビル　４Ｆ,食べログ とんかつ 百名店 2018,https://tabelog.com/tokyo/A1301/A130101/13006519/,https://www.google.com/maps/search/?api=1&query=%E3%81%A8%E3%82%93%E3%81%8B%E3%81%A4%E3%81%8B%E3%81%A3%E3%81%BD%E3%81%86%20%E3%81%8B%E3%81%A4%E3%81%9C%E3%82%93%20%E6%9D%B1%E4%BA%AC%E9%83%BD%E4%B8%AD%E5%A4%AE%E5%8C%BA%E9%8A%80%E5%BA%A76-8-7%20%E4%BA%A4%E8%A9%A2%E3%83%93%E3%83%AB%E3%80%80%EF%BC%94%EF%BC%A6,2018,とんかつ,tonkatsu,
とんかつ 万平,東京都千代田区神田須田町1-11,食べログ とんかつ 百名店 2018,https://tabelog.com/tokyo/A1310/A131002/13006333/,https://www.google.com/maps/search/?api=1&query=%E3%81%A8%E3%82%93%E3%81%8B%E3%81%A4%20%E4%B8%87%E5%B9%B3%20%E6%9D%B1%E4%BA%AC%E9%83%BD%E5%8D%83%E4%BB%A3%E7%94%B0%E5%8C%BA%E7%A5%9E%E7%94%B0%E9%A0%88%E7%94%B0%E7%94%BA1-11,2018,とんかつ,tonkatsu,
とんかつ 力亭,長野県上田市天神1-2-32,食べログ とんかつ 百名店 2018,https://tabelog.com/nagano/A2004/A200401/20005756/,https://www.google.com/maps/search/?api=1&query=%E3%81%A8%E3%82%93%E3%81%8B%E3%81%A4%20%E5%8A%9B%E4%BA%AD%20%E9%95%B7%E9%87%8E%E7%9C%8C%E4%B8%8A%E7%94%B0%E5%B8%82%E5%A4%A9%E7%A5%9E1-2-32,2018,とんかつ,tonkatsu,
丸一,東京都大田区蒲田5-28-12,食べログ とんかつ 百名店 2018,https://tabelog.com/tokyo/A1315/A131503/13017765/,https://www.google.com/maps/search/?api=1&query=%E4%B8%B8%E4%B8%80%20%E6%9D%B1%E4%BA%AC%E9%83%BD%E5%A4%A7%E7%94%B0%E5%8C%BA%E8%92%B2%E7%94%B05-28-12,2018,とんかつ,tonkatsu,
名古屋名物 みそかつ 矢場とん 名古屋駅エスカ店,愛知県名古屋市中村区椿町6-9 エスカ地下街,食べログ とんかつ 百名店 2018,https://tabelog.com/aichi/A2301/A230101/23000136/,https://www.google.com/maps/search/?api=1&query=%E5%90%8D%E5%8F%A4%E5%B1%8B%E5%90%8D%E7%89%A9%20%E3%81%BF%E3%81%9D%E3%81%8B%E3%81%A4%20%E7%9F%A2%E5%A0%B4%E3%81%A8%E3%82%93%20%E5%90%8D%E5%8F%A4%E5%B1%8B%E9%A7%85%E3%82%A8%E3%82%B9%E3%82%AB%E5%BA%97%20%E6%84%9B%E7%9F%A5%E7%9C%8C%E5%90%8D%E5%8F%A4%E5%B1%8B%E5%B8%82%E4%B8%AD%E6%9D%91%E5%8C%BA%E6%A4%BF%E7%94%BA6-9%20%E3%82%A8%E3%82%B9%E3%82%AB%E5%9C%B0%E4%B8%8B%E8%A1%97,2018,とんかつ,tonkatsu,
小淵沢 井筒屋,山梨県北杜市小淵沢町1035,食べログ うなぎ 百名店 2018,https://tabelog.com/yamanashi/A1902/A190201/19000064/,https://www.google.com/maps/search/?api=1&query=%E5%B0%8F%E6%B7%B5%E6%B2%A2%20%E4%BA%95%E7%AD%92%E5%B1%8B%20%E5%B1%B1%E6%A2%A8%E7%9C%8C%E5%8C%97%E6%9D%9C%E5%B8%82%E5%B0%8F%E6%B7%B5%E6%B2%A2%E7%94%BA1035,2018,うなぎ,unagi,
山の茶屋,東京都千代田区永田町2-10-6,食べログ うなぎ 百名店 2018,https://tabelog.com/tokyo/A1308/A130802/13002739/,https://www.google.com/maps/search/?api=1&query=%E5%B1%B1%E3%81%AE%E8%8C%B6%E5%B1%8B%20%E6%9D%B1%E4%BA%AC%E9%83%BD%E5%8D%83%E4%BB%A3%E7%94%B0%E5%8C%BA%E6%B0%B8%E7%94%B0%E7%94%BA2-10-6,2018,うなぎ,unagi,
川栄,東京都北区赤羽1-19-16,食べログ うなぎ 百名店 2018,https://tabelog.com/tokyo/A1323/A132305/13008753/,https://www.google.com/maps/search/?api=1&query=%E5%B7%9D%E6%A0%84%20%E6%9D%B1%E4%BA%AC%E9%83%BD%E5%8C%97%E5%8C%BA%E8%B5%A4%E7%BE%BD1-19-16,2018,うなぎ,unagi,
田代,愛知県瀬戸市深川町13,食べログ うなぎ 百名店 2018,https://tabelog.com/aichi/A2303/A230302/23003045/,https://www.google.com/maps/search/?api=1&query=%E7%94%B0%E4%BB%A3%20%E6%84%9B%E7%9F%A5%E7%9C%8C%E7%80%AC%E6%88%B8%E5%B8%82%E6%B7%B1%E5%B7%9D%E7%94%BA13,2018,うなぎ,unagi,
うな貴,宮城県仙台市青葉区国分町3-2-18,食べログ うなぎ 百名店 2018,https://tabelog.com/miyagi/A0401/A040101/4000083/,https://www.google.com/maps/search/?api=1&query=%E3%81%86%E3%81%AA%E8%B2%B4%20%E5%AE%AE%E5%9F%8E%E7%9C%8C%E4%BB%99%E5%8F%B0%E5%B8%82%E9%9D%92%E8%91%89%E5%8C%BA%E5%9B%BD%E5%88%86%E7%94%BA3-2-18,2018,うなぎ,unagi,
川蝉,栃木県宇都宮市大通り5-1-19,食べログ うなぎ 百名店 2018,https://tabelog.com/tochigi/A0901/A090101/9000024/,https://www.google.com/maps/search/?api=1&query=%E5%B7%9D%E8%9D%89%20%E6%A0%83%E6%9C%A8%E7%9C%8C%E5%AE%87%E9%83%BD%E5%AE%AE%E5%B8%82%E5%A4%A7%E9%80%9A%E3%82%8A5-1-19,2018,うなぎ,unagi,
うなぎ 赤坂 勢きね,東京都港区赤坂9-1-7 赤坂レジデンシャルホテル　１Ｆ,食べログ うなぎ 百名店 2018,https://tabelog.com/tokyo/A1307/A130701/13039787/,https://www.google.com/maps/search/?api=1&query=%E3%81%86%E3%81%AA%E3%81%8E%20%E8%B5%A4%E5%9D%82%20%E5%8B%A2%E3%81%8D%E3%81%AD%20%E6%9D%B1%E4%BA%AC%E9%83%BD%E6%B8%AF%E5%8C%BA%E8%B5%A4%E5%9D%829-1-7%20%E8%B5%A4%E5%9D%82%E3%83%AC%E3%82%B8%E3%83%87%E3%83%B3%E3%82%B7%E3%83%A3%E3%83%AB%E3%83%9B%E3%83%86%E3%83%AB%E3%80%80%EF%BC%91%EF%BC%A6,2018,うなぎ,unagi,
かぶと,東京都豊島区池袋2-53-2 池袋ESビル 1F,食べログ うなぎ 百名店 2018,https://tabelog.com/tokyo/A1305/A130501/13016660/,https://www.google.com/maps/search/?api=1&query=%E3%81%8B%E3%81%B6%E3%81%A8%20%E6%9D%B1%E4%BA%AC%E9%83%BD%E8%B1%8A%E5%B3%B6%E5%8C%BA%E6%B1%A0%E8%A2%8B2-53-2%20%E6%B1%A0%E8%A2%8BES%E3%83%93%E3%83%AB%201F,2018,うなぎ,unagi,
小川家,静岡県下田市2-8-14,食べログ うなぎ 百名店 2018,https://tabelog.com/shizuoka/A2205/A220503/22000059/,https://www.google.com/maps/search/?api=1&query=%E5%B0%8F%E5%B7%9D%E5%AE%B6%20%E9%9D%99%E5%B2%A1%E7%9C%8C%E4%B8%8B%E7%94%B0%E5%B8%822-8-14,2018,うなぎ,unagi,
吉寅,大阪府大阪市中央区備後町1-6-6,食べログ うなぎ 百名店 2018,https://tabelog.com/osaka/A2701/A270106/27001073/,https://www.google.com/maps/search/?api=1&query=%E5%90%89%E5%AF%85%20%E5%A4%A7%E9%98%AA%E5%BA%9C%E5%A4%A7%E9%98%AA%E5%B8%82%E4%B8%AD%E5%A4%AE%E5%8C%BA%E5%82%99%E5%BE%8C%E7%94%BA1-6-6,2018,うなぎ,unagi,
うなぎ割烹 きた八,兵庫県西宮市西田町5-4 イーストサイド夙川 1F,食べログ うなぎ 百名店 2018,https://tabelog.com/hyogo/A2803/A280301/28002053/,https://www.google.com/maps/search/?api=1&query=%E3%81%86%E3%81%AA%E3%81%8E%E5%89%B2%E7%83%B9%20%E3%81%8D%E3%81%9F%E5%85%AB%20%E5%85%B5%E5%BA%AB%E7%9C%8C%E8%A5%BF%E5%AE%AE%E5%B8%82%E8%A5%BF%E7%94%B0%E7%94%BA5-4%20%E3%82%A4%E3%83%BC%E3%82%B9%E3%83%88%E3%82%B5%E3%82%A4%E3%83%89%E5%A4%99%E5%B7%9D%201F,2018,うなぎ,unagi,
芳野屋,千葉県柏市東1-1-10,食べログ うなぎ 百名店 2018,https://tabelog.com/chiba/A1203/A120301/12016618/,https://www.google.com/maps/search/?api=1&query=%E8%8A%B3%E9%87%8E%E5%B1%8B%20%E5%8D%83%E8%91%89%E7%9C%8C%E6%9F%8F%E5%B8%82%E6%9D%B11-1-10,2018,うなぎ,unagi,
うなぎ屋酒坊・画荘 越後屋,埼玉県所沢市小手指町4-21-22,食べログ うなぎ 百名店 2018,https://tabelog.com/saitama/A1106/A110601/11002889/,https://www.google.com/maps/search/?api=1&query=%E3%81%86%E3%81%AA%E3%81%8E%E5%B1%8B%E9%85%92%E5%9D%8A%E3%83%BB%E7%94%BB%E8%8D%98%20%E8%B6%8A%E5%BE%8C%E5%B1%8B%20%E5%9F%BC%E7%8E%89%E7%9C%8C%E6%89%80%E6%B2%A2%E5%B8%82%E5%B0%8F%E6%89%8B%E6%8C%87%E7%94%BA4-21-22,2018,うなぎ,unagi,
あつた蓬莱軒 本店,愛知県名古屋市熱田区神戸町503,食べログ うなぎ 百名店 2018,https://tabelog.com/aichi/A2301/A230112/23000063/,https://www.google.com/maps/search/?api=1&query=%E3%81%82%E3%81%A4%E3%81%9F%E8%93%AC%E8%8E%B1%E8%BB%92%20%E6%9C%AC%E5%BA%97%20%E6%84%9B%E7%9F%A5%E7%9C%8C%E5%90%8D%E5%8F%A4%E5%B1%8B%E5%B8%82%E7%86%B1%E7%94%B0%E5%8C%BA%E7%A5%9E%E6%88%B8%E7%94%BA503,2018,うなぎ,unagi,
入谷鬼子母神門前のだや,東京都台東区下谷2-3-1,食べログ うなぎ 百名店 2018,https://tabelog.com/tokyo/A1311/A131104/13152282/,https://www.google.com/maps/search/?api=1&query=%E5%85%A5%E8%B0%B7%E9%AC%BC%E5%AD%90%E6%AF%8D%E7%A5%9E%E9%96%80%E5%89%8D%E3%81%AE%E3%81%A0%E3%82%84%20%E6%9D%B1%E4%BA%AC%E9%83%BD%E5%8F%B0%E6%9D%B1%E5%8C%BA%E4%B8%8B%E8%B0%B72-3-1,2018,うなぎ,unagi,
鰻 木屋,愛知県名古屋市東区東外堀町11,食べログ うなぎ 百名店 2018,https://tabelog.com/aichi/A2301/A230109/23000133/,https://www.google.com/maps/search/?api=1&query=%E9%B0%BB%20%E6%9C%A8%E5%B1%8B%20%E6%84%9B%E7%9F%A5%E7%9C%8C%E5%90%8D%E5%8F%A4%E5%B1%8B%E5%B8%82%E6%9D%B1%E5%8C%BA%E6%9D%B1%E5%A4%96%E5%A0%80%E7%94%BA11,2018,うなぎ,unagi,
安斎,東京都杉並区荻窪4-12-16,食べログ うなぎ 百名店 2018,https://tabelog.com/tokyo/A1319/A131906/13001105/,https://www.google.com/maps/search/?api=1&query=%E5%AE%89%E6%96%8E%20%E6%9D%B1%E4%BA%AC%E9%83%BD%E6%9D%89%E4%B8%A6%E5%8C%BA%E8%8D%BB%E7%AA%AA4-12-16,2018,うなぎ,unagi,
鈴木,東京都調布市布田1-50-1 マートルコート調布第３,食べログ うなぎ 百名店 2018,https://tabelog.com/tokyo/A1326/A132601/13005981/,https://www.google.com/maps/search/?api=1&query=%E9%88%B4%E6%9C%A8%20%E6%9D%B1%E4%BA%AC%E9%83%BD%E8%AA%BF%E5%B8%83%E5%B8%82%E5%B8%83%E7%94%B01-50-1%20%E3%83%9E%E3%83%BC%E3%83%88%E3%83%AB%E3%82%B3%E3%83%BC%E3%83%88%E8%AA%BF%E5%B8%83%E7%AC%AC%EF%BC%93,2018,うなぎ,unagi,
あつた蓬莱軒 神宮店,愛知県名古屋市熱田区神宮2-10-26,食べログ うなぎ 百名店 2018,https://tabelog.com/aichi/A2301/A230112/23000109/,https://www.google.com/maps/search/?api=1&query=%E3%81%82%E3%81%A4%E3%81%9F%E8%93%AC%E8%8E%B1%E8%BB%92%20%E7%A5%9E%E5%AE%AE%E5%BA%97%20%E6%84%9B%E7%9F%A5%E7%9C%8C%E5%90%8D%E5%8F%A4%E5%B1%8B%E5%B8%82%E7%86%B1%E7%94%B0%E5%8C%BA%E7%A5%9E%E5%AE%AE2-10-26,2018,うなぎ,unagi,
鰻禅,東京都墨田区吾妻橋3-6-18,食べログ うなぎ 百名店 2018,https://tabelog.com/tokyo/A1312/A131203/13058979/,https://www.google.com/maps/search/?api=1&query=%E9%B0%BB%E7%A6%85%20%E6%9D%B1%E4%BA%AC%E9%83%BD%E5%A2%A8%E7%94%B0%E5%8C%BA%E5%90%BE%E5%A6%BB%E6%A9%8B3-6-18,2018,うなぎ,unagi,
勝美館,宮崎県小林市須木下田1268,食べログ うなぎ 百名店 2018,https://tabelog.com/miyazaki/A4503/A450304/45005962/,https://www.google.com/maps/search/?api=1&query=%E5%8B%9D%E7%BE%8E%E9%A4%A8%20%E5%AE%AE%E5%B4%8E%E7%9C%8C%E5%B0%8F%E6%9E%97%E5%B8%82%E9%A0%88%E6%9C%A8%E4%B8%8B%E7%94%B01268,2018,うなぎ,unagi,
かん吉 清水店,静岡県静岡市清水区御門台3-10,食べログ うなぎ 百名店 2018,https://tabelog.com/shizuoka/A2201/A220102/22015652/,https://www.google.com/maps/search/?api=1&query=%E3%81%8B%E3%82%93%E5%90%89%20%E6%B8%85%E6%B0%B4%E5%BA%97%20%E9%9D%99%E5%B2%A1%E7%9C%8C%E9%9D%99%E5%B2%A1%E5%B8%82%E6%B8%85%E6%B0%B4%E5%8C%BA%E5%BE%A1%E9%96%80%E5%8F%B03-10,2018,うなぎ,unagi,
ひょうたん屋 1丁目店,東京都中央区銀座1-13-9 栄楽ビル　１Ｆ,食べログ うなぎ 百名店 2018,https://tabelog.com/tokyo/A1301/A130101/13002434/,https://www.google.com/maps/search/?api=1&query=%E3%81%B2%E3%82%87%E3%81%86%E3%81%9F%E3%82%93%E5%B1%8B%201%E4%B8%81%E7%9B%AE%E5%BA%97%20%E6%9D%B1%E4%BA%AC%E9%83%BD%E4%B8%AD%E5%A4%AE%E5%8C%BA%E9%8A%80%E5%BA%A71-13-9%20%E6%A0%84%E6%A5%BD%E3%83%93%E3%83%AB%E3%80%80%EF%BC%91%EF%BC%A6,2018,うなぎ,unagi,
博多名代 吉塚うなぎ屋,福岡県福岡市博多区中洲2-8-27,食べログ うなぎ 百名店 2018,https://tabelog.com/fukuoka/A4001/A400102/40000017/,https://www.google.com/maps/search/?api=1&query=%E5%8D%9A%E5%A4%9A%E5%90%8D%E4%BB%A3%20%E5%90%89%E5%A1%9A%E3%81%86%E3%81%AA%E3%81%8E%E5%B1%8B%20%E7%A6%8F%E5%B2%A1%E7%9C%8C%E7%A6%8F%E5%B2%A1%E5%B8%82%E5%8D%9A%E5%A4%9A%E5%8C%BA%E4%B8%AD%E6%B4%B22-8-27,2018,うなぎ,unagi,
鰻専門店 愛川,東京都新宿区高田馬場1-17-22,食べログ うなぎ 百名店 2018,https://tabelog.com/tokyo/A1305/A130503/13029734/,https://www.google.com/maps/search/?api=1&query=%E9%B0%BB%E5%B0%82%E9%96%80%E5%BA%97%20%E6%84%9B%E5%B7%9D%20%E6%9D%B1%E4%BA%AC%E9%83%BD%E6%96%B0%E5%AE%BF%E5%8C%BA%E9%AB%98%E7%94%B0%E9%A6%AC%E5%A0%B41-17-22,2018,うなぎ,unagi,
うなぎ処 鰻楽,宮崎県宮崎市塩路2300,食べログ うなぎ 百名店 2018,https://tabelog.com/miyazaki/A4501/A450101/45000830/,https://www.google.com/maps/search/?api=1&query=%E3%81%86%E3%81%AA%E3%81%8E%E5%87%A6%20%E9%B0%BB%E6%A5%BD%20%E5%AE%AE%E5%B4%8E%E7%9C%8C%E5%AE%AE%E5%B4%8E%E5%B8%82%E5%A1%A9%E8%B7%AF2300,2018,うなぎ,unagi,
川よし,青森県青森市本町3-2-4,食べログ うなぎ 百名店 2018,https://tabelog.com/aomori/A0201/A020101/2000112/,https://www.google.com/maps/search/?api=1&query=%E5%B7%9D%E3%82%88%E3%81%97%20%E9%9D%92%E6%A3%AE%E7%9C%8C%E9%9D%92%E6%A3%AE%E5%B8%82%E6%9C%AC%E7%94%BA3-2-4,2018,うなぎ,unagi,
炭焼うな富士,愛知県名古屋市昭和区白金1-1-4 プレザント白金,食べログ うなぎ 百名店 2018,https://tabelog.com/aichi/A2301/A230105/23000105/,https://www.google.com/maps/search/?api=1&query=%E7%82%AD%E7%84%BC%E3%81%86%E3%81%AA%E5%AF%8C%E5%A3%AB%20%E6%84%9B%E7%9F%A5%E7%9C%8C%E5%90%8D%E5%8F%A4%E5%B1%8B%E5%B8%82%E6%98%AD%E5%92%8C%E5%8C%BA%E7%99%BD%E9%87%911-1-4%20%E3%83%97%E3%83%AC%E3%82%B6%E3%83%B3%E3%83%88%E7%99%BD%E9%87%91,2018,うなぎ,unagi,
鳥常本店,栃木県足利市通1-2686,食べログ うなぎ 百名店 2018,https://tabelog.com/tochigi/A0902/A090202/9006284/,https://www.google.com/maps/search/?api=1&query=%E9%B3%A5%E5%B8%B8%E6%9C%AC%E5%BA%97%20%E6%A0%83%E6%9C%A8%E7%9C%8C%E8%B6%B3%E5%88%A9%E5%B8%82%E9%80%9A1-2686,2018,うなぎ,unagi,
八べえ,東京都江東区亀戸3-2-8 斉魯ビル 1F,食べログ うなぎ 百名店 2018,https://tabelog.com/tokyo/A1312/A131202/13056800/,https://www.google.com/maps/search/?api=1&query=%E5%85%AB%E3%81%B9%E3%81%88%20%E6%9D%B1%E4%BA%AC%E9%83%BD%E6%B1%9F%E6%9D%B1%E5%8C%BA%E4%BA%80%E6%88%B83-2-8%20%E6%96%89%E9%AD%AF%E3%83%93%E3%83%AB%201F,2018,うなぎ,unagi,
鰻 むさし乃,埼玉県さいたま市浦和区東高砂町8-3 1F,食べログ うなぎ 百名店 2018,https://tabelog.com/saitama/A1101/A110102/11003959/,https://www.google.com/maps/search/?api=1&query=%E9%B0%BB%20%E3%82%80%E3%81%95%E3%81%97%E4%B9%83%20%E5%9F%BC%E7%8E%89%E7%9C%8C%E3%81%95%E3%81%84%E3%81%9F%E3%81%BE%E5%B8%82%E6%B5%A6%E5%92%8C%E5%8C%BA%E6%9D%B1%E9%AB%98%E7%A0%82%E7%94%BA8-3%201F,2018,うなぎ,unagi,
うじょう亭,岡山県岡山市北区内山下1-8-18,食べログ うなぎ 百名店 2018,https://tabelog.com/okayama/A3301/A330101/33001167/,https://www.google.com/maps/search/?api=1&query=%E3%81%86%E3%81%98%E3%82%87%E3%81%86%E4%BA%AD%20%E5%B2%A1%E5%B1%B1%E7%9C%8C%E5%B2%A1%E5%B1%B1%E5%B8%82%E5%8C%97%E5%8C%BA%E5%86%85%E5%B1%B1%E4%B8%8B1-8-18,2018,うなぎ,unagi,
うなぎの豊川,奈良県奈良市富雄元町3-3-12,食べログ うなぎ 百名店 2018,https://tabelog.com/nara/A2901/A290102/29000217/,https://www.google.com/maps/search/?api=1&query=%E3%81%86%E3%81%AA%E3%81%8E%E3%81%AE%E8%B1%8A%E5%B7%9D%20%E5%A5%88%E8%89%AF%E7%9C%8C%E5%A5%88%E8%89%AF%E5%B8%82%E5%AF%8C%E9%9B%84%E5%85%83%E7%94%BA3-3-12,2018,うなぎ,unagi,
元祖 本吉屋 本店,福岡県柳川市旭町69,食べログ うなぎ 百名店 2018,https://tabelog.com/fukuoka/A4008/A400806/40001048/,https://www.google.com/maps/search/?api=1&query=%E5%85%83%E7%A5%96%20%E6%9C%AC%E5%90%89%E5%B1%8B%20%E6%9C%AC%E5%BA%97%20%E7%A6%8F%E5%B2%A1%E7%9C%8C%E6%9F%B3%E5%B7%9D%E5%B8%82%E6%97%AD%E7%94%BA69,2018,うなぎ,unagi,
炭焼うなぎ あおいや,静岡県浜松市中央区飯田町616-2,食べログ うなぎ 百名店 2018,https://tabelog.com/shizuoka/A2202/A220201/22000099/,https://www.google.com/maps/search/?api=1&query=%E7%82%AD%E7%84%BC%E3%81%86%E3%81%AA%E3%81%8E%20%E3%81%82%E3%81%8A%E3%81%84%E3%82%84%20%E9%9D%99%E5%B2%A1%E7%9C%8C%E6%B5%9C%E6%9D%BE%E5%B8%82%E4%B8%AD%E5%A4%AE%E5%8C%BA%E9%A3%AF%E7%94%B0%E7%94%BA616-2,2018,うなぎ,unagi,
うな善,福岡県福岡市中央区高砂1-14-7-1,食べログ うなぎ 百名店 2018,https://tabelog.com/fukuoka/A4001/A400104/40005813/,https://www.google.com/maps/search/?api=1&query=%E3%81%86%E3%81%AA%E5%96%84%20%E7%A6%8F%E5%B2%A1%E7%9C%8C%E7%A6%8F%E5%B2%A1%E5%B8%82%E4%B8%AD%E5%A4%AE%E5%8C%BA%E9%AB%98%E7%A0%821-14-7-1,2018,うなぎ,unagi,
うな藤,東京都杉並区今川4-8-7 グリーンパレス,食べログ うなぎ 百名店 2018,https://tabelog.com/tokyo/A1321/A132105/13001126/,https://www.google.com/maps/search/?api=1&query=%E3%81%86%E3%81%AA%E8%97%A4%20%E6%9D%B1%E4%BA%AC%E9%83%BD%E6%9D%89%E4%B8%A6%E5%8C%BA%E4%BB%8A%E5%B7%9D4-8-7%20%E3%82%B0%E3%83%AA%E3%83%BC%E3%83%B3%E3%83%91%E3%83%AC%E3%82%B9,2018,うなぎ,unagi,
一二三本店,東京都世田谷区若林4-24-15,食べログ うなぎ 百名店 2018,https://tabelog.com/tokyo/A1317/A131709/13013099/,https://www.google.com/maps/search/?api=1&query=%E4%B8%80%E4%BA%8C%E4%B8%89%E6%9C%AC%E5%BA%97%20%E6%9D%B1%E4%BA%AC%E9%83%BD%E4%B8%96%E7%94%B0%E8%B0%B7%E5%8C%BA%E8%8B%A5%E6%9E%974-24-15,2018,うなぎ,unagi,
稲毛屋,東京都文京区千駄木3-49-4,食べログ うなぎ 百名店 2018,https://tabelog.com/tokyo/A1311/A131105/13024475/,https://www.google.com/maps/search/?api=1&query=%E7%A8%B2%E6%AF%9B%E5%B1%8B%20%E6%9D%B1%E4%BA%AC%E9%83%BD%E6%96%87%E4%BA%AC%E5%8C%BA%E5%8D%83%E9%A7%84%E6%9C%A83-49-4,2018,うなぎ,unagi,
富松うなぎ屋 黒田本店,福岡県久留米市大善寺町黒田83-6,食べログ うなぎ 百名店 2018,https://tabelog.com/fukuoka/A4008/A400801/40003630/,https://www.google.com/maps/search/?api=1&query=%E5%AF%8C%E6%9D%BE%E3%81%86%E3%81%AA%E3%81%8E%E5%B1%8B%20%E9%BB%92%E7%94%B0%E6%9C%AC%E5%BA%97%20%E7%A6%8F%E5%B2%A1%E7%9C%8C%E4%B9%85%E7%95%99%E7%B1%B3%E5%B8%82%E5%A4%A7%E5%96%84%E5%AF%BA%E7%94%BA%E9%BB%92%E7%94%B083-6,2018,うなぎ,unagi,
尾花,東京都荒川区南千住5-33-1,食べログ うなぎ 百名店 2018,https://tabelog.com/tokyo/A1324/A132401/13003509/,https://www.google.com/maps/search/?api=1&query=%E5%B0%BE%E8%8A%B1%20%E6%9D%B1%E4%BA%AC%E9%83%BD%E8%8D%92%E5%B7%9D%E5%8C%BA%E5%8D%97%E5%8D%83%E4%BD%8F5-33-1,2018,うなぎ,unagi,
うなぎ 善,岩手県盛岡市菜園1-1-2,食べログ うなぎ 百名店 2018,https://tabelog.com/iwate/A0301/A030101/3000297/,https://www.google.com/maps/search/?api=1&query=%E3%81%86%E3%81%AA%E3%81%8E%20%E5%96%84%20%E5%B2%A9%E6%89%8B%E7%9C%8C%E7%9B%9B%E5%B2%A1%E5%B8%82%E8%8F%9C%E5%9C%921-1-2,2018,うなぎ,unagi,
さくめ,静岡県浜松市浜名区三ケ日町佐久米724-1,食べログ うなぎ 百名店 2018,https://tabelog.com/shizuoka/A2202/A220201/22011080/,https://www.google.com/maps/search/?api=1&query=%E3%81%95%E3%81%8F%E3%82%81%20%E9%9D%99%E5%B2%A1%E7%9C%8C%E6%B5%9C%E6%9D%BE%E5%B8%82%E6%B5%9C%E5%90%8D%E5%8C%BA%E4%B8%89%E3%82%B1%E6%97%A5%E7%94%BA%E4%BD%90%E4%B9%85%E7%B1%B3724-1,2018,うなぎ,unagi,
イチビキ,愛知県名古屋市中村区名駅南1-3-16,食べログ うなぎ 百名店 2018,https://tabelog.com/aichi/A2301/A230101/23001379/,https://www.google.com/maps/search/?api=1&query=%E3%82%A4%E3%83%81%E3%83%93%E3%82%AD%20%E6%84%9B%E7%9F%A5%E7%9C%8C%E5%90%8D%E5%8F%A4%E5%B1%8B%E5%B8%82%E4%B8%AD%E6%9D%91%E5%8C%BA%E5%90%8D%E9%A7%85%E5%8D%971-3-16,2018,うなぎ,unagi,
鰻 川淀,福岡県北九州市小倉北区魚町1-4-16,食べログ うなぎ 百名店 2018,https://tabelog.com/fukuoka/A4004/A400401/40012535/,https://www.google.com/maps/search/?api=1&query=%E9%B0%BB%20%E5%B7%9D%E6%B7%80%20%E7%A6%8F%E5%B2%A1%E7%9C%8C%E5%8C%97%E4%B9%9D%E5%B7%9E%E5%B8%82%E5%B0%8F%E5%80%89%E5%8C%97%E5%8C%BA%E9%AD%9A%E7%94%BA1-4-16,2018,うなぎ,unagi,
うなぎ屋 源内,高知県高知市北御座11-22,食べログ うなぎ 百名店 2018,https://tabelog.com/kochi/A3901/A390101/39004533/,https://www.google.com/maps/search/?api=1&query=%E3%81%86%E3%81%AA%E3%81%8E%E5%B1%8B%20%E6%BA%90%E5%86%85%20%E9%AB%98%E7%9F%A5%E7%9C%8C%E9%AB%98%E7%9F%A5%E5%B8%82%E5%8C%97%E5%BE%A1%E5%BA%A711-22,2018,うなぎ,unagi,
つきじ宮川本廛,東京都中央区築地1-4-6 宮川本店ビル,食べログ うなぎ 百名店 2018,https://tabelog.com/tokyo/A1313/A131301/13002304/,https://www.google.com/maps/search/?api=1&query=%E3%81%A4%E3%81%8D%E3%81%98%E5%AE%AE%E5%B7%9D%E6%9C%AC%E5%BB%9B%20%E6%9D%B1%E4%BA%AC%E9%83%BD%E4%B8%AD%E5%A4%AE%E5%8C%BA%E7%AF%89%E5%9C%B01-4-6%20%E5%AE%AE%E5%B7%9D%E6%9C%AC%E5%BA%97%E3%83%93%E3%83%AB,2018,うなぎ,unagi,
田舎庵 小倉本店,福岡県北九州市小倉北区鍛冶町1-1-13,食べログ うなぎ 百名店 2018,https://tabelog.com/fukuoka/A4004/A400401/40000419/,https://www.google.com/maps/search/?api=1&query=%E7%94%B0%E8%88%8E%E5%BA%B5%20%E5%B0%8F%E5%80%89%E6%9C%AC%E5%BA%97%20%E7%A6%8F%E5%B2%A1%E7%9C%8C%E5%8C%97%E4%B9%9D%E5%B7%9E%E5%B8%82%E5%B0%8F%E5%80%89%E5%8C%97%E5%8C%BA%E9%8D%9B%E5%86%B6%E7%94%BA1-1-13,2018,うなぎ,unagi,
うな平,神奈川県藤沢市辻堂東海岸2-2-8,食べログ うなぎ 百名店 2018,https://tabelog.com/kanagawa/A1404/A140404/14002103/,https://www.google.com/maps/search/?api=1&query=%E3%81%86%E3%81%AA%E5%B9%B3%20%E7%A5%9E%E5%A5%88%E5%B7%9D%E7%9C%8C%E8%97%A4%E6%B2%A2%E5%B8%82%E8%BE%BB%E5%A0%82%E6%9D%B1%E6%B5%B7%E5%B2%B82-2-8,2018,うなぎ,unagi,
しげ吉,岐阜県関市山王通1-3-29,食べログ うなぎ 百名店 2018,https://tabelog.com/gifu/A2102/A210204/21000054/,https://www.google.com/maps/search/?api=1&query=%E3%81%97%E3%81%92%E5%90%89%20%E5%B2%90%E9%98%9C%E7%9C%8C%E9%96%A2%E5%B8%82%E5%B1%B1%E7%8E%8B%E9%80%9A1-3-29,2018,うなぎ,unagi,
うなぎ川勢,東京都千代田区富士見1-7-5 富士見ヒルズ １Ｆ,食べログ うなぎ 百名店 2018,https://tabelog.com/tokyo/A1309/A130905/13035338/,https://www.google.com/maps/search/?api=1&query=%E3%81%86%E3%81%AA%E3%81%8E%E5%B7%9D%E5%8B%A2%20%E6%9D%B1%E4%BA%AC%E9%83%BD%E5%8D%83%E4%BB%A3%E7%94%B0%E5%8C%BA%E5%AF%8C%E5%A3%AB%E8%A6%8B1-7-5%20%E5%AF%8C%E5%A3%AB%E8%A6%8B%E3%83%92%E3%83%AB%E3%82%BA%20%EF%BC%91%EF%BC%A6,2018,うなぎ,unagi,
五代目 野田岩 麻布飯倉本店,東京都港区東麻布1-5-4,食べログ うなぎ 百名店 2018,https://tabelog.com/tokyo/A1314/A131401/13002789/,https://www.google.com/maps/search/?api=1&query=%E4%BA%94%E4%BB%A3%E7%9B%AE%20%E9%87%8E%E7%94%B0%E5%B2%A9%20%E9%BA%BB%E5%B8%83%E9%A3%AF%E5%80%89%E6%9C%AC%E5%BA%97%20%E6%9D%B1%E4%BA%AC%E9%83%BD%E6%B8%AF%E5%8C%BA%E6%9D%B1%E9%BA%BB%E5%B8%831-5-4,2018,うなぎ,unagi,
まるや本店 名駅店,愛知県名古屋市中村区名駅1-2-1 名鉄百貨店本店 9F,食べログ うなぎ 百名店 2018,https://tabelog.com/aichi/A2301/A230101/23004983/,https://www.google.com/maps/search/?api=1&query=%E3%81%BE%E3%82%8B%E3%82%84%E6%9C%AC%E5%BA%97%20%E5%90%8D%E9%A7%85%E5%BA%97%20%E6%84%9B%E7%9F%A5%E7%9C%8C%E5%90%8D%E5%8F%A4%E5%B1%8B%E5%B8%82%E4%B8%AD%E6%9D%91%E5%8C%BA%E5%90%8D%E9%A7%851-2-1%20%E5%90%8D%E9%89%84%E7%99%BE%E8%B2%A8%E5%BA%97%E6%9C%AC%E5%BA%97%209F,2018,うなぎ,unagi,
炭焼うなぎ 加茂,静岡県浜松市浜名区三ヶ日町都筑791-8,食べログ うなぎ 百名店 2018,https://tabelog.com/shizuoka/A2202/A220201/22008615/,https://www.google.com/maps/search/?api=1&query=%E7%82%AD%E7%84%BC%E3%81%86%E3%81%AA%E3%81%8E%20%E5%8A%A0%E8%8C%82%20%E9%9D%99%E5%B2%A1%E7%9C%8C%E6%B5%9C%E6%9D%BE%E5%B8%82%E6%B5%9C%E5%90%8D%E5%8C%BA%E4%B8%89%E3%83%B6%E6%97%A5%E7%94%BA%E9%83%BD%E7%AD%91791-8,2018,うなぎ,unagi,
小満津,東京都杉並区和田3-62-3 １Ｆ,食べログ うなぎ 百名店 2018,https://tabelog.com/tokyo/A1319/A131904/13001079/,https://www.google.com/maps/search/?api=1&query=%E5%B0%8F%E6%BA%80%E6%B4%A5%20%E6%9D%B1%E4%BA%AC%E9%83%BD%E6%9D%89%E4%B8%A6%E5%8C%BA%E5%92%8C%E7%94%B03-62-3%20%EF%BC%91%EF%BC%A6,2018,うなぎ,unagi,
明神下 神田川 本店,東京都千代田区外神田2-5-11,食べログ うなぎ 百名店 2018,https://tabelog.com/tokyo/A1310/A131002/13000346/,https://www.google.com/maps/search/?api=1&query=%E6%98%8E%E7%A5%9E%E4%B8%8B%20%E7%A5%9E%E7%94%B0%E5%B7%9D%20%E6%9C%AC%E5%BA%97%20%E6%9D%B1%E4%BA%AC%E9%83%BD%E5%8D%83%E4%BB%A3%E7%94%B0%E5%8C%BA%E5%A4%96%E7%A5%9E%E7%94%B02-5-11,2018,うなぎ,unagi,
入船,宮崎県西都市南方3316-3,食べログ うなぎ 百名店 2018,https://tabelog.com/miyazaki/A4504/A450401/45000054/,https://www.google.com/maps/search/?api=1&query=%E5%85%A5%E8%88%B9%20%E5%AE%AE%E5%B4%8E%E7%9C%8C%E8%A5%BF%E9%83%BD%E5%B8%82%E5%8D%97%E6%96%B93316-3,2018,うなぎ,unagi,
上村うなぎ屋,熊本県人吉市紺屋町129,食べログ うなぎ 百名店 2018,https://tabelog.com/kumamoto/A4304/A430403/43000195/,https://www.google.com/maps/search/?api=1&query=%E4%B8%8A%E6%9D%91%E3%81%86%E3%81%AA%E3%81%8E%E5%B1%8B%20%E7%86%8A%E6%9C%AC%E7%9C%8C%E4%BA%BA%E5%90%89%E5%B8%82%E7%B4%BA%E5%B1%8B%E7%94%BA129,2018,うなぎ,unagi,
うなぎのまつ嘉,長野県松本市中央3-2-29,食べログ うなぎ 百名店 2018,https://tabelog.com/nagano/A2002/A200201/20000103/,https://www.google.com/maps/search/?api=1&query=%E3%81%86%E3%81%AA%E3%81%8E%E3%81%AE%E3%81%BE%E3%81%A4%E5%98%89%20%E9%95%B7%E9%87%8E%E7%9C%8C%E6%9D%BE%E6%9C%AC%E5%B8%82%E4%B8%AD%E5%A4%AE3-2-29,2018,うなぎ,unagi,
わらじや,京都府京都市東山区西之門町555,食べログ うなぎ 百名店 2018,https://tabelog.com/kyoto/A2601/A260304/26000406/,https://www.google.com/maps/search/?api=1&query=%E3%82%8F%E3%82%89%E3%81%98%E3%82%84%20%E4%BA%AC%E9%83%BD%E5%BA%9C%E4%BA%AC%E9%83%BD%E5%B8%82%E6%9D%B1%E5%B1%B1%E5%8C%BA%E8%A5%BF%E4%B9%8B%E9%96%80%E7%94%BA555,2018,うなぎ,unagi,
鰻家,東京都豊島区南長崎5-18-17,食べログ うなぎ 百名店 2018,https://tabelog.com/tokyo/A1321/A132101/13012445/,https://www.google.com/maps/search/?api=1&query=%E9%B0%BB%E5%AE%B6%20%E6%9D%B1%E4%BA%AC%E9%83%BD%E8%B1%8A%E5%B3%B6%E5%8C%BA%E5%8D%97%E9%95%B7%E5%B4%8E5-18-17,2018,うなぎ,unagi,
小暮や,千葉県我孫子市天王台4-2-22 マンション　１Ｆ,食べログ うなぎ 百名店 2018,https://tabelog.com/chiba/A1203/A120304/12000292/,https://www.google.com/maps/search/?api=1&query=%E5%B0%8F%E6%9A%AE%E3%82%84%20%E5%8D%83%E8%91%89%E7%9C%8C%E6%88%91%E5%AD%AB%E5%AD%90%E5%B8%82%E5%A4%A9%E7%8E%8B%E5%8F%B04-2-22%20%E3%83%9E%E3%83%B3%E3%82%B7%E3%83%A7%E3%83%B3%E3%80%80%EF%BC%91%EF%BC%A6,2018,うなぎ,unagi,
うなぎの美鶴,鹿児島県鹿児島市下福元町3573-4,食べログ うなぎ 百名店 2018,https://tabelog.com/kagoshima/A4601/A460101/46003010/,https://www.google.com/maps/search/?api=1&query=%E3%81%86%E3%81%AA%E3%81%8E%E3%81%AE%E7%BE%8E%E9%B6%B4%20%E9%B9%BF%E5%85%90%E5%B3%B6%E7%9C%8C%E9%B9%BF%E5%85%90%E5%B3%B6%E5%B8%82%E4%B8%8B%E7%A6%8F%E5%85%83%E7%94%BA3573-4,2018,うなぎ,unagi,
黒崎 田舎庵 日日屋,福岡県北九州市八幡西区黒崎4丁目1-22,食べログ うなぎ 百名店 2018,https://tabelog.com/fukuoka/A4004/A400404/40001099/,https://www.google.com/maps/search/?api=1&query=%E9%BB%92%E5%B4%8E%20%E7%94%B0%E8%88%8E%E5%BA%B5%20%E6%97%A5%E6%97%A5%E5%B1%8B%20%E7%A6%8F%E5%B2%A1%E7%9C%8C%E5%8C%97%E4%B9%9D%E5%B7%9E%E5%B8%82%E5%85%AB%E5%B9%A1%E8%A5%BF%E5%8C%BA%E9%BB%92%E5%B4%8E4%E4%B8%81%E7%9B%AE1-22,2018,うなぎ,unagi,
御食事処 スズキ,神奈川県横浜市港北区篠原町2803,食べログ うなぎ 百名店 2018,https://tabelog.com/kanagawa/A1401/A140206/14010819/,https://www.google.com/maps/search/?api=1&query=%E5%BE%A1%E9%A3%9F%E4%BA%8B%E5%87%A6%20%E3%82%B9%E3%82%BA%E3%82%AD%20%E7%A5%9E%E5%A5%88%E5%B7%9D%E7%9C%8C%E6%A8%AA%E6%B5%9C%E5%B8%82%E6%B8%AF%E5%8C%97%E5%8C%BA%E7%AF%A0%E5%8E%9F%E7%94%BA2803,2018,うなぎ,unagi,
鰻 にしはら,大阪府大阪市中央区北新町4-12,食べログ うなぎ 百名店 2018,https://tabelog.com/osaka/A2701/A270104/27081196/,https://www.google.com/maps/search/?api=1&query=%E9%B0%BB%20%E3%81%AB%E3%81%97%E3%81%AF%E3%82%89%20%E5%A4%A7%E9%98%AA%E5%BA%9C%E5%A4%A7%E9%98%AA%E5%B8%82%E4%B8%AD%E5%A4%AE%E5%8C%BA%E5%8C%97%E6%96%B0%E7%94%BA4-12,2018,うなぎ,unagi,
うなぎ秋本,東京都千代田区麹町3-4-4,食べログ うなぎ 百名店 2018,https://tabelog.com/tokyo/A1308/A130803/13000415/,https://www.google.com/maps/search/?api=1&query=%E3%81%86%E3%81%AA%E3%81%8E%E7%A7%8B%E6%9C%AC%20%E6%9D%B1%E4%BA%AC%E9%83%BD%E5%8D%83%E4%BB%A3%E7%94%B0%E5%8C%BA%E9%BA%B9%E7%94%BA3-4-4,2018,うなぎ,unagi,
川豊 本店,千葉県成田市仲町386,食べログ うなぎ 百名店 2018,https://tabelog.com/chiba/A1204/A120401/12000709/,https://www.google.com/maps/search/?api=1&query=%E5%B7%9D%E8%B1%8A%20%E6%9C%AC%E5%BA%97%20%E5%8D%83%E8%91%89%E7%9C%8C%E6%88%90%E7%94%B0%E5%B8%82%E4%BB%B2%E7%94%BA386,2018,うなぎ,unagi,
うなぎ 魚政,東京都葛飾区東四ツ木4-14-4,食べログ うなぎ 百名店 2018,https://tabelog.com/tokyo/A1324/A132403/13035339/,https://www.google.com/maps/search/?api=1&query=%E3%81%86%E3%81%AA%E3%81%8E%20%E9%AD%9A%E6%94%BF%20%E6%9D%B1%E4%BA%AC%E9%83%BD%E8%91%9B%E9%A3%BE%E5%8C%BA%E6%9D%B1%E5%9B%9B%E3%83%84%E6%9C%A84-14-4,2018,うなぎ,unagi,
かいだ屋,高知県南国市浜改田1330-3,食べログ うなぎ 百名店 2018,https://tabelog.com/kochi/A3901/A390102/39000043/,https://www.google.com/maps/search/?api=1&query=%E3%81%8B%E3%81%84%E3%81%A0%E5%B1%8B%20%E9%AB%98%E7%9F%A5%E7%9C%8C%E5%8D%97%E5%9B%BD%E5%B8%82%E6%B5%9C%E6%94%B9%E7%94%B01330-3,2018,うなぎ,unagi,
うなぎ 浜名,埼玉県さいたま市浦和区仲町2-9-2 インフィニティうらわ　１Ｆ,食べログ うなぎ 百名店 2018,https://tabelog.com/saitama/A1101/A110102/11003229/,https://www.google.com/maps/search/?api=1&query=%E3%81%86%E3%81%AA%E3%81%8E%20%E6%B5%9C%E5%90%8D%20%E5%9F%BC%E7%8E%89%E7%9C%8C%E3%81%95%E3%81%84%E3%81%9F%E3%81%BE%E5%B8%82%E6%B5%A6%E5%92%8C%E5%8C%BA%E4%BB%B2%E7%94%BA2-9-2%20%E3%82%A4%E3%83%B3%E3%83%95%E3%82%A3%E3%83%8B%E3%83%86%E3%82%A3%E3%81%86%E3%82%89%E3%82%8F%E3%80%80%EF%BC%91%EF%BC%A6,2018,うなぎ,unagi,
うな豊,愛知県名古屋市瑞穂区豊岡通3-40,食べログ うなぎ 百名店 2018,https://tabelog.com/aichi/A2301/A230112/23006249/,https://www.google.com/maps/search/?api=1&query=%E3%81%86%E3%81%AA%E8%B1%8A%20%E6%84%9B%E7%9F%A5%E7%9C%8C%E5%90%8D%E5%8F%A4%E5%B1%8B%E5%B8%82%E7%91%9E%E7%A9%82%E5%8C%BA%E8%B1%8A%E5%B2%A1%E9%80%9A3-40,2018,うなぎ,unagi,
うなぎ割烹山田,千葉県香取市佐原イ457,食べログ うなぎ 百名店 2018,https://tabelog.com/chiba/A1204/A120404/12000489/,https://www.google.com/maps/search/?api=1&query=%E3%81%86%E3%81%AA%E3%81%8E%E5%89%B2%E7%83%B9%E5%B1%B1%E7%94%B0%20%E5%8D%83%E8%91%89%E7%9C%8C%E9%A6%99%E5%8F%96%E5%B8%82%E4%BD%90%E5%8E%9F%E3%82%A4457,2018,うなぎ,unagi,
吉田屋 美濃錦,岐阜県郡上市八幡町殿町160 郡上八幡の宿　吉田屋,食べログ うなぎ 百名店 2018,https://tabelog.com/gifu/A2102/A210205/21000845/,https://www.google.com/maps/search/?api=1&query=%E5%90%89%E7%94%B0%E5%B1%8B%20%E7%BE%8E%E6%BF%83%E9%8C%A6%20%E5%B2%90%E9%98%9C%E7%9C%8C%E9%83%A1%E4%B8%8A%E5%B8%82%E5%85%AB%E5%B9%A1%E7%94%BA%E6%AE%BF%E7%94%BA160%20%E9%83%A1%E4%B8%8A%E5%85%AB%E5%B9%A1%E3%81%AE%E5%AE%BF%E3%80%80%E5%90%89%E7%94%B0%E5%B1%8B,2018,うなぎ,unagi,
横浜野田岩,神奈川県横浜市西区北幸2-13-9,食べログ うなぎ 百名店 2018,https://tabelog.com/kanagawa/A1401/A140101/14000651/,https://www.google.com/maps/search/?api=1&query=%E6%A8%AA%E6%B5%9C%E9%87%8E%E7%94%B0%E5%B2%A9%20%E7%A5%9E%E5%A5%88%E5%B7%9D%E7%9C%8C%E6%A8%AA%E6%B5%9C%E5%B8%82%E8%A5%BF%E5%8C%BA%E5%8C%97%E5%B9%B82-13-9,2018,うなぎ,unagi,
うなぎ 初音,三重県亀山市関町新所898-1,食べログ うなぎ 百名店 2018,https://tabelog.com/mie/A2402/A240202/24000121/,https://www.google.com/maps/search/?api=1&query=%E3%81%86%E3%81%AA%E3%81%8E%20%E5%88%9D%E9%9F%B3%20%E4%B8%89%E9%87%8D%E7%9C%8C%E4%BA%80%E5%B1%B1%E5%B8%82%E9%96%A2%E7%94%BA%E6%96%B0%E6%89%80898-1,2018,うなぎ,unagi,
鰻家,大阪府大阪市淀川区西中島4-5-22 第3新大阪ビル 1F,食べログ うなぎ 百名店 2018,https://tabelog.com/osaka/A2701/A270301/27080635/,https://www.google.com/maps/search/?api=1&query=%E9%B0%BB%E5%AE%B6%20%E5%A4%A7%E9%98%AA%E5%BA%9C%E5%A4%A7%E9%98%AA%E5%B8%82%E6%B7%80%E5%B7%9D%E5%8C%BA%E8%A5%BF%E4%B8%AD%E5%B3%B64-5-22%20%E7%AC%AC3%E6%96%B0%E5%A4%A7%E9%98%AA%E3%83%93%E3%83%AB%201F,2018,うなぎ,unagi,
うなぎ料理 あつみ,静岡県浜松市中央区千歳町70,食べログ うなぎ 百名店 2018,https://tabelog.com/shizuoka/A2202/A220201/22000096/,https://www.google.com/maps/search/?api=1&query=%E3%81%86%E3%81%AA%E3%81%8E%E6%96%99%E7%90%86%20%E3%81%82%E3%81%A4%E3%81%BF%20%E9%9D%99%E5%B2%A1%E7%9C%8C%E6%B5%9C%E6%9D%BE%E5%B8%82%E4%B8%AD%E5%A4%AE%E5%8C%BA%E5%8D%83%E6%AD%B3%E7%94%BA70,2018,うなぎ,unagi,
辻屋,岐阜県関市本町5-14,食べログ うなぎ 百名店 2018,https://tabelog.com/gifu/A2102/A210204/21000002/,https://www.google.com/maps/search/?api=1&query=%E8%BE%BB%E5%B1%8B%20%E5%B2%90%E9%98%9C%E7%9C%8C%E9%96%A2%E5%B8%82%E6%9C%AC%E7%94%BA5-14,2018,うなぎ,unagi,
駿河屋,千葉県成田市仲町359,食べログ うなぎ 百名店 2018,https://tabelog.com/chiba/A1204/A120401/12006496/,https://www.google.com/maps/search/?api=1&query=%E9%A7%BF%E6%B2%B3%E5%B1%8B%20%E5%8D%83%E8%91%89%E7%9C%8C%E6%88%90%E7%94%B0%E5%B8%82%E4%BB%B2%E7%94%BA359,2018,うなぎ,unagi,
うなぎ亭 友栄,神奈川県小田原市風祭122,食べログ うなぎ 百名店 2018,https://tabelog.com/kanagawa/A1410/A141001/14001626/,https://www.google.com/maps/search/?api=1&query=%E3%81%86%E3%81%AA%E3%81%8E%E4%BA%AD%20%E5%8F%8B%E6%A0%84%20%E7%A5%9E%E5%A5%88%E5%B7%9D%E7%9C%8C%E5%B0%8F%E7%94%B0%E5%8E%9F%E5%B8%82%E9%A2%A8%E7%A5%AD122,2018,うなぎ,unagi,
炭火焼うなぎ 東山物産,三重県志摩市阿児町鵜方4032,食べログ うなぎ 百名店 2018,https://tabelog.com/mie/A2403/A240303/24006418/,https://www.google.com/maps/search/?api=1&query=%E7%82%AD%E7%81%AB%E7%84%BC%E3%81%86%E3%81%AA%E3%81%8E%20%E6%9D%B1%E5%B1%B1%E7%89%A9%E7%94%A3%20%E4%B8%89%E9%87%8D%E7%9C%8C%E5%BF%97%E6%91%A9%E5%B8%82%E9%98%BF%E5%85%90%E7%94%BA%E9%B5%9C%E6%96%B94032,2018,うなぎ,unagi,
鰻 小林,長野県諏訪市四賀赤沼1958-2,食べログ うなぎ 百名店 2018,https://tabelog.com/nagano/A2004/A200404/20001043/,https://www.google.com/maps/search/?api=1&query=%E9%B0%BB%20%E5%B0%8F%E6%9E%97%20%E9%95%B7%E9%87%8E%E7%9C%8C%E8%AB%8F%E8%A8%AA%E5%B8%82%E5%9B%9B%E8%B3%80%E8%B5%A4%E6%B2%BC1958-2,2018,うなぎ,unagi,
活鰻の店 つぐみ庵,東京都北区中里1-29-1,食べログ うなぎ 百名店 2018,https://tabelog.com/tokyo/A1323/A132301/13080463/,https://www.google.com/maps/search/?api=1&query=%E6%B4%BB%E9%B0%BB%E3%81%AE%E5%BA%97%20%E3%81%A4%E3%81%90%E3%81%BF%E5%BA%B5%20%E6%9D%B1%E4%BA%AC%E9%83%BD%E5%8C%97%E5%8C%BA%E4%B8%AD%E9%87%8C1-29-1,2018,うなぎ,unagi,
清月,愛知県名古屋市東区徳川町2502 マルカネエクセレンス 1F,食べログ うなぎ 百名店 2018,https://tabelog.com/aichi/A2301/A230110/23050355/,https://www.google.com/maps/search/?api=1&query=%E6%B8%85%E6%9C%88%20%E6%84%9B%E7%9F%A5%E7%9C%8C%E5%90%8D%E5%8F%A4%E5%B1%8B%E5%B8%82%E6%9D%B1%E5%8C%BA%E5%BE%B3%E5%B7%9D%E7%94%BA2502%20%E3%83%9E%E3%83%AB%E3%82%AB%E3%83%8D%E3%82%A8%E3%82%AF%E3%82%BB%E3%83%AC%E3%83%B3%E3%82%B9%201F,2018,うなぎ,unagi,
うなぎ 平八,東京都大田区田園調布2-50-2,食べログ うなぎ 百名店 2018,https://tabelog.com/tokyo/A1317/A131704/13017676/,https://www.google.com/maps/search/?api=1&query=%E3%81%86%E3%81%AA%E3%81%8E%20%E5%B9%B3%E5%85%AB%20%E6%9D%B1%E4%BA%AC%E9%83%BD%E5%A4%A7%E7%94%B0%E5%8C%BA%E7%94%B0%E5%9C%92%E8%AA%BF%E5%B8%832-50-2,2018,うなぎ,unagi,
若松屋,福岡県柳川市沖端町26,食べログ うなぎ 百名店 2018,https://tabelog.com/fukuoka/A4008/A400806/40000145/,https://www.google.com/maps/search/?api=1&query=%E8%8B%A5%E6%9D%BE%E5%B1%8B%20%E7%A6%8F%E5%B2%A1%E7%9C%8C%E6%9F%B3%E5%B7%9D%E5%B8%82%E6%B2%96%E7%AB%AF%E7%94%BA26,2018,うなぎ,unagi,
はし本,東京都文京区水道2-5-7,食べログ うなぎ 百名店 2018,https://tabelog.com/tokyo/A1309/A130905/13018616/,https://www.google.com/maps/search/?api=1&query=%E3%81%AF%E3%81%97%E6%9C%AC%20%E6%9D%B1%E4%BA%AC%E9%83%BD%E6%96%87%E4%BA%AC%E5%8C%BA%E6%B0%B4%E9%81%932-5-7,2018,うなぎ,unagi,
天然うなぎ しま村,神奈川県横浜市港北区高田東3-4-11,食べログ うなぎ 百名店 2018,https://tabelog.com/kanagawa/A1401/A140204/14005241/,https://www.google.com/maps/search/?api=1&query=%E5%A4%A9%E7%84%B6%E3%81%86%E3%81%AA%E3%81%8E%20%E3%81%97%E3%81%BE%E6%9D%91%20%E7%A5%9E%E5%A5%88%E5%B7%9D%E7%9C%8C%E6%A8%AA%E6%B5%9C%E5%B8%82%E6%B8%AF%E5%8C%97%E5%8C%BA%E9%AB%98%E7%94%B0%E6%9D%B13-4-11,2018,うなぎ,unagi,
ぬりや 泉町大通り,茨城県水戸市泉町3-1-31,食べログ うなぎ 百名店 2018,https://tabelog.com/ibaraki/A0801/A080101/8001191/,https://www.google.com/maps/search/?api=1&query=%E3%81%AC%E3%82%8A%E3%82%84%20%E6%B3%89%E7%94%BA%E5%A4%A7%E9%80%9A%E3%82%8A%20%E8%8C%A8%E5%9F%8E%E7%9C%8C%E6%B0%B4%E6%88%B8%E5%B8%82%E6%B3%89%E7%94%BA3-1-31,2018,うなぎ,unagi,
うなぎ屋 廣川,京都府京都市右京区嵯峨天龍寺北造路町44-1,食べログ うなぎ 百名店 2018,https://tabelog.com/kyoto/A2601/A260403/26000921/,https://www.google.com/maps/search/?api=1&query=%E3%81%86%E3%81%AA%E3%81%8E%E5%B1%8B%20%E5%BB%A3%E5%B7%9D%20%E4%BA%AC%E9%83%BD%E5%BA%9C%E4%BA%AC%E9%83%BD%E5%B8%82%E5%8F%B3%E4%BA%AC%E5%8C%BA%E5%B5%AF%E5%B3%A8%E5%A4%A9%E9%BE%8D%E5%AF%BA%E5%8C%97%E9%80%A0%E8%B7%AF%E7%94%BA44-1,2018,うなぎ,unagi,
川勢,東京都杉並区上荻1-6-11,食べログ うなぎ 百名店 2018,https://tabelog.com/tokyo/A1319/A131906/13001104/,https://www.google.com/maps/search/?api=1&query=%E5%B7%9D%E5%8B%A2%20%E6%9D%B1%E4%BA%AC%E9%83%BD%E6%9D%89%E4%B8%A6%E5%8C%BA%E4%B8%8A%E8%8D%BB1-6-11,2018,うなぎ,unagi,
うなぎ 桜家,静岡県三島市広小路町13-2,食べログ うなぎ 百名店 2018,https://tabelog.com/shizuoka/A2205/A220501/22000127/,https://www.google.com/maps/search/?api=1&query=%E3%81%86%E3%81%AA%E3%81%8E%20%E6%A1%9C%E5%AE%B6%20%E9%9D%99%E5%B2%A1%E7%9C%8C%E4%B8%89%E5%B3%B6%E5%B8%82%E5%BA%83%E5%B0%8F%E8%B7%AF%E7%94%BA13-2,2018,うなぎ,unagi,
石ばし,東京都文京区水道2-4-29,食べログ うなぎ 百名店 2018,https://tabelog.com/tokyo/A1309/A130905/13003531/,https://www.google.com/maps/search/?api=1&query=%E7%9F%B3%E3%81%B0%E3%81%97%20%E6%9D%B1%E4%BA%AC%E9%83%BD%E6%96%87%E4%BA%AC%E5%8C%BA%E6%B0%B4%E9%81%932-4-29,2018,うなぎ,unagi,
神泉いちのや,東京都渋谷区神泉町20-22 神泉ハイツ 1F,食べログ うなぎ 百名店 2018,https://tabelog.com/tokyo/A1303/A130301/13004659/,https://www.google.com/maps/search/?api=1&query=%E7%A5%9E%E6%B3%89%E3%81%84%E3%81%A1%E3%81%AE%E3%82%84%20%E6%9D%B1%E4%BA%AC%E9%83%BD%E6%B8%8B%E8%B0%B7%E5%8C%BA%E7%A5%9E%E6%B3%89%E7%94%BA20-22%20%E7%A5%9E%E6%B3%89%E3%83%8F%E3%82%A4%E3%83%84%201F,2018,うなぎ,unagi,
初小川,東京都台東区雷門2-8-4,食べログ うなぎ 百名店 2018,https://tabelog.com/tokyo/A1311/A131102/13003702/,https://www.google.com/maps/search/?api=1&query=%E5%88%9D%E5%B0%8F%E5%B7%9D%20%E6%9D%B1%E4%BA%AC%E9%83%BD%E5%8F%B0%E6%9D%B1%E5%8C%BA%E9%9B%B7%E9%96%802-8-4,2018,うなぎ,unagi,
うなふじ,三重県津市高野尾町633-29,食べログ うなぎ 百名店 2018,https://tabelog.com/mie/A2401/A240101/24000800/,https://www.google.com/maps/search/?api=1&query=%E3%81%86%E3%81%AA%E3%81%B5%E3%81%98%20%E4%B8%89%E9%87%8D%E7%9C%8C%E6%B4%A5%E5%B8%82%E9%AB%98%E9%87%8E%E5%B0%BE%E7%94%BA633-29,2018,うなぎ,unagi,
やしま,東京都台東区小島2-18-19,食べログ うなぎ 百名店 2018,https://tabelog.com/tokyo/A1311/A131101/13024325/,https://www.google.com/maps/search/?api=1&query=%E3%82%84%E3%81%97%E3%81%BE%20%E6%9D%B1%E4%BA%AC%E9%83%BD%E5%8F%B0%E6%9D%B1%E5%8C%BA%E5%B0%8F%E5%B3%B62-18-19,2018,うなぎ,unagi,
祇をん う桶や う,京都府京都市東山区祇園西花見小路四条下ル,食べログ うなぎ 百名店 2018,https://tabelog.com/kyoto/A2601/A260301/26001387/,https://www.google.com/maps/search/?api=1&query=%E7%A5%87%E3%82%92%E3%82%93%20%E3%81%86%E6%A1%B6%E3%82%84%20%E3%81%86%20%E4%BA%AC%E9%83%BD%E5%BA%9C%E4%BA%AC%E9%83%BD%E5%B8%82%E6%9D%B1%E5%B1%B1%E5%8C%BA%E7%A5%87%E5%9C%92%E8%A5%BF%E8%8A%B1%E8%A6%8B%E5%B0%8F%E8%B7%AF%E5%9B%9B%E6%9D%A1%E4%B8%8B%E3%83%AB,2018,うなぎ,unagi,
