Name,Address,Description,Website,Tabelog Reservation URL,Google Maps URL,Latitude,Longitude,Year,Genre,Genre Slug,Release Date
カフェ フェイト,大阪府大阪市北区本庄東1-6-16 メゾン・コンフォート 1F,食べログ 百名店: 2019 | 2020 | 2025 / スイーツ 百名店 WEST 2019 | スイーツ WEST | カフェ WEST,https://tabelog.com/osaka/A2701/A270103/27076635/,,https://www.google.com/maps/search/?api=1&query=%E3%82%AB%E3%83%95%E3%82%A7%20%E3%83%95%E3%82%A7%E3%82%A4%E3%83%88%20%E5%A4%A7%E9%98%AA%E5%BA%9C%E5%A4%A7%E9%98%AA%E5%B8%82%E5%8C%97%E5%8C%BA%E6%9C%AC%E5%BA%84%E6%9D%B11-6-16%20%E3%83%A1%E3%82%BE%E3%83%B3%E3%83%BB%E3%82%B3%E3%83%B3%E3%83%95%E3%82%A9%E3%83%BC%E3%83%88%201F,34.7122145,135.5102157,2019 | 2020 | 2025,スイーツ 百名店 WEST 2019 | スイーツ WEST | カフェ WEST,sweets_west | cafe_west,発表日：2025年7月8日
かしや,京都府京都市左京区吉永町270-3,食べログ 百名店: 2019 | 2020 | 2025 / スイーツ 百名店 WEST 2019 | スイーツ WEST | カフェ WEST,https://tabelog.com/kyoto/A2601/A260301/26024343/,,https://www.google.com/maps/search/?api=1&query=%E3%81%8B%E3%81%97%E3%82%84%20%E4%BA%AC%E9%83%BD%E5%BA%9C%E4%BA%AC%E9%83%BD%E5%B8%82%E5%B7%A6%E4%BA%AC%E5%8C%BA%E5%90%89%E6%B0%B8%E7%94%BA270-3,35.0137818,135.7748973,2019 | 2020 | 2025,スイーツ 百名店 WEST 2019 | スイーツ WEST | カフェ WEST,sweets_west | cafe_west,発表日：2025年7月8日
一笑,石川県金沢市東山1-26-13,食べログ 百名店: 2019 | 2025 / スイーツ 百名店 WEST 2019 | カフェ WEST,https://tabelog.com/ishikawa/A1701/A170101/17000060/,,https://www.google.com/maps/search/?api=1&query=%E4%B8%80%E7%AC%91%20%E7%9F%B3%E5%B7%9D%E7%9C%8C%E9%87%91%E6%B2%A2%E5%B8%82%E6%9D%B1%E5%B1%B11-26-13,36.5723785,136.6678001,2019 | 2025,スイーツ 百名店 WEST 2019 | カフェ WEST,sweets_west | cafe_west,発表日：2025年7月8日
白熊菓琲,鹿児島県鹿児島市千日町5-8 天文館むじゃきビル 1F,食べログ 百名店: 2019 | 2020 | 2025 / スイーツ 百名店 WEST 2019 | スイーツ WEST | カフェ WEST,https://tabelog.com/kagoshima/A4601/A460101/46000044/,,https://www.google.com/maps/search/?api=1&query=%E7%99%BD%E7%86%8A%E8%8F%93%E7%90%B2%20%E9%B9%BF%E5%85%90%E5%B3%B6%E7%9C%8C%E9%B9%BF%E5%85%90%E5%B3%B6%E5%B8%82%E5%8D%83%E6%97%A5%E7%94%BA5-8%20%E5%A4%A9%E6%96%87%E9%A4%A8%E3%82%80%E3%81%98%E3%82%83%E3%81%8D%E3%83%93%E3%83%AB%201F,31.5892006,130.5559768,2019 | 2020 | 2025,スイーツ 百名店 WEST 2019 | スイーツ WEST | カフェ WEST,sweets_west | cafe_west,発表日：2025年7月8日
ゼンカフェ,京都府京都市東山区祇園町南側570-210,食べログ 百名店: 2019 | 2020 | 2025 / スイーツ 百名店 WEST 2019 | スイーツ WEST | カフェ WEST,https://tabelog.com/kyoto/A2601/A260301/26021305/,,https://www.google.com/maps/search/?api=1&query=%E3%82%BC%E3%83%B3%E3%82%AB%E3%83%95%E3%82%A7%20%E4%BA%AC%E9%83%BD%E5%BA%9C%E4%BA%AC%E9%83%BD%E5%B8%82%E6%9D%B1%E5%B1%B1%E5%8C%BA%E7%A5%87%E5%9C%92%E7%94%BA%E5%8D%97%E5%81%B4570-210,35.0030520,135.7735706,2019 | 2020 | 2025,スイーツ 百名店 WEST 2019 | スイーツ WEST | カフェ WEST,sweets_west | cafe_west,発表日：2025年7月8日
ティーハウスマユール 宮崎台店,神奈川県川崎市宮前区宮崎2-3-12-103,食べログ 百名店: 2020 | 2025 / スイーツ EAST | カフェ EAST,https://tabelog.com/kanagawa/A1405/A140507/14009451/,https://yoyaku.tabelog.com/yoyaku/tabelog_booking/send_remind/,https://www.google.com/maps/search/?api=1&query=%E3%83%86%E3%82%A3%E3%83%BC%E3%83%8F%E3%82%A6%E3%82%B9%E3%83%9E%E3%83%A6%E3%83%BC%E3%83%AB%20%E5%AE%AE%E5%B4%8E%E5%8F%B0%E5%BA%97%20%E7%A5%9E%E5%A5%88%E5%B7%9D%E7%9C%8C%E5%B7%9D%E5%B4%8E%E5%B8%82%E5%AE%AE%E5%89%8D%E5%8C%BA%E5%AE%AE%E5%B4%8E2-3-12-103,35.5886651,139.5922311,2020 | 2025,スイーツ EAST | カフェ EAST,sweets_east | cafe_east,発表日：2025年7月8日
こちかぜ,大阪府大阪市天王寺区空清町2-22,食べログ 百名店: 2020 | 2025 / スイーツ WEST | カフェ WEST,https://tabelog.com/osaka/A2701/A270204/27009604/,https://yoyaku.tabelog.com/yoyaku/tabelog_booking/send_remind/,https://www.google.com/maps/search/?api=1&query=%E3%81%93%E3%81%A1%E3%81%8B%E3%81%9C%20%E5%A4%A7%E9%98%AA%E5%BA%9C%E5%A4%A7%E9%98%AA%E5%B8%82%E5%A4%A9%E7%8E%8B%E5%AF%BA%E5%8C%BA%E7%A9%BA%E6%B8%85%E7%94%BA2-22,34.6729765,135.5248277,2020 | 2025,スイーツ WEST | カフェ WEST,sweets_west | cafe_west,発表日：2025年7月8日
cocoo cafe,大阪府大阪市西区靭本町2-2-23 靭交番前ビル402,食べログ 百名店: 2020 | 2025 / スイーツ WEST | カフェ WEST,https://tabelog.com/osaka/A2701/A270106/27031667/,https://yoyaku.tabelog.com/yoyaku/tabelog_booking/send_remind/,https://www.google.com/maps/search/?api=1&query=cocoo%20cafe%20%E5%A4%A7%E9%98%AA%E5%BA%9C%E5%A4%A7%E9%98%AA%E5%B8%82%E8%A5%BF%E5%8C%BA%E9%9D%AD%E6%9C%AC%E7%94%BA2-2-23%20%E9%9D%AD%E4%BA%A4%E7%95%AA%E5%89%8D%E3%83%93%E3%83%AB402,34.6840694,135.4925585,2020 | 2025,スイーツ WEST | カフェ WEST,sweets_west | cafe_west,発表日：2025年7月8日
みやけ 旧鴻池邸表屋,奈良県奈良市鳥見町1-5-1,食べログ 百名店: 2020 | 2025 / スイーツ WEST | カフェ WEST,https://tabelog.com/nara/A2901/A290102/29004637/,https://yoyaku.tabelog.com/yoyaku/tabelog_booking/send_remind/,https://www.google.com/maps/search/?api=1&query=%E3%81%BF%E3%82%84%E3%81%91%20%E6%97%A7%E9%B4%BB%E6%B1%A0%E9%82%B8%E8%A1%A8%E5%B1%8B%20%E5%A5%88%E8%89%AF%E7%9C%8C%E5%A5%88%E8%89%AF%E5%B8%82%E9%B3%A5%E8%A6%8B%E7%94%BA1-5-1,34.6922430,135.7293124,2020 | 2025,スイーツ WEST | カフェ WEST,sweets_west | cafe_west,発表日：2025年7月8日
市川屋珈琲,京都府京都市東山区鐘鋳町396-2,食べログ 百名店: 2021 | 2025 / 喫茶店 | カフェ WEST,https://tabelog.com/kyoto/A2601/A260301/26026585/,https://yoyaku.tabelog.com/yoyaku/tabelog_booking/send_remind/,https://www.google.com/maps/search/?api=1&query=%E5%B8%82%E5%B7%9D%E5%B1%8B%E7%8F%88%E7%90%B2%20%E4%BA%AC%E9%83%BD%E5%BA%9C%E4%BA%AC%E9%83%BD%E5%B8%82%E6%9D%B1%E5%B1%B1%E5%8C%BA%E9%90%98%E9%8B%B3%E7%94%BA396-2,34.9931674,135.7742089,2021 | 2025,喫茶店 | カフェ WEST,kissaten | cafe_west,発表日：2021年6月29日 | 発表日：2025年7月8日
Cafe Tram,東京都渋谷区恵比寿西1-7-13 スイングビル 2F,食べログ 百名店: 2021 | 2025 / 喫茶店 | カフェ EAST,https://tabelog.com/tokyo/A1303/A130302/13170379/,https://yoyaku.tabelog.com/yoyaku/tabelog_booking/send_remind/,https://www.google.com/maps/search/?api=1&query=Cafe%20Tram%20%E6%9D%B1%E4%BA%AC%E9%83%BD%E6%B8%8B%E8%B0%B7%E5%8C%BA%E6%81%B5%E6%AF%94%E5%AF%BF%E8%A5%BF1-7-13%20%E3%82%B9%E3%82%A4%E3%83%B3%E3%82%B0%E3%83%93%E3%83%AB%202F,35.6480849,139.7084827,2021 | 2025,喫茶店 | カフェ EAST,kissaten | cafe_east,発表日：2021年6月29日 | 発表日：2025年7月8日
すみだ珈琲,東京都墨田区太平4-7-11,食べログ 百名店: 2025 / カフェ EAST,https://tabelog.com/tokyo/A1312/A131201/13120781/,https://yoyaku.tabelog.com/yoyaku/tabelog_booking/send_remind/,https://www.google.com/maps/search/?api=1&query=%E3%81%99%E3%81%BF%E3%81%A0%E7%8F%88%E7%90%B2%20%E6%9D%B1%E4%BA%AC%E9%83%BD%E5%A2%A8%E7%94%B0%E5%8C%BA%E5%A4%AA%E5%B9%B34-7-11,35.7014063,139.8162142,2025,カフェ EAST,cafe_east,発表日：2025年7月8日
ブルー・ブリック・ラウンジ,東京都港区南青山5-3-3 ヨックモック青山本店,食べログ 百名店: 2025 / カフェ EAST,https://tabelog.com/tokyo/A1306/A130602/13004798/,https://tabelog.com/tokyo/A1306/A130602/13004798/?cid=google_yoyaku,https://www.google.com/maps/search/?api=1&query=%E3%83%96%E3%83%AB%E3%83%BC%E3%83%BB%E3%83%96%E3%83%AA%E3%83%83%E3%82%AF%E3%83%BB%E3%83%A9%E3%82%A6%E3%83%B3%E3%82%B8%20%E6%9D%B1%E4%BA%AC%E9%83%BD%E6%B8%AF%E5%8C%BA%E5%8D%97%E9%9D%92%E5%B1%B15-3-3%20%E3%83%A8%E3%83%83%E3%82%AF%E3%83%A2%E3%83%83%E3%82%AF%E9%9D%92%E5%B1%B1%E6%9C%AC%E5%BA%97,35.6634272,139.7148500,2025,カフェ EAST,cafe_east,発表日：2025年7月8日
ロクシタンカフェ SHIBUYA TOKYO,東京都渋谷区道玄坂2-3-1 渋谷駅前ビル 2F･3F,食べログ 百名店: 2025 / カフェ EAST,https://tabelog.com/tokyo/A1303/A130301/13225574/,https://tabelog.com/tokyo/A1303/A130301/13225574/?cid=google_yoyaku,https://www.google.com/maps/search/?api=1&query=%E3%83%AD%E3%82%AF%E3%82%B7%E3%82%BF%E3%83%B3%E3%82%AB%E3%83%95%E3%82%A7%20SHIBUYA%20TOKYO%20%E6%9D%B1%E4%BA%AC%E9%83%BD%E6%B8%8B%E8%B0%B7%E5%8C%BA%E9%81%93%E7%8E%84%E5%9D%822-3-1%20%E6%B8%8B%E8%B0%B7%E9%A7%85%E5%89%8D%E3%83%93%E3%83%AB%202F%EF%BD%A53F,35.6593196,139.6998989,2025,カフェ EAST,cafe_east,発表日：2025年7月8日
カフェ アクイーユ 恵比寿店,東京都渋谷区恵比寿西2-10-10 エレガンテヴィータ1F,食べログ 百名店: 2025 / カフェ EAST,https://tabelog.com/tokyo/A1303/A130302/13127590/,https://tabelog.com/tokyo/A1303/A130302/13127590/?cid=google_yoyaku,https://www.google.com/maps/search/?api=1&query=%E3%82%AB%E3%83%95%E3%82%A7%20%E3%82%A2%E3%82%AF%E3%82%A4%E3%83%BC%E3%83%A6%20%E6%81%B5%E6%AF%94%E5%AF%BF%E5%BA%97%20%E6%9D%B1%E4%BA%AC%E9%83%BD%E6%B8%8B%E8%B0%B7%E5%8C%BA%E6%81%B5%E6%AF%94%E5%AF%BF%E8%A5%BF2-10-10%20%E3%82%A8%E3%83%AC%E3%82%AC%E3%83%B3%E3%83%86%E3%83%B4%E3%82%A3%E3%83%BC%E3%82%BF1F,35.6493409,139.7066582,2025,カフェ EAST,cafe_east,発表日：2025年7月8日
Paul Bassett 渋谷ヒカリエ ＳｈiｎＱｓ 東横のれん街店,東京都渋谷区渋谷2-21-1 渋谷ヒカリエ ＳｈiｎＱｓ 東横のれん街 B2F,食べログ 百名店: 2025 / カフェ EAST,https://tabelog.com/tokyo/A1303/A130301/13140156/,https://yoyaku.tabelog.com/yoyaku/tabelog_booking/send_remind/,https://www.google.com/maps/search/?api=1&query=Paul%20Bassett%20%E6%B8%8B%E8%B0%B7%E3%83%92%E3%82%AB%E3%83%AA%E3%82%A8%20%EF%BC%B3%EF%BD%88i%EF%BD%8E%EF%BC%B1%EF%BD%93%20%E6%9D%B1%E6%A8%AA%E3%81%AE%E3%82%8C%E3%82%93%E8%A1%97%E5%BA%97%20%E6%9D%B1%E4%BA%AC%E9%83%BD%E6%B8%8B%E8%B0%B7%E5%8C%BA%E6%B8%8B%E8%B0%B72-21-1%20%E6%B8%8B%E8%B0%B7%E3%83%92%E3%82%AB%E3%83%AA%E3%82%A8%20%EF%BC%B3%EF%BD%88i%EF%BD%8E%EF%BC%B1%EF%BD%93%20%E6%9D%B1%E6%A8%AA%E3%81%AE%E3%82%8C%E3%82%93%E8%A1%97%20B2F,35.6587467,139.7032544,2025,カフェ EAST,cafe_east,発表日：2025年7月8日
ル・パン・コティディアン 東京ミッドタウン店,東京都港区赤坂9-7-3 ミッドタウン･ウエスト プラザ 1F,食べログ 百名店: 2025 / カフェ EAST,https://tabelog.com/tokyo/A1307/A130701/13209416/,https://tabelog.com/tokyo/A1307/A130701/13209416/?cid=google_yoyaku,https://www.google.com/maps/search/?api=1&query=%E3%83%AB%E3%83%BB%E3%83%91%E3%83%B3%E3%83%BB%E3%82%B3%E3%83%86%E3%82%A3%E3%83%87%E3%82%A3%E3%82%A2%E3%83%B3%20%E6%9D%B1%E4%BA%AC%E3%83%9F%E3%83%83%E3%83%89%E3%82%BF%E3%82%A6%E3%83%B3%E5%BA%97%20%E6%9D%B1%E4%BA%AC%E9%83%BD%E6%B8%AF%E5%8C%BA%E8%B5%A4%E5%9D%829-7-3%20%E3%83%9F%E3%83%83%E3%83%89%E3%82%BF%E3%82%A6%E3%83%B3%EF%BD%A5%E3%82%A6%E3%82%A8%E3%82%B9%E3%83%88%20%E3%83%97%E3%83%A9%E3%82%B6%201F,35.6657106,139.7307539,2025,カフェ EAST,cafe_east,発表日：2025年7月8日
Kurumicco Factory,神奈川県横浜市中区新港2-14-1 横浜ハンマーヘッド 2F,食べログ 百名店: 2025 / カフェ EAST,https://tabelog.com/kanagawa/A1401/A140104/14076999/,https://yoyaku.tabelog.com/yoyaku/tabelog_booking/send_remind/,https://www.google.com/maps/search/?api=1&query=Kurumicco%20Factory%20%E7%A5%9E%E5%A5%88%E5%B7%9D%E7%9C%8C%E6%A8%AA%E6%B5%9C%E5%B8%82%E4%B8%AD%E5%8C%BA%E6%96%B0%E6%B8%AF2-14-1%20%E6%A8%AA%E6%B5%9C%E3%83%8F%E3%83%B3%E3%83%9E%E3%83%BC%E3%83%98%E3%83%83%E3%83%89%202F,35.4563393,139.6422711,2025,カフェ EAST,cafe_east,発表日：2025年7月8日
ブリコラージュ ブレッド アンド カンパニー ダイニング・カフェ,東京都港区六本木6-15-1 六本木ヒルズ けやき坂テラス 1F,食べログ 百名店: 2025 / カフェ EAST,https://tabelog.com/tokyo/A1307/A130701/13222793/,https://yoyaku.tabelog.com/yoyaku/tabelog_booking/send_remind/,https://www.google.com/maps/search/?api=1&query=%E3%83%96%E3%83%AA%E3%82%B3%E3%83%A9%E3%83%BC%E3%82%B8%E3%83%A5%20%E3%83%96%E3%83%AC%E3%83%83%E3%83%89%20%E3%82%A2%E3%83%B3%E3%83%89%20%E3%82%AB%E3%83%B3%E3%83%91%E3%83%8B%E3%83%BC%20%E3%83%80%E3%82%A4%E3%83%8B%E3%83%B3%E3%82%B0%E3%83%BB%E3%82%AB%E3%83%95%E3%82%A7%20%E6%9D%B1%E4%BA%AC%E9%83%BD%E6%B8%AF%E5%8C%BA%E5%85%AD%E6%9C%AC%E6%9C%A86-15-1%20%E5%85%AD%E6%9C%AC%E6%9C%A8%E3%83%92%E3%83%AB%E3%82%BA%20%E3%81%91%E3%82%84%E3%81%8D%E5%9D%82%E3%83%86%E3%83%A9%E3%82%B9%201F,35.6591953,139.7282483,2025,カフェ EAST,cafe_east,発表日：2025年7月8日
ナッティーズ カフ,東京都文京区小石川4-17-17,食べログ 百名店: 2025 / カフェ EAST,https://tabelog.com/tokyo/A1323/A132302/13231008/,https://yoyaku.tabelog.com/yoyaku/tabelog_booking/send_remind/,https://www.google.com/maps/search/?api=1&query=%E3%83%8A%E3%83%83%E3%83%86%E3%82%A3%E3%83%BC%E3%82%BA%20%E3%82%AB%E3%83%95%20%E6%9D%B1%E4%BA%AC%E9%83%BD%E6%96%87%E4%BA%AC%E5%8C%BA%E5%B0%8F%E7%9F%B3%E5%B7%9D4-17-17,35.7158093,139.7422732,2025,カフェ EAST,cafe_east,発表日：2025年7月8日
IVY PLACE,東京都渋谷区猿楽町16-15 DAIKANYAMA T-SITE GARDEN,食べログ 百名店: 2025 / カフェ EAST,https://tabelog.com/tokyo/A1303/A130303/13134309/,https://tabelog.com/tokyo/A1303/A130303/13134309/?cid=google_yoyaku,https://www.google.com/maps/search/?api=1&query=IVY%20PLACE%20%E6%9D%B1%E4%BA%AC%E9%83%BD%E6%B8%8B%E8%B0%B7%E5%8C%BA%E7%8C%BF%E6%A5%BD%E7%94%BA16-15%20DAIKANYAMA%20T-SITE%20GARDEN,35.6493666,139.6999519,2025,カフェ EAST,cafe_east,発表日：2025年7月8日
Cafe 1894,東京都千代田区丸の内2-6-2 三菱一号館美術館 1F,食べログ 百名店: 2025 / カフェ EAST,https://tabelog.com/tokyo/A1302/A130201/13096426/,https://tabelog.com/tokyo/A1302/A130201/13096426/?cid=google_yoyaku,https://www.google.com/maps/search/?api=1&query=Cafe%201894%20%E6%9D%B1%E4%BA%AC%E9%83%BD%E5%8D%83%E4%BB%A3%E7%94%B0%E5%8C%BA%E4%B8%B8%E3%81%AE%E5%86%852-6-2%20%E4%B8%89%E8%8F%B1%E4%B8%80%E5%8F%B7%E9%A4%A8%E7%BE%8E%E8%A1%93%E9%A4%A8%201F,35.6784531,139.7633166,2025,カフェ EAST,cafe_east,発表日：2025年7月8日
ナス・ショウゾウ カフェ,栃木県那須郡那須町高久乙2730-25,食べログ 百名店: 2025 / カフェ EAST,https://tabelog.com/tochigi/A0905/A090501/9000098/,https://yoyaku.tabelog.com/yoyaku/tabelog_booking/send_remind/,https://www.google.com/maps/search/?api=1&query=%E3%83%8A%E3%82%B9%E3%83%BB%E3%82%B7%E3%83%A7%E3%82%A6%E3%82%BE%E3%82%A6%20%E3%82%AB%E3%83%95%E3%82%A7%20%E6%A0%83%E6%9C%A8%E7%9C%8C%E9%82%A3%E9%A0%88%E9%83%A1%E9%82%A3%E9%A0%88%E7%94%BA%E9%AB%98%E4%B9%85%E4%B9%992730-25,37.0546080,140.0138218,2025,カフェ EAST,cafe_east,発表日：2025年7月8日
オールシーズンズ コーヒー,東京都新宿区新宿2-7-7 寿ビル 1F,食べログ 百名店: 2025 / カフェ EAST,https://tabelog.com/tokyo/A1304/A130401/13187981/,https://yoyaku.tabelog.com/yoyaku/tabelog_booking/send_remind/,https://www.google.com/maps/search/?api=1&query=%E3%82%AA%E3%83%BC%E3%83%AB%E3%82%B7%E3%83%BC%E3%82%BA%E3%83%B3%E3%82%BA%20%E3%82%B3%E3%83%BC%E3%83%92%E3%83%BC%20%E6%9D%B1%E4%BA%AC%E9%83%BD%E6%96%B0%E5%AE%BF%E5%8C%BA%E6%96%B0%E5%AE%BF2-7-7%20%E5%AF%BF%E3%83%93%E3%83%AB%201F,35.6898052,139.7079298,2025,カフェ EAST,cafe_east,発表日：2025年7月8日
ぴよりんSTATION Cafe gentiane JR名古屋駅店,愛知県名古屋市中村区名駅1-1-4 名古屋駅構内 中央通り,食べログ 百名店: 2025 / カフェ EAST,https://tabelog.com/aichi/A2301/A230101/23036307/,https://yoyaku.tabelog.com/yoyaku/tabelog_booking/send_remind/,https://www.google.com/maps/search/?api=1&query=%E3%81%B4%E3%82%88%E3%82%8A%E3%82%93STATION%20Cafe%20gentiane%20JR%E5%90%8D%E5%8F%A4%E5%B1%8B%E9%A7%85%E5%BA%97%20%E6%84%9B%E7%9F%A5%E7%9C%8C%E5%90%8D%E5%8F%A4%E5%B1%8B%E5%B8%82%E4%B8%AD%E6%9D%91%E5%8C%BA%E5%90%8D%E9%A7%851-1-4%20%E5%90%8D%E5%8F%A4%E5%B1%8B%E9%A7%85%E6%A7%8B%E5%86%85%20%E4%B8%AD%E5%A4%AE%E9%80%9A%E3%82%8A,35.1702198,136.8816181,2025,カフェ EAST,cafe_east,発表日：2025年7月8日
カフェ リゼッタ 二子玉川店,東京都世田谷区玉川3-9-7,食べログ 百名店: 2025 / カフェ EAST,https://tabelog.com/tokyo/A1317/A131708/13058141/,https://yoyaku.tabelog.com/yoyaku/tabelog_booking/send_remind/,https://www.google.com/maps/search/?api=1&query=%E3%82%AB%E3%83%95%E3%82%A7%20%E3%83%AA%E3%82%BC%E3%83%83%E3%82%BF%20%E4%BA%8C%E5%AD%90%E7%8E%89%E5%B7%9D%E5%BA%97%20%E6%9D%B1%E4%BA%AC%E9%83%BD%E4%B8%96%E7%94%B0%E8%B0%B7%E5%8C%BA%E7%8E%89%E5%B7%9D3-9-7,35.6131122,139.6257388,2025,カフェ EAST,cafe_east,発表日：2025年7月8日
エスプレッソ ファクトリー,東京都文京区千駄木2-26-6 団子坂スカイビル1F,食べログ 百名店: 2025 / カフェ EAST,https://tabelog.com/tokyo/A1311/A131106/13120235/,https://yoyaku.tabelog.com/yoyaku/tabelog_booking/send_remind/,https://www.google.com/maps/search/?api=1&query=%E3%82%A8%E3%82%B9%E3%83%97%E3%83%AC%E3%83%83%E3%82%BD%20%E3%83%95%E3%82%A1%E3%82%AF%E3%83%88%E3%83%AA%E3%83%BC%20%E6%9D%B1%E4%BA%AC%E9%83%BD%E6%96%87%E4%BA%AC%E5%8C%BA%E5%8D%83%E9%A7%84%E6%9C%A82-26-6%20%E5%9B%A3%E5%AD%90%E5%9D%82%E3%82%B9%E3%82%AB%E3%82%A4%E3%83%93%E3%83%AB1F,35.7250618,139.7614092,2025,カフェ EAST,cafe_east,発表日：2025年7月8日
バー＆ラウンジ  トゥエンティエイト コンラッド東京,東京都港区東新橋1-9-1 コンラッド　東京 28F,食べログ 百名店: 2025 / カフェ EAST,https://tabelog.com/tokyo/A1301/A130103/13020228/,https://tabelog.com/tokyo/A1301/A130103/13020228/?cid=google_yoyaku,https://www.google.com/maps/search/?api=1&query=%E3%83%90%E3%83%BC%EF%BC%86%E3%83%A9%E3%82%A6%E3%83%B3%E3%82%B8%20%20%E3%83%88%E3%82%A5%E3%82%A8%E3%83%B3%E3%83%86%E3%82%A3%E3%82%A8%E3%82%A4%E3%83%88%20%E3%82%B3%E3%83%B3%E3%83%A9%E3%83%83%E3%83%89%E6%9D%B1%E4%BA%AC%20%E6%9D%B1%E4%BA%AC%E9%83%BD%E6%B8%AF%E5%8C%BA%E6%9D%B1%E6%96%B0%E6%A9%8B1-9-1%20%E3%82%B3%E3%83%B3%E3%83%A9%E3%83%83%E3%83%89%E3%80%80%E6%9D%B1%E4%BA%AC%2028F,35.6629835,139.7612561,2025,カフェ EAST,cafe_east,発表日：2025年7月8日
COFFEE VALLEY,東京都豊島区南池袋2-26-3,食べログ 百名店: 2025 / カフェ EAST,https://tabelog.com/tokyo/A1305/A130501/13175074/,https://yoyaku.tabelog.com/yoyaku/tabelog_booking/send_remind/,https://www.google.com/maps/search/?api=1&query=COFFEE%20VALLEY%20%E6%9D%B1%E4%BA%AC%E9%83%BD%E8%B1%8A%E5%B3%B6%E5%8C%BA%E5%8D%97%E6%B1%A0%E8%A2%8B2-26-3,35.7276938,139.7130805,2025,カフェ EAST,cafe_east,発表日：2025年7月8日
クルミドコーヒー,東京都国分寺市泉町3-37-34 マージュ西国分寺　１Ｆ,食べログ 百名店: 2025 / カフェ EAST,https://tabelog.com/tokyo/A1325/A132502/13056474/,https://yoyaku.tabelog.com/yoyaku/tabelog_booking/send_remind/,https://www.google.com/maps/search/?api=1&query=%E3%82%AF%E3%83%AB%E3%83%9F%E3%83%89%E3%82%B3%E3%83%BC%E3%83%92%E3%83%BC%20%E6%9D%B1%E4%BA%AC%E9%83%BD%E5%9B%BD%E5%88%86%E5%AF%BA%E5%B8%82%E6%B3%89%E7%94%BA3-37-34%20%E3%83%9E%E3%83%BC%E3%82%B8%E3%83%A5%E8%A5%BF%E5%9B%BD%E5%88%86%E5%AF%BA%E3%80%80%EF%BC%91%EF%BC%A6,35.6990274,139.4645104,2025,カフェ EAST,cafe_east,発表日：2025年7月8日
ローズベーカリー 銀座,東京都中央区銀座6-9-5 ギンザコマツ西館 7F,食べログ 百名店: 2025 / カフェ EAST,https://tabelog.com/tokyo/A1301/A130101/13138416/,https://yoyaku.tabelog.com/yoyaku/tabelog_booking/send_remind/,https://www.google.com/maps/search/?api=1&query=%E3%83%AD%E3%83%BC%E3%82%BA%E3%83%99%E3%83%BC%E3%82%AB%E3%83%AA%E3%83%BC%20%E9%8A%80%E5%BA%A7%20%E6%9D%B1%E4%BA%AC%E9%83%BD%E4%B8%AD%E5%A4%AE%E5%8C%BA%E9%8A%80%E5%BA%A76-9-5%20%E3%82%AE%E3%83%B3%E3%82%B6%E3%82%B3%E3%83%9E%E3%83%84%E8%A5%BF%E9%A4%A8%207F,35.6704442,139.7631520,2025,カフェ EAST,cafe_east,発表日：2025年7月8日
うぐいすと穀雨,東京都豊島区雑司ヶ谷3-8-1 木村ビル 2F,食べログ 百名店: 2025 / カフェ EAST,https://tabelog.com/tokyo/A1305/A130502/13178579/,https://yoyaku.tabelog.com/yoyaku/tabelog_booking/send_remind/,https://www.google.com/maps/search/?api=1&query=%E3%81%86%E3%81%90%E3%81%84%E3%81%99%E3%81%A8%E7%A9%80%E9%9B%A8%20%E6%9D%B1%E4%BA%AC%E9%83%BD%E8%B1%8A%E5%B3%B6%E5%8C%BA%E9%9B%91%E5%8F%B8%E3%83%B6%E8%B0%B73-8-1%20%E6%9C%A8%E6%9D%91%E3%83%93%E3%83%AB%202F,35.7212771,139.7128620,2025,カフェ EAST,cafe_east,発表日：2025年7月8日
リュモンコーヒースタンド,東京都武蔵野市吉祥寺南町2-14-9,食べログ 百名店: 2025 / カフェ EAST,https://tabelog.com/tokyo/A1320/A132001/13129877/,https://yoyaku.tabelog.com/yoyaku/tabelog_booking/send_remind/,https://www.google.com/maps/search/?api=1&query=%E3%83%AA%E3%83%A5%E3%83%A2%E3%83%B3%E3%82%B3%E3%83%BC%E3%83%92%E3%83%BC%E3%82%B9%E3%82%BF%E3%83%B3%E3%83%89%20%E6%9D%B1%E4%BA%AC%E9%83%BD%E6%AD%A6%E8%94%B5%E9%87%8E%E5%B8%82%E5%90%89%E7%A5%A5%E5%AF%BA%E5%8D%97%E7%94%BA2-14-9,35.7012796,139.5835089,2025,カフェ EAST,cafe_east,発表日：2025年7月8日
FUGLEN TOKYO,東京都渋谷区富ヶ谷1-16-11 1F,食べログ 百名店: 2025 / カフェ EAST,https://tabelog.com/tokyo/A1318/A131810/13141002/,https://yoyaku.tabelog.com/yoyaku/tabelog_booking/send_remind/,https://www.google.com/maps/search/?api=1&query=FUGLEN%20TOKYO%20%E6%9D%B1%E4%BA%AC%E9%83%BD%E6%B8%8B%E8%B0%B7%E5%8C%BA%E5%AF%8C%E3%83%B6%E8%B0%B71-16-11%201F,35.6666488,139.6924236,2025,カフェ EAST,cafe_east,発表日：2025年7月8日
銀座のジンジャー 銀座本店,東京都中央区銀座1-4-3 カルチェブラン・ギンザ 1F～2F,食べログ 百名店: 2025 / カフェ EAST,https://tabelog.com/tokyo/A1301/A130101/13143693/,https://yoyaku.tabelog.com/yoyaku/tabelog_booking/send_remind/,https://www.google.com/maps/search/?api=1&query=%E9%8A%80%E5%BA%A7%E3%81%AE%E3%82%B8%E3%83%B3%E3%82%B8%E3%83%A3%E3%83%BC%20%E9%8A%80%E5%BA%A7%E6%9C%AC%E5%BA%97%20%E6%9D%B1%E4%BA%AC%E9%83%BD%E4%B8%AD%E5%A4%AE%E5%8C%BA%E9%8A%80%E5%BA%A71-4-3%20%E3%82%AB%E3%83%AB%E3%83%81%E3%82%A7%E3%83%96%E3%83%A9%E3%83%B3%E3%83%BB%E3%82%AE%E3%83%B3%E3%82%B6%201F%EF%BD%9E2F,35.6751318,139.7670174,2025,カフェ EAST,cafe_east,発表日：2025年7月8日
ル・ジャルダン,東京都文京区関口2-10-8 ホテル椿山荘東京 3Ｆ,食べログ 百名店: 2025 / カフェ EAST,https://tabelog.com/tokyo/A1309/A130905/13003817/,https://yoyaku.tabelog.com/yoyaku/tabelog_booking/send_remind/,https://www.google.com/maps/search/?api=1&query=%E3%83%AB%E3%83%BB%E3%82%B8%E3%83%A3%E3%83%AB%E3%83%80%E3%83%B3%20%E6%9D%B1%E4%BA%AC%E9%83%BD%E6%96%87%E4%BA%AC%E5%8C%BA%E9%96%A2%E5%8F%A32-10-8%20%E3%83%9B%E3%83%86%E3%83%AB%E6%A4%BF%E5%B1%B1%E8%8D%98%E6%9D%B1%E4%BA%AC%203%EF%BC%A6,35.7121505,139.7259420,2025,カフェ EAST,cafe_east,発表日：2025年7月8日
サロン・ド・テ ロザージュ,神奈川県足柄下郡箱根町元箱根80 山のホテル,食べログ 百名店: 2025 / カフェ EAST,https://tabelog.com/kanagawa/A1410/A141001/14002271/,https://yoyaku.tabelog.com/yoyaku/tabelog_booking/send_remind/,https://www.google.com/maps/search/?api=1&query=%E3%82%B5%E3%83%AD%E3%83%B3%E3%83%BB%E3%83%89%E3%83%BB%E3%83%86%20%E3%83%AD%E3%82%B6%E3%83%BC%E3%82%B8%E3%83%A5%20%E7%A5%9E%E5%A5%88%E5%B7%9D%E7%9C%8C%E8%B6%B3%E6%9F%84%E4%B8%8B%E9%83%A1%E7%AE%B1%E6%A0%B9%E7%94%BA%E5%85%83%E7%AE%B1%E6%A0%B980%20%E5%B1%B1%E3%81%AE%E3%83%9B%E3%83%86%E3%83%AB,35.2034940,139.0226851,2025,カフェ EAST,cafe_east,発表日：2025年7月8日
悟空茶荘,神奈川県横浜市中区山下町130,食べログ 百名店: 2025 / カフェ EAST,https://tabelog.com/kanagawa/A1401/A140105/14000153/,https://yoyaku.tabelog.com/yoyaku/tabelog_booking/send_remind/,https://www.google.com/maps/search/?api=1&query=%E6%82%9F%E7%A9%BA%E8%8C%B6%E8%8D%98%20%E7%A5%9E%E5%A5%88%E5%B7%9D%E7%9C%8C%E6%A8%AA%E6%B5%9C%E5%B8%82%E4%B8%AD%E5%8C%BA%E5%B1%B1%E4%B8%8B%E7%94%BA130,35.4419201,139.6455488,2025,カフェ EAST,cafe_east,発表日：2025年7月8日
ル・パン・コティディアン 芝公園店,東京都港区芝公園3-3-1,食べログ 百名店: 2025 / カフェ EAST,https://tabelog.com/tokyo/A1314/A131401/13120999/,https://tabelog.com/tokyo/A1314/A131401/13120999/?cid=google_yoyaku,https://www.google.com/maps/search/?api=1&query=%E3%83%AB%E3%83%BB%E3%83%91%E3%83%B3%E3%83%BB%E3%82%B3%E3%83%86%E3%82%A3%E3%83%87%E3%82%A3%E3%82%A2%E3%83%B3%20%E8%8A%9D%E5%85%AC%E5%9C%92%E5%BA%97%20%E6%9D%B1%E4%BA%AC%E9%83%BD%E6%B8%AF%E5%8C%BA%E8%8A%9D%E5%85%AC%E5%9C%923-3-1,35.6582074,139.7501186,2025,カフェ EAST,cafe_east,発表日：2025年7月8日
一芯二葉,東京都杉並区西荻北3-31-13,食べログ 百名店: 2025 / カフェ EAST,https://tabelog.com/tokyo/A1319/A131907/13126324/,https://yoyaku.tabelog.com/yoyaku/tabelog_booking/send_remind/,https://www.google.com/maps/search/?api=1&query=%E4%B8%80%E8%8A%AF%E4%BA%8C%E8%91%89%20%E6%9D%B1%E4%BA%AC%E9%83%BD%E6%9D%89%E4%B8%A6%E5%8C%BA%E8%A5%BF%E8%8D%BB%E5%8C%973-31-13,35.7057490,139.6007500,2025,カフェ EAST,cafe_east,発表日：2025年7月8日
チャイブレイク,東京都武蔵野市御殿山1-3-2,食べログ 百名店: 2025 / カフェ EAST,https://tabelog.com/tokyo/A1320/A132001/13098849/,https://yoyaku.tabelog.com/yoyaku/tabelog_booking/send_remind/,https://www.google.com/maps/search/?api=1&query=%E3%83%81%E3%83%A3%E3%82%A4%E3%83%96%E3%83%AC%E3%82%A4%E3%82%AF%20%E6%9D%B1%E4%BA%AC%E9%83%BD%E6%AD%A6%E8%94%B5%E9%87%8E%E5%B8%82%E5%BE%A1%E6%AE%BF%E5%B1%B11-3-2,35.7017894,139.5764438,2025,カフェ EAST,cafe_east,発表日：2025年7月8日
自家焙煎珈琲みじんこ,東京都文京区湯島2-9-10 湯島三組ビル1Ｆ,食べログ 百名店: 2025 / カフェ EAST,https://tabelog.com/tokyo/A1310/A131002/13126204/,https://yoyaku.tabelog.com/yoyaku/tabelog_booking/send_remind/,https://www.google.com/maps/search/?api=1&query=%E8%87%AA%E5%AE%B6%E7%84%99%E7%85%8E%E7%8F%88%E7%90%B2%E3%81%BF%E3%81%98%E3%82%93%E3%81%93%20%E6%9D%B1%E4%BA%AC%E9%83%BD%E6%96%87%E4%BA%AC%E5%8C%BA%E6%B9%AF%E5%B3%B62-9-10%20%E6%B9%AF%E5%B3%B6%E4%B8%89%E7%B5%84%E3%83%93%E3%83%AB1%EF%BC%A6,35.7040205,139.7669141,2025,カフェ EAST,cafe_east,発表日：2025年7月8日
インペリアルラウンジ アクア,東京都千代田区内幸町1-1-1 帝国ホテル 東京 本館 17F,食べログ 百名店: 2025 / カフェ EAST,https://tabelog.com/tokyo/A1301/A130102/13002297/,https://yoyaku.tabelog.com/yoyaku/tabelog_booking/send_remind/,https://www.google.com/maps/search/?api=1&query=%E3%82%A4%E3%83%B3%E3%83%9A%E3%83%AA%E3%82%A2%E3%83%AB%E3%83%A9%E3%82%A6%E3%83%B3%E3%82%B8%20%E3%82%A2%E3%82%AF%E3%82%A2%20%E6%9D%B1%E4%BA%AC%E9%83%BD%E5%8D%83%E4%BB%A3%E7%94%B0%E5%8C%BA%E5%86%85%E5%B9%B8%E7%94%BA1-1-1%20%E5%B8%9D%E5%9B%BD%E3%83%9B%E3%83%86%E3%83%AB%20%E6%9D%B1%E4%BA%AC%20%E6%9C%AC%E9%A4%A8%2017F,35.6723292,139.7582484,2025,カフェ EAST,cafe_east,発表日：2025年7月8日
グリッチコーヒー&ロースターズ,東京都千代田区神田錦町3-16 香村ビル 1F,食べログ 百名店: 2025 / カフェ EAST,https://tabelog.com/tokyo/A1310/A131003/13180698/,https://yoyaku.tabelog.com/yoyaku/tabelog_booking/send_remind/,https://www.google.com/maps/search/?api=1&query=%E3%82%B0%E3%83%AA%E3%83%83%E3%83%81%E3%82%B3%E3%83%BC%E3%83%92%E3%83%BC%26%E3%83%AD%E3%83%BC%E3%82%B9%E3%82%BF%E3%83%BC%E3%82%BA%20%E6%9D%B1%E4%BA%AC%E9%83%BD%E5%8D%83%E4%BB%A3%E7%94%B0%E5%8C%BA%E7%A5%9E%E7%94%B0%E9%8C%A6%E7%94%BA3-16%20%E9%A6%99%E6%9D%91%E3%83%93%E3%83%AB%201F,35.6937515,139.7613145,2025,カフェ EAST,cafe_east,発表日：2025年7月8日
ディゾン 水道橋,東京都千代田区西神田2-7-11 北村ビル 1F,食べログ 百名店: 2025 / カフェ EAST,https://tabelog.com/tokyo/A1310/A131003/13182399/,https://yoyaku.tabelog.com/yoyaku/tabelog_booking/send_remind/,https://www.google.com/maps/search/?api=1&query=%E3%83%87%E3%82%A3%E3%82%BE%E3%83%B3%20%E6%B0%B4%E9%81%93%E6%A9%8B%20%E6%9D%B1%E4%BA%AC%E9%83%BD%E5%8D%83%E4%BB%A3%E7%94%B0%E5%8C%BA%E8%A5%BF%E7%A5%9E%E7%94%B02-7-11%20%E5%8C%97%E6%9D%91%E3%83%93%E3%83%AB%201F,35.6995232,139.7554285,2025,カフェ EAST,cafe_east,発表日：2025年7月8日
スターバックス リザーブ ロースタリー トウキョウ,東京都目黒区青葉台2-19-23,食べログ 百名店: 2025 / カフェ EAST,https://tabelog.com/tokyo/A1317/A131701/13231942/,https://yoyaku.tabelog.com/yoyaku/tabelog_booking/send_remind/,https://www.google.com/maps/search/?api=1&query=%E3%82%B9%E3%82%BF%E3%83%BC%E3%83%90%E3%83%83%E3%82%AF%E3%82%B9%20%E3%83%AA%E3%82%B6%E3%83%BC%E3%83%96%20%E3%83%AD%E3%83%BC%E3%82%B9%E3%82%BF%E3%83%AA%E3%83%BC%20%E3%83%88%E3%82%A6%E3%82%AD%E3%83%A7%E3%82%A6%20%E6%9D%B1%E4%BA%AC%E9%83%BD%E7%9B%AE%E9%BB%92%E5%8C%BA%E9%9D%92%E8%91%89%E5%8F%B02-19-23,35.6492723,139.6925987,2025,カフェ EAST,cafe_east,発表日：2025年7月8日
カフェ・ミケランジェロ,東京都渋谷区猿楽町29-3,食べログ 百名店: 2025 / カフェ EAST,https://tabelog.com/tokyo/A1303/A130303/13003369/,https://yoyaku.tabelog.com/yoyaku/tabelog_booking/send_remind/,https://www.google.com/maps/search/?api=1&query=%E3%82%AB%E3%83%95%E3%82%A7%E3%83%BB%E3%83%9F%E3%82%B1%E3%83%A9%E3%83%B3%E3%82%B8%E3%82%A7%E3%83%AD%20%E6%9D%B1%E4%BA%AC%E9%83%BD%E6%B8%8B%E8%B0%B7%E5%8C%BA%E7%8C%BF%E6%A5%BD%E7%94%BA29-3,35.6485973,139.6994351,2025,カフェ EAST,cafe_east,発表日：2025年7月8日
ガーデンラウンジ,東京都千代田区紀尾井町4-1 ホテルニューオータニ ガーデンタワーロビィ階,食べログ 百名店: 2025 / カフェ EAST,https://tabelog.com/tokyo/A1308/A130803/13009058/,https://yoyaku.tabelog.com/yoyaku/tabelog_booking/send_remind/,https://www.google.com/maps/search/?api=1&query=%E3%82%AC%E3%83%BC%E3%83%87%E3%83%B3%E3%83%A9%E3%82%A6%E3%83%B3%E3%82%B8%20%E6%9D%B1%E4%BA%AC%E9%83%BD%E5%8D%83%E4%BB%A3%E7%94%B0%E5%8C%BA%E7%B4%80%E5%B0%BE%E4%BA%95%E7%94%BA4-1%20%E3%83%9B%E3%83%86%E3%83%AB%E3%83%8B%E3%83%A5%E3%83%BC%E3%82%AA%E3%83%BC%E3%82%BF%E3%83%8B%20%E3%82%AC%E3%83%BC%E3%83%87%E3%83%B3%E3%82%BF%E3%83%AF%E3%83%BC%E3%83%AD%E3%83%93%E3%82%A3%E9%9A%8E,35.6803071,139.7348315,2025,カフェ EAST,cafe_east,発表日：2025年7月8日
ザ・フレンチトーストファクトリー ヨドバシAkiba店,東京都千代田区神田花岡町1-1 ヨドバシAkiba 8F,食べログ 百名店: 2025 / カフェ EAST,https://tabelog.com/tokyo/A1310/A131001/13189295/,https://yoyaku.tabelog.com/yoyaku/tabelog_booking/send_remind/,https://www.google.com/maps/search/?api=1&query=%E3%82%B6%E3%83%BB%E3%83%95%E3%83%AC%E3%83%B3%E3%83%81%E3%83%88%E3%83%BC%E3%82%B9%E3%83%88%E3%83%95%E3%82%A1%E3%82%AF%E3%83%88%E3%83%AA%E3%83%BC%20%E3%83%A8%E3%83%89%E3%83%90%E3%82%B7Akiba%E5%BA%97%20%E6%9D%B1%E4%BA%AC%E9%83%BD%E5%8D%83%E4%BB%A3%E7%94%B0%E5%8C%BA%E7%A5%9E%E7%94%B0%E8%8A%B1%E5%B2%A1%E7%94%BA1-1%20%E3%83%A8%E3%83%89%E3%83%90%E3%82%B7Akiba%208F,35.6986732,139.7747477,2025,カフェ EAST,cafe_east,発表日：2025年7月8日
ローズベーカリー 丸の内,東京都千代田区丸の内2-1-1 明治安田生命ビル 1F,食べログ 百名店: 2025 / カフェ EAST,https://tabelog.com/tokyo/A1302/A130201/13122282/,https://yoyaku.tabelog.com/yoyaku/tabelog_booking/send_remind/,https://www.google.com/maps/search/?api=1&query=%E3%83%AD%E3%83%BC%E3%82%BA%E3%83%99%E3%83%BC%E3%82%AB%E3%83%AA%E3%83%BC%20%E4%B8%B8%E3%81%AE%E5%86%85%20%E6%9D%B1%E4%BA%AC%E9%83%BD%E5%8D%83%E4%BB%A3%E7%94%B0%E5%8C%BA%E4%B8%B8%E3%81%AE%E5%86%852-1-1%20%E6%98%8E%E6%B2%BB%E5%AE%89%E7%94%B0%E7%94%9F%E5%91%BD%E3%83%93%E3%83%AB%201F,35.6789845,139.7622871,2025,カフェ EAST,cafe_east,発表日：2025年7月8日
ストリーマー コーヒーカンパニー SHIBUYA,東京都渋谷区渋谷1-20-28 宮川ビル 1F,食べログ 百名店: 2025 / カフェ EAST,https://tabelog.com/tokyo/A1303/A130301/13109635/,https://yoyaku.tabelog.com/yoyaku/tabelog_booking/send_remind/,https://www.google.com/maps/search/?api=1&query=%E3%82%B9%E3%83%88%E3%83%AA%E3%83%BC%E3%83%9E%E3%83%BC%20%E3%82%B3%E3%83%BC%E3%83%92%E3%83%BC%E3%82%AB%E3%83%B3%E3%83%91%E3%83%8B%E3%83%BC%20SHIBUYA%20%E6%9D%B1%E4%BA%AC%E9%83%BD%E6%B8%8B%E8%B0%B7%E5%8C%BA%E6%B8%8B%E8%B0%B71-20-28%20%E5%AE%AE%E5%B7%9D%E3%83%93%E3%83%AB%201F,35.6634630,139.7039390,2025,カフェ EAST,cafe_east,発表日：2025年7月8日
HAGI CAFE,東京都台東区谷中3-10-25 HAGISO 1F,食べログ 百名店: 2025 / カフェ EAST,https://tabelog.com/tokyo/A1311/A131106/13153660/,https://yoyaku.tabelog.com/yoyaku/tabelog_booking/send_remind/,https://www.google.com/maps/search/?api=1&query=HAGI%20CAFE%20%E6%9D%B1%E4%BA%AC%E9%83%BD%E5%8F%B0%E6%9D%B1%E5%8C%BA%E8%B0%B7%E4%B8%AD3-10-25%20HAGISO%201F,35.7263916,139.7661135,2025,カフェ EAST,cafe_east,発表日：2025年7月8日
オクサワ・ファクトリー・コーヒー・アンド・ベイクス,東京都世田谷区奥沢3-30-15,食べログ 百名店: 2025 / カフェ EAST,https://tabelog.com/tokyo/A1317/A131711/13201219/,https://yoyaku.tabelog.com/yoyaku/tabelog_booking/send_remind/,https://www.google.com/maps/search/?api=1&query=%E3%82%AA%E3%82%AF%E3%82%B5%E3%83%AF%E3%83%BB%E3%83%95%E3%82%A1%E3%82%AF%E3%83%88%E3%83%AA%E3%83%BC%E3%83%BB%E3%82%B3%E3%83%BC%E3%83%92%E3%83%BC%E3%83%BB%E3%82%A2%E3%83%B3%E3%83%89%E3%83%BB%E3%83%99%E3%82%A4%E3%82%AF%E3%82%B9%20%E6%9D%B1%E4%BA%AC%E9%83%BD%E4%B8%96%E7%94%B0%E8%B0%B7%E5%8C%BA%E5%A5%A5%E6%B2%A23-30-15,35.6022049,139.6721788,2025,カフェ EAST,cafe_east,発表日：2025年7月8日
マーサーブランチ ギンザテラス,東京都中央区銀座1-8-19 ONE GINZA 4F,食べログ 百名店: 2025 / カフェ EAST,https://tabelog.com/tokyo/A1301/A130101/13174574/,https://tabelog.com/tokyo/A1301/A130101/13174574/?cid=google_yoyaku,https://www.google.com/maps/search/?api=1&query=%E3%83%9E%E3%83%BC%E3%82%B5%E3%83%BC%E3%83%96%E3%83%A9%E3%83%B3%E3%83%81%20%E3%82%AE%E3%83%B3%E3%82%B6%E3%83%86%E3%83%A9%E3%82%B9%20%E6%9D%B1%E4%BA%AC%E9%83%BD%E4%B8%AD%E5%A4%AE%E5%8C%BA%E9%8A%80%E5%BA%A71-8-19%20ONE%20GINZA%204F,35.6742375,139.7687528,2025,カフェ EAST,cafe_east,発表日：2025年7月8日
LENTO,神奈川県横浜市中区元町5-213 101,食べログ 百名店: 2025 / カフェ EAST,https://tabelog.com/kanagawa/A1401/A140105/14053907/,https://yoyaku.tabelog.com/yoyaku/tabelog_booking/send_remind/,https://www.google.com/maps/search/?api=1&query=LENTO%20%E7%A5%9E%E5%A5%88%E5%B7%9D%E7%9C%8C%E6%A8%AA%E6%B5%9C%E5%B8%82%E4%B8%AD%E5%8C%BA%E5%85%83%E7%94%BA5-213%20101,35.4387602,139.6458622,2025,カフェ EAST,cafe_east,発表日：2025年7月8日
カフェ ファソン 中目黒本店,東京都目黒区上目黒3-8-3 千陽中目黒ビル・アネックス 3F,食べログ 百名店: 2025 / カフェ EAST,https://tabelog.com/tokyo/A1317/A131701/13056736/,https://yoyaku.tabelog.com/yoyaku/tabelog_booking/send_remind/,https://www.google.com/maps/search/?api=1&query=%E3%82%AB%E3%83%95%E3%82%A7%20%E3%83%95%E3%82%A1%E3%82%BD%E3%83%B3%20%E4%B8%AD%E7%9B%AE%E9%BB%92%E6%9C%AC%E5%BA%97%20%E6%9D%B1%E4%BA%AC%E9%83%BD%E7%9B%AE%E9%BB%92%E5%8C%BA%E4%B8%8A%E7%9B%AE%E9%BB%923-8-3%20%E5%8D%83%E9%99%BD%E4%B8%AD%E7%9B%AE%E9%BB%92%E3%83%93%E3%83%AB%E3%83%BB%E3%82%A2%E3%83%8D%E3%83%83%E3%82%AF%E3%82%B9%203F,35.6447134,139.6979735,2025,カフェ EAST,cafe_east,発表日：2025年7月8日
アマメリア エスプレッソ,東京都品川区小山3-6-15 パークホームズ武蔵小山　１Ｆ,食べログ 百名店: 2025 / カフェ EAST,https://tabelog.com/tokyo/A1317/A131710/13114545/,https://yoyaku.tabelog.com/yoyaku/tabelog_booking/send_remind/,https://www.google.com/maps/search/?api=1&query=%E3%82%A2%E3%83%9E%E3%83%A1%E3%83%AA%E3%82%A2%20%E3%82%A8%E3%82%B9%E3%83%97%E3%83%AC%E3%83%83%E3%82%BD%20%E6%9D%B1%E4%BA%AC%E9%83%BD%E5%93%81%E5%B7%9D%E5%8C%BA%E5%B0%8F%E5%B1%B13-6-15%20%E3%83%91%E3%83%BC%E3%82%AF%E3%83%9B%E3%83%BC%E3%83%A0%E3%82%BA%E6%AD%A6%E8%94%B5%E5%B0%8F%E5%B1%B1%E3%80%80%EF%BC%91%EF%BC%A6,35.6203149,139.7060634,2025,カフェ EAST,cafe_east,発表日：2025年7月8日
crisscross,東京都港区南青山5-7-28,食べログ 百名店: 2025 / カフェ EAST,https://tabelog.com/tokyo/A1306/A130602/13148003/,https://yoyaku.tabelog.com/yoyaku/tabelog_booking/send_remind/,https://www.google.com/maps/search/?api=1&query=crisscross%20%E6%9D%B1%E4%BA%AC%E9%83%BD%E6%B8%AF%E5%8C%BA%E5%8D%97%E9%9D%92%E5%B1%B15-7-28,35.6629496,139.7126059,2025,カフェ EAST,cafe_east,発表日：2025年7月8日
ASAKO IWAYANAGI SALON DE THE,東京都世田谷区等々力4-5-9 2F,食べログ 百名店: 2025 / カフェ EAST,https://tabelog.com/tokyo/A1317/A131715/13264608/,https://yoyaku.tabelog.com/yoyaku/tabelog_booking/send_remind/,https://www.google.com/maps/search/?api=1&query=ASAKO%20IWAYANAGI%20SALON%20DE%20THE%20%E6%9D%B1%E4%BA%AC%E9%83%BD%E4%B8%96%E7%94%B0%E8%B0%B7%E5%8C%BA%E7%AD%89%E3%80%85%E5%8A%9B4-5-9%202F,35.6082364,139.6498906,2025,カフェ EAST,cafe_east,発表日：2025年7月8日
お茶とお菓子まやんち,東京都大田区蒲田5-43-7 ロイヤルハイツ蒲田　２Ｆ,食べログ 百名店: 2025 / カフェ EAST,https://tabelog.com/tokyo/A1315/A131503/13085237/,https://yoyaku.tabelog.com/yoyaku/tabelog_booking/send_remind/,https://www.google.com/maps/search/?api=1&query=%E3%81%8A%E8%8C%B6%E3%81%A8%E3%81%8A%E8%8F%93%E5%AD%90%E3%81%BE%E3%82%84%E3%82%93%E3%81%A1%20%E6%9D%B1%E4%BA%AC%E9%83%BD%E5%A4%A7%E7%94%B0%E5%8C%BA%E8%92%B2%E7%94%B05-43-7%20%E3%83%AD%E3%82%A4%E3%83%A4%E3%83%AB%E3%83%8F%E3%82%A4%E3%83%84%E8%92%B2%E7%94%B0%E3%80%80%EF%BC%92%EF%BC%A6,35.5604809,139.7172165,2025,カフェ EAST,cafe_east,発表日：2025年7月8日
ザ・リッツ・カールトン カフェ＆デリ,東京都港区赤坂9-7-1 東京ミッドタウン ザ・リッツ・カールトン東京 1F,食べログ 百名店: 2025 / カフェ EAST,https://tabelog.com/tokyo/A1307/A130701/13037995/,https://yoyaku.tabelog.com/yoyaku/tabelog_booking/send_remind/,https://www.google.com/maps/search/?api=1&query=%E3%82%B6%E3%83%BB%E3%83%AA%E3%83%83%E3%83%84%E3%83%BB%E3%82%AB%E3%83%BC%E3%83%AB%E3%83%88%E3%83%B3%20%E3%82%AB%E3%83%95%E3%82%A7%EF%BC%86%E3%83%87%E3%83%AA%20%E6%9D%B1%E4%BA%AC%E9%83%BD%E6%B8%AF%E5%8C%BA%E8%B5%A4%E5%9D%829-7-1%20%E6%9D%B1%E4%BA%AC%E3%83%9F%E3%83%83%E3%83%89%E3%82%BF%E3%82%A6%E3%83%B3%20%E3%82%B6%E3%83%BB%E3%83%AA%E3%83%83%E3%83%84%E3%83%BB%E3%82%AB%E3%83%BC%E3%83%AB%E3%83%88%E3%83%B3%E6%9D%B1%E4%BA%AC%201F,35.6660397,139.7309472,2025,カフェ EAST,cafe_east,発表日：2025年7月8日
森彦,北海道札幌市中央区南二条西26-2-18,食べログ 百名店: 2025 / カフェ EAST,https://tabelog.com/hokkaido/A0101/A010105/1000080/,https://yoyaku.tabelog.com/yoyaku/tabelog_booking/send_remind/,https://www.google.com/maps/search/?api=1&query=%E6%A3%AE%E5%BD%A6%20%E5%8C%97%E6%B5%B7%E9%81%93%E6%9C%AD%E5%B9%8C%E5%B8%82%E4%B8%AD%E5%A4%AE%E5%8C%BA%E5%8D%97%E4%BA%8C%E6%9D%A1%E8%A5%BF26-2-18,43.0533162,141.3186179,2025,カフェ EAST,cafe_east,発表日：2025年7月8日
カフェ・ヴィヴモン・ディモンシュ,神奈川県鎌倉市小町2-1-5 桜井ビル　１Ｆ,食べログ 百名店: 2025 / カフェ EAST,https://tabelog.com/kanagawa/A1404/A140402/14002141/,https://yoyaku.tabelog.com/yoyaku/tabelog_booking/send_remind/,https://www.google.com/maps/search/?api=1&query=%E3%82%AB%E3%83%95%E3%82%A7%E3%83%BB%E3%83%B4%E3%82%A3%E3%83%B4%E3%83%A2%E3%83%B3%E3%83%BB%E3%83%87%E3%82%A3%E3%83%A2%E3%83%B3%E3%82%B7%E3%83%A5%20%E7%A5%9E%E5%A5%88%E5%B7%9D%E7%9C%8C%E9%8E%8C%E5%80%89%E5%B8%82%E5%B0%8F%E7%94%BA2-1-5%20%E6%A1%9C%E4%BA%95%E3%83%93%E3%83%AB%E3%80%80%EF%BC%91%EF%BC%A6,35.3203799,139.5512208,2025,カフェ EAST,cafe_east,発表日：2025年7月8日
BiOcafe,東京都渋谷区宇田川町16-14 パティオビル　１Ｆ,食べログ 百名店: 2025 / カフェ EAST,https://tabelog.com/tokyo/A1303/A130301/13004505/,https://tabelog.com/tokyo/A1303/A130301/13004505/?cid=google_yoyaku,https://www.google.com/maps/search/?api=1&query=BiOcafe%20%E6%9D%B1%E4%BA%AC%E9%83%BD%E6%B8%8B%E8%B0%B7%E5%8C%BA%E5%AE%87%E7%94%B0%E5%B7%9D%E7%94%BA16-14%20%E3%83%91%E3%83%86%E3%82%A3%E3%82%AA%E3%83%93%E3%83%AB%E3%80%80%EF%BC%91%EF%BC%A6,35.6614376,139.6989439,2025,カフェ EAST,cafe_east,発表日：2025年7月8日
ザ・ロビー,東京都千代田区有楽町1-8-1 ザ・ペニンシュラ東京 1F,食べログ 百名店: 2025 / カフェ EAST,https://tabelog.com/tokyo/A1301/A130102/13043018/,https://yoyaku.tabelog.com/yoyaku/tabelog_booking/send_remind/,https://www.google.com/maps/search/?api=1&query=%E3%82%B6%E3%83%BB%E3%83%AD%E3%83%93%E3%83%BC%20%E6%9D%B1%E4%BA%AC%E9%83%BD%E5%8D%83%E4%BB%A3%E7%94%B0%E5%8C%BA%E6%9C%89%E6%A5%BD%E7%94%BA1-8-1%20%E3%82%B6%E3%83%BB%E3%83%9A%E3%83%8B%E3%83%B3%E3%82%B7%E3%83%A5%E3%83%A9%E6%9D%B1%E4%BA%AC%201F,35.6748483,139.7603149,2025,カフェ EAST,cafe_east,発表日：2025年7月8日
THE ROASTERY BY NOZY COFFEE,東京都渋谷区神宮前5-17-13,食べログ 百名店: 2025 / カフェ EAST,https://tabelog.com/tokyo/A1303/A130301/13161140/,https://yoyaku.tabelog.com/yoyaku/tabelog_booking/send_remind/,https://www.google.com/maps/search/?api=1&query=THE%20ROASTERY%20BY%20NOZY%20COFFEE%20%E6%9D%B1%E4%BA%AC%E9%83%BD%E6%B8%8B%E8%B0%B7%E5%8C%BA%E7%A5%9E%E5%AE%AE%E5%89%8D5-17-13,35.6655810,139.7047747,2025,カフェ EAST,cafe_east,発表日：2025年7月8日
ティーハウスタカノ,東京都千代田区神田神保町1-3 寿ビル B1F,食べログ 百名店: 2025 / カフェ EAST,https://tabelog.com/tokyo/A1310/A131003/13000643/,https://yoyaku.tabelog.com/yoyaku/tabelog_booking/send_remind/,https://www.google.com/maps/search/?api=1&query=%E3%83%86%E3%82%A3%E3%83%BC%E3%83%8F%E3%82%A6%E3%82%B9%E3%82%BF%E3%82%AB%E3%83%8E%20%E6%9D%B1%E4%BA%AC%E9%83%BD%E5%8D%83%E4%BB%A3%E7%94%B0%E5%8C%BA%E7%A5%9E%E7%94%B0%E7%A5%9E%E4%BF%9D%E7%94%BA1-3%20%E5%AF%BF%E3%83%93%E3%83%AB%20B1F,35.6954476,139.7598903,2025,カフェ EAST,cafe_east,発表日：2025年7月8日
ユニゾン テイラー NINGYOCHO,東京都中央区日本橋人形町3-9-8,食べログ 百名店: 2025 / カフェ EAST,https://tabelog.com/tokyo/A1302/A130204/13207561/,https://yoyaku.tabelog.com/yoyaku/tabelog_booking/send_remind/,https://www.google.com/maps/search/?api=1&query=%E3%83%A6%E3%83%8B%E3%82%BE%E3%83%B3%20%E3%83%86%E3%82%A4%E3%83%A9%E3%83%BC%20NINGYOCHO%20%E6%9D%B1%E4%BA%AC%E9%83%BD%E4%B8%AD%E5%A4%AE%E5%8C%BA%E6%97%A5%E6%9C%AC%E6%A9%8B%E4%BA%BA%E5%BD%A2%E7%94%BA3-9-8,35.6869740,139.7824653,2025,カフェ EAST,cafe_east,発表日：2025年7月8日
カンダコーヒー,東京都千代田区神田神保町2-38-10 多幸ビル １Ｆ,食べログ 百名店: 2025 / カフェ EAST,https://tabelog.com/tokyo/A1310/A131003/13133520/,https://yoyaku.tabelog.com/yoyaku/tabelog_booking/send_remind/,https://www.google.com/maps/search/?api=1&query=%E3%82%AB%E3%83%B3%E3%83%80%E3%82%B3%E3%83%BC%E3%83%92%E3%83%BC%20%E6%9D%B1%E4%BA%AC%E9%83%BD%E5%8D%83%E4%BB%A3%E7%94%B0%E5%8C%BA%E7%A5%9E%E7%94%B0%E7%A5%9E%E4%BF%9D%E7%94%BA2-38-10%20%E5%A4%9A%E5%B9%B8%E3%83%93%E3%83%AB%20%EF%BC%91%EF%BC%A6,35.6974797,139.7547491,2025,カフェ EAST,cafe_east,発表日：2025年7月8日
coffee Kajita,愛知県名古屋市名東区高社1-229,食べログ 百名店: 2025 / カフェ EAST,https://tabelog.com/aichi/A2301/A230111/23001204/,https://yoyaku.tabelog.com/yoyaku/tabelog_booking/send_remind/,https://www.google.com/maps/search/?api=1&query=coffee%20Kajita%20%E6%84%9B%E7%9F%A5%E7%9C%8C%E5%90%8D%E5%8F%A4%E5%B1%8B%E5%B8%82%E5%90%8D%E6%9D%B1%E5%8C%BA%E9%AB%98%E7%A4%BE1-229,35.1693149,136.9937477,2025,カフェ EAST,cafe_east,発表日：2025年7月8日
Turret Coffee,東京都中央区築地2-12-6 SK東銀座ビル 1F,食べログ 百名店: 2025 / カフェ EAST,https://tabelog.com/tokyo/A1313/A131301/13162482/,https://yoyaku.tabelog.com/yoyaku/tabelog_booking/send_remind/,https://www.google.com/maps/search/?api=1&query=Turret%20Coffee%20%E6%9D%B1%E4%BA%AC%E9%83%BD%E4%B8%AD%E5%A4%AE%E5%8C%BA%E7%AF%89%E5%9C%B02-12-6%20SK%E6%9D%B1%E9%8A%80%E5%BA%A7%E3%83%93%E3%83%AB%201F,35.6680478,139.7720050,2025,カフェ EAST,cafe_east,発表日：2025年7月8日
和光ティーサロン,東京都中央区銀座4-4-8 和光アネックス 2F,食べログ 百名店: 2025 / カフェ EAST,https://tabelog.com/tokyo/A1301/A130101/13009081/,https://yoyaku.tabelog.com/yoyaku/tabelog_booking/send_remind/,https://www.google.com/maps/search/?api=1&query=%E5%92%8C%E5%85%89%E3%83%86%E3%82%A3%E3%83%BC%E3%82%B5%E3%83%AD%E3%83%B3%20%E6%9D%B1%E4%BA%AC%E9%83%BD%E4%B8%AD%E5%A4%AE%E5%8C%BA%E9%8A%80%E5%BA%A74-4-8%20%E5%92%8C%E5%85%89%E3%82%A2%E3%83%8D%E3%83%83%E3%82%AF%E3%82%B9%202F,35.6717740,139.7647270,2025,カフェ EAST,cafe_east,発表日：2025年7月8日
カフェーパウリスタ,東京都中央区銀座8-9-16 長崎センタービル　１Ｆ,食べログ 百名店: 2025 / カフェ EAST,https://tabelog.com/tokyo/A1301/A130103/13002648/,https://yoyaku.tabelog.com/yoyaku/tabelog_booking/send_remind/,https://www.google.com/maps/search/?api=1&query=%E3%82%AB%E3%83%95%E3%82%A7%E3%83%BC%E3%83%91%E3%82%A6%E3%83%AA%E3%82%B9%E3%82%BF%20%E6%9D%B1%E4%BA%AC%E9%83%BD%E4%B8%AD%E5%A4%AE%E5%8C%BA%E9%8A%80%E5%BA%A78-9-16%20%E9%95%B7%E5%B4%8E%E3%82%BB%E3%83%B3%E3%82%BF%E3%83%BC%E3%83%93%E3%83%AB%E3%80%80%EF%BC%91%EF%BC%A6,35.6680933,139.7620400,2025,カフェ EAST,cafe_east,発表日：2025年7月8日
サカノウエカフェ,東京都文京区湯島2-22-14 ビュークレスト御茶ノ水 1F,食べログ 百名店: 2025 / カフェ EAST,https://tabelog.com/tokyo/A1311/A131101/13149347/,https://yoyaku.tabelog.com/yoyaku/tabelog_booking/send_remind/,https://www.google.com/maps/search/?api=1&query=%E3%82%B5%E3%82%AB%E3%83%8E%E3%82%A6%E3%82%A8%E3%82%AB%E3%83%95%E3%82%A7%20%E6%9D%B1%E4%BA%AC%E9%83%BD%E6%96%87%E4%BA%AC%E5%8C%BA%E6%B9%AF%E5%B3%B62-22-14%20%E3%83%93%E3%83%A5%E3%83%BC%E3%82%AF%E3%83%AC%E3%82%B9%E3%83%88%E5%BE%A1%E8%8C%B6%E3%83%8E%E6%B0%B4%201F,35.7050264,139.7672398,2025,カフェ EAST,cafe_east,発表日：2025年7月8日
東京豆漿生活,東京都品川区西五反田1-20-3 MKYビル 1F,食べログ 百名店: 2025 / カフェ EAST,https://tabelog.com/tokyo/A1316/A131603/13231970/,https://yoyaku.tabelog.com/yoyaku/tabelog_booking/send_remind/,https://www.google.com/maps/search/?api=1&query=%E6%9D%B1%E4%BA%AC%E8%B1%86%E6%BC%BF%E7%94%9F%E6%B4%BB%20%E6%9D%B1%E4%BA%AC%E9%83%BD%E5%93%81%E5%B7%9D%E5%8C%BA%E8%A5%BF%E4%BA%94%E5%8F%8D%E7%94%B01-20-3%20MKY%E3%83%93%E3%83%AB%201F,35.6230988,139.7237201,2025,カフェ EAST,cafe_east,発表日：2025年7月8日
クリントン・ストリート・ベイキング・カンパニー 南青山店,"東京都港区南青山5-17-1 YHT南青山ビル 1,2F",食べログ 百名店: 2025 / カフェ EAST,https://tabelog.com/tokyo/A1306/A130602/13159456/,https://tabelog.com/tokyo/A1306/A130602/13159456/?cid=google_yoyaku,https://www.google.com/maps/search/?api=1&query=%E3%82%AF%E3%83%AA%E3%83%B3%E3%83%88%E3%83%B3%E3%83%BB%E3%82%B9%E3%83%88%E3%83%AA%E3%83%BC%E3%83%88%E3%83%BB%E3%83%99%E3%82%A4%E3%82%AD%E3%83%B3%E3%82%B0%E3%83%BB%E3%82%AB%E3%83%B3%E3%83%91%E3%83%8B%E3%83%BC%20%E5%8D%97%E9%9D%92%E5%B1%B1%E5%BA%97%20%E6%9D%B1%E4%BA%AC%E9%83%BD%E6%B8%AF%E5%8C%BA%E5%8D%97%E9%9D%92%E5%B1%B15-17-1%20YHT%E5%8D%97%E9%9D%92%E5%B1%B1%E3%83%93%E3%83%AB%201%2C2F,35.6609972,139.7145281,2025,カフェ EAST,cafe_east,発表日：2025年7月8日
カフェタナカ 本店,愛知県名古屋市北区上飯田西町2-11-2,食べログ 百名店: 2025 / カフェ EAST,https://tabelog.com/aichi/A2301/A230110/23000826/,https://yoyaku.tabelog.com/yoyaku/tabelog_booking/send_remind/,https://www.google.com/maps/search/?api=1&query=%E3%82%AB%E3%83%95%E3%82%A7%E3%82%BF%E3%83%8A%E3%82%AB%20%E6%9C%AC%E5%BA%97%20%E6%84%9B%E7%9F%A5%E7%9C%8C%E5%90%8D%E5%8F%A4%E5%B1%8B%E5%B8%82%E5%8C%97%E5%8C%BA%E4%B8%8A%E9%A3%AF%E7%94%B0%E8%A5%BF%E7%94%BA2-11-2,35.2031466,136.9274832,2025,カフェ EAST,cafe_east,発表日：2025年7月8日
ザ・ロビーラウンジ＆バー,東京都港区赤坂9-7-1 ザ・リッツ・カールトン東京 45F,食べログ 百名店: 2025 / カフェ EAST,https://tabelog.com/tokyo/A1307/A130701/13037931/,https://yoyaku.tabelog.com/yoyaku/tabelog_booking/send_remind/,https://www.google.com/maps/search/?api=1&query=%E3%82%B6%E3%83%BB%E3%83%AD%E3%83%93%E3%83%BC%E3%83%A9%E3%82%A6%E3%83%B3%E3%82%B8%EF%BC%86%E3%83%90%E3%83%BC%20%E6%9D%B1%E4%BA%AC%E9%83%BD%E6%B8%AF%E5%8C%BA%E8%B5%A4%E5%9D%829-7-1%20%E3%82%B6%E3%83%BB%E3%83%AA%E3%83%83%E3%83%84%E3%83%BB%E3%82%AB%E3%83%BC%E3%83%AB%E3%83%88%E3%83%B3%E6%9D%B1%E4%BA%AC%2045F,35.6664376,139.7314447,2025,カフェ EAST,cafe_east,発表日：2025年7月8日
Nicolai Bergmann NOMU aoyama,東京都港区南青山5-7-2 1F,食べログ 百名店: 2025 / カフェ EAST,https://tabelog.com/tokyo/A1306/A130602/13121811/,https://yoyaku.tabelog.com/yoyaku/tabelog_booking/send_remind/,https://www.google.com/maps/search/?api=1&query=Nicolai%20Bergmann%20NOMU%20aoyama%20%E6%9D%B1%E4%BA%AC%E9%83%BD%E6%B8%AF%E5%8C%BA%E5%8D%97%E9%9D%92%E5%B1%B15-7-2%201F,35.6630496,139.7127929,2025,カフェ EAST,cafe_east,発表日：2025年7月8日
DEPOT,東京都千代田区丸の内1-9-1 グランスタ東京 B1F,食べログ 百名店: 2025 / カフェ EAST,https://tabelog.com/tokyo/A1302/A130201/13249428/,https://yoyaku.tabelog.com/yoyaku/tabelog_booking/send_remind/,https://www.google.com/maps/search/?api=1&query=DEPOT%20%E6%9D%B1%E4%BA%AC%E9%83%BD%E5%8D%83%E4%BB%A3%E7%94%B0%E5%8C%BA%E4%B8%B8%E3%81%AE%E5%86%851-9-1%20%E3%82%B0%E3%83%A9%E3%83%B3%E3%82%B9%E3%82%BF%E6%9D%B1%E4%BA%AC%20B1F,35.6822252,139.7674350,2025,カフェ EAST,cafe_east,発表日：2025年7月8日
ボン ボヌール,東京都中央区銀座4-6-16 銀座三越 4F,食べログ 百名店: 2025 / カフェ EAST,https://tabelog.com/tokyo/A1301/A130101/13229565/,https://tabelog.com/tokyo/A1301/A130101/13229565/?cid=google_yoyaku,https://www.google.com/maps/search/?api=1&query=%E3%83%9C%E3%83%B3%20%E3%83%9C%E3%83%8C%E3%83%BC%E3%83%AB%20%E6%9D%B1%E4%BA%AC%E9%83%BD%E4%B8%AD%E5%A4%AE%E5%8C%BA%E9%8A%80%E5%BA%A74-6-16%20%E9%8A%80%E5%BA%A7%E4%B8%89%E8%B6%8A%204F,35.6712081,139.7660445,2025,カフェ EAST,cafe_east,発表日：2025年7月8日
No.4,東京都千代田区四番町5-9,食べログ 百名店: 2025 / カフェ EAST,https://tabelog.com/tokyo/A1309/A130904/13189835/,https://yoyaku.tabelog.com/yoyaku/tabelog_booking/send_remind/,https://www.google.com/maps/search/?api=1&query=No.4%20%E6%9D%B1%E4%BA%AC%E9%83%BD%E5%8D%83%E4%BB%A3%E7%94%B0%E5%8C%BA%E5%9B%9B%E7%95%AA%E7%94%BA5-9,35.6882118,139.7361379,2025,カフェ EAST,cafe_east,発表日：2025年7月8日
ル カフェドゥ ジョエル・ロブション 日本橋高島屋店,東京都中央区日本橋2-4-1 日本橋タカシマヤ 2F,食べログ 百名店: 2025 / カフェ EAST,https://tabelog.com/tokyo/A1302/A130202/13009090/,https://yoyaku.tabelog.com/yoyaku/tabelog_booking/send_remind/,https://www.google.com/maps/search/?api=1&query=%E3%83%AB%20%E3%82%AB%E3%83%95%E3%82%A7%E3%83%89%E3%82%A5%20%E3%82%B8%E3%83%A7%E3%82%A8%E3%83%AB%E3%83%BB%E3%83%AD%E3%83%96%E3%82%B7%E3%83%A7%E3%83%B3%20%E6%97%A5%E6%9C%AC%E6%A9%8B%E9%AB%98%E5%B3%B6%E5%B1%8B%E5%BA%97%20%E6%9D%B1%E4%BA%AC%E9%83%BD%E4%B8%AD%E5%A4%AE%E5%8C%BA%E6%97%A5%E6%9C%AC%E6%A9%8B2-4-1%20%E6%97%A5%E6%9C%AC%E6%A9%8B%E3%82%BF%E3%82%AB%E3%82%B7%E3%83%9E%E3%83%A4%202F,35.6808329,139.7734447,2025,カフェ EAST,cafe_east,発表日：2025年7月8日
ザ・ラウンジ byアマン,東京都千代田区大手町1-5-6 大手町タワー 33F,食べログ 百名店: 2025 / カフェ EAST,https://tabelog.com/tokyo/A1302/A130201/13180843/,https://yoyaku.tabelog.com/yoyaku/tabelog_booking/send_remind/,https://www.google.com/maps/search/?api=1&query=%E3%82%B6%E3%83%BB%E3%83%A9%E3%82%A6%E3%83%B3%E3%82%B8%20by%E3%82%A2%E3%83%9E%E3%83%B3%20%E6%9D%B1%E4%BA%AC%E9%83%BD%E5%8D%83%E4%BB%A3%E7%94%B0%E5%8C%BA%E5%A4%A7%E6%89%8B%E7%94%BA1-5-6%20%E5%A4%A7%E6%89%8B%E7%94%BA%E3%82%BF%E3%83%AF%E3%83%BC%2033F,35.6855616,139.7653760,2025,カフェ EAST,cafe_east,発表日：2025年7月8日
ザ リビング,東京都大田区千鳥1-19-5 フラット千鳥 2F,食べログ 百名店: 2025 / カフェ EAST,https://tabelog.com/tokyo/A1317/A131714/13135826/,https://tabelog.com/tokyo/A1317/A131714/13135826/?cid=google_yoyaku,https://www.google.com/maps/search/?api=1&query=%E3%82%B6%20%E3%83%AA%E3%83%93%E3%83%B3%E3%82%B0%20%E6%9D%B1%E4%BA%AC%E9%83%BD%E5%A4%A7%E7%94%B0%E5%8C%BA%E5%8D%83%E9%B3%A51-19-5%20%E3%83%95%E3%83%A9%E3%83%83%E3%83%88%E5%8D%83%E9%B3%A5%202F,35.5726725,139.6926911,2025,カフェ EAST,cafe_east,発表日：2025年7月8日
CAFE AALIYA,東京都新宿区新宿3-1-17 山本ビルＢ１Ｆ,食べログ 百名店: 2025 / カフェ EAST,https://tabelog.com/tokyo/A1304/A130401/13012089/,https://yoyaku.tabelog.com/yoyaku/tabelog_booking/send_remind/,https://www.google.com/maps/search/?api=1&query=CAFE%20AALIYA%20%E6%9D%B1%E4%BA%AC%E9%83%BD%E6%96%B0%E5%AE%BF%E5%8C%BA%E6%96%B0%E5%AE%BF3-1-17%20%E5%B1%B1%E6%9C%AC%E3%83%93%E3%83%AB%EF%BC%A2%EF%BC%91%EF%BC%A6,35.6905054,139.7047811,2025,カフェ EAST,cafe_east,発表日：2025年7月8日
M＆C Cafe 丸の内オアゾ,東京都千代田区丸の内1-6-4 丸の内オアゾ 4F,食べログ 百名店: 2025 / カフェ EAST,https://tabelog.com/tokyo/A1302/A130201/13010996/,https://yoyaku.tabelog.com/yoyaku/tabelog_booking/send_remind/,https://www.google.com/maps/search/?api=1&query=M%EF%BC%86C%20Cafe%20%E4%B8%B8%E3%81%AE%E5%86%85%E3%82%AA%E3%82%A2%E3%82%BE%20%E6%9D%B1%E4%BA%AC%E9%83%BD%E5%8D%83%E4%BB%A3%E7%94%B0%E5%8C%BA%E4%B8%B8%E3%81%AE%E5%86%851-6-4%20%E4%B8%B8%E3%81%AE%E5%86%85%E3%82%AA%E3%82%A2%E3%82%BE%204F,35.6836102,139.7664150,2025,カフェ EAST,cafe_east,発表日：2025年7月8日
AKHA AMA COFFEE KAGURAZAKA,東京都新宿区赤城元町1-25,食べログ 百名店: 2025 / カフェ EAST,https://tabelog.com/tokyo/A1309/A130905/13248105/,https://yoyaku.tabelog.com/yoyaku/tabelog_booking/send_remind/,https://www.google.com/maps/search/?api=1&query=AKHA%20AMA%20COFFEE%20KAGURAZAKA%20%E6%9D%B1%E4%BA%AC%E9%83%BD%E6%96%B0%E5%AE%BF%E5%8C%BA%E8%B5%A4%E5%9F%8E%E5%85%83%E7%94%BA1-25,35.7047057,139.7372436,2025,カフェ EAST,cafe_east,発表日：2025年7月8日
トラヤ トウキョウ,東京都千代田区丸の内1-9-1 東京ステーションホテル 2F,食べログ 百名店: 2025 / カフェ EAST,https://tabelog.com/tokyo/A1302/A130201/13147493/,https://yoyaku.tabelog.com/yoyaku/tabelog_booking/send_remind/,https://www.google.com/maps/search/?api=1&query=%E3%83%88%E3%83%A9%E3%83%A4%20%E3%83%88%E3%82%A6%E3%82%AD%E3%83%A7%E3%82%A6%20%E6%9D%B1%E4%BA%AC%E9%83%BD%E5%8D%83%E4%BB%A3%E7%94%B0%E5%8C%BA%E4%B8%B8%E3%81%AE%E5%86%851-9-1%20%E6%9D%B1%E4%BA%AC%E3%82%B9%E3%83%86%E3%83%BC%E3%82%B7%E3%83%A7%E3%83%B3%E3%83%9B%E3%83%86%E3%83%AB%202F,35.6809934,139.7659089,2025,カフェ EAST,cafe_east,発表日：2025年7月8日
BERG,東京都新宿区新宿3-38-1 ルミネエスト新宿店 B1F,食べログ 百名店: 2025 / カフェ EAST,https://tabelog.com/tokyo/A1304/A130401/13004332/,https://yoyaku.tabelog.com/yoyaku/tabelog_booking/send_remind/,https://www.google.com/maps/search/?api=1&query=BERG%20%E6%9D%B1%E4%BA%AC%E9%83%BD%E6%96%B0%E5%AE%BF%E5%8C%BA%E6%96%B0%E5%AE%BF3-38-1%20%E3%83%AB%E3%83%9F%E3%83%8D%E3%82%A8%E3%82%B9%E3%83%88%E6%96%B0%E5%AE%BF%E5%BA%97%20B1F,35.6918373,139.7009919,2025,カフェ EAST,cafe_east,発表日：2025年7月8日
文明堂カフェ,東京都中央区日本橋室町1-13-7 PMOビル 1F,食べログ 百名店: 2025 / カフェ EAST,https://tabelog.com/tokyo/A1302/A130202/13152670/,https://yoyaku.tabelog.com/yoyaku/tabelog_booking/send_remind/,https://www.google.com/maps/search/?api=1&query=%E6%96%87%E6%98%8E%E5%A0%82%E3%82%AB%E3%83%95%E3%82%A7%20%E6%9D%B1%E4%BA%AC%E9%83%BD%E4%B8%AD%E5%A4%AE%E5%8C%BA%E6%97%A5%E6%9C%AC%E6%A9%8B%E5%AE%A4%E7%94%BA1-13-7%20PMO%E3%83%93%E3%83%AB%201F,35.6864011,139.7752602,2025,カフェ EAST,cafe_east,発表日：2025年7月8日
Mallorca,東京都世田谷区玉川1-14-1 二子玉川ライズS.C.テラスマーケット 2Ｆ,食べログ 百名店: 2025 / カフェ EAST,https://tabelog.com/tokyo/A1317/A131708/13181404/,https://tabelog.com/tokyo/A1317/A131708/13181404/?cid=google_yoyaku,https://www.google.com/maps/search/?api=1&query=Mallorca%20%E6%9D%B1%E4%BA%AC%E9%83%BD%E4%B8%96%E7%94%B0%E8%B0%B7%E5%8C%BA%E7%8E%89%E5%B7%9D1-14-1%20%E4%BA%8C%E5%AD%90%E7%8E%89%E5%B7%9D%E3%83%A9%E3%82%A4%E3%82%BAS.C.%E3%83%86%E3%83%A9%E3%82%B9%E3%83%9E%E3%83%BC%E3%82%B1%E3%83%83%E3%83%88%202%EF%BC%A6,35.6112331,139.6304037,2025,カフェ EAST,cafe_east,発表日：2025年7月8日
うさぎや CAFE,東京都台東区上野1-17-5,食べログ 百名店: 2025 / カフェ EAST,https://tabelog.com/tokyo/A1311/A131101/13184732/,https://yoyaku.tabelog.com/yoyaku/tabelog_booking/send_remind/,https://www.google.com/maps/search/?api=1&query=%E3%81%86%E3%81%95%E3%81%8E%E3%82%84%20CAFE%20%E6%9D%B1%E4%BA%AC%E9%83%BD%E5%8F%B0%E6%9D%B1%E5%8C%BA%E4%B8%8A%E9%87%8E1-17-5,35.7069468,139.7717054,2025,カフェ EAST,cafe_east,発表日：2025年7月8日
茶茶の間,東京都渋谷区神宮前5-13-14 表参道SKビル1F,食べログ 百名店: 2025 / カフェ EAST,https://tabelog.com/tokyo/A1306/A130601/13043546/,https://yoyaku.tabelog.com/yoyaku/tabelog_booking/send_remind/,https://www.google.com/maps/search/?api=1&query=%E8%8C%B6%E8%8C%B6%E3%81%AE%E9%96%93%20%E6%9D%B1%E4%BA%AC%E9%83%BD%E6%B8%8B%E8%B0%B7%E5%8C%BA%E7%A5%9E%E5%AE%AE%E5%89%8D5-13-14%20%E8%A1%A8%E5%8F%82%E9%81%93SK%E3%83%93%E3%83%AB1F,35.6662913,139.7070260,2025,カフェ EAST,cafe_east,発表日：2025年7月8日
蕪木,東京都台東区三筋1-12-12,食べログ 百名店: 2025 / カフェ EAST,https://tabelog.com/tokyo/A1311/A131101/13242617/,https://yoyaku.tabelog.com/yoyaku/tabelog_booking/send_remind/,https://www.google.com/maps/search/?api=1&query=%E8%95%AA%E6%9C%A8%20%E6%9D%B1%E4%BA%AC%E9%83%BD%E5%8F%B0%E6%9D%B1%E5%8C%BA%E4%B8%89%E7%AD%8B1-12-12,35.7041338,139.7858286,2025,カフェ EAST,cafe_east,発表日：2025年7月8日
珈琲専門店 三十間 銀座本店,東京都中央区銀座3-8-12 大広朝日ビル B1F,食べログ 百名店: 2025 / カフェ EAST,https://tabelog.com/tokyo/A1301/A130101/13149724/,https://yoyaku.tabelog.com/yoyaku/tabelog_booking/send_remind/,https://www.google.com/maps/search/?api=1&query=%E7%8F%88%E7%90%B2%E5%B0%82%E9%96%80%E5%BA%97%20%E4%B8%89%E5%8D%81%E9%96%93%20%E9%8A%80%E5%BA%A7%E6%9C%AC%E5%BA%97%20%E6%9D%B1%E4%BA%AC%E9%83%BD%E4%B8%AD%E5%A4%AE%E5%8C%BA%E9%8A%80%E5%BA%A73-8-12%20%E5%A4%A7%E5%BA%83%E6%9C%9D%E6%97%A5%E3%83%93%E3%83%AB%20B1F,35.6713296,139.7671073,2025,カフェ EAST,cafe_east,発表日：2025年7月8日
カフェサロンソンジン,神奈川県横浜市都筑区中川中央1-5-4 センター北ミレナリオビル　１F,食べログ 百名店: 2025 / カフェ EAST,https://tabelog.com/kanagawa/A1401/A140203/14007774/,https://yoyaku.tabelog.com/yoyaku/tabelog_booking/send_remind/,https://www.google.com/maps/search/?api=1&query=%E3%82%AB%E3%83%95%E3%82%A7%E3%82%B5%E3%83%AD%E3%83%B3%E3%82%BD%E3%83%B3%E3%82%B8%E3%83%B3%20%E7%A5%9E%E5%A5%88%E5%B7%9D%E7%9C%8C%E6%A8%AA%E6%B5%9C%E5%B8%82%E9%83%BD%E7%AD%91%E5%8C%BA%E4%B8%AD%E5%B7%9D%E4%B8%AD%E5%A4%AE1-5-4%20%E3%82%BB%E3%83%B3%E3%82%BF%E3%83%BC%E5%8C%97%E3%83%9F%E3%83%AC%E3%83%8A%E3%83%AA%E3%82%AA%E3%83%93%E3%83%AB%E3%80%80%EF%BC%91F,35.5519223,139.5766492,2025,カフェ EAST,cafe_east,発表日：2025年7月8日
トラヤあんスタンド 新宿店,東京都渋谷区千駄ヶ谷5-24-55 NEWoMan SHINJUKU 2F,食べログ 百名店: 2025 / カフェ EAST,https://tabelog.com/tokyo/A1304/A130403/13193561/,https://yoyaku.tabelog.com/yoyaku/tabelog_booking/send_remind/,https://www.google.com/maps/search/?api=1&query=%E3%83%88%E3%83%A9%E3%83%A4%E3%81%82%E3%82%93%E3%82%B9%E3%82%BF%E3%83%B3%E3%83%89%20%E6%96%B0%E5%AE%BF%E5%BA%97%20%E6%9D%B1%E4%BA%AC%E9%83%BD%E6%B8%8B%E8%B0%B7%E5%8C%BA%E5%8D%83%E9%A7%84%E3%83%B6%E8%B0%B75-24-55%20NEWoMan%20SHINJUKU%202F,35.6884352,139.7014479,2025,カフェ EAST,cafe_east,発表日：2025年7月8日
ガーデンラウンジ 坐忘,東京都渋谷区桜丘町26-1 セルリアンタワー東急ホテル LBF,食べログ 百名店: 2025 / カフェ EAST,https://tabelog.com/tokyo/A1303/A130301/13012588/,https://tabelog.com/tokyo/A1303/A130301/13012588/?cid=google_yoyaku,https://www.google.com/maps/search/?api=1&query=%E3%82%AC%E3%83%BC%E3%83%87%E3%83%B3%E3%83%A9%E3%82%A6%E3%83%B3%E3%82%B8%20%E5%9D%90%E5%BF%98%20%E6%9D%B1%E4%BA%AC%E9%83%BD%E6%B8%8B%E8%B0%B7%E5%8C%BA%E6%A1%9C%E4%B8%98%E7%94%BA26-1%20%E3%82%BB%E3%83%AB%E3%83%AA%E3%82%A2%E3%83%B3%E3%82%BF%E3%83%AF%E3%83%BC%E6%9D%B1%E6%80%A5%E3%83%9B%E3%83%86%E3%83%AB%20LBF,35.6562966,139.6997819,2025,カフェ EAST,cafe_east,発表日：2025年7月8日
ペリカンカフェ,東京都台東区寿3-9-11 1F,食べログ 百名店: 2025 / カフェ EAST,https://tabelog.com/tokyo/A1311/A131103/13212182/,https://yoyaku.tabelog.com/yoyaku/tabelog_booking/send_remind/,https://www.google.com/maps/search/?api=1&query=%E3%83%9A%E3%83%AA%E3%82%AB%E3%83%B3%E3%82%AB%E3%83%95%E3%82%A7%20%E6%9D%B1%E4%BA%AC%E9%83%BD%E5%8F%B0%E6%9D%B1%E5%8C%BA%E5%AF%BF3-9-11%201F,35.7069873,139.7911700,2025,カフェ EAST,cafe_east,発表日：2025年7月8日
Paul Bassett 新宿,東京都新宿区西新宿1-26-2 新宿野村ビル B1F,食べログ 百名店: 2025 / カフェ EAST,https://tabelog.com/tokyo/A1304/A130401/13026041/,https://tabelog.com/tokyo/A1304/A130401/13026041/?cid=google_yoyaku,https://www.google.com/maps/search/?api=1&query=Paul%20Bassett%20%E6%96%B0%E5%AE%BF%20%E6%9D%B1%E4%BA%AC%E9%83%BD%E6%96%B0%E5%AE%BF%E5%8C%BA%E8%A5%BF%E6%96%B0%E5%AE%BF1-26-2%20%E6%96%B0%E5%AE%BF%E9%87%8E%E6%9D%91%E3%83%93%E3%83%AB%20B1F,35.6928383,139.6951131,2025,カフェ EAST,cafe_east,発表日：2025年7月8日
ニコラ,東京都世田谷区太子堂4-28-10 鈴木ビル 2F,食べログ 百名店: 2025 / カフェ EAST,https://tabelog.com/tokyo/A1317/A131706/13127430/,https://yoyaku.tabelog.com/yoyaku/tabelog_booking/send_remind/,https://www.google.com/maps/search/?api=1&query=%E3%83%8B%E3%82%B3%E3%83%A9%20%E6%9D%B1%E4%BA%AC%E9%83%BD%E4%B8%96%E7%94%B0%E8%B0%B7%E5%8C%BA%E5%A4%AA%E5%AD%90%E5%A0%824-28-10%20%E9%88%B4%E6%9C%A8%E3%83%93%E3%83%AB%202F,35.6460044,139.6699597,2025,カフェ EAST,cafe_east,発表日：2025年7月8日
フェブラリーカフェ,東京都台東区駒形1-9-8 川尻ビル 1F,食べログ 百名店: 2025 / カフェ EAST,https://tabelog.com/tokyo/A1311/A131102/13143292/,https://yoyaku.tabelog.com/yoyaku/tabelog_booking/send_remind/,https://www.google.com/maps/search/?api=1&query=%E3%83%95%E3%82%A7%E3%83%96%E3%83%A9%E3%83%AA%E3%83%BC%E3%82%AB%E3%83%95%E3%82%A7%20%E6%9D%B1%E4%BA%AC%E9%83%BD%E5%8F%B0%E6%9D%B1%E5%8C%BA%E9%A7%92%E5%BD%A21-9-8%20%E5%B7%9D%E5%B0%BB%E3%83%93%E3%83%AB%201F,35.7083122,139.7946605,2025,カフェ EAST,cafe_east,発表日：2025年7月8日
茶洒 金田中,東京都港区北青山3-6-1 オーク表参道 2F,食べログ 百名店: 2025 / カフェ EAST,https://tabelog.com/tokyo/A1306/A130602/13154538/,https://yoyaku.tabelog.com/yoyaku/tabelog_booking/send_remind/,https://www.google.com/maps/search/?api=1&query=%E8%8C%B6%E6%B4%92%20%E9%87%91%E7%94%B0%E4%B8%AD%20%E6%9D%B1%E4%BA%AC%E9%83%BD%E6%B8%AF%E5%8C%BA%E5%8C%97%E9%9D%92%E5%B1%B13-6-1%20%E3%82%AA%E3%83%BC%E3%82%AF%E8%A1%A8%E5%8F%82%E9%81%93%202F,35.6655645,139.7105736,2025,カフェ EAST,cafe_east,発表日：2025年7月8日
石釜 ベイクブレッド 茶房 タムタム,東京都千代田区神田神保町1-9 1F,食べログ 百名店: 2025 / カフェ EAST,https://tabelog.com/tokyo/A1310/A131003/13174159/,https://yoyaku.tabelog.com/yoyaku/tabelog_booking/send_remind/,https://www.google.com/maps/search/?api=1&query=%E7%9F%B3%E9%87%9C%20%E3%83%99%E3%82%A4%E3%82%AF%E3%83%96%E3%83%AC%E3%83%83%E3%83%89%20%E8%8C%B6%E6%88%BF%20%E3%82%BF%E3%83%A0%E3%82%BF%E3%83%A0%20%E6%9D%B1%E4%BA%AC%E9%83%BD%E5%8D%83%E4%BB%A3%E7%94%B0%E5%8C%BA%E7%A5%9E%E7%94%B0%E7%A5%9E%E4%BF%9D%E7%94%BA1-9%201F,35.6956683,139.7587488,2025,カフェ EAST,cafe_east,発表日：2025年7月8日
ザ・ロビーラウンジ,東京都千代田区丸の内1-8-3 丸の内トラストタワー本館 シャングリ・ラ 東京 28Ｆ,食べログ 百名店: 2025 / カフェ EAST,https://tabelog.com/tokyo/A1302/A130201/13072553/,https://tabelog.com/tokyo/A1302/A130201/13072553/?cid=google_yoyaku,https://www.google.com/maps/search/?api=1&query=%E3%82%B6%E3%83%BB%E3%83%AD%E3%83%93%E3%83%BC%E3%83%A9%E3%82%A6%E3%83%B3%E3%82%B8%20%E6%9D%B1%E4%BA%AC%E9%83%BD%E5%8D%83%E4%BB%A3%E7%94%B0%E5%8C%BA%E4%B8%B8%E3%81%AE%E5%86%851-8-3%20%E4%B8%B8%E3%81%AE%E5%86%85%E3%83%88%E3%83%A9%E3%82%B9%E3%83%88%E3%82%BF%E3%83%AF%E3%83%BC%E6%9C%AC%E9%A4%A8%20%E3%82%B7%E3%83%A3%E3%83%B3%E3%82%B0%E3%83%AA%E3%83%BB%E3%83%A9%20%E6%9D%B1%E4%BA%AC%2028%EF%BC%A6,35.6826587,139.7694661,2025,カフェ EAST,cafe_east,発表日：2025年7月8日
万平ホテル カフェテラス,長野県北佐久郡軽井沢町軽井沢925 万平ホテル アルプス館 1F,食べログ 百名店: 2025 / カフェ EAST,https://tabelog.com/nagano/A2003/A200301/20000151/,https://yoyaku.tabelog.com/yoyaku/tabelog_booking/send_remind/,https://www.google.com/maps/search/?api=1&query=%E4%B8%87%E5%B9%B3%E3%83%9B%E3%83%86%E3%83%AB%20%E3%82%AB%E3%83%95%E3%82%A7%E3%83%86%E3%83%A9%E3%82%B9%20%E9%95%B7%E9%87%8E%E7%9C%8C%E5%8C%97%E4%BD%90%E4%B9%85%E9%83%A1%E8%BB%BD%E4%BA%95%E6%B2%A2%E7%94%BA%E8%BB%BD%E4%BA%95%E6%B2%A2925%20%E4%B8%87%E5%B9%B3%E3%83%9B%E3%83%86%E3%83%AB%20%E3%82%A2%E3%83%AB%E3%83%97%E3%82%B9%E9%A4%A8%201F,36.3576401,138.6417405,2025,カフェ EAST,cafe_east,発表日：2025年7月8日
オリエンタルラウンジ,東京都中央区日本橋室町2-1-1 マンダリンオリエンタル東京 38F,食べログ 百名店: 2025 / カフェ EAST,https://tabelog.com/tokyo/A1302/A130202/13020365/,https://tabelog.com/tokyo/A1302/A130202/13020365/?cid=google_yoyaku,https://www.google.com/maps/search/?api=1&query=%E3%82%AA%E3%83%AA%E3%82%A8%E3%83%B3%E3%82%BF%E3%83%AB%E3%83%A9%E3%82%A6%E3%83%B3%E3%82%B8%20%E6%9D%B1%E4%BA%AC%E9%83%BD%E4%B8%AD%E5%A4%AE%E5%8C%BA%E6%97%A5%E6%9C%AC%E6%A9%8B%E5%AE%A4%E7%94%BA2-1-1%20%E3%83%9E%E3%83%B3%E3%83%80%E3%83%AA%E3%83%B3%E3%82%AA%E3%83%AA%E3%82%A8%E3%83%B3%E3%82%BF%E3%83%AB%E6%9D%B1%E4%BA%AC%2038F,35.6870767,139.7729699,2025,カフェ EAST,cafe_east,発表日：2025年7月8日
カフェ マメヒコ 三軒茶屋本店,東京都世田谷区太子堂4-20-4,食べログ 百名店: 2025 / カフェ EAST,https://tabelog.com/tokyo/A1317/A131706/13021745/,https://yoyaku.tabelog.com/yoyaku/tabelog_booking/send_remind/,https://www.google.com/maps/search/?api=1&query=%E3%82%AB%E3%83%95%E3%82%A7%20%E3%83%9E%E3%83%A1%E3%83%92%E3%82%B3%20%E4%B8%89%E8%BB%92%E8%8C%B6%E5%B1%8B%E6%9C%AC%E5%BA%97%20%E6%9D%B1%E4%BA%AC%E9%83%BD%E4%B8%96%E7%94%B0%E8%B0%B7%E5%8C%BA%E5%A4%AA%E5%AD%90%E5%A0%824-20-4,35.6445434,139.6692066,2025,カフェ EAST,cafe_east,発表日：2025年7月8日
マムーニア,兵庫県神戸市中央区北長狭通3-2-16 ハットトリックビル　2F,食べログ 百名店: 2025 / カフェ WEST,https://tabelog.com/hyogo/A2801/A280102/28006505/,https://yoyaku.tabelog.com/yoyaku/tabelog_booking/send_remind/,https://www.google.com/maps/search/?api=1&query=%E3%83%9E%E3%83%A0%E3%83%BC%E3%83%8B%E3%82%A2%20%E5%85%B5%E5%BA%AB%E7%9C%8C%E7%A5%9E%E6%88%B8%E5%B8%82%E4%B8%AD%E5%A4%AE%E5%8C%BA%E5%8C%97%E9%95%B7%E7%8B%AD%E9%80%9A3-2-16%20%E3%83%8F%E3%83%83%E3%83%88%E3%83%88%E3%83%AA%E3%83%83%E3%82%AF%E3%83%93%E3%83%AB%E3%80%802F,34.6915909,135.1890417,2025,カフェ WEST,cafe_west,発表日：2025年7月8日
グリーン ハウス ヴァルト,兵庫県神戸市中央区加納町4-10-30 神戸大隆ビル 1F・2F・3F・4F,食べログ 百名店: 2025 / カフェ WEST,https://tabelog.com/hyogo/A2801/A280101/28053581/,https://yoyaku.tabelog.com/yoyaku/tabelog_booking/send_remind/,https://www.google.com/maps/search/?api=1&query=%E3%82%B0%E3%83%AA%E3%83%BC%E3%83%B3%20%E3%83%8F%E3%82%A6%E3%82%B9%20%E3%83%B4%E3%82%A1%E3%83%AB%E3%83%88%20%E5%85%B5%E5%BA%AB%E7%9C%8C%E7%A5%9E%E6%88%B8%E5%B8%82%E4%B8%AD%E5%A4%AE%E5%8C%BA%E5%8A%A0%E7%B4%8D%E7%94%BA4-10-30%20%E7%A5%9E%E6%88%B8%E5%A4%A7%E9%9A%86%E3%83%93%E3%83%AB%201F%E3%83%BB2F%E3%83%BB3F%E3%83%BB4F,34.6957118,135.1935569,2025,カフェ WEST,cafe_west,発表日：2025年7月8日
トリントン　ティールーム,大阪府大阪市中央区上本町西2-5-56,食べログ 百名店: 2025 / カフェ WEST,https://tabelog.com/osaka/A2701/A270204/27067721/,https://yoyaku.tabelog.com/yoyaku/tabelog_booking/send_remind/,https://www.google.com/maps/search/?api=1&query=%E3%83%88%E3%83%AA%E3%83%B3%E3%83%88%E3%83%B3%E3%80%80%E3%83%86%E3%82%A3%E3%83%BC%E3%83%AB%E3%83%BC%E3%83%A0%20%E5%A4%A7%E9%98%AA%E5%BA%9C%E5%A4%A7%E9%98%AA%E5%B8%82%E4%B8%AD%E5%A4%AE%E5%8C%BA%E4%B8%8A%E6%9C%AC%E7%94%BA%E8%A5%BF2-5-56,34.6745525,135.5191427,2025,カフェ WEST,cafe_west,発表日：2025年7月8日
タカムラ コーヒーロースターズ,大阪府大阪市西区江戸堀2-2-18,食べログ 百名店: 2025 / カフェ WEST,https://tabelog.com/osaka/A2701/A270102/27072286/,https://yoyaku.tabelog.com/yoyaku/tabelog_booking/send_remind/,https://www.google.com/maps/search/?api=1&query=%E3%82%BF%E3%82%AB%E3%83%A0%E3%83%A9%20%E3%82%B3%E3%83%BC%E3%83%92%E3%83%BC%E3%83%AD%E3%83%BC%E3%82%B9%E3%82%BF%E3%83%BC%E3%82%BA%20%E5%A4%A7%E9%98%AA%E5%BA%9C%E5%A4%A7%E9%98%AA%E5%B8%82%E8%A5%BF%E5%8C%BA%E6%B1%9F%E6%88%B8%E5%A0%802-2-18,34.6872919,135.4911140,2025,カフェ WEST,cafe_west,発表日：2025年7月8日
ソングバード コーヒー,京都府京都市中京区竹屋町通堀川東入西竹屋町529 SONGBIRD DESIGN STORE. 2F,食べログ 百名店: 2025 / カフェ WEST,https://tabelog.com/kyoto/A2601/A260203/26013578/,https://yoyaku.tabelog.com/yoyaku/tabelog_booking/send_remind/,https://www.google.com/maps/search/?api=1&query=%E3%82%BD%E3%83%B3%E3%82%B0%E3%83%90%E3%83%BC%E3%83%89%20%E3%82%B3%E3%83%BC%E3%83%92%E3%83%BC%20%E4%BA%AC%E9%83%BD%E5%BA%9C%E4%BA%AC%E9%83%BD%E5%B8%82%E4%B8%AD%E4%BA%AC%E5%8C%BA%E7%AB%B9%E5%B1%8B%E7%94%BA%E9%80%9A%E5%A0%80%E5%B7%9D%E6%9D%B1%E5%85%A5%E8%A5%BF%E7%AB%B9%E5%B1%8B%E7%94%BA529%20SONGBIRD%20DESIGN%20STORE.%202F,35.0162598,135.7522359,2025,カフェ WEST,cafe_west,発表日：2025年7月8日
神椿,香川県仲多度郡琴平町892-1 金刀比羅宮内,食べログ 百名店: 2025 / カフェ WEST,https://tabelog.com/kagawa/A3703/A370302/37000763/,https://yoyaku.tabelog.com/yoyaku/tabelog_booking/send_remind/,https://www.google.com/maps/search/?api=1&query=%E7%A5%9E%E6%A4%BF%20%E9%A6%99%E5%B7%9D%E7%9C%8C%E4%BB%B2%E5%A4%9A%E5%BA%A6%E9%83%A1%E7%90%B4%E5%B9%B3%E7%94%BA892-1%20%E9%87%91%E5%88%80%E6%AF%94%E7%BE%85%E5%AE%AE%E5%86%85,34.1831326,133.8119462,2025,カフェ WEST,cafe_west,発表日：2025年7月8日
Walden Woods Kyoto,京都府京都市下京区栄町508-1,食べログ 百名店: 2025 / カフェ WEST,https://tabelog.com/kyoto/A2601/A260101/26030010/,https://yoyaku.tabelog.com/yoyaku/tabelog_booking/send_remind/,https://www.google.com/maps/search/?api=1&query=Walden%20Woods%20Kyoto%20%E4%BA%AC%E9%83%BD%E5%BA%9C%E4%BA%AC%E9%83%BD%E5%B8%82%E4%B8%8B%E4%BA%AC%E5%8C%BA%E6%A0%84%E7%94%BA508-1,34.9933544,135.7631706,2025,カフェ WEST,cafe_west,発表日：2025年7月8日
.cafe,大阪府大阪市西区靭本町1-18-23 ウルトラビル 2F,食べログ 百名店: 2025 / カフェ WEST,https://tabelog.com/osaka/A2701/A270106/27116441/,https://yoyaku.tabelog.com/yoyaku/tabelog_booking/send_remind/,https://www.google.com/maps/search/?api=1&query=.cafe%20%E5%A4%A7%E9%98%AA%E5%BA%9C%E5%A4%A7%E9%98%AA%E5%B8%82%E8%A5%BF%E5%8C%BA%E9%9D%AD%E6%9C%AC%E7%94%BA1-18-23%20%E3%82%A6%E3%83%AB%E3%83%88%E3%83%A9%E3%83%93%E3%83%AB%202F,34.6842186,135.4950513,2025,カフェ WEST,cafe_west,発表日：2025年7月8日
カフェくるくま,沖縄県南城市知念字知念1190,食べログ 百名店: 2025 / カフェ WEST,https://tabelog.com/okinawa/A4704/A470403/47000018/,https://yoyaku.tabelog.com/yoyaku/tabelog_booking/send_remind/,https://www.google.com/maps/search/?api=1&query=%E3%82%AB%E3%83%95%E3%82%A7%E3%81%8F%E3%82%8B%E3%81%8F%E3%81%BE%20%E6%B2%96%E7%B8%84%E7%9C%8C%E5%8D%97%E5%9F%8E%E5%B8%82%E7%9F%A5%E5%BF%B5%E5%AD%97%E7%9F%A5%E5%BF%B51190,26.1621302,127.8123867,2025,カフェ WEST,cafe_west,発表日：2025年7月8日
モトコーヒー,大阪府大阪市中央区北浜2-1-1 北浜ライオンビル,食べログ 百名店: 2025 / カフェ WEST,https://tabelog.com/osaka/A2701/A270102/27049833/,https://yoyaku.tabelog.com/yoyaku/tabelog_booking/send_remind/,https://www.google.com/maps/search/?api=1&query=%E3%83%A2%E3%83%88%E3%82%B3%E3%83%BC%E3%83%92%E3%83%BC%20%E5%A4%A7%E9%98%AA%E5%BA%9C%E5%A4%A7%E9%98%AA%E5%B8%82%E4%B8%AD%E5%A4%AE%E5%8C%BA%E5%8C%97%E6%B5%9C2-1-1%20%E5%8C%97%E6%B5%9C%E3%83%A9%E3%82%A4%E3%82%AA%E3%83%B3%E3%83%93%E3%83%AB,34.6920823,135.5064772,2025,カフェ WEST,cafe_west,発表日：2025年7月8日
RUFF,京都府京都市中京区高倉通錦小路上ル貝屋町564,食べログ 百名店: 2025 / カフェ WEST,https://tabelog.com/kyoto/A2601/A260201/26033111/,https://yoyaku.tabelog.com/yoyaku/tabelog_booking/send_remind/,https://www.google.com/maps/search/?api=1&query=RUFF%20%E4%BA%AC%E9%83%BD%E5%BA%9C%E4%BA%AC%E9%83%BD%E5%B8%82%E4%B8%AD%E4%BA%AC%E5%8C%BA%E9%AB%98%E5%80%89%E9%80%9A%E9%8C%A6%E5%B0%8F%E8%B7%AF%E4%B8%8A%E3%83%AB%E8%B2%9D%E5%B1%8B%E7%94%BA564,35.0055375,135.7626555,2025,カフェ WEST,cafe_west,発表日：2025年7月8日
SANWA COFFEE WORKS 天満本店,大阪府大阪市北区池田町17-7,食べログ 百名店: 2025 / カフェ WEST,https://tabelog.com/osaka/A2701/A270103/27081385/,https://yoyaku.tabelog.com/yoyaku/tabelog_booking/send_remind/,https://www.google.com/maps/search/?api=1&query=SANWA%20COFFEE%20WORKS%20%E5%A4%A9%E6%BA%80%E6%9C%AC%E5%BA%97%20%E5%A4%A7%E9%98%AA%E5%BA%9C%E5%A4%A7%E9%98%AA%E5%B8%82%E5%8C%97%E5%8C%BA%E6%B1%A0%E7%94%B0%E7%94%BA17-7,34.7082514,135.5124486,2025,カフェ WEST,cafe_west,発表日：2025年7月8日
ハワイアンパンケーキハウス パニラニ,沖縄県国頭郡恩納村瀬良垣698,食べログ 百名店: 2025 / カフェ WEST,https://tabelog.com/okinawa/A4703/A470303/47011309/,https://yoyaku.tabelog.com/yoyaku/tabelog_booking/send_remind/,https://www.google.com/maps/search/?api=1&query=%E3%83%8F%E3%83%AF%E3%82%A4%E3%82%A2%E3%83%B3%E3%83%91%E3%83%B3%E3%82%B1%E3%83%BC%E3%82%AD%E3%83%8F%E3%82%A6%E3%82%B9%20%E3%83%91%E3%83%8B%E3%83%A9%E3%83%8B%20%E6%B2%96%E7%B8%84%E7%9C%8C%E5%9B%BD%E9%A0%AD%E9%83%A1%E6%81%A9%E7%B4%8D%E6%9D%91%E7%80%AC%E8%89%AF%E5%9E%A3698,26.5090056,127.8722499,2025,カフェ WEST,cafe_west,発表日：2025年7月8日
カステラ ド パウロ,京都府京都市上京区馬喰町897 蔵A,食べログ 百名店: 2025 / カフェ WEST,https://tabelog.com/kyoto/A2601/A260501/26025402/,https://yoyaku.tabelog.com/yoyaku/tabelog_booking/send_remind/,https://www.google.com/maps/search/?api=1&query=%E3%82%AB%E3%82%B9%E3%83%86%E3%83%A9%20%E3%83%89%20%E3%83%91%E3%82%A6%E3%83%AD%20%E4%BA%AC%E9%83%BD%E5%BA%9C%E4%BA%AC%E9%83%BD%E5%B8%82%E4%B8%8A%E4%BA%AC%E5%8C%BA%E9%A6%AC%E5%96%B0%E7%94%BA897%20%E8%94%B5A,35.0285765,135.7360840,2025,カフェ WEST,cafe_west,発表日：2025年7月8日
ブルガリ イル・カフェ 阪急うめだ本店,大阪府大阪市北区角田町8-7 阪急うめだ本店 5F,食べログ 百名店: 2025 / カフェ WEST,https://tabelog.com/osaka/A2701/A270101/27068631/,https://yoyaku.tabelog.com/yoyaku/tabelog_booking/send_remind/,https://www.google.com/maps/search/?api=1&query=%E3%83%96%E3%83%AB%E3%82%AC%E3%83%AA%20%E3%82%A4%E3%83%AB%E3%83%BB%E3%82%AB%E3%83%95%E3%82%A7%20%E9%98%AA%E6%80%A5%E3%81%86%E3%82%81%E3%81%A0%E6%9C%AC%E5%BA%97%20%E5%A4%A7%E9%98%AA%E5%BA%9C%E5%A4%A7%E9%98%AA%E5%B8%82%E5%8C%97%E5%8C%BA%E8%A7%92%E7%94%B0%E7%94%BA8-7%20%E9%98%AA%E6%80%A5%E3%81%86%E3%82%81%E3%81%A0%E6%9C%AC%E5%BA%97%205F,34.7029942,135.4982538,2025,カフェ WEST,cafe_west,発表日：2025年7月8日
Bird COFFEE,大阪府大阪市鶴見区緑4-1-16,食べログ 百名店: 2025 / カフェ WEST,https://tabelog.com/osaka/A2701/A270304/27045366/,https://yoyaku.tabelog.com/yoyaku/tabelog_booking/send_remind/,https://www.google.com/maps/search/?api=1&query=Bird%20COFFEE%20%E5%A4%A7%E9%98%AA%E5%BA%9C%E5%A4%A7%E9%98%AA%E5%B8%82%E9%B6%B4%E8%A6%8B%E5%8C%BA%E7%B7%914-1-16,34.7174730,135.5628336,2025,カフェ WEST,cafe_west,発表日：2025年7月8日
Nova 珈琲と焼菓子,大阪府大阪市北区天満3-1-5 南天満ビル 1F,食べログ 百名店: 2025 / カフェ WEST,https://tabelog.com/osaka/A2701/A270104/27121079/,https://yoyaku.tabelog.com/yoyaku/tabelog_booking/send_remind/,https://www.google.com/maps/search/?api=1&query=Nova%20%E7%8F%88%E7%90%B2%E3%81%A8%E7%84%BC%E8%8F%93%E5%AD%90%20%E5%A4%A7%E9%98%AA%E5%BA%9C%E5%A4%A7%E9%98%AA%E5%B8%82%E5%8C%97%E5%8C%BA%E5%A4%A9%E6%BA%803-1-5%20%E5%8D%97%E5%A4%A9%E6%BA%80%E3%83%93%E3%83%AB%201F,34.6922684,135.5153459,2025,カフェ WEST,cafe_west,発表日：2025年7月8日
おちゃのこ,奈良県奈良市小西町35-2 コトモール 1F,食べログ 百名店: 2025 / カフェ WEST,https://tabelog.com/nara/A2901/A290101/29004169/,https://yoyaku.tabelog.com/yoyaku/tabelog_booking/send_remind/,https://www.google.com/maps/search/?api=1&query=%E3%81%8A%E3%81%A1%E3%82%83%E3%81%AE%E3%81%93%20%E5%A5%88%E8%89%AF%E7%9C%8C%E5%A5%88%E8%89%AF%E5%B8%82%E5%B0%8F%E8%A5%BF%E7%94%BA35-2%20%E3%82%B3%E3%83%88%E3%83%A2%E3%83%BC%E3%83%AB%201F,34.6827195,135.8276929,2025,カフェ WEST,cafe_west,発表日：2025年7月8日
ロクメイコーヒー 奈良店,奈良県奈良市西御門町31 吉村ビル 1F,食べログ 百名店: 2025 / カフェ WEST,https://tabelog.com/nara/A2901/A290101/29002922/,https://yoyaku.tabelog.com/yoyaku/tabelog_booking/send_remind/,https://www.google.com/maps/search/?api=1&query=%E3%83%AD%E3%82%AF%E3%83%A1%E3%82%A4%E3%82%B3%E3%83%BC%E3%83%92%E3%83%BC%20%E5%A5%88%E8%89%AF%E5%BA%97%20%E5%A5%88%E8%89%AF%E7%9C%8C%E5%A5%88%E8%89%AF%E5%B8%82%E8%A5%BF%E5%BE%A1%E9%96%80%E7%94%BA31%20%E5%90%89%E6%9D%91%E3%83%93%E3%83%AB%201F,34.6836298,135.8274439,2025,カフェ WEST,cafe_west,発表日：2025年7月8日
カフェ ケシパール,兵庫県神戸市中央区御幸通6-1-25 ももの木三宮ビル ２Ｆ,食べログ 百名店: 2025 / カフェ WEST,https://tabelog.com/hyogo/A2801/A280101/28029699/,https://yoyaku.tabelog.com/yoyaku/tabelog_booking/send_remind/,https://www.google.com/maps/search/?api=1&query=%E3%82%AB%E3%83%95%E3%82%A7%20%E3%82%B1%E3%82%B7%E3%83%91%E3%83%BC%E3%83%AB%20%E5%85%B5%E5%BA%AB%E7%9C%8C%E7%A5%9E%E6%88%B8%E5%B8%82%E4%B8%AD%E5%A4%AE%E5%8C%BA%E5%BE%A1%E5%B9%B8%E9%80%9A6-1-25%20%E3%82%82%E3%82%82%E3%81%AE%E6%9C%A8%E4%B8%89%E5%AE%AE%E3%83%93%E3%83%AB%20%EF%BC%92%EF%BC%A6,34.6934066,135.1977994,2025,カフェ WEST,cafe_west,発表日：2025年7月8日
カフェトキオナ,大阪府大阪市北区天神橋1-12-19,食べログ 百名店: 2025 / カフェ WEST,https://tabelog.com/osaka/A2701/A270103/27065349/,https://yoyaku.tabelog.com/yoyaku/tabelog_booking/send_remind/,https://www.google.com/maps/search/?api=1&query=%E3%82%AB%E3%83%95%E3%82%A7%E3%83%88%E3%82%AD%E3%82%AA%E3%83%8A%20%E5%A4%A7%E9%98%AA%E5%BA%9C%E5%A4%A7%E9%98%AA%E5%B8%82%E5%8C%97%E5%8C%BA%E5%A4%A9%E7%A5%9E%E6%A9%8B1-12-19,34.6946163,135.5118074,2025,カフェ WEST,cafe_west,発表日：2025年7月8日
カフェ レックコート,京都府京都市中京区河原町二条南入ル一之船入町53 京都ホテルオークラ　１Ｆ,食べログ 百名店: 2025 / カフェ WEST,https://tabelog.com/kyoto/A2601/A260202/26001501/,https://yoyaku.tabelog.com/yoyaku/tabelog_booking/send_remind/,https://www.google.com/maps/search/?api=1&query=%E3%82%AB%E3%83%95%E3%82%A7%20%E3%83%AC%E3%83%83%E3%82%AF%E3%82%B3%E3%83%BC%E3%83%88%20%E4%BA%AC%E9%83%BD%E5%BA%9C%E4%BA%AC%E9%83%BD%E5%B8%82%E4%B8%AD%E4%BA%AC%E5%8C%BA%E6%B2%B3%E5%8E%9F%E7%94%BA%E4%BA%8C%E6%9D%A1%E5%8D%97%E5%85%A5%E3%83%AB%E4%B8%80%E4%B9%8B%E8%88%B9%E5%85%A5%E7%94%BA53%20%E4%BA%AC%E9%83%BD%E3%83%9B%E3%83%86%E3%83%AB%E3%82%AA%E3%83%BC%E3%82%AF%E3%83%A9%E3%80%80%EF%BC%91%EF%BC%A6,35.0116925,135.7694763,2025,カフェ WEST,cafe_west,発表日：2025年7月8日
ミスリム,京都府京都市上京区河原町丸太町下ル伊勢屋町400,食べログ 百名店: 2025 / カフェ WEST,https://tabelog.com/kyoto/A2601/A260202/26017496/,https://yoyaku.tabelog.com/yoyaku/tabelog_booking/send_remind/,https://www.google.com/maps/search/?api=1&query=%E3%83%9F%E3%82%B9%E3%83%AA%E3%83%A0%20%E4%BA%AC%E9%83%BD%E5%BA%9C%E4%BA%AC%E9%83%BD%E5%B8%82%E4%B8%8A%E4%BA%AC%E5%8C%BA%E6%B2%B3%E5%8E%9F%E7%94%BA%E4%B8%B8%E5%A4%AA%E7%94%BA%E4%B8%8B%E3%83%AB%E4%BC%8A%E5%8B%A2%E5%B1%8B%E7%94%BA400,35.0169684,135.7688020,2025,カフェ WEST,cafe_west,発表日：2025年7月8日
北浜レトロ,大阪府大阪市中央区北浜1-1-26 北浜レトロビルヂング,食べログ 百名店: 2025 / カフェ WEST,https://tabelog.com/osaka/A2701/A270102/27000121/,https://yoyaku.tabelog.com/yoyaku/tabelog_booking/send_remind/,https://www.google.com/maps/search/?api=1&query=%E5%8C%97%E6%B5%9C%E3%83%AC%E3%83%88%E3%83%AD%20%E5%A4%A7%E9%98%AA%E5%BA%9C%E5%A4%A7%E9%98%AA%E5%B8%82%E4%B8%AD%E5%A4%AE%E5%8C%BA%E5%8C%97%E6%B5%9C1-1-26%20%E5%8C%97%E6%B5%9C%E3%83%AC%E3%83%88%E3%83%AD%E3%83%93%E3%83%AB%E3%83%82%E3%83%B3%E3%82%B0,34.6917190,135.5074916,2025,カフェ WEST,cafe_west,発表日：2025年7月8日
MONDIAL KAFFEE 328 GOLD RUSH,大阪府大阪市福島区福島2-8-22 FUKUDA B.D 1F,食べログ 百名店: 2025 / カフェ WEST,https://tabelog.com/osaka/A2701/A270108/27088252/,https://yoyaku.tabelog.com/yoyaku/tabelog_booking/send_remind/,https://www.google.com/maps/search/?api=1&query=MONDIAL%20KAFFEE%20328%20GOLD%20RUSH%20%E5%A4%A7%E9%98%AA%E5%BA%9C%E5%A4%A7%E9%98%AA%E5%B8%82%E7%A6%8F%E5%B3%B6%E5%8C%BA%E7%A6%8F%E5%B3%B62-8-22%20FUKUDA%20B.D%201F,34.6952691,135.4868178,2025,カフェ WEST,cafe_west,発表日：2025年7月8日
カフェ オスピターレ,福岡県福岡市博多区博多駅中央街1-1 マイング博多,食べログ 百名店: 2025 / カフェ WEST,https://tabelog.com/fukuoka/A4001/A400101/40040797/,https://yoyaku.tabelog.com/yoyaku/tabelog_booking/send_remind/,https://www.google.com/maps/search/?api=1&query=%E3%82%AB%E3%83%95%E3%82%A7%20%E3%82%AA%E3%82%B9%E3%83%94%E3%82%BF%E3%83%BC%E3%83%AC%20%E7%A6%8F%E5%B2%A1%E7%9C%8C%E7%A6%8F%E5%B2%A1%E5%B8%82%E5%8D%9A%E5%A4%9A%E5%8C%BA%E5%8D%9A%E5%A4%9A%E9%A7%85%E4%B8%AD%E5%A4%AE%E8%A1%971-1%20%E3%83%9E%E3%82%A4%E3%83%B3%E3%82%B0%E5%8D%9A%E5%A4%9A,33.5907036,130.4204307,2025,カフェ WEST,cafe_west,発表日：2025年7月8日
うさぎとぼく,大阪府大阪市阿倍野区阪南町3-9-10,食べログ 百名店: 2025 / カフェ WEST,https://tabelog.com/osaka/A2701/A270203/27060410/,https://yoyaku.tabelog.com/yoyaku/tabelog_booking/send_remind/,https://www.google.com/maps/search/?api=1&query=%E3%81%86%E3%81%95%E3%81%8E%E3%81%A8%E3%81%BC%E3%81%8F%20%E5%A4%A7%E9%98%AA%E5%BA%9C%E5%A4%A7%E9%98%AA%E5%B8%82%E9%98%BF%E5%80%8D%E9%87%8E%E5%8C%BA%E9%98%AA%E5%8D%97%E7%94%BA3-9-10,34.6297861,135.5151119,2025,カフェ WEST,cafe_west,発表日：2025年7月8日
スイーツ カフェ キョウト ケイゾー,京都府京都市中京区御供町293,食べログ 百名店: 2025 / カフェ WEST,https://tabelog.com/kyoto/A2601/A260203/26027246/,https://yoyaku.tabelog.com/yoyaku/tabelog_booking/send_remind/,https://www.google.com/maps/search/?api=1&query=%E3%82%B9%E3%82%A4%E3%83%BC%E3%83%84%20%E3%82%AB%E3%83%95%E3%82%A7%20%E3%82%AD%E3%83%A7%E3%82%A6%E3%83%88%20%E3%82%B1%E3%82%A4%E3%82%BE%E3%83%BC%20%E4%BA%AC%E9%83%BD%E5%BA%9C%E4%BA%AC%E9%83%BD%E5%B8%82%E4%B8%AD%E4%BA%AC%E5%8C%BA%E5%BE%A1%E4%BE%9B%E7%94%BA293,35.0086268,135.7498145,2025,カフェ WEST,cafe_west,発表日：2025年7月8日
福菱 Kagerou Cafe,和歌山県西牟婁郡白浜町1279-3,食べログ 百名店: 2025 / カフェ WEST,https://tabelog.com/wakayama/A3004/A300401/30005357/,https://yoyaku.tabelog.com/yoyaku/tabelog_booking/send_remind/,https://www.google.com/maps/search/?api=1&query=%E7%A6%8F%E8%8F%B1%20Kagerou%20Cafe%20%E5%92%8C%E6%AD%8C%E5%B1%B1%E7%9C%8C%E8%A5%BF%E7%89%9F%E5%A9%81%E9%83%A1%E7%99%BD%E6%B5%9C%E7%94%BA1279-3,33.6839587,135.3542210,2025,カフェ WEST,cafe_west,発表日：2025年7月8日
エルマーズグリーンカフェ,大阪府大阪市中央区高麗橋1-7-3 北浜プラザ１Ｆ,食べログ 百名店: 2025 / カフェ WEST,https://tabelog.com/osaka/A2701/A270102/27043334/,https://yoyaku.tabelog.com/yoyaku/tabelog_booking/send_remind/,https://www.google.com/maps/search/?api=1&query=%E3%82%A8%E3%83%AB%E3%83%9E%E3%83%BC%E3%82%BA%E3%82%B0%E3%83%AA%E3%83%BC%E3%83%B3%E3%82%AB%E3%83%95%E3%82%A7%20%E5%A4%A7%E9%98%AA%E5%BA%9C%E5%A4%A7%E9%98%AA%E5%B8%82%E4%B8%AD%E5%A4%AE%E5%8C%BA%E9%AB%98%E9%BA%97%E6%A9%8B1-7-3%20%E5%8C%97%E6%B5%9C%E3%83%97%E3%83%A9%E3%82%B6%EF%BC%91%EF%BC%A6,34.6891118,135.5068429,2025,カフェ WEST,cafe_west,発表日：2025年7月8日
森のらくだ,大阪府大阪市中央区徳井町2-1-7,食べログ 百名店: 2025 / カフェ WEST,https://tabelog.com/osaka/A2701/A270104/27049547/,https://yoyaku.tabelog.com/yoyaku/tabelog_booking/send_remind/,https://www.google.com/maps/search/?api=1&query=%E6%A3%AE%E3%81%AE%E3%82%89%E3%81%8F%E3%81%A0%20%E5%A4%A7%E9%98%AA%E5%BA%9C%E5%A4%A7%E9%98%AA%E5%B8%82%E4%B8%AD%E5%A4%AE%E5%8C%BA%E5%BE%B3%E4%BA%95%E7%94%BA2-1-7,34.6842710,135.5139197,2025,カフェ WEST,cafe_west,発表日：2025年7月8日
メインラウンジ (リーガロイヤルホテル大阪),大阪府大阪市北区中之島5-3-68 リーガロイヤルホテル大阪 ヴィニェット コレクション 1F,食べログ 百名店: 2025 / カフェ WEST,https://tabelog.com/osaka/A2701/A270108/27011908/,https://tabelog.com/osaka/A2701/A270108/27011908/?cid=google_yoyaku,https://www.google.com/maps/search/?api=1&query=%E3%83%A1%E3%82%A4%E3%83%B3%E3%83%A9%E3%82%A6%E3%83%B3%E3%82%B8%20%28%E3%83%AA%E3%83%BC%E3%82%AC%E3%83%AD%E3%82%A4%E3%83%A4%E3%83%AB%E3%83%9B%E3%83%86%E3%83%AB%E5%A4%A7%E9%98%AA%29%20%E5%A4%A7%E9%98%AA%E5%BA%9C%E5%A4%A7%E9%98%AA%E5%B8%82%E5%8C%97%E5%8C%BA%E4%B8%AD%E4%B9%8B%E5%B3%B65-3-68%20%E3%83%AA%E3%83%BC%E3%82%AC%E3%83%AD%E3%82%A4%E3%83%A4%E3%83%AB%E3%83%9B%E3%83%86%E3%83%AB%E5%A4%A7%E9%98%AA%20%E3%83%B4%E3%82%A3%E3%83%8B%E3%82%A7%E3%83%83%E3%83%88%20%E3%82%B3%E3%83%AC%E3%82%AF%E3%82%B7%E3%83%A7%E3%83%B3%201F,34.6903633,135.4876677,2025,カフェ WEST,cafe_west,発表日：2025年7月8日
wad omotenashi cafe,大阪府大阪市中央区南船場4-9-3 東進ビル 2F,食べログ 百名店: 2025 / カフェ WEST,https://tabelog.com/osaka/A2701/A270201/27088707/,https://yoyaku.tabelog.com/yoyaku/tabelog_booking/send_remind/,https://www.google.com/maps/search/?api=1&query=wad%20omotenashi%20cafe%20%E5%A4%A7%E9%98%AA%E5%BA%9C%E5%A4%A7%E9%98%AA%E5%B8%82%E4%B8%AD%E5%A4%AE%E5%8C%BA%E5%8D%97%E8%88%B9%E5%A0%B44-9-3%20%E6%9D%B1%E9%80%B2%E3%83%93%E3%83%AB%202F,34.6776961,135.4989274,2025,カフェ WEST,cafe_west,発表日：2025年7月8日
カイカドウ カフェ,京都府京都市下京区河原町通七条上ル住吉町352,食べログ 百名店: 2025 / カフェ WEST,https://tabelog.com/kyoto/A2601/A260101/26027350/,https://yoyaku.tabelog.com/yoyaku/tabelog_booking/send_remind/,https://www.google.com/maps/search/?api=1&query=%E3%82%AB%E3%82%A4%E3%82%AB%E3%83%89%E3%82%A6%20%E3%82%AB%E3%83%95%E3%82%A7%20%E4%BA%AC%E9%83%BD%E5%BA%9C%E4%BA%AC%E9%83%BD%E5%B8%82%E4%B8%8B%E4%BA%AC%E5%8C%BA%E6%B2%B3%E5%8E%9F%E7%94%BA%E9%80%9A%E4%B8%83%E6%9D%A1%E4%B8%8A%E3%83%AB%E4%BD%8F%E5%90%89%E7%94%BA352,34.9899118,135.7644090,2025,カフェ WEST,cafe_west,発表日：2025年7月8日
ザ・ロビーラウンジ ザ・リッツ・カールトン京都,京都府京都市中京区鴨川二条大橋畔 ザ・リッツ・カールトン京都 1F,食べログ 百名店: 2025 / カフェ WEST,https://tabelog.com/kyoto/A2601/A260202/26023312/,https://tabelog.com/kyoto/A2601/A260202/26023312/?cid=google_yoyaku,https://www.google.com/maps/search/?api=1&query=%E3%82%B6%E3%83%BB%E3%83%AD%E3%83%93%E3%83%BC%E3%83%A9%E3%82%A6%E3%83%B3%E3%82%B8%20%E3%82%B6%E3%83%BB%E3%83%AA%E3%83%83%E3%83%84%E3%83%BB%E3%82%AB%E3%83%BC%E3%83%AB%E3%83%88%E3%83%B3%E4%BA%AC%E9%83%BD%20%E4%BA%AC%E9%83%BD%E5%BA%9C%E4%BA%AC%E9%83%BD%E5%B8%82%E4%B8%AD%E4%BA%AC%E5%8C%BA%E9%B4%A8%E5%B7%9D%E4%BA%8C%E6%9D%A1%E5%A4%A7%E6%A9%8B%E7%95%94%20%E3%82%B6%E3%83%BB%E3%83%AA%E3%83%83%E3%83%84%E3%83%BB%E3%82%AB%E3%83%BC%E3%83%AB%E3%83%88%E3%83%B3%E4%BA%AC%E9%83%BD%201F,35.0137646,135.7709696,2025,カフェ WEST,cafe_west,発表日：2025年7月8日
天文館むじゃき アミュプラザ店,鹿児島県鹿児島市中央町1-1 アミュプラザ鹿児島 B1F,食べログ 百名店: 2025 / カフェ WEST,https://tabelog.com/kagoshima/A4601/A460101/46000962/,https://yoyaku.tabelog.com/yoyaku/tabelog_booking/send_remind/,https://www.google.com/maps/search/?api=1&query=%E5%A4%A9%E6%96%87%E9%A4%A8%E3%82%80%E3%81%98%E3%82%83%E3%81%8D%20%E3%82%A2%E3%83%9F%E3%83%A5%E3%83%97%E3%83%A9%E3%82%B6%E5%BA%97%20%E9%B9%BF%E5%85%90%E5%B3%B6%E7%9C%8C%E9%B9%BF%E5%85%90%E5%B3%B6%E5%B8%82%E4%B8%AD%E5%A4%AE%E7%94%BA1-1%20%E3%82%A2%E3%83%9F%E3%83%A5%E3%83%97%E3%83%A9%E3%82%B6%E9%B9%BF%E5%85%90%E5%B3%B6%20B1F,31.5845825,130.5427621,2025,カフェ WEST,cafe_west,発表日：2025年7月8日
MLESNATEA OSAKA,大阪府大阪市北区梅田2-5-25 ハービスプラザ B1F,食べログ 百名店: 2025 / カフェ WEST,https://tabelog.com/osaka/A2701/A270101/27059454/,https://yoyaku.tabelog.com/yoyaku/tabelog_booking/send_remind/,https://www.google.com/maps/search/?api=1&query=MLESNATEA%20OSAKA%20%E5%A4%A7%E9%98%AA%E5%BA%9C%E5%A4%A7%E9%98%AA%E5%B8%82%E5%8C%97%E5%8C%BA%E6%A2%85%E7%94%B02-5-25%20%E3%83%8F%E3%83%BC%E3%83%93%E3%82%B9%E3%83%97%E3%83%A9%E3%82%B6%20B1F,34.6990329,135.4935213,2025,カフェ WEST,cafe_west,発表日：2025年7月8日
ELEPHANT FACTORY COFFEE,京都府京都市中京区蛸薬師通木屋町西入ル備前島町309-4 ＨＫビル　２Ｆ,食べログ 百名店: 2025 / カフェ WEST,https://tabelog.com/kyoto/A2601/A260201/26005522/,https://yoyaku.tabelog.com/yoyaku/tabelog_booking/send_remind/,https://www.google.com/maps/search/?api=1&query=ELEPHANT%20FACTORY%20COFFEE%20%E4%BA%AC%E9%83%BD%E5%BA%9C%E4%BA%AC%E9%83%BD%E5%B8%82%E4%B8%AD%E4%BA%AC%E5%8C%BA%E8%9B%B8%E8%96%AC%E5%B8%AB%E9%80%9A%E6%9C%A8%E5%B1%8B%E7%94%BA%E8%A5%BF%E5%85%A5%E3%83%AB%E5%82%99%E5%89%8D%E5%B3%B6%E7%94%BA309-4%20%EF%BC%A8%EF%BC%AB%E3%83%93%E3%83%AB%E3%80%80%EF%BC%92%EF%BC%A6,35.0058404,135.7698465,2025,カフェ WEST,cafe_west,発表日：2025年7月8日
カフェドムッシュ 姫路店,兵庫県姫路市市川台1-7,食べログ 百名店: 2025 / カフェ WEST,https://tabelog.com/hyogo/A2805/A280501/28003539/,https://yoyaku.tabelog.com/yoyaku/tabelog_booking/send_remind/,https://www.google.com/maps/search/?api=1&query=%E3%82%AB%E3%83%95%E3%82%A7%E3%83%89%E3%83%A0%E3%83%83%E3%82%B7%E3%83%A5%20%E5%A7%AB%E8%B7%AF%E5%BA%97%20%E5%85%B5%E5%BA%AB%E7%9C%8C%E5%A7%AB%E8%B7%AF%E5%B8%82%E5%B8%82%E5%B7%9D%E5%8F%B01-7,34.8289602,134.7157706,2025,カフェ WEST,cafe_west,発表日：2025年7月8日
アンセム,兵庫県神戸市中央区海岸通2-3-7 グランディア海岸通 4F,食べログ 百名店: 2025 / カフェ WEST,https://tabelog.com/hyogo/A2801/A280102/28005049/,https://yoyaku.tabelog.com/yoyaku/tabelog_booking/send_remind/,https://www.google.com/maps/search/?api=1&query=%E3%82%A2%E3%83%B3%E3%82%BB%E3%83%A0%20%E5%85%B5%E5%BA%AB%E7%9C%8C%E7%A5%9E%E6%88%B8%E5%B8%82%E4%B8%AD%E5%A4%AE%E5%8C%BA%E6%B5%B7%E5%B2%B8%E9%80%9A2-3-7%20%E3%82%B0%E3%83%A9%E3%83%B3%E3%83%87%E3%82%A3%E3%82%A2%E6%B5%B7%E5%B2%B8%E9%80%9A%204F,34.6865715,135.1878892,2025,カフェ WEST,cafe_west,発表日：2025年7月8日
カヌレ,京都府京都市中京区河原町二条上ル清水町362 JOYビル 5F,食べログ 百名店: 2025 / カフェ WEST,https://tabelog.com/kyoto/A2601/A260202/26021545/,https://yoyaku.tabelog.com/yoyaku/tabelog_booking/send_remind/,https://www.google.com/maps/search/?api=1&query=%E3%82%AB%E3%83%8C%E3%83%AC%20%E4%BA%AC%E9%83%BD%E5%BA%9C%E4%BA%AC%E9%83%BD%E5%B8%82%E4%B8%AD%E4%BA%AC%E5%8C%BA%E6%B2%B3%E5%8E%9F%E7%94%BA%E4%BA%8C%E6%9D%A1%E4%B8%8A%E3%83%AB%E6%B8%85%E6%B0%B4%E7%94%BA362%20JOY%E3%83%93%E3%83%AB%205F,35.0133671,135.7687498,2025,カフェ WEST,cafe_west,発表日：2025年7月8日
カフェ・ドン バイ スフェラ,京都府京都市東山区弁財天町17 スフェラ・ビル OF,食べログ 百名店: 2025 / カフェ WEST,https://tabelog.com/kyoto/A2601/A260301/26001633/,https://yoyaku.tabelog.com/yoyaku/tabelog_booking/send_remind/,https://www.google.com/maps/search/?api=1&query=%E3%82%AB%E3%83%95%E3%82%A7%E3%83%BB%E3%83%89%E3%83%B3%20%E3%83%90%E3%82%A4%20%E3%82%B9%E3%83%95%E3%82%A7%E3%83%A9%20%E4%BA%AC%E9%83%BD%E5%BA%9C%E4%BA%AC%E9%83%BD%E5%B8%82%E6%9D%B1%E5%B1%B1%E5%8C%BA%E5%BC%81%E8%B2%A1%E5%A4%A9%E7%94%BA17%20%E3%82%B9%E3%83%95%E3%82%A7%E3%83%A9%E3%83%BB%E3%83%93%E3%83%AB%20OF,35.0059943,135.7726025,2025,カフェ WEST,cafe_west,発表日：2025年7月8日
SUGITORA,京都府京都市中京区中筋町488-15,食べログ 百名店: 2025 / カフェ WEST,https://tabelog.com/kyoto/A2601/A260201/26028747/,https://yoyaku.tabelog.com/yoyaku/tabelog_booking/send_remind/,https://www.google.com/maps/search/?api=1&query=SUGITORA%20%E4%BA%AC%E9%83%BD%E5%BA%9C%E4%BA%AC%E9%83%BD%E5%B8%82%E4%B8%AD%E4%BA%AC%E5%8C%BA%E4%B8%AD%E7%AD%8B%E7%94%BA488-15,35.0067791,135.7670313,2025,カフェ WEST,cafe_west,発表日：2025年7月8日
菓子・茶房 チェカ,京都府京都市左京区岡崎法勝寺町25番地,食べログ 百名店: 2025 / カフェ WEST,https://tabelog.com/kyoto/A2601/A260301/26016994/,https://yoyaku.tabelog.com/yoyaku/tabelog_booking/send_remind/,https://www.google.com/maps/search/?api=1&query=%E8%8F%93%E5%AD%90%E3%83%BB%E8%8C%B6%E6%88%BF%20%E3%83%81%E3%82%A7%E3%82%AB%20%E4%BA%AC%E9%83%BD%E5%BA%9C%E4%BA%AC%E9%83%BD%E5%B8%82%E5%B7%A6%E4%BA%AC%E5%8C%BA%E5%B2%A1%E5%B4%8E%E6%B3%95%E5%8B%9D%E5%AF%BA%E7%94%BA25%E7%95%AA%E5%9C%B0,35.0136450,135.7872706,2025,カフェ WEST,cafe_west,発表日：2025年7月8日
オソラカフェ,大阪府大阪市淀川区西中島3-18-8,食べログ 百名店: 2025 / カフェ WEST,https://tabelog.com/osaka/A2701/A270301/27092990/,https://yoyaku.tabelog.com/yoyaku/tabelog_booking/send_remind/,https://www.google.com/maps/search/?api=1&query=%E3%82%AA%E3%82%BD%E3%83%A9%E3%82%AB%E3%83%95%E3%82%A7%20%E5%A4%A7%E9%98%AA%E5%BA%9C%E5%A4%A7%E9%98%AA%E5%B8%82%E6%B7%80%E5%B7%9D%E5%8C%BA%E8%A5%BF%E4%B8%AD%E5%B3%B63-18-8,34.7263752,135.4990143,2025,カフェ WEST,cafe_west,発表日：2025年7月8日
ムレスナティーハウス 京都,京都府京都市中京区錦小路通烏丸西入占出山町315-3 日鴻ビル　１Ｆ,食べログ 百名店: 2025 / カフェ WEST,https://tabelog.com/kyoto/A2601/A260201/26000627/,https://yoyaku.tabelog.com/yoyaku/tabelog_booking/send_remind/,https://www.google.com/maps/search/?api=1&query=%E3%83%A0%E3%83%AC%E3%82%B9%E3%83%8A%E3%83%86%E3%82%A3%E3%83%BC%E3%83%8F%E3%82%A6%E3%82%B9%20%E4%BA%AC%E9%83%BD%20%E4%BA%AC%E9%83%BD%E5%BA%9C%E4%BA%AC%E9%83%BD%E5%B8%82%E4%B8%AD%E4%BA%AC%E5%8C%BA%E9%8C%A6%E5%B0%8F%E8%B7%AF%E9%80%9A%E7%83%8F%E4%B8%B8%E8%A5%BF%E5%85%A5%E5%8D%A0%E5%87%BA%E5%B1%B1%E7%94%BA315-3%20%E6%97%A5%E9%B4%BB%E3%83%93%E3%83%AB%E3%80%80%EF%BC%91%EF%BC%A6,35.0050162,135.7590578,2025,カフェ WEST,cafe_west,発表日：2025年7月8日
キャンベル・アーリー,福岡県福岡市博多区博多駅中央街1-1 JR博多シティ 9F,食べログ 百名店: 2025 / カフェ WEST,https://tabelog.com/fukuoka/A4001/A400101/40026335/,https://yoyaku.tabelog.com/yoyaku/tabelog_booking/send_remind/,https://www.google.com/maps/search/?api=1&query=%E3%82%AD%E3%83%A3%E3%83%B3%E3%83%99%E3%83%AB%E3%83%BB%E3%82%A2%E3%83%BC%E3%83%AA%E3%83%BC%20%E7%A6%8F%E5%B2%A1%E7%9C%8C%E7%A6%8F%E5%B2%A1%E5%B8%82%E5%8D%9A%E5%A4%9A%E5%8C%BA%E5%8D%9A%E5%A4%9A%E9%A7%85%E4%B8%AD%E5%A4%AE%E8%A1%971-1%20JR%E5%8D%9A%E5%A4%9A%E3%82%B7%E3%83%86%E3%82%A3%209F,33.5905411,130.4199432,2025,カフェ WEST,cafe_west,発表日：2025年7月8日
CLAMP COFFEE SARASA,京都府京都市中京区西ノ京職司町67-38 1F,食べログ 百名店: 2025 / カフェ WEST,https://tabelog.com/kyoto/A2601/A260203/26022889/,https://yoyaku.tabelog.com/yoyaku/tabelog_booking/send_remind/,https://www.google.com/maps/search/?api=1&query=CLAMP%20COFFEE%20SARASA%20%E4%BA%AC%E9%83%BD%E5%BA%9C%E4%BA%AC%E9%83%BD%E5%B8%82%E4%B8%AD%E4%BA%AC%E5%8C%BA%E8%A5%BF%E3%83%8E%E4%BA%AC%E8%81%B7%E5%8F%B8%E7%94%BA67-38%201F,35.0113582,135.7456724,2025,カフェ WEST,cafe_west,発表日：2025年7月8日
五十鈴川カフェ,三重県伊勢市宇治中之切町12 おかげ横丁内,食べログ 百名店: 2025 / カフェ WEST,https://tabelog.com/mie/A2403/A240301/24001919/,https://yoyaku.tabelog.com/yoyaku/tabelog_booking/send_remind/,https://www.google.com/maps/search/?api=1&query=%E4%BA%94%E5%8D%81%E9%88%B4%E5%B7%9D%E3%82%AB%E3%83%95%E3%82%A7%20%E4%B8%89%E9%87%8D%E7%9C%8C%E4%BC%8A%E5%8B%A2%E5%B8%82%E5%AE%87%E6%B2%BB%E4%B8%AD%E4%B9%8B%E5%88%87%E7%94%BA12%20%E3%81%8A%E3%81%8B%E3%81%92%E6%A8%AA%E4%B8%81%E5%86%85,34.4618944,136.7236800,2025,カフェ WEST,cafe_west,発表日：2025年7月8日
久連波,石川県金沢市東山1-24-3,食べログ 百名店: 2025 / カフェ WEST,https://tabelog.com/ishikawa/A1701/A170101/17000663/,https://yoyaku.tabelog.com/yoyaku/tabelog_booking/send_remind/,https://www.google.com/maps/search/?api=1&query=%E4%B9%85%E9%80%A3%E6%B3%A2%20%E7%9F%B3%E5%B7%9D%E7%9C%8C%E9%87%91%E6%B2%A2%E5%B8%82%E6%9D%B1%E5%B1%B11-24-3,36.5723784,136.6673857,2025,カフェ WEST,cafe_west,発表日：2025年7月8日
カフェ デ コラソン,京都府京都市上京区革堂町593-15,食べログ 百名店: 2025 / カフェ WEST,https://tabelog.com/kyoto/A2601/A260202/26022566/,https://yoyaku.tabelog.com/yoyaku/tabelog_booking/send_remind/,https://www.google.com/maps/search/?api=1&query=%E3%82%AB%E3%83%95%E3%82%A7%20%E3%83%87%20%E3%82%B3%E3%83%A9%E3%82%BD%E3%83%B3%20%E4%BA%AC%E9%83%BD%E5%BA%9C%E4%BA%AC%E9%83%BD%E5%B8%82%E4%B8%8A%E4%BA%AC%E5%8C%BA%E9%9D%A9%E5%A0%82%E7%94%BA593-15,35.0264802,135.7542705,2025,カフェ WEST,cafe_west,発表日：2025年7月8日
hannoc,大阪府大阪市北区万歳町4-12,食べログ 百名店: 2025 / カフェ WEST,https://tabelog.com/osaka/A2701/A270101/27121787/,https://yoyaku.tabelog.com/yoyaku/tabelog_booking/send_remind/,https://www.google.com/maps/search/?api=1&query=hannoc%20%E5%A4%A7%E9%98%AA%E5%BA%9C%E5%A4%A7%E9%98%AA%E5%B8%82%E5%8C%97%E5%8C%BA%E4%B8%87%E6%AD%B3%E7%94%BA4-12,34.7057296,135.5043217,2025,カフェ WEST,cafe_west,発表日：2025年7月8日
OGAWA COFFEE  京都駅店,京都府京都市下京区東塩小路町地下鉄京都駅 コトチカ京都,食べログ 百名店: 2025 / カフェ WEST,https://tabelog.com/kyoto/A2601/A260101/26021764/,https://yoyaku.tabelog.com/yoyaku/tabelog_booking/send_remind/,https://www.google.com/maps/search/?api=1&query=OGAWA%20COFFEE%20%20%E4%BA%AC%E9%83%BD%E9%A7%85%E5%BA%97%20%E4%BA%AC%E9%83%BD%E5%BA%9C%E4%BA%AC%E9%83%BD%E5%B8%82%E4%B8%8B%E4%BA%AC%E5%8C%BA%E6%9D%B1%E5%A1%A9%E5%B0%8F%E8%B7%AF%E7%94%BA%E5%9C%B0%E4%B8%8B%E9%89%84%E4%BA%AC%E9%83%BD%E9%A7%85%20%E3%82%B3%E3%83%88%E3%83%81%E3%82%AB%E4%BA%AC%E9%83%BD,34.9864092,135.7599984,2025,カフェ WEST,cafe_west,発表日：2025年7月8日
ブルー ファー ツリー,京都府京都市東山区大和大路通四条下ル大和町6-1 日宝モア祇園 1F,食べログ 百名店: 2025 / カフェ WEST,https://tabelog.com/kyoto/A2601/A260301/26005614/,https://yoyaku.tabelog.com/yoyaku/tabelog_booking/send_remind/,https://www.google.com/maps/search/?api=1&query=%E3%83%96%E3%83%AB%E3%83%BC%20%E3%83%95%E3%82%A1%E3%83%BC%20%E3%83%84%E3%83%AA%E3%83%BC%20%E4%BA%AC%E9%83%BD%E5%BA%9C%E4%BA%AC%E9%83%BD%E5%B8%82%E6%9D%B1%E5%B1%B1%E5%8C%BA%E5%A4%A7%E5%92%8C%E5%A4%A7%E8%B7%AF%E9%80%9A%E5%9B%9B%E6%9D%A1%E4%B8%8B%E3%83%AB%E5%A4%A7%E5%92%8C%E7%94%BA6-1%20%E6%97%A5%E5%AE%9D%E3%83%A2%E3%82%A2%E7%A5%87%E5%9C%92%201F,35.0032883,135.7731149,2025,カフェ WEST,cafe_west,発表日：2025年7月8日
カフェ ビブリオティック ハロー!,京都府京都市中京区二条通柳馬場東入ル晴明町650,食べログ 百名店: 2025 / カフェ WEST,https://tabelog.com/kyoto/A2601/A260202/26000120/,https://yoyaku.tabelog.com/yoyaku/tabelog_booking/send_remind/,https://www.google.com/maps/search/?api=1&query=%E3%82%AB%E3%83%95%E3%82%A7%20%E3%83%93%E3%83%96%E3%83%AA%E3%82%AA%E3%83%86%E3%82%A3%E3%83%83%E3%82%AF%20%E3%83%8F%E3%83%AD%E3%83%BC%21%20%E4%BA%AC%E9%83%BD%E5%BA%9C%E4%BA%AC%E9%83%BD%E5%B8%82%E4%B8%AD%E4%BA%AC%E5%8C%BA%E4%BA%8C%E6%9D%A1%E9%80%9A%E6%9F%B3%E9%A6%AC%E5%A0%B4%E6%9D%B1%E5%85%A5%E3%83%AB%E6%99%B4%E6%98%8E%E7%94%BA650,35.0137667,135.7641648,2025,カフェ WEST,cafe_west,発表日：2025年7月8日
丸久小山園 西洞院店,京都府京都市中京区西洞院御池下ル西側,食べログ 百名店: 2025 / カフェ WEST,https://tabelog.com/kyoto/A2601/A260202/26006904/,https://yoyaku.tabelog.com/yoyaku/tabelog_booking/send_remind/,https://www.google.com/maps/search/?api=1&query=%E4%B8%B8%E4%B9%85%E5%B0%8F%E5%B1%B1%E5%9C%92%20%E8%A5%BF%E6%B4%9E%E9%99%A2%E5%BA%97%20%E4%BA%AC%E9%83%BD%E5%BA%9C%E4%BA%AC%E9%83%BD%E5%B8%82%E4%B8%AD%E4%BA%AC%E5%8C%BA%E8%A5%BF%E6%B4%9E%E9%99%A2%E5%BE%A1%E6%B1%A0%E4%B8%8B%E3%83%AB%E8%A5%BF%E5%81%B4,35.0101500,135.7550578,2025,カフェ WEST,cafe_west,発表日：2025年7月8日
吉祥菓寮 祇園本店,京都府京都市東山区石橋町306,食べログ 百名店: 2025 / カフェ WEST,https://tabelog.com/kyoto/A2601/A260301/26025412/,https://yoyaku.tabelog.com/yoyaku/tabelog_booking/send_remind/,https://www.google.com/maps/search/?api=1&query=%E5%90%89%E7%A5%A5%E8%8F%93%E5%AF%AE%20%E7%A5%87%E5%9C%92%E6%9C%AC%E5%BA%97%20%E4%BA%AC%E9%83%BD%E5%BA%9C%E4%BA%AC%E9%83%BD%E5%B8%82%E6%9D%B1%E5%B1%B1%E5%8C%BA%E7%9F%B3%E6%A9%8B%E7%94%BA306,35.0067436,135.7780159,2025,カフェ WEST,cafe_west,発表日：2025年7月8日
カフェ 火裏蓮花,京都府京都市中京区柳馬場通姉小路上ル柳八幡町74-4,食べログ 百名店: 2025 / カフェ WEST,https://tabelog.com/kyoto/A2601/A260202/26004189/,https://yoyaku.tabelog.com/yoyaku/tabelog_booking/send_remind/,https://www.google.com/maps/search/?api=1&query=%E3%82%AB%E3%83%95%E3%82%A7%20%E7%81%AB%E8%A3%8F%E8%93%AE%E8%8A%B1%20%E4%BA%AC%E9%83%BD%E5%BA%9C%E4%BA%AC%E9%83%BD%E5%B8%82%E4%B8%AD%E4%BA%AC%E5%8C%BA%E6%9F%B3%E9%A6%AC%E5%A0%B4%E9%80%9A%E5%A7%89%E5%B0%8F%E8%B7%AF%E4%B8%8A%E3%83%AB%E6%9F%B3%E5%85%AB%E5%B9%A1%E7%94%BA74-4,35.0101551,135.7642817,2025,カフェ WEST,cafe_west,発表日：2025年7月8日
自由亭喫茶室,長崎県長崎市南山手町8-1 グラバー園内,食べログ 百名店: 2025 / カフェ WEST,https://tabelog.com/nagasaki/A4201/A420101/42000058/,https://yoyaku.tabelog.com/yoyaku/tabelog_booking/send_remind/,https://www.google.com/maps/search/?api=1&query=%E8%87%AA%E7%94%B1%E4%BA%AD%E5%96%AB%E8%8C%B6%E5%AE%A4%20%E9%95%B7%E5%B4%8E%E7%9C%8C%E9%95%B7%E5%B4%8E%E5%B8%82%E5%8D%97%E5%B1%B1%E6%89%8B%E7%94%BA8-1%20%E3%82%B0%E3%83%A9%E3%83%90%E3%83%BC%E5%9C%92%E5%86%85,32.7338144,129.8694212,2025,カフェ WEST,cafe_west,発表日：2025年7月8日
Cafe AMADEUS STORY,大阪府大阪市北区中之島3-6-32 ダイビル本館 1F,食べログ 百名店: 2025 / カフェ WEST,https://tabelog.com/osaka/A2701/A270108/27073953/,https://yoyaku.tabelog.com/yoyaku/tabelog_booking/send_remind/,https://www.google.com/maps/search/?api=1&query=Cafe%20AMADEUS%20STORY%20%E5%A4%A7%E9%98%AA%E5%BA%9C%E5%A4%A7%E9%98%AA%E5%B8%82%E5%8C%97%E5%8C%BA%E4%B8%AD%E4%B9%8B%E5%B3%B63-6-32%20%E3%83%80%E3%82%A4%E3%83%93%E3%83%AB%E6%9C%AC%E9%A4%A8%201F,34.6933154,135.4926539,2025,カフェ WEST,cafe_west,発表日：2025年7月8日
モンディアルカフェ328,大阪府大阪市西区北堀江1-6-16 フォレステージュ北堀江 1F,食べログ 百名店: 2025 / カフェ WEST,https://tabelog.com/osaka/A2701/A270201/27082472/,https://yoyaku.tabelog.com/yoyaku/tabelog_booking/send_remind/,https://www.google.com/maps/search/?api=1&query=%E3%83%A2%E3%83%B3%E3%83%87%E3%82%A3%E3%82%A2%E3%83%AB%E3%82%AB%E3%83%95%E3%82%A7328%20%E5%A4%A7%E9%98%AA%E5%BA%9C%E5%A4%A7%E9%98%AA%E5%B8%82%E8%A5%BF%E5%8C%BA%E5%8C%97%E5%A0%80%E6%B1%9F1-6-16%20%E3%83%95%E3%82%A9%E3%83%AC%E3%82%B9%E3%83%86%E3%83%BC%E3%82%B8%E3%83%A5%E5%8C%97%E5%A0%80%E6%B1%9F%201F,34.6742144,135.4960721,2025,カフェ WEST,cafe_west,発表日：2025年7月8日
ダマン リュミエール 高島屋大阪店,大阪府大阪市中央区難波5-1-5 大阪タカシマヤ 2F,食べログ 百名店: 2025 / カフェ WEST,https://tabelog.com/osaka/A2701/A270202/27055738/,https://yoyaku.tabelog.com/yoyaku/tabelog_booking/send_remind/,https://www.google.com/maps/search/?api=1&query=%E3%83%80%E3%83%9E%E3%83%B3%20%E3%83%AA%E3%83%A5%E3%83%9F%E3%82%A8%E3%83%BC%E3%83%AB%20%E9%AB%98%E5%B3%B6%E5%B1%8B%E5%A4%A7%E9%98%AA%E5%BA%97%20%E5%A4%A7%E9%98%AA%E5%BA%9C%E5%A4%A7%E9%98%AA%E5%B8%82%E4%B8%AD%E5%A4%AE%E5%8C%BA%E9%9B%A3%E6%B3%A25-1-5%20%E5%A4%A7%E9%98%AA%E3%82%BF%E3%82%AB%E3%82%B7%E3%83%9E%E3%83%A4%202F,34.6645188,135.5013207,2025,カフェ WEST,cafe_west,発表日：2025年7月8日
鳥の木珈琲,京都府京都市中京区夷川通東洞院東入る山中町542 モア御所南 1F,食べログ 百名店: 2025 / カフェ WEST,https://tabelog.com/kyoto/A2601/A260202/26023725/,https://yoyaku.tabelog.com/yoyaku/tabelog_booking/send_remind/,https://www.google.com/maps/search/?api=1&query=%E9%B3%A5%E3%81%AE%E6%9C%A8%E7%8F%88%E7%90%B2%20%E4%BA%AC%E9%83%BD%E5%BA%9C%E4%BA%AC%E9%83%BD%E5%B8%82%E4%B8%AD%E4%BA%AC%E5%8C%BA%E5%A4%B7%E5%B7%9D%E9%80%9A%E6%9D%B1%E6%B4%9E%E9%99%A2%E6%9D%B1%E5%85%A5%E3%82%8B%E5%B1%B1%E4%B8%AD%E7%94%BA542%20%E3%83%A2%E3%82%A2%E5%BE%A1%E6%89%80%E5%8D%97%201F,35.0149332,135.7613165,2025,カフェ WEST,cafe_west,発表日：2025年7月8日
タワニコ,大阪府大阪市中央区大手通2-2-9 サンマンション大手前,食べログ 百名店: 2025 / カフェ WEST,https://tabelog.com/osaka/A2701/A270104/27092778/,https://yoyaku.tabelog.com/yoyaku/tabelog_booking/send_remind/,https://www.google.com/maps/search/?api=1&query=%E3%82%BF%E3%83%AF%E3%83%8B%E3%82%B3%20%E5%A4%A7%E9%98%AA%E5%BA%9C%E5%A4%A7%E9%98%AA%E5%B8%82%E4%B8%AD%E5%A4%AE%E5%8C%BA%E5%A4%A7%E6%89%8B%E9%80%9A2-2-9%20%E3%82%B5%E3%83%B3%E3%83%9E%E3%83%B3%E3%82%B7%E3%83%A7%E3%83%B3%E5%A4%A7%E6%89%8B%E5%89%8D,34.6859158,135.5139717,2025,カフェ WEST,cafe_west,発表日：2025年7月8日
くるみの木 一条店,奈良県奈良市法蓮町567-1,食べログ 百名店: 2025 / カフェ WEST,https://tabelog.com/nara/A2901/A290101/29000212/,https://yoyaku.tabelog.com/yoyaku/tabelog_booking/send_remind/,https://www.google.com/maps/search/?api=1&query=%E3%81%8F%E3%82%8B%E3%81%BF%E3%81%AE%E6%9C%A8%20%E4%B8%80%E6%9D%A1%E5%BA%97%20%E5%A5%88%E8%89%AF%E7%9C%8C%E5%A5%88%E8%89%AF%E5%B8%82%E6%B3%95%E8%93%AE%E7%94%BA567-1,34.6919757,135.8140410,2025,カフェ WEST,cafe_west,発表日：2025年7月8日
カフェ フロインドリーブ 本店,兵庫県神戸市中央区生田町4-6-15 ２Ｆ,食べログ 百名店: 2025 / カフェ WEST,https://tabelog.com/hyogo/A2801/A280101/28000366/,https://yoyaku.tabelog.com/yoyaku/tabelog_booking/send_remind/,https://www.google.com/maps/search/?api=1&query=%E3%82%AB%E3%83%95%E3%82%A7%20%E3%83%95%E3%83%AD%E3%82%A4%E3%83%B3%E3%83%89%E3%83%AA%E3%83%BC%E3%83%96%20%E6%9C%AC%E5%BA%97%20%E5%85%B5%E5%BA%AB%E7%9C%8C%E7%A5%9E%E6%88%B8%E5%B8%82%E4%B8%AD%E5%A4%AE%E5%8C%BA%E7%94%9F%E7%94%B0%E7%94%BA4-6-15%20%EF%BC%92%EF%BC%A6,34.7007833,135.1950688,2025,カフェ WEST,cafe_west,発表日：2025年7月8日
tea room mahisa,兵庫県神戸市中央区下山手通2-1-12 エーコービル　Ｂ１Ｆ,食べログ 百名店: 2025 / カフェ WEST,https://tabelog.com/hyogo/A2801/A280101/28000747/,https://yoyaku.tabelog.com/yoyaku/tabelog_booking/send_remind/,https://www.google.com/maps/search/?api=1&query=tea%20room%20mahisa%20%E5%85%B5%E5%BA%AB%E7%9C%8C%E7%A5%9E%E6%88%B8%E5%B8%82%E4%B8%AD%E5%A4%AE%E5%8C%BA%E4%B8%8B%E5%B1%B1%E6%89%8B%E9%80%9A2-1-12%20%E3%82%A8%E3%83%BC%E3%82%B3%E3%83%BC%E3%83%93%E3%83%AB%E3%80%80%EF%BC%A2%EF%BC%91%EF%BC%A6,34.6929983,135.1907270,2025,カフェ WEST,cafe_west,発表日：2025年7月8日
デザートカフェ長楽館,京都府京都市東山区八坂鳥居前東入円山町604 長楽館,食べログ 百名店: 2025 / カフェ WEST,https://tabelog.com/kyoto/A2601/A260301/26006416/,https://yoyaku.tabelog.com/yoyaku/tabelog_booking/send_remind/,https://www.google.com/maps/search/?api=1&query=%E3%83%87%E3%82%B6%E3%83%BC%E3%83%88%E3%82%AB%E3%83%95%E3%82%A7%E9%95%B7%E6%A5%BD%E9%A4%A8%20%E4%BA%AC%E9%83%BD%E5%BA%9C%E4%BA%AC%E9%83%BD%E5%B8%82%E6%9D%B1%E5%B1%B1%E5%8C%BA%E5%85%AB%E5%9D%82%E9%B3%A5%E5%B1%85%E5%89%8D%E6%9D%B1%E5%85%A5%E5%86%86%E5%B1%B1%E7%94%BA604%20%E9%95%B7%E6%A5%BD%E9%A4%A8,35.0031035,135.7802718,2025,カフェ WEST,cafe_west,発表日：2025年7月8日
GOSPEL,京都府京都市左京区浄土寺上南田町36 2F,食べログ 百名店: 2025 / カフェ WEST,https://tabelog.com/kyoto/A2601/A260302/26000296/,https://yoyaku.tabelog.com/yoyaku/tabelog_booking/send_remind/,https://www.google.com/maps/search/?api=1&query=GOSPEL%20%E4%BA%AC%E9%83%BD%E5%BA%9C%E4%BA%AC%E9%83%BD%E5%B8%82%E5%B7%A6%E4%BA%AC%E5%8C%BA%E6%B5%84%E5%9C%9F%E5%AF%BA%E4%B8%8A%E5%8D%97%E7%94%B0%E7%94%BA36%202F,35.0255328,135.7949105,2025,カフェ WEST,cafe_west,発表日：2025年7月8日
ホワイトバード コーヒー スタンド,大阪府大阪市北区曽根崎2-1-12 国道ビル 102,食べログ 百名店: 2025 / カフェ WEST,https://tabelog.com/osaka/A2701/A270101/27082635/,https://yoyaku.tabelog.com/yoyaku/tabelog_booking/send_remind/,https://www.google.com/maps/search/?api=1&query=%E3%83%9B%E3%83%AF%E3%82%A4%E3%83%88%E3%83%90%E3%83%BC%E3%83%89%20%E3%82%B3%E3%83%BC%E3%83%92%E3%83%BC%20%E3%82%B9%E3%82%BF%E3%83%B3%E3%83%89%20%E5%A4%A7%E9%98%AA%E5%BA%9C%E5%A4%A7%E9%98%AA%E5%B8%82%E5%8C%97%E5%8C%BA%E6%9B%BD%E6%A0%B9%E5%B4%8E2-1-12%20%E5%9B%BD%E9%81%93%E3%83%93%E3%83%AB%20102,34.6984146,135.5017624,2025,カフェ WEST,cafe_west,発表日：2025年7月8日
Année,京都府京都市中京区姉小路室町西入ル突抜町139 プリモフィオーレ 1F,食べログ 百名店: 2025 / カフェ WEST,https://tabelog.com/kyoto/A2601/A260202/26024070/,https://yoyaku.tabelog.com/yoyaku/tabelog_booking/send_remind/,https://www.google.com/maps/search/?api=1&query=Ann%C3%A9e%20%E4%BA%AC%E9%83%BD%E5%BA%9C%E4%BA%AC%E9%83%BD%E5%B8%82%E4%B8%AD%E4%BA%AC%E5%8C%BA%E5%A7%89%E5%B0%8F%E8%B7%AF%E5%AE%A4%E7%94%BA%E8%A5%BF%E5%85%A5%E3%83%AB%E7%AA%81%E6%8A%9C%E7%94%BA139%20%E3%83%97%E3%83%AA%E3%83%A2%E3%83%95%E3%82%A3%E3%82%AA%E3%83%BC%E3%83%AC%201F,35.0097812,135.7576498,2025,カフェ WEST,cafe_west,発表日：2025年7月8日
グラン カフェ,大阪府大阪市北区梅田2-2-2 ヒルトンプラザウエスト 6Ｆ,食べログ 百名店: 2025 / カフェ WEST,https://tabelog.com/osaka/A2701/A270101/27007876/,https://tabelog.com/osaka/A2701/A270101/27007876/?cid=google_yoyaku,https://www.google.com/maps/search/?api=1&query=%E3%82%B0%E3%83%A9%E3%83%B3%20%E3%82%AB%E3%83%95%E3%82%A7%20%E5%A4%A7%E9%98%AA%E5%BA%9C%E5%A4%A7%E9%98%AA%E5%B8%82%E5%8C%97%E5%8C%BA%E6%A2%85%E7%94%B02-2-2%20%E3%83%92%E3%83%AB%E3%83%88%E3%83%B3%E3%83%97%E3%83%A9%E3%82%B6%E3%82%A6%E3%82%A8%E3%82%B9%E3%83%88%206%EF%BC%A6,34.6998803,135.4951942,2025,カフェ WEST,cafe_west,発表日：2025年7月8日
松之助 京都本店,京都府京都市中京区高倉御池下ル亀甲屋町605,食べログ 百名店: 2025 / カフェ WEST,https://tabelog.com/kyoto/A2601/A260202/26000068/,https://yoyaku.tabelog.com/yoyaku/tabelog_booking/send_remind/,https://www.google.com/maps/search/?api=1&query=%E6%9D%BE%E4%B9%8B%E5%8A%A9%20%E4%BA%AC%E9%83%BD%E6%9C%AC%E5%BA%97%20%E4%BA%AC%E9%83%BD%E5%BA%9C%E4%BA%AC%E9%83%BD%E5%B8%82%E4%B8%AD%E4%BA%AC%E5%8C%BA%E9%AB%98%E5%80%89%E5%BE%A1%E6%B1%A0%E4%B8%8B%E3%83%AB%E4%BA%80%E7%94%B2%E5%B1%8B%E7%94%BA605,35.0101851,135.7625159,2025,カフェ WEST,cafe_west,発表日：2025年7月8日
Kew,京都府京都市右京区竜安寺五反田町15,食べログ 百名店: 2025 / カフェ WEST,https://tabelog.com/kyoto/A2601/A260402/26032124/,https://yoyaku.tabelog.com/yoyaku/tabelog_booking/send_remind/,https://www.google.com/maps/search/?api=1&query=Kew%20%E4%BA%AC%E9%83%BD%E5%BA%9C%E4%BA%AC%E9%83%BD%E5%B8%82%E5%8F%B3%E4%BA%AC%E5%8C%BA%E7%AB%9C%E5%AE%89%E5%AF%BA%E4%BA%94%E5%8F%8D%E7%94%B0%E7%94%BA15,35.0291044,135.7206716,2025,カフェ WEST,cafe_west,発表日：2025年7月8日
カフェ バーンホーフ,大阪府大阪市福島区吉野1-14-8,食べログ 百名店: 2025 / カフェ WEST,https://tabelog.com/osaka/A2701/A270108/27002691/,https://yoyaku.tabelog.com/yoyaku/tabelog_booking/send_remind/,https://www.google.com/maps/search/?api=1&query=%E3%82%AB%E3%83%95%E3%82%A7%20%E3%83%90%E3%83%BC%E3%83%B3%E3%83%9B%E3%83%BC%E3%83%95%20%E5%A4%A7%E9%98%AA%E5%BA%9C%E5%A4%A7%E9%98%AA%E5%B8%82%E7%A6%8F%E5%B3%B6%E5%8C%BA%E5%90%89%E9%87%8E1-14-8,34.6914019,135.4781492,2025,カフェ WEST,cafe_west,発表日：2025年7月8日
ザ ロビーラウンジ,大阪府大阪市北区梅田2-5-25 ザ・リッツ・カールトン大阪 1F,食べログ 百名店: 2025 / カフェ WEST,https://tabelog.com/osaka/A2701/A270101/27000698/,https://yoyaku.tabelog.com/yoyaku/tabelog_booking/send_remind/,https://www.google.com/maps/search/?api=1&query=%E3%82%B6%20%E3%83%AD%E3%83%93%E3%83%BC%E3%83%A9%E3%82%A6%E3%83%B3%E3%82%B8%20%E5%A4%A7%E9%98%AA%E5%BA%9C%E5%A4%A7%E9%98%AA%E5%B8%82%E5%8C%97%E5%8C%BA%E6%A2%85%E7%94%B02-5-25%20%E3%82%B6%E3%83%BB%E3%83%AA%E3%83%83%E3%83%84%E3%83%BB%E3%82%AB%E3%83%BC%E3%83%AB%E3%83%88%E3%83%B3%E5%A4%A7%E9%98%AA%201F,34.6981683,135.4922541,2025,カフェ WEST,cafe_west,発表日：2025年7月8日
ロンドンティールーム 堂島本店,大阪府大阪市北区曽根崎新地2-1-23 JPRビル B1F,食べログ 百名店: 2025 / カフェ WEST,https://tabelog.com/osaka/A2701/A270101/27002171/,https://yoyaku.tabelog.com/yoyaku/tabelog_booking/send_remind/,https://www.google.com/maps/search/?api=1&query=%E3%83%AD%E3%83%B3%E3%83%89%E3%83%B3%E3%83%86%E3%82%A3%E3%83%BC%E3%83%AB%E3%83%BC%E3%83%A0%20%E5%A0%82%E5%B3%B6%E6%9C%AC%E5%BA%97%20%E5%A4%A7%E9%98%AA%E5%BA%9C%E5%A4%A7%E9%98%AA%E5%B8%82%E5%8C%97%E5%8C%BA%E6%9B%BD%E6%A0%B9%E5%B4%8E%E6%96%B0%E5%9C%B02-1-23%20JPR%E3%83%93%E3%83%AB%20B1F,34.6976120,135.4952969,2025,カフェ WEST,cafe_west,発表日：2025年7月8日
然花抄院 京都室町本店,京都府京都市中京区室町通二条下ル蛸薬師町271-1,食べログ 百名店: 2025 / カフェ WEST,https://tabelog.com/kyoto/A2601/A260202/26013765/,https://yoyaku.tabelog.com/yoyaku/tabelog_booking/send_remind/,https://www.google.com/maps/search/?api=1&query=%E7%84%B6%E8%8A%B1%E6%8A%84%E9%99%A2%20%E4%BA%AC%E9%83%BD%E5%AE%A4%E7%94%BA%E6%9C%AC%E5%BA%97%20%E4%BA%AC%E9%83%BD%E5%BA%9C%E4%BA%AC%E9%83%BD%E5%B8%82%E4%B8%AD%E4%BA%AC%E5%8C%BA%E5%AE%A4%E7%94%BA%E9%80%9A%E4%BA%8C%E6%9D%A1%E4%B8%8B%E3%83%AB%E8%9B%B8%E8%96%AC%E5%B8%AB%E7%94%BA271-1,35.0132022,135.7580270,2025,カフェ WEST,cafe_west,発表日：2025年7月8日
エスリビングハナレ,兵庫県三田市ゆりのき台5-31-5 SANDA WOODY TOWN内　musee,食べログ 百名店: 2025 / カフェ WEST,https://tabelog.com/hyogo/A2807/A280703/28014945/,https://yoyaku.tabelog.com/yoyaku/tabelog_booking/send_remind/,https://www.google.com/maps/search/?api=1&query=%E3%82%A8%E3%82%B9%E3%83%AA%E3%83%93%E3%83%B3%E3%82%B0%E3%83%8F%E3%83%8A%E3%83%AC%20%E5%85%B5%E5%BA%AB%E7%9C%8C%E4%B8%89%E7%94%B0%E5%B8%82%E3%82%86%E3%82%8A%E3%81%AE%E3%81%8D%E5%8F%B05-31-5%20SANDA%20WOODY%20TOWN%E5%86%85%E3%80%80musee,34.9177647,135.1824896,2025,カフェ WEST,cafe_west,発表日：2025年7月8日
カフェ・ヴェルディ,京都府京都市左京区下鴨芝本町49-24 アディー下鴨１Ｆ,食べログ 百名店: 2025 / カフェ WEST,https://tabelog.com/kyoto/A2601/A260503/26003964/,https://yoyaku.tabelog.com/yoyaku/tabelog_booking/send_remind/,https://www.google.com/maps/search/?api=1&query=%E3%82%AB%E3%83%95%E3%82%A7%E3%83%BB%E3%83%B4%E3%82%A7%E3%83%AB%E3%83%87%E3%82%A3%20%E4%BA%AC%E9%83%BD%E5%BA%9C%E4%BA%AC%E9%83%BD%E5%B8%82%E5%B7%A6%E4%BA%AC%E5%8C%BA%E4%B8%8B%E9%B4%A8%E8%8A%9D%E6%9C%AC%E7%94%BA49-24%20%E3%82%A2%E3%83%87%E3%82%A3%E3%83%BC%E4%B8%8B%E9%B4%A8%EF%BC%91%EF%BC%A6,35.0424521,135.7706833,2025,カフェ WEST,cafe_west,発表日：2025年7月8日
町家喫茶 三宅商店,岡山県倉敷市本町3-11,食べログ 百名店: 2025 / カフェ WEST,https://tabelog.com/okayama/A3302/A330201/33000295/,https://yoyaku.tabelog.com/yoyaku/tabelog_booking/send_remind/,https://www.google.com/maps/search/?api=1&query=%E7%94%BA%E5%AE%B6%E5%96%AB%E8%8C%B6%20%E4%B8%89%E5%AE%85%E5%95%86%E5%BA%97%20%E5%B2%A1%E5%B1%B1%E7%9C%8C%E5%80%89%E6%95%B7%E5%B8%82%E6%9C%AC%E7%94%BA3-11,34.5963600,133.7722778,2025,カフェ WEST,cafe_west,発表日：2025年7月8日
ル シミキ,兵庫県神戸市中央区北長狭通7-1-27 ナカハラマンション 2F,食べログ 百名店: 2025 / カフェ WEST,https://tabelog.com/hyogo/A2801/A280102/28054879/,https://yoyaku.tabelog.com/yoyaku/tabelog_booking/send_remind/,https://www.google.com/maps/search/?api=1&query=%E3%83%AB%20%E3%82%B7%E3%83%9F%E3%82%AD%20%E5%85%B5%E5%BA%AB%E7%9C%8C%E7%A5%9E%E6%88%B8%E5%B8%82%E4%B8%AD%E5%A4%AE%E5%8C%BA%E5%8C%97%E9%95%B7%E7%8B%AD%E9%80%9A7-1-27%20%E3%83%8A%E3%82%AB%E3%83%8F%E3%83%A9%E3%83%9E%E3%83%B3%E3%82%B7%E3%83%A7%E3%83%B3%202F,34.6857429,135.1804695,2025,カフェ WEST,cafe_west,発表日：2025年7月8日
I’m donut? 福岡店,福岡県福岡市中央区渡辺通5-24-30 東カン福岡第一ビル 1F,食べログ 百名店: 2025 / カフェ WEST,https://tabelog.com/fukuoka/A4001/A400103/40062177/,https://yoyaku.tabelog.com/yoyaku/tabelog_booking/send_remind/,https://www.google.com/maps/search/?api=1&query=I%E2%80%99m%20donut%3F%20%E7%A6%8F%E5%B2%A1%E5%BA%97%20%E7%A6%8F%E5%B2%A1%E7%9C%8C%E7%A6%8F%E5%B2%A1%E5%B8%82%E4%B8%AD%E5%A4%AE%E5%8C%BA%E6%B8%A1%E8%BE%BA%E9%80%9A5-24-30%20%E6%9D%B1%E3%82%AB%E3%83%B3%E7%A6%8F%E5%B2%A1%E7%AC%AC%E4%B8%80%E3%83%93%E3%83%AB%201F,33.5882125,130.4024117,2025,カフェ WEST,cafe_west,発表日：2025年7月8日
Cafe 婆沙羅 かえる堂,大阪府大阪市西区北堀江2-2-24 PRADIPA 1F,食べログ 百名店: 2025 / カフェ WEST,https://tabelog.com/osaka/A2701/A270201/27003907/,https://yoyaku.tabelog.com/yoyaku/tabelog_booking/send_remind/,https://www.google.com/maps/search/?api=1&query=Cafe%20%E5%A9%86%E6%B2%99%E7%BE%85%20%E3%81%8B%E3%81%88%E3%82%8B%E5%A0%82%20%E5%A4%A7%E9%98%AA%E5%BA%9C%E5%A4%A7%E9%98%AA%E5%B8%82%E8%A5%BF%E5%8C%BA%E5%8C%97%E5%A0%80%E6%B1%9F2-2-24%20PRADIPA%201F,34.6749549,135.4927464,2025,カフェ WEST,cafe_west,発表日：2025年7月8日
カナカナ,奈良県奈良市公納堂町13,食べログ 百名店: 2025 / カフェ WEST,https://tabelog.com/nara/A2901/A290101/29000615/,https://yoyaku.tabelog.com/yoyaku/tabelog_booking/send_remind/,https://www.google.com/maps/search/?api=1&query=%E3%82%AB%E3%83%8A%E3%82%AB%E3%83%8A%20%E5%A5%88%E8%89%AF%E7%9C%8C%E5%A5%88%E8%89%AF%E5%B8%82%E5%85%AC%E7%B4%8D%E5%A0%82%E7%94%BA13,34.6773416,135.8332289,2025,カフェ WEST,cafe_west,発表日：2025年7月8日
清水一芳園カフェ 京都本店,京都府京都市東山区本瓦町665,食べログ 百名店: 2025 / カフェ WEST,https://tabelog.com/kyoto/A2601/A260304/26019984/,https://yoyaku.tabelog.com/yoyaku/tabelog_booking/send_remind/,https://www.google.com/maps/search/?api=1&query=%E6%B8%85%E6%B0%B4%E4%B8%80%E8%8A%B3%E5%9C%92%E3%82%AB%E3%83%95%E3%82%A7%20%E4%BA%AC%E9%83%BD%E6%9C%AC%E5%BA%97%20%E4%BA%AC%E9%83%BD%E5%BA%9C%E4%BA%AC%E9%83%BD%E5%B8%82%E6%9D%B1%E5%B1%B1%E5%8C%BA%E6%9C%AC%E7%93%A6%E7%94%BA665,34.9869651,135.7739873,2025,カフェ WEST,cafe_west,発表日：2025年7月8日
koe donuts 京都店,京都府京都市中京区新京極四条上ル中之町557 京都松竹第3ビル 1F,食べログ 百名店: 2025 / カフェ WEST,https://tabelog.com/kyoto/A2601/A260201/26032035/,https://yoyaku.tabelog.com/yoyaku/tabelog_booking/send_remind/,https://www.google.com/maps/search/?api=1&query=koe%20donuts%20%E4%BA%AC%E9%83%BD%E5%BA%97%20%E4%BA%AC%E9%83%BD%E5%BA%9C%E4%BA%AC%E9%83%BD%E5%B8%82%E4%B8%AD%E4%BA%AC%E5%8C%BA%E6%96%B0%E4%BA%AC%E6%A5%B5%E5%9B%9B%E6%9D%A1%E4%B8%8A%E3%83%AB%E4%B8%AD%E4%B9%8B%E7%94%BA557%20%E4%BA%AC%E9%83%BD%E6%9D%BE%E7%AB%B9%E7%AC%AC3%E3%83%93%E3%83%AB%201F,35.0042464,135.7672857,2025,カフェ WEST,cafe_west,発表日：2025年7月8日
カカオティエゴカン 高麗橋本店,大阪府大阪市中央区高麗橋2-6-9 1F,食べログ 百名店: 2025 / カフェ WEST,https://tabelog.com/osaka/A2701/A270102/27089982/,https://yoyaku.tabelog.com/yoyaku/tabelog_booking/send_remind/,https://www.google.com/maps/search/?api=1&query=%E3%82%AB%E3%82%AB%E3%82%AA%E3%83%86%E3%82%A3%E3%82%A8%E3%82%B4%E3%82%AB%E3%83%B3%20%E9%AB%98%E9%BA%97%E6%A9%8B%E6%9C%AC%E5%BA%97%20%E5%A4%A7%E9%98%AA%E5%BA%9C%E5%A4%A7%E9%98%AA%E5%B8%82%E4%B8%AD%E5%A4%AE%E5%8C%BA%E9%AB%98%E9%BA%97%E6%A9%8B2-6-9%201F,34.6897021,135.5042712,2025,カフェ WEST,cafe_west,発表日：2025年7月8日
フクナガ901,京都府京都市下京区烏丸通塩小路下る東塩小路901 京都駅ビル内 8F,食べログ 百名店: 2025 / カフェ WEST,https://tabelog.com/kyoto/A2601/A260101/26030973/,https://yoyaku.tabelog.com/yoyaku/tabelog_booking/send_remind/,https://www.google.com/maps/search/?api=1&query=%E3%83%95%E3%82%AF%E3%83%8A%E3%82%AC901%20%E4%BA%AC%E9%83%BD%E5%BA%9C%E4%BA%AC%E9%83%BD%E5%B8%82%E4%B8%8B%E4%BA%AC%E5%8C%BA%E7%83%8F%E4%B8%B8%E9%80%9A%E5%A1%A9%E5%B0%8F%E8%B7%AF%E4%B8%8B%E3%82%8B%E6%9D%B1%E5%A1%A9%E5%B0%8F%E8%B7%AF901%20%E4%BA%AC%E9%83%BD%E9%A7%85%E3%83%93%E3%83%AB%E5%86%85%208F,34.9857713,135.7578440,2025,カフェ WEST,cafe_west,発表日：2025年7月8日
ボニーズベイクショップ,大阪府大阪市中央区大手通2-1-1,食べログ 百名店: 2025 / カフェ WEST,https://tabelog.com/osaka/A2701/A270104/27074351/,https://yoyaku.tabelog.com/yoyaku/tabelog_booking/send_remind/,https://www.google.com/maps/search/?api=1&query=%E3%83%9C%E3%83%8B%E3%83%BC%E3%82%BA%E3%83%99%E3%82%A4%E3%82%AF%E3%82%B7%E3%83%A7%E3%83%83%E3%83%97%20%E5%A4%A7%E9%98%AA%E5%BA%9C%E5%A4%A7%E9%98%AA%E5%B8%82%E4%B8%AD%E5%A4%AE%E5%8C%BA%E5%A4%A7%E6%89%8B%E9%80%9A2-1-1,34.6861399,135.5144571,2025,カフェ WEST,cafe_west,発表日：2025年7月8日
オクシモロン 北浜,大阪府大阪市中央区北浜1-1-22,食べログ 百名店: 2025 / カフェ WEST,https://tabelog.com/osaka/A2701/A270102/27101191/,https://yoyaku.tabelog.com/yoyaku/tabelog_booking/send_remind/,https://www.google.com/maps/search/?api=1&query=%E3%82%AA%E3%82%AF%E3%82%B7%E3%83%A2%E3%83%AD%E3%83%B3%20%E5%8C%97%E6%B5%9C%20%E5%A4%A7%E9%98%AA%E5%BA%9C%E5%A4%A7%E9%98%AA%E5%B8%82%E4%B8%AD%E5%A4%AE%E5%8C%BA%E5%8C%97%E6%B5%9C1-1-22,34.6916382,135.5078077,2025,カフェ WEST,cafe_west,発表日：2025年7月8日
