Name,Address,Description,Website,Tabelog Reservation URL,Google Maps URL,Latitude,Longitude,Year,Genre,Genre Slug,Release Date
ラッキーピエロ 函館駅前店,北海道函館市若松町17-12 函館駅前棒二森屋本館 1F,食べログ 百名店: 2017 / ハンバーガー,https://tabelog.com/tokyo/A1303/A130302/1000771/,,https://www.google.com/maps/search/?api=1&query=%E3%83%A9%E3%83%83%E3%82%AD%E3%83%BC%E3%83%94%E3%82%A8%E3%83%AD%20%E5%87%BD%E9%A4%A8%E9%A7%85%E5%89%8D%E5%BA%97%20%E5%8C%97%E6%B5%B7%E9%81%93%E5%87%BD%E9%A4%A8%E5%B8%82%E8%8B%A5%E6%9D%BE%E7%94%BA17-12%20%E5%87%BD%E9%A4%A8%E9%A7%85%E5%89%8D%E6%A3%92%E4%BA%8C%E6%A3%AE%E5%B1%8B%E6%9C%AC%E9%A4%A8%201F,41.7716770,140.7289790,2017,ハンバーガー,hamburger,
ラッキーピエロ ベイエリア本店,北海道函館市末広町23-18,食べログ 百名店: 2017 / ハンバーガー,https://tabelog.com/tokyo/A1303/A130302/1000019/,,https://www.google.com/maps/search/?api=1&query=%E3%83%A9%E3%83%83%E3%82%AD%E3%83%BC%E3%83%94%E3%82%A8%E3%83%AD%20%E3%83%99%E3%82%A4%E3%82%A8%E3%83%AA%E3%82%A2%E6%9C%AC%E5%BA%97%20%E5%8C%97%E6%B5%B7%E9%81%93%E5%87%BD%E9%A4%A8%E5%B8%82%E6%9C%AB%E5%BA%83%E7%94%BA23-18,41.7657640,140.7149416,2017,ハンバーガー,hamburger,
ピッツェリア パドリーノ・デル・ショーザン,宮城県仙台市青葉区上杉2-1-50 勝山館 1F,食べログ 百名店: 2017 / ピザ,https://tabelog.com/tokyo/A1303/A130302/4014362/,,https://www.google.com/maps/search/?api=1&query=%E3%83%94%E3%83%83%E3%83%84%E3%82%A7%E3%83%AA%E3%82%A2%20%E3%83%91%E3%83%89%E3%83%AA%E3%83%BC%E3%83%8E%E3%83%BB%E3%83%87%E3%83%AB%E3%83%BB%E3%82%B7%E3%83%A7%E3%83%BC%E3%82%B6%E3%83%B3%20%E5%AE%AE%E5%9F%8E%E7%9C%8C%E4%BB%99%E5%8F%B0%E5%B8%82%E9%9D%92%E8%91%89%E5%8C%BA%E4%B8%8A%E6%9D%892-1-50%20%E5%8B%9D%E5%B1%B1%E9%A4%A8%201F,38.2739580,140.8729061,2017,ピザ,pizza,
ピッツェリア ダ マッシモ,北海道札幌市白石区川下2条5丁目2-8,食べログ 百名店: 2017 / ピザ,https://tabelog.com/tokyo/A1303/A130302/1031158/,,https://www.google.com/maps/search/?api=1&query=%E3%83%94%E3%83%83%E3%83%84%E3%82%A7%E3%83%AA%E3%82%A2%20%E3%83%80%20%E3%83%9E%E3%83%83%E3%82%B7%E3%83%A2%20%E5%8C%97%E6%B5%B7%E9%81%93%E6%9C%AD%E5%B9%8C%E5%B8%82%E7%99%BD%E7%9F%B3%E5%8C%BA%E5%B7%9D%E4%B8%8B2%E6%9D%A15%E4%B8%81%E7%9B%AE2-8,43.0482084,141.4463669,2017,ピザ,pizza,
ピッツェリア トラットリア マーレルナ,青森県青森市桂木4-3-9,食べログ 百名店: 2017 / ピザ,https://tabelog.com/tokyo/A1303/A130302/2000051/,,https://www.google.com/maps/search/?api=1&query=%E3%83%94%E3%83%83%E3%83%84%E3%82%A7%E3%83%AA%E3%82%A2%20%E3%83%88%E3%83%A9%E3%83%83%E3%83%88%E3%83%AA%E3%82%A2%20%E3%83%9E%E3%83%BC%E3%83%AC%E3%83%AB%E3%83%8A%20%E9%9D%92%E6%A3%AE%E7%9C%8C%E9%9D%92%E6%A3%AE%E5%B8%82%E6%A1%82%E6%9C%A84-3-9,40.8101203,140.7522115,2017,ピザ,pizza,
中華そば処 琴平荘,山形県鶴岡市三瀬己381-46 旅館琴平荘,食べログ 百名店: 2017 | 2018 / ラーメン 百名店 EAST 2017 | ラーメン 百名店 EAST 2018,https://tabelog.com/tokyo/A1303/A130302/6000573/,,https://www.google.com/maps/search/?api=1&query=%E4%B8%AD%E8%8F%AF%E3%81%9D%E3%81%B0%E5%87%A6%20%E7%90%B4%E5%B9%B3%E8%8D%98%20%E5%B1%B1%E5%BD%A2%E7%9C%8C%E9%B6%B4%E5%B2%A1%E5%B8%82%E4%B8%89%E7%80%AC%E5%B7%B1381-46%20%E6%97%85%E9%A4%A8%E7%90%B4%E5%B9%B3%E8%8D%98,38.7062248,139.6620644,2017 | 2018,ラーメン 百名店 EAST 2017 | ラーメン 百名店 EAST 2018,ramen_east,
赤湯ラーメン 龍上海 赤湯本店,山形県南陽市二色根6-18,食べログ 百名店: 2017 | 2018 / ラーメン 百名店 EAST 2017 | ラーメン 百名店 EAST 2018,https://tabelog.com/tokyo/A1303/A130302/6000028/,,https://www.google.com/maps/search/?api=1&query=%E8%B5%A4%E6%B9%AF%E3%83%A9%E3%83%BC%E3%83%A1%E3%83%B3%20%E9%BE%8D%E4%B8%8A%E6%B5%B7%20%E8%B5%A4%E6%B9%AF%E6%9C%AC%E5%BA%97%20%E5%B1%B1%E5%BD%A2%E7%9C%8C%E5%8D%97%E9%99%BD%E5%B8%82%E4%BA%8C%E8%89%B2%E6%A0%B96-18,38.0503911,140.1632214,2017 | 2018,ラーメン 百名店 EAST 2017 | ラーメン 百名店 EAST 2018,ramen_east,
175°DENO担担麺 本店,北海道札幌市中央区南1条西6-20 KYビル 1Ｆ,食べログ 百名店: 2017 | 2018 / ラーメン 百名店 EAST 2017 | ラーメン 百名店 EAST 2018,https://tabelog.com/tokyo/A1303/A130302/1041806/,,https://www.google.com/maps/search/?api=1&query=175%C2%B0DENO%E6%8B%85%E6%8B%85%E9%BA%BA%20%E6%9C%AC%E5%BA%97%20%E5%8C%97%E6%B5%B7%E9%81%93%E6%9C%AD%E5%B9%8C%E5%B8%82%E4%B8%AD%E5%A4%AE%E5%8C%BA%E5%8D%971%E6%9D%A1%E8%A5%BF6-20%20KY%E3%83%93%E3%83%AB%201%EF%BC%A6,43.0589009,141.3479528,2017 | 2018,ラーメン 百名店 EAST 2017 | ラーメン 百名店 EAST 2018,ramen_east,
MEN-EIJI HIRAGISHI BASE,北海道札幌市豊平区平岸2条11丁目1-12,食べログ 百名店: 2017 | 2018 / ラーメン 百名店 EAST 2017 | ラーメン 百名店 EAST 2018,https://tabelog.com/tokyo/A1303/A130302/1034678/,,https://www.google.com/maps/search/?api=1&query=MEN-EIJI%20HIRAGISHI%20BASE%20%E5%8C%97%E6%B5%B7%E9%81%93%E6%9C%AD%E5%B9%8C%E5%B8%82%E8%B1%8A%E5%B9%B3%E5%8C%BA%E5%B9%B3%E5%B2%B82%E6%9D%A111%E4%B8%81%E7%9B%AE1-12,43.0294053,141.3663171,2017 | 2018,ラーメン 百名店 EAST 2017 | ラーメン 百名店 EAST 2018,ramen_east,
麺や 麗,北海道千歳市高台4丁目2-10,食べログ 百名店: 2017 | 2018 / ラーメン 百名店 EAST 2017 | ラーメン 百名店 EAST 2018,https://tabelog.com/tokyo/A1303/A130302/1026411/,,https://www.google.com/maps/search/?api=1&query=%E9%BA%BA%E3%82%84%20%E9%BA%97%20%E5%8C%97%E6%B5%B7%E9%81%93%E5%8D%83%E6%AD%B3%E5%B8%82%E9%AB%98%E5%8F%B04%E4%B8%81%E7%9B%AE2-10,42.8369067,141.6524824,2017 | 2018,ラーメン 百名店 EAST 2017 | ラーメン 百名店 EAST 2018,ramen_east,
麺屋 高橋,北海道札幌市豊平区月寒東1条19-2-72 伸光ビル 1F,食べログ 百名店: 2017 | 2018 / ラーメン 百名店 EAST 2017 | ラーメン 百名店 EAST 2018,https://tabelog.com/tokyo/A1303/A130302/1009886/,,https://www.google.com/maps/search/?api=1&query=%E9%BA%BA%E5%B1%8B%20%E9%AB%98%E6%A9%8B%20%E5%8C%97%E6%B5%B7%E9%81%93%E6%9C%AD%E5%B9%8C%E5%B8%82%E8%B1%8A%E5%B9%B3%E5%8C%BA%E6%9C%88%E5%AF%92%E6%9D%B11%E6%9D%A119-2-72%20%E4%BC%B8%E5%85%89%E3%83%93%E3%83%AB%201F,43.0121486,141.4202634,2017 | 2018,ラーメン 百名店 EAST 2017 | ラーメン 百名店 EAST 2018,ramen_east,
仙台中華そば 銘店嘉一 国分町店,宮城県仙台市青葉区国分町3-8-12,食べログ 百名店: 2017 | 2018 / ラーメン 百名店 EAST 2017 | ラーメン 百名店 EAST 2018,https://tabelog.com/tokyo/A1303/A130302/4009075/,,https://www.google.com/maps/search/?api=1&query=%E4%BB%99%E5%8F%B0%E4%B8%AD%E8%8F%AF%E3%81%9D%E3%81%B0%20%E9%8A%98%E5%BA%97%E5%98%89%E4%B8%80%20%E5%9B%BD%E5%88%86%E7%94%BA%E5%BA%97%20%E5%AE%AE%E5%9F%8E%E7%9C%8C%E4%BB%99%E5%8F%B0%E5%B8%82%E9%9D%92%E8%91%89%E5%8C%BA%E5%9B%BD%E5%88%86%E7%94%BA3-8-12,38.2676824,140.8683822,2017 | 2018,ラーメン 百名店 EAST 2017 | ラーメン 百名店 EAST 2018,ramen_east,
とら食堂,福島県白河市双石滝ノ尻1,食べログ 百名店: 2017 | 2018 / ラーメン 百名店 EAST 2017 | ラーメン 百名店 EAST 2018,https://tabelog.com/tokyo/A1303/A130302/7000016/,,https://www.google.com/maps/search/?api=1&query=%E3%81%A8%E3%82%89%E9%A3%9F%E5%A0%82%20%E7%A6%8F%E5%B3%B6%E7%9C%8C%E7%99%BD%E6%B2%B3%E5%B8%82%E5%8F%8C%E7%9F%B3%E6%BB%9D%E3%83%8E%E5%B0%BB1,37.1125898,140.2603621,2017 | 2018,ラーメン 百名店 EAST 2017 | ラーメン 百名店 EAST 2018,ramen_east,
麺饗 松韻,秋田県由利本荘市石脇田頭100-5,食べログ 百名店: 2017 | 2018 / ラーメン 百名店 EAST 2017 | ラーメン 百名店 EAST 2018,https://tabelog.com/tokyo/A1303/A130302/5005568/,,https://www.google.com/maps/search/?api=1&query=%E9%BA%BA%E9%A5%97%20%E6%9D%BE%E9%9F%BB%20%E7%A7%8B%E7%94%B0%E7%9C%8C%E7%94%B1%E5%88%A9%E6%9C%AC%E8%8D%98%E5%B8%82%E7%9F%B3%E8%84%87%E7%94%B0%E9%A0%AD100-5,39.3906156,140.0301275,2017 | 2018,ラーメン 百名店 EAST 2017 | ラーメン 百名店 EAST 2018,ramen_east,
麺匠 玄龍 仙台店,宮城県仙台市太白区郡山4-14-13,食べログ 百名店: 2017 / ラーメン 百名店 EAST 2017,https://tabelog.com/tokyo/A1303/A130302/4008912/,,https://www.google.com/maps/search/?api=1&query=%E9%BA%BA%E5%8C%A0%20%E7%8E%84%E9%BE%8D%20%E4%BB%99%E5%8F%B0%E5%BA%97%20%E5%AE%AE%E5%9F%8E%E7%9C%8C%E4%BB%99%E5%8F%B0%E5%B8%82%E5%A4%AA%E7%99%BD%E5%8C%BA%E9%83%A1%E5%B1%B14-14-13,38.2211366,140.8962563,2017,ラーメン 百名店 EAST 2017,ramen_east,
麺や けせらせら,北海道札幌市北区太平7-5-2-5,食べログ 百名店: 2017 | 2018 / ラーメン 百名店 EAST 2017 | ラーメン 百名店 EAST 2018,https://tabelog.com/tokyo/A1303/A130302/1009525/,,https://www.google.com/maps/search/?api=1&query=%E9%BA%BA%E3%82%84%20%E3%81%91%E3%81%9B%E3%82%89%E3%81%9B%E3%82%89%20%E5%8C%97%E6%B5%B7%E9%81%93%E6%9C%AD%E5%B9%8C%E5%B8%82%E5%8C%97%E5%8C%BA%E5%A4%AA%E5%B9%B37-5-2-5,43.1306207,141.3550168,2017 | 2018,ラーメン 百名店 EAST 2017 | ラーメン 百名店 EAST 2018,ramen_east,
麺組,宮城県岩沼市中央4-12-15,食べログ 百名店: 2017 / ラーメン 百名店 EAST 2017,https://tabelog.com/tokyo/A1303/A130302/4000302/,,https://www.google.com/maps/search/?api=1&query=%E9%BA%BA%E7%B5%84%20%E5%AE%AE%E5%9F%8E%E7%9C%8C%E5%B2%A9%E6%B2%BC%E5%B8%82%E4%B8%AD%E5%A4%AE4-12-15,38.1199275,140.8704762,2017,ラーメン 百名店 EAST 2017,ramen_east,
らーめん佳,北海道札幌市豊平区月寒西1条7丁目8-19,食べログ 百名店: 2017 | 2018 / ラーメン 百名店 EAST 2017 | ラーメン 百名店 EAST 2018,https://tabelog.com/tokyo/A1303/A130302/1007919/,,https://www.google.com/maps/search/?api=1&query=%E3%82%89%E3%83%BC%E3%82%81%E3%82%93%E4%BD%B3%20%E5%8C%97%E6%B5%B7%E9%81%93%E6%9C%AD%E5%B9%8C%E5%B8%82%E8%B1%8A%E5%B9%B3%E5%8C%BA%E6%9C%88%E5%AF%92%E8%A5%BF1%E6%9D%A17%E4%B8%81%E7%9B%AE8-19,43.0296687,141.3954971,2017 | 2018,ラーメン 百名店 EAST 2017 | ラーメン 百名店 EAST 2018,ramen_east,
我流麺舞 飛燕,北海道札幌市豊平区中の島1条9丁目4-14,食べログ 百名店: 2017 | 2018 / ラーメン 百名店 EAST 2017 | ラーメン 百名店 EAST 2018,https://tabelog.com/tokyo/A1303/A130302/1026753/,,https://www.google.com/maps/search/?api=1&query=%E6%88%91%E6%B5%81%E9%BA%BA%E8%88%9E%20%E9%A3%9B%E7%87%95%20%E5%8C%97%E6%B5%B7%E9%81%93%E6%9C%AD%E5%B9%8C%E5%B8%82%E8%B1%8A%E5%B9%B3%E5%8C%BA%E4%B8%AD%E3%81%AE%E5%B3%B61%E6%9D%A19%E4%B8%81%E7%9B%AE4-14,43.0234484,141.3568956,2017 | 2018,ラーメン 百名店 EAST 2017 | ラーメン 百名店 EAST 2018,ramen_east,
麺屋 菜々兵衛 本店,北海道札幌市白石区川下3条4丁目3-21,食べログ 百名店: 2017 | 2018 / ラーメン 百名店 EAST 2017 | ラーメン 百名店 EAST 2018,https://tabelog.com/tokyo/A1303/A130302/1009634/,,https://www.google.com/maps/search/?api=1&query=%E9%BA%BA%E5%B1%8B%20%E8%8F%9C%E3%80%85%E5%85%B5%E8%A1%9B%20%E6%9C%AC%E5%BA%97%20%E5%8C%97%E6%B5%B7%E9%81%93%E6%9C%AD%E5%B9%8C%E5%B8%82%E7%99%BD%E7%9F%B3%E5%8C%BA%E5%B7%9D%E4%B8%8B3%E6%9D%A14%E4%B8%81%E7%9B%AE3-21,43.0494886,141.4459606,2017 | 2018,ラーメン 百名店 EAST 2017 | ラーメン 百名店 EAST 2018,ramen_east,
たかはし中華そば店,青森県弘前市撫牛子1-3-6,食べログ 百名店: 2017 | 2018 / ラーメン 百名店 EAST 2017 | ラーメン 百名店 EAST 2018,https://tabelog.com/tokyo/A1303/A130302/2000196/,,https://www.google.com/maps/search/?api=1&query=%E3%81%9F%E3%81%8B%E3%81%AF%E3%81%97%E4%B8%AD%E8%8F%AF%E3%81%9D%E3%81%B0%E5%BA%97%20%E9%9D%92%E6%A3%AE%E7%9C%8C%E5%BC%98%E5%89%8D%E5%B8%82%E6%92%AB%E7%89%9B%E5%AD%901-3-6,40.6201272,140.4956071,2017 | 2018,ラーメン 百名店 EAST 2017 | ラーメン 百名店 EAST 2018,ramen_east,
さっぽろ純連 札幌店,北海道札幌市豊平区平岸二条17丁目1-41 シャトー純連 1F,食べログ 百名店: 2017 / ラーメン 百名店 EAST 2017,https://tabelog.com/tokyo/A1303/A130302/1000031/,,https://www.google.com/maps/search/?api=1&query=%E3%81%95%E3%81%A3%E3%81%BD%E3%82%8D%E7%B4%94%E9%80%A3%20%E6%9C%AD%E5%B9%8C%E5%BA%97%20%E5%8C%97%E6%B5%B7%E9%81%93%E6%9C%AD%E5%B9%8C%E5%B8%82%E8%B1%8A%E5%B9%B3%E5%8C%BA%E5%B9%B3%E5%B2%B8%E4%BA%8C%E6%9D%A117%E4%B8%81%E7%9B%AE1-41%20%E3%82%B7%E3%83%A3%E3%83%88%E3%83%BC%E7%B4%94%E9%80%A3%201F,43.0208389,141.3669223,2017,ラーメン 百名店 EAST 2017,ramen_east,
ラーメン 木曜日,北海道札幌市中央区南8条西13-3-35,食べログ 百名店: 2017 | 2018 / ラーメン 百名店 EAST 2017 | ラーメン 百名店 EAST 2018,https://tabelog.com/tokyo/A1303/A130302/1038229/,,https://www.google.com/maps/search/?api=1&query=%E3%83%A9%E3%83%BC%E3%83%A1%E3%83%B3%20%E6%9C%A8%E6%9B%9C%E6%97%A5%20%E5%8C%97%E6%B5%B7%E9%81%93%E6%9C%AD%E5%B9%8C%E5%B8%82%E4%B8%AD%E5%A4%AE%E5%8C%BA%E5%8D%978%E6%9D%A1%E8%A5%BF13-3-35,43.0485966,141.3373518,2017 | 2018,ラーメン 百名店 EAST 2017 | ラーメン 百名店 EAST 2018,ramen_east,
伊達屋,福島県福島市南沢又字下番匠田22,食べログ 百名店: 2017 | 2018 / ラーメン 百名店 EAST 2017 | ラーメン 百名店 EAST 2018,https://tabelog.com/tokyo/A1303/A130302/7001032/,,https://www.google.com/maps/search/?api=1&query=%E4%BC%8A%E9%81%94%E5%B1%8B%20%E7%A6%8F%E5%B3%B6%E7%9C%8C%E7%A6%8F%E5%B3%B6%E5%B8%82%E5%8D%97%E6%B2%A2%E5%8F%88%E5%AD%97%E4%B8%8B%E7%95%AA%E5%8C%A0%E7%94%B022,37.7843340,140.4399954,2017 | 2018,ラーメン 百名店 EAST 2017 | ラーメン 百名店 EAST 2018,ramen_east,
麺屋 彩未,北海道札幌市豊平区美園10条5-3-12,食べログ 百名店: 2017 | 2018 / ラーメン 百名店 EAST 2017 | ラーメン 百名店 EAST 2018,https://tabelog.com/tokyo/A1303/A130302/1000018/,,https://www.google.com/maps/search/?api=1&query=%E9%BA%BA%E5%B1%8B%20%E5%BD%A9%E6%9C%AA%20%E5%8C%97%E6%B5%B7%E9%81%93%E6%9C%AD%E5%B9%8C%E5%B8%82%E8%B1%8A%E5%B9%B3%E5%8C%BA%E7%BE%8E%E5%9C%9210%E6%9D%A15-3-12,43.0352738,141.3819516,2017 | 2018,ラーメン 百名店 EAST 2017 | ラーメン 百名店 EAST 2018,ramen_east,
とんかつ杉,宮城県仙台市若林区志波町18-18,食べログ 百名店: 2017 / とんかつ,https://tabelog.com/tokyo/A1303/A130302/4000021/,,https://www.google.com/maps/search/?api=1&query=%E3%81%A8%E3%82%93%E3%81%8B%E3%81%A4%E6%9D%89%20%E5%AE%AE%E5%9F%8E%E7%9C%8C%E4%BB%99%E5%8F%B0%E5%B8%82%E8%8B%A5%E6%9E%97%E5%8C%BA%E5%BF%97%E6%B3%A2%E7%94%BA18-18,38.2490794,140.9135833,2017,とんかつ,tonkatsu,
とんかつ かつせい,宮城県仙台市青葉区北目町7-25,食べログ 百名店: 2017 / とんかつ,https://tabelog.com/tokyo/A1303/A130302/4000211/,,https://www.google.com/maps/search/?api=1&query=%E3%81%A8%E3%82%93%E3%81%8B%E3%81%A4%20%E3%81%8B%E3%81%A4%E3%81%9B%E3%81%84%20%E5%AE%AE%E5%9F%8E%E7%9C%8C%E4%BB%99%E5%8F%B0%E5%B8%82%E9%9D%92%E8%91%89%E5%8C%BA%E5%8C%97%E7%9B%AE%E7%94%BA7-25,38.2537666,140.8776529,2017,とんかつ,tonkatsu,
仁亭,福島県郡山市鶴見坦3-5-2,食べログ 百名店: 2017 / とんかつ,https://tabelog.com/tokyo/A1303/A130302/7000028/,,https://www.google.com/maps/search/?api=1&query=%E4%BB%81%E4%BA%AD%20%E7%A6%8F%E5%B3%B6%E7%9C%8C%E9%83%A1%E5%B1%B1%E5%B8%82%E9%B6%B4%E8%A6%8B%E5%9D%A63-5-2,37.3914627,140.3619734,2017,とんかつ,tonkatsu,
とんかつ くにか,北海道札幌市白石区川下3条7丁目1-31,食べログ 百名店: 2017 / とんかつ,https://tabelog.com/tokyo/A1303/A130302/1003933/,,https://www.google.com/maps/search/?api=1&query=%E3%81%A8%E3%82%93%E3%81%8B%E3%81%A4%20%E3%81%8F%E3%81%AB%E3%81%8B%20%E5%8C%97%E6%B5%B7%E9%81%93%E6%9C%AD%E5%B9%8C%E5%B8%82%E7%99%BD%E7%9F%B3%E5%8C%BA%E5%B7%9D%E4%B8%8B3%E6%9D%A17%E4%B8%81%E7%9B%AE1-31,43.0476420,141.4512316,2017,とんかつ,tonkatsu,
BELLOWS BURGER,北海道旭川市緑町12丁目2559-12 ABCヴィレッジ 2F,食べログ 百名店: 2018 / ハンバーガー,https://tabelog.com/hokkaido/A0104/A010401/1039689/,,https://www.google.com/maps/search/?api=1&query=BELLOWS%20BURGER%20%E5%8C%97%E6%B5%B7%E9%81%93%E6%97%AD%E5%B7%9D%E5%B8%82%E7%B7%91%E7%94%BA12%E4%B8%81%E7%9B%AE2559-12%20ABC%E3%83%B4%E3%82%A3%E3%83%AC%E3%83%83%E3%82%B8%202F,43.7841449,142.3397402,2018,ハンバーガー,hamburger,
ラッキーピエロ ベイエリア本店,北海道函館市末広町23-18,食べログ 百名店: 2018 | 2019 | 2024 / ハンバーガー,https://tabelog.com/hokkaido/A0105/A010501/1000019/,,https://www.google.com/maps/search/?api=1&query=%E3%83%A9%E3%83%83%E3%82%AD%E3%83%BC%E3%83%94%E3%82%A8%E3%83%AD%20%E3%83%99%E3%82%A4%E3%82%A8%E3%83%AA%E3%82%A2%E6%9C%AC%E5%BA%97%20%E5%8C%97%E6%B5%B7%E9%81%93%E5%87%BD%E9%A4%A8%E5%B8%82%E6%9C%AB%E5%BA%83%E7%94%BA23-18,41.7657640,140.7149416,2018 | 2019 | 2024,ハンバーガー,hamburger,発表日：2024年3月12日
ラッキーピエロ 函館駅前店,北海道函館市若松町17-12 函館駅前棒二森屋本館 1F,食べログ 百名店: 2018 / ハンバーガー,https://tabelog.com/hokkaido/A0105/A010501/1000771/,,https://www.google.com/maps/search/?api=1&query=%E3%83%A9%E3%83%83%E3%82%AD%E3%83%BC%E3%83%94%E3%82%A8%E3%83%AD%20%E5%87%BD%E9%A4%A8%E9%A7%85%E5%89%8D%E5%BA%97%20%E5%8C%97%E6%B5%B7%E9%81%93%E5%87%BD%E9%A4%A8%E5%B8%82%E8%8B%A5%E6%9D%BE%E7%94%BA17-12%20%E5%87%BD%E9%A4%A8%E9%A7%85%E5%89%8D%E6%A3%92%E4%BA%8C%E6%A3%AE%E5%B1%8B%E6%9C%AC%E9%A4%A8%201F,41.7716770,140.7289790,2018,ハンバーガー,hamburger,
ピッツェリア トラットリア マーレルナ,青森県青森市桂木4-3-9,食べログ 百名店: 2018 / ピザ,https://tabelog.com/aomori/A0201/A020101/2000051/,,https://www.google.com/maps/search/?api=1&query=%E3%83%94%E3%83%83%E3%83%84%E3%82%A7%E3%83%AA%E3%82%A2%20%E3%83%88%E3%83%A9%E3%83%83%E3%83%88%E3%83%AA%E3%82%A2%20%E3%83%9E%E3%83%BC%E3%83%AC%E3%83%AB%E3%83%8A%20%E9%9D%92%E6%A3%AE%E7%9C%8C%E9%9D%92%E6%A3%AE%E5%B8%82%E6%A1%82%E6%9C%A84-3-9,40.8101203,140.7522115,2018,ピザ,pizza,
ピッツェリア ダ マッシモ,北海道札幌市白石区川下2条5丁目2-8,食べログ 百名店: 2018 | 2019 | 2021 | 2023 | 2025 / ピザ,https://tabelog.com/hokkaido/A0101/A010301/1031158/,,https://www.google.com/maps/search/?api=1&query=%E3%83%94%E3%83%83%E3%83%84%E3%82%A7%E3%83%AA%E3%82%A2%20%E3%83%80%20%E3%83%9E%E3%83%83%E3%82%B7%E3%83%A2%20%E5%8C%97%E6%B5%B7%E9%81%93%E6%9C%AD%E5%B9%8C%E5%B8%82%E7%99%BD%E7%9F%B3%E5%8C%BA%E5%B7%9D%E4%B8%8B2%E6%9D%A15%E4%B8%81%E7%9B%AE2-8,43.0482084,141.4463669,2018 | 2019 | 2021 | 2023 | 2025,ピザ,pizza,発表日：2021年6月15日 | 発表日：2023年4月24日 | 発表日：2025年4月9日
ピッツェリア パドリーノ・デル・ショーザン,宮城県仙台市青葉区上杉2-1-50 勝山館 1F,食べログ 百名店: 2018 | 2019 / ピザ,https://tabelog.com/miyagi/A0401/A040101/4014362/,,https://www.google.com/maps/search/?api=1&query=%E3%83%94%E3%83%83%E3%83%84%E3%82%A7%E3%83%AA%E3%82%A2%20%E3%83%91%E3%83%89%E3%83%AA%E3%83%BC%E3%83%8E%E3%83%BB%E3%83%87%E3%83%AB%E3%83%BB%E3%82%B7%E3%83%A7%E3%83%BC%E3%82%B6%E3%83%B3%20%E5%AE%AE%E5%9F%8E%E7%9C%8C%E4%BB%99%E5%8F%B0%E5%B8%82%E9%9D%92%E8%91%89%E5%8C%BA%E4%B8%8A%E6%9D%892-1-50%20%E5%8B%9D%E5%B1%B1%E9%A4%A8%201F,38.2739580,140.8729061,2018 | 2019,ピザ,pizza,
自家製麺 うろた,福島県福島市新町3-14 上州ビル 1F,食べログ 百名店: 2018 / ラーメン 百名店 EAST 2018,https://tabelog.com/tokyo/A1303/A130302/7012906/,,https://www.google.com/maps/search/?api=1&query=%E8%87%AA%E5%AE%B6%E8%A3%BD%E9%BA%BA%20%E3%81%86%E3%82%8D%E3%81%9F%20%E7%A6%8F%E5%B3%B6%E7%9C%8C%E7%A6%8F%E5%B3%B6%E5%B8%82%E6%96%B0%E7%94%BA3-14%20%E4%B8%8A%E5%B7%9E%E3%83%93%E3%83%AB%201F,37.7558807,140.4675343,2018,ラーメン 百名店 EAST 2018,ramen_east,
煮干らぁめん なかじま,北海道札幌市北区北35条西4-1-1 サトービル 1F,食べログ 百名店: 2018 / ラーメン 百名店 EAST 2018,https://tabelog.com/tokyo/A1303/A130302/1028821/,,https://www.google.com/maps/search/?api=1&query=%E7%85%AE%E5%B9%B2%E3%82%89%E3%81%81%E3%82%81%E3%82%93%20%E3%81%AA%E3%81%8B%E3%81%98%E3%81%BE%20%E5%8C%97%E6%B5%B7%E9%81%93%E6%9C%AD%E5%B9%8C%E5%B8%82%E5%8C%97%E5%8C%BA%E5%8C%9735%E6%9D%A1%E8%A5%BF4-1-1%20%E3%82%B5%E3%83%88%E3%83%BC%E3%83%93%E3%83%AB%201F,43.1019512,141.3414402,2018,ラーメン 百名店 EAST 2018,ramen_east,
ミルク&パフェ よつ葉ホワイトコージ 札幌パセオ店,北海道札幌市北区北六条西4-3-1 札幌パセオ　Ｂ１Ｆ,食べログ 百名店: 2018 / スイーツ 百名店 EAST 2018,https://tabelog.com/tokyo/A1303/A130302/1001108/,,https://www.google.com/maps/search/?api=1&query=%E3%83%9F%E3%83%AB%E3%82%AF%26%E3%83%91%E3%83%95%E3%82%A7%20%E3%82%88%E3%81%A4%E8%91%89%E3%83%9B%E3%83%AF%E3%82%A4%E3%83%88%E3%82%B3%E3%83%BC%E3%82%B8%20%E6%9C%AD%E5%B9%8C%E3%83%91%E3%82%BB%E3%82%AA%E5%BA%97%20%E5%8C%97%E6%B5%B7%E9%81%93%E6%9C%AD%E5%B9%8C%E5%B8%82%E5%8C%97%E5%8C%BA%E5%8C%97%E5%85%AD%E6%9D%A1%E8%A5%BF4-3-1%20%E6%9C%AD%E5%B9%8C%E3%83%91%E3%82%BB%E3%82%AA%E3%80%80%EF%BC%A2%EF%BC%91%EF%BC%A6,43.0684136,141.3508934,2018,スイーツ 百名店 EAST 2018,sweets_east,
パティスリーシイヤ,北海道札幌市中央区北5条西21-1-15,食べログ 百名店: 2018 / スイーツ 百名店 EAST 2018,https://tabelog.com/tokyo/A1303/A130302/1000154/,,https://www.google.com/maps/search/?api=1&query=%E3%83%91%E3%83%86%E3%82%A3%E3%82%B9%E3%83%AA%E3%83%BC%E3%82%B7%E3%82%A4%E3%83%A4%20%E5%8C%97%E6%B5%B7%E9%81%93%E6%9C%AD%E5%B9%8C%E5%B8%82%E4%B8%AD%E5%A4%AE%E5%8C%BA%E5%8C%975%E6%9D%A1%E8%A5%BF21-1-15,43.0634440,141.3237632,2018,スイーツ 百名店 EAST 2018,sweets_east,
ミルク村 SAPPORO本店,北海道札幌市中央区南四条西3-7-1 ニュー北星ビル　６Ｆ,食べログ 百名店: 2018 / スイーツ 百名店 EAST 2018,https://tabelog.com/tokyo/A1303/A130302/1000194/,,https://www.google.com/maps/search/?api=1&query=%E3%83%9F%E3%83%AB%E3%82%AF%E6%9D%91%20SAPPORO%E6%9C%AC%E5%BA%97%20%E5%8C%97%E6%B5%B7%E9%81%93%E6%9C%AD%E5%B9%8C%E5%B8%82%E4%B8%AD%E5%A4%AE%E5%8C%BA%E5%8D%97%E5%9B%9B%E6%9D%A1%E8%A5%BF3-7-1%20%E3%83%8B%E3%83%A5%E3%83%BC%E5%8C%97%E6%98%9F%E3%83%93%E3%83%AB%E3%80%80%EF%BC%96%EF%BC%A6,43.0561277,141.3540255,2018,スイーツ 百名店 EAST 2018,sweets_east,
甘味処 彦いち,宮城県仙台市青葉区一番町4-5-41,食べログ 百名店: 2018 / スイーツ 百名店 EAST 2018,https://tabelog.com/tokyo/A1303/A130302/4001665/,,https://www.google.com/maps/search/?api=1&query=%E7%94%98%E5%91%B3%E5%87%A6%20%E5%BD%A6%E3%81%84%E3%81%A1%20%E5%AE%AE%E5%9F%8E%E7%9C%8C%E4%BB%99%E5%8F%B0%E5%B8%82%E9%9D%92%E8%91%89%E5%8C%BA%E4%B8%80%E7%95%AA%E7%94%BA4-5-41,38.2638398,140.8713620,2018,スイーツ 百名店 EAST 2018,sweets_east,
菓子工房フラノデリス,北海道富良野市字下御料2156-1,食べログ 百名店: 2018 / スイーツ 百名店 EAST 2018,https://tabelog.com/tokyo/A1303/A130302/1000940/,,https://www.google.com/maps/search/?api=1&query=%E8%8F%93%E5%AD%90%E5%B7%A5%E6%88%BF%E3%83%95%E3%83%A9%E3%83%8E%E3%83%87%E3%83%AA%E3%82%B9%20%E5%8C%97%E6%B5%B7%E9%81%93%E5%AF%8C%E8%89%AF%E9%87%8E%E5%B8%82%E5%AD%97%E4%B8%8B%E5%BE%A1%E6%96%992156-1,43.3381516,142.3608628,2018,スイーツ 百名店 EAST 2018,sweets_east,
ボン・ヴィバン,北海道札幌市中央区南11条西1丁目5-23,食べログ 百名店: 2018 / スイーツ 百名店 EAST 2018,https://tabelog.com/tokyo/A1303/A130302/1029443/,,https://www.google.com/maps/search/?api=1&query=%E3%83%9C%E3%83%B3%E3%83%BB%E3%83%B4%E3%82%A3%E3%83%90%E3%83%B3%20%E5%8C%97%E6%B5%B7%E9%81%93%E6%9C%AD%E5%B9%8C%E5%B8%82%E4%B8%AD%E5%A4%AE%E5%8C%BA%E5%8D%9711%E6%9D%A1%E8%A5%BF1%E4%B8%81%E7%9B%AE5-23,43.0465996,141.3569781,2018,スイーツ 百名店 EAST 2018,sweets_east,
カプセルモンスター,北海道札幌市中央区南1条西15 シャトールレェーヴ 5F,食べログ 百名店: 2018 / スイーツ 百名店 EAST 2018,https://tabelog.com/tokyo/A1303/A130302/1041432/,,https://www.google.com/maps/search/?api=1&query=%E3%82%AB%E3%83%97%E3%82%BB%E3%83%AB%E3%83%A2%E3%83%B3%E3%82%B9%E3%82%BF%E3%83%BC%20%E5%8C%97%E6%B5%B7%E9%81%93%E6%9C%AD%E5%B9%8C%E5%B8%82%E4%B8%AD%E5%A4%AE%E5%8C%BA%E5%8D%971%E6%9D%A1%E8%A5%BF15%20%E3%82%B7%E3%83%A3%E3%83%88%E3%83%BC%E3%83%AB%E3%83%AC%E3%82%A7%E3%83%BC%E3%83%B4%205F,43.0569486,141.3344011,2018,スイーツ 百名店 EAST 2018,sweets_east,
函館洋菓子スナッフルス 駅前店,北海道函館市若松町18-2,食べログ 百名店: 2018 / スイーツ 百名店 EAST 2018,https://tabelog.com/tokyo/A1303/A130302/1000177/,,https://www.google.com/maps/search/?api=1&query=%E5%87%BD%E9%A4%A8%E6%B4%8B%E8%8F%93%E5%AD%90%E3%82%B9%E3%83%8A%E3%83%83%E3%83%95%E3%83%AB%E3%82%B9%20%E9%A7%85%E5%89%8D%E5%BA%97%20%E5%8C%97%E6%B5%B7%E9%81%93%E5%87%BD%E9%A4%A8%E5%B8%82%E8%8B%A5%E6%9D%BE%E7%94%BA18-2,41.7725094,140.7294169,2018,スイーツ 百名店 EAST 2018,sweets_east,
アンジェリック ヴォヤージュ 本店,北海道函館市弥生町3-11,食べログ 百名店: 2018 / スイーツ 百名店 EAST 2018,https://tabelog.com/tokyo/A1303/A130302/1026155/,,https://www.google.com/maps/search/?api=1&query=%E3%82%A2%E3%83%B3%E3%82%B8%E3%82%A7%E3%83%AA%E3%83%83%E3%82%AF%20%E3%83%B4%E3%82%A9%E3%83%A4%E3%83%BC%E3%82%B8%E3%83%A5%20%E6%9C%AC%E5%BA%97%20%E5%8C%97%E6%B5%B7%E9%81%93%E5%87%BD%E9%A4%A8%E5%B8%82%E5%BC%A5%E7%94%9F%E7%94%BA3-11,41.7679745,140.7091754,2018,スイーツ 百名店 EAST 2018,sweets_east,
白い恋人パーク,北海道札幌市西区宮の沢2-2-11-36 白い恋人パーク,食べログ 百名店: 2018 / スイーツ 百名店 EAST 2018,https://tabelog.com/tokyo/A1303/A130302/1024521/,,https://www.google.com/maps/search/?api=1&query=%E7%99%BD%E3%81%84%E6%81%8B%E4%BA%BA%E3%83%91%E3%83%BC%E3%82%AF%20%E5%8C%97%E6%B5%B7%E9%81%93%E6%9C%AD%E5%B9%8C%E5%B8%82%E8%A5%BF%E5%8C%BA%E5%AE%AE%E3%81%AE%E6%B2%A22-2-11-36%20%E7%99%BD%E3%81%84%E6%81%8B%E4%BA%BA%E3%83%91%E3%83%BC%E3%82%AF,43.0888840,141.2717132,2018,スイーツ 百名店 EAST 2018,sweets_east,
カズノリ イケダ アンディヴィデュエル 南町通店,宮城県仙台市青葉区一番町2-3-8 ブラザーパーキング 1F,食べログ 百名店: 2018 / スイーツ 百名店 EAST 2018,https://tabelog.com/tokyo/A1303/A130302/4012124/,,https://www.google.com/maps/search/?api=1&query=%E3%82%AB%E3%82%BA%E3%83%8E%E3%83%AA%20%E3%82%A4%E3%82%B1%E3%83%80%20%E3%82%A2%E3%83%B3%E3%83%87%E3%82%A3%E3%83%B4%E3%82%A3%E3%83%87%E3%83%A5%E3%82%A8%E3%83%AB%20%E5%8D%97%E7%94%BA%E9%80%9A%E5%BA%97%20%E5%AE%AE%E5%9F%8E%E7%9C%8C%E4%BB%99%E5%8F%B0%E5%B8%82%E9%9D%92%E8%91%89%E5%8C%BA%E4%B8%80%E7%95%AA%E7%94%BA2-3-8%20%E3%83%96%E3%83%A9%E3%82%B6%E3%83%BC%E3%83%91%E3%83%BC%E3%82%AD%E3%83%B3%E3%82%B0%201F,38.2583248,140.8738709,2018,スイーツ 百名店 EAST 2018,sweets_east,
たいやき札幌柳屋,北海道札幌市東区北46条東4丁目3-1,食べログ 百名店: 2018 / スイーツ 百名店 EAST 2018,https://tabelog.com/tokyo/A1303/A130302/1004885/,,https://www.google.com/maps/search/?api=1&query=%E3%81%9F%E3%81%84%E3%82%84%E3%81%8D%E6%9C%AD%E5%B9%8C%E6%9F%B3%E5%B1%8B%20%E5%8C%97%E6%B5%B7%E9%81%93%E6%9C%AD%E5%B9%8C%E5%B8%82%E6%9D%B1%E5%8C%BA%E5%8C%9746%E6%9D%A1%E6%9D%B14%E4%B8%81%E7%9B%AE3-1,43.1162835,141.3484900,2018,スイーツ 百名店 EAST 2018,sweets_east,
小樽洋菓子舗ルタオ 本店,北海道小樽市堺町7-16,食べログ 百名店: 2018 / スイーツ 百名店 EAST 2018,https://tabelog.com/tokyo/A1303/A130302/1000304/,,https://www.google.com/maps/search/?api=1&query=%E5%B0%8F%E6%A8%BD%E6%B4%8B%E8%8F%93%E5%AD%90%E8%88%97%E3%83%AB%E3%82%BF%E3%82%AA%20%E6%9C%AC%E5%BA%97%20%E5%8C%97%E6%B5%B7%E9%81%93%E5%B0%8F%E6%A8%BD%E5%B8%82%E5%A0%BA%E7%94%BA7-16,43.1913192,141.0074424,2018,スイーツ 百名店 EAST 2018,sweets_east,
ハッピーベリー,福島県西白河郡矢吹町弥栄63-2,食べログ 百名店: 2018 / スイーツ 百名店 EAST 2018,https://tabelog.com/tokyo/A1303/A130302/7006158/,,https://www.google.com/maps/search/?api=1&query=%E3%83%8F%E3%83%83%E3%83%94%E3%83%BC%E3%83%99%E3%83%AA%E3%83%BC%20%E7%A6%8F%E5%B3%B6%E7%9C%8C%E8%A5%BF%E7%99%BD%E6%B2%B3%E9%83%A1%E7%9F%A2%E5%90%B9%E7%94%BA%E5%BC%A5%E6%A0%8463-2,37.1869199,140.3337093,2018,スイーツ 百名店 EAST 2018,sweets_east,
山田家,山形県山形市本町1-7-30,食べログ 百名店: 2018 / スイーツ 百名店 EAST 2018,https://tabelog.com/tokyo/A1303/A130302/6000124/,,https://www.google.com/maps/search/?api=1&query=%E5%B1%B1%E7%94%B0%E5%AE%B6%20%E5%B1%B1%E5%BD%A2%E7%9C%8C%E5%B1%B1%E5%BD%A2%E5%B8%82%E6%9C%AC%E7%94%BA1-7-30,38.2513999,140.3380719,2018,スイーツ 百名店 EAST 2018,sweets_east,
腰掛庵,山形県天童市北目1-6-11,食べログ 百名店: 2018 / スイーツ 百名店 EAST 2018,https://tabelog.com/tokyo/A1303/A130302/6000084/,,https://www.google.com/maps/search/?api=1&query=%E8%85%B0%E6%8E%9B%E5%BA%B5%20%E5%B1%B1%E5%BD%A2%E7%9C%8C%E5%A4%A9%E7%AB%A5%E5%B8%82%E5%8C%97%E7%9B%AE1-6-11,38.3500289,140.3726954,2018,スイーツ 百名店 EAST 2018,sweets_east,
六花亭 帯広本店,北海道帯広市西二条南9-6 六花亭本店 1F,食べログ 百名店: 2018 / スイーツ 百名店 EAST 2018,https://tabelog.com/tokyo/A1303/A130302/1000012/,,https://www.google.com/maps/search/?api=1&query=%E5%85%AD%E8%8A%B1%E4%BA%AD%20%E5%B8%AF%E5%BA%83%E6%9C%AC%E5%BA%97%20%E5%8C%97%E6%B5%B7%E9%81%93%E5%B8%AF%E5%BA%83%E5%B8%82%E8%A5%BF%E4%BA%8C%E6%9D%A1%E5%8D%979-6%20%E5%85%AD%E8%8A%B1%E4%BA%AD%E6%9C%AC%E5%BA%97%201F,42.9222870,143.2025139,2018,スイーツ 百名店 EAST 2018,sweets_east,
農家の茶屋　自然満喫倶楽部,北海道札幌市清田区有明187番地,食べログ 百名店: 2018 / スイーツ 百名店 EAST 2018,https://tabelog.com/tokyo/A1303/A130302/1008448/,,https://www.google.com/maps/search/?api=1&query=%E8%BE%B2%E5%AE%B6%E3%81%AE%E8%8C%B6%E5%B1%8B%E3%80%80%E8%87%AA%E7%84%B6%E6%BA%80%E5%96%AB%E5%80%B6%E6%A5%BD%E9%83%A8%20%E5%8C%97%E6%B5%B7%E9%81%93%E6%9C%AD%E5%B9%8C%E5%B8%82%E6%B8%85%E7%94%B0%E5%8C%BA%E6%9C%89%E6%98%8E187%E7%95%AA%E5%9C%B0,42.9469586,141.4483239,2018,スイーツ 百名店 EAST 2018,sweets_east,
村上屋餅店,宮城県仙台市青葉区北目町2-38,食べログ 百名店: 2018 / スイーツ 百名店 EAST 2018,https://tabelog.com/tokyo/A1303/A130302/4000119/,,https://www.google.com/maps/search/?api=1&query=%E6%9D%91%E4%B8%8A%E5%B1%8B%E9%A4%85%E5%BA%97%20%E5%AE%AE%E5%9F%8E%E7%9C%8C%E4%BB%99%E5%8F%B0%E5%B8%82%E9%9D%92%E8%91%89%E5%8C%BA%E5%8C%97%E7%9B%AE%E7%94%BA2-38,38.2549098,140.8763872,2018,スイーツ 百名店 EAST 2018,sweets_east,
梵くら,宮城県仙台市青葉区立町23-14 スクエアビル 3F,食べログ 百名店: 2018 / スイーツ 百名店 EAST 2018,https://tabelog.com/tokyo/A1303/A130302/4013005/,,https://www.google.com/maps/search/?api=1&query=%E6%A2%B5%E3%81%8F%E3%82%89%20%E5%AE%AE%E5%9F%8E%E7%9C%8C%E4%BB%99%E5%8F%B0%E5%B8%82%E9%9D%92%E8%91%89%E5%8C%BA%E7%AB%8B%E7%94%BA23-14%20%E3%82%B9%E3%82%AF%E3%82%A8%E3%82%A2%E3%83%93%E3%83%AB%203F,38.2644845,140.8639057,2018,スイーツ 百名店 EAST 2018,sweets_east,
ムラタ,宮城県多賀城市町前3-2-25,食べログ 百名店: 2018 / スイーツ 百名店 EAST 2018,https://tabelog.com/tokyo/A1303/A130302/4002939/,,https://www.google.com/maps/search/?api=1&query=%E3%83%A0%E3%83%A9%E3%82%BF%20%E5%AE%AE%E5%9F%8E%E7%9C%8C%E5%A4%9A%E8%B3%80%E5%9F%8E%E5%B8%82%E7%94%BA%E5%89%8D3-2-25,38.2884205,141.0099182,2018,スイーツ 百名店 EAST 2018,sweets_east,
シュトラウス,青森県青森市新町1-13-21,食べログ 百名店: 2018 / スイーツ 百名店 EAST 2018,https://tabelog.com/tokyo/A1303/A130302/2000092/,,https://www.google.com/maps/search/?api=1&query=%E3%82%B7%E3%83%A5%E3%83%88%E3%83%A9%E3%82%A6%E3%82%B9%20%E9%9D%92%E6%A3%AE%E7%9C%8C%E9%9D%92%E6%A3%AE%E5%B8%82%E6%96%B0%E7%94%BA1-13-21,40.8265177,140.7387214,2018,スイーツ 百名店 EAST 2018,sweets_east,
きのとや 新千歳空港店,北海道千歳市美々 新千歳空港 国内線ターミナルビル 2F,食べログ 百名店: 2018 / スイーツ 百名店 EAST 2018,https://tabelog.com/tokyo/A1303/A130302/1034351/,,https://www.google.com/maps/search/?api=1&query=%E3%81%8D%E3%81%AE%E3%81%A8%E3%82%84%20%E6%96%B0%E5%8D%83%E6%AD%B3%E7%A9%BA%E6%B8%AF%E5%BA%97%20%E5%8C%97%E6%B5%B7%E9%81%93%E5%8D%83%E6%AD%B3%E5%B8%82%E7%BE%8E%E3%80%85%20%E6%96%B0%E5%8D%83%E6%AD%B3%E7%A9%BA%E6%B8%AF%20%E5%9B%BD%E5%86%85%E7%B7%9A%E3%82%BF%E3%83%BC%E3%83%9F%E3%83%8A%E3%83%AB%E3%83%93%E3%83%AB%202F,42.7875410,141.6805693,2018,スイーツ 百名店 EAST 2018,sweets_east,
とんかつ かつせい,宮城県仙台市青葉区北目町7-25,食べログ 百名店: 2018 | 2019 | 2021 | 2022 | 2024 / とんかつ,https://tabelog.com/miyagi/A0401/A040101/4000211/,,https://www.google.com/maps/search/?api=1&query=%E3%81%A8%E3%82%93%E3%81%8B%E3%81%A4%20%E3%81%8B%E3%81%A4%E3%81%9B%E3%81%84%20%E5%AE%AE%E5%9F%8E%E7%9C%8C%E4%BB%99%E5%8F%B0%E5%B8%82%E9%9D%92%E8%91%89%E5%8C%BA%E5%8C%97%E7%9B%AE%E7%94%BA7-25,38.2537666,140.8776529,2018 | 2019 | 2021 | 2022 | 2024,とんかつ,tonkatsu,発表日：2021年4月13日 | 発表日：2022年6月7日 | 発表日：2024年3月26日
仁亭,福島県郡山市鶴見坦3-5-2,食べログ 百名店: 2018 | 2019 | 2021 | 2024 / とんかつ | 食堂,https://tabelog.com/fukushima/A0702/A070201/7000028/,,https://www.google.com/maps/search/?api=1&query=%E4%BB%81%E4%BA%AD%20%E7%A6%8F%E5%B3%B6%E7%9C%8C%E9%83%A1%E5%B1%B1%E5%B8%82%E9%B6%B4%E8%A6%8B%E5%9D%A63-5-2,37.3914627,140.3619734,2018 | 2019 | 2021 | 2024,とんかつ | 食堂,tonkatsu | shokudo,発表日：2021年4月13日 | 発表日：2024年9月25日
とんかつ くにか,北海道札幌市白石区川下3条7丁目1-31,食べログ 百名店: 2018 | 2022 / とんかつ,https://tabelog.com/hokkaido/A0101/A010301/1003933/,,https://www.google.com/maps/search/?api=1&query=%E3%81%A8%E3%82%93%E3%81%8B%E3%81%A4%20%E3%81%8F%E3%81%AB%E3%81%8B%20%E5%8C%97%E6%B5%B7%E9%81%93%E6%9C%AD%E5%B9%8C%E5%B8%82%E7%99%BD%E7%9F%B3%E5%8C%BA%E5%B7%9D%E4%B8%8B3%E6%9D%A17%E4%B8%81%E7%9B%AE1-31,43.0476420,141.4512316,2018 | 2022,とんかつ,tonkatsu,発表日：2022年6月7日
とんかつ杉,宮城県仙台市若林区志波町18-18,食べログ 百名店: 2018 / とんかつ,https://tabelog.com/miyagi/A0401/A040103/4000021/,,https://www.google.com/maps/search/?api=1&query=%E3%81%A8%E3%82%93%E3%81%8B%E3%81%A4%E6%9D%89%20%E5%AE%AE%E5%9F%8E%E7%9C%8C%E4%BB%99%E5%8F%B0%E5%B8%82%E8%8B%A5%E6%9E%97%E5%8C%BA%E5%BF%97%E6%B3%A2%E7%94%BA18-18,38.2490794,140.9135833,2018,とんかつ,tonkatsu,
うな貴,宮城県仙台市青葉区国分町3-2-18,食べログ 百名店: 2018 | 2019 | 2022 | 2024 / うなぎ,https://tabelog.com/miyagi/A0401/A040101/4000083/,,https://www.google.com/maps/search/?api=1&query=%E3%81%86%E3%81%AA%E8%B2%B4%20%E5%AE%AE%E5%9F%8E%E7%9C%8C%E4%BB%99%E5%8F%B0%E5%B8%82%E9%9D%92%E8%91%89%E5%8C%BA%E5%9B%BD%E5%88%86%E7%94%BA3-2-18,38.2663403,140.8691658,2018 | 2019 | 2022 | 2024,うなぎ,unagi,発表日：2022年7月12日 | 発表日：2024年7月9日
川よし,青森県青森市本町3-2-4,食べログ 百名店: 2018 | 2019 / うなぎ,https://tabelog.com/aomori/A0201/A020101/2000112/,,https://www.google.com/maps/search/?api=1&query=%E5%B7%9D%E3%82%88%E3%81%97%20%E9%9D%92%E6%A3%AE%E7%9C%8C%E9%9D%92%E6%A3%AE%E5%B8%82%E6%9C%AC%E7%94%BA3-2-4,40.8286279,140.7465820,2018 | 2019,うなぎ,unagi,
うなぎ 善,岩手県盛岡市菜園1-1-2,食べログ 百名店: 2018 | 2019 / うなぎ,https://tabelog.com/iwate/A0301/A030101/3000297/,,https://www.google.com/maps/search/?api=1&query=%E3%81%86%E3%81%AA%E3%81%8E%20%E5%96%84%20%E5%B2%A9%E6%89%8B%E7%9C%8C%E7%9B%9B%E5%B2%A1%E5%B8%82%E8%8F%9C%E5%9C%921-1-2,39.7005053,141.1492254,2018 | 2019,うなぎ,unagi,
アジャンタインドカリ店,北海道札幌市中央区南29条西10丁目6-5,食べログ 百名店: 2019 | 2023 | 2024 / カレー 百名店 EAST 2019 | カレー EAST,https://tabelog.com/hokkaido/A0101/A010104/1055967/,,https://www.google.com/maps/search/?api=1&query=%E3%82%A2%E3%82%B8%E3%83%A3%E3%83%B3%E3%82%BF%E3%82%A4%E3%83%B3%E3%83%89%E3%82%AB%E3%83%AA%E5%BA%97%20%E5%8C%97%E6%B5%B7%E9%81%93%E6%9C%AD%E5%B9%8C%E5%B8%82%E4%B8%AD%E5%A4%AE%E5%8C%BA%E5%8D%9729%E6%9D%A1%E8%A5%BF10%E4%B8%81%E7%9B%AE6-5,43.0211711,141.3464488,2019 | 2023 | 2024,カレー 百名店 EAST 2019 | カレー EAST,curry_east,発表日：2023年10月10日 | 発表日：2024年8月6日
マジックスパイス 札幌本店,北海道札幌市白石区本郷通8丁目南6-2,食べログ 百名店: 2019 | 2020 | 2023 | 2024 / カレー 百名店 EAST 2019 | カレー EAST,https://tabelog.com/hokkaido/A0101/A010301/1000163/,,https://www.google.com/maps/search/?api=1&query=%E3%83%9E%E3%82%B8%E3%83%83%E3%82%AF%E3%82%B9%E3%83%91%E3%82%A4%E3%82%B9%20%E6%9C%AD%E5%B9%8C%E6%9C%AC%E5%BA%97%20%E5%8C%97%E6%B5%B7%E9%81%93%E6%9C%AD%E5%B9%8C%E5%B8%82%E7%99%BD%E7%9F%B3%E5%8C%BA%E6%9C%AC%E9%83%B7%E9%80%9A8%E4%B8%81%E7%9B%AE%E5%8D%976-2,43.0410025,141.4135889,2019 | 2020 | 2023 | 2024,カレー 百名店 EAST 2019 | カレー EAST,curry_east,発表日：2023年10月10日 | 発表日：2024年8月6日
カレーのふらのや,北海道札幌市厚別区厚別西3条6丁目700-86,食べログ 百名店: 2019 | 2020 | 2023 | 2024 / カレー 百名店 EAST 2019 | カレー EAST,https://tabelog.com/hokkaido/A0101/A010302/1031618/,,https://www.google.com/maps/search/?api=1&query=%E3%82%AB%E3%83%AC%E3%83%BC%E3%81%AE%E3%81%B5%E3%82%89%E3%81%AE%E3%82%84%20%E5%8C%97%E6%B5%B7%E9%81%93%E6%9C%AD%E5%B9%8C%E5%B8%82%E5%8E%9A%E5%88%A5%E5%8C%BA%E5%8E%9A%E5%88%A5%E8%A5%BF3%E6%9D%A16%E4%B8%81%E7%9B%AE700-86,43.0530425,141.4713596,2019 | 2020 | 2023 | 2024,カレー 百名店 EAST 2019 | カレー EAST,curry_east,発表日：2023年10月10日 | 発表日：2024年8月6日
マタレー 円山店,北海道札幌市中央区南1条西23丁目1-8,食べログ 百名店: 2019 | 2020 | 2023 | 2024 / カレー 百名店 EAST 2019 | カレー EAST,https://tabelog.com/hokkaido/A0101/A010105/1025101/,https://tabelog.com/hokkaido/A0101/A010105/1025101/?cid=google_yoyaku,https://www.google.com/maps/search/?api=1&query=%E3%83%9E%E3%82%BF%E3%83%AC%E3%83%BC%20%E5%86%86%E5%B1%B1%E5%BA%97%20%E5%8C%97%E6%B5%B7%E9%81%93%E6%9C%AD%E5%B9%8C%E5%B8%82%E4%B8%AD%E5%A4%AE%E5%8C%BA%E5%8D%971%E6%9D%A1%E8%A5%BF23%E4%B8%81%E7%9B%AE1-8,43.0554876,141.3230246,2019 | 2020 | 2023 | 2024,カレー 百名店 EAST 2019 | カレー EAST,curry_east,発表日：2023年10月10日 | 発表日：2024年8月6日
カオスヘブン 札幌店,北海道札幌市中央区南5条東2-12-3 2F,食べログ 百名店: 2019 | 2020 | 2023 | 2024 / カレー 百名店 EAST 2019 | カレー EAST,https://tabelog.com/hokkaido/A0101/A010103/1042039/,,https://www.google.com/maps/search/?api=1&query=%E3%82%AB%E3%82%AA%E3%82%B9%E3%83%98%E3%83%96%E3%83%B3%20%E6%9C%AD%E5%B9%8C%E5%BA%97%20%E5%8C%97%E6%B5%B7%E9%81%93%E6%9C%AD%E5%B9%8C%E5%B8%82%E4%B8%AD%E5%A4%AE%E5%8C%BA%E5%8D%975%E6%9D%A1%E6%9D%B12-12-3%202F,43.0563025,141.3596999,2019 | 2020 | 2023 | 2024,カレー 百名店 EAST 2019 | カレー EAST,curry_east,発表日：2023年10月10日 | 発表日：2024年8月6日
ラマイ 札幌本店,北海道札幌市豊平区月寒東一条17-5-8 有田不動産ビル 1F,食べログ 百名店: 2019 | 2020 / カレー 百名店 EAST 2019 | カレー EAST,https://tabelog.com/hokkaido/A0101/A010303/1001470/,,https://www.google.com/maps/search/?api=1&query=%E3%83%A9%E3%83%9E%E3%82%A4%20%E6%9C%AD%E5%B9%8C%E6%9C%AC%E5%BA%97%20%E5%8C%97%E6%B5%B7%E9%81%93%E6%9C%AD%E5%B9%8C%E5%B8%82%E8%B1%8A%E5%B9%B3%E5%8C%BA%E6%9C%88%E5%AF%92%E6%9D%B1%E4%B8%80%E6%9D%A117-5-8%20%E6%9C%89%E7%94%B0%E4%B8%8D%E5%8B%95%E7%94%A3%E3%83%93%E3%83%AB%201F,43.0152178,141.4146411,2019 | 2020,カレー 百名店 EAST 2019 | カレー EAST,curry_east,
ボスコ,北海道札幌市白石区南郷通16南2-1,食べログ 百名店: 2019 / カレー 百名店 EAST 2019,https://tabelog.com/hokkaido/A0101/A010301/1005648/,,https://www.google.com/maps/search/?api=1&query=%E3%83%9C%E3%82%B9%E3%82%B3%20%E5%8C%97%E6%B5%B7%E9%81%93%E6%9C%AD%E5%B9%8C%E5%B8%82%E7%99%BD%E7%9F%B3%E5%8C%BA%E5%8D%97%E9%83%B7%E9%80%9A16%E5%8D%972-1,43.0326571,141.4288205,2019,カレー 百名店 EAST 2019,curry_east,
インドレストラン ラム,北海道札幌市北区北32条西4丁目1-12 パレロワイヤル １Ｆ,食べログ 百名店: 2019 | 2020 | 2022 | 2024 / カレー 百名店 EAST 2019 | カレー EAST | アジア・エスニック EAST,https://tabelog.com/hokkaido/A0101/A010201/1004045/,,https://www.google.com/maps/search/?api=1&query=%E3%82%A4%E3%83%B3%E3%83%89%E3%83%AC%E3%82%B9%E3%83%88%E3%83%A9%E3%83%B3%20%E3%83%A9%E3%83%A0%20%E5%8C%97%E6%B5%B7%E9%81%93%E6%9C%AD%E5%B9%8C%E5%B8%82%E5%8C%97%E5%8C%BA%E5%8C%9732%E6%9D%A1%E8%A5%BF4%E4%B8%81%E7%9B%AE1-12%20%E3%83%91%E3%83%AC%E3%83%AD%E3%83%AF%E3%82%A4%E3%83%A4%E3%83%AB%20%EF%BC%91%EF%BC%A6,43.0986463,141.3410393,2019 | 2020 | 2022 | 2024,カレー 百名店 EAST 2019 | カレー EAST | アジア・エスニック EAST,curry_east | asia_ethnic_east,発表日：2022年7月26日 | 発表日：2024年7月23日
アジア金星堂,北海道旭川市東5条11丁目2-1,食べログ 百名店: 2019 | 2023 / カレー 百名店 EAST 2019 | カレー EAST,https://tabelog.com/hokkaido/A0104/A010401/1001167/,,https://www.google.com/maps/search/?api=1&query=%E3%82%A2%E3%82%B8%E3%82%A2%E9%87%91%E6%98%9F%E5%A0%82%20%E5%8C%97%E6%B5%B7%E9%81%93%E6%97%AD%E5%B7%9D%E5%B8%82%E6%9D%B15%E6%9D%A111%E4%B8%81%E7%9B%AE2-1,43.7801047,142.3772754,2019 | 2023,カレー 百名店 EAST 2019 | カレー EAST,curry_east,発表日：2023年10月10日
スープカレーの田中さん,北海道札幌市白石区平和通1-北14-18 サンピア平和 1F,食べログ 百名店: 2019 / カレー 百名店 EAST 2019,https://tabelog.com/hokkaido/A0101/A010301/1042048/,,https://www.google.com/maps/search/?api=1&query=%E3%82%B9%E3%83%BC%E3%83%97%E3%82%AB%E3%83%AC%E3%83%BC%E3%81%AE%E7%94%B0%E4%B8%AD%E3%81%95%E3%82%93%20%E5%8C%97%E6%B5%B7%E9%81%93%E6%9C%AD%E5%B9%8C%E5%B8%82%E7%99%BD%E7%9F%B3%E5%8C%BA%E5%B9%B3%E5%92%8C%E9%80%9A1-%E5%8C%9714-18%20%E3%82%B5%E3%83%B3%E3%83%94%E3%82%A2%E5%B9%B3%E5%92%8C%201F,43.0547337,141.4072018,2019,カレー 百名店 EAST 2019,curry_east,
万屋マイキー,北海道札幌市中央区北1条東3丁目5 西村ビル,食べログ 百名店: 2019 / カレー 百名店 EAST 2019,https://tabelog.com/hokkaido/A0101/A010102/1034871/,,https://www.google.com/maps/search/?api=1&query=%E4%B8%87%E5%B1%8B%E3%83%9E%E3%82%A4%E3%82%AD%E3%83%BC%20%E5%8C%97%E6%B5%B7%E9%81%93%E6%9C%AD%E5%B9%8C%E5%B8%82%E4%B8%AD%E5%A4%AE%E5%8C%BA%E5%8C%971%E6%9D%A1%E6%9D%B13%E4%B8%81%E7%9B%AE5%20%E8%A5%BF%E6%9D%91%E3%83%93%E3%83%AB,43.0634615,141.3613731,2019,カレー 百名店 EAST 2019,curry_east,
元祖インドカレー 小いけ,北海道函館市宝来町22-4,食べログ 百名店: 2019 | 2020 | 2023 | 2024 / カレー 百名店 EAST 2019 | カレー EAST,https://tabelog.com/hokkaido/A0105/A010501/1008130/,,https://www.google.com/maps/search/?api=1&query=%E5%85%83%E7%A5%96%E3%82%A4%E3%83%B3%E3%83%89%E3%82%AB%E3%83%AC%E3%83%BC%20%E5%B0%8F%E3%81%84%E3%81%91%20%E5%8C%97%E6%B5%B7%E9%81%93%E5%87%BD%E9%A4%A8%E5%B8%82%E5%AE%9D%E6%9D%A5%E7%94%BA22-4,41.7620874,140.7197762,2019 | 2020 | 2023 | 2024,カレー 百名店 EAST 2019 | カレー EAST,curry_east,発表日：2023年10月10日 | 発表日：2024年8月6日
さっぽろルーカレーNAGAMIYA,北海道札幌市中央区南1条西13丁目4-62 ペストール南大通1階,食べログ 百名店: 2019 | 2020 | 2024 / カレー 百名店 EAST 2019 | カレー EAST,https://tabelog.com/hokkaido/A0101/A010102/1048553/,,https://www.google.com/maps/search/?api=1&query=%E3%81%95%E3%81%A3%E3%81%BD%E3%82%8D%E3%83%AB%E3%83%BC%E3%82%AB%E3%83%AC%E3%83%BCNAGAMIYA%20%E5%8C%97%E6%B5%B7%E9%81%93%E6%9C%AD%E5%B9%8C%E5%B8%82%E4%B8%AD%E5%A4%AE%E5%8C%BA%E5%8D%971%E6%9D%A1%E8%A5%BF13%E4%B8%81%E7%9B%AE4-62%20%E3%83%9A%E3%82%B9%E3%83%88%E3%83%BC%E3%83%AB%E5%8D%97%E5%A4%A7%E9%80%9A1%E9%9A%8E,43.0573385,141.3369795,2019 | 2020 | 2024,カレー 百名店 EAST 2019 | カレー EAST,curry_east,発表日：2024年8月6日
ONSEN食堂,北海道札幌市南区定山渓608-2 豊平峡温泉,食べログ 百名店: 2019 | 2020 | 2022 / カレー 百名店 EAST 2019 | カレー EAST | アジア・エスニック EAST,https://tabelog.com/hokkaido/A0101/A010305/1000167/,,https://www.google.com/maps/search/?api=1&query=ONSEN%E9%A3%9F%E5%A0%82%20%E5%8C%97%E6%B5%B7%E9%81%93%E6%9C%AD%E5%B9%8C%E5%B8%82%E5%8D%97%E5%8C%BA%E5%AE%9A%E5%B1%B1%E6%B8%93608-2%20%E8%B1%8A%E5%B9%B3%E5%B3%A1%E6%B8%A9%E6%B3%89,42.9496250,141.1559539,2019 | 2020 | 2022,カレー 百名店 EAST 2019 | カレー EAST | アジア・エスニック EAST,curry_east | asia_ethnic_east,発表日：2022年7月26日
レッドチリ,北海道札幌市中央区北3条西26丁目2-15 第23松井ビル Gクレフ3261F,食べログ 百名店: 2019 | 2020 | 2023 | 2024 / カレー 百名店 EAST 2019 | カレー EAST,https://tabelog.com/hokkaido/A0101/A010105/1003320/,,https://www.google.com/maps/search/?api=1&query=%E3%83%AC%E3%83%83%E3%83%89%E3%83%81%E3%83%AA%20%E5%8C%97%E6%B5%B7%E9%81%93%E6%9C%AD%E5%B9%8C%E5%B8%82%E4%B8%AD%E5%A4%AE%E5%8C%BA%E5%8C%973%E6%9D%A1%E8%A5%BF26%E4%B8%81%E7%9B%AE2-15%20%E7%AC%AC23%E6%9D%BE%E4%BA%95%E3%83%93%E3%83%AB%20G%E3%82%AF%E3%83%AC%E3%83%953261F,43.0606126,141.3175099,2019 | 2020 | 2023 | 2024,カレー 百名店 EAST 2019 | カレー EAST,curry_east,発表日：2023年10月10日 | 発表日：2024年8月6日
SOUP CURRY KING 本店,北海道札幌市豊平区平岸三条16-1-1,食べログ 百名店: 2019 | 2020 | 2023 | 2024 / カレー 百名店 EAST 2019 | カレー EAST,https://tabelog.com/hokkaido/A0101/A010303/1006357/,,https://www.google.com/maps/search/?api=1&query=SOUP%20CURRY%20KING%20%E6%9C%AC%E5%BA%97%20%E5%8C%97%E6%B5%B7%E9%81%93%E6%9C%AD%E5%B9%8C%E5%B8%82%E8%B1%8A%E5%B9%B3%E5%8C%BA%E5%B9%B3%E5%B2%B8%E4%B8%89%E6%9D%A116-1-1,43.0244249,141.3678173,2019 | 2020 | 2023 | 2024,カレー 百名店 EAST 2019 | カレー EAST,curry_east,発表日：2023年10月10日 | 発表日：2024年8月6日
カラバトカリー,北海道札幌市南区藤野二条12-6-1,食べログ 百名店: 2019 | 2020 | 2023 | 2024 / カレー 百名店 EAST 2019 | カレー EAST,https://tabelog.com/hokkaido/A0101/A010305/1002186/,,https://www.google.com/maps/search/?api=1&query=%E3%82%AB%E3%83%A9%E3%83%90%E3%83%88%E3%82%AB%E3%83%AA%E3%83%BC%20%E5%8C%97%E6%B5%B7%E9%81%93%E6%9C%AD%E5%B9%8C%E5%B8%82%E5%8D%97%E5%8C%BA%E8%97%A4%E9%87%8E%E4%BA%8C%E6%9D%A112-6-1,42.9614082,141.2760581,2019 | 2020 | 2023 | 2024,カレー 百名店 EAST 2019 | カレー EAST,curry_east,発表日：2023年10月10日 | 発表日：2024年8月6日
クロック,北海道札幌市中央区円山西町9-2-25 旭山プラザ　１Ｆ,食べログ 百名店: 2019 | 2020 | 2023 | 2024 / カレー 百名店 EAST 2019 | カレー EAST,https://tabelog.com/hokkaido/A0101/A010105/1000162/,,https://www.google.com/maps/search/?api=1&query=%E3%82%AF%E3%83%AD%E3%83%83%E3%82%AF%20%E5%8C%97%E6%B5%B7%E9%81%93%E6%9C%AD%E5%B9%8C%E5%B8%82%E4%B8%AD%E5%A4%AE%E5%8C%BA%E5%86%86%E5%B1%B1%E8%A5%BF%E7%94%BA9-2-25%20%E6%97%AD%E5%B1%B1%E3%83%97%E3%83%A9%E3%82%B6%E3%80%80%EF%BC%91%EF%BC%A6,43.0437043,141.3085163,2019 | 2020 | 2023 | 2024,カレー 百名店 EAST 2019 | カレー EAST,curry_east,発表日：2023年10月10日 | 発表日：2024年8月6日
スープカレー トレジャー,北海道札幌市中央区南2条西2-10 富樫ビル B1F,食べログ 百名店: 2019 / カレー 百名店 EAST 2019,https://tabelog.com/hokkaido/A0101/A010102/1043286/,,https://www.google.com/maps/search/?api=1&query=%E3%82%B9%E3%83%BC%E3%83%97%E3%82%AB%E3%83%AC%E3%83%BC%20%E3%83%88%E3%83%AC%E3%82%B8%E3%83%A3%E3%83%BC%20%E5%8C%97%E6%B5%B7%E9%81%93%E6%9C%AD%E5%B9%8C%E5%B8%82%E4%B8%AD%E5%A4%AE%E5%8C%BA%E5%8D%972%E6%9D%A1%E8%A5%BF2-10%20%E5%AF%8C%E6%A8%AB%E3%83%93%E3%83%AB%20B1F,43.0584492,141.3555254,2019,カレー 百名店 EAST 2019,curry_east,
ボンベイ・ブルー,北海道岩見沢市緑ヶ丘2-29-5,食べログ 百名店: 2019 / カレー 百名店 EAST 2019,https://tabelog.com/hokkaido/A0107/A010708/1020963/,,https://www.google.com/maps/search/?api=1&query=%E3%83%9C%E3%83%B3%E3%83%99%E3%82%A4%E3%83%BB%E3%83%96%E3%83%AB%E3%83%BC%20%E5%8C%97%E6%B5%B7%E9%81%93%E5%B2%A9%E8%A6%8B%E6%B2%A2%E5%B8%82%E7%B7%91%E3%83%B6%E4%B8%982-29-5,43.1867897,141.7734632,2019,カレー 百名店 EAST 2019,curry_east,
Spice&mill,北海道札幌市白石区本通11丁目北2番1号,食べログ 百名店: 2019 | 2020 | 2023 | 2024 / カレー 百名店 EAST 2019 | カレー EAST,https://tabelog.com/hokkaido/A0101/A010301/1050715/,,https://www.google.com/maps/search/?api=1&query=Spice%26mill%20%E5%8C%97%E6%B5%B7%E9%81%93%E6%9C%AD%E5%B9%8C%E5%B8%82%E7%99%BD%E7%9F%B3%E5%8C%BA%E6%9C%AC%E9%80%9A11%E4%B8%81%E7%9B%AE%E5%8C%972%E7%95%AA1%E5%8F%B7,43.0425267,141.4233532,2019 | 2020 | 2023 | 2024,カレー 百名店 EAST 2019 | カレー EAST,curry_east,発表日：2023年10月10日 | 発表日：2024年8月6日
ミルチ,北海道札幌市中央区南五条西20-1-16,食べログ 百名店: 2019 | 2020 | 2022 / カレー 百名店 EAST 2019 | カレー EAST | アジア・エスニック EAST,https://tabelog.com/hokkaido/A0101/A010102/1000166/,,https://www.google.com/maps/search/?api=1&query=%E3%83%9F%E3%83%AB%E3%83%81%20%E5%8C%97%E6%B5%B7%E9%81%93%E6%9C%AD%E5%B9%8C%E5%B8%82%E4%B8%AD%E5%A4%AE%E5%8C%BA%E5%8D%97%E4%BA%94%E6%9D%A1%E8%A5%BF20-1-16,43.0521919,141.3278359,2019 | 2020 | 2022,カレー 百名店 EAST 2019 | カレー EAST | アジア・エスニック EAST,curry_east | asia_ethnic_east,発表日：2022年7月26日
ピカンティ,北海道札幌市北区北十三条西3 アクロビュ－北大前　１Ｆ,食べログ 百名店: 2019 | 2020 | 2023 | 2024 / カレー 百名店 EAST 2019 | カレー EAST,https://tabelog.com/hokkaido/A0101/A010201/1000060/,,https://www.google.com/maps/search/?api=1&query=%E3%83%94%E3%82%AB%E3%83%B3%E3%83%86%E3%82%A3%20%E5%8C%97%E6%B5%B7%E9%81%93%E6%9C%AD%E5%B9%8C%E5%B8%82%E5%8C%97%E5%8C%BA%E5%8C%97%E5%8D%81%E4%B8%89%E6%9D%A1%E8%A5%BF3%20%E3%82%A2%E3%82%AF%E3%83%AD%E3%83%93%E3%83%A5%EF%BC%8D%E5%8C%97%E5%A4%A7%E5%89%8D%E3%80%80%EF%BC%91%EF%BC%A6,43.0770221,141.3487210,2019 | 2020 | 2023 | 2024,カレー 百名店 EAST 2019 | カレー EAST,curry_east,発表日：2023年10月10日 | 発表日：2024年8月6日
未来カレー こりす,北海道札幌市中央区南3条西6 ARK36ビル 1F,食べログ 百名店: 2019 | 2020 | 2022 | 2023 | 2024 / カレー 百名店 EAST 2019 | カレー EAST | アジア・エスニック EAST,https://tabelog.com/hokkaido/A0101/A010103/1035490/,,https://www.google.com/maps/search/?api=1&query=%E6%9C%AA%E6%9D%A5%E3%82%AB%E3%83%AC%E3%83%BC%20%E3%81%93%E3%82%8A%E3%81%99%20%E5%8C%97%E6%B5%B7%E9%81%93%E6%9C%AD%E5%B9%8C%E5%B8%82%E4%B8%AD%E5%A4%AE%E5%8C%BA%E5%8D%973%E6%9D%A1%E8%A5%BF6%20ARK36%E3%83%93%E3%83%AB%201F,43.0556068,141.3487607,2019 | 2020 | 2022 | 2023 | 2024,カレー 百名店 EAST 2019 | カレー EAST | アジア・エスニック EAST,curry_east | asia_ethnic_east,発表日：2022年7月26日 | 発表日：2023年9月26日 | 発表日：2024年7月23日
カレー リーブス,北海道札幌市豊平区西岡四条7丁目7-10,食べログ 百名店: 2019 | 2020 | 2023 | 2024 / カレー 百名店 EAST 2019 | カレー EAST,https://tabelog.com/hokkaido/A0101/A010303/1000687/,,https://www.google.com/maps/search/?api=1&query=%E3%82%AB%E3%83%AC%E3%83%BC%20%E3%83%AA%E3%83%BC%E3%83%96%E3%82%B9%20%E5%8C%97%E6%B5%B7%E9%81%93%E6%9C%AD%E5%B9%8C%E5%B8%82%E8%B1%8A%E5%B9%B3%E5%8C%BA%E8%A5%BF%E5%B2%A1%E5%9B%9B%E6%9D%A17%E4%B8%81%E7%9B%AE7-10,43.0101083,141.3874483,2019 | 2020 | 2023 | 2024,カレー 百名店 EAST 2019 | カレー EAST,curry_east,発表日：2023年10月10日 | 発表日：2024年8月6日
カリーハウス コロンボ,北海道札幌市中央区北四条西4-1 札幌国際ビル B1F,食べログ 百名店: 2019 | 2020 | 2023 | 2024 / カレー 百名店 EAST 2019 | カレー EAST,https://tabelog.com/hokkaido/A0101/A010101/1004447/,,https://www.google.com/maps/search/?api=1&query=%E3%82%AB%E3%83%AA%E3%83%BC%E3%83%8F%E3%82%A6%E3%82%B9%20%E3%82%B3%E3%83%AD%E3%83%B3%E3%83%9C%20%E5%8C%97%E6%B5%B7%E9%81%93%E6%9C%AD%E5%B9%8C%E5%B8%82%E4%B8%AD%E5%A4%AE%E5%8C%BA%E5%8C%97%E5%9B%9B%E6%9D%A1%E8%A5%BF4-1%20%E6%9C%AD%E5%B9%8C%E5%9B%BD%E9%9A%9B%E3%83%93%E3%83%AB%20B1F,43.0659810,141.3502456,2019 | 2020 | 2023 | 2024,カレー 百名店 EAST 2019 | カレー EAST,curry_east,発表日：2023年10月10日 | 発表日：2024年8月6日
カレー オハナ,北海道札幌市東区北32条東12-1-13,食べログ 百名店: 2019 | 2023 | 2024 / カレー 百名店 EAST 2019 | カレー EAST,https://tabelog.com/hokkaido/A0101/A010202/1003356/,,https://www.google.com/maps/search/?api=1&query=%E3%82%AB%E3%83%AC%E3%83%BC%20%E3%82%AA%E3%83%8F%E3%83%8A%20%E5%8C%97%E6%B5%B7%E9%81%93%E6%9C%AD%E5%B9%8C%E5%B8%82%E6%9D%B1%E5%8C%BA%E5%8C%9732%E6%9D%A1%E6%9D%B112-1-13,43.1018343,141.3638801,2019 | 2023 | 2024,カレー 百名店 EAST 2019 | カレー EAST,curry_east,発表日：2023年10月10日 | 発表日：2024年8月6日
Rojiura Curry SAMURAI. 平岸総本店,北海道札幌市豊平区平岸3条3-2-3,食べログ 百名店: 2019 | 2020 / カレー 百名店 EAST 2019 | カレー EAST,https://tabelog.com/hokkaido/A0101/A010303/1005698/,,https://www.google.com/maps/search/?api=1&query=Rojiura%20Curry%20SAMURAI.%20%E5%B9%B3%E5%B2%B8%E7%B7%8F%E6%9C%AC%E5%BA%97%20%E5%8C%97%E6%B5%B7%E9%81%93%E6%9C%AD%E5%B9%8C%E5%B8%82%E8%B1%8A%E5%B9%B3%E5%8C%BA%E5%B9%B3%E5%B2%B83%E6%9D%A13-2-3,43.0400537,141.3713209,2019 | 2020,カレー 百名店 EAST 2019 | カレー EAST,curry_east,
スパイス ポット 菊水本店,北海道札幌市白石区菊水6条1丁目6-11,食べログ 百名店: 2019 | 2020 | 2023 | 2024 / カレー 百名店 EAST 2019 | カレー EAST,https://tabelog.com/hokkaido/A0101/A010301/1025000/,,https://www.google.com/maps/search/?api=1&query=%E3%82%B9%E3%83%91%E3%82%A4%E3%82%B9%20%E3%83%9D%E3%83%83%E3%83%88%20%E8%8F%8A%E6%B0%B4%E6%9C%AC%E5%BA%97%20%E5%8C%97%E6%B5%B7%E9%81%93%E6%9C%AD%E5%B9%8C%E5%B8%82%E7%99%BD%E7%9F%B3%E5%8C%BA%E8%8F%8A%E6%B0%B46%E6%9D%A11%E4%B8%81%E7%9B%AE6-11,43.0618820,141.3762388,2019 | 2020 | 2023 | 2024,カレー 百名店 EAST 2019 | カレー EAST,curry_east,発表日：2023年10月10日 | 発表日：2024年8月6日
アジャンタ インドカリ店,北海道札幌市南区川沿11条2丁目2-17,食べログ 百名店: 2019 / カレー 百名店 EAST 2019,https://tabelog.com/hokkaido/A0101/A010305/1034357/,,https://www.google.com/maps/search/?api=1&query=%E3%82%A2%E3%82%B8%E3%83%A3%E3%83%B3%E3%82%BF%20%E3%82%A4%E3%83%B3%E3%83%89%E3%82%AB%E3%83%AA%E5%BA%97%20%E5%8C%97%E6%B5%B7%E9%81%93%E6%9C%AD%E5%B9%8C%E5%B8%82%E5%8D%97%E5%8C%BA%E5%B7%9D%E6%B2%BF11%E6%9D%A12%E4%B8%81%E7%9B%AE2-17,42.9819332,141.3353906,2019,カレー 百名店 EAST 2019,curry_east,
サンライズ,北海道札幌市厚別区厚別西4条5-5-10,食べログ 百名店: 2019 | 2022 / カレー 百名店 EAST 2019 | アジア・エスニック EAST,https://tabelog.com/hokkaido/A0101/A010302/1051168/,,https://www.google.com/maps/search/?api=1&query=%E3%82%B5%E3%83%B3%E3%83%A9%E3%82%A4%E3%82%BA%20%E5%8C%97%E6%B5%B7%E9%81%93%E6%9C%AD%E5%B9%8C%E5%B8%82%E5%8E%9A%E5%88%A5%E5%8C%BA%E5%8E%9A%E5%88%A5%E8%A5%BF4%E6%9D%A15-5-10,43.0545082,141.4660523,2019 | 2022,カレー 百名店 EAST 2019 | アジア・エスニック EAST,curry_east | asia_ethnic_east,発表日：2022年7月26日
タイガーカレー,北海道札幌市北区北二十三条西4-2-3 プラザハイツ２４　１Ｆ,食べログ 百名店: 2019 | 2020 | 2023 | 2024 / カレー 百名店 EAST 2019 | カレー EAST,https://tabelog.com/hokkaido/A0101/A010201/1003065/,,https://www.google.com/maps/search/?api=1&query=%E3%82%BF%E3%82%A4%E3%82%AC%E3%83%BC%E3%82%AB%E3%83%AC%E3%83%BC%20%E5%8C%97%E6%B5%B7%E9%81%93%E6%9C%AD%E5%B9%8C%E5%B8%82%E5%8C%97%E5%8C%BA%E5%8C%97%E4%BA%8C%E5%8D%81%E4%B8%89%E6%9D%A1%E8%A5%BF4-2-3%20%E3%83%97%E3%83%A9%E3%82%B6%E3%83%8F%E3%82%A4%E3%83%84%EF%BC%92%EF%BC%94%E3%80%80%EF%BC%91%EF%BC%A6,43.0896285,141.3443555,2019 | 2020 | 2023 | 2024,カレー 百名店 EAST 2019 | カレー EAST,curry_east,発表日：2023年10月10日 | 発表日：2024年8月6日
ZORA,北海道札幌市中央区南1条西7丁目12-5 大通パークサイドビル 1F,食べログ 百名店: 2019 | 2020 | 2023 | 2024 / カレー 百名店 EAST 2019 | カレー EAST,https://tabelog.com/hokkaido/A0101/A010102/1024540/,,https://www.google.com/maps/search/?api=1&query=ZORA%20%E5%8C%97%E6%B5%B7%E9%81%93%E6%9C%AD%E5%B9%8C%E5%B8%82%E4%B8%AD%E5%A4%AE%E5%8C%BA%E5%8D%971%E6%9D%A1%E8%A5%BF7%E4%B8%81%E7%9B%AE12-5%20%E5%A4%A7%E9%80%9A%E3%83%91%E3%83%BC%E3%82%AF%E3%82%B5%E3%82%A4%E3%83%89%E3%83%93%E3%83%AB%201F,43.0588276,141.3474707,2019 | 2020 | 2023 | 2024,カレー 百名店 EAST 2019 | カレー EAST,curry_east,発表日：2023年10月10日 | 発表日：2024年8月6日
村上カレー店・プルプル,北海道札幌市中央区南二条西9 ケンタクビル２９ Ｂ1Ｆ,食べログ 百名店: 2019 | 2020 | 2023 | 2024 / カレー 百名店 EAST 2019 | カレー EAST,https://tabelog.com/hokkaido/A0101/A010102/1000476/,,https://www.google.com/maps/search/?api=1&query=%E6%9D%91%E4%B8%8A%E3%82%AB%E3%83%AC%E3%83%BC%E5%BA%97%E3%83%BB%E3%83%97%E3%83%AB%E3%83%97%E3%83%AB%20%E5%8C%97%E6%B5%B7%E9%81%93%E6%9C%AD%E5%B9%8C%E5%B8%82%E4%B8%AD%E5%A4%AE%E5%8C%BA%E5%8D%97%E4%BA%8C%E6%9D%A1%E8%A5%BF9%20%E3%82%B1%E3%83%B3%E3%82%BF%E3%82%AF%E3%83%93%E3%83%AB%EF%BC%92%EF%BC%99%20%EF%BC%A21%EF%BC%A6,43.0567514,141.3435205,2019 | 2020 | 2023 | 2024,カレー 百名店 EAST 2019 | カレー EAST,curry_east,発表日：2023年10月10日 | 発表日：2024年8月6日
スープカリー スアゲ プラス,北海道札幌市中央区南4条西5 都志松ビル 2F,食べログ 百名店: 2019 | 2020 | 2023 | 2024 / カレー 百名店 EAST 2019 | カレー EAST,https://tabelog.com/hokkaido/A0101/A010103/1006004/,,https://www.google.com/maps/search/?api=1&query=%E3%82%B9%E3%83%BC%E3%83%97%E3%82%AB%E3%83%AA%E3%83%BC%20%E3%82%B9%E3%82%A2%E3%82%B2%20%E3%83%97%E3%83%A9%E3%82%B9%20%E5%8C%97%E6%B5%B7%E9%81%93%E6%9C%AD%E5%B9%8C%E5%B8%82%E4%B8%AD%E5%A4%AE%E5%8C%BA%E5%8D%974%E6%9D%A1%E8%A5%BF5%20%E9%83%BD%E5%BF%97%E6%9D%BE%E3%83%93%E3%83%AB%202F,43.0557461,141.3512781,2019 | 2020 | 2023 | 2024,カレー 百名店 EAST 2019 | カレー EAST,curry_east,発表日：2023年10月10日 | 発表日：2024年8月6日
カレー気分,北海道札幌市清田区北野6条2-11-4 尾崎ビル 1F,食べログ 百名店: 2019 | 2020 | 2023 | 2024 / カレー 百名店 EAST 2019 | カレー EAST,https://tabelog.com/hokkaido/A0101/A010304/1000874/,,https://www.google.com/maps/search/?api=1&query=%E3%82%AB%E3%83%AC%E3%83%BC%E6%B0%97%E5%88%86%20%E5%8C%97%E6%B5%B7%E9%81%93%E6%9C%AD%E5%B9%8C%E5%B8%82%E6%B8%85%E7%94%B0%E5%8C%BA%E5%8C%97%E9%87%8E6%E6%9D%A12-11-4%20%E5%B0%BE%E5%B4%8E%E3%83%93%E3%83%AB%201F,43.0193075,141.4349540,2019 | 2020 | 2023 | 2024,カレー 百名店 EAST 2019 | カレー EAST,curry_east,発表日：2023年10月10日 | 発表日：2024年8月6日
gopのアナグラ,北海道札幌市西区山の手三条6-1-17,食べログ 百名店: 2019 | 2020 | 2023 | 2024 / カレー 百名店 EAST 2019 | カレー EAST,https://tabelog.com/hokkaido/A0101/A010204/1000635/,,https://www.google.com/maps/search/?api=1&query=gop%E3%81%AE%E3%82%A2%E3%83%8A%E3%82%B0%E3%83%A9%20%E5%8C%97%E6%B5%B7%E9%81%93%E6%9C%AD%E5%B9%8C%E5%B8%82%E8%A5%BF%E5%8C%BA%E5%B1%B1%E3%81%AE%E6%89%8B%E4%B8%89%E6%9D%A16-1-17,43.0685178,141.2951453,2019 | 2020 | 2023 | 2024,カレー 百名店 EAST 2019 | カレー EAST,curry_east,発表日：2023年10月10日 | 発表日：2024年8月6日
ジャイ,山形県山形市七日町2-3-30,食べログ 百名店: 2019 | 2022 | 2024 / カレー 百名店 EAST 2019 | アジア・エスニック EAST,https://tabelog.com/yamagata/A0601/A060101/6002608/,,https://www.google.com/maps/search/?api=1&query=%E3%82%B8%E3%83%A3%E3%82%A4%20%E5%B1%B1%E5%BD%A2%E7%9C%8C%E5%B1%B1%E5%BD%A2%E5%B8%82%E4%B8%83%E6%97%A5%E7%94%BA2-3-30,38.2514260,140.3405528,2019 | 2022 | 2024,カレー 百名店 EAST 2019 | アジア・エスニック EAST,curry_east | asia_ethnic_east,発表日：2022年7月26日 | 発表日：2024年7月23日
サッポロスープカレーディップ,北海道札幌市北区北二十九条西4-2-1 ファミール札幌 110,食べログ 百名店: 2019 | 2020 | 2023 | 2024 / カレー 百名店 EAST 2019 | カレー EAST,https://tabelog.com/hokkaido/A0101/A010201/1055946/,,https://www.google.com/maps/search/?api=1&query=%E3%82%B5%E3%83%83%E3%83%9D%E3%83%AD%E3%82%B9%E3%83%BC%E3%83%97%E3%82%AB%E3%83%AC%E3%83%BC%E3%83%87%E3%82%A3%E3%83%83%E3%83%97%20%E5%8C%97%E6%B5%B7%E9%81%93%E6%9C%AD%E5%B9%8C%E5%B8%82%E5%8C%97%E5%8C%BA%E5%8C%97%E4%BA%8C%E5%8D%81%E4%B9%9D%E6%9D%A1%E8%A5%BF4-2-1%20%E3%83%95%E3%82%A1%E3%83%9F%E3%83%BC%E3%83%AB%E6%9C%AD%E5%B9%8C%20110,43.0962245,141.3422073,2019 | 2020 | 2023 | 2024,カレー 百名店 EAST 2019 | カレー EAST,curry_east,発表日：2023年10月10日 | 発表日：2024年8月6日
本格インドカレーの館 スパイス,北海道札幌市北区北18条西5丁目1-8,食べログ 百名店: 2019 | 2020 | 2022 / カレー 百名店 EAST 2019 | カレー EAST | アジア・エスニック EAST,https://tabelog.com/hokkaido/A0101/A010201/1035826/,,https://www.google.com/maps/search/?api=1&query=%E6%9C%AC%E6%A0%BC%E3%82%A4%E3%83%B3%E3%83%89%E3%82%AB%E3%83%AC%E3%83%BC%E3%81%AE%E9%A4%A8%20%E3%82%B9%E3%83%91%E3%82%A4%E3%82%B9%20%E5%8C%97%E6%B5%B7%E9%81%93%E6%9C%AD%E5%B9%8C%E5%B8%82%E5%8C%97%E5%8C%BA%E5%8C%9718%E6%9D%A1%E8%A5%BF5%E4%B8%81%E7%9B%AE1-8,43.0816128,141.3443777,2019 | 2020 | 2022,カレー 百名店 EAST 2019 | カレー EAST | アジア・エスニック EAST,curry_east | asia_ethnic_east,発表日：2022年7月26日
ベンベラ・ネットワークカンパニー,北海道札幌市中央区南二条西7丁目 エムズスペース 1F,食べログ 百名店: 2019 | 2020 | 2023 | 2024 / カレー 百名店 EAST 2019 | カレー EAST,https://tabelog.com/hokkaido/A0101/A010102/1000587/,,https://www.google.com/maps/search/?api=1&query=%E3%83%99%E3%83%B3%E3%83%99%E3%83%A9%E3%83%BB%E3%83%8D%E3%83%83%E3%83%88%E3%83%AF%E3%83%BC%E3%82%AF%E3%82%AB%E3%83%B3%E3%83%91%E3%83%8B%E3%83%BC%20%E5%8C%97%E6%B5%B7%E9%81%93%E6%9C%AD%E5%B9%8C%E5%B8%82%E4%B8%AD%E5%A4%AE%E5%8C%BA%E5%8D%97%E4%BA%8C%E6%9D%A1%E8%A5%BF7%E4%B8%81%E7%9B%AE%20%E3%82%A8%E3%83%A0%E3%82%BA%E3%82%B9%E3%83%9A%E3%83%BC%E3%82%B9%201F,43.0568363,141.3480274,2019 | 2020 | 2023 | 2024,カレー 百名店 EAST 2019 | カレー EAST,curry_east,発表日：2023年10月10日 | 発表日：2024年8月6日
欧風カレーKEN,北海道札幌市東区北15条東1-2-17 イースタンビル 1F,食べログ 百名店: 2019 | 2020 | 2023 | 2024 / カレー 百名店 EAST 2019 | カレー EAST,https://tabelog.com/hokkaido/A0101/A010202/1041827/,,https://www.google.com/maps/search/?api=1&query=%E6%AC%A7%E9%A2%A8%E3%82%AB%E3%83%AC%E3%83%BCKEN%20%E5%8C%97%E6%B5%B7%E9%81%93%E6%9C%AD%E5%B9%8C%E5%B8%82%E6%9D%B1%E5%8C%BA%E5%8C%9715%E6%9D%A1%E6%9D%B11-2-17%20%E3%82%A4%E3%83%BC%E3%82%B9%E3%82%BF%E3%83%B3%E3%83%93%E3%83%AB%201F,43.0792733,141.3541402,2019 | 2020 | 2023 | 2024,カレー 百名店 EAST 2019 | カレー EAST,curry_east,発表日：2023年10月10日 | 発表日：2024年8月6日
アジアンスープカリー べす,北海道札幌市白石区北郷4条6-5-15,食べログ 百名店: 2019 | 2020 | 2023 | 2024 / カレー 百名店 EAST 2019 | カレー EAST,https://tabelog.com/hokkaido/A0101/A010301/1049808/,,https://www.google.com/maps/search/?api=1&query=%E3%82%A2%E3%82%B8%E3%82%A2%E3%83%B3%E3%82%B9%E3%83%BC%E3%83%97%E3%82%AB%E3%83%AA%E3%83%BC%20%E3%81%B9%E3%81%99%20%E5%8C%97%E6%B5%B7%E9%81%93%E6%9C%AD%E5%B9%8C%E5%B8%82%E7%99%BD%E7%9F%B3%E5%8C%BA%E5%8C%97%E9%83%B74%E6%9D%A16-5-15,43.0575751,141.4243496,2019 | 2020 | 2023 | 2024,カレー 百名店 EAST 2019 | カレー EAST,curry_east,発表日：2023年10月10日 | 発表日：2024年8月6日
曉,北海道札幌市中央区南1条西12丁目322-24 2F,食べログ 百名店: 2019 | 2020 | 2023 | 2024 / カレー 百名店 EAST 2019 | カレー EAST,https://tabelog.com/hokkaido/A0101/A010102/1050112/,,https://www.google.com/maps/search/?api=1&query=%E6%9B%89%20%E5%8C%97%E6%B5%B7%E9%81%93%E6%9C%AD%E5%B9%8C%E5%B8%82%E4%B8%AD%E5%A4%AE%E5%8C%BA%E5%8D%971%E6%9D%A1%E8%A5%BF12%E4%B8%81%E7%9B%AE322-24%202F,43.0571303,141.3396031,2019 | 2020 | 2023 | 2024,カレー 百名店 EAST 2019 | カレー EAST,curry_east,発表日：2023年10月10日 | 発表日：2024年8月6日
唯我独尊,北海道富良野市日の出町11-8,食べログ 百名店: 2019 | 2020 | 2023 | 2024 / カレー 百名店 EAST 2019 | カレー EAST,https://tabelog.com/hokkaido/A0104/A010403/1000063/,,https://www.google.com/maps/search/?api=1&query=%E5%94%AF%E6%88%91%E7%8B%AC%E5%B0%8A%20%E5%8C%97%E6%B5%B7%E9%81%93%E5%AF%8C%E8%89%AF%E9%87%8E%E5%B8%82%E6%97%A5%E3%81%AE%E5%87%BA%E7%94%BA11-8,43.3448013,142.3894696,2019 | 2020 | 2023 | 2024,カレー 百名店 EAST 2019 | カレー EAST,curry_east,発表日：2023年10月10日 | 発表日：2024年8月6日
一灯庵 南4条店,北海道札幌市中央区南4条西13丁目1-13 MT413　1F,食べログ 百名店: 2019 / カレー 百名店 EAST 2019,https://tabelog.com/hokkaido/A0101/A010104/1020782/,,https://www.google.com/maps/search/?api=1&query=%E4%B8%80%E7%81%AF%E5%BA%B5%20%E5%8D%974%E6%9D%A1%E5%BA%97%20%E5%8C%97%E6%B5%B7%E9%81%93%E6%9C%AD%E5%B9%8C%E5%B8%82%E4%B8%AD%E5%A4%AE%E5%8C%BA%E5%8D%974%E6%9D%A1%E8%A5%BF13%E4%B8%81%E7%9B%AE1-13%20MT413%E3%80%801F,43.0534986,141.3383772,2019,カレー 百名店 EAST 2019,curry_east,
ラマイ 札幌北33条店,北海道札幌市東区北33条東1丁目5-6,食べログ 百名店: 2019 | 2020 / カレー 百名店 EAST 2019 | カレー EAST,https://tabelog.com/hokkaido/A0101/A010202/1007585/,,https://www.google.com/maps/search/?api=1&query=%E3%83%A9%E3%83%9E%E3%82%A4%20%E6%9C%AD%E5%B9%8C%E5%8C%9733%E6%9D%A1%E5%BA%97%20%E5%8C%97%E6%B5%B7%E9%81%93%E6%9C%AD%E5%B9%8C%E5%B8%82%E6%9D%B1%E5%8C%BA%E5%8C%9733%E6%9D%A1%E6%9D%B11%E4%B8%81%E7%9B%AE5-6,43.1008688,141.3476514,2019 | 2020,カレー 百名店 EAST 2019 | カレー EAST,curry_east,
kanakoのスープカレー屋さん 札幌大通店,北海道札幌市中央区南一条西1-2-2 大沢ビル １Ｆ,食べログ 百名店: 2019 | 2020 | 2023 / カレー 百名店 EAST 2019 | カレー EAST,https://tabelog.com/hokkaido/A0101/A010102/1026119/,,https://www.google.com/maps/search/?api=1&query=kanako%E3%81%AE%E3%82%B9%E3%83%BC%E3%83%97%E3%82%AB%E3%83%AC%E3%83%BC%E5%B1%8B%E3%81%95%E3%82%93%20%E6%9C%AD%E5%B9%8C%E5%A4%A7%E9%80%9A%E5%BA%97%20%E5%8C%97%E6%B5%B7%E9%81%93%E6%9C%AD%E5%B9%8C%E5%B8%82%E4%B8%AD%E5%A4%AE%E5%8C%BA%E5%8D%97%E4%B8%80%E6%9D%A1%E8%A5%BF1-2-2%20%E5%A4%A7%E6%B2%A2%E3%83%93%E3%83%AB%20%EF%BC%91%EF%BC%A6,43.0599918,141.3564650,2019 | 2020 | 2023,カレー 百名店 EAST 2019 | カレー EAST,curry_east,発表日：2023年10月10日
こうひいはうす,北海道札幌市中央区南二十条西15-3 伏見コーポ　１Ｆ,食べログ 百名店: 2019 | 2020 | 2023 | 2024 / カレー 百名店 EAST 2019 | カレー EAST,https://tabelog.com/hokkaido/A0101/A010104/1002169/,,https://www.google.com/maps/search/?api=1&query=%E3%81%93%E3%81%86%E3%81%B2%E3%81%84%E3%81%AF%E3%81%86%E3%81%99%20%E5%8C%97%E6%B5%B7%E9%81%93%E6%9C%AD%E5%B9%8C%E5%B8%82%E4%B8%AD%E5%A4%AE%E5%8C%BA%E5%8D%97%E4%BA%8C%E5%8D%81%E6%9D%A1%E8%A5%BF15-3%20%E4%BC%8F%E8%A6%8B%E3%82%B3%E3%83%BC%E3%83%9D%E3%80%80%EF%BC%91%EF%BC%A6,43.0322186,141.3372388,2019 | 2020 | 2023 | 2024,カレー 百名店 EAST 2019 | カレー EAST,curry_east,発表日：2023年10月10日 | 発表日：2024年8月6日
イエロー,北海道札幌市中央区南三条西1-12-19 エルムビル　１Ｆ,食べログ 百名店: 2019 | 2020 | 2023 | 2024 / カレー 百名店 EAST 2019 | カレー EAST,https://tabelog.com/hokkaido/A0101/A010103/1002181/,,https://www.google.com/maps/search/?api=1&query=%E3%82%A4%E3%82%A8%E3%83%AD%E3%83%BC%20%E5%8C%97%E6%B5%B7%E9%81%93%E6%9C%AD%E5%B9%8C%E5%B8%82%E4%B8%AD%E5%A4%AE%E5%8C%BA%E5%8D%97%E4%B8%89%E6%9D%A1%E8%A5%BF1-12-19%20%E3%82%A8%E3%83%AB%E3%83%A0%E3%83%93%E3%83%AB%E3%80%80%EF%BC%91%EF%BC%A6,43.0568241,141.3572498,2019 | 2020 | 2023 | 2024,カレー 百名店 EAST 2019 | カレー EAST,curry_east,発表日：2023年10月10日 | 発表日：2024年8月6日
札幌スープカレー専門店エスパーイトウ 八軒総本店,北海道札幌市西区八軒5条西1-2-32 パレスチャギヒラ 1F,食べログ 百名店: 2019 | 2020 | 2023 | 2024 / カレー 百名店 EAST 2019 | カレー EAST,https://tabelog.com/hokkaido/A0101/A010204/1009667/,,https://www.google.com/maps/search/?api=1&query=%E6%9C%AD%E5%B9%8C%E3%82%B9%E3%83%BC%E3%83%97%E3%82%AB%E3%83%AC%E3%83%BC%E5%B0%82%E9%96%80%E5%BA%97%E3%82%A8%E3%82%B9%E3%83%91%E3%83%BC%E3%82%A4%E3%83%88%E3%82%A6%20%E5%85%AB%E8%BB%92%E7%B7%8F%E6%9C%AC%E5%BA%97%20%E5%8C%97%E6%B5%B7%E9%81%93%E6%9C%AD%E5%B9%8C%E5%B8%82%E8%A5%BF%E5%8C%BA%E5%85%AB%E8%BB%925%E6%9D%A1%E8%A5%BF1-2-32%20%E3%83%91%E3%83%AC%E3%82%B9%E3%83%81%E3%83%A3%E3%82%AE%E3%83%92%E3%83%A9%201F,43.0873490,141.3141517,2019 | 2020 | 2023 | 2024,カレー 百名店 EAST 2019 | カレー EAST,curry_east,発表日：2023年10月10日 | 発表日：2024年8月6日
ポレポレ,北海道札幌市白石区栄通17丁目1-26,食べログ 百名店: 2019 | 2020 | 2023 | 2024 / カレー 百名店 EAST 2019 | カレー EAST,https://tabelog.com/hokkaido/A0101/A010301/1002197/,,https://www.google.com/maps/search/?api=1&query=%E3%83%9D%E3%83%AC%E3%83%9D%E3%83%AC%20%E5%8C%97%E6%B5%B7%E9%81%93%E6%9C%AD%E5%B9%8C%E5%B8%82%E7%99%BD%E7%9F%B3%E5%8C%BA%E6%A0%84%E9%80%9A17%E4%B8%81%E7%9B%AE1-26,43.0288802,141.4270151,2019 | 2020 | 2023 | 2024,カレー 百名店 EAST 2019 | カレー EAST,curry_east,発表日：2023年10月10日 | 発表日：2024年8月6日
天竺 札幌清田本店,北海道札幌市清田区平岡1条1-7-1,食べログ 百名店: 2019 | 2020 | 2023 | 2024 / カレー 百名店 EAST 2019 | カレー EAST,https://tabelog.com/hokkaido/A0101/A010304/1039442/,,https://www.google.com/maps/search/?api=1&query=%E5%A4%A9%E7%AB%BA%20%E6%9C%AD%E5%B9%8C%E6%B8%85%E7%94%B0%E6%9C%AC%E5%BA%97%20%E5%8C%97%E6%B5%B7%E9%81%93%E6%9C%AD%E5%B9%8C%E5%B8%82%E6%B8%85%E7%94%B0%E5%8C%BA%E5%B9%B3%E5%B2%A11%E6%9D%A11-7-1,42.9968587,141.4428900,2019 | 2020 | 2023 | 2024,カレー 百名店 EAST 2019 | カレー EAST,curry_east,発表日：2023年10月10日 | 発表日：2024年8月6日
ひげ男爵,北海道札幌市中央区北一条東2-5-12 ビーンズコート 1Ｆ,食べログ 百名店: 2019 | 2020 | 2023 | 2024 / カレー 百名店 EAST 2019 | カレー EAST,https://tabelog.com/hokkaido/A0101/A010102/1005374/,,https://www.google.com/maps/search/?api=1&query=%E3%81%B2%E3%81%92%E7%94%B7%E7%88%B5%20%E5%8C%97%E6%B5%B7%E9%81%93%E6%9C%AD%E5%B9%8C%E5%B8%82%E4%B8%AD%E5%A4%AE%E5%8C%BA%E5%8C%97%E4%B8%80%E6%9D%A1%E6%9D%B12-5-12%20%E3%83%93%E3%83%BC%E3%83%B3%E3%82%BA%E3%82%B3%E3%83%BC%E3%83%88%201%EF%BC%A6,43.0635185,141.3586085,2019 | 2020 | 2023 | 2024,カレー 百名店 EAST 2019 | カレー EAST,curry_east,発表日：2023年10月10日 | 発表日：2024年8月6日
ルッカパイパイ,北海道札幌市豊平区平岸三条6-6-20,食べログ 百名店: 2019 | 2020 | 2023 | 2024 / カレー 百名店 EAST 2019 | カレー EAST,https://tabelog.com/hokkaido/A0101/A010303/1000683/,,https://www.google.com/maps/search/?api=1&query=%E3%83%AB%E3%83%83%E3%82%AB%E3%83%91%E3%82%A4%E3%83%91%E3%82%A4%20%E5%8C%97%E6%B5%B7%E9%81%93%E6%9C%AD%E5%B9%8C%E5%B8%82%E8%B1%8A%E5%B9%B3%E5%8C%BA%E5%B9%B3%E5%B2%B8%E4%B8%89%E6%9D%A16-6-20,43.0359537,141.3702503,2019 | 2020 | 2023 | 2024,カレー 百名店 EAST 2019 | カレー EAST,curry_east,発表日：2023年10月10日 | 発表日：2024年8月6日
木多郎 澄川本店,北海道札幌市南区澄川六条4-2-1 澄川ビル 1F,食べログ 百名店: 2019 | 2020 | 2023 | 2024 / カレー 百名店 EAST 2019 | カレー EAST,https://tabelog.com/hokkaido/A0101/A010305/1000174/,,https://www.google.com/maps/search/?api=1&query=%E6%9C%A8%E5%A4%9A%E9%83%8E%20%E6%BE%84%E5%B7%9D%E6%9C%AC%E5%BA%97%20%E5%8C%97%E6%B5%B7%E9%81%93%E6%9C%AD%E5%B9%8C%E5%B8%82%E5%8D%97%E5%8C%BA%E6%BE%84%E5%B7%9D%E5%85%AD%E6%9D%A14-2-1%20%E6%BE%84%E5%B7%9D%E3%83%93%E3%83%AB%201F,43.0123239,141.3750578,2019 | 2020 | 2023 | 2024,カレー 百名店 EAST 2019 | カレー EAST,curry_east,発表日：2023年10月10日 | 発表日：2024年8月6日
五○堂,北海道札幌市中央区南8条西10丁目1277-37 カネトモビル2-１階,食べログ 百名店: 2019 | 2020 | 2023 | 2024 / カレー 百名店 EAST 2019 | カレー EAST,https://tabelog.com/hokkaido/A0101/A010104/1029487/,,https://www.google.com/maps/search/?api=1&query=%E4%BA%94%E2%97%8B%E5%A0%82%20%E5%8C%97%E6%B5%B7%E9%81%93%E6%9C%AD%E5%B9%8C%E5%B8%82%E4%B8%AD%E5%A4%AE%E5%8C%BA%E5%8D%978%E6%9D%A1%E8%A5%BF10%E4%B8%81%E7%9B%AE1277-37%20%E3%82%AB%E3%83%8D%E3%83%88%E3%83%A2%E3%83%93%E3%83%AB2-%EF%BC%91%E9%9A%8E,43.0489830,141.3438607,2019 | 2020 | 2023 | 2024,カレー 百名店 EAST 2019 | カレー EAST,curry_east,発表日：2023年10月10日 | 発表日：2024年8月6日
カリーヤ！コング,北海道札幌市中央区南16条西6丁目2-10 IR山鼻 1F,食べログ 百名店: 2019 | 2020 | 2023 | 2024 / カレー 百名店 EAST 2019 | カレー EAST,https://tabelog.com/hokkaido/A0101/A010104/1029696/,,https://www.google.com/maps/search/?api=1&query=%E3%82%AB%E3%83%AA%E3%83%BC%E3%83%A4%EF%BC%81%E3%82%B3%E3%83%B3%E3%82%B0%20%E5%8C%97%E6%B5%B7%E9%81%93%E6%9C%AD%E5%B9%8C%E5%B8%82%E4%B8%AD%E5%A4%AE%E5%8C%BA%E5%8D%9716%E6%9D%A1%E8%A5%BF6%E4%B8%81%E7%9B%AE2-10%20IR%E5%B1%B1%E9%BC%BB%201F,43.0382277,141.3525043,2019 | 2020 | 2023 | 2024,カレー 百名店 EAST 2019 | カレー EAST,curry_east,発表日：2023年10月10日 | 発表日：2024年8月6日
ラマイ 札幌中央店,北海道札幌市中央区南4条西10丁目1005-4 コンフォモール札幌南4条 1F,食べログ 百名店: 2019 | 2020 / カレー 百名店 EAST 2019 | カレー EAST,https://tabelog.com/hokkaido/A0101/A010102/1029827/,,https://www.google.com/maps/search/?api=1&query=%E3%83%A9%E3%83%9E%E3%82%A4%20%E6%9C%AD%E5%B9%8C%E4%B8%AD%E5%A4%AE%E5%BA%97%20%E5%8C%97%E6%B5%B7%E9%81%93%E6%9C%AD%E5%B9%8C%E5%B8%82%E4%B8%AD%E5%A4%AE%E5%8C%BA%E5%8D%974%E6%9D%A1%E8%A5%BF10%E4%B8%81%E7%9B%AE1005-4%20%E3%82%B3%E3%83%B3%E3%83%95%E3%82%A9%E3%83%A2%E3%83%BC%E3%83%AB%E6%9C%AD%E5%B9%8C%E5%8D%974%E6%9D%A1%201F,43.0547341,141.3434503,2019 | 2020,カレー 百名店 EAST 2019 | カレー EAST,curry_east,
スープカリー ヒリヒリ2号,北海道札幌市北区北六条西6-1-1 WEST6,食べログ 百名店: 2019 | 2020 | 2023 | 2024 / カレー 百名店 EAST 2019 | カレー EAST,https://tabelog.com/hokkaido/A0101/A010101/1004285/,,https://www.google.com/maps/search/?api=1&query=%E3%82%B9%E3%83%BC%E3%83%97%E3%82%AB%E3%83%AA%E3%83%BC%20%E3%83%92%E3%83%AA%E3%83%92%E3%83%AA2%E5%8F%B7%20%E5%8C%97%E6%B5%B7%E9%81%93%E6%9C%AD%E5%B9%8C%E5%B8%82%E5%8C%97%E5%8C%BA%E5%8C%97%E5%85%AD%E6%9D%A1%E8%A5%BF6-1-1%20WEST6,43.0674204,141.3458743,2019 | 2020 | 2023 | 2024,カレー 百名店 EAST 2019 | カレー EAST,curry_east,発表日：2023年10月10日 | 発表日：2024年8月6日
メディスンマン,北海道札幌市中央区南十二条西10-1-18 グッドビル　１Ｆ,食べログ 百名店: 2019 | 2020 | 2023 | 2024 / カレー 百名店 EAST 2019 | カレー EAST,https://tabelog.com/hokkaido/A0101/A010104/1003072/,,https://www.google.com/maps/search/?api=1&query=%E3%83%A1%E3%83%87%E3%82%A3%E3%82%B9%E3%83%B3%E3%83%9E%E3%83%B3%20%E5%8C%97%E6%B5%B7%E9%81%93%E6%9C%AD%E5%B9%8C%E5%B8%82%E4%B8%AD%E5%A4%AE%E5%8C%BA%E5%8D%97%E5%8D%81%E4%BA%8C%E6%9D%A1%E8%A5%BF10-1-18%20%E3%82%B0%E3%83%83%E3%83%89%E3%83%93%E3%83%AB%E3%80%80%EF%BC%91%EF%BC%A6,43.0444033,141.3435792,2019 | 2020 | 2023 | 2024,カレー 百名店 EAST 2019 | カレー EAST,curry_east,発表日：2023年10月10日 | 発表日：2024年8月6日
E-itou Curry 平岸本店,北海道札幌市豊平区平岸1条2-7-33,食べログ 百名店: 2019 | 2020 | 2023 | 2024 / カレー 百名店 EAST 2019 | カレー EAST,https://tabelog.com/hokkaido/A0101/A010303/1052435/,,https://www.google.com/maps/search/?api=1&query=E-itou%20Curry%20%E5%B9%B3%E5%B2%B8%E6%9C%AC%E5%BA%97%20%E5%8C%97%E6%B5%B7%E9%81%93%E6%9C%AD%E5%B9%8C%E5%B8%82%E8%B1%8A%E5%B9%B3%E5%8C%BA%E5%B9%B3%E5%B2%B81%E6%9D%A12-7-33,43.0411613,141.3638392,2019 | 2020 | 2023 | 2024,カレー 百名店 EAST 2019 | カレー EAST,curry_east,発表日：2023年10月10日 | 発表日：2024年8月6日
スープカレー トムトムキキル,北海道札幌市清田区清田三条2-14-15,食べログ 百名店: 2019 | 2020 | 2023 | 2024 / カレー 百名店 EAST 2019 | カレー EAST,https://tabelog.com/hokkaido/A0101/A010304/1037079/,,https://www.google.com/maps/search/?api=1&query=%E3%82%B9%E3%83%BC%E3%83%97%E3%82%AB%E3%83%AC%E3%83%BC%20%E3%83%88%E3%83%A0%E3%83%88%E3%83%A0%E3%82%AD%E3%82%AD%E3%83%AB%20%E5%8C%97%E6%B5%B7%E9%81%93%E6%9C%AD%E5%B9%8C%E5%B8%82%E6%B8%85%E7%94%B0%E5%8C%BA%E6%B8%85%E7%94%B0%E4%B8%89%E6%9D%A12-14-15,42.9987525,141.4314686,2019 | 2020 | 2023 | 2024,カレー 百名店 EAST 2019 | カレー EAST,curry_east,発表日：2023年10月10日 | 発表日：2024年8月6日
黒岩咖哩飯店,北海道札幌市中央区大通西8-2-39 北大通ビル B1F,食べログ 百名店: 2019 | 2020 | 2023 | 2024 / カレー 百名店 EAST 2019 | カレー EAST,https://tabelog.com/hokkaido/A0101/A010102/1049128/,,https://www.google.com/maps/search/?api=1&query=%E9%BB%92%E5%B2%A9%E5%92%96%E5%93%A9%E9%A3%AF%E5%BA%97%20%E5%8C%97%E6%B5%B7%E9%81%93%E6%9C%AD%E5%B9%8C%E5%B8%82%E4%B8%AD%E5%A4%AE%E5%8C%BA%E5%A4%A7%E9%80%9A%E8%A5%BF8-2-39%20%E5%8C%97%E5%A4%A7%E9%80%9A%E3%83%93%E3%83%AB%20B1F,43.0604127,141.3443913,2019 | 2020 | 2023 | 2024,カレー 百名店 EAST 2019 | カレー EAST,curry_east,発表日：2023年10月10日 | 発表日：2024年8月6日
ファットバンブー,北海道札幌市東区北二十一条東16-2-8,食べログ 百名店: 2019 / カレー 百名店 EAST 2019,https://tabelog.com/hokkaido/A0101/A010202/1004782/,,https://www.google.com/maps/search/?api=1&query=%E3%83%95%E3%82%A1%E3%83%83%E3%83%88%E3%83%90%E3%83%B3%E3%83%96%E3%83%BC%20%E5%8C%97%E6%B5%B7%E9%81%93%E6%9C%AD%E5%B9%8C%E5%B8%82%E6%9D%B1%E5%8C%BA%E5%8C%97%E4%BA%8C%E5%8D%81%E4%B8%80%E6%9D%A1%E6%9D%B116-2-8,43.0909768,141.3734682,2019,カレー 百名店 EAST 2019,curry_east,
ターラ,北海道札幌市中央区南一条西4 日本旅行ビル　Ｂ１Ｆ,食べログ 百名店: 2019 | 2020 | 2023 | 2024 / カレー 百名店 EAST 2019 | カレー EAST,https://tabelog.com/hokkaido/A0101/A010102/1001916/,,https://www.google.com/maps/search/?api=1&query=%E3%82%BF%E3%83%BC%E3%83%A9%20%E5%8C%97%E6%B5%B7%E9%81%93%E6%9C%AD%E5%B9%8C%E5%B8%82%E4%B8%AD%E5%A4%AE%E5%8C%BA%E5%8D%97%E4%B8%80%E6%9D%A1%E8%A5%BF4%20%E6%97%A5%E6%9C%AC%E6%97%85%E8%A1%8C%E3%83%93%E3%83%AB%E3%80%80%EF%BC%A2%EF%BC%91%EF%BC%A6,43.0590418,141.3517280,2019 | 2020 | 2023 | 2024,カレー 百名店 EAST 2019 | カレー EAST,curry_east,発表日：2023年10月10日 | 発表日：2024年8月6日
アジャンタ 総本家,北海道札幌市東区北23条東20丁目2-18,食べログ 百名店: 2019 | 2020 | 2023 | 2024 / カレー 百名店 EAST 2019 | カレー EAST,https://tabelog.com/hokkaido/A0101/A010202/1006509/,,https://www.google.com/maps/search/?api=1&query=%E3%82%A2%E3%82%B8%E3%83%A3%E3%83%B3%E3%82%BF%20%E7%B7%8F%E6%9C%AC%E5%AE%B6%20%E5%8C%97%E6%B5%B7%E9%81%93%E6%9C%AD%E5%B9%8C%E5%B8%82%E6%9D%B1%E5%8C%BA%E5%8C%9723%E6%9D%A1%E6%9D%B120%E4%B8%81%E7%9B%AE2-18,43.0942818,141.3822783,2019 | 2020 | 2023 | 2024,カレー 百名店 EAST 2019 | カレー EAST,curry_east,発表日：2023年10月10日 | 発表日：2024年8月6日
デリー 札幌店,北海道札幌市中央区南三条西1 狸小路１丁目南側,食べログ 百名店: 2019 | 2020 | 2023 | 2024 / カレー 百名店 EAST 2019 | カレー EAST,https://tabelog.com/hokkaido/A0101/A010103/1006116/,,https://www.google.com/maps/search/?api=1&query=%E3%83%87%E3%83%AA%E3%83%BC%20%E6%9C%AD%E5%B9%8C%E5%BA%97%20%E5%8C%97%E6%B5%B7%E9%81%93%E6%9C%AD%E5%B9%8C%E5%B8%82%E4%B8%AD%E5%A4%AE%E5%8C%BA%E5%8D%97%E4%B8%89%E6%9D%A1%E8%A5%BF1%20%E7%8B%B8%E5%B0%8F%E8%B7%AF%EF%BC%91%E4%B8%81%E7%9B%AE%E5%8D%97%E5%81%B4,43.0577696,141.3574170,2019 | 2020 | 2023 | 2024,カレー 百名店 EAST 2019 | カレー EAST,curry_east,発表日：2023年10月10日 | 発表日：2024年8月6日
一文字カリー店,北海道札幌市白石区本通17丁目南2-4 ストーンビル本通17 1F,食べログ 百名店: 2019 | 2020 | 2023 | 2024 / カレー 百名店 EAST 2019 | カレー EAST,https://tabelog.com/hokkaido/A0101/A010301/1024063/,,https://www.google.com/maps/search/?api=1&query=%E4%B8%80%E6%96%87%E5%AD%97%E3%82%AB%E3%83%AA%E3%83%BC%E5%BA%97%20%E5%8C%97%E6%B5%B7%E9%81%93%E6%9C%AD%E5%B9%8C%E5%B8%82%E7%99%BD%E7%9F%B3%E5%8C%BA%E6%9C%AC%E9%80%9A17%E4%B8%81%E7%9B%AE%E5%8D%972-4%20%E3%82%B9%E3%83%88%E3%83%BC%E3%83%B3%E3%83%93%E3%83%AB%E6%9C%AC%E9%80%9A17%201F,43.0352951,141.4327827,2019 | 2020 | 2023 | 2024,カレー 百名店 EAST 2019 | カレー EAST,curry_east,発表日：2023年10月10日 | 発表日：2024年8月6日
餃子 照井 飯坂本店,福島県福島市飯坂町錦町1-21,食べログ 百名店: 2019 | 2021 / 餃子,https://tabelog.com/fukushima/A0701/A070101/7000722/,,https://www.google.com/maps/search/?api=1&query=%E9%A4%83%E5%AD%90%20%E7%85%A7%E4%BA%95%20%E9%A3%AF%E5%9D%82%E6%9C%AC%E5%BA%97%20%E7%A6%8F%E5%B3%B6%E7%9C%8C%E7%A6%8F%E5%B3%B6%E5%B8%82%E9%A3%AF%E5%9D%82%E7%94%BA%E9%8C%A6%E7%94%BA1-21,37.8326327,140.4530482,2019 | 2021,餃子,gyoza,発表日：2021年9月8日
八仙,宮城県仙台市青葉区一番町2-4-13 文化横丁,食べログ 百名店: 2019 | 2021 | 2024 / 餃子 | 中国料理 EAST,https://tabelog.com/miyagi/A0401/A040101/4000029/,,https://www.google.com/maps/search/?api=1&query=%E5%85%AB%E4%BB%99%20%E5%AE%AE%E5%9F%8E%E7%9C%8C%E4%BB%99%E5%8F%B0%E5%B8%82%E9%9D%92%E8%91%89%E5%8C%BA%E4%B8%80%E7%95%AA%E7%94%BA2-4-13%20%E6%96%87%E5%8C%96%E6%A8%AA%E4%B8%81,38.2590816,140.8729054,2019 | 2021 | 2024,餃子 | 中国料理 EAST,gyoza | chinese_east,発表日：2021年9月8日 | 発表日：2024年6月11日
THE BURGER HEARTS,岩手県大船渡市盛町字町9-5,食べログ 百名店: 2019 | 2021 | 2022 | 2024 / ハンバーガー,https://tabelog.com/iwate/A0304/A030403/3005292/,,https://www.google.com/maps/search/?api=1&query=THE%20BURGER%20HEARTS%20%E5%B2%A9%E6%89%8B%E7%9C%8C%E5%A4%A7%E8%88%B9%E6%B8%A1%E5%B8%82%E7%9B%9B%E7%94%BA%E5%AD%97%E7%94%BA9-5,39.0870716,141.7094595,2019 | 2021 | 2022 | 2024,ハンバーガー,hamburger,発表日：2021年10月13日 | 発表日：2022年5月12日 | 発表日：2024年3月12日
フラノバーガー,北海道富良野市東鳥沼1,食べログ 百名店: 2019 | 2021 | 2022 / ハンバーガー,https://tabelog.com/hokkaido/A0104/A010403/1025264/,,https://www.google.com/maps/search/?api=1&query=%E3%83%95%E3%83%A9%E3%83%8E%E3%83%90%E3%83%BC%E3%82%AC%E3%83%BC%20%E5%8C%97%E6%B5%B7%E9%81%93%E5%AF%8C%E8%89%AF%E9%87%8E%E5%B8%82%E6%9D%B1%E9%B3%A5%E6%B2%BC1,43.3427796,142.4363080,2019 | 2021 | 2022,ハンバーガー,hamburger,発表日：2021年10月13日 | 発表日：2022年5月12日
イル・ピッツァイオーロ,宮城県仙台市青葉区堤町1-9-21 第13ジュリヤン 1F,食べログ 百名店: 2019 | 2021 | 2023 | 2025 / ピザ,https://tabelog.com/miyagi/A0401/A040101/4016875/,https://tabelog.com/miyagi/A0401/A040101/4016875/?cid=google_yoyaku,https://www.google.com/maps/search/?api=1&query=%E3%82%A4%E3%83%AB%E3%83%BB%E3%83%94%E3%83%83%E3%83%84%E3%82%A1%E3%82%A4%E3%82%AA%E3%83%BC%E3%83%AD%20%E5%AE%AE%E5%9F%8E%E7%9C%8C%E4%BB%99%E5%8F%B0%E5%B8%82%E9%9D%92%E8%91%89%E5%8C%BA%E5%A0%A4%E7%94%BA1-9-21%20%E7%AC%AC13%E3%82%B8%E3%83%A5%E3%83%AA%E3%83%A4%E3%83%B3%201F,38.2841786,140.8699331,2019 | 2021 | 2023 | 2025,ピザ,pizza,発表日：2021年6月15日 | 発表日：2023年4月24日 | 発表日：2025年4月9日
チェロステラート ウィンザー,北海道虻田郡洞爺湖町月浦44,食べログ 百名店: 2019 / ピザ,https://tabelog.com/hokkaido/A0108/A010801/1000148/,,https://www.google.com/maps/search/?api=1&query=%E3%83%81%E3%82%A7%E3%83%AD%E3%82%B9%E3%83%86%E3%83%A9%E3%83%BC%E3%83%88%20%E3%82%A6%E3%82%A3%E3%83%B3%E3%82%B6%E3%83%BC%20%E5%8C%97%E6%B5%B7%E9%81%93%E8%99%BB%E7%94%B0%E9%83%A1%E6%B4%9E%E7%88%BA%E6%B9%96%E7%94%BA%E6%9C%88%E6%B5%A644,42.5933225,140.7796572,2019,ピザ,pizza,
ピッツェリア デ ナプレ,宮城県仙台市青葉区立町26-19 井上ビル 1F,食べログ 百名店: 2019 | 2021 | 2023 | 2025 / ピザ,https://tabelog.com/miyagi/A0401/A040101/4000125/,,https://www.google.com/maps/search/?api=1&query=%E3%83%94%E3%83%83%E3%83%84%E3%82%A7%E3%83%AA%E3%82%A2%20%E3%83%87%20%E3%83%8A%E3%83%97%E3%83%AC%20%E5%AE%AE%E5%9F%8E%E7%9C%8C%E4%BB%99%E5%8F%B0%E5%B8%82%E9%9D%92%E8%91%89%E5%8C%BA%E7%AB%8B%E7%94%BA26-19%20%E4%BA%95%E4%B8%8A%E3%83%93%E3%83%AB%201F,38.2648194,140.8655212,2019 | 2021 | 2023 | 2025,ピザ,pizza,発表日：2021年6月15日 | 発表日：2023年4月24日 | 発表日：2025年4月9日
pizzeria e trattoria CERVO,北海道恵庭市黄金南2-19-7,食べログ 百名店: 2019 / ピザ,https://tabelog.com/hokkaido/A0107/A010703/1002852/,,https://www.google.com/maps/search/?api=1&query=pizzeria%20e%20trattoria%20CERVO%20%E5%8C%97%E6%B5%B7%E9%81%93%E6%81%B5%E5%BA%AD%E5%B8%82%E9%BB%84%E9%87%91%E5%8D%972-19-7,42.8858919,141.5922343,2019,ピザ,pizza,
伊達屋,福島県福島市南沢又字下番匠田22,食べログ 百名店: 2019 | 2020 | 2022 | 2023 | 2024 | 2025 / ラーメン 百名店 EAST 2019 | ラーメン EAST,https://tabelog.com/fukushima/A0701/A070101/7001032/,,https://www.google.com/maps/search/?api=1&query=%E4%BC%8A%E9%81%94%E5%B1%8B%20%E7%A6%8F%E5%B3%B6%E7%9C%8C%E7%A6%8F%E5%B3%B6%E5%B8%82%E5%8D%97%E6%B2%A2%E5%8F%88%E5%AD%97%E4%B8%8B%E7%95%AA%E5%8C%A0%E7%94%B022,37.7843340,140.4399954,2019 | 2020 | 2022 | 2023 | 2024 | 2025,ラーメン 百名店 EAST 2019 | ラーメン EAST,ramen_east,発表日：2022年11月28日 | 発表日：2023年12月5日 | 発表日：2024年12月3日 | 発表日：2025年12月2日
春木屋 郡山分店,福島県郡山市桑野2-16-13,食べログ 百名店: 2019 | 2024 | 2025 / ラーメン 百名店 EAST 2019 | ラーメン EAST,https://tabelog.com/fukushima/A0702/A070201/7000025/,,https://www.google.com/maps/search/?api=1&query=%E6%98%A5%E6%9C%A8%E5%B1%8B%20%E9%83%A1%E5%B1%B1%E5%88%86%E5%BA%97%20%E7%A6%8F%E5%B3%B6%E7%9C%8C%E9%83%A1%E5%B1%B1%E5%B8%82%E6%A1%91%E9%87%8E2-16-13,37.4051518,140.3552484,2019 | 2024 | 2025,ラーメン 百名店 EAST 2019 | ラーメン EAST,ramen_east,発表日：2024年12月3日 | 発表日：2025年12月2日
麺屋 雪風 すすきの店,北海道札幌市中央区南七条西4-2-6 LC拾壱番館 1F,食べログ 百名店: 2019 | 2020 | 2021 | 2024 | 2025 / ラーメン 百名店 EAST 2019 | ラーメン EAST | ラーメン HOKKAIDO,https://tabelog.com/hokkaido/A0101/A010103/1004868/,,https://www.google.com/maps/search/?api=1&query=%E9%BA%BA%E5%B1%8B%20%E9%9B%AA%E9%A2%A8%20%E3%81%99%E3%81%99%E3%81%8D%E3%81%AE%E5%BA%97%20%E5%8C%97%E6%B5%B7%E9%81%93%E6%9C%AD%E5%B9%8C%E5%B8%82%E4%B8%AD%E5%A4%AE%E5%8C%BA%E5%8D%97%E4%B8%83%E6%9D%A1%E8%A5%BF4-2-6%20LC%E6%8B%BE%E5%A3%B1%E7%95%AA%E9%A4%A8%201F,43.0523456,141.3526903,2019 | 2020 | 2021 | 2024 | 2025,ラーメン 百名店 EAST 2019 | ラーメン EAST | ラーメン HOKKAIDO,ramen_east | ramen_hokkaido,発表日：2021年11月24日 | 発表日：2024年12月3日 | 発表日：2025年12月2日
さっぽろ純連 札幌店,北海道札幌市豊平区平岸二条17丁目1-41 シャトー純連 1F,食べログ 百名店: 2019 | 2020 | 2021 | 2022 | 2023 | 2024 | 2025 / ラーメン 百名店 EAST 2019 | ラーメン EAST | ラーメン HOKKAIDO,https://tabelog.com/hokkaido/A0101/A010303/1000031/,,https://www.google.com/maps/search/?api=1&query=%E3%81%95%E3%81%A3%E3%81%BD%E3%82%8D%E7%B4%94%E9%80%A3%20%E6%9C%AD%E5%B9%8C%E5%BA%97%20%E5%8C%97%E6%B5%B7%E9%81%93%E6%9C%AD%E5%B9%8C%E5%B8%82%E8%B1%8A%E5%B9%B3%E5%8C%BA%E5%B9%B3%E5%B2%B8%E4%BA%8C%E6%9D%A117%E4%B8%81%E7%9B%AE1-41%20%E3%82%B7%E3%83%A3%E3%83%88%E3%83%BC%E7%B4%94%E9%80%A3%201F,43.0208389,141.3669223,2019 | 2020 | 2021 | 2022 | 2023 | 2024 | 2025,ラーメン 百名店 EAST 2019 | ラーメン EAST | ラーメン HOKKAIDO,ramen_east | ramen_hokkaido,発表日：2021年11月24日 | 発表日：2022年11月28日 | 発表日：2023年12月5日 | 発表日：2024年12月3日 | 発表日：2025年12月2日
麺饗 松韻,秋田県由利本荘市石脇田頭100-5,食べログ 百名店: 2019 / ラーメン 百名店 EAST 2019,https://tabelog.com/akita/A0506/A050601/5005568/,,https://www.google.com/maps/search/?api=1&query=%E9%BA%BA%E9%A5%97%20%E6%9D%BE%E9%9F%BB%20%E7%A7%8B%E7%94%B0%E7%9C%8C%E7%94%B1%E5%88%A9%E6%9C%AC%E8%8D%98%E5%B8%82%E7%9F%B3%E8%84%87%E7%94%B0%E9%A0%AD100-5,39.3906156,140.0301275,2019,ラーメン 百名店 EAST 2019,ramen_east,
MEN-EIJI HIRAGISHI BASE,北海道札幌市豊平区平岸2条11丁目1-12,食べログ 百名店: 2019 | 2020 | 2021 | 2022 | 2023 | 2024 | 2025 / ラーメン 百名店 EAST 2019 | ラーメン EAST | ラーメン HOKKAIDO,https://tabelog.com/hokkaido/A0101/A010303/1034678/,,https://www.google.com/maps/search/?api=1&query=MEN-EIJI%20HIRAGISHI%20BASE%20%E5%8C%97%E6%B5%B7%E9%81%93%E6%9C%AD%E5%B9%8C%E5%B8%82%E8%B1%8A%E5%B9%B3%E5%8C%BA%E5%B9%B3%E5%B2%B82%E6%9D%A111%E4%B8%81%E7%9B%AE1-12,43.0294053,141.3663171,2019 | 2020 | 2021 | 2022 | 2023 | 2024 | 2025,ラーメン 百名店 EAST 2019 | ラーメン EAST | ラーメン HOKKAIDO,ramen_east | ramen_hokkaido,発表日：2021年11月24日 | 発表日：2022年11月28日 | 発表日：2023年12月5日 | 発表日：2024年12月3日 | 発表日：2025年12月2日
Japanese Ramen Noodle Lab Q,北海道札幌市中央区北1条西2-1-3 りんどうビル B1F,食べログ 百名店: 2019 | 2020 | 2021 | 2022 | 2023 | 2024 | 2025 / ラーメン 百名店 EAST 2019 | ラーメン EAST | ラーメン HOKKAIDO,https://tabelog.com/hokkaido/A0101/A010102/1057715/,,https://www.google.com/maps/search/?api=1&query=Japanese%20Ramen%20Noodle%20Lab%20Q%20%E5%8C%97%E6%B5%B7%E9%81%93%E6%9C%AD%E5%B9%8C%E5%B8%82%E4%B8%AD%E5%A4%AE%E5%8C%BA%E5%8C%971%E6%9D%A1%E8%A5%BF2-1-3%20%E3%82%8A%E3%82%93%E3%81%A9%E3%81%86%E3%83%93%E3%83%AB%20B1F,43.0634765,141.3543001,2019 | 2020 | 2021 | 2022 | 2023 | 2024 | 2025,ラーメン 百名店 EAST 2019 | ラーメン EAST | ラーメン HOKKAIDO,ramen_east | ramen_hokkaido,発表日：2021年11月24日 | 発表日：2022年11月28日 | 発表日：2023年12月5日 | 発表日：2024年12月3日 | 発表日：2025年12月2日
らーめん佳,北海道札幌市豊平区月寒西1条7丁目8-19,食べログ 百名店: 2019 | 2020 | 2021 | 2022 | 2023 | 2024 | 2025 / ラーメン 百名店 EAST 2019 | ラーメン EAST | ラーメン HOKKAIDO,https://tabelog.com/hokkaido/A0101/A010303/1007919/,,https://www.google.com/maps/search/?api=1&query=%E3%82%89%E3%83%BC%E3%82%81%E3%82%93%E4%BD%B3%20%E5%8C%97%E6%B5%B7%E9%81%93%E6%9C%AD%E5%B9%8C%E5%B8%82%E8%B1%8A%E5%B9%B3%E5%8C%BA%E6%9C%88%E5%AF%92%E8%A5%BF1%E6%9D%A17%E4%B8%81%E7%9B%AE8-19,43.0296687,141.3954971,2019 | 2020 | 2021 | 2022 | 2023 | 2024 | 2025,ラーメン 百名店 EAST 2019 | ラーメン EAST | ラーメン HOKKAIDO,ramen_east | ramen_hokkaido,発表日：2021年11月24日 | 発表日：2022年11月28日 | 発表日：2023年12月5日 | 発表日：2024年12月3日 | 発表日：2025年12月2日
坂内食堂,福島県喜多方市字細田7230,食べログ 百名店: 2019 | 2020 | 2021 | 2022 | 2023 | 2024 | 2025 / ラーメン 百名店 EAST 2019 | ラーメン EAST,https://tabelog.com/fukushima/A0706/A070601/7000007/,,https://www.google.com/maps/search/?api=1&query=%E5%9D%82%E5%86%85%E9%A3%9F%E5%A0%82%20%E7%A6%8F%E5%B3%B6%E7%9C%8C%E5%96%9C%E5%A4%9A%E6%96%B9%E5%B8%82%E5%AD%97%E7%B4%B0%E7%94%B07230,37.6510825,139.8735175,2019 | 2020 | 2021 | 2022 | 2023 | 2024 | 2025,ラーメン 百名店 EAST 2019 | ラーメン EAST,ramen_east,発表日：2021年11月24日 | 発表日：2022年11月28日 | 発表日：2023年12月5日 | 発表日：2024年12月3日 | 発表日：2025年12月2日
自家製麺 うろた,福島県福島市新町3-14 上州ビル 1F,食べログ 百名店: 2019 | 2021 | 2022 | 2023 | 2024 | 2025 / ラーメン 百名店 EAST 2019 | ラーメン EAST,https://tabelog.com/fukushima/A0701/A070101/7012906/,,https://www.google.com/maps/search/?api=1&query=%E8%87%AA%E5%AE%B6%E8%A3%BD%E9%BA%BA%20%E3%81%86%E3%82%8D%E3%81%9F%20%E7%A6%8F%E5%B3%B6%E7%9C%8C%E7%A6%8F%E5%B3%B6%E5%B8%82%E6%96%B0%E7%94%BA3-14%20%E4%B8%8A%E5%B7%9E%E3%83%93%E3%83%AB%201F,37.7558807,140.4675343,2019 | 2021 | 2022 | 2023 | 2024 | 2025,ラーメン 百名店 EAST 2019 | ラーメン EAST,ramen_east,発表日：2021年11月24日 | 発表日：2022年11月28日 | 発表日：2023年12月5日 | 発表日：2024年12月3日 | 発表日：2025年12月2日
麺屋 菜々兵衛 本店,北海道札幌市白石区川下3条4丁目3-21,食べログ 百名店: 2019 | 2020 | 2021 | 2022 | 2023 | 2024 | 2025 / ラーメン 百名店 EAST 2019 | ラーメン EAST | ラーメン HOKKAIDO,https://tabelog.com/hokkaido/A0101/A010301/1009634/,,https://www.google.com/maps/search/?api=1&query=%E9%BA%BA%E5%B1%8B%20%E8%8F%9C%E3%80%85%E5%85%B5%E8%A1%9B%20%E6%9C%AC%E5%BA%97%20%E5%8C%97%E6%B5%B7%E9%81%93%E6%9C%AD%E5%B9%8C%E5%B8%82%E7%99%BD%E7%9F%B3%E5%8C%BA%E5%B7%9D%E4%B8%8B3%E6%9D%A14%E4%B8%81%E7%9B%AE3-21,43.0494886,141.4459606,2019 | 2020 | 2021 | 2022 | 2023 | 2024 | 2025,ラーメン 百名店 EAST 2019 | ラーメン EAST | ラーメン HOKKAIDO,ramen_east | ramen_hokkaido,発表日：2021年11月24日 | 発表日：2022年11月28日 | 発表日：2023年12月5日 | 発表日：2024年12月3日 | 発表日：2025年12月2日
仙台中華そば 銘店嘉一 国分町店,宮城県仙台市青葉区国分町3-8-12,食べログ 百名店: 2019 | 2020 | 2021 | 2022 | 2023 | 2024 | 2025 / ラーメン 百名店 EAST 2019 | ラーメン EAST,https://tabelog.com/miyagi/A0401/A040101/4009075/,,https://www.google.com/maps/search/?api=1&query=%E4%BB%99%E5%8F%B0%E4%B8%AD%E8%8F%AF%E3%81%9D%E3%81%B0%20%E9%8A%98%E5%BA%97%E5%98%89%E4%B8%80%20%E5%9B%BD%E5%88%86%E7%94%BA%E5%BA%97%20%E5%AE%AE%E5%9F%8E%E7%9C%8C%E4%BB%99%E5%8F%B0%E5%B8%82%E9%9D%92%E8%91%89%E5%8C%BA%E5%9B%BD%E5%88%86%E7%94%BA3-8-12,38.2676824,140.8683822,2019 | 2020 | 2021 | 2022 | 2023 | 2024 | 2025,ラーメン 百名店 EAST 2019 | ラーメン EAST,ramen_east,発表日：2021年11月24日 | 発表日：2022年11月28日 | 発表日：2023年12月5日 | 発表日：2024年12月3日 | 発表日：2025年12月2日
麺屋 高橋,北海道札幌市豊平区月寒東1条19-2-72 伸光ビル 1F,食べログ 百名店: 2019 | 2020 | 2021 | 2022 | 2023 | 2024 | 2025 / ラーメン 百名店 EAST 2019 | ラーメン EAST | ラーメン HOKKAIDO,https://tabelog.com/hokkaido/A0101/A010303/1009886/,,https://www.google.com/maps/search/?api=1&query=%E9%BA%BA%E5%B1%8B%20%E9%AB%98%E6%A9%8B%20%E5%8C%97%E6%B5%B7%E9%81%93%E6%9C%AD%E5%B9%8C%E5%B8%82%E8%B1%8A%E5%B9%B3%E5%8C%BA%E6%9C%88%E5%AF%92%E6%9D%B11%E6%9D%A119-2-72%20%E4%BC%B8%E5%85%89%E3%83%93%E3%83%AB%201F,43.0121486,141.4202634,2019 | 2020 | 2021 | 2022 | 2023 | 2024 | 2025,ラーメン 百名店 EAST 2019 | ラーメン EAST | ラーメン HOKKAIDO,ramen_east | ramen_hokkaido,発表日：2021年11月24日 | 発表日：2022年11月28日 | 発表日：2023年12月5日 | 発表日：2024年12月3日 | 発表日：2025年12月2日
とら食堂,福島県白河市双石滝ノ尻1,食べログ 百名店: 2019 | 2020 | 2021 | 2022 | 2023 | 2024 | 2025 / ラーメン 百名店 EAST 2019 | ラーメン EAST,https://tabelog.com/fukushima/A0703/A070301/7000016/,,https://www.google.com/maps/search/?api=1&query=%E3%81%A8%E3%82%89%E9%A3%9F%E5%A0%82%20%E7%A6%8F%E5%B3%B6%E7%9C%8C%E7%99%BD%E6%B2%B3%E5%B8%82%E5%8F%8C%E7%9F%B3%E6%BB%9D%E3%83%8E%E5%B0%BB1,37.1125898,140.2603621,2019 | 2020 | 2021 | 2022 | 2023 | 2024 | 2025,ラーメン 百名店 EAST 2019 | ラーメン EAST,ramen_east,発表日：2021年11月24日 | 発表日：2022年11月28日 | 発表日：2023年12月5日 | 発表日：2024年12月3日 | 発表日：2025年12月2日
中華そば処 琴平荘,山形県鶴岡市三瀬己381-46 旅館琴平荘,食べログ 百名店: 2019 | 2022 | 2025 / ラーメン 百名店 EAST 2019 | ラーメン EAST,https://tabelog.com/yamagata/A0603/A060302/6000573/,,https://www.google.com/maps/search/?api=1&query=%E4%B8%AD%E8%8F%AF%E3%81%9D%E3%81%B0%E5%87%A6%20%E7%90%B4%E5%B9%B3%E8%8D%98%20%E5%B1%B1%E5%BD%A2%E7%9C%8C%E9%B6%B4%E5%B2%A1%E5%B8%82%E4%B8%89%E7%80%AC%E5%B7%B1381-46%20%E6%97%85%E9%A4%A8%E7%90%B4%E5%B9%B3%E8%8D%98,38.7062248,139.6620644,2019 | 2022 | 2025,ラーメン 百名店 EAST 2019 | ラーメン EAST,ramen_east,発表日：2022年11月28日 | 発表日：2025年12月2日
食堂 はせ川,福島県喜多方市大荒井6,食べログ 百名店: 2019 | 2024 | 2025 / ラーメン 百名店 EAST 2019 | ラーメン EAST,https://tabelog.com/fukushima/A0706/A070601/7000009/,,https://www.google.com/maps/search/?api=1&query=%E9%A3%9F%E5%A0%82%20%E3%81%AF%E3%81%9B%E5%B7%9D%20%E7%A6%8F%E5%B3%B6%E7%9C%8C%E5%96%9C%E5%A4%9A%E6%96%B9%E5%B8%82%E5%A4%A7%E8%8D%92%E4%BA%956,37.6707438,139.8641408,2019 | 2024 | 2025,ラーメン 百名店 EAST 2019 | ラーメン EAST,ramen_east,発表日：2024年12月3日 | 発表日：2025年12月2日
麺屋 彩未,北海道札幌市豊平区美園10条5-3-12,食べログ 百名店: 2019 | 2020 | 2021 | 2022 | 2023 | 2024 | 2025 / ラーメン 百名店 EAST 2019 | ラーメン EAST | ラーメン HOKKAIDO,https://tabelog.com/hokkaido/A0101/A010303/1000018/,,https://www.google.com/maps/search/?api=1&query=%E9%BA%BA%E5%B1%8B%20%E5%BD%A9%E6%9C%AA%20%E5%8C%97%E6%B5%B7%E9%81%93%E6%9C%AD%E5%B9%8C%E5%B8%82%E8%B1%8A%E5%B9%B3%E5%8C%BA%E7%BE%8E%E5%9C%9210%E6%9D%A15-3-12,43.0352738,141.3819516,2019 | 2020 | 2021 | 2022 | 2023 | 2024 | 2025,ラーメン 百名店 EAST 2019 | ラーメン EAST | ラーメン HOKKAIDO,ramen_east | ramen_hokkaido,発表日：2021年11月24日 | 発表日：2022年11月28日 | 発表日：2023年12月5日 | 発表日：2024年12月3日 | 発表日：2025年12月2日
小樽洋菓子舗ルタオ 本店,北海道小樽市堺町7-16,食べログ 百名店: 2019 / スイーツ 百名店 EAST 2019,https://tabelog.com/hokkaido/A0106/A010601/1000304/,,https://www.google.com/maps/search/?api=1&query=%E5%B0%8F%E6%A8%BD%E6%B4%8B%E8%8F%93%E5%AD%90%E8%88%97%E3%83%AB%E3%82%BF%E3%82%AA%20%E6%9C%AC%E5%BA%97%20%E5%8C%97%E6%B5%B7%E9%81%93%E5%B0%8F%E6%A8%BD%E5%B8%82%E5%A0%BA%E7%94%BA7-16,43.1913192,141.0074424,2019,スイーツ 百名店 EAST 2019,sweets_east,
六花亭 帯広本店,北海道帯広市西二条南9-6 六花亭本店 1F,食べログ 百名店: 2019 / スイーツ 百名店 EAST 2019,https://tabelog.com/hokkaido/A0111/A011101/1000012/,,https://www.google.com/maps/search/?api=1&query=%E5%85%AD%E8%8A%B1%E4%BA%AD%20%E5%B8%AF%E5%BA%83%E6%9C%AC%E5%BA%97%20%E5%8C%97%E6%B5%B7%E9%81%93%E5%B8%AF%E5%BA%83%E5%B8%82%E8%A5%BF%E4%BA%8C%E6%9D%A1%E5%8D%979-6%20%E5%85%AD%E8%8A%B1%E4%BA%AD%E6%9C%AC%E5%BA%97%201F,42.9222870,143.2025139,2019,スイーツ 百名店 EAST 2019,sweets_east,
農家の茶屋　自然満喫倶楽部,北海道札幌市清田区有明187番地,食べログ 百名店: 2019 | 2023 / スイーツ 百名店 EAST 2019 | スイーツ EAST,https://tabelog.com/hokkaido/A0101/A010304/1008448/,,https://www.google.com/maps/search/?api=1&query=%E8%BE%B2%E5%AE%B6%E3%81%AE%E8%8C%B6%E5%B1%8B%E3%80%80%E8%87%AA%E7%84%B6%E6%BA%80%E5%96%AB%E5%80%B6%E6%A5%BD%E9%83%A8%20%E5%8C%97%E6%B5%B7%E9%81%93%E6%9C%AD%E5%B9%8C%E5%B8%82%E6%B8%85%E7%94%B0%E5%8C%BA%E6%9C%89%E6%98%8E187%E7%95%AA%E5%9C%B0,42.9469586,141.4483239,2019 | 2023,スイーツ 百名店 EAST 2019 | スイーツ EAST,sweets_east,発表日：2023年8月15日
KANON PANCAKES,北海道札幌市白石区菊水3条5-5-18,食べログ 百名店: 2019 / スイーツ 百名店 EAST 2019,https://tabelog.com/hokkaido/A0101/A010301/1041025/,,https://www.google.com/maps/search/?api=1&query=KANON%20PANCAKES%20%E5%8C%97%E6%B5%B7%E9%81%93%E6%9C%AD%E5%B9%8C%E5%B8%82%E7%99%BD%E7%9F%B3%E5%8C%BA%E8%8F%8A%E6%B0%B43%E6%9D%A15-5-18,43.0536745,141.3812913,2019,スイーツ 百名店 EAST 2019,sweets_east,
ムラタ,宮城県多賀城市町前3-2-25,食べログ 百名店: 2019 | 2020 | 2022 | 2023 / スイーツ 百名店 EAST 2019 | スイーツ EAST,https://tabelog.com/miyagi/A0404/A040404/4002939/,,https://www.google.com/maps/search/?api=1&query=%E3%83%A0%E3%83%A9%E3%82%BF%20%E5%AE%AE%E5%9F%8E%E7%9C%8C%E5%A4%9A%E8%B3%80%E5%9F%8E%E5%B8%82%E7%94%BA%E5%89%8D3-2-25,38.2884205,141.0099182,2019 | 2020 | 2022 | 2023,スイーツ 百名店 EAST 2019 | スイーツ EAST,sweets_east,発表日：2022年10月20日 | 発表日：2023年8月15日
ミルク村 SAPPORO本店,北海道札幌市中央区南四条西3-7-1 ニュー北星ビル　６Ｆ,食べログ 百名店: 2019 | 2020 | 2022 | 2023 / スイーツ 百名店 EAST 2019 | スイーツ EAST | アイス・ジェラート,https://tabelog.com/hokkaido/A0101/A010103/1000194/,,https://www.google.com/maps/search/?api=1&query=%E3%83%9F%E3%83%AB%E3%82%AF%E6%9D%91%20SAPPORO%E6%9C%AC%E5%BA%97%20%E5%8C%97%E6%B5%B7%E9%81%93%E6%9C%AD%E5%B9%8C%E5%B8%82%E4%B8%AD%E5%A4%AE%E5%8C%BA%E5%8D%97%E5%9B%9B%E6%9D%A1%E8%A5%BF3-7-1%20%E3%83%8B%E3%83%A5%E3%83%BC%E5%8C%97%E6%98%9F%E3%83%93%E3%83%AB%E3%80%80%EF%BC%96%EF%BC%A6,43.0561277,141.3540255,2019 | 2020 | 2022 | 2023,スイーツ 百名店 EAST 2019 | スイーツ EAST | アイス・ジェラート,sweets_east | ice_gelato,発表日：2022年10月20日 | 発表日：2023年8月1日
きのとや 新千歳空港店,北海道千歳市美々 新千歳空港 国内線ターミナルビル 2F,食べログ 百名店: 2019 / スイーツ 百名店 EAST 2019,https://tabelog.com/hokkaido/A0107/A010701/1034351/,,https://www.google.com/maps/search/?api=1&query=%E3%81%8D%E3%81%AE%E3%81%A8%E3%82%84%20%E6%96%B0%E5%8D%83%E6%AD%B3%E7%A9%BA%E6%B8%AF%E5%BA%97%20%E5%8C%97%E6%B5%B7%E9%81%93%E5%8D%83%E6%AD%B3%E5%B8%82%E7%BE%8E%E3%80%85%20%E6%96%B0%E5%8D%83%E6%AD%B3%E7%A9%BA%E6%B8%AF%20%E5%9B%BD%E5%86%85%E7%B7%9A%E3%82%BF%E3%83%BC%E3%83%9F%E3%83%8A%E3%83%AB%E3%83%93%E3%83%AB%202F,42.7875410,141.6805693,2019,スイーツ 百名店 EAST 2019,sweets_east,
村上屋餅店,宮城県仙台市青葉区北目町2-38,食べログ 百名店: 2019 | 2020 | 2022 | 2023 / スイーツ 百名店 EAST 2019 | スイーツ EAST | 和菓子・甘味処 EAST,https://tabelog.com/miyagi/A0401/A040101/4000119/,,https://www.google.com/maps/search/?api=1&query=%E6%9D%91%E4%B8%8A%E5%B1%8B%E9%A4%85%E5%BA%97%20%E5%AE%AE%E5%9F%8E%E7%9C%8C%E4%BB%99%E5%8F%B0%E5%B8%82%E9%9D%92%E8%91%89%E5%8C%BA%E5%8C%97%E7%9B%AE%E7%94%BA2-38,38.2549098,140.8763872,2019 | 2020 | 2022 | 2023,スイーツ 百名店 EAST 2019 | スイーツ EAST | 和菓子・甘味処 EAST,sweets_east | wagashi_east,発表日：2022年10月20日 | 発表日：2023年8月29日
腰掛庵,山形県天童市北目1-6-11,食べログ 百名店: 2019 | 2020 | 2022 | 2023 / スイーツ 百名店 EAST 2019 | スイーツ EAST | 和菓子・甘味処 EAST,https://tabelog.com/yamagata/A0605/A060501/6000084/,,https://www.google.com/maps/search/?api=1&query=%E8%85%B0%E6%8E%9B%E5%BA%B5%20%E5%B1%B1%E5%BD%A2%E7%9C%8C%E5%A4%A9%E7%AB%A5%E5%B8%82%E5%8C%97%E7%9B%AE1-6-11,38.3500289,140.3726954,2019 | 2020 | 2022 | 2023,スイーツ 百名店 EAST 2019 | スイーツ EAST | 和菓子・甘味処 EAST,sweets_east | wagashi_east,発表日：2022年10月20日 | 発表日：2023年8月29日
カプセルモンスター,北海道札幌市中央区南1条西15 シャトールレェーヴ 5F,食べログ 百名店: 2019 | 2020 | 2022 | 2023 / スイーツ 百名店 EAST 2019 | スイーツ EAST,https://tabelog.com/hokkaido/A0101/A010102/1041432/,,https://www.google.com/maps/search/?api=1&query=%E3%82%AB%E3%83%97%E3%82%BB%E3%83%AB%E3%83%A2%E3%83%B3%E3%82%B9%E3%82%BF%E3%83%BC%20%E5%8C%97%E6%B5%B7%E9%81%93%E6%9C%AD%E5%B9%8C%E5%B8%82%E4%B8%AD%E5%A4%AE%E5%8C%BA%E5%8D%971%E6%9D%A1%E8%A5%BF15%20%E3%82%B7%E3%83%A3%E3%83%88%E3%83%BC%E3%83%AB%E3%83%AC%E3%82%A7%E3%83%BC%E3%83%B4%205F,43.0569486,141.3344011,2019 | 2020 | 2022 | 2023,スイーツ 百名店 EAST 2019 | スイーツ EAST,sweets_east,発表日：2022年10月20日 | 発表日：2023年8月15日
白い恋人パーク,北海道札幌市西区宮の沢2-2-11-36 白い恋人パーク,食べログ 百名店: 2019 / スイーツ 百名店 EAST 2019,https://tabelog.com/hokkaido/A0101/A010204/1024521/,,https://www.google.com/maps/search/?api=1&query=%E7%99%BD%E3%81%84%E6%81%8B%E4%BA%BA%E3%83%91%E3%83%BC%E3%82%AF%20%E5%8C%97%E6%B5%B7%E9%81%93%E6%9C%AD%E5%B9%8C%E5%B8%82%E8%A5%BF%E5%8C%BA%E5%AE%AE%E3%81%AE%E6%B2%A22-2-11-36%20%E7%99%BD%E3%81%84%E6%81%8B%E4%BA%BA%E3%83%91%E3%83%BC%E3%82%AF,43.0888840,141.2717132,2019,スイーツ 百名店 EAST 2019,sweets_east,
沼の家,北海道亀田郡七飯町字大沼町145,食べログ 百名店: 2019 | 2023 / スイーツ 百名店 EAST 2019 | 和菓子・甘味処 EAST,https://tabelog.com/hokkaido/A0105/A010502/1007020/,,https://www.google.com/maps/search/?api=1&query=%E6%B2%BC%E3%81%AE%E5%AE%B6%20%E5%8C%97%E6%B5%B7%E9%81%93%E4%BA%80%E7%94%B0%E9%83%A1%E4%B8%83%E9%A3%AF%E7%94%BA%E5%AD%97%E5%A4%A7%E6%B2%BC%E7%94%BA145,41.9816197,140.6706558,2019 | 2023,スイーツ 百名店 EAST 2019 | 和菓子・甘味処 EAST,sweets_east | wagashi_east,発表日：2023年8月29日
ナカヤ菓子店,北海道砂川市東1条南10丁目2-13,食べログ 百名店: 2019 | 2023 / スイーツ 百名店 EAST 2019 | スイーツ EAST,https://tabelog.com/hokkaido/A0107/A010707/1024174/,,https://www.google.com/maps/search/?api=1&query=%E3%83%8A%E3%82%AB%E3%83%A4%E8%8F%93%E5%AD%90%E5%BA%97%20%E5%8C%97%E6%B5%B7%E9%81%93%E7%A0%82%E5%B7%9D%E5%B8%82%E6%9D%B11%E6%9D%A1%E5%8D%9710%E4%B8%81%E7%9B%AE2-13,43.4791451,141.9038055,2019 | 2023,スイーツ 百名店 EAST 2019 | スイーツ EAST,sweets_east,発表日：2023年8月15日
たいやき札幌柳屋,北海道札幌市東区北46条東4丁目3-1,食べログ 百名店: 2019 / スイーツ 百名店 EAST 2019,https://tabelog.com/hokkaido/A0101/A010202/1004885/,,https://www.google.com/maps/search/?api=1&query=%E3%81%9F%E3%81%84%E3%82%84%E3%81%8D%E6%9C%AD%E5%B9%8C%E6%9F%B3%E5%B1%8B%20%E5%8C%97%E6%B5%B7%E9%81%93%E6%9C%AD%E5%B9%8C%E5%B8%82%E6%9D%B1%E5%8C%BA%E5%8C%9746%E6%9D%A1%E6%9D%B14%E4%B8%81%E7%9B%AE3-1,43.1162835,141.3484900,2019,スイーツ 百名店 EAST 2019,sweets_east,
菓子工房フラノデリス,北海道富良野市字下御料2156-1,食べログ 百名店: 2019 | 2020 | 2022 | 2023 / スイーツ 百名店 EAST 2019 | スイーツ EAST,https://tabelog.com/hokkaido/A0104/A010403/1000940/,,https://www.google.com/maps/search/?api=1&query=%E8%8F%93%E5%AD%90%E5%B7%A5%E6%88%BF%E3%83%95%E3%83%A9%E3%83%8E%E3%83%87%E3%83%AA%E3%82%B9%20%E5%8C%97%E6%B5%B7%E9%81%93%E5%AF%8C%E8%89%AF%E9%87%8E%E5%B8%82%E5%AD%97%E4%B8%8B%E5%BE%A1%E6%96%992156-1,43.3381516,142.3608628,2019 | 2020 | 2022 | 2023,スイーツ 百名店 EAST 2019 | スイーツ EAST,sweets_east,発表日：2022年10月20日 | 発表日：2023年8月15日
ミルク&パフェ よつ葉ホワイトコージ 札幌パセオ店,北海道札幌市北区北六条西4-3-1 札幌パセオ　Ｂ１Ｆ,食べログ 百名店: 2019 / スイーツ 百名店 EAST 2019,https://tabelog.com/hokkaido/A0101/A010101/1001108/,,https://www.google.com/maps/search/?api=1&query=%E3%83%9F%E3%83%AB%E3%82%AF%26%E3%83%91%E3%83%95%E3%82%A7%20%E3%82%88%E3%81%A4%E8%91%89%E3%83%9B%E3%83%AF%E3%82%A4%E3%83%88%E3%82%B3%E3%83%BC%E3%82%B8%20%E6%9C%AD%E5%B9%8C%E3%83%91%E3%82%BB%E3%82%AA%E5%BA%97%20%E5%8C%97%E6%B5%B7%E9%81%93%E6%9C%AD%E5%B9%8C%E5%B8%82%E5%8C%97%E5%8C%BA%E5%8C%97%E5%85%AD%E6%9D%A1%E8%A5%BF4-3-1%20%E6%9C%AD%E5%B9%8C%E3%83%91%E3%82%BB%E3%82%AA%E3%80%80%EF%BC%A2%EF%BC%91%EF%BC%A6,43.0684136,141.3508934,2019,スイーツ 百名店 EAST 2019,sweets_east,
シュトラウス,青森県青森市新町1-13-21,食べログ 百名店: 2019 | 2020 | 2022 | 2023 / スイーツ 百名店 EAST 2019 | スイーツ EAST,https://tabelog.com/aomori/A0201/A020101/2000092/,,https://www.google.com/maps/search/?api=1&query=%E3%82%B7%E3%83%A5%E3%83%88%E3%83%A9%E3%82%A6%E3%82%B9%20%E9%9D%92%E6%A3%AE%E7%9C%8C%E9%9D%92%E6%A3%AE%E5%B8%82%E6%96%B0%E7%94%BA1-13-21,40.8265177,140.7387214,2019 | 2020 | 2022 | 2023,スイーツ 百名店 EAST 2019 | スイーツ EAST,sweets_east,発表日：2022年10月20日 | 発表日：2023年8月15日
ボン・ヴィバン,北海道札幌市中央区南11条西1丁目5-23,食べログ 百名店: 2019 / スイーツ 百名店 EAST 2019,https://tabelog.com/hokkaido/A0101/A010104/1029443/,,https://www.google.com/maps/search/?api=1&query=%E3%83%9C%E3%83%B3%E3%83%BB%E3%83%B4%E3%82%A3%E3%83%90%E3%83%B3%20%E5%8C%97%E6%B5%B7%E9%81%93%E6%9C%AD%E5%B9%8C%E5%B8%82%E4%B8%AD%E5%A4%AE%E5%8C%BA%E5%8D%9711%E6%9D%A1%E8%A5%BF1%E4%B8%81%E7%9B%AE5-23,43.0465996,141.3569781,2019,スイーツ 百名店 EAST 2019,sweets_east,
KINOTOYA BAKE JR札幌駅東口店,北海道札幌市北区北6条西3 JR札幌駅 東改札口横,食べログ 百名店: 2019 / スイーツ 百名店 EAST 2019,https://tabelog.com/hokkaido/A0101/A010101/1040392/,,https://www.google.com/maps/search/?api=1&query=KINOTOYA%20BAKE%20JR%E6%9C%AD%E5%B9%8C%E9%A7%85%E6%9D%B1%E5%8F%A3%E5%BA%97%20%E5%8C%97%E6%B5%B7%E9%81%93%E6%9C%AD%E5%B9%8C%E5%B8%82%E5%8C%97%E5%8C%BA%E5%8C%976%E6%9D%A1%E8%A5%BF3%20JR%E6%9C%AD%E5%B9%8C%E9%A7%85%20%E6%9D%B1%E6%94%B9%E6%9C%AD%E5%8F%A3%E6%A8%AA,43.0683725,141.3511817,2019,スイーツ 百名店 EAST 2019,sweets_east,
アンジェリック ヴォヤージュ 本店,北海道函館市弥生町3-11,食べログ 百名店: 2019 | 2020 | 2023 / スイーツ 百名店 EAST 2019 | スイーツ EAST,https://tabelog.com/hokkaido/A0105/A010501/1026155/,,https://www.google.com/maps/search/?api=1&query=%E3%82%A2%E3%83%B3%E3%82%B8%E3%82%A7%E3%83%AA%E3%83%83%E3%82%AF%20%E3%83%B4%E3%82%A9%E3%83%A4%E3%83%BC%E3%82%B8%E3%83%A5%20%E6%9C%AC%E5%BA%97%20%E5%8C%97%E6%B5%B7%E9%81%93%E5%87%BD%E9%A4%A8%E5%B8%82%E5%BC%A5%E7%94%9F%E7%94%BA3-11,41.7679745,140.7091754,2019 | 2020 | 2023,スイーツ 百名店 EAST 2019 | スイーツ EAST,sweets_east,発表日：2023年8月15日
ハッピーベリー,福島県西白河郡矢吹町弥栄63-2,食べログ 百名店: 2019 | 2020 | 2022 | 2023 / スイーツ 百名店 EAST 2019 | スイーツ EAST,https://tabelog.com/fukushima/A0703/A070301/7006158/,,https://www.google.com/maps/search/?api=1&query=%E3%83%8F%E3%83%83%E3%83%94%E3%83%BC%E3%83%99%E3%83%AA%E3%83%BC%20%E7%A6%8F%E5%B3%B6%E7%9C%8C%E8%A5%BF%E7%99%BD%E6%B2%B3%E9%83%A1%E7%9F%A2%E5%90%B9%E7%94%BA%E5%BC%A5%E6%A0%8463-2,37.1869199,140.3337093,2019 | 2020 | 2022 | 2023,スイーツ 百名店 EAST 2019 | スイーツ EAST,sweets_east,発表日：2022年10月20日 | 発表日：2023年8月15日
カズノリ イケダ アンディヴィデュエル 南町通店,宮城県仙台市青葉区一番町2-3-8 ブラザーパーキング 1F,食べログ 百名店: 2019 | 2020 | 2022 | 2023 / スイーツ 百名店 EAST 2019 | スイーツ EAST,https://tabelog.com/miyagi/A0401/A040101/4012124/,,https://www.google.com/maps/search/?api=1&query=%E3%82%AB%E3%82%BA%E3%83%8E%E3%83%AA%20%E3%82%A4%E3%82%B1%E3%83%80%20%E3%82%A2%E3%83%B3%E3%83%87%E3%82%A3%E3%83%B4%E3%82%A3%E3%83%87%E3%83%A5%E3%82%A8%E3%83%AB%20%E5%8D%97%E7%94%BA%E9%80%9A%E5%BA%97%20%E5%AE%AE%E5%9F%8E%E7%9C%8C%E4%BB%99%E5%8F%B0%E5%B8%82%E9%9D%92%E8%91%89%E5%8C%BA%E4%B8%80%E7%95%AA%E7%94%BA2-3-8%20%E3%83%96%E3%83%A9%E3%82%B6%E3%83%BC%E3%83%91%E3%83%BC%E3%82%AD%E3%83%B3%E3%82%B0%201F,38.2583248,140.8738709,2019 | 2020 | 2022 | 2023,スイーツ 百名店 EAST 2019 | スイーツ EAST,sweets_east,発表日：2022年10月20日 | 発表日：2023年8月15日
梵くら,宮城県仙台市青葉区立町23-14 スクエアビル 3F,食べログ 百名店: 2019 | 2020 | 2022 | 2023 / スイーツ 百名店 EAST 2019 | スイーツ EAST,https://tabelog.com/miyagi/A0401/A040101/4013005/,,https://www.google.com/maps/search/?api=1&query=%E6%A2%B5%E3%81%8F%E3%82%89%20%E5%AE%AE%E5%9F%8E%E7%9C%8C%E4%BB%99%E5%8F%B0%E5%B8%82%E9%9D%92%E8%91%89%E5%8C%BA%E7%AB%8B%E7%94%BA23-14%20%E3%82%B9%E3%82%AF%E3%82%A8%E3%82%A2%E3%83%93%E3%83%AB%203F,38.2644845,140.8639057,2019 | 2020 | 2022 | 2023,スイーツ 百名店 EAST 2019 | スイーツ EAST,sweets_east,発表日：2022年10月20日 | 発表日：2023年8月15日
甘味処 彦いち,宮城県仙台市青葉区一番町4-5-41,食べログ 百名店: 2019 | 2022 | 2023 / スイーツ 百名店 EAST 2019 | スイーツ EAST | 和菓子・甘味処 EAST,https://tabelog.com/miyagi/A0401/A040101/4001665/,,https://www.google.com/maps/search/?api=1&query=%E7%94%98%E5%91%B3%E5%87%A6%20%E5%BD%A6%E3%81%84%E3%81%A1%20%E5%AE%AE%E5%9F%8E%E7%9C%8C%E4%BB%99%E5%8F%B0%E5%B8%82%E9%9D%92%E8%91%89%E5%8C%BA%E4%B8%80%E7%95%AA%E7%94%BA4-5-41,38.2638398,140.8713620,2019 | 2022 | 2023,スイーツ 百名店 EAST 2019 | スイーツ EAST | 和菓子・甘味処 EAST,sweets_east | wagashi_east,発表日：2022年10月20日 | 発表日：2023年8月29日
函館洋菓子スナッフルス 駅前店,北海道函館市若松町18-2,食べログ 百名店: 2019 / スイーツ 百名店 EAST 2019,https://tabelog.com/hokkaido/A0105/A010501/1000177/,,https://www.google.com/maps/search/?api=1&query=%E5%87%BD%E9%A4%A8%E6%B4%8B%E8%8F%93%E5%AD%90%E3%82%B9%E3%83%8A%E3%83%83%E3%83%95%E3%83%AB%E3%82%B9%20%E9%A7%85%E5%89%8D%E5%BA%97%20%E5%8C%97%E6%B5%B7%E9%81%93%E5%87%BD%E9%A4%A8%E5%B8%82%E8%8B%A5%E6%9D%BE%E7%94%BA18-2,41.7725094,140.7294169,2019,スイーツ 百名店 EAST 2019,sweets_east,
アドゥマン,宮城県仙台市泉区泉中央1-9-4 レジュイール泉 1F,食べログ 百名店: 2020 | 2022 / パン EAST,https://tabelog.com/miyagi/A0401/A040104/4012831/,,https://www.google.com/maps/search/?api=1&query=%E3%82%A2%E3%83%89%E3%82%A5%E3%83%9E%E3%83%B3%20%E5%AE%AE%E5%9F%8E%E7%9C%8C%E4%BB%99%E5%8F%B0%E5%B8%82%E6%B3%89%E5%8C%BA%E6%B3%89%E4%B8%AD%E5%A4%AE1-9-4%20%E3%83%AC%E3%82%B8%E3%83%A5%E3%82%A4%E3%83%BC%E3%83%AB%E6%B3%89%201F,38.3213551,140.8803734,2020 | 2022,パン EAST,bread_east,発表日：2022年10月11日
福田パン 長田町本店,岩手県盛岡市長田町12-11,食べログ 百名店: 2020 | 2022 / パン EAST,https://tabelog.com/iwate/A0301/A030101/3001022/,,https://www.google.com/maps/search/?api=1&query=%E7%A6%8F%E7%94%B0%E3%83%91%E3%83%B3%20%E9%95%B7%E7%94%B0%E7%94%BA%E6%9C%AC%E5%BA%97%20%E5%B2%A9%E6%89%8B%E7%9C%8C%E7%9B%9B%E5%B2%A1%E5%B8%82%E9%95%B7%E7%94%B0%E7%94%BA12-11,39.7082379,141.1420974,2020 | 2022,パン EAST,bread_east,発表日：2022年10月11日
ブーランジェリー コロン 本店,北海道札幌市中央区北2条東3丁目2-4 prod23  1F,食べログ 百名店: 2020 | 2022 / パン EAST,https://tabelog.com/hokkaido/A0101/A010102/1040487/,,https://www.google.com/maps/search/?api=1&query=%E3%83%96%E3%83%BC%E3%83%A9%E3%83%B3%E3%82%B8%E3%82%A7%E3%83%AA%E3%83%BC%20%E3%82%B3%E3%83%AD%E3%83%B3%20%E6%9C%AC%E5%BA%97%20%E5%8C%97%E6%B5%B7%E9%81%93%E6%9C%AD%E5%B9%8C%E5%B8%82%E4%B8%AD%E5%A4%AE%E5%8C%BA%E5%8C%972%E6%9D%A1%E6%9D%B13%E4%B8%81%E7%9B%AE2-4%20prod23%20%201F,43.0646067,141.3598883,2020 | 2022,パン EAST,bread_east,発表日：2022年10月11日
美瑛選果 新千歳空港店,北海道千歳市美々 新千歳空港 国内線ターミナルビル 2F,食べログ 百名店: 2020 | 2022 / パン EAST,https://tabelog.com/hokkaido/A0107/A010701/1034722/,,https://www.google.com/maps/search/?api=1&query=%E7%BE%8E%E7%91%9B%E9%81%B8%E6%9E%9C%20%E6%96%B0%E5%8D%83%E6%AD%B3%E7%A9%BA%E6%B8%AF%E5%BA%97%20%E5%8C%97%E6%B5%B7%E9%81%93%E5%8D%83%E6%AD%B3%E5%B8%82%E7%BE%8E%E3%80%85%20%E6%96%B0%E5%8D%83%E6%AD%B3%E7%A9%BA%E6%B8%AF%20%E5%9B%BD%E5%86%85%E7%B7%9A%E3%82%BF%E3%83%BC%E3%83%9F%E3%83%8A%E3%83%AB%E3%83%93%E3%83%AB%202F,42.7877658,141.6803536,2020 | 2022,パン EAST,bread_east,発表日：2022年10月11日
おかめや 工場直販店,北海道札幌市西区発寒16条4丁目5-1,食べログ 百名店: 2020 / パン EAST,https://tabelog.com/hokkaido/A0101/A010204/1025633/,,https://www.google.com/maps/search/?api=1&query=%E3%81%8A%E3%81%8B%E3%82%81%E3%82%84%20%E5%B7%A5%E5%A0%B4%E7%9B%B4%E8%B2%A9%E5%BA%97%20%E5%8C%97%E6%B5%B7%E9%81%93%E6%9C%AD%E5%B9%8C%E5%B8%82%E8%A5%BF%E5%8C%BA%E7%99%BA%E5%AF%9216%E6%9D%A14%E4%B8%81%E7%9B%AE5-1,43.1083147,141.2916193,2020,パン EAST,bread_east,
ぱん吉,北海道札幌市北区北八条西4-18,食べログ 百名店: 2020 | 2022 / パン EAST,https://tabelog.com/hokkaido/A0101/A010101/1001468/,,https://www.google.com/maps/search/?api=1&query=%E3%81%B1%E3%82%93%E5%90%89%20%E5%8C%97%E6%B5%B7%E9%81%93%E6%9C%AD%E5%B9%8C%E5%B8%82%E5%8C%97%E5%8C%BA%E5%8C%97%E5%85%AB%E6%9D%A1%E8%A5%BF4-18,43.0710880,141.3485624,2020 | 2022,パン EAST,bread_east,発表日：2022年10月11日
麦音,北海道帯広市稲田町南8線西16-43,食べログ 百名店: 2020 | 2022 / パン EAST,https://tabelog.com/hokkaido/A0111/A011101/1021428/,,https://www.google.com/maps/search/?api=1&query=%E9%BA%A6%E9%9F%B3%20%E5%8C%97%E6%B5%B7%E9%81%93%E5%B8%AF%E5%BA%83%E5%B8%82%E7%A8%B2%E7%94%B0%E7%94%BA%E5%8D%978%E7%B7%9A%E8%A5%BF16-43,42.8905817,143.1916887,2020 | 2022,パン EAST,bread_east,発表日：2022年10月11日
エグ・ヴィヴ,北海道小樽市忍路1-195,食べログ 百名店: 2020 | 2022 / パン EAST,https://tabelog.com/hokkaido/A0106/A010601/1004949/,,https://www.google.com/maps/search/?api=1&query=%E3%82%A8%E3%82%B0%E3%83%BB%E3%83%B4%E3%82%A3%E3%83%B4%20%E5%8C%97%E6%B5%B7%E9%81%93%E5%B0%8F%E6%A8%BD%E5%B8%82%E5%BF%8D%E8%B7%AF1-195,43.2050697,140.8695615,2020 | 2022,パン EAST,bread_east,発表日：2022年10月11日
ブーランジェリー　ジン,北海道虻田郡真狩村桜川45-8,食べログ 百名店: 2020 | 2022 / パン EAST,https://tabelog.com/hokkaido/A0106/A010603/1004625/,,https://www.google.com/maps/search/?api=1&query=%E3%83%96%E3%83%BC%E3%83%A9%E3%83%B3%E3%82%B8%E3%82%A7%E3%83%AA%E3%83%BC%E3%80%80%E3%82%B8%E3%83%B3%20%E5%8C%97%E6%B5%B7%E9%81%93%E8%99%BB%E7%94%B0%E9%83%A1%E7%9C%9F%E7%8B%A9%E6%9D%91%E6%A1%9C%E5%B7%9D45-8,42.7533790,140.7760173,2020 | 2022,パン EAST,bread_east,発表日：2022年10月11日
ブランジェリー ラ・フォンティヌ・ドゥ・ルルド,北海道札幌市中央区宮の森4条12丁目10-1,食べログ 百名店: 2020 | 2022 / パン EAST,https://tabelog.com/hokkaido/A0101/A010105/1007040/,,https://www.google.com/maps/search/?api=1&query=%E3%83%96%E3%83%A9%E3%83%B3%E3%82%B8%E3%82%A7%E3%83%AA%E3%83%BC%20%E3%83%A9%E3%83%BB%E3%83%95%E3%82%A9%E3%83%B3%E3%83%86%E3%82%A3%E3%83%8C%E3%83%BB%E3%83%89%E3%82%A5%E3%83%BB%E3%83%AB%E3%83%AB%E3%83%89%20%E5%8C%97%E6%B5%B7%E9%81%93%E6%9C%AD%E5%B9%8C%E5%B8%82%E4%B8%AD%E5%A4%AE%E5%8C%BA%E5%AE%AE%E3%81%AE%E6%A3%AE4%E6%9D%A112%E4%B8%81%E7%9B%AE10-1,43.0543168,141.2928376,2020 | 2022,パン EAST,bread_east,発表日：2022年10月11日
ココペライ,北海道札幌市中央区北7条西18丁目4-10,食べログ 百名店: 2020 | 2022 / パン EAST,https://tabelog.com/hokkaido/A0101/A010102/1008888/,,https://www.google.com/maps/search/?api=1&query=%E3%82%B3%E3%82%B3%E3%83%9A%E3%83%A9%E3%82%A4%20%E5%8C%97%E6%B5%B7%E9%81%93%E6%9C%AD%E5%B9%8C%E5%B8%82%E4%B8%AD%E5%A4%AE%E5%8C%BA%E5%8C%977%E6%9D%A1%E8%A5%BF18%E4%B8%81%E7%9B%AE4-10,43.0663110,141.3266861,2020 | 2022,パン EAST,bread_east,発表日：2022年10月11日
Rojiura Curry SAMURAI. さくら店,北海道札幌市中央区南3条西6丁目1-3 ティアラ36 2F・3F,食べログ 百名店: 2020 / カレー EAST,https://tabelog.com/hokkaido/A0101/A010103/1031790/,,https://www.google.com/maps/search/?api=1&query=Rojiura%20Curry%20SAMURAI.%20%E3%81%95%E3%81%8F%E3%82%89%E5%BA%97%20%E5%8C%97%E6%B5%B7%E9%81%93%E6%9C%AD%E5%B9%8C%E5%B8%82%E4%B8%AD%E5%A4%AE%E5%8C%BA%E5%8D%973%E6%9D%A1%E8%A5%BF6%E4%B8%81%E7%9B%AE1-3%20%E3%83%86%E3%82%A3%E3%82%A2%E3%83%A936%202F%E3%83%BB3F,43.0558188,141.3499100,2020,カレー EAST,curry_east,
SOUP CURRY KING セントラル,北海道札幌市中央区南2条西3丁目13-4 カタオカビル B1,食べログ 百名店: 2020 | 2023 | 2024 / カレー EAST,https://tabelog.com/hokkaido/A0101/A010102/1055662/,,https://www.google.com/maps/search/?api=1&query=SOUP%20CURRY%20KING%20%E3%82%BB%E3%83%B3%E3%83%88%E3%83%A9%E3%83%AB%20%E5%8C%97%E6%B5%B7%E9%81%93%E6%9C%AD%E5%B9%8C%E5%B8%82%E4%B8%AD%E5%A4%AE%E5%8C%BA%E5%8D%972%E6%9D%A1%E8%A5%BF3%E4%B8%81%E7%9B%AE13-4%20%E3%82%AB%E3%82%BF%E3%82%AA%E3%82%AB%E3%83%93%E3%83%AB%20B1,43.0580908,141.3535687,2020 | 2023 | 2024,カレー EAST,curry_east,発表日：2023年10月10日 | 発表日：2024年8月6日
SAKURA BROWN,北海道札幌市西区琴似1条5-4-10 シティラディファンス 2F,食べログ 百名店: 2020 | 2023 | 2024 / カレー EAST,https://tabelog.com/hokkaido/A0101/A010204/1044404/,,https://www.google.com/maps/search/?api=1&query=SAKURA%20BROWN%20%E5%8C%97%E6%B5%B7%E9%81%93%E6%9C%AD%E5%B9%8C%E5%B8%82%E8%A5%BF%E5%8C%BA%E7%90%B4%E4%BC%BC1%E6%9D%A15-4-10%20%E3%82%B7%E3%83%86%E3%82%A3%E3%83%A9%E3%83%87%E3%82%A3%E3%83%95%E3%82%A1%E3%83%B3%E3%82%B9%202F,43.0754699,141.3034539,2020 | 2023 | 2024,カレー EAST,curry_east,発表日：2023年10月10日 | 発表日：2024年8月6日
西屯田通りスープカレー本舗,北海道札幌市中央区南八条西13-4-5,食べログ 百名店: 2020 | 2023 | 2024 / カレー EAST,https://tabelog.com/hokkaido/A0101/A010104/1007981/,https://tabelog.com/hokkaido/A0101/A010104/1007981/?cid=google_yoyaku,https://www.google.com/maps/search/?api=1&query=%E8%A5%BF%E5%B1%AF%E7%94%B0%E9%80%9A%E3%82%8A%E3%82%B9%E3%83%BC%E3%83%97%E3%82%AB%E3%83%AC%E3%83%BC%E6%9C%AC%E8%88%97%20%E5%8C%97%E6%B5%B7%E9%81%93%E6%9C%AD%E5%B9%8C%E5%B8%82%E4%B8%AD%E5%A4%AE%E5%8C%BA%E5%8D%97%E5%85%AB%E6%9D%A1%E8%A5%BF13-4-5,43.0484095,141.3390149,2020 | 2023 | 2024,カレー EAST,curry_east,発表日：2023年10月10日 | 発表日：2024年8月6日
STAR,北海道小樽市星野町19-2,食べログ 百名店: 2020 | 2022 | 2023 / カレー EAST | アジア・エスニック EAST,https://tabelog.com/hokkaido/A0106/A010601/1042370/,https://tabelog.com/hokkaido/A0106/A010601/1042370/?cid=google_yoyaku,https://www.google.com/maps/search/?api=1&query=STAR%20%E5%8C%97%E6%B5%B7%E9%81%93%E5%B0%8F%E6%A8%BD%E5%B8%82%E6%98%9F%E9%87%8E%E7%94%BA19-2,43.1317748,141.1897502,2020 | 2022 | 2023,カレー EAST | アジア・エスニック EAST,curry_east | asia_ethnic_east,発表日：2022年7月26日 | 発表日：2023年9月26日
らっきょ,北海道札幌市西区琴似1条1-7-7 カピテーヌ琴似　１Ｆ,食べログ 百名店: 2020 | 2023 | 2024 / カレー EAST,https://tabelog.com/hokkaido/A0101/A010204/1000164/,https://tabelog.com/hokkaido/A0101/A010204/1000164/?cid=google_yoyaku,https://www.google.com/maps/search/?api=1&query=%E3%82%89%E3%81%A3%E3%81%8D%E3%82%87%20%E5%8C%97%E6%B5%B7%E9%81%93%E6%9C%AD%E5%B9%8C%E5%B8%82%E8%A5%BF%E5%8C%BA%E7%90%B4%E4%BC%BC1%E6%9D%A11-7-7%20%E3%82%AB%E3%83%94%E3%83%86%E3%83%BC%E3%83%8C%E7%90%B4%E4%BC%BC%E3%80%80%EF%BC%91%EF%BC%A6,43.0798925,141.3082008,2020 | 2023 | 2024,カレー EAST,curry_east,発表日：2023年10月10日 | 発表日：2024年8月6日
ラーメン 木曜日,北海道札幌市中央区南8条西13-3-35,食べログ 百名店: 2020 | 2021 | 2022 | 2023 | 2024 | 2025 / ラーメン EAST | ラーメン HOKKAIDO,https://tabelog.com/hokkaido/A0101/A010104/1038229/,,https://www.google.com/maps/search/?api=1&query=%E3%83%A9%E3%83%BC%E3%83%A1%E3%83%B3%20%E6%9C%A8%E6%9B%9C%E6%97%A5%20%E5%8C%97%E6%B5%B7%E9%81%93%E6%9C%AD%E5%B9%8C%E5%B8%82%E4%B8%AD%E5%A4%AE%E5%8C%BA%E5%8D%978%E6%9D%A1%E8%A5%BF13-3-35,43.0485966,141.3373518,2020 | 2021 | 2022 | 2023 | 2024 | 2025,ラーメン EAST | ラーメン HOKKAIDO,ramen_east | ramen_hokkaido,発表日：2021年11月24日 | 発表日：2022年11月28日 | 発表日：2023年12月5日 | 発表日：2024年12月3日 | 発表日：2025年12月2日
我流麺舞 飛燕,北海道札幌市豊平区中の島1条9丁目4-14,食べログ 百名店: 2020 | 2024 | 2025 / ラーメン EAST | ラーメン HOKKAIDO,https://tabelog.com/hokkaido/A0101/A010303/1026753/,,https://www.google.com/maps/search/?api=1&query=%E6%88%91%E6%B5%81%E9%BA%BA%E8%88%9E%20%E9%A3%9B%E7%87%95%20%E5%8C%97%E6%B5%B7%E9%81%93%E6%9C%AD%E5%B9%8C%E5%B8%82%E8%B1%8A%E5%B9%B3%E5%8C%BA%E4%B8%AD%E3%81%AE%E5%B3%B61%E6%9D%A19%E4%B8%81%E7%9B%AE4-14,43.0234484,141.3568956,2020 | 2024 | 2025,ラーメン EAST | ラーメン HOKKAIDO,ramen_east | ramen_hokkaido,発表日：2024年12月3日 | 発表日：2025年12月2日
麺や 麗,北海道千歳市高台4丁目2-10,食べログ 百名店: 2020 | 2021 | 2022 | 2023 | 2024 | 2025 / ラーメン EAST | ラーメン HOKKAIDO,https://tabelog.com/hokkaido/A0107/A010701/1026411/,,https://www.google.com/maps/search/?api=1&query=%E9%BA%BA%E3%82%84%20%E9%BA%97%20%E5%8C%97%E6%B5%B7%E9%81%93%E5%8D%83%E6%AD%B3%E5%B8%82%E9%AB%98%E5%8F%B04%E4%B8%81%E7%9B%AE2-10,42.8369067,141.6524824,2020 | 2021 | 2022 | 2023 | 2024 | 2025,ラーメン EAST | ラーメン HOKKAIDO,ramen_east | ramen_hokkaido,発表日：2021年11月24日 | 発表日：2022年11月28日 | 発表日：2023年12月5日 | 発表日：2024年12月3日 | 発表日：2025年12月2日
狼スープ,北海道札幌市中央区南十一条西1-5-1,食べログ 百名店: 2020 | 2024 | 2025 / ラーメン EAST | ラーメン HOKKAIDO,https://tabelog.com/hokkaido/A0101/A010104/1000799/,,https://www.google.com/maps/search/?api=1&query=%E7%8B%BC%E3%82%B9%E3%83%BC%E3%83%97%20%E5%8C%97%E6%B5%B7%E9%81%93%E6%9C%AD%E5%B9%8C%E5%B8%82%E4%B8%AD%E5%A4%AE%E5%8C%BA%E5%8D%97%E5%8D%81%E4%B8%80%E6%9D%A1%E8%A5%BF1-5-1,43.0465230,141.3573332,2020 | 2024 | 2025,ラーメン EAST | ラーメン HOKKAIDO,ramen_east | ramen_hokkaido,発表日：2024年12月3日 | 発表日：2025年12月2日
麺や けせらせら,北海道札幌市北区太平7-5-2-5,食べログ 百名店: 2020 | 2021 | 2024 | 2025 / ラーメン EAST | ラーメン HOKKAIDO,https://tabelog.com/hokkaido/A0101/A010201/1009525/,,https://www.google.com/maps/search/?api=1&query=%E9%BA%BA%E3%82%84%20%E3%81%91%E3%81%9B%E3%82%89%E3%81%9B%E3%82%89%20%E5%8C%97%E6%B5%B7%E9%81%93%E6%9C%AD%E5%B9%8C%E5%B8%82%E5%8C%97%E5%8C%BA%E5%A4%AA%E5%B9%B37-5-2-5,43.1306207,141.3550168,2020 | 2021 | 2024 | 2025,ラーメン EAST | ラーメン HOKKAIDO,ramen_east | ramen_hokkaido,発表日：2021年11月24日 | 発表日：2024年12月3日 | 発表日：2025年12月2日
食堂なまえ,福島県喜多方市字永久7693-3,食べログ 百名店: 2020 | 2021 | 2024 / ラーメン EAST | 食堂,https://tabelog.com/fukushima/A0706/A070601/7000006/,,https://www.google.com/maps/search/?api=1&query=%E9%A3%9F%E5%A0%82%E3%81%AA%E3%81%BE%E3%81%88%20%E7%A6%8F%E5%B3%B6%E7%9C%8C%E5%96%9C%E5%A4%9A%E6%96%B9%E5%B8%82%E5%AD%97%E6%B0%B8%E4%B9%857693-3,37.6458027,139.8731472,2020 | 2021 | 2024,ラーメン EAST | 食堂,ramen_east | shokudo,発表日：2021年11月24日 | 発表日：2024年9月25日
山田家,山形県山形市本町1-7-30,食べログ 百名店: 2020 | 2022 | 2023 / スイーツ EAST | 和菓子・甘味処 EAST,https://tabelog.com/yamagata/A0601/A060101/6000124/,,https://www.google.com/maps/search/?api=1&query=%E5%B1%B1%E7%94%B0%E5%AE%B6%20%E5%B1%B1%E5%BD%A2%E7%9C%8C%E5%B1%B1%E5%BD%A2%E5%B8%82%E6%9C%AC%E7%94%BA1-7-30,38.2513999,140.3380719,2020 | 2022 | 2023,スイーツ EAST | 和菓子・甘味処 EAST,sweets_east | wagashi_east,発表日：2022年10月20日 | 発表日：2023年8月29日
パティスリーシイヤ,北海道札幌市中央区北5条西21-1-15,食べログ 百名店: 2020 | 2022 | 2023 / スイーツ EAST,https://tabelog.com/hokkaido/A0101/A010105/1000154/,,https://www.google.com/maps/search/?api=1&query=%E3%83%91%E3%83%86%E3%82%A3%E3%82%B9%E3%83%AA%E3%83%BC%E3%82%B7%E3%82%A4%E3%83%A4%20%E5%8C%97%E6%B5%B7%E9%81%93%E6%9C%AD%E5%B9%8C%E5%B8%82%E4%B8%AD%E5%A4%AE%E5%8C%BA%E5%8C%975%E6%9D%A1%E8%A5%BF21-1-15,43.0634440,141.3237632,2020 | 2022 | 2023,スイーツ EAST,sweets_east,発表日：2022年10月20日 | 発表日：2023年8月15日
うどん家 こむぎ,北海道札幌市西区八軒七条東4-1-11,食べログ 百名店: 2020 / うどん EAST,https://tabelog.com/hokkaido/A0101/A010204/1002003/,,https://www.google.com/maps/search/?api=1&query=%E3%81%86%E3%81%A9%E3%82%93%E5%AE%B6%20%E3%81%93%E3%82%80%E3%81%8E%20%E5%8C%97%E6%B5%B7%E9%81%93%E6%9C%AD%E5%B9%8C%E5%B8%82%E8%A5%BF%E5%8C%BA%E5%85%AB%E8%BB%92%E4%B8%83%E6%9D%A1%E6%9D%B14-1-11,43.0842108,141.3235974,2020,うどん EAST,udon_east,
かれーうどん 椿,北海道札幌市中央区大通西17-1-5 ノワム大通ビル　1Ｆ,食べログ 百名店: 2020 | 2022 / うどん EAST,https://tabelog.com/hokkaido/A0101/A010102/1006400/,,https://www.google.com/maps/search/?api=1&query=%E3%81%8B%E3%82%8C%E3%83%BC%E3%81%86%E3%81%A9%E3%82%93%20%E6%A4%BF%20%E5%8C%97%E6%B5%B7%E9%81%93%E6%9C%AD%E5%B9%8C%E5%B8%82%E4%B8%AD%E5%A4%AE%E5%8C%BA%E5%A4%A7%E9%80%9A%E8%A5%BF17-1-5%20%E3%83%8E%E3%83%AF%E3%83%A0%E5%A4%A7%E9%80%9A%E3%83%93%E3%83%AB%E3%80%801%EF%BC%A6,43.0582986,141.3312150,2020 | 2022,うどん EAST,udon_east,発表日：2022年3月15日
佐藤養助 秋田店,秋田県秋田市中通2-6-1 西武秋田店 B1F,食べログ 百名店: 2020 / うどん EAST,https://tabelog.com/akita/A0501/A050101/5000022/,,https://www.google.com/maps/search/?api=1&query=%E4%BD%90%E8%97%A4%E9%A4%8A%E5%8A%A9%20%E7%A7%8B%E7%94%B0%E5%BA%97%20%E7%A7%8B%E7%94%B0%E7%9C%8C%E7%A7%8B%E7%94%B0%E5%B8%82%E4%B8%AD%E9%80%9A2-6-1%20%E8%A5%BF%E6%AD%A6%E7%A7%8B%E7%94%B0%E5%BA%97%20B1F,39.7170062,140.1270251,2020,うどん EAST,udon_east,
ザンギとうどんの専門店 一久,北海道札幌市中央区南2条西1-5-1 広和ビルNO．21 1F,食べログ 百名店: 2020 / うどん EAST,https://tabelog.com/hokkaido/A0101/A010102/1007039/,,https://www.google.com/maps/search/?api=1&query=%E3%82%B6%E3%83%B3%E3%82%AE%E3%81%A8%E3%81%86%E3%81%A9%E3%82%93%E3%81%AE%E5%B0%82%E9%96%80%E5%BA%97%20%E4%B8%80%E4%B9%85%20%E5%8C%97%E6%B5%B7%E9%81%93%E6%9C%AD%E5%B9%8C%E5%B8%82%E4%B8%AD%E5%A4%AE%E5%8C%BA%E5%8D%972%E6%9D%A1%E8%A5%BF1-5-1%20%E5%BA%83%E5%92%8C%E3%83%93%E3%83%ABNO%EF%BC%8E21%201F,43.0579739,141.3566328,2020,うどん EAST,udon_east,
増田うどん,北海道札幌市中央区南3条西9-1000-6 イオ3条ビル １Ｆ,食べログ 百名店: 2020 / うどん EAST,https://tabelog.com/hokkaido/A0101/A010102/1043434/,,https://www.google.com/maps/search/?api=1&query=%E5%A2%97%E7%94%B0%E3%81%86%E3%81%A9%E3%82%93%20%E5%8C%97%E6%B5%B7%E9%81%93%E6%9C%AD%E5%B9%8C%E5%B8%82%E4%B8%AD%E5%A4%AE%E5%8C%BA%E5%8D%973%E6%9D%A1%E8%A5%BF9-1000-6%20%E3%82%A4%E3%82%AA3%E6%9D%A1%E3%83%93%E3%83%AB%20%EF%BC%91%EF%BC%A6,43.0552652,141.3435148,2020,うどん EAST,udon_east,
手打ちうどん寺屋,北海道札幌市西区山の手3条6丁目1-10,食べログ 百名店: 2020 | 2022 / うどん EAST,https://tabelog.com/hokkaido/A0101/A010204/1001950/,,https://www.google.com/maps/search/?api=1&query=%E6%89%8B%E6%89%93%E3%81%A1%E3%81%86%E3%81%A9%E3%82%93%E5%AF%BA%E5%B1%8B%20%E5%8C%97%E6%B5%B7%E9%81%93%E6%9C%AD%E5%B9%8C%E5%B8%82%E8%A5%BF%E5%8C%BA%E5%B1%B1%E3%81%AE%E6%89%8B3%E6%9D%A16%E4%B8%81%E7%9B%AE1-10,43.0683465,141.2949980,2020 | 2022,うどん EAST,udon_east,発表日：2022年3月15日
鬼はそと福はうち,北海道札幌市中央区伏見1-3-11,食べログ 百名店: 2020 / うどん EAST,https://tabelog.com/hokkaido/A0101/A010104/1002856/,https://tabelog.com/hokkaido/A0101/A010104/1002856/?cid=google_yoyaku,https://www.google.com/maps/search/?api=1&query=%E9%AC%BC%E3%81%AF%E3%81%9D%E3%81%A8%E7%A6%8F%E3%81%AF%E3%81%86%E3%81%A1%20%E5%8C%97%E6%B5%B7%E9%81%93%E6%9C%AD%E5%B9%8C%E5%B8%82%E4%B8%AD%E5%A4%AE%E5%8C%BA%E4%BC%8F%E8%A6%8B1-3-11,43.0368810,141.3270100,2020,うどん EAST,udon_east,
寛文五年堂 秋田店,秋田県秋田市中通1-4-3 エリアなかいち 1F,食べログ 百名店: 2020 / うどん EAST,https://tabelog.com/akita/A0501/A050101/5005720/,,https://www.google.com/maps/search/?api=1&query=%E5%AF%9B%E6%96%87%E4%BA%94%E5%B9%B4%E5%A0%82%20%E7%A7%8B%E7%94%B0%E5%BA%97%20%E7%A7%8B%E7%94%B0%E7%9C%8C%E7%A7%8B%E7%94%B0%E5%B8%82%E4%B8%AD%E9%80%9A1-4-3%20%E3%82%A8%E3%83%AA%E3%82%A2%E3%81%AA%E3%81%8B%E3%81%84%E3%81%A1%201F,39.7171136,140.1212719,2020,うどん EAST,udon_east,
綾屋,北海道札幌市中央区南6条西4丁目2 ススキノ野口ビル４Ｆ,食べログ 百名店: 2020 | 2021 / 焼肉 EAST,https://tabelog.com/hokkaido/A0101/A010103/1033027/,,https://www.google.com/maps/search/?api=1&query=%E7%B6%BE%E5%B1%8B%20%E5%8C%97%E6%B5%B7%E9%81%93%E6%9C%AD%E5%B9%8C%E5%B8%82%E4%B8%AD%E5%A4%AE%E5%8C%BA%E5%8D%976%E6%9D%A1%E8%A5%BF4%E4%B8%81%E7%9B%AE2%20%E3%82%B9%E3%82%B9%E3%82%AD%E3%83%8E%E9%87%8E%E5%8F%A3%E3%83%93%E3%83%AB%EF%BC%94%EF%BC%A6,43.0528475,141.3531876,2020 | 2021,焼肉 EAST,yakiniku_east,発表日：2021年11月10日
秋田牛玄亭 駅前本店,秋田県秋田市中通2-6-44 2F,食べログ 百名店: 2020 | 2021 | 2022 | 2023 | 2024 | 2025 / 焼肉 EAST,https://tabelog.com/akita/A0501/A050101/5004372/,https://tabelog.com/akita/A0501/A050101/5004372/?cid=google_yoyaku,https://www.google.com/maps/search/?api=1&query=%E7%A7%8B%E7%94%B0%E7%89%9B%E7%8E%84%E4%BA%AD%20%E9%A7%85%E5%89%8D%E6%9C%AC%E5%BA%97%20%E7%A7%8B%E7%94%B0%E7%9C%8C%E7%A7%8B%E7%94%B0%E5%B8%82%E4%B8%AD%E9%80%9A2-6-44%202F,39.7166907,140.1261233,2020 | 2021 | 2022 | 2023 | 2024 | 2025,焼肉 EAST,yakiniku_east,発表日：2021年11月10日 | 発表日：2022年8月23日 | 発表日：2023年11月7日 | 発表日：2024年10月22日 | 発表日：2025年10月15日
ホルモン・焼肉 キムチ,北海道札幌市中央区南三条西6 狸小路市場,食べログ 百名店: 2020 | 2021 | 2022 | 2023 / 焼肉 EAST,https://tabelog.com/hokkaido/A0101/A010103/1019191/,,https://www.google.com/maps/search/?api=1&query=%E3%83%9B%E3%83%AB%E3%83%A2%E3%83%B3%E3%83%BB%E7%84%BC%E8%82%89%20%E3%82%AD%E3%83%A0%E3%83%81%20%E5%8C%97%E6%B5%B7%E9%81%93%E6%9C%AD%E5%B9%8C%E5%B8%82%E4%B8%AD%E5%A4%AE%E5%8C%BA%E5%8D%97%E4%B8%89%E6%9D%A1%E8%A5%BF6%20%E7%8B%B8%E5%B0%8F%E8%B7%AF%E5%B8%82%E5%A0%B4,43.0565016,141.3493990,2020 | 2021 | 2022 | 2023,焼肉 EAST,yakiniku_east,発表日：2021年11月10日 | 発表日：2022年8月23日 | 発表日：2023年11月7日
焼肉・冷麺 三千里 雫石店,岩手県岩手郡雫石町板橋82-3,食べログ 百名店: 2020 | 2021 / 焼肉 EAST,https://tabelog.com/iwate/A0301/A030102/3000337/,,https://www.google.com/maps/search/?api=1&query=%E7%84%BC%E8%82%89%E3%83%BB%E5%86%B7%E9%BA%BA%20%E4%B8%89%E5%8D%83%E9%87%8C%20%E9%9B%AB%E7%9F%B3%E5%BA%97%20%E5%B2%A9%E6%89%8B%E7%9C%8C%E5%B2%A9%E6%89%8B%E9%83%A1%E9%9B%AB%E7%9F%B3%E7%94%BA%E6%9D%BF%E6%A9%8B82-3,39.7025155,141.0340180,2020 | 2021,焼肉 EAST,yakiniku_east,発表日：2021年11月10日
肉の割烹 田村  菊水元町店,北海道札幌市白石区菊水元町四条2-2-12,食べログ 百名店: 2020 | 2021 / 焼肉 EAST,https://tabelog.com/hokkaido/A0101/A010301/1005323/,https://tabelog.com/hokkaido/A0101/A010301/1005323/?cid=google_yoyaku,https://www.google.com/maps/search/?api=1&query=%E8%82%89%E3%81%AE%E5%89%B2%E7%83%B9%20%E7%94%B0%E6%9D%91%20%20%E8%8F%8A%E6%B0%B4%E5%85%83%E7%94%BA%E5%BA%97%20%E5%8C%97%E6%B5%B7%E9%81%93%E6%9C%AD%E5%B9%8C%E5%B8%82%E7%99%BD%E7%9F%B3%E5%8C%BA%E8%8F%8A%E6%B0%B4%E5%85%83%E7%94%BA%E5%9B%9B%E6%9D%A12-2-12,43.0698260,141.4048306,2020 | 2021,焼肉 EAST,yakiniku_east,発表日：2021年11月10日
ほるもん猿,秋田県秋田市中通り6-12-13,食べログ 百名店: 2020 | 2021 | 2022 | 2023 | 2024 | 2025 / 焼肉 EAST,https://tabelog.com/akita/A0501/A050101/5004381/,,https://www.google.com/maps/search/?api=1&query=%E3%81%BB%E3%82%8B%E3%82%82%E3%82%93%E7%8C%BF%20%E7%A7%8B%E7%94%B0%E7%9C%8C%E7%A7%8B%E7%94%B0%E5%B8%82%E4%B8%AD%E9%80%9A%E3%82%8A6-12-13,39.7134407,140.1266413,2020 | 2021 | 2022 | 2023 | 2024 | 2025,焼肉 EAST,yakiniku_east,発表日：2021年11月10日 | 発表日：2022年8月23日 | 発表日：2023年11月7日 | 発表日：2024年10月22日 | 発表日：2025年10月15日
コサリ,北海道札幌市中央区南七条西5-1 まつや会館　１F,食べログ 百名店: 2020 | 2021 / 焼肉 EAST,https://tabelog.com/hokkaido/A0101/A010103/1012297/,,https://www.google.com/maps/search/?api=1&query=%E3%82%B3%E3%82%B5%E3%83%AA%20%E5%8C%97%E6%B5%B7%E9%81%93%E6%9C%AD%E5%B9%8C%E5%B8%82%E4%B8%AD%E5%A4%AE%E5%8C%BA%E5%8D%97%E4%B8%83%E6%9D%A1%E8%A5%BF5-1%20%E3%81%BE%E3%81%A4%E3%82%84%E4%BC%9A%E9%A4%A8%E3%80%80%EF%BC%91F,43.0521806,141.3524742,2020 | 2021,焼肉 EAST,yakiniku_east,発表日：2021年11月10日
焼肉 道食,北海道北見市北6条西3-11,食べログ 百名店: 2020 / 焼肉 EAST,https://tabelog.com/hokkaido/A0110/A011003/1021776/,,https://www.google.com/maps/search/?api=1&query=%E7%84%BC%E8%82%89%20%E9%81%93%E9%A3%9F%20%E5%8C%97%E6%B5%B7%E9%81%93%E5%8C%97%E8%A6%8B%E5%B8%82%E5%8C%976%E6%9D%A1%E8%A5%BF3-11,43.8050079,143.8901163,2020,焼肉 EAST,yakiniku_east,
焼肉と料理シルクロード,北海道札幌市中央区北11条西14 シルクロードビル　１Ｆ,食べログ 百名店: 2020 | 2021 / 焼肉 EAST,https://tabelog.com/hokkaido/A0101/A010105/1000928/,https://tabelog.com/hokkaido/A0101/A010105/1000928/?cid=google_yoyaku,https://www.google.com/maps/search/?api=1&query=%E7%84%BC%E8%82%89%E3%81%A8%E6%96%99%E7%90%86%E3%82%B7%E3%83%AB%E3%82%AF%E3%83%AD%E3%83%BC%E3%83%89%20%E5%8C%97%E6%B5%B7%E9%81%93%E6%9C%AD%E5%B9%8C%E5%B8%82%E4%B8%AD%E5%A4%AE%E5%8C%BA%E5%8C%9711%E6%9D%A1%E8%A5%BF14%20%E3%82%B7%E3%83%AB%E3%82%AF%E3%83%AD%E3%83%BC%E3%83%89%E3%83%93%E3%83%AB%E3%80%80%EF%BC%91%EF%BC%A6,43.0720654,141.3335639,2020 | 2021,焼肉 EAST,yakiniku_east,発表日：2021年11月10日
ホルモン 銀牙,北海道札幌市中央区南4条西2丁目14-2 セントラルS4ビル 8Ｆ,食べログ 百名店: 2020 / 焼肉 EAST,https://tabelog.com/hokkaido/A0101/A010103/1033174/,,https://www.google.com/maps/search/?api=1&query=%E3%83%9B%E3%83%AB%E3%83%A2%E3%83%B3%20%E9%8A%80%E7%89%99%20%E5%8C%97%E6%B5%B7%E9%81%93%E6%9C%AD%E5%B9%8C%E5%B8%82%E4%B8%AD%E5%A4%AE%E5%8C%BA%E5%8D%974%E6%9D%A1%E8%A5%BF2%E4%B8%81%E7%9B%AE14-2%20%E3%82%BB%E3%83%B3%E3%83%88%E3%83%A9%E3%83%ABS4%E3%83%93%E3%83%AB%208%EF%BC%A6,43.0562441,141.3549534,2020,焼肉 EAST,yakiniku_east,
さんか亭,北海道札幌市白石区中央1条4丁目3-35,食べログ 百名店: 2020 | 2021 / 焼肉 EAST,https://tabelog.com/hokkaido/A0101/A010301/1028834/,,https://www.google.com/maps/search/?api=1&query=%E3%81%95%E3%82%93%E3%81%8B%E4%BA%AD%20%E5%8C%97%E6%B5%B7%E9%81%93%E6%9C%AD%E5%B9%8C%E5%B8%82%E7%99%BD%E7%9F%B3%E5%8C%BA%E4%B8%AD%E5%A4%AE1%E6%9D%A14%E4%B8%81%E7%9B%AE3-35,43.0554416,141.3963062,2020 | 2021,焼肉 EAST,yakiniku_east,発表日：2021年11月10日
米沢牛焼肉 仔虎 仙台駅前店,宮城県仙台市青葉区中央1-6-1 Herb SENDAI 8F,食べログ 百名店: 2020 | 2021 | 2022 | 2023 | 2024 | 2025 / 焼肉 EAST,https://tabelog.com/miyagi/A0401/A040101/4003320/,,https://www.google.com/maps/search/?api=1&query=%E7%B1%B3%E6%B2%A2%E7%89%9B%E7%84%BC%E8%82%89%20%E4%BB%94%E8%99%8E%20%E4%BB%99%E5%8F%B0%E9%A7%85%E5%89%8D%E5%BA%97%20%E5%AE%AE%E5%9F%8E%E7%9C%8C%E4%BB%99%E5%8F%B0%E5%B8%82%E9%9D%92%E8%91%89%E5%8C%BA%E4%B8%AD%E5%A4%AE1-6-1%20Herb%20SENDAI%208F,38.2627036,140.8803375,2020 | 2021 | 2022 | 2023 | 2024 | 2025,焼肉 EAST,yakiniku_east,発表日：2021年11月10日 | 発表日：2022年8月23日 | 発表日：2023年11月7日 | 発表日：2024年10月22日 | 発表日：2025年10月15日
髭,岩手県盛岡市繋字尾入野47-15,食べログ 百名店: 2020 | 2021 / 焼肉 EAST,https://tabelog.com/iwate/A0301/A030101/3000011/,,https://www.google.com/maps/search/?api=1&query=%E9%AB%AD%20%E5%B2%A9%E6%89%8B%E7%9C%8C%E7%9B%9B%E5%B2%A1%E5%B8%82%E7%B9%8B%E5%AD%97%E5%B0%BE%E5%85%A5%E9%87%8E47-15,39.6976842,141.0230272,2020 | 2021,焼肉 EAST,yakiniku_east,発表日：2021年11月10日
焼肉 三水苑 東口店,宮城県仙台市宮城野区榴岡1-7-15 サニービル　１Ｆ,食べログ 百名店: 2020 | 2021 / 焼肉 EAST,https://tabelog.com/miyagi/A0401/A040102/4000693/,https://tabelog.com/miyagi/A0401/A040102/4000693/?cid=google_yoyaku,https://www.google.com/maps/search/?api=1&query=%E7%84%BC%E8%82%89%20%E4%B8%89%E6%B0%B4%E8%8B%91%20%E6%9D%B1%E5%8F%A3%E5%BA%97%20%E5%AE%AE%E5%9F%8E%E7%9C%8C%E4%BB%99%E5%8F%B0%E5%B8%82%E5%AE%AE%E5%9F%8E%E9%87%8E%E5%8C%BA%E6%A6%B4%E5%B2%A11-7-15%20%E3%82%B5%E3%83%8B%E3%83%BC%E3%83%93%E3%83%AB%E3%80%80%EF%BC%91%EF%BC%A6,38.2575362,140.8851636,2020 | 2021,焼肉 EAST,yakiniku_east,発表日：2021年11月10日
ぴょんぴょん舎 盛岡駅前店,岩手県盛岡市盛岡駅前通9-3 ジャーランビル　１Ｆ・２Ｆ・３Ｆ,食べログ 百名店: 2020 / 焼肉 EAST,https://tabelog.com/iwate/A0301/A030101/3000023/,https://tabelog.com/iwate/A0301/A030101/3000023/?cid=google_yoyaku,https://www.google.com/maps/search/?api=1&query=%E3%81%B4%E3%82%87%E3%82%93%E3%81%B4%E3%82%87%E3%82%93%E8%88%8E%20%E7%9B%9B%E5%B2%A1%E9%A7%85%E5%89%8D%E5%BA%97%20%E5%B2%A9%E6%89%8B%E7%9C%8C%E7%9B%9B%E5%B2%A1%E5%B8%82%E7%9B%9B%E5%B2%A1%E9%A7%85%E5%89%8D%E9%80%9A9-3%20%E3%82%B8%E3%83%A3%E3%83%BC%E3%83%A9%E3%83%B3%E3%83%93%E3%83%AB%E3%80%80%EF%BC%91%EF%BC%A6%E3%83%BB%EF%BC%92%EF%BC%A6%E3%83%BB%EF%BC%93%EF%BC%A6,39.7023084,141.1379162,2020,焼肉 EAST,yakiniku_east,
食道園,岩手県盛岡市大通1-8-2,食べログ 百名店: 2020 | 2021 | 2024 | 2025 / 焼肉 EAST,https://tabelog.com/iwate/A0301/A030101/3000025/,,https://www.google.com/maps/search/?api=1&query=%E9%A3%9F%E9%81%93%E5%9C%92%20%E5%B2%A9%E6%89%8B%E7%9C%8C%E7%9B%9B%E5%B2%A1%E5%B8%82%E5%A4%A7%E9%80%9A1-8-2,39.7033238,141.1481969,2020 | 2021 | 2024 | 2025,焼肉 EAST,yakiniku_east,発表日：2021年11月10日 | 発表日：2024年10月22日 | 発表日：2025年10月15日
肉の割烹 田村 大通BISSE店,北海道札幌市中央区大通西3丁目 大通ビッセ　４Ｆ,食べログ 百名店: 2020 | 2021 / 焼肉 EAST,https://tabelog.com/hokkaido/A0101/A010102/1029717/,https://tabelog.com/hokkaido/A0101/A010102/1029717/?cid=google_yoyaku,https://www.google.com/maps/search/?api=1&query=%E8%82%89%E3%81%AE%E5%89%B2%E7%83%B9%20%E7%94%B0%E6%9D%91%20%E5%A4%A7%E9%80%9ABISSE%E5%BA%97%20%E5%8C%97%E6%B5%B7%E9%81%93%E6%9C%AD%E5%B9%8C%E5%B8%82%E4%B8%AD%E5%A4%AE%E5%8C%BA%E5%A4%A7%E9%80%9A%E8%A5%BF3%E4%B8%81%E7%9B%AE%20%E5%A4%A7%E9%80%9A%E3%83%93%E3%83%83%E3%82%BB%E3%80%80%EF%BC%94%EF%BC%A6,43.0614455,141.3525061,2020 | 2021,焼肉 EAST,yakiniku_east,発表日：2021年11月10日
炭火焼肉 ぐら 塩釜本店,宮城県塩竈市尾島町22-5,食べログ 百名店: 2020 | 2021 | 2022 | 2023 | 2024 | 2025 / 焼肉 EAST,https://tabelog.com/miyagi/A0404/A040404/4008582/,,https://www.google.com/maps/search/?api=1&query=%E7%82%AD%E7%81%AB%E7%84%BC%E8%82%89%20%E3%81%90%E3%82%89%20%E5%A1%A9%E9%87%9C%E6%9C%AC%E5%BA%97%20%E5%AE%AE%E5%9F%8E%E7%9C%8C%E5%A1%A9%E7%AB%88%E5%B8%82%E5%B0%BE%E5%B3%B6%E7%94%BA22-5,38.3151177,141.0255602,2020 | 2021 | 2022 | 2023 | 2024 | 2025,焼肉 EAST,yakiniku_east,発表日：2021年11月10日 | 発表日：2022年8月23日 | 発表日：2023年11月7日 | 発表日：2024年10月22日 | 発表日：2025年10月15日
備長炭焼肉としゃぶしゃぶ 仔虎 国分町店,宮城県仙台市青葉区国分町2-9-37 レインボーステーションビル 2F,食べログ 百名店: 2020 / 焼肉 EAST,https://tabelog.com/miyagi/A0401/A040101/4013542/,https://tabelog.com/miyagi/A0401/A040101/4013542/?cid=google_yoyaku,https://www.google.com/maps/search/?api=1&query=%E5%82%99%E9%95%B7%E7%82%AD%E7%84%BC%E8%82%89%E3%81%A8%E3%81%97%E3%82%83%E3%81%B6%E3%81%97%E3%82%83%E3%81%B6%20%E4%BB%94%E8%99%8E%20%E5%9B%BD%E5%88%86%E7%94%BA%E5%BA%97%20%E5%AE%AE%E5%9F%8E%E7%9C%8C%E4%BB%99%E5%8F%B0%E5%B8%82%E9%9D%92%E8%91%89%E5%8C%BA%E5%9B%BD%E5%88%86%E7%94%BA2-9-37%20%E3%83%AC%E3%82%A4%E3%83%B3%E3%83%9C%E3%83%BC%E3%82%B9%E3%83%86%E3%83%BC%E3%82%B7%E3%83%A7%E3%83%B3%E3%83%93%E3%83%AB%202F,38.2639728,140.8692007,2020,焼肉 EAST,yakiniku_east,
龍園,岩手県奥州市水沢袋町2-11,食べログ 百名店: 2020 | 2021 | 2022 | 2023 | 2024 | 2025 / 焼肉 EAST,https://tabelog.com/iwate/A0303/A030302/3000006/,,https://www.google.com/maps/search/?api=1&query=%E9%BE%8D%E5%9C%92%20%E5%B2%A9%E6%89%8B%E7%9C%8C%E5%A5%A5%E5%B7%9E%E5%B8%82%E6%B0%B4%E6%B2%A2%E8%A2%8B%E7%94%BA2-11,39.1368724,141.1424082,2020 | 2021 | 2022 | 2023 | 2024 | 2025,焼肉 EAST,yakiniku_east,発表日：2021年11月10日 | 発表日：2022年8月23日 | 発表日：2023年11月7日 | 発表日：2024年10月22日 | 発表日：2025年10月15日
四条ホルモン,北海道北見市北四条西1-14 鉄鉱泉会館 2F,食べログ 百名店: 2020 | 2021 / 焼肉 EAST,https://tabelog.com/hokkaido/A0110/A011003/1004371/,,https://www.google.com/maps/search/?api=1&query=%E5%9B%9B%E6%9D%A1%E3%83%9B%E3%83%AB%E3%83%A2%E3%83%B3%20%E5%8C%97%E6%B5%B7%E9%81%93%E5%8C%97%E8%A6%8B%E5%B8%82%E5%8C%97%E5%9B%9B%E6%9D%A1%E8%A5%BF1-14%20%E9%89%84%E9%89%B1%E6%B3%89%E4%BC%9A%E9%A4%A8%202F,43.8062474,143.8929730,2020 | 2021,焼肉 EAST,yakiniku_east,発表日：2021年11月10日
仔虎 エスパル仙台店,宮城県仙台市青葉区中央1-1-1 エスパル仙台店 東館 3F,食べログ 百名店: 2020 | 2021 / 焼肉 EAST,https://tabelog.com/miyagi/A0401/A040101/4017454/,,https://www.google.com/maps/search/?api=1&query=%E4%BB%94%E8%99%8E%20%E3%82%A8%E3%82%B9%E3%83%91%E3%83%AB%E4%BB%99%E5%8F%B0%E5%BA%97%20%E5%AE%AE%E5%9F%8E%E7%9C%8C%E4%BB%99%E5%8F%B0%E5%B8%82%E9%9D%92%E8%91%89%E5%8C%BA%E4%B8%AD%E5%A4%AE1-1-1%20%E3%82%A8%E3%82%B9%E3%83%91%E3%83%AB%E4%BB%99%E5%8F%B0%E5%BA%97%20%E6%9D%B1%E9%A4%A8%203F,38.2599434,140.8829912,2020 | 2021,焼肉 EAST,yakiniku_east,発表日：2021年11月10日
焼肉 グルマンズいとう,北海道札幌市中央区南6条西6-6-15 川島ビル 1F,食べログ 百名店: 2020 / 焼肉 EAST,https://tabelog.com/hokkaido/A0101/A010103/1037834/,,https://www.google.com/maps/search/?api=1&query=%E7%84%BC%E8%82%89%20%E3%82%B0%E3%83%AB%E3%83%9E%E3%83%B3%E3%82%BA%E3%81%84%E3%81%A8%E3%81%86%20%E5%8C%97%E6%B5%B7%E9%81%93%E6%9C%AD%E5%B9%8C%E5%B8%82%E4%B8%AD%E5%A4%AE%E5%8C%BA%E5%8D%976%E6%9D%A1%E8%A5%BF6-6-15%20%E5%B7%9D%E5%B3%B6%E3%83%93%E3%83%AB%201F,43.0525372,141.3497587,2020,焼肉 EAST,yakiniku_east,
盛楼閣,岩手県盛岡市盛岡駅前通15-5 ワールドインＧＥＮプラザ　２Ｆ,食べログ 百名店: 2020 | 2021 | 2022 | 2023 | 2024 | 2025 / 焼肉 EAST,https://tabelog.com/iwate/A0301/A030101/3000020/,,https://www.google.com/maps/search/?api=1&query=%E7%9B%9B%E6%A5%BC%E9%96%A3%20%E5%B2%A9%E6%89%8B%E7%9C%8C%E7%9B%9B%E5%B2%A1%E5%B8%82%E7%9B%9B%E5%B2%A1%E9%A7%85%E5%89%8D%E9%80%9A15-5%20%E3%83%AF%E3%83%BC%E3%83%AB%E3%83%89%E3%82%A4%E3%83%B3%EF%BC%A7%EF%BC%A5%EF%BC%AE%E3%83%97%E3%83%A9%E3%82%B6%E3%80%80%EF%BC%92%EF%BC%A6,39.7028397,141.1366071,2020 | 2021 | 2022 | 2023 | 2024 | 2025,焼肉 EAST,yakiniku_east,発表日：2021年11月10日 | 発表日：2022年8月23日 | 発表日：2023年11月7日 | 発表日：2024年10月22日 | 発表日：2025年10月15日
塩ホルモン 炭楽,秋田県大仙市大曲通町3-17,食べログ 百名店: 2020 | 2021 | 2022 | 2023 | 2024 | 2025 / 焼肉 EAST,https://tabelog.com/akita/A0504/A050402/5000442/,,https://www.google.com/maps/search/?api=1&query=%E5%A1%A9%E3%83%9B%E3%83%AB%E3%83%A2%E3%83%B3%20%E7%82%AD%E6%A5%BD%20%E7%A7%8B%E7%94%B0%E7%9C%8C%E5%A4%A7%E4%BB%99%E5%B8%82%E5%A4%A7%E6%9B%B2%E9%80%9A%E7%94%BA3-17,39.4647424,140.4794095,2020 | 2021 | 2022 | 2023 | 2024 | 2025,焼肉 EAST,yakiniku_east,発表日：2021年11月10日 | 発表日：2022年8月23日 | 発表日：2023年11月7日 | 発表日：2024年10月22日 | 発表日：2025年10月15日
炭火焼肉 久,秋田県秋田市中通4-17-15 1Ｆ,食べログ 百名店: 2020 | 2021 | 2022 | 2023 | 2024 | 2025 / 焼肉 EAST,https://tabelog.com/akita/A0501/A050101/5009110/,,https://www.google.com/maps/search/?api=1&query=%E7%82%AD%E7%81%AB%E7%84%BC%E8%82%89%20%E4%B9%85%20%E7%A7%8B%E7%94%B0%E7%9C%8C%E7%A7%8B%E7%94%B0%E5%B8%82%E4%B8%AD%E9%80%9A4-17-15%201%EF%BC%A6,39.7144844,140.1281735,2020 | 2021 | 2022 | 2023 | 2024 | 2025,焼肉 EAST,yakiniku_east,発表日：2021年11月10日 | 発表日：2022年8月23日 | 発表日：2023年11月7日 | 発表日：2024年10月22日 | 発表日：2025年10月15日
炭火焼肉ぐら 仙台朝市駅前店,宮城県仙台市青葉区中央4-3-1 東四市場 1F,食べログ 百名店: 2020 | 2021 | 2022 | 2023 | 2024 | 2025 / 焼肉 EAST,https://tabelog.com/miyagi/A0401/A040101/4019691/,,https://www.google.com/maps/search/?api=1&query=%E7%82%AD%E7%81%AB%E7%84%BC%E8%82%89%E3%81%90%E3%82%89%20%E4%BB%99%E5%8F%B0%E6%9C%9D%E5%B8%82%E9%A7%85%E5%89%8D%E5%BA%97%20%E5%AE%AE%E5%9F%8E%E7%9C%8C%E4%BB%99%E5%8F%B0%E5%B8%82%E9%9D%92%E8%91%89%E5%8C%BA%E4%B8%AD%E5%A4%AE4-3-1%20%E6%9D%B1%E5%9B%9B%E5%B8%82%E5%A0%B4%201F,38.2586398,140.8789034,2020 | 2021 | 2022 | 2023 | 2024 | 2025,焼肉 EAST,yakiniku_east,発表日：2021年11月10日 | 発表日：2022年8月23日 | 発表日：2023年11月7日 | 発表日：2024年10月22日 | 発表日：2025年10月15日
トトリ 本店,北海道札幌市中央区南五条西7,食べログ 百名店: 2020 | 2021 | 2022 | 2023 | 2024 | 2025 / 焼肉 EAST,https://tabelog.com/hokkaido/A0101/A010103/1000023/,https://tabelog.com/hokkaido/A0101/A010103/1000023/?cid=google_yoyaku,https://www.google.com/maps/search/?api=1&query=%E3%83%88%E3%83%88%E3%83%AA%20%E6%9C%AC%E5%BA%97%20%E5%8C%97%E6%B5%B7%E9%81%93%E6%9C%AD%E5%B9%8C%E5%B8%82%E4%B8%AD%E5%A4%AE%E5%8C%BA%E5%8D%97%E4%BA%94%E6%9D%A1%E8%A5%BF7,43.0534416,141.3479390,2020 | 2021 | 2022 | 2023 | 2024 | 2025,焼肉 EAST,yakiniku_east,発表日：2021年11月10日 | 発表日：2022年8月23日 | 発表日：2023年11月7日 | 発表日：2024年10月22日 | 発表日：2025年10月15日
仙台牛焼肉 花牛,宮城県仙台市青葉区一番町1-9-1 トラストシティプラザ 2F,食べログ 百名店: 2020 | 2021 | 2022 | 2023 | 2024 | 2025 / 焼肉 EAST,https://tabelog.com/miyagi/A0401/A040101/4000133/,,https://www.google.com/maps/search/?api=1&query=%E4%BB%99%E5%8F%B0%E7%89%9B%E7%84%BC%E8%82%89%20%E8%8A%B1%E7%89%9B%20%E5%AE%AE%E5%9F%8E%E7%9C%8C%E4%BB%99%E5%8F%B0%E5%B8%82%E9%9D%92%E8%91%89%E5%8C%BA%E4%B8%80%E7%95%AA%E7%94%BA1-9-1%20%E3%83%88%E3%83%A9%E3%82%B9%E3%83%88%E3%82%B7%E3%83%86%E3%82%A3%E3%83%97%E3%83%A9%E3%82%B6%202F,38.2566111,140.8762522,2020 | 2021 | 2022 | 2023 | 2024 | 2025,焼肉 EAST,yakiniku_east,発表日：2021年11月10日 | 発表日：2022年8月23日 | 発表日：2023年11月7日 | 発表日：2024年10月22日 | 発表日：2025年10月15日
黒毛和牛専門店 もうもう亭,福島県郡山市朝日3-6-3 朝日レジデンス1F,食べログ 百名店: 2020 | 2021 | 2022 | 2023 / 焼肉 EAST,https://tabelog.com/fukushima/A0702/A070201/7000807/,https://tabelog.com/fukushima/A0702/A070201/7000807/?cid=google_yoyaku,https://www.google.com/maps/search/?api=1&query=%E9%BB%92%E6%AF%9B%E5%92%8C%E7%89%9B%E5%B0%82%E9%96%80%E5%BA%97%20%E3%82%82%E3%81%86%E3%82%82%E3%81%86%E4%BA%AD%20%E7%A6%8F%E5%B3%B6%E7%9C%8C%E9%83%A1%E5%B1%B1%E5%B8%82%E6%9C%9D%E6%97%A53-6-3%20%E6%9C%9D%E6%97%A5%E3%83%AC%E3%82%B8%E3%83%87%E3%83%B3%E3%82%B91F,37.4065594,140.3593891,2020 | 2021 | 2022 | 2023,焼肉 EAST,yakiniku_east,発表日：2021年11月10日 | 発表日：2022年8月23日 | 発表日：2023年11月7日
肉の米内,岩手県盛岡市紺屋町5-16,食べログ 百名店: 2020 | 2021 | 2022 / 焼肉 EAST,https://tabelog.com/iwate/A0301/A030101/3000013/,,https://www.google.com/maps/search/?api=1&query=%E8%82%89%E3%81%AE%E7%B1%B3%E5%86%85%20%E5%B2%A9%E6%89%8B%E7%9C%8C%E7%9B%9B%E5%B2%A1%E5%B8%82%E7%B4%BA%E5%B1%8B%E7%94%BA5-16,39.7048733,141.1568675,2020 | 2021 | 2022,焼肉 EAST,yakiniku_east,発表日：2021年11月10日 | 発表日：2022年8月23日
焼肉園 花牛,北海道札幌市清田区清田二条3丁目1-50,食べログ 百名店: 2020 | 2021 | 2022 / 焼肉 EAST,https://tabelog.com/hokkaido/A0101/A010304/1033828/,https://tabelog.com/hokkaido/A0101/A010304/1033828/?cid=google_yoyaku,https://www.google.com/maps/search/?api=1&query=%E7%84%BC%E8%82%89%E5%9C%92%20%E8%8A%B1%E7%89%9B%20%E5%8C%97%E6%B5%B7%E9%81%93%E6%9C%AD%E5%B9%8C%E5%B8%82%E6%B8%85%E7%94%B0%E5%8C%BA%E6%B8%85%E7%94%B0%E4%BA%8C%E6%9D%A13%E4%B8%81%E7%9B%AE1-50,43.0021618,141.4348525,2020 | 2021 | 2022,焼肉 EAST,yakiniku_east,発表日：2021年11月10日 | 発表日：2022年8月23日
馬場ホルモン,北海道旭川市七条通8丁目右4,食べログ 百名店: 2020 | 2021 | 2022 | 2023 / 焼肉 EAST,https://tabelog.com/hokkaido/A0104/A010401/1001340/,,https://www.google.com/maps/search/?api=1&query=%E9%A6%AC%E5%A0%B4%E3%83%9B%E3%83%AB%E3%83%A2%E3%83%B3%20%E5%8C%97%E6%B5%B7%E9%81%93%E6%97%AD%E5%B7%9D%E5%B8%82%E4%B8%83%E6%9D%A1%E9%80%9A8%E4%B8%81%E7%9B%AE%E5%8F%B34,43.7716386,142.3631530,2020 | 2021 | 2022 | 2023,焼肉 EAST,yakiniku_east,発表日：2021年11月10日 | 発表日：2022年8月23日 | 発表日：2023年11月7日
ぴょんぴょん舎 稲荷町本店,岩手県盛岡市稲荷町12-5,食べログ 百名店: 2020 / 焼肉 EAST,https://tabelog.com/iwate/A0301/A030101/3000008/,https://tabelog.com/iwate/A0301/A030101/3000008/?cid=google_yoyaku,https://www.google.com/maps/search/?api=1&query=%E3%81%B4%E3%82%87%E3%82%93%E3%81%B4%E3%82%87%E3%82%93%E8%88%8E%20%E7%A8%B2%E8%8D%B7%E7%94%BA%E6%9C%AC%E5%BA%97%20%E5%B2%A9%E6%89%8B%E7%9C%8C%E7%9B%9B%E5%B2%A1%E5%B8%82%E7%A8%B2%E8%8D%B7%E7%94%BA12-5,39.7085450,141.1110864,2020,焼肉 EAST,yakiniku_east,
中国料理 布袋 本店,北海道札幌市中央区南一条西9-1,食べログ 百名店: 2021 | 2023 / 中国料理 EAST,https://tabelog.com/hokkaido/A0101/A010102/1001971/,https://yoyaku.tabelog.com/yoyaku/tabelog_booking/send_remind/,https://www.google.com/maps/search/?api=1&query=%E4%B8%AD%E5%9B%BD%E6%96%99%E7%90%86%20%E5%B8%83%E8%A2%8B%20%E6%9C%AC%E5%BA%97%20%E5%8C%97%E6%B5%B7%E9%81%93%E6%9C%AD%E5%B9%8C%E5%B8%82%E4%B8%AD%E5%A4%AE%E5%8C%BA%E5%8D%97%E4%B8%80%E6%9D%A1%E8%A5%BF9-1,43.0579971,141.3438173,2021 | 2023,中国料理 EAST,chinese_east,発表日：2021年4月27日 | 発表日：2023年3月27日
中国料理 龍亭,宮城県仙台市青葉区錦町1-2-10,食べログ 百名店: 2021 / 中国料理 EAST,https://tabelog.com/miyagi/A0401/A040101/4000056/,https://yoyaku.tabelog.com/yoyaku/tabelog_booking/send_remind/,https://www.google.com/maps/search/?api=1&query=%E4%B8%AD%E5%9B%BD%E6%96%99%E7%90%86%20%E9%BE%8D%E4%BA%AD%20%E5%AE%AE%E5%9F%8E%E7%9C%8C%E4%BB%99%E5%8F%B0%E5%B8%82%E9%9D%92%E8%91%89%E5%8C%BA%E9%8C%A6%E7%94%BA1-2-10,38.2674899,140.8768706,2021,中国料理 EAST,chinese_east,発表日：2021年4月27日
中華料理 香州,北海道札幌市中央区南三条西4丁目,食べログ 百名店: 2021 / 中国料理 EAST,https://tabelog.com/hokkaido/A0101/A010103/1000195/,https://yoyaku.tabelog.com/yoyaku/tabelog_booking/send_remind/,https://www.google.com/maps/search/?api=1&query=%E4%B8%AD%E8%8F%AF%E6%96%99%E7%90%86%20%E9%A6%99%E5%B7%9E%20%E5%8C%97%E6%B5%B7%E9%81%93%E6%9C%AD%E5%B9%8C%E5%B8%82%E4%B8%AD%E5%A4%AE%E5%8C%BA%E5%8D%97%E4%B8%89%E6%9D%A1%E8%A5%BF4%E4%B8%81%E7%9B%AE,43.0568636,141.3516983,2021,中国料理 EAST,chinese_east,発表日：2021年4月27日
クロモリ,宮城県仙台市太白区向山2-2-24,食べログ 百名店: 2021 | 2023 | 2024 / 中国料理 EAST,https://tabelog.com/miyagi/A0401/A040105/4022461/,https://yoyaku.tabelog.com/yoyaku/tabelog_booking/send_remind/,https://www.google.com/maps/search/?api=1&query=%E3%82%AF%E3%83%AD%E3%83%A2%E3%83%AA%20%E5%AE%AE%E5%9F%8E%E7%9C%8C%E4%BB%99%E5%8F%B0%E5%B8%82%E5%A4%AA%E7%99%BD%E5%8C%BA%E5%90%91%E5%B1%B12-2-24,38.2468609,140.8688910,2021 | 2023 | 2024,中国料理 EAST,chinese_east,発表日：2021年4月27日 | 発表日：2023年3月27日 | 発表日：2024年6月11日
四川料理 桃源郷,北海道札幌市中央区南十条西3-1-1 札幌パークホテル 4F,食べログ 百名店: 2021 / 中国料理 EAST,https://tabelog.com/hokkaido/A0101/A010104/1000033/,https://yoyaku.tabelog.com/yoyaku/tabelog_booking/send_remind/,https://www.google.com/maps/search/?api=1&query=%E5%9B%9B%E5%B7%9D%E6%96%99%E7%90%86%20%E6%A1%83%E6%BA%90%E9%83%B7%20%E5%8C%97%E6%B5%B7%E9%81%93%E6%9C%AD%E5%B9%8C%E5%B8%82%E4%B8%AD%E5%A4%AE%E5%8C%BA%E5%8D%97%E5%8D%81%E6%9D%A1%E8%A5%BF3-1-1%20%E6%9C%AD%E5%B9%8C%E3%83%91%E3%83%BC%E3%82%AF%E3%83%9B%E3%83%86%E3%83%AB%204F,43.0475148,141.3561490,2021,中国料理 EAST,chinese_east,発表日：2021年4月27日
宮の森れんげ堂,北海道札幌市中央区宮の森1条17丁目2-28,食べログ 百名店: 2021 | 2023 / 中国料理 EAST,https://tabelog.com/hokkaido/A0101/A010105/1005627/,https://yoyaku.tabelog.com/yoyaku/tabelog_booking/send_remind/,https://www.google.com/maps/search/?api=1&query=%E5%AE%AE%E3%81%AE%E6%A3%AE%E3%82%8C%E3%82%93%E3%81%92%E5%A0%82%20%E5%8C%97%E6%B5%B7%E9%81%93%E6%9C%AD%E5%B9%8C%E5%B8%82%E4%B8%AD%E5%A4%AE%E5%8C%BA%E5%AE%AE%E3%81%AE%E6%A3%AE1%E6%9D%A117%E4%B8%81%E7%9B%AE2-28,43.0442981,141.2924797,2021 | 2023,中国料理 EAST,chinese_east,発表日：2021年4月27日 | 発表日：2023年3月27日
孔子餐店,北海道札幌市北区北14条西4-1-19 北大病院前ビル 2F,食べログ 百名店: 2021 / 中国料理 EAST,https://tabelog.com/hokkaido/A0101/A010201/1000665/,https://tabelog.com/hokkaido/A0101/A010201/1000665/?cid=google_yoyaku,https://www.google.com/maps/search/?api=1&query=%E5%AD%94%E5%AD%90%E9%A4%90%E5%BA%97%20%E5%8C%97%E6%B5%B7%E9%81%93%E6%9C%AD%E5%B9%8C%E5%B8%82%E5%8C%97%E5%8C%BA%E5%8C%9714%E6%9D%A1%E8%A5%BF4-1-19%20%E5%8C%97%E5%A4%A7%E7%97%85%E9%99%A2%E5%89%8D%E3%83%93%E3%83%AB%202F,43.0773749,141.3464338,2021,中国料理 EAST,chinese_east,発表日：2021年4月27日
チムウォック,北海道札幌市中央区南2条西8-4-3-1 TANUHACHI GARDEN 1F,食べログ 百名店: 2021 / 中国料理 EAST,https://tabelog.com/hokkaido/A0101/A010103/1047753/,https://yoyaku.tabelog.com/yoyaku/tabelog_booking/send_remind/,https://www.google.com/maps/search/?api=1&query=%E3%83%81%E3%83%A0%E3%82%A6%E3%82%A9%E3%83%83%E3%82%AF%20%E5%8C%97%E6%B5%B7%E9%81%93%E6%9C%AD%E5%B9%8C%E5%B8%82%E4%B8%AD%E5%A4%AE%E5%8C%BA%E5%8D%972%E6%9D%A1%E8%A5%BF8-4-3-1%20TANUHACHI%20GARDEN%201F,43.0564862,141.3458604,2021,中国料理 EAST,chinese_east,発表日：2021年4月27日
中国料理 美麗華,北海道札幌市豊平区豊平四条1 プレミアホテル‐TSUBAKI‐札幌 3F,食べログ 百名店: 2021 / 中国料理 EAST,https://tabelog.com/hokkaido/A0101/A010303/1004037/,https://tabelog.com/hokkaido/A0101/A010303/1004037/?cid=google_yoyaku,https://www.google.com/maps/search/?api=1&query=%E4%B8%AD%E5%9B%BD%E6%96%99%E7%90%86%20%E7%BE%8E%E9%BA%97%E8%8F%AF%20%E5%8C%97%E6%B5%B7%E9%81%93%E6%9C%AD%E5%B9%8C%E5%B8%82%E8%B1%8A%E5%B9%B3%E5%8C%BA%E8%B1%8A%E5%B9%B3%E5%9B%9B%E6%9D%A11%20%E3%83%97%E3%83%AC%E3%83%9F%E3%82%A2%E3%83%9B%E3%83%86%E3%83%AB%E2%80%90TSUBAKI%E2%80%90%E6%9C%AD%E5%B9%8C%203F,43.0542372,141.3650548,2021,中国料理 EAST,chinese_east,発表日：2021年4月27日
順香,北海道札幌市中央区北一条西2-1 時計台ビル　Ｂ１Ｆ,食べログ 百名店: 2021 / 中国料理 EAST,https://tabelog.com/hokkaido/A0101/A010102/1034189/,https://yoyaku.tabelog.com/yoyaku/tabelog_booking/send_remind/,https://www.google.com/maps/search/?api=1&query=%E9%A0%86%E9%A6%99%20%E5%8C%97%E6%B5%B7%E9%81%93%E6%9C%AD%E5%B9%8C%E5%B8%82%E4%B8%AD%E5%A4%AE%E5%8C%BA%E5%8C%97%E4%B8%80%E6%9D%A1%E8%A5%BF2-1%20%E6%99%82%E8%A8%88%E5%8F%B0%E3%83%93%E3%83%AB%E3%80%80%EF%BC%A2%EF%BC%91%EF%BC%A6,43.0632403,141.3535542,2021,中国料理 EAST,chinese_east,発表日：2021年4月27日
玉林酒家,北海道札幌市東区北四十三条東16-1-10,食べログ 百名店: 2021 / 中国料理 EAST,https://tabelog.com/hokkaido/A0101/A010202/1001655/,https://yoyaku.tabelog.com/yoyaku/tabelog_booking/send_remind/,https://www.google.com/maps/search/?api=1&query=%E7%8E%89%E6%9E%97%E9%85%92%E5%AE%B6%20%E5%8C%97%E6%B5%B7%E9%81%93%E6%9C%AD%E5%B9%8C%E5%B8%82%E6%9D%B1%E5%8C%BA%E5%8C%97%E5%9B%9B%E5%8D%81%E4%B8%89%E6%9D%A1%E6%9D%B116-1-10,43.1155597,141.3669463,2021,中国料理 EAST,chinese_east,発表日：2021年4月27日
中華料理 唐韻,北海道札幌市豊平区美園4条7-5-1,食べログ 百名店: 2021 / 中国料理 EAST,https://tabelog.com/hokkaido/A0101/A010303/1000972/,https://tabelog.com/hokkaido/A0101/A010303/1000972/?cid=google_yoyaku,https://www.google.com/maps/search/?api=1&query=%E4%B8%AD%E8%8F%AF%E6%96%99%E7%90%86%20%E5%94%90%E9%9F%BB%20%E5%8C%97%E6%B5%B7%E9%81%93%E6%9C%AD%E5%B9%8C%E5%B8%82%E8%B1%8A%E5%B9%B3%E5%8C%BA%E7%BE%8E%E5%9C%924%E6%9D%A17-5-1,43.0389440,141.3905497,2021,中国料理 EAST,chinese_east,発表日：2021年4月27日
赤坂 四川飯店 札幌ガーデンパレス店,北海道札幌市中央区北一条西6 ホテル札幌ガーデンパレス　１Ｆ,食べログ 百名店: 2021 / 中国料理 EAST,https://tabelog.com/hokkaido/A0101/A010102/1005513/,https://yoyaku.tabelog.com/yoyaku/tabelog_booking/send_remind/,https://www.google.com/maps/search/?api=1&query=%E8%B5%A4%E5%9D%82%20%E5%9B%9B%E5%B7%9D%E9%A3%AF%E5%BA%97%20%E6%9C%AD%E5%B9%8C%E3%82%AC%E3%83%BC%E3%83%87%E3%83%B3%E3%83%91%E3%83%AC%E3%82%B9%E5%BA%97%20%E5%8C%97%E6%B5%B7%E9%81%93%E6%9C%AD%E5%B9%8C%E5%B8%82%E4%B8%AD%E5%A4%AE%E5%8C%BA%E5%8C%97%E4%B8%80%E6%9D%A1%E8%A5%BF6%20%E3%83%9B%E3%83%86%E3%83%AB%E6%9C%AD%E5%B9%8C%E3%82%AC%E3%83%BC%E3%83%87%E3%83%B3%E3%83%91%E3%83%AC%E3%82%B9%E3%80%80%EF%BC%91%EF%BC%A6,43.0622835,141.3470635,2021,中国料理 EAST,chinese_east,発表日：2021年4月27日
黄鶴,北海道札幌市中央区北一条西4丁目 札幌グランドホテル 東館 2F,食べログ 百名店: 2021 / 中国料理 EAST,https://tabelog.com/hokkaido/A0101/A010102/1000246/,https://tabelog.com/hokkaido/A0101/A010102/1000246/?cid=google_yoyaku,https://www.google.com/maps/search/?api=1&query=%E9%BB%84%E9%B6%B4%20%E5%8C%97%E6%B5%B7%E9%81%93%E6%9C%AD%E5%B9%8C%E5%B8%82%E4%B8%AD%E5%A4%AE%E5%8C%BA%E5%8C%97%E4%B8%80%E6%9D%A1%E8%A5%BF4%E4%B8%81%E7%9B%AE%20%E6%9C%AD%E5%B9%8C%E3%82%B0%E3%83%A9%E3%83%B3%E3%83%89%E3%83%9B%E3%83%86%E3%83%AB%20%E6%9D%B1%E9%A4%A8%202F,43.0627370,141.3507334,2021,中国料理 EAST,chinese_east,発表日：2021年4月27日
ラ・サンテ,北海道札幌市中央区北3条西27-2-16,食べログ 百名店: 2021 | 2023 | 2025 / フレンチ EAST,https://tabelog.com/hokkaido/A0101/A010105/1000183/,https://yoyaku.tabelog.com/yoyaku/tabelog_booking/send_remind/,https://www.google.com/maps/search/?api=1&query=%E3%83%A9%E3%83%BB%E3%82%B5%E3%83%B3%E3%83%86%20%E5%8C%97%E6%B5%B7%E9%81%93%E6%9C%AD%E5%B9%8C%E5%B8%82%E4%B8%AD%E5%A4%AE%E5%8C%BA%E5%8C%973%E6%9D%A1%E8%A5%BF27-2-16,43.0602917,141.3160427,2021 | 2023 | 2025,フレンチ EAST,french_east,発表日：2021年3月22日 | 発表日：2023年6月12日 | 発表日：2025年6月10日
AKI NAGAO,北海道札幌市中央区南3西3-3 Ｇ　ＤＩＮＩＮＧ　１Ｆ,食べログ 百名店: 2021 | 2023 | 2025 / フレンチ EAST,https://tabelog.com/hokkaido/A0101/A010103/1028665/,https://tabelog.com/hokkaido/A0101/A010103/1028665/?cid=google_yoyaku,https://www.google.com/maps/search/?api=1&query=AKI%20NAGAO%20%E5%8C%97%E6%B5%B7%E9%81%93%E6%9C%AD%E5%B9%8C%E5%B8%82%E4%B8%AD%E5%A4%AE%E5%8C%BA%E5%8D%973%E8%A5%BF3-3%20%EF%BC%A7%E3%80%80%EF%BC%A4%EF%BC%A9%EF%BC%AE%EF%BC%A9%EF%BC%AE%EF%BC%A7%E3%80%80%EF%BC%91%EF%BC%A6,43.0564366,141.3542931,2021 | 2023 | 2025,フレンチ EAST,french_east,発表日：2021年3月22日 | 発表日：2023年6月12日 | 発表日：2025年6月10日
フレンチレストラン ミクニ サッポロ,北海道札幌市中央区北五条西2丁目5 JRタワーホテル日航札幌 札幌ステラプレイス9F,食べログ 百名店: 2021 / フレンチ EAST,https://tabelog.com/hokkaido/A0101/A010101/1000044/,https://tabelog.com/hokkaido/A0101/A010101/1000044/?cid=google_yoyaku,https://www.google.com/maps/search/?api=1&query=%E3%83%95%E3%83%AC%E3%83%B3%E3%83%81%E3%83%AC%E3%82%B9%E3%83%88%E3%83%A9%E3%83%B3%20%E3%83%9F%E3%82%AF%E3%83%8B%20%E3%82%B5%E3%83%83%E3%83%9D%E3%83%AD%20%E5%8C%97%E6%B5%B7%E9%81%93%E6%9C%AD%E5%B9%8C%E5%B8%82%E4%B8%AD%E5%A4%AE%E5%8C%BA%E5%8C%97%E4%BA%94%E6%9D%A1%E8%A5%BF2%E4%B8%81%E7%9B%AE5%20JR%E3%82%BF%E3%83%AF%E3%83%BC%E3%83%9B%E3%83%86%E3%83%AB%E6%97%A5%E8%88%AA%E6%9C%AD%E5%B9%8C%20%E6%9C%AD%E5%B9%8C%E3%82%B9%E3%83%86%E3%83%A9%E3%83%97%E3%83%AC%E3%82%A4%E3%82%B99F,43.0678768,141.3508671,2021,フレンチ EAST,french_east,発表日：2021年3月22日
シェムラブルリス,岩手県盛岡市神明町10-10,食べログ 百名店: 2021 | 2023 | 2025 / フレンチ EAST,https://tabelog.com/iwate/A0301/A030101/3007052/,https://yoyaku.tabelog.com/yoyaku/tabelog_booking/send_remind/,https://www.google.com/maps/search/?api=1&query=%E3%82%B7%E3%82%A7%E3%83%A0%E3%83%A9%E3%83%96%E3%83%AB%E3%83%AA%E3%82%B9%20%E5%B2%A9%E6%89%8B%E7%9C%8C%E7%9B%9B%E5%B2%A1%E5%B8%82%E7%A5%9E%E6%98%8E%E7%94%BA10-10,39.7002043,141.1591749,2021 | 2023 | 2025,フレンチ EAST,french_east,発表日：2021年3月22日 | 発表日：2023年6月12日 | 発表日：2025年6月10日
ランファン・キ・レーヴ,北海道札幌市東区モエレ沼公園 モエレ沼公園　ガラスのピラミッド,食べログ 百名店: 2021 / フレンチ EAST,https://tabelog.com/hokkaido/A0101/A010202/1000675/,https://yoyaku.tabelog.com/yoyaku/tabelog_booking/send_remind/,https://www.google.com/maps/search/?api=1&query=%E3%83%A9%E3%83%B3%E3%83%95%E3%82%A1%E3%83%B3%E3%83%BB%E3%82%AD%E3%83%BB%E3%83%AC%E3%83%BC%E3%83%B4%20%E5%8C%97%E6%B5%B7%E9%81%93%E6%9C%AD%E5%B9%8C%E5%B8%82%E6%9D%B1%E5%8C%BA%E3%83%A2%E3%82%A8%E3%83%AC%E6%B2%BC%E5%85%AC%E5%9C%92%20%E3%83%A2%E3%82%A8%E3%83%AC%E6%B2%BC%E5%85%AC%E5%9C%92%E3%80%80%E3%82%AC%E3%83%A9%E3%82%B9%E3%81%AE%E3%83%94%E3%83%A9%E3%83%9F%E3%83%83%E3%83%89,43.1226938,141.4307510,2021,フレンチ EAST,french_east,発表日：2021年3月22日
フレンチレストラン バンケット,北海道札幌市中央区南四条西18-2-23 ピュアコート円山　１Ｆ,食べログ 百名店: 2021 / フレンチ EAST,https://tabelog.com/hokkaido/A0101/A010102/1003500/,https://tabelog.com/hokkaido/A0101/A010102/1003500/?cid=google_yoyaku,https://www.google.com/maps/search/?api=1&query=%E3%83%95%E3%83%AC%E3%83%B3%E3%83%81%E3%83%AC%E3%82%B9%E3%83%88%E3%83%A9%E3%83%B3%20%E3%83%90%E3%83%B3%E3%82%B1%E3%83%83%E3%83%88%20%E5%8C%97%E6%B5%B7%E9%81%93%E6%9C%AD%E5%B9%8C%E5%B8%82%E4%B8%AD%E5%A4%AE%E5%8C%BA%E5%8D%97%E5%9B%9B%E6%9D%A1%E8%A5%BF18-2-23%20%E3%83%94%E3%83%A5%E3%82%A2%E3%82%B3%E3%83%BC%E3%83%88%E5%86%86%E5%B1%B1%E3%80%80%EF%BC%91%EF%BC%A6,43.0532080,141.3282694,2021,フレンチ EAST,french_east,発表日：2021年3月22日
レストランMINAMI,北海道札幌市中央区北二条西4-1 赤れんがテラス 4F,食べログ 百名店: 2021 / フレンチ EAST,https://tabelog.com/hokkaido/A0101/A010102/1046001/,https://tabelog.com/hokkaido/A0101/A010102/1046001/?cid=google_yoyaku,https://www.google.com/maps/search/?api=1&query=%E3%83%AC%E3%82%B9%E3%83%88%E3%83%A9%E3%83%B3MINAMI%20%E5%8C%97%E6%B5%B7%E9%81%93%E6%9C%AD%E5%B9%8C%E5%B8%82%E4%B8%AD%E5%A4%AE%E5%8C%BA%E5%8C%97%E4%BA%8C%E6%9D%A1%E8%A5%BF4-1%20%E8%B5%A4%E3%82%8C%E3%82%93%E3%81%8C%E3%83%86%E3%83%A9%E3%82%B9%204F,43.0639415,141.3506437,2021,フレンチ EAST,french_east,発表日：2021年3月22日
オーベルジュ・ド・リル サッポロ,北海道札幌市中央区南一条西28-3-1,食べログ 百名店: 2021 | 2023 | 2025 / フレンチ EAST,https://tabelog.com/hokkaido/A0101/A010105/1000049/,https://tabelog.com/hokkaido/A0101/A010105/1000049/?cid=google_yoyaku,https://www.google.com/maps/search/?api=1&query=%E3%82%AA%E3%83%BC%E3%83%99%E3%83%AB%E3%82%B8%E3%83%A5%E3%83%BB%E3%83%89%E3%83%BB%E3%83%AA%E3%83%AB%20%E3%82%B5%E3%83%83%E3%83%9D%E3%83%AD%20%E5%8C%97%E6%B5%B7%E9%81%93%E6%9C%AD%E5%B9%8C%E5%B8%82%E4%B8%AD%E5%A4%AE%E5%8C%BA%E5%8D%97%E4%B8%80%E6%9D%A1%E8%A5%BF28-3-1,43.0548971,141.3145110,2021 | 2023 | 2025,フレンチ EAST,french_east,発表日：2021年3月22日 | 発表日：2023年6月12日 | 発表日：2025年6月10日
レストラン・モリエール,北海道札幌市中央区宮ケ丘2-1-1 ラファイエット宮ヶ丘　１Ｆ,食べログ 百名店: 2021 | 2023 | 2025 / フレンチ EAST,https://tabelog.com/hokkaido/A0101/A010105/1000022/,https://yoyaku.tabelog.com/yoyaku/tabelog_booking/send_remind/,https://www.google.com/maps/search/?api=1&query=%E3%83%AC%E3%82%B9%E3%83%88%E3%83%A9%E3%83%B3%E3%83%BB%E3%83%A2%E3%83%AA%E3%82%A8%E3%83%BC%E3%83%AB%20%E5%8C%97%E6%B5%B7%E9%81%93%E6%9C%AD%E5%B9%8C%E5%B8%82%E4%B8%AD%E5%A4%AE%E5%8C%BA%E5%AE%AE%E3%82%B1%E4%B8%982-1-1%20%E3%83%A9%E3%83%95%E3%82%A1%E3%82%A4%E3%82%A8%E3%83%83%E3%83%88%E5%AE%AE%E3%83%B6%E4%B8%98%E3%80%80%EF%BC%91%EF%BC%A6,43.0573825,141.3116058,2021 | 2023 | 2025,フレンチ EAST,french_east,発表日：2021年3月22日 | 発表日：2023年6月12日 | 発表日：2025年6月10日
ブラッスリ 風間,北海道札幌市中央区南二条西12 パシフィック三和　１Ｆ,食べログ 百名店: 2021 | 2023 / フレンチ EAST,https://tabelog.com/hokkaido/A0101/A010102/1000275/,https://yoyaku.tabelog.com/yoyaku/tabelog_booking/send_remind/,https://www.google.com/maps/search/?api=1&query=%E3%83%96%E3%83%A9%E3%83%83%E3%82%B9%E3%83%AA%20%E9%A2%A8%E9%96%93%20%E5%8C%97%E6%B5%B7%E9%81%93%E6%9C%AD%E5%B9%8C%E5%B8%82%E4%B8%AD%E5%A4%AE%E5%8C%BA%E5%8D%97%E4%BA%8C%E6%9D%A1%E8%A5%BF12%20%E3%83%91%E3%82%B7%E3%83%95%E3%82%A3%E3%83%83%E3%82%AF%E4%B8%89%E5%92%8C%E3%80%80%EF%BC%91%EF%BC%A6,43.0564485,141.3388026,2021 | 2023,フレンチ EAST,french_east,発表日：2021年3月22日 | 発表日：2023年6月12日
フレンチレストラン・プレジール,宮城県仙台市青葉区大町2丁目3-23 駒井ビル1F,食べログ 百名店: 2021 | 2023 | 2025 / フレンチ EAST,https://tabelog.com/miyagi/A0401/A040101/4002558/,https://yoyaku.tabelog.com/yoyaku/tabelog_booking/send_remind/,https://www.google.com/maps/search/?api=1&query=%E3%83%95%E3%83%AC%E3%83%B3%E3%83%81%E3%83%AC%E3%82%B9%E3%83%88%E3%83%A9%E3%83%B3%E3%83%BB%E3%83%97%E3%83%AC%E3%82%B8%E3%83%BC%E3%83%AB%20%E5%AE%AE%E5%9F%8E%E7%9C%8C%E4%BB%99%E5%8F%B0%E5%B8%82%E9%9D%92%E8%91%89%E5%8C%BA%E5%A4%A7%E7%94%BA2%E4%B8%81%E7%9B%AE3-23%20%E9%A7%92%E4%BA%95%E3%83%93%E3%83%AB1F,38.2590234,140.8655907,2021 | 2023 | 2025,フレンチ EAST,french_east,発表日：2021年3月22日 | 発表日：2023年6月12日 | 発表日：2025年6月10日
レストラン・アスペルジュ,北海道上川郡美瑛町大町2 美瑛選果,食べログ 百名店: 2021 | 2023 | 2025 / フレンチ EAST,https://tabelog.com/hokkaido/A0104/A010403/1005336/,https://yoyaku.tabelog.com/yoyaku/tabelog_booking/send_remind/,https://www.google.com/maps/search/?api=1&query=%E3%83%AC%E3%82%B9%E3%83%88%E3%83%A9%E3%83%B3%E3%83%BB%E3%82%A2%E3%82%B9%E3%83%9A%E3%83%AB%E3%82%B8%E3%83%A5%20%E5%8C%97%E6%B5%B7%E9%81%93%E4%B8%8A%E5%B7%9D%E9%83%A1%E7%BE%8E%E7%91%9B%E7%94%BA%E5%A4%A7%E7%94%BA2%20%E7%BE%8E%E7%91%9B%E9%81%B8%E6%9E%9C,43.5907581,142.4542693,2021 | 2023 | 2025,フレンチ EAST,french_east,発表日：2021年3月22日 | 発表日：2023年6月12日 | 発表日：2025年6月10日
ラ・ブリック,北海道札幌市中央区北2条東4丁目 レンガ館１Ｆ,食べログ 百名店: 2021 / フレンチ EAST,https://tabelog.com/hokkaido/A0101/A010102/1033322/,https://yoyaku.tabelog.com/yoyaku/tabelog_booking/send_remind/,https://www.google.com/maps/search/?api=1&query=%E3%83%A9%E3%83%BB%E3%83%96%E3%83%AA%E3%83%83%E3%82%AF%20%E5%8C%97%E6%B5%B7%E9%81%93%E6%9C%AD%E5%B9%8C%E5%B8%82%E4%B8%AD%E5%A4%AE%E5%8C%BA%E5%8C%972%E6%9D%A1%E6%9D%B14%E4%B8%81%E7%9B%AE%20%E3%83%AC%E3%83%B3%E3%82%AC%E9%A4%A8%EF%BC%91%EF%BC%A6,43.0654194,141.3617904,2021,フレンチ EAST,french_east,発表日：2021年3月22日
ロワゾー・パー・マツナガ,北海道函館市柏木町4-5,食べログ 百名店: 2021 | 2023 | 2025 / フレンチ EAST,https://tabelog.com/hokkaido/A0105/A010501/1043997/,https://tabelog.com/hokkaido/A0105/A010501/1043997/?cid=google_yoyaku,https://www.google.com/maps/search/?api=1&query=%E3%83%AD%E3%83%AF%E3%82%BE%E3%83%BC%E3%83%BB%E3%83%91%E3%83%BC%E3%83%BB%E3%83%9E%E3%83%84%E3%83%8A%E3%82%AC%20%E5%8C%97%E6%B5%B7%E9%81%93%E5%87%BD%E9%A4%A8%E5%B8%82%E6%9F%8F%E6%9C%A8%E7%94%BA4-5,41.7909936,140.7644954,2021 | 2023 | 2025,フレンチ EAST,french_east,発表日：2021年3月22日 | 発表日：2023年6月12日 | 発表日：2025年6月10日
エッサンス,秋田県秋田市手形西谷地704-1 センティースマンション 105,食べログ 百名店: 2021 | 2023 | 2025 / フレンチ EAST,https://tabelog.com/akita/A0501/A050101/5006735/,https://yoyaku.tabelog.com/yoyaku/tabelog_booking/send_remind/,https://www.google.com/maps/search/?api=1&query=%E3%82%A8%E3%83%83%E3%82%B5%E3%83%B3%E3%82%B9%20%E7%A7%8B%E7%94%B0%E7%9C%8C%E7%A7%8B%E7%94%B0%E5%B8%82%E6%89%8B%E5%BD%A2%E8%A5%BF%E8%B0%B7%E5%9C%B0704-1%20%E3%82%BB%E3%83%B3%E3%83%86%E3%82%A3%E3%83%BC%E3%82%B9%E3%83%9E%E3%83%B3%E3%82%B7%E3%83%A7%E3%83%B3%20105,39.7173699,140.1343380,2021 | 2023 | 2025,フレンチ EAST,french_east,発表日：2021年3月22日 | 発表日：2023年6月12日 | 発表日：2025年6月10日
クネル,北海道札幌市中央区南二条西8-6-4 鳥居ビル　１Ｆ,食べログ 百名店: 2021 / フレンチ EAST,https://tabelog.com/hokkaido/A0101/A010102/1007405/,https://yoyaku.tabelog.com/yoyaku/tabelog_booking/send_remind/,https://www.google.com/maps/search/?api=1&query=%E3%82%AF%E3%83%8D%E3%83%AB%20%E5%8C%97%E6%B5%B7%E9%81%93%E6%9C%AD%E5%B9%8C%E5%B8%82%E4%B8%AD%E5%A4%AE%E5%8C%BA%E5%8D%97%E4%BA%8C%E6%9D%A1%E8%A5%BF8-6-4%20%E9%B3%A5%E5%B1%85%E3%83%93%E3%83%AB%E3%80%80%EF%BC%91%EF%BC%A6,43.0563726,141.3457332,2021,フレンチ EAST,french_east,発表日：2021年3月22日
レストラン シンフォニー,宮城県仙台市青葉区一番町1-9-1 ウェスティンホテル仙台 26F,食べログ 百名店: 2021 / フレンチ EAST,https://tabelog.com/miyagi/A0401/A040101/4010704/,https://tabelog.com/miyagi/A0401/A040101/4010704/?cid=google_yoyaku,https://www.google.com/maps/search/?api=1&query=%E3%83%AC%E3%82%B9%E3%83%88%E3%83%A9%E3%83%B3%20%E3%82%B7%E3%83%B3%E3%83%95%E3%82%A9%E3%83%8B%E3%83%BC%20%E5%AE%AE%E5%9F%8E%E7%9C%8C%E4%BB%99%E5%8F%B0%E5%B8%82%E9%9D%92%E8%91%89%E5%8C%BA%E4%B8%80%E7%95%AA%E7%94%BA1-9-1%20%E3%82%A6%E3%82%A7%E3%82%B9%E3%83%86%E3%82%A3%E3%83%B3%E3%83%9B%E3%83%86%E3%83%AB%E4%BB%99%E5%8F%B0%2026F,38.2565861,140.8761339,2021,フレンチ EAST,french_east,発表日：2021年3月22日
レストラン山崎,青森県弘前市親方町41,食べログ 百名店: 2021 | 2025 / フレンチ EAST,https://tabelog.com/aomori/A0202/A020201/2000326/,https://tabelog.com/aomori/A0202/A020201/2000326/?cid=google_yoyaku,https://www.google.com/maps/search/?api=1&query=%E3%83%AC%E3%82%B9%E3%83%88%E3%83%A9%E3%83%B3%E5%B1%B1%E5%B4%8E%20%E9%9D%92%E6%A3%AE%E7%9C%8C%E5%BC%98%E5%89%8D%E5%B8%82%E8%A6%AA%E6%96%B9%E7%94%BA41,40.6023965,140.4703011,2021 | 2025,フレンチ EAST,french_east,発表日：2021年3月22日 | 発表日：2025年6月10日
レストラン・マッカリーナ,北海道虻田郡真狩村緑岡172-3,食べログ 百名店: 2021 / フレンチ EAST,https://tabelog.com/hokkaido/A0106/A010603/1000235/,https://yoyaku.tabelog.com/yoyaku/tabelog_booking/send_remind/,https://www.google.com/maps/search/?api=1&query=%E3%83%AC%E3%82%B9%E3%83%88%E3%83%A9%E3%83%B3%E3%83%BB%E3%83%9E%E3%83%83%E3%82%AB%E3%83%AA%E3%83%BC%E3%83%8A%20%E5%8C%97%E6%B5%B7%E9%81%93%E8%99%BB%E7%94%B0%E9%83%A1%E7%9C%9F%E7%8B%A9%E6%9D%91%E7%B7%91%E5%B2%A1172-3,42.7665922,140.7789496,2021,フレンチ EAST,french_east,発表日：2021年3月22日
Maison de h-l'E´ridan,北海道札幌市中央区円山西町1丁目6-1,食べログ 百名店: 2021 | 2023 / フレンチ EAST,https://tabelog.com/hokkaido/A0101/A010105/1008428/,https://yoyaku.tabelog.com/yoyaku/tabelog_booking/send_remind/,https://www.google.com/maps/search/?api=1&query=Maison%20de%20h-l%27E%C2%B4ridan%20%E5%8C%97%E6%B5%B7%E9%81%93%E6%9C%AD%E5%B9%8C%E5%B8%82%E4%B8%AD%E5%A4%AE%E5%8C%BA%E5%86%86%E5%B1%B1%E8%A5%BF%E7%94%BA1%E4%B8%81%E7%9B%AE6-1,43.0484186,141.3038618,2021 | 2023,フレンチ EAST,french_east,発表日：2021年3月22日 | 発表日：2023年6月12日
ギリガンズ アイランド,北海道虻田郡洞爺湖町清水336 ザ・ウィンザーホテル洞爺リゾート＆スパ 2F,食べログ 百名店: 2021 / フレンチ EAST,https://tabelog.com/hokkaido/A0108/A010801/1000139/,https://yoyaku.tabelog.com/yoyaku/tabelog_booking/send_remind/,https://www.google.com/maps/search/?api=1&query=%E3%82%AE%E3%83%AA%E3%82%AC%E3%83%B3%E3%82%BA%20%E3%82%A2%E3%82%A4%E3%83%A9%E3%83%B3%E3%83%89%20%E5%8C%97%E6%B5%B7%E9%81%93%E8%99%BB%E7%94%B0%E9%83%A1%E6%B4%9E%E7%88%BA%E6%B9%96%E7%94%BA%E6%B8%85%E6%B0%B4336%20%E3%82%B6%E3%83%BB%E3%82%A6%E3%82%A3%E3%83%B3%E3%82%B6%E3%83%BC%E3%83%9B%E3%83%86%E3%83%AB%E6%B4%9E%E7%88%BA%E3%83%AA%E3%82%BE%E3%83%BC%E3%83%88%EF%BC%86%E3%82%B9%E3%83%91%202F,42.5936566,140.7596624,2021,フレンチ EAST,french_east,発表日：2021年3月22日
フランス食堂 シェ・モア,青森県弘前市代官町53-2,食べログ 百名店: 2021 / フレンチ EAST,https://tabelog.com/aomori/A0202/A020201/2000419/,https://yoyaku.tabelog.com/yoyaku/tabelog_booking/send_remind/,https://www.google.com/maps/search/?api=1&query=%E3%83%95%E3%83%A9%E3%83%B3%E3%82%B9%E9%A3%9F%E5%A0%82%20%E3%82%B7%E3%82%A7%E3%83%BB%E3%83%A2%E3%82%A2%20%E9%9D%92%E6%A3%AE%E7%9C%8C%E5%BC%98%E5%89%8D%E5%B8%82%E4%BB%A3%E5%AE%98%E7%94%BA53-2,40.6019041,140.4787183,2021,フレンチ EAST,french_east,発表日：2021年3月22日
saveur,北海道札幌市中央区南3条西3丁目 TM-24BUILDING 2F,食べログ 百名店: 2021 / フレンチ EAST,https://tabelog.com/hokkaido/A0101/A010103/1037772/,https://yoyaku.tabelog.com/yoyaku/tabelog_booking/send_remind/,https://www.google.com/maps/search/?api=1&query=saveur%20%E5%8C%97%E6%B5%B7%E9%81%93%E6%9C%AD%E5%B9%8C%E5%B8%82%E4%B8%AD%E5%A4%AE%E5%8C%BA%E5%8D%973%E6%9D%A1%E8%A5%BF3%E4%B8%81%E7%9B%AE%20TM-24BUILDING%202F,43.0563544,141.3538868,2021,フレンチ EAST,french_east,発表日：2021年3月22日
ル・ジャンティオム,北海道札幌市中央区南四条西8-2-1 サンプラ－ザ札幌　１Ｆ,食べログ 百名店: 2021 / フレンチ EAST,https://tabelog.com/hokkaido/A0101/A010103/1000009/,https://yoyaku.tabelog.com/yoyaku/tabelog_booking/send_remind/,https://www.google.com/maps/search/?api=1&query=%E3%83%AB%E3%83%BB%E3%82%B8%E3%83%A3%E3%83%B3%E3%83%86%E3%82%A3%E3%82%AA%E3%83%A0%20%E5%8C%97%E6%B5%B7%E9%81%93%E6%9C%AD%E5%B9%8C%E5%B8%82%E4%B8%AD%E5%A4%AE%E5%8C%BA%E5%8D%97%E5%9B%9B%E6%9D%A1%E8%A5%BF8-2-1%20%E3%82%B5%E3%83%B3%E3%83%97%E3%83%A9%EF%BC%8D%E3%82%B6%E6%9C%AD%E5%B9%8C%E3%80%80%EF%BC%91%EF%BC%A6,43.0544861,141.3465009,2021,フレンチ EAST,french_east,発表日：2021年3月22日
HAGI,福島県いわき市内郷御台境町鬼越171-10,食べログ 百名店: 2021 | 2023 | 2025 / フレンチ EAST,https://tabelog.com/fukushima/A0704/A070401/7008647/,https://yoyaku.tabelog.com/yoyaku/tabelog_booking/send_remind/,https://www.google.com/maps/search/?api=1&query=HAGI%20%E7%A6%8F%E5%B3%B6%E7%9C%8C%E3%81%84%E3%82%8F%E3%81%8D%E5%B8%82%E5%86%85%E9%83%B7%E5%BE%A1%E5%8F%B0%E5%A2%83%E7%94%BA%E9%AC%BC%E8%B6%8A171-10,37.0524474,140.8653798,2021 | 2023 | 2025,フレンチ EAST,french_east,発表日：2021年3月22日 | 発表日：2023年6月12日 | 発表日：2025年6月10日
レストラン コートドール,北海道札幌市中央区宮ケ丘1-2-38,食べログ 百名店: 2021 | 2023 | 2025 / フレンチ EAST,https://tabelog.com/hokkaido/A0101/A010105/1000005/,https://tabelog.com/hokkaido/A0101/A010105/1000005/?cid=google_yoyaku,https://www.google.com/maps/search/?api=1&query=%E3%83%AC%E3%82%B9%E3%83%88%E3%83%A9%E3%83%B3%20%E3%82%B3%E3%83%BC%E3%83%88%E3%83%89%E3%83%BC%E3%83%AB%20%E5%8C%97%E6%B5%B7%E9%81%93%E6%9C%AD%E5%B9%8C%E5%B8%82%E4%B8%AD%E5%A4%AE%E5%8C%BA%E5%AE%AE%E3%82%B1%E4%B8%981-2-38,43.0580230,141.3121314,2021 | 2023 | 2025,フレンチ EAST,french_east,発表日：2021年3月22日 | 発表日：2023年6月12日 | 発表日：2025年6月10日
lien,北海道札幌市中央区大通西20丁目3-10 MOR20 1F,食べログ 百名店: 2021 / フレンチ EAST,https://tabelog.com/hokkaido/A0101/A010102/1038104/,https://yoyaku.tabelog.com/yoyaku/tabelog_booking/send_remind/,https://www.google.com/maps/search/?api=1&query=lien%20%E5%8C%97%E6%B5%B7%E9%81%93%E6%9C%AD%E5%B9%8C%E5%B8%82%E4%B8%AD%E5%A4%AE%E5%8C%BA%E5%A4%A7%E9%80%9A%E8%A5%BF20%E4%B8%81%E7%9B%AE3-10%20MOR20%201F,43.0574824,141.3260621,2021,フレンチ EAST,french_east,発表日：2021年3月22日
アル・ケッチァーノ,山形県鶴岡市下山添一里塚83,食べログ 百名店: 2021 / イタリアン EAST,https://tabelog.com/yamagata/A0603/A060302/6000022/,https://yoyaku.tabelog.com/yoyaku/tabelog_booking/send_remind/,https://www.google.com/maps/search/?api=1&query=%E3%82%A2%E3%83%AB%E3%83%BB%E3%82%B1%E3%83%83%E3%83%81%E3%82%A1%E3%83%BC%E3%83%8E%20%E5%B1%B1%E5%BD%A2%E7%9C%8C%E9%B6%B4%E5%B2%A1%E5%B8%82%E4%B8%8B%E5%B1%B1%E6%B7%BB%E4%B8%80%E9%87%8C%E5%A1%9A83,38.6981448,139.8337695,2021,イタリアン EAST,italian_east,発表日：2021年3月8日
コルツ,北海道函館市本町4-10,食べログ 百名店: 2021 | 2023 / イタリアン EAST,https://tabelog.com/hokkaido/A0105/A010501/1021441/,https://yoyaku.tabelog.com/yoyaku/tabelog_booking/send_remind/,https://www.google.com/maps/search/?api=1&query=%E3%82%B3%E3%83%AB%E3%83%84%20%E5%8C%97%E6%B5%B7%E9%81%93%E5%87%BD%E9%A4%A8%E5%B8%82%E6%9C%AC%E7%94%BA4-10,41.7885758,140.7508052,2021 | 2023,イタリアン EAST,italian_east,発表日：2021年3月8日 | 発表日：2023年4月11日
セミーナ,北海道札幌市中央区南1条西8-20-1 ライオンズマンション小六ビル 1F,食べログ 百名店: 2021 | 2023 | 2025 / イタリアン EAST,https://tabelog.com/hokkaido/A0101/A010102/1055732/,https://tabelog.com/hokkaido/A0101/A010102/1055732/?cid=google_yoyaku,https://www.google.com/maps/search/?api=1&query=%E3%82%BB%E3%83%9F%E3%83%BC%E3%83%8A%20%E5%8C%97%E6%B5%B7%E9%81%93%E6%9C%AD%E5%B9%8C%E5%B8%82%E4%B8%AD%E5%A4%AE%E5%8C%BA%E5%8D%971%E6%9D%A1%E8%A5%BF8-20-1%20%E3%83%A9%E3%82%A4%E3%82%AA%E3%83%B3%E3%82%BA%E3%83%9E%E3%83%B3%E3%82%B7%E3%83%A7%E3%83%B3%E5%B0%8F%E5%85%AD%E3%83%93%E3%83%AB%201F,43.0583462,141.3447541,2021 | 2023 | 2025,イタリアン EAST,italian_east,発表日：2021年3月8日 | 発表日：2023年4月11日 | 発表日：2025年4月22日
オステリア・エノテカ・ダ・サスィーノ,青森県弘前市本町56-8 グレイス本町　２Ｆ,食べログ 百名店: 2021 | 2023 | 2025 / イタリアン EAST,https://tabelog.com/aomori/A0202/A020201/2000293/,https://yoyaku.tabelog.com/yoyaku/tabelog_booking/send_remind/,https://www.google.com/maps/search/?api=1&query=%E3%82%AA%E3%82%B9%E3%83%86%E3%83%AA%E3%82%A2%E3%83%BB%E3%82%A8%E3%83%8E%E3%83%86%E3%82%AB%E3%83%BB%E3%83%80%E3%83%BB%E3%82%B5%E3%82%B9%E3%82%A3%E3%83%BC%E3%83%8E%20%E9%9D%92%E6%A3%AE%E7%9C%8C%E5%BC%98%E5%89%8D%E5%B8%82%E6%9C%AC%E7%94%BA56-8%20%E3%82%B0%E3%83%AC%E3%82%A4%E3%82%B9%E6%9C%AC%E7%94%BA%E3%80%80%EF%BC%92%EF%BC%A6,40.6009805,140.4670173,2021 | 2023 | 2025,イタリアン EAST,italian_east,発表日：2021年3月8日 | 発表日：2023年4月11日 | 発表日：2025年4月22日
クロッキオ,北海道札幌市中央区南三条西8丁目7-4 遠藤ビル1F,食べログ 百名店: 2021 / イタリアン EAST,https://tabelog.com/hokkaido/A0101/A010103/1033822/,https://yoyaku.tabelog.com/yoyaku/tabelog_booking/send_remind/,https://www.google.com/maps/search/?api=1&query=%E3%82%AF%E3%83%AD%E3%83%83%E3%82%AD%E3%82%AA%20%E5%8C%97%E6%B5%B7%E9%81%93%E6%9C%AD%E5%B9%8C%E5%B8%82%E4%B8%AD%E5%A4%AE%E5%8C%BA%E5%8D%97%E4%B8%89%E6%9D%A1%E8%A5%BF8%E4%B8%81%E7%9B%AE7-4%20%E9%81%A0%E8%97%A4%E3%83%93%E3%83%AB1F,43.0563013,141.3464691,2021,イタリアン EAST,italian_east,発表日：2021年3月8日
ジュエーメ,秋田県大仙市戸蒔字谷地添100-1,食べログ 百名店: 2021 | 2023 | 2025 / イタリアン EAST,https://tabelog.com/akita/A0504/A050402/5006765/,https://tabelog.com/akita/A0504/A050402/5006765/?cid=google_yoyaku,https://www.google.com/maps/search/?api=1&query=%E3%82%B8%E3%83%A5%E3%82%A8%E3%83%BC%E3%83%A1%20%E7%A7%8B%E7%94%B0%E7%9C%8C%E5%A4%A7%E4%BB%99%E5%B8%82%E6%88%B8%E8%92%94%E5%AD%97%E8%B0%B7%E5%9C%B0%E6%B7%BB100-1,39.4509758,140.5023045,2021 | 2023 | 2025,イタリアン EAST,italian_east,発表日：2021年3月8日 | 発表日：2023年4月11日 | 発表日：2025年4月22日
リストランテ カノフィーロ,北海道札幌市中央区南2条西1丁目8 アスカビル　２Ｆ,食べログ 百名店: 2021 / イタリアン EAST,https://tabelog.com/hokkaido/A0101/A010102/1000030/,https://yoyaku.tabelog.com/yoyaku/tabelog_booking/send_remind/,https://www.google.com/maps/search/?api=1&query=%E3%83%AA%E3%82%B9%E3%83%88%E3%83%A9%E3%83%B3%E3%83%86%20%E3%82%AB%E3%83%8E%E3%83%95%E3%82%A3%E3%83%BC%E3%83%AD%20%E5%8C%97%E6%B5%B7%E9%81%93%E6%9C%AD%E5%B9%8C%E5%B8%82%E4%B8%AD%E5%A4%AE%E5%8C%BA%E5%8D%972%E6%9D%A1%E8%A5%BF1%E4%B8%81%E7%9B%AE8%20%E3%82%A2%E3%82%B9%E3%82%AB%E3%83%93%E3%83%AB%E3%80%80%EF%BC%92%EF%BC%A6,43.0582270,141.3569145,2021,イタリアン EAST,italian_east,発表日：2021年3月8日
フラテッロ・ディ・ミクニ,北海道上川郡上川町菊水旭ヶ丘,食べログ 百名店: 2021 | 2023 / イタリアン EAST,https://tabelog.com/hokkaido/A0104/A010405/1041992/,https://yoyaku.tabelog.com/yoyaku/tabelog_booking/send_remind/,https://www.google.com/maps/search/?api=1&query=%E3%83%95%E3%83%A9%E3%83%86%E3%83%83%E3%83%AD%E3%83%BB%E3%83%87%E3%82%A3%E3%83%BB%E3%83%9F%E3%82%AF%E3%83%8B%20%E5%8C%97%E6%B5%B7%E9%81%93%E4%B8%8A%E5%B7%9D%E9%83%A1%E4%B8%8A%E5%B7%9D%E7%94%BA%E8%8F%8A%E6%B0%B4%E6%97%AD%E3%83%B6%E4%B8%98,43.7985266,142.8231650,2021 | 2023,イタリアン EAST,italian_east,発表日：2021年3月8日 | 発表日：2023年4月11日
デッラ・アモーレ,北海道札幌市中央区宮の森1条4-1-21 パナシェ宮の森,食べログ 百名店: 2021 / イタリアン EAST,https://tabelog.com/hokkaido/A0101/A010105/1006709/,https://yoyaku.tabelog.com/yoyaku/tabelog_booking/send_remind/,https://www.google.com/maps/search/?api=1&query=%E3%83%87%E3%83%83%E3%83%A9%E3%83%BB%E3%82%A2%E3%83%A2%E3%83%BC%E3%83%AC%20%E5%8C%97%E6%B5%B7%E9%81%93%E6%9C%AD%E5%B9%8C%E5%B8%82%E4%B8%AD%E5%A4%AE%E5%8C%BA%E5%AE%AE%E3%81%AE%E6%A3%AE1%E6%9D%A14-1-21%20%E3%83%91%E3%83%8A%E3%82%B7%E3%82%A7%E5%AE%AE%E3%81%AE%E6%A3%AE,43.0624178,141.3105609,2021,イタリアン EAST,italian_east,発表日：2021年3月8日
CANTINETTA SALUS,北海道札幌市中央区南3条西3丁目2-2 G DINING SAPPORO 1F,食べログ 百名店: 2021 / イタリアン EAST,https://tabelog.com/hokkaido/A0101/A010103/1009929/,https://yoyaku.tabelog.com/yoyaku/tabelog_booking/send_remind/,https://www.google.com/maps/search/?api=1&query=CANTINETTA%20SALUS%20%E5%8C%97%E6%B5%B7%E9%81%93%E6%9C%AD%E5%B9%8C%E5%B8%82%E4%B8%AD%E5%A4%AE%E5%8C%BA%E5%8D%973%E6%9D%A1%E8%A5%BF3%E4%B8%81%E7%9B%AE2-2%20G%20DINING%20SAPPORO%201F,43.0565968,141.3543352,2021,イタリアン EAST,italian_east,発表日：2021年3月8日
カーサ・デル・チーボ,青森県八戸市湊高台1-19-6,食べログ 百名店: 2021 | 2023 | 2025 / イタリアン EAST,https://tabelog.com/aomori/A0203/A020301/2006500/,https://yoyaku.tabelog.com/yoyaku/tabelog_booking/send_remind/,https://www.google.com/maps/search/?api=1&query=%E3%82%AB%E3%83%BC%E3%82%B5%E3%83%BB%E3%83%87%E3%83%AB%E3%83%BB%E3%83%81%E3%83%BC%E3%83%9C%20%E9%9D%92%E6%A3%AE%E7%9C%8C%E5%85%AB%E6%88%B8%E5%B8%82%E6%B9%8A%E9%AB%98%E5%8F%B01-19-6,40.5076952,141.5361166,2021 | 2023 | 2025,イタリアン EAST,italian_east,発表日：2021年3月8日 | 発表日：2023年4月11日 | 発表日：2025年4月22日
バローレ,北海道上川郡美瑛町美沢共生,食べログ 百名店: 2021 | 2023 | 2025 / イタリアン EAST,https://tabelog.com/hokkaido/A0104/A010403/1005335/,https://yoyaku.tabelog.com/yoyaku/tabelog_booking/send_remind/,https://www.google.com/maps/search/?api=1&query=%E3%83%90%E3%83%AD%E3%83%BC%E3%83%AC%20%E5%8C%97%E6%B5%B7%E9%81%93%E4%B8%8A%E5%B7%9D%E9%83%A1%E7%BE%8E%E7%91%9B%E7%94%BA%E7%BE%8E%E6%B2%A2%E5%85%B1%E7%94%9F,43.5516563,142.5148118,2021 | 2023 | 2025,イタリアン EAST,italian_east,発表日：2021年3月8日 | 発表日：2023年4月11日 | 発表日：2025年4月22日
シャトン,岩手県盛岡市内丸16-16,食べログ 百名店: 2021 | 2023 / イタリアン EAST,https://tabelog.com/iwate/A0301/A030101/3000029/,https://yoyaku.tabelog.com/yoyaku/tabelog_booking/send_remind/,https://www.google.com/maps/search/?api=1&query=%E3%82%B7%E3%83%A3%E3%83%88%E3%83%B3%20%E5%B2%A9%E6%89%8B%E7%9C%8C%E7%9B%9B%E5%B2%A1%E5%B8%82%E5%86%85%E4%B8%B816-16,39.7045392,141.1542910,2021 | 2023,イタリアン EAST,italian_east,発表日：2021年3月8日 | 発表日：2023年4月11日
余市SAGRA,北海道余市郡余市町登町987-2,食べログ 百名店: 2021 | 2023 | 2025 / イタリアン EAST,https://tabelog.com/hokkaido/A0106/A010602/1057186/,https://yoyaku.tabelog.com/yoyaku/tabelog_booking/send_remind/,https://www.google.com/maps/search/?api=1&query=%E4%BD%99%E5%B8%82SAGRA%20%E5%8C%97%E6%B5%B7%E9%81%93%E4%BD%99%E5%B8%82%E9%83%A1%E4%BD%99%E5%B8%82%E7%94%BA%E7%99%BB%E7%94%BA987-2,43.1656875,140.8211636,2021 | 2023 | 2025,イタリアン EAST,italian_east,発表日：2021年3月8日 | 発表日：2023年4月11日 | 発表日：2025年4月22日
エノテカ・オルモ・デル・カウカソ,秋田県秋田市山王1-6-20 1F,食べログ 百名店: 2021 / イタリアン EAST,https://tabelog.com/akita/A0501/A050101/5003951/,https://yoyaku.tabelog.com/yoyaku/tabelog_booking/send_remind/,https://www.google.com/maps/search/?api=1&query=%E3%82%A8%E3%83%8E%E3%83%86%E3%82%AB%E3%83%BB%E3%82%AA%E3%83%AB%E3%83%A2%E3%83%BB%E3%83%87%E3%83%AB%E3%83%BB%E3%82%AB%E3%82%A6%E3%82%AB%E3%82%BD%20%E7%A7%8B%E7%94%B0%E7%9C%8C%E7%A7%8B%E7%94%B0%E5%B8%82%E5%B1%B1%E7%8E%8B1-6-20%201F,39.7221383,140.1012813,2021,イタリアン EAST,italian_east,発表日：2021年3月8日
テルツィーナ,北海道札幌市中央区北2条東4丁目 サッポロファクトリーレンガ館1階,食べログ 百名店: 2021 / イタリアン EAST,https://tabelog.com/hokkaido/A0101/A010102/1002157/,https://yoyaku.tabelog.com/yoyaku/tabelog_booking/send_remind/,https://www.google.com/maps/search/?api=1&query=%E3%83%86%E3%83%AB%E3%83%84%E3%82%A3%E3%83%BC%E3%83%8A%20%E5%8C%97%E6%B5%B7%E9%81%93%E6%9C%AD%E5%B9%8C%E5%B8%82%E4%B8%AD%E5%A4%AE%E5%8C%BA%E5%8C%972%E6%9D%A1%E6%9D%B14%E4%B8%81%E7%9B%AE%20%E3%82%B5%E3%83%83%E3%83%9D%E3%83%AD%E3%83%95%E3%82%A1%E3%82%AF%E3%83%88%E3%83%AA%E3%83%BC%E3%83%AC%E3%83%B3%E3%82%AC%E9%A4%A81%E9%9A%8E,43.0649964,141.3617474,2021,イタリアン EAST,italian_east,発表日：2021年3月8日
ファイ,北海道札幌市中央区南2条西5-30-1,食べログ 百名店: 2021 | 2023 / イタリアン EAST,https://tabelog.com/hokkaido/A0101/A010103/1003075/,https://yoyaku.tabelog.com/yoyaku/tabelog_booking/send_remind/,https://www.google.com/maps/search/?api=1&query=%E3%83%95%E3%82%A1%E3%82%A4%20%E5%8C%97%E6%B5%B7%E9%81%93%E6%9C%AD%E5%B9%8C%E5%B8%82%E4%B8%AD%E5%A4%AE%E5%8C%BA%E5%8D%972%E6%9D%A1%E8%A5%BF5-30-1,43.0578328,141.3499260,2021 | 2023,イタリアン EAST,italian_east,発表日：2021年3月8日 | 発表日：2023年4月11日
リストランテ パドリーノ・デル・ショーザン,宮城県仙台市青葉区上杉2-1-50 勝山館　１Ｆ,食べログ 百名店: 2021 / イタリアン EAST,https://tabelog.com/miyagi/A0401/A040101/4008730/,https://yoyaku.tabelog.com/yoyaku/tabelog_booking/send_remind/,https://www.google.com/maps/search/?api=1&query=%E3%83%AA%E3%82%B9%E3%83%88%E3%83%A9%E3%83%B3%E3%83%86%20%E3%83%91%E3%83%89%E3%83%AA%E3%83%BC%E3%83%8E%E3%83%BB%E3%83%87%E3%83%AB%E3%83%BB%E3%82%B7%E3%83%A7%E3%83%BC%E3%82%B6%E3%83%B3%20%E5%AE%AE%E5%9F%8E%E7%9C%8C%E4%BB%99%E5%8F%B0%E5%B8%82%E9%9D%92%E8%91%89%E5%8C%BA%E4%B8%8A%E6%9D%892-1-50%20%E5%8B%9D%E5%B1%B1%E9%A4%A8%E3%80%80%EF%BC%91%EF%BC%A6,38.2738744,140.8729922,2021,イタリアン EAST,italian_east,発表日：2021年3月8日
日本料理 e.,宮城県仙台市青葉区片平1-1-18 バレンタインハウス 1F,食べログ 百名店: 2021 | 2023 | 2025 / 日本料理 EAST,https://tabelog.com/miyagi/A0401/A040101/4016108/,https://tabelog.com/miyagi/A0401/A040101/4016108/?cid=google_yoyaku,https://www.google.com/maps/search/?api=1&query=%E6%97%A5%E6%9C%AC%E6%96%99%E7%90%86%20e.%20%E5%AE%AE%E5%9F%8E%E7%9C%8C%E4%BB%99%E5%8F%B0%E5%B8%82%E9%9D%92%E8%91%89%E5%8C%BA%E7%89%87%E5%B9%B31-1-18%20%E3%83%90%E3%83%AC%E3%83%B3%E3%82%BF%E3%82%A4%E3%83%B3%E3%83%8F%E3%82%A6%E3%82%B9%201F,38.2581391,140.8682858,2021 | 2023 | 2025,日本料理 EAST,japanese_east,発表日：2021年4月1日 | 発表日：2023年3月2日 | 発表日：2025年3月25日
千陽 本店,青森県八戸市大字堤町8,食べログ 百名店: 2021 | 2023 / 日本料理 EAST,https://tabelog.com/aomori/A0203/A020301/2005810/,https://yoyaku.tabelog.com/yoyaku/tabelog_booking/send_remind/,https://www.google.com/maps/search/?api=1&query=%E5%8D%83%E9%99%BD%20%E6%9C%AC%E5%BA%97%20%E9%9D%92%E6%A3%AE%E7%9C%8C%E5%85%AB%E6%88%B8%E5%B8%82%E5%A4%A7%E5%AD%97%E5%A0%A4%E7%94%BA8,40.5097310,141.4864905,2021 | 2023,日本料理 EAST,japanese_east,発表日：2021年4月1日 | 発表日：2023年3月2日
りんたろう,宮城県仙台市青葉区一番町1-8-20,食べログ 百名店: 2021 / 日本料理 EAST,https://tabelog.com/miyagi/A0401/A040101/4012841/,https://yoyaku.tabelog.com/yoyaku/tabelog_booking/send_remind/,https://www.google.com/maps/search/?api=1&query=%E3%82%8A%E3%82%93%E3%81%9F%E3%82%8D%E3%81%86%20%E5%AE%AE%E5%9F%8E%E7%9C%8C%E4%BB%99%E5%8F%B0%E5%B8%82%E9%9D%92%E8%91%89%E5%8C%BA%E4%B8%80%E7%95%AA%E7%94%BA1-8-20,38.2568005,140.8750709,2021,日本料理 EAST,japanese_east,発表日：2021年4月1日
丸新,福島県郡山市神明町15-4,食べログ 百名店: 2021 | 2023 | 2025 / 日本料理 EAST,https://tabelog.com/fukushima/A0702/A070201/7001521/,https://tabelog.com/fukushima/A0702/A070201/7001521/?cid=google_yoyaku,https://www.google.com/maps/search/?api=1&query=%E4%B8%B8%E6%96%B0%20%E7%A6%8F%E5%B3%B6%E7%9C%8C%E9%83%A1%E5%B1%B1%E5%B8%82%E7%A5%9E%E6%98%8E%E7%94%BA15-4,37.4010436,140.3783549,2021 | 2023 | 2025,日本料理 EAST,japanese_east,発表日：2021年4月1日 | 発表日：2023年3月2日 | 発表日：2025年3月25日
料亭　濱乃家 本店,秋田県秋田市大町4-2-11,食べログ 百名店: 2021 | 2023 / 日本料理 EAST,https://tabelog.com/akita/A0501/A050101/5000015/,https://yoyaku.tabelog.com/yoyaku/tabelog_booking/send_remind/,https://www.google.com/maps/search/?api=1&query=%E6%96%99%E4%BA%AD%E3%80%80%E6%BF%B1%E4%B9%83%E5%AE%B6%20%E6%9C%AC%E5%BA%97%20%E7%A7%8B%E7%94%B0%E7%9C%8C%E7%A7%8B%E7%94%B0%E5%B8%82%E5%A4%A7%E7%94%BA4-2-11,39.7159929,140.1166436,2021 | 2023,日本料理 EAST,japanese_east,発表日：2021年4月1日 | 発表日：2023年3月2日
阿古,宮城県仙台市青葉区国分町2-11-11,食べログ 百名店: 2021 | 2024 | 2025 / 日本料理 EAST | 居酒屋 EAST,https://tabelog.com/miyagi/A0401/A040101/4006686/,https://yoyaku.tabelog.com/yoyaku/tabelog_booking/send_remind/,https://www.google.com/maps/search/?api=1&query=%E9%98%BF%E5%8F%A4%20%E5%AE%AE%E5%9F%8E%E7%9C%8C%E4%BB%99%E5%8F%B0%E5%B8%82%E9%9D%92%E8%91%89%E5%8C%BA%E5%9B%BD%E5%88%86%E7%94%BA2-11-11,38.2650260,140.8697778,2021 | 2024 | 2025,日本料理 EAST | 居酒屋 EAST,japanese_east | izakaya_east,発表日：2021年4月1日 | 発表日：2024年10月8日 | 発表日：2025年10月1日
壽山,北海道札幌市中央区大通西17-2-8 グラシアス大通 1F,食べログ 百名店: 2021 | 2023 | 2025 / 日本料理 EAST,https://tabelog.com/hokkaido/A0101/A010104/1060884/,https://tabelog.com/hokkaido/A0101/A010104/1060884/?cid=google_yoyaku,https://www.google.com/maps/search/?api=1&query=%E5%A3%BD%E5%B1%B1%20%E5%8C%97%E6%B5%B7%E9%81%93%E6%9C%AD%E5%B9%8C%E5%B8%82%E4%B8%AD%E5%A4%AE%E5%8C%BA%E5%A4%A7%E9%80%9A%E8%A5%BF17-2-8%20%E3%82%B0%E3%83%A9%E3%82%B7%E3%82%A2%E3%82%B9%E5%A4%A7%E9%80%9A%201F,43.0577329,141.3310911,2021 | 2023 | 2025,日本料理 EAST,japanese_east,発表日：2021年4月1日 | 発表日：2023年3月2日 | 発表日：2025年3月25日
温味,北海道札幌市中央区南10条西6丁目3番2号,食べログ 百名店: 2021 | 2023 | 2025 / 日本料理 EAST,https://tabelog.com/hokkaido/A0101/A010104/1053112/,https://tabelog.com/hokkaido/A0101/A010104/1053112/?cid=google_yoyaku,https://www.google.com/maps/search/?api=1&query=%E6%B8%A9%E5%91%B3%20%E5%8C%97%E6%B5%B7%E9%81%93%E6%9C%AD%E5%B9%8C%E5%B8%82%E4%B8%AD%E5%A4%AE%E5%8C%BA%E5%8D%9710%E6%9D%A1%E8%A5%BF6%E4%B8%81%E7%9B%AE3%E7%95%AA2%E5%8F%B7,43.0467125,141.3520293,2021 | 2023 | 2025,日本料理 EAST,japanese_east,発表日：2021年4月1日 | 発表日：2023年3月2日 | 発表日：2025年3月25日
みえ田,北海道札幌市中央区南五条西3丁目 第23桂和ビル 4F,食べログ 百名店: 2021 | 2023 | 2025 / 日本料理 EAST,https://tabelog.com/hokkaido/A0101/A010103/1007034/,https://yoyaku.tabelog.com/yoyaku/tabelog_booking/send_remind/,https://www.google.com/maps/search/?api=1&query=%E3%81%BF%E3%81%88%E7%94%B0%20%E5%8C%97%E6%B5%B7%E9%81%93%E6%9C%AD%E5%B9%8C%E5%B8%82%E4%B8%AD%E5%A4%AE%E5%8C%BA%E5%8D%97%E4%BA%94%E6%9D%A1%E8%A5%BF3%E4%B8%81%E7%9B%AE%20%E7%AC%AC23%E6%A1%82%E5%92%8C%E3%83%93%E3%83%AB%204F,43.0548374,141.3537737,2021 | 2023 | 2025,日本料理 EAST,japanese_east,発表日：2021年4月1日 | 発表日：2023年3月2日 | 発表日：2025年3月25日
和食すがわら,秋田県秋田市大町1-2-7 サンパティオ大町,食べログ 百名店: 2021 | 2023 | 2025 / 日本料理 EAST,https://tabelog.com/akita/A0501/A050101/5000689/,https://yoyaku.tabelog.com/yoyaku/tabelog_booking/send_remind/,https://www.google.com/maps/search/?api=1&query=%E5%92%8C%E9%A3%9F%E3%81%99%E3%81%8C%E3%82%8F%E3%82%89%20%E7%A7%8B%E7%94%B0%E7%9C%8C%E7%A7%8B%E7%94%B0%E5%B8%82%E5%A4%A7%E7%94%BA1-2-7%20%E3%82%B5%E3%83%B3%E3%83%91%E3%83%86%E3%82%A3%E3%82%AA%E5%A4%A7%E7%94%BA,39.7195520,140.1176686,2021 | 2023 | 2025,日本料理 EAST,japanese_east,発表日：2021年4月1日 | 発表日：2023年3月2日 | 発表日：2025年3月25日
津軽割烹未来,青森県青森市安方2-3-16,食べログ 百名店: 2021 | 2023 | 2025 / 日本料理 EAST,https://tabelog.com/aomori/A0201/A020101/2001751/,https://yoyaku.tabelog.com/yoyaku/tabelog_booking/send_remind/,https://www.google.com/maps/search/?api=1&query=%E6%B4%A5%E8%BB%BD%E5%89%B2%E7%83%B9%E6%9C%AA%E6%9D%A5%20%E9%9D%92%E6%A3%AE%E7%9C%8C%E9%9D%92%E6%A3%AE%E5%B8%82%E5%AE%89%E6%96%B92-3-16,40.8279296,140.7407659,2021 | 2023 | 2025,日本料理 EAST,japanese_east,発表日：2021年4月1日 | 発表日：2023年3月2日 | 発表日：2025年3月25日
御料理 寺沢,岩手県北上市大通り4丁目4-3,食べログ 百名店: 2021 | 2023 | 2025 / 日本料理 EAST,https://tabelog.com/iwate/A0302/A030202/3005625/,https://tabelog.com/iwate/A0302/A030202/3005625/?cid=google_yoyaku,https://www.google.com/maps/search/?api=1&query=%E5%BE%A1%E6%96%99%E7%90%86%20%E5%AF%BA%E6%B2%A2%20%E5%B2%A9%E6%89%8B%E7%9C%8C%E5%8C%97%E4%B8%8A%E5%B8%82%E5%A4%A7%E9%80%9A%E3%82%8A4%E4%B8%81%E7%9B%AE4-3,39.2859232,141.1079281,2021 | 2023 | 2025,日本料理 EAST,japanese_east,発表日：2021年4月1日 | 発表日：2023年3月2日 | 発表日：2025年3月25日
らん亭～ 美日庵,福島県郡山市富田東5-101,食べログ 百名店: 2021 | 2023 | 2025 / 日本料理 EAST,https://tabelog.com/fukushima/A0702/A070201/7000278/,https://tabelog.com/fukushima/A0702/A070201/7000278/?cid=google_yoyaku,https://www.google.com/maps/search/?api=1&query=%E3%82%89%E3%82%93%E4%BA%AD%EF%BD%9E%20%E7%BE%8E%E6%97%A5%E5%BA%B5%20%E7%A6%8F%E5%B3%B6%E7%9C%8C%E9%83%A1%E5%B1%B1%E5%B8%82%E5%AF%8C%E7%94%B0%E6%9D%B15-101,37.4225312,140.3708014,2021 | 2023 | 2025,日本料理 EAST,japanese_east,発表日：2021年4月1日 | 発表日：2023年3月2日 | 発表日：2025年3月25日
酒房しんせん,北海道札幌市中央区南六条西3 秋水ビル　１Ｆ,食べログ 百名店: 2021 | 2023 / 日本料理 EAST,https://tabelog.com/hokkaido/A0101/A010103/1000002/,https://yoyaku.tabelog.com/yoyaku/tabelog_booking/send_remind/,https://www.google.com/maps/search/?api=1&query=%E9%85%92%E6%88%BF%E3%81%97%E3%82%93%E3%81%9B%E3%82%93%20%E5%8C%97%E6%B5%B7%E9%81%93%E6%9C%AD%E5%B9%8C%E5%B8%82%E4%B8%AD%E5%A4%AE%E5%8C%BA%E5%8D%97%E5%85%AD%E6%9D%A1%E8%A5%BF3%20%E7%A7%8B%E6%B0%B4%E3%83%93%E3%83%AB%E3%80%80%EF%BC%91%EF%BC%A6,43.0535216,141.3547480,2021 | 2023,日本料理 EAST,japanese_east,発表日：2021年4月1日 | 発表日：2023年3月2日
うなぎと季節料理とらや,北海道札幌市中央区大通西28-4-14,食べログ 百名店: 2021 / 日本料理 EAST,https://tabelog.com/hokkaido/A0101/A010105/1004035/,https://yoyaku.tabelog.com/yoyaku/tabelog_booking/send_remind/,https://www.google.com/maps/search/?api=1&query=%E3%81%86%E3%81%AA%E3%81%8E%E3%81%A8%E5%AD%A3%E7%AF%80%E6%96%99%E7%90%86%E3%81%A8%E3%82%89%E3%82%84%20%E5%8C%97%E6%B5%B7%E9%81%93%E6%9C%AD%E5%B9%8C%E5%B8%82%E4%B8%AD%E5%A4%AE%E5%8C%BA%E5%A4%A7%E9%80%9A%E8%A5%BF28-4-14,43.0564506,141.3154540,2021,日本料理 EAST,japanese_east,発表日：2021年4月1日
ほむら,青森県八戸市一番町1丁目1-30,食べログ 百名店: 2021 | 2023 | 2025 / 日本料理 EAST,https://tabelog.com/aomori/A0203/A020301/2000619/,https://yoyaku.tabelog.com/yoyaku/tabelog_booking/send_remind/,https://www.google.com/maps/search/?api=1&query=%E3%81%BB%E3%82%80%E3%82%89%20%E9%9D%92%E6%A3%AE%E7%9C%8C%E5%85%AB%E6%88%B8%E5%B8%82%E4%B8%80%E7%95%AA%E7%94%BA1%E4%B8%81%E7%9B%AE1-30,40.5084416,141.4323945,2021 | 2023 | 2025,日本料理 EAST,japanese_east,発表日：2021年4月1日 | 発表日：2023年3月2日 | 発表日：2025年3月25日
味道広路,北海道夕張郡栗山町湯地40-35,食べログ 百名店: 2021 | 2023 | 2025 / 日本料理 EAST,https://tabelog.com/hokkaido/A0107/A010704/1016052/,https://yoyaku.tabelog.com/yoyaku/tabelog_booking/send_remind/,https://www.google.com/maps/search/?api=1&query=%E5%91%B3%E9%81%93%E5%BA%83%E8%B7%AF%20%E5%8C%97%E6%B5%B7%E9%81%93%E5%A4%95%E5%BC%B5%E9%83%A1%E6%A0%97%E5%B1%B1%E7%94%BA%E6%B9%AF%E5%9C%B040-35,43.0602509,141.7959814,2021 | 2023 | 2025,日本料理 EAST,japanese_east,発表日：2021年4月1日 | 発表日：2023年3月2日 | 発表日：2025年3月25日
はた善,青森県青森市安方2-17-15 ライオンズマンション新町通 1F,食べログ 百名店: 2021 | 2024 | 2025 / 日本料理 EAST | 居酒屋 EAST,https://tabelog.com/aomori/A0201/A020101/2000414/,https://yoyaku.tabelog.com/yoyaku/tabelog_booking/send_remind/,https://www.google.com/maps/search/?api=1&query=%E3%81%AF%E3%81%9F%E5%96%84%20%E9%9D%92%E6%A3%AE%E7%9C%8C%E9%9D%92%E6%A3%AE%E5%B8%82%E5%AE%89%E6%96%B92-17-15%20%E3%83%A9%E3%82%A4%E3%82%AA%E3%83%B3%E3%82%BA%E3%83%9E%E3%83%B3%E3%82%B7%E3%83%A7%E3%83%B3%E6%96%B0%E7%94%BA%E9%80%9A%201F,40.8264626,140.7444677,2021 | 2024 | 2025,日本料理 EAST | 居酒屋 EAST,japanese_east | izakaya_east,発表日：2021年4月1日 | 発表日：2024年10月8日 | 発表日：2025年10月1日
一舞庵,宮城県仙台市青葉区一番町1-9-1 ウェスティンホテル仙台 37F,食べログ 百名店: 2021 / 日本料理 EAST,https://tabelog.com/miyagi/A0401/A040101/4010699/,https://yoyaku.tabelog.com/yoyaku/tabelog_booking/send_remind/,https://www.google.com/maps/search/?api=1&query=%E4%B8%80%E8%88%9E%E5%BA%B5%20%E5%AE%AE%E5%9F%8E%E7%9C%8C%E4%BB%99%E5%8F%B0%E5%B8%82%E9%9D%92%E8%91%89%E5%8C%BA%E4%B8%80%E7%95%AA%E7%94%BA1-9-1%20%E3%82%A6%E3%82%A7%E3%82%B9%E3%83%86%E3%82%A3%E3%83%B3%E3%83%9B%E3%83%86%E3%83%AB%E4%BB%99%E5%8F%B0%2037F,38.2564748,140.8762178,2021,日本料理 EAST,japanese_east,発表日：2021年4月1日
千松しま,宮城県塩竈市長沢町15-1,食べログ 百名店: 2021 | 2023 | 2025 / 日本料理 EAST,https://tabelog.com/miyagi/A0404/A040404/4001636/,https://tabelog.com/miyagi/A0404/A040404/4001636/?cid=google_yoyaku,https://www.google.com/maps/search/?api=1&query=%E5%8D%83%E6%9D%BE%E3%81%97%E3%81%BE%20%E5%AE%AE%E5%9F%8E%E7%9C%8C%E5%A1%A9%E7%AB%88%E5%B8%82%E9%95%B7%E6%B2%A2%E7%94%BA15-1,38.3272647,141.0142160,2021 | 2023 | 2025,日本料理 EAST,japanese_east,発表日：2021年4月1日 | 発表日：2023年3月2日 | 発表日：2025年3月25日
日本料理 たかむら,秋田県秋田市大町1-7-31,食べログ 百名店: 2021 | 2023 | 2025 / 日本料理 EAST,https://tabelog.com/akita/A0501/A050101/5000664/,https://yoyaku.tabelog.com/yoyaku/tabelog_booking/send_remind/,https://www.google.com/maps/search/?api=1&query=%E6%97%A5%E6%9C%AC%E6%96%99%E7%90%86%20%E3%81%9F%E3%81%8B%E3%82%80%E3%82%89%20%E7%A7%8B%E7%94%B0%E7%9C%8C%E7%A7%8B%E7%94%B0%E5%B8%82%E5%A4%A7%E7%94%BA1-7-31,39.7206970,140.1127065,2021 | 2023 | 2025,日本料理 EAST,japanese_east,発表日：2021年4月1日 | 発表日：2023年3月2日 | 発表日：2025年3月25日
萬み高橋,宮城県仙台市青葉区国分町2-12-5 凱旋門ビル 1Ｆ,食べログ 百名店: 2021 | 2023 / 日本料理 EAST,https://tabelog.com/miyagi/A0401/A040101/4001163/,https://yoyaku.tabelog.com/yoyaku/tabelog_booking/send_remind/,https://www.google.com/maps/search/?api=1&query=%E8%90%AC%E3%81%BF%E9%AB%98%E6%A9%8B%20%E5%AE%AE%E5%9F%8E%E7%9C%8C%E4%BB%99%E5%8F%B0%E5%B8%82%E9%9D%92%E8%91%89%E5%8C%BA%E5%9B%BD%E5%88%86%E7%94%BA2-12-5%20%E5%87%B1%E6%97%8B%E9%96%80%E3%83%93%E3%83%AB%201%EF%BC%A6,38.2646212,140.8685538,2021 | 2023,日本料理 EAST,japanese_east,発表日：2021年4月1日 | 発表日：2023年3月2日
花小路 さわ田,北海道札幌市中央区南7条西4丁目 プラザ7・4浅井ビル 3F,食べログ 百名店: 2021 | 2023 | 2025 / 日本料理 EAST,https://tabelog.com/hokkaido/A0101/A010103/1030202/,https://yoyaku.tabelog.com/yoyaku/tabelog_booking/send_remind/,https://www.google.com/maps/search/?api=1&query=%E8%8A%B1%E5%B0%8F%E8%B7%AF%20%E3%81%95%E3%82%8F%E7%94%B0%20%E5%8C%97%E6%B5%B7%E9%81%93%E6%9C%AD%E5%B9%8C%E5%B8%82%E4%B8%AD%E5%A4%AE%E5%8C%BA%E5%8D%977%E6%9D%A1%E8%A5%BF4%E4%B8%81%E7%9B%AE%20%E3%83%97%E3%83%A9%E3%82%B67%E3%83%BB4%E6%B5%85%E4%BA%95%E3%83%93%E3%83%AB%203F,43.0524736,141.3534290,2021 | 2023 | 2025,日本料理 EAST,japanese_east,発表日：2021年4月1日 | 発表日：2023年3月2日 | 発表日：2025年3月25日
日本料理こまつ,北海道札幌市中央区円山西町8-4-26,食べログ 百名店: 2021 | 2023 | 2025 / 日本料理 EAST,https://tabelog.com/hokkaido/A0101/A010105/1047890/,https://tabelog.com/hokkaido/A0101/A010105/1047890/?cid=google_yoyaku,https://www.google.com/maps/search/?api=1&query=%E6%97%A5%E6%9C%AC%E6%96%99%E7%90%86%E3%81%93%E3%81%BE%E3%81%A4%20%E5%8C%97%E6%B5%B7%E9%81%93%E6%9C%AD%E5%B9%8C%E5%B8%82%E4%B8%AD%E5%A4%AE%E5%8C%BA%E5%86%86%E5%B1%B1%E8%A5%BF%E7%94%BA8-4-26,43.0441412,141.3070073,2021 | 2023 | 2025,日本料理 EAST,japanese_east,発表日：2021年4月1日 | 発表日：2023年3月2日 | 発表日：2025年3月25日
ホシヤマ珈琲店 本店,宮城県仙台市青葉区一番町4-9-1 かき徳玉澤ビル　３Ｆ,食べログ 百名店: 2021 / 喫茶店,https://tabelog.com/miyagi/A0401/A040101/4000051/,https://yoyaku.tabelog.com/yoyaku/tabelog_booking/send_remind/,https://www.google.com/maps/search/?api=1&query=%E3%83%9B%E3%82%B7%E3%83%A4%E3%83%9E%E7%8F%88%E7%90%B2%E5%BA%97%20%E6%9C%AC%E5%BA%97%20%E5%AE%AE%E5%9F%8E%E7%9C%8C%E4%BB%99%E5%8F%B0%E5%B8%82%E9%9D%92%E8%91%89%E5%8C%BA%E4%B8%80%E7%95%AA%E7%94%BA4-9-1%20%E3%81%8B%E3%81%8D%E5%BE%B3%E7%8E%89%E6%BE%A4%E3%83%93%E3%83%AB%E3%80%80%EF%BC%93%EF%BC%A6,38.2647934,140.8704515,2021,喫茶店,kissaten,発表日：2021年6月29日
さえら,北海道札幌市中央区大通西2 都心ビル　Ｂ３Ｆ,食べログ 百名店: 2021 | 2022 / 喫茶店,https://tabelog.com/hokkaido/A0101/A010102/1000026/,https://yoyaku.tabelog.com/yoyaku/tabelog_booking/send_remind/,https://www.google.com/maps/search/?api=1&query=%E3%81%95%E3%81%88%E3%82%89%20%E5%8C%97%E6%B5%B7%E9%81%93%E6%9C%AD%E5%B9%8C%E5%B8%82%E4%B8%AD%E5%A4%AE%E5%8C%BA%E5%A4%A7%E9%80%9A%E8%A5%BF2%20%E9%83%BD%E5%BF%83%E3%83%93%E3%83%AB%E3%80%80%EF%BC%A2%EF%BC%93%EF%BC%A6,43.0602467,141.3543843,2021 | 2022,喫茶店,kissaten,発表日：2021年6月29日 | 発表日：2022年9月27日
光原社 可否館,岩手県盛岡市材木町2-18,食べログ 百名店: 2021 / 喫茶店,https://tabelog.com/iwate/A0301/A030101/3000261/,https://yoyaku.tabelog.com/yoyaku/tabelog_booking/send_remind/,https://www.google.com/maps/search/?api=1&query=%E5%85%89%E5%8E%9F%E7%A4%BE%20%E5%8F%AF%E5%90%A6%E9%A4%A8%20%E5%B2%A9%E6%89%8B%E7%9C%8C%E7%9B%9B%E5%B2%A1%E5%B8%82%E6%9D%90%E6%9C%A8%E7%94%BA2-18,39.7059905,141.1380120,2021,喫茶店,kissaten,発表日：2021年6月29日
どりあん,北海道根室市常磐町2-9,食べログ 百名店: 2021 / 喫茶店,https://tabelog.com/hokkaido/A0112/A011203/1004629/,https://yoyaku.tabelog.com/yoyaku/tabelog_booking/send_remind/,https://www.google.com/maps/search/?api=1&query=%E3%81%A9%E3%82%8A%E3%81%82%E3%82%93%20%E5%8C%97%E6%B5%B7%E9%81%93%E6%A0%B9%E5%AE%A4%E5%B8%82%E5%B8%B8%E7%A3%90%E7%94%BA2-9,43.3321883,145.5819889,2021,喫茶店,kissaten,発表日：2021年6月29日
デルソーレ,北海道虻田郡ニセコ町ニセコ483- 1 ポテト共和国内,食べログ 百名店: 2021 / ピザ,https://tabelog.com/hokkaido/A0106/A010603/1009661/,https://yoyaku.tabelog.com/yoyaku/tabelog_booking/send_remind/,https://www.google.com/maps/search/?api=1&query=%E3%83%87%E3%83%AB%E3%82%BD%E3%83%BC%E3%83%AC%20%E5%8C%97%E6%B5%B7%E9%81%93%E8%99%BB%E7%94%B0%E9%83%A1%E3%83%8B%E3%82%BB%E3%82%B3%E7%94%BA%E3%83%8B%E3%82%BB%E3%82%B3483-%201%20%E3%83%9D%E3%83%86%E3%83%88%E5%85%B1%E5%92%8C%E5%9B%BD%E5%86%85,42.8464734,140.6456260,2021,ピザ,pizza,発表日：2021年6月15日
ウッデンシップ,宮城県富谷市富ケ丘2-28-2,食べログ 百名店: 2021 | 2023 | 2025 / ピザ,https://tabelog.com/miyagi/A0403/A040304/4001876/,https://yoyaku.tabelog.com/yoyaku/tabelog_booking/send_remind/,https://www.google.com/maps/search/?api=1&query=%E3%82%A6%E3%83%83%E3%83%87%E3%83%B3%E3%82%B7%E3%83%83%E3%83%97%20%E5%AE%AE%E5%9F%8E%E7%9C%8C%E5%AF%8C%E8%B0%B7%E5%B8%82%E5%AF%8C%E3%82%B1%E4%B8%982-28-2,38.3618548,140.8647756,2021 | 2023 | 2025,ピザ,pizza,発表日：2021年6月15日 | 発表日：2023年4月24日 | 発表日：2025年4月9日
仙令鮨 仙台駅1F店,宮城県仙台市青葉区中央1-1-1 JR仙台駅 1Ｆ,食べログ 百名店: 2021 / 寿司 EAST,https://tabelog.com/miyagi/A0401/A040101/4000281/,https://yoyaku.tabelog.com/yoyaku/tabelog_booking/send_remind/,https://www.google.com/maps/search/?api=1&query=%E4%BB%99%E4%BB%A4%E9%AE%A8%20%E4%BB%99%E5%8F%B0%E9%A7%851F%E5%BA%97%20%E5%AE%AE%E5%9F%8E%E7%9C%8C%E4%BB%99%E5%8F%B0%E5%B8%82%E9%9D%92%E8%91%89%E5%8C%BA%E4%B8%AD%E5%A4%AE1-1-1%20JR%E4%BB%99%E5%8F%B0%E9%A7%85%201%EF%BC%A6,38.2611486,140.8818992,2021,寿司 EAST,sushi_east,発表日：2021年6月3日
仙令鮨 JR仙台駅 3階店,宮城県仙台市青葉区中央1-1-1 JR仙台駅 3F,食べログ 百名店: 2021 | 2025 / 寿司 EAST,https://tabelog.com/miyagi/A0401/A040101/4000282/,https://yoyaku.tabelog.com/yoyaku/tabelog_booking/send_remind/,https://www.google.com/maps/search/?api=1&query=%E4%BB%99%E4%BB%A4%E9%AE%A8%20JR%E4%BB%99%E5%8F%B0%E9%A7%85%203%E9%9A%8E%E5%BA%97%20%E5%AE%AE%E5%9F%8E%E7%9C%8C%E4%BB%99%E5%8F%B0%E5%B8%82%E9%9D%92%E8%91%89%E5%8C%BA%E4%B8%AD%E5%A4%AE1-1-1%20JR%E4%BB%99%E5%8F%B0%E9%A7%85%203F,38.2611042,140.8819818,2021 | 2025,寿司 EAST,sushi_east,発表日：2021年6月3日 | 発表日：2025年2月26日
小判寿司,宮城県仙台市青葉区一番町2-3-41 文化横丁,食べログ 百名店: 2021 | 2022 | 2025 / 寿司 EAST,https://tabelog.com/miyagi/A0401/A040101/4000197/,https://yoyaku.tabelog.com/yoyaku/tabelog_booking/send_remind/,https://www.google.com/maps/search/?api=1&query=%E5%B0%8F%E5%88%A4%E5%AF%BF%E5%8F%B8%20%E5%AE%AE%E5%9F%8E%E7%9C%8C%E4%BB%99%E5%8F%B0%E5%B8%82%E9%9D%92%E8%91%89%E5%8C%BA%E4%B8%80%E7%95%AA%E7%94%BA2-3-41%20%E6%96%87%E5%8C%96%E6%A8%AA%E4%B8%81,38.2591576,140.8734866,2021 | 2022 | 2025,寿司 EAST,sushi_east,発表日：2021年6月3日 | 発表日：2022年6月28日 | 発表日：2025年2月26日
北の華 はやし,北海道千歳市幸町1-1,食べログ 百名店: 2021 | 2022 | 2025 / 寿司 EAST,https://tabelog.com/hokkaido/A0107/A010701/1049376/,https://yoyaku.tabelog.com/yoyaku/tabelog_booking/send_remind/,https://www.google.com/maps/search/?api=1&query=%E5%8C%97%E3%81%AE%E8%8F%AF%20%E3%81%AF%E3%82%84%E3%81%97%20%E5%8C%97%E6%B5%B7%E9%81%93%E5%8D%83%E6%AD%B3%E5%B8%82%E5%B9%B8%E7%94%BA1-1,42.8219335,141.6457022,2021 | 2022 | 2025,寿司 EAST,sushi_east,発表日：2021年6月3日 | 発表日：2022年6月28日 | 発表日：2025年2月26日
鮨 一幸,北海道札幌市中央区南2条西5-31-4 スカレッタビル 2F,食べログ 百名店: 2021 | 2022 / 寿司 EAST,https://tabelog.com/hokkaido/A0101/A010102/1044489/,https://yoyaku.tabelog.com/yoyaku/tabelog_booking/send_remind/,https://www.google.com/maps/search/?api=1&query=%E9%AE%A8%20%E4%B8%80%E5%B9%B8%20%E5%8C%97%E6%B5%B7%E9%81%93%E6%9C%AD%E5%B9%8C%E5%B8%82%E4%B8%AD%E5%A4%AE%E5%8C%BA%E5%8D%972%E6%9D%A1%E8%A5%BF5-31-4%20%E3%82%B9%E3%82%AB%E3%83%AC%E3%83%83%E3%82%BF%E3%83%93%E3%83%AB%202F,43.0576670,141.3497701,2021 | 2022,寿司 EAST,sushi_east,発表日：2021年6月3日 | 発表日：2022年6月28日
こい勢,山形県酒田市相生町1-3-25,食べログ 百名店: 2021 | 2022 | 2025 / 寿司 EAST,https://tabelog.com/yamagata/A0603/A060301/6000012/,https://yoyaku.tabelog.com/yoyaku/tabelog_booking/send_remind/,https://www.google.com/maps/search/?api=1&query=%E3%81%93%E3%81%84%E5%8B%A2%20%E5%B1%B1%E5%BD%A2%E7%9C%8C%E9%85%92%E7%94%B0%E5%B8%82%E7%9B%B8%E7%94%9F%E7%94%BA1-3-25,38.9201999,139.8425418,2021 | 2022 | 2025,寿司 EAST,sushi_east,発表日：2021年6月3日 | 発表日：2022年6月28日 | 発表日：2025年2月26日
鮨駒,秋田県由利本荘市桶屋町120,食べログ 百名店: 2021 | 2022 | 2025 / 寿司 EAST,https://tabelog.com/akita/A0506/A050601/5006041/,https://yoyaku.tabelog.com/yoyaku/tabelog_booking/send_remind/,https://www.google.com/maps/search/?api=1&query=%E9%AE%A8%E9%A7%92%20%E7%A7%8B%E7%94%B0%E7%9C%8C%E7%94%B1%E5%88%A9%E6%9C%AC%E8%8D%98%E5%B8%82%E6%A1%B6%E5%B1%8B%E7%94%BA120,39.3927228,140.0475617,2021 | 2022 | 2025,寿司 EAST,sushi_east,発表日：2021年6月3日 | 発表日：2022年6月28日 | 発表日：2025年2月26日
鮨　あら田,秋田県秋田市新屋扇町5-2,食べログ 百名店: 2021 | 2022 | 2025 / 寿司 EAST,https://tabelog.com/akita/A0501/A050101/5000861/,https://yoyaku.tabelog.com/yoyaku/tabelog_booking/send_remind/,https://www.google.com/maps/search/?api=1&query=%E9%AE%A8%E3%80%80%E3%81%82%E3%82%89%E7%94%B0%20%E7%A7%8B%E7%94%B0%E7%9C%8C%E7%A7%8B%E7%94%B0%E5%B8%82%E6%96%B0%E5%B1%8B%E6%89%87%E7%94%BA5-2,39.6818831,140.0861787,2021 | 2022 | 2025,寿司 EAST,sushi_east,発表日：2021年6月3日 | 発表日：2022年6月28日 | 発表日：2025年2月26日
亀喜寿司,宮城県塩竈市新富町6-12,食べログ 百名店: 2021 | 2025 / 寿司 EAST,https://tabelog.com/miyagi/A0404/A040404/4000004/,https://yoyaku.tabelog.com/yoyaku/tabelog_booking/send_remind/,https://www.google.com/maps/search/?api=1&query=%E4%BA%80%E5%96%9C%E5%AF%BF%E5%8F%B8%20%E5%AE%AE%E5%9F%8E%E7%9C%8C%E5%A1%A9%E7%AB%88%E5%B8%82%E6%96%B0%E5%AF%8C%E7%94%BA6-12,38.3146654,141.0264689,2021 | 2025,寿司 EAST,sushi_east,発表日：2021年6月3日 | 発表日：2025年2月26日
すし哲 本店,宮城県塩竈市海岸通2-22,食べログ 百名店: 2021 | 2025 / 寿司 EAST,https://tabelog.com/miyagi/A0404/A040404/4000002/,https://yoyaku.tabelog.com/yoyaku/tabelog_booking/send_remind/,https://www.google.com/maps/search/?api=1&query=%E3%81%99%E3%81%97%E5%93%B2%20%E6%9C%AC%E5%BA%97%20%E5%AE%AE%E5%9F%8E%E7%9C%8C%E5%A1%A9%E7%AB%88%E5%B8%82%E6%B5%B7%E5%B2%B8%E9%80%9A2-22,38.3173028,141.0212690,2021 | 2025,寿司 EAST,sushi_east,発表日：2021年6月3日 | 発表日：2025年2月26日
廻鮮寿司 塩釜港,宮城県塩竈市野田18-1,食べログ 百名店: 2021 / 寿司 EAST,https://tabelog.com/miyagi/A0404/A040404/4003018/,https://yoyaku.tabelog.com/yoyaku/tabelog_booking/send_remind/,https://www.google.com/maps/search/?api=1&query=%E5%BB%BB%E9%AE%AE%E5%AF%BF%E5%8F%B8%20%E5%A1%A9%E9%87%9C%E6%B8%AF%20%E5%AE%AE%E5%9F%8E%E7%9C%8C%E5%A1%A9%E7%AB%88%E5%B8%82%E9%87%8E%E7%94%B018-1,38.3070216,141.0093069,2021,寿司 EAST,sushi_east,発表日：2021年6月3日
鮨みなと,北海道旭川市三条通5-左9,食べログ 百名店: 2021 | 2022 | 2025 / 寿司 EAST,https://tabelog.com/hokkaido/A0104/A010401/1001719/,https://yoyaku.tabelog.com/yoyaku/tabelog_booking/send_remind/,https://www.google.com/maps/search/?api=1&query=%E9%AE%A8%E3%81%BF%E3%81%AA%E3%81%A8%20%E5%8C%97%E6%B5%B7%E9%81%93%E6%97%AD%E5%B7%9D%E5%B8%82%E4%B8%89%E6%9D%A1%E9%80%9A5-%E5%B7%A69,43.7688865,142.3571341,2021 | 2022 | 2025,寿司 EAST,sushi_east,発表日：2021年6月3日 | 発表日：2022年6月28日 | 発表日：2025年2月26日
おたる政寿司 本店,北海道小樽市花園1-1-1,食べログ 百名店: 2021 / 寿司 EAST,https://tabelog.com/hokkaido/A0106/A010601/1000209/,https://tabelog.com/hokkaido/A0106/A010601/1000209/?cid=google_yoyaku,https://www.google.com/maps/search/?api=1&query=%E3%81%8A%E3%81%9F%E3%82%8B%E6%94%BF%E5%AF%BF%E5%8F%B8%20%E6%9C%AC%E5%BA%97%20%E5%8C%97%E6%B5%B7%E9%81%93%E5%B0%8F%E6%A8%BD%E5%B8%82%E8%8A%B1%E5%9C%921-1-1,43.1942819,141.0001230,2021,寿司 EAST,sushi_east,発表日：2021年6月3日
鮨処よしな,北海道札幌市中央区南4条西5丁目 F45ビル 1F,食べログ 百名店: 2021 | 2022 / 寿司 EAST,https://tabelog.com/hokkaido/A0101/A010103/1038659/,https://yoyaku.tabelog.com/yoyaku/tabelog_booking/send_remind/,https://www.google.com/maps/search/?api=1&query=%E9%AE%A8%E5%87%A6%E3%82%88%E3%81%97%E3%81%AA%20%E5%8C%97%E6%B5%B7%E9%81%93%E6%9C%AD%E5%B9%8C%E5%B8%82%E4%B8%AD%E5%A4%AE%E5%8C%BA%E5%8D%974%E6%9D%A1%E8%A5%BF5%E4%B8%81%E7%9B%AE%20F45%E3%83%93%E3%83%AB%201F,43.0556277,141.3507306,2021 | 2022,寿司 EAST,sushi_east,発表日：2021年6月3日 | 発表日：2022年6月28日
鮨処いちい,北海道札幌市中央区南四条西4 第5グリーンビル 1F,食べログ 百名店: 2021 | 2022 | 2025 / 寿司 EAST,https://tabelog.com/hokkaido/A0101/A010103/1002533/,https://tabelog.com/hokkaido/A0101/A010102/1002533/?cid=google_yoyaku,https://www.google.com/maps/search/?api=1&query=%E9%AE%A8%E5%87%A6%E3%81%84%E3%81%A1%E3%81%84%20%E5%8C%97%E6%B5%B7%E9%81%93%E6%9C%AD%E5%B9%8C%E5%B8%82%E4%B8%AD%E5%A4%AE%E5%8C%BA%E5%8D%97%E5%9B%9B%E6%9D%A1%E8%A5%BF4%20%E7%AC%AC5%E3%82%B0%E3%83%AA%E3%83%BC%E3%83%B3%E3%83%93%E3%83%AB%201F,43.0558228,141.3519841,2021 | 2022 | 2025,寿司 EAST,sushi_east,発表日：2021年6月3日 | 発表日：2022年6月28日 | 発表日：2025年2月26日
小判寿司 棚倉,福島県東白川郡棚倉町大字棚倉字古町30-2,食べログ 百名店: 2021 | 2022 | 2025 / 寿司 EAST,https://tabelog.com/fukushima/A0703/A070304/7000810/,https://yoyaku.tabelog.com/yoyaku/tabelog_booking/send_remind/,https://www.google.com/maps/search/?api=1&query=%E5%B0%8F%E5%88%A4%E5%AF%BF%E5%8F%B8%20%E6%A3%9A%E5%80%89%20%E7%A6%8F%E5%B3%B6%E7%9C%8C%E6%9D%B1%E7%99%BD%E5%B7%9D%E9%83%A1%E6%A3%9A%E5%80%89%E7%94%BA%E5%A4%A7%E5%AD%97%E6%A3%9A%E5%80%89%E5%AD%97%E5%8F%A4%E7%94%BA30-2,37.0281564,140.3891505,2021 | 2022 | 2025,寿司 EAST,sushi_east,発表日：2021年6月3日 | 発表日：2022年6月28日 | 発表日：2025年2月26日
鮨 江なみ,宮城県仙台市青葉区国分町1丁目3-21 エビスヤパークサイド　1Ｆ,食べログ 百名店: 2021 | 2022 | 2025 / 寿司 EAST,https://tabelog.com/miyagi/A0401/A040101/4002402/,https://yoyaku.tabelog.com/yoyaku/tabelog_booking/send_remind/,https://www.google.com/maps/search/?api=1&query=%E9%AE%A8%20%E6%B1%9F%E3%81%AA%E3%81%BF%20%E5%AE%AE%E5%9F%8E%E7%9C%8C%E4%BB%99%E5%8F%B0%E5%B8%82%E9%9D%92%E8%91%89%E5%8C%BA%E5%9B%BD%E5%88%86%E7%94%BA1%E4%B8%81%E7%9B%AE3-21%20%E3%82%A8%E3%83%93%E3%82%B9%E3%83%A4%E3%83%91%E3%83%BC%E3%82%AF%E3%82%B5%E3%82%A4%E3%83%89%E3%80%801%EF%BC%A6,38.2609001,140.8692292,2021 | 2022 | 2025,寿司 EAST,sushi_east,発表日：2021年6月3日 | 発表日：2022年6月28日 | 発表日：2025年2月26日
鮨一,北海道札幌市北区北二十四条西19-4-14,食べログ 百名店: 2021 | 2022 / 寿司 EAST,https://tabelog.com/hokkaido/A0101/A010201/1000021/,https://yoyaku.tabelog.com/yoyaku/tabelog_booking/send_remind/,https://www.google.com/maps/search/?api=1&query=%E9%AE%A8%E4%B8%80%20%E5%8C%97%E6%B5%B7%E9%81%93%E6%9C%AD%E5%B9%8C%E5%B8%82%E5%8C%97%E5%8C%BA%E5%8C%97%E4%BA%8C%E5%8D%81%E5%9B%9B%E6%9D%A1%E8%A5%BF19-4-14,43.0934109,141.3211861,2021 | 2022,寿司 EAST,sushi_east,発表日：2021年6月3日 | 発表日：2022年6月28日
鮨　しらはた,宮城県塩竈市海岸通2-10,食べログ 百名店: 2021 / 寿司 EAST,https://tabelog.com/miyagi/A0404/A040404/4000001/,https://yoyaku.tabelog.com/yoyaku/tabelog_booking/send_remind/,https://www.google.com/maps/search/?api=1&query=%E9%AE%A8%E3%80%80%E3%81%97%E3%82%89%E3%81%AF%E3%81%9F%20%E5%AE%AE%E5%9F%8E%E7%9C%8C%E5%A1%A9%E7%AB%88%E5%B8%82%E6%B5%B7%E5%B2%B8%E9%80%9A2-10,38.3170965,141.0205533,2021,寿司 EAST,sushi_east,発表日：2021年6月3日
すし宮川,北海道札幌市中央区南一条西24-1-30 円山OCT BLD 1F,食べログ 百名店: 2021 | 2022 / 寿司 EAST,https://tabelog.com/hokkaido/A0101/A010105/1046463/,https://yoyaku.tabelog.com/yoyaku/tabelog_booking/send_remind/,https://www.google.com/maps/search/?api=1&query=%E3%81%99%E3%81%97%E5%AE%AE%E5%B7%9D%20%E5%8C%97%E6%B5%B7%E9%81%93%E6%9C%AD%E5%B9%8C%E5%B8%82%E4%B8%AD%E5%A4%AE%E5%8C%BA%E5%8D%97%E4%B8%80%E6%9D%A1%E8%A5%BF24-1-30%20%E5%86%86%E5%B1%B1OCT%20BLD%201F,43.0557479,141.3212315,2021 | 2022,寿司 EAST,sushi_east,発表日：2021年6月3日 | 発表日：2022年6月28日
菊鮨,北海道札幌市中央区南五条西3-10 グランド桂和ビル　１Ｆ,食べログ 百名店: 2021 / 寿司 EAST,https://tabelog.com/hokkaido/A0101/A010103/1000028/,https://yoyaku.tabelog.com/yoyaku/tabelog_booking/send_remind/,https://www.google.com/maps/search/?api=1&query=%E8%8F%8A%E9%AE%A8%20%E5%8C%97%E6%B5%B7%E9%81%93%E6%9C%AD%E5%B9%8C%E5%B8%82%E4%B8%AD%E5%A4%AE%E5%8C%BA%E5%8D%97%E4%BA%94%E6%9D%A1%E8%A5%BF3-10%20%E3%82%B0%E3%83%A9%E3%83%B3%E3%83%89%E6%A1%82%E5%92%8C%E3%83%93%E3%83%AB%E3%80%80%EF%BC%91%EF%BC%A6,43.0549170,141.3541405,2021,寿司 EAST,sushi_east,発表日：2021年6月3日
天駒,秋田県秋田市大町5-2-22 ナカミ川反第一ビル　１Ｆ,食べログ 百名店: 2021 / 寿司 EAST,https://tabelog.com/akita/A0501/A050101/5000068/,https://tabelog.com/akita/A0501/A050101/5000068/?cid=google_yoyaku,https://www.google.com/maps/search/?api=1&query=%E5%A4%A9%E9%A7%92%20%E7%A7%8B%E7%94%B0%E7%9C%8C%E7%A7%8B%E7%94%B0%E5%B8%82%E5%A4%A7%E7%94%BA5-2-22%20%E3%83%8A%E3%82%AB%E3%83%9F%E5%B7%9D%E5%8F%8D%E7%AC%AC%E4%B8%80%E3%83%93%E3%83%AB%E3%80%80%EF%BC%91%EF%BC%A6,39.7137506,140.1158969,2021,寿司 EAST,sushi_east,発表日：2021年6月3日
寿司割烹 魚紋,福島県郡山市駅前1-5-6,食べログ 百名店: 2021 | 2022 | 2025 / 寿司 EAST,https://tabelog.com/fukushima/A0702/A070201/7000382/,https://yoyaku.tabelog.com/yoyaku/tabelog_booking/send_remind/,https://www.google.com/maps/search/?api=1&query=%E5%AF%BF%E5%8F%B8%E5%89%B2%E7%83%B9%20%E9%AD%9A%E7%B4%8B%20%E7%A6%8F%E5%B3%B6%E7%9C%8C%E9%83%A1%E5%B1%B1%E5%B8%82%E9%A7%85%E5%89%8D1-5-6,37.3978338,140.3859886,2021 | 2022 | 2025,寿司 EAST,sushi_east,発表日：2021年6月3日 | 発表日：2022年6月28日 | 発表日：2025年2月26日
鮨処 有馬,北海道札幌市中央区南3条西4 南3西4ビル4F,食べログ 百名店: 2021 | 2022 | 2025 / 寿司 EAST,https://tabelog.com/hokkaido/A0101/A010102/1000457/,https://yoyaku.tabelog.com/yoyaku/tabelog_booking/send_remind/,https://www.google.com/maps/search/?api=1&query=%E9%AE%A8%E5%87%A6%20%E6%9C%89%E9%A6%AC%20%E5%8C%97%E6%B5%B7%E9%81%93%E6%9C%AD%E5%B9%8C%E5%B8%82%E4%B8%AD%E5%A4%AE%E5%8C%BA%E5%8D%973%E6%9D%A1%E8%A5%BF4%20%E5%8D%973%E8%A5%BF4%E3%83%93%E3%83%AB4F,43.0567675,141.3516278,2021 | 2022 | 2025,寿司 EAST,sushi_east,発表日：2021年6月3日 | 発表日：2022年6月28日 | 発表日：2025年2月26日
くりや,北海道札幌市白石区本郷通8丁目北1-22 石田ビル 2F,食べログ 百名店: 2021 | 2022 | 2025 / 寿司 EAST,https://tabelog.com/hokkaido/A0101/A010301/1013145/,https://tabelog.com/hokkaido/A0101/A010301/1013145/?cid=google_yoyaku,https://www.google.com/maps/search/?api=1&query=%E3%81%8F%E3%82%8A%E3%82%84%20%E5%8C%97%E6%B5%B7%E9%81%93%E6%9C%AD%E5%B9%8C%E5%B8%82%E7%99%BD%E7%9F%B3%E5%8C%BA%E6%9C%AC%E9%83%B7%E9%80%9A8%E4%B8%81%E7%9B%AE%E5%8C%971-22%20%E7%9F%B3%E7%94%B0%E3%83%93%E3%83%AB%202F,43.0422168,141.4143764,2021 | 2022 | 2025,寿司 EAST,sushi_east,発表日：2021年6月3日 | 発表日：2022年6月28日 | 発表日：2025年2月26日
鮨ノ蔵,北海道札幌市中央区南2条西4 乙井ビル B1F,食べログ 百名店: 2021 | 2022 | 2025 / 寿司 EAST,https://tabelog.com/hokkaido/A0101/A010103/1045430/,https://tabelog.com/hokkaido/A0101/A010103/1045430/?cid=google_yoyaku,https://www.google.com/maps/search/?api=1&query=%E9%AE%A8%E3%83%8E%E8%94%B5%20%E5%8C%97%E6%B5%B7%E9%81%93%E6%9C%AD%E5%B9%8C%E5%B8%82%E4%B8%AD%E5%A4%AE%E5%8C%BA%E5%8D%972%E6%9D%A1%E8%A5%BF4%20%E4%B9%99%E4%BA%95%E3%83%93%E3%83%AB%20B1F,43.0578331,141.3515780,2021 | 2022 | 2025,寿司 EAST,sushi_east,発表日：2021年6月3日 | 発表日：2022年6月28日 | 発表日：2025年2月26日
鮨おおね田,北海道茅部郡森町本町174-11,食べログ 百名店: 2021 | 2022 / 寿司 EAST,https://tabelog.com/hokkaido/A0105/A010502/1027174/,https://yoyaku.tabelog.com/yoyaku/tabelog_booking/send_remind/,https://www.google.com/maps/search/?api=1&query=%E9%AE%A8%E3%81%8A%E3%81%8A%E3%81%AD%E7%94%B0%20%E5%8C%97%E6%B5%B7%E9%81%93%E8%8C%85%E9%83%A8%E9%83%A1%E6%A3%AE%E7%94%BA%E6%9C%AC%E7%94%BA174-11,42.1070897,140.5712133,2021 | 2022,寿司 EAST,sushi_east,発表日：2021年6月3日 | 発表日：2022年6月28日
すし処　ひょうたん,北海道札幌市中央区南7西4 五條DEUXビル1F,食べログ 百名店: 2021 / 寿司 EAST,https://tabelog.com/hokkaido/A0101/A010103/1013304/,https://yoyaku.tabelog.com/yoyaku/tabelog_booking/send_remind/,https://www.google.com/maps/search/?api=1&query=%E3%81%99%E3%81%97%E5%87%A6%E3%80%80%E3%81%B2%E3%82%87%E3%81%86%E3%81%9F%E3%82%93%20%E5%8C%97%E6%B5%B7%E9%81%93%E6%9C%AD%E5%B9%8C%E5%B8%82%E4%B8%AD%E5%A4%AE%E5%8C%BA%E5%8D%977%E8%A5%BF4%20%E4%BA%94%E6%A2%9DDEUX%E3%83%93%E3%83%AB1F,43.0521448,141.3532450,2021,寿司 EAST,sushi_east,発表日：2021年6月3日
鮨 いとう,福島県いわき市平字南町73,食べログ 百名店: 2021 | 2022 | 2025 / 寿司 EAST,https://tabelog.com/fukushima/A0704/A070401/7000924/,https://tabelog.com/fukushima/A0704/A070401/7000924/?cid=google_yoyaku,https://www.google.com/maps/search/?api=1&query=%E9%AE%A8%20%E3%81%84%E3%81%A8%E3%81%86%20%E7%A6%8F%E5%B3%B6%E7%9C%8C%E3%81%84%E3%82%8F%E3%81%8D%E5%B8%82%E5%B9%B3%E5%AD%97%E5%8D%97%E7%94%BA73,37.0547983,140.8905320,2021 | 2022 | 2025,寿司 EAST,sushi_east,発表日：2021年6月3日 | 発表日：2022年6月28日 | 発表日：2025年2月26日
すし兆,秋田県秋田市中通4-14-6,食べログ 百名店: 2021 | 2022 | 2025 / 寿司 EAST,https://tabelog.com/akita/A0501/A050101/5006548/,https://yoyaku.tabelog.com/yoyaku/tabelog_booking/send_remind/,https://www.google.com/maps/search/?api=1&query=%E3%81%99%E3%81%97%E5%85%86%20%E7%A7%8B%E7%94%B0%E7%9C%8C%E7%A7%8B%E7%94%B0%E5%B8%82%E4%B8%AD%E9%80%9A4-14-6,39.7151548,140.1274871,2021 | 2022 | 2025,寿司 EAST,sushi_east,発表日：2021年6月3日 | 発表日：2022年6月28日 | 発表日：2025年2月26日
伊勢鮨,北海道小樽市稲穂3-15-3,食べログ 百名店: 2021 | 2025 / 寿司 EAST,https://tabelog.com/hokkaido/A0106/A010601/1000008/,https://yoyaku.tabelog.com/yoyaku/tabelog_booking/send_remind/,https://www.google.com/maps/search/?api=1&query=%E4%BC%8A%E5%8B%A2%E9%AE%A8%20%E5%8C%97%E6%B5%B7%E9%81%93%E5%B0%8F%E6%A8%BD%E5%B8%82%E7%A8%B2%E7%A9%823-15-3,43.2006405,140.9954090,2021 | 2025,寿司 EAST,sushi_east,発表日：2021年6月3日 | 発表日：2025年2月26日
鮨処うえの,北海道札幌市中央区南六条西3 ジョイフルサッポロ　１Ｆ,食べログ 百名店: 2021 | 2022 / 寿司 EAST,https://tabelog.com/hokkaido/A0101/A010103/1003327/,https://yoyaku.tabelog.com/yoyaku/tabelog_booking/send_remind/,https://www.google.com/maps/search/?api=1&query=%E9%AE%A8%E5%87%A6%E3%81%86%E3%81%88%E3%81%AE%20%E5%8C%97%E6%B5%B7%E9%81%93%E6%9C%AD%E5%B9%8C%E5%B8%82%E4%B8%AD%E5%A4%AE%E5%8C%BA%E5%8D%97%E5%85%AD%E6%9D%A1%E8%A5%BF3%20%E3%82%B8%E3%83%A7%E3%82%A4%E3%83%95%E3%83%AB%E3%82%B5%E3%83%83%E3%83%9D%E3%83%AD%E3%80%80%EF%BC%91%EF%BC%A6,43.0538061,141.3551080,2021 | 2022,寿司 EAST,sushi_east,発表日：2021年6月3日 | 発表日：2022年6月28日
一八寿し,青森県青森市新町1-10-11,食べログ 百名店: 2021 / 寿司 EAST,https://tabelog.com/aomori/A0201/A020101/2000497/,https://yoyaku.tabelog.com/yoyaku/tabelog_booking/send_remind/,https://www.google.com/maps/search/?api=1&query=%E4%B8%80%E5%85%AB%E5%AF%BF%E3%81%97%20%E9%9D%92%E6%A3%AE%E7%9C%8C%E9%9D%92%E6%A3%AE%E5%B8%82%E6%96%B0%E7%94%BA1-10-11,40.8273656,140.7396525,2021,寿司 EAST,sushi_east,発表日：2021年6月3日
群来膳,北海道小樽市東雲町2-4 ヴィスタ東雲 1F,食べログ 百名店: 2021 | 2022 / 寿司 EAST,https://tabelog.com/hokkaido/A0106/A010601/1027167/,https://yoyaku.tabelog.com/yoyaku/tabelog_booking/send_remind/,https://www.google.com/maps/search/?api=1&query=%E7%BE%A4%E6%9D%A5%E8%86%B3%20%E5%8C%97%E6%B5%B7%E9%81%93%E5%B0%8F%E6%A8%BD%E5%B8%82%E6%9D%B1%E9%9B%B2%E7%94%BA2-4%20%E3%83%B4%E3%82%A3%E3%82%B9%E3%82%BF%E6%9D%B1%E9%9B%B2%201F,43.1949645,141.0012653,2021 | 2022,寿司 EAST,sushi_east,発表日：2021年6月3日 | 発表日：2022年6月28日
すし蓑,宮城県仙台市青葉区国分町2-12-19,食べログ 百名店: 2021 | 2022 | 2025 / 寿司 EAST,https://tabelog.com/miyagi/A0401/A040101/4000199/,https://yoyaku.tabelog.com/yoyaku/tabelog_booking/send_remind/,https://www.google.com/maps/search/?api=1&query=%E3%81%99%E3%81%97%E8%93%91%20%E5%AE%AE%E5%9F%8E%E7%9C%8C%E4%BB%99%E5%8F%B0%E5%B8%82%E9%9D%92%E8%91%89%E5%8C%BA%E5%9B%BD%E5%88%86%E7%94%BA2-12-19,38.2648110,140.8686364,2021 | 2022 | 2025,寿司 EAST,sushi_east,発表日：2021年6月3日 | 発表日：2022年6月28日 | 発表日：2025年2月26日
塩竈 しらはた 仙台エスパル店,宮城県仙台市青葉区中央1-1-1 エスパル仙台 東館 2F,食べログ 百名店: 2021 / 寿司 EAST,https://tabelog.com/miyagi/A0401/A040101/4017428/,https://yoyaku.tabelog.com/yoyaku/tabelog_booking/send_remind/,https://www.google.com/maps/search/?api=1&query=%E5%A1%A9%E7%AB%88%20%E3%81%97%E3%82%89%E3%81%AF%E3%81%9F%20%E4%BB%99%E5%8F%B0%E3%82%A8%E3%82%B9%E3%83%91%E3%83%AB%E5%BA%97%20%E5%AE%AE%E5%9F%8E%E7%9C%8C%E4%BB%99%E5%8F%B0%E5%B8%82%E9%9D%92%E8%91%89%E5%8C%BA%E4%B8%AD%E5%A4%AE1-1-1%20%E3%82%A8%E3%82%B9%E3%83%91%E3%83%AB%E4%BB%99%E5%8F%B0%20%E6%9D%B1%E9%A4%A8%202F,38.2599243,140.8825251,2021,寿司 EAST,sushi_east,発表日：2021年6月3日
石山寿司,山形県山形市十日町3-9-28,食べログ 百名店: 2021 / 寿司 EAST,https://tabelog.com/yamagata/A0601/A060101/6000127/,https://yoyaku.tabelog.com/yoyaku/tabelog_booking/send_remind/,https://www.google.com/maps/search/?api=1&query=%E7%9F%B3%E5%B1%B1%E5%AF%BF%E5%8F%B8%20%E5%B1%B1%E5%BD%A2%E7%9C%8C%E5%B1%B1%E5%BD%A2%E5%B8%82%E5%8D%81%E6%97%A5%E7%94%BA3-9-28,38.2420290,140.3360553,2021,寿司 EAST,sushi_east,発表日：2021年6月3日
まる鮨,北海道札幌市中央区南六条西4-4,食べログ 百名店: 2021 | 2022 | 2025 / 寿司 EAST,https://tabelog.com/hokkaido/A0101/A010103/1000041/,https://yoyaku.tabelog.com/yoyaku/tabelog_booking/send_remind/,https://www.google.com/maps/search/?api=1&query=%E3%81%BE%E3%82%8B%E9%AE%A8%20%E5%8C%97%E6%B5%B7%E9%81%93%E6%9C%AD%E5%B9%8C%E5%B8%82%E4%B8%AD%E5%A4%AE%E5%8C%BA%E5%8D%97%E5%85%AD%E6%9D%A1%E8%A5%BF4-4,43.0528720,141.3525437,2021 | 2022 | 2025,寿司 EAST,sushi_east,発表日：2021年6月3日 | 発表日：2022年6月28日 | 発表日：2025年2月26日
田久鮓,北海道札幌市中央区南三条西3-3 G DINING SAPPORO 6F,食べログ 百名店: 2021 | 2022 | 2025 / 寿司 EAST,https://tabelog.com/hokkaido/A0101/A010102/1030580/,https://tabelog.com/hokkaido/A0101/A010102/1030580/?cid=google_yoyaku,https://www.google.com/maps/search/?api=1&query=%E7%94%B0%E4%B9%85%E9%AE%93%20%E5%8C%97%E6%B5%B7%E9%81%93%E6%9C%AD%E5%B9%8C%E5%B8%82%E4%B8%AD%E5%A4%AE%E5%8C%BA%E5%8D%97%E4%B8%89%E6%9D%A1%E8%A5%BF3-3%20G%20DINING%20SAPPORO%206F,43.0567541,141.3543144,2021 | 2022 | 2025,寿司 EAST,sushi_east,発表日：2021年6月3日 | 発表日：2022年6月28日 | 発表日：2025年2月26日
姫沙羅,北海道札幌市中央区南8条西20-1-2,食べログ 百名店: 2021 | 2022 | 2025 / 寿司 EAST,https://tabelog.com/hokkaido/A0101/A010105/1057657/,https://yoyaku.tabelog.com/yoyaku/tabelog_booking/send_remind/,https://www.google.com/maps/search/?api=1&query=%E5%A7%AB%E6%B2%99%E7%BE%85%20%E5%8C%97%E6%B5%B7%E9%81%93%E6%9C%AD%E5%B9%8C%E5%B8%82%E4%B8%AD%E5%A4%AE%E5%8C%BA%E5%8D%978%E6%9D%A1%E8%A5%BF20-1-2,43.0484869,141.3283786,2021 | 2022 | 2025,寿司 EAST,sushi_east,発表日：2021年6月3日 | 発表日：2022年6月28日 | 発表日：2025年2月26日
たる善 本店,北海道札幌市中央区南四条西3丁目2-6 LC拾六番館 1F,食べログ 百名店: 2021 / 寿司 EAST,https://tabelog.com/hokkaido/A0101/A010103/1000094/,https://yoyaku.tabelog.com/yoyaku/tabelog_booking/send_remind/,https://www.google.com/maps/search/?api=1&query=%E3%81%9F%E3%82%8B%E5%96%84%20%E6%9C%AC%E5%BA%97%20%E5%8C%97%E6%B5%B7%E9%81%93%E6%9C%AD%E5%B9%8C%E5%B8%82%E4%B8%AD%E5%A4%AE%E5%8C%BA%E5%8D%97%E5%9B%9B%E6%9D%A1%E8%A5%BF3%E4%B8%81%E7%9B%AE2-6%20LC%E6%8B%BE%E5%85%AD%E7%95%AA%E9%A4%A8%201F,43.0551809,141.3541490,2021,寿司 EAST,sushi_east,発表日：2021年6月3日
塩竈 すし哲 S-PAL仙台店,宮城県仙台市青葉区中央1-1-1 エスパル仙台店 B1F,食べログ 百名店: 2021 | 2025 / 寿司 EAST,https://tabelog.com/miyagi/A0401/A040101/4000160/,https://yoyaku.tabelog.com/yoyaku/tabelog_booking/send_remind/,https://www.google.com/maps/search/?api=1&query=%E5%A1%A9%E7%AB%88%20%E3%81%99%E3%81%97%E5%93%B2%20S-PAL%E4%BB%99%E5%8F%B0%E5%BA%97%20%E5%AE%AE%E5%9F%8E%E7%9C%8C%E4%BB%99%E5%8F%B0%E5%B8%82%E9%9D%92%E8%91%89%E5%8C%BA%E4%B8%AD%E5%A4%AE1-1-1%20%E3%82%A8%E3%82%B9%E3%83%91%E3%83%AB%E4%BB%99%E5%8F%B0%E5%BA%97%20B1F,38.2598108,140.8820956,2021 | 2025,寿司 EAST,sushi_east,発表日：2021年6月3日 | 発表日：2025年2月26日
鮨の魚政,北海道札幌市中央区北十二条西20丁目1-20 丸果ビル　１Ｆ,食べログ 百名店: 2021 / 寿司 EAST,https://tabelog.com/hokkaido/A0101/A010105/1005395/,https://yoyaku.tabelog.com/yoyaku/tabelog_booking/send_remind/,https://www.google.com/maps/search/?api=1&query=%E9%AE%A8%E3%81%AE%E9%AD%9A%E6%94%BF%20%E5%8C%97%E6%B5%B7%E9%81%93%E6%9C%AD%E5%B9%8C%E5%B8%82%E4%B8%AD%E5%A4%AE%E5%8C%BA%E5%8C%97%E5%8D%81%E4%BA%8C%E6%9D%A1%E8%A5%BF20%E4%B8%81%E7%9B%AE1-20%20%E4%B8%B8%E6%9E%9C%E3%83%93%E3%83%AB%E3%80%80%EF%BC%91%EF%BC%A6,43.0719498,141.3219261,2021,寿司 EAST,sushi_east,発表日：2021年6月3日
すし匠,秋田県秋田市大町3-2-36 赤れんが郷土館前,食べログ 百名店: 2021 | 2022 | 2025 / 寿司 EAST,https://tabelog.com/akita/A0501/A050101/5007025/,https://yoyaku.tabelog.com/yoyaku/tabelog_booking/send_remind/,https://www.google.com/maps/search/?api=1&query=%E3%81%99%E3%81%97%E5%8C%A0%20%E7%A7%8B%E7%94%B0%E7%9C%8C%E7%A7%8B%E7%94%B0%E5%B8%82%E5%A4%A7%E7%94%BA3-2-36%20%E8%B5%A4%E3%82%8C%E3%82%93%E3%81%8C%E9%83%B7%E5%9C%9F%E9%A4%A8%E5%89%8D,39.7164938,140.1161950,2021 | 2022 | 2025,寿司 EAST,sushi_east,発表日：2021年6月3日 | 発表日：2022年6月28日 | 発表日：2025年2月26日
すし処 北斎,北海道札幌市北区北七条西5-5-9 ＩＴＭビル　１Ｆ,食べログ 百名店: 2021 / 寿司 EAST,https://tabelog.com/hokkaido/A0101/A010101/1000969/,https://yoyaku.tabelog.com/yoyaku/tabelog_booking/send_remind/,https://www.google.com/maps/search/?api=1&query=%E3%81%99%E3%81%97%E5%87%A6%20%E5%8C%97%E6%96%8E%20%E5%8C%97%E6%B5%B7%E9%81%93%E6%9C%AD%E5%B9%8C%E5%B8%82%E5%8C%97%E5%8C%BA%E5%8C%97%E4%B8%83%E6%9D%A1%E8%A5%BF5-5-9%20%EF%BC%A9%EF%BC%B4%EF%BC%AD%E3%83%93%E3%83%AB%E3%80%80%EF%BC%91%EF%BC%A6,43.0688764,141.3477317,2021,寿司 EAST,sushi_east,発表日：2021年6月3日
寿し ひでたか,北海道札幌市中央区南7条西4-1-2 延寿ビル 1F,食べログ 百名店: 2021 | 2022 | 2025 / 寿司 EAST,https://tabelog.com/hokkaido/A0101/A010103/1038603/,https://yoyaku.tabelog.com/yoyaku/tabelog_booking/send_remind/,https://www.google.com/maps/search/?api=1&query=%E5%AF%BF%E3%81%97%20%E3%81%B2%E3%81%A7%E3%81%9F%E3%81%8B%20%E5%8C%97%E6%B5%B7%E9%81%93%E6%9C%AD%E5%B9%8C%E5%B8%82%E4%B8%AD%E5%A4%AE%E5%8C%BA%E5%8D%977%E6%9D%A1%E8%A5%BF4-1-2%20%E5%BB%B6%E5%AF%BF%E3%83%93%E3%83%AB%201F,43.0525576,141.3536420,2021 | 2022 | 2025,寿司 EAST,sushi_east,発表日：2021年6月3日 | 発表日：2022年6月28日 | 発表日：2025年2月26日
宝すし,北海道小樽市花園1-9-18,食べログ 百名店: 2021 | 2022 / 寿司 EAST,https://tabelog.com/hokkaido/A0106/A010601/1000103/,https://yoyaku.tabelog.com/yoyaku/tabelog_booking/send_remind/,https://www.google.com/maps/search/?api=1&query=%E5%AE%9D%E3%81%99%E3%81%97%20%E5%8C%97%E6%B5%B7%E9%81%93%E5%B0%8F%E6%A8%BD%E5%B8%82%E8%8A%B1%E5%9C%921-9-18,43.1919912,140.9983508,2021 | 2022,寿司 EAST,sushi_east,発表日：2021年6月3日 | 発表日：2022年6月28日
鮨処木はら,北海道函館市湯川町2丁目1-2,食べログ 百名店: 2021 / 寿司 EAST,https://tabelog.com/hokkaido/A0105/A010501/1010279/,https://yoyaku.tabelog.com/yoyaku/tabelog_booking/send_remind/,https://www.google.com/maps/search/?api=1&query=%E9%AE%A8%E5%87%A6%E6%9C%A8%E3%81%AF%E3%82%89%20%E5%8C%97%E6%B5%B7%E9%81%93%E5%87%BD%E9%A4%A8%E5%B8%82%E6%B9%AF%E5%B7%9D%E7%94%BA2%E4%B8%81%E7%9B%AE1-2,41.7747226,140.7877230,2021,寿司 EAST,sushi_east,発表日：2021年6月3日
金寿司,北海道札幌市中央区北二条東7,食べログ 百名店: 2021 | 2022 | 2025 / 寿司 EAST,https://tabelog.com/hokkaido/A0101/A010102/1000006/,https://yoyaku.tabelog.com/yoyaku/tabelog_booking/send_remind/,https://www.google.com/maps/search/?api=1&query=%E9%87%91%E5%AF%BF%E5%8F%B8%20%E5%8C%97%E6%B5%B7%E9%81%93%E6%9C%AD%E5%B9%8C%E5%B8%82%E4%B8%AD%E5%A4%AE%E5%8C%BA%E5%8C%97%E4%BA%8C%E6%9D%A1%E6%9D%B17,43.0657182,141.3667890,2021 | 2022 | 2025,寿司 EAST,sushi_east,発表日：2021年6月3日 | 発表日：2022年6月28日 | 発表日：2025年2月26日
すゝき野 鮨金,北海道札幌市中央区南四条西4-4-7 松岡ビル 1F,食べログ 百名店: 2021 | 2022 | 2025 / 寿司 EAST,https://tabelog.com/hokkaido/A0101/A010103/1002644/,https://yoyaku.tabelog.com/yoyaku/tabelog_booking/send_remind/,https://www.google.com/maps/search/?api=1&query=%E3%81%99%E3%82%9D%E3%81%8D%E9%87%8E%20%E9%AE%A8%E9%87%91%20%E5%8C%97%E6%B5%B7%E9%81%93%E6%9C%AD%E5%B9%8C%E5%B8%82%E4%B8%AD%E5%A4%AE%E5%8C%BA%E5%8D%97%E5%9B%9B%E6%9D%A1%E8%A5%BF4-4-7%20%E6%9D%BE%E5%B2%A1%E3%83%93%E3%83%AB%201F,43.0559763,141.3525847,2021 | 2022 | 2025,寿司 EAST,sushi_east,発表日：2021年6月3日 | 発表日：2022年6月28日 | 発表日：2025年2月26日
鮨 結委,宮城県仙台市青葉区中央3-9-18 蕉風ビル　 1F,食べログ 百名店: 2021 | 2022 | 2025 / 寿司 EAST,https://tabelog.com/miyagi/A0401/A040101/4002612/,https://yoyaku.tabelog.com/yoyaku/tabelog_booking/send_remind/,https://www.google.com/maps/search/?api=1&query=%E9%AE%A8%20%E7%B5%90%E5%A7%94%20%E5%AE%AE%E5%9F%8E%E7%9C%8C%E4%BB%99%E5%8F%B0%E5%B8%82%E9%9D%92%E8%91%89%E5%8C%BA%E4%B8%AD%E5%A4%AE3-9-18%20%E8%95%89%E9%A2%A8%E3%83%93%E3%83%AB%E3%80%80%201F,38.2587132,140.8769929,2021 | 2022 | 2025,寿司 EAST,sushi_east,発表日：2021年6月3日 | 発表日：2022年6月28日 | 発表日：2025年2月26日
鮨菜 和喜智,北海道札幌市中央区南二条西25-1-22,食べログ 百名店: 2021 | 2022 | 2025 / 寿司 EAST,https://tabelog.com/hokkaido/A0101/A010105/1000645/,https://tabelog.com/hokkaido/A0101/A010105/1000645/?cid=google_yoyaku,https://www.google.com/maps/search/?api=1&query=%E9%AE%A8%E8%8F%9C%20%E5%92%8C%E5%96%9C%E6%99%BA%20%E5%8C%97%E6%B5%B7%E9%81%93%E6%9C%AD%E5%B9%8C%E5%B8%82%E4%B8%AD%E5%A4%AE%E5%8C%BA%E5%8D%97%E4%BA%8C%E6%9D%A1%E8%A5%BF25-1-22,43.0544951,141.3191215,2021 | 2022 | 2025,寿司 EAST,sushi_east,発表日：2021年6月3日 | 発表日：2022年6月28日 | 発表日：2025年2月26日
梅乃寿司,北海道函館市柏木町1-19,食べログ 百名店: 2021 / 寿司 EAST,https://tabelog.com/hokkaido/A0105/A010501/1001279/,https://yoyaku.tabelog.com/yoyaku/tabelog_booking/send_remind/,https://www.google.com/maps/search/?api=1&query=%E6%A2%85%E4%B9%83%E5%AF%BF%E5%8F%B8%20%E5%8C%97%E6%B5%B7%E9%81%93%E5%87%BD%E9%A4%A8%E5%B8%82%E6%9F%8F%E6%9C%A8%E7%94%BA1-19,41.7865833,140.7637891,2021,寿司 EAST,sushi_east,発表日：2021年6月3日
弘寿司,宮城県仙台市太白区越路16-10,食べログ 百名店: 2021 | 2022 / 寿司 EAST,https://tabelog.com/miyagi/A0401/A040105/4000130/,https://yoyaku.tabelog.com/yoyaku/tabelog_booking/send_remind/,https://www.google.com/maps/search/?api=1&query=%E5%BC%98%E5%AF%BF%E5%8F%B8%20%E5%AE%AE%E5%9F%8E%E7%9C%8C%E4%BB%99%E5%8F%B0%E5%B8%82%E5%A4%AA%E7%99%BD%E5%8C%BA%E8%B6%8A%E8%B7%AF16-10,38.2439194,140.8797953,2021 | 2022,寿司 EAST,sushi_east,発表日：2021年6月3日 | 発表日：2022年6月28日
鮨 田なべ,北海道札幌市中央区北4条西6丁目3-3 六花亭ビル 9F,食べログ 百名店: 2021 / 寿司 EAST,https://tabelog.com/hokkaido/A0101/A010101/1049393/,https://yoyaku.tabelog.com/yoyaku/tabelog_booking/send_remind/,https://www.google.com/maps/search/?api=1&query=%E9%AE%A8%20%E7%94%B0%E3%81%AA%E3%81%B9%20%E5%8C%97%E6%B5%B7%E9%81%93%E6%9C%AD%E5%B9%8C%E5%B8%82%E4%B8%AD%E5%A4%AE%E5%8C%BA%E5%8C%974%E6%9D%A1%E8%A5%BF6%E4%B8%81%E7%9B%AE3-3%20%E5%85%AD%E8%8A%B1%E4%BA%AD%E3%83%93%E3%83%AB%209F,43.0660091,141.3466444,2021,寿司 EAST,sushi_east,発表日：2021年6月3日
かつ丼多勝,秋田県秋田市新屋朝日町12-14,食べログ 百名店: 2021 | 2022 | 2024 / とんかつ,https://tabelog.com/akita/A0501/A050101/5008061/,https://yoyaku.tabelog.com/yoyaku/tabelog_booking/send_remind/,https://www.google.com/maps/search/?api=1&query=%E3%81%8B%E3%81%A4%E4%B8%BC%E5%A4%9A%E5%8B%9D%20%E7%A7%8B%E7%94%B0%E7%9C%8C%E7%A7%8B%E7%94%B0%E5%B8%82%E6%96%B0%E5%B1%8B%E6%9C%9D%E6%97%A5%E7%94%BA12-14,39.7003765,140.0864118,2021 | 2022 | 2024,とんかつ,tonkatsu,発表日：2021年4月13日 | 発表日：2022年6月7日 | 発表日：2024年3月26日
白老牛の店いわさき おもてなし亭,北海道白老郡白老町社台271-44,食べログ 百名店: 2021 / 焼肉 EAST,https://tabelog.com/hokkaido/A0108/A010802/1006514/,https://tabelog.com/hokkaido/A0108/A010802/1006514/?cid=google_yoyaku,https://www.google.com/maps/search/?api=1&query=%E7%99%BD%E8%80%81%E7%89%9B%E3%81%AE%E5%BA%97%E3%81%84%E3%82%8F%E3%81%95%E3%81%8D%20%E3%81%8A%E3%82%82%E3%81%A6%E3%81%AA%E3%81%97%E4%BA%AD%20%E5%8C%97%E6%B5%B7%E9%81%93%E7%99%BD%E8%80%81%E9%83%A1%E7%99%BD%E8%80%81%E7%94%BA%E7%A4%BE%E5%8F%B0271-44,42.5654170,141.3856595,2021,焼肉 EAST,yakiniku_east,発表日：2021年11月10日
牛匠おがた 駅東店,岩手県奥州市前沢向田1-22,食べログ 百名店: 2021 | 2022 | 2023 / 焼肉 EAST,https://tabelog.com/iwate/A0303/A030302/3000819/,https://yoyaku.tabelog.com/yoyaku/tabelog_booking/send_remind/,https://www.google.com/maps/search/?api=1&query=%E7%89%9B%E5%8C%A0%E3%81%8A%E3%81%8C%E3%81%9F%20%E9%A7%85%E6%9D%B1%E5%BA%97%20%E5%B2%A9%E6%89%8B%E7%9C%8C%E5%A5%A5%E5%B7%9E%E5%B8%82%E5%89%8D%E6%B2%A2%E5%90%91%E7%94%B01-22,39.0495525,141.1301415,2021 | 2022 | 2023,焼肉 EAST,yakiniku_east,発表日：2021年11月10日 | 発表日：2022年8月23日 | 発表日：2023年11月7日
焼肉 たいはーら すすきの本店,北海道札幌市中央区南五条西4丁目5 すすきの寿ビル　１Ｆ,食べログ 百名店: 2021 / 焼肉 EAST,https://tabelog.com/hokkaido/A0101/A010103/1000441/,https://tabelog.com/hokkaido/A0101/A010103/1000441/?cid=google_yoyaku,https://www.google.com/maps/search/?api=1&query=%E7%84%BC%E8%82%89%20%E3%81%9F%E3%81%84%E3%81%AF%E3%83%BC%E3%82%89%20%E3%81%99%E3%81%99%E3%81%8D%E3%81%AE%E6%9C%AC%E5%BA%97%20%E5%8C%97%E6%B5%B7%E9%81%93%E6%9C%AD%E5%B9%8C%E5%B8%82%E4%B8%AD%E5%A4%AE%E5%8C%BA%E5%8D%97%E4%BA%94%E6%9D%A1%E8%A5%BF4%E4%B8%81%E7%9B%AE5%20%E3%81%99%E3%81%99%E3%81%8D%E3%81%AE%E5%AF%BF%E3%83%93%E3%83%AB%E3%80%80%EF%BC%91%EF%BC%A6,43.0539557,141.3525345,2021,焼肉 EAST,yakiniku_east,発表日：2021年11月10日
北海道焼肉 プライム,北海道札幌市中央区北4条西5 アスティ４５ １Ｆ,食べログ 百名店: 2021 / 焼肉 EAST,https://tabelog.com/hokkaido/A0101/A010101/1005462/,https://yoyaku.tabelog.com/yoyaku/tabelog_booking/send_remind/,https://www.google.com/maps/search/?api=1&query=%E5%8C%97%E6%B5%B7%E9%81%93%E7%84%BC%E8%82%89%20%E3%83%97%E3%83%A9%E3%82%A4%E3%83%A0%20%E5%8C%97%E6%B5%B7%E9%81%93%E6%9C%AD%E5%B9%8C%E5%B8%82%E4%B8%AD%E5%A4%AE%E5%8C%BA%E5%8C%974%E6%9D%A1%E8%A5%BF5%20%E3%82%A2%E3%82%B9%E3%83%86%E3%82%A3%EF%BC%94%EF%BC%95%20%EF%BC%91%EF%BC%A6,43.0660096,141.3480585,2021,焼肉 EAST,yakiniku_east,発表日：2021年11月10日
サバイ,山形県鶴岡市道形町33-25,食べログ 百名店: 2022 / アジア・エスニック EAST,https://tabelog.com/yamagata/A0603/A060302/6005664/,https://yoyaku.tabelog.com/yoyaku/tabelog_booking/send_remind/,https://www.google.com/maps/search/?api=1&query=%E3%82%B5%E3%83%90%E3%82%A4%20%E5%B1%B1%E5%BD%A2%E7%9C%8C%E9%B6%B4%E5%B2%A1%E5%B8%82%E9%81%93%E5%BD%A2%E7%94%BA33-25,38.7418195,139.8466934,2022,アジア・エスニック EAST,asia_ethnic_east,発表日：2022年7月26日
ちきゅうや 本町本店,岩手県盛岡市本町通1-17-27 テンロードナカムラ２F,食べログ 百名店: 2022 | 2023 | 2024 / アジア・エスニック EAST,https://tabelog.com/iwate/A0301/A030101/3006055/,https://yoyaku.tabelog.com/yoyaku/tabelog_booking/send_remind/,https://www.google.com/maps/search/?api=1&query=%E3%81%A1%E3%81%8D%E3%82%85%E3%81%86%E3%82%84%20%E6%9C%AC%E7%94%BA%E6%9C%AC%E5%BA%97%20%E5%B2%A9%E6%89%8B%E7%9C%8C%E7%9B%9B%E5%B2%A1%E5%B8%82%E6%9C%AC%E7%94%BA%E9%80%9A1-17-27%20%E3%83%86%E3%83%B3%E3%83%AD%E3%83%BC%E3%83%89%E3%83%8A%E3%82%AB%E3%83%A0%E3%83%A9%EF%BC%92F,39.7056176,141.1524936,2022 | 2023 | 2024,アジア・エスニック EAST,asia_ethnic_east,発表日：2022年7月26日 | 発表日：2023年9月26日 | 発表日：2024年7月23日
韓国家庭料理 扶餘,宮城県仙台市若林区新寺1-2-13 渡辺ビル　１Ｆ,食べログ 百名店: 2022 | 2023 | 2024 / アジア・エスニック EAST,https://tabelog.com/miyagi/A0401/A040103/4002098/,https://yoyaku.tabelog.com/yoyaku/tabelog_booking/send_remind/,https://www.google.com/maps/search/?api=1&query=%E9%9F%93%E5%9B%BD%E5%AE%B6%E5%BA%AD%E6%96%99%E7%90%86%20%E6%89%B6%E9%A4%98%20%E5%AE%AE%E5%9F%8E%E7%9C%8C%E4%BB%99%E5%8F%B0%E5%B8%82%E8%8B%A5%E6%9E%97%E5%8C%BA%E6%96%B0%E5%AF%BA1-2-13%20%E6%B8%A1%E8%BE%BA%E3%83%93%E3%83%AB%E3%80%80%EF%BC%91%EF%BC%A6,38.2573372,140.8836343,2022 | 2023 | 2024,アジア・エスニック EAST,asia_ethnic_east,発表日：2022年7月26日 | 発表日：2023年9月26日 | 発表日：2024年7月23日
テックスメックス料理 Rosa,北海道札幌市中央区南二条東1-1-8 エムズイーストⅡ-1F,食べログ 百名店: 2022 / アジア・エスニック EAST,https://tabelog.com/hokkaido/A0101/A010102/1053217/,https://yoyaku.tabelog.com/yoyaku/tabelog_booking/send_remind/,https://www.google.com/maps/search/?api=1&query=%E3%83%86%E3%83%83%E3%82%AF%E3%82%B9%E3%83%A1%E3%83%83%E3%82%AF%E3%82%B9%E6%96%99%E7%90%86%20Rosa%20%E5%8C%97%E6%B5%B7%E9%81%93%E6%9C%AD%E5%B9%8C%E5%B8%82%E4%B8%AD%E5%A4%AE%E5%8C%BA%E5%8D%97%E4%BA%8C%E6%9D%A1%E6%9D%B11-1-8%20%E3%82%A8%E3%83%A0%E3%82%BA%E3%82%A4%E3%83%BC%E3%82%B9%E3%83%88%E2%85%A1-1F,43.0588125,141.3586279,2022,アジア・エスニック EAST,asia_ethnic_east,発表日：2022年7月26日
ジャド プール,北海道札幌市中央区南6西24-3-21 1F・2F,食べログ 百名店: 2022 | 2023 | 2024 / アジア・エスニック EAST,https://tabelog.com/hokkaido/A0101/A010105/1046448/,https://yoyaku.tabelog.com/yoyaku/tabelog_booking/send_remind/,https://www.google.com/maps/search/?api=1&query=%E3%82%B8%E3%83%A3%E3%83%89%20%E3%83%97%E3%83%BC%E3%83%AB%20%E5%8C%97%E6%B5%B7%E9%81%93%E6%9C%AD%E5%B9%8C%E5%B8%82%E4%B8%AD%E5%A4%AE%E5%8C%BA%E5%8D%976%E8%A5%BF24-3-21%201F%E3%83%BB2F,43.0494259,141.3223567,2022 | 2023 | 2024,アジア・エスニック EAST,asia_ethnic_east,発表日：2022年7月26日 | 発表日：2023年9月26日 | 発表日：2024年7月23日
あちゃーる,宮城県仙台市泉区高森5-15-7,食べログ 百名店: 2022 | 2023 | 2024 / アジア・エスニック EAST,https://tabelog.com/miyagi/A0401/A040104/4003415/,https://yoyaku.tabelog.com/yoyaku/tabelog_booking/send_remind/,https://www.google.com/maps/search/?api=1&query=%E3%81%82%E3%81%A1%E3%82%83%E3%83%BC%E3%82%8B%20%E5%AE%AE%E5%9F%8E%E7%9C%8C%E4%BB%99%E5%8F%B0%E5%B8%82%E6%B3%89%E5%8C%BA%E9%AB%98%E6%A3%AE5-15-7,38.3360020,140.8528095,2022 | 2023 | 2024,アジア・エスニック EAST,asia_ethnic_east,発表日：2022年7月26日 | 発表日：2023年9月26日 | 発表日：2024年7月23日
ベトナムキッチン チャオチ,福島県福島市新町3-6,食べログ 百名店: 2022 | 2023 / アジア・エスニック EAST,https://tabelog.com/fukushima/A0701/A070101/7014392/,https://yoyaku.tabelog.com/yoyaku/tabelog_booking/send_remind/,https://www.google.com/maps/search/?api=1&query=%E3%83%99%E3%83%88%E3%83%8A%E3%83%A0%E3%82%AD%E3%83%83%E3%83%81%E3%83%B3%20%E3%83%81%E3%83%A3%E3%82%AA%E3%83%81%20%E7%A6%8F%E5%B3%B6%E7%9C%8C%E7%A6%8F%E5%B3%B6%E5%B8%82%E6%96%B0%E7%94%BA3-6,37.7553952,140.4671766,2022 | 2023,アジア・エスニック EAST,asia_ethnic_east,発表日：2022年7月26日 | 発表日：2023年9月26日
モハンディッシュ 北24条店,北海道札幌市北区北24条西4丁目2-10,食べログ 百名店: 2022 / アジア・エスニック EAST,https://tabelog.com/hokkaido/A0101/A010201/1002525/,https://yoyaku.tabelog.com/yoyaku/tabelog_booking/send_remind/,https://www.google.com/maps/search/?api=1&query=%E3%83%A2%E3%83%8F%E3%83%B3%E3%83%87%E3%82%A3%E3%83%83%E3%82%B7%E3%83%A5%20%E5%8C%9724%E6%9D%A1%E5%BA%97%20%E5%8C%97%E6%B5%B7%E9%81%93%E6%9C%AD%E5%B9%8C%E5%B8%82%E5%8C%97%E5%8C%BA%E5%8C%9724%E6%9D%A1%E8%A5%BF4%E4%B8%81%E7%9B%AE2-10,43.0906918,141.3430985,2022,アジア・エスニック EAST,asia_ethnic_east,発表日：2022年7月26日
Cao★マンガイ,北海道札幌市中央区南5条西4-1-3 日劇ビル 2F,食べログ 百名店: 2022 | 2023 | 2024 / アジア・エスニック EAST,https://tabelog.com/hokkaido/A0101/A010103/1052247/,https://yoyaku.tabelog.com/yoyaku/tabelog_booking/send_remind/,https://www.google.com/maps/search/?api=1&query=Cao%E2%98%85%E3%83%9E%E3%83%B3%E3%82%AC%E3%82%A4%20%E5%8C%97%E6%B5%B7%E9%81%93%E6%9C%AD%E5%B9%8C%E5%B8%82%E4%B8%AD%E5%A4%AE%E5%8C%BA%E5%8D%975%E6%9D%A1%E8%A5%BF4-1-3%20%E6%97%A5%E5%8A%87%E3%83%93%E3%83%AB%202F,43.0541582,141.3534304,2022 | 2023 | 2024,アジア・エスニック EAST,asia_ethnic_east,発表日：2022年7月26日 | 発表日：2023年9月26日 | 発表日：2024年7月23日
ザ・バー１９８０,秋田県秋田市大町4-2-5,食べログ 百名店: 2022 / バー,https://tabelog.com/akita/A0501/A050101/5002632/,https://yoyaku.tabelog.com/yoyaku/tabelog_booking/send_remind/,https://www.google.com/maps/search/?api=1&query=%E3%82%B6%E3%83%BB%E3%83%90%E3%83%BC%EF%BC%91%EF%BC%99%EF%BC%98%EF%BC%90%20%E7%A7%8B%E7%94%B0%E7%9C%8C%E7%A7%8B%E7%94%B0%E5%B8%82%E5%A4%A7%E7%94%BA4-2-5,39.7161735,140.1164355,2022,バー,bar,発表日：2022年11月1日
バー アルカンシェル,宮城県仙台市青葉区国分町2-10-21 邦栄ビル B1F,食べログ 百名店: 2022 / バー,https://tabelog.com/miyagi/A0401/A040101/4000064/,https://yoyaku.tabelog.com/yoyaku/tabelog_booking/send_remind/,https://www.google.com/maps/search/?api=1&query=%E3%83%90%E3%83%BC%20%E3%82%A2%E3%83%AB%E3%82%AB%E3%83%B3%E3%82%B7%E3%82%A7%E3%83%AB%20%E5%AE%AE%E5%9F%8E%E7%9C%8C%E4%BB%99%E5%8F%B0%E5%B8%82%E9%9D%92%E8%91%89%E5%8C%BA%E5%9B%BD%E5%88%86%E7%94%BA2-10-21%20%E9%82%A6%E6%A0%84%E3%83%93%E3%83%AB%20B1F,38.2643835,140.8698790,2022,バー,bar,発表日：2022年11月1日
バー・プルーフ,北海道札幌市中央区南三条西3 都ビル　５Ｆ,食べログ 百名店: 2022 / バー,https://tabelog.com/hokkaido/A0101/A010103/1000004/,https://yoyaku.tabelog.com/yoyaku/tabelog_booking/send_remind/,https://www.google.com/maps/search/?api=1&query=%E3%83%90%E3%83%BC%E3%83%BB%E3%83%97%E3%83%AB%E3%83%BC%E3%83%95%20%E5%8C%97%E6%B5%B7%E9%81%93%E6%9C%AD%E5%B9%8C%E5%B8%82%E4%B8%AD%E5%A4%AE%E5%8C%BA%E5%8D%97%E4%B8%89%E6%9D%A1%E8%A5%BF3%20%E9%83%BD%E3%83%93%E3%83%AB%E3%80%80%EF%BC%95%EF%BC%A6,43.0564352,141.3540264,2022,バー,bar,発表日：2022年11月1日
バーやまざき,北海道札幌市中央区南三条西3 克美ビル　４Ｆ,食べログ 百名店: 2022 / バー,https://tabelog.com/hokkaido/A0101/A010103/1000001/,https://yoyaku.tabelog.com/yoyaku/tabelog_booking/send_remind/,https://www.google.com/maps/search/?api=1&query=%E3%83%90%E3%83%BC%E3%82%84%E3%81%BE%E3%81%96%E3%81%8D%20%E5%8C%97%E6%B5%B7%E9%81%93%E6%9C%AD%E5%B9%8C%E5%B8%82%E4%B8%AD%E5%A4%AE%E5%8C%BA%E5%8D%97%E4%B8%89%E6%9D%A1%E8%A5%BF3%20%E5%85%8B%E7%BE%8E%E3%83%93%E3%83%AB%E3%80%80%EF%BC%94%EF%BC%A6,43.0563068,141.3537047,2022,バー,bar,発表日：2022年11月1日
ローズガーデン,青森県八戸市長横町7 マルマンビル 3F,食べログ 百名店: 2022 / バー,https://tabelog.com/aomori/A0203/A020301/2006536/,https://yoyaku.tabelog.com/yoyaku/tabelog_booking/send_remind/,https://www.google.com/maps/search/?api=1&query=%E3%83%AD%E3%83%BC%E3%82%BA%E3%82%AC%E3%83%BC%E3%83%87%E3%83%B3%20%E9%9D%92%E6%A3%AE%E7%9C%8C%E5%85%AB%E6%88%B8%E5%B8%82%E9%95%B7%E6%A8%AA%E7%94%BA7%20%E3%83%9E%E3%83%AB%E3%83%9E%E3%83%B3%E3%83%93%E3%83%AB%203F,40.5080904,141.4935137,2022,バー,bar,発表日：2022年11月1日
ドゥ・エルミタアヂュ,北海道札幌市中央区南三条西4丁目 ３・４ビル　１０Ｆ,食べログ 百名店: 2022 / バー,https://tabelog.com/hokkaido/A0101/A010103/1000020/,https://yoyaku.tabelog.com/yoyaku/tabelog_booking/send_remind/,https://www.google.com/maps/search/?api=1&query=%E3%83%89%E3%82%A5%E3%83%BB%E3%82%A8%E3%83%AB%E3%83%9F%E3%82%BF%E3%82%A2%E3%83%82%E3%83%A5%20%E5%8C%97%E6%B5%B7%E9%81%93%E6%9C%AD%E5%B9%8C%E5%B8%82%E4%B8%AD%E5%A4%AE%E5%8C%BA%E5%8D%97%E4%B8%89%E6%9D%A1%E8%A5%BF4%E4%B8%81%E7%9B%AE%20%EF%BC%93%E3%83%BB%EF%BC%94%E3%83%93%E3%83%AB%E3%80%80%EF%BC%91%EF%BC%90%EF%BC%A6,43.0567836,141.3516981,2022,バー,bar,発表日：2022年11月1日
ザ バー ナノ フェムト,北海道札幌市中央区南3条西3丁目 都ビル 7F,食べログ 百名店: 2022 / バー,https://tabelog.com/hokkaido/A0101/A010103/1007364/,https://yoyaku.tabelog.com/yoyaku/tabelog_booking/send_remind/,https://www.google.com/maps/search/?api=1&query=%E3%82%B6%20%E3%83%90%E3%83%BC%20%E3%83%8A%E3%83%8E%20%E3%83%95%E3%82%A7%E3%83%A0%E3%83%88%20%E5%8C%97%E6%B5%B7%E9%81%93%E6%9C%AD%E5%B9%8C%E5%B8%82%E4%B8%AD%E5%A4%AE%E5%8C%BA%E5%8D%973%E6%9D%A1%E8%A5%BF3%E4%B8%81%E7%9B%AE%20%E9%83%BD%E3%83%93%E3%83%AB%207F,43.0564340,141.3540273,2022,バー,bar,発表日：2022年11月1日
BAR ル・ヴェール,秋田県秋田市大町4-1-5,食べログ 百名店: 2022 / バー,https://tabelog.com/akita/A0501/A050101/5003742/,https://yoyaku.tabelog.com/yoyaku/tabelog_booking/send_remind/,https://www.google.com/maps/search/?api=1&query=BAR%20%E3%83%AB%E3%83%BB%E3%83%B4%E3%82%A7%E3%83%BC%E3%83%AB%20%E7%A7%8B%E7%94%B0%E7%9C%8C%E7%A7%8B%E7%94%B0%E5%B8%82%E5%A4%A7%E7%94%BA4-1-5,39.7159430,140.1171318,2022,バー,bar,発表日：2022年11月1日
ザ バー ワタナベ,福島県郡山市駅前2-7-16 増子第3ビル 1F,食べログ 百名店: 2022 / バー,https://tabelog.com/fukushima/A0702/A070201/7010160/,https://yoyaku.tabelog.com/yoyaku/tabelog_booking/send_remind/,https://www.google.com/maps/search/?api=1&query=%E3%82%B6%20%E3%83%90%E3%83%BC%20%E3%83%AF%E3%82%BF%E3%83%8A%E3%83%99%20%E7%A6%8F%E5%B3%B6%E7%9C%8C%E9%83%A1%E5%B1%B1%E5%B8%82%E9%A7%85%E5%89%8D2-7-16%20%E5%A2%97%E5%AD%90%E7%AC%AC3%E3%83%93%E3%83%AB%201F,37.3989391,140.3864502,2022,バー,bar,発表日：2022年11月1日
ル・バール カワゴエ,宮城県仙台市青葉区国分町2-10-30 FOX-Bビル　２Ｆ,食べログ 百名店: 2022 / バー,https://tabelog.com/miyagi/A0401/A040101/4000065/,https://yoyaku.tabelog.com/yoyaku/tabelog_booking/send_remind/,https://www.google.com/maps/search/?api=1&query=%E3%83%AB%E3%83%BB%E3%83%90%E3%83%BC%E3%83%AB%20%E3%82%AB%E3%83%AF%E3%82%B4%E3%82%A8%20%E5%AE%AE%E5%9F%8E%E7%9C%8C%E4%BB%99%E5%8F%B0%E5%B8%82%E9%9D%92%E8%91%89%E5%8C%BA%E5%9B%BD%E5%88%86%E7%94%BA2-10-30%20FOX-B%E3%83%93%E3%83%AB%E3%80%80%EF%BC%92%EF%BC%A6,38.2642211,140.8700421,2022,バー,bar,発表日：2022年11月1日
Lady,秋田県秋田市大町3-1-11,食べログ 百名店: 2022 / バー,https://tabelog.com/akita/A0501/A050101/5000051/,https://yoyaku.tabelog.com/yoyaku/tabelog_booking/send_remind/,https://www.google.com/maps/search/?api=1&query=Lady%20%E7%A7%8B%E7%94%B0%E7%9C%8C%E7%A7%8B%E7%94%B0%E5%B8%82%E5%A4%A7%E7%94%BA3-1-11,39.7167247,140.1173849,2022,バー,bar,発表日：2022年11月1日
ムーンシャイン,秋田県秋田市大町4丁目2-2-1F,食べログ 百名店: 2022 / バー,https://tabelog.com/akita/A0501/A050101/5003692/,https://yoyaku.tabelog.com/yoyaku/tabelog_booking/send_remind/,https://www.google.com/maps/search/?api=1&query=%E3%83%A0%E3%83%BC%E3%83%B3%E3%82%B7%E3%83%A3%E3%82%A4%E3%83%B3%20%E7%A7%8B%E7%94%B0%E7%9C%8C%E7%A7%8B%E7%94%B0%E5%B8%82%E5%A4%A7%E7%94%BA4%E4%B8%81%E7%9B%AE2-2-1F,39.7162959,140.1161498,2022,バー,bar,発表日：2022年11月1日
The bar 佐藤,岩手県盛岡市大通2-2-16 アキヤマビル 2F,食べログ 百名店: 2022 / バー,https://tabelog.com/iwate/A0301/A030101/3001224/,https://yoyaku.tabelog.com/yoyaku/tabelog_booking/send_remind/,https://www.google.com/maps/search/?api=1&query=The%20bar%20%E4%BD%90%E8%97%A4%20%E5%B2%A9%E6%89%8B%E7%9C%8C%E7%9B%9B%E5%B2%A1%E5%B8%82%E5%A4%A7%E9%80%9A2-2-16%20%E3%82%A2%E3%82%AD%E3%83%A4%E3%83%9E%E3%83%93%E3%83%AB%202F,39.7028726,141.1468017,2022,バー,bar,発表日：2022年11月1日
バー アンダンテ,宮城県仙台市青葉区中央2丁目11-13 ユーメントビル 3F,食べログ 百名店: 2022 / バー,https://tabelog.com/miyagi/A0401/A040101/4008372/,https://yoyaku.tabelog.com/yoyaku/tabelog_booking/send_remind/,https://www.google.com/maps/search/?api=1&query=%E3%83%90%E3%83%BC%20%E3%82%A2%E3%83%B3%E3%83%80%E3%83%B3%E3%83%86%20%E5%AE%AE%E5%9F%8E%E7%9C%8C%E4%BB%99%E5%8F%B0%E5%B8%82%E9%9D%92%E8%91%89%E5%8C%BA%E4%B8%AD%E5%A4%AE2%E4%B8%81%E7%9B%AE11-13%20%E3%83%A6%E3%83%BC%E3%83%A1%E3%83%B3%E3%83%88%E3%83%93%E3%83%AB%203F,38.2624980,140.8769922,2022,バー,bar,発表日：2022年11月1日
ポケット,秋田県湯沢市表町2-1-23,食べログ 百名店: 2022 / バー,https://tabelog.com/akita/A0505/A050502/5003703/,https://yoyaku.tabelog.com/yoyaku/tabelog_booking/send_remind/,https://www.google.com/maps/search/?api=1&query=%E3%83%9D%E3%82%B1%E3%83%83%E3%83%88%20%E7%A7%8B%E7%94%B0%E7%9C%8C%E6%B9%AF%E6%B2%A2%E5%B8%82%E8%A1%A8%E7%94%BA2-1-23,39.1634331,140.4886934,2022,バー,bar,発表日：2022年11月1日
大友パン店,福島県郡山市虎丸町24-9,食べログ 百名店: 2022 / パン EAST,https://tabelog.com/fukushima/A0702/A070201/7001485/,https://yoyaku.tabelog.com/yoyaku/tabelog_booking/send_remind/,https://www.google.com/maps/search/?api=1&query=%E5%A4%A7%E5%8F%8B%E3%83%91%E3%83%B3%E5%BA%97%20%E7%A6%8F%E5%B3%B6%E7%9C%8C%E9%83%A1%E5%B1%B1%E5%B8%82%E8%99%8E%E4%B8%B8%E7%94%BA24-9,37.3993020,140.3782420,2022,パン EAST,bread_east,発表日：2022年10月11日
ペペキッチン,青森県弘前市稲田2-1-1,食べログ 百名店: 2022 | 2024 / ハンバーガー,https://tabelog.com/aomori/A0202/A020201/2007884/,https://yoyaku.tabelog.com/yoyaku/tabelog_booking/send_remind/,https://www.google.com/maps/search/?api=1&query=%E3%83%9A%E3%83%9A%E3%82%AD%E3%83%83%E3%83%81%E3%83%B3%20%E9%9D%92%E6%A3%AE%E7%9C%8C%E5%BC%98%E5%89%8D%E5%B8%82%E7%A8%B2%E7%94%B02-1-1,40.6023367,140.4888383,2022 | 2024,ハンバーガー,hamburger,発表日：2022年5月12日 | 発表日：2024年3月12日
いそのかづお,北海道札幌市中央区南5条西5丁目21 第2旭観光ビル1F,食べログ 百名店: 2022 | 2023 | 2024 | 2025 / ラーメン EAST | ラーメン HOKKAIDO,https://tabelog.com/hokkaido/A0101/A010103/1034478/,https://yoyaku.tabelog.com/yoyaku/tabelog_booking/send_remind/,https://www.google.com/maps/search/?api=1&query=%E3%81%84%E3%81%9D%E3%81%AE%E3%81%8B%E3%81%A5%E3%81%8A%20%E5%8C%97%E6%B5%B7%E9%81%93%E6%9C%AD%E5%B9%8C%E5%B8%82%E4%B8%AD%E5%A4%AE%E5%8C%BA%E5%8D%975%E6%9D%A1%E8%A5%BF5%E4%B8%81%E7%9B%AE21%20%E7%AC%AC2%E6%97%AD%E8%A6%B3%E5%85%89%E3%83%93%E3%83%AB1F,43.0542330,141.3507578,2022 | 2023 | 2024 | 2025,ラーメン EAST | ラーメン HOKKAIDO,ramen_east | ramen_hokkaido,発表日：2022年11月28日 | 発表日：2023年12月5日 | 発表日：2024年12月3日 | 発表日：2025年12月2日
さんくるげ,福島県田村市滝根町神俣梵天川52,食べログ 百名店: 2022 | 2023 | 2024 | 2025 / ラーメン EAST,https://tabelog.com/fukushima/A0702/A070203/7015807/,https://yoyaku.tabelog.com/yoyaku/tabelog_booking/send_remind/,https://www.google.com/maps/search/?api=1&query=%E3%81%95%E3%82%93%E3%81%8F%E3%82%8B%E3%81%92%20%E7%A6%8F%E5%B3%B6%E7%9C%8C%E7%94%B0%E6%9D%91%E5%B8%82%E6%BB%9D%E6%A0%B9%E7%94%BA%E7%A5%9E%E4%BF%A3%E6%A2%B5%E5%A4%A9%E5%B7%9D52,37.3243191,140.6580210,2022 | 2023 | 2024 | 2025,ラーメン EAST,ramen_east,発表日：2022年11月28日 | 発表日：2023年12月5日 | 発表日：2024年12月3日 | 発表日：2025年12月2日
すし てんちじん,北海道札幌市中央区南4条西5-8 F-45ビル B1F,食べログ 百名店: 2022 / 寿司 EAST,https://tabelog.com/hokkaido/A0101/A010103/1058075/,https://tabelog.com/hokkaido/A0101/A010103/1058075/?cid=google_yoyaku,https://www.google.com/maps/search/?api=1&query=%E3%81%99%E3%81%97%20%E3%81%A6%E3%82%93%E3%81%A1%E3%81%98%E3%82%93%20%E5%8C%97%E6%B5%B7%E9%81%93%E6%9C%AD%E5%B9%8C%E5%B8%82%E4%B8%AD%E5%A4%AE%E5%8C%BA%E5%8D%974%E6%9D%A1%E8%A5%BF5-8%20F-45%E3%83%93%E3%83%AB%20B1F,43.0555573,141.3507894,2022,寿司 EAST,sushi_east,発表日：2022年6月28日
すし 此方彼方,北海道札幌市中央区南9西4-5-12 カモカモビル 1F,食べログ 百名店: 2022 / 寿司 EAST,https://tabelog.com/hokkaido/A0101/A010104/1063640/,https://yoyaku.tabelog.com/yoyaku/tabelog_booking/send_remind/,https://www.google.com/maps/search/?api=1&query=%E3%81%99%E3%81%97%20%E6%AD%A4%E6%96%B9%E5%BD%BC%E6%96%B9%20%E5%8C%97%E6%B5%B7%E9%81%93%E6%9C%AD%E5%B9%8C%E5%B8%82%E4%B8%AD%E5%A4%AE%E5%8C%BA%E5%8D%979%E8%A5%BF4-5-12%20%E3%82%AB%E3%83%A2%E3%82%AB%E3%83%A2%E3%83%93%E3%83%AB%201F,43.0476038,141.3530230,2022,寿司 EAST,sushi_east,発表日：2022年6月28日
鮨処 竜敏,北海道札幌市中央区南5条西3丁目8 N・グランデビル１F,食べログ 百名店: 2022 / 寿司 EAST,https://tabelog.com/hokkaido/A0101/A010103/1002504/,https://tabelog.com/hokkaido/A0101/A010103/1002504/?cid=google_yoyaku,https://www.google.com/maps/search/?api=1&query=%E9%AE%A8%E5%87%A6%20%E7%AB%9C%E6%95%8F%20%E5%8C%97%E6%B5%B7%E9%81%93%E6%9C%AD%E5%B9%8C%E5%B8%82%E4%B8%AD%E5%A4%AE%E5%8C%BA%E5%8D%975%E6%9D%A1%E8%A5%BF3%E4%B8%81%E7%9B%AE8%20N%E3%83%BB%E3%82%B0%E3%83%A9%E3%83%B3%E3%83%87%E3%83%93%E3%83%AB%EF%BC%91F,43.0548379,141.3544776,2022,寿司 EAST,sushi_east,発表日：2022年6月28日
たつ福,秋田県秋田市手形山崎町10-60,食べログ 百名店: 2022 / 寿司 EAST,https://tabelog.com/akita/A0501/A050101/5000006/,https://yoyaku.tabelog.com/yoyaku/tabelog_booking/send_remind/,https://www.google.com/maps/search/?api=1&query=%E3%81%9F%E3%81%A4%E7%A6%8F%20%E7%A7%8B%E7%94%B0%E7%9C%8C%E7%A7%8B%E7%94%B0%E5%B8%82%E6%89%8B%E5%BD%A2%E5%B1%B1%E5%B4%8E%E7%94%BA10-60,39.7234201,140.1350048,2022,寿司 EAST,sushi_east,発表日：2022年6月28日
弐ノ蔵,北海道札幌市中央区南3条西22-2-7 第51藤栄ビル 1F,食べログ 百名店: 2022 | 2025 / 寿司 EAST,https://tabelog.com/hokkaido/A0101/A010105/1065867/,https://tabelog.com/hokkaido/A0101/A010105/1065867/?cid=google_yoyaku,https://www.google.com/maps/search/?api=1&query=%E5%BC%90%E3%83%8E%E8%94%B5%20%E5%8C%97%E6%B5%B7%E9%81%93%E6%9C%AD%E5%B9%8C%E5%B8%82%E4%B8%AD%E5%A4%AE%E5%8C%BA%E5%8D%973%E6%9D%A1%E8%A5%BF22-2-7%20%E7%AC%AC51%E8%97%A4%E6%A0%84%E3%83%93%E3%83%AB%201F,43.0535919,141.3248105,2022 | 2025,寿司 EAST,sushi_east,発表日：2022年6月28日 | 発表日：2025年2月26日
鮨やしろ,北海道札幌市中央区北一条西23-2-1 クリオ表参道 1F,食べログ 百名店: 2022 / 寿司 EAST,https://tabelog.com/hokkaido/A0101/A010105/1041093/,https://tabelog.com/hokkaido/A0101/A010105/1041093/?cid=google_yoyaku,https://www.google.com/maps/search/?api=1&query=%E9%AE%A8%E3%82%84%E3%81%97%E3%82%8D%20%E5%8C%97%E6%B5%B7%E9%81%93%E6%9C%AD%E5%B9%8C%E5%B8%82%E4%B8%AD%E5%A4%AE%E5%8C%BA%E5%8C%97%E4%B8%80%E6%9D%A1%E8%A5%BF23-2-1%20%E3%82%AF%E3%83%AA%E3%82%AA%E8%A1%A8%E5%8F%82%E9%81%93%201F,43.0586802,141.3224229,2022,寿司 EAST,sushi_east,発表日：2022年6月28日
鮨 うえはら,青森県弘前市土手町31 土手町コミュニティーパーク ごちそうプラザ,食べログ 百名店: 2022 | 2025 / 寿司 EAST,https://tabelog.com/aomori/A0202/A020201/2007680/,https://yoyaku.tabelog.com/yoyaku/tabelog_booking/send_remind/,https://www.google.com/maps/search/?api=1&query=%E9%AE%A8%20%E3%81%86%E3%81%88%E3%81%AF%E3%82%89%20%E9%9D%92%E6%A3%AE%E7%9C%8C%E5%BC%98%E5%89%8D%E5%B8%82%E5%9C%9F%E6%89%8B%E7%94%BA31%20%E5%9C%9F%E6%89%8B%E7%94%BA%E3%82%B3%E3%83%9F%E3%83%A5%E3%83%8B%E3%83%86%E3%82%A3%E3%83%BC%E3%83%91%E3%83%BC%E3%82%AF%20%E3%81%94%E3%81%A1%E3%81%9D%E3%81%86%E3%83%97%E3%83%A9%E3%82%B6,40.6021663,140.4715381,2022 | 2025,寿司 EAST,sushi_east,発表日：2022年6月28日 | 発表日：2025年2月26日
宝寿司分店,秋田県秋田市寺内蛭根3丁目5-7,食べログ 百名店: 2022 | 2025 / 寿司 EAST,https://tabelog.com/akita/A0501/A050101/5004621/,https://yoyaku.tabelog.com/yoyaku/tabelog_booking/send_remind/,https://www.google.com/maps/search/?api=1&query=%E5%AE%9D%E5%AF%BF%E5%8F%B8%E5%88%86%E5%BA%97%20%E7%A7%8B%E7%94%B0%E7%9C%8C%E7%A7%8B%E7%94%B0%E5%B8%82%E5%AF%BA%E5%86%85%E8%9B%AD%E6%A0%B93%E4%B8%81%E7%9B%AE5-7,39.7312412,140.0835561,2022 | 2025,寿司 EAST,sushi_east,発表日：2022年6月28日 | 発表日：2025年2月26日
豊寿司,北海道札幌市中央区南五条西4,食べログ 百名店: 2022 / 寿司 EAST,https://tabelog.com/hokkaido/A0101/A010103/1002972/,https://yoyaku.tabelog.com/yoyaku/tabelog_booking/send_remind/,https://www.google.com/maps/search/?api=1&query=%E8%B1%8A%E5%AF%BF%E5%8F%B8%20%E5%8C%97%E6%B5%B7%E9%81%93%E6%9C%AD%E5%B9%8C%E5%B8%82%E4%B8%AD%E5%A4%AE%E5%8C%BA%E5%8D%97%E4%BA%94%E6%9D%A1%E8%A5%BF4,43.0540220,141.3522508,2022,寿司 EAST,sushi_east,発表日：2022年6月28日
大寿司,岩手県宮古市西町2-1-8,食べログ 百名店: 2022 / 寿司 EAST,https://tabelog.com/iwate/A0304/A030401/3001156/,https://yoyaku.tabelog.com/yoyaku/tabelog_booking/send_remind/,https://www.google.com/maps/search/?api=1&query=%E5%A4%A7%E5%AF%BF%E5%8F%B8%20%E5%B2%A9%E6%89%8B%E7%9C%8C%E5%AE%AE%E5%8F%A4%E5%B8%82%E8%A5%BF%E7%94%BA2-1-8,39.6466437,141.9443790,2022,寿司 EAST,sushi_east,発表日：2022年6月28日
根室花まる JRタワーステラプレイス店,北海道札幌市中央区北5条西2丁目 札幌ステラプレイス センター 6F,食べログ 百名店: 2022 / 寿司 EAST,https://tabelog.com/hokkaido/A0101/A010101/1001102/,https://yoyaku.tabelog.com/yoyaku/tabelog_booking/send_remind/,https://www.google.com/maps/search/?api=1&query=%E6%A0%B9%E5%AE%A4%E8%8A%B1%E3%81%BE%E3%82%8B%20JR%E3%82%BF%E3%83%AF%E3%83%BC%E3%82%B9%E3%83%86%E3%83%A9%E3%83%97%E3%83%AC%E3%82%A4%E3%82%B9%E5%BA%97%20%E5%8C%97%E6%B5%B7%E9%81%93%E6%9C%AD%E5%B9%8C%E5%B8%82%E4%B8%AD%E5%A4%AE%E5%8C%BA%E5%8C%975%E6%9D%A1%E8%A5%BF2%E4%B8%81%E7%9B%AE%20%E6%9C%AD%E5%B9%8C%E3%82%B9%E3%83%86%E3%83%A9%E3%83%97%E3%83%AC%E3%82%A4%E3%82%B9%20%E3%82%BB%E3%83%B3%E3%82%BF%E3%83%BC%206F,43.0679095,141.3501166,2022,寿司 EAST,sushi_east,発表日：2022年6月28日
鮨 おくの,北海道滝川市栄町3-4-5,食べログ 百名店: 2022 | 2025 / 寿司 EAST,https://tabelog.com/hokkaido/A0107/A010705/1051002/,https://yoyaku.tabelog.com/yoyaku/tabelog_booking/send_remind/,https://www.google.com/maps/search/?api=1&query=%E9%AE%A8%20%E3%81%8A%E3%81%8F%E3%81%AE%20%E5%8C%97%E6%B5%B7%E9%81%93%E6%BB%9D%E5%B7%9D%E5%B8%82%E6%A0%84%E7%94%BA3-4-5,43.5570160,141.9057933,2022 | 2025,寿司 EAST,sushi_east,発表日：2022年6月28日 | 発表日：2025年2月26日
千春鮨 札幌店,北海道札幌市中央区南6条西3丁目 秋水ビル 1F,食べログ 百名店: 2022 / 寿司 EAST,https://tabelog.com/hokkaido/A0101/A010103/1035983/,https://yoyaku.tabelog.com/yoyaku/tabelog_booking/send_remind/,https://www.google.com/maps/search/?api=1&query=%E5%8D%83%E6%98%A5%E9%AE%A8%20%E6%9C%AD%E5%B9%8C%E5%BA%97%20%E5%8C%97%E6%B5%B7%E9%81%93%E6%9C%AD%E5%B9%8C%E5%B8%82%E4%B8%AD%E5%A4%AE%E5%8C%BA%E5%8D%976%E6%9D%A1%E8%A5%BF3%E4%B8%81%E7%9B%AE%20%E7%A7%8B%E6%B0%B4%E3%83%93%E3%83%AB%201F,43.0536344,141.3546623,2022,寿司 EAST,sushi_east,発表日：2022年6月28日
天ぷら　酒菜　醍醐,秋田県秋田市大町5丁目4-15 フェニックスビル1階,食べログ 百名店: 2022 / 天ぷら,https://tabelog.com/akita/A0501/A050101/5000837/,https://yoyaku.tabelog.com/yoyaku/tabelog_booking/send_remind/,https://www.google.com/maps/search/?api=1&query=%E5%A4%A9%E3%81%B7%E3%82%89%E3%80%80%E9%85%92%E8%8F%9C%E3%80%80%E9%86%8D%E9%86%90%20%E7%A7%8B%E7%94%B0%E7%9C%8C%E7%A7%8B%E7%94%B0%E5%B8%82%E5%A4%A7%E7%94%BA5%E4%B8%81%E7%9B%AE4-15%20%E3%83%95%E3%82%A7%E3%83%8B%E3%83%83%E3%82%AF%E3%82%B9%E3%83%93%E3%83%AB1%E9%9A%8E,39.7146429,140.1151825,2022,天ぷら,tempura,発表日：2022年4月12日
天ぷら　安住,宮城県仙台市青葉区国分町2-12-20 都ビル 1Ｆ,食べログ 百名店: 2022 | 2023 | 2025 / 天ぷら,https://tabelog.com/miyagi/A0401/A040101/4010809/,https://yoyaku.tabelog.com/yoyaku/tabelog_booking/send_remind/,https://www.google.com/maps/search/?api=1&query=%E5%A4%A9%E3%81%B7%E3%82%89%E3%80%80%E5%AE%89%E4%BD%8F%20%E5%AE%AE%E5%9F%8E%E7%9C%8C%E4%BB%99%E5%8F%B0%E5%B8%82%E9%9D%92%E8%91%89%E5%8C%BA%E5%9B%BD%E5%88%86%E7%94%BA2-12-20%20%E9%83%BD%E3%83%93%E3%83%AB%201%EF%BC%A6,38.2647947,140.8681329,2022 | 2023 | 2025,天ぷら,tempura,発表日：2022年4月12日 | 発表日：2023年5月10日 | 発表日：2025年3月11日
田ざわ,北海道函館市杉並町23-10,食べログ 百名店: 2022 / 天ぷら,https://tabelog.com/hokkaido/A0105/A010501/1000077/,https://yoyaku.tabelog.com/yoyaku/tabelog_booking/send_remind/,https://www.google.com/maps/search/?api=1&query=%E7%94%B0%E3%81%96%E3%82%8F%20%E5%8C%97%E6%B5%B7%E9%81%93%E5%87%BD%E9%A4%A8%E5%B8%82%E6%9D%89%E4%B8%A6%E7%94%BA23-10,41.7886492,140.7571595,2022,天ぷら,tempura,発表日：2022年4月12日
しおや,福島県福島市上町2-14,食べログ 百名店: 2022 | 2023 | 2025 / 天ぷら,https://tabelog.com/fukushima/A0701/A070101/7010902/,https://yoyaku.tabelog.com/yoyaku/tabelog_booking/send_remind/,https://www.google.com/maps/search/?api=1&query=%E3%81%97%E3%81%8A%E3%82%84%20%E7%A6%8F%E5%B3%B6%E7%9C%8C%E7%A6%8F%E5%B3%B6%E5%B8%82%E4%B8%8A%E7%94%BA2-14,37.7540826,140.4686368,2022 | 2023 | 2025,天ぷら,tempura,発表日：2022年4月12日 | 発表日：2023年5月10日 | 発表日：2025年3月11日
天ぷらあら木,北海道札幌市中央区南7条西4 延寿堂 1F,食べログ 百名店: 2022 | 2023 | 2025 / 天ぷら,https://tabelog.com/hokkaido/A0101/A010103/1048079/,https://yoyaku.tabelog.com/yoyaku/tabelog_booking/send_remind/,https://www.google.com/maps/search/?api=1&query=%E5%A4%A9%E3%81%B7%E3%82%89%E3%81%82%E3%82%89%E6%9C%A8%20%E5%8C%97%E6%B5%B7%E9%81%93%E6%9C%AD%E5%B9%8C%E5%B8%82%E4%B8%AD%E5%A4%AE%E5%8C%BA%E5%8D%977%E6%9D%A1%E8%A5%BF4%20%E5%BB%B6%E5%AF%BF%E5%A0%82%201F,43.0525128,141.3535891,2022 | 2023 | 2025,天ぷら,tempura,発表日：2022年4月12日 | 発表日：2023年5月10日 | 発表日：2025年3月11日
てんぷら ひら井,福島県福島市置賜町5-13 シルクビル　１Ｆ,食べログ 百名店: 2022 | 2023 | 2025 / 天ぷら,https://tabelog.com/fukushima/A0701/A070101/7000216/,https://yoyaku.tabelog.com/yoyaku/tabelog_booking/send_remind/,https://www.google.com/maps/search/?api=1&query=%E3%81%A6%E3%82%93%E3%81%B7%E3%82%89%20%E3%81%B2%E3%82%89%E4%BA%95%20%E7%A6%8F%E5%B3%B6%E7%9C%8C%E7%A6%8F%E5%B3%B6%E5%B8%82%E7%BD%AE%E8%B3%9C%E7%94%BA5-13%20%E3%82%B7%E3%83%AB%E3%82%AF%E3%83%93%E3%83%AB%E3%80%80%EF%BC%91%EF%BC%A6,37.7560346,140.4644025,2022 | 2023 | 2025,天ぷら,tempura,発表日：2022年4月12日 | 発表日：2023年5月10日 | 発表日：2025年3月11日
つくも,山形県山形市成沢西1丁目1-23,食べログ 百名店: 2022 | 2023 | 2025 / 天ぷら,https://tabelog.com/yamagata/A0601/A060101/6000521/,https://yoyaku.tabelog.com/yoyaku/tabelog_booking/send_remind/,https://www.google.com/maps/search/?api=1&query=%E3%81%A4%E3%81%8F%E3%82%82%20%E5%B1%B1%E5%BD%A2%E7%9C%8C%E5%B1%B1%E5%BD%A2%E5%B8%82%E6%88%90%E6%B2%A2%E8%A5%BF1%E4%B8%81%E7%9B%AE1-23,38.2118928,140.3144445,2022 | 2023 | 2025,天ぷら,tempura,発表日：2022年4月12日 | 発表日：2023年5月10日 | 発表日：2025年3月11日
天ぷら 佐久間,福島県郡山市富田東1-379,食べログ 百名店: 2022 | 2023 | 2025 / 天ぷら,https://tabelog.com/fukushima/A0702/A070201/7000013/,https://yoyaku.tabelog.com/yoyaku/tabelog_booking/send_remind/,https://www.google.com/maps/search/?api=1&query=%E5%A4%A9%E3%81%B7%E3%82%89%20%E4%BD%90%E4%B9%85%E9%96%93%20%E7%A6%8F%E5%B3%B6%E7%9C%8C%E9%83%A1%E5%B1%B1%E5%B8%82%E5%AF%8C%E7%94%B0%E6%9D%B11-379,37.4176115,140.3654768,2022 | 2023 | 2025,天ぷら,tempura,発表日：2022年4月12日 | 発表日：2023年5月10日 | 発表日：2025年3月11日
秋田 てんぷら みかわ,秋田県秋田市大町4-4-4,食べログ 百名店: 2022 | 2023 | 2025 / 天ぷら,https://tabelog.com/akita/A0501/A050101/5007142/,https://yoyaku.tabelog.com/yoyaku/tabelog_booking/send_remind/,https://www.google.com/maps/search/?api=1&query=%E7%A7%8B%E7%94%B0%20%E3%81%A6%E3%82%93%E3%81%B7%E3%82%89%20%E3%81%BF%E3%81%8B%E3%82%8F%20%E7%A7%8B%E7%94%B0%E7%9C%8C%E7%A7%8B%E7%94%B0%E5%B8%82%E5%A4%A7%E7%94%BA4-4-4,39.7166574,140.1140997,2022 | 2023 | 2025,天ぷら,tempura,発表日：2022年4月12日 | 発表日：2023年5月10日 | 発表日：2025年3月11日
とんかつ檍 札幌すすきの店,北海道札幌市中央区南3条西2-7-1,食べログ 百名店: 2022 | 2024 / とんかつ,https://tabelog.com/hokkaido/A0101/A010103/1060980/,https://yoyaku.tabelog.com/yoyaku/tabelog_booking/send_remind/,https://www.google.com/maps/search/?api=1&query=%E3%81%A8%E3%82%93%E3%81%8B%E3%81%A4%E6%AA%8D%20%E6%9C%AD%E5%B9%8C%E3%81%99%E3%81%99%E3%81%8D%E3%81%AE%E5%BA%97%20%E5%8C%97%E6%B5%B7%E9%81%93%E6%9C%AD%E5%B9%8C%E5%B8%82%E4%B8%AD%E5%A4%AE%E5%8C%BA%E5%8D%973%E6%9D%A1%E8%A5%BF2-7-1,43.0567981,141.3548173,2022 | 2024,とんかつ,tonkatsu,発表日：2022年6月7日 | 発表日：2024年3月26日
おまる商店,北海道札幌市中央区南六条西3 有馬ビル2F,食べログ 百名店: 2022 | 2023 | 2024 | 2025 / 焼肉 EAST,https://tabelog.com/hokkaido/A0101/A010103/1025712/,https://yoyaku.tabelog.com/yoyaku/tabelog_booking/send_remind/,https://www.google.com/maps/search/?api=1&query=%E3%81%8A%E3%81%BE%E3%82%8B%E5%95%86%E5%BA%97%20%E5%8C%97%E6%B5%B7%E9%81%93%E6%9C%AD%E5%B9%8C%E5%B8%82%E4%B8%AD%E5%A4%AE%E5%8C%BA%E5%8D%97%E5%85%AD%E6%9D%A1%E8%A5%BF3%20%E6%9C%89%E9%A6%AC%E3%83%93%E3%83%AB2F,43.0538280,141.3548281,2022 | 2023 | 2024 | 2025,焼肉 EAST,yakiniku_east,発表日：2022年8月23日 | 発表日：2023年11月7日 | 発表日：2024年10月22日 | 発表日：2025年10月15日
塩ホルモン 周吾,北海道札幌市中央区南7条西5丁目1-7 ホテルマイステイズ札幌すすきの 1F,食べログ 百名店: 2022 / 焼肉 EAST,https://tabelog.com/hokkaido/A0101/A010103/1059147/,https://yoyaku.tabelog.com/yoyaku/tabelog_booking/send_remind/,https://www.google.com/maps/search/?api=1&query=%E5%A1%A9%E3%83%9B%E3%83%AB%E3%83%A2%E3%83%B3%20%E5%91%A8%E5%90%BE%20%E5%8C%97%E6%B5%B7%E9%81%93%E6%9C%AD%E5%B9%8C%E5%B8%82%E4%B8%AD%E5%A4%AE%E5%8C%BA%E5%8D%977%E6%9D%A1%E8%A5%BF5%E4%B8%81%E7%9B%AE1-7%20%E3%83%9B%E3%83%86%E3%83%AB%E3%83%9E%E3%82%A4%E3%82%B9%E3%83%86%E3%82%A4%E3%82%BA%E6%9C%AD%E5%B9%8C%E3%81%99%E3%81%99%E3%81%8D%E3%81%AE%201F,43.0519802,141.3522494,2022,焼肉 EAST,yakiniku_east,発表日：2022年8月23日
池田ファーム,青森県三戸郡田子町田子池振外平11,食べログ 百名店: 2022 | 2023 | 2024 | 2025 / 焼肉 EAST,https://tabelog.com/aomori/A0203/A020302/2000473/,https://yoyaku.tabelog.com/yoyaku/tabelog_booking/send_remind/,https://www.google.com/maps/search/?api=1&query=%E6%B1%A0%E7%94%B0%E3%83%95%E3%82%A1%E3%83%BC%E3%83%A0%20%E9%9D%92%E6%A3%AE%E7%9C%8C%E4%B8%89%E6%88%B8%E9%83%A1%E7%94%B0%E5%AD%90%E7%94%BA%E7%94%B0%E5%AD%90%E6%B1%A0%E6%8C%AF%E5%A4%96%E5%B9%B311,40.3456316,141.1380838,2022 | 2023 | 2024 | 2025,焼肉 EAST,yakiniku_east,発表日：2022年8月23日 | 発表日：2023年11月7日 | 発表日：2024年10月22日 | 発表日：2025年10月15日
北海道焼肉 北うし,北海道札幌市中央区南六条西4-5-7,食べログ 百名店: 2022 | 2023 | 2024 | 2025 / 焼肉 EAST,https://tabelog.com/hokkaido/A0101/A010103/1069943/,https://tabelog.com/hokkaido/A0101/A010103/1069943/?cid=google_yoyaku,https://www.google.com/maps/search/?api=1&query=%E5%8C%97%E6%B5%B7%E9%81%93%E7%84%BC%E8%82%89%20%E5%8C%97%E3%81%86%E3%81%97%20%E5%8C%97%E6%B5%B7%E9%81%93%E6%9C%AD%E5%B9%8C%E5%B8%82%E4%B8%AD%E5%A4%AE%E5%8C%BA%E5%8D%97%E5%85%AD%E6%9D%A1%E8%A5%BF4-5-7,43.0538066,141.3535372,2022 | 2023 | 2024 | 2025,焼肉 EAST,yakiniku_east,発表日：2022年8月23日 | 発表日：2023年11月7日 | 発表日：2024年10月22日 | 発表日：2025年10月15日
焼肉せがわ,岩手県盛岡市本町通1-16-33,食べログ 百名店: 2022 | 2024 | 2025 / 焼肉 EAST,https://tabelog.com/iwate/A0301/A030101/3000295/,https://yoyaku.tabelog.com/yoyaku/tabelog_booking/send_remind/,https://www.google.com/maps/search/?api=1&query=%E7%84%BC%E8%82%89%E3%81%9B%E3%81%8C%E3%82%8F%20%E5%B2%A9%E6%89%8B%E7%9C%8C%E7%9B%9B%E5%B2%A1%E5%B8%82%E6%9C%AC%E7%94%BA%E9%80%9A1-16-33,39.7066344,141.1531250,2022 | 2024 | 2025,焼肉 EAST,yakiniku_east,発表日：2022年8月23日 | 発表日：2024年10月22日 | 発表日：2025年10月15日
タカラヤ,秋田県秋田市山王1-6-7,食べログ 百名店: 2022 | 2023 | 2024 | 2025 / 焼肉 EAST,https://tabelog.com/akita/A0501/A050101/5001305/,https://yoyaku.tabelog.com/yoyaku/tabelog_booking/send_remind/,https://www.google.com/maps/search/?api=1&query=%E3%82%BF%E3%82%AB%E3%83%A9%E3%83%A4%20%E7%A7%8B%E7%94%B0%E7%9C%8C%E7%A7%8B%E7%94%B0%E5%B8%82%E5%B1%B1%E7%8E%8B1-6-7,39.7222296,140.1016289,2022 | 2023 | 2024 | 2025,焼肉 EAST,yakiniku_east,発表日：2022年8月23日 | 発表日：2023年11月7日 | 発表日：2024年10月22日 | 発表日：2025年10月15日
米沢牛・焼肉 さかの,山形県米沢市中央3-4-21,食べログ 百名店: 2022 | 2023 | 2024 | 2025 / 焼肉 EAST,https://tabelog.com/yamagata/A0602/A060201/6010943/,https://tabelog.com/yamagata/A0602/A060201/6010943/?cid=google_yoyaku,https://www.google.com/maps/search/?api=1&query=%E7%B1%B3%E6%B2%A2%E7%89%9B%E3%83%BB%E7%84%BC%E8%82%89%20%E3%81%95%E3%81%8B%E3%81%AE%20%E5%B1%B1%E5%BD%A2%E7%9C%8C%E7%B1%B3%E6%B2%A2%E5%B8%82%E4%B8%AD%E5%A4%AE3-4-21,37.9149712,140.1118510,2022 | 2023 | 2024 | 2025,焼肉 EAST,yakiniku_east,発表日：2022年8月23日 | 発表日：2023年11月7日 | 発表日：2024年10月22日 | 発表日：2025年10月15日
牛刺しと焼肉 仔虎 クリスロード店,宮城県仙台市青葉区中央2-3-18 B1F,食べログ 百名店: 2022 | 2023 | 2024 | 2025 / 焼肉 EAST,https://tabelog.com/miyagi/A0401/A040101/4020439/,https://yoyaku.tabelog.com/yoyaku/tabelog_booking/send_remind/,https://www.google.com/maps/search/?api=1&query=%E7%89%9B%E5%88%BA%E3%81%97%E3%81%A8%E7%84%BC%E8%82%89%20%E4%BB%94%E8%99%8E%20%E3%82%AF%E3%83%AA%E3%82%B9%E3%83%AD%E3%83%BC%E3%83%89%E5%BA%97%20%E5%AE%AE%E5%9F%8E%E7%9C%8C%E4%BB%99%E5%8F%B0%E5%B8%82%E9%9D%92%E8%91%89%E5%8C%BA%E4%B8%AD%E5%A4%AE2-3-18%20B1F,38.2608820,140.8750469,2022 | 2023 | 2024 | 2025,焼肉 EAST,yakiniku_east,発表日：2022年8月23日 | 発表日：2023年11月7日 | 発表日：2024年10月22日 | 発表日：2025年10月15日
秋田牛玄亭 山王別館,秋田県秋田市山王3-1-33,食べログ 百名店: 2022 | 2023 | 2024 | 2025 / 焼肉 EAST,https://tabelog.com/akita/A0501/A050101/5006266/,https://yoyaku.tabelog.com/yoyaku/tabelog_booking/send_remind/,https://www.google.com/maps/search/?api=1&query=%E7%A7%8B%E7%94%B0%E7%89%9B%E7%8E%84%E4%BA%AD%20%E5%B1%B1%E7%8E%8B%E5%88%A5%E9%A4%A8%20%E7%A7%8B%E7%94%B0%E7%9C%8C%E7%A7%8B%E7%94%B0%E5%B8%82%E5%B1%B1%E7%8E%8B3-1-33,39.7171115,140.1073056,2022 | 2023 | 2024 | 2025,焼肉 EAST,yakiniku_east,発表日：2022年8月23日 | 発表日：2023年11月7日 | 発表日：2024年10月22日 | 発表日：2025年10月15日
楓庵,山形県山形市八森29,食べログ 百名店: 2022 / 焼肉 EAST,https://tabelog.com/yamagata/A0601/A060101/6000006/,https://yoyaku.tabelog.com/yoyaku/tabelog_booking/send_remind/,https://www.google.com/maps/search/?api=1&query=%E6%A5%93%E5%BA%B5%20%E5%B1%B1%E5%BD%A2%E7%9C%8C%E5%B1%B1%E5%BD%A2%E5%B8%82%E5%85%AB%E6%A3%AE29,38.2149662,140.3680702,2022,焼肉 EAST,yakiniku_east,発表日：2022年8月23日
焼肉ダイニング MEGUMI 本店,北海道札幌市中央区南五条西3-1-2 ブルーナイルビル 5F,食べログ 百名店: 2022 | 2023 / 焼肉 EAST,https://tabelog.com/hokkaido/A0101/A010103/1051088/,https://tabelog.com/hokkaido/A0101/A010103/1051088/?cid=google_yoyaku,https://www.google.com/maps/search/?api=1&query=%E7%84%BC%E8%82%89%E3%83%80%E3%82%A4%E3%83%8B%E3%83%B3%E3%82%B0%20MEGUMI%20%E6%9C%AC%E5%BA%97%20%E5%8C%97%E6%B5%B7%E9%81%93%E6%9C%AD%E5%B9%8C%E5%B8%82%E4%B8%AD%E5%A4%AE%E5%8C%BA%E5%8D%97%E4%BA%94%E6%9D%A1%E8%A5%BF3-1-2%20%E3%83%96%E3%83%AB%E3%83%BC%E3%83%8A%E3%82%A4%E3%83%AB%E3%83%93%E3%83%AB%205F,43.0544597,141.3550145,2022 | 2023,焼肉 EAST,yakiniku_east,発表日：2022年8月23日 | 発表日：2023年11月7日
炭火焼肉ぽんぽん,秋田県秋田市土崎港中央3-3-2 ベイフロントビル1Ｆ,食べログ 百名店: 2022 | 2023 / 焼肉 EAST,https://tabelog.com/akita/A0501/A050101/5001313/,https://yoyaku.tabelog.com/yoyaku/tabelog_booking/send_remind/,https://www.google.com/maps/search/?api=1&query=%E7%82%AD%E7%81%AB%E7%84%BC%E8%82%89%E3%81%BD%E3%82%93%E3%81%BD%E3%82%93%20%E7%A7%8B%E7%94%B0%E7%9C%8C%E7%A7%8B%E7%94%B0%E5%B8%82%E5%9C%9F%E5%B4%8E%E6%B8%AF%E4%B8%AD%E5%A4%AE3-3-2%20%E3%83%99%E3%82%A4%E3%83%95%E3%83%AD%E3%83%B3%E3%83%88%E3%83%93%E3%83%AB1%EF%BC%A6,39.7541237,140.0689365,2022 | 2023,焼肉 EAST,yakiniku_east,発表日：2022年8月23日 | 発表日：2023年11月7日
米澤牛DINING べこや,山形県米沢市東3-2-34,食べログ 百名店: 2022 / 焼肉 EAST,https://tabelog.com/yamagata/A0602/A060201/6000430/,https://yoyaku.tabelog.com/yoyaku/tabelog_booking/send_remind/,https://www.google.com/maps/search/?api=1&query=%E7%B1%B3%E6%BE%A4%E7%89%9BDINING%20%E3%81%B9%E3%81%93%E3%82%84%20%E5%B1%B1%E5%BD%A2%E7%9C%8C%E7%B1%B3%E6%B2%A2%E5%B8%82%E6%9D%B13-2-34,37.9091891,140.1262686,2022,焼肉 EAST,yakiniku_east,発表日：2022年8月23日
焼肉ホルモン 風土.,北海道札幌市中央区南六条西4-5-7,食べログ 百名店: 2022 | 2023 | 2025 / 焼肉 EAST,https://tabelog.com/hokkaido/A0101/A010103/1068608/,https://tabelog.com/hokkaido/A0101/A010103/1068608/?cid=google_yoyaku,https://www.google.com/maps/search/?api=1&query=%E7%84%BC%E8%82%89%E3%83%9B%E3%83%AB%E3%83%A2%E3%83%B3%20%E9%A2%A8%E5%9C%9F.%20%E5%8C%97%E6%B5%B7%E9%81%93%E6%9C%AD%E5%B9%8C%E5%B8%82%E4%B8%AD%E5%A4%AE%E5%8C%BA%E5%8D%97%E5%85%AD%E6%9D%A1%E8%A5%BF4-5-7,43.0537735,141.3535239,2022 | 2023 | 2025,焼肉 EAST,yakiniku_east,発表日：2022年8月23日 | 発表日：2023年11月7日 | 発表日：2025年10月15日
春美可,北海道札幌市中央区南2条西9-3-31 ケンタクビル29 1F,食べログ 百名店: 2022 | 2023 | 2025 / 焼肉 EAST,https://tabelog.com/hokkaido/A0101/A010102/1056834/,https://yoyaku.tabelog.com/yoyaku/tabelog_booking/send_remind/,https://www.google.com/maps/search/?api=1&query=%E6%98%A5%E7%BE%8E%E5%8F%AF%20%E5%8C%97%E6%B5%B7%E9%81%93%E6%9C%AD%E5%B9%8C%E5%B8%82%E4%B8%AD%E5%A4%AE%E5%8C%BA%E5%8D%972%E6%9D%A1%E8%A5%BF9-3-31%20%E3%82%B1%E3%83%B3%E3%82%BF%E3%82%AF%E3%83%93%E3%83%AB29%201F,43.0567547,141.3435418,2022 | 2023 | 2025,焼肉 EAST,yakiniku_east,発表日：2022年8月23日 | 発表日：2023年11月7日 | 発表日：2025年10月15日
NIKUSYO taku ohira,北海道札幌市中央区南5条西4 第20桂和ビル 1F,食べログ 百名店: 2022 | 2023 | 2025 / 焼肉 EAST,https://tabelog.com/hokkaido/A0101/A010103/1046794/,https://tabelog.com/hokkaido/A0101/A010103/1046794/?cid=google_yoyaku,https://www.google.com/maps/search/?api=1&query=NIKUSYO%20taku%20ohira%20%E5%8C%97%E6%B5%B7%E9%81%93%E6%9C%AD%E5%B9%8C%E5%B8%82%E4%B8%AD%E5%A4%AE%E5%8C%BA%E5%8D%975%E6%9D%A1%E8%A5%BF4%20%E7%AC%AC20%E6%A1%82%E5%92%8C%E3%83%93%E3%83%AB%201F,43.0538896,141.3527728,2022 | 2023 | 2025,焼肉 EAST,yakiniku_east,発表日：2022年8月23日 | 発表日：2023年11月7日 | 発表日：2025年10月15日
サイアム 琴似店,北海道札幌市西区琴似一条2-5-3 ハシモトビル 2F,食べログ 百名店: 2023 / アジア・エスニック EAST,https://tabelog.com/hokkaido/A0101/A010204/1009201/,https://yoyaku.tabelog.com/yoyaku/tabelog_booking/send_remind/,https://www.google.com/maps/search/?api=1&query=%E3%82%B5%E3%82%A4%E3%82%A2%E3%83%A0%20%E7%90%B4%E4%BC%BC%E5%BA%97%20%E5%8C%97%E6%B5%B7%E9%81%93%E6%9C%AD%E5%B9%8C%E5%B8%82%E8%A5%BF%E5%8C%BA%E7%90%B4%E4%BC%BC%E4%B8%80%E6%9D%A12-5-3%20%E3%83%8F%E3%82%B7%E3%83%A2%E3%83%88%E3%83%93%E3%83%AB%202F,43.0785771,141.3063554,2023,アジア・エスニック EAST,asia_ethnic_east,発表日：2023年9月26日
みち草バザール,北海道札幌市中央区南六条西22-3-56,食べログ 百名店: 2023 | 2024 / アジア・エスニック EAST,https://tabelog.com/hokkaido/A0101/A010105/1063629/,https://yoyaku.tabelog.com/yoyaku/tabelog_booking/send_remind/,https://www.google.com/maps/search/?api=1&query=%E3%81%BF%E3%81%A1%E8%8D%89%E3%83%90%E3%82%B6%E3%83%BC%E3%83%AB%20%E5%8C%97%E6%B5%B7%E9%81%93%E6%9C%AD%E5%B9%8C%E5%B8%82%E4%B8%AD%E5%A4%AE%E5%8C%BA%E5%8D%97%E5%85%AD%E6%9D%A1%E8%A5%BF22-3-56,43.0500379,141.3255175,2023 | 2024,アジア・エスニック EAST,asia_ethnic_east,発表日：2023年9月26日 | 発表日：2024年7月23日
飲茶 はるのそら,北海道札幌市中央区大通西6-10-11 北都ビル B1F,食べログ 百名店: 2023 | 2024 / 中国料理 EAST,https://tabelog.com/hokkaido/A0101/A010102/1058800/,https://yoyaku.tabelog.com/yoyaku/tabelog_booking/send_remind/,https://www.google.com/maps/search/?api=1&query=%E9%A3%B2%E8%8C%B6%20%E3%81%AF%E3%82%8B%E3%81%AE%E3%81%9D%E3%82%89%20%E5%8C%97%E6%B5%B7%E9%81%93%E6%9C%AD%E5%B9%8C%E5%B8%82%E4%B8%AD%E5%A4%AE%E5%8C%BA%E5%A4%A7%E9%80%9A%E8%A5%BF6-10-11%20%E5%8C%97%E9%83%BD%E3%83%93%E3%83%AB%20B1F,43.0604582,141.3477834,2023 | 2024,中国料理 EAST,chinese_east,発表日：2023年3月27日 | 発表日：2024年6月11日
香港ダイニング,青森県十和田市東二十三番町6-4,食べログ 百名店: 2023 / 中国料理 EAST,https://tabelog.com/aomori/A0203/A020304/2004556/,https://yoyaku.tabelog.com/yoyaku/tabelog_booking/send_remind/,https://www.google.com/maps/search/?api=1&query=%E9%A6%99%E6%B8%AF%E3%83%80%E3%82%A4%E3%83%8B%E3%83%B3%E3%82%B0%20%E9%9D%92%E6%A3%AE%E7%9C%8C%E5%8D%81%E5%92%8C%E7%94%B0%E5%B8%82%E6%9D%B1%E4%BA%8C%E5%8D%81%E4%B8%89%E7%95%AA%E7%94%BA6-4,40.6215246,141.2276851,2023,中国料理 EAST,chinese_east,発表日：2023年3月27日
創作四川料理 廣明,北海道苫小牧市錦町1-6-11 NP.BLD 2F,食べログ 百名店: 2023 / 中国料理 EAST,https://tabelog.com/hokkaido/A0108/A010802/1054761/,https://tabelog.com/hokkaido/A0108/A010802/1054761/?cid=google_yoyaku,https://www.google.com/maps/search/?api=1&query=%E5%89%B5%E4%BD%9C%E5%9B%9B%E5%B7%9D%E6%96%99%E7%90%86%20%E5%BB%A3%E6%98%8E%20%E5%8C%97%E6%B5%B7%E9%81%93%E8%8B%AB%E5%B0%8F%E7%89%A7%E5%B8%82%E9%8C%A6%E7%94%BA1-6-11%20NP.BLD%202F,42.6329799,141.5991019,2023,中国料理 EAST,chinese_east,発表日：2023年3月27日
中国四川料理 天府仙臺,宮城県仙台市宮城野区宮千代3-9-8,食べログ 百名店: 2023 / 中国料理 EAST,https://tabelog.com/miyagi/A0401/A040102/4008966/,https://yoyaku.tabelog.com/yoyaku/tabelog_booking/send_remind/,https://www.google.com/maps/search/?api=1&query=%E4%B8%AD%E5%9B%BD%E5%9B%9B%E5%B7%9D%E6%96%99%E7%90%86%20%E5%A4%A9%E5%BA%9C%E4%BB%99%E8%87%BA%20%E5%AE%AE%E5%9F%8E%E7%9C%8C%E4%BB%99%E5%8F%B0%E5%B8%82%E5%AE%AE%E5%9F%8E%E9%87%8E%E5%8C%BA%E5%AE%AE%E5%8D%83%E4%BB%A33-9-8,38.2546145,140.9181107,2023,中国料理 EAST,chinese_east,発表日：2023年3月27日
中華厨房あんにん,北海道札幌市西区西町北16-6-16,食べログ 百名店: 2023 / 中国料理 EAST,https://tabelog.com/hokkaido/A0101/A010204/1064491/,https://yoyaku.tabelog.com/yoyaku/tabelog_booking/send_remind/,https://www.google.com/maps/search/?api=1&query=%E4%B8%AD%E8%8F%AF%E5%8E%A8%E6%88%BF%E3%81%82%E3%82%93%E3%81%AB%E3%82%93%20%E5%8C%97%E6%B5%B7%E9%81%93%E6%9C%AD%E5%B9%8C%E5%B8%82%E8%A5%BF%E5%8C%BA%E8%A5%BF%E7%94%BA%E5%8C%9716-6-16,43.0862302,141.2819531,2023,中国料理 EAST,chinese_east,発表日：2023年3月27日
菜根譚 北海道中華,北海道札幌市東区北28条東15-2-14 ウエスト28 1F,食べログ 百名店: 2023 / 中国料理 EAST,https://tabelog.com/hokkaido/A0101/A010202/1034984/,https://yoyaku.tabelog.com/yoyaku/tabelog_booking/send_remind/,https://www.google.com/maps/search/?api=1&query=%E8%8F%9C%E6%A0%B9%E8%AD%9A%20%E5%8C%97%E6%B5%B7%E9%81%93%E4%B8%AD%E8%8F%AF%20%E5%8C%97%E6%B5%B7%E9%81%93%E6%9C%AD%E5%B9%8C%E5%B8%82%E6%9D%B1%E5%8C%BA%E5%8C%9728%E6%9D%A1%E6%9D%B115-2-14%20%E3%82%A6%E3%82%A8%E3%82%B9%E3%83%8828%201F,43.0991577,141.3702258,2023,中国料理 EAST,chinese_east,発表日：2023年3月27日
中国料理 月下翁,北海道札幌市中央区南3条西3-3 B1F,食べログ 百名店: 2023 | 2024 / 中国料理 EAST,https://tabelog.com/hokkaido/A0101/A010103/1055614/,https://yoyaku.tabelog.com/yoyaku/tabelog_booking/send_remind/,https://www.google.com/maps/search/?api=1&query=%E4%B8%AD%E5%9B%BD%E6%96%99%E7%90%86%20%E6%9C%88%E4%B8%8B%E7%BF%81%20%E5%8C%97%E6%B5%B7%E9%81%93%E6%9C%AD%E5%B9%8C%E5%B8%82%E4%B8%AD%E5%A4%AE%E5%8C%BA%E5%8D%973%E6%9D%A1%E8%A5%BF3-3%20B1F,43.0565321,141.3543237,2023 | 2024,中国料理 EAST,chinese_east,発表日：2023年3月27日 | 発表日：2024年6月11日
天坊,北海道札幌市中央区南二条東2-1-1 エクセレントハウス東 1F,食べログ 百名店: 2023 / 中国料理 EAST,https://tabelog.com/hokkaido/A0101/A010103/1002890/,https://yoyaku.tabelog.com/yoyaku/tabelog_booking/send_remind/,https://www.google.com/maps/search/?api=1&query=%E5%A4%A9%E5%9D%8A%20%E5%8C%97%E6%B5%B7%E9%81%93%E6%9C%AD%E5%B9%8C%E5%B8%82%E4%B8%AD%E5%A4%AE%E5%8C%BA%E5%8D%97%E4%BA%8C%E6%9D%A1%E6%9D%B12-1-1%20%E3%82%A8%E3%82%AF%E3%82%BB%E3%83%AC%E3%83%B3%E3%83%88%E3%83%8F%E3%82%A6%E3%82%B9%E6%9D%B1%201F,43.0589665,141.3593415,2023,中国料理 EAST,chinese_east,発表日：2023年3月27日
盛,秋田県秋田市八橋本町5-6-1,食べログ 百名店: 2023 | 2024 / 中国料理 EAST,https://tabelog.com/akita/A0501/A050101/5000025/,https://yoyaku.tabelog.com/yoyaku/tabelog_booking/send_remind/,https://www.google.com/maps/search/?api=1&query=%E7%9B%9B%20%E7%A7%8B%E7%94%B0%E7%9C%8C%E7%A7%8B%E7%94%B0%E5%B8%82%E5%85%AB%E6%A9%8B%E6%9C%AC%E7%94%BA5-6-1,39.7261800,140.0961767,2023 | 2024,中国料理 EAST,chinese_east,発表日：2023年3月27日 | 発表日：2024年6月11日
中国料理 もみぢ,北海道札幌市中央区南3条西6-10 狸小路市場内,食べログ 百名店: 2023 | 2024 / 中国料理 EAST,https://tabelog.com/hokkaido/A0101/A010102/1060543/,https://yoyaku.tabelog.com/yoyaku/tabelog_booking/send_remind/,https://www.google.com/maps/search/?api=1&query=%E4%B8%AD%E5%9B%BD%E6%96%99%E7%90%86%20%E3%82%82%E3%81%BF%E3%81%A2%20%E5%8C%97%E6%B5%B7%E9%81%93%E6%9C%AD%E5%B9%8C%E5%B8%82%E4%B8%AD%E5%A4%AE%E5%8C%BA%E5%8D%973%E6%9D%A1%E8%A5%BF6-10%20%E7%8B%B8%E5%B0%8F%E8%B7%AF%E5%B8%82%E5%A0%B4%E5%86%85,43.0564979,141.3494394,2023 | 2024,中国料理 EAST,chinese_east,発表日：2023年3月27日 | 発表日：2024年6月11日
松石,宮城県仙台市太白区向山2-2-1 エスパシオ向山 1F,食べログ 百名店: 2023 | 2024 / 中国料理 EAST,https://tabelog.com/miyagi/A0401/A040105/4025539/,https://yoyaku.tabelog.com/yoyaku/tabelog_booking/send_remind/,https://www.google.com/maps/search/?api=1&query=%E6%9D%BE%E7%9F%B3%20%E5%AE%AE%E5%9F%8E%E7%9C%8C%E4%BB%99%E5%8F%B0%E5%B8%82%E5%A4%AA%E7%99%BD%E5%8C%BA%E5%90%91%E5%B1%B12-2-1%20%E3%82%A8%E3%82%B9%E3%83%91%E3%82%B7%E3%82%AA%E5%90%91%E5%B1%B1%201F,38.2482344,140.8678380,2023 | 2024,中国料理 EAST,chinese_east,発表日：2023年3月27日 | 発表日：2024年6月11日
龍皇,福島県須賀川市大町181,食べログ 百名店: 2023 / 中国料理 EAST,https://tabelog.com/fukushima/A0702/A070202/7006428/,https://yoyaku.tabelog.com/yoyaku/tabelog_booking/send_remind/,https://www.google.com/maps/search/?api=1&query=%E9%BE%8D%E7%9A%87%20%E7%A6%8F%E5%B3%B6%E7%9C%8C%E9%A0%88%E8%B3%80%E5%B7%9D%E5%B8%82%E5%A4%A7%E7%94%BA181,37.2831901,140.3732116,2023,中国料理 EAST,chinese_east,発表日：2023年3月27日
志峰飯店,北海道深川市8条10番19号,食べログ 百名店: 2023 / 中国料理 EAST,https://tabelog.com/hokkaido/A0107/A010705/1006117/,https://yoyaku.tabelog.com/yoyaku/tabelog_booking/send_remind/,https://www.google.com/maps/search/?api=1&query=%E5%BF%97%E5%B3%B0%E9%A3%AF%E5%BA%97%20%E5%8C%97%E6%B5%B7%E9%81%93%E6%B7%B1%E5%B7%9D%E5%B8%828%E6%9D%A110%E7%95%AA19%E5%8F%B7,43.7166545,142.0466028,2023,中国料理 EAST,chinese_east,発表日：2023年3月27日
HANAMAKI モダンチャイニーズ 蓮,岩手県花巻市末広町2-13 1F,食べログ 百名店: 2023 / 中国料理 EAST,https://tabelog.com/iwate/A0302/A030201/3010326/,https://tabelog.com/iwate/A0302/A030201/3010326/?cid=google_yoyaku,https://www.google.com/maps/search/?api=1&query=HANAMAKI%20%E3%83%A2%E3%83%80%E3%83%B3%E3%83%81%E3%83%A3%E3%82%A4%E3%83%8B%E3%83%BC%E3%82%BA%20%E8%93%AE%20%E5%B2%A9%E6%89%8B%E7%9C%8C%E8%8A%B1%E5%B7%BB%E5%B8%82%E6%9C%AB%E5%BA%83%E7%94%BA2-13%201F,39.3872306,141.1133499,2023,中国料理 EAST,chinese_east,発表日：2023年3月27日
一元,秋田県秋田市大町4-2-6,食べログ 百名店: 2023 / 中国料理 EAST,https://tabelog.com/akita/A0501/A050101/5000952/,https://yoyaku.tabelog.com/yoyaku/tabelog_booking/send_remind/,https://www.google.com/maps/search/?api=1&query=%E4%B8%80%E5%85%83%20%E7%A7%8B%E7%94%B0%E7%9C%8C%E7%A7%8B%E7%94%B0%E5%B8%82%E5%A4%A7%E7%94%BA4-2-6,39.7162009,140.1165880,2023,中国料理 EAST,chinese_east,発表日：2023年3月27日
【カレー専門店】円山教授。,北海道札幌市中央区南4条西21-1-27 第5籐栄ビル,食べログ 百名店: 2023 | 2024 / カレー EAST,https://tabelog.com/hokkaido/A0101/A010105/1054392/,https://yoyaku.tabelog.com/yoyaku/tabelog_booking/send_remind/,https://www.google.com/maps/search/?api=1&query=%E3%80%90%E3%82%AB%E3%83%AC%E3%83%BC%E5%B0%82%E9%96%80%E5%BA%97%E3%80%91%E5%86%86%E5%B1%B1%E6%95%99%E6%8E%88%E3%80%82%20%E5%8C%97%E6%B5%B7%E9%81%93%E6%9C%AD%E5%B9%8C%E5%B8%82%E4%B8%AD%E5%A4%AE%E5%8C%BA%E5%8D%974%E6%9D%A1%E8%A5%BF21-1-27%20%E7%AC%AC5%E7%B1%90%E6%A0%84%E3%83%93%E3%83%AB,43.0535554,141.3261023,2023 | 2024,カレー EAST,curry_east,発表日：2023年10月10日 | 発表日：2024年8月6日
スープカレーGARAKU 札幌本店,北海道札幌市中央区南2条西2-6-1 おくむらビル B1F,食べログ 百名店: 2023 | 2024 / カレー EAST,https://tabelog.com/hokkaido/A0101/A010103/1006746/,https://yoyaku.tabelog.com/yoyaku/tabelog_booking/send_remind/,https://www.google.com/maps/search/?api=1&query=%E3%82%B9%E3%83%BC%E3%83%97%E3%82%AB%E3%83%AC%E3%83%BCGARAKU%20%E6%9C%AD%E5%B9%8C%E6%9C%AC%E5%BA%97%20%E5%8C%97%E6%B5%B7%E9%81%93%E6%9C%AD%E5%B9%8C%E5%B8%82%E4%B8%AD%E5%A4%AE%E5%8C%BA%E5%8D%972%E6%9D%A1%E8%A5%BF2-6-1%20%E3%81%8A%E3%81%8F%E3%82%80%E3%82%89%E3%83%93%E3%83%AB%20B1F,43.0580016,141.3551220,2023 | 2024,カレー EAST,curry_east,発表日：2023年10月10日 | 発表日：2024年8月6日
スープカレー奥芝商店 旭川亭,北海道旭川市旭町1条13-2146-14,食べログ 百名店: 2023 / カレー EAST,https://tabelog.com/hokkaido/A0104/A010401/1008896/,https://yoyaku.tabelog.com/yoyaku/tabelog_booking/send_remind/,https://www.google.com/maps/search/?api=1&query=%E3%82%B9%E3%83%BC%E3%83%95%E3%82%9A%E3%82%AB%E3%83%AC%E3%83%BC%E5%A5%A5%E8%8A%9D%E5%95%86%E5%BA%97%20%E6%97%AD%E5%B7%9D%E4%BA%AD%20%E5%8C%97%E6%B5%B7%E9%81%93%E6%97%AD%E5%B7%9D%E5%B8%82%E6%97%AD%E7%94%BA1%E6%9D%A113-2146-14,43.7916130,142.3443215,2023,カレー EAST,curry_east,発表日：2023年10月10日
ソウルストア,北海道札幌市中央区南3条西7-3-2 F-DRESS 7 BLD 2F,食べログ 百名店: 2023 | 2024 / カレー EAST,https://tabelog.com/hokkaido/A0101/A010103/1058838/,https://yoyaku.tabelog.com/yoyaku/tabelog_booking/send_remind/,https://www.google.com/maps/search/?api=1&query=%E3%82%BD%E3%82%A6%E3%83%AB%E3%82%B9%E3%83%88%E3%82%A2%20%E5%8C%97%E6%B5%B7%E9%81%93%E6%9C%AD%E5%B9%8C%E5%B8%82%E4%B8%AD%E5%A4%AE%E5%8C%BA%E5%8D%973%E6%9D%A1%E8%A5%BF7-3-2%20F-DRESS%207%20BLD%202F,43.0564947,141.3478731,2023 | 2024,カレー EAST,curry_east,発表日：2023年10月10日 | 発表日：2024年8月6日
札幌カリーぱお,北海道札幌市西区琴似一条7-3-31,食べログ 百名店: 2023 / カレー EAST,https://tabelog.com/hokkaido/A0101/A010204/1005152/,https://yoyaku.tabelog.com/yoyaku/tabelog_booking/send_remind/,https://www.google.com/maps/search/?api=1&query=%E6%9C%AD%E5%B9%8C%E3%82%AB%E3%83%AA%E3%83%BC%E3%81%B1%E3%81%8A%20%E5%8C%97%E6%B5%B7%E9%81%93%E6%9C%AD%E5%B9%8C%E5%B8%82%E8%A5%BF%E5%8C%BA%E7%90%B4%E4%BC%BC%E4%B8%80%E6%9D%A17-3-31,43.0733749,141.3003964,2023,カレー EAST,curry_east,発表日：2023年10月10日
カレー魂 デストロイヤー 西線14条,北海道札幌市中央区南14条西14丁目1-23,食べログ 百名店: 2023 / カレー EAST,https://tabelog.com/hokkaido/A0101/A010104/1053355/,https://yoyaku.tabelog.com/yoyaku/tabelog_booking/send_remind/,https://www.google.com/maps/search/?api=1&query=%E3%82%AB%E3%83%AC%E3%83%BC%E9%AD%82%20%E3%83%87%E3%82%B9%E3%83%88%E3%83%AD%E3%82%A4%E3%83%A4%E3%83%BC%20%E8%A5%BF%E7%B7%9A14%E6%9D%A1%20%E5%8C%97%E6%B5%B7%E9%81%93%E6%9C%AD%E5%B9%8C%E5%B8%82%E4%B8%AD%E5%A4%AE%E5%8C%BA%E5%8D%9714%E6%9D%A1%E8%A5%BF14%E4%B8%81%E7%9B%AE1-23,43.0412678,141.3365231,2023,カレー EAST,curry_east,発表日：2023年10月10日
スープカリー 奥芝商店  駅前創成寺,北海道札幌市中央区北4条西1丁目 ホクレンビル B1F パールタウン飲食店街,食べログ 百名店: 2023 | 2024 / カレー EAST,https://tabelog.com/hokkaido/A0101/A010101/1041930/,https://yoyaku.tabelog.com/yoyaku/tabelog_booking/send_remind/,https://www.google.com/maps/search/?api=1&query=%E3%82%B9%E3%83%BC%E3%83%97%E3%82%AB%E3%83%AA%E3%83%BC%20%E5%A5%A5%E8%8A%9D%E5%95%86%E5%BA%97%20%20%E9%A7%85%E5%89%8D%E5%89%B5%E6%88%90%E5%AF%BA%20%E5%8C%97%E6%B5%B7%E9%81%93%E6%9C%AD%E5%B9%8C%E5%B8%82%E4%B8%AD%E5%A4%AE%E5%8C%BA%E5%8C%974%E6%9D%A1%E8%A5%BF1%E4%B8%81%E7%9B%AE%20%E3%83%9B%E3%82%AF%E3%83%AC%E3%83%B3%E3%83%93%E3%83%AB%20B1F%20%E3%83%91%E3%83%BC%E3%83%AB%E3%82%BF%E3%82%A6%E3%83%B3%E9%A3%B2%E9%A3%9F%E5%BA%97%E8%A1%97,43.0668771,141.3543018,2023 | 2024,カレー EAST,curry_east,発表日：2023年10月10日 | 発表日：2024年8月6日
カリー ザイオン,北海道留萌市花園町1-4-21,食べログ 百名店: 2023 / カレー EAST,https://tabelog.com/hokkaido/A0109/A010905/1001173/,https://yoyaku.tabelog.com/yoyaku/tabelog_booking/send_remind/,https://www.google.com/maps/search/?api=1&query=%E3%82%AB%E3%83%AA%E3%83%BC%20%E3%82%B6%E3%82%A4%E3%82%AA%E3%83%B3%20%E5%8C%97%E6%B5%B7%E9%81%93%E7%95%99%E8%90%8C%E5%B8%82%E8%8A%B1%E5%9C%92%E7%94%BA1-4-21,43.9371018,141.6503364,2023,カレー EAST,curry_east,発表日：2023年10月10日
カリーサボイ,北海道札幌市北区北8条西4 ブランシャールBLD B1F,食べログ 百名店: 2023 | 2024 / カレー EAST,https://tabelog.com/hokkaido/A0101/A010101/1060249/,https://yoyaku.tabelog.com/yoyaku/tabelog_booking/send_remind/,https://www.google.com/maps/search/?api=1&query=%E3%82%AB%E3%83%AA%E3%83%BC%E3%82%B5%E3%83%9C%E3%82%A4%20%E5%8C%97%E6%B5%B7%E9%81%93%E6%9C%AD%E5%B9%8C%E5%B8%82%E5%8C%97%E5%8C%BA%E5%8C%978%E6%9D%A1%E8%A5%BF4%20%E3%83%96%E3%83%A9%E3%83%B3%E3%82%B7%E3%83%A3%E3%83%BC%E3%83%ABBLD%20B1F,43.0711463,141.3492123,2023 | 2024,カレー EAST,curry_east,発表日：2023年10月10日 | 発表日：2024年8月6日
ピカンティ 札幌駅前店,北海道札幌市中央区北2条西1-8-4 青山ビル　1F,食べログ 百名店: 2023 | 2024 / カレー EAST,https://tabelog.com/hokkaido/A0101/A010101/1025001/,https://yoyaku.tabelog.com/yoyaku/tabelog_booking/send_remind/,https://www.google.com/maps/search/?api=1&query=%E3%83%94%E3%82%AB%E3%83%B3%E3%83%86%E3%82%A3%20%E6%9C%AD%E5%B9%8C%E9%A7%85%E5%89%8D%E5%BA%97%20%E5%8C%97%E6%B5%B7%E9%81%93%E6%9C%AD%E5%B9%8C%E5%B8%82%E4%B8%AD%E5%A4%AE%E5%8C%BA%E5%8C%972%E6%9D%A1%E8%A5%BF1-8-4%20%E9%9D%92%E5%B1%B1%E3%83%93%E3%83%AB%E3%80%801F,43.0640174,141.3547362,2023 | 2024,カレー EAST,curry_east,発表日：2023年10月10日 | 発表日：2024年8月6日
スープカレー店 34,北海道札幌市豊平区平岸2条3-2-20,食べログ 百名店: 2023 | 2024 / カレー EAST,https://tabelog.com/hokkaido/A0101/A010303/1056693/,https://yoyaku.tabelog.com/yoyaku/tabelog_booking/send_remind/,https://www.google.com/maps/search/?api=1&query=%E3%82%B9%E3%83%BC%E3%83%97%E3%82%AB%E3%83%AC%E3%83%BC%E5%BA%97%2034%20%E5%8C%97%E6%B5%B7%E9%81%93%E6%9C%AD%E5%B9%8C%E5%B8%82%E8%B1%8A%E5%B9%B3%E5%8C%BA%E5%B9%B3%E5%B2%B82%E6%9D%A13-2-20,43.0402290,141.3698457,2023 | 2024,カレー EAST,curry_east,発表日：2023年10月10日 | 発表日：2024年8月6日
欧風カリー ドモン,北海道札幌市豊平区平岸3条3-1-28,食べログ 百名店: 2023 | 2024 / カレー EAST,https://tabelog.com/hokkaido/A0101/A010303/1060608/,https://yoyaku.tabelog.com/yoyaku/tabelog_booking/send_remind/,https://www.google.com/maps/search/?api=1&query=%E6%AC%A7%E9%A2%A8%E3%82%AB%E3%83%AA%E3%83%BC%20%E3%83%89%E3%83%A2%E3%83%B3%20%E5%8C%97%E6%B5%B7%E9%81%93%E6%9C%AD%E5%B9%8C%E5%B8%82%E8%B1%8A%E5%B9%B3%E5%8C%BA%E5%B9%B3%E5%B2%B83%E6%9D%A13-1-28,43.0397029,141.3701485,2023 | 2024,カレー EAST,curry_east,発表日：2023年10月10日 | 発表日：2024年8月6日
か～るま～る,北海道札幌市白石区北郷3条4-11-1 田畑ビル 1F,食べログ 百名店: 2023 | 2024 / カレー EAST,https://tabelog.com/hokkaido/A0101/A010301/1066208/,https://yoyaku.tabelog.com/yoyaku/tabelog_booking/send_remind/,https://www.google.com/maps/search/?api=1&query=%E3%81%8B%EF%BD%9E%E3%82%8B%E3%81%BE%EF%BD%9E%E3%82%8B%20%E5%8C%97%E6%B5%B7%E9%81%93%E6%9C%AD%E5%B9%8C%E5%B8%82%E7%99%BD%E7%9F%B3%E5%8C%BA%E5%8C%97%E9%83%B73%E6%9D%A14-11-1%20%E7%94%B0%E7%95%91%E3%83%93%E3%83%AB%201F,43.0581839,141.4156667,2023 | 2024,カレー EAST,curry_east,発表日：2023年10月10日 | 発表日：2024年8月6日
DADA,岩手県盛岡市向中野7-18-1 2F,食べログ 百名店: 2023 / フレンチ EAST,https://tabelog.com/iwate/A0301/A030101/3008450/,https://yoyaku.tabelog.com/yoyaku/tabelog_booking/send_remind/,https://www.google.com/maps/search/?api=1&query=DADA%20%E5%B2%A9%E6%89%8B%E7%9C%8C%E7%9B%9B%E5%B2%A1%E5%B8%82%E5%90%91%E4%B8%AD%E9%87%8E7-18-1%202F,39.6735560,141.1383324,2023,フレンチ EAST,french_east,発表日：2023年6月12日
レストラン パ・マル,山形県山形市七日町2-3-16,食べログ 百名店: 2023 | 2025 / フレンチ EAST,https://tabelog.com/yamagata/A0601/A060101/6009428/,https://tabelog.com/yamagata/A0601/A060101/6009428/?cid=google_yoyaku,https://www.google.com/maps/search/?api=1&query=%E3%83%AC%E3%82%B9%E3%83%88%E3%83%A9%E3%83%B3%20%E3%83%91%E3%83%BB%E3%83%9E%E3%83%AB%20%E5%B1%B1%E5%BD%A2%E7%9C%8C%E5%B1%B1%E5%BD%A2%E5%B8%82%E4%B8%83%E6%97%A5%E7%94%BA2-3-16,38.2520141,140.3412480,2023 | 2025,フレンチ EAST,french_east,発表日：2023年6月12日 | 発表日：2025年6月10日
スシュ,秋田県秋田市大町1-2-40,食べログ 百名店: 2023 | 2025 / フレンチ EAST,https://tabelog.com/akita/A0501/A050101/5009178/,https://yoyaku.tabelog.com/yoyaku/tabelog_booking/send_remind/,https://www.google.com/maps/search/?api=1&query=%E3%82%B9%E3%82%B7%E3%83%A5%20%E7%A7%8B%E7%94%B0%E7%9C%8C%E7%A7%8B%E7%94%B0%E5%B8%82%E5%A4%A7%E7%94%BA1-2-40,39.7191173,140.1177249,2023 | 2025,フレンチ EAST,french_east,発表日：2023年6月12日 | 発表日：2025年6月10日
ゴーシェ,北海道札幌市中央区南3条西8-7 大洋ビル 2F,食べログ 百名店: 2023 | 2025 / フレンチ EAST,https://tabelog.com/hokkaido/A0101/A010103/1048816/,https://yoyaku.tabelog.com/yoyaku/tabelog_booking/send_remind/,https://www.google.com/maps/search/?api=1&query=%E3%82%B4%E3%83%BC%E3%82%B7%E3%82%A7%20%E5%8C%97%E6%B5%B7%E9%81%93%E6%9C%AD%E5%B9%8C%E5%B8%82%E4%B8%AD%E5%A4%AE%E5%8C%BA%E5%8D%973%E6%9D%A1%E8%A5%BF8-7%20%E5%A4%A7%E6%B4%8B%E3%83%93%E3%83%AB%202F,43.0560980,141.3463387,2023 | 2025,フレンチ EAST,french_east,発表日：2023年6月12日 | 発表日：2025年6月10日
メゾン フジヤ ハコダテ,北海道函館市元町17-17,食べログ 百名店: 2023 | 2025 / フレンチ EAST,https://tabelog.com/hokkaido/A0105/A010501/1065131/,https://yoyaku.tabelog.com/yoyaku/tabelog_booking/send_remind/,https://www.google.com/maps/search/?api=1&query=%E3%83%A1%E3%82%BE%E3%83%B3%20%E3%83%95%E3%82%B8%E3%83%A4%20%E3%83%8F%E3%82%B3%E3%83%80%E3%83%86%20%E5%8C%97%E6%B5%B7%E9%81%93%E5%87%BD%E9%A4%A8%E5%B8%82%E5%85%83%E7%94%BA17-17,41.7624117,140.7139332,2023 | 2025,フレンチ EAST,french_east,発表日：2023年6月12日 | 発表日：2025年6月10日
シェヌー,宮城県塩竈市海岸通7-2,食べログ 百名店: 2023 | 2025 / フレンチ EAST,https://tabelog.com/miyagi/A0404/A040404/4000003/,https://yoyaku.tabelog.com/yoyaku/tabelog_booking/send_remind/,https://www.google.com/maps/search/?api=1&query=%E3%82%B7%E3%82%A7%E3%83%8C%E3%83%BC%20%E5%AE%AE%E5%9F%8E%E7%9C%8C%E5%A1%A9%E7%AB%88%E5%B8%82%E6%B5%B7%E5%B2%B8%E9%80%9A7-2,38.3185866,141.0213799,2023 | 2025,フレンチ EAST,french_east,発表日：2023年6月12日 | 発表日：2025年6月10日
モリエール モンターニュ,北海道虻田郡倶知安町岩尾別字328-47 パーク ハイアット ニセコ HANAZONO レジデンス棟 1F,食べログ 百名店: 2023 | 2025 / フレンチ EAST,https://tabelog.com/hokkaido/A0106/A010603/1063971/,https://yoyaku.tabelog.com/yoyaku/tabelog_booking/send_remind/,https://www.google.com/maps/search/?api=1&query=%E3%83%A2%E3%83%AA%E3%82%A8%E3%83%BC%E3%83%AB%20%E3%83%A2%E3%83%B3%E3%82%BF%E3%83%BC%E3%83%8B%E3%83%A5%20%E5%8C%97%E6%B5%B7%E9%81%93%E8%99%BB%E7%94%B0%E9%83%A1%E5%80%B6%E7%9F%A5%E5%AE%89%E7%94%BA%E5%B2%A9%E5%B0%BE%E5%88%A5%E5%AD%97328-47%20%E3%83%91%E3%83%BC%E3%82%AF%20%E3%83%8F%E3%82%A4%E3%82%A2%E3%83%83%E3%83%88%20%E3%83%8B%E3%82%BB%E3%82%B3%20HANAZONO%20%E3%83%AC%E3%82%B8%E3%83%87%E3%83%B3%E3%82%B9%E6%A3%9F%201F,42.8934206,140.6996300,2023 | 2025,フレンチ EAST,french_east,発表日：2023年6月12日 | 発表日：2025年6月10日
ル・ミュゼ・イデア,北海道札幌市中央区宮の森一条14-3-20 ル・ミュゼ 2F,食べログ 百名店: 2023 | 2025 / フレンチ EAST,https://tabelog.com/hokkaido/A0101/A010105/1064856/,https://tabelog.com/hokkaido/A0101/A010105/1064856/?cid=google_yoyaku,https://www.google.com/maps/search/?api=1&query=%E3%83%AB%E3%83%BB%E3%83%9F%E3%83%A5%E3%82%BC%E3%83%BB%E3%82%A4%E3%83%87%E3%82%A2%20%E5%8C%97%E6%B5%B7%E9%81%93%E6%9C%AD%E5%B9%8C%E5%B8%82%E4%B8%AD%E5%A4%AE%E5%8C%BA%E5%AE%AE%E3%81%AE%E6%A3%AE%E4%B8%80%E6%9D%A114-3-20%20%E3%83%AB%E3%83%BB%E3%83%9F%E3%83%A5%E3%82%BC%202F,43.0498516,141.2989908,2023 | 2025,フレンチ EAST,french_east,発表日：2023年6月12日 | 発表日：2025年6月10日
meli melo,北海道札幌市中央区南3西3-11 メッセビル 2F,食べログ 百名店: 2023 | 2025 / フレンチ EAST,https://tabelog.com/hokkaido/A0101/A010102/1063472/,https://tabelog.com/hokkaido/A0101/A010102/1063472/?cid=google_yoyaku,https://www.google.com/maps/search/?api=1&query=meli%20melo%20%E5%8C%97%E6%B5%B7%E9%81%93%E6%9C%AD%E5%B9%8C%E5%B8%82%E4%B8%AD%E5%A4%AE%E5%8C%BA%E5%8D%973%E8%A5%BF3-11%20%E3%83%A1%E3%83%83%E3%82%BB%E3%83%93%E3%83%AB%202F,43.0572948,141.3542589,2023 | 2025,フレンチ EAST,french_east,発表日：2023年6月12日 | 発表日：2025年6月10日
フェネトレ,北海道標津郡中標津町緑町南1-2-29,食べログ 百名店: 2023 | 2025 / フレンチ EAST,https://tabelog.com/hokkaido/A0112/A011204/1064822/,https://yoyaku.tabelog.com/yoyaku/tabelog_booking/send_remind/,https://www.google.com/maps/search/?api=1&query=%E3%83%95%E3%82%A7%E3%83%8D%E3%83%88%E3%83%AC%20%E5%8C%97%E6%B5%B7%E9%81%93%E6%A8%99%E6%B4%A5%E9%83%A1%E4%B8%AD%E6%A8%99%E6%B4%A5%E7%94%BA%E7%B7%91%E7%94%BA%E5%8D%971-2-29,43.5351809,144.9621272,2023 | 2025,フレンチ EAST,french_east,発表日：2023年6月12日 | 発表日：2025年6月10日
プチレストラン ブーケ・ド・フランス,青森県青森市虹ヶ丘1-10-7,食べログ 百名店: 2023 | 2025 / フレンチ EAST,https://tabelog.com/aomori/A0201/A020101/2000155/,https://tabelog.com/aomori/A0201/A020101/2000155/?cid=google_yoyaku,https://www.google.com/maps/search/?api=1&query=%E3%83%97%E3%83%81%E3%83%AC%E3%82%B9%E3%83%88%E3%83%A9%E3%83%B3%20%E3%83%96%E3%83%BC%E3%82%B1%E3%83%BB%E3%83%89%E3%83%BB%E3%83%95%E3%83%A9%E3%83%B3%E3%82%B9%20%E9%9D%92%E6%A3%AE%E7%9C%8C%E9%9D%92%E6%A3%AE%E5%B8%82%E8%99%B9%E3%83%B6%E4%B8%981-10-7,40.8115895,140.7934418,2023 | 2025,フレンチ EAST,french_east,発表日：2023年6月12日 | 発表日：2025年6月10日
arkua,宮城県仙台市青葉区国分町3-5-22 清野ビルディング 1F,食べログ 百名店: 2023 | 2025 / フレンチ EAST,https://tabelog.com/miyagi/A0401/A040101/4025238/,https://tabelog.com/miyagi/A0401/A040101/4025238/?cid=google_yoyaku,https://www.google.com/maps/search/?api=1&query=arkua%20%E5%AE%AE%E5%9F%8E%E7%9C%8C%E4%BB%99%E5%8F%B0%E5%B8%82%E9%9D%92%E8%91%89%E5%8C%BA%E5%9B%BD%E5%88%86%E7%94%BA3-5-22%20%E6%B8%85%E9%87%8E%E3%83%93%E3%83%AB%E3%83%87%E3%82%A3%E3%83%B3%E3%82%B0%201F,38.2666920,140.8677103,2023 | 2025,フレンチ EAST,french_east,発表日：2023年6月12日 | 発表日：2025年6月10日
くりーむ童話,北海道川上郡弟子屈町字跡佐登原野65線71-3,食べログ 百名店: 2023 / アイス・ジェラート,https://tabelog.com/hokkaido/A0112/A011202/1001212/,https://yoyaku.tabelog.com/yoyaku/tabelog_booking/send_remind/,https://www.google.com/maps/search/?api=1&query=%E3%81%8F%E3%82%8A%E3%83%BC%E3%82%80%E7%AB%A5%E8%A9%B1%20%E5%8C%97%E6%B5%B7%E9%81%93%E5%B7%9D%E4%B8%8A%E9%83%A1%E5%BC%9F%E5%AD%90%E5%B1%88%E7%94%BA%E5%AD%97%E8%B7%A1%E4%BD%90%E7%99%BB%E5%8E%9F%E9%87%8E65%E7%B7%9A71-3,43.6236892,144.4582228,2023,アイス・ジェラート,ice_gelato,発表日：2023年8月1日
牛小屋のアイス,北海道夕張郡由仁町中三川219,食べログ 百名店: 2023 / アイス・ジェラート,https://tabelog.com/hokkaido/A0107/A010704/1001659/,https://yoyaku.tabelog.com/yoyaku/tabelog_booking/send_remind/,https://www.google.com/maps/search/?api=1&query=%E7%89%9B%E5%B0%8F%E5%B1%8B%E3%81%AE%E3%82%A2%E3%82%A4%E3%82%B9%20%E5%8C%97%E6%B5%B7%E9%81%93%E5%A4%95%E5%BC%B5%E9%83%A1%E7%94%B1%E4%BB%81%E7%94%BA%E4%B8%AD%E4%B8%89%E5%B7%9D219,42.9485917,141.8369209,2023,アイス・ジェラート,ice_gelato,発表日：2023年8月1日
ジェラート ナチュレ ドゥーエ,青森県青森市柳川1-4-2 A-FACTORY,食べログ 百名店: 2023 / アイス・ジェラート,https://tabelog.com/aomori/A0201/A020101/2008523/,https://yoyaku.tabelog.com/yoyaku/tabelog_booking/send_remind/,https://www.google.com/maps/search/?api=1&query=%E3%82%B8%E3%82%A7%E3%83%A9%E3%83%BC%E3%83%88%20%E3%83%8A%E3%83%81%E3%83%A5%E3%83%AC%20%E3%83%89%E3%82%A5%E3%83%BC%E3%82%A8%20%E9%9D%92%E6%A3%AE%E7%9C%8C%E9%9D%92%E6%A3%AE%E5%B8%82%E6%9F%B3%E5%B7%9D1-4-2%20A-FACTORY,40.8302056,140.7350464,2023,アイス・ジェラート,ice_gelato,発表日：2023年8月1日
ミルティーロ,北海道千歳市長都2,食べログ 百名店: 2023 / アイス・ジェラート,https://tabelog.com/hokkaido/A0107/A010701/1041798/,https://yoyaku.tabelog.com/yoyaku/tabelog_booking/send_remind/,https://www.google.com/maps/search/?api=1&query=%E3%83%9F%E3%83%AB%E3%83%86%E3%82%A3%E3%83%BC%E3%83%AD%20%E5%8C%97%E6%B5%B7%E9%81%93%E5%8D%83%E6%AD%B3%E5%B8%82%E9%95%B7%E9%83%BD2,42.8656296,141.6250488,2023,アイス・ジェラート,ice_gelato,発表日：2023年8月1日
ナチュレ,青森県青森市新町1-6-22,食べログ 百名店: 2023 / アイス・ジェラート,https://tabelog.com/aomori/A0201/A020101/2000818/,https://yoyaku.tabelog.com/yoyaku/tabelog_booking/send_remind/,https://www.google.com/maps/search/?api=1&query=%E3%83%8A%E3%83%81%E3%83%A5%E3%83%AC%20%E9%9D%92%E6%A3%AE%E7%9C%8C%E9%9D%92%E6%A3%AE%E5%B8%82%E6%96%B0%E7%94%BA1-6-22,40.8266376,140.7361944,2023,アイス・ジェラート,ice_gelato,発表日：2023年8月1日
バーンズ,北海道札幌市中央区宮の森4条10-4-16,食べログ 百名店: 2023 / アイス・ジェラート,https://tabelog.com/hokkaido/A0101/A010105/1052811/,https://yoyaku.tabelog.com/yoyaku/tabelog_booking/send_remind/,https://www.google.com/maps/search/?api=1&query=%E3%83%90%E3%83%BC%E3%83%B3%E3%82%BA%20%E5%8C%97%E6%B5%B7%E9%81%93%E6%9C%AD%E5%B9%8C%E5%B8%82%E4%B8%AD%E5%A4%AE%E5%8C%BA%E5%AE%AE%E3%81%AE%E6%A3%AE4%E6%9D%A110-4-16,43.0608049,141.2969406,2023,アイス・ジェラート,ice_gelato,発表日：2023年8月1日
レークヒル・ファーム,北海道虻田郡洞爺湖町花和127,食べログ 百名店: 2023 / アイス・ジェラート,https://tabelog.com/hokkaido/A0108/A010801/1001086/,https://yoyaku.tabelog.com/yoyaku/tabelog_booking/send_remind/,https://www.google.com/maps/search/?api=1&query=%E3%83%AC%E3%83%BC%E3%82%AF%E3%83%92%E3%83%AB%E3%83%BB%E3%83%95%E3%82%A1%E3%83%BC%E3%83%A0%20%E5%8C%97%E6%B5%B7%E9%81%93%E8%99%BB%E7%94%B0%E9%83%A1%E6%B4%9E%E7%88%BA%E6%B9%96%E7%94%BA%E8%8A%B1%E5%92%8C127,42.6155406,140.7865005,2023,アイス・ジェラート,ice_gelato,発表日：2023年8月1日
ジェラテリア ジェリーム 西野店,北海道札幌市西区西野3条7丁目5-11-3,食べログ 百名店: 2023 / アイス・ジェラート,https://tabelog.com/hokkaido/A0101/A010204/1028526/,https://yoyaku.tabelog.com/yoyaku/tabelog_booking/send_remind/,https://www.google.com/maps/search/?api=1&query=%E3%82%B8%E3%82%A7%E3%83%A9%E3%83%86%E3%83%AA%E3%82%A2%20%E3%82%B8%E3%82%A7%E3%83%AA%E3%83%BC%E3%83%A0%20%E8%A5%BF%E9%87%8E%E5%BA%97%20%E5%8C%97%E6%B5%B7%E9%81%93%E6%9C%AD%E5%B9%8C%E5%B8%82%E8%A5%BF%E5%8C%BA%E8%A5%BF%E9%87%8E3%E6%9D%A17%E4%B8%81%E7%9B%AE5-11-3,43.0772921,141.2735671,2023,アイス・ジェラート,ice_gelato,発表日：2023年8月1日
ルヒエル,北海道虻田郡倶知安町字山田34-62,食べログ 百名店: 2023 / アイス・ジェラート,https://tabelog.com/hokkaido/A0106/A010603/1003308/,https://yoyaku.tabelog.com/yoyaku/tabelog_booking/send_remind/,https://www.google.com/maps/search/?api=1&query=%E3%83%AB%E3%83%92%E3%82%A8%E3%83%AB%20%E5%8C%97%E6%B5%B7%E9%81%93%E8%99%BB%E7%94%B0%E9%83%A1%E5%80%B6%E7%9F%A5%E5%AE%89%E7%94%BA%E5%AD%97%E5%B1%B1%E7%94%B034-62,42.8712139,140.7251106,2023,アイス・ジェラート,ice_gelato,発表日：2023年8月1日
ミルク&パフェ よつ葉ホワイトコージ 新千歳空港店,北海道千歳市美々987-22 新千歳空港ターミナルビル 2F,食べログ 百名店: 2023 / アイス・ジェラート,https://tabelog.com/hokkaido/A0107/A010701/1034629/,https://yoyaku.tabelog.com/yoyaku/tabelog_booking/send_remind/,https://www.google.com/maps/search/?api=1&query=%E3%83%9F%E3%83%AB%E3%82%AF%26%E3%83%91%E3%83%95%E3%82%A7%20%E3%82%88%E3%81%A4%E8%91%89%E3%83%9B%E3%83%AF%E3%82%A4%E3%83%88%E3%82%B3%E3%83%BC%E3%82%B8%20%E6%96%B0%E5%8D%83%E6%AD%B3%E7%A9%BA%E6%B8%AF%E5%BA%97%20%E5%8C%97%E6%B5%B7%E9%81%93%E5%8D%83%E6%AD%B3%E5%B8%82%E7%BE%8E%E3%80%85987-22%20%E6%96%B0%E5%8D%83%E6%AD%B3%E7%A9%BA%E6%B8%AF%E3%82%BF%E3%83%BC%E3%83%9F%E3%83%8A%E3%83%AB%E3%83%93%E3%83%AB%202F,42.7871375,141.6803382,2023,アイス・ジェラート,ice_gelato,発表日：2023年8月1日
まきばのジャージー,福島県伊達市霊山町石田字川面1-1,食べログ 百名店: 2023 / アイス・ジェラート,https://tabelog.com/fukushima/A0701/A070102/7000033/,https://yoyaku.tabelog.com/yoyaku/tabelog_booking/send_remind/,https://www.google.com/maps/search/?api=1&query=%E3%81%BE%E3%81%8D%E3%81%B0%E3%81%AE%E3%82%B8%E3%83%A3%E3%83%BC%E3%82%B8%E3%83%BC%20%E7%A6%8F%E5%B3%B6%E7%9C%8C%E4%BC%8A%E9%81%94%E5%B8%82%E9%9C%8A%E5%B1%B1%E7%94%BA%E7%9F%B3%E7%94%B0%E5%AD%97%E5%B7%9D%E9%9D%A21-1,37.7554353,140.6935562,2023,アイス・ジェラート,ice_gelato,発表日：2023年8月1日
山中牧場 小樽店,北海道小樽市色内1丁目6-18,食べログ 百名店: 2023 / アイス・ジェラート,https://tabelog.com/hokkaido/A0106/A010601/1007557/,https://yoyaku.tabelog.com/yoyaku/tabelog_booking/send_remind/,https://www.google.com/maps/search/?api=1&query=%E5%B1%B1%E4%B8%AD%E7%89%A7%E5%A0%B4%20%E5%B0%8F%E6%A8%BD%E5%BA%97%20%E5%8C%97%E6%B5%B7%E9%81%93%E5%B0%8F%E6%A8%BD%E5%B8%82%E8%89%B2%E5%86%851%E4%B8%81%E7%9B%AE6-18,43.1991255,140.9993519,2023,アイス・ジェラート,ice_gelato,発表日：2023年8月1日
ウエモンズ ハート,北海道帯広市西二十三条南6-13 リバティヒル　広瀬牧場内,食べログ 百名店: 2023 / アイス・ジェラート,https://tabelog.com/hokkaido/A0111/A011101/1000900/,https://yoyaku.tabelog.com/yoyaku/tabelog_booking/send_remind/,https://www.google.com/maps/search/?api=1&query=%E3%82%A6%E3%82%A8%E3%83%A2%E3%83%B3%E3%82%BA%20%E3%83%8F%E3%83%BC%E3%83%88%20%E5%8C%97%E6%B5%B7%E9%81%93%E5%B8%AF%E5%BA%83%E5%B8%82%E8%A5%BF%E4%BA%8C%E5%8D%81%E4%B8%89%E6%9D%A1%E5%8D%976-13%20%E3%83%AA%E3%83%90%E3%83%86%E3%82%A3%E3%83%92%E3%83%AB%E3%80%80%E5%BA%83%E7%80%AC%E7%89%A7%E5%A0%B4%E5%86%85,42.8970906,143.1321489,2023,アイス・ジェラート,ice_gelato,発表日：2023年8月1日
Gelateria Rimo 網走本店,北海道網走市呼人418,食べログ 百名店: 2023 / アイス・ジェラート,https://tabelog.com/hokkaido/A0110/A011001/1007155/,https://yoyaku.tabelog.com/yoyaku/tabelog_booking/send_remind/,https://www.google.com/maps/search/?api=1&query=Gelateria%20Rimo%20%E7%B6%B2%E8%B5%B0%E6%9C%AC%E5%BA%97%20%E5%8C%97%E6%B5%B7%E9%81%93%E7%B6%B2%E8%B5%B0%E5%B8%82%E5%91%BC%E4%BA%BA418,43.9562253,144.2180012,2023,アイス・ジェラート,ice_gelato,発表日：2023年8月1日
アイスクリームパーラー美園,北海道小樽市稲穂2-12-15,食べログ 百名店: 2023 / アイス・ジェラート,https://tabelog.com/hokkaido/A0106/A010601/1000343/,https://yoyaku.tabelog.com/yoyaku/tabelog_booking/send_remind/,https://www.google.com/maps/search/?api=1&query=%E3%82%A2%E3%82%A4%E3%82%B9%E3%82%AF%E3%83%AA%E3%83%BC%E3%83%A0%E3%83%91%E3%83%BC%E3%83%A9%E3%83%BC%E7%BE%8E%E5%9C%92%20%E5%8C%97%E6%B5%B7%E9%81%93%E5%B0%8F%E6%A8%BD%E5%B8%82%E7%A8%B2%E7%A9%822-12-15,43.1975979,140.9961696,2023,アイス・ジェラート,ice_gelato,発表日：2023年8月1日
ファーム富田,北海道空知郡中富良野町北星,食べログ 百名店: 2023 / アイス・ジェラート,https://tabelog.com/hokkaido/A0104/A010403/1002223/,https://yoyaku.tabelog.com/yoyaku/tabelog_booking/send_remind/,https://www.google.com/maps/search/?api=1&query=%E3%83%95%E3%82%A1%E3%83%BC%E3%83%A0%E5%AF%8C%E7%94%B0%20%E5%8C%97%E6%B5%B7%E9%81%93%E7%A9%BA%E7%9F%A5%E9%83%A1%E4%B8%AD%E5%AF%8C%E8%89%AF%E9%87%8E%E7%94%BA%E5%8C%97%E6%98%9F,43.4182569,142.4280495,2023,アイス・ジェラート,ice_gelato,発表日：2023年8月1日
松ぼっくり,岩手県岩手郡雫石町長山早坂70-48,食べログ 百名店: 2023 / アイス・ジェラート,https://tabelog.com/iwate/A0301/A030102/3000613/,https://yoyaku.tabelog.com/yoyaku/tabelog_booking/send_remind/,https://www.google.com/maps/search/?api=1&query=%E6%9D%BE%E3%81%BC%E3%81%A3%E3%81%8F%E3%82%8A%20%E5%B2%A9%E6%89%8B%E7%9C%8C%E5%B2%A9%E6%89%8B%E9%83%A1%E9%9B%AB%E7%9F%B3%E7%94%BA%E9%95%B7%E5%B1%B1%E6%97%A9%E5%9D%8270-48,39.7712183,140.9580474,2023,アイス・ジェラート,ice_gelato,発表日：2023年8月1日
caffe kaiyodai,北海道標津郡中標津町字開陽,食べログ 百名店: 2023 / アイス・ジェラート,https://tabelog.com/hokkaido/A0112/A011204/1008194/,https://yoyaku.tabelog.com/yoyaku/tabelog_booking/send_remind/,https://www.google.com/maps/search/?api=1&query=caffe%20kaiyodai%20%E5%8C%97%E6%B5%B7%E9%81%93%E6%A8%99%E6%B4%A5%E9%83%A1%E4%B8%AD%E6%A8%99%E6%B4%A5%E7%94%BA%E5%AD%97%E9%96%8B%E9%99%BD,43.6139402,144.8703119,2023,アイス・ジェラート,ice_gelato,発表日：2023年8月1日
山中牧場,北海道余市郡赤井川村字落合478,食べログ 百名店: 2023 / アイス・ジェラート,https://tabelog.com/hokkaido/A0106/A010602/1001152/,https://yoyaku.tabelog.com/yoyaku/tabelog_booking/send_remind/,https://www.google.com/maps/search/?api=1&query=%E5%B1%B1%E4%B8%AD%E7%89%A7%E5%A0%B4%20%E5%8C%97%E6%B5%B7%E9%81%93%E4%BD%99%E5%B8%82%E9%83%A1%E8%B5%A4%E4%BA%95%E5%B7%9D%E6%9D%91%E5%AD%97%E8%90%BD%E5%90%88478,43.0866013,140.9198472,2023,アイス・ジェラート,ice_gelato,発表日：2023年8月1日
テアトロ ディ マッサ,北海道札幌市中央区南3条西8-7 大洋ビル 2F,食べログ 百名店: 2023 | 2025 / イタリアン EAST,https://tabelog.com/hokkaido/A0101/A010103/1045656/,https://tabelog.com/hokkaido/A0101/A010103/1045656/?cid=google_yoyaku,https://www.google.com/maps/search/?api=1&query=%E3%83%86%E3%82%A2%E3%83%88%E3%83%AD%20%E3%83%87%E3%82%A3%20%E3%83%9E%E3%83%83%E3%82%B5%20%E5%8C%97%E6%B5%B7%E9%81%93%E6%9C%AD%E5%B9%8C%E5%B8%82%E4%B8%AD%E5%A4%AE%E5%8C%BA%E5%8D%973%E6%9D%A1%E8%A5%BF8-7%20%E5%A4%A7%E6%B4%8B%E3%83%93%E3%83%AB%202F,43.0561364,141.3465507,2023 | 2025,イタリアン EAST,italian_east,発表日：2023年4月11日 | 発表日：2025年4月22日
f,秋田県秋田市中通5-5-31 KMビル 3F,食べログ 百名店: 2023 | 2025 / イタリアン EAST,https://tabelog.com/akita/A0501/A050101/5009499/,https://tabelog.com/akita/A0501/A050101/5009499/?cid=google_yoyaku,https://www.google.com/maps/search/?api=1&query=f%20%E7%A7%8B%E7%94%B0%E7%9C%8C%E7%A7%8B%E7%94%B0%E5%B8%82%E4%B8%AD%E9%80%9A5-5-31%20KM%E3%83%93%E3%83%AB%203F,39.7120953,140.1194171,2023 | 2025,イタリアン EAST,italian_east,発表日：2023年4月11日 | 発表日：2025年4月22日
エノテカ・ラ・リコルマ,北海道函館市富岡町2-33-12,食べログ 百名店: 2023 | 2025 / イタリアン EAST,https://tabelog.com/hokkaido/A0105/A010501/1002207/,https://yoyaku.tabelog.com/yoyaku/tabelog_booking/send_remind/,https://www.google.com/maps/search/?api=1&query=%E3%82%A8%E3%83%8E%E3%83%86%E3%82%AB%E3%83%BB%E3%83%A9%E3%83%BB%E3%83%AA%E3%82%B3%E3%83%AB%E3%83%9E%20%E5%8C%97%E6%B5%B7%E9%81%93%E5%87%BD%E9%A4%A8%E5%B8%82%E5%AF%8C%E5%B2%A1%E7%94%BA2-33-12,41.8051098,140.7510605,2023 | 2025,イタリアン EAST,italian_east,発表日：2023年4月11日 | 発表日：2025年4月22日
FERRAGOSTO,福島県須賀川市大町244-1,食べログ 百名店: 2023 / イタリアン EAST,https://tabelog.com/fukushima/A0702/A070202/7010876/,https://yoyaku.tabelog.com/yoyaku/tabelog_booking/send_remind/,https://www.google.com/maps/search/?api=1&query=FERRAGOSTO%20%E7%A6%8F%E5%B3%B6%E7%9C%8C%E9%A0%88%E8%B3%80%E5%B7%9D%E5%B8%82%E5%A4%A7%E7%94%BA244-1,37.2855133,140.3752088,2023,イタリアン EAST,italian_east,発表日：2023年4月11日
ラ クチーナ ヴェンティトレ,北海道函館市柳町14-23,食べログ 百名店: 2023 | 2025 / イタリアン EAST,https://tabelog.com/hokkaido/A0105/A010501/1014060/,https://yoyaku.tabelog.com/yoyaku/tabelog_booking/send_remind/,https://www.google.com/maps/search/?api=1&query=%E3%83%A9%20%E3%82%AF%E3%83%81%E3%83%BC%E3%83%8A%20%E3%83%B4%E3%82%A7%E3%83%B3%E3%83%86%E3%82%A3%E3%83%88%E3%83%AC%20%E5%8C%97%E6%B5%B7%E9%81%93%E5%87%BD%E9%A4%A8%E5%B8%82%E6%9F%B3%E7%94%BA14-23,41.7925386,140.7653397,2023 | 2025,イタリアン EAST,italian_east,発表日：2023年4月11日 | 発表日：2025年4月22日
TAKAO,北海道札幌市中央区南3条西23-2-10 Condo Maruyama KIRARI 1F,食べログ 百名店: 2023 | 2025 / イタリアン EAST,https://tabelog.com/hokkaido/A0101/A010105/1051245/,https://yoyaku.tabelog.com/yoyaku/tabelog_booking/send_remind/,https://www.google.com/maps/search/?api=1&query=TAKAO%20%E5%8C%97%E6%B5%B7%E9%81%93%E6%9C%AD%E5%B9%8C%E5%B8%82%E4%B8%AD%E5%A4%AE%E5%8C%BA%E5%8D%973%E6%9D%A1%E8%A5%BF23-2-10%20Condo%20Maruyama%20KIRARI%201F,43.0533076,141.3227527,2023 | 2025,イタリアン EAST,italian_east,発表日：2023年4月11日 | 発表日：2025年4月22日
パルコ フィエラ,北海道札幌市手稲区稲穂1条4-8-10,食べログ 百名店: 2023 | 2025 / イタリアン EAST,https://tabelog.com/hokkaido/A0101/A010203/1064202/,https://yoyaku.tabelog.com/yoyaku/tabelog_booking/send_remind/,https://www.google.com/maps/search/?api=1&query=%E3%83%91%E3%83%AB%E3%82%B3%20%E3%83%95%E3%82%A3%E3%82%A8%E3%83%A9%20%E5%8C%97%E6%B5%B7%E9%81%93%E6%9C%AD%E5%B9%8C%E5%B8%82%E6%89%8B%E7%A8%B2%E5%8C%BA%E7%A8%B2%E7%A9%821%E6%9D%A14-8-10,43.1274894,141.2232828,2023 | 2025,イタリアン EAST,italian_east,発表日：2023年4月11日 | 発表日：2025年4月22日
おのひづめ,岩手県遠野市新穀町2-1,食べログ 百名店: 2023 | 2025 / イタリアン EAST,https://tabelog.com/iwate/A0302/A030203/3011180/,https://tabelog.com/iwate/A0302/A030203/3011180/?cid=google_yoyaku,https://www.google.com/maps/search/?api=1&query=%E3%81%8A%E3%81%AE%E3%81%B2%E3%81%A5%E3%82%81%20%E5%B2%A9%E6%89%8B%E7%9C%8C%E9%81%A0%E9%87%8E%E5%B8%82%E6%96%B0%E7%A9%80%E7%94%BA2-1,39.3312777,141.5306705,2023 | 2025,イタリアン EAST,italian_east,発表日：2023年4月11日 | 発表日：2025年4月22日
トラットリア ダ オクムラ,北海道-札幌市中央区南2条西4 乙井ビル B1F,食べログ 百名店: 2023 | 2025 / イタリアン EAST,https://tabelog.com/hokkaido/A0101/A010103/1057270/,https://yoyaku.tabelog.com/yoyaku/tabelog_booking/send_remind/,https://www.google.com/maps/search/?api=1&query=%E3%83%88%E3%83%A9%E3%83%83%E3%83%88%E3%83%AA%E3%82%A2%20%E3%83%80%20%E3%82%AA%E3%82%AF%E3%83%A0%E3%83%A9%20%E5%8C%97%E6%B5%B7%E9%81%93-%E6%9C%AD%E5%B9%8C%E5%B8%82%E4%B8%AD%E5%A4%AE%E5%8C%BA%E5%8D%972%E6%9D%A1%E8%A5%BF4%20%E4%B9%99%E4%BA%95%E3%83%93%E3%83%AB%20B1F,43.0578351,141.3515952,2023 | 2025,イタリアン EAST,italian_east,発表日：2023年4月11日 | 発表日：2025年4月22日
affetto akita,秋田県由利本荘市本荘64 AIBAビル 1F,食べログ 百名店: 2023 | 2025 / イタリアン EAST,https://tabelog.com/akita/A0506/A050601/5008365/,https://tabelog.com/akita/A0506/A050601/5008365/?cid=google_yoyaku,https://www.google.com/maps/search/?api=1&query=affetto%20akita%20%E7%A7%8B%E7%94%B0%E7%9C%8C%E7%94%B1%E5%88%A9%E6%9C%AC%E8%8D%98%E5%B8%82%E6%9C%AC%E8%8D%9864%20AIBA%E3%83%93%E3%83%AB%201F,39.3919248,140.0474341,2023 | 2025,イタリアン EAST,italian_east,発表日：2023年4月11日 | 発表日：2025年4月22日
Ristorante SHIKAZAWA,岩手県盛岡市菜園2-4-6,食べログ 百名店: 2023 | 2025 / イタリアン EAST,https://tabelog.com/iwate/A0301/A030101/3006532/,https://yoyaku.tabelog.com/yoyaku/tabelog_booking/send_remind/,https://www.google.com/maps/search/?api=1&query=Ristorante%20SHIKAZAWA%20%E5%B2%A9%E6%89%8B%E7%9C%8C%E7%9B%9B%E5%B2%A1%E5%B8%82%E8%8F%9C%E5%9C%922-4-6,39.7020382,141.1462095,2023 | 2025,イタリアン EAST,italian_east,発表日：2023年4月11日 | 発表日：2025年4月22日
マガーリ,北海道札幌市中央区大通西14丁目1-14 NEOビル1F,食べログ 百名店: 2023 | 2025 / イタリアン EAST,https://tabelog.com/hokkaido/A0101/A010102/1057726/,https://yoyaku.tabelog.com/yoyaku/tabelog_booking/send_remind/,https://www.google.com/maps/search/?api=1&query=%E3%83%9E%E3%82%AC%E3%83%BC%E3%83%AA%20%E5%8C%97%E6%B5%B7%E9%81%93%E6%9C%AD%E5%B9%8C%E5%B8%82%E4%B8%AD%E5%A4%AE%E5%8C%BA%E5%A4%A7%E9%80%9A%E8%A5%BF14%E4%B8%81%E7%9B%AE1-14%20NEO%E3%83%93%E3%83%AB1F,43.0577713,141.3361143,2023 | 2025,イタリアン EAST,italian_east,発表日：2023年4月11日 | 発表日：2025年4月22日
FRUTTO,秋田県秋田市中通4-17-30,食べログ 百名店: 2023 | 2025 / イタリアン EAST,https://tabelog.com/akita/A0501/A050101/5008651/,https://yoyaku.tabelog.com/yoyaku/tabelog_booking/send_remind/,https://www.google.com/maps/search/?api=1&query=FRUTTO%20%E7%A7%8B%E7%94%B0%E7%9C%8C%E7%A7%8B%E7%94%B0%E5%B8%82%E4%B8%AD%E9%80%9A4-17-30,39.7147201,140.1277102,2023 | 2025,イタリアン EAST,italian_east,発表日：2023年4月11日 | 発表日：2025年4月22日
カーサ ディ ヤマウチ,青森県青森市中央2-16-16,食べログ 百名店: 2023 / イタリアン EAST,https://tabelog.com/aomori/A0201/A020101/2010596/,https://yoyaku.tabelog.com/yoyaku/tabelog_booking/send_remind/,https://www.google.com/maps/search/?api=1&query=%E3%82%AB%E3%83%BC%E3%82%B5%20%E3%83%87%E3%82%A3%20%E3%83%A4%E3%83%9E%E3%82%A6%E3%83%81%20%E9%9D%92%E6%A3%AE%E7%9C%8C%E9%9D%92%E6%A3%AE%E5%B8%82%E4%B8%AD%E5%A4%AE2-16-16,40.8203154,140.7501553,2023,イタリアン EAST,italian_east,発表日：2023年4月11日
レスタジョーニ ハングリータイガー,秋田県秋田市川尻大川町1-39 1F,食べログ 百名店: 2023 / イタリアン EAST,https://tabelog.com/akita/A0501/A050101/5000478/,https://yoyaku.tabelog.com/yoyaku/tabelog_booking/send_remind/,https://www.google.com/maps/search/?api=1&query=%E3%83%AC%E3%82%B9%E3%82%BF%E3%82%B8%E3%83%A7%E3%83%BC%E3%83%8B%20%E3%83%8F%E3%83%B3%E3%82%B0%E3%83%AA%E3%83%BC%E3%82%BF%E3%82%A4%E3%82%AC%E3%83%BC%20%E7%A7%8B%E7%94%B0%E7%9C%8C%E7%A7%8B%E7%94%B0%E5%B8%82%E5%B7%9D%E5%B0%BB%E5%A4%A7%E5%B7%9D%E7%94%BA1-39%201F,39.7133780,140.0929289,2023,イタリアン EAST,italian_east,発表日：2023年4月11日
おしゃべりきのこ,秋田県秋田市山王中島町7-22,食べログ 百名店: 2023 / イタリアン EAST,https://tabelog.com/akita/A0501/A050101/5009862/,https://yoyaku.tabelog.com/yoyaku/tabelog_booking/send_remind/,https://www.google.com/maps/search/?api=1&query=%E3%81%8A%E3%81%97%E3%82%83%E3%81%B9%E3%82%8A%E3%81%8D%E3%81%AE%E3%81%93%20%E7%A7%8B%E7%94%B0%E7%9C%8C%E7%A7%8B%E7%94%B0%E5%B8%82%E5%B1%B1%E7%8E%8B%E4%B8%AD%E5%B3%B6%E7%94%BA7-22,39.7167839,140.0910781,2023,イタリアン EAST,italian_east,発表日：2023年4月11日
アルチェントロ,青森県青森市長島2-15-2,食べログ 百名店: 2023 | 2025 / イタリアン EAST,https://tabelog.com/aomori/A0201/A020101/2005075/,https://yoyaku.tabelog.com/yoyaku/tabelog_booking/send_remind/,https://www.google.com/maps/search/?api=1&query=%E3%82%A2%E3%83%AB%E3%83%81%E3%82%A7%E3%83%B3%E3%83%88%E3%83%AD%20%E9%9D%92%E6%A3%AE%E7%9C%8C%E9%9D%92%E6%A3%AE%E5%B8%82%E9%95%B7%E5%B3%B62-15-2,40.8218938,140.7422332,2023 | 2025,イタリアン EAST,italian_east,発表日：2023年4月11日 | 発表日：2025年4月22日
御宿かわせみ,福島県福島市飯坂町字小川端2-14 御宿かわせみ,食べログ 百名店: 2023 / 日本料理 EAST,https://tabelog.com/fukushima/A0701/A070101/7001326/,https://yoyaku.tabelog.com/yoyaku/tabelog_booking/send_remind/,https://www.google.com/maps/search/?api=1&query=%E5%BE%A1%E5%AE%BF%E3%81%8B%E3%82%8F%E3%81%9B%E3%81%BF%20%E7%A6%8F%E5%B3%B6%E7%9C%8C%E7%A6%8F%E5%B3%B6%E5%B8%82%E9%A3%AF%E5%9D%82%E7%94%BA%E5%AD%97%E5%B0%8F%E5%B7%9D%E7%AB%AF2-14%20%E5%BE%A1%E5%AE%BF%E3%81%8B%E3%82%8F%E3%81%9B%E3%81%BF,37.8228168,140.4539333,2023,日本料理 EAST,japanese_east,発表日：2023年3月2日
御料理 ふじ田,北海道札幌市中央区南6条西21-4-6,食べログ 百名店: 2023 | 2025 / 日本料理 EAST,https://tabelog.com/hokkaido/A0101/A010105/1060134/,https://tabelog.com/hokkaido/A0101/A010105/1060134/?cid=google_yoyaku,https://www.google.com/maps/search/?api=1&query=%E5%BE%A1%E6%96%99%E7%90%86%20%E3%81%B5%E3%81%98%E7%94%B0%20%E5%8C%97%E6%B5%B7%E9%81%93%E6%9C%AD%E5%B9%8C%E5%B8%82%E4%B8%AD%E5%A4%AE%E5%8C%BA%E5%8D%976%E6%9D%A1%E8%A5%BF21-4-6,43.0495490,141.3265980,2023 | 2025,日本料理 EAST,japanese_east,発表日：2023年3月2日 | 発表日：2025年3月25日
こふく,福島県郡山市駅前1-1-12 陣屋エクセレント 1F,食べログ 百名店: 2023 / 日本料理 EAST,https://tabelog.com/fukushima/A0702/A070201/7011015/,https://yoyaku.tabelog.com/yoyaku/tabelog_booking/send_remind/,https://www.google.com/maps/search/?api=1&query=%E3%81%93%E3%81%B5%E3%81%8F%20%E7%A6%8F%E5%B3%B6%E7%9C%8C%E9%83%A1%E5%B1%B1%E5%B8%82%E9%A7%85%E5%89%8D1-1-12%20%E9%99%A3%E5%B1%8B%E3%82%A8%E3%82%AF%E3%82%BB%E3%83%AC%E3%83%B3%E3%83%88%201F,37.3965133,140.3856005,2023,日本料理 EAST,japanese_east,発表日：2023年3月2日
花がすみ,秋田県秋田市中通4-13-12,食べログ 百名店: 2023 / 日本料理 EAST,https://tabelog.com/akita/A0501/A050101/5007119/,https://yoyaku.tabelog.com/yoyaku/tabelog_booking/send_remind/,https://www.google.com/maps/search/?api=1&query=%E8%8A%B1%E3%81%8C%E3%81%99%E3%81%BF%20%E7%A7%8B%E7%94%B0%E7%9C%8C%E7%A7%8B%E7%94%B0%E5%B8%82%E4%B8%AD%E9%80%9A4-13-12,39.7154608,140.1268425,2023,日本料理 EAST,japanese_east,発表日：2023年3月2日
日本料理 新茶家,岩手県奥州市江刺中町4-1,食べログ 百名店: 2023 | 2025 / 日本料理 EAST,https://tabelog.com/iwate/A0303/A030302/3006494/,https://yoyaku.tabelog.com/yoyaku/tabelog_booking/send_remind/,https://www.google.com/maps/search/?api=1&query=%E6%97%A5%E6%9C%AC%E6%96%99%E7%90%86%20%E6%96%B0%E8%8C%B6%E5%AE%B6%20%E5%B2%A9%E6%89%8B%E7%9C%8C%E5%A5%A5%E5%B7%9E%E5%B8%82%E6%B1%9F%E5%88%BA%E4%B8%AD%E7%94%BA4-1,39.1889030,141.1783964,2023 | 2025,日本料理 EAST,japanese_east,発表日：2023年3月2日 | 発表日：2025年3月25日
丹野こんにゃく番所,山形県上山市皆沢字諏訪前608-1,食べログ 百名店: 2023 / 日本料理 EAST,https://tabelog.com/yamagata/A0601/A060102/6000138/,https://yoyaku.tabelog.com/yoyaku/tabelog_booking/send_remind/,https://www.google.com/maps/search/?api=1&query=%E4%B8%B9%E9%87%8E%E3%81%93%E3%82%93%E3%81%AB%E3%82%83%E3%81%8F%E7%95%AA%E6%89%80%20%E5%B1%B1%E5%BD%A2%E7%9C%8C%E4%B8%8A%E5%B1%B1%E5%B8%82%E7%9A%86%E6%B2%A2%E5%AD%97%E8%AB%8F%E8%A8%AA%E5%89%8D608-1,38.1031413,140.2985251,2023,日本料理 EAST,japanese_east,発表日：2023年3月2日
あら浜 亘理店,宮城県亘理郡亘理町荒浜字中野183-8,食べログ 百名店: 2023 / 日本料理 EAST,https://tabelog.com/miyagi/A0402/A040204/4018115/,https://yoyaku.tabelog.com/yoyaku/tabelog_booking/send_remind/,https://www.google.com/maps/search/?api=1&query=%E3%81%82%E3%82%89%E6%B5%9C%20%E4%BA%98%E7%90%86%E5%BA%97%20%E5%AE%AE%E5%9F%8E%E7%9C%8C%E4%BA%98%E7%90%86%E9%83%A1%E4%BA%98%E7%90%86%E7%94%BA%E8%8D%92%E6%B5%9C%E5%AD%97%E4%B8%AD%E9%87%8E183-8,38.0441344,140.9051942,2023,日本料理 EAST,japanese_east,発表日：2023年3月2日
お料理 七草,青森県八戸市番町3 NCビル 1F,食べログ 百名店: 2023 / 日本料理 EAST,https://tabelog.com/aomori/A0203/A020301/2009567/,https://yoyaku.tabelog.com/yoyaku/tabelog_booking/send_remind/,https://www.google.com/maps/search/?api=1&query=%E3%81%8A%E6%96%99%E7%90%86%20%E4%B8%83%E8%8D%89%20%E9%9D%92%E6%A3%AE%E7%9C%8C%E5%85%AB%E6%88%B8%E5%B8%82%E7%95%AA%E7%94%BA3%20NC%E3%83%93%E3%83%AB%201F,40.5099154,141.4878212,2023,日本料理 EAST,japanese_east,発表日：2023年3月2日
かっちゃん,福島県福島市南中央1丁目76-1,食べログ 百名店: 2023 | 2024 | 2025 / お好み焼き,https://tabelog.com/fukushima/A0701/A070101/7001700/,https://yoyaku.tabelog.com/yoyaku/tabelog_booking/send_remind/,https://www.google.com/maps/search/?api=1&query=%E3%81%8B%E3%81%A3%E3%81%A1%E3%82%83%E3%82%93%20%E7%A6%8F%E5%B3%B6%E7%9C%8C%E7%A6%8F%E5%B3%B6%E5%B8%82%E5%8D%97%E4%B8%AD%E5%A4%AE1%E4%B8%81%E7%9B%AE76-1,37.7608197,140.4407235,2023 | 2024 | 2025,お好み焼き,okonomiyaki,発表日：2023年5月23日 | 発表日：2024年5月28日 | 発表日：2025年9月2日
オーノ ボーノ,北海道札幌市西区発寒11条3-1-35,食べログ 百名店: 2023 / ピザ,https://tabelog.com/hokkaido/A0101/A010204/1050491/,https://yoyaku.tabelog.com/yoyaku/tabelog_booking/send_remind/,https://www.google.com/maps/search/?api=1&query=%E3%82%AA%E3%83%BC%E3%83%8E%20%E3%83%9C%E3%83%BC%E3%83%8E%20%E5%8C%97%E6%B5%B7%E9%81%93%E6%9C%AD%E5%B9%8C%E5%B8%82%E8%A5%BF%E5%8C%BA%E7%99%BA%E5%AF%9211%E6%9D%A13-1-35,43.0917649,141.2938390,2023,ピザ,pizza,発表日：2023年4月24日
ドットーレ,宮城県仙台市太白区秋保町湯元字釜土1,食べログ 百名店: 2023 / ピザ,https://tabelog.com/miyagi/A0401/A040105/4013772/,https://yoyaku.tabelog.com/yoyaku/tabelog_booking/send_remind/,https://www.google.com/maps/search/?api=1&query=%E3%83%89%E3%83%83%E3%83%88%E3%83%BC%E3%83%AC%20%E5%AE%AE%E5%9F%8E%E7%9C%8C%E4%BB%99%E5%8F%B0%E5%B8%82%E5%A4%AA%E7%99%BD%E5%8C%BA%E7%A7%8B%E4%BF%9D%E7%94%BA%E6%B9%AF%E5%85%83%E5%AD%97%E9%87%9C%E5%9C%9F1,38.2255878,140.7209270,2023,ピザ,pizza,発表日：2023年4月24日
ペコリーノ,福島県岩瀬郡鏡石町本町274,食べログ 百名店: 2023 / ピザ,https://tabelog.com/fukushima/A0702/A070202/7010346/,https://yoyaku.tabelog.com/yoyaku/tabelog_booking/send_remind/,https://www.google.com/maps/search/?api=1&query=%E3%83%9A%E3%82%B3%E3%83%AA%E3%83%BC%E3%83%8E%20%E7%A6%8F%E5%B3%B6%E7%9C%8C%E5%B2%A9%E7%80%AC%E9%83%A1%E9%8F%A1%E7%9F%B3%E7%94%BA%E6%9C%AC%E7%94%BA274,37.2533935,140.3453301,2023,ピザ,pizza,発表日：2023年4月24日
ピッツェリア ラッポルティ,福島県福島市笹谷字稲場37-2 パルメディオ 101,食べログ 百名店: 2023 / ピザ,https://tabelog.com/fukushima/A0701/A070101/7013206/,https://yoyaku.tabelog.com/yoyaku/tabelog_booking/send_remind/,https://www.google.com/maps/search/?api=1&query=%E3%83%94%E3%83%83%E3%83%84%E3%82%A7%E3%83%AA%E3%82%A2%20%E3%83%A9%E3%83%83%E3%83%9D%E3%83%AB%E3%83%86%E3%82%A3%20%E7%A6%8F%E5%B3%B6%E7%9C%8C%E7%A6%8F%E5%B3%B6%E5%B8%82%E7%AC%B9%E8%B0%B7%E5%AD%97%E7%A8%B2%E5%A0%B437-2%20%E3%83%91%E3%83%AB%E3%83%A1%E3%83%87%E3%82%A3%E3%82%AA%20101,37.7877919,140.4487622,2023,ピザ,pizza,発表日：2023年4月24日
フルーツショップ青森屋,山形県鶴岡市末広町7-24,食べログ 百名店: 2023 / スイーツ EAST,https://tabelog.com/yamagata/A0603/A060302/6004297/,https://yoyaku.tabelog.com/yoyaku/tabelog_booking/send_remind/,https://www.google.com/maps/search/?api=1&query=%E3%83%95%E3%83%AB%E3%83%BC%E3%83%84%E3%82%B7%E3%83%A7%E3%83%83%E3%83%97%E9%9D%92%E6%A3%AE%E5%B1%8B%20%E5%B1%B1%E5%BD%A2%E7%9C%8C%E9%B6%B4%E5%B2%A1%E5%B8%82%E6%9C%AB%E5%BA%83%E7%94%BA7-24,38.7382297,139.8360766,2023,スイーツ EAST,sweets_east,発表日：2023年8月15日
ロイズ 新千歳空港店,北海道千歳市美々 新千歳空港 国内線ターミナルビル 2F,食べログ 百名店: 2023 / スイーツ EAST,https://tabelog.com/hokkaido/A0107/A010701/1025239/,https://yoyaku.tabelog.com/yoyaku/tabelog_booking/send_remind/,https://www.google.com/maps/search/?api=1&query=%E3%83%AD%E3%82%A4%E3%82%BA%20%E6%96%B0%E5%8D%83%E6%AD%B3%E7%A9%BA%E6%B8%AF%E5%BA%97%20%E5%8C%97%E6%B5%B7%E9%81%93%E5%8D%83%E6%AD%B3%E5%B8%82%E7%BE%8E%E3%80%85%20%E6%96%B0%E5%8D%83%E6%AD%B3%E7%A9%BA%E6%B8%AF%20%E5%9B%BD%E5%86%85%E7%B7%9A%E3%82%BF%E3%83%BC%E3%83%9F%E3%83%8A%E3%83%AB%E3%83%93%E3%83%AB%202F,42.7871870,141.6804611,2023,スイーツ EAST,sweets_east,発表日：2023年8月15日
カズノリ イケダ アンディヴィデュエル エスパル仙台店,宮城県仙台市青葉区中央1-1-1 エスパル仙台 東館 2F,食べログ 百名店: 2023 / スイーツ EAST,https://tabelog.com/miyagi/A0401/A040101/4017426/,https://yoyaku.tabelog.com/yoyaku/tabelog_booking/send_remind/,https://www.google.com/maps/search/?api=1&query=%E3%82%AB%E3%82%BA%E3%83%8E%E3%83%AA%20%E3%82%A4%E3%82%B1%E3%83%80%20%E3%82%A2%E3%83%B3%E3%83%87%E3%82%A3%E3%83%B4%E3%82%A3%E3%83%87%E3%83%A5%E3%82%A8%E3%83%AB%20%E3%82%A8%E3%82%B9%E3%83%91%E3%83%AB%E4%BB%99%E5%8F%B0%E5%BA%97%20%E5%AE%AE%E5%9F%8E%E7%9C%8C%E4%BB%99%E5%8F%B0%E5%B8%82%E9%9D%92%E8%91%89%E5%8C%BA%E4%B8%AD%E5%A4%AE1-1-1%20%E3%82%A8%E3%82%B9%E3%83%91%E3%83%AB%E4%BB%99%E5%8F%B0%20%E6%9D%B1%E9%A4%A8%202F,38.2595670,140.8831991,2023,スイーツ EAST,sweets_east,発表日：2023年8月15日
とみたメロンハウス,北海道空知郡中富良野町宮町3-32,食べログ 百名店: 2023 / スイーツ EAST,https://tabelog.com/hokkaido/A0104/A010403/1024348/,https://yoyaku.tabelog.com/yoyaku/tabelog_booking/send_remind/,https://www.google.com/maps/search/?api=1&query=%E3%81%A8%E3%81%BF%E3%81%9F%E3%83%A1%E3%83%AD%E3%83%B3%E3%83%8F%E3%82%A6%E3%82%B9%20%E5%8C%97%E6%B5%B7%E9%81%93%E7%A9%BA%E7%9F%A5%E9%83%A1%E4%B8%AD%E5%AF%8C%E8%89%AF%E9%87%8E%E7%94%BA%E5%AE%AE%E7%94%BA3-32,43.4179242,142.4265307,2023,スイーツ EAST,sweets_east,発表日：2023年8月15日
天ぷら成,北海道札幌市中央区南四条西4-7 松岡ビル 1F 浪花亭,食べログ 百名店: 2023 | 2025 / 天ぷら,https://tabelog.com/hokkaido/A0101/A010103/1067374/,https://tabelog.com/hokkaido/A0101/A010102/1067374/?cid=google_yoyaku,https://www.google.com/maps/search/?api=1&query=%E5%A4%A9%E3%81%B7%E3%82%89%E6%88%90%20%E5%8C%97%E6%B5%B7%E9%81%93%E6%9C%AD%E5%B9%8C%E5%B8%82%E4%B8%AD%E5%A4%AE%E5%8C%BA%E5%8D%97%E5%9B%9B%E6%9D%A1%E8%A5%BF4-7%20%E6%9D%BE%E5%B2%A1%E3%83%93%E3%83%AB%201F%20%E6%B5%AA%E8%8A%B1%E4%BA%AD,43.0559968,141.3526669,2023 | 2025,天ぷら,tempura,発表日：2023年5月10日 | 発表日：2025年3月11日
賣茶翁,宮城県仙台市青葉区春日町3-13,食べログ 百名店: 2023 / 和菓子・甘味処 EAST,https://tabelog.com/miyagi/A0401/A040101/4001481/,https://yoyaku.tabelog.com/yoyaku/tabelog_booking/send_remind/,https://www.google.com/maps/search/?api=1&query=%E8%B3%A3%E8%8C%B6%E7%BF%81%20%E5%AE%AE%E5%9F%8E%E7%9C%8C%E4%BB%99%E5%8F%B0%E5%B8%82%E9%9D%92%E8%91%89%E5%8C%BA%E6%98%A5%E6%97%A5%E7%94%BA3-13,38.2652773,140.8636399,2023,和菓子・甘味処 EAST,wagashi_east,発表日：2023年8月29日
鯛きち 名掛丁店,宮城県仙台市青葉区中央2-1-30 須田ビル　1F,食べログ 百名店: 2023 / 和菓子・甘味処 EAST,https://tabelog.com/miyagi/A0401/A040101/4002369/,https://yoyaku.tabelog.com/yoyaku/tabelog_booking/send_remind/,https://www.google.com/maps/search/?api=1&query=%E9%AF%9B%E3%81%8D%E3%81%A1%20%E5%90%8D%E6%8E%9B%E4%B8%81%E5%BA%97%20%E5%AE%AE%E5%9F%8E%E7%9C%8C%E4%BB%99%E5%8F%B0%E5%B8%82%E9%9D%92%E8%91%89%E5%8C%BA%E4%B8%AD%E5%A4%AE2-1-30%20%E9%A0%88%E7%94%B0%E3%83%93%E3%83%AB%E3%80%801F,38.2615329,140.8786502,2023,和菓子・甘味処 EAST,wagashi_east,発表日：2023年8月29日
ankoya  駅前店,宮城県仙台市青葉区中央1-8-31 名掛丁センター街,食べログ 百名店: 2023 / 和菓子・甘味処 EAST,https://tabelog.com/miyagi/A0401/A040101/4011258/,https://yoyaku.tabelog.com/yoyaku/tabelog_booking/send_remind/,https://www.google.com/maps/search/?api=1&query=ankoya%20%20%E9%A7%85%E5%89%8D%E5%BA%97%20%E5%AE%AE%E5%9F%8E%E7%9C%8C%E4%BB%99%E5%8F%B0%E5%B8%82%E9%9D%92%E8%91%89%E5%8C%BA%E4%B8%AD%E5%A4%AE1-8-31%20%E5%90%8D%E6%8E%9B%E4%B8%81%E3%82%BB%E3%83%B3%E3%82%BF%E3%83%BC%E8%A1%97,38.2618493,140.8801671,2023,和菓子・甘味処 EAST,wagashi_east,発表日：2023年8月29日
北海道牛乳カステラ,北海道千歳市美々987 新千歳空港ターミナルビル 連絡施設3F,食べログ 百名店: 2023 / 和菓子・甘味処 EAST,https://tabelog.com/hokkaido/A0107/A010701/1034361/,https://yoyaku.tabelog.com/yoyaku/tabelog_booking/send_remind/,https://www.google.com/maps/search/?api=1&query=%E5%8C%97%E6%B5%B7%E9%81%93%E7%89%9B%E4%B9%B3%E3%82%AB%E3%82%B9%E3%83%86%E3%83%A9%20%E5%8C%97%E6%B5%B7%E9%81%93%E5%8D%83%E6%AD%B3%E5%B8%82%E7%BE%8E%E3%80%85987%20%E6%96%B0%E5%8D%83%E6%AD%B3%E7%A9%BA%E6%B8%AF%E3%82%BF%E3%83%BC%E3%83%9F%E3%83%8A%E3%83%AB%E3%83%93%E3%83%AB%20%E9%80%A3%E7%B5%A1%E6%96%BD%E8%A8%AD3F,42.7874720,141.6798710,2023,和菓子・甘味処 EAST,wagashi_east,発表日：2023年8月29日
榮玉堂,山形県山形市旅篭町2-1-45,食べログ 百名店: 2023 / 和菓子・甘味処 EAST,https://tabelog.com/yamagata/A0601/A060101/6000125/,https://yoyaku.tabelog.com/yoyaku/tabelog_booking/send_remind/,https://www.google.com/maps/search/?api=1&query=%E6%A6%AE%E7%8E%89%E5%A0%82%20%E5%B1%B1%E5%BD%A2%E7%9C%8C%E5%B1%B1%E5%BD%A2%E5%B8%82%E6%97%85%E7%AF%AD%E7%94%BA2-1-45,38.2546696,140.3378110,2023,和菓子・甘味処 EAST,wagashi_east,発表日：2023年8月29日
小池菓子舗,福島県河沼郡柳津町大字柳津字岩坂町甲206,食べログ 百名店: 2023 / 和菓子・甘味処 EAST,https://tabelog.com/fukushima/A0706/A070602/7000660/,https://yoyaku.tabelog.com/yoyaku/tabelog_booking/send_remind/,https://www.google.com/maps/search/?api=1&query=%E5%B0%8F%E6%B1%A0%E8%8F%93%E5%AD%90%E8%88%97%20%E7%A6%8F%E5%B3%B6%E7%9C%8C%E6%B2%B3%E6%B2%BC%E9%83%A1%E6%9F%B3%E6%B4%A5%E7%94%BA%E5%A4%A7%E5%AD%97%E6%9F%B3%E6%B4%A5%E5%AD%97%E5%B2%A9%E5%9D%82%E7%94%BA%E7%94%B2206,37.5349987,139.7230713,2023,和菓子・甘味処 EAST,wagashi_east,発表日：2023年8月29日
横丁とうふ店 最上川千本だんご,山形県北村山郡大石田町大字大石田乙76 横丁とうふ店向かい,食べログ 百名店: 2023 / 和菓子・甘味処 EAST,https://tabelog.com/yamagata/A0605/A060502/6000366/,https://yoyaku.tabelog.com/yoyaku/tabelog_booking/send_remind/,https://www.google.com/maps/search/?api=1&query=%E6%A8%AA%E4%B8%81%E3%81%A8%E3%81%86%E3%81%B5%E5%BA%97%20%E6%9C%80%E4%B8%8A%E5%B7%9D%E5%8D%83%E6%9C%AC%E3%81%A0%E3%82%93%E3%81%94%20%E5%B1%B1%E5%BD%A2%E7%9C%8C%E5%8C%97%E6%9D%91%E5%B1%B1%E9%83%A1%E5%A4%A7%E7%9F%B3%E7%94%B0%E7%94%BA%E5%A4%A7%E5%AD%97%E5%A4%A7%E7%9F%B3%E7%94%B0%E4%B9%9976%20%E6%A8%AA%E4%B8%81%E3%81%A8%E3%81%86%E3%81%B5%E5%BA%97%E5%90%91%E3%81%8B%E3%81%84,38.5890686,140.3710461,2023,和菓子・甘味処 EAST,wagashi_east,発表日：2023年8月29日
やきだんご 銀月,北海道函館市湯川町2丁目22-5,食べログ 百名店: 2023 / 和菓子・甘味処 EAST,https://tabelog.com/hokkaido/A0105/A010501/1006102/,https://yoyaku.tabelog.com/yoyaku/tabelog_booking/send_remind/,https://www.google.com/maps/search/?api=1&query=%E3%82%84%E3%81%8D%E3%81%A0%E3%82%93%E3%81%94%20%E9%8A%80%E6%9C%88%20%E5%8C%97%E6%B5%B7%E9%81%93%E5%87%BD%E9%A4%A8%E5%B8%82%E6%B9%AF%E5%B7%9D%E7%94%BA2%E4%B8%81%E7%9B%AE22-5,41.7798846,140.7872748,2023,和菓子・甘味処 EAST,wagashi_east,発表日：2023年8月29日
郭公屋,岩手県一関市厳美町字滝ノ上211,食べログ 百名店: 2023 / 和菓子・甘味処 EAST,https://tabelog.com/iwate/A0303/A030301/3000681/,https://yoyaku.tabelog.com/yoyaku/tabelog_booking/send_remind/,https://www.google.com/maps/search/?api=1&query=%E9%83%AD%E5%85%AC%E5%B1%8B%20%E5%B2%A9%E6%89%8B%E7%9C%8C%E4%B8%80%E9%96%A2%E5%B8%82%E5%8E%B3%E7%BE%8E%E7%94%BA%E5%AD%97%E6%BB%9D%E3%83%8E%E4%B8%8A211,38.9446148,141.0471649,2023,和菓子・甘味処 EAST,wagashi_east,発表日：2023年8月29日
四代 嘉心,北海道札幌市中央区南2条西20-2-20,食べログ 百名店: 2023 / 和菓子・甘味処 EAST,https://tabelog.com/hokkaido/A0101/A010102/1001576/,https://yoyaku.tabelog.com/yoyaku/tabelog_booking/send_remind/,https://www.google.com/maps/search/?api=1&query=%E5%9B%9B%E4%BB%A3%20%E5%98%89%E5%BF%83%20%E5%8C%97%E6%B5%B7%E9%81%93%E6%9C%AD%E5%B9%8C%E5%B8%82%E4%B8%AD%E5%A4%AE%E5%8C%BA%E5%8D%972%E6%9D%A1%E8%A5%BF20-2-20,43.0555506,141.3266348,2023,和菓子・甘味処 EAST,wagashi_east,発表日：2023年8月29日
春香苑 鈴川店,山形県山形市鈴川町3-4-13,食べログ 百名店: 2023 / 焼肉 EAST,https://tabelog.com/yamagata/A0601/A060101/6002855/,https://yoyaku.tabelog.com/yoyaku/tabelog_booking/send_remind/,https://www.google.com/maps/search/?api=1&query=%E6%98%A5%E9%A6%99%E8%8B%91%20%E9%88%B4%E5%B7%9D%E5%BA%97%20%E5%B1%B1%E5%BD%A2%E7%9C%8C%E5%B1%B1%E5%BD%A2%E5%B8%82%E9%88%B4%E5%B7%9D%E7%94%BA3-4-13,38.2696423,140.3580821,2023,焼肉 EAST,yakiniku_east,発表日：2023年11月7日
焼肉 グルマンズいとう,北海道札幌市中央区南3条西3-8 克美ビル 1F,食べログ 百名店: 2023 | 2024 | 2025 / 焼肉 EAST,https://tabelog.com/hokkaido/A0101/A010103/1068431/,https://yoyaku.tabelog.com/yoyaku/tabelog_booking/send_remind/,https://www.google.com/maps/search/?api=1&query=%E7%84%BC%E8%82%89%20%E3%82%B0%E3%83%AB%E3%83%9E%E3%83%B3%E3%82%BA%E3%81%84%E3%81%A8%E3%81%86%20%E5%8C%97%E6%B5%B7%E9%81%93%E6%9C%AD%E5%B9%8C%E5%B8%82%E4%B8%AD%E5%A4%AE%E5%8C%BA%E5%8D%973%E6%9D%A1%E8%A5%BF3-8%20%E5%85%8B%E7%BE%8E%E3%83%93%E3%83%AB%201F,43.0563067,141.3537052,2023 | 2024 | 2025,焼肉 EAST,yakiniku_east,発表日：2023年11月7日 | 発表日：2024年10月22日 | 発表日：2025年10月15日
そね田やきとりや,山形県山形市香澄町1-18-8,食べログ 百名店: 2023 | 2024 | 2025 / 焼き鳥 EAST,https://tabelog.com/yamagata/A0601/A060101/6004772/,https://yoyaku.tabelog.com/yoyaku/tabelog_booking/send_remind/,https://www.google.com/maps/search/?api=1&query=%E3%81%9D%E3%81%AD%E7%94%B0%E3%82%84%E3%81%8D%E3%81%A8%E3%82%8A%E3%82%84%20%E5%B1%B1%E5%BD%A2%E7%9C%8C%E5%B1%B1%E5%BD%A2%E5%B8%82%E9%A6%99%E6%BE%84%E7%94%BA1-18-8,38.2509816,140.3294727,2023 | 2024 | 2025,焼き鳥 EAST,yakitori_east,発表日：2023年7月18日 | 発表日：2024年11月6日 | 発表日：2025年11月11日
焼鳥 ひげぼうず,北海道札幌市中央区南五条西6-4 多田ビル 1F,食べログ 百名店: 2023 | 2024 | 2025 / 焼き鳥 EAST,https://tabelog.com/hokkaido/A0101/A010103/1070763/,https://yoyaku.tabelog.com/yoyaku/tabelog_booking/send_remind/,https://www.google.com/maps/search/?api=1&query=%E7%84%BC%E9%B3%A5%20%E3%81%B2%E3%81%92%E3%81%BC%E3%81%86%E3%81%9A%20%E5%8C%97%E6%B5%B7%E9%81%93%E6%9C%AD%E5%B9%8C%E5%B8%82%E4%B8%AD%E5%A4%AE%E5%8C%BA%E5%8D%97%E4%BA%94%E6%9D%A1%E8%A5%BF6-4%20%E5%A4%9A%E7%94%B0%E3%83%93%E3%83%AB%201F,43.0537171,141.3499727,2023 | 2024 | 2025,焼き鳥 EAST,yakitori_east,発表日：2023年7月18日 | 発表日：2024年11月6日 | 発表日：2025年11月11日
焼鳥 丈参,北海道札幌市中央区南五条西6-12 五條新町,食べログ 百名店: 2023 / 焼き鳥 EAST,https://tabelog.com/hokkaido/A0101/A010103/1070404/,https://yoyaku.tabelog.com/yoyaku/tabelog_booking/send_remind/,https://www.google.com/maps/search/?api=1&query=%E7%84%BC%E9%B3%A5%20%E4%B8%88%E5%8F%82%20%E5%8C%97%E6%B5%B7%E9%81%93%E6%9C%AD%E5%B9%8C%E5%B8%82%E4%B8%AD%E5%A4%AE%E5%8C%BA%E5%8D%97%E4%BA%94%E6%9D%A1%E8%A5%BF6-12%20%E4%BA%94%E6%A2%9D%E6%96%B0%E7%94%BA,43.0543416,141.3499031,2023,焼き鳥 EAST,yakitori_east,発表日：2023年7月18日
鶏けん,福島県福島市栄町12-1 第1寿ビル1F,食べログ 百名店: 2023 | 2024 | 2025 / 焼き鳥 EAST,https://tabelog.com/fukushima/A0701/A070101/7000904/,https://tabelog.com/fukushima/A0701/A070101/7000904/?cid=google_yoyaku,https://www.google.com/maps/search/?api=1&query=%E9%B6%8F%E3%81%91%E3%82%93%20%E7%A6%8F%E5%B3%B6%E7%9C%8C%E7%A6%8F%E5%B3%B6%E5%B8%82%E6%A0%84%E7%94%BA12-1%20%E7%AC%AC1%E5%AF%BF%E3%83%93%E3%83%AB1F,37.7544670,140.4627805,2023 | 2024 | 2025,焼き鳥 EAST,yakitori_east,発表日：2023年7月18日 | 発表日：2024年11月6日 | 発表日：2025年11月11日
むなかた屋,福島県郡山市駅前1-9-5 NATURE倶楽部 1F,食べログ 百名店: 2023 | 2024 | 2025 / 焼き鳥 EAST,https://tabelog.com/fukushima/A0702/A070201/7000795/,https://yoyaku.tabelog.com/yoyaku/tabelog_booking/send_remind/,https://www.google.com/maps/search/?api=1&query=%E3%82%80%E3%81%AA%E3%81%8B%E3%81%9F%E5%B1%8B%20%E7%A6%8F%E5%B3%B6%E7%9C%8C%E9%83%A1%E5%B1%B1%E5%B8%82%E9%A7%85%E5%89%8D1-9-5%20NATURE%E5%80%B6%E6%A5%BD%E9%83%A8%201F,37.3964212,140.3864402,2023 | 2024 | 2025,焼き鳥 EAST,yakitori_east,発表日：2023年7月18日 | 発表日：2024年11月6日 | 発表日：2025年11月11日
しろ,北海道札幌市中央区南四条西24-1-24,食べログ 百名店: 2023 / 焼き鳥 EAST,https://tabelog.com/hokkaido/A0101/A010105/1002175/,https://yoyaku.tabelog.com/yoyaku/tabelog_booking/send_remind/,https://www.google.com/maps/search/?api=1&query=%E3%81%97%E3%82%8D%20%E5%8C%97%E6%B5%B7%E9%81%93%E6%9C%AD%E5%B9%8C%E5%B8%82%E4%B8%AD%E5%A4%AE%E5%8C%BA%E5%8D%97%E5%9B%9B%E6%9D%A1%E8%A5%BF24-1-24,43.0523956,141.3213899,2023,焼き鳥 EAST,yakitori_east,発表日：2023年7月18日
hou,宮城県仙台市青葉区一番町2-3-3 J-BOXビル 3F,食べログ 百名店: 2023 | 2024 | 2025 / 焼き鳥 EAST,https://tabelog.com/miyagi/A0401/A040101/4023532/,https://yoyaku.tabelog.com/yoyaku/tabelog_booking/send_remind/,https://www.google.com/maps/search/?api=1&query=hou%20%E5%AE%AE%E5%9F%8E%E7%9C%8C%E4%BB%99%E5%8F%B0%E5%B8%82%E9%9D%92%E8%91%89%E5%8C%BA%E4%B8%80%E7%95%AA%E7%94%BA2-3-3%20J-BOX%E3%83%93%E3%83%AB%203F,38.2591456,140.8738037,2023 | 2024 | 2025,焼き鳥 EAST,yakitori_east,発表日：2023年7月18日 | 発表日：2024年11月6日 | 発表日：2025年11月11日
鳥好,秋田県秋田市中通4-11-5 栄ビル 1F,食べログ 百名店: 2023 | 2024 | 2025 / 焼き鳥 EAST,https://tabelog.com/akita/A0501/A050101/5007853/,https://yoyaku.tabelog.com/yoyaku/tabelog_booking/send_remind/,https://www.google.com/maps/search/?api=1&query=%E9%B3%A5%E5%A5%BD%20%E7%A7%8B%E7%94%B0%E7%9C%8C%E7%A7%8B%E7%94%B0%E5%B8%82%E4%B8%AD%E9%80%9A4-11-5%20%E6%A0%84%E3%83%93%E3%83%AB%201F,39.7154927,140.1264237,2023 | 2024 | 2025,焼き鳥 EAST,yakitori_east,発表日：2023年7月18日 | 発表日：2024年11月6日 | 発表日：2025年11月11日
陽風水,福島県福島市大町2-18 石屋小路ビル　１Ｆ,食べログ 百名店: 2023 / 焼き鳥 EAST,https://tabelog.com/fukushima/A0701/A070101/7000600/,https://yoyaku.tabelog.com/yoyaku/tabelog_booking/send_remind/,https://www.google.com/maps/search/?api=1&query=%E9%99%BD%E9%A2%A8%E6%B0%B4%20%E7%A6%8F%E5%B3%B6%E7%9C%8C%E7%A6%8F%E5%B3%B6%E5%B8%82%E5%A4%A7%E7%94%BA2-18%20%E7%9F%B3%E5%B1%8B%E5%B0%8F%E8%B7%AF%E3%83%93%E3%83%AB%E3%80%80%EF%BC%91%EF%BC%A6,37.7549307,140.4670180,2023,焼き鳥 EAST,yakitori_east,発表日：2023年7月18日
炭焼 おかげさん,宮城県仙台市青葉区木町11-2,食べログ 百名店: 2023 | 2024 / 焼き鳥 EAST,https://tabelog.com/miyagi/A0401/A040101/4016523/,https://yoyaku.tabelog.com/yoyaku/tabelog_booking/send_remind/,https://www.google.com/maps/search/?api=1&query=%E7%82%AD%E7%84%BC%20%E3%81%8A%E3%81%8B%E3%81%92%E3%81%95%E3%82%93%20%E5%AE%AE%E5%9F%8E%E7%9C%8C%E4%BB%99%E5%8F%B0%E5%B8%82%E9%9D%92%E8%91%89%E5%8C%BA%E6%9C%A8%E7%94%BA11-2,38.2779555,140.8603483,2023 | 2024,焼き鳥 EAST,yakitori_east,発表日：2023年7月18日 | 発表日：2024年11月6日
焼鳥・居酒屋 とり,岩手県盛岡市大通2-6-6 京藤ビル　Ｂ１Ｆ,食べログ 百名店: 2023 / 焼き鳥 EAST,https://tabelog.com/iwate/A0301/A030101/3000435/,https://yoyaku.tabelog.com/yoyaku/tabelog_booking/send_remind/,https://www.google.com/maps/search/?api=1&query=%E7%84%BC%E9%B3%A5%E3%83%BB%E5%B1%85%E9%85%92%E5%B1%8B%20%E3%81%A8%E3%82%8A%20%E5%B2%A9%E6%89%8B%E7%9C%8C%E7%9B%9B%E5%B2%A1%E5%B8%82%E5%A4%A7%E9%80%9A2-6-6%20%E4%BA%AC%E8%97%A4%E3%83%93%E3%83%AB%E3%80%80%EF%BC%A2%EF%BC%91%EF%BC%A6,39.7035321,141.1458088,2023,焼き鳥 EAST,yakitori_east,発表日：2023年7月18日
酒処　五泉,宮城県仙台市青葉区立町6-19 吉本ビル1F-2,食べログ 百名店: 2023 / 焼き鳥 EAST,https://tabelog.com/miyagi/A0401/A040101/4011475/,https://yoyaku.tabelog.com/yoyaku/tabelog_booking/send_remind/,https://www.google.com/maps/search/?api=1&query=%E9%85%92%E5%87%A6%E3%80%80%E4%BA%94%E6%B3%89%20%E5%AE%AE%E5%9F%8E%E7%9C%8C%E4%BB%99%E5%8F%B0%E5%B8%82%E9%9D%92%E8%91%89%E5%8C%BA%E7%AB%8B%E7%94%BA6-19%20%E5%90%89%E6%9C%AC%E3%83%93%E3%83%AB1F-2,38.2624887,140.8654479,2023,焼き鳥 EAST,yakitori_east,発表日：2023年7月18日
南インド料理DAL,北海道帯広市西15条南35-1-2,食べログ 百名店: 2024 / アジア・エスニック EAST,https://tabelog.com/hokkaido/A0111/A011101/1049380/,https://yoyaku.tabelog.com/yoyaku/tabelog_booking/send_remind/,https://www.google.com/maps/search/?api=1&query=%E5%8D%97%E3%82%A4%E3%83%B3%E3%83%89%E6%96%99%E7%90%86DAL%20%E5%8C%97%E6%B5%B7%E9%81%93%E5%B8%AF%E5%BA%83%E5%B8%82%E8%A5%BF15%E6%9D%A1%E5%8D%9735-1-2,42.8903956,143.1836881,2024,アジア・エスニック EAST,asia_ethnic_east,発表日：2024年7月23日
SOI maruyama,北海道札幌市中央区南2条西24-2-1 裏参道24ビル 1F,食べログ 百名店: 2024 / アジア・エスニック EAST,https://tabelog.com/hokkaido/A0101/A010105/1053270/,https://tabelog.com/hokkaido/A0101/A010105/1053270/?cid=google_yoyaku,https://www.google.com/maps/search/?api=1&query=SOI%20maruyama%20%E5%8C%97%E6%B5%B7%E9%81%93%E6%9C%AD%E5%B9%8C%E5%B8%82%E4%B8%AD%E5%A4%AE%E5%8C%BA%E5%8D%972%E6%9D%A1%E8%A5%BF24-2-1%20%E8%A3%8F%E5%8F%82%E9%81%9324%E3%83%93%E3%83%AB%201F,43.0548140,141.3208446,2024,アジア・エスニック EAST,asia_ethnic_east,発表日：2024年7月23日
中国酒菜 鯉石,北海道札幌市中央区北3条西7-1-1 緑苑ビル B1F,食べログ 百名店: 2024 / 中国料理 EAST,https://tabelog.com/hokkaido/A0101/A010101/1067311/,https://yoyaku.tabelog.com/yoyaku/tabelog_booking/send_remind/,https://www.google.com/maps/search/?api=1&query=%E4%B8%AD%E5%9B%BD%E9%85%92%E8%8F%9C%20%E9%AF%89%E7%9F%B3%20%E5%8C%97%E6%B5%B7%E9%81%93%E6%9C%AD%E5%B9%8C%E5%B8%82%E4%B8%AD%E5%A4%AE%E5%8C%BA%E5%8C%973%E6%9D%A1%E8%A5%BF7-1-1%20%E7%B7%91%E8%8B%91%E3%83%93%E3%83%AB%20B1F,43.0638229,141.3452438,2024,中国料理 EAST,chinese_east,発表日：2024年6月11日
チャイナ キッチン,北海道虻田郡倶知安町字岩尾別328-47 パークハイアット ニセコ HANAZONO,食べログ 百名店: 2024 / 中国料理 EAST,https://tabelog.com/hokkaido/A0106/A010603/1065415/,https://yoyaku.tabelog.com/yoyaku/tabelog_booking/send_remind/,https://www.google.com/maps/search/?api=1&query=%E3%83%81%E3%83%A3%E3%82%A4%E3%83%8A%20%E3%82%AD%E3%83%83%E3%83%81%E3%83%B3%20%E5%8C%97%E6%B5%B7%E9%81%93%E8%99%BB%E7%94%B0%E9%83%A1%E5%80%B6%E7%9F%A5%E5%AE%89%E7%94%BA%E5%AD%97%E5%B2%A9%E5%B0%BE%E5%88%A5328-47%20%E3%83%91%E3%83%BC%E3%82%AF%E3%83%8F%E3%82%A4%E3%82%A2%E3%83%83%E3%83%88%20%E3%83%8B%E3%82%BB%E3%82%B3%20HANAZONO,42.8939342,140.6982712,2024,中国料理 EAST,chinese_east,発表日：2024年6月11日
Hot Spice Shop Hood Dog,北海道札幌市中央区南5条東2,食べログ 百名店: 2024 / カレー EAST,https://tabelog.com/hokkaido/A0101/A010103/1063675/,https://yoyaku.tabelog.com/yoyaku/tabelog_booking/send_remind/,https://www.google.com/maps/search/?api=1&query=Hot%20Spice%20Shop%20Hood%20Dog%20%E5%8C%97%E6%B5%B7%E9%81%93%E6%9C%AD%E5%B9%8C%E5%B8%82%E4%B8%AD%E5%A4%AE%E5%8C%BA%E5%8D%975%E6%9D%A1%E6%9D%B12,43.0564892,141.3608229,2024,カレー EAST,curry_east,発表日：2024年8月6日
イン カリー,北海道札幌市西区二十四軒3条5-9-33,食べログ 百名店: 2024 / カレー EAST,https://tabelog.com/hokkaido/A0101/A010204/1065304/,https://yoyaku.tabelog.com/yoyaku/tabelog_booking/send_remind/,https://www.google.com/maps/search/?api=1&query=%E3%82%A4%E3%83%B3%20%E3%82%AB%E3%83%AA%E3%83%BC%20%E5%8C%97%E6%B5%B7%E9%81%93%E6%9C%AD%E5%B9%8C%E5%B8%82%E8%A5%BF%E5%8C%BA%E4%BA%8C%E5%8D%81%E5%9B%9B%E8%BB%923%E6%9D%A15-9-33,43.0729433,141.3083683,2024,カレー EAST,curry_east,発表日：2024年8月6日
カレー魂 デストロイヤー,北海道札幌市北区北14条西3-1-31 総業第5ハイム 1F,食べログ 百名店: 2024 / カレー EAST,https://tabelog.com/hokkaido/A0101/A010201/1061471/,https://yoyaku.tabelog.com/yoyaku/tabelog_booking/send_remind/,https://www.google.com/maps/search/?api=1&query=%E3%82%AB%E3%83%AC%E3%83%BC%E9%AD%82%20%E3%83%87%E3%82%B9%E3%83%88%E3%83%AD%E3%82%A4%E3%83%A4%E3%83%BC%20%E5%8C%97%E6%B5%B7%E9%81%93%E6%9C%AD%E5%B9%8C%E5%B8%82%E5%8C%97%E5%8C%BA%E5%8C%9714%E6%9D%A1%E8%A5%BF3-1-31%20%E7%B7%8F%E6%A5%AD%E7%AC%AC5%E3%83%8F%E3%82%A4%E3%83%A0%201F,43.0776892,141.3491153,2024,カレー EAST,curry_east,発表日：2024年8月6日
カンクーン,北海道札幌市中央区南2条東6-5 朝日プラザ一条橋 1F,食べログ 百名店: 2024 / カレー EAST,https://tabelog.com/hokkaido/A0101/A010102/1062792/,https://yoyaku.tabelog.com/yoyaku/tabelog_booking/send_remind/,https://www.google.com/maps/search/?api=1&query=%E3%82%AB%E3%83%B3%E3%82%AF%E3%83%BC%E3%83%B3%20%E5%8C%97%E6%B5%B7%E9%81%93%E6%9C%AD%E5%B9%8C%E5%B8%82%E4%B8%AD%E5%A4%AE%E5%8C%BA%E5%8D%972%E6%9D%A1%E6%9D%B16-5%20%E6%9C%9D%E6%97%A5%E3%83%97%E3%83%A9%E3%82%B6%E4%B8%80%E6%9D%A1%E6%A9%8B%201F,43.0605297,141.3648673,2024,カレー EAST,curry_east,発表日：2024年8月6日
ぎょうざ登,福島県西白河郡西郷村道南西42,食べログ 百名店: 2024 / 餃子,https://tabelog.com/fukushima/A0703/A070303/7007858/,https://yoyaku.tabelog.com/yoyaku/tabelog_booking/send_remind/,https://www.google.com/maps/search/?api=1&query=%E3%81%8E%E3%82%87%E3%81%86%E3%81%96%E7%99%BB%20%E7%A6%8F%E5%B3%B6%E7%9C%8C%E8%A5%BF%E7%99%BD%E6%B2%B3%E9%83%A1%E8%A5%BF%E9%83%B7%E6%9D%91%E9%81%93%E5%8D%97%E8%A5%BF42,37.1238329,140.1844164,2024,餃子,gyoza,発表日：2024年6月25日
キリン,北海道札幌市中央区南3条西6 狸小路市場,食べログ 百名店: 2024 / 餃子,https://tabelog.com/hokkaido/A0101/A010103/1047534/,https://yoyaku.tabelog.com/yoyaku/tabelog_booking/send_remind/,https://www.google.com/maps/search/?api=1&query=%E3%82%AD%E3%83%AA%E3%83%B3%20%E5%8C%97%E6%B5%B7%E9%81%93%E6%9C%AD%E5%B9%8C%E5%B8%82%E4%B8%AD%E5%A4%AE%E5%8C%BA%E5%8D%973%E6%9D%A1%E8%A5%BF6%20%E7%8B%B8%E5%B0%8F%E8%B7%AF%E5%B8%82%E5%A0%B4,43.0563574,141.3494228,2024,餃子,gyoza,発表日：2024年6月25日
夜来香,岩手県花巻市双葉町3-3,食べログ 百名店: 2024 / 餃子,https://tabelog.com/iwate/A0302/A030201/3004285/,https://yoyaku.tabelog.com/yoyaku/tabelog_booking/send_remind/,https://www.google.com/maps/search/?api=1&query=%E5%A4%9C%E6%9D%A5%E9%A6%99%20%E5%B2%A9%E6%89%8B%E7%9C%8C%E8%8A%B1%E5%B7%BB%E5%B8%82%E5%8F%8C%E8%91%89%E7%94%BA3-3,39.3850866,141.1161223,2024,餃子,gyoza,発表日：2024年6月25日
餃子 すぐるや,北海道札幌市中央区南6条西3丁目 ニュー公楽１階,食べログ 百名店: 2024 / 餃子,https://tabelog.com/hokkaido/A0101/A010103/1006201/,https://yoyaku.tabelog.com/yoyaku/tabelog_booking/send_remind/,https://www.google.com/maps/search/?api=1&query=%E9%A4%83%E5%AD%90%20%E3%81%99%E3%81%90%E3%82%8B%E3%82%84%20%E5%8C%97%E6%B5%B7%E9%81%93%E6%9C%AD%E5%B9%8C%E5%B8%82%E4%B8%AD%E5%A4%AE%E5%8C%BA%E5%8D%976%E6%9D%A1%E8%A5%BF3%E4%B8%81%E7%9B%AE%20%E3%83%8B%E3%83%A5%E3%83%BC%E5%85%AC%E6%A5%BD%EF%BC%91%E9%9A%8E,43.0537746,141.3545220,2024,餃子,gyoza,発表日：2024年6月25日
バーガーショップホットボックス,北海道函館市松風町3-11,食べログ 百名店: 2024 / ハンバーガー,https://tabelog.com/hokkaido/A0105/A010501/1044607/,https://yoyaku.tabelog.com/yoyaku/tabelog_booking/send_remind/,https://www.google.com/maps/search/?api=1&query=%E3%83%90%E3%83%BC%E3%82%AC%E3%83%BC%E3%82%B7%E3%83%A7%E3%83%83%E3%83%97%E3%83%9B%E3%83%83%E3%83%88%E3%83%9C%E3%83%83%E3%82%AF%E3%82%B9%20%E5%8C%97%E6%B5%B7%E9%81%93%E5%87%BD%E9%A4%A8%E5%B8%82%E6%9D%BE%E9%A2%A8%E7%94%BA3-11,41.7712196,140.7320899,2024,ハンバーガー,hamburger,発表日：2024年3月12日
ん。,秋田県秋田市中通5-5-39,食べログ 百名店: 2024 | 2025 / 居酒屋 EAST,https://tabelog.com/akita/A0501/A050101/5003686/,https://yoyaku.tabelog.com/yoyaku/tabelog_booking/send_remind/,https://www.google.com/maps/search/?api=1&query=%E3%82%93%E3%80%82%20%E7%A7%8B%E7%94%B0%E7%9C%8C%E7%A7%8B%E7%94%B0%E5%B8%82%E4%B8%AD%E9%80%9A5-5-39,39.7122504,140.1191887,2024 | 2025,居酒屋 EAST,izakaya_east,発表日：2024年10月8日 | 発表日：2025年10月1日
大友堀 トーチ,北海道札幌市中央区南二条東2-8-1 大都ビル 1F,食べログ 百名店: 2024 / 居酒屋 EAST,https://tabelog.com/hokkaido/A0101/A010102/1071307/,https://yoyaku.tabelog.com/yoyaku/tabelog_booking/send_remind/,https://www.google.com/maps/search/?api=1&query=%E5%A4%A7%E5%8F%8B%E5%A0%80%20%E3%83%88%E3%83%BC%E3%83%81%20%E5%8C%97%E6%B5%B7%E9%81%93%E6%9C%AD%E5%B9%8C%E5%B8%82%E4%B8%AD%E5%A4%AE%E5%8C%BA%E5%8D%97%E4%BA%8C%E6%9D%A1%E6%9D%B12-8-1%20%E5%A4%A7%E9%83%BD%E3%83%93%E3%83%AB%201F,43.0594792,141.3587858,2024,居酒屋 EAST,izakaya_east,発表日：2024年10月8日
酒盃,秋田県秋田市山王1-6-9,食べログ 百名店: 2024 | 2025 / 居酒屋 EAST,https://tabelog.com/akita/A0501/A050101/5000004/,https://yoyaku.tabelog.com/yoyaku/tabelog_booking/send_remind/,https://www.google.com/maps/search/?api=1&query=%E9%85%92%E7%9B%83%20%E7%A7%8B%E7%94%B0%E7%9C%8C%E7%A7%8B%E7%94%B0%E5%B8%82%E5%B1%B1%E7%8E%8B1-6-9,39.7221971,140.1018305,2024 | 2025,居酒屋 EAST,izakaya_east,発表日：2024年10月8日 | 発表日：2025年10月1日
旬菜旬魚 たじま,北海道函館市富岡町3-36-1,食べログ 百名店: 2024 | 2025 / 居酒屋 EAST,https://tabelog.com/hokkaido/A0105/A010501/1073561/,https://yoyaku.tabelog.com/yoyaku/tabelog_booking/send_remind/,https://www.google.com/maps/search/?api=1&query=%E6%97%AC%E8%8F%9C%E6%97%AC%E9%AD%9A%20%E3%81%9F%E3%81%98%E3%81%BE%20%E5%8C%97%E6%B5%B7%E9%81%93%E5%87%BD%E9%A4%A8%E5%B8%82%E5%AF%8C%E5%B2%A1%E7%94%BA3-36-1,41.8119258,140.7470659,2024 | 2025,居酒屋 EAST,izakaya_east,発表日：2024年10月8日 | 発表日：2025年10月1日
居酒屋 伝七,山形県山形市幸町5-1,食べログ 百名店: 2024 | 2025 / 居酒屋 EAST,https://tabelog.com/yamagata/A0601/A060101/6002200/,https://yoyaku.tabelog.com/yoyaku/tabelog_booking/send_remind/,https://www.google.com/maps/search/?api=1&query=%E5%B1%85%E9%85%92%E5%B1%8B%20%E4%BC%9D%E4%B8%83%20%E5%B1%B1%E5%BD%A2%E7%9C%8C%E5%B1%B1%E5%BD%A2%E5%B8%82%E5%B9%B8%E7%94%BA5-1,38.2474918,140.3283324,2024 | 2025,居酒屋 EAST,izakaya_east,発表日：2024年10月8日 | 発表日：2025年10月1日
二代目 佐平次,北海道函館市五稜郭町4-13,食べログ 百名店: 2024 | 2025 / 居酒屋 EAST,https://tabelog.com/hokkaido/A0105/A010501/1010526/,https://yoyaku.tabelog.com/yoyaku/tabelog_booking/send_remind/,https://www.google.com/maps/search/?api=1&query=%E4%BA%8C%E4%BB%A3%E7%9B%AE%20%E4%BD%90%E5%B9%B3%E6%AC%A1%20%E5%8C%97%E6%B5%B7%E9%81%93%E5%87%BD%E9%A4%A8%E5%B8%82%E4%BA%94%E7%A8%9C%E9%83%AD%E7%94%BA4-13,41.7939341,140.7514072,2024 | 2025,居酒屋 EAST,izakaya_east,発表日：2024年10月8日 | 発表日：2025年10月1日
味の店 いわし,岩手県盛岡市中央通2-11-7,食べログ 百名店: 2024 | 2025 / 居酒屋 EAST,https://tabelog.com/iwate/A0301/A030101/3011348/,https://yoyaku.tabelog.com/yoyaku/tabelog_booking/send_remind/,https://www.google.com/maps/search/?api=1&query=%E5%91%B3%E3%81%AE%E5%BA%97%20%E3%81%84%E3%82%8F%E3%81%97%20%E5%B2%A9%E6%89%8B%E7%9C%8C%E7%9B%9B%E5%B2%A1%E5%B8%82%E4%B8%AD%E5%A4%AE%E9%80%9A2-11-7,39.7039969,141.1443264,2024 | 2025,居酒屋 EAST,izakaya_east,発表日：2024年10月8日 | 発表日：2025年10月1日
永楽食堂,秋田県秋田市中通4-14-33,食べログ 百名店: 2024 | 2025 / 居酒屋 EAST,https://tabelog.com/akita/A0501/A050101/5010673/,https://yoyaku.tabelog.com/yoyaku/tabelog_booking/send_remind/,https://www.google.com/maps/search/?api=1&query=%E6%B0%B8%E6%A5%BD%E9%A3%9F%E5%A0%82%20%E7%A7%8B%E7%94%B0%E7%9C%8C%E7%A7%8B%E7%94%B0%E5%B8%82%E4%B8%AD%E9%80%9A4-14-33,39.7149168,140.1269005,2024 | 2025,居酒屋 EAST,izakaya_east,発表日：2024年10月8日 | 発表日：2025年10月1日
心粋厨房 獬,秋田県秋田市南通亀の町11-6,食べログ 百名店: 2024 | 2025 / 居酒屋 EAST,https://tabelog.com/akita/A0501/A050101/5007373/,https://yoyaku.tabelog.com/yoyaku/tabelog_booking/send_remind/,https://www.google.com/maps/search/?api=1&query=%E5%BF%83%E7%B2%8B%E5%8E%A8%E6%88%BF%20%E7%8D%AC%20%E7%A7%8B%E7%94%B0%E7%9C%8C%E7%A7%8B%E7%94%B0%E5%B8%82%E5%8D%97%E9%80%9A%E4%BA%80%E3%81%AE%E7%94%BA11-6,39.7117280,140.1213761,2024 | 2025,居酒屋 EAST,izakaya_east,発表日：2024年10月8日 | 発表日：2025年10月1日
すし居酒屋 樽,青森県青森市新町1-11-13,食べログ 百名店: 2024 | 2025 / 居酒屋 EAST,https://tabelog.com/aomori/A0201/A020101/2006270/,https://yoyaku.tabelog.com/yoyaku/tabelog_booking/send_remind/,https://www.google.com/maps/search/?api=1&query=%E3%81%99%E3%81%97%E5%B1%85%E9%85%92%E5%B1%8B%20%E6%A8%BD%20%E9%9D%92%E6%A3%AE%E7%9C%8C%E9%9D%92%E6%A3%AE%E5%B8%82%E6%96%B0%E7%94%BA1-11-13,40.8269888,140.7398067,2024 | 2025,居酒屋 EAST,izakaya_east,発表日：2024年10月8日 | 発表日：2025年10月1日
魚菜,北海道札幌市中央区南三条西5 三条美松ビル　４Ｆ,食べログ 百名店: 2024 | 2025 / 居酒屋 EAST,https://tabelog.com/hokkaido/A0101/A010103/1000426/,https://yoyaku.tabelog.com/yoyaku/tabelog_booking/send_remind/,https://www.google.com/maps/search/?api=1&query=%E9%AD%9A%E8%8F%9C%20%E5%8C%97%E6%B5%B7%E9%81%93%E6%9C%AD%E5%B9%8C%E5%B8%82%E4%B8%AD%E5%A4%AE%E5%8C%BA%E5%8D%97%E4%B8%89%E6%9D%A1%E8%A5%BF5%20%E4%B8%89%E6%9D%A1%E7%BE%8E%E6%9D%BE%E3%83%93%E3%83%AB%E3%80%80%EF%BC%94%EF%BC%A6,43.0568820,141.3507251,2024 | 2025,居酒屋 EAST,izakaya_east,発表日：2024年10月8日 | 発表日：2025年10月1日
独酌　三四郎,北海道旭川市2条通5丁目左7号,食べログ 百名店: 2024 | 2025 / 居酒屋 EAST,https://tabelog.com/hokkaido/A0104/A010401/1014057/,https://yoyaku.tabelog.com/yoyaku/tabelog_booking/send_remind/,https://www.google.com/maps/search/?api=1&query=%E7%8B%AC%E9%85%8C%E3%80%80%E4%B8%89%E5%9B%9B%E9%83%8E%20%E5%8C%97%E6%B5%B7%E9%81%93%E6%97%AD%E5%B7%9D%E5%B8%822%E6%9D%A1%E9%80%9A5%E4%B8%81%E7%9B%AE%E5%B7%A67%E5%8F%B7,43.7681968,142.3564681,2024 | 2025,居酒屋 EAST,izakaya_east,発表日：2024年10月8日 | 発表日：2025年10月1日
とっぴんぱらりのぷ,秋田県秋田市千秋久保田町4-5 秋田駅前ビル 5F,食べログ 百名店: 2024 | 2025 / 居酒屋 EAST,https://tabelog.com/akita/A0501/A050101/5007785/,https://tabelog.com/akita/A0501/A050101/5007785/?cid=google_yoyaku,https://www.google.com/maps/search/?api=1&query=%E3%81%A8%E3%81%A3%E3%81%B4%E3%82%93%E3%81%B1%E3%82%89%E3%82%8A%E3%81%AE%E3%81%B7%20%E7%A7%8B%E7%94%B0%E7%9C%8C%E7%A7%8B%E7%94%B0%E5%B8%82%E5%8D%83%E7%A7%8B%E4%B9%85%E4%BF%9D%E7%94%B0%E7%94%BA4-5%20%E7%A7%8B%E7%94%B0%E9%A7%85%E5%89%8D%E3%83%93%E3%83%AB%205F,39.7177009,140.1280594,2024 | 2025,居酒屋 EAST,izakaya_east,発表日：2024年10月8日 | 発表日：2025年10月1日
番屋ながさわ,岩手県盛岡市菜園2-6-1,食べログ 百名店: 2024 / 居酒屋 EAST,https://tabelog.com/iwate/A0301/A030101/3000400/,https://tabelog.com/iwate/A0301/A030101/3000400/?cid=google_yoyaku,https://www.google.com/maps/search/?api=1&query=%E7%95%AA%E5%B1%8B%E3%81%AA%E3%81%8C%E3%81%95%E3%82%8F%20%E5%B2%A9%E6%89%8B%E7%9C%8C%E7%9B%9B%E5%B2%A1%E5%B8%82%E8%8F%9C%E5%9C%922-6-1,39.7018070,141.1456028,2024,居酒屋 EAST,izakaya_east,発表日：2024年10月8日
ばんや,青森県八戸市朔日町4,食べログ 百名店: 2024 | 2025 / 居酒屋 EAST,https://tabelog.com/aomori/A0203/A020301/2000410/,https://yoyaku.tabelog.com/yoyaku/tabelog_booking/send_remind/,https://www.google.com/maps/search/?api=1&query=%E3%81%B0%E3%82%93%E3%82%84%20%E9%9D%92%E6%A3%AE%E7%9C%8C%E5%85%AB%E6%88%B8%E5%B8%82%E6%9C%94%E6%97%A5%E7%94%BA4,40.5096103,141.4922218,2024 | 2025,居酒屋 EAST,izakaya_east,発表日：2024年10月8日 | 発表日：2025年10月1日
秋田長屋酒場,秋田県秋田市中通4-16-17,食べログ 百名店: 2024 / 居酒屋 EAST,https://tabelog.com/akita/A0501/A050101/5000248/,https://tabelog.com/akita/A0501/A050101/5000248/?cid=google_yoyaku,https://www.google.com/maps/search/?api=1&query=%E7%A7%8B%E7%94%B0%E9%95%B7%E5%B1%8B%E9%85%92%E5%A0%B4%20%E7%A7%8B%E7%94%B0%E7%9C%8C%E7%A7%8B%E7%94%B0%E5%B8%82%E4%B8%AD%E9%80%9A4-16-17,39.7153211,140.1277232,2024,居酒屋 EAST,izakaya_east,発表日：2024年10月8日
さけ富,秋田県秋田市大町5-1-27 なかや大町ビル 1F,食べログ 百名店: 2024 | 2025 / 居酒屋 EAST,https://tabelog.com/akita/A0501/A050101/5008588/,https://tabelog.com/akita/A0501/A050101/5008588/?cid=google_yoyaku,https://www.google.com/maps/search/?api=1&query=%E3%81%95%E3%81%91%E5%AF%8C%20%E7%A7%8B%E7%94%B0%E7%9C%8C%E7%A7%8B%E7%94%B0%E5%B8%82%E5%A4%A7%E7%94%BA5-1-27%20%E3%81%AA%E3%81%8B%E3%82%84%E5%A4%A7%E7%94%BA%E3%83%93%E3%83%AB%201F,39.7128507,140.1161959,2024 | 2025,居酒屋 EAST,izakaya_east,発表日：2024年10月8日 | 発表日：2025年10月1日
居酒屋 ちょーちょ,宮城県仙台市青葉区国分町3-4-21 第2旭ビル 105,食べログ 百名店: 2024 | 2025 / 居酒屋 EAST,https://tabelog.com/miyagi/A0401/A040101/4025521/,https://yoyaku.tabelog.com/yoyaku/tabelog_booking/send_remind/,https://www.google.com/maps/search/?api=1&query=%E5%B1%85%E9%85%92%E5%B1%8B%20%E3%81%A1%E3%82%87%E3%83%BC%E3%81%A1%E3%82%87%20%E5%AE%AE%E5%9F%8E%E7%9C%8C%E4%BB%99%E5%8F%B0%E5%B8%82%E9%9D%92%E8%91%89%E5%8C%BA%E5%9B%BD%E5%88%86%E7%94%BA3-4-21%20%E7%AC%AC2%E6%97%AD%E3%83%93%E3%83%AB%20105,38.2665403,140.8671518,2024 | 2025,居酒屋 EAST,izakaya_east,発表日：2024年10月8日 | 発表日：2025年10月1日
夜ノ焼魚 ちょーちょむすび,宮城県仙台市青葉区上杉1-7-32 1F,食べログ 百名店: 2024 | 2025 / 居酒屋 EAST,https://tabelog.com/miyagi/A0401/A040101/4018576/,https://yoyaku.tabelog.com/yoyaku/tabelog_booking/send_remind/,https://www.google.com/maps/search/?api=1&query=%E5%A4%9C%E3%83%8E%E7%84%BC%E9%AD%9A%20%E3%81%A1%E3%82%87%E3%83%BC%E3%81%A1%E3%82%87%E3%82%80%E3%81%99%E3%81%B3%20%E5%AE%AE%E5%9F%8E%E7%9C%8C%E4%BB%99%E5%8F%B0%E5%B8%82%E9%9D%92%E8%91%89%E5%8C%BA%E4%B8%8A%E6%9D%891-7-32%201F,38.2708092,140.8707902,2024 | 2025,居酒屋 EAST,izakaya_east,発表日：2024年10月8日 | 発表日：2025年10月1日
酒日和 縁屋,北海道札幌市中央区南六条西3丁目6-14 秋水ビル 2F,食べログ 百名店: 2024 / 居酒屋 EAST,https://tabelog.com/hokkaido/A0101/A010103/1044255/,https://tabelog.com/hokkaido/A0101/A010103/1044255/?cid=google_yoyaku,https://www.google.com/maps/search/?api=1&query=%E9%85%92%E6%97%A5%E5%92%8C%20%E7%B8%81%E5%B1%8B%20%E5%8C%97%E6%B5%B7%E9%81%93%E6%9C%AD%E5%B9%8C%E5%B8%82%E4%B8%AD%E5%A4%AE%E5%8C%BA%E5%8D%97%E5%85%AD%E6%9D%A1%E8%A5%BF3%E4%B8%81%E7%9B%AE6-14%20%E7%A7%8B%E6%B0%B4%E3%83%93%E3%83%AB%202F,43.0536206,141.3547290,2024,居酒屋 EAST,izakaya_east,発表日：2024年10月8日
若鶏時代 なると 本店,北海道小樽市稲穂3-16-13,食べログ 百名店: 2024 / 居酒屋 EAST,https://tabelog.com/hokkaido/A0106/A010601/1000906/,https://yoyaku.tabelog.com/yoyaku/tabelog_booking/send_remind/,https://www.google.com/maps/search/?api=1&query=%E8%8B%A5%E9%B6%8F%E6%99%82%E4%BB%A3%20%E3%81%AA%E3%82%8B%E3%81%A8%20%E6%9C%AC%E5%BA%97%20%E5%8C%97%E6%B5%B7%E9%81%93%E5%B0%8F%E6%A8%BD%E5%B8%82%E7%A8%B2%E7%A9%823-16-13,43.2003813,140.9951037,2024,居酒屋 EAST,izakaya_east,発表日：2024年10月8日
会津 田舎家,福島県喜多方市梅竹7276-2,食べログ 百名店: 2024 / 居酒屋 EAST,https://tabelog.com/fukushima/A0706/A070601/7000975/,https://tabelog.com/fukushima/A0706/A070601/7000975/?cid=google_yoyaku,https://www.google.com/maps/search/?api=1&query=%E4%BC%9A%E6%B4%A5%20%E7%94%B0%E8%88%8E%E5%AE%B6%20%E7%A6%8F%E5%B3%B6%E7%9C%8C%E5%96%9C%E5%A4%9A%E6%96%B9%E5%B8%82%E6%A2%85%E7%AB%B97276-2,37.6502889,139.8753763,2024,居酒屋 EAST,izakaya_east,発表日：2024年10月8日
氏ノ木,宮城県仙台市青葉区一番町1-6-19 壱番館ビル 1F,食べログ 百名店: 2024 | 2025 / 居酒屋 EAST,https://tabelog.com/miyagi/A0401/A040101/4016692/,https://yoyaku.tabelog.com/yoyaku/tabelog_booking/send_remind/,https://www.google.com/maps/search/?api=1&query=%E6%B0%8F%E3%83%8E%E6%9C%A8%20%E5%AE%AE%E5%9F%8E%E7%9C%8C%E4%BB%99%E5%8F%B0%E5%B8%82%E9%9D%92%E8%91%89%E5%8C%BA%E4%B8%80%E7%95%AA%E7%94%BA1-6-19%20%E5%A3%B1%E7%95%AA%E9%A4%A8%E3%83%93%E3%83%AB%201F,38.2570052,140.8734839,2024 | 2025,居酒屋 EAST,izakaya_east,発表日：2024年10月8日 | 発表日：2025年10月1日
はすや,青森県弘前市上瓦ケ町1-1,食べログ 百名店: 2024 | 2025 / 居酒屋 EAST,https://tabelog.com/aomori/A0202/A020201/2007573/,https://yoyaku.tabelog.com/yoyaku/tabelog_booking/send_remind/,https://www.google.com/maps/search/?api=1&query=%E3%81%AF%E3%81%99%E3%82%84%20%E9%9D%92%E6%A3%AE%E7%9C%8C%E5%BC%98%E5%89%8D%E5%B8%82%E4%B8%8A%E7%93%A6%E3%82%B1%E7%94%BA1-1,40.5992774,140.4755772,2024 | 2025,居酒屋 EAST,izakaya_east,発表日：2024年10月8日 | 発表日：2025年10月1日
酒庵 田なか,秋田県秋田市泉中央2-6-14,食べログ 百名店: 2024 | 2025 / 居酒屋 EAST,https://tabelog.com/akita/A0501/A050101/5000620/,https://yoyaku.tabelog.com/yoyaku/tabelog_booking/send_remind/,https://www.google.com/maps/search/?api=1&query=%E9%85%92%E5%BA%B5%20%E7%94%B0%E3%81%AA%E3%81%8B%20%E7%A7%8B%E7%94%B0%E7%9C%8C%E7%A7%8B%E7%94%B0%E5%B8%82%E6%B3%89%E4%B8%AD%E5%A4%AE2-6-14,39.7340216,140.1037238,2024 | 2025,居酒屋 EAST,izakaya_east,発表日：2024年10月8日 | 発表日：2025年10月1日
源氏,宮城県仙台市青葉区一番町2-4-8,食べログ 百名店: 2024 | 2025 / 居酒屋 EAST,https://tabelog.com/miyagi/A0401/A040101/4000031/,https://yoyaku.tabelog.com/yoyaku/tabelog_booking/send_remind/,https://www.google.com/maps/search/?api=1&query=%E6%BA%90%E6%B0%8F%20%E5%AE%AE%E5%9F%8E%E7%9C%8C%E4%BB%99%E5%8F%B0%E5%B8%82%E9%9D%92%E8%91%89%E5%8C%BA%E4%B8%80%E7%95%AA%E7%94%BA2-4-8,38.2593138,140.8733455,2024 | 2025,居酒屋 EAST,izakaya_east,発表日：2024年10月8日 | 発表日：2025年10月1日
白雪,宮城県仙台市青葉区大町2-6-17 HALBLD.1F,食べログ 百名店: 2024 | 2025 / 居酒屋 EAST,https://tabelog.com/miyagi/A0401/A040101/4012960/,https://yoyaku.tabelog.com/yoyaku/tabelog_booking/send_remind/,https://www.google.com/maps/search/?api=1&query=%E7%99%BD%E9%9B%AA%20%E5%AE%AE%E5%9F%8E%E7%9C%8C%E4%BB%99%E5%8F%B0%E5%B8%82%E9%9D%92%E8%91%89%E5%8C%BA%E5%A4%A7%E7%94%BA2-6-17%20HALBLD.1F,38.2605078,140.8679971,2024 | 2025,居酒屋 EAST,izakaya_east,発表日：2024年10月8日 | 発表日：2025年10月1日
ケンチャンラーメン 山形,山形県山形市西田2-1-17,食べログ 百名店: 2024 | 2025 / ラーメン EAST,https://tabelog.com/yamagata/A0601/A060101/6000555/,https://yoyaku.tabelog.com/yoyaku/tabelog_booking/send_remind/,https://www.google.com/maps/search/?api=1&query=%E3%82%B1%E3%83%B3%E3%83%81%E3%83%A3%E3%83%B3%E3%83%A9%E3%83%BC%E3%83%A1%E3%83%B3%20%E5%B1%B1%E5%BD%A2%20%E5%B1%B1%E5%BD%A2%E7%9C%8C%E5%B1%B1%E5%BD%A2%E5%B8%82%E8%A5%BF%E7%94%B02-1-17,38.2629906,140.3153989,2024 | 2025,ラーメン EAST,ramen_east,発表日：2024年12月3日 | 発表日：2025年12月2日
中華そば ひらこ屋,青森県青森市新城山田588-16,食べログ 百名店: 2024 / ラーメン EAST,https://tabelog.com/aomori/A0201/A020101/2000625/,https://yoyaku.tabelog.com/yoyaku/tabelog_booking/send_remind/,https://www.google.com/maps/search/?api=1&query=%E4%B8%AD%E8%8F%AF%E3%81%9D%E3%81%B0%20%E3%81%B2%E3%82%89%E3%81%93%E5%B1%8B%20%E9%9D%92%E6%A3%AE%E7%9C%8C%E9%9D%92%E6%A3%AE%E5%B8%82%E6%96%B0%E5%9F%8E%E5%B1%B1%E7%94%B0588-16,40.8328436,140.6694071,2024,ラーメン EAST,ramen_east,発表日：2024年12月3日
喜一,福島県喜多方市関柴町上高額境田635-7,食べログ 百名店: 2024 | 2025 / ラーメン EAST,https://tabelog.com/fukushima/A0706/A070601/7000556/,https://yoyaku.tabelog.com/yoyaku/tabelog_booking/send_remind/,https://www.google.com/maps/search/?api=1&query=%E5%96%9C%E4%B8%80%20%E7%A6%8F%E5%B3%B6%E7%9C%8C%E5%96%9C%E5%A4%9A%E6%96%B9%E5%B8%82%E9%96%A2%E6%9F%B4%E7%94%BA%E4%B8%8A%E9%AB%98%E9%A1%8D%E5%A2%83%E7%94%B0635-7,37.6471450,139.8822734,2024 | 2025,ラーメン EAST,ramen_east,発表日：2024年12月3日 | 発表日：2025年12月2日
みずさわ屋,宮城県仙台市青葉区栗生5-22-3,食べログ 百名店: 2024 | 2025 / ラーメン EAST,https://tabelog.com/miyagi/A0401/A040101/4000181/,https://yoyaku.tabelog.com/yoyaku/tabelog_booking/send_remind/,https://www.google.com/maps/search/?api=1&query=%E3%81%BF%E3%81%9A%E3%81%95%E3%82%8F%E5%B1%8B%20%E5%AE%AE%E5%9F%8E%E7%9C%8C%E4%BB%99%E5%8F%B0%E5%B8%82%E9%9D%92%E8%91%89%E5%8C%BA%E6%A0%97%E7%94%9F5-22-3,38.2691314,140.7903791,2024 | 2025,ラーメン EAST,ramen_east,発表日：2024年12月3日 | 発表日：2025年12月2日
だし廊 仙台南町通り本店,宮城県仙台市青葉区一番町2-2-11 TKビル 1F,食べログ 百名店: 2024 | 2025 / ラーメン EAST,https://tabelog.com/miyagi/A0401/A040101/4019493/,https://yoyaku.tabelog.com/yoyaku/tabelog_booking/send_remind/,https://www.google.com/maps/search/?api=1&query=%E3%81%A0%E3%81%97%E5%BB%8A%20%E4%BB%99%E5%8F%B0%E5%8D%97%E7%94%BA%E9%80%9A%E3%82%8A%E6%9C%AC%E5%BA%97%20%E5%AE%AE%E5%9F%8E%E7%9C%8C%E4%BB%99%E5%8F%B0%E5%B8%82%E9%9D%92%E8%91%89%E5%8C%BA%E4%B8%80%E7%95%AA%E7%94%BA2-2-11%20TK%E3%83%93%E3%83%AB%201F,38.2585860,140.8749303,2024 | 2025,ラーメン EAST,ramen_east,発表日：2024年12月3日 | 発表日：2025年12月2日
あらとん 本店,北海道札幌市中央区北十条西21-15-1 札幌場外市場　食堂長屋,食べログ 百名店: 2024 | 2025 / ラーメン HOKKAIDO,https://tabelog.com/hokkaido/A0101/A010105/1004170/,https://yoyaku.tabelog.com/yoyaku/tabelog_booking/send_remind/,https://www.google.com/maps/search/?api=1&query=%E3%81%82%E3%82%89%E3%81%A8%E3%82%93%20%E6%9C%AC%E5%BA%97%20%E5%8C%97%E6%B5%B7%E9%81%93%E6%9C%AD%E5%B9%8C%E5%B8%82%E4%B8%AD%E5%A4%AE%E5%8C%BA%E5%8C%97%E5%8D%81%E6%9D%A1%E8%A5%BF21-15-1%20%E6%9C%AD%E5%B9%8C%E5%A0%B4%E5%A4%96%E5%B8%82%E5%A0%B4%E3%80%80%E9%A3%9F%E5%A0%82%E9%95%B7%E5%B1%8B,43.0697346,141.3208729,2024 | 2025,ラーメン HOKKAIDO,ramen_hokkaido,発表日：2024年12月3日 | 発表日：2025年12月2日
けやき すすきの本店,北海道札幌市中央区南六条西3 睦ビル 1F,食べログ 百名店: 2024 | 2025 / ラーメン HOKKAIDO,https://tabelog.com/hokkaido/A0101/A010103/1000150/,https://yoyaku.tabelog.com/yoyaku/tabelog_booking/send_remind/,https://www.google.com/maps/search/?api=1&query=%E3%81%91%E3%82%84%E3%81%8D%20%E3%81%99%E3%81%99%E3%81%8D%E3%81%AE%E6%9C%AC%E5%BA%97%20%E5%8C%97%E6%B5%B7%E9%81%93%E6%9C%AD%E5%B9%8C%E5%B8%82%E4%B8%AD%E5%A4%AE%E5%8C%BA%E5%8D%97%E5%85%AD%E6%9D%A1%E8%A5%BF3%20%E7%9D%A6%E3%83%93%E3%83%AB%201F,43.0539000,141.3544830,2024 | 2025,ラーメン HOKKAIDO,ramen_hokkaido,発表日：2024年12月3日 | 発表日：2025年12月2日
味の大王 総本店,北海道苫小牧市字植苗138-3,食べログ 百名店: 2024 | 2025 / ラーメン HOKKAIDO,https://tabelog.com/hokkaido/A0108/A010802/1003490/,https://yoyaku.tabelog.com/yoyaku/tabelog_booking/send_remind/,https://www.google.com/maps/search/?api=1&query=%E5%91%B3%E3%81%AE%E5%A4%A7%E7%8E%8B%20%E7%B7%8F%E6%9C%AC%E5%BA%97%20%E5%8C%97%E6%B5%B7%E9%81%93%E8%8B%AB%E5%B0%8F%E7%89%A7%E5%B8%82%E5%AD%97%E6%A4%8D%E8%8B%97138-3,42.7151177,141.7070385,2024 | 2025,ラーメン HOKKAIDO,ramen_hokkaido,発表日：2024年12月3日 | 発表日：2025年12月2日
まるたかラーメン,北海道札幌市北区北十一条西4-1-28 三上コーポ　1Ｆ,食べログ 百名店: 2024 | 2025 / ラーメン HOKKAIDO,https://tabelog.com/hokkaido/A0101/A010201/1001347/,https://yoyaku.tabelog.com/yoyaku/tabelog_booking/send_remind/,https://www.google.com/maps/search/?api=1&query=%E3%81%BE%E3%82%8B%E3%81%9F%E3%81%8B%E3%83%A9%E3%83%BC%E3%83%A1%E3%83%B3%20%E5%8C%97%E6%B5%B7%E9%81%93%E6%9C%AD%E5%B9%8C%E5%B8%82%E5%8C%97%E5%8C%BA%E5%8C%97%E5%8D%81%E4%B8%80%E6%9D%A1%E8%A5%BF4-1-28%20%E4%B8%89%E4%B8%8A%E3%82%B3%E3%83%BC%E3%83%9D%E3%80%801%EF%BC%A6,43.0736988,141.3480898,2024 | 2025,ラーメン HOKKAIDO,ramen_hokkaido,発表日：2024年12月3日 | 発表日：2025年12月2日
"雨は、やさしく NO,2",北海道札幌市東区北七条東3-1-1,食べログ 百名店: 2024 | 2025 / ラーメン HOKKAIDO,https://tabelog.com/hokkaido/A0101/A010202/1055806/,https://yoyaku.tabelog.com/yoyaku/tabelog_booking/send_remind/,https://www.google.com/maps/search/?api=1&query=%E9%9B%A8%E3%81%AF%E3%80%81%E3%82%84%E3%81%95%E3%81%97%E3%81%8F%20NO%2C2%20%E5%8C%97%E6%B5%B7%E9%81%93%E6%9C%AD%E5%B9%8C%E5%B8%82%E6%9D%B1%E5%8C%BA%E5%8C%97%E4%B8%83%E6%9D%A1%E6%9D%B13-1-1,43.0714032,141.3593625,2024 | 2025,ラーメン HOKKAIDO,ramen_hokkaido,発表日：2024年12月3日 | 発表日：2025年12月2日
札幌らーめん輝風 すすきの店,北海道札幌市中央区南5条西3-1 大松ビル 1F,食べログ 百名店: 2024 | 2025 / ラーメン HOKKAIDO,https://tabelog.com/hokkaido/A0101/A010103/1060348/,https://tabelog.com/hokkaido/A0101/A010103/1060348/?cid=google_yoyaku,https://www.google.com/maps/search/?api=1&query=%E6%9C%AD%E5%B9%8C%E3%82%89%E3%83%BC%E3%82%81%E3%82%93%E8%BC%9D%E9%A2%A8%20%E3%81%99%E3%81%99%E3%81%8D%E3%81%AE%E5%BA%97%20%E5%8C%97%E6%B5%B7%E9%81%93%E6%9C%AD%E5%B9%8C%E5%B8%82%E4%B8%AD%E5%A4%AE%E5%8C%BA%E5%8D%975%E6%9D%A1%E8%A5%BF3-1%20%E5%A4%A7%E6%9D%BE%E3%83%93%E3%83%AB%201F,43.0544099,141.3547189,2024 | 2025,ラーメン HOKKAIDO,ramen_hokkaido,発表日：2024年12月3日 | 発表日：2025年12月2日
四代目麺処 ゆうじ,北海道札幌市北区新琴似8条8丁目1-1,食べログ 百名店: 2024 | 2025 / ラーメン HOKKAIDO,https://tabelog.com/hokkaido/A0101/A010201/1030914/,https://yoyaku.tabelog.com/yoyaku/tabelog_booking/send_remind/,https://www.google.com/maps/search/?api=1&query=%E5%9B%9B%E4%BB%A3%E7%9B%AE%E9%BA%BA%E5%87%A6%20%E3%82%86%E3%81%86%E3%81%98%20%E5%8C%97%E6%B5%B7%E9%81%93%E6%9C%AD%E5%B9%8C%E5%B8%82%E5%8C%97%E5%8C%BA%E6%96%B0%E7%90%B4%E4%BC%BC8%E6%9D%A18%E4%B8%81%E7%9B%AE1-1,43.1167266,141.3245798,2024 | 2025,ラーメン HOKKAIDO,ramen_hokkaido,発表日：2024年12月3日 | 発表日：2025年12月2日
らーめん みかん,北海道小樽市新富町13-13,食べログ 百名店: 2024 | 2025 / ラーメン HOKKAIDO,https://tabelog.com/hokkaido/A0106/A010601/1000904/,https://yoyaku.tabelog.com/yoyaku/tabelog_booking/send_remind/,https://www.google.com/maps/search/?api=1&query=%E3%82%89%E3%83%BC%E3%82%81%E3%82%93%20%E3%81%BF%E3%81%8B%E3%82%93%20%E5%8C%97%E6%B5%B7%E9%81%93%E5%B0%8F%E6%A8%BD%E5%B8%82%E6%96%B0%E5%AF%8C%E7%94%BA13-13,43.1819818,141.0095003,2024 | 2025,ラーメン HOKKAIDO,ramen_hokkaido,発表日：2024年12月3日 | 発表日：2025年12月2日
らーめん初代 小樽本店,北海道小樽市住吉町14-8,食べログ 百名店: 2024 | 2025 / ラーメン HOKKAIDO,https://tabelog.com/hokkaido/A0106/A010601/1000282/,https://yoyaku.tabelog.com/yoyaku/tabelog_booking/send_remind/,https://www.google.com/maps/search/?api=1&query=%E3%82%89%E3%83%BC%E3%82%81%E3%82%93%E5%88%9D%E4%BB%A3%20%E5%B0%8F%E6%A8%BD%E6%9C%AC%E5%BA%97%20%E5%8C%97%E6%B5%B7%E9%81%93%E5%B0%8F%E6%A8%BD%E5%B8%82%E4%BD%8F%E5%90%89%E7%94%BA14-8,43.1869952,141.0109528,2024 | 2025,ラーメン HOKKAIDO,ramen_hokkaido,発表日：2024年12月3日 | 発表日：2025年12月2日
IOrI,北海道千歳市住吉1-12-2,食べログ 百名店: 2024 | 2025 / ラーメン HOKKAIDO,https://tabelog.com/hokkaido/A0107/A010701/1029291/,https://yoyaku.tabelog.com/yoyaku/tabelog_booking/send_remind/,https://www.google.com/maps/search/?api=1&query=IOrI%20%E5%8C%97%E6%B5%B7%E9%81%93%E5%8D%83%E6%AD%B3%E5%B8%82%E4%BD%8F%E5%90%891-12-2,42.8358736,141.6601081,2024 | 2025,ラーメン HOKKAIDO,ramen_hokkaido,発表日：2024年12月3日 | 発表日：2025年12月2日
札幌味噌ラーメン専門店 けやき 新千歳空港店,北海道千歳市美々987-22 新千歳空港 国内線ターミナルビル 3F,食べログ 百名店: 2024 | 2025 / ラーメン HOKKAIDO,https://tabelog.com/hokkaido/A0107/A010701/1042872/,https://yoyaku.tabelog.com/yoyaku/tabelog_booking/send_remind/,https://www.google.com/maps/search/?api=1&query=%E6%9C%AD%E5%B9%8C%E5%91%B3%E5%99%8C%E3%83%A9%E3%83%BC%E3%83%A1%E3%83%B3%E5%B0%82%E9%96%80%E5%BA%97%20%E3%81%91%E3%82%84%E3%81%8D%20%E6%96%B0%E5%8D%83%E6%AD%B3%E7%A9%BA%E6%B8%AF%E5%BA%97%20%E5%8C%97%E6%B5%B7%E9%81%93%E5%8D%83%E6%AD%B3%E5%B8%82%E7%BE%8E%E3%80%85987-22%20%E6%96%B0%E5%8D%83%E6%AD%B3%E7%A9%BA%E6%B8%AF%20%E5%9B%BD%E5%86%85%E7%B7%9A%E3%82%BF%E3%83%BC%E3%83%9F%E3%83%8A%E3%83%AB%E3%83%93%E3%83%AB%203F,42.7879879,141.6801456,2024 | 2025,ラーメン HOKKAIDO,ramen_hokkaido,発表日：2024年12月3日 | 発表日：2025年12月2日
はこだて塩らーめん　しなの,北海道函館市若松町20-10,食べログ 百名店: 2024 | 2025 / ラーメン HOKKAIDO,https://tabelog.com/hokkaido/A0105/A010501/1020986/,https://yoyaku.tabelog.com/yoyaku/tabelog_booking/send_remind/,https://www.google.com/maps/search/?api=1&query=%E3%81%AF%E3%81%93%E3%81%A0%E3%81%A6%E5%A1%A9%E3%82%89%E3%83%BC%E3%82%81%E3%82%93%E3%80%80%E3%81%97%E3%81%AA%E3%81%AE%20%E5%8C%97%E6%B5%B7%E9%81%93%E5%87%BD%E9%A4%A8%E5%B8%82%E8%8B%A5%E6%9D%BE%E7%94%BA20-10,41.7734792,140.7287289,2024 | 2025,ラーメン HOKKAIDO,ramen_hokkaido,発表日：2024年12月3日 | 発表日：2025年12月2日
虎,北海道札幌市清田区北野3条3丁目15-30,食べログ 百名店: 2024 | 2025 / ラーメン HOKKAIDO,https://tabelog.com/hokkaido/A0101/A010304/1024014/,https://yoyaku.tabelog.com/yoyaku/tabelog_booking/send_remind/,https://www.google.com/maps/search/?api=1&query=%E8%99%8E%20%E5%8C%97%E6%B5%B7%E9%81%93%E6%9C%AD%E5%B9%8C%E5%B8%82%E6%B8%85%E7%94%B0%E5%8C%BA%E5%8C%97%E9%87%8E3%E6%9D%A13%E4%B8%81%E7%9B%AE15-30,43.0095750,141.4374464,2024 | 2025,ラーメン HOKKAIDO,ramen_hokkaido,発表日：2024年12月3日 | 発表日：2025年12月2日
春一家 三代目 麺宿 本店,北海道札幌市豊平区美園11条6-1,食べログ 百名店: 2024 | 2025 / ラーメン HOKKAIDO,https://tabelog.com/hokkaido/A0101/A010303/1028192/,https://yoyaku.tabelog.com/yoyaku/tabelog_booking/send_remind/,https://www.google.com/maps/search/?api=1&query=%E6%98%A5%E4%B8%80%E5%AE%B6%20%E4%B8%89%E4%BB%A3%E7%9B%AE%20%E9%BA%BA%E5%AE%BF%20%E6%9C%AC%E5%BA%97%20%E5%8C%97%E6%B5%B7%E9%81%93%E6%9C%AD%E5%B9%8C%E5%B8%82%E8%B1%8A%E5%B9%B3%E5%8C%BA%E7%BE%8E%E5%9C%9211%E6%9D%A16-1,43.0345000,141.3815202,2024 | 2025,ラーメン HOKKAIDO,ramen_hokkaido,発表日：2024年12月3日 | 発表日：2025年12月2日
旭川らぅめん青葉 本店,北海道旭川市二条通8丁目左8 二条ビル　名店街,食べログ 百名店: 2024 | 2025 / ラーメン HOKKAIDO,https://tabelog.com/hokkaido/A0104/A010401/1000314/,https://yoyaku.tabelog.com/yoyaku/tabelog_booking/send_remind/,https://www.google.com/maps/search/?api=1&query=%E6%97%AD%E5%B7%9D%E3%82%89%E3%81%85%E3%82%81%E3%82%93%E9%9D%92%E8%91%89%20%E6%9C%AC%E5%BA%97%20%E5%8C%97%E6%B5%B7%E9%81%93%E6%97%AD%E5%B7%9D%E5%B8%82%E4%BA%8C%E6%9D%A1%E9%80%9A8%E4%B8%81%E7%9B%AE%E5%B7%A68%20%E4%BA%8C%E6%9D%A1%E3%83%93%E3%83%AB%E3%80%80%E5%90%8D%E5%BA%97%E8%A1%97,43.7667400,142.3612049,2024 | 2025,ラーメン HOKKAIDO,ramen_hokkaido,発表日：2024年12月3日 | 発表日：2025年12月2日
滋養軒,北海道函館市松風町7-12,食べログ 百名店: 2024 | 2025 / ラーメン HOKKAIDO,https://tabelog.com/hokkaido/A0105/A010501/1007287/,https://yoyaku.tabelog.com/yoyaku/tabelog_booking/send_remind/,https://www.google.com/maps/search/?api=1&query=%E6%BB%8B%E9%A4%8A%E8%BB%92%20%E5%8C%97%E6%B5%B7%E9%81%93%E5%87%BD%E9%A4%A8%E5%B8%82%E6%9D%BE%E9%A2%A8%E7%94%BA7-12,41.7730822,140.7308575,2024 | 2025,ラーメン HOKKAIDO,ramen_hokkaido,発表日：2024年12月3日 | 発表日：2025年12月2日
すみれ 中の島本店,北海道札幌市豊平区中の島2条4-7-28,食べログ 百名店: 2024 | 2025 / ラーメン HOKKAIDO,https://tabelog.com/hokkaido/A0101/A010303/1000134/,https://yoyaku.tabelog.com/yoyaku/tabelog_booking/send_remind/,https://www.google.com/maps/search/?api=1&query=%E3%81%99%E3%81%BF%E3%82%8C%20%E4%B8%AD%E3%81%AE%E5%B3%B6%E6%9C%AC%E5%BA%97%20%E5%8C%97%E6%B5%B7%E9%81%93%E6%9C%AD%E5%B9%8C%E5%B8%82%E8%B1%8A%E5%B9%B3%E5%8C%BA%E4%B8%AD%E3%81%AE%E5%B3%B62%E6%9D%A14-7-28,43.0326818,141.3616296,2024 | 2025,ラーメン HOKKAIDO,ramen_hokkaido,発表日：2024年12月3日 | 発表日：2025年12月2日
中華そば カリフォルニア,北海道札幌市白石区菊水3条4-4-6 ビバ菊水 1F,食べログ 百名店: 2024 | 2025 / ラーメン HOKKAIDO,https://tabelog.com/hokkaido/A0101/A010301/1049040/,https://yoyaku.tabelog.com/yoyaku/tabelog_booking/send_remind/,https://www.google.com/maps/search/?api=1&query=%E4%B8%AD%E8%8F%AF%E3%81%9D%E3%81%B0%20%E3%82%AB%E3%83%AA%E3%83%95%E3%82%A9%E3%83%AB%E3%83%8B%E3%82%A2%20%E5%8C%97%E6%B5%B7%E9%81%93%E6%9C%AD%E5%B9%8C%E5%B8%82%E7%99%BD%E7%9F%B3%E5%8C%BA%E8%8F%8A%E6%B0%B43%E6%9D%A14-4-6%20%E3%83%93%E3%83%90%E8%8F%8A%E6%B0%B4%201F,43.0543339,141.3769089,2024 | 2025,ラーメン HOKKAIDO,ramen_hokkaido,発表日：2024年12月3日 | 発表日：2025年12月2日
麺処まるは BEYOND,北海道札幌市豊平区平岸3条13-7-7 第3アメニティ藤川 101,食べログ 百名店: 2024 | 2025 / ラーメン HOKKAIDO,https://tabelog.com/hokkaido/A0101/A010303/1067548/,https://yoyaku.tabelog.com/yoyaku/tabelog_booking/send_remind/,https://www.google.com/maps/search/?api=1&query=%E9%BA%BA%E5%87%A6%E3%81%BE%E3%82%8B%E3%81%AF%20BEYOND%20%E5%8C%97%E6%B5%B7%E9%81%93%E6%9C%AD%E5%B9%8C%E5%B8%82%E8%B1%8A%E5%B9%B3%E5%8C%BA%E5%B9%B3%E5%B2%B83%E6%9D%A113-7-7%20%E7%AC%AC3%E3%82%A2%E3%83%A1%E3%83%8B%E3%83%86%E3%82%A3%E8%97%A4%E5%B7%9D%20101,43.0271729,141.3711891,2024 | 2025,ラーメン HOKKAIDO,ramen_hokkaido,発表日：2024年12月3日 | 発表日：2025年12月2日
ふじ屋 NOODLE,北海道札幌市中央区南4条西3 第3グリーンビル 1F 新ラーメン横丁,食べログ 百名店: 2024 | 2025 / ラーメン HOKKAIDO,https://tabelog.com/hokkaido/A0101/A010103/1051218/,https://yoyaku.tabelog.com/yoyaku/tabelog_booking/send_remind/,https://www.google.com/maps/search/?api=1&query=%E3%81%B5%E3%81%98%E5%B1%8B%20NOODLE%20%E5%8C%97%E6%B5%B7%E9%81%93%E6%9C%AD%E5%B9%8C%E5%B8%82%E4%B8%AD%E5%A4%AE%E5%8C%BA%E5%8D%974%E6%9D%A1%E8%A5%BF3%20%E7%AC%AC3%E3%82%B0%E3%83%AA%E3%83%BC%E3%83%B3%E3%83%93%E3%83%AB%201F%20%E6%96%B0%E3%83%A9%E3%83%BC%E3%83%A1%E3%83%B3%E6%A8%AA%E4%B8%81,43.0553454,141.3542502,2024 | 2025,ラーメン HOKKAIDO,ramen_hokkaido,発表日：2024年12月3日 | 発表日：2025年12月2日
らーめん侘助,北海道札幌市東区北21条東16-2-29,食べログ 百名店: 2024 / ラーメン HOKKAIDO,https://tabelog.com/hokkaido/A0101/A010202/1014873/,https://yoyaku.tabelog.com/yoyaku/tabelog_booking/send_remind/,https://www.google.com/maps/search/?api=1&query=%E3%82%89%E3%83%BC%E3%82%81%E3%82%93%E4%BE%98%E5%8A%A9%20%E5%8C%97%E6%B5%B7%E9%81%93%E6%9C%AD%E5%B9%8C%E5%B8%82%E6%9D%B1%E5%8C%BA%E5%8C%9721%E6%9D%A1%E6%9D%B116-2-29,43.0908321,141.3736543,2024,ラーメン HOKKAIDO,ramen_hokkaido,発表日：2024年12月3日
北海道名物らー麺 えびそば一幻 総本店,北海道札幌市中央区南7条西9丁目1024-10,食べログ 百名店: 2024 | 2025 / ラーメン HOKKAIDO,https://tabelog.com/hokkaido/A0101/A010103/1025072/,https://yoyaku.tabelog.com/yoyaku/tabelog_booking/send_remind/,https://www.google.com/maps/search/?api=1&query=%E5%8C%97%E6%B5%B7%E9%81%93%E5%90%8D%E7%89%A9%E3%82%89%E3%83%BC%E9%BA%BA%20%E3%81%88%E3%81%B3%E3%81%9D%E3%81%B0%E4%B8%80%E5%B9%BB%20%E7%B7%8F%E6%9C%AC%E5%BA%97%20%E5%8C%97%E6%B5%B7%E9%81%93%E6%9C%AD%E5%B9%8C%E5%B8%82%E4%B8%AD%E5%A4%AE%E5%8C%BA%E5%8D%977%E6%9D%A1%E8%A5%BF9%E4%B8%81%E7%9B%AE1024-10,43.0512786,141.3454810,2024 | 2025,ラーメン HOKKAIDO,ramen_hokkaido,発表日：2024年12月3日 | 発表日：2025年12月2日
蜂屋 旭川本店,北海道旭川市三条通15丁目左8,食べログ 百名店: 2024 | 2025 / ラーメン HOKKAIDO,https://tabelog.com/hokkaido/A0104/A010401/1003302/,https://yoyaku.tabelog.com/yoyaku/tabelog_booking/send_remind/,https://www.google.com/maps/search/?api=1&query=%E8%9C%82%E5%B1%8B%20%E6%97%AD%E5%B7%9D%E6%9C%AC%E5%BA%97%20%E5%8C%97%E6%B5%B7%E9%81%93%E6%97%AD%E5%B7%9D%E5%B8%82%E4%B8%89%E6%9D%A1%E9%80%9A15%E4%B8%81%E7%9B%AE%E5%B7%A68,43.7645298,142.3721433,2024 | 2025,ラーメン HOKKAIDO,ramen_hokkaido,発表日：2024年12月3日 | 発表日：2025年12月2日
らーめんや天金 四条店,北海道旭川市四条通9丁目1704-31,食べログ 百名店: 2024 | 2025 / ラーメン HOKKAIDO,https://tabelog.com/hokkaido/A0104/A010401/1000090/,https://yoyaku.tabelog.com/yoyaku/tabelog_booking/send_remind/,https://www.google.com/maps/search/?api=1&query=%E3%82%89%E3%83%BC%E3%82%81%E3%82%93%E3%82%84%E5%A4%A9%E9%87%91%20%E5%9B%9B%E6%9D%A1%E5%BA%97%20%E5%8C%97%E6%B5%B7%E9%81%93%E6%97%AD%E5%B7%9D%E5%B8%82%E5%9B%9B%E6%9D%A1%E9%80%9A9%E4%B8%81%E7%9B%AE1704-31,43.7678135,142.3632587,2024 | 2025,ラーメン HOKKAIDO,ramen_hokkaido,発表日：2024年12月3日 | 発表日：2025年12月2日
麺処 武壱,北海道札幌市豊平区豊平4条3丁目1-1,食べログ 百名店: 2024 / ラーメン HOKKAIDO,https://tabelog.com/hokkaido/A0101/A010303/1054179/,https://yoyaku.tabelog.com/yoyaku/tabelog_booking/send_remind/,https://www.google.com/maps/search/?api=1&query=%E9%BA%BA%E5%87%A6%20%E6%AD%A6%E5%A3%B1%20%E5%8C%97%E6%B5%B7%E9%81%93%E6%9C%AD%E5%B9%8C%E5%B8%82%E8%B1%8A%E5%B9%B3%E5%8C%BA%E8%B1%8A%E5%B9%B34%E6%9D%A13%E4%B8%81%E7%9B%AE1-1,43.0527472,141.3682081,2024,ラーメン HOKKAIDO,ramen_hokkaido,発表日：2024年12月3日
北海道名物らー麺 えびそば一幻 新千歳空港店,北海道千歳市美々 新千歳空港ターミナルビル 3F 北海道ラーメン道場内,食べログ 百名店: 2024 | 2025 / ラーメン HOKKAIDO,https://tabelog.com/hokkaido/A0107/A010701/1034338/,https://yoyaku.tabelog.com/yoyaku/tabelog_booking/send_remind/,https://www.google.com/maps/search/?api=1&query=%E5%8C%97%E6%B5%B7%E9%81%93%E5%90%8D%E7%89%A9%E3%82%89%E3%83%BC%E9%BA%BA%20%E3%81%88%E3%81%B3%E3%81%9D%E3%81%B0%E4%B8%80%E5%B9%BB%20%E6%96%B0%E5%8D%83%E6%AD%B3%E7%A9%BA%E6%B8%AF%E5%BA%97%20%E5%8C%97%E6%B5%B7%E9%81%93%E5%8D%83%E6%AD%B3%E5%B8%82%E7%BE%8E%E3%80%85%20%E6%96%B0%E5%8D%83%E6%AD%B3%E7%A9%BA%E6%B8%AF%E3%82%BF%E3%83%BC%E3%83%9F%E3%83%8A%E3%83%AB%E3%83%93%E3%83%AB%203F%20%E5%8C%97%E6%B5%B7%E9%81%93%E3%83%A9%E3%83%BC%E3%83%A1%E3%83%B3%E9%81%93%E5%A0%B4%E5%86%85,42.7877091,141.6803494,2024 | 2025,ラーメン HOKKAIDO,ramen_hokkaido,発表日：2024年12月3日 | 発表日：2025年12月2日
支那そば 鋳,北海道札幌市中央区北1条西27-2-13,食べログ 百名店: 2024 | 2025 / ラーメン HOKKAIDO,https://tabelog.com/hokkaido/A0101/A010105/1070050/,https://yoyaku.tabelog.com/yoyaku/tabelog_booking/send_remind/,https://www.google.com/maps/search/?api=1&query=%E6%94%AF%E9%82%A3%E3%81%9D%E3%81%B0%20%E9%8B%B3%20%E5%8C%97%E6%B5%B7%E9%81%93%E6%9C%AD%E5%B9%8C%E5%B8%82%E4%B8%AD%E5%A4%AE%E5%8C%BA%E5%8C%971%E6%9D%A1%E8%A5%BF27-2-13,43.0573154,141.3157307,2024 | 2025,ラーメン HOKKAIDO,ramen_hokkaido,発表日：2024年12月3日 | 発表日：2025年12月2日
ラーメン信月,北海道札幌市中央区南5条西3丁目 N･グランデビル（旧･第4グリーンビル）1F,食べログ 百名店: 2024 | 2025 / ラーメン HOKKAIDO,https://tabelog.com/hokkaido/A0101/A010103/1000456/,https://yoyaku.tabelog.com/yoyaku/tabelog_booking/send_remind/,https://www.google.com/maps/search/?api=1&query=%E3%83%A9%E3%83%BC%E3%83%A1%E3%83%B3%E4%BF%A1%E6%9C%88%20%E5%8C%97%E6%B5%B7%E9%81%93%E6%9C%AD%E5%B9%8C%E5%B8%82%E4%B8%AD%E5%A4%AE%E5%8C%BA%E5%8D%975%E6%9D%A1%E8%A5%BF3%E4%B8%81%E7%9B%AE%20N%EF%BD%A5%E3%82%B0%E3%83%A9%E3%83%B3%E3%83%87%E3%83%93%E3%83%AB%EF%BC%88%E6%97%A7%EF%BD%A5%E7%AC%AC4%E3%82%B0%E3%83%AA%E3%83%BC%E3%83%B3%E3%83%93%E3%83%AB%EF%BC%891F,43.0549189,141.3544755,2024 | 2025,ラーメン HOKKAIDO,ramen_hokkaido,発表日：2024年12月3日 | 発表日：2025年12月2日
麺 鍾馗,北海道札幌市東区北26条東1-2-25 ノース26 1F,食べログ 百名店: 2024 | 2025 / ラーメン HOKKAIDO,https://tabelog.com/hokkaido/A0101/A010202/1070261/,https://yoyaku.tabelog.com/yoyaku/tabelog_booking/send_remind/,https://www.google.com/maps/search/?api=1&query=%E9%BA%BA%20%E9%8D%BE%E9%A6%97%20%E5%8C%97%E6%B5%B7%E9%81%93%E6%9C%AD%E5%B9%8C%E5%B8%82%E6%9D%B1%E5%8C%BA%E5%8C%9726%E6%9D%A1%E6%9D%B11-2-25%20%E3%83%8E%E3%83%BC%E3%82%B926%201F,43.0936572,141.3490088,2024 | 2025,ラーメン HOKKAIDO,ramen_hokkaido,発表日：2024年12月3日 | 発表日：2025年12月2日
あじさい 本店,北海道函館市五稜郭町29-22,食べログ 百名店: 2024 | 2025 / ラーメン HOKKAIDO,https://tabelog.com/hokkaido/A0105/A010501/1000366/,https://yoyaku.tabelog.com/yoyaku/tabelog_booking/send_remind/,https://www.google.com/maps/search/?api=1&query=%E3%81%82%E3%81%98%E3%81%95%E3%81%84%20%E6%9C%AC%E5%BA%97%20%E5%8C%97%E6%B5%B7%E9%81%93%E5%87%BD%E9%A4%A8%E5%B8%82%E4%BA%94%E7%A8%9C%E9%83%AD%E7%94%BA29-22,41.7946727,140.7532545,2024 | 2025,ラーメン HOKKAIDO,ramen_hokkaido,発表日：2024年12月3日 | 発表日：2025年12月2日
札幌麺屋 美椿,北海道札幌市西区発寒10条4-6-25,食べログ 百名店: 2024 | 2025 / ラーメン HOKKAIDO,https://tabelog.com/hokkaido/A0101/A010204/1061580/,https://yoyaku.tabelog.com/yoyaku/tabelog_booking/send_remind/,https://www.google.com/maps/search/?api=1&query=%E6%9C%AD%E5%B9%8C%E9%BA%BA%E5%B1%8B%20%E7%BE%8E%E6%A4%BF%20%E5%8C%97%E6%B5%B7%E9%81%93%E6%9C%AD%E5%B9%8C%E5%B8%82%E8%A5%BF%E5%8C%BA%E7%99%BA%E5%AF%9210%E6%9D%A14-6-25,43.0931475,141.2934075,2024 | 2025,ラーメン HOKKAIDO,ramen_hokkaido,発表日：2024年12月3日 | 発表日：2025年12月2日
らーめん ほっぺ家,北海道札幌市東区北十一条東6-1-40 館ビル 1F,食べログ 百名店: 2024 | 2025 / ラーメン HOKKAIDO,https://tabelog.com/hokkaido/A0101/A010202/1039493/,https://yoyaku.tabelog.com/yoyaku/tabelog_booking/send_remind/,https://www.google.com/maps/search/?api=1&query=%E3%82%89%E3%83%BC%E3%82%81%E3%82%93%20%E3%81%BB%E3%81%A3%E3%81%BA%E5%AE%B6%20%E5%8C%97%E6%B5%B7%E9%81%93%E6%9C%AD%E5%B9%8C%E5%B8%82%E6%9D%B1%E5%8C%BA%E5%8C%97%E5%8D%81%E4%B8%80%E6%9D%A1%E6%9D%B16-1-40%20%E9%A4%A8%E3%83%93%E3%83%AB%201F,43.0758970,141.3630968,2024 | 2025,ラーメン HOKKAIDO,ramen_hokkaido,発表日：2024年12月3日 | 発表日：2025年12月2日
らーめん優月,北海道札幌市東区北12条東13丁目2-15 秀和ビル3,食べログ 百名店: 2024 | 2025 / ラーメン HOKKAIDO,https://tabelog.com/hokkaido/A0101/A010202/1049135/,https://yoyaku.tabelog.com/yoyaku/tabelog_booking/send_remind/,https://www.google.com/maps/search/?api=1&query=%E3%82%89%E3%83%BC%E3%82%81%E3%82%93%E5%84%AA%E6%9C%88%20%E5%8C%97%E6%B5%B7%E9%81%93%E6%9C%AD%E5%B9%8C%E5%B8%82%E6%9D%B1%E5%8C%BA%E5%8C%9712%E6%9D%A1%E6%9D%B113%E4%B8%81%E7%9B%AE2-15%20%E7%A7%80%E5%92%8C%E3%83%93%E3%83%AB3,43.0791377,141.3728626,2024 | 2025,ラーメン HOKKAIDO,ramen_hokkaido,発表日：2024年12月3日 | 発表日：2025年12月2日
175°DENO〜担担麺〜 札幌北口店,北海道札幌市北区北七条西4-1-1 東カン札幌ビル 1F,食べログ 百名店: 2024 | 2025 / ラーメン HOKKAIDO,https://tabelog.com/hokkaido/A0101/A010101/1050775/,https://yoyaku.tabelog.com/yoyaku/tabelog_booking/send_remind/,https://www.google.com/maps/search/?api=1&query=175%C2%B0DENO%E3%80%9C%E6%8B%85%E6%8B%85%E9%BA%BA%E3%80%9C%20%E6%9C%AD%E5%B9%8C%E5%8C%97%E5%8F%A3%E5%BA%97%20%E5%8C%97%E6%B5%B7%E9%81%93%E6%9C%AD%E5%B9%8C%E5%B8%82%E5%8C%97%E5%8C%BA%E5%8C%97%E4%B8%83%E6%9D%A1%E8%A5%BF4-1-1%20%E6%9D%B1%E3%82%AB%E3%83%B3%E6%9C%AD%E5%B9%8C%E3%83%93%E3%83%AB%201F,43.0692241,141.3495426,2024 | 2025,ラーメン HOKKAIDO,ramen_hokkaido,発表日：2024年12月3日 | 発表日：2025年12月2日
中華そば うさぎ,北海道札幌市北区北27条西3-4-7 のりたマンション 1F,食べログ 百名店: 2024 | 2025 / ラーメン HOKKAIDO,https://tabelog.com/hokkaido/A0101/A010201/1043647/,https://yoyaku.tabelog.com/yoyaku/tabelog_booking/send_remind/,https://www.google.com/maps/search/?api=1&query=%E4%B8%AD%E8%8F%AF%E3%81%9D%E3%81%B0%20%E3%81%86%E3%81%95%E3%81%8E%20%E5%8C%97%E6%B5%B7%E9%81%93%E6%9C%AD%E5%B9%8C%E5%B8%82%E5%8C%97%E5%8C%BA%E5%8C%9727%E6%9D%A1%E8%A5%BF3-4-7%20%E3%81%AE%E3%82%8A%E3%81%9F%E3%83%9E%E3%83%B3%E3%82%B7%E3%83%A7%E3%83%B3%201F,43.0946638,141.3436174,2024 | 2025,ラーメン HOKKAIDO,ramen_hokkaido,発表日：2024年12月3日 | 発表日：2025年12月2日
麺屋 169,北海道札幌市中央区南16条西9丁目1-1 松名ビル1F,食べログ 百名店: 2024 | 2025 / ラーメン HOKKAIDO,https://tabelog.com/hokkaido/A0101/A010104/1049322/,https://yoyaku.tabelog.com/yoyaku/tabelog_booking/send_remind/,https://www.google.com/maps/search/?api=1&query=%E9%BA%BA%E5%B1%8B%20169%20%E5%8C%97%E6%B5%B7%E9%81%93%E6%9C%AD%E5%B9%8C%E5%B8%82%E4%B8%AD%E5%A4%AE%E5%8C%BA%E5%8D%9716%E6%9D%A1%E8%A5%BF9%E4%B8%81%E7%9B%AE1-1%20%E6%9D%BE%E5%90%8D%E3%83%93%E3%83%AB1F,43.0389002,141.3472063,2024 | 2025,ラーメン HOKKAIDO,ramen_hokkaido,発表日：2024年12月3日 | 発表日：2025年12月2日
ラーメン札幌一粒庵,北海道札幌市中央区北四条西1-1 ホクレンビル B1F,食べログ 百名店: 2024 | 2025 / ラーメン HOKKAIDO,https://tabelog.com/hokkaido/A0101/A010101/1001190/,https://tabelog.com/hokkaido/A0101/A010101/1001190/?cid=google_yoyaku,https://www.google.com/maps/search/?api=1&query=%E3%83%A9%E3%83%BC%E3%83%A1%E3%83%B3%E6%9C%AD%E5%B9%8C%E4%B8%80%E7%B2%92%E5%BA%B5%20%E5%8C%97%E6%B5%B7%E9%81%93%E6%9C%AD%E5%B9%8C%E5%B8%82%E4%B8%AD%E5%A4%AE%E5%8C%BA%E5%8C%97%E5%9B%9B%E6%9D%A1%E8%A5%BF1-1%20%E3%83%9B%E3%82%AF%E3%83%AC%E3%83%B3%E3%83%93%E3%83%AB%20B1F,43.0670240,141.3540274,2024 | 2025,ラーメン HOKKAIDO,ramen_hokkaido,発表日：2024年12月3日 | 発表日：2025年12月2日
鶏白湯そば 燠,北海道札幌市白石区菊水6条1-1-22,食べログ 百名店: 2024 | 2025 / ラーメン HOKKAIDO,https://tabelog.com/hokkaido/A0101/A010301/1066732/,https://yoyaku.tabelog.com/yoyaku/tabelog_booking/send_remind/,https://www.google.com/maps/search/?api=1&query=%E9%B6%8F%E7%99%BD%E6%B9%AF%E3%81%9D%E3%81%B0%20%E7%87%A0%20%E5%8C%97%E6%B5%B7%E9%81%93%E6%9C%AD%E5%B9%8C%E5%B8%82%E7%99%BD%E7%9F%B3%E5%8C%BA%E8%8F%8A%E6%B0%B46%E6%9D%A11-1-22,43.0617627,141.3750907,2024 | 2025,ラーメン HOKKAIDO,ramen_hokkaido,発表日：2024年12月3日 | 発表日：2025年12月2日
いせのじょう 菊水本店,北海道札幌市白石区菊水一条1-3-2 菊水会館 1F,食べログ 百名店: 2024 | 2025 / ラーメン HOKKAIDO,https://tabelog.com/hokkaido/A0101/A010301/1009504/,https://yoyaku.tabelog.com/yoyaku/tabelog_booking/send_remind/,https://www.google.com/maps/search/?api=1&query=%E3%81%84%E3%81%9B%E3%81%AE%E3%81%98%E3%82%87%E3%81%86%20%E8%8F%8A%E6%B0%B4%E6%9C%AC%E5%BA%97%20%E5%8C%97%E6%B5%B7%E9%81%93%E6%9C%AD%E5%B9%8C%E5%B8%82%E7%99%BD%E7%9F%B3%E5%8C%BA%E8%8F%8A%E6%B0%B4%E4%B8%80%E6%9D%A11-3-2%20%E8%8F%8A%E6%B0%B4%E4%BC%9A%E9%A4%A8%201F,43.0566681,141.3685323,2024 | 2025,ラーメン HOKKAIDO,ramen_hokkaido,発表日：2024年12月3日 | 発表日：2025年12月2日
花丸,北海道札幌市清田区美しが丘三条7-1-33,食べログ 百名店: 2024 | 2025 / ラーメン HOKKAIDO,https://tabelog.com/hokkaido/A0101/A010304/1006995/,https://yoyaku.tabelog.com/yoyaku/tabelog_booking/send_remind/,https://www.google.com/maps/search/?api=1&query=%E8%8A%B1%E4%B8%B8%20%E5%8C%97%E6%B5%B7%E9%81%93%E6%9C%AD%E5%B9%8C%E5%B8%82%E6%B8%85%E7%94%B0%E5%8C%BA%E7%BE%8E%E3%81%97%E3%81%8C%E4%B8%98%E4%B8%89%E6%9D%A17-1-33,42.9775629,141.4604130,2024 | 2025,ラーメン HOKKAIDO,ramen_hokkaido,発表日：2024年12月3日 | 発表日：2025年12月2日
らーめん心繋,北海道札幌市豊平区月寒東5条8-5-12,食べログ 百名店: 2024 | 2025 / ラーメン HOKKAIDO,https://tabelog.com/hokkaido/A0101/A010303/1042590/,https://yoyaku.tabelog.com/yoyaku/tabelog_booking/send_remind/,https://www.google.com/maps/search/?api=1&query=%E3%82%89%E3%83%BC%E3%82%81%E3%82%93%E5%BF%83%E7%B9%8B%20%E5%8C%97%E6%B5%B7%E9%81%93%E6%9C%AD%E5%B9%8C%E5%B8%82%E8%B1%8A%E5%B9%B3%E5%8C%BA%E6%9C%88%E5%AF%92%E6%9D%B15%E6%9D%A18-5-12,43.0350547,141.4108793,2024 | 2025,ラーメン HOKKAIDO,ramen_hokkaido,発表日：2024年12月3日 | 発表日：2025年12月2日
らーめん 信玄 南６条店,北海道札幌市中央区南六条西8,食べログ 百名店: 2024 | 2025 / ラーメン HOKKAIDO,https://tabelog.com/hokkaido/A0101/A010103/1002793/,https://yoyaku.tabelog.com/yoyaku/tabelog_booking/send_remind/,https://www.google.com/maps/search/?api=1&query=%E3%82%89%E3%83%BC%E3%82%81%E3%82%93%20%E4%BF%A1%E7%8E%84%20%E5%8D%97%EF%BC%96%E6%9D%A1%E5%BA%97%20%E5%8C%97%E6%B5%B7%E9%81%93%E6%9C%AD%E5%B9%8C%E5%B8%82%E4%B8%AD%E5%A4%AE%E5%8C%BA%E5%8D%97%E5%85%AD%E6%9D%A1%E8%A5%BF8,43.0522862,141.3475513,2024 | 2025,ラーメン HOKKAIDO,ramen_hokkaido,発表日：2024年12月3日 | 発表日：2025年12月2日
RAMEN ROOM 18,北海道函館市昭和2-1-23,食べログ 百名店: 2024 | 2025 / ラーメン HOKKAIDO,https://tabelog.com/hokkaido/A0105/A010501/1065227/,https://yoyaku.tabelog.com/yoyaku/tabelog_booking/send_remind/,https://www.google.com/maps/search/?api=1&query=RAMEN%20ROOM%2018%20%E5%8C%97%E6%B5%B7%E9%81%93%E5%87%BD%E9%A4%A8%E5%B8%82%E6%98%AD%E5%92%8C2-1-23,41.8100536,140.7417345,2024 | 2025,ラーメン HOKKAIDO,ramen_hokkaido,発表日：2024年12月3日 | 発表日：2025年12月2日
ラーメン専門 つるや,北海道旭川市四条通19丁目左10,食べログ 百名店: 2024 | 2025 / ラーメン HOKKAIDO,https://tabelog.com/hokkaido/A0104/A010401/1000533/,https://yoyaku.tabelog.com/yoyaku/tabelog_booking/send_remind/,https://www.google.com/maps/search/?api=1&query=%E3%83%A9%E3%83%BC%E3%83%A1%E3%83%B3%E5%B0%82%E9%96%80%20%E3%81%A4%E3%82%8B%E3%82%84%20%E5%8C%97%E6%B5%B7%E9%81%93%E6%97%AD%E5%B7%9D%E5%B8%82%E5%9B%9B%E6%9D%A1%E9%80%9A19%E4%B8%81%E7%9B%AE%E5%B7%A610,43.7639777,142.3792357,2024 | 2025,ラーメン HOKKAIDO,ramen_hokkaido,発表日：2024年12月3日 | 発表日：2025年12月2日
和だしらぁめん うめきち,北海道札幌市中央区南5条東2-11-1,食べログ 百名店: 2024 | 2025 / ラーメン HOKKAIDO,https://tabelog.com/hokkaido/A0101/A010103/1055157/,https://yoyaku.tabelog.com/yoyaku/tabelog_booking/send_remind/,https://www.google.com/maps/search/?api=1&query=%E5%92%8C%E3%81%A0%E3%81%97%E3%82%89%E3%81%81%E3%82%81%E3%82%93%20%E3%81%86%E3%82%81%E3%81%8D%E3%81%A1%20%E5%8C%97%E6%B5%B7%E9%81%93%E6%9C%AD%E5%B9%8C%E5%B8%82%E4%B8%AD%E5%A4%AE%E5%8C%BA%E5%8D%975%E6%9D%A1%E6%9D%B12-11-1,43.0563396,141.3599829,2024 | 2025,ラーメン HOKKAIDO,ramen_hokkaido,発表日：2024年12月3日 | 発表日：2025年12月2日
北山龍,北海道札幌市北区麻生町2-4-8,食べログ 百名店: 2024 | 2025 / ラーメン HOKKAIDO,https://tabelog.com/hokkaido/A0101/A010201/1000468/,https://yoyaku.tabelog.com/yoyaku/tabelog_booking/send_remind/,https://www.google.com/maps/search/?api=1&query=%E5%8C%97%E5%B1%B1%E9%BE%8D%20%E5%8C%97%E6%B5%B7%E9%81%93%E6%9C%AD%E5%B9%8C%E5%B8%82%E5%8C%97%E5%8C%BA%E9%BA%BB%E7%94%9F%E7%94%BA2-4-8,43.1095288,141.3392179,2024 | 2025,ラーメン HOKKAIDO,ramen_hokkaido,発表日：2024年12月3日 | 発表日：2025年12月2日
恵庭 おとん食堂,北海道恵庭市漁町13,食べログ 百名店: 2024 | 2025 / ラーメン HOKKAIDO,https://tabelog.com/hokkaido/A0107/A010703/1009164/,https://yoyaku.tabelog.com/yoyaku/tabelog_booking/send_remind/,https://www.google.com/maps/search/?api=1&query=%E6%81%B5%E5%BA%AD%20%E3%81%8A%E3%81%A8%E3%82%93%E9%A3%9F%E5%A0%82%20%E5%8C%97%E6%B5%B7%E9%81%93%E6%81%B5%E5%BA%AD%E5%B8%82%E6%BC%81%E7%94%BA13,42.8817315,141.5759837,2024 | 2025,ラーメン HOKKAIDO,ramen_hokkaido,発表日：2024年12月3日 | 発表日：2025年12月2日
麺屋 おざわ,北海道札幌市白石区菊水6条3丁目1-22 I'Sコート 1F,食べログ 百名店: 2024 | 2025 / ラーメン HOKKAIDO,https://tabelog.com/hokkaido/A0101/A010301/1036118/,https://yoyaku.tabelog.com/yoyaku/tabelog_booking/send_remind/,https://www.google.com/maps/search/?api=1&query=%E9%BA%BA%E5%B1%8B%20%E3%81%8A%E3%81%96%E3%82%8F%20%E5%8C%97%E6%B5%B7%E9%81%93%E6%9C%AD%E5%B9%8C%E5%B8%82%E7%99%BD%E7%9F%B3%E5%8C%BA%E8%8F%8A%E6%B0%B46%E6%9D%A13%E4%B8%81%E7%9B%AE1-22%20I%27S%E3%82%B3%E3%83%BC%E3%83%88%201F,43.0571603,141.3787933,2024 | 2025,ラーメン HOKKAIDO,ramen_hokkaido,発表日：2024年12月3日 | 発表日：2025年12月2日
ラーメン二郎  札幌店,北海道札幌市北区北6条西8丁目8-11,食べログ 百名店: 2024 | 2025 / ラーメン HOKKAIDO,https://tabelog.com/hokkaido/A0101/A010201/1041731/,https://yoyaku.tabelog.com/yoyaku/tabelog_booking/send_remind/,https://www.google.com/maps/search/?api=1&query=%E3%83%A9%E3%83%BC%E3%83%A1%E3%83%B3%E4%BA%8C%E9%83%8E%20%20%E6%9C%AD%E5%B9%8C%E5%BA%97%20%E5%8C%97%E6%B5%B7%E9%81%93%E6%9C%AD%E5%B9%8C%E5%B8%82%E5%8C%97%E5%8C%BA%E5%8C%976%E6%9D%A1%E8%A5%BF8%E4%B8%81%E7%9B%AE8-11,43.0673945,141.3439033,2024 | 2025,ラーメン HOKKAIDO,ramen_hokkaido,発表日：2024年12月3日 | 発表日：2025年12月2日
寅乃虎,北海道札幌市中央区南5条西24-1-17 藤栄ビル 1F,食べログ 百名店: 2024 / ラーメン HOKKAIDO,https://tabelog.com/hokkaido/A0101/A010105/1064277/,https://yoyaku.tabelog.com/yoyaku/tabelog_booking/send_remind/,https://www.google.com/maps/search/?api=1&query=%E5%AF%85%E4%B9%83%E8%99%8E%20%E5%8C%97%E6%B5%B7%E9%81%93%E6%9C%AD%E5%B9%8C%E5%B8%82%E4%B8%AD%E5%A4%AE%E5%8C%BA%E5%8D%975%E6%9D%A1%E8%A5%BF24-1-17%20%E8%97%A4%E6%A0%84%E3%83%93%E3%83%AB%201F,43.0512533,141.3220324,2024,ラーメン HOKKAIDO,ramen_hokkaido,発表日：2024年12月3日
NOUILLES JAPONAISE とくいち,北海道札幌市中央区北11条西22-1-26 卸売センター 万歳市場 1F,食べログ 百名店: 2024 | 2025 / ラーメン HOKKAIDO,https://tabelog.com/hokkaido/A0101/A010105/1073732/,https://yoyaku.tabelog.com/yoyaku/tabelog_booking/send_remind/,https://www.google.com/maps/search/?api=1&query=NOUILLES%20JAPONAISE%20%E3%81%A8%E3%81%8F%E3%81%84%E3%81%A1%20%E5%8C%97%E6%B5%B7%E9%81%93%E6%9C%AD%E5%B9%8C%E5%B8%82%E4%B8%AD%E5%A4%AE%E5%8C%BA%E5%8C%9711%E6%9D%A1%E8%A5%BF22-1-26%20%E5%8D%B8%E5%A3%B2%E3%82%BB%E3%83%B3%E3%82%BF%E3%83%BC%20%E4%B8%87%E6%AD%B3%E5%B8%82%E5%A0%B4%201F,43.0704934,141.3202312,2024 | 2025,ラーメン HOKKAIDO,ramen_hokkaido,発表日：2024年12月3日 | 発表日：2025年12月2日
らーめん五丈原 本店,北海道札幌市中央区南七条西8-1024-24,食べログ 百名店: 2024 | 2025 / ラーメン HOKKAIDO,https://tabelog.com/hokkaido/A0101/A010103/1000281/,https://yoyaku.tabelog.com/yoyaku/tabelog_booking/send_remind/,https://www.google.com/maps/search/?api=1&query=%E3%82%89%E3%83%BC%E3%82%81%E3%82%93%E4%BA%94%E4%B8%88%E5%8E%9F%20%E6%9C%AC%E5%BA%97%20%E5%8C%97%E6%B5%B7%E9%81%93%E6%9C%AD%E5%B9%8C%E5%B8%82%E4%B8%AD%E5%A4%AE%E5%8C%BA%E5%8D%97%E4%B8%83%E6%9D%A1%E8%A5%BF8-1024-24,43.0511128,141.3459194,2024 | 2025,ラーメン HOKKAIDO,ramen_hokkaido,発表日：2024年12月3日 | 発表日：2025年12月2日
喜来登,北海道札幌市中央区南2条西6丁目3-2 岡田ビル,食べログ 百名店: 2024 | 2025 / ラーメン HOKKAIDO,https://tabelog.com/hokkaido/A0101/A010103/1001849/,https://yoyaku.tabelog.com/yoyaku/tabelog_booking/send_remind/,https://www.google.com/maps/search/?api=1&query=%E5%96%9C%E6%9D%A5%E7%99%BB%20%E5%8C%97%E6%B5%B7%E9%81%93%E6%9C%AD%E5%B9%8C%E5%B8%82%E4%B8%AD%E5%A4%AE%E5%8C%BA%E5%8D%972%E6%9D%A1%E8%A5%BF6%E4%B8%81%E7%9B%AE3-2%20%E5%B2%A1%E7%94%B0%E3%83%93%E3%83%AB,43.0568785,141.3492315,2024 | 2025,ラーメン HOKKAIDO,ramen_hokkaido,発表日：2024年12月3日 | 発表日：2025年12月2日
Mari iida,北海道札幌市白石区北郷4条12-6-19,食べログ 百名店: 2024 / ラーメン HOKKAIDO,https://tabelog.com/hokkaido/A0101/A010301/1053980/,https://yoyaku.tabelog.com/yoyaku/tabelog_booking/send_remind/,https://www.google.com/maps/search/?api=1&query=Mari%20iida%20%E5%8C%97%E6%B5%B7%E9%81%93%E6%9C%AD%E5%B9%8C%E5%B8%82%E7%99%BD%E7%9F%B3%E5%8C%BA%E5%8C%97%E9%83%B74%E6%9D%A112-6-19,43.0536554,141.4400405,2024,ラーメン HOKKAIDO,ramen_hokkaido,発表日：2024年12月3日
さっぽろ純連 北31条店,北海道札幌市東区北31条東1-1-8,食べログ 百名店: 2024 | 2025 / ラーメン HOKKAIDO,https://tabelog.com/hokkaido/A0101/A010202/1041313/,https://yoyaku.tabelog.com/yoyaku/tabelog_booking/send_remind/,https://www.google.com/maps/search/?api=1&query=%E3%81%95%E3%81%A3%E3%81%BD%E3%82%8D%E7%B4%94%E9%80%A3%20%E5%8C%9731%E6%9D%A1%E5%BA%97%20%E5%8C%97%E6%B5%B7%E9%81%93%E6%9C%AD%E5%B9%8C%E5%B8%82%E6%9D%B1%E5%8C%BA%E5%8C%9731%E6%9D%A1%E6%9D%B11-1-8,43.0988475,141.3459958,2024 | 2025,ラーメン HOKKAIDO,ramen_hokkaido,発表日：2024年12月3日 | 発表日：2025年12月2日
眞麺 穂高,北海道札幌市厚別区大谷地東4丁目2-15 西村ビル 1F,食べログ 百名店: 2024 | 2025 / ラーメン HOKKAIDO,https://tabelog.com/hokkaido/A0101/A010302/1006291/,https://yoyaku.tabelog.com/yoyaku/tabelog_booking/send_remind/,https://www.google.com/maps/search/?api=1&query=%E7%9C%9E%E9%BA%BA%20%E7%A9%82%E9%AB%98%20%E5%8C%97%E6%B5%B7%E9%81%93%E6%9C%AD%E5%B9%8C%E5%B8%82%E5%8E%9A%E5%88%A5%E5%8C%BA%E5%A4%A7%E8%B0%B7%E5%9C%B0%E6%9D%B14%E4%B8%81%E7%9B%AE2-15%20%E8%A5%BF%E6%9D%91%E3%83%93%E3%83%AB%201F,43.0288109,141.4560279,2024 | 2025,ラーメン HOKKAIDO,ramen_hokkaido,発表日：2024年12月3日 | 発表日：2025年12月2日
麺や 亀陣,北海道札幌市東区北47条東8丁目1-1 47ビル 1F,食べログ 百名店: 2024 | 2025 / ラーメン HOKKAIDO,https://tabelog.com/hokkaido/A0101/A010202/1030240/,https://yoyaku.tabelog.com/yoyaku/tabelog_booking/send_remind/,https://www.google.com/maps/search/?api=1&query=%E9%BA%BA%E3%82%84%20%E4%BA%80%E9%99%A3%20%E5%8C%97%E6%B5%B7%E9%81%93%E6%9C%AD%E5%B9%8C%E5%B8%82%E6%9D%B1%E5%8C%BA%E5%8C%9747%E6%9D%A1%E6%9D%B18%E4%B8%81%E7%9B%AE1-1%2047%E3%83%93%E3%83%AB%201F,43.1178867,141.3546558,2024 | 2025,ラーメン HOKKAIDO,ramen_hokkaido,発表日：2024年12月3日 | 発表日：2025年12月2日
ラーメン ふくや,北海道札幌市西区二十四軒3条4丁目2-2,食べログ 百名店: 2024 / ラーメン HOKKAIDO,https://tabelog.com/hokkaido/A0101/A010204/1036973/,https://yoyaku.tabelog.com/yoyaku/tabelog_booking/send_remind/,https://www.google.com/maps/search/?api=1&query=%E3%83%A9%E3%83%BC%E3%83%A1%E3%83%B3%20%E3%81%B5%E3%81%8F%E3%82%84%20%E5%8C%97%E6%B5%B7%E9%81%93%E6%9C%AD%E5%B9%8C%E5%B8%82%E8%A5%BF%E5%8C%BA%E4%BA%8C%E5%8D%81%E5%9B%9B%E8%BB%923%E6%9D%A14%E4%B8%81%E7%9B%AE2-2,43.0721543,141.3104581,2024,ラーメン HOKKAIDO,ramen_hokkaido,発表日：2024年12月3日
札幌 Fuji屋,北海道札幌市東区北14条東7-1-22,食べログ 百名店: 2024 | 2025 / ラーメン HOKKAIDO,https://tabelog.com/hokkaido/A0101/A010202/1063705/,https://yoyaku.tabelog.com/yoyaku/tabelog_booking/send_remind/,https://www.google.com/maps/search/?api=1&query=%E6%9C%AD%E5%B9%8C%20Fuji%E5%B1%8B%20%E5%8C%97%E6%B5%B7%E9%81%93%E6%9C%AD%E5%B9%8C%E5%B8%82%E6%9D%B1%E5%8C%BA%E5%8C%9714%E6%9D%A1%E6%9D%B17-1-22,43.0800861,141.3632775,2024 | 2025,ラーメン HOKKAIDO,ramen_hokkaido,発表日：2024年12月3日 | 発表日：2025年12月2日
らー麺 山さわ,北海道札幌市白石区栄通2-8-25,食べログ 百名店: 2024 | 2025 / ラーメン HOKKAIDO,https://tabelog.com/hokkaido/A0101/A010301/1056128/,https://yoyaku.tabelog.com/yoyaku/tabelog_booking/send_remind/,https://www.google.com/maps/search/?api=1&query=%E3%82%89%E3%83%BC%E9%BA%BA%20%E5%B1%B1%E3%81%95%E3%82%8F%20%E5%8C%97%E6%B5%B7%E9%81%93%E6%9C%AD%E5%B9%8C%E5%B8%82%E7%99%BD%E7%9F%B3%E5%8C%BA%E6%A0%84%E9%80%9A2-8-25,43.0402695,141.3975720,2024 | 2025,ラーメン HOKKAIDO,ramen_hokkaido,発表日：2024年12月3日 | 発表日：2025年12月2日
ラーメン屋 切田製麺,北海道札幌市中央区大通西5-8 昭和ビル B1F,食べログ 百名店: 2024 | 2025 / ラーメン HOKKAIDO,https://tabelog.com/hokkaido/A0101/A010102/1048956/,https://yoyaku.tabelog.com/yoyaku/tabelog_booking/send_remind/,https://www.google.com/maps/search/?api=1&query=%E3%83%A9%E3%83%BC%E3%83%A1%E3%83%B3%E5%B1%8B%20%E5%88%87%E7%94%B0%E8%A3%BD%E9%BA%BA%20%E5%8C%97%E6%B5%B7%E9%81%93%E6%9C%AD%E5%B9%8C%E5%B8%82%E4%B8%AD%E5%A4%AE%E5%8C%BA%E5%A4%A7%E9%80%9A%E8%A5%BF5-8%20%E6%98%AD%E5%92%8C%E3%83%93%E3%83%AB%20B1F,43.0596065,141.3495659,2024 | 2025,ラーメン HOKKAIDO,ramen_hokkaido,発表日：2024年12月3日 | 発表日：2025年12月2日
こく一番 ラーメン みどりや,北海道札幌市中央区南18条西15丁目2-13,食べログ 百名店: 2024 | 2025 / ラーメン HOKKAIDO,https://tabelog.com/hokkaido/A0101/A010104/1002116/,https://yoyaku.tabelog.com/yoyaku/tabelog_booking/send_remind/,https://www.google.com/maps/search/?api=1&query=%E3%81%93%E3%81%8F%E4%B8%80%E7%95%AA%20%E3%83%A9%E3%83%BC%E3%83%A1%E3%83%B3%20%E3%81%BF%E3%81%A9%E3%82%8A%E3%82%84%20%E5%8C%97%E6%B5%B7%E9%81%93%E6%9C%AD%E5%B9%8C%E5%B8%82%E4%B8%AD%E5%A4%AE%E5%8C%BA%E5%8D%9718%E6%9D%A1%E8%A5%BF15%E4%B8%81%E7%9B%AE2-13,43.0344914,141.3370689,2024 | 2025,ラーメン HOKKAIDO,ramen_hokkaido,発表日：2024年12月3日 | 発表日：2025年12月2日
雨は、やさしく,北海道札幌市白石区菊水元町4条2丁目1-7 古川ビル 1F,食べログ 百名店: 2024 | 2025 / ラーメン HOKKAIDO,https://tabelog.com/hokkaido/A0101/A010301/1045278/,https://yoyaku.tabelog.com/yoyaku/tabelog_booking/send_remind/,https://www.google.com/maps/search/?api=1&query=%E9%9B%A8%E3%81%AF%E3%80%81%E3%82%84%E3%81%95%E3%81%97%E3%81%8F%20%E5%8C%97%E6%B5%B7%E9%81%93%E6%9C%AD%E5%B9%8C%E5%B8%82%E7%99%BD%E7%9F%B3%E5%8C%BA%E8%8F%8A%E6%B0%B4%E5%85%83%E7%94%BA4%E6%9D%A12%E4%B8%81%E7%9B%AE1-7%20%E5%8F%A4%E5%B7%9D%E3%83%93%E3%83%AB%201F,43.0693860,141.4036723,2024 | 2025,ラーメン HOKKAIDO,ramen_hokkaido,発表日：2024年12月3日 | 発表日：2025年12月2日
札幌 凡の風,北海道札幌市中央区南8条西15-1-1 ブランノワールAMJ815 1F,食べログ 百名店: 2024 | 2025 / ラーメン HOKKAIDO,https://tabelog.com/hokkaido/A0101/A010104/1002540/,https://yoyaku.tabelog.com/yoyaku/tabelog_booking/send_remind/,https://www.google.com/maps/search/?api=1&query=%E6%9C%AD%E5%B9%8C%20%E5%87%A1%E3%81%AE%E9%A2%A8%20%E5%8C%97%E6%B5%B7%E9%81%93%E6%9C%AD%E5%B9%8C%E5%B8%82%E4%B8%AD%E5%A4%AE%E5%8C%BA%E5%8D%978%E6%9D%A1%E8%A5%BF15-1-1%20%E3%83%96%E3%83%A9%E3%83%B3%E3%83%8E%E3%83%AF%E3%83%BC%E3%83%ABAMJ815%201F,43.0494014,141.3351448,2024 | 2025,ラーメン HOKKAIDO,ramen_hokkaido,発表日：2024年12月3日 | 発表日：2025年12月2日
ラーメン･餃子 ハナウタ,北海道札幌市白石区栄通10丁目1-1,食べログ 百名店: 2024 / ラーメン HOKKAIDO,https://tabelog.com/hokkaido/A0101/A010301/1047633/,https://yoyaku.tabelog.com/yoyaku/tabelog_booking/send_remind/,https://www.google.com/maps/search/?api=1&query=%E3%83%A9%E3%83%BC%E3%83%A1%E3%83%B3%EF%BD%A5%E9%A4%83%E5%AD%90%20%E3%83%8F%E3%83%8A%E3%82%A6%E3%82%BF%20%E5%8C%97%E6%B5%B7%E9%81%93%E6%9C%AD%E5%B9%8C%E5%B8%82%E7%99%BD%E7%9F%B3%E5%8C%BA%E6%A0%84%E9%80%9A10%E4%B8%81%E7%9B%AE1-1,43.0345633,141.4125781,2024,ラーメン HOKKAIDO,ramen_hokkaido,発表日：2024年12月3日
山嵐 本店,北海道札幌市豊平区平岸一条9-6-1,食べログ 百名店: 2024 | 2025 / ラーメン HOKKAIDO,https://tabelog.com/hokkaido/A0101/A010303/1003584/,https://yoyaku.tabelog.com/yoyaku/tabelog_booking/send_remind/,https://www.google.com/maps/search/?api=1&query=%E5%B1%B1%E5%B5%90%20%E6%9C%AC%E5%BA%97%20%E5%8C%97%E6%B5%B7%E9%81%93%E6%9C%AD%E5%B9%8C%E5%B8%82%E8%B1%8A%E5%B9%B3%E5%8C%BA%E5%B9%B3%E5%B2%B8%E4%B8%80%E6%9D%A19-6-1,43.0319114,141.3639272,2024 | 2025,ラーメン HOKKAIDO,ramen_hokkaido,発表日：2024年12月3日 | 発表日：2025年12月2日
麺や hide,北海道札幌市北区新川7条16-709-8,食べログ 百名店: 2024 | 2025 / ラーメン HOKKAIDO,https://tabelog.com/hokkaido/A0101/A010201/1056336/,https://yoyaku.tabelog.com/yoyaku/tabelog_booking/send_remind/,https://www.google.com/maps/search/?api=1&query=%E9%BA%BA%E3%82%84%20hide%20%E5%8C%97%E6%B5%B7%E9%81%93%E6%9C%AD%E5%B9%8C%E5%B8%82%E5%8C%97%E5%8C%BA%E6%96%B0%E5%B7%9D7%E6%9D%A116-709-8,43.1189726,141.3001749,2024 | 2025,ラーメン HOKKAIDO,ramen_hokkaido,発表日：2024年12月3日 | 発表日：2025年12月2日
らーめんサッポロ 赤星,北海道札幌市中央区南三条西7-7 狸小路商店街,食べログ 百名店: 2024 | 2025 / ラーメン HOKKAIDO,https://tabelog.com/hokkaido/A0101/A010102/1000912/,https://yoyaku.tabelog.com/yoyaku/tabelog_booking/send_remind/,https://www.google.com/maps/search/?api=1&query=%E3%82%89%E3%83%BC%E3%82%81%E3%82%93%E3%82%B5%E3%83%83%E3%83%9D%E3%83%AD%20%E8%B5%A4%E6%98%9F%20%E5%8C%97%E6%B5%B7%E9%81%93%E6%9C%AD%E5%B9%8C%E5%B8%82%E4%B8%AD%E5%A4%AE%E5%8C%BA%E5%8D%97%E4%B8%89%E6%9D%A1%E8%A5%BF7-7%20%E7%8B%B8%E5%B0%8F%E8%B7%AF%E5%95%86%E5%BA%97%E8%A1%97,43.0563649,141.3468842,2024 | 2025,ラーメン HOKKAIDO,ramen_hokkaido,発表日：2024年12月3日 | 発表日：2025年12月2日
ラーメン ツバメ,北海道札幌市中央区南22条西10-5-1,食べログ 百名店: 2024 / ラーメン HOKKAIDO,https://tabelog.com/hokkaido/A0101/A010104/1050878/,https://yoyaku.tabelog.com/yoyaku/tabelog_booking/send_remind/,https://www.google.com/maps/search/?api=1&query=%E3%83%A9%E3%83%BC%E3%83%A1%E3%83%B3%20%E3%83%84%E3%83%90%E3%83%A1%20%E5%8C%97%E6%B5%B7%E9%81%93%E6%9C%AD%E5%B9%8C%E5%B8%82%E4%B8%AD%E5%A4%AE%E5%8C%BA%E5%8D%9722%E6%9D%A1%E8%A5%BF10-5-1,43.0300169,141.3451643,2024,ラーメン HOKKAIDO,ramen_hokkaido,発表日：2024年12月3日
RAMEN RS 改,北海道札幌市清田区平岡1条4-2-11,食べログ 百名店: 2024 | 2025 / ラーメン HOKKAIDO,https://tabelog.com/hokkaido/A0101/A010304/1056051/,https://yoyaku.tabelog.com/yoyaku/tabelog_booking/send_remind/,https://www.google.com/maps/search/?api=1&query=RAMEN%20RS%20%E6%94%B9%20%E5%8C%97%E6%B5%B7%E9%81%93%E6%9C%AD%E5%B9%8C%E5%B8%82%E6%B8%85%E7%94%B0%E5%8C%BA%E5%B9%B3%E5%B2%A11%E6%9D%A14-2-11,42.9943407,141.4502516,2024 | 2025,ラーメン HOKKAIDO,ramen_hokkaido,発表日：2024年12月3日 | 発表日：2025年12月2日
生姜ラーメン みづの,北海道旭川市常盤通2丁目,食べログ 百名店: 2024 | 2025 / ラーメン HOKKAIDO,https://tabelog.com/hokkaido/A0104/A010401/1003673/,https://yoyaku.tabelog.com/yoyaku/tabelog_booking/send_remind/,https://www.google.com/maps/search/?api=1&query=%E7%94%9F%E5%A7%9C%E3%83%A9%E3%83%BC%E3%83%A1%E3%83%B3%20%E3%81%BF%E3%81%A5%E3%81%AE%20%E5%8C%97%E6%B5%B7%E9%81%93%E6%97%AD%E5%B7%9D%E5%B8%82%E5%B8%B8%E7%9B%A4%E9%80%9A2%E4%B8%81%E7%9B%AE,43.7752886,142.3618834,2024 | 2025,ラーメン HOKKAIDO,ramen_hokkaido,発表日：2024年12月3日 | 発表日：2025年12月2日
醤油屋本店 サンピアザ店,北海道札幌市厚別区厚別中央2条5-7-4 サンピアザ メトロモール B3F,食べログ 百名店: 2024 | 2025 / ラーメン HOKKAIDO,https://tabelog.com/hokkaido/A0101/A010302/1001904/,https://yoyaku.tabelog.com/yoyaku/tabelog_booking/send_remind/,https://www.google.com/maps/search/?api=1&query=%E9%86%A4%E6%B2%B9%E5%B1%8B%E6%9C%AC%E5%BA%97%20%E3%82%B5%E3%83%B3%E3%83%94%E3%82%A2%E3%82%B6%E5%BA%97%20%E5%8C%97%E6%B5%B7%E9%81%93%E6%9C%AD%E5%B9%8C%E5%B8%82%E5%8E%9A%E5%88%A5%E5%8C%BA%E5%8E%9A%E5%88%A5%E4%B8%AD%E5%A4%AE2%E6%9D%A15-7-4%20%E3%82%B5%E3%83%B3%E3%83%94%E3%82%A2%E3%82%B6%20%E3%83%A1%E3%83%88%E3%83%AD%E3%83%A2%E3%83%BC%E3%83%AB%20B3F,43.0378804,141.4733292,2024 | 2025,ラーメン HOKKAIDO,ramen_hokkaido,発表日：2024年12月3日 | 発表日：2025年12月2日
味の大王 室蘭本店,北海道室蘭市中央町2-9-3,食べログ 百名店: 2024 | 2025 / ラーメン HOKKAIDO,https://tabelog.com/hokkaido/A0108/A010803/1004612/,https://yoyaku.tabelog.com/yoyaku/tabelog_booking/send_remind/,https://www.google.com/maps/search/?api=1&query=%E5%91%B3%E3%81%AE%E5%A4%A7%E7%8E%8B%20%E5%AE%A4%E8%98%AD%E6%9C%AC%E5%BA%97%20%E5%8C%97%E6%B5%B7%E9%81%93%E5%AE%A4%E8%98%AD%E5%B8%82%E4%B8%AD%E5%A4%AE%E7%94%BA2-9-3,42.3176571,140.9703161,2024 | 2025,ラーメン HOKKAIDO,ramen_hokkaido,発表日：2024年12月3日 | 発表日：2025年12月2日
ラーメン まるひら,北海道釧路市浦見8-1-13,食べログ 百名店: 2024 | 2025 / ラーメン HOKKAIDO,https://tabelog.com/hokkaido/A0112/A011201/1004357/,https://yoyaku.tabelog.com/yoyaku/tabelog_booking/send_remind/,https://www.google.com/maps/search/?api=1&query=%E3%83%A9%E3%83%BC%E3%83%A1%E3%83%B3%20%E3%81%BE%E3%82%8B%E3%81%B2%E3%82%89%20%E5%8C%97%E6%B5%B7%E9%81%93%E9%87%A7%E8%B7%AF%E5%B8%82%E6%B5%A6%E8%A6%8B8-1-13,42.9741833,144.3766151,2024 | 2025,ラーメン HOKKAIDO,ramen_hokkaido,発表日：2024年12月3日 | 発表日：2025年12月2日
すみれ 札幌すすきの店,北海道札幌市中央区南3条西3-9-2 ピクシスビル　2F,食べログ 百名店: 2024 | 2025 / ラーメン HOKKAIDO,https://tabelog.com/hokkaido/A0101/A010103/1009050/,https://yoyaku.tabelog.com/yoyaku/tabelog_booking/send_remind/,https://www.google.com/maps/search/?api=1&query=%E3%81%99%E3%81%BF%E3%82%8C%20%E6%9C%AD%E5%B9%8C%E3%81%99%E3%81%99%E3%81%8D%E3%81%AE%E5%BA%97%20%E5%8C%97%E6%B5%B7%E9%81%93%E6%9C%AD%E5%B9%8C%E5%B8%82%E4%B8%AD%E5%A4%AE%E5%8C%BA%E5%8D%973%E6%9D%A1%E8%A5%BF3-9-2%20%E3%83%94%E3%82%AF%E3%82%B7%E3%82%B9%E3%83%93%E3%83%AB%E3%80%802F,43.0563372,141.3535789,2024 | 2025,ラーメン HOKKAIDO,ramen_hokkaido,発表日：2024年12月3日 | 発表日：2025年12月2日
らぁめん 千寿,北海道札幌市中央区大通西8-2-39 北大通ビル B1F,食べログ 百名店: 2024 | 2025 / ラーメン HOKKAIDO,https://tabelog.com/hokkaido/A0101/A010102/1000011/,https://yoyaku.tabelog.com/yoyaku/tabelog_booking/send_remind/,https://www.google.com/maps/search/?api=1&query=%E3%82%89%E3%81%81%E3%82%81%E3%82%93%20%E5%8D%83%E5%AF%BF%20%E5%8C%97%E6%B5%B7%E9%81%93%E6%9C%AD%E5%B9%8C%E5%B8%82%E4%B8%AD%E5%A4%AE%E5%8C%BA%E5%A4%A7%E9%80%9A%E8%A5%BF8-2-39%20%E5%8C%97%E5%A4%A7%E9%80%9A%E3%83%93%E3%83%AB%20B1F,43.0603718,141.3443718,2024 | 2025,ラーメン HOKKAIDO,ramen_hokkaido,発表日：2024年12月3日 | 発表日：2025年12月2日
らあめん 新,北海道札幌市中央区南六条西7-1-6 高砂ビル1F,食べログ 百名店: 2024 | 2025 / ラーメン HOKKAIDO,https://tabelog.com/hokkaido/A0101/A010103/1006022/,https://yoyaku.tabelog.com/yoyaku/tabelog_booking/send_remind/,https://www.google.com/maps/search/?api=1&query=%E3%82%89%E3%81%82%E3%82%81%E3%82%93%20%E6%96%B0%20%E5%8C%97%E6%B5%B7%E9%81%93%E6%9C%AD%E5%B9%8C%E5%B8%82%E4%B8%AD%E5%A4%AE%E5%8C%BA%E5%8D%97%E5%85%AD%E6%9D%A1%E8%A5%BF7-1-6%20%E9%AB%98%E7%A0%82%E3%83%93%E3%83%AB1F,43.0521336,141.3491000,2024 | 2025,ラーメン HOKKAIDO,ramen_hokkaido,発表日：2024年12月3日 | 発表日：2025年12月2日
らーめん工房 魚一,北海道釧路市幸町13-1 釧路丹頂市場内,食べログ 百名店: 2024 | 2025 / ラーメン HOKKAIDO,https://tabelog.com/hokkaido/A0112/A011201/1007709/,https://yoyaku.tabelog.com/yoyaku/tabelog_booking/send_remind/,https://www.google.com/maps/search/?api=1&query=%E3%82%89%E3%83%BC%E3%82%81%E3%82%93%E5%B7%A5%E6%88%BF%20%E9%AD%9A%E4%B8%80%20%E5%8C%97%E6%B5%B7%E9%81%93%E9%87%A7%E8%B7%AF%E5%B8%82%E5%B9%B8%E7%94%BA13-1%20%E9%87%A7%E8%B7%AF%E4%B8%B9%E9%A0%82%E5%B8%82%E5%A0%B4%E5%86%85,42.9886846,144.3793086,2024 | 2025,ラーメン HOKKAIDO,ramen_hokkaido,発表日：2024年12月3日 | 発表日：2025年12月2日
味の三平,北海道札幌市中央区南1条西3丁目2 大丸藤井セントラルビル 4F,食べログ 百名店: 2024 | 2025 / ラーメン HOKKAIDO,https://tabelog.com/hokkaido/A0101/A010102/1000316/,https://yoyaku.tabelog.com/yoyaku/tabelog_booking/send_remind/,https://www.google.com/maps/search/?api=1&query=%E5%91%B3%E3%81%AE%E4%B8%89%E5%B9%B3%20%E5%8C%97%E6%B5%B7%E9%81%93%E6%9C%AD%E5%B9%8C%E5%B8%82%E4%B8%AD%E5%A4%AE%E5%8C%BA%E5%8D%971%E6%9D%A1%E8%A5%BF3%E4%B8%81%E7%9B%AE2%20%E5%A4%A7%E4%B8%B8%E8%97%A4%E4%BA%95%E3%82%BB%E3%83%B3%E3%83%88%E3%83%A9%E3%83%AB%E3%83%93%E3%83%AB%204F,43.0588226,141.3536363,2024 | 2025,ラーメン HOKKAIDO,ramen_hokkaido,発表日：2024年12月3日 | 発表日：2025年12月2日
旭川ラーメン ななし,北海道札幌市西区琴似一条1丁目6-16,食べログ 百名店: 2024 | 2025 / ラーメン HOKKAIDO,https://tabelog.com/hokkaido/A0101/A010204/1000059/,https://yoyaku.tabelog.com/yoyaku/tabelog_booking/send_remind/,https://www.google.com/maps/search/?api=1&query=%E6%97%AD%E5%B7%9D%E3%83%A9%E3%83%BC%E3%83%A1%E3%83%B3%20%E3%81%AA%E3%81%AA%E3%81%97%20%E5%8C%97%E6%B5%B7%E9%81%93%E6%9C%AD%E5%B9%8C%E5%B8%82%E8%A5%BF%E5%8C%BA%E7%90%B4%E4%BC%BC%E4%B8%80%E6%9D%A11%E4%B8%81%E7%9B%AE6-16,43.0798709,141.3074993,2024 | 2025,ラーメン HOKKAIDO,ramen_hokkaido,発表日：2024年12月3日 | 発表日：2025年12月2日
元祖札幌ラーメン もぐら,北海道札幌市中央区南4条西3 新ラーメン横丁,食べログ 百名店: 2024 | 2025 / ラーメン HOKKAIDO,https://tabelog.com/hokkaido/A0101/A010103/1004842/,https://yoyaku.tabelog.com/yoyaku/tabelog_booking/send_remind/,https://www.google.com/maps/search/?api=1&query=%E5%85%83%E7%A5%96%E6%9C%AD%E5%B9%8C%E3%83%A9%E3%83%BC%E3%83%A1%E3%83%B3%20%E3%82%82%E3%81%90%E3%82%89%20%E5%8C%97%E6%B5%B7%E9%81%93%E6%9C%AD%E5%B9%8C%E5%B8%82%E4%B8%AD%E5%A4%AE%E5%8C%BA%E5%8D%974%E6%9D%A1%E8%A5%BF3%20%E6%96%B0%E3%83%A9%E3%83%BC%E3%83%A1%E3%83%B3%E6%A8%AA%E4%B8%81,43.0554780,141.3542574,2024 | 2025,ラーメン HOKKAIDO,ramen_hokkaido,発表日：2024年12月3日 | 発表日：2025年12月2日
斗香庵 HIGASHI,北海道札幌市東区北10条東4-2-51,食べログ 百名店: 2024 / ラーメン HOKKAIDO,https://tabelog.com/hokkaido/A0101/A010202/1057438/,https://yoyaku.tabelog.com/yoyaku/tabelog_booking/send_remind/,https://www.google.com/maps/search/?api=1&query=%E6%96%97%E9%A6%99%E5%BA%B5%20HIGASHI%20%E5%8C%97%E6%B5%B7%E9%81%93%E6%9C%AD%E5%B9%8C%E5%B8%82%E6%9D%B1%E5%8C%BA%E5%8C%9710%E6%9D%A1%E6%9D%B14-2-51,43.0740747,141.3600559,2024,ラーメン HOKKAIDO,ramen_hokkaido,発表日：2024年12月3日
蜂屋 五条創業店,北海道旭川市五条通7丁目右6,食べログ 百名店: 2024 | 2025 / ラーメン HOKKAIDO,https://tabelog.com/hokkaido/A0104/A010401/1000269/,https://yoyaku.tabelog.com/yoyaku/tabelog_booking/send_remind/,https://www.google.com/maps/search/?api=1&query=%E8%9C%82%E5%B1%8B%20%E4%BA%94%E6%9D%A1%E5%89%B5%E6%A5%AD%E5%BA%97%20%E5%8C%97%E6%B5%B7%E9%81%93%E6%97%AD%E5%B7%9D%E5%B8%82%E4%BA%94%E6%9D%A1%E9%80%9A7%E4%B8%81%E7%9B%AE%E5%8F%B36,43.7699713,142.3607266,2024 | 2025,ラーメン HOKKAIDO,ramen_hokkaido,発表日：2024年12月3日 | 発表日：2025年12月2日
麺屋 すずらん,北海道札幌市中央区南五条西4-13-4,食べログ 百名店: 2024 | 2025 / ラーメン HOKKAIDO,https://tabelog.com/hokkaido/A0101/A010103/1040041/,https://yoyaku.tabelog.com/yoyaku/tabelog_booking/send_remind/,https://www.google.com/maps/search/?api=1&query=%E9%BA%BA%E5%B1%8B%20%E3%81%99%E3%81%9A%E3%82%89%E3%82%93%20%E5%8C%97%E6%B5%B7%E9%81%93%E6%9C%AD%E5%B9%8C%E5%B8%82%E4%B8%AD%E5%A4%AE%E5%8C%BA%E5%8D%97%E4%BA%94%E6%9D%A1%E8%A5%BF4-13-4,43.0540314,141.3522462,2024 | 2025,ラーメン HOKKAIDO,ramen_hokkaido,発表日：2024年12月3日 | 発表日：2025年12月2日
札幌つけ麺 札幌ラーメン 風来堂,北海道札幌市豊平区豊平八条9-3-20 三信ビル 1F,食べログ 百名店: 2024 | 2025 / ラーメン HOKKAIDO,https://tabelog.com/hokkaido/A0101/A010303/1030289/,https://yoyaku.tabelog.com/yoyaku/tabelog_booking/send_remind/,https://www.google.com/maps/search/?api=1&query=%E6%9C%AD%E5%B9%8C%E3%81%A4%E3%81%91%E9%BA%BA%20%E6%9C%AD%E5%B9%8C%E3%83%A9%E3%83%BC%E3%83%A1%E3%83%B3%20%E9%A2%A8%E6%9D%A5%E5%A0%82%20%E5%8C%97%E6%B5%B7%E9%81%93%E6%9C%AD%E5%B9%8C%E5%B8%82%E8%B1%8A%E5%B9%B3%E5%8C%BA%E8%B1%8A%E5%B9%B3%E5%85%AB%E6%9D%A19-3-20%20%E4%B8%89%E4%BF%A1%E3%83%93%E3%83%AB%201F,43.0433427,141.3705377,2024 | 2025,ラーメン HOKKAIDO,ramen_hokkaido,発表日：2024年12月3日 | 発表日：2025年12月2日
八乃木,北海道札幌市西区発寒7条14丁目1-33,食べログ 百名店: 2024 | 2025 / ラーメン HOKKAIDO,https://tabelog.com/hokkaido/A0101/A010204/1051736/,https://yoyaku.tabelog.com/yoyaku/tabelog_booking/send_remind/,https://www.google.com/maps/search/?api=1&query=%E5%85%AB%E4%B9%83%E6%9C%A8%20%E5%8C%97%E6%B5%B7%E9%81%93%E6%9C%AD%E5%B9%8C%E5%B8%82%E8%A5%BF%E5%8C%BA%E7%99%BA%E5%AF%927%E6%9D%A114%E4%B8%81%E7%9B%AE1-33,43.0970141,141.2708927,2024 | 2025,ラーメン HOKKAIDO,ramen_hokkaido,発表日：2024年12月3日 | 発表日：2025年12月2日
定食 めし屋,北海道札幌市中央区北11条西22-1-26 卸売りセンター 1F,食べログ 百名店: 2024 / 食堂,https://tabelog.com/hokkaido/A0101/A010105/1009451/,https://yoyaku.tabelog.com/yoyaku/tabelog_booking/send_remind/,https://www.google.com/maps/search/?api=1&query=%E5%AE%9A%E9%A3%9F%20%E3%82%81%E3%81%97%E5%B1%8B%20%E5%8C%97%E6%B5%B7%E9%81%93%E6%9C%AD%E5%B9%8C%E5%B8%82%E4%B8%AD%E5%A4%AE%E5%8C%BA%E5%8C%9711%E6%9D%A1%E8%A5%BF22-1-26%20%E5%8D%B8%E5%A3%B2%E3%82%8A%E3%82%BB%E3%83%B3%E3%82%BF%E3%83%BC%201F,43.0704961,141.3203258,2024,食堂,shokudo,発表日：2024年9月25日
くしろ港町 釧ちゃん食堂 くしろ水産センター店,北海道釧路市浜町3-18 くしろ水産センター 1F,食べログ 百名店: 2024 / 食堂,https://tabelog.com/hokkaido/A0112/A011201/1051822/,https://yoyaku.tabelog.com/yoyaku/tabelog_booking/send_remind/,https://www.google.com/maps/search/?api=1&query=%E3%81%8F%E3%81%97%E3%82%8D%E6%B8%AF%E7%94%BA%20%E9%87%A7%E3%81%A1%E3%82%83%E3%82%93%E9%A3%9F%E5%A0%82%20%E3%81%8F%E3%81%97%E3%82%8D%E6%B0%B4%E7%94%A3%E3%82%BB%E3%83%B3%E3%82%BF%E3%83%BC%E5%BA%97%20%E5%8C%97%E6%B5%B7%E9%81%93%E9%87%A7%E8%B7%AF%E5%B8%82%E6%B5%9C%E7%94%BA3-18%20%E3%81%8F%E3%81%97%E3%82%8D%E6%B0%B4%E7%94%A3%E3%82%BB%E3%83%B3%E3%82%BF%E3%83%BC%201F,42.9897965,144.3648116,2024,食堂,shokudo,発表日：2024年9月25日
シロクマ食堂,北海道小樽市色内3-6-3,食べログ 百名店: 2024 / 食堂,https://tabelog.com/hokkaido/A0106/A010601/1037103/,https://yoyaku.tabelog.com/yoyaku/tabelog_booking/send_remind/,https://www.google.com/maps/search/?api=1&query=%E3%82%B7%E3%83%AD%E3%82%AF%E3%83%9E%E9%A3%9F%E5%A0%82%20%E5%8C%97%E6%B5%B7%E9%81%93%E5%B0%8F%E6%A8%BD%E5%B8%82%E8%89%B2%E5%86%853-6-3,43.2063940,140.9989252,2024,食堂,shokudo,発表日：2024年9月25日
チーナン食堂,福島県いわき市小名浜字栄町66-30,食べログ 百名店: 2024 / 食堂,https://tabelog.com/fukushima/A0704/A070401/7001301/,https://yoyaku.tabelog.com/yoyaku/tabelog_booking/send_remind/,https://www.google.com/maps/search/?api=1&query=%E3%83%81%E3%83%BC%E3%83%8A%E3%83%B3%E9%A3%9F%E5%A0%82%20%E7%A6%8F%E5%B3%B6%E7%9C%8C%E3%81%84%E3%82%8F%E3%81%8D%E5%B8%82%E5%B0%8F%E5%90%8D%E6%B5%9C%E5%AD%97%E6%A0%84%E7%94%BA66-30,36.9444429,140.9131429,2024,食堂,shokudo,発表日：2024年9月25日
鉢の木,福島県福島市伏拝台田9-2,食べログ 百名店: 2024 / 食堂,https://tabelog.com/fukushima/A0701/A070101/7003932/,https://yoyaku.tabelog.com/yoyaku/tabelog_booking/send_remind/,https://www.google.com/maps/search/?api=1&query=%E9%89%A2%E3%81%AE%E6%9C%A8%20%E7%A6%8F%E5%B3%B6%E7%9C%8C%E7%A6%8F%E5%B3%B6%E5%B8%82%E4%BC%8F%E6%8B%9D%E5%8F%B0%E7%94%B09-2,37.7235584,140.4583792,2024,食堂,shokudo,発表日：2024年9月25日
旅路,青森県東津軽郡外ヶ浜町字平舘弥蔵釜122-7,食べログ 百名店: 2024 / 食堂,https://tabelog.com/aomori/A0201/A020103/2007386/,https://yoyaku.tabelog.com/yoyaku/tabelog_booking/send_remind/,https://www.google.com/maps/search/?api=1&query=%E6%97%85%E8%B7%AF%20%E9%9D%92%E6%A3%AE%E7%9C%8C%E6%9D%B1%E6%B4%A5%E8%BB%BD%E9%83%A1%E5%A4%96%E3%83%B6%E6%B5%9C%E7%94%BA%E5%AD%97%E5%B9%B3%E8%88%98%E5%BC%A5%E8%94%B5%E9%87%9C122-7,41.1917939,140.6305180,2024,食堂,shokudo,発表日：2024年9月25日
民宿 青塚食堂,北海道小樽市祝津3-210,食べログ 百名店: 2024 / 食堂,https://tabelog.com/hokkaido/A0106/A010601/1001467/,https://yoyaku.tabelog.com/yoyaku/tabelog_booking/send_remind/,https://www.google.com/maps/search/?api=1&query=%E6%B0%91%E5%AE%BF%20%E9%9D%92%E5%A1%9A%E9%A3%9F%E5%A0%82%20%E5%8C%97%E6%B5%B7%E9%81%93%E5%B0%8F%E6%A8%BD%E5%B8%82%E7%A5%9D%E6%B4%A53-210,43.2365081,141.0149558,2024,食堂,shokudo,発表日：2024年9月25日
赤目のおやじ,北海道札幌市中央区南5条西3-8 N・グランデビル B1F,食べログ 百名店: 2024 / 食堂,https://tabelog.com/hokkaido/A0101/A010103/1064010/,https://yoyaku.tabelog.com/yoyaku/tabelog_booking/send_remind/,https://www.google.com/maps/search/?api=1&query=%E8%B5%A4%E7%9B%AE%E3%81%AE%E3%81%8A%E3%82%84%E3%81%98%20%E5%8C%97%E6%B5%B7%E9%81%93%E6%9C%AD%E5%B9%8C%E5%B8%82%E4%B8%AD%E5%A4%AE%E5%8C%BA%E5%8D%975%E6%9D%A1%E8%A5%BF3-8%20N%E3%83%BB%E3%82%B0%E3%83%A9%E3%83%B3%E3%83%87%E3%83%93%E3%83%AB%20B1F,43.0547523,141.3545229,2024,食堂,shokudo,発表日：2024年9月25日
お食事処おさない,青森県青森市新町1-1-17 1F,食べログ 百名店: 2024 / 食堂,https://tabelog.com/aomori/A0201/A020101/2000071/,https://yoyaku.tabelog.com/yoyaku/tabelog_booking/send_remind/,https://www.google.com/maps/search/?api=1&query=%E3%81%8A%E9%A3%9F%E4%BA%8B%E5%87%A6%E3%81%8A%E3%81%95%E3%81%AA%E3%81%84%20%E9%9D%92%E6%A3%AE%E7%9C%8C%E9%9D%92%E6%A3%AE%E5%B8%82%E6%96%B0%E7%94%BA1-1-17%201F,40.8279853,140.7359919,2024,食堂,shokudo,発表日：2024年9月25日
濱田商店,北海道目梨郡羅臼町礼文町365-1,食べログ 百名店: 2024 / 食堂,https://tabelog.com/hokkaido/A0112/A011204/1030424/,https://yoyaku.tabelog.com/yoyaku/tabelog_booking/send_remind/,https://www.google.com/maps/search/?api=1&query=%E6%BF%B1%E7%94%B0%E5%95%86%E5%BA%97%20%E5%8C%97%E6%B5%B7%E9%81%93%E7%9B%AE%E6%A2%A8%E9%83%A1%E7%BE%85%E8%87%BC%E7%94%BA%E7%A4%BC%E6%96%87%E7%94%BA365-1,44.0053947,145.1793514,2024,食堂,shokudo,発表日：2024年9月25日
魚まる食堂,青森県八戸市新湊2-15-17,食べログ 百名店: 2024 / 食堂,https://tabelog.com/aomori/A0203/A020301/2012503/,https://yoyaku.tabelog.com/yoyaku/tabelog_booking/send_remind/,https://www.google.com/maps/search/?api=1&query=%E9%AD%9A%E3%81%BE%E3%82%8B%E9%A3%9F%E5%A0%82%20%E9%9D%92%E6%A3%AE%E7%9C%8C%E5%85%AB%E6%88%B8%E5%B8%82%E6%96%B0%E6%B9%8A2-15-17,40.5263014,141.5296187,2024,食堂,shokudo,発表日：2024年9月25日
海鮮処 かふか,北海道礼文郡礼文町香深トンナイ558-1,食べログ 百名店: 2024 / 食堂,https://tabelog.com/hokkaido/A0109/A010906/1005453/,https://yoyaku.tabelog.com/yoyaku/tabelog_booking/send_remind/,https://www.google.com/maps/search/?api=1&query=%E6%B5%B7%E9%AE%AE%E5%87%A6%20%E3%81%8B%E3%81%B5%E3%81%8B%20%E5%8C%97%E6%B5%B7%E9%81%93%E7%A4%BC%E6%96%87%E9%83%A1%E7%A4%BC%E6%96%87%E7%94%BA%E9%A6%99%E6%B7%B1%E3%83%88%E3%83%B3%E3%83%8A%E3%82%A4558-1,45.3019773,141.0473916,2024,食堂,shokudo,発表日：2024年9月25日
みなと食堂,青森県八戸市大字湊町字久保45-1,食べログ 百名店: 2024 / 食堂,https://tabelog.com/aomori/A0203/A020301/2000865/,https://yoyaku.tabelog.com/yoyaku/tabelog_booking/send_remind/,https://www.google.com/maps/search/?api=1&query=%E3%81%BF%E3%81%AA%E3%81%A8%E9%A3%9F%E5%A0%82%20%E9%9D%92%E6%A3%AE%E7%9C%8C%E5%85%AB%E6%88%B8%E5%B8%82%E5%A4%A7%E5%AD%97%E6%B9%8A%E7%94%BA%E5%AD%97%E4%B9%85%E4%BF%9D45-1,40.5239786,141.5289537,2024,食堂,shokudo,発表日：2024年9月25日
ミートピア,山形県米沢市中央1-11-9,食べログ 百名店: 2024 / 食堂,https://tabelog.com/yamagata/A0602/A060201/6000398/,https://yoyaku.tabelog.com/yoyaku/tabelog_booking/send_remind/,https://www.google.com/maps/search/?api=1&query=%E3%83%9F%E3%83%BC%E3%83%88%E3%83%94%E3%82%A2%20%E5%B1%B1%E5%BD%A2%E7%9C%8C%E7%B1%B3%E6%B2%A2%E5%B8%82%E4%B8%AD%E5%A4%AE1-11-9,37.9135171,140.1106498,2024,食堂,shokudo,発表日：2024年9月25日
海峡荘,青森県下北郡大間町大字大間字大間平17-734,食べログ 百名店: 2024 / 食堂,https://tabelog.com/aomori/A0204/A020403/2000217/,https://yoyaku.tabelog.com/yoyaku/tabelog_booking/send_remind/,https://www.google.com/maps/search/?api=1&query=%E6%B5%B7%E5%B3%A1%E8%8D%98%20%E9%9D%92%E6%A3%AE%E7%9C%8C%E4%B8%8B%E5%8C%97%E9%83%A1%E5%A4%A7%E9%96%93%E7%94%BA%E5%A4%A7%E5%AD%97%E5%A4%A7%E9%96%93%E5%AD%97%E5%A4%A7%E9%96%93%E5%B9%B317-734,41.5462219,140.9133858,2024,食堂,shokudo,発表日：2024年9月25日
蕎麦彩膳 隆仙坊,福島県郡山市清水台2-6-5,食べログ 百名店: 2024 | 2025 / そば EAST,https://tabelog.com/fukushima/A0702/A070201/7001027/,https://yoyaku.tabelog.com/yoyaku/tabelog_booking/send_remind/,https://www.google.com/maps/search/?api=1&query=%E8%95%8E%E9%BA%A6%E5%BD%A9%E8%86%B3%20%E9%9A%86%E4%BB%99%E5%9D%8A%20%E7%A6%8F%E5%B3%B6%E7%9C%8C%E9%83%A1%E5%B1%B1%E5%B8%82%E6%B8%85%E6%B0%B4%E5%8F%B02-6-5,37.4001569,140.3813301,2024 | 2025,そば EAST,soba_east,発表日：2024年4月9日 | 発表日：2025年7月23日
伊達 翁,北海道伊達市弄月町239-3,食べログ 百名店: 2024 | 2025 / そば EAST,https://tabelog.com/hokkaido/A0108/A010801/1003486/,https://yoyaku.tabelog.com/yoyaku/tabelog_booking/send_remind/,https://www.google.com/maps/search/?api=1&query=%E4%BC%8A%E9%81%94%20%E7%BF%81%20%E5%8C%97%E6%B5%B7%E9%81%93%E4%BC%8A%E9%81%94%E5%B8%82%E5%BC%84%E6%9C%88%E7%94%BA239-3,42.4577603,140.8866963,2024 | 2025,そば EAST,soba_east,発表日：2024年4月9日 | 発表日：2025年7月23日
手打ちそば 梅蕎麦,山形県山形市東原町3-5-10,食べログ 百名店: 2024 | 2025 / そば EAST,https://tabelog.com/yamagata/A0601/A060101/6000107/,https://yoyaku.tabelog.com/yoyaku/tabelog_booking/send_remind/,https://www.google.com/maps/search/?api=1&query=%E6%89%8B%E6%89%93%E3%81%A1%E3%81%9D%E3%81%B0%20%E6%A2%85%E8%95%8E%E9%BA%A6%20%E5%B1%B1%E5%BD%A2%E7%9C%8C%E5%B1%B1%E5%BD%A2%E5%B8%82%E6%9D%B1%E5%8E%9F%E7%94%BA3-5-10,38.2410946,140.3429940,2024 | 2025,そば EAST,soba_east,発表日：2024年4月9日 | 発表日：2025年7月23日
手打蕎麦のたぐと,北海道札幌市西区西野一条3-2-2,食べログ 百名店: 2024 | 2025 / そば EAST,https://tabelog.com/hokkaido/A0101/A010204/1000649/,https://yoyaku.tabelog.com/yoyaku/tabelog_booking/send_remind/,https://www.google.com/maps/search/?api=1&query=%E6%89%8B%E6%89%93%E8%95%8E%E9%BA%A6%E3%81%AE%E3%81%9F%E3%81%90%E3%81%A8%20%E5%8C%97%E6%B5%B7%E9%81%93%E6%9C%AD%E5%B9%8C%E5%B8%82%E8%A5%BF%E5%8C%BA%E8%A5%BF%E9%87%8E%E4%B8%80%E6%9D%A13-2-2,43.0767327,141.2845977,2024 | 2025,そば EAST,soba_east,発表日：2024年4月9日 | 発表日：2025年7月23日
蕎麦切り あなざわ,福島県郡山市静町37-13,食べログ 百名店: 2024 | 2025 / そば EAST,https://tabelog.com/fukushima/A0702/A070201/7000355/,https://yoyaku.tabelog.com/yoyaku/tabelog_booking/send_remind/,https://www.google.com/maps/search/?api=1&query=%E8%95%8E%E9%BA%A6%E5%88%87%E3%82%8A%20%E3%81%82%E3%81%AA%E3%81%96%E3%82%8F%20%E7%A6%8F%E5%B3%B6%E7%9C%8C%E9%83%A1%E5%B1%B1%E5%B8%82%E9%9D%99%E7%94%BA37-13,37.3856316,140.3360165,2024 | 2025,そば EAST,soba_east,発表日：2024年4月9日 | 発表日：2025年7月23日
そば処 庄司屋 本店,山形県山形市幸町14-28,食べログ 百名店: 2024 / そば EAST,https://tabelog.com/yamagata/A0601/A060101/6000003/,https://yoyaku.tabelog.com/yoyaku/tabelog_booking/send_remind/,https://www.google.com/maps/search/?api=1&query=%E3%81%9D%E3%81%B0%E5%87%A6%20%E5%BA%84%E5%8F%B8%E5%B1%8B%20%E6%9C%AC%E5%BA%97%20%E5%B1%B1%E5%BD%A2%E7%9C%8C%E5%B1%B1%E5%BD%A2%E5%B8%82%E5%B9%B8%E7%94%BA14-28,38.2429626,140.3259468,2024,そば EAST,soba_east,発表日：2024年4月9日
あらきそば,山形県村山市大久保甲65,食べログ 百名店: 2024 | 2025 / そば EAST,https://tabelog.com/yamagata/A0605/A060502/6000017/,https://yoyaku.tabelog.com/yoyaku/tabelog_booking/send_remind/,https://www.google.com/maps/search/?api=1&query=%E3%81%82%E3%82%89%E3%81%8D%E3%81%9D%E3%81%B0%20%E5%B1%B1%E5%BD%A2%E7%9C%8C%E6%9D%91%E5%B1%B1%E5%B8%82%E5%A4%A7%E4%B9%85%E4%BF%9D%E7%94%B265,38.4701467,140.3239724,2024 | 2025,そば EAST,soba_east,発表日：2024年4月9日 | 発表日：2025年7月23日
いし豆,北海道虻田郡真狩村字社206-8,食べログ 百名店: 2024 | 2025 / そば EAST,https://tabelog.com/hokkaido/A0106/A010603/1005543/,https://yoyaku.tabelog.com/yoyaku/tabelog_booking/send_remind/,https://www.google.com/maps/search/?api=1&query=%E3%81%84%E3%81%97%E8%B1%86%20%E5%8C%97%E6%B5%B7%E9%81%93%E8%99%BB%E7%94%B0%E9%83%A1%E7%9C%9F%E7%8B%A9%E6%9D%91%E5%AD%97%E7%A4%BE206-8,42.7795549,140.7830411,2024 | 2025,そば EAST,soba_east,発表日：2024年4月9日 | 発表日：2025年7月23日
竹ふく,山形県山形市上町2-3-1,食べログ 百名店: 2024 / そば EAST,https://tabelog.com/yamagata/A0601/A060101/6000111/,https://yoyaku.tabelog.com/yoyaku/tabelog_booking/send_remind/,https://www.google.com/maps/search/?api=1&query=%E7%AB%B9%E3%81%B5%E3%81%8F%20%E5%B1%B1%E5%BD%A2%E7%9C%8C%E5%B1%B1%E5%BD%A2%E5%B8%82%E4%B8%8A%E7%94%BA2-3-1,38.2449030,140.3175478,2024,そば EAST,soba_east,発表日：2024年4月9日
バル エスパーニャ,北海道札幌市中央区南6条西3丁目 ニューオリンピアビル1F,食べログ 百名店: 2024 / スペイン料理,https://tabelog.com/hokkaido/A0101/A010103/1002126/,https://tabelog.com/hokkaido/A0101/A010103/1002126/?cid=google_yoyaku,https://www.google.com/maps/search/?api=1&query=%E3%83%90%E3%83%AB%20%E3%82%A8%E3%82%B9%E3%83%91%E3%83%BC%E3%83%8B%E3%83%A3%20%E5%8C%97%E6%B5%B7%E9%81%93%E6%9C%AD%E5%B9%8C%E5%B8%82%E4%B8%AD%E5%A4%AE%E5%8C%BA%E5%8D%976%E6%9D%A1%E8%A5%BF3%E4%B8%81%E7%9B%AE%20%E3%83%8B%E3%83%A5%E3%83%BC%E3%82%AA%E3%83%AA%E3%83%B3%E3%83%94%E3%82%A2%E3%83%93%E3%83%AB1F,43.0529687,141.3541678,2024,スペイン料理,spanish,発表日：2024年8月27日
ドン・キホーテ,秋田県由利本荘市東町3-7,食べログ 百名店: 2024 / スペイン料理,https://tabelog.com/akita/A0506/A050601/5000274/,https://yoyaku.tabelog.com/yoyaku/tabelog_booking/send_remind/,https://www.google.com/maps/search/?api=1&query=%E3%83%89%E3%83%B3%E3%83%BB%E3%82%AD%E3%83%9B%E3%83%BC%E3%83%86%20%E7%A7%8B%E7%94%B0%E7%9C%8C%E7%94%B1%E5%88%A9%E6%9C%AC%E8%8D%98%E5%B8%82%E6%9D%B1%E7%94%BA3-7,39.3892954,140.0530247,2024,スペイン料理,spanish,発表日：2024年8月27日
バル ESTARICO,北海道札幌市中央区南4条西3-3-3 すすきのビル B1F,食べログ 百名店: 2024 / スペイン料理,https://tabelog.com/hokkaido/A0101/A010103/1071538/,https://tabelog.com/hokkaido/A0101/A010103/1071538/?cid=google_yoyaku,https://www.google.com/maps/search/?api=1&query=%E3%83%90%E3%83%AB%20ESTARICO%20%E5%8C%97%E6%B5%B7%E9%81%93%E6%9C%AD%E5%B9%8C%E5%B8%82%E4%B8%AD%E5%A4%AE%E5%8C%BA%E5%8D%974%E6%9D%A1%E8%A5%BF3-3-3%20%E3%81%99%E3%81%99%E3%81%8D%E3%81%AE%E3%83%93%E3%83%AB%20B1F,43.0553768,141.3537567,2024,スペイン料理,spanish,発表日：2024年8月27日
BiXiGARRi,宮城県仙台市宮城野区元寺小路306-14 厚博ビル 2F,食べログ 百名店: 2024 / スペイン料理,https://tabelog.com/miyagi/A0401/A040102/4027154/,https://yoyaku.tabelog.com/yoyaku/tabelog_booking/send_remind/,https://www.google.com/maps/search/?api=1&query=BiXiGARRi%20%E5%AE%AE%E5%9F%8E%E7%9C%8C%E4%BB%99%E5%8F%B0%E5%B8%82%E5%AE%AE%E5%9F%8E%E9%87%8E%E5%8C%BA%E5%85%83%E5%AF%BA%E5%B0%8F%E8%B7%AF306-14%20%E5%8E%9A%E5%8D%9A%E3%83%93%E3%83%AB%202F,38.2638057,140.8844100,2024,スペイン料理,spanish,発表日：2024年8月27日
スペイン料理BOQUERIA,北海道札幌市中央区南三条西7-7-4 しゃみ靴店 2F,食べログ 百名店: 2024 / スペイン料理,https://tabelog.com/hokkaido/A0101/A010103/1064076/,https://tabelog.com/hokkaido/A0101/A010103/1064076/?cid=google_yoyaku,https://www.google.com/maps/search/?api=1&query=%E3%82%B9%E3%83%9A%E3%82%A4%E3%83%B3%E6%96%99%E7%90%86BOQUERIA%20%E5%8C%97%E6%B5%B7%E9%81%93%E6%9C%AD%E5%B9%8C%E5%B8%82%E4%B8%AD%E5%A4%AE%E5%8C%BA%E5%8D%97%E4%B8%89%E6%9D%A1%E8%A5%BF7-7-4%20%E3%81%97%E3%82%83%E3%81%BF%E9%9D%B4%E5%BA%97%202F,43.0559918,141.3469839,2024,スペイン料理,spanish,発表日：2024年8月27日
米沢牛亭 ぐっど,山形県米沢市下花沢1-3-4,食べログ 百名店: 2024 | 2025 / ステーキ・鉄板焼き EAST,https://tabelog.com/yamagata/A0602/A060201/6000031/,https://yoyaku.tabelog.com/yoyaku/tabelog_booking/send_remind/,https://www.google.com/maps/search/?api=1&query=%E7%B1%B3%E6%B2%A2%E7%89%9B%E4%BA%AD%20%E3%81%90%E3%81%A3%E3%81%A9%20%E5%B1%B1%E5%BD%A2%E7%9C%8C%E7%B1%B3%E6%B2%A2%E5%B8%82%E4%B8%8B%E8%8A%B1%E6%B2%A21-3-4,37.9067366,140.1334029,2024 | 2025,ステーキ・鉄板焼き EAST,steak_east,発表日：2024年4月23日 | 発表日：2025年8月19日
鉄板,北海道虻田郡倶知安町字岩尾別328-47 パークハイアットニセコHANAZONO,食べログ 百名店: 2024 / ステーキ・鉄板焼き EAST,https://tabelog.com/hokkaido/A0106/A010603/1065926/,https://yoyaku.tabelog.com/yoyaku/tabelog_booking/send_remind/,https://www.google.com/maps/search/?api=1&query=%E9%89%84%E6%9D%BF%20%E5%8C%97%E6%B5%B7%E9%81%93%E8%99%BB%E7%94%B0%E9%83%A1%E5%80%B6%E7%9F%A5%E5%AE%89%E7%94%BA%E5%AD%97%E5%B2%A9%E5%B0%BE%E5%88%A5328-47%20%E3%83%91%E3%83%BC%E3%82%AF%E3%83%8F%E3%82%A4%E3%82%A2%E3%83%83%E3%83%88%E3%83%8B%E3%82%BB%E3%82%B3HANAZONO,42.8933280,140.6976807,2024,ステーキ・鉄板焼き EAST,steak_east,発表日：2024年4月23日
大胡椒,宮城県仙台市青葉区一番町4-3-18,食べログ 百名店: 2024 | 2025 / ステーキ・鉄板焼き EAST,https://tabelog.com/miyagi/A0401/A040101/4001116/,https://yoyaku.tabelog.com/yoyaku/tabelog_booking/send_remind/,https://www.google.com/maps/search/?api=1&query=%E5%A4%A7%E8%83%A1%E6%A4%92%20%E5%AE%AE%E5%9F%8E%E7%9C%8C%E4%BB%99%E5%8F%B0%E5%B8%82%E9%9D%92%E8%91%89%E5%8C%BA%E4%B8%80%E7%95%AA%E7%94%BA4-3-18,38.2634637,140.8707931,2024 | 2025,ステーキ・鉄板焼き EAST,steak_east,発表日：2024年4月23日 | 発表日：2025年8月19日
Golot,岩手県盛岡市菜園2-6-28,食べログ 百名店: 2024 | 2025 / ステーキ・鉄板焼き EAST,https://tabelog.com/iwate/A0301/A030101/3008898/,https://tabelog.com/iwate/A0301/A030101/3008898/?cid=google_yoyaku,https://www.google.com/maps/search/?api=1&query=Golot%20%E5%B2%A9%E6%89%8B%E7%9C%8C%E7%9B%9B%E5%B2%A1%E5%B8%82%E8%8F%9C%E5%9C%922-6-28,39.7019603,141.1450292,2024 | 2025,ステーキ・鉄板焼き EAST,steak_east,発表日：2024年4月23日 | 発表日：2025年8月19日
香月,岩手県盛岡市菜園1-5-10 グリムハウス 4F,食べログ 百名店: 2024 / ステーキ・鉄板焼き EAST,https://tabelog.com/iwate/A0301/A030101/3000152/,https://yoyaku.tabelog.com/yoyaku/tabelog_booking/send_remind/,https://www.google.com/maps/search/?api=1&query=%E9%A6%99%E6%9C%88%20%E5%B2%A9%E6%89%8B%E7%9C%8C%E7%9B%9B%E5%B2%A1%E5%B8%82%E8%8F%9C%E5%9C%921-5-10%20%E3%82%B0%E3%83%AA%E3%83%A0%E3%83%8F%E3%82%A6%E3%82%B9%204F,39.7017137,141.1480872,2024,ステーキ・鉄板焼き EAST,steak_east,発表日：2024年4月23日
鉄板焼 漆,北海道札幌市中央区南五条西3-3 中銀三番館ビル 2F,食べログ 百名店: 2024 | 2025 / ステーキ・鉄板焼き EAST,https://tabelog.com/hokkaido/A0101/A010103/1070319/,https://tabelog.com/hokkaido/A0101/A010103/1070319/?cid=google_yoyaku,https://www.google.com/maps/search/?api=1&query=%E9%89%84%E6%9D%BF%E7%84%BC%20%E6%BC%86%20%E5%8C%97%E6%B5%B7%E9%81%93%E6%9C%AD%E5%B9%8C%E5%B8%82%E4%B8%AD%E5%A4%AE%E5%8C%BA%E5%8D%97%E4%BA%94%E6%9D%A1%E8%A5%BF3-3%20%E4%B8%AD%E9%8A%80%E4%B8%89%E7%95%AA%E9%A4%A8%E3%83%93%E3%83%AB%202F,43.0540887,141.3544313,2024 | 2025,ステーキ・鉄板焼き EAST,steak_east,発表日：2024年4月23日 | 発表日：2025年8月19日
ステーキ＆ワイン いしざき,北海道札幌市中央区南四条西3 ニュー北星ビル 4Ｆ,食べログ 百名店: 2024 | 2025 / ステーキ・鉄板焼き EAST,https://tabelog.com/hokkaido/A0101/A010103/1002853/,https://tabelog.com/hokkaido/A0101/A010103/1002853/?cid=google_yoyaku,https://www.google.com/maps/search/?api=1&query=%E3%82%B9%E3%83%86%E3%83%BC%E3%82%AD%EF%BC%86%E3%83%AF%E3%82%A4%E3%83%B3%20%E3%81%84%E3%81%97%E3%81%96%E3%81%8D%20%E5%8C%97%E6%B5%B7%E9%81%93%E6%9C%AD%E5%B9%8C%E5%B8%82%E4%B8%AD%E5%A4%AE%E5%8C%BA%E5%8D%97%E5%9B%9B%E6%9D%A1%E8%A5%BF3%20%E3%83%8B%E3%83%A5%E3%83%BC%E5%8C%97%E6%98%9F%E3%83%93%E3%83%AB%204%EF%BC%A6,43.0561033,141.3540347,2024 | 2025,ステーキ・鉄板焼き EAST,steak_east,発表日：2024年4月23日 | 発表日：2025年8月19日
阿佐利 本店,北海道函館市宝来町10-11,食べログ 百名店: 2024 / すき焼き・しゃぶしゃぶ,https://tabelog.com/hokkaido/A0105/A010501/1003362/,https://yoyaku.tabelog.com/yoyaku/tabelog_booking/send_remind/,https://www.google.com/maps/search/?api=1&query=%E9%98%BF%E4%BD%90%E5%88%A9%20%E6%9C%AC%E5%BA%97%20%E5%8C%97%E6%B5%B7%E9%81%93%E5%87%BD%E9%A4%A8%E5%B8%82%E5%AE%9D%E6%9D%A5%E7%94%BA10-11,41.7605445,140.7199608,2024,すき焼き・しゃぶしゃぶ,sukiyaki_shabushabu,発表日：2024年9月10日
牛のいしざき,北海道札幌市中央区南三条西3 Ｇダイニング札幌ビル 3F,食べログ 百名店: 2024 / すき焼き・しゃぶしゃぶ,https://tabelog.com/hokkaido/A0101/A010103/1002914/,https://tabelog.com/hokkaido/A0101/A010102/1002914/?cid=google_yoyaku,https://www.google.com/maps/search/?api=1&query=%E7%89%9B%E3%81%AE%E3%81%84%E3%81%97%E3%81%96%E3%81%8D%20%E5%8C%97%E6%B5%B7%E9%81%93%E6%9C%AD%E5%B9%8C%E5%B8%82%E4%B8%AD%E5%A4%AE%E5%8C%BA%E5%8D%97%E4%B8%89%E6%9D%A1%E8%A5%BF3%20%EF%BC%A7%E3%83%80%E3%82%A4%E3%83%8B%E3%83%B3%E3%82%B0%E6%9C%AD%E5%B9%8C%E3%83%93%E3%83%AB%203F,43.0566741,141.3543214,2024,すき焼き・しゃぶしゃぶ,sukiyaki_shabushabu,発表日：2024年9月10日
米沢牛 登起波,山形県米沢市中央7-2-3 登起波牛肉店　２Ｆ,食べログ 百名店: 2024 / すき焼き・しゃぶしゃぶ,https://tabelog.com/yamagata/A0602/A060201/6000038/,https://tabelog.com/yamagata/A0602/A060201/6000038/?cid=google_yoyaku,https://www.google.com/maps/search/?api=1&query=%E7%B1%B3%E6%B2%A2%E7%89%9B%20%E7%99%BB%E8%B5%B7%E6%B3%A2%20%E5%B1%B1%E5%BD%A2%E7%9C%8C%E7%B1%B3%E6%B2%A2%E5%B8%82%E4%B8%AD%E5%A4%AE7-2-3%20%E7%99%BB%E8%B5%B7%E6%B3%A2%E7%89%9B%E8%82%89%E5%BA%97%E3%80%80%EF%BC%92%EF%BC%A6,37.9192922,140.1090343,2024,すき焼き・しゃぶしゃぶ,sukiyaki_shabushabu,発表日：2024年9月10日
三光舎,北海道札幌市中央区南四条西2 ホテルメルキュール札幌　2F,食べログ 百名店: 2024 / すき焼き・しゃぶしゃぶ,https://tabelog.com/hokkaido/A0101/A010103/1000247/,https://yoyaku.tabelog.com/yoyaku/tabelog_booking/send_remind/,https://www.google.com/maps/search/?api=1&query=%E4%B8%89%E5%85%89%E8%88%8E%20%E5%8C%97%E6%B5%B7%E9%81%93%E6%9C%AD%E5%B9%8C%E5%B8%82%E4%B8%AD%E5%A4%AE%E5%8C%BA%E5%8D%97%E5%9B%9B%E6%9D%A1%E8%A5%BF2%20%E3%83%9B%E3%83%86%E3%83%AB%E3%83%A1%E3%83%AB%E3%82%AD%E3%83%A5%E3%83%BC%E3%83%AB%E6%9C%AD%E5%B9%8C%E3%80%802F,43.0557117,141.3556725,2024,すき焼き・しゃぶしゃぶ,sukiyaki_shabushabu,発表日：2024年9月10日
金澤屋牛肉店,山形県山形市七日町3-4-16,食べログ 百名店: 2024 / すき焼き・しゃぶしゃぶ,https://tabelog.com/yamagata/A0601/A060101/6007058/,https://tabelog.com/yamagata/A0601/A060101/6007058/?cid=google_yoyaku,https://www.google.com/maps/search/?api=1&query=%E9%87%91%E6%BE%A4%E5%B1%8B%E7%89%9B%E8%82%89%E5%BA%97%20%E5%B1%B1%E5%BD%A2%E7%9C%8C%E5%B1%B1%E5%BD%A2%E5%B8%82%E4%B8%83%E6%97%A5%E7%94%BA3-4-16,38.2550786,140.3428179,2024,すき焼き・しゃぶしゃぶ,sukiyaki_shabushabu,発表日：2024年9月10日
しの平,北海道札幌市中央区南三条西5-14 三条美松ビル3F,食べログ 百名店: 2024 / すき焼き・しゃぶしゃぶ,https://tabelog.com/hokkaido/A0101/A010103/1008058/,https://yoyaku.tabelog.com/yoyaku/tabelog_booking/send_remind/,https://www.google.com/maps/search/?api=1&query=%E3%81%97%E3%81%AE%E5%B9%B3%20%E5%8C%97%E6%B5%B7%E9%81%93%E6%9C%AD%E5%B9%8C%E5%B8%82%E4%B8%AD%E5%A4%AE%E5%8C%BA%E5%8D%97%E4%B8%89%E6%9D%A1%E8%A5%BF5-14%20%E4%B8%89%E6%9D%A1%E7%BE%8E%E6%9D%BE%E3%83%93%E3%83%AB3F,43.0566160,141.3507819,2024,すき焼き・しゃぶしゃぶ,sukiyaki_shabushabu,発表日：2024年9月10日
鳥勝牛肉店,山形県米沢市城北1-1-8,食べログ 百名店: 2024 / すき焼き・しゃぶしゃぶ,https://tabelog.com/yamagata/A0602/A060201/6000504/,https://yoyaku.tabelog.com/yoyaku/tabelog_booking/send_remind/,https://www.google.com/maps/search/?api=1&query=%E9%B3%A5%E5%8B%9D%E7%89%9B%E8%82%89%E5%BA%97%20%E5%B1%B1%E5%BD%A2%E7%9C%8C%E7%B1%B3%E6%B2%A2%E5%B8%82%E5%9F%8E%E5%8C%971-1-8,37.9146081,140.1062924,2024,すき焼き・しゃぶしゃぶ,sukiyaki_shabushabu,発表日：2024年9月10日
道産羊肉割烹 ラムぴりか,北海道札幌市中央区南六条西3-6-31 ジョイフル酒肴小路 7F,食べログ 百名店: 2024 / すき焼き・しゃぶしゃぶ,https://tabelog.com/hokkaido/A0101/A010103/1071005/,https://tabelog.com/hokkaido/A0101/A010103/1071005/?cid=google_yoyaku,https://www.google.com/maps/search/?api=1&query=%E9%81%93%E7%94%A3%E7%BE%8A%E8%82%89%E5%89%B2%E7%83%B9%20%E3%83%A9%E3%83%A0%E3%81%B4%E3%82%8A%E3%81%8B%20%E5%8C%97%E6%B5%B7%E9%81%93%E6%9C%AD%E5%B9%8C%E5%B8%82%E4%B8%AD%E5%A4%AE%E5%8C%BA%E5%8D%97%E5%85%AD%E6%9D%A1%E8%A5%BF3-6-31%20%E3%82%B8%E3%83%A7%E3%82%A4%E3%83%95%E3%83%AB%E9%85%92%E8%82%B4%E5%B0%8F%E8%B7%AF%207F,43.0538199,141.3550896,2024,すき焼き・しゃぶしゃぶ,sukiyaki_shabushabu,発表日：2024年9月10日
炭火焼肉 にく式 すすきの店,北海道札幌市中央区南5条西5-1,食べログ 百名店: 2024 / 焼肉 EAST,https://tabelog.com/hokkaido/A0101/A010103/1077658/,https://tabelog.com/hokkaido/A0101/A010103/1077658/?cid=google_yoyaku,https://www.google.com/maps/search/?api=1&query=%E7%82%AD%E7%81%AB%E7%84%BC%E8%82%89%20%E3%81%AB%E3%81%8F%E5%BC%8F%20%E3%81%99%E3%81%99%E3%81%8D%E3%81%AE%E5%BA%97%20%E5%8C%97%E6%B5%B7%E9%81%93%E6%9C%AD%E5%B9%8C%E5%B8%82%E4%B8%AD%E5%A4%AE%E5%8C%BA%E5%8D%975%E6%9D%A1%E8%A5%BF5-1,43.0536367,141.3519066,2024,焼肉 EAST,yakiniku_east,発表日：2024年10月22日
すすきの焼肉きらく,北海道札幌市中央区南六条西5-3-6 THE SUSUKINO SQUARE WEST 2F,食べログ 百名店: 2024 | 2025 / 焼肉 EAST,https://tabelog.com/hokkaido/A0101/A010103/1077075/,https://tabelog.com/hokkaido/A0101/A010103/1077075/?cid=google_yoyaku,https://www.google.com/maps/search/?api=1&query=%E3%81%99%E3%81%99%E3%81%8D%E3%81%AE%E7%84%BC%E8%82%89%E3%81%8D%E3%82%89%E3%81%8F%20%E5%8C%97%E6%B5%B7%E9%81%93%E6%9C%AD%E5%B9%8C%E5%B8%82%E4%B8%AD%E5%A4%AE%E5%8C%BA%E5%8D%97%E5%85%AD%E6%9D%A1%E8%A5%BF5-3-6%20THE%20SUSUKINO%20SQUARE%20WEST%202F,43.0527420,141.3518774,2024 | 2025,焼肉 EAST,yakiniku_east,発表日：2024年10月22日 | 発表日：2025年10月15日
炭火焼肉 だいじゅん,青森県青森市堤町2-22-32,食べログ 百名店: 2024 | 2025 / 焼肉 EAST,https://tabelog.com/aomori/A0201/A020101/2007966/,https://tabelog.com/aomori/A0201/A020101/2007966/?cid=google_yoyaku,https://www.google.com/maps/search/?api=1&query=%E7%82%AD%E7%81%AB%E7%84%BC%E8%82%89%20%E3%81%A0%E3%81%84%E3%81%98%E3%82%85%E3%82%93%20%E9%9D%92%E6%A3%AE%E7%9C%8C%E9%9D%92%E6%A3%AE%E5%B8%82%E5%A0%A4%E7%94%BA2-22-32,40.8235636,140.7595516,2024 | 2025,焼肉 EAST,yakiniku_east,発表日：2024年10月22日 | 発表日：2025年10月15日
焼肉みよし,山形県米沢市駅前3-2-23,食べログ 百名店: 2024 | 2025 / 焼肉 EAST,https://tabelog.com/yamagata/A0602/A060201/6004247/,https://yoyaku.tabelog.com/yoyaku/tabelog_booking/send_remind/,https://www.google.com/maps/search/?api=1&query=%E7%84%BC%E8%82%89%E3%81%BF%E3%82%88%E3%81%97%20%E5%B1%B1%E5%BD%A2%E7%9C%8C%E7%B1%B3%E6%B2%A2%E5%B8%82%E9%A7%85%E5%89%8D3-2-23,37.9100967,140.1264304,2024 | 2025,焼肉 EAST,yakiniku_east,発表日：2024年10月22日 | 発表日：2025年10月15日
森彦,北海道札幌市中央区南二条西26-2-18,食べログ 百名店: 2025 / カフェ EAST,https://tabelog.com/hokkaido/A0101/A010105/1000080/,https://yoyaku.tabelog.com/yoyaku/tabelog_booking/send_remind/,https://www.google.com/maps/search/?api=1&query=%E6%A3%AE%E5%BD%A6%20%E5%8C%97%E6%B5%B7%E9%81%93%E6%9C%AD%E5%B9%8C%E5%B8%82%E4%B8%AD%E5%A4%AE%E5%8C%BA%E5%8D%97%E4%BA%8C%E6%9D%A1%E8%A5%BF26-2-18,43.0533162,141.3186179,2025,カフェ EAST,cafe_east,発表日：2025年7月8日
霜止出苗,北海道札幌市中央区南9西4-5-12 カモカモビル1F,食べログ 百名店: 2025 / 創作料理・イノベーティブ,https://tabelog.com/hokkaido/A0101/A010104/1061277/,https://tabelog.com/hokkaido/A0101/A010104/1061277/?cid=google_yoyaku,https://www.google.com/maps/search/?api=1&query=%E9%9C%9C%E6%AD%A2%E5%87%BA%E8%8B%97%20%E5%8C%97%E6%B5%B7%E9%81%93%E6%9C%AD%E5%B9%8C%E5%B8%82%E4%B8%AD%E5%A4%AE%E5%8C%BA%E5%8D%979%E8%A5%BF4-5-12%20%E3%82%AB%E3%83%A2%E3%82%AB%E3%83%A2%E3%83%93%E3%83%AB1F,43.0476283,141.3529998,2025,創作料理・イノベーティブ,creative_innovative,発表日：2025年5月27日
Yoichi LOOP,北海道余市郡余市町黒川町4-123,食べログ 百名店: 2025 / 創作料理・イノベーティブ,https://tabelog.com/hokkaido/A0106/A010602/1065828/,https://tabelog.com/hokkaido/A0106/A010602/1065828/?cid=google_yoyaku,https://www.google.com/maps/search/?api=1&query=Yoichi%20LOOP%20%E5%8C%97%E6%B5%B7%E9%81%93%E4%BD%99%E5%B8%82%E9%83%A1%E4%BD%99%E5%B8%82%E7%94%BA%E9%BB%92%E5%B7%9D%E7%94%BA4-123,43.1871857,140.7936023,2025,創作料理・イノベーティブ,creative_innovative,発表日：2025年5月27日
アグリスケープ,北海道札幌市西区小別沢177,食べログ 百名店: 2025 / 創作料理・イノベーティブ,https://tabelog.com/hokkaido/A0101/A010105/1061234/,https://yoyaku.tabelog.com/yoyaku/tabelog_booking/send_remind/,https://www.google.com/maps/search/?api=1&query=%E3%82%A2%E3%82%B0%E3%83%AA%E3%82%B9%E3%82%B1%E3%83%BC%E3%83%97%20%E5%8C%97%E6%B5%B7%E9%81%93%E6%9C%AD%E5%B9%8C%E5%B8%82%E8%A5%BF%E5%8C%BA%E5%B0%8F%E5%88%A5%E6%B2%A2177,43.0438051,141.2767262,2025,創作料理・イノベーティブ,creative_innovative,発表日：2025年5月27日
ナクレ,宮城県仙台市青葉区一番町3-1-1 藤崎ファーストタワー館 4F,食べログ 百名店: 2025 / フレンチ EAST,https://tabelog.com/miyagi/A0401/A040101/4023008/,https://tabelog.com/miyagi/A0401/A040101/4023008/?cid=google_yoyaku,https://www.google.com/maps/search/?api=1&query=%E3%83%8A%E3%82%AF%E3%83%AC%20%E5%AE%AE%E5%9F%8E%E7%9C%8C%E4%BB%99%E5%8F%B0%E5%B8%82%E9%9D%92%E8%91%89%E5%8C%BA%E4%B8%80%E7%95%AA%E7%94%BA3-1-1%20%E8%97%A4%E5%B4%8E%E3%83%95%E3%82%A1%E3%83%BC%E3%82%B9%E3%83%88%E3%82%BF%E3%83%AF%E3%83%BC%E9%A4%A8%204F,38.2607096,140.8742871,2025,フレンチ EAST,french_east,発表日：2025年6月10日
Remede nikaho,秋田県にかほ市平沢字家ノ後49-1,食べログ 百名店: 2025 / フレンチ EAST,https://tabelog.com/akita/A0506/A050602/5008507/,https://tabelog.com/akita/A0506/A050602/5008507/?cid=google_yoyaku,https://www.google.com/maps/search/?api=1&query=Remede%20nikaho%20%E7%A7%8B%E7%94%B0%E7%9C%8C%E3%81%AB%E3%81%8B%E3%81%BB%E5%B8%82%E5%B9%B3%E6%B2%A2%E5%AD%97%E5%AE%B6%E3%83%8E%E5%BE%8C49-1,39.2923839,139.9668059,2025,フレンチ EAST,french_east,発表日：2025年6月10日
credo,山形県山形市飯田5-21-11,食べログ 百名店: 2025 / フレンチ EAST,https://tabelog.com/yamagata/A0601/A060101/6011324/,https://yoyaku.tabelog.com/yoyaku/tabelog_booking/send_remind/,https://www.google.com/maps/search/?api=1&query=credo%20%E5%B1%B1%E5%BD%A2%E7%9C%8C%E5%B1%B1%E5%BD%A2%E5%B8%82%E9%A3%AF%E7%94%B05-21-11,38.2106678,140.3273813,2025,フレンチ EAST,french_east,発表日：2025年6月10日
マリヨンヌ,北海道帯広市西一条南10-2-1,食べログ 百名店: 2025 / フレンチ EAST,https://tabelog.com/hokkaido/A0111/A011101/1064481/,https://yoyaku.tabelog.com/yoyaku/tabelog_booking/send_remind/,https://www.google.com/maps/search/?api=1&query=%E3%83%9E%E3%83%AA%E3%83%A8%E3%83%B3%E3%83%8C%20%E5%8C%97%E6%B5%B7%E9%81%93%E5%B8%AF%E5%BA%83%E5%B8%82%E8%A5%BF%E4%B8%80%E6%9D%A1%E5%8D%9710-2-1,42.9213772,143.2040422,2025,フレンチ EAST,french_east,発表日：2025年6月10日
Kashu,青森県青森市新町1-10-4,食べログ 百名店: 2025 / フレンチ EAST,https://tabelog.com/aomori/A0201/A020101/2011353/,https://yoyaku.tabelog.com/yoyaku/tabelog_booking/send_remind/,https://www.google.com/maps/search/?api=1&query=Kashu%20%E9%9D%92%E6%A3%AE%E7%9C%8C%E9%9D%92%E6%A3%AE%E5%B8%82%E6%96%B0%E7%94%BA1-10-4,40.8274778,140.7392539,2025,フレンチ EAST,french_east,発表日：2025年6月10日
イル コテキーノ,山形県山形市あこや町2-1-28,食べログ 百名店: 2025 / イタリアン EAST,https://tabelog.com/yamagata/A0601/A060101/6011015/,https://yoyaku.tabelog.com/yoyaku/tabelog_booking/send_remind/,https://www.google.com/maps/search/?api=1&query=%E3%82%A4%E3%83%AB%20%E3%82%B3%E3%83%86%E3%82%AD%E3%83%BC%E3%83%8E%20%E5%B1%B1%E5%BD%A2%E7%9C%8C%E5%B1%B1%E5%BD%A2%E5%B8%82%E3%81%82%E3%81%93%E3%82%84%E7%94%BA2-1-28,38.2419270,140.3498097,2025,イタリアン EAST,italian_east,発表日：2025年4月22日
アル・ケッチァーノ,山形県鶴岡市遠賀原字稲荷43,食べログ 百名店: 2025 / イタリアン EAST,https://tabelog.com/yamagata/A0603/A060302/6011928/,https://tabelog.com/yamagata/A0603/A060302/6011928/?cid=google_yoyaku,https://www.google.com/maps/search/?api=1&query=%E3%82%A2%E3%83%AB%E3%83%BB%E3%82%B1%E3%83%83%E3%83%81%E3%82%A1%E3%83%BC%E3%83%8E%20%E5%B1%B1%E5%BD%A2%E7%9C%8C%E9%B6%B4%E5%B2%A1%E5%B8%82%E9%81%A0%E8%B3%80%E5%8E%9F%E5%AD%97%E7%A8%B2%E8%8D%B743,38.7068660,139.8414826,2025,イタリアン EAST,italian_east,発表日：2025年4月22日
Badalone,岩手県花巻市大通り1-5-12,食べログ 百名店: 2025 / イタリアン EAST,https://tabelog.com/iwate/A0302/A030201/3007303/,https://yoyaku.tabelog.com/yoyaku/tabelog_booking/send_remind/,https://www.google.com/maps/search/?api=1&query=Badalone%20%E5%B2%A9%E6%89%8B%E7%9C%8C%E8%8A%B1%E5%B7%BB%E5%B8%82%E5%A4%A7%E9%80%9A%E3%82%8A1-5-12,39.3912249,141.1125009,2025,イタリアン EAST,italian_east,発表日：2025年4月22日
コルツ,北海道函館市宝来町34-7,食べログ 百名店: 2025 / イタリアン EAST,https://tabelog.com/hokkaido/A0105/A010501/1075368/,https://yoyaku.tabelog.com/yoyaku/tabelog_booking/send_remind/,https://www.google.com/maps/search/?api=1&query=%E3%82%B3%E3%83%AB%E3%83%84%20%E5%8C%97%E6%B5%B7%E9%81%93%E5%87%BD%E9%A4%A8%E5%B8%82%E5%AE%9D%E6%9D%A5%E7%94%BA34-7,41.7632139,140.7209774,2025,イタリアン EAST,italian_east,発表日：2025年4月22日
ススキノデパート,北海道札幌市中央区南五条西2-2 サイバーシティビル 2F,食べログ 百名店: 2025 / 居酒屋 EAST,https://tabelog.com/hokkaido/A0101/A010103/1079840/,https://tabelog.com/hokkaido/A0101/A010103/1079840/?cid=google_yoyaku,https://www.google.com/maps/search/?api=1&query=%E3%82%B9%E3%82%B9%E3%82%AD%E3%83%8E%E3%83%87%E3%83%91%E3%83%BC%E3%83%88%20%E5%8C%97%E6%B5%B7%E9%81%93%E6%9C%AD%E5%B9%8C%E5%B8%82%E4%B8%AD%E5%A4%AE%E5%8C%BA%E5%8D%97%E4%BA%94%E6%9D%A1%E8%A5%BF2-2%20%E3%82%B5%E3%82%A4%E3%83%90%E3%83%BC%E3%82%B7%E3%83%86%E3%82%A3%E3%83%93%E3%83%AB%202F,43.0544189,141.3559963,2025,居酒屋 EAST,izakaya_east,発表日：2025年10月1日
酔亭よっちゃん,宮城県仙台市青葉区国分町2-8-31,食べログ 百名店: 2025 / 居酒屋 EAST,https://tabelog.com/miyagi/A0401/A040101/4005415/,https://yoyaku.tabelog.com/yoyaku/tabelog_booking/send_remind/,https://www.google.com/maps/search/?api=1&query=%E9%85%94%E4%BA%AD%E3%82%88%E3%81%A3%E3%81%A1%E3%82%83%E3%82%93%20%E5%AE%AE%E5%9F%8E%E7%9C%8C%E4%BB%99%E5%8F%B0%E5%B8%82%E9%9D%92%E8%91%89%E5%8C%BA%E5%9B%BD%E5%88%86%E7%94%BA2-8-31,38.2634292,140.8678195,2025,居酒屋 EAST,izakaya_east,発表日：2025年10月1日
盃爛処,福島県会津若松市中央1-3-23,食べログ 百名店: 2025 / 居酒屋 EAST,https://tabelog.com/fukushima/A0705/A070501/7015971/,https://yoyaku.tabelog.com/yoyaku/tabelog_booking/send_remind/,https://www.google.com/maps/search/?api=1&query=%E7%9B%83%E7%88%9B%E5%87%A6%20%E7%A6%8F%E5%B3%B6%E7%9C%8C%E4%BC%9A%E6%B4%A5%E8%8B%A5%E6%9D%BE%E5%B8%82%E4%B8%AD%E5%A4%AE1-3-23,37.4995791,139.9292958,2025,居酒屋 EAST,izakaya_east,発表日：2025年10月1日
暖だん,青森県八戸市大字鷹匠小路4,食べログ 百名店: 2025 / 居酒屋 EAST,https://tabelog.com/aomori/A0203/A020301/2009073/,https://yoyaku.tabelog.com/yoyaku/tabelog_booking/send_remind/,https://www.google.com/maps/search/?api=1&query=%E6%9A%96%E3%81%A0%E3%82%93%20%E9%9D%92%E6%A3%AE%E7%9C%8C%E5%85%AB%E6%88%B8%E5%B8%82%E5%A4%A7%E5%AD%97%E9%B7%B9%E5%8C%A0%E5%B0%8F%E8%B7%AF4,40.5079883,141.4927047,2025,居酒屋 EAST,izakaya_east,発表日：2025年10月1日
灯,北海道札幌市中央区南5条西4-7 南興ビル 3F,食べログ 百名店: 2025 / 居酒屋 EAST,https://tabelog.com/hokkaido/A0101/A010103/1076206/,https://tabelog.com/hokkaido/A0101/A010103/1076206/?cid=google_yoyaku,https://www.google.com/maps/search/?api=1&query=%E7%81%AF%20%E5%8C%97%E6%B5%B7%E9%81%93%E6%9C%AD%E5%B9%8C%E5%B8%82%E4%B8%AD%E5%A4%AE%E5%8C%BA%E5%8D%975%E6%9D%A1%E8%A5%BF4-7%20%E5%8D%97%E8%88%88%E3%83%93%E3%83%AB%203F,43.0545887,141.3532886,2025,居酒屋 EAST,izakaya_east,発表日：2025年10月1日
佗び助,宮城県仙台市青葉区立町6-16,食べログ 百名店: 2025 / 居酒屋 EAST,https://tabelog.com/miyagi/A0401/A040101/4002537/,https://yoyaku.tabelog.com/yoyaku/tabelog_booking/send_remind/,https://www.google.com/maps/search/?api=1&query=%E4%BD%97%E3%81%B3%E5%8A%A9%20%E5%AE%AE%E5%9F%8E%E7%9C%8C%E4%BB%99%E5%8F%B0%E5%B8%82%E9%9D%92%E8%91%89%E5%8C%BA%E7%AB%8B%E7%94%BA6-16,38.2624173,140.8650597,2025,居酒屋 EAST,izakaya_east,発表日：2025年10月1日
薄野 肉海鮮炉端 芯々,北海道札幌市中央区南6条西4-5 高瀬ビル 1F,食べログ 百名店: 2025 / 居酒屋 EAST,https://tabelog.com/hokkaido/A0101/A010103/1075214/,https://tabelog.com/hokkaido/A0101/A010103/1075214/?cid=google_yoyaku,https://www.google.com/maps/search/?api=1&query=%E8%96%84%E9%87%8E%20%E8%82%89%E6%B5%B7%E9%AE%AE%E7%82%89%E7%AB%AF%20%E8%8A%AF%E3%80%85%20%E5%8C%97%E6%B5%B7%E9%81%93%E6%9C%AD%E5%B9%8C%E5%B8%82%E4%B8%AD%E5%A4%AE%E5%8C%BA%E5%8D%976%E6%9D%A1%E8%A5%BF4-5%20%E9%AB%98%E7%80%AC%E3%83%93%E3%83%AB%201F,43.0536936,141.3529197,2025,居酒屋 EAST,izakaya_east,発表日：2025年10月1日
海味 はちきょう 本店,北海道札幌市中央区南三条西3 都ビル　１Ｆ,食べログ 百名店: 2025 / 居酒屋 EAST,https://tabelog.com/hokkaido/A0101/A010103/1003784/,https://yoyaku.tabelog.com/yoyaku/tabelog_booking/send_remind/,https://www.google.com/maps/search/?api=1&query=%E6%B5%B7%E5%91%B3%20%E3%81%AF%E3%81%A1%E3%81%8D%E3%82%87%E3%81%86%20%E6%9C%AC%E5%BA%97%20%E5%8C%97%E6%B5%B7%E9%81%93%E6%9C%AD%E5%B9%8C%E5%B8%82%E4%B8%AD%E5%A4%AE%E5%8C%BA%E5%8D%97%E4%B8%89%E6%9D%A1%E8%A5%BF3%20%E9%83%BD%E3%83%93%E3%83%AB%E3%80%80%EF%BC%91%EF%BC%A6,43.0564351,141.3540272,2025,居酒屋 EAST,izakaya_east,発表日：2025年10月1日
晩酌と晩御飯 ちょうつがひ,宮城県仙台市青葉区一番町4-7-7,食べログ 百名店: 2025 / 居酒屋 EAST,https://tabelog.com/miyagi/A0401/A040101/4021968/,https://yoyaku.tabelog.com/yoyaku/tabelog_booking/send_remind/,https://www.google.com/maps/search/?api=1&query=%E6%99%A9%E9%85%8C%E3%81%A8%E6%99%A9%E5%BE%A1%E9%A3%AF%20%E3%81%A1%E3%82%87%E3%81%86%E3%81%A4%E3%81%8C%E3%81%B2%20%E5%AE%AE%E5%9F%8E%E7%9C%8C%E4%BB%99%E5%8F%B0%E5%B8%82%E9%9D%92%E8%91%89%E5%8C%BA%E4%B8%80%E7%95%AA%E7%94%BA4-7-7,38.2646102,140.8713939,2025,居酒屋 EAST,izakaya_east,発表日：2025年10月1日
かかし屋,岩手県盛岡市菜園2-3-22 バンベールビル B1F,食べログ 百名店: 2025 / 居酒屋 EAST,https://tabelog.com/iwate/A0301/A030101/3007022/,https://yoyaku.tabelog.com/yoyaku/tabelog_booking/send_remind/,https://www.google.com/maps/search/?api=1&query=%E3%81%8B%E3%81%8B%E3%81%97%E5%B1%8B%20%E5%B2%A9%E6%89%8B%E7%9C%8C%E7%9B%9B%E5%B2%A1%E5%B8%82%E8%8F%9C%E5%9C%922-3-22%20%E3%83%90%E3%83%B3%E3%83%99%E3%83%BC%E3%83%AB%E3%83%93%E3%83%AB%20B1F,39.7017039,141.1465085,2025,居酒屋 EAST,izakaya_east,発表日：2025年10月1日
めんめ,北海道札幌市中央区南3条西6 狸小路市場内,食べログ 百名店: 2025 / 居酒屋 EAST,https://tabelog.com/hokkaido/A0101/A010103/1003973/,https://yoyaku.tabelog.com/yoyaku/tabelog_booking/send_remind/,https://www.google.com/maps/search/?api=1&query=%E3%82%81%E3%82%93%E3%82%81%20%E5%8C%97%E6%B5%B7%E9%81%93%E6%9C%AD%E5%B9%8C%E5%B8%82%E4%B8%AD%E5%A4%AE%E5%8C%BA%E5%8D%973%E6%9D%A1%E8%A5%BF6%20%E7%8B%B8%E5%B0%8F%E8%B7%AF%E5%B8%82%E5%A0%B4%E5%86%85,43.0565337,141.3493693,2025,居酒屋 EAST,izakaya_east,発表日：2025年10月1日
菜のはな,青森県青森市本町5-4-20,食べログ 百名店: 2025 / 日本料理 EAST,https://tabelog.com/aomori/A0201/A020101/2000243/,https://yoyaku.tabelog.com/yoyaku/tabelog_booking/send_remind/,https://www.google.com/maps/search/?api=1&query=%E8%8F%9C%E3%81%AE%E3%81%AF%E3%81%AA%20%E9%9D%92%E6%A3%AE%E7%9C%8C%E9%9D%92%E6%A3%AE%E5%B8%82%E6%9C%AC%E7%94%BA5-4-20,40.8256579,140.7507634,2025,日本料理 EAST,japanese_east,発表日：2025年3月25日
御りょうり屋 伊藤,山形県山形市七日町4-10-16,食べログ 百名店: 2025 / 日本料理 EAST,https://tabelog.com/yamagata/A0601/A060101/6007923/,https://yoyaku.tabelog.com/yoyaku/tabelog_booking/send_remind/,https://www.google.com/maps/search/?api=1&query=%E5%BE%A1%E3%82%8A%E3%82%87%E3%81%86%E3%82%8A%E5%B1%8B%20%E4%BC%8A%E8%97%A4%20%E5%B1%B1%E5%BD%A2%E7%9C%8C%E5%B1%B1%E5%BD%A2%E5%B8%82%E4%B8%83%E6%97%A5%E7%94%BA4-10-16,38.2536860,140.3439599,2025,日本料理 EAST,japanese_east,発表日：2025年3月25日
陽,青森県弘前市北川端町36-3,食べログ 百名店: 2025 / 日本料理 EAST,https://tabelog.com/aomori/A0202/A020201/2012387/,https://yoyaku.tabelog.com/yoyaku/tabelog_booking/send_remind/,https://www.google.com/maps/search/?api=1&query=%E9%99%BD%20%E9%9D%92%E6%A3%AE%E7%9C%8C%E5%BC%98%E5%89%8D%E5%B8%82%E5%8C%97%E5%B7%9D%E7%AB%AF%E7%94%BA36-3,40.5996227,140.4718708,2025,日本料理 EAST,japanese_east,発表日：2025年3月25日
まつ久ら,北海道札幌市中央区南7条西3 LC2番館 B1F,食べログ 百名店: 2025 / 日本料理 EAST,https://tabelog.com/hokkaido/A0101/A010103/1002718/,https://tabelog.com/hokkaido/A0101/A010103/1002718/?cid=google_yoyaku,https://www.google.com/maps/search/?api=1&query=%E3%81%BE%E3%81%A4%E4%B9%85%E3%82%89%20%E5%8C%97%E6%B5%B7%E9%81%93%E6%9C%AD%E5%B9%8C%E5%B8%82%E4%B8%AD%E5%A4%AE%E5%8C%BA%E5%8D%977%E6%9D%A1%E8%A5%BF3%20LC2%E7%95%AA%E9%A4%A8%20B1F,43.0520046,141.3545211,2025,日本料理 EAST,japanese_east,発表日：2025年3月25日
はこだて ふさや 大門店,北海道函館市若松町18-22,食べログ 百名店: 2025 / お好み焼き,https://tabelog.com/hokkaido/A0105/A010501/1008098/,https://yoyaku.tabelog.com/yoyaku/tabelog_booking/send_remind/,https://www.google.com/maps/search/?api=1&query=%E3%81%AF%E3%81%93%E3%81%A0%E3%81%A6%20%E3%81%B5%E3%81%95%E3%82%84%20%E5%A4%A7%E9%96%80%E5%BA%97%20%E5%8C%97%E6%B5%B7%E9%81%93%E5%87%BD%E9%A4%A8%E5%B8%82%E8%8B%A5%E6%9D%BE%E7%94%BA18-22,41.7725685,140.7297893,2025,お好み焼き,okonomiyaki,発表日：2025年9月2日
あかつき,北海道北見市高栄西町1丁目7-22,食べログ 百名店: 2025 / お好み焼き,https://tabelog.com/hokkaido/A0110/A011003/1030080/,https://yoyaku.tabelog.com/yoyaku/tabelog_booking/send_remind/,https://www.google.com/maps/search/?api=1&query=%E3%81%82%E3%81%8B%E3%81%A4%E3%81%8D%20%E5%8C%97%E6%B5%B7%E9%81%93%E5%8C%97%E8%A6%8B%E5%B8%82%E9%AB%98%E6%A0%84%E8%A5%BF%E7%94%BA1%E4%B8%81%E7%9B%AE7-22,43.8089660,143.8661990,2025,お好み焼き,okonomiyaki,発表日：2025年9月2日
ピッツェリア  Tuka,北海道河西郡更別村字更別北1線95-20,食べログ 百名店: 2025 / ピザ,https://tabelog.com/hokkaido/A0111/A011103/1042561/,https://yoyaku.tabelog.com/yoyaku/tabelog_booking/send_remind/,https://www.google.com/maps/search/?api=1&query=%E3%83%94%E3%83%83%E3%83%84%E3%82%A7%E3%83%AA%E3%82%A2%20%20Tuka%20%E5%8C%97%E6%B5%B7%E9%81%93%E6%B2%B3%E8%A5%BF%E9%83%A1%E6%9B%B4%E5%88%A5%E6%9D%91%E5%AD%97%E6%9B%B4%E5%88%A5%E5%8C%971%E7%B7%9A95-20,42.6602058,143.1818493,2025,ピザ,pizza,発表日：2025年4月9日
ピッツェリア エ オステリア パドリーノ,宮城県仙台市青葉区二日町17-31 プレシャス二日町 1F,食べログ 百名店: 2025 / ピザ,https://tabelog.com/miyagi/A0401/A040101/4024529/,https://yoyaku.tabelog.com/yoyaku/tabelog_booking/send_remind/,https://www.google.com/maps/search/?api=1&query=%E3%83%94%E3%83%83%E3%83%84%E3%82%A7%E3%83%AA%E3%82%A2%20%E3%82%A8%20%E3%82%AA%E3%82%B9%E3%83%86%E3%83%AA%E3%82%A2%20%E3%83%91%E3%83%89%E3%83%AA%E3%83%BC%E3%83%8E%20%E5%AE%AE%E5%9F%8E%E7%9C%8C%E4%BB%99%E5%8F%B0%E5%B8%82%E9%9D%92%E8%91%89%E5%8C%BA%E4%BA%8C%E6%97%A5%E7%94%BA17-31%20%E3%83%97%E3%83%AC%E3%82%B7%E3%83%A3%E3%82%B9%E4%BA%8C%E6%97%A5%E7%94%BA%201F,38.2714023,140.8669184,2025,ピザ,pizza,発表日：2025年4月9日
ピッツェリア チンクエ,岩手県花巻市台5-9-3,食べログ 百名店: 2025 / ピザ,https://tabelog.com/iwate/A0302/A030201/3004267/,https://yoyaku.tabelog.com/yoyaku/tabelog_booking/send_remind/,https://www.google.com/maps/search/?api=1&query=%E3%83%94%E3%83%83%E3%83%84%E3%82%A7%E3%83%AA%E3%82%A2%20%E3%83%81%E3%83%B3%E3%82%AF%E3%82%A8%20%E5%B2%A9%E6%89%8B%E7%9C%8C%E8%8A%B1%E5%B7%BB%E5%B8%82%E5%8F%B05-9-3,39.4484840,141.0725579,2025,ピザ,pizza,発表日：2025年4月9日
うえんで,福島県会津若松市大戸町上三寄大豆田11-3,食べログ 百名店: 2025 / ラーメン EAST,https://tabelog.com/fukushima/A0705/A070501/7001697/,https://yoyaku.tabelog.com/yoyaku/tabelog_booking/send_remind/,https://www.google.com/maps/search/?api=1&query=%E3%81%86%E3%81%88%E3%82%93%E3%81%A7%20%E7%A6%8F%E5%B3%B6%E7%9C%8C%E4%BC%9A%E6%B4%A5%E8%8B%A5%E6%9D%BE%E5%B8%82%E5%A4%A7%E6%88%B8%E7%94%BA%E4%B8%8A%E4%B8%89%E5%AF%84%E5%A4%A7%E8%B1%86%E7%94%B011-3,37.3948346,139.9343038,2025,ラーメン EAST,ramen_east,発表日：2025年12月2日
らーめん空 新千歳空港店,北海道千歳市美々987-22 新千歳空港国内線旅客ターミナルビル 3F,食べログ 百名店: 2025 / ラーメン HOKKAIDO,https://tabelog.com/hokkaido/A0107/A010701/1047747/,https://yoyaku.tabelog.com/yoyaku/tabelog_booking/send_remind/,https://www.google.com/maps/search/?api=1&query=%E3%82%89%E3%83%BC%E3%82%81%E3%82%93%E7%A9%BA%20%E6%96%B0%E5%8D%83%E6%AD%B3%E7%A9%BA%E6%B8%AF%E5%BA%97%20%E5%8C%97%E6%B5%B7%E9%81%93%E5%8D%83%E6%AD%B3%E5%B8%82%E7%BE%8E%E3%80%85987-22%20%E6%96%B0%E5%8D%83%E6%AD%B3%E7%A9%BA%E6%B8%AF%E5%9B%BD%E5%86%85%E7%B7%9A%E6%97%85%E5%AE%A2%E3%82%BF%E3%83%BC%E3%83%9F%E3%83%8A%E3%83%AB%E3%83%93%E3%83%AB%203F,42.7878633,141.6803157,2025,ラーメン HOKKAIDO,ramen_hokkaido,発表日：2025年12月2日
ラーメン櫻島 本店,北海道札幌市西区西野四条3丁目1-38,食べログ 百名店: 2025 / ラーメン HOKKAIDO,https://tabelog.com/hokkaido/A0101/A010204/1000337/,https://yoyaku.tabelog.com/yoyaku/tabelog_booking/send_remind/,https://www.google.com/maps/search/?api=1&query=%E3%83%A9%E3%83%BC%E3%83%A1%E3%83%B3%E6%AB%BB%E5%B3%B6%20%E6%9C%AC%E5%BA%97%20%E5%8C%97%E6%B5%B7%E9%81%93%E6%9C%AD%E5%B9%8C%E5%B8%82%E8%A5%BF%E5%8C%BA%E8%A5%BF%E9%87%8E%E5%9B%9B%E6%9D%A13%E4%B8%81%E7%9B%AE1-38,43.0729232,141.2802649,2025,ラーメン HOKKAIDO,ramen_hokkaido,発表日：2025年12月2日
麺処 玖,北海道札幌市豊平区月寒東5条8-2-8 三上コーポ 1F,食べログ 百名店: 2025 / ラーメン HOKKAIDO,https://tabelog.com/hokkaido/A0101/A010303/1069008/,https://yoyaku.tabelog.com/yoyaku/tabelog_booking/send_remind/,https://www.google.com/maps/search/?api=1&query=%E9%BA%BA%E5%87%A6%20%E7%8E%96%20%E5%8C%97%E6%B5%B7%E9%81%93%E6%9C%AD%E5%B9%8C%E5%B8%82%E8%B1%8A%E5%B9%B3%E5%8C%BA%E6%9C%88%E5%AF%92%E6%9D%B15%E6%9D%A18-2-8%20%E4%B8%89%E4%B8%8A%E3%82%B3%E3%83%BC%E3%83%9D%201F,43.0354778,141.4095244,2025,ラーメン HOKKAIDO,ramen_hokkaido,発表日：2025年12月2日
ラーメン専門 ひまわり,北海道旭川市大雪通3丁目491-1 特一ビル 1F,食べログ 百名店: 2025 / ラーメン HOKKAIDO,https://tabelog.com/hokkaido/A0104/A010401/1002587/,https://yoyaku.tabelog.com/yoyaku/tabelog_booking/send_remind/,https://www.google.com/maps/search/?api=1&query=%E3%83%A9%E3%83%BC%E3%83%A1%E3%83%B3%E5%B0%82%E9%96%80%20%E3%81%B2%E3%81%BE%E3%82%8F%E3%82%8A%20%E5%8C%97%E6%B5%B7%E9%81%93%E6%97%AD%E5%B7%9D%E5%B8%82%E5%A4%A7%E9%9B%AA%E9%80%9A3%E4%B8%81%E7%9B%AE491-1%20%E7%89%B9%E4%B8%80%E3%83%93%E3%83%AB%201F,43.7768276,142.3851685,2025,ラーメン HOKKAIDO,ramen_hokkaido,発表日：2025年12月2日
斗香庵 SHINKOTONI,北海道札幌市北区新琴似8条14-3-1 ヤマキヨビル 1F,食べログ 百名店: 2025 / ラーメン HOKKAIDO,https://tabelog.com/hokkaido/A0101/A010201/1069358/,https://yoyaku.tabelog.com/yoyaku/tabelog_booking/send_remind/,https://www.google.com/maps/search/?api=1&query=%E6%96%97%E9%A6%99%E5%BA%B5%20SHINKOTONI%20%E5%8C%97%E6%B5%B7%E9%81%93%E6%9C%AD%E5%B9%8C%E5%B8%82%E5%8C%97%E5%8C%BA%E6%96%B0%E7%90%B4%E4%BC%BC8%E6%9D%A114-3-1%20%E3%83%A4%E3%83%9E%E3%82%AD%E3%83%A8%E3%83%93%E3%83%AB%201F,43.1229484,141.3138221,2025,ラーメン HOKKAIDO,ramen_hokkaido,発表日：2025年12月2日
コクミンショクドウ,北海道札幌市北区太平4条3丁目3-3 ノースリバービル 1F,食べログ 百名店: 2025 / ラーメン HOKKAIDO,https://tabelog.com/hokkaido/A0101/A010201/1041032/,https://yoyaku.tabelog.com/yoyaku/tabelog_booking/send_remind/,https://www.google.com/maps/search/?api=1&query=%E3%82%B3%E3%82%AF%E3%83%9F%E3%83%B3%E3%82%B7%E3%83%A7%E3%82%AF%E3%83%89%E3%82%A6%20%E5%8C%97%E6%B5%B7%E9%81%93%E6%9C%AD%E5%B9%8C%E5%B8%82%E5%8C%97%E5%8C%BA%E5%A4%AA%E5%B9%B34%E6%9D%A13%E4%B8%81%E7%9B%AE3-3%20%E3%83%8E%E3%83%BC%E3%82%B9%E3%83%AA%E3%83%90%E3%83%BC%E3%83%93%E3%83%AB%201F,43.1288081,141.3489778,2025,ラーメン HOKKAIDO,ramen_hokkaido,発表日：2025年12月2日
あじさい 新千歳空港店,北海道千歳市美々987 新千歳空港 国内線ターミナルビル 3F 北海道ラーメン道場内,食べログ 百名店: 2025 / ラーメン HOKKAIDO,https://tabelog.com/hokkaido/A0107/A010701/1000368/,https://yoyaku.tabelog.com/yoyaku/tabelog_booking/send_remind/,https://www.google.com/maps/search/?api=1&query=%E3%81%82%E3%81%98%E3%81%95%E3%81%84%20%E6%96%B0%E5%8D%83%E6%AD%B3%E7%A9%BA%E6%B8%AF%E5%BA%97%20%E5%8C%97%E6%B5%B7%E9%81%93%E5%8D%83%E6%AD%B3%E5%B8%82%E7%BE%8E%E3%80%85987%20%E6%96%B0%E5%8D%83%E6%AD%B3%E7%A9%BA%E6%B8%AF%20%E5%9B%BD%E5%86%85%E7%B7%9A%E3%82%BF%E3%83%BC%E3%83%9F%E3%83%8A%E3%83%AB%E3%83%93%E3%83%AB%203F%20%E5%8C%97%E6%B5%B7%E9%81%93%E3%83%A9%E3%83%BC%E3%83%A1%E3%83%B3%E9%81%93%E5%A0%B4%E5%86%85,42.7878041,141.6804568,2025,ラーメン HOKKAIDO,ramen_hokkaido,発表日：2025年12月2日
味特 本店,北海道旭川市3条通7丁目右3号,食べログ 百名店: 2025 / ラーメン HOKKAIDO,https://tabelog.com/hokkaido/A0104/A010401/1004362/,https://yoyaku.tabelog.com/yoyaku/tabelog_booking/send_remind/,https://www.google.com/maps/search/?api=1&query=%E5%91%B3%E7%89%B9%20%E6%9C%AC%E5%BA%97%20%E5%8C%97%E6%B5%B7%E9%81%93%E6%97%AD%E5%B7%9D%E5%B8%823%E6%9D%A1%E9%80%9A7%E4%B8%81%E7%9B%AE%E5%8F%B33%E5%8F%B7,43.7676439,142.3591073,2025,ラーメン HOKKAIDO,ramen_hokkaido,発表日：2025年12月2日
手打蕎麦かとう,秋田県秋田市中通3-4-60,食べログ 百名店: 2025 / そば EAST,https://tabelog.com/akita/A0501/A050101/5007255/,https://yoyaku.tabelog.com/yoyaku/tabelog_booking/send_remind/,https://www.google.com/maps/search/?api=1&query=%E6%89%8B%E6%89%93%E8%95%8E%E9%BA%A6%E3%81%8B%E3%81%A8%E3%81%86%20%E7%A7%8B%E7%94%B0%E7%9C%8C%E7%A7%8B%E7%94%B0%E5%B8%82%E4%B8%AD%E9%80%9A3-4-60,39.7161546,140.1207679,2025,そば EAST,soba_east,発表日：2025年7月23日
いな穂,秋田県北秋田市材木町6-41,食べログ 百名店: 2025 / そば EAST,https://tabelog.com/akita/A0502/A050202/5007367/,https://yoyaku.tabelog.com/yoyaku/tabelog_booking/send_remind/,https://www.google.com/maps/search/?api=1&query=%E3%81%84%E3%81%AA%E7%A9%82%20%E7%A7%8B%E7%94%B0%E7%9C%8C%E5%8C%97%E7%A7%8B%E7%94%B0%E5%B8%82%E6%9D%90%E6%9C%A8%E7%94%BA6-41,40.2311132,140.3713051,2025,そば EAST,soba_east,発表日：2025年7月23日
鉄板焼 石狩,北海道札幌市中央区北三条西1 ANAクラウンプラザホテル札幌 26F,食べログ 百名店: 2025 / ステーキ・鉄板焼き EAST,https://tabelog.com/hokkaido/A0101/A010101/1004828/,https://tabelog.com/hokkaido/A0101/A010101/1004828/?cid=google_yoyaku,https://www.google.com/maps/search/?api=1&query=%E9%89%84%E6%9D%BF%E7%84%BC%20%E7%9F%B3%E7%8B%A9%20%E5%8C%97%E6%B5%B7%E9%81%93%E6%9C%AD%E5%B9%8C%E5%B8%82%E4%B8%AD%E5%A4%AE%E5%8C%BA%E5%8C%97%E4%B8%89%E6%9D%A1%E8%A5%BF1%20ANA%E3%82%AF%E3%83%A9%E3%82%A6%E3%83%B3%E3%83%97%E3%83%A9%E3%82%B6%E3%83%9B%E3%83%86%E3%83%AB%E6%9C%AD%E5%B9%8C%2026F,43.0656087,141.3551896,2025,ステーキ・鉄板焼き EAST,steak_east,発表日：2025年8月19日
仙台牛と和風個室 すていき小次郎,宮城県仙台市青葉区立町15-3,食べログ 百名店: 2025 / ステーキ・鉄板焼き EAST,https://tabelog.com/miyagi/A0401/A040101/4000805/,https://tabelog.com/miyagi/A0401/A040101/4000805/?cid=google_yoyaku,https://www.google.com/maps/search/?api=1&query=%E4%BB%99%E5%8F%B0%E7%89%9B%E3%81%A8%E5%92%8C%E9%A2%A8%E5%80%8B%E5%AE%A4%20%E3%81%99%E3%81%A6%E3%81%84%E3%81%8D%E5%B0%8F%E6%AC%A1%E9%83%8E%20%E5%AE%AE%E5%9F%8E%E7%9C%8C%E4%BB%99%E5%8F%B0%E5%B8%82%E9%9D%92%E8%91%89%E5%8C%BA%E7%AB%8B%E7%94%BA15-3,38.2634404,140.8669067,2025,ステーキ・鉄板焼き EAST,steak_east,発表日：2025年8月19日
ステーキ・鉄板料理 和かな 盛岡本店,岩手県盛岡市大沢川原1-3-33,食べログ 百名店: 2025 / ステーキ・鉄板焼き EAST,https://tabelog.com/iwate/A0301/A030101/3000116/,https://yoyaku.tabelog.com/yoyaku/tabelog_booking/send_remind/,https://www.google.com/maps/search/?api=1&query=%E3%82%B9%E3%83%86%E3%83%BC%E3%82%AD%E3%83%BB%E9%89%84%E6%9D%BF%E6%96%99%E7%90%86%20%E5%92%8C%E3%81%8B%E3%81%AA%20%E7%9B%9B%E5%B2%A1%E6%9C%AC%E5%BA%97%20%E5%B2%A9%E6%89%8B%E7%9C%8C%E7%9B%9B%E5%B2%A1%E5%B8%82%E5%A4%A7%E6%B2%A2%E5%B7%9D%E5%8E%9F1-3-33,39.6998379,141.1483888,2025,ステーキ・鉄板焼き EAST,steak_east,発表日：2025年8月19日
鮨 小じま,秋田県秋田市山王1-8-13,食べログ 百名店: 2025 / 寿司 EAST,https://tabelog.com/akita/A0501/A050101/5010619/,https://yoyaku.tabelog.com/yoyaku/tabelog_booking/send_remind/,https://www.google.com/maps/search/?api=1&query=%E9%AE%A8%20%E5%B0%8F%E3%81%98%E3%81%BE%20%E7%A7%8B%E7%94%B0%E7%9C%8C%E7%A7%8B%E7%94%B0%E5%B8%82%E5%B1%B1%E7%8E%8B1-8-13,39.7224163,140.1025789,2025,寿司 EAST,sushi_east,発表日：2025年2月26日
東雲,北海道札幌市中央区南1条西22-2-15 シーズンビル 2F,食べログ 百名店: 2025 / 寿司 EAST,https://tabelog.com/hokkaido/A0101/A010105/1053675/,https://tabelog.com/hokkaido/A0101/A010105/1053675/?cid=google_yoyaku,https://www.google.com/maps/search/?api=1&query=%E6%9D%B1%E9%9B%B2%20%E5%8C%97%E6%B5%B7%E9%81%93%E6%9C%AD%E5%B9%8C%E5%B8%82%E4%B8%AD%E5%A4%AE%E5%8C%BA%E5%8D%971%E6%9D%A1%E8%A5%BF22-2-15%20%E3%82%B7%E3%83%BC%E3%82%BA%E3%83%B3%E3%83%93%E3%83%AB%202F,43.0556325,141.3234896,2025,寿司 EAST,sushi_east,発表日：2025年2月26日
鮨 草平,北海道札幌市中央区南2条西28-1-10 エビスビル 1F,食べログ 百名店: 2025 / 寿司 EAST,https://tabelog.com/hokkaido/A0101/A010105/1071934/,https://yoyaku.tabelog.com/yoyaku/tabelog_booking/send_remind/,https://www.google.com/maps/search/?api=1&query=%E9%AE%A8%20%E8%8D%89%E5%B9%B3%20%E5%8C%97%E6%B5%B7%E9%81%93%E6%9C%AD%E5%B9%8C%E5%B8%82%E4%B8%AD%E5%A4%AE%E5%8C%BA%E5%8D%972%E6%9D%A1%E8%A5%BF28-1-10%20%E3%82%A8%E3%83%93%E3%82%B9%E3%83%93%E3%83%AB%201F,43.0533274,141.3160865,2025,寿司 EAST,sushi_east,発表日：2025年2月26日
鮨德,宮城県仙台市青葉区春日町5-16 シエロ春日町 2F,食べログ 百名店: 2025 / 寿司 EAST,https://tabelog.com/miyagi/A0401/A040101/4025745/,https://yoyaku.tabelog.com/yoyaku/tabelog_booking/send_remind/,https://www.google.com/maps/search/?api=1&query=%E9%AE%A8%E5%BE%B7%20%E5%AE%AE%E5%9F%8E%E7%9C%8C%E4%BB%99%E5%8F%B0%E5%B8%82%E9%9D%92%E8%91%89%E5%8C%BA%E6%98%A5%E6%97%A5%E7%94%BA5-16%20%E3%82%B7%E3%82%A8%E3%83%AD%E6%98%A5%E6%97%A5%E7%94%BA%202F,38.2660421,140.8645647,2025,寿司 EAST,sushi_east,発表日：2025年2月26日
鮨 しょう太,北海道札幌市中央区北1条西3-3-14 敷島プラザビル別館 B1F,食べログ 百名店: 2025 / 寿司 EAST,https://tabelog.com/hokkaido/A0101/A010102/1073448/,https://yoyaku.tabelog.com/yoyaku/tabelog_booking/send_remind/,https://www.google.com/maps/search/?api=1&query=%E9%AE%A8%20%E3%81%97%E3%82%87%E3%81%86%E5%A4%AA%20%E5%8C%97%E6%B5%B7%E9%81%93%E6%9C%AD%E5%B9%8C%E5%B8%82%E4%B8%AD%E5%A4%AE%E5%8C%BA%E5%8C%971%E6%9D%A1%E8%A5%BF3-3-14%20%E6%95%B7%E5%B3%B6%E3%83%97%E3%83%A9%E3%82%B6%E3%83%93%E3%83%AB%E5%88%A5%E9%A4%A8%20B1F,43.0625744,141.3521812,2025,寿司 EAST,sushi_east,発表日：2025年2月26日
すし 開,北海道札幌市中央区南1条西24-1-30 円山OCTビル 1F,食べログ 百名店: 2025 / 寿司 EAST,https://tabelog.com/hokkaido/A0101/A010105/1073555/,https://yoyaku.tabelog.com/yoyaku/tabelog_booking/send_remind/,https://www.google.com/maps/search/?api=1&query=%E3%81%99%E3%81%97%20%E9%96%8B%20%E5%8C%97%E6%B5%B7%E9%81%93%E6%9C%AD%E5%B9%8C%E5%B8%82%E4%B8%AD%E5%A4%AE%E5%8C%BA%E5%8D%971%E6%9D%A1%E8%A5%BF24-1-30%20%E5%86%86%E5%B1%B1OCT%E3%83%93%E3%83%AB%201F,43.0557565,141.3212401,2025,寿司 EAST,sushi_east,発表日：2025年2月26日
氏金寿司,宮城県登米市迫町佐沼字錦27,食べログ 百名店: 2025 / 寿司 EAST,https://tabelog.com/miyagi/A0403/A040303/4008600/,https://yoyaku.tabelog.com/yoyaku/tabelog_booking/send_remind/,https://www.google.com/maps/search/?api=1&query=%E6%B0%8F%E9%87%91%E5%AF%BF%E5%8F%B8%20%E5%AE%AE%E5%9F%8E%E7%9C%8C%E7%99%BB%E7%B1%B3%E5%B8%82%E8%BF%AB%E7%94%BA%E4%BD%90%E6%B2%BC%E5%AD%97%E9%8C%A627,38.6884071,141.1999350,2025,寿司 EAST,sushi_east,発表日：2025年2月26日
鮨棗 本店,北海道札幌市中央区南四条西5丁目 第4藤井ビル　７Ｆ,食べログ 百名店: 2025 / 寿司 EAST,https://tabelog.com/hokkaido/A0101/A010103/1029733/,https://tabelog.com/hokkaido/A0101/A010103/1029733/?cid=google_yoyaku,https://www.google.com/maps/search/?api=1&query=%E9%AE%A8%E6%A3%97%20%E6%9C%AC%E5%BA%97%20%E5%8C%97%E6%B5%B7%E9%81%93%E6%9C%AD%E5%B9%8C%E5%B8%82%E4%B8%AD%E5%A4%AE%E5%8C%BA%E5%8D%97%E5%9B%9B%E6%9D%A1%E8%A5%BF5%E4%B8%81%E7%9B%AE%20%E7%AC%AC4%E8%97%A4%E4%BA%95%E3%83%93%E3%83%AB%E3%80%80%EF%BC%97%EF%BC%A6,43.0555692,141.3503060,2025,寿司 EAST,sushi_east,発表日：2025年2月26日
鮨処 美な味,北海道函館市末広町9-5,食べログ 百名店: 2025 / 寿司 EAST,https://tabelog.com/hokkaido/A0105/A010501/1005718/,https://yoyaku.tabelog.com/yoyaku/tabelog_booking/send_remind/,https://www.google.com/maps/search/?api=1&query=%E9%AE%A8%E5%87%A6%20%E7%BE%8E%E3%81%AA%E5%91%B3%20%E5%8C%97%E6%B5%B7%E9%81%93%E5%87%BD%E9%A4%A8%E5%B8%82%E6%9C%AB%E5%BA%83%E7%94%BA9-5,41.7646645,140.7180244,2025,寿司 EAST,sushi_east,発表日：2025年2月26日
すし宮川,北海道札幌市中央区北四条西25-2-2 リヒトラーレ円山 1F,食べログ 百名店: 2025 / 寿司 EAST,https://tabelog.com/hokkaido/A0101/A010105/1073214/,https://yoyaku.tabelog.com/yoyaku/tabelog_booking/send_remind/,https://www.google.com/maps/search/?api=1&query=%E3%81%99%E3%81%97%E5%AE%AE%E5%B7%9D%20%E5%8C%97%E6%B5%B7%E9%81%93%E6%9C%AD%E5%B9%8C%E5%B8%82%E4%B8%AD%E5%A4%AE%E5%8C%BA%E5%8C%97%E5%9B%9B%E6%9D%A1%E8%A5%BF25-2-2%20%E3%83%AA%E3%83%92%E3%83%88%E3%83%A9%E3%83%BC%E3%83%AC%E5%86%86%E5%B1%B1%201F,43.0621324,141.3176202,2025,寿司 EAST,sushi_east,発表日：2025年2月26日
立ち飲み 円,山形県山形市香澄町1-6-1,食べログ 百名店: 2025 / 立ち飲み,https://tabelog.com/yamagata/A0601/A060101/6010930/,https://yoyaku.tabelog.com/yoyaku/tabelog_booking/send_remind/,https://www.google.com/maps/search/?api=1&query=%E7%AB%8B%E3%81%A1%E9%A3%B2%E3%81%BF%20%E5%86%86%20%E5%B1%B1%E5%BD%A2%E7%9C%8C%E5%B1%B1%E5%BD%A2%E5%B8%82%E9%A6%99%E6%BE%84%E7%94%BA1-6-1,38.2483238,140.3300640,2025,立ち飲み,tachinomi,発表日：2025年9月17日
あきたくらす,秋田県秋田市中通7-1-2 秋田駅ビル トピコ 2F,食べログ 百名店: 2025 / 立ち飲み,https://tabelog.com/akita/A0501/A050101/5008033/,https://yoyaku.tabelog.com/yoyaku/tabelog_booking/send_remind/,https://www.google.com/maps/search/?api=1&query=%E3%81%82%E3%81%8D%E3%81%9F%E3%81%8F%E3%82%89%E3%81%99%20%E7%A7%8B%E7%94%B0%E7%9C%8C%E7%A7%8B%E7%94%B0%E5%B8%82%E4%B8%AD%E9%80%9A7-1-2%20%E7%A7%8B%E7%94%B0%E9%A7%85%E3%83%93%E3%83%AB%20%E3%83%88%E3%83%94%E3%82%B3%202F,39.7168252,140.1293271,2025,立ち飲み,tachinomi,発表日：2025年9月17日
天ぷら 正心庵,秋田県湯沢市稲庭町字稲庭81,食べログ 百名店: 2025 / 天ぷら,https://tabelog.com/akita/A0505/A050502/5008667/,https://yoyaku.tabelog.com/yoyaku/tabelog_booking/send_remind/,https://www.google.com/maps/search/?api=1&query=%E5%A4%A9%E3%81%B7%E3%82%89%20%E6%AD%A3%E5%BF%83%E5%BA%B5%20%E7%A7%8B%E7%94%B0%E7%9C%8C%E6%B9%AF%E6%B2%A2%E5%B8%82%E7%A8%B2%E5%BA%AD%E7%94%BA%E5%AD%97%E7%A8%B2%E5%BA%AD81,39.1070260,140.5829306,2025,天ぷら,tempura,発表日：2025年3月11日
秋田比内や 大館本店,秋田県大館市字大町21,食べログ 百名店: 2025 / 鳥料理,https://tabelog.com/akita/A0502/A050201/5000030/,https://yoyaku.tabelog.com/yoyaku/tabelog_booking/send_remind/,https://www.google.com/maps/search/?api=1&query=%E7%A7%8B%E7%94%B0%E6%AF%94%E5%86%85%E3%82%84%20%E5%A4%A7%E9%A4%A8%E6%9C%AC%E5%BA%97%20%E7%A7%8B%E7%94%B0%E7%9C%8C%E5%A4%A7%E9%A4%A8%E5%B8%82%E5%AD%97%E5%A4%A7%E7%94%BA21,40.2707218,140.5593424,2025,鳥料理,toriryori,発表日：2025年10月28日
るこっく,北海道札幌市中央区南4条西1-4,食べログ 百名店: 2025 / 鳥料理,https://tabelog.com/hokkaido/A0101/A010103/1044227/,https://yoyaku.tabelog.com/yoyaku/tabelog_booking/send_remind/,https://www.google.com/maps/search/?api=1&query=%E3%82%8B%E3%81%93%E3%81%A3%E3%81%8F%20%E5%8C%97%E6%B5%B7%E9%81%93%E6%9C%AD%E5%B9%8C%E5%B8%82%E4%B8%AD%E5%A4%AE%E5%8C%BA%E5%8D%974%E6%9D%A1%E8%A5%BF1-4,43.0564793,141.3570760,2025,鳥料理,toriryori,発表日：2025年10月28日
河島,山形県山形市七日町3-2-25 北斗ビル　１Ｆ,食べログ 百名店: 2025 / 鳥料理,https://tabelog.com/yamagata/A0601/A060101/6000145/,https://yoyaku.tabelog.com/yoyaku/tabelog_booking/send_remind/,https://www.google.com/maps/search/?api=1&query=%E6%B2%B3%E5%B3%B6%20%E5%B1%B1%E5%BD%A2%E7%9C%8C%E5%B1%B1%E5%BD%A2%E5%B8%82%E4%B8%83%E6%97%A5%E7%94%BA3-2-25%20%E5%8C%97%E6%96%97%E3%83%93%E3%83%AB%E3%80%80%EF%BC%91%EF%BC%A6,38.2537168,140.3412401,2025,鳥料理,toriryori,発表日：2025年10月28日
やまさ和,北海道札幌市中央区南1条西12-4-85,食べログ 百名店: 2025 / 鳥料理,https://tabelog.com/hokkaido/A0101/A010102/1069668/,https://tabelog.com/hokkaido/A0101/A010102/1069668/?cid=google_yoyaku,https://www.google.com/maps/search/?api=1&query=%E3%82%84%E3%81%BE%E3%81%95%E5%92%8C%20%E5%8C%97%E6%B5%B7%E9%81%93%E6%9C%AD%E5%B9%8C%E5%B8%82%E4%B8%AD%E5%A4%AE%E5%8C%BA%E5%8D%971%E6%9D%A1%E8%A5%BF12-4-85,43.0573363,141.3392777,2025,鳥料理,toriryori,発表日：2025年10月28日
とぶ,秋田県横手市大町5-33 桧山ビル 1F,食べログ 百名店: 2025 / 鳥料理,https://tabelog.com/akita/A0505/A050501/5006730/,https://yoyaku.tabelog.com/yoyaku/tabelog_booking/send_remind/,https://www.google.com/maps/search/?api=1&query=%E3%81%A8%E3%81%B6%20%E7%A7%8B%E7%94%B0%E7%9C%8C%E6%A8%AA%E6%89%8B%E5%B8%82%E5%A4%A7%E7%94%BA5-33%20%E6%A1%A7%E5%B1%B1%E3%83%93%E3%83%AB%201F,39.3146186,140.5680325,2025,鳥料理,toriryori,発表日：2025年10月28日
小野木,北海道旭川市東旭川北一条6-10-27,食べログ 百名店: 2025 / 鳥料理,https://tabelog.com/hokkaido/A0104/A010401/1000796/,https://yoyaku.tabelog.com/yoyaku/tabelog_booking/send_remind/,https://www.google.com/maps/search/?api=1&query=%E5%B0%8F%E9%87%8E%E6%9C%A8%20%E5%8C%97%E6%B5%B7%E9%81%93%E6%97%AD%E5%B7%9D%E5%B8%82%E6%9D%B1%E6%97%AD%E5%B7%9D%E5%8C%97%E4%B8%80%E6%9D%A16-10-27,43.7708041,142.4434476,2025,鳥料理,toriryori,発表日：2025年10月28日
炭火焼肉生ホルモン処 しょうちゃん,秋田県秋田市大町5-2-7 1F,食べログ 百名店: 2025 / 焼肉 EAST,https://tabelog.com/akita/A0501/A050101/5009470/,https://yoyaku.tabelog.com/yoyaku/tabelog_booking/send_remind/,https://www.google.com/maps/search/?api=1&query=%E7%82%AD%E7%81%AB%E7%84%BC%E8%82%89%E7%94%9F%E3%83%9B%E3%83%AB%E3%83%A2%E3%83%B3%E5%87%A6%20%E3%81%97%E3%82%87%E3%81%86%E3%81%A1%E3%82%83%E3%82%93%20%E7%A7%8B%E7%94%B0%E7%9C%8C%E7%A7%8B%E7%94%B0%E5%B8%82%E5%A4%A7%E7%94%BA5-2-7%201F,39.7148168,140.1161891,2025,焼肉 EAST,yakiniku_east,発表日：2025年10月15日
焼肉名匠 山牛 山形店,山形県山形市旅籠町1-8-15,食べログ 百名店: 2025 / 焼肉 EAST,https://tabelog.com/yamagata/A0601/A060101/6009409/,https://yoyaku.tabelog.com/yoyaku/tabelog_booking/send_remind/,https://www.google.com/maps/search/?api=1&query=%E7%84%BC%E8%82%89%E5%90%8D%E5%8C%A0%20%E5%B1%B1%E7%89%9B%20%E5%B1%B1%E5%BD%A2%E5%BA%97%20%E5%B1%B1%E5%BD%A2%E7%9C%8C%E5%B1%B1%E5%BD%A2%E5%B8%82%E6%97%85%E7%B1%A0%E7%94%BA1-8-15,38.2549098,140.3356764,2025,焼肉 EAST,yakiniku_east,発表日：2025年10月15日
炭火焼肉 ホルモン にく式,北海道札幌市北区北39条西5-1-8,食べログ 百名店: 2025 / 焼肉 EAST,https://tabelog.com/hokkaido/A0101/A010201/1060867/,https://tabelog.com/hokkaido/A0101/A010201/1060867/?cid=google_yoyaku,https://www.google.com/maps/search/?api=1&query=%E7%82%AD%E7%81%AB%E7%84%BC%E8%82%89%20%E3%83%9B%E3%83%AB%E3%83%A2%E3%83%B3%20%E3%81%AB%E3%81%8F%E5%BC%8F%20%E5%8C%97%E6%B5%B7%E9%81%93%E6%9C%AD%E5%B9%8C%E5%B8%82%E5%8C%97%E5%8C%BA%E5%8C%9739%E6%9D%A1%E8%A5%BF5-1-8,43.1066831,141.3381388,2025,焼肉 EAST,yakiniku_east,発表日：2025年10月15日
sou,宮城県仙台市青葉区一番町1-1-8 青葉パークビル B1F,食べログ 百名店: 2025 / 焼き鳥 EAST,https://tabelog.com/miyagi/A0401/A040101/4027171/,https://yoyaku.tabelog.com/yoyaku/tabelog_booking/send_remind/,https://www.google.com/maps/search/?api=1&query=sou%20%E5%AE%AE%E5%9F%8E%E7%9C%8C%E4%BB%99%E5%8F%B0%E5%B8%82%E9%9D%92%E8%91%89%E5%8C%BA%E4%B8%80%E7%95%AA%E7%94%BA1-1-8%20%E9%9D%92%E8%91%89%E3%83%91%E3%83%BC%E3%82%AF%E3%83%93%E3%83%AB%20B1F,38.2579175,140.8757621,2025,焼き鳥 EAST,yakitori_east,発表日：2025年11月11日
比内地鶏串 Sot l'y laisse,秋田県秋田市南通亀の町3-44 川原田ビル 1F,食べログ 百名店: 2025 / 焼き鳥 EAST,https://tabelog.com/akita/A0501/A050101/5010335/,https://yoyaku.tabelog.com/yoyaku/tabelog_booking/send_remind/,https://www.google.com/maps/search/?api=1&query=%E6%AF%94%E5%86%85%E5%9C%B0%E9%B6%8F%E4%B8%B2%20Sot%20l%27y%20laisse%20%E7%A7%8B%E7%94%B0%E7%9C%8C%E7%A7%8B%E7%94%B0%E5%B8%82%E5%8D%97%E9%80%9A%E4%BA%80%E3%81%AE%E7%94%BA3-44%20%E5%B7%9D%E5%8E%9F%E7%94%B0%E3%83%93%E3%83%AB%201F,39.7112223,140.1166032,2025,焼き鳥 EAST,yakitori_east,発表日：2025年11月11日
ビストロミカサ,福島県福島市置賜町5-10,食べログ 百名店: 2025 / 洋食 EAST,https://tabelog.com/fukushima/A0701/A070101/7005974/,https://yoyaku.tabelog.com/yoyaku/tabelog_booking/send_remind/,https://www.google.com/maps/search/?api=1&query=%E3%83%93%E3%82%B9%E3%83%88%E3%83%AD%E3%83%9F%E3%82%AB%E3%82%B5%20%E7%A6%8F%E5%B3%B6%E7%9C%8C%E7%A6%8F%E5%B3%B6%E5%B8%82%E7%BD%AE%E8%B3%9C%E7%94%BA5-10,37.7560278,140.4640722,2025,洋食 EAST,yoshoku_east,発表日：2025年6月24日
手作りハンバーグ工房Toshi,北海道札幌市中央区南一条西2-5 南一条Ｋビル　Ｂ１Ｆ,食べログ 百名店: 2025 / 洋食 EAST,https://tabelog.com/hokkaido/A0101/A010102/1009680/,https://yoyaku.tabelog.com/yoyaku/tabelog_booking/send_remind/,https://www.google.com/maps/search/?api=1&query=%E6%89%8B%E4%BD%9C%E3%82%8A%E3%83%8F%E3%83%B3%E3%83%90%E3%83%BC%E3%82%B0%E5%B7%A5%E6%88%BFToshi%20%E5%8C%97%E6%B5%B7%E9%81%93%E6%9C%AD%E5%B9%8C%E5%B8%82%E4%B8%AD%E5%A4%AE%E5%8C%BA%E5%8D%97%E4%B8%80%E6%9D%A1%E8%A5%BF2-5%20%E5%8D%97%E4%B8%80%E6%9D%A1%EF%BC%AB%E3%83%93%E3%83%AB%E3%80%80%EF%BC%A2%EF%BC%91%EF%BC%A6,43.0590723,141.3547975,2025,洋食 EAST,yoshoku_east,発表日：2025年6月24日
グゥー,宮城県仙台市青葉区一番町1-6-9 IBIZAビル 1F,食べログ 百名店: 2025 / 洋食 EAST,https://tabelog.com/miyagi/A0401/A040101/4010873/,https://yoyaku.tabelog.com/yoyaku/tabelog_booking/send_remind/,https://www.google.com/maps/search/?api=1&query=%E3%82%B0%E3%82%A5%E3%83%BC%20%E5%AE%AE%E5%9F%8E%E7%9C%8C%E4%BB%99%E5%8F%B0%E5%B8%82%E9%9D%92%E8%91%89%E5%8C%BA%E4%B8%80%E7%95%AA%E7%94%BA1-6-9%20IBIZA%E3%83%93%E3%83%AB%201F,38.2571203,140.8743157,2025,洋食 EAST,yoshoku_east,発表日：2025年6月24日
源氏,福島県郡山市駅前1-5-3 源氏ビル2F,食べログ 百名店: 2025 / 洋食 EAST,https://tabelog.com/fukushima/A0702/A070201/7001189/,https://yoyaku.tabelog.com/yoyaku/tabelog_booking/send_remind/,https://www.google.com/maps/search/?api=1&query=%E6%BA%90%E6%B0%8F%20%E7%A6%8F%E5%B3%B6%E7%9C%8C%E9%83%A1%E5%B1%B1%E5%B8%82%E9%A7%85%E5%89%8D1-5-3%20%E6%BA%90%E6%B0%8F%E3%83%93%E3%83%AB2F,37.3974835,140.3858832,2025,洋食 EAST,yoshoku_east,発表日：2025年6月24日
サラマンジェ・ヒロ,宮城県仙台市泉区実沢字中山北18-179,食べログ 百名店: 2025 / 洋食 EAST,https://tabelog.com/miyagi/A0401/A040104/4011797/,https://yoyaku.tabelog.com/yoyaku/tabelog_booking/send_remind/,https://www.google.com/maps/search/?api=1&query=%E3%82%B5%E3%83%A9%E3%83%9E%E3%83%B3%E3%82%B8%E3%82%A7%E3%83%BB%E3%83%92%E3%83%AD%20%E5%AE%AE%E5%9F%8E%E7%9C%8C%E4%BB%99%E5%8F%B0%E5%B8%82%E6%B3%89%E5%8C%BA%E5%AE%9F%E6%B2%A2%E5%AD%97%E4%B8%AD%E5%B1%B1%E5%8C%9718-179,38.3041415,140.8148089,2025,洋食 EAST,yoshoku_east,発表日：2025年6月24日
ステーキ＆ハンバーグ ひげ 札幌南5条本店,北海道札幌市中央区南5条西6丁目 第5桂和ビル 1F,食べログ 百名店: 2025 / 洋食 EAST,https://tabelog.com/hokkaido/A0101/A010103/1047150/,https://yoyaku.tabelog.com/yoyaku/tabelog_booking/send_remind/,https://www.google.com/maps/search/?api=1&query=%E3%82%B9%E3%83%86%E3%83%BC%E3%82%AD%EF%BC%86%E3%83%8F%E3%83%B3%E3%83%90%E3%83%BC%E3%82%B0%20%E3%81%B2%E3%81%92%20%E6%9C%AD%E5%B9%8C%E5%8D%975%E6%9D%A1%E6%9C%AC%E5%BA%97%20%E5%8C%97%E6%B5%B7%E9%81%93%E6%9C%AD%E5%B9%8C%E5%B8%82%E4%B8%AD%E5%A4%AE%E5%8C%BA%E5%8D%975%E6%9D%A1%E8%A5%BF6%E4%B8%81%E7%9B%AE%20%E7%AC%AC5%E6%A1%82%E5%92%8C%E3%83%93%E3%83%AB%201F,43.0541272,141.3501707,2025,洋食 EAST,yoshoku_east,発表日：2025年6月24日
洋食コノヨシ 清田区北野店,北海道札幌市清田区北野7条2-5-5 第2おおたビル 1F,食べログ 百名店: 2025 / 洋食 EAST,https://tabelog.com/hokkaido/A0101/A010301/1070618/,https://yoyaku.tabelog.com/yoyaku/tabelog_booking/send_remind/,https://www.google.com/maps/search/?api=1&query=%E6%B4%8B%E9%A3%9F%E3%82%B3%E3%83%8E%E3%83%A8%E3%82%B7%20%E6%B8%85%E7%94%B0%E5%8C%BA%E5%8C%97%E9%87%8E%E5%BA%97%20%E5%8C%97%E6%B5%B7%E9%81%93%E6%9C%AD%E5%B9%8C%E5%B8%82%E6%B8%85%E7%94%B0%E5%8C%BA%E5%8C%97%E9%87%8E7%E6%9D%A12-5-5%20%E7%AC%AC2%E3%81%8A%E3%81%8A%E3%81%9F%E3%83%93%E3%83%AB%201F,43.0245670,141.4372515,2025,洋食 EAST,yoshoku_east,発表日：2025年6月24日
ユニヴェール エス,北海道札幌市西区二十四軒4条5丁目10-18 ライオンズステーションプラザ琴似 1F,食べログ 百名店: 2025 / 洋食 EAST,https://tabelog.com/hokkaido/A0101/A010204/1060900/,https://tabelog.com/hokkaido/A0101/A010204/1060900/?cid=google_yoyaku,https://www.google.com/maps/search/?api=1&query=%E3%83%A6%E3%83%8B%E3%83%B4%E3%82%A7%E3%83%BC%E3%83%AB%20%E3%82%A8%E3%82%B9%20%E5%8C%97%E6%B5%B7%E9%81%93%E6%9C%AD%E5%B9%8C%E5%B8%82%E8%A5%BF%E5%8C%BA%E4%BA%8C%E5%8D%81%E5%9B%9B%E8%BB%924%E6%9D%A15%E4%B8%81%E7%9B%AE10-18%20%E3%83%A9%E3%82%A4%E3%82%AA%E3%83%B3%E3%82%BA%E3%82%B9%E3%83%86%E3%83%BC%E3%82%B7%E3%83%A7%E3%83%B3%E3%83%97%E3%83%A9%E3%82%B6%E7%90%B4%E4%BC%BC%201F,43.0744919,141.3048784,2025,洋食 EAST,yoshoku_east,発表日：2025年6月24日
とわいらいと,北海道札幌市清田区北野7条2丁目11-25,食べログ 百名店: 2025 / 洋食 EAST,https://tabelog.com/hokkaido/A0101/A010304/1005175/,https://yoyaku.tabelog.com/yoyaku/tabelog_booking/send_remind/,https://www.google.com/maps/search/?api=1&query=%E3%81%A8%E3%82%8F%E3%81%84%E3%82%89%E3%81%84%E3%81%A8%20%E5%8C%97%E6%B5%B7%E9%81%93%E6%9C%AD%E5%B9%8C%E5%B8%82%E6%B8%85%E7%94%B0%E5%8C%BA%E5%8C%97%E9%87%8E7%E6%9D%A12%E4%B8%81%E7%9B%AE11-25,43.0225297,141.4377933,2025,洋食 EAST,yoshoku_east,発表日：2025年6月24日
ポトフ,北海道札幌市清田区真栄五条2-2-22,食べログ 百名店: 2025 / 洋食 EAST,https://tabelog.com/hokkaido/A0101/A010304/1001222/,https://yoyaku.tabelog.com/yoyaku/tabelog_booking/send_remind/,https://www.google.com/maps/search/?api=1&query=%E3%83%9D%E3%83%88%E3%83%95%20%E5%8C%97%E6%B5%B7%E9%81%93%E6%9C%AD%E5%B9%8C%E5%B8%82%E6%B8%85%E7%94%B0%E5%8C%BA%E7%9C%9F%E6%A0%84%E4%BA%94%E6%9D%A12-2-22,42.9830427,141.4382513,2025,洋食 EAST,yoshoku_east,発表日：2025年6月24日
スープホリック,秋田県秋田市中通6-9-10,食べログ 百名店: 2025 / 洋食 EAST,https://tabelog.com/akita/A0501/A050101/5006901/,https://yoyaku.tabelog.com/yoyaku/tabelog_booking/send_remind/,https://www.google.com/maps/search/?api=1&query=%E3%82%B9%E3%83%BC%E3%83%97%E3%83%9B%E3%83%AA%E3%83%83%E3%82%AF%20%E7%A7%8B%E7%94%B0%E7%9C%8C%E7%A7%8B%E7%94%B0%E5%B8%82%E4%B8%AD%E9%80%9A6-9-10,39.7140653,140.1257363,2025,洋食 EAST,yoshoku_east,発表日：2025年6月24日
リンカーン,福島県福島市飯坂町平野原78,食べログ 百名店: 2025 / 洋食 EAST,https://tabelog.com/fukushima/A0701/A070101/7004651/,https://yoyaku.tabelog.com/yoyaku/tabelog_booking/send_remind/,https://www.google.com/maps/search/?api=1&query=%E3%83%AA%E3%83%B3%E3%82%AB%E3%83%BC%E3%83%B3%20%E7%A6%8F%E5%B3%B6%E7%9C%8C%E7%A6%8F%E5%B3%B6%E5%B8%82%E9%A3%AF%E5%9D%82%E7%94%BA%E5%B9%B3%E9%87%8E%E5%8E%9F78,37.8149694,140.4397081,2025,洋食 EAST,yoshoku_east,発表日：2025年6月24日
ノースコンチネント MACHI NO NAKA,北海道札幌市中央区南2条西1丁目 マリアールビルB1,食べログ 百名店: 2025 / 洋食 EAST,https://tabelog.com/hokkaido/A0101/A010102/1024277/,https://tabelog.com/hokkaido/A0101/A010102/1024277/?cid=google_yoyaku,https://www.google.com/maps/search/?api=1&query=%E3%83%8E%E3%83%BC%E3%82%B9%E3%82%B3%E3%83%B3%E3%83%81%E3%83%8D%E3%83%B3%E3%83%88%20MACHI%20NO%20NAKA%20%E5%8C%97%E6%B5%B7%E9%81%93%E6%9C%AD%E5%B9%8C%E5%B8%82%E4%B8%AD%E5%A4%AE%E5%8C%BA%E5%8D%972%E6%9D%A1%E8%A5%BF1%E4%B8%81%E7%9B%AE%20%E3%83%9E%E3%83%AA%E3%82%A2%E3%83%BC%E3%83%AB%E3%83%93%E3%83%ABB1,43.0580256,141.3562270,2025,洋食 EAST,yoshoku_east,発表日：2025年6月24日
